hour,zone_temp_C,zone_rh_pct,co2_ppm,occupancy_frac,hvac_power_kw,hvac_power_kw_na,lighting_kw,pmv,ppd_pct,ashrae55_ok,outdoor_temp_C,peak_demand_kw
0,22.15,61.3,420.0,0.15,156.0,119.03,0.95,-0.198,95.2,1,33.25,156.95
1,22.26,59.6,400.0,0.23,196.38,149.83,0.69,-0.096,95.1,1,34.93,197.07
2,23.88,62.2,412.0,0.23,234.0,178.54,0.18,0.505,93.0,1,36.23,234.18
3,24.6,58.4,415.0,0.1,266.31,203.19,0.4,0.437,93.3,1,37.07,266.71
4,23.64,61.7,410.0,0.11,291.1,222.11,0.09,0.468,93.2,1,37.38,291.19
5,24.26,57.9,417.0,0.0,306.68,234.0,0.0,0.581,92.6,1,37.15,306.69
6,25.09,56.3,400.0,0.03,312.0,238.06,0.92,0.11,94.6,1,36.39,312.92
7,24.76,53.3,400.0,0.08,306.68,234.0,0.97,0.418,93.4,1,35.15,307.66
8,24.62,49.5,999.0,1.0,378.43,288.74,10.92,0.373,93.6,1,33.52,389.35
9,23.73,47.9,999.0,1.0,346.2,264.15,10.25,0.55,92.8,1,31.6,356.46
10,23.98,44.5,984.0,1.0,304.2,232.1,10.62,-0.044,95.0,1,29.53,314.82
11,23.2,45.2,1007.0,1.0,255.29,194.79,10.5,0.34,93.8,1,27.45,265.79
12,22.08,41.2,1027.0,1.0,202.8,154.74,10.5,0.359,93.7,1,25.49,213.3
13,21.83,37.5,1036.0,1.0,255.29,194.79,10.43,-0.473,95.2,1,23.8,265.72
14,20.78,36.7,1042.0,1.0,304.2,232.1,10.94,-0.247,95.2,1,22.48,315.14
15,19.5,36.8,961.0,1.0,346.2,264.15,10.79,-0.254,95.2,1,21.63,356.99
16,19.64,42.3,965.0,1.0,378.43,288.74,10.85,-0.258,95.3,1,21.3,389.28
17,18.68,40.3,991.0,1.0,398.69,304.2,10.03,-0.916,94.3,0,21.52,408.72
18,19.5,45.2,1002.0,1.0,405.6,309.47,10.41,-0.432,95.3,1,22.26,416.01
19,19.15,47.2,400.0,0.21,306.68,234.0,0.6,-0.527,95.2,1,23.49,307.28
20,19.38,49.4,400.0,0.28,291.1,222.11,0.66,-0.49,95.2,1,25.11,291.76
21,19.61,53.0,400.0,0.19,266.31,203.19,0.89,0.06,94.7,1,27.01,267.2
22,21.19,54.9,414.0,0.23,234.0,178.54,0.17,-0.293,95.3,1,29.07,234.17
23,21.23,51.3,400.0,0.0,196.38,149.83,0.09,-0.039,95.0,1,31.14,196.47
24,21.87,57.8,470.0,0.23,156.0,119.03,0.89,-0.024,94.9,1,33.08,156.89
25,22.69,60.4,401.0,0.25,196.38,149.83,0.51,0.178,94.4,1,34.76,196.88
26,23.86,63.3,432.0,0.12,234.0,178.54,0.54,0.361,93.7,1,36.06,234.54
27,24.4,63.1,400.0,0.15,266.31,203.19,0.89,0.532,92.9,1,36.9,267.2
28,24.9,56.2,417.0,0.02,291.1,222.11,0.75,0.278,94.0,1,37.21,291.85
29,25.22,56.7,403.0,0.05,306.68,234.0,0.73,0.513,93.0,1,36.98,307.42
30,26.18,52.3,426.0,0.02,312.0,238.06,0.19,0.538,92.8,1,36.22,312.19
31,24.81,56.1,400.0,0.22,306.68,234.0,0.62,0.153,94.5,1,34.98,307.31
32,24.46,52.5,1047.0,1.0,378.43,288.74,10.45,0.242,94.2,1,33.35,388.88
33,23.83,48.6,955.0,1.0,346.2,264.15,10.61,0.532,92.9,1,31.43,356.81
34,23.93,45.7,1028.0,1.0,304.2,232.1,10.58,0.158,94.5,1,29.36,314.78
35,23.47,46.0,1004.0,1.0,255.29,194.79,10.03,0.652,92.2,1,27.27,265.31
36,22.07,44.0,969.0,1.0,202.8,154.74,10.34,0.193,94.4,1,25.32,213.14
37,20.94,42.8,1059.0,1.0,255.29,194.79,10.46,-0.039,95.0,1,23.63,265.75
38,20.22,40.9,1055.0,1.0,304.2,232.1,10.5,0.052,94.8,1,22.31,314.7
39,20.34,39.5,938.0,1.0,346.2,264.15,10.1,-0.199,95.2,1,21.46,356.3
40,19.92,42.6,1005.0,1.0,378.43,288.74,10.9,-0.396,95.3,1,21.13,389.33
41,19.52,44.2,1021.0,1.0,398.69,304.2,10.33,-0.766,94.7,0,21.35,409.02
42,18.82,44.2,1013.0,1.0,405.6,309.47,10.49,-0.367,95.3,1,22.09,416.09
43,19.37,46.3,445.0,0.06,306.68,234.0,0.66,-0.204,95.2,1,23.32,307.35
44,19.62,51.8,439.0,0.21,291.1,222.11,0.72,-0.552,95.2,1,24.94,291.82
45,20.15,55.5,408.0,0.3,266.31,203.19,0.38,-0.719,94.9,0,26.84,266.69
46,21.1,53.1,468.0,0.13,234.0,178.54,0.13,-0.464,95.2,1,28.9,234.13
47,21.5,56.2,428.0,0.17,196.38,149.83,0.21,0.222,94.2,1,30.96,196.58
48,22.51,59.1,400.0,0.09,156.0,119.03,0.17,0.016,94.9,1,32.9,156.17
49,22.99,60.5,400.0,0.25,196.38,149.83,0.24,0.421,93.4,1,34.58,196.62
50,23.82,58.9,437.0,0.03,234.0,178.54,0.6,0.254,94.1,1,35.89,234.6
51,24.62,63.5,400.0,0.17,266.31,203.19,0.54,0.254,94.1,1,36.72,266.84
52,24.06,59.7,400.0,0.18,291.1,222.11,0.17,0.86,90.8,0,37.04,291.27
53,24.93,58.5,400.0,0.0,306.68,234.0,0.68,0.409,93.5,1,36.81,307.37
54,24.96,58.9,411.0,0.28,312.0,238.06,0.06,0.45,93.3,1,36.05,312.06
55,24.78,52.1,400.0,0.29,306.68,234.0,0.91,0.575,92.6,1,34.81,307.59
56,24.66,50.3,960.0,1.0,378.43,288.74,10.57,0.375,93.6,1,33.17,389.0
57,25.07,45.4,1035.0,1.0,346.2,264.15,10.59,0.509,93.0,1,31.26,356.79
58,23.28,45.1,988.0,1.0,304.2,232.1,10.29,0.339,93.8,1,29.19,314.49
59,23.47,40.3,1061.0,1.0,255.29,194.79,10.51,0.227,94.2,1,27.1,265.8
60,21.37,43.1,1009.0,1.0,202.8,154.74,10.43,-0.123,95.1,1,25.15,213.23
61,21.27,41.3,1038.0,1.0,255.29,194.79,10.95,-0.462,95.2,1,23.46,266.24
62,20.8,39.5,1019.0,1.0,304.2,232.1,10.08,-0.416,95.3,1,22.14,314.28
63,20.4,40.0,1039.0,1.0,346.2,264.15,10.46,-0.502,95.2,1,21.29,356.66
64,19.99,42.6,1017.0,1.0,378.43,288.74,10.79,-0.374,95.3,1,20.96,389.22
65,19.73,40.3,1007.0,1.0,398.69,304.2,10.54,-0.646,95.0,1,21.17,409.23
66,19.06,45.0,1033.0,1.0,405.6,309.47,10.57,-0.793,94.7,0,21.92,416.17
67,19.11,48.4,475.0,0.06,306.68,234.0,0.91,-0.712,94.9,0,23.15,307.6
68,20.07,46.0,400.0,0.07,291.1,222.11,0.38,-0.355,95.3,1,24.76,291.48
69,20.03,53.5,424.0,0.12,266.31,203.19,0.0,-0.216,95.2,1,26.67,266.31
70,20.11,51.2,400.0,0.23,234.0,178.54,0.93,-0.351,95.3,1,28.72,234.93
71,20.91,56.5,415.0,0.25,196.38,149.83,0.03,-0.209,95.2,1,30.79,196.41
72,21.8,56.1,401.0,0.12,156.0,119.03,0.8,0.123,94.6,1,32.73,156.8
73,23.29,62.4,400.0,0.18,196.38,149.83,0.14,0.163,94.5,1,34.41,196.52
74,23.84,57.7,400.0,0.09,234.0,178.54,0.02,0.487,93.1,1,35.72,234.02
75,24.74,56.5,430.0,0.14,266.31,203.19,0.35,0.322,93.9,1,36.55,266.66
76,24.66,59.2,400.0,0.28,291.1,222.11,0.86,0.267,94.1,1,36.87,291.96
77,25.25,56.6,428.0,0.08,306.68,234.0,0.04,0.7,91.9,0,36.64,306.72
78,25.59,52.4,406.0,0.24,312.0,238.06,0.26,0.438,93.3,1,35.88,312.26
79,25.03,54.1,400.0,0.01,306.68,234.0,0.28,0.325,93.9,1,34.64,306.96
80,25.11,46.5,1027.0,1.0,378.43,288.74,10.09,0.612,92.4,1,33.0,388.52
81,24.08,45.8,1020.0,1.0,346.2,264.15,10.09,0.643,92.2,1,31.09,356.29
82,23.61,44.3,1013.0,1.0,304.2,232.1,10.91,0.287,94.0,1,29.02,315.11
83,22.88,44.9,1030.0,1.0,255.29,194.79,10.7,-0.071,95.0,1,26.93,265.98
84,21.7,44.2,1006.0,1.0,202.8,154.74,10.31,0.307,93.9,1,24.98,213.11
85,21.77,42.7,951.0,1.0,255.29,194.79,10.24,-0.054,95.0,1,23.28,265.53
86,20.57,39.7,989.0,1.0,304.2,232.1,10.04,-0.206,95.2,1,21.97,314.24
87,20.2,35.4,946.0,1.0,346.2,264.15,10.36,-0.434,95.3,1,21.11,356.56
88,19.96,41.9,1020.0,1.0,378.43,288.74,10.3,-0.207,95.2,1,20.79,388.73
89,19.64,45.5,1027.0,1.0,398.69,304.2,10.92,-0.705,94.9,0,21.0,409.61
90,19.66,47.1,1028.0,1.0,405.6,309.47,10.22,-0.741,94.8,0,21.75,415.82
91,19.38,47.9,415.0,0.12,306.68,234.0,0.41,-0.104,95.1,1,22.97,307.09
92,19.52,47.1,429.0,0.12,291.1,222.11,0.68,-0.605,95.1,1,24.59,291.78
93,20.17,51.1,400.0,0.05,266.31,203.19,0.32,-0.162,95.2,1,26.5,266.63
94,19.99,58.5,400.0,0.0,234.0,178.54,0.78,0.026,94.8,1,28.55,234.78
95,20.84,53.9,400.0,0.14,196.38,149.83,0.73,-0.087,95.1,1,30.62,197.1
96,21.68,56.1,400.0,0.25,156.0,119.03,0.04,-0.176,95.2,1,32.56,156.04
97,22.63,61.4,448.0,0.23,196.38,149.83,0.86,0.255,94.1,1,34.24,197.23
98,24.05,59.1,433.0,0.3,234.0,178.54,0.36,0.528,92.9,1,35.54,234.36
99,24.02,57.4,420.0,0.2,266.31,203.19,0.1,0.422,93.4,1,36.38,266.4
100,24.77,61.9,400.0,0.07,291.1,222.11,0.7,0.284,94.0,1,36.7,291.8
101,25.91,58.3,400.0,0.2,306.68,234.0,0.75,0.544,92.8,1,36.47,307.43
102,25.19,54.6,406.0,0.25,312.0,238.06,0.07,0.223,94.2,1,35.7,312.07
103,25.64,50.7,433.0,0.19,306.68,234.0,0.35,0.288,94.0,1,34.47,307.04
104,24.5,54.6,1012.0,1.0,378.43,288.74,10.9,0.381,93.6,1,32.83,389.33
105,24.39,47.8,952.0,1.0,346.2,264.15,10.67,0.366,93.7,1,30.91,356.87
106,23.4,48.2,1003.0,1.0,304.2,232.1,10.53,0.01,94.9,1,28.84,314.73
107,22.99,45.1,943.0,1.0,255.29,194.79,10.5,0.179,94.4,1,26.76,265.79
108,22.81,40.5,1024.0,1.0,202.8,154.74,10.61,0.104,94.6,1,24.81,213.41
109,20.75,39.4,979.0,1.0,255.29,194.79,10.65,-0.172,95.2,1,23.11,265.94
110,21.11,42.9,963.0,1.0,304.2,232.1,10.07,-0.682,94.9,1,21.79,314.27
111,20.4,43.2,1025.0,1.0,346.2,264.15,10.33,-0.333,95.3,1,20.94,356.54
112,19.51,37.4,1017.0,1.0,378.43,288.74,10.53,-0.07,95.0,1,20.61,388.96
113,18.78,43.7,1007.0,1.0,398.69,304.2,10.73,-0.391,95.3,1,20.83,409.42
114,19.44,44.4,1066.0,1.0,405.6,309.47,10.74,-0.497,95.2,1,21.58,416.34
115,19.25,44.9,419.0,0.16,306.68,234.0,0.61,-0.557,95.1,1,22.8,307.29
116,19.93,50.1,400.0,0.11,291.1,222.11,0.59,-0.318,95.3,1,24.42,291.69
117,20.31,49.4,416.0,0.13,266.31,203.19,0.37,-0.312,95.3,1,26.32,266.68
118,21.72,53.7,400.0,0.2,234.0,178.54,0.83,-0.109,95.1,1,28.38,234.83
119,21.53,55.1,438.0,0.25,196.38,149.83,0.92,-0.349,95.3,1,30.45,197.29
120,21.92,57.4,408.0,0.06,156.0,119.03,0.85,0.024,94.8,1,32.39,156.85
121,23.3,59.4,411.0,0.27,196.38,149.83,0.87,0.037,94.8,1,34.07,197.25
122,24.05,58.0,400.0,0.2,234.0,178.54,0.91,0.324,93.9,1,35.37,234.91
123,25.24,62.9,402.0,0.22,266.31,203.19,0.2,-0.036,95.0,1,36.21,266.51
124,25.46,59.9,400.0,0.03,291.1,222.11,0.51,0.354,93.7,1,36.52,291.61
125,25.52,61.0,400.0,0.28,306.68,234.0,0.53,0.591,92.5,1,36.29,307.22
126,26.18,55.1,400.0,0.16,312.0,238.06,0.49,0.641,92.2,1,35.53,312.49
127,24.76,51.9,413.0,0.11,306.68,234.0,0.85,0.477,93.1,1,34.29,307.53
128,24.74,54.0,400.0,0.12,291.1,222.11,0.33,0.001,94.9,1,32.66,291.43
129,24.12,46.7,400.0,0.09,266.31,203.19,0.16,0.482,93.1,1,30.74,266.47
130,23.77,45.1,400.0,0.05,234.0,178.54,0.27,0.567,92.7,1,28.67,234.27
131,22.56,44.7,400.0,0.01,196.38,149.83,0.14,-0.038,95.0,1,26.59,196.52
132,22.79,39.1,406.0,0.08,156.0,119.03,0.4,-0.085,95.1,1,24.63,156.4
133,21.59,41.9,403.0,0.15,196.38,149.83,0.12,0.032,94.8,1,22.94,196.49
134,20.24,41.2,400.0,0.2,234.0,178.54,0.09,-0.083,95.1,1,21.62,234.09
135,19.85,42.8,400.0,0.22,266.31,203.19,0.45,-0.134,95.1,1,20.77,266.76
136,20.05,42.9,402.0,0.18,291.1,222.11,0.6,-0.23,95.2,1,20.44,291.7
137,20.01,45.2,429.0,0.03,306.68,234.0,0.61,-0.789,94.7,0,20.66,307.29
138,20.49,44.4,408.0,0.13,312.0,238.06,0.09,-0.596,95.1,1,21.41,312.09
139,21.06,45.2,443.0,0.2,306.68,234.0,0.97,-0.358,95.3,1,22.63,307.66
140,20.11,53.7,434.0,0.22,291.1,222.11,0.12,-0.45,95.2,1,24.25,291.22
141,19.89,49.1,445.0,0.1,266.31,203.19,0.66,-0.28,95.3,1,26.15,266.97
142,19.94,51.7,441.0,0.28,234.0,178.54,0.89,-0.276,95.3,1,28.21,234.89
143,21.87,57.9,447.0,0.24,196.38,149.83,0.88,-0.217,95.2,1,30.28,197.26
144,22.11,61.7,400.0,0.26,156.0,119.03,0.51,-0.048,95.0,1,32.22,156.51
145,23.09,59.9,419.0,0.2,196.38,149.83,0.28,-0.095,95.1,1,33.9,196.65
146,23.72,62.0,437.0,0.12,234.0,178.54,0.83,0.105,94.6,1,35.2,234.83
147,24.58,55.8,442.0,0.28,266.31,203.19,0.61,0.34,93.8,1,36.04,266.92
148,25.66,57.9,400.0,0.27,291.1,222.11,0.79,0.423,93.4,1,36.35,291.89
149,25.51,53.6,420.0,0.25,306.68,234.0,0.4,0.596,92.5,1,36.12,307.08
150,25.46,57.0,402.0,0.27,312.0,238.06,0.91,0.443,93.3,1,35.36,312.91
151,24.92,49.9,455.0,0.27,306.68,234.0,0.93,0.818,91.1,0,34.12,307.61
152,24.3,47.9,400.0,0.22,291.1,222.11,0.74,0.679,92.0,1,32.49,291.84
153,24.43,48.9,400.0,0.06,266.31,203.19,0.94,0.253,94.1,1,30.57,267.25
154,24.02,47.5,400.0,0.16,234.0,178.54,0.45,0.29,94.0,1,28.5,234.45
155,24.22,43.0,404.0,0.18,196.38,149.83,0.19,0.372,93.6,1,26.42,196.57
156,22.62,42.7,468.0,0.23,156.0,119.03,0.66,-0.128,95.1,1,24.46,156.66
157,22.28,41.5,400.0,0.15,196.38,149.83,0.65,-0.279,95.3,1,22.77,197.03
158,20.82,39.6,403.0,0.15,234.0,178.54,0.49,0.01,94.9,1,21.45,234.49
159,19.86,38.0,417.0,0.3,266.31,203.19,0.26,-0.215,95.2,1,20.6,266.57
160,19.49,42.2,400.0,0.14,291.1,222.11,0.62,-0.218,95.2,1,20.27,291.72
161,19.32,43.8,411.0,0.04,306.68,234.0,0.18,-0.42,95.3,1,20.49,306.87
162,20.64,46.4,412.0,0.21,312.0,238.06,0.75,-0.551,95.2,1,21.23,312.75
163,19.27,47.6,400.0,0.11,306.68,234.0,0.91,-0.751,94.8,0,22.46,307.59
164,20.41,47.2,400.0,0.07,291.1,222.11,0.17,-0.406,95.3,1,24.08,291.27
165,20.02,53.5,422.0,0.19,266.31,203.19,0.82,-0.107,95.1,1,25.98,267.13
166,21.56,54.6,428.0,0.29,234.0,178.54,0.2,-0.001,94.9,1,28.04,234.2
167,22.01,55.8,439.0,0.09,196.38,149.83,0.5,0.085,94.7,1,30.11,196.88
168,22.52,57.8,410.0,0.11,156.0,119.03,0.93,0.157,94.5,1,32.05,156.93
169,23.36,58.1,411.0,0.14,196.38,149.83,0.08,0.572,92.6,1,33.73,196.46
170,23.78,61.8,423.0,0.21,234.0,178.54,0.09,-0.06,95.0,1,35.03,234.09
171,24.96,56.9,400.0,0.12,266.31,203.19,0.96,0.4,93.5,1,35.87,267.27
172,24.99,56.9,400.0,0.13,291.1,222.11,0.16,0.246,94.2,1,36.18,291.26
173,24.9,56.7,400.0,0.21,306.68,234.0,0.34,0.793,91.2,0,35.95,307.03
174,24.98,58.6,400.0,0.3,312.0,238.06,0.46,0.389,93.6,1,35.19,312.46
175,25.61,55.1,412.0,0.09,306.68,234.0,0.01,0.685,92.0,1,33.95,306.69
176,26.02,47.2,1031.0,1.0,378.43,288.74,10.19,0.343,93.8,1,32.32,388.62
177,24.83,50.6,979.0,1.0,346.2,264.15,10.83,0.438,93.3,1,30.4,357.03
178,24.08,48.1,1013.0,1.0,304.2,232.1,10.52,0.228,94.2,1,28.33,314.72
179,23.56,40.9,981.0,1.0,255.29,194.79,10.39,0.127,94.6,1,26.24,265.68
180,23.3,36.5,970.0,1.0,202.8,154.74,10.68,0.067,94.7,1,24.29,213.48
181,21.98,40.3,1062.0,1.0,255.29,194.79,10.32,0.054,94.8,1,22.6,265.61
182,20.95,42.3,970.0,1.0,304.2,232.1,10.44,-0.272,95.3,1,21.28,314.64
183,21.09,43.4,962.0,1.0,346.2,264.15,10.99,-0.175,95.2,1,20.43,357.19
184,20.27,39.4,1006.0,1.0,378.43,288.74,10.77,-0.225,95.2,1,20.1,389.2
185,20.53,46.1,1008.0,1.0,398.69,304.2,10.55,-0.566,95.1,1,20.31,409.24
186,19.76,40.1,1020.0,1.0,405.6,309.47,10.53,-0.123,95.1,1,21.06,416.13
187,19.16,46.2,460.0,0.23,306.68,234.0,0.84,-0.334,95.3,1,22.29,307.53
188,19.39,48.7,400.0,0.11,291.1,222.11,0.6,-0.519,95.2,1,23.91,291.7
189,21.38,54.4,400.0,0.28,266.31,203.19,0.34,-0.231,95.2,1,25.81,266.65
190,22.04,57.2,448.0,0.26,234.0,178.54,0.42,-0.042,95.0,1,27.86,234.42
191,21.82,58.6,428.0,0.1,196.38,149.83,0.18,-0.011,94.9,1,29.93,196.56
192,22.49,55.7,424.0,0.23,156.0,119.03,0.96,0.04,94.8,1,31.87,156.96
193,24.2,61.3,400.0,0.25,196.38,149.83,0.65,-0.561,95.1,1,33.55,197.03
194,23.64,61.0,434.0,0.15,234.0,178.54,0.4,0.057,94.8,1,34.86,234.4
195,24.37,56.4,424.0,0.04,266.31,203.19,0.36,0.489,93.1,1,35.69,266.67
196,25.62,54.8,406.0,0.1,291.1,222.11,0.91,0.236,94.2,1,36.01,292.01
197,25.4,59.5,400.0,0.3,306.68,234.0,0.36,0.586,92.6,1,35.78,307.04
198,25.71,55.0,403.0,0.21,312.0,238.06,0.76,0.677,92.0,1,35.02,312.76
199,25.53,50.5,449.0,0.23,306.68,234.0,0.84,0.46,93.2,1,33.78,307.52
200,25.48,50.1,967.0,1.0,378.43,288.74,10.91,0.08,94.7,1,32.14,389.34
201,25.54,48.6,976.0,1.0,346.2,264.15,10.37,0.206,94.3,1,30.23,356.57
202,24.27,45.2,981.0,1.0,304.2,232.1,10.77,0.387,93.6,1,28.16,314.97
203,23.82,40.2,988.0,1.0,255.29,194.79,10.33,0.381,93.6,1,26.07,265.62
204,21.7,45.4,1000.0,1.0,202.8,154.74,10.94,-0.416,95.3,1,24.12,213.74
205,21.93,42.5,1029.0,1.0,255.29,194.79,10.01,-0.113,95.1,1,22.42,265.3
206,20.81,39.3,1014.0,1.0,304.2,232.1,10.57,-0.544,95.2,1,21.11,314.77
207,20.01,39.6,1002.0,1.0,346.2,264.15,10.51,-0.335,95.3,1,20.25,356.71
208,19.71,41.8,1008.0,1.0,378.43,288.74,10.88,-0.464,95.2,1,19.93,389.31
209,19.68,40.3,1019.0,1.0,398.69,304.2,10.22,-0.011,94.9,1,20.14,408.91
210,20.21,45.2,950.0,1.0,405.6,309.47,10.09,-0.608,95.1,1,20.89,415.69
211,19.19,44.3,432.0,0.19,306.68,234.0,0.85,-0.273,95.3,1,22.11,307.53
212,20.17,49.4,400.0,0.27,291.1,222.11,0.35,-0.231,95.2,1,23.73,291.45
213,20.4,49.8,400.0,0.01,266.31,203.19,0.32,-0.393,95.3,1,25.64,266.63
214,21.1,52.3,410.0,0.0,234.0,178.54,0.11,-0.226,95.2,1,27.69,234.11
215,22.49,60.0,400.0,0.18,196.38,149.83,0.92,-0.129,95.1,1,29.76,197.3
216,23.04,58.5,415.0,0.21,156.0,119.03,0.63,-0.149,95.2,1,31.7,156.63
217,24.22,59.9,404.0,0.18,196.38,149.83,0.69,-0.037,95.0,1,33.38,197.07
218,24.2,56.0,400.0,0.29,234.0,178.54,0.9,0.168,94.4,1,34.68,234.9
219,24.56,58.6,446.0,0.07,266.31,203.19,0.84,0.126,94.6,1,35.52,267.15
220,25.27,59.8,421.0,0.14,291.1,222.11,0.45,0.333,93.8,1,35.84,291.55
221,25.81,57.8,409.0,0.27,306.68,234.0,0.16,0.444,93.3,1,35.6,306.84
222,25.88,51.1,421.0,0.19,312.0,238.06,0.67,0.532,92.9,1,34.84,312.67
223,25.15,53.5,400.0,0.17,306.68,234.0,0.65,0.572,92.6,1,33.61,307.34
224,25.44,51.2,1065.0,1.0,378.43,288.74,10.05,0.394,93.5,1,31.97,388.48
225,25.04,50.4,967.0,1.0,346.2,264.15,10.9,0.2,94.3,1,30.05,357.1
226,25.57,44.1,1003.0,1.0,304.2,232.1,10.34,0.335,93.8,1,27.98,314.54
227,24.53,38.8,991.0,1.0,255.29,194.79,10.43,0.288,94.0,1,25.9,265.72
228,22.39,39.6,990.0,1.0,202.8,154.74,10.51,-0.097,95.1,1,23.95,213.31
229,21.9,38.3,986.0,1.0,255.29,194.79,10.91,-0.326,95.3,1,22.25,266.2
230,20.59,41.5,977.0,1.0,304.2,232.1,10.17,-0.339,95.3,1,20.93,314.37
231,20.41,34.8,1036.0,1.0,346.2,264.15,10.37,-0.39,95.3,1,20.08,356.57
232,20.39,40.2,964.0,1.0,378.43,288.74,10.5,-0.204,95.2,1,19.75,388.93
233,20.54,45.5,1030.0,1.0,398.69,304.2,10.99,-0.344,95.3,1,19.97,409.68
234,19.47,44.6,1019.0,1.0,405.6,309.47,10.44,-0.501,95.2,1,20.72,416.04
235,19.61,48.8,400.0,0.13,306.68,234.0,0.4,-0.103,95.1,1,21.94,307.08
236,19.17,46.2,416.0,0.26,291.1,222.11,0.94,-0.44,95.3,1,23.56,292.03
237,20.64,48.9,400.0,0.23,266.31,203.19,0.66,-0.071,95.0,1,25.46,266.97
238,20.82,57.5,400.0,0.09,234.0,178.54,0.16,-0.006,94.9,1,27.52,234.16
239,21.81,56.9,400.0,0.21,196.38,149.83,0.18,0.101,94.6,1,29.59,196.55
240,22.42,58.6,420.0,0.22,156.0,119.03,0.64,0.064,94.7,1,31.53,156.64
241,23.59,57.3,418.0,0.09,196.38,149.83,0.47,0.153,94.5,1,33.21,196.84
242,23.48,60.2,407.0,0.08,234.0,178.54,0.01,0.251,94.1,1,34.51,234.01
243,24.25,57.5,400.0,0.25,266.31,203.19,0.45,0.524,92.9,1,35.35,266.76
244,26.53,61.3,400.0,0.2,291.1,222.11,0.94,0.275,94.1,1,35.66,292.04
245,25.13,62.9,400.0,0.22,306.68,234.0,0.75,0.43,93.4,1,35.43,307.43
246,25.33,56.4,400.0,0.09,312.0,238.06,0.56,0.833,91.0,0,34.67,312.56
247,26.7,51.8,402.0,0.22,306.68,234.0,0.2,0.608,92.4,1,33.43,306.88
248,26.94,45.4,1016.0,1.0,378.43,288.74,10.34,0.624,92.3,1,31.8,388.77
249,24.42,44.5,1002.0,1.0,346.2,264.15,11.0,0.109,94.6,1,29.88,357.2
250,24.21,48.5,1053.0,1.0,304.2,232.1,10.66,0.164,94.4,1,27.81,314.86
251,23.84,41.2,970.0,1.0,255.29,194.79,10.28,0.196,94.3,1,25.73,265.56
252,23.76,40.8,980.0,1.0,202.8,154.74,10.74,-0.008,94.9,1,23.77,213.54
253,21.63,41.8,1004.0,1.0,255.29,194.79,10.09,-0.374,95.3,1,22.08,265.38
254,21.28,43.0,1007.0,1.0,304.2,232.1,10.37,-0.098,95.1,1,20.76,314.57
255,21.18,39.8,943.0,1.0,346.2,264.15,10.23,-0.138,95.1,1,19.91,356.43
256,20.53,40.3,1018.0,1.0,378.43,288.74,10.9,-0.49,95.2,1,19.58,389.33
257,19.83,42.7,1007.0,1.0,398.69,304.2,10.74,-0.324,95.3,1,19.8,409.42
258,19.85,43.3,936.0,1.0,405.6,309.47,10.5,-0.094,95.1,1,20.54,416.1
259,19.34,45.8,400.0,0.17,306.68,234.0,0.41,-0.178,95.2,1,21.77,307.09
260,20.21,50.4,400.0,0.2,291.1,222.11,0.86,-0.481,95.2,1,23.39,291.96
261,20.68,52.5,400.0,0.29,266.31,203.19,0.2,-0.574,95.1,1,25.29,266.5
262,21.55,58.8,400.0,0.02,234.0,178.54,0.07,-0.204,95.2,1,27.35,234.07
263,21.88,57.6,412.0,0.04,196.38,149.83,0.85,0.34,93.8,1,29.42,197.23
264,23.18,60.7,453.0,0.02,156.0,119.03,0.86,0.268,94.1,1,31.36,156.86
265,24.23,57.4,408.0,0.16,196.38,149.83,0.24,0.128,94.6,1,33.04,196.62
266,24.53,61.0,400.0,0.24,234.0,178.54,0.2,0.562,92.7,1,34.34,234.2
267,25.25,58.3,409.0,0.02,266.31,203.19,0.72,0.587,92.5,1,35.18,267.03
268,25.58,59.7,400.0,0.23,291.1,222.11,0.14,0.053,94.8,1,35.49,291.24
269,25.86,58.8,400.0,0.13,306.68,234.0,0.62,0.695,91.9,1,35.26,307.31
270,25.6,55.5,411.0,0.28,312.0,238.06,0.7,0.524,92.9,1,34.5,312.7
271,26.02,57.9,426.0,0.11,306.68,234.0,0.62,0.31,93.9,1,33.26,307.31
272,25.52,53.3,980.0,1.0,378.43,288.74,10.43,0.451,93.3,1,31.63,388.86
273,26.14,50.2,951.0,1.0,346.2,264.15,10.82,0.436,93.3,1,29.71,357.02
274,25.26,46.9,940.0,1.0,304.2,232.1,10.93,0.091,94.7,1,27.64,315.13
275,23.95,46.8,980.0,1.0,255.29,194.79,10.71,0.105,94.6,1,25.56,265.99
276,22.6,38.7,995.0,1.0,202.8,154.74,10.42,-0.066,95.0,1,23.6,213.22
277,21.65,43.2,985.0,1.0,255.29,194.79,11.0,0.03,94.8,1,21.91,266.28
278,22.09,38.0,980.0,1.0,304.2,232.1,10.45,-0.31,95.3,1,20.59,314.65
279,21.0,39.1,1017.0,1.0,346.2,264.15,10.12,-0.694,94.9,1,19.74,356.32
280,20.64,42.2,1014.0,1.0,378.43,288.74,10.18,-0.523,95.2,1,19.41,388.61
281,19.23,45.1,1006.0,1.0,398.69,304.2,10.35,-0.672,95.0,1,19.63,409.04
282,20.47,42.3,1024.0,1.0,405.6,309.47,10.17,-0.759,94.8,0,20.37,415.77
283,20.34,45.9,400.0,0.05,306.68,234.0,0.78,-0.247,95.2,1,21.6,307.46
284,19.86,49.7,400.0,0.25,291.1,222.11,0.01,-0.272,95.3,1,23.22,291.11
285,20.66,51.8,400.0,0.13,266.31,203.19,0.41,-0.547,95.2,1,25.12,266.71
286,21.65,56.3,400.0,0.02,234.0,178.54,0.88,-0.504,95.2,1,27.18,234.88
287,22.27,63.6,400.0,0.04,196.38,149.83,0.12,-0.15,95.2,1,29.25,196.49
288,22.88,59.3,400.0,0.02,156.0,119.03,0.58,-0.265,95.3,1,31.19,156.58
289,23.75,58.1,433.0,0.2,196.38,149.83,0.93,0.081,94.7,1,32.87,197.31
290,24.41,57.4,424.0,0.08,234.0,178.54,0.07,0.264,94.1,1,34.17,234.07
291,25.23,59.1,416.0,0.03,266.31,203.19,0.35,0.414,93.5,1,35.01,266.66
292,26.37,57.0,404.0,0.11,291.1,222.11,0.04,0.501,93.0,1,35.32,291.14
293,24.66,58.3,443.0,0.26,306.68,234.0,0.68,0.327,93.8,1,35.09,307.37
294,25.93,56.3,400.0,0.19,312.0,238.06,0.42,0.514,93.0,1,34.33,312.42
295,26.04,52.1,400.0,0.15,306.68,234.0,0.95,0.739,91.6,0,33.09,307.63
296,25.8,54.4,434.0,0.22,291.1,222.11,0.69,0.014,94.9,1,31.46,291.79
297,24.99,46.4,401.0,0.02,266.31,203.19,0.6,0.419,93.4,1,29.54,266.91
298,23.68,45.2,400.0,0.26,234.0,178.54,0.91,0.014,94.9,1,27.47,234.91
299,24.0,44.5,417.0,0.05,196.38,149.83,0.13,0.41,93.5,1,25.38,196.51
300,23.93,43.4,400.0,0.01,156.0,119.03,0.78,0.163,94.4,1,23.43,156.78
301,21.53,43.0,400.0,0.11,196.38,149.83,0.73,0.028,94.8,1,21.74,197.11
302,22.01,40.9,400.0,0.02,234.0,178.54,0.67,-0.421,95.3,1,20.42,234.67
303,20.79,42.3,410.0,0.05,266.31,203.19,0.64,-0.301,95.3,1,19.57,266.95
304,20.45,39.8,406.0,0.22,291.1,222.11,0.12,-0.358,95.3,1,19.24,291.22
305,19.66,44.4,446.0,0.12,306.68,234.0,0.81,-0.957,94.1,0,19.45,307.5
306,19.92,46.4,400.0,0.0,312.0,238.06,0.64,-0.471,95.2,1,20.2,312.64
307,20.84,50.0,400.0,0.19,306.68,234.0,0.77,-0.36,95.3,1,21.43,307.46
308,20.79,46.2,443.0,0.21,291.1,222.11,0.88,-0.716,94.9,0,23.05,291.98
309,21.84,50.3,430.0,0.27,266.31,203.19,0.54,-0.233,95.2,1,24.95,266.85
310,22.19,56.2,404.0,0.05,234.0,178.54,0.96,-0.23,95.2,1,27.0,234.96
311,22.55,51.4,400.0,0.26,196.38,149.83,0.11,0.147,94.5,1,29.07,196.48
312,23.98,59.4,400.0,0.21,156.0,119.03,0.0,-0.083,95.1,1,31.01,156.0
313,24.11,61.6,400.0,0.17,196.38,149.83,0.33,0.165,94.4,1,32.69,196.71
314,25.03,58.8,401.0,0.08,234.0,178.54,0.22,0.318,93.9,1,34.0,234.22
315,25.09,58.9,400.0,0.14,266.31,203.19,0.55,-0.208,95.2,1,34.83,266.86
316,25.75,56.7,448.0,0.06,291.1,222.11,0.28,0.362,93.7,1,35.15,291.38
317,25.68,56.4,400.0,0.22,306.68,234.0,0.69,0.5,93.0,1,34.92,307.37
318,26.63,54.4,400.0,0.21,312.0,238.06,0.95,0.029,94.8,1,34.16,312.95
319,25.44,51.7,407.0,0.06,306.68,234.0,0.77,0.618,92.4,1,32.92,307.45
320,26.13,49.0,416.0,0.08,291.1,222.11,0.42,0.45,93.3,1,31.28,291.52
321,25.17,47.3,400.0,0.27,266.31,203.19,0.99,0.37,93.7,1,29.37,267.29
322,25.23,44.8,400.0,0.14,234.0,178.54,0.77,0.394,93.5,1,27.3,234.77
323,24.3,47.0,400.0,0.17,196.38,149.83,0.81,0.047,94.8,1,25.21,197.19
324,24.06,40.8,441.0,0.29,156.0,119.03,0.2,0.009,94.9,1,23.26,156.2
325,22.74,41.2,457.0,0.06,196.38,149.83,0.69,0.044,94.8,1,21.56,197.06
326,20.87,38.9,400.0,0.19,234.0,178.54,0.07,-0.239,95.2,1,20.25,234.07
327,21.01,39.1,400.0,0.23,266.31,203.19,0.24,-0.722,94.9,0,19.4,266.54
328,19.98,37.7,400.0,0.1,291.1,222.11,0.02,-0.423,95.3,1,19.07,291.12
329,20.01,39.5,419.0,0.09,306.68,234.0,0.71,-0.47,95.2,1,19.28,307.39
330,20.93,42.2,446.0,0.27,312.0,238.06,0.02,-0.32,95.3,1,20.03,312.02
331,20.6,47.3,438.0,0.03,306.68,234.0,0.45,-0.552,95.2,1,21.25,307.13
332,20.23,51.7,400.0,0.05,291.1,222.11,0.65,-0.629,95.0,1,22.87,291.75
333,20.55,48.6,400.0,0.12,266.31,203.19,0.3,-0.548,95.2,1,24.78,266.61
334,21.7,53.5,400.0,0.24,234.0,178.54,0.37,0.039,94.8,1,26.83,234.37
335,21.81,54.0,441.0,0.14,196.38,149.83,0.87,-0.072,95.0,1,28.9,197.24
336,22.86,57.9,400.0,0.08,156.0,119.03,0.9,0.278,94.0,1,30.84,156.9
337,24.13,61.7,400.0,0.13,196.38,149.83,0.86,0.437,93.3,1,32.52,197.23
338,25.28,59.1,400.0,0.13,234.0,178.54,0.75,0.101,94.6,1,33.83,234.75
339,25.63,59.7,400.0,0.22,266.31,203.19,0.28,0.19,94.4,1,34.66,266.59
340,24.66,61.8,400.0,0.26,291.1,222.11,0.07,0.407,93.5,1,34.98,291.17
341,26.26,58.3,407.0,0.1,306.68,234.0,0.49,0.606,92.4,1,34.75,307.17
342,26.25,53.9,415.0,0.21,312.0,238.06,0.92,0.22,94.3,1,33.99,312.92
343,26.32,53.4,456.0,0.21,306.68,234.0,0.22,0.574,92.6,1,32.75,306.91
344,26.63,48.8,960.0,1.0,378.43,288.74,10.21,0.514,93.0,1,31.11,388.64
345,24.31,48.7,1022.0,1.0,346.2,264.15,10.78,0.128,94.6,1,29.2,356.98
346,24.43,46.4,1029.0,1.0,304.2,232.1,10.59,0.032,94.8,1,27.13,314.79
347,24.3,40.5,1016.0,1.0,255.29,194.79,10.4,0.218,94.3,1,25.04,265.69
348,22.44,41.9,970.0,1.0,202.8,154.74,10.86,0.415,93.5,1,23.09,213.66
349,23.2,40.2,968.0,1.0,255.29,194.79,10.58,-0.188,95.2,1,21.39,265.87
350,21.93,41.1,1003.0,1.0,304.2,232.1,10.92,-0.184,95.2,1,20.08,315.12
351,21.55,41.9,1003.0,1.0,346.2,264.15,10.37,-0.475,95.2,1,19.22,356.57
352,20.37,42.1,983.0,1.0,378.43,288.74,10.44,-0.386,95.3,1,18.9,388.87
353,20.76,42.0,1039.0,1.0,398.69,304.2,10.07,-0.608,95.1,1,19.11,408.76
354,20.79,46.5,988.0,1.0,405.6,309.47,10.37,-0.552,95.2,1,19.86,415.97
355,20.48,45.2,400.0,0.07,306.68,234.0,0.18,0.007,94.9,1,21.08,306.86
356,20.78,46.9,400.0,0.02,291.1,222.11,0.03,-0.412,95.3,1,22.7,291.13
357,21.28,45.7,414.0,0.08,266.31,203.19,0.26,-0.666,95.0,1,24.61,266.56
358,21.34,54.4,410.0,0.3,234.0,178.54,0.49,-0.121,95.1,1,26.66,234.49
359,22.42,55.1,410.0,0.15,196.38,149.83,0.25,0.096,94.7,1,28.73,196.62
360,23.2,59.2,445.0,0.1,156.0,119.03,0.11,0.135,94.5,1,30.67,156.11
361,24.25,55.6,400.0,0.22,196.38,149.83,0.45,0.094,94.7,1,32.35,196.83
362,25.28,58.7,400.0,0.14,234.0,178.54,0.15,0.067,94.7,1,33.65,234.15
363,24.88,60.7,446.0,0.01,266.31,203.19,0.09,0.175,94.4,1,34.49,266.39
364,25.83,56.8,400.0,0.16,291.1,222.11,0.96,0.395,93.5,1,34.81,292.06
365,26.93,58.2,400.0,0.09,306.68,234.0,0.48,0.41,93.5,1,34.57,307.16
366,25.93,54.3,437.0,0.17,312.0,238.06,0.8,0.388,93.6,1,33.81,312.8
367,25.79,53.0,436.0,0.05,306.68,234.0,0.17,0.726,91.7,0,32.58,306.86
368,26.0,51.7,1020.0,1.0,378.43,288.74,10.46,0.617,92.4,1,30.94,388.89
369,25.85,49.8,1021.0,1.0,346.2,264.15,10.09,0.607,92.4,1,29.02,356.29
370,24.82,45.6,969.0,1.0,304.2,232.1,10.41,0.092,94.7,1,26.95,314.61
371,24.76,41.6,1041.0,1.0,255.29,194.79,10.83,-0.055,95.0,1,24.87,266.11
372,23.75,40.7,964.0,1.0,202.8,154.74,10.89,0.015,94.9,1,22.92,213.69
373,22.97,41.7,966.0,1.0,255.29,194.79,10.52,-0.046,95.0,1,21.22,265.81
374,22.1,38.0,1012.0,1.0,304.2,232.1,10.29,-0.236,95.2,1,19.9,314.49
375,22.37,39.9,985.0,1.0,346.2,264.15,10.73,-0.284,95.3,1,19.05,356.93
376,20.63,40.3,1006.0,1.0,378.43,288.74,10.64,-0.116,95.1,1,18.72,389.07
377,19.44,42.4,1013.0,1.0,398.69,304.2,10.47,-0.527,95.2,1,18.94,409.16
378,21.14,42.6,1053.0,1.0,405.6,309.47,10.48,-0.339,95.3,1,19.69,416.08
379,20.22,43.3,413.0,0.3,306.68,234.0,0.49,-0.379,95.3,1,20.91,307.18
380,20.8,50.6,400.0,0.07,291.1,222.11,0.34,-0.414,95.3,1,22.53,291.44
381,21.88,54.1,420.0,0.22,266.31,203.19,0.52,-0.201,95.2,1,24.43,266.83
382,21.05,51.0,400.0,0.13,234.0,178.54,0.06,-0.404,95.3,1,26.49,234.06
383,21.95,57.5,427.0,0.11,196.38,149.83,0.57,-0.323,95.3,1,28.56,196.95
384,22.56,60.6,402.0,0.22,156.0,119.03,0.5,0.087,94.7,1,30.5,156.5
385,23.74,60.7,412.0,0.29,196.38,149.83,0.42,-0.198,95.2,1,32.18,196.8
386,25.09,59.2,400.0,0.23,234.0,178.54,0.32,0.352,93.7,1,33.48,234.32
387,25.75,57.9,400.0,0.1,266.31,203.19,0.62,0.128,94.6,1,34.32,266.93
388,26.11,59.0,400.0,0.15,291.1,222.11,0.48,0.737,91.6,0,34.63,291.58
389,25.57,57.9,452.0,0.07,306.68,234.0,0.1,0.404,93.5,1,34.4,306.79
390,25.23,55.6,400.0,0.19,312.0,238.06,0.37,0.791,91.3,0,33.64,312.37
391,26.31,52.7,422.0,0.12,306.68,234.0,0.08,0.441,93.3,1,32.4,306.76
392,25.75,48.3,981.0,1.0,378.43,288.74,10.38,0.382,93.6,1,30.77,388.81
393,25.74,48.7,993.0,1.0,346.2,264.15,10.53,0.527,92.9,1,28.85,356.73
394,25.25,46.4,999.0,1.0,304.2,232.1,10.39,0.309,93.9,1,26.78,314.59
395,24.24,43.7,1049.0,1.0,255.29,194.79,10.34,0.116,94.6,1,24.7,265.63
396,23.78,41.8,1018.0,1.0,202.8,154.74,10.28,-0.081,95.0,1,22.74,213.08
397,22.74,43.8,1012.0,1.0,255.29,194.79,10.38,-0.208,95.2,1,21.05,265.67
398,22.17,38.8,1039.0,1.0,304.2,232.1,10.07,0.222,94.3,1,19.73,314.27
399,20.94,42.8,981.0,1.0,346.2,264.15,10.99,-0.689,94.9,1,18.88,357.2
400,20.73,39.6,1032.0,1.0,378.43,288.74,10.56,-0.674,95.0,1,18.55,388.99
401,20.62,44.8,1027.0,1.0,398.69,304.2,10.64,-0.248,95.2,1,18.77,409.33
402,20.83,47.1,1027.0,1.0,405.6,309.47,10.18,-0.28,95.3,1,19.52,415.78
403,20.33,46.4,400.0,0.07,306.68,234.0,0.92,-0.667,95.0,1,20.74,307.61
404,21.09,52.9,400.0,0.09,291.1,222.11,0.57,-0.783,94.7,0,22.36,291.67
405,21.18,53.1,400.0,0.19,266.31,203.19,0.41,-0.099,95.1,1,24.26,266.72
406,21.88,52.8,400.0,0.06,234.0,178.54,0.71,-0.459,95.2,1,26.32,234.71
407,23.08,56.0,400.0,0.21,196.38,149.83,0.3,-0.228,95.2,1,28.39,196.68
408,22.45,60.7,411.0,0.13,156.0,119.03,0.93,0.019,94.8,1,30.33,156.93
409,23.57,61.4,400.0,0.06,196.38,149.83,0.17,-0.085,95.1,1,32.01,196.55
410,24.21,57.9,413.0,0.07,234.0,178.54,0.83,0.435,93.4,1,33.31,234.83
411,24.41,59.5,415.0,0.16,266.31,203.19,0.97,0.358,93.7,1,34.15,267.28
412,25.72,59.3,400.0,0.11,291.1,222.11,0.49,0.257,94.1,1,34.46,291.59
413,26.73,56.4,400.0,0.15,306.68,234.0,0.88,0.324,93.9,1,34.23,307.56
414,26.32,60.1,400.0,0.24,312.0,238.06,0.07,0.759,91.5,0,33.47,312.07
415,26.46,53.5,400.0,0.01,306.68,234.0,0.62,0.427,93.4,1,32.23,307.31
416,26.61,50.3,974.0,1.0,378.43,288.74,10.36,0.556,92.7,1,30.6,388.79
417,26.26,50.3,1051.0,1.0,346.2,264.15,10.36,0.352,93.7,1,28.68,356.57
418,24.94,44.7,954.0,1.0,304.2,232.1,10.45,-0.101,95.1,1,26.61,314.65
419,24.93,45.3,1061.0,1.0,255.29,194.79,10.6,0.279,94.0,1,24.53,265.89
420,23.53,38.2,1009.0,1.0,202.8,154.74,10.62,0.215,94.3,1,22.57,213.42
421,22.29,39.6,1030.0,1.0,255.29,194.79,10.28,0.239,94.2,1,20.88,265.57
422,21.69,42.1,1026.0,1.0,304.2,232.1,10.38,-0.63,95.0,1,19.56,314.58
423,20.63,43.4,1019.0,1.0,346.2,264.15,10.25,-0.985,94.0,0,18.71,356.45
424,20.46,39.6,1050.0,1.0,378.43,288.74,10.63,-0.305,95.3,1,18.38,389.06
425,20.42,40.8,968.0,1.0,398.69,304.2,10.1,-0.603,95.1,1,18.6,408.79
426,20.91,45.7,995.0,1.0,405.6,309.47,10.42,-0.786,94.7,0,19.35,416.02
427,21.47,45.7,400.0,0.2,306.68,234.0,0.98,-0.461,95.2,1,20.57,307.66
428,20.22,49.0,400.0,0.18,291.1,222.11,0.99,-0.523,95.2,1,22.19,292.09
429,21.59,53.9,400.0,0.14,266.31,203.19,0.52,-0.609,95.1,1,24.09,266.83
430,21.5,53.5,456.0,0.02,234.0,178.54,0.25,-0.267,95.3,1,26.15,234.25
431,22.98,52.8,400.0,0.19,196.38,149.83,0.58,-0.016,94.9,1,28.22,196.96
432,23.46,55.8,460.0,0.16,156.0,119.03,0.49,0.035,94.8,1,30.16,156.49
433,23.39,59.5,463.0,0.0,196.38,149.83,0.04,0.166,94.4,1,31.84,196.42
434,25.5,56.3,490.0,0.06,234.0,178.54,0.99,0.339,93.8,1,33.14,234.99
435,25.35,59.2,457.0,0.02,266.31,203.19,0.33,0.015,94.9,1,33.98,266.64
436,25.87,56.1,471.0,0.17,291.1,222.11,0.4,0.423,93.4,1,34.29,291.5
437,25.9,60.7,410.0,0.0,306.68,234.0,0.51,0.531,92.9,1,34.06,307.2
438,26.22,59.7,407.0,0.25,312.0,238.06,0.88,0.424,93.4,1,33.3,312.88
439,26.66,50.9,409.0,0.28,306.68,234.0,0.8,0.317,93.9,1,32.06,307.48
440,26.06,51.0,1000.0,1.0,378.43,288.74,10.21,0.284,94.0,1,30.43,388.64
441,25.84,45.9,1004.0,1.0,346.2,264.15,10.72,0.295,94.0,1,28.51,356.92
442,25.24,44.8,1023.0,1.0,304.2,232.1,10.87,0.433,93.4,1,26.44,315.07
443,25.0,46.9,986.0,1.0,255.29,194.79,10.71,0.435,93.4,1,24.36,266.0
444,23.39,40.7,959.0,1.0,202.8,154.74,10.14,0.265,94.1,1,22.41,212.94
445,22.05,39.9,1011.0,1.0,255.29,194.79,10.54,-0.442,95.3,1,20.71,265.83
446,22.61,38.1,979.0,1.0,304.2,232.1,10.84,-0.438,95.3,1,19.39,315.04
447,21.29,42.5,982.0,1.0,346.2,264.15,10.2,-0.222,95.2,1,18.54,356.4
448,21.54,34.6,996.0,1.0,378.43,288.74,10.54,-0.173,95.2,1,18.21,388.97
449,20.88,41.7,989.0,1.0,398.69,304.2,10.67,-0.676,95.0,1,18.43,409.36
450,20.52,44.5,1033.0,1.0,405.6,309.47,10.64,-0.463,95.2,1,19.18,416.24
451,20.87,45.6,400.0,0.15,306.68,234.0,0.11,-0.709,94.9,0,20.4,306.79
452,21.97,51.3,435.0,0.05,291.1,222.11,0.28,-0.378,95.3,1,22.02,291.38
453,22.51,54.5,406.0,0.19,266.31,203.19,0.55,-0.482,95.2,1,23.92,266.86
454,22.13,51.8,400.0,0.19,234.0,178.54,0.21,-0.213,95.2,1,25.98,234.21
455,22.91,60.9,405.0,0.17,196.38,149.83,0.33,-0.372,95.3,1,28.05,196.71
456,24.14,55.6,400.0,0.13,156.0,119.03,0.42,-0.327,95.3,1,29.99,156.42
457,23.96,62.1,410.0,0.17,196.38,149.83,0.01,0.749,91.5,0,31.67,196.39
458,25.28,60.3,425.0,0.16,234.0,178.54,0.51,0.264,94.1,1,32.97,234.51
459,25.72,58.8,430.0,0.28,266.31,203.19,0.99,0.78,91.3,0,33.81,267.3
460,26.37,58.1,400.0,0.25,291.1,222.11,0.41,0.735,91.6,0,34.13,291.51
461,26.1,57.3,400.0,0.12,306.68,234.0,0.27,0.156,94.5,1,33.89,306.96
462,25.83,55.8,400.0,0.17,312.0,238.06,0.25,0.572,92.6,1,33.13,312.25
463,25.49,51.2,442.0,0.17,306.68,234.0,0.52,0.224,94.2,1,31.9,307.2
464,25.67,50.0,407.0,0.15,291.1,222.11,0.46,0.374,93.6,1,30.26,291.56
465,25.53,46.3,400.0,0.02,266.31,203.19,0.86,-0.023,94.9,1,28.34,267.17
466,24.99,43.0,400.0,0.21,234.0,178.54,0.64,-0.065,95.0,1,26.27,234.64
467,25.39,41.6,400.0,0.22,196.38,149.83,0.4,-0.042,95.0,1,24.19,196.77
468,24.2,39.3,400.0,0.15,156.0,119.03,0.39,-0.109,95.1,1,22.24,156.39
469,22.39,39.6,428.0,0.27,196.38,149.83,0.55,-0.122,95.1,1,20.54,196.92
470,22.33,40.9,430.0,0.3,234.0,178.54,0.25,-0.457,95.2,1,19.23,234.25
471,21.33,40.5,400.0,0.24,266.31,203.19,0.42,-0.324,95.3,1,18.37,266.73
472,20.92,45.1,423.0,0.28,291.1,222.11,0.29,-0.206,95.2,1,18.05,291.39
473,20.86,38.2,420.0,0.15,306.68,234.0,0.52,-0.428,95.3,1,18.26,307.2
474,20.98,45.5,400.0,0.27,312.0,238.06,0.55,-0.513,95.2,1,19.01,312.55
475,20.6,47.0,400.0,0.28,306.68,234.0,0.85,-0.415,95.3,1,20.23,307.53
476,21.61,51.2,410.0,0.19,291.1,222.11,0.25,-0.72,94.9,0,21.85,291.35
477,20.99,53.6,405.0,0.05,266.31,203.19,0.9,-0.163,95.2,1,23.76,267.21
478,22.18,54.3,400.0,0.05,234.0,178.54,0.54,-0.49,95.2,1,25.81,234.54
479,24.21,57.1,404.0,0.14,196.38,149.83,0.73,0.181,94.4,1,27.88,197.1
480,23.8,56.9,419.0,0.22,156.0,119.03,0.61,0.154,94.5,1,29.82,156.61
481,25.18,60.8,447.0,0.15,196.38,149.83,0.83,0.241,94.2,1,31.5,197.2
482,25.24,56.2,400.0,0.24,234.0,178.54,0.66,0.37,93.7,1,32.8,234.66
483,26.11,61.3,400.0,0.23,266.31,203.19,0.01,0.353,93.7,1,33.64,266.32
484,26.27,58.8,400.0,0.06,291.1,222.11,0.39,0.276,94.1,1,33.96,291.49
485,26.52,56.4,409.0,0.04,306.68,234.0,0.94,0.295,94.0,1,33.73,307.62
486,26.32,54.9,403.0,0.21,312.0,238.06,0.45,0.85,90.8,0,32.97,312.45
487,26.82,52.7,418.0,0.1,306.68,234.0,0.83,0.504,93.0,1,31.73,307.51
488,25.89,53.1,400.0,0.28,291.1,222.11,0.87,0.21,94.3,1,30.09,291.97
489,26.17,54.3,412.0,0.26,266.31,203.19,0.33,0.457,93.2,1,28.18,266.64
490,25.76,47.9,400.0,0.14,234.0,178.54,0.86,0.319,93.9,1,26.11,234.86
491,24.68,42.1,400.0,0.17,196.38,149.83,0.38,0.064,94.7,1,24.02,196.75
492,23.58,42.8,451.0,0.25,156.0,119.03,0.03,-0.18,95.2,1,22.07,156.03
493,23.18,41.8,400.0,0.26,196.38,149.83,0.69,0.018,94.9,1,20.37,197.07
494,22.08,38.2,400.0,0.17,234.0,178.54,0.82,-0.061,95.0,1,19.06,234.82
495,22.08,37.7,400.0,0.29,266.31,203.19,0.45,-0.289,95.3,1,18.21,266.76
496,20.23,41.0,405.0,0.16,291.1,222.11,0.17,-0.419,95.3,1,17.88,291.27
497,20.68,44.2,431.0,0.01,306.68,234.0,0.62,-0.639,95.0,1,18.09,307.3
498,19.75,41.4,405.0,0.17,312.0,238.06,0.74,-0.404,95.3,1,18.84,312.74
499,20.11,45.5,400.0,0.23,306.68,234.0,0.65,-0.61,95.1,1,20.06,307.34
500,21.84,50.7,440.0,0.3,291.1,222.11,0.36,-0.688,94.9,1,21.68,291.46
501,22.08,52.2,410.0,0.03,266.31,203.19,0.37,-0.128,95.1,1,23.59,266.68
502,21.9,57.4,425.0,0.13,234.0,178.54,0.55,-0.456,95.2,1,25.64,234.55
503,22.24,53.9,421.0,0.18,196.38,149.83,0.19,-0.509,95.2,1,27.71,196.57
504,22.29,63.1,400.0,0.26,156.0,119.03,0.85,0.262,94.1,1,29.65,156.85
505,24.28,56.5,400.0,0.21,196.38,149.83,0.1,-0.219,95.2,1,31.33,196.48
506,26.49,55.9,400.0,0.07,234.0,178.54,0.49,0.172,94.4,1,32.64,234.49
507,26.12,59.7,400.0,0.26,266.31,203.19,0.86,0.134,94.5,1,33.47,267.17
508,26.1,56.6,444.0,0.2,291.1,222.11,0.53,0.288,94.0,1,33.79,291.63
509,26.92,57.3,400.0,0.27,306.68,234.0,0.76,0.928,90.3,0,33.56,307.45
510,26.01,55.3,457.0,0.25,312.0,238.06,0.24,0.48,93.1,1,32.8,312.24
511,26.54,52.6,400.0,0.04,306.68,234.0,0.45,0.555,92.7,1,31.56,307.13
512,26.44,48.8,967.0,1.0,378.43,288.74,10.71,0.591,92.5,1,29.93,389.14
513,25.88,48.7,1023.0,1.0,346.2,264.15,10.89,0.224,94.2,1,28.01,357.09
514,25.7,44.8,990.0,1.0,304.2,232.1,10.64,0.465,93.2,1,25.94,314.84
515,24.75,45.5,1009.0,1.0,255.29,194.79,10.24,0.205,94.3,1,23.85,265.53
516,24.14,41.2,997.0,1.0,202.8,154.74,10.15,0.151,94.5,1,21.9,212.95
517,22.69,38.5,996.0,1.0,255.29,194.79,10.84,-0.274,95.3,1,20.21,266.13
518,22.76,36.6,991.0,1.0,304.2,232.1,10.55,-0.161,95.2,1,18.89,314.75
519,22.51,39.9,1005.0,1.0,346.2,264.15,10.18,-0.355,95.3,1,18.04,356.39
520,20.74,38.6,1019.0,1.0,378.43,288.74,10.49,-0.207,95.2,1,17.71,388.92
521,20.48,39.9,1048.0,1.0,398.69,304.2,10.13,-0.591,95.1,1,17.93,408.82
522,21.5,45.7,994.0,1.0,405.6,309.47,10.11,-0.094,95.1,1,18.67,415.71
523,20.84,43.4,400.0,0.13,306.68,234.0,0.92,-0.415,95.3,1,19.9,307.6
524,21.94,52.4,400.0,0.17,291.1,222.11,0.54,-0.458,95.2,1,21.52,291.64
525,21.5,52.4,444.0,0.3,266.31,203.19,0.25,-0.402,95.3,1,23.42,266.56
526,23.07,54.5,421.0,0.14,234.0,178.54,0.88,-0.251,95.2,1,25.48,234.88
527,23.13,54.7,400.0,0.02,196.38,149.83,1.0,-0.255,95.3,1,27.55,197.37
528,23.98,59.9,400.0,0.21,156.0,119.03,0.88,0.133,94.5,1,29.49,156.88
529,25.41,59.5,400.0,0.21,196.38,149.83,0.75,0.127,94.6,1,31.17,197.12
530,25.17,58.6,407.0,0.06,234.0,178.54,0.96,0.639,92.2,1,32.47,234.96
531,25.51,60.2,400.0,0.16,266.31,203.19,0.2,0.267,94.1,1,33.31,266.51
532,26.24,55.5,415.0,0.11,291.1,222.11,0.88,0.409,93.5,1,33.62,291.98
533,26.99,54.1,400.0,0.01,306.68,234.0,0.36,0.396,93.5,1,33.39,307.04
534,26.09,53.2,442.0,0.09,312.0,238.06,0.03,0.874,90.7,0,32.63,312.03
535,27.09,53.7,423.0,0.27,306.68,234.0,0.03,0.194,94.3,1,31.39,306.72
536,26.2,50.5,1002.0,1.0,378.43,288.74,10.19,0.452,93.3,1,29.76,388.62
537,26.57,50.0,1034.0,1.0,346.2,264.15,10.78,0.416,93.4,1,27.84,356.98
538,24.18,43.6,951.0,1.0,304.2,232.1,10.9,0.024,94.8,1,25.77,315.1
539,24.27,44.4,997.0,1.0,255.29,194.79,10.13,0.658,92.1,1,23.69,265.42
540,23.05,41.4,1004.0,1.0,202.8,154.74,10.85,-0.186,95.2,1,21.73,213.65
541,22.7,38.6,1018.0,1.0,255.29,194.79,10.76,-0.123,95.1,1,20.04,266.04
542,22.52,40.8,949.0,1.0,304.2,232.1,10.05,0.087,94.7,1,18.72,314.25
543,21.69,40.1,992.0,1.0,346.2,264.15,10.73,-0.429,95.3,1,17.87,356.93
544,21.18,39.9,1012.0,1.0,378.43,288.74,10.04,-0.404,95.3,1,17.54,388.47
545,20.93,42.7,1014.0,1.0,398.69,304.2,10.26,-0.552,95.2,1,17.76,408.95
546,21.01,44.3,1036.0,1.0,405.6,309.47,10.53,-0.511,95.2,1,18.51,416.13
547,20.51,46.7,423.0,0.14,306.68,234.0,0.91,-0.267,95.3,1,19.73,307.59
548,21.67,48.7,400.0,0.11,291.1,222.11,0.11,-0.517,95.2,1,21.35,291.21
549,22.13,49.5,420.0,0.24,266.31,203.19,0.35,-0.884,94.4,0,23.25,266.66
550,22.61,54.7,400.0,0.09,234.0,178.54,0.58,-0.257,95.3,1,25.31,234.58
551,23.43,55.1,404.0,0.13,196.38,149.83,0.74,-0.117,95.1,1,27.38,197.12
552,24.08,56.4,424.0,0.04,156.0,119.03,0.92,0.039,94.8,1,29.32,156.92
553,25.73,59.0,400.0,0.08,196.38,149.83,0.47,0.093,94.7,1,31.0,196.84
554,25.39,61.5,411.0,0.23,234.0,178.54,0.84,0.077,94.7,1,32.3,234.84
555,25.91,60.1,429.0,0.21,266.31,203.19,0.62,0.305,93.9,1,33.14,266.93
556,26.16,57.8,421.0,0.12,291.1,222.11,0.2,0.786,91.3,0,33.45,291.3
557,26.33,56.3,437.0,0.17,306.68,234.0,0.58,0.475,93.2,1,33.22,307.26
558,26.33,56.7,470.0,0.14,312.0,238.06,0.31,0.631,92.3,1,32.46,312.31
559,26.4,48.2,421.0,0.27,306.68,234.0,0.7,0.276,94.0,1,31.22,307.39
560,26.52,52.1,986.0,1.0,378.43,288.74,10.28,0.375,93.6,1,29.59,388.71
561,26.25,44.1,1015.0,1.0,346.2,264.15,10.26,0.153,94.5,1,27.67,356.46
562,25.49,42.6,1014.0,1.0,304.2,232.1,10.95,0.509,93.0,1,25.6,315.15
563,24.36,42.2,1018.0,1.0,255.29,194.79,10.91,-0.182,95.2,1,23.52,266.2
564,24.42,45.9,1045.0,1.0,202.8,154.74,10.45,0.074,94.7,1,21.57,213.25
565,23.56,43.8,949.0,1.0,255.29,194.79,10.77,-0.061,95.0,1,19.87,266.05
566,22.39,41.4,1045.0,1.0,304.2,232.1,10.98,-0.195,95.2,1,18.56,315.18
567,21.53,40.9,1056.0,1.0,346.2,264.15,10.09,-0.823,94.6,0,17.7,356.29
568,21.66,37.4,1017.0,1.0,378.43,288.74,10.61,-0.838,94.5,0,17.38,389.04
569,21.18,42.9,1018.0,1.0,398.69,304.2,10.25,-0.46,95.2,1,17.59,408.94
570,20.26,43.5,993.0,1.0,405.6,309.47,10.8,-0.685,94.9,1,18.34,416.4
571,21.06,45.3,400.0,0.27,306.68,234.0,0.1,-0.612,95.1,1,19.56,306.79
572,21.53,49.8,421.0,0.15,291.1,222.11,0.79,-0.518,95.2,1,21.18,291.89
573,21.43,51.2,419.0,0.07,266.31,203.19,0.2,-0.564,95.1,1,23.09,266.51
574,22.6,56.3,422.0,0.03,234.0,178.54,0.46,-0.495,95.2,1,25.14,234.46
575,22.5,52.9,419.0,0.21,196.38,149.83,0.81,-0.129,95.1,1,27.21,197.19
576,24.68,58.6,427.0,0.23,156.0,119.03,0.07,-0.381,95.3,1,29.15,156.07
577,25.41,57.8,424.0,0.2,196.38,149.83,0.93,0.028,94.8,1,30.83,197.3
578,25.39,59.2,400.0,0.13,234.0,178.54,0.22,0.117,94.6,1,32.14,234.22
579,26.32,60.4,425.0,0.05,266.31,203.19,0.5,0.349,93.7,1,32.97,266.81
580,25.41,56.7,456.0,0.24,291.1,222.11,0.73,0.91,90.4,0,33.29,291.83
581,26.34,57.7,400.0,0.26,306.68,234.0,0.12,0.287,94.0,1,33.06,306.81
582,26.88,55.0,445.0,0.12,312.0,238.06,0.61,0.581,92.6,1,32.3,312.61
583,26.39,51.7,400.0,0.25,306.68,234.0,0.52,0.527,92.9,1,31.06,307.2
584,26.99,49.5,999.0,1.0,378.43,288.74,10.59,0.545,92.8,1,29.42,389.02
585,27.16,47.6,981.0,1.0,346.2,264.15,10.66,0.311,93.9,1,27.51,356.86
586,24.95,43.9,1041.0,1.0,304.2,232.1,10.42,0.538,92.8,1,25.44,314.62
587,24.4,43.3,1049.0,1.0,255.29,194.79,10.3,0.266,94.1,1,23.35,265.59
588,24.16,41.0,997.0,1.0,202.8,154.74,10.18,0.14,94.5,1,21.4,212.98
589,24.08,39.3,1035.0,1.0,255.29,194.79,10.94,-0.412,95.3,1,19.71,266.23
590,21.94,43.2,1050.0,1.0,304.2,232.1,10.4,-0.231,95.2,1,18.39,314.6
591,22.06,41.1,999.0,1.0,346.2,264.15,10.28,-0.456,95.2,1,17.54,356.48
592,22.37,40.3,1004.0,1.0,378.43,288.74,10.05,-0.605,95.1,1,17.21,388.48
593,20.34,42.9,1022.0,1.0,398.69,304.2,10.75,-0.608,95.1,1,17.43,409.44
594,20.43,42.5,975.0,1.0,405.6,309.47,10.53,-0.511,95.2,1,18.17,416.13
595,20.96,46.1,403.0,0.2,306.68,234.0,0.19,-0.392,95.3,1,19.4,306.88
596,21.21,48.9,464.0,0.05,291.1,222.11,0.89,-0.237,95.2,1,21.02,291.99
597,22.36,49.6,400.0,0.01,266.31,203.19,0.93,-0.167,95.2,1,22.92,267.24
598,22.7,55.4,426.0,0.22,234.0,178.54,0.88,-0.191,95.2,1,24.98,234.88
599,22.42,55.7,416.0,0.04,196.38,149.83,0.56,-0.118,95.1,1,27.05,196.94
600,24.34,57.7,400.0,0.13,156.0,119.03,0.37,-0.065,95.0,1,28.99,156.37
601,24.58,58.4,407.0,0.22,196.38,149.83,0.16,0.08,94.7,1,30.67,196.54
602,26.23,65.9,453.0,0.04,234.0,178.54,0.38,0.094,94.7,1,31.97,234.38
603,25.9,58.4,417.0,0.13,266.31,203.19,0.61,0.268,94.1,1,32.81,266.92
604,26.38,54.7,421.0,0.03,291.1,222.11,0.23,0.504,93.0,1,33.12,291.33
605,27.27,54.2,448.0,0.1,306.68,234.0,0.46,0.791,91.3,0,32.89,307.15
606,27.49,56.9,400.0,0.27,312.0,238.06,0.57,0.47,93.2,1,32.13,312.57
607,27.23,55.7,400.0,0.21,306.68,234.0,0.73,0.321,93.9,1,30.89,307.42
608,25.87,49.1,1053.0,1.0,378.43,288.74,10.09,0.627,92.3,1,29.26,388.52
609,26.51,50.4,1004.0,1.0,346.2,264.15,10.87,-0.047,95.0,1,27.34,357.07
610,25.1,46.9,1027.0,1.0,304.2,232.1,10.46,0.459,93.2,1,25.27,314.66
611,25.02,42.9,977.0,1.0,255.29,194.79,10.58,-0.157,95.2,1,23.19,265.87
612,23.41,41.1,1012.0,1.0,202.8,154.74,10.94,0.131,94.5,1,21.23,213.74
613,23.57,40.8,967.0,1.0,255.29,194.79,10.17,-0.225,95.2,1,19.54,265.46
614,22.23,41.8,1002.0,1.0,304.2,232.1,10.88,-0.186,95.2,1,18.22,315.08
615,21.37,41.0,981.0,1.0,346.2,264.15,10.8,0.063,94.7,1,17.37,357.01
616,21.9,39.8,974.0,1.0,378.43,288.74,10.99,-0.601,95.1,1,17.04,389.42
617,21.36,42.3,991.0,1.0,398.69,304.2,10.39,-0.683,94.9,1,17.26,409.08
618,20.84,48.6,931.0,1.0,405.6,309.47,10.13,-0.484,95.2,1,18.01,415.73
619,21.98,47.5,400.0,0.13,306.68,234.0,0.01,-0.178,95.2,1,19.23,306.7
620,21.33,51.3,423.0,0.18,291.1,222.11,0.79,-0.397,95.3,1,20.85,291.89
621,22.05,53.2,410.0,0.11,266.31,203.19,0.14,-0.345,95.3,1,22.76,266.45
622,22.79,55.1,400.0,0.06,234.0,178.54,0.31,-0.216,95.2,1,24.81,234.31
623,23.07,56.9,416.0,0.2,196.38,149.83,0.99,-0.33,95.3,1,26.88,197.36
624,24.4,60.2,400.0,0.2,156.0,119.03,0.44,0.036,94.8,1,28.82,156.44
625,24.68,61.0,422.0,0.13,196.38,149.83,0.23,0.051,94.8,1,30.5,196.61
626,25.46,60.5,400.0,0.15,234.0,178.54,0.75,0.514,93.0,1,31.81,234.75
627,26.98,58.4,400.0,0.02,266.31,203.19,0.27,0.513,93.0,1,32.64,266.58
628,26.25,59.7,400.0,0.14,291.1,222.11,0.53,0.168,94.4,1,32.96,291.63
629,25.87,57.3,477.0,0.24,306.68,234.0,0.16,0.426,93.4,1,32.73,306.84
630,27.99,54.8,400.0,0.18,312.0,238.06,0.46,0.606,92.4,1,31.97,312.46
631,28.36,58.4,407.0,0.28,306.68,234.0,0.11,0.287,94.0,1,30.73,306.79
632,26.59,47.4,423.0,0.21,291.1,222.11,0.77,0.217,94.3,1,29.1,291.87
633,25.35,49.8,400.0,0.23,266.31,203.19,0.37,0.261,94.1,1,27.18,266.67
634,25.54,43.7,400.0,0.14,234.0,178.54,0.32,0.319,93.9,1,25.11,234.32
635,24.83,43.5,400.0,0.05,196.38,149.83,0.99,0.337,93.8,1,23.02,197.37
636,24.11,46.7,423.0,0.27,156.0,119.03,0.83,0.046,94.8,1,21.07,156.83
637,22.87,38.5,400.0,0.2,196.38,149.83,0.55,0.363,93.7,1,19.38,196.93
638,23.0,38.6,400.0,0.27,234.0,178.54,0.94,-0.385,95.3,1,18.06,234.94
639,22.35,40.2,427.0,0.19,266.31,203.19,0.21,-0.205,95.2,1,17.21,266.52
640,20.87,39.4,400.0,0.14,291.1,222.11,0.57,-0.655,95.0,1,16.88,291.67
641,21.67,44.4,400.0,0.04,306.68,234.0,0.93,-0.161,95.2,1,17.1,307.61
642,22.25,43.5,400.0,0.12,312.0,238.06,0.57,-0.228,95.2,1,17.84,312.57
643,21.41,48.3,410.0,0.18,306.68,234.0,0.31,-0.341,95.3,1,19.07,306.99
644,21.46,46.9,407.0,0.28,291.1,222.11,0.81,-0.78,94.7,0,20.69,291.91
645,22.04,48.5,424.0,0.25,266.31,203.19,0.14,-0.213,95.2,1,22.59,266.45
646,23.04,54.1,400.0,0.15,234.0,178.54,0.15,-0.414,95.3,1,24.65,234.15
647,22.6,53.6,400.0,0.13,196.38,149.83,0.73,-0.039,95.0,1,26.72,197.11
648,24.32,61.5,400.0,0.01,156.0,119.03,0.07,-0.291,95.3,1,28.66,156.07
649,24.83,56.5,400.0,0.11,196.38,149.83,0.05,0.183,94.4,1,30.34,196.43
650,26.67,57.9,444.0,0.29,234.0,178.54,0.38,0.179,94.4,1,31.64,234.38
651,26.28,60.6,400.0,0.22,266.31,203.19,0.4,0.198,94.3,1,32.48,266.71
652,27.69,57.7,400.0,0.16,291.1,222.11,0.47,0.552,92.8,1,32.79,291.57
653,26.6,54.4,400.0,0.26,306.68,234.0,0.74,0.473,93.2,1,32.56,307.43
654,27.55,59.5,400.0,0.01,312.0,238.06,0.57,0.459,93.2,1,31.8,312.57
655,27.32,51.0,400.0,0.29,306.68,234.0,0.71,0.63,92.3,1,30.57,307.4
656,26.43,50.1,420.0,0.21,291.1,222.11,0.05,0.814,91.1,0,28.93,291.15
657,26.48,47.5,400.0,0.0,266.31,203.19,0.32,0.409,93.5,1,27.02,266.62
658,26.38,46.8,409.0,0.21,234.0,178.54,0.97,-0.111,95.1,1,24.94,234.97
659,24.89,44.2,401.0,0.02,196.38,149.83,0.43,-0.182,95.2,1,22.86,196.8
660,23.43,39.9,400.0,0.19,156.0,119.03,0.22,0.014,94.9,1,20.91,156.22
661,23.5,39.8,407.0,0.09,196.38,149.83,0.99,0.076,94.7,1,19.21,197.37
662,22.33,39.6,400.0,0.06,234.0,178.54,0.41,-0.223,95.2,1,17.9,234.41
663,22.0,41.7,425.0,0.19,266.31,203.19,0.48,-0.251,95.2,1,17.05,266.79
664,21.65,38.8,400.0,0.13,291.1,222.11,0.22,-0.445,95.3,1,16.72,291.32
665,20.54,46.6,400.0,0.02,306.68,234.0,0.66,-0.291,95.3,1,16.93,307.34
666,20.49,43.1,400.0,0.25,312.0,238.06,0.21,-0.377,95.3,1,17.68,312.21
667,21.65,46.9,421.0,0.08,306.68,234.0,0.61,-0.687,94.9,1,18.91,307.29
668,21.45,47.2,416.0,0.19,291.1,222.11,0.76,-0.343,95.3,1,20.53,291.86
669,20.9,49.5,400.0,0.18,266.31,203.19,0.65,-0.662,95.0,1,22.43,266.96
670,23.2,52.8,408.0,0.02,234.0,178.54,0.09,-0.16,95.2,1,24.49,234.09
671,23.67,54.8,400.0,0.3,196.38,149.83,0.08,-0.186,95.2,1,26.56,196.46
672,23.96,57.6,400.0,0.13,156.0,119.03,0.84,0.032,94.8,1,28.5,156.84
673,24.44,57.6,400.0,0.06,196.38,149.83,0.9,0.194,94.3,1,30.18,197.28
674,26.24,61.4,400.0,0.13,234.0,178.54,0.14,0.306,93.9,1,31.48,234.14
675,26.62,58.2,415.0,0.18,266.31,203.19,0.38,0.637,92.3,1,32.32,266.68
676,28.12,57.1,422.0,0.0,291.1,222.11,0.65,0.44,93.3,1,32.63,291.75
677,27.44,56.6,400.0,0.09,306.68,234.0,0.84,0.521,92.9,1,32.4,307.52
678,27.53,57.4,400.0,0.16,312.0,238.06,0.91,0.766,91.4,0,31.64,312.91
679,27.15,53.5,400.0,0.21,306.68,234.0,0.7,0.862,90.8,0,30.4,307.38
680,27.35,50.3,954.0,1.0,378.43,288.74,10.15,0.429,93.4,1,28.77,388.58
681,26.78,45.0,986.0,1.0,346.2,264.15,10.77,0.251,94.1,1,26.85,356.97
682,26.48,43.1,1040.0,1.0,304.2,232.1,10.86,0.157,94.5,1,24.78,315.06
683,24.87,40.7,955.0,1.0,255.29,194.79,10.35,0.22,94.3,1,22.7,265.64
684,24.14,44.2,990.0,1.0,202.8,154.74,10.49,-0.041,95.0,1,20.74,213.29
685,23.34,41.5,982.0,1.0,255.29,194.79,10.17,-0.479,95.2,1,19.05,265.45
686,23.26,38.3,1060.0,1.0,304.2,232.1,10.3,-0.025,94.9,1,17.73,314.5
687,22.99,39.1,984.0,1.0,346.2,264.15,10.87,-0.19,95.2,1,16.88,357.07
688,21.54,39.5,986.0,1.0,378.43,288.74,10.09,-0.204,95.2,1,16.56,388.52
689,21.26,40.8,969.0,1.0,398.69,304.2,10.76,-0.214,95.2,1,16.77,409.45
690,21.53,45.5,1000.0,1.0,405.6,309.47,10.1,-0.462,95.2,1,17.52,415.7
691,21.36,46.4,408.0,0.19,306.68,234.0,0.29,-0.431,95.3,1,18.74,306.98
692,22.26,53.7,400.0,0.19,291.1,222.11,0.58,-0.232,95.2,1,20.36,291.68
693,21.14,54.6,430.0,0.0,266.31,203.19,0.0,-0.597,95.1,1,22.27,266.31
694,22.47,57.2,408.0,0.1,234.0,178.54,0.68,-0.32,95.3,1,24.32,234.68
695,23.22,58.1,426.0,0.07,196.38,149.83,0.32,-0.141,95.1,1,26.39,196.69
696,23.23,57.6,400.0,0.25,156.0,119.03,0.75,0.184,94.4,1,28.33,156.75
697,24.69,60.7,407.0,0.08,196.38,149.83,0.98,0.022,94.8,1,30.01,197.35
698,25.44,59.3,400.0,0.1,234.0,178.54,0.42,0.108,94.6,1,31.32,234.42
699,26.42,63.0,444.0,0.16,266.31,203.19,0.03,0.267,94.1,1,32.16,266.34
700,27.56,59.7,403.0,0.16,291.1,222.11,0.85,0.527,92.9,1,32.47,291.95
701,27.18,57.9,400.0,0.24,306.68,234.0,0.27,0.469,93.2,1,32.24,306.96
702,26.9,55.7,400.0,0.12,312.0,238.06,0.15,0.21,94.3,1,31.48,312.15
703,27.28,56.5,400.0,0.08,306.68,234.0,0.88,0.232,94.2,1,30.24,307.56
704,27.54,47.6,1007.0,1.0,378.43,288.74,10.23,0.46,93.2,1,28.61,388.66
705,26.06,51.5,1025.0,1.0,346.2,264.15,10.61,0.388,93.6,1,26.69,356.81
706,25.47,45.0,979.0,1.0,304.2,232.1,10.25,0.256,94.1,1,24.62,314.45
707,25.48,40.5,1004.0,1.0,255.29,194.79,10.71,0.035,94.8,1,22.54,266.0
708,24.32,40.1,1006.0,1.0,202.8,154.74,10.65,0.158,94.5,1,20.58,213.45
709,23.98,37.2,1011.0,1.0,255.29,194.79,10.51,-0.056,95.0,1,18.89,265.8
710,22.93,41.3,949.0,1.0,304.2,232.1,10.56,-0.183,95.2,1,17.57,314.76
711,22.67,38.2,972.0,1.0,346.2,264.15,10.23,-0.279,95.3,1,16.72,356.43
712,21.33,41.5,959.0,1.0,378.43,288.74,10.02,-0.114,95.1,1,16.39,388.45
713,21.54,44.9,1001.0,1.0,398.69,304.2,10.8,-0.688,94.9,1,16.61,409.49
714,21.34,43.3,973.0,1.0,405.6,309.47,10.89,-0.584,95.1,1,17.36,416.49
715,20.95,46.4,400.0,0.07,306.68,234.0,0.78,-0.55,95.2,1,18.58,307.46
716,21.08,46.9,400.0,0.22,291.1,222.11,0.71,-0.181,95.2,1,20.2,291.81
717,22.68,51.4,400.0,0.2,266.31,203.19,0.47,-0.428,95.3,1,22.11,266.78
718,22.79,59.7,400.0,0.07,234.0,178.54,0.58,-0.408,95.3,1,24.16,234.58
719,23.18,58.3,423.0,0.3,196.38,149.83,0.69,-0.151,95.2,1,26.23,197.07
720,24.42,57.9,414.0,0.28,156.0,119.03,0.03,0.021,94.8,1,28.17,156.03
721,25.81,58.3,405.0,0.08,196.38,149.83,0.42,0.369,93.7,1,29.85,196.8
722,24.83,59.9,400.0,0.13,234.0,178.54,0.22,0.174,94.4,1,31.16,234.22
723,25.85,60.0,400.0,0.27,266.31,203.19,0.36,0.216,94.3,1,32.0,266.67
724,26.62,58.0,400.0,0.12,291.1,222.11,0.75,0.251,94.1,1,32.31,291.85
725,28.11,58.5,400.0,0.29,306.68,234.0,0.36,0.414,93.5,1,32.08,307.05
726,27.63,53.5,407.0,0.06,312.0,238.06,0.74,1.013,89.6,0,31.32,312.74
727,27.77,51.1,419.0,0.22,306.68,234.0,0.97,0.559,92.7,1,30.08,307.66
728,26.52,51.2,1010.0,1.0,378.43,288.74,10.92,0.553,92.7,1,28.45,389.35
729,26.06,45.5,1038.0,1.0,346.2,264.15,10.83,0.353,93.7,1,26.53,357.03
730,26.22,46.9,983.0,1.0,304.2,232.1,10.85,0.277,94.0,1,24.46,315.05
731,25.31,43.2,982.0,1.0,255.29,194.79,10.39,0.287,94.0,1,22.38,265.68
732,24.78,37.9,1031.0,1.0,202.8,154.74,10.73,0.113,94.6,1,20.42,213.53
733,23.64,40.7,1005.0,1.0,255.29,194.79,10.67,-0.06,95.0,1,18.73,265.96
734,23.15,36.6,993.0,1.0,304.2,232.1,10.98,-0.247,95.2,1,17.41,315.18
735,22.47,41.6,1055.0,1.0,346.2,264.15,10.57,-0.424,95.3,1,16.56,356.78
736,22.31,40.6,1017.0,1.0,378.43,288.74,10.43,-0.348,95.3,1,16.23,388.86
737,22.03,46.3,994.0,1.0,398.69,304.2,10.84,-0.466,95.2,1,16.45,409.53
738,20.71,46.7,979.0,1.0,405.6,309.47,10.75,-0.073,95.0,1,17.2,416.35
739,20.51,44.8,440.0,0.05,306.68,234.0,0.12,-0.273,95.3,1,18.42,306.81
740,22.43,45.5,406.0,0.25,291.1,222.11,0.6,-0.568,95.1,1,20.04,291.7
741,23.01,50.6,401.0,0.03,266.31,203.19,0.59,-0.587,95.1,1,21.95,266.9
742,22.53,52.1,420.0,0.22,234.0,178.54,0.63,-0.33,95.3,1,24.0,234.63
743,22.83,60.4,426.0,0.02,196.38,149.83,0.94,-0.346,95.3,1,26.07,197.32
744,24.59,58.4,416.0,0.01,156.0,119.03,0.6,-0.092,95.1,1,28.01,156.6
745,25.79,61.4,427.0,0.13,196.38,149.83,0.87,-0.065,95.0,1,29.69,197.25
746,26.95,59.4,414.0,0.11,234.0,178.54,0.36,0.185,94.4,1,31.0,234.36
747,26.93,59.4,417.0,0.16,266.31,203.19,0.06,0.291,94.0,1,31.84,266.37
748,26.97,58.8,400.0,0.21,291.1,222.11,0.38,0.462,93.2,1,32.15,291.48
749,27.01,59.6,454.0,0.09,306.68,234.0,0.53,0.442,93.3,1,31.92,307.22
750,27.57,56.0,400.0,0.06,312.0,238.06,0.83,0.32,93.9,1,31.16,312.83
751,27.31,50.9,409.0,0.25,306.68,234.0,0.63,0.726,91.7,0,29.92,307.32
752,26.66,53.7,960.0,1.0,378.43,288.74,10.44,0.514,93.0,1,28.29,388.87
753,27.72,47.3,997.0,1.0,346.2,264.15,10.46,0.245,94.2,1,26.37,356.66
754,26.97,44.5,983.0,1.0,304.2,232.1,11.0,0.073,94.7,1,24.3,315.2
755,25.92,37.6,1004.0,1.0,255.29,194.79,10.14,-0.164,95.2,1,22.22,265.43
756,24.12,42.9,1010.0,1.0,202.8,154.74,10.21,-0.308,95.3,1,20.26,213.01
757,24.23,40.7,971.0,1.0,255.29,194.79,10.63,0.08,94.7,1,18.57,265.91
758,23.41,40.2,999.0,1.0,304.2,232.1,10.7,-0.062,95.0,1,17.25,314.9
759,22.69,39.4,1042.0,1.0,346.2,264.15,10.39,-0.47,95.2,1,16.4,356.6
760,22.62,40.0,961.0,1.0,378.43,288.74,10.03,-0.16,95.2,1,16.08,388.46
761,22.02,41.9,974.0,1.0,398.69,304.2,10.52,-0.36,95.3,1,16.29,409.21
762,21.97,45.5,1026.0,1.0,405.6,309.47,10.14,-0.459,95.2,1,17.04,415.74
763,22.02,48.2,402.0,0.03,306.68,234.0,0.06,-0.311,95.3,1,18.26,306.74
764,22.18,49.1,405.0,0.16,291.1,222.11,0.34,-0.309,95.3,1,19.88,291.44
765,21.59,54.0,431.0,0.29,266.31,203.19,0.14,-0.323,95.3,1,21.79,266.44
766,23.15,54.4,400.0,0.15,234.0,178.54,0.44,-0.298,95.3,1,23.85,234.44
767,23.56,55.7,400.0,0.24,196.38,149.83,0.76,-0.151,95.2,1,25.91,197.14
768,23.98,58.8,400.0,0.14,156.0,119.03,0.05,-0.322,95.3,1,27.86,156.05
769,26.24,56.8,400.0,0.26,196.38,149.83,0.5,-0.031,95.0,1,29.54,196.88
770,26.99,60.5,440.0,0.24,234.0,178.54,0.5,0.61,92.4,1,30.84,234.5
771,27.43,56.7,400.0,0.21,266.31,203.19,0.0,0.188,94.4,1,31.68,266.31
772,27.35,56.8,400.0,0.18,291.1,222.11,0.74,0.063,94.7,1,31.99,291.84
773,28.21,53.4,400.0,0.16,306.68,234.0,0.09,0.664,92.1,1,31.76,306.77
774,27.64,55.1,442.0,0.29,312.0,238.06,0.93,0.55,92.8,1,31.0,312.93
775,27.64,56.3,400.0,0.17,306.68,234.0,0.64,0.544,92.8,1,29.76,307.32
776,26.69,50.2,990.0,1.0,378.43,288.74,10.29,0.402,93.5,1,28.13,388.72
777,26.96,49.2,952.0,1.0,346.2,264.15,10.93,0.536,92.8,1,26.21,357.13
778,26.18,50.1,992.0,1.0,304.2,232.1,10.4,0.556,92.7,1,24.14,314.6
779,24.78,44.1,1026.0,1.0,255.29,194.79,10.26,0.025,94.8,1,22.06,265.55
780,24.63,40.1,1008.0,1.0,202.8,154.74,10.38,0.127,94.6,1,20.11,213.18
781,23.84,39.2,997.0,1.0,255.29,194.79,10.61,0.094,94.7,1,18.41,265.9
782,24.06,40.0,953.0,1.0,304.2,232.1,10.72,-0.366,95.3,1,17.1,314.92
783,22.99,39.0,990.0,1.0,346.2,264.15,10.66,-0.052,95.0,1,16.25,356.86
784,22.07,40.0,1004.0,1.0,378.43,288.74,10.92,-0.21,95.2,1,15.92,389.35
785,21.9,44.6,970.0,1.0,398.69,304.2,10.96,-0.731,94.8,0,16.13,409.65
786,21.69,46.6,1020.0,1.0,405.6,309.47,10.2,-0.181,95.2,1,16.88,415.8
787,21.68,43.7,427.0,0.1,306.68,234.0,0.91,-0.721,94.9,0,18.11,307.6
788,21.54,47.9,400.0,0.3,291.1,222.11,0.11,-0.571,95.1,1,19.73,291.21
789,22.48,51.2,422.0,0.11,266.31,203.19,0.96,-0.217,95.2,1,21.63,267.27
790,22.81,55.8,400.0,0.11,234.0,178.54,0.26,-0.042,95.0,1,23.69,234.26
791,23.29,59.0,434.0,0.29,196.38,149.83,0.27,-0.11,95.1,1,25.76,196.64
792,24.95,63.8,461.0,0.2,156.0,119.03,0.42,-0.126,95.1,1,27.7,156.42
793,25.67,58.6,400.0,0.28,196.38,149.83,0.18,0.077,94.7,1,29.38,196.56
794,25.3,59.2,423.0,0.19,234.0,178.54,0.83,0.174,94.4,1,30.68,234.83
795,26.76,60.9,439.0,0.07,266.31,203.19,0.12,0.522,92.9,1,31.52,266.43
796,27.8,57.5,400.0,0.12,291.1,222.11,0.44,0.352,93.7,1,31.84,291.54
797,28.13,57.1,400.0,0.26,306.68,234.0,0.91,0.353,93.7,1,31.6,307.59
798,28.22,54.6,400.0,0.15,312.0,238.06,0.64,0.205,94.3,1,30.84,312.64
799,27.63,47.8,400.0,0.21,306.68,234.0,0.61,0.364,93.7,1,29.61,307.29
800,26.89,50.7,400.0,0.05,291.1,222.11,0.99,0.409,93.5,1,27.97,292.09
801,26.3,47.5,400.0,0.12,266.31,203.19,0.02,0.127,94.6,1,26.06,266.33
802,26.39,48.0,425.0,0.25,234.0,178.54,0.32,-0.099,95.1,1,23.99,234.32
803,25.69,43.3,400.0,0.28,196.38,149.83,0.13,0.325,93.8,1,21.9,196.5
804,25.37,39.1,400.0,0.1,156.0,119.03,0.18,-0.2,95.2,1,19.95,156.18
805,24.5,40.0,420.0,0.05,196.38,149.83,0.22,-0.391,95.3,1,18.26,196.59
806,23.17,35.8,417.0,0.01,234.0,178.54,0.63,0.064,94.7,1,16.94,234.63
807,21.99,37.8,400.0,0.04,266.31,203.19,0.27,-0.184,95.2,1,16.09,266.58
808,21.98,42.4,417.0,0.25,291.1,222.11,0.66,-0.228,95.2,1,15.76,291.76
809,21.95,42.1,440.0,0.14,306.68,234.0,0.74,-0.382,95.3,1,15.98,307.42
810,21.64,46.4,400.0,0.09,312.0,238.06,0.4,-0.238,95.2,1,16.73,312.4
811,21.56,43.0,400.0,0.23,306.68,234.0,0.54,-0.306,95.3,1,17.95,307.22
812,22.28,49.0,426.0,0.24,291.1,222.11,0.13,-0.502,95.2,1,19.57,291.23
813,22.38,51.2,452.0,0.11,266.31,203.19,0.75,-0.567,95.1,1,21.47,267.06
814,22.94,56.5,400.0,0.27,234.0,178.54,0.42,-0.507,95.2,1,23.53,234.42
815,24.14,58.1,401.0,0.14,196.38,149.83,0.83,-0.157,95.2,1,25.6,197.21
816,24.56,59.7,433.0,0.08,156.0,119.03,0.53,-0.22,95.2,1,27.54,156.53
817,25.66,62.6,403.0,0.27,196.38,149.83,0.7,-0.03,95.0,1,29.22,197.07
818,26.4,59.3,400.0,0.05,234.0,178.54,0.36,0.22,94.3,1,30.53,234.36
819,26.32,62.4,413.0,0.3,266.31,203.19,0.37,0.633,92.3,1,31.36,266.68
820,27.13,56.8,400.0,0.18,291.1,222.11,0.44,0.131,94.6,1,31.68,291.54
821,28.39,55.2,400.0,0.27,306.68,234.0,0.64,0.489,93.1,1,31.45,307.32
822,27.2,56.9,400.0,0.05,312.0,238.06,0.51,0.25,94.1,1,30.69,312.51
823,26.62,50.0,436.0,0.12,306.68,234.0,0.8,0.372,93.6,1,29.45,307.49
824,26.45,51.6,400.0,0.26,291.1,222.11,0.05,0.619,92.4,1,27.82,291.15
825,26.92,48.1,410.0,0.25,266.31,203.19,0.9,0.184,94.4,1,25.9,267.21
826,26.31,47.6,417.0,0.26,234.0,178.54,0.93,0.197,94.3,1,23.83,234.93
827,25.51,43.2,405.0,0.08,196.38,149.83,0.24,0.158,94.5,1,21.75,196.62
828,25.41,41.7,409.0,0.19,156.0,119.03,0.1,0.14,94.5,1,19.79,156.1
829,22.69,41.5,411.0,0.12,196.38,149.83,0.57,-0.239,95.2,1,18.1,196.95
830,23.5,38.7,404.0,0.1,234.0,178.54,0.06,0.002,94.9,1,16.78,234.06
831,23.47,38.8,400.0,0.16,266.31,203.19,0.23,-0.443,95.3,1,15.93,266.54
832,21.65,42.1,400.0,0.21,291.1,222.11,0.51,-0.336,95.3,1,15.61,291.61
833,21.73,42.5,400.0,0.16,306.68,234.0,0.61,-0.521,95.2,1,15.82,307.3
834,21.44,43.8,400.0,0.07,312.0,238.06,0.19,-0.352,95.3,1,16.57,312.19
835,21.47,46.8,413.0,0.24,306.68,234.0,0.93,-0.077,95.0,1,17.8,307.62
836,22.06,52.7,433.0,0.29,291.1,222.11,0.18,-0.489,95.2,1,19.42,291.28
837,23.42,51.2,410.0,0.11,266.31,203.19,0.15,-0.357,95.3,1,21.32,266.46
838,24.25,53.6,400.0,0.25,234.0,178.54,0.16,-0.336,95.3,1,23.38,234.16
839,23.89,53.3,400.0,0.26,196.38,149.83,0.93,-0.247,95.2,1,25.45,197.31
840,25.79,58.3,400.0,0.08,156.0,119.03,0.88,-0.14,95.1,1,27.39,156.88
841,25.63,60.8,400.0,0.21,196.38,149.83,0.03,0.126,94.6,1,29.07,196.41
842,27.22,61.7,400.0,0.28,234.0,178.54,0.73,0.095,94.7,1,30.37,234.73
843,26.92,60.0,407.0,0.22,266.31,203.19,0.07,0.204,94.3,1,31.21,266.38
844,27.51,60.8,403.0,0.01,291.1,222.11,0.08,-0.2,95.2,1,31.52,291.18
845,27.93,58.9,456.0,0.18,306.68,234.0,0.08,0.76,91.5,0,31.29,306.76
846,29.44,57.6,414.0,0.23,312.0,238.06,0.83,0.829,91.0,0,30.53,312.83
847,28.18,55.0,457.0,0.19,306.68,234.0,0.43,0.613,92.4,1,29.3,307.11
848,27.1,53.6,1021.0,1.0,378.43,288.74,10.56,0.258,94.1,1,27.66,388.99
849,27.47,47.5,1033.0,1.0,346.2,264.15,10.03,0.101,94.6,1,25.75,356.23
850,26.18,42.8,989.0,1.0,304.2,232.1,10.9,-0.063,95.0,1,23.68,315.1
851,25.4,44.6,968.0,1.0,255.29,194.79,10.98,0.257,94.1,1,21.59,266.27
852,25.32,43.1,987.0,1.0,202.8,154.74,10.24,0.253,94.1,1,19.64,213.04
853,24.11,43.6,1000.0,1.0,255.29,194.79,10.66,-0.096,95.1,1,17.95,265.95
854,23.51,42.6,981.0,1.0,304.2,232.1,10.68,-0.078,95.0,1,16.63,314.88
855,22.76,44.1,970.0,1.0,346.2,264.15,10.97,-0.265,95.3,1,15.78,357.17
856,22.45,42.4,1013.0,1.0,378.43,288.74,10.48,-0.587,95.1,1,15.45,388.91
857,22.2,43.1,970.0,1.0,398.69,304.2,10.24,-0.281,95.3,1,15.67,408.93
858,20.92,41.8,954.0,1.0,405.6,309.47,10.36,-0.311,95.3,1,16.42,415.96
859,22.32,47.6,400.0,0.09,306.68,234.0,0.64,-0.681,94.9,1,17.64,307.32
860,21.8,48.4,400.0,0.27,291.1,222.11,0.47,-0.272,95.3,1,19.26,291.57
861,22.05,52.6,400.0,0.23,266.31,203.19,0.08,-0.383,95.3,1,21.17,266.39
862,23.37,54.7,400.0,0.18,234.0,178.54,0.81,-0.302,95.3,1,23.22,234.81
863,24.17,57.7,418.0,0.13,196.38,149.83,0.86,-0.051,95.0,1,25.29,197.24
864,24.56,58.2,417.0,0.27,156.0,119.03,0.48,0.072,94.7,1,27.23,156.48
865,26.1,61.4,400.0,0.22,196.38,149.83,0.52,0.307,93.9,1,28.91,196.9
866,25.74,54.5,400.0,0.13,234.0,178.54,0.49,0.08,94.7,1,30.22,234.49
867,26.83,60.2,400.0,0.15,266.31,203.19,0.53,0.467,93.2,1,31.06,266.84
868,27.22,61.3,420.0,0.03,291.1,222.11,0.1,0.201,94.3,1,31.37,291.2
869,27.79,61.1,427.0,0.24,306.68,234.0,0.43,0.447,93.3,1,31.14,307.12
870,28.06,56.9,411.0,0.25,312.0,238.06,0.45,0.478,93.1,1,30.38,312.45
871,27.32,56.4,436.0,0.11,306.68,234.0,1.0,0.677,92.0,1,29.14,307.68
872,27.89,50.8,1052.0,1.0,378.43,288.74,10.05,0.435,93.4,1,27.51,388.48
873,27.08,47.9,986.0,1.0,346.2,264.15,10.31,0.301,93.9,1,25.59,356.51
874,25.49,46.5,1045.0,1.0,304.2,232.1,10.5,0.535,92.8,1,23.52,314.7
875,24.73,43.3,992.0,1.0,255.29,194.79,10.85,0.044,94.8,1,21.44,266.14
876,24.93,40.0,1031.0,1.0,202.8,154.74,10.46,-0.094,95.1,1,19.49,213.26
877,24.05,39.4,1021.0,1.0,255.29,194.79,10.29,-0.505,95.2,1,17.79,265.58
878,23.39,37.8,941.0,1.0,304.2,232.1,10.54,-0.293,95.3,1,16.48,314.74
879,22.81,41.3,971.0,1.0,346.2,264.15,10.3,-0.541,95.2,1,15.63,356.5
880,22.47,41.1,963.0,1.0,378.43,288.74,10.55,-0.483,95.2,1,15.3,388.98
881,22.53,41.9,947.0,1.0,398.69,304.2,10.69,-0.435,95.3,1,15.52,409.38
882,21.4,43.5,1026.0,1.0,405.6,309.47,10.53,-0.717,94.9,0,16.26,416.13
883,21.48,48.0,462.0,0.29,306.68,234.0,0.61,-0.648,95.0,1,17.49,307.29
884,21.82,51.1,400.0,0.17,291.1,222.11,0.04,-0.753,94.8,0,19.11,291.14
885,22.99,49.9,426.0,0.24,266.31,203.19,0.66,-0.456,95.2,1,21.01,266.97
886,24.09,52.0,445.0,0.03,234.0,178.54,0.97,-0.439,95.3,1,23.07,234.97
887,23.98,58.6,406.0,0.1,196.38,149.83,0.49,0.299,94.0,1,25.14,196.87
888,23.72,55.7,400.0,0.27,156.0,119.03,0.8,0.301,94.0,1,27.08,156.8
889,24.9,60.6,400.0,0.24,196.38,149.83,0.55,0.398,93.5,1,28.76,196.92
890,26.06,63.2,416.0,0.22,234.0,178.54,0.7,-0.009,94.9,1,30.07,234.7
891,26.82,63.0,426.0,0.18,266.31,203.19,0.31,0.318,93.9,1,30.9,266.62
892,27.38,60.4,414.0,0.08,291.1,222.11,0.97,0.192,94.4,1,31.22,292.07
893,27.91,58.8,413.0,0.18,306.68,234.0,0.22,0.852,90.8,0,30.99,306.9
894,27.84,59.9,400.0,0.02,312.0,238.06,0.16,0.666,92.1,1,30.23,312.16
895,28.42,48.4,400.0,0.06,306.68,234.0,0.05,0.272,94.1,1,28.99,306.73
896,27.26,49.5,1027.0,1.0,378.43,288.74,10.54,0.507,93.0,1,27.36,388.97
897,26.69,49.6,961.0,1.0,346.2,264.15,10.62,0.057,94.8,1,25.44,356.82
898,26.74,44.7,1019.0,1.0,304.2,232.1,10.65,0.223,94.2,1,23.37,314.85
899,25.01,45.7,1023.0,1.0,255.29,194.79,10.17,0.094,94.7,1,21.29,265.46
900,25.2,41.5,966.0,1.0,202.8,154.74,10.65,0.148,94.5,1,19.34,213.45
901,24.29,40.7,982.0,1.0,255.29,194.79,10.17,0.068,94.7,1,17.64,265.45
902,23.44,39.5,1064.0,1.0,304.2,232.1,10.75,-0.246,95.2,1,16.33,314.95
903,23.69,39.2,998.0,1.0,346.2,264.15,10.28,-0.398,95.3,1,15.48,356.48
904,22.11,40.0,963.0,1.0,378.43,288.74,10.42,-1.08,93.6,0,15.15,388.85
905,23.15,43.1,1024.0,1.0,398.69,304.2,10.37,-0.171,95.2,1,15.37,409.06
906,21.91,43.0,977.0,1.0,405.6,309.47,10.37,-0.632,95.0,1,16.11,415.97
907,21.49,48.9,400.0,0.22,306.68,234.0,0.72,-0.463,95.2,1,17.34,307.41
908,22.47,50.8,416.0,0.03,291.1,222.11,1.0,0.019,94.8,1,18.96,292.1
909,22.37,54.3,400.0,0.19,266.31,203.19,0.53,-0.592,95.1,1,20.86,266.84
910,23.16,52.3,410.0,0.08,234.0,178.54,0.4,-0.246,95.2,1,22.92,234.4
911,24.46,53.3,400.0,0.22,196.38,149.83,0.29,-0.03,95.0,1,24.99,196.67
912,25.32,58.4,421.0,0.16,156.0,119.03,0.62,0.218,94.3,1,26.93,156.62
913,25.51,65.3,406.0,0.05,196.38,149.83,0.45,0.13,94.6,1,28.61,196.83
914,27.04,62.5,400.0,0.12,234.0,178.54,0.77,0.485,93.1,1,29.92,234.77
915,27.75,58.7,411.0,0.15,266.31,203.19,0.61,0.27,94.1,1,30.75,266.92
916,28.37,59.7,400.0,0.3,291.1,222.11,0.41,0.542,92.8,1,31.07,291.51
917,28.22,58.9,443.0,0.14,306.68,234.0,0.95,0.566,92.7,1,30.84,307.64
918,28.74,52.7,412.0,0.05,312.0,238.06,0.01,0.482,93.1,1,30.08,312.01
919,27.02,55.8,423.0,0.17,306.68,234.0,0.69,0.548,92.8,1,28.84,307.37
920,27.5,50.1,979.0,1.0,378.43,288.74,10.41,0.258,94.1,1,27.21,388.84
921,26.76,47.7,976.0,1.0,346.2,264.15,10.12,0.294,94.0,1,25.29,356.32
922,26.63,45.5,999.0,1.0,304.2,232.1,10.09,-0.007,94.9,1,23.22,314.29
923,25.56,45.6,989.0,1.0,255.29,194.79,10.65,0.041,94.8,1,21.14,265.94
924,24.99,40.1,1040.0,1.0,202.8,154.74,10.15,0.228,94.2,1,19.19,212.95
925,25.24,37.1,995.0,1.0,255.29,194.79,10.86,-0.045,95.0,1,17.49,266.14
926,23.5,40.7,963.0,1.0,304.2,232.1,10.31,-0.188,95.2,1,16.18,314.51
927,23.17,36.1,975.0,1.0,346.2,264.15,10.34,-0.673,95.0,1,15.33,356.55
928,22.37,40.5,1029.0,1.0,378.43,288.74,10.66,-0.369,95.3,1,15.0,389.09
929,22.23,45.0,995.0,1.0,398.69,304.2,10.22,-0.496,95.2,1,15.22,408.91
930,22.1,45.8,993.0,1.0,405.6,309.47,10.01,-0.393,95.3,1,15.96,415.61
931,22.42,49.0,432.0,0.17,306.68,234.0,0.45,-0.206,95.2,1,17.19,307.13
932,23.08,50.8,400.0,0.21,291.1,222.11,0.53,-0.515,95.2,1,18.81,291.63
933,23.8,57.0,400.0,0.14,266.31,203.19,0.45,-0.417,95.3,1,20.71,266.75
934,23.76,53.4,400.0,0.22,234.0,178.54,0.46,-0.066,95.0,1,22.77,234.46
935,24.63,57.5,407.0,0.15,196.38,149.83,0.67,-0.25,95.2,1,24.84,197.04
936,24.53,57.5,400.0,0.2,156.0,119.03,0.85,0.017,94.9,1,26.78,156.85
937,25.85,61.4,400.0,0.08,196.38,149.83,0.37,-0.27,95.3,1,28.46,196.74
938,27.09,59.9,430.0,0.16,234.0,178.54,0.79,0.188,94.4,1,29.77,234.79
939,27.67,63.2,405.0,0.14,266.31,203.19,0.06,0.615,92.4,1,30.6,266.37
940,27.83,57.8,412.0,0.09,291.1,222.11,0.48,0.5,93.0,1,30.92,291.58
941,28.47,60.2,413.0,0.02,306.68,234.0,0.38,0.663,92.1,1,30.69,307.06
942,28.37,56.6,400.0,0.15,312.0,238.06,0.47,0.691,91.9,1,29.93,312.47
943,28.63,53.0,409.0,0.0,306.68,234.0,0.09,0.753,91.5,0,28.69,306.78
944,27.88,51.6,1027.0,1.0,378.43,288.74,10.14,0.364,93.7,1,27.06,388.57
945,27.08,48.4,1034.0,1.0,346.2,264.15,10.29,0.542,92.8,1,25.14,356.49
946,26.81,46.1,1022.0,1.0,304.2,232.1,10.27,0.7,91.9,1,23.07,314.47
947,24.45,42.9,1015.0,1.0,255.29,194.79,10.39,0.124,94.6,1,20.99,265.67
948,25.34,40.2,948.0,1.0,202.8,154.74,10.46,-0.264,95.3,1,19.04,213.26
949,22.55,39.8,1000.0,1.0,255.29,194.79,10.22,-0.248,95.2,1,17.34,265.51
950,22.79,36.6,971.0,1.0,304.2,232.1,10.62,-0.156,95.2,1,16.03,314.82
951,23.26,41.9,1038.0,1.0,346.2,264.15,10.38,-0.686,94.9,1,15.18,356.58
952,22.8,38.6,1034.0,1.0,378.43,288.74,10.06,-0.585,95.1,1,14.85,388.49
953,21.68,42.2,971.0,1.0,398.69,304.2,10.24,-0.549,95.2,1,15.07,408.93
954,21.8,45.9,999.0,1.0,405.6,309.47,10.56,-0.478,95.2,1,15.82,416.16
955,22.95,48.6,407.0,0.25,306.68,234.0,0.61,-0.124,95.1,1,17.04,307.29
956,22.33,46.0,427.0,0.27,291.1,222.11,0.8,-0.295,95.3,1,18.66,291.9
957,24.17,51.9,400.0,0.18,266.31,203.19,0.25,-0.576,95.1,1,20.57,266.55
958,23.67,55.5,400.0,0.27,234.0,178.54,0.56,0.524,92.9,1,22.62,234.56
959,24.6,56.8,401.0,0.21,196.38,149.83,0.48,-0.133,95.1,1,24.69,196.85
960,25.99,61.1,400.0,0.13,156.0,119.03,0.85,-0.336,95.3,1,26.63,156.85
961,26.02,57.9,405.0,0.04,196.38,149.83,0.73,-0.078,95.0,1,28.31,197.11
962,26.18,55.9,418.0,0.29,234.0,178.54,0.13,0.044,94.8,1,29.62,234.13
963,27.25,61.4,437.0,0.21,266.31,203.19,0.96,0.084,94.7,1,30.46,267.27
964,27.77,57.8,400.0,0.11,291.1,222.11,0.36,0.536,92.8,1,30.77,291.46
965,27.41,53.9,405.0,0.04,306.68,234.0,0.95,-0.05,95.0,1,30.54,307.64
966,28.07,55.1,420.0,0.24,312.0,238.06,0.29,0.696,91.9,1,29.78,312.29
967,27.72,55.5,400.0,0.24,306.68,234.0,0.47,0.646,92.2,1,28.54,307.15
968,28.26,47.9,427.0,0.16,291.1,222.11,0.55,0.342,93.8,1,26.91,291.65
969,27.34,52.5,408.0,0.3,266.31,203.19,0.06,0.537,92.8,1,25.0,266.37
970,26.56,43.7,400.0,0.12,234.0,178.54,0.72,0.031,94.8,1,22.93,234.72
971,25.93,43.4,404.0,0.28,196.38,149.83,0.1,-0.039,95.0,1,20.84,196.48
972,25.32,39.1,400.0,0.19,156.0,119.03,0.16,0.11,94.6,1,18.89,156.16
973,24.74,40.6,423.0,0.22,196.38,149.83,0.29,-0.171,95.2,1,17.2,196.67
974,23.22,39.7,400.0,0.28,234.0,178.54,0.96,-0.375,95.3,1,15.88,234.96
975,22.58,37.3,407.0,0.25,266.31,203.19,0.97,-0.376,95.3,1,15.03,267.28
976,23.18,46.8,400.0,0.09,291.1,222.11,0.49,-0.169,95.2,1,14.7,291.59
977,22.12,41.6,400.0,0.26,306.68,234.0,0.53,-0.227,95.2,1,14.92,307.22
978,21.52,43.6,405.0,0.16,312.0,238.06,0.21,-0.415,95.3,1,15.67,312.21
979,22.55,48.9,400.0,0.01,306.68,234.0,0.42,-0.554,95.2,1,16.89,307.1
980,22.87,53.2,424.0,0.2,291.1,222.11,0.98,-0.329,95.3,1,18.51,292.08
981,22.35,54.4,418.0,0.15,266.31,203.19,0.79,-0.526,95.2,1,20.42,267.1
982,23.85,52.2,400.0,0.16,234.0,178.54,0.7,-0.016,94.9,1,22.48,234.7
983,24.83,57.2,406.0,0.12,196.38,149.83,0.28,0.061,94.7,1,24.55,196.65
984,25.43,54.7,400.0,0.02,156.0,119.03,0.76,0.386,93.6,1,26.49,156.76
985,26.34,61.3,400.0,0.05,196.38,149.83,0.97,-0.031,95.0,1,28.17,197.34
986,26.05,56.7,400.0,0.23,234.0,178.54,0.99,0.065,94.7,1,29.47,234.99
987,27.54,58.2,400.0,0.07,266.31,203.19,0.6,0.464,93.2,1,30.31,266.91
988,27.7,58.9,416.0,0.19,291.1,222.11,0.16,0.378,93.6,1,30.63,291.26
989,27.91,58.3,404.0,0.16,306.68,234.0,0.96,0.683,92.0,1,30.4,307.65
990,28.69,54.9,427.0,0.07,312.0,238.06,0.54,0.764,91.5,0,29.64,312.54
991,28.9,56.1,400.0,0.08,306.68,234.0,0.04,0.824,91.0,0,28.4,306.72
992,28.76,51.9,400.0,0.12,291.1,222.11,0.08,0.445,93.3,1,26.77,291.18
993,28.05,49.2,449.0,0.26,266.31,203.19,0.58,0.53,92.9,1,24.85,266.89
994,26.72,43.0,400.0,0.28,234.0,178.54,0.84,0.147,94.5,1,22.78,234.84
995,26.23,46.7,400.0,0.12,196.38,149.83,0.94,0.173,94.4,1,20.7,197.32
996,25.66,40.0,400.0,0.01,156.0,119.03,0.94,-0.011,94.9,1,18.74,156.94
997,24.56,43.9,400.0,0.18,196.38,149.83,0.58,-0.151,95.2,1,17.05,196.95
998,23.85,44.1,400.0,0.13,234.0,178.54,0.98,0.115,94.6,1,15.74,234.98
999,23.57,41.3,418.0,0.15,266.31,203.19,0.15,-0.622,95.1,1,14.89,266.46
1000,22.66,43.2,408.0,0.13,291.1,222.11,0.09,-0.434,95.3,1,14.56,291.19
1001,22.03,36.4,400.0,0.2,306.68,234.0,0.03,-0.472,95.2,1,14.78,306.71
1002,22.08,44.2,400.0,0.09,312.0,238.06,0.77,-0.371,95.3,1,15.52,312.77
1003,22.71,49.2,400.0,0.27,306.68,234.0,0.92,-0.702,94.9,0,16.75,307.6
1004,22.7,51.4,422.0,0.13,291.1,222.11,0.84,-0.493,95.2,1,18.37,291.94
1005,23.35,49.7,473.0,0.1,266.31,203.19,0.94,-0.473,95.2,1,20.27,267.25
1006,24.14,54.0,421.0,0.28,234.0,178.54,0.55,-0.7,94.9,0,22.33,234.55
1007,24.34,51.7,400.0,0.11,196.38,149.83,0.76,0.103,94.6,1,24.4,197.14
1008,25.69,59.2,400.0,0.02,156.0,119.03,0.34,-0.294,95.3,1,26.34,156.34
1009,26.28,55.8,405.0,0.05,196.38,149.83,0.77,-0.191,95.2,1,28.02,197.14
1010,26.2,62.2,400.0,0.21,234.0,178.54,0.75,0.44,93.3,1,29.33,234.75
1011,28.16,62.1,414.0,0.17,266.31,203.19,0.44,0.287,94.0,1,30.17,266.74
1012,27.67,57.9,400.0,0.16,291.1,222.11,0.04,0.373,93.6,1,30.48,291.14
1013,27.39,58.4,417.0,0.02,306.68,234.0,0.27,0.427,93.4,1,30.25,306.95
1014,27.8,55.0,400.0,0.05,312.0,238.06,0.89,0.715,91.8,0,29.49,312.89
1015,27.71,53.5,400.0,0.12,306.68,234.0,0.59,0.373,93.6,1,28.25,307.27
1016,27.95,48.2,1044.0,1.0,378.43,288.74,10.41,0.552,92.7,1,26.62,388.84
1017,27.32,49.1,962.0,1.0,346.2,264.15,10.95,0.125,94.6,1,24.71,357.15
1018,26.67,42.1,1008.0,1.0,304.2,232.1,10.37,0.316,93.9,1,22.64,314.57
1019,26.42,39.6,1024.0,1.0,255.29,194.79,10.33,0.31,93.9,1,20.55,265.62
1020,25.51,41.3,1005.0,1.0,202.8,154.74,10.77,0.281,94.0,1,18.6,213.57
1021,24.72,40.1,952.0,1.0,255.29,194.79,10.36,-0.439,95.3,1,16.91,265.64
1022,24.05,40.6,1041.0,1.0,304.2,232.1,10.45,-0.309,95.3,1,15.59,314.65
1023,23.54,38.9,994.0,1.0,346.2,264.15,10.72,-0.034,95.0,1,14.74,356.92
1024,21.7,44.9,984.0,1.0,378.43,288.74,10.43,-0.249,95.2,1,14.41,388.86
1025,22.27,42.9,991.0,1.0,398.69,304.2,10.32,-0.523,95.2,1,14.63,409.01
1026,21.27,45.1,989.0,1.0,405.6,309.47,10.02,-0.499,95.2,1,15.38,415.62
1027,22.48,47.4,400.0,0.14,306.68,234.0,0.86,-0.424,95.3,1,16.61,307.54
1028,22.76,51.5,405.0,0.17,291.1,222.11,0.53,-0.508,95.2,1,18.23,291.63
1029,23.77,53.3,400.0,0.26,266.31,203.19,0.85,-0.244,95.2,1,20.13,267.16
1030,24.46,55.5,420.0,0.11,234.0,178.54,0.62,-0.152,95.2,1,22.19,234.62
1031,24.69,58.2,416.0,0.03,196.38,149.83,0.2,-0.352,95.3,1,24.26,196.58
1032,25.12,54.8,449.0,0.27,156.0,119.03,0.36,-0.098,95.1,1,26.2,156.36
1033,26.39,56.0,400.0,0.11,196.38,149.83,0.42,0.039,94.8,1,27.88,196.79
1034,26.61,59.8,400.0,0.12,234.0,178.54,0.74,0.199,94.3,1,29.19,234.74
1035,27.5,59.4,400.0,0.09,266.31,203.19,0.55,0.408,93.5,1,30.02,266.86
1036,28.47,60.0,466.0,0.13,291.1,222.11,0.64,0.469,93.2,1,30.34,291.74
1037,28.0,57.4,420.0,0.16,306.68,234.0,0.75,0.339,93.8,1,30.11,307.44
1038,28.79,56.6,400.0,0.25,312.0,238.06,0.27,0.768,91.4,0,29.35,312.27
1039,28.63,50.5,451.0,0.22,306.68,234.0,0.88,0.484,93.1,1,28.11,307.57
1040,27.51,50.5,1041.0,1.0,378.43,288.74,10.45,0.726,91.7,0,26.48,388.88
1041,28.0,45.2,959.0,1.0,346.2,264.15,10.66,0.642,92.2,1,24.56,356.86
1042,27.25,46.2,977.0,1.0,304.2,232.1,10.22,0.038,94.8,1,22.49,314.42
1043,26.23,39.5,996.0,1.0,255.29,194.79,10.23,0.031,94.8,1,20.41,265.52
1044,25.02,42.3,968.0,1.0,202.8,154.74,10.73,-0.083,95.1,1,18.46,213.53
1045,24.2,37.5,997.0,1.0,255.29,194.79,10.35,-0.067,95.0,1,16.77,265.64
1046,23.64,39.2,1021.0,1.0,304.2,232.1,10.88,-0.105,95.1,1,15.45,315.08
1047,23.56,42.0,959.0,1.0,346.2,264.15,10.66,-0.324,95.3,1,14.6,356.87
1048,22.34,41.6,1009.0,1.0,378.43,288.74,10.67,-0.543,95.2,1,14.27,389.1
1049,22.74,39.3,1035.0,1.0,398.69,304.2,10.38,-0.153,95.2,1,14.49,409.07
1050,21.8,43.3,1012.0,1.0,405.6,309.47,10.9,-0.588,95.1,1,15.24,416.5
1051,22.42,44.0,400.0,0.03,306.68,234.0,0.94,-0.335,95.3,1,16.46,307.63
1052,22.88,46.1,400.0,0.04,291.1,222.11,0.26,-0.44,95.3,1,18.08,291.36
1053,24.53,52.4,425.0,0.07,266.31,203.19,0.51,-0.367,95.3,1,19.99,266.82
1054,23.24,55.7,400.0,0.11,234.0,178.54,0.91,-0.115,95.1,1,22.05,234.91
1055,25.39,57.6,407.0,0.16,196.38,149.83,0.1,0.179,94.4,1,24.12,196.48
1056,25.51,59.6,401.0,0.19,156.0,119.03,0.3,0.061,94.7,1,26.06,156.3
1057,26.42,59.5,434.0,0.05,196.38,149.83,0.95,0.032,94.8,1,27.74,197.33
1058,27.0,59.4,400.0,0.06,234.0,178.54,0.48,0.546,92.8,1,29.04,234.48
1059,27.79,57.6,400.0,0.05,266.31,203.19,0.95,0.452,93.3,1,29.88,267.26
1060,27.97,58.0,400.0,0.23,291.1,222.11,0.38,0.467,93.2,1,30.2,291.48
1061,29.07,54.8,413.0,0.09,306.68,234.0,0.53,0.688,91.9,1,29.97,307.21
1062,28.22,53.7,400.0,0.05,312.0,238.06,0.45,0.564,92.7,1,29.21,312.45
1063,28.92,53.2,400.0,0.13,306.68,234.0,0.46,0.974,89.9,0,27.97,307.14
1064,27.73,50.2,977.0,1.0,378.43,288.74,10.92,0.433,93.4,1,26.34,389.35
1065,27.55,54.0,1016.0,1.0,346.2,264.15,10.69,0.583,92.6,1,24.42,356.9
1066,26.43,42.7,967.0,1.0,304.2,232.1,10.95,0.338,93.8,1,22.35,315.15
1067,26.47,43.0,970.0,1.0,255.29,194.79,10.33,0.217,94.3,1,20.27,265.62
1068,26.19,38.7,1027.0,1.0,202.8,154.74,10.99,-0.072,95.0,1,18.32,213.79
1069,24.65,39.7,995.0,1.0,255.29,194.79,10.71,-0.201,95.2,1,16.63,266.0
1070,23.87,39.3,1029.0,1.0,304.2,232.1,10.13,-0.151,95.2,1,15.31,314.33
1071,22.8,41.9,989.0,1.0,346.2,264.15,10.41,-0.527,95.2,1,14.46,356.61
1072,22.76,40.2,1000.0,1.0,378.43,288.74,10.25,-0.548,95.2,1,14.13,388.68
1073,21.79,42.2,1005.0,1.0,398.69,304.2,10.24,-0.48,95.2,1,14.35,408.93
1074,22.03,43.7,1042.0,1.0,405.6,309.47,10.93,-0.252,95.2,1,15.1,416.53
1075,22.7,44.2,439.0,0.08,306.68,234.0,0.96,-0.467,95.2,1,16.32,307.64
1076,23.55,48.2,435.0,0.12,291.1,222.11,0.01,-0.42,95.3,1,17.94,291.11
1077,24.77,51.4,400.0,0.1,266.31,203.19,0.14,-0.565,95.1,1,19.85,266.45
1078,23.7,54.7,400.0,0.25,234.0,178.54,0.28,0.089,94.7,1,21.91,234.28
1079,25.44,57.8,423.0,0.22,196.38,149.83,0.85,0.092,94.7,1,23.98,197.22
1080,25.62,57.9,441.0,0.09,156.0,119.03,0.61,0.244,94.2,1,25.92,156.61
1081,26.2,59.0,435.0,0.23,196.38,149.83,0.57,-0.161,95.2,1,27.6,196.94
1082,27.22,56.5,400.0,0.03,234.0,178.54,0.6,0.32,93.9,1,28.9,234.6
1083,27.66,60.9,422.0,0.06,266.31,203.19,0.95,0.166,94.4,1,29.74,267.26
1084,28.16,57.5,422.0,0.03,291.1,222.11,0.28,0.587,92.5,1,30.06,291.38
1085,28.2,58.9,404.0,0.07,306.68,234.0,0.12,0.547,92.8,1,29.83,306.81
1086,27.81,58.0,406.0,0.07,312.0,238.06,0.61,0.604,92.5,1,29.07,312.61
1087,27.64,52.7,403.0,0.27,306.68,234.0,0.97,0.34,93.8,1,27.83,307.65
1088,28.44,48.4,976.0,1.0,378.43,288.74,10.71,0.225,94.2,1,26.2,389.14
1089,27.5,47.8,979.0,1.0,346.2,264.15,10.89,0.225,94.2,1,24.28,357.09
1090,26.72,46.1,979.0,1.0,304.2,232.1,10.9,0.312,93.9,1,22.22,315.1
1091,26.31,42.6,952.0,1.0,255.29,194.79,10.22,0.081,94.7,1,20.13,265.51
1092,25.93,40.5,1004.0,1.0,202.8,154.74,10.69,0.051,94.8,1,18.18,213.49
1093,24.84,41.6,999.0,1.0,255.29,194.79,10.86,-0.334,95.3,1,16.49,266.15
1094,23.7,41.0,1023.0,1.0,304.2,232.1,10.1,-0.251,95.2,1,15.17,314.3
1095,24.03,39.5,1038.0,1.0,346.2,264.15,10.65,-0.075,95.0,1,14.32,356.85
1096,23.73,37.8,1040.0,1.0,378.43,288.74,10.27,-0.367,95.3,1,13.99,388.7
1097,22.89,43.5,1043.0,1.0,398.69,304.2,10.82,-0.404,95.3,1,14.21,409.51
1098,23.03,43.1,977.0,1.0,405.6,309.47,10.22,-0.419,95.3,1,14.96,415.82
1099,23.27,47.4,400.0,0.0,306.68,234.0,0.37,-0.585,95.1,1,16.19,307.06
1100,23.52,49.8,428.0,0.21,291.1,222.11,0.68,-0.107,95.1,1,17.81,291.78
1101,23.74,48.4,441.0,0.2,266.31,203.19,0.56,-0.282,95.3,1,19.71,266.86
1102,24.35,54.7,447.0,0.18,234.0,178.54,0.12,-0.215,95.2,1,21.77,234.12
1103,25.04,57.8,415.0,0.21,196.38,149.83,0.23,0.008,94.9,1,23.84,196.6
1104,25.01,59.7,400.0,0.15,156.0,119.03,0.89,0.188,94.4,1,25.78,156.89
1105,26.69,59.8,411.0,0.28,196.38,149.83,0.99,-0.12,95.1,1,27.46,197.36
1106,26.39,56.0,417.0,0.05,234.0,178.54,0.69,0.261,94.1,1,28.77,234.69
1107,27.29,62.3,438.0,0.14,266.31,203.19,0.01,0.801,91.2,0,29.61,266.32
1108,28.82,59.7,443.0,0.2,291.1,222.11,0.74,0.764,91.4,0,29.92,291.84
1109,28.89,55.0,427.0,0.27,306.68,234.0,0.64,0.462,93.2,1,29.69,307.33
1110,29.32,53.8,400.0,0.15,312.0,238.06,0.41,0.646,92.2,1,28.93,312.41
1111,28.34,53.5,400.0,0.29,306.68,234.0,0.23,0.418,93.4,1,27.69,306.91
1112,27.6,51.8,1016.0,1.0,378.43,288.74,10.17,0.504,93.0,1,26.06,388.6
1113,27.58,46.9,976.0,1.0,346.2,264.15,10.08,0.262,94.1,1,24.15,356.28
1114,27.13,47.1,1044.0,1.0,304.2,232.1,10.64,0.155,94.5,1,22.08,314.84
1115,26.4,39.7,949.0,1.0,255.29,194.79,10.34,0.011,94.9,1,20.0,265.63
1116,26.16,39.5,1017.0,1.0,202.8,154.74,10.52,0.336,93.8,1,18.04,213.32
1117,24.63,36.3,1010.0,1.0,255.29,194.79,10.53,-0.225,95.2,1,16.35,265.81
1118,24.27,38.2,994.0,1.0,304.2,232.1,10.61,-0.022,94.9,1,15.03,314.81
1119,22.98,43.2,972.0,1.0,346.2,264.15,10.59,-0.44,95.3,1,14.18,356.8
1120,23.23,45.2,938.0,1.0,378.43,288.74,10.52,-0.542,95.2,1,13.86,388.95
1121,22.7,43.1,984.0,1.0,398.69,304.2,10.16,-0.405,95.3,1,14.08,408.84
1122,22.23,43.3,985.0,1.0,405.6,309.47,10.03,-0.76,94.8,0,14.82,415.63
1123,22.59,46.5,433.0,0.09,306.68,234.0,0.58,-0.35,95.3,1,16.05,307.26
1124,22.92,50.5,400.0,0.08,291.1,222.11,0.42,-0.46,95.2,1,17.67,291.52
1125,23.35,49.0,414.0,0.08,266.31,203.19,0.41,-0.464,95.2,1,19.57,266.72
1126,25.0,53.4,400.0,0.2,234.0,178.54,0.43,-0.403,95.3,1,21.63,234.43
1127,24.79,59.6,414.0,0.26,196.38,149.83,0.11,0.265,94.1,1,23.7,196.49
1128,25.5,56.3,400.0,0.2,156.0,119.03,0.18,-0.007,94.9,1,25.65,156.18
1129,25.35,58.0,463.0,0.12,196.38,149.83,0.66,0.114,94.6,1,27.33,197.04
1130,26.68,60.0,400.0,0.29,234.0,178.54,0.51,0.425,93.4,1,28.63,234.51
1131,27.62,60.3,400.0,0.26,266.31,203.19,0.61,0.185,94.4,1,29.47,266.92
1132,27.88,57.6,400.0,0.21,291.1,222.11,0.13,0.66,92.1,1,29.79,291.23
1133,29.22,57.6,400.0,0.12,306.68,234.0,0.81,0.476,93.2,1,29.56,307.5
1134,28.55,56.6,400.0,0.21,312.0,238.06,0.37,0.223,94.2,1,28.8,312.37
1135,29.18,57.0,400.0,0.12,306.68,234.0,0.61,0.377,93.6,1,27.56,307.3
1136,28.27,50.2,400.0,0.05,291.1,222.11,0.47,0.214,94.3,1,25.93,291.57
1137,27.78,47.8,400.0,0.19,266.31,203.19,0.47,0.37,93.7,1,24.01,266.78
1138,27.1,48.5,400.0,0.21,234.0,178.54,0.78,0.091,94.7,1,21.94,234.78
1139,26.42,42.2,425.0,0.1,196.38,149.83,0.11,-0.051,95.0,1,19.86,196.49
1140,26.51,38.9,436.0,0.28,156.0,119.03,0.07,0.058,94.8,1,17.91,156.07
1141,23.71,41.0,400.0,0.26,196.38,149.83,0.1,-0.121,95.1,1,16.22,196.48
1142,23.15,42.2,400.0,0.17,234.0,178.54,1.0,-0.008,94.9,1,14.9,235.0
1143,23.26,41.0,400.0,0.02,266.31,203.19,0.93,-0.121,95.1,1,14.05,267.24
1144,23.07,40.9,402.0,0.01,291.1,222.11,0.7,-0.421,95.3,1,13.72,291.8
1145,23.11,39.7,407.0,0.19,306.68,234.0,0.45,-0.383,95.3,1,13.94,307.13
1146,22.9,44.5,400.0,0.24,312.0,238.06,0.09,-0.782,94.7,0,14.69,312.09
1147,22.58,49.4,412.0,0.15,306.68,234.0,0.82,-0.344,95.3,1,15.91,307.51
1148,23.58,47.1,409.0,0.01,291.1,222.11,0.19,-0.351,95.3,1,17.54,291.29
1149,24.06,51.6,400.0,0.04,266.31,203.19,0.27,-0.163,95.2,1,19.44,266.58
1150,24.26,53.8,436.0,0.06,234.0,178.54,0.84,-0.311,95.3,1,21.5,234.84
1151,25.38,55.3,400.0,0.19,196.38,149.83,0.26,-0.189,95.2,1,23.57,196.63
1152,25.81,58.9,450.0,0.15,156.0,119.03,0.84,-0.058,95.0,1,25.51,156.84
1153,26.18,60.4,413.0,0.03,196.38,149.83,0.79,0.416,93.4,1,27.19,197.16
1154,27.53,60.9,459.0,0.15,234.0,178.54,0.84,0.307,93.9,1,28.5,234.84
1155,27.86,57.8,435.0,0.26,266.31,203.19,0.67,0.054,94.8,1,29.34,266.98
1156,28.29,55.6,407.0,0.13,291.1,222.11,0.35,0.562,92.7,1,29.65,291.45
1157,29.32,57.9,400.0,0.04,306.68,234.0,0.65,0.39,93.6,1,29.42,307.34
1158,27.47,54.4,400.0,0.17,312.0,238.06,0.83,0.717,91.8,0,28.66,312.83
1159,27.88,56.7,416.0,0.28,306.68,234.0,0.75,0.591,92.5,1,27.43,307.43
1160,27.7,54.2,404.0,0.03,291.1,222.11,0.86,0.681,92.0,1,25.79,291.96
1161,27.64,51.9,400.0,0.05,266.31,203.19,0.98,0.561,92.7,1,23.88,267.29
1162,27.07,43.5,425.0,0.17,234.0,178.54,0.69,0.437,93.3,1,21.81,234.69
1163,25.73,44.4,401.0,0.1,196.38,149.83,0.93,0.356,93.7,1,19.73,197.3
1164,25.21,43.3,425.0,0.27,156.0,119.03,0.27,0.163,94.5,1,17.77,156.27
1165,24.5,42.0,400.0,0.21,196.38,149.83,0.97,-0.268,95.3,1,16.08,197.35
1166,25.44,39.3,430.0,0.04,234.0,178.54,0.91,-0.479,95.2,1,14.77,234.91
1167,24.49,42.8,415.0,0.26,266.31,203.19,0.04,-0.52,95.2,1,13.92,266.35
1168,22.91,41.1,436.0,0.19,291.1,222.11,0.59,-0.287,95.3,1,13.59,291.69
1169,22.64,42.9,429.0,0.15,306.68,234.0,0.5,-0.928,94.2,0,13.81,307.19
1170,22.15,41.5,400.0,0.08,312.0,238.06,0.82,-0.503,95.2,1,14.56,312.82
1171,21.87,48.2,400.0,0.19,306.68,234.0,0.13,-0.536,95.2,1,15.78,306.81
1172,23.07,49.0,453.0,0.27,291.1,222.11,0.53,-0.188,95.2,1,17.4,291.63
1173,23.11,53.1,400.0,0.01,266.31,203.19,0.5,-0.377,95.3,1,19.31,266.81
1174,24.19,55.1,422.0,0.11,234.0,178.54,0.4,-0.324,95.3,1,21.37,234.4
1175,24.16,57.1,400.0,0.28,196.38,149.83,0.99,0.134,94.5,1,23.44,197.37
1176,25.35,58.3,400.0,0.11,156.0,119.03,0.54,-0.018,94.9,1,25.38,156.54
1177,26.59,61.1,400.0,0.01,196.38,149.83,0.41,0.079,94.7,1,27.06,196.79
1178,27.42,59.6,412.0,0.03,234.0,178.54,0.86,0.152,94.5,1,28.36,234.86
1179,28.07,56.9,421.0,0.21,266.31,203.19,0.14,0.411,93.5,1,29.2,266.45
1180,27.68,60.0,412.0,0.21,291.1,222.11,0.29,0.367,93.7,1,29.52,291.39
1181,29.07,55.8,434.0,0.03,306.68,234.0,0.28,0.417,93.4,1,29.29,306.96
1182,28.35,52.8,412.0,0.07,312.0,238.06,0.93,0.79,91.3,0,28.53,312.93
1183,28.97,51.0,400.0,0.17,306.68,234.0,0.88,0.493,93.1,1,27.29,307.56
1184,28.35,51.0,1018.0,1.0,378.43,288.74,10.61,0.343,93.8,1,25.66,389.04
1185,27.19,47.7,1005.0,1.0,346.2,264.15,10.32,0.155,94.5,1,23.75,356.52
1186,27.1,41.1,983.0,1.0,304.2,232.1,10.47,0.29,94.0,1,21.68,314.67
1187,26.72,42.5,1014.0,1.0,255.29,194.79,10.57,0.017,94.9,1,19.6,265.86
1188,26.07,43.9,1002.0,1.0,202.8,154.74,10.54,-0.074,95.0,1,17.64,213.34
1189,24.92,39.6,982.0,1.0,255.29,194.79,10.26,-0.3,95.3,1,15.95,265.54
1190,25.03,39.7,995.0,1.0,304.2,232.1,10.13,-0.211,95.2,1,14.64,314.33
1191,24.15,42.3,1042.0,1.0,346.2,264.15,10.91,-0.614,95.1,1,13.79,357.11
1192,23.05,42.7,1041.0,1.0,378.43,288.74,10.64,-0.351,95.3,1,13.46,389.07
1193,23.25,44.6,1006.0,1.0,398.69,304.2,10.15,-0.592,95.1,1,13.68,408.83
1194,23.74,39.1,1002.0,1.0,405.6,309.47,10.99,-0.357,95.3,1,14.42,416.59
1195,23.86,50.4,400.0,0.29,306.68,234.0,0.41,-0.386,95.3,1,15.65,307.1
1196,22.57,50.8,452.0,0.29,291.1,222.11,0.73,-0.412,95.3,1,17.27,291.83
1197,23.2,57.1,431.0,0.19,266.31,203.19,0.18,-0.184,95.2,1,19.18,266.49
1198,25.03,53.0,423.0,0.14,234.0,178.54,0.93,0.061,94.7,1,21.23,234.93
1199,24.48,53.2,400.0,0.04,196.38,149.83,0.08,0.124,94.6,1,23.31,196.45
1200,25.13,58.4,401.0,0.16,156.0,119.03,0.96,-0.262,95.3,1,25.25,156.96
1201,26.33,59.0,400.0,0.12,196.38,149.83,0.73,0.008,94.9,1,26.93,197.1
1202,27.51,61.3,420.0,0.19,234.0,178.54,0.23,0.153,94.5,1,28.23,234.23
1203,27.87,61.9,400.0,0.03,266.31,203.19,0.18,0.481,93.1,1,29.07,266.49
1204,28.07,58.7,400.0,0.25,291.1,222.11,0.84,0.329,93.8,1,29.39,291.94
1205,28.36,56.9,419.0,0.29,306.68,234.0,0.04,0.371,93.7,1,29.16,306.72
1206,28.45,56.4,400.0,0.06,312.0,238.06,0.11,0.353,93.7,1,28.4,312.11
1207,28.27,52.5,400.0,0.19,306.68,234.0,0.67,0.543,92.8,1,27.16,307.36
1208,29.55,49.8,1006.0,1.0,378.43,288.74,10.08,0.56,92.7,1,25.53,388.51
1209,28.08,49.9,1040.0,1.0,346.2,264.15,10.54,0.111,94.6,1,23.62,356.74
1210,27.76,47.9,1024.0,1.0,304.2,232.1,10.57,0.147,94.5,1,21.55,314.77
1211,26.35,45.4,1032.0,1.0,255.29,194.79,10.02,-0.25,95.2,1,19.47,265.31
1212,25.73,41.2,1002.0,1.0,202.8,154.74,10.38,-0.478,95.2,1,17.51,213.18
1213,24.69,36.2,1045.0,1.0,255.29,194.79,10.03,-0.032,95.0,1,15.82,265.32
1214,23.0,39.7,948.0,1.0,304.2,232.1,10.97,-0.187,95.2,1,14.51,315.17
1215,23.02,38.7,1061.0,1.0,346.2,264.15,10.22,-0.319,95.3,1,13.66,356.42
1216,22.33,40.9,1065.0,1.0,378.43,288.74,10.69,-0.116,95.1,1,13.33,389.12
1217,21.81,41.3,1014.0,1.0,398.69,304.2,10.67,-0.818,94.6,0,13.55,409.36
1218,22.24,44.6,1025.0,1.0,405.6,309.47,10.77,-0.916,94.3,0,14.3,416.37
1219,23.6,44.9,400.0,0.13,306.68,234.0,0.34,-0.708,94.9,0,15.52,307.02
1220,23.22,47.0,400.0,0.11,291.1,222.11,0.18,-0.857,94.5,0,17.14,291.28
1221,24.36,54.6,400.0,0.13,266.31,203.19,0.53,-0.476,95.2,1,19.05,266.84
1222,24.55,52.6,400.0,0.16,234.0,178.54,0.69,-0.133,95.1,1,21.11,234.69
1223,25.46,56.7,417.0,0.1,196.38,149.83,0.76,-0.07,95.0,1,23.18,197.13
1224,25.4,60.3,413.0,0.25,156.0,119.03,0.05,0.206,94.3,1,25.12,156.05
1225,26.89,61.4,460.0,0.28,196.38,149.83,0.75,0.204,94.3,1,26.8,197.13
1226,27.72,61.6,403.0,0.16,234.0,178.54,0.11,0.169,94.4,1,28.11,234.11
1227,27.69,60.4,400.0,0.21,266.31,203.19,0.52,0.248,94.2,1,28.94,266.83
1228,28.73,60.3,449.0,0.28,291.1,222.11,0.56,0.521,92.9,1,29.26,291.66
1229,29.04,60.1,400.0,0.06,306.68,234.0,0.13,0.177,94.4,1,29.03,306.81
1230,28.59,56.3,400.0,0.06,312.0,238.06,0.96,-0.136,95.1,1,28.27,312.96
1231,28.2,49.4,408.0,0.02,306.68,234.0,0.64,0.561,92.7,1,27.04,307.32
1232,27.87,49.4,1013.0,1.0,378.43,288.74,10.22,0.48,93.1,1,25.4,388.65
1233,28.03,49.3,957.0,1.0,346.2,264.15,10.05,0.667,92.1,1,23.49,356.25
1234,27.53,44.2,978.0,1.0,304.2,232.1,10.78,0.389,93.6,1,21.42,314.98
1235,26.25,46.5,956.0,1.0,255.29,194.79,10.84,0.191,94.4,1,19.34,266.13
1236,25.89,41.5,1019.0,1.0,202.8,154.74,10.09,-0.062,95.0,1,17.39,212.89
1237,25.39,40.6,1036.0,1.0,255.29,194.79,10.26,-0.292,95.3,1,15.69,265.55
1238,24.69,42.3,963.0,1.0,304.2,232.1,10.64,-0.306,95.3,1,14.38,314.84
1239,24.54,39.9,1030.0,1.0,346.2,264.15,10.42,-0.163,95.2,1,13.53,356.62
1240,23.92,41.5,1028.0,1.0,378.43,288.74,10.34,-0.34,95.3,1,13.2,388.77
1241,22.49,44.4,980.0,1.0,398.69,304.2,10.42,-0.296,95.3,1,13.42,409.11
1242,23.73,41.7,941.0,1.0,405.6,309.47,10.51,-0.479,95.2,1,14.17,416.11
1243,22.73,46.4,400.0,0.21,306.68,234.0,0.18,-0.663,95.0,1,15.4,306.87
1244,23.82,51.2,400.0,0.07,291.1,222.11,0.39,-0.201,95.2,1,17.02,291.49
1245,23.81,52.3,446.0,0.2,266.31,203.19,0.07,-0.14,95.1,1,18.92,266.38
1246,24.19,57.5,400.0,0.24,234.0,178.54,0.01,-0.213,95.2,1,20.98,234.01
1247,24.22,53.6,400.0,0.15,196.38,149.83,0.98,-0.018,94.9,1,23.05,197.35
1248,25.82,55.0,404.0,0.04,156.0,119.03,0.05,0.1,94.6,1,24.99,156.05
1249,25.9,61.1,400.0,0.18,196.38,149.83,0.04,0.036,94.8,1,26.67,196.42
1250,27.89,61.7,415.0,0.02,234.0,178.54,0.89,0.198,94.3,1,27.98,234.89
1251,28.79,59.4,400.0,0.25,266.31,203.19,0.98,0.172,94.4,1,28.82,267.28
1252,28.11,59.7,400.0,0.23,291.1,222.11,0.84,0.38,93.6,1,29.13,291.94
1253,28.96,58.9,411.0,0.12,306.68,234.0,0.14,0.689,91.9,1,28.91,306.82
1254,28.55,53.8,453.0,0.08,312.0,238.06,0.64,0.668,92.1,1,28.15,312.64
1255,28.5,51.6,466.0,0.21,306.68,234.0,0.7,0.595,92.5,1,26.91,307.38
1256,28.9,50.9,969.0,1.0,378.43,288.74,10.77,0.625,92.3,1,25.28,389.2
1257,28.02,49.7,982.0,1.0,346.2,264.15,10.11,0.28,94.0,1,23.36,356.31
1258,28.29,43.1,1015.0,1.0,304.2,232.1,10.39,0.015,94.9,1,21.29,314.59
1259,26.46,42.9,1035.0,1.0,255.29,194.79,10.28,0.098,94.6,1,19.21,265.56
1260,26.43,41.1,935.0,1.0,202.8,154.74,10.65,-0.016,94.9,1,17.26,213.45
1261,25.2,41.3,1003.0,1.0,255.29,194.79,10.34,0.006,94.9,1,15.57,265.63
1262,24.83,40.0,985.0,1.0,304.2,232.1,10.51,-0.148,95.1,1,14.25,314.71
1263,23.59,39.1,942.0,1.0,346.2,264.15,10.63,-0.151,95.2,1,13.4,356.83
1264,23.31,43.6,960.0,1.0,378.43,288.74,10.87,-0.836,94.5,0,13.08,389.3
1265,22.98,41.5,983.0,1.0,398.69,304.2,10.92,-0.643,95.0,1,13.3,409.61
1266,22.52,44.0,1002.0,1.0,405.6,309.47,10.69,-0.518,95.2,1,14.04,416.29
1267,23.38,43.8,430.0,0.09,306.68,234.0,0.16,-0.387,95.3,1,15.27,306.84
1268,23.67,48.1,411.0,0.2,291.1,222.11,0.89,-0.014,94.9,1,16.89,291.99
1269,24.12,53.2,428.0,0.01,266.31,203.19,0.2,-0.549,95.2,1,18.8,266.51
1270,25.22,55.2,401.0,0.02,234.0,178.54,0.05,-0.392,95.3,1,20.85,234.05
1271,25.9,57.9,400.0,0.23,196.38,149.83,0.44,-0.214,95.2,1,22.93,196.81
1272,25.77,59.5,400.0,0.16,156.0,119.03,0.68,-0.149,95.2,1,24.87,156.68
1273,26.92,63.7,421.0,0.17,196.38,149.83,0.15,-0.048,95.0,1,26.55,196.53
1274,27.15,58.5,431.0,0.07,234.0,178.54,0.3,0.259,94.1,1,27.85,234.3
1275,28.09,56.5,400.0,0.16,266.31,203.19,0.08,0.55,92.8,1,28.69,266.39
1276,28.26,56.8,400.0,0.16,291.1,222.11,0.62,0.457,93.2,1,29.01,291.72
1277,29.67,56.0,410.0,0.12,306.68,234.0,0.71,0.311,93.9,1,28.78,307.39
1278,29.15,53.5,414.0,0.29,312.0,238.06,0.52,0.461,93.2,1,28.02,312.52
1279,28.76,53.2,437.0,0.01,306.68,234.0,0.44,0.275,94.1,1,26.79,307.13
1280,29.17,53.0,980.0,1.0,378.43,288.74,10.85,0.63,92.3,1,25.15,389.28
1281,27.01,50.9,980.0,1.0,346.2,264.15,10.42,0.648,92.2,1,23.24,356.62
1282,26.47,46.4,1023.0,1.0,304.2,232.1,10.44,-0.069,95.0,1,21.17,314.64
1283,27.15,47.6,988.0,1.0,255.29,194.79,10.58,0.175,94.4,1,19.09,265.87
1284,26.01,40.9,987.0,1.0,202.8,154.74,10.7,-0.156,95.2,1,17.14,213.5
1285,25.33,37.2,1038.0,1.0,255.29,194.79,10.78,-0.117,95.1,1,15.44,266.07
1286,23.82,42.1,959.0,1.0,304.2,232.1,10.04,-0.267,95.3,1,14.13,314.24
1287,23.85,36.6,1062.0,1.0,346.2,264.15,10.85,-0.622,95.1,1,13.28,357.05
1288,24.39,39.6,982.0,1.0,378.43,288.74,10.45,-0.191,95.2,1,12.95,388.88
1289,23.51,43.6,1026.0,1.0,398.69,304.2,10.91,-0.513,95.2,1,13.17,409.6
1290,23.08,44.4,997.0,1.0,405.6,309.47,10.54,-0.594,95.1,1,13.92,416.14
1291,22.88,46.6,408.0,0.04,306.68,234.0,0.48,-0.46,95.2,1,15.15,307.16
1292,23.2,47.2,400.0,0.14,291.1,222.11,0.2,-0.607,95.1,1,16.77,291.3
1293,22.81,52.1,426.0,0.13,266.31,203.19,0.47,-0.39,95.3,1,18.67,266.78
1294,24.63,56.6,400.0,0.07,234.0,178.54,0.49,-0.617,95.1,1,20.73,234.49
1295,25.65,56.8,400.0,0.02,196.38,149.83,0.89,-0.601,95.1,1,22.8,197.27
1296,25.22,56.8,454.0,0.11,156.0,119.03,0.89,-0.194,95.2,1,24.75,156.89
1297,26.45,57.0,401.0,0.11,196.38,149.83,0.49,0.023,94.8,1,26.43,196.86
1298,26.93,58.4,400.0,0.21,234.0,178.54,0.87,-0.101,95.1,1,27.73,234.87
1299,27.65,60.6,400.0,0.12,266.31,203.19,0.85,0.254,94.1,1,28.57,267.16
1300,28.64,59.6,456.0,0.0,291.1,222.11,0.95,0.326,93.8,1,28.89,292.05
1301,27.87,55.8,400.0,0.01,306.68,234.0,0.36,0.471,93.2,1,28.66,307.05
1302,29.33,51.0,462.0,0.21,312.0,238.06,0.21,0.623,92.3,1,27.9,312.21
1303,29.3,53.9,412.0,0.2,306.68,234.0,0.94,0.825,91.0,0,26.66,307.63
1304,28.5,48.7,404.0,0.05,291.1,222.11,0.58,0.519,92.9,1,25.03,291.68
1305,26.91,49.2,405.0,0.26,266.31,203.19,0.47,0.157,94.5,1,23.12,266.78
1306,27.03,43.9,466.0,0.2,234.0,178.54,0.41,0.383,93.6,1,21.05,234.41
1307,27.42,41.3,400.0,0.05,196.38,149.83,0.08,0.41,93.5,1,18.97,196.46
1308,24.64,41.9,406.0,0.09,156.0,119.03,0.2,-0.224,95.2,1,17.01,156.2
1309,25.08,45.2,400.0,0.29,196.38,149.83,0.29,-0.342,95.3,1,15.32,196.67
1310,23.95,41.5,400.0,0.12,234.0,178.54,0.55,-0.534,95.2,1,14.01,234.55
1311,24.32,40.5,404.0,0.07,266.31,203.19,0.52,-0.466,95.2,1,13.16,266.83
1312,23.11,41.8,400.0,0.16,291.1,222.11,0.54,-0.358,95.3,1,12.83,291.64
1313,23.35,39.1,406.0,0.06,306.68,234.0,0.08,-0.186,95.2,1,13.05,306.76
1314,23.33,42.4,400.0,0.24,312.0,238.06,0.01,-0.322,95.3,1,13.8,312.01
1315,24.07,41.9,400.0,0.24,306.68,234.0,0.46,-0.406,95.3,1,15.03,307.15
1316,23.35,53.0,411.0,0.24,291.1,222.11,0.19,-0.424,95.3,1,16.65,291.29
1317,24.12,55.2,421.0,0.19,266.31,203.19,0.89,-0.275,95.3,1,18.55,267.2
1318,23.81,55.4,400.0,0.21,234.0,178.54,0.43,-0.16,95.2,1,20.61,234.43
1319,25.87,57.0,456.0,0.1,196.38,149.83,0.35,0.131,94.5,1,22.68,196.73
1320,25.68,55.3,440.0,0.26,156.0,119.03,0.54,-0.004,94.9,1,24.63,156.54
1321,26.56,59.1,425.0,0.04,196.38,149.83,0.63,0.182,94.4,1,26.31,197.0
1322,27.55,63.6,425.0,0.08,234.0,178.54,0.08,0.168,94.4,1,27.61,234.08
1323,27.4,60.0,401.0,0.3,266.31,203.19,0.74,0.376,93.6,1,28.45,267.05
1324,28.78,57.8,434.0,0.29,291.1,222.11,0.14,0.382,93.6,1,28.77,291.24
1325,29.45,53.9,447.0,0.15,306.68,234.0,0.39,0.245,94.2,1,28.54,307.07
1326,29.22,58.2,424.0,0.15,312.0,238.06,0.36,0.675,92.0,1,27.78,312.36
1327,28.18,52.9,400.0,0.04,306.68,234.0,0.57,0.781,91.3,0,26.54,307.25
1328,28.61,47.0,400.0,0.2,291.1,222.11,0.69,0.426,93.4,1,24.91,291.79
1329,28.57,46.0,417.0,0.01,266.31,203.19,0.8,0.42,93.4,1,23.0,267.11
1330,26.64,42.9,425.0,0.09,234.0,178.54,0.53,0.422,93.4,1,20.93,234.53
1331,26.32,43.0,400.0,0.13,196.38,149.83,0.16,0.101,94.6,1,18.85,196.53
1332,26.52,42.0,400.0,0.27,156.0,119.03,0.7,0.038,94.8,1,16.9,156.7
1333,25.44,39.5,448.0,0.29,196.38,149.83,0.48,-0.173,95.2,1,15.2,196.85
1334,24.79,41.6,400.0,0.29,234.0,178.54,0.59,-0.36,95.3,1,13.89,234.59
1335,24.9,40.4,400.0,0.24,266.31,203.19,0.44,-0.249,95.2,1,13.04,266.75
1336,23.73,43.2,400.0,0.09,291.1,222.11,0.42,-0.331,95.3,1,12.71,291.52
1337,23.52,41.9,400.0,0.01,306.68,234.0,0.7,-0.298,95.3,1,12.93,307.39
1338,24.45,50.7,437.0,0.13,312.0,238.06,0.52,-0.501,95.2,1,13.68,312.52
1339,23.09,45.8,438.0,0.09,306.68,234.0,0.87,-0.723,94.8,0,14.91,307.55
1340,23.1,47.7,400.0,0.2,291.1,222.11,0.74,-0.211,95.2,1,16.53,291.84
1341,24.19,50.1,415.0,0.11,266.31,203.19,0.48,-0.5,95.2,1,18.43,266.78
1342,24.82,54.2,400.0,0.27,234.0,178.54,0.21,-0.4,95.3,1,20.49,234.21
1343,25.07,53.3,400.0,0.11,196.38,149.83,0.02,-0.236,95.2,1,22.56,196.39
1344,25.59,59.0,467.0,0.11,156.0,119.03,0.21,-0.349,95.3,1,24.51,156.21
1345,28.04,55.7,441.0,0.23,196.38,149.83,0.28,0.086,94.7,1,26.19,196.66
1346,27.77,60.3,411.0,0.18,234.0,178.54,0.12,0.374,93.6,1,27.49,234.12
1347,27.87,57.1,400.0,0.08,266.31,203.19,0.67,0.267,94.1,1,28.33,266.98
1348,29.17,58.1,400.0,0.2,291.1,222.11,0.33,0.701,91.9,0,28.65,291.43
1349,28.96,58.6,400.0,0.17,306.68,234.0,0.03,0.738,91.6,0,28.42,306.71
1350,28.99,60.0,403.0,0.03,312.0,238.06,0.44,0.678,92.0,1,27.66,312.44
1351,29.3,50.9,409.0,0.14,306.68,234.0,0.78,0.096,94.7,1,26.43,307.47
1352,28.08,50.2,990.0,1.0,378.43,288.74,10.34,0.72,91.7,0,24.8,388.77
1353,28.42,46.4,956.0,1.0,346.2,264.15,10.9,0.306,93.9,1,22.88,357.1
1354,28.58,43.7,1064.0,1.0,304.2,232.1,10.85,0.586,92.6,1,20.81,315.05
1355,27.14,41.8,1007.0,1.0,255.29,194.79,10.89,0.009,94.9,1,18.73,266.18
1356,25.94,43.2,1014.0,1.0,202.8,154.74,10.67,-0.028,95.0,1,16.78,213.47
1357,25.1,39.5,987.0,1.0,255.29,194.79,10.81,-0.111,95.1,1,15.09,266.1
1358,24.43,44.5,953.0,1.0,304.2,232.1,10.39,-0.436,95.3,1,13.77,314.59
1359,23.89,41.1,998.0,1.0,346.2,264.15,10.69,-0.678,94.9,1,12.92,356.89
1360,23.35,39.1,990.0,1.0,378.43,288.74,10.22,-0.913,94.3,0,12.6,388.65
1361,23.7,41.9,1021.0,1.0,398.69,304.2,10.2,0.108,94.6,1,12.82,408.89
1362,22.28,43.0,1027.0,1.0,405.6,309.47,10.94,-0.834,94.6,0,13.56,416.54
1363,23.68,48.6,423.0,0.3,306.68,234.0,0.55,-0.814,94.6,0,14.79,307.23
1364,23.36,46.3,430.0,0.29,291.1,222.11,0.07,-0.319,95.3,1,16.41,291.17
1365,24.22,49.4,454.0,0.18,266.31,203.19,0.2,-0.638,95.0,1,18.32,266.51
1366,24.09,53.4,412.0,0.05,234.0,178.54,0.46,-0.572,95.1,1,20.38,234.46
1367,26.04,58.1,433.0,0.04,196.38,149.83,0.85,-0.704,94.9,0,22.45,197.22
1368,26.78,60.9,415.0,0.08,156.0,119.03,0.9,0.059,94.8,1,24.39,156.9
1369,27.41,62.3,400.0,0.18,196.38,149.83,0.11,-0.085,95.1,1,26.07,196.49
1370,26.9,61.0,400.0,0.12,234.0,178.54,0.06,0.379,93.6,1,27.38,234.06
1371,28.7,59.6,400.0,0.21,266.31,203.19,0.12,0.338,93.8,1,28.22,266.43
1372,28.96,60.5,407.0,0.24,291.1,222.11,0.67,0.45,93.3,1,28.53,291.77
1373,28.26,55.1,400.0,0.05,306.68,234.0,0.53,0.392,93.6,1,28.31,307.22
1374,29.16,51.7,418.0,0.27,312.0,238.06,0.74,0.445,93.3,1,27.55,312.74
1375,29.25,53.9,429.0,0.02,306.68,234.0,0.59,0.304,93.9,1,26.31,307.28
1376,29.05,48.5,1036.0,1.0,378.43,288.74,10.1,0.273,94.1,1,24.68,388.53
1377,28.38,47.7,1049.0,1.0,346.2,264.15,10.26,0.135,94.5,1,22.77,356.46
1378,27.82,45.7,950.0,1.0,304.2,232.1,10.33,0.553,92.7,1,20.7,314.53
1379,27.69,43.8,964.0,1.0,255.29,194.79,10.71,0.05,94.8,1,18.62,266.0
1380,26.79,43.5,1088.0,1.0,202.8,154.74,10.6,-0.453,95.2,1,16.66,213.4
1381,23.97,42.1,1030.0,1.0,255.29,194.79,10.95,-0.078,95.0,1,14.97,266.24
1382,24.52,40.4,1007.0,1.0,304.2,232.1,10.15,-0.411,95.3,1,13.66,314.35
1383,23.98,39.3,1001.0,1.0,346.2,264.15,10.94,-0.362,95.3,1,12.81,357.14
1384,22.71,41.3,998.0,1.0,378.43,288.74,10.22,-0.487,95.2,1,12.48,388.65
1385,23.34,41.4,942.0,1.0,398.69,304.2,10.34,-0.185,95.2,1,12.7,409.03
1386,23.82,44.2,977.0,1.0,405.6,309.47,10.03,-0.577,95.1,1,13.45,415.63
1387,22.75,52.2,400.0,0.29,306.68,234.0,0.3,-0.32,95.3,1,14.68,306.98
1388,23.77,49.9,400.0,0.05,291.1,222.11,0.2,-0.291,95.3,1,16.3,291.3
1389,23.62,53.0,400.0,0.22,266.31,203.19,0.22,-0.627,95.0,1,18.2,266.53
1390,24.36,53.2,477.0,0.02,234.0,178.54,0.57,-0.212,95.2,1,20.26,234.57
1391,26.16,58.8,400.0,0.16,196.38,149.83,0.78,-0.281,95.3,1,22.33,197.16
1392,25.93,59.9,408.0,0.02,156.0,119.03,0.74,-0.242,95.2,1,24.28,156.74
1393,27.21,61.1,407.0,0.02,196.38,149.83,0.83,-0.112,95.1,1,25.96,197.2
1394,26.77,60.4,418.0,0.07,234.0,178.54,0.73,0.414,93.5,1,27.26,234.73
1395,29.26,61.8,400.0,0.28,266.31,203.19,0.98,0.882,90.6,0,28.1,267.29
1396,29.11,61.4,437.0,0.19,291.1,222.11,0.02,0.272,94.1,1,28.42,291.12
1397,29.02,58.0,413.0,0.2,306.68,234.0,0.99,0.526,92.9,1,28.19,307.67
1398,29.5,55.2,400.0,0.09,312.0,238.06,0.41,0.562,92.7,1,27.43,312.41
1399,28.41,54.8,400.0,0.22,306.68,234.0,0.48,0.377,93.6,1,26.2,307.16
1400,29.41,48.7,995.0,1.0,378.43,288.74,10.58,0.715,91.8,0,24.57,389.01
1401,28.18,46.4,993.0,1.0,346.2,264.15,10.01,0.793,91.3,0,22.65,356.21
1402,27.62,45.3,1015.0,1.0,304.2,232.1,10.18,0.13,94.6,1,20.58,314.38
1403,26.75,39.8,1019.0,1.0,255.29,194.79,10.45,0.476,93.1,1,18.5,265.73
1404,25.94,43.2,1015.0,1.0,202.8,154.74,10.77,-0.109,95.1,1,16.55,213.57
1405,25.8,38.5,1010.0,1.0,255.29,194.79,10.87,-0.323,95.3,1,14.86,266.16
1406,24.86,39.1,1003.0,1.0,304.2,232.1,10.15,-0.278,95.3,1,13.55,314.35
1407,24.44,39.8,935.0,1.0,346.2,264.15,10.26,-0.18,95.2,1,12.7,356.46
1408,23.63,41.2,1023.0,1.0,378.43,288.74,10.61,-0.454,95.2,1,12.37,389.04
1409,23.59,41.9,1015.0,1.0,398.69,304.2,10.36,-0.335,95.3,1,12.59,409.05
1410,23.03,44.5,970.0,1.0,405.6,309.47,10.3,-0.455,95.2,1,13.34,415.9
1411,24.46,46.8,408.0,0.11,306.68,234.0,0.38,-0.212,95.2,1,14.56,307.07
1412,22.86,48.6,419.0,0.2,291.1,222.11,0.7,-0.327,95.3,1,16.19,291.8
1413,24.75,50.6,435.0,0.16,266.31,203.19,0.2,-0.047,95.0,1,18.09,266.51
1414,25.43,56.7,415.0,0.19,234.0,178.54,0.06,-0.422,95.3,1,20.15,234.06
1415,25.04,52.5,410.0,0.29,196.38,149.83,0.0,-0.17,95.2,1,22.22,196.38
1416,27.36,58.0,428.0,0.01,156.0,119.03,0.53,-0.0,94.9,1,24.17,156.53
1417,27.53,58.6,400.0,0.0,196.38,149.83,0.25,-0.041,95.0,1,25.85,196.63
1418,28.24,60.8,412.0,0.2,234.0,178.54,0.56,0.049,94.8,1,27.15,234.56
1419,28.39,56.9,400.0,0.16,266.31,203.19,0.88,0.43,93.4,1,27.99,267.19
1420,28.75,57.9,433.0,0.14,291.1,222.11,0.29,0.566,92.7,1,28.31,291.39
1421,29.05,57.2,400.0,0.26,306.68,234.0,0.18,0.505,93.0,1,28.08,306.87
1422,29.46,57.5,425.0,0.05,312.0,238.06,0.0,0.712,91.8,0,27.32,312.0
1423,29.86,53.7,401.0,0.17,306.68,234.0,0.98,0.262,94.1,1,26.09,307.67
1424,28.95,48.1,1029.0,1.0,378.43,288.74,10.52,0.355,93.7,1,24.46,388.95
1425,27.93,46.9,977.0,1.0,346.2,264.15,10.8,0.118,94.6,1,22.54,357.0
1426,28.18,47.2,1003.0,1.0,304.2,232.1,10.86,0.278,94.0,1,20.47,315.06
1427,27.51,40.9,1002.0,1.0,255.29,194.79,11.0,0.227,94.2,1,18.39,266.28
1428,26.6,41.4,1013.0,1.0,202.8,154.74,10.86,0.268,94.1,1,16.44,213.66
1429,25.87,40.5,969.0,1.0,255.29,194.79,10.29,-0.365,95.3,1,14.75,265.58
1430,24.64,39.2,1019.0,1.0,304.2,232.1,10.56,-0.176,95.2,1,13.43,314.76
1431,23.69,45.6,945.0,1.0,346.2,264.15,10.96,-0.066,95.0,1,12.59,357.16
1432,23.25,40.3,980.0,1.0,378.43,288.74,10.63,-0.633,95.0,1,12.26,389.06
1433,22.57,43.5,953.0,1.0,398.69,304.2,10.77,-0.73,94.8,0,12.48,409.46
1434,23.4,43.1,1025.0,1.0,405.6,309.47,10.91,-0.795,94.7,0,13.23,416.51
1435,23.35,48.0,412.0,0.25,306.68,234.0,0.61,-0.358,95.3,1,14.46,307.3
1436,23.47,51.3,414.0,0.1,291.1,222.11,0.69,-0.578,95.1,1,16.08,291.79
1437,22.69,51.0,444.0,0.21,266.31,203.19,0.59,-0.258,95.3,1,17.98,266.9
1438,24.17,54.5,400.0,0.08,234.0,178.54,0.34,-0.293,95.3,1,20.04,234.34
1439,26.08,54.9,418.0,0.23,196.38,149.83,0.25,0.231,94.2,1,22.11,196.62
1440,25.96,56.1,402.0,0.28,156.0,119.03,0.63,0.158,94.5,1,24.06,156.63
1441,27.25,61.6,400.0,0.02,196.38,149.83,0.98,-0.031,95.0,1,25.74,197.36
1442,27.1,58.9,439.0,0.16,234.0,178.54,0.92,0.19,94.4,1,27.04,234.92
1443,29.14,54.9,462.0,0.16,266.31,203.19,0.21,0.511,93.0,1,27.88,266.52
1444,28.83,62.4,400.0,0.09,291.1,222.11,0.84,0.219,94.3,1,28.2,291.94
1445,29.35,55.8,425.0,0.1,306.68,234.0,0.02,0.719,91.7,0,27.97,306.71
1446,30.47,54.9,410.0,0.2,312.0,238.06,0.59,0.45,93.3,1,27.22,312.59
1447,29.96,56.3,410.0,0.09,306.68,234.0,0.93,0.645,92.2,1,25.98,307.61
1448,28.75,50.2,1007.0,1.0,378.43,288.74,10.96,0.394,93.5,1,24.35,389.39
1449,28.13,47.5,990.0,1.0,346.2,264.15,10.6,0.249,94.2,1,22.43,356.8
1450,27.65,43.0,892.0,1.0,304.2,232.1,10.63,0.113,94.6,1,20.37,314.83
1451,27.35,40.0,1046.0,1.0,255.29,194.79,10.39,0.476,93.2,1,18.28,265.68
1452,26.26,41.3,979.0,1.0,202.8,154.74,10.72,-0.059,95.0,1,16.33,213.52
1453,25.34,41.2,993.0,1.0,255.29,194.79,10.25,0.487,93.1,1,14.64,265.53
1454,25.55,40.6,993.0,1.0,304.2,232.1,10.03,-0.22,95.2,1,13.33,314.23
1455,24.14,39.3,976.0,1.0,346.2,264.15,10.84,-0.524,95.2,1,12.48,357.04
1456,24.87,41.2,1007.0,1.0,378.43,288.74,10.06,-0.75,94.8,0,12.15,388.49
1457,23.47,38.9,999.0,1.0,398.69,304.2,10.66,-0.236,95.2,1,12.37,409.35
1458,24.22,45.5,979.0,1.0,405.6,309.47,10.44,-0.539,95.2,1,13.12,416.04
1459,23.61,47.3,404.0,0.27,306.68,234.0,0.04,-0.318,95.3,1,14.35,306.73
1460,24.21,53.5,400.0,0.22,291.1,222.11,0.16,0.031,94.8,1,15.97,291.26
1461,23.85,52.1,428.0,0.15,266.31,203.19,0.1,-0.22,95.2,1,17.88,266.41
1462,24.41,52.7,400.0,0.12,234.0,178.54,0.21,-0.183,95.2,1,19.93,234.21
1463,25.79,56.6,400.0,0.21,196.38,149.83,0.64,0.116,94.6,1,22.01,197.01
1464,26.83,57.8,422.0,0.0,156.0,119.03,0.57,0.161,94.5,1,23.95,156.57
1465,27.14,60.4,400.0,0.16,196.38,149.83,0.43,-0.123,95.1,1,25.63,196.81
1466,27.2,60.0,400.0,0.2,234.0,178.54,0.84,0.517,92.9,1,26.94,234.84
1467,27.78,57.3,400.0,0.23,266.31,203.19,0.75,0.344,93.8,1,27.78,267.06
1468,28.23,55.6,400.0,0.14,291.1,222.11,0.68,0.741,91.6,0,28.09,291.78
1469,28.36,57.9,400.0,0.22,306.68,234.0,0.6,0.584,92.6,1,27.87,307.28
1470,29.4,58.2,400.0,0.03,312.0,238.06,0.7,0.738,91.6,0,27.11,312.7
1471,29.81,53.2,400.0,0.07,306.68,234.0,0.23,0.438,93.3,1,25.87,306.91
1472,28.94,52.1,423.0,0.04,291.1,222.11,0.26,0.13,94.6,1,24.24,291.36
1473,27.34,49.9,440.0,0.1,266.31,203.19,0.3,0.466,93.2,1,22.33,266.61
1474,27.76,45.9,400.0,0.1,234.0,178.54,0.74,0.445,93.3,1,20.26,234.74
1475,27.05,41.6,400.0,0.11,196.38,149.83,0.43,0.018,94.9,1,18.18,196.81
1476,27.41,42.0,430.0,0.14,156.0,119.03,0.96,-0.041,95.0,1,16.23,156.96
1477,24.86,42.9,447.0,0.13,196.38,149.83,0.04,-0.572,95.1,1,14.54,196.42
1478,24.67,41.1,400.0,0.15,234.0,178.54,0.38,-0.281,95.3,1,13.22,234.38
1479,25.1,41.7,424.0,0.23,266.31,203.19,0.15,-0.604,95.1,1,12.37,266.46
1480,23.99,40.2,449.0,0.04,291.1,222.11,0.82,-0.33,95.3,1,12.05,291.92
1481,23.75,42.2,400.0,0.11,306.68,234.0,0.48,-0.416,95.3,1,12.27,307.16
1482,23.43,44.4,447.0,0.0,312.0,238.06,0.62,-0.497,95.2,1,13.01,312.62
1483,23.64,46.9,400.0,0.01,306.68,234.0,0.6,-0.218,95.2,1,14.24,307.28
1484,24.16,51.9,409.0,0.18,291.1,222.11,0.08,-0.385,95.3,1,15.86,291.18
1485,23.85,47.4,400.0,0.26,266.31,203.19,0.78,-0.315,95.3,1,17.77,267.09
1486,25.32,54.6,430.0,0.09,234.0,178.54,0.82,-0.186,95.2,1,19.83,234.82
1487,24.91,56.6,425.0,0.12,196.38,149.83,0.61,-0.246,95.2,1,21.9,196.98
1488,26.54,55.7,452.0,0.06,156.0,119.03,0.28,0.198,94.3,1,23.85,156.28
1489,27.25,60.9,443.0,0.04,196.38,149.83,0.72,-0.054,95.0,1,25.53,197.1
1490,27.57,58.5,400.0,0.27,234.0,178.54,0.7,0.335,93.8,1,26.83,234.7
1491,28.49,59.1,493.0,0.17,266.31,203.19,0.91,0.597,92.5,1,27.67,267.22
1492,28.67,62.6,441.0,0.21,291.1,222.11,0.12,0.228,94.2,1,27.99,291.22
1493,28.75,59.4,416.0,0.26,306.68,234.0,0.91,0.214,94.3,1,27.76,307.59
1494,29.21,56.6,400.0,0.18,312.0,238.06,0.89,0.291,94.0,1,27.0,312.89
1495,28.74,53.8,400.0,0.05,306.68,234.0,0.3,0.846,90.9,0,25.77,306.98
1496,29.15,50.1,400.0,0.21,291.1,222.11,0.72,0.311,93.9,1,24.14,291.82
1497,27.94,51.9,400.0,0.22,266.31,203.19,0.26,0.113,94.6,1,22.22,266.57
1498,28.25,47.0,441.0,0.12,234.0,178.54,0.24,0.323,93.9,1,20.16,234.24
1499,26.58,41.8,415.0,0.19,196.38,149.83,0.64,-0.415,95.3,1,18.07,197.02
1500,26.12,38.8,400.0,0.15,156.0,119.03,0.05,-0.191,95.2,1,16.12,156.05
1501,25.31,41.6,400.0,0.1,196.38,149.83,0.1,0.153,94.5,1,14.43,196.47
1502,25.57,39.9,400.0,0.2,234.0,178.54,0.66,-0.441,95.3,1,13.12,234.66
1503,24.45,37.4,424.0,0.07,266.31,203.19,0.95,-0.406,95.3,1,12.27,267.26
1504,23.7,42.0,400.0,0.1,291.1,222.11,0.03,-0.374,95.3,1,11.94,291.13
1505,23.76,42.1,410.0,0.12,306.68,234.0,0.02,-0.424,95.3,1,12.16,306.71
1506,22.36,45.7,409.0,0.18,312.0,238.06,0.07,-0.607,95.1,1,12.91,312.07
1507,23.49,47.8,400.0,0.26,306.68,234.0,0.0,-0.374,95.3,1,14.14,306.69
1508,24.81,48.3,448.0,0.18,291.1,222.11,0.93,-0.144,95.1,1,15.76,292.03
1509,24.36,53.4,400.0,0.22,266.31,203.19,0.47,-0.566,95.1,1,17.67,266.78
1510,24.95,53.6,400.0,0.09,234.0,178.54,0.69,-0.347,95.3,1,19.73,234.69
1511,25.92,55.9,426.0,0.18,196.38,149.83,0.42,-0.15,95.2,1,21.8,196.79
1512,26.87,57.4,402.0,0.03,156.0,119.03,1.0,0.14,94.5,1,23.74,157.0
1513,26.2,61.8,412.0,0.14,196.38,149.83,0.48,0.136,94.5,1,25.42,196.86
1514,27.08,59.4,400.0,0.21,234.0,178.54,0.94,0.225,94.2,1,26.73,234.94
1515,28.65,62.5,424.0,0.05,266.31,203.19,0.65,0.044,94.8,1,27.57,266.96
1516,28.67,62.5,465.0,0.27,291.1,222.11,0.95,0.206,94.3,1,27.89,292.05
1517,29.98,55.9,400.0,0.13,306.68,234.0,0.5,0.521,92.9,1,27.66,307.18
1518,29.27,49.6,411.0,0.2,312.0,238.06,0.88,0.397,93.5,1,26.9,312.88
1519,28.36,55.1,400.0,0.14,306.68,234.0,0.33,0.415,93.5,1,25.67,307.02
1520,28.4,49.8,1081.0,1.0,378.43,288.74,10.66,0.421,93.4,1,24.04,389.09
1521,27.18,46.1,1037.0,1.0,346.2,264.15,10.62,0.822,91.0,0,22.12,356.82
1522,27.82,44.2,1008.0,1.0,304.2,232.1,10.49,0.151,94.5,1,20.05,314.69
1523,27.12,42.4,963.0,1.0,255.29,194.79,10.5,0.407,93.5,1,17.97,265.79
1524,26.23,44.2,970.0,1.0,202.8,154.74,10.17,0.263,94.1,1,16.02,212.97
1525,26.2,40.8,1022.0,1.0,255.29,194.79,10.91,0.031,94.8,1,14.33,266.19
1526,25.54,42.6,959.0,1.0,304.2,232.1,10.45,-0.419,95.3,1,13.02,314.65
1527,24.24,41.2,960.0,1.0,346.2,264.15,10.15,-0.326,95.3,1,12.17,356.35
1528,22.78,40.5,1000.0,1.0,378.43,288.74,10.7,-0.511,95.2,1,11.84,389.13
1529,23.86,41.8,1004.0,1.0,398.69,304.2,10.73,-0.08,95.0,1,12.06,409.42
1530,23.73,45.7,1011.0,1.0,405.6,309.47,10.05,-0.418,95.3,1,12.81,415.65
1531,23.71,48.6,400.0,0.08,306.68,234.0,0.33,-0.526,95.2,1,14.04,307.02
1532,24.35,51.5,428.0,0.24,291.1,222.11,0.58,-0.076,95.0,1,15.66,291.68
1533,23.75,51.6,400.0,0.27,266.31,203.19,0.82,-0.424,95.3,1,17.57,267.13
1534,25.96,54.9,419.0,0.29,234.0,178.54,0.31,-0.14,95.1,1,19.63,234.31
1535,25.2,57.9,406.0,0.23,196.38,149.83,0.3,0.011,94.9,1,21.7,196.68
1536,26.83,57.6,418.0,0.21,156.0,119.03,0.74,0.069,94.7,1,23.64,156.74
1537,26.39,57.3,435.0,0.16,196.38,149.83,0.22,0.108,94.6,1,25.33,196.59
1538,27.5,58.4,400.0,0.03,234.0,178.54,0.9,0.418,93.4,1,26.63,234.9
1539,29.34,59.3,400.0,0.17,266.31,203.19,0.79,0.228,94.2,1,27.47,267.1
1540,28.93,60.2,400.0,0.17,291.1,222.11,0.89,0.656,92.1,1,27.79,291.99
1541,29.79,59.9,400.0,0.02,306.68,234.0,0.35,0.427,93.4,1,27.56,307.04
1542,29.59,52.7,400.0,0.21,312.0,238.06,0.17,0.768,91.4,0,26.8,312.17
1543,29.32,51.8,400.0,0.04,306.68,234.0,0.59,0.692,91.9,1,25.57,307.27
1544,29.75,49.8,967.0,1.0,378.43,288.74,10.19,0.543,92.8,1,23.94,388.62
1545,28.48,49.5,974.0,1.0,346.2,264.15,10.27,0.336,93.8,1,22.02,356.47
1546,27.09,44.4,1046.0,1.0,304.2,232.1,10.4,0.471,93.2,1,19.96,314.6
1547,26.85,42.4,1026.0,1.0,255.29,194.79,10.46,0.244,94.2,1,17.87,265.75
1548,26.75,38.8,962.0,1.0,202.8,154.74,10.32,-0.643,95.0,1,15.92,213.12
1549,25.9,41.4,987.0,1.0,255.29,194.79,10.28,-0.293,95.3,1,14.23,265.57
1550,24.2,39.7,1012.0,1.0,304.2,232.1,10.25,-0.216,95.2,1,12.92,314.45
1551,24.0,38.9,981.0,1.0,346.2,264.15,10.69,-0.298,95.3,1,12.07,356.89
1552,23.6,40.6,976.0,1.0,378.43,288.74,10.31,-0.292,95.3,1,11.74,388.74
1553,23.41,44.9,990.0,1.0,398.69,304.2,10.69,-0.173,95.2,1,11.96,409.38
1554,22.8,42.6,1033.0,1.0,405.6,309.47,10.74,-0.383,95.3,1,12.71,416.34
1555,23.28,45.3,435.0,0.06,306.68,234.0,0.71,-0.9,94.3,0,13.94,307.4
1556,23.53,52.0,400.0,0.07,291.1,222.11,0.91,-0.393,95.3,1,15.56,292.01
1557,24.76,52.3,414.0,0.17,266.31,203.19,0.95,-0.11,95.1,1,17.47,267.26
1558,25.4,55.9,400.0,0.2,234.0,178.54,0.15,-0.228,95.2,1,19.53,234.15
1559,25.65,57.5,400.0,0.29,196.38,149.83,0.32,-0.089,95.1,1,21.6,196.7
1560,26.3,58.3,400.0,0.03,156.0,119.03,0.79,-0.099,95.1,1,23.55,156.79
1561,27.35,58.8,400.0,0.16,196.38,149.83,0.78,0.319,93.9,1,25.23,197.16
1562,27.59,61.7,435.0,0.3,234.0,178.54,0.07,0.179,94.4,1,26.53,234.07
1563,28.05,62.1,447.0,0.03,266.31,203.19,0.96,0.472,93.2,1,27.37,267.27
1564,28.63,61.1,400.0,0.29,291.1,222.11,0.86,0.519,92.9,1,27.69,291.96
1565,29.09,55.0,400.0,0.14,306.68,234.0,0.9,0.494,93.1,1,27.46,307.58
1566,28.93,58.0,432.0,0.22,312.0,238.06,0.2,0.597,92.5,1,26.71,312.2
1567,29.49,52.3,436.0,0.13,306.68,234.0,0.5,0.523,92.9,1,25.47,307.19
1568,29.47,49.0,967.0,1.0,378.43,288.74,10.44,0.688,91.9,1,23.84,388.87
1569,27.84,47.5,996.0,1.0,346.2,264.15,10.36,0.489,93.1,1,21.93,356.56
1570,28.03,47.1,998.0,1.0,304.2,232.1,10.23,0.458,93.2,1,19.86,314.43
1571,27.18,44.4,977.0,1.0,255.29,194.79,10.14,-0.023,94.9,1,17.78,265.43
1572,26.69,41.1,1012.0,1.0,202.8,154.74,10.87,-0.165,95.2,1,15.83,213.67
1573,25.74,42.1,979.0,1.0,255.29,194.79,10.53,-0.117,95.1,1,14.14,265.82
1574,24.29,40.3,984.0,1.0,304.2,232.1,10.6,-0.1,95.1,1,12.82,314.8
1575,23.77,39.1,997.0,1.0,346.2,264.15,10.26,-0.247,95.2,1,11.97,356.46
1576,23.94,39.7,955.0,1.0,378.43,288.74,10.94,-0.583,95.1,1,11.65,389.37
1577,24.14,43.4,938.0,1.0,398.69,304.2,10.94,-0.327,95.3,1,11.87,409.63
1578,22.42,44.4,1028.0,1.0,405.6,309.47,10.67,-0.626,95.0,1,12.62,416.27
1579,23.8,44.2,400.0,0.07,306.68,234.0,0.32,-0.348,95.3,1,13.85,307.0
1580,24.53,51.2,464.0,0.04,291.1,222.11,0.23,-0.376,95.3,1,15.47,291.33
1581,24.33,51.2,459.0,0.08,266.31,203.19,0.6,-0.399,95.3,1,17.37,266.9
1582,25.31,57.8,400.0,0.25,234.0,178.54,0.83,-0.357,95.3,1,19.43,234.83
1583,25.41,53.9,470.0,0.09,196.38,149.83,0.97,-0.103,95.1,1,21.51,197.34
1584,26.48,58.1,428.0,0.27,156.0,119.03,0.07,0.017,94.9,1,23.45,156.07
1585,26.5,58.1,400.0,0.07,196.38,149.83,0.33,-0.08,95.0,1,25.13,196.71
1586,26.87,58.0,400.0,0.15,234.0,178.54,0.39,0.37,93.7,1,26.44,234.39
1587,29.13,58.8,421.0,0.05,266.31,203.19,0.37,0.585,92.6,1,27.28,266.68
1588,28.65,62.4,401.0,0.01,291.1,222.11,0.67,0.605,92.4,1,27.6,291.77
1589,29.21,57.7,413.0,0.19,306.68,234.0,0.55,0.546,92.8,1,27.37,307.23
1590,28.85,53.8,400.0,0.1,312.0,238.06,0.89,0.41,93.5,1,26.61,312.89
1591,28.74,49.4,400.0,0.1,306.68,234.0,0.22,0.509,93.0,1,25.38,306.91
1592,29.06,47.0,987.0,1.0,378.43,288.74,10.4,0.407,93.5,1,23.75,388.83
1593,28.31,46.8,1021.0,1.0,346.2,264.15,10.54,0.378,93.6,1,21.83,356.74
1594,28.24,44.1,989.0,1.0,304.2,232.1,10.82,0.437,93.3,1,19.76,315.02
1595,27.55,42.8,989.0,1.0,255.29,194.79,10.82,0.108,94.6,1,17.68,266.11
1596,26.71,37.0,954.0,1.0,202.8,154.74,10.86,-0.367,95.3,1,15.73,213.66
1597,25.9,40.3,1003.0,1.0,255.29,194.79,10.52,0.03,94.8,1,14.04,265.81
1598,25.84,42.1,967.0,1.0,304.2,232.1,10.24,-0.171,95.2,1,12.73,314.44
1599,23.9,43.5,1028.0,1.0,346.2,264.15,10.73,-0.324,95.3,1,11.88,356.93
1600,23.93,37.3,978.0,1.0,378.43,288.74,10.95,-0.668,95.0,1,11.56,389.38
1601,24.23,41.0,991.0,1.0,398.69,304.2,10.29,-0.649,95.0,1,11.77,408.98
1602,24.19,42.9,1065.0,1.0,405.6,309.47,10.2,-0.643,95.0,1,12.52,415.8
1603,22.95,47.3,400.0,0.03,306.68,234.0,0.02,-0.6,95.1,1,13.75,306.71
1604,23.81,47.1,400.0,0.24,291.1,222.11,0.67,-0.531,95.2,1,15.38,291.77
1605,25.12,55.5,418.0,0.22,266.31,203.19,0.55,-0.59,95.1,1,17.28,266.85
1606,25.32,54.7,400.0,0.09,234.0,178.54,0.13,0.18,94.4,1,19.34,234.13
1607,25.89,56.5,438.0,0.23,196.38,149.83,0.2,0.171,94.4,1,21.41,196.58
1608,26.46,61.6,430.0,0.17,156.0,119.03,0.66,0.055,94.8,1,23.36,156.66
1609,27.16,59.5,416.0,0.05,196.38,149.83,0.44,0.123,94.6,1,25.04,196.81
1610,28.22,60.8,400.0,0.09,234.0,178.54,0.23,0.615,92.4,1,26.35,234.23
1611,28.57,58.3,400.0,0.1,266.31,203.19,0.61,0.678,92.0,1,27.19,266.91
1612,29.15,56.1,400.0,0.1,291.1,222.11,0.05,0.285,94.0,1,27.5,291.15
1613,29.51,56.2,434.0,0.22,306.68,234.0,0.02,0.532,92.9,1,27.28,306.7
1614,29.24,59.8,432.0,0.2,312.0,238.06,0.26,0.464,93.2,1,26.52,312.26
1615,29.74,54.3,412.0,0.25,306.68,234.0,0.29,0.429,93.4,1,25.28,306.97
1616,30.64,51.0,964.0,1.0,378.43,288.74,10.1,0.4,93.5,1,23.65,388.53
1617,27.82,45.9,1045.0,1.0,346.2,264.15,10.11,0.336,93.8,1,21.74,356.32
1618,28.25,47.2,992.0,1.0,304.2,232.1,10.17,0.292,94.0,1,19.67,314.37
1619,26.98,40.6,1054.0,1.0,255.29,194.79,10.72,0.173,94.4,1,17.59,266.01
1620,26.88,38.5,1008.0,1.0,202.8,154.74,10.81,0.288,94.0,1,15.64,213.61
1621,25.84,39.4,1015.0,1.0,255.29,194.79,10.18,-0.291,95.3,1,13.95,265.47
1622,25.47,43.9,986.0,1.0,304.2,232.1,10.66,-0.057,95.0,1,12.64,314.86
1623,25.06,44.0,1042.0,1.0,346.2,264.15,10.23,-0.569,95.1,1,11.79,356.43
1624,24.09,40.2,1018.0,1.0,378.43,288.74,10.88,-0.386,95.3,1,11.46,389.31
1625,24.26,41.3,1043.0,1.0,398.69,304.2,10.27,-0.274,95.3,1,11.68,408.96
1626,22.42,41.3,1005.0,1.0,405.6,309.47,10.13,-0.386,95.3,1,12.43,415.73
1627,24.5,47.1,400.0,0.23,306.68,234.0,0.44,-0.546,95.2,1,13.66,307.12
1628,24.19,49.9,418.0,0.22,291.1,222.11,0.15,-0.376,95.3,1,15.28,291.25
1629,25.02,53.7,443.0,0.22,266.31,203.19,0.2,-0.023,94.9,1,17.19,266.51
1630,24.49,56.4,431.0,0.02,234.0,178.54,0.34,-0.368,95.3,1,19.25,234.34
1631,25.41,56.3,404.0,0.17,196.38,149.83,0.66,-0.016,94.9,1,21.32,197.04
1632,26.68,59.5,400.0,0.07,156.0,119.03,0.12,0.193,94.4,1,23.27,156.12
1633,27.37,58.1,424.0,0.15,196.38,149.83,0.28,0.052,94.8,1,24.95,196.66
1634,28.25,61.1,400.0,0.3,234.0,178.54,0.86,0.597,92.5,1,26.26,234.86
1635,29.27,58.8,401.0,0.03,266.31,203.19,0.27,0.768,91.4,0,27.1,266.58
1636,28.33,59.8,400.0,0.18,291.1,222.11,0.17,0.652,92.2,1,27.42,291.27
1637,30.0,58.2,400.0,0.05,306.68,234.0,0.53,0.702,91.9,0,27.19,307.22
1638,29.62,55.5,411.0,0.15,312.0,238.06,0.03,0.154,94.5,1,26.43,312.03
1639,29.41,54.6,465.0,0.16,306.68,234.0,0.8,0.219,94.3,1,25.2,307.49
1640,28.48,47.3,400.0,0.14,291.1,222.11,0.22,0.416,93.4,1,23.57,291.32
1641,28.99,45.7,423.0,0.19,266.31,203.19,0.13,0.222,94.3,1,21.65,266.44
1642,26.91,44.9,471.0,0.29,234.0,178.54,0.81,0.375,93.6,1,19.58,234.81
1643,27.72,40.4,426.0,0.24,196.38,149.83,0.84,-0.44,95.3,1,17.5,197.22
1644,25.88,40.8,400.0,0.29,156.0,119.03,0.73,0.124,94.6,1,15.55,156.73
1645,25.87,39.7,407.0,0.06,196.38,149.83,0.23,-0.165,95.2,1,13.86,196.61
1646,25.06,42.6,414.0,0.3,234.0,178.54,0.53,-0.358,95.3,1,12.55,234.53
1647,25.09,40.5,443.0,0.09,266.31,203.19,0.97,0.028,94.8,1,11.7,267.28
1648,23.94,43.2,436.0,0.01,291.1,222.11,0.48,-0.495,95.2,1,11.38,291.58
1649,23.38,43.2,400.0,0.13,306.68,234.0,0.95,-0.806,94.6,0,11.6,307.63
1650,23.38,43.5,400.0,0.07,312.0,238.06,0.68,-0.409,95.3,1,12.35,312.68
1651,24.37,47.2,400.0,0.23,306.68,234.0,0.84,-0.407,95.3,1,13.57,307.53
1652,24.3,51.0,400.0,0.03,291.1,222.11,0.19,-0.468,95.2,1,15.2,291.29
1653,24.32,54.5,400.0,0.16,266.31,203.19,0.93,0.117,94.6,1,17.1,267.24
1654,25.02,54.3,400.0,0.09,234.0,178.54,0.85,-0.208,95.2,1,19.16,234.85
1655,25.08,53.4,400.0,0.06,196.38,149.83,0.79,0.074,94.7,1,21.24,197.16
1656,26.83,55.0,400.0,0.26,156.0,119.03,0.94,0.065,94.7,1,23.18,156.94
1657,26.54,58.9,400.0,0.15,196.38,149.83,0.79,0.384,93.6,1,24.86,197.16
1658,28.52,55.3,401.0,0.1,234.0,178.54,0.58,0.184,94.4,1,26.17,234.58
1659,28.83,63.4,410.0,0.22,266.31,203.19,0.65,0.141,94.5,1,27.01,266.96
1660,30.43,60.1,400.0,0.26,291.1,222.11,0.82,0.586,92.6,1,27.33,291.92
1661,28.99,56.1,441.0,0.13,306.68,234.0,0.75,0.543,92.8,1,27.1,307.43
1662,29.59,53.2,402.0,0.05,312.0,238.06,0.59,0.659,92.1,1,26.34,312.59
1663,30.44,55.1,400.0,0.3,306.68,234.0,0.6,0.36,93.7,1,25.11,307.28
1664,29.84,48.2,400.0,0.11,291.1,222.11,0.88,0.529,92.9,1,23.48,291.98
1665,28.42,45.8,400.0,0.06,266.31,203.19,0.01,0.035,94.8,1,21.56,266.32
1666,28.26,43.9,433.0,0.03,234.0,178.54,0.72,0.154,94.5,1,19.5,234.72
1667,27.43,43.5,400.0,0.04,196.38,149.83,0.57,-0.012,94.9,1,17.42,196.94
1668,26.79,42.8,418.0,0.28,156.0,119.03,0.84,0.099,94.6,1,15.47,156.84
1669,25.53,42.9,403.0,0.28,196.38,149.83,0.21,-0.226,95.2,1,13.78,196.58
1670,25.11,42.1,460.0,0.15,234.0,178.54,0.53,-0.525,95.2,1,12.46,234.53
1671,23.74,40.2,412.0,0.21,266.31,203.19,0.13,-0.467,95.2,1,11.62,266.44
1672,24.13,43.2,400.0,0.25,291.1,222.11,0.66,-0.313,95.3,1,11.29,291.76
1673,23.99,41.3,422.0,0.17,306.68,234.0,0.76,-0.457,95.2,1,11.51,307.45
1674,23.55,41.0,423.0,0.2,312.0,238.06,0.62,-0.649,95.0,1,12.26,312.62
1675,22.96,45.6,400.0,0.29,306.68,234.0,0.55,-0.315,95.3,1,13.49,307.24
1676,24.56,47.9,400.0,0.05,291.1,222.11,0.34,-0.12,95.1,1,15.11,291.44
1677,24.73,50.9,416.0,0.04,266.31,203.19,0.64,-0.172,95.2,1,17.02,266.95
1678,24.8,52.7,402.0,0.23,234.0,178.54,0.9,-0.711,94.9,0,19.08,234.9
1679,25.75,55.8,400.0,0.21,196.38,149.83,0.72,-0.082,95.1,1,21.15,197.1
1680,25.92,59.7,408.0,0.06,156.0,119.03,0.02,-0.028,95.0,1,23.1,156.02
1681,26.93,63.0,400.0,0.09,196.38,149.83,0.51,-0.278,95.3,1,24.78,196.88
1682,27.9,56.5,400.0,0.21,234.0,178.54,0.74,-0.008,94.9,1,26.08,234.74
1683,29.41,57.2,400.0,0.15,266.31,203.19,0.5,0.513,93.0,1,26.93,266.81
1684,28.95,57.3,438.0,0.27,291.1,222.11,0.59,0.47,93.2,1,27.24,291.69
1685,29.89,58.9,436.0,0.25,306.68,234.0,0.91,0.499,93.0,1,27.02,307.6
1686,29.41,55.0,428.0,0.15,312.0,238.06,0.87,0.37,93.7,1,26.26,312.87
1687,29.7,51.6,408.0,0.2,306.68,234.0,0.08,0.699,91.9,1,25.02,306.77
1688,29.21,51.9,1018.0,1.0,378.43,288.74,10.51,0.187,94.4,1,23.39,388.94
1689,29.24,49.8,1003.0,1.0,346.2,264.15,10.62,0.176,94.4,1,21.48,356.82
1690,27.91,45.4,967.0,1.0,304.2,232.1,10.85,0.186,94.4,1,19.41,315.05
1691,26.67,41.6,973.0,1.0,255.29,194.79,10.27,-0.176,95.2,1,17.33,265.55
1692,25.99,42.1,982.0,1.0,202.8,154.74,10.14,-0.176,95.2,1,15.38,212.94
1693,25.64,40.0,1042.0,1.0,255.29,194.79,10.6,0.083,94.7,1,13.69,265.89
1694,24.56,39.5,1032.0,1.0,304.2,232.1,10.47,-0.419,95.3,1,12.38,314.67
1695,24.77,39.2,968.0,1.0,346.2,264.15,10.26,-0.197,95.2,1,11.53,356.46
1696,23.86,43.0,1002.0,1.0,378.43,288.74,10.94,-0.306,95.3,1,11.21,389.37
1697,24.98,43.1,988.0,1.0,398.69,304.2,10.32,-0.517,95.2,1,11.43,409.01
1698,22.82,46.7,995.0,1.0,405.6,309.47,10.06,-0.784,94.7,0,12.18,415.66
1699,23.9,49.6,400.0,0.27,306.68,234.0,0.06,-0.47,95.2,1,13.41,306.74
1700,23.53,50.4,442.0,0.11,291.1,222.11,0.2,-0.855,94.5,0,15.03,291.3
1701,24.33,51.1,400.0,0.2,266.31,203.19,0.12,-0.459,95.2,1,16.94,266.43
1702,25.27,56.7,406.0,0.17,234.0,178.54,0.39,-0.201,95.2,1,19.0,234.39
1703,24.76,57.7,407.0,0.18,196.38,149.83,0.08,0.044,94.8,1,21.07,196.46
1704,26.82,63.6,400.0,0.14,156.0,119.03,0.56,-0.03,95.0,1,23.01,156.56
1705,28.43,60.1,403.0,0.14,196.38,149.83,0.41,0.008,94.9,1,24.7,196.78
1706,27.98,61.4,432.0,0.27,234.0,178.54,0.6,0.112,94.6,1,26.0,234.6
1707,28.95,60.4,444.0,0.12,266.31,203.19,0.99,0.26,94.1,1,26.84,267.3
1708,29.81,58.7,400.0,0.06,291.1,222.11,0.99,0.558,92.7,1,27.16,292.09
1709,29.52,56.9,400.0,0.13,306.68,234.0,0.42,0.553,92.7,1,26.93,307.1
1710,29.42,56.0,402.0,0.22,312.0,238.06,0.37,0.496,93.1,1,26.18,312.37
1711,28.47,54.1,433.0,0.14,306.68,234.0,0.68,0.609,92.4,1,24.94,307.37
1712,29.63,52.8,1011.0,1.0,378.43,288.74,10.37,0.433,93.4,1,23.31,388.8
1713,28.77,48.5,1020.0,1.0,346.2,264.15,10.78,0.087,94.7,1,21.4,356.98
1714,27.71,44.5,959.0,1.0,304.2,232.1,10.6,0.028,94.8,1,19.33,314.8
1715,27.55,42.6,983.0,1.0,255.29,194.79,10.2,0.25,94.1,1,17.25,265.49
1716,26.42,38.9,934.0,1.0,202.8,154.74,10.41,-0.275,95.3,1,15.3,213.21
1717,25.67,43.8,996.0,1.0,255.29,194.79,10.86,-0.206,95.2,1,13.61,266.15
1718,25.52,38.9,935.0,1.0,304.2,232.1,10.55,-0.273,95.3,1,12.3,314.75
1719,23.93,42.2,1040.0,1.0,346.2,264.15,10.71,-0.56,95.1,1,11.45,356.91
1720,24.64,41.7,1047.0,1.0,378.43,288.74,10.71,-0.767,94.7,0,11.13,389.14
1721,23.12,43.2,1004.0,1.0,398.69,304.2,10.48,-0.718,94.9,0,11.35,409.17
1722,23.39,44.4,955.0,1.0,405.6,309.47,10.3,-0.862,94.5,0,12.1,415.9
1723,24.79,45.4,411.0,0.12,306.68,234.0,0.6,-0.361,95.3,1,13.33,307.28
1724,24.69,47.6,456.0,0.14,291.1,222.11,0.11,-0.354,95.3,1,14.95,291.21
1725,24.65,55.6,414.0,0.12,266.31,203.19,0.6,-0.505,95.2,1,16.86,266.91
1726,24.76,54.8,436.0,0.01,234.0,178.54,0.1,-0.523,95.2,1,18.92,234.1
1727,25.69,59.0,400.0,0.22,196.38,149.83,0.9,0.104,94.6,1,20.99,197.28
1728,26.76,61.2,400.0,0.18,156.0,119.03,0.74,0.088,94.7,1,22.93,156.74
1729,27.52,58.7,400.0,0.04,196.38,149.83,0.18,0.005,94.9,1,24.62,196.56
1730,28.18,60.8,400.0,0.08,234.0,178.54,0.78,0.487,93.1,1,25.92,234.78
1731,28.84,59.9,468.0,0.18,266.31,203.19,0.73,0.381,93.6,1,26.76,267.03
1732,29.22,56.6,404.0,0.16,291.1,222.11,0.73,0.497,93.0,1,27.08,291.83
1733,28.91,57.0,426.0,0.22,306.68,234.0,0.34,0.275,94.1,1,26.86,307.02
1734,29.48,56.6,400.0,0.15,312.0,238.06,0.52,0.197,94.3,1,26.1,312.52
1735,30.09,52.0,400.0,0.25,306.68,234.0,0.59,0.169,94.4,1,24.86,307.27
1736,28.65,49.8,1043.0,1.0,378.43,288.74,10.38,0.85,90.9,0,23.23,388.81
1737,28.76,47.5,966.0,1.0,346.2,264.15,10.56,0.188,94.4,1,21.32,356.76
1738,27.83,49.6,1010.0,1.0,304.2,232.1,10.24,0.263,94.1,1,19.25,314.44
1739,27.57,39.6,1013.0,1.0,255.29,194.79,10.87,0.221,94.3,1,17.17,266.16
1740,26.55,42.6,1002.0,1.0,202.8,154.74,10.96,-0.004,94.9,1,15.22,213.76
1741,26.71,40.0,976.0,1.0,255.29,194.79,10.33,-0.16,95.2,1,13.53,265.62
1742,25.5,38.7,996.0,1.0,304.2,232.1,10.34,-0.285,95.3,1,12.22,314.54
1743,23.97,39.7,971.0,1.0,346.2,264.15,10.22,-0.258,95.3,1,11.37,356.42
1744,24.48,42.4,1024.0,1.0,378.43,288.74,10.86,-0.641,95.0,1,11.05,389.29
1745,23.46,44.1,1017.0,1.0,398.69,304.2,10.16,-0.571,95.1,1,11.27,408.85
1746,23.46,45.0,999.0,1.0,405.6,309.47,10.8,-0.961,94.1,0,12.02,416.4
1747,24.01,49.1,400.0,0.08,306.68,234.0,0.83,-0.856,94.5,0,13.25,307.52
1748,23.91,52.1,463.0,0.12,291.1,222.11,0.32,-0.693,94.9,1,14.87,291.42
1749,25.08,53.8,400.0,0.01,266.31,203.19,0.78,-0.183,95.2,1,16.78,267.09
1750,24.87,53.5,400.0,0.16,234.0,178.54,0.45,-0.305,95.3,1,18.84,234.45
1751,25.67,57.7,400.0,0.06,196.38,149.83,0.35,0.01,94.9,1,20.91,196.72
1752,26.43,59.4,400.0,0.13,156.0,119.03,0.89,0.077,94.7,1,22.86,156.89
1753,27.25,57.9,433.0,0.28,196.38,149.83,0.45,0.181,94.4,1,24.54,196.83
1754,28.81,56.8,419.0,0.08,234.0,178.54,0.06,0.061,94.7,1,25.85,234.06
1755,29.19,55.7,401.0,0.19,266.31,203.19,0.63,0.369,93.7,1,26.69,266.94
1756,30.21,59.0,415.0,0.06,291.1,222.11,0.66,0.484,93.1,1,27.01,291.76
1757,30.79,58.0,414.0,0.18,306.68,234.0,0.63,0.923,90.3,0,26.78,307.32
1758,29.25,53.0,463.0,0.09,312.0,238.06,0.36,0.431,93.4,1,26.02,312.36
1759,29.7,55.1,408.0,0.2,306.68,234.0,0.68,0.629,92.3,1,24.79,307.36
1760,28.77,50.8,980.0,1.0,378.43,288.74,10.29,0.408,93.5,1,23.16,388.72
1761,28.5,50.6,1006.0,1.0,346.2,264.15,10.46,0.213,94.3,1,21.24,356.67
1762,27.95,46.2,921.0,1.0,304.2,232.1,10.22,0.424,93.4,1,19.18,314.42
1763,27.02,41.1,999.0,1.0,255.29,194.79,10.61,0.508,93.0,1,17.1,265.9
1764,26.24,42.5,1033.0,1.0,202.8,154.74,10.81,0.052,94.8,1,15.15,213.61
1765,25.92,41.8,1018.0,1.0,255.29,194.79,10.1,-0.266,95.3,1,13.46,265.39
1766,24.66,38.9,1009.0,1.0,304.2,232.1,10.03,-0.157,95.2,1,12.15,314.23
1767,25.07,37.3,1019.0,1.0,346.2,264.15,10.76,-0.298,95.3,1,11.3,356.96
1768,23.72,41.3,1033.0,1.0,378.43,288.74,10.32,0.01,94.9,1,10.97,388.75
1769,25.28,40.6,1043.0,1.0,398.69,304.2,10.32,-0.335,95.3,1,11.19,409.01
1770,23.55,46.8,1013.0,1.0,405.6,309.47,10.56,-0.687,94.9,1,11.94,416.16
1771,23.91,46.1,400.0,0.08,306.68,234.0,0.49,-0.228,95.2,1,13.17,307.17
1772,23.53,53.0,400.0,0.16,291.1,222.11,0.12,-0.278,95.3,1,14.8,291.22
1773,25.51,47.9,429.0,0.13,266.31,203.19,0.76,-0.166,95.2,1,16.7,267.07
1774,25.84,54.9,415.0,0.13,234.0,178.54,0.18,-0.161,95.2,1,18.76,234.18
1775,26.15,59.6,405.0,0.07,196.38,149.83,0.83,0.072,94.7,1,20.84,197.2
1776,26.11,56.6,400.0,0.27,156.0,119.03,0.76,0.088,94.7,1,22.78,156.76
1777,27.66,59.2,429.0,0.2,196.38,149.83,0.17,0.079,94.7,1,24.47,196.54
1778,27.72,59.2,400.0,0.05,234.0,178.54,0.76,0.277,94.0,1,25.77,234.76
1779,29.64,58.4,400.0,0.0,266.31,203.19,0.66,0.33,93.8,1,26.61,266.97
1780,29.79,59.4,400.0,0.23,291.1,222.11,0.98,0.501,93.0,1,26.93,292.08
1781,29.73,54.8,413.0,0.0,306.68,234.0,0.71,0.499,93.0,1,26.71,307.4
1782,28.57,55.2,400.0,0.26,312.0,238.06,0.39,0.437,93.3,1,25.95,312.39
1783,29.19,54.1,417.0,0.16,306.68,234.0,0.62,0.447,93.3,1,24.71,307.3
1784,29.73,50.0,978.0,1.0,378.43,288.74,10.66,0.432,93.4,1,23.08,389.09
1785,29.52,45.9,979.0,1.0,346.2,264.15,10.75,-0.003,94.9,1,21.17,356.95
1786,28.85,47.5,1027.0,1.0,304.2,232.1,10.47,0.455,93.3,1,19.1,314.67
1787,26.77,44.7,970.0,1.0,255.29,194.79,10.83,0.199,94.3,1,17.03,266.12
1788,26.94,39.5,1027.0,1.0,202.8,154.74,10.29,-0.122,95.1,1,15.07,213.09
1789,26.53,37.9,1003.0,1.0,255.29,194.79,10.96,-0.011,94.9,1,13.39,266.25
1790,24.47,38.1,951.0,1.0,304.2,232.1,10.31,-0.352,95.3,1,12.07,314.51
1791,24.67,41.3,1041.0,1.0,346.2,264.15,10.04,-0.455,95.2,1,11.22,356.24
1792,24.34,41.7,1009.0,1.0,378.43,288.74,10.2,-0.358,95.3,1,10.9,388.63
1793,23.75,44.2,1012.0,1.0,398.69,304.2,10.93,-0.197,95.2,1,11.12,409.62
1794,22.87,43.9,1030.0,1.0,405.6,309.47,10.79,-0.444,95.3,1,11.87,416.39
1795,23.74,45.1,445.0,0.12,306.68,234.0,0.44,-0.638,95.0,1,13.1,307.12
1796,24.04,51.4,406.0,0.04,291.1,222.11,0.91,-0.503,95.2,1,14.72,292.01
1797,24.61,51.0,419.0,0.12,266.31,203.19,0.25,-0.184,95.2,1,16.63,266.56
1798,25.02,55.0,411.0,0.14,234.0,178.54,0.23,-0.169,95.2,1,18.69,234.23
1799,25.81,53.6,400.0,0.26,196.38,149.83,0.13,0.062,94.7,1,20.77,196.5
1800,26.79,57.3,400.0,0.16,156.0,119.03,0.44,0.079,94.7,1,22.71,156.44
1801,27.8,61.5,406.0,0.27,196.38,149.83,0.51,0.284,94.0,1,24.39,196.89
1802,28.16,58.6,441.0,0.29,234.0,178.54,0.15,0.653,92.2,1,25.7,234.15
1803,28.73,61.4,417.0,0.01,266.31,203.19,0.11,0.083,94.7,1,26.54,266.42
1804,29.45,54.2,400.0,0.18,291.1,222.11,0.39,0.914,90.4,0,26.86,291.49
1805,28.75,56.3,433.0,0.09,306.68,234.0,0.23,0.67,92.1,1,26.63,306.92
1806,30.05,55.1,400.0,0.26,312.0,238.06,0.57,1.025,89.5,0,25.88,312.57
1807,29.71,56.5,400.0,0.15,306.68,234.0,0.52,0.286,94.0,1,24.64,307.21
1808,29.43,48.1,431.0,0.02,291.1,222.11,0.16,0.51,93.0,1,23.01,291.26
1809,29.42,49.2,400.0,0.06,266.31,203.19,0.01,0.385,93.6,1,21.1,266.32
1810,27.34,47.5,453.0,0.2,234.0,178.54,0.64,0.427,93.4,1,19.03,234.64
1811,26.61,41.8,434.0,0.02,196.38,149.83,0.77,0.223,94.2,1,16.95,197.15
1812,26.95,40.8,400.0,0.11,156.0,119.03,0.49,0.072,94.7,1,15.0,156.49
1813,26.04,40.8,414.0,0.26,196.38,149.83,0.58,0.026,94.8,1,13.31,196.95
1814,25.4,37.0,473.0,0.01,234.0,178.54,0.96,-0.271,95.3,1,12.0,234.96
1815,24.47,39.3,430.0,0.21,266.31,203.19,0.77,-0.457,95.2,1,11.15,267.08
1816,24.56,43.7,407.0,0.2,291.1,222.11,0.33,-0.342,95.3,1,10.83,291.43
1817,24.39,43.6,487.0,0.1,306.68,234.0,0.85,-0.587,95.1,1,11.05,307.53
1818,24.07,44.3,404.0,0.03,312.0,238.06,0.55,-0.525,95.2,1,11.8,312.55
1819,23.8,47.2,417.0,0.03,306.68,234.0,0.52,-0.771,94.7,0,13.03,307.21
1820,23.17,50.7,400.0,0.29,291.1,222.11,0.69,-0.422,95.3,1,14.65,291.79
1821,25.09,53.7,400.0,0.2,266.31,203.19,0.43,-0.539,95.2,1,16.56,266.74
1822,25.94,53.5,400.0,0.11,234.0,178.54,0.88,-0.257,95.3,1,18.62,234.88
1823,26.37,59.8,401.0,0.25,196.38,149.83,0.17,-0.347,95.3,1,20.7,196.54
1824,26.39,61.0,410.0,0.03,156.0,119.03,0.42,-0.004,94.9,1,22.64,156.42
1825,27.94,60.9,400.0,0.04,196.38,149.83,0.06,0.309,93.9,1,24.32,196.44
1826,28.76,58.3,420.0,0.06,234.0,178.54,0.71,0.131,94.6,1,25.63,234.71
1827,29.73,57.7,400.0,0.23,266.31,203.19,0.27,0.167,94.4,1,26.47,266.58
1828,28.99,58.2,418.0,0.12,291.1,222.11,0.43,0.589,92.5,1,26.79,291.53
1829,29.62,57.5,428.0,0.19,306.68,234.0,0.89,0.666,92.1,1,26.57,307.57
1830,30.21,51.9,400.0,0.07,312.0,238.06,0.19,0.585,92.6,1,25.81,312.19
1831,29.76,54.0,400.0,0.23,306.68,234.0,0.0,0.39,93.6,1,24.57,306.69
1832,28.88,53.0,446.0,0.24,291.1,222.11,0.58,0.307,93.9,1,22.95,291.68
1833,29.17,49.0,426.0,0.12,266.31,203.19,0.44,0.287,94.0,1,21.03,266.75
1834,28.63,44.1,405.0,0.06,234.0,178.54,0.05,0.238,94.2,1,18.97,234.05
1835,27.66,41.7,444.0,0.19,196.38,149.83,0.3,-0.216,95.2,1,16.89,196.67
1836,26.95,42.2,402.0,0.08,156.0,119.03,0.24,-0.197,95.2,1,14.94,156.24
1837,25.93,40.2,400.0,0.04,196.38,149.83,0.26,0.121,94.6,1,13.25,196.64
1838,26.08,40.9,400.0,0.18,234.0,178.54,0.79,-0.209,95.2,1,11.93,234.79
1839,24.27,41.4,400.0,0.15,266.31,203.19,0.3,-0.108,95.1,1,11.09,266.61
1840,23.95,43.3,423.0,0.24,291.1,222.11,0.49,-0.23,95.2,1,10.76,291.59
1841,23.95,40.3,442.0,0.09,306.68,234.0,0.27,-0.545,95.2,1,10.98,306.95
1842,24.28,45.0,401.0,0.07,312.0,238.06,0.95,-0.559,95.1,1,11.73,312.95
1843,23.2,46.2,436.0,0.19,306.68,234.0,0.77,-0.29,95.3,1,12.96,307.46
1844,23.59,49.3,400.0,0.21,291.1,222.11,0.42,-0.281,95.3,1,14.59,291.52
1845,23.71,53.9,400.0,0.12,266.31,203.19,0.73,-0.156,95.2,1,16.49,267.04
1846,25.36,56.5,400.0,0.13,234.0,178.54,0.31,-0.253,95.2,1,18.56,234.31
1847,25.51,59.5,400.0,0.04,196.38,149.83,0.08,-0.101,95.1,1,20.63,196.46
1848,26.66,59.3,400.0,0.14,156.0,119.03,0.43,-0.051,95.0,1,22.57,156.43
1849,27.96,59.3,460.0,0.29,196.38,149.83,0.56,0.119,94.6,1,24.26,196.94
1850,28.03,59.5,413.0,0.03,234.0,178.54,0.35,0.113,94.6,1,25.57,234.35
1851,29.09,56.3,400.0,0.17,266.31,203.19,0.4,0.339,93.8,1,26.41,266.71
1852,29.3,61.6,452.0,0.01,291.1,222.11,0.71,0.401,93.5,1,26.73,291.81
1853,30.09,56.8,400.0,0.1,306.68,234.0,0.9,0.391,93.6,1,26.5,307.58
1854,30.09,56.4,400.0,0.23,312.0,238.06,0.89,0.658,92.1,1,25.74,312.89
1855,29.41,54.4,460.0,0.17,306.68,234.0,0.58,0.201,94.3,1,24.51,307.26
1856,29.37,48.0,996.0,1.0,378.43,288.74,10.63,0.501,93.0,1,22.88,389.06
1857,29.5,46.0,1073.0,1.0,346.2,264.15,10.53,0.169,94.4,1,20.97,356.73
1858,28.56,48.5,1024.0,1.0,304.2,232.1,10.37,0.08,94.7,1,18.9,314.57
1859,26.94,43.9,1039.0,1.0,255.29,194.79,10.74,-0.023,94.9,1,16.82,266.03
1860,27.19,40.4,1040.0,1.0,202.8,154.74,10.11,0.094,94.7,1,14.87,212.91
1861,25.54,40.2,1000.0,1.0,255.29,194.79,10.89,-0.581,95.1,1,13.18,266.18
1862,26.07,42.2,985.0,1.0,304.2,232.1,10.28,-0.216,95.2,1,11.87,314.48
1863,25.25,42.1,997.0,1.0,346.2,264.15,10.22,-0.344,95.3,1,11.02,356.42
1864,24.41,38.2,970.0,1.0,378.43,288.74,10.27,-0.627,95.0,1,10.7,388.7
1865,24.05,45.9,998.0,1.0,398.69,304.2,10.81,-0.447,95.3,1,10.92,409.5
1866,23.76,46.5,1000.0,1.0,405.6,309.47,10.27,-0.743,94.8,0,11.67,415.87
1867,24.31,46.7,451.0,0.01,306.68,234.0,0.61,-0.492,95.2,1,12.9,307.29
1868,24.08,47.1,418.0,0.03,291.1,222.11,0.34,-0.683,94.9,1,14.52,291.44
1869,24.86,54.2,471.0,0.07,266.31,203.19,0.66,0.057,94.8,1,16.43,266.97
1870,25.8,55.5,400.0,0.22,234.0,178.54,0.59,-0.078,95.0,1,18.49,234.59
1871,25.81,53.8,400.0,0.01,196.38,149.83,1.0,-0.08,95.0,1,20.57,197.37
1872,26.56,58.0,400.0,0.28,156.0,119.03,0.31,-0.191,95.2,1,22.51,156.31
1873,27.05,65.8,445.0,0.13,196.38,149.83,0.35,0.074,94.7,1,24.19,196.73
1874,27.84,60.0,400.0,0.25,234.0,178.54,0.2,0.203,94.3,1,25.5,234.2
1875,28.08,58.3,400.0,0.07,266.31,203.19,0.46,0.402,93.5,1,26.34,266.77
1876,29.84,56.9,400.0,0.1,291.1,222.11,0.84,0.513,93.0,1,26.66,291.94
1877,30.68,60.9,400.0,0.22,306.68,234.0,0.21,0.528,92.9,1,26.44,306.9
1878,30.59,57.1,400.0,0.11,312.0,238.06,0.96,0.568,92.7,1,25.68,312.96
1879,28.96,55.9,460.0,0.15,306.68,234.0,0.01,0.449,93.3,1,24.45,306.7
1880,29.84,51.0,989.0,1.0,378.43,288.74,10.81,0.502,93.0,1,22.82,389.24
1881,29.71,50.4,1005.0,1.0,346.2,264.15,10.69,0.226,94.2,1,20.9,356.89
1882,28.15,43.7,997.0,1.0,304.2,232.1,10.91,0.037,94.8,1,18.84,315.11
1883,27.71,43.6,992.0,1.0,255.29,194.79,10.52,0.499,93.0,1,16.76,265.81
1884,25.88,42.2,975.0,1.0,202.8,154.74,10.68,0.083,94.7,1,14.81,213.48
1885,26.24,43.2,991.0,1.0,255.29,194.79,10.05,0.232,94.2,1,13.12,265.34
1886,24.85,40.6,1010.0,1.0,304.2,232.1,10.39,-0.305,95.3,1,11.81,314.59
1887,24.86,39.0,1043.0,1.0,346.2,264.15,10.77,0.129,94.6,1,10.96,356.97
1888,23.5,41.2,1028.0,1.0,378.43,288.74,10.11,-0.417,95.3,1,10.64,388.54
1889,24.26,39.3,963.0,1.0,398.69,304.2,10.78,-0.254,95.2,1,10.86,409.47
1890,24.4,40.0,1030.0,1.0,405.6,309.47,10.31,-0.493,95.2,1,11.61,415.91
1891,23.6,48.6,414.0,0.03,306.68,234.0,0.35,-0.45,95.2,1,12.84,307.04
1892,23.72,48.8,400.0,0.02,291.1,222.11,0.65,-0.456,95.2,1,14.46,291.75
1893,23.69,51.6,405.0,0.05,266.31,203.19,0.08,-0.452,95.2,1,16.37,266.39
1894,25.25,56.2,417.0,0.2,234.0,178.54,0.62,-0.054,95.0,1,18.43,234.62
1895,25.82,59.5,401.0,0.12,196.38,149.83,0.91,-0.131,95.1,1,20.5,197.29
1896,26.11,59.5,414.0,0.1,156.0,119.03,0.09,0.166,94.4,1,22.45,156.09
1897,27.89,63.4,400.0,0.27,196.38,149.83,0.25,0.31,93.9,1,24.13,196.63
1898,28.17,61.0,460.0,0.27,234.0,178.54,0.01,0.533,92.9,1,25.44,234.01
1899,28.47,60.4,400.0,0.16,266.31,203.19,0.52,0.438,93.3,1,26.28,266.83
1900,29.21,59.4,417.0,0.14,291.1,222.11,0.73,0.131,94.6,1,26.6,291.83
1901,30.33,54.8,411.0,0.08,306.68,234.0,0.93,0.419,93.4,1,26.38,307.61
1902,30.2,57.3,419.0,0.14,312.0,238.06,0.37,0.495,93.1,1,25.62,312.37
1903,29.73,48.2,400.0,0.12,306.68,234.0,0.15,0.485,93.1,1,24.39,306.83
1904,29.8,49.3,1035.0,1.0,378.43,288.74,10.03,0.697,91.9,1,22.76,388.46
1905,28.44,47.9,997.0,1.0,346.2,264.15,10.33,0.581,92.6,1,20.84,356.53
1906,28.41,43.8,964.0,1.0,304.2,232.1,10.51,0.221,94.3,1,18.78,314.71
1907,27.75,42.4,967.0,1.0,255.29,194.79,10.9,0.615,92.4,1,16.7,266.19
1908,26.66,45.3,1004.0,1.0,202.8,154.74,10.22,-0.07,95.0,1,14.75,213.02
1909,26.34,42.7,952.0,1.0,255.29,194.79,10.78,-0.183,95.2,1,13.06,266.07
1910,25.01,38.6,1054.0,1.0,304.2,232.1,10.48,-0.468,95.2,1,11.75,314.68
1911,25.03,39.3,1031.0,1.0,346.2,264.15,10.87,-0.665,95.0,1,10.9,357.07
1912,24.58,38.6,1055.0,1.0,378.43,288.74,10.86,-0.669,95.0,1,10.58,389.29
1913,22.55,44.0,1052.0,1.0,398.69,304.2,10.86,-0.28,95.3,1,10.8,409.55
1914,24.5,44.1,989.0,1.0,405.6,309.47,10.4,-0.352,95.3,1,11.55,416.0
1915,22.48,43.0,400.0,0.01,306.68,234.0,0.35,-0.66,95.0,1,12.78,307.03
1916,24.0,49.7,400.0,0.24,291.1,222.11,0.21,-0.413,95.3,1,14.4,291.31
1917,25.3,53.0,400.0,0.24,266.31,203.19,0.23,-0.192,95.2,1,16.31,266.54
1918,25.25,56.5,453.0,0.15,234.0,178.54,0.62,-0.657,95.0,1,18.37,234.62
1919,25.4,56.6,400.0,0.25,196.38,149.83,0.96,0.225,94.2,1,20.45,197.34
1920,26.36,57.7,400.0,0.14,156.0,119.03,0.61,0.211,94.3,1,22.39,156.61
1921,28.2,63.5,400.0,0.05,196.38,149.83,0.41,0.292,94.0,1,24.08,196.79
1922,27.45,60.0,411.0,0.16,234.0,178.54,0.24,0.49,93.1,1,25.38,234.24
1923,29.59,61.2,439.0,0.09,266.31,203.19,0.65,-0.055,95.0,1,26.23,266.96
1924,29.48,57.8,400.0,0.14,291.1,222.11,0.21,0.389,93.6,1,26.55,291.31
1925,29.21,58.8,400.0,0.29,306.68,234.0,0.09,0.735,91.6,0,26.32,306.78
1926,29.62,52.5,445.0,0.11,312.0,238.06,0.09,0.499,93.0,1,25.56,312.09
1927,29.3,52.1,422.0,0.06,306.68,234.0,0.85,0.631,92.3,1,24.33,307.53
1928,29.94,48.1,992.0,1.0,378.43,288.74,10.38,0.723,91.7,0,22.7,388.81
1929,29.4,46.7,1051.0,1.0,346.2,264.15,10.94,0.494,93.1,1,20.79,357.14
1930,27.55,47.9,959.0,1.0,304.2,232.1,10.5,0.198,94.3,1,18.72,314.7
1931,27.49,42.0,1028.0,1.0,255.29,194.79,10.69,0.245,94.2,1,16.64,265.98
1932,26.48,43.0,998.0,1.0,202.8,154.74,10.83,-0.334,95.3,1,14.69,213.63
1933,26.79,43.5,1018.0,1.0,255.29,194.79,10.87,-0.031,95.0,1,13.0,266.16
1934,24.74,40.0,928.0,1.0,304.2,232.1,10.16,-0.1,95.1,1,11.69,314.36
1935,25.6,42.2,992.0,1.0,346.2,264.15,10.22,-0.323,95.3,1,10.85,356.42
1936,24.3,42.2,1022.0,1.0,378.43,288.74,10.15,-0.201,95.2,1,10.52,388.58
1937,23.44,42.8,998.0,1.0,398.69,304.2,10.45,-0.427,95.3,1,10.74,409.14
1938,23.58,46.1,1038.0,1.0,405.6,309.47,10.16,-0.471,95.2,1,11.49,415.76
1939,23.62,50.6,437.0,0.05,306.68,234.0,0.65,-0.116,95.1,1,12.72,307.34
1940,23.68,48.3,400.0,0.18,291.1,222.11,0.36,-0.625,95.0,1,14.35,291.46
1941,24.85,50.2,425.0,0.17,266.31,203.19,0.96,-0.075,95.0,1,16.26,267.27
1942,24.81,52.6,400.0,0.08,234.0,178.54,0.82,0.013,94.9,1,18.32,234.82
1943,25.06,58.7,402.0,0.2,196.38,149.83,0.72,0.04,94.8,1,20.39,197.1
1944,26.73,60.7,420.0,0.23,156.0,119.03,0.69,-0.081,95.0,1,22.34,156.69
1945,26.8,58.5,400.0,0.29,196.38,149.83,0.04,0.198,94.3,1,24.02,196.42
1946,28.05,55.7,424.0,0.13,234.0,178.54,0.08,0.089,94.7,1,25.33,234.08
1947,28.59,58.4,400.0,0.11,266.31,203.19,0.43,0.241,94.2,1,26.17,266.74
1948,29.09,60.0,400.0,0.29,291.1,222.11,0.91,0.459,93.2,1,26.49,292.01
1949,30.82,57.3,421.0,0.28,306.68,234.0,0.09,0.306,93.9,1,26.26,306.78
1950,29.95,55.8,400.0,0.28,312.0,238.06,0.42,0.453,93.3,1,25.51,312.42
1951,29.95,52.0,400.0,0.18,306.68,234.0,0.79,0.263,94.1,1,24.27,307.48
1952,28.64,52.5,1031.0,1.0,378.43,288.74,10.32,0.564,92.7,1,22.65,388.75
1953,28.72,48.6,1003.0,1.0,346.2,264.15,10.93,0.681,92.0,1,20.73,357.13
1954,28.54,46.6,956.0,1.0,304.2,232.1,10.93,0.689,91.9,1,18.67,315.13
1955,27.19,43.6,1026.0,1.0,255.29,194.79,10.06,-0.077,95.0,1,16.59,265.35
1956,27.38,42.6,988.0,1.0,202.8,154.74,10.62,-0.172,95.2,1,14.64,213.42
1957,25.55,41.4,958.0,1.0,255.29,194.79,10.15,-0.139,95.1,1,12.95,265.43
1958,25.29,38.2,925.0,1.0,304.2,232.1,10.44,-0.086,95.1,1,11.64,314.64
1959,24.52,41.0,1027.0,1.0,346.2,264.15,10.9,-0.372,95.3,1,10.79,357.1
1960,24.42,42.7,974.0,1.0,378.43,288.74,10.07,-0.218,95.2,1,10.47,388.5
1961,23.71,44.9,963.0,1.0,398.69,304.2,10.94,-0.354,95.3,1,10.69,409.63
1962,23.8,45.4,1019.0,1.0,405.6,309.47,10.99,-0.831,94.6,0,11.44,416.59
1963,23.92,45.0,424.0,0.04,306.68,234.0,0.67,-0.449,95.3,1,12.67,307.35
1964,23.97,47.9,400.0,0.05,291.1,222.11,0.36,-0.658,95.0,1,14.3,291.46
1965,25.06,51.3,427.0,0.22,266.31,203.19,0.25,-0.444,95.3,1,16.2,266.56
1966,25.55,55.0,462.0,0.29,234.0,178.54,0.43,-0.31,95.3,1,18.26,234.43
1967,26.12,56.5,440.0,0.15,196.38,149.83,0.18,0.042,94.8,1,20.34,196.56
1968,26.72,56.2,436.0,0.01,156.0,119.03,0.02,0.017,94.9,1,22.28,156.02
1969,28.11,57.3,409.0,0.07,196.38,149.83,0.06,0.059,94.8,1,23.97,196.44
1970,28.32,55.8,400.0,0.06,234.0,178.54,0.66,0.692,91.9,1,25.28,234.66
1971,28.91,53.5,400.0,0.28,266.31,203.19,0.02,0.197,94.3,1,26.12,266.33
1972,29.59,58.6,413.0,0.13,291.1,222.11,0.3,0.513,93.0,1,26.44,291.4
1973,30.69,62.0,400.0,0.28,306.68,234.0,0.68,0.639,92.2,1,26.21,307.36
1974,29.27,59.0,400.0,0.26,312.0,238.06,0.17,0.556,92.7,1,25.46,312.17
1975,30.22,51.1,400.0,0.14,306.68,234.0,0.33,0.326,93.8,1,24.22,307.02
1976,28.59,50.8,407.0,0.01,291.1,222.11,0.03,0.265,94.1,1,22.59,291.13
1977,29.17,44.9,402.0,0.29,266.31,203.19,0.11,0.5,93.0,1,20.68,266.42
1978,29.23,42.8,400.0,0.0,234.0,178.54,0.23,0.481,93.1,1,18.62,234.23
1979,27.96,40.9,425.0,0.26,196.38,149.83,0.13,0.141,94.5,1,16.54,196.5
1980,27.03,41.1,400.0,0.12,156.0,119.03,0.47,-0.241,95.2,1,14.59,156.47
1981,25.89,40.1,400.0,0.09,196.38,149.83,0.13,-0.105,95.1,1,12.9,196.5
1982,25.46,40.5,423.0,0.12,234.0,178.54,0.31,0.075,94.7,1,11.59,234.31
1983,24.7,41.6,428.0,0.11,266.31,203.19,0.72,-0.533,95.2,1,10.74,267.03
1984,23.95,40.4,400.0,0.21,291.1,222.11,0.65,-0.474,95.2,1,10.42,291.75
1985,23.9,42.7,407.0,0.17,306.68,234.0,0.38,-0.449,95.3,1,10.64,307.07
1986,24.05,42.4,400.0,0.08,312.0,238.06,0.93,-0.26,95.3,1,11.39,312.93
1987,23.67,44.3,400.0,0.16,306.68,234.0,0.79,-0.567,95.1,1,12.62,307.47
1988,23.95,46.5,404.0,0.12,291.1,222.11,0.61,-0.314,95.3,1,14.25,291.71
1989,24.15,53.4,417.0,0.28,266.31,203.19,0.44,-0.053,95.0,1,16.15,266.75
1990,25.64,53.9,410.0,0.27,234.0,178.54,0.06,-0.524,95.2,1,18.21,234.06
1991,26.45,53.0,408.0,0.19,196.38,149.83,0.41,-0.369,95.3,1,20.29,196.79
1992,27.07,58.3,400.0,0.29,156.0,119.03,0.55,0.003,94.9,1,22.23,156.55
1993,28.21,57.0,412.0,0.11,196.38,149.83,0.99,0.348,93.8,1,23.92,197.37
1994,28.49,63.3,417.0,0.03,234.0,178.54,0.95,0.339,93.8,1,25.23,234.95
1995,29.27,58.6,421.0,0.01,266.31,203.19,0.11,0.59,92.5,1,26.07,266.42
1996,29.7,60.2,400.0,0.25,291.1,222.11,0.98,0.115,94.6,1,26.39,292.08
1997,29.8,59.6,427.0,0.12,306.68,234.0,0.75,0.574,92.6,1,26.16,307.44
1998,29.69,53.5,400.0,0.26,312.0,238.06,0.68,-0.047,95.0,1,25.41,312.68
1999,30.96,53.2,400.0,0.14,306.68,234.0,0.9,0.77,91.4,0,24.17,307.59
2000,29.33,51.6,400.0,0.0,291.1,222.11,0.33,0.693,91.9,1,22.55,291.43
2001,28.74,48.1,400.0,0.16,266.31,203.19,0.4,0.31,93.9,1,20.63,266.71
2002,28.67,46.1,400.0,0.18,234.0,178.54,0.87,-0.19,95.2,1,18.57,234.87
2003,27.86,40.6,407.0,0.14,196.38,149.83,0.1,0.11,94.6,1,16.49,196.48
2004,26.25,42.7,400.0,0.25,156.0,119.03,0.71,0.245,94.2,1,14.54,156.71
2005,26.74,39.5,400.0,0.19,196.38,149.83,0.81,-0.025,94.9,1,12.85,197.19
2006,25.41,40.7,400.0,0.11,234.0,178.54,0.89,0.142,94.5,1,11.54,234.89
2007,24.28,42.1,461.0,0.22,266.31,203.19,0.22,-0.391,95.3,1,10.69,266.53
2008,24.95,42.5,406.0,0.1,291.1,222.11,0.68,-0.005,94.9,1,10.37,291.78
2009,24.37,43.3,404.0,0.25,306.68,234.0,0.09,-0.865,94.5,0,10.59,306.77
2010,23.33,45.9,407.0,0.08,312.0,238.06,0.86,-0.63,95.0,1,11.34,312.86
2011,24.95,48.3,418.0,0.2,306.68,234.0,0.48,-0.72,94.9,0,12.57,307.17
2012,24.69,52.5,429.0,0.12,291.1,222.11,0.62,-0.264,95.3,1,14.2,291.72
2013,24.83,52.1,400.0,0.03,266.31,203.19,0.85,-0.574,95.1,1,16.11,267.16
2014,26.26,54.9,439.0,0.19,234.0,178.54,0.51,-0.027,94.9,1,18.17,234.51
2015,26.26,58.6,437.0,0.11,196.38,149.83,0.51,0.03,94.8,1,20.24,196.88
2016,26.95,57.4,400.0,0.19,156.0,119.03,0.46,0.058,94.8,1,22.19,156.46
2017,27.41,56.9,400.0,0.16,196.38,149.83,0.6,0.129,94.6,1,23.87,196.98
2018,28.75,61.0,400.0,0.01,234.0,178.54,0.72,0.061,94.7,1,25.18,234.72
2019,29.32,59.4,400.0,0.06,266.31,203.19,0.81,0.495,93.1,1,26.02,267.11
2020,29.57,56.5,416.0,0.21,291.1,222.11,0.03,0.353,93.7,1,26.34,291.13
2021,29.47,58.4,436.0,0.14,306.68,234.0,0.35,0.657,92.1,1,26.12,307.03
2022,30.03,58.3,422.0,0.14,312.0,238.06,0.43,0.82,91.1,0,25.36,312.43
2023,29.83,49.8,400.0,0.0,306.68,234.0,0.1,0.442,93.3,1,24.13,306.78
2024,28.9,52.5,1058.0,1.0,378.43,288.74,10.75,0.718,91.8,0,22.5,389.18
2025,28.35,42.8,1030.0,1.0,346.2,264.15,10.52,0.412,93.5,1,20.59,356.72
2026,28.75,44.6,988.0,1.0,304.2,232.1,10.0,0.39,93.6,1,18.52,314.2
2027,26.44,47.0,1065.0,1.0,255.29,194.79,10.63,-0.115,95.1,1,16.44,265.92
2028,27.07,40.9,967.0,1.0,202.8,154.74,10.34,-0.117,95.1,1,14.5,213.14
2029,25.95,40.7,956.0,1.0,255.29,194.79,10.73,-0.249,95.2,1,12.81,266.02
2030,26.12,41.5,987.0,1.0,304.2,232.1,10.18,0.04,94.8,1,11.49,314.38
2031,24.6,36.8,977.0,1.0,346.2,264.15,10.0,-0.403,95.3,1,10.65,356.2
2032,24.7,41.3,989.0,1.0,378.43,288.74,10.09,-0.287,95.3,1,10.33,388.52
2033,23.87,42.7,1024.0,1.0,398.69,304.2,10.44,-0.478,95.2,1,10.55,409.13
2034,24.03,48.3,999.0,1.0,405.6,309.47,10.75,-0.551,95.2,1,11.3,416.35
2035,24.44,44.5,400.0,0.01,306.68,234.0,0.6,-0.757,94.8,0,12.53,307.29
2036,24.14,48.8,402.0,0.02,291.1,222.11,0.01,-0.795,94.7,0,14.15,291.11
2037,25.35,50.3,400.0,0.01,266.31,203.19,0.59,-0.401,95.3,1,16.06,266.9
2038,24.97,52.5,400.0,0.08,234.0,178.54,0.48,-0.286,95.3,1,18.12,234.48
2039,26.34,59.0,400.0,0.04,196.38,149.83,0.8,-0.285,95.3,1,20.2,197.17
2040,27.43,58.5,400.0,0.03,156.0,119.03,0.26,0.049,94.8,1,22.14,156.26
2041,28.08,58.4,400.0,0.04,196.38,149.83,0.72,0.542,92.8,1,23.83,197.09
2042,29.43,59.0,442.0,0.01,234.0,178.54,0.63,0.569,92.7,1,25.14,234.63
2043,28.71,58.6,400.0,0.1,266.31,203.19,0.62,0.371,93.7,1,25.98,266.93
2044,28.88,57.9,400.0,0.25,291.1,222.11,0.41,0.457,93.2,1,26.3,291.51
2045,29.37,54.9,400.0,0.17,306.68,234.0,0.01,0.623,92.3,1,26.07,306.7
2046,30.3,54.9,451.0,0.02,312.0,238.06,0.19,0.561,92.7,1,25.32,312.19
2047,30.12,52.3,446.0,0.11,306.68,234.0,0.84,0.624,92.3,1,24.09,307.53
2048,29.62,49.0,1018.0,1.0,378.43,288.74,10.62,0.5,93.0,1,22.46,389.05
2049,28.53,48.2,953.0,1.0,346.2,264.15,10.58,0.384,93.6,1,20.55,356.78
2050,28.86,45.9,1009.0,1.0,304.2,232.1,10.53,0.132,94.5,1,18.48,314.73
2051,27.14,42.2,1012.0,1.0,255.29,194.79,10.08,0.211,94.3,1,16.4,265.37
2052,27.56,41.3,1001.0,1.0,202.8,154.74,10.35,-0.443,95.3,1,14.45,213.15
2053,27.63,44.8,983.0,1.0,255.29,194.79,10.62,-0.067,95.0,1,12.76,265.91
2054,25.66,44.3,989.0,1.0,304.2,232.1,10.13,-0.654,95.0,1,11.45,314.33
2055,25.15,38.1,981.0,1.0,346.2,264.15,10.92,-0.291,95.3,1,10.61,357.12
2056,24.13,39.3,966.0,1.0,378.43,288.74,10.07,-0.619,95.1,1,10.28,388.5
2057,23.17,40.5,1041.0,1.0,398.69,304.2,10.68,-0.218,95.2,1,10.51,409.37
2058,23.68,46.7,1026.0,1.0,405.6,309.47,10.3,-0.473,95.2,1,11.26,415.9
2059,23.53,46.2,400.0,0.2,306.68,234.0,0.86,-0.473,95.2,1,12.49,307.55
2060,23.66,50.0,411.0,0.27,291.1,222.11,0.83,-0.342,95.3,1,14.11,291.93
2061,25.72,56.1,412.0,0.16,266.31,203.19,0.33,-0.517,95.2,1,16.02,266.64
2062,25.62,54.6,470.0,0.02,234.0,178.54,0.46,-0.016,94.9,1,18.08,234.46
2063,26.39,58.1,426.0,0.21,196.38,149.83,0.96,0.019,94.8,1,20.16,197.33
2064,26.83,59.5,425.0,0.05,156.0,119.03,0.61,-0.101,95.1,1,22.1,156.61
2065,27.67,58.3,401.0,0.2,196.38,149.83,0.01,-0.073,95.0,1,23.79,196.38
2066,28.96,62.1,400.0,0.12,234.0,178.54,0.78,0.175,94.4,1,25.1,234.78
2067,29.09,58.1,441.0,0.01,266.31,203.19,0.36,0.332,93.8,1,25.94,266.67
2068,29.84,61.6,420.0,0.02,291.1,222.11,0.28,0.216,94.3,1,26.26,291.38
2069,29.78,56.2,400.0,0.12,306.68,234.0,0.83,0.392,93.6,1,26.03,307.52
2070,29.81,54.4,414.0,0.18,312.0,238.06,0.97,0.382,93.6,1,25.28,312.97
2071,29.18,50.9,425.0,0.05,306.68,234.0,0.06,0.443,93.3,1,24.05,306.75
2072,28.59,48.6,937.0,1.0,378.43,288.74,10.39,0.394,93.5,1,22.42,388.82
2073,28.97,47.0,972.0,1.0,346.2,264.15,10.28,0.451,93.3,1,20.51,356.48
2074,28.51,40.6,1011.0,1.0,304.2,232.1,10.9,0.256,94.1,1,18.44,315.1
2075,27.12,42.8,942.0,1.0,255.29,194.79,10.87,0.21,94.3,1,16.36,266.16
2076,26.97,40.6,947.0,1.0,202.8,154.74,10.9,0.05,94.8,1,14.41,213.7
2077,26.23,42.1,992.0,1.0,255.29,194.79,10.04,-0.168,95.2,1,12.73,265.33
2078,24.41,40.9,1015.0,1.0,304.2,232.1,10.05,-0.113,95.1,1,11.41,314.25
2079,24.41,38.8,1016.0,1.0,346.2,264.15,10.55,-0.902,94.3,0,10.57,356.75
2080,24.59,40.2,1047.0,1.0,378.43,288.74,10.17,-0.505,95.2,1,10.24,388.6
2081,24.28,42.1,1002.0,1.0,398.69,304.2,10.11,-0.597,95.1,1,10.47,408.8
2082,23.41,47.6,989.0,1.0,405.6,309.47,10.26,-0.476,95.2,1,11.22,415.86
2083,24.17,45.3,400.0,0.15,306.68,234.0,0.71,-0.61,95.1,1,12.45,307.39
2084,24.9,48.1,400.0,0.0,291.1,222.11,0.67,-0.323,95.3,1,14.07,291.77
2085,25.25,49.9,421.0,0.16,266.31,203.19,0.79,-0.208,95.2,1,15.98,267.09
2086,25.44,51.6,423.0,0.08,234.0,178.54,0.06,-0.527,95.2,1,18.04,234.06
2087,25.98,57.3,408.0,0.13,196.38,149.83,0.77,-0.085,95.1,1,20.12,197.14
2088,26.67,58.8,416.0,0.2,156.0,119.03,0.49,-0.256,95.3,1,22.07,156.49
2089,28.0,62.1,438.0,0.24,196.38,149.83,0.31,0.225,94.2,1,23.75,196.69
2090,28.58,62.1,402.0,0.21,234.0,178.54,0.61,0.157,94.5,1,25.06,234.61
2091,29.42,64.6,441.0,0.27,266.31,203.19,0.8,0.193,94.4,1,25.9,267.11
2092,29.65,58.7,400.0,0.07,291.1,222.11,0.1,0.091,94.7,1,26.22,291.2
2093,30.3,56.9,400.0,0.2,306.68,234.0,0.81,0.465,93.2,1,26.0,307.49
2094,30.04,52.8,400.0,0.27,312.0,238.06,0.57,0.268,94.1,1,25.24,312.57
2095,30.28,54.4,424.0,0.09,306.68,234.0,0.62,0.186,94.4,1,24.01,307.3
2096,30.02,50.7,970.0,1.0,378.43,288.74,10.88,0.47,93.2,1,22.38,389.31
2097,28.71,49.2,990.0,1.0,346.2,264.15,10.71,0.547,92.8,1,20.47,356.91
2098,27.59,43.1,944.0,1.0,304.2,232.1,10.58,0.329,93.8,1,18.4,314.78
2099,28.54,44.0,1018.0,1.0,255.29,194.79,10.34,-0.157,95.2,1,16.33,265.62
2100,27.12,42.0,1037.0,1.0,202.8,154.74,10.51,-0.027,94.9,1,14.38,213.31
2101,25.36,40.8,1027.0,1.0,255.29,194.79,10.84,0.007,94.9,1,12.69,266.13
2102,25.13,38.6,1024.0,1.0,304.2,232.1,11.0,-0.277,95.3,1,11.38,315.2
2103,25.25,42.6,1025.0,1.0,346.2,264.15,10.76,-0.288,95.3,1,10.53,356.96
2104,24.25,45.2,1021.0,1.0,378.43,288.74,10.79,-0.52,95.2,1,10.21,389.22
2105,23.84,40.4,1018.0,1.0,398.69,304.2,10.7,-0.56,95.1,1,10.43,409.39
2106,24.69,46.0,1020.0,1.0,405.6,309.47,10.77,-0.632,95.0,1,11.18,416.37
2107,23.57,41.2,400.0,0.23,306.68,234.0,0.24,-0.361,95.3,1,12.41,306.93
2108,23.99,50.9,400.0,0.15,291.1,222.11,0.42,-0.298,95.3,1,14.04,291.52
2109,24.98,48.4,402.0,0.16,266.31,203.19,0.56,-0.465,95.2,1,15.95,266.86
2110,25.69,53.5,400.0,0.18,234.0,178.54,0.55,-0.099,95.1,1,18.01,234.55
2111,26.46,54.1,400.0,0.15,196.38,149.83,0.6,-0.415,95.3,1,20.08,196.97
2112,27.45,58.0,400.0,0.21,156.0,119.03,0.97,-0.034,95.0,1,22.03,156.97
2113,27.87,61.2,407.0,0.03,196.38,149.83,0.86,-0.141,95.1,1,23.71,197.23
2114,28.74,56.3,427.0,0.01,234.0,178.54,0.83,0.024,94.8,1,25.02,234.83
2115,28.98,59.1,400.0,0.25,266.31,203.19,0.83,0.08,94.7,1,25.87,267.14
2116,29.62,57.9,483.0,0.14,291.1,222.11,0.79,0.302,93.9,1,26.19,291.89
2117,29.94,60.6,400.0,0.09,306.68,234.0,0.68,0.607,92.4,1,25.96,307.36
2118,30.1,56.3,413.0,0.14,312.0,238.06,0.26,0.484,93.1,1,25.21,312.26
2119,30.28,50.7,439.0,0.2,306.68,234.0,0.86,0.366,93.7,1,23.97,307.54
2120,29.87,49.5,1032.0,1.0,378.43,288.74,10.28,0.398,93.5,1,22.35,388.71
2121,29.14,51.0,1020.0,1.0,346.2,264.15,10.72,-0.058,95.0,1,20.43,356.93
2122,28.09,46.8,1032.0,1.0,304.2,232.1,10.11,0.364,93.7,1,18.37,314.31
2123,27.8,41.4,1002.0,1.0,255.29,194.79,10.55,-0.32,95.3,1,16.29,265.84
2124,26.98,41.1,1050.0,1.0,202.8,154.74,10.32,-0.141,95.1,1,14.34,213.12
2125,26.31,40.0,1038.0,1.0,255.29,194.79,10.7,-0.145,95.1,1,12.65,265.99
2126,26.6,38.9,974.0,1.0,304.2,232.1,10.86,-0.161,95.2,1,11.34,315.06
2127,24.61,36.8,1010.0,1.0,346.2,264.15,10.02,-0.306,95.3,1,10.5,356.22
2128,24.61,39.8,954.0,1.0,378.43,288.74,10.11,-0.443,95.3,1,10.17,388.54
2129,24.63,45.4,1046.0,1.0,398.69,304.2,10.93,-0.191,95.2,1,10.4,409.62
2130,24.04,43.8,1007.0,1.0,405.6,309.47,10.24,-0.097,95.1,1,11.15,415.84
2131,25.27,46.8,440.0,0.27,306.68,234.0,0.73,-0.482,95.2,1,12.38,307.42
2132,24.21,49.8,400.0,0.26,291.1,222.11,0.81,-0.453,95.2,1,14.0,291.91
2133,25.04,56.6,400.0,0.3,266.31,203.19,0.74,-0.385,95.3,1,15.91,267.05
2134,25.1,54.6,479.0,0.18,234.0,178.54,0.03,-0.372,95.3,1,17.98,234.03
2135,26.04,58.9,404.0,0.15,196.38,149.83,0.74,-0.054,95.0,1,20.05,197.11
2136,27.12,57.2,400.0,0.24,156.0,119.03,0.96,0.254,94.1,1,22.0,156.96
2137,28.2,59.0,434.0,0.03,196.38,149.83,0.37,-0.369,95.3,1,23.68,196.74
2138,28.66,60.0,461.0,0.23,234.0,178.54,0.71,0.216,94.3,1,24.99,234.71
2139,29.75,58.2,400.0,0.24,266.31,203.19,0.28,0.651,92.2,1,25.83,266.59
2140,29.55,58.5,400.0,0.17,291.1,222.11,1.0,0.512,93.0,1,26.15,292.1
2141,29.73,59.2,407.0,0.12,306.68,234.0,0.21,0.566,92.7,1,25.93,306.89
2142,31.35,53.8,400.0,0.2,312.0,238.06,0.31,0.18,94.4,1,25.18,312.31
2143,30.09,53.0,400.0,0.27,306.68,234.0,0.17,0.623,92.3,1,23.94,306.85
2144,29.24,51.9,453.0,0.05,291.1,222.11,0.96,0.635,92.3,1,22.31,292.06
2145,28.77,46.2,400.0,0.09,266.31,203.19,0.57,0.394,93.6,1,20.4,266.88
2146,28.03,47.6,400.0,0.2,234.0,178.54,0.25,0.119,94.6,1,18.34,234.25
2147,28.24,43.4,400.0,0.25,196.38,149.83,0.13,0.218,94.3,1,16.26,196.51
2148,26.82,41.3,432.0,0.2,156.0,119.03,0.87,-0.208,95.2,1,14.31,156.87
2149,26.29,36.5,400.0,0.18,196.38,149.83,0.06,-0.363,95.3,1,12.62,196.44
2150,25.47,39.3,408.0,0.03,234.0,178.54,0.64,-0.09,95.1,1,11.31,234.64
2151,25.24,41.0,474.0,0.13,266.31,203.19,0.61,-0.134,95.1,1,10.47,266.92
2152,23.98,44.6,461.0,0.27,291.1,222.11,0.77,-0.582,95.1,1,10.14,291.87
2153,23.56,43.7,417.0,0.11,306.68,234.0,0.68,-0.716,94.9,0,10.37,307.37
2154,24.11,46.8,439.0,0.11,312.0,238.06,0.84,-0.676,95.0,1,11.12,312.84
2155,24.4,44.5,439.0,0.11,306.68,234.0,0.04,-0.443,95.3,1,12.35,306.72
2156,24.57,49.3,400.0,0.11,291.1,222.11,0.43,-0.666,95.0,1,13.98,291.53
2157,24.47,54.6,428.0,0.12,266.31,203.19,0.08,-0.097,95.1,1,15.88,266.39
2158,25.84,52.8,454.0,0.23,234.0,178.54,0.41,-0.343,95.3,1,17.95,234.41
2159,25.85,58.7,400.0,0.14,196.38,149.83,0.56,-0.056,95.0,1,20.02,196.94
2160,26.74,59.9,417.0,0.18,156.0,119.03,0.59,-0.149,95.2,1,21.97,156.59
2161,27.3,60.1,411.0,0.13,196.38,149.83,0.92,0.246,94.2,1,23.65,197.3
2162,29.15,59.3,403.0,0.26,234.0,178.54,0.92,0.383,93.6,1,24.96,234.92
2163,29.44,57.8,400.0,0.05,266.31,203.19,0.31,0.018,94.9,1,25.81,266.62
2164,29.9,62.4,407.0,0.04,291.1,222.11,0.7,0.297,94.0,1,26.13,291.8
2165,30.52,58.7,409.0,0.12,306.68,234.0,0.71,0.452,93.3,1,25.9,307.4
2166,31.41,56.1,434.0,0.29,312.0,238.06,0.96,0.395,93.5,1,25.15,312.96
2167,29.04,52.2,414.0,0.21,306.68,234.0,0.08,0.657,92.1,1,23.91,306.77
2168,29.23,50.5,400.0,0.18,291.1,222.11,0.62,0.314,93.9,1,22.29,291.72
2169,28.81,48.2,400.0,0.12,266.31,203.19,0.41,0.497,93.0,1,20.37,266.72
2170,28.07,46.2,400.0,0.09,234.0,178.54,0.35,0.347,93.8,1,18.31,234.35
2171,27.24,44.7,408.0,0.29,196.38,149.83,0.62,0.108,94.6,1,16.23,196.99
2172,26.85,40.0,400.0,0.13,156.0,119.03,0.28,0.151,94.5,1,14.28,156.28
2173,25.61,37.5,428.0,0.21,196.38,149.83,0.04,-0.437,95.3,1,12.6,196.41
2174,25.67,40.2,413.0,0.24,234.0,178.54,0.78,-0.262,95.3,1,11.29,234.78
2175,24.9,36.7,434.0,0.2,266.31,203.19,0.09,-0.508,95.2,1,10.44,266.4
2176,24.64,40.5,400.0,0.07,291.1,222.11,0.33,-0.454,95.2,1,10.12,291.43
2177,24.36,41.6,400.0,0.09,306.68,234.0,0.59,-0.577,95.1,1,10.34,307.28
2178,24.3,45.6,434.0,0.01,312.0,238.06,0.62,-0.488,95.2,1,11.09,312.62
2179,23.92,50.9,404.0,0.29,306.68,234.0,0.67,-0.481,95.2,1,12.32,307.35
2180,25.46,45.6,400.0,0.25,291.1,222.11,0.99,-0.405,95.3,1,13.95,292.09
2181,25.0,56.7,421.0,0.12,266.31,203.19,0.4,-0.318,95.3,1,15.86,266.71
2182,24.57,54.1,420.0,0.27,234.0,178.54,0.14,-0.135,95.1,1,17.92,234.14
2183,25.72,57.4,400.0,0.05,196.38,149.83,0.14,-0.381,95.3,1,19.99,196.51
2184,26.13,55.6,442.0,0.01,156.0,119.03,0.51,0.102,94.6,1,21.94,156.51
2185,27.79,61.5,400.0,0.04,196.38,149.83,0.38,-0.173,95.2,1,23.63,196.76
2186,28.44,60.1,451.0,0.27,234.0,178.54,0.91,-0.309,95.3,1,24.94,234.91
2187,28.89,59.6,400.0,0.05,266.31,203.19,0.51,0.748,91.6,0,25.78,266.82
2188,30.6,55.0,410.0,0.02,291.1,222.11,0.45,0.245,94.2,1,26.1,291.55
2189,30.17,57.5,400.0,0.06,306.68,234.0,0.86,0.393,93.6,1,25.88,307.55
2190,30.36,57.1,400.0,0.12,312.0,238.06,0.8,0.127,94.6,1,25.12,312.8
2191,29.43,52.6,420.0,0.15,306.68,234.0,0.71,0.392,93.6,1,23.89,307.4
2192,29.1,52.8,942.0,1.0,378.43,288.74,10.53,0.474,93.2,1,22.26,388.96
2193,29.14,50.1,991.0,1.0,346.2,264.15,10.23,0.402,93.5,1,20.35,356.44
2194,28.59,44.1,1033.0,1.0,304.2,232.1,10.57,0.009,94.9,1,18.28,314.77
2195,26.85,46.5,984.0,1.0,255.29,194.79,10.12,0.041,94.8,1,16.21,265.4
2196,26.91,41.7,973.0,1.0,202.8,154.74,10.54,0.074,94.7,1,14.26,213.34
2197,26.23,40.6,1024.0,1.0,255.29,194.79,10.85,-0.082,95.1,1,12.57,266.14
2198,25.39,40.2,993.0,1.0,304.2,232.1,10.52,-0.224,95.2,1,11.26,314.72
2199,24.47,40.4,988.0,1.0,346.2,264.15,10.07,-0.201,95.2,1,10.41,356.27
2200,24.13,35.9,1038.0,1.0,378.43,288.74,10.03,-0.455,95.2,1,10.09,388.46
2201,24.01,42.2,965.0,1.0,398.69,304.2,10.86,-0.205,95.2,1,10.32,409.55
2202,24.05,41.9,986.0,1.0,405.6,309.47,10.22,-0.559,95.1,1,11.07,415.82
2203,24.4,50.2,426.0,0.23,306.68,234.0,0.53,-0.344,95.3,1,12.3,307.21
2204,24.94,52.7,400.0,0.07,291.1,222.11,0.78,-0.287,95.3,1,13.92,291.88
2205,24.73,53.8,453.0,0.24,266.31,203.19,0.25,-0.681,94.9,1,15.83,266.56
2206,25.27,54.1,400.0,0.19,234.0,178.54,0.74,-0.162,95.2,1,17.9,234.74
2207,26.44,54.7,426.0,0.15,196.38,149.83,0.08,-0.257,95.3,1,19.97,196.45
2208,27.31,57.1,426.0,0.01,156.0,119.03,0.75,-0.202,95.2,1,21.92,156.75
2209,27.56,63.4,400.0,0.27,196.38,149.83,0.06,0.045,94.8,1,23.6,196.44
2210,28.89,58.6,400.0,0.04,234.0,178.54,0.28,0.282,94.0,1,24.91,234.28
2211,29.61,55.1,400.0,0.25,266.31,203.19,0.26,0.041,94.8,1,25.76,266.57
2212,30.24,60.9,421.0,0.21,291.1,222.11,0.89,0.438,93.3,1,26.08,291.99
2213,30.79,60.4,400.0,0.02,306.68,234.0,0.53,0.439,93.3,1,25.85,307.22
2214,29.57,58.7,400.0,0.16,312.0,238.06,0.84,0.708,91.8,0,25.1,312.84
2215,29.9,55.1,445.0,0.29,306.68,234.0,0.58,0.356,93.7,1,23.87,307.27
2216,29.6,52.9,978.0,1.0,378.43,288.74,10.81,0.671,92.0,1,22.24,389.24
2217,29.07,48.0,1011.0,1.0,346.2,264.15,10.55,0.431,93.4,1,20.33,356.75
2218,28.17,41.3,994.0,1.0,304.2,232.1,10.45,0.243,94.2,1,18.26,314.65
2219,27.03,43.3,995.0,1.0,255.29,194.79,10.66,0.384,93.6,1,16.19,265.95
2220,27.05,42.8,1043.0,1.0,202.8,154.74,10.29,0.385,93.6,1,14.24,213.09
2221,25.84,40.2,997.0,1.0,255.29,194.79,10.92,-0.172,95.2,1,12.55,266.21
2222,25.54,39.6,989.0,1.0,304.2,232.1,10.91,-0.398,95.3,1,11.24,315.11
2223,24.48,38.3,992.0,1.0,346.2,264.15,10.07,-0.268,95.3,1,10.39,356.27
2224,23.85,39.1,985.0,1.0,378.43,288.74,10.92,-0.718,94.9,0,10.07,389.35
2225,24.22,46.3,980.0,1.0,398.69,304.2,10.18,-0.743,94.8,0,10.29,408.87
2226,24.07,48.3,985.0,1.0,405.6,309.47,10.68,-0.239,95.2,1,11.05,416.28
2227,24.39,47.0,450.0,0.04,306.68,234.0,0.82,-0.369,95.3,1,12.28,307.51
2228,25.49,50.1,421.0,0.19,291.1,222.11,0.24,-0.605,95.1,1,13.9,291.34
2229,25.02,50.2,400.0,0.17,266.31,203.19,0.11,0.273,94.1,1,15.81,266.42
2230,25.74,55.9,429.0,0.27,234.0,178.54,0.76,-0.526,95.2,1,17.87,234.76
2231,25.68,60.2,400.0,0.21,196.38,149.83,0.44,-0.005,94.9,1,19.95,196.82
2232,26.35,55.4,441.0,0.04,156.0,119.03,0.49,-0.159,95.2,1,21.9,156.49
2233,28.57,60.5,439.0,0.12,196.38,149.83,0.76,0.486,93.1,1,23.58,197.14
2234,28.04,61.1,467.0,0.0,234.0,178.54,0.25,0.144,94.5,1,24.89,234.25
2235,28.6,60.8,430.0,0.07,266.31,203.19,0.1,0.297,94.0,1,25.74,266.41
2236,29.58,62.2,413.0,0.29,291.1,222.11,0.96,0.071,94.7,1,26.06,292.06
2237,29.85,61.5,439.0,0.14,306.68,234.0,0.7,0.899,90.5,0,25.83,307.38
2238,29.55,54.9,400.0,0.26,312.0,238.06,0.65,0.376,93.6,1,25.08,312.65
2239,29.74,54.4,400.0,0.01,306.68,234.0,0.33,0.579,92.6,1,23.85,307.02
2240,30.21,50.6,998.0,1.0,378.43,288.74,11.0,0.434,93.4,1,22.22,389.43
2241,28.71,46.6,1041.0,1.0,346.2,264.15,10.22,0.243,94.2,1,20.31,356.42
2242,27.8,46.0,974.0,1.0,304.2,232.1,10.18,-0.196,95.2,1,18.24,314.38
2243,28.24,44.6,971.0,1.0,255.29,194.79,10.32,0.084,94.7,1,16.17,265.61
2244,27.24,42.0,1007.0,1.0,202.8,154.74,10.74,-0.054,95.0,1,14.22,213.54
2245,25.91,38.7,1022.0,1.0,255.29,194.79,10.24,-0.066,95.0,1,12.53,265.53
2246,24.7,39.1,979.0,1.0,304.2,232.1,10.31,0.179,94.4,1,11.22,314.51
2247,24.5,39.3,1020.0,1.0,346.2,264.15,10.53,-0.225,95.2,1,10.37,356.73
2248,24.37,39.4,1041.0,1.0,378.43,288.74,10.65,-0.261,95.3,1,10.05,389.08
2249,24.68,43.2,1036.0,1.0,398.69,304.2,10.15,-0.544,95.2,1,10.28,408.84
2250,23.48,45.4,1011.0,1.0,405.6,309.47,10.65,-0.763,94.8,0,11.03,416.25
2251,24.06,48.9,400.0,0.1,306.68,234.0,0.38,-0.539,95.2,1,12.26,307.07
2252,24.73,47.8,452.0,0.15,291.1,222.11,0.35,-0.58,95.1,1,13.88,291.45
2253,23.68,51.0,400.0,0.27,266.31,203.19,0.08,-0.364,95.3,1,15.79,266.39
2254,26.01,57.7,428.0,0.26,234.0,178.54,0.97,-0.349,95.3,1,17.86,234.97
2255,25.63,56.4,459.0,0.05,196.38,149.83,0.69,-0.465,95.2,1,19.93,197.07
2256,27.16,58.5,425.0,0.17,156.0,119.03,0.1,0.253,94.1,1,21.88,156.1
2257,27.89,59.2,400.0,0.16,196.38,149.83,0.37,0.101,94.6,1,23.57,196.74
2258,29.04,62.3,400.0,0.14,234.0,178.54,0.08,0.184,94.4,1,24.87,234.08
2259,29.39,62.1,400.0,0.21,266.31,203.19,0.54,0.133,94.5,1,25.72,266.85
2260,28.4,61.1,421.0,0.19,291.1,222.11,0.7,0.338,93.8,1,26.04,291.8
2261,29.5,57.4,413.0,0.08,306.68,234.0,0.06,0.31,93.9,1,25.82,306.74
2262,30.06,53.7,466.0,0.1,312.0,238.06,0.92,0.261,94.1,1,25.06,312.92
2263,29.79,56.9,413.0,0.27,306.68,234.0,0.37,0.516,92.9,1,23.83,307.06
2264,29.83,52.2,990.0,1.0,378.43,288.74,10.23,0.339,93.8,1,22.2,388.66
2265,29.51,47.0,966.0,1.0,346.2,264.15,10.13,0.503,93.0,1,20.29,356.33
2266,28.8,48.3,1035.0,1.0,304.2,232.1,10.15,0.178,94.4,1,18.23,314.35
2267,27.66,42.2,1000.0,1.0,255.29,194.79,10.85,0.152,94.5,1,16.15,266.14
2268,26.07,44.4,955.0,1.0,202.8,154.74,10.48,0.017,94.9,1,14.2,213.28
2269,25.99,43.4,1001.0,1.0,255.29,194.79,10.8,-0.052,95.0,1,12.51,266.09
2270,25.7,38.2,970.0,1.0,304.2,232.1,10.23,-0.418,95.3,1,11.2,314.43
2271,24.33,41.4,987.0,1.0,346.2,264.15,10.32,-0.174,95.2,1,10.36,356.52
2272,24.71,42.7,1000.0,1.0,378.43,288.74,10.41,-0.669,95.0,1,10.04,388.84
2273,24.55,47.8,973.0,1.0,398.69,304.2,10.45,-0.474,95.2,1,10.26,409.14
2274,24.05,43.1,985.0,1.0,405.6,309.47,10.1,-0.741,94.8,0,11.01,415.7
2275,22.56,49.8,400.0,0.15,306.68,234.0,0.05,-0.507,95.2,1,12.24,306.73
2276,23.75,49.6,400.0,0.29,291.1,222.11,1.0,-0.255,95.3,1,13.87,292.1
2277,25.81,49.6,400.0,0.22,266.31,203.19,0.67,-0.242,95.2,1,15.78,266.98
2278,25.22,54.3,400.0,0.03,234.0,178.54,0.05,-0.038,95.0,1,17.84,234.05
2279,25.22,56.7,400.0,0.09,196.38,149.83,0.77,-0.19,95.2,1,19.92,197.15
2280,27.61,56.3,418.0,0.16,156.0,119.03,0.36,0.182,94.4,1,21.87,156.36
2281,27.77,60.2,406.0,0.14,196.38,149.83,0.8,-0.009,94.9,1,23.55,197.17
2282,29.04,61.9,436.0,0.0,234.0,178.54,0.95,0.158,94.5,1,24.86,234.95
2283,29.25,60.2,457.0,0.28,266.31,203.19,0.03,0.38,93.6,1,25.7,266.34
2284,29.82,57.8,420.0,0.27,291.1,222.11,0.96,0.603,92.5,1,26.03,292.06
2285,30.07,57.1,413.0,0.28,306.68,234.0,0.17,0.373,93.6,1,25.8,306.85
2286,30.34,55.4,422.0,0.13,312.0,238.06,0.3,0.639,92.2,1,25.05,312.3
2287,31.02,53.5,414.0,0.25,306.68,234.0,0.63,0.529,92.9,1,23.81,307.31
2288,30.07,52.7,1002.0,1.0,378.43,288.74,10.72,0.5,93.0,1,22.19,389.15
2289,28.32,48.4,999.0,1.0,346.2,264.15,10.17,0.183,94.4,1,20.28,356.37
2290,28.71,42.6,969.0,1.0,304.2,232.1,10.14,0.173,94.4,1,18.21,314.34
2291,28.33,42.1,1025.0,1.0,255.29,194.79,10.29,0.111,94.6,1,16.14,265.58
2292,27.59,41.9,999.0,1.0,202.8,154.74,10.33,0.067,94.7,1,14.19,213.13
2293,26.0,42.7,1043.0,1.0,255.29,194.79,10.32,-0.291,95.3,1,12.5,265.61
2294,26.07,42.6,1027.0,1.0,304.2,232.1,10.17,-0.508,95.2,1,11.19,314.37
2295,25.33,43.8,981.0,1.0,346.2,264.15,10.97,-0.78,94.7,0,10.35,357.17
2296,25.67,41.4,1037.0,1.0,378.43,288.74,10.8,-0.284,95.3,1,10.02,389.23
2297,23.71,44.1,923.0,1.0,398.69,304.2,10.98,-0.294,95.3,1,10.25,409.67
2298,23.73,41.7,1058.0,1.0,405.6,309.47,10.1,-0.902,94.3,0,11.0,415.7
2299,23.93,47.8,400.0,0.03,306.68,234.0,0.08,-0.468,95.2,1,12.23,306.76
2300,24.14,47.4,415.0,0.27,291.1,222.11,0.54,-0.508,95.2,1,13.86,291.64
2301,24.42,52.0,413.0,0.08,266.31,203.19,0.61,-0.11,95.1,1,15.77,266.92
2302,24.1,60.6,434.0,0.06,234.0,178.54,0.64,-0.292,95.3,1,17.83,234.64
2303,25.99,57.3,400.0,0.15,196.38,149.83,0.09,-0.02,94.9,1,19.91,196.47
2304,27.17,56.7,400.0,0.24,156.0,119.03,0.84,-0.085,95.1,1,21.85,156.84
2305,27.51,60.3,400.0,0.15,196.38,149.83,0.49,-0.008,94.9,1,23.54,196.87
2306,29.45,59.0,400.0,0.01,234.0,178.54,0.37,0.403,93.5,1,24.85,234.37
2307,29.11,57.8,400.0,0.22,266.31,203.19,0.5,0.569,92.7,1,25.69,266.81
2308,30.23,63.1,401.0,0.01,291.1,222.11,0.04,0.179,94.4,1,26.01,291.14
2309,30.01,59.5,400.0,0.18,306.68,234.0,0.22,0.711,91.8,0,25.79,306.9
2310,30.39,56.1,419.0,0.19,312.0,238.06,1.0,0.305,93.9,1,25.04,313.0
2311,30.02,52.3,400.0,0.06,306.68,234.0,0.55,0.017,94.9,1,23.8,307.24
2312,30.26,49.9,459.0,0.13,291.1,222.11,0.08,0.435,93.4,1,22.18,291.18
2313,29.13,51.0,400.0,0.0,266.31,203.19,0.29,0.455,93.3,1,20.27,266.6
2314,28.73,46.0,413.0,0.09,234.0,178.54,0.18,-0.053,95.0,1,18.2,234.18
2315,27.94,37.1,400.0,0.19,196.38,149.83,0.92,-0.267,95.3,1,16.13,197.3
2316,26.84,46.4,400.0,0.09,156.0,119.03,0.81,-0.099,95.1,1,14.18,156.81
2317,26.41,40.8,400.0,0.01,196.38,149.83,0.55,-0.255,95.3,1,12.49,196.92
2318,26.6,40.7,423.0,0.2,234.0,178.54,0.95,0.024,94.8,1,11.18,234.95
2319,24.72,42.4,418.0,0.22,266.31,203.19,0.37,-0.351,95.3,1,10.34,266.68
2320,24.59,42.0,400.0,0.26,291.1,222.11,0.86,-0.286,95.3,1,10.01,291.96
2321,24.71,44.1,400.0,0.26,306.68,234.0,0.47,-0.441,95.3,1,10.24,307.15
2322,24.55,43.7,419.0,0.15,312.0,238.06,0.85,-0.186,95.2,1,10.99,312.85
2323,24.09,44.5,413.0,0.12,306.68,234.0,0.9,-0.661,95.0,1,12.22,307.59
2324,23.19,50.1,425.0,0.18,291.1,222.11,0.46,-0.451,95.2,1,13.85,291.56
2325,25.11,55.0,400.0,0.24,266.31,203.19,0.18,-0.667,95.0,1,15.76,266.49
2326,24.37,53.3,400.0,0.14,234.0,178.54,0.19,-0.088,95.1,1,17.82,234.19
2327,26.93,55.3,416.0,0.3,196.38,149.83,0.29,0.093,94.7,1,19.9,196.66
2328,27.06,60.9,400.0,0.19,156.0,119.03,0.22,0.175,94.4,1,21.84,156.22
2329,28.25,58.6,442.0,0.09,196.38,149.83,0.39,0.104,94.6,1,23.53,196.76
2330,28.02,59.2,401.0,0.24,234.0,178.54,0.51,-0.048,95.0,1,24.84,234.51
2331,28.32,59.0,400.0,0.05,266.31,203.19,0.09,0.336,93.8,1,25.68,266.4
2332,29.7,58.8,413.0,0.28,291.1,222.11,0.91,0.297,94.0,1,26.01,292.01
2333,29.85,54.2,400.0,0.1,306.68,234.0,0.0,0.667,92.1,1,25.78,306.69
2334,29.73,54.3,400.0,0.21,312.0,238.06,0.14,0.415,93.5,1,25.03,312.14
2335,29.91,53.5,400.0,0.19,306.68,234.0,0.01,0.393,93.6,1,23.8,306.69
2336,30.95,50.9,400.0,0.03,291.1,222.11,0.99,0.868,90.7,0,22.17,292.09
2337,29.51,50.2,400.0,0.22,266.31,203.19,0.41,0.513,93.0,1,20.26,266.72
2338,29.0,49.1,458.0,0.09,234.0,178.54,0.2,0.465,93.2,1,18.2,234.2
2339,28.17,46.3,431.0,0.11,196.38,149.83,0.12,0.027,94.8,1,16.12,196.49
2340,27.71,43.4,409.0,0.03,156.0,119.03,0.37,-0.22,95.2,1,14.17,156.37
2341,26.1,40.2,447.0,0.24,196.38,149.83,0.98,0.084,94.7,1,12.48,197.35
2342,24.44,38.8,400.0,0.26,234.0,178.54,0.55,0.048,94.8,1,11.17,234.55
2343,24.75,40.3,475.0,0.04,266.31,203.19,0.35,-0.611,95.1,1,10.33,266.66
2344,24.78,42.3,400.0,0.24,291.1,222.11,0.36,-0.537,95.2,1,10.01,291.46
2345,23.59,44.2,460.0,0.27,306.68,234.0,0.12,-0.666,95.0,1,10.23,306.8
2346,23.88,45.8,460.0,0.03,312.0,238.06,0.52,-0.404,95.3,1,10.98,312.52
2347,23.72,46.7,400.0,0.3,306.68,234.0,0.42,-0.266,95.3,1,12.22,307.11
2348,25.12,51.1,444.0,0.0,291.1,222.11,0.73,-0.507,95.2,1,13.84,291.83
2349,25.22,54.7,400.0,0.25,266.31,203.19,0.19,-0.428,95.3,1,15.75,266.5
2350,25.79,56.3,400.0,0.17,234.0,178.54,0.14,-0.641,95.0,1,17.81,234.14
2351,26.5,56.7,416.0,0.29,196.38,149.83,0.58,-0.32,95.3,1,19.89,196.96
2352,26.95,56.7,400.0,0.1,156.0,119.03,0.74,0.301,93.9,1,21.84,156.74
2353,27.84,57.8,415.0,0.11,196.38,149.83,0.5,0.228,94.2,1,23.52,196.87
2354,27.87,58.6,400.0,0.25,234.0,178.54,0.79,0.435,93.4,1,24.83,234.79
2355,27.99,60.3,405.0,0.21,266.31,203.19,0.84,0.281,94.0,1,25.68,267.15
2356,29.64,59.9,440.0,0.18,291.1,222.11,0.92,0.378,93.6,1,26.0,292.02
2357,30.02,54.6,412.0,0.19,306.68,234.0,0.38,0.487,93.1,1,25.78,307.06
2358,30.57,54.4,400.0,0.2,312.0,238.06,0.9,0.565,92.7,1,25.02,312.9
2359,30.65,53.5,416.0,0.01,306.68,234.0,0.71,0.758,91.5,0,23.79,307.39
2360,30.35,48.7,958.0,1.0,378.43,288.74,10.62,0.298,94.0,1,22.16,389.05
2361,28.58,48.7,975.0,1.0,346.2,264.15,10.55,0.326,93.8,1,20.25,356.76
2362,28.29,44.8,987.0,1.0,304.2,232.1,10.02,0.091,94.7,1,18.19,314.22
2363,27.98,41.8,1024.0,1.0,255.29,194.79,10.56,-0.264,95.3,1,16.11,265.85
2364,28.23,41.7,1012.0,1.0,202.8,154.74,10.78,0.184,94.4,1,14.17,213.58
2365,26.92,41.3,1016.0,1.0,255.29,194.79,10.99,0.22,94.3,1,12.48,266.28
2366,26.02,38.3,999.0,1.0,304.2,232.1,10.43,-0.097,95.1,1,11.17,314.63
2367,24.64,39.7,976.0,1.0,346.2,264.15,10.99,-0.307,95.3,1,10.32,357.19
2368,23.92,42.0,1045.0,1.0,378.43,288.74,10.17,-0.062,95.0,1,10.0,388.6
2369,24.46,41.1,979.0,1.0,398.69,304.2,10.96,-0.391,95.3,1,10.23,409.65
2370,23.41,41.3,1013.0,1.0,405.6,309.47,10.59,-0.339,95.3,1,10.98,416.19
2371,23.94,43.9,400.0,0.04,306.68,234.0,0.66,-0.455,95.2,1,12.21,307.35
2372,24.3,48.7,417.0,0.24,291.1,222.11,0.57,-0.374,95.3,1,13.84,291.67
2373,25.63,49.5,400.0,0.11,266.31,203.19,0.98,-0.38,95.3,1,15.75,267.29
2374,25.28,53.9,432.0,0.23,234.0,178.54,0.04,-0.083,95.1,1,17.81,234.04
2375,24.96,60.1,441.0,0.02,196.38,149.83,0.41,-0.348,95.3,1,19.89,196.79
2376,27.21,55.7,430.0,0.1,156.0,119.03,0.88,0.084,94.7,1,21.84,156.88
2377,27.38,59.0,405.0,0.14,196.38,149.83,0.17,-0.041,95.0,1,23.52,196.54
2378,28.48,64.3,400.0,0.19,234.0,178.54,0.57,0.352,93.7,1,24.83,234.57
2379,29.03,60.6,485.0,0.25,266.31,203.19,0.52,0.832,91.0,0,25.68,266.83
2380,29.41,58.2,400.0,0.07,291.1,222.11,0.81,0.573,92.6,1,26.0,291.91
2381,30.25,57.1,426.0,0.2,306.68,234.0,0.92,0.718,91.8,0,25.77,307.6
2382,29.19,56.3,410.0,0.05,312.0,238.06,0.26,0.68,92.0,1,25.02,312.26
2383,29.59,56.4,400.0,0.24,306.68,234.0,0.69,0.018,94.9,1,23.79,307.38
2384,29.89,49.4,1006.0,1.0,378.43,288.74,10.55,0.407,93.5,1,22.16,388.98
2385,28.77,46.4,985.0,1.0,346.2,264.15,10.66,0.443,93.3,1,20.25,356.86
2386,27.65,42.7,1013.0,1.0,304.2,232.1,10.2,-0.168,95.2,1,18.19,314.4
2387,28.06,43.5,1010.0,1.0,255.29,194.79,10.27,0.073,94.7,1,16.11,265.56
2388,27.51,38.8,1080.0,1.0,202.8,154.74,10.55,-0.016,94.9,1,14.16,213.35
2389,26.15,39.5,1032.0,1.0,255.29,194.79,10.0,-0.376,95.3,1,12.48,265.29
2390,24.47,38.2,1015.0,1.0,304.2,232.1,10.72,-0.444,95.3,1,11.17,314.92
2391,25.18,42.4,1017.0,1.0,346.2,264.15,10.16,-0.086,95.1,1,10.32,356.36
2392,23.52,40.1,1055.0,1.0,378.43,288.74,10.93,-1.149,93.3,0,10.0,389.36
2393,24.2,43.4,971.0,1.0,398.69,304.2,10.86,-0.429,95.3,1,10.23,409.55
2394,23.5,41.4,995.0,1.0,405.6,309.47,10.62,-0.267,95.3,1,10.98,416.22
2395,23.47,47.2,400.0,0.27,306.68,234.0,0.89,-0.488,95.2,1,12.21,307.58
2396,24.13,47.1,417.0,0.26,291.1,222.11,0.99,-0.151,95.2,1,13.84,292.09
2397,24.73,51.3,425.0,0.28,266.31,203.19,0.77,-0.439,95.3,1,15.75,267.08
2398,25.12,59.0,400.0,0.02,234.0,178.54,0.63,-0.431,95.3,1,17.81,234.63
2399,26.46,58.6,443.0,0.27,196.38,149.83,0.45,-0.131,95.1,1,19.89,196.83
2400,26.72,58.2,400.0,0.07,156.0,119.03,0.81,-0.076,95.0,1,21.84,156.81
2401,28.21,65.9,400.0,0.11,196.38,149.83,0.7,0.015,94.9,1,23.52,197.08
2402,28.58,58.2,404.0,0.11,234.0,178.54,0.47,0.214,94.3,1,24.83,234.47
2403,28.71,62.1,448.0,0.07,266.31,203.19,0.5,0.195,94.3,1,25.68,266.81
2404,29.11,55.8,400.0,0.13,291.1,222.11,0.23,0.265,94.1,1,26.0,291.33
2405,29.01,56.9,409.0,0.15,306.68,234.0,0.79,0.259,94.1,1,25.77,307.47
2406,30.09,52.7,423.0,0.04,312.0,238.06,0.88,0.583,92.6,1,25.02,312.88
2407,29.66,53.6,417.0,0.11,306.68,234.0,0.02,0.283,94.0,1,23.79,306.7
2408,28.35,50.6,1018.0,1.0,378.43,288.74,10.11,0.185,94.4,1,22.16,388.54
2409,28.79,47.3,1023.0,1.0,346.2,264.15,10.99,0.139,94.5,1,20.25,357.19
2410,27.99,47.6,983.0,1.0,304.2,232.1,10.18,0.291,94.0,1,18.19,314.38
2411,28.5,42.1,1051.0,1.0,255.29,194.79,10.74,0.263,94.1,1,16.11,266.03
2412,26.09,42.2,997.0,1.0,202.8,154.74,10.48,0.15,94.5,1,14.17,213.28
2413,25.44,42.1,993.0,1.0,255.29,194.79,10.52,-0.087,95.1,1,12.48,265.81
2414,25.99,37.0,1040.0,1.0,304.2,232.1,10.11,-0.143,95.1,1,11.17,314.31
2415,25.49,38.7,981.0,1.0,346.2,264.15,10.14,-0.365,95.3,1,10.33,356.34
2416,23.96,41.2,1010.0,1.0,378.43,288.74,10.58,-0.342,95.3,1,10.0,389.01
2417,23.72,43.9,978.0,1.0,398.69,304.2,10.38,-0.395,95.3,1,10.23,409.07
2418,24.24,47.4,1076.0,1.0,405.6,309.47,10.8,-0.646,95.0,1,10.98,416.4
2419,22.87,46.5,469.0,0.03,306.68,234.0,0.97,-0.698,94.9,1,12.21,307.66
2420,23.4,48.9,400.0,0.29,291.1,222.11,0.81,-0.163,95.2,1,13.84,291.91
2421,24.67,50.4,416.0,0.01,266.31,203.19,0.41,-0.328,95.3,1,15.75,266.71
2422,26.21,55.2,400.0,0.22,234.0,178.54,0.48,-0.04,95.0,1,17.81,234.48
2423,25.94,56.1,400.0,0.09,196.38,149.83,0.16,-0.349,95.3,1,19.89,196.53
2424,26.98,57.9,404.0,0.27,156.0,119.03,0.7,-0.081,95.0,1,21.84,156.7
2425,28.27,59.3,400.0,0.25,196.38,149.83,0.45,-0.146,95.1,1,23.53,196.82
2426,29.48,61.1,400.0,0.01,234.0,178.54,0.86,0.379,93.6,1,24.84,234.86
2427,28.76,58.6,408.0,0.01,266.31,203.19,0.65,0.231,94.2,1,25.68,266.96
2428,29.52,57.3,400.0,0.18,291.1,222.11,0.17,0.322,93.9,1,26.0,291.27
2429,30.74,58.3,409.0,0.04,306.68,234.0,0.41,0.874,90.7,0,25.78,307.1
2430,29.17,49.4,400.0,0.0,312.0,238.06,0.68,0.633,92.3,1,25.03,312.68
2431,30.34,51.8,400.0,0.29,306.68,234.0,0.86,0.614,92.4,1,23.79,307.54
2432,29.01,48.2,1026.0,1.0,378.43,288.74,10.35,0.193,94.4,1,22.17,388.78
2433,29.1,50.3,1016.0,1.0,346.2,264.15,10.67,-0.018,94.9,1,20.26,356.87
2434,28.3,44.5,1042.0,1.0,304.2,232.1,10.17,0.444,93.3,1,18.19,314.37
2435,27.22,42.1,1015.0,1.0,255.29,194.79,10.9,-0.319,95.3,1,16.12,266.19
2436,26.43,41.5,994.0,1.0,202.8,154.74,10.58,-0.1,95.1,1,14.17,213.38
2437,26.28,39.3,1019.0,1.0,255.29,194.79,10.77,-0.292,95.3,1,12.48,266.06
2438,25.92,39.2,941.0,1.0,304.2,232.1,10.4,-0.435,95.3,1,11.17,314.6
2439,24.73,40.4,1063.0,1.0,346.2,264.15,10.94,-0.442,95.3,1,10.33,357.14
2440,24.36,40.3,1008.0,1.0,378.43,288.74,10.72,-0.644,95.0,1,10.01,389.15
2441,24.31,41.7,1066.0,1.0,398.69,304.2,10.15,-0.726,94.8,0,10.23,408.84
2442,23.43,42.6,974.0,1.0,405.6,309.47,10.55,-0.449,95.3,1,10.99,416.15
2443,24.39,44.7,400.0,0.14,306.68,234.0,0.27,-0.27,95.3,1,12.22,306.96
2444,24.73,49.6,411.0,0.24,291.1,222.11,0.83,-0.78,94.7,0,13.85,291.93
2445,26.1,52.7,411.0,0.06,266.31,203.19,0.78,-0.314,95.3,1,15.76,267.09
2446,25.23,51.7,410.0,0.26,234.0,178.54,0.49,-0.142,95.1,1,17.82,234.49
2447,25.91,58.2,406.0,0.29,196.38,149.83,0.3,-0.04,95.0,1,19.9,196.68
2448,27.3,59.9,400.0,0.06,156.0,119.03,0.85,-0.044,95.0,1,21.84,156.85
2449,28.1,61.5,400.0,0.07,196.38,149.83,0.85,0.01,94.9,1,23.53,197.23
2450,28.15,60.6,408.0,0.29,234.0,178.54,0.51,0.402,93.5,1,24.84,234.51
2451,28.83,61.0,400.0,0.13,266.31,203.19,0.72,0.421,93.4,1,25.69,267.03
2452,29.78,63.3,400.0,0.25,291.1,222.11,0.29,0.054,94.8,1,26.01,291.39
2453,29.4,56.8,400.0,0.25,306.68,234.0,0.35,0.439,93.3,1,25.79,307.03
2454,29.71,53.3,413.0,0.09,312.0,238.06,0.94,0.511,93.0,1,25.03,312.94
2455,29.85,50.0,460.0,0.05,306.68,234.0,0.74,0.264,94.1,1,23.8,307.42
2456,30.01,54.0,1029.0,1.0,378.43,288.74,10.07,0.384,93.6,1,22.17,388.5
2457,28.73,51.4,1043.0,1.0,346.2,264.15,10.46,0.452,93.3,1,20.26,356.66
2458,27.49,43.6,1020.0,1.0,304.2,232.1,10.4,0.085,94.7,1,18.2,314.6
2459,26.73,41.8,1011.0,1.0,255.29,194.79,10.23,0.176,94.4,1,16.13,265.52
2460,26.28,40.9,1075.0,1.0,202.8,154.74,10.99,-0.198,95.2,1,14.18,213.79
2461,25.47,42.9,960.0,1.0,255.29,194.79,10.14,-0.377,95.3,1,12.49,265.42
2462,25.33,37.4,988.0,1.0,304.2,232.1,10.31,-0.127,95.1,1,11.18,314.51
2463,24.19,36.3,990.0,1.0,346.2,264.15,10.85,-0.119,95.1,1,10.34,357.05
2464,23.95,45.4,1027.0,1.0,378.43,288.74,10.13,-0.67,95.0,1,10.02,388.56
2465,23.62,43.2,971.0,1.0,398.69,304.2,10.38,-0.292,95.3,1,10.24,409.07
2466,23.68,45.5,1023.0,1.0,405.6,309.47,10.63,-0.503,95.2,1,11.0,416.23
2467,24.67,46.5,417.0,0.27,306.68,234.0,0.34,-0.926,94.3,0,12.23,307.02
2468,24.63,50.5,424.0,0.11,291.1,222.11,0.41,-0.72,94.9,0,13.85,291.51
2469,24.79,49.1,424.0,0.08,266.31,203.19,0.55,-0.232,95.2,1,15.76,266.86
2470,25.17,52.9,446.0,0.2,234.0,178.54,0.95,-0.575,95.1,1,17.83,234.95
2471,25.91,56.9,400.0,0.21,196.38,149.83,0.87,-0.253,95.2,1,19.91,197.25
2472,27.06,53.9,416.0,0.14,156.0,119.03,0.11,-0.016,94.9,1,21.85,156.11
2473,27.97,58.9,400.0,0.09,196.38,149.83,0.57,0.219,94.3,1,23.54,196.95
2474,27.94,59.3,400.0,0.09,234.0,178.54,0.65,0.287,94.0,1,24.85,234.65
2475,29.04,59.2,453.0,0.06,266.31,203.19,0.33,0.667,92.1,1,25.7,266.63
2476,28.48,57.8,400.0,0.11,291.1,222.11,0.26,0.27,94.1,1,26.02,291.36
2477,29.9,55.4,419.0,0.05,306.68,234.0,0.6,0.503,93.0,1,25.79,307.28
2478,30.27,51.8,416.0,0.19,312.0,238.06,0.41,0.591,92.5,1,25.04,312.41
2479,29.65,53.3,435.0,0.27,306.68,234.0,0.91,0.625,92.3,1,23.81,307.59
2480,30.4,49.9,400.0,0.08,291.1,222.11,0.16,0.643,92.2,1,22.18,291.26
2481,28.57,45.1,427.0,0.07,266.31,203.19,0.04,0.267,94.1,1,20.27,266.35
2482,28.5,45.5,400.0,0.27,234.0,178.54,0.9,0.38,93.6,1,18.21,234.9
2483,27.65,42.7,400.0,0.17,196.38,149.83,0.9,-0.056,95.0,1,16.14,197.27
2484,26.84,40.7,400.0,0.22,156.0,119.03,0.42,-0.016,94.9,1,14.19,156.42
2485,26.05,36.2,431.0,0.27,196.38,149.83,0.75,-0.029,95.0,1,12.5,197.13
2486,25.44,41.4,422.0,0.2,234.0,178.54,0.85,-0.055,95.0,1,11.19,234.85
2487,25.19,37.8,400.0,0.22,266.31,203.19,0.25,-0.24,95.2,1,10.35,266.56
2488,24.98,41.2,400.0,0.12,291.1,222.11,0.65,-0.415,95.3,1,10.03,291.75
2489,23.99,41.0,400.0,0.28,306.68,234.0,0.74,-0.499,95.2,1,10.25,307.42
2490,24.29,43.8,423.0,0.21,312.0,238.06,0.36,-0.39,95.3,1,11.01,312.36
2491,23.64,49.3,400.0,0.02,306.68,234.0,0.95,-0.045,95.0,1,12.24,307.63
2492,24.67,50.6,400.0,0.18,291.1,222.11,0.97,-0.262,95.3,1,13.87,292.07
2493,24.38,54.4,480.0,0.03,266.31,203.19,0.49,-0.277,95.3,1,15.78,266.8
2494,25.93,55.2,414.0,0.16,234.0,178.54,0.08,-0.524,95.2,1,17.84,234.08
2495,27.21,57.5,422.0,0.03,196.38,149.83,0.92,-0.298,95.3,1,19.92,197.29
2496,26.82,54.9,400.0,0.19,156.0,119.03,0.52,-0.065,95.0,1,21.87,156.52
2497,26.56,58.9,400.0,0.14,196.38,149.83,0.14,0.311,93.9,1,23.55,196.51
2498,28.1,59.5,424.0,0.17,234.0,178.54,0.73,0.063,94.7,1,24.86,234.73
2499,29.61,62.2,400.0,0.19,266.31,203.19,0.69,0.482,93.1,1,25.71,267.0
2500,29.75,57.9,435.0,0.08,291.1,222.11,0.14,0.457,93.2,1,26.03,291.24
2501,29.9,57.9,404.0,0.1,306.68,234.0,0.27,0.554,92.7,1,25.81,306.96
2502,30.38,55.9,507.0,0.14,312.0,238.06,0.86,0.457,93.2,1,25.05,312.86
2503,30.01,55.4,400.0,0.17,306.68,234.0,0.97,0.364,93.7,1,23.82,307.65
2504,30.08,50.2,412.0,0.28,291.1,222.11,0.41,0.238,94.2,1,22.2,291.51
2505,29.45,49.5,400.0,0.11,266.31,203.19,0.13,0.476,93.2,1,20.29,266.44
2506,29.13,42.0,434.0,0.18,234.0,178.54,0.35,0.235,94.2,1,18.22,234.35
2507,27.83,40.0,416.0,0.28,196.38,149.83,0.51,-0.086,95.1,1,16.15,196.88
2508,27.32,37.0,400.0,0.22,156.0,119.03,0.3,0.045,94.8,1,14.2,156.3
2509,25.94,42.0,400.0,0.1,196.38,149.83,0.61,0.555,92.7,1,12.52,196.99
2510,25.07,41.4,444.0,0.12,234.0,178.54,0.01,-0.29,95.3,1,11.21,234.01
2511,25.6,42.0,441.0,0.26,266.31,203.19,0.82,-0.023,94.9,1,10.36,267.13
2512,24.38,39.8,400.0,0.13,291.1,222.11,0.84,-0.95,94.2,0,10.04,291.94
2513,24.37,41.5,400.0,0.08,306.68,234.0,0.78,-0.537,95.2,1,10.27,307.47
2514,23.93,44.4,458.0,0.16,312.0,238.06,0.3,-0.309,95.3,1,11.02,312.3
2515,23.67,49.8,400.0,0.06,306.68,234.0,0.63,-0.48,95.2,1,12.25,307.32
2516,24.27,52.9,409.0,0.17,291.1,222.11,0.37,-0.562,95.1,1,13.88,291.47
2517,25.46,53.7,434.0,0.3,266.31,203.19,0.39,-0.359,95.3,1,15.79,266.7
2518,25.64,55.2,400.0,0.29,234.0,178.54,0.71,-0.053,95.0,1,17.86,234.71
2519,25.23,59.4,400.0,0.18,196.38,149.83,0.84,0.299,94.0,1,19.93,197.22
2520,26.75,57.9,400.0,0.27,156.0,119.03,0.83,0.213,94.3,1,21.88,156.83
2521,28.53,58.7,439.0,0.24,196.38,149.83,0.23,0.028,94.8,1,23.57,196.61
2522,28.25,59.7,434.0,0.29,234.0,178.54,0.66,0.203,94.3,1,24.88,234.66
2523,28.08,57.8,425.0,0.26,266.31,203.19,0.27,0.308,93.9,1,25.72,266.58
2524,30.4,58.5,400.0,0.27,291.1,222.11,0.63,0.26,94.1,1,26.05,291.73
2525,30.1,55.2,437.0,0.07,306.68,234.0,0.37,0.452,93.3,1,25.82,307.05
2526,29.82,57.5,400.0,0.05,312.0,238.06,0.79,0.445,93.3,1,25.07,312.79
2527,29.57,54.1,420.0,0.01,306.68,234.0,0.94,0.243,94.2,1,23.84,307.62
2528,29.99,53.3,1030.0,1.0,378.43,288.74,10.29,0.601,92.5,1,22.21,388.72
2529,28.7,44.6,1054.0,1.0,346.2,264.15,10.87,0.438,93.3,1,20.3,357.07
2530,28.93,49.2,1001.0,1.0,304.2,232.1,10.74,0.122,94.6,1,18.24,314.94
2531,27.9,40.1,992.0,1.0,255.29,194.79,10.57,0.159,94.5,1,16.17,265.85
2532,26.97,39.2,1042.0,1.0,202.8,154.74,10.52,-0.193,95.2,1,14.22,213.32
2533,26.15,39.2,1044.0,1.0,255.29,194.79,10.32,-0.24,95.2,1,12.53,265.61
2534,25.26,42.6,987.0,1.0,304.2,232.1,10.2,-0.112,95.1,1,11.22,314.4
2535,25.25,40.7,970.0,1.0,346.2,264.15,10.08,-0.259,95.3,1,10.38,356.28
2536,23.82,40.6,1040.0,1.0,378.43,288.74,10.71,-0.536,95.2,1,10.06,389.14
2537,23.14,41.0,954.0,1.0,398.69,304.2,10.22,-0.421,95.3,1,10.28,408.91
2538,24.15,41.8,952.0,1.0,405.6,309.47,10.5,-0.515,95.2,1,11.04,416.1
2539,24.26,49.2,400.0,0.05,306.68,234.0,0.89,-0.682,94.9,1,12.27,307.57
2540,24.49,51.1,403.0,0.19,291.1,222.11,0.67,-0.466,95.2,1,13.9,291.77
2541,24.92,54.8,400.0,0.18,266.31,203.19,0.17,-0.267,95.3,1,15.81,266.48
2542,25.18,55.4,407.0,0.24,234.0,178.54,0.73,-0.189,95.2,1,17.87,234.73
2543,26.46,51.4,408.0,0.25,196.38,149.83,0.21,-0.468,95.2,1,19.95,196.59
2544,26.82,55.9,400.0,0.08,156.0,119.03,0.78,0.033,94.8,1,21.9,156.78
2545,27.37,60.5,461.0,0.24,196.38,149.83,0.08,0.134,94.5,1,23.59,196.45
2546,28.18,59.2,413.0,0.05,234.0,178.54,0.14,-0.13,95.1,1,24.9,234.14
2547,29.97,58.7,434.0,0.12,266.31,203.19,0.93,0.192,94.4,1,25.74,267.24
2548,28.57,56.7,400.0,0.15,291.1,222.11,0.28,0.531,92.9,1,26.06,291.38
2549,29.98,59.3,400.0,0.24,306.68,234.0,0.15,0.76,91.5,0,25.84,306.84
2550,28.99,56.3,414.0,0.27,312.0,238.06,0.21,0.172,94.4,1,25.09,312.21
2551,29.68,54.0,456.0,0.01,306.68,234.0,0.36,0.679,92.0,1,23.86,307.05
2552,29.21,49.2,970.0,1.0,378.43,288.74,10.84,0.057,94.8,1,22.23,389.27
2553,27.91,48.2,1004.0,1.0,346.2,264.15,10.15,0.633,92.3,1,20.32,356.35
2554,28.53,42.7,963.0,1.0,304.2,232.1,10.02,0.202,94.3,1,18.26,314.22
2555,27.42,43.0,978.0,1.0,255.29,194.79,10.86,-0.014,94.9,1,16.18,266.15
2556,25.78,36.5,1006.0,1.0,202.8,154.74,10.3,0.071,94.7,1,14.24,213.1
2557,26.47,37.3,985.0,1.0,255.29,194.79,10.08,-0.322,95.3,1,12.55,265.37
2558,26.04,39.4,961.0,1.0,304.2,232.1,10.03,-0.147,95.1,1,11.24,314.23
2559,25.45,45.0,960.0,1.0,346.2,264.15,10.9,-0.378,95.3,1,10.4,357.1
2560,24.41,37.5,943.0,1.0,378.43,288.74,10.52,-1.195,93.1,0,10.08,388.95
2561,23.95,40.1,1014.0,1.0,398.69,304.2,10.61,-0.645,95.0,1,10.3,409.3
2562,24.49,45.0,1018.0,1.0,405.6,309.47,10.62,-0.462,95.2,1,11.06,416.22
2563,24.77,50.5,418.0,0.19,306.68,234.0,0.52,-0.27,95.3,1,12.29,307.21
2564,24.79,49.9,400.0,0.3,291.1,222.11,0.77,-0.367,95.3,1,13.92,291.87
2565,24.23,53.5,430.0,0.11,266.31,203.19,0.91,-0.143,95.1,1,15.83,267.21
2566,25.42,53.9,421.0,0.08,234.0,178.54,0.64,-0.429,95.3,1,17.89,234.64
2567,26.26,55.7,400.0,0.08,196.38,149.83,0.84,0.016,94.9,1,19.97,197.22
2568,25.91,58.6,400.0,0.19,156.0,119.03,0.01,0.149,94.5,1,21.92,156.01
2569,27.83,58.2,400.0,0.05,196.38,149.83,0.48,-0.197,95.2,1,23.61,196.86
2570,29.45,61.4,406.0,0.05,234.0,178.54,0.6,0.47,93.2,1,24.92,234.6
2571,29.26,56.6,449.0,0.08,266.31,203.19,0.2,0.419,93.4,1,25.76,266.51
2572,30.15,60.7,434.0,0.16,291.1,222.11,0.16,0.377,93.6,1,26.09,291.26
2573,29.8,57.5,400.0,0.25,306.68,234.0,0.14,0.423,93.4,1,25.86,306.82
2574,29.77,55.0,416.0,0.16,312.0,238.06,0.28,0.292,94.0,1,25.11,312.28
2575,29.9,49.8,400.0,0.23,306.68,234.0,0.82,0.609,92.4,1,23.88,307.51
2576,29.0,48.5,1022.0,1.0,378.43,288.74,10.03,0.493,93.1,1,22.25,388.46
2577,28.45,50.3,975.0,1.0,346.2,264.15,10.6,0.47,93.2,1,20.34,356.8
2578,28.94,45.0,1021.0,1.0,304.2,232.1,10.07,0.266,94.1,1,18.28,314.27
2579,28.27,43.8,1089.0,1.0,255.29,194.79,10.59,0.171,94.4,1,16.21,265.88
2580,26.31,39.8,983.0,1.0,202.8,154.74,10.25,-0.059,95.0,1,14.26,213.05
2581,26.51,40.4,1088.0,1.0,255.29,194.79,10.16,0.086,94.7,1,12.57,265.45
2582,25.26,37.3,1015.0,1.0,304.2,232.1,10.47,-0.129,95.1,1,11.27,314.67
2583,24.85,40.4,978.0,1.0,346.2,264.15,10.23,-0.319,95.3,1,10.42,356.43
2584,24.43,41.9,976.0,1.0,378.43,288.74,10.38,-0.46,95.2,1,10.1,388.81
2585,24.4,43.2,1071.0,1.0,398.69,304.2,10.63,-0.837,94.5,0,10.33,409.32
2586,23.84,42.8,1015.0,1.0,405.6,309.47,10.94,-0.897,94.4,0,11.08,416.54
2587,24.61,46.3,400.0,0.3,306.68,234.0,0.62,-0.557,95.1,1,12.31,307.3
2588,24.35,50.6,400.0,0.23,291.1,222.11,0.51,-0.179,95.2,1,13.94,291.61
2589,24.99,51.7,413.0,0.04,266.31,203.19,0.56,-0.495,95.2,1,15.85,266.87
2590,24.88,54.0,400.0,0.17,234.0,178.54,0.47,-0.383,95.3,1,17.92,234.47
2591,27.1,60.5,410.0,0.12,196.38,149.83,0.56,-0.324,95.3,1,19.99,196.94
2592,27.03,56.5,453.0,0.19,156.0,119.03,0.57,-0.258,95.3,1,21.94,156.57
2593,27.93,61.7,400.0,0.2,196.38,149.83,0.49,-0.053,95.0,1,23.63,196.87
2594,27.49,57.7,419.0,0.24,234.0,178.54,0.79,0.306,93.9,1,24.94,234.79
2595,28.5,61.1,400.0,0.07,266.31,203.19,0.39,0.255,94.1,1,25.79,266.7
2596,30.01,60.3,400.0,0.29,291.1,222.11,0.11,0.326,93.8,1,26.11,291.21
2597,29.83,56.4,432.0,0.06,306.68,234.0,0.64,0.358,93.7,1,25.89,307.33
2598,28.83,53.0,400.0,0.04,312.0,238.06,0.8,0.547,92.8,1,25.13,312.8
2599,30.2,49.1,400.0,0.25,306.68,234.0,0.78,0.561,92.7,1,23.9,307.46
2600,29.11,49.2,1007.0,1.0,378.43,288.74,10.25,0.059,94.8,1,22.28,388.68
2601,29.61,48.9,996.0,1.0,346.2,264.15,10.65,0.202,94.3,1,20.37,356.85
2602,28.24,43.3,959.0,1.0,304.2,232.1,11.0,0.232,94.2,1,18.31,315.2
2603,27.66,43.5,949.0,1.0,255.29,194.79,10.1,0.217,94.3,1,16.23,265.39
2604,27.37,38.6,1058.0,1.0,202.8,154.74,10.52,0.026,94.8,1,14.29,213.32
2605,25.55,40.0,1014.0,1.0,255.29,194.79,10.31,0.035,94.8,1,12.6,265.59
2606,24.78,37.7,1001.0,1.0,304.2,232.1,10.79,-0.532,95.2,1,11.29,314.99
2607,24.56,40.1,1066.0,1.0,346.2,264.15,10.32,-0.271,95.3,1,10.45,356.53
2608,24.59,40.1,1031.0,1.0,378.43,288.74,10.73,-0.023,94.9,1,10.13,389.16
2609,23.21,40.2,1053.0,1.0,398.69,304.2,10.16,-0.473,95.2,1,10.35,408.85
2610,22.94,43.3,965.0,1.0,405.6,309.47,10.07,-0.482,95.2,1,11.11,415.67
2611,24.29,45.1,400.0,0.22,306.68,234.0,0.1,-0.379,95.3,1,12.34,306.79
2612,23.87,46.9,419.0,0.14,291.1,222.11,0.26,-0.542,95.2,1,13.97,291.36
2613,24.45,54.3,412.0,0.28,266.31,203.19,0.85,-0.543,95.2,1,15.88,267.16
2614,24.34,53.9,437.0,0.13,234.0,178.54,0.15,-0.238,95.2,1,17.94,234.15
2615,25.65,52.3,400.0,0.03,196.38,149.83,0.03,-0.46,95.2,1,20.02,196.41
2616,26.76,57.2,421.0,0.18,156.0,119.03,0.85,0.079,94.7,1,21.97,156.85
2617,28.01,61.4,430.0,0.03,196.38,149.83,0.37,0.242,94.2,1,23.66,196.75
2618,27.88,58.5,428.0,0.2,234.0,178.54,0.59,-0.071,95.0,1,24.97,234.59
2619,29.72,62.8,400.0,0.3,266.31,203.19,0.08,0.386,93.6,1,25.81,266.39
2620,29.02,57.2,416.0,0.2,291.1,222.11,0.91,0.39,93.6,1,26.14,292.01
2621,29.32,58.4,400.0,0.06,306.68,234.0,0.5,0.779,91.3,0,25.91,307.19
2622,30.53,57.5,400.0,0.04,312.0,238.06,0.09,0.762,91.5,0,25.16,312.09
2623,29.76,53.9,400.0,0.11,306.68,234.0,0.63,0.651,92.2,1,23.93,307.32
2624,29.08,47.7,977.0,1.0,378.43,288.74,10.37,0.675,92.0,1,22.31,388.8
2625,28.8,46.0,993.0,1.0,346.2,264.15,10.35,0.281,94.0,1,20.4,356.55
2626,28.93,47.8,985.0,1.0,304.2,232.1,10.41,0.302,93.9,1,18.33,314.61
2627,28.27,41.7,977.0,1.0,255.29,194.79,10.51,0.079,94.7,1,16.26,265.8
2628,26.35,43.5,961.0,1.0,202.8,154.74,10.62,-0.199,95.2,1,14.31,213.42
2629,25.96,39.6,1059.0,1.0,255.29,194.79,10.15,-0.113,95.1,1,12.63,265.43
2630,25.3,40.3,985.0,1.0,304.2,232.1,10.75,-0.267,95.3,1,11.32,314.95
2631,24.14,37.5,1010.0,1.0,346.2,264.15,10.03,-0.394,95.3,1,10.48,356.23
2632,24.12,39.9,947.0,1.0,378.43,288.74,10.7,-0.445,95.3,1,10.16,389.13
2633,23.85,40.9,1041.0,1.0,398.69,304.2,10.18,-0.471,95.2,1,10.38,408.87
2634,24.32,45.0,1005.0,1.0,405.6,309.47,10.45,-0.322,95.3,1,11.14,416.05
2635,24.45,47.1,400.0,0.11,306.68,234.0,0.56,-0.6,95.1,1,12.37,307.25
2636,23.98,50.5,400.0,0.05,291.1,222.11,0.65,-0.689,94.9,1,14.0,291.75
2637,24.52,51.1,426.0,0.15,266.31,203.19,0.79,-0.218,95.2,1,15.91,267.1
2638,25.58,52.7,400.0,0.09,234.0,178.54,0.52,-0.079,95.0,1,17.97,234.52
2639,25.67,57.1,400.0,0.22,196.38,149.83,0.88,-0.058,95.0,1,20.05,197.26
2640,27.04,56.4,400.0,0.01,156.0,119.03,0.96,-0.228,95.2,1,22.0,156.96
2641,27.47,61.7,400.0,0.26,196.38,149.83,0.98,0.103,94.6,1,23.69,197.35
2642,27.75,59.8,475.0,0.14,234.0,178.54,0.32,0.307,93.9,1,25.0,234.32
2643,28.38,59.1,400.0,0.0,266.31,203.19,0.03,0.14,94.5,1,25.84,266.34
2644,30.06,59.8,430.0,0.04,291.1,222.11,0.72,0.28,94.0,1,26.17,291.82
2645,29.56,57.2,454.0,0.28,306.68,234.0,0.25,0.454,93.3,1,25.94,306.94
2646,30.56,52.1,420.0,0.16,312.0,238.06,0.77,0.737,91.6,0,25.19,312.77
2647,29.37,50.9,400.0,0.23,306.68,234.0,0.01,0.528,92.9,1,23.96,306.69
2648,29.48,52.6,400.0,0.26,291.1,222.11,0.78,0.319,93.9,1,22.34,291.88
2649,30.05,48.0,422.0,0.1,266.31,203.19,0.07,0.313,93.9,1,20.43,266.38
2650,27.7,42.1,449.0,0.16,234.0,178.54,0.88,0.117,94.6,1,18.37,234.88
2651,26.56,44.0,416.0,0.2,196.38,149.83,0.65,0.047,94.8,1,16.29,197.03
2652,27.37,40.5,437.0,0.25,156.0,119.03,0.16,0.144,94.5,1,14.34,156.16
2653,25.54,38.7,478.0,0.13,196.38,149.83,0.51,-0.513,95.2,1,12.66,196.88
2654,25.22,37.7,425.0,0.29,234.0,178.54,0.51,0.013,94.9,1,11.35,234.51
2655,24.31,42.2,400.0,0.18,266.31,203.19,0.88,0.084,94.7,1,10.51,267.19
2656,24.26,37.2,402.0,0.26,291.1,222.11,0.53,-0.401,95.3,1,10.19,291.63
2657,23.35,40.9,441.0,0.03,306.68,234.0,0.55,-0.649,95.0,1,10.41,307.23
2658,23.63,44.8,400.0,0.14,312.0,238.06,0.32,-0.267,95.3,1,11.17,312.32
2659,24.05,50.1,445.0,0.05,306.68,234.0,0.73,-0.427,95.3,1,12.4,307.41
2660,23.62,50.6,400.0,0.27,291.1,222.11,0.05,-0.538,95.2,1,14.03,291.15
2661,24.25,50.4,410.0,0.07,266.31,203.19,0.97,-0.548,95.2,1,15.94,267.28
2662,25.04,57.6,400.0,0.21,234.0,178.54,0.61,-0.331,95.3,1,18.0,234.61
2663,25.22,54.0,405.0,0.02,196.38,149.83,0.85,-0.091,95.1,1,20.08,197.22
2664,26.5,58.9,406.0,0.06,156.0,119.03,0.78,0.179,94.4,1,22.03,156.78
2665,27.55,60.5,400.0,0.1,196.38,149.83,0.22,0.186,94.4,1,23.72,196.59
2666,28.01,58.2,400.0,0.23,234.0,178.54,0.29,0.341,93.8,1,25.03,234.29
2667,28.7,61.2,400.0,0.08,266.31,203.19,0.28,0.287,94.0,1,25.88,266.59
2668,29.3,57.9,400.0,0.25,291.1,222.11,0.23,0.604,92.5,1,26.2,291.33
2669,29.28,58.8,400.0,0.24,306.68,234.0,0.02,0.442,93.3,1,25.98,306.7
2670,30.05,51.7,430.0,0.3,312.0,238.06,0.83,0.868,90.7,0,25.23,312.83
2671,30.32,53.7,431.0,0.2,306.68,234.0,0.54,0.352,93.7,1,23.99,307.22
2672,29.07,49.6,417.0,0.19,291.1,222.11,0.59,0.512,93.0,1,22.37,291.69
2673,29.07,50.2,400.0,0.18,266.31,203.19,0.49,0.791,91.3,0,20.46,266.8
2674,28.08,45.3,400.0,0.03,234.0,178.54,0.12,0.458,93.2,1,18.4,234.12
2675,27.66,45.8,400.0,0.15,196.38,149.83,0.44,0.278,94.0,1,16.32,196.81
2676,27.48,42.6,400.0,0.26,156.0,119.03,0.29,0.059,94.8,1,14.38,156.29
2677,26.18,40.2,419.0,0.01,196.38,149.83,0.89,-0.119,95.1,1,12.69,197.27
2678,24.31,41.6,430.0,0.04,234.0,178.54,0.7,-0.285,95.3,1,11.38,234.7
2679,24.8,41.8,414.0,0.18,266.31,203.19,0.16,-0.466,95.2,1,10.54,266.47
2680,24.71,42.1,438.0,0.25,291.1,222.11,0.7,-0.74,94.8,0,10.22,291.8
2681,23.68,38.0,408.0,0.09,306.68,234.0,0.55,-0.355,95.3,1,10.45,307.23
2682,24.19,42.6,400.0,0.26,312.0,238.06,0.08,-0.808,94.6,0,11.2,312.08
2683,23.45,49.7,426.0,0.1,306.68,234.0,0.07,-0.353,95.3,1,12.44,306.75
2684,23.35,47.0,427.0,0.14,291.1,222.11,0.15,-0.495,95.2,1,14.06,291.25
2685,24.64,53.9,400.0,0.29,266.31,203.19,0.81,-0.545,95.2,1,15.97,267.12
2686,24.31,56.0,411.0,0.13,234.0,178.54,0.83,0.031,94.8,1,18.04,234.83
2687,25.79,55.3,400.0,0.18,196.38,149.83,0.61,-0.419,95.3,1,20.12,196.98
2688,27.33,54.4,400.0,0.28,156.0,119.03,0.02,-0.133,95.1,1,22.07,156.02
2689,26.5,58.4,413.0,0.08,196.38,149.83,0.32,0.015,94.9,1,23.75,196.69
2690,27.54,64.1,400.0,0.03,234.0,178.54,0.4,0.28,94.0,1,25.07,234.4
2691,28.29,58.0,410.0,0.29,266.31,203.19,0.28,0.231,94.2,1,25.91,266.59
2692,29.25,57.3,400.0,0.17,291.1,222.11,0.58,0.725,91.7,0,26.24,291.68
2693,29.39,55.4,400.0,0.29,306.68,234.0,0.06,0.209,94.3,1,26.01,306.75
2694,30.38,57.8,400.0,0.26,312.0,238.06,0.02,1.317,86.9,0,25.26,312.02
2695,30.05,52.6,436.0,0.18,306.68,234.0,0.59,0.271,94.1,1,24.03,307.27
2696,29.52,49.2,984.0,1.0,378.43,288.74,10.26,1.024,89.5,0,22.41,388.69
2697,28.87,50.7,968.0,1.0,346.2,264.15,10.69,0.572,92.6,1,20.5,356.89
2698,28.37,46.6,1011.0,1.0,304.2,232.1,10.78,0.228,94.2,1,18.44,314.98
2699,27.02,41.4,993.0,1.0,255.29,194.79,10.61,0.175,94.4,1,16.36,265.9
2700,27.1,39.1,1024.0,1.0,202.8,154.74,10.99,-0.076,95.0,1,14.41,213.79
2701,25.34,42.8,970.0,1.0,255.29,194.79,10.64,-0.06,95.0,1,12.73,265.93
2702,25.58,40.0,1006.0,1.0,304.2,232.1,10.77,-0.397,95.3,1,11.42,314.97
2703,25.14,37.1,1074.0,1.0,346.2,264.15,10.64,-0.212,95.2,1,10.58,356.84
2704,24.17,37.5,993.0,1.0,378.43,288.74,10.81,-0.397,95.3,1,10.26,389.24
2705,23.68,40.4,1006.0,1.0,398.69,304.2,10.39,-0.681,94.9,1,10.48,409.08
2706,23.86,42.1,950.0,1.0,405.6,309.47,10.43,-0.415,95.3,1,11.24,416.03
2707,22.33,42.9,400.0,0.18,306.68,234.0,0.34,-0.41,95.3,1,12.47,307.02
2708,24.21,47.3,414.0,0.28,291.1,222.11,0.58,-0.576,95.1,1,14.1,291.68
2709,24.48,50.3,400.0,0.26,266.31,203.19,0.37,-0.439,95.3,1,16.01,266.68
2710,25.13,53.7,418.0,0.26,234.0,178.54,0.99,-0.148,95.1,1,18.08,234.99
2711,26.23,60.1,413.0,0.11,196.38,149.83,0.6,0.089,94.7,1,20.16,196.98
2712,26.62,57.9,400.0,0.15,156.0,119.03,0.34,-0.028,95.0,1,22.11,156.34
2713,26.86,59.2,430.0,0.08,196.38,149.83,0.51,0.316,93.9,1,23.79,196.88
2714,28.08,61.0,400.0,0.17,234.0,178.54,0.78,0.483,93.1,1,25.11,234.78
2715,28.8,59.3,400.0,0.09,266.31,203.19,0.81,0.614,92.4,1,25.95,267.11
2716,29.3,59.7,407.0,0.24,291.1,222.11,0.64,0.516,92.9,1,26.27,291.74
2717,29.63,58.0,447.0,0.14,306.68,234.0,0.0,0.303,93.9,1,26.05,306.69
2718,30.17,55.6,400.0,0.21,312.0,238.06,0.87,0.678,92.0,1,25.3,312.87
2719,29.0,58.6,404.0,0.26,306.68,234.0,0.91,0.445,93.3,1,24.07,307.59
2720,29.33,52.3,1005.0,1.0,378.43,288.74,10.87,0.534,92.8,1,22.45,389.3
2721,29.41,45.7,1020.0,1.0,346.2,264.15,10.67,0.228,94.2,1,20.54,356.87
2722,27.27,46.2,1036.0,1.0,304.2,232.1,10.03,0.13,94.6,1,18.48,314.23
2723,27.51,41.7,988.0,1.0,255.29,194.79,10.95,-0.011,94.9,1,16.4,266.24
2724,26.35,42.5,1030.0,1.0,202.8,154.74,10.07,-0.265,95.3,1,14.45,212.87
2725,25.67,37.7,1040.0,1.0,255.29,194.79,10.15,-0.247,95.2,1,12.77,265.44
2726,24.68,37.8,1054.0,1.0,304.2,232.1,10.63,-0.457,95.2,1,11.46,314.83
2727,24.43,40.9,1015.0,1.0,346.2,264.15,10.46,-0.24,95.2,1,10.62,356.66
2728,24.95,43.1,1005.0,1.0,378.43,288.74,10.75,-0.646,95.0,1,10.3,389.18
2729,23.1,43.6,986.0,1.0,398.69,304.2,10.63,-0.617,95.1,1,10.52,409.32
2730,23.04,46.3,956.0,1.0,405.6,309.47,10.0,-0.499,95.2,1,11.28,415.6
2731,23.08,47.7,400.0,0.2,306.68,234.0,0.64,-0.12,95.1,1,12.51,307.33
2732,24.89,49.9,403.0,0.08,291.1,222.11,0.86,-0.571,95.1,1,14.14,291.96
2733,24.27,51.1,400.0,0.0,266.31,203.19,0.85,-0.63,95.0,1,16.05,267.16
2734,25.11,56.2,418.0,0.23,234.0,178.54,0.16,-0.512,95.2,1,18.12,234.16
2735,25.64,58.8,400.0,0.05,196.38,149.83,0.35,-0.302,95.3,1,20.2,196.72
2736,26.15,58.3,400.0,0.08,156.0,119.03,0.12,-0.131,95.1,1,22.15,156.12
2737,27.28,59.3,460.0,0.07,196.38,149.83,0.75,0.59,92.5,1,23.83,197.13
2738,29.35,63.2,430.0,0.1,234.0,178.54,0.63,0.443,93.3,1,25.15,234.63
2739,29.43,59.7,418.0,0.15,266.31,203.19,0.48,0.291,94.0,1,25.99,266.79
2740,28.79,59.0,412.0,0.24,291.1,222.11,0.3,0.804,91.2,0,26.32,291.4
2741,29.84,58.4,400.0,0.2,306.68,234.0,0.79,0.36,93.7,1,26.09,307.47
2742,29.2,55.2,400.0,0.04,312.0,238.06,0.79,0.418,93.4,1,25.34,312.79
2743,28.62,51.4,414.0,0.06,306.68,234.0,0.49,0.389,93.6,1,24.11,307.18
2744,29.72,51.2,927.0,1.0,378.43,288.74,10.12,0.638,92.2,1,22.49,388.55
2745,29.31,47.8,990.0,1.0,346.2,264.15,10.47,0.34,93.8,1,20.58,356.67
2746,28.63,49.1,1000.0,1.0,304.2,232.1,10.9,0.551,92.8,1,18.52,315.1
2747,27.15,44.8,987.0,1.0,255.29,194.79,10.58,0.216,94.3,1,16.44,265.87
2748,26.52,40.4,1065.0,1.0,202.8,154.74,10.75,0.182,94.4,1,14.5,213.55
2749,26.2,41.9,1055.0,1.0,255.29,194.79,10.29,-0.493,95.2,1,12.81,265.58
2750,25.3,40.6,1031.0,1.0,304.2,232.1,10.34,-0.59,95.1,1,11.5,314.54
2751,24.28,42.8,972.0,1.0,346.2,264.15,10.12,-0.687,94.9,1,10.66,356.32
2752,23.19,40.1,1058.0,1.0,378.43,288.74,10.34,-0.519,95.2,1,10.34,388.77
2753,23.76,43.0,1019.0,1.0,398.69,304.2,10.17,-0.791,94.7,0,10.57,408.86
2754,24.14,44.4,972.0,1.0,405.6,309.47,10.54,-0.252,95.2,1,11.32,416.14
2755,23.1,47.1,401.0,0.25,306.68,234.0,0.39,-0.523,95.2,1,12.56,307.08
2756,24.31,47.8,429.0,0.07,291.1,222.11,0.84,-0.31,95.3,1,14.19,291.94
2757,24.64,53.3,400.0,0.11,266.31,203.19,0.38,-0.452,95.2,1,16.1,266.69
2758,25.47,55.4,404.0,0.2,234.0,178.54,0.21,-0.085,95.1,1,18.16,234.21
2759,26.25,59.3,409.0,0.2,196.38,149.83,0.08,-0.522,95.2,1,20.24,196.46
2760,26.24,58.4,400.0,0.14,156.0,119.03,0.25,-0.01,94.9,1,22.19,156.25
2761,26.55,58.7,400.0,0.13,196.38,149.83,0.7,0.23,94.2,1,23.88,197.07
2762,27.82,61.6,400.0,0.13,234.0,178.54,0.63,0.367,93.7,1,25.19,234.63
2763,29.15,58.2,426.0,0.15,266.31,203.19,0.62,0.29,94.0,1,26.04,266.93
2764,28.91,61.1,400.0,0.1,291.1,222.11,0.86,0.091,94.7,1,26.36,291.96
2765,29.13,59.6,409.0,0.08,306.68,234.0,0.25,0.685,92.0,1,26.14,306.94
2766,28.67,57.9,400.0,0.09,312.0,238.06,0.47,0.422,93.4,1,25.39,312.47
2767,30.35,53.8,400.0,0.14,306.68,234.0,0.17,0.422,93.4,1,24.16,306.85
2768,29.59,49.5,965.0,1.0,378.43,288.74,10.22,0.877,90.7,0,22.53,388.65
2769,29.08,48.1,991.0,1.0,346.2,264.15,10.37,0.373,93.6,1,20.62,356.57
2770,28.56,46.2,1005.0,1.0,304.2,232.1,10.71,0.146,94.5,1,18.56,314.91
2771,27.64,42.2,1011.0,1.0,255.29,194.79,10.83,0.014,94.9,1,16.49,266.12
2772,26.45,44.3,947.0,1.0,202.8,154.74,10.31,0.129,94.6,1,14.54,213.11
2773,25.71,41.6,995.0,1.0,255.29,194.79,10.4,-0.294,95.3,1,12.86,265.69
2774,24.85,38.2,977.0,1.0,304.2,232.1,10.89,-0.148,95.1,1,11.55,315.09
2775,25.76,44.0,1016.0,1.0,346.2,264.15,10.78,-0.133,95.1,1,10.71,356.98
2776,24.24,41.3,992.0,1.0,378.43,288.74,10.69,-0.451,95.2,1,10.39,389.12
2777,23.43,40.4,998.0,1.0,398.69,304.2,10.41,-0.285,95.3,1,10.61,409.1
2778,23.79,42.9,978.0,1.0,405.6,309.47,10.34,-0.514,95.2,1,11.37,415.94
2779,23.16,49.9,452.0,0.07,306.68,234.0,0.72,-0.62,95.1,1,12.6,307.41
2780,24.71,53.2,400.0,0.28,291.1,222.11,0.09,-0.766,94.7,0,14.23,291.19
2781,24.11,54.1,400.0,0.2,266.31,203.19,0.54,-0.299,95.3,1,16.14,266.85
2782,25.31,57.2,403.0,0.22,234.0,178.54,0.06,-0.191,95.2,1,18.21,234.06
2783,26.31,59.2,400.0,0.14,196.38,149.83,0.62,0.067,94.7,1,20.29,197.0
2784,26.75,59.5,400.0,0.11,156.0,119.03,0.57,0.177,94.4,1,22.24,156.57
2785,27.38,60.2,400.0,0.24,196.38,149.83,0.06,0.543,92.8,1,23.93,196.44
2786,28.06,61.1,400.0,0.01,234.0,178.54,0.42,0.134,94.5,1,25.24,234.42
2787,28.64,61.2,400.0,0.16,266.31,203.19,0.19,0.425,93.4,1,26.08,266.5
2788,28.86,57.4,450.0,0.02,291.1,222.11,0.8,0.295,94.0,1,26.41,291.9
2789,29.22,58.9,468.0,0.08,306.68,234.0,0.91,0.669,92.1,1,26.19,307.6
2790,30.28,58.3,400.0,0.22,312.0,238.06,0.31,0.315,93.9,1,25.43,312.31
2791,29.39,52.6,400.0,0.23,306.68,234.0,0.03,0.666,92.1,1,24.2,306.71
2792,28.75,49.8,1022.0,1.0,378.43,288.74,10.9,0.286,94.0,1,22.58,389.33
2793,28.4,48.8,971.0,1.0,346.2,264.15,10.84,0.507,93.0,1,20.67,357.05
2794,28.59,44.1,984.0,1.0,304.2,232.1,10.8,0.491,93.1,1,18.61,315.0
2795,27.65,40.6,981.0,1.0,255.29,194.79,10.36,-0.181,95.2,1,16.54,265.64
2796,26.82,43.9,985.0,1.0,202.8,154.74,10.08,-0.269,95.3,1,14.59,212.88
2797,25.63,39.6,989.0,1.0,255.29,194.79,10.97,-0.082,95.1,1,12.91,266.26
2798,25.32,40.0,961.0,1.0,304.2,232.1,10.49,-0.224,95.2,1,11.6,314.69
2799,24.09,39.0,979.0,1.0,346.2,264.15,10.36,-0.412,95.3,1,10.76,356.56
2800,23.8,43.7,1031.0,1.0,378.43,288.74,10.78,-0.528,95.2,1,10.44,389.21
2801,24.11,44.3,999.0,1.0,398.69,304.2,10.67,-0.654,95.0,1,10.66,409.36
2802,23.96,44.1,1004.0,1.0,405.6,309.47,10.04,-0.434,95.3,1,11.42,415.64
2803,23.14,44.6,400.0,0.19,306.68,234.0,0.96,-0.676,95.0,1,12.65,307.64
2804,23.5,48.8,428.0,0.21,291.1,222.11,0.56,-0.36,95.3,1,14.28,291.66
2805,24.45,53.3,400.0,0.16,266.31,203.19,0.19,-0.468,95.2,1,16.19,266.5
2806,25.88,55.0,434.0,0.06,234.0,178.54,0.02,-0.335,95.3,1,18.26,234.02
2807,24.78,56.9,405.0,0.07,196.38,149.83,0.55,0.114,94.6,1,20.34,196.93
2808,26.66,58.8,400.0,0.15,156.0,119.03,0.59,0.191,94.4,1,22.29,156.59
2809,26.6,61.0,400.0,0.06,196.38,149.83,0.1,-0.07,95.0,1,23.98,196.48
2810,27.7,59.9,465.0,0.13,234.0,178.54,0.54,0.075,94.7,1,25.29,234.54
2811,28.45,60.7,424.0,0.04,266.31,203.19,0.43,0.509,93.0,1,26.13,266.74
2812,28.9,56.9,426.0,0.04,291.1,222.11,0.44,0.146,94.5,1,26.46,291.54
2813,29.14,62.5,455.0,0.25,306.68,234.0,0.98,0.774,91.4,0,26.24,307.66
2814,29.51,54.8,407.0,0.16,312.0,238.06,0.3,0.527,92.9,1,25.49,312.3
2815,29.14,53.4,441.0,0.23,306.68,234.0,0.88,0.367,93.7,1,24.26,307.57
2816,28.37,51.6,400.0,0.0,291.1,222.11,0.34,0.435,93.4,1,22.63,291.44
2817,29.01,47.0,422.0,0.09,266.31,203.19,0.18,0.626,92.3,1,20.72,266.49
2818,28.38,45.4,400.0,0.01,234.0,178.54,0.15,-0.176,95.2,1,18.66,234.15
2819,27.7,43.3,400.0,0.0,196.38,149.83,0.94,0.335,93.8,1,16.59,197.32
2820,25.73,39.8,403.0,0.01,156.0,119.03,0.02,0.239,94.2,1,14.64,156.02
2821,25.87,41.4,400.0,0.16,196.38,149.83,0.22,-0.194,95.2,1,12.96,196.59
2822,25.33,36.7,410.0,0.03,234.0,178.54,0.34,-0.264,95.3,1,11.65,234.34
2823,23.86,43.7,400.0,0.24,266.31,203.19,0.66,-0.326,95.3,1,10.81,266.97
2824,23.9,42.7,400.0,0.15,291.1,222.11,0.38,-0.286,95.3,1,10.49,291.48
2825,23.53,43.9,400.0,0.07,306.68,234.0,0.02,-0.629,95.0,1,10.71,306.7
2826,24.41,41.1,400.0,0.25,312.0,238.06,0.52,-0.503,95.2,1,11.47,312.52
2827,24.55,45.4,426.0,0.15,306.68,234.0,0.88,-0.503,95.2,1,12.7,307.57
2828,23.06,52.3,409.0,0.11,291.1,222.11,0.89,-0.297,95.3,1,14.33,291.99
2829,25.61,60.4,443.0,0.17,266.31,203.19,0.99,0.182,94.4,1,16.25,267.3
2830,24.52,57.0,416.0,0.2,234.0,178.54,0.34,-0.397,95.3,1,18.31,234.34
2831,26.19,58.8,400.0,0.17,196.38,149.83,0.12,-0.114,95.1,1,20.39,196.5
2832,26.96,59.5,400.0,0.28,156.0,119.03,0.07,-0.152,95.2,1,22.34,156.07
2833,26.76,57.8,400.0,0.11,196.38,149.83,0.87,0.032,94.8,1,24.03,197.24
2834,28.22,62.0,415.0,0.12,234.0,178.54,0.75,0.035,94.8,1,25.34,234.75
2835,28.54,57.6,402.0,0.26,266.31,203.19,0.63,0.047,94.8,1,26.19,266.94
2836,29.35,56.5,400.0,0.19,291.1,222.11,0.5,0.67,92.1,1,26.51,291.6
2837,29.48,54.8,400.0,0.29,306.68,234.0,0.46,0.554,92.7,1,26.29,307.14
2838,30.07,57.4,414.0,0.24,312.0,238.06,0.49,0.519,92.9,1,25.54,312.49
2839,29.4,52.9,400.0,0.15,306.68,234.0,0.36,0.308,93.9,1,24.31,307.05
2840,28.98,50.7,410.0,0.19,291.1,222.11,0.47,0.418,93.4,1,22.68,291.57
2841,29.13,47.8,400.0,0.12,266.31,203.19,0.21,0.122,94.6,1,20.78,266.52
2842,28.25,43.2,433.0,0.04,234.0,178.54,0.12,0.245,94.2,1,18.72,234.12
2843,27.6,41.9,416.0,0.12,196.38,149.83,0.21,0.196,94.3,1,16.64,196.59
2844,26.13,40.3,449.0,0.08,156.0,119.03,0.97,-0.109,95.1,1,14.7,156.97
2845,25.16,37.7,400.0,0.2,196.38,149.83,0.99,-0.281,95.3,1,13.01,197.37
2846,24.67,39.0,434.0,0.2,234.0,178.54,0.75,-0.348,95.3,1,11.7,234.75
2847,24.02,38.1,428.0,0.28,266.31,203.19,0.84,-0.191,95.2,1,10.86,267.15
2848,24.25,42.3,400.0,0.02,291.1,222.11,0.1,-0.393,95.3,1,10.54,291.2
2849,24.04,43.9,400.0,0.14,306.68,234.0,0.12,-0.804,94.6,0,10.77,306.81
2850,23.37,42.0,400.0,0.12,312.0,238.06,0.09,-0.355,95.3,1,11.52,312.09
2851,24.27,46.4,400.0,0.16,306.68,234.0,0.06,-0.374,95.3,1,12.76,306.75
2852,24.53,53.2,400.0,0.04,291.1,222.11,0.75,-0.396,95.3,1,14.39,291.85
2853,24.45,50.2,400.0,0.15,266.31,203.19,0.06,-0.024,94.9,1,16.3,266.37
2854,24.53,55.4,448.0,0.2,234.0,178.54,0.95,-0.245,95.2,1,18.37,234.95
2855,26.45,56.9,400.0,0.09,196.38,149.83,0.65,-0.043,95.0,1,20.44,197.03
2856,26.41,60.6,404.0,0.2,156.0,119.03,0.17,0.094,94.7,1,22.39,156.17
2857,27.28,60.1,413.0,0.08,196.38,149.83,0.82,0.305,93.9,1,24.08,197.19
2858,27.77,59.1,411.0,0.11,234.0,178.54,0.82,0.205,94.3,1,25.4,234.82
2859,28.11,59.9,413.0,0.27,266.31,203.19,0.56,0.225,94.2,1,26.24,266.87
2860,28.3,59.0,428.0,0.01,291.1,222.11,0.09,0.628,92.3,1,26.57,291.19
2861,29.65,57.2,400.0,0.08,306.68,234.0,0.4,0.667,92.1,1,26.35,307.09
2862,29.04,52.8,403.0,0.28,312.0,238.06,0.55,0.755,91.5,0,25.59,312.55
2863,30.86,55.5,400.0,0.04,306.68,234.0,0.74,0.566,92.7,1,24.36,307.43
2864,28.48,52.6,1039.0,1.0,378.43,288.74,10.3,0.103,94.6,1,22.74,388.73
2865,27.92,45.8,1063.0,1.0,346.2,264.15,10.87,0.386,93.6,1,20.83,357.07
2866,28.18,44.8,964.0,1.0,304.2,232.1,10.25,0.257,94.1,1,18.77,314.45
2867,27.96,42.8,939.0,1.0,255.29,194.79,11.0,0.375,93.6,1,16.7,266.29
2868,26.45,39.3,1017.0,1.0,202.8,154.74,10.12,0.212,94.3,1,14.75,212.92
2869,25.93,36.7,1032.0,1.0,255.29,194.79,10.83,-0.007,94.9,1,13.07,266.12
2870,24.0,38.7,1059.0,1.0,304.2,232.1,10.13,-0.665,95.0,1,11.76,314.33
2871,23.96,39.5,1022.0,1.0,346.2,264.15,10.76,-0.519,95.2,1,10.92,356.96
2872,23.28,38.2,1042.0,1.0,378.43,288.74,10.86,-0.506,95.2,1,10.6,389.29
2873,22.57,43.0,1050.0,1.0,398.69,304.2,10.31,-0.551,95.2,1,10.83,409.0
2874,23.47,46.9,1044.0,1.0,405.6,309.47,10.1,-0.467,95.2,1,11.58,415.7
2875,22.39,48.6,426.0,0.28,306.68,234.0,1.0,-0.187,95.2,1,12.82,307.68
2876,23.15,49.3,400.0,0.29,291.1,222.11,0.97,-0.277,95.3,1,14.45,292.07
2877,24.02,48.4,400.0,0.02,266.31,203.19,0.76,-0.537,95.2,1,16.36,267.07
2878,24.49,56.0,409.0,0.17,234.0,178.54,0.39,-0.416,95.3,1,18.42,234.39
2879,25.82,57.0,400.0,0.25,196.38,149.83,0.13,-0.313,95.3,1,20.5,196.51
2880,26.55,59.3,400.0,0.09,156.0,119.03,0.42,-0.023,94.9,1,22.45,156.42
2881,27.62,63.4,447.0,0.18,196.38,149.83,0.72,0.291,94.0,1,24.14,197.1
2882,28.27,58.3,400.0,0.08,234.0,178.54,0.15,0.443,93.3,1,25.45,234.15
2883,29.09,54.0,424.0,0.04,266.31,203.19,0.02,0.278,94.0,1,26.3,266.33
2884,28.99,56.8,409.0,0.26,291.1,222.11,0.9,0.427,93.4,1,26.63,292.0
2885,29.44,58.4,400.0,0.29,306.68,234.0,0.7,0.818,91.1,0,26.4,307.38
2886,29.65,55.5,400.0,0.02,312.0,238.06,0.69,0.203,94.3,1,25.65,312.69
2887,29.36,50.6,400.0,0.04,306.68,234.0,0.95,0.611,92.4,1,24.42,307.63
2888,28.79,47.6,1015.0,1.0,378.43,288.74,10.52,0.539,92.8,1,22.8,388.95
2889,28.34,47.2,998.0,1.0,346.2,264.15,10.32,0.294,94.0,1,20.89,356.52
2890,27.47,42.9,975.0,1.0,304.2,232.1,10.91,0.246,94.2,1,18.83,315.11
2891,27.37,44.3,944.0,1.0,255.29,194.79,10.99,0.213,94.3,1,16.76,266.27
2892,26.33,40.8,1013.0,1.0,202.8,154.74,10.02,-0.059,95.0,1,14.81,212.82
2893,25.27,39.2,995.0,1.0,255.29,194.79,10.33,-0.257,95.3,1,13.13,265.62
2894,24.54,38.5,979.0,1.0,304.2,232.1,10.36,-0.393,95.3,1,11.82,314.56
2895,23.65,40.8,971.0,1.0,346.2,264.15,10.11,0.019,94.8,1,10.98,356.31
2896,24.26,41.2,993.0,1.0,378.43,288.74,10.22,-0.521,95.2,1,10.66,388.65
2897,23.51,43.0,1014.0,1.0,398.69,304.2,10.02,-0.443,95.3,1,10.89,408.71
2898,22.94,45.0,990.0,1.0,405.6,309.47,10.7,-0.343,95.3,1,11.64,416.3
2899,23.87,46.8,400.0,0.19,306.68,234.0,0.11,-0.525,95.2,1,12.88,306.79
2900,23.49,47.5,400.0,0.07,291.1,222.11,0.89,-0.426,95.3,1,14.51,291.99
2901,23.54,50.7,431.0,0.14,266.31,203.19,0.58,-0.253,95.2,1,16.42,266.89
2902,25.37,53.8,401.0,0.25,234.0,178.54,0.36,-0.42,95.3,1,18.48,234.36
2903,25.32,60.9,402.0,0.08,196.38,149.83,0.81,-0.437,95.3,1,20.56,197.18
2904,26.15,55.7,400.0,0.13,156.0,119.03,0.65,-0.146,95.1,1,22.51,156.65
2905,27.15,58.7,400.0,0.01,196.38,149.83,0.75,0.475,93.2,1,24.2,197.13
2906,28.43,60.2,400.0,0.21,234.0,178.54,0.88,0.135,94.5,1,25.52,234.88
2907,28.48,59.2,400.0,0.11,266.31,203.19,0.81,0.38,93.6,1,26.36,267.12
2908,28.35,61.0,435.0,0.26,291.1,222.11,0.78,0.168,94.4,1,26.69,291.88
2909,29.52,56.8,414.0,0.03,306.68,234.0,0.73,0.751,91.5,0,26.47,307.41
2910,29.11,54.9,402.0,0.23,312.0,238.06,0.38,0.44,93.3,1,25.71,312.38
2911,30.19,54.7,409.0,0.24,306.68,234.0,0.65,0.392,93.6,1,24.49,307.34
2912,28.94,54.1,1010.0,1.0,378.43,288.74,10.57,0.406,93.5,1,22.86,389.0
2913,27.35,50.7,978.0,1.0,346.2,264.15,10.96,0.856,90.8,0,20.95,357.16
2914,28.02,45.1,990.0,1.0,304.2,232.1,10.5,0.338,93.8,1,18.89,314.7
2915,28.09,43.2,986.0,1.0,255.29,194.79,10.22,0.098,94.6,1,16.82,265.51
2916,27.13,41.7,1075.0,1.0,202.8,154.74,10.46,-0.577,95.1,1,14.87,213.26
2917,26.47,40.8,1031.0,1.0,255.29,194.79,10.41,0.141,94.5,1,13.19,265.7
2918,24.32,38.3,1005.0,1.0,304.2,232.1,10.47,-0.389,95.3,1,11.88,314.67
2919,24.67,42.1,1041.0,1.0,346.2,264.15,10.58,-0.524,95.2,1,11.04,356.78
2920,23.37,41.5,1037.0,1.0,378.43,288.74,10.95,-0.586,95.1,1,10.72,389.38
2921,23.54,42.5,959.0,1.0,398.69,304.2,10.28,-0.19,95.2,1,10.95,408.97
2922,22.69,42.1,993.0,1.0,405.6,309.47,10.97,-0.508,95.2,1,11.71,416.57
2923,23.1,47.1,400.0,0.13,306.68,234.0,0.78,-0.787,94.7,0,12.94,307.46
2924,23.39,45.7,418.0,0.12,291.1,222.11,0.18,-0.474,95.2,1,14.57,291.28
2925,24.65,51.0,400.0,0.18,266.31,203.19,0.28,-0.52,95.2,1,16.48,266.59
2926,25.22,53.5,400.0,0.13,234.0,178.54,0.91,-0.178,95.2,1,18.55,234.91
2927,25.68,57.3,400.0,0.07,196.38,149.83,0.8,-0.207,95.2,1,20.63,197.18
2928,25.64,62.2,431.0,0.16,156.0,119.03,0.14,-0.314,95.3,1,22.58,156.14
2929,26.93,60.7,400.0,0.2,196.38,149.83,0.58,0.113,94.6,1,24.27,196.96
2930,27.44,62.9,400.0,0.11,234.0,178.54,0.28,0.239,94.2,1,25.58,234.28
2931,28.87,61.1,400.0,0.08,266.31,203.19,0.63,0.103,94.6,1,26.43,266.94
2932,29.5,61.1,400.0,0.07,291.1,222.11,0.17,0.041,94.8,1,26.75,291.27
2933,29.73,61.1,410.0,0.11,306.68,234.0,0.35,0.539,92.8,1,26.53,307.04
2934,28.93,53.9,410.0,0.07,312.0,238.06,0.39,0.444,93.3,1,25.78,312.39
2935,27.83,51.4,400.0,0.23,306.68,234.0,0.54,0.44,93.3,1,24.55,307.22
2936,28.02,51.8,1034.0,1.0,378.43,288.74,10.24,0.582,92.6,1,22.93,388.67
2937,29.13,47.9,1041.0,1.0,346.2,264.15,10.73,-0.034,95.0,1,21.02,356.93
2938,27.6,45.9,998.0,1.0,304.2,232.1,10.81,0.262,94.1,1,18.96,315.01
2939,26.7,42.8,1008.0,1.0,255.29,194.79,10.64,0.262,94.1,1,16.88,265.93
2940,27.12,40.4,986.0,1.0,202.8,154.74,10.9,-0.037,95.0,1,14.94,213.7
2941,26.15,43.7,1019.0,1.0,255.29,194.79,10.79,-0.413,95.3,1,13.26,266.08
2942,24.8,37.8,964.0,1.0,304.2,232.1,10.04,-0.382,95.3,1,11.95,314.24
2943,24.02,41.6,1054.0,1.0,346.2,264.15,10.08,-0.444,95.3,1,11.11,356.29
2944,23.62,42.2,1034.0,1.0,378.43,288.74,10.66,-0.749,94.8,0,10.79,389.09
2945,23.5,39.4,964.0,1.0,398.69,304.2,10.72,-0.409,95.3,1,11.02,409.41
2946,24.08,42.9,976.0,1.0,405.6,309.47,10.97,-0.499,95.2,1,11.77,416.57
2947,23.59,45.6,413.0,0.13,306.68,234.0,0.0,-0.612,95.1,1,13.01,306.69
2948,24.04,50.7,400.0,0.25,291.1,222.11,0.24,-0.236,95.2,1,14.64,291.34
2949,24.74,51.4,416.0,0.24,266.31,203.19,0.83,-0.458,95.2,1,16.55,267.14
2950,24.19,54.4,400.0,0.19,234.0,178.54,0.89,0.046,94.8,1,18.61,234.89
2951,25.87,53.8,446.0,0.0,196.38,149.83,0.46,-0.183,95.2,1,20.69,196.84
2952,26.12,63.1,400.0,0.1,156.0,119.03,0.48,-0.191,95.2,1,22.64,156.48
2953,25.79,59.7,473.0,0.26,196.38,149.83,0.85,-0.055,95.0,1,24.33,197.23
2954,26.7,61.0,418.0,0.22,234.0,178.54,0.46,0.268,94.1,1,25.65,234.46
2955,27.88,58.7,400.0,0.24,266.31,203.19,0.79,0.139,94.5,1,26.49,267.1
2956,29.13,57.6,463.0,0.02,291.1,222.11,0.95,0.462,93.2,1,26.82,292.05
2957,29.22,61.2,433.0,0.28,306.68,234.0,0.26,0.403,93.5,1,26.6,306.95
2958,29.35,51.6,411.0,0.07,312.0,238.06,0.27,0.415,93.4,1,25.85,312.27
2959,30.13,53.6,419.0,0.1,306.68,234.0,0.94,0.475,93.2,1,24.62,307.62
2960,28.22,48.0,964.0,1.0,378.43,288.74,10.42,0.634,92.3,1,22.99,388.85
2961,28.36,47.1,946.0,1.0,346.2,264.15,10.02,0.245,94.2,1,21.09,356.22
2962,27.91,44.1,999.0,1.0,304.2,232.1,10.5,0.287,94.0,1,19.03,314.7
2963,26.66,41.3,1041.0,1.0,255.29,194.79,10.62,0.218,94.3,1,16.95,265.91
2964,26.26,41.7,1012.0,1.0,202.8,154.74,10.24,-0.242,95.2,1,15.01,213.04
2965,24.67,35.3,1051.0,1.0,255.29,194.79,10.73,-0.025,94.9,1,13.32,266.02
2966,25.45,39.4,1040.0,1.0,304.2,232.1,10.23,-0.087,95.1,1,12.02,314.43
2967,23.78,40.0,1001.0,1.0,346.2,264.15,10.12,-0.16,95.2,1,11.18,356.32
2968,24.66,38.4,1036.0,1.0,378.43,288.74,10.25,-0.655,95.0,1,10.86,388.68
2969,23.33,45.6,1046.0,1.0,398.69,304.2,10.53,-0.691,94.9,1,11.08,409.22
2970,23.75,43.4,998.0,1.0,405.6,309.47,10.86,-0.511,95.2,1,11.84,416.46
2971,23.31,46.5,400.0,0.22,306.68,234.0,0.53,-0.505,95.2,1,13.07,307.21
2972,23.62,48.3,404.0,0.12,291.1,222.11,0.85,-0.429,95.3,1,14.7,291.95
2973,23.82,52.0,400.0,0.1,266.31,203.19,0.06,-0.425,95.3,1,16.62,266.37
2974,24.79,57.2,408.0,0.01,234.0,178.54,0.37,-0.213,95.2,1,18.68,234.37
2975,25.61,61.7,422.0,0.08,196.38,149.83,0.44,-0.64,95.0,1,20.76,196.81
2976,25.83,59.9,404.0,0.05,156.0,119.03,0.8,0.132,94.5,1,22.71,156.8
2977,26.94,61.7,410.0,0.08,196.38,149.83,0.61,0.424,93.4,1,24.4,196.99
2978,27.42,63.4,400.0,0.09,234.0,178.54,0.79,0.139,94.5,1,25.72,234.79
2979,29.49,60.3,400.0,0.26,266.31,203.19,0.34,0.394,93.5,1,26.56,266.65
2980,28.77,62.0,450.0,0.06,291.1,222.11,0.93,0.769,91.4,0,26.89,292.03
2981,29.89,59.0,400.0,0.25,306.68,234.0,0.81,0.49,93.1,1,26.67,307.5
2982,29.12,55.7,400.0,0.26,312.0,238.06,0.92,0.561,92.7,1,25.92,312.92
2983,29.24,53.7,441.0,0.14,306.68,234.0,0.26,0.851,90.8,0,24.69,306.95
2984,28.15,46.8,429.0,0.22,291.1,222.11,0.01,0.84,90.9,0,23.06,291.11
2985,28.11,48.5,408.0,0.1,266.31,203.19,0.62,0.141,94.5,1,21.16,266.92
2986,27.81,42.3,423.0,0.01,234.0,178.54,0.49,0.168,94.4,1,19.1,234.49
2987,27.77,40.0,400.0,0.21,196.38,149.83,0.78,0.308,93.9,1,17.02,197.15
2988,26.31,42.0,400.0,0.18,156.0,119.03,0.1,0.099,94.6,1,15.08,156.1
2989,26.12,38.2,439.0,0.14,196.38,149.83,0.6,0.012,94.9,1,13.39,196.97
2990,25.02,40.0,400.0,0.27,234.0,178.54,0.2,-0.774,94.7,0,12.09,234.2
2991,24.89,40.5,400.0,0.22,266.31,203.19,0.51,-0.744,94.8,0,11.25,266.82
2992,23.57,41.5,402.0,0.13,291.1,222.11,0.16,-0.076,95.0,1,10.93,291.26
2993,24.49,40.8,403.0,0.02,306.68,234.0,0.91,-0.328,95.3,1,11.15,307.6
2994,22.95,46.4,419.0,0.26,312.0,238.06,0.18,-0.429,95.3,1,11.91,312.18
2995,22.91,46.8,400.0,0.3,306.68,234.0,0.58,-0.731,94.8,0,13.15,307.26
2996,22.98,50.4,400.0,0.19,291.1,222.11,0.01,-0.516,95.2,1,14.78,291.11
2997,25.23,49.7,428.0,0.23,266.31,203.19,0.16,-0.24,95.2,1,16.69,266.47
2998,25.09,54.2,400.0,0.15,234.0,178.54,0.5,-0.527,95.2,1,18.76,234.5
2999,25.24,58.9,400.0,0.07,196.38,149.83,0.04,-0.27,95.3,1,20.83,196.42
3000,26.8,60.4,400.0,0.27,156.0,119.03,0.54,0.075,94.7,1,22.79,156.54
3001,27.3,57.9,431.0,0.21,196.38,149.83,0.18,0.247,94.2,1,24.47,196.56
3002,28.66,58.9,411.0,0.16,234.0,178.54,0.73,0.145,94.5,1,25.79,234.73
3003,27.52,57.8,409.0,0.2,266.31,203.19,0.87,0.55,92.8,1,26.64,267.18
3004,28.64,57.6,409.0,0.15,291.1,222.11,0.76,0.623,92.3,1,26.96,291.86
3005,28.84,54.6,400.0,0.02,306.68,234.0,0.06,0.124,94.6,1,26.74,306.75
3006,28.18,55.1,400.0,0.2,312.0,238.06,0.5,0.828,91.0,0,25.99,312.5
3007,29.59,54.3,400.0,0.0,306.68,234.0,0.11,0.716,91.8,0,24.76,306.8
3008,28.63,48.9,400.0,0.07,291.1,222.11,0.41,0.474,93.2,1,23.14,291.51
3009,28.65,47.7,400.0,0.05,266.31,203.19,0.84,0.326,93.8,1,21.23,267.15
3010,28.84,45.0,407.0,0.1,234.0,178.54,0.04,0.408,93.5,1,19.17,234.04
3011,26.76,45.4,430.0,0.27,196.38,149.83,0.25,0.236,94.2,1,17.1,196.63
3012,25.95,40.4,400.0,0.02,156.0,119.03,0.83,-0.054,95.0,1,15.15,156.83
3013,25.44,39.3,400.0,0.11,196.38,149.83,0.41,0.192,94.4,1,13.47,196.78
3014,25.15,38.3,421.0,0.23,234.0,178.54,0.24,-0.671,95.0,1,12.16,234.24
3015,23.75,38.0,400.0,0.26,266.31,203.19,0.95,-0.487,95.2,1,11.32,267.26
3016,23.23,42.2,400.0,0.22,291.1,222.11,0.16,-0.343,95.3,1,11.0,291.26
3017,23.78,42.3,414.0,0.29,306.68,234.0,0.79,-0.493,95.2,1,11.23,307.47
3018,23.33,44.7,400.0,0.21,312.0,238.06,0.18,-0.36,95.3,1,11.98,312.18
3019,22.22,49.5,420.0,0.22,306.68,234.0,0.96,-0.762,94.8,0,13.22,307.65
3020,22.93,52.2,403.0,0.13,291.1,222.11,0.79,-0.484,95.2,1,14.85,291.89
3021,24.77,48.8,400.0,0.09,266.31,203.19,0.28,-0.123,95.1,1,16.76,266.59
3022,24.84,55.9,400.0,0.14,234.0,178.54,0.98,-0.549,95.2,1,18.83,234.98
3023,24.98,57.2,407.0,0.23,196.38,149.83,0.11,-0.178,95.2,1,20.91,196.49
3024,26.05,57.5,403.0,0.2,156.0,119.03,0.86,-0.106,95.1,1,22.86,156.86
3025,26.91,60.2,400.0,0.23,196.38,149.83,0.7,0.202,94.3,1,24.55,197.08
3026,28.0,56.5,417.0,0.19,234.0,178.54,0.17,0.329,93.8,1,25.86,234.17
3027,27.57,62.7,438.0,0.22,266.31,203.19,0.55,0.373,93.6,1,26.71,266.86
3028,28.3,59.9,400.0,0.05,291.1,222.11,0.01,0.375,93.6,1,27.03,291.11
3029,29.16,55.7,400.0,0.1,306.68,234.0,0.57,0.496,93.1,1,26.81,307.26
3030,29.07,54.2,400.0,0.17,312.0,238.06,0.58,0.467,93.2,1,26.06,312.58
3031,29.3,49.6,400.0,0.0,306.68,234.0,0.41,0.476,93.1,1,24.84,307.09
3032,28.1,49.8,1060.0,1.0,378.43,288.74,10.82,0.724,91.7,0,23.21,389.25
3033,28.41,46.9,987.0,1.0,346.2,264.15,10.93,0.113,94.6,1,21.31,357.13
3034,28.16,42.8,974.0,1.0,304.2,232.1,10.53,0.318,93.9,1,19.25,314.73
3035,27.13,44.8,966.0,1.0,255.29,194.79,10.67,-0.059,95.0,1,17.17,265.96
3036,26.18,44.1,988.0,1.0,202.8,154.74,10.15,0.391,93.6,1,15.23,212.95
3037,25.28,40.4,979.0,1.0,255.29,194.79,11.0,-0.112,95.1,1,13.54,266.29
3038,24.19,39.4,1043.0,1.0,304.2,232.1,10.86,-0.504,95.2,1,12.24,315.06
3039,23.94,41.1,963.0,1.0,346.2,264.15,10.95,-0.4,95.3,1,11.4,357.15
3040,24.13,41.1,954.0,1.0,378.43,288.74,10.78,-0.725,94.8,0,11.08,389.21
3041,23.14,40.4,1017.0,1.0,398.69,304.2,10.32,-0.61,95.1,1,11.3,409.01
3042,22.65,43.3,997.0,1.0,405.6,309.47,10.22,-0.377,95.3,1,12.06,415.82
3043,22.95,46.4,400.0,0.06,306.68,234.0,0.51,-0.211,95.2,1,13.3,307.2
3044,23.59,50.0,417.0,0.17,291.1,222.11,0.08,-0.217,95.2,1,14.93,291.18
3045,23.78,52.1,404.0,0.13,266.31,203.19,0.55,-0.375,95.3,1,16.84,266.86
3046,24.83,55.0,400.0,0.02,234.0,178.54,0.37,-0.136,95.1,1,18.91,234.37
3047,25.57,53.7,400.0,0.22,196.38,149.83,0.73,0.032,94.8,1,20.99,197.1
3048,26.53,59.7,400.0,0.17,156.0,119.03,0.63,0.45,93.3,1,22.94,156.63
3049,27.57,59.5,400.0,0.28,196.38,149.83,0.25,0.009,94.9,1,24.63,196.62
3050,28.08,65.1,400.0,0.24,234.0,178.54,0.73,0.552,92.7,1,25.94,234.73
3051,27.73,59.0,408.0,0.17,266.31,203.19,0.31,0.135,94.5,1,26.79,266.62
3052,28.22,59.5,400.0,0.01,291.1,222.11,0.25,0.669,92.1,1,27.11,291.35
3053,28.93,63.1,400.0,0.23,306.68,234.0,0.42,0.359,93.7,1,26.89,307.1
3054,28.84,55.8,400.0,0.16,312.0,238.06,0.16,0.363,93.7,1,26.14,312.16
3055,28.4,52.9,400.0,0.25,306.68,234.0,0.33,0.426,93.4,1,24.91,307.01
3056,28.44,48.5,1012.0,1.0,378.43,288.74,10.26,0.278,94.0,1,23.29,388.69
3057,27.95,50.9,990.0,1.0,346.2,264.15,10.02,0.439,93.3,1,21.38,356.22
3058,27.23,43.1,980.0,1.0,304.2,232.1,10.3,0.495,93.1,1,19.32,314.5
3059,26.68,44.1,1037.0,1.0,255.29,194.79,10.47,-0.293,95.3,1,17.25,265.76
3060,26.65,40.6,990.0,1.0,202.8,154.74,10.83,-0.035,95.0,1,15.31,213.63
3061,25.38,40.1,1043.0,1.0,255.29,194.79,10.18,-0.347,95.3,1,13.62,265.47
3062,25.79,37.2,990.0,1.0,304.2,232.1,10.33,-0.069,95.0,1,12.32,314.53
3063,24.02,42.9,1000.0,1.0,346.2,264.15,10.03,-0.069,95.0,1,11.47,356.23
3064,23.31,40.6,996.0,1.0,378.43,288.74,10.08,-0.468,95.2,1,11.16,388.51
3065,23.15,40.2,1007.0,1.0,398.69,304.2,10.36,-0.624,95.0,1,11.38,409.05
3066,23.17,47.1,987.0,1.0,405.6,309.47,10.5,-0.823,94.6,0,12.14,416.1
3067,23.36,46.0,403.0,0.06,306.68,234.0,0.75,-0.093,95.1,1,13.38,307.43
3068,24.48,50.2,446.0,0.27,291.1,222.11,0.76,-0.169,95.2,1,15.01,291.86
3069,23.49,53.8,431.0,0.06,266.31,203.19,0.91,-0.749,94.8,0,16.92,267.22
3070,24.97,55.5,432.0,0.2,234.0,178.54,0.91,-0.119,95.1,1,18.99,234.91
3071,25.36,52.3,400.0,0.24,196.38,149.83,0.1,-0.352,95.3,1,21.07,196.48
3072,25.25,59.8,400.0,0.24,156.0,119.03,0.11,-0.102,95.1,1,23.02,156.11
3073,27.19,59.3,407.0,0.0,196.38,149.83,0.5,-0.12,95.1,1,24.71,196.87
3074,28.16,59.3,423.0,0.0,234.0,178.54,0.59,-0.15,95.2,1,26.02,234.59
3075,27.72,59.6,400.0,0.3,266.31,203.19,0.6,0.344,93.8,1,26.87,266.91
3076,28.62,55.7,400.0,0.16,291.1,222.11,0.49,0.812,91.1,0,27.19,291.59
3077,28.06,57.8,442.0,0.02,306.68,234.0,0.98,0.298,94.0,1,26.97,307.67
3078,28.39,52.7,421.0,0.01,312.0,238.06,0.51,0.678,92.0,1,26.22,312.51
3079,29.44,52.5,432.0,0.24,306.68,234.0,0.94,0.693,91.9,1,24.99,307.62
3080,28.38,50.8,987.0,1.0,378.43,288.74,10.99,0.577,92.6,1,23.37,389.42
3081,27.58,50.0,984.0,1.0,346.2,264.15,10.44,0.753,91.5,0,21.46,356.65
3082,27.63,43.8,1028.0,1.0,304.2,232.1,10.13,0.441,93.3,1,19.4,314.33
3083,26.52,46.2,992.0,1.0,255.29,194.79,10.33,0.49,93.1,1,17.33,265.61
3084,25.77,43.5,982.0,1.0,202.8,154.74,10.36,-0.229,95.2,1,15.39,213.16
3085,25.6,39.6,973.0,1.0,255.29,194.79,10.89,0.02,94.8,1,13.7,266.18
3086,23.92,37.8,985.0,1.0,304.2,232.1,10.96,0.052,94.8,1,12.4,315.16
3087,23.43,37.3,1026.0,1.0,346.2,264.15,10.17,-0.508,95.2,1,11.56,356.37
3088,23.48,41.7,955.0,1.0,378.43,288.74,10.02,-1.13,93.4,0,11.24,388.45
3089,23.58,41.1,1019.0,1.0,398.69,304.2,10.83,-0.736,94.8,0,11.47,409.52
3090,23.61,47.0,979.0,1.0,405.6,309.47,10.56,-0.645,95.0,1,12.22,416.16
3091,22.76,45.6,400.0,0.21,306.68,234.0,0.75,-0.371,95.3,1,13.46,307.44
3092,23.86,47.7,400.0,0.15,291.1,222.11,0.33,-0.546,95.2,1,15.09,291.43
3093,23.47,52.6,400.0,0.2,266.31,203.19,0.16,-0.353,95.3,1,17.0,266.47
3094,25.4,53.2,400.0,0.06,234.0,178.54,0.26,-0.371,95.3,1,19.07,234.26
3095,24.64,56.7,400.0,0.12,196.38,149.83,0.05,-0.155,95.2,1,21.15,196.42
3096,26.65,60.4,400.0,0.16,156.0,119.03,0.39,-0.013,94.9,1,23.1,156.39
3097,26.43,59.8,440.0,0.17,196.38,149.83,0.1,0.003,94.9,1,24.79,196.47
3098,28.48,60.2,401.0,0.06,234.0,178.54,0.46,0.414,93.5,1,26.1,234.46
3099,28.39,60.2,400.0,0.24,266.31,203.19,0.8,0.63,92.3,1,26.95,267.11
3100,28.06,55.5,400.0,0.03,291.1,222.11,0.05,0.203,94.3,1,27.28,291.15
3101,28.61,58.2,400.0,0.03,306.68,234.0,0.9,0.526,92.9,1,27.06,307.58
3102,29.36,55.7,400.0,0.07,312.0,238.06,0.12,0.214,94.3,1,26.31,312.12
3103,29.39,54.8,423.0,0.2,306.68,234.0,0.66,0.132,94.5,1,25.08,307.34
3104,28.53,51.7,977.0,1.0,378.43,288.74,10.24,0.64,92.2,1,23.45,388.67
3105,28.1,47.5,933.0,1.0,346.2,264.15,10.84,0.755,91.5,0,21.55,357.05
3106,27.84,47.5,1002.0,1.0,304.2,232.1,10.01,0.184,94.4,1,19.49,314.21
3107,26.8,42.7,992.0,1.0,255.29,194.79,10.42,0.496,93.0,1,17.42,265.71
3108,25.31,42.1,982.0,1.0,202.8,154.74,10.96,-0.13,95.1,1,15.47,213.76
3109,24.77,39.9,1027.0,1.0,255.29,194.79,10.11,-0.176,95.2,1,13.79,265.4
3110,24.57,40.9,918.0,1.0,304.2,232.1,10.76,0.084,94.7,1,12.48,314.96
3111,24.43,39.5,1047.0,1.0,346.2,264.15,10.73,-0.536,95.2,1,11.64,356.93
3112,24.16,44.4,1032.0,1.0,378.43,288.74,10.32,-0.25,95.2,1,11.32,388.75
3113,23.44,46.6,981.0,1.0,398.69,304.2,10.06,-0.553,95.2,1,11.55,408.75
3114,23.09,46.3,986.0,1.0,405.6,309.47,10.83,-0.644,95.0,1,12.31,416.43
3115,23.42,50.0,415.0,0.23,306.68,234.0,0.9,-0.585,95.1,1,13.54,307.59
3116,23.01,46.4,416.0,0.1,291.1,222.11,0.13,-0.867,94.5,0,15.17,291.23
3117,23.74,49.3,400.0,0.29,266.31,203.19,0.85,-0.101,95.1,1,17.09,267.16
3118,24.02,53.9,400.0,0.14,234.0,178.54,0.83,-0.205,95.2,1,19.15,234.83
3119,24.53,56.8,463.0,0.11,196.38,149.83,0.58,-0.159,95.2,1,21.23,196.95
3120,26.1,58.0,429.0,0.28,156.0,119.03,0.78,-0.139,95.1,1,23.18,156.78
3121,26.8,56.2,405.0,0.22,196.38,149.83,0.04,0.192,94.4,1,24.87,196.42
3122,27.77,62.3,405.0,0.16,234.0,178.54,0.5,0.427,93.4,1,26.19,234.5
3123,28.32,64.1,419.0,0.18,266.31,203.19,0.97,0.299,94.0,1,27.04,267.28
3124,28.64,61.4,422.0,0.29,291.1,222.11,0.78,0.626,92.3,1,27.36,291.88
3125,29.09,59.6,400.0,0.05,306.68,234.0,0.27,0.538,92.8,1,27.14,306.95
3126,28.89,55.9,400.0,0.1,312.0,238.06,0.62,0.481,93.1,1,26.39,312.62
3127,29.02,51.4,400.0,0.13,306.68,234.0,0.21,0.665,92.1,1,25.16,306.9
3128,28.15,50.6,995.0,1.0,378.43,288.74,10.22,0.331,93.8,1,23.54,388.65
3129,28.21,52.1,1023.0,1.0,346.2,264.15,10.19,0.103,94.6,1,21.63,356.39
3130,27.74,44.7,946.0,1.0,304.2,232.1,10.19,0.239,94.2,1,19.57,314.39
3131,26.35,42.4,960.0,1.0,255.29,194.79,10.5,0.136,94.5,1,17.5,265.79
3132,25.93,43.8,980.0,1.0,202.8,154.74,10.31,-0.044,95.0,1,15.56,213.11
3133,24.81,42.8,1005.0,1.0,255.29,194.79,10.78,0.109,94.6,1,13.87,266.07
3134,24.13,38.3,1025.0,1.0,304.2,232.1,10.89,-0.15,95.2,1,12.57,315.09
3135,23.21,39.7,1049.0,1.0,346.2,264.15,10.49,-0.377,95.3,1,11.73,356.69
3136,23.93,40.1,991.0,1.0,378.43,288.74,10.19,-0.434,95.3,1,11.41,388.62
3137,23.53,42.7,1025.0,1.0,398.69,304.2,11.0,-0.467,95.2,1,11.64,409.69
3138,23.16,46.8,1021.0,1.0,405.6,309.47,10.05,-0.395,95.3,1,12.39,415.65
3139,23.97,45.4,416.0,0.03,306.68,234.0,0.55,-0.472,95.2,1,13.63,307.23
3140,23.19,51.7,400.0,0.17,291.1,222.11,0.22,-0.464,95.2,1,15.26,291.32
3141,25.28,52.3,400.0,0.18,266.31,203.19,0.94,-0.62,95.1,1,17.17,267.25
3142,24.27,59.2,400.0,0.07,234.0,178.54,0.32,-0.392,95.3,1,19.24,234.32
3143,25.23,57.4,400.0,0.01,196.38,149.83,0.96,-0.074,95.0,1,21.32,197.33
3144,25.68,58.2,410.0,0.16,156.0,119.03,0.97,0.038,94.8,1,23.27,156.97
3145,26.83,60.7,400.0,0.15,196.38,149.83,0.94,-0.168,95.2,1,24.96,197.32
3146,27.79,59.3,400.0,0.2,234.0,178.54,0.79,0.138,94.5,1,26.28,234.79
3147,27.93,56.2,420.0,0.06,266.31,203.19,0.74,0.168,94.4,1,27.12,267.05
3148,29.35,58.4,400.0,0.05,291.1,222.11,0.95,0.706,91.8,0,27.45,292.05
3149,28.88,56.9,400.0,0.29,306.68,234.0,0.22,0.533,92.9,1,27.23,306.91
3150,29.0,52.2,400.0,0.03,312.0,238.06,0.81,0.586,92.6,1,26.48,312.81
3151,28.3,52.9,425.0,0.3,306.68,234.0,0.11,0.47,93.2,1,25.25,306.8
3152,28.66,46.3,400.0,0.22,291.1,222.11,0.36,0.308,93.9,1,23.63,291.46
3153,27.91,47.2,406.0,0.19,266.31,203.19,0.4,0.264,94.1,1,21.72,266.71
3154,27.05,45.9,400.0,0.1,234.0,178.54,1.0,0.349,93.8,1,19.66,235.0
3155,26.24,43.5,400.0,0.26,196.38,149.83,0.32,0.077,94.7,1,17.59,196.7
3156,27.18,40.8,400.0,0.27,156.0,119.03,0.55,0.101,94.6,1,15.65,156.55
3157,24.94,40.3,400.0,0.22,196.38,149.83,0.63,-0.101,95.1,1,13.96,197.01
3158,23.61,38.4,403.0,0.21,234.0,178.54,0.68,-0.191,95.2,1,12.66,234.68
3159,23.37,40.3,400.0,0.15,266.31,203.19,0.12,-0.284,95.3,1,11.82,266.43
3160,23.21,41.2,432.0,0.02,291.1,222.11,0.56,-0.538,95.2,1,11.5,291.66
3161,23.21,40.8,400.0,0.3,306.68,234.0,0.63,-0.545,95.2,1,11.73,307.32
3162,23.11,45.1,400.0,0.0,312.0,238.06,0.9,-0.318,95.3,1,12.48,312.9
3163,23.27,47.5,435.0,0.15,306.68,234.0,0.96,-0.118,95.1,1,13.72,307.64
3164,22.91,49.2,400.0,0.11,291.1,222.11,0.24,-0.249,95.2,1,15.35,291.33
3165,23.88,57.0,400.0,0.23,266.31,203.19,0.21,-0.911,94.3,0,17.26,266.52
3166,23.89,54.3,400.0,0.22,234.0,178.54,0.68,-0.402,95.3,1,19.33,234.68
3167,24.74,56.2,439.0,0.19,196.38,149.83,0.49,-0.106,95.1,1,21.41,196.87
3168,25.36,57.6,456.0,0.02,156.0,119.03,0.74,-0.22,95.2,1,23.36,156.74
3169,26.0,57.6,400.0,0.07,196.38,149.83,0.85,-0.1,95.1,1,25.05,197.22
3170,27.85,61.4,400.0,0.03,234.0,178.54,0.01,0.166,94.4,1,26.37,234.01
3171,28.28,58.4,402.0,0.29,266.31,203.19,0.88,0.423,93.4,1,27.21,267.19
3172,28.9,57.8,400.0,0.04,291.1,222.11,0.27,0.557,92.7,1,27.54,291.37
3173,28.73,56.3,400.0,0.29,306.68,234.0,0.97,0.409,93.5,1,27.32,307.65
3174,29.19,53.4,400.0,0.03,312.0,238.06,0.43,0.411,93.5,1,26.57,312.43
3175,27.82,49.5,412.0,0.26,306.68,234.0,0.85,0.314,93.9,1,25.34,307.54
3176,28.83,49.5,400.0,0.17,291.1,222.11,0.2,0.534,92.8,1,23.72,291.3
3177,28.01,49.6,406.0,0.25,266.31,203.19,0.53,0.442,93.3,1,21.81,266.83
3178,27.61,45.8,400.0,0.19,234.0,178.54,0.06,0.431,93.4,1,19.75,234.06
3179,26.76,46.4,400.0,0.23,196.38,149.83,0.73,0.155,94.5,1,17.68,197.11
3180,25.3,43.1,400.0,0.22,156.0,119.03,0.94,-0.262,95.3,1,15.74,156.94
3181,24.26,41.5,400.0,0.08,196.38,149.83,0.84,-0.199,95.2,1,14.05,197.22
3182,23.93,43.8,400.0,0.28,234.0,178.54,0.68,-0.079,95.0,1,12.75,234.68
3183,23.95,40.0,428.0,0.19,266.31,203.19,0.12,-0.701,94.9,0,11.91,266.43
3184,23.53,41.2,400.0,0.06,291.1,222.11,0.98,-0.45,95.2,1,11.59,292.08
3185,22.2,42.6,404.0,0.09,306.68,234.0,0.34,-0.426,95.3,1,11.82,307.03
3186,22.29,47.7,400.0,0.16,312.0,238.06,0.63,-0.099,95.1,1,12.58,312.63
3187,22.52,47.0,400.0,0.26,306.68,234.0,0.27,-0.603,95.1,1,13.81,306.96
3188,23.0,48.2,400.0,0.24,291.1,222.11,0.83,-0.457,95.2,1,15.44,291.93
3189,22.97,53.3,400.0,0.09,266.31,203.19,0.38,-0.016,94.9,1,17.36,266.69
3190,23.56,53.0,408.0,0.21,234.0,178.54,0.39,-0.368,95.3,1,19.42,234.39
3191,24.58,57.8,400.0,0.0,196.38,149.83,0.0,0.086,94.7,1,21.5,196.38
3192,25.81,59.2,400.0,0.1,156.0,119.03,0.58,0.079,94.7,1,23.45,156.58
3193,25.95,59.1,400.0,0.25,196.38,149.83,0.25,0.085,94.7,1,25.15,196.63
3194,27.2,61.1,400.0,0.05,234.0,178.54,0.92,0.34,93.8,1,26.46,234.92
3195,28.41,56.8,423.0,0.11,266.31,203.19,0.78,0.324,93.9,1,27.31,267.09
3196,27.7,59.2,422.0,0.0,291.1,222.11,0.95,0.885,90.6,0,27.63,292.05
3197,28.55,56.5,400.0,0.01,306.68,234.0,0.39,0.07,94.7,1,27.41,307.07
3198,29.26,61.1,400.0,0.04,312.0,238.06,0.66,0.444,93.3,1,26.66,312.66
3199,28.44,53.4,408.0,0.03,306.68,234.0,0.45,0.432,93.4,1,25.44,307.14
3200,28.06,49.3,1013.0,1.0,378.43,288.74,10.91,0.406,93.5,1,23.81,389.34
3201,28.45,45.1,1050.0,1.0,346.2,264.15,10.32,0.57,92.6,1,21.91,356.53
3202,27.09,48.0,999.0,1.0,304.2,232.1,10.33,0.161,94.5,1,19.85,314.53
3203,27.07,42.6,1035.0,1.0,255.29,194.79,10.37,0.228,94.2,1,17.78,265.65
3204,25.95,40.0,965.0,1.0,202.8,154.74,10.5,0.046,94.8,1,15.83,213.3
3205,24.78,41.1,981.0,1.0,255.29,194.79,10.89,0.038,94.8,1,14.15,266.18
3206,24.47,41.3,936.0,1.0,304.2,232.1,10.21,-0.277,95.3,1,12.84,314.41
3207,23.77,41.5,1005.0,1.0,346.2,264.15,10.65,-0.289,95.3,1,12.0,356.85
3208,23.64,41.2,1019.0,1.0,378.43,288.74,10.31,-0.458,95.2,1,11.68,388.74
3209,22.55,42.9,923.0,1.0,398.69,304.2,10.08,-0.68,94.9,1,11.91,408.77
3210,22.74,45.1,1006.0,1.0,405.6,309.47,10.95,-0.18,95.2,1,12.67,416.55
3211,22.79,47.6,418.0,0.02,306.68,234.0,0.79,-0.635,95.0,1,13.91,307.47
3212,23.47,50.4,416.0,0.05,291.1,222.11,0.95,-0.529,95.2,1,15.54,292.05
3213,23.08,54.3,400.0,0.19,266.31,203.19,0.4,-0.525,95.2,1,17.45,266.71
3214,24.72,54.7,423.0,0.03,234.0,178.54,0.76,-0.17,95.2,1,19.52,234.76
3215,25.17,55.1,400.0,0.16,196.38,149.83,0.65,-0.225,95.2,1,21.6,197.03
3216,25.05,58.1,418.0,0.18,156.0,119.03,0.62,0.303,93.9,1,23.55,156.62
3217,27.08,61.0,400.0,0.21,196.38,149.83,0.04,0.236,94.2,1,25.24,196.42
3218,28.32,56.4,411.0,0.04,234.0,178.54,0.07,0.195,94.3,1,26.55,234.07
3219,28.32,56.2,433.0,0.14,266.31,203.19,0.2,0.172,94.4,1,27.4,266.5
3220,29.01,60.7,400.0,0.14,291.1,222.11,0.75,0.411,93.5,1,27.73,291.85
3221,28.63,60.4,409.0,0.25,306.68,234.0,0.8,0.587,92.6,1,27.51,307.48
3222,27.86,52.9,437.0,0.14,312.0,238.06,0.65,0.491,93.1,1,26.76,312.65
3223,27.66,53.2,400.0,0.12,306.68,234.0,0.19,0.455,93.3,1,25.53,306.88
3224,28.41,49.7,966.0,1.0,378.43,288.74,10.78,0.229,94.2,1,23.91,389.21
3225,27.51,47.3,1020.0,1.0,346.2,264.15,10.11,0.802,91.2,0,22.0,356.31
3226,26.72,46.0,1043.0,1.0,304.2,232.1,10.89,0.21,94.3,1,19.94,315.09
3227,26.42,40.7,1039.0,1.0,255.29,194.79,10.38,-0.145,95.1,1,17.87,265.67
3228,25.98,39.4,1021.0,1.0,202.8,154.74,10.73,-0.215,95.2,1,15.93,213.53
3229,24.17,39.9,930.0,1.0,255.29,194.79,10.17,-0.198,95.2,1,14.25,265.46
3230,23.95,39.7,981.0,1.0,304.2,232.1,10.31,0.139,94.5,1,12.94,314.51
3231,24.3,38.0,982.0,1.0,346.2,264.15,10.5,-0.388,95.3,1,12.1,356.7
3232,22.53,42.7,1001.0,1.0,378.43,288.74,10.5,-0.508,95.2,1,11.78,388.93
3233,23.2,41.8,1051.0,1.0,398.69,304.2,10.1,-0.314,95.3,1,12.01,408.79
3234,22.42,43.8,968.0,1.0,405.6,309.47,10.55,-0.316,95.3,1,12.77,416.15
3235,23.04,47.5,467.0,0.29,306.68,234.0,0.08,-0.351,95.3,1,14.0,306.76
3236,23.61,49.3,400.0,0.15,291.1,222.11,0.92,-0.393,95.3,1,15.63,292.02
3237,23.9,53.8,400.0,0.29,266.31,203.19,0.42,-0.574,95.1,1,17.55,266.73
3238,24.61,52.7,425.0,0.04,234.0,178.54,0.44,-0.4,95.3,1,19.62,234.44
3239,24.3,53.9,428.0,0.18,196.38,149.83,0.58,-0.448,95.3,1,21.7,196.95
3240,26.2,57.8,419.0,0.15,156.0,119.03,0.78,-0.045,95.0,1,23.65,156.78
3241,26.0,59.6,400.0,0.0,196.38,149.83,0.07,0.044,94.8,1,25.34,196.45
3242,27.27,57.5,415.0,0.06,234.0,178.54,0.7,0.144,94.5,1,26.65,234.7
3243,27.89,57.0,400.0,0.05,266.31,203.19,0.91,0.409,93.5,1,27.5,267.22
3244,28.48,59.3,400.0,0.02,291.1,222.11,0.44,0.302,93.9,1,27.83,291.54
3245,28.7,55.9,400.0,0.28,306.68,234.0,0.01,0.415,93.5,1,27.61,306.7
3246,28.21,52.5,400.0,0.29,312.0,238.06,0.25,0.403,93.5,1,26.86,312.25
3247,27.85,55.0,432.0,0.27,306.68,234.0,0.94,0.477,93.1,1,25.63,307.63
3248,28.66,49.2,983.0,1.0,378.43,288.74,10.12,0.506,93.0,1,24.01,388.55
3249,27.84,50.2,993.0,1.0,346.2,264.15,10.01,0.085,94.7,1,22.1,356.21
3250,27.7,45.5,974.0,1.0,304.2,232.1,10.94,0.341,93.8,1,20.04,315.14
3251,26.37,43.9,1031.0,1.0,255.29,194.79,10.86,0.182,94.4,1,17.97,266.15
3252,24.92,41.2,980.0,1.0,202.8,154.74,10.46,0.084,94.7,1,16.03,213.26
3253,25.32,35.2,1034.0,1.0,255.29,194.79,10.01,-0.103,95.1,1,14.34,265.29
3254,23.93,37.7,1032.0,1.0,304.2,232.1,10.58,-0.178,95.2,1,13.04,314.78
3255,23.66,40.0,987.0,1.0,346.2,264.15,10.82,-0.437,95.3,1,12.2,357.02
3256,22.69,41.8,1001.0,1.0,378.43,288.74,10.29,-0.344,95.3,1,11.88,388.72
3257,23.53,39.0,986.0,1.0,398.69,304.2,10.17,-0.254,95.2,1,12.11,408.86
3258,22.17,44.5,1016.0,1.0,405.6,309.47,10.9,-0.599,95.1,1,12.87,416.5
3259,22.53,44.7,400.0,0.22,306.68,234.0,0.77,-0.575,95.1,1,14.1,307.45
3260,23.05,50.0,400.0,0.16,291.1,222.11,0.45,-0.307,95.3,1,15.73,291.55
3261,22.93,52.1,401.0,0.11,266.31,203.19,0.91,-0.464,95.2,1,17.65,267.21
3262,24.26,56.1,400.0,0.19,234.0,178.54,0.61,-0.394,95.3,1,19.72,234.61
3263,25.62,58.9,400.0,0.13,196.38,149.83,0.94,-0.045,95.0,1,21.8,197.32
3264,25.34,59.3,419.0,0.14,156.0,119.03,0.1,-0.086,95.1,1,23.75,156.1
3265,26.56,61.2,404.0,0.2,196.38,149.83,0.44,0.374,93.6,1,25.44,196.81
3266,25.71,59.3,429.0,0.14,234.0,178.54,0.68,0.157,94.5,1,26.75,234.68
3267,27.68,65.4,400.0,0.28,266.31,203.19,0.41,0.19,94.4,1,27.6,266.72
3268,28.02,56.4,400.0,0.15,291.1,222.11,0.35,0.432,93.4,1,27.93,291.45
3269,28.06,56.3,400.0,0.29,306.68,234.0,0.7,0.57,92.6,1,27.71,307.38
3270,29.11,57.2,400.0,0.25,312.0,238.06,0.61,0.564,92.7,1,26.96,312.61
3271,28.31,54.5,459.0,0.27,306.68,234.0,0.28,0.591,92.5,1,25.73,306.97
3272,28.08,51.4,1008.0,1.0,378.43,288.74,10.44,0.322,93.9,1,24.11,388.87
3273,27.5,49.2,982.0,1.0,346.2,264.15,10.71,0.581,92.6,1,22.2,356.91
3274,26.1,41.2,970.0,1.0,304.2,232.1,10.63,-0.081,95.0,1,20.14,314.83
3275,25.77,46.4,952.0,1.0,255.29,194.79,10.45,-0.027,94.9,1,18.07,265.74
3276,26.04,41.2,975.0,1.0,202.8,154.74,10.26,0.008,94.9,1,16.13,213.06
3277,23.72,43.0,1023.0,1.0,255.29,194.79,10.11,-0.269,95.3,1,14.45,265.4
3278,23.67,35.9,987.0,1.0,304.2,232.1,10.84,-0.312,95.3,1,13.14,315.04
3279,23.23,40.7,971.0,1.0,346.2,264.15,10.82,-0.55,95.2,1,12.3,357.02
3280,23.82,40.0,975.0,1.0,378.43,288.74,10.61,-0.475,95.2,1,11.98,389.04
3281,23.03,43.7,1019.0,1.0,398.69,304.2,10.57,-0.39,95.3,1,12.21,409.26
3282,22.26,45.2,998.0,1.0,405.6,309.47,10.14,-0.607,95.1,1,12.97,415.74
3283,23.3,47.7,400.0,0.02,306.68,234.0,0.45,-0.659,95.0,1,14.2,307.13
3284,22.57,47.4,400.0,0.16,291.1,222.11,0.48,-0.525,95.2,1,15.84,291.58
3285,23.92,52.0,466.0,0.26,266.31,203.19,0.46,-0.133,95.1,1,17.75,266.77
3286,23.35,54.2,437.0,0.11,234.0,178.54,0.24,-0.031,95.0,1,19.82,234.24
3287,25.29,57.7,444.0,0.28,196.38,149.83,0.12,-0.225,95.2,1,21.9,196.5
3288,25.32,60.4,400.0,0.0,156.0,119.03,0.93,0.102,94.6,1,23.85,156.93
3289,25.79,59.8,400.0,0.14,196.38,149.83,0.56,0.126,94.6,1,25.54,196.93
3290,26.91,57.4,400.0,0.04,234.0,178.54,0.86,0.507,93.0,1,26.86,234.86
3291,27.78,60.0,416.0,0.09,266.31,203.19,0.67,0.392,93.6,1,27.7,266.98
3292,27.87,64.1,432.0,0.01,291.1,222.11,0.82,0.393,93.6,1,28.03,291.92
3293,28.69,60.7,410.0,0.01,306.68,234.0,0.22,0.803,91.2,0,27.81,306.9
3294,28.22,49.5,400.0,0.21,312.0,238.06,0.11,0.315,93.9,1,27.06,312.11
3295,28.72,53.2,400.0,0.2,306.68,234.0,0.61,0.547,92.8,1,25.83,307.3
3296,28.33,52.3,1019.0,1.0,378.43,288.74,10.55,0.706,91.8,0,24.21,388.98
3297,27.6,47.5,1022.0,1.0,346.2,264.15,10.1,0.487,93.1,1,22.31,356.3
3298,26.78,44.5,1004.0,1.0,304.2,232.1,10.61,0.097,94.6,1,20.25,314.81
3299,26.35,42.7,1004.0,1.0,255.29,194.79,10.18,-0.034,95.0,1,18.17,265.47
3300,25.77,42.7,1002.0,1.0,202.8,154.74,10.11,-0.282,95.3,1,16.23,212.91
3301,25.75,38.2,1008.0,1.0,255.29,194.79,10.99,0.167,94.4,1,14.55,266.27
3302,24.46,42.4,1021.0,1.0,304.2,232.1,10.56,-0.477,95.2,1,13.24,314.76
3303,23.86,40.1,1019.0,1.0,346.2,264.15,10.33,-0.211,95.2,1,12.4,356.53
3304,24.43,39.2,1001.0,1.0,378.43,288.74,10.1,-0.718,94.9,0,12.09,388.53
3305,22.84,44.9,999.0,1.0,398.69,304.2,10.92,0.028,94.8,1,12.31,409.61
3306,22.72,41.5,997.0,1.0,405.6,309.47,10.94,-0.771,94.7,0,13.07,416.54
3307,22.93,45.8,400.0,0.12,306.68,234.0,0.26,-0.474,95.2,1,14.31,306.94
3308,22.37,48.4,400.0,0.18,291.1,222.11,0.44,-0.191,95.2,1,15.94,291.53
3309,23.13,56.4,416.0,0.29,266.31,203.19,0.65,-0.494,95.2,1,17.85,266.95
3310,23.72,53.2,400.0,0.08,234.0,178.54,0.11,-0.137,95.1,1,19.92,234.11
3311,25.02,52.4,424.0,0.1,196.38,149.83,0.54,-0.186,95.2,1,22.0,196.91
3312,25.38,57.3,400.0,0.01,156.0,119.03,0.22,0.078,94.7,1,23.95,156.22
3313,26.31,60.4,425.0,0.11,196.38,149.83,0.23,0.346,93.8,1,25.65,196.6
3314,27.5,61.6,419.0,0.2,234.0,178.54,0.6,0.164,94.4,1,26.96,234.6
3315,28.01,64.3,425.0,0.29,266.31,203.19,0.31,0.653,92.2,1,27.81,266.62
3316,27.97,61.7,400.0,0.22,291.1,222.11,0.55,0.503,93.0,1,28.14,291.65
3317,28.02,57.8,412.0,0.04,306.68,234.0,0.26,0.873,90.7,0,27.92,306.95
3318,29.02,53.6,422.0,0.27,312.0,238.06,0.49,0.334,93.8,1,27.17,312.49
3319,28.73,56.3,400.0,0.25,306.68,234.0,0.93,0.355,93.7,1,25.94,307.62
3320,27.24,49.7,451.0,0.06,291.1,222.11,0.48,0.387,93.6,1,24.32,291.58
3321,27.41,46.6,468.0,0.28,266.31,203.19,0.5,0.111,94.6,1,22.41,266.81
3322,27.02,44.6,428.0,0.21,234.0,178.54,0.49,0.435,93.4,1,20.35,234.49
3323,26.6,40.8,424.0,0.23,196.38,149.83,0.86,0.114,94.6,1,18.28,197.23
3324,25.89,40.7,418.0,0.14,156.0,119.03,0.68,-0.229,95.2,1,16.34,156.68
3325,24.8,40.0,400.0,0.06,196.38,149.83,0.03,-0.294,95.3,1,14.66,196.41
3326,24.22,41.5,400.0,0.24,234.0,178.54,0.12,-0.424,95.3,1,13.35,234.12
3327,23.34,39.5,429.0,0.14,266.31,203.19,0.58,-0.169,95.2,1,12.51,266.89
3328,22.49,38.6,400.0,0.29,291.1,222.11,0.76,-0.342,95.3,1,12.19,291.86
3329,22.39,39.4,400.0,0.05,306.68,234.0,0.12,-0.509,95.2,1,12.42,306.8
3330,22.43,45.0,400.0,0.11,312.0,238.06,0.5,-0.573,95.1,1,13.18,312.5
3331,22.5,47.1,420.0,0.22,306.68,234.0,0.64,-0.531,95.2,1,14.42,307.33
3332,21.87,48.4,400.0,0.17,291.1,222.11,0.4,-0.077,95.0,1,16.05,291.5
3333,23.09,51.2,400.0,0.13,266.31,203.19,0.69,-0.4,95.3,1,17.96,267.0
3334,23.94,55.4,400.0,0.21,234.0,178.54,0.34,-0.078,95.0,1,20.03,234.34
3335,24.49,59.5,400.0,0.22,196.38,149.83,0.62,-0.195,95.2,1,22.11,197.0
3336,25.28,56.9,400.0,0.17,156.0,119.03,0.77,0.336,93.8,1,24.06,156.77
3337,26.42,59.7,400.0,0.1,196.38,149.83,0.96,-0.114,95.1,1,25.75,197.33
3338,26.36,61.9,408.0,0.19,234.0,178.54,0.64,0.411,93.5,1,27.07,234.64
3339,26.7,58.2,415.0,0.16,266.31,203.19,0.35,0.202,94.3,1,27.92,266.66
3340,27.82,58.9,415.0,0.24,291.1,222.11,0.72,0.876,90.7,0,28.24,291.82
3341,28.67,57.3,418.0,0.2,306.68,234.0,0.8,0.622,92.3,1,28.02,307.49
3342,29.23,52.8,400.0,0.15,312.0,238.06,0.41,0.159,94.5,1,27.27,312.41
3343,28.67,53.4,400.0,0.01,306.68,234.0,0.36,0.297,94.0,1,26.05,307.05
3344,27.25,50.5,411.0,0.05,291.1,222.11,0.15,0.57,92.6,1,24.43,291.25
3345,27.39,49.0,400.0,0.1,266.31,203.19,0.68,0.485,93.1,1,22.52,266.99
3346,27.01,43.0,427.0,0.18,234.0,178.54,0.44,0.367,93.7,1,20.46,234.44
3347,26.24,43.3,411.0,0.24,196.38,149.83,0.13,0.161,94.5,1,18.39,196.51
3348,25.64,44.3,439.0,0.29,156.0,119.03,0.56,-0.064,95.0,1,16.45,156.56
3349,24.13,44.6,400.0,0.18,196.38,149.83,0.99,0.088,94.7,1,14.76,197.37
3350,23.9,42.6,432.0,0.22,234.0,178.54,0.05,-0.423,95.3,1,13.46,234.05
3351,23.45,37.9,461.0,0.19,266.31,203.19,0.52,-0.343,95.3,1,12.62,266.82
3352,23.18,42.0,402.0,0.13,291.1,222.11,0.94,-0.557,95.1,1,12.3,292.04
3353,22.06,41.6,415.0,0.18,306.68,234.0,0.96,-0.623,95.0,1,12.53,307.64
3354,22.18,45.2,400.0,0.12,312.0,238.06,0.34,-0.592,95.1,1,13.29,312.34
3355,21.1,45.4,427.0,0.14,306.68,234.0,0.17,-0.63,95.0,1,14.52,306.86
3356,22.44,46.1,434.0,0.27,291.1,222.11,0.42,-0.323,95.3,1,16.16,291.52
3357,22.96,51.4,400.0,0.17,266.31,203.19,0.32,-0.649,95.0,1,18.07,266.63
3358,23.34,56.0,418.0,0.03,234.0,178.54,0.48,-0.164,95.2,1,20.14,234.48
3359,24.65,57.3,408.0,0.16,196.38,149.83,0.6,-0.256,95.3,1,22.22,196.97
3360,25.31,59.2,412.0,0.29,156.0,119.03,0.77,0.006,94.9,1,24.17,156.77
3361,24.98,60.0,424.0,0.03,196.38,149.83,0.63,0.096,94.7,1,25.86,197.01
3362,26.94,60.8,416.0,0.29,234.0,178.54,0.89,0.15,94.5,1,27.18,234.89
3363,26.99,60.8,400.0,0.3,266.31,203.19,0.74,0.596,92.5,1,28.03,267.04
3364,28.17,58.3,425.0,0.17,291.1,222.11,0.52,0.359,93.7,1,28.35,291.62
3365,27.58,57.6,433.0,0.1,306.68,234.0,0.12,0.624,92.3,1,28.13,306.8
3366,28.34,58.9,400.0,0.0,312.0,238.06,0.8,0.643,92.2,1,27.38,312.8
3367,28.08,53.3,400.0,0.0,306.68,234.0,0.71,0.428,93.4,1,26.16,307.4
3368,28.07,50.6,947.0,1.0,378.43,288.74,10.34,0.181,94.4,1,24.54,388.77
3369,27.5,48.1,1018.0,1.0,346.2,264.15,10.23,0.177,94.4,1,22.63,356.43
3370,26.69,45.0,1037.0,1.0,304.2,232.1,10.66,0.506,93.0,1,20.57,314.86
3371,25.32,42.4,992.0,1.0,255.29,194.79,10.08,0.228,94.2,1,18.5,265.37
3372,24.57,42.0,1004.0,1.0,202.8,154.74,10.79,0.028,94.8,1,16.56,213.59
3373,24.24,39.5,993.0,1.0,255.29,194.79,10.23,-0.243,95.2,1,14.87,265.52
3374,23.8,39.7,988.0,1.0,304.2,232.1,10.59,0.096,94.7,1,13.57,314.79
3375,22.87,38.6,1007.0,1.0,346.2,264.15,10.3,-0.527,95.2,1,12.73,356.5
3376,23.01,41.3,976.0,1.0,378.43,288.74,10.48,-0.405,95.3,1,12.41,388.91
3377,22.26,43.8,993.0,1.0,398.69,304.2,10.8,-0.383,95.3,1,12.64,409.49
3378,21.81,44.2,973.0,1.0,405.6,309.47,10.29,-0.761,94.8,0,13.4,415.89
3379,22.25,42.9,418.0,0.2,306.68,234.0,0.03,-0.635,95.0,1,14.64,306.72
3380,22.8,50.7,407.0,0.01,291.1,222.11,0.08,-0.525,95.2,1,16.27,291.18
3381,23.33,52.4,400.0,0.28,266.31,203.19,0.07,-0.181,95.2,1,18.18,266.38
3382,24.72,52.6,401.0,0.28,234.0,178.54,0.46,-0.338,95.3,1,20.25,234.46
3383,24.17,58.3,400.0,0.03,196.38,149.83,0.08,-0.417,95.3,1,22.33,196.46
3384,25.24,55.6,434.0,0.17,156.0,119.03,0.41,-0.306,95.3,1,24.28,156.41
3385,26.26,61.6,400.0,0.24,196.38,149.83,0.7,-0.024,94.9,1,25.97,197.07
3386,26.76,59.9,419.0,0.14,234.0,178.54,0.88,-0.048,95.0,1,27.29,234.88
3387,27.14,55.2,400.0,0.14,266.31,203.19,0.22,0.507,93.0,1,28.14,266.53
3388,27.09,59.2,424.0,0.29,291.1,222.11,0.88,0.595,92.5,1,28.46,291.98
3389,27.9,56.6,431.0,0.07,306.68,234.0,0.98,0.484,93.1,1,28.25,307.66
3390,27.72,54.3,433.0,0.16,312.0,238.06,0.63,0.447,93.3,1,27.5,312.63
3391,27.29,51.6,444.0,0.03,306.68,234.0,0.74,0.631,92.3,1,26.27,307.42
3392,27.45,50.2,1009.0,1.0,378.43,288.74,10.48,0.573,92.6,1,24.65,388.91
3393,26.85,46.9,1037.0,1.0,346.2,264.15,10.07,0.156,94.5,1,22.74,356.28
3394,27.04,41.7,1049.0,1.0,304.2,232.1,10.96,0.08,94.7,1,20.68,315.16
3395,26.32,45.8,966.0,1.0,255.29,194.79,10.95,0.271,94.1,1,18.61,266.23
3396,24.79,41.1,982.0,1.0,202.8,154.74,10.32,0.054,94.8,1,16.67,213.12
3397,24.33,39.0,955.0,1.0,255.29,194.79,10.2,-0.008,94.9,1,14.99,265.48
3398,22.81,37.8,1032.0,1.0,304.2,232.1,10.07,-0.429,95.3,1,13.68,314.27
3399,22.87,41.8,955.0,1.0,346.2,264.15,10.5,-0.504,95.2,1,12.84,356.7
3400,22.83,38.5,947.0,1.0,378.43,288.74,10.92,-0.34,95.3,1,12.53,389.35
3401,22.74,42.9,967.0,1.0,398.69,304.2,10.04,-0.619,95.1,1,12.75,408.73
3402,21.87,43.4,948.0,1.0,405.6,309.47,10.61,-0.804,94.6,0,13.51,416.21
3403,22.85,45.9,408.0,0.1,306.68,234.0,0.84,-0.616,95.1,1,14.75,307.52
3404,21.87,47.3,400.0,0.15,291.1,222.11,0.38,-0.474,95.2,1,16.38,291.48
3405,22.47,50.9,400.0,0.12,266.31,203.19,0.61,-0.013,94.9,1,18.3,266.92
3406,24.07,54.6,400.0,0.21,234.0,178.54,0.44,-0.418,95.3,1,20.36,234.44
3407,25.27,57.2,401.0,0.16,196.38,149.83,0.07,-0.142,95.1,1,22.44,196.44
3408,25.46,56.8,400.0,0.26,156.0,119.03,0.5,0.409,93.5,1,24.4,156.5
3409,25.96,59.3,400.0,0.01,196.38,149.83,0.09,-0.089,95.1,1,26.09,196.46
3410,25.61,61.8,400.0,0.01,234.0,178.54,0.68,0.382,93.6,1,27.4,234.68
3411,26.31,56.4,400.0,0.06,266.31,203.19,0.31,0.211,94.3,1,28.25,266.62
3412,27.86,58.9,400.0,0.04,291.1,222.11,0.8,0.513,93.0,1,28.58,291.9
3413,27.92,55.5,435.0,0.16,306.68,234.0,0.59,0.95,90.1,0,28.36,307.27
3414,27.64,53.3,464.0,0.06,312.0,238.06,0.94,0.658,92.1,1,27.61,312.94
3415,28.12,53.6,400.0,0.0,306.68,234.0,0.74,0.513,93.0,1,26.38,307.42
3416,27.84,49.4,960.0,1.0,378.43,288.74,10.72,0.243,94.2,1,24.76,389.15
3417,27.78,45.4,993.0,1.0,346.2,264.15,10.3,0.318,93.9,1,22.86,356.51
3418,26.75,48.1,1006.0,1.0,304.2,232.1,10.44,0.137,94.5,1,20.8,314.64
3419,26.57,45.1,998.0,1.0,255.29,194.79,10.75,-0.161,95.2,1,18.73,266.03
3420,25.18,37.7,1018.0,1.0,202.8,154.74,10.72,-0.426,95.3,1,16.78,213.52
3421,24.34,37.5,1066.0,1.0,255.29,194.79,10.69,-0.296,95.3,1,15.1,265.98
3422,24.2,41.2,949.0,1.0,304.2,232.1,10.01,-0.256,95.3,1,13.8,314.21
3423,22.56,39.7,985.0,1.0,346.2,264.15,10.02,-0.13,95.1,1,12.96,356.22
3424,23.98,44.1,1046.0,1.0,378.43,288.74,10.07,-0.581,95.1,1,12.64,388.5
3425,22.45,43.8,984.0,1.0,398.69,304.2,10.03,-0.445,95.3,1,12.87,408.72
3426,22.35,45.2,1024.0,1.0,405.6,309.47,10.77,-0.84,94.5,0,13.63,416.37
3427,22.52,44.9,419.0,0.21,306.68,234.0,0.55,-0.643,95.0,1,14.86,307.23
3428,23.5,50.5,437.0,0.17,291.1,222.11,0.5,-0.922,94.3,0,16.5,291.6
3429,23.43,49.6,457.0,0.16,266.31,203.19,0.09,0.093,94.7,1,18.41,266.39
3430,22.85,57.2,410.0,0.11,234.0,178.54,0.77,-0.21,95.2,1,20.48,234.77
3431,25.07,57.6,400.0,0.01,196.38,149.83,0.09,-0.096,95.1,1,22.56,196.47
3432,24.97,56.8,400.0,0.27,156.0,119.03,0.22,0.107,94.6,1,24.51,156.22
3433,25.97,61.1,466.0,0.24,196.38,149.83,0.82,0.636,92.3,1,26.2,197.19
3434,26.0,64.5,400.0,0.04,234.0,178.54,0.69,0.163,94.5,1,27.52,234.69
3435,27.52,59.3,415.0,0.04,266.31,203.19,0.09,0.157,94.5,1,28.37,266.4
3436,27.41,60.0,400.0,0.09,291.1,222.11,0.07,0.833,91.0,0,28.7,291.17
3437,28.08,56.5,400.0,0.23,306.68,234.0,0.41,0.237,94.2,1,28.48,307.09
3438,27.99,55.6,427.0,0.15,312.0,238.06,0.6,0.76,91.5,0,27.73,312.6
3439,28.98,50.0,401.0,0.2,306.68,234.0,0.25,0.468,93.2,1,26.5,306.93
3440,28.71,50.5,989.0,1.0,378.43,288.74,10.59,0.52,92.9,1,24.88,389.02
3441,27.26,48.0,976.0,1.0,346.2,264.15,10.36,0.066,94.7,1,22.97,356.56
3442,26.65,49.0,940.0,1.0,304.2,232.1,10.59,0.769,91.4,0,20.92,314.79
3443,25.7,39.7,1021.0,1.0,255.29,194.79,10.73,0.053,94.8,1,18.84,266.01
3444,25.66,41.0,992.0,1.0,202.8,154.74,10.84,-0.14,95.1,1,16.9,213.64
3445,24.17,43.0,954.0,1.0,255.29,194.79,10.2,-0.02,94.9,1,15.22,265.48
3446,23.39,39.5,1001.0,1.0,304.2,232.1,10.09,-0.379,95.3,1,13.91,314.29
3447,23.47,39.9,1017.0,1.0,346.2,264.15,10.12,-0.269,95.3,1,13.08,356.32
3448,22.23,39.4,994.0,1.0,378.43,288.74,10.17,-0.685,94.9,1,12.76,388.6
3449,22.18,40.7,1003.0,1.0,398.69,304.2,10.32,-0.454,95.2,1,12.99,409.01
3450,21.3,40.9,1001.0,1.0,405.6,309.47,10.03,-0.621,95.1,1,13.75,415.63
3451,22.54,45.7,400.0,0.08,306.68,234.0,0.83,-0.64,95.0,1,14.98,307.52
3452,23.46,47.5,402.0,0.21,291.1,222.11,0.85,-0.621,95.1,1,16.61,291.95
3453,23.32,52.4,422.0,0.16,266.31,203.19,0.71,-0.176,95.2,1,18.53,267.02
3454,24.31,53.0,431.0,0.13,234.0,178.54,0.36,-0.32,95.3,1,20.6,234.36
3455,23.88,55.8,424.0,0.23,196.38,149.83,0.71,-0.166,95.2,1,22.68,197.08
3456,25.19,57.5,400.0,0.1,156.0,119.03,0.57,0.085,94.7,1,24.63,156.57
3457,25.38,59.4,419.0,0.03,196.38,149.83,0.66,0.357,93.7,1,26.32,197.04
3458,26.46,58.9,414.0,0.12,234.0,178.54,0.09,0.065,94.7,1,27.64,234.09
3459,27.58,57.6,400.0,0.23,266.31,203.19,0.87,0.398,93.5,1,28.49,267.18
3460,27.71,59.1,400.0,0.14,291.1,222.11,0.35,0.251,94.1,1,28.81,291.45
3461,27.25,59.5,420.0,0.29,306.68,234.0,0.27,0.441,93.3,1,28.6,306.95
3462,27.4,55.7,441.0,0.26,312.0,238.06,0.39,0.713,91.8,0,27.85,312.39
3463,27.26,51.8,400.0,0.24,306.68,234.0,0.25,0.014,94.9,1,26.62,306.93
3464,27.9,50.2,1049.0,1.0,378.43,288.74,10.99,0.248,94.2,1,25.0,389.42
3465,28.2,43.8,1035.0,1.0,346.2,264.15,10.65,0.307,93.9,1,23.09,356.85
3466,27.23,45.1,1006.0,1.0,304.2,232.1,10.9,0.326,93.8,1,21.03,315.1
3467,24.87,42.5,993.0,1.0,255.29,194.79,10.95,0.373,93.6,1,18.96,266.24
3468,25.75,39.7,1012.0,1.0,202.8,154.74,10.58,-0.339,95.3,1,17.02,213.38
3469,24.73,39.0,981.0,1.0,255.29,194.79,10.8,0.154,94.5,1,15.34,266.09
3470,22.76,39.2,995.0,1.0,304.2,232.1,10.91,-0.146,95.1,1,14.03,315.11
3471,22.76,42.2,956.0,1.0,346.2,264.15,10.15,-0.402,95.3,1,13.19,356.35
3472,22.98,43.3,948.0,1.0,378.43,288.74,10.27,-0.727,94.8,0,12.88,388.7
3473,22.41,40.7,1070.0,1.0,398.69,304.2,10.4,-0.597,95.1,1,13.11,409.09
3474,21.37,43.6,1002.0,1.0,405.6,309.47,10.62,-0.295,95.3,1,13.87,416.22
3475,22.43,46.0,406.0,0.1,306.68,234.0,0.77,-0.478,95.2,1,15.1,307.45
3476,21.35,51.1,400.0,0.05,291.1,222.11,0.35,-0.469,95.2,1,16.73,291.44
3477,22.78,52.4,400.0,0.14,266.31,203.19,0.84,-0.548,95.2,1,18.65,267.15
3478,24.08,54.8,400.0,0.2,234.0,178.54,0.65,-0.103,95.1,1,20.72,234.65
3479,24.24,57.8,403.0,0.09,196.38,149.83,0.37,-0.159,95.2,1,22.8,196.75
3480,24.76,57.2,400.0,0.15,156.0,119.03,0.68,-0.047,95.0,1,24.75,156.68
3481,26.23,62.3,400.0,0.16,196.38,149.83,0.85,0.11,94.6,1,26.44,197.23
3482,26.99,60.0,414.0,0.08,234.0,178.54,0.34,0.121,94.6,1,27.76,234.34
3483,27.78,58.1,406.0,0.01,266.31,203.19,0.39,0.19,94.4,1,28.61,266.7
3484,28.03,58.4,412.0,0.06,291.1,222.11,0.69,0.129,94.6,1,28.93,291.79
3485,28.43,59.9,421.0,0.24,306.68,234.0,0.43,0.359,93.7,1,28.72,307.11
3486,28.36,54.6,400.0,0.08,312.0,238.06,0.18,0.14,94.5,1,27.97,312.18
3487,28.02,54.9,400.0,0.0,306.68,234.0,0.85,0.58,92.6,1,26.74,307.54
3488,27.63,49.2,444.0,0.13,291.1,222.11,0.2,0.299,94.0,1,25.12,291.3
3489,26.98,46.3,400.0,0.2,266.31,203.19,0.25,0.275,94.1,1,23.21,266.56
3490,25.87,46.7,400.0,0.23,234.0,178.54,0.87,0.243,94.2,1,21.16,234.87
3491,25.28,41.5,417.0,0.12,196.38,149.83,0.64,-0.031,95.0,1,19.09,197.02
3492,24.83,43.2,400.0,0.17,156.0,119.03,0.43,-0.235,95.2,1,17.14,156.43
3493,24.32,41.2,400.0,0.22,196.38,149.83,0.38,-0.085,95.1,1,15.46,196.76
3494,24.19,38.3,427.0,0.27,234.0,178.54,0.18,0.128,94.6,1,14.16,234.18
3495,22.82,40.1,400.0,0.19,266.31,203.19,0.07,-0.172,95.2,1,13.32,266.38
3496,22.87,40.0,400.0,0.21,291.1,222.11,0.91,-0.177,95.2,1,13.0,292.01
3497,22.6,43.3,458.0,0.03,306.68,234.0,0.04,-0.743,94.8,0,13.23,306.73
3498,21.84,48.4,400.0,0.13,312.0,238.06,0.06,-0.538,95.2,1,13.99,312.06
3499,22.35,46.2,400.0,0.27,306.68,234.0,0.75,-0.523,95.2,1,15.22,307.44
3500,22.23,50.6,400.0,0.05,291.1,222.11,0.89,-0.147,95.1,1,16.86,291.99
3501,23.49,52.2,408.0,0.09,266.31,203.19,0.71,-0.17,95.2,1,18.77,267.02
3502,23.76,54.6,400.0,0.2,234.0,178.54,0.24,-0.283,95.3,1,20.84,234.24
3503,23.57,56.4,425.0,0.27,196.38,149.83,0.27,-0.587,95.1,1,22.92,196.65
3504,25.02,56.7,400.0,0.02,156.0,119.03,0.96,-0.232,95.2,1,24.87,156.96
3505,26.54,60.2,441.0,0.26,196.38,149.83,0.7,0.256,94.1,1,26.57,197.08
3506,26.34,59.4,400.0,0.07,234.0,178.54,0.83,0.186,94.4,1,27.88,234.83
3507,27.28,58.0,400.0,0.26,266.31,203.19,0.45,0.332,93.8,1,28.73,266.76
3508,27.8,60.9,407.0,0.27,291.1,222.11,0.78,0.556,92.7,1,29.06,291.88
3509,27.3,57.6,400.0,0.23,306.68,234.0,0.98,0.709,91.8,0,28.84,307.67
3510,28.18,54.9,400.0,0.28,312.0,238.06,0.36,0.344,93.8,1,28.09,312.36
3511,27.12,55.7,400.0,0.29,306.68,234.0,0.32,0.601,92.5,1,26.86,307.0
3512,27.2,46.8,400.0,0.28,291.1,222.11,0.04,0.755,91.5,0,25.24,291.14
3513,27.57,50.4,447.0,0.15,266.31,203.19,0.74,0.639,92.2,1,23.34,267.05
3514,26.59,43.7,421.0,0.14,234.0,178.54,0.24,0.144,94.5,1,21.28,234.24
3515,25.53,43.7,400.0,0.03,196.38,149.83,0.25,0.188,94.4,1,19.21,196.63
3516,25.13,40.4,414.0,0.06,156.0,119.03,0.63,0.15,94.5,1,17.27,156.63
3517,24.09,38.6,400.0,0.2,196.38,149.83,0.74,-0.125,95.1,1,15.58,197.11
3518,23.4,42.6,400.0,0.04,234.0,178.54,0.41,-0.3,95.3,1,14.28,234.41
3519,23.1,43.9,412.0,0.28,266.31,203.19,0.94,-0.7,94.9,1,13.44,267.25
3520,21.93,40.7,405.0,0.07,291.1,222.11,0.16,-0.606,95.1,1,13.12,291.26
3521,22.01,43.3,400.0,0.03,306.68,234.0,0.53,-0.622,95.1,1,13.35,307.21
3522,21.73,44.7,400.0,0.07,312.0,238.06,0.62,-0.752,94.8,0,14.11,312.62
3523,21.19,50.4,410.0,0.01,306.68,234.0,0.62,-0.461,95.2,1,15.35,307.3
3524,21.82,45.3,400.0,0.05,291.1,222.11,0.66,-0.26,95.3,1,16.98,291.76
3525,23.54,52.9,426.0,0.18,266.31,203.19,0.63,-0.437,95.3,1,18.9,266.94
3526,23.57,53.1,410.0,0.09,234.0,178.54,0.79,-0.691,94.9,1,20.96,234.79
3527,23.43,52.0,415.0,0.24,196.38,149.83,0.81,-0.153,95.2,1,23.05,197.19
3528,24.1,57.7,451.0,0.12,156.0,119.03,0.98,0.055,94.8,1,25.0,156.98
3529,25.59,63.2,425.0,0.21,196.38,149.83,0.94,0.171,94.4,1,26.69,197.32
3530,27.14,58.7,452.0,0.21,234.0,178.54,0.52,0.106,94.6,1,28.01,234.52
3531,26.89,61.4,400.0,0.04,266.31,203.19,0.71,0.113,94.6,1,28.86,267.01
3532,28.11,61.3,400.0,0.02,291.1,222.11,0.4,0.61,92.4,1,29.18,291.5
3533,27.93,57.4,400.0,0.25,306.68,234.0,0.65,0.553,92.7,1,28.96,307.34
3534,28.09,55.6,400.0,0.21,312.0,238.06,0.01,0.364,93.7,1,28.22,312.01
3535,27.08,49.6,444.0,0.05,306.68,234.0,0.37,0.183,94.4,1,26.99,307.05
3536,27.91,49.0,966.0,1.0,378.43,288.74,10.91,0.478,93.1,1,25.37,389.34
3537,26.8,49.7,998.0,1.0,346.2,264.15,10.68,0.174,94.4,1,23.46,356.88
3538,26.77,45.5,1012.0,1.0,304.2,232.1,10.02,0.327,93.8,1,21.41,314.22
3539,25.21,44.0,1003.0,1.0,255.29,194.79,10.52,0.161,94.5,1,19.33,265.81
3540,24.92,41.9,995.0,1.0,202.8,154.74,10.37,0.415,93.4,1,17.39,213.17
3541,24.23,44.9,1011.0,1.0,255.29,194.79,10.81,-0.145,95.1,1,15.71,266.1
3542,23.25,39.2,1032.0,1.0,304.2,232.1,10.11,0.15,94.5,1,14.41,314.31
3543,22.91,43.4,1046.0,1.0,346.2,264.15,10.6,-0.337,95.3,1,13.57,356.81
3544,22.09,41.4,1001.0,1.0,378.43,288.74,10.71,-0.566,95.1,1,13.25,389.14
3545,21.6,46.0,976.0,1.0,398.69,304.2,10.6,-0.694,94.9,1,13.48,409.29
3546,22.62,42.1,1046.0,1.0,405.6,309.47,10.27,-0.675,95.0,1,14.24,415.87
3547,22.44,47.3,400.0,0.25,306.68,234.0,0.79,-0.397,95.3,1,15.48,307.48
3548,21.83,48.7,454.0,0.23,291.1,222.11,0.79,-0.407,95.3,1,17.11,291.89
3549,22.97,52.4,440.0,0.05,266.31,203.19,0.36,-0.721,94.9,0,19.02,266.67
3550,22.93,57.0,445.0,0.02,234.0,178.54,0.27,-0.046,95.0,1,21.09,234.27
3551,23.43,57.5,421.0,0.07,196.38,149.83,0.66,0.166,94.4,1,23.17,197.04
3552,25.31,60.9,400.0,0.26,156.0,119.03,0.37,-0.37,95.3,1,25.13,156.37
3553,24.72,58.2,400.0,0.15,196.38,149.83,0.35,0.332,93.8,1,26.82,196.72
3554,26.76,58.3,409.0,0.24,234.0,178.54,0.45,0.587,92.6,1,28.13,234.45
3555,26.78,59.8,400.0,0.11,266.31,203.19,0.46,-0.006,94.9,1,28.98,266.77
3556,27.28,58.8,400.0,0.18,291.1,222.11,0.83,0.34,93.8,1,29.31,291.93
3557,27.89,57.0,418.0,0.18,306.68,234.0,0.95,0.313,93.9,1,29.09,307.64
3558,28.07,53.5,400.0,0.19,312.0,238.06,0.71,0.695,91.9,1,28.34,312.71
3559,27.26,55.4,400.0,0.14,306.68,234.0,0.09,0.4,93.5,1,27.12,306.77
3560,27.73,49.7,1027.0,1.0,378.43,288.74,10.34,0.342,93.8,1,25.5,388.77
3561,26.95,50.7,1015.0,1.0,346.2,264.15,10.19,0.438,93.3,1,23.59,356.39
3562,25.64,45.4,993.0,1.0,304.2,232.1,10.66,0.562,92.7,1,21.53,314.86
3563,25.46,44.6,1021.0,1.0,255.29,194.79,10.6,0.117,94.6,1,19.46,265.89
3564,25.45,42.7,1003.0,1.0,202.8,154.74,10.98,-0.094,95.1,1,17.52,213.78
3565,24.82,38.8,1040.0,1.0,255.29,194.79,10.45,-0.186,95.2,1,15.84,265.74
3566,23.61,40.7,1005.0,1.0,304.2,232.1,10.11,-0.118,95.1,1,14.53,314.31
3567,22.04,44.1,1040.0,1.0,346.2,264.15,10.6,-0.62,95.1,1,13.69,356.8
3568,22.4,41.6,944.0,1.0,378.43,288.74,10.37,-0.436,95.3,1,13.38,388.8
3569,22.27,44.4,1014.0,1.0,398.69,304.2,10.18,-0.671,95.0,1,13.61,408.87
3570,22.11,46.0,988.0,1.0,405.6,309.47,10.37,-0.741,94.8,0,14.37,415.97
3571,22.24,47.6,400.0,0.29,306.68,234.0,0.24,-0.872,94.4,0,15.6,306.92
3572,22.32,49.9,435.0,0.06,291.1,222.11,0.2,-0.536,95.2,1,17.24,291.3
3573,22.58,53.2,427.0,0.28,266.31,203.19,0.48,-0.138,95.1,1,19.15,266.79
3574,22.93,56.1,400.0,0.11,234.0,178.54,0.81,-0.647,95.0,1,21.22,234.81
3575,23.0,54.0,421.0,0.19,196.38,149.83,0.89,-0.021,94.9,1,23.3,197.26
3576,24.9,58.9,418.0,0.07,156.0,119.03,0.26,-0.13,95.1,1,25.25,156.26
3577,25.59,59.2,400.0,0.07,196.38,149.83,0.45,-0.083,95.1,1,26.95,196.82
3578,26.5,59.2,400.0,0.19,234.0,178.54,0.84,0.319,93.9,1,28.26,234.84
3579,26.17,62.4,400.0,0.15,266.31,203.19,0.99,0.616,92.4,1,29.11,267.3
3580,27.63,57.4,400.0,0.29,291.1,222.11,0.85,0.733,91.7,0,29.44,291.95
3581,28.64,54.6,400.0,0.08,306.68,234.0,0.49,0.54,92.8,1,29.22,307.18
3582,27.75,57.0,424.0,0.26,312.0,238.06,0.87,0.486,93.1,1,28.47,312.87
3583,27.57,50.2,408.0,0.14,306.68,234.0,0.71,0.561,92.7,1,27.25,307.39
3584,27.45,46.6,968.0,1.0,378.43,288.74,10.11,0.928,90.3,0,25.62,388.54
3585,27.84,49.7,1007.0,1.0,346.2,264.15,10.08,0.295,94.0,1,23.72,356.29
3586,25.68,45.7,992.0,1.0,304.2,232.1,10.94,0.477,93.1,1,21.66,315.14
3587,25.57,44.2,972.0,1.0,255.29,194.79,10.92,0.011,94.9,1,19.59,266.21
3588,24.29,40.7,952.0,1.0,202.8,154.74,10.46,-0.166,95.2,1,17.65,213.26
3589,23.64,37.7,1019.0,1.0,255.29,194.79,10.66,0.224,94.2,1,15.97,265.95
3590,23.16,37.6,1013.0,1.0,304.2,232.1,10.3,-0.249,95.2,1,14.66,314.5
3591,23.23,39.7,1017.0,1.0,346.2,264.15,10.7,-0.309,95.3,1,13.82,356.9
3592,22.98,38.6,978.0,1.0,378.43,288.74,10.45,-0.324,95.3,1,13.51,388.88
3593,22.0,43.2,1005.0,1.0,398.69,304.2,10.35,-0.661,95.0,1,13.74,409.04
3594,21.48,43.7,959.0,1.0,405.6,309.47,10.44,-0.588,95.1,1,14.5,416.04
3595,23.02,47.3,400.0,0.03,306.68,234.0,0.46,-0.611,95.1,1,15.73,307.14
3596,21.85,49.8,401.0,0.06,291.1,222.11,0.94,-0.367,95.3,1,17.37,292.04
3597,22.26,52.9,408.0,0.28,266.31,203.19,0.88,-0.28,95.3,1,19.28,267.19
3598,22.27,55.6,400.0,0.16,234.0,178.54,0.19,-0.37,95.3,1,21.35,234.19
3599,24.58,56.0,400.0,0.07,196.38,149.83,0.28,0.276,94.0,1,23.43,196.65
3600,25.14,58.8,400.0,0.24,156.0,119.03,0.3,-0.005,94.9,1,25.39,156.3
3601,26.64,60.0,429.0,0.18,196.38,149.83,0.01,0.15,94.5,1,27.08,196.39
3602,25.45,55.1,400.0,0.11,234.0,178.54,0.53,0.519,92.9,1,28.39,234.53
3603,27.49,61.1,404.0,0.01,266.31,203.19,0.48,0.179,94.4,1,29.24,266.79
3604,27.27,59.2,407.0,0.23,291.1,222.11,0.12,0.329,93.8,1,29.57,291.22
3605,27.94,58.5,400.0,0.22,306.68,234.0,0.99,0.54,92.8,1,29.35,307.67
3606,26.81,52.8,408.0,0.08,312.0,238.06,0.76,0.205,94.3,1,28.6,312.76
3607,28.26,52.4,400.0,0.08,306.68,234.0,0.18,0.435,93.4,1,27.38,306.87
3608,27.62,48.3,980.0,1.0,378.43,288.74,10.71,0.843,90.9,0,25.76,389.14
3609,26.73,49.4,1043.0,1.0,346.2,264.15,10.34,0.719,91.7,0,23.85,356.54
3610,26.45,42.6,1045.0,1.0,304.2,232.1,10.63,0.429,93.4,1,21.79,314.83
3611,25.01,41.4,1025.0,1.0,255.29,194.79,10.47,0.366,93.7,1,19.72,265.76
3612,24.33,42.7,1033.0,1.0,202.8,154.74,10.14,0.099,94.6,1,17.78,212.94
3613,23.61,39.2,945.0,1.0,255.29,194.79,10.46,-0.216,95.2,1,16.1,265.75
3614,22.18,38.2,972.0,1.0,304.2,232.1,10.96,0.079,94.7,1,14.79,315.16
3615,22.92,42.0,991.0,1.0,346.2,264.15,10.75,-0.543,95.2,1,13.96,356.95
3616,22.6,43.0,1072.0,1.0,378.43,288.74,10.63,-0.239,95.2,1,13.64,389.06
3617,21.35,44.0,991.0,1.0,398.69,304.2,10.84,-0.585,95.1,1,13.87,409.53
3618,21.77,46.3,1022.0,1.0,405.6,309.47,10.83,-0.59,95.1,1,14.63,416.43
3619,21.57,46.5,411.0,0.3,306.68,234.0,0.89,-0.375,95.3,1,15.87,307.57
3620,22.16,49.1,411.0,0.15,291.1,222.11,0.11,-0.026,94.9,1,17.5,291.21
3621,22.15,50.8,400.0,0.14,266.31,203.19,0.13,-0.068,95.0,1,19.41,266.44
3622,22.64,54.9,400.0,0.1,234.0,178.54,0.8,-0.182,95.2,1,21.48,234.8
3623,24.33,55.7,400.0,0.23,196.38,149.83,1.0,-0.117,95.1,1,23.56,197.37
3624,24.55,57.5,438.0,0.2,156.0,119.03,0.56,0.156,94.5,1,25.52,156.56
3625,26.36,60.7,400.0,0.11,196.38,149.83,0.96,0.402,93.5,1,27.21,197.34
3626,26.1,62.4,400.0,0.16,234.0,178.54,0.66,-0.102,95.1,1,28.53,234.66
3627,26.23,60.6,413.0,0.06,266.31,203.19,0.09,0.328,93.8,1,29.38,266.39
3628,27.78,62.5,413.0,0.21,291.1,222.11,0.93,0.223,94.2,1,29.7,292.03
3629,27.78,56.0,423.0,0.08,306.68,234.0,0.84,0.439,93.3,1,29.48,307.52
3630,27.93,51.7,433.0,0.1,312.0,238.06,0.54,0.248,94.2,1,28.74,312.54
3631,28.05,54.5,400.0,0.02,306.68,234.0,0.74,0.122,94.6,1,27.51,307.43
3632,26.83,48.9,974.0,1.0,378.43,288.74,10.35,0.169,94.4,1,25.89,388.78
3633,26.61,47.3,990.0,1.0,346.2,264.15,10.62,0.243,94.2,1,23.98,356.82
3634,25.96,41.9,1025.0,1.0,304.2,232.1,10.41,0.367,93.7,1,21.93,314.61
3635,24.68,41.5,937.0,1.0,255.29,194.79,10.53,-0.033,95.0,1,19.86,265.82
3636,24.41,38.6,1004.0,1.0,202.8,154.74,10.64,-0.173,95.2,1,17.91,213.44
3637,24.43,39.6,1028.0,1.0,255.29,194.79,10.05,-0.05,95.0,1,16.23,265.34
3638,23.16,39.2,1027.0,1.0,304.2,232.1,10.1,-0.193,95.2,1,14.93,314.3
3639,21.74,40.4,1021.0,1.0,346.2,264.15,10.08,-0.013,94.9,1,14.09,356.28
3640,21.15,43.6,1032.0,1.0,378.43,288.74,10.59,-0.246,95.2,1,13.77,389.02
3641,22.46,44.0,918.0,1.0,398.69,304.2,10.41,-0.688,94.9,1,14.0,409.1
3642,21.48,41.4,1048.0,1.0,405.6,309.47,10.5,-0.634,95.0,1,14.76,416.1
3643,21.3,48.2,410.0,0.22,306.68,234.0,0.5,-0.334,95.3,1,16.0,307.18
3644,21.78,49.8,440.0,0.07,291.1,222.11,0.04,-0.61,95.1,1,17.63,291.14
3645,21.66,51.9,400.0,0.15,266.31,203.19,0.8,-0.418,95.3,1,19.55,267.1
3646,23.72,54.5,400.0,0.05,234.0,178.54,0.7,-0.592,95.1,1,21.62,234.7
3647,23.54,57.1,454.0,0.24,196.38,149.83,0.69,-0.391,95.3,1,23.7,197.06
3648,25.19,57.0,400.0,0.2,156.0,119.03,0.03,0.252,94.1,1,25.65,156.03
3649,25.31,59.2,400.0,0.29,196.38,149.83,0.65,0.163,94.5,1,27.34,197.03
3650,26.71,62.4,416.0,0.04,234.0,178.54,0.5,0.124,94.6,1,28.66,234.5
3651,26.75,58.4,423.0,0.15,266.31,203.19,0.76,0.256,94.1,1,29.51,267.07
3652,27.52,56.8,432.0,0.22,291.1,222.11,0.1,0.776,91.4,0,29.84,291.2
3653,27.75,57.3,407.0,0.26,306.68,234.0,0.75,0.352,93.7,1,29.62,307.43
3654,27.8,53.1,400.0,0.26,312.0,238.06,0.96,0.595,92.5,1,28.87,312.96
3655,27.56,49.6,421.0,0.06,306.68,234.0,0.85,0.657,92.1,1,27.64,307.54
3656,26.96,49.8,422.0,0.29,291.1,222.11,0.89,0.722,91.7,0,26.02,291.99
3657,27.56,50.8,400.0,0.29,266.31,203.19,0.08,0.183,94.4,1,24.12,266.38
3658,25.52,45.3,443.0,0.29,234.0,178.54,0.53,-0.03,95.0,1,22.06,234.53
3659,25.25,43.6,400.0,0.18,196.38,149.83,0.25,-0.091,95.1,1,19.99,196.62
3660,24.48,37.3,431.0,0.25,156.0,119.03,0.54,0.146,94.5,1,18.05,156.54
3661,23.89,41.3,400.0,0.02,196.38,149.83,0.71,0.269,94.1,1,16.37,197.08
3662,22.75,40.2,421.0,0.08,234.0,178.54,0.75,-0.097,95.1,1,15.06,234.75
3663,22.5,38.9,415.0,0.03,266.31,203.19,0.99,-0.485,95.2,1,14.23,267.3
3664,21.77,41.5,400.0,0.15,291.1,222.11,0.96,-0.195,95.2,1,13.91,292.06
3665,20.76,42.9,414.0,0.29,306.68,234.0,0.25,-0.577,95.1,1,14.14,306.93
3666,21.45,42.5,400.0,0.19,312.0,238.06,0.92,-0.666,95.0,1,14.9,312.92
3667,21.0,47.6,421.0,0.14,306.68,234.0,0.88,-0.549,95.2,1,16.14,307.57
3668,20.98,51.9,466.0,0.24,291.1,222.11,0.72,-0.549,95.2,1,17.77,291.82
3669,22.39,51.7,400.0,0.17,266.31,203.19,0.26,-0.494,95.2,1,19.68,266.57
3670,23.18,52.9,400.0,0.14,234.0,178.54,0.19,-0.006,94.9,1,21.75,234.19
3671,23.92,56.4,400.0,0.19,196.38,149.83,0.44,-0.233,95.2,1,23.83,196.81
3672,24.71,60.1,400.0,0.15,156.0,119.03,0.04,-0.317,95.3,1,25.79,156.04
3673,24.24,57.1,400.0,0.19,196.38,149.83,0.28,0.247,94.2,1,27.48,196.66
3674,25.24,61.1,400.0,0.24,234.0,178.54,0.07,0.059,94.8,1,28.8,234.07
3675,27.53,58.4,426.0,0.14,266.31,203.19,0.52,0.169,94.4,1,29.65,266.83
3676,26.49,59.4,400.0,0.12,291.1,222.11,0.62,0.573,92.6,1,29.97,291.72
3677,27.62,56.3,414.0,0.17,306.68,234.0,0.11,0.338,93.8,1,29.76,306.8
3678,27.07,54.3,419.0,0.27,312.0,238.06,0.87,0.409,93.5,1,29.01,312.87
3679,27.35,56.1,409.0,0.13,306.68,234.0,0.1,0.491,93.1,1,27.78,306.78
3680,26.69,47.7,415.0,0.25,291.1,222.11,0.4,0.376,93.6,1,26.16,291.5
3681,26.81,48.8,428.0,0.19,266.31,203.19,0.5,0.268,94.1,1,24.26,266.81
3682,25.97,48.9,402.0,0.0,234.0,178.54,0.58,-0.219,95.2,1,22.2,234.58
3683,24.95,44.6,400.0,0.14,196.38,149.83,0.32,0.095,94.7,1,20.13,196.69
3684,23.87,38.9,415.0,0.06,156.0,119.03,0.71,0.323,93.9,1,18.19,156.71
3685,23.75,37.9,418.0,0.05,196.38,149.83,0.34,-0.003,94.9,1,16.51,196.72
3686,22.28,38.5,427.0,0.07,234.0,178.54,0.25,-0.325,95.3,1,15.2,234.25
3687,22.48,40.5,400.0,0.21,266.31,203.19,0.45,-0.26,95.3,1,14.36,266.76
3688,23.1,41.6,400.0,0.19,291.1,222.11,0.11,-0.308,95.3,1,14.05,291.21
3689,22.16,40.1,400.0,0.16,306.68,234.0,0.97,-0.651,95.0,1,14.28,307.65
3690,21.73,42.9,417.0,0.15,312.0,238.06,0.55,-0.249,95.2,1,15.04,312.55
3691,21.43,45.3,422.0,0.12,306.68,234.0,0.14,-0.45,95.2,1,16.27,306.83
3692,20.8,49.2,400.0,0.27,291.1,222.11,0.8,-0.495,95.2,1,17.91,291.9
3693,21.58,56.1,400.0,0.28,266.31,203.19,0.72,-0.035,95.0,1,19.82,267.03
3694,23.5,52.7,418.0,0.23,234.0,178.54,0.43,-0.664,95.0,1,21.89,234.43
3695,23.19,54.8,400.0,0.09,196.38,149.83,0.98,-0.365,95.3,1,23.97,197.36
3696,24.01,56.1,443.0,0.27,156.0,119.03,0.5,0.128,94.6,1,25.93,156.5
3697,25.05,60.8,453.0,0.25,196.38,149.83,0.21,0.264,94.1,1,27.62,196.59
3698,25.32,59.9,430.0,0.04,234.0,178.54,0.79,0.579,92.6,1,28.93,234.79
3699,25.85,58.0,407.0,0.1,266.31,203.19,0.93,-0.098,95.1,1,29.78,267.24
3700,26.92,58.2,455.0,0.1,291.1,222.11,0.26,0.605,92.4,1,30.11,291.36
3701,26.79,55.8,407.0,0.22,306.68,234.0,0.01,0.234,94.2,1,29.89,306.69
3702,26.97,56.0,400.0,0.16,312.0,238.06,0.61,0.584,92.6,1,29.15,312.61
3703,26.84,58.4,400.0,0.08,306.68,234.0,0.73,0.47,93.2,1,27.92,307.42
3704,27.19,51.6,979.0,1.0,378.43,288.74,10.26,0.603,92.5,1,26.3,388.69
3705,26.33,47.7,1000.0,1.0,346.2,264.15,10.96,0.306,93.9,1,24.4,357.16
3706,25.73,44.1,1014.0,1.0,304.2,232.1,10.17,0.452,93.3,1,22.34,314.37
3707,25.4,40.6,958.0,1.0,255.29,194.79,10.8,-0.036,95.0,1,20.27,266.09
3708,24.25,43.1,987.0,1.0,202.8,154.74,10.88,-0.016,94.9,1,18.33,213.68
3709,23.4,41.8,1006.0,1.0,255.29,194.79,10.17,-0.091,95.1,1,16.64,265.46
3710,23.05,39.1,1019.0,1.0,304.2,232.1,10.5,0.085,94.7,1,15.34,314.7
3711,22.52,42.7,999.0,1.0,346.2,264.15,10.03,-0.187,95.2,1,14.5,356.23
3712,21.63,41.2,1007.0,1.0,378.43,288.74,10.64,-0.392,95.3,1,14.19,389.07
3713,21.44,44.2,963.0,1.0,398.69,304.2,10.55,-0.355,95.3,1,14.42,409.24
3714,20.91,45.2,973.0,1.0,405.6,309.47,10.78,-0.283,95.3,1,15.17,416.38
3715,20.97,46.6,400.0,0.26,306.68,234.0,0.5,-0.408,95.3,1,16.41,307.19
3716,22.08,47.6,415.0,0.29,291.1,222.11,0.35,-0.638,95.0,1,18.04,291.45
3717,22.39,51.8,407.0,0.11,266.31,203.19,0.14,-0.228,95.2,1,19.96,266.45
3718,23.01,56.3,400.0,0.1,234.0,178.54,0.05,-0.256,95.3,1,22.03,234.05
3719,23.65,55.7,400.0,0.03,196.38,149.83,0.53,-0.2,95.2,1,24.11,196.9
3720,24.3,59.3,445.0,0.19,156.0,119.03,0.92,-0.157,95.2,1,26.07,156.92
3721,25.4,57.4,416.0,0.01,196.38,149.83,0.77,0.245,94.2,1,27.76,197.14
3722,26.24,61.5,400.0,0.15,234.0,178.54,0.39,0.352,93.7,1,29.07,234.39
3723,26.85,60.4,400.0,0.05,266.31,203.19,0.98,0.162,94.5,1,29.92,267.29
3724,26.81,56.5,400.0,0.2,291.1,222.11,0.18,0.212,94.3,1,30.25,291.28
3725,27.85,56.9,400.0,0.28,306.68,234.0,1.0,0.861,90.8,0,30.03,307.68
3726,27.37,57.3,408.0,0.03,312.0,238.06,0.23,0.672,92.0,1,29.29,312.23
3727,27.47,50.5,417.0,0.23,306.68,234.0,0.17,0.5,93.0,1,28.06,306.85
3728,26.99,48.3,1012.0,1.0,378.43,288.74,10.86,0.554,92.7,1,26.44,389.29
3729,26.5,47.7,989.0,1.0,346.2,264.15,10.47,0.26,94.1,1,24.54,356.67
3730,25.38,49.7,985.0,1.0,304.2,232.1,10.89,0.216,94.3,1,22.48,315.09
3731,25.37,41.9,1061.0,1.0,255.29,194.79,10.75,0.134,94.5,1,20.41,266.04
3732,25.66,42.6,983.0,1.0,202.8,154.74,10.16,0.193,94.4,1,18.47,212.96
3733,23.27,41.0,961.0,1.0,255.29,194.79,10.12,-0.412,95.3,1,16.79,265.41
3734,22.77,38.8,951.0,1.0,304.2,232.1,10.45,-0.454,95.2,1,15.48,314.65
3735,21.89,40.6,989.0,1.0,346.2,264.15,10.56,-0.599,95.1,1,14.64,356.76
3736,21.39,40.2,1028.0,1.0,378.43,288.74,10.42,-0.262,95.3,1,14.33,388.85
3737,22.1,41.9,983.0,1.0,398.69,304.2,10.21,-0.503,95.2,1,14.56,408.9
3738,20.89,41.3,1044.0,1.0,405.6,309.47,10.22,-0.683,94.9,1,15.32,415.82
3739,21.08,46.9,400.0,0.13,306.68,234.0,0.51,-0.527,95.2,1,16.55,307.19
3740,20.82,51.3,433.0,0.08,291.1,222.11,0.01,-0.559,95.1,1,18.19,291.11
3741,21.71,52.2,400.0,0.04,266.31,203.19,0.44,-0.64,95.0,1,20.1,266.75
3742,21.85,56.8,400.0,0.28,234.0,178.54,0.03,0.002,94.9,1,22.17,234.03
3743,23.75,57.9,403.0,0.07,196.38,149.83,0.87,-0.159,95.2,1,24.25,197.25
3744,25.6,58.3,414.0,0.27,156.0,119.03,0.62,0.257,94.1,1,26.21,156.62
3745,24.79,58.3,400.0,0.06,196.38,149.83,0.16,-0.16,95.2,1,27.9,196.54
3746,24.86,59.0,409.0,0.01,234.0,178.54,0.77,0.351,93.7,1,29.22,234.77
3747,26.76,56.8,418.0,0.07,266.31,203.19,0.49,0.065,94.7,1,30.07,266.8
3748,26.42,58.4,400.0,0.15,291.1,222.11,0.51,0.922,90.3,0,30.39,291.61
3749,27.73,57.7,400.0,0.1,306.68,234.0,0.26,0.137,94.5,1,30.18,306.94
3750,27.04,58.8,400.0,0.27,312.0,238.06,0.39,0.859,90.8,0,29.43,312.39
3751,26.76,54.1,400.0,0.16,306.68,234.0,0.88,0.479,93.1,1,28.2,307.56
3752,26.69,48.7,1012.0,1.0,378.43,288.74,10.15,0.396,93.5,1,26.58,388.58
3753,26.67,45.0,985.0,1.0,346.2,264.15,10.62,0.471,93.2,1,24.68,356.82
3754,25.56,45.0,940.0,1.0,304.2,232.1,10.22,0.062,94.7,1,22.62,314.42
3755,24.7,44.9,993.0,1.0,255.29,194.79,10.44,0.286,94.0,1,20.55,265.73
3756,24.06,41.1,968.0,1.0,202.8,154.74,10.53,0.172,94.4,1,18.61,213.33
3757,22.75,41.6,1015.0,1.0,255.29,194.79,10.12,-0.127,95.1,1,16.93,265.41
3758,22.86,39.6,1024.0,1.0,304.2,232.1,10.08,-0.2,95.2,1,15.62,314.28
3759,21.14,41.7,935.0,1.0,346.2,264.15,10.48,0.032,94.8,1,14.78,356.69
3760,21.33,37.9,977.0,1.0,378.43,288.74,10.41,-0.303,95.3,1,14.47,388.84
3761,21.63,45.8,1011.0,1.0,398.69,304.2,10.92,-0.639,95.0,1,14.7,409.61
3762,21.3,42.4,958.0,1.0,405.6,309.47,10.7,-0.35,95.3,1,15.46,416.3
3763,21.54,48.5,423.0,0.01,306.68,234.0,0.9,-0.591,95.1,1,16.7,307.58
3764,21.51,49.0,431.0,0.07,291.1,222.11,0.93,-0.579,95.1,1,18.33,292.03
3765,22.6,51.9,400.0,0.3,266.31,203.19,0.02,-0.251,95.2,1,20.24,266.33
3766,23.09,54.1,400.0,0.28,234.0,178.54,0.88,-0.452,95.2,1,22.31,234.88
3767,23.57,57.2,400.0,0.01,196.38,149.83,0.96,-0.12,95.1,1,24.4,197.33
3768,24.59,59.3,424.0,0.29,156.0,119.03,0.45,0.135,94.5,1,26.35,156.45
3769,25.27,61.6,460.0,0.24,196.38,149.83,0.64,0.511,93.0,1,28.04,197.01
3770,25.4,62.8,454.0,0.0,234.0,178.54,0.35,0.378,93.6,1,29.36,234.35
3771,25.56,60.4,400.0,0.27,266.31,203.19,0.1,0.06,94.7,1,30.21,266.41
3772,26.92,62.3,400.0,0.29,291.1,222.11,0.26,0.17,94.4,1,30.54,291.36
3773,27.28,57.6,425.0,0.19,306.68,234.0,0.08,0.828,91.0,0,30.32,306.76
3774,27.65,57.6,400.0,0.24,312.0,238.06,0.49,0.373,93.6,1,29.57,312.49
3775,26.53,53.9,414.0,0.1,306.68,234.0,0.65,0.18,94.4,1,28.35,307.34
3776,26.24,49.4,1009.0,1.0,378.43,288.74,10.01,0.232,94.2,1,26.73,388.44
3777,26.45,48.2,1003.0,1.0,346.2,264.15,10.23,0.512,93.0,1,24.82,356.43
3778,25.56,46.4,1031.0,1.0,304.2,232.1,10.07,0.273,94.1,1,22.76,314.27
3779,23.92,43.2,1032.0,1.0,255.29,194.79,10.97,0.259,94.1,1,20.69,266.25
3780,24.27,42.4,984.0,1.0,202.8,154.74,10.8,-0.007,94.9,1,18.75,213.6
3781,22.38,42.2,972.0,1.0,255.29,194.79,10.03,-0.35,95.3,1,17.07,265.32
3782,22.11,40.0,925.0,1.0,304.2,232.1,10.81,-0.607,95.1,1,15.77,315.01
3783,22.63,34.3,990.0,1.0,346.2,264.15,10.83,-0.52,95.2,1,14.93,357.03
3784,22.39,44.5,967.0,1.0,378.43,288.74,10.81,-0.409,95.3,1,14.61,389.24
3785,20.56,42.0,1013.0,1.0,398.69,304.2,10.88,-0.72,94.9,0,14.84,409.57
3786,20.9,43.0,990.0,1.0,405.6,309.47,10.47,-0.303,95.3,1,15.6,416.07
3787,21.19,44.7,400.0,0.07,306.68,234.0,0.24,-0.683,94.9,1,16.84,306.92
3788,22.35,48.9,424.0,0.28,291.1,222.11,0.87,-0.763,94.7,0,18.47,291.97
3789,21.69,51.0,412.0,0.19,266.31,203.19,0.83,-0.353,95.3,1,20.39,267.14
3790,22.31,53.1,400.0,0.12,234.0,178.54,0.27,-0.098,95.1,1,22.46,234.27
3791,24.05,55.4,451.0,0.22,196.38,149.83,0.58,0.169,94.4,1,24.54,196.96
3792,23.86,59.5,422.0,0.06,156.0,119.03,0.56,-0.322,95.3,1,26.5,156.56
3793,25.18,63.6,400.0,0.03,196.38,149.83,0.49,0.414,93.5,1,28.19,196.86
3794,24.8,61.6,400.0,0.03,234.0,178.54,0.61,0.287,94.0,1,29.5,234.61
3795,26.07,62.0,424.0,0.17,266.31,203.19,0.08,0.229,94.2,1,30.35,266.39
3796,25.8,58.1,406.0,0.27,291.1,222.11,0.45,0.569,92.7,1,30.68,291.55
3797,26.4,57.6,400.0,0.07,306.68,234.0,0.28,0.754,91.5,0,30.46,306.96
3798,27.45,56.3,427.0,0.23,312.0,238.06,0.0,0.164,94.4,1,29.72,312.0
3799,26.9,51.7,438.0,0.01,306.68,234.0,0.52,0.397,93.5,1,28.49,307.2
3800,26.46,49.6,1035.0,1.0,378.43,288.74,10.36,0.324,93.9,1,26.87,388.79
3801,25.76,49.6,1046.0,1.0,346.2,264.15,10.43,0.479,93.1,1,24.97,356.63
3802,25.4,47.6,1062.0,1.0,304.2,232.1,10.11,0.542,92.8,1,22.91,314.31
3803,24.94,43.4,1052.0,1.0,255.29,194.79,10.51,0.144,94.5,1,20.84,265.79
3804,24.5,39.2,1010.0,1.0,202.8,154.74,10.27,-0.058,95.0,1,18.9,213.07
3805,21.92,39.9,994.0,1.0,255.29,194.79,10.0,-0.04,95.0,1,17.22,265.29
3806,22.08,37.1,945.0,1.0,304.2,232.1,10.78,-0.297,95.3,1,15.91,314.98
3807,21.96,40.4,1000.0,1.0,346.2,264.15,10.63,-0.787,94.7,0,15.07,356.83
3808,21.35,41.6,1016.0,1.0,378.43,288.74,10.53,-0.33,95.3,1,14.76,388.96
3809,21.29,42.1,1001.0,1.0,398.69,304.2,10.62,-0.286,95.3,1,14.99,409.31
3810,21.12,45.1,943.0,1.0,405.6,309.47,10.32,-0.285,95.3,1,15.75,415.92
3811,20.93,47.8,400.0,0.07,306.68,234.0,0.12,-0.714,94.9,0,16.99,306.81
3812,21.12,50.0,419.0,0.03,291.1,222.11,0.36,-0.312,95.3,1,18.62,291.46
3813,21.73,49.7,400.0,0.23,266.31,203.19,0.79,-0.047,95.0,1,20.54,267.1
3814,23.05,54.1,405.0,0.12,234.0,178.54,0.61,0.256,94.1,1,22.61,234.61
3815,22.83,57.5,413.0,0.28,196.38,149.83,0.79,-0.034,95.0,1,24.69,197.17
3816,23.94,61.6,434.0,0.14,156.0,119.03,0.9,0.197,94.3,1,26.64,156.9
3817,24.83,59.0,451.0,0.25,196.38,149.83,0.25,-0.069,95.0,1,28.33,196.63
3818,26.24,61.1,400.0,0.04,234.0,178.54,0.91,0.025,94.8,1,29.65,234.91
3819,25.93,61.5,406.0,0.05,266.31,203.19,0.66,0.551,92.8,1,30.5,266.97
3820,27.03,58.5,406.0,0.08,291.1,222.11,0.56,0.026,94.8,1,30.83,291.66
3821,27.47,59.7,419.0,0.06,306.68,234.0,0.5,0.514,93.0,1,30.61,307.19
3822,26.92,57.8,416.0,0.29,312.0,238.06,0.47,0.786,91.3,0,29.86,312.47
3823,26.74,55.8,443.0,0.24,306.68,234.0,0.07,0.625,92.3,1,28.64,306.76
3824,26.38,51.4,400.0,0.1,291.1,222.11,0.05,0.574,92.6,1,27.02,291.15
3825,25.93,52.6,413.0,0.16,266.31,203.19,0.33,0.344,93.8,1,25.11,266.64
3826,25.86,44.2,415.0,0.16,234.0,178.54,0.2,0.168,94.4,1,23.06,234.2
3827,24.82,47.5,400.0,0.18,196.38,149.83,0.09,0.56,92.7,1,20.99,196.46
3828,24.05,43.1,400.0,0.03,156.0,119.03,0.02,0.247,94.2,1,19.04,156.02
3829,22.59,43.2,400.0,0.1,196.38,149.83,0.98,0.04,94.8,1,17.36,197.35
3830,21.94,39.4,400.0,0.03,234.0,178.54,0.21,-0.244,95.2,1,16.06,234.21
3831,22.87,41.9,450.0,0.28,266.31,203.19,0.98,-0.47,95.2,1,15.22,267.29
3832,21.23,44.0,411.0,0.12,291.1,222.11,0.54,-0.217,95.2,1,14.91,291.64
3833,20.63,40.4,400.0,0.22,306.68,234.0,0.19,-0.544,95.2,1,15.14,306.88
3834,21.62,44.3,400.0,0.28,312.0,238.06,0.15,-0.484,95.2,1,15.9,312.15
3835,21.15,42.7,418.0,0.09,306.68,234.0,0.2,-0.36,95.3,1,17.13,306.89
3836,21.59,49.2,421.0,0.03,291.1,222.11,0.36,-0.391,95.3,1,18.77,291.46
3837,21.71,50.5,400.0,0.1,266.31,203.19,0.2,-0.044,95.0,1,20.68,266.51
3838,22.24,54.2,418.0,0.2,234.0,178.54,0.83,-0.514,95.2,1,22.75,234.83
3839,23.03,62.6,400.0,0.15,196.38,149.83,0.37,-0.116,95.1,1,24.84,196.74
3840,23.2,61.9,432.0,0.02,156.0,119.03,0.53,0.428,93.4,1,26.79,156.53
3841,24.62,56.6,430.0,0.02,196.38,149.83,0.5,0.309,93.9,1,28.48,196.88
3842,25.53,61.1,400.0,0.21,234.0,178.54,0.66,0.211,94.3,1,29.8,234.66
3843,26.93,61.4,400.0,0.22,266.31,203.19,1.0,0.513,93.0,1,30.65,267.31
3844,26.52,58.2,461.0,0.03,291.1,222.11,0.44,0.423,93.4,1,30.98,291.54
3845,25.6,57.8,428.0,0.24,306.68,234.0,0.32,0.776,91.4,0,30.76,307.01
3846,26.82,56.0,400.0,0.1,312.0,238.06,0.97,0.664,92.1,1,30.01,312.97
3847,28.13,50.3,400.0,0.02,306.68,234.0,1.0,0.31,93.9,1,28.79,307.68
3848,26.89,48.4,406.0,0.1,291.1,222.11,0.78,0.481,93.1,1,27.17,291.88
3849,25.57,48.2,400.0,0.22,266.31,203.19,0.8,0.437,93.3,1,25.26,267.11
3850,25.65,45.6,400.0,0.2,234.0,178.54,0.41,0.344,93.8,1,23.2,234.41
3851,24.26,41.9,400.0,0.14,196.38,149.83,0.54,0.193,94.4,1,21.13,196.91
3852,23.17,40.0,400.0,0.08,156.0,119.03,0.35,0.113,94.6,1,19.19,156.35
3853,22.89,40.3,434.0,0.13,196.38,149.83,0.62,-0.046,95.0,1,17.51,196.99
3854,22.39,41.8,455.0,0.11,234.0,178.54,0.83,-0.394,95.3,1,16.21,234.83
3855,20.78,40.1,400.0,0.12,266.31,203.19,0.37,-0.445,95.3,1,15.37,266.68
3856,20.66,44.4,400.0,0.15,291.1,222.11,0.54,-0.484,95.2,1,15.06,291.64
3857,20.94,41.2,412.0,0.14,306.68,234.0,0.77,-0.464,95.2,1,15.29,307.46
3858,20.62,45.0,449.0,0.03,312.0,238.06,0.21,-0.55,95.2,1,16.05,312.21
3859,21.12,46.3,400.0,0.09,306.68,234.0,0.61,-0.262,95.3,1,17.28,307.29
3860,20.62,50.7,426.0,0.04,291.1,222.11,0.78,-0.625,95.0,1,18.92,291.88
3861,22.05,50.6,400.0,0.18,266.31,203.19,0.05,-0.7,94.9,0,20.83,266.36
3862,21.72,58.4,401.0,0.13,234.0,178.54,0.25,0.143,94.5,1,22.9,234.25
3863,23.86,53.3,400.0,0.2,196.38,149.83,0.03,-0.293,95.3,1,24.98,196.4
3864,22.95,61.8,400.0,0.03,156.0,119.03,0.01,0.22,94.3,1,26.94,156.01
3865,24.04,59.7,400.0,0.1,196.38,149.83,0.48,0.251,94.1,1,28.63,196.85
3866,25.51,61.1,418.0,0.05,234.0,178.54,0.7,0.094,94.7,1,29.95,234.7
3867,26.75,62.4,453.0,0.03,266.31,203.19,0.38,0.327,93.8,1,30.8,266.69
3868,26.55,60.6,400.0,0.23,291.1,222.11,0.62,0.377,93.6,1,31.13,291.72
3869,26.97,55.9,400.0,0.04,306.68,234.0,0.19,0.554,92.7,1,30.91,306.88
3870,26.8,56.6,400.0,0.05,312.0,238.06,0.84,0.347,93.8,1,30.16,312.84
3871,26.17,56.8,409.0,0.11,306.68,234.0,0.36,0.448,93.3,1,28.94,307.05
3872,26.13,48.7,1006.0,1.0,378.43,288.74,10.71,0.426,93.4,1,27.32,389.14
3873,25.29,52.1,995.0,1.0,346.2,264.15,10.13,0.574,92.6,1,25.41,356.33
3874,24.64,46.2,1045.0,1.0,304.2,232.1,10.82,0.168,94.4,1,23.35,315.02
3875,24.75,42.4,1004.0,1.0,255.29,194.79,10.52,-0.066,95.0,1,21.28,265.81
3876,23.21,39.8,997.0,1.0,202.8,154.74,10.97,-0.109,95.1,1,19.34,213.77
3877,23.15,40.0,977.0,1.0,255.29,194.79,10.41,-0.056,95.0,1,17.66,265.69
3878,21.61,36.1,948.0,1.0,304.2,232.1,10.87,-0.604,95.1,1,16.36,315.07
3879,21.79,39.4,1010.0,1.0,346.2,264.15,10.41,-0.114,95.1,1,15.52,356.61
3880,20.91,40.6,1007.0,1.0,378.43,288.74,10.11,-0.429,95.3,1,15.21,388.54
3881,21.56,40.5,968.0,1.0,398.69,304.2,10.69,-0.396,95.3,1,15.44,409.38
3882,20.91,46.1,999.0,1.0,405.6,309.47,10.18,-0.456,95.2,1,16.2,415.78
3883,21.46,46.5,400.0,0.11,306.68,234.0,0.8,-0.616,95.1,1,17.43,307.48
3884,20.77,48.3,400.0,0.17,291.1,222.11,0.33,-0.649,95.0,1,19.07,291.43
3885,21.64,51.5,400.0,0.26,266.31,203.19,0.76,-0.494,95.2,1,20.98,267.07
3886,21.74,55.3,412.0,0.07,234.0,178.54,0.48,-0.551,95.2,1,23.05,234.48
3887,22.75,56.9,400.0,0.23,196.38,149.83,0.54,-0.06,95.0,1,25.14,196.91
3888,23.6,57.0,400.0,0.07,156.0,119.03,0.73,-0.033,95.0,1,27.09,156.73
3889,24.14,59.8,400.0,0.01,196.38,149.83,0.67,-0.177,95.2,1,28.78,197.04
3890,24.61,59.9,400.0,0.19,234.0,178.54,0.66,0.127,94.6,1,30.1,234.66
3891,25.13,57.5,428.0,0.06,266.31,203.19,0.66,0.484,93.1,1,30.95,266.97
3892,25.14,58.3,406.0,0.28,291.1,222.11,0.59,0.692,91.9,1,31.28,291.69
3893,26.08,58.6,400.0,0.28,306.68,234.0,0.81,0.226,94.2,1,31.06,307.49
3894,27.02,56.5,409.0,0.03,312.0,238.06,0.3,0.932,90.2,0,30.31,312.3
3895,25.8,52.6,441.0,0.06,306.68,234.0,0.18,0.291,94.0,1,29.09,306.87
3896,25.62,51.8,1015.0,1.0,378.43,288.74,10.74,0.092,94.7,1,27.47,389.17
3897,26.71,45.9,1008.0,1.0,346.2,264.15,10.54,0.705,91.8,0,25.56,356.74
3898,24.88,43.5,1019.0,1.0,304.2,232.1,10.9,0.042,94.8,1,23.51,315.1
3899,24.63,42.8,995.0,1.0,255.29,194.79,10.97,0.434,93.4,1,21.44,266.25
3900,24.01,44.6,1006.0,1.0,202.8,154.74,10.87,-0.133,95.1,1,19.49,213.67
3901,23.24,40.8,985.0,1.0,255.29,194.79,10.55,-0.188,95.2,1,17.81,265.84
3902,21.42,39.5,953.0,1.0,304.2,232.1,10.75,-0.511,95.2,1,16.51,314.95
3903,21.44,43.3,1010.0,1.0,346.2,264.15,10.33,-0.098,95.1,1,15.67,356.54
3904,20.27,40.5,1010.0,1.0,378.43,288.74,10.01,-0.205,95.2,1,15.36,388.44
3905,22.0,47.1,991.0,1.0,398.69,304.2,10.78,-0.615,95.1,1,15.59,409.47
3906,19.87,43.6,1031.0,1.0,405.6,309.47,10.78,-0.515,95.2,1,16.35,416.38
3907,20.24,44.9,400.0,0.14,306.68,234.0,0.01,-0.351,95.3,1,17.59,306.69
3908,20.54,49.2,400.0,0.16,291.1,222.11,0.86,-0.527,95.2,1,19.22,291.96
3909,20.79,51.6,400.0,0.25,266.31,203.19,0.88,-0.081,95.0,1,21.14,267.19
3910,22.83,53.0,400.0,0.12,234.0,178.54,0.32,-0.271,95.3,1,23.2,234.32
3911,24.09,61.9,410.0,0.28,196.38,149.83,0.02,-0.233,95.2,1,25.29,196.39
3912,23.41,59.1,400.0,0.06,156.0,119.03,0.88,-0.317,95.3,1,27.24,156.88
3913,23.76,60.5,430.0,0.26,196.38,149.83,0.07,-0.129,95.1,1,28.93,196.45
3914,24.02,59.1,429.0,0.27,234.0,178.54,0.23,0.368,93.7,1,30.25,234.23
3915,25.64,58.6,400.0,0.19,266.31,203.19,0.54,0.401,93.5,1,31.1,266.85
3916,26.07,60.9,400.0,0.29,291.1,222.11,0.82,0.596,92.5,1,31.43,291.92
3917,26.2,54.0,416.0,0.12,306.68,234.0,0.78,0.37,93.7,1,31.21,307.47
3918,26.74,53.1,429.0,0.21,312.0,238.06,0.68,0.172,94.4,1,30.47,312.68
3919,26.72,52.5,400.0,0.0,306.68,234.0,0.83,0.384,93.6,1,29.24,307.51
3920,26.38,53.2,1008.0,1.0,378.43,288.74,10.69,0.841,90.9,0,27.62,389.12
3921,25.58,47.1,934.0,1.0,346.2,264.15,10.64,0.161,94.5,1,25.72,356.84
3922,24.56,46.2,984.0,1.0,304.2,232.1,10.17,0.243,94.2,1,23.66,314.37
3923,24.72,43.3,1033.0,1.0,255.29,194.79,10.44,-0.353,95.3,1,21.59,265.73
3924,23.61,44.2,1090.0,1.0,202.8,154.74,10.45,-0.104,95.1,1,19.65,213.25
3925,23.27,37.3,993.0,1.0,255.29,194.79,10.02,-0.212,95.2,1,17.97,265.31
3926,22.49,41.5,963.0,1.0,304.2,232.1,10.41,-0.184,95.2,1,16.66,314.61
3927,20.76,39.8,985.0,1.0,346.2,264.15,10.23,-0.417,95.3,1,15.83,356.43
3928,20.28,43.0,1002.0,1.0,378.43,288.74,10.09,-0.737,94.8,0,15.51,388.52
3929,20.31,41.0,980.0,1.0,398.69,304.2,10.55,-0.616,95.1,1,15.74,409.24
3930,20.06,44.6,972.0,1.0,405.6,309.47,10.24,-0.541,95.2,1,16.5,415.84
3931,21.06,46.8,400.0,0.24,306.68,234.0,0.19,-0.682,94.9,1,17.74,306.87
3932,21.16,47.5,412.0,0.18,291.1,222.11,0.79,-0.603,95.1,1,19.37,291.89
3933,22.0,49.6,400.0,0.25,266.31,203.19,0.81,-0.153,95.2,1,21.29,267.12
3934,22.27,53.4,400.0,0.29,234.0,178.54,0.66,-0.375,95.3,1,23.36,234.66
3935,22.9,57.0,400.0,0.17,196.38,149.83,0.19,-0.041,95.0,1,25.44,196.57
3936,24.17,56.9,400.0,0.24,156.0,119.03,0.63,-0.035,95.0,1,27.4,156.63
3937,24.57,58.9,400.0,0.17,196.38,149.83,0.71,-0.117,95.1,1,29.09,197.09
3938,25.09,56.2,400.0,0.19,234.0,178.54,0.23,0.183,94.4,1,30.4,234.23
3939,26.42,59.0,419.0,0.14,266.31,203.19,0.13,0.412,93.5,1,31.26,266.44
3940,26.21,60.9,400.0,0.29,291.1,222.11,0.43,0.78,91.3,0,31.58,291.53
3941,26.29,58.8,400.0,0.25,306.68,234.0,0.42,0.329,93.8,1,31.37,307.11
3942,26.13,55.2,431.0,0.23,312.0,238.06,0.15,0.483,93.1,1,30.62,312.15
3943,26.79,53.5,413.0,0.1,306.68,234.0,0.19,0.665,92.1,1,29.39,306.88
3944,26.75,48.8,959.0,1.0,378.43,288.74,10.5,0.685,92.0,1,27.77,388.93
3945,25.63,51.1,989.0,1.0,346.2,264.15,10.53,0.224,94.2,1,25.87,356.73
3946,25.69,49.5,976.0,1.0,304.2,232.1,10.54,0.219,94.3,1,23.81,314.74
3947,23.32,43.6,1020.0,1.0,255.29,194.79,10.98,0.352,93.7,1,21.74,266.27
3948,23.5,46.8,989.0,1.0,202.8,154.74,10.04,0.102,94.6,1,19.8,212.84
3949,22.72,39.1,998.0,1.0,255.29,194.79,10.79,0.077,94.7,1,18.12,266.07
3950,21.65,37.5,994.0,1.0,304.2,232.1,10.35,-0.016,94.9,1,16.82,314.55
3951,22.58,38.8,956.0,1.0,346.2,264.15,10.75,-0.243,95.2,1,15.98,356.95
3952,20.88,40.7,1042.0,1.0,378.43,288.74,10.74,-0.404,95.3,1,15.67,389.17
3953,20.41,47.2,1020.0,1.0,398.69,304.2,10.62,-0.617,95.1,1,15.9,409.31
3954,20.52,44.0,978.0,1.0,405.6,309.47,10.63,-0.549,95.2,1,16.66,416.23
3955,19.6,45.2,406.0,0.28,306.68,234.0,0.66,-0.519,95.2,1,17.89,307.35
3956,20.52,47.7,429.0,0.15,291.1,222.11,0.75,-0.193,95.2,1,19.53,291.85
3957,21.86,54.4,402.0,0.04,266.31,203.19,0.13,-0.318,95.3,1,21.44,266.44
3958,21.68,56.6,447.0,0.18,234.0,178.54,0.36,-0.213,95.2,1,23.51,234.36
3959,22.3,55.8,488.0,0.21,196.38,149.83,0.84,-0.328,95.3,1,25.6,197.22
3960,24.14,54.7,400.0,0.23,156.0,119.03,0.55,0.241,94.2,1,27.55,156.55
3961,24.93,57.3,400.0,0.21,196.38,149.83,0.14,-0.024,94.9,1,29.24,196.51
3962,25.24,63.4,400.0,0.17,234.0,178.54,0.96,0.193,94.4,1,30.56,234.96
3963,25.37,61.1,400.0,0.02,266.31,203.19,0.99,0.615,92.4,1,31.41,267.3
3964,25.95,59.0,437.0,0.26,291.1,222.11,0.51,0.61,92.4,1,31.74,291.61
3965,25.96,61.1,400.0,0.3,306.68,234.0,0.53,0.313,93.9,1,31.52,307.22
3966,25.97,59.3,426.0,0.23,312.0,238.06,0.29,0.284,94.0,1,30.77,312.29
3967,25.84,53.0,432.0,0.01,306.68,234.0,0.52,0.442,93.3,1,29.55,307.2
3968,25.75,50.4,968.0,1.0,378.43,288.74,10.97,0.318,93.9,1,27.93,389.4
3969,25.06,46.7,972.0,1.0,346.2,264.15,10.25,0.06,94.7,1,26.03,356.46
3970,24.17,44.8,1052.0,1.0,304.2,232.1,10.3,0.099,94.6,1,23.97,314.5
3971,24.33,40.3,998.0,1.0,255.29,194.79,10.9,-0.42,95.3,1,21.9,266.19
3972,23.56,38.6,980.0,1.0,202.8,154.74,10.38,0.181,94.4,1,19.96,213.18
3973,23.51,37.0,969.0,1.0,255.29,194.79,10.97,0.039,94.8,1,18.28,266.26
3974,21.6,42.2,996.0,1.0,304.2,232.1,10.35,0.032,94.8,1,16.97,314.55
3975,21.46,37.1,1045.0,1.0,346.2,264.15,10.0,-0.283,95.3,1,16.14,356.21
3976,20.99,45.0,1021.0,1.0,378.43,288.74,10.95,-0.523,95.2,1,15.82,389.38
3977,20.4,41.1,1005.0,1.0,398.69,304.2,10.24,-0.278,95.3,1,16.05,408.93
3978,20.79,48.1,1048.0,1.0,405.6,309.47,10.69,-0.64,95.0,1,16.81,416.29
3979,20.91,46.2,442.0,0.13,306.68,234.0,0.05,-0.748,94.8,0,18.05,306.73
3980,20.98,46.4,410.0,0.04,291.1,222.11,0.75,-0.462,95.2,1,19.68,291.85
3981,21.16,54.7,483.0,0.23,266.31,203.19,0.22,-0.271,95.3,1,21.6,266.53
3982,21.73,57.4,400.0,0.16,234.0,178.54,0.8,-0.412,95.3,1,23.67,234.8
3983,21.94,54.9,433.0,0.18,196.38,149.83,0.97,-0.339,95.3,1,25.75,197.34
3984,23.0,57.8,400.0,0.12,156.0,119.03,0.05,-0.083,95.1,1,27.71,156.05
3985,23.86,57.7,427.0,0.21,196.38,149.83,0.37,0.212,94.3,1,29.4,196.74
3986,24.33,59.7,400.0,0.01,234.0,178.54,0.72,0.221,94.3,1,30.72,234.72
3987,25.73,60.0,414.0,0.15,266.31,203.19,1.0,0.881,90.6,0,31.57,267.31
3988,26.58,58.2,472.0,0.13,291.1,222.11,0.36,0.406,93.5,1,31.9,291.46
3989,25.83,53.8,429.0,0.22,306.68,234.0,0.99,0.633,92.3,1,31.68,307.68
3990,26.52,54.2,414.0,0.08,312.0,238.06,0.9,0.21,94.3,1,30.93,312.9
3991,25.76,54.4,400.0,0.07,306.68,234.0,0.72,0.6,92.5,1,29.71,307.4
3992,25.82,50.1,406.0,0.1,291.1,222.11,0.38,0.341,93.8,1,28.09,291.48
3993,25.15,47.2,400.0,0.14,266.31,203.19,0.54,0.352,93.7,1,26.18,266.85
3994,25.17,43.6,427.0,0.06,234.0,178.54,0.72,0.587,92.5,1,24.13,234.72
3995,23.8,42.1,426.0,0.21,196.38,149.83,0.69,0.055,94.8,1,22.06,197.06
3996,23.87,44.4,400.0,0.1,156.0,119.03,0.29,-0.262,95.3,1,20.11,156.29
3997,22.46,38.2,450.0,0.13,196.38,149.83,0.56,-0.36,95.3,1,18.43,196.93
3998,21.53,41.5,446.0,0.17,234.0,178.54,0.84,-0.215,95.2,1,17.13,234.84
3999,20.6,40.3,404.0,0.11,266.31,203.19,0.48,-0.33,95.3,1,16.29,266.78
4000,20.87,41.6,417.0,0.21,291.1,222.11,0.57,-0.418,95.3,1,15.98,291.67
4001,20.89,41.1,400.0,0.2,306.68,234.0,0.33,-0.74,94.8,0,16.21,307.01
4002,20.48,43.9,400.0,0.23,312.0,238.06,0.16,-0.095,95.1,1,16.97,312.16
4003,21.56,46.9,400.0,0.16,306.68,234.0,0.07,-0.19,95.2,1,18.21,306.75
4004,21.45,48.5,400.0,0.11,291.1,222.11,0.41,-0.407,95.3,1,19.84,291.51
4005,21.05,52.8,400.0,0.06,266.31,203.19,0.63,-0.658,95.0,1,21.76,266.94
4006,21.67,55.5,400.0,0.13,234.0,178.54,0.76,0.067,94.7,1,23.83,234.76
4007,22.78,61.1,417.0,0.26,196.38,149.83,0.08,0.098,94.6,1,25.91,196.46
4008,22.9,59.0,431.0,0.04,156.0,119.03,0.32,0.021,94.8,1,27.86,156.32
4009,24.67,55.7,400.0,0.06,196.38,149.83,0.81,0.369,93.7,1,29.56,197.18
4010,24.99,62.3,400.0,0.2,234.0,178.54,0.11,0.151,94.5,1,30.87,234.11
4011,25.56,59.4,400.0,0.17,266.31,203.19,0.99,0.162,94.5,1,31.72,267.3
4012,26.25,62.9,400.0,0.27,291.1,222.11,0.63,0.464,93.2,1,32.05,291.73
4013,27.06,60.3,400.0,0.01,306.68,234.0,0.94,0.172,94.4,1,31.84,307.62
4014,26.38,54.4,444.0,0.26,312.0,238.06,0.73,0.278,94.0,1,31.09,312.73
4015,26.14,54.5,400.0,0.22,306.68,234.0,0.96,0.592,92.5,1,29.86,307.65
4016,26.64,49.3,400.0,0.23,291.1,222.11,0.67,0.481,93.1,1,28.24,291.77
4017,25.89,47.9,425.0,0.11,266.31,203.19,0.27,0.077,94.7,1,26.34,266.58
4018,24.62,46.8,400.0,0.09,234.0,178.54,0.8,0.168,94.4,1,24.28,234.8
4019,24.06,45.5,400.0,0.0,196.38,149.83,0.23,-0.138,95.1,1,22.21,196.6
4020,23.37,43.4,461.0,0.24,156.0,119.03,0.57,-0.098,95.1,1,20.27,156.57
4021,22.68,40.6,411.0,0.05,196.38,149.83,0.37,-0.249,95.2,1,18.59,196.75
4022,21.09,45.0,428.0,0.07,234.0,178.54,0.8,-0.052,95.0,1,17.29,234.8
4023,20.37,39.5,415.0,0.08,266.31,203.19,0.76,-0.385,95.3,1,16.45,267.07
4024,20.22,37.9,405.0,0.26,291.1,222.11,0.86,-0.482,95.2,1,16.14,291.96
4025,19.88,39.8,438.0,0.09,306.68,234.0,0.25,-0.561,95.1,1,16.37,306.93
4026,19.93,47.5,457.0,0.13,312.0,238.06,1.0,-0.844,94.5,0,17.13,313.0
4027,20.67,46.8,400.0,0.22,306.68,234.0,0.81,-0.503,95.2,1,18.37,307.49
4028,20.57,49.8,400.0,0.27,291.1,222.11,0.39,-0.336,95.3,1,20.0,291.49
4029,21.22,51.0,400.0,0.24,266.31,203.19,0.13,-0.307,95.3,1,21.91,266.44
4030,21.13,53.7,400.0,0.16,234.0,178.54,0.35,-0.111,95.1,1,23.99,234.35
4031,22.23,55.2,429.0,0.0,196.38,149.83,0.11,0.019,94.8,1,26.07,196.48
4032,23.53,59.4,408.0,0.05,156.0,119.03,0.62,0.44,93.3,1,28.02,156.62
4033,24.31,59.3,458.0,0.08,196.38,149.83,0.11,-0.096,95.1,1,29.72,196.49
4034,24.37,60.9,433.0,0.12,234.0,178.54,0.43,0.297,94.0,1,31.03,234.43
4035,25.43,60.4,441.0,0.11,266.31,203.19,0.67,0.423,93.4,1,31.88,266.98
4036,26.92,58.0,400.0,0.15,291.1,222.11,0.45,0.369,93.7,1,32.21,291.55
4037,26.11,54.5,400.0,0.12,306.68,234.0,0.88,0.356,93.7,1,31.99,307.57
4038,25.87,52.3,400.0,0.22,312.0,238.06,0.24,0.6,92.5,1,31.25,312.24
4039,26.02,59.1,440.0,0.02,306.68,234.0,0.52,0.564,92.7,1,30.02,307.21
4040,25.85,53.4,971.0,1.0,378.43,288.74,10.91,0.222,94.2,1,28.4,389.34
4041,25.25,50.6,972.0,1.0,346.2,264.15,10.35,-0.006,94.9,1,26.5,356.55
4042,24.68,44.1,966.0,1.0,304.2,232.1,10.47,0.152,94.5,1,24.44,314.67
4043,23.25,43.3,1083.0,1.0,255.29,194.79,10.93,-0.005,94.9,1,22.37,266.22
4044,22.71,40.0,996.0,1.0,202.8,154.74,10.5,0.121,94.6,1,20.43,213.3
4045,22.34,37.8,1016.0,1.0,255.29,194.79,10.86,-0.314,95.3,1,18.75,266.15
4046,21.6,38.8,966.0,1.0,304.2,232.1,10.94,-0.286,95.3,1,17.45,315.14
4047,20.78,42.9,1029.0,1.0,346.2,264.15,10.26,-0.695,94.9,1,16.61,356.46
4048,20.49,42.8,947.0,1.0,378.43,288.74,10.79,-0.743,94.8,0,16.3,389.22
4049,20.31,40.7,971.0,1.0,398.69,304.2,10.65,-0.637,95.0,1,16.53,409.34
4050,20.62,44.0,978.0,1.0,405.6,309.47,10.99,-0.55,95.2,1,17.29,416.59
4051,20.22,48.5,407.0,0.08,306.68,234.0,0.59,-0.647,95.0,1,18.52,307.27
4052,20.77,48.4,400.0,0.25,291.1,222.11,0.79,-0.404,95.3,1,20.16,291.89
4053,20.77,52.3,446.0,0.17,266.31,203.19,0.35,-0.694,94.9,1,22.07,266.65
4054,21.94,55.4,415.0,0.14,234.0,178.54,0.61,-0.293,95.3,1,24.14,234.61
4055,22.57,57.5,400.0,0.22,196.38,149.83,0.78,-0.17,95.2,1,26.23,197.15
4056,23.58,58.9,430.0,0.11,156.0,119.03,0.97,-0.29,95.3,1,28.18,156.97
4057,24.28,58.2,400.0,0.13,196.38,149.83,0.25,0.175,94.4,1,29.88,196.63
4058,24.94,58.9,400.0,0.2,234.0,178.54,0.08,-0.184,95.2,1,31.19,234.08
4059,25.21,57.5,427.0,0.19,266.31,203.19,0.98,0.217,94.3,1,32.04,267.28
4060,25.86,55.8,400.0,0.29,291.1,222.11,0.6,0.591,92.5,1,32.37,291.7
4061,26.56,57.2,422.0,0.17,306.68,234.0,0.02,0.038,94.8,1,32.15,306.7
4062,25.8,57.0,400.0,0.1,312.0,238.06,0.52,0.634,92.3,1,31.41,312.52
4063,25.71,50.3,400.0,0.09,306.68,234.0,0.94,0.25,94.1,1,30.18,307.62
4064,25.81,51.0,1059.0,1.0,378.43,288.74,10.98,0.315,93.9,1,28.56,389.41
4065,25.45,49.4,984.0,1.0,346.2,264.15,10.33,0.635,92.3,1,26.66,356.53
4066,24.2,41.7,1029.0,1.0,304.2,232.1,10.78,0.125,94.6,1,24.6,314.98
4067,23.85,42.7,1008.0,1.0,255.29,194.79,10.46,0.452,93.3,1,22.53,265.75
4068,23.06,44.9,1011.0,1.0,202.8,154.74,10.4,-0.061,95.0,1,20.59,213.2
4069,21.22,41.6,992.0,1.0,255.29,194.79,10.76,-0.146,95.1,1,18.91,266.05
4070,21.49,36.3,991.0,1.0,304.2,232.1,10.27,-0.082,95.1,1,17.61,314.47
4071,20.9,41.5,1046.0,1.0,346.2,264.15,10.43,-0.245,95.2,1,16.77,356.63
4072,20.42,39.6,1028.0,1.0,378.43,288.74,10.25,-0.402,95.3,1,16.46,388.68
4073,20.9,44.0,985.0,1.0,398.69,304.2,10.14,-0.576,95.1,1,16.69,408.83
4074,19.48,43.2,969.0,1.0,405.6,309.47,10.38,-0.81,94.6,0,17.45,415.98
4075,19.78,46.9,400.0,0.16,306.68,234.0,0.96,-0.783,94.7,0,18.69,307.64
4076,19.18,48.5,429.0,0.23,291.1,222.11,0.42,-0.17,95.2,1,20.32,291.52
4077,20.72,52.1,435.0,0.26,266.31,203.19,0.68,-0.014,94.9,1,22.24,266.99
4078,21.38,53.5,417.0,0.26,234.0,178.54,0.29,-0.224,95.2,1,24.31,234.29
4079,22.04,56.3,400.0,0.26,196.38,149.83,0.87,-0.484,95.2,1,26.39,197.24
4080,23.62,56.1,423.0,0.07,156.0,119.03,0.62,-0.154,95.2,1,28.34,156.62
4081,24.27,60.5,439.0,0.09,196.38,149.83,0.95,-0.035,95.0,1,30.04,197.33
4082,24.6,60.3,405.0,0.21,234.0,178.54,0.33,0.139,94.5,1,31.35,234.33
4083,24.99,56.5,459.0,0.16,266.31,203.19,0.54,0.177,94.4,1,32.2,266.85
4084,26.16,60.9,400.0,0.18,291.1,222.11,0.19,0.537,92.8,1,32.53,291.29
4085,25.94,57.0,421.0,0.2,306.68,234.0,0.14,0.532,92.9,1,32.32,306.82
4086,25.64,55.7,400.0,0.03,312.0,238.06,0.59,0.816,91.1,0,31.57,312.59
4087,25.08,54.6,432.0,0.05,306.68,234.0,0.8,0.405,93.5,1,30.34,307.49
4088,25.42,51.1,1018.0,1.0,378.43,288.74,10.2,0.473,93.2,1,28.72,388.63
4089,25.53,50.2,1054.0,1.0,346.2,264.15,10.7,0.502,93.0,1,26.82,356.9
4090,25.67,44.8,1015.0,1.0,304.2,232.1,10.67,0.454,93.3,1,24.76,314.87
4091,23.84,45.3,988.0,1.0,255.29,194.79,10.48,-0.118,95.1,1,22.69,265.77
4092,22.64,41.8,985.0,1.0,202.8,154.74,10.77,0.081,94.7,1,20.75,213.57
4093,21.65,41.5,992.0,1.0,255.29,194.79,10.59,-0.1,95.1,1,19.07,265.88
4094,21.79,40.8,985.0,1.0,304.2,232.1,10.95,-0.189,95.2,1,17.77,315.15
4095,20.01,42.7,1040.0,1.0,346.2,264.15,10.76,-0.342,95.3,1,16.93,356.96
4096,20.69,42.6,1038.0,1.0,378.43,288.74,10.89,-0.09,95.1,1,16.62,389.32
4097,20.52,41.7,955.0,1.0,398.69,304.2,10.36,-0.661,95.0,1,16.85,409.05
4098,20.22,43.3,1001.0,1.0,405.6,309.47,10.81,-0.69,94.9,1,17.61,416.41
4099,19.99,46.9,402.0,0.15,306.68,234.0,0.99,-0.647,95.0,1,18.85,307.68
4100,20.68,48.0,400.0,0.09,291.1,222.11,0.16,-0.491,95.2,1,20.48,291.26
4101,20.96,50.0,413.0,0.15,266.31,203.19,0.51,-0.295,95.3,1,22.4,266.82
4102,21.1,50.3,444.0,0.06,234.0,178.54,0.86,-0.341,95.3,1,24.47,234.86
4103,23.14,53.6,427.0,0.02,196.38,149.83,0.4,0.072,94.7,1,26.55,196.77
4104,22.81,62.4,440.0,0.15,156.0,119.03,0.51,-0.001,94.9,1,28.5,156.51
4105,24.14,58.2,400.0,0.12,196.38,149.83,0.75,0.11,94.6,1,30.2,197.12
4106,23.27,63.8,401.0,0.01,234.0,178.54,0.82,-0.016,94.9,1,31.51,234.82
4107,25.73,60.6,400.0,0.22,266.31,203.19,0.2,0.718,91.8,0,32.37,266.51
4108,26.3,58.8,407.0,0.19,291.1,222.11,0.39,0.424,93.4,1,32.69,291.49
4109,25.88,54.4,410.0,0.02,306.68,234.0,0.39,0.81,91.1,0,32.48,307.08
4110,26.24,55.4,429.0,0.21,312.0,238.06,0.15,0.376,93.6,1,31.73,312.15
4111,26.14,56.8,439.0,0.02,306.68,234.0,0.09,0.649,92.2,1,30.51,306.78
4112,25.23,53.6,1021.0,1.0,378.43,288.74,10.74,0.32,93.9,1,28.89,389.17
4113,25.35,48.4,974.0,1.0,346.2,264.15,10.85,0.717,91.8,0,26.98,357.05
4114,24.04,43.1,959.0,1.0,304.2,232.1,10.95,0.474,93.2,1,24.93,315.15
4115,23.42,41.4,1016.0,1.0,255.29,194.79,10.96,0.299,94.0,1,22.86,266.24
4116,23.5,39.9,1045.0,1.0,202.8,154.74,10.99,-0.145,95.1,1,20.92,213.79
4117,22.65,43.0,999.0,1.0,255.29,194.79,10.08,0.252,94.1,1,19.24,265.37
4118,21.08,43.3,954.0,1.0,304.2,232.1,10.4,0.158,94.5,1,17.93,314.6
4119,20.44,40.6,1063.0,1.0,346.2,264.15,10.08,-0.429,95.3,1,17.09,356.28
4120,20.01,40.5,1015.0,1.0,378.43,288.74,10.68,-0.401,95.3,1,16.78,389.11
4121,20.39,45.7,1005.0,1.0,398.69,304.2,10.97,-0.298,95.3,1,17.01,409.66
4122,19.42,42.6,965.0,1.0,405.6,309.47,10.04,-0.894,94.4,0,17.77,415.64
4123,20.2,47.1,400.0,0.14,306.68,234.0,0.53,-0.254,95.2,1,19.01,307.21
4124,20.69,50.5,421.0,0.18,291.1,222.11,0.53,-0.228,95.2,1,20.64,291.63
4125,20.74,50.4,415.0,0.23,266.31,203.19,0.16,-0.466,95.2,1,22.56,266.47
4126,21.91,53.3,400.0,0.26,234.0,178.54,0.83,-0.688,94.9,1,24.63,234.83
4127,21.97,55.3,400.0,0.2,196.38,149.83,0.39,-0.063,95.0,1,26.71,196.77
4128,22.79,61.2,400.0,0.27,156.0,119.03,0.42,-0.227,95.2,1,28.67,156.42
4129,23.18,63.4,450.0,0.17,196.38,149.83,0.96,-0.188,95.2,1,30.36,197.34
4130,24.9,60.2,427.0,0.21,234.0,178.54,0.25,0.324,93.9,1,31.68,234.25
4131,24.63,59.2,400.0,0.23,266.31,203.19,0.39,0.617,92.4,1,32.53,266.69
4132,25.66,57.7,400.0,0.25,291.1,222.11,0.77,0.389,93.6,1,32.86,291.87
4133,25.74,57.4,408.0,0.23,306.68,234.0,0.48,0.72,91.7,0,32.64,307.16
4134,25.35,54.3,400.0,0.27,312.0,238.06,0.6,0.633,92.3,1,31.89,312.6
4135,25.47,52.8,400.0,0.14,306.68,234.0,0.48,0.208,94.3,1,30.67,307.16
4136,26.16,51.3,966.0,1.0,378.43,288.74,10.28,0.322,93.9,1,29.05,388.71
4137,25.09,47.1,970.0,1.0,346.2,264.15,10.16,0.569,92.7,1,27.15,356.36
4138,23.86,45.0,1005.0,1.0,304.2,232.1,10.85,0.138,94.5,1,25.09,315.05
4139,23.79,42.9,992.0,1.0,255.29,194.79,10.28,0.293,94.0,1,23.02,265.56
4140,22.78,41.0,1075.0,1.0,202.8,154.74,11.0,-0.082,95.1,1,21.08,213.8
4141,23.8,39.6,1018.0,1.0,255.29,194.79,10.01,0.015,94.9,1,19.4,265.3
4142,21.49,41.5,965.0,1.0,304.2,232.1,10.88,-0.164,95.2,1,18.1,315.08
4143,20.53,36.7,954.0,1.0,346.2,264.15,10.95,-0.403,95.3,1,17.26,357.15
4144,20.95,44.3,1012.0,1.0,378.43,288.74,10.06,-0.294,95.3,1,16.94,388.49
4145,19.02,42.9,988.0,1.0,398.69,304.2,10.63,-0.915,94.3,0,17.17,409.32
4146,19.88,45.8,1040.0,1.0,405.6,309.47,10.78,-0.717,94.9,0,17.93,416.38
4147,20.93,48.4,408.0,0.2,306.68,234.0,0.62,-0.576,95.1,1,19.17,307.3
4148,20.17,48.1,400.0,0.23,291.1,222.11,0.88,-0.198,95.2,1,20.81,291.98
4149,19.84,50.3,400.0,0.2,266.31,203.19,0.13,-0.643,95.0,1,22.72,266.44
4150,21.12,52.5,400.0,0.08,234.0,178.54,0.95,-0.257,95.3,1,24.79,234.95
4151,22.77,56.2,413.0,0.3,196.38,149.83,0.55,-0.066,95.0,1,26.88,196.93
4152,23.0,59.8,400.0,0.27,156.0,119.03,0.34,0.05,94.8,1,28.83,156.34
4153,23.17,58.4,405.0,0.11,196.38,149.83,0.53,0.11,94.6,1,30.52,196.9
4154,23.96,61.2,400.0,0.01,234.0,178.54,0.34,0.126,94.6,1,31.84,234.34
4155,24.64,55.0,400.0,0.16,266.31,203.19,0.46,0.304,93.9,1,32.69,266.76
4156,25.58,58.1,411.0,0.26,291.1,222.11,0.16,0.628,92.3,1,33.02,291.26
4157,26.36,59.7,444.0,0.25,306.68,234.0,0.84,0.345,93.8,1,32.8,307.53
4158,26.32,55.1,407.0,0.27,312.0,238.06,0.39,0.068,94.7,1,32.06,312.39
4159,25.92,51.4,400.0,0.29,306.68,234.0,0.47,0.576,92.6,1,30.83,307.15
4160,24.72,49.2,445.0,0.21,291.1,222.11,0.91,0.732,91.7,0,29.21,292.01
4161,24.24,41.8,400.0,0.05,266.31,203.19,0.91,0.143,94.5,1,27.31,267.22
4162,24.55,43.4,423.0,0.01,234.0,178.54,0.79,0.522,92.9,1,25.25,234.79
4163,22.88,45.4,400.0,0.05,196.38,149.83,0.03,0.234,94.2,1,23.18,196.41
4164,22.66,40.4,403.0,0.06,156.0,119.03,0.91,-0.231,95.2,1,21.24,156.91
4165,22.14,39.5,400.0,0.02,196.38,149.83,0.19,-0.27,95.3,1,19.56,196.56
4166,20.7,35.3,410.0,0.14,234.0,178.54,0.44,-0.4,95.3,1,18.26,234.44
4167,20.13,37.0,424.0,0.24,266.31,203.19,0.9,-0.32,95.3,1,17.42,267.21
4168,20.11,43.5,400.0,0.0,291.1,222.11,0.1,-0.469,95.2,1,17.11,291.2
4169,20.11,43.8,400.0,0.24,306.68,234.0,0.13,-0.262,95.3,1,17.34,306.82
4170,20.28,42.0,411.0,0.28,312.0,238.06,0.58,-0.33,95.3,1,18.1,312.58
4171,20.15,45.7,400.0,0.05,306.68,234.0,0.47,-0.792,94.7,0,19.34,307.15
4172,20.18,49.5,400.0,0.01,291.1,222.11,0.39,-0.717,94.9,0,20.97,291.49
4173,20.25,49.7,411.0,0.14,266.31,203.19,0.81,-0.231,95.2,1,22.89,267.12
4174,20.7,50.6,400.0,0.26,234.0,178.54,0.89,-0.353,95.3,1,24.96,234.89
4175,21.7,56.4,400.0,0.22,196.38,149.83,0.99,-0.164,95.2,1,27.04,197.37
4176,22.93,59.6,416.0,0.01,156.0,119.03,0.12,0.109,94.6,1,29.0,156.12
4177,23.67,60.7,420.0,0.2,196.38,149.83,0.68,0.301,93.9,1,30.69,197.05
4178,23.17,61.7,400.0,0.25,234.0,178.54,0.87,0.003,94.9,1,32.01,234.87
4179,24.45,56.7,400.0,0.08,266.31,203.19,0.24,-0.091,95.1,1,32.86,266.55
4180,25.92,59.0,400.0,0.2,291.1,222.11,0.48,0.41,93.5,1,33.19,291.58
4181,25.65,56.9,418.0,0.15,306.68,234.0,0.01,0.312,93.9,1,32.97,306.69
4182,25.0,55.2,404.0,0.06,312.0,238.06,0.13,0.513,93.0,1,32.22,312.13
4183,26.78,52.6,400.0,0.27,306.68,234.0,0.13,0.465,93.2,1,31.0,306.81
4184,25.28,49.2,400.0,0.07,291.1,222.11,0.71,0.238,94.2,1,29.38,291.81
4185,25.01,41.8,419.0,0.25,266.31,203.19,0.62,0.771,91.4,0,27.47,266.93
4186,24.39,47.7,400.0,0.21,234.0,178.54,0.04,0.253,94.1,1,25.42,234.04
4187,23.28,43.9,423.0,0.07,196.38,149.83,0.6,0.015,94.9,1,23.35,196.97
4188,22.32,38.6,426.0,0.21,156.0,119.03,0.07,0.02,94.8,1,21.41,156.07
4189,22.97,41.4,400.0,0.01,196.38,149.83,0.2,-0.023,94.9,1,19.73,196.58
4190,21.68,39.1,428.0,0.07,234.0,178.54,0.9,-0.377,95.3,1,18.43,234.9
4191,20.97,39.4,404.0,0.09,266.31,203.19,0.45,0.11,94.6,1,17.59,266.76
4192,20.36,39.6,408.0,0.27,291.1,222.11,0.78,-0.738,94.8,0,17.27,291.88
4193,19.27,43.7,400.0,0.27,306.68,234.0,0.31,-0.774,94.7,0,17.5,307.0
4194,20.3,43.0,400.0,0.08,312.0,238.06,0.11,-0.82,94.6,0,18.26,312.11
4195,19.34,44.8,400.0,0.14,306.68,234.0,0.89,-0.482,95.2,1,19.5,307.57
4196,20.2,51.8,400.0,0.29,291.1,222.11,0.16,-0.338,95.3,1,21.14,291.26
4197,19.71,51.8,403.0,0.2,266.31,203.19,0.35,-0.42,95.3,1,23.05,266.66
4198,20.13,54.3,405.0,0.02,234.0,178.54,0.7,-0.156,95.2,1,25.12,234.7
4199,22.03,58.1,409.0,0.12,196.38,149.83,0.59,-0.038,95.0,1,27.21,196.97
4200,22.24,57.1,400.0,0.13,156.0,119.03,0.93,-0.072,95.0,1,29.16,156.93
4201,22.42,58.6,421.0,0.09,196.38,149.83,0.99,0.215,94.3,1,30.85,197.36
4202,24.41,60.6,454.0,0.16,234.0,178.54,0.15,0.211,94.3,1,32.17,234.15
4203,25.81,56.7,400.0,0.22,266.31,203.19,0.23,0.272,94.1,1,33.02,266.54
4204,25.92,59.3,400.0,0.21,291.1,222.11,0.64,0.333,93.8,1,33.35,291.74
4205,25.4,55.9,400.0,0.11,306.68,234.0,0.15,0.53,92.9,1,33.13,306.83
4206,25.63,57.1,403.0,0.22,312.0,238.06,0.54,0.744,91.6,0,32.39,312.54
4207,25.96,54.1,400.0,0.16,306.68,234.0,0.37,0.242,94.2,1,31.16,307.06
4208,25.77,51.3,948.0,1.0,378.43,288.74,10.89,0.337,93.8,1,29.54,389.32
4209,24.56,44.7,956.0,1.0,346.2,264.15,10.92,0.386,93.6,1,27.64,357.12
4210,24.13,45.2,1031.0,1.0,304.2,232.1,10.26,0.601,92.5,1,25.58,314.46
4211,23.53,40.9,1038.0,1.0,255.29,194.79,10.1,0.216,94.3,1,23.51,265.38
4212,22.88,41.5,1048.0,1.0,202.8,154.74,10.99,-0.163,95.2,1,21.57,213.79
4213,21.75,35.8,1007.0,1.0,255.29,194.79,10.15,-0.314,95.3,1,19.89,265.44
4214,21.03,36.9,970.0,1.0,304.2,232.1,10.17,-0.053,95.0,1,18.59,314.37
4215,21.16,42.6,987.0,1.0,346.2,264.15,10.25,-0.416,95.3,1,17.75,356.45
4216,20.59,41.9,955.0,1.0,378.43,288.74,10.34,-0.679,94.9,1,17.44,388.77
4217,19.92,41.9,954.0,1.0,398.69,304.2,10.15,-0.28,95.3,1,17.67,408.84
4218,20.44,42.8,1008.0,1.0,405.6,309.47,10.32,-0.438,95.3,1,18.43,415.92
4219,19.49,44.8,416.0,0.23,306.68,234.0,0.02,-0.722,94.9,0,19.67,306.71
4220,20.79,49.9,459.0,0.26,291.1,222.11,0.8,-0.701,94.9,0,21.3,291.9
4221,20.72,51.4,400.0,0.22,266.31,203.19,0.26,-0.787,94.7,0,23.22,266.57
4222,22.7,57.7,400.0,0.05,234.0,178.54,0.82,-0.374,95.3,1,25.29,234.82
4223,21.19,56.4,400.0,0.25,196.38,149.83,0.65,-0.068,95.0,1,27.37,197.02
4224,22.21,58.5,400.0,0.1,156.0,119.03,0.48,0.192,94.4,1,29.33,156.48
4225,23.54,56.7,400.0,0.2,196.38,149.83,0.97,0.214,94.3,1,31.02,197.35
4226,24.25,59.3,410.0,0.3,234.0,178.54,0.39,-0.011,94.9,1,32.34,234.39
4227,25.64,60.1,400.0,0.09,266.31,203.19,0.18,0.297,94.0,1,33.19,266.49
4228,24.81,58.1,404.0,0.08,291.1,222.11,0.58,0.719,91.7,0,33.52,291.68
4229,25.89,56.4,420.0,0.05,306.68,234.0,0.14,0.381,93.6,1,33.3,306.82
4230,26.12,56.1,443.0,0.3,312.0,238.06,0.28,0.654,92.2,1,32.55,312.28
4231,25.78,56.1,409.0,0.13,306.68,234.0,0.91,0.612,92.4,1,31.33,307.59
4232,24.65,50.8,1031.0,1.0,378.43,288.74,10.89,0.585,92.6,1,29.71,389.32
4233,25.35,50.2,987.0,1.0,346.2,264.15,10.47,0.44,93.3,1,27.81,356.67
4234,24.64,46.7,991.0,1.0,304.2,232.1,10.48,0.401,93.5,1,25.75,314.68
4235,23.6,45.4,1040.0,1.0,255.29,194.79,10.57,-0.167,95.2,1,23.68,265.86
4236,22.62,40.4,959.0,1.0,202.8,154.74,10.08,0.303,93.9,1,21.74,212.88
4237,21.85,40.1,988.0,1.0,255.29,194.79,10.25,-0.491,95.2,1,20.06,265.54
4238,20.97,39.6,1034.0,1.0,304.2,232.1,10.58,-0.188,95.2,1,18.76,314.78
4239,20.7,41.3,994.0,1.0,346.2,264.15,10.32,-0.363,95.3,1,17.92,356.52
4240,19.92,42.7,991.0,1.0,378.43,288.74,10.21,-0.558,95.1,1,17.61,388.64
4241,19.18,42.9,992.0,1.0,398.69,304.2,10.65,-0.678,94.9,1,17.84,409.34
4242,18.97,46.4,1004.0,1.0,405.6,309.47,10.57,-0.39,95.3,1,18.6,416.17
4243,19.22,45.8,433.0,0.01,306.68,234.0,0.33,-0.323,95.3,1,19.84,307.01
4244,20.0,51.3,428.0,0.14,291.1,222.11,0.94,-0.454,95.2,1,21.47,292.04
4245,20.35,54.2,400.0,0.18,266.31,203.19,0.78,-0.411,95.3,1,23.39,267.09
4246,21.09,55.9,433.0,0.03,234.0,178.54,0.6,0.006,94.9,1,25.46,234.6
4247,21.95,57.0,410.0,0.29,196.38,149.83,0.21,-0.214,95.2,1,27.54,196.59
4248,22.16,59.8,426.0,0.0,156.0,119.03,0.65,-0.008,94.9,1,29.49,156.65
4249,23.98,57.7,400.0,0.08,196.38,149.83,0.69,0.089,94.7,1,31.19,197.06
4250,23.83,60.4,452.0,0.18,234.0,178.54,0.58,0.744,91.6,0,32.51,234.58
4251,24.37,60.4,407.0,0.15,266.31,203.19,0.64,0.186,94.4,1,33.36,266.95
4252,25.3,56.2,400.0,0.07,291.1,222.11,0.16,0.599,92.5,1,33.68,291.26
4253,24.43,58.3,450.0,0.3,306.68,234.0,0.33,0.143,94.5,1,33.47,307.02
4254,25.06,52.9,400.0,0.06,312.0,238.06,0.89,0.308,93.9,1,32.72,312.89
4255,25.84,52.2,400.0,0.17,306.68,234.0,0.14,0.421,93.4,1,31.5,306.82
4256,24.17,50.6,982.0,1.0,378.43,288.74,10.59,0.407,93.5,1,29.88,389.02
4257,25.12,46.4,1013.0,1.0,346.2,264.15,10.9,0.299,94.0,1,27.97,357.1
4258,24.69,45.6,973.0,1.0,304.2,232.1,10.01,0.23,94.2,1,25.92,314.21
4259,23.03,43.4,983.0,1.0,255.29,194.79,10.97,-0.008,94.9,1,23.85,266.26
4260,22.58,39.9,983.0,1.0,202.8,154.74,10.88,0.258,94.1,1,21.91,213.68
4261,22.21,41.6,991.0,1.0,255.29,194.79,10.72,-0.329,95.3,1,20.23,266.0
4262,20.69,38.5,985.0,1.0,304.2,232.1,10.71,-0.101,95.1,1,18.93,314.91
4263,20.73,44.8,1026.0,1.0,346.2,264.15,10.87,-0.218,95.2,1,18.09,357.07
4264,19.48,40.9,1008.0,1.0,378.43,288.74,10.17,-0.623,95.1,1,17.77,388.6
4265,19.28,40.3,1012.0,1.0,398.69,304.2,10.7,-0.556,95.1,1,18.0,409.39
4266,19.01,42.6,1018.0,1.0,405.6,309.47,10.34,-0.5,95.2,1,18.76,415.94
4267,19.68,49.3,400.0,0.03,306.68,234.0,0.88,-0.148,95.1,1,20.0,307.56
4268,20.38,48.7,400.0,0.05,291.1,222.11,0.53,-0.507,95.2,1,21.64,291.63
4269,20.18,49.4,454.0,0.03,266.31,203.19,0.77,0.371,93.7,1,23.55,267.07
4270,20.26,56.3,428.0,0.16,234.0,178.54,0.17,-0.096,95.1,1,25.62,234.17
4271,21.07,55.9,448.0,0.12,196.38,149.83,0.24,-0.061,95.0,1,27.71,196.62
4272,22.58,59.7,431.0,0.24,156.0,119.03,0.84,0.177,94.4,1,29.66,156.84
4273,24.08,61.4,400.0,0.03,196.38,149.83,0.4,-0.214,95.2,1,31.36,196.77
4274,24.08,60.5,400.0,0.13,234.0,178.54,0.53,0.484,93.1,1,32.67,234.53
4275,24.3,64.6,400.0,0.13,266.31,203.19,0.73,0.089,94.7,1,33.52,267.03
4276,25.35,55.4,419.0,0.07,291.1,222.11,0.17,0.607,92.4,1,33.85,291.27
4277,25.15,55.8,400.0,0.03,306.68,234.0,0.3,0.364,93.7,1,33.64,306.99
4278,25.18,54.9,400.0,0.0,312.0,238.06,0.33,0.34,93.8,1,32.89,312.33
4279,24.78,57.6,400.0,0.01,306.68,234.0,0.92,0.837,90.9,0,31.66,307.6
4280,25.66,54.1,1000.0,1.0,378.43,288.74,10.14,0.413,93.5,1,30.05,388.57
4281,23.21,50.4,968.0,1.0,346.2,264.15,10.37,0.047,94.8,1,28.14,356.57
4282,24.25,43.8,978.0,1.0,304.2,232.1,10.96,0.445,93.3,1,26.09,315.16
4283,22.89,41.9,1026.0,1.0,255.29,194.79,10.83,-0.115,95.1,1,24.02,266.12
4284,22.14,39.9,969.0,1.0,202.8,154.74,10.67,0.272,94.1,1,22.08,213.47
4285,22.41,38.9,972.0,1.0,255.29,194.79,10.55,-0.133,95.1,1,20.4,265.84
4286,20.48,43.0,1006.0,1.0,304.2,232.1,10.84,-0.505,95.2,1,19.09,315.04
4287,19.87,39.7,1026.0,1.0,346.2,264.15,10.95,-0.189,95.2,1,18.26,357.15
4288,19.67,40.9,988.0,1.0,378.43,288.74,10.92,-0.329,95.3,1,17.94,389.35
4289,19.64,44.2,1044.0,1.0,398.69,304.2,10.64,-0.908,94.3,0,18.17,409.33
4290,19.1,41.3,962.0,1.0,405.6,309.47,10.73,-0.513,95.2,1,18.93,416.33
4291,18.63,47.1,400.0,0.25,306.68,234.0,0.78,-0.423,95.3,1,20.17,307.46
4292,19.28,47.3,400.0,0.08,291.1,222.11,0.81,-0.385,95.3,1,21.8,291.91
4293,20.83,51.5,400.0,0.06,266.31,203.19,0.73,-0.391,95.3,1,23.72,267.04
4294,20.85,53.4,410.0,0.26,234.0,178.54,0.18,-0.101,95.1,1,25.79,234.18
4295,21.75,55.5,400.0,0.16,196.38,149.83,0.76,-0.016,94.9,1,27.88,197.14
4296,22.17,58.9,400.0,0.18,156.0,119.03,0.39,0.006,94.9,1,29.83,156.39
4297,22.74,60.0,411.0,0.0,196.38,149.83,0.2,0.082,94.7,1,31.52,196.58
4298,24.63,59.5,425.0,0.08,234.0,178.54,0.1,0.28,94.0,1,32.84,234.1
4299,24.32,60.5,432.0,0.08,266.31,203.19,0.24,0.233,94.2,1,33.69,266.55
4300,24.66,57.1,426.0,0.23,291.1,222.11,0.51,0.229,94.2,1,34.02,291.61
4301,25.73,58.8,400.0,0.12,306.68,234.0,0.25,0.258,94.1,1,33.8,306.93
4302,24.92,55.0,408.0,0.17,312.0,238.06,0.67,0.48,93.1,1,33.06,312.67
4303,24.88,52.1,415.0,0.28,306.68,234.0,0.96,0.311,93.9,1,31.83,307.65
4304,24.88,48.9,986.0,1.0,378.43,288.74,10.04,0.401,93.5,1,30.21,388.47
4305,24.39,47.4,1005.0,1.0,346.2,264.15,10.13,0.62,92.4,1,28.31,356.33
4306,23.9,49.2,962.0,1.0,304.2,232.1,10.25,0.209,94.3,1,26.25,314.45
4307,24.08,43.1,981.0,1.0,255.29,194.79,10.8,0.157,94.5,1,24.18,266.09
4308,22.43,39.3,1011.0,1.0,202.8,154.74,10.27,-0.046,95.0,1,22.24,213.07
4309,20.29,42.3,1045.0,1.0,255.29,194.79,10.19,0.132,94.5,1,20.56,265.48
4310,20.91,39.1,1035.0,1.0,304.2,232.1,10.15,0.082,94.7,1,19.26,314.35
4311,20.14,40.8,1020.0,1.0,346.2,264.15,10.15,-0.447,95.3,1,18.42,356.35
4312,19.67,39.9,1002.0,1.0,378.43,288.74,10.72,-0.287,95.3,1,18.11,389.15
4313,19.47,45.2,998.0,1.0,398.69,304.2,10.71,-0.065,95.0,1,18.34,409.4
4314,19.22,43.4,957.0,1.0,405.6,309.47,10.31,-0.732,94.8,0,19.1,415.91
4315,19.31,49.8,400.0,0.21,306.68,234.0,0.45,-0.287,95.3,1,20.34,307.13
4316,19.94,47.4,400.0,0.18,291.1,222.11,0.63,-0.781,94.7,0,21.97,291.73
4317,19.83,51.5,417.0,0.12,266.31,203.19,0.98,-0.348,95.3,1,23.89,267.28
4318,20.25,57.4,428.0,0.15,234.0,178.54,0.74,-0.278,95.3,1,25.96,234.74
4319,22.95,57.1,422.0,0.29,196.38,149.83,0.8,-0.471,95.2,1,28.04,197.18
4320,21.86,63.0,435.0,0.1,156.0,119.03,0.98,0.218,94.3,1,30.0,156.98
4321,23.04,59.0,402.0,0.24,196.38,149.83,0.38,0.159,94.5,1,31.69,196.76
4322,22.96,60.5,400.0,0.18,234.0,178.54,0.07,0.065,94.7,1,33.01,234.07
4323,24.38,63.6,400.0,0.13,266.31,203.19,0.75,0.419,93.4,1,33.86,267.06
4324,24.33,55.9,400.0,0.12,291.1,222.11,0.12,0.614,92.4,1,34.19,291.22
4325,24.87,54.1,420.0,0.16,306.68,234.0,0.44,0.129,94.6,1,33.97,307.12
4326,25.72,53.8,400.0,0.24,312.0,238.06,0.74,-0.13,95.1,1,33.23,312.74
4327,25.32,54.7,400.0,0.04,306.68,234.0,0.56,0.475,93.2,1,32.0,307.24
4328,25.07,47.3,421.0,0.27,291.1,222.11,0.37,0.279,94.0,1,30.38,291.47
4329,23.42,49.1,400.0,0.23,266.31,203.19,0.51,0.621,92.4,1,28.48,266.82
4330,24.6,46.5,429.0,0.1,234.0,178.54,0.25,0.176,94.4,1,26.42,234.25
4331,22.36,47.3,400.0,0.0,196.38,149.83,0.07,0.191,94.4,1,24.35,196.45
4332,22.94,43.7,409.0,0.03,156.0,119.03,0.41,-0.037,95.0,1,22.41,156.41
4333,21.9,41.2,400.0,0.04,196.38,149.83,0.06,-0.439,95.3,1,20.73,196.43
4334,20.95,42.7,425.0,0.03,234.0,178.54,0.98,-0.244,95.2,1,19.43,234.98
4335,19.61,41.3,400.0,0.03,266.31,203.19,0.45,-0.619,95.1,1,18.59,266.76
4336,19.64,40.2,400.0,0.29,291.1,222.11,0.88,-0.708,94.9,0,18.28,291.98
4337,19.02,40.3,423.0,0.2,306.68,234.0,0.95,-0.702,94.9,0,18.51,307.64
4338,19.17,43.5,400.0,0.25,312.0,238.06,0.45,-0.737,94.8,0,19.27,312.45
4339,19.12,46.9,400.0,0.17,306.68,234.0,0.42,-0.525,95.2,1,20.51,307.1
4340,18.53,49.9,400.0,0.19,291.1,222.11,0.89,-0.511,95.2,1,22.14,291.99
4341,20.58,47.9,427.0,0.26,266.31,203.19,0.03,-0.297,95.3,1,24.06,266.34
4342,20.6,54.1,409.0,0.08,234.0,178.54,0.49,-0.565,95.1,1,26.13,234.49
4343,21.11,56.8,407.0,0.21,196.38,149.83,0.27,-0.18,95.2,1,28.21,196.64
4344,21.85,59.5,400.0,0.27,156.0,119.03,0.75,-0.096,95.1,1,30.17,156.75
4345,23.08,62.8,415.0,0.28,196.38,149.83,0.84,0.17,94.4,1,31.86,197.21
4346,23.18,60.4,400.0,0.13,234.0,178.54,0.62,0.3,94.0,1,33.18,234.62
4347,23.11,58.0,400.0,0.26,266.31,203.19,0.41,0.385,93.6,1,34.03,266.72
4348,24.92,55.3,400.0,0.15,291.1,222.11,0.55,0.235,94.2,1,34.36,291.65
4349,25.27,58.8,400.0,0.08,306.68,234.0,0.57,0.488,93.1,1,34.14,307.26
4350,25.01,53.7,432.0,0.08,312.0,238.06,0.64,0.397,93.5,1,33.4,312.64
4351,24.43,54.8,407.0,0.14,306.68,234.0,0.92,0.746,91.6,0,32.17,307.61
4352,24.74,53.3,400.0,0.08,291.1,222.11,0.25,0.455,93.3,1,30.55,291.35
4353,23.49,44.8,403.0,0.01,266.31,203.19,0.2,0.369,93.7,1,28.65,266.51
4354,23.08,46.5,403.0,0.03,234.0,178.54,0.19,-0.006,94.9,1,26.59,234.19
4355,22.49,45.9,402.0,0.25,196.38,149.83,0.7,0.011,94.9,1,24.52,197.07
4356,22.51,43.6,405.0,0.26,156.0,119.03,0.9,0.052,94.8,1,22.58,156.9
4357,21.12,36.3,400.0,0.26,196.38,149.83,0.33,-0.145,95.1,1,20.9,196.7
4358,20.35,38.3,403.0,0.17,234.0,178.54,0.42,-0.268,95.3,1,19.6,234.42
4359,20.93,37.7,400.0,0.28,266.31,203.19,0.97,-0.704,94.9,0,18.76,267.28
4360,19.65,42.2,417.0,0.15,291.1,222.11,0.15,-0.596,95.1,1,18.45,291.25
4361,19.34,43.4,400.0,0.14,306.68,234.0,0.88,-0.538,95.2,1,18.68,307.56
4362,18.88,39.2,435.0,0.14,312.0,238.06,0.96,-0.26,95.3,1,19.44,312.96
4363,18.87,46.4,400.0,0.08,306.68,234.0,0.8,-0.861,94.5,0,20.68,307.48
4364,18.37,51.1,450.0,0.18,291.1,222.11,0.34,-0.642,95.0,1,22.31,291.44
4365,20.42,52.4,400.0,0.13,266.31,203.19,0.65,-0.733,94.8,0,24.23,266.96
4366,20.77,54.9,400.0,0.29,234.0,178.54,0.29,-0.185,95.2,1,26.3,234.29
4367,21.18,56.0,409.0,0.05,196.38,149.83,0.12,0.108,94.6,1,28.38,196.5
4368,21.97,56.3,419.0,0.02,156.0,119.03,0.11,0.072,94.7,1,30.34,156.11
4369,23.18,59.5,400.0,0.11,196.38,149.83,0.01,0.245,94.2,1,32.03,196.39
4370,22.76,60.1,427.0,0.06,234.0,178.54,0.98,0.044,94.8,1,33.35,234.98
4371,23.86,61.0,400.0,0.3,266.31,203.19,0.66,0.427,93.4,1,34.2,266.96
4372,24.06,60.3,400.0,0.17,291.1,222.11,0.32,0.279,94.0,1,34.53,291.42
4373,25.81,57.6,400.0,0.11,306.68,234.0,0.58,0.495,93.1,1,34.31,307.26
4374,25.46,57.6,400.0,0.19,312.0,238.06,0.62,0.6,92.5,1,33.57,312.62
4375,23.81,52.3,400.0,0.14,306.68,234.0,0.18,0.425,93.4,1,32.34,306.87
4376,23.86,47.6,999.0,1.0,378.43,288.74,10.29,0.597,92.5,1,30.72,388.72
4377,24.07,48.8,997.0,1.0,346.2,264.15,10.55,0.321,93.9,1,28.82,356.75
4378,23.27,45.7,1032.0,1.0,304.2,232.1,10.84,0.305,93.9,1,26.76,315.04
4379,22.12,44.3,961.0,1.0,255.29,194.79,10.13,0.508,93.0,1,24.69,265.42
4380,22.97,39.1,981.0,1.0,202.8,154.74,10.86,0.099,94.6,1,22.75,213.66
4381,21.38,44.1,1036.0,1.0,255.29,194.79,10.61,-0.279,95.3,1,21.07,265.9
4382,20.73,41.4,1009.0,1.0,304.2,232.1,10.49,-0.346,95.3,1,19.77,314.69
4383,19.52,39.7,1016.0,1.0,346.2,264.15,10.14,-0.179,95.2,1,18.93,356.35
4384,19.75,39.2,1014.0,1.0,378.43,288.74,10.55,-0.224,95.2,1,18.62,388.98
4385,18.89,44.8,1014.0,1.0,398.69,304.2,10.35,-0.49,95.2,1,18.85,409.04
4386,18.84,42.4,1055.0,1.0,405.6,309.47,10.19,-0.805,94.6,0,19.61,415.79
4387,19.38,51.5,403.0,0.11,306.68,234.0,0.88,-0.673,95.0,1,20.85,307.56
4388,18.56,48.3,400.0,0.13,291.1,222.11,0.46,-0.397,95.3,1,22.48,291.56
4389,20.64,55.6,419.0,0.09,266.31,203.19,0.08,-0.237,95.2,1,24.4,266.39
4390,20.56,54.2,400.0,0.15,234.0,178.54,0.3,-0.049,95.0,1,26.47,234.3
4391,21.82,59.9,400.0,0.23,196.38,149.83,0.18,-0.536,95.2,1,28.55,196.56
4392,21.42,56.9,411.0,0.12,156.0,119.03,0.94,0.174,94.4,1,30.51,156.94
4393,22.27,59.6,400.0,0.28,196.38,149.83,0.24,0.415,93.5,1,32.2,196.62
4394,22.87,61.6,400.0,0.07,234.0,178.54,0.51,-0.229,95.2,1,33.52,234.51
4395,24.19,61.1,414.0,0.13,266.31,203.19,0.75,0.352,93.7,1,34.37,267.05
4396,24.57,61.1,400.0,0.18,291.1,222.11,0.16,0.585,92.6,1,34.7,291.26
4397,24.6,56.4,429.0,0.16,306.68,234.0,0.44,0.201,94.3,1,34.48,307.12
4398,24.43,55.6,400.0,0.28,312.0,238.06,0.65,0.4,93.5,1,33.74,312.65
4399,24.2,55.5,400.0,0.1,306.68,234.0,0.88,0.595,92.5,1,32.51,307.57
4400,24.5,49.1,1057.0,1.0,378.43,288.74,10.65,0.328,93.8,1,30.89,389.08
4401,23.81,49.0,954.0,1.0,346.2,264.15,10.08,0.281,94.0,1,28.99,356.28
4402,23.08,45.0,999.0,1.0,304.2,232.1,10.32,0.294,94.0,1,26.93,314.52
4403,23.47,43.7,1056.0,1.0,255.29,194.79,10.35,-0.105,95.1,1,24.86,265.64
4404,21.87,41.8,999.0,1.0,202.8,154.74,10.39,-0.213,95.2,1,22.92,213.19
4405,21.77,38.9,1040.0,1.0,255.29,194.79,10.94,-0.036,95.0,1,21.24,266.23
4406,20.14,39.5,1020.0,1.0,304.2,232.1,10.04,-0.06,95.0,1,19.94,314.24
4407,19.9,40.5,1000.0,1.0,346.2,264.15,10.3,-0.274,95.3,1,19.1,356.5
4408,19.27,40.9,996.0,1.0,378.43,288.74,10.49,-0.161,95.2,1,18.79,388.92
4409,18.15,45.7,936.0,1.0,398.69,304.2,10.09,-0.399,95.3,1,19.02,408.78
4410,19.61,46.6,990.0,1.0,405.6,309.47,10.48,-0.131,95.1,1,19.78,416.08
4411,18.92,47.5,407.0,0.22,306.68,234.0,0.11,-0.47,95.2,1,21.02,306.79
4412,19.66,48.0,407.0,0.08,291.1,222.11,0.84,-0.382,95.3,1,22.65,291.94
4413,19.38,50.5,474.0,0.09,266.31,203.19,0.27,-0.273,95.3,1,24.57,266.58
4414,20.3,58.5,408.0,0.21,234.0,178.54,0.52,-0.376,95.3,1,26.64,234.52
4415,20.66,54.7,419.0,0.28,196.38,149.83,0.62,-0.285,95.3,1,28.73,196.99
4416,22.49,58.6,435.0,0.15,156.0,119.03,0.31,-0.18,95.2,1,30.68,156.31
4417,22.8,60.2,416.0,0.26,196.38,149.83,0.35,0.018,94.9,1,32.37,196.73
4418,23.55,59.4,400.0,0.11,234.0,178.54,0.51,0.664,92.1,1,33.69,234.51
4419,24.66,57.8,400.0,0.12,266.31,203.19,0.81,0.718,91.8,0,34.54,267.11
4420,25.03,57.3,400.0,0.21,291.1,222.11,0.45,0.367,93.7,1,34.87,291.55
4421,25.13,56.3,413.0,0.02,306.68,234.0,0.49,0.399,93.5,1,34.65,307.18
4422,24.14,54.0,400.0,0.04,312.0,238.06,0.6,0.071,94.7,1,33.91,312.6
4423,24.4,55.7,419.0,0.22,306.68,234.0,0.43,0.284,94.0,1,32.68,307.11
4424,23.94,50.5,970.0,1.0,378.43,288.74,10.73,0.271,94.1,1,31.06,389.16
4425,24.32,46.8,1004.0,1.0,346.2,264.15,10.0,0.266,94.1,1,29.16,356.21
4426,23.42,45.6,1047.0,1.0,304.2,232.1,10.48,0.136,94.5,1,27.1,314.68
4427,21.91,44.6,993.0,1.0,255.29,194.79,10.92,0.172,94.4,1,25.04,266.21
4428,21.73,40.9,1055.0,1.0,202.8,154.74,10.62,0.155,94.5,1,23.1,213.42
4429,20.3,42.3,1005.0,1.0,255.29,194.79,10.49,-0.275,95.3,1,21.42,265.77
4430,20.29,37.5,998.0,1.0,304.2,232.1,10.77,0.037,94.8,1,20.11,314.97
4431,18.87,42.6,1003.0,1.0,346.2,264.15,10.39,-0.284,95.3,1,19.28,356.59
4432,19.48,41.1,991.0,1.0,378.43,288.74,10.47,-0.255,95.3,1,18.96,388.9
4433,19.1,42.5,941.0,1.0,398.69,304.2,10.2,-0.571,95.1,1,19.19,408.88
4434,19.76,43.2,1026.0,1.0,405.6,309.47,10.12,-0.391,95.3,1,19.95,415.72
4435,19.33,44.5,466.0,0.27,306.68,234.0,0.03,-0.392,95.3,1,21.19,306.71
4436,18.99,46.2,414.0,0.19,291.1,222.11,0.73,-0.139,95.1,1,22.83,291.83
4437,20.08,50.6,416.0,0.24,266.31,203.19,0.47,-0.223,95.2,1,24.74,266.78
4438,19.59,55.8,400.0,0.11,234.0,178.54,0.94,-0.079,95.0,1,26.81,234.94
4439,20.53,54.8,435.0,0.17,196.38,149.83,0.18,-0.235,95.2,1,28.9,196.55
4440,21.95,55.3,400.0,0.15,156.0,119.03,0.24,0.239,94.2,1,30.85,156.24
4441,21.48,57.7,408.0,0.06,196.38,149.83,0.64,-0.126,95.1,1,32.54,197.01
4442,23.26,59.2,400.0,0.25,234.0,178.54,0.05,0.135,94.5,1,33.86,234.05
4443,23.39,59.1,400.0,0.1,266.31,203.19,0.5,0.41,93.5,1,34.71,266.81
4444,24.42,58.6,411.0,0.14,291.1,222.11,0.12,0.202,94.3,1,35.04,291.22
4445,24.13,59.5,427.0,0.04,306.68,234.0,0.16,0.298,94.0,1,34.83,306.85
4446,24.98,57.9,428.0,0.19,312.0,238.06,0.51,0.315,93.9,1,34.08,312.51
4447,24.67,57.1,400.0,0.24,306.68,234.0,0.57,0.559,92.7,1,32.85,307.25
4448,25.05,47.2,956.0,1.0,378.43,288.74,10.21,0.401,93.5,1,31.24,388.64
4449,23.88,46.2,1018.0,1.0,346.2,264.15,10.27,0.546,92.8,1,29.33,356.47
4450,22.86,46.8,978.0,1.0,304.2,232.1,10.28,0.626,92.3,1,27.28,314.48
4451,22.4,42.4,1027.0,1.0,255.29,194.79,10.14,0.183,94.4,1,25.21,265.43
4452,21.07,43.3,951.0,1.0,202.8,154.74,10.97,-0.102,95.1,1,23.27,213.77
4453,21.16,40.9,997.0,1.0,255.29,194.79,10.69,-0.056,95.0,1,21.59,265.98
4454,20.53,43.2,999.0,1.0,304.2,232.1,10.11,-0.429,95.3,1,20.28,314.31
4455,20.84,42.3,1014.0,1.0,346.2,264.15,10.36,-0.366,95.3,1,19.45,356.56
4456,18.82,43.2,969.0,1.0,378.43,288.74,10.17,0.059,94.7,1,19.13,388.6
4457,18.69,41.8,941.0,1.0,398.69,304.2,10.23,-0.524,95.2,1,19.36,408.92
4458,18.43,44.4,1005.0,1.0,405.6,309.47,10.94,-0.439,95.3,1,20.12,416.54
4459,18.93,46.3,416.0,0.18,306.68,234.0,0.14,-0.515,95.2,1,21.36,306.82
4460,19.31,46.5,430.0,0.21,291.1,222.11,0.88,-0.515,95.2,1,23.0,291.98
4461,19.56,55.1,400.0,0.14,266.31,203.19,0.84,-0.257,95.3,1,24.91,267.15
4462,20.75,56.1,423.0,0.07,234.0,178.54,0.74,-0.504,95.2,1,26.98,234.74
4463,20.62,56.0,415.0,0.01,196.38,149.83,0.5,-0.163,95.2,1,29.07,196.87
4464,22.19,61.0,440.0,0.2,156.0,119.03,0.26,-0.271,95.3,1,31.02,156.26
4465,22.74,58.3,400.0,0.2,196.38,149.83,0.83,0.438,93.3,1,32.72,197.21
4466,23.19,56.3,400.0,0.2,234.0,178.54,0.83,0.447,93.3,1,34.03,234.83
4467,23.65,61.8,400.0,0.17,266.31,203.19,0.53,0.2,94.3,1,34.89,266.83
4468,25.5,56.3,403.0,0.1,291.1,222.11,0.05,0.062,94.7,1,35.21,291.15
4469,24.17,57.0,416.0,0.07,306.68,234.0,0.19,0.581,92.6,1,35.0,306.88
4470,24.83,55.8,400.0,0.02,312.0,238.06,0.06,0.491,93.1,1,34.25,312.06
4471,24.2,53.8,400.0,0.04,306.68,234.0,0.18,0.932,90.2,0,33.03,306.86
4472,25.16,52.2,1026.0,1.0,378.43,288.74,10.51,0.713,91.8,0,31.41,388.94
4473,24.23,49.0,997.0,1.0,346.2,264.15,10.85,0.481,93.1,1,29.5,357.06
4474,22.82,46.5,991.0,1.0,304.2,232.1,10.65,0.144,94.5,1,27.45,314.85
4475,22.69,41.7,1057.0,1.0,255.29,194.79,10.6,0.077,94.7,1,25.38,265.89
4476,21.78,42.2,968.0,1.0,202.8,154.74,10.75,0.06,94.7,1,23.44,213.55
4477,20.62,37.5,1037.0,1.0,255.29,194.79,10.64,-0.058,95.0,1,21.76,265.93
4478,20.53,43.1,1031.0,1.0,304.2,232.1,10.44,-0.392,95.3,1,20.46,314.64
4479,19.72,37.4,993.0,1.0,346.2,264.15,10.82,-0.626,95.0,1,19.62,357.02
4480,19.15,40.4,999.0,1.0,378.43,288.74,10.31,-0.047,95.0,1,19.3,388.74
4481,18.72,40.0,999.0,1.0,398.69,304.2,10.93,-0.476,95.2,1,19.53,409.62
4482,18.85,43.1,1005.0,1.0,405.6,309.47,10.12,-0.415,95.3,1,20.3,415.72
4483,18.85,47.0,400.0,0.08,306.68,234.0,0.64,-0.654,95.0,1,21.53,307.32
4484,19.06,48.5,400.0,0.06,291.1,222.11,0.5,-0.16,95.2,1,23.17,291.6
4485,19.18,54.4,400.0,0.04,266.31,203.19,0.43,-0.146,95.1,1,25.09,266.73
4486,20.97,55.0,400.0,0.01,234.0,178.54,0.43,-0.238,95.2,1,27.16,234.43
4487,20.31,55.8,400.0,0.22,196.38,149.83,0.04,-0.087,95.1,1,29.24,196.42
4488,21.83,58.1,400.0,0.04,156.0,119.03,0.75,0.057,94.8,1,31.19,156.75
4489,22.23,62.0,403.0,0.2,196.38,149.83,0.35,0.149,94.5,1,32.89,196.73
4490,23.99,61.8,400.0,0.26,234.0,178.54,0.48,0.362,93.7,1,34.21,234.48
4491,23.27,57.5,400.0,0.25,266.31,203.19,0.85,0.429,93.4,1,35.06,267.16
4492,23.83,57.5,400.0,0.09,291.1,222.11,0.58,0.398,93.5,1,35.39,291.68
4493,24.01,58.3,400.0,0.04,306.68,234.0,0.85,0.249,94.2,1,35.17,307.54
4494,24.75,56.1,438.0,0.13,312.0,238.06,0.14,0.495,93.1,1,34.42,312.14
4495,23.8,50.9,400.0,0.05,306.68,234.0,0.28,0.633,92.3,1,33.2,306.97
4496,23.94,52.0,420.0,0.11,291.1,222.11,0.23,0.567,92.7,1,31.58,291.33
4497,22.63,46.1,441.0,0.17,266.31,203.19,0.89,0.616,92.4,1,29.68,267.19
4498,23.2,48.0,400.0,0.19,234.0,178.54,0.78,0.534,92.8,1,27.62,234.78
4499,22.1,44.3,400.0,0.07,196.38,149.83,0.83,0.27,94.1,1,25.55,197.21
4500,20.83,39.3,452.0,0.07,156.0,119.03,0.57,0.037,94.8,1,23.61,156.57
4501,21.33,39.4,407.0,0.26,196.38,149.83,0.22,-0.061,95.0,1,21.93,196.6
4502,19.41,38.9,411.0,0.28,234.0,178.54,0.38,-0.365,95.3,1,20.63,234.38
4503,19.84,40.5,400.0,0.19,266.31,203.19,0.55,-0.194,95.2,1,19.79,266.86
4504,18.61,40.7,421.0,0.17,291.1,222.11,0.02,-0.168,95.2,1,19.48,291.12
4505,19.46,40.3,400.0,0.2,306.68,234.0,0.64,-0.275,95.3,1,19.71,307.32
4506,18.92,41.8,400.0,0.04,312.0,238.06,0.85,-0.389,95.3,1,20.47,312.85
4507,18.14,48.1,400.0,0.27,306.68,234.0,0.33,-0.531,95.2,1,21.71,307.01
4508,18.48,50.1,400.0,0.06,291.1,222.11,0.68,-0.504,95.2,1,23.34,291.78
4509,19.72,52.3,403.0,0.2,266.31,203.19,0.48,-0.386,95.3,1,25.26,266.79
4510,19.9,55.1,400.0,0.07,234.0,178.54,0.0,-0.396,95.3,1,27.33,234.0
4511,20.67,55.5,414.0,0.21,196.38,149.83,0.28,-0.074,95.0,1,29.41,196.66
4512,22.16,58.8,401.0,0.23,156.0,119.03,0.53,-0.559,95.1,1,31.37,156.53
4513,21.93,64.6,400.0,0.22,196.38,149.83,0.72,0.022,94.8,1,33.06,197.1
4514,23.07,62.3,400.0,0.13,234.0,178.54,0.4,0.264,94.1,1,34.38,234.4
4515,24.12,59.2,419.0,0.18,266.31,203.19,0.19,0.854,90.8,0,35.23,266.49
4516,24.52,57.8,434.0,0.18,291.1,222.11,0.06,0.434,93.4,1,35.56,291.16
4517,24.33,51.7,400.0,0.22,306.68,234.0,0.71,0.491,93.1,1,35.34,307.4
4518,24.36,57.5,400.0,0.15,312.0,238.06,0.37,0.333,93.8,1,34.59,312.37
4519,23.53,54.6,459.0,0.15,306.68,234.0,0.65,0.827,91.0,0,33.37,307.33
4520,23.57,49.4,400.0,0.21,291.1,222.11,0.22,0.27,94.1,1,31.75,291.32
4521,23.78,45.0,403.0,0.05,266.31,203.19,0.75,0.76,91.5,0,29.85,267.06
4522,22.92,43.1,400.0,0.2,234.0,178.54,0.34,0.102,94.6,1,27.79,234.34
4523,22.3,44.2,406.0,0.04,196.38,149.83,0.05,0.318,93.9,1,25.72,196.43
4524,22.0,41.4,451.0,0.22,156.0,119.03,0.51,-0.011,94.9,1,23.78,156.51
4525,20.11,41.9,408.0,0.12,196.38,149.83,0.73,-0.242,95.2,1,22.1,197.11
4526,19.86,40.2,432.0,0.25,234.0,178.54,0.93,-0.048,95.0,1,20.8,234.93
4527,19.45,42.2,401.0,0.03,266.31,203.19,0.97,-0.088,95.1,1,19.96,267.28
4528,18.52,41.9,400.0,0.14,291.1,222.11,0.46,-0.47,95.2,1,19.65,291.56
4529,19.28,44.3,400.0,0.05,306.68,234.0,0.61,-0.488,95.2,1,19.88,307.3
4530,18.92,40.4,400.0,0.26,312.0,238.06,0.56,-0.583,95.1,1,20.64,312.56
4531,18.71,44.5,407.0,0.04,306.68,234.0,0.53,-0.438,95.3,1,21.88,307.22
4532,19.76,48.8,437.0,0.15,291.1,222.11,0.11,-0.652,95.0,1,23.51,291.21
4533,18.58,54.3,405.0,0.03,266.31,203.19,0.67,-0.892,94.4,0,25.43,266.98
4534,19.94,58.3,400.0,0.24,234.0,178.54,0.97,-0.624,95.0,1,27.5,234.97
4535,20.85,56.4,400.0,0.08,196.38,149.83,0.13,-0.174,95.2,1,29.58,196.5
4536,20.98,57.2,411.0,0.18,156.0,119.03,0.31,-0.214,95.2,1,31.54,156.31
4537,22.36,55.6,400.0,0.05,196.38,149.83,0.08,0.106,94.6,1,33.23,196.45
4538,22.38,61.7,400.0,0.11,234.0,178.54,0.4,0.148,94.5,1,34.55,234.4
4539,23.9,58.7,427.0,0.03,266.31,203.19,0.48,0.212,94.3,1,35.4,266.79
4540,24.55,64.8,400.0,0.17,291.1,222.11,0.36,0.303,93.9,1,35.73,291.46
4541,24.46,55.9,400.0,0.0,306.68,234.0,0.48,0.676,92.0,1,35.51,307.16
4542,23.49,59.6,400.0,0.3,312.0,238.06,0.8,0.547,92.8,1,34.77,312.8
4543,23.83,54.5,422.0,0.12,306.68,234.0,0.21,0.796,91.2,0,33.54,306.9
4544,24.29,48.4,1005.0,1.0,378.43,288.74,10.76,0.454,93.3,1,31.92,389.19
4545,23.54,48.3,978.0,1.0,346.2,264.15,10.79,-0.028,95.0,1,30.02,356.99
4546,21.56,47.0,979.0,1.0,304.2,232.1,10.58,0.041,94.8,1,27.96,314.78
4547,22.8,42.8,994.0,1.0,255.29,194.79,10.32,0.152,94.5,1,25.89,265.6
4548,21.47,43.3,1009.0,1.0,202.8,154.74,10.94,0.048,94.8,1,23.95,213.74
4549,20.21,42.1,999.0,1.0,255.29,194.79,10.36,-0.247,95.2,1,22.27,265.65
4550,20.39,41.2,996.0,1.0,304.2,232.1,10.05,-0.409,95.3,1,20.97,314.25
4551,18.93,40.2,1001.0,1.0,346.2,264.15,10.14,-0.475,95.2,1,20.13,356.34
4552,18.44,38.8,999.0,1.0,378.43,288.74,10.89,-0.462,95.2,1,19.82,389.32
4553,18.66,42.4,977.0,1.0,398.69,304.2,10.15,-0.493,95.2,1,20.05,408.84
4554,19.27,44.9,1033.0,1.0,405.6,309.47,10.45,-0.72,94.9,0,20.81,416.05
4555,19.29,43.2,400.0,0.22,306.68,234.0,0.69,-0.434,95.3,1,22.05,307.38
4556,18.95,49.9,404.0,0.09,291.1,222.11,0.57,-0.386,95.3,1,23.68,291.67
4557,19.48,51.9,400.0,0.17,266.31,203.19,0.65,-0.376,95.3,1,25.6,266.96
4558,20.26,52.0,400.0,0.29,234.0,178.54,0.35,-0.388,95.3,1,27.67,234.35
4559,19.95,56.1,400.0,0.01,196.38,149.83,0.66,0.005,94.9,1,29.76,197.04
4560,21.68,57.8,400.0,0.13,156.0,119.03,0.01,0.265,94.1,1,31.71,156.01
4561,21.76,63.4,473.0,0.19,196.38,149.83,0.26,0.04,94.8,1,33.4,196.64
4562,23.01,60.4,407.0,0.1,234.0,178.54,0.12,0.124,94.6,1,34.72,234.12
4563,23.35,61.8,437.0,0.1,266.31,203.19,0.46,0.447,93.3,1,35.57,266.76
4564,24.19,58.7,426.0,0.22,291.1,222.11,0.15,0.199,94.3,1,35.9,291.25
4565,24.3,53.6,429.0,0.27,306.68,234.0,0.55,0.228,94.2,1,35.69,307.23
4566,22.8,56.7,400.0,0.16,312.0,238.06,0.18,0.37,93.7,1,34.94,312.18
4567,24.32,51.7,448.0,0.28,306.68,234.0,0.41,0.545,92.8,1,33.71,307.1
4568,24.25,49.8,1025.0,1.0,378.43,288.74,10.07,0.257,94.1,1,32.09,388.5
4569,23.67,45.8,1001.0,1.0,346.2,264.15,10.44,0.35,93.7,1,30.19,356.64
4570,22.77,45.6,1008.0,1.0,304.2,232.1,10.81,-0.152,95.2,1,28.14,315.01
4571,22.91,45.4,996.0,1.0,255.29,194.79,10.32,0.253,94.1,1,26.07,265.61
4572,21.47,43.5,1002.0,1.0,202.8,154.74,10.71,0.288,94.0,1,24.13,213.51
4573,20.75,43.6,999.0,1.0,255.29,194.79,10.43,-0.311,95.3,1,22.45,265.71
4574,20.33,43.5,1011.0,1.0,304.2,232.1,10.23,-0.161,95.2,1,21.14,314.43
4575,19.36,36.1,1052.0,1.0,346.2,264.15,10.3,-0.395,95.3,1,20.31,356.5
4576,18.25,38.7,964.0,1.0,378.43,288.74,10.3,-0.412,95.3,1,19.99,388.73
4577,17.18,39.0,1034.0,1.0,398.69,304.2,10.74,-0.532,95.2,1,20.22,409.43
4578,18.05,45.9,989.0,1.0,405.6,309.47,10.2,-0.561,95.1,1,20.98,415.8
4579,18.77,45.6,438.0,0.3,306.68,234.0,0.98,-0.65,95.0,1,22.22,307.66
4580,18.51,48.5,400.0,0.21,291.1,222.11,0.69,-0.652,95.0,1,23.86,291.79
4581,19.56,51.7,412.0,0.27,266.31,203.19,0.4,-0.134,95.1,1,25.77,266.71
4582,19.85,55.4,400.0,0.29,234.0,178.54,1.0,-0.586,95.1,1,27.84,235.0
4583,21.14,53.8,400.0,0.26,196.38,149.83,0.22,-0.133,95.1,1,29.93,196.59
4584,21.12,55.9,452.0,0.03,156.0,119.03,0.76,-0.013,94.9,1,31.88,156.76
4585,22.28,59.5,400.0,0.16,196.38,149.83,0.27,0.12,94.6,1,33.58,196.65
4586,23.02,62.4,403.0,0.11,234.0,178.54,0.54,0.383,93.6,1,34.89,234.54
4587,24.13,59.7,400.0,0.03,266.31,203.19,0.05,0.279,94.0,1,35.75,266.36
4588,23.0,57.3,400.0,0.17,291.1,222.11,0.85,0.564,92.7,1,36.07,291.95
4589,23.92,53.1,400.0,0.06,306.68,234.0,0.37,0.88,90.6,0,35.86,307.05
4590,24.67,57.3,400.0,0.17,312.0,238.06,0.58,0.47,93.2,1,35.11,312.58
4591,24.92,51.6,400.0,0.25,306.68,234.0,0.93,0.077,94.7,1,33.89,307.61
4592,23.96,48.2,999.0,1.0,378.43,288.74,10.03,0.405,93.5,1,32.27,388.46
4593,23.21,44.4,956.0,1.0,346.2,264.15,10.97,0.305,93.9,1,30.36,357.17
4594,23.11,42.5,1004.0,1.0,304.2,232.1,10.53,0.33,93.8,1,28.31,314.73
4595,22.44,41.3,996.0,1.0,255.29,194.79,10.78,-0.269,95.3,1,26.24,266.07
4596,21.05,41.1,926.0,1.0,202.8,154.74,10.47,0.065,94.7,1,24.3,213.27
4597,20.61,38.1,984.0,1.0,255.29,194.79,10.82,-0.214,95.2,1,22.62,266.1
4598,20.31,40.4,1014.0,1.0,304.2,232.1,10.88,-0.089,95.1,1,21.32,315.08
4599,20.04,39.7,968.0,1.0,346.2,264.15,10.38,-0.457,95.2,1,20.48,356.58
4600,18.99,45.6,1015.0,1.0,378.43,288.74,10.72,-0.259,95.3,1,20.16,389.15
4601,18.34,39.2,1013.0,1.0,398.69,304.2,11.0,-0.785,94.7,0,20.4,409.69
4602,18.18,44.9,969.0,1.0,405.6,309.47,10.76,-0.496,95.2,1,21.16,416.36
4603,18.58,47.3,400.0,0.22,306.68,234.0,0.96,-0.677,94.9,1,22.39,307.64
4604,18.54,47.5,425.0,0.27,291.1,222.11,0.74,-0.531,95.2,1,24.03,291.84
4605,19.17,52.3,400.0,0.2,266.31,203.19,0.33,0.19,94.4,1,25.95,266.64
4606,19.16,56.1,400.0,0.22,234.0,178.54,0.83,-0.44,95.3,1,28.02,234.83
4607,21.06,56.9,435.0,0.09,196.38,149.83,0.67,-0.204,95.2,1,30.1,197.04
4608,20.62,61.2,400.0,0.29,156.0,119.03,0.03,-0.229,95.2,1,32.05,156.03
4609,21.74,55.2,414.0,0.12,196.38,149.83,0.17,0.068,94.7,1,33.75,196.55
4610,22.73,58.3,400.0,0.27,234.0,178.54,0.26,0.22,94.3,1,35.07,234.26
4611,24.29,62.7,400.0,0.23,266.31,203.19,0.74,0.207,94.3,1,35.92,267.05
4612,23.56,60.7,413.0,0.11,291.1,222.11,0.8,0.748,91.6,0,36.25,291.9
4613,23.73,58.5,400.0,0.1,306.68,234.0,0.83,0.714,91.8,0,36.03,307.51
4614,23.89,57.9,400.0,0.2,312.0,238.06,0.07,0.311,93.9,1,35.28,312.07
4615,24.89,49.2,413.0,0.28,306.68,234.0,0.07,0.646,92.2,1,34.06,306.76
4616,22.35,52.1,1007.0,1.0,378.43,288.74,10.3,0.337,93.8,1,32.44,388.73
4617,22.77,50.0,984.0,1.0,346.2,264.15,10.68,0.108,94.6,1,30.54,356.88
4618,24.02,44.1,967.0,1.0,304.2,232.1,10.84,0.106,94.6,1,28.48,315.04
4619,22.22,48.5,1019.0,1.0,255.29,194.79,10.87,-0.122,95.1,1,26.41,266.16
4620,20.59,42.0,990.0,1.0,202.8,154.74,10.21,0.188,94.4,1,24.47,213.01
4621,20.34,36.1,1016.0,1.0,255.29,194.79,10.77,-0.305,95.3,1,22.79,266.06
4622,19.67,40.8,1011.0,1.0,304.2,232.1,10.64,0.008,94.9,1,21.49,314.84
4623,19.43,38.8,987.0,1.0,346.2,264.15,10.93,-0.325,95.3,1,20.65,357.13
4624,19.45,43.4,1032.0,1.0,378.43,288.74,10.77,-0.514,95.2,1,20.34,389.2
4625,18.42,43.7,982.0,1.0,398.69,304.2,10.53,-0.583,95.1,1,20.57,409.22
4626,17.85,43.4,1036.0,1.0,405.6,309.47,10.78,-0.149,95.2,1,21.33,416.38
4627,18.61,50.0,440.0,0.25,306.68,234.0,0.31,-0.481,95.2,1,22.57,306.99
4628,18.17,51.4,432.0,0.15,291.1,222.11,0.79,-0.534,95.2,1,24.2,291.89
4629,18.47,50.5,400.0,0.18,266.31,203.19,0.78,-0.183,95.2,1,26.12,267.09
4630,18.73,54.3,476.0,0.05,234.0,178.54,0.86,-0.133,95.1,1,28.19,234.86
4631,19.55,57.8,405.0,0.24,196.38,149.83,0.24,-0.327,95.3,1,30.27,196.62
4632,20.65,57.7,407.0,0.12,156.0,119.03,0.85,0.001,94.9,1,32.23,156.85
4633,21.29,58.9,400.0,0.17,196.38,149.83,0.17,-0.232,95.2,1,33.92,196.54
4634,22.75,60.1,400.0,0.25,234.0,178.54,0.77,0.243,94.2,1,35.24,234.77
4635,22.61,57.6,439.0,0.14,266.31,203.19,0.93,0.416,93.4,1,36.09,267.24
4636,22.11,54.4,400.0,0.08,291.1,222.11,0.04,0.523,92.9,1,36.42,291.14
4637,23.46,57.9,428.0,0.08,306.68,234.0,0.63,0.283,94.0,1,36.2,307.31
4638,23.84,51.4,435.0,0.17,312.0,238.06,0.66,0.352,93.7,1,35.46,312.66
4639,23.67,51.1,418.0,0.09,306.68,234.0,0.82,0.532,92.9,1,34.23,307.5
4640,24.43,46.9,979.0,1.0,378.43,288.74,10.1,0.683,92.0,1,32.61,388.53
4641,22.88,44.6,990.0,1.0,346.2,264.15,10.91,0.372,93.6,1,30.71,357.11
4642,23.01,46.3,920.0,1.0,304.2,232.1,10.99,0.138,94.5,1,28.65,315.19
4643,21.83,42.8,997.0,1.0,255.29,194.79,10.67,0.323,93.9,1,26.58,265.96
4644,21.04,41.1,1024.0,1.0,202.8,154.74,10.43,0.026,94.8,1,24.64,213.23
4645,19.86,37.8,993.0,1.0,255.29,194.79,10.64,-0.094,95.1,1,22.96,265.92
4646,19.52,38.7,982.0,1.0,304.2,232.1,10.05,-0.09,95.1,1,21.66,314.25
4647,18.54,41.0,991.0,1.0,346.2,264.15,10.75,-0.373,95.3,1,20.82,356.95
4648,18.53,41.0,1036.0,1.0,378.43,288.74,10.07,-0.62,95.1,1,20.51,388.5
4649,18.03,44.2,998.0,1.0,398.69,304.2,10.32,-0.514,95.2,1,20.74,409.01
4650,17.57,46.5,1056.0,1.0,405.6,309.47,10.14,-0.278,95.3,1,21.5,415.74
4651,18.63,46.5,400.0,0.17,306.68,234.0,0.73,-0.104,95.1,1,22.74,307.41
4652,18.65,45.8,407.0,0.11,291.1,222.11,0.59,-0.677,94.9,1,24.37,291.69
4653,18.68,50.6,400.0,0.22,266.31,203.19,0.7,-0.026,94.9,1,26.29,267.01
4654,19.6,54.4,462.0,0.05,234.0,178.54,0.06,-0.323,95.3,1,28.36,234.06
4655,20.2,55.2,405.0,0.29,196.38,149.83,0.37,-0.125,95.1,1,30.44,196.75
4656,20.58,56.3,464.0,0.17,156.0,119.03,0.41,0.34,93.8,1,32.4,156.41
4657,21.82,59.7,400.0,0.03,196.38,149.83,0.6,0.047,94.8,1,34.09,196.98
4658,22.2,64.8,446.0,0.13,234.0,178.54,0.1,0.195,94.3,1,35.41,234.1
4659,22.65,58.8,404.0,0.21,266.31,203.19,0.65,0.225,94.2,1,36.26,266.96
4660,22.79,58.9,425.0,0.02,291.1,222.11,0.39,0.441,93.3,1,36.59,291.49
4661,23.72,54.8,400.0,0.08,306.68,234.0,0.91,0.545,92.8,1,36.37,307.59
4662,24.28,57.9,410.0,0.28,312.0,238.06,0.45,0.363,93.7,1,35.63,312.45
4663,23.54,54.8,400.0,0.11,306.68,234.0,0.1,0.773,91.4,0,34.4,306.79
4664,24.85,52.1,408.0,0.05,291.1,222.11,0.1,0.284,94.0,1,32.78,291.2
4665,23.55,50.6,400.0,0.03,266.31,203.19,0.25,0.453,93.3,1,30.88,266.56
4666,23.13,44.6,400.0,0.19,234.0,178.54,0.24,0.255,94.1,1,28.82,234.24
4667,22.15,42.7,433.0,0.17,196.38,149.83,0.8,0.378,93.6,1,26.75,197.17
4668,21.9,45.0,416.0,0.19,156.0,119.03,0.72,-0.161,95.2,1,24.81,156.72
4669,19.8,41.7,400.0,0.29,196.38,149.83,0.08,-0.015,94.9,1,23.13,196.45
4670,18.19,35.6,400.0,0.02,234.0,178.54,0.85,0.234,94.2,1,21.83,234.85
4671,18.62,41.1,415.0,0.06,266.31,203.19,0.1,-0.642,95.0,1,20.99,266.4
4672,18.64,40.0,447.0,0.07,291.1,222.11,0.79,-0.613,95.1,1,20.68,291.89
4673,18.13,44.4,400.0,0.13,306.68,234.0,0.11,-0.066,95.0,1,20.91,306.8
4674,18.09,45.4,463.0,0.04,312.0,238.06,0.38,-0.527,95.2,1,21.67,312.38
4675,18.71,43.5,400.0,0.12,306.68,234.0,0.75,-0.46,95.2,1,22.91,307.44
4676,18.54,50.1,400.0,0.24,291.1,222.11,0.25,-0.499,95.2,1,24.54,291.35
4677,19.22,52.6,400.0,0.05,266.31,203.19,0.11,-0.023,94.9,1,26.46,266.42
4678,18.97,55.3,423.0,0.27,234.0,178.54,0.79,-0.573,95.1,1,28.53,234.79
4679,19.61,57.9,404.0,0.27,196.38,149.83,0.69,0.118,94.6,1,30.62,197.07
4680,21.74,61.4,444.0,0.15,156.0,119.03,0.89,-0.296,95.3,1,32.57,156.89
4681,21.76,60.4,400.0,0.26,196.38,149.83,0.64,-0.184,95.2,1,34.26,197.02
4682,22.11,60.0,404.0,0.21,234.0,178.54,0.07,0.033,94.8,1,35.58,234.07
4683,22.73,62.1,400.0,0.11,266.31,203.19,0.64,0.328,93.8,1,36.43,266.95
4684,23.19,63.4,400.0,0.17,291.1,222.11,0.82,0.29,94.0,1,36.76,291.92
4685,23.46,59.2,400.0,0.03,306.68,234.0,0.08,0.328,93.8,1,36.55,306.77
4686,23.27,55.8,400.0,0.15,312.0,238.06,0.14,0.314,93.9,1,35.8,312.14
4687,23.06,53.9,405.0,0.25,306.68,234.0,0.68,0.301,94.0,1,34.57,307.36
4688,23.4,51.0,409.0,0.18,291.1,222.11,0.79,0.246,94.2,1,32.95,291.89
4689,22.73,47.9,408.0,0.11,266.31,203.19,0.35,0.401,93.5,1,31.05,266.66
4690,22.95,49.7,436.0,0.2,234.0,178.54,0.74,0.123,94.6,1,29.0,234.74
4691,21.82,41.8,400.0,0.29,196.38,149.83,0.17,-0.404,95.3,1,26.93,196.54
4692,21.02,43.9,400.0,0.02,156.0,119.03,0.44,-0.007,94.9,1,24.99,156.44
4693,19.74,40.2,431.0,0.1,196.38,149.83,0.75,0.02,94.8,1,23.31,197.12
4694,19.32,37.1,400.0,0.05,234.0,178.54,0.2,-0.306,95.3,1,22.0,234.2
4695,18.94,39.9,400.0,0.29,266.31,203.19,0.35,-0.606,95.1,1,21.17,266.66
4696,18.64,40.0,400.0,0.16,291.1,222.11,0.63,-0.284,95.3,1,20.85,291.73
4697,17.93,43.8,400.0,0.04,306.68,234.0,0.35,-0.757,94.8,0,21.08,307.03
4698,18.41,44.8,400.0,0.18,312.0,238.06,0.87,-0.564,95.1,1,21.84,312.87
4699,17.97,44.9,400.0,0.15,306.68,234.0,0.96,-0.487,95.2,1,23.08,307.64
4700,18.66,52.5,419.0,0.02,291.1,222.11,0.64,-0.217,95.2,1,24.72,291.74
4701,18.49,54.3,400.0,0.26,266.31,203.19,0.78,-0.238,95.2,1,26.63,267.09
4702,18.45,57.8,415.0,0.21,234.0,178.54,0.91,-0.202,95.2,1,28.7,234.91
4703,20.21,57.2,400.0,0.0,196.38,149.83,0.7,0.057,94.8,1,30.79,197.08
4704,21.21,58.3,427.0,0.29,156.0,119.03,0.77,-0.232,95.2,1,32.74,156.77
4705,21.91,60.9,400.0,0.05,196.38,149.83,0.08,0.445,93.3,1,34.44,196.46
4706,22.55,58.8,400.0,0.0,234.0,178.54,0.82,-0.363,95.3,1,35.75,234.82
4707,22.79,60.0,409.0,0.13,266.31,203.19,0.27,0.639,92.2,1,36.6,266.58
4708,23.03,58.5,423.0,0.04,291.1,222.11,0.07,0.265,94.1,1,36.93,291.17
4709,24.0,54.5,400.0,0.17,306.68,234.0,0.59,0.559,92.7,1,36.72,307.27
4710,24.04,55.7,436.0,0.09,312.0,238.06,0.23,0.79,91.3,0,35.97,312.23
4711,23.44,52.2,400.0,0.06,306.68,234.0,0.08,0.595,92.5,1,34.75,306.76
4712,23.97,50.0,1020.0,1.0,378.43,288.74,10.61,0.507,93.0,1,33.13,389.04
4713,22.5,48.6,1052.0,1.0,346.2,264.15,10.1,0.527,92.9,1,31.22,356.3
4714,22.02,48.0,1001.0,1.0,304.2,232.1,10.89,-0.046,95.0,1,29.17,315.09
4715,22.4,41.6,993.0,1.0,255.29,194.79,10.97,-0.137,95.1,1,27.1,266.26
4716,21.24,40.9,997.0,1.0,202.8,154.74,10.74,0.054,94.8,1,25.16,213.54
4717,19.85,38.9,1049.0,1.0,255.29,194.79,10.29,-0.169,95.2,1,23.48,265.58
4718,19.44,38.4,1012.0,1.0,304.2,232.1,10.56,-0.313,95.3,1,22.17,314.76
4719,18.75,39.0,1064.0,1.0,346.2,264.15,10.03,-0.106,95.1,1,21.34,356.23
4720,16.82,40.7,1008.0,1.0,378.43,288.74,10.62,-0.203,95.2,1,21.02,389.05
4721,17.44,43.8,980.0,1.0,398.69,304.2,10.26,-0.667,95.0,1,21.25,408.95
4722,17.76,45.2,982.0,1.0,405.6,309.47,10.46,-0.412,95.3,1,22.01,416.06
4723,17.71,44.8,402.0,0.25,306.68,234.0,0.18,-0.796,94.7,0,23.25,306.86
4724,18.3,52.1,400.0,0.02,291.1,222.11,0.99,-0.751,94.8,0,24.89,292.09
4725,19.22,54.0,400.0,0.29,266.31,203.19,0.21,-0.532,95.2,1,26.8,266.52
4726,19.11,52.8,400.0,0.09,234.0,178.54,0.42,-0.261,95.3,1,28.87,234.42
4727,19.46,59.2,407.0,0.02,196.38,149.83,0.25,-0.26,95.3,1,30.96,196.63
4728,20.93,59.1,458.0,0.23,156.0,119.03,0.54,0.09,94.7,1,32.91,156.54
4729,21.37,59.2,402.0,0.05,196.38,149.83,0.91,0.126,94.6,1,34.61,197.28
4730,22.18,60.7,400.0,0.11,234.0,178.54,0.16,0.473,93.2,1,35.92,234.16
4731,22.73,59.7,400.0,0.18,266.31,203.19,0.14,0.463,93.2,1,36.78,266.45
4732,24.47,60.0,408.0,0.02,291.1,222.11,0.07,0.225,94.2,1,37.1,291.17
4733,22.52,57.8,403.0,0.06,306.68,234.0,0.59,0.663,92.1,1,36.89,307.27
4734,23.55,54.7,449.0,0.15,312.0,238.06,0.6,0.328,93.8,1,36.14,312.6
4735,23.64,49.0,429.0,0.13,306.68,234.0,0.82,0.565,92.7,1,34.92,307.51
4736,22.94,51.5,1028.0,1.0,378.43,288.74,10.84,0.335,93.8,1,33.3,389.27
4737,23.3,47.1,993.0,1.0,346.2,264.15,10.1,0.618,92.4,1,31.39,356.3
4738,22.64,47.0,1033.0,1.0,304.2,232.1,10.91,0.396,93.5,1,29.34,315.11
4739,21.48,44.2,973.0,1.0,255.29,194.79,10.83,-0.009,94.9,1,27.27,266.12
4740,20.59,40.9,1029.0,1.0,202.8,154.74,10.65,-0.077,95.0,1,25.33,213.45
4741,19.89,42.5,992.0,1.0,255.29,194.79,10.35,0.524,92.9,1,23.65,265.64
4742,19.16,40.4,957.0,1.0,304.2,232.1,10.75,-0.502,95.2,1,22.35,314.95
4743,18.55,40.6,1018.0,1.0,346.2,264.15,10.62,-0.498,95.2,1,21.51,356.82
4744,18.02,40.8,1042.0,1.0,378.43,288.74,10.35,-0.567,95.1,1,21.19,388.78
4745,17.93,46.0,988.0,1.0,398.69,304.2,10.01,-0.715,94.9,0,21.43,408.7
4746,18.08,43.2,1047.0,1.0,405.6,309.47,10.59,-0.711,94.9,0,22.19,416.19
4747,17.19,46.3,400.0,0.02,306.68,234.0,0.58,-0.505,95.2,1,23.42,307.26
4748,17.57,47.1,400.0,0.09,291.1,222.11,0.15,-0.338,95.3,1,25.06,291.25
4749,17.7,53.6,400.0,0.13,266.31,203.19,0.91,-0.672,95.0,1,26.98,267.21
4750,19.62,53.4,400.0,0.21,234.0,178.54,0.16,-0.35,95.3,1,29.05,234.16
4751,20.03,55.8,400.0,0.21,196.38,149.83,0.29,-0.29,95.3,1,31.13,196.66
4752,20.93,57.4,404.0,0.29,156.0,119.03,0.37,-0.234,95.2,1,33.08,156.37
4753,20.74,59.7,400.0,0.11,196.38,149.83,0.68,0.329,93.8,1,34.78,197.06
4754,23.07,57.5,400.0,0.02,234.0,178.54,0.08,0.097,94.6,1,36.1,234.08
4755,22.49,55.3,408.0,0.26,266.31,203.19,0.7,0.08,94.7,1,36.95,267.01
4756,23.35,59.8,400.0,0.22,291.1,222.11,0.41,0.609,92.4,1,37.28,291.51
4757,23.99,53.2,400.0,0.02,306.68,234.0,0.18,0.733,91.7,0,37.06,306.87
4758,23.17,57.1,400.0,0.03,312.0,238.06,0.11,0.548,92.8,1,36.31,312.11
4759,23.28,56.2,400.0,0.14,306.68,234.0,0.41,0.295,94.0,1,35.09,307.1
4760,23.34,50.1,1023.0,1.0,378.43,288.74,10.45,0.377,93.6,1,33.47,388.88
4761,24.2,50.5,1051.0,1.0,346.2,264.15,10.14,0.223,94.2,1,31.57,356.34
4762,22.3,45.4,1032.0,1.0,304.2,232.1,10.48,0.24,94.2,1,29.51,314.68
4763,22.22,46.5,1010.0,1.0,255.29,194.79,10.5,0.273,94.1,1,27.44,265.79
4764,21.24,40.7,981.0,1.0,202.8,154.74,10.98,-0.005,94.9,1,25.5,213.78
4765,20.04,35.7,991.0,1.0,255.29,194.79,10.71,-0.13,95.1,1,23.82,266.0
4766,18.64,39.9,1032.0,1.0,304.2,232.1,10.01,-0.353,95.3,1,22.52,314.21
4767,19.04,43.6,932.0,1.0,346.2,264.15,10.48,-0.221,95.2,1,21.68,356.68
4768,17.28,42.2,989.0,1.0,378.43,288.74,10.02,-0.359,95.3,1,21.37,388.45
4769,18.53,41.6,1022.0,1.0,398.69,304.2,10.51,-0.851,94.5,0,21.6,409.2
4770,17.72,45.3,966.0,1.0,405.6,309.47,10.34,-0.856,94.5,0,22.36,415.94
4771,16.39,48.9,413.0,0.07,306.68,234.0,0.9,-0.549,95.2,1,23.6,307.59
4772,17.84,49.4,411.0,0.14,291.1,222.11,0.49,-0.239,95.2,1,25.23,291.59
4773,18.81,57.4,400.0,0.24,266.31,203.19,0.85,-0.12,95.1,1,27.15,267.16
4774,18.99,53.6,403.0,0.21,234.0,178.54,0.58,-0.097,95.1,1,29.22,234.58
4775,20.18,58.7,400.0,0.23,196.38,149.83,0.4,-0.16,95.2,1,31.3,196.77
4776,20.17,59.9,412.0,0.06,156.0,119.03,0.23,0.293,94.0,1,33.26,156.23
4777,20.72,58.1,420.0,0.25,196.38,149.83,0.18,-0.015,94.9,1,34.95,196.56
4778,22.06,59.1,412.0,0.18,234.0,178.54,0.79,0.182,94.4,1,36.27,234.79
4779,22.73,61.8,402.0,0.02,266.31,203.19,0.88,0.069,94.7,1,37.12,267.19
4780,23.01,59.2,409.0,0.26,291.1,222.11,0.32,0.364,93.7,1,37.45,291.42
4781,24.09,58.1,400.0,0.02,306.68,234.0,0.49,0.311,93.9,1,37.23,307.18
4782,23.15,52.1,400.0,0.01,312.0,238.06,0.29,0.808,91.1,0,36.48,312.29
4783,23.63,54.4,400.0,0.25,306.68,234.0,0.46,0.751,91.5,0,35.26,307.14
4784,23.2,51.0,1031.0,1.0,378.43,288.74,10.87,0.446,93.3,1,33.64,389.3
4785,21.91,47.7,1020.0,1.0,346.2,264.15,10.14,0.447,93.3,1,31.74,356.34
4786,21.4,46.1,1020.0,1.0,304.2,232.1,10.29,0.129,94.6,1,29.68,314.49
4787,21.34,42.5,1051.0,1.0,255.29,194.79,10.7,-0.378,95.3,1,27.61,265.98
4788,21.55,40.4,990.0,1.0,202.8,154.74,10.31,-0.152,95.2,1,25.67,213.11
4789,20.07,40.0,984.0,1.0,255.29,194.79,10.08,0.02,94.8,1,23.99,265.37
4790,18.19,39.1,989.0,1.0,304.2,232.1,10.37,-0.162,95.2,1,22.69,314.57
4791,16.87,44.6,952.0,1.0,346.2,264.15,10.68,-0.432,95.3,1,21.85,356.88
4792,18.31,42.9,954.0,1.0,378.43,288.74,10.98,-0.285,95.3,1,21.54,389.41
4793,17.59,40.7,1019.0,1.0,398.69,304.2,10.89,-0.577,95.1,1,21.77,409.58
4794,18.11,48.7,958.0,1.0,405.6,309.47,10.56,-0.728,94.8,0,22.53,416.16
4795,17.2,46.1,400.0,0.27,306.68,234.0,0.78,-0.335,95.3,1,23.77,307.46
4796,18.11,49.6,400.0,0.22,291.1,222.11,0.57,-0.555,95.2,1,25.4,291.67
4797,18.83,53.9,400.0,0.1,266.31,203.19,0.49,-0.148,95.1,1,27.32,266.8
4798,18.8,50.6,427.0,0.06,234.0,178.54,0.17,-0.65,95.0,1,29.39,234.17
4799,19.53,56.3,402.0,0.16,196.38,149.83,0.29,-0.243,95.2,1,31.47,196.67
4800,20.53,57.3,400.0,0.11,156.0,119.03,0.45,0.119,94.6,1,33.43,156.45
4801,21.56,59.9,429.0,0.19,196.38,149.83,0.99,0.228,94.2,1,35.12,197.36
4802,22.0,60.7,422.0,0.01,234.0,178.54,0.61,0.206,94.3,1,36.44,234.61
4803,23.11,59.6,400.0,0.21,266.31,203.19,0.94,0.411,93.5,1,37.29,267.25
4804,22.87,58.6,408.0,0.09,291.1,222.11,0.26,0.461,93.2,1,37.62,291.36
4805,22.73,59.5,400.0,0.14,306.68,234.0,0.07,0.185,94.4,1,37.4,306.75
4806,24.48,56.0,400.0,0.29,312.0,238.06,0.98,0.427,93.4,1,36.65,312.98
4807,23.09,53.1,456.0,0.06,306.68,234.0,0.33,0.528,92.9,1,35.43,307.01
4808,22.8,50.8,1004.0,1.0,378.43,288.74,10.54,0.534,92.8,1,33.81,388.97
4809,22.57,51.5,993.0,1.0,346.2,264.15,10.07,0.341,93.8,1,31.91,356.27
4810,22.02,45.8,1003.0,1.0,304.2,232.1,10.86,0.14,94.5,1,29.85,315.06
4811,21.06,42.2,1026.0,1.0,255.29,194.79,10.0,-0.137,95.1,1,27.78,265.29
4812,20.47,37.8,979.0,1.0,202.8,154.74,10.91,0.151,94.5,1,25.84,213.71
4813,19.68,37.6,984.0,1.0,255.29,194.79,10.17,-0.001,94.9,1,24.16,265.45
4814,19.06,39.1,1020.0,1.0,304.2,232.1,10.18,-0.053,95.0,1,22.86,314.38
4815,17.17,40.0,955.0,1.0,346.2,264.15,10.83,-0.569,95.1,1,22.02,357.03
4816,18.8,40.0,1030.0,1.0,378.43,288.74,10.39,-0.409,95.3,1,21.71,388.82
4817,17.49,43.3,952.0,1.0,398.69,304.2,10.26,-0.621,95.1,1,21.94,408.95
4818,17.75,43.5,993.0,1.0,405.6,309.47,10.6,-0.491,95.2,1,22.7,416.2
4819,16.86,45.1,400.0,0.05,306.68,234.0,0.25,0.098,94.6,1,23.94,306.94
4820,17.61,50.8,400.0,0.29,291.1,222.11,0.29,-0.252,95.2,1,25.57,291.39
4821,17.99,54.9,439.0,0.15,266.31,203.19,0.05,-0.505,95.2,1,27.49,266.35
4822,19.68,52.4,431.0,0.05,234.0,178.54,0.54,-0.301,95.3,1,29.56,234.54
4823,19.37,57.2,435.0,0.22,196.38,149.83,0.13,-0.202,95.2,1,31.64,196.51
4824,20.81,54.6,400.0,0.07,156.0,119.03,0.84,0.025,94.8,1,33.59,156.84
4825,20.88,56.6,400.0,0.06,196.38,149.83,0.75,-0.175,95.2,1,35.29,197.13
4826,21.7,58.8,410.0,0.08,234.0,178.54,0.29,0.315,93.9,1,36.61,234.29
4827,22.42,62.0,421.0,0.17,266.31,203.19,0.53,-0.07,95.0,1,37.46,266.84
4828,23.66,57.3,400.0,0.09,291.1,222.11,0.58,0.098,94.6,1,37.79,291.68
4829,22.37,55.8,400.0,0.01,306.68,234.0,0.67,0.883,90.6,0,37.57,307.35
4830,22.76,55.5,400.0,0.12,312.0,238.06,0.42,0.428,93.4,1,36.82,312.42
4831,22.33,53.1,450.0,0.07,306.68,234.0,0.65,0.768,91.4,0,35.6,307.34
4832,22.46,48.9,400.0,0.15,291.1,222.11,0.17,0.271,94.1,1,33.98,291.27
4833,22.12,51.8,401.0,0.14,266.31,203.19,0.47,-0.067,95.0,1,32.08,266.78
4834,21.09,44.9,403.0,0.02,234.0,178.54,0.09,0.04,94.8,1,30.02,234.09
4835,20.81,43.5,433.0,0.07,196.38,149.83,0.94,0.667,92.1,1,27.95,197.32
4836,19.39,40.8,400.0,0.08,156.0,119.03,0.4,-0.282,95.3,1,26.01,156.4
4837,19.1,41.4,435.0,0.15,196.38,149.83,0.62,0.226,94.2,1,24.33,196.99
4838,19.49,42.5,400.0,0.25,234.0,178.54,0.49,-0.181,95.2,1,23.03,234.49
4839,18.46,43.6,435.0,0.07,266.31,203.19,0.03,-0.33,95.3,1,22.19,266.34
4840,17.88,39.6,400.0,0.05,291.1,222.11,0.06,-0.583,95.1,1,21.87,291.16
4841,16.98,44.8,400.0,0.0,306.68,234.0,0.26,-0.663,95.0,1,22.11,306.95
4842,16.61,45.7,449.0,0.18,312.0,238.06,0.67,-0.387,95.3,1,22.87,312.67
4843,16.9,48.9,421.0,0.1,306.68,234.0,0.64,-0.219,95.2,1,24.1,307.33
4844,17.75,49.3,413.0,0.2,291.1,222.11,0.19,-0.394,95.3,1,25.74,291.29
4845,18.68,51.8,400.0,0.21,266.31,203.19,0.49,-0.206,95.2,1,27.66,266.8
4846,19.31,56.5,400.0,0.01,234.0,178.54,0.37,-0.335,95.3,1,29.73,234.37
4847,19.9,58.6,440.0,0.13,196.38,149.83,0.57,0.305,93.9,1,31.81,196.94
4848,19.98,61.5,414.0,0.29,156.0,119.03,0.33,0.048,94.8,1,33.76,156.33
4849,21.14,59.9,427.0,0.08,196.38,149.83,0.9,0.536,92.8,1,35.46,197.27
4850,21.69,59.8,402.0,0.16,234.0,178.54,0.47,0.057,94.8,1,36.77,234.47
4851,22.36,54.9,400.0,0.16,266.31,203.19,0.43,0.345,93.8,1,37.63,266.74
4852,23.96,55.7,423.0,0.08,291.1,222.11,0.7,0.647,92.2,1,37.95,291.8
4853,22.35,56.6,408.0,0.23,306.68,234.0,0.78,0.511,93.0,1,37.74,307.47
4854,23.22,53.2,400.0,0.0,312.0,238.06,0.44,0.604,92.5,1,36.99,312.44
4855,23.83,54.7,400.0,0.07,306.68,234.0,0.11,0.287,94.0,1,35.77,306.79
4856,22.19,47.9,429.0,0.18,291.1,222.11,0.09,0.352,93.7,1,34.15,291.19
4857,22.12,46.9,413.0,0.28,266.31,203.19,0.33,0.178,94.4,1,32.24,266.64
4858,21.55,44.5,400.0,0.0,234.0,178.54,0.73,0.233,94.2,1,30.19,234.73
4859,20.98,45.7,435.0,0.18,196.38,149.83,0.65,0.092,94.7,1,28.12,197.03
4860,19.51,40.4,407.0,0.0,156.0,119.03,0.29,-0.106,95.1,1,26.18,156.29
4861,19.83,41.4,408.0,0.19,196.38,149.83,0.0,-0.003,94.9,1,24.5,196.38
4862,19.14,40.4,427.0,0.12,234.0,178.54,0.64,-0.463,95.2,1,23.2,234.64
4863,18.44,42.0,420.0,0.13,266.31,203.19,0.56,-0.783,94.7,0,22.36,266.87
4864,17.27,42.8,409.0,0.29,291.1,222.11,0.77,-0.547,95.2,1,22.04,291.87
4865,17.44,42.5,400.0,0.2,306.68,234.0,0.69,-0.052,95.0,1,22.27,307.37
4866,16.84,41.2,460.0,0.06,312.0,238.06,0.25,-0.398,95.3,1,23.03,312.25
4867,17.22,46.5,400.0,0.3,306.68,234.0,0.73,-0.652,95.0,1,24.27,307.42
4868,18.76,49.5,422.0,0.08,291.1,222.11,0.49,-0.344,95.3,1,25.91,291.59
4869,18.21,52.7,400.0,0.21,266.31,203.19,0.57,-0.38,95.3,1,27.82,266.88
4870,18.18,53.1,414.0,0.2,234.0,178.54,0.36,-0.172,95.2,1,29.89,234.36
4871,19.59,59.0,437.0,0.25,196.38,149.83,0.79,0.047,94.8,1,31.98,197.17
4872,19.6,58.4,400.0,0.12,156.0,119.03,0.2,0.039,94.8,1,33.93,156.2
4873,20.45,57.7,418.0,0.21,196.38,149.83,0.2,0.154,94.5,1,35.63,196.58
4874,21.24,59.1,408.0,0.19,234.0,178.54,0.24,0.547,92.8,1,36.94,234.24
4875,22.16,63.6,400.0,0.13,266.31,203.19,0.79,0.461,93.2,1,37.79,267.1
4876,23.33,60.2,438.0,0.27,291.1,222.11,0.73,0.472,93.2,1,38.12,291.83
4877,23.44,59.5,421.0,0.08,306.68,234.0,0.27,0.491,93.1,1,37.91,306.95
4878,23.51,53.3,400.0,0.07,312.0,238.06,0.14,0.387,93.6,1,37.16,312.14
4879,22.6,51.7,433.0,0.19,306.68,234.0,0.03,0.234,94.2,1,35.94,306.71
4880,22.57,49.1,975.0,1.0,378.43,288.74,10.68,0.567,92.7,1,34.32,389.11
4881,22.5,48.2,999.0,1.0,346.2,264.15,10.54,0.609,92.4,1,32.41,356.74
4882,21.42,45.1,987.0,1.0,304.2,232.1,10.7,0.336,93.8,1,30.36,314.9
4883,20.87,42.3,1023.0,1.0,255.29,194.79,10.71,0.243,94.2,1,28.29,266.0
4884,20.45,40.9,986.0,1.0,202.8,154.74,10.84,-0.177,95.2,1,26.35,213.64
4885,19.28,38.9,1023.0,1.0,255.29,194.79,10.42,-0.249,95.2,1,24.67,265.7
4886,18.84,39.7,1018.0,1.0,304.2,232.1,10.83,-0.506,95.2,1,23.36,315.03
4887,18.9,42.5,989.0,1.0,346.2,264.15,10.44,-0.403,95.3,1,22.53,356.64
4888,17.53,38.1,1055.0,1.0,378.43,288.74,10.71,-0.236,95.2,1,22.21,389.14
4889,17.91,43.3,978.0,1.0,398.69,304.2,10.55,-0.622,95.1,1,22.44,409.24
4890,17.49,47.4,958.0,1.0,405.6,309.47,10.92,-0.515,95.2,1,23.2,416.52
4891,16.58,46.6,426.0,0.19,306.68,234.0,0.37,-0.342,95.3,1,24.44,307.05
4892,17.06,48.5,400.0,0.18,291.1,222.11,0.69,-0.191,95.2,1,26.07,291.79
4893,17.66,54.0,445.0,0.11,266.31,203.19,0.6,-0.683,94.9,1,27.99,266.91
4894,18.27,52.6,403.0,0.14,234.0,178.54,1.0,-0.345,95.3,1,30.06,235.0
4895,19.37,56.7,400.0,0.13,196.38,149.83,0.08,-0.277,95.3,1,32.15,196.45
4896,20.5,56.3,400.0,0.02,156.0,119.03,0.6,-0.175,95.2,1,34.1,156.6
4897,21.59,55.8,400.0,0.01,196.38,149.83,0.23,0.053,94.8,1,35.79,196.61
4898,21.84,59.7,411.0,0.19,234.0,178.54,0.88,-0.139,95.1,1,37.11,234.88
4899,22.08,57.2,400.0,0.15,266.31,203.19,0.79,0.28,94.0,1,37.96,267.1
4900,21.74,58.9,415.0,0.07,291.1,222.11,0.66,0.44,93.3,1,38.29,291.76
4901,23.11,59.6,400.0,0.27,306.68,234.0,0.48,0.274,94.1,1,38.07,307.16
4902,23.18,59.1,400.0,0.06,312.0,238.06,0.68,0.404,93.5,1,37.33,312.68
4903,23.16,53.2,415.0,0.21,306.68,234.0,0.55,0.487,93.1,1,36.1,307.24
4904,23.82,52.5,1019.0,1.0,378.43,288.74,10.29,0.457,93.2,1,34.48,388.72
4905,22.9,48.7,1034.0,1.0,346.2,264.15,10.82,0.027,94.8,1,32.58,357.02
4906,22.05,44.6,981.0,1.0,304.2,232.1,10.51,0.39,93.6,1,30.52,314.71
4907,20.45,39.4,999.0,1.0,255.29,194.79,10.26,0.274,94.1,1,28.45,265.55
4908,19.89,44.8,981.0,1.0,202.8,154.74,10.66,-0.148,95.2,1,26.51,213.46
4909,19.32,38.4,1005.0,1.0,255.29,194.79,10.02,0.206,94.3,1,24.83,265.31
4910,18.26,42.8,977.0,1.0,304.2,232.1,10.72,-0.159,95.2,1,23.53,314.92
4911,18.27,41.3,987.0,1.0,346.2,264.15,10.47,-0.291,95.3,1,22.69,356.67
4912,17.72,39.2,987.0,1.0,378.43,288.74,10.63,-0.296,95.3,1,22.38,389.06
4913,16.69,43.2,1009.0,1.0,398.69,304.2,10.16,-0.69,94.9,1,22.61,408.85
4914,17.73,48.9,1000.0,1.0,405.6,309.47,10.72,-0.571,95.1,1,23.37,416.32
4915,17.28,50.0,415.0,0.04,306.68,234.0,0.72,-0.359,95.3,1,24.61,307.41
4916,16.66,48.5,400.0,0.2,291.1,222.11,0.74,-0.593,95.1,1,26.24,291.84
4917,17.97,50.7,400.0,0.11,266.31,203.19,0.47,-0.424,95.3,1,28.16,266.78
4918,18.76,54.8,406.0,0.07,234.0,178.54,0.64,-0.13,95.1,1,30.23,234.64
4919,19.82,56.4,400.0,0.11,196.38,149.83,0.55,-0.067,95.0,1,32.31,196.93
4920,19.94,60.8,417.0,0.21,156.0,119.03,0.23,0.004,94.9,1,34.27,156.23
4921,21.3,61.0,400.0,0.27,196.38,149.83,0.02,0.142,94.5,1,35.96,196.4
4922,21.7,56.6,406.0,0.0,234.0,178.54,0.41,0.215,94.3,1,37.28,234.41
4923,21.57,60.7,407.0,0.05,266.31,203.19,0.81,0.524,92.9,1,38.13,267.12
4924,21.99,58.5,448.0,0.21,291.1,222.11,0.32,0.851,90.8,0,38.46,291.42
4925,23.55,57.5,411.0,0.17,306.68,234.0,0.75,0.541,92.8,1,38.24,307.43
4926,23.69,55.9,402.0,0.1,312.0,238.06,0.64,0.756,91.5,0,37.49,312.64
4927,23.15,55.4,400.0,0.2,306.68,234.0,0.35,0.396,93.5,1,36.27,307.04
4928,23.43,52.4,1024.0,1.0,378.43,288.74,10.0,0.297,94.0,1,34.65,388.43
4929,22.73,46.4,992.0,1.0,346.2,264.15,10.43,0.196,94.3,1,32.75,356.63
4930,21.92,45.3,954.0,1.0,304.2,232.1,10.39,0.066,94.7,1,30.69,314.59
4931,20.4,42.4,994.0,1.0,255.29,194.79,10.14,0.071,94.7,1,28.62,265.43
4932,20.94,38.2,1006.0,1.0,202.8,154.74,10.82,0.177,94.4,1,26.68,213.62
4933,19.56,40.3,975.0,1.0,255.29,194.79,10.96,0.071,94.7,1,25.0,266.24
4934,18.37,43.7,996.0,1.0,304.2,232.1,10.12,-0.352,95.3,1,23.7,314.32
4935,17.61,36.8,998.0,1.0,346.2,264.15,10.23,-0.418,95.3,1,22.86,356.43
4936,17.59,41.1,998.0,1.0,378.43,288.74,10.63,-0.433,95.3,1,22.55,389.06
4937,16.32,42.5,1037.0,1.0,398.69,304.2,10.95,-0.436,95.3,1,22.78,409.64
4938,17.4,45.2,961.0,1.0,405.6,309.47,10.93,-0.383,95.3,1,23.54,416.53
4939,16.67,45.0,461.0,0.25,306.68,234.0,0.93,-0.563,95.1,1,24.78,307.62
4940,17.63,46.7,400.0,0.21,291.1,222.11,0.44,-0.473,95.2,1,26.41,291.54
4941,17.66,49.4,417.0,0.06,266.31,203.19,0.99,-0.083,95.1,1,28.33,267.29
4942,18.41,57.2,404.0,0.03,234.0,178.54,0.36,-0.306,95.3,1,30.4,234.36
4943,18.88,54.8,400.0,0.05,196.38,149.83,0.09,-0.244,95.2,1,32.48,196.46
4944,19.95,57.4,400.0,0.26,156.0,119.03,0.7,-0.017,94.9,1,34.43,156.7
4945,21.75,63.7,400.0,0.12,196.38,149.83,0.56,0.145,94.5,1,36.13,196.93
4946,22.22,58.5,430.0,0.16,234.0,178.54,0.8,-0.058,95.0,1,37.44,234.8
4947,22.32,60.5,400.0,0.01,266.31,203.19,0.62,0.265,94.1,1,38.3,266.93
4948,22.6,61.0,400.0,0.15,291.1,222.11,0.82,0.517,92.9,1,38.62,291.92
4949,23.34,59.4,405.0,0.12,306.68,234.0,0.34,0.884,90.6,0,38.41,307.03
4950,23.58,52.7,414.0,0.16,312.0,238.06,0.29,0.394,93.5,1,37.66,312.29
4951,22.49,51.6,413.0,0.11,306.68,234.0,0.76,0.636,92.3,1,36.44,307.44
4952,22.57,51.1,970.0,1.0,378.43,288.74,10.5,0.469,93.2,1,34.82,388.93
4953,21.21,51.7,952.0,1.0,346.2,264.15,10.18,0.586,92.6,1,32.91,356.38
4954,22.06,43.9,1016.0,1.0,304.2,232.1,10.38,0.126,94.6,1,30.86,314.58
4955,21.8,42.3,1043.0,1.0,255.29,194.79,10.8,0.35,93.7,1,28.79,266.09
4956,20.03,42.4,990.0,1.0,202.8,154.74,10.92,0.28,94.0,1,26.85,213.72
4957,18.15,41.7,966.0,1.0,255.29,194.79,10.76,0.16,94.5,1,25.17,266.05
4958,18.79,41.4,987.0,1.0,304.2,232.1,10.72,0.035,94.8,1,23.86,314.92
4959,17.41,38.5,1012.0,1.0,346.2,264.15,10.81,-0.315,95.3,1,23.03,357.01
4960,17.05,40.0,993.0,1.0,378.43,288.74,10.2,-0.316,95.3,1,22.71,388.63
4961,17.39,43.0,1042.0,1.0,398.69,304.2,10.58,-0.567,95.1,1,22.94,409.27
4962,17.1,47.1,1028.0,1.0,405.6,309.47,10.59,-0.945,94.2,0,23.7,416.19
4963,16.83,46.5,406.0,0.27,306.68,234.0,0.95,-0.432,95.3,1,24.94,307.63
4964,17.04,49.5,400.0,0.13,291.1,222.11,0.02,-0.465,95.2,1,26.58,291.12
4965,17.9,50.1,400.0,0.06,266.31,203.19,0.97,-0.161,95.2,1,28.49,267.28
4966,18.26,58.3,400.0,0.25,234.0,178.54,0.73,-0.078,95.0,1,30.56,234.73
4967,18.63,57.0,400.0,0.03,196.38,149.83,0.02,-0.342,95.3,1,32.65,196.4
4968,19.79,60.6,406.0,0.19,156.0,119.03,0.52,0.468,93.2,1,34.6,156.52
4969,20.9,59.6,406.0,0.21,196.38,149.83,0.07,0.207,94.3,1,36.29,196.45
4970,21.36,60.2,400.0,0.09,234.0,178.54,0.6,-0.007,94.9,1,37.61,234.6
4971,21.36,56.8,424.0,0.05,266.31,203.19,0.45,0.125,94.6,1,38.46,266.76
4972,23.03,54.6,400.0,0.13,291.1,222.11,0.77,-0.003,94.9,1,38.79,291.87
4973,21.47,59.9,411.0,0.23,306.68,234.0,0.58,0.636,92.3,1,38.57,307.26
4974,22.71,55.6,422.0,0.27,312.0,238.06,0.79,0.395,93.5,1,37.83,312.79
4975,22.52,53.5,400.0,0.24,306.68,234.0,0.37,0.315,93.9,1,36.6,307.05
4976,22.6,48.0,1038.0,1.0,378.43,288.74,10.86,0.304,93.9,1,34.98,389.29
4977,22.33,46.1,996.0,1.0,346.2,264.15,10.87,0.293,94.0,1,33.08,357.07
4978,21.98,47.5,1045.0,1.0,304.2,232.1,10.66,0.365,93.7,1,31.02,314.86
4979,20.34,46.8,973.0,1.0,255.29,194.79,10.26,-0.199,95.2,1,28.95,265.55
4980,20.21,40.3,1043.0,1.0,202.8,154.74,10.99,-0.214,95.2,1,27.01,213.79
4981,19.23,41.8,973.0,1.0,255.29,194.79,10.82,-0.036,95.0,1,25.33,266.11
4982,17.55,40.4,1076.0,1.0,304.2,232.1,10.85,-0.369,95.3,1,24.03,315.05
4983,18.73,40.0,971.0,1.0,346.2,264.15,10.01,-0.237,95.2,1,23.19,356.21
4984,16.58,44.8,1032.0,1.0,378.43,288.74,10.83,-0.533,95.2,1,22.88,389.26
4985,17.21,41.7,989.0,1.0,398.69,304.2,10.22,-0.168,95.2,1,23.11,408.91
4986,17.09,47.1,1021.0,1.0,405.6,309.47,10.51,-0.458,95.2,1,23.87,416.11
4987,17.13,47.7,400.0,0.15,306.68,234.0,0.7,-0.238,95.2,1,25.11,307.39
4988,17.04,49.5,400.0,0.11,291.1,222.11,0.41,-0.329,95.3,1,26.74,291.51
4989,18.18,54.9,400.0,0.12,266.31,203.19,0.24,-0.238,95.2,1,28.66,266.55
4990,17.6,55.2,475.0,0.02,234.0,178.54,0.5,-0.4,95.3,1,30.73,234.5
4991,19.07,56.5,402.0,0.09,196.38,149.83,0.3,0.104,94.6,1,32.81,196.68
4992,19.59,61.2,400.0,0.08,156.0,119.03,0.62,0.043,94.8,1,34.77,156.62
4993,20.31,62.0,409.0,0.22,196.38,149.83,0.11,-0.061,95.0,1,36.46,196.49
4994,21.58,62.4,421.0,0.19,234.0,178.54,0.41,-0.172,95.2,1,37.78,234.41
4995,22.53,52.0,400.0,0.19,266.31,203.19,0.59,0.382,93.6,1,38.63,266.9
4996,22.29,59.8,400.0,0.16,291.1,222.11,0.99,0.735,91.6,0,38.96,292.09
4997,23.15,57.8,400.0,0.1,306.68,234.0,0.5,0.302,93.9,1,38.74,307.18
4998,22.88,55.3,436.0,0.07,312.0,238.06,0.43,0.312,93.9,1,37.99,312.43
4999,22.3,54.3,403.0,0.0,306.68,234.0,0.99,0.42,93.4,1,36.77,307.67
5000,22.32,51.0,444.0,0.04,291.1,222.11,0.93,0.653,92.2,1,35.15,292.03
5001,21.82,49.2,434.0,0.07,266.31,203.19,0.67,-0.014,94.9,1,33.24,266.98
5002,20.99,44.9,400.0,0.29,234.0,178.54,0.54,0.12,94.6,1,31.19,234.54
5003,20.83,46.3,400.0,0.29,196.38,149.83,0.27,-0.072,95.0,1,29.12,196.65
5004,19.95,43.1,400.0,0.23,156.0,119.03,0.62,0.112,94.6,1,27.18,156.62
5005,18.26,41.6,416.0,0.18,196.38,149.83,0.83,-0.158,95.2,1,25.5,197.21
5006,17.5,41.0,402.0,0.2,234.0,178.54,0.98,-0.319,95.3,1,24.19,234.98
5007,17.92,42.5,419.0,0.18,266.31,203.19,0.17,-0.39,95.3,1,23.36,266.48
5008,16.82,43.2,426.0,0.19,291.1,222.11,0.27,-0.276,95.3,1,23.04,291.37
5009,17.07,42.4,416.0,0.07,306.68,234.0,0.88,-0.259,95.3,1,23.27,307.57
5010,17.21,46.6,400.0,0.29,312.0,238.06,0.86,-0.295,95.3,1,24.03,312.86
5011,16.28,47.3,416.0,0.23,306.68,234.0,0.72,-0.368,95.3,1,25.27,307.4
5012,16.51,53.4,467.0,0.07,291.1,222.11,0.1,-0.156,95.2,1,26.9,291.2
5013,18.52,54.3,400.0,0.15,266.31,203.19,0.71,-0.54,95.2,1,28.82,267.01
5014,18.48,53.3,415.0,0.24,234.0,178.54,0.47,-0.172,95.2,1,30.89,234.47
5015,18.81,61.4,455.0,0.27,196.38,149.83,0.37,0.34,93.8,1,32.98,196.75
5016,19.33,54.2,400.0,0.12,156.0,119.03,0.25,-0.367,95.3,1,34.93,156.25
5017,20.32,60.8,430.0,0.15,196.38,149.83,0.32,0.023,94.8,1,36.62,196.69
5018,20.7,58.6,434.0,0.09,234.0,178.54,0.54,0.043,94.8,1,37.94,234.54
5019,22.35,63.5,400.0,0.11,266.31,203.19,0.16,0.411,93.5,1,38.79,266.47
5020,21.99,59.4,421.0,0.07,291.1,222.11,0.51,0.721,91.7,0,39.12,291.61
5021,23.23,55.8,400.0,0.01,306.68,234.0,0.05,0.59,92.5,1,38.9,306.73
5022,22.58,54.9,400.0,0.12,312.0,238.06,0.41,0.457,93.2,1,38.16,312.41
5023,22.15,51.6,400.0,0.14,306.68,234.0,0.96,0.592,92.5,1,36.93,307.64
5024,22.16,49.9,439.0,0.23,291.1,222.11,0.74,0.375,93.6,1,35.31,291.84
5025,20.58,47.2,400.0,0.16,266.31,203.19,0.07,0.392,93.6,1,33.41,266.38
5026,21.2,43.9,400.0,0.1,234.0,178.54,0.69,0.374,93.6,1,31.35,234.69
5027,20.45,43.8,400.0,0.14,196.38,149.83,0.2,0.48,93.1,1,29.28,196.57
5028,20.17,42.4,400.0,0.24,156.0,119.03,0.47,0.09,94.7,1,27.34,156.47
5029,18.04,38.5,400.0,0.14,196.38,149.83,0.29,-0.086,95.1,1,25.66,196.67
5030,18.83,36.7,400.0,0.17,234.0,178.54,0.93,0.157,94.5,1,24.36,234.93
5031,18.04,40.9,404.0,0.05,266.31,203.19,0.05,-0.745,94.8,0,23.52,266.36
5032,17.77,42.2,412.0,0.0,291.1,222.11,0.88,-0.451,95.2,1,23.21,291.98
5033,16.82,44.1,436.0,0.28,306.68,234.0,0.7,-0.631,95.0,1,23.44,307.39
5034,17.25,45.7,407.0,0.08,312.0,238.06,0.36,-0.548,95.2,1,24.2,312.36
5035,16.1,50.1,400.0,0.1,306.68,234.0,0.88,-0.362,95.3,1,25.43,307.56
5036,17.49,51.5,400.0,0.03,291.1,222.11,0.41,-0.237,95.2,1,27.07,291.51
5037,17.22,57.5,409.0,0.15,266.31,203.19,0.7,-0.458,95.2,1,28.98,267.01
5038,17.4,60.8,400.0,0.22,234.0,178.54,0.79,-0.116,95.1,1,31.06,234.79
5039,18.39,53.2,400.0,0.21,196.38,149.83,0.29,-0.309,95.3,1,33.14,196.66
5040,19.72,54.0,408.0,0.26,156.0,119.03,0.07,-0.256,95.3,1,35.09,156.07
5041,20.08,59.5,416.0,0.09,196.38,149.83,0.87,0.144,94.5,1,36.79,197.24
5042,21.4,61.0,408.0,0.09,234.0,178.54,0.23,0.206,94.3,1,38.1,234.23
5043,20.93,59.6,400.0,0.29,266.31,203.19,0.93,0.652,92.2,1,38.95,267.24
5044,21.24,60.3,400.0,0.14,291.1,222.11,0.32,0.859,90.8,0,39.28,291.42
5045,23.29,56.9,400.0,0.25,306.68,234.0,0.41,0.361,93.7,1,39.07,307.1
5046,23.15,54.0,425.0,0.18,312.0,238.06,0.43,0.138,94.5,1,38.32,312.43
5047,22.07,52.0,400.0,0.05,306.68,234.0,0.47,0.21,94.3,1,37.09,307.15
5048,22.29,50.1,960.0,1.0,378.43,288.74,10.96,0.266,94.1,1,35.47,389.39
5049,22.32,49.6,1035.0,1.0,346.2,264.15,10.25,0.395,93.5,1,33.57,356.45
5050,21.4,44.4,972.0,1.0,304.2,232.1,10.61,0.198,94.3,1,31.51,314.81
5051,20.54,42.7,1001.0,1.0,255.29,194.79,10.29,-0.122,95.1,1,29.44,265.58
5052,20.23,42.7,1015.0,1.0,202.8,154.74,10.13,0.357,93.7,1,27.5,212.93
5053,18.54,40.1,1000.0,1.0,255.29,194.79,10.29,0.003,94.9,1,25.82,265.58
5054,18.19,42.2,926.0,1.0,304.2,232.1,10.55,0.102,94.6,1,24.52,314.75
5055,17.54,38.4,1012.0,1.0,346.2,264.15,10.61,-0.714,94.9,0,23.68,356.81
5056,16.94,38.8,1040.0,1.0,378.43,288.74,10.26,-0.178,95.2,1,23.37,388.69
5057,16.57,43.2,1024.0,1.0,398.69,304.2,10.99,-0.513,95.2,1,23.6,409.68
5058,16.7,45.4,936.0,1.0,405.6,309.47,10.36,-0.578,95.1,1,24.36,415.96
5059,16.78,45.2,464.0,0.2,306.68,234.0,0.83,-0.478,95.2,1,25.6,307.52
5060,16.53,52.2,400.0,0.14,291.1,222.11,0.04,-0.573,95.1,1,27.23,291.13
5061,17.93,56.0,400.0,0.17,266.31,203.19,0.7,-0.382,95.3,1,29.15,267.0
5062,17.66,53.3,423.0,0.21,234.0,178.54,0.3,-0.061,95.0,1,31.22,234.3
5063,18.76,59.7,414.0,0.23,196.38,149.83,0.54,-0.522,95.2,1,33.3,196.91
5064,19.5,53.7,402.0,0.29,156.0,119.03,0.84,0.299,94.0,1,35.26,156.84
5065,20.6,61.7,400.0,0.26,196.38,149.83,0.72,0.208,94.3,1,36.95,197.1
5066,20.08,58.3,440.0,0.1,234.0,178.54,0.36,0.228,94.2,1,38.27,234.36
5067,22.2,61.7,400.0,0.22,266.31,203.19,0.73,0.541,92.8,1,39.12,267.04
5068,21.89,57.0,400.0,0.02,291.1,222.11,0.41,0.506,93.0,1,39.44,291.51
5069,23.14,57.3,437.0,0.04,306.68,234.0,0.06,0.387,93.6,1,39.23,306.75
5070,22.39,53.8,407.0,0.14,312.0,238.06,0.67,0.345,93.8,1,38.48,312.67
5071,22.5,52.6,433.0,0.14,306.68,234.0,0.94,0.783,91.3,0,37.26,307.62
5072,23.17,54.1,1017.0,1.0,378.43,288.74,10.08,0.137,94.5,1,35.64,388.51
5073,21.6,47.7,1072.0,1.0,346.2,264.15,10.69,0.314,93.9,1,33.73,356.89
5074,21.73,49.6,991.0,1.0,304.2,232.1,10.84,-0.032,95.0,1,31.68,315.04
5075,20.41,42.5,1000.0,1.0,255.29,194.79,10.6,0.227,94.2,1,29.61,265.89
5076,19.81,44.6,1022.0,1.0,202.8,154.74,10.49,-0.019,94.9,1,27.67,213.29
5077,18.86,37.2,991.0,1.0,255.29,194.79,10.24,-0.379,95.3,1,25.99,265.53
5078,18.52,39.4,1024.0,1.0,304.2,232.1,10.19,-0.424,95.3,1,24.68,314.39
5079,17.13,39.2,912.0,1.0,346.2,264.15,10.4,-0.345,95.3,1,23.84,356.6
5080,16.5,44.2,998.0,1.0,378.43,288.74,10.64,-0.376,95.3,1,23.53,389.07
5081,16.37,43.0,997.0,1.0,398.69,304.2,10.31,-0.87,94.4,0,23.76,409.0
5082,16.64,40.4,996.0,1.0,405.6,309.47,10.49,-0.641,95.0,1,24.52,416.09
5083,16.58,44.3,400.0,0.13,306.68,234.0,0.6,-0.451,95.2,1,25.76,307.28
5084,17.34,47.5,427.0,0.09,291.1,222.11,0.21,-0.191,95.2,1,27.39,291.31
5085,18.11,54.0,400.0,0.16,266.31,203.19,0.74,-0.186,95.2,1,29.31,267.05
5086,17.59,56.2,406.0,0.3,234.0,178.54,0.63,-0.341,95.3,1,31.38,234.63
5087,18.43,56.1,400.0,0.21,196.38,149.83,0.59,0.07,94.7,1,33.46,196.97
5088,18.85,57.3,415.0,0.12,156.0,119.03,0.48,-0.063,95.0,1,35.42,156.48
5089,21.36,61.0,443.0,0.2,196.38,149.83,0.36,-0.495,95.2,1,37.11,196.74
5090,21.21,57.7,406.0,0.26,234.0,178.54,0.55,0.538,92.8,1,38.43,234.55
5091,21.92,60.7,425.0,0.07,266.31,203.19,0.77,0.445,93.3,1,39.28,267.07
5092,21.48,59.6,404.0,0.22,291.1,222.11,0.71,0.471,93.2,1,39.61,291.81
5093,22.45,56.8,400.0,0.18,306.68,234.0,0.74,0.485,93.1,1,39.39,307.42
5094,22.8,56.2,400.0,0.22,312.0,238.06,0.21,0.561,92.7,1,38.64,312.21
5095,22.32,53.2,400.0,0.03,306.68,234.0,0.78,0.484,93.1,1,37.42,307.46
5096,22.68,51.5,1017.0,1.0,378.43,288.74,10.34,0.375,93.6,1,35.8,388.77
5097,22.82,45.2,1003.0,1.0,346.2,264.15,10.23,0.223,94.2,1,33.89,356.43
5098,20.56,46.6,976.0,1.0,304.2,232.1,10.12,0.265,94.1,1,31.84,314.32
5099,19.8,45.3,993.0,1.0,255.29,194.79,10.83,-0.047,95.0,1,29.77,266.12
5100,19.09,42.2,954.0,1.0,202.8,154.74,10.62,-0.228,95.2,1,27.83,213.42
5101,19.55,41.7,994.0,1.0,255.29,194.79,10.84,-0.075,95.0,1,26.15,266.13
5102,18.55,39.8,1000.0,1.0,304.2,232.1,10.56,-0.054,95.0,1,24.84,314.76
5103,17.33,42.0,1054.0,1.0,346.2,264.15,10.86,-0.513,95.2,1,24.0,357.06
5104,16.94,41.2,1040.0,1.0,378.43,288.74,10.56,-0.557,95.1,1,23.69,388.99
5105,16.21,40.3,969.0,1.0,398.69,304.2,10.65,-0.822,94.6,0,23.92,409.34
5106,16.96,46.2,1006.0,1.0,405.6,309.47,10.06,-0.763,94.8,0,24.68,415.66
5107,16.42,43.7,407.0,0.22,306.68,234.0,0.67,-0.739,94.8,0,25.92,307.35
5108,16.78,50.1,400.0,0.16,291.1,222.11,0.6,-0.238,95.2,1,27.55,291.7
5109,17.69,51.4,400.0,0.22,266.31,203.19,0.24,-0.701,94.9,0,29.47,266.55
5110,17.91,53.7,400.0,0.09,234.0,178.54,0.11,-0.158,95.2,1,31.54,234.11
5111,18.6,57.1,456.0,0.06,196.38,149.83,0.35,-0.182,95.2,1,33.62,196.72
5112,19.5,57.0,400.0,0.04,156.0,119.03,0.06,0.121,94.6,1,35.58,156.06
5113,20.66,60.6,410.0,0.09,196.38,149.83,0.6,0.363,93.7,1,37.27,196.98
5114,21.81,60.1,400.0,0.2,234.0,178.54,0.55,0.244,94.2,1,38.59,234.55
5115,21.9,58.5,425.0,0.08,266.31,203.19,0.92,0.58,92.6,1,39.44,267.23
5116,22.48,61.6,436.0,0.27,291.1,222.11,0.52,0.743,91.6,0,39.77,291.62
5117,22.28,57.8,400.0,0.07,306.68,234.0,0.73,0.752,91.5,0,39.55,307.41
5118,22.12,56.7,400.0,0.21,312.0,238.06,0.66,0.366,93.7,1,38.8,312.66
5119,22.7,55.9,414.0,0.16,306.68,234.0,0.7,0.089,94.7,1,37.58,307.38
5120,22.15,53.3,1001.0,1.0,378.43,288.74,10.31,0.408,93.5,1,35.96,388.74
5121,20.88,49.0,1014.0,1.0,346.2,264.15,10.42,0.389,93.6,1,34.05,356.62
5122,20.8,44.8,991.0,1.0,304.2,232.1,10.12,-0.141,95.1,1,32.0,314.32
5123,20.19,40.4,1056.0,1.0,255.29,194.79,10.65,0.142,94.5,1,29.93,265.94
5124,19.2,42.0,980.0,1.0,202.8,154.74,10.3,-0.515,95.2,1,27.99,213.1
5125,19.42,42.7,1081.0,1.0,255.29,194.79,10.55,0.18,94.4,1,26.31,265.84
5126,18.19,40.7,1037.0,1.0,304.2,232.1,10.92,-0.155,95.2,1,25.0,315.12
5127,18.01,33.3,1025.0,1.0,346.2,264.15,10.68,-0.517,95.2,1,24.16,356.88
5128,16.98,42.9,969.0,1.0,378.43,288.74,10.27,-0.408,95.3,1,23.85,388.7
5129,16.58,44.5,1027.0,1.0,398.69,304.2,10.51,-0.433,95.3,1,24.08,409.2
5130,15.97,44.0,1018.0,1.0,405.6,309.47,10.6,-0.403,95.3,1,24.84,416.2
5131,16.54,48.9,400.0,0.06,306.68,234.0,0.85,-0.469,95.2,1,26.08,307.53
5132,16.84,50.8,400.0,0.3,291.1,222.11,0.79,-0.244,95.2,1,27.71,291.89
5133,16.62,50.8,411.0,0.21,266.31,203.19,0.32,-0.607,95.1,1,29.63,266.62
5134,17.66,57.1,400.0,0.04,234.0,178.54,0.92,-0.276,95.3,1,31.7,234.92
5135,18.48,54.2,400.0,0.24,196.38,149.83,0.15,0.228,94.2,1,33.78,196.52
5136,19.63,58.3,432.0,0.17,156.0,119.03,0.28,-0.07,95.0,1,35.74,156.28
5137,20.42,59.2,400.0,0.12,196.38,149.83,0.03,0.178,94.4,1,37.43,196.41
5138,20.62,58.3,400.0,0.06,234.0,178.54,0.31,0.051,94.8,1,38.75,234.31
5139,21.77,60.4,400.0,0.08,266.31,203.19,0.41,0.785,91.3,0,39.6,266.72
5140,21.91,61.5,415.0,0.05,291.1,222.11,0.24,0.49,93.1,1,39.92,291.34
5141,20.87,59.9,400.0,0.24,306.68,234.0,0.01,0.231,94.2,1,39.71,306.7
5142,22.16,56.9,400.0,0.08,312.0,238.06,0.01,0.718,91.8,0,38.96,312.01
5143,22.84,49.6,400.0,0.14,306.68,234.0,0.92,0.268,94.1,1,37.74,307.61
5144,21.15,47.8,991.0,1.0,378.43,288.74,10.73,0.57,92.6,1,36.12,389.16
5145,21.57,48.2,1022.0,1.0,346.2,264.15,10.7,0.56,92.7,1,34.21,356.9
5146,21.68,45.3,1022.0,1.0,304.2,232.1,10.79,0.655,92.1,1,32.15,314.99
5147,19.78,42.3,978.0,1.0,255.29,194.79,10.69,0.174,94.4,1,30.09,265.98
5148,19.38,45.4,1016.0,1.0,202.8,154.74,10.06,0.01,94.9,1,28.14,212.86
5149,17.95,40.7,994.0,1.0,255.29,194.79,10.93,-0.535,95.2,1,26.46,266.21
5150,18.69,41.1,1041.0,1.0,304.2,232.1,10.43,-0.341,95.3,1,25.16,314.63
5151,17.21,42.2,996.0,1.0,346.2,264.15,10.45,-0.496,95.2,1,24.32,356.65
5152,16.8,41.2,911.0,1.0,378.43,288.74,10.89,-0.469,95.2,1,24.01,389.32
5153,17.15,47.8,1027.0,1.0,398.69,304.2,10.2,-0.587,95.1,1,24.24,408.89
5154,16.7,42.7,986.0,1.0,405.6,309.47,10.31,-0.343,95.3,1,25.0,415.91
5155,16.03,45.7,400.0,0.1,306.68,234.0,0.86,-0.595,95.1,1,26.24,307.54
5156,16.44,47.6,410.0,0.02,291.1,222.11,0.52,-0.338,95.3,1,27.87,291.62
5157,17.48,55.3,400.0,0.17,266.31,203.19,0.42,-0.377,95.3,1,29.79,266.73
5158,17.54,56.2,402.0,0.11,234.0,178.54,0.95,-0.375,95.3,1,31.86,234.95
5159,17.51,55.6,416.0,0.08,196.38,149.83,0.89,-0.272,95.3,1,33.94,197.26
5160,19.32,56.7,411.0,0.18,156.0,119.03,0.89,0.047,94.8,1,35.89,156.89
5161,19.38,62.3,400.0,0.08,196.38,149.83,0.21,0.404,93.5,1,37.59,196.59
5162,21.65,60.7,430.0,0.14,234.0,178.54,0.84,0.104,94.6,1,38.9,234.84
5163,21.55,62.6,400.0,0.07,266.31,203.19,0.66,0.363,93.7,1,39.75,266.97
5164,21.48,58.8,400.0,0.2,291.1,222.11,0.69,0.53,92.9,1,40.08,291.79
5165,21.88,58.4,400.0,0.26,306.68,234.0,0.05,0.479,93.1,1,39.87,306.73
5166,21.38,56.0,409.0,0.02,312.0,238.06,0.56,0.148,94.5,1,39.12,312.56
5167,21.67,51.8,400.0,0.25,306.68,234.0,0.22,0.579,92.6,1,37.89,306.9
5168,22.43,50.2,437.0,0.26,291.1,222.11,0.93,0.132,94.5,1,36.27,292.03
5169,22.56,45.5,409.0,0.29,266.31,203.19,0.56,0.055,94.8,1,34.37,266.87
5170,21.18,46.4,402.0,0.25,234.0,178.54,0.62,-0.011,94.9,1,32.31,234.62
5171,20.04,44.8,408.0,0.17,196.38,149.83,0.24,0.097,94.6,1,30.24,196.62
5172,19.09,43.6,422.0,0.02,156.0,119.03,0.42,-0.193,95.2,1,28.3,156.42
5173,18.05,41.8,407.0,0.02,196.38,149.83,0.53,-0.416,95.3,1,26.62,196.91
5174,18.83,39.8,400.0,0.06,234.0,178.54,0.81,-0.174,95.2,1,25.32,234.81
5175,17.09,43.3,433.0,0.13,266.31,203.19,0.61,-0.359,95.3,1,24.48,266.92
5176,17.76,42.9,404.0,0.29,291.1,222.11,0.11,-0.281,95.3,1,24.16,291.21
5177,17.09,45.4,421.0,0.05,306.68,234.0,0.45,-0.629,95.0,1,24.4,307.14
5178,15.42,47.5,400.0,0.16,312.0,238.06,0.3,-0.513,95.2,1,25.16,312.3
5179,16.06,46.7,400.0,0.3,306.68,234.0,0.54,-0.323,95.3,1,26.39,307.22
5180,16.35,50.3,400.0,0.0,291.1,222.11,0.47,-0.696,94.9,1,28.03,291.57
5181,17.12,53.7,400.0,0.01,266.31,203.19,0.02,-0.486,95.2,1,29.94,266.33
5182,17.75,52.3,416.0,0.08,234.0,178.54,0.21,-0.051,95.0,1,32.01,234.21
5183,20.0,54.5,439.0,0.07,196.38,149.83,0.66,-0.125,95.1,1,34.1,197.04
5184,18.74,55.8,409.0,0.15,156.0,119.03,0.54,-0.03,95.0,1,36.05,156.54
5185,20.16,59.3,400.0,0.13,196.38,149.83,0.05,0.122,94.6,1,37.74,196.43
5186,21.08,59.3,400.0,0.18,234.0,178.54,0.6,0.495,93.1,1,39.06,234.6
5187,21.39,56.9,441.0,0.04,266.31,203.19,0.5,0.349,93.8,1,39.91,266.81
5188,21.91,59.2,400.0,0.21,291.1,222.11,0.15,0.442,93.3,1,40.24,291.25
5189,21.63,57.2,463.0,0.06,306.68,234.0,0.0,0.48,93.1,1,40.02,306.69
5190,22.31,57.8,456.0,0.14,312.0,238.06,0.34,0.177,94.4,1,39.27,312.34
5191,22.41,57.1,464.0,0.01,306.68,234.0,0.78,0.583,92.6,1,38.05,307.46
5192,22.01,51.4,411.0,0.24,291.1,222.11,0.13,0.269,94.1,1,36.43,291.23
5193,21.65,46.5,400.0,0.19,266.31,203.19,0.94,0.101,94.6,1,34.53,267.25
5194,21.45,46.7,411.0,0.06,234.0,178.54,0.54,-0.099,95.1,1,32.47,234.54
5195,20.49,43.3,427.0,0.18,196.38,149.83,0.76,-0.178,95.2,1,30.4,197.13
5196,19.27,41.1,400.0,0.13,156.0,119.03,0.98,-0.454,95.2,1,28.46,156.98
5197,17.87,38.8,400.0,0.25,196.38,149.83,0.26,-0.334,95.3,1,26.78,196.64
5198,17.43,39.1,400.0,0.3,234.0,178.54,0.58,-0.337,95.3,1,25.47,234.58
5199,17.0,39.9,400.0,0.04,266.31,203.19,0.34,-0.141,95.1,1,24.64,266.65
5200,16.75,42.7,437.0,0.15,291.1,222.11,0.08,-0.421,95.3,1,24.32,291.18
5201,16.09,43.6,400.0,0.08,306.68,234.0,0.79,-0.432,95.3,1,24.55,307.48
5202,15.75,48.2,403.0,0.22,312.0,238.06,0.01,-0.244,95.2,1,25.31,312.01
5203,15.73,48.3,429.0,0.01,306.68,234.0,0.87,-1.053,93.7,0,26.55,307.55
5204,15.79,50.4,438.0,0.16,291.1,222.11,0.79,-0.355,95.3,1,28.18,291.89
5205,16.97,51.5,406.0,0.26,266.31,203.19,0.64,-0.291,95.3,1,30.1,266.95
5206,16.97,52.5,412.0,0.12,234.0,178.54,0.59,-0.085,95.1,1,32.17,234.59
5207,17.93,55.6,400.0,0.25,196.38,149.83,0.85,-0.489,95.2,1,34.25,197.22
5208,19.01,57.0,431.0,0.04,156.0,119.03,0.06,-0.115,95.1,1,36.21,156.06
5209,19.31,54.4,438.0,0.28,196.38,149.83,0.74,-0.057,95.0,1,37.9,197.11
5210,20.89,58.0,400.0,0.24,234.0,178.54,0.18,-0.008,94.9,1,39.22,234.18
5211,21.68,63.0,453.0,0.12,266.31,203.19,0.02,0.816,91.1,0,40.07,266.33
5212,21.51,59.6,400.0,0.04,291.1,222.11,0.31,0.32,93.9,1,40.39,291.41
5213,21.87,56.6,418.0,0.16,306.68,234.0,0.33,0.668,92.1,1,40.18,307.01
5214,22.45,56.2,402.0,0.2,312.0,238.06,0.19,0.641,92.2,1,39.43,312.19
5215,21.72,49.1,400.0,0.04,306.68,234.0,0.71,0.195,94.3,1,38.2,307.4
5216,21.39,51.0,994.0,1.0,378.43,288.74,10.56,0.328,93.8,1,36.58,388.99
5217,21.89,50.4,970.0,1.0,346.2,264.15,10.92,0.366,93.7,1,34.68,357.12
5218,21.11,45.2,1016.0,1.0,304.2,232.1,10.76,0.329,93.8,1,32.62,314.96
5219,20.25,39.7,991.0,1.0,255.29,194.79,10.83,0.196,94.3,1,30.55,266.11
5220,19.63,40.8,961.0,1.0,202.8,154.74,10.9,0.351,93.7,1,28.61,213.7
5221,17.4,43.0,969.0,1.0,255.29,194.79,10.81,0.053,94.8,1,26.93,266.09
5222,18.34,40.5,961.0,1.0,304.2,232.1,10.12,-0.119,95.1,1,25.63,314.32
5223,17.23,37.4,984.0,1.0,346.2,264.15,10.19,-0.16,95.2,1,24.79,356.39
5224,17.06,45.8,1015.0,1.0,378.43,288.74,10.4,-0.162,95.2,1,24.48,388.83
5225,16.45,40.1,979.0,1.0,398.69,304.2,10.33,-0.608,95.1,1,24.71,409.02
5226,16.17,44.1,1029.0,1.0,405.6,309.47,10.89,-0.816,94.6,0,25.47,416.49
5227,16.11,44.9,400.0,0.04,306.68,234.0,0.52,-0.604,95.1,1,26.7,307.21
5228,16.73,47.5,400.0,0.16,291.1,222.11,0.88,-0.708,94.9,0,28.34,291.98
5229,16.86,51.2,401.0,0.21,266.31,203.19,0.39,-0.55,95.2,1,30.25,266.7
5230,18.07,55.9,442.0,0.23,234.0,178.54,0.91,-0.23,95.2,1,32.32,234.91
5231,17.56,59.3,400.0,0.17,196.38,149.83,0.07,-0.24,95.2,1,34.41,196.45
5232,18.86,57.6,450.0,0.06,156.0,119.03,0.45,0.13,94.6,1,36.36,156.45
5233,20.93,57.5,429.0,0.17,196.38,149.83,0.9,0.19,94.4,1,38.05,197.28
5234,20.31,60.9,400.0,0.19,234.0,178.54,0.45,0.323,93.9,1,39.37,234.45
5235,21.12,60.8,435.0,0.08,266.31,203.19,0.73,0.101,94.6,1,40.22,267.04
5236,21.28,59.4,400.0,0.04,291.1,222.11,0.36,0.257,94.1,1,40.55,291.46
5237,22.18,57.9,409.0,0.28,306.68,234.0,0.83,0.101,94.6,1,40.33,307.51
5238,21.75,55.2,400.0,0.03,312.0,238.06,0.63,0.614,92.4,1,39.58,312.63
5239,21.92,53.2,429.0,0.08,306.68,234.0,0.81,0.867,90.7,0,38.36,307.5
5240,22.13,50.1,979.0,1.0,378.43,288.74,10.54,0.469,93.2,1,36.74,388.97
5241,20.88,50.0,998.0,1.0,346.2,264.15,10.64,0.407,93.5,1,34.83,356.84
5242,21.0,49.9,1020.0,1.0,304.2,232.1,10.53,0.144,94.5,1,32.78,314.73
5243,20.29,43.6,1031.0,1.0,255.29,194.79,10.57,0.086,94.7,1,30.71,265.86
5244,19.62,41.6,975.0,1.0,202.8,154.74,10.69,0.255,94.1,1,28.77,213.49
5245,18.39,41.0,1023.0,1.0,255.29,194.79,10.12,-0.111,95.1,1,27.09,265.41
5246,19.21,38.7,971.0,1.0,304.2,232.1,10.77,-0.122,95.1,1,25.78,314.97
5247,17.49,41.8,935.0,1.0,346.2,264.15,10.36,-0.093,95.1,1,24.94,356.56
5248,16.65,42.0,978.0,1.0,378.43,288.74,10.01,-0.213,95.2,1,24.63,388.44
5249,15.75,41.8,1025.0,1.0,398.69,304.2,10.64,-0.476,95.2,1,24.86,409.33
5250,16.03,46.4,1000.0,1.0,405.6,309.47,10.61,-0.479,95.2,1,25.62,416.21
5251,16.89,47.0,400.0,0.28,306.68,234.0,0.73,-0.56,95.1,1,26.86,307.41
5252,17.33,47.6,402.0,0.19,291.1,222.11,1.0,-0.333,95.3,1,28.49,292.1
5253,17.69,52.8,401.0,0.14,266.31,203.19,0.46,-0.436,95.3,1,30.41,266.77
5254,17.96,55.1,419.0,0.15,234.0,178.54,0.97,-0.18,95.2,1,32.48,234.97
5255,17.66,58.7,400.0,0.14,196.38,149.83,0.58,0.078,94.7,1,34.56,196.95
5256,19.3,60.1,400.0,0.05,156.0,119.03,0.36,-0.337,95.3,1,36.51,156.36
5257,19.21,59.3,404.0,0.09,196.38,149.83,0.68,-0.242,95.2,1,38.21,197.05
5258,19.81,59.0,400.0,0.03,234.0,178.54,0.2,0.241,94.2,1,39.52,234.2
5259,21.29,59.8,400.0,0.03,266.31,203.19,0.97,0.487,93.1,1,40.37,267.27
5260,21.91,59.6,400.0,0.09,291.1,222.11,0.44,0.49,93.1,1,40.7,291.54
5261,22.4,58.4,400.0,0.2,306.68,234.0,0.01,0.241,94.2,1,40.48,306.7
5262,22.29,56.0,400.0,0.18,312.0,238.06,0.66,0.68,92.0,1,39.74,312.66
5263,22.2,52.9,400.0,0.17,306.68,234.0,0.12,0.865,90.7,0,38.51,306.8
5264,21.14,52.5,982.0,1.0,378.43,288.74,10.09,0.259,94.1,1,36.89,388.52
5265,21.1,46.5,988.0,1.0,346.2,264.15,10.02,0.209,94.3,1,34.99,356.22
5266,19.78,50.4,1009.0,1.0,304.2,232.1,10.88,0.255,94.1,1,32.93,315.08
5267,18.8,44.8,1037.0,1.0,255.29,194.79,10.03,0.104,94.6,1,30.86,265.32
5268,19.4,39.3,933.0,1.0,202.8,154.74,10.54,0.241,94.2,1,28.92,213.34
5269,17.87,40.8,1019.0,1.0,255.29,194.79,10.49,-0.073,95.0,1,27.24,265.78
5270,17.96,41.6,997.0,1.0,304.2,232.1,10.91,-0.308,95.3,1,25.93,315.11
5271,17.45,39.5,1016.0,1.0,346.2,264.15,10.91,-0.471,95.2,1,25.1,357.11
5272,16.11,38.1,1036.0,1.0,378.43,288.74,10.92,-0.739,94.8,0,24.78,389.35
5273,16.41,40.5,977.0,1.0,398.69,304.2,10.4,-0.209,95.2,1,25.01,409.09
5274,15.68,45.7,1028.0,1.0,405.6,309.47,10.47,-0.374,95.3,1,25.77,416.07
5275,15.19,43.4,400.0,0.26,306.68,234.0,0.83,-0.501,95.2,1,27.01,307.51
5276,16.47,46.6,404.0,0.22,291.1,222.11,0.12,-0.411,95.3,1,28.64,291.22
5277,16.64,53.2,400.0,0.17,266.31,203.19,0.11,-0.375,95.3,1,30.56,266.42
5278,17.28,54.1,401.0,0.19,234.0,178.54,0.92,-0.603,95.1,1,32.63,234.92
5279,19.21,55.3,400.0,0.03,196.38,149.83,0.03,-0.414,95.3,1,34.71,196.41
5280,18.23,57.4,413.0,0.21,156.0,119.03,0.38,-0.041,95.0,1,36.66,156.38
5281,19.96,56.6,448.0,0.18,196.38,149.83,0.19,0.085,94.7,1,38.36,196.57
5282,19.99,61.0,400.0,0.03,234.0,178.54,0.08,0.248,94.2,1,39.67,234.08
5283,21.56,58.2,406.0,0.04,266.31,203.19,0.97,0.693,91.9,1,40.52,267.28
5284,21.73,57.8,426.0,0.29,291.1,222.11,0.17,0.376,93.6,1,40.85,291.27
5285,22.07,58.1,400.0,0.05,306.68,234.0,0.43,0.33,93.8,1,40.63,307.12
5286,21.5,54.9,441.0,0.27,312.0,238.06,0.26,0.511,93.0,1,39.89,312.26
5287,21.49,51.6,400.0,0.08,306.68,234.0,0.49,0.204,94.3,1,38.66,307.18
5288,22.03,46.5,997.0,1.0,378.43,288.74,10.77,0.464,93.2,1,37.04,389.2
5289,21.97,48.6,970.0,1.0,346.2,264.15,10.66,0.209,94.3,1,35.14,356.86
5290,20.7,45.6,1004.0,1.0,304.2,232.1,10.57,0.295,94.0,1,33.08,314.77
5291,19.29,42.2,1000.0,1.0,255.29,194.79,10.51,0.093,94.7,1,31.01,265.8
5292,19.13,39.5,1019.0,1.0,202.8,154.74,10.13,-0.028,95.0,1,29.07,212.93
5293,19.39,40.5,981.0,1.0,255.29,194.79,10.4,-0.004,94.9,1,27.39,265.69
5294,17.5,41.0,980.0,1.0,304.2,232.1,10.91,-0.103,95.1,1,26.08,315.11
5295,17.56,40.4,1014.0,1.0,346.2,264.15,10.82,0.053,94.8,1,25.25,357.02
5296,15.98,44.4,1042.0,1.0,378.43,288.74,10.06,-0.294,95.3,1,24.93,388.49
5297,16.02,44.0,1019.0,1.0,398.69,304.2,10.84,-0.532,95.2,1,25.16,409.53
5298,16.25,44.4,1055.0,1.0,405.6,309.47,10.83,-0.627,95.0,1,25.92,416.43
5299,16.24,48.4,417.0,0.09,306.68,234.0,0.8,-0.414,95.3,1,27.16,307.49
5300,15.95,49.6,416.0,0.07,291.1,222.11,0.81,-0.141,95.1,1,28.79,291.91
5301,16.41,52.2,420.0,0.23,266.31,203.19,0.98,-0.182,95.2,1,30.71,267.29
5302,17.92,57.2,445.0,0.3,234.0,178.54,0.06,-0.392,95.3,1,32.78,234.06
5303,18.75,54.9,437.0,0.01,196.38,149.83,0.38,-0.039,95.0,1,34.86,196.76
5304,19.68,58.5,400.0,0.06,156.0,119.03,0.97,0.044,94.8,1,36.81,156.97
5305,20.6,61.9,424.0,0.29,196.38,149.83,0.55,0.339,93.8,1,38.51,196.93
5306,20.49,60.6,408.0,0.1,234.0,178.54,0.68,0.31,93.9,1,39.82,234.68
5307,20.88,59.0,400.0,0.12,266.31,203.19,0.36,0.406,93.5,1,40.67,266.67
5308,22.19,55.5,400.0,0.2,291.1,222.11,0.21,0.197,94.3,1,41.0,291.31
5309,22.16,52.9,400.0,0.11,306.68,234.0,0.98,0.641,92.2,1,40.78,307.66
5310,21.42,59.6,400.0,0.15,312.0,238.06,0.36,0.222,94.3,1,40.04,312.36
5311,21.28,53.7,400.0,0.27,306.68,234.0,0.56,0.501,93.0,1,38.81,307.25
5312,21.75,49.3,990.0,1.0,378.43,288.74,10.24,0.323,93.9,1,37.19,388.67
5313,20.93,48.6,1021.0,1.0,346.2,264.15,10.97,0.232,94.2,1,35.29,357.17
5314,20.38,43.5,983.0,1.0,304.2,232.1,10.26,0.367,93.7,1,33.23,314.46
5315,20.21,42.6,1003.0,1.0,255.29,194.79,10.91,0.129,94.6,1,31.16,266.2
5316,19.27,39.7,968.0,1.0,202.8,154.74,10.29,-0.479,95.2,1,29.22,213.09
5317,18.78,37.6,1009.0,1.0,255.29,194.79,10.95,-0.169,95.2,1,27.54,266.24
5318,16.42,35.8,1015.0,1.0,304.2,232.1,10.37,-0.328,95.3,1,26.23,314.57
5319,16.89,37.0,957.0,1.0,346.2,264.15,10.87,-0.102,95.1,1,25.4,357.07
5320,16.63,43.2,977.0,1.0,378.43,288.74,10.6,-0.681,94.9,1,25.08,389.03
5321,15.21,40.6,962.0,1.0,398.69,304.2,10.11,-0.1,95.1,1,25.31,408.8
5322,15.55,45.7,1015.0,1.0,405.6,309.47,10.3,-0.329,95.3,1,26.07,415.9
5323,15.55,48.9,405.0,0.2,306.68,234.0,0.76,-0.539,95.2,1,27.31,307.45
5324,16.28,49.6,400.0,0.13,291.1,222.11,0.67,-0.517,95.2,1,28.94,291.77
5325,17.56,51.5,400.0,0.14,266.31,203.19,0.36,-0.481,95.2,1,30.86,266.66
5326,18.37,54.9,410.0,0.22,234.0,178.54,0.2,-0.186,95.2,1,32.93,234.2
5327,17.68,55.9,410.0,0.27,196.38,149.83,0.83,-0.287,95.3,1,35.01,197.2
5328,19.12,60.8,400.0,0.06,156.0,119.03,0.62,-0.023,94.9,1,36.96,156.62
5329,19.91,63.3,400.0,0.04,196.38,149.83,0.68,-0.088,95.1,1,38.66,197.06
5330,20.54,62.9,400.0,0.19,234.0,178.54,0.48,0.393,93.6,1,39.97,234.48
5331,21.17,55.5,400.0,0.07,266.31,203.19,0.35,0.387,93.6,1,40.82,266.66
5332,21.59,58.0,462.0,0.06,291.1,222.11,0.38,0.339,93.8,1,41.15,291.48
5333,22.58,57.4,400.0,0.06,306.68,234.0,0.03,0.435,93.4,1,40.93,306.72
5334,22.39,56.3,409.0,0.06,312.0,238.06,0.94,0.361,93.7,1,40.18,312.94
5335,21.2,49.6,414.0,0.14,306.68,234.0,0.37,0.546,92.8,1,38.96,307.05
5336,21.83,47.0,442.0,0.29,291.1,222.11,0.48,0.182,94.4,1,37.34,291.58
5337,21.4,50.5,400.0,0.25,266.31,203.19,0.36,0.534,92.8,1,35.43,266.67
5338,20.49,44.3,440.0,0.16,234.0,178.54,0.36,0.285,94.0,1,33.38,234.36
5339,20.17,40.3,400.0,0.02,196.38,149.83,0.69,0.04,94.8,1,31.31,197.06
5340,18.92,39.4,475.0,0.2,156.0,119.03,0.67,0.118,94.6,1,29.37,156.67
5341,18.14,41.3,411.0,0.14,196.38,149.83,0.81,-0.052,95.0,1,27.69,197.19
5342,17.38,38.4,400.0,0.23,234.0,178.54,0.07,-0.459,95.2,1,26.38,234.07
5343,15.68,40.7,400.0,0.15,266.31,203.19,0.87,-0.092,95.1,1,25.54,267.18
5344,16.17,39.2,440.0,0.2,291.1,222.11,0.96,-0.932,94.2,0,25.23,292.06
5345,15.58,39.1,402.0,0.06,306.68,234.0,0.99,-0.265,95.3,1,25.46,307.67
5346,15.21,47.4,400.0,0.25,312.0,238.06,0.13,-0.533,95.2,1,26.22,312.13
5347,16.62,47.8,422.0,0.23,306.68,234.0,0.49,-0.285,95.3,1,27.46,307.17
5348,16.45,48.9,400.0,0.11,291.1,222.11,0.94,-0.145,95.1,1,29.09,292.04
5349,16.66,51.1,400.0,0.29,266.31,203.19,0.76,-0.439,95.3,1,31.0,267.07
5350,17.01,57.5,400.0,0.05,234.0,178.54,0.06,-0.326,95.3,1,33.07,234.06
5351,18.16,57.9,452.0,0.01,196.38,149.83,0.87,-0.066,95.0,1,35.16,197.25
5352,19.29,60.7,400.0,0.23,156.0,119.03,0.84,-0.227,95.2,1,37.11,156.84
5353,19.15,58.4,405.0,0.18,196.38,149.83,0.78,0.063,94.7,1,38.8,197.16
5354,20.28,60.1,414.0,0.03,234.0,178.54,0.41,0.167,94.4,1,40.12,234.41
5355,21.34,60.6,400.0,0.05,266.31,203.19,0.63,0.116,94.6,1,40.97,266.94
5356,20.41,57.8,400.0,0.04,291.1,222.11,0.72,0.339,93.8,1,41.3,291.82
5357,21.64,57.2,400.0,0.05,306.68,234.0,0.4,0.634,92.3,1,41.08,307.08
5358,21.56,54.2,416.0,0.14,312.0,238.06,0.78,0.636,92.3,1,40.33,312.78
5359,21.6,53.8,400.0,0.02,306.68,234.0,0.27,0.448,93.3,1,39.11,306.96
5360,21.12,47.8,400.0,0.16,291.1,222.11,0.18,0.445,93.3,1,37.49,291.28
5361,20.96,49.0,412.0,0.18,266.31,203.19,0.86,0.293,94.0,1,35.58,267.17
5362,21.22,46.0,400.0,0.22,234.0,178.54,0.34,-0.102,95.1,1,33.52,234.34
5363,19.37,42.9,419.0,0.28,196.38,149.83,0.06,-0.074,95.0,1,31.45,196.43
5364,18.9,42.5,400.0,0.02,156.0,119.03,0.83,0.192,94.4,1,29.51,156.83
5365,18.98,39.7,400.0,0.01,196.38,149.83,0.8,0.11,94.6,1,27.83,197.17
5366,16.98,38.7,402.0,0.04,234.0,178.54,0.8,-0.422,95.3,1,26.53,234.8
5367,17.53,41.3,400.0,0.1,266.31,203.19,0.34,-0.13,95.1,1,25.69,266.65
5368,16.15,42.3,400.0,0.16,291.1,222.11,0.6,-0.673,95.0,1,25.37,291.7
5369,16.74,41.6,400.0,0.0,306.68,234.0,0.01,-0.586,95.1,1,25.6,306.7
5370,16.12,43.4,400.0,0.21,312.0,238.06,0.0,-0.524,95.2,1,26.36,312.0
5371,15.99,46.6,421.0,0.29,306.68,234.0,0.26,-0.538,95.2,1,27.6,306.94
5372,16.1,48.4,400.0,0.07,291.1,222.11,0.53,-0.571,95.1,1,29.23,291.63
5373,16.3,55.2,400.0,0.0,266.31,203.19,0.6,-0.328,95.3,1,31.15,266.91
5374,17.27,55.2,400.0,0.23,234.0,178.54,0.13,-0.095,95.1,1,33.22,234.13
5375,18.4,56.8,403.0,0.23,196.38,149.83,0.87,-0.42,95.3,1,35.3,197.24
5376,18.72,56.5,400.0,0.01,156.0,119.03,0.96,0.025,94.8,1,37.26,156.96
5377,19.34,61.0,412.0,0.19,196.38,149.83,0.12,0.322,93.9,1,38.95,196.49
5378,20.09,58.8,417.0,0.07,234.0,178.54,0.82,0.167,94.4,1,40.26,234.82
5379,21.33,58.5,472.0,0.19,266.31,203.19,0.61,0.244,94.2,1,41.11,266.92
5380,21.92,60.4,435.0,0.22,291.1,222.11,0.5,0.263,94.1,1,41.44,291.6
5381,21.27,58.2,400.0,0.07,306.68,234.0,0.49,0.883,90.6,0,41.22,307.17
5382,21.37,50.4,400.0,0.08,312.0,238.06,0.75,0.799,91.2,0,40.48,312.75
5383,21.79,52.7,400.0,0.18,306.68,234.0,0.21,0.424,93.4,1,39.25,306.89
5384,22.06,50.7,1017.0,1.0,378.43,288.74,10.61,0.669,92.1,1,37.63,389.04
5385,21.39,47.2,972.0,1.0,346.2,264.15,10.26,0.248,94.2,1,35.73,356.46
5386,19.57,45.7,984.0,1.0,304.2,232.1,10.09,0.219,94.3,1,33.67,314.29
5387,19.34,39.7,963.0,1.0,255.29,194.79,10.55,-0.083,95.1,1,31.6,265.84
5388,18.23,35.9,982.0,1.0,202.8,154.74,10.27,-0.369,95.3,1,29.66,213.07
5389,17.78,38.5,983.0,1.0,255.29,194.79,10.74,-0.245,95.2,1,27.98,266.03
5390,17.99,40.6,991.0,1.0,304.2,232.1,10.65,-0.335,95.3,1,26.67,314.85
5391,15.85,33.8,964.0,1.0,346.2,264.15,10.22,-0.268,95.3,1,25.83,356.43
5392,15.27,39.4,1029.0,1.0,378.43,288.74,10.86,-0.302,95.3,1,25.52,389.29
5393,15.37,38.8,1014.0,1.0,398.69,304.2,10.35,-0.508,95.2,1,25.75,409.04
5394,15.82,44.1,957.0,1.0,405.6,309.47,10.71,-0.698,94.9,1,26.51,416.31
5395,16.09,50.9,401.0,0.01,306.68,234.0,0.27,-0.615,95.1,1,27.75,306.95
5396,16.29,49.1,400.0,0.28,291.1,222.11,0.2,-0.115,95.1,1,29.38,291.3
5397,17.13,51.9,440.0,0.21,266.31,203.19,0.86,-0.228,95.2,1,31.29,267.17
5398,16.28,56.3,448.0,0.25,234.0,178.54,0.92,0.035,94.8,1,33.36,234.92
5399,18.48,56.8,400.0,0.29,196.38,149.83,0.35,0.226,94.2,1,35.45,196.73
5400,18.5,58.0,400.0,0.21,156.0,119.03,0.31,-0.131,95.1,1,37.4,156.31
5401,19.8,61.4,400.0,0.15,196.38,149.83,0.7,0.293,94.0,1,39.09,197.08
5402,19.49,60.9,400.0,0.14,234.0,178.54,0.23,0.07,94.7,1,40.41,234.23
5403,20.78,60.3,400.0,0.22,266.31,203.19,0.86,0.56,92.7,1,41.26,267.17
5404,21.37,58.6,441.0,0.26,291.1,222.11,0.01,0.599,92.5,1,41.59,291.11
5405,22.12,56.7,429.0,0.25,306.68,234.0,0.14,0.06,94.7,1,41.37,306.83
5406,20.85,57.2,429.0,0.15,312.0,238.06,0.12,0.581,92.6,1,40.62,312.12
5407,21.55,52.4,405.0,0.23,306.68,234.0,0.32,0.312,93.9,1,39.39,307.0
5408,20.69,52.9,965.0,1.0,378.43,288.74,10.87,0.365,93.7,1,37.77,389.3
5409,21.01,45.8,977.0,1.0,346.2,264.15,10.64,0.222,94.3,1,35.87,356.84
5410,20.52,48.3,1002.0,1.0,304.2,232.1,10.11,0.432,93.4,1,33.81,314.31
5411,20.05,44.2,964.0,1.0,255.29,194.79,10.08,-0.007,94.9,1,31.74,265.37
5412,18.36,39.6,1009.0,1.0,202.8,154.74,10.29,-0.256,95.3,1,29.8,213.09
5413,18.31,41.5,1024.0,1.0,255.29,194.79,10.62,-0.291,95.3,1,28.12,265.91
5414,17.8,38.7,1016.0,1.0,304.2,232.1,10.59,-0.293,95.3,1,26.81,314.79
5415,15.68,40.3,1015.0,1.0,346.2,264.15,10.11,-0.272,95.3,1,25.98,356.32
5416,16.33,40.1,944.0,1.0,378.43,288.74,10.76,-0.194,95.2,1,25.66,389.19
5417,16.2,42.3,1040.0,1.0,398.69,304.2,10.63,-0.38,95.3,1,25.89,409.32
5418,15.48,46.5,953.0,1.0,405.6,309.47,10.98,-0.383,95.3,1,26.65,416.58
5419,15.11,48.0,400.0,0.07,306.68,234.0,0.55,-0.335,95.3,1,27.89,307.24
5420,16.48,47.3,419.0,0.03,291.1,222.11,0.33,-0.27,95.3,1,29.52,291.43
5421,15.88,50.0,411.0,0.02,266.31,203.19,0.12,-0.147,95.1,1,31.44,266.43
5422,17.01,55.1,400.0,0.16,234.0,178.54,0.92,0.251,94.1,1,33.51,234.92
5423,17.8,57.4,400.0,0.08,196.38,149.83,0.04,0.031,94.8,1,35.59,196.41
5424,18.95,57.1,409.0,0.17,156.0,119.03,0.35,0.057,94.8,1,37.54,156.35
5425,19.06,62.7,415.0,0.04,196.38,149.83,0.53,0.036,94.8,1,39.23,196.91
5426,19.75,61.6,400.0,0.01,234.0,178.54,0.57,0.312,93.9,1,40.55,234.57
5427,20.76,58.5,412.0,0.01,266.31,203.19,0.58,0.584,92.6,1,41.4,266.89
5428,21.69,57.4,400.0,0.03,291.1,222.11,0.72,0.189,94.4,1,41.73,291.82
5429,22.62,56.9,419.0,0.24,306.68,234.0,0.13,0.735,91.6,0,41.51,306.81
5430,20.83,54.7,400.0,0.13,312.0,238.06,0.72,0.415,93.5,1,40.76,312.72
5431,21.63,55.6,402.0,0.19,306.68,234.0,0.89,0.437,93.3,1,39.54,307.57
5432,20.63,52.4,997.0,1.0,378.43,288.74,10.03,0.537,92.8,1,37.92,388.46
5433,21.2,47.9,1035.0,1.0,346.2,264.15,10.04,0.248,94.2,1,36.01,356.24
5434,19.6,46.8,1007.0,1.0,304.2,232.1,10.99,0.342,93.8,1,33.95,315.19
5435,19.01,44.9,982.0,1.0,255.29,194.79,10.31,-0.101,95.1,1,31.88,265.6
5436,18.27,41.7,1011.0,1.0,202.8,154.74,10.46,0.175,94.4,1,29.94,213.26
5437,17.75,41.3,1064.0,1.0,255.29,194.79,10.31,-0.09,95.1,1,28.26,265.6
5438,17.22,41.2,1022.0,1.0,304.2,232.1,10.56,-0.251,95.2,1,26.96,314.76
5439,16.68,41.2,998.0,1.0,346.2,264.15,10.71,-0.299,95.3,1,26.12,356.91
5440,15.95,39.6,975.0,1.0,378.43,288.74,10.76,-0.437,95.3,1,25.8,389.19
5441,14.99,41.2,982.0,1.0,398.69,304.2,10.36,-0.395,95.3,1,26.03,409.05
5442,15.91,44.0,1020.0,1.0,405.6,309.47,10.26,-0.541,95.2,1,26.79,415.86
5443,15.62,45.5,400.0,0.04,306.68,234.0,0.55,-0.541,95.2,1,28.03,307.23
5444,16.53,46.6,400.0,0.29,291.1,222.11,0.38,-0.787,94.7,0,29.66,291.48
5445,16.07,53.5,443.0,0.14,266.31,203.19,0.62,-0.081,95.0,1,31.58,266.93
5446,16.24,55.3,405.0,0.07,234.0,178.54,0.61,-0.483,95.2,1,33.65,234.61
5447,17.74,54.1,400.0,0.04,196.38,149.83,0.89,0.194,94.3,1,35.73,197.27
5448,19.18,57.9,465.0,0.18,156.0,119.03,0.0,-0.048,95.0,1,37.68,156.0
5449,19.39,59.2,453.0,0.04,196.38,149.83,0.1,0.373,93.6,1,39.37,196.48
5450,19.93,60.4,415.0,0.05,234.0,178.54,0.79,0.458,93.2,1,40.69,234.79
5451,20.21,57.6,438.0,0.29,266.31,203.19,0.58,0.546,92.8,1,41.54,266.89
5452,22.0,56.2,400.0,0.01,291.1,222.11,0.06,0.442,93.3,1,41.87,291.16
5453,20.9,58.4,422.0,0.06,306.68,234.0,0.94,0.244,94.2,1,41.65,307.63
5454,21.16,52.3,400.0,0.2,312.0,238.06,0.65,0.464,93.2,1,40.9,312.65
5455,21.7,52.6,400.0,0.07,306.68,234.0,0.49,0.42,93.4,1,39.68,307.17
5456,20.18,49.8,1078.0,1.0,378.43,288.74,10.78,0.413,93.5,1,38.06,389.21
5457,21.27,47.6,958.0,1.0,346.2,264.15,10.6,0.108,94.6,1,36.15,356.8
5458,20.32,45.9,1009.0,1.0,304.2,232.1,10.37,0.193,94.4,1,34.09,314.57
5459,19.73,46.5,1009.0,1.0,255.29,194.79,10.3,-0.455,95.2,1,32.02,265.59
5460,18.78,38.4,1015.0,1.0,202.8,154.74,10.45,-0.06,95.0,1,30.08,213.25
5461,17.64,42.2,997.0,1.0,255.29,194.79,10.48,-0.104,95.1,1,28.4,265.76
5462,16.47,35.0,998.0,1.0,304.2,232.1,10.71,-0.406,95.3,1,27.1,314.91
5463,16.3,43.0,1004.0,1.0,346.2,264.15,10.47,-0.408,95.3,1,26.26,356.67
5464,15.41,37.0,1014.0,1.0,378.43,288.74,10.02,-0.4,95.3,1,25.94,388.45
5465,15.84,47.5,1000.0,1.0,398.69,304.2,10.68,-0.28,95.3,1,26.17,409.37
5466,15.89,43.8,998.0,1.0,405.6,309.47,10.07,-0.289,95.3,1,26.93,415.67
5467,16.33,49.5,400.0,0.04,306.68,234.0,0.85,-0.422,95.3,1,28.17,307.53
5468,16.07,51.7,460.0,0.07,291.1,222.11,0.71,-0.439,95.3,1,29.8,291.81
5469,16.82,51.3,416.0,0.28,266.31,203.19,0.6,-0.283,95.3,1,31.72,266.91
5470,16.83,53.9,406.0,0.0,234.0,178.54,0.45,0.11,94.6,1,33.78,234.45
5471,17.46,55.1,400.0,0.09,196.38,149.83,0.17,-0.029,95.0,1,35.87,196.55
5472,18.71,60.0,400.0,0.05,156.0,119.03,0.65,0.052,94.8,1,37.82,156.65
5473,19.05,58.7,426.0,0.17,196.38,149.83,0.11,0.344,93.8,1,39.51,196.49
5474,20.1,58.4,400.0,0.25,234.0,178.54,0.6,0.26,94.1,1,40.83,234.6
5475,20.06,60.8,419.0,0.12,266.31,203.19,0.18,0.183,94.4,1,41.68,266.49
5476,20.62,57.1,400.0,0.25,291.1,222.11,0.6,0.525,92.9,1,42.01,291.7
5477,21.67,56.7,446.0,0.13,306.68,234.0,0.15,0.517,92.9,1,41.79,306.84
5478,21.9,55.6,427.0,0.27,312.0,238.06,0.09,0.456,93.3,1,41.04,312.09
5479,20.86,51.8,400.0,0.25,306.68,234.0,0.47,0.592,92.5,1,39.81,307.16
5480,21.39,49.5,1014.0,1.0,378.43,288.74,10.71,0.071,94.7,1,38.19,389.14
5481,20.3,50.9,1022.0,1.0,346.2,264.15,10.24,0.245,94.2,1,36.29,356.44
5482,19.96,45.0,960.0,1.0,304.2,232.1,10.5,0.074,94.7,1,34.23,314.7
5483,19.93,42.6,1050.0,1.0,255.29,194.79,10.8,-0.026,94.9,1,32.16,266.09
5484,18.85,41.2,1014.0,1.0,202.8,154.74,10.55,-0.031,95.0,1,30.22,213.35
5485,18.06,41.4,979.0,1.0,255.29,194.79,10.6,-0.311,95.3,1,28.54,265.89
5486,17.89,37.9,967.0,1.0,304.2,232.1,10.22,0.085,94.7,1,27.23,314.42
5487,15.96,41.1,1030.0,1.0,346.2,264.15,10.12,-0.263,95.3,1,26.39,356.33
5488,15.34,41.6,1006.0,1.0,378.43,288.74,10.15,-0.592,95.1,1,26.08,388.58
5489,15.17,39.0,1014.0,1.0,398.69,304.2,10.97,-0.831,94.6,0,26.31,409.66
5490,15.3,48.2,1001.0,1.0,405.6,309.47,10.09,-0.617,95.1,1,27.07,415.69
5491,14.35,49.9,400.0,0.05,306.68,234.0,0.15,-0.549,95.2,1,28.31,306.84
5492,15.72,47.9,415.0,0.25,291.1,222.11,0.21,-0.56,95.1,1,29.94,291.31
5493,16.03,49.9,400.0,0.0,266.31,203.19,0.79,0.155,94.5,1,31.85,267.1
5494,17.31,55.0,400.0,0.24,234.0,178.54,0.4,-0.581,95.1,1,33.92,234.4
5495,17.81,53.9,471.0,0.01,196.38,149.83,0.79,-0.119,95.1,1,36.0,197.17
5496,18.11,61.1,426.0,0.09,156.0,119.03,0.42,-0.026,94.9,1,37.96,156.42
5497,19.48,58.6,428.0,0.11,196.38,149.83,0.79,0.08,94.7,1,39.65,197.17
5498,20.27,63.2,482.0,0.1,234.0,178.54,0.9,-0.138,95.1,1,40.97,234.9
5499,20.14,58.1,412.0,0.07,266.31,203.19,0.45,0.345,93.8,1,41.82,266.76
5500,20.75,58.7,404.0,0.03,291.1,222.11,0.99,0.469,93.2,1,42.14,292.09
5501,20.18,59.9,400.0,0.0,306.68,234.0,0.93,0.625,92.3,1,41.92,307.62
5502,20.85,54.8,400.0,0.23,312.0,238.06,0.02,0.597,92.5,1,41.18,312.02
5503,20.92,53.6,400.0,0.14,306.68,234.0,0.56,0.727,91.7,0,39.95,307.25
5504,21.03,52.7,424.0,0.05,291.1,222.11,0.66,0.024,94.8,1,38.33,291.76
5505,20.04,46.8,400.0,0.02,266.31,203.19,0.84,0.307,93.9,1,36.43,267.15
5506,19.63,42.9,427.0,0.08,234.0,178.54,0.67,0.751,91.5,0,34.37,234.67
5507,18.55,40.4,400.0,0.11,196.38,149.83,0.69,0.341,93.8,1,32.3,197.06
5508,18.47,42.8,404.0,0.14,156.0,119.03,0.29,-0.291,95.3,1,30.35,156.29
5509,17.82,41.3,400.0,0.03,196.38,149.83,0.82,-0.112,95.1,1,28.67,197.2
5510,17.08,42.1,442.0,0.29,234.0,178.54,0.06,-0.459,95.2,1,27.37,234.06
5511,16.26,39.7,436.0,0.08,266.31,203.19,0.66,-0.44,95.3,1,26.53,266.97
5512,15.0,38.3,400.0,0.13,291.1,222.11,0.2,-0.033,95.0,1,26.21,291.3
5513,15.16,37.9,400.0,0.21,306.68,234.0,0.77,-0.291,95.3,1,26.44,307.45
5514,15.16,50.3,428.0,0.09,312.0,238.06,0.79,-0.804,94.6,0,27.2,312.79
5515,15.27,48.0,400.0,0.02,306.68,234.0,0.17,-0.636,95.0,1,28.44,306.86
5516,15.8,49.8,400.0,0.11,291.1,222.11,0.79,-0.433,95.3,1,30.07,291.89
5517,16.95,52.7,415.0,0.17,266.31,203.19,0.84,-0.406,95.3,1,31.99,267.15
5518,17.26,51.7,437.0,0.25,234.0,178.54,0.05,-0.187,95.2,1,34.06,234.05
5519,17.08,55.1,400.0,0.11,196.38,149.83,0.43,-0.284,95.3,1,36.14,196.81
5520,18.69,61.9,412.0,0.27,156.0,119.03,0.19,-0.073,95.0,1,38.09,156.19
5521,19.45,60.8,400.0,0.16,196.38,149.83,0.13,-0.028,95.0,1,39.78,196.5
5522,19.44,58.5,422.0,0.22,234.0,178.54,0.8,0.176,94.4,1,41.1,234.8
5523,20.89,57.3,433.0,0.01,266.31,203.19,0.29,0.494,93.1,1,41.95,266.6
5524,20.86,57.9,400.0,0.27,291.1,222.11,0.64,0.492,93.1,1,42.28,291.74
5525,20.53,56.8,400.0,0.06,306.68,234.0,0.0,0.343,93.8,1,42.06,306.69
5526,21.57,59.5,400.0,0.1,312.0,238.06,0.08,0.726,91.7,0,41.31,312.08
5527,21.34,52.7,428.0,0.16,306.68,234.0,0.61,0.696,91.9,1,40.09,307.29
5528,20.82,48.1,400.0,0.29,291.1,222.11,0.37,0.433,93.4,1,38.46,291.47
5529,20.43,47.8,411.0,0.1,266.31,203.19,0.88,0.302,93.9,1,36.56,267.19
5530,19.47,45.9,423.0,0.07,234.0,178.54,0.08,0.603,92.5,1,34.5,234.08
5531,19.41,40.7,400.0,0.29,196.38,149.83,0.62,0.451,93.3,1,32.43,197.0
5532,18.3,42.4,400.0,0.24,156.0,119.03,0.7,-0.303,95.3,1,30.49,156.7
5533,17.63,42.9,430.0,0.2,196.38,149.83,0.61,0.109,94.6,1,28.81,196.99
5534,17.0,40.3,400.0,0.12,234.0,178.54,0.68,0.095,94.7,1,27.5,234.68
5535,15.62,38.6,400.0,0.13,266.31,203.19,0.25,-0.222,95.2,1,26.66,266.56
5536,15.27,40.1,400.0,0.29,291.1,222.11,0.77,-0.526,95.2,1,26.35,291.87
5537,14.31,39.3,438.0,0.02,306.68,234.0,0.55,-0.552,95.2,1,26.58,307.24
5538,15.59,44.3,448.0,0.23,312.0,238.06,0.79,-0.158,95.2,1,27.34,312.79
5539,14.8,47.6,400.0,0.18,306.68,234.0,0.12,-0.316,95.3,1,28.57,306.81
5540,15.77,47.7,400.0,0.29,291.1,222.11,0.13,-0.324,95.3,1,30.21,291.23
5541,16.37,56.0,432.0,0.17,266.31,203.19,0.4,0.113,94.6,1,32.12,266.7
5542,17.1,56.2,400.0,0.08,234.0,178.54,0.39,-0.452,95.2,1,34.19,234.39
5543,16.92,53.1,407.0,0.23,196.38,149.83,0.13,-0.148,95.1,1,36.27,196.5
5544,18.26,54.9,400.0,0.3,156.0,119.03,0.08,0.038,94.8,1,38.23,156.08
5545,19.9,57.6,439.0,0.27,196.38,149.83,0.08,0.087,94.7,1,39.92,196.46
5546,20.65,63.1,442.0,0.09,234.0,178.54,0.05,-0.118,95.1,1,41.23,234.05
5547,20.9,61.6,400.0,0.1,266.31,203.19,0.03,0.554,92.7,1,42.08,266.34
5548,21.05,62.1,405.0,0.23,291.1,222.11,0.81,0.283,94.0,1,42.41,291.91
5549,20.68,57.4,400.0,0.18,306.68,234.0,0.93,0.329,93.8,1,42.19,307.62
5550,21.64,55.0,400.0,0.0,312.0,238.06,0.43,0.428,93.4,1,41.44,312.43
5551,21.1,50.5,419.0,0.04,306.68,234.0,0.19,0.437,93.3,1,40.22,306.87
5552,21.15,51.2,990.0,1.0,378.43,288.74,10.33,0.409,93.5,1,38.6,388.76
5553,20.08,47.5,1006.0,1.0,346.2,264.15,10.82,0.546,92.8,1,36.69,357.02
5554,19.68,44.9,1029.0,1.0,304.2,232.1,10.93,0.484,93.1,1,34.63,315.13
5555,19.13,46.5,1045.0,1.0,255.29,194.79,10.24,0.078,94.7,1,32.56,265.53
5556,18.39,41.3,1009.0,1.0,202.8,154.74,10.03,-0.12,95.1,1,30.62,212.83
5557,17.73,43.1,1004.0,1.0,255.29,194.79,10.31,-0.155,95.2,1,28.94,265.6
5558,16.47,36.8,967.0,1.0,304.2,232.1,10.39,-0.429,95.3,1,27.64,314.59
5559,15.47,45.6,1048.0,1.0,346.2,264.15,10.0,-0.359,95.3,1,26.8,356.2
5560,16.47,40.4,1015.0,1.0,378.43,288.74,10.68,-0.622,95.1,1,26.48,389.11
5561,16.6,44.0,1004.0,1.0,398.69,304.2,10.12,-0.058,95.0,1,26.71,408.81
5562,15.47,46.3,1003.0,1.0,405.6,309.47,10.08,-0.474,95.2,1,27.47,415.68
5563,14.69,46.0,411.0,0.29,306.68,234.0,0.72,-0.591,95.1,1,28.71,307.4
5564,15.26,51.2,423.0,0.02,291.1,222.11,0.77,-0.292,95.3,1,30.34,291.87
5565,16.38,53.9,427.0,0.22,266.31,203.19,0.18,-0.6,95.1,1,32.25,266.49
5566,17.41,53.2,448.0,0.27,234.0,178.54,0.77,-0.392,95.3,1,34.32,234.77
5567,16.86,55.3,407.0,0.23,196.38,149.83,0.3,-0.045,95.0,1,36.4,196.67
5568,18.17,58.5,453.0,0.05,156.0,119.03,0.31,0.027,94.8,1,38.36,156.31
5569,19.11,59.3,432.0,0.06,196.38,149.83,0.12,0.339,93.8,1,40.05,196.5
5570,20.16,62.8,400.0,0.01,234.0,178.54,0.23,-0.296,95.3,1,41.36,234.23
5571,20.18,61.2,400.0,0.04,266.31,203.19,0.04,0.517,92.9,1,42.21,266.35
5572,20.04,58.7,403.0,0.02,291.1,222.11,0.67,0.324,93.9,1,42.54,291.77
5573,21.43,58.6,447.0,0.02,306.68,234.0,0.85,0.249,94.2,1,42.32,307.54
5574,21.78,51.3,400.0,0.17,312.0,238.06,0.05,0.155,94.5,1,41.58,312.05
5575,21.08,51.8,402.0,0.02,306.68,234.0,0.26,0.372,93.6,1,40.35,306.94
5576,21.02,51.0,1005.0,1.0,378.43,288.74,10.35,0.751,91.5,0,38.73,388.78
5577,20.1,50.1,1028.0,1.0,346.2,264.15,10.39,0.547,92.8,1,36.82,356.59
5578,19.29,45.8,988.0,1.0,304.2,232.1,10.82,0.577,92.6,1,34.77,315.02
5579,19.5,46.2,974.0,1.0,255.29,194.79,10.04,0.107,94.6,1,32.69,265.33
5580,18.4,43.3,1017.0,1.0,202.8,154.74,10.61,0.021,94.8,1,30.75,213.41
5581,17.67,39.5,978.0,1.0,255.29,194.79,10.53,-0.445,95.3,1,29.07,265.82
5582,17.45,39.7,945.0,1.0,304.2,232.1,10.84,-0.566,95.1,1,27.77,315.04
5583,15.55,41.0,1055.0,1.0,346.2,264.15,10.31,-0.383,95.3,1,26.93,356.51
5584,15.33,40.2,1028.0,1.0,378.43,288.74,10.1,-0.708,94.9,0,26.61,388.53
5585,15.38,45.7,1057.0,1.0,398.69,304.2,10.13,-0.654,95.0,1,26.84,408.82
5586,14.91,42.4,1026.0,1.0,405.6,309.47,10.63,-0.491,95.2,1,27.6,416.23
5587,15.69,47.6,420.0,0.25,306.68,234.0,0.55,-0.228,95.2,1,28.84,307.23
5588,15.5,51.0,411.0,0.11,291.1,222.11,0.59,-0.431,95.3,1,30.47,291.69
5589,15.57,51.5,400.0,0.12,266.31,203.19,0.14,-0.626,95.0,1,32.38,266.45
5590,16.72,53.5,415.0,0.24,234.0,178.54,0.04,-0.614,95.1,1,34.45,234.04
5591,17.49,56.6,400.0,0.16,196.38,149.83,0.57,-0.105,95.1,1,36.53,196.94
5592,18.65,60.0,400.0,0.21,156.0,119.03,0.08,-0.126,95.1,1,38.49,156.08
5593,19.15,58.5,400.0,0.02,196.38,149.83,0.93,0.153,94.5,1,40.18,197.31
5594,19.91,57.9,439.0,0.03,234.0,178.54,0.8,0.209,94.3,1,41.49,234.8
5595,20.46,62.1,400.0,0.16,266.31,203.19,0.18,0.339,93.8,1,42.34,266.49
5596,20.68,59.7,400.0,0.25,291.1,222.11,0.6,0.673,92.0,1,42.67,291.7
5597,20.71,59.4,418.0,0.09,306.68,234.0,0.13,0.694,91.9,1,42.45,306.82
5598,21.31,56.9,400.0,0.29,312.0,238.06,0.94,0.574,92.6,1,41.7,312.94
5599,20.9,57.4,415.0,0.23,306.68,234.0,0.59,0.304,93.9,1,40.48,307.27
5600,21.61,52.7,1030.0,1.0,378.43,288.74,10.32,0.323,93.9,1,38.86,388.75
5601,20.95,46.4,1014.0,1.0,346.2,264.15,10.68,0.506,93.0,1,36.95,356.88
5602,19.97,46.4,981.0,1.0,304.2,232.1,10.0,0.51,93.0,1,34.89,314.2
5603,19.12,42.2,1038.0,1.0,255.29,194.79,10.29,-0.125,95.1,1,32.82,265.58
5604,18.11,40.7,1022.0,1.0,202.8,154.74,10.23,0.306,93.9,1,30.88,213.03
5605,16.74,37.6,1001.0,1.0,255.29,194.79,10.35,-0.285,95.3,1,29.2,265.63
5606,16.54,39.4,999.0,1.0,304.2,232.1,10.09,-0.116,95.1,1,27.89,314.29
5607,16.08,41.3,1011.0,1.0,346.2,264.15,10.97,0.207,94.3,1,27.06,357.17
5608,15.66,41.0,991.0,1.0,378.43,288.74,10.47,-0.751,94.8,0,26.74,388.9
5609,15.48,40.4,951.0,1.0,398.69,304.2,10.86,-0.382,95.3,1,26.97,409.55
5610,15.6,41.6,1023.0,1.0,405.6,309.47,10.06,-0.563,95.1,1,27.73,415.66
5611,14.89,51.2,421.0,0.2,306.68,234.0,0.84,-0.394,95.3,1,28.96,307.53
5612,15.2,50.2,400.0,0.22,291.1,222.11,0.65,-0.557,95.1,1,30.6,291.75
5613,16.74,50.5,415.0,0.29,266.31,203.19,0.68,-0.849,94.5,0,32.51,266.99
5614,17.02,55.5,453.0,0.06,234.0,178.54,0.81,-0.401,95.3,1,34.58,234.81
5615,17.16,61.1,400.0,0.07,196.38,149.83,0.53,-0.06,95.0,1,36.66,196.9
5616,18.07,59.7,400.0,0.26,156.0,119.03,0.63,0.27,94.1,1,38.61,156.63
5617,18.85,54.0,400.0,0.03,196.38,149.83,0.9,0.211,94.3,1,40.31,197.28
5618,19.64,65.3,450.0,0.24,234.0,178.54,0.13,0.545,92.8,1,41.62,234.13
5619,20.48,56.1,434.0,0.04,266.31,203.19,0.06,0.255,94.1,1,42.47,266.36
5620,21.98,58.5,400.0,0.14,291.1,222.11,0.98,0.318,93.9,1,42.8,292.08
5621,21.11,55.1,410.0,0.18,306.68,234.0,0.88,0.552,92.8,1,42.58,307.57
5622,21.44,53.9,469.0,0.23,312.0,238.06,0.51,0.425,93.4,1,41.83,312.51
5623,20.16,53.6,400.0,0.03,306.68,234.0,0.78,0.707,91.8,0,40.6,307.47
5624,20.46,46.3,1000.0,1.0,378.43,288.74,10.88,0.152,94.5,1,38.98,389.31
5625,20.84,47.7,1015.0,1.0,346.2,264.15,10.47,0.526,92.9,1,37.08,356.67
5626,19.8,47.7,982.0,1.0,304.2,232.1,10.1,0.492,93.1,1,35.02,314.3
5627,16.68,41.6,1053.0,1.0,255.29,194.79,10.48,0.202,94.3,1,32.95,265.77
5628,18.44,38.8,986.0,1.0,202.8,154.74,10.35,0.183,94.4,1,31.01,213.15
5629,18.28,40.2,958.0,1.0,255.29,194.79,10.02,-0.259,95.3,1,29.33,265.31
5630,15.6,39.3,984.0,1.0,304.2,232.1,10.96,-0.416,95.3,1,28.02,315.16
5631,16.73,39.0,1020.0,1.0,346.2,264.15,10.72,-0.283,95.3,1,27.18,356.92
5632,14.11,38.7,976.0,1.0,378.43,288.74,10.79,-0.577,95.1,1,26.87,389.22
5633,15.66,43.6,1009.0,1.0,398.69,304.2,10.6,-0.423,95.3,1,27.09,409.29
5634,15.08,45.8,1017.0,1.0,405.6,309.47,10.27,-0.44,95.3,1,27.85,415.87
5635,14.01,44.8,400.0,0.07,306.68,234.0,0.58,-0.496,95.2,1,29.09,307.27
5636,15.71,47.7,400.0,0.24,291.1,222.11,0.68,-0.377,95.3,1,30.72,291.78
5637,16.53,52.4,410.0,0.3,266.31,203.19,0.6,-0.227,95.2,1,32.64,266.91
5638,16.76,52.7,421.0,0.06,234.0,178.54,0.13,-0.27,95.3,1,34.71,234.13
5639,17.59,57.1,400.0,0.29,196.38,149.83,0.81,-0.225,95.2,1,36.79,197.19
5640,17.87,61.4,405.0,0.08,156.0,119.03,0.3,0.165,94.4,1,38.74,156.3
5641,17.92,59.4,400.0,0.12,196.38,149.83,0.4,0.184,94.4,1,40.43,196.77
5642,19.91,57.6,422.0,0.27,234.0,178.54,0.55,0.34,93.8,1,41.75,234.55
5643,21.06,60.6,416.0,0.29,266.31,203.19,0.98,0.47,93.2,1,42.6,267.29
5644,21.23,58.5,400.0,0.17,291.1,222.11,0.31,0.463,93.2,1,42.92,291.41
5645,19.96,57.1,414.0,0.29,306.68,234.0,0.04,0.414,93.5,1,42.7,306.73
5646,20.3,56.4,400.0,0.25,312.0,238.06,0.97,0.377,93.6,1,41.96,312.97
5647,20.53,54.4,414.0,0.26,306.68,234.0,0.96,0.465,93.2,1,40.73,307.64
5648,19.86,50.5,1014.0,1.0,378.43,288.74,10.2,0.529,92.9,1,39.11,388.63
5649,20.2,47.7,1071.0,1.0,346.2,264.15,10.83,0.459,93.2,1,37.2,357.03
5650,19.75,49.5,990.0,1.0,304.2,232.1,10.92,0.279,94.0,1,35.15,315.12
5651,18.11,45.7,996.0,1.0,255.29,194.79,10.01,0.2,94.3,1,33.07,265.3
5652,18.43,43.3,981.0,1.0,202.8,154.74,10.75,-0.221,95.2,1,31.13,213.55
5653,17.57,40.7,969.0,1.0,255.29,194.79,10.18,-0.222,95.2,1,29.45,265.47
5654,16.27,38.0,986.0,1.0,304.2,232.1,10.83,-0.116,95.1,1,28.15,315.03
5655,15.83,42.5,1020.0,1.0,346.2,264.15,10.02,-0.52,95.2,1,27.31,356.22
5656,14.46,41.4,1022.0,1.0,378.43,288.74,10.69,-0.405,95.3,1,26.99,389.12
5657,14.97,41.4,1009.0,1.0,398.69,304.2,10.82,-0.473,95.2,1,27.22,409.51
5658,15.04,44.1,991.0,1.0,405.6,309.47,10.04,-0.523,95.2,1,27.98,415.64
5659,15.22,45.0,400.0,0.07,306.68,234.0,0.76,-0.347,95.3,1,29.21,307.44
5660,15.62,51.6,400.0,0.03,291.1,222.11,0.12,-0.388,95.3,1,30.85,291.22
5661,16.03,53.5,400.0,0.2,266.31,203.19,0.08,-0.593,95.1,1,32.76,266.39
5662,16.39,54.9,400.0,0.27,234.0,178.54,0.92,-0.147,95.1,1,34.83,234.92
5663,17.39,56.6,441.0,0.21,196.38,149.83,0.92,-0.231,95.2,1,36.91,197.3
5664,18.52,57.1,455.0,0.21,156.0,119.03,0.74,-0.273,95.3,1,38.86,156.74
5665,18.75,55.3,400.0,0.29,196.38,149.83,0.89,0.278,94.0,1,40.56,197.27
5666,19.67,57.2,409.0,0.22,234.0,178.54,0.02,0.013,94.9,1,41.87,234.02
5667,20.04,58.3,408.0,0.01,266.31,203.19,0.51,0.283,94.0,1,42.72,266.82
5668,20.29,57.1,406.0,0.07,291.1,222.11,0.87,0.492,93.1,1,43.05,291.97
5669,21.17,58.0,400.0,0.19,306.68,234.0,0.89,0.468,93.2,1,42.83,307.58
5670,20.73,57.0,431.0,0.19,312.0,238.06,0.37,0.375,93.6,1,42.08,312.37
5671,21.09,52.8,412.0,0.25,306.68,234.0,0.32,0.284,94.0,1,40.85,307.01
5672,20.61,53.3,431.0,0.05,291.1,222.11,0.7,0.281,94.0,1,39.23,291.8
5673,19.97,46.3,400.0,0.29,266.31,203.19,0.06,0.138,94.5,1,37.33,266.37
5674,19.33,45.1,400.0,0.15,234.0,178.54,0.78,0.225,94.2,1,35.27,234.78
5675,18.52,43.2,413.0,0.28,196.38,149.83,0.25,0.02,94.8,1,33.2,196.63
5676,17.17,43.8,400.0,0.16,156.0,119.03,0.52,-0.276,95.3,1,31.25,156.52
5677,17.41,40.7,432.0,0.06,196.38,149.83,0.19,-0.187,95.2,1,29.57,196.57
5678,16.6,40.3,400.0,0.11,234.0,178.54,0.73,-0.379,95.3,1,28.27,234.73
5679,16.29,36.9,400.0,0.07,266.31,203.19,0.96,-0.3,95.3,1,27.43,267.27
5680,15.12,39.3,400.0,0.08,291.1,222.11,0.54,-0.361,95.3,1,27.11,291.64
5681,16.03,44.8,400.0,0.27,306.68,234.0,0.95,-0.215,95.2,1,27.34,307.64
5682,14.79,40.4,408.0,0.11,312.0,238.06,0.4,-0.37,95.3,1,28.1,312.4
5683,14.64,49.6,412.0,0.05,306.68,234.0,0.29,-0.701,94.9,0,29.34,306.97
5684,14.88,50.5,419.0,0.11,291.1,222.11,0.84,-0.868,94.4,0,30.97,291.94
5685,14.99,50.6,423.0,0.19,266.31,203.19,0.04,-0.657,95.0,1,32.88,266.35
5686,17.24,52.9,400.0,0.06,234.0,178.54,0.28,-0.351,95.3,1,34.95,234.28
5687,17.88,60.5,463.0,0.02,196.38,149.83,0.69,-0.451,95.2,1,37.03,197.07
5688,18.27,61.2,442.0,0.26,156.0,119.03,0.19,-0.123,95.1,1,38.99,156.19
5689,18.29,59.3,400.0,0.07,196.38,149.83,0.89,0.136,94.5,1,40.68,197.27
5690,20.37,60.3,400.0,0.28,234.0,178.54,0.48,0.137,94.5,1,41.99,234.48
5691,19.91,58.5,400.0,0.01,266.31,203.19,0.25,0.409,93.5,1,42.84,266.55
5692,20.42,59.2,411.0,0.2,291.1,222.11,0.37,0.311,93.9,1,43.17,291.47
5693,21.57,56.0,400.0,0.2,306.68,234.0,0.28,0.331,93.8,1,42.95,306.97
5694,21.28,55.2,400.0,0.05,312.0,238.06,0.7,0.842,90.9,0,42.2,312.7
5695,21.95,56.7,400.0,0.2,306.68,234.0,0.11,0.476,93.1,1,40.97,306.79
5696,20.67,50.3,400.0,0.12,291.1,222.11,0.85,0.455,93.3,1,39.35,291.95
5697,19.87,45.8,432.0,0.11,266.31,203.19,0.15,0.522,92.9,1,37.45,266.46
5698,19.14,42.7,400.0,0.26,234.0,178.54,0.28,0.425,93.4,1,35.39,234.28
5699,17.8,43.5,400.0,0.29,196.38,149.83,0.63,0.056,94.8,1,33.32,197.0
5700,17.8,40.1,408.0,0.05,156.0,119.03,0.35,0.209,94.3,1,31.37,156.35
5701,17.74,41.0,400.0,0.21,196.38,149.83,0.51,-0.219,95.2,1,29.69,196.89
5702,16.74,36.8,401.0,0.05,234.0,178.54,0.57,-0.047,95.0,1,28.39,234.57
5703,15.82,41.6,427.0,0.01,266.31,203.19,0.26,-0.6,95.1,1,27.55,266.57
5704,14.84,39.0,409.0,0.04,291.1,222.11,0.53,-0.494,95.2,1,27.23,291.63
5705,15.15,42.7,429.0,0.19,306.68,234.0,0.94,-0.438,95.3,1,27.46,307.62
5706,15.44,43.9,438.0,0.22,312.0,238.06,0.0,-0.428,95.3,1,28.22,312.0
5707,15.25,50.4,420.0,0.15,306.68,234.0,0.6,-0.652,95.0,1,29.46,307.28
5708,15.41,49.9,400.0,0.29,291.1,222.11,0.32,-0.763,94.8,0,31.09,291.42
5709,15.4,56.0,400.0,0.23,266.31,203.19,0.86,-0.261,95.3,1,33.0,267.17
5710,16.86,55.7,458.0,0.05,234.0,178.54,0.1,-0.291,95.3,1,35.07,234.1
5711,15.58,59.6,409.0,0.06,196.38,149.83,0.06,-0.208,95.2,1,37.15,196.44
5712,18.11,58.0,405.0,0.18,156.0,119.03,0.4,0.331,93.8,1,39.1,156.4
5713,19.98,60.2,400.0,0.1,196.38,149.83,0.67,0.071,94.7,1,40.8,197.05
5714,18.66,62.4,400.0,0.0,234.0,178.54,0.01,0.147,94.5,1,42.11,234.01
5715,19.91,61.6,421.0,0.01,266.31,203.19,0.81,-0.006,94.9,1,42.96,267.12
5716,20.5,59.9,400.0,0.12,291.1,222.11,0.34,0.216,94.3,1,43.29,291.44
5717,20.57,56.7,400.0,0.16,306.68,234.0,0.92,0.658,92.1,1,43.07,307.6
5718,21.42,55.1,400.0,0.2,312.0,238.06,0.91,0.355,93.7,1,42.32,312.91
5719,21.04,55.3,436.0,0.23,306.68,234.0,0.76,0.609,92.4,1,41.09,307.45
5720,20.58,53.2,1020.0,1.0,378.43,288.74,10.74,0.175,94.4,1,39.47,389.17
5721,20.42,46.7,1016.0,1.0,346.2,264.15,10.6,0.18,94.4,1,37.57,356.8
5722,19.41,43.9,1013.0,1.0,304.2,232.1,10.79,0.071,94.7,1,35.51,314.99
5723,20.26,41.5,965.0,1.0,255.29,194.79,10.18,0.225,94.2,1,33.44,265.47
5724,17.97,43.2,1008.0,1.0,202.8,154.74,10.82,-0.042,95.0,1,31.49,213.62
5725,17.21,38.6,1032.0,1.0,255.29,194.79,10.57,-0.352,95.3,1,29.81,265.85
5726,15.53,41.6,992.0,1.0,304.2,232.1,10.78,-0.107,95.1,1,28.51,314.98
5727,15.49,41.3,1029.0,1.0,346.2,264.15,10.49,-0.255,95.3,1,27.67,356.7
5728,15.86,40.0,1016.0,1.0,378.43,288.74,10.63,-0.365,95.3,1,27.35,389.06
5729,14.32,45.7,1025.0,1.0,398.69,304.2,10.34,-0.424,95.3,1,27.58,409.03
5730,13.8,41.7,1002.0,1.0,405.6,309.47,10.42,-0.671,95.0,1,28.34,416.02
5731,15.0,50.3,427.0,0.02,306.68,234.0,0.36,-0.231,95.2,1,29.57,307.05
5732,15.96,50.2,400.0,0.1,291.1,222.11,0.74,-0.453,95.2,1,31.2,291.84
5733,15.77,48.0,401.0,0.28,266.31,203.19,0.2,-0.3,95.3,1,33.12,266.51
5734,16.2,57.8,421.0,0.14,234.0,178.54,0.93,-0.173,95.2,1,35.19,234.93
5735,16.16,58.7,409.0,0.09,196.38,149.83,0.83,-0.318,95.3,1,37.27,197.21
5736,18.09,57.6,433.0,0.18,156.0,119.03,0.86,0.379,93.6,1,39.22,156.86
5737,18.97,57.6,400.0,0.2,196.38,149.83,0.91,0.124,94.6,1,40.91,197.29
5738,18.47,56.9,400.0,0.03,234.0,178.54,0.44,0.257,94.1,1,42.23,234.44
5739,20.55,64.6,400.0,0.08,266.31,203.19,0.89,0.271,94.1,1,43.08,267.2
5740,20.84,57.0,400.0,0.09,291.1,222.11,0.44,0.663,92.1,1,43.4,291.54
5741,21.32,54.9,416.0,0.07,306.68,234.0,0.1,0.721,91.7,0,43.18,306.79
5742,21.15,55.9,423.0,0.11,312.0,238.06,0.05,0.532,92.9,1,42.44,312.05
5743,21.08,49.8,400.0,0.1,306.68,234.0,0.06,0.19,94.4,1,41.21,306.75
5744,20.71,48.5,1035.0,1.0,378.43,288.74,10.19,0.4,93.5,1,39.59,388.62
5745,20.41,49.9,971.0,1.0,346.2,264.15,10.36,0.341,93.8,1,37.68,356.56
5746,18.44,46.3,996.0,1.0,304.2,232.1,10.98,0.16,94.5,1,35.62,315.18
5747,17.87,42.5,983.0,1.0,255.29,194.79,10.24,-0.067,95.0,1,33.55,265.53
5748,17.48,41.6,1013.0,1.0,202.8,154.74,10.91,-0.311,95.3,1,31.61,213.71
5749,17.0,39.6,1003.0,1.0,255.29,194.79,10.81,0.165,94.4,1,29.93,266.1
5750,16.53,39.9,1020.0,1.0,304.2,232.1,10.86,-0.102,95.1,1,28.62,315.06
5751,15.88,38.7,1055.0,1.0,346.2,264.15,10.78,-0.347,95.3,1,27.78,356.99
5752,15.8,40.0,1012.0,1.0,378.43,288.74,10.97,-0.563,95.1,1,27.47,389.4
5753,15.51,41.4,983.0,1.0,398.69,304.2,10.12,-0.411,95.3,1,27.69,408.81
5754,14.4,43.1,1014.0,1.0,405.6,309.47,10.48,-0.459,95.2,1,28.45,416.08
5755,15.05,49.0,458.0,0.27,306.68,234.0,0.34,-0.563,95.1,1,29.69,307.03
5756,14.81,51.1,420.0,0.24,291.1,222.11,0.28,-0.355,95.3,1,31.32,291.38
5757,15.61,50.3,428.0,0.18,266.31,203.19,0.45,-0.251,95.2,1,33.23,266.76
5758,16.49,52.2,400.0,0.08,234.0,178.54,0.48,-0.113,95.1,1,35.3,234.48
5759,15.34,56.4,412.0,0.2,196.38,149.83,0.99,-0.307,95.3,1,37.38,197.36
5760,19.03,62.7,400.0,0.0,156.0,119.03,0.26,0.086,94.7,1,39.34,156.26
5761,18.88,57.5,400.0,0.11,196.38,149.83,0.91,0.365,93.7,1,41.03,197.29
5762,19.02,59.7,400.0,0.26,234.0,178.54,0.17,0.309,93.9,1,42.34,234.17
5763,20.9,59.9,403.0,0.17,266.31,203.19,0.67,0.795,91.2,0,43.19,266.97
5764,20.24,58.7,400.0,0.08,291.1,222.11,0.31,0.397,93.5,1,43.52,291.41
5765,20.77,56.5,406.0,0.27,306.68,234.0,0.96,0.139,94.5,1,43.3,307.64
5766,20.57,57.7,400.0,0.0,312.0,238.06,0.63,0.33,93.8,1,42.55,312.63
5767,21.53,53.9,421.0,0.26,306.68,234.0,0.06,0.349,93.7,1,41.32,306.75
5768,20.35,52.2,1007.0,1.0,378.43,288.74,10.92,0.545,92.8,1,39.7,389.35
5769,20.0,49.0,1011.0,1.0,346.2,264.15,10.29,0.52,92.9,1,37.8,356.5
5770,19.9,47.2,1029.0,1.0,304.2,232.1,10.93,0.277,94.0,1,35.74,315.13
5771,18.87,46.4,1017.0,1.0,255.29,194.79,10.01,0.188,94.4,1,33.67,265.3
5772,17.77,44.2,1000.0,1.0,202.8,154.74,10.22,0.383,93.6,1,31.72,213.02
5773,17.57,45.1,937.0,1.0,255.29,194.79,10.28,-0.296,95.3,1,30.04,265.57
5774,17.56,42.4,1015.0,1.0,304.2,232.1,10.69,-0.265,95.3,1,28.74,314.89
5775,15.83,38.9,973.0,1.0,346.2,264.15,10.8,-0.444,95.3,1,27.9,357.0
5776,15.25,42.8,997.0,1.0,378.43,288.74,10.63,-0.668,95.0,1,27.58,389.06
5777,14.97,44.0,1011.0,1.0,398.69,304.2,10.06,-0.888,94.4,0,27.81,408.75
5778,15.44,48.4,1040.0,1.0,405.6,309.47,10.43,-0.241,95.2,1,28.57,416.03
5779,14.59,45.0,455.0,0.19,306.68,234.0,0.49,-0.636,95.0,1,29.8,307.18
5780,15.04,50.6,400.0,0.11,291.1,222.11,0.36,-0.483,95.2,1,31.43,291.46
5781,14.89,50.8,400.0,0.01,266.31,203.19,0.42,-0.267,95.3,1,33.35,266.73
5782,15.69,55.6,410.0,0.25,234.0,178.54,0.48,-0.488,95.2,1,35.42,234.48
5783,16.74,56.3,407.0,0.15,196.38,149.83,0.55,-0.296,95.3,1,37.5,196.93
5784,17.75,59.4,400.0,0.21,156.0,119.03,0.63,-0.004,94.9,1,39.45,156.63
5785,19.43,56.7,400.0,0.17,196.38,149.83,0.21,0.042,94.8,1,41.14,196.59
5786,19.54,61.6,418.0,0.18,234.0,178.54,0.9,-0.005,94.9,1,42.45,234.9
5787,19.43,60.2,400.0,0.07,266.31,203.19,0.83,0.475,93.2,1,43.3,267.14
5788,20.0,59.2,400.0,0.28,291.1,222.11,0.79,0.34,93.8,1,43.63,291.89
5789,21.35,61.3,400.0,0.13,306.68,234.0,0.81,0.51,93.0,1,43.41,307.49
5790,21.33,54.6,400.0,0.28,312.0,238.06,0.53,0.511,93.0,1,42.66,312.53
5791,20.67,53.7,421.0,0.24,306.68,234.0,0.95,0.677,92.0,1,41.44,307.64
5792,20.14,50.7,990.0,1.0,378.43,288.74,10.37,0.504,93.0,1,39.81,388.8
5793,20.44,48.3,1002.0,1.0,346.2,264.15,10.42,0.181,94.4,1,37.91,356.62
5794,18.76,49.9,1067.0,1.0,304.2,232.1,10.82,0.482,93.1,1,35.85,315.02
5795,18.73,43.4,971.0,1.0,255.29,194.79,10.87,0.035,94.8,1,33.78,266.16
5796,18.89,40.5,980.0,1.0,202.8,154.74,10.45,-0.163,95.2,1,31.83,213.25
5797,17.08,44.2,1020.0,1.0,255.29,194.79,10.85,-0.322,95.3,1,30.15,266.14
5798,15.86,39.4,1030.0,1.0,304.2,232.1,10.63,-0.719,94.9,0,28.85,314.83
5799,15.83,37.0,1012.0,1.0,346.2,264.15,10.39,-0.475,95.2,1,28.01,356.59
5800,14.91,39.6,1054.0,1.0,378.43,288.74,10.91,-0.354,95.3,1,27.69,389.34
5801,14.15,40.1,1010.0,1.0,398.69,304.2,10.5,-0.755,94.8,0,27.92,409.19
5802,15.09,41.0,941.0,1.0,405.6,309.47,10.85,-0.158,95.2,1,28.68,416.45
5803,15.4,46.2,403.0,0.03,306.68,234.0,0.81,-0.931,94.2,0,29.91,307.5
5804,14.98,49.4,400.0,0.03,291.1,222.11,0.1,-0.59,95.1,1,31.54,291.2
5805,15.42,54.5,442.0,0.06,266.31,203.19,0.87,-0.651,95.0,1,33.46,267.18
5806,15.75,55.8,429.0,0.18,234.0,178.54,0.16,-0.066,95.0,1,35.53,234.16
5807,16.88,57.9,400.0,0.28,196.38,149.83,0.81,0.001,94.9,1,37.61,197.19
5808,17.45,56.6,441.0,0.07,156.0,119.03,0.76,-0.053,95.0,1,39.56,156.76
5809,18.0,61.3,428.0,0.22,196.38,149.83,0.74,-0.155,95.2,1,41.25,197.11
5810,20.17,62.8,400.0,0.06,234.0,178.54,0.92,0.01,94.9,1,42.57,234.92
5811,20.08,60.6,400.0,0.19,266.31,203.19,0.6,0.404,93.5,1,43.41,266.91
5812,20.61,59.7,442.0,0.04,291.1,222.11,0.34,0.298,94.0,1,43.74,291.44
5813,21.06,54.9,400.0,0.25,306.68,234.0,0.59,0.371,93.7,1,43.52,307.28
5814,21.1,57.5,413.0,0.22,312.0,238.06,0.7,0.485,93.1,1,42.77,312.7
5815,20.41,56.6,433.0,0.2,306.68,234.0,0.36,0.4,93.5,1,41.54,307.05
5816,20.45,51.1,997.0,1.0,378.43,288.74,10.25,0.083,94.7,1,39.92,388.68
5817,19.7,46.7,1019.0,1.0,346.2,264.15,10.49,0.087,94.7,1,38.02,356.69
5818,19.43,45.1,1003.0,1.0,304.2,232.1,10.9,-0.011,94.9,1,35.96,315.1
5819,18.66,42.4,976.0,1.0,255.29,194.79,10.63,-0.016,94.9,1,33.89,265.92
5820,17.51,40.9,976.0,1.0,202.8,154.74,10.9,0.018,94.9,1,31.94,213.7
5821,16.26,41.8,1021.0,1.0,255.29,194.79,10.48,-0.12,95.1,1,30.26,265.76
5822,16.28,40.6,981.0,1.0,304.2,232.1,10.95,-0.013,94.9,1,28.96,315.15
5823,15.48,42.2,954.0,1.0,346.2,264.15,10.79,-0.635,95.0,1,28.12,356.99
5824,14.16,41.9,1004.0,1.0,378.43,288.74,10.35,-0.372,95.3,1,27.8,388.78
5825,15.05,40.9,985.0,1.0,398.69,304.2,10.45,-0.64,95.0,1,28.03,409.14
5826,15.18,43.6,964.0,1.0,405.6,309.47,11.0,-0.105,95.1,1,28.78,416.6
5827,16.06,45.8,402.0,0.15,306.68,234.0,0.95,-0.504,95.2,1,30.02,307.64
5828,14.9,49.2,423.0,0.18,291.1,222.11,0.41,-0.545,95.2,1,31.65,291.51
5829,15.3,55.7,401.0,0.21,266.31,203.19,0.83,-0.299,95.3,1,33.57,267.14
5830,15.63,58.5,400.0,0.17,234.0,178.54,0.91,-0.211,95.2,1,35.63,234.91
5831,17.01,58.4,414.0,0.21,196.38,149.83,0.25,-0.205,95.2,1,37.72,196.63
5832,17.79,58.7,431.0,0.05,156.0,119.03,0.52,0.119,94.6,1,39.67,156.52
5833,18.05,56.8,466.0,0.12,196.38,149.83,0.76,0.431,93.4,1,41.36,197.13
5834,19.09,60.4,443.0,0.27,234.0,178.54,0.08,0.434,93.4,1,42.67,234.08
5835,18.81,58.2,400.0,0.07,266.31,203.19,0.81,0.324,93.9,1,43.52,267.11
5836,20.74,62.1,426.0,0.04,291.1,222.11,0.21,0.788,91.3,0,43.85,291.31
5837,20.19,54.2,408.0,0.22,306.68,234.0,0.48,0.579,92.6,1,43.63,307.16
5838,20.66,56.2,400.0,0.06,312.0,238.06,0.38,0.28,94.0,1,42.88,312.38
5839,19.86,51.3,409.0,0.14,306.68,234.0,0.74,0.494,93.1,1,41.65,307.42
5840,19.98,50.5,458.0,0.21,291.1,222.11,0.23,0.39,93.6,1,40.03,291.33
5841,19.65,49.2,436.0,0.15,266.31,203.19,0.47,0.245,94.2,1,38.12,266.78
5842,19.16,47.5,400.0,0.27,234.0,178.54,0.27,0.313,93.9,1,36.07,234.27
5843,18.68,43.1,400.0,0.26,196.38,149.83,0.05,-0.246,95.2,1,33.99,196.43
5844,18.38,43.1,415.0,0.15,156.0,119.03,0.84,0.321,93.9,1,32.05,156.84
5845,17.25,39.1,400.0,0.29,196.38,149.83,0.22,-0.007,94.9,1,30.37,196.6
5846,16.64,40.5,400.0,0.09,234.0,178.54,0.23,-0.618,95.1,1,29.06,234.23
5847,16.26,42.2,405.0,0.07,266.31,203.19,0.05,-0.234,95.2,1,28.22,266.36
5848,15.34,41.8,405.0,0.2,291.1,222.11,0.5,-0.344,95.3,1,27.91,291.6
5849,14.74,41.5,400.0,0.17,306.68,234.0,0.27,-0.19,95.2,1,28.13,306.95
5850,15.16,44.0,412.0,0.08,312.0,238.06,0.57,-0.155,95.2,1,28.89,312.57
5851,15.29,49.0,433.0,0.11,306.68,234.0,0.72,-0.104,95.1,1,30.13,307.41
5852,15.37,47.3,400.0,0.07,291.1,222.11,0.05,-0.489,95.2,1,31.76,291.15
5853,14.8,50.2,402.0,0.07,266.31,203.19,0.2,-0.245,95.2,1,33.67,266.51
5854,15.72,55.8,417.0,0.11,234.0,178.54,0.39,-0.346,95.3,1,35.74,234.39
5855,16.73,55.9,413.0,0.28,196.38,149.83,0.88,0.066,94.7,1,37.82,197.26
5856,18.03,55.5,400.0,0.25,156.0,119.03,0.11,-0.432,95.3,1,39.77,156.11
5857,18.41,62.2,400.0,0.15,196.38,149.83,0.74,-0.126,95.1,1,41.46,197.12
5858,19.71,57.8,400.0,0.14,234.0,178.54,0.95,0.163,94.4,1,42.78,234.95
5859,20.42,59.4,400.0,0.01,266.31,203.19,0.08,0.342,93.8,1,43.63,266.39
5860,20.83,57.6,444.0,0.14,291.1,222.11,0.33,0.466,93.2,1,43.95,291.43
5861,21.13,56.8,419.0,0.19,306.68,234.0,0.77,0.738,91.6,0,43.73,307.45
5862,20.11,53.6,400.0,0.23,312.0,238.06,0.94,0.37,93.7,1,42.99,312.94
5863,20.77,54.5,400.0,0.11,306.68,234.0,0.25,0.225,94.2,1,41.76,306.93
5864,19.92,50.7,434.0,0.28,291.1,222.11,0.64,0.356,93.7,1,40.14,291.74
5865,18.92,49.8,400.0,0.25,266.31,203.19,0.73,0.232,94.2,1,38.23,267.04
5866,18.98,44.2,426.0,0.02,234.0,178.54,0.4,0.361,93.7,1,36.17,234.4
5867,19.06,47.5,441.0,0.27,196.38,149.83,0.67,0.434,93.4,1,34.1,197.05
5868,17.85,37.8,436.0,0.07,156.0,119.03,0.55,0.287,94.0,1,32.15,156.55
5869,17.85,37.3,405.0,0.28,196.38,149.83,0.94,0.088,94.7,1,30.47,197.31
5870,16.21,43.5,438.0,0.19,234.0,178.54,0.54,-0.364,95.3,1,29.17,234.54
5871,16.72,41.2,400.0,0.12,266.31,203.19,0.52,-0.386,95.3,1,28.33,266.83
5872,15.1,41.8,475.0,0.13,291.1,222.11,0.67,-0.348,95.3,1,28.01,291.77
5873,14.73,43.5,407.0,0.17,306.68,234.0,0.15,-0.637,95.0,1,28.24,306.84
5874,13.97,45.7,434.0,0.25,312.0,238.06,0.53,-0.635,95.0,1,29.0,312.53
5875,15.27,47.6,400.0,0.25,306.68,234.0,0.05,-0.408,95.3,1,30.23,306.74
5876,14.76,47.6,415.0,0.12,291.1,222.11,0.63,-0.706,94.9,0,31.86,291.73
5877,15.16,53.8,416.0,0.25,266.31,203.19,0.53,-0.135,95.1,1,33.78,266.84
5878,16.74,55.9,400.0,0.14,234.0,178.54,0.84,-0.33,95.3,1,35.84,234.84
5879,17.4,59.6,400.0,0.13,196.38,149.83,0.8,-0.021,94.9,1,37.93,197.17
5880,18.17,61.9,400.0,0.07,156.0,119.03,0.43,0.041,94.8,1,39.88,156.43
5881,18.19,60.2,433.0,0.25,196.38,149.83,0.66,0.38,93.6,1,41.57,197.03
5882,19.07,57.5,400.0,0.19,234.0,178.54,0.3,-0.176,95.2,1,42.88,234.3
5883,19.69,63.3,400.0,0.13,266.31,203.19,0.39,0.606,92.4,1,43.73,266.7
5884,20.58,56.9,439.0,0.2,291.1,222.11,0.08,0.681,92.0,1,44.06,291.18
5885,21.27,58.1,400.0,0.26,306.68,234.0,0.1,0.539,92.8,1,43.84,306.79
5886,20.77,54.9,438.0,0.06,312.0,238.06,0.82,0.604,92.5,1,43.09,312.82
5887,21.47,52.2,400.0,0.12,306.68,234.0,0.97,0.602,92.5,1,41.86,307.66
5888,20.63,52.0,973.0,1.0,378.43,288.74,10.49,0.253,94.1,1,40.24,388.92
5889,19.59,48.4,996.0,1.0,346.2,264.15,10.13,0.364,93.7,1,38.33,356.33
5890,19.5,46.4,1056.0,1.0,304.2,232.1,10.09,0.428,93.4,1,36.27,314.29
5891,19.21,41.6,981.0,1.0,255.29,194.79,10.05,-0.228,95.2,1,34.2,265.33
5892,18.58,41.2,948.0,1.0,202.8,154.74,10.88,0.094,94.7,1,32.26,213.68
5893,17.39,38.9,958.0,1.0,255.29,194.79,10.44,-0.112,95.1,1,30.58,265.73
5894,16.09,39.6,1028.0,1.0,304.2,232.1,10.88,-0.125,95.1,1,29.27,315.08
5895,15.34,40.0,959.0,1.0,346.2,264.15,10.36,-0.608,95.1,1,28.43,356.56
5896,15.26,44.8,1036.0,1.0,378.43,288.74,10.59,-0.582,95.1,1,28.11,389.02
5897,15.51,42.1,1002.0,1.0,398.69,304.2,10.67,-0.762,94.8,0,28.34,409.36
5898,14.79,40.3,999.0,1.0,405.6,309.47,10.05,-0.781,94.7,0,29.1,415.65
5899,14.9,49.7,409.0,0.14,306.68,234.0,0.68,-0.317,95.3,1,30.33,307.37
5900,14.99,50.4,400.0,0.18,291.1,222.11,0.8,-0.551,95.2,1,31.96,291.9
5901,15.28,51.9,404.0,0.23,266.31,203.19,0.02,-0.486,95.2,1,33.88,266.33
5902,15.98,53.7,400.0,0.23,234.0,178.54,0.06,-0.032,95.0,1,35.95,234.06
5903,16.85,54.8,440.0,0.15,196.38,149.83,0.52,-0.198,95.2,1,38.03,196.9
5904,18.42,62.3,400.0,0.26,156.0,119.03,0.97,0.193,94.4,1,39.98,156.97
5905,18.21,59.6,413.0,0.28,196.38,149.83,0.97,-0.08,95.0,1,41.67,197.35
5906,19.08,56.5,400.0,0.19,234.0,178.54,0.11,0.181,94.4,1,42.98,234.11
5907,19.24,60.4,400.0,0.01,266.31,203.19,0.76,0.172,94.4,1,43.83,267.07
5908,20.51,61.3,400.0,0.23,291.1,222.11,0.79,0.543,92.8,1,44.16,291.89
5909,21.13,57.7,489.0,0.27,306.68,234.0,0.88,0.442,93.3,1,43.94,307.56
5910,21.36,53.6,400.0,0.17,312.0,238.06,0.04,0.646,92.2,1,43.19,312.04
5911,20.55,51.1,400.0,0.21,306.68,234.0,0.97,0.514,93.0,1,41.96,307.66
5912,20.43,48.6,987.0,1.0,378.43,288.74,10.82,0.044,94.8,1,40.34,389.25
5913,19.59,50.9,955.0,1.0,346.2,264.15,10.61,0.301,94.0,1,38.43,356.81
5914,19.31,45.3,995.0,1.0,304.2,232.1,10.07,-0.057,95.0,1,36.37,314.27
5915,18.48,39.9,1056.0,1.0,255.29,194.79,10.24,0.199,94.3,1,34.3,265.53
5916,17.57,42.4,1010.0,1.0,202.8,154.74,10.35,0.111,94.6,1,32.36,213.15
5917,16.83,40.8,1027.0,1.0,255.29,194.79,10.86,0.002,94.9,1,30.67,266.15
5918,16.26,39.1,973.0,1.0,304.2,232.1,10.76,-0.275,95.3,1,29.37,314.96
5919,15.27,38.2,994.0,1.0,346.2,264.15,10.94,-0.68,94.9,1,28.53,357.14
5920,14.81,39.0,1006.0,1.0,378.43,288.74,10.42,-0.391,95.3,1,28.21,388.85
5921,15.49,44.8,978.0,1.0,398.69,304.2,10.92,-0.402,95.3,1,28.44,409.61
5922,15.89,45.1,1012.0,1.0,405.6,309.47,10.9,-0.537,95.2,1,29.2,416.5
5923,14.03,47.9,418.0,0.16,306.68,234.0,0.02,-0.466,95.2,1,30.43,306.7
5924,14.3,50.0,416.0,0.21,291.1,222.11,0.24,-0.811,94.6,0,32.06,291.34
5925,14.93,52.8,400.0,0.15,266.31,203.19,0.8,-0.34,95.3,1,33.98,267.11
5926,15.97,53.6,433.0,0.24,234.0,178.54,0.67,-0.272,95.3,1,36.04,234.67
5927,17.19,56.3,400.0,0.13,196.38,149.83,0.22,-0.372,95.3,1,38.13,196.6
5928,17.82,60.7,400.0,0.1,156.0,119.03,0.78,0.106,94.6,1,40.08,156.78
5929,18.38,62.4,443.0,0.19,196.38,149.83,0.32,0.031,94.8,1,41.77,196.69
5930,19.28,57.5,400.0,0.13,234.0,178.54,0.6,0.296,94.0,1,43.08,234.6
5931,19.29,59.4,400.0,0.09,266.31,203.19,0.93,0.451,93.3,1,43.93,267.24
5932,19.99,60.6,400.0,0.27,291.1,222.11,0.24,0.499,93.0,1,44.26,291.34
5933,20.4,61.2,412.0,0.22,306.68,234.0,0.06,0.215,94.3,1,44.04,306.74
5934,19.72,59.0,439.0,0.06,312.0,238.06,0.66,0.423,93.4,1,43.29,312.66
5935,19.83,51.4,400.0,0.22,306.68,234.0,0.73,0.909,90.4,0,42.06,307.41
5936,19.55,53.0,1054.0,1.0,378.43,288.74,10.31,0.712,91.8,0,40.44,388.74
5937,20.01,48.0,1001.0,1.0,346.2,264.15,10.47,0.52,92.9,1,38.53,356.67
5938,19.13,47.5,997.0,1.0,304.2,232.1,10.5,0.305,93.9,1,36.47,314.7
5939,18.59,44.8,975.0,1.0,255.29,194.79,10.82,-0.068,95.0,1,34.4,266.1
5940,16.58,39.1,1059.0,1.0,202.8,154.74,10.69,-0.032,95.0,1,32.45,213.49
5941,15.98,41.6,995.0,1.0,255.29,194.79,10.27,-0.214,95.2,1,30.77,265.56
5942,16.33,42.0,960.0,1.0,304.2,232.1,10.27,-0.267,95.3,1,29.47,314.47
5943,13.99,40.2,1074.0,1.0,346.2,264.15,10.32,-0.643,95.0,1,28.63,356.53
5944,15.51,40.6,1012.0,1.0,378.43,288.74,10.15,-0.242,95.2,1,28.31,388.58
5945,13.68,39.5,1024.0,1.0,398.69,304.2,10.13,-1.02,93.9,0,28.54,408.82
5946,14.91,46.0,1050.0,1.0,405.6,309.47,10.82,-0.329,95.3,1,29.29,416.42
5947,14.15,47.4,418.0,0.08,306.68,234.0,0.83,-0.308,95.3,1,30.53,307.52
5948,15.42,47.7,429.0,0.16,291.1,222.11,0.26,0.032,94.8,1,32.16,291.36
5949,16.97,51.5,402.0,0.14,266.31,203.19,0.85,-0.404,95.3,1,34.07,267.16
5950,14.85,54.9,422.0,0.08,234.0,178.54,0.57,-0.354,95.3,1,36.14,234.57
5951,17.06,55.6,400.0,0.22,196.38,149.83,0.71,-0.105,95.1,1,38.22,197.09
5952,16.58,58.4,400.0,0.2,156.0,119.03,0.88,0.112,94.6,1,40.17,156.88
5953,18.47,56.0,404.0,0.2,196.38,149.83,0.31,0.111,94.6,1,41.86,196.68
5954,18.88,62.7,400.0,0.13,234.0,178.54,0.66,0.013,94.9,1,43.18,234.66
5955,19.66,59.8,415.0,0.09,266.31,203.19,0.31,0.465,93.2,1,44.03,266.62
5956,19.62,56.7,415.0,0.18,291.1,222.11,0.9,0.433,93.4,1,44.35,292.0
5957,20.76,52.5,425.0,0.29,306.68,234.0,0.3,0.281,94.0,1,44.13,306.98
5958,19.75,57.5,419.0,0.13,312.0,238.06,0.63,0.175,94.4,1,43.38,312.63
5959,20.99,54.2,460.0,0.2,306.68,234.0,0.19,0.977,89.9,0,42.15,306.88
5960,19.86,50.9,1032.0,1.0,378.43,288.74,10.37,0.599,92.5,1,40.53,388.8
5961,18.89,49.6,994.0,1.0,346.2,264.15,10.35,0.465,93.2,1,38.63,356.55
5962,19.77,47.1,1014.0,1.0,304.2,232.1,10.75,0.227,94.2,1,36.57,314.95
5963,18.21,43.7,1042.0,1.0,255.29,194.79,10.29,0.267,94.1,1,34.49,265.58
5964,18.42,41.1,972.0,1.0,202.8,154.74,10.33,-0.21,95.2,1,32.55,213.13
5965,17.3,39.6,1060.0,1.0,255.29,194.79,10.01,-0.09,95.1,1,30.87,265.3
5966,15.56,40.9,977.0,1.0,304.2,232.1,10.32,-0.201,95.2,1,29.56,314.52
5967,15.3,43.0,1027.0,1.0,346.2,264.15,10.27,-0.559,95.1,1,28.72,356.47
5968,14.92,40.9,1000.0,1.0,378.43,288.74,10.54,-0.454,95.2,1,28.4,388.97
5969,15.32,45.6,998.0,1.0,398.69,304.2,10.4,-0.566,95.1,1,28.63,409.09
5970,14.67,45.3,961.0,1.0,405.6,309.47,10.98,-0.653,95.0,1,29.39,416.58
5971,14.64,47.7,427.0,0.26,306.68,234.0,0.55,-0.591,95.1,1,30.62,307.23
5972,14.75,54.3,400.0,0.1,291.1,222.11,0.07,-0.774,94.7,0,32.25,291.17
5973,15.3,55.4,400.0,0.03,266.31,203.19,0.81,-0.141,95.1,1,34.17,267.12
5974,16.6,57.9,435.0,0.04,234.0,178.54,0.05,0.062,94.7,1,36.24,234.05
5975,16.67,55.1,454.0,0.15,196.38,149.83,0.84,-0.315,95.3,1,38.32,197.21
5976,17.25,62.8,400.0,0.13,156.0,119.03,0.41,0.222,94.3,1,40.27,156.41
5977,17.94,59.4,430.0,0.2,196.38,149.83,0.06,0.123,94.6,1,41.96,196.44
5978,18.67,59.5,424.0,0.18,234.0,178.54,0.98,0.248,94.2,1,43.27,234.98
5979,18.86,55.5,400.0,0.03,266.31,203.19,0.5,0.094,94.7,1,44.12,266.8
5980,19.66,59.5,440.0,0.09,291.1,222.11,0.85,0.321,93.9,1,44.44,291.95
5981,21.09,55.2,400.0,0.27,306.68,234.0,0.42,0.59,92.5,1,44.23,307.1
5982,20.33,56.2,416.0,0.23,312.0,238.06,0.46,0.305,93.9,1,43.48,312.46
5983,20.69,50.7,400.0,0.26,306.68,234.0,0.36,0.335,93.8,1,42.25,307.05
5984,18.79,54.1,964.0,1.0,378.43,288.74,10.37,0.331,93.8,1,40.62,388.8
5985,19.84,49.0,1035.0,1.0,346.2,264.15,10.79,-0.328,95.3,1,38.72,356.99
5986,18.85,50.0,1017.0,1.0,304.2,232.1,10.03,0.316,93.9,1,36.66,314.23
5987,17.97,41.2,996.0,1.0,255.29,194.79,10.49,0.257,94.1,1,34.59,265.78
5988,17.52,44.7,1057.0,1.0,202.8,154.74,10.27,0.073,94.7,1,32.64,213.07
5989,16.4,36.9,1057.0,1.0,255.29,194.79,10.56,0.059,94.8,1,30.96,265.85
5990,14.86,40.4,1013.0,1.0,304.2,232.1,10.22,-0.339,95.3,1,29.65,314.42
5991,15.76,39.0,956.0,1.0,346.2,264.15,10.35,0.009,94.9,1,28.81,356.55
5992,14.95,40.2,997.0,1.0,378.43,288.74,10.53,-0.602,95.1,1,28.5,388.96
5993,14.37,41.6,975.0,1.0,398.69,304.2,10.74,-0.528,95.2,1,28.72,409.43
5994,13.94,42.8,1003.0,1.0,405.6,309.47,10.95,-0.565,95.1,1,29.48,416.55
5995,13.79,44.4,400.0,0.22,306.68,234.0,0.24,-0.446,95.3,1,30.72,306.93
5996,14.93,48.6,400.0,0.21,291.1,222.11,0.48,-0.481,95.2,1,32.35,291.58
5997,16.1,52.4,400.0,0.15,266.31,203.19,0.35,-0.374,95.3,1,34.26,266.66
5998,16.02,56.9,405.0,0.3,234.0,178.54,0.61,-0.386,95.3,1,36.33,234.61
5999,15.95,57.3,400.0,0.04,196.38,149.83,0.37,-0.217,95.2,1,38.41,196.74
6000,17.52,60.7,400.0,0.05,156.0,119.03,0.1,-0.447,95.3,1,40.36,156.1
6001,18.16,56.6,421.0,0.08,196.38,149.83,0.61,0.29,94.0,1,42.05,196.99
6002,19.34,59.1,400.0,0.24,234.0,178.54,0.04,0.046,94.8,1,43.36,234.04
6003,19.83,61.2,400.0,0.23,266.31,203.19,0.04,0.255,94.1,1,44.21,266.35
6004,18.51,59.6,400.0,0.23,291.1,222.11,0.88,0.221,94.3,1,44.54,291.98
6005,20.58,55.7,400.0,0.26,306.68,234.0,0.87,0.597,92.5,1,44.32,307.55
6006,19.9,57.3,406.0,0.13,312.0,238.06,0.56,0.391,93.6,1,43.57,312.56
6007,19.59,52.0,400.0,0.1,306.68,234.0,0.02,-0.006,94.9,1,42.34,306.7
6008,19.9,48.9,400.0,0.18,291.1,222.11,0.34,0.489,93.1,1,40.72,291.44
6009,19.73,48.8,400.0,0.12,266.31,203.19,0.35,0.204,94.3,1,38.81,266.65
6010,18.08,45.4,400.0,0.16,234.0,178.54,0.72,0.245,94.2,1,36.75,234.72
6011,18.53,42.2,449.0,0.04,196.38,149.83,0.81,0.296,94.0,1,34.68,197.19
6012,17.78,40.5,406.0,0.12,156.0,119.03,0.35,-0.198,95.2,1,32.73,156.35
6013,16.64,38.3,415.0,0.14,196.38,149.83,0.42,-0.14,95.1,1,31.05,196.8
6014,15.46,39.2,400.0,0.03,234.0,178.54,0.22,-0.404,95.3,1,29.74,234.22
6015,14.78,42.4,407.0,0.3,266.31,203.19,0.73,-0.156,95.2,1,28.9,267.04
6016,15.3,41.6,400.0,0.01,291.1,222.11,0.35,-0.417,95.3,1,28.58,291.45
6017,13.73,44.5,401.0,0.28,306.68,234.0,0.71,-0.488,95.2,1,28.81,307.39
6018,14.92,45.6,419.0,0.02,312.0,238.06,0.71,-0.748,94.8,0,29.57,312.71
6019,14.41,45.7,400.0,0.26,306.68,234.0,0.16,-0.333,95.3,1,30.8,306.84
6020,14.74,46.2,400.0,0.16,291.1,222.11,0.89,-0.258,95.3,1,32.43,291.99
6021,14.41,50.3,400.0,0.06,266.31,203.19,0.82,-0.507,95.2,1,34.35,267.13
6022,15.81,53.2,400.0,0.07,234.0,178.54,0.58,-0.219,95.2,1,36.42,234.58
6023,16.91,55.2,405.0,0.11,196.38,149.83,0.09,-0.012,94.9,1,38.5,196.46
6024,16.71,60.4,400.0,0.24,156.0,119.03,0.17,0.444,93.3,1,40.45,156.17
6025,18.4,61.5,445.0,0.04,196.38,149.83,0.09,0.208,94.3,1,42.14,196.47
6026,18.92,64.4,480.0,0.07,234.0,178.54,0.46,0.25,94.1,1,43.45,234.46
6027,19.17,58.2,400.0,0.21,266.31,203.19,0.27,0.322,93.9,1,44.3,266.57
6028,20.4,62.1,409.0,0.18,291.1,222.11,0.83,0.414,93.5,1,44.62,291.93
6029,19.17,60.6,431.0,0.13,306.68,234.0,0.44,0.636,92.3,1,44.4,307.12
6030,20.54,54.9,400.0,0.02,312.0,238.06,0.45,0.324,93.9,1,43.65,312.45
6031,21.08,54.0,400.0,0.17,306.68,234.0,0.92,0.669,92.1,1,42.43,307.61
6032,20.69,53.0,452.0,0.07,291.1,222.11,0.58,0.125,94.6,1,40.8,291.68
6033,19.68,47.8,421.0,0.18,266.31,203.19,0.39,0.487,93.1,1,38.9,266.7
6034,18.71,45.1,410.0,0.08,234.0,178.54,0.98,0.439,93.3,1,36.84,234.98
6035,17.82,42.0,444.0,0.29,196.38,149.83,0.46,0.291,94.0,1,34.76,196.84
6036,17.21,36.9,423.0,0.18,156.0,119.03,0.58,0.054,94.8,1,32.82,156.58
6037,16.86,40.6,400.0,0.17,196.38,149.83,0.38,-0.05,95.0,1,31.14,196.76
6038,15.46,38.6,400.0,0.25,234.0,178.54,0.67,-0.33,95.3,1,29.83,234.67
6039,15.62,38.1,400.0,0.3,266.31,203.19,0.78,-0.579,95.1,1,28.99,267.08
6040,15.83,42.0,436.0,0.23,291.1,222.11,0.63,-0.383,95.3,1,28.67,291.73
6041,14.43,39.7,420.0,0.18,306.68,234.0,0.25,-0.469,95.2,1,28.9,306.93
6042,13.68,46.2,400.0,0.26,312.0,238.06,0.94,-0.315,95.3,1,29.66,312.94
6043,13.78,47.9,453.0,0.05,306.68,234.0,0.51,-0.511,95.2,1,30.89,307.2
6044,15.14,48.7,400.0,0.23,291.1,222.11,0.83,-0.401,95.3,1,32.52,291.93
6045,15.2,52.0,430.0,0.2,266.31,203.19,0.01,-0.296,95.3,1,34.44,266.32
6046,16.29,52.2,407.0,0.17,234.0,178.54,0.52,-0.136,95.1,1,36.5,234.52
6047,16.3,58.2,458.0,0.26,196.38,149.83,0.94,0.06,94.7,1,38.58,197.31
6048,17.76,58.8,423.0,0.21,156.0,119.03,0.69,-0.191,95.2,1,40.53,156.69
6049,18.04,60.1,401.0,0.22,196.38,149.83,0.11,0.27,94.1,1,42.22,196.49
6050,18.48,61.0,400.0,0.27,234.0,178.54,0.71,0.214,94.3,1,43.54,234.71
6051,19.26,58.5,400.0,0.21,266.31,203.19,0.02,0.482,93.1,1,44.38,266.32
6052,19.34,55.8,400.0,0.08,291.1,222.11,0.37,0.729,91.7,0,44.71,291.47
6053,21.23,59.3,400.0,0.06,306.68,234.0,0.24,0.061,94.7,1,44.49,306.92
6054,20.29,56.8,409.0,0.15,312.0,238.06,0.25,0.743,91.6,0,43.74,312.25
6055,20.56,52.0,400.0,0.07,306.68,234.0,0.04,0.459,93.2,1,42.51,306.73
6056,19.67,51.3,984.0,1.0,378.43,288.74,10.62,0.262,94.1,1,40.89,389.05
6057,18.93,50.4,997.0,1.0,346.2,264.15,10.74,0.266,94.1,1,38.98,356.94
6058,18.72,47.7,1002.0,1.0,304.2,232.1,10.29,0.044,94.8,1,36.92,314.49
6059,18.66,42.1,1000.0,1.0,255.29,194.79,10.59,0.231,94.2,1,34.85,265.88
6060,17.07,38.6,1052.0,1.0,202.8,154.74,10.5,-0.207,95.2,1,32.9,213.3
6061,16.12,37.8,1020.0,1.0,255.29,194.79,10.99,0.111,94.6,1,31.22,266.28
6062,15.91,39.4,1063.0,1.0,304.2,232.1,10.81,-0.112,95.1,1,29.92,315.01
6063,15.46,43.2,987.0,1.0,346.2,264.15,10.95,-0.308,95.3,1,29.07,357.15
6064,15.55,39.7,1024.0,1.0,378.43,288.74,10.82,-0.84,94.5,0,28.76,389.25
6065,14.6,41.4,988.0,1.0,398.69,304.2,10.66,-0.747,94.8,0,28.98,409.35
6066,14.65,43.4,983.0,1.0,405.6,309.47,10.07,-0.516,95.2,1,29.74,415.67
6067,14.78,45.9,464.0,0.27,306.68,234.0,0.86,-0.488,95.2,1,30.98,307.54
6068,14.15,49.5,400.0,0.07,291.1,222.11,0.76,-0.245,95.2,1,32.61,291.86
6069,14.72,49.6,400.0,0.13,266.31,203.19,0.28,-0.936,94.2,0,34.52,266.59
6070,15.28,56.8,400.0,0.22,234.0,178.54,0.27,-0.402,95.3,1,36.59,234.27
6071,15.87,56.4,400.0,0.04,196.38,149.83,0.52,0.038,94.8,1,38.67,196.9
6072,17.71,63.4,400.0,0.29,156.0,119.03,0.28,-0.067,95.0,1,40.62,156.28
6073,18.24,57.2,400.0,0.22,196.38,149.83,0.97,0.036,94.8,1,42.31,197.35
6074,18.85,63.2,401.0,0.25,234.0,178.54,0.19,-0.072,95.0,1,43.62,234.19
6075,18.14,62.6,400.0,0.27,266.31,203.19,0.15,0.565,92.7,1,44.47,266.46
6076,20.94,58.1,436.0,0.05,291.1,222.11,0.04,0.336,93.8,1,44.79,291.14
6077,19.76,56.6,400.0,0.13,306.68,234.0,0.55,0.702,91.9,0,44.57,307.24
6078,21.33,53.6,400.0,0.2,312.0,238.06,0.74,0.793,91.2,0,43.82,312.74
6079,19.48,51.2,400.0,0.25,306.68,234.0,0.59,0.746,91.6,0,42.59,307.27
6080,19.5,50.5,1025.0,1.0,378.43,288.74,10.21,0.427,93.4,1,40.97,388.64
6081,18.32,47.9,1011.0,1.0,346.2,264.15,10.92,0.257,94.1,1,39.06,357.12
6082,18.98,42.2,1036.0,1.0,304.2,232.1,10.38,0.14,94.5,1,37.0,314.58
6083,17.53,47.9,989.0,1.0,255.29,194.79,10.14,0.523,92.9,1,34.93,265.43
6084,16.76,41.1,986.0,1.0,202.8,154.74,10.19,-0.042,95.0,1,32.99,212.99
6085,15.84,40.6,1012.0,1.0,255.29,194.79,10.44,0.081,94.7,1,31.3,265.73
6086,16.19,38.8,1031.0,1.0,304.2,232.1,10.54,-0.154,95.2,1,30.0,314.74
6087,15.53,39.7,1025.0,1.0,346.2,264.15,10.6,-0.436,95.3,1,29.16,356.8
6088,15.6,40.4,1010.0,1.0,378.43,288.74,10.07,-0.484,95.2,1,28.84,388.5
6089,14.05,42.6,1007.0,1.0,398.69,304.2,10.87,-0.246,95.2,1,29.07,409.56
6090,14.4,44.6,999.0,1.0,405.6,309.47,10.34,-0.494,95.2,1,29.82,415.94
6091,13.75,48.6,412.0,0.02,306.68,234.0,0.26,-0.574,95.1,1,31.06,306.94
6092,14.53,50.0,461.0,0.13,291.1,222.11,0.69,-0.594,95.1,1,32.69,291.79
6093,14.91,53.5,400.0,0.19,266.31,203.19,0.61,-0.29,95.3,1,34.6,266.92
6094,16.02,54.6,400.0,0.05,234.0,178.54,0.99,-0.353,95.3,1,36.67,234.99
6095,17.02,57.2,400.0,0.24,196.38,149.83,0.41,-0.011,94.9,1,38.75,196.79
6096,17.78,57.9,412.0,0.25,156.0,119.03,0.18,0.509,93.0,1,40.7,156.18
6097,17.64,61.5,400.0,0.16,196.38,149.83,0.97,0.233,94.2,1,42.39,197.35
6098,19.28,60.6,400.0,0.01,234.0,178.54,0.48,0.611,92.4,1,43.7,234.48
6099,19.38,59.5,426.0,0.15,266.31,203.19,0.66,0.211,94.3,1,44.55,266.97
6100,19.72,58.5,400.0,0.06,291.1,222.11,0.04,0.57,92.6,1,44.87,291.14
6101,19.82,57.2,406.0,0.13,306.68,234.0,0.34,0.734,91.6,0,44.65,307.02
6102,20.0,55.5,463.0,0.23,312.0,238.06,0.99,0.776,91.4,0,43.9,312.99
6103,21.05,52.9,410.0,0.02,306.68,234.0,0.96,0.739,91.6,0,42.67,307.65
6104,20.03,49.4,933.0,1.0,378.43,288.74,10.98,0.436,93.3,1,41.05,389.41
6105,19.48,49.4,958.0,1.0,346.2,264.15,10.82,0.532,92.9,1,39.14,357.03
6106,18.64,47.1,992.0,1.0,304.2,232.1,10.5,0.046,94.8,1,37.08,314.7
6107,19.27,46.8,976.0,1.0,255.29,194.79,10.57,0.451,93.3,1,35.01,265.86
6108,17.92,40.4,1003.0,1.0,202.8,154.74,10.07,-0.19,95.2,1,33.07,212.87
6109,16.13,41.8,991.0,1.0,255.29,194.79,10.79,0.121,94.6,1,31.38,266.08
6110,15.63,36.2,1035.0,1.0,304.2,232.1,10.75,-0.041,95.0,1,30.08,314.95
6111,15.04,41.9,967.0,1.0,346.2,264.15,10.71,-0.146,95.1,1,29.24,356.91
6112,14.74,38.2,994.0,1.0,378.43,288.74,10.38,-0.02,94.9,1,28.92,388.81
6113,14.02,40.6,1007.0,1.0,398.69,304.2,10.27,-0.272,95.3,1,29.14,408.96
6114,14.48,45.3,1010.0,1.0,405.6,309.47,10.81,-0.765,94.7,0,29.9,416.41
6115,15.09,45.7,404.0,0.15,306.68,234.0,0.97,-0.365,95.3,1,31.14,307.66
6116,14.01,48.0,400.0,0.03,291.1,222.11,0.42,-0.811,94.6,0,32.77,291.52
6117,14.58,51.2,402.0,0.06,266.31,203.19,0.06,-0.372,95.3,1,34.68,266.36
6118,15.52,56.0,400.0,0.23,234.0,178.54,0.9,-0.334,95.3,1,36.75,234.9
6119,16.26,54.9,426.0,0.26,196.38,149.83,0.69,-0.002,94.9,1,38.83,197.07
6120,18.26,58.3,422.0,0.14,156.0,119.03,0.67,-0.165,95.2,1,40.78,156.67
6121,18.53,58.8,407.0,0.15,196.38,149.83,0.94,-0.029,95.0,1,42.47,197.32
6122,19.23,61.6,409.0,0.14,234.0,178.54,0.67,0.35,93.7,1,43.78,234.67
6123,19.24,61.5,441.0,0.01,266.31,203.19,0.62,0.589,92.5,1,44.63,266.93
6124,19.71,55.2,435.0,0.03,291.1,222.11,0.71,0.434,93.4,1,44.95,291.81
6125,19.42,59.5,408.0,0.3,306.68,234.0,0.48,0.948,90.1,0,44.73,307.17
6126,20.64,54.2,464.0,0.01,312.0,238.06,0.29,0.431,93.4,1,43.98,312.29
6127,20.39,53.5,400.0,0.1,306.68,234.0,0.25,0.619,92.4,1,42.75,306.94
6128,20.49,48.6,964.0,1.0,378.43,288.74,10.73,0.501,93.0,1,41.13,389.16
6129,19.26,48.6,1000.0,1.0,346.2,264.15,10.24,0.285,94.0,1,39.22,356.44
6130,18.68,50.5,989.0,1.0,304.2,232.1,10.93,0.512,93.0,1,37.16,315.13
6131,18.11,43.5,926.0,1.0,255.29,194.79,10.4,-0.049,95.0,1,35.09,265.69
6132,17.69,40.7,980.0,1.0,202.8,154.74,10.63,-0.415,95.3,1,33.14,213.43
6133,15.73,40.0,1010.0,1.0,255.29,194.79,10.04,-0.155,95.2,1,31.46,265.33
6134,16.11,37.1,998.0,1.0,304.2,232.1,10.45,-0.301,95.3,1,30.15,314.65
6135,15.11,43.1,977.0,1.0,346.2,264.15,10.4,-0.141,95.1,1,29.31,356.6
6136,14.11,41.7,1001.0,1.0,378.43,288.74,10.75,-0.683,94.9,1,28.99,389.18
6137,13.3,40.5,1004.0,1.0,398.69,304.2,10.06,-0.378,95.3,1,29.22,408.75
6138,14.17,42.6,1021.0,1.0,405.6,309.47,10.4,-0.419,95.3,1,29.98,416.0
6139,15.06,47.0,400.0,0.12,306.68,234.0,0.86,-0.418,95.3,1,31.21,307.54
6140,15.48,51.4,426.0,0.03,291.1,222.11,0.67,-0.224,95.2,1,32.84,291.77
6141,15.29,49.8,400.0,0.25,266.31,203.19,0.78,-0.358,95.3,1,34.76,267.09
6142,16.71,56.8,400.0,0.27,234.0,178.54,0.76,-0.24,95.2,1,36.82,234.76
6143,16.43,56.5,451.0,0.2,196.38,149.83,0.66,-0.039,95.0,1,38.9,197.04
6144,17.71,56.6,400.0,0.13,156.0,119.03,0.39,-0.02,94.9,1,40.85,156.39
6145,17.78,58.6,400.0,0.18,196.38,149.83,0.4,-0.141,95.1,1,42.54,196.78
6146,18.47,63.5,400.0,0.17,234.0,178.54,0.05,0.168,94.4,1,43.85,234.05
6147,19.01,57.0,400.0,0.02,266.31,203.19,0.19,0.302,93.9,1,44.7,266.5
6148,18.8,57.4,404.0,0.12,291.1,222.11,0.56,0.321,93.9,1,45.03,291.66
6149,20.77,59.3,421.0,0.2,306.68,234.0,0.9,0.42,93.4,1,44.81,307.58
6150,19.9,55.8,400.0,0.25,312.0,238.06,0.61,0.536,92.8,1,44.06,312.61
6151,19.72,51.5,400.0,0.11,306.68,234.0,0.39,0.428,93.4,1,42.83,307.07
6152,19.23,52.4,963.0,1.0,378.43,288.74,10.83,0.604,92.5,1,41.2,389.26
6153,19.24,49.9,978.0,1.0,346.2,264.15,10.45,0.527,92.9,1,39.3,356.65
6154,19.6,46.1,954.0,1.0,304.2,232.1,10.26,-0.226,95.2,1,37.24,314.46
6155,19.04,42.0,1022.0,1.0,255.29,194.79,10.08,-0.157,95.2,1,35.16,265.37
6156,16.39,40.7,1024.0,1.0,202.8,154.74,10.83,-0.481,95.2,1,33.22,213.63
6157,16.26,41.0,999.0,1.0,255.29,194.79,10.62,-0.184,95.2,1,31.53,265.9
6158,15.2,37.4,1013.0,1.0,304.2,232.1,10.58,-0.317,95.3,1,30.23,314.78
6159,15.59,42.9,1026.0,1.0,346.2,264.15,10.72,-0.323,95.3,1,29.39,356.92
6160,14.76,44.5,1003.0,1.0,378.43,288.74,10.61,-0.265,95.3,1,29.07,389.03
6161,14.0,42.1,1042.0,1.0,398.69,304.2,10.35,-0.492,95.2,1,29.29,409.04
6162,14.25,45.3,969.0,1.0,405.6,309.47,10.62,-0.621,95.1,1,30.05,416.22
6163,14.08,49.3,400.0,0.07,306.68,234.0,0.14,-0.484,95.2,1,31.29,306.82
6164,15.42,53.4,400.0,0.1,291.1,222.11,0.3,-0.532,95.2,1,32.92,291.4
6165,15.36,55.2,419.0,0.12,266.31,203.19,0.54,-0.649,95.0,1,34.83,266.85
6166,16.04,51.1,400.0,0.12,234.0,178.54,0.07,-0.058,95.0,1,36.9,234.07
6167,15.1,56.1,443.0,0.17,196.38,149.83,0.82,-0.044,95.0,1,38.97,197.2
6168,17.17,59.4,417.0,0.02,156.0,119.03,0.04,0.29,94.0,1,40.93,156.04
6169,19.02,58.5,453.0,0.23,196.38,149.83,0.37,-0.118,95.1,1,42.61,196.75
6170,19.37,63.6,400.0,0.04,234.0,178.54,0.45,-0.073,95.0,1,43.93,234.45
6171,18.4,63.0,400.0,0.24,266.31,203.19,0.68,0.166,94.4,1,44.78,266.99
6172,19.64,57.3,420.0,0.01,291.1,222.11,0.15,0.513,93.0,1,45.1,291.25
6173,19.5,57.1,431.0,0.24,306.68,234.0,0.82,0.655,92.1,1,44.88,307.51
6174,21.06,53.9,400.0,0.11,312.0,238.06,0.43,0.557,92.7,1,44.13,312.43
6175,20.22,52.7,400.0,0.2,306.68,234.0,0.25,0.512,93.0,1,42.9,306.94
6176,19.41,50.0,400.0,0.05,291.1,222.11,0.1,0.604,92.5,1,41.28,291.2
6177,19.34,49.8,408.0,0.16,266.31,203.19,0.93,0.262,94.1,1,39.37,267.23
6178,17.39,43.6,446.0,0.09,234.0,178.54,0.4,0.461,93.2,1,37.31,234.4
6179,17.43,38.0,400.0,0.0,196.38,149.83,0.38,0.526,92.9,1,35.23,196.76
6180,17.21,38.4,400.0,0.22,156.0,119.03,0.18,-0.213,95.2,1,33.29,156.18
6181,16.84,38.4,400.0,0.04,196.38,149.83,0.51,-0.18,95.2,1,31.61,196.88
6182,14.72,38.7,458.0,0.28,234.0,178.54,0.32,-0.528,95.2,1,30.3,234.32
6183,14.88,40.6,468.0,0.16,266.31,203.19,0.17,-0.547,95.2,1,29.46,266.47
6184,15.1,39.0,413.0,0.0,291.1,222.11,0.75,-0.355,95.3,1,29.14,291.85
6185,13.57,40.2,427.0,0.28,306.68,234.0,0.9,-0.82,94.6,0,29.37,307.58
6186,14.3,42.7,426.0,0.04,312.0,238.06,0.35,-0.656,95.0,1,30.12,312.35
6187,14.32,44.7,400.0,0.25,306.68,234.0,0.29,-0.272,95.3,1,31.36,306.97
6188,15.45,48.4,421.0,0.1,291.1,222.11,0.37,-0.388,95.3,1,32.99,291.47
6189,14.95,50.9,400.0,0.17,266.31,203.19,0.92,-0.2,95.2,1,34.9,267.23
6190,15.6,56.0,400.0,0.25,234.0,178.54,0.58,-0.509,95.2,1,36.97,234.58
6191,16.83,54.8,434.0,0.02,196.38,149.83,0.17,-0.116,95.1,1,39.05,196.54
6192,16.52,57.7,402.0,0.2,156.0,119.03,0.63,0.377,93.6,1,41.0,156.63
6193,17.85,58.4,433.0,0.04,196.38,149.83,0.4,-0.003,94.9,1,42.69,196.78
6194,18.45,61.6,439.0,0.21,234.0,178.54,0.02,0.152,94.5,1,44.0,234.02
6195,19.23,59.5,400.0,0.05,266.31,203.19,0.97,0.47,93.2,1,44.85,267.28
6196,20.2,61.0,400.0,0.01,291.1,222.11,0.11,0.253,94.1,1,45.17,291.21
6197,20.35,55.1,435.0,0.05,306.68,234.0,0.41,0.626,92.3,1,44.95,307.1
6198,19.8,55.3,436.0,0.19,312.0,238.06,0.66,0.141,94.5,1,44.2,312.66
6199,20.14,51.9,408.0,0.3,306.68,234.0,0.59,-0.002,94.9,1,42.97,307.27
6200,20.52,48.0,412.0,0.29,291.1,222.11,0.0,0.496,93.0,1,41.35,291.1
6201,18.88,47.7,427.0,0.22,266.31,203.19,0.61,0.158,94.5,1,39.44,266.92
6202,18.75,48.9,426.0,0.25,234.0,178.54,0.73,0.137,94.5,1,37.38,234.73
6203,17.85,41.6,400.0,0.26,196.38,149.83,0.85,0.305,93.9,1,35.3,197.23
6204,17.14,41.3,429.0,0.16,156.0,119.03,0.18,0.125,94.6,1,33.36,156.18
6205,15.58,37.8,400.0,0.07,196.38,149.83,0.04,-0.375,95.3,1,31.68,196.41
6206,16.37,37.1,407.0,0.2,234.0,178.54,0.94,-0.146,95.1,1,30.37,234.94
6207,14.66,38.7,406.0,0.04,266.31,203.19,0.68,-0.414,95.3,1,29.53,266.99
6208,15.08,40.2,400.0,0.25,291.1,222.11,0.45,-0.35,95.3,1,29.21,291.55
6209,13.96,41.8,400.0,0.12,306.68,234.0,0.73,-0.487,95.2,1,29.43,307.41
6210,13.85,44.1,467.0,0.08,312.0,238.06,0.16,-0.801,94.6,0,30.19,312.16
6211,14.87,43.7,400.0,0.25,306.68,234.0,0.96,-0.626,95.0,1,31.43,307.64
6212,15.06,48.3,411.0,0.03,291.1,222.11,0.65,-0.915,94.3,0,33.05,291.75
6213,15.15,53.1,417.0,0.29,266.31,203.19,0.88,-0.317,95.3,1,34.97,267.19
6214,16.04,51.9,400.0,0.29,234.0,178.54,0.56,-0.171,95.2,1,37.03,234.56
6215,16.24,56.0,420.0,0.18,196.38,149.83,0.8,-0.27,95.3,1,39.11,197.18
6216,17.16,59.0,410.0,0.21,156.0,119.03,0.33,-0.023,94.9,1,41.06,156.33
6217,17.61,58.0,400.0,0.01,196.38,149.83,0.13,-0.065,95.0,1,42.75,196.51
6218,19.11,60.7,416.0,0.13,234.0,178.54,0.35,0.501,93.0,1,44.07,234.35
6219,18.93,56.7,400.0,0.27,266.31,203.19,0.9,0.096,94.7,1,44.91,267.21
6220,20.5,60.7,452.0,0.0,291.1,222.11,0.7,0.371,93.7,1,45.24,291.8
6221,19.9,58.1,413.0,0.09,306.68,234.0,0.46,0.223,94.2,1,45.02,307.14
6222,20.17,55.5,400.0,0.11,312.0,238.06,0.24,0.547,92.8,1,44.27,312.24
6223,20.43,55.3,410.0,0.2,306.68,234.0,0.6,0.691,91.9,1,43.04,307.28
6224,19.76,49.8,972.0,1.0,378.43,288.74,10.59,0.018,94.9,1,41.41,389.02
6225,19.12,46.6,1008.0,1.0,346.2,264.15,10.53,0.484,93.1,1,39.51,356.73
6226,18.64,48.2,993.0,1.0,304.2,232.1,10.74,0.576,92.6,1,37.44,314.94
6227,18.37,47.0,975.0,1.0,255.29,194.79,10.24,0.155,94.5,1,35.37,265.53
6228,16.82,40.2,975.0,1.0,202.8,154.74,10.51,-0.135,95.1,1,33.43,213.31
6229,16.31,40.2,1073.0,1.0,255.29,194.79,10.31,-0.137,95.1,1,31.74,265.6
6230,15.65,42.1,1003.0,1.0,304.2,232.1,10.21,-0.359,95.3,1,30.43,314.41
6231,15.46,40.1,987.0,1.0,346.2,264.15,10.33,0.039,94.8,1,29.59,356.53
6232,14.5,42.3,982.0,1.0,378.43,288.74,10.8,-0.266,95.3,1,29.27,389.23
6233,15.15,44.2,1014.0,1.0,398.69,304.2,10.11,-0.303,95.3,1,29.5,408.8
6234,14.07,43.5,981.0,1.0,405.6,309.47,10.28,-0.069,95.0,1,30.26,415.88
6235,14.13,47.8,400.0,0.0,306.68,234.0,0.53,-0.214,95.2,1,31.49,307.22
6236,14.46,49.5,400.0,0.29,291.1,222.11,0.4,-0.457,95.2,1,33.12,291.5
6237,14.36,49.7,400.0,0.26,266.31,203.19,0.83,-0.348,95.3,1,35.03,267.14
6238,15.12,52.6,400.0,0.19,234.0,178.54,0.78,0.222,94.3,1,37.1,234.78
6239,16.1,55.4,400.0,0.13,196.38,149.83,0.68,-0.277,95.3,1,39.18,197.05
6240,17.71,60.3,400.0,0.05,156.0,119.03,0.28,-0.034,95.0,1,41.13,156.28
6241,17.9,61.4,400.0,0.17,196.38,149.83,0.02,-0.073,95.0,1,42.82,196.4
6242,18.4,61.5,400.0,0.07,234.0,178.54,0.31,-0.114,95.1,1,44.13,234.31
6243,19.87,60.7,408.0,0.19,266.31,203.19,0.6,0.178,94.4,1,44.98,266.91
6244,20.51,59.7,467.0,0.04,291.1,222.11,0.1,0.261,94.1,1,45.3,291.2
6245,20.66,58.0,440.0,0.22,306.68,234.0,0.82,0.358,93.7,1,45.08,307.51
6246,19.71,56.2,458.0,0.1,312.0,238.06,0.99,0.622,92.3,1,44.33,312.99
6247,19.78,54.0,400.0,0.15,306.68,234.0,0.74,0.481,93.1,1,43.1,307.42
6248,20.64,47.7,1050.0,1.0,378.43,288.74,10.41,0.635,92.3,1,41.48,388.84
6249,19.37,46.3,1007.0,1.0,346.2,264.15,10.8,0.384,93.6,1,39.57,357.0
6250,18.5,43.4,1030.0,1.0,304.2,232.1,10.27,0.286,94.0,1,37.51,314.47
6251,18.27,45.5,1014.0,1.0,255.29,194.79,10.95,0.071,94.7,1,35.43,266.24
6252,17.63,44.9,990.0,1.0,202.8,154.74,10.37,0.389,93.6,1,33.49,213.17
6253,16.07,36.1,1022.0,1.0,255.29,194.79,10.69,-0.214,95.2,1,31.81,265.98
6254,15.74,43.1,1015.0,1.0,304.2,232.1,10.02,-0.067,95.0,1,30.5,314.22
6255,15.47,40.4,947.0,1.0,346.2,264.15,10.63,-0.59,95.1,1,29.66,356.83
6256,13.95,43.1,996.0,1.0,378.43,288.74,10.3,-0.482,95.2,1,29.34,388.73
6257,14.23,43.6,1026.0,1.0,398.69,304.2,10.1,-0.081,95.1,1,29.56,408.79
6258,13.57,47.5,1008.0,1.0,405.6,309.47,10.43,-0.363,95.3,1,30.32,416.03
6259,13.73,47.4,414.0,0.26,306.68,234.0,0.11,-0.763,94.8,0,31.55,306.79
6260,14.24,46.8,400.0,0.2,291.1,222.11,0.19,-0.639,95.0,1,33.18,291.29
6261,15.24,51.9,408.0,0.06,266.31,203.19,0.9,-0.033,95.0,1,35.1,267.2
6262,15.46,55.6,400.0,0.12,234.0,178.54,0.06,-0.232,95.2,1,37.16,234.06
6263,16.02,56.3,400.0,0.15,196.38,149.83,0.62,-0.184,95.2,1,39.24,197.0
6264,17.15,59.7,400.0,0.16,156.0,119.03,0.06,-0.156,95.2,1,41.19,156.06
6265,17.32,59.4,427.0,0.12,196.38,149.83,0.72,0.066,94.7,1,42.88,197.09
6266,18.83,58.8,410.0,0.18,234.0,178.54,0.98,0.533,92.9,1,44.19,234.98
6267,19.8,57.6,407.0,0.22,266.31,203.19,0.43,0.214,94.3,1,45.04,266.74
6268,19.68,58.1,462.0,0.15,291.1,222.11,0.97,0.313,93.9,1,45.36,292.07
6269,19.91,57.8,414.0,0.18,306.68,234.0,0.64,0.603,92.5,1,45.14,307.33
6270,20.3,51.5,436.0,0.26,312.0,238.06,0.6,0.292,94.0,1,44.39,312.6
6271,19.0,51.5,408.0,0.15,306.68,234.0,0.17,0.296,94.0,1,43.16,306.86
6272,19.98,46.5,989.0,1.0,378.43,288.74,10.95,0.434,93.4,1,41.54,389.38
6273,20.79,46.6,968.0,1.0,346.2,264.15,10.86,0.36,93.7,1,39.63,357.06
6274,18.55,47.8,1007.0,1.0,304.2,232.1,10.13,0.088,94.7,1,37.57,314.33
6275,17.83,40.9,920.0,1.0,255.29,194.79,10.03,0.224,94.2,1,35.5,265.32
6276,17.48,43.0,1008.0,1.0,202.8,154.74,10.36,0.044,94.8,1,33.55,213.16
6277,17.16,46.2,1009.0,1.0,255.29,194.79,10.16,-0.524,95.2,1,31.87,265.45
6278,16.1,42.9,993.0,1.0,304.2,232.1,10.34,-0.094,95.1,1,30.56,314.54
6279,13.91,40.5,997.0,1.0,346.2,264.15,10.96,-0.467,95.2,1,29.72,357.16
6280,14.79,42.8,962.0,1.0,378.43,288.74,10.86,-0.272,95.3,1,29.4,389.29
6281,15.5,39.9,1042.0,1.0,398.69,304.2,10.44,-0.067,95.0,1,29.62,409.13
6282,14.42,41.5,990.0,1.0,405.6,309.47,10.28,-0.513,95.2,1,30.38,415.88
6283,13.63,47.0,400.0,0.14,306.68,234.0,0.58,-0.612,95.1,1,31.61,307.26
6284,14.65,50.3,416.0,0.05,291.1,222.11,0.94,-0.157,95.2,1,33.24,292.04
6285,14.34,54.3,403.0,0.03,266.31,203.19,0.79,-0.521,95.2,1,35.16,267.1
6286,16.22,53.4,400.0,0.17,234.0,178.54,0.87,0.128,94.6,1,37.22,234.87
6287,15.85,57.1,400.0,0.12,196.38,149.83,0.76,-0.222,95.2,1,39.3,197.14
6288,17.14,58.7,400.0,0.12,156.0,119.03,0.5,-0.125,95.1,1,41.25,156.5
6289,17.45,59.3,440.0,0.09,196.38,149.83,0.14,0.603,92.5,1,42.94,196.52
6290,18.33,59.8,414.0,0.11,234.0,178.54,0.82,0.323,93.9,1,44.25,234.82
6291,19.96,58.1,400.0,0.06,266.31,203.19,0.65,0.678,92.0,1,45.1,266.96
6292,19.75,59.4,426.0,0.08,291.1,222.11,0.77,0.428,93.4,1,45.42,291.87
6293,19.72,57.8,401.0,0.16,306.68,234.0,0.73,0.463,93.2,1,45.2,307.42
6294,19.53,54.5,412.0,0.16,312.0,238.06,0.25,-0.085,95.1,1,44.45,312.25
6295,19.06,54.4,405.0,0.27,306.68,234.0,0.29,0.685,92.0,1,43.22,306.97
6296,19.07,52.5,1018.0,1.0,378.43,288.74,10.86,0.51,93.0,1,41.6,389.29
6297,19.27,49.2,987.0,1.0,346.2,264.15,10.41,0.331,93.8,1,39.69,356.61
6298,19.08,43.3,966.0,1.0,304.2,232.1,10.18,0.368,93.7,1,37.63,314.38
6299,17.59,43.5,1027.0,1.0,255.29,194.79,10.64,0.137,94.5,1,35.55,265.93
6300,17.88,39.8,1045.0,1.0,202.8,154.74,10.3,-0.189,95.2,1,33.61,213.1
6301,15.96,40.7,967.0,1.0,255.29,194.79,10.64,-0.057,95.0,1,31.92,265.93
6302,15.47,38.2,1005.0,1.0,304.2,232.1,10.59,-0.288,95.3,1,30.62,314.79
6303,14.43,42.8,987.0,1.0,346.2,264.15,10.66,-0.205,95.2,1,29.77,356.86
6304,14.99,42.7,1027.0,1.0,378.43,288.74,10.99,-0.489,95.2,1,29.45,389.42
6305,15.24,44.9,1007.0,1.0,398.69,304.2,10.28,-0.577,95.1,1,29.68,408.97
6306,13.21,46.7,1100.0,1.0,405.6,309.47,10.98,-0.609,95.1,1,30.44,416.58
6307,14.02,46.4,400.0,0.05,306.68,234.0,0.76,-0.66,95.0,1,31.67,307.45
6308,15.12,48.7,446.0,0.04,291.1,222.11,0.86,-0.538,95.2,1,33.3,291.96
6309,14.24,55.6,449.0,0.19,266.31,203.19,0.8,-0.267,95.3,1,35.21,267.11
6310,15.87,54.3,416.0,0.12,234.0,178.54,0.02,-0.4,95.3,1,37.28,234.02
6311,16.92,54.0,401.0,0.02,196.38,149.83,0.5,-0.364,95.3,1,39.36,196.88
6312,17.12,60.4,403.0,0.02,156.0,119.03,0.11,0.158,94.5,1,41.31,156.11
6313,18.14,59.8,400.0,0.29,196.38,149.83,0.67,0.102,94.6,1,43.0,197.05
6314,19.46,63.0,434.0,0.05,234.0,178.54,0.06,0.404,93.5,1,44.31,234.06
6315,20.18,60.3,400.0,0.08,266.31,203.19,0.03,0.309,93.9,1,45.15,266.34
6316,19.65,58.8,400.0,0.17,291.1,222.11,0.91,0.319,93.9,1,45.48,292.01
6317,19.71,60.4,400.0,0.06,306.68,234.0,0.92,0.134,94.5,1,45.26,307.6
6318,19.62,52.3,400.0,0.06,312.0,238.06,0.62,0.274,94.1,1,44.51,312.62
6319,20.47,51.9,426.0,0.02,306.68,234.0,0.46,0.308,93.9,1,43.28,307.14
6320,18.99,48.7,1032.0,1.0,378.43,288.74,10.83,0.489,93.1,1,41.65,389.26
6321,19.07,43.5,981.0,1.0,346.2,264.15,10.96,0.332,93.8,1,39.74,357.17
6322,18.63,47.2,1031.0,1.0,304.2,232.1,10.05,0.045,94.8,1,37.68,314.25
6323,17.6,42.2,952.0,1.0,255.29,194.79,10.1,-0.427,95.3,1,35.61,265.39
6324,17.22,43.4,1001.0,1.0,202.8,154.74,10.91,0.093,94.7,1,33.66,213.71
6325,17.58,41.3,996.0,1.0,255.29,194.79,10.1,0.046,94.8,1,31.98,265.39
6326,15.52,41.2,1003.0,1.0,304.2,232.1,10.71,-0.057,95.0,1,30.67,314.91
6327,14.74,39.3,1002.0,1.0,346.2,264.15,10.55,-0.547,95.2,1,29.83,356.75
6328,14.98,39.6,998.0,1.0,378.43,288.74,10.52,-0.228,95.2,1,29.51,388.95
6329,14.3,42.8,988.0,1.0,398.69,304.2,10.1,-0.37,95.3,1,29.74,408.79
6330,14.79,46.4,997.0,1.0,405.6,309.47,10.73,-0.388,95.3,1,30.49,416.33
6331,14.26,46.9,441.0,0.05,306.68,234.0,0.6,-0.605,95.1,1,31.73,307.29
6332,14.35,48.1,400.0,0.11,291.1,222.11,0.93,-0.46,95.2,1,33.35,292.03
6333,14.06,49.7,468.0,0.02,266.31,203.19,0.48,0.013,94.9,1,35.27,266.79
6334,14.76,55.0,400.0,0.3,234.0,178.54,0.91,0.085,94.7,1,37.33,234.91
6335,15.38,55.6,407.0,0.15,196.38,149.83,0.18,-0.139,95.1,1,39.41,196.56
6336,17.26,58.3,417.0,0.02,156.0,119.03,0.2,0.038,94.8,1,41.36,156.2
6337,17.16,59.0,400.0,0.18,196.38,149.83,0.95,-0.31,95.3,1,43.05,197.32
6338,19.2,59.1,441.0,0.23,234.0,178.54,0.1,0.491,93.1,1,44.36,234.1
6339,19.2,60.4,416.0,0.12,266.31,203.19,0.24,0.503,93.0,1,45.21,266.55
6340,19.54,60.0,400.0,0.14,291.1,222.11,0.14,0.502,93.0,1,45.53,291.24
6341,19.54,61.3,441.0,0.21,306.68,234.0,0.71,0.362,93.7,1,45.31,307.39
6342,20.38,56.9,400.0,0.07,312.0,238.06,0.78,0.513,93.0,1,44.56,312.78
6343,19.56,56.2,400.0,0.18,306.68,234.0,0.9,0.776,91.4,0,43.33,307.59
6344,19.17,48.8,417.0,0.19,291.1,222.11,0.15,0.505,93.0,1,41.7,291.25
6345,19.78,44.7,424.0,0.24,266.31,203.19,0.32,0.88,90.6,0,39.8,266.63
6346,18.74,45.4,410.0,0.27,234.0,178.54,0.32,0.412,93.5,1,37.74,234.32
6347,17.72,45.0,400.0,0.28,196.38,149.83,0.97,-0.054,95.0,1,35.66,197.35
6348,17.38,43.0,400.0,0.04,156.0,119.03,0.58,-0.082,95.1,1,33.72,156.58
6349,16.29,42.9,434.0,0.24,196.38,149.83,0.34,-0.271,95.3,1,32.03,196.71
6350,15.75,34.9,407.0,0.2,234.0,178.54,0.3,-0.078,95.0,1,30.72,234.3
6351,14.53,42.7,400.0,0.11,266.31,203.19,0.32,-0.123,95.1,1,29.88,266.63
6352,15.5,41.8,400.0,0.28,291.1,222.11,0.71,-0.09,95.1,1,29.56,291.81
6353,13.87,39.5,445.0,0.26,306.68,234.0,0.55,-0.549,95.2,1,29.79,307.23
6354,14.84,46.0,400.0,0.23,312.0,238.06,0.62,-0.406,95.3,1,30.54,312.62
6355,14.07,47.3,408.0,0.02,306.68,234.0,0.47,-0.227,95.2,1,31.78,307.15
6356,14.86,50.3,441.0,0.05,291.1,222.11,0.03,-0.123,95.1,1,33.41,291.13
6357,15.3,54.1,416.0,0.28,266.31,203.19,0.69,-0.6,95.1,1,35.32,267.0
6358,16.13,55.4,400.0,0.29,234.0,178.54,0.72,-0.126,95.1,1,37.38,234.72
6359,15.86,53.8,400.0,0.08,196.38,149.83,0.18,-0.368,95.3,1,39.46,196.56
6360,17.59,58.1,456.0,0.08,156.0,119.03,0.65,-0.12,95.1,1,41.41,156.65
6361,18.76,56.3,400.0,0.18,196.38,149.83,0.88,-0.132,95.1,1,43.1,197.25
6362,18.43,61.3,400.0,0.02,234.0,178.54,0.6,0.126,94.6,1,44.41,234.6
6363,19.19,62.6,411.0,0.18,266.31,203.19,0.67,0.064,94.7,1,45.26,266.98
6364,19.39,56.4,400.0,0.29,291.1,222.11,0.7,0.197,94.3,1,45.58,291.8
6365,19.78,56.1,417.0,0.09,306.68,234.0,0.32,0.302,93.9,1,45.36,307.01
6366,20.91,53.6,400.0,0.22,312.0,238.06,0.15,0.561,92.7,1,44.61,312.15
6367,19.45,52.1,400.0,0.16,306.68,234.0,0.47,0.49,93.1,1,43.38,307.16
6368,19.18,51.3,420.0,0.09,291.1,222.11,0.23,0.104,94.6,1,41.75,291.33
6369,19.98,47.0,420.0,0.12,266.31,203.19,0.69,0.902,90.5,0,39.85,267.0
6370,18.86,46.7,400.0,0.17,234.0,178.54,0.71,0.152,94.5,1,37.79,234.71
6371,18.89,45.4,400.0,0.23,196.38,149.83,0.01,-0.136,95.1,1,35.71,196.38
6372,16.83,43.8,406.0,0.16,156.0,119.03,0.95,0.117,94.6,1,33.77,156.95
6373,16.34,38.2,400.0,0.28,196.38,149.83,0.93,-0.13,95.1,1,32.08,197.3
6374,15.22,42.8,439.0,0.04,234.0,178.54,0.13,-0.413,95.3,1,30.77,234.13
6375,15.0,43.2,405.0,0.29,266.31,203.19,0.48,-0.275,95.3,1,29.93,266.79
6376,13.56,44.2,400.0,0.17,291.1,222.11,0.21,-0.567,95.1,1,29.61,291.31
6377,14.49,42.3,400.0,0.12,306.68,234.0,0.96,-0.542,95.2,1,29.84,307.65
6378,14.21,43.1,400.0,0.02,312.0,238.06,0.57,-0.207,95.2,1,30.59,312.57
6379,14.12,45.0,400.0,0.09,306.68,234.0,0.7,-0.458,95.2,1,31.83,307.38
6380,14.25,47.3,415.0,0.13,291.1,222.11,0.98,-0.31,95.3,1,33.45,292.08
6381,14.48,52.2,400.0,0.28,266.31,203.19,0.67,-0.458,95.2,1,35.37,266.98
6382,15.91,56.3,412.0,0.23,234.0,178.54,0.87,-0.219,95.2,1,37.43,234.87
6383,15.68,59.3,416.0,0.02,196.38,149.83,0.24,-0.284,95.3,1,39.51,196.62
6384,17.3,57.4,429.0,0.1,156.0,119.03,0.23,-0.163,95.2,1,41.46,156.23
6385,18.86,59.4,408.0,0.15,196.38,149.83,0.44,0.047,94.8,1,43.15,196.82
6386,19.29,59.8,434.0,0.26,234.0,178.54,0.88,0.111,94.6,1,44.46,234.88
6387,18.41,58.5,442.0,0.23,266.31,203.19,0.04,0.561,92.7,1,45.31,266.35
6388,19.37,60.4,408.0,0.06,291.1,222.11,0.44,0.549,92.8,1,45.63,291.54
6389,20.15,58.1,410.0,0.02,306.68,234.0,0.82,0.025,94.8,1,45.41,307.51
6390,20.01,55.7,400.0,0.04,312.0,238.06,0.18,0.845,90.9,0,44.66,312.18
6391,19.24,53.8,400.0,0.15,306.68,234.0,0.62,0.611,92.4,1,43.43,307.3
6392,19.83,51.7,1038.0,1.0,378.43,288.74,10.07,0.662,92.1,1,41.8,388.5
6393,19.16,49.1,1018.0,1.0,346.2,264.15,10.01,0.319,93.9,1,39.89,356.21
6394,19.5,43.7,1021.0,1.0,304.2,232.1,10.32,-0.049,95.0,1,37.83,314.52
6395,17.69,45.1,982.0,1.0,255.29,194.79,10.81,-0.135,95.1,1,35.76,266.09
6396,17.62,42.1,1049.0,1.0,202.8,154.74,10.04,0.341,93.8,1,33.81,212.84
6397,15.63,39.6,993.0,1.0,255.29,194.79,10.36,-0.455,95.2,1,32.13,265.65
6398,15.02,40.5,976.0,1.0,304.2,232.1,10.73,-0.539,95.2,1,30.82,314.93
6399,15.28,40.9,983.0,1.0,346.2,264.15,10.37,-0.44,95.3,1,29.98,356.57
6400,14.98,43.3,1047.0,1.0,378.43,288.74,10.48,-0.71,94.9,0,29.66,388.91
6401,13.66,40.5,967.0,1.0,398.69,304.2,10.5,-0.376,95.3,1,29.88,409.19
6402,14.05,47.2,977.0,1.0,405.6,309.47,10.91,-0.378,95.3,1,30.64,416.51
6403,13.45,47.0,487.0,0.27,306.68,234.0,0.88,-0.4,95.3,1,31.87,307.56
6404,14.35,48.5,428.0,0.23,291.1,222.11,0.06,-0.556,95.1,1,33.5,291.16
6405,15.33,51.1,400.0,0.16,266.31,203.19,0.69,-0.296,95.3,1,35.41,267.0
6406,15.32,52.6,400.0,0.01,234.0,178.54,0.54,0.107,94.6,1,37.48,234.54
6407,16.13,53.2,400.0,0.1,196.38,149.83,0.35,-0.416,95.3,1,39.56,196.73
6408,16.47,59.8,403.0,0.15,156.0,119.03,0.49,0.223,94.2,1,41.5,156.49
6409,17.49,63.5,422.0,0.08,196.38,149.83,0.88,0.291,94.0,1,43.19,197.26
6410,19.41,56.8,446.0,0.25,234.0,178.54,0.77,0.229,94.2,1,44.51,234.77
6411,19.19,57.9,400.0,0.13,266.31,203.19,0.57,0.387,93.6,1,45.35,266.88
6412,19.13,60.4,400.0,0.06,291.1,222.11,0.18,0.504,93.0,1,45.67,291.28
6413,19.77,57.3,400.0,0.23,306.68,234.0,0.62,0.288,94.0,1,45.45,307.3
6414,19.23,57.1,484.0,0.18,312.0,238.06,0.5,0.174,94.4,1,44.7,312.5
6415,19.42,52.8,427.0,0.06,306.68,234.0,0.45,0.664,92.1,1,43.47,307.13
6416,20.31,49.3,1011.0,1.0,378.43,288.74,10.94,0.184,94.4,1,41.85,389.37
6417,19.08,47.4,963.0,1.0,346.2,264.15,10.99,0.135,94.5,1,39.94,357.19
6418,19.48,40.6,936.0,1.0,304.2,232.1,10.95,0.147,94.5,1,37.88,315.15
6419,17.76,41.0,1001.0,1.0,255.29,194.79,10.74,0.186,94.4,1,35.8,266.03
6420,17.01,43.5,997.0,1.0,202.8,154.74,10.6,-0.1,95.1,1,33.86,213.4
6421,16.57,42.9,992.0,1.0,255.29,194.79,10.32,-0.274,95.3,1,32.17,265.61
6422,14.19,42.8,989.0,1.0,304.2,232.1,10.95,-0.059,95.0,1,30.86,315.15
6423,15.01,41.1,978.0,1.0,346.2,264.15,10.46,-0.42,95.3,1,30.02,356.66
6424,14.4,36.6,971.0,1.0,378.43,288.74,10.2,-0.593,95.1,1,29.7,388.63
6425,14.87,41.3,1042.0,1.0,398.69,304.2,10.11,-0.404,95.3,1,29.93,408.8
6426,14.51,47.2,973.0,1.0,405.6,309.47,10.84,-0.488,95.2,1,30.68,416.44
6427,13.56,50.2,400.0,0.05,306.68,234.0,0.33,-0.477,95.2,1,31.91,307.01
6428,15.05,52.3,400.0,0.22,291.1,222.11,0.77,-0.344,95.3,1,33.54,291.87
6429,14.77,51.7,421.0,0.3,266.31,203.19,0.63,-0.381,95.3,1,35.45,266.94
6430,15.07,52.0,400.0,0.1,234.0,178.54,0.28,-0.081,95.0,1,37.52,234.28
6431,16.35,56.6,429.0,0.18,196.38,149.83,0.85,-0.415,95.3,1,39.6,197.23
6432,16.92,58.4,400.0,0.03,156.0,119.03,0.84,0.248,94.2,1,41.55,156.84
6433,18.57,62.7,400.0,0.19,196.38,149.83,0.17,-0.053,95.0,1,43.24,196.55
6434,18.69,60.4,449.0,0.3,234.0,178.54,0.12,-0.077,95.0,1,44.55,234.12
6435,19.25,59.8,400.0,0.29,266.31,203.19,0.6,0.196,94.3,1,45.39,266.91
6436,20.07,59.0,422.0,0.12,291.1,222.11,0.23,0.363,93.7,1,45.72,291.33
6437,20.47,58.2,430.0,0.25,306.68,234.0,0.33,0.336,93.8,1,45.49,307.02
6438,20.41,56.7,409.0,0.25,312.0,238.06,0.94,0.307,93.9,1,44.74,312.94
6439,20.63,51.6,400.0,0.1,306.68,234.0,0.18,0.685,92.0,1,43.51,306.86
6440,19.92,48.4,1064.0,1.0,378.43,288.74,10.47,0.259,94.1,1,41.89,388.9
6441,19.23,50.6,1000.0,1.0,346.2,264.15,10.29,-0.098,95.1,1,39.98,356.5
6442,19.14,42.1,1006.0,1.0,304.2,232.1,10.35,0.18,94.4,1,37.92,314.55
6443,17.75,46.5,990.0,1.0,255.29,194.79,10.37,0.538,92.8,1,35.84,265.66
6444,17.04,37.8,1005.0,1.0,202.8,154.74,10.26,-0.213,95.2,1,33.9,213.06
6445,17.1,39.3,1029.0,1.0,255.29,194.79,10.76,-0.309,95.3,1,32.21,266.05
6446,16.33,42.0,992.0,1.0,304.2,232.1,10.81,-0.331,95.3,1,30.9,315.01
6447,14.89,40.2,937.0,1.0,346.2,264.15,10.54,-0.045,95.0,1,30.06,356.74
6448,14.19,38.5,1015.0,1.0,378.43,288.74,10.9,-0.505,95.2,1,29.74,389.33
6449,14.85,43.5,968.0,1.0,398.69,304.2,10.14,-0.688,94.9,1,29.97,408.83
6450,14.42,44.7,1022.0,1.0,405.6,309.47,10.51,-0.427,95.3,1,30.72,416.11
6451,14.28,46.5,400.0,0.03,306.68,234.0,0.83,-0.425,95.3,1,31.95,307.51
6452,14.26,48.3,428.0,0.08,291.1,222.11,0.62,-0.336,95.3,1,33.58,291.72
6453,15.06,52.1,400.0,0.29,266.31,203.19,0.99,-0.566,95.1,1,35.49,267.29
6454,15.51,53.4,400.0,0.24,234.0,178.54,0.6,-0.363,95.3,1,37.56,234.6
6455,15.91,61.6,400.0,0.25,196.38,149.83,0.96,0.096,94.7,1,39.64,197.34
6456,17.08,57.9,400.0,0.15,156.0,119.03,0.1,0.082,94.7,1,41.59,156.1
6457,17.93,58.8,433.0,0.2,196.38,149.83,0.04,0.291,94.0,1,43.27,196.42
6458,18.33,58.9,400.0,0.15,234.0,178.54,0.36,0.239,94.2,1,44.59,234.36
6459,19.59,63.3,433.0,0.2,266.31,203.19,0.84,0.565,92.7,1,45.43,267.15
6460,20.26,55.6,413.0,0.26,291.1,222.11,0.05,0.492,93.1,1,45.76,291.15
6461,20.4,58.1,400.0,0.07,306.68,234.0,0.25,0.378,93.6,1,45.53,306.94
6462,19.88,54.9,410.0,0.29,312.0,238.06,0.99,0.649,92.2,1,44.78,312.99
6463,20.29,50.2,410.0,0.27,306.68,234.0,0.64,0.308,93.9,1,43.55,307.33
6464,19.65,48.8,988.0,1.0,378.43,288.74,10.39,0.742,91.6,0,41.93,388.82
6465,18.52,48.5,1009.0,1.0,346.2,264.15,10.08,0.555,92.7,1,40.02,356.28
6466,18.85,43.7,1022.0,1.0,304.2,232.1,10.76,0.191,94.4,1,37.96,314.96
6467,17.86,43.8,972.0,1.0,255.29,194.79,10.93,0.092,94.7,1,35.88,266.21
6468,18.31,45.0,1010.0,1.0,202.8,154.74,10.74,0.026,94.8,1,33.93,213.54
6469,16.97,40.8,921.0,1.0,255.29,194.79,10.12,-0.164,95.2,1,32.25,265.4
6470,15.87,37.1,942.0,1.0,304.2,232.1,10.53,0.014,94.9,1,30.94,314.73
6471,15.02,38.5,1017.0,1.0,346.2,264.15,10.4,-0.461,95.2,1,30.1,356.6
6472,14.5,40.5,987.0,1.0,378.43,288.74,10.9,-0.734,94.8,0,29.78,389.33
6473,13.61,41.9,974.0,1.0,398.69,304.2,10.76,-0.535,95.2,1,30.0,409.45
6474,13.14,44.9,998.0,1.0,405.6,309.47,10.8,-0.349,95.3,1,30.76,416.4
6475,13.68,47.6,400.0,0.02,306.68,234.0,0.41,-0.28,95.3,1,31.99,307.1
6476,14.39,53.0,400.0,0.07,291.1,222.11,0.02,-0.41,95.3,1,33.62,291.12
6477,13.84,52.1,400.0,0.24,266.31,203.19,0.76,-0.48,95.2,1,35.53,267.07
6478,15.24,52.3,400.0,0.02,234.0,178.54,0.63,-0.259,95.3,1,37.6,234.63
6479,16.11,59.0,422.0,0.19,196.38,149.83,0.14,-0.26,95.3,1,39.67,196.52
6480,16.9,60.9,400.0,0.19,156.0,119.03,0.76,-0.461,95.2,1,41.62,156.76
6481,17.46,60.0,429.0,0.29,196.38,149.83,0.15,-0.041,95.0,1,43.31,196.53
6482,18.34,59.5,400.0,0.3,234.0,178.54,0.74,0.352,93.7,1,44.62,234.74
6483,19.99,61.0,411.0,0.28,266.31,203.19,0.71,0.299,94.0,1,45.47,267.02
6484,19.94,58.5,400.0,0.16,291.1,222.11,0.01,0.371,93.7,1,45.79,291.11
6485,19.63,53.3,401.0,0.01,306.68,234.0,0.77,0.704,91.8,0,45.57,307.46
6486,19.97,56.5,403.0,0.08,312.0,238.06,0.41,0.307,93.9,1,44.82,312.41
6487,19.89,54.8,400.0,0.14,306.68,234.0,0.51,0.31,93.9,1,43.59,307.19
6488,19.22,53.4,963.0,1.0,378.43,288.74,10.96,0.499,93.0,1,41.96,389.39
6489,18.75,46.4,1023.0,1.0,346.2,264.15,10.92,0.211,94.3,1,40.05,357.12
6490,19.01,45.9,1048.0,1.0,304.2,232.1,10.38,0.107,94.6,1,37.99,314.58
6491,17.57,43.8,1050.0,1.0,255.29,194.79,10.71,0.439,93.3,1,35.92,266.0
6492,16.46,41.8,983.0,1.0,202.8,154.74,10.51,-0.214,95.2,1,33.97,213.31
6493,16.21,40.7,978.0,1.0,255.29,194.79,10.82,-0.276,95.3,1,32.29,266.11
6494,15.57,40.1,983.0,1.0,304.2,232.1,10.32,-0.162,95.2,1,30.98,314.52
6495,13.9,40.7,995.0,1.0,346.2,264.15,10.47,-0.363,95.3,1,30.13,356.67
6496,14.39,42.6,998.0,1.0,378.43,288.74,10.11,-0.708,94.9,0,29.81,388.54
6497,14.54,45.0,970.0,1.0,398.69,304.2,10.93,-0.126,95.1,1,30.04,409.62
6498,14.23,43.1,956.0,1.0,405.6,309.47,10.9,-0.659,95.0,1,30.79,416.5
6499,15.22,46.6,401.0,0.13,306.68,234.0,0.28,-0.532,95.2,1,32.03,306.96
6500,15.03,48.7,400.0,0.1,291.1,222.11,0.58,-0.346,95.3,1,33.65,291.68
6501,15.61,51.0,400.0,0.22,266.31,203.19,0.38,0.079,94.7,1,35.57,266.69
6502,16.91,51.4,400.0,0.15,234.0,178.54,0.16,-0.332,95.3,1,37.63,234.16
6503,16.61,56.8,423.0,0.17,196.38,149.83,0.05,-0.313,95.3,1,39.71,196.42
6504,17.09,59.4,431.0,0.05,156.0,119.03,0.82,0.1,94.6,1,41.66,156.82
6505,18.27,59.2,432.0,0.11,196.38,149.83,0.29,0.547,92.8,1,43.35,196.66
6506,18.23,60.0,400.0,0.01,234.0,178.54,0.52,0.277,94.0,1,44.66,234.52
6507,19.18,60.6,400.0,0.23,266.31,203.19,0.9,0.296,94.0,1,45.5,267.21
6508,19.28,61.7,400.0,0.07,291.1,222.11,0.02,0.511,93.0,1,45.83,291.12
6509,20.1,56.6,409.0,0.04,306.68,234.0,0.55,0.068,94.7,1,45.6,307.23
6510,19.68,53.1,400.0,0.18,312.0,238.06,0.96,0.377,93.6,1,44.85,312.96
6511,19.56,52.9,442.0,0.17,306.68,234.0,0.81,0.118,94.6,1,43.62,307.49
6512,19.81,54.2,400.0,0.09,291.1,222.11,0.22,0.361,93.7,1,42.0,291.32
6513,19.06,45.5,415.0,0.29,266.31,203.19,0.2,0.251,94.1,1,40.09,266.51
6514,17.54,46.7,400.0,0.19,234.0,178.54,0.76,-0.278,95.3,1,38.02,234.76
6515,17.05,45.6,400.0,0.28,196.38,149.83,0.08,0.165,94.4,1,35.95,196.46
6516,16.43,36.9,400.0,0.09,156.0,119.03,0.6,0.124,94.6,1,34.0,156.6
6517,15.79,41.3,431.0,0.17,196.38,149.83,0.23,-0.168,95.2,1,32.32,196.61
6518,15.71,41.2,400.0,0.12,234.0,178.54,0.84,-0.556,95.1,1,31.01,234.84
6519,14.99,39.7,417.0,0.12,266.31,203.19,0.38,-0.101,95.1,1,30.17,266.69
6520,14.94,39.8,402.0,0.01,291.1,222.11,0.41,-0.054,95.0,1,29.85,291.51
6521,14.48,41.4,414.0,0.07,306.68,234.0,0.79,-0.403,95.3,1,30.07,307.48
6522,14.54,43.9,400.0,0.26,312.0,238.06,0.09,-0.571,95.1,1,30.82,312.09
6523,14.41,46.4,400.0,0.25,306.68,234.0,0.6,-0.551,95.2,1,32.06,307.29
6524,14.51,48.5,400.0,0.03,291.1,222.11,0.96,-0.346,95.3,1,33.69,292.06
6525,15.43,51.4,412.0,0.01,266.31,203.19,0.65,-0.336,95.3,1,35.6,266.96
6526,15.96,57.0,413.0,0.03,234.0,178.54,0.08,-0.163,95.2,1,37.66,234.08
6527,16.41,54.3,484.0,0.19,196.38,149.83,0.91,-0.039,95.0,1,39.74,197.28
6528,17.64,54.9,450.0,0.07,156.0,119.03,0.13,-0.148,95.1,1,41.69,156.13
6529,16.61,61.9,400.0,0.23,196.38,149.83,0.37,-0.035,95.0,1,43.38,196.74
6530,18.36,59.6,400.0,0.0,234.0,178.54,0.18,0.194,94.3,1,44.69,234.18
6531,18.97,59.0,400.0,0.21,266.31,203.19,0.72,0.447,93.3,1,45.53,267.03
6532,20.18,58.7,438.0,0.27,291.1,222.11,0.26,0.121,94.6,1,45.86,291.36
6533,20.69,57.8,400.0,0.01,306.68,234.0,0.26,0.437,93.3,1,45.63,306.95
6534,19.28,54.4,414.0,0.26,312.0,238.06,0.41,0.493,93.1,1,44.88,312.41
6535,20.6,54.1,400.0,0.28,306.68,234.0,0.29,0.386,93.6,1,43.65,306.97
6536,19.01,48.5,400.0,0.16,291.1,222.11,0.78,0.714,91.8,0,42.02,291.88
6537,18.55,47.3,463.0,0.09,266.31,203.19,0.53,0.6,92.5,1,40.12,266.84
6538,18.38,41.0,402.0,0.17,234.0,178.54,0.56,0.333,93.8,1,38.05,234.56
6539,17.62,45.6,400.0,0.09,196.38,149.83,0.16,0.483,93.1,1,35.98,196.54
6540,16.22,41.2,407.0,0.28,156.0,119.03,0.91,0.176,94.4,1,34.03,156.91
6541,16.55,41.8,400.0,0.16,196.38,149.83,0.35,-0.103,95.1,1,32.35,196.72
6542,15.84,41.0,400.0,0.24,234.0,178.54,0.38,-0.345,95.3,1,31.04,234.38
6543,15.41,41.3,400.0,0.18,266.31,203.19,0.24,-0.433,95.3,1,30.19,266.55
6544,14.19,41.1,400.0,0.09,291.1,222.11,0.96,-0.357,95.3,1,29.87,292.06
6545,14.08,43.4,400.0,0.15,306.68,234.0,0.61,-0.557,95.1,1,30.1,307.29
6546,13.99,42.7,434.0,0.26,312.0,238.06,0.06,-0.803,94.6,0,30.85,312.06
6547,14.95,44.6,414.0,0.11,306.68,234.0,0.19,-0.559,95.1,1,32.09,306.88
6548,12.99,49.3,419.0,0.1,291.1,222.11,0.48,-0.227,95.2,1,33.71,291.58
6549,14.4,50.8,400.0,0.29,266.31,203.19,0.19,-0.868,94.4,0,35.63,266.5
6550,15.5,57.4,425.0,0.1,234.0,178.54,0.61,0.031,94.8,1,37.69,234.61
6551,15.68,57.5,400.0,0.26,196.38,149.83,0.31,-0.015,94.9,1,39.77,196.68
6552,16.87,57.0,400.0,0.05,156.0,119.03,0.35,-0.047,95.0,1,41.72,156.35
6553,17.71,59.0,412.0,0.24,196.38,149.83,0.79,0.187,94.4,1,43.4,197.16
6554,18.17,60.3,400.0,0.18,234.0,178.54,0.52,0.442,93.3,1,44.71,234.52
6555,19.15,59.6,400.0,0.04,266.31,203.19,0.11,0.36,93.7,1,45.56,266.42
6556,19.91,59.4,400.0,0.02,291.1,222.11,0.37,0.623,92.3,1,45.88,291.47
6557,19.78,57.5,438.0,0.09,306.68,234.0,0.9,0.653,92.2,1,45.66,307.58
6558,19.77,52.6,439.0,0.2,312.0,238.06,0.85,0.535,92.8,1,44.91,312.85
6559,19.82,48.7,400.0,0.11,306.68,234.0,0.76,0.261,94.1,1,43.68,307.44
6560,19.59,49.7,947.0,1.0,378.43,288.74,10.84,0.413,93.5,1,42.05,389.27
6561,18.25,49.0,979.0,1.0,346.2,264.15,10.09,-0.055,95.0,1,40.14,356.29
6562,18.73,44.7,973.0,1.0,304.2,232.1,10.12,0.339,93.8,1,38.08,314.32
6563,17.55,45.7,1025.0,1.0,255.29,194.79,10.02,0.045,94.8,1,36.01,265.31
6564,17.63,41.5,1028.0,1.0,202.8,154.74,10.13,-0.123,95.1,1,34.06,212.93
6565,16.52,43.2,969.0,1.0,255.29,194.79,10.82,0.002,94.9,1,32.37,266.11
6566,16.09,42.3,977.0,1.0,304.2,232.1,10.04,-0.504,95.2,1,31.06,314.24
6567,14.37,42.3,956.0,1.0,346.2,264.15,10.47,-0.331,95.3,1,30.22,356.67
6568,14.22,38.7,1004.0,1.0,378.43,288.74,10.25,-0.501,95.2,1,29.9,388.68
6569,13.48,42.6,999.0,1.0,398.69,304.2,10.83,-0.519,95.2,1,30.12,409.52
6570,13.65,47.0,1024.0,1.0,405.6,309.47,10.8,-0.443,95.3,1,30.88,416.4
6571,14.73,47.5,415.0,0.06,306.68,234.0,0.77,-0.118,95.1,1,32.11,307.45
6572,15.15,50.6,418.0,0.17,291.1,222.11,0.38,-0.353,95.3,1,33.74,291.48
6573,14.3,49.4,400.0,0.18,266.31,203.19,0.93,-0.082,95.1,1,35.65,267.23
6574,15.27,58.4,400.0,0.04,234.0,178.54,0.9,0.029,94.8,1,37.72,234.9
6575,16.19,55.1,428.0,0.14,196.38,149.83,0.65,0.025,94.8,1,39.79,197.03
6576,17.29,54.4,400.0,0.23,156.0,119.03,0.61,-0.369,95.3,1,41.74,156.61
6577,16.9,58.8,400.0,0.01,196.38,149.83,0.34,0.081,94.7,1,43.43,196.71
6578,17.7,55.1,424.0,0.12,234.0,178.54,0.74,0.032,94.8,1,44.74,234.74
6579,19.37,57.6,400.0,0.04,266.31,203.19,0.94,0.926,90.3,0,45.59,267.25
6580,18.62,64.0,432.0,0.05,291.1,222.11,0.32,0.232,94.2,1,45.91,291.42
6581,19.67,56.6,400.0,0.15,306.68,234.0,0.29,0.184,94.4,1,45.68,306.97
6582,20.08,52.5,400.0,0.01,312.0,238.06,0.26,-0.054,95.0,1,44.93,312.26
6583,20.11,53.1,441.0,0.13,306.68,234.0,0.98,0.276,94.1,1,43.7,307.67
6584,19.53,48.7,961.0,1.0,378.43,288.74,10.54,0.458,93.2,1,42.08,388.97
6585,18.94,49.6,1043.0,1.0,346.2,264.15,10.97,0.571,92.6,1,40.17,357.17
6586,18.92,43.6,981.0,1.0,304.2,232.1,10.62,0.036,94.8,1,38.1,314.82
6587,17.92,43.8,1005.0,1.0,255.29,194.79,10.29,0.364,93.7,1,36.03,265.58
6588,16.68,39.3,1005.0,1.0,202.8,154.74,10.59,-0.013,94.9,1,34.08,213.39
6589,16.24,45.7,987.0,1.0,255.29,194.79,10.16,-0.226,95.2,1,32.4,265.44
6590,15.69,41.0,977.0,1.0,304.2,232.1,10.45,-0.215,95.2,1,31.09,314.65
6591,15.74,39.9,989.0,1.0,346.2,264.15,10.44,-0.07,95.0,1,30.24,356.64
6592,14.8,40.5,970.0,1.0,378.43,288.74,10.58,-0.423,95.3,1,29.92,389.01
6593,14.71,41.5,1059.0,1.0,398.69,304.2,10.39,-0.705,94.9,0,30.15,409.08
6594,13.7,43.1,986.0,1.0,405.6,309.47,10.46,-0.415,95.3,1,30.9,416.06
6595,13.84,45.4,435.0,0.24,306.68,234.0,0.88,-0.401,95.3,1,32.13,307.56
6596,14.29,52.9,431.0,0.12,291.1,222.11,0.18,-0.471,95.2,1,33.76,291.28
6597,14.81,51.0,411.0,0.18,266.31,203.19,0.92,-0.149,95.2,1,35.67,267.23
6598,15.0,50.3,400.0,0.13,234.0,178.54,0.54,-0.708,94.9,0,37.74,234.54
6599,16.86,54.4,406.0,0.19,196.38,149.83,0.63,-0.058,95.0,1,39.81,197.0
6600,17.44,60.3,417.0,0.05,156.0,119.03,0.1,0.157,94.5,1,41.76,156.1
6601,17.62,59.0,403.0,0.09,196.38,149.83,0.15,-0.16,95.2,1,43.45,196.52
6602,18.82,59.7,400.0,0.08,234.0,178.54,0.73,-0.047,95.0,1,44.76,234.73
6603,19.23,62.1,400.0,0.05,266.31,203.19,0.9,0.553,92.7,1,45.61,267.21
6604,19.96,57.3,445.0,0.12,291.1,222.11,0.52,0.668,92.1,1,45.93,291.62
6605,19.23,58.7,400.0,0.22,306.68,234.0,0.17,0.755,91.5,0,45.71,306.85
6606,19.93,54.1,406.0,0.12,312.0,238.06,0.8,0.361,93.7,1,44.95,312.8
6607,19.87,54.2,400.0,0.29,306.68,234.0,0.92,0.523,92.9,1,43.72,307.6
6608,19.91,49.7,1005.0,1.0,378.43,288.74,10.67,0.5,93.0,1,42.1,389.1
6609,18.81,47.4,966.0,1.0,346.2,264.15,10.18,0.012,94.9,1,40.19,356.38
6610,17.25,47.1,1011.0,1.0,304.2,232.1,10.41,0.281,94.0,1,38.13,314.61
6611,17.24,44.8,1006.0,1.0,255.29,194.79,10.94,0.157,94.5,1,36.05,266.23
6612,16.97,41.3,1083.0,1.0,202.8,154.74,10.19,0.149,94.5,1,34.1,212.99
6613,16.26,39.5,1004.0,1.0,255.29,194.79,10.17,-0.244,95.2,1,32.42,265.46
6614,16.34,43.2,1040.0,1.0,304.2,232.1,10.7,0.0,94.9,1,31.11,314.9
6615,15.17,41.4,955.0,1.0,346.2,264.15,10.54,-0.337,95.3,1,30.26,356.74
6616,14.45,40.3,1031.0,1.0,378.43,288.74,10.2,-0.091,95.1,1,29.94,388.63
6617,14.09,41.3,1007.0,1.0,398.69,304.2,10.62,-0.334,95.3,1,30.17,409.31
6618,14.56,46.6,1008.0,1.0,405.6,309.47,10.94,-0.444,95.3,1,30.92,416.54
6619,13.81,47.2,409.0,0.2,306.68,234.0,0.86,-0.719,94.9,0,32.15,307.54
6620,14.33,49.2,451.0,0.13,291.1,222.11,0.01,-0.697,94.9,1,33.78,291.11
6621,14.34,52.4,408.0,0.05,266.31,203.19,0.88,-0.033,95.0,1,35.69,267.19
6622,16.21,55.3,400.0,0.02,234.0,178.54,0.63,-0.074,95.0,1,37.76,234.63
6623,16.42,56.6,400.0,0.22,196.38,149.83,0.27,-0.186,95.2,1,39.83,196.64
6624,16.65,60.8,425.0,0.21,156.0,119.03,0.09,-0.083,95.1,1,41.78,156.09
6625,17.72,62.0,413.0,0.14,196.38,149.83,0.97,0.174,94.4,1,43.47,197.35
6626,18.76,61.1,400.0,0.16,234.0,178.54,0.03,-0.019,94.9,1,44.78,234.03
6627,19.0,62.5,415.0,0.07,266.31,203.19,0.18,0.26,94.1,1,45.63,266.49
6628,19.34,58.9,400.0,0.15,291.1,222.11,0.67,0.556,92.7,1,45.95,291.77
6629,19.58,58.8,413.0,0.22,306.68,234.0,0.76,0.632,92.3,1,45.72,307.44
6630,20.17,57.4,400.0,0.23,312.0,238.06,0.27,0.426,93.4,1,44.97,312.27
6631,19.72,55.1,400.0,0.1,306.68,234.0,0.74,0.803,91.2,0,43.74,307.42
6632,19.38,52.3,984.0,1.0,378.43,288.74,10.77,0.642,92.2,1,42.12,389.2
6633,18.46,49.1,1046.0,1.0,346.2,264.15,10.8,0.2,94.3,1,40.21,357.0
6634,18.54,49.3,1012.0,1.0,304.2,232.1,10.75,-0.005,94.9,1,38.14,314.95
6635,17.69,42.2,1038.0,1.0,255.29,194.79,10.03,0.248,94.2,1,36.07,265.32
6636,16.84,41.3,1087.0,1.0,202.8,154.74,10.89,-0.09,95.1,1,34.12,213.69
6637,16.33,40.0,1001.0,1.0,255.29,194.79,10.56,-0.257,95.3,1,32.43,265.85
6638,15.88,39.3,1045.0,1.0,304.2,232.1,10.43,-0.205,95.2,1,31.13,314.63
6639,15.24,36.3,979.0,1.0,346.2,264.15,10.02,-0.21,95.2,1,30.28,356.23
6640,14.68,43.9,1038.0,1.0,378.43,288.74,10.59,-0.275,95.3,1,29.96,389.02
6641,13.99,40.6,976.0,1.0,398.69,304.2,10.16,-0.472,95.2,1,30.18,408.85
6642,13.72,44.9,999.0,1.0,405.6,309.47,10.55,-0.959,94.1,0,30.94,416.15
6643,13.59,44.1,416.0,0.17,306.68,234.0,0.19,-0.292,95.3,1,32.17,306.87
6644,14.11,50.8,421.0,0.17,291.1,222.11,0.69,-0.594,95.1,1,33.8,291.79
6645,14.9,50.6,400.0,0.19,266.31,203.19,0.09,-0.292,95.3,1,35.71,266.4
6646,15.11,52.3,400.0,0.08,234.0,178.54,0.6,-0.274,95.3,1,37.77,234.6
6647,16.28,57.1,418.0,0.07,196.38,149.83,0.64,0.319,93.9,1,39.85,197.02
6648,16.53,57.0,400.0,0.06,156.0,119.03,0.4,0.412,93.5,1,41.8,156.4
6649,16.95,58.4,400.0,0.23,196.38,149.83,0.92,0.038,94.8,1,43.49,197.29
6650,18.92,60.3,400.0,0.03,234.0,178.54,0.53,-0.019,94.9,1,44.8,234.53
6651,18.89,61.4,400.0,0.09,266.31,203.19,0.75,0.1,94.6,1,45.64,267.06
6652,19.19,57.2,405.0,0.08,291.1,222.11,0.44,0.487,93.1,1,45.96,291.54
6653,19.36,55.4,416.0,0.18,306.68,234.0,0.79,0.375,93.6,1,45.74,307.48
6654,20.22,55.4,414.0,0.28,312.0,238.06,0.9,0.278,94.0,1,44.99,312.9
6655,20.59,54.1,400.0,0.26,306.68,234.0,0.41,0.378,93.6,1,43.76,307.1
6656,19.41,53.4,988.0,1.0,378.43,288.74,10.97,0.523,92.9,1,42.13,389.4
6657,19.02,45.7,1028.0,1.0,346.2,264.15,10.15,0.338,93.8,1,40.22,356.35
6658,19.05,44.8,984.0,1.0,304.2,232.1,10.85,0.154,94.5,1,38.16,315.05
6659,16.88,45.6,988.0,1.0,255.29,194.79,10.53,0.058,94.8,1,36.08,265.81
6660,17.99,45.5,955.0,1.0,202.8,154.74,10.14,-0.032,95.0,1,34.13,212.94
6661,17.46,38.5,999.0,1.0,255.29,194.79,10.63,-0.085,95.1,1,32.45,265.91
6662,14.16,38.5,1010.0,1.0,304.2,232.1,10.13,-0.194,95.2,1,31.14,314.33
6663,14.84,41.0,941.0,1.0,346.2,264.15,10.89,-0.683,94.9,1,30.3,357.09
6664,14.05,40.0,968.0,1.0,378.43,288.74,10.82,-0.4,95.3,1,29.97,389.25
6665,13.98,41.1,957.0,1.0,398.69,304.2,10.65,-0.555,95.2,1,30.2,409.34
6666,13.8,45.1,1024.0,1.0,405.6,309.47,10.23,-0.703,94.9,0,30.95,415.83
6667,14.52,50.1,400.0,0.07,306.68,234.0,0.96,-0.558,95.1,1,32.19,307.65
6668,14.36,46.9,400.0,0.04,291.1,222.11,0.85,-0.202,95.2,1,33.81,291.95
6669,14.44,55.1,422.0,0.22,266.31,203.19,0.72,-0.192,95.2,1,35.72,267.02
6670,15.43,53.4,406.0,0.16,234.0,178.54,0.37,-0.231,95.2,1,37.79,234.37
6671,16.49,57.4,400.0,0.27,196.38,149.83,0.48,-0.309,95.3,1,39.86,196.86
6672,16.42,61.6,410.0,0.16,156.0,119.03,0.34,-0.272,95.3,1,41.81,156.34
6673,16.97,60.2,431.0,0.15,196.38,149.83,0.85,-0.059,95.0,1,43.5,197.23
6674,19.51,59.4,400.0,0.06,234.0,178.54,0.31,0.252,94.1,1,44.81,234.31
6675,18.81,61.2,400.0,0.28,266.31,203.19,0.24,0.36,93.7,1,45.65,266.55
6676,19.54,58.5,434.0,0.2,291.1,222.11,0.21,0.303,93.9,1,45.98,291.31
6677,19.71,58.4,412.0,0.18,306.68,234.0,0.4,0.659,92.1,1,45.75,307.09
6678,20.29,55.0,400.0,0.24,312.0,238.06,0.62,0.577,92.6,1,45.0,312.62
6679,20.8,54.8,400.0,0.03,306.68,234.0,0.83,-0.047,95.0,1,43.77,307.52
6680,19.9,47.7,400.0,0.26,291.1,222.11,0.92,0.455,93.3,1,42.14,292.02
6681,18.38,45.8,400.0,0.15,266.31,203.19,0.08,0.505,93.0,1,40.23,266.39
6682,17.82,42.6,400.0,0.24,234.0,178.54,0.05,0.29,94.0,1,38.17,234.05
6683,17.59,43.2,400.0,0.21,196.38,149.83,0.36,0.246,94.2,1,36.09,196.74
6684,16.88,38.5,400.0,0.14,156.0,119.03,0.81,-0.053,95.0,1,34.15,156.81
6685,15.38,39.1,400.0,0.23,196.38,149.83,0.91,-0.142,95.1,1,32.46,197.28
6686,15.93,37.8,422.0,0.22,234.0,178.54,0.17,-0.259,95.3,1,31.15,234.17
6687,14.35,43.2,408.0,0.0,266.31,203.19,0.29,-0.317,95.3,1,30.31,266.59
6688,15.17,39.1,400.0,0.21,291.1,222.11,0.9,-0.549,95.2,1,29.99,292.0
6689,15.03,40.0,400.0,0.15,306.68,234.0,0.58,-0.264,95.3,1,30.21,307.26
6690,13.89,45.1,400.0,0.25,312.0,238.06,0.41,-0.215,95.2,1,30.96,312.41
6691,14.34,50.3,400.0,0.24,306.68,234.0,0.24,-0.589,95.1,1,32.2,306.93
6692,13.81,49.3,418.0,0.05,291.1,222.11,0.11,-0.667,95.0,1,33.82,291.21
6693,15.21,52.1,400.0,0.01,266.31,203.19,0.11,-0.623,95.1,1,35.73,266.42
6694,15.27,57.2,444.0,0.06,234.0,178.54,0.67,-0.169,95.2,1,37.8,234.67
6695,15.7,58.5,418.0,0.22,196.38,149.83,0.72,-0.012,94.9,1,39.87,197.1
6696,16.88,59.3,400.0,0.26,156.0,119.03,0.37,0.082,94.7,1,41.82,156.37
6697,17.56,58.4,403.0,0.21,196.38,149.83,0.61,0.228,94.2,1,43.51,196.98
6698,18.36,60.9,431.0,0.25,234.0,178.54,0.16,0.136,94.5,1,44.82,234.16
6699,19.62,57.0,412.0,0.18,266.31,203.19,0.02,-0.044,95.0,1,45.66,266.33
6700,19.23,57.6,400.0,0.15,291.1,222.11,0.1,0.334,93.8,1,45.99,291.2
6701,20.79,60.3,400.0,0.29,306.68,234.0,0.11,0.814,91.1,0,45.76,306.79
6702,19.36,58.0,405.0,0.02,312.0,238.06,0.98,0.553,92.7,1,45.01,312.98
6703,20.73,53.9,423.0,0.13,306.68,234.0,0.24,0.568,92.7,1,43.78,306.92
6704,19.11,46.6,400.0,0.08,291.1,222.11,0.13,0.614,92.4,1,42.15,291.23
6705,19.14,45.5,400.0,0.04,266.31,203.19,0.8,0.186,94.4,1,40.24,267.1
6706,18.28,44.1,449.0,0.18,234.0,178.54,0.37,0.295,94.0,1,38.18,234.37
6707,17.63,42.9,401.0,0.08,196.38,149.83,0.21,0.232,94.2,1,36.1,196.58
6708,17.43,39.1,446.0,0.14,156.0,119.03,0.22,-0.187,95.2,1,34.16,156.22
6709,17.0,40.0,490.0,0.04,196.38,149.83,0.14,-0.057,95.0,1,32.47,196.51
6710,16.12,43.5,400.0,0.12,234.0,178.54,0.08,0.009,94.9,1,31.16,234.08
6711,14.7,41.0,400.0,0.06,266.31,203.19,0.68,-0.434,95.3,1,30.32,266.99
6712,14.52,41.6,400.0,0.27,291.1,222.11,0.44,-0.777,94.7,0,29.99,291.54
6713,13.74,40.6,433.0,0.16,306.68,234.0,0.15,-0.448,95.3,1,30.22,306.83
6714,13.53,41.3,437.0,0.24,312.0,238.06,0.79,-0.631,95.0,1,30.97,312.79
6715,13.56,44.5,468.0,0.15,306.68,234.0,0.02,-0.447,95.3,1,32.2,306.7
6716,14.21,46.2,400.0,0.01,291.1,222.11,0.43,-0.601,95.1,1,33.83,291.53
6717,15.03,52.3,415.0,0.21,266.31,203.19,0.13,-0.341,95.3,1,35.74,266.44
6718,14.57,55.4,400.0,0.01,234.0,178.54,0.03,-0.005,94.9,1,37.8,234.03
6719,16.23,54.8,400.0,0.12,196.38,149.83,0.55,-0.135,95.1,1,39.88,196.93
6720,17.79,58.7,400.0,0.16,156.0,119.03,0.16,-0.33,95.3,1,41.83,156.16
6721,18.37,62.5,400.0,0.23,196.38,149.83,0.07,0.205,94.3,1,43.52,196.44
6722,18.24,63.9,419.0,0.27,234.0,178.54,0.48,0.254,94.1,1,44.83,234.48
6723,18.45,61.3,400.0,0.06,266.31,203.19,0.84,0.396,93.5,1,45.67,267.15
6724,19.86,58.5,400.0,0.2,291.1,222.11,0.49,0.628,92.3,1,45.99,291.59
6725,18.77,58.9,408.0,0.14,306.68,234.0,0.08,0.378,93.6,1,45.77,306.76
6726,20.59,58.1,411.0,0.23,312.0,238.06,0.3,0.442,93.3,1,45.02,312.3
6727,19.82,49.0,400.0,0.28,306.68,234.0,0.45,0.277,94.0,1,43.78,307.13
6728,20.55,53.4,1056.0,1.0,378.43,288.74,10.28,0.472,93.2,1,42.16,388.71
6729,18.29,46.8,1047.0,1.0,346.2,264.15,10.34,0.387,93.6,1,40.25,356.54
6730,18.99,44.3,979.0,1.0,304.2,232.1,10.5,0.198,94.3,1,38.19,314.7
6731,17.76,42.6,1048.0,1.0,255.29,194.79,10.94,0.279,94.0,1,36.11,266.23
6732,16.87,42.2,1053.0,1.0,202.8,154.74,10.8,-0.207,95.2,1,34.16,213.6
6733,15.57,38.3,996.0,1.0,255.29,194.79,10.2,-0.104,95.1,1,32.48,265.49
6734,15.83,39.4,1001.0,1.0,304.2,232.1,10.79,-0.13,95.1,1,31.17,314.99
6735,15.25,41.3,998.0,1.0,346.2,264.15,10.39,-0.462,95.2,1,30.32,356.6
6736,15.33,41.6,981.0,1.0,378.43,288.74,10.82,-0.708,94.9,0,30.0,389.25
6737,14.64,43.4,984.0,1.0,398.69,304.2,10.62,-0.822,94.6,0,30.22,409.31
6738,13.74,43.9,1040.0,1.0,405.6,309.47,10.68,-0.469,95.2,1,30.98,416.28
6739,13.64,48.3,413.0,0.28,306.68,234.0,0.36,-0.144,95.1,1,32.21,307.05
6740,13.75,51.6,400.0,0.2,291.1,222.11,0.71,-0.555,95.2,1,33.84,291.81
6741,15.65,54.1,400.0,0.22,266.31,203.19,0.57,-0.263,95.3,1,35.75,266.87
6742,15.15,55.4,400.0,0.05,234.0,178.54,0.62,-0.735,94.8,0,37.81,234.62
6743,17.0,58.6,400.0,0.05,196.38,149.83,0.55,-0.055,95.0,1,39.89,196.92
6744,17.3,60.2,427.0,0.17,156.0,119.03,0.06,-0.218,95.2,1,41.83,156.06
6745,17.98,64.9,400.0,0.13,196.38,149.83,0.47,0.051,94.8,1,43.52,196.85
6746,18.39,62.4,427.0,0.03,234.0,178.54,0.05,0.266,94.1,1,44.83,234.05
6747,19.49,59.6,406.0,0.22,266.31,203.19,0.17,0.021,94.8,1,45.68,266.48
6748,19.63,57.1,404.0,0.21,291.1,222.11,0.48,1.062,89.2,0,46.0,291.58
6749,19.75,56.9,431.0,0.03,306.68,234.0,0.41,0.362,93.7,1,45.77,307.09
6750,20.39,54.7,425.0,0.01,312.0,238.06,0.05,0.621,92.4,1,45.02,312.05
6751,19.87,54.1,400.0,0.11,306.68,234.0,0.14,0.781,91.3,0,43.79,306.82
6752,19.24,49.1,967.0,1.0,378.43,288.74,10.47,0.492,93.1,1,42.16,388.9
6753,19.46,50.3,993.0,1.0,346.2,264.15,10.97,0.108,94.6,1,40.25,357.17
6754,18.51,42.6,1011.0,1.0,304.2,232.1,10.49,0.271,94.1,1,38.19,314.69
6755,18.06,40.0,1041.0,1.0,255.29,194.79,10.77,-0.238,95.2,1,36.11,266.06
6756,16.82,41.3,1002.0,1.0,202.8,154.74,10.44,-0.066,95.0,1,34.16,213.24
6757,15.66,38.8,1051.0,1.0,255.29,194.79,10.19,0.206,94.3,1,32.48,265.48
6758,16.41,37.5,979.0,1.0,304.2,232.1,10.02,-0.532,95.2,1,31.17,314.22
6759,15.7,39.0,984.0,1.0,346.2,264.15,10.38,-0.518,95.2,1,30.32,356.58
6760,14.89,39.6,991.0,1.0,378.43,288.74,10.92,-0.062,95.0,1,30.0,389.35
6761,13.96,42.6,975.0,1.0,398.69,304.2,10.32,-0.518,95.2,1,30.23,409.01
6762,13.9,43.4,1035.0,1.0,405.6,309.47,10.37,-0.679,94.9,1,30.98,415.97
6763,14.84,45.9,400.0,0.11,306.68,234.0,0.69,-0.405,95.3,1,32.21,307.38
6764,14.27,49.5,400.0,0.05,291.1,222.11,0.74,-0.527,95.2,1,33.84,291.84
6765,14.61,54.2,434.0,0.09,266.31,203.19,0.61,-0.897,94.4,0,35.75,266.92
6766,16.49,57.5,400.0,0.12,234.0,178.54,0.34,-0.522,95.2,1,37.81,234.34
6767,16.25,57.0,432.0,0.16,196.38,149.83,0.95,0.282,94.0,1,39.89,197.32
6768,17.93,58.9,466.0,0.24,156.0,119.03,0.35,0.066,94.7,1,41.84,156.35
6769,17.13,59.2,402.0,0.03,196.38,149.83,0.29,0.422,93.4,1,43.52,196.67
6770,18.81,61.0,435.0,0.13,234.0,178.54,0.84,0.044,94.8,1,44.83,234.84
6771,20.21,60.6,473.0,0.26,266.31,203.19,0.94,0.343,93.8,1,45.68,267.24
6772,19.67,61.5,412.0,0.13,291.1,222.11,0.96,0.399,93.5,1,46.0,292.06
6773,19.82,53.6,400.0,0.16,306.68,234.0,0.53,0.374,93.6,1,45.77,307.22
6774,19.47,54.9,427.0,0.23,312.0,238.06,0.87,0.542,92.8,1,45.02,312.87
6775,20.49,53.7,436.0,0.21,306.68,234.0,0.18,0.26,94.1,1,43.79,306.87
6776,19.27,50.4,999.0,1.0,378.43,288.74,10.89,0.675,92.0,1,42.16,389.32
6777,19.13,46.0,985.0,1.0,346.2,264.15,10.76,0.447,93.3,1,40.25,356.96
6778,17.94,42.8,1052.0,1.0,304.2,232.1,10.4,0.215,94.3,1,38.19,314.6
6779,18.61,44.9,992.0,1.0,255.29,194.79,10.25,0.156,94.5,1,36.11,265.53
6780,17.63,40.1,1036.0,1.0,202.8,154.74,10.76,-0.06,95.0,1,34.16,213.56
6781,16.26,37.0,1008.0,1.0,255.29,194.79,10.43,-0.474,95.2,1,32.48,265.72
6782,14.98,41.7,1055.0,1.0,304.2,232.1,10.98,-0.448,95.3,1,31.17,315.18
6783,15.7,41.1,975.0,1.0,346.2,264.15,10.85,-0.39,95.3,1,30.32,357.06
6784,14.28,40.9,974.0,1.0,378.43,288.74,10.79,-0.504,95.2,1,30.0,389.22
6785,13.61,40.8,1026.0,1.0,398.69,304.2,10.33,-0.353,95.3,1,30.23,409.02
6786,13.18,44.4,966.0,1.0,405.6,309.47,10.71,-0.388,95.3,1,30.98,416.31
6787,13.84,49.4,403.0,0.08,306.68,234.0,0.76,-0.595,95.1,1,32.21,307.44
6788,13.74,46.3,446.0,0.19,291.1,222.11,0.41,-0.624,95.0,1,33.84,291.51
6789,14.63,49.0,400.0,0.06,266.31,203.19,0.09,-0.203,95.2,1,35.75,266.4
6790,15.93,53.3,412.0,0.0,234.0,178.54,0.74,-0.212,95.2,1,37.81,234.74
6791,16.1,56.7,436.0,0.21,196.38,149.83,0.29,-0.254,95.2,1,39.89,196.67
6792,17.24,57.4,400.0,0.04,156.0,119.03,0.13,-0.228,95.2,1,41.83,156.13
6793,17.48,60.8,400.0,0.21,196.38,149.83,0.04,-0.006,94.9,1,43.52,196.42
6794,18.6,62.2,400.0,0.21,234.0,178.54,0.33,0.328,93.8,1,44.83,234.33
6795,20.15,60.3,400.0,0.2,266.31,203.19,0.51,0.691,91.9,1,45.67,266.82
6796,19.49,60.0,402.0,0.18,291.1,222.11,0.04,0.391,93.6,1,46.0,291.14
6797,20.16,57.9,400.0,0.27,306.68,234.0,0.56,0.316,93.9,1,45.77,307.25
6798,19.28,55.4,400.0,0.02,312.0,238.06,0.9,0.931,90.2,0,45.02,312.9
6799,20.73,50.5,414.0,0.28,306.68,234.0,0.6,0.409,93.5,1,43.79,307.28
6800,19.43,48.4,1047.0,1.0,378.43,288.74,10.52,0.274,94.1,1,42.16,388.95
6801,19.72,45.2,1010.0,1.0,346.2,264.15,10.23,0.272,94.1,1,40.25,356.43
6802,18.51,45.1,1040.0,1.0,304.2,232.1,10.44,0.159,94.5,1,38.19,314.64
6803,18.15,43.7,1047.0,1.0,255.29,194.79,10.6,0.384,93.6,1,36.11,265.89
6804,17.41,38.7,982.0,1.0,202.8,154.74,10.87,-0.335,95.3,1,34.16,213.67
6805,16.07,40.6,1008.0,1.0,255.29,194.79,10.88,-0.011,94.9,1,32.47,266.17
6806,16.12,38.3,987.0,1.0,304.2,232.1,10.45,-0.252,95.2,1,31.16,314.65
6807,14.57,38.1,956.0,1.0,346.2,264.15,10.18,-0.465,95.2,1,30.32,356.38
6808,14.86,39.9,1011.0,1.0,378.43,288.74,10.71,-0.5,95.2,1,30.0,389.14
6809,13.98,40.4,968.0,1.0,398.69,304.2,10.95,-0.533,95.2,1,30.22,409.64
6810,14.25,45.8,1015.0,1.0,405.6,309.47,10.96,-0.482,95.2,1,30.97,416.56
6811,13.95,46.6,400.0,0.21,306.68,234.0,1.0,-0.573,95.1,1,32.21,307.68
6812,14.5,51.2,405.0,0.22,291.1,222.11,0.25,-0.446,95.3,1,33.83,291.35
6813,14.42,51.2,400.0,0.22,266.31,203.19,0.84,-0.509,95.2,1,35.74,267.15
6814,15.7,53.8,420.0,0.22,234.0,178.54,0.05,0.186,94.4,1,37.81,234.05
6815,16.32,60.5,400.0,0.24,196.38,149.83,0.02,0.072,94.7,1,39.88,196.39
6816,16.81,55.2,400.0,0.14,156.0,119.03,0.67,0.098,94.6,1,41.83,156.67
6817,17.83,62.1,434.0,0.1,196.38,149.83,0.12,0.041,94.8,1,43.52,196.5
6818,18.65,63.3,400.0,0.23,234.0,178.54,0.39,0.414,93.5,1,44.83,234.39
6819,18.89,61.3,403.0,0.2,266.31,203.19,0.01,0.413,93.5,1,45.67,266.32
6820,19.61,58.2,400.0,0.06,291.1,222.11,0.09,0.457,93.2,1,45.99,291.19
6821,19.48,60.3,415.0,0.13,306.68,234.0,0.21,0.376,93.6,1,45.77,306.89
6822,21.25,54.8,431.0,0.05,312.0,238.06,0.55,0.555,92.7,1,45.01,312.55
6823,20.51,51.6,425.0,0.23,306.68,234.0,0.33,0.82,91.1,0,43.78,307.02
6824,19.82,49.7,986.0,1.0,378.43,288.74,10.56,0.449,93.3,1,42.15,388.99
6825,19.79,46.7,1036.0,1.0,346.2,264.15,10.65,0.301,94.0,1,40.24,356.85
6826,17.59,43.5,973.0,1.0,304.2,232.1,10.0,0.27,94.1,1,38.18,314.2
6827,16.58,45.5,978.0,1.0,255.29,194.79,10.85,0.138,94.5,1,36.1,266.14
6828,16.89,40.0,996.0,1.0,202.8,154.74,10.06,-0.109,95.1,1,34.16,212.86
6829,15.62,40.4,1031.0,1.0,255.29,194.79,10.87,-0.278,95.3,1,32.47,266.16
6830,15.47,37.1,965.0,1.0,304.2,232.1,10.98,-0.091,95.1,1,31.16,315.18
6831,15.07,40.3,1027.0,1.0,346.2,264.15,10.9,-0.112,95.1,1,30.31,357.1
6832,14.95,38.8,998.0,1.0,378.43,288.74,10.54,0.02,94.8,1,29.99,388.97
6833,13.62,40.2,987.0,1.0,398.69,304.2,10.77,-0.391,95.3,1,30.21,409.46
6834,14.29,44.4,1033.0,1.0,405.6,309.47,10.17,-0.477,95.2,1,30.97,415.77
6835,14.2,49.1,400.0,0.13,306.68,234.0,0.94,-0.303,95.3,1,32.2,307.62
6836,14.67,50.4,469.0,0.03,291.1,222.11,0.02,-0.615,95.1,1,33.83,291.12
6837,14.71,53.1,400.0,0.25,266.31,203.19,0.55,-0.225,95.2,1,35.74,266.86
6838,16.28,54.3,404.0,0.11,234.0,178.54,0.46,-0.042,95.0,1,37.8,234.46
6839,16.26,56.1,446.0,0.05,196.38,149.83,0.8,0.075,94.7,1,39.87,197.17
6840,17.98,60.0,405.0,0.18,156.0,119.03,0.75,0.333,93.8,1,41.82,156.75
6841,17.48,58.4,436.0,0.26,196.38,149.83,0.33,0.01,94.9,1,43.51,196.71
6842,18.97,61.7,400.0,0.28,234.0,178.54,0.16,0.152,94.5,1,44.82,234.16
6843,19.19,62.2,400.0,0.27,266.31,203.19,0.79,0.311,93.9,1,45.66,267.1
6844,19.53,57.2,412.0,0.26,291.1,222.11,0.98,0.21,94.3,1,45.98,292.08
6845,20.31,56.0,432.0,0.1,306.68,234.0,0.1,0.591,92.5,1,45.76,306.78
6846,19.95,54.3,423.0,0.15,312.0,238.06,0.73,0.635,92.3,1,45.0,312.73
6847,18.67,50.1,420.0,0.11,306.68,234.0,0.52,0.595,92.5,1,43.77,307.2
6848,18.17,49.5,432.0,0.28,291.1,222.11,0.31,0.463,93.2,1,42.15,291.41
6849,19.86,50.5,414.0,0.03,266.31,203.19,0.01,0.555,92.7,1,40.24,266.32
6850,19.22,43.3,400.0,0.17,234.0,178.54,0.72,0.365,93.7,1,38.17,234.72
6851,18.82,45.9,443.0,0.07,196.38,149.83,0.13,0.009,94.9,1,36.09,196.51
6852,17.09,40.7,400.0,0.26,156.0,119.03,0.85,-0.59,95.1,1,34.15,156.85
6853,15.68,44.7,409.0,0.1,196.38,149.83,0.26,-0.196,95.2,1,32.46,196.64
6854,15.39,38.6,405.0,0.26,234.0,178.54,0.59,-0.242,95.2,1,31.15,234.59
6855,14.99,39.9,401.0,0.28,266.31,203.19,0.28,-0.344,95.3,1,30.3,266.59
6856,14.0,39.3,400.0,0.05,291.1,222.11,0.7,-0.469,95.2,1,29.98,291.8
6857,15.03,41.2,400.0,0.23,306.68,234.0,0.12,-0.59,95.1,1,30.21,306.8
6858,15.23,47.3,400.0,0.1,312.0,238.06,0.34,-0.669,95.0,1,30.96,312.34
6859,14.45,47.9,425.0,0.12,306.68,234.0,0.51,-0.69,94.9,1,32.19,307.19
6860,14.5,51.6,400.0,0.08,291.1,222.11,0.59,-0.346,95.3,1,33.82,291.69
6861,14.34,49.5,400.0,0.18,266.31,203.19,0.58,-0.136,95.1,1,35.73,266.89
6862,16.38,55.9,413.0,0.1,234.0,178.54,0.08,-0.5,95.2,1,37.79,234.08
6863,16.37,54.8,400.0,0.22,196.38,149.83,0.03,-0.142,95.1,1,39.86,196.41
6864,16.97,55.7,400.0,0.23,156.0,119.03,0.24,0.158,94.5,1,41.81,156.24
6865,18.13,60.0,402.0,0.12,196.38,149.83,0.04,0.092,94.7,1,43.5,196.41
6866,18.32,60.4,408.0,0.0,234.0,178.54,0.22,0.393,93.6,1,44.81,234.22
6867,19.31,59.9,400.0,0.02,266.31,203.19,0.06,0.569,92.7,1,45.65,266.37
6868,18.99,60.3,404.0,0.08,291.1,222.11,0.53,0.512,93.0,1,45.97,291.63
6869,20.56,59.1,412.0,0.29,306.68,234.0,0.1,0.384,93.6,1,45.75,306.79
6870,20.06,58.3,400.0,0.12,312.0,238.06,0.42,0.763,91.5,0,44.99,312.42
6871,20.59,50.7,406.0,0.22,306.68,234.0,0.77,0.429,93.4,1,43.76,307.45
6872,19.61,53.5,400.0,0.28,291.1,222.11,0.77,0.38,93.6,1,42.13,291.87
6873,19.17,51.6,404.0,0.1,266.31,203.19,0.56,0.457,93.2,1,40.22,266.87
6874,18.01,44.7,422.0,0.17,234.0,178.54,0.03,0.19,94.4,1,38.16,234.03
6875,18.28,39.9,400.0,0.26,196.38,149.83,0.54,0.085,94.7,1,36.08,196.91
6876,16.68,38.8,427.0,0.18,156.0,119.03,0.25,-0.075,95.0,1,34.13,156.25
6877,16.1,39.5,424.0,0.03,196.38,149.83,0.57,-0.166,95.2,1,32.45,196.94
6878,15.62,44.0,427.0,0.23,234.0,178.54,0.91,-0.211,95.2,1,31.14,234.91
6879,15.06,40.3,412.0,0.27,266.31,203.19,0.6,-0.748,94.8,0,30.29,266.91
6880,13.67,39.9,433.0,0.23,291.1,222.11,0.94,-0.453,95.2,1,29.97,292.04
6881,14.11,41.2,412.0,0.23,306.68,234.0,0.21,-0.836,94.5,0,30.19,306.89
6882,14.52,42.0,400.0,0.23,312.0,238.06,0.27,-0.581,95.1,1,30.95,312.27
6883,14.04,48.7,400.0,0.18,306.68,234.0,0.15,-0.415,95.3,1,32.18,306.83
6884,14.42,49.3,400.0,0.07,291.1,222.11,0.08,-0.499,95.2,1,33.8,291.18
6885,15.09,56.3,400.0,0.27,266.31,203.19,0.01,-0.213,95.2,1,35.71,266.32
6886,15.56,55.8,411.0,0.04,234.0,178.54,0.93,-0.18,95.2,1,37.78,234.93
6887,15.84,58.4,400.0,0.25,196.38,149.83,0.45,-0.561,95.1,1,39.85,196.83
6888,17.11,57.9,460.0,0.11,156.0,119.03,0.94,0.24,94.2,1,41.8,156.94
6889,18.4,57.3,400.0,0.2,196.38,149.83,0.86,0.179,94.4,1,43.48,197.24
6890,18.11,58.2,400.0,0.24,234.0,178.54,0.74,0.136,94.5,1,44.79,234.74
6891,19.07,57.0,400.0,0.24,266.31,203.19,0.92,0.26,94.1,1,45.64,267.23
6892,19.04,60.7,400.0,0.05,291.1,222.11,0.26,0.016,94.9,1,45.96,291.36
6893,20.5,56.6,400.0,0.18,306.68,234.0,0.86,0.527,92.9,1,45.73,307.54
6894,20.09,57.3,401.0,0.06,312.0,238.06,0.68,0.63,92.3,1,44.98,312.68
6895,19.61,53.3,400.0,0.03,306.68,234.0,0.6,0.347,93.8,1,43.75,307.28
6896,19.78,49.9,1050.0,1.0,378.43,288.74,10.62,0.252,94.1,1,42.12,389.05
6897,18.66,45.5,996.0,1.0,346.2,264.15,10.91,0.382,93.6,1,40.21,357.11
6898,18.12,46.0,997.0,1.0,304.2,232.1,10.93,0.489,93.1,1,38.14,315.13
6899,17.18,42.8,1024.0,1.0,255.29,194.79,10.18,0.348,93.8,1,36.07,265.47
6900,16.61,43.4,995.0,1.0,202.8,154.74,10.08,0.166,94.4,1,34.12,212.88
6901,17.04,39.0,1016.0,1.0,255.29,194.79,10.27,0.275,94.1,1,32.43,265.56
6902,15.27,41.2,962.0,1.0,304.2,232.1,10.81,-0.065,95.0,1,31.12,315.01
6903,15.25,43.5,962.0,1.0,346.2,264.15,10.1,-0.122,95.1,1,30.28,356.3
6904,14.13,41.7,1004.0,1.0,378.43,288.74,10.66,-0.416,95.3,1,29.95,389.09
6905,14.63,44.2,993.0,1.0,398.69,304.2,10.4,-0.552,95.2,1,30.18,409.09
6906,13.63,45.7,976.0,1.0,405.6,309.47,10.91,-0.273,95.3,1,30.93,416.51
6907,14.27,50.8,404.0,0.11,306.68,234.0,0.82,-0.679,94.9,1,32.16,307.5
6908,14.57,50.3,406.0,0.01,291.1,222.11,0.51,-0.348,95.3,1,33.79,291.61
6909,16.19,53.5,400.0,0.24,266.31,203.19,0.38,-0.475,95.2,1,35.7,266.69
6910,15.96,54.5,400.0,0.09,234.0,178.54,0.83,-0.182,95.2,1,37.76,234.83
6911,16.08,55.2,406.0,0.13,196.38,149.83,0.24,-0.076,95.0,1,39.83,196.62
6912,17.49,56.0,400.0,0.17,156.0,119.03,0.54,0.033,94.8,1,41.78,156.54
6913,19.0,62.1,400.0,0.0,196.38,149.83,0.93,0.126,94.6,1,43.47,197.31
6914,17.84,58.0,416.0,0.11,234.0,178.54,0.6,0.357,93.7,1,44.78,234.6
6915,18.85,61.3,400.0,0.22,266.31,203.19,0.93,0.492,93.1,1,45.62,267.24
6916,19.63,59.7,400.0,0.09,291.1,222.11,0.44,0.153,94.5,1,45.94,291.54
6917,19.84,59.2,400.0,0.17,306.68,234.0,0.63,0.474,93.2,1,45.72,307.31
6918,19.99,54.4,400.0,0.29,312.0,238.06,0.94,0.416,93.4,1,44.96,312.94
6919,19.4,51.5,400.0,0.04,306.68,234.0,0.74,0.522,92.9,1,43.73,307.42
6920,20.46,51.2,1061.0,1.0,378.43,288.74,10.91,0.35,93.7,1,42.1,389.34
6921,18.57,47.3,1017.0,1.0,346.2,264.15,10.83,0.609,92.4,1,40.19,357.03
6922,18.56,43.0,960.0,1.0,304.2,232.1,10.08,0.236,94.2,1,38.13,314.28
6923,18.46,47.1,1021.0,1.0,255.29,194.79,10.26,0.327,93.8,1,36.05,265.55
6924,17.15,40.0,977.0,1.0,202.8,154.74,10.74,-0.19,95.2,1,34.1,213.54
6925,15.9,38.5,1000.0,1.0,255.29,194.79,10.89,-0.186,95.2,1,32.41,266.18
6926,14.99,39.5,982.0,1.0,304.2,232.1,10.8,-0.373,95.3,1,31.1,315.0
6927,14.93,42.7,1061.0,1.0,346.2,264.15,10.31,-0.275,95.3,1,30.26,356.51
6928,14.19,36.8,966.0,1.0,378.43,288.74,10.62,-0.67,95.0,1,29.94,389.05
6929,14.37,44.9,1009.0,1.0,398.69,304.2,10.66,-0.825,94.6,0,30.16,409.35
6930,13.47,42.8,979.0,1.0,405.6,309.47,10.44,-0.625,95.0,1,30.91,416.04
6931,14.68,47.5,422.0,0.07,306.68,234.0,0.59,-0.371,95.3,1,32.14,307.27
6932,14.63,48.2,409.0,0.09,291.1,222.11,0.99,-0.595,95.1,1,33.77,292.09
6933,15.14,56.1,438.0,0.17,266.31,203.19,0.54,-0.3,95.3,1,35.68,266.85
6934,16.39,54.8,422.0,0.02,234.0,178.54,0.19,-0.379,95.3,1,37.74,234.19
6935,16.18,55.3,400.0,0.03,196.38,149.83,0.5,-0.48,95.2,1,39.82,196.88
6936,16.81,57.8,487.0,0.1,156.0,119.03,0.18,0.17,94.4,1,41.76,156.18
6937,17.67,59.7,417.0,0.21,196.38,149.83,0.69,0.259,94.1,1,43.45,197.06
6938,18.58,60.3,400.0,0.29,234.0,178.54,0.9,0.242,94.2,1,44.76,234.9
6939,19.25,60.6,406.0,0.0,266.31,203.19,0.68,0.362,93.7,1,45.6,266.98
6940,19.36,58.9,419.0,0.29,291.1,222.11,0.88,0.392,93.6,1,45.92,291.98
6941,19.06,54.6,418.0,0.21,306.68,234.0,0.73,0.276,94.0,1,45.7,307.41
6942,19.9,54.7,415.0,0.27,312.0,238.06,0.44,0.761,91.5,0,44.94,312.44
6943,20.26,54.3,429.0,0.16,306.68,234.0,0.54,0.463,93.2,1,43.71,307.22
6944,19.85,49.1,1026.0,1.0,378.43,288.74,10.53,0.505,93.0,1,42.08,388.96
6945,19.9,49.2,975.0,1.0,346.2,264.15,10.39,0.254,94.1,1,40.17,356.59
6946,19.66,45.5,1063.0,1.0,304.2,232.1,10.09,0.339,93.8,1,38.11,314.29
6947,18.34,42.8,1059.0,1.0,255.29,194.79,10.7,0.358,93.7,1,36.03,265.99
6948,17.87,44.0,1024.0,1.0,202.8,154.74,10.05,0.033,94.8,1,34.08,212.85
6949,16.79,37.0,1001.0,1.0,255.29,194.79,10.2,-0.057,95.0,1,32.39,265.49
6950,16.54,38.7,1002.0,1.0,304.2,232.1,10.45,-0.074,95.0,1,31.08,314.65
6951,15.99,42.7,990.0,1.0,346.2,264.15,10.99,-0.212,95.2,1,30.24,357.19
6952,15.06,44.8,994.0,1.0,378.43,288.74,10.31,-0.224,95.2,1,29.91,388.74
6953,14.64,47.2,934.0,1.0,398.69,304.2,10.79,-0.419,95.3,1,30.14,409.48
6954,14.09,44.7,1046.0,1.0,405.6,309.47,10.42,-0.436,95.3,1,30.89,416.02
6955,14.27,47.9,435.0,0.02,306.68,234.0,0.22,-0.435,95.3,1,32.12,306.91
6956,14.42,51.2,400.0,0.29,291.1,222.11,0.03,-0.26,95.3,1,33.75,291.13
6957,15.38,54.7,427.0,0.1,266.31,203.19,0.09,-0.44,95.3,1,35.66,266.4
6958,15.33,55.2,400.0,0.07,234.0,178.54,0.42,-0.144,95.1,1,37.72,234.42
6959,16.32,58.6,400.0,0.06,196.38,149.83,0.4,0.33,93.8,1,39.79,196.78
6960,16.02,59.3,415.0,0.02,156.0,119.03,0.63,0.072,94.7,1,41.74,156.63
6961,18.83,60.6,400.0,0.14,196.38,149.83,0.06,-0.11,95.1,1,43.43,196.44
6962,18.59,58.2,400.0,0.01,234.0,178.54,0.28,0.192,94.4,1,44.73,234.28
6963,19.55,59.1,402.0,0.05,266.31,203.19,0.02,0.478,93.1,1,45.58,266.33
6964,20.53,57.8,402.0,0.0,291.1,222.11,0.87,0.299,94.0,1,45.9,291.97
6965,20.25,55.0,400.0,0.05,306.68,234.0,0.4,0.287,94.0,1,45.67,307.08
6966,20.92,52.1,413.0,0.3,312.0,238.06,0.58,0.224,94.2,1,44.92,312.58
6967,19.48,52.2,432.0,0.16,306.68,234.0,0.71,0.441,93.3,1,43.69,307.39
6968,21.0,49.9,1012.0,1.0,378.43,288.74,10.27,0.755,91.5,0,42.06,388.7
6969,19.87,48.1,993.0,1.0,346.2,264.15,10.13,0.247,94.2,1,40.15,356.34
6970,18.81,46.5,1081.0,1.0,304.2,232.1,10.58,0.425,93.4,1,38.08,314.78
6971,18.69,43.6,972.0,1.0,255.29,194.79,10.9,0.074,94.7,1,36.01,266.19
6972,16.62,41.1,1023.0,1.0,202.8,154.74,10.89,-0.077,95.0,1,34.06,213.69
6973,16.29,38.6,1007.0,1.0,255.29,194.79,10.31,-0.026,94.9,1,32.37,265.6
6974,16.43,41.8,1060.0,1.0,304.2,232.1,10.27,-0.557,95.1,1,31.06,314.47
6975,14.15,40.0,1012.0,1.0,346.2,264.15,10.35,-0.02,94.9,1,30.21,356.55
6976,14.89,40.2,1018.0,1.0,378.43,288.74,10.25,-0.326,95.3,1,29.89,388.68
6977,14.58,42.2,1015.0,1.0,398.69,304.2,10.96,-0.273,95.3,1,30.11,409.65
6978,15.2,43.1,968.0,1.0,405.6,309.47,10.03,-0.552,95.2,1,30.87,415.63
6979,13.52,45.9,400.0,0.07,306.68,234.0,0.19,-0.384,95.3,1,32.1,306.88
6980,15.42,48.4,400.0,0.22,291.1,222.11,0.03,-0.246,95.2,1,33.72,291.13
6981,14.81,51.6,429.0,0.03,266.31,203.19,0.85,-0.372,95.3,1,35.63,267.16
6982,15.49,55.9,407.0,0.11,234.0,178.54,0.47,-0.425,95.3,1,37.69,234.47
6983,15.83,57.5,400.0,0.1,196.38,149.83,0.23,-0.318,95.3,1,39.77,196.6
6984,16.67,61.5,441.0,0.07,156.0,119.03,0.4,-0.085,95.1,1,41.71,156.4
6985,18.2,61.9,400.0,0.14,196.38,149.83,0.11,0.175,94.4,1,43.4,196.48
6986,18.16,63.9,400.0,0.03,234.0,178.54,0.11,0.217,94.3,1,44.71,234.11
6987,19.71,60.9,400.0,0.14,266.31,203.19,0.95,0.256,94.1,1,45.55,267.26
6988,19.49,60.0,436.0,0.01,291.1,222.11,0.7,0.569,92.7,1,45.87,291.8
6989,19.52,56.4,400.0,0.29,306.68,234.0,0.64,0.391,93.6,1,45.65,307.32
6990,19.96,57.1,429.0,0.18,312.0,238.06,0.47,0.38,93.6,1,44.89,312.47
6991,20.29,51.7,400.0,0.02,306.68,234.0,0.49,0.671,92.1,1,43.66,307.17
6992,19.69,47.5,1031.0,1.0,378.43,288.74,10.77,0.543,92.8,1,42.03,389.2
6993,19.37,50.9,996.0,1.0,346.2,264.15,10.05,0.109,94.6,1,40.12,356.25
6994,19.08,42.9,1012.0,1.0,304.2,232.1,10.67,-0.016,94.9,1,38.06,314.87
6995,18.55,44.1,1008.0,1.0,255.29,194.79,10.55,-0.092,95.1,1,35.98,265.84
6996,17.08,39.8,1010.0,1.0,202.8,154.74,10.31,-0.006,94.9,1,34.03,213.11
6997,15.93,42.7,1051.0,1.0,255.29,194.79,10.22,0.106,94.6,1,32.34,265.5
6998,15.77,42.5,951.0,1.0,304.2,232.1,10.86,0.039,94.8,1,31.03,315.06
6999,15.35,41.3,998.0,1.0,346.2,264.15,10.93,-0.203,95.2,1,30.19,357.13
7000,13.91,43.6,1006.0,1.0,378.43,288.74,10.1,-0.05,95.0,1,29.86,388.53
7001,13.89,42.6,1001.0,1.0,398.69,304.2,10.17,-0.443,95.3,1,30.09,408.86
7002,13.88,49.1,988.0,1.0,405.6,309.47,10.67,-0.278,95.3,1,30.84,416.27
7003,14.24,48.5,400.0,0.01,306.68,234.0,0.77,-0.597,95.1,1,32.07,307.46
7004,14.26,47.7,446.0,0.04,291.1,222.11,0.49,-0.744,94.8,0,33.69,291.59
7005,15.47,52.3,400.0,0.18,266.31,203.19,0.93,-0.415,95.3,1,35.6,267.24
7006,14.94,54.3,473.0,0.16,234.0,178.54,0.87,-0.275,95.3,1,37.67,234.87
7007,15.68,56.2,416.0,0.2,196.38,149.83,0.13,0.388,93.6,1,39.74,196.5
7008,17.08,55.1,400.0,0.17,156.0,119.03,0.14,-0.0,94.9,1,41.69,156.14
7009,17.93,60.3,417.0,0.15,196.38,149.83,0.09,-0.074,95.0,1,43.37,196.46
7010,18.02,57.2,403.0,0.14,234.0,178.54,0.88,0.443,93.3,1,44.68,234.88
7011,19.07,54.7,440.0,0.29,266.31,203.19,0.56,0.202,94.3,1,45.52,266.87
7012,19.65,58.2,400.0,0.26,291.1,222.11,0.94,0.462,93.2,1,45.84,292.04
7013,19.95,55.9,400.0,0.11,306.68,234.0,0.73,0.658,92.1,1,45.62,307.41
7014,20.33,53.7,411.0,0.2,312.0,238.06,0.73,0.314,93.9,1,44.86,312.73
7015,19.82,46.8,425.0,0.01,306.68,234.0,0.13,0.786,91.3,0,43.63,306.81
7016,20.59,48.8,409.0,0.01,291.1,222.11,0.11,0.658,92.1,1,42.0,291.21
7017,19.62,47.5,420.0,0.1,266.31,203.19,0.93,0.424,93.4,1,40.09,267.24
7018,18.35,44.1,416.0,0.23,234.0,178.54,0.48,0.6,92.5,1,38.03,234.48
7019,18.08,44.0,400.0,0.28,196.38,149.83,0.99,0.053,94.8,1,35.95,197.37
7020,17.32,44.4,408.0,0.2,156.0,119.03,0.32,0.159,94.5,1,34.0,156.32
7021,17.09,41.5,440.0,0.21,196.38,149.83,0.62,-0.074,95.0,1,32.31,197.0
7022,15.46,42.1,405.0,0.01,234.0,178.54,0.57,-0.378,95.3,1,31.0,234.57
7023,15.52,42.4,400.0,0.28,266.31,203.19,0.07,-0.475,95.2,1,30.16,266.38
7024,14.69,39.1,400.0,0.03,291.1,222.11,0.52,-0.027,94.9,1,29.83,291.62
7025,15.11,43.5,417.0,0.28,306.68,234.0,0.92,-0.271,95.3,1,30.06,307.61
7026,14.91,46.6,454.0,0.04,312.0,238.06,0.45,-0.322,95.3,1,30.81,312.45
7027,14.47,46.1,400.0,0.01,306.68,234.0,0.47,-0.608,95.1,1,32.04,307.16
7028,14.54,47.9,411.0,0.17,291.1,222.11,0.7,-0.291,95.3,1,33.66,291.8
7029,15.4,53.2,400.0,0.03,266.31,203.19,0.78,-0.427,95.3,1,35.57,267.09
7030,15.68,51.6,415.0,0.01,234.0,178.54,0.83,0.09,94.7,1,37.63,234.83
7031,17.33,54.6,418.0,0.2,196.38,149.83,0.45,0.113,94.6,1,39.71,196.83
7032,17.31,57.1,400.0,0.22,156.0,119.03,0.44,0.184,94.4,1,41.66,156.44
7033,17.85,60.4,419.0,0.09,196.38,149.83,0.47,0.293,94.0,1,43.34,196.85
7034,18.54,60.4,434.0,0.16,234.0,178.54,0.97,0.232,94.2,1,44.65,234.97
7035,18.79,61.8,400.0,0.18,266.31,203.19,0.93,0.451,93.3,1,45.49,267.24
7036,20.15,57.0,400.0,0.05,291.1,222.11,0.62,0.741,91.6,0,45.81,291.72
7037,19.77,55.4,443.0,0.13,306.68,234.0,0.28,0.576,92.6,1,45.59,306.97
7038,20.83,56.5,425.0,0.19,312.0,238.06,0.9,0.332,93.8,1,44.83,312.9
7039,19.53,51.4,417.0,0.27,306.68,234.0,0.17,0.734,91.6,0,43.6,306.86
7040,19.94,49.3,400.0,0.13,291.1,222.11,0.11,0.297,94.0,1,41.97,291.21
7041,19.98,44.2,430.0,0.21,266.31,203.19,0.41,0.348,93.8,1,40.06,266.72
7042,17.71,46.0,461.0,0.15,234.0,178.54,0.69,0.155,94.5,1,38.0,234.69
7043,19.07,46.4,400.0,0.21,196.38,149.83,0.05,-0.392,95.3,1,35.92,196.43
7044,17.07,39.5,403.0,0.24,156.0,119.03,0.31,0.035,94.8,1,33.97,156.31
7045,16.58,42.5,400.0,0.16,196.38,149.83,0.78,0.305,93.9,1,32.28,197.16
7046,16.07,39.9,400.0,0.02,234.0,178.54,0.66,-0.186,95.2,1,30.97,234.66
7047,15.53,36.7,400.0,0.26,266.31,203.19,0.08,0.239,94.2,1,30.12,266.39
7048,14.83,39.3,404.0,0.18,291.1,222.11,0.2,-0.464,95.2,1,29.8,291.3
7049,14.89,40.7,400.0,0.18,306.68,234.0,0.73,-0.439,95.3,1,30.02,307.41
7050,14.55,44.0,411.0,0.15,312.0,238.06,0.12,-0.521,95.2,1,30.77,312.12
7051,15.28,47.8,400.0,0.05,306.68,234.0,0.01,-0.471,95.2,1,32.01,306.69
7052,14.96,53.2,400.0,0.15,291.1,222.11,0.99,-0.359,95.3,1,33.63,292.09
7053,16.16,49.3,400.0,0.16,266.31,203.19,0.61,-0.051,95.0,1,35.54,266.92
7054,16.25,53.6,406.0,0.12,234.0,178.54,0.43,-0.418,95.3,1,37.6,234.43
7055,15.62,54.9,400.0,0.04,196.38,149.83,0.6,-0.128,95.1,1,39.68,196.97
7056,18.61,55.9,405.0,0.23,156.0,119.03,0.67,0.123,94.6,1,41.62,156.67
7057,17.79,59.7,400.0,0.14,196.38,149.83,0.5,0.385,93.6,1,43.31,196.87
7058,19.55,60.0,405.0,0.21,234.0,178.54,0.66,-0.182,95.2,1,44.62,234.66
7059,19.44,56.1,400.0,0.01,266.31,203.19,0.71,0.074,94.7,1,45.46,267.02
7060,20.43,58.9,420.0,0.15,291.1,222.11,0.18,0.441,93.3,1,45.78,291.28
7061,19.86,55.0,400.0,0.02,306.68,234.0,0.42,0.707,91.8,0,45.55,307.11
7062,20.62,55.4,407.0,0.22,312.0,238.06,0.3,0.404,93.5,1,44.8,312.3
7063,20.08,55.6,400.0,0.17,306.68,234.0,0.8,0.617,92.4,1,43.56,307.48
7064,20.7,51.4,963.0,1.0,378.43,288.74,10.77,0.829,91.0,0,41.94,389.2
7065,19.65,48.2,988.0,1.0,346.2,264.15,10.81,0.356,93.7,1,40.03,357.01
7066,19.28,44.4,1041.0,1.0,304.2,232.1,10.44,0.204,94.3,1,37.96,314.64
7067,17.01,43.4,1016.0,1.0,255.29,194.79,10.58,0.224,94.2,1,35.88,265.86
7068,17.27,42.7,1004.0,1.0,202.8,154.74,10.71,0.036,94.8,1,33.93,213.51
7069,16.75,41.4,972.0,1.0,255.29,194.79,10.32,-0.078,95.0,1,32.25,265.61
7070,15.93,39.8,967.0,1.0,304.2,232.1,10.98,-0.286,95.3,1,30.93,315.18
7071,15.68,40.7,1008.0,1.0,346.2,264.15,10.38,-0.405,95.3,1,30.09,356.58
7072,14.54,38.5,1021.0,1.0,378.43,288.74,10.54,-0.634,95.0,1,29.76,388.97
7073,14.45,41.1,1006.0,1.0,398.69,304.2,10.83,-0.36,95.3,1,29.99,409.52
7074,14.91,46.0,1051.0,1.0,405.6,309.47,10.75,-0.708,94.9,0,30.74,416.35
7075,13.29,48.6,400.0,0.26,306.68,234.0,0.5,-0.646,95.0,1,31.97,307.19
7076,15.02,49.7,405.0,0.01,291.1,222.11,0.41,-0.673,95.0,1,33.59,291.51
7077,15.04,55.1,400.0,0.15,266.31,203.19,0.64,-0.419,95.3,1,35.5,266.95
7078,15.37,55.6,406.0,0.27,234.0,178.54,0.44,-0.245,95.2,1,37.56,234.44
7079,16.72,56.3,444.0,0.23,196.38,149.83,0.59,-0.349,95.3,1,39.64,196.97
7080,17.94,56.0,400.0,0.03,156.0,119.03,0.8,-0.053,95.0,1,41.59,156.8
7081,18.63,62.4,425.0,0.22,196.38,149.83,0.12,0.162,94.5,1,43.27,196.5
7082,18.77,61.5,443.0,0.11,234.0,178.54,0.7,-0.064,95.0,1,44.58,234.7
7083,19.89,63.4,400.0,0.27,266.31,203.19,0.05,0.202,94.3,1,45.42,266.36
7084,20.37,63.2,414.0,0.17,291.1,222.11,0.73,0.794,91.2,0,45.74,291.83
7085,20.19,54.8,447.0,0.16,306.68,234.0,0.21,0.341,93.8,1,45.52,306.89
7086,19.99,52.8,407.0,0.0,312.0,238.06,0.49,0.642,92.2,1,44.76,312.49
7087,19.92,47.3,424.0,0.07,306.68,234.0,0.27,0.381,93.6,1,43.53,306.95
7088,20.36,52.3,947.0,1.0,378.43,288.74,10.32,0.473,93.2,1,41.9,388.75
7089,19.44,49.2,1018.0,1.0,346.2,264.15,10.63,0.194,94.3,1,39.99,356.83
7090,18.32,45.6,1016.0,1.0,304.2,232.1,10.43,-0.13,95.1,1,37.92,314.63
7091,17.28,40.8,960.0,1.0,255.29,194.79,10.49,0.041,94.8,1,35.84,265.78
7092,17.76,41.4,971.0,1.0,202.8,154.74,11.0,0.088,94.7,1,33.89,213.8
7093,16.3,40.8,1018.0,1.0,255.29,194.79,10.12,0.006,94.9,1,32.21,265.41
7094,16.01,41.6,991.0,1.0,304.2,232.1,10.38,-0.221,95.2,1,30.89,314.58
7095,15.85,40.8,1033.0,1.0,346.2,264.15,10.53,-0.509,95.2,1,30.05,356.73
7096,14.1,42.4,1009.0,1.0,378.43,288.74,10.81,-0.249,95.2,1,29.73,389.24
7097,14.43,42.4,1002.0,1.0,398.69,304.2,10.28,-0.627,95.0,1,29.95,408.97
7098,14.27,47.0,995.0,1.0,405.6,309.47,10.39,-0.632,95.0,1,30.7,415.99
7099,14.65,48.2,409.0,0.21,306.68,234.0,0.82,-0.679,94.9,1,31.93,307.51
7100,15.38,47.2,424.0,0.27,291.1,222.11,0.53,-0.518,95.2,1,33.55,291.63
7101,14.57,54.9,416.0,0.24,266.31,203.19,0.86,-0.413,95.3,1,35.46,267.16
7102,16.14,57.0,400.0,0.21,234.0,178.54,0.06,-0.191,95.2,1,37.52,234.06
7103,17.1,57.7,437.0,0.19,196.38,149.83,0.29,-0.4,95.3,1,39.6,196.66
7104,17.27,59.0,420.0,0.23,156.0,119.03,0.56,-0.092,95.1,1,41.55,156.56
7105,18.07,62.8,412.0,0.23,196.38,149.83,0.12,-0.031,95.0,1,43.23,196.5
7106,19.07,56.7,403.0,0.0,234.0,178.54,0.48,0.336,93.8,1,44.54,234.48
7107,19.66,62.3,415.0,0.11,266.31,203.19,0.02,0.414,93.5,1,45.38,266.33
7108,20.26,57.9,400.0,0.26,291.1,222.11,0.5,0.227,94.2,1,45.7,291.6
7109,20.55,59.6,407.0,0.26,306.68,234.0,0.92,0.581,92.6,1,45.48,307.6
7110,19.88,55.6,449.0,0.21,312.0,238.06,0.95,0.49,93.1,1,44.72,312.95
7111,20.76,50.6,407.0,0.09,306.68,234.0,0.32,0.642,92.2,1,43.49,307.0
7112,20.55,49.5,1003.0,1.0,378.43,288.74,10.0,0.304,93.9,1,41.86,388.43
7113,19.59,49.9,982.0,1.0,346.2,264.15,10.91,0.472,93.2,1,39.95,357.11
7114,18.13,45.0,1015.0,1.0,304.2,232.1,10.57,0.423,93.4,1,37.88,314.77
7115,18.1,42.0,994.0,1.0,255.29,194.79,10.58,0.143,94.5,1,35.8,265.87
7116,17.48,40.3,1039.0,1.0,202.8,154.74,10.82,0.42,93.4,1,33.85,213.62
7117,16.03,41.8,974.0,1.0,255.29,194.79,10.39,-0.031,95.0,1,32.17,265.68
7118,15.7,43.5,986.0,1.0,304.2,232.1,10.42,0.103,94.6,1,30.85,314.62
7119,14.56,35.9,982.0,1.0,346.2,264.15,10.85,0.151,94.5,1,30.01,357.05
7120,15.09,46.7,1055.0,1.0,378.43,288.74,10.49,-0.768,94.7,0,29.68,388.92
7121,14.57,43.0,994.0,1.0,398.69,304.2,10.74,-0.253,95.2,1,29.91,409.43
7122,13.56,45.8,984.0,1.0,405.6,309.47,10.91,-0.397,95.3,1,30.66,416.51
7123,14.67,46.1,400.0,0.28,306.68,234.0,0.39,-0.434,95.3,1,31.89,307.08
7124,14.76,49.5,400.0,0.27,291.1,222.11,0.89,-0.565,95.1,1,33.51,291.99
7125,15.53,52.5,416.0,0.04,266.31,203.19,0.33,-0.532,95.2,1,35.42,266.64
7126,15.7,52.5,416.0,0.17,234.0,178.54,0.93,-0.461,95.2,1,37.48,234.93
7127,16.22,55.1,400.0,0.24,196.38,149.83,0.31,0.315,93.9,1,39.56,196.68
7128,17.01,60.8,400.0,0.07,156.0,119.03,0.23,0.097,94.6,1,41.5,156.23
7129,17.9,56.4,456.0,0.19,196.38,149.83,0.72,-0.142,95.1,1,43.19,197.1
7130,18.91,60.9,481.0,0.13,234.0,178.54,0.92,0.039,94.8,1,44.5,234.92
7131,19.59,59.0,434.0,0.2,266.31,203.19,0.77,-0.051,95.0,1,45.34,267.08
7132,19.9,57.0,447.0,0.01,291.1,222.11,0.74,0.671,92.0,1,45.66,291.84
7133,20.09,61.3,453.0,0.09,306.68,234.0,0.97,0.492,93.1,1,45.43,307.66
7134,20.23,53.5,466.0,0.09,312.0,238.06,0.56,0.602,92.5,1,44.68,312.56
7135,21.56,50.8,400.0,0.13,306.68,234.0,0.89,0.483,93.1,1,43.44,307.57
7136,19.62,50.1,974.0,1.0,378.43,288.74,10.04,0.623,92.3,1,41.81,388.47
7137,19.25,46.3,1055.0,1.0,346.2,264.15,10.13,0.274,94.1,1,39.9,356.33
7138,20.56,45.4,971.0,1.0,304.2,232.1,10.27,0.309,93.9,1,37.84,314.47
7139,18.4,43.6,969.0,1.0,255.29,194.79,10.95,0.184,94.4,1,35.76,266.23
7140,16.72,42.1,970.0,1.0,202.8,154.74,10.2,-0.232,95.2,1,33.81,213.0
7141,17.06,40.2,996.0,1.0,255.29,194.79,10.38,-0.274,95.3,1,32.12,265.67
7142,15.46,38.6,940.0,1.0,304.2,232.1,10.04,-0.311,95.3,1,30.81,314.24
7143,15.75,41.5,957.0,1.0,346.2,264.15,10.08,-0.289,95.3,1,29.96,356.28
7144,14.71,40.9,981.0,1.0,378.43,288.74,10.58,-0.155,95.2,1,29.64,389.01
7145,14.3,41.6,964.0,1.0,398.69,304.2,10.1,-0.46,95.2,1,29.86,408.79
7146,15.23,47.6,1032.0,1.0,405.6,309.47,10.9,-0.518,95.2,1,30.61,416.5
7147,14.81,46.7,400.0,0.26,306.68,234.0,0.89,-0.421,95.3,1,31.84,307.57
7148,15.31,51.7,417.0,0.2,291.1,222.11,0.62,-0.464,95.2,1,33.47,291.72
7149,15.52,54.6,414.0,0.19,266.31,203.19,0.4,-0.358,95.3,1,35.38,266.7
7150,15.7,57.2,400.0,0.03,234.0,178.54,0.89,0.053,94.8,1,37.44,234.89
7151,16.96,58.1,430.0,0.08,196.38,149.83,0.49,-0.174,95.2,1,39.51,196.86
7152,18.03,58.4,414.0,0.08,156.0,119.03,0.19,0.052,94.8,1,41.46,156.19
7153,18.27,59.4,400.0,0.13,196.38,149.83,0.35,0.0,94.9,1,43.14,196.72
7154,19.83,59.5,400.0,0.28,234.0,178.54,0.36,0.502,93.0,1,44.45,234.36
7155,19.98,55.4,416.0,0.12,266.31,203.19,0.58,0.171,94.4,1,45.29,266.89
7156,20.14,60.3,400.0,0.1,291.1,222.11,0.4,0.419,93.4,1,45.61,291.5
7157,20.46,57.9,411.0,0.02,306.68,234.0,0.82,0.679,92.0,1,45.39,307.5
7158,20.51,57.1,402.0,0.12,312.0,238.06,0.63,0.327,93.8,1,44.63,312.63
7159,19.71,52.8,400.0,0.02,306.68,234.0,0.25,0.657,92.1,1,43.4,306.94
7160,19.99,51.8,1008.0,1.0,378.43,288.74,10.4,0.023,94.8,1,41.77,388.83
7161,19.67,45.1,1006.0,1.0,346.2,264.15,10.72,0.135,94.5,1,39.86,356.92
7162,18.74,43.1,1006.0,1.0,304.2,232.1,10.24,0.231,94.2,1,37.79,314.44
7163,18.39,38.3,1004.0,1.0,255.29,194.79,10.09,0.611,92.4,1,35.71,265.38
7164,17.46,41.3,980.0,1.0,202.8,154.74,10.71,0.029,94.8,1,33.76,213.51
7165,17.06,38.9,1018.0,1.0,255.29,194.79,10.41,-0.096,95.1,1,32.07,265.7
7166,16.28,38.2,979.0,1.0,304.2,232.1,10.12,-0.02,94.9,1,30.76,314.32
7167,15.41,40.9,968.0,1.0,346.2,264.15,10.48,-0.571,95.1,1,29.92,356.68
7168,14.17,40.3,1020.0,1.0,378.43,288.74,10.56,-1.04,93.8,0,29.59,388.99
7169,15.45,39.7,1028.0,1.0,398.69,304.2,10.03,-0.136,95.1,1,29.81,408.72
7170,14.38,49.7,1018.0,1.0,405.6,309.47,10.79,-0.379,95.3,1,30.57,416.39
7171,14.52,46.9,400.0,0.06,306.68,234.0,0.49,-0.572,95.1,1,31.8,307.18
7172,14.69,47.4,400.0,0.01,291.1,222.11,0.03,-0.422,95.3,1,33.42,291.13
7173,15.09,50.8,444.0,0.18,266.31,203.19,0.86,-0.143,95.1,1,35.33,267.17
7174,16.73,54.2,400.0,0.05,234.0,178.54,0.59,-0.276,95.3,1,37.39,234.59
7175,17.38,56.4,418.0,0.0,196.38,149.83,0.96,-0.1,95.1,1,39.46,197.34
7176,17.69,61.0,463.0,0.28,156.0,119.03,0.28,0.407,93.5,1,41.41,156.28
7177,18.19,59.4,404.0,0.24,196.38,149.83,0.41,-0.119,95.1,1,43.09,196.79
7178,19.28,63.7,409.0,0.03,234.0,178.54,0.66,0.353,93.7,1,44.4,234.66
7179,19.63,58.9,411.0,0.27,266.31,203.19,0.91,0.109,94.6,1,45.24,267.22
7180,19.97,59.7,406.0,0.02,291.1,222.11,0.79,0.746,91.6,0,45.56,291.89
7181,20.54,59.4,471.0,0.24,306.68,234.0,0.64,0.542,92.8,1,45.34,307.33
7182,20.25,57.8,400.0,0.12,312.0,238.06,0.8,0.363,93.7,1,44.58,312.8
7183,20.5,55.7,400.0,0.16,306.68,234.0,0.09,0.183,94.4,1,43.35,306.78
7184,20.18,49.9,400.0,0.2,291.1,222.11,0.72,0.363,93.7,1,41.72,291.82
7185,19.9,47.9,452.0,0.03,266.31,203.19,0.58,0.391,93.6,1,39.81,266.89
7186,18.67,40.5,400.0,0.27,234.0,178.54,0.27,0.482,93.1,1,37.74,234.27
7187,18.61,42.9,413.0,0.04,196.38,149.83,0.24,-0.089,95.1,1,35.66,196.61
7188,17.03,43.8,432.0,0.28,156.0,119.03,0.29,-0.165,95.2,1,33.71,156.29
7189,16.42,42.3,423.0,0.03,196.38,149.83,0.12,-0.229,95.2,1,32.02,196.5
7190,15.72,39.8,431.0,0.05,234.0,178.54,0.27,-0.405,95.3,1,30.71,234.27
7191,14.83,43.6,443.0,0.02,266.31,203.19,0.07,-0.456,95.2,1,29.87,266.38
7192,15.4,40.3,409.0,0.12,291.1,222.11,0.67,-0.622,95.1,1,29.54,291.77
7193,14.11,41.2,400.0,0.18,306.68,234.0,0.51,-0.4,95.3,1,29.76,307.2
7194,14.14,43.7,404.0,0.19,312.0,238.06,0.13,-0.597,95.1,1,30.51,312.13
7195,15.22,44.7,400.0,0.25,306.68,234.0,0.7,-0.481,95.2,1,31.74,307.38
7196,14.61,50.8,476.0,0.16,291.1,222.11,0.18,-0.372,95.3,1,33.37,291.28
7197,15.28,52.7,400.0,0.15,266.31,203.19,0.49,-0.629,95.0,1,35.28,266.8
7198,15.49,55.8,414.0,0.1,234.0,178.54,0.92,-0.131,95.1,1,37.34,234.92
7199,17.14,55.9,400.0,0.2,196.38,149.83,0.76,-0.088,95.1,1,39.41,197.14
7200,17.93,58.3,404.0,0.27,156.0,119.03,0.58,0.042,94.8,1,41.36,156.58
7201,18.65,55.2,400.0,0.11,196.38,149.83,0.58,0.103,94.6,1,43.04,196.96
7202,19.27,60.7,420.0,0.11,234.0,178.54,0.06,0.196,94.3,1,44.35,234.06
7203,19.66,60.0,421.0,0.1,266.31,203.19,0.43,0.364,93.7,1,45.19,266.74
7204,19.84,56.7,443.0,0.07,291.1,222.11,0.31,0.452,93.3,1,45.51,291.41
7205,20.0,57.2,440.0,0.17,306.68,234.0,0.47,0.247,94.2,1,45.29,307.16
7206,21.16,54.9,400.0,0.03,312.0,238.06,0.95,0.815,91.1,0,44.53,312.95
7207,20.79,56.6,400.0,0.25,306.68,234.0,0.79,0.344,93.8,1,43.3,307.47
7208,19.77,48.3,400.0,0.04,291.1,222.11,0.61,0.446,93.3,1,41.67,291.71
7209,19.66,48.5,409.0,0.05,266.31,203.19,0.7,0.587,92.6,1,39.75,267.01
7210,18.87,43.2,405.0,0.02,234.0,178.54,0.73,0.182,94.4,1,37.69,234.73
7211,17.73,42.2,408.0,0.11,196.38,149.83,0.46,0.177,94.4,1,35.61,196.83
7212,17.61,42.1,400.0,0.23,156.0,119.03,0.87,-0.438,95.3,1,33.66,156.87
7213,16.54,40.1,443.0,0.27,196.38,149.83,0.62,-0.526,95.2,1,31.97,196.99
7214,15.55,40.0,400.0,0.13,234.0,178.54,0.74,-0.255,95.3,1,30.66,234.74
7215,14.66,40.9,400.0,0.07,266.31,203.19,0.01,-0.316,95.3,1,29.81,266.32
7216,14.15,40.1,400.0,0.22,291.1,222.11,0.54,-0.212,95.2,1,29.49,291.64
7217,14.45,44.4,400.0,0.21,306.68,234.0,0.36,-0.323,95.3,1,29.71,307.05
7218,14.49,44.0,437.0,0.2,312.0,238.06,0.06,-0.818,94.6,0,30.46,312.06
7219,14.2,46.8,400.0,0.13,306.68,234.0,0.65,-0.229,95.2,1,31.69,307.33
7220,15.26,50.3,403.0,0.17,291.1,222.11,0.93,-0.671,95.0,1,33.32,292.03
7221,15.38,52.6,420.0,0.02,266.31,203.19,0.73,-0.181,95.2,1,35.22,267.04
7222,16.33,55.9,400.0,0.08,234.0,178.54,0.08,-0.34,95.3,1,37.28,234.08
7223,16.67,57.4,411.0,0.28,196.38,149.83,0.06,0.414,93.5,1,39.36,196.43
7224,17.15,59.4,408.0,0.01,156.0,119.03,0.35,-0.118,95.1,1,41.3,156.35
7225,18.38,58.9,400.0,0.09,196.38,149.83,0.24,0.115,94.6,1,42.99,196.61
7226,18.41,57.9,400.0,0.07,234.0,178.54,0.03,0.282,94.0,1,44.3,234.03
7227,19.94,56.9,411.0,0.04,266.31,203.19,0.04,0.305,93.9,1,45.14,266.35
7228,19.68,55.5,438.0,0.28,291.1,222.11,0.35,0.234,94.2,1,45.46,291.45
7229,20.91,60.9,438.0,0.04,306.68,234.0,0.13,0.924,90.3,0,45.23,306.82
7230,20.38,51.0,463.0,0.15,312.0,238.06,0.19,0.378,93.6,1,44.48,312.19
7231,20.98,55.4,415.0,0.25,306.68,234.0,0.87,0.354,93.7,1,43.24,307.55
7232,19.59,48.8,988.0,1.0,378.43,288.74,10.99,0.411,93.5,1,41.61,389.42
7233,19.34,50.2,998.0,1.0,346.2,264.15,10.8,0.392,93.6,1,39.7,357.01
7234,19.25,41.0,997.0,1.0,304.2,232.1,10.23,0.113,94.6,1,37.63,314.43
7235,18.92,42.8,988.0,1.0,255.29,194.79,10.18,0.32,93.9,1,35.56,265.46
7236,18.39,44.5,1011.0,1.0,202.8,154.74,10.58,0.031,94.8,1,33.61,213.38
7237,16.81,41.9,1013.0,1.0,255.29,194.79,10.78,-0.125,95.1,1,31.92,266.07
7238,16.98,39.3,965.0,1.0,304.2,232.1,10.66,-0.138,95.1,1,30.6,314.86
7239,15.3,36.3,1033.0,1.0,346.2,264.15,10.8,-0.523,95.2,1,29.76,357.01
7240,15.52,38.5,945.0,1.0,378.43,288.74,10.49,-0.55,95.2,1,29.43,388.92
7241,14.2,45.4,993.0,1.0,398.69,304.2,10.99,-0.487,95.2,1,29.65,409.68
7242,14.78,43.9,1034.0,1.0,405.6,309.47,10.79,-0.314,95.3,1,30.41,416.39
7243,13.5,46.8,418.0,0.0,306.68,234.0,0.05,-0.532,95.2,1,31.64,306.74
7244,14.41,50.1,400.0,0.0,291.1,222.11,0.36,-0.496,95.2,1,33.26,291.46
7245,15.69,49.5,459.0,0.12,266.31,203.19,0.56,-0.775,94.7,0,35.17,266.87
7246,15.42,55.4,400.0,0.15,234.0,178.54,0.22,-0.389,95.3,1,37.23,234.22
7247,17.02,55.9,400.0,0.05,196.38,149.83,0.4,-0.46,95.2,1,39.3,196.78
7248,18.03,59.0,414.0,0.1,156.0,119.03,0.63,-0.28,95.3,1,41.25,156.63
7249,18.11,58.4,400.0,0.04,196.38,149.83,0.55,0.203,94.3,1,42.93,196.93
7250,18.6,56.8,400.0,0.2,234.0,178.54,0.86,0.914,90.4,0,44.24,234.86
7251,19.47,58.9,419.0,0.12,266.31,203.19,0.26,0.392,93.6,1,45.08,266.57
7252,19.7,60.2,400.0,0.22,291.1,222.11,0.92,0.5,93.0,1,45.4,292.02
7253,20.44,58.2,417.0,0.17,306.68,234.0,0.32,0.331,93.8,1,45.17,307.01
7254,20.64,55.5,400.0,0.11,312.0,238.06,0.92,0.29,94.0,1,44.42,312.92
7255,20.34,54.8,426.0,0.19,306.68,234.0,0.25,0.894,90.5,0,43.18,306.93
7256,21.03,50.1,949.0,1.0,378.43,288.74,10.51,0.272,94.1,1,41.55,388.94
7257,19.36,48.0,1040.0,1.0,346.2,264.15,10.93,-0.046,95.0,1,39.64,357.13
7258,19.79,44.5,986.0,1.0,304.2,232.1,10.28,0.299,94.0,1,37.58,314.48
7259,17.85,45.2,1046.0,1.0,255.29,194.79,10.85,0.043,94.8,1,35.5,266.14
7260,17.64,42.2,975.0,1.0,202.8,154.74,10.5,0.119,94.6,1,33.55,213.3
7261,17.42,39.4,1058.0,1.0,255.29,194.79,10.42,0.184,94.4,1,31.86,265.71
7262,16.67,37.0,971.0,1.0,304.2,232.1,10.66,-0.176,95.2,1,30.55,314.86
7263,15.27,42.4,946.0,1.0,346.2,264.15,10.2,-0.308,95.3,1,29.7,356.4
7264,15.29,39.6,1001.0,1.0,378.43,288.74,10.66,-0.301,95.3,1,29.37,389.09
7265,14.92,42.7,1037.0,1.0,398.69,304.2,10.18,0.058,94.8,1,29.6,408.87
7266,14.34,49.3,1024.0,1.0,405.6,309.47,10.71,-0.044,95.0,1,30.35,416.31
7267,15.02,48.6,435.0,0.06,306.68,234.0,0.61,-0.546,95.2,1,31.58,307.3
7268,15.95,52.8,424.0,0.18,291.1,222.11,0.14,-0.243,95.2,1,33.2,291.24
7269,15.73,51.1,400.0,0.18,266.31,203.19,0.1,0.004,94.9,1,35.11,266.41
7270,16.4,56.7,423.0,0.25,234.0,178.54,0.61,-0.111,95.1,1,37.17,234.61
7271,17.18,56.8,403.0,0.16,196.38,149.83,0.12,-0.143,95.1,1,39.24,196.5
7272,16.89,59.1,400.0,0.22,156.0,119.03,0.63,-0.1,95.1,1,41.19,156.63
7273,18.63,63.6,405.0,0.27,196.38,149.83,1.0,0.149,94.5,1,42.87,197.37
7274,18.62,59.4,400.0,0.04,234.0,178.54,0.12,0.022,94.8,1,44.18,234.12
7275,19.45,59.8,442.0,0.22,266.31,203.19,0.47,0.533,92.9,1,45.02,266.78
7276,21.31,57.1,400.0,0.1,291.1,222.11,0.92,0.711,91.8,0,45.34,292.02
7277,20.4,59.2,400.0,0.08,306.68,234.0,0.94,0.404,93.5,1,45.11,307.62
7278,20.26,54.3,400.0,0.29,312.0,238.06,0.03,0.41,93.5,1,44.36,312.03
7279,21.11,55.1,457.0,0.06,306.68,234.0,0.81,0.272,94.1,1,43.12,307.49
7280,19.76,47.2,981.0,1.0,378.43,288.74,10.24,0.526,92.9,1,41.49,388.67
7281,19.53,49.0,1039.0,1.0,346.2,264.15,10.75,0.351,93.7,1,39.58,356.95
7282,19.76,44.1,969.0,1.0,304.2,232.1,10.36,-0.039,95.0,1,37.52,314.56
7283,18.44,44.7,1015.0,1.0,255.29,194.79,10.22,0.712,91.8,0,35.44,265.51
7284,16.86,41.6,1008.0,1.0,202.8,154.74,10.47,-0.356,95.3,1,33.49,213.27
7285,17.14,39.4,1037.0,1.0,255.29,194.79,10.18,-0.417,95.3,1,31.8,265.46
7286,15.95,39.2,1033.0,1.0,304.2,232.1,10.42,-0.062,95.0,1,30.48,314.62
7287,16.3,38.5,1002.0,1.0,346.2,264.15,10.39,-0.222,95.2,1,29.64,356.6
7288,14.75,42.8,984.0,1.0,378.43,288.74,10.96,-0.576,95.1,1,29.31,389.39
7289,15.28,40.5,1049.0,1.0,398.69,304.2,10.54,-0.639,95.0,1,29.53,409.23
7290,15.54,44.1,981.0,1.0,405.6,309.47,10.7,-0.408,95.3,1,30.29,416.3
7291,14.33,47.6,400.0,0.11,306.68,234.0,0.17,-0.407,95.3,1,31.51,306.86
7292,14.96,52.8,400.0,0.25,291.1,222.11,1.0,-0.574,95.1,1,33.14,292.1
7293,15.73,52.1,400.0,0.08,266.31,203.19,0.5,-0.155,95.2,1,35.05,266.81
7294,15.73,54.1,418.0,0.01,234.0,178.54,0.08,-0.136,95.1,1,37.11,234.08
7295,17.02,57.3,466.0,0.18,196.38,149.83,0.61,0.138,94.5,1,39.18,196.99
7296,17.55,54.3,400.0,0.14,156.0,119.03,0.32,-0.01,94.9,1,41.13,156.32
7297,18.32,57.1,400.0,0.24,196.38,149.83,0.29,0.291,94.0,1,42.81,196.67
7298,19.19,59.2,403.0,0.0,234.0,178.54,0.32,0.204,94.3,1,44.12,234.32
7299,19.83,58.3,446.0,0.02,266.31,203.19,0.45,0.462,93.2,1,44.96,266.76
7300,20.35,55.7,400.0,0.26,291.1,222.11,0.29,0.505,93.0,1,45.28,291.39
7301,20.27,59.1,418.0,0.14,306.68,234.0,0.78,0.653,92.2,1,45.05,307.46
7302,20.4,55.9,400.0,0.15,312.0,238.06,0.18,0.604,92.5,1,44.29,312.18
7303,20.51,53.3,478.0,0.07,306.68,234.0,0.14,0.105,94.6,1,43.06,306.83
7304,20.25,49.1,1004.0,1.0,378.43,288.74,10.1,0.308,93.9,1,41.43,388.53
7305,19.58,48.0,1011.0,1.0,346.2,264.15,10.41,0.37,93.7,1,39.52,356.61
7306,19.34,46.4,1003.0,1.0,304.2,232.1,10.11,0.343,93.8,1,37.45,314.31
7307,17.55,42.7,988.0,1.0,255.29,194.79,10.03,0.294,94.0,1,35.37,265.31
7308,17.32,42.5,1028.0,1.0,202.8,154.74,10.29,0.11,94.6,1,33.42,213.09
7309,16.77,38.9,965.0,1.0,255.29,194.79,10.98,-0.27,95.3,1,31.73,266.27
7310,15.76,40.2,940.0,1.0,304.2,232.1,10.01,-0.066,95.0,1,30.42,314.21
7311,16.38,42.5,995.0,1.0,346.2,264.15,10.06,-0.515,95.2,1,29.57,356.27
7312,15.1,43.6,1024.0,1.0,378.43,288.74,10.58,-0.18,95.2,1,29.25,389.01
7313,14.88,45.3,983.0,1.0,398.69,304.2,10.5,-0.217,95.2,1,29.47,409.19
7314,14.45,45.2,1006.0,1.0,405.6,309.47,10.1,-0.502,95.2,1,30.22,415.7
7315,14.79,47.0,400.0,0.2,306.68,234.0,0.89,-0.613,95.1,1,31.45,307.58
7316,14.49,48.6,432.0,0.16,291.1,222.11,0.67,-0.572,95.1,1,33.07,291.77
7317,15.49,48.5,420.0,0.24,266.31,203.19,0.49,-0.572,95.1,1,34.98,266.8
7318,15.73,51.9,401.0,0.14,234.0,178.54,0.54,-0.435,95.3,1,37.04,234.54
7319,16.79,56.4,405.0,0.26,196.38,149.83,0.8,-0.166,95.2,1,39.12,197.17
7320,16.43,58.2,400.0,0.07,156.0,119.03,0.1,-0.112,95.1,1,41.06,156.1
7321,17.92,62.4,400.0,0.29,196.38,149.83,0.93,-0.193,95.2,1,42.74,197.31
7322,19.94,62.6,400.0,0.06,234.0,178.54,0.11,0.153,94.5,1,44.05,234.11
7323,20.25,58.4,415.0,0.05,266.31,203.19,0.46,0.372,93.6,1,44.89,266.77
7324,20.97,60.5,417.0,0.18,291.1,222.11,0.25,0.365,93.7,1,45.21,291.35
7325,21.31,56.4,400.0,0.03,306.68,234.0,0.67,0.304,93.9,1,44.98,307.35
7326,21.05,56.8,422.0,0.05,312.0,238.06,0.84,0.022,94.8,1,44.23,312.84
7327,20.39,54.7,443.0,0.22,306.68,234.0,0.62,0.712,91.8,0,42.99,307.3
7328,19.8,53.0,997.0,1.0,378.43,288.74,10.22,0.425,93.4,1,41.36,388.65
7329,20.42,46.9,1009.0,1.0,346.2,264.15,10.78,0.418,93.4,1,39.45,356.98
7330,19.26,47.4,994.0,1.0,304.2,232.1,10.94,0.286,94.0,1,37.39,315.14
7331,19.75,39.5,996.0,1.0,255.29,194.79,10.16,0.229,94.2,1,35.31,265.45
7332,17.55,44.2,1005.0,1.0,202.8,154.74,10.25,0.048,94.8,1,33.36,213.05
7333,17.94,40.4,1051.0,1.0,255.29,194.79,10.53,-0.11,95.1,1,31.67,265.82
7334,16.15,40.0,1027.0,1.0,304.2,232.1,10.74,-0.097,95.1,1,30.35,314.94
7335,16.28,36.2,1025.0,1.0,346.2,264.15,10.13,-0.158,95.2,1,29.51,356.33
7336,15.99,40.3,986.0,1.0,378.43,288.74,10.05,-0.156,95.2,1,29.18,388.48
7337,14.33,45.3,973.0,1.0,398.69,304.2,10.57,-0.649,95.0,1,29.4,409.26
7338,14.5,43.7,1012.0,1.0,405.6,309.47,10.8,-0.45,95.2,1,30.15,416.4
7339,14.33,48.4,437.0,0.14,306.68,234.0,0.3,-0.804,94.6,0,31.38,306.98
7340,14.53,49.6,452.0,0.11,291.1,222.11,0.58,-0.529,95.2,1,33.01,291.68
7341,15.96,54.3,400.0,0.06,266.31,203.19,0.8,-0.393,95.3,1,34.91,267.11
7342,16.15,55.0,473.0,0.27,234.0,178.54,0.03,-0.102,95.1,1,36.97,234.03
7343,17.0,54.9,413.0,0.07,196.38,149.83,0.34,-0.153,95.2,1,39.05,196.71
7344,18.03,58.5,427.0,0.28,156.0,119.03,0.3,0.135,94.5,1,40.99,156.3
7345,17.6,62.7,400.0,0.07,196.38,149.83,0.72,0.06,94.7,1,42.68,197.1
7346,19.9,61.0,400.0,0.29,234.0,178.54,0.67,0.134,94.5,1,43.98,234.67
7347,19.7,59.5,425.0,0.13,266.31,203.19,0.83,0.193,94.4,1,44.82,267.14
7348,20.62,63.4,400.0,0.16,291.1,222.11,0.55,0.571,92.6,1,45.14,291.65
7349,20.97,59.7,400.0,0.09,306.68,234.0,0.23,0.407,93.5,1,44.92,306.91
7350,21.45,57.0,410.0,0.28,312.0,238.06,0.43,0.015,94.9,1,44.16,312.43
7351,20.61,53.7,400.0,0.08,306.68,234.0,0.4,0.61,92.4,1,42.93,307.08
7352,19.3,51.9,443.0,0.22,291.1,222.11,0.67,0.247,94.2,1,41.3,291.77
7353,19.92,49.4,400.0,0.01,266.31,203.19,0.95,0.392,93.6,1,39.38,267.26
7354,19.37,41.0,400.0,0.17,234.0,178.54,0.46,0.024,94.8,1,37.32,234.46
7355,18.03,44.1,421.0,0.22,196.38,149.83,0.64,0.132,94.5,1,35.24,197.01
7356,17.85,41.3,431.0,0.14,156.0,119.03,0.18,-0.574,95.1,1,33.29,156.18
7357,16.82,39.5,400.0,0.19,196.38,149.83,0.57,-0.136,95.1,1,31.6,196.95
7358,15.61,39.6,428.0,0.23,234.0,178.54,0.73,-0.425,95.3,1,30.28,234.73
7359,15.99,37.1,400.0,0.15,266.31,203.19,0.76,-0.607,95.1,1,29.44,267.07
7360,14.9,37.5,400.0,0.07,291.1,222.11,0.97,-0.28,95.3,1,29.11,292.07
7361,14.68,45.1,420.0,0.12,306.68,234.0,0.99,-0.507,95.2,1,29.33,307.67
7362,14.55,45.5,425.0,0.22,312.0,238.06,0.52,-0.549,95.2,1,30.08,312.52
7363,15.51,42.1,410.0,0.08,306.68,234.0,0.86,-0.628,95.0,1,31.31,307.55
7364,15.17,48.4,400.0,0.19,291.1,222.11,0.74,-0.254,95.2,1,32.94,291.84
7365,15.71,53.9,400.0,0.04,266.31,203.19,0.52,-0.441,95.3,1,34.84,266.83
7366,16.07,54.0,400.0,0.28,234.0,178.54,0.03,0.048,94.8,1,36.9,234.03
7367,17.25,59.2,429.0,0.18,196.38,149.83,0.98,0.117,94.6,1,38.98,197.35
7368,18.47,60.5,413.0,0.14,156.0,119.03,0.97,0.285,94.0,1,40.92,156.97
7369,18.9,56.8,407.0,0.24,196.38,149.83,0.52,0.323,93.9,1,42.61,196.89
7370,19.64,59.7,400.0,0.24,234.0,178.54,0.34,0.129,94.6,1,43.91,234.34
7371,20.23,58.9,409.0,0.03,266.31,203.19,0.11,0.364,93.7,1,44.75,266.42
7372,19.71,56.1,400.0,0.09,291.1,222.11,0.06,0.392,93.6,1,45.07,291.16
7373,20.27,54.5,423.0,0.14,306.68,234.0,0.8,0.651,92.2,1,44.85,307.49
7374,20.71,53.8,425.0,0.1,312.0,238.06,0.41,0.498,93.0,1,44.09,312.41
7375,20.35,51.8,400.0,0.1,306.68,234.0,0.56,0.434,93.4,1,42.85,307.25
7376,19.88,51.0,413.0,0.11,291.1,222.11,0.3,0.765,91.4,0,41.22,291.4
7377,19.0,50.0,400.0,0.04,266.31,203.19,0.61,0.288,94.0,1,39.31,266.92
7378,18.64,46.4,405.0,0.04,234.0,178.54,0.76,0.125,94.6,1,37.24,234.76
7379,18.47,44.8,400.0,0.08,196.38,149.83,0.89,0.049,94.8,1,35.17,197.27
7380,17.79,41.1,438.0,0.02,156.0,119.03,0.5,0.214,94.3,1,33.21,156.5
7381,16.65,41.7,400.0,0.15,196.38,149.83,0.3,-0.092,95.1,1,31.53,196.68
7382,16.36,39.7,426.0,0.05,234.0,178.54,0.08,-0.158,95.2,1,30.21,234.08
7383,15.49,39.3,400.0,0.02,266.31,203.19,0.85,-0.306,95.3,1,29.36,267.16
7384,15.78,44.9,400.0,0.25,291.1,222.11,0.85,-0.872,94.4,0,29.04,291.95
7385,14.85,37.9,400.0,0.18,306.68,234.0,0.35,-0.697,94.9,1,29.26,307.04
7386,15.18,40.9,406.0,0.27,312.0,238.06,0.21,-0.556,95.1,1,30.01,312.21
7387,15.04,47.7,405.0,0.3,306.68,234.0,0.67,-0.42,95.3,1,31.24,307.36
7388,14.54,49.0,405.0,0.18,291.1,222.11,0.76,-0.63,95.0,1,32.86,291.86
7389,15.67,49.3,400.0,0.24,266.31,203.19,0.72,-0.557,95.1,1,34.77,267.03
7390,15.72,52.5,400.0,0.05,234.0,178.54,0.07,-0.312,95.3,1,36.83,234.07
7391,17.01,54.9,400.0,0.21,196.38,149.83,0.98,0.136,94.5,1,38.9,197.36
7392,17.47,60.2,400.0,0.16,156.0,119.03,0.54,-0.431,95.3,1,40.85,156.54
7393,18.81,62.0,400.0,0.2,196.38,149.83,0.61,-0.401,95.3,1,42.53,196.98
7394,18.68,63.3,400.0,0.03,234.0,178.54,0.05,0.597,92.5,1,43.84,234.05
7395,19.98,56.6,432.0,0.28,266.31,203.19,0.01,0.047,94.8,1,44.68,266.32
7396,20.74,56.2,400.0,0.13,291.1,222.11,0.13,0.352,93.7,1,45.0,291.23
7397,21.21,54.5,409.0,0.23,306.68,234.0,0.39,0.183,94.4,1,44.77,307.08
7398,20.47,58.0,464.0,0.3,312.0,238.06,0.94,0.439,93.3,1,44.02,312.94
7399,20.76,53.9,400.0,0.26,306.68,234.0,0.73,0.456,93.3,1,42.78,307.41
7400,20.55,50.6,1000.0,1.0,378.43,288.74,11.0,0.755,91.5,0,41.15,389.43
7401,20.76,48.3,1013.0,1.0,346.2,264.15,10.68,0.498,93.0,1,39.24,356.88
7402,18.62,45.3,1015.0,1.0,304.2,232.1,10.1,-0.007,94.9,1,37.17,314.3
7403,18.19,41.0,988.0,1.0,255.29,194.79,10.69,-0.252,95.2,1,35.09,265.98
7404,19.27,42.6,970.0,1.0,202.8,154.74,10.64,0.1,94.6,1,33.14,213.44
7405,16.96,40.1,1020.0,1.0,255.29,194.79,10.89,-0.233,95.2,1,31.45,266.17
7406,15.43,37.6,943.0,1.0,304.2,232.1,10.54,-0.395,95.3,1,30.14,314.74
7407,15.46,41.4,1025.0,1.0,346.2,264.15,10.25,-0.117,95.1,1,29.29,356.45
7408,13.89,40.3,988.0,1.0,378.43,288.74,10.73,-0.784,94.7,0,28.97,389.16
7409,15.1,43.1,1000.0,1.0,398.69,304.2,10.75,-0.556,95.1,1,29.19,409.44
7410,15.29,44.3,984.0,1.0,405.6,309.47,10.51,-0.374,95.3,1,29.94,416.11
7411,14.53,48.7,443.0,0.27,306.68,234.0,0.09,-0.719,94.9,0,31.16,306.78
7412,15.05,50.0,407.0,0.22,291.1,222.11,0.41,-0.173,95.2,1,32.79,291.51
7413,16.23,50.4,400.0,0.12,266.31,203.19,0.84,-0.556,95.1,1,34.69,267.15
7414,15.51,55.2,400.0,0.19,234.0,178.54,0.3,-0.264,95.3,1,36.75,234.3
7415,16.45,57.4,400.0,0.26,196.38,149.83,0.73,-0.268,95.3,1,38.83,197.11
7416,17.78,59.4,472.0,0.1,156.0,119.03,0.25,-0.548,95.2,1,40.77,156.25
7417,18.29,61.6,400.0,0.0,196.38,149.83,0.33,0.045,94.8,1,42.46,196.7
7418,19.25,58.8,432.0,0.19,234.0,178.54,0.34,0.408,93.5,1,43.76,234.34
7419,19.39,61.1,417.0,0.01,266.31,203.19,0.14,0.147,94.5,1,44.6,266.44
7420,20.61,55.4,446.0,0.28,291.1,222.11,0.35,0.307,93.9,1,44.92,291.45
7421,20.73,57.2,419.0,0.05,306.68,234.0,0.72,0.38,93.6,1,44.7,307.41
7422,21.18,54.9,400.0,0.11,312.0,238.06,0.4,0.607,92.4,1,43.94,312.4
7423,20.9,55.9,431.0,0.28,306.68,234.0,0.3,0.411,93.5,1,42.7,306.98
7424,20.61,50.2,1007.0,1.0,378.43,288.74,10.7,0.438,93.3,1,41.07,389.13
7425,19.31,49.1,1023.0,1.0,346.2,264.15,10.52,0.361,93.7,1,39.16,356.72
7426,19.66,41.9,1043.0,1.0,304.2,232.1,10.44,0.145,94.5,1,37.09,314.64
7427,18.53,42.6,1003.0,1.0,255.29,194.79,10.8,0.467,93.2,1,35.01,266.08
7428,17.83,39.9,987.0,1.0,202.8,154.74,10.38,-0.205,95.2,1,33.06,213.18
7429,17.67,45.4,981.0,1.0,255.29,194.79,10.54,0.011,94.9,1,31.37,265.83
7430,16.06,38.7,1014.0,1.0,304.2,232.1,10.03,0.005,94.9,1,30.06,314.23
7431,16.48,40.4,974.0,1.0,346.2,264.15,10.34,-0.381,95.3,1,29.21,356.54
7432,16.05,41.4,990.0,1.0,378.43,288.74,10.24,-0.421,95.3,1,28.89,388.67
7433,15.41,39.4,971.0,1.0,398.69,304.2,10.89,-0.377,95.3,1,29.11,409.58
7434,14.44,43.5,1015.0,1.0,405.6,309.47,10.02,-0.574,95.1,1,29.86,415.62
7435,13.94,47.8,400.0,0.05,306.68,234.0,0.7,-0.862,94.5,0,31.09,307.38
7436,15.88,49.7,400.0,0.16,291.1,222.11,0.76,-0.483,95.2,1,32.71,291.86
7437,15.87,47.5,400.0,0.07,266.31,203.19,0.33,-0.024,94.9,1,34.62,266.64
7438,16.07,53.5,400.0,0.17,234.0,178.54,0.26,-0.136,95.1,1,36.68,234.26
7439,17.75,58.8,400.0,0.06,196.38,149.83,0.16,-0.114,95.1,1,38.75,196.54
7440,17.51,59.6,408.0,0.06,156.0,119.03,0.28,0.151,94.5,1,40.69,156.28
7441,18.51,62.0,400.0,0.01,196.38,149.83,0.91,0.101,94.6,1,42.38,197.29
7442,19.71,58.0,411.0,0.3,234.0,178.54,0.04,0.256,94.1,1,43.68,234.04
7443,19.51,62.3,414.0,0.03,266.31,203.19,0.46,0.267,94.1,1,44.53,266.77
7444,20.49,58.8,422.0,0.12,291.1,222.11,0.26,0.529,92.9,1,44.84,291.36
7445,21.4,60.6,400.0,0.13,306.68,234.0,0.7,0.376,93.6,1,44.62,307.38
7446,21.06,55.4,400.0,0.09,312.0,238.06,0.33,0.437,93.3,1,43.86,312.33
7447,21.48,48.9,417.0,0.24,306.68,234.0,0.35,0.659,92.1,1,42.62,307.03
7448,21.12,52.2,1006.0,1.0,378.43,288.74,10.06,0.394,93.5,1,40.99,388.49
7449,20.09,47.0,1029.0,1.0,346.2,264.15,10.91,0.467,93.2,1,39.08,357.11
7450,18.29,44.7,954.0,1.0,304.2,232.1,10.52,0.38,93.6,1,37.01,314.72
7451,18.19,40.4,986.0,1.0,255.29,194.79,10.07,0.114,94.6,1,34.93,265.36
7452,18.35,44.8,991.0,1.0,202.8,154.74,10.75,-0.07,95.0,1,32.98,213.55
7453,16.42,39.4,1005.0,1.0,255.29,194.79,10.78,-0.393,95.3,1,31.29,266.07
7454,16.31,43.2,1001.0,1.0,304.2,232.1,10.46,-0.469,95.2,1,29.98,314.66
7455,16.02,39.4,1014.0,1.0,346.2,264.15,10.98,-0.232,95.2,1,29.13,357.18
7456,16.11,39.3,997.0,1.0,378.43,288.74,10.23,-0.315,95.3,1,28.81,388.66
7457,14.79,45.2,1041.0,1.0,398.69,304.2,10.84,-0.681,94.9,1,29.03,409.53
7458,14.66,44.5,1051.0,1.0,405.6,309.47,10.85,-0.421,95.3,1,29.78,416.45
7459,15.06,46.8,400.0,0.13,306.68,234.0,0.52,-0.44,95.3,1,31.01,307.21
7460,15.56,47.0,401.0,0.09,291.1,222.11,0.54,-0.246,95.2,1,32.63,291.64
7461,15.79,51.2,424.0,0.26,266.31,203.19,0.11,0.08,94.7,1,34.54,266.42
7462,17.01,55.4,418.0,0.27,234.0,178.54,0.13,-0.135,95.1,1,36.6,234.13
7463,16.82,54.1,400.0,0.03,196.38,149.83,0.42,-0.268,95.3,1,38.67,196.8
7464,18.05,57.3,408.0,0.17,156.0,119.03,0.92,0.149,94.5,1,40.61,156.92
7465,18.99,58.7,400.0,0.04,196.38,149.83,0.21,-0.079,95.0,1,42.3,196.59
7466,19.3,60.1,400.0,0.08,234.0,178.54,0.48,0.694,91.9,1,43.6,234.48
7467,20.54,62.7,400.0,0.11,266.31,203.19,0.06,0.108,94.6,1,44.44,266.37
7468,20.67,58.3,415.0,0.09,291.1,222.11,0.3,0.521,92.9,1,44.76,291.4
7469,21.3,56.0,400.0,0.21,306.68,234.0,0.37,0.483,93.1,1,44.53,307.06
7470,21.1,60.9,405.0,0.02,312.0,238.06,0.96,0.417,93.4,1,43.78,312.96
7471,21.09,52.2,410.0,0.18,306.68,234.0,0.19,0.388,93.6,1,42.54,306.88
7472,20.29,50.1,1002.0,1.0,378.43,288.74,10.1,0.705,91.8,0,40.91,388.53
7473,19.82,47.2,981.0,1.0,346.2,264.15,10.05,0.467,93.2,1,39.0,356.26
7474,20.13,44.9,994.0,1.0,304.2,232.1,10.52,0.22,94.3,1,36.93,314.72
7475,19.11,43.4,1035.0,1.0,255.29,194.79,10.52,0.476,93.2,1,34.85,265.81
7476,17.51,43.4,987.0,1.0,202.8,154.74,10.2,-0.024,94.9,1,32.9,213.0
7477,17.34,41.3,1001.0,1.0,255.29,194.79,10.25,0.018,94.9,1,31.21,265.54
7478,15.34,42.2,983.0,1.0,304.2,232.1,10.32,-0.518,95.2,1,29.9,314.52
7479,15.62,42.3,1031.0,1.0,346.2,264.15,10.01,-0.611,95.1,1,29.05,356.21
7480,15.91,41.5,1002.0,1.0,378.43,288.74,10.82,-0.291,95.3,1,28.72,389.25
7481,15.07,43.4,977.0,1.0,398.69,304.2,10.77,-0.421,95.3,1,28.94,409.46
7482,15.09,46.8,1000.0,1.0,405.6,309.47,10.32,-0.071,95.0,1,29.69,415.92
7483,13.63,44.7,400.0,0.29,306.68,234.0,0.57,-0.624,95.0,1,30.92,307.26
7484,15.24,54.5,442.0,0.24,291.1,222.11,0.33,-0.298,95.3,1,32.55,291.43
7485,16.09,51.1,400.0,0.07,266.31,203.19,0.03,-0.403,95.3,1,34.45,266.34
7486,16.77,53.9,400.0,0.26,234.0,178.54,0.59,-0.08,95.0,1,36.51,234.59
7487,17.75,54.3,415.0,0.08,196.38,149.83,0.72,0.024,94.8,1,38.58,197.1
7488,17.94,56.1,454.0,0.25,156.0,119.03,0.33,-0.006,94.9,1,40.53,156.33
7489,18.74,61.5,436.0,0.19,196.38,149.83,0.24,-0.019,94.9,1,42.21,196.62
7490,18.88,64.5,400.0,0.14,234.0,178.54,0.26,0.182,94.4,1,43.52,234.26
7491,20.07,58.6,400.0,0.28,266.31,203.19,0.35,0.131,94.6,1,44.36,266.66
7492,20.02,59.6,400.0,0.24,291.1,222.11,0.47,0.506,93.0,1,44.68,291.57
7493,20.03,57.8,400.0,0.04,306.68,234.0,0.75,-0.079,95.0,1,44.45,307.44
7494,20.52,57.4,411.0,0.21,312.0,238.06,0.2,0.384,93.6,1,43.69,312.2
7495,21.71,57.5,400.0,0.24,306.68,234.0,0.71,0.664,92.1,1,42.46,307.39
7496,20.53,53.5,973.0,1.0,378.43,288.74,10.96,0.609,92.4,1,40.83,389.39
7497,20.3,47.4,1029.0,1.0,346.2,264.15,10.18,0.031,94.8,1,38.91,356.38
7498,19.31,46.5,966.0,1.0,304.2,232.1,10.51,0.367,93.7,1,36.85,314.71
7499,17.95,44.5,976.0,1.0,255.29,194.79,10.36,-0.099,95.1,1,34.77,265.65
7500,18.54,41.5,966.0,1.0,202.8,154.74,10.6,-0.076,95.0,1,32.82,213.4
7501,16.21,38.3,1018.0,1.0,255.29,194.79,10.88,0.024,94.8,1,31.13,266.17
7502,16.3,38.4,1003.0,1.0,304.2,232.1,10.89,-0.445,95.3,1,29.81,315.09
7503,15.93,42.5,1027.0,1.0,346.2,264.15,10.44,-0.068,95.0,1,28.96,356.64
7504,15.6,43.6,976.0,1.0,378.43,288.74,10.76,-0.382,95.3,1,28.64,389.19
7505,14.82,42.2,962.0,1.0,398.69,304.2,10.51,-0.39,95.3,1,28.86,409.2
7506,14.17,45.1,987.0,1.0,405.6,309.47,10.77,-0.285,95.3,1,29.61,416.37
7507,14.79,49.4,400.0,0.27,306.68,234.0,0.88,-0.305,95.3,1,30.84,307.57
7508,15.12,46.1,406.0,0.04,291.1,222.11,0.71,-0.272,95.3,1,32.46,291.81
7509,15.58,51.2,400.0,0.07,266.31,203.19,0.06,-0.485,95.2,1,34.37,266.37
7510,17.08,58.6,414.0,0.16,234.0,178.54,0.25,-0.472,95.2,1,36.43,234.25
7511,16.71,57.3,400.0,0.27,196.38,149.83,0.79,-0.186,95.2,1,38.5,197.16
7512,18.25,56.2,400.0,0.01,156.0,119.03,0.02,0.095,94.7,1,40.44,156.02
7513,18.96,59.8,435.0,0.06,196.38,149.83,0.52,-0.128,95.1,1,42.13,196.89
7514,20.08,62.0,400.0,0.22,234.0,178.54,0.61,0.367,93.7,1,43.43,234.61
7515,20.16,54.7,410.0,0.16,266.31,203.19,0.82,0.428,93.4,1,44.27,267.13
7516,21.1,59.2,410.0,0.18,291.1,222.11,0.81,0.397,93.5,1,44.59,291.91
7517,20.92,56.7,400.0,0.01,306.68,234.0,0.07,0.495,93.1,1,44.36,306.76
7518,21.33,52.1,400.0,0.26,312.0,238.06,0.68,0.513,93.0,1,43.61,312.68
7519,20.26,53.2,437.0,0.17,306.68,234.0,0.79,0.571,92.6,1,42.37,307.47
7520,19.4,50.2,459.0,0.25,291.1,222.11,0.11,0.582,92.6,1,40.74,291.21
7521,20.43,47.8,432.0,0.29,266.31,203.19,0.49,0.928,90.3,0,38.83,266.79
7522,19.84,44.7,457.0,0.22,234.0,178.54,0.65,0.284,94.0,1,36.76,234.65
7523,19.14,41.2,400.0,0.01,196.38,149.83,0.34,0.001,94.9,1,34.68,196.72
7524,17.86,38.7,400.0,0.21,156.0,119.03,0.37,-0.381,95.3,1,32.73,156.37
7525,18.1,39.1,400.0,0.17,196.38,149.83,0.1,-0.411,95.3,1,31.04,196.48
7526,16.4,41.7,424.0,0.03,234.0,178.54,0.77,-0.401,95.3,1,29.72,234.77
7527,16.22,40.7,400.0,0.08,266.31,203.19,0.24,-0.216,95.2,1,28.88,266.55
7528,15.83,41.0,400.0,0.05,291.1,222.11,0.43,-0.512,95.2,1,28.55,291.53
7529,16.1,40.5,400.0,0.28,306.68,234.0,0.52,-0.402,95.3,1,28.77,307.2
7530,14.98,43.8,411.0,0.24,312.0,238.06,0.09,-0.646,95.0,1,29.52,312.09
7531,14.92,48.4,407.0,0.21,306.68,234.0,0.43,-0.392,95.3,1,30.75,307.12
7532,14.8,50.5,400.0,0.23,291.1,222.11,0.15,-0.259,95.3,1,32.37,291.25
7533,16.8,51.2,405.0,0.18,266.31,203.19,0.23,-0.434,95.3,1,34.28,266.54
7534,16.86,49.4,400.0,0.26,234.0,178.54,0.36,-0.163,95.2,1,36.34,234.36
7535,17.6,55.4,400.0,0.07,196.38,149.83,0.49,-0.217,95.2,1,38.41,196.87
7536,19.71,57.4,400.0,0.08,156.0,119.03,0.43,-0.246,95.2,1,40.35,156.43
7537,19.09,57.7,400.0,0.18,196.38,149.83,0.07,0.24,94.2,1,42.04,196.45
7538,19.01,59.2,400.0,0.24,234.0,178.54,0.35,0.333,93.8,1,43.34,234.35
7539,20.18,61.4,421.0,0.25,266.31,203.19,0.04,0.472,93.2,1,44.18,266.35
7540,20.27,58.8,400.0,0.29,291.1,222.11,0.25,0.624,92.3,1,44.5,291.35
7541,20.86,59.4,400.0,0.23,306.68,234.0,0.09,0.433,93.4,1,44.27,306.77
7542,20.97,52.4,453.0,0.07,312.0,238.06,0.17,0.465,93.2,1,43.52,312.17
7543,20.77,52.4,411.0,0.07,306.68,234.0,0.5,0.426,93.4,1,42.28,307.19
7544,20.07,46.6,400.0,0.13,291.1,222.11,0.93,0.502,93.0,1,40.65,292.03
7545,21.09,47.0,400.0,0.2,266.31,203.19,0.19,0.326,93.8,1,38.74,266.5
7546,19.83,43.3,400.0,0.15,234.0,178.54,0.73,0.275,94.1,1,36.67,234.73
7547,18.84,45.8,400.0,0.02,196.38,149.83,0.04,-0.015,94.9,1,34.59,196.42
7548,18.56,42.4,409.0,0.14,156.0,119.03,0.34,-0.206,95.2,1,32.64,156.34
7549,17.64,42.5,400.0,0.25,196.38,149.83,0.4,-0.311,95.3,1,30.95,196.78
7550,16.82,39.2,400.0,0.07,234.0,178.54,0.11,-0.167,95.2,1,29.63,234.11
7551,16.41,38.2,400.0,0.19,266.31,203.19,0.64,-0.362,95.3,1,28.79,266.95
7552,15.66,39.0,400.0,0.08,291.1,222.11,0.15,-0.532,95.2,1,28.46,291.25
7553,15.63,43.1,401.0,0.17,306.68,234.0,0.8,-0.35,95.3,1,28.68,307.49
7554,15.57,48.2,405.0,0.21,312.0,238.06,0.59,-0.208,95.2,1,29.43,312.59
7555,15.38,47.8,400.0,0.06,306.68,234.0,0.74,-0.582,95.1,1,30.66,307.43
7556,15.49,48.8,417.0,0.22,291.1,222.11,0.16,-0.65,95.0,1,32.28,291.26
7557,16.85,51.8,400.0,0.2,266.31,203.19,0.32,-0.165,95.2,1,34.19,266.63
7558,16.46,54.5,400.0,0.09,234.0,178.54,0.71,-0.247,95.2,1,36.25,234.71
7559,17.63,60.8,400.0,0.27,196.38,149.83,0.45,-0.166,95.2,1,38.32,196.83
7560,18.42,60.9,409.0,0.23,156.0,119.03,0.63,0.204,94.3,1,40.26,156.63
7561,18.68,60.0,402.0,0.16,196.38,149.83,0.41,0.077,94.7,1,41.95,196.79
7562,19.31,60.2,400.0,0.02,234.0,178.54,0.67,0.329,93.8,1,43.25,234.67
7563,20.16,60.4,400.0,0.13,266.31,203.19,0.64,0.386,93.6,1,44.09,266.95
7564,20.57,59.9,400.0,0.1,291.1,222.11,0.3,1.082,89.0,0,44.41,291.4
7565,20.39,56.6,408.0,0.08,306.68,234.0,0.88,0.456,93.3,1,44.18,307.57
7566,20.9,53.7,410.0,0.19,312.0,238.06,0.73,0.687,91.9,1,43.42,312.73
7567,21.26,55.1,400.0,0.28,306.68,234.0,0.07,0.433,93.4,1,42.19,306.75
7568,21.46,50.5,1023.0,1.0,378.43,288.74,10.04,0.523,92.9,1,40.56,388.47
7569,20.63,49.8,1016.0,1.0,346.2,264.15,10.72,0.314,93.9,1,38.64,356.92
7570,18.43,48.7,978.0,1.0,304.2,232.1,10.63,0.409,93.5,1,36.58,314.83
7571,19.33,44.3,966.0,1.0,255.29,194.79,10.92,0.11,94.6,1,34.5,266.21
7572,17.96,42.3,981.0,1.0,202.8,154.74,10.68,0.101,94.6,1,32.55,213.48
7573,17.69,46.9,956.0,1.0,255.29,194.79,10.21,-0.281,95.3,1,30.85,265.5
7574,16.73,40.4,1006.0,1.0,304.2,232.1,10.04,-0.409,95.3,1,29.54,314.24
7575,16.03,38.0,1036.0,1.0,346.2,264.15,10.53,-0.73,94.8,0,28.69,356.73
7576,15.6,40.6,1043.0,1.0,378.43,288.74,10.5,-0.36,95.3,1,28.37,388.93
7577,15.34,45.7,967.0,1.0,398.69,304.2,10.94,-0.613,95.1,1,28.59,409.63
7578,15.92,42.0,1024.0,1.0,405.6,309.47,10.71,-0.061,95.0,1,29.34,416.31
7579,15.35,45.5,403.0,0.07,306.68,234.0,0.9,-0.577,95.1,1,30.56,307.58
7580,16.2,51.7,400.0,0.05,291.1,222.11,0.76,-0.184,95.2,1,32.19,291.86
7581,16.61,51.6,400.0,0.04,266.31,203.19,0.66,-0.125,95.1,1,34.09,266.97
7582,17.09,54.4,400.0,0.12,234.0,178.54,0.56,-0.299,95.3,1,36.15,234.56
7583,16.59,58.9,436.0,0.03,196.38,149.83,0.58,-0.277,95.3,1,38.22,196.96
7584,18.82,57.0,400.0,0.05,156.0,119.03,0.51,-0.027,94.9,1,40.17,156.51
7585,18.82,56.6,417.0,0.2,196.38,149.83,0.84,0.356,93.7,1,41.85,197.21
7586,20.13,57.2,400.0,0.2,234.0,178.54,0.23,0.707,91.8,0,43.16,234.23
7587,19.91,60.9,400.0,0.28,266.31,203.19,0.92,0.107,94.6,1,44.0,267.22
7588,20.28,59.4,400.0,0.28,291.1,222.11,0.56,0.436,93.4,1,44.32,291.66
7589,22.16,56.0,446.0,0.26,306.68,234.0,0.44,0.362,93.7,1,44.09,307.12
7590,20.8,53.1,400.0,0.21,312.0,238.06,0.21,0.428,93.4,1,43.33,312.21
7591,21.75,52.5,427.0,0.08,306.68,234.0,0.28,0.824,91.0,0,42.09,306.96
7592,20.94,52.7,1026.0,1.0,378.43,288.74,10.58,0.279,94.0,1,40.46,389.01
7593,20.2,46.2,987.0,1.0,346.2,264.15,10.15,0.032,94.8,1,38.55,356.35
7594,19.77,44.1,961.0,1.0,304.2,232.1,10.0,0.29,94.0,1,36.48,314.2
7595,18.42,40.9,965.0,1.0,255.29,194.79,10.26,0.205,94.3,1,34.4,265.55
7596,18.29,40.9,1044.0,1.0,202.8,154.74,10.3,-0.084,95.1,1,32.45,213.1
7597,16.98,41.1,1005.0,1.0,255.29,194.79,10.94,-0.266,95.3,1,30.76,266.23
7598,16.6,44.2,948.0,1.0,304.2,232.1,10.58,-0.218,95.2,1,29.45,314.78
7599,16.64,40.7,1025.0,1.0,346.2,264.15,10.41,-0.624,95.0,1,28.6,356.61
7600,15.83,41.0,946.0,1.0,378.43,288.74,10.98,-0.349,95.3,1,28.27,389.41
7601,14.67,44.3,975.0,1.0,398.69,304.2,10.37,-0.553,95.2,1,28.49,409.06
7602,15.73,46.0,1002.0,1.0,405.6,309.47,10.96,-0.223,95.2,1,29.24,416.56
7603,15.41,45.8,476.0,0.24,306.68,234.0,0.94,-0.419,95.3,1,30.47,307.63
7604,15.44,54.1,424.0,0.26,291.1,222.11,0.69,-0.464,95.2,1,32.09,291.79
7605,16.57,52.1,400.0,0.07,266.31,203.19,0.53,-0.399,95.3,1,34.0,266.83
7606,16.73,55.1,401.0,0.13,234.0,178.54,0.82,-0.637,95.0,1,36.06,234.82
7607,16.96,57.8,428.0,0.19,196.38,149.83,0.32,-0.154,95.2,1,38.13,196.7
7608,19.25,59.1,443.0,0.17,156.0,119.03,0.37,-0.041,95.0,1,40.07,156.37
7609,19.09,62.6,400.0,0.3,196.38,149.83,0.21,0.14,94.5,1,41.75,196.58
7610,19.79,58.8,400.0,0.08,234.0,178.54,0.26,0.212,94.3,1,43.06,234.26
7611,20.25,61.3,400.0,0.02,266.31,203.19,0.14,0.639,92.2,1,43.9,266.45
7612,21.52,59.2,420.0,0.12,291.1,222.11,0.85,0.379,93.6,1,44.22,291.95
7613,20.97,59.4,431.0,0.16,306.68,234.0,0.0,0.314,93.9,1,43.99,306.69
7614,20.57,55.0,400.0,0.12,312.0,238.06,0.42,0.167,94.4,1,43.23,312.42
7615,20.9,52.3,400.0,0.1,306.68,234.0,0.36,0.394,93.5,1,42.0,307.05
7616,21.6,51.9,964.0,1.0,378.43,288.74,10.39,0.224,94.2,1,40.37,388.82
7617,20.88,48.6,1005.0,1.0,346.2,264.15,10.84,0.094,94.7,1,38.45,357.05
7618,19.72,43.8,963.0,1.0,304.2,232.1,10.82,0.188,94.4,1,36.38,315.02
7619,19.81,46.0,960.0,1.0,255.29,194.79,10.66,0.357,93.7,1,34.3,265.95
7620,18.73,43.1,1034.0,1.0,202.8,154.74,10.69,0.187,94.4,1,32.35,213.49
7621,17.44,40.3,995.0,1.0,255.29,194.79,10.8,-0.386,95.3,1,30.66,266.09
7622,16.77,39.1,998.0,1.0,304.2,232.1,10.39,-0.243,95.2,1,29.35,314.59
7623,16.4,41.0,1013.0,1.0,346.2,264.15,10.45,-0.269,95.3,1,28.5,356.65
7624,15.35,42.4,1029.0,1.0,378.43,288.74,10.24,-0.316,95.3,1,28.17,388.67
7625,15.47,39.4,987.0,1.0,398.69,304.2,10.24,-0.162,95.2,1,28.39,408.93
7626,15.52,45.3,988.0,1.0,405.6,309.47,10.93,-0.734,94.8,0,29.14,416.53
7627,14.63,48.3,400.0,0.28,306.68,234.0,0.76,-0.66,95.0,1,30.37,307.45
7628,15.68,44.8,432.0,0.04,291.1,222.11,0.45,-0.566,95.1,1,31.99,291.55
7629,16.1,52.5,400.0,0.09,266.31,203.19,0.04,-0.28,95.3,1,33.9,266.35
7630,17.39,56.0,400.0,0.26,234.0,178.54,0.74,-0.794,94.7,0,35.96,234.74
7631,16.68,57.9,412.0,0.15,196.38,149.83,0.95,-0.175,95.2,1,38.03,197.32
7632,18.19,60.0,455.0,0.13,156.0,119.03,0.93,-0.356,95.3,1,39.97,156.93
7633,18.92,58.9,402.0,0.14,196.38,149.83,0.71,0.129,94.6,1,41.66,197.09
7634,20.37,57.9,400.0,0.03,234.0,178.54,0.65,0.664,92.1,1,42.96,234.65
7635,20.49,56.2,458.0,0.07,266.31,203.19,0.12,0.534,92.8,1,43.8,266.43
7636,21.89,61.1,440.0,0.29,291.1,222.11,0.09,0.188,94.4,1,44.12,291.19
7637,21.62,58.8,436.0,0.19,306.68,234.0,0.27,0.399,93.5,1,43.89,306.95
7638,21.19,57.7,400.0,0.09,312.0,238.06,0.56,0.322,93.9,1,43.13,312.56
7639,21.42,51.6,400.0,0.28,306.68,234.0,0.91,0.742,91.6,0,41.9,307.6
7640,20.82,52.1,945.0,1.0,378.43,288.74,10.87,-0.007,94.9,1,40.27,389.3
7641,20.96,44.9,1029.0,1.0,346.2,264.15,10.31,0.266,94.1,1,38.35,356.51
7642,19.24,43.7,1002.0,1.0,304.2,232.1,10.37,0.111,94.6,1,36.28,314.57
7643,18.77,43.5,946.0,1.0,255.29,194.79,10.31,-0.105,95.1,1,34.2,265.6
7644,18.64,42.9,1036.0,1.0,202.8,154.74,10.53,0.332,93.8,1,32.25,213.33
7645,18.25,43.8,990.0,1.0,255.29,194.79,10.81,-0.443,95.3,1,30.56,266.1
7646,15.82,39.5,994.0,1.0,304.2,232.1,10.78,-0.489,95.2,1,29.25,314.98
7647,16.99,38.5,955.0,1.0,346.2,264.15,10.89,-0.034,95.0,1,28.4,357.09
7648,15.75,39.3,1015.0,1.0,378.43,288.74,10.52,-0.453,95.2,1,28.07,388.95
7649,14.58,41.2,1015.0,1.0,398.69,304.2,10.66,-0.518,95.2,1,28.29,409.35
7650,13.93,49.0,999.0,1.0,405.6,309.47,10.95,-0.625,95.0,1,29.04,416.55
7651,14.77,48.5,400.0,0.11,306.68,234.0,0.68,-0.483,95.2,1,30.27,307.36
7652,15.82,51.8,479.0,0.27,291.1,222.11,0.17,-0.519,95.2,1,31.89,291.27
7653,16.28,51.7,400.0,0.28,266.31,203.19,0.33,-0.5,95.2,1,33.8,266.64
7654,17.25,54.6,400.0,0.26,234.0,178.54,0.08,-0.53,95.2,1,35.86,234.08
7655,17.39,58.1,421.0,0.12,196.38,149.83,0.11,-0.121,95.1,1,37.93,196.49
7656,17.89,57.4,400.0,0.18,156.0,119.03,0.49,-0.119,95.1,1,39.87,156.49
7657,19.01,58.9,400.0,0.09,196.38,149.83,0.74,0.036,94.8,1,41.55,197.11
7658,19.96,58.6,434.0,0.04,234.0,178.54,0.19,0.382,93.6,1,42.86,234.19
7659,20.69,58.9,418.0,0.27,266.31,203.19,0.32,0.252,94.1,1,43.7,266.63
7660,20.66,59.0,415.0,0.29,291.1,222.11,0.34,0.411,93.5,1,44.02,291.44
7661,21.8,55.8,405.0,0.02,306.68,234.0,0.84,0.818,91.1,0,43.79,307.52
7662,21.15,56.0,400.0,0.21,312.0,238.06,0.18,0.577,92.6,1,43.03,312.18
7663,20.92,53.6,400.0,0.28,306.68,234.0,0.03,0.375,93.6,1,41.8,306.72
7664,20.79,50.1,998.0,1.0,378.43,288.74,10.62,0.214,94.3,1,40.16,389.05
7665,21.12,46.2,1025.0,1.0,346.2,264.15,10.53,0.327,93.8,1,38.25,356.73
7666,19.9,45.6,1013.0,1.0,304.2,232.1,10.0,0.408,93.5,1,36.18,314.2
7667,18.9,42.3,972.0,1.0,255.29,194.79,10.76,0.011,94.9,1,34.1,266.05
7668,18.94,41.7,1024.0,1.0,202.8,154.74,10.42,-0.009,94.9,1,32.15,213.22
7669,18.77,42.7,950.0,1.0,255.29,194.79,10.55,-0.253,95.2,1,30.46,265.84
7670,17.08,37.5,990.0,1.0,304.2,232.1,10.67,-0.332,95.3,1,29.14,314.87
7671,16.98,44.6,966.0,1.0,346.2,264.15,10.05,-0.609,95.1,1,28.3,356.25
7672,16.4,41.0,974.0,1.0,378.43,288.74,10.17,-0.391,95.3,1,27.97,388.6
7673,15.28,43.4,1058.0,1.0,398.69,304.2,10.46,-0.466,95.2,1,28.19,409.15
7674,15.5,43.1,956.0,1.0,405.6,309.47,10.17,-0.217,95.2,1,28.94,415.77
7675,14.95,49.2,400.0,0.18,306.68,234.0,0.12,-0.474,95.2,1,30.17,306.8
7676,15.79,49.3,415.0,0.28,291.1,222.11,0.32,-0.589,95.1,1,31.79,291.42
7677,16.06,51.3,400.0,0.18,266.31,203.19,0.43,-0.076,95.0,1,33.69,266.74
7678,16.8,53.4,405.0,0.18,234.0,178.54,0.85,-0.19,95.2,1,35.75,234.85
7679,17.35,56.2,443.0,0.0,196.38,149.83,0.59,-0.105,95.1,1,37.83,196.97
7680,18.36,59.3,420.0,0.14,156.0,119.03,0.93,-0.016,94.9,1,39.77,156.93
7681,19.55,59.9,400.0,0.01,196.38,149.83,0.46,0.146,94.5,1,41.45,196.83
7682,19.95,59.9,400.0,0.27,234.0,178.54,0.47,0.064,94.7,1,42.76,234.47
7683,19.7,58.3,416.0,0.0,266.31,203.19,0.31,0.323,93.9,1,43.6,266.62
7684,20.74,57.3,419.0,0.09,291.1,222.11,0.08,0.375,93.6,1,43.91,291.18
7685,20.65,56.5,401.0,0.3,306.68,234.0,0.17,0.54,92.8,1,43.69,306.86
7686,21.64,56.3,411.0,0.24,312.0,238.06,0.07,0.709,91.8,0,42.93,312.07
7687,21.67,54.4,411.0,0.23,306.68,234.0,0.7,0.662,92.1,1,41.69,307.39
7688,21.25,52.1,400.0,0.21,291.1,222.11,0.35,0.521,92.9,1,40.06,291.45
7689,20.25,47.9,400.0,0.02,266.31,203.19,0.03,-0.005,94.9,1,38.15,266.34
7690,20.15,46.2,422.0,0.09,234.0,178.54,0.75,0.149,94.5,1,36.08,234.75
7691,19.07,42.9,409.0,0.24,196.38,149.83,0.25,-0.249,95.2,1,34.0,196.63
7692,17.96,38.1,400.0,0.27,156.0,119.03,0.89,0.202,94.3,1,32.05,156.89
7693,18.13,40.0,400.0,0.11,196.38,149.83,0.82,-0.168,95.2,1,30.35,197.2
7694,17.45,39.3,400.0,0.08,234.0,178.54,0.3,-0.294,95.3,1,29.04,234.3
7695,16.89,38.2,400.0,0.07,266.31,203.19,0.24,-0.505,95.2,1,28.19,266.54
7696,15.64,40.0,436.0,0.16,291.1,222.11,0.99,-0.194,95.2,1,27.86,292.09
7697,16.24,42.9,496.0,0.09,306.68,234.0,0.82,-0.477,95.2,1,28.08,307.5
7698,15.3,42.3,400.0,0.01,312.0,238.06,0.93,-0.537,95.2,1,28.83,312.93
7699,15.98,45.5,409.0,0.12,306.68,234.0,0.02,-0.472,95.2,1,30.06,306.7
7700,15.7,52.6,402.0,0.17,291.1,222.11,0.6,-0.407,95.3,1,31.68,291.7
7701,16.32,48.9,400.0,0.19,266.31,203.19,0.27,-0.395,95.3,1,33.59,266.58
7702,15.85,54.2,416.0,0.1,234.0,178.54,0.37,-0.012,94.9,1,35.65,234.37
7703,17.63,54.4,404.0,0.09,196.38,149.83,0.09,0.107,94.6,1,37.72,196.47
7704,18.61,56.9,400.0,0.09,156.0,119.03,0.75,0.005,94.9,1,39.66,156.75
7705,19.14,59.1,401.0,0.19,196.38,149.83,0.53,-0.04,95.0,1,41.34,196.9
7706,20.95,58.0,417.0,0.09,234.0,178.54,0.79,0.301,93.9,1,42.65,234.79
7707,20.11,60.9,414.0,0.28,266.31,203.19,0.12,0.22,94.3,1,43.49,266.43
7708,20.89,61.6,406.0,0.08,291.1,222.11,1.0,0.704,91.8,0,43.81,292.1
7709,21.02,59.1,400.0,0.24,306.68,234.0,0.35,0.783,91.3,0,43.58,307.03
7710,21.3,57.5,485.0,0.1,312.0,238.06,0.95,0.63,92.3,1,42.82,312.95
7711,22.0,50.3,411.0,0.19,306.68,234.0,0.68,0.237,94.2,1,41.58,307.36
7712,21.92,50.0,423.0,0.21,291.1,222.11,0.11,0.326,93.8,1,39.95,291.21
7713,20.36,48.8,400.0,0.05,266.31,203.19,0.78,0.299,94.0,1,38.04,267.09
7714,19.73,47.2,406.0,0.11,234.0,178.54,0.56,0.068,94.7,1,35.97,234.56
7715,18.79,46.8,405.0,0.04,196.38,149.83,0.19,0.055,94.8,1,33.89,196.56
7716,19.25,43.7,400.0,0.15,156.0,119.03,0.19,0.033,94.8,1,31.94,156.19
7717,18.38,42.3,400.0,0.27,196.38,149.83,0.95,-0.038,95.0,1,30.25,197.33
7718,17.05,45.3,400.0,0.18,234.0,178.54,1.0,-0.006,94.9,1,28.93,235.0
7719,15.78,40.4,400.0,0.21,266.31,203.19,0.58,-0.372,95.3,1,28.08,266.88
7720,15.36,40.5,400.0,0.08,291.1,222.11,0.19,-0.507,95.2,1,27.76,291.29
7721,15.8,43.0,401.0,0.14,306.68,234.0,0.34,-0.754,94.8,0,27.98,307.02
7722,15.89,42.8,442.0,0.22,312.0,238.06,0.21,-0.444,95.3,1,28.73,312.21
7723,14.68,47.1,404.0,0.04,306.68,234.0,0.61,-0.587,95.1,1,29.95,307.29
7724,15.86,46.1,400.0,0.04,291.1,222.11,0.4,-0.488,95.2,1,31.57,291.5
7725,17.31,51.1,400.0,0.07,266.31,203.19,0.38,-0.48,95.2,1,33.48,266.69
7726,17.01,54.4,400.0,0.07,234.0,178.54,0.8,-0.371,95.3,1,35.54,234.8
7727,18.59,58.6,400.0,0.29,196.38,149.83,0.96,0.001,94.9,1,37.61,197.34
7728,18.95,60.6,409.0,0.05,156.0,119.03,0.2,-0.025,94.9,1,39.55,156.2
7729,18.86,57.6,441.0,0.03,196.38,149.83,0.41,0.428,93.4,1,41.24,196.79
7730,19.99,64.1,400.0,0.04,234.0,178.54,0.54,0.013,94.9,1,42.54,234.54
7731,20.69,60.1,402.0,0.06,266.31,203.19,0.25,0.59,92.5,1,43.38,266.55
7732,20.76,59.4,400.0,0.11,291.1,222.11,0.4,0.321,93.9,1,43.7,291.5
7733,21.05,54.2,400.0,0.06,306.68,234.0,0.06,0.458,93.2,1,43.47,306.74
7734,22.4,54.2,406.0,0.03,312.0,238.06,0.04,0.585,92.6,1,42.71,312.04
7735,21.06,55.1,400.0,0.04,306.68,234.0,0.79,0.675,92.0,1,41.48,307.47
7736,21.79,50.8,976.0,1.0,378.43,288.74,10.34,0.633,92.3,1,39.84,388.77
7737,20.55,48.1,951.0,1.0,346.2,264.15,10.71,0.549,92.8,1,37.93,356.91
7738,20.14,45.9,1002.0,1.0,304.2,232.1,10.08,0.195,94.3,1,35.86,314.28
7739,19.71,40.4,1032.0,1.0,255.29,194.79,10.67,0.479,93.1,1,33.78,265.96
7740,18.36,41.4,1021.0,1.0,202.8,154.74,10.65,0.11,94.6,1,31.83,213.45
7741,18.17,43.3,1045.0,1.0,255.29,194.79,10.82,-0.731,94.8,0,30.14,266.11
7742,16.14,42.2,980.0,1.0,304.2,232.1,10.2,-0.252,95.2,1,28.82,314.4
7743,16.77,40.0,1026.0,1.0,346.2,264.15,10.55,-0.438,95.3,1,27.97,356.75
7744,14.84,44.2,967.0,1.0,378.43,288.74,10.9,-0.504,95.2,1,27.65,389.33
7745,15.66,40.1,1021.0,1.0,398.69,304.2,10.22,-0.364,95.3,1,27.87,408.91
7746,16.1,42.7,1049.0,1.0,405.6,309.47,10.12,-0.447,95.3,1,28.62,415.72
7747,16.09,50.7,415.0,0.17,306.68,234.0,0.34,-0.626,95.0,1,29.84,307.03
7748,15.43,50.7,450.0,0.1,291.1,222.11,0.97,-0.14,95.1,1,31.46,292.07
7749,15.98,51.6,400.0,0.14,266.31,203.19,0.16,-0.619,95.1,1,33.37,266.47
7750,16.84,54.5,400.0,0.12,234.0,178.54,0.12,-0.529,95.2,1,35.43,234.12
7751,18.01,55.1,400.0,0.14,196.38,149.83,1.0,-0.355,95.3,1,37.5,197.37
7752,17.68,59.0,401.0,0.25,156.0,119.03,0.39,0.081,94.7,1,39.44,156.39
7753,19.46,59.9,408.0,0.21,196.38,149.83,0.15,0.195,94.3,1,41.13,196.53
7754,20.35,60.0,401.0,0.08,234.0,178.54,0.56,0.08,94.7,1,42.43,234.56
7755,20.68,57.5,400.0,0.07,266.31,203.19,0.01,0.227,94.2,1,43.27,266.32
7756,21.56,59.4,400.0,0.22,291.1,222.11,0.43,0.424,93.4,1,43.59,291.53
7757,21.71,56.3,410.0,0.07,306.68,234.0,0.04,0.261,94.1,1,43.36,306.72
7758,21.44,53.4,400.0,0.27,312.0,238.06,0.57,0.652,92.2,1,42.6,312.57
7759,20.64,55.6,400.0,0.25,306.68,234.0,0.62,0.788,91.3,0,41.36,307.31
7760,21.38,54.8,943.0,1.0,378.43,288.74,10.0,0.39,93.6,1,39.73,388.43
7761,20.36,51.8,982.0,1.0,346.2,264.15,10.51,0.415,93.5,1,37.82,356.71
7762,19.93,46.7,959.0,1.0,304.2,232.1,10.94,0.264,94.1,1,35.75,315.14
7763,19.74,42.7,975.0,1.0,255.29,194.79,10.4,0.395,93.5,1,33.67,265.69
7764,19.43,41.4,987.0,1.0,202.8,154.74,10.95,0.38,93.6,1,31.72,213.75
7765,17.93,41.3,996.0,1.0,255.29,194.79,10.96,-0.209,95.2,1,30.03,266.25
7766,17.51,39.2,980.0,1.0,304.2,232.1,10.24,-0.251,95.2,1,28.71,314.44
7767,15.89,42.9,1066.0,1.0,346.2,264.15,10.58,-0.19,95.2,1,27.86,356.78
7768,16.26,37.0,962.0,1.0,378.43,288.74,10.83,-0.372,95.3,1,27.54,389.26
7769,15.81,42.0,1036.0,1.0,398.69,304.2,10.71,-0.673,95.0,1,27.75,409.4
7770,16.36,46.2,995.0,1.0,405.6,309.47,10.76,-0.87,94.4,0,28.5,416.36
7771,15.58,45.3,400.0,0.25,306.68,234.0,0.26,-0.61,95.1,1,29.73,306.95
7772,16.03,49.0,418.0,0.13,291.1,222.11,0.92,-0.375,95.3,1,31.35,292.02
7773,17.16,53.3,400.0,0.1,266.31,203.19,0.24,-0.44,95.3,1,33.26,266.54
7774,17.21,57.6,400.0,0.27,234.0,178.54,0.64,-0.469,95.2,1,35.32,234.64
7775,17.42,54.1,454.0,0.09,196.38,149.83,0.88,-0.253,95.2,1,37.39,197.26
7776,20.03,55.7,400.0,0.28,156.0,119.03,0.36,0.358,93.7,1,39.33,156.36
7777,19.0,57.6,400.0,0.1,196.38,149.83,0.55,-0.104,95.1,1,41.01,196.93
7778,20.23,56.9,406.0,0.04,234.0,178.54,0.69,0.179,94.4,1,42.32,234.69
7779,21.06,56.8,442.0,0.07,266.31,203.19,0.93,0.242,94.2,1,43.16,267.24
7780,21.5,56.9,400.0,0.16,291.1,222.11,0.45,0.816,91.1,0,43.47,291.55
7781,21.57,59.9,480.0,0.04,306.68,234.0,0.6,0.181,94.4,1,43.25,307.29
7782,21.68,54.8,423.0,0.11,312.0,238.06,0.14,0.335,93.8,1,42.49,312.14
7783,21.56,53.1,400.0,0.27,306.68,234.0,0.07,0.488,93.1,1,41.25,306.75
7784,20.82,48.6,956.0,1.0,378.43,288.74,10.02,0.459,93.2,1,39.62,388.45
7785,21.98,49.1,1007.0,1.0,346.2,264.15,10.48,0.57,92.6,1,37.7,356.68
7786,20.17,49.2,966.0,1.0,304.2,232.1,10.55,0.446,93.3,1,35.64,314.75
7787,19.86,41.5,1016.0,1.0,255.29,194.79,10.09,-0.019,94.9,1,33.56,265.37
7788,18.62,45.0,986.0,1.0,202.8,154.74,10.18,0.055,94.8,1,31.6,212.98
7789,17.84,41.2,964.0,1.0,255.29,194.79,10.27,-0.172,95.2,1,29.91,265.55
7790,17.07,40.0,971.0,1.0,304.2,232.1,10.89,-0.349,95.3,1,28.6,315.09
7791,15.9,41.0,1026.0,1.0,346.2,264.15,10.1,-0.158,95.2,1,27.75,356.3
7792,16.12,41.9,939.0,1.0,378.43,288.74,10.49,-0.39,95.3,1,27.42,388.92
7793,15.7,46.3,1031.0,1.0,398.69,304.2,10.79,-0.172,95.2,1,27.64,409.48
7794,16.39,45.6,1032.0,1.0,405.6,309.47,10.87,-0.412,95.3,1,28.39,416.47
7795,15.31,48.0,400.0,0.17,306.68,234.0,0.69,-0.305,95.3,1,29.62,307.38
7796,15.93,48.7,400.0,0.13,291.1,222.11,0.27,-0.983,94.0,0,31.24,291.37
7797,16.24,53.8,417.0,0.24,266.31,203.19,0.12,-0.343,95.3,1,33.14,266.43
7798,18.04,52.7,400.0,0.13,234.0,178.54,0.16,-0.171,95.2,1,35.2,234.16
7799,17.61,56.9,400.0,0.19,196.38,149.83,0.77,-0.032,95.0,1,37.27,197.15
7800,19.1,64.2,457.0,0.02,156.0,119.03,0.3,0.302,93.9,1,39.22,156.3
7801,20.09,54.5,400.0,0.21,196.38,149.83,0.34,0.246,94.2,1,40.9,196.71
7802,20.26,60.5,400.0,0.29,234.0,178.54,0.18,0.001,94.9,1,42.2,234.18
7803,20.26,60.3,409.0,0.13,266.31,203.19,0.43,0.455,93.3,1,43.04,266.74
7804,20.75,58.4,400.0,0.0,291.1,222.11,0.33,0.594,92.5,1,43.36,291.43
7805,22.16,57.0,445.0,0.18,306.68,234.0,0.36,0.354,93.7,1,43.13,307.04
7806,21.21,55.6,400.0,0.04,312.0,238.06,0.03,0.411,93.5,1,42.37,312.03
7807,21.94,52.5,400.0,0.14,306.68,234.0,0.46,0.634,92.3,1,41.14,307.15
7808,21.5,50.9,1010.0,1.0,378.43,288.74,10.11,0.427,93.4,1,39.5,388.54
7809,21.16,46.9,1006.0,1.0,346.2,264.15,10.54,0.566,92.7,1,37.59,356.74
7810,20.59,49.5,1007.0,1.0,304.2,232.1,10.67,0.281,94.0,1,35.52,314.87
7811,19.16,42.8,1008.0,1.0,255.29,194.79,10.55,-0.313,95.3,1,33.44,265.83
7812,18.37,42.7,1005.0,1.0,202.8,154.74,10.15,0.006,94.9,1,31.49,212.95
7813,18.44,39.1,988.0,1.0,255.29,194.79,10.62,-0.214,95.2,1,29.8,265.9
7814,17.05,41.9,1025.0,1.0,304.2,232.1,10.41,-0.132,95.1,1,28.48,314.61
7815,15.37,41.7,989.0,1.0,346.2,264.15,10.36,-0.274,95.3,1,27.63,356.56
7816,16.59,42.0,1024.0,1.0,378.43,288.74,10.15,-0.627,95.0,1,27.3,388.58
7817,15.45,40.5,1042.0,1.0,398.69,304.2,10.99,-0.448,95.3,1,27.52,409.68
7818,16.11,43.1,980.0,1.0,405.6,309.47,10.39,-0.398,95.3,1,28.27,415.99
7819,16.67,50.3,472.0,0.02,306.68,234.0,0.46,-0.399,95.3,1,29.5,307.14
7820,16.29,48.0,400.0,0.13,291.1,222.11,0.09,-0.243,95.2,1,31.12,291.19
7821,17.26,53.4,400.0,0.18,266.31,203.19,0.68,-0.563,95.1,1,33.03,266.98
7822,17.46,52.7,416.0,0.22,234.0,178.54,0.28,-0.286,95.3,1,35.08,234.28
7823,18.9,58.7,413.0,0.23,196.38,149.83,0.74,-0.58,95.1,1,37.16,197.12
7824,18.36,57.0,402.0,0.26,156.0,119.03,0.07,0.231,94.2,1,39.1,156.07
7825,19.66,57.6,425.0,0.01,196.38,149.83,0.3,0.149,94.5,1,40.78,196.67
7826,20.73,58.6,408.0,0.29,234.0,178.54,0.75,0.228,94.2,1,42.09,234.75
7827,20.92,58.7,462.0,0.29,266.31,203.19,0.4,0.328,93.8,1,42.92,266.7
7828,22.08,59.7,400.0,0.01,291.1,222.11,0.03,0.529,92.9,1,43.24,291.13
7829,21.59,57.5,400.0,0.09,306.68,234.0,0.79,0.691,91.9,1,43.01,307.47
7830,22.94,53.2,400.0,0.23,312.0,238.06,0.97,0.442,93.3,1,42.25,312.97
7831,22.87,53.0,414.0,0.14,306.68,234.0,0.38,0.565,92.7,1,41.02,307.06
7832,21.65,48.2,1015.0,1.0,378.43,288.74,10.62,0.513,93.0,1,39.39,389.05
7833,21.31,49.2,1006.0,1.0,346.2,264.15,10.37,-0.086,95.1,1,37.47,356.57
7834,21.01,47.1,975.0,1.0,304.2,232.1,10.55,0.108,94.6,1,35.4,314.75
7835,19.1,43.2,1033.0,1.0,255.29,194.79,10.74,0.217,94.3,1,33.32,266.03
7836,18.27,42.1,1058.0,1.0,202.8,154.74,10.63,0.247,94.2,1,31.37,213.43
7837,18.78,44.0,1001.0,1.0,255.29,194.79,10.31,0.142,94.5,1,29.68,265.6
7838,17.57,39.7,1054.0,1.0,304.2,232.1,10.2,-0.495,95.2,1,28.36,314.4
7839,16.7,38.3,1026.0,1.0,346.2,264.15,10.54,-0.154,95.2,1,27.51,356.75
7840,16.34,42.3,1067.0,1.0,378.43,288.74,10.66,-0.226,95.2,1,27.19,389.09
7841,14.85,40.3,1014.0,1.0,398.69,304.2,10.57,-0.4,95.3,1,27.4,409.26
7842,15.85,44.2,1004.0,1.0,405.6,309.47,10.13,-0.904,94.3,0,28.15,415.73
7843,15.67,45.8,425.0,0.25,306.68,234.0,0.36,-0.59,95.1,1,29.38,307.04
7844,16.81,48.1,400.0,0.2,291.1,222.11,0.74,-0.411,95.3,1,31.0,291.84
7845,17.33,51.6,412.0,0.04,266.31,203.19,0.15,-0.401,95.3,1,32.91,266.46
7846,17.74,56.4,440.0,0.05,234.0,178.54,0.88,-0.684,94.9,1,34.97,234.88
7847,18.38,58.9,425.0,0.2,196.38,149.83,0.47,-0.182,95.2,1,37.04,196.84
7848,18.21,60.3,400.0,0.1,156.0,119.03,0.79,-0.186,95.2,1,38.98,156.79
7849,20.03,60.2,406.0,0.1,196.38,149.83,0.34,0.248,94.2,1,40.66,196.72
7850,20.78,59.5,423.0,0.25,234.0,178.54,0.36,0.346,93.8,1,41.97,234.36
7851,21.71,55.1,422.0,0.01,266.31,203.19,0.97,0.458,93.2,1,42.81,267.28
7852,22.63,59.6,423.0,0.12,291.1,222.11,0.57,0.359,93.7,1,43.12,291.67
7853,21.02,52.8,410.0,0.07,306.68,234.0,0.1,0.487,93.1,1,42.89,306.79
7854,21.78,51.6,400.0,0.01,312.0,238.06,0.96,0.483,93.1,1,42.13,312.96
7855,21.5,52.7,400.0,0.06,306.68,234.0,0.37,0.666,92.1,1,40.9,307.06
7856,21.66,51.0,414.0,0.06,291.1,222.11,0.71,0.326,93.8,1,39.27,291.81
7857,21.11,47.0,425.0,0.15,266.31,203.19,0.13,0.202,94.3,1,37.35,266.44
7858,20.37,48.5,421.0,0.13,234.0,178.54,0.86,0.442,93.3,1,35.28,234.86
7859,20.28,44.2,400.0,0.14,196.38,149.83,0.96,0.294,94.0,1,33.2,197.33
7860,18.44,41.1,400.0,0.26,156.0,119.03,0.38,0.093,94.7,1,31.25,156.38
7861,17.7,43.2,400.0,0.15,196.38,149.83,0.14,0.186,94.4,1,29.56,196.52
7862,16.99,43.1,400.0,0.19,234.0,178.54,0.56,0.168,94.4,1,28.24,234.56
7863,16.7,41.3,402.0,0.19,266.31,203.19,0.16,-0.107,95.1,1,27.39,266.47
7864,15.79,39.6,441.0,0.16,291.1,222.11,0.44,-0.582,95.1,1,27.07,291.54
7865,16.08,41.5,403.0,0.09,306.68,234.0,0.62,-0.317,95.3,1,27.28,307.31
7866,15.93,41.7,457.0,0.27,312.0,238.06,0.14,-0.478,95.2,1,28.03,312.14
7867,15.72,46.9,400.0,0.13,306.68,234.0,0.95,-0.595,95.1,1,29.26,307.63
7868,16.85,47.4,401.0,0.17,291.1,222.11,0.71,-0.581,95.1,1,30.88,291.81
7869,16.87,51.5,400.0,0.17,266.31,203.19,0.36,-0.3,95.3,1,32.79,266.67
7870,18.05,55.1,400.0,0.25,234.0,178.54,0.42,-0.087,95.1,1,34.84,234.42
7871,18.15,52.8,400.0,0.16,196.38,149.83,0.85,0.146,94.5,1,36.91,197.22
7872,19.01,55.9,400.0,0.14,156.0,119.03,0.48,0.135,94.5,1,38.86,156.48
7873,19.52,58.5,400.0,0.14,196.38,149.83,0.99,0.244,94.2,1,40.54,197.36
7874,20.53,59.9,403.0,0.23,234.0,178.54,0.06,0.209,94.3,1,41.84,234.06
7875,21.51,58.8,400.0,0.1,266.31,203.19,0.27,0.397,93.5,1,42.68,266.58
7876,21.43,58.3,400.0,0.28,291.1,222.11,0.52,0.134,94.5,1,43.0,291.62
7877,22.2,56.0,412.0,0.25,306.68,234.0,0.14,0.596,92.5,1,42.77,306.82
7878,21.64,52.5,400.0,0.04,312.0,238.06,0.36,0.586,92.6,1,42.01,312.36
7879,22.32,52.0,402.0,0.1,306.68,234.0,0.52,0.866,90.7,0,40.78,307.2
7880,21.36,50.0,425.0,0.27,291.1,222.11,0.26,0.425,93.4,1,39.14,291.36
7881,21.6,47.2,428.0,0.08,266.31,203.19,0.16,0.592,92.5,1,37.23,266.47
7882,20.59,45.6,415.0,0.1,234.0,178.54,0.27,0.155,94.5,1,35.16,234.27
7883,20.6,44.1,400.0,0.07,196.38,149.83,0.08,0.469,93.2,1,33.08,196.46
7884,18.48,42.9,400.0,0.02,156.0,119.03,0.2,0.29,94.0,1,31.13,156.2
7885,17.55,39.2,400.0,0.14,196.38,149.83,0.06,0.097,94.6,1,29.43,196.44
7886,17.26,36.9,450.0,0.23,234.0,178.54,0.95,-0.238,95.2,1,28.12,234.95
7887,16.26,42.8,408.0,0.2,266.31,203.19,0.16,-0.398,95.3,1,27.27,266.47
7888,15.78,41.9,400.0,0.01,291.1,222.11,0.0,-0.507,95.2,1,26.94,291.1
7889,16.49,40.7,417.0,0.16,306.68,234.0,0.96,-0.678,94.9,1,27.16,307.64
7890,16.08,45.2,401.0,0.1,312.0,238.06,0.76,-0.406,95.3,1,27.91,312.76
7891,15.94,49.1,407.0,0.19,306.68,234.0,0.27,-0.533,95.2,1,29.14,306.95
7892,16.29,53.0,400.0,0.12,291.1,222.11,0.88,-0.356,95.3,1,30.76,291.98
7893,16.67,52.6,400.0,0.29,266.31,203.19,0.87,-0.32,95.3,1,32.66,267.18
7894,18.42,56.7,430.0,0.25,234.0,178.54,0.74,-0.465,95.2,1,34.72,234.74
7895,17.95,54.3,400.0,0.21,196.38,149.83,0.59,0.083,94.7,1,36.79,196.97
7896,18.43,58.3,414.0,0.15,156.0,119.03,0.58,0.019,94.8,1,38.73,156.58
7897,20.27,58.9,400.0,0.18,196.38,149.83,0.97,0.302,93.9,1,40.42,197.34
7898,20.49,60.7,400.0,0.13,234.0,178.54,0.47,0.017,94.9,1,41.72,234.47
7899,22.25,63.0,400.0,0.24,266.31,203.19,0.81,0.201,94.3,1,42.56,267.12
7900,21.44,59.4,400.0,0.27,291.1,222.11,0.11,0.355,93.7,1,42.88,291.21
7901,22.43,55.5,403.0,0.3,306.68,234.0,0.7,0.532,92.9,1,42.65,307.39
7902,22.65,52.9,422.0,0.18,312.0,238.06,0.99,0.479,93.1,1,41.89,312.99
7903,21.75,56.3,424.0,0.2,306.68,234.0,0.01,0.756,91.5,0,40.65,306.69
7904,21.35,51.5,954.0,1.0,378.43,288.74,10.26,0.64,92.2,1,39.02,388.69
7905,21.61,48.8,1011.0,1.0,346.2,264.15,10.78,0.207,94.3,1,37.1,356.99
7906,20.91,44.7,1022.0,1.0,304.2,232.1,10.73,0.839,90.9,0,35.04,314.93
7907,19.2,43.8,1007.0,1.0,255.29,194.79,10.73,0.112,94.6,1,32.95,266.02
7908,18.57,39.6,1015.0,1.0,202.8,154.74,10.98,0.258,94.1,1,31.0,213.78
7909,17.09,41.2,942.0,1.0,255.29,194.79,10.1,-0.186,95.2,1,29.31,265.38
7910,17.93,37.7,970.0,1.0,304.2,232.1,10.68,-0.125,95.1,1,27.99,314.88
7911,16.89,39.5,1041.0,1.0,346.2,264.15,10.64,-0.164,95.2,1,27.14,356.84
7912,16.46,39.8,992.0,1.0,378.43,288.74,10.21,-0.734,94.8,0,26.82,388.64
7913,15.4,36.1,1067.0,1.0,398.69,304.2,10.21,-0.134,95.1,1,27.04,408.9
7914,15.6,43.9,962.0,1.0,405.6,309.47,10.65,-0.656,95.0,1,27.78,416.25
7915,16.01,45.2,447.0,0.17,306.68,234.0,0.65,-0.553,95.2,1,29.01,307.34
7916,16.22,49.1,400.0,0.09,291.1,222.11,0.6,-0.554,95.2,1,30.63,291.7
7917,17.1,52.1,426.0,0.21,266.31,203.19,0.46,-0.467,95.2,1,32.54,266.77
7918,17.95,58.1,400.0,0.28,234.0,178.54,0.69,-0.354,95.3,1,34.59,234.69
7919,19.52,57.3,403.0,0.22,196.38,149.83,0.32,-0.368,95.3,1,36.67,196.7
7920,19.16,59.1,418.0,0.08,156.0,119.03,0.24,0.152,94.5,1,38.61,156.24
7921,20.5,60.5,400.0,0.14,196.38,149.83,0.6,0.152,94.5,1,40.29,196.97
7922,20.26,61.7,424.0,0.17,234.0,178.54,0.62,0.222,94.2,1,41.59,234.62
7923,20.46,60.7,400.0,0.22,266.31,203.19,0.81,0.557,92.7,1,42.43,267.12
7924,21.6,59.4,405.0,0.04,291.1,222.11,0.42,0.786,91.3,0,42.75,291.52
7925,21.28,58.8,400.0,0.16,306.68,234.0,0.76,0.171,94.4,1,42.52,307.45
7926,22.19,50.5,400.0,0.26,312.0,238.06,0.92,0.825,91.0,0,41.76,312.92
7927,21.69,57.2,438.0,0.01,306.68,234.0,0.43,0.478,93.1,1,40.52,307.11
7928,20.81,53.7,1021.0,1.0,378.43,288.74,10.54,0.163,94.5,1,38.89,388.97
7929,22.18,48.3,1027.0,1.0,346.2,264.15,10.91,0.436,93.3,1,36.98,357.11
7930,20.43,42.6,1002.0,1.0,304.2,232.1,10.3,0.227,94.2,1,34.91,314.5
7931,19.16,45.7,1050.0,1.0,255.29,194.79,10.72,0.302,93.9,1,32.83,266.01
7932,19.65,40.2,1009.0,1.0,202.8,154.74,10.58,0.029,94.8,1,30.87,213.38
7933,18.06,41.5,980.0,1.0,255.29,194.79,10.41,-0.058,95.0,1,29.18,265.7
7934,18.25,37.4,1026.0,1.0,304.2,232.1,10.86,-0.337,95.3,1,27.87,315.06
7935,16.72,44.7,1028.0,1.0,346.2,264.15,10.16,-0.559,95.1,1,27.02,356.36
7936,16.35,38.2,1019.0,1.0,378.43,288.74,10.04,-0.285,95.3,1,26.69,388.47
7937,16.49,42.7,988.0,1.0,398.69,304.2,10.21,-0.588,95.1,1,26.91,408.9
7938,16.52,40.4,1008.0,1.0,405.6,309.47,10.88,-0.42,95.3,1,27.66,416.48
7939,16.71,46.9,442.0,0.09,306.68,234.0,0.34,-0.186,95.2,1,28.88,307.03
7940,16.58,48.7,414.0,0.24,291.1,222.11,0.68,-0.465,95.2,1,30.5,291.78
7941,17.37,54.4,400.0,0.03,266.31,203.19,0.23,-0.214,95.2,1,32.41,266.54
7942,18.1,53.7,400.0,0.09,234.0,178.54,0.49,-0.256,95.3,1,34.47,234.49
7943,18.56,59.0,400.0,0.21,196.38,149.83,0.52,-0.202,95.2,1,36.54,196.9
7944,19.17,56.4,400.0,0.01,156.0,119.03,0.25,-0.312,95.3,1,38.48,156.25
7945,19.29,59.0,400.0,0.16,196.38,149.83,0.39,0.122,94.6,1,40.16,196.76
7946,21.04,59.5,457.0,0.03,234.0,178.54,0.26,0.217,94.3,1,41.47,234.26
7947,21.39,60.8,400.0,0.23,266.31,203.19,0.1,0.179,94.4,1,42.31,266.41
7948,21.64,59.6,400.0,0.19,291.1,222.11,0.43,0.026,94.8,1,42.62,291.53
7949,22.79,58.8,400.0,0.18,306.68,234.0,0.56,0.149,94.5,1,42.39,307.25
7950,21.54,55.9,426.0,0.07,312.0,238.06,0.09,0.857,90.8,0,41.63,312.09
7951,22.98,54.4,400.0,0.22,306.68,234.0,0.36,0.491,93.1,1,40.4,307.04
7952,21.85,48.7,989.0,1.0,378.43,288.74,10.46,0.146,94.5,1,38.76,388.89
7953,21.54,48.6,991.0,1.0,346.2,264.15,10.93,0.233,94.2,1,36.85,357.13
7954,20.57,48.6,1018.0,1.0,304.2,232.1,10.61,0.252,94.1,1,34.78,314.81
7955,19.21,39.9,986.0,1.0,255.29,194.79,10.94,0.219,94.3,1,32.7,266.23
7956,19.2,42.6,940.0,1.0,202.8,154.74,10.52,-0.047,95.0,1,30.75,213.32
7957,18.67,41.8,961.0,1.0,255.29,194.79,10.8,0.275,94.1,1,29.05,266.09
7958,18.12,42.9,960.0,1.0,304.2,232.1,10.1,0.164,94.4,1,27.74,314.3
7959,17.06,41.7,1008.0,1.0,346.2,264.15,10.56,-0.277,95.3,1,26.89,356.77
7960,15.59,41.3,1028.0,1.0,378.43,288.74,10.35,-0.506,95.2,1,26.56,388.78
7961,15.62,43.5,1044.0,1.0,398.69,304.2,10.73,-0.406,95.3,1,26.78,409.42
7962,17.32,43.1,951.0,1.0,405.6,309.47,10.88,-0.766,94.7,0,27.53,416.48
7963,15.85,46.2,419.0,0.09,306.68,234.0,0.71,-0.283,95.3,1,28.75,307.4
7964,17.41,46.9,400.0,0.02,291.1,222.11,0.09,-0.399,95.3,1,30.38,291.19
7965,16.71,55.1,488.0,0.29,266.31,203.19,0.62,-0.595,95.1,1,32.28,266.93
7966,17.71,55.5,442.0,0.02,234.0,178.54,0.74,-0.367,95.3,1,34.34,234.74
7967,18.84,54.9,451.0,0.25,196.38,149.83,0.03,-0.015,94.9,1,36.41,196.41
7968,18.9,59.0,424.0,0.2,156.0,119.03,0.17,-0.333,95.3,1,38.35,156.17
7969,20.89,61.8,411.0,0.12,196.38,149.83,0.68,-0.049,95.0,1,40.03,197.06
7970,20.85,62.0,400.0,0.22,234.0,178.54,0.31,0.157,94.5,1,41.34,234.31
7971,21.67,57.9,400.0,0.23,266.31,203.19,0.06,0.549,92.8,1,42.18,266.37
7972,21.79,52.6,400.0,0.26,291.1,222.11,0.89,0.776,91.4,0,42.49,291.99
7973,22.55,58.2,419.0,0.16,306.68,234.0,0.95,0.559,92.7,1,42.26,307.64
7974,23.12,53.6,447.0,0.06,312.0,238.06,0.37,-0.132,95.1,1,41.5,312.37
7975,22.16,54.3,400.0,0.17,306.68,234.0,0.99,0.26,94.1,1,40.27,307.68
7976,22.8,52.4,978.0,1.0,378.43,288.74,10.86,1.132,88.6,0,38.63,389.29
7977,21.15,50.1,955.0,1.0,346.2,264.15,10.56,0.385,93.6,1,36.72,356.76
7978,21.22,48.9,1007.0,1.0,304.2,232.1,10.75,-0.271,95.3,1,34.65,314.95
7979,20.36,45.7,1037.0,1.0,255.29,194.79,10.94,0.604,92.5,1,32.57,266.22
7980,18.81,45.1,1038.0,1.0,202.8,154.74,10.73,-0.267,95.3,1,30.61,213.53
7981,18.68,43.2,1041.0,1.0,255.29,194.79,10.34,-0.015,94.9,1,28.92,265.63
7982,17.86,42.9,1012.0,1.0,304.2,232.1,10.19,-0.479,95.2,1,27.61,314.39
7983,16.81,40.1,1003.0,1.0,346.2,264.15,10.43,0.087,94.7,1,26.76,356.63
7984,16.94,38.5,1038.0,1.0,378.43,288.74,10.19,-0.716,94.9,0,26.43,388.62
7985,16.54,47.6,967.0,1.0,398.69,304.2,10.02,-0.6,95.1,1,26.65,408.71
7986,16.33,44.7,987.0,1.0,405.6,309.47,10.46,-0.29,95.3,1,27.4,416.06
7987,16.44,49.4,451.0,0.27,306.68,234.0,0.33,-0.594,95.1,1,28.62,307.01
7988,16.73,48.4,400.0,0.01,291.1,222.11,0.1,-0.336,95.3,1,30.24,291.2
7989,17.07,54.1,400.0,0.07,266.31,203.19,0.87,-0.187,95.2,1,32.15,267.18
7990,17.95,49.7,419.0,0.13,234.0,178.54,0.12,-0.215,95.2,1,34.21,234.12
7991,18.28,55.9,402.0,0.01,196.38,149.83,0.63,-0.352,95.3,1,36.28,197.01
7992,20.71,58.2,434.0,0.24,156.0,119.03,0.57,-0.157,95.2,1,38.22,156.57
7993,19.46,60.5,446.0,0.25,196.38,149.83,0.98,0.053,94.8,1,39.9,197.35
7994,20.6,62.1,414.0,0.12,234.0,178.54,0.25,0.367,93.7,1,41.21,234.25
7995,21.26,57.6,442.0,0.06,266.31,203.19,0.24,0.516,92.9,1,42.04,266.54
7996,23.01,60.2,400.0,0.27,291.1,222.11,0.63,0.474,93.2,1,42.36,291.73
7997,21.64,59.9,400.0,0.2,306.68,234.0,0.56,0.623,92.3,1,42.13,307.24
7998,22.61,60.1,472.0,0.16,312.0,238.06,0.81,0.182,94.4,1,41.37,312.81
7999,22.43,54.5,458.0,0.12,306.68,234.0,0.17,0.543,92.8,1,40.13,306.86
8000,22.17,49.6,962.0,1.0,378.43,288.74,10.3,0.42,93.4,1,38.5,388.73
8001,22.15,45.3,1000.0,1.0,346.2,264.15,10.01,0.453,93.3,1,36.59,356.21
8002,21.52,49.1,1004.0,1.0,304.2,232.1,10.72,0.4,93.5,1,34.52,314.92
8003,19.97,44.7,1012.0,1.0,255.29,194.79,10.33,-0.081,95.0,1,32.44,265.61
8004,19.52,41.5,1038.0,1.0,202.8,154.74,10.24,-0.022,94.9,1,30.48,213.04
8005,17.71,37.2,1055.0,1.0,255.29,194.79,10.6,0.137,94.5,1,28.79,265.89
8006,17.98,38.1,1001.0,1.0,304.2,232.1,10.25,-0.189,95.2,1,27.47,314.45
8007,16.91,41.5,1034.0,1.0,346.2,264.15,10.06,-0.374,95.3,1,26.62,356.26
8008,16.74,41.8,1019.0,1.0,378.43,288.74,10.24,-0.677,94.9,1,26.3,388.67
8009,15.69,38.7,999.0,1.0,398.69,304.2,10.85,-0.374,95.3,1,26.52,409.54
8010,16.64,45.9,949.0,1.0,405.6,309.47,10.6,-0.778,94.7,0,27.26,416.2
8011,15.7,43.8,431.0,0.25,306.68,234.0,0.47,-0.519,95.2,1,28.49,307.16
8012,16.92,52.2,418.0,0.03,291.1,222.11,0.49,-0.531,95.2,1,30.11,291.59
8013,16.71,52.5,412.0,0.27,266.31,203.19,1.0,-0.275,95.3,1,32.02,267.31
8014,17.53,53.7,400.0,0.28,234.0,178.54,0.03,-0.37,95.3,1,34.07,234.03
8015,19.25,58.7,459.0,0.2,196.38,149.83,0.16,-0.195,95.2,1,36.14,196.54
8016,19.75,59.1,405.0,0.03,156.0,119.03,0.87,-0.182,95.2,1,38.09,156.87
8017,20.81,62.2,400.0,0.2,196.38,149.83,0.53,0.08,94.7,1,39.77,196.91
8018,21.74,60.1,400.0,0.11,234.0,178.54,1.0,0.293,94.0,1,41.07,235.0
8019,21.2,60.0,420.0,0.09,266.31,203.19,0.68,0.284,94.0,1,41.91,266.99
8020,22.82,58.3,421.0,0.01,291.1,222.11,0.72,0.37,93.7,1,42.23,291.82
8021,21.64,57.9,400.0,0.22,306.68,234.0,0.58,0.516,92.9,1,42.0,307.26
8022,22.85,58.8,414.0,0.17,312.0,238.06,0.02,0.7,91.9,0,41.24,312.02
8023,22.13,52.0,420.0,0.14,306.68,234.0,0.91,0.632,92.3,1,40.0,307.59
8024,21.61,51.8,404.0,0.12,291.1,222.11,0.52,0.174,94.4,1,38.37,291.62
8025,21.91,46.1,400.0,0.12,266.31,203.19,0.01,0.507,93.0,1,36.45,266.32
8026,21.46,41.3,429.0,0.14,234.0,178.54,0.21,0.524,92.9,1,34.38,234.21
8027,20.72,43.7,425.0,0.14,196.38,149.83,0.35,0.271,94.1,1,32.3,196.73
8028,19.6,42.3,417.0,0.03,156.0,119.03,0.29,-0.483,95.2,1,30.35,156.29
8029,18.79,40.3,400.0,0.11,196.38,149.83,0.03,-0.076,95.0,1,28.66,196.4
8030,18.26,37.0,400.0,0.02,234.0,178.54,0.28,0.027,94.8,1,27.34,234.28
8031,17.53,40.8,402.0,0.23,266.31,203.19,0.9,-0.443,95.3,1,26.49,267.2
8032,17.18,41.6,428.0,0.16,291.1,222.11,0.59,0.147,94.5,1,26.16,291.69
8033,16.71,40.8,431.0,0.24,306.68,234.0,0.33,-0.919,94.3,0,26.38,307.01
8034,16.93,41.9,418.0,0.13,312.0,238.06,0.09,-0.471,95.2,1,27.13,312.09
8035,15.8,46.5,400.0,0.05,306.68,234.0,0.75,-0.338,95.3,1,28.36,307.44
8036,16.85,50.8,400.0,0.09,291.1,222.11,0.72,-0.399,95.3,1,29.98,291.82
8037,16.71,53.0,400.0,0.07,266.31,203.19,0.0,-0.323,95.3,1,31.88,266.31
8038,18.16,52.8,400.0,0.13,234.0,178.54,0.99,-0.458,95.2,1,33.94,234.99
8039,19.57,57.0,433.0,0.24,196.38,149.83,0.27,-0.244,95.2,1,36.01,196.64
8040,19.29,60.2,400.0,0.03,156.0,119.03,0.26,0.115,94.6,1,37.95,156.26
8041,20.37,57.2,400.0,0.12,196.38,149.83,0.3,-0.293,95.3,1,39.63,196.68
8042,21.42,60.1,462.0,0.03,234.0,178.54,0.96,0.431,93.4,1,40.94,234.96
8043,20.63,62.4,447.0,0.12,266.31,203.19,0.84,0.331,93.8,1,41.77,267.15
8044,21.88,56.3,400.0,0.17,291.1,222.11,0.64,0.543,92.8,1,42.09,291.74
8045,22.63,59.7,444.0,0.02,306.68,234.0,0.49,0.652,92.2,1,41.86,307.18
8046,21.1,58.6,400.0,0.02,312.0,238.06,0.33,1.246,87.6,0,41.1,312.33
8047,21.96,52.6,400.0,0.22,306.68,234.0,0.34,0.763,91.5,0,39.86,307.02
8048,22.7,49.8,400.0,0.12,291.1,222.11,0.33,0.193,94.4,1,38.23,291.43
8049,22.18,49.9,400.0,0.11,266.31,203.19,0.86,0.786,91.3,0,36.32,267.17
8050,21.25,45.0,419.0,0.21,234.0,178.54,0.68,-0.293,95.3,1,34.25,234.68
8051,20.78,38.6,403.0,0.03,196.38,149.83,0.41,0.041,94.8,1,32.17,196.78
8052,19.68,41.4,418.0,0.26,156.0,119.03,0.99,0.035,94.8,1,30.21,156.99
8053,19.07,41.4,400.0,0.23,196.38,149.83,0.18,-0.194,95.2,1,28.52,196.55
8054,17.92,41.5,411.0,0.12,234.0,178.54,0.08,-0.194,95.2,1,27.2,234.08
8055,17.51,38.5,402.0,0.14,266.31,203.19,0.37,-0.387,95.3,1,26.35,266.68
8056,16.67,40.6,400.0,0.12,291.1,222.11,0.98,-0.176,95.2,1,26.03,292.08
8057,17.32,44.6,414.0,0.24,306.68,234.0,0.02,-0.579,95.1,1,26.24,306.71
8058,17.35,44.5,403.0,0.01,312.0,238.06,0.08,-0.523,95.2,1,26.99,312.08
8059,17.38,43.9,400.0,0.2,306.68,234.0,0.34,-0.129,95.1,1,28.22,307.03
8060,16.79,52.0,400.0,0.09,291.1,222.11,0.99,-0.239,95.2,1,29.84,292.09
8061,17.0,51.7,400.0,0.23,266.31,203.19,0.34,-0.388,95.3,1,31.74,266.65
8062,18.74,56.8,400.0,0.3,234.0,178.54,0.68,-0.156,95.2,1,33.8,234.68
8063,19.1,53.9,453.0,0.08,196.38,149.83,0.86,0.245,94.2,1,35.87,197.24
8064,19.77,58.2,463.0,0.13,156.0,119.03,0.67,-0.277,95.3,1,37.81,156.67
8065,20.07,60.5,400.0,0.16,196.38,149.83,0.09,-0.088,95.1,1,39.49,196.47
8066,21.33,59.8,415.0,0.17,234.0,178.54,0.15,0.135,94.5,1,40.8,234.15
8067,21.19,57.4,429.0,0.05,266.31,203.19,0.26,0.397,93.5,1,41.64,266.57
8068,22.53,54.1,400.0,0.17,291.1,222.11,0.8,0.627,92.3,1,41.95,291.9
8069,23.21,60.4,428.0,0.22,306.68,234.0,0.8,0.33,93.8,1,41.72,307.49
8070,23.44,55.9,450.0,0.28,312.0,238.06,0.17,0.312,93.9,1,40.96,312.17
8071,22.88,55.4,400.0,0.22,306.68,234.0,0.38,0.221,94.3,1,39.73,307.06
8072,21.54,52.3,1004.0,1.0,378.43,288.74,10.14,0.245,94.2,1,38.09,388.57
8073,21.85,49.1,1059.0,1.0,346.2,264.15,10.47,0.222,94.2,1,36.18,356.67
8074,22.21,44.8,963.0,1.0,304.2,232.1,10.36,-0.183,95.2,1,34.11,314.56
8075,19.98,44.2,997.0,1.0,255.29,194.79,10.99,0.017,94.9,1,32.03,266.28
8076,19.61,44.5,987.0,1.0,202.8,154.74,10.39,-0.21,95.2,1,30.07,213.19
8077,19.58,40.6,1032.0,1.0,255.29,194.79,10.05,-0.162,95.2,1,28.38,265.34
8078,18.46,43.8,1036.0,1.0,304.2,232.1,10.52,0.09,94.7,1,27.07,314.72
8079,18.77,37.2,1005.0,1.0,346.2,264.15,10.91,-0.672,95.0,1,26.22,357.11
8080,16.69,37.9,1001.0,1.0,378.43,288.74,10.37,-0.23,95.2,1,25.89,388.8
8081,16.27,44.6,948.0,1.0,398.69,304.2,10.82,-0.149,95.2,1,26.11,409.51
8082,17.28,43.0,1043.0,1.0,405.6,309.47,10.42,-0.307,95.3,1,26.85,416.02
8083,16.17,51.0,400.0,0.05,306.68,234.0,0.57,-0.414,95.3,1,28.08,307.25
8084,16.97,52.2,400.0,0.03,291.1,222.11,0.5,-0.17,95.2,1,29.7,291.6
8085,17.52,55.3,429.0,0.12,266.31,203.19,0.87,-0.227,95.2,1,31.6,267.18
8086,18.69,56.4,406.0,0.1,234.0,178.54,0.57,-0.028,95.0,1,33.66,234.57
8087,19.21,54.9,430.0,0.29,196.38,149.83,0.38,-0.106,95.1,1,35.73,196.75
8088,19.91,55.1,418.0,0.26,156.0,119.03,0.77,-0.212,95.2,1,37.67,156.77
8089,20.26,62.5,406.0,0.06,196.38,149.83,0.05,0.362,93.7,1,39.36,196.43
8090,21.8,57.0,409.0,0.23,234.0,178.54,0.27,0.772,91.4,0,40.66,234.27
8091,23.83,62.9,400.0,0.14,266.31,203.19,0.29,0.285,94.0,1,41.5,266.6
8092,22.64,60.2,400.0,0.28,291.1,222.11,0.57,0.438,93.3,1,41.81,291.67
8093,22.65,57.2,433.0,0.18,306.68,234.0,0.83,0.505,93.0,1,41.58,307.52
8094,22.05,56.3,400.0,0.06,312.0,238.06,0.55,0.206,94.3,1,40.83,312.55
8095,22.28,54.0,400.0,0.06,306.68,234.0,0.46,0.313,93.9,1,39.59,307.14
8096,22.2,50.1,974.0,1.0,378.43,288.74,10.07,0.494,93.1,1,37.96,388.5
8097,21.56,50.7,1005.0,1.0,346.2,264.15,10.97,0.335,93.8,1,36.04,357.17
8098,21.21,48.2,1042.0,1.0,304.2,232.1,10.3,0.253,94.1,1,33.97,314.5
8099,21.38,43.6,1016.0,1.0,255.29,194.79,10.13,0.135,94.5,1,31.89,265.42
8100,20.34,40.4,935.0,1.0,202.8,154.74,10.83,-0.023,94.9,1,29.93,213.63
8101,18.87,43.1,1019.0,1.0,255.29,194.79,10.89,-0.283,95.3,1,28.24,266.18
8102,17.62,36.0,987.0,1.0,304.2,232.1,10.3,-0.163,95.2,1,26.93,314.5
8103,18.28,41.1,1015.0,1.0,346.2,264.15,10.55,-0.288,95.3,1,26.08,356.75
8104,17.11,42.6,996.0,1.0,378.43,288.74,10.78,-0.609,95.1,1,25.75,389.21
8105,15.98,40.9,974.0,1.0,398.69,304.2,10.02,-0.4,95.3,1,25.97,408.71
8106,17.1,46.5,998.0,1.0,405.6,309.47,10.99,-0.625,95.0,1,26.71,416.59
8107,17.36,46.9,400.0,0.24,306.68,234.0,0.32,-0.352,95.3,1,27.94,307.01
8108,15.94,48.4,409.0,0.28,291.1,222.11,0.48,-0.442,95.3,1,29.56,291.58
8109,17.22,54.1,400.0,0.07,266.31,203.19,0.05,-0.275,95.3,1,31.46,266.36
8110,18.2,52.4,400.0,0.27,234.0,178.54,0.05,-0.215,95.2,1,33.52,234.05
8111,19.35,58.5,422.0,0.21,196.38,149.83,0.11,-0.141,95.1,1,35.59,196.49
8112,19.5,54.5,433.0,0.18,156.0,119.03,0.32,0.065,94.7,1,37.53,156.32
8113,20.12,60.1,417.0,0.04,196.38,149.83,0.92,0.298,94.0,1,39.21,197.3
8114,21.63,60.1,400.0,0.12,234.0,178.54,0.52,0.274,94.1,1,40.52,234.52
8115,21.66,58.7,400.0,0.3,266.31,203.19,0.33,0.374,93.6,1,41.36,266.63
8116,22.64,59.7,400.0,0.19,291.1,222.11,0.45,0.362,93.7,1,41.67,291.55
8117,22.12,57.2,427.0,0.18,306.68,234.0,0.27,0.119,94.6,1,41.44,306.95
8118,22.1,57.5,400.0,0.01,312.0,238.06,0.62,0.507,93.0,1,40.68,312.62
8119,23.06,54.2,427.0,0.1,306.68,234.0,0.51,0.23,94.2,1,39.45,307.19
8120,22.51,51.4,1019.0,1.0,378.43,288.74,10.38,0.32,93.9,1,37.81,388.81
8121,22.37,48.5,1037.0,1.0,346.2,264.15,10.69,0.18,94.4,1,35.9,356.89
8122,21.02,44.5,1032.0,1.0,304.2,232.1,10.39,0.106,94.6,1,33.83,314.59
8123,20.17,42.7,1016.0,1.0,255.29,194.79,10.81,-0.002,94.9,1,31.75,266.1
8124,20.48,42.1,956.0,1.0,202.8,154.74,10.6,0.097,94.6,1,29.79,213.4
8125,18.26,40.1,1018.0,1.0,255.29,194.79,10.2,-0.063,95.0,1,28.1,265.49
8126,18.93,42.2,1003.0,1.0,304.2,232.1,10.16,-0.228,95.2,1,26.78,314.36
8127,18.35,40.4,989.0,1.0,346.2,264.15,10.26,-0.112,95.1,1,25.93,356.46
8128,17.64,41.9,1041.0,1.0,378.43,288.74,10.92,0.179,94.4,1,25.61,389.35
8129,16.57,39.8,995.0,1.0,398.69,304.2,10.82,-0.381,95.3,1,25.82,409.51
8130,16.41,46.5,984.0,1.0,405.6,309.47,10.97,-0.318,95.3,1,26.57,416.57
8131,16.82,45.8,434.0,0.26,306.68,234.0,0.74,-0.427,95.3,1,27.8,307.43
8132,16.58,47.4,400.0,0.28,291.1,222.11,0.91,-0.303,95.3,1,29.42,292.01
8133,17.22,55.4,400.0,0.02,266.31,203.19,0.36,-0.678,94.9,1,31.32,266.66
8134,18.65,56.0,400.0,0.21,234.0,178.54,0.62,-0.791,94.7,0,33.38,234.62
8135,19.38,58.7,400.0,0.03,196.38,149.83,0.39,-0.552,95.2,1,35.45,196.77
8136,19.31,59.3,400.0,0.02,156.0,119.03,0.86,-0.125,95.1,1,37.39,156.86
8137,20.95,59.3,419.0,0.08,196.38,149.83,1.0,0.403,93.5,1,39.07,197.37
8138,21.57,59.4,400.0,0.03,234.0,178.54,0.75,0.301,93.9,1,40.38,234.75
8139,22.72,61.3,400.0,0.2,266.31,203.19,0.78,0.275,94.1,1,41.22,267.09
8140,22.73,61.2,409.0,0.21,291.1,222.11,0.88,0.547,92.8,1,41.53,291.98
8141,23.28,57.3,400.0,0.19,306.68,234.0,0.1,0.554,92.7,1,41.3,306.78
8142,23.09,59.5,400.0,0.17,312.0,238.06,0.48,0.229,94.2,1,40.54,312.48
8143,23.25,52.6,438.0,0.23,306.68,234.0,0.73,0.577,92.6,1,39.3,307.42
8144,21.82,47.7,1002.0,1.0,378.43,288.74,10.61,0.599,92.5,1,37.67,389.03
8145,21.93,44.4,1045.0,1.0,346.2,264.15,10.54,0.774,91.4,0,35.76,356.74
8146,21.35,42.0,998.0,1.0,304.2,232.1,10.39,0.234,94.2,1,33.69,314.59
8147,20.53,42.4,1030.0,1.0,255.29,194.79,10.22,0.468,93.2,1,31.6,265.51
8148,20.1,41.1,984.0,1.0,202.8,154.74,10.92,-0.081,95.0,1,29.65,213.72
8149,19.42,41.8,1003.0,1.0,255.29,194.79,10.73,0.336,93.8,1,27.96,266.02
8150,18.58,40.0,972.0,1.0,304.2,232.1,10.61,-0.369,95.3,1,26.64,314.81
8151,17.67,41.9,976.0,1.0,346.2,264.15,10.09,-0.225,95.2,1,25.79,356.29
8152,16.92,41.2,993.0,1.0,378.43,288.74,10.11,-0.376,95.3,1,25.46,388.54
8153,17.54,42.6,960.0,1.0,398.69,304.2,10.43,-0.185,95.2,1,25.68,409.12
8154,17.07,43.4,1005.0,1.0,405.6,309.47,10.13,-0.229,95.2,1,26.43,415.73
8155,16.49,49.8,400.0,0.03,306.68,234.0,0.15,-0.691,94.9,1,27.65,306.83
8156,17.21,46.5,407.0,0.03,291.1,222.11,0.08,-0.5,95.2,1,29.27,291.18
8157,16.91,52.7,400.0,0.24,266.31,203.19,0.29,0.072,94.7,1,31.18,266.6
8158,18.43,54.2,421.0,0.19,234.0,178.54,0.01,-0.23,95.2,1,33.24,234.01
8159,19.04,58.3,451.0,0.23,196.38,149.83,0.73,0.033,94.8,1,35.31,197.11
8160,19.63,58.4,445.0,0.27,156.0,119.03,0.6,-0.214,95.2,1,37.25,156.6
8161,21.49,59.5,457.0,0.07,196.38,149.83,0.51,0.08,94.7,1,38.93,196.88
8162,20.84,59.5,401.0,0.11,234.0,178.54,0.99,0.108,94.6,1,40.23,234.99
8163,22.4,62.6,400.0,0.24,266.31,203.19,0.48,0.539,92.8,1,41.07,266.79
8164,23.62,58.9,415.0,0.08,291.1,222.11,0.87,0.581,92.6,1,41.39,291.97
8165,23.37,61.3,400.0,0.15,306.68,234.0,0.19,0.728,91.7,0,41.16,306.87
8166,22.92,55.9,400.0,0.13,312.0,238.06,0.26,0.283,94.0,1,40.4,312.26
8167,22.27,53.1,425.0,0.18,306.68,234.0,0.33,0.593,92.5,1,39.16,307.01
8168,21.86,50.2,993.0,1.0,378.43,288.74,10.99,0.437,93.3,1,37.53,389.42
8169,21.86,49.0,956.0,1.0,346.2,264.15,10.91,-0.135,95.1,1,35.61,357.11
8170,21.1,44.2,985.0,1.0,304.2,232.1,10.45,0.343,93.8,1,33.54,314.65
8171,20.37,43.6,994.0,1.0,255.29,194.79,10.84,0.388,93.6,1,31.46,266.13
8172,19.79,41.6,1000.0,1.0,202.8,154.74,10.23,0.314,93.9,1,29.5,213.03
8173,19.13,41.1,1001.0,1.0,255.29,194.79,10.59,-0.136,95.1,1,27.81,265.88
8174,18.7,40.7,1041.0,1.0,304.2,232.1,10.16,-0.084,95.1,1,26.5,314.36
8175,17.22,41.0,961.0,1.0,346.2,264.15,10.58,-0.244,95.2,1,25.65,356.78
8176,17.03,41.3,995.0,1.0,378.43,288.74,10.22,-0.585,95.1,1,25.32,388.65
8177,16.99,45.7,974.0,1.0,398.69,304.2,10.59,-0.662,95.0,1,25.54,409.28
8178,16.88,45.4,1038.0,1.0,405.6,309.47,10.43,-0.51,95.2,1,26.28,416.03
8179,18.0,52.2,400.0,0.11,306.68,234.0,0.56,-0.53,95.2,1,27.51,307.24
8180,17.5,49.6,400.0,0.04,291.1,222.11,0.16,-0.415,95.3,1,29.13,291.26
8181,17.05,54.0,431.0,0.12,266.31,203.19,0.51,-0.437,95.3,1,31.03,266.82
8182,18.7,53.1,440.0,0.23,234.0,178.54,0.32,-0.208,95.2,1,33.09,234.32
8183,19.49,59.5,444.0,0.09,196.38,149.83,0.14,-0.343,95.3,1,35.16,196.52
8184,19.93,57.0,400.0,0.14,156.0,119.03,0.5,0.305,93.9,1,37.1,156.5
8185,20.17,60.4,414.0,0.04,196.38,149.83,0.14,-0.235,95.2,1,38.78,196.51
8186,22.38,59.5,408.0,0.21,234.0,178.54,0.43,0.234,94.2,1,40.09,234.43
8187,21.59,60.7,400.0,0.1,266.31,203.19,0.32,0.313,93.9,1,40.93,266.63
8188,22.93,58.4,402.0,0.04,291.1,222.11,0.54,0.406,93.5,1,41.24,291.64
8189,23.01,55.8,439.0,0.29,306.68,234.0,0.48,0.314,93.9,1,41.01,307.17
8190,23.31,54.9,431.0,0.23,312.0,238.06,0.13,0.198,94.3,1,40.25,312.13
8191,23.77,56.1,427.0,0.2,306.68,234.0,0.28,0.531,92.9,1,39.01,306.96
8192,22.9,51.4,406.0,0.22,291.1,222.11,0.56,0.392,93.6,1,37.38,291.66
8193,21.86,45.3,468.0,0.13,266.31,203.19,0.83,0.43,93.4,1,35.46,267.14
8194,22.08,47.6,400.0,0.09,234.0,178.54,0.06,-0.08,95.0,1,33.39,234.06
8195,20.49,41.5,400.0,0.15,196.38,149.83,0.09,0.473,93.2,1,31.31,196.47
8196,20.11,43.1,400.0,0.25,156.0,119.03,0.8,-0.016,94.9,1,29.36,156.8
8197,18.61,41.6,402.0,0.29,196.38,149.83,0.34,-0.738,94.8,0,27.67,196.72
8198,18.02,41.2,439.0,0.18,234.0,178.54,0.26,-0.212,95.2,1,26.35,234.26
8199,17.95,43.9,400.0,0.11,266.31,203.19,0.23,-0.448,95.3,1,25.5,266.54
8200,17.63,39.5,415.0,0.22,291.1,222.11,0.97,-0.66,95.0,1,25.17,292.07
8201,16.3,43.8,400.0,0.21,306.68,234.0,0.51,-0.237,95.2,1,25.39,307.2
8202,17.3,47.1,432.0,0.07,312.0,238.06,0.16,-0.314,95.3,1,26.14,312.16
8203,16.75,45.7,402.0,0.13,306.68,234.0,0.41,-0.415,95.3,1,27.36,307.09
8204,18.1,48.0,400.0,0.04,291.1,222.11,0.26,-0.418,95.3,1,28.98,291.36
8205,17.76,51.6,464.0,0.12,266.31,203.19,0.17,-0.253,95.2,1,30.89,266.48
8206,18.0,55.2,432.0,0.23,234.0,178.54,0.98,-0.566,95.1,1,32.94,234.98
8207,19.33,53.9,400.0,0.09,196.38,149.83,0.45,-0.091,95.1,1,35.01,196.82
8208,19.61,59.5,400.0,0.19,156.0,119.03,0.69,0.248,94.2,1,36.96,156.69
8209,21.49,56.7,482.0,0.1,196.38,149.83,0.9,0.337,93.8,1,38.64,197.27
8210,21.58,62.6,459.0,0.04,234.0,178.54,0.21,0.04,94.8,1,39.94,234.21
8211,22.13,60.8,428.0,0.22,266.31,203.19,0.13,0.391,93.6,1,40.78,266.44
8212,22.98,62.7,400.0,0.18,291.1,222.11,0.26,0.208,94.3,1,41.09,291.36
8213,22.48,58.7,440.0,0.25,306.68,234.0,0.71,0.514,93.0,1,40.86,307.4
8214,22.45,54.8,400.0,0.2,312.0,238.06,0.38,0.35,93.7,1,40.1,312.38
8215,23.2,51.4,440.0,0.25,306.68,234.0,0.49,0.309,93.9,1,38.87,307.17
8216,22.15,50.9,400.0,0.05,291.1,222.11,0.02,0.505,93.0,1,37.23,291.12
8217,21.67,47.8,415.0,0.18,266.31,203.19,0.0,0.208,94.3,1,35.32,266.31
8218,22.02,47.8,400.0,0.11,234.0,178.54,0.41,0.091,94.7,1,33.25,234.41
8219,21.15,41.4,400.0,0.22,196.38,149.83,0.15,0.2,94.3,1,31.16,196.53
8220,19.48,45.6,419.0,0.17,156.0,119.03,0.79,-0.296,95.3,1,29.21,156.79
8221,19.03,43.0,400.0,0.02,196.38,149.83,0.95,-0.194,95.2,1,27.52,197.33
8222,18.17,39.6,471.0,0.16,234.0,178.54,0.93,-0.557,95.1,1,26.2,234.93
8223,18.89,43.8,400.0,0.22,266.31,203.19,0.47,-0.625,95.0,1,25.35,266.77
8224,17.98,39.5,400.0,0.08,291.1,222.11,0.29,-0.199,95.2,1,25.02,291.39
8225,17.02,43.0,419.0,0.2,306.68,234.0,0.48,-0.566,95.1,1,25.24,307.17
8226,17.42,42.0,439.0,0.25,312.0,238.06,0.1,-0.643,95.0,1,25.99,312.1
8227,16.56,50.7,400.0,0.02,306.68,234.0,0.94,-0.313,95.3,1,27.21,307.63
8228,17.2,46.2,400.0,0.17,291.1,222.11,0.67,-0.11,95.1,1,28.83,291.77
8229,18.07,49.2,400.0,0.27,266.31,203.19,0.29,-0.303,95.3,1,30.74,266.6
8230,18.87,53.3,400.0,0.04,234.0,178.54,0.76,-0.046,95.0,1,32.8,234.76
8231,19.32,59.4,409.0,0.08,196.38,149.83,0.25,-0.24,95.2,1,34.87,196.62
8232,20.28,60.3,400.0,0.19,156.0,119.03,0.75,0.011,94.9,1,36.81,156.75
8233,20.97,59.8,413.0,0.18,196.38,149.83,0.4,0.131,94.6,1,38.49,196.78
8234,21.58,62.0,411.0,0.24,234.0,178.54,0.86,0.315,93.9,1,39.79,234.86
8235,22.13,59.5,425.0,0.19,266.31,203.19,0.99,0.546,92.8,1,40.63,267.3
8236,22.55,59.7,400.0,0.17,291.1,222.11,0.32,0.139,94.5,1,40.94,291.42
8237,23.18,60.7,400.0,0.14,306.68,234.0,0.55,0.305,93.9,1,40.71,307.24
8238,23.38,54.9,405.0,0.02,312.0,238.06,0.24,0.403,93.5,1,39.95,312.24
8239,23.17,51.5,400.0,0.18,306.68,234.0,0.8,0.289,94.0,1,38.72,307.48
8240,22.19,51.4,1008.0,1.0,378.43,288.74,10.49,0.479,93.1,1,37.08,388.92
8241,21.8,49.4,979.0,1.0,346.2,264.15,10.98,0.397,93.5,1,35.17,357.19
8242,21.88,45.6,1019.0,1.0,304.2,232.1,10.89,0.262,94.1,1,33.1,315.09
8243,21.7,45.3,965.0,1.0,255.29,194.79,10.27,0.049,94.8,1,31.02,265.56
8244,20.27,41.2,987.0,1.0,202.8,154.74,10.12,0.27,94.1,1,29.06,212.92
8245,19.21,40.7,1034.0,1.0,255.29,194.79,10.62,-0.086,95.1,1,27.37,265.91
8246,18.81,40.8,966.0,1.0,304.2,232.1,10.32,-0.28,95.3,1,26.05,314.52
8247,17.51,40.8,1032.0,1.0,346.2,264.15,10.25,-0.34,95.3,1,25.2,356.45
8248,18.26,44.3,958.0,1.0,378.43,288.74,10.55,-0.284,95.3,1,24.87,388.98
8249,17.4,43.3,952.0,1.0,398.69,304.2,10.54,-0.44,95.3,1,25.09,409.23
8250,16.88,44.0,955.0,1.0,405.6,309.47,10.54,-0.673,95.0,1,25.84,416.14
8251,17.23,48.0,404.0,0.18,306.68,234.0,0.29,-0.13,95.1,1,27.06,306.98
8252,17.36,51.5,422.0,0.15,291.1,222.11,0.16,-0.341,95.3,1,28.68,291.26
8253,18.76,53.7,439.0,0.04,266.31,203.19,0.18,-0.584,95.1,1,30.59,266.49
8254,18.62,56.0,436.0,0.05,234.0,178.54,0.72,-0.613,95.1,1,32.65,234.72
8255,19.53,53.7,426.0,0.24,196.38,149.83,0.47,0.008,94.9,1,34.72,196.84
8256,20.52,53.4,400.0,0.1,156.0,119.03,0.47,0.259,94.1,1,36.66,156.47
8257,20.64,62.1,400.0,0.24,196.38,149.83,0.98,0.22,94.3,1,38.34,197.35
8258,21.84,60.9,424.0,0.06,234.0,178.54,0.92,0.373,93.6,1,39.64,234.92
8259,22.5,59.7,443.0,0.18,266.31,203.19,0.06,0.481,93.1,1,40.48,266.37
8260,22.07,60.3,400.0,0.15,291.1,222.11,0.8,0.434,93.4,1,40.79,291.9
8261,23.27,61.3,439.0,0.1,306.68,234.0,0.25,0.147,94.5,1,40.56,306.93
8262,23.23,58.2,400.0,0.18,312.0,238.06,0.72,0.36,93.7,1,39.8,312.72
8263,23.22,55.0,412.0,0.04,306.68,234.0,0.17,0.642,92.2,1,38.57,306.86
8264,22.87,48.7,997.0,1.0,378.43,288.74,10.15,0.55,92.8,1,36.93,388.58
8265,22.51,46.4,994.0,1.0,346.2,264.15,10.94,0.314,93.9,1,35.02,357.14
8266,22.43,40.6,1001.0,1.0,304.2,232.1,10.56,0.14,94.5,1,32.95,314.76
8267,20.46,44.5,974.0,1.0,255.29,194.79,10.35,0.164,94.4,1,30.86,265.64
8268,20.1,43.8,1013.0,1.0,202.8,154.74,10.89,-0.069,95.0,1,28.91,213.69
8269,19.83,42.9,1002.0,1.0,255.29,194.79,10.29,-0.145,95.1,1,27.22,265.58
8270,19.02,41.4,1028.0,1.0,304.2,232.1,10.06,-0.224,95.2,1,25.9,314.26
8271,18.39,39.9,1048.0,1.0,346.2,264.15,10.39,-0.509,95.2,1,25.05,356.6
8272,19.06,40.0,1004.0,1.0,378.43,288.74,10.71,-0.273,95.3,1,24.72,389.14
8273,17.7,41.0,975.0,1.0,398.69,304.2,10.66,-0.516,95.2,1,24.94,409.35
8274,17.86,44.3,966.0,1.0,405.6,309.47,10.47,-0.402,95.3,1,25.69,416.07
8275,17.24,45.0,451.0,0.21,306.68,234.0,0.51,-0.47,95.2,1,26.91,307.19
8276,17.2,53.0,447.0,0.13,291.1,222.11,0.53,-0.125,95.1,1,28.53,291.63
8277,18.02,49.5,427.0,0.01,266.31,203.19,0.37,-0.245,95.2,1,30.44,266.68
8278,19.16,54.2,402.0,0.26,234.0,178.54,0.08,-0.168,95.2,1,32.49,234.08
8279,19.74,52.9,424.0,0.16,196.38,149.83,0.16,-0.055,95.0,1,34.56,196.53
8280,20.51,59.0,439.0,0.09,156.0,119.03,0.72,0.417,93.4,1,36.51,156.72
8281,20.99,59.5,400.0,0.21,196.38,149.83,0.81,0.121,94.6,1,38.19,197.19
8282,21.63,59.3,401.0,0.15,234.0,178.54,0.4,0.283,94.0,1,39.49,234.4
8283,22.35,57.9,400.0,0.01,266.31,203.19,0.33,0.375,93.6,1,40.33,266.64
8284,23.29,58.9,400.0,0.2,291.1,222.11,0.61,0.04,94.8,1,40.64,291.71
8285,23.65,56.3,446.0,0.29,306.68,234.0,0.02,0.502,93.0,1,40.41,306.71
8286,22.83,55.1,432.0,0.07,312.0,238.06,0.57,0.703,91.8,0,39.65,312.57
8287,23.61,57.0,404.0,0.26,306.68,234.0,0.47,0.586,92.6,1,38.41,307.15
8288,22.61,50.8,919.0,1.0,378.43,288.74,10.44,0.735,91.6,0,36.78,388.87
8289,22.7,48.9,980.0,1.0,346.2,264.15,10.0,0.511,93.0,1,34.86,356.2
8290,21.75,44.5,1003.0,1.0,304.2,232.1,10.94,0.35,93.7,1,32.8,315.14
8291,21.91,41.7,994.0,1.0,255.29,194.79,10.17,0.307,93.9,1,30.71,265.46
8292,20.14,41.5,1001.0,1.0,202.8,154.74,10.11,0.073,94.7,1,28.76,212.91
8293,19.67,45.5,1007.0,1.0,255.29,194.79,10.39,-0.186,95.2,1,27.07,265.67
8294,19.16,39.4,984.0,1.0,304.2,232.1,10.78,-0.276,95.3,1,25.75,314.98
8295,17.8,41.0,1000.0,1.0,346.2,264.15,10.76,-0.83,94.6,0,24.9,356.97
8296,17.73,39.5,996.0,1.0,378.43,288.74,10.51,-0.114,95.1,1,24.57,388.94
8297,17.34,37.1,979.0,1.0,398.69,304.2,10.55,-0.523,95.2,1,24.79,409.24
8298,17.12,43.0,1055.0,1.0,405.6,309.47,10.46,-0.709,94.9,0,25.53,416.06
8299,17.26,51.7,400.0,0.25,306.68,234.0,0.03,-0.556,95.1,1,26.76,306.71
8300,18.34,50.7,400.0,0.24,291.1,222.11,0.28,-0.082,95.1,1,28.38,291.38
8301,17.96,55.4,453.0,0.16,266.31,203.19,0.39,-0.339,95.3,1,30.28,266.7
8302,19.17,53.9,400.0,0.03,234.0,178.54,0.55,-0.199,95.2,1,32.34,234.55
8303,19.77,52.0,427.0,0.22,196.38,149.83,0.66,0.288,94.0,1,34.41,197.03
8304,19.7,56.2,400.0,0.03,156.0,119.03,0.99,0.167,94.4,1,36.35,156.99
8305,21.43,60.3,417.0,0.03,196.38,149.83,0.51,0.072,94.7,1,38.03,196.88
8306,21.19,60.5,400.0,0.08,234.0,178.54,0.67,-0.09,95.1,1,39.34,234.67
8307,22.84,59.7,430.0,0.28,266.31,203.19,0.96,0.481,93.1,1,40.17,267.27
8308,22.75,57.8,400.0,0.22,291.1,222.11,0.28,0.297,94.0,1,40.49,291.38
8309,23.31,59.3,400.0,0.02,306.68,234.0,0.45,0.615,92.4,1,40.26,307.14
8310,22.77,54.4,408.0,0.28,312.0,238.06,0.72,0.49,93.1,1,39.5,312.72
8311,23.38,53.7,400.0,0.24,306.68,234.0,0.57,0.565,92.7,1,38.26,307.25
8312,23.48,50.9,942.0,1.0,378.43,288.74,10.89,0.612,92.4,1,36.63,389.32
8313,22.14,47.1,982.0,1.0,346.2,264.15,10.57,0.008,94.9,1,34.71,356.77
8314,21.62,43.7,1086.0,1.0,304.2,232.1,10.92,0.276,94.1,1,32.64,315.12
8315,21.43,42.4,945.0,1.0,255.29,194.79,10.15,0.126,94.6,1,30.56,265.44
8316,20.67,45.3,1007.0,1.0,202.8,154.74,10.8,0.058,94.8,1,28.6,213.6
8317,18.44,42.7,993.0,1.0,255.29,194.79,10.21,-0.029,95.0,1,26.91,265.5
8318,19.95,42.1,1055.0,1.0,304.2,232.1,10.05,-0.22,95.2,1,25.6,314.25
8319,18.59,38.7,967.0,1.0,346.2,264.15,10.11,-0.483,95.2,1,24.74,356.31
8320,18.2,38.2,1003.0,1.0,378.43,288.74,10.58,-0.659,95.0,1,24.42,389.01
8321,17.48,44.8,1021.0,1.0,398.69,304.2,10.29,-0.801,94.7,0,24.63,408.98
8322,16.53,46.4,995.0,1.0,405.6,309.47,10.14,-0.476,95.2,1,25.38,415.74
8323,17.9,47.2,400.0,0.22,306.68,234.0,0.63,-0.378,95.3,1,26.61,307.31
8324,17.58,48.8,400.0,0.3,291.1,222.11,0.49,-0.501,95.2,1,28.23,291.59
8325,18.62,49.2,400.0,0.22,266.31,203.19,0.38,-0.187,95.2,1,30.13,266.69
8326,18.86,56.3,400.0,0.13,234.0,178.54,0.54,-0.273,95.3,1,32.19,234.54
8327,19.81,59.1,428.0,0.22,196.38,149.83,0.86,-0.147,95.1,1,34.26,197.24
8328,20.09,57.1,412.0,0.26,156.0,119.03,0.72,-0.288,95.3,1,36.2,156.72
8329,21.69,58.0,417.0,0.23,196.38,149.83,0.5,0.041,94.8,1,37.88,196.87
8330,21.39,62.5,410.0,0.0,234.0,178.54,0.82,0.434,93.4,1,39.18,234.82
8331,23.73,58.5,429.0,0.04,266.31,203.19,0.86,0.633,92.3,1,40.02,267.17
8332,24.21,62.4,439.0,0.03,291.1,222.11,0.38,0.395,93.5,1,40.33,291.48
8333,24.21,57.2,400.0,0.01,306.68,234.0,0.15,0.656,92.1,1,40.1,306.83
8334,24.13,54.6,425.0,0.21,312.0,238.06,0.12,0.783,91.3,0,39.34,312.12
8335,23.35,53.1,400.0,0.08,306.68,234.0,0.64,0.295,94.0,1,38.11,307.32
8336,23.68,49.7,932.0,1.0,378.43,288.74,10.94,0.497,93.0,1,36.47,389.37
8337,22.58,50.1,1055.0,1.0,346.2,264.15,10.04,0.392,93.6,1,34.56,356.24
8338,21.23,47.2,990.0,1.0,304.2,232.1,10.5,0.465,93.2,1,32.49,314.7
8339,22.04,45.4,1008.0,1.0,255.29,194.79,10.19,-0.038,95.0,1,30.4,265.48
8340,21.08,42.0,963.0,1.0,202.8,154.74,10.53,0.063,94.7,1,28.45,213.33
8341,19.73,39.6,962.0,1.0,255.29,194.79,10.86,-0.181,95.2,1,26.76,266.15
8342,18.41,40.0,979.0,1.0,304.2,232.1,10.79,-0.165,95.2,1,25.44,314.99
8343,18.11,39.4,1019.0,1.0,346.2,264.15,10.97,-0.109,95.1,1,24.59,357.17
8344,17.02,44.0,985.0,1.0,378.43,288.74,10.48,-0.138,95.1,1,24.26,388.91
8345,18.11,44.6,990.0,1.0,398.69,304.2,10.66,-0.237,95.2,1,24.48,409.35
8346,16.74,44.4,978.0,1.0,405.6,309.47,10.9,-0.698,94.9,1,25.23,416.5
8347,17.79,45.1,435.0,0.19,306.68,234.0,0.7,-0.578,95.1,1,26.45,307.38
8348,17.52,52.6,426.0,0.3,291.1,222.11,0.96,-0.232,95.2,1,28.07,292.06
8349,17.71,52.4,400.0,0.09,266.31,203.19,0.25,-0.233,95.2,1,29.97,266.55
8350,19.17,54.3,421.0,0.01,234.0,178.54,0.13,-0.303,95.3,1,32.03,234.13
8351,19.61,59.8,400.0,0.23,196.38,149.83,0.15,-0.313,95.3,1,34.1,196.52
8352,20.98,57.4,400.0,0.09,156.0,119.03,0.85,-0.781,94.7,0,36.04,156.85
8353,20.7,58.9,400.0,0.1,196.38,149.83,0.05,-0.189,95.2,1,37.72,196.43
8354,21.69,59.5,419.0,0.27,234.0,178.54,0.81,0.189,94.4,1,39.03,234.81
8355,21.5,57.1,400.0,0.17,266.31,203.19,0.46,0.295,94.0,1,39.86,266.77
8356,22.08,59.5,415.0,0.12,291.1,222.11,0.69,0.515,92.9,1,40.18,291.79
8357,24.37,55.9,475.0,0.29,306.68,234.0,0.75,0.603,92.5,1,39.95,307.43
8358,24.62,54.3,405.0,0.08,312.0,238.06,0.42,0.952,90.1,0,39.19,312.42
8359,23.53,51.6,401.0,0.01,306.68,234.0,0.15,0.329,93.8,1,37.95,306.83
8360,22.77,49.3,400.0,0.07,291.1,222.11,0.62,0.043,94.8,1,36.32,291.72
8361,22.56,46.2,414.0,0.01,266.31,203.19,0.96,0.168,94.4,1,34.4,267.27
8362,22.53,45.9,400.0,0.12,234.0,178.54,0.03,0.585,92.6,1,32.33,234.03
8363,21.11,43.0,451.0,0.25,196.38,149.83,0.23,0.132,94.5,1,30.25,196.6
8364,20.72,41.7,429.0,0.29,156.0,119.03,0.87,0.202,94.3,1,28.29,156.87
8365,19.82,45.2,400.0,0.21,196.38,149.83,0.07,-0.242,95.2,1,26.6,196.45
8366,18.82,39.7,401.0,0.28,234.0,178.54,0.01,-0.35,95.3,1,25.28,234.01
8367,18.22,41.4,400.0,0.12,266.31,203.19,0.88,-0.696,94.9,1,24.43,267.19
8368,18.16,42.6,409.0,0.09,291.1,222.11,0.77,-0.499,95.2,1,24.1,291.87
8369,17.23,42.5,402.0,0.05,306.68,234.0,0.25,-0.481,95.2,1,24.32,306.94
8370,17.85,45.1,407.0,0.15,312.0,238.06,0.97,-0.326,95.3,1,25.07,312.97
8371,17.49,47.0,400.0,0.1,306.68,234.0,0.71,-0.371,95.3,1,26.29,307.4
8372,18.09,49.9,400.0,0.03,291.1,222.11,0.12,-0.036,95.0,1,27.91,291.22
8373,19.2,51.0,434.0,0.28,266.31,203.19,0.46,-0.384,95.3,1,29.82,266.77
8374,19.05,53.6,400.0,0.04,234.0,178.54,0.87,-0.201,95.2,1,31.87,234.87
8375,20.32,56.8,400.0,0.22,196.38,149.83,0.67,-0.133,95.1,1,33.94,197.04
8376,19.74,54.5,400.0,0.02,156.0,119.03,0.59,-0.139,95.1,1,35.89,156.59
8377,21.18,62.5,472.0,0.16,196.38,149.83,0.42,0.211,94.3,1,37.57,196.79
8378,22.16,64.3,425.0,0.2,234.0,178.54,0.25,0.195,94.3,1,38.87,234.25
8379,23.73,60.1,400.0,0.07,266.31,203.19,0.61,0.686,92.0,1,39.71,266.92
8380,22.27,60.2,400.0,0.02,291.1,222.11,0.15,0.275,94.1,1,40.02,291.25
8381,23.51,59.6,420.0,0.18,306.68,234.0,0.81,0.415,93.5,1,39.79,307.49
8382,24.39,52.8,400.0,0.18,312.0,238.06,0.21,0.251,94.1,1,39.03,312.21
8383,23.17,54.9,400.0,0.09,306.68,234.0,0.12,0.551,92.8,1,37.79,306.8
8384,23.16,49.6,412.0,0.11,291.1,222.11,0.07,0.168,94.4,1,36.16,291.17
8385,22.96,52.5,448.0,0.01,266.31,203.19,0.81,0.352,93.7,1,34.24,267.12
8386,22.27,45.0,400.0,0.09,234.0,178.54,0.47,0.016,94.9,1,32.17,234.47
8387,22.24,45.1,447.0,0.26,196.38,149.83,0.4,-0.067,95.0,1,30.09,196.77
8388,20.91,41.2,400.0,0.05,156.0,119.03,0.52,-0.153,95.2,1,28.14,156.52
8389,20.57,44.9,400.0,0.14,196.38,149.83,0.59,0.016,94.9,1,26.44,196.96
8390,19.01,39.0,422.0,0.2,234.0,178.54,0.88,-0.269,95.3,1,25.13,234.88
8391,18.2,42.6,416.0,0.24,266.31,203.19,0.34,-0.378,95.3,1,24.28,266.65
8392,17.98,42.4,422.0,0.02,291.1,222.11,0.19,-0.321,95.3,1,23.95,291.29
8393,17.22,43.4,421.0,0.18,306.68,234.0,0.87,-0.615,95.1,1,24.16,307.55
8394,17.94,45.1,406.0,0.19,312.0,238.06,0.48,-0.893,94.4,0,24.91,312.48
8395,17.62,45.6,400.0,0.06,306.68,234.0,0.58,-0.703,94.9,0,26.14,307.26
8396,17.78,44.4,400.0,0.01,291.1,222.11,0.16,-0.49,95.2,1,27.76,291.26
8397,18.84,54.3,400.0,0.25,266.31,203.19,0.86,-0.363,95.3,1,29.66,267.17
8398,18.64,53.6,400.0,0.13,234.0,178.54,0.94,-0.138,95.1,1,31.72,234.94
8399,20.33,59.1,400.0,0.02,196.38,149.83,0.45,-0.158,95.2,1,33.79,196.82
8400,20.48,59.1,400.0,0.17,156.0,119.03,0.02,0.203,94.3,1,35.73,156.02
8401,22.08,61.9,400.0,0.11,196.38,149.83,0.03,0.202,94.3,1,37.41,196.4
8402,22.03,61.6,400.0,0.02,234.0,178.54,0.3,-0.032,95.0,1,38.71,234.3
8403,23.17,54.8,400.0,0.09,266.31,203.19,0.49,-0.156,95.2,1,39.55,266.8
8404,23.42,60.1,400.0,0.1,291.1,222.11,0.43,0.232,94.2,1,39.86,291.53
8405,24.01,56.7,400.0,0.17,306.68,234.0,0.57,0.511,93.0,1,39.63,307.25
8406,23.8,57.7,400.0,0.12,312.0,238.06,0.26,0.574,92.6,1,38.87,312.26
8407,22.81,54.2,400.0,0.03,306.68,234.0,0.21,0.462,93.2,1,37.63,306.89
8408,23.85,51.7,1047.0,1.0,378.43,288.74,10.97,0.457,93.2,1,36.0,389.4
8409,22.83,47.3,957.0,1.0,346.2,264.15,10.28,0.618,92.4,1,34.09,356.48
8410,22.65,43.6,975.0,1.0,304.2,232.1,10.95,0.253,94.1,1,32.01,315.15
8411,21.88,42.4,962.0,1.0,255.29,194.79,10.57,0.199,94.3,1,29.93,265.86
8412,20.38,38.0,1039.0,1.0,202.8,154.74,10.07,0.319,93.9,1,27.98,212.87
8413,19.53,39.3,1013.0,1.0,255.29,194.79,10.6,-0.492,95.2,1,26.28,265.88
8414,19.6,37.1,986.0,1.0,304.2,232.1,10.99,0.092,94.7,1,24.97,315.19
8415,18.5,37.4,984.0,1.0,346.2,264.15,10.84,-0.865,94.5,0,24.12,357.04
8416,18.65,41.3,1005.0,1.0,378.43,288.74,10.3,-0.598,95.1,1,23.79,388.73
8417,17.8,43.7,963.0,1.0,398.69,304.2,10.1,-0.595,95.1,1,24.01,408.79
8418,18.3,44.5,1011.0,1.0,405.6,309.47,10.46,-0.827,94.6,0,24.75,416.06
8419,18.1,46.0,400.0,0.12,306.68,234.0,0.1,-0.516,95.2,1,25.98,306.78
8420,18.34,47.6,416.0,0.3,291.1,222.11,0.3,-0.443,95.3,1,27.6,291.4
8421,18.49,51.5,415.0,0.03,266.31,203.19,0.92,-0.206,95.2,1,29.5,267.23
8422,19.42,52.9,400.0,0.25,234.0,178.54,0.65,-0.108,95.1,1,31.56,234.65
8423,20.62,56.6,400.0,0.08,196.38,149.83,0.78,-0.095,95.1,1,33.63,197.16
8424,20.78,55.4,400.0,0.28,156.0,119.03,0.54,0.224,94.2,1,35.57,156.54
8425,21.85,60.9,400.0,0.26,196.38,149.83,0.17,0.258,94.1,1,37.25,196.54
8426,22.34,58.9,402.0,0.23,234.0,178.54,0.15,0.185,94.4,1,38.55,234.15
8427,23.0,60.5,400.0,0.18,266.31,203.19,0.77,0.377,93.6,1,39.39,267.07
8428,24.28,60.7,400.0,0.06,291.1,222.11,0.43,0.306,93.9,1,39.7,291.53
8429,24.32,58.1,400.0,0.14,306.68,234.0,0.5,0.238,94.2,1,39.47,307.18
8430,23.87,57.0,436.0,0.01,312.0,238.06,0.18,0.586,92.6,1,38.71,312.18
8431,23.84,48.9,400.0,0.21,306.68,234.0,0.36,0.183,94.4,1,37.48,307.05
8432,23.08,49.5,1071.0,1.0,378.43,288.74,10.13,0.396,93.5,1,35.84,388.56
8433,22.87,50.1,1001.0,1.0,346.2,264.15,10.2,-0.106,95.1,1,33.93,356.41
8434,22.5,46.4,1011.0,1.0,304.2,232.1,10.89,0.264,94.1,1,31.86,315.09
8435,22.05,47.0,1001.0,1.0,255.29,194.79,10.72,-0.016,94.9,1,29.77,266.01
8436,21.22,45.0,1010.0,1.0,202.8,154.74,10.85,0.114,94.6,1,27.82,213.65
8437,19.52,41.1,1033.0,1.0,255.29,194.79,10.87,-0.174,95.2,1,26.12,266.16
8438,19.84,39.5,1033.0,1.0,304.2,232.1,10.59,-0.276,95.3,1,24.81,314.79
8439,18.69,38.3,947.0,1.0,346.2,264.15,10.3,-0.343,95.3,1,23.96,356.51
8440,17.77,40.2,1026.0,1.0,378.43,288.74,10.49,-0.555,95.2,1,23.63,388.92
8441,18.64,41.8,1015.0,1.0,398.69,304.2,10.02,-0.596,95.1,1,23.85,408.71
8442,18.6,43.4,1001.0,1.0,405.6,309.47,10.82,-0.613,95.1,1,24.59,416.42
8443,18.11,45.1,451.0,0.13,306.68,234.0,0.8,-0.508,95.2,1,25.82,307.49
8444,18.63,50.3,453.0,0.3,291.1,222.11,0.51,-0.544,95.2,1,27.44,291.61
8445,19.14,55.5,427.0,0.07,266.31,203.19,0.38,-0.263,95.3,1,29.34,266.69
8446,20.08,56.5,400.0,0.12,234.0,178.54,0.17,-0.604,95.1,1,31.4,234.17
8447,20.47,56.1,400.0,0.28,196.38,149.83,0.08,-0.429,95.3,1,33.47,196.45
8448,20.23,60.4,423.0,0.27,156.0,119.03,0.32,0.378,93.6,1,35.41,156.32
8449,22.68,60.2,441.0,0.15,196.38,149.83,0.94,0.043,94.8,1,37.09,197.31
8450,22.93,59.9,400.0,0.04,234.0,178.54,0.07,0.047,94.8,1,38.39,234.07
8451,22.77,59.6,433.0,0.12,266.31,203.19,0.95,0.348,93.8,1,39.23,267.26
8452,22.99,58.5,400.0,0.18,291.1,222.11,0.53,0.586,92.6,1,39.54,291.63
8453,24.06,58.7,400.0,0.08,306.68,234.0,0.44,0.611,92.4,1,39.31,307.13
8454,23.77,55.7,414.0,0.06,312.0,238.06,0.12,0.35,93.7,1,38.55,312.12
8455,23.98,51.6,427.0,0.16,306.68,234.0,0.07,0.38,93.6,1,37.31,306.76
8456,23.89,48.9,989.0,1.0,378.43,288.74,10.54,0.366,93.7,1,35.68,388.97
8457,22.76,48.5,968.0,1.0,346.2,264.15,10.6,0.416,93.4,1,33.76,356.8
8458,21.87,46.3,1051.0,1.0,304.2,232.1,10.43,0.259,94.1,1,31.69,314.63
8459,21.9,42.6,980.0,1.0,255.29,194.79,10.29,-0.054,95.0,1,29.61,265.58
8460,20.67,39.3,1035.0,1.0,202.8,154.74,10.01,-0.102,95.1,1,27.66,212.81
8461,20.23,43.0,955.0,1.0,255.29,194.79,10.27,-0.182,95.2,1,25.96,265.56
8462,18.77,42.1,1012.0,1.0,304.2,232.1,10.71,0.046,94.8,1,24.65,314.91
8463,18.7,36.3,1012.0,1.0,346.2,264.15,10.61,-0.389,95.3,1,23.8,356.81
8464,18.71,43.8,1026.0,1.0,378.43,288.74,10.16,0.229,94.2,1,23.47,388.59
8465,18.36,42.2,1045.0,1.0,398.69,304.2,10.79,-0.537,95.2,1,23.68,409.48
8466,17.56,45.0,976.0,1.0,405.6,309.47,10.15,-0.837,94.5,0,24.43,415.75
8467,17.48,49.2,416.0,0.05,306.68,234.0,0.8,-0.413,95.3,1,25.66,307.48
8468,18.37,52.8,400.0,0.21,291.1,222.11,0.51,-0.224,95.2,1,27.28,291.61
8469,19.12,54.1,400.0,0.26,266.31,203.19,0.72,-0.259,95.3,1,29.18,267.03
8470,19.67,55.1,400.0,0.12,234.0,178.54,0.08,-0.211,95.2,1,31.24,234.08
8471,19.94,54.0,412.0,0.2,196.38,149.83,0.74,-0.205,95.2,1,33.31,197.12
8472,21.12,54.4,450.0,0.27,156.0,119.03,0.72,-0.057,95.0,1,35.25,156.72
8473,22.51,61.3,456.0,0.23,196.38,149.83,0.18,-0.336,95.3,1,36.93,196.55
8474,22.58,62.7,400.0,0.04,234.0,178.54,0.14,0.422,93.4,1,38.23,234.14
8475,22.29,58.1,409.0,0.09,266.31,203.19,0.75,0.278,94.0,1,39.07,267.06
8476,23.69,58.3,428.0,0.16,291.1,222.11,0.42,0.662,92.1,1,39.38,291.52
8477,24.91,56.3,423.0,0.08,306.68,234.0,0.65,0.376,93.6,1,39.15,307.33
8478,23.35,54.2,400.0,0.15,312.0,238.06,0.01,0.489,93.1,1,38.39,312.01
8479,23.91,55.2,402.0,0.29,306.68,234.0,0.18,0.733,91.7,0,37.15,306.87
8480,23.49,50.9,997.0,1.0,378.43,288.74,10.75,0.7,91.9,0,35.52,389.18
8481,23.18,47.4,994.0,1.0,346.2,264.15,10.2,0.522,92.9,1,33.6,356.4
8482,22.61,50.7,990.0,1.0,304.2,232.1,10.08,-0.124,95.1,1,31.53,314.28
8483,22.36,40.4,996.0,1.0,255.29,194.79,10.18,-0.126,95.1,1,29.45,265.46
8484,21.06,42.7,988.0,1.0,202.8,154.74,10.83,0.14,94.5,1,27.5,213.63
8485,20.88,38.4,966.0,1.0,255.29,194.79,10.35,-0.269,95.3,1,25.8,265.64
8486,19.46,39.7,1026.0,1.0,304.2,232.1,10.53,-0.235,95.2,1,24.49,314.73
8487,18.73,40.5,1015.0,1.0,346.2,264.15,10.58,-0.312,95.3,1,23.63,356.78
8488,18.1,42.8,1056.0,1.0,378.43,288.74,10.37,-0.382,95.3,1,23.31,388.8
8489,17.23,42.1,1011.0,1.0,398.69,304.2,10.09,-0.694,94.9,1,23.52,408.78
8490,18.18,43.9,987.0,1.0,405.6,309.47,10.26,-0.295,95.3,1,24.27,415.86
8491,19.17,46.4,400.0,0.02,306.68,234.0,0.16,-0.588,95.1,1,25.49,306.84
8492,18.68,47.4,401.0,0.12,291.1,222.11,0.91,-0.315,95.3,1,27.11,292.01
8493,19.27,53.4,417.0,0.22,266.31,203.19,0.74,-0.395,95.3,1,29.02,267.05
8494,19.35,55.1,400.0,0.11,234.0,178.54,0.82,0.134,94.5,1,31.07,234.82
8495,20.16,57.6,400.0,0.3,196.38,149.83,0.81,0.16,94.5,1,33.14,197.19
8496,21.55,58.3,400.0,0.07,156.0,119.03,0.0,0.426,93.4,1,35.08,156.0
8497,22.84,59.1,401.0,0.15,196.38,149.83,0.75,0.46,93.2,1,36.76,197.12
8498,23.31,62.3,422.0,0.2,234.0,178.54,0.48,0.223,94.2,1,38.07,234.48
8499,23.59,61.8,400.0,0.16,266.31,203.19,0.77,0.247,94.2,1,38.91,267.08
8500,23.69,61.7,408.0,0.01,291.1,222.11,0.96,0.206,94.3,1,39.22,292.06
8501,24.08,58.1,407.0,0.15,306.68,234.0,0.36,0.536,92.8,1,38.99,307.04
8502,23.7,58.1,400.0,0.29,312.0,238.06,0.6,0.505,93.0,1,38.23,312.6
8503,23.26,52.2,400.0,0.12,306.68,234.0,0.3,0.474,93.2,1,36.99,306.99
8504,23.12,50.1,978.0,1.0,378.43,288.74,10.89,0.267,94.1,1,35.36,389.32
8505,23.24,50.3,1004.0,1.0,346.2,264.15,10.25,0.426,93.4,1,33.44,356.46
8506,22.45,47.1,1034.0,1.0,304.2,232.1,10.35,0.174,94.4,1,31.37,314.55
8507,21.14,42.7,1036.0,1.0,255.29,194.79,10.89,0.033,94.8,1,29.29,266.18
8508,21.08,39.5,966.0,1.0,202.8,154.74,10.1,0.033,94.8,1,27.33,212.9
8509,20.17,40.1,994.0,1.0,255.29,194.79,10.49,-0.145,95.1,1,25.64,265.78
8510,19.02,38.6,934.0,1.0,304.2,232.1,10.58,-0.535,95.2,1,24.32,314.78
8511,18.81,43.7,1003.0,1.0,346.2,264.15,10.58,-0.511,95.2,1,23.47,356.78
8512,18.36,42.6,1018.0,1.0,378.43,288.74,10.12,-0.326,95.3,1,23.14,388.55
8513,17.91,41.1,1047.0,1.0,398.69,304.2,10.04,-0.493,95.2,1,23.36,408.73
8514,18.59,42.5,946.0,1.0,405.6,309.47,10.42,-0.889,94.4,0,24.11,416.02
8515,17.28,45.4,400.0,0.17,306.68,234.0,0.45,-0.343,95.3,1,25.33,307.14
8516,17.54,48.4,404.0,0.06,291.1,222.11,0.94,-0.443,95.3,1,26.95,292.04
8517,19.01,51.8,400.0,0.02,266.31,203.19,0.76,-0.566,95.1,1,28.85,267.06
8518,19.68,56.8,405.0,0.25,234.0,178.54,0.6,-0.384,95.3,1,30.91,234.6
8519,20.57,54.8,419.0,0.24,196.38,149.83,0.21,-0.096,95.1,1,32.98,196.59
8520,20.87,63.0,400.0,0.28,156.0,119.03,0.9,-0.442,95.3,1,34.92,156.9
8521,21.46,57.6,404.0,0.1,196.38,149.83,0.19,0.214,94.3,1,36.6,196.57
8522,22.65,57.2,400.0,0.26,234.0,178.54,0.95,0.447,93.3,1,37.9,234.95
8523,23.05,63.1,441.0,0.12,266.31,203.19,0.95,0.532,92.9,1,38.74,267.25
8524,24.53,61.5,406.0,0.02,291.1,222.11,0.98,0.664,92.1,1,39.06,292.08
8525,23.9,57.0,400.0,0.14,306.68,234.0,0.28,0.327,93.8,1,38.83,306.97
8526,24.14,56.2,400.0,0.17,312.0,238.06,0.14,0.707,91.8,0,38.07,312.14
8527,25.3,53.9,412.0,0.13,306.68,234.0,0.63,0.537,92.8,1,36.83,307.31
8528,23.67,50.7,441.0,0.24,291.1,222.11,0.42,0.266,94.1,1,35.19,291.52
8529,23.57,45.3,400.0,0.11,266.31,203.19,0.39,0.447,93.3,1,33.28,266.7
8530,23.0,40.5,400.0,0.28,234.0,178.54,0.56,0.337,93.8,1,31.21,234.56
8531,22.32,41.6,400.0,0.02,196.38,149.83,0.69,0.438,93.3,1,29.12,197.07
8532,21.33,45.2,447.0,0.22,156.0,119.03,0.33,0.239,94.2,1,27.17,156.33
8533,20.51,44.2,400.0,0.28,196.38,149.83,0.34,-0.268,95.3,1,25.48,196.71
8534,19.74,39.5,439.0,0.17,234.0,178.54,0.61,-0.182,95.2,1,24.16,234.61
8535,18.79,38.3,400.0,0.26,266.31,203.19,0.07,-0.288,95.3,1,23.31,266.38
8536,18.76,41.7,400.0,0.21,291.1,222.11,0.7,-0.383,95.3,1,22.98,291.8
8537,19.32,43.5,400.0,0.0,306.68,234.0,0.8,-0.544,95.2,1,23.2,307.48
8538,18.81,45.8,407.0,0.2,312.0,238.06,0.88,-0.149,95.2,1,23.94,312.88
8539,18.46,41.9,400.0,0.2,306.68,234.0,0.75,-0.608,95.1,1,25.17,307.44
8540,19.04,55.8,432.0,0.0,291.1,222.11,0.51,-0.1,95.1,1,26.79,291.61
8541,18.66,54.4,433.0,0.12,266.31,203.19,0.87,-0.639,95.0,1,28.69,267.18
8542,19.59,54.2,400.0,0.01,234.0,178.54,0.49,-0.326,95.3,1,30.75,234.49
8543,20.92,55.3,420.0,0.09,196.38,149.83,0.79,0.024,94.8,1,32.82,197.16
8544,21.97,60.4,400.0,0.3,156.0,119.03,0.06,-0.211,95.2,1,34.76,156.06
8545,21.62,60.5,402.0,0.28,196.38,149.83,0.71,-0.018,94.9,1,36.44,197.08
8546,22.49,60.2,446.0,0.21,234.0,178.54,0.08,0.357,93.7,1,37.74,234.08
8547,24.45,60.7,400.0,0.11,266.31,203.19,0.03,0.008,94.9,1,38.58,266.34
8548,23.89,58.7,428.0,0.12,291.1,222.11,0.5,0.654,92.2,1,38.89,291.6
8549,25.06,58.2,414.0,0.01,306.68,234.0,0.12,0.779,91.3,0,38.66,306.8
8550,24.35,56.9,400.0,0.1,312.0,238.06,0.33,0.804,91.2,0,37.9,312.33
8551,24.27,53.7,411.0,0.24,306.68,234.0,0.77,0.548,92.8,1,36.66,307.46
8552,23.7,51.1,407.0,0.16,291.1,222.11,0.55,0.347,93.8,1,35.03,291.65
8553,23.85,50.7,400.0,0.14,266.31,203.19,0.73,0.281,94.0,1,33.11,267.04
8554,23.44,42.2,400.0,0.03,234.0,178.54,0.78,0.307,93.9,1,31.04,234.78
8555,21.53,41.7,400.0,0.28,196.38,149.83,0.48,0.155,94.5,1,28.96,196.86
8556,21.09,41.6,400.0,0.08,156.0,119.03,0.99,-0.076,95.0,1,27.0,156.99
8557,20.96,39.0,440.0,0.11,196.38,149.83,0.2,0.187,94.4,1,25.31,196.58
8558,19.71,39.2,417.0,0.1,234.0,178.54,0.08,-0.299,95.3,1,23.99,234.08
8559,18.91,42.8,400.0,0.1,266.31,203.19,0.32,-0.066,95.0,1,23.14,266.63
8560,19.19,40.8,400.0,0.18,291.1,222.11,0.76,-0.413,95.3,1,22.81,291.86
8561,18.94,38.9,407.0,0.19,306.68,234.0,0.1,-0.475,95.2,1,23.03,306.78
8562,18.07,43.8,422.0,0.18,312.0,238.06,0.47,-0.396,95.3,1,23.78,312.47
8563,18.5,47.1,400.0,0.02,306.68,234.0,0.57,-0.382,95.3,1,25.0,307.26
8564,18.1,49.6,400.0,0.29,291.1,222.11,0.81,-0.462,95.2,1,26.62,291.91
8565,18.73,53.2,400.0,0.21,266.31,203.19,0.85,-0.241,95.2,1,28.53,267.15
8566,19.87,55.5,417.0,0.26,234.0,178.54,0.24,-0.112,95.1,1,30.58,234.24
8567,20.55,56.5,407.0,0.05,196.38,149.83,0.27,0.201,94.3,1,32.65,196.65
8568,20.83,56.0,400.0,0.28,156.0,119.03,0.68,0.014,94.9,1,34.59,156.68
8569,21.74,58.6,453.0,0.22,196.38,149.83,0.86,-0.027,94.9,1,36.27,197.24
8570,22.29,58.7,400.0,0.15,234.0,178.54,0.17,0.114,94.6,1,37.57,234.17
8571,23.67,59.2,406.0,0.01,266.31,203.19,0.72,0.827,91.0,0,38.41,267.03
8572,22.94,60.3,400.0,0.08,291.1,222.11,0.24,0.057,94.8,1,38.73,291.34
8573,23.72,58.2,433.0,0.25,306.68,234.0,0.18,0.245,94.2,1,38.5,306.87
8574,23.4,57.1,417.0,0.11,312.0,238.06,0.34,0.505,93.0,1,37.74,312.34
8575,24.45,52.3,409.0,0.2,306.68,234.0,0.79,0.36,93.7,1,36.5,307.48
8576,23.04,53.5,965.0,1.0,378.43,288.74,10.74,0.597,92.5,1,34.86,389.17
8577,23.48,49.2,1033.0,1.0,346.2,264.15,10.48,0.5,93.0,1,32.95,356.68
8578,23.67,45.6,1023.0,1.0,304.2,232.1,10.71,0.143,94.5,1,30.88,314.91
8579,22.97,44.5,1030.0,1.0,255.29,194.79,10.41,0.43,93.4,1,28.79,265.69
8580,20.45,40.2,1001.0,1.0,202.8,154.74,10.21,-0.221,95.2,1,26.84,213.01
8581,20.73,36.3,998.0,1.0,255.29,194.79,10.84,-0.277,95.3,1,25.15,266.13
8582,19.37,38.8,995.0,1.0,304.2,232.1,10.05,0.064,94.7,1,23.83,314.25
8583,18.65,41.7,1068.0,1.0,346.2,264.15,10.9,-0.615,95.1,1,22.98,357.1
8584,18.72,41.3,984.0,1.0,378.43,288.74,10.79,-0.364,95.3,1,22.65,389.22
8585,19.09,42.3,964.0,1.0,398.69,304.2,10.72,-0.169,95.2,1,22.87,409.41
8586,18.68,42.9,989.0,1.0,405.6,309.47,10.57,-1.02,93.9,0,23.61,416.17
8587,18.13,43.0,400.0,0.04,306.68,234.0,0.81,-0.551,95.2,1,24.84,307.49
8588,19.14,52.4,438.0,0.04,291.1,222.11,0.03,-0.243,95.2,1,26.46,291.13
8589,18.15,51.7,400.0,0.21,266.31,203.19,0.59,-0.408,95.3,1,28.36,266.9
8590,19.52,53.7,400.0,0.07,234.0,178.54,0.26,-0.238,95.2,1,30.42,234.26
8591,20.21,55.4,406.0,0.06,196.38,149.83,0.64,-0.092,95.1,1,32.49,197.02
8592,21.44,60.9,438.0,0.22,156.0,119.03,0.67,0.063,94.7,1,34.43,156.67
8593,22.08,61.3,421.0,0.1,196.38,149.83,0.21,-0.032,95.0,1,36.11,196.59
8594,22.84,58.1,449.0,0.02,234.0,178.54,0.15,0.403,93.5,1,37.41,234.15
8595,23.44,62.1,410.0,0.13,266.31,203.19,0.59,0.405,93.5,1,38.25,266.9
8596,24.02,58.6,400.0,0.17,291.1,222.11,0.94,0.204,94.3,1,38.56,292.04
8597,24.58,56.2,426.0,0.18,306.68,234.0,0.66,0.39,93.6,1,38.33,307.35
8598,24.49,54.8,400.0,0.02,312.0,238.06,0.48,0.217,94.3,1,37.57,312.48
8599,24.18,51.5,400.0,0.14,306.68,234.0,0.94,0.526,92.9,1,36.33,307.62
8600,24.23,47.8,1029.0,1.0,378.43,288.74,10.82,0.531,92.9,1,34.7,389.25
8601,23.97,49.4,1006.0,1.0,346.2,264.15,10.73,0.396,93.5,1,32.78,356.93
8602,22.66,45.0,1029.0,1.0,304.2,232.1,10.44,0.36,93.7,1,30.71,314.64
8603,22.18,44.5,974.0,1.0,255.29,194.79,10.49,0.156,94.5,1,28.63,265.78
8604,22.02,42.2,1039.0,1.0,202.8,154.74,10.26,0.152,94.5,1,26.67,213.06
8605,20.12,41.6,1020.0,1.0,255.29,194.79,10.82,-0.155,95.2,1,24.98,266.11
8606,20.85,35.9,999.0,1.0,304.2,232.1,10.28,-0.11,95.1,1,23.66,314.48
8607,18.66,38.5,1006.0,1.0,346.2,264.15,10.7,-0.611,95.1,1,22.81,356.91
8608,18.69,42.3,1010.0,1.0,378.43,288.74,10.87,-0.712,94.9,0,22.48,389.3
8609,18.09,40.1,974.0,1.0,398.69,304.2,10.55,-0.466,95.2,1,22.7,409.24
8610,19.56,45.3,988.0,1.0,405.6,309.47,10.16,-0.363,95.3,1,23.45,415.76
8611,18.32,44.2,410.0,0.05,306.68,234.0,0.02,-0.538,95.2,1,24.67,306.71
8612,18.62,49.6,400.0,0.12,291.1,222.11,0.67,-0.305,95.3,1,26.29,291.77
8613,19.17,55.3,400.0,0.29,266.31,203.19,0.22,-0.292,95.3,1,28.19,266.53
8614,20.03,56.1,409.0,0.04,234.0,178.54,0.04,-0.66,95.0,1,30.25,234.04
8615,20.54,53.0,425.0,0.17,196.38,149.83,0.34,0.335,93.8,1,32.32,196.72
8616,21.42,60.1,432.0,0.18,156.0,119.03,0.58,-0.252,95.2,1,34.26,156.58
8617,20.5,63.2,416.0,0.05,196.38,149.83,0.55,-0.06,95.0,1,35.94,196.93
8618,23.02,65.6,425.0,0.16,234.0,178.54,0.17,0.48,93.1,1,37.24,234.17
8619,23.63,60.7,430.0,0.28,266.31,203.19,0.6,0.358,93.7,1,38.08,266.91
8620,24.62,56.2,402.0,0.03,291.1,222.11,0.41,0.279,94.0,1,38.39,291.51
8621,25.05,58.3,400.0,0.06,306.68,234.0,0.48,0.389,93.6,1,38.16,307.16
8622,24.41,58.6,435.0,0.08,312.0,238.06,0.87,0.324,93.9,1,37.4,312.87
8623,24.82,52.7,400.0,0.23,306.68,234.0,0.08,0.323,93.9,1,36.16,306.76
8624,23.56,52.6,966.0,1.0,378.43,288.74,10.53,0.591,92.5,1,34.53,388.96
8625,24.02,46.2,967.0,1.0,346.2,264.15,10.17,0.254,94.1,1,32.61,356.37
8626,22.73,46.2,1075.0,1.0,304.2,232.1,10.18,0.036,94.8,1,30.54,314.38
8627,21.71,38.3,1013.0,1.0,255.29,194.79,10.61,-0.023,94.9,1,28.46,265.9
8628,21.43,39.7,969.0,1.0,202.8,154.74,10.67,-0.031,95.0,1,26.51,213.47
8629,21.45,40.5,979.0,1.0,255.29,194.79,10.61,-0.279,95.3,1,24.81,265.89
8630,20.12,39.3,1000.0,1.0,304.2,232.1,10.92,-0.312,95.3,1,23.49,315.12
8631,20.16,37.6,1016.0,1.0,346.2,264.15,10.79,-0.284,95.3,1,22.64,357.0
8632,18.57,40.1,1008.0,1.0,378.43,288.74,10.2,-0.529,95.2,1,22.32,388.63
8633,19.17,43.3,972.0,1.0,398.69,304.2,10.64,-0.655,95.0,1,22.53,409.33
8634,18.22,44.4,1010.0,1.0,405.6,309.47,10.62,-0.639,95.0,1,23.28,416.22
8635,18.77,47.1,400.0,0.14,306.68,234.0,0.65,-0.205,95.2,1,24.5,307.33
8636,19.07,51.0,431.0,0.18,291.1,222.11,0.43,0.002,94.9,1,26.12,291.53
8637,19.77,51.4,402.0,0.01,266.31,203.19,0.95,-0.344,95.3,1,28.03,267.26
8638,20.19,57.3,400.0,0.02,234.0,178.54,0.46,-0.105,95.1,1,30.08,234.46
8639,20.42,54.8,421.0,0.28,196.38,149.83,0.79,-0.317,95.3,1,32.15,197.17
8640,22.01,62.3,411.0,0.25,156.0,119.03,0.48,-0.118,95.1,1,34.09,156.48
8641,23.22,61.8,400.0,0.15,196.38,149.83,0.79,0.219,94.3,1,35.77,197.16
8642,22.79,59.3,422.0,0.06,234.0,178.54,0.4,-0.223,95.2,1,37.07,234.4
8643,22.78,59.2,419.0,0.01,266.31,203.19,0.0,0.508,93.0,1,37.91,266.31
8644,24.43,59.3,436.0,0.29,291.1,222.11,0.5,0.32,93.9,1,38.23,291.6
8645,24.32,58.6,421.0,0.0,306.68,234.0,0.55,0.267,94.1,1,38.0,307.23
8646,24.53,57.6,400.0,0.07,312.0,238.06,0.12,0.578,92.6,1,37.24,312.12
8647,24.77,50.4,400.0,0.21,306.68,234.0,0.67,0.771,91.4,0,36.0,307.35
8648,23.97,51.3,1006.0,1.0,378.43,288.74,10.85,0.37,93.7,1,34.36,389.28
8649,23.59,43.6,1010.0,1.0,346.2,264.15,10.87,0.412,93.5,1,32.45,357.07
8650,23.06,45.1,1002.0,1.0,304.2,232.1,10.38,0.341,93.8,1,30.38,314.58
8651,23.12,46.2,910.0,1.0,255.29,194.79,10.41,0.177,94.4,1,28.29,265.7
8652,21.63,38.8,1020.0,1.0,202.8,154.74,10.86,-0.199,95.2,1,26.34,213.66
8653,20.22,37.3,973.0,1.0,255.29,194.79,11.0,-0.085,95.1,1,24.64,266.29
8654,19.52,40.5,1021.0,1.0,304.2,232.1,10.05,-0.213,95.2,1,23.33,314.25
8655,19.57,43.0,1051.0,1.0,346.2,264.15,10.06,-0.899,94.3,0,22.48,356.26
8656,18.46,41.8,992.0,1.0,378.43,288.74,10.05,-0.261,95.3,1,22.15,388.48
8657,17.95,38.8,1013.0,1.0,398.69,304.2,10.46,-0.784,94.7,0,22.36,409.15
8658,18.95,41.2,1001.0,1.0,405.6,309.47,10.78,-0.474,95.2,1,23.11,416.38
8659,19.08,47.2,416.0,0.16,306.68,234.0,0.09,-0.179,95.2,1,24.34,306.78
8660,18.86,47.2,403.0,0.15,291.1,222.11,0.69,-0.482,95.2,1,25.95,291.79
8661,19.67,52.4,400.0,0.03,266.31,203.19,0.17,-0.563,95.1,1,27.86,266.48
8662,20.24,55.0,400.0,0.24,234.0,178.54,0.03,-0.138,95.1,1,29.91,234.03
8663,21.18,55.8,448.0,0.12,196.38,149.83,0.6,0.151,94.5,1,31.98,196.97
8664,21.96,62.0,413.0,0.18,156.0,119.03,0.59,-0.222,95.2,1,33.92,156.59
8665,21.13,60.7,425.0,0.2,196.38,149.83,0.28,-0.343,95.3,1,35.6,196.66
8666,23.04,62.4,412.0,0.23,234.0,178.54,0.32,0.487,93.1,1,36.91,234.32
8667,24.05,61.6,429.0,0.17,266.31,203.19,0.35,0.524,92.9,1,37.74,266.66
8668,24.06,58.6,400.0,0.19,291.1,222.11,0.93,0.51,93.0,1,38.06,292.03
8669,24.59,57.0,402.0,0.16,306.68,234.0,0.87,0.123,94.6,1,37.83,307.55
8670,25.05,54.8,415.0,0.18,312.0,238.06,0.53,0.62,92.4,1,37.07,312.53
8671,24.62,54.4,439.0,0.13,306.68,234.0,0.96,0.69,91.9,1,35.83,307.65
8672,25.04,49.2,1080.0,1.0,378.43,288.74,10.58,0.864,90.7,0,34.2,389.01
8673,24.37,51.3,1012.0,1.0,346.2,264.15,10.1,0.297,94.0,1,32.28,356.3
8674,23.13,43.9,980.0,1.0,304.2,232.1,10.49,0.282,94.0,1,30.21,314.69
8675,22.37,43.7,964.0,1.0,255.29,194.79,10.89,-0.301,95.3,1,28.12,266.18
8676,20.27,41.1,973.0,1.0,202.8,154.74,10.66,0.194,94.3,1,26.17,213.46
8677,20.76,39.6,977.0,1.0,255.29,194.79,10.95,0.059,94.7,1,24.48,266.24
8678,19.53,44.4,913.0,1.0,304.2,232.1,10.53,-0.169,95.2,1,23.16,314.73
8679,19.7,39.4,980.0,1.0,346.2,264.15,10.91,-0.116,95.1,1,22.31,357.11
8680,19.19,40.5,1022.0,1.0,378.43,288.74,10.77,-0.589,95.1,1,21.98,389.2
8681,19.17,41.3,1002.0,1.0,398.69,304.2,10.82,-0.527,95.2,1,22.2,409.51
8682,19.42,44.7,992.0,1.0,405.6,309.47,10.99,-0.536,95.2,1,22.94,416.59
8683,18.81,46.8,400.0,0.28,306.68,234.0,0.3,-0.263,95.3,1,24.17,306.99
8684,20.27,47.3,432.0,0.15,291.1,222.11,0.63,-0.209,95.2,1,25.79,291.73
8685,19.73,51.3,415.0,0.29,266.31,203.19,0.26,-0.29,95.3,1,27.69,266.57
8686,19.58,55.8,400.0,0.16,234.0,178.54,0.85,-0.197,95.2,1,29.75,234.85
8687,20.68,58.8,400.0,0.11,196.38,149.83,0.59,-0.019,94.9,1,31.82,196.96
8688,21.56,58.5,400.0,0.24,156.0,119.03,0.18,-0.067,95.0,1,33.76,156.18
8689,22.82,59.6,413.0,0.03,196.38,149.83,0.42,0.402,93.5,1,35.44,196.8
8690,22.78,59.3,400.0,0.06,234.0,178.54,0.18,0.16,94.5,1,36.74,234.18
8691,23.72,58.8,406.0,0.06,266.31,203.19,0.46,0.439,93.3,1,37.58,266.77
8692,24.27,57.0,421.0,0.19,291.1,222.11,0.08,0.314,93.9,1,37.89,291.18
8693,24.43,54.3,405.0,0.21,306.68,234.0,0.97,0.672,92.0,1,37.66,307.65
8694,25.17,54.0,419.0,0.25,312.0,238.06,0.6,0.48,93.1,1,36.9,312.6
8695,24.99,54.8,400.0,0.27,306.68,234.0,0.99,0.896,90.5,0,35.66,307.68
8696,24.95,49.6,400.0,0.26,291.1,222.11,0.17,0.408,93.5,1,34.03,291.27
8697,23.73,47.2,414.0,0.2,266.31,203.19,0.38,0.541,92.8,1,32.11,266.69
8698,23.88,44.7,420.0,0.27,234.0,178.54,0.93,0.124,94.6,1,30.04,234.93
8699,21.88,45.8,416.0,0.08,196.38,149.83,0.69,0.068,94.7,1,27.96,197.07
8700,21.09,39.7,404.0,0.22,156.0,119.03,0.07,-0.008,94.9,1,26.0,156.07
8701,20.41,41.0,400.0,0.02,196.38,149.83,0.88,-0.059,95.0,1,24.31,197.26
8702,20.3,39.9,406.0,0.04,234.0,178.54,0.19,-0.399,95.3,1,22.99,234.19
8703,20.28,40.4,411.0,0.07,266.31,203.19,0.26,-0.468,95.2,1,22.14,266.57
8704,18.9,41.6,413.0,0.03,291.1,222.11,0.73,-0.415,95.3,1,21.81,291.83
8705,18.67,42.7,478.0,0.29,306.68,234.0,0.71,-0.403,95.3,1,22.03,307.4
8706,18.7,46.2,400.0,0.14,312.0,238.06,0.66,-0.507,95.2,1,22.77,312.66
8707,19.2,46.9,497.0,0.27,306.68,234.0,0.01,-0.519,95.2,1,24.0,306.69
8708,18.98,53.0,400.0,0.14,291.1,222.11,0.25,-0.698,94.9,1,25.62,291.35
8709,19.43,52.2,412.0,0.21,266.31,203.19,0.34,-0.253,95.2,1,27.52,266.65
8710,19.65,51.2,400.0,0.1,234.0,178.54,0.4,-0.081,95.1,1,29.58,234.4
8711,20.76,58.0,409.0,0.29,196.38,149.83,0.07,0.063,94.7,1,31.65,196.45
8712,22.42,59.2,429.0,0.01,156.0,119.03,0.68,0.03,94.8,1,33.59,156.68
8713,22.65,59.6,401.0,0.21,196.38,149.83,0.89,0.009,94.9,1,35.27,197.27
8714,22.97,59.5,429.0,0.29,234.0,178.54,0.99,0.186,94.4,1,36.57,234.99
8715,24.58,55.5,400.0,0.24,266.31,203.19,0.8,0.384,93.6,1,37.41,267.11
8716,24.15,55.0,400.0,0.25,291.1,222.11,0.2,0.429,93.4,1,37.72,291.3
8717,25.45,60.7,419.0,0.09,306.68,234.0,0.51,0.314,93.9,1,37.49,307.2
8718,25.55,54.2,401.0,0.14,312.0,238.06,0.92,0.164,94.4,1,36.73,312.92
8719,24.78,55.0,400.0,0.04,306.68,234.0,0.07,0.372,93.6,1,35.49,306.75
8720,23.71,47.3,400.0,0.11,291.1,222.11,0.23,0.378,93.6,1,33.86,291.33
8721,25.13,45.8,412.0,0.0,266.31,203.19,0.26,0.415,93.4,1,31.94,266.57
8722,23.56,46.8,400.0,0.23,234.0,178.54,0.61,0.168,94.4,1,29.87,234.61
8723,22.48,43.1,411.0,0.29,196.38,149.83,0.95,0.079,94.7,1,27.79,197.33
8724,22.35,42.7,436.0,0.21,156.0,119.03,0.48,0.022,94.8,1,25.83,156.48
8725,21.45,40.4,462.0,0.24,196.38,149.83,0.56,0.184,94.4,1,24.14,196.94
8726,21.03,39.6,442.0,0.15,234.0,178.54,0.64,-0.283,95.3,1,22.82,234.64
8727,19.43,38.9,405.0,0.06,266.31,203.19,0.85,-0.663,95.0,1,21.97,267.16
8728,19.45,38.7,408.0,0.22,291.1,222.11,0.29,-0.57,95.1,1,21.64,291.39
8729,18.4,45.4,400.0,0.09,306.68,234.0,0.63,-0.121,95.1,1,21.86,307.31
8730,19.23,47.7,400.0,0.14,312.0,238.06,0.93,-0.213,95.2,1,22.6,312.93
8731,18.99,44.9,426.0,0.27,306.68,234.0,0.94,-0.295,95.3,1,23.83,307.62
8732,19.44,47.3,400.0,0.11,291.1,222.11,0.38,-0.293,95.3,1,25.45,291.48
8733,19.71,51.4,411.0,0.09,266.31,203.19,0.11,-0.211,95.2,1,27.35,266.42
8734,20.28,55.3,400.0,0.01,234.0,178.54,0.92,-0.298,95.3,1,29.41,234.92
8735,20.7,56.4,441.0,0.21,196.38,149.83,0.92,0.044,94.8,1,31.48,197.3
8736,22.31,59.4,400.0,0.06,156.0,119.03,0.1,0.181,94.4,1,33.42,156.1
8737,23.44,59.4,433.0,0.19,196.38,149.83,0.08,0.298,94.0,1,35.1,196.46
8738,23.14,59.8,400.0,0.11,234.0,178.54,0.19,0.13,94.6,1,36.4,234.19
8739,24.32,64.6,400.0,0.24,266.31,203.19,0.65,0.289,94.0,1,37.24,266.96
8740,24.74,57.8,440.0,0.27,291.1,222.11,0.3,0.305,93.9,1,37.55,291.4
8741,24.83,60.7,400.0,0.07,306.68,234.0,0.24,0.682,92.0,1,37.32,306.92
8742,24.17,58.3,400.0,0.24,312.0,238.06,0.8,0.561,92.7,1,36.56,312.8
8743,24.19,54.0,400.0,0.05,306.68,234.0,0.24,0.561,92.7,1,35.32,306.93
8744,24.15,46.6,1026.0,1.0,378.43,288.74,10.96,0.548,92.8,1,33.69,389.39
8745,23.0,47.9,1023.0,1.0,346.2,264.15,10.44,0.071,94.7,1,31.77,356.64
8746,24.15,44.4,977.0,1.0,304.2,232.1,10.42,0.426,93.4,1,29.7,314.62
8747,22.91,43.3,981.0,1.0,255.29,194.79,10.94,0.021,94.8,1,27.62,266.23
8748,21.94,39.5,1020.0,1.0,202.8,154.74,10.12,-0.09,95.1,1,25.66,212.92
8749,20.09,42.0,1039.0,1.0,255.29,194.79,10.11,-0.297,95.3,1,23.97,265.4
8750,19.55,42.0,998.0,1.0,304.2,232.1,10.43,-0.234,95.2,1,22.65,314.63
8751,19.85,42.6,1017.0,1.0,346.2,264.15,10.59,-0.367,95.3,1,21.8,356.79
8752,20.36,40.3,1026.0,1.0,378.43,288.74,10.51,-0.711,94.9,0,21.47,388.94
8753,18.73,40.5,1065.0,1.0,398.69,304.2,10.95,-0.841,94.5,0,21.69,409.64
8754,19.41,45.3,965.0,1.0,405.6,309.47,10.99,-0.541,95.2,1,22.43,416.59
8755,18.84,50.5,400.0,0.26,306.68,234.0,0.04,-0.32,95.3,1,23.66,306.73
8756,19.42,49.7,400.0,0.27,291.1,222.11,0.17,-0.29,95.3,1,25.28,291.27
8757,20.48,53.0,425.0,0.28,266.31,203.19,0.55,-0.153,95.2,1,27.18,266.86
8758,20.32,54.1,400.0,0.03,234.0,178.54,0.95,-0.29,95.3,1,29.24,234.95
8759,20.87,55.7,409.0,0.26,196.38,149.83,0.28,-0.2,95.2,1,31.31,196.66
