hour,dry_bulb_C,rh_pct,solar_rad_Wm2
0,13.0,76.0,0.0
1,13.9,75.0,54.0
2,15.7,76.0,200.0
3,16.7,80.0,400.0
4,16.8,70.0,600.0
5,16.8,74.0,746.0
6,14.6,69.0,800.0
7,13.3,76.0,746.0
8,12.6,74.0,600.0
9,10.7,80.0,400.0
10,8.1,75.0,200.0
11,6.8,73.0,54.0
12,5.5,74.0,0.0
13,4.1,84.0,54.0
14,3.0,67.0,200.0
15,-0.6,72.0,400.0
16,-0.8,75.0,600.0
17,0.3,72.0,746.0
18,1.4,78.0,800.0
19,2.3,75.0,746.0
20,3.6,76.0,600.0
21,5.8,76.0,400.0
22,8.6,75.0,200.0
23,8.9,69.0,54.0
24,14.5,76.0,0.0
25,13.9,66.0,54.0
26,16.2,72.0,200.0
27,15.4,78.0,400.0
28,16.9,81.0,600.0
29,16.2,87.0,746.0
30,16.2,73.0,800.0
31,13.9,71.0,746.0
32,14.0,78.0,600.0
33,9.0,85.0,400.0
34,9.4,83.0,200.0
35,6.5,70.0,54.0
36,3.4,75.0,0.0
37,4.7,80.0,54.0
38,3.3,80.0,200.0
39,-1.5,78.0,400.0
40,0.4,73.0,600.0
41,1.1,78.0,746.0
42,1.6,80.0,800.0
43,3.9,71.0,746.0
44,5.3,82.0,600.0
45,6.2,80.0,400.0
46,10.3,72.0,200.0
47,11.0,80.0,54.0
48,11.7,80.0,0.0
49,13.1,80.0,54.0
50,16.2,83.0,200.0
51,15.0,75.0,400.0
52,15.7,77.0,600.0
53,15.7,62.0,746.0
54,15.5,81.0,800.0
55,13.7,81.0,746.0
56,11.0,82.0,600.0
57,11.5,71.0,400.0
58,7.9,80.0,200.0
59,8.2,81.0,54.0
60,4.6,72.0,0.0
61,3.8,81.0,54.0
62,1.9,78.0,200.0
63,1.7,67.0,400.0
64,0.6,79.0,600.0
65,0.5,72.0,746.0
66,2.1,67.0,800.0
67,4.7,78.0,746.0
68,3.6,75.0,600.0
69,6.6,83.0,400.0
70,7.8,77.0,200.0
71,10.4,80.0,54.0
72,11.9,78.0,0.0
73,11.4,81.0,54.0
74,14.6,71.0,200.0
75,16.7,77.0,400.0
76,15.2,75.0,600.0
77,16.7,79.0,746.0
78,15.2,77.0,800.0
79,13.6,73.0,746.0
80,13.0,74.0,600.0
81,10.9,84.0,400.0
82,8.6,67.0,200.0
83,7.1,79.0,54.0
84,4.3,82.0,0.0
85,0.8,79.0,54.0
86,0.7,86.0,200.0
87,-1.6,81.0,400.0
88,0.6,78.0,600.0
89,1.0,74.0,746.0
90,1.8,78.0,800.0
91,2.6,79.0,746.0
92,4.7,76.0,600.0
93,4.0,72.0,400.0
94,7.6,70.0,200.0
95,8.3,77.0,54.0
96,11.3,69.0,0.0
97,15.0,74.0,54.0
98,15.8,64.0,200.0
99,16.2,80.0,400.0
100,15.6,82.0,600.0
101,14.6,76.0,746.0
102,15.0,85.0,800.0
103,14.7,83.0,746.0
104,12.4,79.0,600.0
105,8.5,76.0,400.0
106,8.1,74.0,200.0
107,4.0,79.0,54.0
108,4.7,75.0,0.0
109,1.6,79.0,54.0
110,-0.3,79.0,200.0
111,0.9,75.0,400.0
112,0.3,82.0,600.0
113,0.2,75.0,746.0
114,2.9,76.0,800.0
115,2.6,71.0,746.0
116,2.9,75.0,600.0
117,6.0,87.0,400.0
118,7.2,72.0,200.0
119,10.9,78.0,54.0
120,11.8,74.0,0.0
121,13.6,65.0,54.0
122,13.1,79.0,200.0
123,15.4,74.0,400.0
124,15.6,78.0,600.0
125,14.4,81.0,746.0
126,14.5,78.0,800.0
127,13.9,78.0,746.0
128,11.8,72.0,600.0
129,8.5,80.0,400.0
130,7.6,75.0,200.0
131,5.3,66.0,54.0
132,4.0,81.0,0.0
133,2.2,82.0,54.0
134,0.4,84.0,200.0
135,-0.5,87.0,400.0
136,-0.3,80.0,600.0
137,0.8,79.0,746.0
138,0.8,82.0,800.0
139,3.2,72.0,746.0
140,4.5,68.0,600.0
141,6.8,74.0,400.0
142,8.7,83.0,200.0
143,11.0,73.0,54.0
144,10.2,79.0,0.0
145,13.7,79.0,54.0
146,15.6,78.0,200.0
147,16.6,70.0,400.0
148,14.7,78.0,600.0
149,15.9,74.0,746.0
150,14.6,85.0,800.0
151,15.1,82.0,746.0
152,10.3,75.0,600.0
153,9.0,85.0,400.0
154,5.9,78.0,200.0
155,5.7,68.0,54.0
156,5.9,76.0,0.0
157,1.9,85.0,54.0
158,0.7,73.0,200.0
159,0.3,76.0,400.0
160,-0.7,70.0,600.0
161,0.0,71.0,746.0
162,0.8,73.0,800.0
163,0.8,71.0,746.0
164,3.2,74.0,600.0
165,5.9,85.0,400.0
166,8.1,77.0,200.0
167,10.6,81.0,54.0
168,11.6,82.0,0.0
169,13.3,71.0,54.0
170,15.0,73.0,200.0
171,14.5,81.0,400.0
172,14.7,74.0,600.0
173,15.0,80.0,746.0
174,13.1,85.0,800.0
175,13.5,70.0,746.0
176,12.6,75.0,600.0
177,8.9,76.0,400.0
178,8.0,74.0,200.0
179,4.8,74.0,54.0
180,2.5,74.0,0.0
181,3.8,77.0,54.0
182,-0.5,78.0,200.0
183,-1.7,82.0,400.0
184,-0.5,77.0,600.0
185,-0.2,83.0,746.0
186,0.9,74.0,800.0
187,3.5,71.0,746.0
188,2.3,75.0,600.0
189,4.4,79.0,400.0
190,8.7,81.0,200.0
191,10.1,84.0,54.0
192,11.9,79.0,0.0
193,12.2,81.0,54.0
194,15.2,84.0,200.0
195,15.7,73.0,400.0
196,15.4,76.0,600.0
197,14.4,91.0,746.0
198,14.3,81.0,800.0
199,14.6,80.0,746.0
200,10.3,82.0,600.0
201,8.6,70.0,400.0
202,6.7,74.0,200.0
203,4.9,72.0,54.0
204,3.3,79.0,0.0
205,2.6,75.0,54.0
206,0.8,78.0,200.0
207,-0.5,76.0,400.0
208,-0.6,69.0,600.0
209,-0.0,82.0,746.0
210,-1.6,68.0,800.0
211,2.4,74.0,746.0
212,2.1,71.0,600.0
213,4.4,73.0,400.0
214,7.3,78.0,200.0
215,8.9,83.0,54.0
216,11.4,70.0,0.0
217,12.7,75.0,54.0
218,13.6,69.0,200.0
219,16.3,74.0,400.0
220,15.8,78.0,600.0
221,15.1,81.0,746.0
222,14.8,67.0,800.0
223,12.1,80.0,746.0
224,13.4,73.0,600.0
225,8.2,71.0,400.0
226,7.3,78.0,200.0
227,4.8,81.0,54.0
228,2.9,77.0,0.0
229,1.0,72.0,54.0
230,-0.6,77.0,200.0
231,0.5,74.0,400.0
232,-2.2,81.0,600.0
233,0.2,83.0,746.0
234,0.6,83.0,800.0
235,0.8,77.0,746.0
236,3.3,83.0,600.0
237,4.5,72.0,400.0
238,5.7,86.0,200.0
239,7.7,72.0,54.0
240,11.4,67.0,0.0
241,13.1,84.0,54.0
242,14.0,74.0,200.0
243,14.2,78.0,400.0
244,14.7,72.0,600.0
245,14.4,89.0,746.0
246,12.2,87.0,800.0
247,12.7,85.0,746.0
248,11.6,78.0,600.0
249,9.2,83.0,400.0
250,8.8,77.0,200.0
251,4.0,83.0,54.0
252,2.4,76.0,0.0
253,1.5,86.0,54.0
254,0.3,75.0,200.0
255,-2.7,76.0,400.0
256,-0.6,75.0,600.0
257,-0.7,79.0,746.0
258,-2.3,76.0,800.0
259,0.9,80.0,746.0
260,1.8,75.0,600.0
261,4.1,82.0,400.0
262,5.3,85.0,200.0
263,9.1,78.0,54.0
264,12.4,89.0,0.0
265,12.6,83.0,54.0
266,11.5,89.0,200.0
267,14.7,78.0,400.0
268,14.6,70.0,600.0
269,13.4,74.0,746.0
270,14.1,75.0,800.0
271,13.4,73.0,746.0
272,10.2,67.0,600.0
273,7.3,83.0,400.0
274,4.9,69.0,200.0
275,4.2,83.0,54.0
276,2.7,89.0,0.0
277,0.7,74.0,54.0
278,-0.8,80.0,200.0
279,-0.4,76.0,400.0
280,-0.8,82.0,600.0
281,-0.9,72.0,746.0
282,0.5,77.0,800.0
283,0.2,84.0,746.0
284,1.4,78.0,600.0
285,3.9,70.0,400.0
286,5.9,84.0,200.0
287,6.5,72.0,54.0
288,9.9,78.0,0.0
289,13.3,81.0,54.0
290,14.3,79.0,200.0
291,14.8,91.0,400.0
292,14.8,82.0,600.0
293,15.8,77.0,746.0
294,12.6,81.0,800.0
295,11.4,79.0,746.0
296,11.9,78.0,600.0
297,8.9,79.0,400.0
298,6.1,76.0,200.0
299,5.2,79.0,54.0
300,2.3,76.0,0.0
301,0.2,69.0,54.0
302,-1.1,84.0,200.0
303,-0.8,75.0,400.0
304,-1.2,79.0,600.0
305,0.3,74.0,746.0
306,-0.8,75.0,800.0
307,0.4,73.0,746.0
308,3.8,83.0,600.0
309,5.3,84.0,400.0
310,6.5,78.0,200.0
311,6.8,76.0,54.0
312,9.5,70.0,0.0
313,11.0,82.0,54.0
314,13.4,75.0,200.0
315,13.7,73.0,400.0
316,16.1,79.0,600.0
317,12.7,77.0,746.0
318,12.3,71.0,800.0
319,12.5,71.0,746.0
320,11.1,80.0,600.0
321,6.1,75.0,400.0
322,4.9,81.0,200.0
323,4.3,79.0,54.0
324,4.0,84.0,0.0
325,2.8,74.0,54.0
326,-0.8,80.0,200.0
327,-1.4,82.0,400.0
328,-2.4,75.0,600.0
329,-0.7,84.0,746.0
330,0.9,70.0,800.0
331,1.9,74.0,746.0
332,2.2,70.0,600.0
333,3.3,75.0,400.0
334,6.2,78.0,200.0
335,9.6,83.0,54.0
336,9.8,78.0,0.0
337,10.1,76.0,54.0
338,12.8,71.0,200.0
339,13.7,73.0,400.0
340,12.5,80.0,600.0
341,14.3,83.0,746.0
342,13.8,77.0,800.0
343,14.0,85.0,746.0
344,9.1,74.0,600.0
345,9.3,77.0,400.0
346,7.5,77.0,200.0
347,4.9,86.0,54.0
348,1.4,79.0,0.0
349,-0.3,70.0,54.0
350,-0.5,83.0,200.0
351,-1.3,88.0,400.0
352,-2.3,77.0,600.0
353,-0.2,74.0,746.0
354,-1.2,83.0,800.0
355,-1.4,89.0,746.0
356,1.9,83.0,600.0
357,4.5,71.0,400.0
358,6.4,83.0,200.0
359,8.4,81.0,54.0
360,11.5,74.0,0.0
361,10.6,85.0,54.0
362,12.6,81.0,200.0
363,15.4,85.0,400.0
364,12.2,74.0,600.0
365,13.9,81.0,746.0
366,14.4,74.0,800.0
367,13.2,80.0,746.0
368,11.0,86.0,600.0
369,9.1,72.0,400.0
370,5.3,72.0,200.0
371,5.6,84.0,54.0
372,1.1,79.0,0.0
373,-0.5,85.0,54.0
374,-0.3,75.0,200.0
375,-2.0,79.0,400.0
376,-1.7,82.0,600.0
377,-1.2,80.0,746.0
378,0.9,70.0,800.0
379,0.8,93.0,746.0
380,1.3,80.0,600.0
381,4.5,72.0,400.0
382,5.1,81.0,200.0
383,8.9,81.0,54.0
384,10.0,84.0,0.0
385,12.0,84.0,54.0
386,11.1,78.0,200.0
387,11.5,71.0,400.0
388,12.6,81.0,600.0
389,15.6,71.0,746.0
390,11.9,85.0,800.0
391,12.6,75.0,746.0
392,9.6,82.0,600.0
393,8.0,76.0,400.0
394,6.2,77.0,200.0
395,5.8,75.0,54.0
396,2.8,83.0,0.0
397,0.9,76.0,54.0
398,0.5,83.0,200.0
399,-2.3,76.0,400.0
400,-0.9,78.0,600.0
401,-0.9,79.0,746.0
402,-0.2,80.0,800.0
403,0.0,75.0,746.0
404,1.4,83.0,600.0
405,2.8,78.0,400.0
406,5.0,82.0,200.0
407,6.9,79.0,54.0
408,10.1,82.0,0.0
409,11.2,77.0,54.0
410,13.2,75.0,200.0
411,14.1,81.0,400.0
412,12.9,77.0,600.0
413,12.6,87.0,746.0
414,12.7,80.0,800.0
415,10.9,73.0,746.0
416,9.2,76.0,600.0
417,9.8,74.0,400.0
418,4.5,85.0,200.0
419,6.0,83.0,54.0
420,2.3,79.0,0.0
421,1.3,81.0,54.0
422,-0.1,79.0,200.0
423,-1.2,84.0,400.0
424,-0.5,82.0,600.0
425,-3.0,83.0,746.0
426,-1.3,79.0,800.0
427,-0.8,76.0,746.0
428,-0.0,83.0,600.0
429,2.9,87.0,400.0
430,7.5,85.0,200.0
431,7.5,87.0,54.0
432,11.6,80.0,0.0
433,13.4,75.0,54.0
434,15.6,75.0,200.0
435,15.4,87.0,400.0
436,16.1,70.0,600.0
437,13.9,87.0,746.0
438,13.0,76.0,800.0
439,11.8,89.0,746.0
440,9.9,79.0,600.0
441,8.2,83.0,400.0
442,6.7,92.0,200.0
443,3.4,78.0,54.0
444,0.5,78.0,0.0
445,0.6,76.0,54.0
446,-1.8,75.0,200.0
447,-2.5,78.0,400.0
448,-2.4,77.0,600.0
449,-2.4,73.0,746.0
450,-0.2,79.0,800.0
451,-0.3,82.0,746.0
452,2.7,75.0,600.0
453,3.6,79.0,400.0
454,5.4,87.0,200.0
455,7.7,73.0,54.0
456,8.2,89.0,0.0
457,11.5,76.0,54.0
458,13.3,81.0,200.0
459,14.3,86.0,400.0
460,12.3,88.0,600.0
461,11.9,82.0,746.0
462,12.1,76.0,800.0
463,12.8,76.0,746.0
464,10.0,77.0,600.0
465,7.1,89.0,400.0
466,4.4,78.0,200.0
467,3.0,82.0,54.0
468,1.0,75.0,0.0
469,1.0,74.0,54.0
470,-0.2,80.0,200.0
471,-3.1,78.0,400.0
472,-1.7,79.0,600.0
473,-1.5,73.0,746.0
474,-2.6,80.0,800.0
475,-0.3,88.0,746.0
476,1.7,76.0,600.0
477,3.5,85.0,400.0
478,3.6,63.0,200.0
479,7.6,76.0,54.0
480,10.0,71.0,0.0
481,12.6,86.0,54.0
482,11.7,84.0,200.0
483,12.7,75.0,400.0
484,13.3,82.0,600.0
485,13.6,86.0,746.0
486,12.6,87.0,800.0
487,11.9,78.0,746.0
488,8.5,69.0,600.0
489,8.1,76.0,400.0
490,4.9,84.0,200.0
491,3.4,91.0,54.0
492,3.3,80.0,0.0
493,-1.5,77.0,54.0
494,-1.7,92.0,200.0
495,-3.5,82.0,400.0
496,-2.4,74.0,600.0
497,-1.3,80.0,746.0
498,-1.4,85.0,800.0
499,-0.5,80.0,746.0
500,2.6,84.0,600.0
501,3.5,72.0,400.0
502,6.0,73.0,200.0
503,8.0,77.0,54.0
504,6.4,79.0,0.0
505,10.8,82.0,54.0
506,11.1,84.0,200.0
507,12.2,93.0,400.0
508,14.9,77.0,600.0
509,12.8,79.0,746.0
510,14.3,77.0,800.0
511,9.8,86.0,746.0
512,8.4,86.0,600.0
513,8.4,78.0,400.0
514,5.2,91.0,200.0
515,3.8,77.0,54.0
516,1.4,86.0,0.0
517,-0.3,88.0,54.0
518,-1.8,74.0,200.0
519,-2.2,83.0,400.0
520,-2.0,67.0,600.0
521,-0.8,85.0,746.0
522,-1.9,75.0,800.0
523,-0.9,83.0,746.0
524,0.6,84.0,600.0
525,4.5,86.0,400.0
526,5.8,85.0,200.0
527,5.3,81.0,54.0
528,7.2,79.0,0.0
529,10.0,80.0,54.0
530,12.3,75.0,200.0
531,12.9,80.0,400.0
532,13.8,79.0,600.0
533,12.9,77.0,746.0
534,13.7,72.0,800.0
535,11.8,74.0,746.0
536,9.5,65.0,600.0
537,8.6,79.0,400.0
538,3.8,82.0,200.0
539,3.2,67.0,54.0
540,1.5,82.0,0.0
541,0.3,80.0,54.0
542,-3.3,75.0,200.0
543,-2.7,79.0,400.0
544,-2.4,86.0,600.0
545,-2.1,76.0,746.0
546,-0.7,81.0,800.0
547,0.2,82.0,746.0
548,0.9,77.0,600.0
549,3.6,86.0,400.0
550,4.8,83.0,200.0
551,7.2,80.0,54.0
552,9.8,93.0,0.0
553,10.6,86.0,54.0
554,12.3,72.0,200.0
555,13.8,79.0,400.0
556,13.8,93.0,600.0
557,14.1,76.0,746.0
558,14.5,81.0,800.0
559,11.6,87.0,746.0
560,8.8,84.0,600.0
561,7.9,85.0,400.0
562,5.8,85.0,200.0
563,3.8,81.0,54.0
564,2.7,77.0,0.0
565,-2.1,83.0,54.0
566,-0.2,79.0,200.0
567,-0.8,79.0,400.0
568,-2.4,88.0,600.0
569,-2.1,79.0,746.0
570,-2.2,89.0,800.0
571,-0.7,82.0,746.0
572,1.6,80.0,600.0
573,3.4,72.0,400.0
574,5.6,92.0,200.0
575,7.5,81.0,54.0
576,9.8,70.0,0.0
577,11.3,86.0,54.0
578,10.8,81.0,200.0
579,13.5,76.0,400.0
580,14.9,86.0,600.0
581,12.7,68.0,746.0
582,13.5,78.0,800.0
583,9.9,80.0,746.0
584,9.1,85.0,600.0
585,6.6,92.0,400.0
586,6.5,80.0,200.0
587,4.7,83.0,54.0
588,1.0,95.0,0.0
589,0.6,81.0,54.0
590,-0.2,84.0,200.0
591,-2.8,75.0,400.0
592,-2.9,91.0,600.0
593,-2.1,78.0,746.0
594,-2.9,83.0,800.0
595,-0.7,82.0,746.0
596,2.9,82.0,600.0
597,2.2,79.0,400.0
598,5.6,82.0,200.0
599,7.3,90.0,54.0
600,8.6,93.0,0.0
601,10.6,80.0,54.0
602,13.5,79.0,200.0
603,13.1,77.0,400.0
604,13.6,95.0,600.0
605,14.3,82.0,746.0
606,11.6,87.0,800.0
607,9.6,85.0,746.0
608,10.8,92.0,600.0
609,7.2,80.0,400.0
610,5.9,76.0,200.0
611,2.2,91.0,54.0
612,1.4,86.0,0.0
613,-1.8,84.0,54.0
614,-1.9,89.0,200.0
615,-3.5,84.0,400.0
616,-4.1,89.0,600.0
617,-3.3,83.0,746.0
618,-4.5,86.0,800.0
619,-2.1,84.0,746.0
620,1.4,80.0,600.0
621,2.9,80.0,400.0
622,3.5,80.0,200.0
623,7.2,83.0,54.0
624,7.7,79.0,0.0
625,11.0,84.0,54.0
626,11.5,84.0,200.0
627,12.1,83.0,400.0
628,12.7,83.0,600.0
629,15.1,79.0,746.0
630,11.0,80.0,800.0
631,10.8,73.0,746.0
632,9.7,81.0,600.0
633,6.0,77.0,400.0
634,3.3,82.0,200.0
635,2.2,78.0,54.0
636,1.6,71.0,0.0
637,-1.1,93.0,54.0
638,-2.3,80.0,200.0
639,-2.1,89.0,400.0
640,-4.1,79.0,600.0
641,-3.2,90.0,746.0
642,-3.8,76.0,800.0
643,-0.8,83.0,746.0
644,0.8,76.0,600.0
645,3.2,95.0,400.0
646,3.3,80.0,200.0
647,6.4,86.0,54.0
648,7.2,84.0,0.0
649,9.9,82.0,54.0
650,13.0,84.0,200.0
651,12.0,89.0,400.0
652,11.3,85.0,600.0
653,11.7,83.0,746.0
654,10.0,84.0,800.0
655,9.1,91.0,746.0
656,9.5,80.0,600.0
657,5.4,73.0,400.0
658,5.1,76.0,200.0
659,2.8,77.0,54.0
660,0.2,77.0,0.0
661,-0.7,78.0,54.0
662,-3.2,82.0,200.0
663,-2.2,83.0,400.0
664,-4.1,83.0,600.0
665,-3.6,78.0,746.0
666,-2.9,87.0,800.0
667,-0.5,85.0,746.0
668,1.0,90.0,600.0
669,-0.3,86.0,400.0
670,4.6,80.0,200.0
671,4.7,88.0,54.0
672,8.0,83.0,0.0
673,10.0,86.0,54.0
674,11.0,86.0,200.0
675,12.7,81.0,400.0
676,13.2,83.0,600.0
677,11.5,81.0,746.0
678,10.7,78.0,800.0
679,10.3,71.0,746.0
680,7.1,79.0,600.0
681,6.3,83.0,400.0
682,6.0,87.0,200.0
683,1.1,86.0,54.0
684,0.3,81.0,0.0
685,-1.6,79.0,54.0
686,-0.3,81.0,200.0
687,-3.7,77.0,400.0
688,-4.0,72.0,600.0
689,-4.3,74.0,746.0
690,-2.5,89.0,800.0
691,-1.1,91.0,746.0
692,-0.6,86.0,600.0
693,3.2,82.0,400.0
694,4.5,75.0,200.0
695,7.2,81.0,54.0
696,7.9,85.0,0.0
697,10.2,86.0,54.0
698,11.0,86.0,200.0
699,13.6,88.0,400.0
700,12.5,92.0,600.0
701,12.2,80.0,746.0
702,11.0,96.0,800.0
703,9.7,72.0,746.0
704,8.8,78.0,600.0
705,7.5,83.0,400.0
706,3.9,85.0,200.0
707,2.6,81.0,54.0
708,0.7,80.0,0.0
709,-0.8,93.0,54.0
710,-4.2,80.0,200.0
711,-4.2,77.0,400.0
712,-5.0,91.0,600.0
713,-3.4,87.0,746.0
714,-3.6,88.0,800.0
715,-1.9,83.0,746.0
716,-1.0,75.0,600.0
717,1.7,83.0,400.0
718,3.0,75.0,200.0
719,7.0,84.0,54.0
720,8.6,86.0,0.0
721,10.0,88.0,54.0
722,10.8,82.0,200.0
723,10.0,86.0,400.0
724,11.8,78.0,600.0
725,11.3,87.0,746.0
726,11.6,86.0,800.0
727,10.7,78.0,746.0
728,8.8,85.0,600.0
729,7.8,88.0,400.0
730,3.9,83.0,200.0
731,1.8,78.0,54.0
732,1.5,83.0,0.0
733,-1.1,85.0,54.0
734,-2.8,78.0,200.0
735,-1.6,78.0,400.0
736,-3.2,85.0,600.0
737,-3.7,87.0,746.0
738,-3.5,93.0,800.0
739,-0.2,86.0,746.0
740,0.3,77.0,600.0
741,2.0,93.0,400.0
742,4.7,88.0,200.0
743,7.0,73.0,54.0
744,8.6,77.0,0.0
745,10.6,80.0,54.0
746,11.5,87.0,200.0
747,12.4,71.0,400.0
748,11.5,82.0,600.0
749,13.8,87.0,746.0
750,10.0,69.0,800.0
751,10.3,86.0,746.0
752,7.0,87.0,600.0
753,6.3,78.0,400.0
754,3.8,77.0,200.0
755,2.4,78.0,54.0
756,0.7,69.0,0.0
757,-2.3,81.0,54.0
758,-2.7,84.0,200.0
759,-2.1,77.0,400.0
760,-5.2,88.0,600.0
761,-4.5,83.0,746.0
762,-2.0,84.0,800.0
763,-1.6,81.0,746.0
764,0.1,87.0,600.0
765,2.9,89.0,400.0
766,3.1,81.0,200.0
767,5.5,87.0,54.0
768,7.3,87.0,0.0
769,9.3,85.0,54.0
770,12.3,91.0,200.0
771,10.1,79.0,400.0
772,10.9,81.0,600.0
773,10.5,79.0,746.0
774,12.5,87.0,800.0
775,9.3,82.0,746.0
776,7.9,79.0,600.0
777,4.7,91.0,400.0
778,4.0,92.0,200.0
779,3.0,81.0,54.0
780,0.5,76.0,0.0
781,-1.6,92.0,54.0
782,-4.3,85.0,200.0
783,-4.0,85.0,400.0
784,-3.8,84.0,600.0
785,-4.7,79.0,746.0
786,-2.3,81.0,800.0
787,-0.9,86.0,746.0
788,-0.7,81.0,600.0
789,2.5,85.0,400.0
790,3.7,83.0,200.0
791,7.0,78.0,54.0
792,9.9,91.0,0.0
793,8.4,86.0,54.0
794,11.6,85.0,200.0
795,13.0,86.0,400.0
796,11.0,74.0,600.0
797,11.2,81.0,746.0
798,10.4,75.0,800.0
799,9.6,84.0,746.0
800,7.8,85.0,600.0
801,6.0,84.0,400.0
802,5.0,89.0,200.0
803,0.2,76.0,54.0
804,-0.9,79.0,0.0
805,-0.9,85.0,54.0
806,-2.3,85.0,200.0
807,-4.8,77.0,400.0
808,-3.5,89.0,600.0
809,-2.5,91.0,746.0
810,-3.1,85.0,800.0
811,-2.9,76.0,746.0
812,0.6,84.0,600.0
813,3.4,85.0,400.0
814,2.8,82.0,200.0
815,5.8,90.0,54.0
816,8.8,83.0,0.0
817,9.5,94.0,54.0
818,9.0,87.0,200.0
819,12.0,85.0,400.0
820,10.9,88.0,600.0
821,10.4,91.0,746.0
822,9.2,88.0,800.0
823,10.9,83.0,746.0
824,7.2,80.0,600.0
825,6.5,78.0,400.0
826,4.6,71.0,200.0
827,2.1,84.0,54.0
828,0.3,81.0,0.0
829,-1.3,82.0,54.0
830,-2.8,89.0,200.0
831,-4.6,83.0,400.0
832,-5.0,93.0,600.0
833,-4.0,81.0,746.0
834,-3.3,79.0,800.0
835,-1.5,77.0,746.0
836,0.8,87.0,600.0
837,1.9,89.0,400.0
838,2.8,81.0,200.0
839,3.5,78.0,54.0
840,6.9,91.0,0.0
841,8.0,76.0,54.0
842,9.9,89.0,200.0
843,11.7,81.0,400.0
844,11.9,86.0,600.0
845,13.4,89.0,746.0
846,11.3,86.0,800.0
847,11.5,82.0,746.0
848,8.6,91.0,600.0
849,7.1,85.0,400.0
850,3.6,100.0,200.0
851,0.8,75.0,54.0
852,-0.5,75.0,0.0
853,-1.8,89.0,54.0
854,-3.7,83.0,200.0
855,-4.9,88.0,400.0
856,-3.8,78.0,600.0
857,-5.0,84.0,746.0
858,-4.8,86.0,800.0
859,-3.2,81.0,746.0
860,-0.7,85.0,600.0
861,0.5,77.0,400.0
862,3.3,86.0,200.0
863,6.2,91.0,54.0
864,8.1,78.0,0.0
865,8.6,77.0,54.0
866,9.2,90.0,200.0
867,10.8,77.0,400.0
868,12.3,88.0,600.0
869,12.3,84.0,746.0
870,11.1,82.0,800.0
871,10.7,91.0,746.0
872,9.6,88.0,600.0
873,5.4,85.0,400.0
874,5.3,73.0,200.0
875,1.5,87.0,54.0
876,0.8,78.0,0.0
877,-1.2,83.0,54.0
878,-5.2,84.0,200.0
879,-5.0,93.0,400.0
880,-5.6,83.0,600.0
881,-5.9,77.0,746.0
882,-2.5,91.0,800.0
883,-0.1,88.0,746.0
884,-0.8,88.0,600.0
885,2.2,91.0,400.0
886,4.9,93.0,200.0
887,5.7,79.0,54.0
888,7.4,77.0,0.0
889,8.9,88.0,54.0
890,11.0,83.0,200.0
891,12.1,83.0,400.0
892,12.1,78.0,600.0
893,11.8,87.0,746.0
894,10.6,86.0,800.0
895,7.8,83.0,746.0
896,8.6,77.0,600.0
897,4.5,90.0,400.0
898,4.4,85.0,200.0
899,2.4,90.0,54.0
900,-1.4,74.0,0.0
901,-2.6,84.0,54.0
902,-1.2,80.0,200.0
903,-4.2,84.0,400.0
904,-5.7,89.0,600.0
905,-3.4,86.0,746.0
906,-4.3,84.0,800.0
907,-4.2,84.0,746.0
908,-0.1,76.0,600.0
909,0.4,80.0,400.0
910,3.7,90.0,200.0
911,4.6,82.0,54.0
912,8.1,90.0,0.0
913,9.2,88.0,54.0
914,7.8,89.0,200.0
915,11.6,86.0,400.0
916,11.2,82.0,600.0
917,12.7,83.0,746.0
918,10.9,87.0,800.0
919,10.0,74.0,746.0
920,6.9,90.0,600.0
921,4.9,82.0,400.0
922,3.6,84.0,200.0
923,1.2,84.0,54.0
924,1.0,84.0,0.0
925,-2.2,78.0,54.0
926,-4.6,85.0,200.0
927,-5.0,87.0,400.0
928,-3.6,74.0,600.0
929,-4.5,78.0,746.0
930,-3.8,89.0,800.0
931,-1.3,88.0,746.0
932,-1.6,86.0,600.0
933,-1.0,81.0,400.0
934,2.4,88.0,200.0
935,5.6,78.0,54.0
936,7.0,84.0,0.0
937,7.4,78.0,54.0
938,11.3,84.0,200.0
939,11.3,79.0,400.0
940,11.8,88.0,600.0
941,11.6,87.0,746.0
942,9.1,82.0,800.0
943,9.5,90.0,746.0
944,8.5,80.0,600.0
945,6.8,84.0,400.0
946,4.3,81.0,200.0
947,2.0,88.0,54.0
948,-2.2,88.0,0.0
949,-2.2,91.0,54.0
950,-4.4,85.0,200.0
951,-3.0,70.0,400.0
952,-3.5,82.0,600.0
953,-5.4,92.0,746.0
954,-3.7,83.0,800.0
955,-2.2,75.0,746.0
956,0.1,87.0,600.0
957,-0.6,87.0,400.0
958,0.9,81.0,200.0
959,5.3,83.0,54.0
960,4.6,80.0,0.0
961,9.0,87.0,54.0
962,10.8,85.0,200.0
963,12.2,79.0,400.0
964,10.7,85.0,600.0
965,11.3,81.0,746.0
966,11.0,92.0,800.0
967,7.9,89.0,746.0
968,8.4,84.0,600.0
969,5.8,85.0,400.0
970,2.9,90.0,200.0
971,1.6,84.0,54.0
972,-0.7,88.0,0.0
973,-1.4,92.0,54.0
974,-3.9,82.0,200.0
975,-4.2,93.0,400.0
976,-5.3,91.0,600.0
977,-5.4,86.0,746.0
978,-3.6,82.0,800.0
979,-3.4,86.0,746.0
980,-0.1,83.0,600.0
981,1.6,81.0,400.0
982,2.3,87.0,200.0
983,5.4,80.0,54.0
984,6.3,83.0,0.0
985,7.2,83.0,54.0
986,9.5,78.0,200.0
987,10.9,88.0,400.0
988,11.8,84.0,600.0
989,11.2,91.0,746.0
990,11.2,84.0,800.0
991,8.0,83.0,746.0
992,7.0,80.0,600.0
993,7.1,85.0,400.0
994,1.5,85.0,200.0
995,0.9,89.0,54.0
996,-1.7,85.0,0.0
997,-2.5,95.0,54.0
998,-4.1,87.0,200.0
999,-3.9,80.0,400.0
1000,-4.5,80.0,600.0
1001,-5.9,88.0,746.0
1002,-4.4,80.0,800.0
1003,-2.6,88.0,746.0
1004,-0.2,89.0,600.0
1005,3.4,89.0,400.0
1006,3.7,81.0,200.0
1007,4.1,90.0,54.0
1008,6.9,87.0,0.0
1009,8.9,82.0,54.0
1010,9.5,84.0,200.0
1011,11.3,87.0,400.0
1012,8.9,82.0,600.0
1013,11.5,86.0,746.0
1014,9.7,92.0,800.0
1015,8.8,90.0,746.0
1016,8.8,85.0,600.0
1017,4.1,86.0,400.0
1018,3.6,82.0,200.0
1019,2.0,82.0,54.0
1020,-0.5,77.0,0.0
1021,-4.0,86.0,54.0
1022,-2.4,88.0,200.0
1023,-4.8,85.0,400.0
1024,-5.4,81.0,600.0
1025,-5.0,85.0,746.0
1026,-4.3,92.0,800.0
1027,-3.9,90.0,746.0
1028,-0.9,85.0,600.0
1029,0.3,95.0,400.0
1030,3.6,99.0,200.0
1031,5.5,83.0,54.0
1032,8.6,84.0,0.0
1033,8.4,89.0,54.0
1034,9.1,81.0,200.0
1035,9.3,89.0,400.0
1036,13.3,86.0,600.0
1037,11.5,87.0,746.0
1038,9.4,82.0,800.0
1039,10.6,81.0,746.0
1040,8.6,75.0,600.0
1041,4.0,93.0,400.0
1042,2.5,90.0,200.0
1043,1.0,89.0,54.0
1044,-1.9,87.0,0.0
1045,-2.6,74.0,54.0
1046,-3.1,81.0,200.0
1047,-6.0,84.0,400.0
1048,-4.7,80.0,600.0
1049,-3.6,77.0,746.0
1050,-3.6,80.0,800.0
1051,-2.8,86.0,746.0
1052,-1.8,86.0,600.0
1053,1.6,90.0,400.0
1054,1.7,96.0,200.0
1055,5.2,89.0,54.0
1056,6.9,84.0,0.0
1057,9.7,94.0,54.0
1058,9.3,77.0,200.0
1059,10.2,75.0,400.0
1060,9.8,81.0,600.0
1061,11.2,89.0,746.0
1062,9.6,86.0,800.0
1063,7.9,80.0,746.0
1064,6.4,82.0,600.0
1065,5.8,79.0,400.0
1066,2.1,79.0,200.0
1067,0.1,93.0,54.0
1068,0.0,85.0,0.0
1069,-2.7,94.0,54.0
1070,-2.9,81.0,200.0
1071,-5.1,88.0,400.0
1072,-5.0,87.0,600.0
1073,-4.7,90.0,746.0
1074,-2.7,87.0,800.0
1075,-1.5,90.0,746.0
1076,-0.1,88.0,600.0
1077,0.1,80.0,400.0
1078,1.8,89.0,200.0
1079,5.6,85.0,54.0
1080,8.2,82.0,0.0
1081,9.6,89.0,54.0
1082,9.8,90.0,200.0
1083,11.3,83.0,400.0
1084,11.7,84.0,600.0
1085,10.9,79.0,746.0
1086,10.1,77.0,800.0
1087,8.8,84.0,746.0
1088,6.3,90.0,600.0
1089,4.5,83.0,400.0
1090,2.4,93.0,200.0
1091,-0.6,85.0,54.0
1092,-0.8,85.0,0.0
1093,-2.7,84.0,54.0
1094,-3.2,91.0,200.0
1095,-3.5,81.0,400.0
1096,-3.8,85.0,600.0
1097,-3.5,83.0,746.0
1098,-4.9,83.0,800.0
1099,-4.3,86.0,746.0
1100,-0.3,85.0,600.0
1101,2.0,91.0,400.0
1102,4.2,86.0,200.0
1103,5.2,88.0,54.0
1104,4.7,87.0,0.0
1105,8.8,93.0,54.0
1106,10.3,84.0,200.0
1107,11.8,84.0,400.0
1108,12.3,89.0,600.0
1109,11.5,84.0,746.0
1110,9.3,88.0,800.0
1111,7.6,97.0,746.0
1112,7.5,81.0,600.0
1113,4.3,93.0,400.0
1114,4.5,83.0,200.0
1115,-0.8,92.0,54.0
1116,-0.4,89.0,0.0
1117,-2.4,89.0,54.0
1118,-4.2,85.0,200.0
1119,-5.8,85.0,400.0
1120,-7.2,82.0,600.0
1121,-5.5,86.0,746.0
1122,-4.7,85.0,800.0
1123,-1.9,87.0,746.0
1124,-2.1,79.0,600.0
1125,1.0,86.0,400.0
1126,1.3,92.0,200.0
1127,5.2,91.0,54.0
1128,4.4,86.0,0.0
1129,10.4,99.0,54.0
1130,9.5,83.0,200.0
1131,7.7,85.0,400.0
1132,10.1,79.0,600.0
1133,9.7,84.0,746.0
1134,9.2,95.0,800.0
1135,8.2,84.0,746.0
1136,6.3,78.0,600.0
1137,4.2,90.0,400.0
1138,1.8,88.0,200.0
1139,1.7,90.0,54.0
1140,0.1,84.0,0.0
1141,-3.0,81.0,54.0
1142,-4.1,85.0,200.0
1143,-6.0,89.0,400.0
1144,-5.2,86.0,600.0
1145,-4.8,88.0,746.0
1146,-4.5,83.0,800.0
1147,-2.6,88.0,746.0
1148,-1.1,86.0,600.0
1149,-0.6,82.0,400.0
1150,3.7,87.0,200.0
1151,4.4,84.0,54.0
1152,8.2,89.0,0.0
1153,8.7,90.0,54.0
1154,11.5,89.0,200.0
1155,11.6,78.0,400.0
1156,11.0,81.0,600.0
1157,9.8,83.0,746.0
1158,9.0,82.0,800.0
1159,9.0,83.0,746.0
1160,7.0,91.0,600.0
1161,4.4,90.0,400.0
1162,3.7,84.0,200.0
1163,0.9,89.0,54.0
1164,-0.3,88.0,0.0
1165,-3.8,86.0,54.0
1166,-3.1,92.0,200.0
1167,-4.5,83.0,400.0
1168,-4.1,86.0,600.0
1169,-4.1,81.0,746.0
1170,-4.4,81.0,800.0
1171,-3.3,79.0,746.0
1172,0.3,81.0,600.0
1173,0.1,87.0,400.0
1174,3.2,85.0,200.0
1175,4.2,85.0,54.0
1176,4.6,85.0,0.0
1177,7.0,95.0,54.0
1178,9.9,81.0,200.0
1179,11.0,80.0,400.0
1180,11.1,82.0,600.0
1181,11.6,86.0,746.0
1182,10.1,89.0,800.0
1183,7.7,89.0,746.0
1184,7.4,91.0,600.0
1185,5.1,86.0,400.0
1186,2.3,84.0,200.0
1187,1.2,94.0,54.0
1188,-1.1,72.0,0.0
1189,-3.5,87.0,54.0
1190,-4.4,88.0,200.0
1191,-3.6,96.0,400.0
1192,-4.0,78.0,600.0
1193,-5.0,84.0,746.0
1194,-4.3,80.0,800.0
1195,-4.6,77.0,746.0
1196,0.2,85.0,600.0
1197,1.4,91.0,400.0
1198,3.2,92.0,200.0
1199,2.2,84.0,54.0
1200,6.5,90.0,0.0
1201,8.0,85.0,54.0
1202,10.1,89.0,200.0
1203,9.8,92.0,400.0
1204,10.4,85.0,600.0
1205,11.0,92.0,746.0
1206,8.8,80.0,800.0
1207,7.8,90.0,746.0
1208,6.9,92.0,600.0
1209,6.2,91.0,400.0
1210,3.6,81.0,200.0
1211,1.8,85.0,54.0
1212,-1.2,88.0,0.0
1213,-1.4,89.0,54.0
1214,-6.0,87.0,200.0
1215,-3.1,94.0,400.0
1216,-3.3,80.0,600.0
1217,-4.7,85.0,746.0
1218,-3.6,78.0,800.0
1219,-3.3,90.0,746.0
1220,-1.8,89.0,600.0
1221,-0.3,100.0,400.0
1222,2.3,92.0,200.0
1223,5.0,88.0,54.0
1224,6.8,88.0,0.0
1225,10.1,85.0,54.0
1226,9.5,87.0,200.0
1227,8.7,88.0,400.0
1228,12.2,77.0,600.0
1229,9.1,88.0,746.0
1230,9.0,87.0,800.0
1231,8.6,95.0,746.0
1232,7.1,86.0,600.0
1233,3.3,83.0,400.0
1234,2.0,88.0,200.0
1235,-0.8,87.0,54.0
1236,-0.7,86.0,0.0
1237,-1.8,80.0,54.0
1238,-5.5,86.0,200.0
1239,-4.2,84.0,400.0
1240,-4.5,86.0,600.0
1241,-5.9,90.0,746.0
1242,-6.5,83.0,800.0
1243,-4.3,86.0,746.0
1244,-2.2,89.0,600.0
1245,1.8,85.0,400.0
1246,2.2,100.0,200.0
1247,3.4,88.0,54.0
1248,6.5,80.0,0.0
1249,6.7,83.0,54.0
1250,9.8,82.0,200.0
1251,9.2,83.0,400.0
1252,9.7,89.0,600.0
1253,10.6,81.0,746.0
1254,11.3,85.0,800.0
1255,10.5,92.0,746.0
1256,5.6,84.0,600.0
1257,4.1,90.0,400.0
1258,3.2,78.0,200.0
1259,1.8,85.0,54.0
1260,-3.5,82.0,0.0
1261,-3.0,88.0,54.0
1262,-4.9,82.0,200.0
1263,-7.1,97.0,400.0
1264,-6.9,79.0,600.0
1265,-5.9,92.0,746.0
1266,-4.5,91.0,800.0
1267,-2.3,88.0,746.0
1268,-1.4,87.0,600.0
1269,1.1,96.0,400.0
1270,2.3,99.0,200.0
1271,3.6,86.0,54.0
1272,6.1,88.0,0.0
1273,8.7,84.0,54.0
1274,10.3,81.0,200.0
1275,10.0,89.0,400.0
1276,9.5,88.0,600.0
1277,10.5,79.0,746.0
1278,9.9,89.0,800.0
1279,9.5,88.0,746.0
1280,5.9,84.0,600.0
1281,4.0,84.0,400.0
1282,3.4,89.0,200.0
1283,0.1,95.0,54.0
1284,-1.9,89.0,0.0
1285,-1.8,91.0,54.0
1286,-5.8,83.0,200.0
1287,-3.2,85.0,400.0
1288,-6.2,90.0,600.0
1289,-4.5,80.0,746.0
1290,-4.7,88.0,800.0
1291,-3.1,89.0,746.0
1292,-2.0,87.0,600.0
1293,1.0,89.0,400.0
1294,1.9,87.0,200.0
1295,3.7,84.0,54.0
1296,8.0,81.0,0.0
1297,7.9,87.0,54.0
1298,8.5,94.0,200.0
1299,8.6,92.0,400.0
1300,12.3,85.0,600.0
1301,9.6,85.0,746.0
1302,11.5,85.0,800.0
1303,8.6,85.0,746.0
1304,6.7,89.0,600.0
1305,4.8,92.0,400.0
1306,4.8,98.0,200.0
1307,-1.7,83.0,54.0
1308,-1.2,90.0,0.0
1309,-3.4,90.0,54.0
1310,-4.7,85.0,200.0
1311,-5.2,82.0,400.0
1312,-5.9,88.0,600.0
1313,-5.2,98.0,746.0
1314,-4.7,88.0,800.0
1315,-4.7,83.0,746.0
1316,-1.4,86.0,600.0
1317,0.8,81.0,400.0
1318,1.6,87.0,200.0
1319,6.1,91.0,54.0
1320,7.5,84.0,0.0
1321,8.7,71.0,54.0
1322,10.0,89.0,200.0
1323,10.1,85.0,400.0
1324,11.5,83.0,600.0
1325,11.7,83.0,746.0
1326,10.2,89.0,800.0
1327,7.6,85.0,746.0
1328,6.5,92.0,600.0
1329,5.2,92.0,400.0
1330,3.4,86.0,200.0
1331,0.4,85.0,54.0
1332,-2.1,88.0,0.0
1333,-1.6,87.0,54.0
1334,-5.6,78.0,200.0
1335,-6.3,97.0,400.0
1336,-7.0,91.0,600.0
1337,-6.4,85.0,746.0
1338,-3.5,78.0,800.0
1339,-2.2,86.0,746.0
1340,-1.9,84.0,600.0
1341,0.6,87.0,400.0
1342,2.1,76.0,200.0
1343,3.0,85.0,54.0
1344,8.4,85.0,0.0
1345,9.2,86.0,54.0
1346,9.5,86.0,200.0
1347,9.1,88.0,400.0
1348,10.1,95.0,600.0
1349,9.4,85.0,746.0
1350,9.4,83.0,800.0
1351,8.4,79.0,746.0
1352,6.1,85.0,600.0
1353,3.1,80.0,400.0
1354,4.6,92.0,200.0
1355,0.6,87.0,54.0
1356,-1.1,92.0,0.0
1357,-3.7,95.0,54.0
1358,-6.1,83.0,200.0
1359,-5.5,86.0,400.0
1360,-6.0,94.0,600.0
1361,-4.8,88.0,746.0
1362,-3.8,90.0,800.0
1363,-2.7,93.0,746.0
1364,-0.9,92.0,600.0
1365,1.8,90.0,400.0
1366,2.5,94.0,200.0
1367,5.3,87.0,54.0
1368,6.6,90.0,0.0
1369,5.9,87.0,54.0
1370,8.9,93.0,200.0
1371,9.1,84.0,400.0
1372,10.5,79.0,600.0
1373,9.2,91.0,746.0
1374,9.9,82.0,800.0
1375,9.0,82.0,746.0
1376,7.6,94.0,600.0
1377,6.1,92.0,400.0
1378,0.8,86.0,200.0
1379,-0.8,72.0,54.0
1380,1.3,90.0,0.0
1381,-2.3,91.0,54.0
1382,-4.4,90.0,200.0
1383,-5.4,90.0,400.0
1384,-5.8,87.0,600.0
1385,-7.5,86.0,746.0
1386,-5.6,82.0,800.0
1387,-3.7,84.0,746.0
1388,-2.6,89.0,600.0
1389,-0.6,89.0,400.0
1390,4.6,92.0,200.0
1391,3.9,81.0,54.0
1392,6.3,79.0,0.0
1393,8.0,86.0,54.0
1394,9.6,83.0,200.0
1395,9.4,89.0,400.0
1396,11.5,81.0,600.0
1397,10.4,94.0,746.0
1398,8.0,84.0,800.0
1399,7.9,96.0,746.0
1400,6.2,90.0,600.0
1401,4.2,82.0,400.0
1402,2.9,98.0,200.0
1403,1.0,89.0,54.0
1404,-1.1,89.0,0.0
1405,-3.0,87.0,54.0
1406,-4.5,90.0,200.0
1407,-7.6,90.0,400.0
1408,-5.0,83.0,600.0
1409,-5.1,87.0,746.0
1410,-5.8,88.0,800.0
1411,-3.3,91.0,746.0
1412,-1.3,91.0,600.0
1413,1.1,89.0,400.0
1414,2.5,85.0,200.0
1415,4.4,85.0,54.0
1416,7.0,82.0,0.0
1417,7.4,91.0,54.0
1418,9.4,85.0,200.0
1419,9.2,87.0,400.0
1420,11.3,89.0,600.0
1421,8.4,88.0,746.0
1422,10.0,88.0,800.0
1423,8.0,83.0,746.0
1424,7.3,89.0,600.0
1425,3.7,86.0,400.0
1426,2.5,87.0,200.0
1427,0.4,94.0,54.0
1428,-1.2,90.0,0.0
1429,-4.4,85.0,54.0
1430,-4.0,87.0,200.0
1431,-7.3,96.0,400.0
1432,-6.5,86.0,600.0
1433,-7.2,88.0,746.0
1434,-4.0,91.0,800.0
1435,-3.2,89.0,746.0
1436,-1.5,86.0,600.0
1437,1.4,84.0,400.0
1438,1.7,88.0,200.0
1439,4.7,91.0,54.0
1440,6.1,94.0,0.0
1441,7.6,81.0,54.0
1442,10.3,97.0,200.0
1443,11.9,86.0,400.0
1444,9.7,93.0,600.0
1445,10.8,84.0,746.0
1446,9.5,80.0,800.0
1447,8.3,81.0,746.0
1448,6.6,86.0,600.0
1449,4.1,91.0,400.0
1450,-1.2,88.0,200.0
1451,1.8,87.0,54.0
1452,-2.4,94.0,0.0
1453,-3.6,88.0,54.0
1454,-4.9,89.0,200.0
1455,-6.3,100.0,400.0
1456,-5.6,88.0,600.0
1457,-5.7,84.0,746.0
1458,-5.6,90.0,800.0
1459,-3.5,92.0,746.0
1460,-2.1,89.0,600.0
1461,0.8,89.0,400.0
1462,0.6,95.0,200.0
1463,3.2,95.0,54.0
1464,6.7,87.0,0.0
1465,7.0,85.0,54.0
1466,8.1,90.0,200.0
1467,9.2,85.0,400.0
1468,10.0,92.0,600.0
1469,9.8,90.0,746.0
1470,8.9,100.0,800.0
1471,6.9,95.0,746.0
1472,7.1,83.0,600.0
1473,5.7,85.0,400.0
1474,0.4,78.0,200.0
1475,-1.3,77.0,54.0
1476,-0.7,89.0,0.0
1477,-1.8,82.0,54.0
1478,-6.8,96.0,200.0
1479,-4.7,94.0,400.0
1480,-4.2,87.0,600.0
1481,-6.5,86.0,746.0
1482,-3.3,96.0,800.0
1483,-3.9,97.0,746.0
1484,-1.7,83.0,600.0
1485,-0.9,83.0,400.0
1486,2.9,87.0,200.0
1487,4.8,90.0,54.0
1488,7.7,86.0,0.0
1489,9.1,90.0,54.0
1490,8.9,98.0,200.0
1491,12.9,81.0,400.0
1492,11.4,86.0,600.0
1493,10.4,81.0,746.0
1494,8.1,84.0,800.0
1495,6.4,87.0,746.0
1496,4.8,85.0,600.0
1497,3.4,91.0,400.0
1498,3.7,89.0,200.0
1499,0.7,90.0,54.0
1500,-2.4,87.0,0.0
1501,-3.6,87.0,54.0
1502,-5.0,86.0,200.0
1503,-4.8,87.0,400.0
1504,-6.8,90.0,600.0
1505,-5.3,79.0,746.0
1506,-4.6,90.0,800.0
1507,-4.6,84.0,746.0
1508,-0.5,87.0,600.0
1509,-0.5,80.0,400.0
1510,0.9,86.0,200.0
1511,4.8,90.0,54.0
1512,6.0,91.0,0.0
1513,8.0,82.0,54.0
1514,7.7,90.0,200.0
1515,10.6,94.0,400.0
1516,12.2,86.0,600.0
1517,8.6,88.0,746.0
1518,9.5,78.0,800.0
1519,7.1,84.0,746.0
1520,8.9,90.0,600.0
1521,5.6,93.0,400.0
1522,2.5,85.0,200.0
1523,-1.0,100.0,54.0
1524,-2.8,90.0,0.0
1525,-2.7,82.0,54.0
1526,-6.1,95.0,200.0
1527,-6.9,82.0,400.0
1528,-5.9,90.0,600.0
1529,-5.6,84.0,746.0
1530,-4.6,82.0,800.0
1531,-4.2,93.0,746.0
1532,-1.2,87.0,600.0
1533,-1.1,97.0,400.0
1534,2.5,83.0,200.0
1535,4.2,81.0,54.0
1536,6.5,86.0,0.0
1537,8.8,100.0,54.0
1538,8.4,93.0,200.0
1539,9.1,91.0,400.0
1540,8.4,91.0,600.0
1541,7.8,86.0,746.0
1542,8.9,100.0,800.0
1543,7.7,91.0,746.0
1544,5.1,90.0,600.0
1545,3.4,93.0,400.0
1546,3.8,82.0,200.0
1547,1.0,84.0,54.0
1548,-3.0,87.0,0.0
1549,-3.9,93.0,54.0
1550,-4.4,82.0,200.0
1551,-6.3,88.0,400.0
1552,-6.8,87.0,600.0
1553,-6.1,81.0,746.0
1554,-3.9,86.0,800.0
1555,-2.6,91.0,746.0
1556,-2.9,81.0,600.0
1557,0.3,96.0,400.0
1558,1.8,91.0,200.0
1559,2.9,90.0,54.0
1560,5.6,89.0,0.0
1561,6.3,83.0,54.0
1562,10.0,85.0,200.0
1563,11.3,90.0,400.0
1564,9.6,85.0,600.0
1565,9.2,89.0,746.0
1566,10.1,84.0,800.0
1567,9.0,91.0,746.0
1568,5.1,91.0,600.0
1569,4.1,80.0,400.0
1570,2.2,89.0,200.0
1571,-0.6,81.0,54.0
1572,-1.4,79.0,0.0
1573,-4.2,86.0,54.0
1574,-5.3,100.0,200.0
1575,-5.7,92.0,400.0
1576,-7.5,96.0,600.0
1577,-7.8,92.0,746.0
1578,-4.1,90.0,800.0
1579,-4.5,93.0,746.0
1580,0.0,85.0,600.0
1581,1.8,91.0,400.0
1582,1.3,94.0,200.0
1583,6.3,92.0,54.0
1584,6.8,95.0,0.0
1585,6.9,90.0,54.0
1586,6.3,97.0,200.0
1587,10.4,88.0,400.0
1588,10.1,99.0,600.0
1589,10.2,91.0,746.0
1590,8.8,87.0,800.0
1591,6.7,83.0,746.0
1592,5.8,85.0,600.0
1593,5.0,84.0,400.0
1594,1.9,88.0,200.0
1595,-0.2,82.0,54.0
1596,-3.3,95.0,0.0
1597,-3.4,89.0,54.0
1598,-5.9,89.0,200.0
1599,-4.7,83.0,400.0
1600,-6.7,85.0,600.0
1601,-6.0,78.0,746.0
1602,-2.8,97.0,800.0
1603,-4.1,82.0,746.0
1604,-2.6,82.0,600.0
1605,0.4,96.0,400.0
1606,0.0,91.0,200.0
1607,5.2,89.0,54.0
1608,6.8,90.0,0.0
1609,8.1,93.0,54.0
1610,5.5,89.0,200.0
1611,9.4,81.0,400.0
1612,8.7,92.0,600.0
1613,10.9,91.0,746.0
1614,10.1,95.0,800.0
1615,8.2,82.0,746.0
1616,5.0,85.0,600.0
1617,5.8,91.0,400.0
1618,1.9,84.0,200.0
1619,1.9,77.0,54.0
1620,-1.6,90.0,0.0
1621,-3.0,93.0,54.0
1622,-5.3,88.0,200.0
1623,-4.3,92.0,400.0
1624,-5.4,91.0,600.0
1625,-4.3,89.0,746.0
1626,-4.8,89.0,800.0
1627,-3.8,96.0,746.0
1628,-1.6,84.0,600.0
1629,1.2,93.0,400.0
1630,2.8,83.0,200.0
1631,4.0,85.0,54.0
1632,4.0,95.0,0.0
1633,8.3,83.0,54.0
1634,7.4,88.0,200.0
1635,9.7,100.0,400.0
1636,9.9,94.0,600.0
1637,8.4,85.0,746.0
1638,9.4,86.0,800.0
1639,9.9,88.0,746.0
1640,5.9,95.0,600.0
1641,5.0,84.0,400.0
1642,4.6,84.0,200.0
1643,1.0,92.0,54.0
1644,-2.5,80.0,0.0
1645,-3.3,84.0,54.0
1646,-4.3,88.0,200.0
1647,-4.2,89.0,400.0
1648,-4.8,82.0,600.0
1649,-8.5,91.0,746.0
1650,-5.9,92.0,800.0
1651,-3.9,86.0,746.0
1652,-3.2,97.0,600.0
1653,-3.9,91.0,400.0
1654,1.1,84.0,200.0
1655,3.9,97.0,54.0
1656,5.3,86.0,0.0
1657,6.5,90.0,54.0
1658,8.9,86.0,200.0
1659,10.0,92.0,400.0
1660,9.5,87.0,600.0
1661,11.1,87.0,746.0
1662,9.1,88.0,800.0
1663,6.9,86.0,746.0
1664,5.0,94.0,600.0
1665,4.0,83.0,400.0
1666,3.3,89.0,200.0
1667,-0.7,89.0,54.0
1668,-1.2,88.0,0.0
1669,-3.4,94.0,54.0
1670,-2.8,81.0,200.0
1671,-5.3,92.0,400.0
1672,-6.7,83.0,600.0
1673,-5.0,86.0,746.0
1674,-4.2,82.0,800.0
1675,-4.2,87.0,746.0
1676,-3.3,86.0,600.0
1677,0.3,97.0,400.0
1678,1.9,90.0,200.0
1679,2.4,91.0,54.0
1680,6.1,83.0,0.0
1681,6.9,93.0,54.0
1682,7.3,97.0,200.0
1683,9.3,93.0,400.0
1684,11.3,82.0,600.0
1685,11.0,87.0,746.0
1686,10.0,90.0,800.0
1687,8.1,86.0,746.0
1688,6.8,100.0,600.0
1689,4.4,87.0,400.0
1690,1.1,89.0,200.0
1691,-0.8,86.0,54.0
1692,-2.4,90.0,0.0
1693,-2.1,96.0,54.0
1694,-3.8,90.0,200.0
1695,-6.8,88.0,400.0
1696,-5.9,84.0,600.0
1697,-6.2,95.0,746.0
1698,-5.2,88.0,800.0
1699,-4.3,88.0,746.0
1700,-0.8,77.0,600.0
1701,-0.3,88.0,400.0
1702,2.0,87.0,200.0
1703,4.1,80.0,54.0
1704,4.8,94.0,0.0
1705,7.6,86.0,54.0
1706,9.9,99.0,200.0
1707,11.1,96.0,400.0
1708,8.9,86.0,600.0
1709,8.3,96.0,746.0
1710,9.1,97.0,800.0
1711,8.9,86.0,746.0
1712,6.5,84.0,600.0
1713,4.9,78.0,400.0
1714,0.8,91.0,200.0
1715,-0.5,84.0,54.0
1716,-4.0,91.0,0.0
1717,-3.7,86.0,54.0
1718,-7.0,85.0,200.0
1719,-4.3,86.0,400.0
1720,-4.4,83.0,600.0
1721,-5.6,86.0,746.0
1722,-6.5,85.0,800.0
1723,-3.4,89.0,746.0
1724,-0.3,90.0,600.0
1725,0.2,84.0,400.0
1726,3.0,95.0,200.0
1727,3.4,88.0,54.0
1728,5.0,97.0,0.0
1729,7.5,90.0,54.0
1730,6.9,90.0,200.0
1731,11.9,87.0,400.0
1732,10.1,92.0,600.0
1733,10.6,89.0,746.0
1734,8.6,93.0,800.0
1735,6.3,97.0,746.0
1736,7.6,86.0,600.0
1737,3.1,92.0,400.0
1738,2.5,92.0,200.0
1739,0.6,92.0,54.0
1740,-1.8,87.0,0.0
1741,-4.3,87.0,54.0
1742,-5.0,86.0,200.0
1743,-6.6,86.0,400.0
1744,-5.2,85.0,600.0
1745,-5.2,89.0,746.0
1746,-5.0,85.0,800.0
1747,-4.3,91.0,746.0
1748,-0.0,90.0,600.0
1749,-1.5,90.0,400.0
1750,0.3,88.0,200.0
1751,3.8,90.0,54.0
1752,5.6,88.0,0.0
1753,8.6,93.0,54.0
1754,9.5,87.0,200.0
1755,9.7,91.0,400.0
1756,10.5,83.0,600.0
1757,10.3,93.0,746.0
1758,11.1,86.0,800.0
1759,8.1,85.0,746.0
1760,5.5,84.0,600.0
1761,4.5,83.0,400.0
1762,-0.4,87.0,200.0
1763,0.1,97.0,54.0
1764,-0.7,86.0,0.0
1765,-2.9,78.0,54.0
1766,-4.5,91.0,200.0
1767,-5.0,84.0,400.0
1768,-4.9,93.0,600.0
1769,-4.3,87.0,746.0
1770,-4.6,88.0,800.0
1771,-4.1,95.0,746.0
1772,-4.5,92.0,600.0
1773,0.7,83.0,400.0
1774,2.3,84.0,200.0
1775,4.1,80.0,54.0
1776,5.2,100.0,0.0
1777,8.5,85.0,54.0
1778,8.6,95.0,200.0
1779,9.7,87.0,400.0
1780,10.0,84.0,600.0
1781,10.2,89.0,746.0
1782,7.9,88.0,800.0
1783,8.4,93.0,746.0
1784,5.5,93.0,600.0
1785,3.6,86.0,400.0
1786,3.1,82.0,200.0
1787,-0.9,83.0,54.0
1788,-0.9,78.0,0.0
1789,-3.4,88.0,54.0
1790,-6.5,89.0,200.0
1791,-4.3,84.0,400.0
1792,-5.7,83.0,600.0
1793,-5.4,89.0,746.0
1794,-4.0,86.0,800.0
1795,-2.3,88.0,746.0
1796,-1.9,88.0,600.0
1797,0.4,91.0,400.0
1798,2.2,87.0,200.0
1799,3.6,87.0,54.0
1800,4.3,80.0,0.0
1801,7.8,89.0,54.0
1802,10.2,90.0,200.0
1803,10.3,89.0,400.0
1804,9.0,99.0,600.0
1805,10.9,90.0,746.0
1806,8.7,89.0,800.0
1807,5.7,92.0,746.0
1808,7.2,100.0,600.0
1809,3.3,91.0,400.0
1810,4.0,78.0,200.0
1811,1.3,92.0,54.0
1812,-2.0,85.0,0.0
1813,-3.0,80.0,54.0
1814,-2.4,98.0,200.0
1815,-4.6,97.0,400.0
1816,-5.7,85.0,600.0
1817,-2.8,85.0,746.0
1818,-4.9,90.0,800.0
1819,-3.2,85.0,746.0
1820,-3.1,89.0,600.0
1821,-1.9,86.0,400.0
1822,1.6,87.0,200.0
1823,4.0,82.0,54.0
1824,6.2,94.0,0.0
1825,6.1,96.0,54.0
1826,9.5,89.0,200.0
1827,8.9,89.0,400.0
1828,10.7,93.0,600.0
1829,10.8,90.0,746.0
1830,8.7,98.0,800.0
1831,6.9,83.0,746.0
1832,7.8,94.0,600.0
1833,5.2,89.0,400.0
1834,2.4,84.0,200.0
1835,1.6,100.0,54.0
1836,-1.7,100.0,0.0
1837,-4.1,88.0,54.0
1838,-5.8,92.0,200.0
1839,-5.7,87.0,400.0
1840,-5.2,88.0,600.0
1841,-4.3,84.0,746.0
1842,-4.9,83.0,800.0
1843,-2.5,99.0,746.0
1844,-2.3,89.0,600.0
1845,-1.0,90.0,400.0
1846,0.6,85.0,200.0
1847,3.4,90.0,54.0
1848,4.6,82.0,0.0
1849,9.6,86.0,54.0
1850,9.3,84.0,200.0
1851,9.6,96.0,400.0
1852,11.8,81.0,600.0
1853,8.5,84.0,746.0
1854,9.0,79.0,800.0
1855,9.9,85.0,746.0
1856,6.1,87.0,600.0
1857,6.8,94.0,400.0
1858,3.0,88.0,200.0
1859,1.5,88.0,54.0
1860,-0.4,91.0,0.0
1861,-3.4,87.0,54.0
1862,-5.2,100.0,200.0
1863,-5.7,87.0,400.0
1864,-6.9,92.0,600.0
1865,-5.8,94.0,746.0
1866,-4.9,86.0,800.0
1867,-2.0,90.0,746.0
1868,-1.5,87.0,600.0
1869,2.2,91.0,400.0
1870,-0.3,90.0,200.0
1871,2.8,89.0,54.0
1872,5.6,84.0,0.0
1873,9.1,99.0,54.0
1874,8.8,93.0,200.0
1875,8.3,82.0,400.0
1876,9.8,88.0,600.0
1877,8.7,82.0,746.0
1878,7.7,93.0,800.0
1879,9.9,90.0,746.0
1880,5.9,90.0,600.0
1881,4.5,85.0,400.0
1882,2.2,88.0,200.0
1883,-0.0,94.0,54.0
1884,-2.6,95.0,0.0
1885,-3.7,94.0,54.0
1886,-4.4,82.0,200.0
1887,-4.2,89.0,400.0
1888,-4.9,91.0,600.0
1889,-6.9,86.0,746.0
1890,-3.9,81.0,800.0
1891,-3.2,83.0,746.0
1892,-2.7,97.0,600.0
1893,0.0,84.0,400.0
1894,2.5,90.0,200.0
1895,4.0,89.0,54.0
1896,6.4,89.0,0.0
1897,6.8,88.0,54.0
1898,10.9,94.0,200.0
1899,7.9,90.0,400.0
1900,10.7,87.0,600.0
1901,10.3,90.0,746.0
1902,9.8,83.0,800.0
1903,7.2,92.0,746.0
1904,7.4,86.0,600.0
1905,4.3,87.0,400.0
1906,1.1,92.0,200.0
1907,-0.9,88.0,54.0
1908,-1.6,88.0,0.0
1909,-5.0,96.0,54.0
1910,-2.9,85.0,200.0
1911,-4.5,92.0,400.0
1912,-4.0,94.0,600.0
1913,-3.9,96.0,746.0
1914,-5.2,100.0,800.0
1915,-4.5,86.0,746.0
1916,-4.7,85.0,600.0
1917,-0.5,94.0,400.0
1918,3.7,94.0,200.0
1919,3.2,86.0,54.0
1920,5.8,92.0,0.0
1921,7.1,100.0,54.0
1922,9.3,90.0,200.0
1923,11.1,94.0,400.0
1924,8.6,98.0,600.0
1925,8.6,100.0,746.0
1926,10.6,91.0,800.0
1927,8.7,96.0,746.0
1928,6.0,86.0,600.0
1929,6.1,90.0,400.0
1930,1.0,88.0,200.0
1931,1.2,80.0,54.0
1932,-1.8,82.0,0.0
1933,-2.8,92.0,54.0
1934,-7.1,92.0,200.0
1935,-5.8,85.0,400.0
1936,-5.1,98.0,600.0
1937,-5.7,84.0,746.0
1938,-3.6,91.0,800.0
1939,-2.4,88.0,746.0
1940,-3.0,90.0,600.0
1941,0.7,94.0,400.0
1942,1.0,94.0,200.0
1943,4.1,93.0,54.0
1944,6.7,93.0,0.0
1945,6.9,83.0,54.0
1946,9.8,95.0,200.0
1947,9.3,84.0,400.0
1948,9.6,89.0,600.0
1949,10.7,88.0,746.0
1950,8.4,92.0,800.0
1951,7.1,87.0,746.0
1952,7.4,89.0,600.0
1953,4.5,98.0,400.0
1954,0.9,83.0,200.0
1955,1.1,90.0,54.0
1956,-2.1,84.0,0.0
1957,-4.7,93.0,54.0
1958,-7.2,86.0,200.0
1959,-4.6,90.0,400.0
1960,-6.7,83.0,600.0
1961,-6.8,96.0,746.0
1962,-4.2,90.0,800.0
1963,-2.8,90.0,746.0
1964,-2.8,94.0,600.0
1965,0.9,84.0,400.0
1966,4.1,87.0,200.0
1967,5.4,91.0,54.0
1968,7.2,81.0,0.0
1969,8.0,82.0,54.0
1970,8.6,86.0,200.0
1971,9.8,84.0,400.0
1972,10.6,88.0,600.0
1973,8.7,92.0,746.0
1974,8.5,94.0,800.0
1975,6.6,99.0,746.0
1976,6.6,90.0,600.0
1977,4.5,91.0,400.0
1978,1.7,90.0,200.0
1979,1.1,91.0,54.0
1980,-2.7,92.0,0.0
1981,-4.0,94.0,54.0
1982,-3.8,94.0,200.0
1983,-4.5,92.0,400.0
1984,-6.6,97.0,600.0
1985,-5.3,90.0,746.0
1986,-5.6,87.0,800.0
1987,-3.8,88.0,746.0
1988,-1.8,89.0,600.0
1989,0.5,84.0,400.0
1990,2.4,87.0,200.0
1991,4.4,84.0,54.0
1992,5.0,92.0,0.0
1993,8.1,92.0,54.0
1994,9.6,81.0,200.0
1995,10.6,87.0,400.0
1996,9.5,99.0,600.0
1997,10.9,93.0,746.0
1998,7.9,92.0,800.0
1999,7.6,87.0,746.0
2000,6.1,91.0,600.0
2001,3.2,90.0,400.0
2002,2.1,86.0,200.0
2003,0.6,87.0,54.0
2004,-3.4,88.0,0.0
2005,-3.7,82.0,54.0
2006,-6.3,83.0,200.0
2007,-3.4,89.0,400.0
2008,-5.5,86.0,600.0
2009,-5.4,88.0,746.0
2010,-4.5,82.0,800.0
2011,-2.9,94.0,746.0
2012,-0.9,100.0,600.0
2013,-1.5,95.0,400.0
2014,3.4,96.0,200.0
2015,5.4,93.0,54.0
2016,6.0,91.0,0.0
2017,7.7,90.0,54.0
2018,6.0,85.0,200.0
2019,8.7,93.0,400.0
2020,10.8,93.0,600.0
2021,11.3,88.0,746.0
2022,10.0,93.0,800.0
2023,8.0,86.0,746.0
2024,8.4,87.0,600.0
2025,5.5,94.0,400.0
2026,2.1,92.0,200.0
2027,2.6,89.0,54.0
2028,-2.6,88.0,0.0
2029,-4.7,91.0,54.0
2030,-5.0,81.0,200.0
2031,-6.1,86.0,400.0
2032,-6.1,84.0,600.0
2033,-4.7,90.0,746.0
2034,-4.8,95.0,800.0
2035,-3.5,92.0,746.0
2036,-1.8,87.0,600.0
2037,-2.3,86.0,400.0
2038,0.6,86.0,200.0
2039,3.8,100.0,54.0
2040,5.3,90.0,0.0
2041,7.6,91.0,54.0
2042,10.6,79.0,200.0
2043,9.9,84.0,400.0
2044,9.0,90.0,600.0
2045,9.3,87.0,746.0
2046,11.1,91.0,800.0
2047,9.6,91.0,746.0
2048,7.1,93.0,600.0
2049,3.0,81.0,400.0
2050,2.8,84.0,200.0
2051,0.8,89.0,54.0
2052,-1.5,87.0,0.0
2053,-3.8,88.0,54.0
2054,-4.9,90.0,200.0
2055,-6.0,86.0,400.0
2056,-6.8,91.0,600.0
2057,-4.1,93.0,746.0
2058,-3.8,90.0,800.0
2059,-3.7,94.0,746.0
2060,-1.5,79.0,600.0
2061,0.5,87.0,400.0
2062,4.5,94.0,200.0
2063,5.1,86.0,54.0
2064,7.0,85.0,0.0
2065,7.9,89.0,54.0
2066,8.8,90.0,200.0
2067,11.4,87.0,400.0
2068,11.0,99.0,600.0
2069,9.3,91.0,746.0
2070,9.8,85.0,800.0
2071,9.0,83.0,746.0
2072,4.4,92.0,600.0
2073,3.7,85.0,400.0
2074,2.9,100.0,200.0
2075,-1.4,92.0,54.0
2076,-3.2,93.0,0.0
2077,-3.4,91.0,54.0
2078,-4.0,96.0,200.0
2079,-4.8,78.0,400.0
2080,-4.0,84.0,600.0
2081,-5.3,95.0,746.0
2082,-5.0,97.0,800.0
2083,-4.7,84.0,746.0
2084,-2.2,81.0,600.0
2085,0.9,91.0,400.0
2086,3.0,92.0,200.0
2087,4.6,91.0,54.0
2088,6.8,90.0,0.0
2089,9.2,81.0,54.0
2090,9.3,88.0,200.0
2091,11.5,89.0,400.0
2092,9.7,87.0,600.0
2093,10.1,80.0,746.0
2094,9.0,93.0,800.0
2095,9.0,94.0,746.0
2096,5.6,86.0,600.0
2097,4.4,89.0,400.0
2098,0.8,87.0,200.0
2099,1.1,88.0,54.0
2100,-0.2,92.0,0.0
2101,-2.2,93.0,54.0
2102,-3.6,95.0,200.0
2103,-4.4,95.0,400.0
2104,-4.9,89.0,600.0
2105,-4.7,100.0,746.0
2106,-3.9,98.0,800.0
2107,-4.0,87.0,746.0
2108,-1.9,91.0,600.0
2109,0.3,80.0,400.0
2110,1.9,90.0,200.0
2111,2.8,98.0,54.0
2112,5.1,100.0,0.0
2113,8.2,89.0,54.0
2114,10.2,92.0,200.0
2115,10.1,93.0,400.0
2116,13.2,100.0,600.0
2117,9.3,85.0,746.0
2118,9.9,100.0,800.0
2119,9.5,88.0,746.0
2120,7.7,84.0,600.0
2121,5.4,88.0,400.0
2122,3.7,86.0,200.0
2123,0.6,92.0,54.0
2124,0.3,82.0,0.0
2125,-1.8,91.0,54.0
2126,-5.2,93.0,200.0
2127,-4.9,97.0,400.0
2128,-7.1,93.0,600.0
2129,-3.8,97.0,746.0
2130,-4.3,87.0,800.0
2131,-1.9,92.0,746.0
2132,-1.8,79.0,600.0
2133,-1.6,89.0,400.0
2134,5.0,92.0,200.0
2135,4.5,92.0,54.0
2136,5.3,82.0,0.0
2137,9.2,88.0,54.0
2138,11.4,89.0,200.0
2139,10.0,88.0,400.0
2140,10.4,94.0,600.0
2141,10.5,89.0,746.0
2142,8.4,90.0,800.0
2143,7.6,88.0,746.0
2144,8.5,95.0,600.0
2145,4.6,96.0,400.0
2146,1.9,88.0,200.0
2147,0.2,100.0,54.0
2148,-0.2,86.0,0.0
2149,-5.0,95.0,54.0
2150,-4.0,85.0,200.0
2151,-2.7,94.0,400.0
2152,-3.4,93.0,600.0
2153,-4.7,85.0,746.0
2154,-3.2,89.0,800.0
2155,-1.9,99.0,746.0
2156,-1.7,86.0,600.0
2157,1.2,92.0,400.0
2158,4.2,92.0,200.0
2159,3.2,90.0,54.0
2160,7.0,81.0,0.0
2161,8.4,94.0,54.0
2162,9.5,90.0,200.0
2163,10.3,96.0,400.0
2164,10.8,91.0,600.0
2165,10.7,90.0,746.0
2166,10.7,92.0,800.0
2167,8.8,85.0,746.0
2168,6.6,98.0,600.0
2169,4.0,88.0,400.0
2170,2.3,88.0,200.0
2171,1.0,96.0,54.0
2172,-2.0,91.0,0.0
2173,-2.0,89.0,54.0
2174,-3.8,92.0,200.0
2175,-3.9,93.0,400.0
2176,-6.0,89.0,600.0
2177,-6.0,95.0,746.0
2178,-3.3,84.0,800.0
2179,-3.1,91.0,746.0
2180,-1.8,94.0,600.0
2181,1.1,93.0,400.0
2182,3.1,79.0,200.0
2183,3.2,89.0,54.0
2184,7.8,84.0,0.0
2185,7.7,96.0,54.0
2186,11.2,88.0,200.0
2187,9.0,96.0,400.0
2188,10.9,84.0,600.0
2189,10.2,92.0,746.0
2190,7.7,90.0,800.0
2191,9.1,100.0,746.0
2192,4.9,96.0,600.0
2193,4.6,96.0,400.0
2194,3.9,100.0,200.0
2195,0.2,91.0,54.0
2196,-2.1,90.0,0.0
2197,-2.1,89.0,54.0
2198,-4.4,92.0,200.0
2199,-5.4,76.0,400.0
2200,-4.1,90.0,600.0
2201,-6.3,91.0,746.0
2202,-4.8,89.0,800.0
2203,-2.3,82.0,746.0
2204,-2.7,89.0,600.0
2205,2.2,82.0,400.0
2206,2.3,99.0,200.0
2207,5.4,89.0,54.0
2208,7.4,80.0,0.0
2209,8.1,89.0,54.0
2210,9.0,94.0,200.0
2211,10.3,91.0,400.0
2212,11.4,85.0,600.0
2213,9.5,87.0,746.0
2214,8.5,89.0,800.0
2215,10.0,88.0,746.0
2216,6.1,84.0,600.0
2217,5.3,90.0,400.0
2218,2.7,83.0,200.0
2219,0.7,95.0,54.0
2220,0.3,95.0,0.0
2221,-2.9,85.0,54.0
2222,-4.5,86.0,200.0
2223,-5.2,88.0,400.0
2224,-5.8,90.0,600.0
2225,-5.7,91.0,746.0
2226,-4.8,92.0,800.0
2227,-1.4,92.0,746.0
2228,-0.7,98.0,600.0
2229,0.1,90.0,400.0
2230,3.5,83.0,200.0
2231,3.0,82.0,54.0
2232,8.0,98.0,0.0
2233,9.6,93.0,54.0
2234,11.8,91.0,200.0
2235,11.4,92.0,400.0
2236,11.2,91.0,600.0
2237,11.8,92.0,746.0
2238,9.2,88.0,800.0
2239,8.2,95.0,746.0
2240,6.9,87.0,600.0
2241,6.4,85.0,400.0
2242,2.1,82.0,200.0
2243,-0.1,89.0,54.0
2244,-0.8,96.0,0.0
2245,-2.0,88.0,54.0
2246,-4.8,83.0,200.0
2247,-4.2,91.0,400.0
2248,-3.8,87.0,600.0
2249,-3.8,98.0,746.0
2250,-3.9,95.0,800.0
2251,-3.1,84.0,746.0
2252,0.4,89.0,600.0
2253,0.6,86.0,400.0
2254,3.6,84.0,200.0
2255,6.7,90.0,54.0
2256,7.5,94.0,0.0
2257,7.3,90.0,54.0
2258,8.4,87.0,200.0
2259,10.2,79.0,400.0
2260,11.5,87.0,600.0
2261,11.0,93.0,746.0
2262,12.1,83.0,800.0
2263,9.1,96.0,746.0
2264,6.7,87.0,600.0
2265,4.0,91.0,400.0
2266,4.2,88.0,200.0
2267,0.9,84.0,54.0
2268,-2.5,92.0,0.0
2269,-2.7,87.0,54.0
2270,-5.0,86.0,200.0
2271,-5.2,78.0,400.0
2272,-5.1,96.0,600.0
2273,-5.8,90.0,746.0
2274,-4.6,96.0,800.0
2275,-3.7,93.0,746.0
2276,-2.0,96.0,600.0
2277,-0.4,87.0,400.0
2278,2.2,83.0,200.0
2279,3.9,94.0,54.0
2280,7.3,91.0,0.0
2281,8.6,88.0,54.0
2282,10.9,94.0,200.0
2283,12.5,92.0,400.0
2284,11.6,93.0,600.0
2285,11.1,85.0,746.0
2286,10.7,95.0,800.0
2287,9.2,90.0,746.0
2288,7.1,95.0,600.0
2289,5.1,95.0,400.0
2290,2.1,93.0,200.0
2291,1.9,89.0,54.0
2292,-0.9,94.0,0.0
2293,-1.2,96.0,54.0
2294,-3.0,93.0,200.0
2295,-5.4,91.0,400.0
2296,-3.8,94.0,600.0
2297,-7.4,87.0,746.0
2298,-2.2,98.0,800.0
2299,-4.2,82.0,746.0
2300,-0.7,90.0,600.0
2301,1.1,88.0,400.0
2302,3.9,87.0,200.0
2303,4.5,91.0,54.0
2304,4.6,84.0,0.0
2305,8.2,100.0,54.0
2306,9.6,83.0,200.0
2307,8.6,85.0,400.0
2308,11.0,85.0,600.0
2309,9.7,91.0,746.0
2310,10.6,95.0,800.0
2311,8.5,93.0,746.0
2312,9.1,97.0,600.0
2313,5.0,86.0,400.0
2314,3.6,93.0,200.0
2315,0.9,88.0,54.0
2316,-2.5,91.0,0.0
2317,-2.7,95.0,54.0
2318,-3.1,81.0,200.0
2319,-4.1,100.0,400.0
2320,-5.3,89.0,600.0
2321,-6.2,82.0,746.0
2322,-3.4,86.0,800.0
2323,-2.4,90.0,746.0
2324,-0.3,86.0,600.0
2325,0.5,80.0,400.0
2326,1.1,90.0,200.0
2327,5.4,86.0,54.0
2328,6.9,93.0,0.0
2329,9.9,85.0,54.0
2330,9.9,100.0,200.0
2331,10.7,92.0,400.0
2332,11.5,91.0,600.0
2333,10.2,93.0,746.0
2334,9.4,81.0,800.0
2335,8.7,87.0,746.0
2336,6.3,99.0,600.0
2337,5.1,88.0,400.0
2338,5.2,90.0,200.0
2339,2.2,88.0,54.0
2340,-0.5,97.0,0.0
2341,-0.9,89.0,54.0
2342,-4.6,84.0,200.0
2343,-2.1,100.0,400.0
2344,-5.4,83.0,600.0
2345,-2.7,89.0,746.0
2346,-1.9,86.0,800.0
2347,-4.5,86.0,746.0
2348,0.4,85.0,600.0
2349,0.6,87.0,400.0
2350,2.3,95.0,200.0
2351,5.5,80.0,54.0
2352,5.9,96.0,0.0
2353,9.1,95.0,54.0
2354,9.0,92.0,200.0
2355,11.0,91.0,400.0
2356,12.5,91.0,600.0
2357,11.3,97.0,746.0
2358,9.8,81.0,800.0
2359,9.5,94.0,746.0
2360,5.9,86.0,600.0
2361,4.5,94.0,400.0
2362,2.9,87.0,200.0
2363,2.0,93.0,54.0
2364,-0.3,82.0,0.0
2365,-1.8,81.0,54.0
2366,-3.7,89.0,200.0
2367,-5.3,97.0,400.0
2368,-3.4,93.0,600.0
2369,-5.3,93.0,746.0
2370,-3.4,94.0,800.0
2371,-2.7,88.0,746.0
2372,-0.4,93.0,600.0
2373,0.3,87.0,400.0
2374,4.0,88.0,200.0
2375,6.4,89.0,54.0
2376,8.0,87.0,0.0
2377,8.9,90.0,54.0
2378,9.6,89.0,200.0
2379,13.7,86.0,400.0
2380,10.2,89.0,600.0
2381,11.9,91.0,746.0
2382,10.6,84.0,800.0
2383,8.9,92.0,746.0
2384,7.6,87.0,600.0
2385,5.0,91.0,400.0
2386,3.8,87.0,200.0
2387,1.7,95.0,54.0
2388,2.1,95.0,0.0
2389,-1.2,85.0,54.0
2390,-3.1,92.0,200.0
2391,-3.9,97.0,400.0
2392,-2.9,85.0,600.0
2393,-5.5,85.0,746.0
2394,-4.0,94.0,800.0
2395,-4.4,83.0,746.0
2396,-0.3,86.0,600.0
2397,1.9,85.0,400.0
2398,2.1,94.0,200.0
2399,6.6,86.0,54.0
2400,6.4,88.0,0.0
2401,8.5,86.0,54.0
2402,10.2,96.0,200.0
2403,12.5,86.0,400.0
2404,10.4,83.0,600.0
2405,11.4,83.0,746.0
2406,11.1,93.0,800.0
2407,9.6,94.0,746.0
2408,8.1,96.0,600.0
2409,6.3,84.0,400.0
2410,2.9,89.0,200.0
2411,3.1,100.0,54.0
2412,-0.6,88.0,0.0
2413,-2.5,87.0,54.0
2414,-2.2,90.0,200.0
2415,-5.0,92.0,400.0
2416,-4.4,92.0,600.0
2417,-5.2,87.0,746.0
2418,-1.2,87.0,800.0
2419,-0.1,88.0,746.0
2420,-0.9,86.0,600.0
2421,1.6,84.0,400.0
2422,3.2,99.0,200.0
2423,4.9,88.0,54.0
2424,7.3,88.0,0.0
2425,8.8,88.0,54.0
2426,8.7,89.0,200.0
2427,11.3,92.0,400.0
2428,11.3,87.0,600.0
2429,11.5,95.0,746.0
2430,10.3,93.0,800.0
2431,8.8,89.0,746.0
2432,8.4,86.0,600.0
2433,6.2,95.0,400.0
2434,5.0,89.0,200.0
2435,2.0,84.0,54.0
2436,-0.6,95.0,0.0
2437,-1.5,86.0,54.0
2438,-5.4,94.0,200.0
2439,-2.2,77.0,400.0
2440,-4.3,88.0,600.0
2441,-2.2,96.0,746.0
2442,-4.5,90.0,800.0
2443,-3.5,93.0,746.0
2444,-0.4,85.0,600.0
2445,1.5,91.0,400.0
2446,3.6,90.0,200.0
2447,5.5,91.0,54.0
2448,6.6,100.0,0.0
2449,7.5,96.0,54.0
2450,10.6,94.0,200.0
2451,9.8,94.0,400.0
2452,10.1,85.0,600.0
2453,10.9,87.0,746.0
2454,10.9,82.0,800.0
2455,11.2,83.0,746.0
2456,8.6,85.0,600.0
2457,7.2,90.0,400.0
2458,4.3,84.0,200.0
2459,2.0,90.0,54.0
2460,2.2,89.0,0.0
2461,-3.4,84.0,54.0
2462,-3.8,97.0,200.0
2463,-4.5,83.0,400.0
2464,-3.6,95.0,600.0
2465,-5.2,78.0,746.0
2466,-2.7,89.0,800.0
2467,-1.7,84.0,746.0
2468,0.2,86.0,600.0
2469,2.1,99.0,400.0
2470,4.9,88.0,200.0
2471,5.4,84.0,54.0
2472,7.9,92.0,0.0
2473,8.3,88.0,54.0
2474,9.4,90.0,200.0
2475,13.0,85.0,400.0
2476,10.7,85.0,600.0
2477,12.0,86.0,746.0
2478,11.1,94.0,800.0
2479,10.5,89.0,746.0
2480,6.1,84.0,600.0
2481,6.7,90.0,400.0
2482,3.7,90.0,200.0
2483,1.1,93.0,54.0
2484,-0.5,87.0,0.0
2485,-0.9,89.0,54.0
2486,-2.5,92.0,200.0
2487,-4.2,85.0,400.0
2488,-5.5,94.0,600.0
2489,-5.2,90.0,746.0
2490,-2.7,84.0,800.0
2491,-3.5,84.0,746.0
2492,-0.7,89.0,600.0
2493,4.0,87.0,400.0
2494,3.9,93.0,200.0
2495,6.2,88.0,54.0
2496,6.4,91.0,0.0
2497,7.9,85.0,54.0
2498,11.3,90.0,200.0
2499,11.0,96.0,400.0
2500,12.8,89.0,600.0
2501,11.6,87.0,746.0
2502,14.2,85.0,800.0
2503,9.0,90.0,746.0
2504,8.2,97.0,600.0
2505,5.1,83.0,400.0
2506,5.0,89.0,200.0
2507,2.3,81.0,54.0
2508,-1.0,88.0,0.0
2509,-2.1,91.0,54.0
2510,-1.7,82.0,200.0
2511,-2.6,87.0,400.0
2512,-5.6,91.0,600.0
2513,-4.4,90.0,746.0
2514,-1.4,91.0,800.0
2515,-2.2,85.0,746.0
2516,-0.2,91.0,600.0
2517,2.6,87.0,400.0
2518,2.3,93.0,200.0
2519,4.8,78.0,54.0
2520,7.3,88.0,0.0
2521,10.5,90.0,54.0
2522,11.7,96.0,200.0
2523,12.2,90.0,400.0
2524,11.7,91.0,600.0
2525,12.7,91.0,746.0
2526,10.7,96.0,800.0
2527,10.2,88.0,746.0
2528,8.9,83.0,600.0
2529,7.8,82.0,400.0
2530,4.0,93.0,200.0
2531,1.6,91.0,54.0
2532,1.3,88.0,0.0
2533,-0.3,87.0,54.0
2534,-3.5,90.0,200.0
2535,-4.9,91.0,400.0
2536,-2.9,92.0,600.0
2537,-5.5,84.0,746.0
2538,-4.8,81.0,800.0
2539,-2.2,85.0,746.0
2540,-0.3,83.0,600.0
2541,0.5,83.0,400.0
2542,3.8,97.0,200.0
2543,6.0,78.0,54.0
2544,7.2,92.0,0.0
2545,11.4,94.0,54.0
2546,11.1,94.0,200.0
2547,12.6,91.0,400.0
2548,10.4,96.0,600.0
2549,10.1,98.0,746.0
2550,11.3,88.0,800.0
2551,11.5,92.0,746.0
2552,7.0,96.0,600.0
2553,6.2,85.0,400.0
2554,2.8,88.0,200.0
2555,1.3,86.0,54.0
2556,0.2,92.0,0.0
2557,-2.1,80.0,54.0
2558,-4.3,97.0,200.0
2559,-5.1,92.0,400.0
2560,-6.0,92.0,600.0
2561,-3.4,78.0,746.0
2562,-2.5,84.0,800.0
2563,-1.3,97.0,746.0
2564,-1.2,89.0,600.0
2565,2.7,81.0,400.0
2566,4.4,91.0,200.0
2567,5.8,93.0,54.0
2568,7.6,92.0,0.0
2569,8.8,89.0,54.0
2570,10.9,95.0,200.0
2571,13.2,86.0,400.0
2572,13.1,92.0,600.0
2573,11.5,90.0,746.0
2574,11.5,89.0,800.0
2575,8.6,88.0,746.0
2576,8.8,88.0,600.0
2577,5.4,90.0,400.0
2578,4.8,88.0,200.0
2579,5.0,93.0,54.0
2580,-0.4,87.0,0.0
2581,1.4,97.0,54.0
2582,-2.4,87.0,200.0
2583,-4.4,94.0,400.0
2584,-4.8,94.0,600.0
2585,-1.4,90.0,746.0
2586,-2.5,90.0,800.0
2587,-2.4,86.0,746.0
2588,-0.4,87.0,600.0
2589,2.2,90.0,400.0
2590,3.8,89.0,200.0
2591,6.2,95.0,54.0
2592,9.6,87.0,0.0
2593,8.4,87.0,54.0
2594,11.5,81.0,200.0
2595,11.6,93.0,400.0
2596,11.5,92.0,600.0
2597,12.9,94.0,746.0
2598,9.6,95.0,800.0
2599,7.5,93.0,746.0
2600,8.4,94.0,600.0
2601,6.2,92.0,400.0
2602,2.9,93.0,200.0
2603,0.5,80.0,54.0
2604,2.2,84.0,0.0
2605,-1.0,83.0,54.0
2606,-2.7,96.0,200.0
2607,-1.4,85.0,400.0
2608,-2.9,86.0,600.0
2609,-1.9,89.0,746.0
2610,-4.1,83.0,800.0
2611,-2.9,91.0,746.0
2612,0.6,79.0,600.0
2613,2.3,83.0,400.0
2614,5.2,90.0,200.0
2615,4.4,83.0,54.0
2616,8.7,96.0,0.0
2617,10.6,90.0,54.0
2618,11.9,95.0,200.0
2619,11.4,91.0,400.0
2620,12.7,89.0,600.0
2621,11.1,84.0,746.0
2622,10.9,94.0,800.0
2623,8.9,91.0,746.0
2624,7.6,100.0,600.0
2625,6.2,93.0,400.0
2626,3.9,87.0,200.0
2627,1.5,91.0,54.0
2628,-1.0,91.0,0.0
2629,0.6,95.0,54.0
2630,-3.1,96.0,200.0
2631,-3.2,88.0,400.0
2632,-5.6,83.0,600.0
2633,-2.2,80.0,746.0
2634,-2.6,84.0,800.0
2635,-2.0,86.0,746.0
2636,-0.4,97.0,600.0
2637,2.8,97.0,400.0
2638,1.1,94.0,200.0
2639,5.3,95.0,54.0
2640,7.9,86.0,0.0
2641,9.6,82.0,54.0
2642,13.6,84.0,200.0
2643,11.6,79.0,400.0
2644,13.2,84.0,600.0
2645,13.8,87.0,746.0
2646,12.0,90.0,800.0
2647,9.4,90.0,746.0
2648,7.1,86.0,600.0
2649,7.3,92.0,400.0
2650,6.1,86.0,200.0
2651,2.9,89.0,54.0
2652,1.7,84.0,0.0
2653,1.4,95.0,54.0
2654,-1.7,89.0,200.0
2655,-4.5,93.0,400.0
2656,-3.6,83.0,600.0
2657,-2.1,90.0,746.0
2658,-3.0,92.0,800.0
2659,0.0,79.0,746.0
2660,0.1,95.0,600.0
2661,2.4,83.0,400.0
2662,3.8,90.0,200.0
2663,6.4,98.0,54.0
2664,8.4,94.0,0.0
2665,8.3,82.0,54.0
2666,10.7,88.0,200.0
2667,10.8,95.0,400.0
2668,12.0,85.0,600.0
2669,11.3,87.0,746.0
2670,12.4,87.0,800.0
2671,11.2,92.0,746.0
2672,9.1,81.0,600.0
2673,5.4,92.0,400.0
2674,4.5,86.0,200.0
2675,1.2,89.0,54.0
2676,0.4,88.0,0.0
2677,-0.5,92.0,54.0
2678,-1.4,89.0,200.0
2679,-2.8,96.0,400.0
2680,-2.3,94.0,600.0
2681,-3.1,85.0,746.0
2682,-2.8,96.0,800.0
2683,-0.5,91.0,746.0
2684,1.2,90.0,600.0
2685,1.7,93.0,400.0
2686,4.6,84.0,200.0
2687,6.0,82.0,54.0
2688,6.3,89.0,0.0
2689,10.4,86.0,54.0
2690,10.0,99.0,200.0
2691,12.5,85.0,400.0
2692,10.9,89.0,600.0
2693,11.5,90.0,746.0
2694,11.1,95.0,800.0
2695,11.5,84.0,746.0
2696,8.1,81.0,600.0
2697,5.7,96.0,400.0
2698,5.1,89.0,200.0
2699,2.4,93.0,54.0
2700,1.5,93.0,0.0
2701,-2.0,94.0,54.0
2702,-2.1,87.0,200.0
2703,-0.7,86.0,400.0
2704,-3.7,79.0,600.0
2705,-3.1,84.0,746.0
2706,-4.1,89.0,800.0
2707,-2.1,85.0,746.0
2708,0.8,83.0,600.0
2709,2.0,89.0,400.0
2710,5.0,96.0,200.0
2711,6.9,89.0,54.0
2712,7.1,83.0,0.0
2713,11.1,95.0,54.0
2714,10.2,85.0,200.0
2715,11.5,96.0,400.0
2716,12.8,88.0,600.0
2717,13.9,89.0,746.0
2718,10.6,97.0,800.0
2719,10.5,82.0,746.0
2720,8.9,84.0,600.0
2721,7.5,87.0,400.0
2722,6.0,88.0,200.0
2723,2.3,100.0,54.0
2724,1.8,84.0,0.0
2725,0.4,82.0,54.0
2726,-0.4,84.0,200.0
2727,-2.5,90.0,400.0
2728,-3.2,91.0,600.0
2729,-3.6,85.0,746.0
2730,-3.8,89.0,800.0
2731,-1.4,99.0,746.0
2732,0.6,89.0,600.0
2733,2.3,90.0,400.0
2734,5.1,98.0,200.0
2735,5.1,85.0,54.0
2736,8.3,85.0,0.0
2737,12.2,87.0,54.0
2738,12.5,86.0,200.0
2739,13.0,80.0,400.0
2740,13.1,90.0,600.0
2741,12.1,90.0,746.0
2742,10.0,88.0,800.0
2743,11.0,90.0,746.0
2744,6.4,90.0,600.0
2745,6.7,82.0,400.0
2746,4.9,90.0,200.0
2747,2.4,92.0,54.0
2748,3.1,81.0,0.0
2749,1.0,96.0,54.0
2750,-1.0,83.0,200.0
2751,-3.8,83.0,400.0
2752,-1.3,90.0,600.0
2753,-2.4,91.0,746.0
2754,-3.2,93.0,800.0
2755,-1.0,92.0,746.0
2756,1.6,86.0,600.0
2757,1.9,89.0,400.0
2758,4.7,87.0,200.0
2759,7.0,90.0,54.0
2760,7.5,89.0,0.0
2761,10.1,86.0,54.0
2762,10.6,87.0,200.0
2763,13.4,79.0,400.0
2764,11.9,93.0,600.0
2765,12.9,90.0,746.0
2766,10.5,77.0,800.0
2767,9.5,93.0,746.0
2768,7.8,88.0,600.0
2769,6.8,84.0,400.0
2770,5.2,84.0,200.0
2771,3.3,85.0,54.0
2772,-0.7,84.0,0.0
2773,-0.8,85.0,54.0
2774,-2.7,97.0,200.0
2775,-2.3,91.0,400.0
2776,-3.4,99.0,600.0
2777,-3.0,90.0,746.0
2778,-2.9,92.0,800.0
2779,0.8,84.0,746.0
2780,-0.5,88.0,600.0
2781,2.3,88.0,400.0
2782,4.8,92.0,200.0
2783,6.6,88.0,54.0
2784,8.0,90.0,0.0
2785,8.6,90.0,54.0
2786,11.1,87.0,200.0
2787,11.7,87.0,400.0
2788,14.6,85.0,600.0
2789,15.0,94.0,746.0
2790,11.9,87.0,800.0
2791,9.3,90.0,746.0
2792,9.9,88.0,600.0
2793,6.2,94.0,400.0
2794,4.6,79.0,200.0
2795,2.5,90.0,54.0
2796,0.6,82.0,0.0
2797,-0.9,91.0,54.0
2798,-3.2,88.0,200.0
2799,-3.4,81.0,400.0
2800,-2.0,90.0,600.0
2801,-2.8,90.0,746.0
2802,-1.9,87.0,800.0
2803,-3.0,88.0,746.0
2804,1.8,89.0,600.0
2805,2.1,94.0,400.0
2806,6.0,87.0,200.0
2807,7.1,94.0,54.0
2808,8.3,88.0,0.0
2809,8.9,95.0,54.0
2810,14.1,87.0,200.0
2811,13.5,85.0,400.0
2812,13.9,83.0,600.0
2813,14.7,88.0,746.0
2814,12.3,85.0,800.0
2815,12.2,96.0,746.0
2816,8.8,84.0,600.0
2817,8.1,85.0,400.0
2818,4.7,91.0,200.0
2819,2.7,94.0,54.0
2820,1.4,92.0,0.0
2821,-1.7,94.0,54.0
2822,-1.4,88.0,200.0
2823,-2.9,88.0,400.0
2824,-4.9,99.0,600.0
2825,-3.1,97.0,746.0
2826,-2.2,92.0,800.0
2827,0.2,94.0,746.0
2828,1.3,93.0,600.0
2829,4.3,82.0,400.0
2830,5.5,88.0,200.0
2831,6.5,96.0,54.0
2832,8.9,92.0,0.0
2833,10.3,88.0,54.0
2834,12.5,96.0,200.0
2835,12.9,90.0,400.0
2836,12.6,92.0,600.0
2837,13.0,90.0,746.0
2838,12.7,91.0,800.0
2839,10.0,91.0,746.0
2840,9.7,95.0,600.0
2841,5.9,96.0,400.0
2842,6.5,86.0,200.0
2843,3.9,90.0,54.0
2844,3.0,95.0,0.0
2845,-1.4,88.0,54.0
2846,-0.5,82.0,200.0
2847,-1.5,84.0,400.0
2848,-2.9,84.0,600.0
2849,-2.9,86.0,746.0
2850,-2.8,85.0,800.0
2851,-1.9,93.0,746.0
2852,0.4,87.0,600.0
2853,1.8,95.0,400.0
2854,6.7,83.0,200.0
2855,5.7,87.0,54.0
2856,9.3,89.0,0.0
2857,11.3,92.0,54.0
2858,12.5,94.0,200.0
2859,13.4,86.0,400.0
2860,14.3,93.0,600.0
2861,12.7,80.0,746.0
2862,12.4,93.0,800.0
2863,10.8,82.0,746.0
2864,10.8,91.0,600.0
2865,9.7,94.0,400.0
2866,4.3,93.0,200.0
2867,1.4,80.0,54.0
2868,2.1,86.0,0.0
2869,0.9,92.0,54.0
2870,0.5,92.0,200.0
2871,-1.6,90.0,400.0
2872,-1.2,77.0,600.0
2873,-0.7,94.0,746.0
2874,-0.2,95.0,800.0
2875,0.5,89.0,746.0
2876,-0.0,89.0,600.0
2877,3.1,91.0,400.0
2878,5.5,96.0,200.0
2879,7.2,89.0,54.0
2880,9.2,87.0,0.0
2881,12.5,90.0,54.0
2882,11.5,88.0,200.0
2883,13.9,88.0,400.0
2884,13.8,79.0,600.0
2885,12.4,91.0,746.0
2886,11.4,94.0,800.0
2887,9.6,93.0,746.0
2888,10.1,93.0,600.0
2889,7.7,88.0,400.0
2890,4.8,89.0,200.0
2891,1.7,94.0,54.0
2892,2.1,92.0,0.0
2893,-0.2,96.0,54.0
2894,-2.0,85.0,200.0
2895,-3.1,85.0,400.0
2896,-2.7,86.0,600.0
2897,-1.8,83.0,746.0
2898,-1.8,81.0,800.0
2899,-1.4,90.0,746.0
2900,1.3,90.0,600.0
2901,4.3,89.0,400.0
2902,5.4,90.0,200.0
2903,7.5,81.0,54.0
2904,9.1,86.0,0.0
2905,10.2,87.0,54.0
2906,11.5,88.0,200.0
2907,11.6,81.0,400.0
2908,14.8,83.0,600.0
2909,13.8,86.0,746.0
2910,12.7,93.0,800.0
2911,11.7,89.0,746.0
2912,10.1,93.0,600.0
2913,7.1,87.0,400.0
2914,5.5,88.0,200.0
2915,3.3,91.0,54.0
2916,4.3,87.0,0.0
2917,1.1,85.0,54.0
2918,-1.0,81.0,200.0
2919,-0.7,85.0,400.0
2920,-1.1,92.0,600.0
2921,-3.5,94.0,746.0
2922,-1.6,84.0,800.0
2923,-0.1,79.0,746.0
2924,2.1,93.0,600.0
2925,3.2,88.0,400.0
2926,5.4,81.0,200.0
2927,7.1,72.0,54.0
2928,10.6,83.0,0.0
2929,9.8,86.0,54.0
2930,12.1,82.0,200.0
2931,11.5,91.0,400.0
2932,12.7,84.0,600.0
2933,13.8,88.0,746.0
2934,13.1,100.0,800.0
2935,11.2,88.0,746.0
2936,11.0,87.0,600.0
2937,9.3,87.0,400.0
2938,5.9,91.0,200.0
2939,4.1,91.0,54.0
2940,1.5,83.0,0.0
2941,0.9,86.0,54.0
2942,-2.3,85.0,200.0
2943,-0.1,86.0,400.0
2944,-1.1,97.0,600.0
2945,-3.2,91.0,746.0
2946,-2.0,87.0,800.0
2947,0.4,94.0,746.0
2948,1.3,89.0,600.0
2949,4.1,80.0,400.0
2950,5.3,96.0,200.0
2951,9.2,87.0,54.0
2952,9.7,77.0,0.0
2953,13.8,80.0,54.0
2954,13.3,93.0,200.0
2955,12.2,80.0,400.0
2956,15.9,95.0,600.0
2957,14.7,88.0,746.0
2958,13.3,91.0,800.0
2959,12.3,86.0,746.0
2960,8.8,90.0,600.0
2961,6.3,89.0,400.0
2962,6.0,88.0,200.0
2963,5.4,82.0,54.0
2964,2.5,90.0,0.0
2965,2.1,79.0,54.0
2966,0.4,92.0,200.0
2967,-1.7,89.0,400.0
2968,-0.9,90.0,600.0
2969,-0.3,75.0,746.0
2970,-1.2,82.0,800.0
2971,-0.1,85.0,746.0
2972,1.9,91.0,600.0
2973,1.3,83.0,400.0
2974,6.0,100.0,200.0
2975,8.6,86.0,54.0
2976,9.9,83.0,0.0
2977,11.8,87.0,54.0
2978,12.8,83.0,200.0
2979,11.7,82.0,400.0
2980,15.6,93.0,600.0
2981,13.4,90.0,746.0
2982,12.4,90.0,800.0
2983,13.1,94.0,746.0
2984,11.1,90.0,600.0
2985,8.5,82.0,400.0
2986,7.0,91.0,200.0
2987,3.0,82.0,54.0
2988,2.1,85.0,0.0
2989,1.8,87.0,54.0
2990,-1.5,87.0,200.0
2991,-2.6,79.0,400.0
2992,-1.9,83.0,600.0
2993,-1.6,87.0,746.0
2994,-0.3,85.0,800.0
2995,-1.1,93.0,746.0
2996,-0.6,94.0,600.0
2997,4.7,82.0,400.0
2998,4.8,88.0,200.0
2999,7.4,95.0,54.0
3000,7.7,87.0,0.0
3001,12.6,85.0,54.0
3002,13.3,92.0,200.0
3003,14.1,86.0,400.0
3004,14.4,94.0,600.0
3005,11.8,85.0,746.0
3006,12.2,85.0,800.0
3007,11.5,91.0,746.0
3008,9.6,88.0,600.0
3009,8.1,88.0,400.0
3010,6.6,78.0,200.0
3011,5.3,86.0,54.0
3012,0.9,92.0,0.0
3013,0.6,84.0,54.0
3014,0.1,91.0,200.0
3015,-2.4,89.0,400.0
3016,-2.0,86.0,600.0
3017,-1.1,94.0,746.0
3018,-0.8,86.0,800.0
3019,1.1,86.0,746.0
3020,2.1,86.0,600.0
3021,3.7,88.0,400.0
3022,4.9,91.0,200.0
3023,8.4,80.0,54.0
3024,10.2,92.0,0.0
3025,10.8,88.0,54.0
3026,13.7,90.0,200.0
3027,15.2,99.0,400.0
3028,13.6,85.0,600.0
3029,13.3,81.0,746.0
3030,12.5,88.0,800.0
3031,10.4,89.0,746.0
3032,12.5,92.0,600.0
3033,8.1,85.0,400.0
3034,5.6,83.0,200.0
3035,3.3,80.0,54.0
3036,2.1,80.0,0.0
3037,0.1,85.0,54.0
3038,0.9,87.0,200.0
3039,-2.6,98.0,400.0
3040,-3.2,79.0,600.0
3041,-0.9,89.0,746.0
3042,-0.8,84.0,800.0
3043,0.3,88.0,746.0
3044,2.8,85.0,600.0
3045,4.2,92.0,400.0
3046,6.1,92.0,200.0
3047,6.9,87.0,54.0
3048,8.5,94.0,0.0
3049,11.2,91.0,54.0
3050,12.1,94.0,200.0
3051,14.3,87.0,400.0
3052,12.6,92.0,600.0
3053,13.7,83.0,746.0
3054,13.3,83.0,800.0
3055,12.2,98.0,746.0
3056,11.0,82.0,600.0
3057,8.4,85.0,400.0
3058,6.0,78.0,200.0
3059,5.8,83.0,54.0
3060,2.3,82.0,0.0
3061,2.4,84.0,54.0
3062,-0.7,89.0,200.0
3063,-1.2,90.0,400.0
3064,-1.7,82.0,600.0
3065,-1.1,83.0,746.0
3066,-1.0,93.0,800.0
3067,0.8,96.0,746.0
3068,3.9,93.0,600.0
3069,5.3,79.0,400.0
3070,7.4,93.0,200.0
3071,7.1,96.0,54.0
3072,9.2,79.0,0.0
3073,12.3,93.0,54.0
3074,14.1,88.0,200.0
3075,13.7,85.0,400.0
3076,13.8,88.0,600.0
3077,15.7,89.0,746.0
3078,14.3,93.0,800.0
3079,13.4,93.0,746.0
3080,10.3,80.0,600.0
3081,8.3,84.0,400.0
3082,7.7,88.0,200.0
3083,4.4,95.0,54.0
3084,2.1,73.0,0.0
3085,0.2,84.0,54.0
3086,-0.7,79.0,200.0
3087,-0.2,80.0,400.0
3088,-2.9,92.0,600.0
3089,-0.5,84.0,746.0
3090,-1.1,75.0,800.0
3091,0.6,86.0,746.0
3092,2.3,97.0,600.0
3093,4.2,78.0,400.0
3094,6.2,90.0,200.0
3095,8.1,95.0,54.0
3096,9.9,87.0,0.0
3097,13.5,97.0,54.0
3098,13.5,84.0,200.0
3099,14.2,94.0,400.0
3100,14.0,93.0,600.0
3101,14.1,87.0,746.0
3102,13.1,79.0,800.0
3103,13.3,82.0,746.0
3104,10.1,75.0,600.0
3105,6.7,90.0,400.0
3106,7.0,89.0,200.0
3107,4.6,87.0,54.0
3108,2.3,86.0,0.0
3109,2.1,94.0,54.0
3110,-2.8,88.0,200.0
3111,0.7,84.0,400.0
3112,-0.2,88.0,600.0
3113,-1.6,97.0,746.0
3114,-0.7,90.0,800.0
3115,1.5,85.0,746.0
3116,3.2,87.0,600.0
3117,3.9,89.0,400.0
3118,5.0,85.0,200.0
3119,10.8,84.0,54.0
3120,11.6,87.0,0.0
3121,12.5,94.0,54.0
3122,13.8,91.0,200.0
3123,15.1,85.0,400.0
3124,15.6,91.0,600.0
3125,12.5,87.0,746.0
3126,13.5,88.0,800.0
3127,12.2,88.0,746.0
3128,10.9,76.0,600.0
3129,9.9,71.0,400.0
3130,5.3,88.0,200.0
3131,3.6,82.0,54.0
3132,2.4,79.0,0.0
3133,1.5,83.0,54.0
3134,0.9,91.0,200.0
3135,0.9,88.0,400.0
3136,-1.4,91.0,600.0
3137,-0.0,89.0,746.0
3138,0.6,82.0,800.0
3139,1.7,91.0,746.0
3140,2.7,90.0,600.0
3141,4.3,86.0,400.0
3142,5.7,87.0,200.0
3143,7.7,91.0,54.0
3144,11.1,83.0,0.0
3145,12.4,92.0,54.0
3146,13.4,89.0,200.0
3147,15.3,87.0,400.0
3148,14.8,94.0,600.0
3149,13.9,80.0,746.0
3150,13.8,84.0,800.0
3151,13.6,83.0,746.0
3152,10.1,88.0,600.0
3153,9.5,92.0,400.0
3154,7.2,82.0,200.0
3155,4.4,100.0,54.0
3156,2.9,83.0,0.0
3157,-0.1,88.0,54.0
3158,0.3,87.0,200.0
3159,-2.0,87.0,400.0
3160,0.1,83.0,600.0
3161,-0.8,92.0,746.0
3162,-0.5,82.0,800.0
3163,2.5,78.0,746.0
3164,1.9,81.0,600.0
3165,4.1,94.0,400.0
3166,5.1,93.0,200.0
3167,10.3,76.0,54.0
3168,12.8,91.0,0.0
3169,11.0,77.0,54.0
3170,13.1,86.0,200.0
3171,14.9,80.0,400.0
3172,14.6,91.0,600.0
3173,14.9,89.0,746.0
3174,14.1,91.0,800.0
3175,13.4,85.0,746.0
3176,10.4,85.0,600.0
3177,9.6,79.0,400.0
3178,6.2,81.0,200.0
3179,4.9,91.0,54.0
3180,1.6,88.0,0.0
3181,1.3,87.0,54.0
3182,-0.2,93.0,200.0
3183,0.5,80.0,400.0
3184,-0.8,90.0,600.0
3185,-0.4,80.0,746.0
3186,0.2,94.0,800.0
3187,-0.7,89.0,746.0
3188,1.1,91.0,600.0
3189,4.7,83.0,400.0
3190,7.3,97.0,200.0
3191,8.9,96.0,54.0
3192,10.2,88.0,0.0
3193,12.5,92.0,54.0
3194,13.8,85.0,200.0
3195,15.7,80.0,400.0
3196,16.0,90.0,600.0
3197,14.5,82.0,746.0
3198,14.3,93.0,800.0
3199,13.4,91.0,746.0
3200,11.9,87.0,600.0
3201,11.2,87.0,400.0
3202,7.5,91.0,200.0
3203,6.6,88.0,54.0
3204,2.3,84.0,0.0
3205,1.2,79.0,54.0
3206,-1.6,91.0,200.0
3207,-0.2,88.0,400.0
3208,0.0,100.0,600.0
3209,-3.0,86.0,746.0
3210,0.5,88.0,800.0
3211,2.2,88.0,746.0
3212,3.8,89.0,600.0
3213,3.9,81.0,400.0
3214,8.0,86.0,200.0
3215,9.3,90.0,54.0
3216,11.8,84.0,0.0
3217,12.8,90.0,54.0
3218,14.6,87.0,200.0
3219,16.2,88.0,400.0
3220,15.2,92.0,600.0
3221,15.5,85.0,746.0
3222,15.7,79.0,800.0
3223,13.1,85.0,746.0
3224,10.5,82.0,600.0
3225,10.4,75.0,400.0
3226,9.1,86.0,200.0
3227,6.9,87.0,54.0
3228,4.4,91.0,0.0
3229,-0.4,80.0,54.0
3230,0.0,86.0,200.0
3231,-0.8,92.0,400.0
3232,-0.4,83.0,600.0
3233,1.4,89.0,746.0
3234,-0.6,94.0,800.0
3235,4.0,77.0,746.0
3236,3.0,87.0,600.0
3237,4.5,92.0,400.0
3238,8.2,84.0,200.0
3239,10.4,93.0,54.0
3240,12.1,89.0,0.0
3241,12.3,95.0,54.0
3242,14.9,89.0,200.0
3243,14.2,95.0,400.0
3244,14.8,87.0,600.0
3245,15.3,79.0,746.0
3246,13.8,83.0,800.0
3247,14.5,91.0,746.0
3248,11.2,91.0,600.0
3249,9.7,84.0,400.0
3250,6.9,95.0,200.0
3251,6.8,84.0,54.0
3252,3.1,88.0,0.0
3253,3.3,88.0,54.0
3254,1.9,79.0,200.0
3255,-0.5,85.0,400.0
3256,-0.3,98.0,600.0
3257,-0.6,81.0,746.0
3258,1.2,89.0,800.0
3259,1.7,80.0,746.0
3260,3.1,81.0,600.0
3261,5.5,79.0,400.0
3262,5.9,90.0,200.0
3263,9.5,81.0,54.0
3264,12.2,92.0,0.0
3265,13.4,83.0,54.0
3266,15.5,86.0,200.0
3267,15.0,88.0,400.0
3268,15.3,78.0,600.0
3269,14.4,87.0,746.0
3270,14.4,87.0,800.0
3271,15.5,91.0,746.0
3272,12.2,81.0,600.0
3273,9.4,82.0,400.0
3274,7.0,89.0,200.0
3275,4.3,93.0,54.0
3276,3.1,83.0,0.0
3277,3.0,79.0,54.0
3278,0.6,84.0,200.0
3279,-0.8,81.0,400.0
3280,-1.0,88.0,600.0
3281,0.7,80.0,746.0
3282,0.7,90.0,800.0
3283,1.4,87.0,746.0
3284,3.4,91.0,600.0
3285,7.8,73.0,400.0
3286,8.9,77.0,200.0
3287,11.2,92.0,54.0
3288,10.0,82.0,0.0
3289,13.3,78.0,54.0
3290,14.1,85.0,200.0
3291,16.1,87.0,400.0
3292,17.0,85.0,600.0
3293,16.0,88.0,746.0
3294,14.1,87.0,800.0
3295,13.1,87.0,746.0
3296,12.7,92.0,600.0
3297,10.9,85.0,400.0
3298,8.3,85.0,200.0
3299,6.2,90.0,54.0
3300,4.2,88.0,0.0
3301,2.7,81.0,54.0
3302,1.9,85.0,200.0
3303,0.9,88.0,400.0
3304,0.0,83.0,600.0
3305,0.2,83.0,746.0
3306,0.9,78.0,800.0
3307,1.4,71.0,746.0
3308,3.1,84.0,600.0
3309,6.3,86.0,400.0
3310,7.1,80.0,200.0
3311,10.7,92.0,54.0
3312,11.8,80.0,0.0
3313,14.4,90.0,54.0
3314,15.5,87.0,200.0
3315,16.6,96.0,400.0
3316,15.6,88.0,600.0
3317,16.3,78.0,746.0
3318,15.8,91.0,800.0
3319,12.3,94.0,746.0
3320,14.0,76.0,600.0
3321,12.6,89.0,400.0
3322,9.2,90.0,200.0
3323,7.0,84.0,54.0
3324,4.9,73.0,0.0
3325,2.3,84.0,54.0
3326,1.2,82.0,200.0
3327,1.4,93.0,400.0
3328,-0.8,85.0,600.0
3329,-0.7,83.0,746.0
3330,0.7,82.0,800.0
3331,3.0,87.0,746.0
3332,3.1,86.0,600.0
3333,5.7,81.0,400.0
3334,7.9,87.0,200.0
3335,9.1,82.0,54.0
3336,9.6,72.0,0.0
3337,12.7,89.0,54.0
3338,15.3,88.0,200.0
3339,16.4,86.0,400.0
3340,16.7,83.0,600.0
3341,16.6,85.0,746.0
3342,14.6,89.0,800.0
3343,13.2,82.0,746.0
3344,12.8,89.0,600.0
3345,10.3,78.0,400.0
3346,9.4,86.0,200.0
3347,6.8,85.0,54.0
3348,5.7,90.0,0.0
3349,2.3,81.0,54.0
3350,2.5,81.0,200.0
3351,2.7,78.0,400.0
3352,0.4,82.0,600.0
3353,1.0,86.0,746.0
3354,0.4,76.0,800.0
3355,3.4,83.0,746.0
3356,5.3,88.0,600.0
3357,5.6,85.0,400.0
3358,8.7,85.0,200.0
3359,10.5,77.0,54.0
3360,12.6,85.0,0.0
3361,14.7,85.0,54.0
3362,15.7,84.0,200.0
3363,15.9,86.0,400.0
3364,17.2,83.0,600.0
3365,17.3,83.0,746.0
3366,14.9,80.0,800.0
3367,14.2,90.0,746.0
3368,10.8,79.0,600.0
3369,11.3,86.0,400.0
3370,9.8,94.0,200.0
3371,6.3,90.0,54.0
3372,4.7,87.0,0.0
3373,2.7,86.0,54.0
3374,1.2,84.0,200.0
3375,1.0,80.0,400.0
3376,-0.3,84.0,600.0
3377,0.5,88.0,746.0
3378,0.5,87.0,800.0
3379,3.3,89.0,746.0
3380,4.6,91.0,600.0
3381,5.8,84.0,400.0
3382,8.3,86.0,200.0
3383,10.2,75.0,54.0
3384,13.5,96.0,0.0
3385,13.6,83.0,54.0
3386,16.0,88.0,200.0
3387,15.5,83.0,400.0
3388,17.4,83.0,600.0
3389,17.4,84.0,746.0
3390,16.7,79.0,800.0
3391,15.8,72.0,746.0
3392,13.0,91.0,600.0
3393,12.1,87.0,400.0
3394,10.4,80.0,200.0
3395,5.6,87.0,54.0
3396,4.2,89.0,0.0
3397,1.6,81.0,54.0
3398,2.8,87.0,200.0
3399,-0.6,90.0,400.0
3400,-1.2,78.0,600.0
3401,-0.2,87.0,746.0
3402,-0.1,87.0,800.0
3403,3.1,94.0,746.0
3404,3.4,87.0,600.0
3405,4.7,83.0,400.0
3406,8.4,83.0,200.0
3407,10.6,95.0,54.0
3408,10.6,83.0,0.0
3409,13.5,88.0,54.0
3410,15.4,83.0,200.0
3411,16.0,90.0,400.0
3412,16.4,90.0,600.0
3413,17.7,84.0,746.0
3414,17.9,83.0,800.0
3415,14.2,82.0,746.0
3416,11.6,76.0,600.0
3417,10.8,85.0,400.0
3418,9.1,85.0,200.0
3419,6.8,80.0,54.0
3420,5.5,75.0,0.0
3421,5.5,86.0,54.0
3422,0.2,86.0,200.0
3423,0.6,86.0,400.0
3424,2.3,80.0,600.0
3425,0.5,86.0,746.0
3426,2.6,84.0,800.0
3427,3.6,89.0,746.0
3428,5.9,80.0,600.0
3429,8.5,90.0,400.0
3430,9.0,92.0,200.0
3431,9.0,85.0,54.0
3432,12.0,86.0,0.0
3433,16.6,88.0,54.0
3434,14.3,79.0,200.0
3435,17.0,82.0,400.0
3436,14.4,85.0,600.0
3437,15.3,95.0,746.0
3438,16.8,78.0,800.0
3439,14.7,93.0,746.0
3440,12.7,83.0,600.0
3441,10.3,84.0,400.0
3442,7.1,90.0,200.0
3443,7.7,94.0,54.0
3444,4.8,86.0,0.0
3445,1.9,90.0,54.0
3446,2.1,80.0,200.0
3447,1.8,82.0,400.0
3448,0.8,78.0,600.0
3449,1.3,82.0,746.0
3450,2.0,87.0,800.0
3451,2.5,85.0,746.0
3452,4.9,93.0,600.0
3453,7.5,95.0,400.0
3454,9.8,84.0,200.0
3455,11.7,81.0,54.0
3456,12.2,90.0,0.0
3457,15.2,91.0,54.0
3458,16.3,86.0,200.0
3459,16.0,88.0,400.0
3460,16.6,87.0,600.0
3461,17.5,79.0,746.0
3462,17.4,78.0,800.0
3463,13.0,84.0,746.0
3464,14.9,83.0,600.0
3465,12.5,86.0,400.0
3466,9.5,83.0,200.0
3467,7.0,76.0,54.0
3468,5.6,74.0,0.0
3469,2.9,88.0,54.0
3470,2.1,81.0,200.0
3471,-0.0,83.0,400.0
3472,-0.6,81.0,600.0
3473,3.7,80.0,746.0
3474,2.2,79.0,800.0
3475,3.5,89.0,746.0
3476,4.9,83.0,600.0
3477,6.1,87.0,400.0
3478,8.7,88.0,200.0
3479,11.1,86.0,54.0
3480,12.8,88.0,0.0
3481,13.9,84.0,54.0
3482,16.5,91.0,200.0
3483,17.1,88.0,400.0
3484,17.6,89.0,600.0
3485,17.7,79.0,746.0
3486,16.1,85.0,800.0
3487,14.8,75.0,746.0
3488,14.9,91.0,600.0
3489,10.5,81.0,400.0
3490,7.6,82.0,200.0
3491,7.9,77.0,54.0
3492,4.8,84.0,0.0
3493,2.7,83.0,54.0
3494,3.3,93.0,200.0
3495,1.5,88.0,400.0
3496,0.0,81.0,600.0
3497,3.4,76.0,746.0
3498,0.7,72.0,800.0
3499,3.4,79.0,746.0
3500,3.3,77.0,600.0
3501,7.3,86.0,400.0
3502,8.5,83.0,200.0
3503,12.0,84.0,54.0
3504,13.2,79.0,0.0
3505,16.2,85.0,54.0
3506,15.7,77.0,200.0
3507,15.4,83.0,400.0
3508,17.6,88.0,600.0
3509,16.9,82.0,746.0
3510,14.6,86.0,800.0
3511,14.1,74.0,746.0
3512,12.8,73.0,600.0
3513,13.2,85.0,400.0
3514,10.3,89.0,200.0
3515,7.2,83.0,54.0
3516,6.1,94.0,0.0
3517,1.9,76.0,54.0
3518,2.0,80.0,200.0
3519,2.2,84.0,400.0
3520,1.6,86.0,600.0
3521,1.1,81.0,746.0
3522,2.4,78.0,800.0
3523,4.0,87.0,746.0
3524,5.3,84.0,600.0
3525,8.1,82.0,400.0
3526,9.6,86.0,200.0
3527,11.9,83.0,54.0
3528,15.0,83.0,0.0
3529,15.9,83.0,54.0
3530,18.1,79.0,200.0
3531,16.5,79.0,400.0
3532,15.9,81.0,600.0
3533,17.2,84.0,746.0
3534,16.3,74.0,800.0
3535,16.8,88.0,746.0
3536,12.6,84.0,600.0
3537,11.7,78.0,400.0
3538,10.2,92.0,200.0
3539,7.8,84.0,54.0
3540,5.6,77.0,0.0
3541,4.4,91.0,54.0
3542,3.8,90.0,200.0
3543,3.5,79.0,400.0
3544,1.6,82.0,600.0
3545,1.0,81.0,746.0
3546,4.1,74.0,800.0
3547,2.8,85.0,746.0
3548,7.3,88.0,600.0
3549,8.7,87.0,400.0
3550,11.0,84.0,200.0
3551,12.2,88.0,54.0
3552,11.4,78.0,0.0
3553,14.2,92.0,54.0
3554,16.8,80.0,200.0
3555,16.7,80.0,400.0
3556,17.4,80.0,600.0
3557,18.1,80.0,746.0
3558,16.6,82.0,800.0
3559,14.3,82.0,746.0
3560,14.8,84.0,600.0
3561,12.5,79.0,400.0
3562,9.7,84.0,200.0
3563,8.6,78.0,54.0
3564,6.0,87.0,0.0
3565,5.6,87.0,54.0
3566,3.1,83.0,200.0
3567,3.4,80.0,400.0
3568,-0.1,85.0,600.0
3569,2.5,79.0,746.0
3570,2.4,83.0,800.0
3571,3.2,82.0,746.0
3572,6.8,96.0,600.0
3573,8.5,77.0,400.0
3574,7.6,70.0,200.0
3575,12.4,80.0,54.0
3576,14.3,75.0,0.0
3577,14.6,80.0,54.0
3578,15.8,77.0,200.0
3579,15.9,79.0,400.0
3580,17.5,78.0,600.0
3581,17.5,88.0,746.0
3582,17.7,83.0,800.0
3583,15.9,88.0,746.0
3584,13.0,83.0,600.0
3585,12.4,88.0,400.0
3586,9.8,82.0,200.0
3587,7.1,91.0,54.0
3588,4.5,85.0,0.0
3589,5.0,79.0,54.0
3590,3.5,86.0,200.0
3591,2.8,83.0,400.0
3592,1.2,82.0,600.0
3593,2.4,84.0,746.0
3594,1.6,87.0,800.0
3595,3.2,72.0,746.0
3596,5.8,81.0,600.0
3597,8.0,86.0,400.0
3598,8.2,84.0,200.0
3599,10.8,77.0,54.0
3600,13.5,71.0,0.0
3601,16.5,91.0,54.0
3602,16.0,82.0,200.0
3603,17.8,91.0,400.0
3604,18.3,87.0,600.0
3605,17.6,79.0,746.0
3606,17.3,70.0,800.0
3607,14.5,81.0,746.0
3608,13.6,83.0,600.0
3609,13.8,85.0,400.0
3610,11.8,77.0,200.0
3611,9.0,84.0,54.0
3612,7.4,84.0,0.0
3613,2.7,88.0,54.0
3614,2.3,81.0,200.0
3615,2.1,85.0,400.0
3616,4.5,84.0,600.0
3617,2.0,87.0,746.0
3618,3.9,79.0,800.0
3619,4.7,67.0,746.0
3620,6.3,82.0,600.0
3621,7.9,82.0,400.0
3622,8.8,77.0,200.0
3623,9.4,75.0,54.0
3624,15.3,80.0,0.0
3625,15.1,82.0,54.0
3626,15.2,83.0,200.0
3627,18.3,71.0,400.0
3628,18.6,74.0,600.0
3629,18.7,88.0,746.0
3630,18.4,82.0,800.0
3631,15.1,83.0,746.0
3632,13.5,76.0,600.0
3633,12.2,83.0,400.0
3634,11.3,81.0,200.0
3635,6.3,80.0,54.0
3636,6.5,75.0,0.0
3637,5.7,78.0,54.0
3638,4.3,92.0,200.0
3639,3.3,81.0,400.0
3640,3.4,87.0,600.0
3641,-0.2,82.0,746.0
3642,4.9,81.0,800.0
3643,4.8,79.0,746.0
3644,7.5,89.0,600.0
3645,6.9,84.0,400.0
3646,8.4,79.0,200.0
3647,14.0,81.0,54.0
3648,13.3,88.0,0.0
3649,15.6,68.0,54.0
3650,17.7,84.0,200.0
3651,18.8,85.0,400.0
3652,19.4,79.0,600.0
3653,18.4,83.0,746.0
3654,16.4,85.0,800.0
3655,16.9,76.0,746.0
3656,15.3,87.0,600.0
3657,10.8,84.0,400.0
3658,12.0,82.0,200.0
3659,6.0,83.0,54.0
3660,7.6,86.0,0.0
3661,4.3,94.0,54.0
3662,4.3,85.0,200.0
3663,3.3,86.0,400.0
3664,2.4,83.0,600.0
3665,3.1,92.0,746.0
3666,3.4,75.0,800.0
3667,5.4,74.0,746.0
3668,8.5,83.0,600.0
3669,6.9,86.0,400.0
3670,7.1,69.0,200.0
3671,12.0,82.0,54.0
3672,13.9,81.0,0.0
3673,15.7,86.0,54.0
3674,16.4,84.0,200.0
3675,19.1,73.0,400.0
3676,17.2,77.0,600.0
3677,18.8,78.0,746.0
3678,18.2,86.0,800.0
3679,16.7,84.0,746.0
3680,15.2,79.0,600.0
3681,13.8,83.0,400.0
3682,10.8,77.0,200.0
3683,8.4,92.0,54.0
3684,7.2,85.0,0.0
3685,5.7,86.0,54.0
3686,4.7,89.0,200.0
3687,1.2,87.0,400.0
3688,2.4,82.0,600.0
3689,1.8,81.0,746.0
3690,4.2,89.0,800.0
3691,5.6,82.0,746.0
3692,6.2,78.0,600.0
3693,7.7,92.0,400.0
3694,11.1,77.0,200.0
3695,12.4,73.0,54.0
3696,15.9,87.0,0.0
3697,18.0,78.0,54.0
3698,18.5,84.0,200.0
3699,18.6,91.0,400.0
3700,20.5,75.0,600.0
3701,18.7,82.0,746.0
3702,17.3,89.0,800.0
3703,15.8,85.0,746.0
3704,14.2,81.0,600.0
3705,13.0,94.0,400.0
3706,11.4,81.0,200.0
3707,7.5,84.0,54.0
3708,6.5,90.0,0.0
3709,5.5,87.0,54.0
3710,4.6,89.0,200.0
3711,3.1,77.0,400.0
3712,3.0,88.0,600.0
3713,1.8,83.0,746.0
3714,2.9,78.0,800.0
3715,5.0,83.0,746.0
3716,7.2,83.0,600.0
3717,8.8,91.0,400.0
3718,9.8,84.0,200.0
3719,12.5,78.0,54.0
3720,16.2,77.0,0.0
3721,16.9,82.0,54.0
3722,17.5,75.0,200.0
3723,17.5,78.0,400.0
3724,18.2,81.0,600.0
3725,18.7,80.0,746.0
3726,18.2,85.0,800.0
3727,17.3,78.0,746.0
3728,15.5,69.0,600.0
3729,12.8,73.0,400.0
3730,10.6,82.0,200.0
3731,11.1,79.0,54.0
3732,6.5,76.0,0.0
3733,4.1,92.0,54.0
3734,2.5,86.0,200.0
3735,2.9,81.0,400.0
3736,3.9,83.0,600.0
3737,2.6,80.0,746.0
3738,5.4,75.0,800.0
3739,5.2,87.0,746.0
3740,7.9,86.0,600.0
3741,8.0,72.0,400.0
3742,10.1,83.0,200.0
3743,13.0,83.0,54.0
3744,15.3,80.0,0.0
3745,16.4,92.0,54.0
3746,18.2,92.0,200.0
3747,19.3,80.0,400.0
3748,17.6,80.0,600.0
3749,18.5,80.0,746.0
3750,17.6,78.0,800.0
3751,16.4,77.0,746.0
3752,15.7,84.0,600.0
3753,12.8,91.0,400.0
3754,9.3,89.0,200.0
3755,9.0,85.0,54.0
3756,6.2,69.0,0.0
3757,6.1,72.0,54.0
3758,5.1,87.0,200.0
3759,1.3,90.0,400.0
3760,2.4,84.0,600.0
3761,3.7,80.0,746.0
3762,2.7,88.0,800.0
3763,6.2,85.0,746.0
3764,8.1,87.0,600.0
3765,8.8,72.0,400.0
3766,10.2,83.0,200.0
3767,10.8,90.0,54.0
3768,15.8,84.0,0.0
3769,18.7,86.0,54.0
3770,19.8,82.0,200.0
3771,18.7,82.0,400.0
3772,18.1,88.0,600.0
3773,19.8,78.0,746.0
3774,18.1,77.0,800.0
3775,17.5,79.0,746.0
3776,15.7,81.0,600.0
3777,13.6,73.0,400.0
3778,12.5,85.0,200.0
3779,10.5,80.0,54.0
3780,6.9,86.0,0.0
3781,4.8,71.0,54.0
3782,2.0,86.0,200.0
3783,3.3,88.0,400.0
3784,2.2,83.0,600.0
3785,4.0,81.0,746.0
3786,4.0,86.0,800.0
3787,5.3,88.0,746.0
3788,8.0,84.0,600.0
3789,9.5,84.0,400.0
3790,11.0,89.0,200.0
3791,14.9,85.0,54.0
3792,15.9,77.0,0.0
3793,16.5,87.0,54.0
3794,17.8,81.0,200.0
3795,19.9,81.0,400.0
3796,19.6,82.0,600.0
3797,18.1,86.0,746.0
3798,19.3,90.0,800.0
3799,18.5,81.0,746.0
3800,16.8,90.0,600.0
3801,15.2,82.0,400.0
3802,13.7,88.0,200.0
3803,11.3,82.0,54.0
3804,8.0,79.0,0.0
3805,5.7,91.0,54.0
3806,2.8,78.0,200.0
3807,3.8,78.0,400.0
3808,4.0,75.0,600.0
3809,3.8,87.0,746.0
3810,2.6,88.0,800.0
3811,5.4,83.0,746.0
3812,8.0,76.0,600.0
3813,8.2,81.0,400.0
3814,11.5,79.0,200.0
3815,13.9,76.0,54.0
3816,16.5,78.0,0.0
3817,18.8,83.0,54.0
3818,18.0,78.0,200.0
3819,19.4,82.0,400.0
3820,19.8,72.0,600.0
3821,20.0,89.0,746.0
3822,19.1,79.0,800.0
3823,18.8,85.0,746.0
3824,13.4,82.0,600.0
3825,14.3,83.0,400.0
3826,12.3,75.0,200.0
3827,9.5,77.0,54.0
3828,5.5,77.0,0.0
3829,6.0,81.0,54.0
3830,4.1,87.0,200.0
3831,5.6,83.0,400.0
3832,4.0,76.0,600.0
3833,3.1,81.0,746.0
3834,2.6,80.0,800.0
3835,6.5,79.0,746.0
3836,8.2,81.0,600.0
3837,9.2,85.0,400.0
3838,12.1,77.0,200.0
3839,13.2,79.0,54.0
3840,16.6,86.0,0.0
3841,18.2,83.0,54.0
3842,16.9,87.0,200.0
3843,18.0,88.0,400.0
3844,21.8,74.0,600.0
3845,20.5,82.0,746.0
3846,17.5,78.0,800.0
3847,16.0,75.0,746.0
3848,16.1,77.0,600.0
3849,12.9,79.0,400.0
3850,11.7,79.0,200.0
3851,9.9,78.0,54.0
3852,7.9,80.0,0.0
3853,7.4,93.0,54.0
3854,6.8,72.0,200.0
3855,3.7,86.0,400.0
3856,2.7,80.0,600.0
3857,4.4,78.0,746.0
3858,6.5,70.0,800.0
3859,5.7,84.0,746.0
3860,8.5,73.0,600.0
3861,8.8,85.0,400.0
3862,11.7,89.0,200.0
3863,12.6,74.0,54.0
3864,15.7,86.0,0.0
3865,17.3,81.0,54.0
3866,19.3,70.0,200.0
3867,21.4,74.0,400.0
3868,19.5,81.0,600.0
3869,17.7,82.0,746.0
3870,18.7,72.0,800.0
3871,18.0,81.0,746.0
3872,16.3,84.0,600.0
3873,14.0,85.0,400.0
3874,13.6,78.0,200.0
3875,10.2,83.0,54.0
3876,8.0,86.0,0.0
3877,5.7,85.0,54.0
3878,3.4,85.0,200.0
3879,4.6,81.0,400.0
3880,4.2,80.0,600.0
3881,3.2,82.0,746.0
3882,4.9,76.0,800.0
3883,6.1,86.0,746.0
3884,7.2,73.0,600.0
3885,9.0,78.0,400.0
3886,12.3,80.0,200.0
3887,13.7,83.0,54.0
3888,15.3,83.0,0.0
3889,16.7,88.0,54.0
3890,18.8,81.0,200.0
3891,20.7,77.0,400.0
3892,20.3,79.0,600.0
3893,19.6,79.0,746.0
3894,19.4,83.0,800.0
3895,19.3,75.0,746.0
3896,16.8,79.0,600.0
3897,14.6,88.0,400.0
3898,13.0,81.0,200.0
3899,10.1,75.0,54.0
3900,8.5,78.0,0.0
3901,6.1,69.0,54.0
3902,3.8,80.0,200.0
3903,4.8,88.0,400.0
3904,4.5,74.0,600.0
3905,4.1,73.0,746.0
3906,6.2,77.0,800.0
3907,5.7,85.0,746.0
3908,6.3,89.0,600.0
3909,9.3,82.0,400.0
3910,10.5,74.0,200.0
3911,14.4,80.0,54.0
3912,15.3,89.0,0.0
3913,18.7,78.0,54.0
3914,20.0,81.0,200.0
3915,19.0,81.0,400.0
3916,19.4,72.0,600.0
3917,20.6,85.0,746.0
3918,20.3,84.0,800.0
3919,16.1,70.0,746.0
3920,16.7,73.0,600.0
3921,12.3,75.0,400.0
3922,11.9,84.0,200.0
3923,11.5,76.0,54.0
3924,11.5,82.0,0.0
3925,6.6,79.0,54.0
3926,4.2,80.0,200.0
3927,4.1,82.0,400.0
3928,4.4,81.0,600.0
3929,3.9,80.0,746.0
3930,4.4,81.0,800.0
3931,6.1,81.0,746.0
3932,8.6,79.0,600.0
3933,10.0,78.0,400.0
3934,11.3,89.0,200.0
3935,13.6,77.0,54.0
3936,15.8,87.0,0.0
3937,16.9,76.0,54.0
3938,18.5,84.0,200.0
3939,20.7,89.0,400.0
3940,20.2,78.0,600.0
3941,18.5,76.0,746.0
3942,20.5,77.0,800.0
3943,18.7,80.0,746.0
3944,15.2,81.0,600.0
3945,14.4,79.0,400.0
3946,11.9,77.0,200.0
3947,11.3,89.0,54.0
3948,8.3,79.0,0.0
3949,6.9,76.0,54.0
3950,5.5,84.0,200.0
3951,3.4,84.0,400.0
3952,5.9,87.0,600.0
3953,5.4,89.0,746.0
3954,4.8,81.0,800.0
3955,6.9,78.0,746.0
3956,9.4,70.0,600.0
3957,10.4,75.0,400.0
3958,13.9,81.0,200.0
3959,17.4,74.0,54.0
3960,16.3,72.0,0.0
3961,17.5,80.0,54.0
3962,18.4,83.0,200.0
3963,18.1,78.0,400.0
3964,21.8,84.0,600.0
3965,20.0,82.0,746.0
3966,20.5,85.0,800.0
3967,19.5,90.0,746.0
3968,15.7,92.0,600.0
3969,14.0,83.0,400.0
3970,14.6,77.0,200.0
3971,10.7,80.0,54.0
3972,8.2,87.0,0.0
3973,6.1,75.0,54.0
3974,5.7,87.0,200.0
3975,6.5,78.0,400.0
3976,5.4,80.0,600.0
3977,5.1,75.0,746.0
3978,7.3,73.0,800.0
3979,8.3,78.0,746.0
3980,8.9,86.0,600.0
3981,13.2,76.0,400.0
3982,12.3,87.0,200.0
3983,15.7,76.0,54.0
3984,16.2,74.0,0.0
3985,19.2,80.0,54.0
3986,19.3,83.0,200.0
3987,20.9,80.0,400.0
3988,23.2,80.0,600.0
3989,21.5,87.0,746.0
3990,20.3,80.0,800.0
3991,17.8,77.0,746.0
3992,17.2,73.0,600.0
3993,14.1,85.0,400.0
3994,13.9,77.0,200.0
3995,11.8,77.0,54.0
3996,8.8,84.0,0.0
3997,9.0,89.0,54.0
3998,7.5,80.0,200.0
3999,5.3,78.0,400.0
4000,5.4,79.0,600.0
4001,4.5,77.0,746.0
4002,5.6,77.0,800.0
4003,6.0,77.0,746.0
4004,8.2,84.0,600.0
4005,10.5,79.0,400.0
4006,11.1,86.0,200.0
4007,15.4,78.0,54.0
4008,17.8,77.0,0.0
4009,18.4,85.0,54.0
4010,17.1,79.0,200.0
4011,20.4,78.0,400.0
4012,19.5,79.0,600.0
4013,20.1,86.0,746.0
4014,21.4,80.0,800.0
4015,16.3,85.0,746.0
4016,16.3,78.0,600.0
4017,16.1,84.0,400.0
4018,12.5,80.0,200.0
4019,10.3,83.0,54.0
4020,11.2,84.0,0.0
4021,7.9,74.0,54.0
4022,7.1,79.0,200.0
4023,5.8,84.0,400.0
4024,5.2,84.0,600.0
4025,6.5,85.0,746.0
4026,7.9,79.0,800.0
4027,5.6,86.0,746.0
4028,8.9,75.0,600.0
4029,10.8,71.0,400.0
4030,12.5,77.0,200.0
4031,15.9,85.0,54.0
4032,17.2,73.0,0.0
4033,20.5,71.0,54.0
4034,21.0,70.0,200.0
4035,22.1,82.0,400.0
4036,19.9,71.0,600.0
4037,20.1,81.0,746.0
4038,19.4,77.0,800.0
4039,20.2,75.0,746.0
4040,16.3,74.0,600.0
4041,14.5,80.0,400.0
4042,12.2,75.0,200.0
4043,14.0,79.0,54.0
4044,9.2,81.0,0.0
4045,8.2,82.0,54.0
4046,5.2,83.0,200.0
4047,6.5,79.0,400.0
4048,3.4,73.0,600.0
4049,4.5,81.0,746.0
4050,5.5,82.0,800.0
4051,7.7,78.0,746.0
4052,8.3,77.0,600.0
4053,12.5,91.0,400.0
4054,13.6,72.0,200.0
4055,14.4,81.0,54.0
4056,18.1,84.0,0.0
4057,18.4,77.0,54.0
4058,19.5,78.0,200.0
4059,21.9,76.0,400.0
4060,18.8,78.0,600.0
4061,21.8,83.0,746.0
4062,19.6,77.0,800.0
4063,18.4,94.0,746.0
4064,19.4,76.0,600.0
4065,15.0,85.0,400.0
4066,14.5,81.0,200.0
4067,11.7,79.0,54.0
4068,9.9,86.0,0.0
4069,7.6,70.0,54.0
4070,6.2,80.0,200.0
4071,7.2,75.0,400.0
4072,6.3,76.0,600.0
4073,5.1,76.0,746.0
4074,5.3,73.0,800.0
4075,7.0,70.0,746.0
4076,10.2,80.0,600.0
4077,12.3,78.0,400.0
4078,13.8,77.0,200.0
4079,13.7,82.0,54.0
4080,18.0,80.0,0.0
4081,20.3,77.0,54.0
4082,20.4,93.0,200.0
4083,23.1,83.0,400.0
4084,20.1,90.0,600.0
4085,21.9,76.0,746.0
4086,19.5,79.0,800.0
4087,20.3,72.0,746.0
4088,18.3,76.0,600.0
4089,17.5,75.0,400.0
4090,14.2,93.0,200.0
4091,11.2,75.0,54.0
4092,9.2,77.0,0.0
4093,7.7,71.0,54.0
4094,6.2,81.0,200.0
4095,7.2,74.0,400.0
4096,6.8,83.0,600.0
4097,4.3,69.0,746.0
4098,6.6,77.0,800.0
4099,7.8,69.0,746.0
4100,8.6,76.0,600.0
4101,11.8,77.0,400.0
4102,14.9,75.0,200.0
4103,16.4,75.0,54.0
4104,18.8,83.0,0.0
4105,18.4,89.0,54.0
4106,20.5,80.0,200.0
4107,20.5,74.0,400.0
4108,21.9,78.0,600.0
4109,21.7,76.0,746.0
4110,21.6,82.0,800.0
4111,20.7,79.0,746.0
4112,18.5,70.0,600.0
4113,15.1,83.0,400.0
4114,12.5,83.0,200.0
4115,12.3,85.0,54.0
4116,11.3,75.0,0.0
4117,8.1,79.0,54.0
4118,5.3,72.0,200.0
4119,8.1,78.0,400.0
4120,6.2,80.0,600.0
4121,6.1,75.0,746.0
4122,5.5,79.0,800.0
4123,8.0,79.0,746.0
4124,10.3,75.0,600.0
4125,12.0,85.0,400.0
4126,12.9,77.0,200.0
4127,15.6,78.0,54.0
4128,17.0,70.0,0.0
4129,21.0,80.0,54.0
4130,21.5,75.0,200.0
4131,20.9,82.0,400.0
4132,20.6,71.0,600.0
4133,21.9,80.0,746.0
4134,20.3,67.0,800.0
4135,19.2,81.0,746.0
4136,16.9,77.0,600.0
4137,15.1,80.0,400.0
4138,14.2,75.0,200.0
4139,11.7,73.0,54.0
4140,12.5,75.0,0.0
4141,8.9,79.0,54.0
4142,5.9,80.0,200.0
4143,4.7,79.0,400.0
4144,6.3,73.0,600.0
4145,5.7,87.0,746.0
4146,8.2,79.0,800.0
4147,8.4,74.0,746.0
4148,7.8,80.0,600.0
4149,10.6,79.0,400.0
4150,13.1,77.0,200.0
4151,16.3,76.0,54.0
4152,16.7,82.0,0.0
4153,19.6,86.0,54.0
4154,19.4,67.0,200.0
4155,21.6,84.0,400.0
4156,22.3,77.0,600.0
4157,23.2,79.0,746.0
4158,21.2,84.0,800.0
4159,19.0,64.0,746.0
4160,19.6,81.0,600.0
4161,16.1,84.0,400.0
4162,15.0,74.0,200.0
4163,11.5,70.0,54.0
4164,10.3,86.0,0.0
4165,7.7,69.0,54.0
4166,7.5,79.0,200.0
4167,7.2,82.0,400.0
4168,5.6,79.0,600.0
4169,5.7,80.0,746.0
4170,7.4,76.0,800.0
4171,7.5,80.0,746.0
4172,8.4,74.0,600.0
4173,12.2,74.0,400.0
4174,13.8,77.0,200.0
4175,15.9,69.0,54.0
4176,18.5,80.0,0.0
4177,20.3,65.0,54.0
4178,20.8,79.0,200.0
4179,20.7,79.0,400.0
4180,21.5,73.0,600.0
4181,22.5,71.0,746.0
4182,21.3,75.0,800.0
4183,19.4,80.0,746.0
4184,17.5,79.0,600.0
4185,17.0,72.0,400.0
4186,14.1,78.0,200.0
4187,13.0,78.0,54.0
4188,11.2,78.0,0.0
4189,8.4,72.0,54.0
4190,8.3,78.0,200.0
4191,6.7,82.0,400.0
4192,6.5,80.0,600.0
4193,4.3,79.0,746.0
4194,6.2,85.0,800.0
4195,7.5,78.0,746.0
4196,9.8,73.0,600.0
4197,12.1,73.0,400.0
4198,14.2,78.0,200.0
4199,16.4,70.0,54.0
4200,17.4,75.0,0.0
4201,20.5,79.0,54.0
4202,22.9,83.0,200.0
4203,21.6,69.0,400.0
4204,21.6,77.0,600.0
4205,21.4,77.0,746.0
4206,21.4,77.0,800.0
4207,19.6,78.0,746.0
4208,16.8,77.0,600.0
4209,15.1,84.0,400.0
4210,15.6,83.0,200.0
4211,13.7,88.0,54.0
4212,12.1,77.0,0.0
4213,9.1,75.0,54.0
4214,6.5,72.0,200.0
4215,6.3,74.0,400.0
4216,4.9,80.0,600.0
4217,5.1,81.0,746.0
4218,7.6,80.0,800.0
4219,9.2,73.0,746.0
4220,12.2,73.0,600.0
4221,12.1,86.0,400.0
4222,12.9,73.0,200.0
4223,16.2,84.0,54.0
4224,18.0,79.0,0.0
4225,19.5,73.0,54.0
4226,21.6,71.0,200.0
4227,20.9,73.0,400.0
4228,22.6,79.0,600.0
4229,22.9,72.0,746.0
4230,22.9,84.0,800.0
4231,20.6,76.0,746.0
4232,19.7,80.0,600.0
4233,16.3,80.0,400.0
4234,14.4,85.0,200.0
4235,14.0,74.0,54.0
4236,9.3,77.0,0.0
4237,8.6,70.0,54.0
4238,8.8,77.0,200.0
4239,6.7,82.0,400.0
4240,6.3,78.0,600.0
4241,6.5,88.0,746.0
4242,7.7,79.0,800.0
4243,9.9,74.0,746.0
4244,11.3,79.0,600.0
4245,12.3,69.0,400.0
4246,15.5,72.0,200.0
4247,16.8,70.0,54.0
4248,19.3,76.0,0.0
4249,19.1,76.0,54.0
4250,23.2,82.0,200.0
4251,22.5,76.0,400.0
4252,19.9,71.0,600.0
4253,24.1,84.0,746.0
4254,21.7,62.0,800.0
4255,20.0,77.0,746.0
4256,18.2,77.0,600.0
4257,17.4,76.0,400.0
4258,14.0,79.0,200.0
4259,12.2,77.0,54.0
4260,10.3,79.0,0.0
4261,8.9,73.0,54.0
4262,7.4,69.0,200.0
4263,7.9,76.0,400.0
4264,7.0,71.0,600.0
4265,7.3,73.0,746.0
4266,8.3,82.0,800.0
4267,8.9,84.0,746.0
4268,9.6,82.0,600.0
4269,14.3,81.0,400.0
4270,15.5,76.0,200.0
4271,18.3,81.0,54.0
4272,19.6,78.0,0.0
4273,19.8,86.0,54.0
4274,19.3,72.0,200.0
4275,21.2,79.0,400.0
4276,23.4,70.0,600.0
4277,22.5,79.0,746.0
4278,21.4,68.0,800.0
4279,18.1,70.0,746.0
4280,19.0,70.0,600.0
4281,16.0,77.0,400.0
4282,14.3,78.0,200.0
4283,13.8,88.0,54.0
4284,10.0,76.0,0.0
4285,8.4,80.0,54.0
4286,8.2,77.0,200.0
4287,8.1,79.0,400.0
4288,6.5,77.0,600.0
4289,8.6,81.0,746.0
4290,6.6,71.0,800.0
4291,7.7,64.0,746.0
4292,9.2,78.0,600.0
4293,11.0,67.0,400.0
4294,15.1,82.0,200.0
4295,15.8,73.0,54.0
4296,17.4,71.0,0.0
4297,20.8,89.0,54.0
4298,22.6,76.0,200.0
4299,23.7,75.0,400.0
4300,23.8,80.0,600.0
4301,21.8,80.0,746.0
4302,22.3,82.0,800.0
4303,21.3,69.0,746.0
4304,18.7,78.0,600.0
4305,17.4,74.0,400.0
4306,13.9,71.0,200.0
4307,12.5,76.0,54.0
4308,11.6,67.0,0.0
4309,11.0,80.0,54.0
4310,9.4,74.0,200.0
4311,8.0,73.0,400.0
4312,7.1,75.0,600.0
4313,7.2,75.0,746.0
4314,6.6,81.0,800.0
4315,8.4,70.0,746.0
4316,10.1,74.0,600.0
4317,13.4,75.0,400.0
4318,15.8,70.0,200.0
4319,17.7,76.0,54.0
4320,20.1,72.0,0.0
4321,20.7,69.0,54.0
4322,21.0,78.0,200.0
4323,22.7,83.0,400.0
4324,22.4,76.0,600.0
4325,23.6,75.0,746.0
4326,21.8,75.0,800.0
4327,20.8,73.0,746.0
4328,20.0,81.0,600.0
4329,16.7,76.0,400.0
4330,16.3,65.0,200.0
4331,11.9,82.0,54.0
4332,11.7,80.0,0.0
4333,9.6,79.0,54.0
4334,9.2,62.0,200.0
4335,6.2,75.0,400.0
4336,5.7,80.0,600.0
4337,8.2,77.0,746.0
4338,7.8,76.0,800.0
4339,9.4,80.0,746.0
4340,10.4,76.0,600.0
4341,13.9,81.0,400.0
4342,15.4,76.0,200.0
4343,17.4,76.0,54.0
4344,17.9,80.0,0.0
4345,21.3,73.0,54.0
4346,21.1,70.0,200.0
4347,22.3,75.0,400.0
4348,21.9,78.0,600.0
4349,22.9,80.0,746.0
4350,23.4,80.0,800.0
4351,21.3,75.0,746.0
4352,19.0,74.0,600.0
4353,17.7,72.0,400.0
4354,15.6,77.0,200.0
4355,13.5,67.0,54.0
4356,11.7,75.0,0.0
4357,8.8,89.0,54.0
4358,8.6,68.0,200.0
4359,5.9,76.0,400.0
4360,8.0,77.0,600.0
4361,6.5,78.0,746.0
4362,9.5,70.0,800.0
4363,7.2,78.0,746.0
4364,12.9,72.0,600.0
4365,11.5,68.0,400.0
4366,14.0,80.0,200.0
4367,17.6,78.0,54.0
4368,19.9,70.0,0.0
4369,20.7,72.0,54.0
4370,23.2,72.0,200.0
4371,22.3,67.0,400.0
4372,23.1,79.0,600.0
4373,22.9,79.0,746.0
4374,21.9,73.0,800.0
4375,19.3,75.0,746.0
4376,19.6,76.0,600.0
4377,17.6,76.0,400.0
4378,16.8,68.0,200.0
4379,12.3,77.0,54.0
4380,11.0,69.0,0.0
4381,11.2,78.0,54.0
4382,9.0,70.0,200.0
4383,8.4,68.0,400.0
4384,8.0,75.0,600.0
4385,8.2,75.0,746.0
4386,10.3,75.0,800.0
4387,9.9,70.0,746.0
4388,10.4,76.0,600.0
4389,14.0,76.0,400.0
4390,14.8,81.0,200.0
4391,17.4,76.0,54.0
4392,19.8,72.0,0.0
4393,20.3,68.0,54.0
4394,21.9,67.0,200.0
4395,23.8,76.0,400.0
4396,23.1,79.0,600.0
4397,24.4,70.0,746.0
4398,21.7,76.0,800.0
4399,20.4,74.0,746.0
4400,21.7,78.0,600.0
4401,16.4,79.0,400.0
4402,15.8,63.0,200.0
4403,15.6,80.0,54.0
4404,11.8,76.0,0.0
4405,11.5,72.0,54.0
4406,9.5,72.0,200.0
4407,8.0,75.0,400.0
4408,7.6,72.0,600.0
4409,5.8,70.0,746.0
4410,8.4,71.0,800.0
4411,10.2,69.0,746.0
4412,11.8,81.0,600.0
4413,15.9,75.0,400.0
4414,15.8,86.0,200.0
4415,18.3,76.0,54.0
4416,20.7,78.0,0.0
4417,21.8,69.0,54.0
4418,22.5,74.0,200.0
4419,23.4,75.0,400.0
4420,23.4,71.0,600.0
4421,24.0,72.0,746.0
4422,22.6,77.0,800.0
4423,22.2,77.0,746.0
4424,19.0,68.0,600.0
4425,18.2,76.0,400.0
4426,17.6,77.0,200.0
4427,13.7,72.0,54.0
4428,13.8,71.0,0.0
4429,10.5,77.0,54.0
4430,9.0,62.0,200.0
4431,8.3,74.0,400.0
4432,7.5,83.0,600.0
4433,6.1,61.0,746.0
4434,9.7,79.0,800.0
4435,12.3,77.0,746.0
4436,12.2,67.0,600.0
4437,14.2,77.0,400.0
4438,15.5,79.0,200.0
4439,18.9,68.0,54.0
4440,19.7,71.0,0.0
4441,21.7,74.0,54.0
4442,21.2,79.0,200.0
4443,23.1,72.0,400.0
4444,24.3,74.0,600.0
4445,24.6,71.0,746.0
4446,23.9,74.0,800.0
4447,20.2,80.0,746.0
4448,18.6,75.0,600.0
4449,18.8,72.0,400.0
4450,15.4,74.0,200.0
4451,15.0,70.0,54.0
4452,10.5,69.0,0.0
4453,10.4,80.0,54.0
4454,9.1,82.0,200.0
4455,8.8,65.0,400.0
4456,7.0,77.0,600.0
4457,6.3,78.0,746.0
4458,9.2,68.0,800.0
4459,10.8,72.0,746.0
4460,12.9,71.0,600.0
4461,13.4,84.0,400.0
4462,16.6,82.0,200.0
4463,18.4,70.0,54.0
4464,21.2,67.0,0.0
4465,21.5,78.0,54.0
4466,21.2,77.0,200.0
4467,23.7,80.0,400.0
4468,24.2,69.0,600.0
4469,24.4,78.0,746.0
4470,21.6,70.0,800.0
4471,21.6,77.0,746.0
4472,21.1,74.0,600.0
4473,18.3,84.0,400.0
4474,16.0,76.0,200.0
4475,16.2,72.0,54.0
4476,11.2,75.0,0.0
4477,11.9,73.0,54.0
4478,10.3,68.0,200.0
4479,8.3,84.0,400.0
4480,8.1,82.0,600.0
4481,8.4,73.0,746.0
4482,9.3,77.0,800.0
4483,9.8,84.0,746.0
4484,11.6,80.0,600.0
4485,13.6,72.0,400.0
4486,15.7,73.0,200.0
4487,17.8,65.0,54.0
4488,17.8,78.0,0.0
4489,21.8,80.0,54.0
4490,22.5,80.0,200.0
4491,22.1,77.0,400.0
4492,23.9,76.0,600.0
4493,23.6,69.0,746.0
4494,24.6,75.0,800.0
4495,21.5,71.0,746.0
4496,21.1,76.0,600.0
4497,19.9,70.0,400.0
4498,15.8,76.0,200.0
4499,14.4,80.0,54.0
4500,14.2,76.0,0.0
4501,11.0,75.0,54.0
4502,9.9,78.0,200.0
4503,8.2,83.0,400.0
4504,9.0,73.0,600.0
4505,8.5,76.0,746.0
4506,7.5,81.0,800.0
4507,10.2,77.0,746.0
4508,11.0,64.0,600.0
4509,14.2,70.0,400.0
4510,15.3,77.0,200.0
4511,18.7,72.0,54.0
4512,20.3,81.0,0.0
4513,20.7,83.0,54.0
4514,22.7,71.0,200.0
4515,24.7,68.0,400.0
4516,25.5,72.0,600.0
4517,23.3,71.0,746.0
4518,22.3,81.0,800.0
4519,24.2,68.0,746.0
4520,20.6,77.0,600.0
4521,18.8,80.0,400.0
4522,15.9,78.0,200.0
4523,14.8,76.0,54.0
4524,14.3,73.0,0.0
4525,11.2,83.0,54.0
4526,10.7,72.0,200.0
4527,8.8,78.0,400.0
4528,7.5,73.0,600.0
4529,8.0,64.0,746.0
4530,8.4,72.0,800.0
4531,10.9,73.0,746.0
4532,13.6,73.0,600.0
4533,14.4,70.0,400.0
4534,16.0,76.0,200.0
4535,17.6,77.0,54.0
4536,20.7,72.0,0.0
4537,20.8,72.0,54.0
4538,22.2,68.0,200.0
4539,25.1,75.0,400.0
4540,24.3,80.0,600.0
4541,24.0,80.0,746.0
4542,23.4,70.0,800.0
4543,23.1,83.0,746.0
4544,20.9,71.0,600.0
4545,18.1,68.0,400.0
4546,16.1,66.0,200.0
4547,14.5,68.0,54.0
4548,13.1,75.0,0.0
4549,11.1,72.0,54.0
4550,9.7,70.0,200.0
4551,9.0,69.0,400.0
4552,8.6,68.0,600.0
4553,8.1,69.0,746.0
4554,10.7,78.0,800.0
4555,10.4,82.0,746.0
4556,12.6,82.0,600.0
4557,12.4,77.0,400.0
4558,16.3,71.0,200.0
4559,17.5,70.0,54.0
4560,19.5,77.0,0.0
4561,24.6,72.0,54.0
4562,23.8,75.0,200.0
4563,25.6,83.0,400.0
4564,25.6,74.0,600.0
4565,25.5,84.0,746.0
4566,23.5,67.0,800.0
4567,24.1,75.0,746.0
4568,21.7,75.0,600.0
4569,19.0,68.0,400.0
4570,17.2,77.0,200.0
4571,14.7,81.0,54.0
4572,13.0,84.0,0.0
4573,11.2,75.0,54.0
4574,10.3,63.0,200.0
4575,10.8,75.0,400.0
4576,7.6,77.0,600.0
4577,10.2,72.0,746.0
4578,9.4,74.0,800.0
4579,12.3,70.0,746.0
4580,12.3,72.0,600.0
4581,15.0,78.0,400.0
4582,16.5,80.0,200.0
4583,17.0,66.0,54.0
4584,22.4,70.0,0.0
4585,21.4,65.0,54.0
4586,23.8,82.0,200.0
4587,23.5,77.0,400.0
4588,23.5,63.0,600.0
4589,24.4,72.0,746.0
4590,23.3,71.0,800.0
4591,21.5,69.0,746.0
4592,21.0,78.0,600.0
4593,17.7,78.0,400.0
4594,17.2,74.0,200.0
4595,14.9,69.0,54.0
4596,10.6,70.0,0.0
4597,10.9,73.0,54.0
4598,10.6,70.0,200.0
4599,8.2,73.0,400.0
4600,9.4,75.0,600.0
4601,9.6,65.0,746.0
4602,8.9,69.0,800.0
4603,11.2,72.0,746.0
4604,13.6,80.0,600.0
4605,13.8,77.0,400.0
4606,16.6,73.0,200.0
4607,20.0,75.0,54.0
4608,20.0,72.0,0.0
4609,23.0,78.0,54.0
4610,22.8,75.0,200.0
4611,24.5,79.0,400.0
4612,25.5,66.0,600.0
4613,22.4,68.0,746.0
4614,23.5,74.0,800.0
4615,23.2,75.0,746.0
4616,21.4,84.0,600.0
4617,18.8,63.0,400.0
4618,16.1,72.0,200.0
4619,15.8,72.0,54.0
4620,12.9,74.0,0.0
4621,12.1,81.0,54.0
4622,10.6,77.0,200.0
4623,9.0,64.0,400.0
4624,10.2,80.0,600.0
4625,8.7,80.0,746.0
4626,11.3,74.0,800.0
4627,12.6,64.0,746.0
4628,14.0,72.0,600.0
4629,14.7,75.0,400.0
4630,19.5,77.0,200.0
4631,19.2,63.0,54.0
4632,21.2,68.0,0.0
4633,22.6,78.0,54.0
4634,22.8,80.0,200.0
4635,26.1,74.0,400.0
4636,24.6,78.0,600.0
4637,25.9,75.0,746.0
4638,25.4,77.0,800.0
4639,23.6,73.0,746.0
4640,20.7,75.0,600.0
4641,19.1,66.0,400.0
4642,14.7,76.0,200.0
4643,15.2,66.0,54.0
4644,14.2,76.0,0.0
4645,11.5,70.0,54.0
4646,9.8,74.0,200.0
4647,9.3,67.0,400.0
4648,10.4,70.0,600.0
4649,9.4,74.0,746.0
4650,12.1,76.0,800.0
4651,10.9,78.0,746.0
4652,13.3,66.0,600.0
4653,14.6,65.0,400.0
4654,19.2,67.0,200.0
4655,19.3,67.0,54.0
4656,23.2,80.0,0.0
4657,22.4,79.0,54.0
4658,25.7,67.0,200.0
4659,25.1,81.0,400.0
4660,26.1,78.0,600.0
4661,23.9,64.0,746.0
4662,24.7,67.0,800.0
4663,22.0,64.0,746.0
4664,21.7,72.0,600.0
4665,18.1,72.0,400.0
4666,17.4,72.0,200.0
4667,16.6,62.0,54.0
4668,14.1,65.0,0.0
4669,10.6,73.0,54.0
4670,8.6,75.0,200.0
4671,10.2,62.0,400.0
4672,11.0,65.0,600.0
4673,8.6,77.0,746.0
4674,12.5,66.0,800.0
4675,11.6,72.0,746.0
4676,11.3,65.0,600.0
4677,13.6,76.0,400.0
4678,18.0,62.0,200.0
4679,19.4,70.0,54.0
4680,22.7,76.0,0.0
4681,21.8,75.0,54.0
4682,24.4,69.0,200.0
4683,25.1,68.0,400.0
4684,25.3,71.0,600.0
4685,24.8,65.0,746.0
4686,24.1,71.0,800.0
4687,23.4,71.0,746.0
4688,21.9,70.0,600.0
4689,20.0,77.0,400.0
4690,18.9,66.0,200.0
4691,14.4,63.0,54.0
4692,11.9,69.0,0.0
4693,13.0,72.0,54.0
4694,9.7,71.0,200.0
4695,9.5,71.0,400.0
4696,8.9,66.0,600.0
4697,9.1,67.0,746.0
4698,9.1,69.0,800.0
4699,11.2,69.0,746.0
4700,14.0,77.0,600.0
4701,15.3,73.0,400.0
4702,17.9,69.0,200.0
4703,19.0,77.0,54.0
4704,22.3,74.0,0.0
4705,22.6,65.0,54.0
4706,22.3,55.0,200.0
4707,25.6,65.0,400.0
4708,26.4,74.0,600.0
4709,24.8,76.0,746.0
4710,25.8,63.0,800.0
4711,22.5,75.0,746.0
4712,22.5,75.0,600.0
4713,21.6,78.0,400.0
4714,17.9,76.0,200.0
4715,15.5,78.0,54.0
4716,13.7,74.0,0.0
4717,13.8,74.0,54.0
4718,11.2,70.0,200.0
4719,12.1,75.0,400.0
4720,9.9,65.0,600.0
4721,9.2,71.0,746.0
4722,10.1,74.0,800.0
4723,12.0,78.0,746.0
4724,11.5,69.0,600.0
4725,15.0,76.0,400.0
4726,17.1,70.0,200.0
4727,19.8,76.0,54.0
4728,23.5,67.0,0.0
4729,23.3,75.0,54.0
4730,22.6,71.0,200.0
4731,24.5,65.0,400.0
4732,26.0,70.0,600.0
4733,25.6,78.0,746.0
4734,26.4,66.0,800.0
4735,24.5,64.0,746.0
4736,22.9,73.0,600.0
4737,19.8,63.0,400.0
4738,19.1,79.0,200.0
4739,15.0,79.0,54.0
4740,14.9,76.0,0.0
4741,12.0,71.0,54.0
4742,9.5,79.0,200.0
4743,10.7,78.0,400.0
4744,11.2,68.0,600.0
4745,9.6,78.0,746.0
4746,12.4,67.0,800.0
4747,10.4,70.0,746.0
4748,12.5,62.0,600.0
4749,15.4,72.0,400.0
4750,17.3,70.0,200.0
4751,19.1,69.0,54.0
4752,21.8,70.0,0.0
4753,22.9,68.0,54.0
4754,24.3,71.0,200.0
4755,25.8,77.0,400.0
4756,25.2,66.0,600.0
4757,25.5,75.0,746.0
4758,24.3,72.0,800.0
4759,22.5,73.0,746.0
4760,22.8,71.0,600.0
4761,21.9,67.0,400.0
4762,19.2,73.0,200.0
4763,16.4,74.0,54.0
4764,13.4,67.0,0.0
4765,12.1,64.0,54.0
4766,12.2,71.0,200.0
4767,8.0,75.0,400.0
4768,9.6,76.0,600.0
4769,10.9,77.0,746.0
4770,9.8,73.0,800.0
4771,12.6,70.0,746.0
4772,14.2,71.0,600.0
4773,14.3,65.0,400.0
4774,17.9,67.0,200.0
4775,19.3,71.0,54.0
4776,22.2,69.0,0.0
4777,24.2,71.0,54.0
4778,25.2,64.0,200.0
4779,25.8,65.0,400.0
4780,26.3,75.0,600.0
4781,24.6,67.0,746.0
4782,25.0,67.0,800.0
4783,23.0,71.0,746.0
4784,23.2,66.0,600.0
4785,21.0,76.0,400.0
4786,18.9,64.0,200.0
4787,17.9,71.0,54.0
4788,13.9,67.0,0.0
4789,12.0,71.0,54.0
4790,10.9,68.0,200.0
4791,8.8,71.0,400.0
4792,8.6,77.0,600.0
4793,10.9,67.0,746.0
4794,9.7,67.0,800.0
4795,11.2,69.0,746.0
4796,13.8,78.0,600.0
4797,15.4,70.0,400.0
4798,18.8,77.0,200.0
4799,20.1,70.0,54.0
4800,21.2,76.0,0.0
4801,24.6,73.0,54.0
4802,25.7,73.0,200.0
4803,24.4,63.0,400.0
4804,26.4,63.0,600.0
4805,25.2,76.0,746.0
4806,24.4,76.0,800.0
4807,25.8,83.0,746.0
4808,22.5,63.0,600.0
4809,20.2,73.0,400.0
4810,18.5,65.0,200.0
4811,17.2,67.0,54.0
4812,13.7,68.0,0.0
4813,12.1,72.0,54.0
4814,12.0,67.0,200.0
4815,9.0,71.0,400.0
4816,11.2,75.0,600.0
4817,8.8,76.0,746.0
4818,11.0,74.0,800.0
4819,10.8,73.0,746.0
4820,13.0,70.0,600.0
4821,17.3,67.0,400.0
4822,19.1,73.0,200.0
4823,21.3,65.0,54.0
4824,20.6,71.0,0.0
4825,22.7,65.0,54.0
4826,25.4,70.0,200.0
4827,26.7,65.0,400.0
4828,25.5,68.0,600.0
4829,25.5,67.0,746.0
4830,24.2,66.0,800.0
4831,25.7,70.0,746.0
4832,22.0,58.0,600.0
4833,20.6,61.0,400.0
4834,18.6,74.0,200.0
4835,17.5,71.0,54.0
4836,13.5,67.0,0.0
4837,14.0,75.0,54.0
4838,10.2,67.0,200.0
4839,11.8,67.0,400.0
4840,8.6,66.0,600.0
4841,10.5,80.0,746.0
4842,13.0,71.0,800.0
4843,13.3,71.0,746.0
4844,14.6,72.0,600.0
4845,15.1,61.0,400.0
4846,17.5,67.0,200.0
4847,21.6,72.0,54.0
4848,22.7,70.0,0.0
4849,24.8,81.0,54.0
4850,25.3,67.0,200.0
4851,25.8,75.0,400.0
4852,27.2,74.0,600.0
4853,26.5,71.0,746.0
4854,25.3,72.0,800.0
4855,22.8,69.0,746.0
4856,23.6,60.0,600.0
4857,21.1,72.0,400.0
4858,18.0,72.0,200.0
4859,17.7,73.0,54.0
4860,14.9,70.0,0.0
4861,13.2,75.0,54.0
4862,12.5,66.0,200.0
4863,11.5,77.0,400.0
4864,10.8,65.0,600.0
4865,10.5,69.0,746.0
4866,13.5,73.0,800.0
4867,12.0,67.0,746.0
4868,15.1,74.0,600.0
4869,16.2,68.0,400.0
4870,18.8,70.0,200.0
4871,21.6,69.0,54.0
4872,22.1,67.0,0.0
4873,24.7,81.0,54.0
4874,25.6,66.0,200.0
4875,25.6,58.0,400.0
4876,27.8,66.0,600.0
4877,27.0,70.0,746.0
4878,25.1,68.0,800.0
4879,25.5,75.0,746.0
4880,21.9,75.0,600.0
4881,20.8,68.0,400.0
4882,18.3,61.0,200.0
4883,17.5,63.0,54.0
4884,14.3,70.0,0.0
4885,13.8,62.0,54.0
4886,12.4,68.0,200.0
4887,10.6,77.0,400.0
4888,12.4,71.0,600.0
4889,10.1,70.0,746.0
4890,10.2,64.0,800.0
4891,13.7,71.0,746.0
4892,12.3,68.0,600.0
4893,17.9,71.0,400.0
4894,18.6,73.0,200.0
4895,19.1,74.0,54.0
4896,21.5,70.0,0.0
4897,22.6,72.0,54.0
4898,25.9,67.0,200.0
4899,25.0,75.0,400.0
4900,27.2,65.0,600.0
4901,26.2,68.0,746.0
4902,25.2,76.0,800.0
4903,25.0,67.0,746.0
4904,23.5,63.0,600.0
4905,22.1,67.0,400.0
4906,18.3,76.0,200.0
4907,16.8,58.0,54.0
4908,14.3,70.0,0.0
4909,13.4,66.0,54.0
4910,11.1,69.0,200.0
4911,10.6,68.0,400.0
4912,10.3,74.0,600.0
4913,11.3,70.0,746.0
4914,11.7,74.0,800.0
4915,13.5,76.0,746.0
4916,14.5,70.0,600.0
4917,15.9,68.0,400.0
4918,18.8,71.0,200.0
4919,19.8,72.0,54.0
4920,23.2,64.0,0.0
4921,24.0,71.0,54.0
4922,25.8,68.0,200.0
4923,26.7,67.0,400.0
4924,28.4,66.0,600.0
4925,27.0,66.0,746.0
4926,25.9,76.0,800.0
4927,23.9,67.0,746.0
4928,23.8,75.0,600.0
4929,20.8,70.0,400.0
4930,17.5,64.0,200.0
4931,16.8,70.0,54.0
4932,15.2,63.0,0.0
4933,12.5,72.0,54.0
4934,11.9,68.0,200.0
4935,11.1,73.0,400.0
4936,10.8,76.0,600.0
4937,12.3,60.0,746.0
4938,10.5,67.0,800.0
4939,15.1,63.0,746.0
4940,14.7,80.0,600.0
4941,17.2,67.0,400.0
4942,18.8,63.0,200.0
4943,19.1,80.0,54.0
4944,21.7,65.0,0.0
4945,23.9,61.0,54.0
4946,26.7,63.0,200.0
4947,25.2,70.0,400.0
4948,26.1,69.0,600.0
4949,26.9,65.0,746.0
4950,26.4,67.0,800.0
4951,25.2,69.0,746.0
4952,22.1,76.0,600.0
4953,19.6,71.0,400.0
4954,19.7,66.0,200.0
4955,18.5,68.0,54.0
4956,14.8,73.0,0.0
4957,12.3,77.0,54.0
4958,11.7,63.0,200.0
4959,11.7,75.0,400.0
4960,10.8,67.0,600.0
4961,12.6,61.0,746.0
4962,12.9,60.0,800.0
4963,13.4,76.0,746.0
4964,12.9,76.0,600.0
4965,16.1,66.0,400.0
4966,18.3,68.0,200.0
4967,20.2,60.0,54.0
4968,23.1,73.0,0.0
4969,24.8,69.0,54.0
4970,24.2,61.0,200.0
4971,27.5,70.0,400.0
4972,27.1,62.0,600.0
4973,27.2,72.0,746.0
4974,26.8,63.0,800.0
4975,24.1,70.0,746.0
4976,24.5,66.0,600.0
4977,21.2,57.0,400.0
4978,20.8,74.0,200.0
4979,16.3,74.0,54.0
4980,16.7,66.0,0.0
4981,12.7,70.0,54.0
4982,14.8,71.0,200.0
4983,10.5,71.0,400.0
4984,12.2,77.0,600.0
4985,11.0,71.0,746.0
4986,12.8,67.0,800.0
4987,13.3,71.0,746.0
4988,13.9,67.0,600.0
4989,14.1,63.0,400.0
4990,21.5,75.0,200.0
4991,21.1,71.0,54.0
4992,20.0,59.0,0.0
4993,25.0,65.0,54.0
4994,26.7,72.0,200.0
4995,26.1,61.0,400.0
4996,26.5,65.0,600.0
4997,26.9,82.0,746.0
4998,27.4,67.0,800.0
4999,25.1,74.0,746.0
5000,24.8,76.0,600.0
5001,22.6,64.0,400.0
5002,19.2,70.0,200.0
5003,15.8,79.0,54.0
5004,15.2,71.0,0.0
5005,14.2,80.0,54.0
5006,12.5,65.0,200.0
5007,12.2,77.0,400.0
5008,12.1,69.0,600.0
5009,12.0,67.0,746.0
5010,11.9,72.0,800.0
5011,14.0,68.0,746.0
5012,17.3,68.0,600.0
5013,15.5,71.0,400.0
5014,19.6,59.0,200.0
5015,23.0,64.0,54.0
5016,21.9,72.0,0.0
5017,25.8,73.0,54.0
5018,27.3,70.0,200.0
5019,25.5,70.0,400.0
5020,28.0,70.0,600.0
5021,26.8,73.0,746.0
5022,26.3,61.0,800.0
5023,24.8,66.0,746.0
5024,24.8,68.0,600.0
5025,21.5,69.0,400.0
5026,19.0,58.0,200.0
5027,17.0,62.0,54.0
5028,15.2,68.0,0.0
5029,12.7,73.0,54.0
5030,12.0,66.0,200.0
5031,11.8,65.0,400.0
5032,11.8,71.0,600.0
5033,12.8,67.0,746.0
5034,12.6,73.0,800.0
5035,13.1,67.0,746.0
5036,14.2,63.0,600.0
5037,17.4,75.0,400.0
5038,19.1,74.0,200.0
5039,21.2,63.0,54.0
5040,23.5,70.0,0.0
5041,25.4,67.0,54.0
5042,26.5,71.0,200.0
5043,26.9,64.0,400.0
5044,26.6,72.0,600.0
5045,26.6,74.0,746.0
5046,27.3,63.0,800.0
5047,24.8,68.0,746.0
5048,22.2,74.0,600.0
5049,22.8,63.0,400.0
5050,18.7,65.0,200.0
5051,17.6,71.0,54.0
5052,16.1,67.0,0.0
5053,13.9,60.0,54.0
5054,10.1,66.0,200.0
5055,12.2,77.0,400.0
5056,12.8,78.0,600.0
5057,12.5,65.0,746.0
5058,10.3,63.0,800.0
5059,15.8,66.0,746.0
5060,14.0,77.0,600.0
5061,16.2,72.0,400.0
5062,20.1,75.0,200.0
5063,21.8,73.0,54.0
5064,23.4,61.0,0.0
5065,24.5,63.0,54.0
5066,27.7,64.0,200.0
5067,27.2,65.0,400.0
5068,26.0,65.0,600.0
5069,28.5,65.0,746.0
5070,26.8,71.0,800.0
5071,26.4,69.0,746.0
5072,24.3,74.0,600.0
5073,24.2,69.0,400.0
5074,19.4,64.0,200.0
5075,17.7,69.0,54.0
5076,16.4,60.0,0.0
5077,13.7,56.0,54.0
5078,13.5,71.0,200.0
5079,9.0,73.0,400.0
5080,11.5,68.0,600.0
5081,11.7,66.0,746.0
5082,12.4,61.0,800.0
5083,12.9,74.0,746.0
5084,16.3,70.0,600.0
5085,16.8,69.0,400.0
5086,19.6,68.0,200.0
5087,21.5,65.0,54.0
5088,24.0,62.0,0.0
5089,26.6,69.0,54.0
5090,26.7,65.0,200.0
5091,28.2,66.0,400.0
5092,27.8,76.0,600.0
5093,26.9,67.0,746.0
5094,26.5,55.0,800.0
5095,25.2,65.0,746.0
5096,24.4,63.0,600.0
5097,22.0,67.0,400.0
5098,19.1,60.0,200.0
5099,17.6,70.0,54.0
5100,14.3,66.0,0.0
5101,14.0,65.0,54.0
5102,12.9,68.0,200.0
5103,13.8,67.0,400.0
5104,13.0,67.0,600.0
5105,10.9,66.0,746.0
5106,12.9,67.0,800.0
5107,14.1,69.0,746.0
5108,15.3,69.0,600.0
5109,17.3,73.0,400.0
5110,19.2,65.0,200.0
5111,23.5,69.0,54.0
5112,23.1,80.0,0.0
5113,25.6,67.0,54.0
5114,24.0,67.0,200.0
5115,28.2,61.0,400.0
5116,28.9,64.0,600.0
5117,26.5,67.0,746.0
5118,26.3,70.0,800.0
5119,26.0,71.0,746.0
5120,23.9,69.0,600.0
5121,22.5,71.0,400.0
5122,19.7,62.0,200.0
5123,19.8,70.0,54.0
5124,15.3,67.0,0.0
5125,17.0,68.0,54.0
5126,14.2,66.0,200.0
5127,13.0,63.0,400.0
5128,10.8,61.0,600.0
5129,12.9,69.0,746.0
5130,13.4,70.0,800.0
5131,11.9,67.0,746.0
5132,14.3,67.0,600.0
5133,17.9,64.0,400.0
5134,19.5,70.0,200.0
5135,21.2,68.0,54.0
5136,24.8,65.0,0.0
5137,24.5,72.0,54.0
5138,26.2,70.0,200.0
5139,26.9,60.0,400.0
5140,28.4,67.0,600.0
5141,25.9,62.0,746.0
5142,26.4,68.0,800.0
5143,23.9,51.0,746.0
5144,23.7,68.0,600.0
5145,22.9,71.0,400.0
5146,20.8,67.0,200.0
5147,17.3,61.0,54.0
5148,16.6,77.0,0.0
5149,14.2,73.0,54.0
5150,14.4,64.0,200.0
5151,12.1,66.0,400.0
5152,8.9,57.0,600.0
5153,13.0,69.0,746.0
5154,12.4,60.0,800.0
5155,13.9,70.0,746.0
5156,16.1,72.0,600.0
5157,16.3,67.0,400.0
5158,19.8,62.0,200.0
5159,22.4,73.0,54.0
5160,24.1,67.0,0.0
5161,24.9,67.0,54.0
5162,27.8,62.0,200.0
5163,26.6,68.0,400.0
5164,27.3,66.0,600.0
5165,27.6,60.0,746.0
5166,27.3,74.0,800.0
5167,25.4,76.0,746.0
5168,25.4,72.0,600.0
5169,22.5,71.0,400.0
5170,20.3,76.0,200.0
5171,18.4,62.0,54.0
5172,16.9,62.0,0.0
5173,14.7,65.0,54.0
5174,11.4,68.0,200.0
5175,13.4,65.0,400.0
5176,12.1,62.0,600.0
5177,12.9,67.0,746.0
5178,12.6,66.0,800.0
5179,12.4,71.0,746.0
5180,13.6,67.0,600.0
5181,16.8,57.0,400.0
5182,20.4,69.0,200.0
5183,23.2,75.0,54.0
5184,24.2,67.0,0.0
5185,24.5,72.0,54.0
5186,26.1,64.0,200.0
5187,29.1,70.0,400.0
5188,26.8,63.0,600.0
5189,29.9,66.0,746.0
5190,29.0,66.0,800.0
5191,28.0,69.0,746.0
5192,24.6,63.0,600.0
5193,22.0,59.0,400.0
5194,20.6,69.0,200.0
5195,19.1,69.0,54.0
5196,15.6,67.0,0.0
5197,13.5,71.0,54.0
5198,13.0,66.0,200.0
5199,11.7,68.0,400.0
5200,13.4,65.0,600.0
5201,11.7,65.0,746.0
5202,13.2,68.0,800.0
5203,15.3,78.0,746.0
5204,17.2,70.0,600.0
5205,18.1,69.0,400.0
5206,20.3,70.0,200.0
5207,21.0,55.0,54.0
5208,25.0,68.0,0.0
5209,26.9,71.0,54.0
5210,25.1,67.0,200.0
5211,29.6,66.0,400.0
5212,27.5,62.0,600.0
5213,28.5,64.0,746.0
5214,27.3,62.0,800.0
5215,25.9,72.0,746.0
5216,24.1,74.0,600.0
5217,21.4,76.0,400.0
5218,20.9,62.0,200.0
5219,18.0,63.0,54.0
5220,15.1,63.0,0.0
5221,13.6,61.0,54.0
5222,12.1,61.0,200.0
5223,12.0,64.0,400.0
5224,12.7,71.0,600.0
5225,11.7,63.0,746.0
5226,14.2,72.0,800.0
5227,14.3,73.0,746.0
5228,15.8,68.0,600.0
5229,18.0,73.0,400.0
5230,21.4,60.0,200.0
5231,20.8,64.0,54.0
5232,25.7,67.0,0.0
5233,26.7,68.0,54.0
5234,27.1,74.0,200.0
5235,29.1,61.0,400.0
5236,27.9,64.0,600.0
5237,28.3,66.0,746.0
5238,26.7,64.0,800.0
5239,27.0,61.0,746.0
5240,23.7,64.0,600.0
5241,22.5,65.0,400.0
5242,21.2,74.0,200.0
5243,19.5,61.0,54.0
5244,15.6,70.0,0.0
5245,15.5,73.0,54.0
5246,12.5,64.0,200.0
5247,10.5,68.0,400.0
5248,11.6,69.0,600.0
5249,13.4,68.0,746.0
5250,13.3,67.0,800.0
5251,14.0,63.0,746.0
5252,16.2,70.0,600.0
5253,18.1,64.0,400.0
5254,20.8,66.0,200.0
5255,20.6,67.0,54.0
5256,24.1,70.0,0.0
5257,26.0,76.0,54.0
5258,25.8,62.0,200.0
5259,26.7,66.0,400.0
5260,28.0,59.0,600.0
5261,28.1,74.0,746.0
5262,27.4,66.0,800.0
5263,25.6,65.0,746.0
5264,23.9,66.0,600.0
5265,22.2,67.0,400.0
5266,20.9,62.0,200.0
5267,19.7,72.0,54.0
5268,14.3,69.0,0.0
5269,15.5,70.0,54.0
5270,13.5,63.0,200.0
5271,13.3,62.0,400.0
5272,13.6,65.0,600.0
5273,11.9,70.0,746.0
5274,14.3,69.0,800.0
5275,13.4,62.0,746.0
5276,16.4,69.0,600.0
5277,17.9,61.0,400.0
5278,20.3,63.0,200.0
5279,21.3,67.0,54.0
5280,24.7,60.0,0.0
5281,27.5,61.0,54.0
5282,26.3,74.0,200.0
5283,28.3,73.0,400.0
5284,29.3,77.0,600.0
5285,27.9,68.0,746.0
5286,28.8,69.0,800.0
5287,25.8,65.0,746.0
5288,24.5,64.0,600.0
5289,21.7,70.0,400.0
5290,20.8,73.0,200.0
5291,18.6,70.0,54.0
5292,17.3,62.0,0.0
5293,14.3,68.0,54.0
5294,13.0,62.0,200.0
5295,13.3,64.0,400.0
5296,13.9,74.0,600.0
5297,13.4,60.0,746.0
5298,15.3,77.0,800.0
5299,15.3,69.0,746.0
5300,16.9,63.0,600.0
5301,18.9,66.0,400.0
5302,21.8,62.0,200.0
5303,23.6,63.0,54.0
5304,23.3,66.0,0.0
5305,26.9,64.0,54.0
5306,27.6,61.0,200.0
5307,28.0,65.0,400.0
5308,26.8,59.0,600.0
5309,26.8,59.0,746.0
5310,27.2,59.0,800.0
5311,24.9,74.0,746.0
5312,24.4,68.0,600.0
5313,23.5,69.0,400.0
5314,20.2,66.0,200.0
5315,18.8,68.0,54.0
5316,15.7,72.0,0.0
5317,15.4,68.0,54.0
5318,14.3,74.0,200.0
5319,11.5,65.0,400.0
5320,11.8,69.0,600.0
5321,11.5,69.0,746.0
5322,14.1,61.0,800.0
5323,15.0,66.0,746.0
5324,16.4,56.0,600.0
5325,18.2,65.0,400.0
5326,20.7,64.0,200.0
5327,22.8,64.0,54.0
5328,24.0,64.0,0.0
5329,25.5,68.0,54.0
5330,27.4,61.0,200.0
5331,28.1,75.0,400.0
5332,30.7,68.0,600.0
5333,28.0,62.0,746.0
5334,27.9,69.0,800.0
5335,26.9,70.0,746.0
5336,26.2,67.0,600.0
5337,22.1,60.0,400.0
5338,22.2,77.0,200.0
5339,18.6,69.0,54.0
5340,19.3,59.0,0.0
5341,15.5,67.0,54.0
5342,12.6,64.0,200.0
5343,12.8,65.0,400.0
5344,14.0,59.0,600.0
5345,13.0,66.0,746.0
5346,13.6,61.0,800.0
5347,15.6,64.0,746.0
5348,16.2,67.0,600.0
5349,18.2,63.0,400.0
5350,19.6,64.0,200.0
5351,24.3,69.0,54.0
5352,23.3,61.0,0.0
5353,26.4,62.0,54.0
5354,28.0,59.0,200.0
5355,28.4,61.0,400.0
5356,27.5,66.0,600.0
5357,27.5,69.0,746.0
5358,28.3,61.0,800.0
5359,25.7,68.0,746.0
5360,22.8,66.0,600.0
5361,23.4,58.0,400.0
5362,20.1,66.0,200.0
5363,19.5,71.0,54.0
5364,16.7,56.0,0.0
5365,15.0,75.0,54.0
5366,14.0,62.0,200.0
5367,11.9,57.0,400.0
5368,11.9,66.0,600.0
5369,12.7,69.0,746.0
5370,12.6,64.0,800.0
5371,15.7,67.0,746.0
5372,16.3,76.0,600.0
5373,17.1,66.0,400.0
5374,20.0,80.0,200.0
5375,22.8,72.0,54.0
5376,24.2,65.0,0.0
5377,26.7,67.0,54.0
5378,28.2,64.0,200.0
5379,30.9,66.0,400.0
5380,29.9,68.0,600.0
5381,26.9,63.0,746.0
5382,27.5,58.0,800.0
5383,26.3,72.0,746.0
5384,25.6,70.0,600.0
5385,22.1,58.0,400.0
5386,20.5,66.0,200.0
5387,17.7,70.0,54.0
5388,16.4,70.0,0.0
5389,14.7,62.0,54.0
5390,13.7,70.0,200.0
5391,12.0,65.0,400.0
5392,13.8,67.0,600.0
5393,13.5,60.0,746.0
5394,12.4,44.0,800.0
5395,15.1,61.0,746.0
5396,15.1,68.0,600.0
5397,19.9,64.0,400.0
5398,22.3,68.0,200.0
5399,22.7,71.0,54.0
5400,23.8,63.0,0.0
5401,25.7,63.0,54.0
5402,27.3,54.0,200.0
5403,28.4,57.0,400.0
5404,30.2,58.0,600.0
5405,29.6,68.0,746.0
5406,28.9,63.0,800.0
5407,26.8,62.0,746.0
5408,23.9,62.0,600.0
5409,22.4,61.0,400.0
5410,21.1,70.0,200.0
5411,17.8,65.0,54.0
5412,17.4,70.0,0.0
5413,16.2,54.0,54.0
5414,14.6,68.0,200.0
5415,13.7,62.0,400.0
5416,11.1,63.0,600.0
5417,14.5,72.0,746.0
5418,12.3,63.0,800.0
5419,15.0,67.0,746.0
5420,17.4,60.0,600.0
5421,19.0,65.0,400.0
5422,19.5,57.0,200.0
5423,21.7,65.0,54.0
5424,25.1,67.0,0.0
5425,27.0,70.0,54.0
5426,26.7,61.0,200.0
5427,29.0,62.0,400.0
5428,27.4,62.0,600.0
5429,29.4,63.0,746.0
5430,27.1,60.0,800.0
5431,26.8,54.0,746.0
5432,25.0,60.0,600.0
5433,24.4,64.0,400.0
5434,21.4,64.0,200.0
5435,18.5,67.0,54.0
5436,17.5,69.0,0.0
5437,17.6,62.0,54.0
5438,14.9,57.0,200.0
5439,13.3,67.0,400.0
5440,12.2,65.0,600.0
5441,12.6,63.0,746.0
5442,14.7,71.0,800.0
5443,14.3,67.0,746.0
5444,16.8,65.0,600.0
5445,20.2,65.0,400.0
5446,21.0,69.0,200.0
5447,21.8,61.0,54.0
5448,27.0,60.0,0.0
5449,28.3,63.0,54.0
5450,28.4,59.0,200.0
5451,30.0,64.0,400.0
5452,28.8,65.0,600.0
5453,29.5,64.0,746.0
5454,27.6,63.0,800.0
5455,25.5,73.0,746.0
5456,27.8,69.0,600.0
5457,21.9,64.0,400.0
5458,21.5,65.0,200.0
5459,19.5,71.0,54.0
5460,17.7,62.0,0.0
5461,15.4,60.0,54.0
5462,14.2,66.0,200.0
5463,13.5,67.0,400.0
5464,13.6,67.0,600.0
5465,13.3,69.0,746.0
5466,14.0,61.0,800.0
5467,14.0,57.0,746.0
5468,18.9,62.0,600.0
5469,19.4,67.0,400.0
5470,21.1,60.0,200.0
5471,22.4,55.0,54.0
5472,23.9,65.0,0.0
5473,27.5,62.0,54.0
5474,27.8,56.0,200.0
5475,29.4,65.0,400.0
5476,27.8,62.0,600.0
5477,30.4,73.0,746.0
5478,29.0,65.0,800.0
5479,26.8,67.0,746.0
5480,25.7,64.0,600.0
5481,24.1,61.0,400.0
5482,20.0,62.0,200.0
5483,20.9,70.0,54.0
5484,17.8,68.0,0.0
5485,14.9,57.0,54.0
5486,13.2,58.0,200.0
5487,14.4,58.0,400.0
5488,13.4,70.0,600.0
5489,13.9,56.0,746.0
5490,14.2,68.0,800.0
5491,14.4,66.0,746.0
5492,17.5,65.0,600.0
5493,18.7,62.0,400.0
5494,20.9,70.0,200.0
5495,25.4,65.0,54.0
5496,25.9,57.0,0.0
5497,27.6,58.0,54.0
5498,30.7,56.0,200.0
5499,29.2,70.0,400.0
5500,29.3,71.0,600.0
5501,28.3,70.0,746.0
5502,27.7,63.0,800.0
5503,24.9,57.0,746.0
5504,26.1,59.0,600.0
5505,22.2,59.0,400.0
5506,22.3,64.0,200.0
5507,19.3,71.0,54.0
5508,17.5,71.0,0.0
5509,15.6,62.0,54.0
5510,15.8,53.0,200.0
5511,14.7,58.0,400.0
5512,13.2,70.0,600.0
5513,12.5,65.0,746.0
5514,15.1,62.0,800.0
5515,14.5,62.0,746.0
5516,15.5,60.0,600.0
5517,19.5,58.0,400.0
5518,22.3,74.0,200.0
5519,22.7,73.0,54.0
5520,25.5,60.0,0.0
5521,26.3,55.0,54.0
5522,28.8,65.0,200.0
5523,30.0,63.0,400.0
5524,29.0,67.0,600.0
5525,28.0,68.0,746.0
5526,26.8,58.0,800.0
5527,28.0,70.0,746.0
5528,24.3,62.0,600.0
5529,23.9,67.0,400.0
5530,22.2,63.0,200.0
5531,18.9,69.0,54.0
5532,17.3,52.0,0.0
5533,16.7,68.0,54.0
5534,13.6,60.0,200.0
5535,12.7,64.0,400.0
5536,13.0,70.0,600.0
5537,14.8,60.0,746.0
5538,15.9,59.0,800.0
5539,15.4,62.0,746.0
5540,16.4,62.0,600.0
5541,20.1,59.0,400.0
5542,19.4,64.0,200.0
5543,23.4,65.0,54.0
5544,25.1,66.0,0.0
5545,28.1,60.0,54.0
5546,29.5,59.0,200.0
5547,28.0,63.0,400.0
5548,29.5,63.0,600.0
5549,28.5,63.0,746.0
5550,28.0,60.0,800.0
5551,27.7,65.0,746.0
5552,25.1,59.0,600.0
5553,23.8,63.0,400.0
5554,22.5,62.0,200.0
5555,21.0,64.0,54.0
5556,17.8,70.0,0.0
5557,15.9,57.0,54.0
5558,13.4,52.0,200.0
5559,15.2,61.0,400.0
5560,13.8,58.0,600.0
5561,13.7,49.0,746.0
5562,14.4,72.0,800.0
5563,15.9,67.0,746.0
5564,18.0,67.0,600.0
5565,20.0,62.0,400.0
5566,22.8,66.0,200.0
5567,23.5,62.0,54.0
5568,26.9,68.0,0.0
5569,27.9,65.0,54.0
5570,28.1,64.0,200.0
5571,27.4,64.0,400.0
5572,29.5,71.0,600.0
5573,30.7,65.0,746.0
5574,27.6,59.0,800.0
5575,27.2,65.0,746.0
5576,25.7,66.0,600.0
5577,24.6,63.0,400.0
5578,21.2,63.0,200.0
5579,18.6,58.0,54.0
5580,18.1,64.0,0.0
5581,15.1,58.0,54.0
5582,12.7,62.0,200.0
5583,15.6,60.0,400.0
5584,14.3,69.0,600.0
5585,15.5,71.0,746.0
5586,15.3,58.0,800.0
5587,16.3,64.0,746.0
5588,17.6,62.0,600.0
5589,19.0,66.0,400.0
5590,21.7,64.0,200.0
5591,22.7,62.0,54.0
5592,24.2,64.0,0.0
5593,26.6,62.0,54.0
5594,29.5,71.0,200.0
5595,27.9,60.0,400.0
5596,28.2,65.0,600.0
5597,29.8,66.0,746.0
5598,28.0,66.0,800.0
5599,27.7,62.0,746.0
5600,26.6,70.0,600.0
5601,24.2,53.0,400.0
5602,21.0,58.0,200.0
5603,20.8,67.0,54.0
5604,18.4,59.0,0.0
5605,16.0,59.0,54.0
5606,14.6,61.0,200.0
5607,14.2,60.0,400.0
5608,13.1,67.0,600.0
5609,12.1,68.0,746.0
5610,15.2,64.0,800.0
5611,16.4,69.0,746.0
5612,15.0,56.0,600.0
5613,19.7,64.0,400.0
5614,23.0,70.0,200.0
5615,22.2,68.0,54.0
5616,25.2,71.0,0.0
5617,26.8,60.0,54.0
5618,30.0,68.0,200.0
5619,30.3,61.0,400.0
5620,28.6,66.0,600.0
5621,29.6,70.0,746.0
5622,30.8,59.0,800.0
5623,26.7,54.0,746.0
5624,25.6,73.0,600.0
5625,24.3,66.0,400.0
5626,21.1,63.0,200.0
5627,21.4,62.0,54.0
5628,17.2,53.0,0.0
5629,14.6,64.0,54.0
5630,14.1,61.0,200.0
5631,14.5,64.0,400.0
5632,12.7,63.0,600.0
5633,14.0,46.0,746.0
5634,15.1,66.0,800.0
5635,14.5,64.0,746.0
5636,16.8,65.0,600.0
5637,19.6,62.0,400.0
5638,22.0,63.0,200.0
5639,22.9,64.0,54.0
5640,25.5,65.0,0.0
5641,26.8,66.0,54.0
5642,29.1,65.0,200.0
5643,29.7,72.0,400.0
5644,29.2,60.0,600.0
5645,29.8,61.0,746.0
5646,28.1,72.0,800.0
5647,27.8,62.0,746.0
5648,26.2,68.0,600.0
5649,26.2,64.0,400.0
5650,21.4,62.0,200.0
5651,19.5,68.0,54.0
5652,17.1,66.0,0.0
5653,15.0,55.0,54.0
5654,14.3,64.0,200.0
5655,14.5,58.0,400.0
5656,14.3,69.0,600.0
5657,14.1,72.0,746.0
5658,14.2,72.0,800.0
5659,15.3,65.0,746.0
5660,16.5,61.0,600.0
5661,18.8,65.0,400.0
5662,20.1,58.0,200.0
5663,24.8,75.0,54.0
5664,27.3,69.0,0.0
5665,25.2,65.0,54.0
5666,28.7,68.0,200.0
5667,29.5,61.0,400.0
5668,29.8,57.0,600.0
5669,28.8,52.0,746.0
5670,29.6,63.0,800.0
5671,27.8,62.0,746.0
5672,26.8,66.0,600.0
5673,23.1,63.0,400.0
5674,20.4,65.0,200.0
5675,20.1,67.0,54.0
5676,16.8,56.0,0.0
5677,17.1,67.0,54.0
5678,12.6,61.0,200.0
5679,13.5,66.0,400.0
5680,13.0,68.0,600.0
5681,13.5,68.0,746.0
5682,14.9,64.0,800.0
5683,16.2,64.0,746.0
5684,18.1,67.0,600.0
5685,20.1,55.0,400.0
5686,21.3,58.0,200.0
5687,25.6,62.0,54.0
5688,26.8,56.0,0.0
5689,26.8,62.0,54.0
5690,28.3,61.0,200.0
5691,29.0,63.0,400.0
5692,30.0,63.0,600.0
5693,28.4,68.0,746.0
5694,27.9,66.0,800.0
5695,25.3,63.0,746.0
5696,25.4,61.0,600.0
5697,25.0,63.0,400.0
5698,21.7,63.0,200.0
5699,19.7,75.0,54.0
5700,18.1,56.0,0.0
5701,15.1,58.0,54.0
5702,14.8,57.0,200.0
5703,14.9,64.0,400.0
5704,14.0,64.0,600.0
5705,14.9,60.0,746.0
5706,15.9,67.0,800.0
5707,16.5,65.0,746.0
5708,16.8,67.0,600.0
5709,19.1,69.0,400.0
5710,23.4,52.0,200.0
5711,23.9,66.0,54.0
5712,25.7,56.0,0.0
5713,26.3,64.0,54.0
5714,28.4,62.0,200.0
5715,30.1,63.0,400.0
5716,29.7,57.0,600.0
5717,28.9,68.0,746.0
5718,28.4,56.0,800.0
5719,28.7,66.0,746.0
5720,26.5,56.0,600.0
5721,24.5,63.0,400.0
5722,22.3,72.0,200.0
5723,18.6,74.0,54.0
5724,18.1,55.0,0.0
5725,17.2,59.0,54.0
5726,14.6,60.0,200.0
5727,15.0,74.0,400.0
5728,14.2,62.0,600.0
5729,14.8,68.0,746.0
5730,14.7,64.0,800.0
5731,16.8,57.0,746.0
5732,16.1,53.0,600.0
5733,19.5,60.0,400.0
5734,22.2,74.0,200.0
5735,23.9,64.0,54.0
5736,26.6,68.0,0.0
5737,27.1,56.0,54.0
5738,28.0,61.0,200.0
5739,27.8,66.0,400.0
5740,29.4,57.0,600.0
5741,30.0,62.0,746.0
5742,29.5,58.0,800.0
5743,26.1,67.0,746.0
5744,27.1,65.0,600.0
5745,23.0,66.0,400.0
5746,21.8,67.0,200.0
5747,19.3,61.0,54.0
5748,18.3,68.0,0.0
5749,16.3,60.0,54.0
5750,15.6,66.0,200.0
5751,15.9,53.0,400.0
5752,14.1,59.0,600.0
5753,13.4,74.0,746.0
5754,15.2,66.0,800.0
5755,17.9,66.0,746.0
5756,18.2,58.0,600.0
5757,20.4,57.0,400.0
5758,20.0,61.0,200.0
5759,24.0,62.0,54.0
5760,25.3,72.0,0.0
5761,26.6,68.0,54.0
5762,28.6,63.0,200.0
5763,29.5,63.0,400.0
5764,29.1,66.0,600.0
5765,29.7,56.0,746.0
5766,28.6,53.0,800.0
5767,28.3,66.0,746.0
5768,26.2,63.0,600.0
5769,24.4,56.0,400.0
5770,22.9,52.0,200.0
5771,20.4,67.0,54.0
5772,17.9,60.0,0.0
5773,14.2,64.0,54.0
5774,15.5,61.0,200.0
5775,13.2,62.0,400.0
5776,13.7,59.0,600.0
5777,14.4,62.0,746.0
5778,16.1,65.0,800.0
5779,17.8,61.0,746.0
5780,16.7,61.0,600.0
5781,18.2,65.0,400.0
5782,21.9,66.0,200.0
5783,23.9,57.0,54.0
5784,24.4,62.0,0.0
5785,27.3,60.0,54.0
5786,29.2,62.0,200.0
5787,28.2,69.0,400.0
5788,28.8,64.0,600.0
5789,28.9,73.0,746.0
5790,28.6,63.0,800.0
5791,28.3,61.0,746.0
5792,25.6,62.0,600.0
5793,24.1,63.0,400.0
5794,24.2,64.0,200.0
5795,19.0,57.0,54.0
5796,17.3,61.0,0.0
5797,17.0,59.0,54.0
5798,16.0,67.0,200.0
5799,14.5,53.0,400.0
5800,15.6,63.0,600.0
5801,14.4,55.0,746.0
5802,12.8,64.0,800.0
5803,16.1,60.0,746.0
5804,17.1,53.0,600.0
5805,21.0,67.0,400.0
5806,22.6,50.0,200.0
5807,22.1,62.0,54.0
5808,27.0,66.0,0.0
5809,28.3,69.0,54.0
5810,28.3,54.0,200.0
5811,29.4,60.0,400.0
5812,31.2,68.0,600.0
5813,27.6,68.0,746.0
5814,29.3,69.0,800.0
5815,28.7,75.0,746.0
5816,25.9,60.0,600.0
5817,24.7,64.0,400.0
5818,22.1,60.0,200.0
5819,19.2,52.0,54.0
5820,17.2,62.0,0.0
5821,17.0,52.0,54.0
5822,14.4,60.0,200.0
5823,12.6,55.0,400.0
5824,14.0,64.0,600.0
5825,13.6,58.0,746.0
5826,13.6,53.0,800.0
5827,16.1,66.0,746.0
5828,18.5,59.0,600.0
5829,19.6,60.0,400.0
5830,20.6,57.0,200.0
5831,24.2,68.0,54.0
5832,26.7,63.0,0.0
5833,29.6,59.0,54.0
5834,30.1,52.0,200.0
5835,28.5,75.0,400.0
5836,30.7,72.0,600.0
5837,29.9,69.0,746.0
5838,27.7,59.0,800.0
5839,27.9,60.0,746.0
5840,27.9,64.0,600.0
5841,25.3,58.0,400.0
5842,21.0,57.0,200.0
5843,20.0,69.0,54.0
5844,18.5,62.0,0.0
5845,14.6,56.0,54.0
5846,13.3,67.0,200.0
5847,14.4,59.0,400.0
5848,14.0,52.0,600.0
5849,12.3,56.0,746.0
5850,15.2,59.0,800.0
5851,17.2,63.0,746.0
5852,17.5,63.0,600.0
5853,19.7,68.0,400.0
5854,22.3,61.0,200.0
5855,24.2,60.0,54.0
5856,24.0,68.0,0.0
5857,26.5,67.0,54.0
5858,28.3,61.0,200.0
5859,28.7,63.0,400.0
5860,31.4,60.0,600.0
5861,30.3,56.0,746.0
5862,27.8,73.0,800.0
5863,27.5,59.0,746.0
5864,27.2,63.0,600.0
5865,23.5,54.0,400.0
5866,22.9,66.0,200.0
5867,21.4,56.0,54.0
5868,19.3,70.0,0.0
5869,16.6,71.0,54.0
5870,16.3,65.0,200.0
5871,13.7,62.0,400.0
5872,16.4,61.0,600.0
5873,14.4,62.0,746.0
5874,16.0,64.0,800.0
5875,15.8,62.0,746.0
5876,18.2,67.0,600.0
5877,20.2,57.0,400.0
5878,20.8,69.0,200.0
5879,22.8,60.0,54.0
5880,25.5,58.0,0.0
5881,28.5,64.0,54.0
5882,26.9,64.0,200.0
5883,29.2,53.0,400.0
5884,31.2,59.0,600.0
5885,28.5,51.0,746.0
5886,30.2,58.0,800.0
5887,26.6,59.0,746.0
5888,25.2,63.0,600.0
5889,24.0,58.0,400.0
5890,24.0,59.0,200.0
5891,19.4,68.0,54.0
5892,16.3,72.0,0.0
5893,15.0,57.0,54.0
5894,16.0,67.0,200.0
5895,12.9,64.0,400.0
5896,15.1,53.0,600.0
5897,14.2,58.0,746.0
5898,14.9,47.0,800.0
5899,16.4,63.0,746.0
5900,17.0,56.0,600.0
5901,19.8,62.0,400.0
5902,20.5,75.0,200.0
5903,25.2,70.0,54.0
5904,24.7,58.0,0.0
5905,27.9,57.0,54.0
5906,27.7,68.0,200.0
5907,29.1,57.0,400.0
5908,29.6,67.0,600.0
5909,32.7,75.0,746.0
5910,28.9,65.0,800.0
5911,26.9,68.0,746.0
5912,25.7,67.0,600.0
5913,22.7,59.0,400.0
5914,22.0,63.0,200.0
5915,21.9,57.0,54.0
5916,18.4,68.0,0.0
5917,17.3,56.0,54.0
5918,14.2,65.0,200.0
5919,14.1,67.0,400.0
5920,14.1,59.0,600.0
5921,13.4,58.0,746.0
5922,15.3,61.0,800.0
5923,16.8,57.0,746.0
5924,18.3,62.0,600.0
5925,19.5,57.0,400.0
5926,22.8,57.0,200.0
5927,23.6,64.0,54.0
5928,25.4,65.0,0.0
5929,28.9,60.0,54.0
5930,27.7,53.0,200.0
5931,27.9,67.0,400.0
5932,29.1,59.0,600.0
5933,30.1,72.0,746.0
5934,30.3,61.0,800.0
5935,27.1,62.0,746.0
5936,27.9,59.0,600.0
5937,24.2,63.0,400.0
5938,22.0,79.0,200.0
5939,19.2,60.0,54.0
5940,20.1,68.0,0.0
5941,16.3,62.0,54.0
5942,13.8,67.0,200.0
5943,16.7,52.0,400.0
5944,14.4,71.0,600.0
5945,15.0,63.0,746.0
5946,16.6,60.0,800.0
5947,16.8,66.0,746.0
5948,18.8,62.0,600.0
5949,19.8,56.0,400.0
5950,22.5,49.0,200.0
5951,23.8,71.0,54.0
5952,25.8,60.0,0.0
5953,27.6,58.0,54.0
5954,28.4,59.0,200.0
5955,30.1,69.0,400.0
5956,30.5,59.0,600.0
5957,30.6,65.0,746.0
5958,29.6,60.0,800.0
5959,29.8,55.0,746.0
5960,27.2,66.0,600.0
5961,24.0,67.0,400.0
5962,22.6,58.0,200.0
5963,21.5,61.0,54.0
5964,17.2,62.0,0.0
5965,18.5,64.0,54.0
5966,14.4,71.0,200.0
5967,15.2,60.0,400.0
5968,14.0,60.0,600.0
5969,14.1,60.0,746.0
5970,13.7,57.0,800.0
5971,17.1,53.0,746.0
5972,16.5,62.0,600.0
5973,18.3,64.0,400.0
5974,22.9,61.0,200.0
5975,25.7,61.0,54.0
5976,25.1,57.0,0.0
5977,28.5,63.0,54.0
5978,29.6,62.0,200.0
5979,29.6,64.0,400.0
5980,31.3,63.0,600.0
5981,29.6,63.0,746.0
5982,29.5,68.0,800.0
5983,26.5,64.0,746.0
5984,24.9,64.0,600.0
5985,25.4,53.0,400.0
5986,22.7,67.0,200.0
5987,20.0,60.0,54.0
5988,20.1,62.0,0.0
5989,18.4,55.0,54.0
5990,15.6,72.0,200.0
5991,12.9,49.0,400.0
5992,13.9,69.0,600.0
5993,13.4,63.0,746.0
5994,15.1,52.0,800.0
5995,15.3,71.0,746.0
5996,16.6,64.0,600.0
5997,17.5,49.0,400.0
5998,22.0,59.0,200.0
5999,21.6,64.0,54.0
6000,25.5,70.0,0.0
6001,28.2,59.0,54.0
6002,28.1,48.0,200.0
6003,28.6,69.0,400.0
6004,29.9,64.0,600.0
6005,28.9,50.0,746.0
6006,29.2,63.0,800.0
6007,26.7,63.0,746.0
6008,26.0,60.0,600.0
6009,23.9,57.0,400.0
6010,22.2,58.0,200.0
6011,21.7,60.0,54.0
6012,18.4,63.0,0.0
6013,17.0,65.0,54.0
6014,14.5,50.0,200.0
6015,14.5,62.0,400.0
6016,13.7,64.0,600.0
6017,14.2,62.0,746.0
6018,15.6,59.0,800.0
6019,15.7,68.0,746.0
6020,17.4,68.0,600.0
6021,19.3,59.0,400.0
6022,21.3,61.0,200.0
6023,24.1,65.0,54.0
6024,25.5,68.0,0.0
6025,29.0,57.0,54.0
6026,31.5,56.0,200.0
6027,29.1,62.0,400.0
6028,30.3,56.0,600.0
6029,30.8,51.0,746.0
6030,28.8,57.0,800.0
6031,26.8,63.0,746.0
6032,27.9,69.0,600.0
6033,24.9,58.0,400.0
6034,22.5,60.0,200.0
6035,21.6,62.0,54.0
6036,18.9,58.0,0.0
6037,16.4,57.0,54.0
6038,14.2,63.0,200.0
6039,13.8,55.0,400.0
6040,15.2,57.0,600.0
6041,14.9,60.0,746.0
6042,14.8,63.0,800.0
6043,18.0,53.0,746.0
6044,17.7,60.0,600.0
6045,20.7,55.0,400.0
6046,22.0,58.0,200.0
6047,25.8,65.0,54.0
6048,26.6,61.0,0.0
6049,27.6,69.0,54.0
6050,28.7,61.0,200.0
6051,29.7,66.0,400.0
6052,29.3,65.0,600.0
6053,28.4,61.0,746.0
6054,29.3,54.0,800.0
6055,27.3,60.0,746.0
6056,25.6,58.0,600.0
6057,24.2,58.0,400.0
6058,22.2,62.0,200.0
6059,20.1,54.0,54.0
6060,19.9,57.0,0.0
6061,17.1,56.0,54.0
6062,17.3,60.0,200.0
6063,13.9,57.0,400.0
6064,14.8,57.0,600.0
6065,13.8,62.0,746.0
6066,14.4,59.0,800.0
6067,18.4,61.0,746.0
6068,17.1,55.0,600.0
6069,17.5,57.0,400.0
6070,21.1,71.0,200.0
6071,21.9,57.0,54.0
6072,24.9,50.0,0.0
6073,26.7,63.0,54.0
6074,28.9,57.0,200.0
6075,27.6,62.0,400.0
6076,31.2,60.0,600.0
6077,27.9,64.0,746.0
6078,28.9,60.0,800.0
6079,27.5,60.0,746.0
6080,27.0,67.0,600.0
6081,24.6,50.0,400.0
6082,23.4,54.0,200.0
6083,19.8,57.0,54.0
6084,17.7,52.0,0.0
6085,16.9,59.0,54.0
6086,16.2,58.0,200.0
6087,15.1,66.0,400.0
6088,14.3,60.0,600.0
6089,14.5,60.0,746.0
6090,14.9,59.0,800.0
6091,16.6,56.0,746.0
6092,19.9,65.0,600.0
6093,19.5,67.0,400.0
6094,21.4,55.0,200.0
6095,23.4,69.0,54.0
6096,26.2,58.0,0.0
6097,25.4,57.0,54.0
6098,28.7,63.0,200.0
6099,30.6,64.0,400.0
6100,29.5,60.0,600.0
6101,30.0,59.0,746.0
6102,31.1,67.0,800.0
6103,28.1,58.0,746.0
6104,23.9,60.0,600.0
6105,22.8,69.0,400.0
6106,21.9,54.0,200.0
6107,19.3,59.0,54.0
6108,18.3,66.0,0.0
6109,16.2,63.0,54.0
6110,16.3,65.0,200.0
6111,13.2,54.0,400.0
6112,13.8,62.0,600.0
6113,14.4,59.0,746.0
6114,15.3,72.0,800.0
6115,16.4,65.0,746.0
6116,15.4,61.0,600.0
6117,19.8,62.0,400.0
6118,21.7,61.0,200.0
6119,24.7,64.0,54.0
6120,26.6,56.0,0.0
6121,27.8,68.0,54.0
6122,29.1,54.0,200.0
6123,31.0,62.0,400.0
6124,31.1,57.0,600.0
6125,30.0,61.0,746.0
6126,31.2,66.0,800.0
6127,27.2,52.0,746.0
6128,25.0,60.0,600.0
6129,24.2,54.0,400.0
6130,21.8,59.0,200.0
6131,17.6,54.0,54.0
6132,17.5,62.0,0.0
6133,16.8,59.0,54.0
6134,15.1,64.0,200.0
6135,13.5,67.0,400.0
6136,14.0,61.0,600.0
6137,14.3,65.0,746.0
6138,15.7,68.0,800.0
6139,15.6,56.0,746.0
6140,18.7,68.0,600.0
6141,18.6,61.0,400.0
6142,21.3,56.0,200.0
6143,25.6,62.0,54.0
6144,24.8,60.0,0.0
6145,26.8,54.0,54.0
6146,27.6,55.0,200.0
6147,28.8,69.0,400.0
6148,30.1,62.0,600.0
6149,30.5,68.0,746.0
6150,29.0,59.0,800.0
6151,27.4,57.0,746.0
6152,24.9,52.0,600.0
6153,23.5,66.0,400.0
6154,20.6,63.0,200.0
6155,20.8,59.0,54.0
6156,19.0,57.0,0.0
6157,16.4,66.0,54.0
6158,15.6,60.0,200.0
6159,15.2,60.0,400.0
6160,14.1,58.0,600.0
6161,15.6,59.0,746.0
6162,13.9,63.0,800.0
6163,15.8,54.0,746.0
6164,17.3,61.0,600.0
6165,20.4,65.0,400.0
6166,20.4,60.0,200.0
6167,25.3,66.0,54.0
6168,26.4,67.0,0.0
6169,29.2,65.0,54.0
6170,28.8,58.0,200.0
6171,29.1,60.0,400.0
6172,30.6,62.0,600.0
6173,30.8,58.0,746.0
6174,28.3,58.0,800.0
6175,25.8,58.0,746.0
6176,24.3,73.0,600.0
6177,24.5,59.0,400.0
6178,23.7,66.0,200.0
6179,18.8,56.0,54.0
6180,17.9,69.0,0.0
6181,16.1,59.0,54.0
6182,17.1,61.0,200.0
6183,16.5,51.0,400.0
6184,14.4,66.0,600.0
6185,15.1,67.0,746.0
6186,15.8,55.0,800.0
6187,14.9,66.0,746.0
6188,18.5,54.0,600.0
6189,18.7,64.0,400.0
6190,21.6,59.0,200.0
6191,25.0,67.0,54.0
6192,25.9,62.0,0.0
6193,28.6,65.0,54.0
6194,30.1,67.0,200.0
6195,27.9,59.0,400.0
6196,27.8,60.0,600.0
6197,30.9,55.0,746.0
6198,30.2,59.0,800.0
6199,28.0,70.0,746.0
6200,26.5,64.0,600.0
6201,25.1,55.0,400.0
6202,23.0,69.0,200.0
6203,19.8,62.0,54.0
6204,19.1,65.0,0.0
6205,16.1,63.0,54.0
6206,15.4,63.0,200.0
6207,14.5,51.0,400.0
6208,13.1,66.0,600.0
6209,13.4,49.0,746.0
6210,17.2,66.0,800.0
6211,15.3,61.0,746.0
6212,18.2,65.0,600.0
6213,20.3,61.0,400.0
6214,21.7,66.0,200.0
6215,24.5,61.0,54.0
6216,26.1,62.0,0.0
6217,26.6,63.0,54.0
6218,29.3,70.0,200.0
6219,29.1,63.0,400.0
6220,31.7,54.0,600.0
6221,30.1,58.0,746.0
6222,28.3,63.0,800.0
6223,28.1,67.0,746.0
6224,25.2,57.0,600.0
6225,24.4,72.0,400.0
6226,21.9,61.0,200.0
6227,19.2,63.0,54.0
6228,17.3,54.0,0.0
6229,18.8,66.0,54.0
6230,15.2,58.0,200.0
6231,13.8,57.0,400.0
6232,13.3,59.0,600.0
6233,14.6,67.0,746.0
6234,14.3,63.0,800.0
6235,15.0,56.0,746.0
6236,17.7,58.0,600.0
6237,19.6,67.0,400.0
6238,21.3,59.0,200.0
6239,22.9,63.0,54.0
6240,25.4,64.0,0.0
6241,27.0,43.0,54.0
6242,28.1,67.0,200.0
6243,29.9,56.0,400.0
6244,32.1,59.0,600.0
6245,31.0,68.0,746.0
6246,30.9,68.0,800.0
6247,27.1,63.0,746.0
6248,27.8,64.0,600.0
6249,24.4,65.0,400.0
6250,23.1,68.0,200.0
6251,20.5,68.0,54.0
6252,17.7,61.0,0.0
6253,17.1,57.0,54.0
6254,15.6,59.0,200.0
6255,12.5,61.0,400.0
6256,13.8,60.0,600.0
6257,15.0,55.0,746.0
6258,15.2,63.0,800.0
6259,16.6,53.0,746.0
6260,17.0,61.0,600.0
6261,19.9,61.0,400.0
6262,21.6,61.0,200.0
6263,23.6,65.0,54.0
6264,25.1,64.0,0.0
6265,28.3,71.0,54.0
6266,29.1,58.0,200.0
6267,29.8,62.0,400.0
6268,31.9,61.0,600.0
6269,30.1,61.0,746.0
6270,30.1,54.0,800.0
6271,28.0,54.0,746.0
6272,25.7,60.0,600.0
6273,23.1,52.0,400.0
6274,22.3,59.0,200.0
6275,17.3,57.0,54.0
6276,18.3,59.0,0.0
6277,16.7,66.0,54.0
6278,14.8,55.0,200.0
6279,14.1,65.0,400.0
6280,12.6,57.0,600.0
6281,15.5,58.0,746.0
6282,14.5,63.0,800.0
6283,15.1,59.0,746.0
6284,18.3,56.0,600.0
6285,19.7,58.0,400.0
6286,21.3,51.0,200.0
6287,23.3,62.0,54.0
6288,25.7,45.0,0.0
6289,28.7,65.0,54.0
6290,29.2,63.0,200.0
6291,29.5,68.0,400.0
6292,30.7,71.0,600.0
6293,29.7,65.0,746.0
6294,29.3,57.0,800.0
6295,27.8,71.0,746.0
6296,26.6,54.0,600.0
6297,23.7,51.0,400.0
6298,20.9,70.0,200.0
6299,20.9,63.0,54.0
6300,19.5,51.0,0.0
6301,15.2,54.0,54.0
6302,15.2,63.0,200.0
6303,13.7,56.0,400.0
6304,14.7,57.0,600.0
6305,14.3,70.0,746.0
6306,18.2,71.0,800.0
6307,15.8,61.0,746.0
6308,19.2,60.0,600.0
6309,21.2,65.0,400.0
6310,22.2,57.0,200.0
6311,23.8,49.0,54.0
6312,25.8,46.0,0.0
6313,27.4,60.0,54.0
6314,29.8,65.0,200.0
6315,28.7,60.0,400.0
6316,29.7,64.0,600.0
6317,29.3,65.0,746.0
6318,27.1,67.0,800.0
6319,28.5,61.0,746.0
6320,27.1,62.0,600.0
6321,23.5,60.0,400.0
6322,23.1,59.0,200.0
6323,18.4,52.0,54.0
6324,18.0,66.0,0.0
6325,16.2,58.0,54.0
6326,15.1,58.0,200.0
6327,14.2,58.0,400.0
6328,13.8,54.0,600.0
6329,13.7,60.0,746.0
6330,14.7,63.0,800.0
6331,17.4,57.0,746.0
6332,17.1,65.0,600.0
6333,21.8,58.0,400.0
6334,21.0,53.0,200.0
6335,23.9,67.0,54.0
6336,26.2,61.0,0.0
6337,27.0,65.0,54.0
6338,30.0,65.0,200.0
6339,30.0,55.0,400.0
6340,29.6,58.0,600.0
6341,31.0,65.0,746.0
6342,27.8,69.0,800.0
6343,27.0,61.0,746.0
6344,26.5,57.0,600.0
6345,24.9,69.0,400.0
6346,22.3,57.0,200.0
6347,19.8,62.0,54.0
6348,17.7,58.0,0.0
6349,17.4,62.0,54.0
6350,15.2,55.0,200.0
6351,13.2,58.0,400.0
6352,12.9,57.0,600.0
6353,15.5,63.0,746.0
6354,14.1,61.0,800.0
6355,16.3,65.0,746.0
6356,19.0,56.0,600.0
6357,20.1,59.0,400.0
6358,20.8,63.0,200.0
6359,22.7,64.0,54.0
6360,27.5,53.0,0.0
6361,26.3,62.0,54.0
6362,28.1,56.0,200.0
6363,29.8,65.0,400.0
6364,29.6,69.0,600.0
6365,30.1,47.0,746.0
6366,27.3,57.0,800.0
6367,27.4,61.0,746.0
6368,26.6,60.0,600.0
6369,24.7,65.0,400.0
6370,21.4,61.0,200.0
6371,18.9,58.0,54.0
6372,18.1,55.0,0.0
6373,14.9,54.0,54.0
6374,16.2,56.0,200.0
6375,14.2,57.0,400.0
6376,13.1,62.0,600.0
6377,12.9,59.0,746.0
6378,14.1,57.0,800.0
6379,14.4,55.0,746.0
6380,18.1,57.0,600.0
6381,18.7,57.0,400.0
6382,22.0,56.0,200.0
6383,24.2,64.0,54.0
6384,26.5,67.0,0.0
6385,27.5,54.0,54.0
6386,29.7,66.0,200.0
6387,30.8,64.0,400.0
6388,30.0,61.0,600.0
6389,29.8,68.0,746.0
6390,28.2,59.0,800.0
6391,26.5,62.0,746.0
6392,27.2,61.0,600.0
6393,24.6,60.0,400.0
6394,22.6,62.0,200.0
6395,19.3,60.0,54.0
6396,19.5,62.0,0.0
6397,16.0,57.0,54.0
6398,14.1,57.0,200.0
6399,13.5,57.0,400.0
6400,15.3,58.0,600.0
6401,12.8,65.0,746.0
6402,13.9,58.0,800.0
6403,18.8,63.0,746.0
6404,18.5,61.0,600.0
6405,18.7,58.0,400.0
6406,20.4,67.0,200.0
6407,21.9,64.0,54.0
6408,25.6,60.0,0.0
6409,28.0,60.0,54.0
6410,30.1,61.0,200.0
6411,27.5,52.0,400.0
6412,28.4,56.0,600.0
6413,29.4,62.0,746.0
6414,31.5,52.0,800.0
6415,28.4,56.0,746.0
6416,26.2,58.0,600.0
6417,22.7,75.0,400.0
6418,19.8,63.0,200.0
6419,19.8,66.0,54.0
6420,17.8,56.0,0.0
6421,15.9,62.0,54.0
6422,14.5,51.0,200.0
6423,13.3,58.0,400.0
6424,12.7,63.0,600.0
6425,15.3,53.0,746.0
6426,13.8,62.0,800.0
6427,15.6,62.0,746.0
6428,17.5,57.0,600.0
6429,20.1,56.0,400.0
6430,20.6,56.0,200.0
6431,24.5,58.0,54.0
6432,24.9,58.0,0.0
6433,27.0,63.0,54.0
6434,30.1,57.0,200.0
6435,28.4,68.0,400.0
6436,30.4,68.0,600.0
6437,30.4,61.0,746.0
6438,29.0,58.0,800.0
6439,27.3,57.0,746.0
6440,27.9,62.0,600.0
6441,23.9,63.0,400.0
6442,22.0,59.0,200.0
6443,19.4,58.0,54.0
6444,18.0,62.0,0.0
6445,17.1,60.0,54.0
6446,14.5,57.0,200.0
6447,11.9,61.0,400.0
6448,14.2,57.0,600.0
6449,12.8,56.0,746.0
6450,15.4,60.0,800.0
6451,15.8,57.0,746.0
6452,18.4,56.0,600.0
6453,18.4,65.0,400.0
6454,20.9,58.0,200.0
6455,23.2,69.0,54.0
6456,24.0,63.0,0.0
6457,28.3,56.0,54.0
6458,26.8,66.0,200.0
6459,30.4,56.0,400.0
6460,30.0,70.0,600.0
6461,29.2,61.0,746.0
6462,29.0,63.0,800.0
6463,27.7,60.0,746.0
6464,25.4,61.0,600.0
6465,24.2,59.0,400.0
6466,22.5,55.0,200.0
6467,18.8,62.0,54.0
6468,18.1,65.0,0.0
6469,13.4,54.0,54.0
6470,12.8,68.0,200.0
6471,14.5,63.0,400.0
6472,13.2,58.0,600.0
6473,13.0,58.0,746.0
6474,14.5,69.0,800.0
6475,15.4,65.0,746.0
6476,16.4,66.0,600.0
6477,17.7,59.0,400.0
6478,19.4,63.0,200.0
6479,24.2,62.0,54.0
6480,25.0,59.0,0.0
6481,28.1,61.0,54.0
6482,28.0,66.0,200.0
6483,29.6,68.0,400.0
6484,29.4,59.0,600.0
6485,29.4,53.0,746.0
6486,28.7,68.0,800.0
6487,26.9,68.0,746.0
6488,24.5,62.0,600.0
6489,24.6,69.0,400.0
6490,23.3,62.0,200.0
6491,21.3,55.0,54.0
6492,17.2,53.0,0.0
6493,15.3,53.0,54.0
6494,14.2,60.0,200.0
6495,13.7,58.0,400.0
6496,13.5,57.0,600.0
6497,12.8,59.0,746.0
6498,13.0,64.0,800.0
6499,15.8,57.0,746.0
6500,13.8,56.0,600.0
6501,19.2,58.0,400.0
6502,20.4,65.0,200.0
6503,24.2,60.0,54.0
6504,26.4,61.0,0.0
6505,28.1,68.0,54.0
6506,28.0,74.0,200.0
6507,28.1,63.0,400.0
6508,28.7,63.0,600.0
6509,29.6,54.0,746.0
6510,26.9,62.0,800.0
6511,28.7,60.0,746.0
6512,25.3,64.0,600.0
6513,24.3,58.0,400.0
6514,19.9,61.0,200.0
6515,18.7,63.0,54.0
6516,15.8,70.0,0.0
6517,17.0,68.0,54.0
6518,14.5,66.0,200.0
6519,14.4,64.0,400.0
6520,13.5,58.0,600.0
6521,14.2,64.0,746.0
6522,14.1,56.0,800.0
6523,15.5,59.0,746.0
6524,17.2,69.0,600.0
6525,19.6,63.0,400.0
6526,21.7,61.0,200.0
6527,26.2,62.0,54.0
6528,27.0,60.0,0.0
6529,25.2,49.0,54.0
6530,28.2,54.0,200.0
6531,28.7,63.0,400.0
6532,30.7,55.0,600.0
6533,28.9,59.0,746.0
6534,28.9,54.0,800.0
6535,24.9,56.0,746.0
6536,24.1,60.0,600.0
6537,25.8,65.0,400.0
6538,21.7,66.0,200.0
6539,18.6,56.0,54.0
6540,17.8,62.0,0.0
6541,14.9,53.0,54.0
6542,14.3,60.0,200.0
6543,12.3,65.0,400.0
6544,12.6,60.0,600.0
6545,13.2,67.0,746.0
6546,15.5,64.0,800.0
6547,16.1,61.0,746.0
6548,17.9,59.0,600.0
6549,19.1,57.0,400.0
6550,22.0,53.0,200.0
6551,22.4,54.0,54.0
6552,24.5,65.0,0.0
6553,27.3,68.0,54.0
6554,28.0,55.0,200.0
6555,29.1,60.0,400.0
6556,29.2,52.0,600.0
6557,30.4,55.0,746.0
6558,29.7,61.0,800.0
6559,26.6,57.0,746.0
6560,23.8,50.0,600.0
6561,22.9,69.0,400.0
6562,20.7,60.0,200.0
6563,20.3,54.0,54.0
6564,18.5,61.0,0.0
6565,14.8,60.0,54.0
6566,13.8,62.0,200.0
6567,12.2,58.0,400.0
6568,13.5,62.0,600.0
6569,13.5,65.0,746.0
6570,15.1,53.0,800.0
6571,16.1,57.0,746.0
6572,17.8,64.0,600.0
6573,17.6,57.0,400.0
6574,20.5,60.0,200.0
6575,24.2,58.0,54.0
6576,24.6,58.0,0.0
6577,25.2,58.0,54.0
6578,29.0,54.0,200.0
6579,28.4,62.0,400.0
6580,30.4,65.0,600.0
6581,29.1,59.0,746.0
6582,28.1,65.0,800.0
6583,28.5,58.0,746.0
6584,24.2,57.0,600.0
6585,25.0,62.0,400.0
6586,20.9,62.0,200.0
6587,19.6,59.0,54.0
6588,17.7,63.0,0.0
6589,15.4,54.0,54.0
6590,13.7,58.0,200.0
6591,13.3,65.0,400.0
6592,12.3,65.0,600.0
6593,15.5,64.0,746.0
6594,13.8,65.0,800.0
6595,16.7,58.0,746.0
6596,18.2,51.0,600.0
6597,19.4,59.0,400.0
6598,21.0,63.0,200.0
6599,23.4,64.0,54.0
6600,25.7,57.0,0.0
6601,26.9,55.0,54.0
6602,26.5,56.0,200.0
6603,27.1,57.0,400.0
6604,30.8,51.0,600.0
6605,26.4,57.0,746.0
6606,28.5,60.0,800.0
6607,26.8,60.0,746.0
6608,25.6,58.0,600.0
6609,22.4,57.0,400.0
6610,21.8,57.0,200.0
6611,19.6,57.0,54.0
6612,20.2,64.0,0.0
6613,15.9,60.0,54.0
6614,15.8,76.0,200.0
6615,12.1,58.0,400.0
6616,14.3,62.0,600.0
6617,13.7,58.0,746.0
6618,14.5,58.0,800.0
6619,15.7,68.0,746.0
6620,18.8,65.0,600.0
6621,19.2,51.0,400.0
6622,20.3,55.0,200.0
6623,22.5,59.0,54.0
6624,25.9,57.0,0.0
6625,27.2,52.0,54.0
6626,26.5,61.0,200.0
6627,29.4,51.0,400.0
6628,28.1,61.0,600.0
6629,29.4,64.0,746.0
6630,27.4,64.0,800.0
6631,26.7,59.0,746.0
6632,24.8,68.0,600.0
6633,25.0,62.0,400.0
6634,21.8,64.0,200.0
6635,20.6,56.0,54.0
6636,20.2,68.0,0.0
6637,15.7,60.0,54.0
6638,15.9,68.0,200.0
6639,12.8,67.0,400.0
6640,14.4,61.0,600.0
6641,12.6,62.0,746.0
6642,14.1,59.0,800.0
6643,15.9,56.0,746.0
6644,17.7,63.0,600.0
6645,17.6,63.0,400.0
6646,20.1,52.0,200.0
6647,23.7,60.0,54.0
6648,24.6,64.0,0.0
6649,25.3,67.0,54.0
6650,27.9,64.0,200.0
6651,28.7,52.0,400.0
6652,29.3,55.0,600.0
6653,29.4,58.0,746.0
6654,28.6,67.0,800.0
6655,26.2,57.0,746.0
6656,24.9,65.0,600.0
6657,24.3,57.0,400.0
6658,20.8,63.0,200.0
6659,18.8,55.0,54.0
6660,15.8,59.0,0.0
6661,15.6,54.0,54.0
6662,14.6,67.0,200.0
6663,11.5,57.0,400.0
6664,12.0,52.0,600.0
6665,11.9,52.0,746.0
6666,14.9,60.0,800.0
6667,13.4,58.0,746.0
6668,16.9,63.0,600.0
6669,19.6,59.0,400.0
6670,21.1,66.0,200.0
6671,22.5,58.0,54.0
6672,25.3,65.0,0.0
6673,27.6,55.0,54.0
6674,27.8,53.0,200.0
6675,26.5,56.0,400.0
6676,30.2,54.0,600.0
6677,29.2,54.0,746.0
6678,28.1,62.0,800.0
6679,24.9,59.0,746.0
6680,24.9,61.0,600.0
6681,22.4,63.0,400.0
6682,20.0,52.0,200.0
6683,19.0,63.0,54.0
6684,16.7,54.0,0.0
6685,15.1,57.0,54.0
6686,14.9,51.0,200.0
6687,13.6,63.0,400.0
6688,12.5,52.0,600.0
6689,12.6,54.0,746.0
6690,13.6,54.0,800.0
6691,15.0,59.0,746.0
6692,17.4,59.0,600.0
6693,17.7,64.0,400.0
6694,22.3,60.0,200.0
6695,23.5,65.0,54.0
6696,22.1,62.0,0.0
6697,26.6,55.0,54.0
6698,28.9,57.0,200.0
6699,29.1,68.0,400.0
6700,28.6,66.0,600.0
6701,28.7,64.0,746.0
6702,28.2,65.0,800.0
6703,27.5,62.0,746.0
6704,23.7,62.0,600.0
6705,22.6,60.0,400.0
6706,22.8,69.0,200.0
6707,19.1,58.0,54.0
6708,18.7,61.0,0.0
6709,18.4,52.0,54.0
6710,13.6,53.0,200.0
6711,12.1,69.0,400.0
6712,12.7,63.0,600.0
6713,14.3,59.0,746.0
6714,15.2,60.0,800.0
6715,17.4,53.0,746.0
6716,16.7,58.0,600.0
6717,19.2,53.0,400.0
6718,20.0,59.0,200.0
6719,20.3,63.0,54.0
6720,24.7,62.0,0.0
6721,25.3,68.0,54.0
6722,28.4,62.0,200.0
6723,26.7,48.0,400.0
6724,28.2,70.0,600.0
6725,29.0,56.0,746.0
6726,28.3,61.0,800.0
6727,26.7,61.0,746.0
6728,26.9,61.0,600.0
6729,24.7,60.0,400.0
6730,20.4,60.0,200.0
6731,20.6,53.0,54.0
6732,18.8,73.0,0.0
6733,15.2,63.0,54.0
6734,14.1,60.0,200.0
6735,13.2,69.0,400.0
6736,12.2,55.0,600.0
6737,12.6,64.0,746.0
6738,15.2,57.0,800.0
6739,15.5,62.0,746.0
6740,16.2,62.0,600.0
6741,17.7,48.0,400.0
6742,19.9,53.0,200.0
6743,22.6,68.0,54.0
6744,25.6,59.0,0.0
6745,25.5,70.0,54.0
6746,28.6,67.0,200.0
6747,28.7,59.0,400.0
6748,29.0,59.0,600.0
6749,29.6,68.0,746.0
6750,28.7,71.0,800.0
6751,25.2,59.0,746.0
6752,23.9,68.0,600.0
6753,22.8,65.0,400.0
6754,21.4,66.0,200.0
6755,20.3,61.0,54.0
6756,17.0,57.0,0.0
6757,17.0,55.0,54.0
6758,13.3,54.0,200.0
6759,12.6,70.0,400.0
6760,12.5,60.0,600.0
6761,12.2,54.0,746.0
6762,14.9,65.0,800.0
6763,12.2,58.0,746.0
6764,16.1,57.0,600.0
6765,19.7,70.0,400.0
6766,20.3,53.0,200.0
6767,23.7,61.0,54.0
6768,26.8,57.0,0.0
6769,26.4,56.0,54.0
6770,28.8,53.0,200.0
6771,30.9,60.0,400.0
6772,29.2,56.0,600.0
6773,28.5,63.0,746.0
6774,28.7,60.0,800.0
6775,27.7,59.0,746.0
6776,24.9,56.0,600.0
6777,22.5,67.0,400.0
6778,22.6,64.0,200.0
6779,18.6,57.0,54.0
6780,18.1,53.0,0.0
6781,15.5,51.0,54.0
6782,15.7,66.0,200.0
6783,12.2,65.0,400.0
6784,11.9,65.0,600.0
6785,13.8,60.0,746.0
6786,12.6,64.0,800.0
6787,15.0,65.0,746.0
6788,18.1,60.0,600.0
6789,16.7,58.0,400.0
6790,20.9,55.0,200.0
6791,23.8,62.0,54.0
6792,24.5,63.0,0.0
6793,25.3,58.0,54.0
6794,27.3,59.0,200.0
6795,27.5,59.0,400.0
6796,28.7,64.0,600.0
6797,28.2,53.0,746.0
6798,27.2,55.0,800.0
6799,26.9,55.0,746.0
6800,26.4,59.0,600.0
6801,23.2,62.0,400.0
6802,22.2,55.0,200.0
6803,20.3,65.0,54.0
6804,16.2,68.0,0.0
6805,15.4,62.0,54.0
6806,13.4,66.0,200.0
6807,11.5,56.0,400.0
6808,13.0,56.0,600.0
6809,11.8,63.0,746.0
6810,14.1,60.0,800.0
6811,13.3,56.0,746.0
6812,16.6,67.0,600.0
6813,16.8,62.0,400.0
6814,21.1,64.0,200.0
6815,22.1,57.0,54.0
6816,23.9,69.0,0.0
6817,27.2,59.0,54.0
6818,27.1,65.0,200.0
6819,28.4,57.0,400.0
6820,28.4,61.0,600.0
6821,28.9,63.0,746.0
6822,28.6,70.0,800.0
6823,27.2,58.0,746.0
6824,24.3,61.0,600.0
6825,24.0,63.0,400.0
6826,19.8,53.0,200.0
6827,17.9,49.0,54.0
6828,16.6,55.0,0.0
6829,16.1,65.0,54.0
6830,12.5,69.0,200.0
6831,13.8,56.0,400.0
6832,12.5,54.0,600.0
6833,12.3,68.0,746.0
6834,14.6,57.0,800.0
6835,13.9,58.0,746.0
6836,18.7,68.0,600.0
6837,18.1,67.0,400.0
6838,20.5,65.0,200.0
6839,23.9,52.0,54.0
6840,24.5,54.0,0.0
6841,27.2,66.0,54.0
6842,25.4,62.0,200.0
6843,27.7,56.0,400.0
6844,28.9,59.0,600.0
6845,29.4,66.0,746.0
6846,28.3,68.0,800.0
6847,27.0,60.0,746.0
6848,25.7,57.0,600.0
6849,23.2,59.0,400.0
6850,18.5,67.0,200.0
6851,20.0,67.0,54.0
6852,15.8,61.0,0.0
6853,15.3,58.0,54.0
6854,13.8,66.0,200.0
6855,12.8,68.0,400.0
6856,11.3,53.0,600.0
6857,10.7,59.0,746.0
6858,12.4,66.0,800.0
6859,15.5,61.0,746.0
6860,14.8,58.0,600.0
6861,17.3,61.0,400.0
6862,20.7,62.0,200.0
6863,21.3,55.0,54.0
6864,23.7,61.0,0.0
6865,26.0,62.0,54.0
6866,27.5,58.0,200.0
6867,27.0,56.0,400.0
6868,28.5,58.0,600.0
6869,28.6,55.0,746.0
6870,26.1,65.0,800.0
6871,26.4,55.0,746.0
6872,23.8,61.0,600.0
6873,22.8,58.0,400.0
6874,21.3,57.0,200.0
6875,18.3,67.0,54.0
6876,17.5,60.0,0.0
6877,15.6,57.0,54.0
6878,14.4,57.0,200.0
6879,13.1,62.0,400.0
6880,13.5,65.0,600.0
6881,13.0,67.0,746.0
6882,11.7,60.0,800.0
6883,13.8,59.0,746.0
6884,16.0,61.0,600.0
6885,18.0,61.0,400.0
6886,20.5,57.0,200.0
6887,21.4,68.0,54.0
6888,26.2,60.0,0.0
6889,25.7,63.0,54.0
6890,27.1,63.0,200.0
6891,27.3,62.0,400.0
6892,27.3,55.0,600.0
6893,28.0,60.0,746.0
6894,27.4,72.0,800.0
6895,26.0,68.0,746.0
6896,26.1,61.0,600.0
6897,22.4,59.0,400.0
6898,20.4,49.0,200.0
6899,19.2,58.0,54.0
6900,16.3,60.0,0.0
6901,15.3,59.0,54.0
6902,12.2,59.0,200.0
6903,11.3,64.0,400.0
6904,12.4,55.0,600.0
6905,12.3,62.0,746.0
6906,12.4,60.0,800.0
6907,14.6,56.0,746.0
6908,16.3,69.0,600.0
6909,17.3,64.0,400.0
6910,19.5,57.0,200.0
6911,22.3,63.0,54.0
6912,23.0,54.0,0.0
6913,25.1,57.0,54.0
6914,27.6,67.0,200.0
6915,27.9,62.0,400.0
6916,27.7,62.0,600.0
6917,27.1,65.0,746.0
6918,26.2,64.0,800.0
6919,25.9,59.0,746.0
6920,26.4,65.0,600.0
6921,23.0,52.0,400.0
6922,19.0,57.0,200.0
6923,19.0,60.0,54.0
6924,15.6,63.0,0.0
6925,14.7,59.0,54.0
6926,12.8,52.0,200.0
6927,14.5,51.0,400.0
6928,11.0,60.0,600.0
6929,12.7,58.0,746.0
6930,12.5,56.0,800.0
6931,15.1,55.0,746.0
6932,16.3,61.0,600.0
6933,19.1,67.0,400.0
6934,20.7,61.0,200.0
6935,21.3,67.0,54.0
6936,26.9,59.0,0.0
6937,26.2,63.0,54.0
6938,26.4,67.0,200.0
6939,28.0,60.0,400.0
6940,28.7,61.0,600.0
6941,28.5,59.0,746.0
6942,27.6,63.0,800.0
6943,26.9,65.0,746.0
6944,25.1,62.0,600.0
6945,21.5,59.0,400.0
6946,22.4,53.0,200.0
6947,20.2,60.0,54.0
6948,17.0,60.0,0.0
6949,14.6,62.0,54.0
6950,13.3,61.0,200.0
6951,12.1,68.0,400.0
6952,11.9,57.0,600.0
6953,10.1,53.0,746.0
6954,14.6,55.0,800.0
6955,15.4,57.0,746.0
6956,14.2,66.0,600.0
6957,18.7,54.0,400.0
6958,19.8,55.0,200.0
6959,21.7,63.0,54.0
6960,24.4,65.0,0.0
6961,23.8,53.0,54.0
6962,26.8,52.0,200.0
6963,27.8,57.0,400.0
6964,28.1,64.0,600.0
6965,26.4,61.0,746.0
6966,27.5,57.0,800.0
6967,26.9,64.0,746.0
6968,24.6,61.0,600.0
6969,22.0,60.0,400.0
6970,22.9,53.0,200.0
6971,17.2,57.0,54.0
6972,16.9,70.0,0.0
6973,14.7,59.0,54.0
6974,15.2,56.0,200.0
6975,12.7,59.0,400.0
6976,12.6,61.0,600.0
6977,12.7,65.0,746.0
6978,11.9,64.0,800.0
6979,13.3,57.0,746.0
6980,15.5,67.0,600.0
6981,18.6,65.0,400.0
6982,20.0,58.0,200.0
6983,21.6,60.0,54.0
6984,25.1,64.0,0.0
6985,23.5,66.0,54.0
6986,25.5,53.0,200.0
6987,25.1,61.0,400.0
6988,29.1,61.0,600.0
6989,27.6,58.0,746.0
6990,27.9,58.0,800.0
6991,25.6,66.0,746.0
6992,25.1,63.0,600.0
6993,22.0,71.0,400.0
6994,20.5,58.0,200.0
6995,18.3,61.0,54.0
6996,16.4,62.0,0.0
6997,16.0,65.0,54.0
6998,11.4,67.0,200.0
6999,12.1,61.0,400.0
7000,12.1,55.0,600.0
7001,12.1,57.0,746.0
7002,12.4,61.0,800.0
7003,13.5,66.0,746.0
7004,17.2,53.0,600.0
7005,17.5,55.0,400.0
7006,22.1,65.0,200.0
7007,22.2,54.0,54.0
7008,23.4,55.0,0.0
7009,25.9,66.0,54.0
7010,26.8,60.0,200.0
7011,28.8,59.0,400.0
7012,26.6,68.0,600.0
7013,25.8,55.0,746.0
7014,27.2,54.0,800.0
7015,26.4,69.0,746.0
7016,24.2,62.0,600.0
7017,22.7,64.0,400.0
7018,20.5,59.0,200.0
7019,16.4,60.0,54.0
7020,16.2,57.0,0.0
7021,15.6,62.0,54.0
7022,13.1,65.0,200.0
7023,10.8,62.0,400.0
7024,11.4,66.0,600.0
7025,12.5,64.0,746.0
7026,14.5,56.0,800.0
7027,12.0,60.0,746.0
7028,15.9,59.0,600.0
7029,16.5,65.0,400.0
7030,20.0,63.0,200.0
7031,22.2,61.0,54.0
7032,23.3,66.0,0.0
7033,25.9,51.0,54.0
7034,27.7,58.0,200.0
7035,27.2,58.0,400.0
7036,26.4,62.0,600.0
7037,28.9,64.0,746.0
7038,27.5,61.0,800.0
7039,26.0,54.0,746.0
7040,23.1,63.0,600.0
7041,22.9,61.0,400.0
7042,21.9,54.0,200.0
7043,17.7,59.0,54.0
7044,15.9,63.0,0.0
7045,13.1,69.0,54.0
7046,12.1,55.0,200.0
7047,10.9,65.0,400.0
7048,11.8,55.0,600.0
7049,11.5,55.0,746.0
7050,13.0,55.0,800.0
7051,12.9,64.0,746.0
7052,15.3,62.0,600.0
7053,16.4,59.0,400.0
7054,19.6,63.0,200.0
7055,19.9,61.0,54.0
7056,23.6,61.0,0.0
7057,24.8,59.0,54.0
7058,26.6,56.0,200.0
7059,25.6,69.0,400.0
7060,28.2,68.0,600.0
7061,27.1,69.0,746.0
7062,26.8,58.0,800.0
7063,23.5,58.0,746.0
7064,22.5,59.0,600.0
7065,21.4,66.0,400.0
7066,21.1,61.0,200.0
7067,18.2,58.0,54.0
7068,15.8,63.0,0.0
7069,13.1,57.0,54.0
7070,11.6,54.0,200.0
7071,12.1,62.0,400.0
7072,12.2,58.0,600.0
7073,12.0,61.0,746.0
7074,14.2,48.0,800.0
7075,13.0,57.0,746.0
7076,15.5,61.0,600.0
7077,15.6,53.0,400.0
7078,19.5,54.0,200.0
7079,22.9,61.0,54.0
7080,22.3,65.0,0.0
7081,25.8,57.0,54.0
7082,27.8,60.0,200.0
7083,26.5,60.0,400.0
7084,27.9,53.0,600.0
7085,28.8,67.0,746.0
7086,26.7,60.0,800.0
7087,26.0,60.0,746.0
7088,21.8,63.0,600.0
7089,22.3,53.0,400.0
7090,20.1,66.0,200.0
7091,16.2,66.0,54.0
7092,14.6,62.0,0.0
7093,14.5,63.0,54.0
7094,12.3,59.0,200.0
7095,12.9,65.0,400.0
7096,11.7,57.0,600.0
7097,11.7,61.0,746.0
7098,12.2,61.0,800.0
7099,13.9,61.0,746.0
7100,16.0,66.0,600.0
7101,17.7,72.0,400.0
7102,18.8,61.0,200.0
7103,22.5,63.0,54.0
7104,23.9,57.0,0.0
7105,25.3,66.0,54.0
7106,26.3,59.0,200.0
7107,27.5,77.0,400.0
7108,25.5,53.0,600.0
7109,27.4,72.0,746.0
7110,28.0,66.0,800.0
7111,25.3,56.0,746.0
7112,23.6,73.0,600.0
7113,21.0,56.0,400.0
7114,20.0,60.0,200.0
7115,17.2,55.0,54.0
7116,16.8,60.0,0.0
7117,12.9,61.0,54.0
7118,12.0,65.0,200.0
7119,11.0,73.0,400.0
7120,13.1,59.0,600.0
7121,11.3,47.0,746.0
7122,11.7,64.0,800.0
7123,11.4,58.0,746.0
7124,14.2,70.0,600.0
7125,17.5,61.0,400.0
7126,19.6,57.0,200.0
7127,20.5,56.0,54.0
7128,22.5,64.0,0.0
7129,26.6,60.0,54.0
7130,28.8,69.0,200.0
7131,28.1,60.0,400.0
7132,28.8,68.0,600.0
7133,28.8,54.0,746.0
7134,28.5,53.0,800.0
7135,24.7,65.0,746.0
7136,22.5,59.0,600.0
7137,23.3,60.0,400.0
7138,18.4,56.0,200.0
7139,16.3,56.0,54.0
7140,14.4,64.0,0.0
7141,13.5,61.0,54.0
7142,10.4,56.0,200.0
7143,10.1,65.0,400.0
7144,10.6,67.0,600.0
7145,10.2,61.0,746.0
7146,13.2,66.0,800.0
7147,13.4,56.0,746.0
7148,15.6,64.0,600.0
7149,17.4,62.0,400.0
7150,18.8,57.0,200.0
7151,22.0,72.0,54.0
7152,23.4,62.0,0.0
7153,24.3,58.0,54.0
7154,24.3,61.0,200.0
7155,27.3,57.0,400.0
7156,25.9,56.0,600.0
7157,27.3,59.0,746.0
7158,26.2,59.0,800.0
7159,23.5,57.0,746.0
7160,23.5,68.0,600.0
7161,21.5,57.0,400.0
7162,19.5,57.0,200.0
7163,17.3,55.0,54.0
7164,14.6,55.0,0.0
7165,14.1,66.0,54.0
7166,11.5,63.0,200.0
7167,10.3,65.0,400.0
7168,11.7,66.0,600.0
7169,12.2,60.0,746.0
7170,12.6,69.0,800.0
7171,13.0,58.0,746.0
7172,12.9,56.0,600.0
7173,18.3,63.0,400.0
7174,16.9,62.0,200.0
7175,21.5,62.0,54.0
7176,25.0,66.0,0.0
7177,24.7,62.0,54.0
7178,26.1,63.0,200.0
7179,27.1,68.0,400.0
7180,27.2,63.0,600.0
7181,29.1,64.0,746.0
7182,25.2,54.0,800.0
7183,23.8,80.0,746.0
7184,22.8,53.0,600.0
7185,23.0,59.0,400.0
7186,18.6,59.0,200.0
7187,17.5,72.0,54.0
7188,16.2,58.0,0.0
7189,14.2,64.0,54.0
7190,13.1,59.0,200.0
7191,12.7,56.0,400.0
7192,11.2,64.0,600.0
7193,10.7,58.0,746.0
7194,12.1,63.0,800.0
7195,12.8,65.0,746.0
7196,17.3,71.0,600.0
7197,16.1,55.0,400.0
7198,19.2,61.0,200.0
7199,19.3,61.0,54.0
7200,22.9,62.0,0.0
7201,24.1,74.0,54.0
7202,26.4,61.0,200.0
7203,27.3,49.0,400.0
7204,28.3,61.0,600.0
7205,28.0,61.0,746.0
7206,25.8,60.0,800.0
7207,23.7,58.0,746.0
7208,22.2,55.0,600.0
7209,21.4,72.0,400.0
7210,19.2,63.0,200.0
7211,17.2,61.0,54.0
7212,14.5,72.0,0.0
7213,14.7,57.0,54.0
7214,10.5,65.0,200.0
7215,10.5,55.0,400.0
7216,9.7,65.0,600.0
7217,10.8,56.0,746.0
7218,13.0,64.0,800.0
7219,12.7,71.0,746.0
7220,14.7,62.0,600.0
7221,17.2,51.0,400.0
7222,18.3,62.0,200.0
7223,21.0,64.0,54.0
7224,22.9,66.0,0.0
7225,23.2,69.0,54.0
7226,25.1,69.0,200.0
7227,26.8,61.0,400.0
7228,28.0,58.0,600.0
7229,27.8,56.0,746.0
7230,27.9,59.0,800.0
7231,25.0,64.0,746.0
7232,22.5,55.0,600.0
7233,20.9,57.0,400.0
7234,18.8,64.0,200.0
7235,16.4,58.0,54.0
7236,15.3,64.0,0.0
7237,13.6,58.0,54.0
7238,10.7,63.0,200.0
7239,12.1,58.0,400.0
7240,8.8,52.0,600.0
7241,10.7,66.0,746.0
7242,12.8,58.0,800.0
7243,13.5,60.0,746.0
7244,14.1,58.0,600.0
7245,18.4,64.0,400.0
7246,18.0,63.0,200.0
7247,18.5,64.0,54.0
7248,22.9,59.0,0.0
7249,22.4,61.0,54.0
7250,24.6,64.0,200.0
7251,26.9,69.0,400.0
7252,26.2,63.0,600.0
7253,27.0,57.0,746.0
7254,24.5,63.0,800.0
7255,25.2,61.0,746.0
7256,21.1,52.0,600.0
7257,22.2,53.0,400.0
7258,18.3,61.0,200.0
7259,18.2,62.0,54.0
7260,13.9,60.0,0.0
7261,15.0,66.0,54.0
7262,10.8,57.0,200.0
7263,9.1,55.0,400.0
7264,10.6,58.0,600.0
7265,12.0,59.0,746.0
7266,12.3,62.0,800.0
7267,13.9,58.0,746.0
7268,15.2,51.0,600.0
7269,15.5,49.0,400.0
7270,19.1,62.0,200.0
7271,20.5,56.0,54.0
7272,21.6,52.0,0.0
7273,24.2,65.0,54.0
7274,25.3,70.0,200.0
7275,27.6,61.0,400.0
7276,26.0,63.0,600.0
7277,25.7,63.0,746.0
7278,24.8,50.0,800.0
7279,26.2,66.0,746.0
7280,22.0,68.0,600.0
7281,22.0,71.0,400.0
7282,17.6,60.0,200.0
7283,17.1,56.0,54.0
7284,14.9,69.0,0.0
7285,14.2,64.0,54.0
7286,12.7,66.0,200.0
7287,10.8,59.0,400.0
7288,9.9,63.0,600.0
7289,12.3,57.0,746.0
7290,10.8,62.0,800.0
7291,10.3,60.0,746.0
7292,12.4,74.0,600.0
7293,14.5,65.0,400.0
7294,18.8,51.0,200.0
7295,22.5,62.0,54.0
7296,20.2,64.0,0.0
7297,23.1,60.0,54.0
7298,25.3,56.0,200.0
7299,27.6,65.0,400.0
7300,25.6,57.0,600.0
7301,26.7,65.0,746.0
7302,25.1,57.0,800.0
7303,26.7,59.0,746.0
7304,22.6,67.0,600.0
7305,20.9,64.0,400.0
7306,18.6,62.0,200.0
7307,16.0,62.0,54.0
7308,15.4,63.0,0.0
7309,11.6,58.0,54.0
7310,9.5,54.0,200.0
7311,10.5,65.0,400.0
7312,11.1,70.0,600.0
7313,9.9,65.0,746.0
7314,11.4,63.0,800.0
7315,11.3,56.0,746.0
7316,15.2,66.0,600.0
7317,16.7,65.0,400.0
7318,18.1,66.0,200.0
7319,20.3,67.0,54.0
7320,20.7,70.0,0.0
7321,22.4,57.0,54.0
7322,24.9,56.0,200.0
7323,26.4,63.0,400.0
7324,26.8,58.0,600.0
7325,25.6,57.0,746.0
7326,26.0,68.0,800.0
7327,25.4,57.0,746.0
7328,22.3,62.0,600.0
7329,20.8,54.0,400.0
7330,18.2,62.0,200.0
7331,16.2,68.0,54.0
7332,14.5,68.0,0.0
7333,14.4,67.0,54.0
7334,12.2,62.0,200.0
7335,11.3,68.0,400.0
7336,9.7,64.0,600.0
7337,9.5,60.0,746.0
7338,11.5,64.0,800.0
7339,13.6,67.0,746.0
7340,15.7,56.0,600.0
7341,13.4,57.0,400.0
7342,20.4,62.0,200.0
7343,20.4,56.0,54.0
7344,22.9,56.0,0.0
7345,21.9,60.0,54.0
7346,24.7,67.0,200.0
7347,26.6,67.0,400.0
7348,24.9,64.0,600.0
7349,23.0,63.0,746.0
7350,25.4,73.0,800.0
7351,23.8,60.0,746.0
7352,23.7,64.0,600.0
7353,20.2,59.0,400.0
7354,18.2,56.0,200.0
7355,16.9,68.0,54.0
7356,15.2,61.0,0.0
7357,11.8,66.0,54.0
7358,12.1,61.0,200.0
7359,9.8,69.0,400.0
7360,10.0,57.0,600.0
7361,10.9,68.0,746.0
7362,11.8,67.0,800.0
7363,12.5,53.0,746.0
7364,12.8,60.0,600.0
7365,13.9,67.0,400.0
7366,17.6,71.0,200.0
7367,20.8,66.0,54.0
7368,22.3,60.0,0.0
7369,23.7,58.0,54.0
7370,24.8,65.0,200.0
7371,25.9,60.0,400.0
7372,25.0,60.0,600.0
7373,26.5,61.0,746.0
7374,25.8,67.0,800.0
7375,23.4,71.0,746.0
7376,22.5,68.0,600.0
7377,18.5,62.0,400.0
7378,18.3,58.0,200.0
7379,15.9,66.0,54.0
7380,15.3,71.0,0.0
7381,12.2,67.0,54.0
7382,11.9,64.0,200.0
7383,9.8,60.0,400.0
7384,7.6,64.0,600.0
7385,9.9,68.0,746.0
7386,11.0,64.0,800.0
7387,12.2,62.0,746.0
7388,13.9,59.0,600.0
7389,15.1,75.0,400.0
7390,17.3,58.0,200.0
7391,18.6,58.0,54.0
7392,19.7,63.0,0.0
7393,23.2,62.0,54.0
7394,23.9,68.0,200.0
7395,26.6,68.0,400.0
7396,23.6,56.0,600.0
7397,25.9,59.0,746.0
7398,26.9,58.0,800.0
7399,23.4,66.0,746.0
7400,21.9,65.0,600.0
7401,20.5,61.0,400.0
7402,18.5,64.0,200.0
7403,15.5,57.0,54.0
7404,12.9,59.0,0.0
7405,12.9,56.0,54.0
7406,9.0,63.0,200.0
7407,10.9,63.0,400.0
7408,9.3,58.0,600.0
7409,10.0,65.0,746.0
7410,10.2,68.0,800.0
7411,13.4,57.0,746.0
7412,13.8,61.0,600.0
7413,15.1,65.0,400.0
7414,17.2,63.0,200.0
7415,19.4,56.0,54.0
7416,23.9,60.0,0.0
7417,21.9,60.0,54.0
7418,25.6,62.0,200.0
7419,25.9,62.0,400.0
7420,27.2,71.0,600.0
7421,26.1,62.0,746.0
7422,24.7,54.0,800.0
7423,24.5,63.0,746.0
7424,22.0,71.0,600.0
7425,20.6,62.0,400.0
7426,19.3,61.0,200.0
7427,15.8,61.0,54.0
7428,13.4,66.0,0.0
7429,11.4,61.0,54.0
7430,11.2,55.0,200.0
7431,9.0,59.0,400.0
7432,9.3,62.0,600.0
7433,8.9,65.0,746.0
7434,11.1,60.0,800.0
7435,11.0,61.0,746.0
7436,12.1,63.0,600.0
7437,14.2,59.0,400.0
7438,16.8,62.0,200.0
7439,19.0,65.0,54.0
7440,21.6,57.0,0.0
7441,22.9,64.0,54.0
7442,24.7,57.0,200.0
7443,25.7,57.0,400.0
7444,26.3,60.0,600.0
7445,23.4,70.0,746.0
7446,23.4,54.0,800.0
7447,23.9,61.0,746.0
7448,21.9,63.0,600.0
7449,20.7,69.0,400.0
7450,16.1,73.0,200.0
7451,15.1,61.0,54.0
7452,13.3,66.0,0.0
7453,12.1,62.0,54.0
7454,10.7,62.0,200.0
7455,10.3,64.0,400.0
7456,9.3,55.0,600.0
7457,11.0,63.0,746.0
7458,12.1,65.0,800.0
7459,10.5,59.0,746.0
7460,13.3,65.0,600.0
7461,16.0,54.0,400.0
7462,17.8,63.0,200.0
7463,18.9,70.0,54.0
7464,21.5,62.0,0.0
7465,21.3,58.0,54.0
7466,24.2,56.0,200.0
7467,23.6,65.0,400.0
7468,25.9,68.0,600.0
7469,24.0,63.0,746.0
7470,24.6,61.0,800.0
7471,23.5,53.0,746.0
7472,21.6,64.0,600.0
7473,19.0,60.0,400.0
7474,17.3,60.0,200.0
7475,16.6,71.0,54.0
7476,13.1,54.0,0.0
7477,11.8,55.0,54.0
7478,9.9,64.0,200.0
7479,10.7,61.0,400.0
7480,9.4,60.0,600.0
7481,8.8,64.0,746.0
7482,10.3,64.0,800.0
7483,11.3,58.0,746.0
7484,14.5,60.0,600.0
7485,15.0,63.0,400.0
7486,15.7,64.0,200.0
7487,19.7,66.0,54.0
7488,22.9,60.0,0.0
7489,24.0,65.0,54.0
7490,23.0,68.0,200.0
7491,24.6,63.0,400.0
7492,25.2,63.0,600.0
7493,25.0,62.0,746.0
7494,24.6,60.0,800.0
7495,22.7,58.0,746.0
7496,20.5,62.0,600.0
7497,20.4,65.0,400.0
7498,16.3,59.0,200.0
7499,14.5,63.0,54.0
7500,12.2,62.0,0.0
7501,12.3,72.0,54.0
7502,10.4,67.0,200.0
7503,10.4,67.0,400.0
7504,8.4,68.0,600.0
7505,8.1,61.0,746.0
7506,9.7,70.0,800.0
7507,11.2,64.0,746.0
7508,13.2,63.0,600.0
7509,13.2,57.0,400.0
7510,17.4,61.0,200.0
7511,18.1,54.0,54.0
7512,20.3,62.0,0.0
7513,23.8,60.0,54.0
7514,21.7,61.0,200.0
7515,25.1,56.0,400.0
7516,25.4,67.0,600.0
7517,24.0,66.0,746.0
7518,23.6,72.0,800.0
7519,24.1,72.0,746.0
7520,23.2,64.0,600.0
7521,20.4,68.0,400.0
7522,19.1,65.0,200.0
7523,14.5,61.0,54.0
7524,11.6,62.0,0.0
7525,11.5,67.0,54.0
7526,11.0,84.0,200.0
7527,7.5,69.0,400.0
7528,8.1,65.0,600.0
7529,8.4,66.0,746.0
7530,10.3,66.0,800.0
7531,11.4,63.0,746.0
7532,12.1,67.0,600.0
7533,14.9,63.0,400.0
7534,15.6,58.0,200.0
7535,18.4,66.0,54.0
7536,19.5,67.0,0.0
7537,22.3,63.0,54.0
7538,23.0,65.0,200.0
7539,25.3,68.0,400.0
7540,24.9,63.0,600.0
7541,24.5,61.0,746.0
7542,25.7,60.0,800.0
7543,23.1,62.0,746.0
7544,20.7,71.0,600.0
7545,18.6,63.0,400.0
7546,15.9,65.0,200.0
7547,14.9,62.0,54.0
7548,13.4,61.0,0.0
7549,9.4,59.0,54.0
7550,8.7,64.0,200.0
7551,8.7,61.0,400.0
7552,7.8,70.0,600.0
7553,9.1,63.0,746.0
7554,10.0,63.0,800.0
7555,10.9,63.0,746.0
7556,13.2,65.0,600.0
7557,14.0,71.0,400.0
7558,16.6,58.0,200.0
7559,17.7,65.0,54.0
7560,20.9,56.0,0.0
7561,22.4,70.0,54.0
7562,22.4,63.0,200.0
7563,24.3,56.0,400.0
7564,24.7,57.0,600.0
7565,24.8,68.0,746.0
7566,24.1,55.0,800.0
7567,21.8,65.0,746.0
7568,21.7,62.0,600.0
7569,19.5,63.0,400.0
7570,16.2,60.0,200.0
7571,13.7,59.0,54.0
7572,12.3,61.0,0.0
7573,9.7,67.0,54.0
7574,10.1,62.0,200.0
7575,10.2,66.0,400.0
7576,10.1,63.0,600.0
7577,7.8,67.0,746.0
7578,10.5,66.0,800.0
7579,11.0,61.0,746.0
7580,10.1,59.0,600.0
7581,14.1,69.0,400.0
7582,16.0,60.0,200.0
7583,19.8,66.0,54.0
7584,19.6,64.0,0.0
7585,22.7,61.0,54.0
7586,23.4,66.0,200.0
7587,22.9,71.0,400.0
7588,24.1,67.0,600.0
7589,25.9,64.0,746.0
7590,23.5,72.0,800.0
7591,23.3,55.0,746.0
7592,21.6,58.0,600.0
7593,18.4,62.0,400.0
7594,15.5,71.0,200.0
7595,13.6,69.0,54.0
7596,14.2,55.0,0.0
7597,11.2,62.0,54.0
7598,8.0,57.0,200.0
7599,9.7,64.0,400.0
7600,6.8,68.0,600.0
7601,8.0,69.0,746.0
7602,9.6,65.0,800.0
7603,13.3,62.0,746.0
7604,13.2,63.0,600.0
7605,13.8,67.0,400.0
7606,16.4,76.0,200.0
7607,19.3,58.0,54.0
7608,21.8,72.0,0.0
7609,21.8,65.0,54.0
7610,23.1,68.0,200.0
7611,23.3,65.0,400.0
7612,25.1,71.0,600.0
7613,25.3,66.0,746.0
7614,21.6,61.0,800.0
7615,21.9,66.0,746.0
7616,19.4,70.0,600.0
7617,18.9,64.0,400.0
7618,15.4,54.0,200.0
7619,13.2,63.0,54.0
7620,13.7,65.0,0.0
7621,10.7,64.0,54.0
7622,9.5,62.0,200.0
7623,9.2,71.0,400.0
7624,9.4,52.0,600.0
7625,8.2,65.0,746.0
7626,9.0,65.0,800.0
7627,10.2,75.0,746.0
7628,13.3,64.0,600.0
7629,14.1,66.0,400.0
7630,15.9,65.0,200.0
7631,18.6,65.0,54.0
7632,22.0,73.0,0.0
7633,21.9,59.0,54.0
7634,22.9,61.0,200.0
7635,26.0,68.0,400.0
7636,25.7,65.0,600.0
7637,25.3,63.0,746.0
7638,22.8,64.0,800.0
7639,21.5,69.0,746.0
7640,18.6,67.0,600.0
7641,19.5,61.0,400.0
7642,16.6,65.0,200.0
7643,12.6,64.0,54.0
7644,13.6,67.0,0.0
7645,10.4,63.0,54.0
7646,9.2,58.0,200.0
7647,7.1,68.0,400.0
7648,8.7,67.0,600.0
7649,9.0,71.0,746.0
7650,9.2,58.0,800.0
7651,10.0,64.0,746.0
7652,14.7,63.0,600.0
7653,12.8,62.0,400.0
7654,15.3,57.0,200.0
7655,18.8,59.0,54.0
7656,19.0,66.0,0.0
7657,20.6,62.0,54.0
7658,24.2,60.0,200.0
7659,24.5,71.0,400.0
7660,24.7,76.0,600.0
7661,24.1,64.0,746.0
7662,22.5,57.0,800.0
7663,21.7,66.0,746.0
7664,20.2,54.0,600.0
7665,19.2,58.0,400.0
7666,16.7,66.0,200.0
7667,13.3,57.0,54.0
7668,13.1,63.0,0.0
7669,8.9,57.0,54.0
7670,9.0,65.0,200.0
7671,7.3,70.0,400.0
7672,7.2,61.0,600.0
7673,10.2,64.0,746.0
7674,7.6,60.0,800.0
7675,9.5,61.0,746.0
7676,12.4,60.0,600.0
7677,13.3,68.0,400.0
7678,16.0,57.0,200.0
7679,19.4,63.0,54.0
7680,20.5,67.0,0.0
7681,21.1,69.0,54.0
7682,22.7,67.0,200.0
7683,24.2,64.0,400.0
7684,24.6,62.0,600.0
7685,23.8,69.0,746.0
7686,23.4,60.0,800.0
7687,22.1,60.0,746.0
7688,20.1,71.0,600.0
7689,17.6,66.0,400.0
7690,16.9,67.0,200.0
7691,14.4,68.0,54.0
7692,10.0,64.0,0.0
7693,9.6,57.0,54.0
7694,8.6,66.0,200.0
7695,8.1,65.0,400.0
7696,9.1,60.0,600.0
7697,11.4,59.0,746.0
7698,6.4,64.0,800.0
7699,10.4,58.0,746.0
7700,11.8,64.0,600.0
7701,13.5,63.0,400.0
7702,16.3,64.0,200.0
7703,17.9,67.0,54.0
7704,19.4,68.0,0.0
7705,21.4,61.0,54.0
7706,23.3,69.0,200.0
7707,24.0,64.0,400.0
7708,24.0,73.0,600.0
7709,23.0,62.0,746.0
7710,25.7,57.0,800.0
7711,22.0,69.0,746.0
7712,20.8,67.0,600.0
7713,17.6,71.0,400.0
7714,16.2,66.0,200.0
7715,14.1,76.0,54.0
7716,10.1,64.0,0.0
7717,9.6,70.0,54.0
7718,8.2,62.0,200.0
7719,7.5,67.0,400.0
7720,6.7,68.0,600.0
7721,8.0,69.0,746.0
7722,10.1,69.0,800.0
7723,10.1,49.0,746.0
7724,10.4,65.0,600.0
7725,12.5,62.0,400.0
7726,15.2,63.0,200.0
7727,16.2,63.0,54.0
7728,19.9,70.0,0.0
7729,22.6,66.0,54.0
7730,22.0,62.0,200.0
7731,23.5,58.0,400.0
7732,23.3,73.0,600.0
7733,22.8,62.0,746.0
7734,22.9,64.0,800.0
7735,20.8,76.0,746.0
7736,19.0,62.0,600.0
7737,16.3,64.0,400.0
7738,15.9,66.0,200.0
7739,14.8,57.0,54.0
7740,12.5,56.0,0.0
7741,11.6,63.0,54.0
7742,8.1,63.0,200.0
7743,8.8,66.0,400.0
7744,6.5,60.0,600.0
7745,8.5,67.0,746.0
7746,10.2,54.0,800.0
7747,10.3,65.0,746.0
7748,13.1,67.0,600.0
7749,12.7,67.0,400.0
7750,15.3,64.0,200.0
7751,16.5,62.0,54.0
7752,19.4,64.0,0.0
7753,21.4,71.0,54.0
7754,22.4,62.0,200.0
7755,22.7,70.0,400.0
7756,23.0,71.0,600.0
7757,23.7,56.0,746.0
7758,22.4,64.0,800.0
7759,20.2,60.0,746.0
7760,17.8,58.0,600.0
7761,17.2,69.0,400.0
7762,14.3,68.0,200.0
7763,12.8,66.0,54.0
7764,11.2,60.0,0.0
7765,9.8,66.0,54.0
7766,8.0,59.0,200.0
7767,10.0,66.0,400.0
7768,6.2,62.0,600.0
7769,8.9,70.0,746.0
7770,8.3,63.0,800.0
7771,9.0,66.0,746.0
7772,11.9,66.0,600.0
7773,12.7,65.0,400.0
7774,14.4,66.0,200.0
7775,19.1,67.0,54.0
7776,17.0,61.0,0.0
7777,20.7,67.0,54.0
7778,22.4,70.0,200.0
7779,24.5,67.0,400.0
7780,23.0,64.0,600.0
7781,25.8,66.0,746.0
7782,23.1,64.0,800.0
7783,18.8,65.0,746.0
7784,18.1,59.0,600.0
7785,17.8,72.0,400.0
7786,14.4,75.0,200.0
7787,14.0,62.0,54.0
7788,11.0,69.0,0.0
7789,8.6,73.0,54.0
7790,7.5,61.0,200.0
7791,8.5,55.0,400.0
7792,5.3,73.0,600.0
7793,8.6,65.0,746.0
7794,9.3,63.0,800.0
7795,9.2,66.0,746.0
7796,9.7,64.0,600.0
7797,13.6,80.0,400.0
7798,14.6,63.0,200.0
7799,15.6,67.0,54.0
7800,21.0,72.0,0.0
7801,19.9,72.0,54.0
7802,20.6,71.0,200.0
7803,23.2,63.0,400.0
7804,23.1,65.0,600.0
7805,24.5,55.0,746.0
7806,21.8,65.0,800.0
7807,20.6,66.0,746.0
7808,19.7,69.0,600.0
7809,17.6,75.0,400.0
7810,15.6,69.0,200.0
7811,13.6,71.0,54.0
7812,11.5,65.0,0.0
7813,9.2,72.0,54.0
7814,9.1,66.0,200.0
7815,7.1,71.0,400.0
7816,7.9,70.0,600.0
7817,8.7,68.0,746.0
7818,7.4,58.0,800.0
7819,11.7,71.0,746.0
7820,10.2,68.0,600.0
7821,12.1,69.0,400.0
7822,15.4,67.0,200.0
7823,17.4,68.0,54.0
7824,19.0,72.0,0.0
7825,21.4,63.0,54.0
7826,22.1,68.0,200.0
7827,24.8,62.0,400.0
7828,23.0,69.0,600.0
7829,22.0,67.0,746.0
7830,21.5,63.0,800.0
7831,21.3,66.0,746.0
7832,19.7,63.0,600.0
7833,17.5,64.0,400.0
7834,14.3,68.0,200.0
7835,14.2,67.0,54.0
7836,13.1,56.0,0.0
7837,9.5,68.0,54.0
7838,10.0,64.0,200.0
7839,8.2,64.0,400.0
7840,9.2,60.0,600.0
7841,7.7,66.0,746.0
7842,8.1,63.0,800.0
7843,10.0,72.0,746.0
7844,10.3,57.0,600.0
7845,13.1,61.0,400.0
7846,16.1,61.0,200.0
7847,17.6,67.0,54.0
7848,18.7,72.0,0.0
7849,20.6,68.0,54.0
7850,22.5,60.0,200.0
7851,23.3,64.0,400.0
7852,23.6,62.0,600.0
7853,23.0,68.0,746.0
7854,21.1,64.0,800.0
7855,20.0,59.0,746.0
7856,19.5,69.0,600.0
7857,17.9,72.0,400.0
7858,15.7,65.0,200.0
7859,12.3,67.0,54.0
7860,10.8,58.0,0.0
7861,8.1,56.0,54.0
7862,6.6,57.0,200.0
7863,7.2,66.0,400.0
7864,8.2,64.0,600.0
7865,7.1,69.0,746.0
7866,9.7,65.0,800.0
7867,8.8,71.0,746.0
7868,10.6,70.0,600.0
7869,11.5,64.0,400.0
7870,14.2,61.0,200.0
7871,15.5,56.0,54.0
7872,17.0,73.0,0.0
7873,19.1,61.0,54.0
7874,21.7,59.0,200.0
7875,21.7,67.0,400.0
7876,22.2,59.0,600.0
7877,22.9,67.0,746.0
7878,20.2,64.0,800.0
7879,20.6,71.0,746.0
7880,19.7,70.0,600.0
7881,17.9,72.0,400.0
7882,15.4,67.0,200.0
7883,12.7,62.0,54.0
7884,10.2,61.0,0.0
7885,9.1,64.0,54.0
7886,9.5,76.0,200.0
7887,7.2,65.0,400.0
7888,6.5,67.0,600.0
7889,7.4,74.0,746.0
7890,7.7,68.0,800.0
7891,9.1,63.0,746.0
7892,10.2,70.0,600.0
7893,11.9,64.0,400.0
7894,15.4,68.0,200.0
7895,14.5,69.0,54.0
7896,18.9,64.0,0.0
7897,19.6,67.0,54.0
7898,19.5,74.0,200.0
7899,21.3,63.0,400.0
7900,22.5,73.0,600.0
7901,22.4,63.0,746.0
7902,22.3,75.0,800.0
7903,21.1,62.0,746.0
7904,17.1,64.0,600.0
7905,17.2,74.0,400.0
7906,15.4,74.0,200.0
7907,12.8,70.0,54.0
7908,11.2,61.0,0.0
7909,7.0,67.0,54.0
7910,6.7,66.0,200.0
7911,8.2,62.0,400.0
7912,6.2,70.0,600.0
7913,8.9,63.0,746.0
7914,6.2,60.0,800.0
7915,10.2,58.0,746.0
7916,9.7,75.0,600.0
7917,13.0,64.0,400.0
7918,13.9,64.0,200.0
7919,16.4,61.0,54.0
7920,18.8,73.0,0.0
7921,19.3,60.0,54.0
7922,22.0,60.0,200.0
7923,21.8,65.0,400.0
7924,22.6,66.0,600.0
7925,19.5,70.0,746.0
7926,21.1,63.0,800.0
7927,21.4,74.0,746.0
7928,19.2,63.0,600.0
7929,17.5,62.0,400.0
7930,14.6,61.0,200.0
7931,14.1,63.0,54.0
7932,10.8,61.0,0.0
7933,8.1,70.0,54.0
7934,8.3,62.0,200.0
7935,7.6,66.0,400.0
7936,6.9,61.0,600.0
7937,6.1,61.0,746.0
7938,7.6,72.0,800.0
7939,9.9,75.0,746.0
7940,10.6,73.0,600.0
7941,10.5,59.0,400.0
7942,13.4,60.0,200.0
7943,15.5,77.0,54.0
7944,17.3,65.0,0.0
7945,17.7,60.0,54.0
7946,23.0,72.0,200.0
7947,21.0,67.0,400.0
7948,21.4,70.0,600.0
7949,20.0,56.0,746.0
7950,22.1,65.0,800.0
7951,19.9,72.0,746.0
7952,18.0,64.0,600.0
7953,16.1,73.0,400.0
7954,15.0,60.0,200.0
7955,11.8,66.0,54.0
7956,8.3,75.0,0.0
7957,7.3,61.0,54.0
7958,6.0,68.0,200.0
7959,6.7,70.0,400.0
7960,7.1,67.0,600.0
7961,7.8,66.0,746.0
7962,5.5,62.0,800.0
7963,8.9,68.0,746.0
7964,9.3,66.0,600.0
7965,14.8,60.0,400.0
7966,15.3,72.0,200.0
7967,17.7,62.0,54.0
7968,18.7,60.0,0.0
7969,20.0,64.0,54.0
7970,20.5,62.0,200.0
7971,21.1,66.0,400.0
7972,21.3,61.0,600.0
7973,22.4,69.0,746.0
7974,22.6,74.0,800.0
7975,19.5,68.0,746.0
7976,17.5,60.0,600.0
7977,14.8,62.0,400.0
7978,14.4,68.0,200.0
7979,13.3,57.0,54.0
7980,11.4,61.0,0.0
7981,9.8,59.0,54.0
7982,7.6,68.0,200.0
7983,6.4,78.0,400.0
7984,7.3,61.0,600.0
7985,5.1,71.0,746.0
7986,6.5,64.0,800.0
7987,9.9,61.0,746.0
7988,8.7,75.0,600.0
7989,11.6,78.0,400.0
7990,14.4,69.0,200.0
7991,15.9,69.0,54.0
7992,18.9,67.0,0.0
7993,21.0,66.0,54.0
7994,21.2,69.0,200.0
7995,23.0,71.0,400.0
7996,21.0,76.0,600.0
7997,21.5,65.0,746.0
7998,23.3,68.0,800.0
7999,21.6,67.0,746.0
8000,16.7,72.0,600.0
8001,16.1,79.0,400.0
8002,14.2,73.0,200.0
8003,12.4,71.0,54.0
8004,11.3,72.0,0.0
8005,10.1,74.0,54.0
8006,7.0,79.0,200.0
8007,7.3,59.0,400.0
8008,6.5,70.0,600.0
8009,6.0,54.0,746.0
8010,5.1,72.0,800.0
8011,9.0,70.0,746.0
8012,10.2,65.0,600.0
8013,11.9,54.0,400.0
8014,12.6,67.0,200.0
8015,17.6,68.0,54.0
8016,17.7,67.0,0.0
8017,18.1,64.0,54.0
8018,19.3,63.0,200.0
8019,22.1,67.0,400.0
8020,22.4,63.0,600.0
8021,21.0,71.0,746.0
8022,21.2,67.0,800.0
8023,20.2,59.0,746.0
8024,18.0,68.0,600.0
8025,15.2,70.0,400.0
8026,14.8,76.0,200.0
8027,12.6,72.0,54.0
8028,10.4,63.0,0.0
8029,7.3,75.0,54.0
8030,5.5,61.0,200.0
8031,6.0,68.0,400.0
8032,6.6,71.0,600.0
8033,6.9,75.0,746.0
8034,7.2,77.0,800.0
8035,7.4,74.0,746.0
8036,8.6,67.0,600.0
8037,11.3,70.0,400.0
8038,13.4,69.0,200.0
8039,16.6,64.0,54.0
8040,16.9,67.0,0.0
8041,18.7,77.0,54.0
8042,22.4,71.0,200.0
8043,22.8,78.0,400.0
8044,20.7,62.0,600.0
8045,22.8,66.0,746.0
8046,19.4,70.0,800.0
8047,18.9,71.0,746.0
8048,17.4,67.0,600.0
8049,15.7,72.0,400.0
8050,14.3,72.0,200.0
8051,11.7,61.0,54.0
8052,10.3,71.0,0.0
8053,7.6,73.0,54.0
8054,7.0,69.0,200.0
8055,5.9,59.0,400.0
8056,4.1,66.0,600.0
8057,6.2,70.0,746.0
8058,6.5,63.0,800.0
8059,6.9,72.0,746.0
8060,8.8,71.0,600.0
8061,10.8,68.0,400.0
8062,13.0,68.0,200.0
8063,17.1,69.0,54.0
8064,19.3,68.0,0.0
8065,16.2,61.0,54.0
8066,20.7,66.0,200.0
8067,22.0,68.0,400.0
8068,21.2,75.0,600.0
8069,22.1,71.0,746.0
8070,22.0,75.0,800.0
8071,17.8,61.0,746.0
8072,17.6,66.0,600.0
8073,17.5,78.0,400.0
8074,12.3,64.0,200.0
8075,11.3,64.0,54.0
8076,9.0,67.0,0.0
8077,8.8,78.0,54.0
8078,7.7,65.0,200.0
8079,5.8,71.0,400.0
8080,5.3,70.0,600.0
8081,3.8,58.0,746.0
8082,7.7,68.0,800.0
8083,7.1,65.0,746.0
8084,9.0,71.0,600.0
8085,12.0,77.0,400.0
8086,13.3,66.0,200.0
8087,16.1,66.0,54.0
8088,17.7,81.0,0.0
8089,19.0,64.0,54.0
8090,20.4,61.0,200.0
8091,19.8,75.0,400.0
8092,21.1,68.0,600.0
8093,22.1,70.0,746.0
8094,19.3,79.0,800.0
8095,18.3,61.0,746.0
8096,16.5,67.0,600.0
8097,15.6,62.0,400.0
8098,14.8,70.0,200.0
8099,11.8,65.0,54.0
8100,7.1,62.0,0.0
8101,8.3,72.0,54.0
8102,5.9,68.0,200.0
8103,6.0,62.0,400.0
8104,5.0,62.0,600.0
8105,4.5,69.0,746.0
8106,6.0,60.0,800.0
8107,6.9,69.0,746.0
8108,9.2,75.0,600.0
8109,9.9,72.0,400.0
8110,11.8,65.0,200.0
8111,15.7,70.0,54.0
8112,18.0,62.0,0.0
8113,19.2,69.0,54.0
8114,19.2,67.0,200.0
8115,20.0,63.0,400.0
8116,20.3,71.0,600.0
8117,21.7,58.0,746.0
8118,19.2,62.0,800.0
8119,19.7,63.0,746.0
8120,17.8,66.0,600.0
8121,16.5,75.0,400.0
8122,14.2,72.0,200.0
8123,11.6,69.0,54.0
8124,7.7,69.0,0.0
8125,8.1,68.0,54.0
8126,6.2,75.0,200.0
8127,4.9,59.0,400.0
8128,6.3,72.0,600.0
8129,5.0,66.0,746.0
8130,5.4,71.0,800.0
8131,8.3,71.0,746.0
8132,8.4,72.0,600.0
8133,10.1,76.0,400.0
8134,11.6,62.0,200.0
8135,14.0,74.0,54.0
8136,16.0,68.0,0.0
8137,19.0,66.0,54.0
8138,18.7,79.0,200.0
8139,18.7,72.0,400.0
8140,21.2,66.0,600.0
8141,20.0,73.0,746.0
8142,19.9,68.0,800.0
8143,19.9,66.0,746.0
8144,17.1,66.0,600.0
8145,16.6,70.0,400.0
8146,12.9,66.0,200.0
8147,11.9,69.0,54.0
8148,8.4,73.0,0.0
8149,7.4,69.0,54.0
8150,5.0,79.0,200.0
8151,4.3,69.0,400.0
8152,4.6,75.0,600.0
8153,3.7,74.0,746.0
8154,5.9,76.0,800.0
8155,6.7,79.0,746.0
8156,8.8,60.0,600.0
8157,9.2,70.0,400.0
8158,13.2,68.0,200.0
8159,16.3,69.0,54.0
8160,18.0,67.0,0.0
8161,20.1,66.0,54.0
8162,19.6,63.0,200.0
8163,20.0,69.0,400.0
8164,21.2,73.0,600.0
8165,20.2,66.0,746.0
8166,18.0,67.0,800.0
8167,19.3,65.0,746.0
8168,16.6,64.0,600.0
8169,13.4,68.0,400.0
8170,12.3,71.0,200.0
8171,10.5,75.0,54.0
8172,8.8,63.0,0.0
8173,7.1,69.0,54.0
8174,7.2,75.0,200.0
8175,3.6,63.0,400.0
8176,4.5,75.0,600.0
8177,3.9,67.0,746.0
8178,6.8,72.0,800.0
8179,6.2,68.0,746.0
8180,8.1,71.0,600.0
8181,11.4,77.0,400.0
8182,13.7,68.0,200.0
8183,15.9,74.0,54.0
8184,14.7,70.0,0.0
8185,18.5,65.0,54.0
8186,19.6,68.0,200.0
8187,20.2,68.0,400.0
8188,20.6,62.0,600.0
8189,21.6,71.0,746.0
8190,20.6,72.0,800.0
8191,19.2,73.0,746.0
8192,16.9,76.0,600.0
8193,17.0,74.0,400.0
8194,12.3,66.0,200.0
8195,9.0,67.0,54.0
8196,8.4,73.0,0.0
8197,7.0,71.0,54.0
8198,6.9,69.0,200.0
8199,4.3,65.0,400.0
8200,4.9,66.0,600.0
8201,3.2,72.0,746.0
8202,6.5,59.0,800.0
8203,6.7,57.0,746.0
8204,8.0,73.0,600.0
8205,12.3,67.0,400.0
8206,13.3,72.0,200.0
8207,13.2,77.0,54.0
8208,16.1,64.0,0.0
8209,20.6,61.0,54.0
8210,21.2,68.0,200.0
8211,21.0,66.0,400.0
8212,18.5,69.0,600.0
8213,21.4,72.0,746.0
8214,18.7,71.0,800.0
8215,19.4,70.0,746.0
8216,15.8,75.0,600.0
8217,15.1,73.0,400.0
8218,11.9,68.0,200.0
8219,10.0,73.0,54.0
8220,9.1,62.0,0.0
8221,5.4,75.0,54.0
8222,7.8,69.0,200.0
8223,3.6,63.0,400.0
8224,3.2,67.0,600.0
8225,5.1,75.0,746.0
8226,6.5,66.0,800.0
8227,6.1,71.0,746.0
8228,7.0,74.0,600.0
8229,9.0,70.0,400.0
8230,11.0,65.0,200.0
8231,14.4,69.0,54.0
8232,16.0,62.0,0.0
8233,18.1,67.0,54.0
8234,19.4,64.0,200.0
8235,20.7,69.0,400.0
8236,19.8,63.0,600.0
8237,19.2,70.0,746.0
8238,19.3,75.0,800.0
8239,17.9,76.0,746.0
8240,16.6,63.0,600.0
8241,13.7,66.0,400.0
8242,13.0,74.0,200.0
8243,9.1,73.0,54.0
8244,7.8,66.0,0.0
8245,7.7,67.0,54.0
8246,4.1,70.0,200.0
8247,5.5,60.0,400.0
8248,2.7,72.0,600.0
8249,2.7,75.0,746.0
8250,3.6,68.0,800.0
8251,6.4,63.0,746.0
8252,8.6,77.0,600.0
8253,11.1,71.0,400.0
8254,13.1,73.0,200.0
8255,14.8,63.0,54.0
8256,15.0,63.0,0.0
8257,16.7,72.0,54.0
8258,19.6,75.0,200.0
8259,21.1,64.0,400.0
8260,19.0,69.0,600.0
8261,21.1,62.0,746.0
8262,17.1,66.0,800.0
8263,18.2,68.0,746.0
8264,16.0,72.0,600.0
8265,14.0,59.0,400.0
8266,12.2,76.0,200.0
8267,9.2,69.0,54.0
8268,8.6,76.0,0.0
8269,6.5,73.0,54.0
8270,6.0,74.0,200.0
8271,5.8,80.0,400.0
8272,4.0,66.0,600.0
8273,3.3,71.0,746.0
8274,3.7,65.0,800.0
8275,7.8,69.0,746.0
8276,9.3,73.0,600.0
8277,10.5,76.0,400.0
8278,11.7,68.0,200.0
8279,14.6,64.0,54.0
8280,17.0,70.0,0.0
8281,16.8,66.0,54.0
8282,18.7,67.0,200.0
8283,18.4,73.0,400.0
8284,19.7,72.0,600.0
8285,21.1,74.0,746.0
8286,19.9,68.0,800.0
8287,17.7,75.0,746.0
8288,13.3,70.0,600.0
8289,13.4,69.0,400.0
8290,12.1,65.0,200.0
8291,9.7,60.0,54.0
8292,8.0,62.0,0.0
8293,6.5,71.0,54.0
8294,4.4,66.0,200.0
8295,4.1,62.0,400.0
8296,3.6,68.0,600.0
8297,3.3,72.0,746.0
8298,6.6,72.0,800.0
8299,5.5,70.0,746.0
8300,5.3,70.0,600.0
8301,11.2,67.0,400.0
8302,10.7,73.0,200.0
8303,14.5,69.0,54.0
8304,14.8,70.0,0.0
8305,17.8,75.0,54.0
8306,18.5,74.0,200.0
8307,20.3,69.0,400.0
8308,19.4,69.0,600.0
8309,18.8,69.0,746.0
8310,18.9,60.0,800.0
8311,17.0,76.0,746.0
8312,13.9,67.0,600.0
8313,13.3,75.0,400.0
8314,14.7,70.0,200.0
8315,7.9,77.0,54.0
8316,8.0,73.0,0.0
8317,5.8,75.0,54.0
8318,6.6,67.0,200.0
8319,2.8,64.0,400.0
8320,3.7,71.0,600.0
8321,4.5,61.0,746.0
8322,4.4,68.0,800.0
8323,5.0,64.0,746.0
8324,7.4,66.0,600.0
8325,9.0,73.0,400.0
8326,11.0,73.0,200.0
8327,14.3,70.0,54.0
8328,15.8,72.0,0.0
8329,17.6,68.0,54.0
8330,18.7,83.0,200.0
8331,20.1,72.0,400.0
8332,20.8,68.0,600.0
8333,19.0,75.0,746.0
8334,19.3,77.0,800.0
8335,16.0,67.0,746.0
8336,13.4,63.0,600.0
8337,15.5,64.0,400.0
8338,11.3,67.0,200.0
8339,9.8,70.0,54.0
8340,6.4,62.0,0.0
8341,4.6,68.0,54.0
8342,3.9,70.0,200.0
8343,4.4,72.0,400.0
8344,2.9,74.0,600.0
8345,3.3,73.0,746.0
8346,3.6,80.0,800.0
8347,6.8,76.0,746.0
8348,8.1,72.0,600.0
8349,8.6,66.0,400.0
8350,11.9,67.0,200.0
8351,13.0,64.0,54.0
8352,14.8,71.0,0.0
8353,16.8,72.0,54.0
8354,18.8,75.0,200.0
8355,18.1,72.0,400.0
8356,19.8,76.0,600.0
8357,21.6,76.0,746.0
8358,18.5,66.0,800.0
8359,17.1,68.0,746.0
8360,15.4,71.0,600.0
8361,14.0,67.0,400.0
8362,9.8,70.0,200.0
8363,11.1,72.0,54.0
8364,8.4,70.0,0.0
8365,5.1,71.0,54.0
8366,4.4,66.0,200.0
8367,3.0,73.0,400.0
8368,3.5,73.0,600.0
8369,3.5,67.0,746.0
8370,4.4,64.0,800.0
8371,4.4,77.0,746.0
8372,6.6,80.0,600.0
8373,10.1,72.0,400.0
8374,10.5,69.0,200.0
8375,10.4,76.0,54.0
8376,14.9,73.0,0.0
8377,19.1,70.0,54.0
8378,18.8,76.0,200.0
8379,18.2,67.0,400.0
8380,19.1,68.0,600.0
8381,19.6,73.0,746.0
8382,16.4,72.0,800.0
8383,16.1,74.0,746.0
8384,15.7,77.0,600.0
8385,15.0,63.0,400.0
8386,10.8,71.0,200.0
8387,10.8,81.0,54.0
8388,6.5,68.0,0.0
8389,2.2,67.0,54.0
8390,5.0,60.0,200.0
8391,3.9,72.0,400.0
8392,3.8,74.0,600.0
8393,4.0,74.0,746.0
8394,4.2,66.0,800.0
8395,5.0,71.0,746.0
8396,6.6,72.0,600.0
8397,8.3,71.0,400.0
8398,10.4,66.0,200.0
8399,11.1,72.0,54.0
8400,13.6,67.0,0.0
8401,16.4,62.0,54.0
8402,15.6,75.0,200.0
8403,16.6,72.0,400.0
8404,18.6,74.0,600.0
8405,18.6,69.0,746.0
8406,17.7,74.0,800.0
8407,14.4,76.0,746.0
8408,16.7,80.0,600.0
8409,11.8,75.0,400.0
8410,10.3,73.0,200.0
8411,7.8,64.0,54.0
8412,8.4,71.0,0.0
8413,5.8,64.0,54.0
8414,3.6,67.0,200.0
8415,2.7,81.0,400.0
8416,3.1,66.0,600.0
8417,1.9,60.0,746.0
8418,4.2,75.0,800.0
8419,4.5,68.0,746.0
8420,7.2,75.0,600.0
8421,9.1,66.0,400.0
8422,10.1,69.0,200.0
8423,10.7,77.0,54.0
8424,14.4,65.0,0.0
8425,14.9,71.0,54.0
8426,17.7,73.0,200.0
8427,18.2,68.0,400.0
8428,18.2,73.0,600.0
8429,17.3,72.0,746.0
8430,19.0,74.0,800.0
8431,16.1,81.0,746.0
8432,17.3,85.0,600.0
8433,13.1,74.0,400.0
8434,11.3,71.0,200.0
8435,8.9,74.0,54.0
8436,7.2,70.0,0.0
8437,6.3,64.0,54.0
8438,5.0,71.0,200.0
8439,1.3,77.0,400.0
8440,3.6,64.0,600.0
8441,3.4,67.0,746.0
8442,3.7,69.0,800.0
8443,6.6,73.0,746.0
8444,8.3,84.0,600.0
8445,9.3,68.0,400.0
8446,9.9,72.0,200.0
8447,11.4,72.0,54.0
8448,15.2,70.0,0.0
8449,17.5,71.0,54.0
8450,15.4,69.0,200.0
8451,19.4,85.0,400.0
8452,18.4,75.0,600.0
8453,16.6,69.0,746.0
8454,18.1,78.0,800.0
8455,17.3,73.0,746.0
8456,14.4,72.0,600.0
8457,11.8,71.0,400.0
8458,12.5,71.0,200.0
8459,8.0,66.0,54.0
8460,7.9,63.0,0.0
8461,3.5,74.0,54.0
8462,4.1,71.0,200.0
8463,3.3,76.0,400.0
8464,3.4,67.0,600.0
8465,4.3,66.0,746.0
8466,2.7,76.0,800.0
8467,5.3,70.0,746.0
8468,5.0,76.0,600.0
8469,6.9,72.0,400.0
8470,9.7,81.0,200.0
8471,12.8,76.0,54.0
8472,16.0,74.0,0.0
8473,17.9,76.0,54.0
8474,17.0,71.0,200.0
8475,18.4,64.0,400.0
8476,19.4,74.0,600.0
8477,19.0,82.0,746.0
8478,17.3,61.0,800.0
8479,16.3,74.0,746.0
8480,14.5,64.0,600.0
8481,12.5,72.0,400.0
8482,10.3,72.0,200.0
8483,8.4,76.0,54.0
8484,6.2,73.0,0.0
8485,3.7,79.0,54.0
8486,4.4,78.0,200.0
8487,3.2,71.0,400.0
8488,4.3,78.0,600.0
8489,3.0,71.0,746.0
8490,2.9,70.0,800.0
8491,3.9,66.0,746.0
8492,6.2,79.0,600.0
8493,8.6,71.0,400.0
8494,9.9,60.0,200.0
8495,10.7,75.0,54.0
8496,13.4,70.0,0.0
8497,15.9,71.0,54.0
8498,17.9,71.0,200.0
8499,16.5,71.0,400.0
8500,18.6,86.0,600.0
8501,18.3,81.0,746.0
8502,16.8,76.0,800.0
8503,15.5,73.0,746.0
8504,13.7,78.0,600.0
8505,12.6,73.0,400.0
8506,11.6,76.0,200.0
8507,9.5,75.0,54.0
8508,5.3,73.0,0.0
8509,4.5,77.0,54.0
8510,1.2,70.0,200.0
8511,2.6,73.0,400.0
8512,2.8,67.0,600.0
8513,4.0,68.0,746.0
8514,1.4,60.0,800.0
8515,3.3,75.0,746.0
8516,6.2,76.0,600.0
8517,6.3,78.0,400.0
8518,10.1,67.0,200.0
8519,12.7,75.0,54.0
8520,12.7,72.0,0.0
8521,15.8,76.0,54.0
8522,15.8,69.0,200.0
8523,19.2,71.0,400.0
8524,18.3,65.0,600.0
8525,17.2,69.0,746.0
8526,15.9,73.0,800.0
8527,16.3,73.0,746.0
8528,15.6,64.0,600.0
8529,11.6,70.0,400.0
8530,9.8,73.0,200.0
8531,7.4,80.0,54.0
8532,7.8,68.0,0.0
8533,2.6,75.0,54.0
8534,4.5,70.0,200.0
8535,2.0,70.0,400.0
8536,2.0,68.0,600.0
8537,1.9,67.0,746.0
8538,3.2,70.0,800.0
8539,3.5,78.0,746.0
8540,6.9,69.0,600.0
8541,8.8,68.0,400.0
8542,8.8,74.0,200.0
8543,12.5,73.0,54.0
8544,13.5,72.0,0.0
8545,15.5,74.0,54.0
8546,18.3,68.0,200.0
8547,17.0,68.0,400.0
8548,18.9,78.0,600.0
8549,18.2,72.0,746.0
8550,16.8,76.0,800.0
8551,16.1,79.0,746.0
8552,14.3,77.0,600.0
8553,11.0,66.0,400.0
8554,9.5,72.0,200.0
8555,7.0,78.0,54.0
8556,5.8,75.0,0.0
8557,5.7,74.0,54.0
8558,3.6,65.0,200.0
8559,0.8,70.0,400.0
8560,1.6,73.0,600.0
8561,2.3,66.0,746.0
8562,3.6,77.0,800.0
8563,3.4,72.0,746.0
8564,4.4,63.0,600.0
8565,7.5,70.0,400.0
8566,10.2,71.0,200.0
8567,11.9,72.0,54.0
8568,12.8,80.0,0.0
8569,17.1,76.0,54.0
8570,16.5,66.0,200.0
8571,17.7,66.0,400.0
8572,17.1,72.0,600.0
8573,18.7,74.0,746.0
8574,17.4,78.0,800.0
8575,15.9,82.0,746.0
8576,12.8,82.0,600.0
8577,13.1,71.0,400.0
8578,10.7,78.0,200.0
8579,8.9,75.0,54.0
8580,5.9,68.0,0.0
8581,4.1,64.0,54.0
8582,2.7,74.0,200.0
8583,4.3,66.0,400.0
8584,1.2,69.0,600.0
8585,0.7,70.0,746.0
8586,2.3,74.0,800.0
8587,3.4,80.0,746.0
8588,6.8,73.0,600.0
8589,6.1,70.0,400.0
8590,8.9,63.0,200.0
8591,11.7,75.0,54.0
8592,14.7,73.0,0.0
8593,15.9,70.0,54.0
8594,18.1,79.0,200.0
8595,17.6,67.0,400.0
8596,17.4,70.0,600.0
8597,18.2,72.0,746.0
8598,15.3,70.0,800.0
8599,13.7,76.0,746.0
8600,14.7,76.0,600.0
8601,12.0,79.0,400.0
8602,10.7,76.0,200.0
8603,6.8,73.0,54.0
8604,7.0,72.0,0.0
8605,4.7,76.0,54.0
8606,2.7,72.0,200.0
8607,2.1,74.0,400.0
8608,1.9,76.0,600.0
8609,0.9,74.0,746.0
8610,2.1,75.0,800.0
8611,4.1,69.0,746.0
8612,4.9,80.0,600.0
8613,5.8,68.0,400.0
8614,9.6,76.0,200.0
8615,12.2,71.0,54.0
8616,14.4,79.0,0.0
8617,15.5,78.0,54.0
8618,17.1,73.0,200.0
8619,18.1,81.0,400.0
8620,17.5,73.0,600.0
8621,15.1,78.0,746.0
8622,17.6,70.0,800.0
8623,14.3,76.0,746.0
8624,12.5,69.0,600.0
8625,10.6,74.0,400.0
8626,12.1,73.0,200.0
8627,8.0,78.0,54.0
8628,4.5,70.0,0.0
8629,3.2,89.0,54.0
8630,2.5,67.0,200.0
8631,2.2,75.0,400.0
8632,1.6,75.0,600.0
8633,0.7,76.0,746.0
8634,2.6,71.0,800.0
8635,2.9,75.0,746.0
8636,6.2,71.0,600.0
8637,7.1,83.0,400.0
8638,8.4,71.0,200.0
8639,11.9,73.0,54.0
8640,13.5,70.0,0.0
8641,14.4,70.0,54.0
8642,16.9,67.0,200.0
8643,17.6,77.0,400.0
8644,18.5,70.0,600.0
8645,17.8,70.0,746.0
8646,16.1,69.0,800.0
8647,13.4,75.0,746.0
8648,13.6,74.0,600.0
8649,11.8,74.0,400.0
8650,9.5,70.0,200.0
8651,4.3,76.0,54.0
8652,6.1,71.0,0.0
8653,2.8,74.0,54.0
8654,3.1,73.0,200.0
8655,3.2,65.0,400.0
8656,0.9,84.0,600.0
8657,1.9,77.0,746.0
8658,2.2,75.0,800.0
8659,3.9,76.0,746.0
8660,5.1,84.0,600.0
8661,6.4,80.0,400.0
8662,8.1,76.0,200.0
8663,12.6,70.0,54.0
8664,13.4,71.0,0.0
8665,15.5,65.0,54.0
8666,16.4,72.0,200.0
8667,17.8,77.0,400.0
8668,16.2,77.0,600.0
8669,17.0,77.0,746.0
8670,16.6,71.0,800.0
8671,16.2,77.0,746.0
8672,15.9,78.0,600.0
8673,11.7,63.0,400.0
8674,8.6,76.0,200.0
8675,6.0,84.0,54.0
8676,4.3,73.0,0.0
8677,2.8,61.0,54.0
8678,-0.7,70.0,200.0
8679,0.7,65.0,400.0
8680,1.8,71.0,600.0
8681,1.3,68.0,746.0
8682,1.7,79.0,800.0
8683,1.6,78.0,746.0
8684,5.9,76.0,600.0
8685,7.3,80.0,400.0
8686,8.8,71.0,200.0
8687,8.7,75.0,54.0
8688,12.3,85.0,0.0
8689,14.9,77.0,54.0
8690,15.8,77.0,200.0
8691,16.8,70.0,400.0
8692,17.6,72.0,600.0
8693,16.9,69.0,746.0
8694,16.6,83.0,800.0
8695,13.9,67.0,746.0
8696,11.9,79.0,600.0
8697,11.6,77.0,400.0
8698,9.8,66.0,200.0
8699,7.5,80.0,54.0
8700,5.2,73.0,0.0
8701,3.0,68.0,54.0
8702,2.3,76.0,200.0
8703,1.6,70.0,400.0
8704,1.3,73.0,600.0
8705,3.7,72.0,746.0
8706,0.9,70.0,800.0
8707,6.3,68.0,746.0
8708,3.4,78.0,600.0
8709,7.0,76.0,400.0
8710,7.4,76.0,200.0
8711,11.0,73.0,54.0
8712,13.6,75.0,0.0
8713,14.4,71.0,54.0
8714,16.6,71.0,200.0
8715,16.0,83.0,400.0
8716,14.7,79.0,600.0
8717,17.2,72.0,746.0
8718,15.8,67.0,800.0
8719,14.1,66.0,746.0
8720,12.5,71.0,600.0
8721,11.4,75.0,400.0
8722,8.1,75.0,200.0
8723,7.2,75.0,54.0
8724,6.1,76.0,0.0
8725,5.3,69.0,54.0
8726,3.3,82.0,200.0
8727,1.2,74.0,400.0
8728,1.0,76.0,600.0
8729,0.5,71.0,746.0
8730,1.2,76.0,800.0
8731,3.8,85.0,746.0
8732,4.2,70.0,600.0
8733,6.8,69.0,400.0
8734,7.5,70.0,200.0
8735,11.9,73.0,54.0
8736,12.2,72.0,0.0
8737,15.3,70.0,54.0
8738,14.8,75.0,200.0
8739,15.6,83.0,400.0
8740,18.0,74.0,600.0
8741,15.8,74.0,746.0
8742,14.1,77.0,800.0
8743,13.4,78.0,746.0
8744,13.6,82.0,600.0
8745,11.6,76.0,400.0
8746,8.0,75.0,200.0
8747,6.1,70.0,54.0
8748,5.4,79.0,0.0
8749,4.4,71.0,54.0
8750,1.7,71.0,200.0
8751,1.4,76.0,400.0
8752,1.4,83.0,600.0
8753,2.9,79.0,746.0
8754,0.4,75.0,800.0
8755,2.1,70.0,746.0
8756,3.9,83.0,600.0
8757,7.1,75.0,400.0
8758,8.1,74.0,200.0
8759,10.7,78.0,54.0
