hour,dry_bulb_C,rh_pct,solar_rad_Wm2
0,4.9,62.0,0.0
1,6.3,68.0,54.0
2,7.7,59.0,200.0
3,8.5,64.0,400.0
4,8.3,63.0,600.0
5,8.0,61.0,746.0
6,9.4,64.0,800.0
7,7.9,56.0,746.0
8,4.8,55.0,600.0
9,4.6,62.0,400.0
10,1.9,52.0,200.0
11,-0.8,63.0,54.0
12,-3.6,54.0,0.0
13,-3.8,68.0,54.0
14,-3.6,58.0,200.0
15,-6.3,67.0,400.0
16,-5.6,59.0,600.0
17,-6.6,59.0,746.0
18,-4.7,65.0,800.0
19,-4.6,62.0,746.0
20,-5.2,60.0,600.0
21,-1.6,58.0,400.0
22,1.3,58.0,200.0
23,4.3,72.0,54.0
24,5.0,52.0,0.0
25,6.9,54.0,54.0
26,7.6,66.0,200.0
27,10.5,66.0,400.0
28,10.8,56.0,600.0
29,8.4,52.0,746.0
30,6.8,67.0,800.0
31,5.3,55.0,746.0
32,6.0,58.0,600.0
33,3.7,61.0,400.0
34,0.7,55.0,200.0
35,-0.4,65.0,54.0
36,-3.8,60.0,0.0
37,-3.5,56.0,54.0
38,-6.0,56.0,200.0
39,-7.5,67.0,400.0
40,-7.1,59.0,600.0
41,-7.0,64.0,746.0
42,-5.4,60.0,800.0
43,-3.4,52.0,746.0
44,-1.8,64.0,600.0
45,-0.9,66.0,400.0
46,0.8,70.0,200.0
47,2.5,51.0,54.0
48,3.2,45.0,0.0
49,6.7,64.0,54.0
50,7.1,58.0,200.0
51,10.0,53.0,400.0
52,8.9,61.0,600.0
53,9.7,58.0,746.0
54,7.7,54.0,800.0
55,6.2,60.0,746.0
56,5.9,63.0,600.0
57,3.6,61.0,400.0
58,1.6,62.0,200.0
59,-0.9,63.0,54.0
60,-2.0,52.0,0.0
61,-3.8,60.0,54.0
62,-7.9,62.0,200.0
63,-6.9,59.0,400.0
64,-5.9,57.0,600.0
65,-7.7,57.0,746.0
66,-7.7,59.0,800.0
67,-4.9,65.0,746.0
68,-2.6,68.0,600.0
69,-1.7,67.0,400.0
70,2.1,53.0,200.0
71,4.8,56.0,54.0
72,2.9,64.0,0.0
73,6.1,67.0,54.0
74,5.6,56.0,200.0
75,9.3,62.0,400.0
76,8.3,55.0,600.0
77,8.3,62.0,746.0
78,9.1,58.0,800.0
79,5.4,62.0,746.0
80,3.5,55.0,600.0
81,0.9,53.0,400.0
82,2.4,76.0,200.0
83,0.1,61.0,54.0
84,-3.2,72.0,0.0
85,-5.9,68.0,54.0
86,-5.1,53.0,200.0
87,-4.0,63.0,400.0
88,-7.3,54.0,600.0
89,-8.1,59.0,746.0
90,-4.9,52.0,800.0
91,-6.0,53.0,746.0
92,-3.6,57.0,600.0
93,-4.0,58.0,400.0
94,0.4,61.0,200.0
95,1.5,56.0,54.0
96,6.0,62.0,0.0
97,5.4,67.0,54.0
98,8.5,62.0,200.0
99,8.4,61.0,400.0
100,9.0,63.0,600.0
101,9.1,54.0,746.0
102,7.8,66.0,800.0
103,6.0,55.0,746.0
104,4.2,69.0,600.0
105,3.6,65.0,400.0
106,-0.9,64.0,200.0
107,0.6,64.0,54.0
108,-2.9,61.0,0.0
109,-5.1,57.0,54.0
110,-5.8,56.0,200.0
111,-7.5,70.0,400.0
112,-7.4,62.0,600.0
113,-8.2,56.0,746.0
114,-5.9,64.0,800.0
115,-5.1,63.0,746.0
116,-3.2,60.0,600.0
117,-0.0,57.0,400.0
118,-0.3,65.0,200.0
119,2.5,66.0,54.0
120,2.9,63.0,0.0
121,6.8,62.0,54.0
122,7.5,57.0,200.0
123,8.4,64.0,400.0
124,8.5,58.0,600.0
125,7.9,55.0,746.0
126,10.2,67.0,800.0
127,6.5,56.0,746.0
128,5.1,52.0,600.0
129,1.8,68.0,400.0
130,1.7,53.0,200.0
131,-1.4,59.0,54.0
132,-2.8,56.0,0.0
133,-4.0,58.0,54.0
134,-6.3,73.0,200.0
135,-7.8,61.0,400.0
136,-9.7,63.0,600.0
137,-7.6,65.0,746.0
138,-7.1,58.0,800.0
139,-6.4,67.0,746.0
140,-2.1,63.0,600.0
141,-0.7,65.0,400.0
142,-1.5,58.0,200.0
143,2.6,64.0,54.0
144,3.6,62.0,0.0
145,6.4,67.0,54.0
146,6.6,59.0,200.0
147,7.7,72.0,400.0
148,9.5,63.0,600.0
149,9.1,61.0,746.0
150,9.0,60.0,800.0
151,6.1,62.0,746.0
152,3.2,58.0,600.0
153,3.7,65.0,400.0
154,1.6,62.0,200.0
155,-0.8,71.0,54.0
156,-4.1,60.0,0.0
157,-6.1,61.0,54.0
158,-5.8,60.0,200.0
159,-8.1,71.0,400.0
160,-7.9,54.0,600.0
161,-4.4,62.0,746.0
162,-4.5,63.0,800.0
163,-4.6,56.0,746.0
164,-4.4,75.0,600.0
165,-2.6,57.0,400.0
166,0.9,62.0,200.0
167,3.8,70.0,54.0
168,3.7,60.0,0.0
169,5.5,63.0,54.0
170,7.3,60.0,200.0
171,6.7,62.0,400.0
172,7.0,67.0,600.0
173,7.0,60.0,746.0
174,7.9,49.0,800.0
175,6.4,62.0,746.0
176,5.6,62.0,600.0
177,0.8,63.0,400.0
178,-1.0,61.0,200.0
179,-1.1,58.0,54.0
180,-4.4,61.0,0.0
181,-6.0,71.0,54.0
182,-5.5,62.0,200.0
183,-7.9,65.0,400.0
184,-8.1,57.0,600.0
185,-7.7,61.0,746.0
186,-6.9,57.0,800.0
187,-4.8,68.0,746.0
188,-5.1,54.0,600.0
189,-2.2,64.0,400.0
190,1.2,64.0,200.0
191,4.3,63.0,54.0
192,2.7,50.0,0.0
193,6.1,52.0,54.0
194,6.9,63.0,200.0
195,7.8,57.0,400.0
196,7.4,59.0,600.0
197,8.7,60.0,746.0
198,7.9,57.0,800.0
199,8.5,56.0,746.0
200,3.0,62.0,600.0
201,0.7,53.0,400.0
202,2.4,60.0,200.0
203,-1.8,59.0,54.0
204,-4.1,62.0,0.0
205,-5.2,74.0,54.0
206,-8.1,57.0,200.0
207,-7.2,64.0,400.0
208,-7.9,63.0,600.0
209,-6.6,65.0,746.0
210,-6.0,61.0,800.0
211,-4.7,69.0,746.0
212,-3.9,66.0,600.0
213,-0.5,66.0,400.0
214,0.5,55.0,200.0
215,1.4,63.0,54.0
216,3.1,60.0,0.0
217,4.9,58.0,54.0
218,7.5,59.0,200.0
219,6.4,62.0,400.0
220,8.2,65.0,600.0
221,7.0,67.0,746.0
222,5.8,67.0,800.0
223,4.7,64.0,746.0
224,4.2,63.0,600.0
225,3.0,61.0,400.0
226,-0.5,61.0,200.0
227,-3.9,59.0,54.0
228,-0.7,60.0,0.0
229,-4.4,64.0,54.0
230,-5.9,70.0,200.0
231,-6.1,62.0,400.0
232,-7.9,58.0,600.0
233,-7.9,67.0,746.0
234,-5.7,52.0,800.0
235,-4.5,68.0,746.0
236,-3.6,55.0,600.0
237,-1.4,66.0,400.0
238,-1.5,60.0,200.0
239,1.6,64.0,54.0
240,5.5,73.0,0.0
241,6.3,58.0,54.0
242,5.3,58.0,200.0
243,7.1,63.0,400.0
244,9.5,70.0,600.0
245,8.1,64.0,746.0
246,7.1,63.0,800.0
247,5.9,63.0,746.0
248,4.0,58.0,600.0
249,1.6,64.0,400.0
250,-0.8,61.0,200.0
251,-1.0,69.0,54.0
252,-3.7,67.0,0.0
253,-5.0,56.0,54.0
254,-6.4,61.0,200.0
255,-6.4,65.0,400.0
256,-7.7,58.0,600.0
257,-7.1,57.0,746.0
258,-7.0,60.0,800.0
259,-6.9,64.0,746.0
260,-4.6,68.0,600.0
261,-1.9,64.0,400.0
262,0.3,75.0,200.0
263,3.1,59.0,54.0
264,3.2,67.0,0.0
265,5.5,57.0,54.0
266,6.5,71.0,200.0
267,9.1,70.0,400.0
268,8.1,66.0,600.0
269,7.9,54.0,746.0
270,6.7,66.0,800.0
271,5.3,59.0,746.0
272,2.5,65.0,600.0
273,0.7,56.0,400.0
274,0.1,64.0,200.0
275,-2.1,61.0,54.0
276,-3.9,59.0,0.0
277,-4.9,66.0,54.0
278,-7.0,63.0,200.0
279,-8.3,62.0,400.0
280,-8.5,67.0,600.0
281,-7.8,73.0,746.0
282,-7.7,64.0,800.0
283,-5.0,54.0,746.0
284,-4.5,55.0,600.0
285,-2.3,63.0,400.0
286,-1.3,68.0,200.0
287,2.6,64.0,54.0
288,4.9,66.0,0.0
289,3.8,63.0,54.0
290,6.9,68.0,200.0
291,7.2,66.0,400.0
292,7.9,58.0,600.0
293,7.8,65.0,746.0
294,4.4,55.0,800.0
295,6.2,65.0,746.0
296,4.9,62.0,600.0
297,3.1,64.0,400.0
298,-1.2,65.0,200.0
299,-2.3,65.0,54.0
300,-4.8,70.0,0.0
301,-7.9,63.0,54.0
302,-7.9,64.0,200.0
303,-9.2,70.0,400.0
304,-8.1,73.0,600.0
305,-9.9,63.0,746.0
306,-8.5,61.0,800.0
307,-6.8,61.0,746.0
308,-3.9,66.0,600.0
309,0.0,62.0,400.0
310,-0.4,55.0,200.0
311,0.4,69.0,54.0
312,2.7,67.0,0.0
313,5.7,69.0,54.0
314,5.0,70.0,200.0
315,8.3,64.0,400.0
316,7.7,65.0,600.0
317,7.1,68.0,746.0
318,4.8,57.0,800.0
319,6.2,62.0,746.0
320,2.9,63.0,600.0
321,1.9,68.0,400.0
322,-0.5,61.0,200.0
323,-4.0,60.0,54.0
324,-4.6,61.0,0.0
325,-7.3,66.0,54.0
326,-8.1,63.0,200.0
327,-7.8,56.0,400.0
328,-7.9,57.0,600.0
329,-8.4,64.0,746.0
330,-8.5,64.0,800.0
331,-7.0,64.0,746.0
332,-5.4,61.0,600.0
333,-5.0,67.0,400.0
334,-0.7,65.0,200.0
335,-0.4,65.0,54.0
336,3.3,65.0,0.0
337,3.4,72.0,54.0
338,5.0,58.0,200.0
339,7.7,62.0,400.0
340,7.4,62.0,600.0
341,5.2,70.0,746.0
342,5.8,62.0,800.0
343,5.4,60.0,746.0
344,2.9,63.0,600.0
345,1.2,64.0,400.0
346,-0.3,70.0,200.0
347,-2.5,62.0,54.0
348,-5.5,60.0,0.0
349,-6.2,59.0,54.0
350,-7.8,62.0,200.0
351,-6.7,77.0,400.0
352,-8.8,66.0,600.0
353,-8.4,67.0,746.0
354,-7.5,64.0,800.0
355,-6.9,64.0,746.0
356,-5.6,68.0,600.0
357,-2.6,67.0,400.0
358,-0.5,66.0,200.0
359,3.2,64.0,54.0
360,3.8,62.0,0.0
361,5.5,66.0,54.0
362,6.8,64.0,200.0
363,6.2,75.0,400.0
364,5.9,69.0,600.0
365,6.0,61.0,746.0
366,6.9,58.0,800.0
367,6.4,62.0,746.0
368,4.1,58.0,600.0
369,1.3,62.0,400.0
370,1.0,59.0,200.0
371,-3.2,62.0,54.0
372,-5.8,62.0,0.0
373,-6.1,65.0,54.0
374,-6.4,63.0,200.0
375,-9.4,59.0,400.0
376,-10.6,70.0,600.0
377,-8.6,66.0,746.0
378,-7.1,61.0,800.0
379,-9.6,60.0,746.0
380,-4.1,57.0,600.0
381,-4.5,56.0,400.0
382,-0.4,69.0,200.0
383,-1.0,69.0,54.0
384,1.4,61.0,0.0
385,5.2,71.0,54.0
386,7.1,67.0,200.0
387,6.7,65.0,400.0
388,9.4,68.0,600.0
389,5.8,67.0,746.0
390,5.0,65.0,800.0
391,4.5,63.0,746.0
392,2.8,64.0,600.0
393,1.6,56.0,400.0
394,-1.5,60.0,200.0
395,-2.3,73.0,54.0
396,-4.3,60.0,0.0
397,-4.9,55.0,54.0
398,-8.3,69.0,200.0
399,-8.3,65.0,400.0
400,-8.4,66.0,600.0
401,-8.8,63.0,746.0
402,-8.3,69.0,800.0
403,-8.9,72.0,746.0
404,-5.1,62.0,600.0
405,-2.7,67.0,400.0
406,-1.3,70.0,200.0
407,0.1,61.0,54.0
408,1.1,72.0,0.0
409,4.9,70.0,54.0
410,5.8,58.0,200.0
411,8.0,72.0,400.0
412,5.5,58.0,600.0
413,6.2,61.0,746.0
414,4.6,68.0,800.0
415,5.7,70.0,746.0
416,4.3,65.0,600.0
417,3.1,61.0,400.0
418,-0.4,63.0,200.0
419,-2.2,63.0,54.0
420,-4.5,69.0,0.0
421,-6.1,62.0,54.0
422,-7.9,61.0,200.0
423,-8.2,57.0,400.0
424,-7.0,62.0,600.0
425,-8.7,64.0,746.0
426,-8.2,59.0,800.0
427,-6.8,56.0,746.0
428,-5.5,69.0,600.0
429,-3.2,60.0,400.0
430,-1.6,58.0,200.0
431,1.8,72.0,54.0
432,3.7,69.0,0.0
433,6.5,70.0,54.0
434,5.6,67.0,200.0
435,6.8,71.0,400.0
436,7.0,69.0,600.0
437,6.7,63.0,746.0
438,6.9,59.0,800.0
439,2.9,58.0,746.0
440,3.4,64.0,600.0
441,3.0,59.0,400.0
442,0.3,61.0,200.0
443,-1.9,64.0,54.0
444,-4.3,72.0,0.0
445,-7.4,57.0,54.0
446,-8.9,65.0,200.0
447,-9.7,58.0,400.0
448,-10.4,62.0,600.0
449,-8.1,69.0,746.0
450,-6.8,61.0,800.0
451,-6.7,63.0,746.0
452,-4.7,65.0,600.0
453,-3.3,68.0,400.0
454,-0.9,62.0,200.0
455,-1.6,71.0,54.0
456,2.8,63.0,0.0
457,3.8,67.0,54.0
458,5.5,64.0,200.0
459,6.6,69.0,400.0
460,5.9,75.0,600.0
461,5.3,63.0,746.0
462,4.9,65.0,800.0
463,3.0,63.0,746.0
464,1.6,62.0,600.0
465,-0.1,61.0,400.0
466,-2.6,65.0,200.0
467,-2.8,61.0,54.0
468,-6.1,61.0,0.0
469,-8.8,49.0,54.0
470,-8.6,72.0,200.0
471,-10.2,73.0,400.0
472,-8.0,68.0,600.0
473,-9.1,61.0,746.0
474,-9.9,59.0,800.0
475,-6.7,57.0,746.0
476,-5.5,68.0,600.0
477,-3.9,71.0,400.0
478,-0.1,66.0,200.0
479,-0.5,69.0,54.0
480,3.4,67.0,0.0
481,3.6,61.0,54.0
482,5.3,70.0,200.0
483,5.4,70.0,400.0
484,5.8,60.0,600.0
485,5.8,69.0,746.0
486,3.6,64.0,800.0
487,4.6,64.0,746.0
488,2.8,67.0,600.0
489,-0.8,67.0,400.0
490,-0.7,70.0,200.0
491,-2.0,61.0,54.0
492,-6.0,68.0,0.0
493,-7.8,59.0,54.0
494,-7.3,64.0,200.0
495,-8.8,65.0,400.0
496,-9.7,70.0,600.0
497,-8.5,65.0,746.0
498,-8.3,64.0,800.0
499,-5.9,72.0,746.0
500,-5.8,63.0,600.0
501,-3.4,63.0,400.0
502,-0.7,56.0,200.0
503,-2.1,64.0,54.0
504,3.4,61.0,0.0
505,3.4,64.0,54.0
506,5.7,67.0,200.0
507,7.7,60.0,400.0
508,6.1,61.0,600.0
509,5.7,57.0,746.0
510,5.3,63.0,800.0
511,2.7,61.0,746.0
512,4.7,76.0,600.0
513,0.6,73.0,400.0
514,0.2,72.0,200.0
515,-3.9,59.0,54.0
516,-5.5,65.0,0.0
517,-6.2,59.0,54.0
518,-9.6,75.0,200.0
519,-9.5,70.0,400.0
520,-8.8,60.0,600.0
521,-9.7,67.0,746.0
522,-9.2,58.0,800.0
523,-6.4,65.0,746.0
524,-4.5,65.0,600.0
525,-2.4,69.0,400.0
526,-2.6,70.0,200.0
527,-0.4,66.0,54.0
528,1.6,64.0,0.0
529,4.5,49.0,54.0
530,3.9,73.0,200.0
531,4.8,62.0,400.0
532,5.5,66.0,600.0
533,5.1,77.0,746.0
534,6.2,60.0,800.0
535,4.8,66.0,746.0
536,1.9,68.0,600.0
537,0.3,71.0,400.0
538,-4.1,66.0,200.0
539,-4.1,72.0,54.0
540,-4.4,64.0,0.0
541,-7.8,68.0,54.0
542,-9.7,68.0,200.0
543,-8.1,65.0,400.0
544,-10.9,67.0,600.0
545,-8.0,61.0,746.0
546,-5.9,64.0,800.0
547,-7.7,59.0,746.0
548,-4.7,64.0,600.0
549,-5.8,71.0,400.0
550,-3.7,68.0,200.0
551,-0.8,67.0,54.0
552,2.8,58.0,0.0
553,3.7,67.0,54.0
554,4.8,65.0,200.0
555,4.5,69.0,400.0
556,6.0,73.0,600.0
557,5.3,64.0,746.0
558,4.2,64.0,800.0
559,2.9,70.0,746.0
560,2.5,63.0,600.0
561,-0.4,66.0,400.0
562,-1.7,56.0,200.0
563,-5.6,64.0,54.0
564,-5.2,72.0,0.0
565,-7.2,68.0,54.0
566,-9.0,70.0,200.0
567,-9.4,71.0,400.0
568,-9.0,73.0,600.0
569,-11.2,64.0,746.0
570,-8.9,71.0,800.0
571,-9.0,77.0,746.0
572,-6.0,66.0,600.0
573,-4.5,59.0,400.0
574,-2.2,63.0,200.0
575,0.8,68.0,54.0
576,2.7,58.0,0.0
577,4.6,62.0,54.0
578,4.5,64.0,200.0
579,6.4,67.0,400.0
580,6.5,75.0,600.0
581,5.4,70.0,746.0
582,5.1,61.0,800.0
583,3.6,85.0,746.0
584,3.5,66.0,600.0
585,1.0,58.0,400.0
586,-2.2,61.0,200.0
587,-4.3,61.0,54.0
588,-4.9,59.0,0.0
589,-6.2,69.0,54.0
590,-8.6,53.0,200.0
591,-9.1,71.0,400.0
592,-8.7,70.0,600.0
593,-10.0,64.0,746.0
594,-9.0,71.0,800.0
595,-7.4,61.0,746.0
596,-6.7,62.0,600.0
597,-2.6,69.0,400.0
598,-2.7,65.0,200.0
599,-0.1,63.0,54.0
600,3.7,66.0,0.0
601,1.6,73.0,54.0
602,4.9,73.0,200.0
603,4.9,68.0,400.0
604,5.9,65.0,600.0
605,4.4,69.0,746.0
606,4.5,62.0,800.0
607,3.7,72.0,746.0
608,2.3,71.0,600.0
609,1.0,76.0,400.0
610,-4.3,62.0,200.0
611,-4.2,62.0,54.0
612,-6.2,69.0,0.0
613,-7.7,65.0,54.0
614,-9.0,71.0,200.0
615,-10.7,73.0,400.0
616,-11.7,75.0,600.0
617,-9.7,67.0,746.0
618,-10.2,71.0,800.0
619,-7.6,64.0,746.0
620,-7.3,68.0,600.0
621,-3.8,66.0,400.0
622,-2.4,66.0,200.0
623,-0.3,76.0,54.0
624,1.4,60.0,0.0
625,2.9,66.0,54.0
626,4.4,67.0,200.0
627,6.6,70.0,400.0
628,4.2,61.0,600.0
629,4.9,65.0,746.0
630,5.8,64.0,800.0
631,4.4,55.0,746.0
632,3.3,72.0,600.0
633,-0.1,59.0,400.0
634,-3.4,59.0,200.0
635,-5.3,71.0,54.0
636,-6.4,65.0,0.0
637,-7.0,65.0,54.0
638,-9.4,65.0,200.0
639,-10.3,72.0,400.0
640,-9.9,64.0,600.0
641,-10.0,70.0,746.0
642,-9.8,61.0,800.0
643,-9.1,68.0,746.0
644,-5.5,71.0,600.0
645,-3.5,74.0,400.0
646,-3.6,59.0,200.0
647,-0.8,65.0,54.0
648,2.2,75.0,0.0
649,2.0,71.0,54.0
650,4.9,66.0,200.0
651,5.0,67.0,400.0
652,4.4,68.0,600.0
653,7.2,65.0,746.0
654,4.3,70.0,800.0
655,3.9,69.0,746.0
656,0.7,61.0,600.0
657,1.4,64.0,400.0
658,-0.2,65.0,200.0
659,-5.8,66.0,54.0
660,-6.4,68.0,0.0
661,-6.6,68.0,54.0
662,-9.7,63.0,200.0
663,-9.7,74.0,400.0
664,-12.1,67.0,600.0
665,-11.0,74.0,746.0
666,-9.1,74.0,800.0
667,-8.8,62.0,746.0
668,-7.0,64.0,600.0
669,-6.2,65.0,400.0
670,-2.0,69.0,200.0
671,-1.9,71.0,54.0
672,2.9,68.0,0.0
673,2.4,64.0,54.0
674,5.2,75.0,200.0
675,5.9,65.0,400.0
676,4.5,71.0,600.0
677,4.7,67.0,746.0
678,4.1,67.0,800.0
679,2.9,70.0,746.0
680,0.4,75.0,600.0
681,0.3,69.0,400.0
682,-3.0,65.0,200.0
683,-4.5,74.0,54.0
684,-5.3,70.0,0.0
685,-7.5,68.0,54.0
686,-10.0,72.0,200.0
687,-9.2,69.0,400.0
688,-9.9,79.0,600.0
689,-11.0,67.0,746.0
690,-10.1,73.0,800.0
691,-7.3,69.0,746.0
692,-5.9,69.0,600.0
693,-6.3,65.0,400.0
694,-3.7,65.0,200.0
695,0.0,70.0,54.0
696,0.1,63.0,0.0
697,3.8,64.0,54.0
698,6.2,67.0,200.0
699,5.5,73.0,400.0
700,4.5,68.0,600.0
701,5.4,68.0,746.0
702,5.5,62.0,800.0
703,3.3,76.0,746.0
704,2.0,73.0,600.0
705,-1.2,73.0,400.0
706,-3.1,60.0,200.0
707,-3.6,69.0,54.0
708,-7.2,63.0,0.0
709,-10.7,71.0,54.0
710,-9.8,69.0,200.0
711,-10.0,70.0,400.0
712,-9.6,64.0,600.0
713,-8.8,62.0,746.0
714,-9.6,64.0,800.0
715,-7.8,69.0,746.0
716,-6.7,66.0,600.0
717,-4.6,69.0,400.0
718,-3.0,62.0,200.0
719,-0.4,67.0,54.0
720,0.4,74.0,0.0
721,4.8,69.0,54.0
722,1.8,69.0,200.0
723,5.6,69.0,400.0
724,5.6,65.0,600.0
725,5.4,76.0,746.0
726,3.1,69.0,800.0
727,1.4,68.0,746.0
728,2.1,71.0,600.0
729,0.9,72.0,400.0
730,-2.3,61.0,200.0
731,-3.8,68.0,54.0
732,-7.0,79.0,0.0
733,-7.9,76.0,54.0
734,-8.3,67.0,200.0
735,-10.7,71.0,400.0
736,-9.6,66.0,600.0
737,-12.2,69.0,746.0
738,-10.4,65.0,800.0
739,-8.0,65.0,746.0
740,-5.0,65.0,600.0
741,-5.0,76.0,400.0
742,-4.0,65.0,200.0
743,1.0,73.0,54.0
744,0.9,65.0,0.0
745,3.4,65.0,54.0
746,3.7,70.0,200.0
747,5.0,61.0,400.0
748,4.6,71.0,600.0
749,7.2,67.0,746.0
750,5.4,65.0,800.0
751,4.7,64.0,746.0
752,0.6,78.0,600.0
753,-2.4,68.0,400.0
754,-2.9,67.0,200.0
755,-2.2,72.0,54.0
756,-7.0,64.0,0.0
757,-7.3,73.0,54.0
758,-10.7,68.0,200.0
759,-11.4,61.0,400.0
760,-10.9,65.0,600.0
761,-8.5,62.0,746.0
762,-8.8,68.0,800.0
763,-10.7,64.0,746.0
764,-6.4,63.0,600.0
765,-6.3,69.0,400.0
766,-3.8,68.0,200.0
767,-0.5,74.0,54.0
768,2.3,74.0,0.0
769,4.0,68.0,54.0
770,4.3,70.0,200.0
771,5.1,61.0,400.0
772,6.4,71.0,600.0
773,3.3,70.0,746.0
774,5.9,73.0,800.0
775,2.1,66.0,746.0
776,1.5,66.0,600.0
777,-1.2,66.0,400.0
778,-3.9,75.0,200.0
779,-4.4,69.0,54.0
780,-6.5,60.0,0.0
781,-8.6,71.0,54.0
782,-9.9,66.0,200.0
783,-9.1,73.0,400.0
784,-8.8,71.0,600.0
785,-9.5,74.0,746.0
786,-9.7,73.0,800.0
787,-10.4,73.0,746.0
788,-6.5,74.0,600.0
789,-4.6,72.0,400.0
790,-2.4,65.0,200.0
791,-2.2,62.0,54.0
792,1.7,64.0,0.0
793,4.1,72.0,54.0
794,2.8,57.0,200.0
795,5.4,68.0,400.0
796,4.2,67.0,600.0
797,4.7,74.0,746.0
798,3.1,68.0,800.0
799,2.4,66.0,746.0
800,0.8,75.0,600.0
801,-0.4,68.0,400.0
802,-2.0,67.0,200.0
803,-3.7,66.0,54.0
804,-7.5,70.0,0.0
805,-8.2,67.0,54.0
806,-11.0,67.0,200.0
807,-10.8,75.0,400.0
808,-11.0,68.0,600.0
809,-11.8,66.0,746.0
810,-9.5,63.0,800.0
811,-9.0,69.0,746.0
812,-7.1,65.0,600.0
813,-4.1,66.0,400.0
814,-3.7,64.0,200.0
815,-0.4,69.0,54.0
816,2.2,62.0,0.0
817,3.8,70.0,54.0
818,3.5,66.0,200.0
819,3.6,72.0,400.0
820,4.2,71.0,600.0
821,3.1,69.0,746.0
822,4.6,73.0,800.0
823,3.4,76.0,746.0
824,1.1,75.0,600.0
825,-2.3,62.0,400.0
826,-3.3,65.0,200.0
827,-3.7,66.0,54.0
828,-6.4,72.0,0.0
829,-7.9,66.0,54.0
830,-6.7,66.0,200.0
831,-10.5,65.0,400.0
832,-13.3,70.0,600.0
833,-12.0,72.0,746.0
834,-9.9,62.0,800.0
835,-8.9,66.0,746.0
836,-7.5,59.0,600.0
837,-5.6,57.0,400.0
838,-4.2,71.0,200.0
839,-0.9,70.0,54.0
840,2.0,69.0,0.0
841,4.1,76.0,54.0
842,5.3,60.0,200.0
843,3.5,58.0,400.0
844,4.8,63.0,600.0
845,4.2,58.0,746.0
846,4.4,65.0,800.0
847,2.5,71.0,746.0
848,0.7,70.0,600.0
849,0.5,74.0,400.0
850,-3.0,70.0,200.0
851,-5.0,67.0,54.0
852,-6.7,66.0,0.0
853,-8.1,71.0,54.0
854,-9.4,61.0,200.0
855,-9.4,53.0,400.0
856,-12.5,71.0,600.0
857,-10.7,70.0,746.0
858,-10.4,77.0,800.0
859,-9.4,72.0,746.0
860,-6.7,70.0,600.0
861,-4.2,67.0,400.0
862,-4.1,65.0,200.0
863,0.3,67.0,54.0
864,-0.9,73.0,0.0
865,2.8,71.0,54.0
866,2.6,73.0,200.0
867,3.7,69.0,400.0
868,4.7,64.0,600.0
869,4.1,75.0,746.0
870,0.8,74.0,800.0
871,3.1,70.0,746.0
872,1.6,72.0,600.0
873,-1.2,71.0,400.0
874,-3.4,66.0,200.0
875,-5.6,68.0,54.0
876,-8.9,64.0,0.0
877,-10.7,68.0,54.0
878,-9.4,74.0,200.0
879,-10.0,73.0,400.0
880,-10.8,72.0,600.0
881,-10.8,74.0,746.0
882,-9.6,67.0,800.0
883,-8.4,63.0,746.0
884,-8.3,68.0,600.0
885,-5.4,69.0,400.0
886,-3.9,72.0,200.0
887,-1.8,71.0,54.0
888,1.6,74.0,0.0
889,3.7,59.0,54.0
890,1.1,65.0,200.0
891,4.0,68.0,400.0
892,4.3,71.0,600.0
893,5.5,79.0,746.0
894,2.2,64.0,800.0
895,-0.6,65.0,746.0
896,1.6,67.0,600.0
897,-0.2,65.0,400.0
898,-5.0,65.0,200.0
899,-5.4,69.0,54.0
900,-5.7,74.0,0.0
901,-10.0,70.0,54.0
902,-10.2,65.0,200.0
903,-10.6,68.0,400.0
904,-12.9,64.0,600.0
905,-11.8,74.0,746.0
906,-12.2,76.0,800.0
907,-9.4,61.0,746.0
908,-8.4,70.0,600.0
909,-5.5,65.0,400.0
910,-3.0,69.0,200.0
911,-0.2,69.0,54.0
912,2.7,62.0,0.0
913,2.2,75.0,54.0
914,3.0,68.0,200.0
915,3.8,67.0,400.0
916,3.5,70.0,600.0
917,4.7,65.0,746.0
918,3.0,68.0,800.0
919,2.8,60.0,746.0
920,-0.3,57.0,600.0
921,-1.7,64.0,400.0
922,-2.9,67.0,200.0
923,-5.5,60.0,54.0
924,-9.3,67.0,0.0
925,-9.1,67.0,54.0
926,-11.2,69.0,200.0
927,-10.0,72.0,400.0
928,-10.6,78.0,600.0
929,-13.6,71.0,746.0
930,-9.8,64.0,800.0
931,-9.0,73.0,746.0
932,-9.2,76.0,600.0
933,-4.9,64.0,400.0
934,-5.0,64.0,200.0
935,-0.5,62.0,54.0
936,-0.4,67.0,0.0
937,0.4,71.0,54.0
938,5.4,77.0,200.0
939,2.5,74.0,400.0
940,3.6,71.0,600.0
941,3.6,70.0,746.0
942,3.0,71.0,800.0
943,2.9,72.0,746.0
944,0.6,76.0,600.0
945,-0.3,69.0,400.0
946,-3.0,71.0,200.0
947,-7.2,67.0,54.0
948,-6.9,70.0,0.0
949,-8.9,68.0,54.0
950,-11.1,64.0,200.0
951,-9.2,74.0,400.0
952,-11.0,77.0,600.0
953,-10.5,69.0,746.0
954,-9.7,71.0,800.0
955,-9.8,74.0,746.0
956,-7.2,69.0,600.0
957,-5.6,70.0,400.0
958,-4.4,68.0,200.0
959,-3.0,67.0,54.0
960,0.2,72.0,0.0
961,2.4,72.0,54.0
962,3.2,74.0,200.0
963,3.8,70.0,400.0
964,4.4,64.0,600.0
965,3.8,75.0,746.0
966,4.9,66.0,800.0
967,2.4,66.0,746.0
968,-0.0,67.0,600.0
969,-3.2,61.0,400.0
970,-3.7,69.0,200.0
971,-6.2,73.0,54.0
972,-8.2,67.0,0.0
973,-8.3,76.0,54.0
974,-10.5,76.0,200.0
975,-13.1,74.0,400.0
976,-11.1,60.0,600.0
977,-13.1,77.0,746.0
978,-10.1,68.0,800.0
979,-10.0,78.0,746.0
980,-7.8,67.0,600.0
981,-6.0,69.0,400.0
982,-4.1,70.0,200.0
983,-1.6,65.0,54.0
984,0.2,62.0,0.0
985,3.6,58.0,54.0
986,3.3,85.0,200.0
987,4.2,61.0,400.0
988,3.5,61.0,600.0
989,4.4,73.0,746.0
990,2.2,63.0,800.0
991,3.2,62.0,746.0
992,-1.1,55.0,600.0
993,-2.4,71.0,400.0
994,-5.2,64.0,200.0
995,-5.2,73.0,54.0
996,-8.0,69.0,0.0
997,-8.6,70.0,54.0
998,-11.6,68.0,200.0
999,-10.9,68.0,400.0
1000,-11.2,65.0,600.0
1001,-11.4,66.0,746.0
1002,-10.8,64.0,800.0
1003,-9.5,77.0,746.0
1004,-8.9,68.0,600.0
1005,-7.1,59.0,400.0
1006,-3.5,71.0,200.0
1007,-2.3,66.0,54.0
1008,0.5,70.0,0.0
1009,3.2,69.0,54.0
1010,2.5,77.0,200.0
1011,3.2,68.0,400.0
1012,3.8,74.0,600.0
1013,4.0,74.0,746.0
1014,3.8,63.0,800.0
1015,1.9,71.0,746.0
1016,2.4,66.0,600.0
1017,-1.2,64.0,400.0
1018,-2.9,64.0,200.0
1019,-5.8,74.0,54.0
1020,-6.7,83.0,0.0
1021,-9.6,66.0,54.0
1022,-11.3,71.0,200.0
1023,-10.6,72.0,400.0
1024,-11.9,67.0,600.0
1025,-11.4,77.0,746.0
1026,-9.9,81.0,800.0
1027,-9.5,67.0,746.0
1028,-8.2,79.0,600.0
1029,-6.7,67.0,400.0
1030,-3.0,65.0,200.0
1031,-2.4,69.0,54.0
1032,-0.1,74.0,0.0
1033,1.9,70.0,54.0
1034,3.2,74.0,200.0
1035,4.8,71.0,400.0
1036,4.0,77.0,600.0
1037,5.2,73.0,746.0
1038,2.8,78.0,800.0
1039,2.2,66.0,746.0
1040,0.0,69.0,600.0
1041,0.4,70.0,400.0
1042,-4.1,66.0,200.0
1043,-6.1,65.0,54.0
1044,-7.7,72.0,0.0
1045,-9.7,74.0,54.0
1046,-10.5,71.0,200.0
1047,-10.4,76.0,400.0
1048,-11.8,65.0,600.0
1049,-11.6,68.0,746.0
1050,-11.2,64.0,800.0
1051,-10.3,71.0,746.0
1052,-8.0,73.0,600.0
1053,-6.2,77.0,400.0
1054,-3.0,64.0,200.0
1055,-3.1,72.0,54.0
1056,1.3,77.0,0.0
1057,1.4,65.0,54.0
1058,3.0,64.0,200.0
1059,2.6,63.0,400.0
1060,4.6,73.0,600.0
1061,2.8,67.0,746.0
1062,3.4,73.0,800.0
1063,2.1,69.0,746.0
1064,-0.2,79.0,600.0
1065,-3.8,74.0,400.0
1066,-1.7,66.0,200.0
1067,-7.0,69.0,54.0
1068,-7.6,74.0,0.0
1069,-10.3,65.0,54.0
1070,-9.8,76.0,200.0
1071,-12.1,69.0,400.0
1072,-12.8,74.0,600.0
1073,-11.2,69.0,746.0
1074,-12.3,68.0,800.0
1075,-10.2,67.0,746.0
1076,-7.5,79.0,600.0
1077,-4.8,69.0,400.0
1078,-5.2,86.0,200.0
1079,-2.8,71.0,54.0
1080,0.1,66.0,0.0
1081,-0.5,63.0,54.0
1082,4.1,77.0,200.0
1083,2.6,70.0,400.0
1084,3.5,75.0,600.0
1085,4.0,82.0,746.0
1086,3.0,74.0,800.0
1087,0.7,72.0,746.0
1088,1.8,77.0,600.0
1089,-4.4,75.0,400.0
1090,-5.0,64.0,200.0
1091,-6.6,77.0,54.0
1092,-8.9,70.0,0.0
1093,-8.4,78.0,54.0
1094,-12.6,73.0,200.0
1095,-10.2,77.0,400.0
1096,-12.4,69.0,600.0
1097,-13.2,63.0,746.0
1098,-13.2,73.0,800.0
1099,-10.1,76.0,746.0
1100,-9.0,68.0,600.0
1101,-6.1,70.0,400.0
1102,-4.8,60.0,200.0
1103,-1.3,70.0,54.0
1104,-0.4,64.0,0.0
1105,1.0,73.0,54.0
1106,3.7,72.0,200.0
1107,3.8,71.0,400.0
1108,4.6,77.0,600.0
1109,4.8,72.0,746.0
1110,2.6,72.0,800.0
1111,1.7,72.0,746.0
1112,0.9,68.0,600.0
1113,-4.4,76.0,400.0
1114,-4.1,66.0,200.0
1115,-6.3,73.0,54.0
1116,-7.6,77.0,0.0
1117,-10.5,66.0,54.0
1118,-9.9,64.0,200.0
1119,-12.6,66.0,400.0
1120,-12.6,80.0,600.0
1121,-12.6,68.0,746.0
1122,-10.0,65.0,800.0
1123,-12.1,73.0,746.0
1124,-6.6,57.0,600.0
1125,-5.0,66.0,400.0
1126,-4.9,78.0,200.0
1127,-1.3,66.0,54.0
1128,-0.2,70.0,0.0
1129,3.0,72.0,54.0
1130,3.6,72.0,200.0
1131,5.7,68.0,400.0
1132,2.2,74.0,600.0
1133,3.8,78.0,746.0
1134,1.1,66.0,800.0
1135,1.1,68.0,746.0
1136,2.2,70.0,600.0
1137,-1.5,74.0,400.0
1138,-3.1,71.0,200.0
1139,-5.6,70.0,54.0
1140,-7.6,63.0,0.0
1141,-10.3,65.0,54.0
1142,-11.8,72.0,200.0
1143,-12.5,68.0,400.0
1144,-15.0,69.0,600.0
1145,-12.1,71.0,746.0
1146,-11.0,83.0,800.0
1147,-10.7,69.0,746.0
1148,-8.5,78.0,600.0
1149,-6.0,78.0,400.0
1150,-3.6,75.0,200.0
1151,-3.6,67.0,54.0
1152,-1.2,72.0,0.0
1153,2.0,69.0,54.0
1154,3.2,81.0,200.0
1155,4.7,73.0,400.0
1156,5.0,70.0,600.0
1157,5.9,80.0,746.0
1158,2.4,69.0,800.0
1159,3.1,74.0,746.0
1160,-1.0,75.0,600.0
1161,0.4,73.0,400.0
1162,-3.6,71.0,200.0
1163,-5.6,75.0,54.0
1164,-7.1,68.0,0.0
1165,-11.2,77.0,54.0
1166,-12.2,70.0,200.0
1167,-11.9,78.0,400.0
1168,-12.0,76.0,600.0
1169,-10.0,74.0,746.0
1170,-12.3,71.0,800.0
1171,-8.6,77.0,746.0
1172,-8.7,74.0,600.0
1173,-6.9,55.0,400.0
1174,-4.7,67.0,200.0
1175,-2.7,72.0,54.0
1176,-0.0,73.0,0.0
1177,0.8,75.0,54.0
1178,1.1,79.0,200.0
1179,3.1,74.0,400.0
1180,4.1,61.0,600.0
1181,2.0,72.0,746.0
1182,3.3,77.0,800.0
1183,2.6,72.0,746.0
1184,1.3,72.0,600.0
1185,-1.8,69.0,400.0
1186,-6.0,76.0,200.0
1187,-5.6,70.0,54.0
1188,-7.2,74.0,0.0
1189,-10.6,73.0,54.0
1190,-11.3,72.0,200.0
1191,-11.6,74.0,400.0
1192,-10.6,72.0,600.0
1193,-12.4,78.0,746.0
1194,-10.5,75.0,800.0
1195,-9.8,77.0,746.0
1196,-8.3,68.0,600.0
1197,-5.3,67.0,400.0
1198,-5.4,72.0,200.0
1199,-2.3,75.0,54.0
1200,-0.5,74.0,0.0
1201,-0.4,68.0,54.0
1202,3.7,75.0,200.0
1203,4.1,68.0,400.0
1204,3.6,75.0,600.0
1205,3.1,73.0,746.0
1206,2.6,70.0,800.0
1207,2.1,69.0,746.0
1208,-0.2,72.0,600.0
1209,-2.8,72.0,400.0
1210,-4.7,66.0,200.0
1211,-6.3,74.0,54.0
1212,-9.2,77.0,0.0
1213,-9.6,76.0,54.0
1214,-12.0,73.0,200.0
1215,-13.1,69.0,400.0
1216,-9.2,72.0,600.0
1217,-10.3,71.0,746.0
1218,-11.3,72.0,800.0
1219,-9.4,76.0,746.0
1220,-7.6,71.0,600.0
1221,-6.8,62.0,400.0
1222,-4.3,76.0,200.0
1223,-2.8,74.0,54.0
1224,0.6,72.0,0.0
1225,2.3,66.0,54.0
1226,3.9,67.0,200.0
1227,3.5,68.0,400.0
1228,5.7,69.0,600.0
1229,3.2,69.0,746.0
1230,4.6,66.0,800.0
1231,0.9,82.0,746.0
1232,-1.6,79.0,600.0
1233,-0.2,73.0,400.0
1234,-3.6,71.0,200.0
1235,-5.8,81.0,54.0
1236,-8.7,80.0,0.0
1237,-10.8,68.0,54.0
1238,-12.1,73.0,200.0
1239,-12.0,71.0,400.0
1240,-12.6,70.0,600.0
1241,-14.2,71.0,746.0
1242,-9.8,71.0,800.0
1243,-10.7,73.0,746.0
1244,-7.4,73.0,600.0
1245,-7.5,79.0,400.0
1246,-4.5,68.0,200.0
1247,-1.6,77.0,54.0
1248,0.2,66.0,0.0
1249,0.8,73.0,54.0
1250,2.8,77.0,200.0
1251,3.8,75.0,400.0
1252,3.3,70.0,600.0
1253,2.1,73.0,746.0
1254,1.9,80.0,800.0
1255,0.9,69.0,746.0
1256,-0.3,75.0,600.0
1257,-0.7,77.0,400.0
1258,-3.4,70.0,200.0
1259,-7.2,80.0,54.0
1260,-6.5,82.0,0.0
1261,-10.1,77.0,54.0
1262,-10.7,77.0,200.0
1263,-13.1,63.0,400.0
1264,-13.0,65.0,600.0
1265,-11.3,71.0,746.0
1266,-12.4,69.0,800.0
1267,-10.3,75.0,746.0
1268,-8.2,58.0,600.0
1269,-7.8,75.0,400.0
1270,-6.5,71.0,200.0
1271,-1.8,69.0,54.0
1272,2.1,81.0,0.0
1273,1.4,70.0,54.0
1274,2.9,64.0,200.0
1275,2.2,74.0,400.0
1276,4.9,74.0,600.0
1277,2.8,71.0,746.0
1278,3.6,84.0,800.0
1279,1.8,73.0,746.0
1280,0.2,77.0,600.0
1281,-1.7,74.0,400.0
1282,-3.8,78.0,200.0
1283,-6.2,70.0,54.0
1284,-7.4,67.0,0.0
1285,-10.8,76.0,54.0
1286,-11.7,73.0,200.0
1287,-10.8,76.0,400.0
1288,-12.4,69.0,600.0
1289,-12.7,74.0,746.0
1290,-10.6,64.0,800.0
1291,-9.5,70.0,746.0
1292,-10.1,68.0,600.0
1293,-6.1,74.0,400.0
1294,-4.7,70.0,200.0
1295,-2.0,65.0,54.0
1296,-0.8,69.0,0.0
1297,1.4,75.0,54.0
1298,0.4,73.0,200.0
1299,2.2,68.0,400.0
1300,4.1,76.0,600.0
1301,5.8,80.0,746.0
1302,2.8,77.0,800.0
1303,0.5,61.0,746.0
1304,-0.3,73.0,600.0
1305,-3.3,71.0,400.0
1306,-3.2,62.0,200.0
1307,-6.5,66.0,54.0
1308,-7.4,76.0,0.0
1309,-10.3,73.0,54.0
1310,-10.3,73.0,200.0
1311,-13.9,69.0,400.0
1312,-12.6,78.0,600.0
1313,-11.9,66.0,746.0
1314,-11.9,68.0,800.0
1315,-10.1,71.0,746.0
1316,-8.5,65.0,600.0
1317,-5.8,68.0,400.0
1318,-4.2,77.0,200.0
1319,-2.4,68.0,54.0
1320,0.1,76.0,0.0
1321,-0.5,75.0,54.0
1322,1.4,71.0,200.0
1323,1.6,65.0,400.0
1324,3.9,73.0,600.0
1325,3.5,62.0,746.0
1326,3.7,70.0,800.0
1327,1.5,73.0,746.0
1328,-1.1,77.0,600.0
1329,-2.3,71.0,400.0
1330,-6.4,69.0,200.0
1331,-7.0,69.0,54.0
1332,-10.9,70.0,0.0
1333,-9.9,75.0,54.0
1334,-11.8,74.0,200.0
1335,-12.5,72.0,400.0
1336,-13.6,75.0,600.0
1337,-13.1,72.0,746.0
1338,-11.0,66.0,800.0
1339,-11.9,67.0,746.0
1340,-8.3,75.0,600.0
1341,-7.8,65.0,400.0
1342,-6.6,70.0,200.0
1343,-1.6,72.0,54.0
1344,0.5,67.0,0.0
1345,0.3,64.0,54.0
1346,1.6,66.0,200.0
1347,2.7,63.0,400.0
1348,2.5,75.0,600.0
1349,2.4,74.0,746.0
1350,2.8,69.0,800.0
1351,3.2,66.0,746.0
1352,-0.9,78.0,600.0
1353,-1.4,75.0,400.0
1354,-4.2,69.0,200.0
1355,-8.3,78.0,54.0
1356,-8.6,73.0,0.0
1357,-10.4,74.0,54.0
1358,-10.1,67.0,200.0
1359,-10.9,65.0,400.0
1360,-12.3,65.0,600.0
1361,-11.3,83.0,746.0
1362,-11.9,68.0,800.0
1363,-9.4,73.0,746.0
1364,-8.8,75.0,600.0
1365,-5.9,72.0,400.0
1366,-3.7,72.0,200.0
1367,-2.1,72.0,54.0
1368,-1.6,75.0,0.0
1369,0.4,67.0,54.0
1370,2.8,70.0,200.0
1371,3.8,61.0,400.0
1372,3.4,63.0,600.0
1373,2.7,66.0,746.0
1374,2.5,77.0,800.0
1375,0.8,71.0,746.0
1376,-0.9,76.0,600.0
1377,-0.5,74.0,400.0
1378,-5.0,74.0,200.0
1379,-6.1,68.0,54.0
1380,-8.4,73.0,0.0
1381,-11.5,74.0,54.0
1382,-12.8,84.0,200.0
1383,-12.5,71.0,400.0
1384,-14.7,76.0,600.0
1385,-10.7,72.0,746.0
1386,-12.1,69.0,800.0
1387,-11.0,77.0,746.0
1388,-7.7,82.0,600.0
1389,-7.2,74.0,400.0
1390,-4.3,69.0,200.0
1391,-3.5,75.0,54.0
1392,-0.9,74.0,0.0
1393,1.7,84.0,54.0
1394,1.2,76.0,200.0
1395,3.4,68.0,400.0
1396,0.8,79.0,600.0
1397,4.3,77.0,746.0
1398,1.7,77.0,800.0
1399,0.9,75.0,746.0
1400,-0.7,78.0,600.0
1401,-3.5,75.0,400.0
1402,-5.6,71.0,200.0
1403,-6.2,73.0,54.0
1404,-8.1,72.0,0.0
1405,-11.2,74.0,54.0
1406,-11.1,73.0,200.0
1407,-11.9,71.0,400.0
1408,-13.2,72.0,600.0
1409,-13.9,73.0,746.0
1410,-11.9,64.0,800.0
1411,-10.2,78.0,746.0
1412,-9.0,74.0,600.0
1413,-7.6,70.0,400.0
1414,-4.5,76.0,200.0
1415,-1.7,70.0,54.0
1416,-1.7,70.0,0.0
1417,0.4,75.0,54.0
1418,4.8,80.0,200.0
1419,3.2,74.0,400.0
1420,1.9,69.0,600.0
1421,2.5,71.0,746.0
1422,1.4,77.0,800.0
1423,1.4,75.0,746.0
1424,-0.3,78.0,600.0
1425,-3.2,75.0,400.0
1426,-2.8,77.0,200.0
1427,-6.6,83.0,54.0
1428,-9.1,66.0,0.0
1429,-11.6,85.0,54.0
1430,-12.6,78.0,200.0
1431,-13.7,86.0,400.0
1432,-13.0,68.0,600.0
1433,-13.5,75.0,746.0
1434,-11.1,74.0,800.0
1435,-11.2,77.0,746.0
1436,-8.2,75.0,600.0
1437,-6.6,75.0,400.0
1438,-4.4,77.0,200.0
1439,-2.1,72.0,54.0
1440,1.0,70.0,0.0
1441,-0.2,75.0,54.0
1442,2.8,70.0,200.0
1443,3.2,72.0,400.0
1444,4.2,66.0,600.0
1445,3.0,73.0,746.0
1446,3.3,68.0,800.0
1447,-0.4,73.0,746.0
1448,-1.7,67.0,600.0
1449,-3.2,73.0,400.0
1450,-4.7,77.0,200.0
1451,-6.7,70.0,54.0
1452,-9.4,68.0,0.0
1453,-11.4,77.0,54.0
1454,-12.3,78.0,200.0
1455,-14.2,75.0,400.0
1456,-13.1,71.0,600.0
1457,-12.7,70.0,746.0
1458,-11.4,71.0,800.0
1459,-10.5,73.0,746.0
1460,-7.2,64.0,600.0
1461,-6.3,68.0,400.0
1462,-4.3,79.0,200.0
1463,-2.6,74.0,54.0
1464,-0.5,79.0,0.0
1465,0.4,78.0,54.0
1466,2.1,71.0,200.0
1467,4.7,72.0,400.0
1468,3.1,78.0,600.0
1469,1.6,77.0,746.0
1470,2.8,78.0,800.0
1471,1.8,73.0,746.0
1472,-0.6,74.0,600.0
1473,-4.5,72.0,400.0
1474,-3.4,73.0,200.0
1475,-6.5,70.0,54.0
1476,-9.0,73.0,0.0
1477,-9.2,72.0,54.0
1478,-13.7,71.0,200.0
1479,-12.4,77.0,400.0
1480,-13.4,66.0,600.0
1481,-11.2,75.0,746.0
1482,-11.7,68.0,800.0
1483,-11.5,69.0,746.0
1484,-7.9,69.0,600.0
1485,-9.6,75.0,400.0
1486,-4.6,62.0,200.0
1487,-4.3,74.0,54.0
1488,-1.5,73.0,0.0
1489,0.4,68.0,54.0
1490,2.8,74.0,200.0
1491,5.0,67.0,400.0
1492,1.3,73.0,600.0
1493,3.3,67.0,746.0
1494,4.3,83.0,800.0
1495,0.3,77.0,746.0
1496,-1.4,74.0,600.0
1497,-2.4,68.0,400.0
1498,-3.9,72.0,200.0
1499,-6.1,72.0,54.0
1500,-9.1,74.0,0.0
1501,-11.2,75.0,54.0
1502,-10.4,74.0,200.0
1503,-13.4,75.0,400.0
1504,-14.8,72.0,600.0
1505,-14.1,75.0,746.0
1506,-12.5,70.0,800.0
1507,-9.2,68.0,746.0
1508,-10.3,82.0,600.0
1509,-5.6,75.0,400.0
1510,-3.8,82.0,200.0
1511,-2.8,72.0,54.0
1512,-3.6,85.0,0.0
1513,-0.6,74.0,54.0
1514,1.3,79.0,200.0
1515,4.5,73.0,400.0
1516,2.5,74.0,600.0
1517,2.1,73.0,746.0
1518,2.3,71.0,800.0
1519,-0.5,78.0,746.0
1520,-0.8,73.0,600.0
1521,-3.5,77.0,400.0
1522,-2.1,78.0,200.0
1523,-7.7,80.0,54.0
1524,-6.8,75.0,0.0
1525,-11.6,66.0,54.0
1526,-11.5,72.0,200.0
1527,-12.1,73.0,400.0
1528,-12.8,73.0,600.0
1529,-12.6,80.0,746.0
1530,-11.1,79.0,800.0
1531,-10.3,73.0,746.0
1532,-9.3,86.0,600.0
1533,-7.9,72.0,400.0
1534,-5.3,72.0,200.0
1535,-3.2,68.0,54.0
1536,-1.3,66.0,0.0
1537,0.7,67.0,54.0
1538,0.5,78.0,200.0
1539,1.7,77.0,400.0
1540,3.9,69.0,600.0
1541,0.6,74.0,746.0
1542,3.3,77.0,800.0
1543,0.3,63.0,746.0
1544,0.9,82.0,600.0
1545,-1.5,79.0,400.0
1546,-5.1,77.0,200.0
1547,-7.1,79.0,54.0
1548,-7.2,63.0,0.0
1549,-9.2,72.0,54.0
1550,-10.8,80.0,200.0
1551,-11.5,73.0,400.0
1552,-14.0,77.0,600.0
1553,-12.5,81.0,746.0
1554,-12.7,77.0,800.0
1555,-11.9,72.0,746.0
1556,-9.0,76.0,600.0
1557,-7.6,65.0,400.0
1558,-5.3,76.0,200.0
1559,-3.6,77.0,54.0
1560,-2.4,74.0,0.0
1561,2.3,79.0,54.0
1562,2.0,75.0,200.0
1563,1.3,74.0,400.0
1564,3.2,83.0,600.0
1565,4.3,69.0,746.0
1566,3.0,80.0,800.0
1567,0.3,80.0,746.0
1568,-1.3,78.0,600.0
1569,-3.7,72.0,400.0
1570,-5.5,75.0,200.0
1571,-7.5,70.0,54.0
1572,-10.3,71.0,0.0
1573,-10.9,74.0,54.0
1574,-11.5,69.0,200.0
1575,-13.1,72.0,400.0
1576,-12.7,68.0,600.0
1577,-11.1,77.0,746.0
1578,-10.2,82.0,800.0
1579,-10.8,85.0,746.0
1580,-8.3,68.0,600.0
1581,-7.4,69.0,400.0
1582,-5.6,73.0,200.0
1583,-4.2,78.0,54.0
1584,-1.0,73.0,0.0
1585,1.6,79.0,54.0
1586,0.6,77.0,200.0
1587,2.4,65.0,400.0
1588,2.7,74.0,600.0
1589,3.0,68.0,746.0
1590,2.3,71.0,800.0
1591,1.4,72.0,746.0
1592,1.1,78.0,600.0
1593,-3.6,74.0,400.0
1594,-5.7,72.0,200.0
1595,-6.6,85.0,54.0
1596,-7.4,70.0,0.0
1597,-12.0,76.0,54.0
1598,-11.5,78.0,200.0
1599,-12.9,75.0,400.0
1600,-12.1,70.0,600.0
1601,-12.1,69.0,746.0
1602,-12.0,77.0,800.0
1603,-10.3,79.0,746.0
1604,-9.8,74.0,600.0
1605,-6.4,68.0,400.0
1606,-3.8,74.0,200.0
1607,-3.0,82.0,54.0
1608,-1.6,69.0,0.0
1609,0.4,73.0,54.0
1610,2.6,75.0,200.0
1611,2.7,80.0,400.0
1612,1.8,72.0,600.0
1613,3.7,77.0,746.0
1614,1.1,81.0,800.0
1615,1.2,67.0,746.0
1616,-2.7,68.0,600.0
1617,-2.6,74.0,400.0
1618,-4.9,79.0,200.0
1619,-8.8,76.0,54.0
1620,-8.5,80.0,0.0
1621,-11.6,66.0,54.0
1622,-11.7,76.0,200.0
1623,-13.1,60.0,400.0
1624,-14.5,81.0,600.0
1625,-13.8,80.0,746.0
1626,-13.0,73.0,800.0
1627,-9.8,63.0,746.0
1628,-8.3,73.0,600.0
1629,-5.0,80.0,400.0
1630,-5.7,76.0,200.0
1631,-3.6,84.0,54.0
1632,-1.0,73.0,0.0
1633,0.2,85.0,54.0
1634,1.3,64.0,200.0
1635,2.7,71.0,400.0
1636,3.7,68.0,600.0
1637,0.7,78.0,746.0
1638,1.5,68.0,800.0
1639,-0.6,79.0,746.0
1640,-1.0,78.0,600.0
1641,-2.3,75.0,400.0
1642,-3.7,74.0,200.0
1643,-7.3,69.0,54.0
1644,-8.7,77.0,0.0
1645,-12.2,72.0,54.0
1646,-12.7,78.0,200.0
1647,-12.5,82.0,400.0
1648,-14.4,73.0,600.0
1649,-11.5,81.0,746.0
1650,-11.5,75.0,800.0
1651,-11.7,77.0,746.0
1652,-10.6,68.0,600.0
1653,-8.0,71.0,400.0
1654,-6.1,71.0,200.0
1655,-4.3,81.0,54.0
1656,-2.6,73.0,0.0
1657,0.3,78.0,54.0
1658,2.6,74.0,200.0
1659,2.0,73.0,400.0
1660,3.4,67.0,600.0
1661,2.4,65.0,746.0
1662,2.6,73.0,800.0
1663,0.0,73.0,746.0
1664,-0.6,70.0,600.0
1665,-2.6,75.0,400.0
1666,-3.4,84.0,200.0
1667,-6.3,82.0,54.0
1668,-8.6,74.0,0.0
1669,-12.0,75.0,54.0
1670,-12.4,77.0,200.0
1671,-13.5,76.0,400.0
1672,-13.8,77.0,600.0
1673,-12.8,76.0,746.0
1674,-11.8,75.0,800.0
1675,-10.5,71.0,746.0
1676,-7.9,76.0,600.0
1677,-6.8,63.0,400.0
1678,-6.4,76.0,200.0
1679,-2.9,64.0,54.0
1680,-0.6,76.0,0.0
1681,1.8,69.0,54.0
1682,1.7,81.0,200.0
1683,2.5,75.0,400.0
1684,4.1,74.0,600.0
1685,3.0,76.0,746.0
1686,0.4,70.0,800.0
1687,-1.0,80.0,746.0
1688,1.0,78.0,600.0
1689,-4.5,72.0,400.0
1690,-5.0,69.0,200.0
1691,-6.0,72.0,54.0
1692,-10.6,74.0,0.0
1693,-11.6,69.0,54.0
1694,-13.1,72.0,200.0
1695,-10.9,71.0,400.0
1696,-11.0,73.0,600.0
1697,-13.5,73.0,746.0
1698,-11.4,77.0,800.0
1699,-10.5,74.0,746.0
1700,-9.4,76.0,600.0
1701,-8.9,75.0,400.0
1702,-2.9,73.0,200.0
1703,-4.9,78.0,54.0
1704,-1.0,60.0,0.0
1705,-0.1,72.0,54.0
1706,2.8,71.0,200.0
1707,3.5,75.0,400.0
1708,2.0,71.0,600.0
1709,2.0,77.0,746.0
1710,0.5,78.0,800.0
1711,1.0,67.0,746.0
1712,-0.1,75.0,600.0
1713,-3.2,68.0,400.0
1714,-5.1,77.0,200.0
1715,-5.0,72.0,54.0
1716,-7.9,70.0,0.0
1717,-9.2,66.0,54.0
1718,-14.1,74.0,200.0
1719,-12.1,68.0,400.0
1720,-12.7,67.0,600.0
1721,-14.0,75.0,746.0
1722,-13.1,79.0,800.0
1723,-11.0,76.0,746.0
1724,-10.5,67.0,600.0
1725,-8.0,73.0,400.0
1726,-5.6,78.0,200.0
1727,-2.5,73.0,54.0
1728,-1.9,76.0,0.0
1729,0.1,72.0,54.0
1730,2.9,72.0,200.0
1731,0.9,71.0,400.0
1732,3.2,77.0,600.0
1733,3.2,78.0,746.0
1734,2.4,71.0,800.0
1735,0.3,78.0,746.0
1736,-1.9,67.0,600.0
1737,-1.2,73.0,400.0
1738,-5.7,67.0,200.0
1739,-8.0,69.0,54.0
1740,-8.8,67.0,0.0
1741,-11.3,71.0,54.0
1742,-10.8,77.0,200.0
1743,-12.9,74.0,400.0
1744,-11.8,71.0,600.0
1745,-12.3,73.0,746.0
1746,-12.4,64.0,800.0
1747,-9.7,77.0,746.0
1748,-9.8,63.0,600.0
1749,-7.6,71.0,400.0
1750,-4.7,74.0,200.0
1751,-2.9,76.0,54.0
1752,-1.8,75.0,0.0
1753,-1.0,74.0,54.0
1754,1.8,82.0,200.0
1755,2.0,84.0,400.0
1756,3.0,74.0,600.0
1757,2.4,74.0,746.0
1758,1.3,73.0,800.0
1759,0.5,71.0,746.0
1760,-0.9,76.0,600.0
1761,-2.0,81.0,400.0
1762,-4.4,62.0,200.0
1763,-4.8,73.0,54.0
1764,-8.7,82.0,0.0
1765,-11.2,76.0,54.0
1766,-12.0,76.0,200.0
1767,-12.1,66.0,400.0
1768,-12.0,78.0,600.0
1769,-11.4,79.0,746.0
1770,-13.0,75.0,800.0
1771,-9.5,71.0,746.0
1772,-9.2,77.0,600.0
1773,-8.2,69.0,400.0
1774,-5.4,68.0,200.0
1775,-1.9,78.0,54.0
1776,-0.7,80.0,0.0
1777,-0.7,71.0,54.0
1778,0.6,69.0,200.0
1779,1.5,70.0,400.0
1780,2.3,75.0,600.0
1781,2.9,69.0,746.0
1782,0.9,81.0,800.0
1783,0.4,72.0,746.0
1784,0.6,76.0,600.0
1785,-1.1,71.0,400.0
1786,-3.2,77.0,200.0
1787,-8.7,78.0,54.0
1788,-7.1,66.0,0.0
1789,-10.4,71.0,54.0
1790,-11.7,74.0,200.0
1791,-11.6,72.0,400.0
1792,-12.3,79.0,600.0
1793,-14.6,71.0,746.0
1794,-12.6,78.0,800.0
1795,-11.1,77.0,746.0
1796,-10.5,74.0,600.0
1797,-6.2,78.0,400.0
1798,-3.7,67.0,200.0
1799,-3.1,74.0,54.0
1800,-0.8,71.0,0.0
1801,0.5,74.0,54.0
1802,2.0,72.0,200.0
1803,3.8,75.0,400.0
1804,1.3,74.0,600.0
1805,3.3,75.0,746.0
1806,2.1,75.0,800.0
1807,0.1,77.0,746.0
1808,-1.3,68.0,600.0
1809,-0.9,77.0,400.0
1810,-6.1,67.0,200.0
1811,-7.0,60.0,54.0
1812,-7.2,84.0,0.0
1813,-11.8,70.0,54.0
1814,-12.2,72.0,200.0
1815,-12.6,65.0,400.0
1816,-12.5,72.0,600.0
1817,-12.8,76.0,746.0
1818,-12.9,76.0,800.0
1819,-10.3,68.0,746.0
1820,-9.2,72.0,600.0
1821,-6.6,76.0,400.0
1822,-4.2,76.0,200.0
1823,-4.6,75.0,54.0
1824,-0.1,78.0,0.0
1825,0.3,74.0,54.0
1826,2.7,81.0,200.0
1827,3.2,73.0,400.0
1828,4.9,78.0,600.0
1829,2.8,78.0,746.0
1830,1.7,66.0,800.0
1831,0.3,77.0,746.0
1832,-1.8,71.0,600.0
1833,-1.9,69.0,400.0
1834,-5.9,72.0,200.0
1835,-6.0,75.0,54.0
1836,-9.0,67.0,0.0
1837,-12.2,75.0,54.0
1838,-10.3,73.0,200.0
1839,-16.0,80.0,400.0
1840,-13.0,71.0,600.0
1841,-12.5,80.0,746.0
1842,-14.3,76.0,800.0
1843,-10.3,74.0,746.0
1844,-9.8,81.0,600.0
1845,-7.4,84.0,400.0
1846,-3.8,73.0,200.0
1847,-2.9,71.0,54.0
1848,-1.5,77.0,0.0
1849,0.4,67.0,54.0
1850,3.7,68.0,200.0
1851,3.1,81.0,400.0
1852,2.2,77.0,600.0
1853,2.4,70.0,746.0
1854,0.9,90.0,800.0
1855,0.4,68.0,746.0
1856,0.8,78.0,600.0
1857,-2.8,71.0,400.0
1858,-6.1,83.0,200.0
1859,-6.4,72.0,54.0
1860,-9.2,73.0,0.0
1861,-9.9,66.0,54.0
1862,-12.0,85.0,200.0
1863,-11.2,71.0,400.0
1864,-13.8,77.0,600.0
1865,-13.9,75.0,746.0
1866,-11.0,72.0,800.0
1867,-12.7,63.0,746.0
1868,-9.3,73.0,600.0
1869,-6.4,73.0,400.0
1870,-7.3,76.0,200.0
1871,-3.0,85.0,54.0
1872,-2.6,78.0,0.0
1873,-1.2,79.0,54.0
1874,0.9,73.0,200.0
1875,2.6,68.0,400.0
1876,2.4,73.0,600.0
1877,4.0,71.0,746.0
1878,2.2,74.0,800.0
1879,0.4,72.0,746.0
1880,-2.1,66.0,600.0
1881,-2.4,81.0,400.0
1882,-2.7,74.0,200.0
1883,-7.5,73.0,54.0
1884,-9.3,69.0,0.0
1885,-11.5,72.0,54.0
1886,-10.5,70.0,200.0
1887,-11.7,69.0,400.0
1888,-13.3,75.0,600.0
1889,-13.3,72.0,746.0
1890,-12.9,78.0,800.0
1891,-11.0,73.0,746.0
1892,-8.0,75.0,600.0
1893,-7.1,75.0,400.0
1894,-3.8,77.0,200.0
1895,-3.7,70.0,54.0
1896,-3.4,79.0,0.0
1897,3.2,69.0,54.0
1898,2.2,75.0,200.0
1899,3.6,69.0,400.0
1900,2.3,74.0,600.0
1901,1.5,79.0,746.0
1902,2.3,77.0,800.0
1903,-1.1,80.0,746.0
1904,-1.0,73.0,600.0
1905,-1.6,79.0,400.0
1906,-4.2,71.0,200.0
1907,-6.5,72.0,54.0
1908,-7.0,75.0,0.0
1909,-10.0,79.0,54.0
1910,-13.6,72.0,200.0
1911,-12.7,78.0,400.0
1912,-10.9,76.0,600.0
1913,-13.0,76.0,746.0
1914,-10.0,70.0,800.0
1915,-9.6,73.0,746.0
1916,-9.4,74.0,600.0
1917,-8.2,76.0,400.0
1918,-4.7,71.0,200.0
1919,-1.7,68.0,54.0
1920,-2.6,64.0,0.0
1921,0.8,78.0,54.0
1922,-0.1,79.0,200.0
1923,2.5,65.0,400.0
1924,1.5,75.0,600.0
1925,3.5,73.0,746.0
1926,1.5,81.0,800.0
1927,2.1,74.0,746.0
1928,-1.2,77.0,600.0
1929,-3.2,73.0,400.0
1930,-6.3,71.0,200.0
1931,-6.3,79.0,54.0
1932,-8.2,80.0,0.0
1933,-9.4,68.0,54.0
1934,-11.0,80.0,200.0
1935,-12.1,70.0,400.0
1936,-12.2,63.0,600.0
1937,-11.9,75.0,746.0
1938,-11.0,77.0,800.0
1939,-12.2,67.0,746.0
1940,-9.5,65.0,600.0
1941,-8.7,72.0,400.0
1942,-4.7,72.0,200.0
1943,-1.3,82.0,54.0
1944,-0.1,75.0,0.0
1945,0.1,78.0,54.0
1946,2.5,76.0,200.0
1947,3.2,83.0,400.0
1948,3.4,70.0,600.0
1949,1.6,74.0,746.0
1950,3.5,67.0,800.0
1951,-0.2,79.0,746.0
1952,-1.0,80.0,600.0
1953,-1.6,79.0,400.0
1954,-5.0,74.0,200.0
1955,-6.6,67.0,54.0
1956,-8.5,74.0,0.0
1957,-10.3,71.0,54.0
1958,-11.5,79.0,200.0
1959,-12.3,73.0,400.0
1960,-12.7,73.0,600.0
1961,-13.5,86.0,746.0
1962,-13.4,79.0,800.0
1963,-9.6,80.0,746.0
1964,-7.9,72.0,600.0
1965,-6.7,69.0,400.0
1966,-4.7,80.0,200.0
1967,-3.8,82.0,54.0
1968,-3.4,68.0,0.0
1969,0.5,72.0,54.0
1970,0.1,70.0,200.0
1971,3.1,77.0,400.0
1972,4.5,80.0,600.0
1973,2.4,73.0,746.0
1974,1.7,73.0,800.0
1975,-0.0,65.0,746.0
1976,-0.6,70.0,600.0
1977,-2.6,82.0,400.0
1978,-5.6,77.0,200.0
1979,-5.8,79.0,54.0
1980,-5.9,73.0,0.0
1981,-9.1,73.0,54.0
1982,-11.7,75.0,200.0
1983,-12.6,76.0,400.0
1984,-13.3,82.0,600.0
1985,-13.1,71.0,746.0
1986,-10.8,74.0,800.0
1987,-9.6,71.0,746.0
1988,-10.1,65.0,600.0
1989,-6.7,79.0,400.0
1990,-3.8,84.0,200.0
1991,-3.2,79.0,54.0
1992,-1.1,76.0,0.0
1993,1.5,84.0,54.0
1994,2.8,77.0,200.0
1995,3.3,79.0,400.0
1996,3.5,76.0,600.0
1997,3.4,76.0,746.0
1998,2.0,74.0,800.0
1999,-0.1,79.0,746.0
2000,-2.1,69.0,600.0
2001,-1.9,77.0,400.0
2002,-4.5,71.0,200.0
2003,-6.2,77.0,54.0
2004,-9.4,87.0,0.0
2005,-10.2,78.0,54.0
2006,-11.5,81.0,200.0
2007,-11.1,79.0,400.0
2008,-11.9,63.0,600.0
2009,-13.3,74.0,746.0
2010,-11.3,77.0,800.0
2011,-11.3,64.0,746.0
2012,-11.5,73.0,600.0
2013,-5.3,74.0,400.0
2014,-5.3,69.0,200.0
2015,-1.8,70.0,54.0
2016,-1.6,82.0,0.0
2017,-0.0,57.0,54.0
2018,1.6,76.0,200.0
2019,3.2,81.0,400.0
2020,3.5,75.0,600.0
2021,3.6,82.0,746.0
2022,1.8,73.0,800.0
2023,1.1,70.0,746.0
2024,-1.4,75.0,600.0
2025,-1.0,73.0,400.0
2026,-5.8,72.0,200.0
2027,-7.4,74.0,54.0
2028,-9.0,71.0,0.0
2029,-7.8,71.0,54.0
2030,-10.8,69.0,200.0
2031,-13.2,77.0,400.0
2032,-11.9,70.0,600.0
2033,-12.0,69.0,746.0
2034,-11.4,70.0,800.0
2035,-9.8,76.0,746.0
2036,-8.8,78.0,600.0
2037,-6.8,79.0,400.0
2038,-6.4,76.0,200.0
2039,-1.4,78.0,54.0
2040,-1.3,75.0,0.0
2041,-0.4,77.0,54.0
2042,1.6,77.0,200.0
2043,2.5,71.0,400.0
2044,2.5,70.0,600.0
2045,3.9,82.0,746.0
2046,3.3,76.0,800.0
2047,-0.8,80.0,746.0
2048,-1.0,69.0,600.0
2049,-2.9,73.0,400.0
2050,-4.7,68.0,200.0
2051,-4.8,78.0,54.0
2052,-9.3,72.0,0.0
2053,-8.6,72.0,54.0
2054,-11.6,85.0,200.0
2055,-10.8,78.0,400.0
2056,-13.0,78.0,600.0
2057,-12.9,69.0,746.0
2058,-11.7,66.0,800.0
2059,-9.1,80.0,746.0
2060,-8.7,64.0,600.0
2061,-6.7,72.0,400.0
2062,-4.2,71.0,200.0
2063,-3.6,70.0,54.0
2064,-0.5,73.0,0.0
2065,0.3,70.0,54.0
2066,3.7,69.0,200.0
2067,3.5,76.0,400.0
2068,4.1,80.0,600.0
2069,1.1,66.0,746.0
2070,3.1,76.0,800.0
2071,1.0,78.0,746.0
2072,-1.9,77.0,600.0
2073,-2.3,74.0,400.0
2074,-6.0,72.0,200.0
2075,-5.9,79.0,54.0
2076,-7.0,77.0,0.0
2077,-11.9,65.0,54.0
2078,-11.5,74.0,200.0
2079,-12.5,75.0,400.0
2080,-14.6,69.0,600.0
2081,-11.5,74.0,746.0
2082,-11.0,77.0,800.0
2083,-8.4,71.0,746.0
2084,-8.3,76.0,600.0
2085,-7.7,70.0,400.0
2086,-4.3,69.0,200.0
2087,-1.4,78.0,54.0
2088,-1.2,81.0,0.0
2089,1.8,69.0,54.0
2090,-0.1,80.0,200.0
2091,4.6,75.0,400.0
2092,4.2,64.0,600.0
2093,0.6,68.0,746.0
2094,2.8,78.0,800.0
2095,-0.8,67.0,746.0
2096,-1.0,72.0,600.0
2097,-1.6,75.0,400.0
2098,-4.5,77.0,200.0
2099,-5.2,76.0,54.0
2100,-8.3,83.0,0.0
2101,-10.1,71.0,54.0
2102,-10.3,75.0,200.0
2103,-12.6,77.0,400.0
2104,-12.6,79.0,600.0
2105,-12.2,80.0,746.0
2106,-11.6,73.0,800.0
2107,-9.2,78.0,746.0
2108,-9.4,70.0,600.0
2109,-7.6,75.0,400.0
2110,-5.8,77.0,200.0
2111,-4.8,80.0,54.0
2112,0.8,78.0,0.0
2113,0.1,75.0,54.0
2114,2.1,75.0,200.0
2115,4.7,78.0,400.0
2116,3.3,86.0,600.0
2117,3.8,79.0,746.0
2118,1.1,77.0,800.0
2119,2.7,68.0,746.0
2120,-0.5,71.0,600.0
2121,-3.3,73.0,400.0
2122,-5.4,80.0,200.0
2123,-4.7,70.0,54.0
2124,-8.9,78.0,0.0
2125,-11.0,76.0,54.0
2126,-11.8,77.0,200.0
2127,-12.1,74.0,400.0
2128,-12.4,72.0,600.0
2129,-11.8,70.0,746.0
2130,-11.3,78.0,800.0
2131,-9.6,75.0,746.0
2132,-8.9,70.0,600.0
2133,-4.7,76.0,400.0
2134,-5.2,92.0,200.0
2135,-1.3,74.0,54.0
2136,-1.3,83.0,0.0
2137,-0.4,62.0,54.0
2138,0.7,74.0,200.0
2139,3.5,80.0,400.0
2140,4.7,75.0,600.0
2141,2.1,72.0,746.0
2142,1.7,75.0,800.0
2143,1.7,80.0,746.0
2144,-0.3,86.0,600.0
2145,-2.8,80.0,400.0
2146,-5.6,72.0,200.0
2147,-6.0,74.0,54.0
2148,-7.6,74.0,0.0
2149,-9.5,71.0,54.0
2150,-11.3,74.0,200.0
2151,-13.2,74.0,400.0
2152,-12.1,69.0,600.0
2153,-12.0,79.0,746.0
2154,-12.8,77.0,800.0
2155,-10.5,72.0,746.0
2156,-8.2,76.0,600.0
2157,-6.8,70.0,400.0
2158,-6.6,72.0,200.0
2159,-3.2,78.0,54.0
2160,-1.3,77.0,0.0
2161,1.6,72.0,54.0
2162,5.0,77.0,200.0
2163,3.4,75.0,400.0
2164,2.4,70.0,600.0
2165,3.2,74.0,746.0
2166,2.6,77.0,800.0
2167,2.1,77.0,746.0
2168,1.0,67.0,600.0
2169,-0.8,76.0,400.0
2170,-3.7,75.0,200.0
2171,-6.3,66.0,54.0
2172,-6.8,71.0,0.0
2173,-10.3,77.0,54.0
2174,-11.2,82.0,200.0
2175,-12.3,67.0,400.0
2176,-14.5,80.0,600.0
2177,-10.9,66.0,746.0
2178,-10.7,82.0,800.0
2179,-12.6,74.0,746.0
2180,-7.6,71.0,600.0
2181,-6.9,77.0,400.0
2182,-3.6,70.0,200.0
2183,-2.4,78.0,54.0
2184,-1.9,74.0,0.0
2185,1.2,56.0,54.0
2186,1.6,71.0,200.0
2187,2.1,76.0,400.0
2188,4.5,80.0,600.0
2189,3.8,77.0,746.0
2190,4.2,80.0,800.0
2191,1.0,71.0,746.0
2192,-1.2,79.0,600.0
2193,-1.5,79.0,400.0
2194,-5.0,67.0,200.0
2195,-6.5,80.0,54.0
2196,-7.7,77.0,0.0
2197,-10.0,74.0,54.0
2198,-11.7,74.0,200.0
2199,-13.4,70.0,400.0
2200,-11.4,78.0,600.0
2201,-12.5,77.0,746.0
2202,-10.7,78.0,800.0
2203,-9.6,75.0,746.0
2204,-7.4,76.0,600.0
2205,-6.8,74.0,400.0
2206,-4.9,80.0,200.0
2207,-3.5,78.0,54.0
2208,-1.0,76.0,0.0
2209,1.5,74.0,54.0
2210,1.7,66.0,200.0
2211,3.7,65.0,400.0
2212,5.2,73.0,600.0
2213,3.0,81.0,746.0
2214,1.4,71.0,800.0
2215,1.1,72.0,746.0
2216,-1.6,70.0,600.0
2217,-0.7,69.0,400.0
2218,-4.0,70.0,200.0
2219,-6.9,76.0,54.0
2220,-8.7,73.0,0.0
2221,-11.0,72.0,54.0
2222,-10.1,72.0,200.0
2223,-10.1,76.0,400.0
2224,-13.8,77.0,600.0
2225,-11.0,66.0,746.0
2226,-11.5,71.0,800.0
2227,-8.8,75.0,746.0
2228,-10.3,77.0,600.0
2229,-6.3,76.0,400.0
2230,-4.9,79.0,200.0
2231,-1.7,68.0,54.0
2232,-0.4,77.0,0.0
2233,1.3,85.0,54.0
2234,2.5,75.0,200.0
2235,5.0,75.0,400.0
2236,3.6,78.0,600.0
2237,4.4,72.0,746.0
2238,3.4,70.0,800.0
2239,2.4,75.0,746.0
2240,-1.1,67.0,600.0
2241,-1.3,77.0,400.0
2242,-3.7,78.0,200.0
2243,-7.3,67.0,54.0
2244,-8.3,76.0,0.0
2245,-7.4,74.0,54.0
2246,-11.4,82.0,200.0
2247,-12.3,82.0,400.0
2248,-11.8,79.0,600.0
2249,-12.5,81.0,746.0
2250,-11.1,73.0,800.0
2251,-10.4,76.0,746.0
2252,-8.0,74.0,600.0
2253,-6.5,70.0,400.0
2254,-2.4,75.0,200.0
2255,-2.3,75.0,54.0
2256,-0.6,74.0,0.0
2257,2.4,75.0,54.0
2258,1.3,75.0,200.0
2259,5.2,79.0,400.0
2260,2.8,72.0,600.0
2261,4.8,69.0,746.0
2262,4.3,78.0,800.0
2263,1.1,79.0,746.0
2264,-0.4,77.0,600.0
2265,-2.0,69.0,400.0
2266,-3.3,74.0,200.0
2267,-7.0,76.0,54.0
2268,-8.1,70.0,0.0
2269,-10.0,71.0,54.0
2270,-12.1,74.0,200.0
2271,-12.9,81.0,400.0
2272,-12.0,76.0,600.0
2273,-11.8,72.0,746.0
2274,-11.9,74.0,800.0
2275,-9.8,72.0,746.0
2276,-8.9,73.0,600.0
2277,-5.1,79.0,400.0
2278,-4.4,65.0,200.0
2279,-1.1,82.0,54.0
2280,-2.0,86.0,0.0
2281,1.7,76.0,54.0
2282,3.3,71.0,200.0
2283,3.4,81.0,400.0
2284,3.4,76.0,600.0
2285,3.5,72.0,746.0
2286,3.7,70.0,800.0
2287,0.5,73.0,746.0
2288,0.8,76.0,600.0
2289,-1.5,79.0,400.0
2290,-4.2,76.0,200.0
2291,-6.2,77.0,54.0
2292,-7.9,73.0,0.0
2293,-7.9,79.0,54.0
2294,-10.6,74.0,200.0
2295,-12.7,84.0,400.0
2296,-12.5,72.0,600.0
2297,-13.0,77.0,746.0
2298,-13.0,86.0,800.0
2299,-11.0,80.0,746.0
2300,-8.1,79.0,600.0
2301,-5.0,76.0,400.0
2302,-3.2,75.0,200.0
2303,-3.3,74.0,54.0
2304,-1.0,72.0,0.0
2305,0.5,67.0,54.0
2306,0.2,78.0,200.0
2307,3.5,67.0,400.0
2308,4.8,78.0,600.0
2309,3.5,73.0,746.0
2310,1.7,70.0,800.0
2311,0.9,82.0,746.0
2312,-0.2,68.0,600.0
2313,-1.0,72.0,400.0
2314,-4.0,72.0,200.0
2315,-5.3,76.0,54.0
2316,-7.9,72.0,0.0
2317,-9.3,82.0,54.0
2318,-11.8,68.0,200.0
2319,-12.4,95.0,400.0
2320,-13.3,70.0,600.0
2321,-11.2,90.0,746.0
2322,-11.3,80.0,800.0
2323,-13.4,74.0,746.0
2324,-7.7,76.0,600.0
2325,-5.3,73.0,400.0
2326,-5.0,77.0,200.0
2327,-1.6,71.0,54.0
2328,-0.3,78.0,0.0
2329,-0.6,76.0,54.0
2330,4.8,70.0,200.0
2331,3.5,77.0,400.0
2332,4.2,77.0,600.0
2333,3.2,71.0,746.0
2334,2.8,73.0,800.0
2335,2.0,77.0,746.0
2336,-0.8,80.0,600.0
2337,0.0,74.0,400.0
2338,-2.9,80.0,200.0
2339,-5.3,81.0,54.0
2340,-7.9,81.0,0.0
2341,-10.2,77.0,54.0
2342,-9.7,70.0,200.0
2343,-11.0,79.0,400.0
2344,-12.3,74.0,600.0
2345,-12.8,77.0,746.0
2346,-12.5,72.0,800.0
2347,-9.7,72.0,746.0
2348,-8.3,71.0,600.0
2349,-5.0,68.0,400.0
2350,-3.1,72.0,200.0
2351,-2.0,70.0,54.0
2352,-0.1,78.0,0.0
2353,0.5,70.0,54.0
2354,4.0,72.0,200.0
2355,3.7,75.0,400.0
2356,4.7,84.0,600.0
2357,5.1,71.0,746.0
2358,2.6,68.0,800.0
2359,1.1,68.0,746.0
2360,2.8,71.0,600.0
2361,-1.0,72.0,400.0
2362,-4.0,86.0,200.0
2363,-4.5,80.0,54.0
2364,-8.0,73.0,0.0
2365,-9.0,84.0,54.0
2366,-11.2,72.0,200.0
2367,-11.5,73.0,400.0
2368,-12.1,73.0,600.0
2369,-12.4,80.0,746.0
2370,-10.6,75.0,800.0
2371,-10.3,82.0,746.0
2372,-7.4,77.0,600.0
2373,-6.4,79.0,400.0
2374,-5.7,66.0,200.0
2375,-1.3,66.0,54.0
2376,0.7,67.0,0.0
2377,4.0,73.0,54.0
2378,3.0,67.0,200.0
2379,4.1,81.0,400.0
2380,4.7,74.0,600.0
2381,5.0,78.0,746.0
2382,4.2,72.0,800.0
2383,2.3,79.0,746.0
2384,0.3,65.0,600.0
2385,-0.7,75.0,400.0
2386,-3.7,77.0,200.0
2387,-7.0,78.0,54.0
2388,-9.1,73.0,0.0
2389,-9.6,66.0,54.0
2390,-10.5,80.0,200.0
2391,-9.0,73.0,400.0
2392,-11.9,73.0,600.0
2393,-11.5,86.0,746.0
2394,-11.2,75.0,800.0
2395,-8.9,72.0,746.0
2396,-7.6,72.0,600.0
2397,-6.6,78.0,400.0
2398,-4.9,71.0,200.0
2399,-2.3,77.0,54.0
2400,-0.7,80.0,0.0
2401,1.6,74.0,54.0
2402,3.2,80.0,200.0
2403,3.5,74.0,400.0
2404,5.7,71.0,600.0
2405,5.2,66.0,746.0
2406,3.1,76.0,800.0
2407,1.1,76.0,746.0
2408,0.4,80.0,600.0
2409,-1.6,79.0,400.0
2410,-3.6,85.0,200.0
2411,-6.0,72.0,54.0
2412,-8.6,77.0,0.0
2413,-9.2,71.0,54.0
2414,-10.9,79.0,200.0
2415,-11.6,70.0,400.0
2416,-11.6,79.0,600.0
2417,-11.5,71.0,746.0
2418,-10.6,79.0,800.0
2419,-9.9,81.0,746.0
2420,-7.5,67.0,600.0
2421,-6.6,68.0,400.0
2422,-4.9,76.0,200.0
2423,-2.7,75.0,54.0
2424,-0.5,73.0,0.0
2425,0.6,72.0,54.0
2426,1.5,71.0,200.0
2427,4.5,76.0,400.0
2428,5.6,70.0,600.0
2429,4.7,77.0,746.0
2430,2.9,72.0,800.0
2431,0.5,73.0,746.0
2432,0.7,81.0,600.0
2433,-3.0,80.0,400.0
2434,-3.5,70.0,200.0
2435,-6.3,70.0,54.0
2436,-9.7,79.0,0.0
2437,-7.6,68.0,54.0
2438,-11.7,82.0,200.0
2439,-11.6,75.0,400.0
2440,-11.7,72.0,600.0
2441,-11.8,75.0,746.0
2442,-10.1,82.0,800.0
2443,-10.1,64.0,746.0
2444,-7.4,80.0,600.0
2445,-5.5,81.0,400.0
2446,-5.1,73.0,200.0
2447,-1.4,74.0,54.0
2448,-0.8,75.0,0.0
2449,0.8,78.0,54.0
2450,3.6,71.0,200.0
2451,3.7,75.0,400.0
2452,4.8,74.0,600.0
2453,4.6,78.0,746.0
2454,2.1,88.0,800.0
2455,3.0,71.0,746.0
2456,0.9,75.0,600.0
2457,-1.9,71.0,400.0
2458,-3.5,72.0,200.0
2459,-4.6,69.0,54.0
2460,-7.7,67.0,0.0
2461,-6.9,81.0,54.0
2462,-8.8,76.0,200.0
2463,-11.1,75.0,400.0
2464,-11.7,70.0,600.0
2465,-11.5,74.0,746.0
2466,-11.1,69.0,800.0
2467,-9.2,75.0,746.0
2468,-7.0,76.0,600.0
2469,-7.1,72.0,400.0
2470,-3.0,71.0,200.0
2471,-0.7,72.0,54.0
2472,0.9,79.0,0.0
2473,1.9,76.0,54.0
2474,3.9,67.0,200.0
2475,5.5,78.0,400.0
2476,4.5,77.0,600.0
2477,4.3,76.0,746.0
2478,5.7,83.0,800.0
2479,2.7,75.0,746.0
2480,-0.3,77.0,600.0
2481,-0.3,77.0,400.0
2482,-2.8,79.0,200.0
2483,-6.0,74.0,54.0
2484,-8.4,71.0,0.0
2485,-8.7,80.0,54.0
2486,-10.3,79.0,200.0
2487,-12.3,81.0,400.0
2488,-11.5,77.0,600.0
2489,-11.3,66.0,746.0
2490,-10.5,75.0,800.0
2491,-8.7,75.0,746.0
2492,-9.3,81.0,600.0
2493,-6.8,80.0,400.0
2494,-4.1,78.0,200.0
2495,-0.2,64.0,54.0
2496,2.8,71.0,0.0
2497,2.2,73.0,54.0
2498,3.5,73.0,200.0
2499,1.9,75.0,400.0
2500,5.5,82.0,600.0
2501,4.9,79.0,746.0
2502,4.0,70.0,800.0
2503,1.2,70.0,746.0
2504,2.8,70.0,600.0
2505,0.4,74.0,400.0
2506,-2.9,79.0,200.0
2507,-4.2,79.0,54.0
2508,-7.1,73.0,0.0
2509,-8.0,74.0,54.0
2510,-11.5,83.0,200.0
2511,-13.3,67.0,400.0
2512,-12.6,78.0,600.0
2513,-11.9,77.0,746.0
2514,-11.0,73.0,800.0
2515,-8.6,75.0,746.0
2516,-7.7,77.0,600.0
2517,-5.6,73.0,400.0
2518,-4.7,71.0,200.0
2519,-2.7,71.0,54.0
2520,0.6,84.0,0.0
2521,1.7,72.0,54.0
2522,3.6,76.0,200.0
2523,5.0,79.0,400.0
2524,6.4,74.0,600.0
2525,4.5,75.0,746.0
2526,5.6,77.0,800.0
2527,2.9,70.0,746.0
2528,1.6,67.0,600.0
2529,0.1,71.0,400.0
2530,-2.3,83.0,200.0
2531,-5.9,72.0,54.0
2532,-6.0,75.0,0.0
2533,-9.1,68.0,54.0
2534,-9.8,81.0,200.0
2535,-10.8,73.0,400.0
2536,-10.1,72.0,600.0
2537,-10.6,74.0,746.0
2538,-11.6,87.0,800.0
2539,-6.9,77.0,746.0
2540,-6.5,74.0,600.0
2541,-6.0,60.0,400.0
2542,-4.5,81.0,200.0
2543,-0.4,71.0,54.0
2544,-0.4,70.0,0.0
2545,3.1,71.0,54.0
2546,4.7,82.0,200.0
2547,3.9,74.0,400.0
2548,4.1,67.0,600.0
2549,4.1,73.0,746.0
2550,2.9,70.0,800.0
2551,2.9,76.0,746.0
2552,1.4,73.0,600.0
2553,-0.2,67.0,400.0
2554,-3.8,74.0,200.0
2555,-4.2,74.0,54.0
2556,-8.0,68.0,0.0
2557,-7.8,65.0,54.0
2558,-11.4,76.0,200.0
2559,-9.2,73.0,400.0
2560,-11.6,73.0,600.0
2561,-10.3,78.0,746.0
2562,-9.5,65.0,800.0
2563,-10.2,75.0,746.0
2564,-6.4,78.0,600.0
2565,-5.9,74.0,400.0
2566,-3.6,67.0,200.0
2567,-1.9,71.0,54.0
2568,2.4,72.0,0.0
2569,1.3,67.0,54.0
2570,4.2,76.0,200.0
2571,4.0,74.0,400.0
2572,6.0,71.0,600.0
2573,7.0,79.0,746.0
2574,3.3,72.0,800.0
2575,2.9,82.0,746.0
2576,0.7,73.0,600.0
2577,0.2,70.0,400.0
2578,-3.1,70.0,200.0
2579,-4.0,75.0,54.0
2580,-7.3,69.0,0.0
2581,-6.3,75.0,54.0
2582,-12.0,72.0,200.0
2583,-10.3,72.0,400.0
2584,-11.0,74.0,600.0
2585,-10.8,79.0,746.0
2586,-9.7,72.0,800.0
2587,-8.7,75.0,746.0
2588,-6.9,77.0,600.0
2589,-4.8,68.0,400.0
2590,-1.4,77.0,200.0
2591,-3.9,78.0,54.0
2592,2.7,79.0,0.0
2593,5.1,69.0,54.0
2594,2.1,69.0,200.0
2595,4.8,74.0,400.0
2596,6.4,74.0,600.0
2597,5.7,74.0,746.0
2598,5.7,73.0,800.0
2599,3.2,75.0,746.0
2600,-0.8,62.0,600.0
2601,0.6,78.0,400.0
2602,-2.1,82.0,200.0
2603,-3.4,72.0,54.0
2604,-8.3,75.0,0.0
2605,-9.7,83.0,54.0
2606,-9.7,75.0,200.0
2607,-9.3,76.0,400.0
2608,-9.3,84.0,600.0
2609,-11.4,85.0,746.0
2610,-10.3,69.0,800.0
2611,-5.8,72.0,746.0
2612,-7.6,79.0,600.0
2613,-4.5,77.0,400.0
2614,-3.5,78.0,200.0
2615,-0.5,61.0,54.0
2616,0.1,65.0,0.0
2617,1.8,83.0,54.0
2618,3.6,78.0,200.0
2619,4.3,76.0,400.0
2620,4.8,68.0,600.0
2621,5.4,72.0,746.0
2622,6.1,77.0,800.0
2623,2.4,67.0,746.0
2624,0.3,71.0,600.0
2625,-0.6,76.0,400.0
2626,-3.5,77.0,200.0
2627,-6.3,72.0,54.0
2628,-5.6,79.0,0.0
2629,-8.3,79.0,54.0
2630,-9.5,65.0,200.0
2631,-12.4,82.0,400.0
2632,-11.4,80.0,600.0
2633,-12.0,75.0,746.0
2634,-9.8,74.0,800.0
2635,-8.4,78.0,746.0
2636,-6.8,77.0,600.0
2637,-5.7,73.0,400.0
2638,-3.8,82.0,200.0
2639,-1.1,64.0,54.0
2640,1.4,71.0,0.0
2641,2.2,76.0,54.0
2642,3.1,74.0,200.0
2643,4.0,78.0,400.0
2644,4.6,67.0,600.0
2645,4.6,73.0,746.0
2646,3.2,80.0,800.0
2647,2.6,67.0,746.0
2648,2.7,73.0,600.0
2649,-0.8,72.0,400.0
2650,-3.8,76.0,200.0
2651,-6.9,76.0,54.0
2652,-4.7,75.0,0.0
2653,-7.1,73.0,54.0
2654,-9.3,74.0,200.0
2655,-9.2,73.0,400.0
2656,-10.2,74.0,600.0
2657,-10.5,81.0,746.0
2658,-10.9,68.0,800.0
2659,-6.6,76.0,746.0
2660,-7.3,69.0,600.0
2661,-5.3,84.0,400.0
2662,-2.8,75.0,200.0
2663,-0.7,68.0,54.0
2664,1.8,73.0,0.0
2665,3.3,67.0,54.0
2666,3.6,71.0,200.0
2667,5.1,77.0,400.0
2668,5.9,81.0,600.0
2669,4.5,80.0,746.0
2670,5.8,74.0,800.0
2671,3.1,77.0,746.0
2672,3.1,78.0,600.0
2673,-1.8,85.0,400.0
2674,-1.8,71.0,200.0
2675,-5.4,82.0,54.0
2676,-7.1,69.0,0.0
2677,-7.2,80.0,54.0
2678,-9.7,71.0,200.0
2679,-7.7,71.0,400.0
2680,-10.1,73.0,600.0
2681,-11.0,70.0,746.0
2682,-9.1,76.0,800.0
2683,-8.6,80.0,746.0
2684,-5.9,64.0,600.0
2685,-5.1,73.0,400.0
2686,-2.3,69.0,200.0
2687,-0.5,79.0,54.0
2688,1.4,81.0,0.0
2689,4.0,73.0,54.0
2690,2.5,71.0,200.0
2691,5.2,66.0,400.0
2692,4.8,84.0,600.0
2693,3.9,81.0,746.0
2694,3.7,64.0,800.0
2695,2.7,77.0,746.0
2696,1.4,68.0,600.0
2697,0.1,71.0,400.0
2698,-1.8,68.0,200.0
2699,-4.8,64.0,54.0
2700,-4.7,74.0,0.0
2701,-8.4,83.0,54.0
2702,-11.3,69.0,200.0
2703,-10.5,78.0,400.0
2704,-10.4,79.0,600.0
2705,-13.5,78.0,746.0
2706,-8.3,84.0,800.0
2707,-8.3,79.0,746.0
2708,-7.8,83.0,600.0
2709,-5.7,68.0,400.0
2710,-1.9,78.0,200.0
2711,0.3,82.0,54.0
2712,0.8,70.0,0.0
2713,1.7,57.0,54.0
2714,4.5,68.0,200.0
2715,5.6,70.0,400.0
2716,6.1,77.0,600.0
2717,4.8,71.0,746.0
2718,4.5,74.0,800.0
2719,3.4,71.0,746.0
2720,2.7,73.0,600.0
2721,1.2,74.0,400.0
2722,-0.6,71.0,200.0
2723,-3.0,78.0,54.0
2724,-4.4,81.0,0.0
2725,-6.9,68.0,54.0
2726,-9.8,75.0,200.0
2727,-8.5,67.0,400.0
2728,-11.7,65.0,600.0
2729,-7.8,79.0,746.0
2730,-10.3,84.0,800.0
2731,-7.2,72.0,746.0
2732,-5.1,83.0,600.0
2733,-4.1,71.0,400.0
2734,-4.6,73.0,200.0
2735,-1.4,82.0,54.0
2736,1.9,69.0,0.0
2737,3.8,78.0,54.0
2738,4.3,72.0,200.0
2739,5.4,70.0,400.0
2740,4.2,71.0,600.0
2741,7.3,63.0,746.0
2742,4.4,80.0,800.0
2743,4.3,75.0,746.0
2744,3.3,73.0,600.0
2745,-1.2,70.0,400.0
2746,-2.0,75.0,200.0
2747,-3.9,78.0,54.0
2748,-6.4,72.0,0.0
2749,-6.8,79.0,54.0
2750,-9.7,75.0,200.0
2751,-9.9,73.0,400.0
2752,-10.6,78.0,600.0
2753,-7.7,71.0,746.0
2754,-9.9,68.0,800.0
2755,-7.3,74.0,746.0
2756,-4.6,74.0,600.0
2757,-5.4,73.0,400.0
2758,-2.3,80.0,200.0
2759,-1.3,76.0,54.0
2760,-0.4,73.0,0.0
2761,2.5,74.0,54.0
2762,4.1,74.0,200.0
2763,5.0,76.0,400.0
2764,5.5,74.0,600.0
2765,5.6,73.0,746.0
2766,3.7,67.0,800.0
2767,4.0,70.0,746.0
2768,3.2,75.0,600.0
2769,1.4,75.0,400.0
2770,-2.2,66.0,200.0
2771,-3.1,71.0,54.0
2772,-6.7,69.0,0.0
2773,-8.0,81.0,54.0
2774,-8.6,75.0,200.0
2775,-10.1,76.0,400.0
2776,-11.4,73.0,600.0
2777,-9.1,71.0,746.0
2778,-10.0,71.0,800.0
2779,-8.4,76.0,746.0
2780,-5.2,72.0,600.0
2781,-3.8,76.0,400.0
2782,-2.1,74.0,200.0
2783,-1.7,75.0,54.0
2784,0.6,75.0,0.0
2785,3.8,71.0,54.0
2786,5.4,72.0,200.0
2787,5.9,78.0,400.0
2788,5.5,83.0,600.0
2789,5.2,78.0,746.0
2790,5.2,60.0,800.0
2791,2.5,70.0,746.0
2792,2.2,74.0,600.0
2793,-1.2,68.0,400.0
2794,-2.9,68.0,200.0
2795,-3.7,72.0,54.0
2796,-5.3,75.0,0.0
2797,-7.2,77.0,54.0
2798,-10.0,72.0,200.0
2799,-11.5,71.0,400.0
2800,-10.0,69.0,600.0
2801,-11.7,76.0,746.0
2802,-8.1,76.0,800.0
2803,-8.9,78.0,746.0
2804,-3.9,74.0,600.0
2805,-5.2,67.0,400.0
2806,-1.7,72.0,200.0
2807,-0.8,78.0,54.0
2808,1.7,65.0,0.0
2809,3.8,73.0,54.0
2810,5.7,75.0,200.0
2811,6.8,84.0,400.0
2812,6.8,71.0,600.0
2813,6.9,73.0,746.0
2814,4.5,82.0,800.0
2815,4.5,71.0,746.0
2816,1.9,79.0,600.0
2817,1.3,75.0,400.0
2818,-1.6,72.0,200.0
2819,-3.2,76.0,54.0
2820,-5.4,73.0,0.0
2821,-6.6,85.0,54.0
2822,-9.5,63.0,200.0
2823,-11.1,72.0,400.0
2824,-8.9,72.0,600.0
2825,-8.3,73.0,746.0
2826,-9.0,79.0,800.0
2827,-6.8,71.0,746.0
2828,-7.6,76.0,600.0
2829,-4.7,75.0,400.0
2830,-1.9,78.0,200.0
2831,-1.7,73.0,54.0
2832,0.5,75.0,0.0
2833,3.9,73.0,54.0
2834,4.4,68.0,200.0
2835,5.5,81.0,400.0
2836,5.8,70.0,600.0
2837,4.7,71.0,746.0
2838,5.0,69.0,800.0
2839,4.0,75.0,746.0
2840,1.8,71.0,600.0
2841,-0.0,81.0,400.0
2842,-1.8,76.0,200.0
2843,-2.8,72.0,54.0
2844,-5.7,69.0,0.0
2845,-9.2,73.0,54.0
2846,-9.8,76.0,200.0
2847,-8.5,73.0,400.0
2848,-10.4,73.0,600.0
2849,-9.6,68.0,746.0
2850,-6.8,85.0,800.0
2851,-6.9,72.0,746.0
2852,-8.0,66.0,600.0
2853,-2.5,68.0,400.0
2854,-1.8,72.0,200.0
2855,0.5,83.0,54.0
2856,2.4,72.0,0.0
2857,4.7,71.0,54.0
2858,5.1,78.0,200.0
2859,4.5,78.0,400.0
2860,6.6,77.0,600.0
2861,4.7,74.0,746.0
2862,7.2,68.0,800.0
2863,3.8,70.0,746.0
2864,2.4,65.0,600.0
2865,-0.1,72.0,400.0
2866,-1.1,71.0,200.0
2867,-3.1,71.0,54.0
2868,-6.2,75.0,0.0
2869,-6.7,70.0,54.0
2870,-8.4,72.0,200.0
2871,-9.4,71.0,400.0
2872,-10.4,73.0,600.0
2873,-7.1,75.0,746.0
2874,-7.4,67.0,800.0
2875,-6.7,75.0,746.0
2876,-4.6,75.0,600.0
2877,-3.5,75.0,400.0
2878,-2.1,74.0,200.0
2879,-2.3,75.0,54.0
2880,1.0,71.0,0.0
2881,6.1,75.0,54.0
2882,6.4,79.0,200.0
2883,6.3,71.0,400.0
2884,4.9,71.0,600.0
2885,6.9,76.0,746.0
2886,5.2,70.0,800.0
2887,4.9,70.0,746.0
2888,1.5,75.0,600.0
2889,0.2,71.0,400.0
2890,-0.4,79.0,200.0
2891,-1.5,71.0,54.0
2892,-6.0,69.0,0.0
2893,-8.0,73.0,54.0
2894,-7.3,75.0,200.0
2895,-10.4,75.0,400.0
2896,-10.7,76.0,600.0
2897,-9.0,70.0,746.0
2898,-6.4,79.0,800.0
2899,-8.1,65.0,746.0
2900,-6.0,69.0,600.0
2901,-3.6,73.0,400.0
2902,-2.1,70.0,200.0
2903,-1.3,72.0,54.0
2904,3.2,68.0,0.0
2905,4.3,72.0,54.0
2906,5.8,75.0,200.0
2907,6.1,70.0,400.0
2908,8.1,69.0,600.0
2909,5.9,71.0,746.0
2910,4.5,79.0,800.0
2911,6.0,79.0,746.0
2912,0.6,71.0,600.0
2913,0.7,76.0,400.0
2914,-1.3,73.0,200.0
2915,-3.4,79.0,54.0
2916,-6.8,74.0,0.0
2917,-8.1,72.0,54.0
2918,-7.2,81.0,200.0
2919,-7.7,68.0,400.0
2920,-9.8,75.0,600.0
2921,-10.1,80.0,746.0
2922,-10.2,76.0,800.0
2923,-6.2,69.0,746.0
2924,-4.5,69.0,600.0
2925,-6.4,66.0,400.0
2926,-3.9,80.0,200.0
2927,0.7,67.0,54.0
2928,2.8,77.0,0.0
2929,3.7,66.0,54.0
2930,5.5,86.0,200.0
2931,6.1,66.0,400.0
2932,6.7,73.0,600.0
2933,5.6,79.0,746.0
2934,5.7,69.0,800.0
2935,3.8,76.0,746.0
2936,2.1,71.0,600.0
2937,-0.9,75.0,400.0
2938,-1.2,78.0,200.0
2939,-2.3,71.0,54.0
2940,-5.4,80.0,0.0
2941,-7.1,75.0,54.0
2942,-6.8,83.0,200.0
2943,-7.9,69.0,400.0
2944,-7.5,70.0,600.0
2945,-6.7,72.0,746.0
2946,-8.2,67.0,800.0
2947,-8.2,77.0,746.0
2948,-5.9,72.0,600.0
2949,-2.9,67.0,400.0
2950,0.1,69.0,200.0
2951,-0.3,68.0,54.0
2952,2.9,77.0,0.0
2953,3.6,75.0,54.0
2954,5.5,72.0,200.0
2955,6.4,71.0,400.0
2956,7.2,72.0,600.0
2957,8.7,82.0,746.0
2958,6.4,72.0,800.0
2959,4.2,77.0,746.0
2960,2.4,71.0,600.0
2961,0.9,81.0,400.0
2962,-1.8,67.0,200.0
2963,-2.9,77.0,54.0
2964,-7.4,69.0,0.0
2965,-6.8,84.0,54.0
2966,-8.1,76.0,200.0
2967,-9.9,64.0,400.0
2968,-9.5,68.0,600.0
2969,-7.7,76.0,746.0
2970,-6.9,76.0,800.0
2971,-7.4,76.0,746.0
2972,-4.7,73.0,600.0
2973,-4.8,71.0,400.0
2974,-1.5,78.0,200.0
2975,1.1,68.0,54.0
2976,4.3,73.0,0.0
2977,5.7,70.0,54.0
2978,6.0,69.0,200.0
2979,5.7,70.0,400.0
2980,8.3,69.0,600.0
2981,6.4,75.0,746.0
2982,6.5,65.0,800.0
2983,4.7,75.0,746.0
2984,5.2,69.0,600.0
2985,0.7,73.0,400.0
2986,0.1,72.0,200.0
2987,-3.0,70.0,54.0
2988,-4.2,79.0,0.0
2989,-4.9,71.0,54.0
2990,-9.8,76.0,200.0
2991,-8.7,76.0,400.0
2992,-9.8,71.0,600.0
2993,-8.3,66.0,746.0
2994,-7.3,68.0,800.0
2995,-7.2,79.0,746.0
2996,-5.6,75.0,600.0
2997,-3.0,73.0,400.0
2998,-2.4,70.0,200.0
2999,1.3,81.0,54.0
3000,2.1,68.0,0.0
3001,5.4,73.0,54.0
3002,4.6,75.0,200.0
3003,6.2,66.0,400.0
3004,6.4,69.0,600.0
3005,6.6,70.0,746.0
3006,7.5,77.0,800.0
3007,5.8,70.0,746.0
3008,2.8,65.0,600.0
3009,0.9,65.0,400.0
3010,0.2,69.0,200.0
3011,-3.9,65.0,54.0
3012,-4.6,76.0,0.0
3013,-7.0,77.0,54.0
3014,-7.8,72.0,200.0
3015,-7.7,71.0,400.0
3016,-9.5,76.0,600.0
3017,-7.6,76.0,746.0
3018,-5.6,67.0,800.0
3019,-6.0,68.0,746.0
3020,-5.0,76.0,600.0
3021,-1.9,74.0,400.0
3022,-2.1,75.0,200.0
3023,2.6,68.0,54.0
3024,2.3,69.0,0.0
3025,6.9,75.0,54.0
3026,5.4,69.0,200.0
3027,7.6,65.0,400.0
3028,5.7,69.0,600.0
3029,6.8,71.0,746.0
3030,5.2,81.0,800.0
3031,3.6,68.0,746.0
3032,4.7,72.0,600.0
3033,0.3,83.0,400.0
3034,-1.3,67.0,200.0
3035,-3.4,76.0,54.0
3036,-3.4,69.0,0.0
3037,-5.2,74.0,54.0
3038,-6.2,84.0,200.0
3039,-9.1,76.0,400.0
3040,-7.3,73.0,600.0
3041,-9.2,68.0,746.0
3042,-8.4,71.0,800.0
3043,-7.1,69.0,746.0
3044,-5.5,65.0,600.0
3045,-3.0,62.0,400.0
3046,-1.7,68.0,200.0
3047,1.5,72.0,54.0
3048,0.6,78.0,0.0
3049,5.1,69.0,54.0
3050,5.1,73.0,200.0
3051,6.4,64.0,400.0
3052,6.8,68.0,600.0
3053,8.1,60.0,746.0
3054,6.9,83.0,800.0
3055,5.0,73.0,746.0
3056,2.9,73.0,600.0
3057,2.5,75.0,400.0
3058,1.4,85.0,200.0
3059,-2.5,70.0,54.0
3060,-6.0,67.0,0.0
3061,-6.8,82.0,54.0
3062,-6.8,66.0,200.0
3063,-8.7,79.0,400.0
3064,-9.4,72.0,600.0
3065,-9.2,74.0,746.0
3066,-7.4,65.0,800.0
3067,-7.8,85.0,746.0
3068,-4.7,70.0,600.0
3069,-2.7,69.0,400.0
3070,-1.1,75.0,200.0
3071,0.4,69.0,54.0
3072,4.4,74.0,0.0
3073,3.7,66.0,54.0
3074,6.5,73.0,200.0
3075,7.9,69.0,400.0
3076,7.7,68.0,600.0
3077,8.6,67.0,746.0
3078,5.4,76.0,800.0
3079,4.6,70.0,746.0
3080,3.3,71.0,600.0
3081,5.1,74.0,400.0
3082,0.3,78.0,200.0
3083,-1.6,67.0,54.0
3084,-3.6,73.0,0.0
3085,-5.8,67.0,54.0
3086,-6.2,71.0,200.0
3087,-9.9,77.0,400.0
3088,-8.1,60.0,600.0
3089,-7.7,67.0,746.0
3090,-6.4,71.0,800.0
3091,-7.3,74.0,746.0
3092,-5.6,78.0,600.0
3093,-3.6,63.0,400.0
3094,-0.0,79.0,200.0
3095,2.1,75.0,54.0
3096,2.6,71.0,0.0
3097,7.1,65.0,54.0
3098,6.8,69.0,200.0
3099,7.5,77.0,400.0
3100,7.5,72.0,600.0
3101,8.4,71.0,746.0
3102,7.1,67.0,800.0
3103,7.4,76.0,746.0
3104,2.7,71.0,600.0
3105,0.4,71.0,400.0
3106,-0.8,71.0,200.0
3107,-1.6,69.0,54.0
3108,-4.5,68.0,0.0
3109,-4.5,64.0,54.0
3110,-7.5,69.0,200.0
3111,-6.8,63.0,400.0
3112,-9.1,74.0,600.0
3113,-6.8,68.0,746.0
3114,-5.9,70.0,800.0
3115,-6.6,72.0,746.0
3116,-3.9,68.0,600.0
3117,-2.2,66.0,400.0
3118,0.1,73.0,200.0
3119,3.0,81.0,54.0
3120,4.6,76.0,0.0
3121,5.9,78.0,54.0
3122,7.3,65.0,200.0
3123,6.2,71.0,400.0
3124,7.8,71.0,600.0
3125,6.5,79.0,746.0
3126,6.9,76.0,800.0
3127,6.8,71.0,746.0
3128,4.0,60.0,600.0
3129,-0.4,66.0,400.0
3130,-1.0,75.0,200.0
3131,-1.4,70.0,54.0
3132,-4.5,71.0,0.0
3133,-4.8,75.0,54.0
3134,-8.1,77.0,200.0
3135,-7.4,68.0,400.0
3136,-7.7,75.0,600.0
3137,-7.1,80.0,746.0
3138,-7.8,79.0,800.0
3139,-5.1,69.0,746.0
3140,-2.7,73.0,600.0
3141,-4.6,75.0,400.0
3142,-0.2,72.0,200.0
3143,0.0,70.0,54.0
3144,2.9,63.0,0.0
3145,4.7,67.0,54.0
3146,6.7,68.0,200.0
3147,8.0,65.0,400.0
3148,8.9,72.0,600.0
3149,8.0,76.0,746.0
3150,7.7,69.0,800.0
3151,4.7,61.0,746.0
3152,5.2,71.0,600.0
3153,-1.0,73.0,400.0
3154,1.7,73.0,200.0
3155,-0.5,68.0,54.0
3156,-3.0,66.0,0.0
3157,-3.3,76.0,54.0
3158,-8.6,73.0,200.0
3159,-6.8,68.0,400.0
3160,-7.8,64.0,600.0
3161,-7.5,73.0,746.0
3162,-8.1,67.0,800.0
3163,-5.3,73.0,746.0
3164,-3.7,72.0,600.0
3165,-2.9,82.0,400.0
3166,-0.2,71.0,200.0
3167,0.7,81.0,54.0
3168,3.6,72.0,0.0
3169,6.6,68.0,54.0
3170,7.9,66.0,200.0
3171,8.6,67.0,400.0
3172,9.1,74.0,600.0
3173,8.9,72.0,746.0
3174,6.5,62.0,800.0
3175,6.3,77.0,746.0
3176,5.4,79.0,600.0
3177,1.0,62.0,400.0
3178,-1.0,76.0,200.0
3179,-3.1,80.0,54.0
3180,-5.4,62.0,0.0
3181,-6.4,69.0,54.0
3182,-7.2,67.0,200.0
3183,-6.0,76.0,400.0
3184,-8.2,69.0,600.0
3185,-9.1,69.0,746.0
3186,-6.6,73.0,800.0
3187,-5.7,79.0,746.0
3188,-4.7,71.0,600.0
3189,-2.6,69.0,400.0
3190,1.1,70.0,200.0
3191,0.7,75.0,54.0
3192,2.4,65.0,0.0
3193,6.3,71.0,54.0
3194,6.5,67.0,200.0
3195,9.5,65.0,400.0
3196,8.1,62.0,600.0
3197,8.0,69.0,746.0
3198,8.1,77.0,800.0
3199,4.4,61.0,746.0
3200,4.8,74.0,600.0
3201,2.2,68.0,400.0
3202,1.5,66.0,200.0
3203,-2.2,73.0,54.0
3204,-3.3,78.0,0.0
3205,-5.5,79.0,54.0
3206,-6.1,73.0,200.0
3207,-7.6,71.0,400.0
3208,-7.4,73.0,600.0
3209,-5.7,84.0,746.0
3210,-6.9,70.0,800.0
3211,-5.0,77.0,746.0
3212,-1.5,68.0,600.0
3213,-1.5,67.0,400.0
3214,-2.2,80.0,200.0
3215,1.6,71.0,54.0
3216,3.0,72.0,0.0
3217,6.9,74.0,54.0
3218,7.2,67.0,200.0
3219,9.2,69.0,400.0
3220,9.0,68.0,600.0
3221,8.8,73.0,746.0
3222,6.2,73.0,800.0
3223,6.8,68.0,746.0
3224,6.0,81.0,600.0
3225,1.3,71.0,400.0
3226,0.3,72.0,200.0
3227,-1.0,78.0,54.0
3228,-3.2,67.0,0.0
3229,-3.6,68.0,54.0
3230,-5.6,72.0,200.0
3231,-6.8,64.0,400.0
3232,-6.7,70.0,600.0
3233,-6.5,81.0,746.0
3234,-6.5,80.0,800.0
3235,-5.6,75.0,746.0
3236,-2.6,77.0,600.0
3237,-2.4,73.0,400.0
3238,0.3,69.0,200.0
3239,1.3,79.0,54.0
3240,5.1,66.0,0.0
3241,7.3,76.0,54.0
3242,6.5,68.0,200.0
3243,8.1,69.0,400.0
3244,8.1,74.0,600.0
3245,9.4,81.0,746.0
3246,9.0,78.0,800.0
3247,5.9,73.0,746.0
3248,1.7,71.0,600.0
3249,4.0,75.0,400.0
3250,0.9,78.0,200.0
3251,-1.2,62.0,54.0
3252,-2.2,70.0,0.0
3253,-5.2,66.0,54.0
3254,-6.8,70.0,200.0
3255,-7.4,65.0,400.0
3256,-6.8,62.0,600.0
3257,-6.2,64.0,746.0
3258,-4.7,68.0,800.0
3259,-4.7,74.0,746.0
3260,-3.6,67.0,600.0
3261,-0.7,66.0,400.0
3262,-0.5,73.0,200.0
3263,4.0,72.0,54.0
3264,4.8,79.0,0.0
3265,6.0,75.0,54.0
3266,6.6,66.0,200.0
3267,9.0,67.0,400.0
3268,8.5,74.0,600.0
3269,8.4,66.0,746.0
3270,6.1,69.0,800.0
3271,6.1,62.0,746.0
3272,4.4,64.0,600.0
3273,3.5,77.0,400.0
3274,0.7,72.0,200.0
3275,-3.7,68.0,54.0
3276,-3.5,68.0,0.0
3277,-6.2,79.0,54.0
3278,-7.1,67.0,200.0
3279,-5.9,73.0,400.0
3280,-8.9,75.0,600.0
3281,-6.6,78.0,746.0
3282,-6.7,66.0,800.0
3283,-5.6,64.0,746.0
3284,-4.3,65.0,600.0
3285,-1.1,74.0,400.0
3286,1.1,81.0,200.0
3287,1.0,74.0,54.0
3288,5.9,67.0,0.0
3289,5.2,77.0,54.0
3290,8.1,68.0,200.0
3291,7.4,66.0,400.0
3292,8.4,69.0,600.0
3293,7.4,68.0,746.0
3294,7.4,67.0,800.0
3295,6.5,77.0,746.0
3296,3.9,68.0,600.0
3297,3.5,63.0,400.0
3298,1.6,73.0,200.0
3299,1.8,66.0,54.0
3300,-1.9,66.0,0.0
3301,-3.4,74.0,54.0
3302,-7.6,67.0,200.0
3303,-8.7,68.0,400.0
3304,-7.3,71.0,600.0
3305,-5.0,69.0,746.0
3306,-3.6,68.0,800.0
3307,-5.5,59.0,746.0
3308,-3.7,70.0,600.0
3309,-0.7,78.0,400.0
3310,0.6,74.0,200.0
3311,2.7,69.0,54.0
3312,5.5,73.0,0.0
3313,9.3,74.0,54.0
3314,9.2,66.0,200.0
3315,10.6,77.0,400.0
3316,7.2,71.0,600.0
3317,9.9,69.0,746.0
3318,7.1,78.0,800.0
3319,8.5,60.0,746.0
3320,6.6,64.0,600.0
3321,4.0,74.0,400.0
3322,0.5,74.0,200.0
3323,-1.3,79.0,54.0
3324,-3.1,59.0,0.0
3325,-3.6,75.0,54.0
3326,-5.3,64.0,200.0
3327,-5.1,72.0,400.0
3328,-5.2,70.0,600.0
3329,-7.5,75.0,746.0
3330,-5.4,69.0,800.0
3331,-4.2,75.0,746.0
3332,-3.1,66.0,600.0
3333,-0.1,70.0,400.0
3334,1.5,71.0,200.0
3335,2.5,79.0,54.0
3336,4.9,74.0,0.0
3337,6.4,71.0,54.0
3338,7.3,73.0,200.0
3339,8.8,76.0,400.0
3340,7.9,72.0,600.0
3341,9.5,65.0,746.0
3342,9.7,73.0,800.0
3343,7.1,70.0,746.0
3344,6.4,68.0,600.0
3345,3.7,66.0,400.0
3346,0.4,73.0,200.0
3347,1.4,73.0,54.0
3348,-5.0,65.0,0.0
3349,-4.2,65.0,54.0
3350,-6.3,80.0,200.0
3351,-4.8,74.0,400.0
3352,-6.5,71.0,600.0
3353,-3.9,73.0,746.0
3354,-5.7,68.0,800.0
3355,-5.2,69.0,746.0
3356,-4.5,70.0,600.0
3357,0.2,75.0,400.0
3358,0.3,63.0,200.0
3359,2.8,65.0,54.0
3360,6.4,64.0,0.0
3361,7.9,74.0,54.0
3362,7.6,70.0,200.0
3363,8.6,65.0,400.0
3364,7.6,69.0,600.0
3365,7.1,67.0,746.0
3366,9.2,63.0,800.0
3367,8.1,76.0,746.0
3368,5.9,69.0,600.0
3369,3.9,76.0,400.0
3370,0.9,63.0,200.0
3371,1.0,72.0,54.0
3372,-4.2,63.0,0.0
3373,-4.5,82.0,54.0
3374,-5.2,61.0,200.0
3375,-6.2,79.0,400.0
3376,-6.5,70.0,600.0
3377,-6.8,69.0,746.0
3378,-5.0,73.0,800.0
3379,-5.5,65.0,746.0
3380,-2.8,74.0,600.0
3381,-0.3,74.0,400.0
3382,1.0,70.0,200.0
3383,3.4,71.0,54.0
3384,5.6,79.0,0.0
3385,5.3,73.0,54.0
3386,6.7,66.0,200.0
3387,9.3,74.0,400.0
3388,8.9,67.0,600.0
3389,8.8,66.0,746.0
3390,9.1,72.0,800.0
3391,6.4,65.0,746.0
3392,3.3,70.0,600.0
3393,5.5,73.0,400.0
3394,3.0,79.0,200.0
3395,0.9,73.0,54.0
3396,-3.4,62.0,0.0
3397,-4.0,63.0,54.0
3398,-6.5,78.0,200.0
3399,-6.1,67.0,400.0
3400,-6.7,62.0,600.0
3401,-7.2,65.0,746.0
3402,-4.9,74.0,800.0
3403,-4.4,70.0,746.0
3404,-0.8,73.0,600.0
3405,-0.5,69.0,400.0
3406,-1.1,64.0,200.0
3407,1.7,61.0,54.0
3408,7.6,65.0,0.0
3409,6.8,70.0,54.0
3410,8.8,64.0,200.0
3411,9.4,75.0,400.0
3412,11.1,65.0,600.0
3413,7.6,61.0,746.0
3414,10.1,70.0,800.0
3415,8.8,73.0,746.0
3416,5.9,77.0,600.0
3417,4.4,61.0,400.0
3418,1.6,77.0,200.0
3419,-1.8,70.0,54.0
3420,-1.5,66.0,0.0
3421,-3.5,73.0,54.0
3422,-4.8,76.0,200.0
3423,-5.4,61.0,400.0
3424,-6.8,67.0,600.0
3425,-4.5,67.0,746.0
3426,-5.2,73.0,800.0
3427,-3.4,77.0,746.0
3428,-2.6,70.0,600.0
3429,0.6,68.0,400.0
3430,1.7,72.0,200.0
3431,3.6,68.0,54.0
3432,6.9,59.0,0.0
3433,5.6,72.0,54.0
3434,8.4,74.0,200.0
3435,8.9,75.0,400.0
3436,10.2,64.0,600.0
3437,10.0,72.0,746.0
3438,8.9,77.0,800.0
3439,7.0,82.0,746.0
3440,6.0,72.0,600.0
3441,4.5,74.0,400.0
3442,1.9,64.0,200.0
3443,1.1,64.0,54.0
3444,-1.3,74.0,0.0
3445,-3.6,59.0,54.0
3446,-7.2,70.0,200.0
3447,-6.0,76.0,400.0
3448,-5.4,73.0,600.0
3449,-6.1,73.0,746.0
3450,-4.8,69.0,800.0
3451,-4.0,67.0,746.0
3452,-2.0,80.0,600.0
3453,1.1,75.0,400.0
3454,2.6,73.0,200.0
3455,2.6,69.0,54.0
3456,4.2,66.0,0.0
3457,8.0,75.0,54.0
3458,10.0,68.0,200.0
3459,8.0,70.0,400.0
3460,9.8,72.0,600.0
3461,12.2,70.0,746.0
3462,8.8,77.0,800.0
3463,10.4,63.0,746.0
3464,5.4,69.0,600.0
3465,3.7,80.0,400.0
3466,1.6,74.0,200.0
3467,-1.1,68.0,54.0
3468,-3.4,73.0,0.0
3469,-3.7,69.0,54.0
3470,-4.6,76.0,200.0
3471,-6.3,73.0,400.0
3472,-6.4,65.0,600.0
3473,-4.2,70.0,746.0
3474,-3.9,71.0,800.0
3475,-3.9,71.0,746.0
3476,-1.6,71.0,600.0
3477,-1.7,72.0,400.0
3478,2.2,71.0,200.0
3479,4.0,65.0,54.0
3480,5.6,67.0,0.0
3481,7.7,68.0,54.0
3482,8.9,69.0,200.0
3483,8.6,68.0,400.0
3484,11.9,75.0,600.0
3485,10.9,64.0,746.0
3486,8.8,60.0,800.0
3487,6.2,79.0,746.0
3488,3.9,65.0,600.0
3489,6.5,74.0,400.0
3490,2.3,72.0,200.0
3491,1.1,65.0,54.0
3492,-2.5,68.0,0.0
3493,-3.6,68.0,54.0
3494,-4.8,71.0,200.0
3495,-5.2,65.0,400.0
3496,-5.6,68.0,600.0
3497,-6.4,69.0,746.0
3498,-5.7,74.0,800.0
3499,-3.6,67.0,746.0
3500,-3.6,64.0,600.0
3501,-0.8,66.0,400.0
3502,2.0,71.0,200.0
3503,4.6,60.0,54.0
3504,7.7,75.0,0.0
3505,7.4,69.0,54.0
3506,9.2,71.0,200.0
3507,8.2,70.0,400.0
3508,10.7,65.0,600.0
3509,9.2,63.0,746.0
3510,9.1,65.0,800.0
3511,8.6,61.0,746.0
3512,7.1,70.0,600.0
3513,3.2,68.0,400.0
3514,3.4,61.0,200.0
3515,0.5,66.0,54.0
3516,-0.2,72.0,0.0
3517,-1.6,75.0,54.0
3518,-2.8,62.0,200.0
3519,-6.7,79.0,400.0
3520,-5.2,64.0,600.0
3521,-6.9,60.0,746.0
3522,-3.3,77.0,800.0
3523,-1.9,63.0,746.0
3524,-0.7,76.0,600.0
3525,-0.2,65.0,400.0
3526,2.8,67.0,200.0
3527,3.8,62.0,54.0
3528,6.3,75.0,0.0
3529,7.9,74.0,54.0
3530,7.3,65.0,200.0
3531,9.4,68.0,400.0
3532,12.8,72.0,600.0
3533,10.2,66.0,746.0
3534,9.7,75.0,800.0
3535,8.3,68.0,746.0
3536,6.3,66.0,600.0
3537,4.9,61.0,400.0
3538,2.4,62.0,200.0
3539,-1.6,71.0,54.0
3540,-0.5,70.0,0.0
3541,-1.3,73.0,54.0
3542,-5.4,66.0,200.0
3543,-5.5,60.0,400.0
3544,-3.9,66.0,600.0
3545,-5.9,79.0,746.0
3546,-4.0,64.0,800.0
3547,1.2,68.0,746.0
3548,-0.9,56.0,600.0
3549,0.5,66.0,400.0
3550,3.3,66.0,200.0
3551,5.3,70.0,54.0
3552,5.8,67.0,0.0
3553,6.5,61.0,54.0
3554,10.1,65.0,200.0
3555,11.1,67.0,400.0
3556,10.4,63.0,600.0
3557,12.1,64.0,746.0
3558,11.2,73.0,800.0
3559,9.3,65.0,746.0
3560,6.6,71.0,600.0
3561,2.9,67.0,400.0
3562,2.8,62.0,200.0
3563,-1.0,67.0,54.0
3564,-3.4,70.0,0.0
3565,-2.1,77.0,54.0
3566,-2.9,64.0,200.0
3567,-6.9,68.0,400.0
3568,-5.5,73.0,600.0
3569,-5.0,75.0,746.0
3570,-4.5,65.0,800.0
3571,-4.4,67.0,746.0
3572,-0.0,74.0,600.0
3573,-0.8,71.0,400.0
3574,0.7,73.0,200.0
3575,3.3,74.0,54.0
3576,7.2,71.0,0.0
3577,8.1,69.0,54.0
3578,8.9,65.0,200.0
3579,11.1,67.0,400.0
3580,11.2,67.0,600.0
3581,8.3,74.0,746.0
3582,10.4,69.0,800.0
3583,9.9,69.0,746.0
3584,6.9,63.0,600.0
3585,4.9,74.0,400.0
3586,5.0,64.0,200.0
3587,0.3,67.0,54.0
3588,-1.1,75.0,0.0
3589,-2.3,72.0,54.0
3590,-3.9,64.0,200.0
3591,-5.0,63.0,400.0
3592,-5.0,67.0,600.0
3593,-3.3,65.0,746.0
3594,-3.3,61.0,800.0
3595,-2.9,64.0,746.0
3596,-2.1,54.0,600.0
3597,-0.0,73.0,400.0
3598,3.8,72.0,200.0
3599,3.3,75.0,54.0
3600,9.2,70.0,0.0
3601,8.5,66.0,54.0
3602,8.5,73.0,200.0
3603,10.9,64.0,400.0
3604,10.2,61.0,600.0
3605,10.4,67.0,746.0
3606,8.6,70.0,800.0
3607,8.6,64.0,746.0
3608,5.1,63.0,600.0
3609,4.7,66.0,400.0
3610,2.4,70.0,200.0
3611,0.7,67.0,54.0
3612,-1.5,81.0,0.0
3613,-2.4,67.0,54.0
3614,-2.8,72.0,200.0
3615,-4.2,61.0,400.0
3616,-3.6,71.0,600.0
3617,-5.2,65.0,746.0
3618,-3.6,68.0,800.0
3619,-2.3,76.0,746.0
3620,0.1,66.0,600.0
3621,0.2,61.0,400.0
3622,3.8,62.0,200.0
3623,4.2,69.0,54.0
3624,6.4,68.0,0.0
3625,8.3,68.0,54.0
3626,10.5,61.0,200.0
3627,9.8,78.0,400.0
3628,10.3,75.0,600.0
3629,10.3,68.0,746.0
3630,10.3,60.0,800.0
3631,8.1,76.0,746.0
3632,7.7,73.0,600.0
3633,5.1,68.0,400.0
3634,4.1,74.0,200.0
3635,1.4,65.0,54.0
3636,1.2,63.0,0.0
3637,-2.1,68.0,54.0
3638,-4.8,60.0,200.0
3639,-4.6,62.0,400.0
3640,-4.7,70.0,600.0
3641,-5.4,69.0,746.0
3642,-2.2,61.0,800.0
3643,-2.8,66.0,746.0
3644,-1.5,61.0,600.0
3645,1.2,65.0,400.0
3646,2.2,65.0,200.0
3647,6.2,72.0,54.0
3648,7.9,67.0,0.0
3649,9.0,66.0,54.0
3650,10.8,66.0,200.0
3651,10.5,59.0,400.0
3652,9.9,67.0,600.0
3653,10.8,70.0,746.0
3654,9.9,69.0,800.0
3655,7.1,71.0,746.0
3656,6.5,71.0,600.0
3657,4.4,78.0,400.0
3658,2.5,62.0,200.0
3659,2.9,69.0,54.0
3660,0.1,69.0,0.0
3661,-1.1,66.0,54.0
3662,-2.9,64.0,200.0
3663,-3.1,70.0,400.0
3664,-4.5,69.0,600.0
3665,-2.8,62.0,746.0
3666,-4.8,58.0,800.0
3667,-2.4,65.0,746.0
3668,-1.7,64.0,600.0
3669,2.5,70.0,400.0
3670,3.7,63.0,200.0
3671,6.6,66.0,54.0
3672,5.9,59.0,0.0
3673,8.4,60.0,54.0
3674,8.6,63.0,200.0
3675,11.6,66.0,400.0
3676,11.1,63.0,600.0
3677,12.1,68.0,746.0
3678,10.6,59.0,800.0
3679,7.2,66.0,746.0
3680,6.1,66.0,600.0
3681,5.9,60.0,400.0
3682,4.2,68.0,200.0
3683,-0.5,56.0,54.0
3684,-0.3,64.0,0.0
3685,-2.9,71.0,54.0
3686,-4.3,56.0,200.0
3687,-4.7,71.0,400.0
3688,-4.2,61.0,600.0
3689,-4.8,64.0,746.0
3690,-5.4,74.0,800.0
3691,-2.0,64.0,746.0
3692,-0.9,75.0,600.0
3693,0.5,66.0,400.0
3694,3.2,67.0,200.0
3695,5.2,71.0,54.0
3696,7.6,70.0,0.0
3697,9.0,68.0,54.0
3698,10.7,65.0,200.0
3699,11.3,59.0,400.0
3700,12.5,60.0,600.0
3701,13.1,74.0,746.0
3702,10.7,76.0,800.0
3703,8.9,68.0,746.0
3704,6.5,58.0,600.0
3705,6.6,63.0,400.0
3706,3.0,63.0,200.0
3707,4.2,64.0,54.0
3708,2.7,63.0,0.0
3709,-2.0,70.0,54.0
3710,-4.7,68.0,200.0
3711,-3.2,75.0,400.0
3712,-2.1,65.0,600.0
3713,-5.3,68.0,746.0
3714,-1.3,71.0,800.0
3715,-3.8,72.0,746.0
3716,-1.8,61.0,600.0
3717,1.9,69.0,400.0
3718,4.7,68.0,200.0
3719,5.7,68.0,54.0
3720,8.1,67.0,0.0
3721,10.5,75.0,54.0
3722,11.9,62.0,200.0
3723,10.9,62.0,400.0
3724,11.0,63.0,600.0
3725,12.7,65.0,746.0
3726,11.4,68.0,800.0
3727,10.3,64.0,746.0
3728,7.4,72.0,600.0
3729,6.8,67.0,400.0
3730,3.0,66.0,200.0
3731,2.3,60.0,54.0
3732,0.2,76.0,0.0
3733,-1.5,66.0,54.0
3734,-2.1,75.0,200.0
3735,-4.7,64.0,400.0
3736,-3.4,71.0,600.0
3737,-3.8,64.0,746.0
3738,-3.8,76.0,800.0
3739,-3.1,72.0,746.0
3740,1.7,71.0,600.0
3741,1.7,63.0,400.0
3742,3.5,76.0,200.0
3743,4.8,77.0,54.0
3744,8.9,65.0,0.0
3745,10.6,67.0,54.0
3746,11.7,71.0,200.0
3747,11.7,57.0,400.0
3748,12.8,72.0,600.0
3749,11.0,72.0,746.0
3750,11.3,64.0,800.0
3751,9.8,56.0,746.0
3752,8.5,68.0,600.0
3753,4.5,61.0,400.0
3754,6.2,59.0,200.0
3755,3.8,68.0,54.0
3756,-0.9,73.0,0.0
3757,-0.8,65.0,54.0
3758,-4.2,72.0,200.0
3759,-3.5,70.0,400.0
3760,-6.1,60.0,600.0
3761,-3.9,64.0,746.0
3762,-3.4,72.0,800.0
3763,-0.5,64.0,746.0
3764,1.7,71.0,600.0
3765,3.6,64.0,400.0
3766,5.2,70.0,200.0
3767,6.2,69.0,54.0
3768,8.4,65.0,0.0
3769,10.1,70.0,54.0
3770,9.9,56.0,200.0
3771,13.0,61.0,400.0
3772,12.9,64.0,600.0
3773,12.7,72.0,746.0
3774,9.0,59.0,800.0
3775,10.5,66.0,746.0
3776,9.4,68.0,600.0
3777,6.5,68.0,400.0
3778,4.0,66.0,200.0
3779,1.0,63.0,54.0
3780,-1.0,65.0,0.0
3781,-1.1,71.0,54.0
3782,-2.8,63.0,200.0
3783,-3.6,55.0,400.0
3784,-2.2,69.0,600.0
3785,-4.7,74.0,746.0
3786,-3.0,61.0,800.0
3787,0.2,73.0,746.0
3788,-0.1,69.0,600.0
3789,2.2,60.0,400.0
3790,4.0,63.0,200.0
3791,7.0,62.0,54.0
3792,6.1,67.0,0.0
3793,9.7,65.0,54.0
3794,11.3,72.0,200.0
3795,11.1,70.0,400.0
3796,12.7,58.0,600.0
3797,13.0,59.0,746.0
3798,11.9,69.0,800.0
3799,12.0,63.0,746.0
3800,8.2,65.0,600.0
3801,7.2,69.0,400.0
3802,5.1,70.0,200.0
3803,2.3,60.0,54.0
3804,1.8,55.0,0.0
3805,-0.8,65.0,54.0
3806,-3.6,62.0,200.0
3807,-2.5,66.0,400.0
3808,-4.0,66.0,600.0
3809,-3.6,61.0,746.0
3810,-2.8,76.0,800.0
3811,-0.6,66.0,746.0
3812,1.4,63.0,600.0
3813,2.1,66.0,400.0
3814,4.1,69.0,200.0
3815,4.4,63.0,54.0
3816,7.7,78.0,0.0
3817,9.1,58.0,54.0
3818,11.7,59.0,200.0
3819,12.1,58.0,400.0
3820,11.7,66.0,600.0
3821,12.5,68.0,746.0
3822,11.5,64.0,800.0
3823,7.8,68.0,746.0
3824,9.9,68.0,600.0
3825,7.9,64.0,400.0
3826,4.6,68.0,200.0
3827,3.1,65.0,54.0
3828,0.5,64.0,0.0
3829,-2.5,63.0,54.0
3830,-0.0,67.0,200.0
3831,-2.3,72.0,400.0
3832,-2.4,60.0,600.0
3833,-3.4,63.0,746.0
3834,-1.2,67.0,800.0
3835,-2.5,74.0,746.0
3836,0.3,68.0,600.0
3837,3.2,62.0,400.0
3838,3.9,61.0,200.0
3839,7.5,71.0,54.0
3840,8.9,64.0,0.0
3841,10.4,60.0,54.0
3842,10.8,71.0,200.0
3843,12.8,67.0,400.0
3844,14.7,60.0,600.0
3845,12.7,59.0,746.0
3846,12.3,55.0,800.0
3847,11.3,62.0,746.0
3848,7.8,67.0,600.0
3849,6.9,70.0,400.0
3850,4.8,68.0,200.0
3851,0.8,59.0,54.0
3852,1.8,64.0,0.0
3853,-1.6,73.0,54.0
3854,-1.3,63.0,200.0
3855,-3.6,69.0,400.0
3856,-1.1,69.0,600.0
3857,-3.2,69.0,746.0
3858,-0.3,68.0,800.0
3859,-1.1,69.0,746.0
3860,0.6,58.0,600.0
3861,4.2,73.0,400.0
3862,3.8,56.0,200.0
3863,6.8,67.0,54.0
3864,9.3,65.0,0.0
3865,10.8,62.0,54.0
3866,11.8,61.0,200.0
3867,12.5,68.0,400.0
3868,13.8,69.0,600.0
3869,12.9,65.0,746.0
3870,12.9,64.0,800.0
3871,11.1,72.0,746.0
3872,9.8,63.0,600.0
3873,8.3,65.0,400.0
3874,4.8,64.0,200.0
3875,4.2,78.0,54.0
3876,1.0,61.0,0.0
3877,-1.9,69.0,54.0
3878,-2.2,57.0,200.0
3879,-3.4,60.0,400.0
3880,-2.6,64.0,600.0
3881,-3.1,65.0,746.0
3882,-1.9,64.0,800.0
3883,0.2,65.0,746.0
3884,2.3,62.0,600.0
3885,3.1,72.0,400.0
3886,5.9,60.0,200.0
3887,6.8,69.0,54.0
3888,7.3,69.0,0.0
3889,9.4,60.0,54.0
3890,11.7,63.0,200.0
3891,13.5,65.0,400.0
3892,12.9,74.0,600.0
3893,14.1,63.0,746.0
3894,14.0,83.0,800.0
3895,10.0,69.0,746.0
3896,11.4,67.0,600.0
3897,5.7,70.0,400.0
3898,7.2,56.0,200.0
3899,3.2,71.0,54.0
3900,1.1,58.0,0.0
3901,-0.4,69.0,54.0
3902,-2.5,62.0,200.0
3903,-1.0,61.0,400.0
3904,-3.5,74.0,600.0
3905,-3.2,65.0,746.0
3906,-3.2,57.0,800.0
3907,-1.3,70.0,746.0
3908,0.3,59.0,600.0
3909,2.2,72.0,400.0
3910,4.8,65.0,200.0
3911,6.0,59.0,54.0
3912,10.7,69.0,0.0
3913,10.6,68.0,54.0
3914,12.4,54.0,200.0
3915,13.8,65.0,400.0
3916,15.3,66.0,600.0
3917,13.9,66.0,746.0
3918,12.0,64.0,800.0
3919,10.0,69.0,746.0
3920,9.8,68.0,600.0
3921,8.6,65.0,400.0
3922,5.6,64.0,200.0
3923,3.5,66.0,54.0
3924,1.7,62.0,0.0
3925,-2.1,60.0,54.0
3926,-1.4,59.0,200.0
3927,-1.6,64.0,400.0
3928,-2.7,60.0,600.0
3929,-1.3,64.0,746.0
3930,-0.5,71.0,800.0
3931,-0.9,64.0,746.0
3932,1.7,65.0,600.0
3933,3.2,64.0,400.0
3934,3.2,71.0,200.0
3935,7.1,73.0,54.0
3936,8.2,62.0,0.0
3937,11.1,68.0,54.0
3938,12.9,75.0,200.0
3939,12.9,59.0,400.0
3940,12.5,70.0,600.0
3941,13.4,56.0,746.0
3942,14.9,65.0,800.0
3943,9.1,64.0,746.0
3944,9.9,56.0,600.0
3945,7.2,70.0,400.0
3946,5.2,65.0,200.0
3947,3.5,60.0,54.0
3948,1.3,66.0,0.0
3949,0.6,69.0,54.0
3950,-1.6,56.0,200.0
3951,-4.3,49.0,400.0
3952,-1.2,64.0,600.0
3953,-1.1,61.0,746.0
3954,-2.1,71.0,800.0
3955,-0.2,63.0,746.0
3956,2.6,66.0,600.0
3957,4.3,64.0,400.0
3958,6.7,57.0,200.0
3959,7.8,65.0,54.0
3960,10.2,58.0,0.0
3961,12.5,58.0,54.0
3962,12.1,59.0,200.0
3963,13.7,58.0,400.0
3964,11.5,63.0,600.0
3965,11.8,62.0,746.0
3966,13.1,66.0,800.0
3967,12.1,57.0,746.0
3968,9.4,63.0,600.0
3969,7.3,62.0,400.0
3970,5.5,65.0,200.0
3971,4.0,66.0,54.0
3972,-0.5,65.0,0.0
3973,0.6,59.0,54.0
3974,-1.1,64.0,200.0
3975,-1.8,62.0,400.0
3976,-2.4,71.0,600.0
3977,-3.5,65.0,746.0
3978,-2.4,65.0,800.0
3979,1.4,58.0,746.0
3980,0.9,61.0,600.0
3981,4.3,66.0,400.0
3982,4.5,64.0,200.0
3983,7.6,64.0,54.0
3984,9.1,55.0,0.0
3985,11.0,60.0,54.0
3986,12.2,63.0,200.0
3987,14.9,70.0,400.0
3988,15.7,55.0,600.0
3989,13.8,59.0,746.0
3990,12.4,55.0,800.0
3991,10.3,66.0,746.0
3992,8.6,70.0,600.0
3993,9.5,66.0,400.0
3994,4.5,67.0,200.0
3995,3.5,59.0,54.0
3996,2.1,66.0,0.0
3997,-2.3,60.0,54.0
3998,-2.2,64.0,200.0
3999,-3.2,67.0,400.0
4000,-2.8,63.0,600.0
4001,-1.7,68.0,746.0
4002,-0.1,63.0,800.0
4003,-0.6,65.0,746.0
4004,1.3,73.0,600.0
4005,3.5,66.0,400.0
4006,4.9,60.0,200.0
4007,8.2,62.0,54.0
4008,10.2,68.0,0.0
4009,8.7,69.0,54.0
4010,13.4,64.0,200.0
4011,13.7,56.0,400.0
4012,14.2,59.0,600.0
4013,14.9,65.0,746.0
4014,11.2,67.0,800.0
4015,10.5,69.0,746.0
4016,10.1,54.0,600.0
4017,5.9,68.0,400.0
4018,6.0,71.0,200.0
4019,5.0,52.0,54.0
4020,2.6,64.0,0.0
4021,0.6,68.0,54.0
4022,-1.1,57.0,200.0
4023,-2.1,61.0,400.0
4024,-2.5,67.0,600.0
4025,-1.5,61.0,746.0
4026,-2.5,62.0,800.0
4027,1.7,65.0,746.0
4028,1.2,58.0,600.0
4029,4.4,58.0,400.0
4030,6.0,66.0,200.0
4031,6.8,68.0,54.0
4032,11.2,66.0,0.0
4033,12.7,71.0,54.0
4034,11.4,66.0,200.0
4035,13.7,73.0,400.0
4036,14.3,64.0,600.0
4037,11.8,65.0,746.0
4038,11.0,66.0,800.0
4039,11.1,60.0,746.0
4040,9.0,60.0,600.0
4041,7.4,59.0,400.0
4042,5.0,61.0,200.0
4043,4.2,74.0,54.0
4044,1.4,73.0,0.0
4045,1.8,62.0,54.0
4046,-0.5,61.0,200.0
4047,-0.7,53.0,400.0
4048,-3.5,59.0,600.0
4049,-2.2,59.0,746.0
4050,-0.7,61.0,800.0
4051,0.9,61.0,746.0
4052,1.4,65.0,600.0
4053,3.5,67.0,400.0
4054,5.7,60.0,200.0
4055,7.8,71.0,54.0
4056,12.3,65.0,0.0
4057,12.1,68.0,54.0
4058,13.1,61.0,200.0
4059,12.7,66.0,400.0
4060,13.0,66.0,600.0
4061,13.9,71.0,746.0
4062,14.5,67.0,800.0
4063,11.9,68.0,746.0
4064,10.3,61.0,600.0
4065,7.8,69.0,400.0
4066,4.8,57.0,200.0
4067,4.9,60.0,54.0
4068,2.3,65.0,0.0
4069,1.3,58.0,54.0
4070,-0.3,59.0,200.0
4071,-2.3,59.0,400.0
4072,-1.4,65.0,600.0
4073,-2.7,62.0,746.0
4074,-0.4,68.0,800.0
4075,0.5,73.0,746.0
4076,3.8,65.0,600.0
4077,3.3,61.0,400.0
4078,4.9,65.0,200.0
4079,7.9,59.0,54.0
4080,10.9,63.0,0.0
4081,9.2,76.0,54.0
4082,14.1,62.0,200.0
4083,13.9,65.0,400.0
4084,13.3,62.0,600.0
4085,13.9,61.0,746.0
4086,12.7,66.0,800.0
4087,11.0,57.0,746.0
4088,8.7,62.0,600.0
4089,9.5,56.0,400.0
4090,6.1,71.0,200.0
4091,4.2,68.0,54.0
4092,3.5,59.0,0.0
4093,1.1,54.0,54.0
4094,-1.9,66.0,200.0
4095,-0.5,63.0,400.0
4096,0.0,74.0,600.0
4097,-0.7,70.0,746.0
4098,-1.3,66.0,800.0
4099,-0.7,60.0,746.0
4100,1.5,62.0,600.0
4101,4.4,64.0,400.0
4102,7.8,65.0,200.0
4103,7.7,59.0,54.0
4104,9.8,56.0,0.0
4105,13.1,73.0,54.0
4106,13.0,63.0,200.0
4107,16.0,65.0,400.0
4108,14.5,59.0,600.0
4109,15.6,70.0,746.0
4110,14.0,68.0,800.0
4111,13.1,63.0,746.0
4112,10.6,64.0,600.0
4113,8.8,64.0,400.0
4114,7.3,63.0,200.0
4115,5.6,66.0,54.0
4116,3.4,65.0,0.0
4117,-0.6,62.0,54.0
4118,0.1,57.0,200.0
4119,-1.6,63.0,400.0
4120,-1.8,67.0,600.0
4121,-0.6,66.0,746.0
4122,1.4,69.0,800.0
4123,0.7,70.0,746.0
4124,4.5,66.0,600.0
4125,3.4,64.0,400.0
4126,7.8,64.0,200.0
4127,9.1,60.0,54.0
4128,10.8,67.0,0.0
4129,13.7,69.0,54.0
4130,13.0,68.0,200.0
4131,15.7,65.0,400.0
4132,14.6,61.0,600.0
4133,13.9,61.0,746.0
4134,12.5,62.0,800.0
4135,14.2,59.0,746.0
4136,12.1,64.0,600.0
4137,8.6,49.0,400.0
4138,7.6,60.0,200.0
4139,5.1,63.0,54.0
4140,2.7,75.0,0.0
4141,2.3,63.0,54.0
4142,-0.6,63.0,200.0
4143,-3.0,58.0,400.0
4144,-0.9,71.0,600.0
4145,-0.8,58.0,746.0
4146,-0.7,73.0,800.0
4147,0.2,59.0,746.0
4148,1.2,67.0,600.0
4149,4.3,62.0,400.0
4150,5.9,60.0,200.0
4151,9.8,68.0,54.0
4152,11.3,69.0,0.0
4153,12.0,62.0,54.0
4154,14.3,62.0,200.0
4155,14.5,60.0,400.0
4156,14.7,64.0,600.0
4157,14.7,57.0,746.0
4158,15.8,49.0,800.0
4159,13.4,53.0,746.0
4160,10.9,61.0,600.0
4161,10.1,57.0,400.0
4162,8.1,62.0,200.0
4163,5.4,60.0,54.0
4164,2.9,59.0,0.0
4165,1.1,59.0,54.0
4166,-0.9,67.0,200.0
4167,-0.5,63.0,400.0
4168,-1.6,70.0,600.0
4169,-1.2,63.0,746.0
4170,0.7,53.0,800.0
4171,3.0,57.0,746.0
4172,3.3,63.0,600.0
4173,4.7,63.0,400.0
4174,6.9,59.0,200.0
4175,10.1,58.0,54.0
4176,11.3,59.0,0.0
4177,12.8,61.0,54.0
4178,14.2,62.0,200.0
4179,13.4,57.0,400.0
4180,15.5,63.0,600.0
4181,14.0,63.0,746.0
4182,14.6,62.0,800.0
4183,12.2,59.0,746.0
4184,11.9,65.0,600.0
4185,9.3,69.0,400.0
4186,6.2,60.0,200.0
4187,5.0,59.0,54.0
4188,5.6,64.0,0.0
4189,-0.6,56.0,54.0
4190,0.5,56.0,200.0
4191,-1.5,59.0,400.0
4192,0.6,64.0,600.0
4193,0.3,58.0,746.0
4194,0.4,62.0,800.0
4195,2.4,52.0,746.0
4196,3.3,65.0,600.0
4197,5.0,69.0,400.0
4198,6.5,57.0,200.0
4199,8.8,64.0,54.0
4200,10.6,61.0,0.0
4201,12.8,62.0,54.0
4202,12.2,61.0,200.0
4203,16.0,60.0,400.0
4204,17.2,58.0,600.0
4205,14.6,56.0,746.0
4206,15.5,67.0,800.0
4207,13.0,53.0,746.0
4208,10.9,62.0,600.0
4209,9.2,62.0,400.0
4210,7.6,62.0,200.0
4211,4.7,65.0,54.0
4212,4.1,60.0,0.0
4213,1.3,65.0,54.0
4214,-0.5,72.0,200.0
4215,-0.3,61.0,400.0
4216,-1.3,52.0,600.0
4217,-0.7,61.0,746.0
4218,0.3,61.0,800.0
4219,0.3,64.0,746.0
4220,4.7,52.0,600.0
4221,6.0,63.0,400.0
4222,6.6,60.0,200.0
4223,9.3,66.0,54.0
4224,11.9,59.0,0.0
4225,13.2,66.0,54.0
4226,16.2,54.0,200.0
4227,14.9,62.0,400.0
4228,16.7,57.0,600.0
4229,13.9,59.0,746.0
4230,13.3,75.0,800.0
4231,15.0,57.0,746.0
4232,11.2,60.0,600.0
4233,8.6,56.0,400.0
4234,7.7,60.0,200.0
4235,6.9,61.0,54.0
4236,2.9,58.0,0.0
4237,2.0,69.0,54.0
4238,-1.1,67.0,200.0
4239,-0.6,57.0,400.0
4240,0.6,66.0,600.0
4241,-1.0,59.0,746.0
4242,-0.7,55.0,800.0
4243,1.0,58.0,746.0
4244,2.8,55.0,600.0
4245,6.1,66.0,400.0
4246,7.8,57.0,200.0
4247,10.1,68.0,54.0
4248,11.5,62.0,0.0
4249,12.5,59.0,54.0
4250,13.7,59.0,200.0
4251,15.7,70.0,400.0
4252,17.2,61.0,600.0
4253,14.5,59.0,746.0
4254,13.7,66.0,800.0
4255,12.3,64.0,746.0
4256,12.7,56.0,600.0
4257,9.9,61.0,400.0
4258,8.4,52.0,200.0
4259,5.3,61.0,54.0
4260,4.5,63.0,0.0
4261,1.9,64.0,54.0
4262,-0.7,56.0,200.0
4263,1.0,58.0,400.0
4264,-0.3,62.0,600.0
4265,-0.4,67.0,746.0
4266,1.0,62.0,800.0
4267,0.5,58.0,746.0
4268,4.0,66.0,600.0
4269,4.9,62.0,400.0
4270,7.4,62.0,200.0
4271,10.8,65.0,54.0
4272,12.3,61.0,0.0
4273,13.1,56.0,54.0
4274,14.5,60.0,200.0
4275,12.9,67.0,400.0
4276,15.0,71.0,600.0
4277,15.7,55.0,746.0
4278,14.1,69.0,800.0
4279,12.3,59.0,746.0
4280,12.5,61.0,600.0
4281,11.4,70.0,400.0
4282,7.3,59.0,200.0
4283,6.8,60.0,54.0
4284,4.7,58.0,0.0
4285,1.4,61.0,54.0
4286,0.3,63.0,200.0
4287,2.0,58.0,400.0
4288,-1.2,68.0,600.0
4289,-0.5,57.0,746.0
4290,2.8,63.0,800.0
4291,1.5,61.0,746.0
4292,5.1,67.0,600.0
4293,4.6,57.0,400.0
4294,7.9,64.0,200.0
4295,10.9,73.0,54.0
4296,11.3,54.0,0.0
4297,13.6,56.0,54.0
4298,15.5,71.0,200.0
4299,14.7,60.0,400.0
4300,18.2,61.0,600.0
4301,16.8,59.0,746.0
4302,14.6,69.0,800.0
4303,13.5,53.0,746.0
4304,14.1,67.0,600.0
4305,9.9,53.0,400.0
4306,7.7,53.0,200.0
4307,7.3,55.0,54.0
4308,2.8,60.0,0.0
4309,2.4,57.0,54.0
4310,1.3,57.0,200.0
4311,-0.3,56.0,400.0
4312,-1.5,56.0,600.0
4313,0.3,56.0,746.0
4314,1.7,62.0,800.0
4315,1.6,58.0,746.0
4316,2.7,47.0,600.0
4317,7.1,60.0,400.0
4318,8.4,64.0,200.0
4319,9.6,59.0,54.0
4320,12.9,54.0,0.0
4321,13.9,64.0,54.0
4322,16.7,54.0,200.0
4323,16.5,59.0,400.0
4324,14.7,60.0,600.0
4325,15.3,66.0,746.0
4326,14.6,63.0,800.0
4327,14.2,62.0,746.0
4328,12.0,65.0,600.0
4329,9.3,55.0,400.0
4330,8.9,68.0,200.0
4331,7.3,45.0,54.0
4332,4.2,68.0,0.0
4333,2.9,56.0,54.0
4334,0.4,62.0,200.0
4335,0.0,68.0,400.0
4336,-0.3,63.0,600.0
4337,1.0,62.0,746.0
4338,1.5,65.0,800.0
4339,2.1,53.0,746.0
4340,3.7,54.0,600.0
4341,4.0,62.0,400.0
4342,9.7,59.0,200.0
4343,8.1,59.0,54.0
4344,12.5,67.0,0.0
4345,13.8,66.0,54.0
4346,14.8,56.0,200.0
4347,16.0,63.0,400.0
4348,15.6,53.0,600.0
4349,16.7,52.0,746.0
4350,14.0,56.0,800.0
4351,14.4,60.0,746.0
4352,11.8,57.0,600.0
4353,10.2,63.0,400.0
4354,8.1,60.0,200.0
4355,6.3,66.0,54.0
4356,5.0,63.0,0.0
4357,2.8,55.0,54.0
4358,2.5,65.0,200.0
4359,1.7,56.0,400.0
4360,0.7,62.0,600.0
4361,1.3,58.0,746.0
4362,3.4,67.0,800.0
4363,1.2,64.0,746.0
4364,5.3,57.0,600.0
4365,7.7,58.0,400.0
4366,8.7,76.0,200.0
4367,12.2,54.0,54.0
4368,14.0,57.0,0.0
4369,13.6,57.0,54.0
4370,15.0,54.0,200.0
4371,16.7,55.0,400.0
4372,15.8,60.0,600.0
4373,18.9,62.0,746.0
4374,16.3,52.0,800.0
4375,14.3,58.0,746.0
4376,11.2,56.0,600.0
4377,11.0,54.0,400.0
4378,7.5,65.0,200.0
4379,7.4,56.0,54.0
4380,2.2,53.0,0.0
4381,4.4,64.0,54.0
4382,1.3,66.0,200.0
4383,-0.8,61.0,400.0
4384,0.5,55.0,600.0
4385,0.8,59.0,746.0
4386,1.5,57.0,800.0
4387,4.1,60.0,746.0
4388,4.8,63.0,600.0
4389,7.1,60.0,400.0
4390,8.1,60.0,200.0
4391,10.9,57.0,54.0
4392,11.1,63.0,0.0
4393,14.4,62.0,54.0
4394,14.7,51.0,200.0
4395,17.6,51.0,400.0
4396,16.7,58.0,600.0
4397,17.1,65.0,746.0
4398,15.9,66.0,800.0
4399,16.2,64.0,746.0
4400,11.2,59.0,600.0
4401,10.8,67.0,400.0
4402,7.9,56.0,200.0
4403,4.7,58.0,54.0
4404,3.8,53.0,0.0
4405,4.3,58.0,54.0
4406,1.8,55.0,200.0
4407,0.8,67.0,400.0
4408,1.5,66.0,600.0
4409,1.0,60.0,746.0
4410,2.3,62.0,800.0
4411,3.2,57.0,746.0
4412,5.1,47.0,600.0
4413,6.0,56.0,400.0
4414,9.6,63.0,200.0
4415,9.4,62.0,54.0
4416,12.5,58.0,0.0
4417,15.4,63.0,54.0
4418,15.4,57.0,200.0
4419,16.0,54.0,400.0
4420,19.1,63.0,600.0
4421,18.0,56.0,746.0
4422,16.0,65.0,800.0
4423,13.6,50.0,746.0
4424,10.9,57.0,600.0
4425,11.8,63.0,400.0
4426,10.3,62.0,200.0
4427,7.3,58.0,54.0
4428,3.3,61.0,0.0
4429,3.5,60.0,54.0
4430,1.5,52.0,200.0
4431,1.3,58.0,400.0
4432,2.8,61.0,600.0
4433,1.9,62.0,746.0
4434,2.4,59.0,800.0
4435,3.0,57.0,746.0
4436,5.1,53.0,600.0
4437,5.9,63.0,400.0
4438,9.3,63.0,200.0
4439,10.6,64.0,54.0
4440,11.9,54.0,0.0
4441,15.3,60.0,54.0
4442,13.5,56.0,200.0
4443,16.1,60.0,400.0
4444,17.5,74.0,600.0
4445,17.9,64.0,746.0
4446,16.4,56.0,800.0
4447,14.1,58.0,746.0
4448,13.1,57.0,600.0
4449,11.5,60.0,400.0
4450,10.7,52.0,200.0
4451,8.0,61.0,54.0
4452,6.1,49.0,0.0
4453,3.5,51.0,54.0
4454,1.1,69.0,200.0
4455,-0.1,57.0,400.0
4456,0.7,66.0,600.0
4457,1.9,55.0,746.0
4458,1.5,49.0,800.0
4459,3.8,54.0,746.0
4460,4.1,73.0,600.0
4461,6.2,52.0,400.0
4462,10.3,68.0,200.0
4463,11.7,61.0,54.0
4464,12.6,60.0,0.0
4465,13.8,55.0,54.0
4466,16.9,55.0,200.0
4467,17.6,62.0,400.0
4468,17.7,66.0,600.0
4469,16.7,60.0,746.0
4470,15.0,63.0,800.0
4471,14.9,57.0,746.0
4472,14.7,70.0,600.0
4473,10.5,60.0,400.0
4474,9.4,69.0,200.0
4475,8.9,54.0,54.0
4476,5.0,59.0,0.0
4477,3.5,64.0,54.0
4478,1.0,60.0,200.0
4479,2.1,62.0,400.0
4480,0.4,54.0,600.0
4481,-0.2,57.0,746.0
4482,1.2,55.0,800.0
4483,3.6,58.0,746.0
4484,3.5,58.0,600.0
4485,5.6,56.0,400.0
4486,9.6,62.0,200.0
4487,11.0,54.0,54.0
4488,12.1,48.0,0.0
4489,14.4,56.0,54.0
4490,17.8,70.0,200.0
4491,18.2,61.0,400.0
4492,17.1,55.0,600.0
4493,17.8,61.0,746.0
4494,16.4,58.0,800.0
4495,13.3,61.0,746.0
4496,11.5,63.0,600.0
4497,10.6,60.0,400.0
4498,7.9,59.0,200.0
4499,7.7,66.0,54.0
4500,4.9,61.0,0.0
4501,4.2,60.0,54.0
4502,2.9,59.0,200.0
4503,2.3,56.0,400.0
4504,0.4,52.0,600.0
4505,2.1,62.0,746.0
4506,1.4,65.0,800.0
4507,4.3,61.0,746.0
4508,6.4,61.0,600.0
4509,7.8,54.0,400.0
4510,9.0,56.0,200.0
4511,11.8,52.0,54.0
4512,11.7,57.0,0.0
4513,13.1,63.0,54.0
4514,16.7,55.0,200.0
4515,18.4,58.0,400.0
4516,16.2,62.0,600.0
4517,17.2,65.0,746.0
4518,16.9,50.0,800.0
4519,14.6,56.0,746.0
4520,13.3,55.0,600.0
4521,12.3,54.0,400.0
4522,9.7,57.0,200.0
4523,7.7,49.0,54.0
4524,4.6,57.0,0.0
4525,3.9,59.0,54.0
4526,2.2,53.0,200.0
4527,1.5,56.0,400.0
4528,0.9,59.0,600.0
4529,1.7,59.0,746.0
4530,1.6,50.0,800.0
4531,3.7,62.0,746.0
4532,5.0,62.0,600.0
4533,6.3,55.0,400.0
4534,7.4,67.0,200.0
4535,12.4,61.0,54.0
4536,14.1,60.0,0.0
4537,14.3,62.0,54.0
4538,17.1,53.0,200.0
4539,16.2,57.0,400.0
4540,17.2,61.0,600.0
4541,16.8,54.0,746.0
4542,16.3,56.0,800.0
4543,16.0,61.0,746.0
4544,13.3,60.0,600.0
4545,11.5,58.0,400.0
4546,10.5,59.0,200.0
4547,7.8,57.0,54.0
4548,5.2,62.0,0.0
4549,4.3,69.0,54.0
4550,3.8,60.0,200.0
4551,3.0,65.0,400.0
4552,0.3,56.0,600.0
4553,0.6,55.0,746.0
4554,3.6,54.0,800.0
4555,3.6,54.0,746.0
4556,3.3,57.0,600.0
4557,6.7,63.0,400.0
4558,9.0,63.0,200.0
4559,11.3,56.0,54.0
4560,14.3,56.0,0.0
4561,14.3,58.0,54.0
4562,17.5,59.0,200.0
4563,17.7,61.0,400.0
4564,16.4,56.0,600.0
4565,17.2,57.0,746.0
4566,17.2,65.0,800.0
4567,15.6,57.0,746.0
4568,14.3,55.0,600.0
4569,11.4,58.0,400.0
4570,10.5,58.0,200.0
4571,7.5,50.0,54.0
4572,8.5,56.0,0.0
4573,2.9,60.0,54.0
4574,5.6,68.0,200.0
4575,1.2,55.0,400.0
4576,3.1,62.0,600.0
4577,2.8,59.0,746.0
4578,1.9,64.0,800.0
4579,4.6,55.0,746.0
4580,5.2,63.0,600.0
4581,7.8,65.0,400.0
4582,9.8,65.0,200.0
4583,11.4,65.0,54.0
4584,13.2,59.0,0.0
4585,15.7,61.0,54.0
4586,15.8,56.0,200.0
4587,16.7,47.0,400.0
4588,18.8,59.0,600.0
4589,18.1,57.0,746.0
4590,15.6,63.0,800.0
4591,14.7,62.0,746.0
4592,11.9,52.0,600.0
4593,13.1,69.0,400.0
4594,10.8,60.0,200.0
4595,6.9,51.0,54.0
4596,6.7,52.0,0.0
4597,6.4,47.0,54.0
4598,1.6,61.0,200.0
4599,1.6,55.0,400.0
4600,0.4,53.0,600.0
4601,3.1,54.0,746.0
4602,2.8,56.0,800.0
4603,3.8,60.0,746.0
4604,6.0,49.0,600.0
4605,7.2,52.0,400.0
4606,9.4,60.0,200.0
4607,12.1,55.0,54.0
4608,13.2,60.0,0.0
4609,15.0,55.0,54.0
4610,16.7,65.0,200.0
4611,17.8,59.0,400.0
4612,18.6,64.0,600.0
4613,18.4,60.0,746.0
4614,15.5,60.0,800.0
4615,17.2,54.0,746.0
4616,14.3,63.0,600.0
4617,12.0,59.0,400.0
4618,9.3,53.0,200.0
4619,10.2,47.0,54.0
4620,8.6,58.0,0.0
4621,6.4,65.0,54.0
4622,3.4,53.0,200.0
4623,2.7,53.0,400.0
4624,3.6,56.0,600.0
4625,2.1,63.0,746.0
4626,3.6,48.0,800.0
4627,4.5,54.0,746.0
4628,7.9,52.0,600.0
4629,9.3,60.0,400.0
4630,9.8,57.0,200.0
4631,13.5,56.0,54.0
4632,14.0,56.0,0.0
4633,15.1,61.0,54.0
4634,16.7,63.0,200.0
4635,18.0,62.0,400.0
4636,17.4,60.0,600.0
4637,17.4,64.0,746.0
4638,15.7,53.0,800.0
4639,15.1,59.0,746.0
4640,14.6,69.0,600.0
4641,13.5,48.0,400.0
4642,11.3,55.0,200.0
4643,8.7,52.0,54.0
4644,4.8,59.0,0.0
4645,3.8,64.0,54.0
4646,3.2,60.0,200.0
4647,3.5,56.0,400.0
4648,1.7,60.0,600.0
4649,1.2,56.0,746.0
4650,4.7,58.0,800.0
4651,3.7,60.0,746.0
4652,5.0,66.0,600.0
4653,8.2,59.0,400.0
4654,10.0,58.0,200.0
4655,11.7,67.0,54.0
4656,14.1,47.0,0.0
4657,14.9,57.0,54.0
4658,16.6,53.0,200.0
4659,17.9,56.0,400.0
4660,16.3,60.0,600.0
4661,19.0,62.0,746.0
4662,16.0,54.0,800.0
4663,15.2,60.0,746.0
4664,15.5,52.0,600.0
4665,13.2,51.0,400.0
4666,10.6,57.0,200.0
4667,6.8,56.0,54.0
4668,5.9,64.0,0.0
4669,4.6,68.0,54.0
4670,3.4,54.0,200.0
4671,3.8,48.0,400.0
4672,4.4,50.0,600.0
4673,3.2,53.0,746.0
4674,2.8,58.0,800.0
4675,5.8,56.0,746.0
4676,5.7,51.0,600.0
4677,5.5,66.0,400.0
4678,9.0,60.0,200.0
4679,9.9,66.0,54.0
4680,13.9,48.0,0.0
4681,15.8,63.0,54.0
4682,15.7,56.0,200.0
4683,17.3,55.0,400.0
4684,17.0,57.0,600.0
4685,18.1,53.0,746.0
4686,16.6,56.0,800.0
4687,17.3,61.0,746.0
4688,14.8,47.0,600.0
4689,14.3,64.0,400.0
4690,10.2,59.0,200.0
4691,10.7,56.0,54.0
4692,6.7,61.0,0.0
4693,4.5,58.0,54.0
4694,6.1,54.0,200.0
4695,1.0,53.0,400.0
4696,2.0,64.0,600.0
4697,1.1,49.0,746.0
4698,1.7,56.0,800.0
4699,2.7,50.0,746.0
4700,7.0,59.0,600.0
4701,7.0,56.0,400.0
4702,10.1,50.0,200.0
4703,13.3,52.0,54.0
4704,14.9,57.0,0.0
4705,16.5,58.0,54.0
4706,18.6,47.0,200.0
4707,19.9,53.0,400.0
4708,17.3,57.0,600.0
4709,18.9,63.0,746.0
4710,17.4,61.0,800.0
4711,16.3,54.0,746.0
4712,13.3,61.0,600.0
4713,12.3,55.0,400.0
4714,10.4,41.0,200.0
4715,10.2,64.0,54.0
4716,5.7,59.0,0.0
4717,2.7,57.0,54.0
4718,3.8,56.0,200.0
4719,1.7,58.0,400.0
4720,2.5,56.0,600.0
4721,3.6,55.0,746.0
4722,3.6,53.0,800.0
4723,4.5,57.0,746.0
4724,6.4,52.0,600.0
4725,9.3,51.0,400.0
4726,9.4,58.0,200.0
4727,13.3,61.0,54.0
4728,13.5,52.0,0.0
4729,16.8,53.0,54.0
4730,16.0,48.0,200.0
4731,18.9,50.0,400.0
4732,18.6,50.0,600.0
4733,18.6,61.0,746.0
4734,18.7,48.0,800.0
4735,15.7,59.0,746.0
4736,14.9,55.0,600.0
4737,13.3,59.0,400.0
4738,10.7,62.0,200.0
4739,9.6,56.0,54.0
4740,7.3,62.0,0.0
4741,4.7,64.0,54.0
4742,5.2,63.0,200.0
4743,3.7,53.0,400.0
4744,2.0,46.0,600.0
4745,2.2,55.0,746.0
4746,3.6,57.0,800.0
4747,5.5,46.0,746.0
4748,4.5,56.0,600.0
4749,7.8,43.0,400.0
4750,10.1,64.0,200.0
4751,11.3,58.0,54.0
4752,13.7,52.0,0.0
4753,16.5,57.0,54.0
4754,17.2,57.0,200.0
4755,18.1,58.0,400.0
4756,17.5,56.0,600.0
4757,18.4,61.0,746.0
4758,16.4,50.0,800.0
4759,18.1,55.0,746.0
4760,16.8,65.0,600.0
4761,12.7,54.0,400.0
4762,10.0,57.0,200.0
4763,9.9,51.0,54.0
4764,7.7,67.0,0.0
4765,7.3,57.0,54.0
4766,6.2,50.0,200.0
4767,1.2,61.0,400.0
4768,4.1,51.0,600.0
4769,3.0,59.0,746.0
4770,4.5,61.0,800.0
4771,6.0,66.0,746.0
4772,7.5,57.0,600.0
4773,9.7,56.0,400.0
4774,10.2,46.0,200.0
4775,11.9,54.0,54.0
4776,16.0,52.0,0.0
4777,15.6,55.0,54.0
4778,19.7,53.0,200.0
4779,17.9,60.0,400.0
4780,18.6,53.0,600.0
4781,18.6,58.0,746.0
4782,16.5,55.0,800.0
4783,15.3,53.0,746.0
4784,16.1,52.0,600.0
4785,11.6,57.0,400.0
4786,13.8,63.0,200.0
4787,9.1,52.0,54.0
4788,6.2,56.0,0.0
4789,6.0,58.0,54.0
4790,1.8,56.0,200.0
4791,3.1,47.0,400.0
4792,2.9,58.0,600.0
4793,2.0,48.0,746.0
4794,3.4,48.0,800.0
4795,6.8,49.0,746.0
4796,7.1,55.0,600.0
4797,9.3,51.0,400.0
4798,10.1,48.0,200.0
4799,11.7,57.0,54.0
4800,14.7,55.0,0.0
4801,14.2,59.0,54.0
4802,16.9,52.0,200.0
4803,17.6,55.0,400.0
4804,17.1,60.0,600.0
4805,19.6,49.0,746.0
4806,18.1,52.0,800.0
4807,16.3,60.0,746.0
4808,16.0,56.0,600.0
4809,11.8,55.0,400.0
4810,10.0,55.0,200.0
4811,10.4,62.0,54.0
4812,9.6,55.0,0.0
4813,6.4,56.0,54.0
4814,4.8,55.0,200.0
4815,3.0,47.0,400.0
4816,2.7,58.0,600.0
4817,3.7,51.0,746.0
4818,5.6,49.0,800.0
4819,5.9,47.0,746.0
4820,8.0,48.0,600.0
4821,8.1,44.0,400.0
4822,11.7,50.0,200.0
4823,12.5,53.0,54.0
4824,15.2,61.0,0.0
4825,17.4,56.0,54.0
4826,17.6,57.0,200.0
4827,17.9,62.0,400.0
4828,19.6,41.0,600.0
4829,18.9,57.0,746.0
4830,18.5,57.0,800.0
4831,17.7,59.0,746.0
4832,16.8,46.0,600.0
4833,14.2,52.0,400.0
4834,12.0,51.0,200.0
4835,8.9,49.0,54.0
4836,7.1,67.0,0.0
4837,6.3,52.0,54.0
4838,4.1,60.0,200.0
4839,4.1,59.0,400.0
4840,2.5,48.0,600.0
4841,5.5,53.0,746.0
4842,4.5,55.0,800.0
4843,5.7,57.0,746.0
4844,6.7,57.0,600.0
4845,11.0,64.0,400.0
4846,9.9,60.0,200.0
4847,12.6,58.0,54.0
4848,16.1,60.0,0.0
4849,17.2,62.0,54.0
4850,17.7,52.0,200.0
4851,18.5,47.0,400.0
4852,19.1,52.0,600.0
4853,19.3,48.0,746.0
4854,20.0,50.0,800.0
4855,17.8,55.0,746.0
4856,16.6,52.0,600.0
4857,13.3,58.0,400.0
4858,12.2,56.0,200.0
4859,8.0,57.0,54.0
4860,7.8,49.0,0.0
4861,6.1,51.0,54.0
4862,6.5,45.0,200.0
4863,5.4,58.0,400.0
4864,3.2,65.0,600.0
4865,2.9,56.0,746.0
4866,3.7,56.0,800.0
4867,5.4,52.0,746.0
4868,8.6,54.0,600.0
4869,9.7,61.0,400.0
4870,11.8,55.0,200.0
4871,14.2,58.0,54.0
4872,14.4,61.0,0.0
4873,16.3,60.0,54.0
4874,18.9,55.0,200.0
4875,18.4,55.0,400.0
4876,18.0,53.0,600.0
4877,18.2,57.0,746.0
4878,19.6,53.0,800.0
4879,17.0,56.0,746.0
4880,16.0,60.0,600.0
4881,12.8,46.0,400.0
4882,12.2,45.0,200.0
4883,9.4,54.0,54.0
4884,8.2,58.0,0.0
4885,5.6,56.0,54.0
4886,5.3,49.0,200.0
4887,3.4,59.0,400.0
4888,3.5,64.0,600.0
4889,3.6,50.0,746.0
4890,4.6,51.0,800.0
4891,6.1,55.0,746.0
4892,7.0,54.0,600.0
4893,9.3,61.0,400.0
4894,11.6,56.0,200.0
4895,14.0,53.0,54.0
4896,15.4,52.0,0.0
4897,16.3,47.0,54.0
4898,18.6,61.0,200.0
4899,20.0,58.0,400.0
4900,18.3,54.0,600.0
4901,18.1,55.0,746.0
4902,18.0,54.0,800.0
4903,17.3,46.0,746.0
4904,13.7,47.0,600.0
4905,14.5,53.0,400.0
4906,11.7,53.0,200.0
4907,7.5,54.0,54.0
4908,6.8,63.0,0.0
4909,5.9,53.0,54.0
4910,3.1,51.0,200.0
4911,5.0,55.0,400.0
4912,3.9,47.0,600.0
4913,4.7,55.0,746.0
4914,3.7,51.0,800.0
4915,6.4,56.0,746.0
4916,6.9,53.0,600.0
4917,9.3,54.0,400.0
4918,11.9,57.0,200.0
4919,13.6,58.0,54.0
4920,16.4,65.0,0.0
4921,17.5,58.0,54.0
4922,18.2,53.0,200.0
4923,20.3,51.0,400.0
4924,20.9,56.0,600.0
4925,19.7,62.0,746.0
4926,20.2,59.0,800.0
4927,17.4,51.0,746.0
4928,15.9,57.0,600.0
4929,14.1,55.0,400.0
4930,11.9,59.0,200.0
4931,9.6,56.0,54.0
4932,7.3,56.0,0.0
4933,5.3,48.0,54.0
4934,5.1,58.0,200.0
4935,5.4,47.0,400.0
4936,4.7,55.0,600.0
4937,4.5,51.0,746.0
4938,6.1,51.0,800.0
4939,6.1,57.0,746.0
4940,6.7,54.0,600.0
4941,9.3,42.0,400.0
4942,11.7,53.0,200.0
4943,13.3,52.0,54.0
4944,16.4,60.0,0.0
4945,18.4,48.0,54.0
4946,17.0,64.0,200.0
4947,19.5,58.0,400.0
4948,17.0,53.0,600.0
4949,19.6,52.0,746.0
4950,18.9,51.0,800.0
4951,19.5,56.0,746.0
4952,17.6,50.0,600.0
4953,15.1,53.0,400.0
4954,11.2,49.0,200.0
4955,9.1,58.0,54.0
4956,7.0,55.0,0.0
4957,8.0,52.0,54.0
4958,4.2,53.0,200.0
4959,3.9,50.0,400.0
4960,3.1,56.0,600.0
4961,3.0,48.0,746.0
4962,5.3,58.0,800.0
4963,6.4,55.0,746.0
4964,5.6,52.0,600.0
4965,8.5,57.0,400.0
4966,12.1,56.0,200.0
4967,13.8,49.0,54.0
4968,15.5,60.0,0.0
4969,18.2,41.0,54.0
4970,17.4,59.0,200.0
4971,19.1,53.0,400.0
4972,20.6,59.0,600.0
4973,19.2,61.0,746.0
4974,19.4,52.0,800.0
4975,16.7,52.0,746.0
4976,15.4,55.0,600.0
4977,12.5,48.0,400.0
4978,10.2,52.0,200.0
4979,9.7,52.0,54.0
4980,8.7,48.0,0.0
4981,6.5,51.0,54.0
4982,6.4,57.0,200.0
4983,4.0,57.0,400.0
4984,2.0,53.0,600.0
4985,4.7,54.0,746.0
4986,4.0,52.0,800.0
4987,6.5,45.0,746.0
4988,5.7,49.0,600.0
4989,9.6,58.0,400.0
4990,12.7,60.0,200.0
4991,14.6,49.0,54.0
4992,15.7,59.0,0.0
4993,17.6,48.0,54.0
4994,18.5,51.0,200.0
4995,19.5,53.0,400.0
4996,20.8,52.0,600.0
4997,19.2,50.0,746.0
4998,18.6,54.0,800.0
4999,16.4,57.0,746.0
5000,17.0,46.0,600.0
5001,14.1,54.0,400.0
5002,11.1,58.0,200.0
5003,11.1,51.0,54.0
5004,8.3,51.0,0.0
5005,5.9,49.0,54.0
5006,6.2,63.0,200.0
5007,4.2,61.0,400.0
5008,2.6,52.0,600.0
5009,5.4,59.0,746.0
5010,4.3,51.0,800.0
5011,9.4,53.0,746.0
5012,7.6,48.0,600.0
5013,7.9,44.0,400.0
5014,13.8,51.0,200.0
5015,14.0,51.0,54.0
5016,16.3,56.0,0.0
5017,18.1,57.0,54.0
5018,17.7,53.0,200.0
5019,17.7,48.0,400.0
5020,22.2,50.0,600.0
5021,18.5,61.0,746.0
5022,20.9,56.0,800.0
5023,18.6,60.0,746.0
5024,16.6,62.0,600.0
5025,14.0,50.0,400.0
5026,14.8,57.0,200.0
5027,9.7,49.0,54.0
5028,7.8,58.0,0.0
5029,7.4,57.0,54.0
5030,4.8,43.0,200.0
5031,3.6,55.0,400.0
5032,4.2,49.0,600.0
5033,5.2,52.0,746.0
5034,7.2,50.0,800.0
5035,8.6,58.0,746.0
5036,6.4,50.0,600.0
5037,11.1,47.0,400.0
5038,11.2,49.0,200.0
5039,13.3,52.0,54.0
5040,15.6,55.0,0.0
5041,17.3,59.0,54.0
5042,18.1,56.0,200.0
5043,17.7,56.0,400.0
5044,21.8,57.0,600.0
5045,21.0,57.0,746.0
5046,19.4,58.0,800.0
5047,17.2,66.0,746.0
5048,17.8,57.0,600.0
5049,14.6,55.0,400.0
5050,12.0,51.0,200.0
5051,8.9,55.0,54.0
5052,9.1,59.0,0.0
5053,6.5,47.0,54.0
5054,5.8,59.0,200.0
5055,4.9,51.0,400.0
5056,5.1,52.0,600.0
5057,4.9,56.0,746.0
5058,5.1,50.0,800.0
5059,7.2,55.0,746.0
5060,9.2,47.0,600.0
5061,11.7,57.0,400.0
5062,11.1,54.0,200.0
5063,15.5,53.0,54.0
5064,14.7,54.0,0.0
5065,19.0,53.0,54.0
5066,18.7,55.0,200.0
5067,21.0,52.0,400.0
5068,22.0,51.0,600.0
5069,20.5,44.0,746.0
5070,19.5,60.0,800.0
5071,18.2,47.0,746.0
5072,16.2,61.0,600.0
5073,15.9,52.0,400.0
5074,12.6,59.0,200.0
5075,8.5,58.0,54.0
5076,9.6,58.0,0.0
5077,7.9,53.0,54.0
5078,5.8,47.0,200.0
5079,4.1,52.0,400.0
5080,3.4,51.0,600.0
5081,4.0,52.0,746.0
5082,5.8,47.0,800.0
5083,5.0,51.0,746.0
5084,8.9,38.0,600.0
5085,10.4,51.0,400.0
5086,13.7,53.0,200.0
5087,15.2,49.0,54.0
5088,15.7,51.0,0.0
5089,16.5,54.0,54.0
5090,18.6,58.0,200.0
5091,21.7,58.0,400.0
5092,20.9,54.0,600.0
5093,21.0,53.0,746.0
5094,19.0,54.0,800.0
5095,18.9,62.0,746.0
5096,15.3,55.0,600.0
5097,15.8,54.0,400.0
5098,11.7,58.0,200.0
5099,8.8,53.0,54.0
5100,11.1,48.0,0.0
5101,7.3,55.0,54.0
5102,6.0,53.0,200.0
5103,3.1,51.0,400.0
5104,5.3,55.0,600.0
5105,5.8,43.0,746.0
5106,5.5,50.0,800.0
5107,7.8,48.0,746.0
5108,9.7,49.0,600.0
5109,11.0,52.0,400.0
5110,10.4,48.0,200.0
5111,13.5,61.0,54.0
5112,18.3,55.0,0.0
5113,18.3,49.0,54.0
5114,19.7,44.0,200.0
5115,19.6,50.0,400.0
5116,20.1,51.0,600.0
5117,21.7,49.0,746.0
5118,21.3,65.0,800.0
5119,19.3,44.0,746.0
5120,17.5,53.0,600.0
5121,15.6,52.0,400.0
5122,12.9,51.0,200.0
5123,9.7,43.0,54.0
5124,7.5,52.0,0.0
5125,8.6,53.0,54.0
5126,5.9,56.0,200.0
5127,5.6,55.0,400.0
5128,5.0,58.0,600.0
5129,5.3,42.0,746.0
5130,6.1,51.0,800.0
5131,7.7,65.0,746.0
5132,7.9,58.0,600.0
5133,11.8,45.0,400.0
5134,11.9,53.0,200.0
5135,15.0,47.0,54.0
5136,15.5,50.0,0.0
5137,18.2,62.0,54.0
5138,19.0,57.0,200.0
5139,20.6,45.0,400.0
5140,21.6,48.0,600.0
5141,20.7,52.0,746.0
5142,21.8,51.0,800.0
5143,19.5,54.0,746.0
5144,16.8,48.0,600.0
5145,15.0,50.0,400.0
5146,13.4,48.0,200.0
5147,11.7,50.0,54.0
5148,7.8,56.0,0.0
5149,8.0,54.0,54.0
5150,4.9,49.0,200.0
5151,5.8,58.0,400.0
5152,6.0,57.0,600.0
5153,5.4,52.0,746.0
5154,3.6,51.0,800.0
5155,5.4,61.0,746.0
5156,9.3,60.0,600.0
5157,8.2,44.0,400.0
5158,13.4,58.0,200.0
5159,15.8,61.0,54.0
5160,17.9,55.0,0.0
5161,18.2,50.0,54.0
5162,20.2,50.0,200.0
5163,20.8,61.0,400.0
5164,19.5,56.0,600.0
5165,21.5,55.0,746.0
5166,21.4,64.0,800.0
5167,19.5,47.0,746.0
5168,16.6,52.0,600.0
5169,16.0,53.0,400.0
5170,14.5,51.0,200.0
5171,12.3,43.0,54.0
5172,10.2,57.0,0.0
5173,5.9,48.0,54.0
5174,6.6,48.0,200.0
5175,6.0,50.0,400.0
5176,6.1,51.0,600.0
5177,5.8,51.0,746.0
5178,7.6,57.0,800.0
5179,5.4,58.0,746.0
5180,9.4,51.0,600.0
5181,11.3,49.0,400.0
5182,13.8,51.0,200.0
5183,16.5,47.0,54.0
5184,16.0,52.0,0.0
5185,20.1,47.0,54.0
5186,20.7,62.0,200.0
5187,20.5,52.0,400.0
5188,20.2,49.0,600.0
5189,21.0,55.0,746.0
5190,20.4,46.0,800.0
5191,19.2,48.0,746.0
5192,16.6,54.0,600.0
5193,15.9,52.0,400.0
5194,12.9,57.0,200.0
5195,12.4,38.0,54.0
5196,11.0,56.0,0.0
5197,6.8,49.0,54.0
5198,6.3,46.0,200.0
5199,6.4,43.0,400.0
5200,5.4,49.0,600.0
5201,4.0,60.0,746.0
5202,7.0,57.0,800.0
5203,6.7,60.0,746.0
5204,9.2,51.0,600.0
5205,9.9,52.0,400.0
5206,13.7,44.0,200.0
5207,14.6,44.0,54.0
5208,17.9,51.0,0.0
5209,18.5,45.0,54.0
5210,19.5,47.0,200.0
5211,21.2,52.0,400.0
5212,20.1,58.0,600.0
5213,22.7,52.0,746.0
5214,20.4,45.0,800.0
5215,18.4,42.0,746.0
5216,16.9,52.0,600.0
5217,15.5,48.0,400.0
5218,14.4,52.0,200.0
5219,10.4,50.0,54.0
5220,9.0,51.0,0.0
5221,7.6,57.0,54.0
5222,7.9,57.0,200.0
5223,6.5,53.0,400.0
5224,6.8,47.0,600.0
5225,5.5,49.0,746.0
5226,7.6,55.0,800.0
5227,8.7,58.0,746.0
5228,9.8,45.0,600.0
5229,11.8,59.0,400.0
5230,12.5,48.0,200.0
5231,17.0,55.0,54.0
5232,16.8,65.0,0.0
5233,19.3,43.0,54.0
5234,20.8,54.0,200.0
5235,19.6,50.0,400.0
5236,21.2,54.0,600.0
5237,21.2,48.0,746.0
5238,20.2,39.0,800.0
5239,19.0,48.0,746.0
5240,18.9,53.0,600.0
5241,14.7,58.0,400.0
5242,12.2,53.0,200.0
5243,10.8,59.0,54.0
5244,10.2,49.0,0.0
5245,8.6,48.0,54.0
5246,7.1,53.0,200.0
5247,6.5,49.0,400.0
5248,5.6,57.0,600.0
5249,5.0,44.0,746.0
5250,5.4,56.0,800.0
5251,6.3,57.0,746.0
5252,8.9,53.0,600.0
5253,11.9,56.0,400.0
5254,13.4,48.0,200.0
5255,15.2,47.0,54.0
5256,16.1,53.0,0.0
5257,21.4,48.0,54.0
5258,19.4,53.0,200.0
5259,21.2,53.0,400.0
5260,22.4,51.0,600.0
5261,21.2,53.0,746.0
5262,19.6,54.0,800.0
5263,20.0,51.0,746.0
5264,16.2,49.0,600.0
5265,17.4,55.0,400.0
5266,13.9,52.0,200.0
5267,11.2,53.0,54.0
5268,8.1,54.0,0.0
5269,6.7,52.0,54.0
5270,6.5,49.0,200.0
5271,7.6,48.0,400.0
5272,5.6,51.0,600.0
5273,6.0,53.0,746.0
5274,6.8,54.0,800.0
5275,10.0,52.0,746.0
5276,8.8,53.0,600.0
5277,12.7,45.0,400.0
5278,12.8,49.0,200.0
5279,14.6,54.0,54.0
5280,17.2,47.0,0.0
5281,18.9,52.0,54.0
5282,20.8,51.0,200.0
5283,18.8,50.0,400.0
5284,21.6,54.0,600.0
5285,20.6,52.0,746.0
5286,19.8,45.0,800.0
5287,18.0,53.0,746.0
5288,17.3,48.0,600.0
5289,15.2,44.0,400.0
5290,13.2,55.0,200.0
5291,10.0,45.0,54.0
5292,9.7,49.0,0.0
5293,7.2,52.0,54.0
5294,5.0,50.0,200.0
5295,5.3,48.0,400.0
5296,4.7,46.0,600.0
5297,5.8,47.0,746.0
5298,5.9,45.0,800.0
5299,6.3,50.0,746.0
5300,8.5,48.0,600.0
5301,9.5,44.0,400.0
5302,14.5,49.0,200.0
5303,16.7,48.0,54.0
5304,18.8,52.0,0.0
5305,18.5,53.0,54.0
5306,21.7,57.0,200.0
5307,21.6,54.0,400.0
5308,20.7,45.0,600.0
5309,20.7,40.0,746.0
5310,20.4,43.0,800.0
5311,19.4,48.0,746.0
5312,18.1,43.0,600.0
5313,15.8,48.0,400.0
5314,13.4,51.0,200.0
5315,13.0,48.0,54.0
5316,9.6,52.0,0.0
5317,7.9,48.0,54.0
5318,6.5,47.0,200.0
5319,5.8,59.0,400.0
5320,4.2,50.0,600.0
5321,4.8,51.0,746.0
5322,9.0,55.0,800.0
5323,6.2,55.0,746.0
5324,9.7,49.0,600.0
5325,11.7,56.0,400.0
5326,14.4,48.0,200.0
5327,15.9,56.0,54.0
5328,19.3,44.0,0.0
5329,19.4,49.0,54.0
5330,21.8,52.0,200.0
5331,22.3,52.0,400.0
5332,23.2,46.0,600.0
5333,21.4,42.0,746.0
5334,21.1,53.0,800.0
5335,19.1,49.0,746.0
5336,18.0,49.0,600.0
5337,16.1,59.0,400.0
5338,11.8,49.0,200.0
5339,11.6,48.0,54.0
5340,10.7,41.0,0.0
5341,6.8,45.0,54.0
5342,5.8,55.0,200.0
5343,7.1,47.0,400.0
5344,7.0,54.0,600.0
5345,5.3,44.0,746.0
5346,6.8,46.0,800.0
5347,7.8,46.0,746.0
5348,10.7,53.0,600.0
5349,10.9,49.0,400.0
5350,13.1,45.0,200.0
5351,16.9,54.0,54.0
5352,16.5,53.0,0.0
5353,18.7,52.0,54.0
5354,20.7,52.0,200.0
5355,22.9,46.0,400.0
5356,20.5,57.0,600.0
5357,20.8,50.0,746.0
5358,21.3,52.0,800.0
5359,20.3,52.0,746.0
5360,18.1,46.0,600.0
5361,15.9,60.0,400.0
5362,14.1,50.0,200.0
5363,10.3,50.0,54.0
5364,10.0,48.0,0.0
5365,9.7,56.0,54.0
5366,5.6,56.0,200.0
5367,5.3,51.0,400.0
5368,5.4,43.0,600.0
5369,5.7,49.0,746.0
5370,8.6,50.0,800.0
5371,7.0,48.0,746.0
5372,8.5,45.0,600.0
5373,12.3,42.0,400.0
5374,12.9,58.0,200.0
5375,16.5,54.0,54.0
5376,17.4,50.0,0.0
5377,19.8,47.0,54.0
5378,19.1,52.0,200.0
5379,21.9,51.0,400.0
5380,22.0,48.0,600.0
5381,21.3,52.0,746.0
5382,19.6,53.0,800.0
5383,19.8,54.0,746.0
5384,18.7,46.0,600.0
5385,15.5,52.0,400.0
5386,13.5,56.0,200.0
5387,12.7,52.0,54.0
5388,11.7,61.0,0.0
5389,9.2,49.0,54.0
5390,7.2,41.0,200.0
5391,5.9,46.0,400.0
5392,5.8,47.0,600.0
5393,4.7,53.0,746.0
5394,6.7,54.0,800.0
5395,9.2,51.0,746.0
5396,9.7,51.0,600.0
5397,11.0,60.0,400.0
5398,13.0,46.0,200.0
5399,15.7,50.0,54.0
5400,16.5,48.0,0.0
5401,18.5,44.0,54.0
5402,22.2,40.0,200.0
5403,20.5,56.0,400.0
5404,21.1,46.0,600.0
5405,21.9,49.0,746.0
5406,20.5,52.0,800.0
5407,19.8,44.0,746.0
5408,18.9,46.0,600.0
5409,14.6,50.0,400.0
5410,14.8,48.0,200.0
5411,11.4,44.0,54.0
5412,9.8,53.0,0.0
5413,10.3,48.0,54.0
5414,5.7,51.0,200.0
5415,6.8,50.0,400.0
5416,7.0,55.0,600.0
5417,5.5,52.0,746.0
5418,6.2,46.0,800.0
5419,7.8,56.0,746.0
5420,9.1,47.0,600.0
5421,11.7,46.0,400.0
5422,14.6,45.0,200.0
5423,15.5,38.0,54.0
5424,18.7,47.0,0.0
5425,20.9,52.0,54.0
5426,21.2,43.0,200.0
5427,22.2,58.0,400.0
5428,21.4,39.0,600.0
5429,19.1,46.0,746.0
5430,21.6,42.0,800.0
5431,20.6,54.0,746.0
5432,18.4,53.0,600.0
5433,17.1,48.0,400.0
5434,13.6,43.0,200.0
5435,12.6,44.0,54.0
5436,11.6,51.0,0.0
5437,9.1,46.0,54.0
5438,8.5,47.0,200.0
5439,7.7,49.0,400.0
5440,4.8,48.0,600.0
5441,6.9,41.0,746.0
5442,6.3,43.0,800.0
5443,7.1,43.0,746.0
5444,9.6,46.0,600.0
5445,13.5,50.0,400.0
5446,13.3,50.0,200.0
5447,14.1,56.0,54.0
5448,16.4,43.0,0.0
5449,20.0,51.0,54.0
5450,20.1,46.0,200.0
5451,19.7,59.0,400.0
5452,20.6,49.0,600.0
5453,22.0,47.0,746.0
5454,21.8,51.0,800.0
5455,19.4,51.0,746.0
5456,18.9,48.0,600.0
5457,17.2,53.0,400.0
5458,13.5,57.0,200.0
5459,12.0,54.0,54.0
5460,9.6,49.0,0.0
5461,9.1,58.0,54.0
5462,6.6,52.0,200.0
5463,5.2,44.0,400.0
5464,6.1,50.0,600.0
5465,7.4,48.0,746.0
5466,7.6,47.0,800.0
5467,9.3,51.0,746.0
5468,10.8,40.0,600.0
5469,11.9,57.0,400.0
5470,13.3,52.0,200.0
5471,15.1,40.0,54.0
5472,16.3,52.0,0.0
5473,20.8,52.0,54.0
5474,20.6,57.0,200.0
5475,20.1,58.0,400.0
5476,23.3,59.0,600.0
5477,22.0,48.0,746.0
5478,22.1,52.0,800.0
5479,19.6,47.0,746.0
5480,17.5,54.0,600.0
5481,16.8,39.0,400.0
5482,14.8,43.0,200.0
5483,12.0,47.0,54.0
5484,11.6,49.0,0.0
5485,9.6,50.0,54.0
5486,7.9,56.0,200.0
5487,5.4,46.0,400.0
5488,4.9,43.0,600.0
5489,7.6,47.0,746.0
5490,4.9,46.0,800.0
5491,8.3,52.0,746.0
5492,10.1,57.0,600.0
5493,11.4,56.0,400.0
5494,13.9,55.0,200.0
5495,16.5,46.0,54.0
5496,17.4,48.0,0.0
5497,20.6,51.0,54.0
5498,21.6,45.0,200.0
5499,21.7,46.0,400.0
5500,21.3,51.0,600.0
5501,21.9,42.0,746.0
5502,23.3,55.0,800.0
5503,19.2,47.0,746.0
5504,19.9,52.0,600.0
5505,14.7,50.0,400.0
5506,13.5,55.0,200.0
5507,11.8,39.0,54.0
5508,11.3,55.0,0.0
5509,8.7,55.0,54.0
5510,8.7,51.0,200.0
5511,6.2,52.0,400.0
5512,6.2,52.0,600.0
5513,6.1,45.0,746.0
5514,9.2,49.0,800.0
5515,7.3,54.0,746.0
5516,9.5,40.0,600.0
5517,11.0,51.0,400.0
5518,14.6,50.0,200.0
5519,15.0,52.0,54.0
5520,19.9,43.0,0.0
5521,19.8,45.0,54.0
5522,21.5,42.0,200.0
5523,22.4,42.0,400.0
5524,22.2,53.0,600.0
5525,22.1,46.0,746.0
5526,21.4,46.0,800.0
5527,20.6,54.0,746.0
5528,17.6,47.0,600.0
5529,15.5,54.0,400.0
5530,15.3,44.0,200.0
5531,12.4,47.0,54.0
5532,8.4,44.0,0.0
5533,8.3,52.0,54.0
5534,9.0,48.0,200.0
5535,6.4,53.0,400.0
5536,5.7,50.0,600.0
5537,5.0,39.0,746.0
5538,6.7,48.0,800.0
5539,7.3,41.0,746.0
5540,10.6,51.0,600.0
5541,12.1,52.0,400.0
5542,13.7,52.0,200.0
5543,15.4,48.0,54.0
5544,19.7,41.0,0.0
5545,19.1,50.0,54.0
5546,20.4,51.0,200.0
5547,21.7,48.0,400.0
5548,22.2,49.0,600.0
5549,22.6,39.0,746.0
5550,22.3,49.0,800.0
5551,21.0,48.0,746.0
5552,20.9,43.0,600.0
5553,14.9,51.0,400.0
5554,14.7,46.0,200.0
5555,11.9,50.0,54.0
5556,12.5,51.0,0.0
5557,9.0,50.0,54.0
5558,5.5,42.0,200.0
5559,7.1,47.0,400.0
5560,6.6,59.0,600.0
5561,7.3,56.0,746.0
5562,6.6,53.0,800.0
5563,8.9,50.0,746.0
5564,9.9,44.0,600.0
5565,11.4,48.0,400.0
5566,14.5,47.0,200.0
5567,16.4,48.0,54.0
5568,19.2,41.0,0.0
5569,19.9,53.0,54.0
5570,21.8,35.0,200.0
5571,20.8,53.0,400.0
5572,23.8,53.0,600.0
5573,21.4,60.0,746.0
5574,22.3,47.0,800.0
5575,20.4,46.0,746.0
5576,18.7,49.0,600.0
5577,17.4,51.0,400.0
5578,12.4,48.0,200.0
5579,11.9,43.0,54.0
5580,11.3,51.0,0.0
5581,10.8,49.0,54.0
5582,7.5,44.0,200.0
5583,4.3,40.0,400.0
5584,6.1,61.0,600.0
5585,6.6,53.0,746.0
5586,8.5,51.0,800.0
5587,8.7,48.0,746.0
5588,9.0,52.0,600.0
5589,13.1,43.0,400.0
5590,14.8,50.0,200.0
5591,15.6,50.0,54.0
5592,19.0,43.0,0.0
5593,19.4,48.0,54.0
5594,21.0,46.0,200.0
5595,21.6,45.0,400.0
5596,22.1,46.0,600.0
5597,23.1,40.0,746.0
5598,19.7,54.0,800.0
5599,21.3,56.0,746.0
5600,18.8,44.0,600.0
5601,16.3,54.0,400.0
5602,14.7,48.0,200.0
5603,11.6,48.0,54.0
5604,9.0,42.0,0.0
5605,8.0,46.0,54.0
5606,5.7,51.0,200.0
5607,5.4,44.0,400.0
5608,4.8,45.0,600.0
5609,7.9,46.0,746.0
5610,6.2,31.0,800.0
5611,8.6,50.0,746.0
5612,11.4,52.0,600.0
5613,13.1,50.0,400.0
5614,14.0,53.0,200.0
5615,16.1,46.0,54.0
5616,18.5,57.0,0.0
5617,22.1,44.0,54.0
5618,21.7,47.0,200.0
5619,22.8,47.0,400.0
5620,24.7,49.0,600.0
5621,22.5,47.0,746.0
5622,22.7,48.0,800.0
5623,20.8,45.0,746.0
5624,19.1,46.0,600.0
5625,15.8,37.0,400.0
5626,13.6,52.0,200.0
5627,12.1,43.0,54.0
5628,11.5,46.0,0.0
5629,9.8,43.0,54.0
5630,9.0,51.0,200.0
5631,6.8,46.0,400.0
5632,7.0,36.0,600.0
5633,7.3,50.0,746.0
5634,7.4,45.0,800.0
5635,8.4,48.0,746.0
5636,8.9,52.0,600.0
5637,12.1,43.0,400.0
5638,14.2,48.0,200.0
5639,17.5,44.0,54.0
5640,19.6,53.0,0.0
5641,20.2,49.0,54.0
5642,23.4,48.0,200.0
5643,22.4,42.0,400.0
5644,23.6,52.0,600.0
5645,22.2,53.0,746.0
5646,20.4,44.0,800.0
5647,19.9,49.0,746.0
5648,20.2,51.0,600.0
5649,16.5,59.0,400.0
5650,14.3,50.0,200.0
5651,12.7,48.0,54.0
5652,10.3,47.0,0.0
5653,10.2,48.0,54.0
5654,9.6,52.0,200.0
5655,6.9,44.0,400.0
5656,7.1,53.0,600.0
5657,7.8,40.0,746.0
5658,7.7,51.0,800.0
5659,7.9,53.0,746.0
5660,10.0,52.0,600.0
5661,12.7,49.0,400.0
5662,14.8,50.0,200.0
5663,14.7,46.0,54.0
5664,18.0,42.0,0.0
5665,19.4,49.0,54.0
5666,22.3,48.0,200.0
5667,21.6,53.0,400.0
5668,22.1,47.0,600.0
5669,21.9,49.0,746.0
5670,22.4,49.0,800.0
5671,21.4,51.0,746.0
5672,19.3,53.0,600.0
5673,18.0,43.0,400.0
5674,16.0,52.0,200.0
5675,10.9,47.0,54.0
5676,11.4,51.0,0.0
5677,8.7,55.0,54.0
5678,6.5,37.0,200.0
5679,6.6,54.0,400.0
5680,7.3,47.0,600.0
5681,8.3,44.0,746.0
5682,6.2,46.0,800.0
5683,9.4,43.0,746.0
5684,12.4,50.0,600.0
5685,14.2,43.0,400.0
5686,11.0,54.0,200.0
5687,18.7,51.0,54.0
5688,19.4,49.0,0.0
5689,17.8,38.0,54.0
5690,20.7,41.0,200.0
5691,23.6,47.0,400.0
5692,23.0,48.0,600.0
5693,21.8,53.0,746.0
5694,21.7,33.0,800.0
5695,21.0,44.0,746.0
5696,18.2,52.0,600.0
5697,16.8,46.0,400.0
5698,15.7,46.0,200.0
5699,12.1,40.0,54.0
5700,9.5,53.0,0.0
5701,8.5,45.0,54.0
5702,6.9,53.0,200.0
5703,6.4,55.0,400.0
5704,4.9,54.0,600.0
5705,7.1,48.0,746.0
5706,8.5,45.0,800.0
5707,8.1,45.0,746.0
5708,9.8,58.0,600.0
5709,12.2,47.0,400.0
5710,13.6,53.0,200.0
5711,17.5,50.0,54.0
5712,17.6,46.0,0.0
5713,19.7,46.0,54.0
5714,20.7,54.0,200.0
5715,23.4,48.0,400.0
5716,22.4,45.0,600.0
5717,24.4,44.0,746.0
5718,22.1,49.0,800.0
5719,21.6,45.0,746.0
5720,18.5,51.0,600.0
5721,16.0,60.0,400.0
5722,14.8,50.0,200.0
5723,12.1,57.0,54.0
5724,8.9,44.0,0.0
5725,10.2,51.0,54.0
5726,7.9,54.0,200.0
5727,6.3,55.0,400.0
5728,7.1,54.0,600.0
5729,7.0,48.0,746.0
5730,9.1,52.0,800.0
5731,9.3,43.0,746.0
5732,10.4,56.0,600.0
5733,13.1,43.0,400.0
5734,14.5,54.0,200.0
5735,16.8,53.0,54.0
5736,19.8,53.0,0.0
5737,19.1,58.0,54.0
5738,20.7,53.0,200.0
5739,22.0,41.0,400.0
5740,22.4,51.0,600.0
5741,23.7,38.0,746.0
5742,20.3,47.0,800.0
5743,20.5,45.0,746.0
5744,18.3,51.0,600.0
5745,18.7,43.0,400.0
5746,15.8,44.0,200.0
5747,13.1,50.0,54.0
5748,11.9,53.0,0.0
5749,7.9,48.0,54.0
5750,9.9,59.0,200.0
5751,6.2,46.0,400.0
5752,8.0,51.0,600.0
5753,7.5,49.0,746.0
5754,8.0,46.0,800.0
5755,10.2,54.0,746.0
5756,11.6,43.0,600.0
5757,12.6,37.0,400.0
5758,14.1,47.0,200.0
5759,16.8,46.0,54.0
5760,18.5,53.0,0.0
5761,20.6,41.0,54.0
5762,22.6,50.0,200.0
5763,22.9,49.0,400.0
5764,22.9,49.0,600.0
5765,21.9,53.0,746.0
5766,22.1,47.0,800.0
5767,18.9,48.0,746.0
5768,18.1,50.0,600.0
5769,17.6,47.0,400.0
5770,15.8,41.0,200.0
5771,12.9,45.0,54.0
5772,11.1,46.0,0.0
5773,9.6,45.0,54.0
5774,8.6,46.0,200.0
5775,6.9,48.0,400.0
5776,5.8,46.0,600.0
5777,7.4,52.0,746.0
5778,9.7,52.0,800.0
5779,8.1,35.0,746.0
5780,10.5,40.0,600.0
5781,12.1,35.0,400.0
5782,17.0,46.0,200.0
5783,15.7,46.0,54.0
5784,18.5,48.0,0.0
5785,19.9,52.0,54.0
5786,20.4,47.0,200.0
5787,21.2,44.0,400.0
5788,23.4,47.0,600.0
5789,23.3,45.0,746.0
5790,21.3,40.0,800.0
5791,22.0,52.0,746.0
5792,16.7,49.0,600.0
5793,15.8,55.0,400.0
5794,14.2,41.0,200.0
5795,12.9,39.0,54.0
5796,10.5,43.0,0.0
5797,9.1,49.0,54.0
5798,8.5,52.0,200.0
5799,8.6,49.0,400.0
5800,7.6,48.0,600.0
5801,7.1,51.0,746.0
5802,7.7,45.0,800.0
5803,10.1,52.0,746.0
5804,12.5,57.0,600.0
5805,13.2,42.0,400.0
5806,14.1,46.0,200.0
5807,17.0,40.0,54.0
5808,19.2,42.0,0.0
5809,19.8,49.0,54.0
5810,22.5,39.0,200.0
5811,22.8,43.0,400.0
5812,24.0,52.0,600.0
5813,21.6,48.0,746.0
5814,20.1,51.0,800.0
5815,20.2,41.0,746.0
5816,19.0,47.0,600.0
5817,15.3,57.0,400.0
5818,14.4,44.0,200.0
5819,14.2,45.0,54.0
5820,11.5,50.0,0.0
5821,9.5,43.0,54.0
5822,7.0,51.0,200.0
5823,8.4,38.0,400.0
5824,6.4,35.0,600.0
5825,7.2,49.0,746.0
5826,8.2,42.0,800.0
5827,9.2,44.0,746.0
5828,12.2,51.0,600.0
5829,13.2,50.0,400.0
5830,15.0,41.0,200.0
5831,16.7,50.0,54.0
5832,19.1,46.0,0.0
5833,20.2,49.0,54.0
5834,21.9,47.0,200.0
5835,22.2,40.0,400.0
5836,22.4,43.0,600.0
5837,21.7,35.0,746.0
5838,21.6,48.0,800.0
5839,20.3,49.0,746.0
5840,20.9,43.0,600.0
5841,18.1,46.0,400.0
5842,14.9,42.0,200.0
5843,12.6,53.0,54.0
5844,11.6,41.0,0.0
5845,11.3,45.0,54.0
5846,8.8,40.0,200.0
5847,5.5,48.0,400.0
5848,7.7,52.0,600.0
5849,8.1,37.0,746.0
5850,10.1,50.0,800.0
5851,8.8,55.0,746.0
5852,10.9,48.0,600.0
5853,13.1,44.0,400.0
5854,13.9,47.0,200.0
5855,15.9,44.0,54.0
5856,19.1,57.0,0.0
5857,18.9,51.0,54.0
5858,20.4,51.0,200.0
5859,23.4,58.0,400.0
5860,23.4,54.0,600.0
5861,23.9,46.0,746.0
5862,22.4,47.0,800.0
5863,20.7,59.0,746.0
5864,20.3,43.0,600.0
5865,16.7,46.0,400.0
5866,14.7,42.0,200.0
5867,12.9,38.0,54.0
5868,11.5,42.0,0.0
5869,9.3,43.0,54.0
5870,6.6,44.0,200.0
5871,7.0,50.0,400.0
5872,6.9,47.0,600.0
5873,7.2,52.0,746.0
5874,7.4,48.0,800.0
5875,9.6,48.0,746.0
5876,9.1,45.0,600.0
5877,13.1,57.0,400.0
5878,16.5,45.0,200.0
5879,16.2,51.0,54.0
5880,18.8,41.0,0.0
5881,20.2,46.0,54.0
5882,21.5,57.0,200.0
5883,21.6,50.0,400.0
5884,24.9,40.0,600.0
5885,23.1,42.0,746.0
5886,21.3,55.0,800.0
5887,19.9,47.0,746.0
5888,19.1,45.0,600.0
5889,15.0,43.0,400.0
5890,16.2,45.0,200.0
5891,12.5,54.0,54.0
5892,11.5,43.0,0.0
5893,9.8,44.0,54.0
5894,9.1,50.0,200.0
5895,7.7,42.0,400.0
5896,7.7,42.0,600.0
5897,8.2,47.0,746.0
5898,7.6,47.0,800.0
5899,11.3,43.0,746.0
5900,11.1,49.0,600.0
5901,12.6,48.0,400.0
5902,13.9,37.0,200.0
5903,16.6,51.0,54.0
5904,19.2,44.0,0.0
5905,20.5,51.0,54.0
5906,23.6,57.0,200.0
5907,22.2,46.0,400.0
5908,23.6,43.0,600.0
5909,21.6,54.0,746.0
5910,24.1,42.0,800.0
5911,19.5,56.0,746.0
5912,21.2,44.0,600.0
5913,17.1,44.0,400.0
5914,12.9,58.0,200.0
5915,14.4,48.0,54.0
5916,11.2,55.0,0.0
5917,9.0,46.0,54.0
5918,8.8,46.0,200.0
5919,7.9,32.0,400.0
5920,7.4,52.0,600.0
5921,8.3,49.0,746.0
5922,8.2,46.0,800.0
5923,9.8,50.0,746.0
5924,10.3,47.0,600.0
5925,13.5,42.0,400.0
5926,14.2,48.0,200.0
5927,15.7,46.0,54.0
5928,18.6,50.0,0.0
5929,20.2,45.0,54.0
5930,22.7,44.0,200.0
5931,21.2,44.0,400.0
5932,24.0,42.0,600.0
5933,22.1,44.0,746.0
5934,19.5,49.0,800.0
5935,19.5,43.0,746.0
5936,18.8,41.0,600.0
5937,17.7,50.0,400.0
5938,15.0,46.0,200.0
5939,11.9,50.0,54.0
5940,10.3,45.0,0.0
5941,8.2,44.0,54.0
5942,8.4,38.0,200.0
5943,7.2,41.0,400.0
5944,7.6,42.0,600.0
5945,5.4,48.0,746.0
5946,7.4,46.0,800.0
5947,11.2,41.0,746.0
5948,11.4,33.0,600.0
5949,12.4,49.0,400.0
5950,13.8,51.0,200.0
5951,18.0,51.0,54.0
5952,20.3,42.0,0.0
5953,19.3,52.0,54.0
5954,20.7,49.0,200.0
5955,22.9,49.0,400.0
5956,23.3,43.0,600.0
5957,23.2,46.0,746.0
5958,23.8,56.0,800.0
5959,19.8,55.0,746.0
5960,19.2,46.0,600.0
5961,17.9,47.0,400.0
5962,15.9,35.0,200.0
5963,12.4,52.0,54.0
5964,10.5,50.0,0.0
5965,9.0,48.0,54.0
5966,9.8,43.0,200.0
5967,6.3,47.0,400.0
5968,6.7,54.0,600.0
5969,8.0,48.0,746.0
5970,6.9,60.0,800.0
5971,9.4,50.0,746.0
5972,8.9,42.0,600.0
5973,12.9,44.0,400.0
5974,14.8,43.0,200.0
5975,17.0,51.0,54.0
5976,17.9,52.0,0.0
5977,20.7,55.0,54.0
5978,21.8,45.0,200.0
5979,24.0,49.0,400.0
5980,23.6,53.0,600.0
5981,21.3,54.0,746.0
5982,21.2,40.0,800.0
5983,20.2,49.0,746.0
5984,19.3,40.0,600.0
5985,17.1,43.0,400.0
5986,15.0,40.0,200.0
5987,15.9,43.0,54.0
5988,10.6,39.0,0.0
5989,10.9,40.0,54.0
5990,8.0,42.0,200.0
5991,5.1,48.0,400.0
5992,7.2,46.0,600.0
5993,8.3,38.0,746.0
5994,8.6,60.0,800.0
5995,9.5,44.0,746.0
5996,10.8,40.0,600.0
5997,12.2,49.0,400.0
5998,15.7,46.0,200.0
5999,16.4,42.0,54.0
6000,18.2,48.0,0.0
6001,20.9,43.0,54.0
6002,21.5,45.0,200.0
6003,23.9,54.0,400.0
6004,23.5,47.0,600.0
6005,22.0,49.0,746.0
6006,20.9,44.0,800.0
6007,20.2,47.0,746.0
6008,21.5,42.0,600.0
6009,17.0,42.0,400.0
6010,15.9,44.0,200.0
6011,11.8,43.0,54.0
6012,10.1,51.0,0.0
6013,9.3,49.0,54.0
6014,9.9,35.0,200.0
6015,6.0,55.0,400.0
6016,6.4,49.0,600.0
6017,8.1,52.0,746.0
6018,9.6,45.0,800.0
6019,9.6,39.0,746.0
6020,11.5,40.0,600.0
6021,11.8,55.0,400.0
6022,13.5,38.0,200.0
6023,15.7,39.0,54.0
6024,18.0,44.0,0.0
6025,20.7,39.0,54.0
6026,20.6,49.0,200.0
6027,22.9,49.0,400.0
6028,22.7,48.0,600.0
6029,22.2,43.0,746.0
6030,22.9,48.0,800.0
6031,19.8,55.0,746.0
6032,20.6,39.0,600.0
6033,18.1,52.0,400.0
6034,14.2,50.0,200.0
6035,14.3,46.0,54.0
6036,10.1,47.0,0.0
6037,10.8,48.0,54.0
6038,8.5,41.0,200.0
6039,5.7,38.0,400.0
6040,5.7,51.0,600.0
6041,6.8,40.0,746.0
6042,8.8,41.0,800.0
6043,9.0,43.0,746.0
6044,10.6,47.0,600.0
6045,12.8,44.0,400.0
6046,12.8,42.0,200.0
6047,17.7,51.0,54.0
6048,20.2,44.0,0.0
6049,21.3,42.0,54.0
6050,21.4,48.0,200.0
6051,21.8,46.0,400.0
6052,21.9,46.0,600.0
6053,21.6,48.0,746.0
6054,24.3,45.0,800.0
6055,20.7,50.0,746.0
6056,20.1,39.0,600.0
6057,18.1,52.0,400.0
6058,15.3,41.0,200.0
6059,12.2,38.0,54.0
6060,11.7,42.0,0.0
6061,8.4,44.0,54.0
6062,8.8,42.0,200.0
6063,6.3,41.0,400.0
6064,6.6,51.0,600.0
6065,6.8,42.0,746.0
6066,9.4,35.0,800.0
6067,6.8,44.0,746.0
6068,13.2,56.0,600.0
6069,11.9,41.0,400.0
6070,14.7,41.0,200.0
6071,17.3,44.0,54.0
6072,19.2,54.0,0.0
6073,21.4,44.0,54.0
6074,22.4,41.0,200.0
6075,24.7,48.0,400.0
6076,23.7,47.0,600.0
6077,22.7,48.0,746.0
6078,21.5,41.0,800.0
6079,20.2,43.0,746.0
6080,20.5,52.0,600.0
6081,19.0,48.0,400.0
6082,16.2,50.0,200.0
6083,9.9,46.0,54.0
6084,8.9,51.0,0.0
6085,9.5,47.0,54.0
6086,8.0,43.0,200.0
6087,7.3,50.0,400.0
6088,8.3,42.0,600.0
6089,8.4,54.0,746.0
6090,8.2,51.0,800.0
6091,7.7,44.0,746.0
6092,9.6,45.0,600.0
6093,12.8,47.0,400.0
6094,15.2,45.0,200.0
6095,15.7,52.0,54.0
6096,19.5,43.0,0.0
6097,18.8,38.0,54.0
6098,19.2,45.0,200.0
6099,21.8,50.0,400.0
6100,24.4,51.0,600.0
6101,24.3,46.0,746.0
6102,20.4,43.0,800.0
6103,19.3,46.0,746.0
6104,19.9,43.0,600.0
6105,16.8,34.0,400.0
6106,16.6,42.0,200.0
6107,13.9,48.0,54.0
6108,12.1,44.0,0.0
6109,8.7,44.0,54.0
6110,8.6,51.0,200.0
6111,9.3,41.0,400.0
6112,7.1,41.0,600.0
6113,7.2,47.0,746.0
6114,7.5,42.0,800.0
6115,7.6,42.0,746.0
6116,9.7,54.0,600.0
6117,11.9,40.0,400.0
6118,13.2,42.0,200.0
6119,15.3,48.0,54.0
6120,16.4,46.0,0.0
6121,19.7,39.0,54.0
6122,22.5,55.0,200.0
6123,22.4,42.0,400.0
6124,22.7,45.0,600.0
6125,23.5,48.0,746.0
6126,23.7,57.0,800.0
6127,23.1,44.0,746.0
6128,19.3,41.0,600.0
6129,17.0,48.0,400.0
6130,14.8,56.0,200.0
6131,13.7,46.0,54.0
6132,11.0,44.0,0.0
6133,9.3,48.0,54.0
6134,8.1,35.0,200.0
6135,6.4,43.0,400.0
6136,4.7,37.0,600.0
6137,6.5,44.0,746.0
6138,9.4,43.0,800.0
6139,10.6,33.0,746.0
6140,11.8,47.0,600.0
6141,12.2,49.0,400.0
6142,14.0,45.0,200.0
6143,18.5,38.0,54.0
6144,17.7,52.0,0.0
6145,20.5,55.0,54.0
6146,23.5,48.0,200.0
6147,22.8,44.0,400.0
6148,22.7,44.0,600.0
6149,23.9,48.0,746.0
6150,22.1,46.0,800.0
6151,21.0,48.0,746.0
6152,20.7,48.0,600.0
6153,14.7,42.0,400.0
6154,15.5,42.0,200.0
6155,12.3,44.0,54.0
6156,10.9,48.0,0.0
6157,9.6,38.0,54.0
6158,7.5,45.0,200.0
6159,7.5,45.0,400.0
6160,7.4,43.0,600.0
6161,7.4,53.0,746.0
6162,8.1,52.0,800.0
6163,9.1,48.0,746.0
6164,10.7,54.0,600.0
6165,12.8,50.0,400.0
6166,13.8,46.0,200.0
6167,18.1,43.0,54.0
6168,18.7,44.0,0.0
6169,20.1,48.0,54.0
6170,22.2,44.0,200.0
6171,22.5,38.0,400.0
6172,24.2,44.0,600.0
6173,23.6,51.0,746.0
6174,22.1,33.0,800.0
6175,21.7,53.0,746.0
6176,19.4,48.0,600.0
6177,16.1,44.0,400.0
6178,16.0,47.0,200.0
6179,11.2,50.0,54.0
6180,7.6,46.0,0.0
6181,10.1,50.0,54.0
6182,8.6,50.0,200.0
6183,7.7,46.0,400.0
6184,8.4,40.0,600.0
6185,7.2,45.0,746.0
6186,7.6,35.0,800.0
6187,10.0,48.0,746.0
6188,10.1,43.0,600.0
6189,12.5,42.0,400.0
6190,15.0,49.0,200.0
6191,17.2,39.0,54.0
6192,18.5,46.0,0.0
6193,20.0,44.0,54.0
6194,20.7,45.0,200.0
6195,21.8,47.0,400.0
6196,24.8,55.0,600.0
6197,22.5,48.0,746.0
6198,22.2,52.0,800.0
6199,19.3,53.0,746.0
6200,21.7,49.0,600.0
6201,16.3,36.0,400.0
6202,14.0,44.0,200.0
6203,13.0,40.0,54.0
6204,10.2,60.0,0.0
6205,9.8,40.0,54.0
6206,6.6,38.0,200.0
6207,8.4,32.0,400.0
6208,7.9,40.0,600.0
6209,7.1,46.0,746.0
6210,6.3,51.0,800.0
6211,8.3,40.0,746.0
6212,10.8,51.0,600.0
6213,11.5,45.0,400.0
6214,13.7,43.0,200.0
6215,17.9,46.0,54.0
6216,18.9,53.0,0.0
6217,20.6,46.0,54.0
6218,22.3,40.0,200.0
6219,22.5,48.0,400.0
6220,22.9,48.0,600.0
6221,23.2,45.0,746.0
6222,22.8,51.0,800.0
6223,21.2,34.0,746.0
6224,20.6,47.0,600.0
6225,17.2,49.0,400.0
6226,13.8,38.0,200.0
6227,14.1,38.0,54.0
6228,10.9,50.0,0.0
6229,8.6,51.0,54.0
6230,8.8,52.0,200.0
6231,7.6,42.0,400.0
6232,5.7,46.0,600.0
6233,7.8,47.0,746.0
6234,9.8,37.0,800.0
6235,9.5,46.0,746.0
6236,10.5,46.0,600.0
6237,11.0,49.0,400.0
6238,16.8,43.0,200.0
6239,16.3,52.0,54.0
6240,17.4,46.0,0.0
6241,20.6,54.0,54.0
6242,22.8,49.0,200.0
6243,23.8,47.0,400.0
6244,22.2,39.0,600.0
6245,22.6,39.0,746.0
6246,21.9,53.0,800.0
6247,21.7,50.0,746.0
6248,19.7,44.0,600.0
6249,17.4,43.0,400.0
6250,16.0,47.0,200.0
6251,11.7,39.0,54.0
6252,11.5,43.0,0.0
6253,9.6,48.0,54.0
6254,8.0,49.0,200.0
6255,7.0,44.0,400.0
6256,7.0,53.0,600.0
6257,6.6,51.0,746.0
6258,10.6,42.0,800.0
6259,10.5,39.0,746.0
6260,11.8,48.0,600.0
6261,12.1,43.0,400.0
6262,13.8,42.0,200.0
6263,16.6,46.0,54.0
6264,18.9,49.0,0.0
6265,19.0,49.0,54.0
6266,22.2,46.0,200.0
6267,23.7,34.0,400.0
6268,20.7,50.0,600.0
6269,21.8,41.0,746.0
6270,23.1,47.0,800.0
6271,21.1,45.0,746.0
6272,18.2,57.0,600.0
6273,17.9,56.0,400.0
6274,14.5,43.0,200.0
6275,12.8,39.0,54.0
6276,9.9,39.0,0.0
6277,9.4,47.0,54.0
6278,9.1,43.0,200.0
6279,6.7,40.0,400.0
6280,7.5,43.0,600.0
6281,7.1,48.0,746.0
6282,8.9,45.0,800.0
6283,8.6,43.0,746.0
6284,12.3,44.0,600.0
6285,13.3,45.0,400.0
6286,14.9,46.0,200.0
6287,17.0,47.0,54.0
6288,18.2,37.0,0.0
6289,19.9,46.0,54.0
6290,22.0,43.0,200.0
6291,21.4,40.0,400.0
6292,22.3,43.0,600.0
6293,21.7,51.0,746.0
6294,22.5,49.0,800.0
6295,21.2,46.0,746.0
6296,20.3,41.0,600.0
6297,16.8,38.0,400.0
6298,14.2,41.0,200.0
6299,11.5,45.0,54.0
6300,11.3,45.0,0.0
6301,10.7,42.0,54.0
6302,8.0,50.0,200.0
6303,7.2,47.0,400.0
6304,6.9,32.0,600.0
6305,7.3,46.0,746.0
6306,8.8,49.0,800.0
6307,11.0,46.0,746.0
6308,11.2,48.0,600.0
6309,13.2,44.0,400.0
6310,14.4,45.0,200.0
6311,16.6,45.0,54.0
6312,18.6,46.0,0.0
6313,20.0,42.0,54.0
6314,21.8,51.0,200.0
6315,23.1,52.0,400.0
6316,22.9,43.0,600.0
6317,22.3,39.0,746.0
6318,22.0,39.0,800.0
6319,19.7,47.0,746.0
6320,19.8,48.0,600.0
6321,16.7,47.0,400.0
6322,13.9,48.0,200.0
6323,13.4,42.0,54.0
6324,11.5,35.0,0.0
6325,8.5,43.0,54.0
6326,8.6,53.0,200.0
6327,7.8,47.0,400.0
6328,8.8,47.0,600.0
6329,6.8,50.0,746.0
6330,7.8,41.0,800.0
6331,8.4,46.0,746.0
6332,11.2,48.0,600.0
6333,12.6,41.0,400.0
6334,15.6,47.0,200.0
6335,16.3,52.0,54.0
6336,19.1,43.0,0.0
6337,20.1,37.0,54.0
6338,19.8,46.0,200.0
6339,23.1,42.0,400.0
6340,21.1,46.0,600.0
6341,22.4,41.0,746.0
6342,21.7,46.0,800.0
6343,20.6,51.0,746.0
6344,19.0,45.0,600.0
6345,17.1,37.0,400.0
6346,15.4,47.0,200.0
6347,12.8,45.0,54.0
6348,13.6,46.0,0.0
6349,8.9,50.0,54.0
6350,6.7,43.0,200.0
6351,5.7,44.0,400.0
6352,7.5,40.0,600.0
6353,5.4,46.0,746.0
6354,6.6,46.0,800.0
6355,7.6,44.0,746.0
6356,11.1,49.0,600.0
6357,13.9,40.0,400.0
6358,13.7,46.0,200.0
6359,17.1,48.0,54.0
6360,16.0,42.0,0.0
6361,19.6,38.0,54.0
6362,22.2,37.0,200.0
6363,22.1,46.0,400.0
6364,23.8,54.0,600.0
6365,20.3,42.0,746.0
6366,21.1,47.0,800.0
6367,21.0,33.0,746.0
6368,19.4,47.0,600.0
6369,17.5,40.0,400.0
6370,15.2,43.0,200.0
6371,11.7,46.0,54.0
6372,10.2,37.0,0.0
6373,11.6,61.0,54.0
6374,6.7,42.0,200.0
6375,5.7,48.0,400.0
6376,7.4,53.0,600.0
6377,5.9,47.0,746.0
6378,9.5,39.0,800.0
6379,11.7,46.0,746.0
6380,10.4,36.0,600.0
6381,12.8,43.0,400.0
6382,12.7,54.0,200.0
6383,17.7,38.0,54.0
6384,16.3,41.0,0.0
6385,18.9,54.0,54.0
6386,21.7,44.0,200.0
6387,23.0,41.0,400.0
6388,21.3,47.0,600.0
6389,22.0,43.0,746.0
6390,20.1,32.0,800.0
6391,20.2,38.0,746.0
6392,18.1,55.0,600.0
6393,16.3,47.0,400.0
6394,15.6,52.0,200.0
6395,13.1,40.0,54.0
6396,11.5,45.0,0.0
6397,9.1,44.0,54.0
6398,8.6,42.0,200.0
6399,7.0,46.0,400.0
6400,6.2,40.0,600.0
6401,7.5,51.0,746.0
6402,7.3,47.0,800.0
6403,8.6,44.0,746.0
6404,11.6,46.0,600.0
6405,13.4,44.0,400.0
6406,14.2,36.0,200.0
6407,17.5,40.0,54.0
6408,17.3,44.0,0.0
6409,19.9,43.0,54.0
6410,20.8,48.0,200.0
6411,22.4,48.0,400.0
6412,23.4,42.0,600.0
6413,23.0,40.0,746.0
6414,22.1,49.0,800.0
6415,20.6,46.0,746.0
6416,18.7,42.0,600.0
6417,18.1,39.0,400.0
6418,13.3,42.0,200.0
6419,12.1,47.0,54.0
6420,11.3,54.0,0.0
6421,10.7,44.0,54.0
6422,7.5,41.0,200.0
6423,6.7,56.0,400.0
6424,5.4,43.0,600.0
6425,6.4,41.0,746.0
6426,8.4,43.0,800.0
6427,10.5,43.0,746.0
6428,10.2,51.0,600.0
6429,11.6,37.0,400.0
6430,14.6,48.0,200.0
6431,14.9,45.0,54.0
6432,19.7,42.0,0.0
6433,19.0,43.0,54.0
6434,21.8,44.0,200.0
6435,22.6,46.0,400.0
6436,23.3,43.0,600.0
6437,22.7,45.0,746.0
6438,21.7,41.0,800.0
6439,20.9,56.0,746.0
6440,19.6,50.0,600.0
6441,18.7,48.0,400.0
6442,13.7,43.0,200.0
6443,10.9,49.0,54.0
6444,9.3,47.0,0.0
6445,7.3,46.0,54.0
6446,6.6,42.0,200.0
6447,5.6,46.0,400.0
6448,6.2,53.0,600.0
6449,7.7,45.0,746.0
6450,8.2,44.0,800.0
6451,8.2,46.0,746.0
6452,9.9,45.0,600.0
6453,14.4,42.0,400.0
6454,15.0,41.0,200.0
6455,16.7,49.0,54.0
6456,18.6,51.0,0.0
6457,19.9,56.0,54.0
6458,23.5,47.0,200.0
6459,22.1,46.0,400.0
6460,22.8,50.0,600.0
6461,20.7,41.0,746.0
6462,21.0,48.0,800.0
6463,19.8,50.0,746.0
6464,19.3,50.0,600.0
6465,16.1,53.0,400.0
6466,14.8,42.0,200.0
6467,12.1,43.0,54.0
6468,9.7,44.0,0.0
6469,7.9,39.0,54.0
6470,7.6,48.0,200.0
6471,7.0,48.0,400.0
6472,6.4,48.0,600.0
6473,6.0,46.0,746.0
6474,7.4,50.0,800.0
6475,8.5,48.0,746.0
6476,9.4,42.0,600.0
6477,12.4,30.0,400.0
6478,16.2,43.0,200.0
6479,16.3,45.0,54.0
6480,16.9,45.0,0.0
6481,21.6,44.0,54.0
6482,22.7,42.0,200.0
6483,23.7,41.0,400.0
6484,22.5,40.0,600.0
6485,21.6,47.0,746.0
6486,20.7,50.0,800.0
6487,21.5,39.0,746.0
6488,20.3,45.0,600.0
6489,15.9,49.0,400.0
6490,12.2,44.0,200.0
6491,12.6,49.0,54.0
6492,9.8,50.0,0.0
6493,8.3,47.0,54.0
6494,7.5,43.0,200.0
6495,7.3,52.0,400.0
6496,5.8,44.0,600.0
6497,6.9,44.0,746.0
6498,7.4,48.0,800.0
6499,6.4,44.0,746.0
6500,10.9,44.0,600.0
6501,11.8,43.0,400.0
6502,13.1,44.0,200.0
6503,15.7,46.0,54.0
6504,18.6,35.0,0.0
6505,20.1,45.0,54.0
6506,22.0,36.0,200.0
6507,22.6,43.0,400.0
6508,21.3,47.0,600.0
6509,19.3,43.0,746.0
6510,21.6,49.0,800.0
6511,20.9,47.0,746.0
6512,18.5,34.0,600.0
6513,17.4,51.0,400.0
6514,13.7,46.0,200.0
6515,12.3,42.0,54.0
6516,9.7,43.0,0.0
6517,9.7,35.0,54.0
6518,6.7,46.0,200.0
6519,8.9,48.0,400.0
6520,6.0,42.0,600.0
6521,7.5,40.0,746.0
6522,7.0,46.0,800.0
6523,10.0,51.0,746.0
6524,11.6,50.0,600.0
6525,11.9,49.0,400.0
6526,14.6,55.0,200.0
6527,17.6,50.0,54.0
6528,18.6,51.0,0.0
6529,19.1,45.0,54.0
6530,21.4,43.0,200.0
6531,21.4,51.0,400.0
6532,22.6,40.0,600.0
6533,21.4,47.0,746.0
6534,21.8,42.0,800.0
6535,18.4,47.0,746.0
6536,17.5,46.0,600.0
6537,15.9,46.0,400.0
6538,14.5,45.0,200.0
6539,11.0,48.0,54.0
6540,9.7,48.0,0.0
6541,9.7,38.0,54.0
6542,8.5,45.0,200.0
6543,4.2,43.0,400.0
6544,5.8,46.0,600.0
6545,7.9,43.0,746.0
6546,7.8,51.0,800.0
6547,9.0,45.0,746.0
6548,10.8,50.0,600.0
6549,11.2,40.0,400.0
6550,14.4,44.0,200.0
6551,16.8,42.0,54.0
6552,18.4,47.0,0.0
6553,19.5,39.0,54.0
6554,21.2,36.0,200.0
6555,20.9,42.0,400.0
6556,23.0,48.0,600.0
6557,20.7,41.0,746.0
6558,20.6,46.0,800.0
6559,20.9,42.0,746.0
6560,18.8,36.0,600.0
6561,16.2,49.0,400.0
6562,12.9,48.0,200.0
6563,12.4,45.0,54.0
6564,9.9,45.0,0.0
6565,9.3,44.0,54.0
6566,7.0,40.0,200.0
6567,4.9,52.0,400.0
6568,5.0,44.0,600.0
6569,6.2,47.0,746.0
6570,7.5,43.0,800.0
6571,7.4,47.0,746.0
6572,9.4,51.0,600.0
6573,12.9,46.0,400.0
6574,15.3,47.0,200.0
6575,16.5,49.0,54.0
6576,17.9,49.0,0.0
6577,19.2,50.0,54.0
6578,21.7,47.0,200.0
6579,21.7,47.0,400.0
6580,23.3,46.0,600.0
6581,23.1,49.0,746.0
6582,21.8,43.0,800.0
6583,19.6,48.0,746.0
6584,18.1,56.0,600.0
6585,14.9,47.0,400.0
6586,14.5,39.0,200.0
6587,12.3,44.0,54.0
6588,9.1,48.0,0.0
6589,11.2,42.0,54.0
6590,8.0,40.0,200.0
6591,5.8,38.0,400.0
6592,8.4,44.0,600.0
6593,6.0,53.0,746.0
6594,8.1,42.0,800.0
6595,8.6,49.0,746.0
6596,9.7,44.0,600.0
6597,11.7,43.0,400.0
6598,15.5,48.0,200.0
6599,17.1,37.0,54.0
6600,18.0,53.0,0.0
6601,17.8,48.0,54.0
6602,21.4,50.0,200.0
6603,20.7,44.0,400.0
6604,22.8,47.0,600.0
6605,21.3,50.0,746.0
6606,20.7,45.0,800.0
6607,19.4,41.0,746.0
6608,19.4,40.0,600.0
6609,14.7,43.0,400.0
6610,15.2,46.0,200.0
6611,12.7,44.0,54.0
6612,10.3,43.0,0.0
6613,8.3,48.0,54.0
6614,7.9,43.0,200.0
6615,6.1,42.0,400.0
6616,5.8,50.0,600.0
6617,6.5,48.0,746.0
6618,8.9,39.0,800.0
6619,6.9,38.0,746.0
6620,10.6,39.0,600.0
6621,11.8,45.0,400.0
6622,13.8,51.0,200.0
6623,14.6,52.0,54.0
6624,16.3,49.0,0.0
6625,20.1,55.0,54.0
6626,19.8,46.0,200.0
6627,22.9,51.0,400.0
6628,21.2,42.0,600.0
6629,22.5,37.0,746.0
6630,20.6,43.0,800.0
6631,19.4,44.0,746.0
6632,17.4,58.0,600.0
6633,16.9,45.0,400.0
6634,15.1,40.0,200.0
6635,12.0,50.0,54.0
6636,10.9,41.0,0.0
6637,8.7,46.0,54.0
6638,6.0,49.0,200.0
6639,6.9,40.0,400.0
6640,5.9,53.0,600.0
6641,3.8,51.0,746.0
6642,6.8,47.0,800.0
6643,6.7,54.0,746.0
6644,8.8,43.0,600.0
6645,11.7,49.0,400.0
6646,13.9,46.0,200.0
6647,15.2,42.0,54.0
6648,18.5,42.0,0.0
6649,19.6,55.0,54.0
6650,20.6,50.0,200.0
6651,21.9,49.0,400.0
6652,23.3,42.0,600.0
6653,19.8,49.0,746.0
6654,22.5,43.0,800.0
6655,19.3,54.0,746.0
6656,17.5,51.0,600.0
6657,16.0,50.0,400.0
6658,13.4,49.0,200.0
6659,11.2,45.0,54.0
6660,11.1,47.0,0.0
6661,8.8,53.0,54.0
6662,5.4,47.0,200.0
6663,7.1,41.0,400.0
6664,6.6,51.0,600.0
6665,4.8,42.0,746.0
6666,7.3,45.0,800.0
6667,8.9,43.0,746.0
6668,8.3,32.0,600.0
6669,12.1,46.0,400.0
6670,13.2,56.0,200.0
6671,16.5,47.0,54.0
6672,17.0,60.0,0.0
6673,20.6,44.0,54.0
6674,20.7,46.0,200.0
6675,21.1,45.0,400.0
6676,21.3,45.0,600.0
6677,22.7,47.0,746.0
6678,20.4,53.0,800.0
6679,20.9,41.0,746.0
6680,18.4,45.0,600.0
6681,14.9,48.0,400.0
6682,14.3,51.0,200.0
6683,12.2,34.0,54.0
6684,8.8,38.0,0.0
6685,8.5,45.0,54.0
6686,7.8,51.0,200.0
6687,7.5,43.0,400.0
6688,7.1,48.0,600.0
6689,8.6,55.0,746.0
6690,7.0,45.0,800.0
6691,8.8,44.0,746.0
6692,9.3,47.0,600.0
6693,13.7,46.0,400.0
6694,12.9,46.0,200.0
6695,17.7,44.0,54.0
6696,19.6,44.0,0.0
6697,18.7,40.0,54.0
6698,21.9,48.0,200.0
6699,22.1,40.0,400.0
6700,21.6,41.0,600.0
6701,21.6,39.0,746.0
6702,21.3,43.0,800.0
6703,20.1,45.0,746.0
6704,19.6,40.0,600.0
6705,16.8,44.0,400.0
6706,13.4,46.0,200.0
6707,12.8,37.0,54.0
6708,8.4,41.0,0.0
6709,8.1,54.0,54.0
6710,6.8,42.0,200.0
6711,6.9,49.0,400.0
6712,7.7,43.0,600.0
6713,6.4,46.0,746.0
6714,6.6,41.0,800.0
6715,7.5,36.0,746.0
6716,10.6,43.0,600.0
6717,11.5,47.0,400.0
6718,13.2,48.0,200.0
6719,16.8,46.0,54.0
6720,18.9,41.0,0.0
6721,18.5,50.0,54.0
6722,19.3,41.0,200.0
6723,21.5,42.0,400.0
6724,20.8,40.0,600.0
6725,20.4,43.0,746.0
6726,19.9,44.0,800.0
6727,20.7,47.0,746.0
6728,18.7,38.0,600.0
6729,18.6,43.0,400.0
6730,13.4,41.0,200.0
6731,13.3,47.0,54.0
6732,10.6,47.0,0.0
6733,7.8,40.0,54.0
6734,6.9,48.0,200.0
6735,5.6,45.0,400.0
6736,6.1,49.0,600.0
6737,7.1,42.0,746.0
6738,6.5,48.0,800.0
6739,8.9,49.0,746.0
6740,11.0,45.0,600.0
6741,13.1,56.0,400.0
6742,12.5,48.0,200.0
6743,15.7,54.0,54.0
6744,18.4,58.0,0.0
6745,18.3,37.0,54.0
6746,19.4,51.0,200.0
6747,21.5,48.0,400.0
6748,21.4,46.0,600.0
6749,21.4,42.0,746.0
6750,20.4,41.0,800.0
6751,21.8,40.0,746.0
6752,17.5,56.0,600.0
6753,16.7,48.0,400.0
6754,14.5,38.0,200.0
6755,10.2,40.0,54.0
6756,11.4,35.0,0.0
6757,8.9,51.0,54.0
6758,7.1,45.0,200.0
6759,7.2,48.0,400.0
6760,5.8,45.0,600.0
6761,6.9,50.0,746.0
6762,4.9,43.0,800.0
6763,8.8,47.0,746.0
6764,9.8,47.0,600.0
6765,11.7,39.0,400.0
6766,12.7,42.0,200.0
6767,15.4,44.0,54.0
6768,17.4,47.0,0.0
6769,18.2,52.0,54.0
6770,21.0,46.0,200.0
6771,23.0,45.0,400.0
6772,20.3,47.0,600.0
6773,22.0,44.0,746.0
6774,20.4,45.0,800.0
6775,19.0,53.0,746.0
6776,18.0,44.0,600.0
6777,16.1,46.0,400.0
6778,14.1,42.0,200.0
6779,10.7,51.0,54.0
6780,11.0,41.0,0.0
6781,8.3,45.0,54.0
6782,7.5,50.0,200.0
6783,7.3,41.0,400.0
6784,3.8,50.0,600.0
6785,6.6,35.0,746.0
6786,6.5,40.0,800.0
6787,8.9,45.0,746.0
6788,8.7,57.0,600.0
6789,12.4,46.0,400.0
6790,12.5,46.0,200.0
6791,16.0,51.0,54.0
6792,17.8,40.0,0.0
6793,19.1,30.0,54.0
6794,19.5,54.0,200.0
6795,21.0,48.0,400.0
6796,22.6,43.0,600.0
6797,22.9,45.0,746.0
6798,22.6,50.0,800.0
6799,20.0,45.0,746.0
6800,18.1,46.0,600.0
6801,16.4,55.0,400.0
6802,15.8,39.0,200.0
6803,12.3,48.0,54.0
6804,9.9,39.0,0.0
6805,7.8,53.0,54.0
6806,6.6,47.0,200.0
6807,6.3,42.0,400.0
6808,4.9,38.0,600.0
6809,5.2,43.0,746.0
6810,6.5,46.0,800.0
6811,7.4,51.0,746.0
6812,10.1,40.0,600.0
6813,12.0,41.0,400.0
6814,13.7,43.0,200.0
6815,16.0,41.0,54.0
6816,17.6,43.0,0.0
6817,15.3,41.0,54.0
6818,19.6,47.0,200.0
6819,22.0,43.0,400.0
6820,20.7,45.0,600.0
6821,22.2,47.0,746.0
6822,21.5,38.0,800.0
6823,19.1,48.0,746.0
6824,17.1,46.0,600.0
6825,15.8,46.0,400.0
6826,13.7,45.0,200.0
6827,12.3,44.0,54.0
6828,7.4,46.0,0.0
6829,7.3,46.0,54.0
6830,5.7,39.0,200.0
6831,3.4,53.0,400.0
6832,5.1,42.0,600.0
6833,4.3,46.0,746.0
6834,6.1,51.0,800.0
6835,7.3,44.0,746.0
6836,9.8,46.0,600.0
6837,11.0,34.0,400.0
6838,11.6,35.0,200.0
6839,15.8,45.0,54.0
6840,19.8,46.0,0.0
6841,20.1,51.0,54.0
6842,21.0,49.0,200.0
6843,21.0,37.0,400.0
6844,21.0,52.0,600.0
6845,20.7,39.0,746.0
6846,20.8,50.0,800.0
6847,18.1,43.0,746.0
6848,17.9,59.0,600.0
6849,15.1,42.0,400.0
6850,12.0,45.0,200.0
6851,10.9,46.0,54.0
6852,10.9,44.0,0.0
6853,8.1,40.0,54.0
6854,3.1,56.0,200.0
6855,5.1,42.0,400.0
6856,6.4,42.0,600.0
6857,5.4,45.0,746.0
6858,6.9,46.0,800.0
6859,7.3,42.0,746.0
6860,9.5,50.0,600.0
6861,11.2,46.0,400.0
6862,12.6,45.0,200.0
6863,15.9,48.0,54.0
6864,18.8,41.0,0.0
6865,19.3,42.0,54.0
6866,20.4,45.0,200.0
6867,20.2,50.0,400.0
6868,22.3,44.0,600.0
6869,20.7,44.0,746.0
6870,21.0,35.0,800.0
6871,19.9,42.0,746.0
6872,18.5,37.0,600.0
6873,16.6,38.0,400.0
6874,14.5,47.0,200.0
6875,10.2,62.0,54.0
6876,8.7,46.0,0.0
6877,6.5,47.0,54.0
6878,5.1,42.0,200.0
6879,7.2,40.0,400.0
6880,4.4,56.0,600.0
6881,4.5,41.0,746.0
6882,6.3,35.0,800.0
6883,6.8,47.0,746.0
6884,11.4,43.0,600.0
6885,10.8,48.0,400.0
6886,13.6,53.0,200.0
6887,14.4,47.0,54.0
6888,15.5,47.0,0.0
6889,18.1,49.0,54.0
6890,19.4,59.0,200.0
6891,20.3,57.0,400.0
6892,19.7,44.0,600.0
6893,21.2,50.0,746.0
6894,20.0,54.0,800.0
6895,17.5,49.0,746.0
6896,17.6,45.0,600.0
6897,16.3,43.0,400.0
6898,14.7,46.0,200.0
6899,9.0,40.0,54.0
6900,8.7,50.0,0.0
6901,6.4,52.0,54.0
6902,5.8,43.0,200.0
6903,7.0,43.0,400.0
6904,4.5,40.0,600.0
6905,5.0,48.0,746.0
6906,5.4,45.0,800.0
6907,9.1,38.0,746.0
6908,6.8,60.0,600.0
6909,10.4,37.0,400.0
6910,12.2,38.0,200.0
6911,13.4,50.0,54.0
6912,18.2,49.0,0.0
6913,16.9,42.0,54.0
6914,19.6,42.0,200.0
6915,20.8,48.0,400.0
6916,20.5,47.0,600.0
6917,19.3,42.0,746.0
6918,20.1,50.0,800.0
6919,18.2,48.0,746.0
6920,18.2,52.0,600.0
6921,16.0,45.0,400.0
6922,15.3,50.0,200.0
6923,11.4,44.0,54.0
6924,9.9,48.0,0.0
6925,7.3,47.0,54.0
6926,8.1,50.0,200.0
6927,5.5,48.0,400.0
6928,5.1,36.0,600.0
6929,5.9,42.0,746.0
6930,5.5,46.0,800.0
6931,6.9,48.0,746.0
6932,9.5,50.0,600.0
6933,11.6,48.0,400.0
6934,13.6,42.0,200.0
6935,14.9,50.0,54.0
6936,17.2,41.0,0.0
6937,19.6,52.0,54.0
6938,18.9,52.0,200.0
6939,20.8,45.0,400.0
6940,18.2,42.0,600.0
6941,21.6,42.0,746.0
6942,19.3,40.0,800.0
6943,18.1,41.0,746.0
6944,17.1,45.0,600.0
6945,16.0,43.0,400.0
6946,15.7,37.0,200.0
6947,9.6,43.0,54.0
6948,8.4,46.0,0.0
6949,7.8,44.0,54.0
6950,5.5,41.0,200.0
6951,6.2,34.0,400.0
6952,4.9,51.0,600.0
6953,6.2,45.0,746.0
6954,5.8,47.0,800.0
6955,7.8,46.0,746.0
6956,7.9,48.0,600.0
6957,12.7,47.0,400.0
6958,11.2,46.0,200.0
6959,14.2,49.0,54.0
6960,15.4,50.0,0.0
6961,19.3,53.0,54.0
6962,20.4,41.0,200.0
6963,19.5,47.0,400.0
6964,22.0,38.0,600.0
6965,20.1,43.0,746.0
6966,20.4,45.0,800.0
6967,19.4,49.0,746.0
6968,16.9,45.0,600.0
6969,16.2,49.0,400.0
6970,13.0,44.0,200.0
6971,11.4,43.0,54.0
6972,8.9,42.0,0.0
6973,5.6,49.0,54.0
6974,6.0,44.0,200.0
6975,4.4,33.0,400.0
6976,6.4,49.0,600.0
6977,3.8,41.0,746.0
6978,7.2,47.0,800.0
6979,7.0,40.0,746.0
6980,9.2,46.0,600.0
6981,9.3,31.0,400.0
6982,12.4,45.0,200.0
6983,14.2,41.0,54.0
6984,18.9,39.0,0.0
6985,17.8,49.0,54.0
6986,20.9,45.0,200.0
6987,21.8,44.0,400.0
6988,22.0,42.0,600.0
6989,20.1,50.0,746.0
6990,21.7,44.0,800.0
6991,20.7,53.0,746.0
6992,17.4,52.0,600.0
6993,14.7,53.0,400.0
6994,12.2,51.0,200.0
6995,11.5,43.0,54.0
6996,9.1,46.0,0.0
6997,7.5,45.0,54.0
6998,4.7,50.0,200.0
6999,5.2,46.0,400.0
7000,6.0,44.0,600.0
7001,5.9,54.0,746.0
7002,5.4,44.0,800.0
7003,6.9,43.0,746.0
7004,7.2,44.0,600.0
7005,9.9,51.0,400.0
7006,12.3,47.0,200.0
7007,15.3,48.0,54.0
7008,16.0,47.0,0.0
7009,17.3,35.0,54.0
7010,20.4,40.0,200.0
7011,20.1,44.0,400.0
7012,20.0,47.0,600.0
7013,21.4,41.0,746.0
7014,20.3,41.0,800.0
7015,18.4,44.0,746.0
7016,16.6,52.0,600.0
7017,15.4,35.0,400.0
7018,13.5,33.0,200.0
7019,11.1,54.0,54.0
7020,9.1,38.0,0.0
7021,6.6,44.0,54.0
7022,5.4,38.0,200.0
7023,4.9,44.0,400.0
7024,3.8,45.0,600.0
7025,3.9,54.0,746.0
7026,5.6,49.0,800.0
7027,7.9,39.0,746.0
7028,6.5,36.0,600.0
7029,10.1,48.0,400.0
7030,12.8,43.0,200.0
7031,15.7,42.0,54.0
7032,18.3,52.0,0.0
7033,18.0,37.0,54.0
7034,21.5,44.0,200.0
7035,20.8,49.0,400.0
7036,21.5,40.0,600.0
7037,19.4,52.0,746.0
7038,20.2,41.0,800.0
7039,19.4,45.0,746.0
7040,16.2,42.0,600.0
7041,12.3,32.0,400.0
7042,13.0,44.0,200.0
7043,10.6,50.0,54.0
7044,10.2,41.0,0.0
7045,6.6,43.0,54.0
7046,5.1,43.0,200.0
7047,3.8,49.0,400.0
7048,4.0,44.0,600.0
7049,7.5,46.0,746.0
7050,4.0,46.0,800.0
7051,5.5,43.0,746.0
7052,8.4,54.0,600.0
7053,12.3,41.0,400.0
7054,13.2,49.0,200.0
7055,16.0,52.0,54.0
7056,16.1,45.0,0.0
7057,16.7,46.0,54.0
7058,19.0,49.0,200.0
7059,20.1,44.0,400.0
7060,20.6,36.0,600.0
7061,20.1,45.0,746.0
7062,20.2,54.0,800.0
7063,17.6,49.0,746.0
7064,15.8,46.0,600.0
7065,13.6,50.0,400.0
7066,13.0,45.0,200.0
7067,10.8,46.0,54.0
7068,9.8,44.0,0.0
7069,8.6,48.0,54.0
7070,4.5,43.0,200.0
7071,4.9,44.0,400.0
7072,4.3,50.0,600.0
7073,3.2,45.0,746.0
7074,5.0,49.0,800.0
7075,8.3,49.0,746.0
7076,7.7,46.0,600.0
7077,9.5,44.0,400.0
7078,12.3,39.0,200.0
7079,15.3,41.0,54.0
7080,16.0,49.0,0.0
7081,18.1,49.0,54.0
7082,17.0,41.0,200.0
7083,20.7,48.0,400.0
7084,20.7,47.0,600.0
7085,21.1,51.0,746.0
7086,17.6,57.0,800.0
7087,17.9,49.0,746.0
7088,17.6,43.0,600.0
7089,14.1,50.0,400.0
7090,12.7,41.0,200.0
7091,10.1,57.0,54.0
7092,8.2,40.0,0.0
7093,8.1,48.0,54.0
7094,4.2,46.0,200.0
7095,4.7,44.0,400.0
7096,4.7,44.0,600.0
7097,5.6,53.0,746.0
7098,5.3,49.0,800.0
7099,7.6,45.0,746.0
7100,8.2,55.0,600.0
7101,10.3,45.0,400.0
7102,12.3,50.0,200.0
7103,14.9,39.0,54.0
7104,16.8,40.0,0.0
7105,16.8,50.0,54.0
7106,19.4,48.0,200.0
7107,20.6,57.0,400.0
7108,21.8,43.0,600.0
7109,19.1,49.0,746.0
7110,19.9,45.0,800.0
7111,17.8,50.0,746.0
7112,16.7,50.0,600.0
7113,13.5,46.0,400.0
7114,12.5,42.0,200.0
7115,10.8,44.0,54.0
7116,7.5,41.0,0.0
7117,8.2,48.0,54.0
7118,3.9,32.0,200.0
7119,5.2,43.0,400.0
7120,1.9,51.0,600.0
7121,4.3,51.0,746.0
7122,5.7,38.0,800.0
7123,7.2,49.0,746.0
7124,8.0,40.0,600.0
7125,9.8,44.0,400.0
7126,12.6,50.0,200.0
7127,15.1,41.0,54.0
7128,17.5,53.0,0.0
7129,16.5,47.0,54.0
7130,18.9,49.0,200.0
7131,17.7,52.0,400.0
7132,18.9,51.0,600.0
7133,19.3,50.0,746.0
7134,20.1,43.0,800.0
7135,17.5,41.0,746.0
7136,16.1,45.0,600.0
7137,14.8,49.0,400.0
7138,11.7,40.0,200.0
7139,8.3,49.0,54.0
7140,7.6,48.0,0.0
7141,6.6,45.0,54.0
7142,5.8,47.0,200.0
7143,4.3,47.0,400.0
7144,4.6,48.0,600.0
7145,5.3,50.0,746.0
7146,6.3,61.0,800.0
7147,6.5,47.0,746.0
7148,6.9,43.0,600.0
7149,8.7,37.0,400.0
7150,10.8,39.0,200.0
7151,13.0,42.0,54.0
7152,16.1,50.0,0.0
7153,19.5,44.0,54.0
7154,19.2,48.0,200.0
7155,19.7,43.0,400.0
7156,21.1,49.0,600.0
7157,19.1,51.0,746.0
7158,20.2,44.0,800.0
7159,18.9,48.0,746.0
7160,16.3,44.0,600.0
7161,16.4,40.0,400.0
7162,13.4,49.0,200.0
7163,10.2,48.0,54.0
7164,8.1,49.0,0.0
7165,6.1,51.0,54.0
7166,5.1,45.0,200.0
7167,4.3,45.0,400.0
7168,3.7,45.0,600.0
7169,4.1,48.0,746.0
7170,3.8,46.0,800.0
7171,5.7,47.0,746.0
7172,6.3,43.0,600.0
7173,10.2,41.0,400.0
7174,11.9,42.0,200.0
7175,13.8,48.0,54.0
7176,16.7,46.0,0.0
7177,16.7,44.0,54.0
7178,18.1,50.0,200.0
7179,18.2,54.0,400.0
7180,21.0,44.0,600.0
7181,20.4,41.0,746.0
7182,20.3,51.0,800.0
7183,19.4,47.0,746.0
7184,15.7,46.0,600.0
7185,13.5,52.0,400.0
7186,10.4,45.0,200.0
7187,9.0,48.0,54.0
7188,7.8,47.0,0.0
7189,4.4,63.0,54.0
7190,4.0,46.0,200.0
7191,4.2,51.0,400.0
7192,4.8,45.0,600.0
7193,3.4,49.0,746.0
7194,5.0,45.0,800.0
7195,8.0,50.0,746.0
7196,5.9,46.0,600.0
7197,10.7,49.0,400.0
7198,12.1,43.0,200.0
7199,15.1,43.0,54.0
7200,16.7,37.0,0.0
7201,16.7,48.0,54.0
7202,18.7,43.0,200.0
7203,18.1,57.0,400.0
7204,19.3,44.0,600.0
7205,19.7,53.0,746.0
7206,19.2,52.0,800.0
7207,18.4,45.0,746.0
7208,17.6,43.0,600.0
7209,13.7,46.0,400.0
7210,13.2,52.0,200.0
7211,10.2,58.0,54.0
7212,6.7,40.0,0.0
7213,6.2,47.0,54.0
7214,5.1,44.0,200.0
7215,3.3,45.0,400.0
7216,2.8,55.0,600.0
7217,3.0,43.0,746.0
7218,4.2,39.0,800.0
7219,5.1,48.0,746.0
7220,8.9,48.0,600.0
7221,7.1,45.0,400.0
7222,11.7,43.0,200.0
7223,14.2,47.0,54.0
7224,14.6,40.0,0.0
7225,17.1,49.0,54.0
7226,18.2,45.0,200.0
7227,19.4,54.0,400.0
7228,20.4,48.0,600.0
7229,20.1,46.0,746.0
7230,18.2,46.0,800.0
7231,16.0,37.0,746.0
7232,16.1,46.0,600.0
7233,13.3,46.0,400.0
7234,11.4,47.0,200.0
7235,10.0,46.0,54.0
7236,7.4,54.0,0.0
7237,6.5,45.0,54.0
7238,7.4,42.0,200.0
7239,4.7,38.0,400.0
7240,5.0,44.0,600.0
7241,4.4,41.0,746.0
7242,4.7,40.0,800.0
7243,6.4,45.0,746.0
7244,8.0,52.0,600.0
7245,10.3,51.0,400.0
7246,11.5,40.0,200.0
7247,12.2,47.0,54.0
7248,14.0,49.0,0.0
7249,17.6,50.0,54.0
7250,17.3,55.0,200.0
7251,20.0,41.0,400.0
7252,21.0,42.0,600.0
7253,19.2,43.0,746.0
7254,19.8,49.0,800.0
7255,17.6,33.0,746.0
7256,15.8,46.0,600.0
7257,13.9,38.0,400.0
7258,10.9,47.0,200.0
7259,8.7,57.0,54.0
7260,6.1,51.0,0.0
7261,5.3,41.0,54.0
7262,6.9,45.0,200.0
7263,2.4,42.0,400.0
7264,2.4,53.0,600.0
7265,3.0,36.0,746.0
7266,3.8,45.0,800.0
7267,6.0,43.0,746.0
7268,6.8,41.0,600.0
7269,9.1,55.0,400.0
7270,10.5,39.0,200.0
7271,12.9,41.0,54.0
7272,15.3,55.0,0.0
7273,16.9,46.0,54.0
7274,20.3,46.0,200.0
7275,19.1,44.0,400.0
7276,19.3,47.0,600.0
7277,16.8,45.0,746.0
7278,18.7,43.0,800.0
7279,15.3,40.0,746.0
7280,16.2,47.0,600.0
7281,13.9,44.0,400.0
7282,12.4,45.0,200.0
7283,8.9,50.0,54.0
7284,7.6,44.0,0.0
7285,6.6,46.0,54.0
7286,3.7,55.0,200.0
7287,4.4,49.0,400.0
7288,4.0,44.0,600.0
7289,3.5,41.0,746.0
7290,6.0,46.0,800.0
7291,6.1,51.0,746.0
7292,5.6,44.0,600.0
7293,10.1,47.0,400.0
7294,10.5,44.0,200.0
7295,14.1,45.0,54.0
7296,15.5,41.0,0.0
7297,14.3,48.0,54.0
7298,18.8,47.0,200.0
7299,18.8,54.0,400.0
7300,18.9,47.0,600.0
7301,18.7,43.0,746.0
7302,19.2,54.0,800.0
7303,16.2,49.0,746.0
7304,16.6,48.0,600.0
7305,12.1,47.0,400.0
7306,11.8,47.0,200.0
7307,10.2,42.0,54.0
7308,8.2,46.0,0.0
7309,6.0,46.0,54.0
7310,4.3,48.0,200.0
7311,3.1,52.0,400.0
7312,2.1,52.0,600.0
7313,2.8,49.0,746.0
7314,3.3,38.0,800.0
7315,4.4,45.0,746.0
7316,8.9,38.0,600.0
7317,7.3,52.0,400.0
7318,12.2,46.0,200.0
7319,11.9,46.0,54.0
7320,14.1,43.0,0.0
7321,15.7,53.0,54.0
7322,17.0,47.0,200.0
7323,19.8,46.0,400.0
7324,19.8,47.0,600.0
7325,18.8,48.0,746.0
7326,20.9,46.0,800.0
7327,17.0,53.0,746.0
7328,15.4,53.0,600.0
7329,12.8,47.0,400.0
7330,10.6,43.0,200.0
7331,8.8,48.0,54.0
7332,8.2,44.0,0.0
7333,6.2,54.0,54.0
7334,5.6,55.0,200.0
7335,2.8,50.0,400.0
7336,3.7,41.0,600.0
7337,3.7,45.0,746.0
7338,4.6,46.0,800.0
7339,4.5,43.0,746.0
7340,5.9,45.0,600.0
7341,9.4,48.0,400.0
7342,11.8,50.0,200.0
7343,12.4,53.0,54.0
7344,15.6,47.0,0.0
7345,17.8,45.0,54.0
7346,17.6,40.0,200.0
7347,17.3,49.0,400.0
7348,17.8,45.0,600.0
7349,18.2,46.0,746.0
7350,17.6,44.0,800.0
7351,16.8,44.0,746.0
7352,15.2,51.0,600.0
7353,13.0,47.0,400.0
7354,11.9,55.0,200.0
7355,8.4,41.0,54.0
7356,8.5,53.0,0.0
7357,6.5,45.0,54.0
7358,5.1,47.0,200.0
7359,2.7,49.0,400.0
7360,2.9,52.0,600.0
7361,4.0,52.0,746.0
7362,3.8,52.0,800.0
7363,4.5,46.0,746.0
7364,6.1,56.0,600.0
7365,8.0,50.0,400.0
7366,9.6,32.0,200.0
7367,15.7,47.0,54.0
7368,12.9,45.0,0.0
7369,15.5,46.0,54.0
7370,18.4,50.0,200.0
7371,17.9,49.0,400.0
7372,18.6,44.0,600.0
7373,19.1,55.0,746.0
7374,19.0,41.0,800.0
7375,16.4,40.0,746.0
7376,16.0,42.0,600.0
7377,11.5,49.0,400.0
7378,10.5,49.0,200.0
7379,9.5,43.0,54.0
7380,9.0,44.0,0.0
7381,4.4,47.0,54.0
7382,2.9,42.0,200.0
7383,3.6,51.0,400.0
7384,2.9,55.0,600.0
7385,2.4,46.0,746.0
7386,2.6,49.0,800.0
7387,4.6,48.0,746.0
7388,7.2,54.0,600.0
7389,8.3,57.0,400.0
7390,11.8,46.0,200.0
7391,12.6,47.0,54.0
7392,15.3,52.0,0.0
7393,16.6,49.0,54.0
7394,17.2,43.0,200.0
7395,19.3,38.0,400.0
7396,17.6,44.0,600.0
7397,18.0,49.0,746.0
7398,17.4,45.0,800.0
7399,17.0,42.0,746.0
7400,15.6,44.0,600.0
7401,12.2,57.0,400.0
7402,10.0,42.0,200.0
7403,9.0,46.0,54.0
7404,5.4,45.0,0.0
7405,6.2,57.0,54.0
7406,3.7,40.0,200.0
7407,1.9,43.0,400.0
7408,1.6,48.0,600.0
7409,3.3,48.0,746.0
7410,4.0,53.0,800.0
7411,4.2,53.0,746.0
7412,6.4,44.0,600.0
7413,7.3,49.0,400.0
7414,10.3,47.0,200.0
7415,14.1,45.0,54.0
7416,16.7,53.0,0.0
7417,16.0,49.0,54.0
7418,17.9,55.0,200.0
7419,18.7,50.0,400.0
7420,16.9,52.0,600.0
7421,17.3,34.0,746.0
7422,15.4,48.0,800.0
7423,16.9,50.0,746.0
7424,16.8,50.0,600.0
7425,14.0,55.0,400.0
7426,10.9,51.0,200.0
7427,8.6,42.0,54.0
7428,6.4,50.0,0.0
7429,6.2,52.0,54.0
7430,4.0,45.0,200.0
7431,3.0,46.0,400.0
7432,1.5,52.0,600.0
7433,3.4,48.0,746.0
7434,3.4,53.0,800.0
7435,5.2,49.0,746.0
7436,7.4,37.0,600.0
7437,6.7,48.0,400.0
7438,10.1,46.0,200.0
7439,12.0,51.0,54.0
7440,13.9,50.0,0.0
7441,14.9,43.0,54.0
7442,16.6,49.0,200.0
7443,17.1,50.0,400.0
7444,19.3,50.0,600.0
7445,18.7,53.0,746.0
7446,17.8,43.0,800.0
7447,14.4,47.0,746.0
7448,16.6,37.0,600.0
7449,12.3,54.0,400.0
7450,12.4,48.0,200.0
7451,9.3,47.0,54.0
7452,6.4,47.0,0.0
7453,7.0,50.0,54.0
7454,4.2,53.0,200.0
7455,2.6,46.0,400.0
7456,2.1,50.0,600.0
7457,3.7,50.0,746.0
7458,2.9,37.0,800.0
7459,4.3,44.0,746.0
7460,5.7,50.0,600.0
7461,7.4,54.0,400.0
7462,9.5,55.0,200.0
7463,14.1,42.0,54.0
7464,15.2,53.0,0.0
7465,16.2,53.0,54.0
7466,16.7,50.0,200.0
7467,17.5,38.0,400.0
7468,18.0,45.0,600.0
7469,19.9,49.0,746.0
7470,17.7,47.0,800.0
7471,16.9,37.0,746.0
7472,14.7,47.0,600.0
7473,11.7,43.0,400.0
7474,10.6,51.0,200.0
7475,7.4,50.0,54.0
7476,7.7,51.0,0.0
7477,4.1,46.0,54.0
7478,2.9,48.0,200.0
7479,3.5,48.0,400.0
7480,1.6,53.0,600.0
7481,2.3,45.0,746.0
7482,0.6,44.0,800.0
7483,4.2,53.0,746.0
7484,6.7,52.0,600.0
7485,7.4,50.0,400.0
7486,10.6,56.0,200.0
7487,12.1,59.0,54.0
7488,15.2,54.0,0.0
7489,15.0,44.0,54.0
7490,16.8,52.0,200.0
7491,16.4,49.0,400.0
7492,18.1,45.0,600.0
7493,17.6,44.0,746.0
7494,18.2,50.0,800.0
7495,15.4,52.0,746.0
7496,14.0,55.0,600.0
7497,11.8,52.0,400.0
7498,10.4,51.0,200.0
7499,10.3,47.0,54.0
7500,2.9,49.0,0.0
7501,4.6,41.0,54.0
7502,4.5,51.0,200.0
7503,2.0,50.0,400.0
7504,2.7,58.0,600.0
7505,3.6,48.0,746.0
7506,2.9,54.0,800.0
7507,3.7,46.0,746.0
7508,6.9,57.0,600.0
7509,8.4,56.0,400.0
7510,9.9,54.0,200.0
7511,12.6,49.0,54.0
7512,14.9,47.0,0.0
7513,15.6,46.0,54.0
7514,17.2,43.0,200.0
7515,18.3,51.0,400.0
7516,17.6,47.0,600.0
7517,19.0,50.0,746.0
7518,16.1,49.0,800.0
7519,15.7,43.0,746.0
7520,15.0,54.0,600.0
7521,11.3,49.0,400.0
7522,11.1,53.0,200.0
7523,8.3,43.0,54.0
7524,7.5,45.0,0.0
7525,5.1,46.0,54.0
7526,3.0,50.0,200.0
7527,2.6,48.0,400.0
7528,2.3,55.0,600.0
7529,4.3,54.0,746.0
7530,3.1,45.0,800.0
7531,4.1,63.0,746.0
7532,5.6,48.0,600.0
7533,7.9,55.0,400.0
7534,8.7,47.0,200.0
7535,11.5,52.0,54.0
7536,12.8,53.0,0.0
7537,14.6,41.0,54.0
7538,17.6,57.0,200.0
7539,17.6,45.0,400.0
7540,17.2,47.0,600.0
7541,17.6,45.0,746.0
7542,16.7,46.0,800.0
7543,15.8,46.0,746.0
7544,12.6,43.0,600.0
7545,11.1,52.0,400.0
7546,8.6,49.0,200.0
7547,7.1,48.0,54.0
7548,5.3,54.0,0.0
7549,3.3,57.0,54.0
7550,3.8,41.0,200.0
7551,4.0,57.0,400.0
7552,2.7,48.0,600.0
7553,1.5,42.0,746.0
7554,3.0,51.0,800.0
7555,4.0,48.0,746.0
7556,5.1,53.0,600.0
7557,8.9,49.0,400.0
7558,11.6,50.0,200.0
7559,10.2,46.0,54.0
7560,15.1,43.0,0.0
7561,14.7,52.0,54.0
7562,16.4,46.0,200.0
7563,17.8,51.0,400.0
7564,19.3,56.0,600.0
7565,17.8,48.0,746.0
7566,17.2,52.0,800.0
7567,16.4,49.0,746.0
7568,14.9,47.0,600.0
7569,12.5,41.0,400.0
7570,11.0,48.0,200.0
7571,7.3,48.0,54.0
7572,4.2,44.0,0.0
7573,6.0,39.0,54.0
7574,1.9,40.0,200.0
7575,1.5,58.0,400.0
7576,1.4,49.0,600.0
7577,1.4,42.0,746.0
7578,2.0,46.0,800.0
7579,4.4,49.0,746.0
7580,6.0,51.0,600.0
7581,8.0,48.0,400.0
7582,10.0,59.0,200.0
7583,11.1,59.0,54.0
7584,13.1,51.0,0.0
7585,16.3,47.0,54.0
7586,16.0,51.0,200.0
7587,16.8,42.0,400.0
7588,18.6,54.0,600.0
7589,17.4,50.0,746.0
7590,16.1,43.0,800.0
7591,14.9,46.0,746.0
7592,14.9,52.0,600.0
7593,12.4,41.0,400.0
7594,10.0,44.0,200.0
7595,6.5,47.0,54.0
7596,6.0,54.0,0.0
7597,3.8,57.0,54.0
7598,1.8,51.0,200.0
7599,1.3,33.0,400.0
7600,2.3,43.0,600.0
7601,3.0,66.0,746.0
7602,1.5,50.0,800.0
7603,2.8,36.0,746.0
7604,6.1,61.0,600.0
7605,6.9,42.0,400.0
7606,9.9,52.0,200.0
7607,11.0,43.0,54.0
7608,13.9,60.0,0.0
7609,13.7,42.0,54.0
7610,16.9,46.0,200.0
7611,15.1,54.0,400.0
7612,18.4,46.0,600.0
7613,17.2,51.0,746.0
7614,16.9,53.0,800.0
7615,15.5,50.0,746.0
7616,11.9,43.0,600.0
7617,13.1,45.0,400.0
7618,10.0,47.0,200.0
7619,8.3,52.0,54.0
7620,4.8,53.0,0.0
7621,4.1,50.0,54.0
7622,1.3,53.0,200.0
7623,1.9,41.0,400.0
7624,0.5,51.0,600.0
7625,6.6,49.0,746.0
7626,3.0,52.0,800.0
7627,4.9,53.0,746.0
7628,5.0,44.0,600.0
7629,7.5,49.0,400.0
7630,10.1,56.0,200.0
7631,10.2,51.0,54.0
7632,12.5,49.0,0.0
7633,15.8,43.0,54.0
7634,16.0,52.0,200.0
7635,16.3,42.0,400.0
7636,16.7,48.0,600.0
7637,15.9,47.0,746.0
7638,14.4,51.0,800.0
7639,13.4,46.0,746.0
7640,13.5,48.0,600.0
7641,12.2,45.0,400.0
7642,12.0,48.0,200.0
7643,7.4,50.0,54.0
7644,4.2,47.0,0.0
7645,3.7,48.0,54.0
7646,3.1,50.0,200.0
7647,2.6,54.0,400.0
7648,2.2,53.0,600.0
7649,2.0,43.0,746.0
7650,2.3,53.0,800.0
7651,4.2,56.0,746.0
7652,3.9,53.0,600.0
7653,5.0,37.0,400.0
7654,11.1,51.0,200.0
7655,11.0,56.0,54.0
7656,13.6,47.0,0.0
7657,11.9,64.0,54.0
7658,17.6,38.0,200.0
7659,18.0,50.0,400.0
7660,15.6,53.0,600.0
7661,16.6,50.0,746.0
7662,16.4,50.0,800.0
7663,13.7,44.0,746.0
7664,13.8,47.0,600.0
7665,12.4,52.0,400.0
7666,9.6,39.0,200.0
7667,5.7,54.0,54.0
7668,4.2,49.0,0.0
7669,3.5,52.0,54.0
7670,2.0,54.0,200.0
7671,1.2,68.0,400.0
7672,0.8,56.0,600.0
7673,-0.5,43.0,746.0
7674,2.9,60.0,800.0
7675,3.9,36.0,746.0
7676,5.4,47.0,600.0
7677,7.2,50.0,400.0
7678,8.6,48.0,200.0
7679,10.3,51.0,54.0
7680,11.9,49.0,0.0
7681,16.1,56.0,54.0
7682,15.8,47.0,200.0
7683,15.0,49.0,400.0
7684,17.0,58.0,600.0
7685,14.7,54.0,746.0
7686,16.3,49.0,800.0
7687,14.9,52.0,746.0
7688,12.6,59.0,600.0
7689,10.3,43.0,400.0
7690,9.7,44.0,200.0
7691,7.0,47.0,54.0
7692,3.2,51.0,0.0
7693,4.6,54.0,54.0
7694,1.2,46.0,200.0
7695,-0.1,45.0,400.0
7696,2.3,43.0,600.0
7697,2.2,45.0,746.0
7698,1.5,46.0,800.0
7699,1.9,39.0,746.0
7700,3.8,47.0,600.0
7701,6.2,44.0,400.0
7702,9.9,49.0,200.0
7703,12.1,58.0,54.0
7704,12.9,42.0,0.0
7705,15.1,55.0,54.0
7706,15.5,58.0,200.0
7707,15.7,55.0,400.0
7708,15.4,51.0,600.0
7709,16.9,56.0,746.0
7710,16.8,53.0,800.0
7711,14.1,55.0,746.0
7712,14.2,50.0,600.0
7713,10.7,44.0,400.0
7714,9.1,56.0,200.0
7715,6.7,63.0,54.0
7716,6.2,48.0,0.0
7717,3.8,50.0,54.0
7718,1.9,50.0,200.0
7719,1.2,42.0,400.0
7720,-0.4,46.0,600.0
7721,-1.2,51.0,746.0
7722,1.2,49.0,800.0
7723,2.8,50.0,746.0
7724,5.1,50.0,600.0
7725,6.3,49.0,400.0
7726,8.1,46.0,200.0
7727,7.7,52.0,54.0
7728,13.1,52.0,0.0
7729,14.5,45.0,54.0
7730,16.4,52.0,200.0
7731,16.4,47.0,400.0
7732,17.8,53.0,600.0
7733,15.9,50.0,746.0
7734,15.7,52.0,800.0
7735,14.7,51.0,746.0
7736,13.5,50.0,600.0
7737,11.3,52.0,400.0
7738,9.3,54.0,200.0
7739,7.0,51.0,54.0
7740,4.6,51.0,0.0
7741,4.0,48.0,54.0
7742,0.1,41.0,200.0
7743,0.3,50.0,400.0
7744,2.2,44.0,600.0
7745,0.2,47.0,746.0
7746,1.5,46.0,800.0
7747,4.2,46.0,746.0
7748,4.3,47.0,600.0
7749,5.5,52.0,400.0
7750,9.6,52.0,200.0
7751,10.2,51.0,54.0
7752,12.2,56.0,0.0
7753,12.1,65.0,54.0
7754,15.3,53.0,200.0
7755,16.9,55.0,400.0
7756,16.1,52.0,600.0
7757,15.0,53.0,746.0
7758,15.1,42.0,800.0
7759,13.7,37.0,746.0
7760,12.4,40.0,600.0
7761,10.2,47.0,400.0
7762,10.4,57.0,200.0
7763,6.9,51.0,54.0
7764,2.9,48.0,0.0
7765,3.0,53.0,54.0
7766,1.6,52.0,200.0
7767,2.0,43.0,400.0
7768,0.3,53.0,600.0
7769,0.5,54.0,746.0
7770,3.3,61.0,800.0
7771,1.6,50.0,746.0
7772,5.1,59.0,600.0
7773,6.2,48.0,400.0
7774,7.7,62.0,200.0
7775,9.7,47.0,54.0
7776,13.6,53.0,0.0
7777,14.4,52.0,54.0
7778,15.8,58.0,200.0
7779,17.0,57.0,400.0
7780,16.7,45.0,600.0
7781,15.1,49.0,746.0
7782,13.8,61.0,800.0
7783,15.7,51.0,746.0
7784,12.7,54.0,600.0
7785,10.7,45.0,400.0
7786,10.3,49.0,200.0
7787,5.4,47.0,54.0
7788,2.0,55.0,0.0
7789,1.0,54.0,54.0
7790,0.9,57.0,200.0
7791,0.7,45.0,400.0
7792,1.7,53.0,600.0
7793,1.4,51.0,746.0
7794,-1.3,38.0,800.0
7795,5.3,53.0,746.0
7796,3.7,57.0,600.0
7797,7.2,58.0,400.0
7798,8.6,50.0,200.0
7799,10.1,55.0,54.0
7800,11.8,53.0,0.0
7801,12.6,47.0,54.0
7802,13.8,46.0,200.0
7803,15.7,50.0,400.0
7804,14.8,49.0,600.0
7805,17.6,51.0,746.0
7806,15.3,48.0,800.0
7807,16.1,52.0,746.0
7808,11.9,45.0,600.0
7809,9.8,58.0,400.0
7810,9.0,41.0,200.0
7811,6.0,50.0,54.0
7812,5.3,50.0,0.0
7813,4.1,50.0,54.0
7814,2.4,46.0,200.0
7815,1.8,43.0,400.0
7816,1.0,52.0,600.0
7817,-0.2,50.0,746.0
7818,2.2,53.0,800.0
7819,3.0,42.0,746.0
7820,3.3,59.0,600.0
7821,5.4,50.0,400.0
7822,7.8,35.0,200.0
7823,11.1,52.0,54.0
7824,12.0,48.0,0.0
7825,13.6,45.0,54.0
7826,14.7,57.0,200.0
7827,15.4,55.0,400.0
7828,14.9,52.0,600.0
7829,16.6,51.0,746.0
7830,14.0,53.0,800.0
7831,13.9,43.0,746.0
7832,11.8,52.0,600.0
7833,11.0,57.0,400.0
7834,7.9,56.0,200.0
7835,5.1,46.0,54.0
7836,5.2,52.0,0.0
7837,1.6,45.0,54.0
7838,1.3,52.0,200.0
7839,1.6,47.0,400.0
7840,-0.8,46.0,600.0
7841,0.1,53.0,746.0
7842,0.5,47.0,800.0
7843,2.3,47.0,746.0
7844,3.7,53.0,600.0
7845,6.6,43.0,400.0
7846,7.1,49.0,200.0
7847,11.1,43.0,54.0
7848,13.4,44.0,0.0
7849,13.7,57.0,54.0
7850,13.9,49.0,200.0
7851,15.5,47.0,400.0
7852,15.8,55.0,600.0
7853,17.4,59.0,746.0
7854,14.8,52.0,800.0
7855,15.0,56.0,746.0
7856,12.1,48.0,600.0
7857,10.2,51.0,400.0
7858,7.7,51.0,200.0
7859,5.7,53.0,54.0
7860,4.9,56.0,0.0
7861,1.6,44.0,54.0
7862,1.9,47.0,200.0
7863,1.6,49.0,400.0
7864,-0.8,46.0,600.0
7865,1.2,52.0,746.0
7866,1.8,52.0,800.0
7867,2.9,51.0,746.0
7868,3.0,49.0,600.0
7869,5.4,58.0,400.0
7870,7.5,52.0,200.0
7871,11.7,50.0,54.0
7872,11.6,51.0,0.0
7873,13.1,55.0,54.0
7874,13.4,52.0,200.0
7875,14.4,47.0,400.0
7876,15.0,60.0,600.0
7877,15.9,53.0,746.0
7878,13.3,45.0,800.0
7879,12.8,42.0,746.0
7880,10.0,55.0,600.0
7881,11.3,58.0,400.0
7882,8.0,53.0,200.0
7883,6.1,54.0,54.0
7884,2.7,54.0,0.0
7885,3.3,51.0,54.0
7886,2.3,43.0,200.0
7887,0.0,48.0,400.0
7888,-0.8,55.0,600.0
7889,0.4,54.0,746.0
7890,1.3,50.0,800.0
7891,2.7,49.0,746.0
7892,4.1,52.0,600.0
7893,6.3,50.0,400.0
7894,6.7,51.0,200.0
7895,10.4,52.0,54.0
7896,11.0,47.0,0.0
7897,10.6,55.0,54.0
7898,13.9,50.0,200.0
7899,14.7,54.0,400.0
7900,15.8,52.0,600.0
7901,16.2,59.0,746.0
7902,14.8,54.0,800.0
7903,15.3,53.0,746.0
7904,11.2,53.0,600.0
7905,7.8,62.0,400.0
7906,8.0,51.0,200.0
7907,5.1,52.0,54.0
7908,2.6,52.0,0.0
7909,1.7,42.0,54.0
7910,-0.1,52.0,200.0
7911,-0.9,57.0,400.0
7912,1.0,54.0,600.0
7913,-0.2,59.0,746.0
7914,0.2,55.0,800.0
7915,3.3,54.0,746.0
7916,3.0,56.0,600.0
7917,4.0,53.0,400.0
7918,5.9,50.0,200.0
7919,9.2,51.0,54.0
7920,9.6,40.0,0.0
7921,11.8,59.0,54.0
7922,13.9,51.0,200.0
7923,16.2,46.0,400.0
7924,16.7,50.0,600.0
7925,15.8,60.0,746.0
7926,14.4,52.0,800.0
7927,12.6,53.0,746.0
7928,11.9,62.0,600.0
7929,11.4,56.0,400.0
7930,7.7,50.0,200.0
7931,5.0,43.0,54.0
7932,3.3,55.0,0.0
7933,1.5,48.0,54.0
7934,1.0,55.0,200.0
7935,-1.1,51.0,400.0
7936,-0.3,54.0,600.0
7937,0.1,56.0,746.0
7938,0.6,43.0,800.0
7939,0.4,52.0,746.0
7940,3.0,52.0,600.0
7941,4.5,53.0,400.0
7942,7.0,54.0,200.0
7943,8.5,52.0,54.0
7944,12.3,48.0,0.0
7945,13.0,46.0,54.0
7946,12.4,44.0,200.0
7947,13.6,52.0,400.0
7948,16.4,54.0,600.0
7949,14.8,50.0,746.0
7950,13.8,56.0,800.0
7951,14.1,51.0,746.0
7952,11.2,51.0,600.0
7953,8.2,45.0,400.0
7954,6.2,50.0,200.0
7955,5.9,56.0,54.0
7956,5.4,59.0,0.0
7957,2.5,51.0,54.0
7958,-0.1,56.0,200.0
7959,-0.8,59.0,400.0
7960,-0.8,47.0,600.0
7961,-2.7,53.0,746.0
7962,0.1,53.0,800.0
7963,1.9,57.0,746.0
7964,4.7,48.0,600.0
7965,5.9,53.0,400.0
7966,8.8,51.0,200.0
7967,10.7,54.0,54.0
7968,12.3,58.0,0.0
7969,12.6,59.0,54.0
7970,14.2,58.0,200.0
7971,13.1,47.0,400.0
7972,15.2,50.0,600.0
7973,15.4,57.0,746.0
7974,13.8,55.0,800.0
7975,11.3,51.0,746.0
7976,12.8,47.0,600.0
7977,9.7,32.0,400.0
7978,8.9,44.0,200.0
7979,5.9,51.0,54.0
7980,4.5,51.0,0.0
7981,2.6,54.0,54.0
7982,-0.5,55.0,200.0
7983,-1.2,63.0,400.0
7984,-1.5,48.0,600.0
7985,-1.8,42.0,746.0
7986,1.7,47.0,800.0
7987,1.2,60.0,746.0
7988,3.2,52.0,600.0
7989,3.4,57.0,400.0
7990,7.6,49.0,200.0
7991,8.4,50.0,54.0
7992,12.0,44.0,0.0
7993,11.7,51.0,54.0
7994,15.1,52.0,200.0
7995,15.5,57.0,400.0
7996,14.4,55.0,600.0
7997,16.1,62.0,746.0
7998,15.0,51.0,800.0
7999,13.1,53.0,746.0
8000,10.0,52.0,600.0
8001,9.9,49.0,400.0
8002,7.1,54.0,200.0
8003,5.0,51.0,54.0
8004,3.1,61.0,0.0
8005,1.3,48.0,54.0
8006,-0.9,51.0,200.0
8007,-2.4,46.0,400.0
8008,-2.9,54.0,600.0
8009,-0.7,46.0,746.0
8010,-2.7,52.0,800.0
8011,1.7,46.0,746.0
8012,3.1,47.0,600.0
8013,4.2,49.0,400.0
8014,7.6,56.0,200.0
8015,8.4,52.0,54.0
8016,11.0,52.0,0.0
8017,10.3,55.0,54.0
8018,11.3,49.0,200.0
8019,14.2,43.0,400.0
8020,15.1,47.0,600.0
8021,15.4,51.0,746.0
8022,13.5,52.0,800.0
8023,12.7,55.0,746.0
8024,11.6,52.0,600.0
8025,8.8,58.0,400.0
8026,7.4,54.0,200.0
8027,3.6,45.0,54.0
8028,1.2,40.0,0.0
8029,0.6,47.0,54.0
8030,0.6,53.0,200.0
8031,-1.8,54.0,400.0
8032,-0.7,52.0,600.0
8033,-2.2,53.0,746.0
8034,-1.0,59.0,800.0
8035,1.1,53.0,746.0
8036,1.8,54.0,600.0
8037,3.8,61.0,400.0
8038,3.8,44.0,200.0
8039,9.3,61.0,54.0
8040,10.3,40.0,0.0
8041,11.1,48.0,54.0
8042,15.2,50.0,200.0
8043,13.4,44.0,400.0
8044,14.0,52.0,600.0
8045,13.4,52.0,746.0
8046,14.7,56.0,800.0
8047,13.7,56.0,746.0
8048,12.0,54.0,600.0
8049,10.1,58.0,400.0
8050,6.1,56.0,200.0
8051,6.3,51.0,54.0
8052,2.5,53.0,0.0
8053,-0.6,50.0,54.0
8054,-0.8,47.0,200.0
8055,-0.9,55.0,400.0
8056,-2.2,45.0,600.0
8057,-1.2,52.0,746.0
8058,-0.0,41.0,800.0
8059,1.1,53.0,746.0
8060,2.9,49.0,600.0
8061,4.0,56.0,400.0
8062,5.5,52.0,200.0
8063,6.8,52.0,54.0
8064,10.2,53.0,0.0
8065,11.4,50.0,54.0
8066,13.1,50.0,200.0
8067,12.0,50.0,400.0
8068,12.9,52.0,600.0
8069,14.7,50.0,746.0
8070,11.7,55.0,800.0
8071,12.0,44.0,746.0
8072,9.7,45.0,600.0
8073,7.7,62.0,400.0
8074,6.6,51.0,200.0
8075,4.5,48.0,54.0
8076,3.0,53.0,0.0
8077,-0.3,57.0,54.0
8078,-1.4,56.0,200.0
8079,-0.3,49.0,400.0
8080,-1.9,50.0,600.0
8081,-1.1,51.0,746.0
8082,-1.2,55.0,800.0
8083,0.9,53.0,746.0
8084,-0.4,48.0,600.0
8085,5.2,50.0,400.0
8086,5.6,52.0,200.0
8087,6.9,60.0,54.0
8088,9.0,52.0,0.0
8089,11.5,70.0,54.0
8090,12.9,52.0,200.0
8091,14.0,45.0,400.0
8092,13.0,55.0,600.0
8093,14.8,58.0,746.0
8094,12.7,55.0,800.0
8095,11.4,54.0,746.0
8096,10.1,51.0,600.0
8097,9.1,52.0,400.0
8098,6.3,42.0,200.0
8099,3.7,57.0,54.0
8100,2.0,51.0,0.0
8101,1.8,59.0,54.0
8102,0.4,51.0,200.0
8103,-1.2,53.0,400.0
8104,-1.7,59.0,600.0
8105,0.7,60.0,746.0
8106,-0.5,57.0,800.0
8107,0.5,44.0,746.0
8108,1.7,47.0,600.0
8109,4.2,57.0,400.0
8110,2.8,50.0,200.0
8111,9.0,54.0,54.0
8112,8.6,54.0,0.0
8113,10.9,55.0,54.0
8114,11.5,48.0,200.0
8115,13.0,58.0,400.0
8116,13.7,51.0,600.0
8117,14.7,56.0,746.0
8118,14.3,52.0,800.0
8119,13.7,63.0,746.0
8120,10.3,61.0,600.0
8121,8.0,64.0,400.0
8122,7.0,62.0,200.0
8123,3.2,53.0,54.0
8124,1.2,51.0,0.0
8125,0.1,48.0,54.0
8126,-0.9,55.0,200.0
8127,-3.8,54.0,400.0
8128,-1.0,53.0,600.0
8129,-1.6,49.0,746.0
8130,-0.3,55.0,800.0
8131,-1.4,52.0,746.0
8132,1.1,51.0,600.0
8133,2.9,54.0,400.0
8134,5.5,53.0,200.0
8135,7.8,46.0,54.0
8136,10.6,50.0,0.0
8137,11.5,56.0,54.0
8138,12.0,53.0,200.0
8139,15.7,44.0,400.0
8140,13.6,57.0,600.0
8141,12.7,53.0,746.0
8142,11.0,48.0,800.0
8143,11.7,50.0,746.0
8144,10.7,54.0,600.0
8145,6.9,43.0,400.0
8146,6.6,56.0,200.0
8147,4.0,59.0,54.0
8148,0.2,58.0,0.0
8149,0.9,59.0,54.0
8150,-1.3,50.0,200.0
8151,-3.0,59.0,400.0
8152,-1.3,55.0,600.0
8153,-1.1,49.0,746.0
8154,-2.4,56.0,800.0
8155,0.3,56.0,746.0
8156,1.8,61.0,600.0
8157,3.4,60.0,400.0
8158,5.0,50.0,200.0
8159,7.5,55.0,54.0
8160,10.5,55.0,0.0
8161,11.6,55.0,54.0
8162,10.6,52.0,200.0
8163,11.2,63.0,400.0
8164,11.8,51.0,600.0
8165,12.1,62.0,746.0
8166,11.9,47.0,800.0
8167,11.0,52.0,746.0
8168,9.8,58.0,600.0
8169,7.9,49.0,400.0
8170,5.8,50.0,200.0
8171,4.9,57.0,54.0
8172,0.1,45.0,0.0
8173,0.4,59.0,54.0
8174,-0.9,61.0,200.0
8175,-3.3,61.0,400.0
8176,-1.9,56.0,600.0
8177,-1.8,52.0,746.0
8178,-1.5,52.0,800.0
8179,-2.6,55.0,746.0
8180,2.4,55.0,600.0
8181,3.5,52.0,400.0
8182,5.8,62.0,200.0
8183,4.1,53.0,54.0
8184,8.9,61.0,0.0
8185,9.6,54.0,54.0
8186,13.7,54.0,200.0
8187,12.1,57.0,400.0
8188,15.0,57.0,600.0
8189,14.2,53.0,746.0
8190,12.7,57.0,800.0
8191,12.4,57.0,746.0
8192,8.7,62.0,600.0
8193,7.0,54.0,400.0
8194,6.6,50.0,200.0
8195,2.6,51.0,54.0
8196,0.3,66.0,0.0
8197,-0.4,45.0,54.0
8198,-2.3,48.0,200.0
8199,-0.4,54.0,400.0
8200,-1.8,51.0,600.0
8201,-2.9,58.0,746.0
8202,-2.6,58.0,800.0
8203,-0.0,51.0,746.0
8204,2.4,62.0,600.0
8205,3.4,49.0,400.0
8206,4.2,51.0,200.0
8207,5.8,62.0,54.0
8208,8.8,48.0,0.0
8209,11.2,56.0,54.0
8210,11.7,62.0,200.0
8211,14.0,41.0,400.0
8212,13.9,53.0,600.0
8213,13.4,59.0,746.0
8214,12.9,53.0,800.0
8215,9.7,55.0,746.0
8216,9.0,55.0,600.0
8217,6.5,56.0,400.0
8218,5.9,50.0,200.0
8219,2.4,58.0,54.0
8220,1.5,56.0,0.0
8221,-0.4,49.0,54.0
8222,-1.0,52.0,200.0
8223,-3.6,47.0,400.0
8224,-2.3,55.0,600.0
8225,-3.6,57.0,746.0
8226,-2.7,55.0,800.0
8227,-0.7,57.0,746.0
8228,2.3,55.0,600.0
8229,2.1,58.0,400.0
8230,3.3,54.0,200.0
8231,6.2,58.0,54.0
8232,8.7,48.0,0.0
8233,12.6,47.0,54.0
8234,12.4,55.0,200.0
8235,12.1,58.0,400.0
8236,13.0,53.0,600.0
8237,14.5,58.0,746.0
8238,11.9,56.0,800.0
8239,10.7,44.0,746.0
8240,8.9,66.0,600.0
8241,8.1,48.0,400.0
8242,4.8,50.0,200.0
8243,4.1,60.0,54.0
8244,2.3,55.0,0.0
8245,0.2,51.0,54.0
8246,-2.0,52.0,200.0
8247,-4.0,50.0,400.0
8248,-3.1,51.0,600.0
8249,-3.4,59.0,746.0
8250,-2.7,52.0,800.0
8251,-1.0,49.0,746.0
8252,1.4,51.0,600.0
8253,2.2,54.0,400.0
8254,3.5,51.0,200.0
8255,6.0,53.0,54.0
8256,10.6,56.0,0.0
8257,11.1,52.0,54.0
8258,10.9,50.0,200.0
8259,14.0,51.0,400.0
8260,12.8,62.0,600.0
8261,15.0,66.0,746.0
8262,12.3,55.0,800.0
8263,11.3,58.0,746.0
8264,10.0,50.0,600.0
8265,8.7,52.0,400.0
8266,4.7,57.0,200.0
8267,4.5,43.0,54.0
8268,0.5,59.0,0.0
8269,-0.9,52.0,54.0
8270,-1.9,49.0,200.0
8271,-1.8,57.0,400.0
8272,-3.4,62.0,600.0
8273,-1.2,53.0,746.0
8274,-0.8,56.0,800.0
8275,-0.9,57.0,746.0
8276,-0.2,56.0,600.0
8277,3.6,50.0,400.0
8278,2.6,56.0,200.0
8279,7.5,56.0,54.0
8280,7.9,41.0,0.0
8281,11.6,59.0,54.0
8282,10.3,47.0,200.0
8283,11.9,56.0,400.0
8284,13.3,63.0,600.0
8285,13.2,54.0,746.0
8286,11.2,50.0,800.0
8287,10.3,58.0,746.0
8288,9.9,62.0,600.0
8289,8.1,49.0,400.0
8290,4.6,43.0,200.0
8291,2.3,61.0,54.0
8292,-0.4,59.0,0.0
8293,-0.5,57.0,54.0
8294,-1.3,46.0,200.0
8295,-2.8,58.0,400.0
8296,-4.2,60.0,600.0
8297,-1.3,66.0,746.0
8298,-4.4,54.0,800.0
8299,-0.2,56.0,746.0
8300,0.8,44.0,600.0
8301,2.9,60.0,400.0
8302,3.7,60.0,200.0
8303,6.4,57.0,54.0
8304,8.8,61.0,0.0
8305,10.1,51.0,54.0
8306,9.7,54.0,200.0
8307,14.1,54.0,400.0
8308,13.3,61.0,600.0
8309,12.5,61.0,746.0
8310,11.8,57.0,800.0
8311,12.1,57.0,746.0
8312,8.0,58.0,600.0
8313,5.9,54.0,400.0
8314,5.7,62.0,200.0
8315,3.2,53.0,54.0
8316,-0.2,57.0,0.0
8317,0.2,52.0,54.0
8318,-2.0,60.0,200.0
8319,-4.0,55.0,400.0
8320,-2.9,66.0,600.0
8321,-2.9,55.0,746.0
8322,-2.6,60.0,800.0
8323,-0.9,52.0,746.0
8324,1.0,54.0,600.0
8325,3.2,55.0,400.0
8326,4.4,57.0,200.0
8327,6.1,52.0,54.0
8328,8.6,53.0,0.0
8329,11.2,56.0,54.0
8330,12.0,57.0,200.0
8331,11.8,55.0,400.0
8332,12.5,55.0,600.0
8333,13.9,49.0,746.0
8334,12.2,58.0,800.0
8335,10.4,60.0,746.0
8336,9.8,60.0,600.0
8337,6.2,56.0,400.0
8338,5.0,53.0,200.0
8339,4.4,54.0,54.0
8340,1.2,56.0,0.0
8341,0.5,55.0,54.0
8342,-2.5,51.0,200.0
8343,-3.7,47.0,400.0
8344,-2.4,53.0,600.0
8345,-5.2,54.0,746.0
8346,-2.5,57.0,800.0
8347,-0.4,54.0,746.0
8348,0.8,54.0,600.0
8349,0.0,56.0,400.0
8350,2.8,63.0,200.0
8351,6.1,55.0,54.0
8352,8.7,48.0,0.0
8353,10.4,52.0,54.0
8354,11.2,65.0,200.0
8355,12.7,63.0,400.0
8356,12.7,60.0,600.0
8357,12.0,59.0,746.0
8358,11.9,59.0,800.0
8359,9.4,55.0,746.0
8360,9.1,60.0,600.0
8361,5.7,60.0,400.0
8362,4.9,60.0,200.0
8363,2.8,53.0,54.0
8364,0.1,54.0,0.0
8365,-0.6,53.0,54.0
8366,-1.0,61.0,200.0
8367,-4.5,57.0,400.0
8368,-2.8,58.0,600.0
8369,-2.5,59.0,746.0
8370,-3.0,49.0,800.0
8371,-0.8,60.0,746.0
8372,-0.2,53.0,600.0
8373,3.2,54.0,400.0
8374,1.3,52.0,200.0
8375,7.5,56.0,54.0
8376,6.9,56.0,0.0
8377,9.8,49.0,54.0
8378,10.2,47.0,200.0
8379,13.3,55.0,400.0
8380,11.9,60.0,600.0
8381,11.4,60.0,746.0
8382,12.3,61.0,800.0
8383,10.6,55.0,746.0
8384,7.9,54.0,600.0
8385,5.4,55.0,400.0
8386,3.2,60.0,200.0
8387,3.5,64.0,54.0
8388,0.7,54.0,0.0
8389,-1.3,55.0,54.0
8390,-2.3,56.0,200.0
8391,-5.6,55.0,400.0
8392,-4.3,53.0,600.0
8393,-4.0,55.0,746.0
8394,-2.0,52.0,800.0
8395,-3.2,60.0,746.0
8396,0.9,63.0,600.0
8397,3.6,55.0,400.0
8398,2.1,64.0,200.0
8399,5.9,56.0,54.0
8400,8.3,53.0,0.0
8401,10.4,60.0,54.0
8402,8.7,52.0,200.0
8403,12.0,59.0,400.0
8404,11.8,57.0,600.0
8405,11.5,54.0,746.0
8406,13.0,54.0,800.0
8407,9.5,52.0,746.0
8408,8.6,61.0,600.0
8409,6.1,55.0,400.0
8410,4.4,58.0,200.0
8411,2.6,56.0,54.0
8412,1.0,55.0,0.0
8413,-2.4,58.0,54.0
8414,-2.8,59.0,200.0
8415,-3.6,57.0,400.0
8416,-5.8,55.0,600.0
8417,-4.8,51.0,746.0
8418,-2.3,53.0,800.0
8419,-2.4,55.0,746.0
8420,2.3,56.0,600.0
8421,2.6,48.0,400.0
8422,4.1,59.0,200.0
8423,7.2,58.0,54.0
8424,8.4,54.0,0.0
8425,9.5,52.0,54.0
8426,9.2,53.0,200.0
8427,12.1,50.0,400.0
8428,13.2,55.0,600.0
8429,11.0,56.0,746.0
8430,9.0,61.0,800.0
8431,8.5,59.0,746.0
8432,9.7,63.0,600.0
8433,6.1,57.0,400.0
8434,5.4,52.0,200.0
8435,1.9,65.0,54.0
8436,-0.6,55.0,0.0
8437,0.3,49.0,54.0
8438,-3.5,58.0,200.0
8439,-4.2,49.0,400.0
8440,-3.8,56.0,600.0
8441,-4.4,54.0,746.0
8442,-2.5,59.0,800.0
8443,-1.6,61.0,746.0
8444,0.0,55.0,600.0
8445,0.8,55.0,400.0
8446,1.8,60.0,200.0
8447,4.7,53.0,54.0
8448,6.7,57.0,0.0
8449,9.5,59.0,54.0
8450,9.7,53.0,200.0
8451,9.8,55.0,400.0
8452,10.5,57.0,600.0
8453,11.8,63.0,746.0
8454,11.3,51.0,800.0
8455,8.9,56.0,746.0
8456,7.4,64.0,600.0
8457,6.5,62.0,400.0
8458,3.9,55.0,200.0
8459,2.9,56.0,54.0
8460,-0.4,59.0,0.0
8461,-2.8,59.0,54.0
8462,-2.2,64.0,200.0
8463,-4.4,62.0,400.0
8464,-5.2,50.0,600.0
8465,-3.3,49.0,746.0
8466,-2.0,54.0,800.0
8467,-2.1,48.0,746.0
8468,-1.7,63.0,600.0
8469,2.8,49.0,400.0
8470,3.7,55.0,200.0
8471,5.6,53.0,54.0
8472,6.9,49.0,0.0
8473,10.1,63.0,54.0
8474,9.2,54.0,200.0
8475,9.9,66.0,400.0
8476,13.4,64.0,600.0
8477,10.4,57.0,746.0
8478,11.4,47.0,800.0
8479,10.6,55.0,746.0
8480,7.8,68.0,600.0
8481,4.8,59.0,400.0
8482,4.2,56.0,200.0
8483,2.9,54.0,54.0
8484,-0.1,61.0,0.0
8485,-2.9,59.0,54.0
8486,-3.1,58.0,200.0
8487,-5.7,63.0,400.0
8488,-5.6,63.0,600.0
8489,-4.7,59.0,746.0
8490,-3.6,49.0,800.0
8491,-3.6,52.0,746.0
8492,-0.6,54.0,600.0
8493,1.6,57.0,400.0
8494,2.9,65.0,200.0
8495,3.1,67.0,54.0
8496,7.3,59.0,0.0
8497,10.6,60.0,54.0
8498,10.6,50.0,200.0
8499,11.0,55.0,400.0
8500,10.9,54.0,600.0
8501,11.6,54.0,746.0
8502,10.5,60.0,800.0
8503,9.8,55.0,746.0
8504,6.3,48.0,600.0
8505,5.6,61.0,400.0
8506,3.0,63.0,200.0
8507,1.7,59.0,54.0
8508,-2.5,56.0,0.0
8509,-2.7,53.0,54.0
8510,-3.1,53.0,200.0
8511,-3.8,63.0,400.0
8512,-4.8,54.0,600.0
8513,-6.7,67.0,746.0
8514,-3.2,62.0,800.0
8515,-1.0,59.0,746.0
8516,-1.8,71.0,600.0
8517,0.5,64.0,400.0
8518,3.8,55.0,200.0
8519,5.9,52.0,54.0
8520,8.1,55.0,0.0
8521,9.7,57.0,54.0
8522,8.4,54.0,200.0
8523,10.3,52.0,400.0
8524,11.7,59.0,600.0
8525,10.8,62.0,746.0
8526,10.5,67.0,800.0
8527,8.8,58.0,746.0
8528,6.8,61.0,600.0
8529,5.1,48.0,400.0
8530,2.1,62.0,200.0
8531,0.5,53.0,54.0
8532,-0.8,59.0,0.0
8533,-2.5,57.0,54.0
8534,-3.2,56.0,200.0
8535,-4.9,50.0,400.0
8536,-3.3,54.0,600.0
8537,-3.5,53.0,746.0
8538,-4.5,55.0,800.0
8539,-2.6,64.0,746.0
8540,0.1,56.0,600.0
8541,0.1,54.0,400.0
8542,2.1,61.0,200.0
8543,6.2,59.0,54.0
8544,7.5,68.0,0.0
8545,9.6,63.0,54.0
8546,10.1,48.0,200.0
8547,10.4,62.0,400.0
8548,9.6,61.0,600.0
8549,10.9,66.0,746.0
8550,11.2,57.0,800.0
8551,10.0,63.0,746.0
8552,8.2,56.0,600.0
8553,6.0,59.0,400.0
8554,5.3,53.0,200.0
8555,-0.5,51.0,54.0
8556,-0.7,62.0,0.0
8557,-3.6,58.0,54.0
8558,-2.4,51.0,200.0
8559,-5.4,62.0,400.0
8560,-4.1,44.0,600.0
8561,-5.4,54.0,746.0
8562,-3.7,50.0,800.0
8563,-3.1,64.0,746.0
8564,-1.3,56.0,600.0
8565,0.9,58.0,400.0
8566,3.6,59.0,200.0
8567,4.6,62.0,54.0
8568,7.5,61.0,0.0
8569,9.4,62.0,54.0
8570,9.2,57.0,200.0
8571,12.4,62.0,400.0
8572,11.5,55.0,600.0
8573,10.1,56.0,746.0
8574,10.4,50.0,800.0
8575,9.6,66.0,746.0
8576,7.5,53.0,600.0
8577,5.2,65.0,400.0
8578,-0.5,61.0,200.0
8579,-0.1,59.0,54.0
8580,-0.4,60.0,0.0
8581,-3.8,53.0,54.0
8582,-3.6,66.0,200.0
8583,-4.1,56.0,400.0
8584,-5.4,63.0,600.0
8585,-6.8,55.0,746.0
8586,-5.1,51.0,800.0
8587,-2.4,68.0,746.0
8588,-0.2,55.0,600.0
8589,-1.7,60.0,400.0
8590,2.5,43.0,200.0
8591,3.1,58.0,54.0
8592,6.6,61.0,0.0
8593,8.0,59.0,54.0
8594,11.8,58.0,200.0
8595,9.8,57.0,400.0
8596,11.7,63.0,600.0
8597,11.4,52.0,746.0
8598,9.4,57.0,800.0
8599,8.5,65.0,746.0
8600,6.8,51.0,600.0
8601,4.1,58.0,400.0
8602,1.9,53.0,200.0
8603,0.3,60.0,54.0
8604,-2.4,58.0,0.0
8605,-3.5,54.0,54.0
8606,-4.5,58.0,200.0
8607,-5.0,59.0,400.0
8608,-5.0,55.0,600.0
8609,-5.4,56.0,746.0
8610,-5.3,55.0,800.0
8611,-2.9,47.0,746.0
8612,-0.9,63.0,600.0
8613,-0.2,64.0,400.0
8614,1.3,50.0,200.0
8615,3.9,64.0,54.0
8616,6.1,60.0,0.0
8617,9.1,53.0,54.0
8618,10.0,57.0,200.0
8619,10.1,55.0,400.0
8620,12.3,63.0,600.0
8621,10.2,54.0,746.0
8622,10.9,69.0,800.0
8623,9.4,64.0,746.0
8624,7.7,52.0,600.0
8625,5.0,67.0,400.0
8626,2.7,62.0,200.0
8627,0.5,58.0,54.0
8628,-0.6,62.0,0.0
8629,-3.9,63.0,54.0
8630,-4.7,55.0,200.0
8631,-3.6,63.0,400.0
8632,-5.0,56.0,600.0
8633,-4.5,63.0,746.0
8634,-5.9,58.0,800.0
8635,-3.9,54.0,746.0
8636,-1.5,62.0,600.0
8637,0.0,57.0,400.0
8638,0.9,59.0,200.0
8639,5.0,61.0,54.0
8640,7.2,66.0,0.0
8641,7.5,57.0,54.0
8642,9.9,54.0,200.0
8643,12.0,67.0,400.0
8644,11.8,59.0,600.0
8645,9.8,56.0,746.0
8646,8.2,61.0,800.0
8647,8.3,57.0,746.0
8648,8.8,57.0,600.0
8649,5.8,72.0,400.0
8650,2.4,54.0,200.0
8651,1.9,52.0,54.0
8652,-0.4,65.0,0.0
8653,-5.2,57.0,54.0
8654,-3.6,60.0,200.0
8655,-5.4,62.0,400.0
8656,-6.7,50.0,600.0
8657,-5.5,65.0,746.0
8658,-4.4,56.0,800.0
8659,-4.4,68.0,746.0
8660,-2.1,55.0,600.0
8661,-0.4,67.0,400.0
8662,2.8,68.0,200.0
8663,3.7,57.0,54.0
8664,4.3,58.0,0.0
8665,7.2,57.0,54.0
8666,8.0,67.0,200.0
8667,8.5,60.0,400.0
8668,11.3,62.0,600.0
8669,10.7,58.0,746.0
8670,8.2,61.0,800.0
8671,6.6,62.0,746.0
8672,6.1,56.0,600.0
8673,3.0,68.0,400.0
8674,2.0,58.0,200.0
8675,0.3,64.0,54.0
8676,-1.5,53.0,0.0
8677,-3.1,63.0,54.0
8678,-5.6,64.0,200.0
8679,-5.6,60.0,400.0
8680,-4.7,65.0,600.0
8681,-7.8,56.0,746.0
8682,-4.7,62.0,800.0
8683,-5.0,52.0,746.0
8684,-0.8,60.0,600.0
8685,0.6,55.0,400.0
8686,2.6,59.0,200.0
8687,3.0,66.0,54.0
8688,6.1,68.0,0.0
8689,7.9,53.0,54.0
8690,6.4,65.0,200.0
8691,9.8,66.0,400.0
8692,10.6,61.0,600.0
8693,8.3,66.0,746.0
8694,9.6,57.0,800.0
8695,7.8,57.0,746.0
8696,7.5,57.0,600.0
8697,3.8,63.0,400.0
8698,2.3,59.0,200.0
8699,0.4,56.0,54.0
8700,-4.7,56.0,0.0
8701,-4.0,59.0,54.0
8702,-4.9,55.0,200.0
8703,-8.2,63.0,400.0
8704,-5.5,65.0,600.0
8705,-5.8,64.0,746.0
8706,-5.1,74.0,800.0
8707,-3.2,61.0,746.0
8708,-2.7,68.0,600.0
8709,-0.4,60.0,400.0
8710,2.5,58.0,200.0
8711,3.8,60.0,54.0
8712,3.8,60.0,0.0
8713,7.4,59.0,54.0
8714,8.7,54.0,200.0
8715,10.4,55.0,400.0
8716,9.4,65.0,600.0
8717,8.6,64.0,746.0
8718,7.8,68.0,800.0
8719,9.0,58.0,746.0
8720,6.2,57.0,600.0
8721,5.4,54.0,400.0
8722,3.5,65.0,200.0
8723,-0.9,55.0,54.0
8724,-2.9,59.0,0.0
8725,-3.9,61.0,54.0
8726,-4.5,52.0,200.0
8727,-7.4,64.0,400.0
8728,-5.8,65.0,600.0
8729,-5.7,61.0,746.0
8730,-6.5,59.0,800.0
8731,-5.2,60.0,746.0
8732,-2.0,67.0,600.0
8733,1.5,60.0,400.0
8734,1.2,60.0,200.0
8735,3.9,56.0,54.0
8736,4.9,46.0,0.0
8737,7.4,65.0,54.0
8738,7.8,60.0,200.0
8739,9.1,55.0,400.0
8740,12.1,70.0,600.0
8741,9.5,62.0,746.0
8742,7.1,59.0,800.0
8743,8.0,65.0,746.0
8744,6.9,62.0,600.0
8745,4.5,62.0,400.0
8746,1.6,57.0,200.0
8747,-1.2,63.0,54.0
8748,-3.2,65.0,0.0
8749,-4.1,57.0,54.0
8750,-5.6,50.0,200.0
8751,-6.7,65.0,400.0
8752,-5.2,63.0,600.0
8753,-5.3,64.0,746.0
8754,-4.2,60.0,800.0
8755,-5.1,65.0,746.0
8756,-3.6,57.0,600.0
8757,-0.7,59.0,400.0
8758,1.7,55.0,200.0
8759,3.5,66.0,54.0
