hour,zone_temp_C,zone_rh_pct,co2_ppm,occupancy_frac,hvac_power_kw,hvac_power_kw_na,lighting_kw,pmv,ppd_pct,ashrae55_ok,outdoor_temp_C,peak_demand_kw
0,22.33,62.0,400.0,0.24,260.0,198.38,0.97,0.167,94.4,1,33.25,260.97
1,23.27,59.3,400.0,0.21,327.29,249.72,0.39,-0.067,95.0,1,34.93,327.68
2,23.52,62.0,400.0,0.26,390.0,297.57,0.49,-0.068,95.0,1,36.23,390.49
3,23.81,59.8,400.0,0.1,443.85,338.66,0.55,0.103,94.6,1,37.07,444.4
4,23.68,59.1,400.0,0.22,485.17,370.18,0.26,0.351,93.7,1,37.38,485.43
5,25.22,56.8,400.0,0.21,511.14,390.0,0.7,0.232,94.2,1,37.15,511.84
6,25.14,52.4,400.0,0.14,520.0,396.76,0.96,0.801,91.2,0,36.39,520.96
7,24.56,54.2,428.0,0.13,511.14,390.0,0.16,0.478,93.1,1,35.15,511.31
8,24.9,51.9,951.0,1.0,630.72,481.24,10.95,0.293,94.0,1,33.52,641.67
9,24.22,42.3,962.0,1.0,577.0,440.25,10.27,0.199,94.3,1,31.6,587.28
10,23.15,45.3,1002.0,1.0,507.0,386.84,10.62,0.416,93.4,1,29.53,517.62
11,22.1,43.5,951.0,1.0,425.48,324.64,10.47,0.347,93.8,1,27.45,435.95
12,21.83,41.6,1004.0,1.0,338.0,257.89,10.42,-0.089,95.1,1,25.49,348.42
13,21.99,41.4,965.0,1.0,425.48,324.64,10.07,-0.086,95.1,1,23.8,435.55
14,20.89,39.2,1013.0,1.0,507.0,386.84,10.35,-0.15,95.2,1,22.48,517.35
15,20.13,40.6,981.0,1.0,577.0,440.25,10.12,-0.262,95.3,1,21.63,587.12
16,19.67,44.6,986.0,1.0,630.72,481.24,10.81,-0.298,95.3,1,21.3,641.53
17,18.74,39.3,1020.0,1.0,664.48,507.0,10.25,-0.271,95.3,1,21.52,674.73
18,18.82,45.6,1001.0,1.0,676.0,515.79,10.86,-0.374,95.3,1,22.26,686.86
19,19.2,46.3,400.0,0.15,511.14,390.0,0.2,-0.582,95.1,1,23.49,511.34
20,19.44,48.5,402.0,0.06,485.17,370.18,0.36,-0.495,95.2,1,25.11,485.52
21,19.42,54.7,400.0,0.17,443.85,338.66,0.0,-0.653,95.0,1,27.01,443.85
22,20.02,54.7,400.0,0.12,390.0,297.57,0.8,-0.212,95.2,1,29.07,390.8
23,21.27,56.3,400.0,0.04,327.29,249.72,0.88,-0.105,95.1,1,31.14,328.17
24,21.84,58.7,400.0,0.22,260.0,198.38,0.49,-0.095,95.1,1,33.08,260.49
25,22.73,57.3,406.0,0.26,327.29,249.72,0.59,0.189,94.4,1,34.76,327.88
26,23.5,62.5,400.0,0.12,390.0,297.57,0.16,0.163,94.4,1,36.06,390.16
27,24.92,60.9,454.0,0.24,443.85,338.66,0.37,0.187,94.4,1,36.9,444.22
28,24.47,57.6,451.0,0.24,485.17,370.18,0.03,0.68,92.0,1,37.21,485.2
29,25.25,56.4,400.0,0.23,511.14,390.0,0.94,0.374,93.6,1,36.98,512.08
30,24.58,55.5,425.0,0.16,520.0,396.76,0.85,0.482,93.1,1,36.22,520.85
31,25.7,54.8,400.0,0.18,511.14,390.0,0.86,0.617,92.4,1,34.98,512.0
32,25.59,48.7,987.0,1.0,630.72,481.24,10.22,0.23,94.2,1,33.35,640.93
33,24.04,46.2,1000.0,1.0,577.0,440.25,10.52,0.391,93.6,1,31.43,587.52
34,23.0,46.5,972.0,1.0,507.0,386.84,10.31,0.066,94.7,1,29.36,517.31
35,22.04,42.1,974.0,1.0,425.48,324.64,10.2,0.25,94.1,1,27.27,435.68
36,22.22,40.9,1060.0,1.0,338.0,257.89,10.25,0.433,93.4,1,25.32,348.25
37,21.21,41.1,998.0,1.0,425.48,324.64,10.85,0.067,94.7,1,23.63,436.33
38,21.34,36.9,1015.0,1.0,507.0,386.84,10.29,0.002,94.9,1,22.31,517.29
39,20.17,41.9,1021.0,1.0,577.0,440.25,10.74,-0.244,95.2,1,21.46,587.75
40,19.21,39.8,973.0,1.0,630.72,481.24,10.65,-0.085,95.1,1,21.13,641.36
41,19.71,46.5,958.0,1.0,664.48,507.0,10.09,-0.888,94.4,0,21.35,674.58
42,18.11,48.3,1048.0,1.0,676.0,515.79,10.19,-0.434,95.3,1,22.09,686.19
43,19.24,49.8,406.0,0.14,511.14,390.0,0.88,-0.288,95.3,1,23.32,512.02
44,19.6,48.0,400.0,0.09,485.17,370.18,0.29,-0.486,95.2,1,24.94,485.46
45,20.29,50.0,412.0,0.07,443.85,338.66,0.2,-0.222,95.2,1,26.84,444.05
46,20.4,54.1,412.0,0.08,390.0,297.57,0.44,-0.36,95.3,1,28.9,390.44
47,21.32,58.4,430.0,0.13,327.29,249.72,0.96,0.156,94.5,1,30.96,328.25
48,21.91,60.1,426.0,0.08,260.0,198.38,0.54,0.002,94.9,1,32.9,260.54
49,23.21,59.2,400.0,0.09,327.29,249.72,0.12,0.083,94.7,1,34.58,327.41
50,24.05,55.1,400.0,0.24,390.0,297.57,0.19,0.116,94.6,1,35.89,390.19
51,23.88,60.1,441.0,0.22,443.85,338.66,0.01,0.373,93.6,1,36.72,443.86
52,25.15,55.8,400.0,0.01,485.17,370.18,0.46,0.739,91.6,0,37.04,485.63
53,24.49,57.9,403.0,0.13,511.14,390.0,0.36,0.719,91.7,0,36.81,511.51
54,25.07,55.4,400.0,0.11,520.0,396.76,0.54,0.337,93.8,1,36.05,520.54
55,25.54,51.0,400.0,0.12,511.14,390.0,0.18,0.51,93.0,1,34.81,511.32
56,24.57,54.0,978.0,1.0,630.72,481.24,10.15,0.533,92.8,1,33.17,640.87
57,24.08,48.0,966.0,1.0,577.0,440.25,10.94,0.318,93.9,1,31.26,587.94
58,23.8,46.8,1017.0,1.0,507.0,386.84,10.58,0.295,94.0,1,29.19,517.58
59,21.46,45.4,942.0,1.0,425.48,324.64,10.7,0.374,93.6,1,27.1,436.18
60,21.86,40.1,1036.0,1.0,338.0,257.89,10.45,-0.016,94.9,1,25.15,348.45
61,21.25,41.0,989.0,1.0,425.48,324.64,10.38,-0.032,95.0,1,23.46,435.87
62,20.61,37.1,1024.0,1.0,507.0,386.84,10.01,-0.028,95.0,1,22.14,517.01
63,20.21,40.0,980.0,1.0,577.0,440.25,10.32,-0.199,95.2,1,21.29,587.32
64,19.61,39.7,978.0,1.0,630.72,481.24,10.97,-0.395,95.3,1,20.96,641.69
65,19.95,42.4,989.0,1.0,664.48,507.0,10.16,-0.19,95.2,1,21.17,674.64
66,20.11,44.3,987.0,1.0,676.0,515.79,10.6,-0.638,95.0,1,21.92,686.6
67,19.29,45.4,400.0,0.04,511.14,390.0,0.22,-0.806,94.6,0,23.15,511.36
68,19.32,51.4,400.0,0.21,485.17,370.18,0.93,-0.359,95.3,1,24.76,486.1
69,20.75,53.1,400.0,0.28,443.85,338.66,0.09,0.034,94.8,1,26.67,443.94
70,20.62,54.4,407.0,0.19,390.0,297.57,0.43,0.193,94.4,1,28.72,390.43
71,21.16,61.8,413.0,0.03,327.29,249.72,0.02,-0.298,95.3,1,30.79,327.31
72,22.66,56.2,436.0,0.27,260.0,198.38,0.15,-0.103,95.1,1,32.73,260.15
73,23.05,57.0,403.0,0.09,327.29,249.72,0.88,-0.205,95.2,1,34.41,328.17
74,24.19,62.9,419.0,0.27,390.0,297.57,0.12,0.283,94.0,1,35.72,390.12
75,24.04,61.6,443.0,0.1,443.85,338.66,0.81,0.502,93.0,1,36.55,444.65
76,24.73,61.2,400.0,0.25,485.17,370.18,0.17,0.25,94.2,1,36.87,485.34
77,25.6,60.3,419.0,0.24,511.14,390.0,0.15,0.404,93.5,1,36.64,511.29
78,24.17,58.2,400.0,0.08,520.0,396.76,0.92,0.777,91.4,0,35.88,520.92
79,24.95,51.4,400.0,0.15,511.14,390.0,0.46,0.881,90.6,0,34.64,511.6
80,25.39,50.2,1002.0,1.0,630.72,481.24,10.31,0.61,92.4,1,33.0,641.03
81,24.29,49.3,914.0,1.0,577.0,440.25,10.93,0.254,94.1,1,31.09,587.94
82,24.33,42.8,992.0,1.0,507.0,386.84,10.8,0.609,92.4,1,29.02,517.8
83,22.7,41.9,977.0,1.0,425.48,324.64,10.58,0.243,94.2,1,26.93,436.06
84,22.42,45.2,956.0,1.0,338.0,257.89,10.27,-0.069,95.0,1,24.98,348.27
85,21.38,38.2,1020.0,1.0,425.48,324.64,10.93,-0.245,95.2,1,23.28,436.41
86,19.99,41.0,978.0,1.0,507.0,386.84,10.43,-0.699,94.9,1,21.97,517.43
87,20.02,40.4,1015.0,1.0,577.0,440.25,10.11,-0.003,94.9,1,21.11,587.12
88,19.49,42.0,1023.0,1.0,630.72,481.24,10.92,0.09,94.7,1,20.79,641.64
89,19.1,40.1,1025.0,1.0,664.48,507.0,10.65,-0.484,95.2,1,21.0,675.13
90,18.88,45.6,1070.0,1.0,676.0,515.79,10.9,-0.368,95.3,1,21.75,686.9
91,20.13,43.6,400.0,0.28,511.14,390.0,0.48,-0.491,95.2,1,22.97,511.62
92,19.39,48.9,400.0,0.29,485.17,370.18,0.71,-0.387,95.3,1,24.59,485.88
93,20.38,51.9,464.0,0.03,443.85,338.66,0.07,-0.566,95.1,1,26.5,443.91
94,20.77,55.1,400.0,0.05,390.0,297.57,0.28,-0.155,95.2,1,28.55,390.28
95,21.98,59.2,400.0,0.02,327.29,249.72,0.43,0.255,94.1,1,30.62,327.72
96,23.21,56.7,426.0,0.27,260.0,198.38,0.13,-0.003,94.9,1,32.56,260.13
97,23.9,61.4,400.0,0.27,327.29,249.72,0.92,0.067,94.7,1,34.24,328.21
98,23.59,62.8,400.0,0.01,390.0,297.57,0.55,0.474,93.2,1,35.54,390.55
99,24.76,58.3,427.0,0.24,443.85,338.66,0.25,0.223,94.2,1,36.38,444.1
100,25.55,55.6,400.0,0.09,485.17,370.18,0.58,0.379,93.6,1,36.7,485.75
101,25.11,56.8,400.0,0.03,511.14,390.0,0.01,0.417,93.4,1,36.47,511.15
102,25.87,57.7,400.0,0.27,520.0,396.76,0.79,0.404,93.5,1,35.7,520.79
103,25.28,55.6,400.0,0.07,511.14,390.0,0.42,0.312,93.9,1,34.47,511.56
104,24.33,49.0,949.0,1.0,630.72,481.24,10.18,0.599,92.5,1,32.83,640.89
105,25.49,48.2,1050.0,1.0,577.0,440.25,10.82,0.658,92.1,1,30.91,587.82
106,23.02,46.9,952.0,1.0,507.0,386.84,10.59,0.423,93.4,1,28.84,517.59
107,22.47,45.3,984.0,1.0,425.48,324.64,10.1,0.547,92.8,1,26.76,435.58
108,22.15,43.1,1023.0,1.0,338.0,257.89,10.42,0.174,94.4,1,24.81,348.42
109,22.07,43.3,1029.0,1.0,425.48,324.64,10.81,-0.108,95.1,1,23.11,436.29
110,21.19,41.6,1012.0,1.0,507.0,386.84,10.26,-0.288,95.3,1,21.79,517.26
111,21.22,40.2,984.0,1.0,577.0,440.25,10.64,-0.324,95.3,1,20.94,587.64
112,20.31,41.7,974.0,1.0,630.72,481.24,10.07,-0.233,95.2,1,20.61,640.79
113,19.59,43.1,991.0,1.0,664.48,507.0,10.09,-0.418,95.3,1,20.83,674.57
114,20.02,46.0,1008.0,1.0,676.0,515.79,10.52,-0.251,95.2,1,21.58,686.52
115,19.37,44.1,400.0,0.22,511.14,390.0,0.52,-0.63,95.0,1,22.8,511.66
116,19.88,48.4,417.0,0.09,485.17,370.18,0.02,-0.477,95.2,1,24.42,485.18
117,20.05,52.8,400.0,0.3,443.85,338.66,0.97,-0.258,95.3,1,26.32,444.82
118,21.46,56.4,400.0,0.18,390.0,297.57,0.45,-0.427,95.3,1,28.38,390.45
119,21.47,58.6,418.0,0.26,327.29,249.72,0.21,-0.033,95.0,1,30.45,327.5
120,21.77,53.7,440.0,0.29,260.0,198.38,0.96,-0.432,95.3,1,32.39,260.96
121,22.54,62.0,404.0,0.25,327.29,249.72,0.93,0.276,94.0,1,34.07,328.23
122,23.38,60.3,403.0,0.14,390.0,297.57,0.87,0.154,94.5,1,35.37,390.87
123,24.8,56.8,400.0,0.16,443.85,338.66,0.06,0.31,93.9,1,36.21,443.9
124,24.96,57.5,400.0,0.28,485.17,370.18,0.22,0.302,93.9,1,36.52,485.38
125,25.36,54.2,400.0,0.22,511.14,390.0,0.29,0.486,93.1,1,36.29,511.43
126,25.64,56.1,400.0,0.12,520.0,396.76,0.83,0.33,93.8,1,35.53,520.83
127,25.6,52.3,400.0,0.04,511.14,390.0,0.91,0.309,93.9,1,34.29,512.05
128,24.89,49.5,400.0,0.3,485.17,370.18,0.07,0.507,93.0,1,32.66,485.23
129,24.53,52.4,400.0,0.24,443.85,338.66,0.78,-0.181,95.2,1,30.74,444.63
130,23.73,46.6,402.0,0.27,390.0,297.57,0.06,0.166,94.4,1,28.67,390.06
131,23.42,45.3,419.0,0.24,327.29,249.72,0.18,0.27,94.1,1,26.59,327.48
132,22.42,41.1,420.0,0.02,260.0,198.38,0.14,-0.136,95.1,1,24.63,260.14
133,21.25,40.6,443.0,0.27,327.29,249.72,0.72,0.069,94.7,1,22.94,328.01
134,21.02,39.9,400.0,0.07,390.0,297.57,0.26,-0.521,95.2,1,21.62,390.26
135,20.7,42.2,427.0,0.04,443.85,338.66,0.25,-0.584,95.1,1,20.77,444.09
136,20.77,43.0,407.0,0.02,485.17,370.18,0.49,-0.786,94.7,0,20.44,485.66
137,19.0,42.9,411.0,0.13,511.14,390.0,0.54,-0.808,94.6,0,20.66,511.69
138,18.85,42.9,445.0,0.21,520.0,396.76,0.08,-0.703,94.9,0,21.41,520.08
139,18.88,49.7,400.0,0.14,511.14,390.0,0.23,-0.365,95.3,1,22.63,511.37
140,19.58,49.8,400.0,0.13,485.17,370.18,0.41,-0.674,95.0,1,24.25,485.58
141,20.29,48.5,400.0,0.27,443.85,338.66,0.8,-0.427,95.3,1,26.15,444.64
142,20.78,59.6,400.0,0.06,390.0,297.57,0.07,-0.539,95.2,1,28.21,390.07
143,21.01,57.5,400.0,0.07,327.29,249.72,0.93,-0.081,95.0,1,30.28,328.22
144,23.23,58.6,412.0,0.04,260.0,198.38,0.58,-0.182,95.2,1,32.22,260.58
145,22.36,55.8,400.0,0.29,327.29,249.72,0.47,0.359,93.7,1,33.9,327.77
146,24.91,61.6,400.0,0.28,390.0,297.57,0.74,0.299,94.0,1,35.2,390.74
147,24.93,57.0,400.0,0.02,443.85,338.66,0.19,0.022,94.8,1,36.04,444.04
148,25.84,62.5,400.0,0.16,485.17,370.18,0.03,0.002,94.9,1,36.35,485.2
149,24.93,52.9,400.0,0.04,511.14,390.0,0.85,0.459,93.2,1,36.12,511.99
150,25.36,57.1,400.0,0.2,520.0,396.76,0.53,0.284,94.0,1,35.36,520.53
151,25.33,56.1,452.0,0.05,511.14,390.0,0.98,0.521,92.9,1,34.12,512.13
152,24.92,51.0,400.0,0.12,485.17,370.18,0.62,0.48,93.1,1,32.49,485.79
153,24.79,48.1,400.0,0.27,443.85,338.66,0.71,0.453,93.3,1,30.57,444.56
154,24.18,46.1,400.0,0.16,390.0,297.57,0.9,0.42,93.4,1,28.5,390.9
155,22.89,39.8,400.0,0.11,327.29,249.72,0.7,0.037,94.8,1,26.42,327.99
156,23.51,40.5,429.0,0.09,260.0,198.38,0.39,0.207,94.3,1,24.46,260.39
157,21.23,41.1,418.0,0.13,327.29,249.72,0.27,-0.413,95.3,1,22.77,327.56
158,21.31,41.8,411.0,0.12,390.0,297.57,0.46,-0.105,95.1,1,21.45,390.46
159,20.57,42.0,400.0,0.22,443.85,338.66,0.48,-0.418,95.3,1,20.6,444.32
160,20.11,39.1,419.0,0.23,485.17,370.18,0.46,-0.177,95.2,1,20.27,485.63
161,18.44,44.2,400.0,0.02,511.14,390.0,0.44,-0.149,95.2,1,20.49,511.58
162,19.49,46.0,424.0,0.11,520.0,396.76,0.96,-0.268,95.3,1,21.23,520.96
163,19.6,42.9,407.0,0.09,511.14,390.0,0.66,-0.251,95.2,1,22.46,511.8
164,20.18,46.5,400.0,0.02,485.17,370.18,0.31,-0.433,95.3,1,24.08,485.48
165,19.8,54.0,400.0,0.21,443.85,338.66,0.87,-0.918,94.3,0,25.98,444.71
166,21.26,54.6,423.0,0.24,390.0,297.57,0.82,-0.002,94.9,1,28.04,390.82
167,22.23,59.0,404.0,0.12,327.29,249.72,0.26,-0.106,95.1,1,30.11,327.55
168,22.93,62.3,400.0,0.16,260.0,198.38,0.71,0.18,94.4,1,32.05,260.71
169,23.4,62.1,460.0,0.15,327.29,249.72,0.58,0.077,94.7,1,33.73,327.87
170,24.7,59.0,400.0,0.26,390.0,297.57,0.37,0.372,93.6,1,35.03,390.37
171,25.18,58.9,401.0,0.03,443.85,338.66,0.44,0.601,92.5,1,35.87,444.29
172,24.87,58.7,400.0,0.13,485.17,370.18,0.6,0.294,94.0,1,36.18,485.77
173,25.62,58.6,462.0,0.1,511.14,390.0,0.9,0.599,92.5,1,35.95,512.04
174,26.12,57.9,400.0,0.11,520.0,396.76,0.66,0.501,93.0,1,35.19,520.66
175,26.34,49.6,425.0,0.16,511.14,390.0,0.95,0.56,92.7,1,33.95,512.09
176,24.92,50.8,1026.0,1.0,630.72,481.24,10.61,0.491,93.1,1,32.32,641.33
177,24.33,49.8,965.0,1.0,577.0,440.25,10.78,0.602,92.5,1,30.4,587.78
178,23.62,48.0,1048.0,1.0,507.0,386.84,10.76,0.122,94.6,1,28.33,517.76
179,22.78,45.8,1005.0,1.0,425.48,324.64,10.88,0.157,94.5,1,26.24,436.36
180,22.66,38.2,1001.0,1.0,338.0,257.89,10.31,0.021,94.8,1,24.29,348.31
181,21.55,37.0,1010.0,1.0,425.48,324.64,10.34,-0.073,95.0,1,22.6,435.82
182,21.45,41.0,1065.0,1.0,507.0,386.84,10.48,-0.499,95.2,1,21.28,517.48
183,20.24,43.8,1000.0,1.0,577.0,440.25,10.48,-0.273,95.3,1,20.43,587.48
184,19.5,41.7,1007.0,1.0,630.72,481.24,10.7,-0.188,95.2,1,20.1,641.42
185,20.25,42.6,1025.0,1.0,664.48,507.0,10.19,-0.563,95.1,1,20.31,674.68
186,19.65,42.2,1008.0,1.0,676.0,515.79,10.19,-0.774,94.7,0,21.06,686.19
187,20.2,45.6,435.0,0.08,511.14,390.0,0.17,-0.343,95.3,1,22.29,511.31
188,19.83,47.7,413.0,0.02,485.17,370.18,0.66,-0.571,95.1,1,23.91,485.82
189,21.43,51.6,435.0,0.07,443.85,338.66,0.19,-0.64,95.0,1,25.81,444.03
190,21.36,53.3,420.0,0.23,390.0,297.57,0.62,-0.247,95.2,1,27.86,390.62
191,21.36,58.0,405.0,0.24,327.29,249.72,0.87,-0.39,95.3,1,29.93,328.16
192,21.87,61.0,433.0,0.02,260.0,198.38,0.58,-0.277,95.3,1,31.87,260.58
193,23.62,59.0,424.0,0.18,327.29,249.72,0.46,0.296,94.0,1,33.55,327.76
194,24.41,59.0,400.0,0.04,390.0,297.57,0.11,0.253,94.1,1,34.86,390.11
195,25.18,58.6,400.0,0.2,443.85,338.66,0.66,0.093,94.7,1,35.69,444.51
196,24.41,62.4,406.0,0.13,485.17,370.18,0.45,0.326,93.8,1,36.01,485.62
197,24.73,55.2,437.0,0.11,511.14,390.0,0.49,0.981,89.9,0,35.78,511.63
198,24.81,55.7,400.0,0.25,520.0,396.76,0.51,0.475,93.2,1,35.02,520.51
199,25.15,50.8,400.0,0.11,511.14,390.0,0.67,0.448,93.3,1,33.78,511.81
200,25.62,46.7,998.0,1.0,630.72,481.24,10.95,0.202,94.3,1,32.14,641.67
201,24.85,47.0,1031.0,1.0,577.0,440.25,10.29,0.357,93.7,1,30.23,587.3
202,23.37,45.6,967.0,1.0,507.0,386.84,10.49,0.0,94.9,1,28.16,517.49
203,22.75,41.5,1031.0,1.0,425.48,324.64,10.21,-0.184,95.2,1,26.07,435.69
204,22.9,39.6,980.0,1.0,338.0,257.89,10.85,0.043,94.8,1,24.12,348.85
205,22.53,38.0,1002.0,1.0,425.48,324.64,10.01,-0.408,95.3,1,22.42,435.5
206,21.49,39.5,1026.0,1.0,507.0,386.84,10.24,-0.205,95.2,1,21.11,517.24
207,21.4,39.9,1046.0,1.0,577.0,440.25,10.96,0.003,94.9,1,20.25,587.96
208,20.35,44.0,1035.0,1.0,630.72,481.24,10.22,-0.315,95.3,1,19.93,640.94
209,20.62,44.4,984.0,1.0,664.48,507.0,10.99,-0.793,94.7,0,20.14,675.47
210,20.96,44.5,973.0,1.0,676.0,515.79,10.39,-0.665,95.0,1,20.89,686.39
211,19.76,44.4,457.0,0.25,511.14,390.0,0.39,-0.714,94.9,0,22.11,511.53
212,20.52,47.1,400.0,0.15,485.17,370.18,0.63,-0.451,95.2,1,23.73,485.79
213,19.56,53.1,452.0,0.08,443.85,338.66,0.91,-0.268,95.3,1,25.64,444.76
214,21.63,59.1,430.0,0.28,390.0,297.57,0.73,-0.543,95.2,1,27.69,390.73
215,21.46,56.3,427.0,0.21,327.29,249.72,0.42,-0.122,95.1,1,29.76,327.71
216,23.08,54.9,423.0,0.18,260.0,198.38,0.59,0.229,94.2,1,31.7,260.59
217,23.33,60.9,400.0,0.08,327.29,249.72,0.16,0.142,94.5,1,33.38,327.45
218,24.51,62.3,400.0,0.16,390.0,297.57,0.42,0.135,94.5,1,34.68,390.42
219,24.31,60.4,457.0,0.01,443.85,338.66,0.85,0.567,92.7,1,35.52,444.7
220,25.21,58.8,400.0,0.25,485.17,370.18,0.71,0.686,92.0,1,35.84,485.88
221,26.07,55.9,447.0,0.19,511.14,390.0,0.39,0.497,93.0,1,35.6,511.53
222,25.97,53.6,454.0,0.11,520.0,396.76,0.98,0.442,93.3,1,34.84,520.98
223,24.73,53.9,400.0,0.02,511.14,390.0,0.19,0.532,92.9,1,33.61,511.33
224,25.33,48.7,1029.0,1.0,630.72,481.24,10.96,0.734,91.6,0,31.97,641.67
225,24.61,48.5,1057.0,1.0,577.0,440.25,10.51,0.176,94.4,1,30.05,587.51
226,23.81,43.8,1059.0,1.0,507.0,386.84,10.52,0.33,93.8,1,27.98,517.52
227,23.23,45.1,939.0,1.0,425.48,324.64,10.8,0.421,93.4,1,25.9,436.28
228,23.2,40.8,1033.0,1.0,338.0,257.89,10.47,0.216,94.3,1,23.95,348.47
229,22.82,40.3,1010.0,1.0,425.48,324.64,10.81,-0.559,95.1,1,22.25,436.29
230,21.63,40.9,1042.0,1.0,507.0,386.84,10.81,-0.232,95.2,1,20.93,517.81
231,20.39,42.6,1016.0,1.0,577.0,440.25,10.67,-0.204,95.2,1,20.08,587.68
232,20.25,42.6,1004.0,1.0,630.72,481.24,10.23,-0.274,95.3,1,19.75,640.95
233,19.96,42.8,1065.0,1.0,664.48,507.0,10.94,-0.185,95.2,1,19.97,675.42
234,20.29,44.7,1008.0,1.0,676.0,515.79,10.26,-0.734,94.8,0,20.72,686.26
235,19.95,44.7,461.0,0.08,511.14,390.0,0.41,-0.56,95.1,1,21.94,511.55
236,20.55,49.0,424.0,0.29,485.17,370.18,0.84,-0.341,95.3,1,23.56,486.0
237,20.76,55.0,400.0,0.29,443.85,338.66,0.82,-0.294,95.3,1,25.46,444.67
238,21.62,54.8,416.0,0.05,390.0,297.57,0.26,0.132,94.5,1,27.52,390.26
239,22.53,55.2,450.0,0.15,327.29,249.72,0.47,-0.356,95.3,1,29.59,327.76
240,22.31,59.9,400.0,0.13,260.0,198.38,0.02,0.219,94.3,1,31.53,260.02
241,23.56,59.9,409.0,0.11,327.29,249.72,0.79,0.217,94.3,1,33.21,328.08
242,24.24,56.2,400.0,0.07,390.0,297.57,0.21,0.188,94.4,1,34.51,390.21
243,25.37,58.1,400.0,0.25,443.85,338.66,0.23,0.407,93.5,1,35.35,444.08
244,25.46,56.5,400.0,0.23,485.17,370.18,0.86,0.508,93.0,1,35.66,486.03
245,25.4,55.3,400.0,0.15,511.14,390.0,0.17,0.108,94.6,1,35.43,511.31
246,25.66,54.1,439.0,0.13,520.0,396.76,0.52,0.514,93.0,1,34.67,520.52
247,25.85,54.3,400.0,0.07,511.14,390.0,0.41,0.598,92.5,1,33.43,511.55
248,25.78,48.5,987.0,1.0,630.72,481.24,10.43,0.637,92.3,1,31.8,641.15
249,24.66,45.2,978.0,1.0,577.0,440.25,10.19,0.39,93.6,1,29.88,587.2
250,24.11,46.9,1021.0,1.0,507.0,386.84,10.63,0.355,93.7,1,27.81,517.63
251,23.37,43.0,1051.0,1.0,425.48,324.64,10.66,0.219,94.3,1,25.73,436.14
252,22.62,43.3,1019.0,1.0,338.0,257.89,10.31,0.063,94.7,1,23.77,348.31
253,21.92,40.7,1025.0,1.0,425.48,324.64,10.82,-0.11,95.1,1,22.08,436.3
254,21.6,47.5,1033.0,1.0,507.0,386.84,10.69,-0.198,95.2,1,20.76,517.69
255,21.25,39.9,1007.0,1.0,577.0,440.25,10.15,-0.189,95.2,1,19.91,587.15
256,20.02,39.4,950.0,1.0,630.72,481.24,10.82,-0.586,95.1,1,19.58,641.53
257,19.15,43.1,1036.0,1.0,664.48,507.0,10.05,-0.601,95.1,1,19.8,674.54
258,20.06,43.9,993.0,1.0,676.0,515.79,10.58,-0.553,95.2,1,20.54,686.58
259,19.23,47.6,400.0,0.13,511.14,390.0,0.16,-0.545,95.2,1,21.77,511.3
260,21.0,48.9,417.0,0.29,485.17,370.18,0.3,-0.591,95.1,1,23.39,485.46
261,20.77,54.5,462.0,0.25,443.85,338.66,0.85,-0.329,95.3,1,25.29,444.69
262,21.53,57.1,439.0,0.01,390.0,297.57,0.13,-0.199,95.2,1,27.35,390.13
263,22.67,55.5,400.0,0.21,327.29,249.72,0.23,0.161,94.5,1,29.42,327.52
264,22.81,59.8,400.0,0.16,260.0,198.38,0.33,-0.149,95.2,1,31.36,260.33
265,23.91,61.3,400.0,0.1,327.29,249.72,0.52,0.078,94.7,1,33.04,327.81
266,24.64,62.1,400.0,0.21,390.0,297.57,0.29,0.671,92.0,1,34.34,390.29
267,25.92,57.0,400.0,0.27,443.85,338.66,0.71,0.177,94.4,1,35.18,444.56
268,26.58,59.7,400.0,0.25,485.17,370.18,0.38,0.543,92.8,1,35.49,485.55
269,25.83,55.3,400.0,0.08,511.14,390.0,0.49,0.24,94.2,1,35.26,511.63
270,26.71,54.4,400.0,0.04,520.0,396.76,0.11,0.551,92.8,1,34.5,520.11
271,24.81,53.2,400.0,0.08,511.14,390.0,0.62,0.461,93.2,1,33.26,511.76
272,25.44,49.2,971.0,1.0,630.72,481.24,10.78,0.557,92.7,1,31.63,641.5
273,25.41,47.9,946.0,1.0,577.0,440.25,10.09,0.317,93.9,1,29.71,587.09
274,23.77,47.1,976.0,1.0,507.0,386.84,10.65,0.385,93.6,1,27.64,517.65
275,24.83,43.9,951.0,1.0,425.48,324.64,10.69,0.223,94.2,1,25.56,436.17
276,23.72,40.6,1010.0,1.0,338.0,257.89,10.44,0.403,93.5,1,23.6,348.44
277,22.03,40.8,1000.0,1.0,425.48,324.64,10.18,-0.294,95.3,1,21.91,435.66
278,22.57,40.4,1038.0,1.0,507.0,386.84,10.31,-0.479,95.2,1,20.59,517.31
279,21.27,41.4,931.0,1.0,577.0,440.25,10.46,-0.374,95.3,1,19.74,587.46
280,20.52,39.2,1040.0,1.0,630.72,481.24,10.82,-0.317,95.3,1,19.41,641.54
281,20.33,42.1,963.0,1.0,664.48,507.0,10.11,-0.325,95.3,1,19.63,674.6
282,19.62,44.6,998.0,1.0,676.0,515.79,10.2,-0.61,95.1,1,20.37,686.2
283,20.19,50.1,400.0,0.02,511.14,390.0,0.66,-0.123,95.1,1,21.6,511.8
284,20.01,48.0,400.0,0.12,485.17,370.18,0.01,-0.443,95.3,1,23.22,485.18
285,20.89,52.7,408.0,0.02,443.85,338.66,0.56,-0.66,95.0,1,25.12,444.41
286,21.57,53.6,402.0,0.19,390.0,297.57,0.27,-0.212,95.2,1,27.18,390.27
287,22.35,54.7,459.0,0.01,327.29,249.72,0.91,-0.135,95.1,1,29.25,328.21
288,23.02,59.2,404.0,0.3,260.0,198.38,0.12,-0.047,95.0,1,31.19,260.12
289,24.98,58.4,400.0,0.18,327.29,249.72,0.25,0.174,94.4,1,32.87,327.54
290,23.73,62.0,400.0,0.12,390.0,297.57,0.92,0.307,93.9,1,34.17,390.92
291,24.26,58.2,400.0,0.04,443.85,338.66,0.55,0.188,94.4,1,35.01,444.39
292,25.2,58.7,400.0,0.12,485.17,370.18,0.79,0.24,94.2,1,35.32,485.96
293,25.93,57.9,400.0,0.13,511.14,390.0,0.13,0.294,94.0,1,35.09,511.27
294,25.85,55.4,414.0,0.09,520.0,396.76,0.84,0.915,90.4,0,34.33,520.84
295,25.24,50.2,400.0,0.28,511.14,390.0,0.47,0.438,93.3,1,33.09,511.61
296,26.61,47.8,430.0,0.01,485.17,370.18,0.6,0.665,92.1,1,31.46,485.76
297,25.45,48.8,400.0,0.04,443.85,338.66,0.14,0.591,92.5,1,29.54,443.99
298,24.39,47.9,422.0,0.3,390.0,297.57,0.94,0.175,94.4,1,27.47,390.94
299,23.38,40.8,400.0,0.05,327.29,249.72,0.24,0.233,94.2,1,25.38,327.54
300,22.93,36.9,400.0,0.11,260.0,198.38,0.87,0.128,94.6,1,23.43,260.87
301,22.04,41.3,438.0,0.26,327.29,249.72,0.35,-0.296,95.3,1,21.74,327.65
302,21.77,41.2,400.0,0.09,390.0,297.57,0.15,-0.403,95.3,1,20.42,390.15
303,20.31,41.9,434.0,0.26,443.85,338.66,0.22,-0.224,95.2,1,19.57,444.06
304,20.09,41.9,400.0,0.16,485.17,370.18,0.56,-0.435,95.3,1,19.24,485.73
305,20.61,44.0,400.0,0.0,511.14,390.0,0.98,-0.922,94.3,0,19.45,512.12
306,19.79,48.5,452.0,0.12,520.0,396.76,0.87,-0.626,95.0,1,20.2,520.87
307,20.51,45.7,400.0,0.16,511.14,390.0,0.74,-0.648,95.0,1,21.43,511.88
308,20.46,51.9,400.0,0.15,485.17,370.18,0.97,-0.509,95.2,1,23.05,486.14
309,20.84,55.8,423.0,0.16,443.85,338.66,0.34,-0.65,95.0,1,24.95,444.19
310,21.25,54.8,400.0,0.06,390.0,297.57,0.62,-0.232,95.2,1,27.0,390.62
311,22.36,56.3,429.0,0.04,327.29,249.72,0.46,-0.075,95.0,1,29.07,327.76
312,23.01,57.2,402.0,0.15,260.0,198.38,0.34,-0.027,94.9,1,31.01,260.34
313,22.69,56.9,408.0,0.08,327.29,249.72,0.92,0.045,94.8,1,32.69,328.21
314,25.18,53.9,413.0,0.29,390.0,297.57,0.01,0.113,94.6,1,34.0,390.01
315,25.4,62.1,400.0,0.04,443.85,338.66,0.11,0.417,93.4,1,34.83,443.96
316,25.0,58.0,400.0,0.01,485.17,370.18,0.38,0.136,94.5,1,35.15,485.55
317,25.93,57.1,427.0,0.28,511.14,390.0,0.13,0.853,90.8,0,34.92,511.27
318,25.96,53.4,400.0,0.16,520.0,396.76,0.47,0.727,91.7,0,34.16,520.47
319,25.55,52.7,400.0,0.13,511.14,390.0,0.46,0.006,94.9,1,32.92,511.6
320,26.06,52.7,404.0,0.1,485.17,370.18,0.21,0.738,91.6,0,31.28,485.38
321,25.97,46.6,421.0,0.25,443.85,338.66,0.74,0.419,93.4,1,29.37,444.59
322,24.42,49.2,400.0,0.12,390.0,297.57,0.59,0.306,93.9,1,27.3,390.59
323,23.71,42.8,414.0,0.08,327.29,249.72,0.97,0.053,94.8,1,25.21,328.26
324,22.68,41.8,432.0,0.03,260.0,198.38,0.83,0.134,94.5,1,23.26,260.83
325,21.27,42.5,414.0,0.08,327.29,249.72,0.91,-0.218,95.2,1,21.56,328.2
326,21.87,41.8,441.0,0.26,390.0,297.57,0.84,-0.401,95.3,1,20.25,390.84
327,21.99,42.0,400.0,0.27,443.85,338.66,0.51,-0.444,95.3,1,19.4,444.36
328,20.49,46.2,400.0,0.01,485.17,370.18,0.07,-0.53,95.2,1,19.07,485.24
329,20.18,44.3,416.0,0.1,511.14,390.0,0.16,-0.492,95.2,1,19.28,511.3
330,20.14,44.9,401.0,0.11,520.0,396.76,0.76,-0.451,95.2,1,20.03,520.76
331,20.02,48.7,456.0,0.22,511.14,390.0,0.57,-0.958,94.1,0,21.25,511.71
332,20.01,47.9,408.0,0.06,485.17,370.18,0.07,-0.335,95.3,1,22.87,485.24
333,22.34,52.5,426.0,0.28,443.85,338.66,0.78,-0.385,95.3,1,24.78,444.63
334,21.92,59.0,400.0,0.06,390.0,297.57,0.3,-0.111,95.1,1,26.83,390.3
335,22.71,55.9,401.0,0.18,327.29,249.72,0.01,-0.093,95.1,1,28.9,327.3
336,24.32,59.9,437.0,0.23,260.0,198.38,0.25,-0.403,95.3,1,30.84,260.25
337,24.07,58.4,420.0,0.19,327.29,249.72,0.88,0.169,94.4,1,32.52,328.17
338,24.28,58.3,485.0,0.29,390.0,297.57,0.75,0.153,94.5,1,33.83,390.75
339,24.78,58.8,429.0,0.05,443.85,338.66,0.2,-0.023,94.9,1,34.66,444.05
340,26.77,62.3,402.0,0.18,485.17,370.18,0.87,0.305,93.9,1,34.98,486.04
341,26.51,58.2,408.0,0.21,511.14,390.0,0.9,0.249,94.2,1,34.75,512.04
342,26.16,54.9,421.0,0.24,520.0,396.76,0.18,0.622,92.3,1,33.99,520.18
343,25.84,52.5,442.0,0.15,511.14,390.0,0.63,0.755,91.5,0,32.75,511.77
344,25.68,50.0,996.0,1.0,630.72,481.24,10.81,0.495,93.1,1,31.11,641.53
345,25.54,48.2,949.0,1.0,577.0,440.25,10.59,0.487,93.1,1,29.2,587.59
346,25.64,43.7,1025.0,1.0,507.0,386.84,10.35,0.052,94.8,1,27.13,517.35
347,23.97,44.3,1033.0,1.0,425.48,324.64,10.83,0.256,94.1,1,25.04,436.31
348,22.81,43.7,988.0,1.0,338.0,257.89,10.75,-0.1,95.1,1,23.09,348.75
349,21.82,40.3,1044.0,1.0,425.48,324.64,10.26,-0.481,95.2,1,21.39,435.74
350,22.06,37.4,1027.0,1.0,507.0,386.84,10.01,-0.282,95.3,1,20.08,517.01
351,21.67,40.7,1010.0,1.0,577.0,440.25,10.47,-0.299,95.3,1,19.22,587.47
352,21.57,38.6,987.0,1.0,630.72,481.24,10.47,-0.208,95.2,1,18.9,641.19
353,21.7,39.7,974.0,1.0,664.48,507.0,10.96,-0.555,95.2,1,19.11,675.45
354,19.5,46.0,1019.0,1.0,676.0,515.79,10.67,-0.717,94.9,0,19.86,686.67
355,20.38,42.2,411.0,0.12,511.14,390.0,0.36,-0.413,95.3,1,21.08,511.5
356,20.47,49.9,400.0,0.21,485.17,370.18,0.18,-0.452,95.2,1,22.7,485.35
357,21.05,53.9,400.0,0.21,443.85,338.66,0.89,-0.474,95.2,1,24.61,444.74
358,21.35,58.9,419.0,0.12,390.0,297.57,0.4,-0.209,95.2,1,26.66,390.4
359,22.67,53.4,421.0,0.17,327.29,249.72,0.04,0.08,94.7,1,28.73,327.34
360,22.65,57.7,408.0,0.11,260.0,198.38,0.49,-0.029,95.0,1,30.67,260.49
361,24.3,57.9,400.0,0.18,327.29,249.72,0.92,0.695,91.9,1,32.35,328.21
362,25.37,61.0,400.0,0.08,390.0,297.57,0.94,0.011,94.9,1,33.65,390.94
363,25.15,57.8,422.0,0.09,443.85,338.66,0.12,0.381,93.6,1,34.49,443.97
364,26.46,63.3,456.0,0.13,485.17,370.18,0.96,0.534,92.8,1,34.81,486.13
365,26.26,55.5,400.0,0.28,511.14,390.0,0.87,0.147,94.5,1,34.57,512.01
366,26.77,55.6,400.0,0.26,520.0,396.76,0.02,0.516,92.9,1,33.81,520.02
367,26.36,54.3,400.0,0.23,511.14,390.0,0.2,0.194,94.3,1,32.58,511.34
368,25.44,51.6,1039.0,1.0,630.72,481.24,10.78,0.293,94.0,1,30.94,641.5
369,25.42,47.4,1045.0,1.0,577.0,440.25,10.79,0.196,94.3,1,29.02,587.79
370,24.59,42.1,999.0,1.0,507.0,386.84,10.38,0.089,94.7,1,26.95,517.38
371,24.51,42.7,1000.0,1.0,425.48,324.64,10.15,0.669,92.1,1,24.87,435.63
372,23.2,38.5,1002.0,1.0,338.0,257.89,10.09,-0.051,95.0,1,22.92,348.09
373,23.07,40.3,957.0,1.0,425.48,324.64,10.39,-0.002,94.9,1,21.22,435.87
374,22.08,40.6,953.0,1.0,507.0,386.84,10.34,-0.452,95.2,1,19.9,517.34
375,21.31,39.2,1012.0,1.0,577.0,440.25,10.84,-0.286,95.3,1,19.05,587.85
376,20.86,40.2,1062.0,1.0,630.72,481.24,10.9,-0.708,94.9,0,18.72,641.62
377,20.93,40.3,1077.0,1.0,664.48,507.0,10.62,-0.052,95.0,1,18.94,675.11
378,20.67,49.9,993.0,1.0,676.0,515.79,10.24,-0.376,95.3,1,19.69,686.24
379,20.92,48.1,400.0,0.0,511.14,390.0,0.83,-0.395,95.3,1,20.91,511.97
380,20.23,47.1,400.0,0.06,485.17,370.18,0.44,-0.512,95.2,1,22.53,485.61
381,20.96,50.0,466.0,0.18,443.85,338.66,0.55,-0.306,95.3,1,24.43,444.4
382,21.86,55.5,400.0,0.28,390.0,297.57,0.91,0.109,94.6,1,26.49,390.91
383,22.45,52.8,400.0,0.03,327.29,249.72,0.94,-0.169,95.2,1,28.56,328.24
384,22.89,56.8,432.0,0.16,260.0,198.38,0.34,0.06,94.7,1,30.5,260.34
385,24.77,61.2,400.0,0.29,327.29,249.72,0.91,-0.118,95.1,1,32.18,328.2
386,24.3,61.9,445.0,0.29,390.0,297.57,0.88,0.503,93.0,1,33.48,390.88
387,25.98,60.3,400.0,0.08,443.85,338.66,0.96,0.385,93.6,1,34.32,444.81
388,26.86,58.9,400.0,0.21,485.17,370.18,0.63,0.521,92.9,1,34.63,485.8
389,26.02,60.6,400.0,0.05,511.14,390.0,0.27,0.287,94.0,1,34.4,511.41
390,25.27,53.2,400.0,0.07,520.0,396.76,0.93,0.269,94.1,1,33.64,520.93
391,26.04,51.7,431.0,0.25,511.14,390.0,0.41,0.408,93.5,1,32.4,511.55
392,25.6,53.8,936.0,1.0,630.72,481.24,10.74,0.554,92.7,1,30.77,641.45
393,24.81,47.7,995.0,1.0,577.0,440.25,10.71,0.442,93.3,1,28.85,587.71
394,25.1,46.5,1012.0,1.0,507.0,386.84,10.6,0.289,94.0,1,26.78,517.6
395,24.39,43.5,1027.0,1.0,425.48,324.64,10.49,-0.133,95.1,1,24.7,435.97
396,23.63,47.2,983.0,1.0,338.0,257.89,10.7,-0.238,95.2,1,22.74,348.7
397,22.16,39.4,997.0,1.0,425.48,324.64,10.91,-0.118,95.1,1,21.05,436.4
398,22.45,42.0,1006.0,1.0,507.0,386.84,10.11,-0.756,94.8,0,19.73,517.11
399,20.96,36.7,1019.0,1.0,577.0,440.25,10.16,-0.523,95.2,1,18.88,587.17
400,20.29,41.7,1050.0,1.0,630.72,481.24,10.61,-0.35,95.3,1,18.55,641.33
401,19.98,44.9,999.0,1.0,664.48,507.0,10.66,-0.166,95.2,1,18.77,675.14
402,20.05,46.4,1018.0,1.0,676.0,515.79,10.75,-0.494,95.2,1,19.52,686.75
403,20.58,48.0,400.0,0.21,511.14,390.0,0.23,-0.306,95.3,1,20.74,511.37
404,20.3,51.1,400.0,0.27,485.17,370.18,0.17,-0.27,95.3,1,22.36,485.33
405,20.9,50.8,421.0,0.05,443.85,338.66,0.13,-0.493,95.2,1,24.26,443.98
406,22.73,56.2,434.0,0.14,390.0,297.57,0.71,0.103,94.6,1,26.32,390.71
407,22.34,60.7,400.0,0.1,327.29,249.72,0.9,-0.003,94.9,1,28.39,328.2
408,23.88,57.2,400.0,0.18,260.0,198.38,0.23,0.044,94.8,1,30.33,260.23
409,24.26,62.9,400.0,0.06,327.29,249.72,0.86,0.409,93.5,1,32.01,328.15
410,25.43,60.3,436.0,0.1,390.0,297.57,0.99,0.45,93.3,1,33.31,390.99
411,25.68,60.6,400.0,0.18,443.85,338.66,0.07,0.502,93.0,1,34.15,443.91
412,26.06,54.0,418.0,0.27,485.17,370.18,0.43,0.131,94.5,1,34.46,485.59
413,26.19,55.0,412.0,0.15,511.14,390.0,0.36,0.56,92.7,1,34.23,511.5
414,26.07,55.3,423.0,0.27,520.0,396.76,0.56,0.526,92.9,1,33.47,520.56
415,26.49,55.4,404.0,0.14,511.14,390.0,0.78,0.483,93.1,1,32.23,511.92
416,25.79,49.4,1017.0,1.0,630.72,481.24,10.21,0.583,92.6,1,30.6,640.92
417,24.62,46.4,1024.0,1.0,577.0,440.25,10.77,0.221,94.3,1,28.68,587.78
418,25.15,44.5,981.0,1.0,507.0,386.84,10.07,0.441,93.3,1,26.61,517.07
419,24.2,47.4,996.0,1.0,425.48,324.64,10.99,0.107,94.6,1,24.53,436.47
420,23.67,43.7,1026.0,1.0,338.0,257.89,10.47,0.142,94.5,1,22.57,348.47
421,22.71,40.0,1007.0,1.0,425.48,324.64,10.96,-0.425,95.3,1,20.88,436.44
422,22.38,40.0,940.0,1.0,507.0,386.84,10.72,-0.207,95.2,1,19.56,517.72
423,21.6,35.9,954.0,1.0,577.0,440.25,10.2,-0.753,94.8,0,18.71,587.2
424,20.84,39.1,1044.0,1.0,630.72,481.24,10.91,-0.166,95.2,1,18.38,641.63
425,20.8,40.6,987.0,1.0,664.48,507.0,10.56,-0.434,95.3,1,18.6,675.04
426,21.16,44.1,934.0,1.0,676.0,515.79,10.9,-0.564,95.1,1,19.35,686.9
427,20.18,49.5,400.0,0.06,511.14,390.0,0.68,-0.385,95.3,1,20.57,511.82
428,19.92,48.9,425.0,0.21,485.17,370.18,0.76,-0.453,95.2,1,22.19,485.92
429,21.87,49.8,400.0,0.22,443.85,338.66,0.4,-0.586,95.1,1,24.09,444.25
430,22.33,53.8,442.0,0.21,390.0,297.57,0.54,-0.293,95.3,1,26.15,390.54
431,24.14,56.1,400.0,0.05,327.29,249.72,0.78,-0.224,95.2,1,28.22,328.07
432,23.58,58.1,415.0,0.19,260.0,198.38,0.59,-0.169,95.2,1,30.16,260.59
433,24.18,59.3,426.0,0.26,327.29,249.72,0.54,0.006,94.9,1,31.84,327.83
434,25.26,61.0,409.0,0.12,390.0,297.57,0.65,0.19,94.4,1,33.14,390.65
435,26.09,57.7,420.0,0.24,443.85,338.66,0.61,0.545,92.8,1,33.98,444.46
436,26.44,61.8,453.0,0.0,485.17,370.18,0.69,0.644,92.2,1,34.29,485.85
437,26.33,55.7,418.0,0.03,511.14,390.0,0.08,0.582,92.6,1,34.06,511.22
438,27.19,56.2,400.0,0.04,520.0,396.76,0.53,0.769,91.4,0,33.3,520.53
439,25.96,50.9,400.0,0.23,511.14,390.0,0.43,0.802,91.2,0,32.06,511.57
440,25.82,48.4,1015.0,1.0,630.72,481.24,10.59,0.934,90.2,0,30.43,641.3
441,26.47,50.1,1037.0,1.0,577.0,440.25,10.9,0.151,94.5,1,28.51,587.9
442,25.41,47.0,1012.0,1.0,507.0,386.84,10.18,0.413,93.5,1,26.44,517.18
443,24.13,45.7,1009.0,1.0,425.48,324.64,10.21,0.287,94.0,1,24.36,435.7
444,23.64,43.7,1022.0,1.0,338.0,257.89,10.74,0.071,94.7,1,22.41,348.74
445,23.83,36.6,1010.0,1.0,425.48,324.64,10.9,-0.242,95.2,1,20.71,436.38
446,21.97,41.1,973.0,1.0,507.0,386.84,10.07,-0.084,95.1,1,19.39,517.07
447,21.11,40.6,1035.0,1.0,577.0,440.25,10.22,0.017,94.9,1,18.54,587.22
448,21.02,39.0,978.0,1.0,630.72,481.24,10.55,-0.114,95.1,1,18.21,641.27
449,21.13,41.1,952.0,1.0,664.48,507.0,10.16,-0.181,95.2,1,18.43,674.64
450,20.78,42.5,1010.0,1.0,676.0,515.79,10.17,-0.473,95.2,1,19.18,686.17
451,21.22,47.9,400.0,0.17,511.14,390.0,0.43,-0.945,94.2,0,20.4,511.57
452,20.58,51.6,405.0,0.11,485.17,370.18,0.75,-0.417,95.3,1,22.02,485.92
453,20.89,52.2,400.0,0.11,443.85,338.66,0.37,-0.458,95.2,1,23.92,444.22
454,22.65,50.9,404.0,0.01,390.0,297.57,0.19,0.213,94.3,1,25.98,390.19
455,22.26,56.3,400.0,0.03,327.29,249.72,0.11,-0.101,95.1,1,28.05,327.4
456,23.03,55.2,400.0,0.02,260.0,198.38,0.53,-0.051,95.0,1,29.99,260.53
457,24.02,64.1,404.0,0.01,327.29,249.72,0.57,0.15,94.5,1,31.67,327.86
458,24.65,62.1,400.0,0.01,390.0,297.57,0.99,0.368,93.7,1,32.97,390.99
459,25.42,61.6,400.0,0.19,443.85,338.66,0.21,0.349,93.7,1,33.81,444.06
460,25.36,55.9,400.0,0.23,485.17,370.18,0.48,0.436,93.4,1,34.13,485.65
461,27.22,59.4,414.0,0.12,511.14,390.0,0.3,0.701,91.9,0,33.89,511.44
462,25.86,55.9,400.0,0.15,520.0,396.76,0.49,0.17,94.4,1,33.13,520.49
463,27.67,52.6,400.0,0.28,511.14,390.0,0.94,0.623,92.3,1,31.9,512.08
464,26.65,51.3,400.0,0.15,485.17,370.18,0.12,0.353,93.7,1,30.26,485.29
465,27.13,43.4,400.0,0.28,443.85,338.66,0.08,0.586,92.6,1,28.34,443.93
466,24.79,45.7,400.0,0.28,390.0,297.57,0.09,0.235,94.2,1,26.27,390.09
467,24.22,42.6,428.0,0.06,327.29,249.72,0.32,-0.004,94.9,1,24.19,327.61
468,24.34,40.3,400.0,0.28,260.0,198.38,0.57,0.054,94.8,1,22.24,260.57
469,22.39,38.6,452.0,0.07,327.29,249.72,0.85,-0.243,95.2,1,20.54,328.14
470,22.58,39.1,400.0,0.11,390.0,297.57,0.28,0.043,94.8,1,19.23,390.28
471,21.5,39.5,400.0,0.26,443.85,338.66,0.76,-0.277,95.3,1,18.37,444.61
472,21.56,42.0,437.0,0.11,485.17,370.18,0.57,-0.634,95.0,1,18.05,485.74
473,21.47,41.9,400.0,0.13,511.14,390.0,0.56,-0.607,95.1,1,18.26,511.7
474,20.42,38.8,400.0,0.17,520.0,396.76,0.35,-0.517,95.2,1,19.01,520.35
475,20.4,45.8,400.0,0.18,511.14,390.0,0.9,-0.507,95.2,1,20.23,512.04
476,20.44,49.3,511.0,0.13,485.17,370.18,0.89,-0.385,95.3,1,21.85,486.06
477,20.84,52.0,400.0,0.03,443.85,338.66,0.12,-0.634,95.0,1,23.76,443.96
478,21.92,58.2,400.0,0.24,390.0,297.57,0.31,0.129,94.6,1,25.81,390.31
479,22.92,54.8,433.0,0.13,327.29,249.72,0.27,-0.227,95.2,1,27.88,327.56
480,23.42,55.5,413.0,0.3,260.0,198.38,0.92,-0.159,95.2,1,29.82,260.92
481,24.62,61.3,413.0,0.17,327.29,249.72,0.18,-0.078,95.0,1,31.5,327.47
482,25.58,60.3,425.0,0.04,390.0,297.57,0.78,0.049,94.8,1,32.8,390.78
483,25.56,61.6,423.0,0.23,443.85,338.66,0.1,0.51,93.0,1,33.64,443.94
484,26.09,54.3,400.0,0.12,485.17,370.18,0.26,0.343,93.8,1,33.96,485.42
485,27.22,56.1,424.0,0.2,511.14,390.0,0.36,0.194,94.3,1,33.73,511.5
486,26.91,56.5,403.0,0.26,520.0,396.76,0.33,0.402,93.5,1,32.97,520.33
487,26.54,51.7,409.0,0.1,511.14,390.0,0.82,0.544,92.8,1,31.73,511.96
488,26.0,53.2,400.0,0.26,485.17,370.18,0.36,0.582,92.6,1,30.09,485.52
489,26.3,45.7,400.0,0.07,443.85,338.66,0.78,0.09,94.7,1,28.18,444.63
490,25.1,49.2,400.0,0.27,390.0,297.57,0.63,-0.23,95.2,1,26.11,390.63
491,23.55,42.4,400.0,0.12,327.29,249.72,0.1,-0.102,95.1,1,24.02,327.39
492,22.72,42.4,400.0,0.05,260.0,198.38,0.87,0.391,93.6,1,22.07,260.87
493,22.57,38.6,427.0,0.26,327.29,249.72,0.94,-0.591,95.1,1,20.37,328.23
494,21.74,39.3,400.0,0.15,390.0,297.57,0.74,-0.478,95.2,1,19.06,390.74
495,21.65,43.7,400.0,0.21,443.85,338.66,0.44,-0.312,95.3,1,18.21,444.29
496,20.22,39.7,406.0,0.12,485.17,370.18,0.43,0.044,94.8,1,17.88,485.59
497,20.88,42.5,400.0,0.11,511.14,390.0,0.05,-0.576,95.1,1,18.09,511.19
498,20.27,47.3,418.0,0.14,520.0,396.76,0.53,-0.437,95.3,1,18.84,520.53
499,21.38,45.2,409.0,0.23,511.14,390.0,0.84,-0.23,95.2,1,20.06,511.98
500,20.78,51.2,413.0,0.03,485.17,370.18,0.45,-0.634,95.0,1,21.68,485.62
501,22.08,51.5,400.0,0.12,443.85,338.66,0.2,-0.02,94.9,1,23.59,444.05
502,22.23,51.4,400.0,0.16,390.0,297.57,0.24,-0.434,95.3,1,25.64,390.24
503,22.75,58.6,415.0,0.28,327.29,249.72,0.54,0.014,94.9,1,27.71,327.83
504,23.13,63.4,400.0,0.26,260.0,198.38,0.25,0.526,92.9,1,29.65,260.25
505,24.15,62.0,410.0,0.1,327.29,249.72,0.92,-0.004,94.9,1,31.33,328.21
506,25.96,60.7,401.0,0.16,390.0,297.57,0.57,0.231,94.2,1,32.64,390.57
507,25.85,58.6,438.0,0.2,443.85,338.66,0.95,0.266,94.1,1,33.47,444.79
508,25.95,59.4,400.0,0.0,485.17,370.18,0.89,0.41,93.5,1,33.79,486.05
509,26.84,59.1,400.0,0.01,511.14,390.0,0.38,0.391,93.6,1,33.56,511.52
510,26.55,52.9,404.0,0.12,520.0,396.76,0.96,0.643,92.2,1,32.8,520.96
511,26.33,48.4,438.0,0.07,511.14,390.0,0.67,0.505,93.0,1,31.56,511.81
512,26.18,47.3,1023.0,1.0,630.72,481.24,10.23,0.5,93.0,1,29.93,640.95
513,26.4,46.4,981.0,1.0,577.0,440.25,10.83,0.337,93.8,1,28.01,587.84
514,25.28,44.7,1006.0,1.0,507.0,386.84,10.77,0.234,94.2,1,25.94,517.77
515,24.93,42.3,1027.0,1.0,425.48,324.64,10.34,0.149,94.5,1,23.85,435.82
516,23.59,41.4,1025.0,1.0,338.0,257.89,10.26,0.009,94.9,1,21.9,348.26
517,22.72,38.4,1036.0,1.0,425.48,324.64,10.35,-0.197,95.2,1,20.21,435.83
518,23.04,40.3,967.0,1.0,507.0,386.84,10.35,-0.103,95.1,1,18.89,517.35
519,21.16,39.5,1057.0,1.0,577.0,440.25,10.62,-0.387,95.3,1,18.04,587.62
520,21.06,40.0,973.0,1.0,630.72,481.24,10.53,-0.323,95.3,1,17.71,641.24
521,21.48,42.6,1007.0,1.0,664.48,507.0,10.14,-0.405,95.3,1,17.93,674.62
522,20.6,43.3,983.0,1.0,676.0,515.79,10.96,-0.178,95.2,1,18.67,686.96
523,21.86,49.8,400.0,0.17,511.14,390.0,0.67,-0.721,94.9,0,19.9,511.81
524,20.79,48.5,400.0,0.07,485.17,370.18,0.33,-0.421,95.3,1,21.52,485.49
525,22.03,51.9,452.0,0.08,443.85,338.66,0.43,-0.273,95.3,1,23.42,444.28
526,23.19,57.7,400.0,0.0,390.0,297.57,0.36,-0.09,95.1,1,25.48,390.36
527,23.16,55.3,400.0,0.18,327.29,249.72,0.05,-0.214,95.2,1,27.55,327.34
528,24.05,60.3,400.0,0.05,260.0,198.38,0.62,0.239,94.2,1,29.49,260.62
529,25.04,58.5,400.0,0.25,327.29,249.72,0.0,-0.266,95.3,1,31.17,327.29
530,24.08,64.2,416.0,0.14,390.0,297.57,0.12,0.278,94.0,1,32.47,390.12
531,26.69,58.8,400.0,0.13,443.85,338.66,0.15,0.679,92.0,1,33.31,443.99
532,26.63,56.6,410.0,0.18,485.17,370.18,0.07,0.431,93.4,1,33.62,485.23
533,26.79,59.6,408.0,0.24,511.14,390.0,0.46,0.401,93.5,1,33.39,511.6
534,26.95,59.9,400.0,0.11,520.0,396.76,0.33,0.709,91.8,0,32.63,520.33
535,25.75,54.2,400.0,0.18,511.14,390.0,0.18,0.456,93.3,1,31.39,511.32
536,26.93,49.8,966.0,1.0,630.72,481.24,10.95,0.129,94.6,1,29.76,641.67
537,26.19,45.1,1021.0,1.0,577.0,440.25,10.09,0.484,93.1,1,27.84,587.09
538,24.9,46.0,960.0,1.0,507.0,386.84,10.14,0.088,94.7,1,25.77,517.14
539,24.87,46.7,937.0,1.0,425.48,324.64,10.09,0.27,94.1,1,23.69,435.57
540,24.16,43.0,977.0,1.0,338.0,257.89,10.42,0.182,94.4,1,21.73,348.42
541,22.84,39.8,1043.0,1.0,425.48,324.64,10.93,0.135,94.5,1,20.04,436.41
542,23.03,39.2,973.0,1.0,507.0,386.84,10.28,-0.141,95.1,1,18.72,517.28
543,21.72,40.9,993.0,1.0,577.0,440.25,10.68,-0.202,95.2,1,17.87,587.68
544,21.16,39.1,965.0,1.0,630.72,481.24,10.72,-0.459,95.2,1,17.54,641.44
545,21.34,43.2,956.0,1.0,664.48,507.0,10.95,-0.252,95.2,1,17.76,675.44
546,20.47,46.8,973.0,1.0,676.0,515.79,10.17,-0.285,95.3,1,18.51,686.17
547,20.78,47.9,414.0,0.05,511.14,390.0,0.42,-0.284,95.3,1,19.73,511.56
548,20.74,49.8,400.0,0.15,485.17,370.18,0.85,-0.265,95.3,1,21.35,486.02
549,21.71,50.0,447.0,0.22,443.85,338.66,0.15,-0.506,95.2,1,23.25,444.0
550,22.26,55.5,400.0,0.18,390.0,297.57,0.81,0.014,94.9,1,25.31,390.81
551,23.21,54.9,400.0,0.05,327.29,249.72,0.38,0.017,94.9,1,27.38,327.68
552,24.44,60.0,400.0,0.26,260.0,198.38,0.37,-0.543,95.2,1,29.32,260.37
553,25.05,61.1,400.0,0.12,327.29,249.72,0.4,0.414,93.5,1,31.0,327.69
554,25.5,57.2,447.0,0.28,390.0,297.57,0.43,0.222,94.3,1,32.3,390.43
555,26.7,58.0,400.0,0.26,443.85,338.66,0.04,0.405,93.5,1,33.14,443.89
556,26.23,58.5,400.0,0.19,485.17,370.18,0.03,0.384,93.6,1,33.45,485.2
557,27.09,56.1,418.0,0.15,511.14,390.0,0.81,0.64,92.2,1,33.22,511.95
558,27.41,54.3,400.0,0.26,520.0,396.76,0.49,0.573,92.6,1,32.46,520.49
559,27.8,54.6,401.0,0.18,511.14,390.0,0.86,0.454,93.3,1,31.22,512.0
560,26.63,51.8,1042.0,1.0,630.72,481.24,10.35,0.076,94.7,1,29.59,641.07
561,25.89,49.3,1020.0,1.0,577.0,440.25,10.4,0.697,91.9,1,27.67,587.4
562,25.47,46.8,1009.0,1.0,507.0,386.84,10.98,0.21,94.3,1,25.6,517.98
563,24.77,46.8,1008.0,1.0,425.48,324.64,10.23,-0.091,95.1,1,23.52,435.71
564,23.63,41.1,982.0,1.0,338.0,257.89,10.99,0.533,92.9,1,21.57,348.99
565,23.2,41.8,959.0,1.0,425.48,324.64,10.0,0.104,94.6,1,19.87,435.48
566,23.36,35.4,1019.0,1.0,507.0,386.84,10.59,-0.353,95.3,1,18.56,517.59
567,21.02,37.5,997.0,1.0,577.0,440.25,10.24,-0.628,95.0,1,17.7,587.25
568,20.17,42.4,1020.0,1.0,630.72,481.24,10.41,-0.447,95.3,1,17.38,641.13
569,20.33,42.7,1048.0,1.0,664.48,507.0,10.67,-0.2,95.2,1,17.59,675.15
570,20.52,44.6,1042.0,1.0,676.0,515.79,10.87,-0.756,94.8,0,18.34,686.87
571,20.5,46.7,400.0,0.09,511.14,390.0,0.19,-0.525,95.2,1,19.56,511.33
572,20.99,45.3,406.0,0.2,485.17,370.18,0.78,-0.168,95.2,1,21.18,485.95
573,21.36,50.2,400.0,0.26,443.85,338.66,0.34,-0.739,94.8,0,23.09,444.19
574,22.73,54.5,400.0,0.08,390.0,297.57,0.31,-0.46,95.2,1,25.14,390.31
575,22.76,59.4,400.0,0.2,327.29,249.72,0.9,-0.183,95.2,1,27.21,328.19
576,23.43,58.9,411.0,0.15,260.0,198.38,0.35,-0.072,95.0,1,29.15,260.35
577,23.81,59.2,400.0,0.16,327.29,249.72,0.24,0.216,94.3,1,30.83,327.53
578,26.01,59.8,405.0,0.08,390.0,297.57,0.51,-0.176,95.2,1,32.14,390.51
579,26.81,58.3,400.0,0.27,443.85,338.66,0.33,0.466,93.2,1,32.97,444.18
580,26.75,61.8,400.0,0.02,485.17,370.18,0.59,0.387,93.6,1,33.29,485.76
581,26.99,56.9,418.0,0.07,511.14,390.0,0.22,0.563,92.7,1,33.06,511.36
582,27.36,58.7,408.0,0.25,520.0,396.76,0.22,0.282,94.0,1,32.3,520.22
583,27.34,52.4,400.0,0.21,511.14,390.0,0.98,0.165,94.4,1,31.06,512.12
584,26.05,50.3,1011.0,1.0,630.72,481.24,10.77,0.305,93.9,1,29.42,641.48
585,26.03,47.6,985.0,1.0,577.0,440.25,10.57,0.34,93.8,1,27.51,587.58
586,26.03,45.9,1026.0,1.0,507.0,386.84,10.8,0.166,94.4,1,25.44,517.8
587,24.55,40.5,1047.0,1.0,425.48,324.64,10.17,-0.127,95.1,1,23.35,435.65
588,24.13,41.6,985.0,1.0,338.0,257.89,10.71,-0.215,95.2,1,21.4,348.71
589,23.88,39.2,1008.0,1.0,425.48,324.64,10.55,-0.252,95.2,1,19.71,436.03
590,23.75,39.9,1015.0,1.0,507.0,386.84,10.94,0.165,94.4,1,18.39,517.94
591,22.43,39.5,996.0,1.0,577.0,440.25,10.43,-0.152,95.2,1,17.54,587.44
592,20.83,37.7,974.0,1.0,630.72,481.24,10.58,-0.419,95.3,1,17.21,641.3
593,20.82,41.9,1003.0,1.0,664.48,507.0,10.43,-0.5,95.2,1,17.43,674.91
594,21.67,46.4,1019.0,1.0,676.0,515.79,10.3,-0.262,95.3,1,18.17,686.3
595,20.8,46.6,400.0,0.3,511.14,390.0,0.79,-0.475,95.2,1,19.4,511.93
596,21.91,48.4,400.0,0.28,485.17,370.18,0.73,-0.431,95.3,1,21.02,485.9
597,22.82,47.9,430.0,0.15,443.85,338.66,0.84,-0.583,95.1,1,22.92,444.69
598,23.11,53.8,428.0,0.16,390.0,297.57,0.69,-0.02,94.9,1,24.98,390.69
599,24.2,57.3,400.0,0.08,327.29,249.72,0.33,-0.231,95.2,1,27.05,327.62
600,23.52,60.9,400.0,0.28,260.0,198.38,0.78,-0.166,95.2,1,28.99,260.78
601,23.9,53.3,433.0,0.24,327.29,249.72,0.99,0.128,94.6,1,30.67,328.29
602,25.2,62.6,400.0,0.19,390.0,297.57,0.69,0.588,92.5,1,31.97,390.69
603,26.22,61.0,400.0,0.02,443.85,338.66,0.22,0.397,93.5,1,32.81,444.06
604,26.24,58.6,425.0,0.29,485.17,370.18,0.56,0.236,94.2,1,33.12,485.73
605,26.61,55.9,439.0,0.18,511.14,390.0,0.62,0.428,93.4,1,32.89,511.76
606,27.03,57.2,400.0,0.28,520.0,396.76,0.29,0.657,92.1,1,32.13,520.29
607,26.77,53.3,408.0,0.25,511.14,390.0,0.27,0.628,92.3,1,30.89,511.41
608,27.13,47.5,1034.0,1.0,630.72,481.24,10.81,0.358,93.7,1,29.26,641.52
609,26.24,49.6,989.0,1.0,577.0,440.25,10.79,-0.004,94.9,1,27.34,587.8
610,25.32,46.1,985.0,1.0,507.0,386.84,10.39,0.276,94.0,1,25.27,517.39
611,25.38,46.1,1050.0,1.0,425.48,324.64,10.14,0.227,94.2,1,23.19,435.62
612,25.55,42.4,995.0,1.0,338.0,257.89,10.42,0.058,94.8,1,21.23,348.42
613,23.58,43.9,930.0,1.0,425.48,324.64,10.22,0.167,94.4,1,19.54,435.7
614,22.36,43.1,1004.0,1.0,507.0,386.84,10.1,0.089,94.7,1,18.22,517.1
615,21.18,39.4,1016.0,1.0,577.0,440.25,10.13,-0.044,95.0,1,17.37,587.13
616,21.4,43.9,1032.0,1.0,630.72,481.24,10.19,-0.587,95.1,1,17.04,640.91
617,20.64,40.8,1021.0,1.0,664.48,507.0,10.79,-0.422,95.3,1,17.26,675.27
618,21.39,41.4,1012.0,1.0,676.0,515.79,10.6,-0.629,95.0,1,18.01,686.6
619,22.09,46.0,400.0,0.0,511.14,390.0,0.35,-0.523,95.2,1,19.23,511.49
620,21.12,52.6,447.0,0.22,485.17,370.18,0.11,-0.331,95.3,1,20.85,485.27
621,21.74,53.0,400.0,0.0,443.85,338.66,0.01,-0.545,95.2,1,22.76,443.85
622,23.01,55.0,425.0,0.03,390.0,297.57,0.8,-0.208,95.2,1,24.81,390.8
623,23.02,58.5,426.0,0.17,327.29,249.72,0.89,-0.382,95.3,1,26.88,328.18
624,23.28,56.4,418.0,0.14,260.0,198.38,0.13,0.023,94.8,1,28.82,260.13
625,25.54,58.8,400.0,0.22,327.29,249.72,0.07,0.022,94.8,1,30.5,327.36
626,24.97,60.4,443.0,0.03,390.0,297.57,0.72,0.156,94.5,1,31.81,390.72
627,26.24,60.2,403.0,0.12,443.85,338.66,0.71,0.349,93.8,1,32.64,444.56
628,26.7,58.9,409.0,0.24,485.17,370.18,0.73,0.491,93.1,1,32.96,485.9
629,26.86,54.1,424.0,0.04,511.14,390.0,0.55,0.287,94.0,1,32.73,511.69
630,27.48,53.9,400.0,0.28,520.0,396.76,0.96,0.565,92.7,1,31.97,520.96
631,26.31,52.5,432.0,0.29,511.14,390.0,0.25,0.45,93.3,1,30.73,511.39
632,26.96,48.1,410.0,0.03,485.17,370.18,0.71,0.295,94.0,1,29.1,485.87
633,25.88,45.6,400.0,0.06,443.85,338.66,0.45,0.419,93.4,1,27.18,444.3
634,25.71,46.2,417.0,0.15,390.0,297.57,0.78,0.431,93.4,1,25.11,390.78
635,24.55,40.1,400.0,0.15,327.29,249.72,0.07,0.537,92.8,1,23.02,327.37
636,24.25,38.9,405.0,0.16,260.0,198.38,0.95,-0.258,95.3,1,21.07,260.95
637,23.83,39.1,400.0,0.28,327.29,249.72,0.38,0.113,94.6,1,19.38,327.68
638,22.62,43.0,422.0,0.06,390.0,297.57,0.01,-0.343,95.3,1,18.06,390.01
639,21.92,42.6,423.0,0.11,443.85,338.66,0.99,-0.29,95.3,1,17.21,444.84
640,21.21,37.7,400.0,0.07,485.17,370.18,0.55,-0.674,95.0,1,16.88,485.72
641,21.36,41.6,400.0,0.19,511.14,390.0,0.98,-0.38,95.3,1,17.1,512.12
642,21.71,46.3,442.0,0.22,520.0,396.76,0.27,-0.65,95.0,1,17.84,520.27
643,21.28,50.0,449.0,0.06,511.14,390.0,0.42,-0.481,95.2,1,19.07,511.56
644,22.32,47.8,478.0,0.23,485.17,370.18,0.02,-0.58,95.1,1,20.69,485.18
645,21.97,52.9,400.0,0.21,443.85,338.66,0.82,-0.485,95.2,1,22.59,444.66
646,23.68,52.8,400.0,0.08,390.0,297.57,0.37,-0.403,95.3,1,24.65,390.37
647,22.47,58.7,400.0,0.02,327.29,249.72,0.58,0.241,94.2,1,26.72,327.88
648,23.96,57.6,400.0,0.21,260.0,198.38,0.86,-0.181,95.2,1,28.66,260.86
649,24.6,59.1,400.0,0.2,327.29,249.72,0.59,0.306,93.9,1,30.34,327.88
650,25.69,57.1,400.0,0.26,390.0,297.57,0.1,0.189,94.4,1,31.64,390.1
651,26.66,61.4,403.0,0.14,443.85,338.66,0.3,0.213,94.3,1,32.48,444.14
652,28.13,59.7,400.0,0.14,485.17,370.18,0.67,0.49,93.1,1,32.79,485.84
653,27.2,57.9,404.0,0.16,511.14,390.0,0.26,0.673,92.0,1,32.56,511.4
654,27.68,54.5,432.0,0.25,520.0,396.76,0.62,0.31,93.9,1,31.8,520.62
655,26.75,52.0,411.0,0.12,511.14,390.0,0.44,0.936,90.2,0,30.57,511.58
656,26.71,51.6,424.0,0.03,485.17,370.18,0.38,0.791,91.3,0,28.93,485.55
657,26.73,46.6,400.0,0.06,443.85,338.66,0.72,0.348,93.8,1,27.02,444.57
658,25.01,47.1,400.0,0.03,390.0,297.57,0.78,0.345,93.8,1,24.94,390.78
659,24.48,45.7,433.0,0.02,327.29,249.72,0.16,0.197,94.3,1,22.86,327.45
660,24.32,40.7,409.0,0.05,260.0,198.38,0.83,0.013,94.9,1,20.91,260.83
661,23.42,40.5,400.0,0.13,327.29,249.72,0.88,0.016,94.9,1,19.21,328.17
662,22.89,36.3,400.0,0.24,390.0,297.57,0.23,-0.386,95.3,1,17.9,390.23
663,21.33,39.8,400.0,0.16,443.85,338.66,0.71,-0.102,95.1,1,17.05,444.56
664,21.52,40.8,409.0,0.14,485.17,370.18,0.36,-0.501,95.2,1,16.72,485.52
665,21.27,43.2,409.0,0.01,511.14,390.0,0.9,-0.366,95.3,1,16.93,512.04
666,21.39,46.0,408.0,0.12,520.0,396.76,0.81,-0.52,95.2,1,17.68,520.81
667,21.83,47.7,400.0,0.14,511.14,390.0,0.85,-0.616,95.1,1,18.91,511.99
668,21.73,51.7,412.0,0.18,485.17,370.18,0.11,-0.659,95.0,1,20.53,485.28
669,21.64,52.2,409.0,0.22,443.85,338.66,0.87,-0.411,95.3,1,22.43,444.72
670,22.97,52.5,409.0,0.18,390.0,297.57,0.24,-0.292,95.3,1,24.49,390.24
671,22.66,59.1,400.0,0.2,327.29,249.72,0.87,0.088,94.7,1,26.56,328.16
672,24.37,56.1,400.0,0.01,260.0,198.38,0.47,-0.117,95.1,1,28.5,260.47
673,25.34,57.7,400.0,0.07,327.29,249.72,0.84,0.335,93.8,1,30.18,328.13
674,25.79,59.8,403.0,0.09,390.0,297.57,0.81,-0.032,95.0,1,31.48,390.81
675,26.78,57.5,400.0,0.21,443.85,338.66,0.05,0.235,94.2,1,32.32,443.89
676,26.27,58.2,401.0,0.09,485.17,370.18,0.57,0.628,92.3,1,32.63,485.73
677,28.36,54.3,400.0,0.15,511.14,390.0,0.62,0.606,92.4,1,32.4,511.76
678,26.88,54.3,448.0,0.21,520.0,396.76,0.35,0.522,92.9,1,31.64,520.35
679,25.93,50.1,400.0,0.12,511.14,390.0,0.93,0.18,94.4,1,30.4,512.07
680,26.3,51.5,961.0,1.0,630.72,481.24,10.08,0.588,92.5,1,28.77,640.79
681,27.93,48.2,980.0,1.0,577.0,440.25,10.88,0.241,94.2,1,26.85,587.88
682,26.39,43.1,1008.0,1.0,507.0,386.84,10.45,0.348,93.8,1,24.78,517.45
683,24.5,40.6,992.0,1.0,425.48,324.64,10.22,0.061,94.7,1,22.7,435.7
684,24.94,40.5,948.0,1.0,338.0,257.89,10.72,-0.058,95.0,1,20.74,348.72
685,24.22,39.8,961.0,1.0,425.48,324.64,10.53,-0.222,95.2,1,19.05,436.01
686,22.14,41.5,1033.0,1.0,507.0,386.84,10.15,0.128,94.6,1,17.73,517.15
687,22.85,37.4,1059.0,1.0,577.0,440.25,10.34,-0.461,95.2,1,16.88,587.34
688,21.56,43.0,1016.0,1.0,630.72,481.24,10.32,-0.654,95.0,1,16.56,641.03
689,21.82,41.6,995.0,1.0,664.48,507.0,10.5,-0.388,95.3,1,16.77,674.99
690,21.85,43.6,1006.0,1.0,676.0,515.79,10.33,-0.89,94.4,0,17.52,686.33
691,21.95,44.4,400.0,0.23,511.14,390.0,0.34,-0.663,95.0,1,18.74,511.48
692,21.68,48.8,439.0,0.27,485.17,370.18,0.03,-0.149,95.2,1,20.36,485.2
693,21.85,49.6,447.0,0.12,443.85,338.66,0.88,-0.401,95.3,1,22.27,444.73
694,23.15,54.7,400.0,0.1,390.0,297.57,0.06,-0.342,95.3,1,24.32,390.06
695,24.02,58.9,414.0,0.0,327.29,249.72,0.45,0.278,94.0,1,26.39,327.74
696,24.63,62.6,400.0,0.27,260.0,198.38,0.72,0.007,94.9,1,28.33,260.72
697,25.14,59.4,417.0,0.12,327.29,249.72,0.32,-0.017,94.9,1,30.01,327.61
698,26.24,60.4,400.0,0.19,390.0,297.57,0.82,0.367,93.7,1,31.32,390.82
699,25.71,60.2,400.0,0.18,443.85,338.66,0.84,0.276,94.0,1,32.16,444.69
700,27.37,62.4,407.0,0.08,485.17,370.18,0.43,0.42,93.4,1,32.47,485.6
701,27.2,57.4,400.0,0.23,511.14,390.0,0.58,0.453,93.3,1,32.24,511.73
702,27.97,53.6,400.0,0.25,520.0,396.76,0.87,0.148,94.5,1,31.48,520.87
703,27.39,52.6,400.0,0.17,511.14,390.0,0.94,0.616,92.4,1,30.24,512.08
704,27.32,47.9,1019.0,1.0,630.72,481.24,10.85,0.864,90.7,0,28.61,641.57
705,26.83,51.3,1006.0,1.0,577.0,440.25,10.07,-0.07,95.0,1,26.69,587.07
706,25.74,46.3,1001.0,1.0,507.0,386.84,10.3,0.521,92.9,1,24.62,517.3
707,24.83,45.3,1027.0,1.0,425.48,324.64,10.18,0.089,94.7,1,22.54,435.66
708,24.9,40.1,1024.0,1.0,338.0,257.89,10.96,-0.141,95.1,1,20.58,348.96
709,23.82,41.4,1025.0,1.0,425.48,324.64,10.34,-0.066,95.0,1,18.89,435.82
710,23.08,39.8,969.0,1.0,507.0,386.84,10.47,-0.115,95.1,1,17.57,517.47
711,22.78,36.6,1020.0,1.0,577.0,440.25,10.15,-0.316,95.3,1,16.72,587.16
712,22.16,38.7,1046.0,1.0,630.72,481.24,10.32,-0.597,95.1,1,16.39,641.03
713,22.23,43.2,950.0,1.0,664.48,507.0,10.48,-0.545,95.2,1,16.61,674.96
714,21.27,49.4,963.0,1.0,676.0,515.79,10.28,-0.481,95.2,1,17.36,686.28
715,21.82,48.8,455.0,0.17,511.14,390.0,0.87,-0.414,95.3,1,18.58,512.01
716,22.53,50.8,413.0,0.02,485.17,370.18,0.15,-0.216,95.2,1,20.2,485.32
717,22.03,55.1,400.0,0.13,443.85,338.66,0.92,-0.657,95.0,1,22.11,444.77
718,22.48,53.4,400.0,0.15,390.0,297.57,0.91,-0.211,95.2,1,24.16,390.91
719,23.64,57.9,400.0,0.11,327.29,249.72,0.34,-0.154,95.2,1,26.23,327.63
720,24.49,56.1,400.0,0.15,260.0,198.38,0.82,0.002,94.9,1,28.17,260.82
721,25.36,59.5,410.0,0.23,327.29,249.72,0.91,0.312,93.9,1,29.85,328.21
722,26.37,58.6,427.0,0.17,390.0,297.57,0.92,0.105,94.6,1,31.16,390.92
723,26.87,61.6,441.0,0.2,443.85,338.66,0.51,0.195,94.3,1,32.0,444.36
724,28.39,54.8,400.0,0.06,485.17,370.18,0.43,0.182,94.4,1,32.31,485.6
725,28.02,55.4,417.0,0.13,511.14,390.0,0.46,0.501,93.0,1,32.08,511.6
726,27.18,58.4,402.0,0.19,520.0,396.76,0.33,0.315,93.9,1,31.32,520.33
727,27.84,55.0,422.0,0.18,511.14,390.0,0.51,0.304,93.9,1,30.08,511.65
728,27.07,50.7,927.0,1.0,630.72,481.24,10.82,0.486,93.1,1,28.45,641.53
729,26.94,48.9,999.0,1.0,577.0,440.25,10.69,0.257,94.1,1,26.53,587.69
730,26.16,46.0,967.0,1.0,507.0,386.84,10.91,0.155,94.5,1,24.46,517.91
731,24.4,48.0,967.0,1.0,425.48,324.64,10.2,0.223,94.2,1,22.38,435.68
732,24.15,42.1,1054.0,1.0,338.0,257.89,10.54,-0.15,95.2,1,20.42,348.54
733,23.81,41.4,1050.0,1.0,425.48,324.64,10.0,-0.049,95.0,1,18.73,435.48
734,23.39,39.0,1006.0,1.0,507.0,386.84,10.25,-0.03,95.0,1,17.41,517.25
735,21.84,40.4,939.0,1.0,577.0,440.25,10.07,-0.48,95.2,1,16.56,587.07
736,22.61,38.3,980.0,1.0,630.72,481.24,10.11,-0.236,95.2,1,16.23,640.83
737,22.07,43.1,1055.0,1.0,664.48,507.0,10.81,-0.689,94.9,1,16.45,675.29
738,21.03,45.5,994.0,1.0,676.0,515.79,10.47,-0.106,95.1,1,17.2,686.47
739,21.63,47.5,400.0,0.12,511.14,390.0,0.58,-0.392,95.3,1,18.42,511.72
740,22.39,52.0,404.0,0.08,485.17,370.18,0.49,-0.541,95.2,1,20.04,485.66
741,23.01,54.9,400.0,0.12,443.85,338.66,0.72,-0.146,95.1,1,21.95,444.57
742,22.36,57.5,400.0,0.2,390.0,297.57,0.34,-0.433,95.3,1,24.0,390.34
743,23.44,54.5,400.0,0.06,327.29,249.72,0.01,-0.453,95.2,1,26.07,327.31
744,25.06,60.1,400.0,0.29,260.0,198.38,0.66,-0.202,95.2,1,28.01,260.66
745,24.76,60.7,473.0,0.13,327.29,249.72,0.49,-0.141,95.1,1,29.69,327.79
746,26.35,61.9,400.0,0.06,390.0,297.57,0.17,-0.033,95.0,1,31.0,390.17
747,26.67,59.4,400.0,0.0,443.85,338.66,0.32,0.495,93.1,1,31.84,444.17
748,27.05,59.1,400.0,0.15,485.17,370.18,0.76,0.571,92.6,1,32.15,485.92
749,26.28,55.9,421.0,0.15,511.14,390.0,0.49,0.354,93.7,1,31.92,511.63
750,28.1,58.1,400.0,0.08,520.0,396.76,0.69,0.789,91.3,0,31.16,520.69
751,27.09,53.2,400.0,0.14,511.14,390.0,0.53,0.242,94.2,1,29.92,511.67
752,26.87,53.9,1004.0,1.0,630.72,481.24,10.27,0.669,92.1,1,28.29,640.99
753,26.93,45.6,1013.0,1.0,577.0,440.25,10.3,0.166,94.4,1,26.37,587.3
754,26.08,45.8,1005.0,1.0,507.0,386.84,10.56,0.296,94.0,1,24.3,517.56
755,25.35,43.4,968.0,1.0,425.48,324.64,10.67,0.036,94.8,1,22.22,436.15
756,24.51,38.2,997.0,1.0,338.0,257.89,10.6,-0.025,94.9,1,20.26,348.6
757,23.53,41.9,1016.0,1.0,425.48,324.64,10.59,-0.097,95.1,1,18.57,436.07
758,22.78,42.3,1002.0,1.0,507.0,386.84,10.88,-0.356,95.3,1,17.25,517.88
759,22.76,38.8,998.0,1.0,577.0,440.25,10.79,-0.373,95.3,1,16.4,587.79
760,21.52,41.2,1043.0,1.0,630.72,481.24,10.06,-0.586,95.1,1,16.08,640.78
761,21.37,41.0,1024.0,1.0,664.48,507.0,10.47,-0.74,94.8,0,16.29,674.95
762,21.62,47.2,980.0,1.0,676.0,515.79,10.48,-0.859,94.5,0,17.04,686.48
763,22.02,43.5,400.0,0.13,511.14,390.0,0.33,-0.464,95.2,1,18.26,511.48
764,21.63,45.5,412.0,0.26,485.17,370.18,0.07,-0.081,95.1,1,19.88,485.23
765,22.08,53.7,400.0,0.07,443.85,338.66,0.95,-0.512,95.2,1,21.79,444.8
766,22.96,55.6,400.0,0.29,390.0,297.57,0.93,-0.119,95.1,1,23.85,390.93
767,23.39,58.0,413.0,0.06,327.29,249.72,0.16,0.086,94.7,1,25.91,327.45
768,24.55,59.0,400.0,0.06,260.0,198.38,0.01,-0.08,95.0,1,27.86,260.01
769,24.27,61.5,425.0,0.21,327.29,249.72,0.85,-0.01,94.9,1,29.54,328.15
770,26.87,60.1,425.0,0.09,390.0,297.57,0.72,0.319,93.9,1,30.84,390.72
771,26.71,59.1,400.0,0.12,443.85,338.66,0.77,0.508,93.0,1,31.68,444.62
772,26.33,62.8,414.0,0.05,485.17,370.18,0.58,0.59,92.5,1,31.99,485.74
773,27.24,58.2,445.0,0.1,511.14,390.0,0.56,0.283,94.0,1,31.76,511.7
774,27.66,54.7,400.0,0.11,520.0,396.76,0.01,0.896,90.5,0,31.0,520.01
775,27.47,52.8,400.0,0.23,511.14,390.0,0.72,0.453,93.3,1,29.76,511.86
776,26.57,48.3,1018.0,1.0,630.72,481.24,10.71,0.411,93.5,1,28.13,641.43
777,27.38,50.8,984.0,1.0,577.0,440.25,10.85,0.392,93.6,1,26.21,587.85
778,26.57,43.4,1017.0,1.0,507.0,386.84,10.71,0.471,93.2,1,24.14,517.71
779,24.77,43.3,1020.0,1.0,425.48,324.64,10.46,0.621,92.4,1,22.06,435.94
780,24.81,42.4,965.0,1.0,338.0,257.89,10.07,0.024,94.8,1,20.11,348.07
781,23.41,36.8,1007.0,1.0,425.48,324.64,10.51,-0.316,95.3,1,18.41,435.99
782,22.47,39.4,970.0,1.0,507.0,386.84,10.65,-0.185,95.2,1,17.1,517.65
783,22.07,40.3,962.0,1.0,577.0,440.25,10.01,-0.231,95.2,1,16.25,587.01
784,22.43,39.7,1023.0,1.0,630.72,481.24,10.82,-0.538,95.2,1,15.92,641.53
785,21.25,41.8,1003.0,1.0,664.48,507.0,10.67,-0.731,94.8,0,16.13,675.15
786,21.79,45.8,924.0,1.0,676.0,515.79,10.83,-0.232,95.2,1,16.88,686.83
787,21.05,49.3,419.0,0.14,511.14,390.0,0.95,-0.231,95.2,1,18.11,512.09
788,22.41,50.1,400.0,0.01,485.17,370.18,0.81,-0.393,95.3,1,19.73,485.98
789,22.4,48.9,400.0,0.29,443.85,338.66,0.39,-0.084,95.1,1,21.63,444.24
790,23.38,53.4,400.0,0.03,390.0,297.57,0.06,-0.279,95.3,1,23.69,390.06
791,23.28,55.4,429.0,0.15,327.29,249.72,0.08,-0.377,95.3,1,25.76,327.38
792,25.74,55.9,415.0,0.27,260.0,198.38,0.63,0.222,94.3,1,27.7,260.63
793,26.42,56.6,408.0,0.28,327.29,249.72,0.71,0.122,94.6,1,29.38,328.0
794,24.91,60.4,417.0,0.26,390.0,297.57,0.77,0.687,92.0,1,30.68,390.77
795,27.44,58.5,400.0,0.11,443.85,338.66,0.97,0.023,94.8,1,31.52,444.82
796,27.36,60.3,426.0,0.06,485.17,370.18,0.73,0.539,92.8,1,31.84,485.9
797,27.83,59.6,409.0,0.24,511.14,390.0,1.0,0.254,94.1,1,31.6,512.14
798,27.91,51.0,428.0,0.24,520.0,396.76,0.42,0.692,91.9,1,30.84,520.42
799,28.06,56.8,443.0,0.29,511.14,390.0,0.22,0.704,91.8,0,29.61,511.36
800,27.0,51.6,433.0,0.12,485.17,370.18,0.51,0.279,94.0,1,27.97,485.68
801,26.08,49.0,402.0,0.1,443.85,338.66,0.06,0.711,91.8,0,26.06,443.91
802,25.88,46.6,448.0,0.3,390.0,297.57,0.56,-0.1,95.1,1,23.99,390.56
803,25.1,43.0,400.0,0.14,327.29,249.72,0.42,0.234,94.2,1,21.9,327.71
804,24.73,39.0,400.0,0.26,260.0,198.38,0.33,0.094,94.7,1,19.95,260.33
805,23.94,40.2,416.0,0.15,327.29,249.72,0.16,-0.02,94.9,1,18.26,327.45
806,22.97,34.3,400.0,0.25,390.0,297.57,0.44,-0.044,95.0,1,16.94,390.44
807,22.26,43.7,427.0,0.03,443.85,338.66,0.78,-0.285,95.3,1,16.09,444.63
808,22.47,39.7,401.0,0.03,485.17,370.18,0.46,-0.346,95.3,1,15.76,485.63
809,21.31,43.1,400.0,0.1,511.14,390.0,0.28,-0.703,94.9,0,15.98,511.42
810,22.12,41.8,400.0,0.23,520.0,396.76,0.89,-0.657,95.0,1,16.73,520.89
811,21.82,49.4,427.0,0.13,511.14,390.0,0.59,-0.54,95.2,1,17.95,511.73
812,21.87,49.6,400.0,0.07,485.17,370.18,0.72,-0.206,95.2,1,19.57,485.88
813,22.13,54.4,401.0,0.09,443.85,338.66,0.04,-0.244,95.2,1,21.47,443.89
814,23.95,56.8,400.0,0.11,390.0,297.57,0.67,-0.2,95.2,1,23.53,390.67
815,23.11,53.3,415.0,0.17,327.29,249.72,0.37,-0.639,95.0,1,25.6,327.66
816,24.98,57.9,400.0,0.26,260.0,198.38,0.74,-0.275,95.3,1,27.54,260.74
817,25.47,58.7,400.0,0.1,327.29,249.72,0.61,0.198,94.3,1,29.22,327.9
818,26.13,58.1,400.0,0.18,390.0,297.57,0.52,0.149,94.5,1,30.53,390.52
819,26.25,61.4,425.0,0.17,443.85,338.66,0.13,0.304,93.9,1,31.36,443.98
820,26.99,58.8,400.0,0.3,485.17,370.18,0.67,0.611,92.4,1,31.68,485.84
821,28.84,57.9,400.0,0.25,511.14,390.0,0.01,0.506,93.0,1,31.45,511.15
822,28.33,55.0,407.0,0.25,520.0,396.76,0.43,0.201,94.3,1,30.69,520.43
823,28.18,53.3,410.0,0.09,511.14,390.0,0.63,0.38,93.6,1,29.45,511.77
824,27.74,49.5,400.0,0.13,485.17,370.18,0.23,0.497,93.0,1,27.82,485.4
825,27.04,50.1,400.0,0.27,443.85,338.66,0.02,0.517,92.9,1,25.9,443.87
826,27.02,46.1,431.0,0.16,390.0,297.57,0.26,0.112,94.6,1,23.83,390.26
827,25.68,40.3,402.0,0.15,327.29,249.72,0.37,0.319,93.9,1,21.75,327.67
828,25.98,42.1,400.0,0.11,260.0,198.38,0.52,-0.446,95.3,1,19.79,260.52
829,24.67,40.1,402.0,0.23,327.29,249.72,0.41,-0.153,95.2,1,18.1,327.7
830,23.49,41.0,429.0,0.24,390.0,297.57,0.68,-0.57,95.1,1,16.78,390.68
831,23.02,40.1,400.0,0.04,443.85,338.66,0.56,-0.531,95.2,1,15.93,444.41
832,22.19,41.5,421.0,0.02,485.17,370.18,0.23,-0.286,95.3,1,15.61,485.4
833,22.79,43.7,400.0,0.25,511.14,390.0,0.03,-0.573,95.1,1,15.82,511.17
834,21.53,47.1,400.0,0.19,520.0,396.76,0.4,-0.678,94.9,1,16.57,520.4
835,22.26,47.0,427.0,0.14,511.14,390.0,0.31,-0.645,95.0,1,17.8,511.45
836,22.3,50.0,400.0,0.18,485.17,370.18,0.35,-0.169,95.2,1,19.42,485.51
837,22.32,55.6,400.0,0.19,443.85,338.66,0.5,-0.186,95.2,1,21.32,444.35
838,23.55,55.8,409.0,0.18,390.0,297.57,0.76,-0.256,95.3,1,23.38,390.76
839,22.69,49.1,403.0,0.26,327.29,249.72,0.06,-0.459,95.2,1,25.45,327.35
840,25.29,56.2,400.0,0.13,260.0,198.38,0.93,-0.372,95.3,1,27.39,260.93
841,26.4,59.4,435.0,0.17,327.29,249.72,0.86,0.002,94.9,1,29.07,328.16
842,26.09,61.4,400.0,0.27,390.0,297.57,0.74,0.179,94.4,1,30.37,390.74
843,26.79,62.4,400.0,0.04,443.85,338.66,0.14,0.893,90.5,0,31.21,443.99
844,27.36,55.5,425.0,0.04,485.17,370.18,0.95,0.28,94.0,1,31.52,486.12
845,28.27,55.9,400.0,0.11,511.14,390.0,0.35,0.414,93.5,1,31.29,511.49
846,28.63,56.0,400.0,0.08,520.0,396.76,0.77,0.449,93.3,1,30.53,520.77
847,28.42,52.3,400.0,0.22,511.14,390.0,0.15,0.304,93.9,1,29.3,511.29
848,28.05,50.5,943.0,1.0,630.72,481.24,10.75,0.798,91.2,0,27.66,641.47
849,27.18,47.4,1028.0,1.0,577.0,440.25,10.44,0.288,94.0,1,25.75,587.44
850,25.36,46.2,963.0,1.0,507.0,386.84,10.76,-0.133,95.1,1,23.68,517.76
851,25.55,46.6,998.0,1.0,425.48,324.64,10.01,0.241,94.2,1,21.59,435.49
852,25.34,41.0,930.0,1.0,338.0,257.89,10.22,0.099,94.6,1,19.64,348.22
853,24.56,39.7,1002.0,1.0,425.48,324.64,10.69,0.053,94.8,1,17.95,436.17
854,23.28,40.6,960.0,1.0,507.0,386.84,10.46,-0.323,95.3,1,16.63,517.46
855,21.83,40.4,947.0,1.0,577.0,440.25,10.08,-0.62,95.1,1,15.78,587.08
856,22.73,46.0,969.0,1.0,630.72,481.24,10.98,-0.419,95.3,1,15.45,641.7
857,21.55,42.0,948.0,1.0,664.48,507.0,10.17,-0.468,95.2,1,15.67,674.65
858,21.46,45.8,994.0,1.0,676.0,515.79,10.19,-0.619,95.1,1,16.42,686.19
859,22.51,45.7,400.0,0.14,511.14,390.0,0.65,-0.632,95.0,1,17.64,511.79
860,22.38,48.8,400.0,0.07,485.17,370.18,0.19,-0.338,95.3,1,19.26,485.36
861,23.23,50.2,400.0,0.23,443.85,338.66,0.44,-0.505,95.2,1,21.17,444.29
862,22.71,55.1,423.0,0.17,390.0,297.57,0.9,0.019,94.8,1,23.22,390.9
863,24.09,54.1,400.0,0.14,327.29,249.72,0.38,0.034,94.8,1,25.29,327.67
864,24.08,58.5,432.0,0.13,260.0,198.38,0.88,0.229,94.2,1,27.23,260.88
865,26.2,61.8,400.0,0.28,327.29,249.72,0.94,-0.064,95.0,1,28.91,328.24
866,26.82,61.3,404.0,0.1,390.0,297.57,0.47,0.25,94.1,1,30.22,390.47
867,26.56,59.5,403.0,0.18,443.85,338.66,0.72,0.238,94.2,1,31.06,444.57
868,27.4,62.8,400.0,0.02,485.17,370.18,0.45,0.303,93.9,1,31.37,485.62
869,28.13,55.9,430.0,0.08,511.14,390.0,0.42,0.817,91.1,0,31.14,511.56
870,27.43,58.6,400.0,0.26,520.0,396.76,0.11,0.717,91.8,0,30.38,520.11
871,26.96,51.7,400.0,0.27,511.14,390.0,0.29,0.529,92.9,1,29.14,511.43
872,27.51,51.5,1008.0,1.0,630.72,481.24,10.51,0.74,91.6,0,27.51,641.22
873,27.44,46.3,1052.0,1.0,577.0,440.25,10.17,0.578,92.6,1,25.59,587.18
874,25.94,46.1,984.0,1.0,507.0,386.84,10.17,0.148,94.5,1,23.52,517.17
875,26.38,45.8,1001.0,1.0,425.48,324.64,10.37,-0.197,95.2,1,21.44,435.85
876,25.14,40.6,1032.0,1.0,338.0,257.89,10.24,-0.492,95.2,1,19.49,348.24
877,24.81,43.4,992.0,1.0,425.48,324.64,10.28,-0.364,95.3,1,17.79,435.76
878,22.92,39.7,1028.0,1.0,507.0,386.84,10.14,0.045,94.8,1,16.48,517.14
879,22.32,38.8,996.0,1.0,577.0,440.25,10.29,-0.39,95.3,1,15.63,587.29
880,22.02,44.1,1007.0,1.0,630.72,481.24,10.85,-0.287,95.3,1,15.3,641.56
881,22.79,41.2,992.0,1.0,664.48,507.0,10.67,-0.399,95.3,1,15.52,675.15
882,21.99,40.8,987.0,1.0,676.0,515.79,10.23,-0.529,95.2,1,16.26,686.23
883,21.96,43.5,400.0,0.18,511.14,390.0,0.25,-0.599,95.1,1,17.49,511.39
884,23.05,50.7,400.0,0.09,485.17,370.18,0.37,-0.35,95.3,1,19.11,485.54
885,22.23,50.3,400.0,0.18,443.85,338.66,0.3,0.033,94.8,1,21.01,444.15
886,23.6,54.0,400.0,0.0,390.0,297.57,0.25,-0.191,95.2,1,23.07,390.25
887,24.15,56.0,400.0,0.25,327.29,249.72,1.0,-0.46,95.2,1,25.14,328.29
888,25.78,60.9,416.0,0.08,260.0,198.38,0.33,-0.39,95.3,1,27.08,260.33
889,26.23,60.8,400.0,0.12,327.29,249.72,0.29,0.161,94.5,1,28.76,327.58
890,26.23,61.2,441.0,0.09,390.0,297.57,0.25,0.173,94.4,1,30.07,390.25
891,27.96,60.8,400.0,0.11,443.85,338.66,0.17,0.068,94.7,1,30.9,444.02
892,27.68,58.2,400.0,0.23,485.17,370.18,0.24,0.658,92.1,1,31.22,485.4
893,28.18,55.6,408.0,0.02,511.14,390.0,0.55,0.373,93.6,1,30.99,511.69
894,28.19,53.1,435.0,0.13,520.0,396.76,0.74,0.607,92.4,1,30.23,520.74
895,28.75,53.8,400.0,0.29,511.14,390.0,0.93,0.674,92.0,1,28.99,512.07
896,26.39,49.6,1042.0,1.0,630.72,481.24,10.34,0.142,94.5,1,27.36,641.06
897,27.39,49.6,1020.0,1.0,577.0,440.25,10.29,0.324,93.9,1,25.44,587.29
898,27.64,45.0,1012.0,1.0,507.0,386.84,10.51,0.078,94.7,1,23.37,517.51
899,25.15,44.4,1011.0,1.0,425.48,324.64,10.08,0.259,94.1,1,21.29,435.56
900,24.52,44.9,1010.0,1.0,338.0,257.89,10.3,0.254,94.1,1,19.34,348.3
901,24.35,44.7,983.0,1.0,425.48,324.64,10.93,-0.09,95.1,1,17.64,436.41
902,24.14,39.7,982.0,1.0,507.0,386.84,10.83,-0.189,95.2,1,16.33,517.83
903,23.06,41.5,982.0,1.0,577.0,440.25,10.33,-0.408,95.3,1,15.48,587.34
904,22.31,37.7,983.0,1.0,630.72,481.24,10.55,-0.317,95.3,1,15.15,641.27
905,22.12,40.5,1017.0,1.0,664.48,507.0,10.67,-0.677,94.9,1,15.37,675.16
906,21.84,44.8,1034.0,1.0,676.0,515.79,10.35,-0.893,94.4,0,16.11,686.35
907,21.9,48.5,400.0,0.18,511.14,390.0,0.04,-0.343,95.3,1,17.34,511.18
908,21.75,48.4,400.0,0.05,485.17,370.18,0.61,-0.337,95.3,1,18.96,485.78
909,23.98,50.4,438.0,0.04,443.85,338.66,0.8,-0.172,95.2,1,20.86,444.65
910,23.63,53.0,400.0,0.19,390.0,297.57,0.87,-0.142,95.1,1,22.92,390.87
911,23.76,58.3,417.0,0.21,327.29,249.72,0.12,-0.372,95.3,1,24.99,327.41
912,25.6,58.6,400.0,0.2,260.0,198.38,0.27,-0.219,95.2,1,26.93,260.27
913,24.66,60.2,454.0,0.12,327.29,249.72,0.16,0.329,93.8,1,28.61,327.46
914,25.9,60.6,400.0,0.02,390.0,297.57,0.11,0.033,94.8,1,29.92,390.11
915,27.32,60.9,421.0,0.12,443.85,338.66,0.0,0.307,93.9,1,30.75,443.85
916,27.63,58.9,425.0,0.1,485.17,370.18,0.68,0.23,94.2,1,31.07,485.85
917,28.24,58.1,400.0,0.18,511.14,390.0,0.84,0.746,91.6,0,30.84,511.98
918,27.6,56.1,400.0,0.04,520.0,396.76,0.34,0.217,94.3,1,30.08,520.34
919,27.74,49.3,400.0,0.07,511.14,390.0,0.9,0.596,92.5,1,28.84,512.05
920,27.56,51.7,999.0,1.0,630.72,481.24,10.95,0.248,94.2,1,27.21,641.67
921,26.78,48.3,997.0,1.0,577.0,440.25,10.53,0.472,93.2,1,25.29,587.53
922,26.01,45.5,1028.0,1.0,507.0,386.84,10.01,0.366,93.7,1,23.22,517.01
923,26.63,41.3,969.0,1.0,425.48,324.64,10.17,0.192,94.4,1,21.14,435.65
924,24.55,40.9,966.0,1.0,338.0,257.89,10.62,0.285,94.0,1,19.19,348.62
925,24.17,40.2,970.0,1.0,425.48,324.64,10.52,0.269,94.1,1,17.49,436.0
926,23.1,35.5,1031.0,1.0,507.0,386.84,10.5,-1.0,94.0,0,16.18,517.5
927,22.66,40.2,1020.0,1.0,577.0,440.25,10.6,-0.389,95.3,1,15.33,587.6
928,21.76,40.8,959.0,1.0,630.72,481.24,10.67,-0.543,95.2,1,15.0,641.38
929,21.55,43.4,1020.0,1.0,664.48,507.0,10.29,-0.292,95.3,1,15.22,674.78
930,21.91,44.0,981.0,1.0,676.0,515.79,10.61,-0.289,95.3,1,15.96,686.61
931,22.03,46.4,400.0,0.11,511.14,390.0,0.96,-0.794,94.7,0,17.19,512.11
932,22.63,49.4,400.0,0.25,485.17,370.18,0.17,-0.44,95.3,1,18.81,485.33
933,24.03,48.6,400.0,0.17,443.85,338.66,0.0,-0.495,95.2,1,20.71,443.85
934,23.71,53.2,421.0,0.27,390.0,297.57,0.04,-0.138,95.1,1,22.77,390.04
935,24.08,56.9,400.0,0.18,327.29,249.72,0.15,0.1,94.6,1,24.84,327.45
936,23.93,55.6,432.0,0.22,260.0,198.38,0.97,-0.213,95.2,1,26.78,260.97
937,25.24,59.2,435.0,0.1,327.29,249.72,0.65,0.131,94.5,1,28.46,327.94
938,27.49,58.5,400.0,0.16,390.0,297.57,0.2,0.052,94.8,1,29.77,390.2
939,27.6,58.0,400.0,0.03,443.85,338.66,0.86,0.031,94.8,1,30.6,444.71
940,27.88,60.0,427.0,0.12,485.17,370.18,0.02,0.669,92.1,1,30.92,485.18
941,28.29,54.7,400.0,0.09,511.14,390.0,0.22,0.702,91.9,0,30.69,511.36
942,27.54,54.3,428.0,0.09,520.0,396.76,0.2,0.295,94.0,1,29.93,520.2
943,28.2,49.6,429.0,0.23,511.14,390.0,0.26,0.708,91.8,0,28.69,511.4
944,27.61,49.4,949.0,1.0,630.72,481.24,10.82,0.188,94.4,1,27.06,641.54
945,27.81,43.8,1014.0,1.0,577.0,440.25,10.52,0.516,92.9,1,25.14,587.52
946,26.56,45.6,1010.0,1.0,507.0,386.84,10.58,0.046,94.8,1,23.07,517.58
947,25.51,45.3,1011.0,1.0,425.48,324.64,10.68,0.135,94.5,1,20.99,436.16
948,25.29,41.0,1009.0,1.0,338.0,257.89,10.79,-0.024,94.9,1,19.04,348.79
949,24.14,40.7,1008.0,1.0,425.48,324.64,10.39,-0.616,95.1,1,17.34,435.87
950,23.94,38.3,1053.0,1.0,507.0,386.84,10.15,-0.317,95.3,1,16.03,517.15
951,23.04,38.9,1011.0,1.0,577.0,440.25,10.67,-0.376,95.3,1,15.18,587.68
952,23.04,42.0,985.0,1.0,630.72,481.24,10.71,-0.666,95.0,1,14.85,641.42
953,21.79,40.8,987.0,1.0,664.48,507.0,10.82,-0.587,95.1,1,15.07,675.3
954,22.94,42.7,991.0,1.0,676.0,515.79,10.08,-0.288,95.3,1,15.82,686.08
955,22.46,42.7,437.0,0.09,511.14,390.0,0.76,-0.501,95.2,1,17.04,511.9
956,22.58,47.3,400.0,0.1,485.17,370.18,0.52,-0.537,95.2,1,18.66,485.69
957,23.54,50.9,445.0,0.23,443.85,338.66,0.23,-0.626,95.0,1,20.57,444.07
958,24.02,51.3,405.0,0.29,390.0,297.57,0.19,-0.408,95.3,1,22.62,390.19
959,24.72,56.4,400.0,0.17,327.29,249.72,0.43,-0.151,95.2,1,24.69,327.72
960,25.4,58.8,439.0,0.06,260.0,198.38,0.21,-0.062,95.0,1,26.63,260.21
961,26.31,57.8,424.0,0.18,327.29,249.72,0.67,-0.069,95.0,1,28.31,327.96
962,26.56,59.8,400.0,0.2,390.0,297.57,0.45,0.11,94.6,1,29.62,390.45
963,27.6,58.6,406.0,0.19,443.85,338.66,0.37,0.169,94.4,1,30.46,444.22
964,27.52,61.7,427.0,0.29,485.17,370.18,0.01,0.724,91.7,0,30.77,485.18
965,27.69,53.9,435.0,0.05,511.14,390.0,0.44,0.754,91.5,0,30.54,511.59
966,27.94,56.9,400.0,0.01,520.0,396.76,0.75,0.502,93.0,1,29.78,520.75
967,27.23,53.6,440.0,0.02,511.14,390.0,0.87,0.571,92.6,1,28.54,512.01
968,27.18,48.2,400.0,0.06,485.17,370.18,0.48,0.733,91.7,0,26.91,485.64
969,27.16,47.6,436.0,0.12,443.85,338.66,0.34,0.546,92.8,1,25.0,444.19
970,25.9,45.7,400.0,0.05,390.0,297.57,0.55,0.086,94.7,1,22.93,390.55
971,25.79,45.4,446.0,0.13,327.29,249.72,0.36,0.201,94.3,1,20.84,327.65
972,25.63,42.0,400.0,0.04,260.0,198.38,0.37,-0.061,95.0,1,18.89,260.37
973,24.27,37.0,400.0,0.23,327.29,249.72,0.03,0.049,94.8,1,17.2,327.32
974,23.52,40.1,431.0,0.01,390.0,297.57,0.67,-0.718,94.9,0,15.88,390.67
975,23.01,41.6,403.0,0.08,443.85,338.66,0.59,-0.909,94.3,0,15.03,444.44
976,21.31,45.0,421.0,0.21,485.17,370.18,0.71,-0.351,95.3,1,14.7,485.88
977,22.38,40.9,400.0,0.14,511.14,390.0,0.42,-0.436,95.3,1,14.92,511.56
978,22.57,47.9,400.0,0.17,520.0,396.76,0.04,-0.395,95.3,1,15.67,520.04
979,22.8,47.1,400.0,0.26,511.14,390.0,0.43,-0.659,95.0,1,16.89,511.57
980,22.39,45.9,400.0,0.3,485.17,370.18,0.31,-0.731,94.8,0,18.51,485.48
981,23.85,55.2,434.0,0.15,443.85,338.66,0.16,-0.458,95.2,1,20.42,444.01
982,23.86,52.9,400.0,0.13,390.0,297.57,0.71,-0.605,95.1,1,22.48,390.71
983,24.95,58.3,400.0,0.23,327.29,249.72,0.89,-0.36,95.3,1,24.55,328.18
984,25.08,56.3,400.0,0.0,260.0,198.38,0.82,0.168,94.4,1,26.49,260.82
985,26.74,61.7,400.0,0.28,327.29,249.72,0.93,0.054,94.8,1,28.17,328.22
986,26.5,60.4,415.0,0.05,390.0,297.57,0.5,0.137,94.5,1,29.47,390.5
987,27.55,58.5,400.0,0.27,443.85,338.66,0.24,0.147,94.5,1,30.31,444.08
988,27.86,57.1,400.0,0.28,485.17,370.18,0.86,0.318,93.9,1,30.63,486.03
989,27.53,56.0,400.0,0.03,511.14,390.0,0.02,0.52,92.9,1,30.4,511.16
990,29.03,53.8,463.0,0.2,520.0,396.76,0.25,0.591,92.5,1,29.64,520.25
991,27.99,49.7,410.0,0.04,511.14,390.0,0.88,0.222,94.2,1,28.4,512.03
992,27.26,48.0,400.0,0.05,485.17,370.18,0.64,0.457,93.2,1,26.77,485.81
993,26.97,51.8,430.0,0.03,443.85,338.66,0.86,0.726,91.7,0,24.85,444.7
994,27.17,44.5,470.0,0.23,390.0,297.57,0.74,0.087,94.7,1,22.78,390.74
995,26.86,43.7,416.0,0.11,327.29,249.72,0.83,0.206,94.3,1,20.7,328.12
996,24.83,40.3,400.0,0.19,260.0,198.38,0.34,-0.06,95.0,1,18.74,260.34
997,24.72,42.7,400.0,0.29,327.29,249.72,0.79,-0.137,95.1,1,17.05,328.09
998,23.53,41.6,400.0,0.13,390.0,297.57,0.03,-0.088,95.1,1,15.74,390.03
999,21.99,39.1,400.0,0.17,443.85,338.66,0.26,-0.288,95.3,1,14.89,444.1
1000,23.04,39.4,409.0,0.28,485.17,370.18,0.92,-0.321,95.3,1,14.56,486.09
1001,21.87,40.2,400.0,0.11,511.14,390.0,0.74,-0.7,94.9,0,14.78,511.88
1002,22.64,42.9,417.0,0.04,520.0,396.76,0.18,-0.61,95.1,1,15.52,520.18
1003,22.67,48.0,400.0,0.13,511.14,390.0,0.64,-0.299,95.3,1,16.75,511.78
1004,22.48,48.6,403.0,0.14,485.17,370.18,0.4,-0.625,95.0,1,18.37,485.57
1005,23.36,50.4,447.0,0.21,443.85,338.66,0.9,-0.292,95.3,1,20.27,444.75
1006,24.23,53.1,400.0,0.08,390.0,297.57,0.56,-0.056,95.0,1,22.33,390.56
1007,23.68,59.2,400.0,0.12,327.29,249.72,0.0,0.014,94.9,1,24.4,327.3
1008,25.46,57.4,411.0,0.21,260.0,198.38,0.82,-0.109,95.1,1,26.34,260.82
1009,26.33,60.5,400.0,0.23,327.29,249.72,0.88,0.083,94.7,1,28.02,328.18
1010,26.71,60.6,436.0,0.24,390.0,297.57,0.56,0.305,93.9,1,29.33,390.56
1011,28.23,59.9,400.0,0.18,443.85,338.66,0.93,0.192,94.4,1,30.17,444.77
1012,28.03,57.7,429.0,0.12,485.17,370.18,0.3,0.258,94.1,1,30.48,485.47
1013,29.33,59.9,414.0,0.11,511.14,390.0,0.78,0.378,93.6,1,30.25,511.92
1014,29.06,56.3,402.0,0.16,520.0,396.76,0.82,0.742,91.6,0,29.49,520.82
1015,29.14,52.6,404.0,0.11,511.14,390.0,0.73,0.219,94.3,1,28.25,511.87
1016,28.31,49.0,1011.0,1.0,630.72,481.24,10.05,0.491,93.1,1,26.62,640.77
1017,28.04,46.2,989.0,1.0,577.0,440.25,10.45,0.422,93.4,1,24.71,587.46
1018,26.71,47.8,1035.0,1.0,507.0,386.84,10.63,0.594,92.5,1,22.64,517.63
1019,27.17,44.8,961.0,1.0,425.48,324.64,10.97,0.543,92.8,1,20.55,436.45
1020,24.8,45.2,1048.0,1.0,338.0,257.89,10.84,-0.194,95.2,1,18.6,348.84
1021,25.48,41.0,962.0,1.0,425.48,324.64,10.89,0.0,94.9,1,16.91,436.37
1022,23.78,41.1,1031.0,1.0,507.0,386.84,10.82,-0.363,95.3,1,15.59,517.82
1023,22.55,35.6,1058.0,1.0,577.0,440.25,10.41,-0.253,95.2,1,14.74,587.41
1024,23.07,42.2,1052.0,1.0,630.72,481.24,10.74,-0.656,95.0,1,14.41,641.45
1025,22.42,44.4,939.0,1.0,664.48,507.0,10.82,-0.412,95.3,1,14.63,675.3
1026,22.69,47.5,1001.0,1.0,676.0,515.79,10.74,-0.14,95.1,1,15.38,686.74
1027,23.45,42.0,401.0,0.06,511.14,390.0,0.34,-0.709,94.9,0,16.61,511.48
1028,22.19,46.1,449.0,0.07,485.17,370.18,0.43,-0.25,95.2,1,18.23,485.6
1029,24.03,53.2,400.0,0.3,443.85,338.66,0.15,-0.228,95.2,1,20.13,444.0
1030,24.26,55.0,400.0,0.14,390.0,297.57,0.15,0.02,94.8,1,22.19,390.15
1031,25.03,53.7,400.0,0.14,327.29,249.72,0.28,-0.082,95.1,1,24.26,327.57
1032,24.49,59.3,406.0,0.21,260.0,198.38,0.89,0.043,94.8,1,26.2,260.89
1033,26.42,58.9,400.0,0.04,327.29,249.72,0.13,0.299,94.0,1,27.88,327.43
1034,27.45,58.2,405.0,0.12,390.0,297.57,0.23,0.67,92.1,1,29.19,390.23
1035,28.53,57.7,400.0,0.14,443.85,338.66,0.97,0.354,93.7,1,30.02,444.81
1036,27.22,57.2,400.0,0.16,485.17,370.18,0.6,0.508,93.0,1,30.34,485.77
1037,28.14,55.7,430.0,0.12,511.14,390.0,0.71,0.54,92.8,1,30.11,511.85
1038,29.79,52.1,400.0,0.03,520.0,396.76,0.09,0.259,94.1,1,29.35,520.09
1039,27.26,56.5,404.0,0.07,511.14,390.0,0.61,0.338,93.8,1,28.11,511.75
1040,28.59,53.5,991.0,1.0,630.72,481.24,10.38,0.235,94.2,1,26.48,641.1
1041,27.68,50.0,1020.0,1.0,577.0,440.25,10.14,0.472,93.2,1,24.56,587.14
1042,26.59,45.1,1065.0,1.0,507.0,386.84,10.4,0.206,94.3,1,22.49,517.4
1043,26.0,41.5,945.0,1.0,425.48,324.64,10.58,0.071,94.7,1,20.41,436.06
1044,26.7,38.0,981.0,1.0,338.0,257.89,10.72,0.1,94.6,1,18.46,348.72
1045,25.1,41.8,993.0,1.0,425.48,324.64,10.08,-0.298,95.3,1,16.77,435.56
1046,23.86,39.2,977.0,1.0,507.0,386.84,10.33,-0.274,95.3,1,15.45,517.33
1047,22.93,43.7,1021.0,1.0,577.0,440.25,10.9,-0.182,95.2,1,14.6,587.9
1048,23.3,41.2,999.0,1.0,630.72,481.24,10.97,-0.401,95.3,1,14.27,641.68
1049,22.39,42.6,978.0,1.0,664.48,507.0,10.76,-0.306,95.3,1,14.49,675.24
1050,22.0,42.7,969.0,1.0,676.0,515.79,10.59,-0.849,94.5,0,15.24,686.59
1051,22.44,50.5,400.0,0.29,511.14,390.0,0.25,-0.439,95.3,1,16.46,511.39
1052,23.07,45.1,419.0,0.2,485.17,370.18,0.89,-0.421,95.3,1,18.08,486.05
1053,23.24,52.1,400.0,0.16,443.85,338.66,0.93,-0.262,95.3,1,19.99,444.78
1054,24.85,53.0,456.0,0.2,390.0,297.57,0.98,-0.511,95.2,1,22.05,390.98
1055,25.09,58.5,437.0,0.28,327.29,249.72,0.68,-0.241,95.2,1,24.12,327.97
1056,25.31,58.4,400.0,0.0,260.0,198.38,0.84,-0.236,95.2,1,26.06,260.84
1057,26.64,57.8,400.0,0.05,327.29,249.72,0.97,0.042,94.8,1,27.74,328.26
1058,26.81,60.4,400.0,0.09,390.0,297.57,0.65,0.653,92.2,1,29.04,390.65
1059,27.5,62.2,400.0,0.29,443.85,338.66,0.61,0.291,94.0,1,29.88,444.46
1060,28.07,59.5,400.0,0.24,485.17,370.18,0.65,0.236,94.2,1,30.2,485.82
1061,28.13,58.6,400.0,0.01,511.14,390.0,0.55,0.217,94.3,1,29.97,511.69
1062,29.03,57.4,424.0,0.24,520.0,396.76,0.22,0.339,93.8,1,29.21,520.22
1063,28.9,52.3,458.0,0.06,511.14,390.0,0.46,0.443,93.3,1,27.97,511.6
1064,27.59,53.8,979.0,1.0,630.72,481.24,10.7,0.564,92.7,1,26.34,641.42
1065,28.45,47.8,952.0,1.0,577.0,440.25,10.72,0.452,93.3,1,24.42,587.73
1066,27.23,45.2,990.0,1.0,507.0,386.84,10.46,0.394,93.5,1,22.35,517.46
1067,25.2,47.2,1002.0,1.0,425.48,324.64,10.95,0.35,93.7,1,20.27,436.43
1068,25.59,41.1,1015.0,1.0,338.0,257.89,10.03,0.141,94.5,1,18.32,348.03
1069,25.02,41.8,1032.0,1.0,425.48,324.64,10.74,0.047,94.8,1,16.63,436.22
1070,23.63,36.5,956.0,1.0,507.0,386.84,10.99,0.271,94.1,1,15.31,517.99
1071,24.56,37.4,1008.0,1.0,577.0,440.25,10.89,-0.249,95.2,1,14.46,587.9
1072,22.44,43.1,1056.0,1.0,630.72,481.24,10.08,-0.422,95.3,1,14.13,640.79
1073,22.87,41.3,1010.0,1.0,664.48,507.0,10.85,-0.482,95.2,1,14.35,675.33
1074,22.14,46.0,966.0,1.0,676.0,515.79,10.9,-0.585,95.1,1,15.1,686.9
1075,22.27,49.7,400.0,0.09,511.14,390.0,0.19,-0.658,95.0,1,16.32,511.33
1076,22.95,47.3,400.0,0.29,485.17,370.18,0.55,-0.735,94.8,0,17.94,485.72
1077,22.96,57.0,446.0,0.06,443.85,338.66,0.43,0.182,94.4,1,19.85,444.28
1078,23.82,52.7,400.0,0.22,390.0,297.57,0.62,-0.401,95.3,1,21.91,390.62
1079,24.39,57.5,400.0,0.16,327.29,249.72,0.97,0.035,94.8,1,23.98,328.26
1080,24.7,60.7,400.0,0.02,260.0,198.38,0.82,0.022,94.8,1,25.92,260.82
1081,26.12,60.2,461.0,0.1,327.29,249.72,0.41,0.118,94.6,1,27.6,327.71
1082,28.05,61.3,400.0,0.15,390.0,297.57,0.16,0.316,93.9,1,28.9,390.16
1083,27.34,58.5,400.0,0.01,443.85,338.66,0.08,0.383,93.6,1,29.74,443.92
1084,28.08,58.2,400.0,0.18,485.17,370.18,0.43,0.041,94.8,1,30.06,485.6
1085,28.46,58.2,400.0,0.22,511.14,390.0,0.33,0.527,92.9,1,29.83,511.47
1086,29.39,56.8,400.0,0.17,520.0,396.76,0.9,0.646,92.2,1,29.07,520.9
1087,28.63,50.5,425.0,0.14,511.14,390.0,0.53,0.621,92.4,1,27.83,511.67
1088,27.67,51.5,955.0,1.0,630.72,481.24,10.04,0.252,94.1,1,26.2,640.76
1089,26.79,46.8,999.0,1.0,577.0,440.25,10.43,0.483,93.1,1,24.28,587.43
1090,26.56,44.0,949.0,1.0,507.0,386.84,10.47,0.071,94.7,1,22.22,517.47
1091,26.36,45.8,948.0,1.0,425.48,324.64,10.59,-0.456,95.2,1,20.13,436.07
1092,24.94,41.2,990.0,1.0,338.0,257.89,10.01,-0.355,95.3,1,18.18,348.01
1093,25.42,40.4,1013.0,1.0,425.48,324.64,10.38,-0.468,95.2,1,16.49,435.86
1094,23.86,41.0,1022.0,1.0,507.0,386.84,10.36,0.076,94.7,1,15.17,517.36
1095,24.09,41.4,1015.0,1.0,577.0,440.25,10.24,-0.327,95.3,1,14.32,587.24
1096,22.74,41.1,999.0,1.0,630.72,481.24,10.4,-0.778,94.7,0,13.99,641.12
1097,22.22,42.6,1009.0,1.0,664.48,507.0,10.83,-0.316,95.3,1,14.21,675.31
1098,22.06,43.0,987.0,1.0,676.0,515.79,10.43,-0.312,95.3,1,14.96,686.43
1099,22.9,47.3,400.0,0.22,511.14,390.0,0.97,-0.353,95.3,1,16.19,512.11
1100,23.59,50.1,400.0,0.01,485.17,370.18,0.76,-0.42,95.3,1,17.81,485.92
1101,23.65,54.1,400.0,0.14,443.85,338.66,0.29,-0.276,95.3,1,19.71,444.14
1102,23.45,56.9,400.0,0.14,390.0,297.57,0.36,-0.429,95.3,1,21.77,390.36
1103,24.82,55.4,450.0,0.09,327.29,249.72,0.04,-0.025,94.9,1,23.84,327.34
1104,25.47,60.5,400.0,0.28,260.0,198.38,0.01,0.023,94.8,1,25.78,260.01
1105,25.25,57.4,400.0,0.12,327.29,249.72,0.35,-0.264,95.3,1,27.46,327.64
1106,27.08,60.5,421.0,0.08,390.0,297.57,0.58,0.124,94.6,1,28.77,390.58
1107,28.13,62.1,422.0,0.13,443.85,338.66,0.06,0.352,93.7,1,29.61,443.91
1108,28.98,61.5,403.0,0.11,485.17,370.18,0.31,0.109,94.6,1,29.92,485.48
1109,28.88,58.5,400.0,0.18,511.14,390.0,0.46,0.418,93.4,1,29.69,511.6
1110,27.78,57.7,400.0,0.0,520.0,396.76,0.68,0.321,93.9,1,28.93,520.68
1111,28.04,53.9,400.0,0.27,511.14,390.0,0.28,0.129,94.6,1,27.69,511.42
1112,28.65,49.5,994.0,1.0,630.72,481.24,10.68,0.666,92.1,1,26.06,641.4
1113,27.13,50.3,1001.0,1.0,577.0,440.25,10.93,0.436,93.4,1,24.15,587.93
1114,27.39,40.7,992.0,1.0,507.0,386.84,10.08,0.143,94.5,1,22.08,517.08
1115,26.12,44.4,944.0,1.0,425.48,324.64,10.96,0.322,93.9,1,20.0,436.44
1116,25.56,40.7,967.0,1.0,338.0,257.89,10.51,0.308,93.9,1,18.04,348.51
1117,24.26,40.5,1005.0,1.0,425.48,324.64,10.95,-0.348,95.3,1,16.35,436.43
1118,24.27,44.7,966.0,1.0,507.0,386.84,10.94,0.011,94.9,1,15.03,517.94
1119,23.26,41.5,973.0,1.0,577.0,440.25,10.25,-0.173,95.2,1,14.18,587.25
1120,23.89,39.9,1020.0,1.0,630.72,481.24,10.87,-0.277,95.3,1,13.86,641.58
1121,22.48,39.0,948.0,1.0,664.48,507.0,10.6,-0.185,95.2,1,14.08,675.08
1122,23.78,43.0,967.0,1.0,676.0,515.79,10.98,-0.033,95.0,1,14.82,686.98
1123,22.96,48.8,417.0,0.3,511.14,390.0,0.86,-0.323,95.3,1,16.05,512.0
1124,22.91,48.6,400.0,0.03,485.17,370.18,0.49,-0.283,95.3,1,17.67,485.66
1125,23.14,51.9,400.0,0.17,443.85,338.66,0.02,-0.41,95.3,1,19.57,443.87
1126,24.02,54.0,400.0,0.2,390.0,297.57,0.49,-0.353,95.3,1,21.63,390.49
1127,24.62,54.9,428.0,0.01,327.29,249.72,0.23,0.054,94.8,1,23.7,327.52
1128,25.62,62.0,427.0,0.1,260.0,198.38,0.08,-0.128,95.1,1,25.65,260.08
1129,26.28,60.0,400.0,0.28,327.29,249.72,0.47,0.407,93.5,1,27.33,327.77
1130,27.91,60.8,400.0,0.11,390.0,297.57,0.86,0.143,94.5,1,28.63,390.86
1131,28.11,63.4,445.0,0.27,443.85,338.66,0.62,0.762,91.5,0,29.47,444.46
1132,28.72,58.5,467.0,0.12,485.17,370.18,0.6,0.572,92.6,1,29.79,485.76
1133,29.12,56.5,449.0,0.24,511.14,390.0,0.29,0.476,93.2,1,29.56,511.43
1134,28.42,55.5,425.0,0.12,520.0,396.76,0.46,0.263,94.1,1,28.8,520.46
1135,27.91,50.3,403.0,0.07,511.14,390.0,0.3,0.233,94.2,1,27.56,511.44
1136,28.43,50.9,400.0,0.13,485.17,370.18,0.33,0.558,92.7,1,25.93,485.5
1137,27.77,47.8,439.0,0.24,443.85,338.66,0.59,0.646,92.2,1,24.01,444.44
1138,27.07,45.0,400.0,0.27,390.0,297.57,0.49,-0.041,95.0,1,21.94,390.49
1139,27.61,45.4,400.0,0.1,327.29,249.72,0.69,0.318,93.9,1,19.86,327.99
1140,25.95,42.0,400.0,0.12,260.0,198.38,0.39,0.109,94.6,1,17.91,260.39
1141,24.36,41.1,400.0,0.28,327.29,249.72,0.63,0.156,94.5,1,16.22,327.92
1142,24.3,40.7,400.0,0.08,390.0,297.57,0.94,-0.077,95.0,1,14.9,390.94
1143,23.77,41.1,424.0,0.11,443.85,338.66,0.51,-0.193,95.2,1,14.05,444.36
1144,22.71,40.6,400.0,0.03,485.17,370.18,0.92,-0.363,95.3,1,13.72,486.08
1145,23.16,39.5,406.0,0.24,511.14,390.0,0.18,-0.392,95.3,1,13.94,511.32
1146,22.1,42.9,400.0,0.14,520.0,396.76,0.25,-0.536,95.2,1,14.69,520.25
1147,22.36,46.4,400.0,0.26,511.14,390.0,0.75,-0.606,95.1,1,15.91,511.89
1148,22.92,50.9,400.0,0.21,485.17,370.18,0.98,-0.456,95.2,1,17.54,486.15
1149,23.34,52.9,400.0,0.06,443.85,338.66,0.88,-0.49,95.2,1,19.44,444.73
1150,24.23,57.3,400.0,0.16,390.0,297.57,0.79,-0.332,95.3,1,21.5,390.79
1151,24.52,56.8,421.0,0.07,327.29,249.72,0.9,0.065,94.7,1,23.57,328.19
1152,25.88,63.7,400.0,0.17,260.0,198.38,0.51,-0.177,95.2,1,25.51,260.51
1153,26.62,62.0,442.0,0.06,327.29,249.72,0.77,0.116,94.6,1,27.19,328.07
1154,25.57,58.6,409.0,0.01,390.0,297.57,0.65,-0.027,94.9,1,28.5,390.65
1155,28.47,59.5,400.0,0.01,443.85,338.66,0.4,0.308,93.9,1,29.34,444.25
1156,28.53,57.9,440.0,0.3,485.17,370.18,0.05,0.705,91.8,0,29.65,485.22
1157,28.5,58.8,419.0,0.19,511.14,390.0,0.7,0.499,93.0,1,29.42,511.84
1158,28.28,56.6,408.0,0.21,520.0,396.76,0.86,0.289,94.0,1,28.66,520.86
1159,28.94,54.4,429.0,0.28,511.14,390.0,0.52,0.457,93.2,1,27.43,511.66
1160,27.98,46.5,400.0,0.27,485.17,370.18,0.12,0.384,93.6,1,25.79,485.28
1161,27.6,46.3,407.0,0.08,443.85,338.66,0.38,0.263,94.1,1,23.88,444.23
1162,27.05,43.5,400.0,0.2,390.0,297.57,0.37,0.337,93.8,1,21.81,390.37
1163,26.29,43.5,422.0,0.22,327.29,249.72,0.61,0.055,94.8,1,19.73,327.9
1164,25.58,39.5,400.0,0.07,260.0,198.38,0.78,0.037,94.8,1,17.77,260.78
1165,24.1,39.2,404.0,0.01,327.29,249.72,0.48,-0.279,95.3,1,16.08,327.77
1166,24.42,37.5,432.0,0.0,390.0,297.57,0.41,-0.095,95.1,1,14.77,390.41
1167,23.18,40.5,400.0,0.16,443.85,338.66,0.89,-0.011,94.9,1,13.92,444.74
1168,23.04,44.7,439.0,0.24,485.17,370.18,0.55,-0.513,95.2,1,13.59,485.71
1169,22.57,44.1,400.0,0.17,511.14,390.0,0.28,-0.487,95.2,1,13.81,511.42
1170,22.71,46.7,400.0,0.07,520.0,396.76,0.81,-0.443,95.3,1,14.56,520.81
1171,22.74,51.0,408.0,0.26,511.14,390.0,0.26,-0.466,95.2,1,15.78,511.4
1172,22.92,51.2,400.0,0.24,485.17,370.18,0.87,-0.316,95.3,1,17.4,486.04
1173,23.68,53.1,435.0,0.17,443.85,338.66,0.66,-0.174,95.2,1,19.31,444.5
1174,24.67,51.1,400.0,0.3,390.0,297.57,0.06,-0.525,95.2,1,21.37,390.06
1175,25.11,58.7,429.0,0.03,327.29,249.72,0.77,-0.054,95.0,1,23.44,328.07
1176,26.27,57.4,402.0,0.16,260.0,198.38,0.41,0.05,94.8,1,25.38,260.41
1177,27.13,60.3,429.0,0.0,327.29,249.72,0.12,0.44,93.3,1,27.06,327.41
1178,27.01,61.5,400.0,0.07,390.0,297.57,0.46,0.275,94.1,1,28.36,390.46
1179,28.67,59.4,400.0,0.09,443.85,338.66,0.54,0.19,94.4,1,29.2,444.39
1180,28.14,59.1,402.0,0.15,485.17,370.18,0.81,0.723,91.7,0,29.52,485.98
1181,28.0,54.2,435.0,0.29,511.14,390.0,0.79,0.74,91.6,0,29.29,511.93
1182,28.86,53.1,415.0,0.2,520.0,396.76,0.34,0.727,91.7,0,28.53,520.34
1183,28.93,53.1,400.0,0.11,511.14,390.0,0.71,0.766,91.4,0,27.29,511.85
1184,29.34,46.5,975.0,1.0,630.72,481.24,10.52,0.273,94.1,1,25.66,641.24
1185,28.31,51.2,996.0,1.0,577.0,440.25,10.95,0.181,94.4,1,23.75,587.95
1186,27.9,45.1,978.0,1.0,507.0,386.84,10.99,0.36,93.7,1,21.68,517.99
1187,27.17,43.9,1051.0,1.0,425.48,324.64,10.32,0.12,94.6,1,19.6,435.8
1188,25.47,38.5,979.0,1.0,338.0,257.89,10.07,-0.23,95.2,1,17.64,348.07
1189,25.26,39.0,964.0,1.0,425.48,324.64,10.07,-0.149,95.2,1,15.95,435.55
1190,23.96,39.3,984.0,1.0,507.0,386.84,10.31,-0.047,95.0,1,14.64,517.31
1191,23.7,36.2,1018.0,1.0,577.0,440.25,10.54,-0.806,94.6,0,13.79,587.54
1192,23.21,41.8,990.0,1.0,630.72,481.24,10.7,-0.294,95.3,1,13.46,641.41
1193,23.05,45.0,1047.0,1.0,664.48,507.0,10.88,-0.819,94.6,0,13.68,675.36
1194,23.6,44.5,958.0,1.0,676.0,515.79,10.21,-0.518,95.2,1,14.42,686.21
1195,23.56,47.1,400.0,0.25,511.14,390.0,0.81,-0.509,95.2,1,15.65,511.95
1196,23.19,49.1,478.0,0.28,485.17,370.18,0.1,-0.545,95.2,1,17.27,485.27
1197,23.49,50.4,417.0,0.25,443.85,338.66,0.06,-0.338,95.3,1,19.18,443.91
1198,24.9,54.6,400.0,0.08,390.0,297.57,0.78,0.076,94.7,1,21.23,390.78
1199,25.13,56.9,400.0,0.06,327.29,249.72,0.32,-0.198,95.2,1,23.31,327.61
1200,26.46,59.5,400.0,0.13,260.0,198.38,0.6,0.037,94.8,1,25.25,260.6
1201,25.41,57.8,400.0,0.24,327.29,249.72,0.93,0.143,94.5,1,26.93,328.22
1202,27.31,59.9,434.0,0.05,390.0,297.57,0.34,0.262,94.1,1,28.23,390.34
1203,28.56,58.7,400.0,0.16,443.85,338.66,0.45,0.285,94.0,1,29.07,444.3
1204,27.79,58.2,400.0,0.1,485.17,370.18,0.32,0.213,94.3,1,29.39,485.48
1205,27.96,58.0,400.0,0.05,511.14,390.0,0.38,0.403,93.5,1,29.16,511.52
1206,28.09,50.9,453.0,0.28,520.0,396.76,0.7,0.871,90.7,0,28.4,520.7
1207,28.77,55.0,434.0,0.0,511.14,390.0,0.79,0.68,92.0,1,27.16,511.93
1208,28.07,51.1,946.0,1.0,630.72,481.24,10.91,0.334,93.8,1,25.53,641.63
1209,28.13,50.5,996.0,1.0,577.0,440.25,10.25,0.683,92.0,1,23.62,587.25
1210,27.8,40.7,1013.0,1.0,507.0,386.84,10.48,-0.088,95.1,1,21.55,517.48
1211,26.27,45.0,998.0,1.0,425.48,324.64,10.8,0.151,94.5,1,19.47,436.28
1212,26.08,39.6,965.0,1.0,338.0,257.89,10.99,-0.338,95.3,1,17.51,348.99
1213,25.09,42.1,1028.0,1.0,425.48,324.64,10.54,0.176,94.4,1,15.82,436.02
1214,23.32,41.6,1020.0,1.0,507.0,386.84,10.48,-0.432,95.3,1,14.51,517.48
1215,23.22,43.8,1042.0,1.0,577.0,440.25,10.88,-0.171,95.2,1,13.66,587.88
1216,23.49,41.9,1005.0,1.0,630.72,481.24,10.81,-0.24,95.2,1,13.33,641.53
1217,23.24,38.5,987.0,1.0,664.48,507.0,10.55,-0.276,95.3,1,13.55,675.04
1218,22.13,43.6,1013.0,1.0,676.0,515.79,10.15,-0.521,95.2,1,14.3,686.15
1219,22.87,47.8,400.0,0.08,511.14,390.0,0.91,-0.944,94.2,0,15.52,512.05
1220,22.16,49.7,426.0,0.1,485.17,370.18,0.34,-0.399,95.3,1,17.14,485.51
1221,23.71,49.9,451.0,0.18,443.85,338.66,0.26,-0.423,95.3,1,19.05,444.11
1222,24.64,55.9,400.0,0.09,390.0,297.57,0.58,-0.289,95.3,1,21.11,390.58
1223,24.28,61.8,400.0,0.22,327.29,249.72,0.16,-0.27,95.3,1,23.18,327.45
1224,25.34,58.6,448.0,0.01,260.0,198.38,0.98,-0.199,95.2,1,25.12,260.98
1225,25.95,61.7,425.0,0.01,327.29,249.72,0.79,-0.12,95.1,1,26.8,328.09
1226,27.44,60.6,400.0,0.28,390.0,297.57,0.24,0.305,93.9,1,28.11,390.24
1227,28.36,58.0,400.0,0.08,443.85,338.66,0.77,0.293,94.0,1,28.94,444.62
1228,29.28,56.1,400.0,0.17,485.17,370.18,0.98,0.253,94.1,1,29.26,486.15
1229,28.0,57.8,400.0,0.09,511.14,390.0,0.05,0.298,94.0,1,29.03,511.19
1230,28.84,55.8,400.0,0.11,520.0,396.76,0.12,0.357,93.7,1,28.27,520.12
1231,29.26,52.3,405.0,0.3,511.14,390.0,0.23,0.124,94.6,1,27.04,511.38
1232,28.61,50.5,944.0,1.0,630.72,481.24,10.98,0.397,93.5,1,25.4,641.7
1233,27.3,45.7,1004.0,1.0,577.0,440.25,10.4,0.283,94.0,1,23.49,587.4
1234,27.28,45.3,1008.0,1.0,507.0,386.84,10.72,-0.034,95.0,1,21.42,517.72
1235,27.15,43.3,986.0,1.0,425.48,324.64,10.48,0.17,94.4,1,19.34,435.96
1236,25.88,40.2,1036.0,1.0,338.0,257.89,10.47,-0.095,95.1,1,17.39,348.47
1237,25.44,38.2,976.0,1.0,425.48,324.64,10.85,-0.033,95.0,1,15.69,436.33
1238,24.85,37.4,1015.0,1.0,507.0,386.84,10.24,0.004,94.9,1,14.38,517.24
1239,23.06,44.4,1040.0,1.0,577.0,440.25,10.12,-0.449,95.3,1,13.53,587.12
1240,22.87,38.8,1019.0,1.0,630.72,481.24,10.7,-0.162,95.2,1,13.2,641.41
1241,22.63,42.9,960.0,1.0,664.48,507.0,10.73,-0.527,95.2,1,13.42,675.21
1242,22.83,46.2,1054.0,1.0,676.0,515.79,10.58,-0.351,95.3,1,14.17,686.58
1243,22.95,49.2,400.0,0.08,511.14,390.0,0.66,-0.362,95.3,1,15.4,511.8
1244,23.74,53.6,427.0,0.08,485.17,370.18,0.26,-0.66,95.0,1,17.02,485.42
1245,23.39,49.4,406.0,0.16,443.85,338.66,0.51,-0.327,95.3,1,18.92,444.36
1246,25.14,54.4,436.0,0.01,390.0,297.57,0.89,-0.196,95.2,1,20.98,390.89
1247,25.83,54.8,428.0,0.22,327.29,249.72,0.16,0.03,94.8,1,23.05,327.45
1248,26.35,58.9,400.0,0.15,260.0,198.38,0.11,0.004,94.9,1,24.99,260.11
1249,27.53,57.8,400.0,0.26,327.29,249.72,0.56,0.133,94.5,1,26.67,327.85
1250,27.32,60.1,416.0,0.12,390.0,297.57,0.68,0.037,94.8,1,27.98,390.68
1251,27.29,57.7,400.0,0.02,443.85,338.66,0.77,0.406,93.5,1,28.82,444.62
1252,27.86,56.5,429.0,0.28,485.17,370.18,0.78,0.2,94.3,1,29.13,485.95
1253,28.91,55.5,444.0,0.08,511.14,390.0,0.84,0.47,93.2,1,28.91,511.99
1254,28.72,53.0,413.0,0.16,520.0,396.76,0.8,0.543,92.8,1,28.15,520.8
1255,28.45,53.7,400.0,0.28,511.14,390.0,0.17,0.787,91.3,0,26.91,511.31
1256,28.92,49.8,1026.0,1.0,630.72,481.24,10.87,0.055,94.8,1,25.28,641.59
1257,27.98,48.1,1037.0,1.0,577.0,440.25,10.49,0.556,92.7,1,23.36,587.5
1258,26.76,42.3,990.0,1.0,507.0,386.84,10.55,0.505,93.0,1,21.29,517.55
1259,26.11,43.6,975.0,1.0,425.48,324.64,10.15,0.117,94.6,1,19.21,435.63
1260,26.43,40.8,968.0,1.0,338.0,257.89,10.57,0.123,94.6,1,17.26,348.57
1261,24.43,43.1,973.0,1.0,425.48,324.64,10.81,-0.212,95.2,1,15.57,436.29
1262,23.77,44.0,1006.0,1.0,507.0,386.84,10.23,-0.51,95.2,1,14.25,517.23
1263,24.39,41.1,1029.0,1.0,577.0,440.25,10.89,-0.089,95.1,1,13.4,587.89
1264,23.72,42.6,959.0,1.0,630.72,481.24,10.13,-0.414,95.3,1,13.08,640.85
1265,23.78,42.0,1023.0,1.0,664.48,507.0,10.44,-0.382,95.3,1,13.3,674.93
1266,23.36,45.2,1027.0,1.0,676.0,515.79,10.46,-0.907,94.3,0,14.04,686.46
1267,23.35,46.2,452.0,0.16,511.14,390.0,0.76,-0.459,95.2,1,15.27,511.91
1268,23.47,49.7,400.0,0.15,485.17,370.18,0.67,-0.682,94.9,1,16.89,485.84
1269,23.96,51.4,448.0,0.15,443.85,338.66,0.44,-0.01,94.9,1,18.8,444.29
1270,24.99,55.2,406.0,0.08,390.0,297.57,0.83,-0.164,95.2,1,20.85,390.83
1271,24.74,57.6,400.0,0.12,327.29,249.72,0.87,0.001,94.9,1,22.93,328.16
1272,25.82,58.6,400.0,0.19,260.0,198.38,0.7,-0.289,95.3,1,24.87,260.7
1273,26.19,60.0,400.0,0.29,327.29,249.72,0.94,0.305,93.9,1,26.55,328.24
1274,27.57,63.5,400.0,0.17,390.0,297.57,0.71,0.277,94.0,1,27.85,390.71
1275,28.42,59.6,400.0,0.0,443.85,338.66,0.79,0.556,92.7,1,28.69,444.64
1276,28.8,60.4,400.0,0.02,485.17,370.18,0.44,0.584,92.6,1,29.01,485.61
1277,28.36,57.0,400.0,0.24,511.14,390.0,0.77,0.802,91.2,0,28.78,511.91
1278,29.53,56.9,414.0,0.03,520.0,396.76,0.47,0.464,93.2,1,28.02,520.47
1279,28.55,55.0,411.0,0.06,511.14,390.0,0.1,0.663,92.1,1,26.79,511.24
1280,28.44,52.5,989.0,1.0,630.72,481.24,10.17,0.439,93.3,1,25.15,640.89
1281,28.58,49.5,1015.0,1.0,577.0,440.25,10.84,0.126,94.6,1,23.24,587.84
1282,27.51,47.8,1013.0,1.0,507.0,386.84,10.28,0.326,93.8,1,21.17,517.28
1283,26.64,41.4,960.0,1.0,425.48,324.64,10.18,-0.085,95.1,1,19.09,435.66
1284,27.24,39.5,1010.0,1.0,338.0,257.89,10.44,0.061,94.7,1,17.14,348.44
1285,25.37,43.1,1009.0,1.0,425.48,324.64,10.64,-0.275,95.3,1,15.44,436.12
1286,24.5,38.2,991.0,1.0,507.0,386.84,10.68,-0.308,95.3,1,14.13,517.68
1287,23.74,40.6,947.0,1.0,577.0,440.25,10.92,-0.569,95.1,1,13.28,587.92
1288,23.2,43.6,1095.0,1.0,630.72,481.24,10.04,-0.084,95.1,1,12.95,640.76
1289,23.13,42.2,986.0,1.0,664.48,507.0,10.54,-0.634,95.0,1,13.17,675.02
1290,22.61,43.6,984.0,1.0,676.0,515.79,10.23,-0.532,95.2,1,13.92,686.23
1291,22.69,44.7,408.0,0.29,511.14,390.0,0.31,-0.535,95.2,1,15.15,511.45
1292,23.2,50.2,400.0,0.13,485.17,370.18,0.05,-0.432,95.3,1,16.77,485.22
1293,24.23,52.5,400.0,0.17,443.85,338.66,0.66,-0.55,95.2,1,18.67,444.51
1294,25.01,57.8,434.0,0.07,390.0,297.57,0.96,-0.267,95.3,1,20.73,390.96
1295,24.34,57.6,400.0,0.28,327.29,249.72,0.12,-0.095,95.1,1,22.8,327.41
1296,26.15,61.4,400.0,0.03,260.0,198.38,0.09,0.039,94.8,1,24.75,260.09
1297,26.7,61.8,400.0,0.11,327.29,249.72,0.75,0.405,93.5,1,26.43,328.04
1298,28.79,61.7,411.0,0.13,390.0,297.57,0.95,0.379,93.6,1,27.73,390.95
1299,28.01,58.1,441.0,0.04,443.85,338.66,0.41,0.735,91.6,0,28.57,444.26
1300,28.05,61.8,400.0,0.21,485.17,370.18,0.43,0.438,93.3,1,28.89,485.6
1301,29.3,56.0,400.0,0.18,511.14,390.0,0.91,0.469,93.2,1,28.66,512.05
1302,29.39,54.9,400.0,0.26,520.0,396.76,0.35,0.306,93.9,1,27.9,520.35
1303,28.81,51.8,400.0,0.02,511.14,390.0,0.94,0.382,93.6,1,26.66,512.09
1304,28.85,51.1,400.0,0.03,485.17,370.18,0.33,0.473,93.2,1,25.03,485.49
1305,28.71,46.5,407.0,0.23,443.85,338.66,0.06,0.321,93.9,1,23.12,443.91
1306,28.18,42.2,400.0,0.23,390.0,297.57,0.72,0.535,92.8,1,21.05,390.72
1307,27.08,49.1,400.0,0.22,327.29,249.72,0.88,0.122,94.6,1,18.97,328.18
1308,25.71,39.0,416.0,0.23,260.0,198.38,0.13,-0.196,95.2,1,17.01,260.13
1309,24.62,43.2,421.0,0.08,327.29,249.72,0.34,-0.356,95.3,1,15.32,327.64
1310,24.21,42.2,400.0,0.26,390.0,297.57,0.08,0.137,94.5,1,14.01,390.08
1311,24.41,41.5,400.0,0.24,443.85,338.66,0.09,-0.265,95.3,1,13.16,443.94
1312,23.72,40.8,400.0,0.17,485.17,370.18,0.23,-0.603,95.1,1,12.83,485.4
1313,22.23,40.0,438.0,0.02,511.14,390.0,0.1,-0.121,95.1,1,13.05,511.24
1314,22.06,45.1,421.0,0.05,520.0,396.76,0.98,-0.561,95.1,1,13.8,520.98
1315,21.86,49.5,447.0,0.18,511.14,390.0,0.1,-0.812,94.6,0,15.03,511.24
1316,23.68,51.0,438.0,0.06,485.17,370.18,0.74,-0.625,95.0,1,16.65,485.91
1317,23.75,52.4,400.0,0.2,443.85,338.66,0.46,-0.392,95.3,1,18.55,444.31
1318,24.37,58.0,400.0,0.05,390.0,297.57,0.98,-0.308,95.3,1,20.61,390.98
1319,25.25,58.4,404.0,0.11,327.29,249.72,0.17,-0.073,95.0,1,22.68,327.46
1320,25.84,58.2,400.0,0.12,260.0,198.38,0.3,0.408,93.5,1,24.63,260.3
1321,26.56,61.1,419.0,0.02,327.29,249.72,0.19,0.059,94.8,1,26.31,327.48
1322,28.28,60.0,414.0,0.25,390.0,297.57,0.16,0.251,94.1,1,27.61,390.16
1323,28.59,57.0,433.0,0.02,443.85,338.66,0.47,0.217,94.3,1,28.45,444.31
1324,29.13,63.7,400.0,0.14,485.17,370.18,0.7,0.451,93.3,1,28.77,485.87
1325,29.74,58.7,412.0,0.07,511.14,390.0,0.24,0.995,89.8,0,28.54,511.38
1326,29.63,50.3,400.0,0.18,520.0,396.76,0.63,0.221,94.3,1,27.78,520.63
1327,28.47,55.0,429.0,0.12,511.14,390.0,0.91,0.061,94.7,1,26.54,512.05
1328,28.97,53.3,400.0,0.19,485.17,370.18,0.58,0.206,94.3,1,24.91,485.74
1329,27.28,49.7,420.0,0.11,443.85,338.66,0.53,0.1,94.6,1,23.0,444.38
1330,27.19,48.2,400.0,0.03,390.0,297.57,0.14,0.29,94.0,1,20.93,390.14
1331,27.35,44.6,400.0,0.23,327.29,249.72,0.27,0.358,93.7,1,18.85,327.56
1332,25.77,40.4,405.0,0.06,260.0,198.38,0.44,0.039,94.8,1,16.9,260.44
1333,25.53,41.5,400.0,0.2,327.29,249.72,0.69,-0.004,94.9,1,15.2,327.98
1334,25.41,43.1,400.0,0.17,390.0,297.57,0.37,-0.229,95.2,1,13.89,390.37
1335,23.94,42.9,408.0,0.18,443.85,338.66,0.53,-0.426,95.3,1,13.04,444.38
1336,23.36,39.0,400.0,0.27,485.17,370.18,0.74,-0.386,95.3,1,12.71,485.91
1337,23.05,45.6,409.0,0.08,511.14,390.0,0.17,-0.759,94.8,0,12.93,511.31
1338,22.9,44.0,429.0,0.16,520.0,396.76,0.27,-0.033,95.0,1,13.68,520.27
1339,22.97,46.8,400.0,0.29,511.14,390.0,0.38,-0.521,95.2,1,14.91,511.52
1340,23.44,49.7,429.0,0.27,485.17,370.18,0.72,-0.529,95.2,1,16.53,485.88
1341,24.16,56.3,400.0,0.28,443.85,338.66,0.7,-0.522,95.2,1,18.43,444.55
1342,24.47,51.8,463.0,0.29,390.0,297.57,0.93,-0.255,95.3,1,20.49,390.93
1343,25.19,56.1,400.0,0.21,327.29,249.72,0.55,-0.048,95.0,1,22.56,327.84
1344,26.15,59.9,400.0,0.06,260.0,198.38,0.53,0.025,94.8,1,24.51,260.53
1345,26.32,59.9,433.0,0.05,327.29,249.72,0.19,0.137,94.5,1,26.19,327.48
1346,27.51,60.3,420.0,0.18,390.0,297.57,0.67,0.129,94.6,1,27.49,390.67
1347,28.57,62.1,413.0,0.2,443.85,338.66,0.43,0.372,93.6,1,28.33,444.28
1348,28.13,56.4,400.0,0.06,485.17,370.18,0.74,0.817,91.1,0,28.65,485.91
1349,29.27,56.6,400.0,0.24,511.14,390.0,0.38,0.401,93.5,1,28.42,511.52
1350,29.47,61.3,400.0,0.17,520.0,396.76,0.8,0.729,91.7,0,27.66,520.8
1351,29.92,51.4,417.0,0.04,511.14,390.0,0.61,0.409,93.5,1,26.43,511.75
1352,28.89,51.2,1021.0,1.0,630.72,481.24,10.08,0.423,93.4,1,24.8,640.8
1353,27.88,47.4,1015.0,1.0,577.0,440.25,10.83,0.56,92.7,1,22.88,587.83
1354,27.6,42.0,994.0,1.0,507.0,386.84,10.44,-0.239,95.2,1,20.81,517.44
1355,26.65,41.6,1051.0,1.0,425.48,324.64,10.06,0.269,94.1,1,18.73,435.54
1356,26.04,39.9,1016.0,1.0,338.0,257.89,10.63,-0.173,95.2,1,16.78,348.63
1357,24.7,42.7,1005.0,1.0,425.48,324.64,10.26,-0.138,95.1,1,15.09,435.74
1358,24.6,38.5,1010.0,1.0,507.0,386.84,10.8,-0.199,95.2,1,13.77,517.8
1359,24.65,43.0,1060.0,1.0,577.0,440.25,10.64,-0.098,95.1,1,12.92,587.65
1360,24.2,40.0,977.0,1.0,630.72,481.24,10.7,-0.402,95.3,1,12.6,641.42
1361,23.58,43.9,978.0,1.0,664.48,507.0,10.91,-0.417,95.3,1,12.82,675.39
1362,22.75,45.5,1005.0,1.0,676.0,515.79,10.26,-0.714,94.9,0,13.56,686.26
1363,23.51,47.3,400.0,0.06,511.14,390.0,0.16,-0.702,94.9,0,14.79,511.3
1364,23.46,51.5,423.0,0.03,485.17,370.18,0.76,-0.389,95.3,1,16.41,485.92
1365,23.88,52.8,403.0,0.22,443.85,338.66,0.88,-0.238,95.2,1,18.32,444.73
1366,25.25,56.3,423.0,0.13,390.0,297.57,0.78,-0.023,94.9,1,20.38,390.78
1367,25.22,53.9,435.0,0.24,327.29,249.72,0.01,-0.048,95.0,1,22.45,327.3
1368,25.98,56.2,400.0,0.08,260.0,198.38,0.29,-0.131,95.1,1,24.39,260.29
1369,27.18,58.5,451.0,0.02,327.29,249.72,0.92,0.148,94.5,1,26.07,328.22
1370,26.99,57.9,400.0,0.11,390.0,297.57,0.95,0.146,94.5,1,27.38,390.95
1371,28.2,60.6,420.0,0.03,443.85,338.66,0.52,0.167,94.4,1,28.22,444.37
1372,29.4,59.1,400.0,0.29,485.17,370.18,0.53,0.289,94.0,1,28.53,485.7
1373,29.81,60.8,400.0,0.21,511.14,390.0,0.5,0.2,94.3,1,28.31,511.64
1374,28.73,57.1,400.0,0.18,520.0,396.76,0.18,0.298,94.0,1,27.55,520.18
1375,28.58,52.0,450.0,0.11,511.14,390.0,0.15,0.174,94.4,1,26.31,511.29
1376,28.48,51.0,956.0,1.0,630.72,481.24,10.8,0.587,92.6,1,24.68,641.52
1377,26.67,49.8,1037.0,1.0,577.0,440.25,10.07,0.084,94.7,1,22.77,587.07
1378,28.54,47.0,947.0,1.0,507.0,386.84,10.68,0.105,94.6,1,20.7,517.68
1379,27.31,43.8,1007.0,1.0,425.48,324.64,10.84,0.009,94.9,1,18.62,436.32
1380,25.63,40.0,1037.0,1.0,338.0,257.89,10.81,0.102,94.6,1,16.66,348.81
1381,24.73,40.7,954.0,1.0,425.48,324.64,10.96,-0.081,95.0,1,14.97,436.44
1382,24.69,38.2,977.0,1.0,507.0,386.84,10.15,-0.209,95.2,1,13.66,517.15
1383,24.25,42.0,1040.0,1.0,577.0,440.25,10.96,-0.694,94.9,1,12.81,587.96
1384,24.63,42.9,983.0,1.0,630.72,481.24,10.22,-0.4,95.3,1,12.48,640.94
1385,23.05,41.6,994.0,1.0,664.48,507.0,10.09,-0.577,95.1,1,12.7,674.57
1386,23.31,45.2,991.0,1.0,676.0,515.79,10.55,-0.702,94.9,0,13.45,686.55
1387,23.06,47.6,400.0,0.21,511.14,390.0,0.48,-0.548,95.2,1,14.68,511.62
1388,23.52,49.9,408.0,0.12,485.17,370.18,0.93,-0.574,95.1,1,16.3,486.1
1389,25.02,50.7,440.0,0.17,443.85,338.66,0.81,-0.792,94.7,0,18.2,444.66
1390,26.08,53.3,406.0,0.28,390.0,297.57,0.15,-0.159,95.2,1,20.26,390.15
1391,25.78,58.4,438.0,0.19,327.29,249.72,0.5,-0.443,95.3,1,22.33,327.79
1392,25.55,59.4,400.0,0.29,260.0,198.38,0.95,0.312,93.9,1,24.28,260.95
1393,27.45,61.1,408.0,0.18,327.29,249.72,0.83,-0.25,95.2,1,25.96,328.12
1394,27.73,60.4,429.0,0.05,390.0,297.57,0.8,0.405,93.5,1,27.26,390.8
1395,28.47,57.1,406.0,0.25,443.85,338.66,0.57,0.323,93.9,1,28.1,444.41
1396,28.74,59.3,400.0,0.29,485.17,370.18,0.77,0.777,91.4,0,28.42,485.93
1397,28.83,57.5,400.0,0.01,511.14,390.0,0.63,0.166,94.4,1,28.19,511.77
1398,29.48,54.3,402.0,0.05,520.0,396.76,0.99,0.73,91.7,0,27.43,520.99
1399,28.84,49.5,425.0,0.11,511.14,390.0,0.14,0.676,92.0,1,26.2,511.28
1400,28.69,47.8,995.0,1.0,630.72,481.24,10.54,0.409,93.5,1,24.57,641.25
1401,28.37,46.3,1030.0,1.0,577.0,440.25,10.89,0.581,92.6,1,22.65,587.89
1402,27.88,45.4,1056.0,1.0,507.0,386.84,10.63,0.053,94.8,1,20.58,517.63
1403,26.27,45.0,1034.0,1.0,425.48,324.64,10.93,0.217,94.3,1,18.5,436.41
1404,26.42,44.7,987.0,1.0,338.0,257.89,10.4,-0.136,95.1,1,16.55,348.4
1405,25.23,39.6,991.0,1.0,425.48,324.64,10.73,-0.148,95.1,1,14.86,436.21
1406,25.0,41.3,1041.0,1.0,507.0,386.84,10.78,-0.101,95.1,1,13.55,517.78
1407,25.22,40.9,1008.0,1.0,577.0,440.25,10.55,-0.413,95.3,1,12.7,587.55
1408,23.22,43.5,1001.0,1.0,630.72,481.24,10.27,-0.555,95.2,1,12.37,640.98
1409,23.31,45.7,995.0,1.0,664.48,507.0,10.94,-0.555,95.2,1,12.59,675.43
1410,23.06,47.4,975.0,1.0,676.0,515.79,10.49,-0.557,95.1,1,13.34,686.49
1411,23.08,48.6,400.0,0.19,511.14,390.0,0.36,-0.498,95.2,1,14.56,511.5
1412,23.07,49.5,400.0,0.26,485.17,370.18,0.35,-0.328,95.3,1,16.19,485.51
1413,24.2,52.5,400.0,0.18,443.85,338.66,0.89,-0.327,95.3,1,18.09,444.74
1414,24.29,54.8,418.0,0.17,390.0,297.57,0.88,-0.099,95.1,1,20.15,390.88
1415,26.3,56.2,400.0,0.26,327.29,249.72,0.45,-0.125,95.1,1,22.22,327.74
1416,26.41,56.2,401.0,0.19,260.0,198.38,0.29,-0.384,95.3,1,24.17,260.29
1417,26.4,55.5,400.0,0.2,327.29,249.72,0.99,0.102,94.6,1,25.85,328.28
1418,27.94,56.8,400.0,0.21,390.0,297.57,0.17,0.406,93.5,1,27.15,390.17
1419,28.43,59.3,409.0,0.08,443.85,338.66,0.21,0.744,91.6,0,27.99,444.05
1420,28.3,58.9,400.0,0.29,485.17,370.18,0.6,-0.018,94.9,1,28.31,485.77
1421,29.14,58.3,440.0,0.28,511.14,390.0,0.21,0.436,93.3,1,28.08,511.35
1422,29.37,55.6,400.0,0.05,520.0,396.76,0.89,0.643,92.2,1,27.32,520.89
1423,30.24,54.6,400.0,0.21,511.14,390.0,0.24,0.411,93.5,1,26.09,511.39
1424,28.32,50.2,966.0,1.0,630.72,481.24,10.25,0.143,94.5,1,24.46,640.97
1425,28.57,49.9,1002.0,1.0,577.0,440.25,10.58,0.295,94.0,1,22.54,587.59
1426,27.19,46.7,913.0,1.0,507.0,386.84,10.46,0.283,94.0,1,20.47,517.46
1427,26.88,42.1,1038.0,1.0,425.48,324.64,10.61,0.222,94.2,1,18.39,436.09
1428,25.77,44.1,976.0,1.0,338.0,257.89,10.3,-0.431,95.3,1,16.44,348.3
1429,26.23,39.9,1039.0,1.0,425.48,324.64,10.62,0.0,94.9,1,14.75,436.1
1430,25.42,39.9,1018.0,1.0,507.0,386.84,10.02,-0.113,95.1,1,13.43,517.02
1431,24.72,40.3,997.0,1.0,577.0,440.25,10.51,-0.35,95.3,1,12.59,587.52
1432,23.37,42.4,1023.0,1.0,630.72,481.24,10.67,-0.597,95.1,1,12.26,641.39
1433,22.97,46.1,981.0,1.0,664.48,507.0,10.53,-0.172,95.2,1,12.48,675.01
1434,23.29,43.0,991.0,1.0,676.0,515.79,10.39,-0.571,95.1,1,13.23,686.39
1435,24.32,49.1,454.0,0.16,511.14,390.0,0.29,-0.452,95.2,1,14.46,511.43
1436,24.19,53.0,419.0,0.17,485.17,370.18,0.37,-0.376,95.3,1,16.08,485.54
1437,25.4,54.9,425.0,0.06,443.85,338.66,0.61,-0.208,95.2,1,17.98,444.46
1438,24.64,53.2,400.0,0.06,390.0,297.57,0.08,-0.249,95.2,1,20.04,390.08
1439,25.51,59.2,400.0,0.13,327.29,249.72,0.94,-0.108,95.1,1,22.11,328.23
1440,26.66,59.0,400.0,0.09,260.0,198.38,0.08,-0.012,94.9,1,24.06,260.08
1441,27.04,57.1,400.0,0.12,327.29,249.72,0.25,-0.142,95.1,1,25.74,327.54
1442,27.77,57.9,400.0,0.24,390.0,297.57,0.55,-0.056,95.0,1,27.04,390.55
1443,27.91,57.1,401.0,0.18,443.85,338.66,0.83,0.504,93.0,1,27.88,444.68
1444,28.47,59.1,400.0,0.04,485.17,370.18,0.96,0.438,93.3,1,28.2,486.13
1445,30.36,57.9,413.0,0.13,511.14,390.0,0.71,0.495,93.1,1,27.97,511.85
1446,29.04,55.6,400.0,0.15,520.0,396.76,0.69,0.697,91.9,1,27.22,520.69
1447,29.76,51.2,400.0,0.03,511.14,390.0,0.12,0.447,93.3,1,25.98,511.26
1448,28.08,48.3,1021.0,1.0,630.72,481.24,10.97,0.612,92.4,1,24.35,641.69
1449,28.46,48.6,1019.0,1.0,577.0,440.25,10.64,0.167,94.4,1,22.43,587.64
1450,27.29,46.8,1015.0,1.0,507.0,386.84,10.52,0.633,92.3,1,20.37,517.52
1451,26.98,43.4,988.0,1.0,425.48,324.64,10.75,0.592,92.5,1,18.28,436.24
1452,26.78,39.9,1035.0,1.0,338.0,257.89,10.16,0.204,94.3,1,16.33,348.16
1453,25.4,39.5,996.0,1.0,425.48,324.64,10.11,0.121,94.6,1,14.64,435.59
1454,25.78,41.3,1003.0,1.0,507.0,386.84,10.77,-0.245,95.2,1,13.33,517.77
1455,24.37,38.7,1015.0,1.0,577.0,440.25,10.86,-0.129,95.1,1,12.48,587.86
1456,23.83,42.3,963.0,1.0,630.72,481.24,10.01,-0.502,95.2,1,12.15,640.73
1457,23.25,42.0,1000.0,1.0,664.48,507.0,10.02,-0.216,95.2,1,12.37,674.5
1458,22.89,44.2,997.0,1.0,676.0,515.79,10.06,-0.797,94.7,0,13.12,686.06
1459,23.07,49.2,416.0,0.28,511.14,390.0,0.49,-0.684,94.9,1,14.35,511.63
1460,23.98,49.7,411.0,0.25,485.17,370.18,0.84,-0.158,95.2,1,15.97,486.0
1461,23.83,50.6,436.0,0.22,443.85,338.66,0.8,-0.466,95.2,1,17.88,444.64
1462,24.7,51.8,447.0,0.29,390.0,297.57,0.35,-0.226,95.2,1,19.93,390.35
1463,25.39,52.9,400.0,0.0,327.29,249.72,0.23,-0.492,95.2,1,22.01,327.52
1464,27.18,58.7,400.0,0.2,260.0,198.38,0.74,0.072,94.7,1,23.95,260.74
1465,27.2,59.4,400.0,0.18,327.29,249.72,0.33,-0.06,95.0,1,25.63,327.62
1466,27.98,63.3,433.0,0.21,390.0,297.57,0.0,0.067,94.7,1,26.94,390.0
1467,28.04,60.6,400.0,0.08,443.85,338.66,0.16,0.228,94.2,1,27.78,444.0
1468,28.52,60.0,400.0,0.11,485.17,370.18,0.82,0.294,94.0,1,28.09,485.99
1469,28.73,56.3,431.0,0.09,511.14,390.0,0.49,0.47,93.2,1,27.87,511.63
1470,29.29,54.0,407.0,0.28,520.0,396.76,0.92,0.462,93.2,1,27.11,520.92
1471,28.42,54.6,466.0,0.3,511.14,390.0,0.2,0.215,94.3,1,25.87,511.34
1472,29.33,49.9,427.0,0.02,485.17,370.18,0.25,0.57,92.6,1,24.24,485.42
1473,28.7,46.1,400.0,0.12,443.85,338.66,0.6,0.212,94.3,1,22.33,444.45
1474,27.25,48.1,400.0,0.05,390.0,297.57,0.7,0.267,94.1,1,20.26,390.7
1475,27.01,42.7,428.0,0.09,327.29,249.72,0.58,0.386,93.6,1,18.18,327.87
1476,26.94,39.9,400.0,0.09,260.0,198.38,0.2,-0.158,95.2,1,16.23,260.2
1477,25.56,44.5,421.0,0.18,327.29,249.72,0.08,0.05,94.8,1,14.54,327.38
1478,24.24,38.8,454.0,0.06,390.0,297.57,0.42,-0.393,95.3,1,13.22,390.42
1479,24.84,39.4,400.0,0.07,443.85,338.66,0.62,-0.212,95.2,1,12.37,444.47
1480,24.27,43.8,400.0,0.2,485.17,370.18,0.15,-0.686,94.9,1,12.05,485.31
1481,24.08,46.6,400.0,0.18,511.14,390.0,0.44,-0.419,95.3,1,12.27,511.58
1482,22.88,44.8,400.0,0.24,520.0,396.76,0.83,-0.81,94.6,0,13.01,520.83
1483,25.03,50.3,400.0,0.09,511.14,390.0,0.55,-0.577,95.1,1,14.24,511.69
1484,23.95,49.3,400.0,0.06,485.17,370.18,0.13,-0.595,95.1,1,15.86,485.3
1485,24.22,50.4,400.0,0.05,443.85,338.66,0.96,-0.286,95.3,1,17.77,444.81
1486,25.03,52.5,406.0,0.29,390.0,297.57,0.14,-0.233,95.2,1,19.83,390.14
1487,26.03,59.6,400.0,0.23,327.29,249.72,0.46,-0.087,95.1,1,21.9,327.75
1488,27.16,59.6,428.0,0.23,260.0,198.38,0.94,0.1,94.6,1,23.85,260.94
1489,26.73,60.2,492.0,0.25,327.29,249.72,0.1,0.091,94.7,1,25.53,327.39
1490,27.72,58.6,400.0,0.07,390.0,297.57,0.4,0.566,92.7,1,26.83,390.4
1491,28.12,59.0,400.0,0.24,443.85,338.66,0.64,0.127,94.6,1,27.67,444.48
1492,28.16,59.8,400.0,0.24,485.17,370.18,0.02,0.383,93.6,1,27.99,485.19
1493,29.41,55.4,400.0,0.27,511.14,390.0,0.69,0.508,93.0,1,27.76,511.83
1494,29.86,53.0,400.0,0.05,520.0,396.76,0.34,0.607,92.4,1,27.0,520.34
1495,28.9,52.2,404.0,0.09,511.14,390.0,0.1,0.546,92.8,1,25.77,511.24
1496,28.66,50.7,400.0,0.1,485.17,370.18,0.58,0.416,93.4,1,24.14,485.75
1497,28.19,47.4,452.0,0.21,443.85,338.66,0.23,0.369,93.7,1,22.22,444.08
1498,28.39,48.6,414.0,0.08,390.0,297.57,0.19,0.278,94.0,1,20.16,390.19
1499,26.91,46.6,436.0,0.02,327.29,249.72,0.86,0.2,94.3,1,18.07,328.15
1500,25.29,42.2,400.0,0.04,260.0,198.38,0.4,0.004,94.9,1,16.12,260.4
1501,25.67,38.6,400.0,0.16,327.29,249.72,0.79,-0.133,95.1,1,14.43,328.08
1502,24.69,40.9,424.0,0.17,390.0,297.57,0.86,-0.336,95.3,1,13.12,390.86
1503,23.75,39.4,426.0,0.13,443.85,338.66,0.22,-0.268,95.3,1,12.27,444.07
1504,23.81,35.5,400.0,0.21,485.17,370.18,0.94,-0.272,95.3,1,11.94,486.11
1505,23.6,46.2,400.0,0.07,511.14,390.0,0.63,-0.796,94.7,0,12.16,511.77
1506,23.26,42.3,400.0,0.17,520.0,396.76,0.42,-0.296,95.3,1,12.91,520.42
1507,23.43,51.0,430.0,0.1,511.14,390.0,0.97,-0.463,95.2,1,14.14,512.11
1508,22.96,49.5,403.0,0.12,485.17,370.18,0.06,-0.44,95.3,1,15.76,485.22
1509,23.8,54.7,400.0,0.28,443.85,338.66,0.37,-0.169,95.2,1,17.67,444.21
1510,25.06,57.7,422.0,0.14,390.0,297.57,0.01,-0.033,95.0,1,19.73,390.01
1511,26.0,58.6,400.0,0.07,327.29,249.72,0.9,-0.233,95.2,1,21.8,328.19
1512,26.03,59.1,400.0,0.04,260.0,198.38,0.97,0.226,94.2,1,23.74,260.97
1513,28.12,59.9,400.0,0.23,327.29,249.72,0.77,0.164,94.4,1,25.42,328.06
1514,27.81,60.4,486.0,0.27,390.0,297.57,0.39,0.042,94.8,1,26.73,390.39
1515,28.18,57.2,437.0,0.13,443.85,338.66,0.85,0.216,94.3,1,27.57,444.7
1516,29.1,57.6,411.0,0.19,485.17,370.18,0.64,0.591,92.5,1,27.89,485.81
1517,29.5,53.6,400.0,0.27,511.14,390.0,0.83,0.492,93.1,1,27.66,511.97
1518,29.45,54.6,414.0,0.07,520.0,396.76,0.54,0.17,94.4,1,26.9,520.54
1519,29.31,50.1,432.0,0.08,511.14,390.0,0.25,0.766,91.4,0,25.67,511.39
1520,29.3,51.7,1012.0,1.0,630.72,481.24,10.88,0.635,92.3,1,24.04,641.59
1521,29.23,43.5,1000.0,1.0,577.0,440.25,10.07,0.495,93.1,1,22.12,587.08
1522,27.45,44.9,989.0,1.0,507.0,386.84,10.75,0.201,94.3,1,20.05,517.75
1523,26.8,43.7,1034.0,1.0,425.48,324.64,10.66,0.308,93.9,1,17.97,436.14
1524,26.48,42.1,1001.0,1.0,338.0,257.89,10.15,-0.284,95.3,1,16.02,348.15
1525,26.09,37.3,994.0,1.0,425.48,324.64,10.29,-0.396,95.3,1,14.33,435.77
1526,24.02,42.8,995.0,1.0,507.0,386.84,10.36,-0.275,95.3,1,13.02,517.36
1527,24.39,40.2,983.0,1.0,577.0,440.25,10.91,-0.373,95.3,1,12.17,587.91
1528,24.68,40.2,1006.0,1.0,630.72,481.24,10.33,-0.416,95.3,1,11.84,641.05
1529,23.68,40.4,947.0,1.0,664.48,507.0,10.4,-0.938,94.2,0,12.06,674.88
1530,23.73,44.3,982.0,1.0,676.0,515.79,10.19,-0.481,95.2,1,12.81,686.19
1531,23.61,43.8,400.0,0.27,511.14,390.0,0.51,-0.909,94.3,0,14.04,511.65
1532,24.0,49.7,422.0,0.18,485.17,370.18,0.71,-0.347,95.3,1,15.66,485.87
1533,24.68,48.6,412.0,0.24,443.85,338.66,0.28,-0.778,94.7,0,17.57,444.13
1534,24.56,53.5,473.0,0.11,390.0,297.57,0.87,-0.024,94.9,1,19.63,390.87
1535,25.01,56.0,400.0,0.29,327.29,249.72,0.48,-0.044,95.0,1,21.7,327.78
1536,26.75,56.9,422.0,0.27,260.0,198.38,0.21,0.093,94.7,1,23.64,260.21
1537,27.26,58.3,400.0,0.07,327.29,249.72,0.27,0.139,94.5,1,25.33,327.57
1538,28.9,58.8,400.0,0.2,390.0,297.57,0.16,0.407,93.5,1,26.63,390.16
1539,27.88,59.8,400.0,0.02,443.85,338.66,0.65,0.574,92.6,1,27.47,444.5
1540,29.53,60.9,400.0,0.12,485.17,370.18,0.96,0.132,94.5,1,27.79,486.13
1541,28.87,60.2,406.0,0.17,511.14,390.0,0.96,0.118,94.6,1,27.56,512.1
1542,29.57,57.4,452.0,0.16,520.0,396.76,0.34,0.685,92.0,1,26.8,520.34
1543,29.7,55.8,411.0,0.07,511.14,390.0,0.67,0.366,93.7,1,25.57,511.81
1544,29.07,52.6,957.0,1.0,630.72,481.24,10.89,0.382,93.6,1,23.94,641.61
1545,28.65,47.7,939.0,1.0,577.0,440.25,10.49,0.465,93.2,1,22.02,587.49
1546,27.91,44.8,1006.0,1.0,507.0,386.84,10.15,0.523,92.9,1,19.96,517.15
1547,27.27,46.9,982.0,1.0,425.48,324.64,10.94,0.257,94.1,1,17.87,436.42
1548,25.87,41.6,961.0,1.0,338.0,257.89,10.37,0.234,94.2,1,15.92,348.37
1549,25.24,38.2,1019.0,1.0,425.48,324.64,10.27,-0.056,95.0,1,14.23,435.75
1550,24.97,41.1,1039.0,1.0,507.0,386.84,10.16,-0.403,95.3,1,12.92,517.16
1551,24.39,43.6,952.0,1.0,577.0,440.25,10.94,-0.184,95.2,1,12.07,587.95
1552,23.84,42.8,1030.0,1.0,630.72,481.24,10.71,-0.82,94.6,0,11.74,641.43
1553,23.05,42.2,979.0,1.0,664.48,507.0,10.25,-0.232,95.2,1,11.96,674.73
1554,23.97,47.0,997.0,1.0,676.0,515.79,10.76,-0.596,95.1,1,12.71,686.76
1555,23.75,44.9,431.0,0.01,511.14,390.0,0.8,-0.319,95.3,1,13.94,511.94
1556,24.03,50.4,400.0,0.09,485.17,370.18,0.98,-0.493,95.2,1,15.56,486.15
1557,24.39,51.6,400.0,0.25,443.85,338.66,0.22,-0.644,95.0,1,17.47,444.07
1558,24.48,53.2,400.0,0.28,390.0,297.57,0.39,-0.155,95.2,1,19.53,390.39
1559,24.9,55.2,410.0,0.07,327.29,249.72,0.04,-0.035,95.0,1,21.6,327.34
1560,26.53,58.8,413.0,0.27,260.0,198.38,0.31,-0.153,95.2,1,23.55,260.31
1561,26.95,59.5,400.0,0.28,327.29,249.72,0.24,0.287,94.0,1,25.23,327.53
1562,27.71,62.0,400.0,0.13,390.0,297.57,0.29,0.304,93.9,1,26.53,390.29
1563,28.97,57.8,442.0,0.02,443.85,338.66,0.39,0.261,94.1,1,27.37,444.24
1564,29.01,64.5,418.0,0.15,485.17,370.18,0.67,0.522,92.9,1,27.69,485.84
1565,29.73,57.9,406.0,0.12,511.14,390.0,0.61,0.495,93.1,1,27.46,511.75
1566,29.18,56.2,429.0,0.19,520.0,396.76,0.44,0.419,93.4,1,26.71,520.44
1567,29.24,54.7,400.0,0.02,511.14,390.0,0.39,0.532,92.9,1,25.47,511.53
1568,29.04,47.4,989.0,1.0,630.72,481.24,10.25,0.373,93.6,1,23.84,640.97
1569,27.73,52.0,973.0,1.0,577.0,440.25,10.11,0.236,94.2,1,21.93,587.11
1570,27.62,44.1,954.0,1.0,507.0,386.84,10.62,-0.007,94.9,1,19.86,517.62
1571,27.97,45.2,978.0,1.0,425.48,324.64,10.86,0.197,94.3,1,17.78,436.34
1572,26.18,42.6,998.0,1.0,338.0,257.89,10.63,-0.126,95.1,1,15.83,348.63
1573,25.82,39.8,1017.0,1.0,425.48,324.64,10.91,-0.037,95.0,1,14.14,436.39
1574,24.65,41.6,1036.0,1.0,507.0,386.84,10.62,-0.239,95.2,1,12.82,517.62
1575,24.04,39.9,1003.0,1.0,577.0,440.25,10.33,-0.329,95.3,1,11.97,587.33
1576,24.03,41.9,1018.0,1.0,630.72,481.24,10.95,-0.243,95.2,1,11.65,641.67
1577,23.03,44.0,1027.0,1.0,664.48,507.0,10.08,-0.489,95.2,1,11.87,674.56
1578,23.92,44.7,1029.0,1.0,676.0,515.79,10.83,-0.612,95.1,1,12.62,686.83
1579,23.99,47.6,400.0,0.2,511.14,390.0,0.63,-0.455,95.2,1,13.85,511.77
1580,24.22,48.4,400.0,0.0,485.17,370.18,0.73,-0.322,95.3,1,15.47,485.9
1581,23.35,50.3,401.0,0.25,443.85,338.66,0.22,-0.22,95.2,1,17.37,444.07
1582,25.04,56.4,462.0,0.29,390.0,297.57,0.83,-0.327,95.3,1,19.43,390.83
1583,26.69,55.1,428.0,0.15,327.29,249.72,0.16,0.364,93.7,1,21.51,327.45
1584,25.6,61.5,400.0,0.04,260.0,198.38,0.91,-0.211,95.2,1,23.45,260.91
1585,28.11,57.7,401.0,0.08,327.29,249.72,0.67,0.071,94.7,1,25.13,327.96
1586,26.78,60.0,408.0,0.02,390.0,297.57,0.94,0.241,94.2,1,26.44,390.94
1587,28.94,61.1,400.0,0.01,443.85,338.66,0.57,0.502,93.0,1,27.28,444.42
1588,28.31,61.2,400.0,0.14,485.17,370.18,0.16,0.552,92.7,1,27.6,485.33
1589,29.53,57.8,414.0,0.16,511.14,390.0,0.23,0.834,91.0,0,27.37,511.38
1590,30.1,59.6,422.0,0.08,520.0,396.76,0.51,0.689,91.9,1,26.61,520.51
1591,28.8,49.8,400.0,0.22,511.14,390.0,0.57,0.487,93.1,1,25.38,511.71
1592,30.21,46.1,986.0,1.0,630.72,481.24,10.81,0.665,92.1,1,23.75,641.53
1593,28.1,44.8,1011.0,1.0,577.0,440.25,10.88,0.346,93.8,1,21.83,587.88
1594,28.22,42.3,970.0,1.0,507.0,386.84,10.72,0.032,94.8,1,19.76,517.72
1595,26.8,40.7,973.0,1.0,425.48,324.64,10.22,0.463,93.2,1,17.68,435.7
1596,27.17,40.5,1087.0,1.0,338.0,257.89,10.02,0.002,94.9,1,15.73,348.02
1597,26.64,39.4,977.0,1.0,425.48,324.64,10.44,-0.321,95.3,1,14.04,435.92
1598,24.86,39.1,1026.0,1.0,507.0,386.84,10.07,0.132,94.5,1,12.73,517.07
1599,25.21,37.8,989.0,1.0,577.0,440.25,10.62,-0.236,95.2,1,11.88,587.62
1600,24.09,41.1,1018.0,1.0,630.72,481.24,10.88,-0.305,95.3,1,11.56,641.6
1601,23.51,44.2,1028.0,1.0,664.48,507.0,10.53,-0.774,94.7,0,11.77,675.01
1602,23.02,43.6,953.0,1.0,676.0,515.79,10.39,-0.212,95.2,1,12.52,686.39
1603,23.28,46.4,400.0,0.22,511.14,390.0,0.66,-0.765,94.7,0,13.75,511.8
1604,24.42,51.5,400.0,0.05,485.17,370.18,0.72,-0.086,95.1,1,15.38,485.89
1605,24.06,53.8,400.0,0.13,443.85,338.66,0.85,-0.482,95.2,1,17.28,444.7
1606,25.41,53.6,441.0,0.14,390.0,297.57,0.24,-0.495,95.2,1,19.34,390.24
1607,25.63,59.1,400.0,0.06,327.29,249.72,0.44,0.176,94.4,1,21.41,327.74
1608,27.36,57.8,400.0,0.01,260.0,198.38,0.39,-0.384,95.3,1,23.36,260.39
1609,27.01,60.8,419.0,0.13,327.29,249.72,0.37,0.233,94.2,1,25.04,327.66
1610,27.25,57.6,487.0,0.1,390.0,297.57,0.23,0.116,94.6,1,26.35,390.23
1611,28.06,58.2,400.0,0.18,443.85,338.66,0.77,0.665,92.1,1,27.19,444.61
1612,29.41,56.4,400.0,0.24,485.17,370.18,0.1,0.34,93.8,1,27.5,485.27
1613,29.45,57.3,400.0,0.08,511.14,390.0,0.57,0.532,92.9,1,27.28,511.71
1614,29.59,54.4,421.0,0.11,520.0,396.76,0.34,0.144,94.5,1,26.52,520.34
1615,29.81,51.5,431.0,0.0,511.14,390.0,0.04,0.518,92.9,1,25.28,511.18
1616,28.58,51.0,962.0,1.0,630.72,481.24,10.26,0.726,91.7,0,23.65,640.97
1617,28.37,49.7,1053.0,1.0,577.0,440.25,10.18,0.766,91.4,0,21.74,587.18
1618,27.87,45.1,1017.0,1.0,507.0,386.84,10.02,0.548,92.8,1,19.67,517.02
1619,27.44,43.7,976.0,1.0,425.48,324.64,10.9,0.493,93.1,1,17.59,436.38
1620,26.15,41.4,993.0,1.0,338.0,257.89,10.01,0.042,94.8,1,15.64,348.01
1621,25.58,38.5,1014.0,1.0,425.48,324.64,10.02,-0.143,95.1,1,13.95,435.5
1622,24.82,39.1,1000.0,1.0,507.0,386.84,10.41,-0.346,95.3,1,12.64,517.41
1623,23.69,43.0,996.0,1.0,577.0,440.25,10.46,-0.578,95.1,1,11.79,587.46
1624,23.74,40.3,1062.0,1.0,630.72,481.24,10.95,-0.317,95.3,1,11.46,641.66
1625,23.9,46.6,1016.0,1.0,664.48,507.0,10.61,-0.376,95.3,1,11.68,675.1
1626,23.02,43.6,986.0,1.0,676.0,515.79,10.18,-0.443,95.3,1,12.43,686.18
1627,22.96,45.5,400.0,0.11,511.14,390.0,0.66,-0.317,95.3,1,13.66,511.8
1628,23.82,53.7,452.0,0.0,485.17,370.18,0.36,-0.659,95.0,1,15.28,485.53
1629,24.13,54.9,411.0,0.07,443.85,338.66,0.41,-0.386,95.3,1,17.19,444.26
1630,24.15,53.4,400.0,0.27,390.0,297.57,0.42,-0.052,95.0,1,19.25,390.42
1631,24.86,56.4,400.0,0.27,327.29,249.72,0.89,-0.402,95.3,1,21.32,328.18
1632,27.07,54.1,400.0,0.15,260.0,198.38,0.74,-0.137,95.1,1,23.27,260.74
1633,26.99,60.9,400.0,0.1,327.29,249.72,0.2,0.306,93.9,1,24.95,327.5
1634,28.53,58.8,449.0,0.17,390.0,297.57,0.28,0.07,94.7,1,26.26,390.28
1635,29.03,59.5,400.0,0.2,443.85,338.66,0.19,0.342,93.8,1,27.1,444.04
1636,30.02,56.5,449.0,0.12,485.17,370.18,0.69,0.156,94.5,1,27.42,485.86
1637,29.63,59.8,400.0,0.11,511.14,390.0,0.53,0.33,93.8,1,27.19,511.67
1638,29.28,53.9,409.0,0.02,520.0,396.76,0.92,1.008,89.6,0,26.43,520.92
1639,29.83,53.8,437.0,0.1,511.14,390.0,0.29,0.311,93.9,1,25.2,511.43
1640,28.13,50.2,400.0,0.03,485.17,370.18,0.9,0.533,92.9,1,23.57,486.06
1641,29.2,50.9,400.0,0.02,443.85,338.66,0.16,0.432,93.4,1,21.65,444.01
1642,29.02,47.1,405.0,0.19,390.0,297.57,0.03,0.133,94.5,1,19.58,390.03
1643,26.8,43.5,412.0,0.24,327.29,249.72,0.03,0.23,94.2,1,17.5,327.33
1644,26.49,41.1,441.0,0.08,260.0,198.38,0.88,-0.476,95.2,1,15.55,260.88
1645,25.89,38.3,400.0,0.28,327.29,249.72,0.99,0.245,94.2,1,13.86,328.28
1646,24.93,36.6,400.0,0.12,390.0,297.57,0.4,-0.375,95.3,1,12.55,390.4
1647,24.44,37.5,462.0,0.0,443.85,338.66,0.2,-0.585,95.1,1,11.7,444.04
1648,23.62,41.7,407.0,0.21,485.17,370.18,0.44,-0.615,95.1,1,11.38,485.61
1649,23.41,44.2,412.0,0.26,511.14,390.0,0.53,-0.763,94.8,0,11.6,511.67
1650,25.08,46.9,422.0,0.2,520.0,396.76,0.3,-0.539,95.2,1,12.35,520.3
1651,23.79,46.9,404.0,0.19,511.14,390.0,0.54,-0.389,95.3,1,13.57,511.68
1652,22.74,49.6,437.0,0.16,485.17,370.18,0.69,-0.56,95.1,1,15.2,485.85
1653,24.22,51.2,420.0,0.15,443.85,338.66,0.69,-0.426,95.3,1,17.1,444.53
1654,24.91,53.8,402.0,0.02,390.0,297.57,0.46,0.039,94.8,1,19.16,390.46
1655,26.67,58.0,400.0,0.15,327.29,249.72,0.27,-0.209,95.2,1,21.24,327.56
1656,27.37,57.0,431.0,0.26,260.0,198.38,0.23,0.124,94.6,1,23.18,260.23
1657,27.46,59.9,456.0,0.05,327.29,249.72,0.47,-0.249,95.2,1,24.86,327.76
1658,27.56,60.2,436.0,0.02,390.0,297.57,0.89,0.345,93.8,1,26.17,390.89
1659,28.87,59.7,400.0,0.09,443.85,338.66,0.23,0.335,93.8,1,27.01,444.08
1660,28.79,58.7,437.0,0.22,485.17,370.18,0.92,0.426,93.4,1,27.33,486.09
1661,29.69,59.6,420.0,0.28,511.14,390.0,0.88,0.159,94.5,1,27.1,512.02
1662,30.13,56.5,402.0,0.07,520.0,396.76,0.52,0.559,92.7,1,26.34,520.52
1663,29.24,53.7,400.0,0.04,511.14,390.0,0.69,0.523,92.9,1,25.11,511.83
1664,29.34,51.9,400.0,0.28,485.17,370.18,0.36,0.553,92.7,1,23.48,485.53
1665,29.15,47.0,414.0,0.27,443.85,338.66,0.16,0.627,92.3,1,21.56,444.0
1666,28.4,47.6,400.0,0.17,390.0,297.57,0.57,-0.039,95.0,1,19.5,390.57
1667,26.6,45.4,462.0,0.19,327.29,249.72,0.4,0.154,94.5,1,17.42,327.7
1668,26.62,40.6,400.0,0.16,260.0,198.38,0.77,-0.139,95.1,1,15.47,260.77
1669,24.4,40.7,400.0,0.02,327.29,249.72,0.36,0.234,94.2,1,13.78,327.66
1670,25.31,39.6,400.0,0.21,390.0,297.57,0.55,-0.29,95.3,1,12.46,390.55
1671,24.96,41.6,400.0,0.2,443.85,338.66,0.49,-0.112,95.1,1,11.62,444.34
1672,24.28,41.9,400.0,0.27,485.17,370.18,0.08,-0.585,95.1,1,11.29,485.25
1673,23.92,40.6,400.0,0.16,511.14,390.0,0.69,-0.537,95.2,1,11.51,511.83
1674,23.81,44.3,417.0,0.24,520.0,396.76,0.74,-0.841,94.5,0,12.26,520.74
1675,24.05,49.7,400.0,0.27,511.14,390.0,0.05,-0.324,95.3,1,13.49,511.19
1676,23.62,48.9,400.0,0.01,485.17,370.18,0.39,-0.779,94.7,0,15.11,485.56
1677,24.22,54.1,400.0,0.06,443.85,338.66,0.27,-0.354,95.3,1,17.02,444.12
1678,25.23,57.8,400.0,0.11,390.0,297.57,0.34,-0.083,95.1,1,19.08,390.34
1679,26.51,56.7,400.0,0.17,327.29,249.72,0.26,-0.083,95.1,1,21.15,327.55
1680,26.93,61.1,400.0,0.15,260.0,198.38,0.3,-0.423,95.3,1,23.1,260.3
1681,27.8,57.4,411.0,0.22,327.29,249.72,0.3,0.062,94.7,1,24.78,327.59
1682,28.02,60.4,418.0,0.09,390.0,297.57,0.47,0.498,93.0,1,26.08,390.47
1683,28.84,60.6,400.0,0.22,443.85,338.66,0.95,0.464,93.2,1,26.93,444.8
1684,29.23,57.9,449.0,0.26,485.17,370.18,0.75,0.384,93.6,1,27.24,485.92
1685,28.94,56.6,400.0,0.28,511.14,390.0,0.24,0.276,94.0,1,27.02,511.38
1686,29.83,56.5,435.0,0.07,520.0,396.76,0.36,0.587,92.6,1,26.26,520.36
1687,29.49,53.4,403.0,0.22,511.14,390.0,0.99,0.396,93.5,1,25.02,512.13
1688,29.72,51.4,1025.0,1.0,630.72,481.24,10.9,0.248,94.2,1,23.39,641.62
1689,28.05,53.5,955.0,1.0,577.0,440.25,10.2,0.305,93.9,1,21.48,587.2
1690,27.94,45.1,965.0,1.0,507.0,386.84,10.45,0.386,93.6,1,19.41,517.45
1691,26.53,40.7,982.0,1.0,425.48,324.64,10.51,-0.002,94.9,1,17.33,435.99
1692,26.88,40.1,961.0,1.0,338.0,257.89,10.64,-0.005,94.9,1,15.38,348.64
1693,26.32,40.3,1008.0,1.0,425.48,324.64,10.5,-0.188,95.2,1,13.69,435.98
1694,25.38,37.2,999.0,1.0,507.0,386.84,10.14,-0.491,95.2,1,12.38,517.14
1695,25.55,40.7,970.0,1.0,577.0,440.25,10.95,-0.416,95.3,1,11.53,587.96
1696,24.37,44.0,1016.0,1.0,630.72,481.24,10.29,-0.42,95.3,1,11.21,641.01
1697,23.35,45.9,1024.0,1.0,664.48,507.0,10.34,-0.457,95.2,1,11.43,674.82
1698,24.3,44.7,937.0,1.0,676.0,515.79,10.53,-0.281,95.3,1,12.18,686.53
1699,24.82,48.1,431.0,0.13,511.14,390.0,0.02,-0.439,95.3,1,13.41,511.16
1700,24.44,51.5,419.0,0.24,485.17,370.18,0.5,-0.639,95.0,1,15.03,485.66
1701,24.21,57.7,400.0,0.11,443.85,338.66,0.53,-0.23,95.2,1,16.94,444.37
1702,24.87,54.7,400.0,0.11,390.0,297.57,0.49,-0.372,95.3,1,19.0,390.49
1703,26.1,55.0,400.0,0.14,327.29,249.72,0.38,-0.312,95.3,1,21.07,327.67
1704,26.5,57.8,400.0,0.23,260.0,198.38,0.88,0.333,93.8,1,23.01,260.88
1705,28.02,58.0,446.0,0.14,327.29,249.72,0.43,0.194,94.3,1,24.7,327.72
1706,28.09,60.8,400.0,0.03,390.0,297.57,0.35,0.21,94.3,1,26.0,390.35
1707,29.25,61.3,400.0,0.13,443.85,338.66,0.81,0.247,94.2,1,26.84,444.66
1708,29.65,59.0,400.0,0.15,485.17,370.18,0.74,0.613,92.4,1,27.16,485.91
1709,28.91,55.9,400.0,0.13,511.14,390.0,0.33,0.776,91.4,0,26.93,511.47
1710,29.66,54.2,400.0,0.21,520.0,396.76,0.54,0.709,91.8,0,26.18,520.54
1711,30.13,54.9,410.0,0.0,511.14,390.0,0.4,0.667,92.1,1,24.94,511.54
1712,29.24,49.4,957.0,1.0,630.72,481.24,10.56,0.519,92.9,1,23.31,641.28
1713,29.0,53.0,1053.0,1.0,577.0,440.25,10.08,0.05,94.8,1,21.4,587.08
1714,28.3,43.5,996.0,1.0,507.0,386.84,10.83,0.166,94.4,1,19.33,517.83
1715,27.07,41.2,1001.0,1.0,425.48,324.64,10.36,0.244,94.2,1,17.25,435.84
1716,27.58,39.7,987.0,1.0,338.0,257.89,10.07,-0.092,95.1,1,15.3,348.07
1717,25.56,42.9,1047.0,1.0,425.48,324.64,10.03,-0.283,95.3,1,13.61,435.51
1718,24.75,39.5,979.0,1.0,507.0,386.84,10.74,-0.296,95.3,1,12.3,517.74
1719,25.12,39.5,1006.0,1.0,577.0,440.25,10.6,-0.591,95.1,1,11.45,587.6
1720,23.85,44.8,1011.0,1.0,630.72,481.24,10.73,-0.799,94.7,0,11.13,641.44
1721,23.86,37.4,993.0,1.0,664.48,507.0,10.72,-0.518,95.2,1,11.35,675.2
1722,23.93,45.2,1017.0,1.0,676.0,515.79,10.09,-0.399,95.3,1,12.1,686.09
1723,24.33,46.4,426.0,0.03,511.14,390.0,0.51,-0.46,95.2,1,13.33,511.65
1724,23.08,54.5,422.0,0.11,485.17,370.18,0.91,-0.047,95.0,1,14.95,486.08
1725,24.53,51.1,400.0,0.17,443.85,338.66,0.82,-0.176,95.2,1,16.86,444.67
1726,25.08,53.0,400.0,0.15,390.0,297.57,0.31,-0.162,95.2,1,18.92,390.31
1727,25.93,58.1,404.0,0.09,327.29,249.72,0.58,0.056,94.8,1,20.99,327.87
1728,27.11,59.1,400.0,0.08,260.0,198.38,0.47,-0.422,95.3,1,22.93,260.47
1729,28.24,60.7,400.0,0.16,327.29,249.72,0.82,-0.221,95.2,1,24.62,328.11
1730,28.33,59.2,405.0,0.24,390.0,297.57,0.95,0.327,93.8,1,25.92,390.95
1731,28.47,58.6,444.0,0.23,443.85,338.66,0.61,0.627,92.3,1,26.76,444.46
1732,29.45,57.0,415.0,0.12,485.17,370.18,0.37,0.089,94.7,1,27.08,485.54
1733,29.92,57.9,400.0,0.1,511.14,390.0,0.33,0.15,94.5,1,26.86,511.47
1734,29.88,55.8,403.0,0.1,520.0,396.76,0.28,0.647,92.2,1,26.1,520.28
1735,30.16,53.8,428.0,0.18,511.14,390.0,0.26,0.485,93.1,1,24.86,511.4
1736,29.0,55.4,995.0,1.0,630.72,481.24,10.44,0.468,93.2,1,23.23,641.16
1737,28.55,51.0,1005.0,1.0,577.0,440.25,10.04,0.254,94.1,1,21.32,587.04
1738,28.33,45.3,1107.0,1.0,507.0,386.84,10.48,0.069,94.7,1,19.25,517.48
1739,28.09,42.4,1056.0,1.0,425.48,324.64,10.15,0.028,94.8,1,17.17,435.63
1740,27.61,44.1,1000.0,1.0,338.0,257.89,10.27,-0.032,95.0,1,15.22,348.27
1741,26.24,42.0,1022.0,1.0,425.48,324.64,10.85,-0.418,95.3,1,13.53,436.33
1742,25.41,40.7,994.0,1.0,507.0,386.84,10.49,-0.539,95.2,1,12.22,517.49
1743,24.15,41.6,992.0,1.0,577.0,440.25,10.56,-0.439,95.3,1,11.37,587.57
1744,24.51,39.1,1030.0,1.0,630.72,481.24,10.76,-0.086,95.1,1,11.05,641.47
1745,23.29,44.3,1029.0,1.0,664.48,507.0,10.37,-0.709,94.9,0,11.27,674.86
1746,24.29,43.5,1021.0,1.0,676.0,515.79,10.12,-0.467,95.2,1,12.02,686.12
1747,23.94,46.7,400.0,0.12,511.14,390.0,0.24,-0.53,95.2,1,13.25,511.38
1748,24.22,51.0,456.0,0.04,485.17,370.18,0.38,-0.651,95.0,1,14.87,485.55
1749,25.28,54.0,400.0,0.06,443.85,338.66,0.41,-0.426,95.3,1,16.78,444.25
1750,25.32,50.4,404.0,0.24,390.0,297.57,0.15,-0.25,95.2,1,18.84,390.15
1751,25.8,60.0,400.0,0.08,327.29,249.72,0.87,-0.074,95.0,1,20.91,328.16
1752,26.9,60.3,405.0,0.24,260.0,198.38,0.85,-0.092,95.1,1,22.86,260.85
1753,27.11,57.9,400.0,0.12,327.29,249.72,0.12,0.311,93.9,1,24.54,327.41
1754,28.38,59.2,442.0,0.28,390.0,297.57,0.44,0.144,94.5,1,25.85,390.44
1755,28.8,60.3,401.0,0.15,443.85,338.66,0.18,0.134,94.5,1,26.69,444.03
1756,29.02,58.2,443.0,0.07,485.17,370.18,0.19,0.818,91.1,0,27.01,485.36
1757,30.86,54.8,400.0,0.02,511.14,390.0,0.96,0.493,93.1,1,26.78,512.1
1758,29.67,53.7,400.0,0.19,520.0,396.76,0.18,0.314,93.9,1,26.02,520.18
1759,29.37,54.4,414.0,0.13,511.14,390.0,0.38,0.754,91.5,0,24.79,511.52
1760,28.52,48.4,938.0,1.0,630.72,481.24,10.8,0.105,94.6,1,23.16,641.52
1761,28.52,47.8,991.0,1.0,577.0,440.25,10.07,0.411,93.5,1,21.24,587.07
1762,28.65,46.4,1008.0,1.0,507.0,386.84,10.65,-0.097,95.1,1,19.18,517.65
1763,26.78,43.9,1070.0,1.0,425.48,324.64,10.68,-0.315,95.3,1,17.1,436.16
1764,26.19,40.9,1021.0,1.0,338.0,257.89,10.83,-0.126,95.1,1,15.15,348.83
1765,26.48,39.3,947.0,1.0,425.48,324.64,10.37,-0.414,95.3,1,13.46,435.85
1766,25.09,37.8,981.0,1.0,507.0,386.84,10.58,0.133,94.5,1,12.15,517.58
1767,24.41,41.0,968.0,1.0,577.0,440.25,10.58,-0.471,95.2,1,11.3,587.58
1768,24.21,39.4,1015.0,1.0,630.72,481.24,10.66,-0.52,95.2,1,10.97,641.37
1769,24.47,46.8,1029.0,1.0,664.48,507.0,10.64,-0.501,95.2,1,11.19,675.12
1770,23.3,44.1,957.0,1.0,676.0,515.79,10.78,-0.494,95.2,1,11.94,686.78
1771,24.86,47.5,436.0,0.09,511.14,390.0,0.09,-0.469,95.2,1,13.17,511.24
1772,24.22,48.2,400.0,0.16,485.17,370.18,0.1,-0.27,95.3,1,14.8,485.27
1773,24.63,53.5,400.0,0.02,443.85,338.66,0.29,-0.16,95.2,1,16.7,444.13
1774,25.6,50.8,400.0,0.01,390.0,297.57,0.83,-0.282,95.3,1,18.76,390.83
1775,24.92,57.6,400.0,0.18,327.29,249.72,0.16,-0.076,95.0,1,20.84,327.45
1776,26.92,58.0,402.0,0.08,260.0,198.38,0.01,0.237,94.2,1,22.78,260.01
1777,27.65,65.0,437.0,0.27,327.29,249.72,0.4,0.087,94.7,1,24.47,327.7
1778,29.19,59.9,400.0,0.04,390.0,297.57,0.18,0.168,94.4,1,25.77,390.18
1779,30.05,58.2,400.0,0.14,443.85,338.66,0.05,0.242,94.2,1,26.61,443.9
1780,29.47,60.8,428.0,0.26,485.17,370.18,0.6,0.261,94.1,1,26.93,485.77
1781,29.74,57.8,400.0,0.1,511.14,390.0,0.31,0.552,92.7,1,26.71,511.46
1782,29.7,52.6,400.0,0.05,520.0,396.76,0.39,0.777,91.4,0,25.95,520.39
1783,29.67,56.4,408.0,0.26,511.14,390.0,0.22,0.404,93.5,1,24.71,511.36
1784,29.19,48.0,985.0,1.0,630.72,481.24,10.72,0.559,92.7,1,23.08,641.44
1785,29.41,47.1,973.0,1.0,577.0,440.25,10.56,0.561,92.7,1,21.17,587.57
1786,28.98,46.1,992.0,1.0,507.0,386.84,10.34,0.532,92.9,1,19.1,517.34
1787,28.18,43.5,1008.0,1.0,425.48,324.64,10.83,0.292,94.0,1,17.03,436.32
1788,27.45,43.3,968.0,1.0,338.0,257.89,10.22,0.069,94.7,1,15.07,348.22
1789,26.27,37.8,1031.0,1.0,425.48,324.64,10.45,-0.223,95.2,1,13.39,435.93
1790,25.68,39.6,996.0,1.0,507.0,386.84,10.55,-0.396,95.3,1,12.07,517.55
1791,25.03,38.6,995.0,1.0,577.0,440.25,10.97,-0.315,95.3,1,11.22,587.97
1792,23.46,42.4,983.0,1.0,630.72,481.24,10.39,-0.338,95.3,1,10.9,641.11
1793,23.76,44.5,988.0,1.0,664.48,507.0,10.69,-0.817,94.6,0,11.12,675.18
1794,23.51,44.0,978.0,1.0,676.0,515.79,10.31,-0.355,95.3,1,11.87,686.31
1795,23.85,46.7,435.0,0.25,511.14,390.0,0.02,-0.709,94.9,0,13.1,511.16
1796,24.13,48.5,405.0,0.23,485.17,370.18,0.42,-0.264,95.3,1,14.72,485.58
1797,24.99,50.0,400.0,0.04,443.85,338.66,0.34,-0.39,95.3,1,16.63,444.19
1798,25.09,55.8,400.0,0.02,390.0,297.57,0.93,-0.161,95.2,1,18.69,390.93
1799,24.88,54.8,400.0,0.17,327.29,249.72,0.54,0.044,94.8,1,20.77,327.84
1800,26.97,58.4,415.0,0.16,260.0,198.38,0.15,0.096,94.7,1,22.71,260.15
1801,27.45,60.8,400.0,0.24,327.29,249.72,0.56,0.018,94.9,1,24.39,327.85
1802,28.54,57.0,400.0,0.23,390.0,297.57,0.53,0.547,92.8,1,25.7,390.53
1803,28.34,60.1,404.0,0.21,443.85,338.66,0.61,0.312,93.9,1,26.54,444.46
1804,29.63,56.8,400.0,0.05,485.17,370.18,0.94,0.281,94.0,1,26.86,486.11
1805,29.28,58.2,400.0,0.05,511.14,390.0,0.65,0.576,92.6,1,26.63,511.79
1806,28.97,55.5,462.0,0.16,520.0,396.76,0.54,0.343,93.8,1,25.88,520.54
1807,29.54,51.6,406.0,0.04,511.14,390.0,0.69,0.225,94.2,1,24.64,511.83
1808,28.54,51.1,407.0,0.23,485.17,370.18,0.6,0.302,93.9,1,23.01,485.77
1809,28.6,48.9,400.0,0.3,443.85,338.66,0.15,0.354,93.7,1,21.1,444.0
1810,28.37,43.0,426.0,0.02,390.0,297.57,1.0,0.111,94.6,1,19.03,391.0
1811,26.91,43.5,400.0,0.02,327.29,249.72,0.99,0.066,94.7,1,16.95,328.29
1812,26.97,40.2,410.0,0.28,260.0,198.38,0.8,-0.44,95.3,1,15.0,260.8
1813,25.35,41.9,400.0,0.26,327.29,249.72,0.07,0.124,94.6,1,13.31,327.37
1814,24.83,35.5,400.0,0.04,390.0,297.57,0.45,-0.234,95.2,1,12.0,390.45
1815,24.16,41.1,400.0,0.04,443.85,338.66,0.81,-0.51,95.2,1,11.15,444.66
1816,24.52,38.5,400.0,0.04,485.17,370.18,0.57,-0.169,95.2,1,10.83,485.73
1817,24.02,41.7,400.0,0.04,511.14,390.0,0.13,-0.768,94.7,0,11.05,511.27
1818,23.57,47.3,436.0,0.1,520.0,396.76,0.03,-0.695,94.9,1,11.8,520.03
1819,22.84,44.0,400.0,0.27,511.14,390.0,0.35,-0.586,95.1,1,13.03,511.49
1820,24.18,50.0,437.0,0.09,485.17,370.18,0.24,-0.575,95.1,1,14.65,485.4
1821,24.09,50.1,400.0,0.06,443.85,338.66,0.03,-0.448,95.3,1,16.56,443.88
1822,24.68,57.3,400.0,0.07,390.0,297.57,0.6,-0.129,95.1,1,18.62,390.6
1823,26.35,57.5,445.0,0.21,327.29,249.72,0.7,0.056,94.8,1,20.7,327.99
1824,26.39,63.7,400.0,0.17,260.0,198.38,0.75,0.202,94.3,1,22.64,260.75
1825,27.63,59.8,409.0,0.22,327.29,249.72,0.45,0.407,93.5,1,24.32,327.75
1826,27.86,61.8,400.0,0.12,390.0,297.57,0.99,0.105,94.6,1,25.63,390.99
1827,29.39,59.5,400.0,0.07,443.85,338.66,0.9,0.438,93.3,1,26.47,444.75
1828,29.69,62.7,400.0,0.18,485.17,370.18,0.68,0.287,94.0,1,26.79,485.85
1829,30.23,57.6,400.0,0.19,511.14,390.0,0.14,0.333,93.8,1,26.57,511.28
1830,30.42,58.1,400.0,0.27,520.0,396.76,0.78,0.198,94.3,1,25.81,520.78
1831,28.98,49.5,412.0,0.05,511.14,390.0,0.18,0.792,91.3,0,24.57,511.32
1832,30.42,50.6,402.0,0.15,485.17,370.18,0.17,0.687,91.9,1,22.95,485.34
1833,27.72,47.0,400.0,0.12,443.85,338.66,0.79,0.813,91.1,0,21.03,444.63
1834,28.04,46.9,431.0,0.21,390.0,297.57,0.69,0.414,93.5,1,18.97,390.69
1835,27.39,45.7,440.0,0.2,327.29,249.72,0.29,0.22,94.3,1,16.89,327.58
1836,25.96,45.4,405.0,0.17,260.0,198.38,0.33,-0.092,95.1,1,14.94,260.33
1837,25.8,38.1,400.0,0.16,327.29,249.72,0.35,0.102,94.6,1,13.25,327.64
1838,25.81,42.4,400.0,0.2,390.0,297.57,0.85,-0.162,95.2,1,11.93,390.85
1839,24.78,39.6,408.0,0.17,443.85,338.66,0.03,-0.606,95.1,1,11.09,443.88
1840,23.43,43.7,400.0,0.03,485.17,370.18,0.66,-0.408,95.3,1,10.76,485.83
1841,23.77,42.7,400.0,0.12,511.14,390.0,0.3,-0.75,94.8,0,10.98,511.44
1842,24.3,47.8,401.0,0.15,520.0,396.76,0.07,-0.426,95.3,1,11.73,520.07
1843,23.54,45.7,400.0,0.03,511.14,390.0,0.21,-0.294,95.3,1,12.96,511.35
1844,24.05,51.5,400.0,0.16,485.17,370.18,0.46,-0.496,95.2,1,14.59,485.63
1845,24.95,49.7,400.0,0.04,443.85,338.66,0.01,-0.502,95.2,1,16.49,443.86
1846,25.73,52.1,436.0,0.05,390.0,297.57,0.26,0.142,94.5,1,18.56,390.26
1847,26.39,54.4,400.0,0.3,327.29,249.72,1.0,-0.07,95.0,1,20.63,328.29
1848,26.67,58.1,411.0,0.1,260.0,198.38,0.57,0.12,94.6,1,22.57,260.57
1849,26.79,59.1,449.0,0.26,327.29,249.72,0.12,0.202,94.3,1,24.26,327.41
1850,28.48,61.0,400.0,0.25,390.0,297.57,0.71,0.452,93.3,1,25.57,390.71
1851,28.21,60.4,442.0,0.22,443.85,338.66,0.81,0.503,93.0,1,26.41,444.66
1852,29.38,58.6,403.0,0.13,485.17,370.18,0.49,0.394,93.5,1,26.73,485.65
1853,29.32,58.1,415.0,0.25,511.14,390.0,0.65,0.156,94.5,1,26.5,511.8
1854,29.75,54.9,400.0,0.25,520.0,396.76,0.47,0.39,93.6,1,25.74,520.47
1855,30.37,54.3,438.0,0.06,511.14,390.0,0.25,0.505,93.0,1,24.51,511.39
1856,29.59,48.6,991.0,1.0,630.72,481.24,10.88,0.653,92.2,1,22.88,641.59
1857,29.52,48.9,998.0,1.0,577.0,440.25,10.06,0.668,92.1,1,20.97,587.06
1858,27.98,42.2,989.0,1.0,507.0,386.84,10.9,0.205,94.3,1,18.9,517.9
1859,27.78,46.4,977.0,1.0,425.48,324.64,10.85,0.519,92.9,1,16.82,436.34
1860,26.31,39.5,1024.0,1.0,338.0,257.89,10.0,0.111,94.6,1,14.87,348.0
1861,25.96,38.2,989.0,1.0,425.48,324.64,10.64,-0.076,95.0,1,13.18,436.12
1862,25.61,42.9,976.0,1.0,507.0,386.84,10.86,-0.188,95.2,1,11.87,517.86
1863,23.76,39.2,978.0,1.0,577.0,440.25,10.54,-0.19,95.2,1,11.02,587.54
1864,24.19,43.8,971.0,1.0,630.72,481.24,10.76,-0.41,95.3,1,10.7,641.48
1865,24.21,42.7,1045.0,1.0,664.48,507.0,10.57,-0.463,95.2,1,10.92,675.05
1866,23.63,41.4,1004.0,1.0,676.0,515.79,10.05,-0.302,95.3,1,11.67,686.05
1867,24.37,46.5,400.0,0.06,511.14,390.0,0.23,-0.242,95.2,1,12.9,511.37
1868,24.21,44.9,400.0,0.14,485.17,370.18,0.78,-0.418,95.3,1,14.52,485.95
1869,24.03,53.0,431.0,0.28,443.85,338.66,0.33,-0.357,95.3,1,16.43,444.18
1870,25.51,56.3,408.0,0.16,390.0,297.57,0.83,-0.404,95.3,1,18.49,390.83
1871,26.12,57.9,400.0,0.12,327.29,249.72,0.17,-0.191,95.2,1,20.57,327.47
1872,26.78,56.9,400.0,0.2,260.0,198.38,0.45,0.241,94.2,1,22.51,260.45
1873,27.61,59.9,404.0,0.14,327.29,249.72,0.11,0.151,94.5,1,24.19,327.41
1874,28.73,57.3,441.0,0.22,390.0,297.57,0.14,0.443,93.3,1,25.5,390.14
1875,28.98,60.8,400.0,0.23,443.85,338.66,0.65,0.226,94.2,1,26.34,444.5
1876,29.76,60.1,418.0,0.22,485.17,370.18,0.55,0.5,93.0,1,26.66,485.72
1877,30.5,56.1,453.0,0.15,511.14,390.0,0.6,0.606,92.4,1,26.44,511.74
1878,30.23,53.9,400.0,0.08,520.0,396.76,0.58,0.842,90.9,0,25.68,520.58
1879,29.77,51.0,400.0,0.22,511.14,390.0,0.82,0.106,94.6,1,24.45,511.96
1880,29.44,53.5,989.0,1.0,630.72,481.24,10.71,0.64,92.2,1,22.82,641.43
1881,28.85,46.4,1011.0,1.0,577.0,440.25,10.2,0.385,93.6,1,20.9,587.2
1882,28.4,47.8,1010.0,1.0,507.0,386.84,10.61,0.271,94.1,1,18.84,517.61
1883,27.71,42.9,996.0,1.0,425.48,324.64,10.11,-0.246,95.2,1,16.76,435.59
1884,26.53,38.7,1077.0,1.0,338.0,257.89,10.61,-0.288,95.3,1,14.81,348.61
1885,25.85,39.1,1025.0,1.0,425.48,324.64,10.25,-0.019,94.9,1,13.12,435.73
1886,24.93,39.6,990.0,1.0,507.0,386.84,10.1,0.054,94.8,1,11.81,517.1
1887,25.12,39.0,994.0,1.0,577.0,440.25,10.51,-0.302,95.3,1,10.96,587.51
1888,24.39,42.5,989.0,1.0,630.72,481.24,10.65,-0.124,95.1,1,10.64,641.37
1889,23.97,41.6,1038.0,1.0,664.48,507.0,10.92,-1.044,93.8,0,10.86,675.4
1890,23.55,44.8,954.0,1.0,676.0,515.79,10.05,-0.826,94.6,0,11.61,686.05
1891,24.28,46.3,400.0,0.25,511.14,390.0,0.65,-0.829,94.6,0,12.84,511.79
1892,23.96,48.9,400.0,0.04,485.17,370.18,0.69,-0.215,95.2,1,14.46,485.85
1893,24.41,51.0,409.0,0.09,443.85,338.66,0.57,-0.24,95.2,1,16.37,444.42
1894,25.75,53.9,415.0,0.23,390.0,297.57,0.52,-0.245,95.2,1,18.43,390.52
1895,25.91,59.3,400.0,0.06,327.29,249.72,0.01,0.068,94.7,1,20.5,327.3
1896,27.02,58.1,400.0,0.09,260.0,198.38,0.79,-0.048,95.0,1,22.45,260.79
1897,27.4,60.5,401.0,0.26,327.29,249.72,0.56,0.393,93.6,1,24.13,327.85
1898,28.27,61.3,411.0,0.05,390.0,297.57,0.44,0.578,92.6,1,25.44,390.44
1899,28.99,57.7,400.0,0.0,443.85,338.66,0.67,0.009,94.9,1,26.28,444.51
1900,30.0,56.6,400.0,0.05,485.17,370.18,0.71,0.583,92.6,1,26.6,485.87
1901,29.97,54.4,420.0,0.18,511.14,390.0,0.17,0.628,92.3,1,26.38,511.31
1902,30.13,53.8,414.0,0.02,520.0,396.76,0.86,0.277,94.0,1,25.62,520.86
1903,30.03,54.3,400.0,0.27,511.14,390.0,0.3,0.191,94.4,1,24.39,511.44
1904,30.0,46.9,979.0,1.0,630.72,481.24,10.54,0.415,93.4,1,22.76,641.26
1905,29.83,48.7,926.0,1.0,577.0,440.25,10.99,0.417,93.4,1,20.84,588.0
1906,28.66,43.6,977.0,1.0,507.0,386.84,10.04,0.388,93.6,1,18.78,517.04
1907,27.22,44.3,1010.0,1.0,425.48,324.64,10.28,0.406,93.5,1,16.7,435.76
1908,27.04,40.4,999.0,1.0,338.0,257.89,10.67,0.02,94.8,1,14.75,348.67
1909,26.78,41.4,1023.0,1.0,425.48,324.64,10.67,-0.084,95.1,1,13.06,436.16
1910,24.76,41.3,1056.0,1.0,507.0,386.84,10.07,0.24,94.2,1,11.75,517.07
1911,25.61,38.6,1000.0,1.0,577.0,440.25,10.8,-0.284,95.3,1,10.9,587.8
1912,24.66,40.3,938.0,1.0,630.72,481.24,10.49,-0.542,95.2,1,10.58,641.2
1913,24.16,41.4,985.0,1.0,664.48,507.0,10.31,-0.337,95.3,1,10.8,674.8
1914,23.76,44.2,1035.0,1.0,676.0,515.79,10.32,-0.59,95.1,1,11.55,686.32
1915,23.74,46.6,436.0,0.28,511.14,390.0,0.77,-0.57,95.1,1,12.78,511.91
1916,24.81,50.5,400.0,0.03,485.17,370.18,0.52,-0.638,95.0,1,14.4,485.69
1917,24.13,56.6,400.0,0.21,443.85,338.66,0.77,-0.287,95.3,1,16.31,444.62
1918,26.51,57.1,400.0,0.13,390.0,297.57,0.66,0.038,94.8,1,18.37,390.66
1919,26.59,53.8,427.0,0.05,327.29,249.72,0.11,-0.029,95.0,1,20.45,327.4
1920,27.18,56.2,400.0,0.13,260.0,198.38,0.0,0.148,94.5,1,22.39,260.0
1921,27.88,60.5,418.0,0.02,327.29,249.72,0.37,0.285,94.0,1,24.08,327.66
1922,28.07,58.2,400.0,0.03,390.0,297.57,0.96,0.553,92.7,1,25.38,390.96
1923,29.13,58.4,400.0,0.2,443.85,338.66,0.18,0.211,94.3,1,26.23,444.03
1924,28.78,56.6,400.0,0.15,485.17,370.18,0.14,0.319,93.9,1,26.55,485.31
1925,29.28,57.0,400.0,0.19,511.14,390.0,0.28,0.563,92.7,1,26.32,511.42
1926,29.12,52.7,400.0,0.2,520.0,396.76,0.73,0.51,93.0,1,25.56,520.73
1927,29.85,55.2,401.0,0.28,511.14,390.0,0.67,0.335,93.8,1,24.33,511.81
1928,29.29,52.0,1017.0,1.0,630.72,481.24,10.78,0.484,93.1,1,22.7,641.5
1929,28.94,44.6,1006.0,1.0,577.0,440.25,10.06,-0.06,95.0,1,20.79,587.06
1930,28.52,46.6,1033.0,1.0,507.0,386.84,10.87,0.458,93.2,1,18.72,517.87
1931,28.31,44.3,1004.0,1.0,425.48,324.64,10.42,-0.025,94.9,1,16.64,435.9
1932,26.16,42.4,1005.0,1.0,338.0,257.89,10.44,-0.393,95.3,1,14.69,348.44
1933,26.85,40.7,982.0,1.0,425.48,324.64,10.83,0.081,94.7,1,13.0,436.31
1934,25.47,40.1,1012.0,1.0,507.0,386.84,10.95,-0.222,95.2,1,11.69,517.95
1935,24.56,41.0,984.0,1.0,577.0,440.25,10.06,-0.245,95.2,1,10.85,587.06
1936,24.45,38.9,990.0,1.0,630.72,481.24,10.25,-0.059,95.0,1,10.52,640.97
1937,24.22,41.5,1032.0,1.0,664.48,507.0,10.04,-0.279,95.3,1,10.74,674.52
1938,24.5,47.5,1051.0,1.0,676.0,515.79,10.13,-0.236,95.2,1,11.49,686.13
1939,23.93,47.0,400.0,0.06,511.14,390.0,0.36,-0.4,95.3,1,12.72,511.5
1940,23.68,50.1,412.0,0.15,485.17,370.18,0.11,0.012,94.9,1,14.35,485.28
1941,24.11,55.4,400.0,0.27,443.85,338.66,0.21,-0.25,95.2,1,16.26,444.06
1942,25.78,56.1,400.0,0.15,390.0,297.57,0.74,-0.518,95.2,1,18.32,390.74
1943,26.4,61.0,400.0,0.1,327.29,249.72,0.86,-0.436,95.3,1,20.39,328.15
1944,27.83,58.0,417.0,0.08,260.0,198.38,0.33,0.179,94.4,1,22.34,260.33
1945,26.99,58.9,400.0,0.03,327.29,249.72,0.47,-0.042,95.0,1,24.02,327.76
1946,28.66,59.6,450.0,0.15,390.0,297.57,0.14,0.294,94.0,1,25.33,390.14
1947,29.48,60.7,400.0,0.21,443.85,338.66,0.24,0.485,93.1,1,26.17,444.09
1948,29.68,60.8,400.0,0.0,485.17,370.18,0.34,0.371,93.7,1,26.49,485.5
1949,29.74,58.4,422.0,0.01,511.14,390.0,0.17,0.265,94.1,1,26.26,511.31
1950,29.77,57.0,475.0,0.11,520.0,396.76,0.7,0.283,94.0,1,25.51,520.7
1951,29.67,51.2,400.0,0.08,511.14,390.0,0.98,0.426,93.4,1,24.27,512.12
1952,29.65,50.2,986.0,1.0,630.72,481.24,10.89,0.536,92.8,1,22.65,641.61
1953,29.65,49.8,1005.0,1.0,577.0,440.25,10.16,0.111,94.6,1,20.73,587.16
1954,27.8,45.1,990.0,1.0,507.0,386.84,10.99,0.673,92.0,1,18.67,517.99
1955,27.52,40.7,1021.0,1.0,425.48,324.64,10.02,0.245,94.2,1,16.59,435.51
1956,27.68,44.0,1005.0,1.0,338.0,257.89,10.07,0.086,94.7,1,14.64,348.07
1957,25.51,38.7,1038.0,1.0,425.48,324.64,10.81,-0.135,95.1,1,12.95,436.29
1958,25.65,39.7,992.0,1.0,507.0,386.84,10.76,-0.223,95.2,1,11.64,517.76
1959,23.46,40.3,1026.0,1.0,577.0,440.25,10.96,-0.27,95.3,1,10.79,587.96
1960,24.09,37.5,999.0,1.0,630.72,481.24,10.08,-0.397,95.3,1,10.47,640.8
1961,23.58,40.6,1017.0,1.0,664.48,507.0,10.9,-0.2,95.2,1,10.69,675.38
1962,24.5,43.6,1007.0,1.0,676.0,515.79,10.9,-0.232,95.2,1,11.44,686.9
1963,23.45,48.8,400.0,0.04,511.14,390.0,0.95,-0.429,95.3,1,12.67,512.09
1964,23.78,50.0,400.0,0.3,485.17,370.18,0.88,-0.566,95.1,1,14.3,486.05
1965,24.37,57.4,425.0,0.24,443.85,338.66,0.06,-0.523,95.2,1,16.2,443.91
1966,25.17,58.5,400.0,0.17,390.0,297.57,0.56,-0.239,95.2,1,18.26,390.56
1967,25.94,56.3,419.0,0.19,327.29,249.72,0.13,-0.166,95.2,1,20.34,327.42
1968,26.64,58.8,418.0,0.07,260.0,198.38,0.48,0.131,94.5,1,22.28,260.48
1969,27.85,57.7,466.0,0.22,327.29,249.72,0.14,0.484,93.1,1,23.97,327.43
1970,27.89,58.5,425.0,0.26,390.0,297.57,0.37,0.326,93.8,1,25.28,390.37
1971,29.28,58.0,400.0,0.0,443.85,338.66,0.89,0.228,94.2,1,26.12,444.73
1972,29.15,55.4,400.0,0.04,485.17,370.18,0.3,0.192,94.4,1,26.44,485.47
1973,28.78,55.3,400.0,0.29,511.14,390.0,0.22,0.466,93.2,1,26.21,511.36
1974,29.86,58.4,400.0,0.29,520.0,396.76,0.5,0.563,92.7,1,25.46,520.5
1975,30.06,54.2,411.0,0.23,511.14,390.0,0.4,0.298,94.0,1,24.22,511.54
1976,29.06,46.5,400.0,0.01,485.17,370.18,0.97,0.441,93.3,1,22.59,486.14
1977,29.1,46.9,400.0,0.23,443.85,338.66,0.63,0.614,92.4,1,20.68,444.48
1978,28.2,46.9,400.0,0.04,390.0,297.57,0.62,0.17,94.4,1,18.62,390.62
1979,27.43,41.9,464.0,0.21,327.29,249.72,0.25,0.105,94.6,1,16.54,327.54
1980,27.24,42.2,433.0,0.02,260.0,198.38,0.21,0.167,94.4,1,14.59,260.21
1981,26.49,35.7,400.0,0.04,327.29,249.72,0.02,0.195,94.3,1,12.9,327.31
1982,24.87,36.6,405.0,0.24,390.0,297.57,0.82,-0.1,95.1,1,11.59,390.82
1983,24.33,38.9,400.0,0.16,443.85,338.66,0.03,-0.633,95.0,1,10.74,443.88
1984,24.7,41.3,425.0,0.07,485.17,370.18,0.73,-0.134,95.1,1,10.42,485.9
1985,23.51,43.2,400.0,0.12,511.14,390.0,0.52,-0.606,95.1,1,10.64,511.66
1986,23.49,40.8,400.0,0.18,520.0,396.76,0.14,-0.589,95.1,1,11.39,520.14
1987,23.9,46.8,400.0,0.04,511.14,390.0,0.27,-0.739,94.8,0,12.62,511.41
1988,24.05,51.4,400.0,0.06,485.17,370.18,0.18,-0.527,95.2,1,14.25,485.35
1989,24.56,49.5,409.0,0.2,443.85,338.66,0.62,-0.285,95.3,1,16.15,444.47
1990,25.31,54.5,400.0,0.26,390.0,297.57,0.62,-0.476,95.2,1,18.21,390.62
1991,26.05,57.0,430.0,0.12,327.29,249.72,0.1,-0.157,95.2,1,20.29,327.39
1992,27.05,59.8,400.0,0.26,260.0,198.38,0.28,-0.308,95.3,1,22.23,260.28
1993,27.77,60.1,400.0,0.1,327.29,249.72,0.21,0.251,94.1,1,23.92,327.5
1994,29.31,59.9,405.0,0.27,390.0,297.57,0.86,0.167,94.4,1,25.23,390.86
1995,29.38,59.0,449.0,0.11,443.85,338.66,0.93,0.404,93.5,1,26.07,444.78
1996,29.51,58.8,400.0,0.13,485.17,370.18,0.22,0.324,93.9,1,26.39,485.39
1997,30.67,61.0,417.0,0.04,511.14,390.0,0.76,0.525,92.9,1,26.16,511.9
1998,29.51,53.0,400.0,0.16,520.0,396.76,0.07,0.344,93.8,1,25.41,520.07
1999,30.81,50.9,400.0,0.29,511.14,390.0,0.3,0.261,94.1,1,24.17,511.44
2000,30.83,50.9,400.0,0.1,485.17,370.18,0.31,0.457,93.2,1,22.55,485.48
2001,29.51,45.2,415.0,0.21,443.85,338.66,0.77,0.612,92.4,1,20.63,444.62
2002,28.38,42.5,440.0,0.28,390.0,297.57,0.17,-0.092,95.1,1,18.57,390.17
2003,28.22,48.1,436.0,0.2,327.29,249.72,0.88,-0.089,95.1,1,16.49,328.17
2004,27.57,41.9,426.0,0.16,260.0,198.38,0.85,0.201,94.3,1,14.54,260.85
2005,25.71,41.5,404.0,0.3,327.29,249.72,0.86,-0.121,95.1,1,12.85,328.15
2006,25.85,39.8,400.0,0.06,390.0,297.57,0.88,-0.218,95.2,1,11.54,390.88
2007,24.72,42.0,428.0,0.01,443.85,338.66,0.49,0.072,94.7,1,10.69,444.34
2008,23.95,41.7,440.0,0.17,485.17,370.18,0.23,-0.509,95.2,1,10.37,485.39
2009,24.22,40.6,400.0,0.08,511.14,390.0,0.96,-0.679,94.9,1,10.59,512.1
2010,24.0,45.4,400.0,0.19,520.0,396.76,0.14,-0.67,95.0,1,11.34,520.14
2011,23.39,45.6,413.0,0.01,511.14,390.0,0.67,-0.264,95.3,1,12.57,511.81
2012,25.06,48.8,400.0,0.08,485.17,370.18,0.25,-0.784,94.7,0,14.2,485.42
2013,24.93,50.9,407.0,0.21,443.85,338.66,0.68,-0.558,95.1,1,16.11,444.53
2014,25.88,51.4,400.0,0.28,390.0,297.57,0.92,-0.343,95.3,1,18.17,390.92
2015,26.65,58.1,431.0,0.1,327.29,249.72,0.39,-0.441,95.3,1,20.24,327.69
2016,26.62,55.5,404.0,0.05,260.0,198.38,0.8,-0.185,95.2,1,22.19,260.8
2017,28.83,59.6,404.0,0.16,327.29,249.72,0.49,0.357,93.7,1,23.87,327.79
2018,29.52,55.3,416.0,0.08,390.0,297.57,0.79,0.046,94.8,1,25.18,390.79
2019,28.61,61.8,400.0,0.22,443.85,338.66,0.53,-0.021,94.9,1,26.02,444.37
2020,29.59,59.1,429.0,0.02,485.17,370.18,0.35,0.425,93.4,1,26.34,485.52
2021,29.97,56.9,436.0,0.07,511.14,390.0,0.46,0.044,94.8,1,26.12,511.6
2022,29.65,55.3,422.0,0.18,520.0,396.76,0.31,0.75,91.5,0,25.36,520.31
2023,29.68,53.6,423.0,0.05,511.14,390.0,0.64,0.372,93.6,1,24.13,511.78
2024,30.77,51.5,1096.0,1.0,630.72,481.24,10.98,0.314,93.9,1,22.5,641.7
2025,28.85,49.5,1048.0,1.0,577.0,440.25,10.41,0.317,93.9,1,20.59,587.42
2026,29.45,47.7,981.0,1.0,507.0,386.84,10.59,0.396,93.5,1,18.52,517.59
2027,28.36,47.1,1005.0,1.0,425.48,324.64,10.22,0.017,94.9,1,16.44,435.7
2028,27.21,42.0,949.0,1.0,338.0,257.89,10.56,-0.48,95.2,1,14.5,348.56
2029,26.87,39.0,1022.0,1.0,425.48,324.64,10.37,-0.311,95.3,1,12.81,435.85
2030,25.94,40.2,984.0,1.0,507.0,386.84,10.95,-0.126,95.1,1,11.49,517.95
2031,25.16,35.7,1053.0,1.0,577.0,440.25,10.75,-0.602,95.1,1,10.65,587.76
2032,24.9,38.6,1021.0,1.0,630.72,481.24,10.61,-0.536,95.2,1,10.33,641.33
2033,23.84,43.0,986.0,1.0,664.48,507.0,10.51,-0.486,95.2,1,10.55,674.99
2034,23.89,43.5,1003.0,1.0,676.0,515.79,10.55,-0.671,95.0,1,11.3,686.55
2035,23.39,48.1,433.0,0.28,511.14,390.0,0.09,-0.415,95.3,1,12.53,511.23
2036,24.76,49.2,424.0,0.25,485.17,370.18,0.03,-0.581,95.1,1,14.15,485.19
2037,24.55,52.4,400.0,0.13,443.85,338.66,0.6,-0.033,95.0,1,16.06,444.45
2038,24.75,53.8,442.0,0.23,390.0,297.57,0.62,-0.052,95.0,1,18.12,390.62
2039,26.52,57.6,400.0,0.09,327.29,249.72,0.23,-0.148,95.1,1,20.2,327.52
2040,26.86,57.3,400.0,0.28,260.0,198.38,0.79,0.3,94.0,1,22.14,260.79
2041,28.59,56.8,400.0,0.07,327.29,249.72,0.09,0.179,94.4,1,23.83,327.39
2042,28.93,62.0,400.0,0.25,390.0,297.57,0.73,0.309,93.9,1,25.14,390.73
2043,29.81,60.8,408.0,0.13,443.85,338.66,0.54,0.464,93.2,1,25.98,444.39
2044,29.55,60.0,400.0,0.09,485.17,370.18,0.33,0.478,93.1,1,26.3,485.49
2045,30.05,61.0,400.0,0.22,511.14,390.0,0.9,0.62,92.4,1,26.07,512.04
2046,30.48,53.1,400.0,0.01,520.0,396.76,0.75,0.552,92.7,1,25.32,520.75
2047,28.66,54.9,400.0,0.27,511.14,390.0,0.94,0.55,92.8,1,24.09,512.08
2048,28.81,50.9,997.0,1.0,630.72,481.24,10.29,0.787,91.3,0,22.46,641.01
2049,29.08,44.7,968.0,1.0,577.0,440.25,10.62,0.659,92.1,1,20.55,587.62
2050,27.65,45.9,986.0,1.0,507.0,386.84,10.75,0.016,94.9,1,18.48,517.75
2051,27.37,44.6,987.0,1.0,425.48,324.64,10.52,0.119,94.6,1,16.4,436.0
2052,27.29,39.5,999.0,1.0,338.0,257.89,10.88,-0.03,95.0,1,14.45,348.88
2053,26.4,39.4,949.0,1.0,425.48,324.64,10.32,-0.498,95.2,1,12.76,435.8
2054,25.84,39.2,1012.0,1.0,507.0,386.84,10.65,0.088,94.7,1,11.45,517.65
2055,24.33,38.3,981.0,1.0,577.0,440.25,10.6,-0.546,95.2,1,10.61,587.6
2056,24.85,42.8,1009.0,1.0,630.72,481.24,10.65,-0.255,95.3,1,10.28,641.37
2057,23.7,45.8,995.0,1.0,664.48,507.0,10.5,-0.789,94.7,0,10.51,674.99
2058,24.29,43.6,1009.0,1.0,676.0,515.79,10.78,-0.553,95.2,1,11.26,686.78
2059,24.46,46.6,406.0,0.25,511.14,390.0,0.73,-0.551,95.2,1,12.49,511.87
2060,25.47,50.1,452.0,0.11,485.17,370.18,0.57,-0.273,95.3,1,14.11,485.74
2061,25.75,54.3,400.0,0.24,443.85,338.66,0.04,-0.331,95.3,1,16.02,443.88
2062,25.86,51.5,452.0,0.16,390.0,297.57,0.34,-0.085,95.1,1,18.08,390.34
2063,26.07,57.1,437.0,0.13,327.29,249.72,0.17,-0.103,95.1,1,20.16,327.47
2064,27.07,57.0,400.0,0.18,260.0,198.38,0.05,-0.117,95.1,1,22.1,260.05
2065,27.97,59.5,423.0,0.15,327.29,249.72,0.82,-0.039,95.0,1,23.79,328.12
2066,28.2,59.7,466.0,0.25,390.0,297.57,0.31,0.41,93.5,1,25.1,390.31
2067,29.46,61.3,400.0,0.08,443.85,338.66,0.97,0.152,94.5,1,25.94,444.82
2068,29.99,59.5,407.0,0.01,485.17,370.18,0.7,0.402,93.5,1,26.26,485.87
2069,30.29,56.5,400.0,0.0,511.14,390.0,0.08,0.245,94.2,1,26.03,511.22
2070,29.45,54.9,411.0,0.25,520.0,396.76,0.19,0.512,93.0,1,25.28,520.19
2071,29.88,53.9,429.0,0.21,511.14,390.0,0.79,0.586,92.6,1,24.05,511.93
2072,30.08,48.5,970.0,1.0,630.72,481.24,10.5,0.388,93.6,1,22.42,641.22
2073,29.51,49.5,983.0,1.0,577.0,440.25,10.04,-0.025,94.9,1,20.51,587.04
2074,28.42,42.1,999.0,1.0,507.0,386.84,10.4,0.407,93.5,1,18.44,517.4
2075,27.75,47.9,1028.0,1.0,425.48,324.64,10.64,0.04,94.8,1,16.36,436.12
2076,26.8,44.5,1033.0,1.0,338.0,257.89,10.46,0.382,93.6,1,14.41,348.46
2077,26.52,40.7,1016.0,1.0,425.48,324.64,10.69,-0.042,95.0,1,12.73,436.17
2078,24.68,41.0,1010.0,1.0,507.0,386.84,10.19,-0.065,95.0,1,11.41,517.19
2079,24.4,39.5,1002.0,1.0,577.0,440.25,10.41,-0.765,94.7,0,10.57,587.41
2080,24.11,40.8,1029.0,1.0,630.72,481.24,10.22,-0.555,95.2,1,10.24,640.93
2081,24.38,43.4,1017.0,1.0,664.48,507.0,10.5,-0.362,95.3,1,10.47,674.98
2082,24.72,44.3,1024.0,1.0,676.0,515.79,10.23,-0.506,95.2,1,11.22,686.23
2083,24.29,46.0,408.0,0.06,511.14,390.0,0.77,-0.799,94.7,0,12.45,511.91
2084,23.81,51.2,400.0,0.2,485.17,370.18,0.0,-0.666,95.0,1,14.07,485.17
2085,24.77,51.6,400.0,0.06,443.85,338.66,0.99,-0.345,95.3,1,15.98,444.83
2086,25.03,54.7,416.0,0.06,390.0,297.57,0.11,-0.272,95.3,1,18.04,390.11
2087,26.09,56.3,400.0,0.24,327.29,249.72,0.74,-0.532,95.2,1,20.12,328.03
2088,26.53,58.5,415.0,0.01,260.0,198.38,0.6,0.317,93.9,1,22.07,260.6
2089,27.59,59.6,400.0,0.15,327.29,249.72,0.82,0.128,94.6,1,23.75,328.11
2090,28.08,57.7,400.0,0.09,390.0,297.57,0.91,0.43,93.4,1,25.06,390.91
2091,30.14,55.3,422.0,0.08,443.85,338.66,0.6,0.607,92.4,1,25.9,444.45
2092,29.79,58.0,400.0,0.08,485.17,370.18,0.27,0.294,94.0,1,26.22,485.44
2093,29.46,58.8,418.0,0.17,511.14,390.0,0.3,0.512,93.0,1,26.0,511.44
2094,29.97,56.9,400.0,0.1,520.0,396.76,0.39,0.404,93.5,1,25.24,520.39
2095,30.77,53.2,400.0,0.07,511.14,390.0,0.41,0.645,92.2,1,24.01,511.55
2096,30.02,48.4,988.0,1.0,630.72,481.24,10.83,0.604,92.5,1,22.38,641.54
2097,29.03,44.6,1005.0,1.0,577.0,440.25,10.91,0.213,94.3,1,20.47,587.91
2098,28.21,46.3,1053.0,1.0,507.0,386.84,10.58,0.104,94.6,1,18.4,517.58
2099,27.93,45.8,1015.0,1.0,425.48,324.64,10.29,-0.068,95.0,1,16.33,435.77
2100,26.73,41.7,1033.0,1.0,338.0,257.89,10.53,0.119,94.6,1,14.38,348.53
2101,26.8,43.8,1022.0,1.0,425.48,324.64,10.71,-0.207,95.2,1,12.69,436.19
2102,26.77,41.5,1006.0,1.0,507.0,386.84,10.94,-0.493,95.2,1,11.38,517.94
2103,24.97,39.8,988.0,1.0,577.0,440.25,10.37,-0.27,95.3,1,10.53,587.37
2104,24.45,38.8,988.0,1.0,630.72,481.24,10.89,-0.668,95.0,1,10.21,641.6
2105,23.51,41.3,995.0,1.0,664.48,507.0,10.63,-0.667,95.0,1,10.43,675.11
2106,24.78,40.1,1032.0,1.0,676.0,515.79,10.87,-0.549,95.2,1,11.18,686.87
2107,24.38,47.7,470.0,0.26,511.14,390.0,0.85,-0.444,95.3,1,12.41,511.99
2108,23.54,50.0,400.0,0.15,485.17,370.18,0.28,-0.389,95.3,1,14.04,485.45
2109,25.06,53.8,407.0,0.23,443.85,338.66,0.56,-0.27,95.3,1,15.95,444.41
2110,25.5,54.2,403.0,0.04,390.0,297.57,0.14,-0.452,95.2,1,18.01,390.14
2111,26.3,55.5,400.0,0.13,327.29,249.72,0.65,0.046,94.8,1,20.08,327.95
2112,26.8,58.5,400.0,0.14,260.0,198.38,0.21,-0.028,95.0,1,22.03,260.21
2113,27.84,58.8,443.0,0.04,327.29,249.72,0.23,0.268,94.1,1,23.71,327.53
2114,27.97,61.5,417.0,0.15,390.0,297.57,0.28,0.155,94.5,1,25.02,390.28
2115,29.18,62.4,418.0,0.28,443.85,338.66,0.99,0.009,94.9,1,25.87,444.84
2116,30.01,57.7,400.0,0.05,485.17,370.18,0.51,0.724,91.7,0,26.19,485.68
2117,29.81,60.3,420.0,0.19,511.14,390.0,0.35,0.228,94.2,1,25.96,511.49
2118,29.65,57.8,400.0,0.19,520.0,396.76,0.5,0.341,93.8,1,25.21,520.5
2119,30.62,52.3,410.0,0.2,511.14,390.0,0.73,0.651,92.2,1,23.97,511.87
2120,30.18,50.9,970.0,1.0,630.72,481.24,10.5,0.602,92.5,1,22.35,641.22
2121,28.61,47.1,971.0,1.0,577.0,440.25,10.38,0.461,93.2,1,20.43,587.38
2122,28.3,44.8,999.0,1.0,507.0,386.84,10.35,-0.199,95.2,1,18.37,517.35
2123,27.8,41.4,991.0,1.0,425.48,324.64,10.45,-0.007,94.9,1,16.29,435.94
2124,27.16,39.6,1049.0,1.0,338.0,257.89,10.15,-0.066,95.0,1,14.34,348.15
2125,26.55,40.9,949.0,1.0,425.48,324.64,10.26,-0.287,95.3,1,12.65,435.74
2126,25.36,38.2,1016.0,1.0,507.0,386.84,10.48,-0.435,95.3,1,11.34,517.48
2127,24.42,38.3,1032.0,1.0,577.0,440.25,10.22,-0.146,95.1,1,10.5,587.22
2128,24.55,43.1,980.0,1.0,630.72,481.24,10.77,-0.241,95.2,1,10.17,641.49
2129,23.75,44.5,992.0,1.0,664.48,507.0,10.1,-0.65,95.0,1,10.4,674.58
2130,24.3,44.9,1022.0,1.0,676.0,515.79,10.77,-0.478,95.2,1,11.15,686.77
2131,24.39,46.2,400.0,0.1,511.14,390.0,0.74,-0.72,94.9,0,12.38,511.88
2132,25.31,52.3,401.0,0.13,485.17,370.18,0.9,-0.195,95.2,1,14.0,486.07
2133,25.56,49.8,400.0,0.26,443.85,338.66,0.44,-0.519,95.2,1,15.91,444.29
2134,25.86,55.0,411.0,0.14,390.0,297.57,0.25,-0.43,95.3,1,17.98,390.25
2135,26.06,53.7,405.0,0.05,327.29,249.72,0.67,0.188,94.4,1,20.05,327.96
2136,26.6,56.9,400.0,0.27,260.0,198.38,0.89,0.105,94.6,1,22.0,260.89
2137,28.33,58.2,400.0,0.2,327.29,249.72,0.0,-0.224,95.2,1,23.68,327.3
2138,28.72,61.2,400.0,0.0,390.0,297.57,0.39,0.176,94.4,1,24.99,390.39
2139,28.74,58.5,424.0,0.23,443.85,338.66,0.02,0.308,93.9,1,25.83,443.86
2140,29.69,58.2,406.0,0.05,485.17,370.18,0.12,0.058,94.8,1,26.15,485.29
2141,29.83,56.4,404.0,0.25,511.14,390.0,0.65,0.154,94.5,1,25.93,511.79
2142,29.86,55.1,446.0,0.3,520.0,396.76,0.68,0.46,93.2,1,25.18,520.68
2143,29.98,53.3,425.0,0.26,511.14,390.0,0.73,0.674,92.0,1,23.94,511.87
2144,29.3,50.0,400.0,0.3,485.17,370.18,0.89,0.681,92.0,1,22.31,486.06
2145,28.54,49.1,466.0,0.21,443.85,338.66,0.02,0.761,91.5,0,20.4,443.87
2146,29.45,48.7,400.0,0.07,390.0,297.57,0.7,0.295,94.0,1,18.34,390.7
2147,27.69,45.8,478.0,0.06,327.29,249.72,0.25,0.067,94.7,1,16.26,327.55
2148,27.31,45.5,400.0,0.21,260.0,198.38,0.77,0.109,94.6,1,14.31,260.77
2149,25.46,39.5,400.0,0.05,327.29,249.72,0.79,-0.063,95.0,1,12.62,328.08
2150,24.84,41.1,400.0,0.1,390.0,297.57,0.24,-0.414,95.3,1,11.31,390.24
2151,24.43,40.4,400.0,0.12,443.85,338.66,0.77,-0.289,95.3,1,10.47,444.61
2152,23.94,45.0,400.0,0.16,485.17,370.18,0.05,-0.401,95.3,1,10.14,485.21
2153,23.61,43.9,416.0,0.15,511.14,390.0,0.95,-0.124,95.1,1,10.37,512.09
2154,23.54,45.8,400.0,0.08,520.0,396.76,0.8,-0.583,95.1,1,11.12,520.8
2155,24.5,47.6,403.0,0.22,511.14,390.0,0.52,-0.515,95.2,1,12.35,511.66
2156,24.04,49.1,410.0,0.29,485.17,370.18,0.68,-0.688,94.9,1,13.98,485.85
2157,23.8,56.7,497.0,0.28,443.85,338.66,0.76,-0.697,94.9,1,15.88,444.61
2158,25.57,52.2,448.0,0.04,390.0,297.57,0.53,-0.299,95.3,1,17.95,390.53
2159,25.99,56.5,419.0,0.27,327.29,249.72,0.05,0.166,94.4,1,20.02,327.34
2160,27.76,60.2,445.0,0.04,260.0,198.38,0.74,-0.065,95.0,1,21.97,260.74
2161,27.74,58.2,400.0,0.06,327.29,249.72,0.97,0.104,94.6,1,23.65,328.26
2162,29.13,59.5,400.0,0.05,390.0,297.57,0.0,0.407,93.5,1,24.96,390.0
2163,29.0,61.8,400.0,0.02,443.85,338.66,0.39,0.56,92.7,1,25.81,444.23
2164,29.3,58.5,400.0,0.21,485.17,370.18,0.3,0.343,93.8,1,26.13,485.47
2165,30.2,55.1,417.0,0.07,511.14,390.0,0.43,0.542,92.8,1,25.9,511.57
2166,29.38,59.0,427.0,0.09,520.0,396.76,0.58,0.44,93.3,1,25.15,520.58
2167,30.46,53.1,400.0,0.13,511.14,390.0,0.79,0.261,94.1,1,23.91,511.93
2168,29.41,49.8,400.0,0.17,485.17,370.18,0.42,0.184,94.4,1,22.29,485.59
2169,28.34,50.4,442.0,0.07,443.85,338.66,0.45,0.498,93.0,1,20.37,444.3
2170,28.76,43.6,400.0,0.02,390.0,297.57,0.52,0.431,93.4,1,18.31,390.52
2171,27.67,40.5,400.0,0.06,327.29,249.72,0.97,-0.182,95.2,1,16.23,328.26
2172,26.4,41.2,400.0,0.18,260.0,198.38,0.67,0.085,94.7,1,14.28,260.67
2173,26.43,40.9,400.0,0.02,327.29,249.72,0.46,0.119,94.6,1,12.6,327.76
2174,25.25,36.9,400.0,0.27,390.0,297.57,0.97,-0.078,95.0,1,11.29,390.97
2175,25.23,39.2,400.0,0.29,443.85,338.66,0.98,-0.496,95.2,1,10.44,444.83
2176,24.33,41.3,409.0,0.12,485.17,370.18,0.15,-0.379,95.3,1,10.12,485.32
2177,24.33,41.7,458.0,0.09,511.14,390.0,0.85,-0.45,95.2,1,10.34,512.0
2178,23.85,43.0,433.0,0.03,520.0,396.76,0.92,-0.657,95.0,1,11.09,520.92
2179,23.34,45.1,400.0,0.17,511.14,390.0,0.86,-0.212,95.2,1,12.32,512.01
2180,24.83,49.2,400.0,0.28,485.17,370.18,0.87,-0.327,95.3,1,13.95,486.03
2181,24.51,52.9,413.0,0.03,443.85,338.66,0.93,0.081,94.7,1,15.86,444.78
2182,24.5,54.2,400.0,0.0,390.0,297.57,0.2,-0.423,95.3,1,17.92,390.2
2183,26.02,54.1,400.0,0.04,327.29,249.72,0.38,-0.099,95.1,1,19.99,327.67
2184,26.66,57.2,404.0,0.13,260.0,198.38,0.73,0.223,94.2,1,21.94,260.73
2185,28.23,60.7,400.0,0.1,327.29,249.72,0.2,-0.297,95.3,1,23.63,327.5
2186,28.17,60.0,443.0,0.03,390.0,297.57,0.28,0.308,93.9,1,24.94,390.28
2187,29.06,56.6,400.0,0.27,443.85,338.66,0.22,-0.025,94.9,1,25.78,444.06
2188,29.87,62.9,424.0,0.25,485.17,370.18,0.52,0.085,94.7,1,26.1,485.68
2189,29.92,58.9,415.0,0.09,511.14,390.0,0.7,0.395,93.5,1,25.88,511.84
2190,30.51,56.9,400.0,0.3,520.0,396.76,0.97,0.688,91.9,1,25.12,520.97
2191,30.42,52.1,400.0,0.06,511.14,390.0,0.13,0.41,93.5,1,23.89,511.27
2192,29.13,50.8,998.0,1.0,630.72,481.24,10.0,0.248,94.2,1,22.26,640.72
2193,29.3,46.9,965.0,1.0,577.0,440.25,10.37,0.42,93.4,1,20.35,587.38
2194,29.31,46.5,979.0,1.0,507.0,386.84,10.02,0.372,93.6,1,18.28,517.02
2195,27.35,44.3,961.0,1.0,425.48,324.64,10.21,0.226,94.2,1,16.21,435.69
2196,26.42,37.7,1037.0,1.0,338.0,257.89,10.28,-0.334,95.3,1,14.26,348.28
2197,26.57,43.0,997.0,1.0,425.48,324.64,10.38,-0.06,95.0,1,12.57,435.86
2198,25.12,41.5,970.0,1.0,507.0,386.84,10.11,-0.042,95.0,1,11.26,517.11
2199,25.87,41.6,963.0,1.0,577.0,440.25,10.2,-0.337,95.3,1,10.41,587.2
2200,24.23,39.7,1030.0,1.0,630.72,481.24,10.79,-0.332,95.3,1,10.09,641.5
2201,23.64,43.3,1023.0,1.0,664.48,507.0,10.91,-0.222,95.2,1,10.32,675.39
2202,23.73,41.0,961.0,1.0,676.0,515.79,10.61,-0.714,94.9,0,11.07,686.61
2203,24.82,48.1,417.0,0.2,511.14,390.0,0.12,-0.509,95.2,1,12.3,511.26
2204,23.76,49.3,400.0,0.14,485.17,370.18,0.46,-0.65,95.0,1,13.92,485.63
2205,24.7,53.4,423.0,0.08,443.85,338.66,0.6,-0.418,95.3,1,15.83,444.45
2206,25.37,52.0,400.0,0.11,390.0,297.57,0.99,-0.45,95.2,1,17.9,390.99
2207,24.94,55.3,400.0,0.04,327.29,249.72,0.88,-0.118,95.1,1,19.97,328.17
2208,26.76,57.8,410.0,0.25,260.0,198.38,0.96,0.331,93.8,1,21.92,260.96
2209,27.68,59.7,446.0,0.23,327.29,249.72,0.8,0.074,94.7,1,23.6,328.09
2210,28.07,60.7,400.0,0.18,390.0,297.57,0.32,0.28,94.0,1,24.91,390.32
2211,29.48,62.8,400.0,0.08,443.85,338.66,0.07,0.653,92.2,1,25.76,443.92
2212,29.99,58.2,400.0,0.06,485.17,370.18,0.53,0.286,94.0,1,26.08,485.7
2213,29.97,56.2,400.0,0.18,511.14,390.0,0.61,0.405,93.5,1,25.85,511.75
2214,29.42,58.1,439.0,0.04,520.0,396.76,0.78,0.49,93.1,1,25.1,520.78
2215,29.44,51.9,400.0,0.17,511.14,390.0,0.3,0.401,93.5,1,23.87,511.44
2216,30.13,51.8,1008.0,1.0,630.72,481.24,10.81,0.698,91.9,1,22.24,641.53
2217,30.28,45.9,1007.0,1.0,577.0,440.25,10.82,0.153,94.5,1,20.33,587.83
2218,28.96,43.9,965.0,1.0,507.0,386.84,10.8,0.2,94.3,1,18.26,517.8
2219,28.01,46.5,1015.0,1.0,425.48,324.64,10.12,0.365,93.7,1,16.19,435.6
2220,26.51,43.3,1027.0,1.0,338.0,257.89,10.76,0.03,94.8,1,14.24,348.76
2221,26.27,41.5,983.0,1.0,425.48,324.64,10.94,-0.277,95.3,1,12.55,436.42
2222,24.84,42.3,994.0,1.0,507.0,386.84,10.98,-0.343,95.3,1,11.24,517.98
2223,25.16,40.7,988.0,1.0,577.0,440.25,10.27,-0.271,95.3,1,10.39,587.27
2224,24.21,40.4,964.0,1.0,630.72,481.24,10.47,-0.751,94.8,0,10.07,641.18
2225,23.51,41.7,1012.0,1.0,664.48,507.0,10.15,-0.224,95.2,1,10.29,674.63
2226,23.77,45.5,998.0,1.0,676.0,515.79,10.27,-0.49,95.2,1,11.05,686.27
2227,24.3,46.7,406.0,0.24,511.14,390.0,0.8,-0.381,95.3,1,12.28,511.94
2228,24.5,48.9,400.0,0.23,485.17,370.18,0.69,-0.492,95.2,1,13.9,485.85
2229,24.9,55.5,410.0,0.02,443.85,338.66,0.14,-0.377,95.3,1,15.81,443.99
2230,25.66,55.9,438.0,0.13,390.0,297.57,0.94,-0.205,95.2,1,17.87,390.94
2231,25.67,55.0,400.0,0.18,327.29,249.72,0.65,-0.047,95.0,1,19.95,327.95
2232,26.49,61.5,400.0,0.08,260.0,198.38,0.58,0.329,93.8,1,21.9,260.58
2233,27.33,58.1,421.0,0.19,327.29,249.72,0.18,0.232,94.2,1,23.58,327.47
2234,27.83,59.8,400.0,0.1,390.0,297.57,0.21,0.337,93.8,1,24.89,390.21
2235,29.11,59.8,400.0,0.26,443.85,338.66,0.01,0.314,93.9,1,25.74,443.85
2236,28.85,60.6,405.0,0.23,485.17,370.18,0.64,0.59,92.5,1,26.06,485.8
2237,30.01,59.1,400.0,0.07,511.14,390.0,0.97,0.409,93.5,1,25.83,512.12
2238,29.2,53.2,419.0,0.23,520.0,396.76,0.35,0.595,92.5,1,25.08,520.35
2239,30.26,54.3,402.0,0.13,511.14,390.0,0.46,0.501,93.0,1,23.85,511.6
2240,29.72,49.1,1019.0,1.0,630.72,481.24,10.13,0.208,94.3,1,22.22,640.84
2241,28.36,48.5,1004.0,1.0,577.0,440.25,10.08,0.491,93.1,1,20.31,587.08
2242,28.72,43.0,1025.0,1.0,507.0,386.84,10.34,0.088,94.7,1,18.24,517.34
2243,27.71,44.8,1094.0,1.0,425.48,324.64,10.03,0.624,92.3,1,16.17,435.51
2244,27.56,40.0,987.0,1.0,338.0,257.89,10.06,0.088,94.7,1,14.22,348.06
2245,26.15,41.7,994.0,1.0,425.48,324.64,10.81,-0.027,94.9,1,12.53,436.29
2246,24.66,39.8,966.0,1.0,507.0,386.84,10.17,-0.584,95.1,1,11.22,517.17
2247,24.65,42.0,992.0,1.0,577.0,440.25,10.75,0.037,94.8,1,10.37,587.75
2248,24.3,41.3,1000.0,1.0,630.72,481.24,10.63,-0.646,95.0,1,10.05,641.35
2249,23.83,43.2,988.0,1.0,664.48,507.0,10.16,-0.919,94.3,0,10.28,674.64
2250,24.25,43.3,1002.0,1.0,676.0,515.79,10.87,-0.465,95.2,1,11.03,686.87
2251,24.61,47.3,403.0,0.23,511.14,390.0,0.46,-0.88,94.4,0,12.26,511.6
2252,24.63,45.9,407.0,0.07,485.17,370.18,0.44,-0.407,95.3,1,13.88,485.6
2253,24.36,53.7,400.0,0.03,443.85,338.66,0.11,-0.413,95.3,1,15.79,443.96
2254,25.67,58.8,400.0,0.15,390.0,297.57,0.32,-0.613,95.1,1,17.86,390.32
2255,26.18,57.1,420.0,0.29,327.29,249.72,0.77,-0.2,95.2,1,19.93,328.07
2256,26.6,60.4,400.0,0.04,260.0,198.38,0.88,0.037,94.8,1,21.88,260.88
2257,28.49,57.9,423.0,0.19,327.29,249.72,0.41,0.378,93.6,1,23.57,327.7
2258,28.53,61.4,400.0,0.12,390.0,297.57,0.85,0.085,94.7,1,24.87,390.85
2259,28.71,60.6,400.0,0.14,443.85,338.66,0.81,0.577,92.6,1,25.72,444.66
2260,29.53,60.1,400.0,0.01,485.17,370.18,0.17,0.623,92.3,1,26.04,485.33
2261,30.0,58.3,400.0,0.1,511.14,390.0,0.23,0.406,93.5,1,25.82,511.37
2262,30.83,55.5,400.0,0.09,520.0,396.76,0.74,0.359,93.7,1,25.06,520.74
2263,30.15,52.6,400.0,0.18,511.14,390.0,0.01,0.27,94.1,1,23.83,511.15
2264,29.26,49.5,963.0,1.0,630.72,481.24,10.54,0.468,93.2,1,22.2,641.26
2265,29.44,51.0,993.0,1.0,577.0,440.25,10.3,0.237,94.2,1,20.29,587.3
2266,28.57,45.8,971.0,1.0,507.0,386.84,10.22,0.207,94.3,1,18.23,517.22
2267,26.99,42.8,1017.0,1.0,425.48,324.64,10.47,0.219,94.3,1,16.15,435.96
2268,26.32,44.2,939.0,1.0,338.0,257.89,10.85,0.178,94.4,1,14.2,348.85
2269,25.82,41.8,1007.0,1.0,425.48,324.64,10.51,-0.1,95.1,1,12.51,435.99
2270,24.99,41.4,996.0,1.0,507.0,386.84,10.96,-0.423,95.3,1,11.2,517.96
2271,24.32,40.8,978.0,1.0,577.0,440.25,10.93,-0.532,95.2,1,10.36,587.93
2272,24.62,44.3,994.0,1.0,630.72,481.24,10.21,-0.681,94.9,1,10.04,640.92
2273,24.56,41.8,1010.0,1.0,664.48,507.0,10.45,-0.227,95.2,1,10.26,674.93
2274,23.34,43.4,927.0,1.0,676.0,515.79,10.41,-0.521,95.2,1,11.01,686.41
2275,24.02,45.2,418.0,0.27,511.14,390.0,0.11,-0.281,95.3,1,12.24,511.25
2276,24.99,50.0,448.0,0.12,485.17,370.18,0.19,-0.138,95.1,1,13.87,485.35
2277,25.31,53.2,400.0,0.01,443.85,338.66,0.54,-0.604,95.1,1,15.78,444.38
2278,25.33,52.9,453.0,0.22,390.0,297.57,0.67,0.123,94.6,1,17.84,390.67
2279,25.97,58.2,427.0,0.14,327.29,249.72,0.57,0.053,94.8,1,19.92,327.86
2280,27.75,59.1,400.0,0.09,260.0,198.38,0.42,0.162,94.5,1,21.87,260.42
2281,28.45,62.2,403.0,0.13,327.29,249.72,0.81,0.287,94.0,1,23.55,328.11
2282,29.24,63.5,400.0,0.24,390.0,297.57,0.85,0.443,93.3,1,24.86,390.85
2283,29.0,58.5,404.0,0.19,443.85,338.66,0.67,0.373,93.6,1,25.7,444.52
2284,29.48,57.9,450.0,0.18,485.17,370.18,0.21,0.219,94.3,1,26.03,485.38
2285,29.33,55.1,416.0,0.26,511.14,390.0,0.34,0.503,93.0,1,25.8,511.48
2286,30.12,55.0,400.0,0.05,520.0,396.76,0.71,0.184,94.4,1,25.05,520.71
2287,29.67,49.1,412.0,0.2,511.14,390.0,0.15,0.291,94.0,1,23.81,511.29
2288,29.59,48.4,958.0,1.0,630.72,481.24,10.03,0.222,94.3,1,22.19,640.75
2289,27.95,49.5,1048.0,1.0,577.0,440.25,10.71,0.243,94.2,1,20.28,587.71
2290,28.28,46.9,993.0,1.0,507.0,386.84,10.9,0.166,94.4,1,18.21,517.9
2291,28.42,45.0,993.0,1.0,425.48,324.64,10.14,-0.254,95.3,1,16.14,435.63
2292,27.06,42.1,1006.0,1.0,338.0,257.89,10.08,-0.151,95.2,1,14.19,348.08
2293,24.83,41.5,985.0,1.0,425.48,324.64,10.54,-0.122,95.1,1,12.5,436.02
2294,25.83,41.9,974.0,1.0,507.0,386.84,10.93,-0.556,95.1,1,11.19,517.93
2295,25.49,39.4,1010.0,1.0,577.0,440.25,10.85,-0.474,95.2,1,10.35,587.86
2296,23.63,42.3,990.0,1.0,630.72,481.24,10.04,-0.366,95.3,1,10.02,640.76
2297,24.2,44.5,965.0,1.0,664.48,507.0,10.1,-0.868,94.4,0,10.25,674.58
2298,23.83,45.3,1030.0,1.0,676.0,515.79,10.61,-0.613,95.1,1,11.0,686.61
2299,24.33,46.9,400.0,0.14,511.14,390.0,0.38,-0.471,95.2,1,12.23,511.52
2300,24.74,51.7,400.0,0.28,485.17,370.18,0.13,-0.224,95.2,1,13.86,485.29
2301,24.78,47.6,424.0,0.22,443.85,338.66,0.38,-0.042,95.0,1,15.77,444.23
2302,25.52,49.2,400.0,0.09,390.0,297.57,0.14,-0.14,95.1,1,17.83,390.14
2303,27.11,56.1,437.0,0.02,327.29,249.72,0.11,0.22,94.3,1,19.91,327.4
2304,29.01,55.3,434.0,0.14,260.0,198.38,0.79,0.415,93.4,1,21.85,260.79
2305,28.16,63.0,428.0,0.2,327.29,249.72,0.34,0.224,94.2,1,23.54,327.63
2306,28.63,63.6,445.0,0.03,390.0,297.57,0.12,0.119,94.6,1,24.85,390.12
2307,28.83,60.2,400.0,0.11,443.85,338.66,0.58,0.307,93.9,1,25.69,444.43
2308,29.56,55.2,400.0,0.15,485.17,370.18,0.74,0.434,93.4,1,26.01,485.91
2309,29.93,55.1,401.0,0.18,511.14,390.0,0.24,0.605,92.4,1,25.79,511.38
2310,30.07,53.7,430.0,0.24,520.0,396.76,0.56,0.165,94.4,1,25.04,520.56
2311,28.81,52.7,400.0,0.29,511.14,390.0,0.0,0.423,93.4,1,23.8,511.14
2312,29.3,46.3,427.0,0.11,485.17,370.18,0.39,0.492,93.1,1,22.18,485.56
2313,29.0,50.9,402.0,0.05,443.85,338.66,0.86,0.425,93.4,1,20.27,444.71
2314,28.32,44.9,430.0,0.12,390.0,297.57,0.82,0.249,94.2,1,18.2,390.82
2315,27.96,42.4,427.0,0.12,327.29,249.72,0.65,-0.1,95.1,1,16.13,327.94
2316,27.89,42.4,400.0,0.11,260.0,198.38,0.94,-0.007,94.9,1,14.18,260.94
2317,26.51,40.1,449.0,0.05,327.29,249.72,0.49,-0.315,95.3,1,12.49,327.79
2318,25.73,36.9,428.0,0.09,390.0,297.57,0.38,-0.477,95.2,1,11.18,390.38
2319,25.26,42.9,400.0,0.3,443.85,338.66,0.33,0.002,94.9,1,10.34,444.18
2320,25.1,39.6,400.0,0.28,485.17,370.18,0.58,-0.806,94.6,0,10.01,485.75
2321,25.54,41.8,400.0,0.21,511.14,390.0,0.02,-0.47,95.2,1,10.24,511.16
2322,24.15,46.8,400.0,0.1,520.0,396.76,0.51,-0.353,95.3,1,10.99,520.51
2323,24.24,44.1,434.0,0.23,511.14,390.0,0.29,-0.293,95.3,1,12.22,511.44
2324,24.58,48.6,400.0,0.24,485.17,370.18,0.26,-0.385,95.3,1,13.85,485.43
2325,25.07,54.5,400.0,0.04,443.85,338.66,0.54,-0.37,95.3,1,15.76,444.39
2326,25.15,54.7,408.0,0.19,390.0,297.57,0.11,-0.023,94.9,1,17.82,390.11
2327,26.27,54.6,444.0,0.3,327.29,249.72,0.36,-0.126,95.1,1,19.9,327.65
2328,26.64,57.6,411.0,0.1,260.0,198.38,0.59,0.234,94.2,1,21.84,260.59
2329,28.28,58.1,400.0,0.01,327.29,249.72,0.67,0.376,93.6,1,23.53,327.97
2330,30.09,56.7,400.0,0.25,390.0,297.57,0.34,0.21,94.3,1,24.84,390.34
2331,29.29,56.6,400.0,0.18,443.85,338.66,0.39,0.607,92.4,1,25.68,444.24
2332,30.03,58.4,400.0,0.25,485.17,370.18,0.86,0.175,94.4,1,26.01,486.03
2333,30.52,53.3,415.0,0.02,511.14,390.0,0.62,0.65,92.2,1,25.78,511.76
2334,29.48,53.5,410.0,0.13,520.0,396.76,0.84,0.12,94.6,1,25.03,520.84
2335,30.3,50.2,418.0,0.03,511.14,390.0,0.42,0.705,91.8,0,23.8,511.56
2336,29.81,49.8,426.0,0.18,485.17,370.18,0.32,0.915,90.4,0,22.17,485.49
2337,28.37,48.8,405.0,0.08,443.85,338.66,0.74,0.392,93.6,1,20.26,444.59
2338,28.41,44.2,400.0,0.3,390.0,297.57,0.75,0.302,93.9,1,18.2,390.75
2339,26.46,42.9,400.0,0.12,327.29,249.72,0.95,0.468,93.2,1,16.12,328.25
2340,26.13,43.5,403.0,0.26,260.0,198.38,0.39,-0.017,94.9,1,14.17,260.39
2341,25.57,38.4,400.0,0.25,327.29,249.72,0.73,-0.631,95.0,1,12.48,328.03
2342,24.75,39.9,400.0,0.04,390.0,297.57,0.74,-0.194,95.2,1,11.17,390.74
2343,25.57,42.5,400.0,0.25,443.85,338.66,0.24,-0.533,95.2,1,10.33,444.09
2344,23.78,44.3,442.0,0.26,485.17,370.18,0.27,-0.458,95.2,1,10.01,485.43
2345,24.22,44.9,407.0,0.02,511.14,390.0,0.02,-0.699,94.9,1,10.23,511.16
2346,23.92,42.9,403.0,0.17,520.0,396.76,0.2,-0.191,95.2,1,10.98,520.2
2347,24.01,45.4,400.0,0.23,511.14,390.0,0.99,-0.384,95.3,1,12.22,512.13
2348,24.14,50.9,400.0,0.13,485.17,370.18,0.77,-0.508,95.2,1,13.84,485.93
2349,24.49,53.9,402.0,0.07,443.85,338.66,0.02,-0.233,95.2,1,15.75,443.87
2350,25.84,56.2,411.0,0.06,390.0,297.57,0.61,-0.262,95.3,1,17.81,390.61
2351,24.96,52.6,400.0,0.17,327.29,249.72,0.15,0.182,94.4,1,19.89,327.44
2352,27.48,55.1,426.0,0.02,260.0,198.38,0.49,0.102,94.6,1,21.84,260.49
2353,27.53,61.8,400.0,0.11,327.29,249.72,0.35,0.42,93.4,1,23.52,327.64
2354,28.57,60.5,410.0,0.17,390.0,297.57,0.96,0.134,94.5,1,24.83,390.96
2355,29.42,60.0,401.0,0.14,443.85,338.66,0.54,0.398,93.5,1,25.68,444.39
2356,30.22,58.0,400.0,0.26,485.17,370.18,0.65,0.649,92.2,1,26.0,485.82
2357,29.49,55.6,480.0,0.25,511.14,390.0,0.74,0.53,92.9,1,25.78,511.88
2358,29.75,55.1,417.0,0.19,520.0,396.76,0.93,0.05,94.8,1,25.02,520.93
2359,29.07,51.5,401.0,0.1,511.14,390.0,0.62,0.434,93.4,1,23.79,511.76
2360,29.75,49.9,1019.0,1.0,630.72,481.24,10.48,0.237,94.2,1,22.16,641.19
2361,30.1,52.4,988.0,1.0,577.0,440.25,10.98,0.603,92.5,1,20.25,587.98
2362,28.2,45.9,1024.0,1.0,507.0,386.84,10.22,0.392,93.6,1,18.19,517.22
2363,27.62,41.9,1008.0,1.0,425.48,324.64,10.98,0.332,93.8,1,16.11,436.47
2364,27.2,40.3,996.0,1.0,338.0,257.89,10.9,-0.166,95.2,1,14.17,348.9
2365,26.14,40.2,991.0,1.0,425.48,324.64,10.27,-0.303,95.3,1,12.48,435.75
2366,25.86,36.3,995.0,1.0,507.0,386.84,10.2,-0.509,95.2,1,11.17,517.2
2367,24.82,41.3,1000.0,1.0,577.0,440.25,10.78,-0.416,95.3,1,10.32,587.79
2368,24.85,44.5,1036.0,1.0,630.72,481.24,10.31,-0.451,95.2,1,10.0,641.02
2369,23.83,43.5,1013.0,1.0,664.48,507.0,10.42,-0.287,95.3,1,10.23,674.9
2370,24.01,43.3,937.0,1.0,676.0,515.79,10.08,-0.555,95.2,1,10.98,686.08
2371,23.58,45.7,450.0,0.28,511.14,390.0,1.0,-0.673,95.0,1,12.21,512.14
2372,24.04,49.1,417.0,0.06,485.17,370.18,0.74,-0.241,95.2,1,13.84,485.9
2373,24.89,52.3,475.0,0.29,443.85,338.66,0.59,-0.547,95.2,1,15.75,444.43
2374,25.46,54.4,400.0,0.16,390.0,297.57,0.51,-0.015,94.9,1,17.81,390.51
2375,26.67,57.3,435.0,0.18,327.29,249.72,0.47,0.398,93.5,1,19.89,327.76
2376,27.12,57.9,423.0,0.2,260.0,198.38,0.5,-0.096,95.1,1,21.84,260.5
2377,27.67,61.6,406.0,0.24,327.29,249.72,0.29,-0.382,95.3,1,23.52,327.58
2378,28.22,55.9,440.0,0.03,390.0,297.57,0.66,0.29,94.0,1,24.83,390.66
2379,29.15,57.3,400.0,0.22,443.85,338.66,0.84,0.436,93.3,1,25.68,444.69
2380,30.02,60.9,404.0,0.23,485.17,370.18,0.23,0.425,93.4,1,26.0,485.39
2381,29.51,56.6,400.0,0.13,511.14,390.0,0.26,0.669,92.1,1,25.77,511.4
2382,31.34,55.4,400.0,0.22,520.0,396.76,0.33,0.492,93.1,1,25.02,520.33
2383,29.17,52.1,400.0,0.05,511.14,390.0,0.92,0.281,94.0,1,23.79,512.06
2384,29.15,47.6,1001.0,1.0,630.72,481.24,10.67,0.251,94.1,1,22.16,641.39
2385,28.84,48.5,1019.0,1.0,577.0,440.25,10.47,0.267,94.1,1,20.25,587.47
2386,28.92,45.6,1012.0,1.0,507.0,386.84,10.42,0.199,94.3,1,18.19,517.42
2387,28.46,48.9,1007.0,1.0,425.48,324.64,10.13,0.034,94.8,1,16.11,435.61
2388,26.78,41.8,1022.0,1.0,338.0,257.89,10.74,-0.014,94.9,1,14.16,348.74
2389,25.74,43.1,1074.0,1.0,425.48,324.64,10.75,-0.358,95.3,1,12.48,436.23
2390,25.0,39.9,987.0,1.0,507.0,386.84,10.28,0.107,94.6,1,11.17,517.28
2391,25.3,42.9,1073.0,1.0,577.0,440.25,10.92,-0.444,95.3,1,10.32,587.92
2392,23.74,39.7,958.0,1.0,630.72,481.24,10.57,-0.639,95.0,1,10.0,641.29
2393,24.2,40.3,930.0,1.0,664.48,507.0,10.83,-0.428,95.3,1,10.23,675.32
2394,24.14,42.1,1037.0,1.0,676.0,515.79,10.9,-0.608,95.1,1,10.98,686.9
2395,24.22,45.6,403.0,0.26,511.14,390.0,0.74,-0.553,95.2,1,12.21,511.89
2396,23.95,48.6,400.0,0.26,485.17,370.18,0.91,-0.386,95.3,1,13.84,486.08
2397,24.2,49.9,402.0,0.18,443.85,338.66,0.43,-0.326,95.3,1,15.75,444.27
2398,25.45,56.3,400.0,0.26,390.0,297.57,0.84,-0.499,95.2,1,17.81,390.84
2399,26.48,50.5,412.0,0.01,327.29,249.72,0.78,0.003,94.9,1,19.89,328.08
2400,26.76,59.5,400.0,0.07,260.0,198.38,0.8,-0.025,94.9,1,21.84,260.8
2401,28.04,58.9,439.0,0.02,327.29,249.72,0.09,0.019,94.8,1,23.52,327.38
2402,28.37,63.2,405.0,0.1,390.0,297.57,0.6,0.554,92.7,1,24.83,390.6
2403,29.36,59.4,409.0,0.3,443.85,338.66,0.05,0.458,93.2,1,25.68,443.89
2404,29.02,58.6,400.0,0.25,485.17,370.18,0.34,0.223,94.2,1,26.0,485.51
2405,29.73,59.5,421.0,0.01,511.14,390.0,0.17,0.368,93.7,1,25.77,511.31
2406,30.79,53.3,400.0,0.0,520.0,396.76,0.38,0.397,93.5,1,25.02,520.38
2407,29.54,52.9,430.0,0.18,511.14,390.0,0.61,0.666,92.1,1,23.79,511.75
2408,29.72,52.2,958.0,1.0,630.72,481.24,10.32,0.295,94.0,1,22.16,641.04
2409,29.05,48.2,1004.0,1.0,577.0,440.25,10.43,0.235,94.2,1,20.25,587.43
2410,28.18,47.6,983.0,1.0,507.0,386.84,10.33,0.036,94.8,1,18.19,517.33
2411,28.13,42.0,971.0,1.0,425.48,324.64,10.11,0.281,94.0,1,16.11,435.59
2412,26.6,40.3,960.0,1.0,338.0,257.89,10.87,-0.05,95.0,1,14.17,348.87
2413,26.7,41.9,974.0,1.0,425.48,324.64,10.57,-0.336,95.3,1,12.48,436.05
2414,25.79,38.4,1011.0,1.0,507.0,386.84,10.03,-0.646,95.0,1,11.17,517.03
2415,24.12,38.8,1014.0,1.0,577.0,440.25,10.79,-0.417,95.3,1,10.33,587.79
2416,24.74,41.1,1024.0,1.0,630.72,481.24,10.7,-0.595,95.1,1,10.0,641.42
2417,24.09,43.5,987.0,1.0,664.48,507.0,10.42,-0.555,95.2,1,10.23,674.9
2418,23.4,46.5,1031.0,1.0,676.0,515.79,10.48,-0.274,95.3,1,10.98,686.48
2419,23.77,46.9,400.0,0.09,511.14,390.0,0.56,-0.184,95.2,1,12.21,511.7
2420,23.92,50.6,420.0,0.27,485.17,370.18,0.05,-0.624,95.0,1,13.84,485.22
2421,24.98,55.2,403.0,0.25,443.85,338.66,0.22,-0.552,95.2,1,15.75,444.06
2422,26.39,56.5,400.0,0.19,390.0,297.57,0.06,-0.247,95.2,1,17.81,390.06
2423,26.14,56.3,400.0,0.13,327.29,249.72,0.5,-0.005,94.9,1,19.89,327.79
2424,26.66,59.3,400.0,0.13,260.0,198.38,0.11,0.166,94.4,1,21.84,260.11
2425,27.7,63.2,400.0,0.1,327.29,249.72,0.11,0.455,93.3,1,23.53,327.4
2426,28.37,61.4,400.0,0.22,390.0,297.57,0.52,0.275,94.1,1,24.84,390.52
2427,29.32,59.4,419.0,0.07,443.85,338.66,0.32,0.326,93.8,1,25.68,444.16
2428,29.31,63.0,430.0,0.22,485.17,370.18,0.07,0.333,93.8,1,26.0,485.23
2429,28.37,60.1,432.0,0.09,511.14,390.0,0.6,0.307,93.9,1,25.78,511.74
2430,29.97,57.9,400.0,0.0,520.0,396.76,0.77,0.585,92.6,1,25.03,520.77
2431,29.67,52.3,400.0,0.04,511.14,390.0,0.79,0.903,90.5,0,23.79,511.94
2432,28.97,48.9,992.0,1.0,630.72,481.24,10.19,0.447,93.3,1,22.17,640.91
2433,28.91,50.3,988.0,1.0,577.0,440.25,10.08,0.757,91.5,0,20.26,587.09
2434,29.04,43.8,949.0,1.0,507.0,386.84,10.14,0.503,93.0,1,18.19,517.14
2435,27.26,40.2,1031.0,1.0,425.48,324.64,10.77,-0.307,95.3,1,16.12,436.25
2436,26.86,42.9,1055.0,1.0,338.0,257.89,10.42,0.134,94.5,1,14.17,348.42
2437,25.93,43.7,990.0,1.0,425.48,324.64,10.44,-0.533,95.2,1,12.48,435.92
2438,24.73,37.2,1066.0,1.0,507.0,386.84,10.73,-0.104,95.1,1,11.17,517.73
2439,24.93,43.5,930.0,1.0,577.0,440.25,10.57,-0.46,95.2,1,10.33,587.57
2440,24.29,39.6,967.0,1.0,630.72,481.24,10.18,-0.417,95.3,1,10.01,640.9
2441,25.15,43.5,992.0,1.0,664.48,507.0,10.87,-0.644,95.0,1,10.23,675.36
2442,24.27,47.0,1019.0,1.0,676.0,515.79,10.31,-0.385,95.3,1,10.99,686.31
2443,24.43,46.9,402.0,0.17,511.14,390.0,0.22,-0.045,95.0,1,12.22,511.36
2444,23.9,50.9,400.0,0.09,485.17,370.18,0.82,0.063,94.7,1,13.85,485.99
2445,25.17,51.5,422.0,0.29,443.85,338.66,0.77,-0.52,95.2,1,15.76,444.62
2446,25.69,56.6,417.0,0.09,390.0,297.57,0.3,-0.264,95.3,1,17.82,390.3
2447,24.93,59.7,400.0,0.2,327.29,249.72,0.68,0.077,94.7,1,19.9,327.98
2448,27.48,58.0,400.0,0.11,260.0,198.38,0.61,0.036,94.8,1,21.84,260.61
2449,27.63,58.3,400.0,0.17,327.29,249.72,0.05,0.031,94.8,1,23.53,327.34
2450,27.96,59.1,416.0,0.02,390.0,297.57,0.41,0.447,93.3,1,24.84,390.41
2451,28.98,60.7,400.0,0.03,443.85,338.66,0.43,0.273,94.1,1,25.69,444.28
2452,29.2,56.6,400.0,0.07,485.17,370.18,0.53,0.512,93.0,1,26.01,485.7
2453,29.98,58.6,449.0,0.02,511.14,390.0,0.66,0.626,92.3,1,25.79,511.8
2454,29.71,55.7,403.0,0.17,520.0,396.76,0.16,0.549,92.8,1,25.03,520.16
2455,30.67,53.9,400.0,0.19,511.14,390.0,0.49,0.333,93.8,1,23.8,511.63
2456,30.37,50.5,942.0,1.0,630.72,481.24,10.11,0.437,93.3,1,22.17,640.82
2457,29.16,49.3,1003.0,1.0,577.0,440.25,10.58,0.49,93.1,1,20.26,587.58
2458,28.69,43.7,1000.0,1.0,507.0,386.84,10.5,0.198,94.3,1,18.2,517.5
2459,28.53,38.0,1033.0,1.0,425.48,324.64,10.28,0.192,94.4,1,16.13,435.76
2460,26.74,42.9,929.0,1.0,338.0,257.89,10.47,0.127,94.6,1,14.18,348.47
2461,26.04,37.9,977.0,1.0,425.48,324.64,10.75,0.05,94.8,1,12.49,436.23
2462,25.71,40.4,1016.0,1.0,507.0,386.84,10.34,-0.265,95.3,1,11.18,517.34
2463,24.76,38.0,995.0,1.0,577.0,440.25,10.33,-0.503,95.2,1,10.34,587.33
2464,24.44,42.9,1021.0,1.0,630.72,481.24,10.64,-0.353,95.3,1,10.02,641.36
2465,23.84,41.2,1008.0,1.0,664.48,507.0,10.24,-0.543,95.2,1,10.24,674.72
2466,23.41,43.1,1006.0,1.0,676.0,515.79,10.58,-0.719,94.9,0,11.0,686.58
2467,23.5,48.6,418.0,0.0,511.14,390.0,0.04,-0.772,94.7,0,12.23,511.18
2468,24.9,50.7,400.0,0.19,485.17,370.18,0.73,-0.356,95.3,1,13.85,485.9
2469,24.98,53.5,410.0,0.11,443.85,338.66,0.96,-0.627,95.0,1,15.76,444.81
2470,25.85,52.6,412.0,0.05,390.0,297.57,0.27,0.029,94.8,1,17.83,390.27
2471,25.67,54.6,463.0,0.13,327.29,249.72,0.5,-0.244,95.2,1,19.91,327.79
2472,27.13,59.7,400.0,0.08,260.0,198.38,0.09,-0.329,95.3,1,21.85,260.09
2473,27.98,58.9,400.0,0.06,327.29,249.72,0.12,0.444,93.3,1,23.54,327.41
2474,28.08,57.6,416.0,0.3,390.0,297.57,0.45,0.219,94.3,1,24.85,390.45
2475,28.78,60.1,427.0,0.05,443.85,338.66,0.16,0.39,93.6,1,25.7,444.01
2476,30.23,63.8,400.0,0.16,485.17,370.18,0.83,0.243,94.2,1,26.02,486.0
2477,29.69,56.6,400.0,0.24,511.14,390.0,1.0,0.717,91.8,0,25.79,512.14
2478,30.25,53.7,400.0,0.17,520.0,396.76,0.72,0.457,93.2,1,25.04,520.72
2479,29.38,52.0,442.0,0.29,511.14,390.0,0.73,0.08,94.7,1,23.81,511.87
2480,30.21,48.9,400.0,0.02,485.17,370.18,0.84,0.376,93.6,1,22.18,486.01
2481,28.83,50.0,400.0,0.12,443.85,338.66,0.32,0.478,93.1,1,20.27,444.17
2482,28.32,48.9,400.0,0.03,390.0,297.57,0.95,0.092,94.7,1,18.21,390.95
2483,27.91,44.3,400.0,0.07,327.29,249.72,0.1,-0.162,95.2,1,16.14,327.39
2484,28.29,42.3,425.0,0.27,260.0,198.38,0.59,-0.053,95.0,1,14.19,260.59
2485,25.87,40.4,433.0,0.19,327.29,249.72,0.46,0.262,94.1,1,12.5,327.75
2486,25.42,43.7,400.0,0.13,390.0,297.57,0.33,0.031,94.8,1,11.19,390.33
2487,25.41,42.2,400.0,0.14,443.85,338.66,0.84,-0.097,95.1,1,10.35,444.69
2488,24.36,44.4,417.0,0.23,485.17,370.18,0.15,-0.226,95.2,1,10.03,485.32
2489,24.04,39.7,408.0,0.04,511.14,390.0,0.03,-0.517,95.2,1,10.25,511.17
2490,24.97,47.5,400.0,0.09,520.0,396.76,0.6,-0.609,95.1,1,11.01,520.6
2491,24.66,48.3,425.0,0.29,511.14,390.0,0.91,-0.428,95.3,1,12.24,512.05
2492,25.41,52.1,442.0,0.15,485.17,370.18,0.76,-0.271,95.3,1,13.87,485.93
2493,24.49,55.6,400.0,0.22,443.85,338.66,0.8,-0.6,95.1,1,15.78,444.65
2494,25.85,52.9,400.0,0.18,390.0,297.57,0.58,-0.292,95.3,1,17.84,390.58
2495,26.17,57.4,400.0,0.06,327.29,249.72,0.59,0.15,94.5,1,19.92,327.88
2496,26.86,56.3,400.0,0.09,260.0,198.38,0.75,0.143,94.5,1,21.87,260.75
2497,27.69,62.6,421.0,0.28,327.29,249.72,0.88,0.328,93.8,1,23.55,328.17
2498,28.78,58.2,400.0,0.19,390.0,297.57,0.11,-0.247,95.2,1,24.86,390.11
2499,29.06,56.3,459.0,0.17,443.85,338.66,0.19,0.407,93.5,1,25.71,444.04
2500,29.09,56.8,400.0,0.03,485.17,370.18,0.67,0.456,93.3,1,26.03,485.84
2501,29.4,56.1,400.0,0.06,511.14,390.0,0.99,0.243,94.2,1,25.81,512.13
2502,29.34,53.7,406.0,0.06,520.0,396.76,0.86,0.581,92.6,1,25.05,520.86
2503,29.81,53.3,400.0,0.04,511.14,390.0,0.81,0.73,91.7,0,23.82,511.95
2504,29.83,52.2,400.0,0.2,485.17,370.18,0.31,0.377,93.6,1,22.2,485.48
2505,29.59,45.2,406.0,0.25,443.85,338.66,0.5,0.455,93.3,1,20.29,444.35
2506,28.65,47.9,458.0,0.25,390.0,297.57,0.48,0.165,94.4,1,18.22,390.48
2507,27.8,43.9,411.0,0.15,327.29,249.72,0.62,0.2,94.3,1,16.15,327.92
2508,27.48,44.0,402.0,0.3,260.0,198.38,0.43,-0.388,95.3,1,14.2,260.43
2509,25.43,40.9,438.0,0.25,327.29,249.72,0.59,-0.291,95.3,1,12.52,327.88
2510,25.67,42.3,421.0,0.07,390.0,297.57,0.89,-0.4,95.3,1,11.21,390.89
2511,25.0,38.0,437.0,0.15,443.85,338.66,0.42,-0.399,95.3,1,10.36,444.27
2512,23.72,41.3,400.0,0.24,485.17,370.18,0.05,-0.638,95.0,1,10.04,485.22
2513,23.07,41.2,400.0,0.08,511.14,390.0,0.27,-0.336,95.3,1,10.27,511.41
2514,23.87,45.9,452.0,0.03,520.0,396.76,0.7,-0.251,95.2,1,11.02,520.7
2515,24.33,48.1,415.0,0.14,511.14,390.0,0.89,-0.386,95.3,1,12.25,512.03
2516,23.62,51.2,400.0,0.22,485.17,370.18,0.32,-0.362,95.3,1,13.88,485.49
2517,24.44,53.5,400.0,0.07,443.85,338.66,0.01,-0.324,95.3,1,15.79,443.85
2518,25.36,56.3,400.0,0.27,390.0,297.57,0.94,-0.01,94.9,1,17.86,390.94
2519,26.62,57.2,457.0,0.26,327.29,249.72,0.95,-0.369,95.3,1,19.93,328.24
2520,27.1,57.6,400.0,0.02,260.0,198.38,0.94,-0.437,95.3,1,21.88,260.94
2521,27.87,61.7,456.0,0.26,327.29,249.72,0.97,-0.125,95.1,1,23.57,328.26
2522,28.24,58.5,400.0,0.28,390.0,297.57,0.81,0.129,94.6,1,24.88,390.81
2523,29.75,58.9,400.0,0.23,443.85,338.66,0.82,0.384,93.6,1,25.72,444.67
2524,29.68,60.3,401.0,0.15,485.17,370.18,0.26,0.59,92.5,1,26.05,485.42
2525,29.5,57.2,404.0,0.14,511.14,390.0,0.96,0.443,93.3,1,25.82,512.1
2526,29.66,54.7,400.0,0.23,520.0,396.76,0.69,0.338,93.8,1,25.07,520.69
2527,29.7,55.8,475.0,0.13,511.14,390.0,0.16,0.461,93.2,1,23.84,511.3
2528,29.32,45.2,1022.0,1.0,630.72,481.24,10.83,0.621,92.4,1,22.21,641.54
2529,28.13,49.6,1025.0,1.0,577.0,440.25,10.13,0.313,93.9,1,20.3,587.13
2530,28.09,41.2,1003.0,1.0,507.0,386.84,10.62,0.141,94.5,1,18.24,517.62
2531,27.87,43.2,1008.0,1.0,425.48,324.64,10.18,0.331,93.8,1,16.17,435.66
2532,26.47,43.5,1014.0,1.0,338.0,257.89,10.73,0.392,93.6,1,14.22,348.73
2533,26.14,41.6,1011.0,1.0,425.48,324.64,11.0,-0.08,95.0,1,12.53,436.48
2534,24.8,38.7,974.0,1.0,507.0,386.84,10.45,-0.413,95.3,1,11.22,517.45
2535,23.67,41.2,981.0,1.0,577.0,440.25,10.3,-0.516,95.2,1,10.38,587.3
2536,24.1,39.6,1030.0,1.0,630.72,481.24,10.62,-0.107,95.1,1,10.06,641.34
2537,24.05,40.0,1043.0,1.0,664.48,507.0,10.71,-0.334,95.3,1,10.28,675.2
2538,23.59,42.7,976.0,1.0,676.0,515.79,10.75,-0.415,95.3,1,11.04,686.75
2539,23.45,45.1,400.0,0.28,511.14,390.0,0.22,-0.382,95.3,1,12.27,511.36
2540,24.57,50.8,400.0,0.12,485.17,370.18,0.18,-0.514,95.2,1,13.9,485.35
2541,24.71,57.5,427.0,0.22,443.85,338.66,0.78,-0.19,95.2,1,15.81,444.62
2542,25.66,55.3,400.0,0.12,390.0,297.57,0.43,-0.033,95.0,1,17.87,390.43
2543,27.02,55.7,400.0,0.09,327.29,249.72,0.71,-0.093,95.1,1,19.95,328.0
2544,27.07,55.8,400.0,0.1,260.0,198.38,0.69,-0.084,95.1,1,21.9,260.69
2545,27.85,58.2,429.0,0.08,327.29,249.72,0.65,0.09,94.7,1,23.59,327.94
2546,27.98,57.7,400.0,0.25,390.0,297.57,0.49,0.24,94.2,1,24.9,390.49
2547,28.95,57.6,400.0,0.26,443.85,338.66,0.17,0.556,92.7,1,25.74,444.02
2548,28.82,57.6,400.0,0.16,485.17,370.18,0.99,0.619,92.4,1,26.06,486.16
2549,29.24,57.1,448.0,0.08,511.14,390.0,0.58,0.537,92.8,1,25.84,511.72
2550,29.98,53.5,409.0,0.17,520.0,396.76,0.65,0.576,92.6,1,25.09,520.65
2551,29.58,55.4,446.0,0.09,511.14,390.0,0.84,0.495,93.1,1,23.86,511.98
2552,29.14,53.0,972.0,1.0,630.72,481.24,10.1,-0.077,95.0,1,22.23,640.81
2553,29.02,47.7,1005.0,1.0,577.0,440.25,10.18,0.222,94.3,1,20.32,587.18
2554,28.05,41.5,997.0,1.0,507.0,386.84,10.48,0.214,94.3,1,18.26,517.48
2555,27.48,43.9,1081.0,1.0,425.48,324.64,10.26,0.15,94.5,1,16.18,435.74
2556,26.97,43.1,1001.0,1.0,338.0,257.89,10.27,-0.38,95.3,1,14.24,348.27
2557,25.82,38.5,975.0,1.0,425.48,324.64,10.18,0.103,94.6,1,12.55,435.66
2558,24.85,37.3,1011.0,1.0,507.0,386.84,10.6,-0.457,95.2,1,11.24,517.6
2559,25.33,43.4,1017.0,1.0,577.0,440.25,10.59,-0.238,95.2,1,10.4,587.59
2560,25.2,39.6,1047.0,1.0,630.72,481.24,10.87,-0.498,95.2,1,10.08,641.58
2561,23.93,41.4,989.0,1.0,664.48,507.0,10.52,-0.399,95.3,1,10.3,675.01
2562,23.74,42.8,1041.0,1.0,676.0,515.79,10.7,-0.808,94.6,0,11.06,686.7
2563,23.94,45.5,406.0,0.26,511.14,390.0,0.42,-0.6,95.1,1,12.29,511.56
2564,23.88,48.5,416.0,0.21,485.17,370.18,0.38,-0.174,95.2,1,13.92,485.54
2565,25.28,51.8,421.0,0.2,443.85,338.66,0.87,-0.464,95.2,1,15.83,444.72
2566,25.79,52.2,400.0,0.06,390.0,297.57,0.99,-0.535,95.2,1,17.89,390.99
2567,25.81,51.8,400.0,0.2,327.29,249.72,0.03,-0.091,95.1,1,19.97,327.33
2568,26.65,59.0,407.0,0.14,260.0,198.38,0.66,-0.014,94.9,1,21.92,260.66
2569,27.78,58.2,400.0,0.29,327.29,249.72,0.25,0.016,94.9,1,23.61,327.55
2570,28.9,57.3,400.0,0.03,390.0,297.57,0.24,0.407,93.5,1,24.92,390.24
2571,29.16,59.8,407.0,0.27,443.85,338.66,0.64,0.231,94.2,1,25.76,444.49
2572,29.7,58.7,400.0,0.26,485.17,370.18,0.1,0.269,94.1,1,26.09,485.27
2573,29.92,59.4,406.0,0.03,511.14,390.0,0.98,0.613,92.4,1,25.86,512.12
2574,29.92,50.3,403.0,0.03,520.0,396.76,0.98,0.373,93.6,1,25.11,520.98
2575,29.9,52.8,400.0,0.06,511.14,390.0,0.33,0.319,93.9,1,23.88,511.47
2576,29.81,49.5,972.0,1.0,630.72,481.24,10.67,1.011,89.6,0,22.25,641.39
2577,29.1,45.8,959.0,1.0,577.0,440.25,10.09,0.534,92.8,1,20.34,587.09
2578,28.21,47.0,1007.0,1.0,507.0,386.84,10.03,0.595,92.5,1,18.28,517.03
2579,28.77,43.8,1038.0,1.0,425.48,324.64,10.2,0.126,94.6,1,16.21,435.69
2580,26.02,41.4,1024.0,1.0,338.0,257.89,10.07,-0.129,95.1,1,14.26,348.07
2581,26.48,38.7,963.0,1.0,425.48,324.64,10.0,-0.371,95.3,1,12.57,435.48
2582,25.07,41.8,989.0,1.0,507.0,386.84,10.1,-0.288,95.3,1,11.27,517.1
2583,23.86,36.5,993.0,1.0,577.0,440.25,10.01,-0.745,94.8,0,10.42,587.01
2584,23.19,43.1,963.0,1.0,630.72,481.24,10.25,-0.86,94.5,0,10.1,640.96
2585,23.81,40.8,983.0,1.0,664.48,507.0,10.76,-0.578,95.1,1,10.33,675.24
2586,24.83,43.9,972.0,1.0,676.0,515.79,10.77,-0.56,95.1,1,11.08,686.77
2587,24.82,49.6,448.0,0.16,511.14,390.0,0.2,-0.543,95.2,1,12.31,511.34
2588,23.92,52.0,407.0,0.05,485.17,370.18,0.23,-0.316,95.3,1,13.94,485.4
2589,24.38,52.7,445.0,0.25,443.85,338.66,0.54,-0.488,95.2,1,15.85,444.39
2590,25.1,55.2,409.0,0.09,390.0,297.57,0.71,-0.14,95.1,1,17.92,390.71
2591,26.13,56.2,444.0,0.03,327.29,249.72,0.14,-0.123,95.1,1,19.99,327.44
2592,27.77,60.3,400.0,0.14,260.0,198.38,0.59,-0.06,95.0,1,21.94,260.59
2593,28.05,60.6,439.0,0.04,327.29,249.72,0.05,-0.109,95.1,1,23.63,327.34
2594,28.62,61.3,400.0,0.19,390.0,297.57,0.2,0.682,92.0,1,24.94,390.2
2595,29.05,57.7,400.0,0.13,443.85,338.66,0.18,0.68,92.0,1,25.79,444.02
2596,28.44,59.2,431.0,0.23,485.17,370.18,0.3,0.372,93.6,1,26.11,485.47
2597,28.73,57.1,400.0,0.2,511.14,390.0,0.74,0.712,91.8,0,25.89,511.88
2598,29.41,53.8,415.0,0.06,520.0,396.76,0.51,0.614,92.4,1,25.13,520.51
2599,29.08,53.0,400.0,0.2,511.14,390.0,0.8,0.679,92.0,1,23.9,511.94
2600,28.56,53.4,1058.0,1.0,630.72,481.24,10.87,0.306,93.9,1,22.28,641.59
2601,29.39,48.9,976.0,1.0,577.0,440.25,10.59,0.628,92.3,1,20.37,587.59
2602,28.17,45.2,968.0,1.0,507.0,386.84,10.66,-0.043,95.0,1,18.31,517.66
2603,27.14,42.5,974.0,1.0,425.48,324.64,10.02,-0.277,95.3,1,16.23,435.5
2604,26.14,40.8,963.0,1.0,338.0,257.89,10.78,-0.054,95.0,1,14.29,348.78
2605,26.37,40.8,946.0,1.0,425.48,324.64,10.28,-0.252,95.2,1,12.6,435.76
2606,25.25,39.9,1003.0,1.0,507.0,386.84,10.72,-0.128,95.1,1,11.29,517.72
2607,23.92,42.4,964.0,1.0,577.0,440.25,10.69,-0.692,94.9,1,10.45,587.69
2608,23.95,40.2,979.0,1.0,630.72,481.24,10.11,-0.399,95.3,1,10.13,640.82
2609,24.82,44.7,937.0,1.0,664.48,507.0,10.76,-0.612,95.1,1,10.35,675.25
2610,24.29,43.6,1047.0,1.0,676.0,515.79,10.66,-0.197,95.2,1,11.11,686.66
2611,23.91,49.1,415.0,0.22,511.14,390.0,0.5,-0.795,94.7,0,12.34,511.64
2612,24.36,54.0,400.0,0.13,485.17,370.18,0.86,-0.138,95.1,1,13.97,486.03
2613,24.43,56.7,400.0,0.01,443.85,338.66,0.24,-0.119,95.1,1,15.88,444.09
2614,25.14,57.0,400.0,0.06,390.0,297.57,0.52,-0.269,95.3,1,17.94,390.52
2615,25.43,61.1,400.0,0.18,327.29,249.72,0.2,-0.027,94.9,1,20.02,327.5
2616,26.43,56.5,411.0,0.16,260.0,198.38,0.7,0.163,94.5,1,21.97,260.7
2617,27.79,57.7,400.0,0.12,327.29,249.72,0.96,0.118,94.6,1,23.66,328.26
2618,28.98,60.3,400.0,0.07,390.0,297.57,0.02,0.432,93.4,1,24.97,390.02
2619,29.06,61.0,400.0,0.16,443.85,338.66,0.27,0.259,94.1,1,25.81,444.12
2620,29.85,58.8,416.0,0.12,485.17,370.18,0.67,0.619,92.4,1,26.14,485.84
2621,28.63,57.7,400.0,0.27,511.14,390.0,0.74,0.397,93.5,1,25.91,511.88
2622,30.0,57.3,406.0,0.18,520.0,396.76,0.89,0.445,93.3,1,25.16,520.89
2623,29.83,52.7,400.0,0.09,511.14,390.0,0.81,0.648,92.2,1,23.93,511.95
2624,28.97,49.4,978.0,1.0,630.72,481.24,10.79,0.181,94.4,1,22.31,641.5
2625,28.85,48.9,1021.0,1.0,577.0,440.25,10.83,0.628,92.3,1,20.4,587.83
2626,28.92,46.1,1016.0,1.0,507.0,386.84,10.47,0.202,94.3,1,18.33,517.47
2627,27.75,42.4,1009.0,1.0,425.48,324.64,10.49,0.23,94.2,1,16.26,435.97
2628,26.59,40.7,1023.0,1.0,338.0,257.89,10.16,0.006,94.9,1,14.31,348.16
2629,26.9,41.7,1017.0,1.0,425.48,324.64,10.14,-0.016,94.9,1,12.63,435.62
2630,25.27,38.7,984.0,1.0,507.0,386.84,10.96,-0.342,95.3,1,11.32,517.96
2631,25.39,37.4,1017.0,1.0,577.0,440.25,10.17,-0.271,95.3,1,10.48,587.17
2632,23.96,38.4,1004.0,1.0,630.72,481.24,10.2,-0.515,95.2,1,10.16,640.92
2633,23.87,40.2,992.0,1.0,664.48,507.0,10.18,0.057,94.8,1,10.38,674.66
2634,24.49,42.2,988.0,1.0,676.0,515.79,10.65,-0.649,95.0,1,11.14,686.65
2635,23.36,47.8,432.0,0.28,511.14,390.0,0.01,-0.309,95.3,1,12.37,511.15
2636,25.33,48.9,422.0,0.26,485.17,370.18,0.71,-0.627,95.0,1,14.0,485.88
2637,24.25,53.4,400.0,0.15,443.85,338.66,0.87,-0.574,95.1,1,15.91,444.71
2638,25.58,54.9,400.0,0.09,390.0,297.57,0.42,-0.125,95.1,1,17.97,390.42
2639,26.24,56.6,400.0,0.07,327.29,249.72,0.49,-0.776,94.7,0,20.05,327.78
2640,26.18,58.8,422.0,0.25,260.0,198.38,0.08,-0.25,95.2,1,22.0,260.08
2641,26.75,61.0,400.0,0.18,327.29,249.72,0.08,-0.072,95.0,1,23.69,327.37
2642,27.6,58.6,400.0,0.2,390.0,297.57,0.79,0.357,93.7,1,25.0,390.79
2643,28.76,60.8,419.0,0.02,443.85,338.66,0.69,0.288,94.0,1,25.84,444.54
2644,29.68,59.6,413.0,0.3,485.17,370.18,0.73,0.099,94.6,1,26.17,485.9
2645,29.49,59.4,414.0,0.05,511.14,390.0,0.76,0.433,93.4,1,25.94,511.9
2646,29.46,51.4,400.0,0.28,520.0,396.76,0.37,0.463,93.2,1,25.19,520.37
2647,29.31,54.3,412.0,0.23,511.14,390.0,0.73,0.559,92.7,1,23.96,511.87
2648,29.23,51.5,400.0,0.27,485.17,370.18,0.41,0.072,94.7,1,22.34,485.58
2649,28.68,46.4,400.0,0.09,443.85,338.66,0.03,0.339,93.8,1,20.43,443.88
2650,28.0,44.4,400.0,0.13,390.0,297.57,0.2,0.271,94.1,1,18.37,390.2
2651,26.99,41.8,430.0,0.06,327.29,249.72,0.37,0.19,94.4,1,16.29,327.67
2652,26.31,40.9,417.0,0.25,260.0,198.38,0.02,0.109,94.6,1,14.34,260.02
2653,26.37,41.9,400.0,0.21,327.29,249.72,0.51,-0.056,95.0,1,12.66,327.81
2654,24.88,39.0,412.0,0.03,390.0,297.57,0.53,-0.06,95.0,1,11.35,390.53
2655,25.01,43.4,424.0,0.24,443.85,338.66,0.34,-0.117,95.1,1,10.51,444.19
2656,24.18,39.1,438.0,0.07,485.17,370.18,0.63,-0.698,94.9,1,10.19,485.8
2657,24.78,38.8,417.0,0.04,511.14,390.0,0.35,-0.432,95.3,1,10.41,511.49
2658,23.8,42.5,400.0,0.27,520.0,396.76,0.93,-0.373,95.3,1,11.17,520.93
2659,24.11,46.6,400.0,0.0,511.14,390.0,0.94,-0.574,95.1,1,12.4,512.08
2660,23.59,50.0,465.0,0.22,485.17,370.18,0.5,-0.519,95.2,1,14.03,485.67
2661,23.91,52.8,400.0,0.0,443.85,338.66,0.09,0.123,94.6,1,15.94,443.93
2662,26.17,52.3,400.0,0.03,390.0,297.57,0.27,-0.299,95.3,1,18.0,390.27
2663,26.4,56.5,413.0,0.03,327.29,249.72,0.62,0.083,94.7,1,20.08,327.91
2664,26.07,57.6,427.0,0.29,260.0,198.38,0.31,0.233,94.2,1,22.03,260.31
2665,27.81,62.1,400.0,0.09,327.29,249.72,0.81,0.398,93.5,1,23.72,328.11
2666,28.58,59.0,430.0,0.12,390.0,297.57,0.43,0.529,92.9,1,25.03,390.43
2667,29.64,60.6,478.0,0.04,443.85,338.66,0.32,0.394,93.6,1,25.88,444.17
2668,28.88,59.3,400.0,0.13,485.17,370.18,0.61,0.451,93.3,1,26.2,485.78
2669,29.53,60.1,418.0,0.14,511.14,390.0,0.75,0.471,93.2,1,25.98,511.89
2670,29.45,56.4,400.0,0.02,520.0,396.76,0.24,0.549,92.8,1,25.23,520.24
2671,29.71,50.9,400.0,0.26,511.14,390.0,0.79,0.483,93.1,1,23.99,511.93
2672,29.11,54.6,400.0,0.24,485.17,370.18,0.26,0.401,93.5,1,22.37,485.43
2673,29.18,48.3,400.0,0.27,443.85,338.66,0.55,0.075,94.7,1,20.46,444.4
2674,27.51,48.3,400.0,0.19,390.0,297.57,0.44,0.394,93.5,1,18.4,390.44
2675,27.56,44.0,442.0,0.11,327.29,249.72,0.49,0.0,94.9,1,16.32,327.79
2676,26.0,41.7,453.0,0.16,260.0,198.38,0.14,0.04,94.8,1,14.38,260.14
2677,26.51,40.9,440.0,0.29,327.29,249.72,0.53,-0.229,95.2,1,12.69,327.82
2678,25.07,36.4,400.0,0.18,390.0,297.57,0.18,-0.472,95.2,1,11.38,390.18
2679,24.49,38.1,427.0,0.15,443.85,338.66,0.3,-0.519,95.2,1,10.54,444.15
2680,24.51,41.8,400.0,0.06,485.17,370.18,0.86,-0.225,95.2,1,10.22,486.03
2681,23.9,46.1,400.0,0.17,511.14,390.0,0.75,-0.775,94.7,0,10.45,511.89
2682,23.69,42.6,400.0,0.22,520.0,396.76,0.67,-0.527,95.2,1,11.2,520.67
2683,23.49,48.3,407.0,0.02,511.14,390.0,0.71,-0.365,95.3,1,12.44,511.85
2684,23.99,51.6,400.0,0.29,485.17,370.18,0.77,-0.521,95.2,1,14.06,485.94
2685,24.08,53.3,408.0,0.25,443.85,338.66,0.04,-0.475,95.2,1,15.97,443.89
2686,24.68,53.6,403.0,0.28,390.0,297.57,0.28,-0.327,95.3,1,18.04,390.28
2687,26.08,57.3,400.0,0.1,327.29,249.72,0.17,-0.266,95.3,1,20.12,327.46
2688,26.02,54.7,400.0,0.02,260.0,198.38,0.86,-0.266,95.3,1,22.07,260.86
2689,27.35,63.6,412.0,0.03,327.29,249.72,0.65,0.104,94.6,1,23.75,327.95
2690,28.3,64.6,455.0,0.27,390.0,297.57,0.48,-0.132,95.1,1,25.07,390.48
2691,28.97,60.2,400.0,0.1,443.85,338.66,0.85,0.323,93.9,1,25.91,444.69
2692,28.13,58.6,440.0,0.29,485.17,370.18,0.05,0.606,92.4,1,26.24,485.22
2693,29.24,58.1,400.0,0.07,511.14,390.0,0.01,0.479,93.1,1,26.01,511.15
2694,30.09,58.6,400.0,0.1,520.0,396.76,0.12,0.586,92.6,1,25.26,520.12
2695,29.86,53.4,427.0,0.13,511.14,390.0,0.26,0.487,93.1,1,24.03,511.4
2696,29.29,49.0,1049.0,1.0,630.72,481.24,10.41,0.362,93.7,1,22.41,641.13
2697,28.53,49.0,971.0,1.0,577.0,440.25,10.13,0.313,93.9,1,20.5,587.14
2698,28.07,45.9,944.0,1.0,507.0,386.84,10.55,0.463,93.2,1,18.44,517.55
2699,27.64,43.6,990.0,1.0,425.48,324.64,10.62,0.266,94.1,1,16.36,436.1
2700,26.48,42.4,1039.0,1.0,338.0,257.89,10.52,0.103,94.6,1,14.41,348.52
2701,26.14,39.1,1012.0,1.0,425.48,324.64,10.41,0.132,94.5,1,12.73,435.89
2702,25.64,38.5,950.0,1.0,507.0,386.84,10.74,-0.057,95.0,1,11.42,517.74
2703,24.37,36.4,983.0,1.0,577.0,440.25,10.77,-0.471,95.2,1,10.58,587.77
2704,24.35,40.5,1009.0,1.0,630.72,481.24,10.29,-0.57,95.1,1,10.26,641.01
2705,23.5,41.7,1035.0,1.0,664.48,507.0,10.09,-0.361,95.3,1,10.48,674.58
2706,23.48,43.5,992.0,1.0,676.0,515.79,10.35,-0.436,95.3,1,11.24,686.35
2707,24.06,48.8,420.0,0.07,511.14,390.0,0.68,-0.28,95.3,1,12.47,511.82
2708,25.03,52.9,423.0,0.02,485.17,370.18,0.03,-0.424,95.3,1,14.1,485.2
2709,24.43,49.6,404.0,0.23,443.85,338.66,0.38,-0.265,95.3,1,16.01,444.23
2710,26.35,56.9,400.0,0.04,390.0,297.57,0.77,0.003,94.9,1,18.08,390.77
2711,25.61,55.5,422.0,0.15,327.29,249.72,0.54,-0.375,95.3,1,20.16,327.84
2712,27.18,58.0,400.0,0.11,260.0,198.38,0.86,-0.073,95.0,1,22.11,260.86
2713,27.95,58.3,400.0,0.17,327.29,249.72,0.12,0.343,93.8,1,23.79,327.42
2714,28.78,58.4,400.0,0.23,390.0,297.57,0.51,0.242,94.2,1,25.11,390.51
2715,28.59,62.3,400.0,0.26,443.85,338.66,0.7,0.407,93.5,1,25.95,444.54
2716,29.51,57.3,400.0,0.0,485.17,370.18,0.41,0.332,93.8,1,26.27,485.58
2717,29.64,60.2,400.0,0.28,511.14,390.0,0.45,0.574,92.6,1,26.05,511.59
2718,29.57,56.6,439.0,0.2,520.0,396.76,0.49,0.5,93.0,1,25.3,520.49
2719,29.51,54.1,413.0,0.02,511.14,390.0,0.15,0.401,93.5,1,24.07,511.3
2720,28.55,48.9,1039.0,1.0,630.72,481.24,10.51,0.558,92.7,1,22.45,641.23
2721,28.73,52.3,994.0,1.0,577.0,440.25,10.25,0.228,94.2,1,20.54,587.25
2722,27.94,45.5,1010.0,1.0,507.0,386.84,10.41,0.356,93.7,1,18.48,517.41
2723,27.3,41.5,985.0,1.0,425.48,324.64,10.21,0.213,94.3,1,16.4,435.69
2724,26.03,41.0,936.0,1.0,338.0,257.89,10.39,0.06,94.7,1,14.45,348.39
2725,25.71,39.9,963.0,1.0,425.48,324.64,10.73,0.045,94.8,1,12.77,436.21
2726,25.28,39.8,982.0,1.0,507.0,386.84,10.48,0.205,94.3,1,11.46,517.48
2727,24.07,40.7,1008.0,1.0,577.0,440.25,10.81,-0.582,95.1,1,10.62,587.81
2728,24.2,40.6,956.0,1.0,630.72,481.24,10.81,-0.586,95.1,1,10.3,641.52
2729,23.79,40.5,1011.0,1.0,664.48,507.0,10.16,-0.539,95.2,1,10.52,674.64
2730,23.46,42.1,1012.0,1.0,676.0,515.79,10.06,-0.608,95.1,1,11.28,686.06
2731,24.02,47.1,400.0,0.06,511.14,390.0,0.3,-0.745,94.8,0,12.51,511.44
2732,24.51,44.9,420.0,0.28,485.17,370.18,0.53,-0.62,95.1,1,14.14,485.69
2733,24.28,55.8,400.0,0.16,443.85,338.66,0.31,-0.043,95.0,1,16.05,444.16
2734,24.78,54.0,400.0,0.29,390.0,297.57,0.04,-0.438,95.3,1,18.12,390.04
2735,26.16,58.3,400.0,0.04,327.29,249.72,0.52,0.019,94.8,1,20.2,327.82
2736,26.32,57.9,400.0,0.09,260.0,198.38,0.49,-0.102,95.1,1,22.15,260.49
2737,26.8,62.2,434.0,0.28,327.29,249.72,0.72,0.16,94.5,1,23.83,328.01
2738,28.47,58.4,400.0,0.2,390.0,297.57,0.25,0.167,94.4,1,25.15,390.25
2739,28.47,63.7,428.0,0.2,443.85,338.66,0.07,0.24,94.2,1,25.99,443.91
2740,29.47,58.9,449.0,0.03,485.17,370.18,0.69,0.379,93.6,1,26.32,485.85
2741,28.85,54.4,442.0,0.15,511.14,390.0,0.7,0.745,91.6,0,26.09,511.84
2742,29.73,53.9,436.0,0.24,520.0,396.76,0.0,0.478,93.1,1,25.34,520.0
2743,29.51,53.4,400.0,0.0,511.14,390.0,0.38,0.469,93.2,1,24.11,511.53
2744,29.61,49.4,999.0,1.0,630.72,481.24,10.26,0.492,93.1,1,22.49,640.97
2745,27.86,50.1,1005.0,1.0,577.0,440.25,10.99,0.667,92.1,1,20.58,587.99
2746,27.46,43.1,962.0,1.0,507.0,386.84,10.56,0.198,94.3,1,18.52,517.56
2747,27.99,41.2,1023.0,1.0,425.48,324.64,10.2,0.019,94.8,1,16.44,435.68
2748,26.56,39.7,1019.0,1.0,338.0,257.89,10.59,-0.117,95.1,1,14.5,348.59
2749,25.25,40.8,1010.0,1.0,425.48,324.64,10.17,-0.067,95.0,1,12.81,435.65
2750,25.3,41.0,952.0,1.0,507.0,386.84,10.6,-0.449,95.3,1,11.5,517.6
2751,24.23,37.8,1023.0,1.0,577.0,440.25,10.88,-0.585,95.1,1,10.66,587.88
2752,23.65,42.6,1012.0,1.0,630.72,481.24,10.54,-0.526,95.2,1,10.34,641.25
2753,24.53,44.0,975.0,1.0,664.48,507.0,10.52,-0.445,95.3,1,10.57,675.01
2754,23.37,44.6,1001.0,1.0,676.0,515.79,10.04,-0.694,94.9,1,11.32,686.04
2755,22.7,45.0,447.0,0.2,511.14,390.0,0.62,-0.258,95.3,1,12.56,511.76
2756,23.82,50.1,419.0,0.29,485.17,370.18,0.07,-0.296,95.3,1,14.19,485.23
2757,24.07,50.8,439.0,0.06,443.85,338.66,0.57,-0.31,95.3,1,16.1,444.42
2758,23.9,55.2,451.0,0.11,390.0,297.57,0.56,-0.064,95.0,1,18.16,390.56
2759,26.14,55.4,400.0,0.14,327.29,249.72,0.27,-0.117,95.1,1,20.24,327.56
2760,27.21,57.2,400.0,0.17,260.0,198.38,0.96,0.341,93.8,1,22.19,260.96
2761,27.53,56.8,401.0,0.27,327.29,249.72,0.17,-0.081,95.1,1,23.88,327.46
2762,27.99,60.8,400.0,0.22,390.0,297.57,0.3,-0.099,95.1,1,25.19,390.3
2763,28.47,59.3,429.0,0.17,443.85,338.66,0.85,0.092,94.7,1,26.04,444.7
2764,29.07,60.5,412.0,0.28,485.17,370.18,0.95,0.484,93.1,1,26.36,486.12
2765,29.9,60.6,400.0,0.19,511.14,390.0,0.93,0.637,92.3,1,26.14,512.07
2766,28.52,54.2,400.0,0.17,520.0,396.76,0.79,0.69,91.9,1,25.39,520.79
2767,29.45,50.5,400.0,0.04,511.14,390.0,0.12,0.849,90.9,0,24.16,511.26
2768,29.69,51.4,1032.0,1.0,630.72,481.24,10.03,0.33,93.8,1,22.53,640.75
2769,28.02,50.6,1000.0,1.0,577.0,440.25,10.38,0.4,93.5,1,20.62,587.39
2770,28.52,43.5,1017.0,1.0,507.0,386.84,10.75,-0.2,95.2,1,18.56,517.75
2771,28.14,41.5,1001.0,1.0,425.48,324.64,11.0,-0.079,95.0,1,16.49,436.48
2772,26.27,40.9,1051.0,1.0,338.0,257.89,10.84,0.185,94.4,1,14.54,348.84
2773,25.11,43.6,969.0,1.0,425.48,324.64,10.89,-0.192,95.2,1,12.86,436.37
2774,24.75,38.6,971.0,1.0,507.0,386.84,10.4,-0.247,95.2,1,11.55,517.4
2775,24.61,41.4,961.0,1.0,577.0,440.25,10.27,-0.478,95.2,1,10.71,587.27
2776,25.2,40.8,1025.0,1.0,630.72,481.24,10.45,-0.555,95.2,1,10.39,641.16
2777,23.27,45.1,940.0,1.0,664.48,507.0,10.45,-0.56,95.1,1,10.61,674.93
2778,23.19,45.4,946.0,1.0,676.0,515.79,10.6,-0.218,95.2,1,11.37,686.6
2779,23.6,48.4,400.0,0.05,511.14,390.0,0.04,-0.18,95.2,1,12.6,511.18
2780,24.02,49.2,428.0,0.29,485.17,370.18,0.57,-0.555,95.2,1,14.23,485.73
2781,24.42,50.3,424.0,0.25,443.85,338.66,0.16,-0.148,95.1,1,16.14,444.01
2782,24.22,55.7,400.0,0.24,390.0,297.57,0.11,0.014,94.9,1,18.21,390.11
2783,25.16,58.0,400.0,0.1,327.29,249.72,0.47,-0.195,95.2,1,20.29,327.76
2784,26.95,57.2,451.0,0.15,260.0,198.38,0.57,-0.308,95.3,1,22.24,260.57
2785,27.97,59.1,400.0,0.3,327.29,249.72,0.7,0.388,93.6,1,23.93,327.99
2786,27.38,61.0,426.0,0.08,390.0,297.57,0.33,0.008,94.9,1,25.24,390.33
2787,29.28,56.2,426.0,0.27,443.85,338.66,0.93,0.041,94.8,1,26.08,444.77
2788,27.98,58.1,400.0,0.12,485.17,370.18,0.07,0.528,92.9,1,26.41,485.23
2789,29.57,57.5,400.0,0.16,511.14,390.0,0.95,0.371,93.7,1,26.19,512.09
2790,29.37,55.1,425.0,0.08,520.0,396.76,0.71,0.761,91.5,0,25.43,520.71
2791,29.61,54.0,400.0,0.11,511.14,390.0,0.39,0.24,94.2,1,24.2,511.53
2792,28.46,46.5,956.0,1.0,630.72,481.24,10.79,0.346,93.8,1,22.58,641.51
2793,29.06,47.9,997.0,1.0,577.0,440.25,10.56,0.328,93.8,1,20.67,587.56
2794,27.88,42.5,986.0,1.0,507.0,386.84,10.72,0.488,93.1,1,18.61,517.72
2795,26.92,44.8,1029.0,1.0,425.48,324.64,10.08,-0.025,94.9,1,16.54,435.56
2796,26.3,41.0,1022.0,1.0,338.0,257.89,10.34,-0.054,95.0,1,14.59,348.34
2797,26.12,38.5,969.0,1.0,425.48,324.64,10.33,-0.759,94.8,0,12.91,435.81
2798,24.99,37.5,1004.0,1.0,507.0,386.84,10.58,-0.252,95.2,1,11.6,517.58
2799,24.57,41.4,946.0,1.0,577.0,440.25,10.75,-0.809,94.6,0,10.76,587.75
2800,24.27,41.1,971.0,1.0,630.72,481.24,10.19,-0.174,95.2,1,10.44,640.91
2801,23.26,43.7,1048.0,1.0,664.48,507.0,10.74,-0.456,95.2,1,10.66,675.23
2802,23.2,44.0,1003.0,1.0,676.0,515.79,10.61,-0.172,95.2,1,11.42,686.61
2803,24.91,43.1,442.0,0.01,511.14,390.0,0.67,-0.6,95.1,1,12.65,511.81
2804,23.25,52.3,410.0,0.15,485.17,370.18,0.41,-0.409,95.3,1,14.28,485.57
2805,23.33,53.1,419.0,0.04,443.85,338.66,0.18,-0.609,95.1,1,16.19,444.03
2806,24.62,56.4,403.0,0.15,390.0,297.57,0.45,-0.276,95.3,1,18.26,390.45
2807,25.58,53.6,400.0,0.03,327.29,249.72,0.32,-0.079,95.0,1,20.34,327.61
2808,26.88,63.8,413.0,0.06,260.0,198.38,0.44,-0.048,95.0,1,22.29,260.44
2809,26.95,61.1,438.0,0.02,327.29,249.72,0.66,0.28,94.0,1,23.98,327.95
2810,28.39,64.9,424.0,0.02,390.0,297.57,0.13,0.047,94.8,1,25.29,390.13
2811,28.38,59.9,400.0,0.26,443.85,338.66,0.97,0.762,91.5,0,26.13,444.82
2812,29.35,59.6,426.0,0.19,485.17,370.18,0.28,0.505,93.0,1,26.46,485.45
2813,29.95,58.2,400.0,0.05,511.14,390.0,0.9,0.206,94.3,1,26.24,512.04
2814,29.18,52.8,400.0,0.17,520.0,396.76,0.47,0.494,93.1,1,25.49,520.47
2815,29.82,53.9,400.0,0.21,511.14,390.0,0.63,0.364,93.7,1,24.26,511.77
2816,28.51,50.9,401.0,0.06,485.17,370.18,0.54,0.535,92.8,1,22.63,485.7
2817,28.65,48.1,400.0,0.13,443.85,338.66,0.75,0.016,94.9,1,20.72,444.6
2818,28.09,45.1,400.0,0.2,390.0,297.57,0.21,0.233,94.2,1,18.66,390.21
2819,27.33,43.1,419.0,0.18,327.29,249.72,0.88,0.498,93.0,1,16.59,328.17
2820,26.61,44.7,411.0,0.17,260.0,198.38,0.36,0.065,94.7,1,14.64,260.36
2821,25.81,39.6,417.0,0.28,327.29,249.72,0.43,-0.503,95.2,1,12.96,327.73
2822,23.47,39.5,444.0,0.26,390.0,297.57,0.69,-0.215,95.2,1,11.65,390.69
2823,24.45,41.6,401.0,0.28,443.85,338.66,0.22,-0.399,95.3,1,10.81,444.07
2824,23.05,41.9,418.0,0.21,485.17,370.18,0.86,-0.275,95.3,1,10.49,486.02
2825,23.28,43.3,400.0,0.18,511.14,390.0,0.99,-0.395,95.3,1,10.71,512.13
2826,23.88,44.4,411.0,0.07,520.0,396.76,0.21,-0.423,95.3,1,11.47,520.21
2827,23.83,44.7,411.0,0.27,511.14,390.0,0.4,-0.577,95.1,1,12.7,511.54
2828,24.61,47.1,400.0,0.13,485.17,370.18,0.91,-0.809,94.6,0,14.33,486.08
2829,24.54,52.7,400.0,0.08,443.85,338.66,0.88,-0.31,95.3,1,16.25,444.73
2830,24.58,53.4,400.0,0.15,390.0,297.57,0.77,-0.468,95.2,1,18.31,390.77
2831,25.04,57.3,405.0,0.18,327.29,249.72,0.31,0.038,94.8,1,20.39,327.61
2832,27.06,58.5,400.0,0.14,260.0,198.38,0.63,-0.2,95.2,1,22.34,260.63
2833,26.7,62.5,432.0,0.07,327.29,249.72,0.61,0.681,92.0,1,24.03,327.91
2834,27.37,59.2,422.0,0.03,390.0,297.57,0.78,0.028,94.8,1,25.34,390.78
2835,28.61,61.1,408.0,0.3,443.85,338.66,0.71,0.407,93.5,1,26.19,444.56
2836,29.65,56.5,423.0,0.02,485.17,370.18,0.87,0.027,94.8,1,26.51,486.04
2837,29.38,58.5,417.0,0.15,511.14,390.0,0.76,0.865,90.7,0,26.29,511.9
2838,29.29,57.0,429.0,0.07,520.0,396.76,0.69,0.311,93.9,1,25.54,520.69
2839,28.97,55.2,431.0,0.1,511.14,390.0,0.41,0.544,92.8,1,24.31,511.55
2840,29.24,49.6,460.0,0.01,485.17,370.18,0.21,0.535,92.8,1,22.68,485.38
2841,27.67,49.6,427.0,0.16,443.85,338.66,0.14,0.516,92.9,1,20.78,443.99
2842,27.23,48.4,400.0,0.22,390.0,297.57,0.08,0.356,93.7,1,18.72,390.08
2843,26.82,42.3,442.0,0.06,327.29,249.72,0.15,0.098,94.6,1,16.64,327.44
2844,26.05,42.1,400.0,0.18,260.0,198.38,0.29,0.175,94.4,1,14.7,260.29
2845,25.37,41.4,458.0,0.17,327.29,249.72,0.88,-0.116,95.1,1,13.01,328.17
2846,25.42,39.0,400.0,0.13,390.0,297.57,0.28,-0.586,95.1,1,11.7,390.28
2847,24.96,39.7,451.0,0.26,443.85,338.66,0.17,-0.536,95.2,1,10.86,444.01
2848,23.37,40.1,400.0,0.22,485.17,370.18,0.73,-0.219,95.2,1,10.54,485.9
2849,23.4,43.1,448.0,0.29,511.14,390.0,0.64,-0.322,95.3,1,10.77,511.78
2850,23.04,43.3,455.0,0.06,520.0,396.76,0.88,-0.826,94.6,0,11.52,520.88
2851,23.23,45.0,461.0,0.16,511.14,390.0,0.54,-0.576,95.1,1,12.76,511.68
2852,24.09,53.3,447.0,0.05,485.17,370.18,0.58,-0.65,95.0,1,14.39,485.75
2853,24.87,53.2,413.0,0.24,443.85,338.66,0.15,-0.377,95.3,1,16.3,444.0
2854,25.55,52.5,406.0,0.11,390.0,297.57,0.79,-0.312,95.3,1,18.37,390.79
2855,25.67,54.4,412.0,0.21,327.29,249.72,0.41,-0.112,95.1,1,20.44,327.7
2856,25.51,53.8,400.0,0.01,260.0,198.38,0.61,0.197,94.3,1,22.39,260.61
2857,26.52,57.6,400.0,0.05,327.29,249.72,0.86,0.136,94.5,1,24.08,328.16
2858,27.06,57.5,434.0,0.07,390.0,297.57,0.52,0.141,94.5,1,25.4,390.52
2859,29.05,59.7,456.0,0.23,443.85,338.66,0.91,0.494,93.1,1,26.24,444.76
2860,28.7,58.4,400.0,0.04,485.17,370.18,0.61,0.482,93.1,1,26.57,485.77
2861,29.38,54.7,400.0,0.27,511.14,390.0,0.6,0.331,93.8,1,26.35,511.74
2862,30.17,57.0,453.0,0.17,520.0,396.76,0.27,0.328,93.8,1,25.59,520.27
2863,28.77,50.4,400.0,0.03,511.14,390.0,0.1,0.452,93.3,1,24.36,511.25
2864,28.85,52.0,980.0,1.0,630.72,481.24,10.69,0.283,94.0,1,22.74,641.41
2865,28.57,46.0,1040.0,1.0,577.0,440.25,10.43,0.136,94.5,1,20.83,587.43
2866,27.18,47.3,1005.0,1.0,507.0,386.84,10.3,0.414,93.5,1,18.77,517.3
2867,27.59,41.8,1016.0,1.0,425.48,324.64,10.82,0.433,93.4,1,16.7,436.3
2868,27.0,40.1,998.0,1.0,338.0,257.89,10.66,0.357,93.7,1,14.75,348.66
2869,25.96,43.0,1019.0,1.0,425.48,324.64,10.47,-0.15,95.2,1,13.07,435.95
2870,25.25,37.7,969.0,1.0,507.0,386.84,10.84,-0.165,95.2,1,11.76,517.84
2871,24.33,42.6,995.0,1.0,577.0,440.25,10.65,-0.474,95.2,1,10.92,587.65
2872,23.98,40.5,1005.0,1.0,630.72,481.24,10.01,-0.46,95.2,1,10.6,640.73
2873,24.1,40.9,987.0,1.0,664.48,507.0,10.97,-0.663,95.0,1,10.83,675.45
2874,23.94,44.8,1025.0,1.0,676.0,515.79,10.48,-0.293,95.3,1,11.58,686.48
2875,23.7,47.8,455.0,0.14,511.14,390.0,0.69,-0.53,95.2,1,12.82,511.83
2876,23.37,47.3,423.0,0.18,485.17,370.18,0.29,-0.248,95.2,1,14.45,485.45
2877,22.97,52.1,400.0,0.23,443.85,338.66,0.07,-0.193,95.2,1,16.36,443.92
2878,25.56,55.2,400.0,0.06,390.0,297.57,0.02,-0.193,95.2,1,18.42,390.02
2879,26.45,54.5,400.0,0.23,327.29,249.72,0.59,-0.062,95.0,1,20.5,327.88
2880,26.09,60.0,400.0,0.03,260.0,198.38,0.36,-0.187,95.2,1,22.45,260.36
2881,27.74,61.0,400.0,0.27,327.29,249.72,0.04,-0.066,95.0,1,24.14,327.33
2882,26.81,60.6,424.0,0.21,390.0,297.57,0.77,-0.142,95.1,1,25.45,390.77
2883,28.86,60.3,400.0,0.28,443.85,338.66,0.56,0.19,94.4,1,26.3,444.41
2884,29.19,59.1,419.0,0.13,485.17,370.18,0.62,0.262,94.1,1,26.63,485.79
2885,28.96,56.2,439.0,0.21,511.14,390.0,0.14,0.643,92.2,1,26.4,511.28
2886,30.37,55.7,400.0,0.25,520.0,396.76,0.46,0.669,92.1,1,25.65,520.46
2887,29.15,56.4,410.0,0.05,511.14,390.0,0.48,0.462,93.2,1,24.42,511.62
2888,29.45,44.6,1039.0,1.0,630.72,481.24,10.27,0.519,92.9,1,22.8,640.99
2889,29.44,45.9,1002.0,1.0,577.0,440.25,10.96,0.149,94.5,1,20.89,587.96
2890,27.82,43.8,1001.0,1.0,507.0,386.84,10.82,0.191,94.4,1,18.83,517.82
2891,27.6,41.3,988.0,1.0,425.48,324.64,10.56,-0.183,95.2,1,16.76,436.04
2892,26.36,39.3,983.0,1.0,338.0,257.89,10.2,-0.051,95.0,1,14.81,348.2
2893,25.76,40.7,964.0,1.0,425.48,324.64,10.04,-0.167,95.2,1,13.13,435.52
2894,24.39,42.4,982.0,1.0,507.0,386.84,10.85,-0.503,95.2,1,11.82,517.85
2895,24.32,39.5,996.0,1.0,577.0,440.25,10.13,-0.222,95.2,1,10.98,587.14
2896,23.86,44.3,1011.0,1.0,630.72,481.24,10.88,-0.574,95.1,1,10.66,641.6
2897,23.53,46.3,1036.0,1.0,664.48,507.0,10.24,-0.886,94.4,0,10.89,674.73
2898,23.95,46.2,962.0,1.0,676.0,515.79,10.52,-0.687,94.9,1,11.64,686.52
2899,23.61,46.1,400.0,0.0,511.14,390.0,0.44,-0.365,95.3,1,12.88,511.58
2900,23.25,46.8,441.0,0.2,485.17,370.18,0.02,-0.765,94.7,0,14.51,485.18
2901,24.51,52.5,400.0,0.22,443.85,338.66,0.99,-0.333,95.3,1,16.42,444.84
2902,24.57,56.0,419.0,0.0,390.0,297.57,0.95,-0.426,95.3,1,18.48,390.95
2903,25.67,57.6,431.0,0.27,327.29,249.72,0.51,-0.284,95.3,1,20.56,327.81
2904,26.42,61.7,416.0,0.16,260.0,198.38,0.57,-0.173,95.2,1,22.51,260.57
2905,27.49,64.2,401.0,0.25,327.29,249.72,0.85,0.017,94.9,1,24.2,328.14
2906,27.95,62.2,423.0,0.19,390.0,297.57,0.98,0.124,94.6,1,25.52,390.98
2907,28.77,59.9,405.0,0.23,443.85,338.66,0.88,0.517,92.9,1,26.36,444.72
2908,29.02,57.6,400.0,0.17,485.17,370.18,0.05,0.565,92.7,1,26.69,485.22
2909,30.4,55.7,401.0,0.22,511.14,390.0,0.42,0.647,92.2,1,26.47,511.56
2910,29.18,57.6,400.0,0.05,520.0,396.76,0.85,0.499,93.0,1,25.71,520.85
2911,28.98,52.0,407.0,0.03,511.14,390.0,0.69,0.448,93.3,1,24.49,511.83
2912,29.25,49.5,972.0,1.0,630.72,481.24,10.56,0.459,93.2,1,22.86,641.28
2913,28.25,46.9,1033.0,1.0,577.0,440.25,10.57,0.445,93.3,1,20.95,587.57
2914,28.24,46.1,999.0,1.0,507.0,386.84,10.87,0.248,94.2,1,18.89,517.87
2915,26.51,41.9,972.0,1.0,425.48,324.64,10.97,0.108,94.6,1,16.82,436.46
2916,26.42,44.5,981.0,1.0,338.0,257.89,10.91,0.207,94.3,1,14.87,348.91
2917,25.8,37.9,975.0,1.0,425.48,324.64,10.32,-0.137,95.1,1,13.19,435.8
2918,24.29,42.9,970.0,1.0,507.0,386.84,10.4,-0.216,95.2,1,11.88,517.4
2919,24.41,38.5,1048.0,1.0,577.0,440.25,10.88,-0.152,95.2,1,11.04,587.88
2920,22.76,38.5,1038.0,1.0,630.72,481.24,10.67,-0.052,95.0,1,10.72,641.39
2921,23.45,43.3,969.0,1.0,664.48,507.0,10.01,-0.633,95.0,1,10.95,674.49
2922,23.93,45.8,973.0,1.0,676.0,515.79,10.7,-0.554,95.2,1,11.71,686.7
2923,23.01,47.4,400.0,0.14,511.14,390.0,0.68,-0.311,95.3,1,12.94,511.82
2924,23.7,50.0,415.0,0.19,485.17,370.18,0.34,-0.351,95.3,1,14.57,485.51
2925,23.79,53.0,406.0,0.23,443.85,338.66,0.49,-0.409,95.3,1,16.48,444.34
2926,25.17,54.5,412.0,0.2,390.0,297.57,0.04,0.21,94.3,1,18.55,390.04
2927,25.95,55.1,400.0,0.08,327.29,249.72,0.25,0.041,94.8,1,20.63,327.54
2928,26.59,56.3,400.0,0.11,260.0,198.38,0.57,-0.115,95.1,1,22.58,260.57
2929,27.47,60.3,400.0,0.03,327.29,249.72,0.09,-0.032,95.0,1,24.27,327.39
2930,27.48,61.0,423.0,0.11,390.0,297.57,0.19,0.299,94.0,1,25.58,390.19
2931,28.39,61.5,469.0,0.24,443.85,338.66,0.8,0.429,93.4,1,26.43,444.65
2932,28.33,57.6,400.0,0.08,485.17,370.18,0.13,0.389,93.6,1,26.75,485.3
2933,28.75,59.6,437.0,0.15,511.14,390.0,0.2,0.494,93.1,1,26.53,511.34
2934,29.22,59.2,419.0,0.09,520.0,396.76,0.58,0.574,92.6,1,25.78,520.58
2935,29.8,52.9,400.0,0.13,511.14,390.0,0.07,0.461,93.2,1,24.55,511.21
2936,28.47,47.5,1014.0,1.0,630.72,481.24,10.39,0.435,93.4,1,22.93,641.11
2937,28.58,45.6,1006.0,1.0,577.0,440.25,10.81,0.15,94.5,1,21.02,587.81
2938,27.37,44.3,1007.0,1.0,507.0,386.84,10.47,0.495,93.1,1,18.96,517.47
2939,26.48,39.2,1022.0,1.0,425.48,324.64,10.04,-0.055,95.0,1,16.88,435.53
2940,26.99,41.8,1054.0,1.0,338.0,257.89,10.61,0.279,94.0,1,14.94,348.61
2941,26.09,41.3,1021.0,1.0,425.48,324.64,10.3,0.115,94.6,1,13.26,435.78
2942,24.4,40.7,1004.0,1.0,507.0,386.84,10.07,-0.325,95.3,1,11.95,517.07
2943,24.0,37.4,983.0,1.0,577.0,440.25,10.91,-0.066,95.0,1,11.11,587.91
2944,23.78,37.2,998.0,1.0,630.72,481.24,10.17,-0.368,95.3,1,10.79,640.89
2945,22.89,44.0,1009.0,1.0,664.48,507.0,10.4,-0.607,95.1,1,11.02,674.89
2946,23.54,48.9,992.0,1.0,676.0,515.79,10.37,-0.397,95.3,1,11.77,686.37
2947,22.59,49.8,424.0,0.24,511.14,390.0,0.38,-0.592,95.1,1,13.01,511.52
2948,23.42,49.5,453.0,0.05,485.17,370.18,0.35,-0.509,95.2,1,14.64,485.52
2949,23.98,50.4,400.0,0.16,443.85,338.66,0.21,-0.427,95.3,1,16.55,444.06
2950,25.0,53.4,400.0,0.23,390.0,297.57,0.38,-0.159,95.2,1,18.61,390.38
2951,26.13,57.7,452.0,0.11,327.29,249.72,0.12,-0.078,95.0,1,20.69,327.41
2952,25.74,57.3,404.0,0.05,260.0,198.38,0.89,0.213,94.3,1,22.64,260.89
2953,26.97,58.8,436.0,0.18,327.29,249.72,0.78,0.432,93.4,1,24.33,328.07
2954,28.05,59.9,400.0,0.22,390.0,297.57,0.65,0.345,93.8,1,25.65,390.65
2955,28.34,62.1,414.0,0.13,443.85,338.66,0.96,0.575,92.6,1,26.49,444.81
2956,28.75,61.5,400.0,0.22,485.17,370.18,0.88,0.466,93.2,1,26.82,486.05
2957,29.55,60.3,400.0,0.2,511.14,390.0,0.5,0.365,93.7,1,26.6,511.64
2958,28.32,52.8,400.0,0.07,520.0,396.76,0.75,0.508,93.0,1,25.85,520.75
2959,29.03,52.5,449.0,0.27,511.14,390.0,0.09,0.55,92.8,1,24.62,511.23
2960,28.87,51.3,986.0,1.0,630.72,481.24,10.88,0.735,91.6,0,22.99,641.59
2961,28.35,46.8,1034.0,1.0,577.0,440.25,10.99,0.192,94.4,1,21.09,587.99
2962,27.35,44.2,1002.0,1.0,507.0,386.84,10.63,0.228,94.2,1,19.03,517.63
2963,27.46,46.4,1054.0,1.0,425.48,324.64,10.45,0.169,94.4,1,16.95,435.93
2964,26.38,46.3,1019.0,1.0,338.0,257.89,10.85,0.148,94.5,1,15.01,348.85
2965,23.8,38.7,961.0,1.0,425.48,324.64,10.15,-0.173,95.2,1,13.32,435.63
2966,25.04,38.3,1004.0,1.0,507.0,386.84,10.73,-0.342,95.3,1,12.02,517.73
2967,24.04,38.0,995.0,1.0,577.0,440.25,10.12,-0.526,95.2,1,11.18,587.12
2968,24.07,40.5,1019.0,1.0,630.72,481.24,10.17,-0.546,95.2,1,10.86,640.88
2969,24.0,46.0,1006.0,1.0,664.48,507.0,10.48,-0.05,95.0,1,11.08,674.96
2970,23.27,43.2,955.0,1.0,676.0,515.79,10.17,-0.529,95.2,1,11.84,686.17
2971,22.95,47.4,400.0,0.1,511.14,390.0,0.78,-0.171,95.2,1,13.07,511.92
2972,24.09,54.4,400.0,0.28,485.17,370.18,0.58,-0.374,95.3,1,14.7,485.74
2973,24.85,52.9,400.0,0.28,443.85,338.66,0.69,-0.444,95.3,1,16.62,444.54
2974,24.89,56.5,410.0,0.17,390.0,297.57,0.46,0.045,94.8,1,18.68,390.46
2975,25.42,55.7,422.0,0.27,327.29,249.72,0.73,0.075,94.7,1,20.76,328.02
2976,26.7,57.9,417.0,0.14,260.0,198.38,0.76,-0.007,94.9,1,22.71,260.76
2977,26.57,60.8,400.0,0.29,327.29,249.72,0.76,-0.086,95.1,1,24.4,328.06
2978,27.77,62.1,416.0,0.19,390.0,297.57,0.98,0.318,93.9,1,25.72,390.98
2979,28.12,56.8,441.0,0.15,443.85,338.66,0.5,0.601,92.5,1,26.56,444.34
2980,29.1,59.4,405.0,0.1,485.17,370.18,0.5,0.648,92.2,1,26.89,485.67
2981,29.01,56.6,400.0,0.13,511.14,390.0,0.64,0.527,92.9,1,26.67,511.78
2982,29.13,52.1,400.0,0.06,520.0,396.76,0.34,0.697,91.9,1,25.92,520.34
2983,29.39,52.1,427.0,0.02,511.14,390.0,0.57,0.373,93.6,1,24.69,511.71
2984,29.5,51.3,410.0,0.19,485.17,370.18,0.04,0.594,92.5,1,23.06,485.21
2985,28.65,48.2,400.0,0.06,443.85,338.66,0.75,0.429,93.4,1,21.16,444.6
2986,28.12,47.4,405.0,0.02,390.0,297.57,0.12,0.276,94.0,1,19.1,390.12
2987,27.51,44.4,400.0,0.24,327.29,249.72,0.64,0.574,92.6,1,17.02,327.93
2988,26.05,39.8,400.0,0.04,260.0,198.38,0.81,0.07,94.7,1,15.08,260.81
2989,25.53,39.0,401.0,0.07,327.29,249.72,0.6,-0.433,95.3,1,13.39,327.9
2990,24.65,42.0,406.0,0.06,390.0,297.57,0.13,-0.08,95.0,1,12.09,390.13
2991,24.08,41.6,400.0,0.24,443.85,338.66,0.47,0.186,94.4,1,11.25,444.32
2992,23.42,42.9,400.0,0.01,485.17,370.18,0.5,-0.633,95.0,1,10.93,485.67
2993,23.22,42.0,452.0,0.27,511.14,390.0,0.51,-0.425,95.3,1,11.15,511.65
2994,23.05,47.9,400.0,0.28,520.0,396.76,0.34,-0.508,95.2,1,11.91,520.34
2995,22.93,47.0,407.0,0.13,511.14,390.0,0.97,-0.361,95.3,1,13.15,512.11
2996,22.36,55.0,418.0,0.09,485.17,370.18,0.32,-0.514,95.2,1,14.78,485.48
2997,24.08,52.5,400.0,0.2,443.85,338.66,0.08,-0.281,95.3,1,16.69,443.92
2998,25.46,55.4,400.0,0.27,390.0,297.57,0.8,-0.495,95.2,1,18.76,390.8
2999,25.67,59.6,400.0,0.05,327.29,249.72,0.33,0.101,94.6,1,20.83,327.63
3000,26.1,56.7,400.0,0.09,260.0,198.38,0.1,-0.053,95.0,1,22.79,260.1
3001,26.29,59.6,443.0,0.05,327.29,249.72,0.02,0.557,92.7,1,24.47,327.31
3002,27.24,58.2,400.0,0.05,390.0,297.57,0.05,0.494,93.1,1,25.79,390.05
3003,27.38,60.0,400.0,0.11,443.85,338.66,0.44,0.27,94.1,1,26.64,444.29
3004,28.97,56.0,400.0,0.05,485.17,370.18,0.86,0.648,92.2,1,26.96,486.03
3005,28.67,60.2,411.0,0.27,511.14,390.0,0.26,0.724,91.7,0,26.74,511.4
3006,29.73,57.1,400.0,0.28,520.0,396.76,0.55,0.299,94.0,1,25.99,520.55
3007,27.9,52.5,422.0,0.12,511.14,390.0,0.18,0.324,93.9,1,24.76,511.32
3008,28.49,51.5,400.0,0.19,485.17,370.18,0.57,0.337,93.8,1,23.14,485.73
3009,28.78,48.9,448.0,0.21,443.85,338.66,0.84,-0.063,95.0,1,21.23,444.69
3010,27.0,46.9,400.0,0.21,390.0,297.57,0.67,0.323,93.9,1,19.17,390.67
3011,26.27,41.4,410.0,0.2,327.29,249.72,0.45,0.367,93.7,1,17.1,327.75
3012,25.85,42.7,410.0,0.1,260.0,198.38,0.71,0.078,94.7,1,15.15,260.71
3013,24.8,38.6,426.0,0.13,327.29,249.72,0.63,0.031,94.8,1,13.47,327.93
3014,24.43,42.1,400.0,0.02,390.0,297.57,0.49,-0.186,95.2,1,12.16,390.49
3015,22.88,41.2,400.0,0.12,443.85,338.66,0.12,-0.273,95.3,1,11.32,443.96
3016,24.12,40.2,400.0,0.09,485.17,370.18,0.56,-0.841,94.5,0,11.0,485.73
3017,23.62,45.5,434.0,0.18,511.14,390.0,0.05,-0.317,95.3,1,11.23,511.19
3018,22.85,47.4,400.0,0.27,520.0,396.76,0.06,-0.456,95.2,1,11.98,520.06
3019,22.29,45.7,451.0,0.09,511.14,390.0,0.23,-0.485,95.2,1,13.22,511.37
3020,23.07,47.5,461.0,0.18,485.17,370.18,0.07,-0.557,95.1,1,14.85,485.24
3021,24.36,50.3,400.0,0.29,443.85,338.66,0.17,-0.533,95.2,1,16.76,444.01
3022,25.0,54.9,464.0,0.14,390.0,297.57,0.56,-0.247,95.2,1,18.83,390.56
3023,25.01,55.6,400.0,0.12,327.29,249.72,0.39,-0.064,95.0,1,20.91,327.69
3024,26.33,58.8,407.0,0.17,260.0,198.38,0.61,-0.179,95.2,1,22.86,260.61
3025,26.11,61.7,411.0,0.27,327.29,249.72,0.1,0.371,93.7,1,24.55,327.4
3026,27.55,63.5,442.0,0.02,390.0,297.57,0.75,0.108,94.6,1,25.86,390.75
3027,27.57,56.8,433.0,0.17,443.85,338.66,0.21,0.365,93.7,1,26.71,444.06
3028,28.87,54.1,400.0,0.08,485.17,370.18,0.78,0.593,92.5,1,27.03,485.95
3029,28.77,56.8,400.0,0.27,511.14,390.0,0.67,0.298,94.0,1,26.81,511.81
3030,28.95,53.0,412.0,0.06,520.0,396.76,0.83,0.091,94.7,1,26.06,520.83
3031,28.98,51.7,419.0,0.11,511.14,390.0,0.73,0.419,93.4,1,24.84,511.87
3032,27.79,50.1,1038.0,1.0,630.72,481.24,10.07,0.465,93.2,1,23.21,640.79
3033,28.22,49.5,1049.0,1.0,577.0,440.25,10.79,0.554,92.7,1,21.31,587.8
3034,28.16,45.6,992.0,1.0,507.0,386.84,10.67,0.209,94.3,1,19.25,517.67
3035,26.91,42.1,984.0,1.0,425.48,324.64,10.67,0.207,94.3,1,17.17,436.15
3036,26.62,42.1,1014.0,1.0,338.0,257.89,10.51,0.3,94.0,1,15.23,348.51
3037,25.11,40.4,961.0,1.0,425.48,324.64,10.65,-0.285,95.3,1,13.54,436.13
3038,24.71,39.4,1047.0,1.0,507.0,386.84,10.67,-0.154,95.2,1,12.24,517.67
3039,24.15,38.2,976.0,1.0,577.0,440.25,10.84,-0.118,95.1,1,11.4,587.84
3040,23.81,40.3,1004.0,1.0,630.72,481.24,10.26,-0.589,95.1,1,11.08,640.97
3041,23.66,43.7,960.0,1.0,664.48,507.0,10.85,-0.609,95.1,1,11.3,675.33
3042,22.39,45.8,979.0,1.0,676.0,515.79,10.54,-0.453,95.2,1,12.06,686.54
3043,22.8,44.8,419.0,0.27,511.14,390.0,0.8,-0.701,94.9,0,13.3,511.94
3044,23.73,48.8,400.0,0.14,485.17,370.18,0.36,-0.676,94.9,1,14.93,485.53
3045,24.15,50.2,400.0,0.22,443.85,338.66,0.1,-0.432,95.3,1,16.84,443.95
3046,24.57,56.3,451.0,0.08,390.0,297.57,0.1,-0.437,95.3,1,18.91,390.1
3047,26.62,56.9,414.0,0.23,327.29,249.72,0.87,-0.22,95.2,1,20.99,328.17
3048,26.13,56.7,400.0,0.19,260.0,198.38,0.58,0.0,94.9,1,22.94,260.58
3049,27.0,58.6,400.0,0.16,327.29,249.72,0.97,0.415,93.4,1,24.63,328.26
3050,26.9,55.4,437.0,0.14,390.0,297.57,0.97,0.355,93.7,1,25.94,390.97
3051,28.67,58.9,451.0,0.21,443.85,338.66,0.68,0.388,93.6,1,26.79,444.53
3052,28.72,59.7,400.0,0.03,485.17,370.18,0.75,0.163,94.5,1,27.11,485.92
3053,29.0,58.3,400.0,0.08,511.14,390.0,0.13,0.118,94.6,1,26.89,511.28
3054,30.02,54.2,426.0,0.08,520.0,396.76,0.08,0.414,93.5,1,26.14,520.08
3055,28.88,52.9,400.0,0.1,511.14,390.0,0.61,0.623,92.3,1,24.91,511.75
3056,29.22,51.4,1029.0,1.0,630.72,481.24,10.46,0.795,91.2,0,23.29,641.17
3057,28.74,49.8,983.0,1.0,577.0,440.25,10.5,0.404,93.5,1,21.38,587.5
3058,27.47,44.9,1041.0,1.0,507.0,386.84,10.87,0.562,92.7,1,19.32,517.87
3059,26.12,44.7,959.0,1.0,425.48,324.64,10.02,-0.047,95.0,1,17.25,435.5
3060,25.74,39.6,992.0,1.0,338.0,257.89,10.84,0.041,94.8,1,15.31,348.84
3061,25.83,41.4,992.0,1.0,425.48,324.64,10.9,-0.42,95.3,1,13.62,436.38
3062,24.36,40.5,1021.0,1.0,507.0,386.84,10.07,-0.371,95.3,1,12.32,517.07
3063,23.3,36.7,1000.0,1.0,577.0,440.25,10.33,-0.113,95.1,1,11.47,587.33
3064,23.52,40.9,992.0,1.0,630.72,481.24,10.92,-0.533,95.2,1,11.16,641.63
3065,22.61,45.2,989.0,1.0,664.48,507.0,10.39,-0.649,95.0,1,11.38,674.87
3066,22.58,42.3,942.0,1.0,676.0,515.79,10.67,-0.702,94.9,0,12.14,686.67
3067,22.64,47.5,400.0,0.22,511.14,390.0,0.38,-0.316,95.3,1,13.38,511.52
3068,23.93,51.0,400.0,0.13,485.17,370.18,0.17,-0.297,95.3,1,15.01,485.33
3069,24.54,54.0,415.0,0.25,443.85,338.66,0.97,-0.351,95.3,1,16.92,444.82
3070,23.85,55.1,400.0,0.19,390.0,297.57,0.56,-0.241,95.2,1,18.99,390.56
3071,25.36,55.8,421.0,0.03,327.29,249.72,0.79,-0.418,95.3,1,21.07,328.09
3072,26.29,60.1,400.0,0.01,260.0,198.38,0.24,-0.154,95.2,1,23.02,260.24
3073,26.46,59.5,400.0,0.1,327.29,249.72,0.29,0.285,94.0,1,24.71,327.58
3074,27.12,57.5,400.0,0.03,390.0,297.57,0.58,0.283,94.0,1,26.02,390.58
3075,28.97,59.5,400.0,0.26,443.85,338.66,0.84,0.376,93.6,1,26.87,444.69
3076,27.99,55.4,403.0,0.2,485.17,370.18,0.29,0.564,92.7,1,27.19,485.46
3077,29.22,57.7,400.0,0.1,511.14,390.0,0.23,0.398,93.5,1,26.97,511.37
3078,29.24,55.2,414.0,0.2,520.0,396.76,0.87,0.813,91.1,0,26.22,520.87
3079,30.11,50.7,405.0,0.26,511.14,390.0,0.93,0.196,94.3,1,24.99,512.07
3080,29.18,55.2,1015.0,1.0,630.72,481.24,10.89,0.593,92.5,1,23.37,641.6
3081,27.35,45.6,1035.0,1.0,577.0,440.25,10.84,0.477,93.1,1,21.46,587.84
3082,26.89,46.1,1058.0,1.0,507.0,386.84,10.19,0.318,93.9,1,19.4,517.19
3083,26.44,43.1,991.0,1.0,425.48,324.64,10.77,-0.352,95.3,1,17.33,436.25
3084,26.04,40.4,977.0,1.0,338.0,257.89,10.34,0.087,94.7,1,15.39,348.34
3085,24.35,39.7,987.0,1.0,425.48,324.64,10.47,-0.25,95.2,1,13.7,435.95
3086,24.68,38.5,1045.0,1.0,507.0,386.84,10.85,0.035,94.8,1,12.4,517.85
3087,24.01,41.0,970.0,1.0,577.0,440.25,10.48,-0.54,95.2,1,11.56,587.48
3088,23.18,44.2,1077.0,1.0,630.72,481.24,10.27,-0.296,95.3,1,11.24,640.99
3089,23.68,46.3,1004.0,1.0,664.48,507.0,10.74,-0.594,95.1,1,11.47,675.22
3090,23.28,45.9,1011.0,1.0,676.0,515.79,10.07,-0.832,94.6,0,12.22,686.07
3091,23.69,45.5,447.0,0.02,511.14,390.0,0.13,-0.51,95.2,1,13.46,511.27
3092,24.7,50.4,400.0,0.19,485.17,370.18,0.27,-0.309,95.3,1,15.09,485.44
3093,23.41,52.4,412.0,0.16,443.85,338.66,0.78,-0.398,95.3,1,17.0,444.62
3094,24.74,55.4,437.0,0.04,390.0,297.57,0.17,-0.239,95.2,1,19.07,390.17
3095,24.92,54.0,400.0,0.08,327.29,249.72,0.01,-0.064,95.0,1,21.15,327.31
3096,26.34,55.1,400.0,0.13,260.0,198.38,0.82,0.121,94.6,1,23.1,260.82
3097,26.55,62.0,407.0,0.23,327.29,249.72,0.64,-0.054,95.0,1,24.79,327.93
3098,27.29,59.8,400.0,0.01,390.0,297.57,0.95,0.573,92.6,1,26.1,390.95
3099,27.57,59.0,413.0,0.17,443.85,338.66,0.12,0.224,94.2,1,26.95,443.97
3100,28.83,59.3,400.0,0.12,485.17,370.18,0.75,0.515,92.9,1,27.28,485.91
3101,29.72,54.5,430.0,0.29,511.14,390.0,0.46,0.762,91.5,0,27.06,511.6
3102,28.45,58.5,428.0,0.07,520.0,396.76,0.92,0.33,93.8,1,26.31,520.92
3103,27.85,50.5,400.0,0.19,511.14,390.0,0.85,0.564,92.7,1,25.08,511.99
3104,28.91,47.2,988.0,1.0,630.72,481.24,10.04,0.304,93.9,1,23.45,640.76
3105,28.73,50.4,965.0,1.0,577.0,440.25,10.45,0.132,94.5,1,21.55,587.45
3106,28.75,51.1,1012.0,1.0,507.0,386.84,10.64,0.522,92.9,1,19.49,517.64
3107,26.67,41.1,965.0,1.0,425.48,324.64,10.96,0.135,94.5,1,17.42,436.44
3108,25.89,42.5,1032.0,1.0,338.0,257.89,10.64,-0.042,95.0,1,15.47,348.64
3109,25.48,46.6,952.0,1.0,425.48,324.64,10.52,-0.204,95.2,1,13.79,436.01
3110,24.02,36.6,997.0,1.0,507.0,386.84,10.39,-0.328,95.3,1,12.48,517.39
3111,23.47,40.4,977.0,1.0,577.0,440.25,10.38,-0.692,94.9,1,11.64,587.38
3112,23.8,43.2,987.0,1.0,630.72,481.24,10.26,-0.185,95.2,1,11.32,640.98
3113,22.36,41.5,985.0,1.0,664.48,507.0,10.07,-0.345,95.3,1,11.55,674.56
3114,22.44,47.2,1000.0,1.0,676.0,515.79,10.08,-0.89,94.4,0,12.31,686.08
3115,22.3,48.2,400.0,0.04,511.14,390.0,0.89,-0.459,95.2,1,13.54,512.03
3116,22.98,47.4,400.0,0.14,485.17,370.18,0.36,-0.325,95.3,1,15.17,485.53
3117,23.64,49.6,452.0,0.01,443.85,338.66,0.38,-0.317,95.3,1,17.09,444.23
3118,24.3,53.3,402.0,0.0,390.0,297.57,0.31,-0.12,95.1,1,19.15,390.31
3119,25.04,55.8,448.0,0.21,327.29,249.72,0.74,0.06,94.7,1,21.23,328.03
3120,26.31,58.5,400.0,0.18,260.0,198.38,0.87,-0.016,94.9,1,23.18,260.87
3121,26.62,63.4,400.0,0.11,327.29,249.72,0.35,0.177,94.4,1,24.87,327.64
3122,27.02,58.9,400.0,0.14,390.0,297.57,0.2,0.124,94.6,1,26.19,390.2
3123,27.45,60.0,415.0,0.17,443.85,338.66,0.64,0.816,91.1,0,27.04,444.49
3124,28.33,62.5,446.0,0.06,485.17,370.18,0.8,0.807,91.2,0,27.36,485.97
3125,29.78,59.4,433.0,0.25,511.14,390.0,0.65,0.343,93.8,1,27.14,511.79
3126,29.04,55.5,420.0,0.18,520.0,396.76,0.55,0.497,93.0,1,26.39,520.55
3127,29.66,52.5,440.0,0.16,511.14,390.0,0.77,0.319,93.9,1,25.16,511.91
3128,27.47,47.3,1023.0,1.0,630.72,481.24,10.82,0.695,91.9,1,23.54,641.54
3129,27.56,47.4,1029.0,1.0,577.0,440.25,10.54,0.444,93.3,1,21.63,587.54
3130,26.49,50.0,1025.0,1.0,507.0,386.84,10.52,0.24,94.2,1,19.57,517.52
3131,26.61,41.9,1027.0,1.0,425.48,324.64,10.4,0.297,94.0,1,17.5,435.88
3132,26.13,43.7,969.0,1.0,338.0,257.89,10.12,-0.135,95.1,1,15.56,348.12
3133,25.59,39.1,983.0,1.0,425.48,324.64,10.17,-0.215,95.2,1,13.87,435.65
3134,24.77,41.7,1055.0,1.0,507.0,386.84,10.25,-0.408,95.3,1,12.57,517.25
3135,24.25,42.3,982.0,1.0,577.0,440.25,10.63,-0.124,95.1,1,11.73,587.63
3136,23.18,40.0,968.0,1.0,630.72,481.24,10.38,-0.578,95.1,1,11.41,641.1
3137,22.71,41.3,1017.0,1.0,664.48,507.0,10.45,-0.67,95.0,1,11.64,674.94
3138,22.42,45.9,995.0,1.0,676.0,515.79,10.22,-0.316,95.3,1,12.39,686.22
3139,23.77,48.4,446.0,0.22,511.14,390.0,0.24,-0.956,94.1,0,13.63,511.38
3140,23.68,51.3,400.0,0.07,485.17,370.18,0.64,-0.396,95.3,1,15.26,485.8
3141,23.57,52.2,400.0,0.06,443.85,338.66,0.97,-0.28,95.3,1,17.17,444.82
3142,24.4,52.4,459.0,0.26,390.0,297.57,0.04,-0.142,95.1,1,19.24,390.04
3143,25.61,56.5,400.0,0.21,327.29,249.72,0.39,-0.371,95.3,1,21.32,327.68
3144,25.52,56.2,400.0,0.12,260.0,198.38,0.55,0.15,94.5,1,23.27,260.55
3145,26.78,60.7,400.0,0.19,327.29,249.72,0.78,-0.304,95.3,1,24.96,328.07
3146,27.27,57.8,400.0,0.28,390.0,297.57,0.58,0.16,94.5,1,26.28,390.58
3147,28.62,58.2,415.0,0.29,443.85,338.66,0.57,0.301,94.0,1,27.12,444.42
3148,28.31,58.5,400.0,0.05,485.17,370.18,0.16,0.741,91.6,0,27.45,485.33
3149,29.11,60.1,418.0,0.1,511.14,390.0,0.19,0.462,93.2,1,27.23,511.33
3150,28.37,53.0,400.0,0.14,520.0,396.76,0.11,0.801,91.2,0,26.48,520.11
3151,28.21,51.7,422.0,0.26,511.14,390.0,0.98,0.6,92.5,1,25.25,512.12
3152,27.84,49.5,400.0,0.07,485.17,370.18,0.1,0.954,90.1,0,23.63,485.26
3153,28.46,48.7,400.0,0.14,443.85,338.66,0.31,0.266,94.1,1,21.72,444.16
3154,27.67,43.6,419.0,0.02,390.0,297.57,0.41,0.204,94.3,1,19.66,390.41
3155,27.29,40.8,427.0,0.1,327.29,249.72,0.24,0.374,93.6,1,17.59,327.53
3156,26.16,40.0,403.0,0.23,260.0,198.38,0.53,0.192,94.4,1,15.65,260.53
3157,25.13,41.2,400.0,0.26,327.29,249.72,0.77,0.038,94.8,1,13.96,328.06
3158,24.21,36.8,400.0,0.07,390.0,297.57,0.95,-0.126,95.1,1,12.66,390.95
3159,24.23,42.3,412.0,0.13,443.85,338.66,0.12,-0.343,95.3,1,11.82,443.97
3160,23.55,42.6,442.0,0.15,485.17,370.18,0.7,-0.719,94.9,0,11.5,485.87
3161,22.54,43.9,416.0,0.01,511.14,390.0,0.24,-0.754,94.8,0,11.73,511.38
3162,22.55,45.4,400.0,0.19,520.0,396.76,0.93,-0.418,95.3,1,12.48,520.93
3163,23.02,47.1,400.0,0.07,511.14,390.0,0.56,-0.735,94.8,0,13.72,511.7
3164,23.24,47.9,400.0,0.17,485.17,370.18,0.38,-0.301,95.3,1,15.35,485.55
3165,24.1,51.2,400.0,0.21,443.85,338.66,0.06,-0.39,95.3,1,17.26,443.91
3166,24.66,53.6,400.0,0.16,390.0,297.57,0.99,0.002,94.9,1,19.33,390.99
3167,24.66,53.8,412.0,0.05,327.29,249.72,0.78,-0.006,94.9,1,21.41,328.07
3168,25.28,61.3,420.0,0.01,260.0,198.38,0.64,-0.144,95.1,1,23.36,260.64
3169,25.77,57.0,415.0,0.11,327.29,249.72,0.2,0.3,94.0,1,25.05,327.49
3170,27.31,59.0,400.0,0.06,390.0,297.57,0.62,0.376,93.6,1,26.37,390.62
3171,28.84,59.1,400.0,0.06,443.85,338.66,0.03,0.384,93.6,1,27.21,443.88
3172,28.3,59.5,400.0,0.26,485.17,370.18,0.29,0.611,92.4,1,27.54,485.46
3173,28.7,56.5,400.0,0.18,511.14,390.0,0.96,0.339,93.8,1,27.32,512.1
3174,28.93,54.0,417.0,0.13,520.0,396.76,0.94,0.391,93.6,1,26.57,520.94
3175,28.71,55.0,414.0,0.18,511.14,390.0,0.43,0.304,93.9,1,25.34,511.57
3176,27.79,57.0,400.0,0.11,485.17,370.18,0.83,0.019,94.8,1,23.72,486.0
3177,27.58,52.1,449.0,0.12,443.85,338.66,0.23,0.082,94.7,1,21.81,444.07
3178,27.17,45.6,407.0,0.05,390.0,297.57,0.64,0.177,94.4,1,19.75,390.64
3179,27.36,39.9,422.0,0.19,327.29,249.72,0.16,0.099,94.6,1,17.68,327.46
3180,26.39,38.1,416.0,0.1,260.0,198.38,0.15,0.173,94.4,1,15.74,260.15
3181,24.44,42.4,400.0,0.04,327.29,249.72,0.86,-0.426,95.3,1,14.05,328.15
3182,24.96,40.1,422.0,0.06,390.0,297.57,0.68,-0.436,95.3,1,12.75,390.68
3183,24.54,40.5,444.0,0.17,443.85,338.66,0.61,-0.419,95.3,1,11.91,444.46
3184,23.41,41.7,400.0,0.15,485.17,370.18,0.95,-0.457,95.2,1,11.59,486.12
3185,22.58,41.2,400.0,0.03,511.14,390.0,0.43,-0.354,95.3,1,11.82,511.57
3186,22.81,44.6,413.0,0.14,520.0,396.76,0.08,-0.8,94.7,0,12.58,520.08
3187,23.66,48.0,402.0,0.12,511.14,390.0,0.03,-0.156,95.2,1,13.81,511.17
3188,22.61,52.8,415.0,0.27,485.17,370.18,0.25,-0.493,95.2,1,15.44,485.41
3189,23.44,55.4,400.0,0.23,443.85,338.66,0.23,-0.05,95.0,1,17.36,444.08
3190,24.47,56.0,421.0,0.1,390.0,297.57,0.22,-0.098,95.1,1,19.42,390.22
3191,24.81,55.8,400.0,0.01,327.29,249.72,0.6,-0.377,95.3,1,21.5,327.89
3192,24.92,58.8,400.0,0.18,260.0,198.38,0.69,-0.145,95.1,1,23.45,260.69
3193,25.96,62.0,409.0,0.23,327.29,249.72,0.8,-0.341,95.3,1,25.15,328.09
3194,26.57,63.7,400.0,0.26,390.0,297.57,0.1,0.016,94.9,1,26.46,390.1
3195,27.66,62.4,402.0,0.22,443.85,338.66,0.88,0.304,93.9,1,27.31,444.73
3196,29.25,57.8,432.0,0.29,485.17,370.18,0.55,0.3,94.0,1,27.63,485.71
3197,29.34,59.7,400.0,0.24,511.14,390.0,0.72,0.234,94.2,1,27.41,511.86
3198,28.77,54.2,400.0,0.12,520.0,396.76,0.66,0.387,93.6,1,26.66,520.66
3199,28.97,55.2,400.0,0.13,511.14,390.0,0.53,0.324,93.9,1,25.44,511.67
3200,28.43,53.1,1005.0,1.0,630.72,481.24,10.18,0.246,94.2,1,23.81,640.89
3201,27.77,49.5,1039.0,1.0,577.0,440.25,10.93,0.385,93.6,1,21.91,587.93
3202,27.26,44.3,969.0,1.0,507.0,386.84,10.26,-0.107,95.1,1,19.85,517.26
3203,26.35,41.2,986.0,1.0,425.48,324.64,10.74,0.292,94.0,1,17.78,436.22
3204,25.1,41.0,1031.0,1.0,338.0,257.89,10.48,-0.027,94.9,1,15.83,348.48
3205,24.97,41.7,1043.0,1.0,425.48,324.64,10.54,-0.058,95.0,1,14.15,436.02
3206,23.83,38.4,998.0,1.0,507.0,386.84,10.04,-0.304,95.3,1,12.84,517.04
3207,23.35,36.7,972.0,1.0,577.0,440.25,10.62,-0.435,95.3,1,12.0,587.62
3208,23.36,44.0,987.0,1.0,630.72,481.24,10.03,-0.781,94.7,0,11.68,640.74
3209,22.03,40.1,1016.0,1.0,664.48,507.0,10.74,0.056,94.8,1,11.91,675.23
3210,22.16,45.0,980.0,1.0,676.0,515.79,10.65,-0.364,95.3,1,12.67,686.65
3211,22.81,47.7,400.0,0.24,511.14,390.0,0.33,-0.512,95.2,1,13.91,511.47
3212,22.52,48.0,400.0,0.16,485.17,370.18,0.76,-0.331,95.3,1,15.54,485.92
3213,23.27,51.8,428.0,0.08,443.85,338.66,0.86,-0.397,95.3,1,17.45,444.71
3214,24.64,57.7,405.0,0.12,390.0,297.57,0.08,-0.474,95.2,1,19.52,390.08
3215,24.79,53.3,400.0,0.28,327.29,249.72,0.81,-0.343,95.3,1,21.6,328.1
3216,25.33,60.6,403.0,0.14,260.0,198.38,0.92,0.309,93.9,1,23.55,260.92
3217,26.87,59.6,414.0,0.23,327.29,249.72,0.72,0.084,94.7,1,25.24,328.01
3218,26.33,58.4,400.0,0.19,390.0,297.57,0.4,0.421,93.4,1,26.55,390.4
3219,27.09,60.5,413.0,0.16,443.85,338.66,0.2,0.513,93.0,1,27.4,444.05
3220,27.6,58.0,438.0,0.16,485.17,370.18,0.59,0.383,93.6,1,27.73,485.76
3221,28.25,57.7,400.0,0.2,511.14,390.0,0.12,0.46,93.2,1,27.51,511.26
3222,27.9,57.0,400.0,0.27,520.0,396.76,0.91,0.365,93.7,1,26.76,520.91
3223,29.51,54.8,433.0,0.05,511.14,390.0,0.27,0.499,93.0,1,25.53,511.41
3224,26.98,49.6,944.0,1.0,630.72,481.24,10.26,0.615,92.4,1,23.91,640.98
3225,28.01,49.5,1068.0,1.0,577.0,440.25,10.27,0.562,92.7,1,22.0,587.27
3226,26.98,49.4,968.0,1.0,507.0,386.84,10.3,-0.037,95.0,1,19.94,517.3
3227,26.48,40.9,986.0,1.0,425.48,324.64,10.79,0.058,94.8,1,17.87,436.27
3228,25.39,39.9,972.0,1.0,338.0,257.89,10.29,-0.217,95.2,1,15.93,348.29
3229,24.78,37.5,964.0,1.0,425.48,324.64,10.96,0.14,94.5,1,14.25,436.44
3230,23.67,43.5,1011.0,1.0,507.0,386.84,10.8,-0.254,95.2,1,12.94,517.8
3231,24.14,40.3,1015.0,1.0,577.0,440.25,10.24,-0.278,95.3,1,12.1,587.24
3232,22.41,40.7,979.0,1.0,630.72,481.24,10.69,-0.433,95.3,1,11.78,641.41
3233,22.69,43.8,957.0,1.0,664.48,507.0,10.99,-0.623,95.1,1,12.01,675.48
3234,23.86,46.4,986.0,1.0,676.0,515.79,10.55,-0.121,95.1,1,12.77,686.55
3235,23.15,47.4,414.0,0.03,511.14,390.0,0.82,-0.239,95.2,1,14.0,511.96
3236,22.44,52.3,400.0,0.21,485.17,370.18,0.25,-0.364,95.3,1,15.63,485.41
3237,24.17,51.9,408.0,0.08,443.85,338.66,0.82,-0.548,95.2,1,17.55,444.67
3238,24.31,52.2,400.0,0.18,390.0,297.57,0.81,-0.316,95.3,1,19.62,390.81
3239,24.65,59.7,400.0,0.25,327.29,249.72,0.56,-0.086,95.1,1,21.7,327.85
3240,26.05,58.0,400.0,0.06,260.0,198.38,0.19,-0.078,95.0,1,23.65,260.19
3241,27.08,56.2,432.0,0.12,327.29,249.72,0.34,-0.059,95.0,1,25.34,327.63
3242,26.77,54.0,407.0,0.19,390.0,297.57,0.95,0.221,94.3,1,26.65,390.95
3243,27.53,56.8,400.0,0.19,443.85,338.66,0.55,0.257,94.1,1,27.5,444.39
3244,27.98,57.6,400.0,0.25,485.17,370.18,0.73,0.092,94.7,1,27.83,485.89
3245,28.81,57.4,454.0,0.16,511.14,390.0,0.03,0.144,94.5,1,27.61,511.17
3246,29.07,56.0,400.0,0.21,520.0,396.76,0.71,0.53,92.9,1,26.86,520.71
3247,28.85,50.0,400.0,0.01,511.14,390.0,0.49,0.488,93.1,1,25.63,511.64
3248,27.74,49.8,1019.0,1.0,630.72,481.24,10.09,0.559,92.7,1,24.01,640.81
3249,28.69,46.5,981.0,1.0,577.0,440.25,10.16,0.603,92.5,1,22.1,587.16
3250,26.71,46.2,1077.0,1.0,507.0,386.84,10.51,-0.078,95.0,1,20.04,517.51
3251,26.53,44.9,996.0,1.0,425.48,324.64,10.22,-0.029,95.0,1,17.97,435.7
3252,25.53,44.7,1035.0,1.0,338.0,257.89,10.47,-0.342,95.3,1,16.03,348.47
3253,24.31,43.2,1023.0,1.0,425.48,324.64,10.79,0.217,94.3,1,14.34,436.27
3254,24.23,37.3,1024.0,1.0,507.0,386.84,10.27,-0.273,95.3,1,13.04,517.27
3255,23.53,40.5,1020.0,1.0,577.0,440.25,10.76,-0.666,95.0,1,12.2,587.76
3256,23.36,40.6,953.0,1.0,630.72,481.24,10.06,-0.415,95.3,1,11.88,640.77
3257,22.69,42.3,959.0,1.0,664.48,507.0,10.72,-0.706,94.9,0,12.11,675.2
3258,22.72,44.4,1047.0,1.0,676.0,515.79,10.11,-0.332,95.3,1,12.87,686.11
3259,23.61,50.1,400.0,0.01,511.14,390.0,0.83,-0.629,95.0,1,14.1,511.97
3260,22.91,50.9,456.0,0.29,485.17,370.18,0.68,-0.505,95.2,1,15.73,485.85
3261,22.65,52.2,400.0,0.27,443.85,338.66,0.98,-0.668,95.0,1,17.65,444.82
3262,24.56,54.9,400.0,0.26,390.0,297.57,0.89,-0.371,95.3,1,19.72,390.89
3263,25.25,54.3,405.0,0.21,327.29,249.72,0.8,-0.195,95.2,1,21.8,328.1
3264,24.89,59.7,400.0,0.17,260.0,198.38,0.94,0.026,94.8,1,23.75,260.94
3265,25.75,59.0,423.0,0.25,327.29,249.72,0.29,0.503,93.0,1,25.44,327.58
3266,26.83,58.4,459.0,0.12,390.0,297.57,0.53,-0.375,95.3,1,26.75,390.53
3267,27.24,57.2,400.0,0.2,443.85,338.66,0.28,0.475,93.2,1,27.6,444.13
3268,28.0,62.7,400.0,0.08,485.17,370.18,0.24,0.307,93.9,1,27.93,485.41
3269,28.32,56.4,413.0,0.29,511.14,390.0,0.86,0.418,93.4,1,27.71,512.0
3270,28.52,57.2,414.0,0.02,520.0,396.76,0.51,0.333,93.8,1,26.96,520.51
3271,29.1,53.7,400.0,0.23,511.14,390.0,0.93,0.35,93.7,1,25.73,512.07
3272,29.21,53.0,1051.0,1.0,630.72,481.24,10.52,0.102,94.6,1,24.11,641.23
3273,27.06,44.6,976.0,1.0,577.0,440.25,10.57,0.539,92.8,1,22.2,587.58
3274,27.12,48.0,1022.0,1.0,507.0,386.84,10.82,0.169,94.4,1,20.14,517.82
3275,26.89,46.3,1001.0,1.0,425.48,324.64,10.2,0.493,93.1,1,18.07,435.68
3276,26.18,39.6,1032.0,1.0,338.0,257.89,10.55,0.185,94.4,1,16.13,348.55
3277,24.05,42.0,970.0,1.0,425.48,324.64,10.6,0.022,94.8,1,14.45,436.08
3278,24.05,38.1,1019.0,1.0,507.0,386.84,10.07,0.241,94.2,1,13.14,517.07
3279,23.89,39.6,940.0,1.0,577.0,440.25,10.83,-0.461,95.2,1,12.3,587.83
3280,22.53,39.1,996.0,1.0,630.72,481.24,10.08,-0.281,95.3,1,11.98,640.8
3281,22.34,43.7,981.0,1.0,664.48,507.0,10.86,-0.838,94.5,0,12.21,675.35
3282,23.01,43.9,1013.0,1.0,676.0,515.79,10.27,-0.4,95.3,1,12.97,686.27
3283,22.41,46.9,456.0,0.24,511.14,390.0,0.26,-0.36,95.3,1,14.2,511.4
3284,23.24,47.5,400.0,0.07,485.17,370.18,0.4,-0.266,95.3,1,15.84,485.57
3285,24.27,53.9,408.0,0.09,443.85,338.66,0.61,-0.513,95.2,1,17.75,444.46
3286,24.14,54.1,400.0,0.18,390.0,297.57,0.09,-0.179,95.2,1,19.82,390.09
3287,24.58,56.9,442.0,0.22,327.29,249.72,0.53,-0.235,95.2,1,21.9,327.82
3288,25.86,57.3,412.0,0.22,260.0,198.38,0.52,-0.091,95.1,1,23.85,260.52
3289,26.52,56.1,400.0,0.1,327.29,249.72,0.72,0.067,94.7,1,25.54,328.01
3290,26.78,58.1,424.0,0.26,390.0,297.57,0.8,0.275,94.1,1,26.86,390.8
3291,27.69,59.3,400.0,0.21,443.85,338.66,0.53,0.39,93.6,1,27.7,444.38
3292,28.51,58.5,408.0,0.04,485.17,370.18,0.57,0.677,92.0,1,28.03,485.74
3293,28.55,60.4,400.0,0.21,511.14,390.0,0.47,0.699,91.9,1,27.81,511.62
3294,28.07,58.5,421.0,0.22,520.0,396.76,0.4,0.473,93.2,1,27.06,520.4
3295,28.82,54.4,400.0,0.22,511.14,390.0,0.61,0.614,92.4,1,25.83,511.75
3296,28.0,54.4,977.0,1.0,630.72,481.24,10.23,0.467,93.2,1,24.21,640.94
3297,27.47,46.9,992.0,1.0,577.0,440.25,10.73,0.216,94.3,1,22.31,587.73
3298,26.19,46.8,953.0,1.0,507.0,386.84,10.57,0.23,94.2,1,20.25,517.57
3299,26.96,44.0,947.0,1.0,425.48,324.64,10.45,0.234,94.2,1,18.17,435.93
3300,25.77,42.4,1034.0,1.0,338.0,257.89,10.16,0.204,94.3,1,16.23,348.16
3301,24.52,38.6,995.0,1.0,425.48,324.64,10.9,-0.06,95.0,1,14.55,436.39
3302,24.31,40.2,1041.0,1.0,507.0,386.84,10.73,-0.071,95.0,1,13.24,517.73
3303,23.93,39.4,999.0,1.0,577.0,440.25,10.74,-0.153,95.2,1,12.4,587.75
3304,23.33,38.9,1036.0,1.0,630.72,481.24,10.67,-0.298,95.3,1,12.09,641.39
3305,22.42,43.6,966.0,1.0,664.48,507.0,10.89,-0.507,95.2,1,12.31,675.37
3306,22.01,41.2,1020.0,1.0,676.0,515.79,10.7,-0.53,95.2,1,13.07,686.7
3307,22.3,49.4,400.0,0.08,511.14,390.0,0.72,-0.625,95.0,1,14.31,511.86
3308,23.06,49.7,413.0,0.16,485.17,370.18,0.66,-0.328,95.3,1,15.94,485.83
3309,22.71,49.8,468.0,0.16,443.85,338.66,0.93,-0.642,95.0,1,17.85,444.78
3310,24.87,53.9,400.0,0.27,390.0,297.57,0.71,0.09,94.7,1,19.92,390.71
3311,24.86,56.7,410.0,0.08,327.29,249.72,0.68,-0.158,95.2,1,22.0,327.97
3312,26.0,60.6,400.0,0.15,260.0,198.38,0.39,-0.249,95.2,1,23.95,260.39
3313,25.79,62.2,411.0,0.09,327.29,249.72,0.22,0.312,93.9,1,25.65,327.52
3314,27.04,59.6,400.0,0.22,390.0,297.57,0.41,0.122,94.6,1,26.96,390.41
3315,27.29,59.6,472.0,0.09,443.85,338.66,0.13,0.394,93.5,1,27.81,443.98
3316,27.15,62.7,411.0,0.23,485.17,370.18,0.25,0.237,94.2,1,28.14,485.41
3317,28.65,54.2,400.0,0.02,511.14,390.0,0.89,0.339,93.8,1,27.92,512.03
3318,29.08,52.5,400.0,0.1,520.0,396.76,0.7,0.764,91.4,0,27.17,520.7
3319,29.54,55.9,442.0,0.14,511.14,390.0,0.53,0.445,93.3,1,25.94,511.67
3320,28.19,50.0,400.0,0.16,485.17,370.18,0.16,0.536,92.8,1,24.32,485.33
3321,27.36,49.2,438.0,0.1,443.85,338.66,0.07,0.359,93.7,1,22.41,443.92
3322,27.39,48.3,429.0,0.17,390.0,297.57,0.96,0.227,94.2,1,20.35,390.96
3323,25.86,39.4,400.0,0.07,327.29,249.72,0.48,0.007,94.9,1,18.28,327.77
3324,25.14,44.2,400.0,0.08,260.0,198.38,0.85,-0.243,95.2,1,16.34,260.85
3325,24.62,42.0,416.0,0.09,327.29,249.72,0.59,-0.041,95.0,1,14.66,327.88
3326,23.47,37.1,400.0,0.16,390.0,297.57,0.44,-0.237,95.2,1,13.35,390.44
3327,22.87,39.2,436.0,0.06,443.85,338.66,0.34,-0.456,95.2,1,12.51,444.19
3328,23.59,41.2,400.0,0.16,485.17,370.18,0.21,-0.505,95.2,1,12.19,485.37
3329,22.09,43.9,400.0,0.14,511.14,390.0,0.51,-0.242,95.2,1,12.42,511.65
3330,22.71,42.5,411.0,0.14,520.0,396.76,0.16,-0.349,95.3,1,13.18,520.16
3331,22.1,48.5,412.0,0.12,511.14,390.0,0.69,-0.437,95.3,1,14.42,511.83
3332,22.74,49.7,400.0,0.06,485.17,370.18,0.99,-0.592,95.1,1,16.05,486.16
3333,23.47,50.4,400.0,0.2,443.85,338.66,0.68,-0.275,95.3,1,17.96,444.52
3334,23.97,53.5,400.0,0.23,390.0,297.57,0.22,-0.392,95.3,1,20.03,390.22
3335,24.21,57.7,409.0,0.2,327.29,249.72,0.9,-0.205,95.2,1,22.11,328.2
3336,25.85,57.2,429.0,0.08,260.0,198.38,0.45,0.267,94.1,1,24.06,260.45
3337,26.24,58.8,400.0,0.2,327.29,249.72,0.87,-0.082,95.1,1,25.75,328.16
3338,26.05,59.3,400.0,0.0,390.0,297.57,0.35,0.131,94.5,1,27.07,390.35
3339,27.97,56.5,400.0,0.04,443.85,338.66,0.43,0.498,93.0,1,27.92,444.27
3340,28.03,57.8,400.0,0.08,485.17,370.18,0.12,0.651,92.2,1,28.24,485.29
3341,28.21,56.9,466.0,0.18,511.14,390.0,0.1,0.314,93.9,1,28.02,511.24
3342,28.52,55.4,400.0,0.19,520.0,396.76,0.16,0.443,93.3,1,27.27,520.16
3343,27.44,54.4,405.0,0.06,511.14,390.0,0.87,0.786,91.3,0,26.05,512.01
3344,27.57,48.6,423.0,0.23,485.17,370.18,0.26,0.73,91.7,0,24.43,485.43
3345,27.59,49.7,454.0,0.22,443.85,338.66,0.77,0.252,94.1,1,22.52,444.62
3346,26.38,44.6,400.0,0.14,390.0,297.57,0.4,0.23,94.2,1,20.46,390.4
3347,26.5,43.1,400.0,0.24,327.29,249.72,0.27,0.184,94.4,1,18.39,327.56
3348,24.73,38.3,400.0,0.23,260.0,198.38,0.56,0.185,94.4,1,16.45,260.56
3349,24.51,38.4,400.0,0.21,327.29,249.72,0.98,-0.215,95.2,1,14.76,328.27
3350,24.55,41.9,400.0,0.27,390.0,297.57,0.58,-0.308,95.3,1,13.46,390.58
3351,22.81,38.3,400.0,0.03,443.85,338.66,0.85,0.333,93.8,1,12.62,444.7
3352,22.77,39.0,400.0,0.05,485.17,370.18,0.48,-0.219,95.2,1,12.3,485.65
3353,22.0,42.7,400.0,0.14,511.14,390.0,0.44,-0.362,95.3,1,12.53,511.59
3354,21.58,45.9,450.0,0.09,520.0,396.76,0.71,-0.607,95.1,1,13.29,520.71
3355,22.76,46.7,400.0,0.26,511.14,390.0,0.36,-0.432,95.3,1,14.52,511.5
3356,22.73,45.6,400.0,0.18,485.17,370.18,0.92,-0.456,95.2,1,16.16,486.09
3357,23.26,49.3,400.0,0.2,443.85,338.66,0.88,-0.436,95.3,1,18.07,444.73
3358,23.99,57.3,406.0,0.28,390.0,297.57,0.52,-0.377,95.3,1,20.14,390.52
3359,24.15,58.0,400.0,0.21,327.29,249.72,0.42,-0.28,95.3,1,22.22,327.71
3360,24.74,55.2,400.0,0.3,260.0,198.38,0.02,-0.009,94.9,1,24.17,260.02
3361,26.21,59.0,423.0,0.23,327.29,249.72,0.26,-0.12,95.1,1,25.86,327.55
3362,27.57,63.6,400.0,0.2,390.0,297.57,0.22,-0.155,95.2,1,27.18,390.22
3363,27.61,59.8,403.0,0.09,443.85,338.66,0.95,0.184,94.4,1,28.03,444.79
3364,27.22,57.4,415.0,0.23,485.17,370.18,0.31,0.443,93.3,1,28.35,485.48
3365,29.69,54.5,400.0,0.13,511.14,390.0,0.24,0.217,94.3,1,28.13,511.38
3366,27.71,54.5,403.0,0.28,520.0,396.76,0.99,0.167,94.4,1,27.38,520.99
3367,27.3,54.6,400.0,0.26,511.14,390.0,0.68,0.267,94.1,1,26.16,511.82
3368,28.8,54.6,1017.0,1.0,630.72,481.24,10.08,0.488,93.1,1,24.54,640.8
3369,27.03,50.5,1022.0,1.0,577.0,440.25,10.49,0.39,93.6,1,22.63,587.49
3370,26.57,46.3,925.0,1.0,507.0,386.84,10.8,0.068,94.7,1,20.57,517.8
3371,26.67,43.1,1013.0,1.0,425.48,324.64,10.25,-0.03,95.0,1,18.5,435.73
3372,26.14,39.4,1013.0,1.0,338.0,257.89,10.77,-0.007,94.9,1,16.56,348.77
3373,24.44,40.0,1053.0,1.0,425.48,324.64,10.26,-0.11,95.1,1,14.87,435.74
3374,24.17,36.5,1021.0,1.0,507.0,386.84,10.76,-0.328,95.3,1,13.57,517.76
3375,24.08,41.9,1006.0,1.0,577.0,440.25,10.8,-0.126,95.1,1,12.73,587.8
3376,22.11,41.5,988.0,1.0,630.72,481.24,10.08,-0.492,95.2,1,12.41,640.8
3377,22.54,42.4,965.0,1.0,664.48,507.0,10.01,-0.292,95.3,1,12.64,674.49
3378,22.1,41.8,1012.0,1.0,676.0,515.79,10.84,-0.301,95.3,1,13.4,686.84
3379,21.79,47.6,400.0,0.18,511.14,390.0,0.57,-0.816,94.6,0,14.64,511.71
3380,23.15,49.0,400.0,0.07,485.17,370.18,0.85,-0.27,95.3,1,16.27,486.02
3381,23.76,53.0,400.0,0.07,443.85,338.66,0.84,-0.171,95.2,1,18.18,444.69
3382,24.1,54.5,411.0,0.14,390.0,297.57,0.94,-0.105,95.1,1,20.25,390.94
3383,24.79,58.8,431.0,0.16,327.29,249.72,0.47,-0.416,95.3,1,22.33,327.76
3384,25.14,53.9,406.0,0.08,260.0,198.38,0.9,-0.083,95.1,1,24.28,260.9
3385,26.21,60.0,408.0,0.21,327.29,249.72,0.43,0.031,94.8,1,25.97,327.72
3386,27.05,61.7,400.0,0.17,390.0,297.57,0.27,0.542,92.8,1,27.29,390.27
3387,28.56,60.2,400.0,0.11,443.85,338.66,0.76,0.61,92.4,1,28.14,444.6
3388,27.06,58.8,400.0,0.07,485.17,370.18,0.89,0.306,93.9,1,28.46,486.06
3389,27.86,60.1,406.0,0.14,511.14,390.0,0.82,0.414,93.5,1,28.25,511.96
3390,28.16,53.0,400.0,0.28,520.0,396.76,0.94,0.195,94.3,1,27.5,520.94
3391,28.39,50.6,400.0,0.18,511.14,390.0,0.67,0.467,93.2,1,26.27,511.81
3392,28.6,50.5,1029.0,1.0,630.72,481.24,10.87,0.796,91.2,0,24.65,641.59
3393,27.88,49.4,1002.0,1.0,577.0,440.25,10.36,-0.027,94.9,1,22.74,587.36
3394,26.6,46.0,917.0,1.0,507.0,386.84,10.09,-0.085,95.1,1,20.68,517.09
3395,26.34,45.8,1015.0,1.0,425.48,324.64,10.99,-0.028,95.0,1,18.61,436.47
3396,25.19,44.9,1002.0,1.0,338.0,257.89,10.96,0.007,94.9,1,16.67,348.96
3397,24.59,39.6,1006.0,1.0,425.48,324.64,10.45,-0.112,95.1,1,14.99,435.93
3398,24.25,41.3,999.0,1.0,507.0,386.84,10.72,-0.422,95.3,1,13.68,517.72
3399,21.78,41.6,1051.0,1.0,577.0,440.25,10.66,-0.233,95.2,1,12.84,587.67
3400,22.5,42.4,999.0,1.0,630.72,481.24,10.28,-0.403,95.3,1,12.53,641.0
3401,21.84,41.6,930.0,1.0,664.48,507.0,10.05,-0.231,95.2,1,12.75,674.54
3402,21.79,43.7,1042.0,1.0,676.0,515.79,10.23,-0.519,95.2,1,13.51,686.23
3403,22.02,46.8,431.0,0.1,511.14,390.0,0.76,-0.575,95.1,1,14.75,511.9
3404,21.69,51.6,400.0,0.01,485.17,370.18,0.26,-0.265,95.3,1,16.38,485.43
3405,23.74,48.9,400.0,0.25,443.85,338.66,0.24,-0.038,95.0,1,18.3,444.09
3406,24.99,55.7,429.0,0.15,390.0,297.57,0.58,-0.557,95.1,1,20.36,390.58
3407,24.53,54.9,481.0,0.01,327.29,249.72,0.29,0.083,94.7,1,22.44,327.59
3408,26.02,59.6,416.0,0.04,260.0,198.38,0.6,-0.275,95.3,1,24.4,260.6
3409,25.66,58.8,400.0,0.28,327.29,249.72,0.96,0.414,93.5,1,26.09,328.25
3410,27.37,61.3,420.0,0.12,390.0,297.57,0.29,-0.104,95.1,1,27.4,390.29
3411,27.09,62.0,400.0,0.07,443.85,338.66,0.17,0.496,93.0,1,28.25,444.02
3412,27.51,53.5,400.0,0.07,485.17,370.18,0.19,0.554,92.7,1,28.58,485.36
3413,28.18,55.8,400.0,0.13,511.14,390.0,0.45,0.464,93.2,1,28.36,511.59
3414,29.1,55.4,424.0,0.12,520.0,396.76,0.13,0.641,92.2,1,27.61,520.13
3415,28.67,52.0,431.0,0.02,511.14,390.0,0.77,0.639,92.2,1,26.38,511.91
3416,28.52,47.1,959.0,1.0,630.72,481.24,10.27,0.537,92.8,1,24.76,640.99
3417,26.59,48.1,981.0,1.0,577.0,440.25,10.47,0.17,94.4,1,22.86,587.47
3418,26.13,42.6,950.0,1.0,507.0,386.84,10.34,0.066,94.7,1,20.8,517.34
3419,25.71,45.8,1032.0,1.0,425.48,324.64,10.35,0.27,94.1,1,18.73,435.83
3420,25.92,40.6,1011.0,1.0,338.0,257.89,10.83,-0.234,95.2,1,16.78,348.83
3421,24.75,39.5,1011.0,1.0,425.48,324.64,10.45,-0.551,95.2,1,15.1,435.93
3422,22.78,42.2,1000.0,1.0,507.0,386.84,10.39,-0.371,95.3,1,13.8,517.39
3423,22.91,37.7,1008.0,1.0,577.0,440.25,10.88,-0.53,95.2,1,12.96,587.88
3424,22.23,38.6,1009.0,1.0,630.72,481.24,10.68,-0.293,95.3,1,12.64,641.4
3425,22.2,42.4,1010.0,1.0,664.48,507.0,10.27,-0.426,95.3,1,12.87,674.75
3426,23.3,45.4,975.0,1.0,676.0,515.79,10.52,-0.258,95.3,1,13.63,686.52
3427,22.16,45.4,427.0,0.04,511.14,390.0,0.82,-0.245,95.2,1,14.86,511.96
3428,22.36,45.8,437.0,0.14,485.17,370.18,0.21,-0.276,95.3,1,16.5,485.37
3429,22.44,51.9,407.0,0.12,443.85,338.66,0.91,-0.581,95.1,1,18.41,444.76
3430,24.07,54.3,400.0,0.01,390.0,297.57,0.51,-0.081,95.0,1,20.48,390.51
3431,24.31,55.9,457.0,0.22,327.29,249.72,0.42,0.322,93.9,1,22.56,327.71
3432,24.72,58.4,422.0,0.3,260.0,198.38,0.37,0.009,94.9,1,24.51,260.37
3433,26.24,61.3,400.0,0.02,327.29,249.72,0.81,0.287,94.0,1,26.2,328.1
3434,26.46,59.9,420.0,0.27,390.0,297.57,0.23,0.184,94.4,1,27.52,390.23
3435,27.15,60.4,434.0,0.19,443.85,338.66,0.07,-0.161,95.2,1,28.37,443.92
3436,27.22,59.6,400.0,0.16,485.17,370.18,0.58,0.301,93.9,1,28.7,485.74
3437,27.06,57.8,400.0,0.27,511.14,390.0,0.23,0.767,91.4,0,28.48,511.37
3438,28.53,54.6,437.0,0.17,520.0,396.76,0.53,0.444,93.3,1,27.73,520.53
3439,28.22,53.4,409.0,0.21,511.14,390.0,0.27,0.676,92.0,1,26.5,511.41
3440,27.87,52.6,1037.0,1.0,630.72,481.24,10.62,0.73,91.7,0,24.88,641.34
3441,27.17,46.4,1007.0,1.0,577.0,440.25,10.99,0.248,94.2,1,22.97,588.0
3442,26.33,42.5,949.0,1.0,507.0,386.84,10.38,0.129,94.6,1,20.92,517.38
3443,25.94,44.5,1022.0,1.0,425.48,324.64,10.62,0.033,94.8,1,18.84,436.1
3444,25.45,40.2,1021.0,1.0,338.0,257.89,10.15,-0.236,95.2,1,16.9,348.15
3445,24.52,41.6,971.0,1.0,425.48,324.64,10.75,-0.145,95.1,1,15.22,436.23
3446,23.25,36.9,1076.0,1.0,507.0,386.84,10.79,-0.589,95.1,1,13.91,517.79
3447,23.46,38.8,973.0,1.0,577.0,440.25,10.54,-0.858,94.5,0,13.08,587.54
3448,22.53,41.6,978.0,1.0,630.72,481.24,10.79,-0.352,95.3,1,12.76,641.5
3449,22.21,41.8,1047.0,1.0,664.48,507.0,10.35,-0.585,95.1,1,12.99,674.83
3450,21.82,45.4,960.0,1.0,676.0,515.79,10.9,-0.641,95.0,1,13.75,686.9
3451,21.96,48.5,400.0,0.06,511.14,390.0,0.85,-0.306,95.3,1,14.98,511.99
3452,22.59,49.1,400.0,0.02,485.17,370.18,0.56,-0.389,95.3,1,16.61,485.73
3453,22.3,51.7,400.0,0.24,443.85,338.66,0.65,-0.588,95.1,1,18.53,444.5
3454,23.38,53.9,400.0,0.06,390.0,297.57,0.98,-0.187,95.2,1,20.6,390.98
3455,24.03,56.0,460.0,0.25,327.29,249.72,0.97,0.113,94.6,1,22.68,328.26
3456,24.97,60.1,400.0,0.25,260.0,198.38,0.71,0.206,94.3,1,24.63,260.71
3457,25.99,60.4,422.0,0.25,327.29,249.72,0.46,0.346,93.8,1,26.32,327.75
3458,25.87,58.9,400.0,0.03,390.0,297.57,0.16,0.26,94.1,1,27.64,390.16
3459,28.03,62.5,400.0,0.03,443.85,338.66,0.96,0.277,94.0,1,28.49,444.81
3460,27.65,62.0,440.0,0.07,485.17,370.18,0.75,0.63,92.3,1,28.81,485.92
3461,28.25,57.3,405.0,0.13,511.14,390.0,0.12,0.851,90.8,0,28.6,511.26
3462,28.53,53.2,440.0,0.21,520.0,396.76,0.41,0.452,93.3,1,27.85,520.41
3463,28.87,51.9,400.0,0.2,511.14,390.0,0.37,0.378,93.6,1,26.62,511.51
3464,27.73,50.0,1020.0,1.0,630.72,481.24,10.35,0.765,91.4,0,25.0,641.07
3465,26.72,48.4,1006.0,1.0,577.0,440.25,10.6,0.321,93.9,1,23.09,587.61
3466,25.92,48.5,971.0,1.0,507.0,386.84,10.54,0.176,94.4,1,21.03,517.54
3467,26.05,46.2,1035.0,1.0,425.48,324.64,10.25,0.021,94.8,1,18.96,435.73
3468,24.87,42.1,976.0,1.0,338.0,257.89,10.51,0.124,94.6,1,17.02,348.51
3469,25.08,34.9,1014.0,1.0,425.48,324.64,10.92,-0.135,95.1,1,15.34,436.4
3470,23.18,37.5,995.0,1.0,507.0,386.84,10.67,-0.339,95.3,1,14.03,517.67
3471,22.41,37.5,1010.0,1.0,577.0,440.25,10.82,-0.368,95.3,1,13.19,587.82
3472,21.9,43.6,1001.0,1.0,630.72,481.24,10.02,-0.485,95.2,1,12.88,640.74
3473,23.3,40.4,1062.0,1.0,664.48,507.0,10.8,-0.575,95.1,1,13.11,675.28
3474,22.83,40.9,1022.0,1.0,676.0,515.79,10.79,-0.424,95.3,1,13.87,686.79
3475,21.62,50.5,400.0,0.25,511.14,390.0,0.67,-0.451,95.2,1,15.1,511.81
3476,22.26,48.6,400.0,0.07,485.17,370.18,0.72,-0.365,95.3,1,16.73,485.88
3477,22.7,52.4,400.0,0.23,443.85,338.66,0.75,-0.15,95.2,1,18.65,444.6
3478,22.64,55.2,400.0,0.23,390.0,297.57,0.41,-0.503,95.2,1,20.72,390.41
3479,24.18,58.1,400.0,0.19,327.29,249.72,0.03,-0.441,95.3,1,22.8,327.33
3480,25.34,55.1,462.0,0.0,260.0,198.38,0.67,-0.171,95.2,1,24.75,260.67
3481,25.82,56.8,428.0,0.02,327.29,249.72,0.06,0.129,94.6,1,26.44,327.35
3482,26.38,62.9,400.0,0.08,390.0,297.57,0.66,0.277,94.0,1,27.76,390.66
3483,26.93,57.6,406.0,0.19,443.85,338.66,0.8,0.217,94.3,1,28.61,444.65
3484,27.39,58.5,438.0,0.04,485.17,370.18,0.78,0.418,93.4,1,28.93,485.94
3485,27.99,60.9,400.0,0.02,511.14,390.0,0.58,0.333,93.8,1,28.72,511.72
3486,28.71,58.6,400.0,0.02,520.0,396.76,0.87,0.186,94.4,1,27.97,520.87
3487,27.7,54.1,400.0,0.21,511.14,390.0,0.88,0.21,94.3,1,26.74,512.02
3488,27.2,49.3,400.0,0.23,485.17,370.18,0.31,0.544,92.8,1,25.12,485.48
3489,26.65,48.5,400.0,0.1,443.85,338.66,0.77,0.018,94.9,1,23.21,444.61
3490,27.42,43.3,400.0,0.25,390.0,297.57,0.34,0.457,93.2,1,21.16,390.34
3491,26.68,44.6,426.0,0.18,327.29,249.72,0.9,0.14,94.5,1,19.09,328.2
3492,24.95,42.9,406.0,0.05,260.0,198.38,0.18,-0.188,95.2,1,17.14,260.18
3493,24.26,38.0,420.0,0.18,327.29,249.72,0.93,-0.165,95.2,1,15.46,328.23
3494,23.34,45.9,418.0,0.03,390.0,297.57,0.16,-0.449,95.3,1,14.16,390.16
3495,22.29,41.6,400.0,0.25,443.85,338.66,0.88,-0.035,95.0,1,13.32,444.72
3496,22.35,39.8,400.0,0.14,485.17,370.18,0.35,-0.518,95.2,1,13.0,485.51
3497,21.33,45.7,425.0,0.25,511.14,390.0,0.2,-0.709,94.9,0,13.23,511.34
3498,21.55,44.7,400.0,0.24,520.0,396.76,0.42,0.034,94.8,1,13.99,520.42
3499,21.81,46.8,421.0,0.09,511.14,390.0,0.4,-0.498,95.2,1,15.22,511.54
3500,22.89,48.3,400.0,0.29,485.17,370.18,0.18,-0.294,95.3,1,16.86,485.34
3501,22.86,54.0,406.0,0.07,443.85,338.66,0.65,-0.325,95.3,1,18.77,444.5
3502,22.96,57.6,428.0,0.17,390.0,297.57,0.99,-0.197,95.2,1,20.84,390.99
3503,24.71,56.4,400.0,0.24,327.29,249.72,0.01,0.015,94.9,1,22.92,327.3
3504,24.88,58.7,400.0,0.12,260.0,198.38,0.86,0.168,94.4,1,24.87,260.86
3505,25.22,58.0,440.0,0.17,327.29,249.72,0.26,-0.028,95.0,1,26.57,327.55
3506,26.75,59.4,428.0,0.0,390.0,297.57,0.65,0.23,94.2,1,27.88,390.65
3507,27.13,61.1,412.0,0.27,443.85,338.66,0.65,0.359,93.7,1,28.73,444.5
3508,26.41,60.9,400.0,0.08,485.17,370.18,0.0,0.373,93.6,1,29.06,485.17
3509,27.9,57.1,400.0,0.22,511.14,390.0,0.15,0.749,91.5,0,28.84,511.29
3510,27.58,55.0,400.0,0.06,520.0,396.76,0.08,0.749,91.6,0,28.09,520.08
3511,27.4,53.0,400.0,0.02,511.14,390.0,0.64,0.003,94.9,1,26.86,511.78
3512,27.35,49.3,400.0,0.2,485.17,370.18,0.58,0.578,92.6,1,25.24,485.75
3513,26.12,49.5,400.0,0.23,443.85,338.66,0.45,0.454,93.3,1,23.34,444.3
3514,26.29,46.0,400.0,0.13,390.0,297.57,0.69,0.363,93.7,1,21.28,390.69
3515,25.82,44.3,400.0,0.06,327.29,249.72,0.7,0.22,94.3,1,19.21,327.99
3516,24.49,39.5,400.0,0.09,260.0,198.38,0.28,-0.084,95.1,1,17.27,260.28
3517,23.98,42.5,400.0,0.0,327.29,249.72,0.36,0.191,94.4,1,15.58,327.65
3518,23.42,38.6,439.0,0.17,390.0,297.57,0.79,-0.786,94.7,0,14.28,390.79
3519,23.01,39.5,407.0,0.27,443.85,338.66,0.57,-0.745,94.8,0,13.44,444.42
3520,22.6,39.4,415.0,0.02,485.17,370.18,0.29,-0.675,95.0,1,13.12,485.46
3521,21.68,41.4,400.0,0.29,511.14,390.0,0.5,-0.425,95.3,1,13.35,511.64
3522,21.75,44.3,400.0,0.28,520.0,396.76,0.44,-0.659,95.0,1,14.11,520.44
3523,21.22,46.4,407.0,0.09,511.14,390.0,0.94,-0.47,95.2,1,15.35,512.08
3524,21.95,48.4,445.0,0.0,485.17,370.18,0.61,-0.591,95.1,1,16.98,485.77
3525,23.41,55.0,433.0,0.3,443.85,338.66,0.9,-0.554,95.2,1,18.9,444.75
3526,22.88,56.2,403.0,0.06,390.0,297.57,0.21,-0.171,95.2,1,20.96,390.21
3527,24.68,57.9,400.0,0.26,327.29,249.72,0.84,-0.029,95.0,1,23.05,328.13
3528,24.31,60.8,420.0,0.27,260.0,198.38,0.14,0.442,93.3,1,25.0,260.14
3529,25.99,58.7,400.0,0.02,327.29,249.72,0.54,0.183,94.4,1,26.69,327.83
3530,26.48,60.5,400.0,0.27,390.0,297.57,0.84,0.159,94.5,1,28.01,390.84
3531,27.81,59.8,400.0,0.3,443.85,338.66,0.94,0.264,94.1,1,28.86,444.79
3532,26.24,55.1,404.0,0.17,485.17,370.18,0.1,0.028,94.8,1,29.18,485.27
3533,27.35,58.9,429.0,0.09,511.14,390.0,0.55,0.6,92.5,1,28.96,511.69
3534,28.68,54.7,400.0,0.12,520.0,396.76,0.26,0.531,92.9,1,28.22,520.26
3535,27.8,53.3,416.0,0.3,511.14,390.0,0.77,0.45,93.3,1,26.99,511.91
3536,27.72,49.2,991.0,1.0,630.72,481.24,10.75,0.445,93.3,1,25.37,641.46
3537,26.54,47.8,1092.0,1.0,577.0,440.25,10.97,0.158,94.5,1,23.46,587.97
3538,25.8,50.4,996.0,1.0,507.0,386.84,10.01,-0.2,95.2,1,21.41,517.01
3539,26.21,38.3,1032.0,1.0,425.48,324.64,10.69,0.087,94.7,1,19.33,436.17
3540,24.8,43.4,1052.0,1.0,338.0,257.89,10.12,-0.067,95.0,1,17.39,348.12
3541,25.68,44.5,970.0,1.0,425.48,324.64,10.88,-0.083,95.1,1,15.71,436.36
3542,23.4,36.2,1000.0,1.0,507.0,386.84,10.4,-0.23,95.2,1,14.41,517.4
3543,23.09,38.9,1015.0,1.0,577.0,440.25,10.24,-0.337,95.3,1,13.57,587.24
3544,22.75,42.3,973.0,1.0,630.72,481.24,10.94,-0.564,95.1,1,13.25,641.66
3545,22.17,41.8,988.0,1.0,664.48,507.0,10.1,-0.084,95.1,1,13.48,674.58
3546,22.22,43.4,991.0,1.0,676.0,515.79,10.99,-0.271,95.3,1,14.24,686.99
3547,22.57,48.3,424.0,0.08,511.14,390.0,0.66,-0.673,95.0,1,15.48,511.8
3548,22.2,44.7,449.0,0.03,485.17,370.18,0.39,-0.159,95.2,1,17.11,485.56
3549,22.4,53.6,400.0,0.03,443.85,338.66,0.09,-0.271,95.3,1,19.02,443.94
3550,23.8,56.2,400.0,0.26,390.0,297.57,0.32,-0.558,95.1,1,21.09,390.32
3551,24.84,59.0,465.0,0.16,327.29,249.72,0.8,0.108,94.6,1,23.17,328.1
3552,24.44,59.4,417.0,0.28,260.0,198.38,0.42,-0.093,95.1,1,25.13,260.42
3553,26.42,61.3,424.0,0.29,327.29,249.72,0.24,0.046,94.8,1,26.82,327.53
3554,25.71,60.0,400.0,0.08,390.0,297.57,0.11,0.21,94.3,1,28.13,390.11
3555,26.94,56.2,400.0,0.26,443.85,338.66,0.12,0.381,93.6,1,28.98,443.97
3556,26.62,57.9,400.0,0.13,485.17,370.18,0.88,0.382,93.6,1,29.31,486.05
3557,26.75,57.0,418.0,0.21,511.14,390.0,0.09,0.676,92.0,1,29.09,511.23
3558,27.67,54.9,401.0,0.18,520.0,396.76,0.61,0.834,91.0,0,28.34,520.61
3559,27.92,51.6,400.0,0.09,511.14,390.0,0.63,0.415,93.5,1,27.12,511.77
3560,27.32,49.5,967.0,1.0,630.72,481.24,10.23,0.13,94.6,1,25.5,640.95
3561,27.83,49.2,1025.0,1.0,577.0,440.25,10.49,0.263,94.1,1,23.59,587.49
3562,25.66,45.9,1016.0,1.0,507.0,386.84,10.52,0.069,94.7,1,21.53,517.52
3563,25.54,41.5,981.0,1.0,425.48,324.64,10.24,0.019,94.8,1,19.46,435.72
3564,24.4,42.8,998.0,1.0,338.0,257.89,10.16,-0.276,95.3,1,17.52,348.16
3565,23.77,40.8,975.0,1.0,425.48,324.64,10.41,-0.04,95.0,1,15.84,435.89
3566,22.93,37.0,974.0,1.0,507.0,386.84,10.32,-0.534,95.2,1,14.53,517.32
3567,22.42,40.5,1006.0,1.0,577.0,440.25,10.29,-0.582,95.1,1,13.69,587.29
3568,22.08,42.2,1061.0,1.0,630.72,481.24,10.59,-0.112,95.1,1,13.38,641.3
3569,21.21,40.9,1009.0,1.0,664.48,507.0,10.22,-0.78,94.7,0,13.61,674.71
3570,22.26,44.9,1018.0,1.0,676.0,515.79,10.28,-0.752,94.8,0,14.37,686.28
3571,22.45,44.9,400.0,0.28,511.14,390.0,0.25,-0.177,95.2,1,15.6,511.39
3572,22.2,48.1,400.0,0.11,485.17,370.18,0.69,-0.455,95.2,1,17.24,485.86
3573,22.52,52.8,418.0,0.28,443.85,338.66,0.35,-0.583,95.1,1,19.15,444.19
3574,23.09,57.4,407.0,0.07,390.0,297.57,0.23,-0.458,95.2,1,21.22,390.23
3575,24.43,57.7,416.0,0.14,327.29,249.72,0.62,0.414,93.5,1,23.3,327.91
3576,24.22,56.8,400.0,0.19,260.0,198.38,0.27,0.162,94.5,1,25.25,260.27
3577,25.77,60.6,400.0,0.13,327.29,249.72,0.64,0.187,94.4,1,26.95,327.93
3578,26.03,59.7,400.0,0.04,390.0,297.57,0.36,0.417,93.4,1,28.26,390.36
3579,26.61,61.9,418.0,0.0,443.85,338.66,0.35,0.285,94.0,1,29.11,444.2
3580,27.25,59.4,411.0,0.15,485.17,370.18,0.19,0.461,93.2,1,29.44,485.36
3581,27.69,55.1,400.0,0.07,511.14,390.0,0.31,0.578,92.6,1,29.22,511.45
3582,26.99,55.4,434.0,0.28,520.0,396.76,0.53,0.386,93.6,1,28.47,520.53
3583,27.12,53.0,441.0,0.07,511.14,390.0,0.3,0.503,93.0,1,27.25,511.44
3584,26.99,46.7,983.0,1.0,630.72,481.24,10.78,0.741,91.6,0,25.62,641.5
3585,26.96,48.5,971.0,1.0,577.0,440.25,10.01,0.124,94.6,1,23.72,587.01
3586,25.28,50.2,979.0,1.0,507.0,386.84,10.14,0.15,94.5,1,21.66,517.14
3587,25.93,42.2,980.0,1.0,425.48,324.64,10.28,0.007,94.9,1,19.59,435.76
3588,25.46,35.9,1000.0,1.0,338.0,257.89,10.86,0.15,94.5,1,17.65,348.86
3589,23.5,39.5,1032.0,1.0,425.48,324.64,10.7,0.091,94.7,1,15.97,436.18
3590,23.19,44.7,997.0,1.0,507.0,386.84,10.84,-0.549,95.2,1,14.66,517.84
3591,23.05,38.1,1036.0,1.0,577.0,440.25,10.48,-0.42,95.3,1,13.82,587.48
3592,22.03,43.5,1050.0,1.0,630.72,481.24,10.88,-0.581,95.1,1,13.51,641.6
3593,21.63,41.1,1031.0,1.0,664.48,507.0,10.94,-0.386,95.3,1,13.74,675.42
3594,22.12,45.2,1029.0,1.0,676.0,515.79,10.13,-0.499,95.2,1,14.5,686.13
3595,22.39,46.8,427.0,0.02,511.14,390.0,0.35,-0.306,95.3,1,15.73,511.49
3596,21.79,47.6,402.0,0.0,485.17,370.18,0.42,-0.053,95.0,1,17.37,485.59
3597,22.24,50.2,400.0,0.19,443.85,338.66,0.54,-0.777,94.7,0,19.28,444.39
3598,23.39,56.8,434.0,0.05,390.0,297.57,0.33,-0.672,95.0,1,21.35,390.33
3599,23.56,59.4,426.0,0.24,327.29,249.72,0.82,-0.128,95.1,1,23.43,328.11
3600,24.14,59.1,400.0,0.0,260.0,198.38,0.9,0.084,94.7,1,25.39,260.9
3601,25.13,57.8,400.0,0.06,327.29,249.72,0.06,-0.045,95.0,1,27.08,327.35
3602,25.64,59.8,400.0,0.2,390.0,297.57,0.6,0.264,94.1,1,28.39,390.6
3603,26.12,59.3,400.0,0.21,443.85,338.66,0.57,0.41,93.5,1,29.24,444.42
3604,28.04,59.8,429.0,0.07,485.17,370.18,0.89,0.163,94.4,1,29.57,486.06
3605,26.88,57.2,424.0,0.04,511.14,390.0,0.67,0.545,92.8,1,29.35,511.81
3606,27.66,54.3,421.0,0.28,520.0,396.76,0.34,0.63,92.3,1,28.6,520.34
3607,26.59,52.0,400.0,0.16,511.14,390.0,0.54,0.488,93.1,1,27.38,511.68
3608,28.02,50.2,978.0,1.0,630.72,481.24,10.69,0.132,94.5,1,25.76,641.4
3609,26.77,50.8,1038.0,1.0,577.0,440.25,10.32,0.16,94.5,1,23.85,587.32
3610,26.88,49.0,973.0,1.0,507.0,386.84,10.08,0.34,93.8,1,21.79,517.08
3611,25.0,44.2,957.0,1.0,425.48,324.64,10.67,0.484,93.1,1,19.72,436.15
3612,25.81,42.1,995.0,1.0,338.0,257.89,10.55,0.085,94.7,1,17.78,348.55
3613,23.25,38.9,995.0,1.0,425.48,324.64,10.81,-0.184,95.2,1,16.1,436.3
3614,23.39,39.5,1007.0,1.0,507.0,386.84,10.08,-0.212,95.2,1,14.79,517.08
3615,21.25,40.3,1025.0,1.0,577.0,440.25,10.92,-0.409,95.3,1,13.96,587.92
3616,21.78,43.1,1028.0,1.0,630.72,481.24,10.26,-0.363,95.3,1,13.64,640.98
3617,21.67,42.2,1020.0,1.0,664.48,507.0,10.58,-0.39,95.3,1,13.87,675.06
3618,21.6,43.2,984.0,1.0,676.0,515.79,10.39,-0.817,94.6,0,14.63,686.39
3619,21.45,46.7,403.0,0.17,511.14,390.0,0.2,-0.234,95.2,1,15.87,511.34
3620,22.2,51.5,400.0,0.15,485.17,370.18,0.58,-0.087,95.1,1,17.5,485.75
3621,22.21,53.5,447.0,0.19,443.85,338.66,0.57,-0.595,95.1,1,19.41,444.42
3622,23.81,55.2,400.0,0.02,390.0,297.57,0.13,-0.387,95.3,1,21.48,390.13
3623,24.04,56.8,400.0,0.25,327.29,249.72,0.19,0.016,94.9,1,23.56,327.48
3624,23.91,57.2,457.0,0.0,260.0,198.38,0.5,-0.063,95.0,1,25.52,260.5
3625,25.55,59.1,441.0,0.13,327.29,249.72,0.16,-0.101,95.1,1,27.21,327.45
3626,26.05,59.0,401.0,0.02,390.0,297.57,0.06,-0.066,95.0,1,28.53,390.06
3627,25.53,58.2,400.0,0.06,443.85,338.66,0.55,0.323,93.9,1,29.38,444.4
3628,27.93,57.6,428.0,0.21,485.17,370.18,0.14,0.178,94.4,1,29.7,485.31
3629,26.95,57.1,432.0,0.23,511.14,390.0,0.43,0.595,92.5,1,29.48,511.57
3630,27.62,56.3,400.0,0.11,520.0,396.76,0.08,0.502,93.0,1,28.74,520.08
3631,27.65,53.2,459.0,0.29,511.14,390.0,0.6,0.833,91.0,0,27.51,511.74
3632,27.16,50.2,996.0,1.0,630.72,481.24,10.85,0.67,92.1,1,25.89,641.57
3633,27.07,48.6,1006.0,1.0,577.0,440.25,10.09,0.345,93.8,1,23.98,587.1
3634,26.48,43.2,1045.0,1.0,507.0,386.84,10.92,0.484,93.1,1,21.93,517.92
3635,25.42,39.2,996.0,1.0,425.48,324.64,10.75,0.003,94.9,1,19.86,436.23
3636,24.07,38.8,1054.0,1.0,338.0,257.89,10.85,-0.154,95.2,1,17.91,348.85
3637,23.81,41.6,1024.0,1.0,425.48,324.64,10.86,0.124,94.6,1,16.23,436.34
3638,23.62,43.5,982.0,1.0,507.0,386.84,10.27,0.135,94.5,1,14.93,517.27
3639,22.35,39.6,1045.0,1.0,577.0,440.25,10.05,-0.132,95.1,1,14.09,587.05
3640,21.2,42.2,985.0,1.0,630.72,481.24,10.81,-0.674,95.0,1,13.77,641.53
3641,22.2,39.6,966.0,1.0,664.48,507.0,10.02,-0.737,94.8,0,14.0,674.5
3642,21.29,41.7,1001.0,1.0,676.0,515.79,10.71,-0.358,95.3,1,14.76,686.71
3643,22.06,46.9,400.0,0.21,511.14,390.0,0.43,-0.663,95.0,1,16.0,511.57
3644,21.65,52.5,400.0,0.12,485.17,370.18,0.63,-0.601,95.1,1,17.63,485.8
3645,22.65,52.2,400.0,0.11,443.85,338.66,0.17,-0.385,95.3,1,19.55,444.01
3646,22.88,51.5,400.0,0.01,390.0,297.57,0.98,-0.383,95.3,1,21.62,390.98
3647,23.42,55.8,400.0,0.22,327.29,249.72,0.89,0.247,94.2,1,23.7,328.19
3648,24.75,55.8,424.0,0.23,260.0,198.38,0.31,0.336,93.8,1,25.65,260.31
3649,24.88,60.2,419.0,0.2,327.29,249.72,0.62,0.457,93.2,1,27.34,327.92
3650,25.13,58.1,418.0,0.03,390.0,297.57,0.15,0.191,94.4,1,28.66,390.15
3651,26.98,61.9,408.0,0.23,443.85,338.66,0.01,0.703,91.8,0,29.51,443.86
3652,26.8,57.0,400.0,0.26,485.17,370.18,0.9,0.407,93.5,1,29.84,486.07
3653,27.53,55.5,412.0,0.26,511.14,390.0,0.09,0.631,92.3,1,29.62,511.23
3654,27.61,58.7,400.0,0.08,520.0,396.76,0.25,0.664,92.1,1,28.87,520.25
3655,27.72,50.2,400.0,0.08,511.14,390.0,0.79,0.353,93.7,1,27.64,511.93
3656,27.53,52.9,400.0,0.29,485.17,370.18,0.04,0.598,92.5,1,26.02,485.21
3657,26.84,46.1,430.0,0.05,443.85,338.66,0.86,0.303,93.9,1,24.12,444.71
3658,26.28,43.4,400.0,0.2,390.0,297.57,0.92,0.366,93.7,1,22.06,390.92
3659,25.7,45.0,418.0,0.15,327.29,249.72,0.74,-0.021,94.9,1,19.99,328.04
3660,24.2,41.7,400.0,0.09,260.0,198.38,0.24,0.106,94.6,1,18.05,260.24
3661,23.38,38.3,400.0,0.21,327.29,249.72,0.74,0.006,94.9,1,16.37,328.03
3662,23.26,38.9,435.0,0.09,390.0,297.57,0.12,-0.101,95.1,1,15.06,390.12
3663,21.49,37.0,426.0,0.27,443.85,338.66,0.18,0.069,94.7,1,14.23,444.03
3664,21.22,38.1,438.0,0.28,485.17,370.18,0.88,-0.151,95.2,1,13.91,486.05
3665,20.72,43.2,400.0,0.26,511.14,390.0,0.99,-0.62,95.1,1,14.14,512.13
3666,22.0,43.0,400.0,0.06,520.0,396.76,0.02,-0.664,95.0,1,14.9,520.02
3667,22.09,49.7,413.0,0.29,511.14,390.0,0.14,-0.253,95.2,1,16.14,511.28
3668,22.26,47.9,400.0,0.1,485.17,370.18,0.35,-0.132,95.1,1,17.77,485.52
3669,22.34,49.8,400.0,0.16,443.85,338.66,0.16,-0.789,94.7,0,19.68,444.0
3670,22.71,54.1,400.0,0.26,390.0,297.57,0.41,-0.165,95.2,1,21.75,390.41
3671,23.54,55.6,446.0,0.16,327.29,249.72,0.31,-0.503,95.2,1,23.83,327.61
3672,24.62,57.5,400.0,0.09,260.0,198.38,0.93,0.103,94.6,1,25.79,260.93
3673,25.55,57.6,405.0,0.08,327.29,249.72,0.91,0.322,93.9,1,27.48,328.2
3674,25.37,60.3,400.0,0.15,390.0,297.57,0.44,0.267,94.1,1,28.8,390.44
3675,26.9,59.2,432.0,0.2,443.85,338.66,0.29,0.35,93.7,1,29.65,444.14
3676,27.56,61.1,422.0,0.19,485.17,370.18,0.64,0.384,93.6,1,29.97,485.8
3677,27.72,61.5,400.0,0.0,511.14,390.0,0.11,0.61,92.4,1,29.76,511.25
3678,26.67,54.0,430.0,0.22,520.0,396.76,0.64,0.62,92.4,1,29.01,520.64
3679,27.68,52.7,443.0,0.11,511.14,390.0,0.26,0.686,92.0,1,27.78,511.4
3680,26.96,55.3,400.0,0.3,485.17,370.18,0.6,0.522,92.9,1,26.16,485.76
3681,27.3,44.4,434.0,0.06,443.85,338.66,0.4,0.123,94.6,1,24.26,444.25
3682,25.84,48.4,400.0,0.25,390.0,297.57,0.45,-0.115,95.1,1,22.2,390.45
3683,25.72,44.6,400.0,0.11,327.29,249.72,0.25,-0.046,95.0,1,20.13,327.54
3684,25.13,38.1,411.0,0.13,260.0,198.38,0.92,-0.033,95.0,1,18.19,260.92
3685,24.02,39.3,400.0,0.22,327.29,249.72,0.65,0.182,94.4,1,16.51,327.95
3686,22.61,43.8,400.0,0.22,390.0,297.57,0.22,-0.081,95.1,1,15.2,390.22
3687,22.5,41.1,407.0,0.15,443.85,338.66,0.18,0.023,94.8,1,14.36,444.03
3688,21.38,39.8,412.0,0.07,485.17,370.18,0.18,-0.295,95.3,1,14.05,485.35
3689,21.2,40.5,460.0,0.25,511.14,390.0,0.31,-0.243,95.2,1,14.28,511.45
3690,21.96,41.1,400.0,0.21,520.0,396.76,0.45,-0.87,94.4,0,15.04,520.45
3691,21.5,47.5,400.0,0.28,511.14,390.0,0.87,-0.775,94.7,0,16.27,512.01
3692,21.7,51.8,400.0,0.17,485.17,370.18,0.94,-0.148,95.1,1,17.91,486.1
3693,23.07,53.3,432.0,0.09,443.85,338.66,0.24,-0.315,95.3,1,19.82,444.09
3694,23.56,54.4,457.0,0.26,390.0,297.57,0.6,-0.272,95.3,1,21.89,390.6
3695,23.04,57.4,427.0,0.0,327.29,249.72,0.21,-0.498,95.2,1,23.97,327.5
3696,24.41,57.9,413.0,0.15,260.0,198.38,0.23,0.134,94.5,1,25.93,260.23
3697,24.93,60.6,400.0,0.2,327.29,249.72,0.18,0.095,94.7,1,27.62,327.48
3698,25.73,56.8,400.0,0.29,390.0,297.57,0.68,-0.165,95.2,1,28.93,390.68
3699,26.99,57.2,415.0,0.17,443.85,338.66,0.6,0.49,93.1,1,29.78,444.45
3700,27.28,57.4,407.0,0.16,485.17,370.18,0.92,0.404,93.5,1,30.11,486.09
3701,26.45,54.4,400.0,0.2,511.14,390.0,0.61,0.437,93.3,1,29.89,511.75
3702,27.9,58.6,400.0,0.16,520.0,396.76,0.26,0.652,92.2,1,29.15,520.26
3703,27.0,52.2,400.0,0.12,511.14,390.0,0.21,0.34,93.8,1,27.92,511.35
3704,27.15,50.3,1002.0,1.0,630.72,481.24,10.73,0.179,94.4,1,26.3,641.45
3705,26.79,49.6,981.0,1.0,577.0,440.25,10.3,0.228,94.2,1,24.4,587.3
3706,26.2,44.0,1011.0,1.0,507.0,386.84,10.09,0.425,93.4,1,22.34,517.09
3707,24.82,40.1,1008.0,1.0,425.48,324.64,10.19,-0.082,95.1,1,20.27,435.67
3708,24.54,39.9,1012.0,1.0,338.0,257.89,10.07,0.028,94.8,1,18.33,348.07
3709,23.97,39.3,1026.0,1.0,425.48,324.64,10.33,0.081,94.7,1,16.64,435.82
3710,22.75,40.5,967.0,1.0,507.0,386.84,10.42,-0.238,95.2,1,15.34,517.42
3711,21.96,38.3,1004.0,1.0,577.0,440.25,10.61,-0.467,95.2,1,14.5,587.61
3712,21.21,40.8,1006.0,1.0,630.72,481.24,10.01,-0.312,95.3,1,14.19,640.73
3713,22.31,42.7,1021.0,1.0,664.48,507.0,10.55,-0.489,95.2,1,14.42,675.04
3714,20.7,44.1,1000.0,1.0,676.0,515.79,10.31,-0.553,95.2,1,15.17,686.31
3715,20.94,50.1,400.0,0.27,511.14,390.0,0.89,-0.613,95.1,1,16.41,512.03
3716,21.81,50.2,400.0,0.23,485.17,370.18,0.66,-0.419,95.3,1,18.04,485.82
3717,21.67,52.4,400.0,0.25,443.85,338.66,0.56,-0.194,95.2,1,19.96,444.4
3718,23.69,56.9,402.0,0.3,390.0,297.57,0.38,-0.351,95.3,1,22.03,390.38
3719,22.9,57.6,443.0,0.2,327.29,249.72,0.48,-0.165,95.2,1,24.11,327.77
3720,24.38,53.6,400.0,0.01,260.0,198.38,0.0,0.18,94.4,1,26.07,260.0
3721,25.52,62.1,408.0,0.07,327.29,249.72,0.68,0.117,94.6,1,27.76,327.98
3722,25.17,57.9,400.0,0.12,390.0,297.57,0.95,0.225,94.2,1,29.07,390.95
3723,25.99,59.9,400.0,0.09,443.85,338.66,0.97,0.087,94.7,1,29.92,444.82
3724,26.93,56.8,400.0,0.07,485.17,370.18,0.4,0.445,93.3,1,30.25,485.57
3725,26.84,58.0,400.0,0.18,511.14,390.0,0.73,0.585,92.6,1,30.03,511.87
3726,27.47,53.5,431.0,0.01,520.0,396.76,0.46,0.437,93.3,1,29.29,520.46
3727,27.05,53.0,430.0,0.08,511.14,390.0,0.45,0.521,92.9,1,28.06,511.59
3728,26.91,52.2,941.0,1.0,630.72,481.24,10.28,0.344,93.8,1,26.44,640.99
3729,26.71,45.4,993.0,1.0,577.0,440.25,10.73,0.053,94.8,1,24.54,587.73
3730,25.31,43.5,1030.0,1.0,507.0,386.84,10.72,-0.152,95.2,1,22.48,517.72
3731,25.03,40.3,1007.0,1.0,425.48,324.64,10.62,0.318,93.9,1,20.41,436.1
3732,24.13,44.7,996.0,1.0,338.0,257.89,10.65,0.379,93.6,1,18.47,348.65
3733,23.01,40.0,986.0,1.0,425.48,324.64,10.19,0.14,94.5,1,16.79,435.67
3734,23.14,39.5,912.0,1.0,507.0,386.84,10.56,-0.403,95.3,1,15.48,517.56
3735,21.28,38.3,1000.0,1.0,577.0,440.25,10.97,-0.176,95.2,1,14.64,587.97
3736,20.95,39.7,949.0,1.0,630.72,481.24,10.93,-0.545,95.2,1,14.33,641.65
3737,21.67,38.5,993.0,1.0,664.48,507.0,10.36,-0.639,95.0,1,14.56,674.84
3738,20.52,45.7,1038.0,1.0,676.0,515.79,10.2,-0.24,95.2,1,15.32,686.2
3739,22.18,45.0,418.0,0.28,511.14,390.0,0.04,-0.63,95.0,1,16.55,511.18
3740,20.88,49.5,400.0,0.06,485.17,370.18,0.25,-0.486,95.2,1,18.19,485.42
3741,22.85,52.8,403.0,0.0,443.85,338.66,0.49,-0.41,95.3,1,20.1,444.34
3742,23.17,59.1,439.0,0.01,390.0,297.57,0.18,-0.382,95.3,1,22.17,390.18
3743,22.63,54.0,400.0,0.28,327.29,249.72,0.36,0.175,94.4,1,24.25,327.65
3744,24.22,58.6,413.0,0.26,260.0,198.38,0.62,0.28,94.0,1,26.21,260.62
3745,24.27,58.6,412.0,0.03,327.29,249.72,0.48,-0.178,95.2,1,27.9,327.78
3746,25.28,55.9,404.0,0.3,390.0,297.57,0.28,0.34,93.8,1,29.22,390.28
3747,26.08,64.8,400.0,0.07,443.85,338.66,0.3,0.325,93.9,1,30.07,444.15
3748,25.75,56.8,468.0,0.16,485.17,370.18,0.58,0.29,94.0,1,30.39,485.75
3749,26.73,57.5,446.0,0.22,511.14,390.0,0.65,0.408,93.5,1,30.18,511.79
3750,27.06,55.3,404.0,0.15,520.0,396.76,0.76,0.54,92.8,1,29.43,520.76
3751,26.96,53.6,400.0,0.16,511.14,390.0,0.86,0.502,93.0,1,28.2,512.0
3752,26.06,58.1,1014.0,1.0,630.72,481.24,10.69,0.553,92.7,1,26.58,641.41
3753,26.05,48.4,1060.0,1.0,577.0,440.25,10.5,0.489,93.1,1,24.68,587.5
3754,25.76,44.9,1010.0,1.0,507.0,386.84,10.2,-0.042,95.0,1,22.62,517.2
3755,25.3,44.0,1032.0,1.0,425.48,324.64,10.97,0.103,94.6,1,20.55,436.45
3756,25.42,41.7,976.0,1.0,338.0,257.89,10.52,-0.045,95.0,1,18.61,348.52
3757,23.94,42.5,1015.0,1.0,425.48,324.64,10.19,0.042,94.8,1,16.93,435.67
3758,22.19,42.1,1048.0,1.0,507.0,386.84,10.66,-0.706,94.9,0,15.62,517.66
3759,21.76,40.2,1031.0,1.0,577.0,440.25,10.23,0.001,94.9,1,14.78,587.23
3760,21.74,42.3,1040.0,1.0,630.72,481.24,10.36,-0.435,95.3,1,14.47,641.07
3761,21.88,45.4,995.0,1.0,664.48,507.0,10.97,-0.414,95.3,1,14.7,675.45
3762,22.02,44.6,986.0,1.0,676.0,515.79,10.25,-0.875,94.4,0,15.46,686.25
3763,20.38,48.9,432.0,0.2,511.14,390.0,0.82,-0.547,95.2,1,16.7,511.96
3764,22.03,48.9,400.0,0.0,485.17,370.18,0.12,-0.652,95.0,1,18.33,485.28
3765,21.37,52.9,446.0,0.01,443.85,338.66,0.79,-0.151,95.2,1,20.24,444.64
3766,22.49,52.2,431.0,0.12,390.0,297.57,0.39,-0.348,95.3,1,22.31,390.39
3767,23.84,54.8,459.0,0.08,327.29,249.72,0.48,-0.158,95.2,1,24.4,327.77
3768,23.71,61.5,400.0,0.02,260.0,198.38,0.85,-0.139,95.1,1,26.35,260.85
3769,24.66,59.9,400.0,0.02,327.29,249.72,0.66,-0.07,95.0,1,28.04,327.95
3770,26.58,59.8,421.0,0.18,390.0,297.57,0.55,0.395,93.5,1,29.36,390.55
3771,27.04,62.4,409.0,0.18,443.85,338.66,0.62,0.158,94.5,1,30.21,444.47
3772,26.94,60.2,400.0,0.21,485.17,370.18,0.88,0.47,93.2,1,30.54,486.05
3773,26.08,57.1,425.0,0.3,511.14,390.0,0.88,0.377,93.6,1,30.32,512.02
3774,26.28,54.5,453.0,0.0,520.0,396.76,0.27,0.581,92.6,1,29.57,520.27
3775,27.06,54.3,454.0,0.13,511.14,390.0,0.88,0.655,92.1,1,28.35,512.02
3776,26.93,51.7,998.0,1.0,630.72,481.24,10.0,0.453,93.3,1,26.73,640.72
3777,26.35,48.5,963.0,1.0,577.0,440.25,10.45,0.542,92.8,1,24.82,587.45
3778,25.07,49.7,981.0,1.0,507.0,386.84,10.77,0.432,93.4,1,22.76,517.77
3779,24.84,41.7,972.0,1.0,425.48,324.64,10.89,0.198,94.3,1,20.69,436.38
3780,24.6,42.4,977.0,1.0,338.0,257.89,10.83,0.04,94.8,1,18.75,348.83
3781,23.22,39.9,1007.0,1.0,425.48,324.64,10.21,-0.291,95.3,1,17.07,435.69
3782,22.12,38.9,976.0,1.0,507.0,386.84,10.6,-0.391,95.3,1,15.77,517.6
3783,22.0,39.5,950.0,1.0,577.0,440.25,10.52,-0.3,95.3,1,14.93,587.52
3784,21.71,41.7,972.0,1.0,630.72,481.24,10.91,-0.59,95.1,1,14.61,641.63
3785,20.99,41.1,1045.0,1.0,664.48,507.0,10.32,-0.58,95.1,1,14.84,674.8
3786,21.22,43.1,1022.0,1.0,676.0,515.79,10.93,-0.367,95.3,1,15.6,686.93
3787,21.07,42.6,400.0,0.08,511.14,390.0,0.71,-0.293,95.3,1,16.84,511.85
3788,20.74,51.6,416.0,0.27,485.17,370.18,0.23,-0.998,94.0,0,18.47,485.4
3789,21.77,52.8,401.0,0.12,443.85,338.66,0.5,-0.373,95.3,1,20.39,444.34
3790,23.06,56.2,400.0,0.14,390.0,297.57,0.61,-0.091,95.1,1,22.46,390.61
3791,23.08,54.7,400.0,0.05,327.29,249.72,0.38,-0.212,95.2,1,24.54,327.67
3792,25.06,59.0,441.0,0.25,260.0,198.38,0.46,0.124,94.6,1,26.5,260.46
3793,23.88,60.0,400.0,0.06,327.29,249.72,0.02,0.234,94.2,1,28.19,327.32
3794,25.75,60.4,406.0,0.15,390.0,297.57,0.67,0.232,94.2,1,29.5,390.67
3795,26.46,58.9,400.0,0.26,443.85,338.66,0.7,0.25,94.1,1,30.35,444.55
3796,26.08,57.1,400.0,0.21,485.17,370.18,1.0,0.206,94.3,1,30.68,486.16
3797,26.9,58.2,431.0,0.23,511.14,390.0,0.23,0.174,94.4,1,30.46,511.37
3798,25.92,55.0,438.0,0.16,520.0,396.76,0.12,0.53,92.9,1,29.72,520.12
3799,26.95,52.6,403.0,0.12,511.14,390.0,0.45,0.171,94.4,1,28.49,511.59
3800,26.4,48.6,1027.0,1.0,630.72,481.24,10.01,0.566,92.7,1,26.87,640.73
3801,26.32,47.4,985.0,1.0,577.0,440.25,10.35,0.538,92.8,1,24.97,587.35
3802,25.8,47.9,1023.0,1.0,507.0,386.84,10.35,0.424,93.4,1,22.91,517.35
3803,24.69,44.9,999.0,1.0,425.48,324.64,10.57,0.013,94.9,1,20.84,436.05
3804,23.43,41.9,978.0,1.0,338.0,257.89,10.53,0.216,94.3,1,18.9,348.53
3805,22.55,41.3,996.0,1.0,425.48,324.64,10.87,-0.668,95.0,1,17.22,436.35
3806,21.93,37.0,1000.0,1.0,507.0,386.84,10.7,-0.373,95.3,1,15.91,517.7
3807,22.03,44.1,1015.0,1.0,577.0,440.25,10.94,-0.746,94.8,0,15.07,587.95
3808,21.54,45.4,929.0,1.0,630.72,481.24,10.42,-0.377,95.3,1,14.76,641.14
3809,19.97,40.5,988.0,1.0,664.48,507.0,10.77,-0.626,95.0,1,14.99,675.25
3810,21.9,44.0,1037.0,1.0,676.0,515.79,10.53,-0.707,94.9,0,15.75,686.53
3811,21.23,47.6,400.0,0.14,511.14,390.0,0.34,-0.824,94.6,0,16.99,511.48
3812,21.13,50.4,400.0,0.28,485.17,370.18,0.45,-0.39,95.3,1,18.62,485.62
3813,21.48,51.0,430.0,0.07,443.85,338.66,0.7,-0.388,95.3,1,20.54,444.54
3814,22.25,54.9,418.0,0.02,390.0,297.57,0.25,-0.41,95.3,1,22.61,390.25
3815,23.79,57.7,400.0,0.06,327.29,249.72,0.56,-0.033,95.0,1,24.69,327.85
3816,24.37,56.3,400.0,0.26,260.0,198.38,0.91,-0.138,95.1,1,26.64,260.91
3817,24.69,58.9,421.0,0.08,327.29,249.72,0.06,0.235,94.2,1,28.33,327.35
3818,25.96,61.8,400.0,0.08,390.0,297.57,0.65,-0.045,95.0,1,29.65,390.65
3819,26.47,62.1,400.0,0.1,443.85,338.66,0.6,0.671,92.0,1,30.5,444.45
3820,26.45,60.2,400.0,0.22,485.17,370.18,0.96,0.781,91.3,0,30.83,486.12
3821,27.4,58.8,400.0,0.04,511.14,390.0,0.83,0.358,93.7,1,30.61,511.97
3822,27.59,55.0,454.0,0.2,520.0,396.76,0.91,0.768,91.4,0,29.86,520.91
3823,27.43,52.6,422.0,0.04,511.14,390.0,0.87,0.362,93.7,1,28.64,512.01
3824,26.82,50.8,400.0,0.03,485.17,370.18,0.13,0.513,93.0,1,27.02,485.29
3825,26.32,46.2,400.0,0.12,443.85,338.66,0.31,-0.064,95.0,1,25.11,444.16
3826,25.0,45.0,443.0,0.29,390.0,297.57,0.9,0.107,94.6,1,23.06,390.9
3827,23.74,43.4,400.0,0.04,327.29,249.72,0.39,0.28,94.0,1,20.99,327.68
3828,24.06,44.6,422.0,0.05,260.0,198.38,0.74,0.353,93.7,1,19.04,260.74
3829,23.03,44.4,400.0,0.15,327.29,249.72,0.49,-0.158,95.2,1,17.36,327.78
3830,22.23,43.9,400.0,0.21,390.0,297.57,0.31,-0.511,95.2,1,16.06,390.31
3831,21.1,37.9,400.0,0.02,443.85,338.66,0.32,-0.292,95.3,1,15.22,444.17
3832,21.69,44.0,400.0,0.07,485.17,370.18,0.32,-0.716,94.9,0,14.91,485.49
3833,20.92,43.1,400.0,0.25,511.14,390.0,0.1,-0.681,94.9,1,15.14,511.24
3834,20.39,43.5,400.0,0.17,520.0,396.76,0.68,-0.596,95.1,1,15.9,520.68
3835,20.67,46.4,460.0,0.0,511.14,390.0,0.65,-0.401,95.3,1,17.13,511.79
3836,20.76,46.8,425.0,0.24,485.17,370.18,0.35,-0.63,95.0,1,18.77,485.52
3837,21.62,52.1,400.0,0.03,443.85,338.66,0.32,-0.449,95.3,1,20.68,444.17
3838,22.39,56.2,400.0,0.19,390.0,297.57,0.38,-0.222,95.2,1,22.75,390.38
3839,23.35,54.4,425.0,0.16,327.29,249.72,0.87,-0.004,94.9,1,24.84,328.17
3840,22.97,56.8,400.0,0.19,260.0,198.38,0.12,-0.281,95.3,1,26.79,260.12
3841,24.73,59.0,400.0,0.19,327.29,249.72,0.64,0.026,94.8,1,28.48,327.94
3842,24.61,63.2,431.0,0.14,390.0,297.57,0.09,0.266,94.1,1,29.8,390.09
3843,25.79,55.3,400.0,0.2,443.85,338.66,0.93,0.393,93.6,1,30.65,444.78
3844,26.68,60.0,400.0,0.24,485.17,370.18,0.29,0.491,93.1,1,30.98,485.45
3845,26.65,58.1,400.0,0.21,511.14,390.0,0.94,0.526,92.9,1,30.76,512.08
3846,25.84,56.5,400.0,0.06,520.0,396.76,0.04,0.444,93.3,1,30.01,520.04
3847,26.52,48.7,432.0,0.27,511.14,390.0,0.89,0.673,92.0,1,28.79,512.03
3848,27.24,48.9,405.0,0.23,485.17,370.18,0.01,0.567,92.7,1,27.17,485.18
3849,26.49,46.8,400.0,0.05,443.85,338.66,0.43,0.589,92.5,1,25.26,444.28
3850,26.58,42.3,400.0,0.01,390.0,297.57,0.51,0.12,94.6,1,23.2,390.51
3851,24.66,47.0,421.0,0.01,327.29,249.72,0.98,-0.113,95.1,1,21.13,328.27
3852,23.48,42.9,400.0,0.06,260.0,198.38,0.75,-0.056,95.0,1,19.19,260.75
3853,22.87,42.4,400.0,0.19,327.29,249.72,0.77,-0.12,95.1,1,17.51,328.06
3854,22.42,41.5,400.0,0.02,390.0,297.57,0.33,-0.195,95.2,1,16.21,390.33
3855,21.56,37.0,447.0,0.18,443.85,338.66,0.65,-0.733,94.8,0,15.37,444.5
3856,21.59,37.9,412.0,0.19,485.17,370.18,0.4,-0.621,95.1,1,15.06,485.56
3857,21.2,44.8,400.0,0.03,511.14,390.0,0.67,-0.642,95.0,1,15.29,511.81
3858,20.11,42.3,400.0,0.07,520.0,396.76,0.52,-0.45,95.3,1,16.05,520.52
3859,21.36,47.7,400.0,0.21,511.14,390.0,0.95,-0.749,94.8,0,17.28,512.09
3860,21.31,47.4,400.0,0.11,485.17,370.18,0.17,-0.335,95.3,1,18.92,485.34
3861,22.49,50.4,455.0,0.09,443.85,338.66,0.18,-0.618,95.1,1,20.83,444.02
3862,22.82,54.4,400.0,0.18,390.0,297.57,0.25,-0.413,95.3,1,22.9,390.25
3863,23.59,54.3,400.0,0.06,327.29,249.72,0.2,-0.36,95.3,1,24.98,327.49
3864,23.77,53.7,400.0,0.1,260.0,198.38,0.36,0.025,94.8,1,26.94,260.36
3865,23.93,59.7,404.0,0.06,327.29,249.72,0.92,0.258,94.1,1,28.63,328.21
3866,25.96,64.9,400.0,0.22,390.0,297.57,0.29,0.632,92.3,1,29.95,390.29
3867,26.3,61.1,400.0,0.0,443.85,338.66,0.07,0.405,93.5,1,30.8,443.92
3868,27.24,56.5,400.0,0.14,485.17,370.18,0.48,0.378,93.6,1,31.13,485.65
3869,26.45,56.1,402.0,0.28,511.14,390.0,0.05,0.371,93.7,1,30.91,511.2
3870,26.96,55.0,400.0,0.2,520.0,396.76,0.24,0.527,92.9,1,30.16,520.24
3871,26.71,53.1,400.0,0.15,511.14,390.0,0.1,0.92,90.3,0,28.94,511.24
3872,26.06,48.6,1025.0,1.0,630.72,481.24,10.64,0.261,94.1,1,27.32,641.36
3873,25.08,50.3,962.0,1.0,577.0,440.25,10.82,0.685,92.0,1,25.41,587.82
3874,25.11,44.1,1004.0,1.0,507.0,386.84,10.22,0.384,93.6,1,23.35,517.22
3875,24.16,43.5,1034.0,1.0,425.48,324.64,10.46,-0.017,94.9,1,21.28,435.94
3876,24.4,45.0,1033.0,1.0,338.0,257.89,10.33,0.0,94.9,1,19.34,348.33
3877,23.17,40.1,1004.0,1.0,425.48,324.64,10.18,-0.48,95.2,1,17.66,435.66
3878,22.02,44.3,1019.0,1.0,507.0,386.84,10.03,-0.16,95.2,1,16.36,517.03
3879,22.24,41.1,1036.0,1.0,577.0,440.25,10.66,-0.589,95.1,1,15.52,587.67
3880,21.61,40.0,976.0,1.0,630.72,481.24,10.24,-0.425,95.3,1,15.21,640.96
3881,20.94,42.0,988.0,1.0,664.48,507.0,10.25,-0.513,95.2,1,15.44,674.73
3882,20.75,43.4,982.0,1.0,676.0,515.79,10.88,-0.436,95.3,1,16.2,686.88
3883,20.38,43.9,400.0,0.06,511.14,390.0,0.4,-0.582,95.1,1,17.43,511.54
3884,21.26,42.1,400.0,0.07,485.17,370.18,0.42,-0.364,95.3,1,19.07,485.58
3885,21.55,50.3,400.0,0.05,443.85,338.66,0.76,-0.438,95.3,1,20.98,444.61
3886,22.84,50.3,415.0,0.17,390.0,297.57,0.82,-0.32,95.3,1,23.05,390.82
3887,23.2,54.7,400.0,0.07,327.29,249.72,0.65,-0.047,95.0,1,25.14,327.94
3888,23.58,60.7,404.0,0.01,260.0,198.38,0.04,-0.293,95.3,1,27.09,260.04
3889,25.17,58.6,400.0,0.29,327.29,249.72,0.14,0.161,94.5,1,28.78,327.44
3890,24.95,63.2,423.0,0.19,390.0,297.57,0.59,0.094,94.7,1,30.1,390.59
3891,25.64,58.6,400.0,0.16,443.85,338.66,0.32,0.222,94.3,1,30.95,444.17
3892,26.39,60.6,400.0,0.05,485.17,370.18,0.74,0.136,94.5,1,31.28,485.91
3893,26.95,57.1,428.0,0.26,511.14,390.0,0.57,0.167,94.4,1,31.06,511.71
3894,26.94,54.5,400.0,0.2,520.0,396.76,0.41,0.398,93.5,1,30.31,520.41
3895,27.54,55.9,400.0,0.29,511.14,390.0,0.84,0.457,93.2,1,29.09,511.99
3896,26.62,54.9,1033.0,1.0,630.72,481.24,10.49,0.479,93.1,1,27.47,641.21
3897,24.94,47.0,978.0,1.0,577.0,440.25,10.63,0.326,93.8,1,25.56,587.63
3898,25.33,43.2,991.0,1.0,507.0,386.84,10.2,0.325,93.9,1,23.51,517.2
3899,24.54,43.2,990.0,1.0,425.48,324.64,10.3,0.028,94.8,1,21.44,435.78
3900,23.27,42.2,985.0,1.0,338.0,257.89,10.48,-0.09,95.1,1,19.49,348.48
3901,22.84,41.7,1033.0,1.0,425.48,324.64,10.33,0.168,94.4,1,17.81,435.81
3902,21.55,40.2,955.0,1.0,507.0,386.84,10.86,-0.118,95.1,1,16.51,517.86
3903,21.72,38.5,979.0,1.0,577.0,440.25,10.23,-0.488,95.2,1,15.67,587.23
3904,21.04,45.2,996.0,1.0,630.72,481.24,10.89,-0.503,95.2,1,15.36,641.6
3905,20.31,40.8,1015.0,1.0,664.48,507.0,10.24,-0.682,94.9,1,15.59,674.72
3906,20.44,44.2,966.0,1.0,676.0,515.79,10.33,-0.258,95.3,1,16.35,686.33
3907,21.39,49.3,419.0,0.17,511.14,390.0,0.7,-0.49,95.2,1,17.59,511.84
3908,21.13,47.4,412.0,0.2,485.17,370.18,0.24,-0.705,94.9,0,19.22,485.4
3909,21.4,52.1,400.0,0.27,443.85,338.66,0.46,-0.396,95.3,1,21.14,444.31
3910,21.81,55.8,400.0,0.07,390.0,297.57,0.29,-0.529,95.2,1,23.2,390.29
3911,23.19,57.1,400.0,0.19,327.29,249.72,0.79,-0.218,95.2,1,25.29,328.08
3912,24.07,59.3,434.0,0.21,260.0,198.38,0.07,-0.031,95.0,1,27.24,260.07
3913,24.8,59.0,438.0,0.1,327.29,249.72,0.09,0.028,94.8,1,28.93,327.39
3914,25.48,60.6,423.0,0.09,390.0,297.57,0.61,0.277,94.0,1,30.25,390.61
3915,26.3,58.3,400.0,0.04,443.85,338.66,0.6,0.39,93.6,1,31.1,444.44
3916,26.08,55.5,407.0,0.11,485.17,370.18,0.43,0.51,93.0,1,31.43,485.6
3917,26.18,56.0,408.0,0.12,511.14,390.0,0.37,0.591,92.5,1,31.21,511.51
3918,26.82,55.4,400.0,0.14,520.0,396.76,0.86,0.7,91.9,1,30.47,520.86
3919,26.59,54.2,400.0,0.19,511.14,390.0,0.53,0.545,92.8,1,29.24,511.67
3920,26.11,53.0,1045.0,1.0,630.72,481.24,10.67,0.23,94.2,1,27.62,641.38
3921,25.78,51.0,966.0,1.0,577.0,440.25,10.84,0.613,92.4,1,25.72,587.84
3922,26.13,42.4,1010.0,1.0,507.0,386.84,10.7,0.661,92.1,1,23.66,517.7
3923,24.58,41.2,1001.0,1.0,425.48,324.64,10.7,-0.071,95.0,1,21.59,436.18
3924,23.99,40.6,973.0,1.0,338.0,257.89,10.11,-0.177,95.2,1,19.65,348.11
3925,22.12,41.1,1022.0,1.0,425.48,324.64,10.17,0.071,94.7,1,17.97,435.65
3926,22.71,39.8,984.0,1.0,507.0,386.84,10.04,-0.061,95.0,1,16.66,517.04
3927,21.52,41.6,1036.0,1.0,577.0,440.25,10.4,-0.457,95.2,1,15.83,587.4
3928,21.08,41.8,1069.0,1.0,630.72,481.24,10.2,-0.737,94.8,0,15.51,640.92
3929,20.58,44.0,1002.0,1.0,664.48,507.0,10.57,-0.84,94.5,0,15.74,675.06
3930,20.0,41.7,1055.0,1.0,676.0,515.79,10.31,-0.642,95.0,1,16.5,686.31
3931,19.92,47.2,404.0,0.27,511.14,390.0,0.03,-0.238,95.2,1,17.74,511.17
3932,20.59,49.9,400.0,0.25,485.17,370.18,0.92,-0.417,95.3,1,19.37,486.09
3933,23.22,52.5,400.0,0.21,443.85,338.66,0.12,-0.45,95.2,1,21.29,443.97
3934,22.84,54.5,400.0,0.26,390.0,297.57,0.8,0.04,94.8,1,23.36,390.8
3935,22.87,60.0,453.0,0.03,327.29,249.72,0.4,-0.069,95.0,1,25.44,327.7
3936,23.77,58.4,403.0,0.17,260.0,198.38,0.04,-0.099,95.1,1,27.4,260.04
3937,25.1,57.2,400.0,0.04,327.29,249.72,0.18,-0.131,95.1,1,29.09,327.48
3938,25.18,57.7,413.0,0.21,390.0,297.57,0.38,0.06,94.7,1,30.4,390.38
3939,24.73,58.7,403.0,0.06,443.85,338.66,0.65,0.645,92.2,1,31.26,444.5
3940,26.79,56.6,400.0,0.11,485.17,370.18,0.31,0.385,93.6,1,31.58,485.48
3941,26.48,60.9,400.0,0.04,511.14,390.0,0.76,0.154,94.5,1,31.37,511.9
3942,26.66,58.4,435.0,0.18,520.0,396.76,0.18,0.418,93.4,1,30.62,520.18
3943,26.43,51.9,405.0,0.01,511.14,390.0,0.99,0.539,92.8,1,29.39,512.13
3944,26.03,51.3,1006.0,1.0,630.72,481.24,10.71,0.423,93.4,1,27.77,641.43
3945,26.06,47.2,985.0,1.0,577.0,440.25,10.66,0.62,92.4,1,25.87,587.66
3946,25.11,44.9,962.0,1.0,507.0,386.84,10.15,0.433,93.4,1,23.81,517.15
3947,24.42,41.9,1006.0,1.0,425.48,324.64,10.45,-0.078,95.0,1,21.74,435.93
3948,23.11,42.7,983.0,1.0,338.0,257.89,10.51,-0.133,95.1,1,19.8,348.51
3949,23.91,40.1,1004.0,1.0,425.48,324.64,10.76,-0.108,95.1,1,18.12,436.24
3950,22.68,39.2,939.0,1.0,507.0,386.84,10.74,-0.169,95.2,1,16.82,517.74
3951,21.91,39.4,1003.0,1.0,577.0,440.25,10.9,-0.526,95.2,1,15.98,587.9
3952,21.72,43.2,998.0,1.0,630.72,481.24,10.77,-0.295,95.3,1,15.67,641.49
3953,20.69,40.9,1002.0,1.0,664.48,507.0,10.54,-0.584,95.1,1,15.9,675.03
3954,21.02,43.4,1007.0,1.0,676.0,515.79,10.2,-0.391,95.3,1,16.66,686.2
3955,21.04,45.6,414.0,0.24,511.14,390.0,0.42,-0.493,95.2,1,17.89,511.56
3956,20.98,51.0,417.0,0.25,485.17,370.18,0.86,-0.442,95.3,1,19.53,486.03
3957,21.35,55.4,400.0,0.24,443.85,338.66,0.79,-0.315,95.3,1,21.44,444.64
3958,21.99,53.2,428.0,0.09,390.0,297.57,0.34,-0.205,95.2,1,23.51,390.34
3959,22.82,59.6,400.0,0.27,327.29,249.72,0.05,-0.111,95.1,1,25.6,327.34
3960,22.85,60.7,400.0,0.13,260.0,198.38,0.93,-0.014,94.9,1,27.55,260.93
3961,24.59,57.5,421.0,0.12,327.29,249.72,0.04,0.292,94.0,1,29.24,327.34
3962,25.58,60.4,400.0,0.28,390.0,297.57,0.44,0.68,92.0,1,30.56,390.44
3963,25.33,57.5,400.0,0.19,443.85,338.66,0.53,0.543,92.8,1,31.41,444.38
3964,25.83,58.2,444.0,0.28,485.17,370.18,0.41,0.331,93.8,1,31.74,485.57
3965,26.04,54.5,400.0,0.03,511.14,390.0,0.21,0.664,92.1,1,31.52,511.35
3966,26.3,54.5,409.0,0.11,520.0,396.76,0.69,0.61,92.4,1,30.77,520.69
3967,25.8,52.5,431.0,0.16,511.14,390.0,0.43,0.669,92.1,1,29.55,511.57
3968,25.84,48.5,984.0,1.0,630.72,481.24,10.99,0.524,92.9,1,27.93,641.7
3969,26.1,48.7,1022.0,1.0,577.0,440.25,10.42,0.399,93.5,1,26.03,587.42
3970,24.42,47.7,1005.0,1.0,507.0,386.84,10.93,-0.198,95.2,1,23.97,517.93
3971,24.13,44.3,1039.0,1.0,425.48,324.64,10.15,0.021,94.8,1,21.9,435.63
3972,23.82,39.0,983.0,1.0,338.0,257.89,10.48,0.161,94.5,1,19.96,348.48
3973,22.86,42.9,981.0,1.0,425.48,324.64,10.04,0.106,94.6,1,18.28,435.52
3974,22.24,40.4,1009.0,1.0,507.0,386.84,10.91,-0.504,95.2,1,16.97,517.91
3975,21.59,38.6,971.0,1.0,577.0,440.25,10.25,-0.575,95.1,1,16.14,587.26
3976,20.94,40.7,1038.0,1.0,630.72,481.24,10.11,-0.28,95.3,1,15.82,640.83
3977,19.97,45.1,992.0,1.0,664.48,507.0,10.93,-0.561,95.1,1,16.05,675.41
3978,20.47,44.5,1052.0,1.0,676.0,515.79,10.83,-0.443,95.3,1,16.81,686.83
3979,20.22,45.8,400.0,0.19,511.14,390.0,0.74,-0.406,95.3,1,18.05,511.88
3980,21.24,49.3,431.0,0.04,485.17,370.18,0.18,-0.243,95.2,1,19.68,485.35
3981,20.97,49.3,400.0,0.28,443.85,338.66,0.44,-0.07,95.0,1,21.6,444.28
3982,22.42,52.9,400.0,0.25,390.0,297.57,0.85,-0.437,95.3,1,23.67,390.85
3983,22.69,57.9,413.0,0.23,327.29,249.72,0.74,-0.27,95.3,1,25.75,328.03
3984,23.65,58.1,404.0,0.26,260.0,198.38,0.1,0.213,94.3,1,27.71,260.1
3985,24.51,58.8,417.0,0.12,327.29,249.72,0.66,0.113,94.6,1,29.4,327.96
3986,25.59,59.9,400.0,0.05,390.0,297.57,0.81,0.322,93.9,1,30.72,390.81
3987,25.97,61.2,400.0,0.2,443.85,338.66,0.04,0.112,94.6,1,31.57,443.89
3988,25.82,64.1,420.0,0.28,485.17,370.18,0.72,0.389,93.6,1,31.9,485.88
3989,26.66,51.5,400.0,0.07,511.14,390.0,0.9,0.656,92.1,1,31.68,512.04
3990,26.63,55.2,402.0,0.16,520.0,396.76,0.46,0.568,92.7,1,30.93,520.46
3991,26.77,52.3,418.0,0.26,511.14,390.0,0.75,0.473,93.2,1,29.71,511.89
3992,26.07,53.0,405.0,0.05,485.17,370.18,0.28,0.054,94.8,1,28.09,485.44
3993,26.29,47.6,400.0,0.11,443.85,338.66,0.61,0.068,94.7,1,26.18,444.46
3994,25.01,44.4,400.0,0.24,390.0,297.57,0.73,0.443,93.3,1,24.13,390.73
3995,23.42,42.7,433.0,0.19,327.29,249.72,0.63,0.221,94.3,1,22.06,327.92
3996,23.46,44.4,423.0,0.04,260.0,198.38,0.15,0.069,94.7,1,20.11,260.15
3997,22.22,36.9,435.0,0.17,327.29,249.72,0.71,0.075,94.7,1,18.43,328.0
3998,21.7,40.5,400.0,0.11,390.0,297.57,0.73,-0.167,95.2,1,17.13,390.73
3999,21.23,41.0,400.0,0.29,443.85,338.66,0.86,-0.526,95.2,1,16.29,444.71
4000,21.05,44.4,400.0,0.11,485.17,370.18,0.92,-0.378,95.3,1,15.98,486.09
4001,20.31,40.0,410.0,0.2,511.14,390.0,0.11,-0.415,95.3,1,16.21,511.25
4002,21.14,43.4,450.0,0.14,520.0,396.76,0.61,-0.472,95.2,1,16.97,520.61
4003,20.53,47.9,402.0,0.04,511.14,390.0,0.37,-0.397,95.3,1,18.21,511.51
4004,20.67,48.7,400.0,0.11,485.17,370.18,0.45,-0.465,95.2,1,19.84,485.62
4005,21.76,48.8,407.0,0.27,443.85,338.66,0.44,-0.42,95.3,1,21.76,444.29
4006,22.02,56.4,400.0,0.05,390.0,297.57,0.34,-0.27,95.3,1,23.83,390.34
4007,21.88,56.8,400.0,0.09,327.29,249.72,0.74,0.052,94.8,1,25.91,328.03
4008,22.82,56.7,400.0,0.14,260.0,198.38,0.85,0.339,93.8,1,27.86,260.85
4009,25.01,57.4,400.0,0.06,327.29,249.72,0.66,0.135,94.5,1,29.56,327.96
4010,24.86,60.6,413.0,0.15,390.0,297.57,0.11,0.403,93.5,1,30.87,390.11
4011,25.45,57.2,433.0,0.02,443.85,338.66,0.11,0.46,93.2,1,31.72,443.96
4012,26.58,59.7,440.0,0.2,485.17,370.18,0.43,0.845,90.9,0,32.05,485.6
4013,26.24,63.3,427.0,0.25,511.14,390.0,0.04,0.832,91.0,0,31.84,511.18
4014,26.17,53.0,400.0,0.27,520.0,396.76,0.83,0.52,92.9,1,31.09,520.83
4015,26.25,56.4,400.0,0.07,511.14,390.0,0.27,0.405,93.5,1,29.86,511.41
4016,25.76,52.9,443.0,0.2,485.17,370.18,0.54,0.026,94.8,1,28.24,485.71
4017,25.41,46.7,400.0,0.0,443.85,338.66,0.99,0.393,93.6,1,26.34,444.84
4018,24.89,44.7,400.0,0.19,390.0,297.57,0.31,0.305,93.9,1,24.28,390.31
4019,24.32,42.3,401.0,0.23,327.29,249.72,0.73,0.162,94.5,1,22.21,328.03
4020,23.21,42.3,424.0,0.15,260.0,198.38,0.9,0.053,94.8,1,20.27,260.9
4021,22.52,40.6,400.0,0.22,327.29,249.72,0.38,-0.009,94.9,1,18.59,327.68
4022,21.84,39.2,418.0,0.07,390.0,297.57,0.32,-0.26,95.3,1,17.29,390.32
4023,22.38,38.8,400.0,0.09,443.85,338.66,0.74,-0.556,95.1,1,16.45,444.59
4024,20.94,39.6,426.0,0.26,485.17,370.18,0.07,-0.329,95.3,1,16.14,485.23
4025,19.11,44.3,400.0,0.02,511.14,390.0,0.02,-0.484,95.2,1,16.37,511.16
4026,20.21,42.6,403.0,0.21,520.0,396.76,0.56,-0.599,95.1,1,17.13,520.56
4027,19.75,45.7,400.0,0.23,511.14,390.0,0.02,-0.076,95.0,1,18.37,511.16
4028,20.52,51.0,400.0,0.11,485.17,370.18,0.4,-0.395,95.3,1,20.0,485.57
4029,21.01,51.3,414.0,0.15,443.85,338.66,0.95,-0.46,95.2,1,21.91,444.8
4030,20.98,53.1,400.0,0.19,390.0,297.57,0.12,-0.151,95.2,1,23.99,390.12
4031,23.4,55.9,418.0,0.03,327.29,249.72,0.58,0.321,93.9,1,26.07,327.87
4032,23.33,62.1,409.0,0.22,260.0,198.38,0.04,0.116,94.6,1,28.02,260.04
4033,24.55,57.5,400.0,0.13,327.29,249.72,0.17,0.039,94.8,1,29.72,327.46
4034,24.41,62.4,400.0,0.24,390.0,297.57,0.6,0.754,91.5,0,31.03,390.6
4035,25.35,58.5,405.0,0.09,443.85,338.66,0.52,0.469,93.2,1,31.88,444.36
4036,26.2,59.6,421.0,0.08,485.17,370.18,0.61,0.532,92.9,1,32.21,485.77
4037,25.52,56.3,415.0,0.22,511.14,390.0,0.28,0.341,93.8,1,31.99,511.43
4038,27.53,57.2,400.0,0.21,520.0,396.76,0.35,0.497,93.0,1,31.25,520.35
4039,26.74,50.4,407.0,0.22,511.14,390.0,0.87,0.656,92.1,1,30.02,512.01
4040,25.93,48.8,994.0,1.0,630.72,481.24,10.26,0.592,92.5,1,28.4,640.98
4041,25.05,46.6,1004.0,1.0,577.0,440.25,10.65,-0.072,95.0,1,26.5,587.65
4042,24.82,46.0,1036.0,1.0,507.0,386.84,10.25,0.188,94.4,1,24.44,517.25
4043,22.91,43.3,1008.0,1.0,425.48,324.64,10.79,0.187,94.4,1,22.37,436.27
4044,23.4,38.1,984.0,1.0,338.0,257.89,10.76,-0.276,95.3,1,20.43,348.76
4045,23.17,38.4,1016.0,1.0,425.48,324.64,10.9,-0.456,95.2,1,18.75,436.38
4046,20.98,43.4,1003.0,1.0,507.0,386.84,10.21,-0.047,95.0,1,17.45,517.21
4047,20.79,40.2,1030.0,1.0,577.0,440.25,10.51,-0.353,95.3,1,16.61,587.51
4048,20.15,37.0,966.0,1.0,630.72,481.24,10.16,-0.499,95.2,1,16.3,640.88
4049,20.87,43.8,964.0,1.0,664.48,507.0,10.45,-0.534,95.2,1,16.53,674.94
4050,20.45,44.7,992.0,1.0,676.0,515.79,10.68,-0.384,95.3,1,17.29,686.68
4051,19.99,47.6,400.0,0.2,511.14,390.0,0.2,-0.382,95.3,1,18.52,511.34
4052,20.57,50.6,400.0,0.21,485.17,370.18,0.5,-0.265,95.3,1,20.16,485.67
4053,21.14,50.2,405.0,0.12,443.85,338.66,0.98,-0.277,95.3,1,22.07,444.82
4054,21.09,55.4,433.0,0.03,390.0,297.57,0.18,-0.11,95.1,1,24.14,390.18
4055,21.85,58.5,400.0,0.24,327.29,249.72,0.28,0.066,94.7,1,26.23,327.58
4056,22.92,57.8,426.0,0.25,260.0,198.38,0.26,0.277,94.0,1,28.18,260.26
4057,23.49,62.0,406.0,0.3,327.29,249.72,0.78,0.186,94.4,1,29.88,328.07
4058,24.59,56.5,400.0,0.27,390.0,297.57,0.92,0.254,94.1,1,31.19,390.92
4059,24.87,61.1,400.0,0.17,443.85,338.66,0.79,0.629,92.3,1,32.04,444.64
4060,25.82,56.7,400.0,0.11,485.17,370.18,0.55,0.257,94.1,1,32.37,485.72
4061,26.01,52.9,400.0,0.24,511.14,390.0,0.07,0.354,93.7,1,32.15,511.22
4062,26.46,52.8,400.0,0.17,520.0,396.76,0.35,0.634,92.3,1,31.41,520.35
4063,26.17,49.3,400.0,0.28,511.14,390.0,0.21,0.657,92.1,1,30.18,511.35
4064,24.78,53.3,1025.0,1.0,630.72,481.24,10.42,0.292,94.0,1,28.56,641.14
4065,25.03,46.3,995.0,1.0,577.0,440.25,10.39,0.451,93.3,1,26.66,587.39
4066,24.87,46.3,1048.0,1.0,507.0,386.84,10.81,0.217,94.3,1,24.6,517.81
4067,24.52,42.1,972.0,1.0,425.48,324.64,10.7,0.069,94.7,1,22.53,436.18
4068,23.71,44.9,1023.0,1.0,338.0,257.89,10.74,0.026,94.8,1,20.59,348.74
4069,22.99,39.4,965.0,1.0,425.48,324.64,10.97,0.042,94.8,1,18.91,436.45
4070,21.67,40.5,992.0,1.0,507.0,386.84,10.58,-0.024,94.9,1,17.61,517.58
4071,21.55,38.6,992.0,1.0,577.0,440.25,10.75,-0.097,95.1,1,16.77,587.75
4072,21.45,42.5,993.0,1.0,630.72,481.24,10.11,-0.355,95.3,1,16.46,640.83
4073,20.63,42.2,1032.0,1.0,664.48,507.0,10.1,-0.573,95.1,1,16.69,674.58
4074,20.26,45.7,1002.0,1.0,676.0,515.79,10.24,-0.528,95.2,1,17.45,686.24
4075,20.48,43.8,450.0,0.17,511.14,390.0,0.66,-0.504,95.2,1,18.69,511.8
4076,19.54,50.4,437.0,0.07,485.17,370.18,0.35,-0.668,95.0,1,20.32,485.51
4077,20.74,52.3,400.0,0.14,443.85,338.66,0.91,-0.562,95.1,1,22.24,444.76
4078,20.28,51.2,429.0,0.22,390.0,297.57,0.11,-0.717,94.9,0,24.31,390.11
4079,22.27,52.6,400.0,0.19,327.29,249.72,0.44,-0.22,95.2,1,26.39,327.74
4080,22.64,61.1,400.0,0.07,260.0,198.38,0.31,-0.18,95.2,1,28.34,260.31
4081,23.05,60.5,400.0,0.04,327.29,249.72,0.35,0.177,94.4,1,30.04,327.64
4082,24.79,61.0,412.0,0.22,390.0,297.57,0.74,0.171,94.4,1,31.35,390.74
4083,24.83,62.9,417.0,0.16,443.85,338.66,0.52,0.648,92.2,1,32.2,444.37
4084,25.57,60.5,400.0,0.07,485.17,370.18,0.16,0.559,92.7,1,32.53,485.33
4085,26.16,60.1,411.0,0.1,511.14,390.0,0.09,-0.15,95.2,1,32.32,511.23
4086,25.31,53.1,436.0,0.22,520.0,396.76,0.34,0.293,94.0,1,31.57,520.34
4087,26.3,53.0,420.0,0.07,511.14,390.0,0.36,0.416,93.4,1,30.34,511.5
4088,25.67,55.7,1010.0,1.0,630.72,481.24,10.95,0.335,93.8,1,28.72,641.67
4089,25.41,49.1,1025.0,1.0,577.0,440.25,10.37,0.271,94.1,1,26.82,587.37
4090,24.15,39.3,933.0,1.0,507.0,386.84,10.29,-0.069,95.0,1,24.76,517.29
4091,24.34,43.7,946.0,1.0,425.48,324.64,10.07,0.196,94.3,1,22.69,435.55
4092,23.04,40.4,1046.0,1.0,338.0,257.89,10.52,-0.084,95.1,1,20.75,348.52
4093,22.34,38.6,1017.0,1.0,425.48,324.64,10.29,-0.336,95.3,1,19.07,435.77
4094,21.32,42.4,1008.0,1.0,507.0,386.84,10.67,-0.47,95.2,1,17.77,517.67
4095,20.17,39.3,1003.0,1.0,577.0,440.25,10.14,-0.391,95.3,1,16.93,587.15
4096,20.45,41.7,998.0,1.0,630.72,481.24,10.78,0.017,94.9,1,16.62,641.5
4097,20.42,41.1,1012.0,1.0,664.48,507.0,10.62,-0.574,95.1,1,16.85,675.1
4098,19.92,45.2,1007.0,1.0,676.0,515.79,10.3,-0.346,95.3,1,17.61,686.3
4099,19.63,48.2,400.0,0.19,511.14,390.0,0.73,-0.272,95.3,1,18.85,511.87
4100,20.19,50.2,406.0,0.2,485.17,370.18,0.82,-0.548,95.2,1,20.48,485.98
4101,21.15,51.4,406.0,0.12,443.85,338.66,0.78,-0.322,95.3,1,22.4,444.63
4102,21.9,55.2,400.0,0.22,390.0,297.57,0.98,-0.482,95.2,1,24.47,390.98
4103,22.68,60.8,431.0,0.06,327.29,249.72,0.72,-0.598,95.1,1,26.55,328.01
4104,23.48,60.2,400.0,0.09,260.0,198.38,0.37,0.009,94.9,1,28.5,260.37
4105,23.23,58.9,400.0,0.04,327.29,249.72,0.08,0.125,94.6,1,30.2,327.37
4106,24.69,57.8,400.0,0.19,390.0,297.57,0.68,0.105,94.6,1,31.51,390.68
4107,25.2,56.2,400.0,0.09,443.85,338.66,0.72,0.59,92.5,1,32.37,444.57
4108,25.4,55.6,400.0,0.1,485.17,370.18,0.49,0.507,93.0,1,32.69,485.65
4109,24.97,54.0,400.0,0.16,511.14,390.0,0.31,0.073,94.7,1,32.48,511.46
4110,25.76,52.1,417.0,0.24,520.0,396.76,0.75,0.384,93.6,1,31.73,520.75
4111,26.74,53.9,400.0,0.28,511.14,390.0,0.29,0.505,93.0,1,30.51,511.43
4112,25.73,52.5,953.0,1.0,630.72,481.24,10.1,0.551,92.8,1,28.89,640.81
4113,24.98,46.9,987.0,1.0,577.0,440.25,10.27,0.427,93.4,1,26.98,587.27
4114,24.01,45.6,960.0,1.0,507.0,386.84,10.73,0.308,93.9,1,24.93,517.73
4115,24.05,44.7,1028.0,1.0,425.48,324.64,10.35,0.284,94.0,1,22.86,435.83
4116,23.76,42.7,1029.0,1.0,338.0,257.89,10.23,-0.311,95.3,1,20.92,348.23
4117,22.46,41.4,1010.0,1.0,425.48,324.64,10.49,-0.168,95.2,1,19.24,435.97
4118,20.84,42.1,1020.0,1.0,507.0,386.84,10.83,-0.419,95.3,1,17.93,517.83
4119,20.33,41.4,1002.0,1.0,577.0,440.25,10.44,-0.036,95.0,1,17.09,587.44
4120,19.75,39.4,1007.0,1.0,630.72,481.24,10.6,-0.347,95.3,1,16.78,641.31
4121,21.08,43.2,982.0,1.0,664.48,507.0,10.48,-0.394,95.3,1,17.01,674.96
4122,20.05,48.3,990.0,1.0,676.0,515.79,10.57,-0.376,95.3,1,17.77,686.57
4123,20.38,46.5,421.0,0.08,511.14,390.0,0.7,-0.518,95.2,1,19.01,511.84
4124,20.5,51.0,400.0,0.05,485.17,370.18,0.88,-0.62,95.1,1,20.64,486.05
4125,21.01,56.0,404.0,0.18,443.85,338.66,0.35,-0.358,95.3,1,22.56,444.2
4126,21.04,53.6,400.0,0.09,390.0,297.57,0.93,-0.16,95.2,1,24.63,390.93
4127,21.63,54.1,400.0,0.24,327.29,249.72,0.29,0.279,94.0,1,26.71,327.58
4128,22.32,58.4,431.0,0.02,260.0,198.38,0.94,0.263,94.1,1,28.67,260.94
4129,23.66,58.4,415.0,0.15,327.29,249.72,0.23,-0.047,95.0,1,30.36,327.52
4130,24.15,60.1,407.0,0.23,390.0,297.57,0.13,0.376,93.6,1,31.68,390.13
4131,24.75,57.3,400.0,0.16,443.85,338.66,0.6,0.523,92.9,1,32.53,444.45
4132,25.54,56.6,400.0,0.25,485.17,370.18,0.86,0.19,94.4,1,32.86,486.03
4133,24.96,57.1,400.0,0.03,511.14,390.0,0.92,0.398,93.5,1,32.64,512.06
4134,25.27,54.5,400.0,0.07,520.0,396.76,0.83,0.441,93.3,1,31.89,520.83
4135,26.33,56.2,415.0,0.0,511.14,390.0,0.21,0.225,94.2,1,30.67,511.35
4136,26.15,49.1,1013.0,1.0,630.72,481.24,10.93,0.35,93.7,1,29.05,641.65
4137,25.76,47.1,944.0,1.0,577.0,440.25,10.91,0.314,93.9,1,27.15,587.92
4138,24.22,46.4,995.0,1.0,507.0,386.84,10.0,0.411,93.5,1,25.09,517.0
4139,23.6,48.6,1047.0,1.0,425.48,324.64,10.23,0.064,94.7,1,23.02,435.71
4140,23.41,41.2,1006.0,1.0,338.0,257.89,10.16,-0.129,95.1,1,21.08,348.16
4141,21.29,42.4,1047.0,1.0,425.48,324.64,10.85,-0.229,95.2,1,19.4,436.33
4142,21.24,39.2,1010.0,1.0,507.0,386.84,10.57,0.005,94.9,1,18.1,517.57
4143,20.94,37.6,1015.0,1.0,577.0,440.25,10.05,-0.207,95.2,1,17.26,587.05
4144,20.11,39.5,994.0,1.0,630.72,481.24,10.27,-0.716,94.9,0,16.94,640.98
4145,20.49,42.0,976.0,1.0,664.48,507.0,10.36,-0.463,95.2,1,17.17,674.85
4146,19.89,48.1,974.0,1.0,676.0,515.79,10.32,-0.651,95.0,1,17.93,686.32
4147,19.32,48.7,430.0,0.17,511.14,390.0,0.87,-0.796,94.7,0,19.17,512.01
4148,20.03,51.1,400.0,0.07,485.17,370.18,0.47,-0.47,95.2,1,20.81,485.64
4149,20.25,51.3,400.0,0.03,443.85,338.66,0.24,-0.043,95.0,1,22.72,444.08
4150,21.85,53.4,451.0,0.13,390.0,297.57,0.36,-0.16,95.2,1,24.79,390.36
4151,22.44,54.9,458.0,0.05,327.29,249.72,0.25,-0.213,95.2,1,26.88,327.54
4152,23.19,59.9,406.0,0.14,260.0,198.38,0.7,0.184,94.4,1,28.83,260.7
4153,23.96,61.5,400.0,0.07,327.29,249.72,0.25,0.26,94.1,1,30.52,327.54
4154,24.76,61.9,400.0,0.12,390.0,297.57,0.0,0.174,94.4,1,31.84,390.0
4155,26.09,57.1,400.0,0.12,443.85,338.66,0.52,0.596,92.5,1,32.69,444.36
4156,25.27,57.2,400.0,0.07,485.17,370.18,0.49,0.21,94.3,1,33.02,485.65
4157,25.7,61.5,437.0,0.14,511.14,390.0,0.43,0.752,91.5,0,32.8,511.57
4158,25.8,56.9,400.0,0.29,520.0,396.76,0.61,0.615,92.4,1,32.06,520.61
4159,25.83,55.2,400.0,0.16,511.14,390.0,0.49,0.515,92.9,1,30.83,511.63
4160,25.55,50.2,400.0,0.06,485.17,370.18,0.73,0.362,93.7,1,29.21,485.9
4161,25.68,49.6,400.0,0.04,443.85,338.66,0.59,-0.045,95.0,1,27.31,444.44
4162,25.05,44.6,400.0,0.24,390.0,297.57,0.14,0.08,94.7,1,25.25,390.14
4163,23.68,44.6,400.0,0.02,327.29,249.72,0.44,0.126,94.6,1,23.18,327.73
4164,23.22,41.4,400.0,0.03,260.0,198.38,0.52,-0.137,95.1,1,21.24,260.52
4165,21.25,40.3,400.0,0.02,327.29,249.72,0.73,-0.31,95.3,1,19.56,328.03
4166,21.57,40.0,400.0,0.09,390.0,297.57,0.29,-0.19,95.2,1,18.26,390.29
4167,21.6,35.8,400.0,0.24,443.85,338.66,0.07,-0.617,95.1,1,17.42,443.91
4168,18.61,38.7,400.0,0.21,485.17,370.18,0.27,-0.447,95.3,1,17.11,485.44
4169,20.28,44.9,400.0,0.27,511.14,390.0,0.82,-0.7,94.9,0,17.34,511.96
4170,20.25,45.8,400.0,0.19,520.0,396.76,0.8,-0.731,94.8,0,18.1,520.8
4171,19.81,48.1,400.0,0.01,511.14,390.0,0.08,-0.232,95.2,1,19.34,511.22
4172,20.54,46.9,407.0,0.07,485.17,370.18,0.06,-0.661,95.0,1,20.97,485.23
4173,20.45,51.1,400.0,0.02,443.85,338.66,0.31,-0.792,94.7,0,22.89,444.16
4174,22.15,56.8,435.0,0.08,390.0,297.57,0.37,0.117,94.6,1,24.96,390.37
4175,22.49,53.9,438.0,0.28,327.29,249.72,0.58,-0.258,95.3,1,27.04,327.88
4176,22.94,57.0,400.0,0.14,260.0,198.38,0.96,-0.203,95.2,1,29.0,260.96
4177,22.87,56.5,403.0,0.03,327.29,249.72,0.87,0.286,94.0,1,30.69,328.16
4178,23.9,61.2,400.0,0.16,390.0,297.57,0.92,0.116,94.6,1,32.01,390.92
4179,23.76,58.4,403.0,0.13,443.85,338.66,0.08,0.268,94.1,1,32.86,443.93
4180,25.33,61.4,428.0,0.29,485.17,370.18,0.65,0.399,93.5,1,33.19,485.82
4181,25.8,57.7,410.0,0.24,511.14,390.0,0.61,0.567,92.7,1,32.97,511.75
4182,25.6,56.2,400.0,0.19,520.0,396.76,0.96,0.585,92.6,1,32.22,520.96
4183,25.48,54.0,432.0,0.29,511.14,390.0,0.92,0.761,91.5,0,31.0,512.06
4184,25.13,53.5,400.0,0.08,485.17,370.18,0.98,0.685,92.0,1,29.38,486.14
4185,24.42,49.2,406.0,0.12,443.85,338.66,0.37,0.367,93.7,1,27.47,444.22
4186,24.08,47.7,400.0,0.16,390.0,297.57,0.93,0.521,92.9,1,25.42,390.93
4187,23.63,42.0,409.0,0.28,327.29,249.72,0.11,0.343,93.8,1,23.35,327.41
4188,21.86,40.2,400.0,0.01,260.0,198.38,0.59,-0.109,95.1,1,21.41,260.59
4189,22.69,37.4,400.0,0.29,327.29,249.72,0.41,0.06,94.7,1,19.73,327.7
4190,21.01,41.1,400.0,0.2,390.0,297.57,0.7,0.298,94.0,1,18.43,390.7
4191,20.24,39.4,420.0,0.18,443.85,338.66,0.92,-0.449,95.3,1,17.59,444.77
4192,20.54,40.9,435.0,0.06,485.17,370.18,0.13,-0.418,95.3,1,17.27,485.29
4193,20.37,42.6,400.0,0.14,511.14,390.0,0.65,-0.976,94.1,0,17.5,511.79
4194,20.58,45.6,431.0,0.08,520.0,396.76,0.92,-0.422,95.3,1,18.26,520.92
4195,20.48,45.8,400.0,0.16,511.14,390.0,0.32,-0.344,95.3,1,19.5,511.46
4196,19.42,50.2,462.0,0.22,485.17,370.18,0.52,-0.38,95.3,1,21.14,485.68
4197,20.76,49.7,400.0,0.26,443.85,338.66,0.39,-0.262,95.3,1,23.05,444.24
4198,21.65,57.0,402.0,0.12,390.0,297.57,0.33,-0.062,95.0,1,25.12,390.33
4199,22.31,52.3,400.0,0.02,327.29,249.72,0.6,-0.284,95.3,1,27.21,327.9
4200,21.92,56.2,400.0,0.19,260.0,198.38,0.97,-0.182,95.2,1,29.16,260.97
4201,23.06,60.9,418.0,0.1,327.29,249.72,0.18,0.268,94.1,1,30.85,327.47
4202,23.82,61.2,484.0,0.26,390.0,297.57,0.03,0.363,93.7,1,32.17,390.03
4203,25.17,61.0,400.0,0.17,443.85,338.66,0.46,0.255,94.1,1,33.02,444.31
4204,25.01,56.3,400.0,0.15,485.17,370.18,0.77,0.497,93.0,1,33.35,485.94
4205,25.84,51.4,435.0,0.03,511.14,390.0,0.88,0.44,93.3,1,33.13,512.03
4206,25.56,58.1,401.0,0.19,520.0,396.76,0.99,0.689,91.9,1,32.39,520.99
4207,25.94,53.1,440.0,0.02,511.14,390.0,0.92,0.618,92.4,1,31.16,512.06
4208,25.37,51.7,966.0,1.0,630.72,481.24,10.03,0.51,93.0,1,29.54,640.75
4209,24.95,46.1,1060.0,1.0,577.0,440.25,10.18,0.237,94.2,1,27.64,587.18
4210,23.22,45.3,982.0,1.0,507.0,386.84,10.81,0.041,94.8,1,25.58,517.81
4211,22.99,40.0,994.0,1.0,425.48,324.64,10.02,0.27,94.1,1,23.51,435.5
4212,23.0,41.0,1003.0,1.0,338.0,257.89,10.6,0.534,92.8,1,21.57,348.6
4213,21.72,42.2,966.0,1.0,425.48,324.64,10.49,-0.098,95.1,1,19.89,435.97
4214,20.61,35.7,990.0,1.0,507.0,386.84,10.25,-0.48,95.2,1,18.59,517.25
4215,19.79,44.6,949.0,1.0,577.0,440.25,10.42,-0.002,94.9,1,17.75,587.43
4216,19.15,38.4,1019.0,1.0,630.72,481.24,10.79,-0.129,95.1,1,17.44,641.5
4217,19.95,41.4,986.0,1.0,664.48,507.0,10.39,-0.197,95.2,1,17.67,674.87
4218,20.62,43.9,920.0,1.0,676.0,515.79,10.24,-0.559,95.1,1,18.43,686.24
4219,18.85,51.3,400.0,0.1,511.14,390.0,0.21,-0.557,95.1,1,19.67,511.35
4220,20.21,49.1,409.0,0.28,485.17,370.18,0.29,-0.533,95.2,1,21.3,485.46
4221,20.33,53.3,409.0,0.29,443.85,338.66,0.22,-0.448,95.3,1,23.22,444.07
4222,21.03,52.3,451.0,0.04,390.0,297.57,0.06,-0.213,95.2,1,25.29,390.06
4223,21.93,55.6,405.0,0.08,327.29,249.72,0.69,-0.167,95.2,1,27.37,327.98
4224,21.83,58.5,400.0,0.07,260.0,198.38,0.42,0.015,94.9,1,29.33,260.42
4225,23.4,55.8,400.0,0.26,327.29,249.72,0.89,0.206,94.3,1,31.02,328.18
4226,24.97,57.6,449.0,0.11,390.0,297.57,0.56,0.189,94.4,1,32.34,390.56
4227,24.85,58.7,400.0,0.1,443.85,338.66,0.34,0.084,94.7,1,33.19,444.19
4228,25.24,59.9,400.0,0.28,485.17,370.18,0.97,0.223,94.2,1,33.52,486.14
4229,25.55,57.3,422.0,0.03,511.14,390.0,0.79,0.47,93.2,1,33.3,511.93
4230,25.49,56.8,406.0,0.24,520.0,396.76,0.27,0.529,92.9,1,32.55,520.27
4231,25.87,51.3,400.0,0.26,511.14,390.0,0.28,0.181,94.4,1,31.33,511.42
4232,25.76,53.0,1007.0,1.0,630.72,481.24,11.0,0.39,93.6,1,29.71,641.72
4233,24.55,49.2,1053.0,1.0,577.0,440.25,10.06,0.449,93.3,1,27.81,587.06
4234,23.34,44.7,997.0,1.0,507.0,386.84,10.79,0.418,93.4,1,25.75,517.79
4235,23.82,42.3,987.0,1.0,425.48,324.64,10.13,0.216,94.3,1,23.68,435.61
4236,22.5,40.6,1000.0,1.0,338.0,257.89,10.88,0.184,94.4,1,21.74,348.88
4237,21.66,38.6,994.0,1.0,425.48,324.64,10.64,-0.005,94.9,1,20.06,436.12
4238,21.52,39.0,1066.0,1.0,507.0,386.84,10.33,-0.585,95.1,1,18.76,517.33
4239,20.32,40.0,1026.0,1.0,577.0,440.25,10.09,-0.398,95.3,1,17.92,587.09
4240,20.5,41.6,937.0,1.0,630.72,481.24,10.28,-0.304,95.3,1,17.61,641.0
4241,20.28,44.3,1040.0,1.0,664.48,507.0,10.19,-0.682,94.9,1,17.84,674.68
4242,20.09,45.0,986.0,1.0,676.0,515.79,10.07,-0.365,95.3,1,18.6,686.07
4243,19.85,44.2,407.0,0.15,511.14,390.0,0.72,-0.818,94.6,0,19.84,511.86
4244,19.94,49.2,429.0,0.16,485.17,370.18,0.8,-0.16,95.2,1,21.47,485.96
4245,20.2,53.5,444.0,0.17,443.85,338.66,0.08,-0.326,95.3,1,23.39,443.93
4246,20.51,58.3,412.0,0.25,390.0,297.57,0.11,-0.486,95.2,1,25.46,390.11
4247,22.39,56.6,401.0,0.25,327.29,249.72,0.19,-0.323,95.3,1,27.54,327.49
4248,22.54,58.3,400.0,0.25,260.0,198.38,0.56,0.057,94.8,1,29.49,260.56
4249,23.01,59.2,400.0,0.19,327.29,249.72,0.27,0.053,94.8,1,31.19,327.56
4250,24.29,60.5,455.0,0.06,390.0,297.57,0.52,0.61,92.4,1,32.51,390.52
4251,25.35,58.2,400.0,0.29,443.85,338.66,0.99,0.285,94.0,1,33.36,444.84
4252,25.17,60.8,400.0,0.09,485.17,370.18,0.32,0.477,93.1,1,33.68,485.49
4253,25.9,57.9,422.0,0.27,511.14,390.0,0.14,0.801,91.2,0,33.47,511.28
4254,26.06,60.0,465.0,0.04,520.0,396.76,0.0,0.585,92.6,1,32.72,520.0
4255,25.43,52.9,457.0,0.24,511.14,390.0,0.41,0.392,93.6,1,31.5,511.55
4256,24.94,52.1,1010.0,1.0,630.72,481.24,10.5,0.337,93.8,1,29.88,641.21
4257,25.07,47.0,1024.0,1.0,577.0,440.25,10.17,0.569,92.7,1,27.97,587.17
4258,24.11,46.0,1030.0,1.0,507.0,386.84,10.45,0.571,92.6,1,25.92,517.45
4259,23.37,44.4,992.0,1.0,425.48,324.64,10.84,-0.011,94.9,1,23.85,436.32
4260,22.42,45.3,1027.0,1.0,338.0,257.89,10.38,-0.128,95.1,1,21.91,348.38
4261,21.8,39.7,986.0,1.0,425.48,324.64,10.6,-0.238,95.2,1,20.23,436.08
4262,20.72,39.2,963.0,1.0,507.0,386.84,10.61,-0.196,95.2,1,18.93,517.61
4263,20.09,40.3,1021.0,1.0,577.0,440.25,10.41,0.012,94.9,1,18.09,587.42
4264,20.94,37.7,1001.0,1.0,630.72,481.24,10.29,-0.254,95.2,1,17.77,641.0
4265,19.51,44.3,1029.0,1.0,664.48,507.0,10.67,-0.447,95.3,1,18.0,675.15
4266,19.81,44.5,1012.0,1.0,676.0,515.79,10.33,-0.45,95.2,1,18.76,686.33
4267,19.37,47.9,400.0,0.04,511.14,390.0,0.85,-0.371,95.3,1,20.0,511.99
4268,20.51,48.6,442.0,0.29,485.17,370.18,0.63,-0.764,94.7,0,21.64,485.79
4269,20.48,51.9,423.0,0.28,443.85,338.66,0.02,-0.288,95.3,1,23.55,443.87
4270,20.84,55.8,426.0,0.28,390.0,297.57,0.06,0.237,94.2,1,25.62,390.06
4271,20.7,57.7,400.0,0.25,327.29,249.72,0.3,-0.262,95.3,1,27.71,327.59
4272,22.11,56.4,400.0,0.29,260.0,198.38,0.41,-0.47,95.2,1,29.66,260.41
4273,23.58,61.2,400.0,0.1,327.29,249.72,0.21,0.459,93.2,1,31.36,327.5
4274,22.81,60.4,402.0,0.3,390.0,297.57,0.93,0.149,94.5,1,32.67,390.93
4275,24.08,59.2,465.0,0.26,443.85,338.66,0.11,0.385,93.6,1,33.52,443.95
4276,23.39,58.0,400.0,0.01,485.17,370.18,0.55,0.596,92.5,1,33.85,485.72
4277,24.16,58.6,404.0,0.19,511.14,390.0,0.71,0.663,92.1,1,33.64,511.85
4278,25.51,53.3,400.0,0.24,520.0,396.76,0.42,0.824,91.0,0,32.89,520.42
4279,24.63,50.7,400.0,0.22,511.14,390.0,0.68,0.602,92.5,1,31.66,511.82
4280,25.12,52.7,992.0,1.0,630.72,481.24,10.78,0.517,92.9,1,30.05,641.5
4281,25.03,48.4,1016.0,1.0,577.0,440.25,10.14,0.568,92.7,1,28.14,587.14
4282,23.72,46.4,928.0,1.0,507.0,386.84,10.3,-0.039,95.0,1,26.09,517.3
4283,23.12,42.8,957.0,1.0,425.48,324.64,10.38,0.469,93.2,1,24.02,435.87
4284,22.03,42.7,985.0,1.0,338.0,257.89,10.61,-0.681,94.9,1,22.08,348.61
4285,21.71,39.1,994.0,1.0,425.48,324.64,10.6,-0.112,95.1,1,20.4,436.08
4286,20.84,40.9,973.0,1.0,507.0,386.84,10.04,-0.197,95.2,1,19.09,517.04
4287,19.59,38.1,990.0,1.0,577.0,440.25,10.86,-0.223,95.2,1,18.26,587.86
4288,19.5,43.2,989.0,1.0,630.72,481.24,10.12,-0.97,94.1,0,17.94,640.83
4289,20.1,44.5,1017.0,1.0,664.48,507.0,10.72,-0.746,94.8,0,18.17,675.2
4290,19.99,44.0,1009.0,1.0,676.0,515.79,10.13,-0.366,95.3,1,18.93,686.13
4291,19.49,46.0,400.0,0.24,511.14,390.0,0.24,-0.184,95.2,1,20.17,511.38
4292,18.35,50.7,436.0,0.22,485.17,370.18,1.0,-0.518,95.2,1,21.8,486.17
4293,20.64,50.2,426.0,0.15,443.85,338.66,0.45,-0.451,95.2,1,23.72,444.3
4294,20.15,53.3,400.0,0.12,390.0,297.57,0.64,-0.329,95.3,1,25.79,390.64
4295,21.25,59.0,400.0,0.08,327.29,249.72,0.69,0.089,94.7,1,27.88,327.98
4296,22.33,57.9,400.0,0.08,260.0,198.38,0.0,0.315,93.9,1,29.83,260.0
4297,23.83,60.0,400.0,0.22,327.29,249.72,0.98,0.128,94.6,1,31.52,328.27
4298,23.67,57.3,418.0,0.03,390.0,297.57,0.11,0.314,93.9,1,32.84,390.11
4299,24.73,60.8,458.0,0.21,443.85,338.66,0.75,0.249,94.2,1,33.69,444.6
4300,24.03,62.0,412.0,0.03,485.17,370.18,0.68,0.428,93.4,1,34.02,485.85
4301,25.3,57.9,428.0,0.1,511.14,390.0,0.32,0.57,92.6,1,33.8,511.46
4302,25.79,57.9,400.0,0.2,520.0,396.76,0.99,0.684,92.0,1,33.06,520.99
4303,24.98,51.7,406.0,0.19,511.14,390.0,0.17,0.328,93.8,1,31.83,511.31
4304,24.8,54.9,995.0,1.0,630.72,481.24,10.67,0.595,92.5,1,30.21,641.39
4305,25.12,47.7,974.0,1.0,577.0,440.25,10.03,0.152,94.5,1,28.31,587.03
4306,23.59,43.5,996.0,1.0,507.0,386.84,10.39,-0.217,95.2,1,26.25,517.39
4307,23.26,40.0,966.0,1.0,425.48,324.64,10.81,0.336,93.8,1,24.18,436.29
4308,21.86,43.0,1026.0,1.0,338.0,257.89,10.85,0.079,94.7,1,22.24,348.85
4309,21.44,42.8,986.0,1.0,425.48,324.64,10.88,0.206,94.3,1,20.56,436.36
4310,20.22,36.5,975.0,1.0,507.0,386.84,10.29,-0.463,95.2,1,19.26,517.29
4311,19.35,41.3,1006.0,1.0,577.0,440.25,10.11,-0.166,95.2,1,18.42,587.11
4312,19.41,40.7,1021.0,1.0,630.72,481.24,10.04,-0.502,95.2,1,18.11,640.76
4313,19.94,44.7,1031.0,1.0,664.48,507.0,10.32,-0.243,95.2,1,18.34,674.81
4314,19.37,43.1,979.0,1.0,676.0,515.79,10.3,-0.461,95.2,1,19.1,686.3
4315,19.72,48.3,400.0,0.16,511.14,390.0,0.25,-0.538,95.2,1,20.34,511.39
4316,19.07,53.4,432.0,0.2,485.17,370.18,0.01,-0.602,95.1,1,21.97,485.17
4317,21.17,51.0,400.0,0.22,443.85,338.66,0.53,-0.266,95.3,1,23.89,444.37
4318,21.2,52.8,402.0,0.05,390.0,297.57,0.05,-0.237,95.2,1,25.96,390.05
4319,20.95,60.6,402.0,0.27,327.29,249.72,0.4,-0.231,95.2,1,28.04,327.7
4320,21.98,58.6,400.0,0.17,260.0,198.38,0.07,0.22,94.3,1,30.0,260.07
4321,22.22,59.2,434.0,0.05,327.29,249.72,0.06,0.264,94.1,1,31.69,327.35
4322,22.88,58.7,400.0,0.13,390.0,297.57,0.94,-0.122,95.1,1,33.01,390.94
4323,24.52,62.2,439.0,0.29,443.85,338.66,0.71,0.224,94.2,1,33.86,444.56
4324,23.67,58.5,400.0,0.22,485.17,370.18,0.6,0.542,92.8,1,34.19,485.77
4325,25.16,57.0,400.0,0.01,511.14,390.0,0.51,0.359,93.7,1,33.97,511.65
4326,24.83,54.4,400.0,0.11,520.0,396.76,0.99,0.282,94.0,1,33.23,520.99
4327,25.36,53.1,413.0,0.13,511.14,390.0,0.92,0.216,94.3,1,32.0,512.06
4328,24.84,51.2,400.0,0.0,485.17,370.18,0.42,0.201,94.3,1,30.38,485.59
4329,23.59,50.3,403.0,0.17,443.85,338.66,0.21,0.457,93.2,1,28.48,444.06
4330,23.55,43.1,400.0,0.27,390.0,297.57,0.73,0.186,94.4,1,26.42,390.73
4331,23.02,42.4,400.0,0.28,327.29,249.72,0.86,-0.204,95.2,1,24.35,328.15
4332,22.21,45.1,484.0,0.1,260.0,198.38,0.13,-0.168,95.2,1,22.41,260.13
4333,21.34,40.7,400.0,0.14,327.29,249.72,0.02,-0.225,95.2,1,20.73,327.32
4334,21.28,41.3,400.0,0.22,390.0,297.57,0.09,-0.167,95.2,1,19.43,390.09
4335,20.59,39.6,480.0,0.0,443.85,338.66,0.63,-0.592,95.1,1,18.59,444.48
4336,18.99,40.5,400.0,0.03,485.17,370.18,0.5,-0.812,94.6,0,18.28,485.67
4337,18.55,44.3,404.0,0.21,511.14,390.0,0.96,-0.451,95.2,1,18.51,512.1
4338,18.5,44.0,400.0,0.13,520.0,396.76,0.94,-0.44,95.3,1,19.27,520.94
4339,19.14,48.3,400.0,0.04,511.14,390.0,0.41,-0.218,95.2,1,20.51,511.55
4340,19.65,51.6,429.0,0.12,485.17,370.18,0.07,-0.201,95.2,1,22.14,485.24
4341,20.92,49.1,402.0,0.24,443.85,338.66,0.32,-0.505,95.2,1,24.06,444.17
4342,20.18,54.7,400.0,0.14,390.0,297.57,0.75,-0.116,95.1,1,26.13,390.75
4343,21.35,56.6,461.0,0.01,327.29,249.72,0.24,0.007,94.9,1,28.21,327.53
4344,22.01,59.5,402.0,0.23,260.0,198.38,0.02,-0.19,95.2,1,30.17,260.02
4345,23.13,61.9,441.0,0.06,327.29,249.72,0.2,0.155,94.5,1,31.86,327.49
4346,23.59,59.1,443.0,0.21,390.0,297.57,0.71,0.187,94.4,1,33.18,390.71
4347,23.81,61.7,400.0,0.03,443.85,338.66,0.69,0.337,93.8,1,34.03,444.54
4348,24.78,60.7,424.0,0.22,485.17,370.18,0.46,0.356,93.7,1,34.36,485.63
4349,25.86,57.7,433.0,0.11,511.14,390.0,0.43,0.771,91.4,0,34.14,511.57
4350,25.07,56.0,406.0,0.05,520.0,396.76,0.29,0.702,91.9,0,33.4,520.29
4351,25.83,52.7,433.0,0.2,511.14,390.0,0.38,0.688,91.9,1,32.17,511.52
4352,24.64,48.8,400.0,0.24,485.17,370.18,0.37,0.705,91.8,0,30.55,485.54
4353,24.81,49.3,450.0,0.04,443.85,338.66,0.15,0.223,94.2,1,28.65,444.0
4354,23.3,46.0,400.0,0.28,390.0,297.57,0.38,0.206,94.3,1,26.59,390.38
4355,23.11,43.9,450.0,0.21,327.29,249.72,0.31,0.237,94.2,1,24.52,327.6
4356,22.65,44.1,416.0,0.1,260.0,198.38,0.66,-0.187,95.2,1,22.58,260.66
4357,21.72,39.3,414.0,0.07,327.29,249.72,0.24,0.114,94.6,1,20.9,327.53
4358,21.47,39.5,400.0,0.06,390.0,297.57,0.5,-0.371,95.3,1,19.6,390.5
4359,21.36,35.5,447.0,0.05,443.85,338.66,0.78,-0.751,94.8,0,18.76,444.63
4360,18.73,42.1,400.0,0.22,485.17,370.18,0.07,-0.524,95.2,1,18.45,485.24
4361,18.59,40.6,454.0,0.05,511.14,390.0,0.25,-0.569,95.1,1,18.68,511.39
4362,18.34,44.9,413.0,0.0,520.0,396.76,0.74,-0.421,95.3,1,19.44,520.74
4363,20.13,43.8,415.0,0.07,511.14,390.0,0.64,-0.982,94.0,0,20.68,511.78
4364,19.15,49.8,400.0,0.18,485.17,370.18,0.01,-0.396,95.3,1,22.31,485.18
4365,19.76,52.6,400.0,0.21,443.85,338.66,0.37,-0.313,95.3,1,24.23,444.22
4366,20.81,54.3,400.0,0.16,390.0,297.57,0.47,0.065,94.7,1,26.3,390.47
4367,21.25,56.3,427.0,0.16,327.29,249.72,0.39,-0.215,95.2,1,28.38,327.69
4368,22.22,57.2,414.0,0.03,260.0,198.38,0.61,0.053,94.8,1,30.34,260.61
4369,22.52,62.4,451.0,0.24,327.29,249.72,0.36,0.077,94.7,1,32.03,327.65
4370,24.26,58.0,400.0,0.14,390.0,297.57,0.1,0.248,94.2,1,33.35,390.1
4371,23.6,63.2,464.0,0.16,443.85,338.66,0.04,0.222,94.3,1,34.2,443.89
4372,24.57,58.4,400.0,0.02,485.17,370.18,0.74,0.908,90.4,0,34.53,485.91
4373,25.06,60.4,411.0,0.14,511.14,390.0,0.01,0.416,93.4,1,34.31,511.15
4374,25.35,55.6,424.0,0.26,520.0,396.76,0.81,0.493,93.1,1,33.57,520.81
4375,25.11,54.7,418.0,0.22,511.14,390.0,0.29,0.695,91.9,1,32.34,511.43
4376,24.46,48.2,991.0,1.0,630.72,481.24,10.86,0.304,93.9,1,30.72,641.58
4377,23.78,44.5,962.0,1.0,577.0,440.25,10.36,0.686,92.0,1,28.82,587.37
4378,24.38,48.1,1003.0,1.0,507.0,386.84,10.5,0.325,93.8,1,26.76,517.5
4379,22.13,46.3,986.0,1.0,425.48,324.64,10.21,0.227,94.2,1,24.69,435.7
4380,22.42,40.1,1060.0,1.0,338.0,257.89,10.62,0.029,94.8,1,22.75,348.62
4381,20.6,44.1,1019.0,1.0,425.48,324.64,10.79,-0.092,95.1,1,21.07,436.27
4382,20.72,36.2,1007.0,1.0,507.0,386.84,10.31,-0.289,95.3,1,19.77,517.31
4383,20.34,40.2,1046.0,1.0,577.0,440.25,10.94,-0.163,95.2,1,18.93,587.94
4384,18.71,40.0,1026.0,1.0,630.72,481.24,10.07,-0.744,94.8,0,18.62,640.79
4385,19.42,42.4,945.0,1.0,664.48,507.0,10.15,-0.292,95.3,1,18.85,674.64
4386,18.66,47.2,1033.0,1.0,676.0,515.79,10.39,-0.404,95.3,1,19.61,686.39
4387,17.92,43.6,416.0,0.16,511.14,390.0,0.32,-0.044,95.0,1,20.85,511.46
4388,19.77,50.0,415.0,0.16,485.17,370.18,0.76,-0.231,95.2,1,22.48,485.93
4389,19.32,49.0,402.0,0.11,443.85,338.66,0.13,-0.557,95.1,1,24.4,443.98
4390,20.12,52.9,400.0,0.08,390.0,297.57,0.56,-0.176,95.2,1,26.47,390.56
4391,20.44,57.6,400.0,0.03,327.29,249.72,0.24,0.225,94.2,1,28.55,327.54
4392,21.6,58.5,427.0,0.03,260.0,198.38,0.5,-0.013,94.9,1,30.51,260.5
4393,23.43,59.9,400.0,0.2,327.29,249.72,0.36,0.006,94.9,1,32.2,327.65
4394,24.34,57.3,400.0,0.17,390.0,297.57,0.53,0.469,93.2,1,33.52,390.53
4395,23.64,62.2,494.0,0.29,443.85,338.66,0.16,0.363,93.7,1,34.37,444.01
4396,24.44,57.3,400.0,0.1,485.17,370.18,0.64,0.329,93.8,1,34.7,485.81
4397,24.96,59.3,400.0,0.21,511.14,390.0,0.76,0.213,94.3,1,34.48,511.9
4398,24.4,55.1,421.0,0.0,520.0,396.76,0.33,0.618,92.4,1,33.74,520.33
4399,25.14,54.9,400.0,0.24,511.14,390.0,0.75,0.194,94.3,1,32.51,511.89
4400,25.23,54.1,1046.0,1.0,630.72,481.24,10.28,0.625,92.3,1,30.89,640.99
4401,23.43,47.6,1018.0,1.0,577.0,440.25,10.74,0.441,93.3,1,28.99,587.74
4402,24.1,49.3,1006.0,1.0,507.0,386.84,10.61,0.054,94.8,1,26.93,517.61
4403,22.09,44.6,1025.0,1.0,425.48,324.64,10.49,0.379,93.6,1,24.86,435.97
4404,21.76,42.1,1014.0,1.0,338.0,257.89,10.2,-0.026,94.9,1,22.92,348.2
4405,22.38,38.1,978.0,1.0,425.48,324.64,10.33,-0.27,95.3,1,21.24,435.81
4406,21.34,39.0,1012.0,1.0,507.0,386.84,10.05,-0.505,95.2,1,19.94,517.05
4407,19.1,41.0,966.0,1.0,577.0,440.25,10.59,-0.552,95.2,1,19.1,587.59
4408,19.72,40.5,964.0,1.0,630.72,481.24,10.32,-0.367,95.3,1,18.79,641.03
4409,18.33,43.4,983.0,1.0,664.48,507.0,10.18,-0.523,95.2,1,19.02,674.66
4410,19.15,45.3,994.0,1.0,676.0,515.79,10.13,-0.517,95.2,1,19.78,686.13
4411,18.79,44.8,404.0,0.19,511.14,390.0,0.84,-0.538,95.2,1,21.02,511.98
4412,19.59,48.5,400.0,0.04,485.17,370.18,0.93,-0.01,94.9,1,22.65,486.09
4413,19.92,54.8,400.0,0.11,443.85,338.66,0.56,-0.102,95.1,1,24.57,444.41
4414,20.5,53.6,400.0,0.05,390.0,297.57,0.45,0.124,94.6,1,26.64,390.45
4415,21.0,54.2,418.0,0.23,327.29,249.72,0.98,-0.213,95.2,1,28.73,328.27
4416,22.99,56.7,400.0,0.07,260.0,198.38,0.34,0.178,94.4,1,30.68,260.34
4417,22.4,61.1,400.0,0.22,327.29,249.72,0.97,0.011,94.9,1,32.37,328.26
4418,23.03,59.0,400.0,0.2,390.0,297.57,0.8,-0.208,95.2,1,33.69,390.8
4419,24.76,57.1,418.0,0.07,443.85,338.66,0.13,0.142,94.5,1,34.54,443.98
4420,23.93,58.2,400.0,0.28,485.17,370.18,0.65,0.76,91.5,0,34.87,485.82
4421,25.26,58.5,400.0,0.07,511.14,390.0,0.95,0.568,92.7,1,34.65,512.09
4422,24.69,53.9,400.0,0.16,520.0,396.76,0.26,0.76,91.5,0,33.91,520.26
4423,24.32,54.0,452.0,0.09,511.14,390.0,0.36,0.249,94.2,1,32.68,511.5
4424,25.01,51.1,943.0,1.0,630.72,481.24,10.39,0.439,93.3,1,31.06,641.1
4425,24.11,48.3,1047.0,1.0,577.0,440.25,10.16,0.329,93.8,1,29.16,587.16
4426,23.37,43.6,990.0,1.0,507.0,386.84,10.83,-0.151,95.2,1,27.1,517.83
4427,22.7,41.0,993.0,1.0,425.48,324.64,10.72,0.428,93.4,1,25.04,436.2
4428,22.17,43.9,1037.0,1.0,338.0,257.89,10.36,0.152,94.5,1,23.1,348.36
4429,20.32,41.8,1027.0,1.0,425.48,324.64,10.58,-0.226,95.2,1,21.42,436.06
4430,20.87,40.7,1006.0,1.0,507.0,386.84,10.78,0.036,94.8,1,20.11,517.78
4431,18.83,41.0,1017.0,1.0,577.0,440.25,10.26,-0.642,95.0,1,19.28,587.27
4432,18.67,42.6,947.0,1.0,630.72,481.24,10.61,-0.408,95.3,1,18.96,641.32
4433,19.29,41.5,967.0,1.0,664.48,507.0,10.79,-0.503,95.2,1,19.19,675.28
4434,19.32,46.5,1016.0,1.0,676.0,515.79,10.99,-0.571,95.1,1,19.95,686.99
4435,18.64,46.4,400.0,0.19,511.14,390.0,0.9,-0.219,95.2,1,21.19,512.04
4436,19.62,49.1,402.0,0.16,485.17,370.18,0.55,-0.418,95.3,1,22.83,485.71
4437,19.51,55.3,400.0,0.0,443.85,338.66,0.05,-0.563,95.1,1,24.74,443.89
4438,19.47,55.9,400.0,0.26,390.0,297.57,0.83,-0.181,95.2,1,26.81,390.83
4439,20.69,55.4,432.0,0.16,327.29,249.72,0.96,-0.254,95.2,1,28.9,328.26
4440,21.09,59.5,422.0,0.04,260.0,198.38,0.02,-0.049,95.0,1,30.85,260.02
4441,22.55,58.8,400.0,0.06,327.29,249.72,0.43,0.301,93.9,1,32.54,327.72
4442,23.41,60.0,450.0,0.13,390.0,297.57,0.18,0.1,94.6,1,33.86,390.18
4443,24.11,60.3,400.0,0.15,443.85,338.66,0.78,0.419,93.4,1,34.71,444.63
4444,23.7,55.5,400.0,0.2,485.17,370.18,0.22,0.339,93.8,1,35.04,485.38
4445,24.88,56.5,400.0,0.12,511.14,390.0,0.47,0.533,92.8,1,34.83,511.61
4446,25.04,54.7,400.0,0.26,520.0,396.76,0.6,0.604,92.4,1,34.08,520.6
4447,25.33,53.4,400.0,0.22,511.14,390.0,0.98,0.889,90.6,0,32.85,512.12
4448,24.07,47.7,1027.0,1.0,630.72,481.24,10.89,0.593,92.5,1,31.24,641.61
4449,23.34,44.8,1068.0,1.0,577.0,440.25,10.45,0.649,92.2,1,29.33,587.46
4450,22.84,45.7,1019.0,1.0,507.0,386.84,10.58,0.233,94.2,1,27.28,517.58
4451,22.62,45.6,1002.0,1.0,425.48,324.64,10.08,-0.028,95.0,1,25.21,435.56
4452,21.72,42.2,1045.0,1.0,338.0,257.89,10.04,-0.147,95.1,1,23.27,348.04
4453,20.87,45.6,1006.0,1.0,425.48,324.64,10.11,0.003,94.9,1,21.59,435.59
4454,19.95,39.7,1003.0,1.0,507.0,386.84,10.75,0.166,94.4,1,20.28,517.75
4455,19.91,40.0,1010.0,1.0,577.0,440.25,10.88,-0.352,95.3,1,19.45,587.89
4456,19.4,39.6,1011.0,1.0,630.72,481.24,10.62,-0.103,95.1,1,19.13,641.34
4457,18.69,45.4,1029.0,1.0,664.48,507.0,10.39,-0.778,94.7,0,19.36,674.88
4458,19.89,43.2,937.0,1.0,676.0,515.79,10.45,-0.408,95.3,1,20.12,686.45
4459,18.15,47.2,417.0,0.17,511.14,390.0,0.98,-0.505,95.2,1,21.36,512.12
4460,18.85,44.9,407.0,0.13,485.17,370.18,0.57,-0.491,95.2,1,23.0,485.73
4461,19.08,54.8,400.0,0.17,443.85,338.66,0.68,-0.362,95.3,1,24.91,444.52
4462,19.82,56.2,429.0,0.13,390.0,297.57,0.32,-0.353,95.3,1,26.98,390.32
4463,20.8,56.3,425.0,0.2,327.29,249.72,0.09,-0.086,95.1,1,29.07,327.38
4464,21.86,58.1,400.0,0.26,260.0,198.38,0.89,0.046,94.8,1,31.02,260.89
4465,22.48,60.2,403.0,0.27,327.29,249.72,0.44,0.275,94.1,1,32.72,327.73
4466,24.59,64.1,419.0,0.25,390.0,297.57,0.1,0.261,94.1,1,34.03,390.1
4467,22.99,58.9,400.0,0.09,443.85,338.66,0.22,0.375,93.6,1,34.89,444.07
4468,24.1,59.6,400.0,0.3,485.17,370.18,0.02,0.473,93.2,1,35.21,485.19
4469,24.89,54.9,405.0,0.23,511.14,390.0,0.04,0.422,93.4,1,35.0,511.18
4470,23.27,57.4,444.0,0.25,520.0,396.76,0.32,0.372,93.6,1,34.25,520.32
4471,24.93,55.5,400.0,0.15,511.14,390.0,0.64,0.479,93.1,1,33.03,511.78
4472,24.97,48.8,1017.0,1.0,630.72,481.24,10.0,0.152,94.5,1,31.41,640.72
4473,23.62,47.2,1072.0,1.0,577.0,440.25,10.42,0.218,94.3,1,29.5,587.42
4474,22.82,48.0,935.0,1.0,507.0,386.84,10.5,-0.051,95.0,1,27.45,517.5
4475,22.18,43.7,1026.0,1.0,425.48,324.64,10.91,0.014,94.9,1,25.38,436.39
4476,21.82,38.7,976.0,1.0,338.0,257.89,10.22,0.039,94.8,1,23.44,348.22
4477,20.95,42.7,981.0,1.0,425.48,324.64,10.29,-0.35,95.3,1,21.76,435.77
4478,20.45,39.3,992.0,1.0,507.0,386.84,10.7,-0.296,95.3,1,20.46,517.7
4479,19.1,38.1,978.0,1.0,577.0,440.25,10.71,-0.29,95.3,1,19.62,587.71
4480,19.5,42.5,1019.0,1.0,630.72,481.24,10.49,-0.387,95.3,1,19.3,641.2
4481,18.68,47.2,963.0,1.0,664.48,507.0,10.07,-0.418,95.3,1,19.53,674.55
4482,19.9,44.8,1024.0,1.0,676.0,515.79,10.61,-0.759,94.8,0,20.3,686.61
4483,18.23,46.6,432.0,0.24,511.14,390.0,0.87,-0.402,95.3,1,21.53,512.01
4484,19.73,46.3,400.0,0.26,485.17,370.18,0.01,-0.46,95.2,1,23.17,485.17
4485,19.14,49.5,400.0,0.3,443.85,338.66,0.95,-0.029,95.0,1,25.09,444.8
4486,19.49,50.4,400.0,0.23,390.0,297.57,0.37,-0.246,95.2,1,27.16,390.37
4487,20.83,55.0,432.0,0.17,327.29,249.72,0.53,0.004,94.9,1,29.24,327.82
4488,21.02,56.8,400.0,0.21,260.0,198.38,0.0,-0.048,95.0,1,31.19,260.0
4489,22.56,57.9,406.0,0.17,327.29,249.72,0.67,0.067,94.7,1,32.89,327.96
4490,23.6,59.5,400.0,0.07,390.0,297.57,0.91,0.099,94.6,1,34.21,390.91
4491,23.48,59.6,400.0,0.03,443.85,338.66,0.17,-0.249,95.2,1,35.06,444.02
4492,23.78,56.7,400.0,0.3,485.17,370.18,0.14,0.236,94.2,1,35.39,485.31
4493,24.98,57.1,400.0,0.29,511.14,390.0,0.36,0.696,91.9,1,35.17,511.5
4494,24.08,56.6,400.0,0.09,520.0,396.76,0.97,0.488,93.1,1,34.42,520.97
4495,23.71,55.1,405.0,0.21,511.14,390.0,0.87,0.672,92.0,1,33.2,512.01
4496,24.63,51.4,409.0,0.13,485.17,370.18,0.22,0.715,91.8,0,31.58,485.39
4497,23.8,50.6,400.0,0.04,443.85,338.66,0.72,0.222,94.3,1,29.68,444.56
4498,23.05,42.4,442.0,0.26,390.0,297.57,0.09,0.427,93.4,1,27.62,390.09
4499,21.88,37.3,400.0,0.1,327.29,249.72,0.11,-0.166,95.2,1,25.55,327.4
4500,21.9,42.7,436.0,0.23,260.0,198.38,0.37,-0.195,95.2,1,23.61,260.37
4501,21.17,43.6,424.0,0.29,327.29,249.72,0.86,-0.118,95.1,1,21.93,328.15
4502,19.09,37.0,419.0,0.22,390.0,297.57,0.13,-0.203,95.2,1,20.63,390.13
4503,20.89,39.7,442.0,0.08,443.85,338.66,0.16,-0.298,95.3,1,19.79,444.0
4504,18.26,40.2,400.0,0.07,485.17,370.18,0.81,-0.065,95.0,1,19.48,485.98
4505,18.32,46.0,417.0,0.22,511.14,390.0,0.02,-0.179,95.2,1,19.71,511.16
4506,18.31,45.6,400.0,0.11,520.0,396.76,0.79,-0.434,95.3,1,20.47,520.79
4507,17.64,46.6,409.0,0.24,511.14,390.0,0.69,-0.486,95.2,1,21.71,511.83
4508,18.46,51.8,415.0,0.28,485.17,370.18,0.56,-0.164,95.2,1,23.34,485.72
4509,19.11,52.5,400.0,0.22,443.85,338.66,0.49,-0.459,95.2,1,25.26,444.34
4510,19.84,53.0,404.0,0.26,390.0,297.57,0.41,-0.162,95.2,1,27.33,390.41
4511,20.35,59.0,400.0,0.3,327.29,249.72,0.66,-0.436,95.3,1,29.41,327.96
4512,22.1,55.3,400.0,0.26,260.0,198.38,0.11,0.043,94.8,1,31.37,260.11
4513,22.46,59.0,400.0,0.18,327.29,249.72,0.29,0.599,92.5,1,33.06,327.59
4514,23.48,59.3,400.0,0.04,390.0,297.57,0.42,0.491,93.1,1,34.38,390.42
4515,23.47,64.6,459.0,0.1,443.85,338.66,0.74,0.416,93.4,1,35.23,444.59
4516,24.45,55.7,417.0,0.09,485.17,370.18,0.1,0.593,92.5,1,35.56,485.27
4517,24.5,55.3,400.0,0.09,511.14,390.0,0.96,0.158,94.5,1,35.34,512.1
4518,24.88,57.1,407.0,0.22,520.0,396.76,0.98,0.642,92.2,1,34.59,520.98
4519,23.87,51.4,412.0,0.06,511.14,390.0,0.42,0.518,92.9,1,33.37,511.56
4520,24.69,51.1,400.0,0.3,485.17,370.18,0.61,0.691,91.9,1,31.75,485.78
4521,23.71,47.3,415.0,0.21,443.85,338.66,0.52,0.454,93.3,1,29.85,444.37
4522,23.01,43.9,412.0,0.05,390.0,297.57,0.48,0.025,94.8,1,27.79,390.48
4523,22.96,43.5,400.0,0.13,327.29,249.72,0.18,0.459,93.2,1,25.72,327.48
4524,21.34,42.8,415.0,0.09,260.0,198.38,0.23,-0.035,95.0,1,23.78,260.23
4525,20.52,38.7,400.0,0.04,327.29,249.72,0.44,0.245,94.2,1,22.1,327.74
4526,20.64,37.6,416.0,0.14,390.0,297.57,0.51,-0.279,95.3,1,20.8,390.51
4527,19.16,39.6,436.0,0.15,443.85,338.66,0.75,-0.538,95.2,1,19.96,444.59
4528,18.77,40.0,400.0,0.24,485.17,370.18,0.2,-0.66,95.0,1,19.65,485.36
4529,17.81,43.7,456.0,0.08,511.14,390.0,0.88,-0.778,94.7,0,19.88,512.02
4530,18.0,44.8,400.0,0.2,520.0,396.76,0.23,-0.342,95.3,1,20.64,520.23
4531,19.07,47.7,400.0,0.18,511.14,390.0,0.07,-0.571,95.1,1,21.88,511.21
4532,18.98,49.4,407.0,0.13,485.17,370.18,0.27,-0.275,95.3,1,23.51,485.44
4533,18.79,50.9,400.0,0.28,443.85,338.66,0.92,-0.523,95.2,1,25.43,444.77
4534,19.65,57.6,413.0,0.28,390.0,297.57,0.43,-0.144,95.1,1,27.5,390.43
4535,20.2,57.3,400.0,0.18,327.29,249.72,0.39,-0.169,95.2,1,29.58,327.69
4536,21.62,55.2,422.0,0.03,260.0,198.38,0.07,-0.008,94.9,1,31.54,260.07
4537,22.45,60.4,400.0,0.28,327.29,249.72,0.03,0.256,94.1,1,33.23,327.32
4538,22.63,57.2,453.0,0.12,390.0,297.57,0.2,0.474,93.2,1,34.55,390.2
4539,23.02,60.6,448.0,0.25,443.85,338.66,0.39,0.465,93.2,1,35.4,444.24
4540,23.19,61.5,433.0,0.22,485.17,370.18,0.91,0.743,91.6,0,35.73,486.08
4541,25.04,57.7,400.0,0.03,511.14,390.0,0.42,0.159,94.5,1,35.51,511.56
4542,24.28,59.7,400.0,0.25,520.0,396.76,0.08,0.307,93.9,1,34.77,520.08
4543,24.59,50.3,404.0,0.1,511.14,390.0,0.96,0.375,93.6,1,33.54,512.1
4544,23.48,52.2,1018.0,1.0,630.72,481.24,10.57,0.553,92.7,1,31.92,641.29
4545,23.35,47.3,1000.0,1.0,577.0,440.25,10.75,0.053,94.8,1,30.02,587.75
4546,22.33,43.3,994.0,1.0,507.0,386.84,10.33,0.038,94.8,1,27.96,517.33
4547,22.5,46.3,1017.0,1.0,425.48,324.64,10.19,0.201,94.3,1,25.89,435.68
4548,21.78,41.1,1043.0,1.0,338.0,257.89,10.19,-0.099,95.1,1,23.95,348.19
4549,21.02,40.5,1056.0,1.0,425.48,324.64,10.09,-0.49,95.2,1,22.27,435.57
4550,19.49,39.9,1053.0,1.0,507.0,386.84,10.87,-0.17,95.2,1,20.97,517.87
4551,19.32,45.4,947.0,1.0,577.0,440.25,10.29,-0.402,95.3,1,20.13,587.29
4552,18.18,42.5,910.0,1.0,630.72,481.24,10.21,-0.693,94.9,1,19.82,640.92
4553,18.54,45.0,1020.0,1.0,664.48,507.0,10.86,-0.456,95.2,1,20.05,675.34
4554,18.76,42.9,1032.0,1.0,676.0,515.79,10.36,-1.088,93.6,0,20.81,686.36
4555,18.28,45.1,430.0,0.22,511.14,390.0,0.29,-0.661,95.0,1,22.05,511.43
4556,18.69,48.1,429.0,0.03,485.17,370.18,0.61,-0.076,95.0,1,23.68,485.78
4557,18.77,51.3,432.0,0.21,443.85,338.66,0.31,-0.171,95.2,1,25.6,444.16
4558,19.45,52.5,401.0,0.04,390.0,297.57,0.63,-0.269,95.3,1,27.67,390.63
4559,20.17,56.1,412.0,0.08,327.29,249.72,0.74,-0.034,95.0,1,29.76,328.03
4560,21.0,60.9,421.0,0.08,260.0,198.38,0.76,-0.268,95.3,1,31.71,260.76
4561,22.61,59.7,423.0,0.08,327.29,249.72,0.02,0.444,93.3,1,33.4,327.31
4562,22.49,56.1,400.0,0.03,390.0,297.57,0.26,0.277,94.0,1,34.72,390.26
4563,23.45,62.6,400.0,0.14,443.85,338.66,0.81,0.36,93.7,1,35.57,444.65
4564,24.35,55.7,400.0,0.23,485.17,370.18,0.8,0.457,93.2,1,35.9,485.97
4565,24.39,59.8,400.0,0.22,511.14,390.0,0.98,0.489,93.1,1,35.69,512.12
4566,25.62,55.2,400.0,0.07,520.0,396.76,0.34,0.491,93.1,1,34.94,520.34
4567,24.57,58.3,400.0,0.11,511.14,390.0,0.86,0.763,91.5,0,33.71,512.0
4568,23.77,53.8,1025.0,1.0,630.72,481.24,10.04,0.52,92.9,1,32.09,640.75
4569,22.73,49.2,1010.0,1.0,577.0,440.25,10.73,0.243,94.2,1,30.19,587.73
4570,23.41,45.3,999.0,1.0,507.0,386.84,10.48,0.214,94.3,1,28.14,517.48
4571,21.87,46.2,1017.0,1.0,425.48,324.64,10.93,0.373,93.6,1,26.07,436.41
4572,20.92,41.9,971.0,1.0,338.0,257.89,10.62,0.271,94.1,1,24.13,348.62
4573,20.07,41.6,1024.0,1.0,425.48,324.64,10.86,-0.387,95.3,1,22.45,436.34
4574,19.24,40.4,1007.0,1.0,507.0,386.84,10.98,-0.213,95.2,1,21.14,517.98
4575,19.06,38.9,983.0,1.0,577.0,440.25,10.89,-0.651,95.0,1,20.31,587.9
4576,18.44,41.8,1025.0,1.0,630.72,481.24,10.4,-0.382,95.3,1,19.99,641.12
4577,18.49,41.0,908.0,1.0,664.48,507.0,10.15,-0.616,95.1,1,20.22,674.63
4578,19.4,46.1,1001.0,1.0,676.0,515.79,10.11,-0.775,94.7,0,20.98,686.11
4579,18.42,47.0,400.0,0.1,511.14,390.0,0.72,-0.218,95.2,1,22.22,511.86
4580,19.56,48.4,400.0,0.0,485.17,370.18,0.32,-0.206,95.2,1,23.86,485.49
4581,19.0,50.8,400.0,0.01,443.85,338.66,0.32,-0.51,95.2,1,25.77,444.17
4582,19.66,58.0,416.0,0.05,390.0,297.57,0.38,-0.16,95.2,1,27.84,390.38
4583,19.34,54.5,400.0,0.01,327.29,249.72,0.66,-0.159,95.2,1,29.93,327.96
4584,21.88,59.0,438.0,0.28,260.0,198.38,0.75,-0.037,95.0,1,31.88,260.75
4585,21.61,57.2,400.0,0.27,327.29,249.72,0.41,0.297,94.0,1,33.58,327.71
4586,23.15,60.9,404.0,0.29,390.0,297.57,0.21,0.324,93.9,1,34.89,390.21
4587,22.14,59.1,400.0,0.28,443.85,338.66,0.12,0.353,93.7,1,35.75,443.97
4588,23.51,59.1,443.0,0.27,485.17,370.18,0.54,0.908,90.4,0,36.07,485.7
4589,24.21,56.6,418.0,0.19,511.14,390.0,0.77,0.475,93.2,1,35.86,511.91
4590,24.14,51.2,400.0,0.22,520.0,396.76,0.03,0.473,93.2,1,35.11,520.03
4591,23.72,53.7,420.0,0.1,511.14,390.0,0.57,0.109,94.6,1,33.89,511.71
4592,23.93,51.0,1037.0,1.0,630.72,481.24,10.63,0.895,90.5,0,32.27,641.35
4593,23.73,45.7,995.0,1.0,577.0,440.25,10.86,0.114,94.6,1,30.36,587.86
4594,22.01,45.5,1000.0,1.0,507.0,386.84,10.23,0.513,93.0,1,28.31,517.23
4595,22.25,43.8,1011.0,1.0,425.48,324.64,10.18,-0.071,95.0,1,26.24,435.66
4596,21.76,42.4,1000.0,1.0,338.0,257.89,10.03,-0.015,94.9,1,24.3,348.03
4597,20.93,40.6,1037.0,1.0,425.48,324.64,10.83,0.001,94.9,1,22.62,436.31
4598,19.73,38.6,1008.0,1.0,507.0,386.84,10.32,0.229,94.2,1,21.32,517.32
4599,18.94,41.8,1014.0,1.0,577.0,440.25,10.33,-0.524,95.2,1,20.48,587.33
4600,18.93,41.8,1019.0,1.0,630.72,481.24,10.97,-0.132,95.1,1,20.16,641.68
4601,18.22,38.7,1010.0,1.0,664.48,507.0,10.99,-0.619,95.1,1,20.4,675.47
4602,18.83,43.7,1003.0,1.0,676.0,515.79,10.41,-0.43,95.3,1,21.16,686.41
4603,19.46,48.3,400.0,0.13,511.14,390.0,0.36,-0.701,94.9,0,22.39,511.5
4604,18.01,52.9,410.0,0.09,485.17,370.18,0.14,-0.394,95.3,1,24.03,485.31
4605,19.24,52.5,412.0,0.23,443.85,338.66,0.55,-0.235,95.2,1,25.95,444.4
4606,19.65,52.0,412.0,0.08,390.0,297.57,0.37,-0.075,95.0,1,28.02,390.37
4607,19.41,53.4,400.0,0.2,327.29,249.72,0.08,0.035,94.8,1,30.1,327.37
4608,21.38,58.6,417.0,0.16,260.0,198.38,0.67,-0.011,94.9,1,32.05,260.67
4609,21.89,59.2,410.0,0.22,327.29,249.72,0.17,0.046,94.8,1,33.75,327.46
4610,23.09,60.7,420.0,0.27,390.0,297.57,0.51,0.467,93.2,1,35.07,390.51
4611,23.74,57.5,400.0,0.08,443.85,338.66,0.47,0.656,92.1,1,35.92,444.31
4612,23.86,59.3,400.0,0.22,485.17,370.18,0.35,0.197,94.3,1,36.25,485.52
4613,24.53,57.2,412.0,0.24,511.14,390.0,0.07,0.459,93.2,1,36.03,511.21
4614,23.54,53.5,405.0,0.23,520.0,396.76,1.0,0.387,93.6,1,35.28,521.0
4615,24.03,56.2,422.0,0.13,511.14,390.0,0.69,0.548,92.8,1,34.06,511.83
4616,24.34,52.2,998.0,1.0,630.72,481.24,10.07,0.311,93.9,1,32.44,640.79
4617,23.69,47.6,957.0,1.0,577.0,440.25,10.87,0.394,93.5,1,30.54,587.87
4618,22.56,42.7,920.0,1.0,507.0,386.84,10.12,0.449,93.3,1,28.48,517.12
4619,22.14,44.2,970.0,1.0,425.48,324.64,10.3,-0.212,95.2,1,26.41,435.78
4620,20.74,40.2,972.0,1.0,338.0,257.89,10.95,-0.116,95.1,1,24.47,348.95
4621,21.13,41.8,1032.0,1.0,425.48,324.64,10.66,-0.122,95.1,1,22.79,436.14
4622,20.11,40.8,1034.0,1.0,507.0,386.84,10.11,-0.417,95.3,1,21.49,517.11
4623,19.07,38.2,1028.0,1.0,577.0,440.25,10.48,-0.262,95.3,1,20.65,587.48
4624,18.72,41.1,998.0,1.0,630.72,481.24,10.68,-0.649,95.0,1,20.34,641.4
4625,18.46,44.6,952.0,1.0,664.48,507.0,10.61,-0.406,95.3,1,20.57,675.1
4626,18.43,41.4,985.0,1.0,676.0,515.79,10.42,-0.509,95.2,1,21.33,686.42
4627,18.08,47.6,451.0,0.11,511.14,390.0,0.54,-0.643,95.0,1,22.57,511.68
4628,18.86,52.9,400.0,0.11,485.17,370.18,0.34,-0.698,94.9,1,24.2,485.51
4629,19.98,50.0,417.0,0.02,443.85,338.66,0.31,-0.28,95.3,1,26.12,444.16
4630,20.05,51.1,400.0,0.24,390.0,297.57,0.21,0.137,94.5,1,28.19,390.21
4631,20.16,62.1,400.0,0.04,327.29,249.72,0.29,0.022,94.8,1,30.27,327.58
4632,20.93,53.8,400.0,0.19,260.0,198.38,0.7,0.143,94.5,1,32.23,260.7
4633,21.99,59.4,428.0,0.04,327.29,249.72,0.93,0.053,94.8,1,33.92,328.23
4634,23.35,62.4,400.0,0.03,390.0,297.57,0.54,0.253,94.1,1,35.24,390.54
4635,23.44,62.5,406.0,0.01,443.85,338.66,0.07,0.157,94.5,1,36.09,443.92
4636,22.79,59.5,400.0,0.2,485.17,370.18,0.58,0.274,94.1,1,36.42,485.75
4637,23.48,60.4,400.0,0.29,511.14,390.0,0.97,0.592,92.5,1,36.2,512.12
4638,23.58,54.9,418.0,0.12,520.0,396.76,0.89,0.276,94.0,1,35.46,520.89
4639,24.29,52.1,422.0,0.25,511.14,390.0,0.86,0.447,93.3,1,34.23,512.0
4640,23.04,50.7,1012.0,1.0,630.72,481.24,10.8,0.267,94.1,1,32.61,641.52
4641,23.73,48.7,994.0,1.0,577.0,440.25,10.27,0.309,93.9,1,30.71,587.27
4642,23.41,46.3,1017.0,1.0,507.0,386.84,11.0,0.062,94.7,1,28.65,518.0
4643,22.28,41.4,1054.0,1.0,425.48,324.64,10.65,-0.264,95.3,1,26.58,436.14
4644,20.04,41.8,1016.0,1.0,338.0,257.89,10.62,0.085,94.7,1,24.64,348.62
4645,19.86,38.4,931.0,1.0,425.48,324.64,10.47,-0.132,95.1,1,22.96,435.95
4646,19.42,39.7,1010.0,1.0,507.0,386.84,10.37,-0.09,95.1,1,21.66,517.37
4647,18.66,41.4,1033.0,1.0,577.0,440.25,10.2,-0.05,95.0,1,20.82,587.21
4648,17.99,42.2,1005.0,1.0,630.72,481.24,10.58,-0.342,95.3,1,20.51,641.29
4649,17.74,46.5,979.0,1.0,664.48,507.0,10.09,-0.319,95.3,1,20.74,674.57
4650,18.08,43.6,1037.0,1.0,676.0,515.79,10.84,-0.338,95.3,1,21.5,686.84
4651,17.88,49.1,400.0,0.09,511.14,390.0,0.6,-0.132,95.1,1,22.74,511.74
4652,18.27,53.6,400.0,0.22,485.17,370.18,0.11,-0.597,95.1,1,24.37,485.27
4653,19.26,56.7,400.0,0.17,443.85,338.66,0.56,-0.411,95.3,1,26.29,444.41
4654,18.39,56.7,427.0,0.05,390.0,297.57,0.8,-0.36,95.3,1,28.36,390.8
4655,19.44,53.9,401.0,0.27,327.29,249.72,0.08,-0.118,95.1,1,30.44,327.37
4656,20.77,56.4,400.0,0.14,260.0,198.38,0.91,-0.139,95.1,1,32.4,260.91
4657,21.58,57.8,418.0,0.02,327.29,249.72,0.63,-0.071,95.0,1,34.09,327.92
4658,22.2,60.3,420.0,0.16,390.0,297.57,0.62,0.139,94.5,1,35.41,390.62
4659,23.13,63.6,400.0,0.13,443.85,338.66,0.43,0.171,94.4,1,36.26,444.28
4660,23.41,58.6,400.0,0.24,485.17,370.18,0.71,0.284,94.0,1,36.59,485.87
4661,24.65,55.9,400.0,0.14,511.14,390.0,0.14,0.136,94.5,1,36.37,511.28
4662,23.48,57.9,406.0,0.02,520.0,396.76,0.8,0.91,90.4,0,35.63,520.8
4663,23.94,52.1,450.0,0.15,511.14,390.0,0.74,0.32,93.9,1,34.4,511.88
4664,23.45,52.5,443.0,0.05,485.17,370.18,0.2,0.642,92.2,1,32.78,485.37
4665,23.08,47.1,402.0,0.13,443.85,338.66,0.86,0.559,92.7,1,30.88,444.71
4666,22.32,47.2,400.0,0.24,390.0,297.57,0.77,0.271,94.1,1,28.82,390.77
4667,22.19,43.8,401.0,0.05,327.29,249.72,0.08,-0.061,95.0,1,26.75,327.37
4668,21.16,41.0,400.0,0.05,260.0,198.38,0.14,0.215,94.3,1,24.81,260.14
4669,19.63,37.6,400.0,0.19,327.29,249.72,0.44,0.058,94.8,1,23.13,327.73
4670,20.08,40.1,430.0,0.13,390.0,297.57,0.29,-0.077,95.0,1,21.83,390.29
4671,19.09,37.7,428.0,0.0,443.85,338.66,0.06,-0.174,95.2,1,20.99,443.91
4672,18.19,41.9,402.0,0.13,485.17,370.18,0.92,-0.332,95.3,1,20.68,486.09
4673,18.45,44.5,400.0,0.28,511.14,390.0,0.55,-0.355,95.3,1,20.91,511.69
4674,17.64,45.7,400.0,0.14,520.0,396.76,0.63,-0.311,95.3,1,21.67,520.63
4675,18.15,46.9,410.0,0.03,511.14,390.0,0.56,-0.607,95.1,1,22.91,511.7
4676,17.79,49.4,421.0,0.21,485.17,370.18,0.06,-0.448,95.3,1,24.54,485.23
4677,19.21,53.6,418.0,0.14,443.85,338.66,0.64,-0.625,95.0,1,26.46,444.49
4678,19.63,53.4,406.0,0.23,390.0,297.57,0.24,0.046,94.8,1,28.53,390.24
4679,20.16,57.1,453.0,0.06,327.29,249.72,0.37,-0.039,95.0,1,30.62,327.66
4680,21.2,55.6,412.0,0.29,260.0,198.38,0.76,-0.254,95.2,1,32.57,260.76
4681,20.93,58.1,400.0,0.0,327.29,249.72,0.78,-0.331,95.3,1,34.26,328.07
4682,22.83,60.5,400.0,0.26,390.0,297.57,0.81,0.274,94.1,1,35.58,390.81
4683,22.66,57.1,400.0,0.02,443.85,338.66,0.24,0.319,93.9,1,36.43,444.09
4684,24.37,59.3,465.0,0.09,485.17,370.18,0.41,0.333,93.8,1,36.76,485.58
4685,23.79,58.7,425.0,0.1,511.14,390.0,0.68,0.545,92.8,1,36.55,511.82
4686,23.27,54.0,439.0,0.26,520.0,396.76,0.72,0.695,91.9,1,35.8,520.72
4687,24.93,53.7,405.0,0.2,511.14,390.0,0.82,0.729,91.7,0,34.57,511.96
4688,23.84,47.8,408.0,0.03,485.17,370.18,0.79,0.72,91.7,0,32.95,485.95
4689,22.5,48.8,400.0,0.01,443.85,338.66,0.27,0.364,93.7,1,31.05,444.11
4690,22.53,44.5,400.0,0.04,390.0,297.57,0.93,0.594,92.5,1,29.0,390.93
4691,22.18,41.3,400.0,0.18,327.29,249.72,0.06,0.043,94.8,1,26.93,327.36
4692,19.34,40.9,400.0,0.1,260.0,198.38,0.42,0.065,94.7,1,24.99,260.42
4693,20.2,38.1,415.0,0.3,327.29,249.72,0.19,-0.032,95.0,1,23.31,327.48
4694,19.39,41.5,509.0,0.24,390.0,297.57,0.35,-0.096,95.1,1,22.0,390.35
4695,18.78,40.5,400.0,0.04,443.85,338.66,0.7,-0.572,95.1,1,21.17,444.55
4696,17.48,43.2,416.0,0.01,485.17,370.18,0.22,-0.266,95.3,1,20.85,485.39
4697,17.84,39.0,400.0,0.11,511.14,390.0,0.88,-0.358,95.3,1,21.08,512.02
4698,17.11,46.4,408.0,0.21,520.0,396.76,0.14,-0.78,94.7,0,21.84,520.14
4699,18.15,43.7,450.0,0.14,511.14,390.0,0.69,-0.451,95.2,1,23.08,511.83
4700,17.98,49.4,400.0,0.01,485.17,370.18,0.59,-0.472,95.2,1,24.72,485.75
4701,18.83,56.9,400.0,0.06,443.85,338.66,0.12,0.03,94.8,1,26.63,443.96
4702,19.35,51.4,400.0,0.08,390.0,297.57,0.47,-0.168,95.2,1,28.7,390.47
4703,20.18,56.7,401.0,0.23,327.29,249.72,0.98,-0.201,95.2,1,30.79,328.28
4704,20.6,56.3,400.0,0.05,260.0,198.38,0.15,-0.099,95.1,1,32.74,260.15
4705,21.62,58.3,400.0,0.09,327.29,249.72,0.4,0.32,93.9,1,34.44,327.7
4706,22.43,58.0,427.0,0.16,390.0,297.57,0.73,0.314,93.9,1,35.75,390.73
4707,23.64,54.4,400.0,0.17,443.85,338.66,0.52,0.382,93.6,1,36.6,444.36
4708,23.57,59.9,400.0,0.03,485.17,370.18,0.12,0.568,92.7,1,36.93,485.28
4709,24.09,57.4,400.0,0.01,511.14,390.0,0.35,0.505,93.0,1,36.72,511.49
4710,24.19,53.5,435.0,0.22,520.0,396.76,0.52,0.767,91.4,0,35.97,520.52
4711,23.71,55.5,400.0,0.12,511.14,390.0,0.12,0.437,93.3,1,34.75,511.26
4712,23.73,51.5,983.0,1.0,630.72,481.24,10.41,0.238,94.2,1,33.13,641.13
4713,23.17,47.9,992.0,1.0,577.0,440.25,10.6,0.29,94.0,1,31.22,587.6
4714,21.46,46.5,1001.0,1.0,507.0,386.84,10.07,0.246,94.2,1,29.17,517.07
4715,21.89,44.4,1038.0,1.0,425.48,324.64,10.07,0.175,94.4,1,27.1,435.55
4716,21.33,41.5,1013.0,1.0,338.0,257.89,10.59,0.051,94.8,1,25.16,348.59
4717,20.24,41.4,1058.0,1.0,425.48,324.64,10.22,-0.074,95.0,1,23.48,435.7
4718,18.79,40.5,985.0,1.0,507.0,386.84,10.34,-0.367,95.3,1,22.17,517.34
4719,18.25,39.5,1027.0,1.0,577.0,440.25,10.24,-0.64,95.0,1,21.34,587.24
4720,17.8,39.7,1043.0,1.0,630.72,481.24,10.93,-0.815,94.6,0,21.02,641.65
4721,18.05,41.2,962.0,1.0,664.48,507.0,10.31,-0.338,95.3,1,21.25,674.79
4722,18.19,42.8,958.0,1.0,676.0,515.79,10.51,-0.968,94.1,0,22.01,686.51
4723,16.86,46.6,400.0,0.03,511.14,390.0,0.27,-0.426,95.3,1,23.25,511.41
4724,17.97,50.5,454.0,0.1,485.17,370.18,0.51,-0.337,95.3,1,24.89,485.68
4725,18.64,53.9,405.0,0.11,443.85,338.66,0.95,-0.232,95.2,1,26.8,444.8
4726,19.37,55.0,409.0,0.29,390.0,297.57,0.1,-0.159,95.2,1,28.87,390.1
4727,19.56,58.9,400.0,0.03,327.29,249.72,0.66,-0.144,95.1,1,30.96,327.95
4728,20.74,56.1,414.0,0.26,260.0,198.38,0.36,-0.262,95.3,1,32.91,260.36
4729,21.59,61.6,404.0,0.13,327.29,249.72,0.43,0.0,94.9,1,34.61,327.72
4730,22.2,61.9,400.0,0.0,390.0,297.57,0.64,0.524,92.9,1,35.92,390.64
4731,23.02,56.9,400.0,0.1,443.85,338.66,0.49,0.452,93.3,1,36.78,444.34
4732,23.27,56.5,438.0,0.05,485.17,370.18,0.93,0.211,94.3,1,37.1,486.1
4733,23.77,56.0,400.0,0.11,511.14,390.0,0.86,0.297,94.0,1,36.89,512.0
4734,23.37,56.4,400.0,0.23,520.0,396.76,0.01,0.903,90.5,0,36.14,520.01
4735,23.61,48.5,400.0,0.27,511.14,390.0,0.2,0.246,94.2,1,34.92,511.34
4736,23.08,51.0,993.0,1.0,630.72,481.24,10.09,0.431,93.4,1,33.3,640.8
4737,22.89,49.0,998.0,1.0,577.0,440.25,10.08,0.392,93.6,1,31.39,587.08
4738,22.22,49.1,1041.0,1.0,507.0,386.84,10.09,0.448,93.3,1,29.34,517.09
4739,21.23,46.2,1010.0,1.0,425.48,324.64,10.57,0.322,93.9,1,27.27,436.05
4740,20.54,40.7,1039.0,1.0,338.0,257.89,10.47,0.12,94.6,1,25.33,348.47
4741,19.81,39.2,987.0,1.0,425.48,324.64,10.7,-0.108,95.1,1,23.65,436.18
4742,19.06,42.3,995.0,1.0,507.0,386.84,10.43,-0.143,95.1,1,22.35,517.43
4743,17.6,42.8,964.0,1.0,577.0,440.25,10.68,0.266,94.1,1,21.51,587.68
4744,18.75,42.2,987.0,1.0,630.72,481.24,10.73,0.269,94.1,1,21.19,641.45
4745,17.67,40.2,1013.0,1.0,664.48,507.0,10.11,-0.359,95.3,1,21.43,674.59
4746,17.98,44.5,939.0,1.0,676.0,515.79,10.98,-0.579,95.1,1,22.19,686.98
4747,16.94,45.8,410.0,0.25,511.14,390.0,0.61,-0.478,95.2,1,23.42,511.75
4748,18.18,47.1,400.0,0.06,485.17,370.18,0.86,-0.26,95.3,1,25.06,486.03
4749,18.47,52.7,400.0,0.29,443.85,338.66,0.56,-0.545,95.2,1,26.98,444.4
4750,18.38,52.8,431.0,0.23,390.0,297.57,0.86,-0.106,95.1,1,29.05,390.86
4751,20.68,61.3,400.0,0.19,327.29,249.72,0.03,-0.092,95.1,1,31.13,327.32
4752,21.35,56.3,400.0,0.24,260.0,198.38,0.63,-0.308,95.3,1,33.08,260.63
4753,21.65,54.8,423.0,0.01,327.29,249.72,0.38,0.209,94.3,1,34.78,327.67
4754,22.59,60.4,403.0,0.02,390.0,297.57,0.4,0.146,94.5,1,36.1,390.4
4755,23.0,62.8,400.0,0.22,443.85,338.66,0.64,0.57,92.6,1,36.95,444.49
4756,23.07,59.2,400.0,0.04,485.17,370.18,0.87,0.397,93.5,1,37.28,486.04
4757,22.68,56.3,400.0,0.21,511.14,390.0,0.95,0.191,94.4,1,37.06,512.09
4758,23.13,53.3,400.0,0.14,520.0,396.76,0.94,0.406,93.5,1,36.31,520.94
4759,23.28,50.1,404.0,0.05,511.14,390.0,0.31,0.52,92.9,1,35.09,511.45
4760,24.28,49.3,981.0,1.0,630.72,481.24,10.43,0.028,94.8,1,33.47,641.15
4761,22.31,45.8,1091.0,1.0,577.0,440.25,10.17,0.481,93.1,1,31.57,587.18
4762,21.98,45.8,989.0,1.0,507.0,386.84,10.26,0.091,94.7,1,29.51,517.26
4763,21.45,43.0,1012.0,1.0,425.48,324.64,10.64,0.282,94.0,1,27.44,436.12
4764,20.88,41.7,941.0,1.0,338.0,257.89,10.56,0.372,93.6,1,25.5,348.56
4765,19.75,38.7,981.0,1.0,425.48,324.64,10.84,0.107,94.6,1,23.82,436.33
4766,18.92,39.6,1001.0,1.0,507.0,386.84,10.48,-0.278,95.3,1,22.52,517.48
4767,19.75,42.1,962.0,1.0,577.0,440.25,10.05,-0.155,95.2,1,21.68,587.05
4768,17.78,37.5,987.0,1.0,630.72,481.24,10.62,-0.323,95.3,1,21.37,641.33
4769,18.93,40.9,1006.0,1.0,664.48,507.0,10.13,-0.469,95.2,1,21.6,674.62
4770,17.42,44.0,958.0,1.0,676.0,515.79,10.54,0.127,94.6,1,22.36,686.54
4771,17.76,46.0,400.0,0.08,511.14,390.0,0.87,-0.291,95.3,1,23.6,512.01
4772,18.41,52.5,401.0,0.12,485.17,370.18,0.49,-0.538,95.2,1,25.23,485.66
4773,18.3,48.8,419.0,0.06,443.85,338.66,0.06,-0.302,95.3,1,27.15,443.91
4774,18.44,48.7,419.0,0.16,390.0,297.57,0.57,-0.139,95.1,1,29.22,390.57
4775,19.96,59.1,400.0,0.08,327.29,249.72,0.03,-0.036,95.0,1,31.3,327.32
4776,19.96,55.4,400.0,0.25,260.0,198.38,0.32,0.005,94.9,1,33.26,260.32
4777,20.19,57.9,442.0,0.14,327.29,249.72,0.08,0.203,94.3,1,34.95,327.38
4778,22.31,60.6,452.0,0.14,390.0,297.57,0.54,0.215,94.3,1,36.27,390.54
4779,22.16,62.3,452.0,0.04,443.85,338.66,0.99,0.417,93.4,1,37.12,444.84
4780,23.62,57.4,406.0,0.23,485.17,370.18,0.24,0.819,91.1,0,37.45,485.41
4781,23.6,56.1,400.0,0.27,511.14,390.0,0.51,0.571,92.6,1,37.23,511.65
4782,23.94,52.9,402.0,0.04,520.0,396.76,0.44,0.536,92.8,1,36.48,520.44
4783,24.14,53.1,400.0,0.24,511.14,390.0,0.76,0.757,91.5,0,35.26,511.9
4784,23.53,53.5,981.0,1.0,630.72,481.24,10.26,0.623,92.3,1,33.64,640.97
4785,23.22,46.6,991.0,1.0,577.0,440.25,10.61,0.307,93.9,1,31.74,587.61
4786,21.74,43.6,1010.0,1.0,507.0,386.84,10.65,0.022,94.8,1,29.68,517.65
4787,21.89,43.0,1023.0,1.0,425.48,324.64,10.24,-0.168,95.2,1,27.61,435.72
4788,20.83,42.7,1043.0,1.0,338.0,257.89,10.27,0.162,94.5,1,25.67,348.27
4789,20.02,42.1,1050.0,1.0,425.48,324.64,10.89,0.434,93.4,1,23.99,436.37
4790,19.56,39.6,989.0,1.0,507.0,386.84,10.51,-0.276,95.3,1,22.69,517.51
4791,18.96,43.4,1005.0,1.0,577.0,440.25,10.89,-0.869,94.4,0,21.85,587.89
4792,18.1,42.3,1038.0,1.0,630.72,481.24,10.67,-0.177,95.2,1,21.54,641.39
4793,16.72,42.6,1005.0,1.0,664.48,507.0,10.01,-0.412,95.3,1,21.77,674.5
4794,18.23,44.5,967.0,1.0,676.0,515.79,10.08,-0.535,95.2,1,22.53,686.08
4795,17.39,42.7,430.0,0.05,511.14,390.0,0.26,-0.728,94.8,0,23.77,511.4
4796,18.1,48.3,400.0,0.3,485.17,370.18,0.61,-0.16,95.2,1,25.4,485.78
4797,18.74,50.0,400.0,0.11,443.85,338.66,0.14,-0.333,95.3,1,27.32,443.99
4798,17.97,54.1,400.0,0.23,390.0,297.57,0.12,-0.039,95.0,1,29.39,390.12
4799,19.57,55.0,415.0,0.17,327.29,249.72,0.14,-0.119,95.1,1,31.47,327.44
4800,20.6,55.6,407.0,0.09,260.0,198.38,0.85,0.386,93.6,1,33.43,260.85
4801,22.79,61.3,400.0,0.0,327.29,249.72,0.13,0.177,94.4,1,35.12,327.42
4802,22.46,56.5,474.0,0.27,390.0,297.57,0.41,0.115,94.6,1,36.44,390.41
4803,22.17,64.6,400.0,0.24,443.85,338.66,0.52,0.469,93.2,1,37.29,444.36
4804,23.7,56.7,400.0,0.28,485.17,370.18,0.33,0.46,93.2,1,37.62,485.49
4805,24.13,57.2,400.0,0.14,511.14,390.0,0.45,0.258,94.1,1,37.4,511.59
4806,23.38,52.6,400.0,0.18,520.0,396.76,0.93,0.328,93.8,1,36.65,520.93
4807,23.42,51.1,400.0,0.23,511.14,390.0,0.63,0.503,93.0,1,35.43,511.77
4808,23.35,52.1,953.0,1.0,630.72,481.24,10.96,0.717,91.8,0,33.81,641.68
4809,22.87,46.4,1019.0,1.0,577.0,440.25,10.35,0.253,94.1,1,31.91,587.35
4810,21.97,44.1,1007.0,1.0,507.0,386.84,10.44,0.467,93.2,1,29.85,517.44
4811,20.72,45.2,1006.0,1.0,425.48,324.64,10.7,0.099,94.6,1,27.78,436.18
4812,19.65,45.4,1039.0,1.0,338.0,257.89,10.6,0.297,94.0,1,25.84,348.6
4813,19.22,39.6,999.0,1.0,425.48,324.64,10.77,0.273,94.1,1,24.16,436.25
4814,18.7,36.1,951.0,1.0,507.0,386.84,10.84,-0.2,95.2,1,22.86,517.84
4815,18.28,39.5,988.0,1.0,577.0,440.25,10.4,-0.468,95.2,1,22.02,587.4
4816,18.22,40.6,1023.0,1.0,630.72,481.24,10.12,-0.55,95.2,1,21.71,640.84
4817,17.13,42.5,976.0,1.0,664.48,507.0,10.57,-0.263,95.3,1,21.94,675.05
4818,17.01,45.8,1004.0,1.0,676.0,515.79,10.27,-0.677,94.9,1,22.7,686.27
4819,17.8,48.6,400.0,0.21,511.14,390.0,0.22,-0.818,94.6,0,23.94,511.36
4820,17.46,47.9,400.0,0.02,485.17,370.18,0.12,-0.178,95.2,1,25.57,485.28
4821,17.99,52.3,402.0,0.04,443.85,338.66,0.42,-0.518,95.2,1,27.49,444.27
4822,18.87,54.9,431.0,0.06,390.0,297.57,0.01,-0.511,95.2,1,29.56,390.01
4823,19.55,60.3,400.0,0.19,327.29,249.72,0.16,-0.28,95.3,1,31.64,327.46
4824,19.86,60.2,439.0,0.07,260.0,198.38,0.45,-0.034,95.0,1,33.59,260.45
4825,21.56,58.2,400.0,0.25,327.29,249.72,0.76,-0.111,95.1,1,35.29,328.05
4826,22.49,57.5,400.0,0.12,390.0,297.57,0.34,0.03,94.8,1,36.61,390.34
4827,22.32,58.8,400.0,0.14,443.85,338.66,0.3,0.41,93.5,1,37.46,444.14
4828,24.12,59.0,402.0,0.11,485.17,370.18,0.21,0.335,93.8,1,37.79,485.37
4829,22.95,56.9,401.0,0.12,511.14,390.0,0.71,0.581,92.6,1,37.57,511.85
4830,23.42,53.6,400.0,0.14,520.0,396.76,0.1,0.63,92.3,1,36.82,520.1
4831,22.66,51.3,400.0,0.08,511.14,390.0,0.66,0.371,93.7,1,35.6,511.8
4832,22.77,52.3,400.0,0.15,485.17,370.18,0.2,0.408,93.5,1,33.98,485.37
4833,23.44,44.1,400.0,0.12,443.85,338.66,0.36,0.526,92.9,1,32.08,444.21
4834,22.07,47.9,400.0,0.06,390.0,297.57,0.19,0.498,93.0,1,30.02,390.19
4835,21.2,43.3,443.0,0.26,327.29,249.72,0.09,-0.348,95.3,1,27.95,327.38
4836,19.98,39.9,401.0,0.03,260.0,198.38,0.31,-0.289,95.3,1,26.01,260.31
4837,18.91,40.5,432.0,0.02,327.29,249.72,0.38,-0.083,95.1,1,24.33,327.67
4838,19.51,41.9,400.0,0.05,390.0,297.57,0.4,-0.237,95.2,1,23.03,390.4
4839,18.46,40.7,400.0,0.15,443.85,338.66,0.37,-0.404,95.3,1,22.19,444.21
4840,17.37,39.9,400.0,0.09,485.17,370.18,0.31,-0.503,95.2,1,21.87,485.48
4841,17.03,41.7,400.0,0.29,511.14,390.0,0.02,-0.637,95.0,1,22.11,511.16
4842,17.65,44.1,431.0,0.3,520.0,396.76,0.99,-0.191,95.2,1,22.87,520.99
4843,17.98,47.9,400.0,0.2,511.14,390.0,0.77,-0.684,94.9,1,24.1,511.91
4844,17.04,46.3,400.0,0.2,485.17,370.18,0.92,-0.446,95.3,1,25.74,486.09
4845,18.22,51.0,420.0,0.26,443.85,338.66,0.5,-0.365,95.3,1,27.66,444.35
4846,18.98,54.4,400.0,0.03,390.0,297.57,0.8,-0.068,95.0,1,29.73,390.8
4847,19.63,56.7,416.0,0.29,327.29,249.72,0.94,0.028,94.8,1,31.81,328.23
4848,20.29,57.6,400.0,0.2,260.0,198.38,0.4,0.006,94.9,1,33.76,260.4
4849,20.4,59.7,449.0,0.19,327.29,249.72,0.82,0.087,94.7,1,35.46,328.11
4850,21.88,56.0,400.0,0.23,390.0,297.57,0.73,0.065,94.7,1,36.77,390.73
4851,22.86,56.2,428.0,0.04,443.85,338.66,0.27,0.605,92.4,1,37.63,444.12
4852,22.23,61.7,400.0,0.03,485.17,370.18,0.53,0.085,94.7,1,37.95,485.7
4853,23.32,57.3,426.0,0.23,511.14,390.0,0.47,0.287,94.0,1,37.74,511.61
4854,23.54,55.0,400.0,0.04,520.0,396.76,0.15,0.685,92.0,1,36.99,520.15
4855,22.67,49.5,412.0,0.22,511.14,390.0,0.53,0.288,94.0,1,35.77,511.67
4856,22.61,46.3,400.0,0.26,485.17,370.18,0.99,0.568,92.7,1,34.15,486.16
4857,22.01,48.6,400.0,0.08,443.85,338.66,0.88,0.632,92.3,1,32.24,444.72
4858,21.84,48.0,422.0,0.18,390.0,297.57,0.2,0.493,93.1,1,30.19,390.2
4859,20.54,41.4,400.0,0.14,327.29,249.72,0.93,0.001,94.9,1,28.12,328.22
4860,19.47,42.1,400.0,0.23,260.0,198.38,0.11,-0.072,95.0,1,26.18,260.11
4861,19.75,42.6,443.0,0.19,327.29,249.72,0.05,-0.334,95.3,1,24.5,327.35
4862,19.33,39.4,401.0,0.23,390.0,297.57,0.26,-0.214,95.2,1,23.2,390.26
4863,18.03,42.7,425.0,0.22,443.85,338.66,0.22,-0.019,94.9,1,22.36,444.07
4864,16.72,40.4,400.0,0.19,485.17,370.18,0.63,-0.422,95.3,1,22.04,485.8
4865,16.81,43.1,400.0,0.11,511.14,390.0,0.44,-0.478,95.2,1,22.27,511.58
4866,17.04,48.1,400.0,0.16,520.0,396.76,0.78,-0.467,95.2,1,23.03,520.78
4867,17.48,48.4,400.0,0.26,511.14,390.0,0.4,-0.5,95.2,1,24.27,511.54
4868,17.3,49.2,469.0,0.25,485.17,370.18,0.83,-0.304,95.3,1,25.91,486.0
4869,18.27,50.9,423.0,0.16,443.85,338.66,0.18,-0.652,95.0,1,27.82,444.03
4870,18.34,56.7,400.0,0.03,390.0,297.57,0.37,-0.218,95.2,1,29.89,390.37
4871,20.08,57.9,400.0,0.02,327.29,249.72,0.47,0.012,94.9,1,31.98,327.76
4872,19.5,59.7,400.0,0.08,260.0,198.38,0.25,0.209,94.3,1,33.93,260.25
4873,20.93,59.8,400.0,0.29,327.29,249.72,0.76,0.433,93.4,1,35.63,328.05
4874,21.47,61.7,420.0,0.0,390.0,297.57,0.75,0.105,94.6,1,36.94,390.75
4875,22.46,57.9,400.0,0.26,443.85,338.66,0.56,0.177,94.4,1,37.79,444.41
4876,22.18,57.4,400.0,0.29,485.17,370.18,0.49,0.359,93.7,1,38.12,485.65
4877,23.21,55.6,400.0,0.05,511.14,390.0,0.49,0.645,92.2,1,37.91,511.63
4878,22.97,56.6,400.0,0.1,520.0,396.76,0.56,0.224,94.2,1,37.16,520.56
4879,23.24,51.7,479.0,0.28,511.14,390.0,0.26,0.532,92.9,1,35.94,511.4
4880,22.55,48.9,1019.0,1.0,630.72,481.24,10.37,0.489,93.1,1,34.32,641.09
4881,22.92,48.1,986.0,1.0,577.0,440.25,10.11,0.244,94.2,1,32.41,587.11
4882,21.72,43.4,1005.0,1.0,507.0,386.84,10.74,0.404,93.5,1,30.36,517.74
4883,20.83,44.2,980.0,1.0,425.48,324.64,10.85,-0.133,95.1,1,28.29,436.33
4884,20.07,40.4,1055.0,1.0,338.0,257.89,10.25,0.279,94.0,1,26.35,348.25
4885,19.31,43.3,1028.0,1.0,425.48,324.64,10.9,-0.002,94.9,1,24.67,436.38
4886,19.03,42.7,1008.0,1.0,507.0,386.84,10.64,-0.292,95.3,1,23.36,517.64
4887,18.12,43.6,980.0,1.0,577.0,440.25,10.29,-0.608,95.1,1,22.53,587.29
4888,17.48,38.9,1021.0,1.0,630.72,481.24,10.88,-0.434,95.3,1,22.21,641.59
4889,17.68,42.1,1013.0,1.0,664.48,507.0,10.5,-0.361,95.3,1,22.44,674.98
4890,18.25,46.7,1016.0,1.0,676.0,515.79,10.42,-0.605,95.1,1,23.2,686.42
4891,16.97,50.3,417.0,0.17,511.14,390.0,0.54,-0.864,94.5,0,24.44,511.68
4892,17.72,46.4,400.0,0.12,485.17,370.18,0.89,-0.596,95.1,1,26.07,486.05
4893,17.68,53.5,400.0,0.18,443.85,338.66,0.31,0.152,94.5,1,27.99,444.16
4894,18.95,55.0,404.0,0.17,390.0,297.57,0.57,-0.163,95.2,1,30.06,390.57
4895,20.07,57.3,400.0,0.02,327.29,249.72,0.51,-0.184,95.2,1,32.15,327.8
4896,19.5,56.3,400.0,0.09,260.0,198.38,0.9,0.515,92.9,1,34.1,260.9
4897,21.13,58.7,400.0,0.12,327.29,249.72,0.2,0.321,93.9,1,35.79,327.49
4898,20.85,62.0,400.0,0.16,390.0,297.57,0.68,0.61,92.4,1,37.11,390.68
4899,22.01,61.7,400.0,0.25,443.85,338.66,0.66,0.432,93.4,1,37.96,444.51
4900,22.73,59.4,400.0,0.24,485.17,370.18,0.09,0.623,92.3,1,38.29,485.26
4901,23.38,59.9,427.0,0.24,511.14,390.0,0.61,0.531,92.9,1,38.07,511.75
4902,22.63,57.2,434.0,0.18,520.0,396.76,0.73,0.347,93.8,1,37.33,520.73
4903,22.45,56.3,423.0,0.17,511.14,390.0,0.67,0.46,93.2,1,36.1,511.82
4904,22.39,51.7,1035.0,1.0,630.72,481.24,10.38,0.46,93.2,1,34.48,641.1
4905,22.37,53.6,962.0,1.0,577.0,440.25,10.61,0.341,93.8,1,32.58,587.61
4906,20.92,44.8,995.0,1.0,507.0,386.84,10.04,0.118,94.6,1,30.52,517.04
4907,22.13,47.4,1000.0,1.0,425.48,324.64,10.25,0.079,94.7,1,28.45,435.74
4908,19.8,39.6,1010.0,1.0,338.0,257.89,10.41,-0.078,95.0,1,26.51,348.41
4909,18.93,40.3,1002.0,1.0,425.48,324.64,10.41,-0.223,95.2,1,24.83,435.89
4910,17.98,41.5,950.0,1.0,507.0,386.84,10.3,0.03,94.8,1,23.53,517.3
4911,18.27,34.9,981.0,1.0,577.0,440.25,10.91,-0.294,95.3,1,22.69,587.92
4912,17.27,40.0,1002.0,1.0,630.72,481.24,10.82,-0.695,94.9,1,22.38,641.53
4913,17.51,47.1,987.0,1.0,664.48,507.0,10.78,-0.76,94.8,0,22.61,675.26
4914,17.3,47.6,1020.0,1.0,676.0,515.79,10.74,-0.574,95.1,1,23.37,686.74
4915,18.17,44.0,413.0,0.21,511.14,390.0,0.42,-0.665,95.0,1,24.61,511.56
4916,16.93,46.3,452.0,0.17,485.17,370.18,0.42,-0.479,95.2,1,26.24,485.59
4917,17.97,49.1,416.0,0.01,443.85,338.66,0.5,0.038,94.8,1,28.16,444.34
4918,18.49,52.9,435.0,0.14,390.0,297.57,0.59,-0.392,95.3,1,30.23,390.59
4919,18.3,56.7,400.0,0.05,327.29,249.72,0.6,-0.327,95.3,1,32.31,327.9
4920,20.33,60.2,444.0,0.1,260.0,198.38,0.59,0.076,94.7,1,34.27,260.59
4921,20.73,61.7,439.0,0.28,327.29,249.72,0.71,-0.023,94.9,1,35.96,328.01
4922,21.97,63.7,400.0,0.11,390.0,297.57,0.61,-0.123,95.1,1,37.28,390.61
4923,22.3,62.5,400.0,0.27,443.85,338.66,0.85,0.297,94.0,1,38.13,444.69
4924,22.66,54.2,400.0,0.08,485.17,370.18,0.24,0.115,94.6,1,38.46,485.41
4925,23.65,56.5,400.0,0.08,511.14,390.0,0.93,0.306,93.9,1,38.24,512.07
4926,22.72,52.6,400.0,0.24,520.0,396.76,0.49,0.576,92.6,1,37.49,520.49
4927,23.39,57.8,415.0,0.09,511.14,390.0,0.9,0.205,94.3,1,36.27,512.04
4928,22.85,49.7,1037.0,1.0,630.72,481.24,10.34,0.631,92.3,1,34.65,641.05
4929,23.01,46.4,1025.0,1.0,577.0,440.25,10.07,0.319,93.9,1,32.75,587.07
4930,21.46,47.0,970.0,1.0,507.0,386.84,10.35,0.576,92.6,1,30.69,517.35
4931,21.97,42.8,1036.0,1.0,425.48,324.64,10.95,0.147,94.5,1,28.62,436.43
4932,19.84,43.8,1030.0,1.0,338.0,257.89,10.47,-0.02,94.9,1,26.68,348.47
4933,19.5,39.3,1008.0,1.0,425.48,324.64,10.74,-0.106,95.1,1,25.0,436.22
4934,18.26,42.0,1038.0,1.0,507.0,386.84,10.63,-0.13,95.1,1,23.7,517.63
4935,18.35,35.2,1072.0,1.0,577.0,440.25,10.14,-0.066,95.0,1,22.86,587.14
4936,17.19,46.3,994.0,1.0,630.72,481.24,10.92,-0.626,95.0,1,22.55,641.64
4937,18.49,44.1,989.0,1.0,664.48,507.0,10.45,-0.469,95.2,1,22.78,674.94
4938,17.15,45.3,984.0,1.0,676.0,515.79,10.95,-0.506,95.2,1,23.54,686.95
4939,17.11,46.0,400.0,0.29,511.14,390.0,0.24,-0.237,95.2,1,24.78,511.38
4940,16.98,49.5,426.0,0.07,485.17,370.18,0.04,-0.377,95.3,1,26.41,485.21
4941,16.91,52.1,400.0,0.05,443.85,338.66,0.62,-0.518,95.2,1,28.33,444.47
4942,18.7,54.2,400.0,0.12,390.0,297.57,0.79,-0.227,95.2,1,30.4,390.79
4943,18.72,57.3,412.0,0.23,327.29,249.72,0.32,-0.422,95.3,1,32.48,327.62
4944,20.39,58.2,400.0,0.03,260.0,198.38,0.62,0.318,93.9,1,34.43,260.62
4945,19.46,59.4,433.0,0.1,327.29,249.72,0.19,0.013,94.9,1,36.13,327.49
4946,20.98,59.2,400.0,0.02,390.0,297.57,0.59,0.019,94.8,1,37.44,390.59
4947,22.18,59.5,400.0,0.05,443.85,338.66,0.18,0.525,92.9,1,38.3,444.03
4948,23.31,59.4,400.0,0.29,485.17,370.18,0.02,0.555,92.7,1,38.62,485.19
4949,22.87,57.7,422.0,0.16,511.14,390.0,0.25,0.881,90.6,0,38.41,511.39
4950,23.09,55.3,400.0,0.29,520.0,396.76,0.5,0.55,92.8,1,37.66,520.5
4951,22.34,52.5,400.0,0.25,511.14,390.0,0.79,0.603,92.5,1,36.44,511.93
4952,22.59,51.6,1012.0,1.0,630.72,481.24,10.4,0.54,92.8,1,34.82,641.12
4953,21.91,46.6,1000.0,1.0,577.0,440.25,10.34,0.276,94.1,1,32.91,587.34
4954,22.32,42.0,985.0,1.0,507.0,386.84,10.61,0.221,94.3,1,30.86,517.61
4955,19.75,43.1,962.0,1.0,425.48,324.64,10.91,0.366,93.7,1,28.79,436.39
4956,20.35,43.4,1028.0,1.0,338.0,257.89,10.98,-0.149,95.2,1,26.85,348.98
4957,18.85,41.5,990.0,1.0,425.48,324.64,10.28,-0.107,95.1,1,25.17,435.76
4958,18.38,41.7,1000.0,1.0,507.0,386.84,10.64,-0.682,94.9,1,23.86,517.64
4959,17.76,39.4,1017.0,1.0,577.0,440.25,11.0,-0.216,95.2,1,23.03,588.0
4960,17.12,42.0,971.0,1.0,630.72,481.24,10.66,-0.289,95.3,1,22.71,641.38
4961,16.53,46.8,1019.0,1.0,664.48,507.0,10.07,-0.172,95.2,1,22.94,674.55
4962,16.19,42.3,1022.0,1.0,676.0,515.79,10.66,-0.432,95.3,1,23.7,686.66
4963,18.31,48.0,400.0,0.08,511.14,390.0,0.12,-0.671,95.0,1,24.94,511.26
4964,17.29,48.8,400.0,0.17,485.17,370.18,0.84,-0.39,95.3,1,26.58,486.0
4965,17.32,54.8,400.0,0.28,443.85,338.66,0.56,0.202,94.3,1,28.49,444.41
4966,18.81,54.6,400.0,0.02,390.0,297.57,0.86,-0.518,95.2,1,30.56,390.86
4967,19.61,56.2,417.0,0.11,327.29,249.72,0.72,-0.098,95.1,1,32.65,328.02
4968,19.97,55.6,400.0,0.18,260.0,198.38,0.26,-0.33,95.3,1,34.6,260.26
4969,20.21,57.7,400.0,0.04,327.29,249.72,0.78,0.408,93.5,1,36.29,328.07
4970,21.91,59.3,407.0,0.22,390.0,297.57,0.61,0.2,94.3,1,37.61,390.61
4971,21.65,61.7,414.0,0.23,443.85,338.66,0.62,0.52,92.9,1,38.46,444.47
4972,22.08,62.0,400.0,0.17,485.17,370.18,0.86,0.138,94.5,1,38.79,486.03
4973,22.29,57.2,400.0,0.04,511.14,390.0,0.42,0.441,93.3,1,38.57,511.56
4974,22.38,54.7,400.0,0.25,520.0,396.76,0.91,0.079,94.7,1,37.83,520.91
4975,23.19,53.8,400.0,0.02,511.14,390.0,0.47,0.343,93.8,1,36.6,511.61
4976,22.25,50.9,952.0,1.0,630.72,481.24,10.08,0.555,92.7,1,34.98,640.79
4977,23.26,47.5,1035.0,1.0,577.0,440.25,10.64,0.128,94.6,1,33.08,587.64
4978,21.55,45.4,990.0,1.0,507.0,386.84,10.17,0.525,92.9,1,31.02,517.17
4979,20.76,43.9,992.0,1.0,425.48,324.64,10.59,-0.025,94.9,1,28.95,436.07
4980,20.04,44.0,1001.0,1.0,338.0,257.89,10.27,-0.087,95.1,1,27.01,348.27
4981,18.84,39.1,1038.0,1.0,425.48,324.64,10.56,-0.338,95.3,1,25.33,436.04
4982,18.83,37.4,1027.0,1.0,507.0,386.84,10.95,0.1,94.6,1,24.03,517.95
4983,17.35,40.6,1010.0,1.0,577.0,440.25,10.96,-0.763,94.7,0,23.19,587.96
4984,17.06,39.3,946.0,1.0,630.72,481.24,10.28,-0.374,95.3,1,22.88,641.0
4985,17.44,45.5,1051.0,1.0,664.48,507.0,10.22,-0.518,95.2,1,23.11,674.7
4986,17.57,45.3,1000.0,1.0,676.0,515.79,10.48,-0.171,95.2,1,23.87,686.48
4987,18.03,46.7,400.0,0.02,511.14,390.0,0.3,-0.572,95.1,1,25.11,511.44
4988,17.07,49.5,427.0,0.06,485.17,370.18,0.66,-0.476,95.2,1,26.74,485.83
4989,18.04,53.0,400.0,0.06,443.85,338.66,0.29,-0.459,95.2,1,28.66,444.14
4990,17.47,55.8,400.0,0.25,390.0,297.57,0.4,-0.24,95.2,1,30.73,390.4
4991,19.89,61.7,400.0,0.29,327.29,249.72,0.23,0.01,94.9,1,32.81,327.52
4992,19.79,56.3,400.0,0.03,260.0,198.38,0.64,-0.016,94.9,1,34.77,260.64
4993,21.0,61.5,400.0,0.09,327.29,249.72,0.35,-0.067,95.0,1,36.46,327.65
4994,21.69,64.5,429.0,0.04,390.0,297.57,0.08,0.168,94.4,1,37.78,390.08
4995,22.22,60.6,400.0,0.22,443.85,338.66,0.99,0.46,93.2,1,38.63,444.84
4996,22.14,59.1,400.0,0.13,485.17,370.18,0.0,0.57,92.6,1,38.96,485.17
4997,22.39,56.7,400.0,0.12,511.14,390.0,0.53,0.846,90.9,0,38.74,511.67
4998,23.31,55.3,400.0,0.24,520.0,396.76,0.23,0.415,93.4,1,37.99,520.23
4999,22.49,53.0,400.0,0.19,511.14,390.0,0.57,0.488,93.1,1,36.77,511.71
5000,22.1,52.9,413.0,0.15,485.17,370.18,0.73,0.505,93.0,1,35.15,485.9
5001,21.91,50.4,424.0,0.04,443.85,338.66,0.04,0.498,93.0,1,33.24,443.89
5002,21.28,44.4,426.0,0.11,390.0,297.57,0.57,0.381,93.6,1,31.19,390.57
5003,20.4,45.9,421.0,0.01,327.29,249.72,0.51,-0.139,95.1,1,29.12,327.8
5004,19.76,42.0,414.0,0.08,260.0,198.38,0.43,-0.332,95.3,1,27.18,260.43
5005,19.19,41.0,400.0,0.27,327.29,249.72,0.62,-0.053,95.0,1,25.5,327.91
5006,17.83,41.9,417.0,0.09,390.0,297.57,0.99,-0.434,95.3,1,24.19,390.99
5007,17.12,39.8,409.0,0.19,443.85,338.66,0.87,-0.529,95.2,1,23.36,444.72
5008,17.51,41.4,400.0,0.23,485.17,370.18,0.49,-0.498,95.2,1,23.04,485.66
5009,17.13,43.3,400.0,0.1,511.14,390.0,0.57,-0.847,94.5,0,23.27,511.71
5010,16.65,47.6,413.0,0.04,520.0,396.76,0.66,-0.556,95.1,1,24.03,520.66
5011,16.64,43.2,409.0,0.06,511.14,390.0,0.95,-0.557,95.1,1,25.27,512.09
5012,17.61,49.9,400.0,0.16,485.17,370.18,0.22,-0.524,95.2,1,26.9,485.39
5013,17.1,50.2,400.0,0.02,443.85,338.66,0.94,-0.6,95.1,1,28.82,444.78
5014,17.74,57.1,400.0,0.04,390.0,297.57,0.43,0.074,94.7,1,30.89,390.43
5015,18.64,54.5,401.0,0.29,327.29,249.72,0.94,0.124,94.6,1,32.98,328.23
5016,18.57,60.7,429.0,0.17,260.0,198.38,0.33,0.334,93.8,1,34.93,260.33
5017,21.56,58.5,450.0,0.07,327.29,249.72,0.77,-0.092,95.1,1,36.62,328.06
5018,20.64,64.1,412.0,0.08,390.0,297.57,0.32,0.338,93.8,1,37.94,390.32
5019,22.42,57.9,400.0,0.3,443.85,338.66,0.49,0.794,91.2,0,38.79,444.34
5020,22.53,59.3,400.0,0.16,485.17,370.18,0.19,0.472,93.2,1,39.12,485.35
5021,22.87,58.4,400.0,0.04,511.14,390.0,0.57,0.542,92.8,1,38.9,511.71
5022,23.61,55.1,438.0,0.06,520.0,396.76,0.95,0.473,93.2,1,38.16,520.95
5023,22.9,50.4,443.0,0.23,511.14,390.0,0.86,0.475,93.2,1,36.93,512.0
5024,22.34,51.2,437.0,0.2,485.17,370.18,0.83,0.811,91.1,0,35.31,485.99
5025,22.63,44.4,400.0,0.14,443.85,338.66,0.01,0.043,94.8,1,33.41,443.86
5026,20.19,46.1,400.0,0.09,390.0,297.57,0.26,0.205,94.3,1,31.35,390.26
5027,21.18,43.7,429.0,0.22,327.29,249.72,0.91,0.3,94.0,1,29.28,328.2
5028,19.81,40.5,400.0,0.07,260.0,198.38,0.69,-0.125,95.1,1,27.34,260.69
5029,18.94,35.5,400.0,0.11,327.29,249.72,0.65,-0.001,94.9,1,25.66,327.94
5030,18.13,35.7,446.0,0.27,390.0,297.57,0.91,-0.195,95.2,1,24.36,390.91
5031,17.81,38.4,412.0,0.09,443.85,338.66,0.41,-0.135,95.1,1,23.52,444.26
5032,16.9,40.6,400.0,0.15,485.17,370.18,0.26,-0.503,95.2,1,23.21,485.43
5033,16.36,43.5,407.0,0.05,511.14,390.0,0.42,-0.563,95.1,1,23.44,511.56
5034,16.78,44.9,462.0,0.0,520.0,396.76,0.45,-0.465,95.2,1,24.2,520.45
5035,17.19,44.2,412.0,0.13,511.14,390.0,0.21,-0.494,95.2,1,25.43,511.35
5036,17.07,52.5,429.0,0.05,485.17,370.18,0.88,-0.393,95.3,1,27.07,486.05
5037,17.85,54.5,433.0,0.23,443.85,338.66,0.03,-0.23,95.2,1,28.98,443.88
5038,18.59,54.3,482.0,0.03,390.0,297.57,0.64,-0.206,95.2,1,31.06,390.64
5039,19.28,58.5,400.0,0.27,327.29,249.72,0.22,-0.189,95.2,1,33.14,327.51
5040,20.01,56.7,414.0,0.2,260.0,198.38,0.12,-0.207,95.2,1,35.09,260.12
5041,20.8,58.9,422.0,0.02,327.29,249.72,0.46,0.189,94.4,1,36.79,327.76
5042,21.36,55.9,400.0,0.09,390.0,297.57,0.54,0.007,94.9,1,38.1,390.54
5043,20.77,58.3,454.0,0.07,443.85,338.66,0.75,0.463,93.2,1,38.95,444.59
5044,21.95,58.2,400.0,0.3,485.17,370.18,0.03,0.384,93.6,1,39.28,485.19
5045,22.47,58.9,400.0,0.11,511.14,390.0,0.39,0.415,93.4,1,39.07,511.53
5046,23.11,57.1,408.0,0.03,520.0,396.76,0.06,0.392,93.6,1,38.32,520.06
5047,22.35,50.7,400.0,0.23,511.14,390.0,0.99,0.516,92.9,1,37.09,512.13
5048,22.78,48.6,989.0,1.0,630.72,481.24,10.87,0.394,93.5,1,35.47,641.58
5049,22.53,47.1,1012.0,1.0,577.0,440.25,10.97,0.284,94.0,1,33.57,587.98
5050,22.29,48.1,950.0,1.0,507.0,386.84,10.43,0.338,93.8,1,31.51,517.43
5051,20.78,45.1,1006.0,1.0,425.48,324.64,10.25,0.064,94.7,1,29.44,435.73
5052,19.35,42.2,964.0,1.0,338.0,257.89,10.11,0.075,94.7,1,27.5,348.11
5053,19.1,41.3,1004.0,1.0,425.48,324.64,10.79,0.085,94.7,1,25.82,436.27
5054,18.59,40.2,1006.0,1.0,507.0,386.84,10.76,-0.246,95.2,1,24.52,517.76
5055,16.8,41.0,999.0,1.0,577.0,440.25,10.24,-0.348,95.3,1,23.68,587.24
5056,17.67,39.4,999.0,1.0,630.72,481.24,10.96,-0.84,94.5,0,23.37,641.68
5057,16.52,41.4,1037.0,1.0,664.48,507.0,10.5,-0.369,95.3,1,23.6,674.98
5058,16.76,42.9,941.0,1.0,676.0,515.79,10.17,-0.853,94.5,0,24.36,686.17
5059,16.25,49.3,400.0,0.23,511.14,390.0,0.14,-0.412,95.3,1,25.6,511.28
5060,17.59,53.0,417.0,0.25,485.17,370.18,0.22,-0.512,95.2,1,27.23,485.38
5061,16.6,52.1,454.0,0.2,443.85,338.66,0.73,-0.402,95.3,1,29.15,444.58
5062,18.12,57.8,400.0,0.24,390.0,297.57,0.48,-0.466,95.2,1,31.22,390.48
5063,18.62,58.2,400.0,0.13,327.29,249.72,0.04,-0.289,95.3,1,33.3,327.33
5064,20.04,58.2,443.0,0.06,260.0,198.38,0.37,-0.448,95.3,1,35.26,260.37
5065,20.21,55.6,400.0,0.1,327.29,249.72,0.8,0.349,93.8,1,36.95,328.1
5066,21.76,64.5,432.0,0.19,390.0,297.57,0.19,0.222,94.3,1,38.27,390.19
5067,21.61,61.7,426.0,0.28,443.85,338.66,0.56,0.261,94.1,1,39.12,444.41
5068,22.53,58.7,441.0,0.06,485.17,370.18,0.14,-0.01,94.9,1,39.44,485.31
5069,22.88,57.5,400.0,0.2,511.14,390.0,0.33,0.395,93.5,1,39.23,511.47
5070,22.82,58.4,400.0,0.28,520.0,396.76,0.01,0.256,94.1,1,38.48,520.01
5071,22.79,52.4,400.0,0.06,511.14,390.0,0.7,0.039,94.8,1,37.26,511.84
5072,21.42,47.6,983.0,1.0,630.72,481.24,10.42,0.518,92.9,1,35.64,641.14
5073,21.45,50.7,1009.0,1.0,577.0,440.25,10.12,0.24,94.2,1,33.73,587.12
5074,20.86,44.3,1036.0,1.0,507.0,386.84,10.04,0.765,91.4,0,31.68,517.04
5075,20.72,42.4,1008.0,1.0,425.48,324.64,10.27,0.096,94.7,1,29.61,435.75
5076,20.19,38.2,1015.0,1.0,338.0,257.89,10.97,-0.082,95.1,1,27.67,348.97
5077,18.97,43.3,970.0,1.0,425.48,324.64,10.77,0.188,94.4,1,25.99,436.25
5078,17.95,41.8,939.0,1.0,507.0,386.84,10.41,-0.325,95.3,1,24.68,517.41
5079,17.49,36.7,1038.0,1.0,577.0,440.25,10.21,-0.346,95.3,1,23.84,587.21
5080,17.15,43.0,1020.0,1.0,630.72,481.24,10.77,-0.175,95.2,1,23.53,641.48
5081,16.65,44.1,1027.0,1.0,664.48,507.0,10.3,-0.454,95.2,1,23.76,674.78
5082,16.26,47.1,953.0,1.0,676.0,515.79,10.52,-0.572,95.1,1,24.52,686.52
5083,16.11,45.8,400.0,0.3,511.14,390.0,0.6,-0.223,95.2,1,25.76,511.74
5084,16.48,46.0,400.0,0.21,485.17,370.18,0.55,-0.245,95.2,1,27.39,485.72
5085,16.88,51.0,400.0,0.29,443.85,338.66,0.25,0.074,94.7,1,29.31,444.1
5086,18.16,51.6,420.0,0.25,390.0,297.57,0.93,-0.038,95.0,1,31.38,390.93
5087,18.48,59.0,427.0,0.21,327.29,249.72,0.3,-0.111,95.1,1,33.46,327.59
5088,19.88,53.5,418.0,0.26,260.0,198.38,0.67,0.02,94.8,1,35.42,260.67
5089,19.23,59.0,400.0,0.17,327.29,249.72,0.41,0.126,94.6,1,37.11,327.7
5090,20.66,58.0,400.0,0.09,390.0,297.57,0.87,0.071,94.7,1,38.43,390.87
5091,21.59,58.5,413.0,0.19,443.85,338.66,0.27,0.406,93.5,1,39.28,444.11
5092,22.24,58.3,400.0,0.04,485.17,370.18,0.38,0.686,92.0,1,39.61,485.54
5093,22.49,58.2,400.0,0.11,511.14,390.0,0.52,0.697,91.9,1,39.39,511.66
5094,23.04,55.4,400.0,0.26,520.0,396.76,0.34,0.356,93.7,1,38.64,520.34
5095,23.19,52.9,408.0,0.18,511.14,390.0,0.74,0.358,93.7,1,37.42,511.88
5096,22.37,49.9,1012.0,1.0,630.72,481.24,10.84,0.627,92.3,1,35.8,641.56
5097,21.72,50.4,952.0,1.0,577.0,440.25,10.91,0.212,94.3,1,33.89,587.91
5098,21.31,46.9,961.0,1.0,507.0,386.84,10.48,0.09,94.7,1,31.84,517.48
5099,20.26,41.9,963.0,1.0,425.48,324.64,10.45,-0.032,95.0,1,29.77,435.93
5100,20.13,38.8,1022.0,1.0,338.0,257.89,10.63,-0.039,95.0,1,27.83,348.63
5101,18.73,40.8,972.0,1.0,425.48,324.64,10.84,0.116,94.6,1,26.15,436.32
5102,17.93,40.2,981.0,1.0,507.0,386.84,10.4,-0.248,95.2,1,24.84,517.4
5103,17.65,38.6,948.0,1.0,577.0,440.25,10.19,-0.434,95.3,1,24.0,587.2
5104,16.59,39.6,1021.0,1.0,630.72,481.24,10.14,-0.178,95.2,1,23.69,640.86
5105,17.39,43.4,998.0,1.0,664.48,507.0,10.12,-0.604,95.1,1,23.92,674.6
5106,15.76,49.0,1056.0,1.0,676.0,515.79,10.47,-0.683,94.9,1,24.68,686.47
5107,16.09,49.7,400.0,0.05,511.14,390.0,0.17,-0.533,95.2,1,25.92,511.31
5108,17.46,47.9,400.0,0.21,485.17,370.18,0.72,-0.487,95.2,1,27.55,485.88
5109,18.2,52.3,412.0,0.08,443.85,338.66,0.06,-0.292,95.3,1,29.47,443.91
5110,18.99,55.4,453.0,0.19,390.0,297.57,0.65,0.186,94.4,1,31.54,390.65
5111,18.45,57.9,400.0,0.15,327.29,249.72,0.04,-0.348,95.3,1,33.62,327.33
5112,19.45,61.8,400.0,0.29,260.0,198.38,0.13,-0.058,95.0,1,35.58,260.13
5113,20.43,59.0,400.0,0.03,327.29,249.72,0.05,0.275,94.1,1,37.27,327.34
5114,21.21,58.2,400.0,0.09,390.0,297.57,0.94,0.421,93.4,1,38.59,390.94
5115,22.14,60.1,408.0,0.13,443.85,338.66,0.46,0.767,91.4,0,39.44,444.3
5116,22.31,57.1,451.0,0.16,485.17,370.18,0.26,0.637,92.3,1,39.77,485.43
5117,23.67,57.5,400.0,0.05,511.14,390.0,0.91,0.418,93.4,1,39.55,512.05
5118,23.04,54.1,400.0,0.13,520.0,396.76,0.03,0.469,93.2,1,38.8,520.03
5119,22.98,54.5,400.0,0.28,511.14,390.0,0.91,0.319,93.9,1,37.58,512.05
5120,21.63,53.2,1016.0,1.0,630.72,481.24,10.76,0.417,93.4,1,35.96,641.48
5121,22.05,45.6,996.0,1.0,577.0,440.25,10.29,0.484,93.1,1,34.05,587.29
5122,21.54,43.4,971.0,1.0,507.0,386.84,10.9,0.248,94.2,1,32.0,517.9
5123,20.71,41.3,1032.0,1.0,425.48,324.64,10.89,0.105,94.6,1,29.93,436.37
5124,18.62,40.9,959.0,1.0,338.0,257.89,10.93,0.136,94.5,1,27.99,348.93
5125,18.31,42.3,986.0,1.0,425.48,324.64,10.8,0.056,94.8,1,26.31,436.28
5126,17.59,37.0,991.0,1.0,507.0,386.84,10.21,-0.093,95.1,1,25.0,517.21
5127,17.25,40.8,958.0,1.0,577.0,440.25,10.53,-0.135,95.1,1,24.16,587.53
5128,16.71,44.5,1033.0,1.0,630.72,481.24,10.84,-0.38,95.3,1,23.85,641.56
5129,18.11,40.8,980.0,1.0,664.48,507.0,10.06,-0.68,94.9,1,24.08,674.54
5130,16.21,43.3,969.0,1.0,676.0,515.79,10.64,-0.591,95.1,1,24.84,686.64
5131,16.58,45.7,445.0,0.18,511.14,390.0,0.91,-0.547,95.2,1,26.08,512.06
5132,17.17,52.5,407.0,0.29,485.17,370.18,0.67,-0.398,95.3,1,27.71,485.84
5133,17.38,52.4,400.0,0.13,443.85,338.66,0.49,-0.143,95.1,1,29.63,444.33
5134,18.91,56.3,400.0,0.07,390.0,297.57,0.74,-0.197,95.2,1,31.7,390.74
5135,18.93,55.5,404.0,0.01,327.29,249.72,0.56,-0.328,95.3,1,33.78,327.85
5136,19.32,60.2,403.0,0.11,260.0,198.38,0.36,0.15,94.5,1,35.74,260.36
5137,20.07,59.3,411.0,0.02,327.29,249.72,0.2,0.208,94.3,1,37.43,327.49
5138,21.42,63.4,403.0,0.08,390.0,297.57,0.27,0.341,93.8,1,38.75,390.27
5139,22.22,61.5,450.0,0.28,443.85,338.66,0.78,0.807,91.2,0,39.6,444.63
5140,22.33,62.2,412.0,0.21,485.17,370.18,0.83,0.922,90.3,0,39.92,486.0
5141,22.07,59.6,412.0,0.11,511.14,390.0,0.49,0.599,92.5,1,39.71,511.63
5142,22.14,53.7,400.0,0.06,520.0,396.76,0.28,0.469,93.2,1,38.96,520.28
5143,22.63,56.4,400.0,0.11,511.14,390.0,0.41,0.645,92.2,1,37.74,511.55
5144,22.83,53.8,956.0,1.0,630.72,481.24,10.46,-0.043,95.0,1,36.12,641.18
5145,21.93,45.2,1021.0,1.0,577.0,440.25,10.13,0.075,94.7,1,34.21,587.13
5146,20.75,45.3,1006.0,1.0,507.0,386.84,10.17,0.501,93.0,1,32.15,517.17
5147,20.11,41.7,1005.0,1.0,425.48,324.64,10.16,0.023,94.8,1,30.09,435.64
5148,18.41,42.3,1027.0,1.0,338.0,257.89,10.32,-0.11,95.1,1,28.14,348.32
5149,19.2,40.8,1037.0,1.0,425.48,324.64,10.03,0.088,94.7,1,26.46,435.51
5150,17.32,41.0,950.0,1.0,507.0,386.84,10.66,-0.202,95.2,1,25.16,517.66
5151,17.85,39.0,985.0,1.0,577.0,440.25,10.88,-0.337,95.3,1,24.32,587.88
5152,16.86,38.2,1003.0,1.0,630.72,481.24,10.55,-0.356,95.3,1,24.01,641.27
5153,17.54,40.3,966.0,1.0,664.48,507.0,10.5,-0.311,95.3,1,24.24,674.98
5154,16.93,46.0,1014.0,1.0,676.0,515.79,10.75,-0.18,95.2,1,25.0,686.75
5155,16.68,45.3,419.0,0.12,511.14,390.0,0.35,-0.759,94.8,0,26.24,511.49
5156,16.8,46.5,400.0,0.0,485.17,370.18,0.5,-0.324,95.3,1,27.87,485.66
5157,16.95,50.4,420.0,0.09,443.85,338.66,0.27,-0.077,95.0,1,29.79,444.12
5158,17.92,56.3,400.0,0.25,390.0,297.57,0.05,-0.671,95.0,1,31.86,390.05
5159,18.54,54.9,400.0,0.18,327.29,249.72,0.84,0.002,94.9,1,33.94,328.14
5160,18.64,59.3,400.0,0.1,260.0,198.38,0.57,-0.015,94.9,1,35.89,260.57
5161,20.79,59.6,400.0,0.08,327.29,249.72,0.8,-0.13,95.1,1,37.59,328.09
5162,20.73,60.2,400.0,0.19,390.0,297.57,0.47,0.196,94.3,1,38.9,390.47
5163,21.33,60.5,419.0,0.07,443.85,338.66,0.82,0.728,91.7,0,39.75,444.67
5164,21.06,55.9,419.0,0.22,485.17,370.18,0.51,0.06,94.7,1,40.08,485.68
5165,22.05,57.9,400.0,0.01,511.14,390.0,0.42,0.642,92.2,1,39.87,511.56
5166,22.72,54.6,400.0,0.27,520.0,396.76,0.15,0.288,94.0,1,39.12,520.15
5167,21.86,52.3,426.0,0.0,511.14,390.0,0.71,0.905,90.4,0,37.89,511.85
5168,21.45,49.5,400.0,0.14,485.17,370.18,0.67,0.994,89.8,0,36.27,485.84
5169,21.33,47.3,400.0,0.21,443.85,338.66,0.86,0.184,94.4,1,34.37,444.71
5170,20.89,46.1,449.0,0.21,390.0,297.57,0.06,0.231,94.2,1,32.31,390.06
5171,20.61,44.8,400.0,0.1,327.29,249.72,0.21,0.288,94.0,1,30.24,327.51
5172,19.96,43.3,400.0,0.16,260.0,198.38,0.05,0.26,94.1,1,28.3,260.05
5173,18.51,47.3,412.0,0.15,327.29,249.72,0.42,-0.016,94.9,1,26.62,327.72
5174,17.16,40.1,400.0,0.26,390.0,297.57,0.49,-0.545,95.2,1,25.32,390.49
5175,16.91,42.7,432.0,0.01,443.85,338.66,0.3,-0.537,95.2,1,24.48,444.15
5176,17.22,39.9,400.0,0.23,485.17,370.18,0.18,-0.404,95.3,1,24.16,485.34
5177,15.85,40.8,400.0,0.11,511.14,390.0,0.15,-0.588,95.1,1,24.4,511.29
5178,16.63,43.6,414.0,0.21,520.0,396.76,0.83,-0.484,95.2,1,25.16,520.83
5179,17.57,45.2,449.0,0.27,511.14,390.0,0.63,-0.736,94.8,0,26.39,511.77
5180,17.17,51.8,410.0,0.29,485.17,370.18,0.17,-0.636,95.0,1,28.03,485.33
5181,17.35,55.7,409.0,0.08,443.85,338.66,0.6,-0.603,95.1,1,29.94,444.45
5182,18.46,55.8,400.0,0.0,390.0,297.57,0.1,-0.126,95.1,1,32.01,390.1
5183,18.72,56.7,458.0,0.01,327.29,249.72,0.4,0.028,94.8,1,34.1,327.7
5184,19.09,58.5,415.0,0.18,260.0,198.38,0.22,0.002,94.9,1,36.05,260.22
5185,20.16,60.2,400.0,0.13,327.29,249.72,0.95,-0.211,95.2,1,37.74,328.25
5186,20.24,63.5,400.0,0.23,390.0,297.57,0.53,0.305,93.9,1,39.06,390.53
5187,20.75,61.8,416.0,0.26,443.85,338.66,0.21,0.339,93.8,1,39.91,444.06
5188,21.8,62.6,411.0,0.05,485.17,370.18,0.19,0.699,91.9,1,40.24,485.35
5189,21.81,56.9,400.0,0.03,511.14,390.0,0.58,0.471,93.2,1,40.02,511.72
5190,21.9,55.1,400.0,0.24,520.0,396.76,0.44,0.296,94.0,1,39.27,520.44
5191,21.62,53.7,409.0,0.25,511.14,390.0,0.6,0.499,93.0,1,38.05,511.74
5192,21.71,48.8,400.0,0.1,485.17,370.18,0.0,0.309,93.9,1,36.43,485.17
5193,21.01,49.7,400.0,0.07,443.85,338.66,0.07,0.238,94.2,1,34.53,443.92
5194,20.76,44.2,431.0,0.01,390.0,297.57,0.13,0.157,94.5,1,32.47,390.13
5195,19.68,40.7,400.0,0.16,327.29,249.72,0.91,0.058,94.8,1,30.4,328.2
5196,18.89,46.1,400.0,0.19,260.0,198.38,0.92,-0.059,95.0,1,28.46,260.92
5197,18.36,43.1,400.0,0.18,327.29,249.72,0.76,-0.224,95.2,1,26.78,328.05
5198,16.91,41.1,400.0,0.14,390.0,297.57,0.14,-0.097,95.1,1,25.47,390.14
5199,16.67,42.0,419.0,0.03,443.85,338.66,0.06,-0.597,95.1,1,24.64,443.91
5200,17.25,42.7,400.0,0.16,485.17,370.18,0.72,-0.417,95.3,1,24.32,485.88
5201,16.67,42.4,400.0,0.11,511.14,390.0,0.72,-0.6,95.1,1,24.55,511.86
5202,16.23,48.1,440.0,0.21,520.0,396.76,0.25,-0.625,95.0,1,25.31,520.25
5203,15.56,49.8,414.0,0.3,511.14,390.0,0.32,-0.309,95.3,1,26.55,511.46
5204,16.09,51.2,425.0,0.18,485.17,370.18,0.94,-0.268,95.3,1,28.18,486.11
5205,16.96,49.3,425.0,0.15,443.85,338.66,0.02,-0.295,95.3,1,30.1,443.87
5206,17.9,51.9,400.0,0.09,390.0,297.57,0.48,-0.059,95.0,1,32.17,390.48
5207,18.12,57.8,400.0,0.05,327.29,249.72,0.81,0.216,94.3,1,34.25,328.1
5208,19.48,61.1,401.0,0.05,260.0,198.38,0.02,0.153,94.5,1,36.21,260.02
5209,19.9,57.4,452.0,0.04,327.29,249.72,0.36,0.159,94.5,1,37.9,327.66
5210,21.13,62.2,400.0,0.19,390.0,297.57,0.63,0.438,93.3,1,39.22,390.63
5211,21.53,58.7,400.0,0.27,443.85,338.66,0.99,0.126,94.6,1,40.07,444.84
5212,22.23,59.8,405.0,0.07,485.17,370.18,0.28,0.317,93.9,1,40.39,485.45
5213,22.09,57.1,400.0,0.1,511.14,390.0,0.34,0.474,93.2,1,40.18,511.48
5214,21.92,54.6,400.0,0.24,520.0,396.76,0.43,0.543,92.8,1,39.43,520.43
5215,22.5,52.7,400.0,0.26,511.14,390.0,0.63,0.239,94.2,1,38.2,511.77
5216,21.86,51.6,1010.0,1.0,630.72,481.24,10.99,0.12,94.6,1,36.58,641.7
5217,21.39,50.8,1022.0,1.0,577.0,440.25,10.82,0.3,94.0,1,34.68,587.83
5218,20.91,44.3,1037.0,1.0,507.0,386.84,10.72,0.323,93.9,1,32.62,517.72
5219,20.53,42.6,1011.0,1.0,425.48,324.64,10.67,0.441,93.3,1,30.55,436.15
5220,19.38,42.7,985.0,1.0,338.0,257.89,10.25,-0.01,94.9,1,28.61,348.25
5221,18.92,41.6,1000.0,1.0,425.48,324.64,10.53,-0.047,95.0,1,26.93,436.01
5222,16.51,38.1,985.0,1.0,507.0,386.84,10.18,-0.25,95.2,1,25.63,517.18
5223,17.29,35.5,1011.0,1.0,577.0,440.25,10.91,0.143,94.5,1,24.79,587.91
5224,17.27,38.7,989.0,1.0,630.72,481.24,10.17,-0.346,95.3,1,24.48,640.88
5225,16.78,41.5,996.0,1.0,664.48,507.0,10.33,-0.685,94.9,1,24.71,674.81
5226,15.66,44.5,1018.0,1.0,676.0,515.79,10.95,-0.4,95.3,1,25.47,686.95
5227,15.92,48.7,400.0,0.06,511.14,390.0,0.73,-0.459,95.2,1,26.7,511.87
5228,17.41,46.7,431.0,0.16,485.17,370.18,0.6,-0.492,95.2,1,28.34,485.77
5229,18.22,51.7,400.0,0.15,443.85,338.66,0.37,-0.488,95.2,1,30.25,444.21
5230,17.88,57.7,408.0,0.23,390.0,297.57,0.82,-0.242,95.2,1,32.32,390.82
5231,20.13,55.6,400.0,0.11,327.29,249.72,0.03,-0.206,95.2,1,34.41,327.32
5232,19.03,60.8,437.0,0.18,260.0,198.38,0.89,-0.08,95.0,1,36.36,260.89
5233,20.53,61.3,400.0,0.1,327.29,249.72,0.82,0.19,94.4,1,38.05,328.12
5234,20.18,62.6,401.0,0.12,390.0,297.57,0.93,0.363,93.7,1,39.37,390.93
5235,21.49,58.5,400.0,0.17,443.85,338.66,0.06,0.324,93.9,1,40.22,443.91
5236,21.11,58.9,412.0,0.22,485.17,370.18,0.79,0.337,93.8,1,40.55,485.96
5237,22.34,56.5,400.0,0.19,511.14,390.0,0.01,0.4,93.5,1,40.33,511.15
5238,21.81,57.9,400.0,0.19,520.0,396.76,0.77,0.629,92.3,1,39.58,520.77
5239,21.54,53.0,400.0,0.27,511.14,390.0,0.28,0.512,93.0,1,38.36,511.42
5240,22.46,50.5,1028.0,1.0,630.72,481.24,10.01,0.278,94.0,1,36.74,640.72
5241,21.52,43.0,1002.0,1.0,577.0,440.25,10.06,-0.066,95.0,1,34.83,587.06
5242,20.21,42.2,944.0,1.0,507.0,386.84,10.92,0.435,93.4,1,32.78,517.92
5243,19.55,45.3,1004.0,1.0,425.48,324.64,10.13,-0.078,95.0,1,30.71,435.61
5244,18.34,43.5,1000.0,1.0,338.0,257.89,10.35,-0.25,95.2,1,28.77,348.35
5245,18.0,40.9,1019.0,1.0,425.48,324.64,10.69,-0.013,94.9,1,27.09,436.17
5246,17.25,45.6,1025.0,1.0,507.0,386.84,10.09,-0.565,95.1,1,25.78,517.09
5247,17.17,39.7,977.0,1.0,577.0,440.25,10.58,-0.487,95.2,1,24.94,587.58
5248,16.59,42.6,993.0,1.0,630.72,481.24,10.6,-0.268,95.3,1,24.63,641.32
5249,15.71,43.8,973.0,1.0,664.48,507.0,10.37,-0.393,95.3,1,24.86,674.85
5250,15.58,46.7,996.0,1.0,676.0,515.79,10.17,-0.581,95.1,1,25.62,686.17
5251,17.08,48.6,400.0,0.11,511.14,390.0,0.93,-0.559,95.1,1,26.86,512.07
5252,16.91,47.3,400.0,0.08,485.17,370.18,0.41,-0.594,95.1,1,28.49,485.57
5253,17.41,50.1,400.0,0.29,443.85,338.66,0.72,-0.435,95.3,1,30.41,444.56
5254,17.55,54.4,417.0,0.19,390.0,297.57,0.01,-0.336,95.3,1,32.48,390.01
5255,17.7,58.2,454.0,0.2,327.29,249.72,0.49,-0.144,95.1,1,34.56,327.78
5256,19.25,62.2,400.0,0.02,260.0,198.38,0.93,0.171,94.4,1,36.51,260.93
5257,19.53,61.0,419.0,0.18,327.29,249.72,0.43,0.213,94.3,1,38.21,327.73
5258,21.92,59.3,400.0,0.18,390.0,297.57,0.97,0.229,94.2,1,39.52,390.97
5259,20.79,59.5,400.0,0.11,443.85,338.66,0.41,0.242,94.2,1,40.37,444.26
5260,22.35,60.7,405.0,0.2,485.17,370.18,0.2,0.588,92.5,1,40.7,485.37
5261,21.81,56.8,405.0,0.01,511.14,390.0,0.96,0.697,91.9,1,40.48,512.1
5262,22.04,56.9,454.0,0.25,520.0,396.76,0.5,0.505,93.0,1,39.74,520.5
5263,22.66,49.1,417.0,0.1,511.14,390.0,0.12,0.576,92.6,1,38.51,511.26
5264,21.09,48.2,989.0,1.0,630.72,481.24,10.31,-0.044,95.0,1,36.89,641.02
5265,21.78,48.9,948.0,1.0,577.0,440.25,10.72,0.221,94.3,1,34.99,587.72
5266,20.3,49.8,1008.0,1.0,507.0,386.84,10.76,-0.035,95.0,1,32.93,517.76
5267,20.14,42.1,1027.0,1.0,425.48,324.64,10.78,0.161,94.5,1,30.86,436.26
5268,19.51,42.8,1077.0,1.0,338.0,257.89,10.9,-0.236,95.2,1,28.92,348.9
5269,18.65,43.3,1003.0,1.0,425.48,324.64,10.19,0.458,93.2,1,27.24,435.67
5270,16.9,41.0,1023.0,1.0,507.0,386.84,10.52,-0.099,95.1,1,25.93,517.52
5271,16.66,40.3,1002.0,1.0,577.0,440.25,10.99,-0.292,95.3,1,25.1,587.99
5272,16.5,44.0,1020.0,1.0,630.72,481.24,10.29,-0.538,95.2,1,24.78,641.01
5273,15.62,40.2,1009.0,1.0,664.48,507.0,10.97,-0.571,95.1,1,25.01,675.46
5274,16.21,40.4,961.0,1.0,676.0,515.79,10.06,-0.449,95.3,1,25.77,686.06
5275,16.64,44.2,401.0,0.17,511.14,390.0,0.41,-0.075,95.0,1,27.01,511.55
5276,16.16,46.1,400.0,0.22,485.17,370.18,0.92,-0.28,95.3,1,28.64,486.08
5277,17.34,50.4,405.0,0.11,443.85,338.66,0.0,-0.245,95.2,1,30.56,443.85
5278,17.5,54.3,426.0,0.28,390.0,297.57,0.44,-0.303,95.3,1,32.63,390.44
5279,18.35,55.6,424.0,0.03,327.29,249.72,0.89,-0.525,95.2,1,34.71,328.18
5280,19.33,53.6,400.0,0.24,260.0,198.38,0.61,-0.089,95.1,1,36.66,260.61
5281,20.36,59.0,405.0,0.08,327.29,249.72,0.61,0.032,94.8,1,38.36,327.9
5282,19.99,59.8,400.0,0.0,390.0,297.57,0.23,0.206,94.3,1,39.67,390.23
5283,21.57,61.1,400.0,0.24,443.85,338.66,0.64,0.337,93.8,1,40.52,444.49
5284,22.03,61.1,400.0,0.03,485.17,370.18,0.46,0.458,93.2,1,40.85,485.63
5285,21.96,58.7,400.0,0.12,511.14,390.0,0.08,0.322,93.9,1,40.63,511.22
5286,21.46,50.0,412.0,0.27,520.0,396.76,0.14,0.68,92.0,1,39.89,520.14
5287,22.13,51.6,486.0,0.23,511.14,390.0,0.94,0.8,91.2,0,38.66,512.08
5288,21.79,49.4,1012.0,1.0,630.72,481.24,10.93,0.365,93.7,1,37.04,641.65
5289,20.99,45.6,967.0,1.0,577.0,440.25,10.05,0.378,93.6,1,35.14,587.05
5290,20.85,48.6,1006.0,1.0,507.0,386.84,10.19,0.032,94.8,1,33.08,517.19
5291,19.4,42.4,994.0,1.0,425.48,324.64,10.04,-0.108,95.1,1,31.01,435.52
5292,19.28,39.6,1037.0,1.0,338.0,257.89,10.2,0.251,94.1,1,29.07,348.2
5293,18.21,41.5,982.0,1.0,425.48,324.64,10.54,0.042,94.8,1,27.39,436.02
5294,17.85,36.9,1011.0,1.0,507.0,386.84,10.1,-0.246,95.2,1,26.08,517.1
5295,16.17,38.3,1033.0,1.0,577.0,440.25,10.97,-0.277,95.3,1,25.25,587.97
5296,14.97,41.9,998.0,1.0,630.72,481.24,10.27,-0.34,95.3,1,24.93,640.98
5297,15.4,40.7,981.0,1.0,664.48,507.0,10.89,-0.707,94.9,0,25.16,675.38
5298,15.98,48.0,1027.0,1.0,676.0,515.79,10.66,-0.783,94.7,0,25.92,686.66
5299,17.05,48.2,400.0,0.03,511.14,390.0,0.28,-0.815,94.6,0,27.16,511.42
5300,16.52,49.7,449.0,0.16,485.17,370.18,0.59,-0.382,95.3,1,28.79,485.75
5301,17.55,52.7,400.0,0.14,443.85,338.66,0.1,-0.114,95.1,1,30.71,443.95
5302,17.83,51.8,400.0,0.24,390.0,297.57,0.79,-0.144,95.1,1,32.78,390.79
5303,17.13,56.6,418.0,0.28,327.29,249.72,0.56,-0.27,95.3,1,34.86,327.85
5304,18.98,55.9,407.0,0.1,260.0,198.38,0.76,-0.402,95.3,1,36.81,260.76
5305,19.38,62.0,400.0,0.24,327.29,249.72,0.63,0.306,93.9,1,38.51,327.92
5306,19.97,64.2,400.0,0.26,390.0,297.57,0.34,0.261,94.1,1,39.82,390.34
5307,21.06,57.3,400.0,0.17,443.85,338.66,0.84,0.335,93.8,1,40.67,444.69
5308,21.7,57.9,400.0,0.23,485.17,370.18,0.59,0.479,93.1,1,41.0,485.76
5309,20.94,57.8,400.0,0.03,511.14,390.0,0.35,0.34,93.8,1,40.78,511.49
5310,21.48,57.8,407.0,0.26,520.0,396.76,0.49,0.408,93.5,1,40.04,520.49
5311,21.51,57.1,420.0,0.29,511.14,390.0,0.87,0.388,93.6,1,38.81,512.01
5312,21.43,50.4,996.0,1.0,630.72,481.24,10.49,0.536,92.8,1,37.19,641.21
5313,21.39,50.8,1026.0,1.0,577.0,440.25,10.53,0.204,94.3,1,35.29,587.53
5314,20.04,45.7,975.0,1.0,507.0,386.84,10.09,0.162,94.5,1,33.23,517.09
5315,19.91,42.5,1056.0,1.0,425.48,324.64,10.32,-0.001,94.9,1,31.16,435.8
5316,19.91,38.5,1039.0,1.0,338.0,257.89,10.86,-0.15,95.2,1,29.22,348.86
5317,18.13,39.1,1022.0,1.0,425.48,324.64,10.83,-0.206,95.2,1,27.54,436.31
5318,17.56,40.0,1011.0,1.0,507.0,386.84,10.31,-0.247,95.2,1,26.23,517.31
5319,16.64,39.4,949.0,1.0,577.0,440.25,10.83,-0.243,95.2,1,25.4,587.83
5320,15.91,46.6,1044.0,1.0,630.72,481.24,10.85,-0.232,95.2,1,25.08,641.56
5321,15.71,43.2,978.0,1.0,664.48,507.0,10.03,0.069,94.7,1,25.31,674.51
5322,16.25,44.1,996.0,1.0,676.0,515.79,10.73,-0.302,95.3,1,26.07,686.73
5323,15.42,43.9,400.0,0.15,511.14,390.0,0.69,-0.334,95.3,1,27.31,511.83
5324,15.93,48.7,400.0,0.2,485.17,370.18,0.71,-0.473,95.2,1,28.94,485.87
5325,16.44,51.0,400.0,0.09,443.85,338.66,0.28,-0.156,95.2,1,30.86,444.13
5326,17.6,54.4,466.0,0.28,390.0,297.57,0.2,0.077,94.7,1,32.93,390.2
5327,17.93,60.5,400.0,0.29,327.29,249.72,0.65,-0.06,95.0,1,35.01,327.94
5328,18.68,59.8,400.0,0.21,260.0,198.38,0.53,0.009,94.9,1,36.96,260.53
5329,19.47,60.2,417.0,0.17,327.29,249.72,0.58,0.242,94.2,1,38.66,327.88
5330,20.46,59.5,408.0,0.12,390.0,297.57,0.13,0.585,92.6,1,39.97,390.13
5331,21.62,59.0,421.0,0.15,443.85,338.66,0.71,0.218,94.3,1,40.82,444.55
5332,22.14,59.5,445.0,0.11,485.17,370.18,0.72,0.723,91.7,0,41.15,485.88
5333,21.15,58.6,400.0,0.18,511.14,390.0,0.37,0.629,92.3,1,40.93,511.51
5334,21.9,56.7,440.0,0.07,520.0,396.76,0.67,0.385,93.6,1,40.18,520.67
5335,22.14,54.8,401.0,0.04,511.14,390.0,0.44,0.435,93.4,1,38.96,511.58
5336,22.36,52.3,400.0,0.29,485.17,370.18,0.74,0.503,93.0,1,37.34,485.9
5337,20.39,45.2,400.0,0.08,443.85,338.66,0.91,0.22,94.3,1,35.43,444.75
5338,20.42,46.0,417.0,0.18,390.0,297.57,0.15,0.52,92.9,1,33.38,390.15
5339,20.08,45.6,413.0,0.21,327.29,249.72,0.44,0.284,94.0,1,31.31,327.73
5340,18.53,40.6,400.0,0.17,260.0,198.38,0.39,-0.271,95.3,1,29.37,260.39
5341,17.78,38.8,414.0,0.21,327.29,249.72,0.08,0.013,94.9,1,27.69,327.38
5342,17.09,36.5,400.0,0.08,390.0,297.57,0.06,-0.215,95.2,1,26.38,390.06
5343,16.88,38.4,450.0,0.27,443.85,338.66,0.32,-0.274,95.3,1,25.54,444.17
5344,16.07,40.7,400.0,0.12,485.17,370.18,0.68,-0.286,95.3,1,25.23,485.85
5345,16.15,44.8,401.0,0.17,511.14,390.0,0.74,-0.436,95.3,1,25.46,511.88
5346,15.5,41.7,400.0,0.05,520.0,396.76,0.96,-0.409,95.3,1,26.22,520.96
5347,16.51,49.3,442.0,0.12,511.14,390.0,0.19,-0.604,95.1,1,27.46,511.33
5348,16.44,49.7,443.0,0.2,485.17,370.18,0.43,-0.128,95.1,1,29.09,485.59
5349,15.79,49.1,400.0,0.18,443.85,338.66,0.56,-0.224,95.2,1,31.0,444.41
5350,17.61,55.9,400.0,0.13,390.0,297.57,0.17,-0.47,95.2,1,33.07,390.17
5351,17.26,58.1,400.0,0.04,327.29,249.72,0.24,0.007,94.9,1,35.16,327.53
5352,18.51,58.9,400.0,0.06,260.0,198.38,0.44,-0.345,95.3,1,37.11,260.44
5353,19.52,60.4,400.0,0.28,327.29,249.72,0.29,-0.175,95.2,1,38.8,327.58
5354,20.03,61.5,400.0,0.24,390.0,297.57,0.1,0.557,92.7,1,40.12,390.1
5355,21.25,60.1,400.0,0.13,443.85,338.66,0.62,0.648,92.2,1,40.97,444.47
5356,22.39,60.8,400.0,0.27,485.17,370.18,0.83,0.4,93.5,1,41.3,486.0
5357,20.64,54.9,400.0,0.06,511.14,390.0,0.31,0.586,92.6,1,41.08,511.45
5358,21.48,56.1,400.0,0.02,520.0,396.76,0.18,0.575,92.6,1,40.33,520.18
5359,21.76,53.8,400.0,0.3,511.14,390.0,0.89,0.454,93.3,1,39.11,512.03
5360,21.29,52.7,400.0,0.16,485.17,370.18,0.5,0.266,94.1,1,37.49,485.67
5361,19.93,49.3,419.0,0.28,443.85,338.66,0.93,0.092,94.7,1,35.58,444.78
5362,20.88,44.6,455.0,0.16,390.0,297.57,0.61,0.437,93.3,1,33.52,390.61
5363,19.61,44.5,501.0,0.15,327.29,249.72,0.88,0.07,94.7,1,31.45,328.18
5364,19.14,39.9,400.0,0.22,260.0,198.38,0.87,-0.341,95.3,1,29.51,260.87
5365,18.26,38.6,400.0,0.14,327.29,249.72,0.91,-0.181,95.2,1,27.83,328.2
5366,17.11,39.9,400.0,0.14,390.0,297.57,0.03,-0.302,95.3,1,26.53,390.03
5367,15.99,38.2,400.0,0.16,443.85,338.66,0.73,0.158,94.5,1,25.69,444.57
5368,16.19,40.6,400.0,0.07,485.17,370.18,0.93,-0.53,95.2,1,25.37,486.1
5369,15.17,43.9,414.0,0.13,511.14,390.0,0.95,-0.432,95.3,1,25.6,512.09
5370,16.28,46.4,400.0,0.22,520.0,396.76,1.0,-0.445,95.3,1,26.36,521.0
5371,16.43,44.8,400.0,0.14,511.14,390.0,0.5,-0.468,95.2,1,27.6,511.64
5372,16.34,45.4,400.0,0.2,485.17,370.18,0.24,-0.528,95.2,1,29.23,485.4
5373,16.52,50.2,400.0,0.29,443.85,338.66,0.87,-0.316,95.3,1,31.15,444.72
5374,17.76,53.9,400.0,0.2,390.0,297.57,0.33,-0.388,95.3,1,33.22,390.33
5375,18.58,61.3,400.0,0.15,327.29,249.72,0.03,0.018,94.9,1,35.3,327.32
5376,19.03,57.0,400.0,0.27,260.0,198.38,0.83,0.004,94.9,1,37.26,260.83
5377,20.16,63.0,400.0,0.24,327.29,249.72,0.63,-0.02,94.9,1,38.95,327.93
5378,20.9,61.5,400.0,0.12,390.0,297.57,0.98,0.433,93.4,1,40.26,390.98
5379,21.61,59.7,409.0,0.21,443.85,338.66,0.53,0.428,93.4,1,41.11,444.37
5380,21.97,58.6,400.0,0.15,485.17,370.18,0.82,0.36,93.7,1,41.44,485.99
5381,20.3,59.8,400.0,0.18,511.14,390.0,0.23,0.707,91.8,0,41.22,511.37
5382,21.95,54.3,400.0,0.19,520.0,396.76,0.07,0.537,92.8,1,40.48,520.07
5383,21.68,56.9,400.0,0.16,511.14,390.0,0.75,0.651,92.2,1,39.25,511.89
5384,21.71,51.7,1034.0,1.0,630.72,481.24,10.88,0.293,94.0,1,37.63,641.59
5385,20.07,47.3,1083.0,1.0,577.0,440.25,10.9,0.32,93.9,1,35.73,587.91
5386,19.61,45.7,946.0,1.0,507.0,386.84,10.74,0.397,93.5,1,33.67,517.74
5387,20.39,45.5,1016.0,1.0,425.48,324.64,10.92,0.092,94.7,1,31.6,436.4
5388,19.02,45.2,947.0,1.0,338.0,257.89,10.73,-0.082,95.1,1,29.66,348.73
5389,18.08,41.3,1015.0,1.0,425.48,324.64,10.11,0.091,94.7,1,27.98,435.59
5390,16.92,39.1,943.0,1.0,507.0,386.84,10.78,0.002,94.9,1,26.67,517.78
5391,16.06,40.8,986.0,1.0,577.0,440.25,10.14,-0.329,95.3,1,25.83,587.14
5392,15.73,38.9,968.0,1.0,630.72,481.24,10.0,-0.724,94.8,0,25.52,640.72
5393,15.43,44.1,998.0,1.0,664.48,507.0,10.06,-0.256,95.3,1,25.75,674.54
5394,16.02,43.3,974.0,1.0,676.0,515.79,10.01,-0.906,94.3,0,26.51,686.01
5395,15.94,46.1,400.0,0.25,511.14,390.0,0.83,-0.446,95.3,1,27.75,511.97
5396,15.63,51.4,400.0,0.24,485.17,370.18,0.74,-0.136,95.1,1,29.38,485.91
5397,17.01,53.9,422.0,0.24,443.85,338.66,0.43,-0.486,95.2,1,31.29,444.27
5398,15.76,52.9,400.0,0.12,390.0,297.57,0.77,-0.112,95.1,1,33.36,390.77
5399,16.48,57.3,454.0,0.07,327.29,249.72,0.1,-0.389,95.3,1,35.45,327.4
5400,19.04,58.6,400.0,0.16,260.0,198.38,0.97,-0.073,95.0,1,37.4,260.97
5401,20.29,58.3,411.0,0.26,327.29,249.72,0.68,0.32,93.9,1,39.09,327.97
5402,18.77,60.5,400.0,0.15,390.0,297.57,0.93,0.254,94.1,1,40.41,390.93
5403,20.53,59.8,400.0,0.28,443.85,338.66,0.71,-0.139,95.1,1,41.26,444.56
5404,22.14,58.4,400.0,0.04,485.17,370.18,0.49,0.351,93.7,1,41.59,485.65
5405,20.74,59.2,422.0,0.09,511.14,390.0,0.28,0.145,94.5,1,41.37,511.42
5406,22.12,52.8,410.0,0.26,520.0,396.76,0.44,0.463,93.2,1,40.62,520.44
5407,21.37,52.3,400.0,0.29,511.14,390.0,0.95,0.351,93.7,1,39.39,512.09
5408,21.73,49.3,976.0,1.0,630.72,481.24,10.61,-0.077,95.0,1,37.77,641.32
5409,21.37,45.3,1021.0,1.0,577.0,440.25,10.28,0.204,94.3,1,35.87,587.29
5410,20.32,45.8,1011.0,1.0,507.0,386.84,10.33,0.034,94.8,1,33.81,517.33
5411,18.98,41.5,1042.0,1.0,425.48,324.64,10.4,0.166,94.4,1,31.74,435.88
5412,18.14,40.4,895.0,1.0,338.0,257.89,10.32,-0.153,95.2,1,29.8,348.32
5413,17.6,41.8,1018.0,1.0,425.48,324.64,10.16,-0.076,95.0,1,28.12,435.64
5414,16.28,36.9,1012.0,1.0,507.0,386.84,10.45,-0.127,95.1,1,26.81,517.45
5415,16.87,41.4,995.0,1.0,577.0,440.25,10.22,-0.056,95.0,1,25.98,587.23
5416,15.06,44.0,1028.0,1.0,630.72,481.24,10.49,-0.391,95.3,1,25.66,641.21
5417,16.46,43.2,1019.0,1.0,664.48,507.0,10.61,-0.382,95.3,1,25.89,675.09
5418,15.21,46.2,981.0,1.0,676.0,515.79,10.73,-0.543,95.2,1,26.65,686.73
5419,15.58,52.2,400.0,0.11,511.14,390.0,0.4,-0.659,95.0,1,27.89,511.54
5420,15.71,50.0,413.0,0.15,485.17,370.18,0.25,-0.32,95.3,1,29.52,485.42
5421,17.33,53.0,422.0,0.29,443.85,338.66,0.07,-0.326,95.3,1,31.44,443.92
5422,17.37,56.7,400.0,0.25,390.0,297.57,0.26,-0.242,95.2,1,33.51,390.26
5423,18.35,55.8,400.0,0.05,327.29,249.72,0.21,-0.141,95.1,1,35.59,327.5
5424,18.33,57.0,400.0,0.05,260.0,198.38,0.66,-0.055,95.0,1,37.54,260.66
5425,19.73,59.5,427.0,0.22,327.29,249.72,0.26,0.008,94.9,1,39.23,327.55
5426,20.47,59.4,421.0,0.01,390.0,297.57,0.88,0.242,94.2,1,40.55,390.88
5427,20.74,57.4,400.0,0.11,443.85,338.66,0.5,0.182,94.4,1,41.4,444.35
5428,21.3,56.3,400.0,0.23,485.17,370.18,0.03,0.685,92.0,1,41.73,485.19
5429,21.63,54.7,414.0,0.02,511.14,390.0,0.24,0.531,92.9,1,41.51,511.39
5430,21.71,54.4,400.0,0.11,520.0,396.76,0.48,-0.059,95.0,1,40.76,520.48
5431,21.88,50.9,400.0,0.28,511.14,390.0,0.16,0.732,91.7,0,39.54,511.3
5432,20.74,51.6,940.0,1.0,630.72,481.24,10.47,0.706,91.8,0,37.92,641.19
5433,19.21,50.7,971.0,1.0,577.0,440.25,10.31,0.317,93.9,1,36.01,587.31
5434,19.72,46.4,1035.0,1.0,507.0,386.84,10.43,0.176,94.4,1,33.95,517.43
5435,19.01,41.8,1049.0,1.0,425.48,324.64,10.97,0.373,93.6,1,31.88,436.45
5436,18.69,45.9,988.0,1.0,338.0,257.89,10.24,0.257,94.1,1,29.94,348.24
5437,17.83,39.3,1006.0,1.0,425.48,324.64,10.33,-0.46,95.2,1,28.26,435.81
5438,16.76,39.2,992.0,1.0,507.0,386.84,10.13,-0.09,95.1,1,26.96,517.13
5439,15.49,39.7,983.0,1.0,577.0,440.25,10.46,-0.118,95.1,1,26.12,587.46
5440,15.64,43.0,981.0,1.0,630.72,481.24,10.28,-0.556,95.1,1,25.8,641.0
5441,15.82,41.0,949.0,1.0,664.48,507.0,10.43,-0.66,95.0,1,26.03,674.91
5442,16.16,48.0,999.0,1.0,676.0,515.79,10.6,-0.37,95.3,1,26.79,686.6
5443,15.29,43.2,409.0,0.06,511.14,390.0,0.64,-0.077,95.0,1,28.03,511.78
5444,15.9,48.2,400.0,0.03,485.17,370.18,0.35,-0.151,95.2,1,29.66,485.51
5445,16.27,53.9,433.0,0.1,443.85,338.66,0.87,-0.202,95.2,1,31.58,444.71
5446,16.49,59.5,400.0,0.11,390.0,297.57,0.3,-0.271,95.3,1,33.65,390.3
5447,18.17,59.9,400.0,0.18,327.29,249.72,0.34,-0.119,95.1,1,35.73,327.63
5448,18.72,59.7,400.0,0.13,260.0,198.38,0.49,-0.007,94.9,1,37.68,260.49
5449,20.6,57.9,446.0,0.08,327.29,249.72,0.97,0.075,94.7,1,39.37,328.26
5450,19.44,58.8,400.0,0.14,390.0,297.57,0.77,0.123,94.6,1,40.69,390.77
5451,20.57,61.4,400.0,0.14,443.85,338.66,0.71,0.495,93.1,1,41.54,444.56
5452,21.15,60.5,400.0,0.1,485.17,370.18,0.4,0.162,94.5,1,41.87,485.57
5453,21.01,56.6,424.0,0.22,511.14,390.0,0.83,0.652,92.2,1,41.65,511.97
5454,22.1,54.6,421.0,0.1,520.0,396.76,0.58,0.401,93.5,1,40.9,520.58
5455,21.22,55.3,401.0,0.13,511.14,390.0,0.99,0.582,92.6,1,39.68,512.13
5456,20.76,52.1,1000.0,1.0,630.72,481.24,10.97,0.284,94.0,1,38.06,641.69
5457,21.07,48.7,1008.0,1.0,577.0,440.25,10.69,0.029,94.8,1,36.15,587.69
5458,19.51,44.0,1008.0,1.0,507.0,386.84,10.68,0.542,92.8,1,34.09,517.68
5459,19.41,44.2,1024.0,1.0,425.48,324.64,10.31,0.328,93.8,1,32.02,435.79
5460,18.06,40.7,967.0,1.0,338.0,257.89,10.68,-0.065,95.0,1,30.08,348.68
5461,17.55,40.5,1026.0,1.0,425.48,324.64,10.25,0.284,94.0,1,28.4,435.73
5462,16.99,40.5,972.0,1.0,507.0,386.84,10.6,0.08,94.7,1,27.1,517.6
5463,16.67,41.4,1000.0,1.0,577.0,440.25,10.52,-0.237,95.2,1,26.26,587.52
5464,15.9,37.2,975.0,1.0,630.72,481.24,10.88,-0.722,94.9,0,25.94,641.59
5465,15.31,44.7,998.0,1.0,664.48,507.0,10.56,-0.751,94.8,0,26.17,675.04
5466,15.68,46.6,1006.0,1.0,676.0,515.79,10.35,-0.464,95.2,1,26.93,686.35
5467,15.13,48.5,422.0,0.3,511.14,390.0,0.22,-0.276,95.3,1,28.17,511.36
5468,16.42,50.3,439.0,0.1,485.17,370.18,0.28,-0.09,95.1,1,29.8,485.45
5469,17.78,49.6,406.0,0.03,443.85,338.66,0.76,-0.301,95.3,1,31.72,444.61
5470,17.01,56.5,400.0,0.25,390.0,297.57,0.87,-0.084,95.1,1,33.78,390.87
5471,17.96,55.7,400.0,0.22,327.29,249.72,0.83,0.112,94.6,1,35.87,328.12
5472,17.86,57.1,400.0,0.02,260.0,198.38,0.97,-0.333,95.3,1,37.82,260.97
5473,19.21,63.5,427.0,0.16,327.29,249.72,0.48,0.015,94.9,1,39.51,327.78
5474,20.3,60.6,400.0,0.01,390.0,297.57,0.53,0.337,93.8,1,40.83,390.53
5475,20.79,59.3,400.0,0.25,443.85,338.66,0.41,0.471,93.2,1,41.68,444.25
5476,20.71,58.0,400.0,0.04,485.17,370.18,0.7,0.217,94.3,1,42.01,485.87
5477,21.1,57.8,429.0,0.07,511.14,390.0,0.77,0.623,92.3,1,41.79,511.91
5478,21.31,54.0,400.0,0.21,520.0,396.76,0.74,0.662,92.1,1,41.04,520.74
5479,21.21,48.2,400.0,0.22,511.14,390.0,0.05,0.529,92.9,1,39.81,511.19
5480,20.65,48.2,1021.0,1.0,630.72,481.24,10.57,0.567,92.7,1,38.19,641.29
5481,21.15,47.9,1011.0,1.0,577.0,440.25,10.83,0.424,93.4,1,36.29,587.83
5482,20.4,47.0,1042.0,1.0,507.0,386.84,10.61,0.349,93.7,1,34.23,517.61
5483,18.59,44.6,992.0,1.0,425.48,324.64,10.99,0.085,94.7,1,32.16,436.47
5484,19.46,42.9,985.0,1.0,338.0,257.89,10.04,-0.15,95.2,1,30.22,348.04
5485,18.07,38.7,979.0,1.0,425.48,324.64,10.79,-0.171,95.2,1,28.54,436.27
5486,16.66,40.5,1016.0,1.0,507.0,386.84,10.12,-0.183,95.2,1,27.23,517.12
5487,16.2,41.6,1044.0,1.0,577.0,440.25,10.03,-0.776,94.7,0,26.39,587.03
5488,15.76,42.5,948.0,1.0,630.72,481.24,10.65,-0.664,95.0,1,26.08,641.37
5489,14.95,41.5,1014.0,1.0,664.48,507.0,10.19,-0.634,95.0,1,26.31,674.67
5490,14.55,45.9,996.0,1.0,676.0,515.79,10.24,-0.8,94.7,0,27.07,686.24
5491,15.22,47.2,401.0,0.16,511.14,390.0,0.81,-0.491,95.2,1,28.31,511.95
5492,16.29,48.8,439.0,0.16,485.17,370.18,0.93,-0.905,94.3,0,29.94,486.1
5493,15.48,50.0,428.0,0.17,443.85,338.66,0.07,-0.274,95.3,1,31.85,443.92
5494,16.84,54.1,431.0,0.17,390.0,297.57,0.68,-0.319,95.3,1,33.92,390.68
5495,17.46,55.4,412.0,0.23,327.29,249.72,0.33,-0.091,95.1,1,36.0,327.62
5496,18.15,56.4,408.0,0.02,260.0,198.38,0.25,0.227,94.2,1,37.96,260.25
5497,19.01,58.9,420.0,0.16,327.29,249.72,0.11,0.286,94.0,1,39.65,327.4
5498,20.26,59.1,475.0,0.13,390.0,297.57,0.55,0.007,94.9,1,40.97,390.55
5499,20.08,64.2,403.0,0.04,443.85,338.66,0.78,0.168,94.4,1,41.82,444.62
5500,20.79,60.7,408.0,0.28,485.17,370.18,0.99,0.267,94.1,1,42.14,486.16
5501,21.53,56.1,400.0,0.05,511.14,390.0,0.09,1.031,89.5,0,41.92,511.23
5502,20.96,57.6,400.0,0.19,520.0,396.76,0.64,0.15,94.5,1,41.18,520.64
5503,21.66,53.9,437.0,0.12,511.14,390.0,0.57,0.421,93.4,1,39.95,511.71
5504,21.62,47.8,400.0,0.22,485.17,370.18,0.48,0.653,92.2,1,38.33,485.64
5505,20.22,48.0,419.0,0.27,443.85,338.66,0.4,0.336,93.8,1,36.43,444.24
5506,20.46,45.9,409.0,0.04,390.0,297.57,0.37,0.194,94.3,1,34.37,390.37
5507,18.77,42.7,444.0,0.25,327.29,249.72,0.88,0.41,93.5,1,32.3,328.18
5508,17.6,38.0,400.0,0.1,260.0,198.38,0.93,-0.353,95.3,1,30.35,260.93
5509,18.43,36.2,400.0,0.04,327.29,249.72,0.71,-0.028,95.0,1,28.67,328.0
5510,16.89,41.5,440.0,0.18,390.0,297.57,0.67,-0.401,95.3,1,27.37,390.67
5511,16.35,40.4,409.0,0.27,443.85,338.66,0.19,-0.31,95.3,1,26.53,444.04
5512,15.47,39.7,404.0,0.17,485.17,370.18,0.44,-0.211,95.2,1,26.21,485.6
5513,14.99,44.7,400.0,0.2,511.14,390.0,0.25,-0.601,95.1,1,26.44,511.39
5514,15.36,44.7,417.0,0.1,520.0,396.76,0.03,-0.524,95.2,1,27.2,520.03
5515,16.53,44.6,400.0,0.0,511.14,390.0,0.31,-0.271,95.3,1,28.44,511.45
5516,15.56,49.9,427.0,0.02,485.17,370.18,0.25,-0.753,94.8,0,30.07,485.42
5517,16.77,53.9,400.0,0.18,443.85,338.66,0.88,-0.205,95.2,1,31.99,444.73
5518,17.91,50.2,416.0,0.24,390.0,297.57,0.55,-0.365,95.3,1,34.06,390.55
5519,17.51,58.9,400.0,0.29,327.29,249.72,0.12,0.058,94.8,1,36.14,327.41
5520,18.39,60.7,400.0,0.16,260.0,198.38,0.14,-0.037,95.0,1,38.09,260.14
5521,18.97,60.6,400.0,0.02,327.29,249.72,0.2,0.023,94.8,1,39.78,327.49
5522,19.57,59.9,400.0,0.02,390.0,297.57,0.88,0.283,94.0,1,41.1,390.88
5523,20.2,60.3,400.0,0.12,443.85,338.66,0.82,0.593,92.5,1,41.95,444.67
5524,19.74,57.0,408.0,0.17,485.17,370.18,0.13,0.346,93.8,1,42.28,485.3
5525,21.01,55.7,412.0,0.08,511.14,390.0,0.6,0.383,93.6,1,42.06,511.74
5526,20.96,58.3,423.0,0.13,520.0,396.76,0.58,0.736,91.6,0,41.31,520.58
5527,21.27,52.0,412.0,0.27,511.14,390.0,0.57,0.462,93.2,1,40.09,511.71
5528,22.16,49.7,459.0,0.24,485.17,370.18,0.51,0.362,93.7,1,38.46,485.68
5529,20.68,49.3,400.0,0.28,443.85,338.66,0.21,0.293,94.0,1,36.56,444.06
5530,19.97,41.5,453.0,0.22,390.0,297.57,0.28,0.438,93.3,1,34.5,390.28
5531,18.89,42.1,405.0,0.01,327.29,249.72,0.04,0.287,94.0,1,32.43,327.33
5532,18.63,40.6,419.0,0.12,260.0,198.38,0.32,-0.19,95.2,1,30.49,260.32
5533,17.55,40.5,429.0,0.13,327.29,249.72,0.93,-0.242,95.2,1,28.81,328.22
5534,16.4,41.2,400.0,0.13,390.0,297.57,0.7,-0.071,95.0,1,27.5,390.7
5535,16.42,40.1,450.0,0.07,443.85,338.66,0.71,-0.255,95.3,1,26.66,444.56
5536,15.24,41.2,416.0,0.17,485.17,370.18,0.38,-0.936,94.2,0,26.35,485.55
5537,15.23,39.7,400.0,0.03,511.14,390.0,0.46,-0.439,95.3,1,26.58,511.6
5538,15.22,39.3,400.0,0.23,520.0,396.76,0.11,-0.531,95.2,1,27.34,520.11
5539,15.27,46.4,425.0,0.07,511.14,390.0,0.79,-0.271,95.3,1,28.57,511.93
5540,16.51,47.8,400.0,0.05,485.17,370.18,0.87,-0.114,95.1,1,30.21,486.03
5541,16.67,51.6,400.0,0.13,443.85,338.66,0.09,-0.427,95.3,1,32.12,443.93
5542,16.21,55.4,400.0,0.02,390.0,297.57,0.55,0.274,94.1,1,34.19,390.55
5543,17.05,54.1,400.0,0.18,327.29,249.72,0.15,-0.489,95.2,1,36.27,327.44
5544,18.41,61.2,400.0,0.2,260.0,198.38,0.17,-0.032,95.0,1,38.23,260.17
5545,19.79,60.7,400.0,0.08,327.29,249.72,0.3,0.131,94.6,1,39.92,327.6
5546,19.62,59.7,400.0,0.01,390.0,297.57,0.6,0.388,93.6,1,41.23,390.6
5547,19.74,60.5,413.0,0.07,443.85,338.66,0.7,0.542,92.8,1,42.08,444.55
5548,21.01,57.7,400.0,0.21,485.17,370.18,0.4,0.663,92.1,1,42.41,485.56
5549,21.02,56.2,460.0,0.06,511.14,390.0,0.13,0.635,92.3,1,42.19,511.27
5550,22.29,51.5,416.0,0.01,520.0,396.76,0.35,0.564,92.7,1,41.44,520.35
5551,20.76,48.2,426.0,0.24,511.14,390.0,0.45,0.444,93.3,1,40.22,511.59
5552,20.37,50.3,955.0,1.0,630.72,481.24,10.18,0.199,94.3,1,38.6,640.89
5553,20.17,44.5,1029.0,1.0,577.0,440.25,10.79,0.299,94.0,1,36.69,587.79
5554,19.27,46.8,948.0,1.0,507.0,386.84,10.38,0.217,94.3,1,34.63,517.38
5555,19.23,42.8,990.0,1.0,425.48,324.64,10.62,-0.135,95.1,1,32.56,436.1
5556,18.14,40.4,950.0,1.0,338.0,257.89,10.91,0.156,94.5,1,30.62,348.91
5557,17.99,39.0,992.0,1.0,425.48,324.64,10.25,-0.28,95.3,1,28.94,435.73
5558,18.04,35.8,1009.0,1.0,507.0,386.84,10.79,-0.135,95.1,1,27.64,517.79
5559,15.99,41.2,991.0,1.0,577.0,440.25,10.7,-0.283,95.3,1,26.8,587.7
5560,14.99,42.2,977.0,1.0,630.72,481.24,10.79,-0.676,95.0,1,26.48,641.51
5561,15.12,40.1,1020.0,1.0,664.48,507.0,10.82,-0.677,94.9,1,26.71,675.31
5562,14.87,45.6,1000.0,1.0,676.0,515.79,10.38,-0.631,95.0,1,27.47,686.38
5563,15.69,44.3,400.0,0.06,511.14,390.0,0.98,-0.582,95.1,1,28.71,512.12
5564,15.93,46.4,409.0,0.25,485.17,370.18,0.31,-0.144,95.1,1,30.34,485.48
5565,16.41,54.7,400.0,0.2,443.85,338.66,0.57,-0.309,95.3,1,32.25,444.42
5566,16.69,51.0,425.0,0.21,390.0,297.57,0.31,-0.394,95.3,1,34.32,390.31
5567,17.3,53.0,426.0,0.03,327.29,249.72,0.4,0.011,94.9,1,36.4,327.7
5568,18.71,56.7,400.0,0.2,260.0,198.38,0.13,0.306,93.9,1,38.36,260.13
5569,19.56,60.5,409.0,0.09,327.29,249.72,0.26,0.028,94.8,1,40.05,327.55
5570,20.65,59.1,405.0,0.24,390.0,297.57,0.46,0.236,94.2,1,41.36,390.46
5571,20.89,61.8,432.0,0.08,443.85,338.66,0.33,0.23,94.2,1,42.21,444.17
5572,20.94,61.3,476.0,0.3,485.17,370.18,0.2,0.552,92.7,1,42.54,485.37
5573,20.68,57.2,441.0,0.11,511.14,390.0,0.49,0.582,92.6,1,42.32,511.63
5574,21.72,54.4,400.0,0.07,520.0,396.76,0.18,0.552,92.7,1,41.58,520.18
5575,21.13,54.8,426.0,0.1,511.14,390.0,0.19,0.502,93.0,1,40.35,511.34
5576,20.96,52.6,1083.0,1.0,630.72,481.24,10.7,0.186,94.4,1,38.73,641.42
5577,20.35,45.4,970.0,1.0,577.0,440.25,10.9,0.049,94.8,1,36.82,587.9
5578,18.65,47.3,1043.0,1.0,507.0,386.84,10.63,0.245,94.2,1,34.77,517.63
5579,19.43,42.3,1020.0,1.0,425.48,324.64,10.76,-0.1,95.1,1,32.69,436.24
5580,17.87,41.3,1007.0,1.0,338.0,257.89,10.86,0.047,94.8,1,30.75,348.86
5581,17.59,42.4,1008.0,1.0,425.48,324.64,10.77,-0.417,95.3,1,29.07,436.25
5582,16.92,38.4,990.0,1.0,507.0,386.84,11.0,-0.356,95.3,1,27.77,518.0
5583,15.88,42.4,956.0,1.0,577.0,440.25,10.62,-0.446,95.3,1,26.93,587.62
5584,16.06,38.6,1030.0,1.0,630.72,481.24,10.01,-0.931,94.2,0,26.61,640.73
5585,16.3,42.7,949.0,1.0,664.48,507.0,10.19,-0.66,95.0,1,26.84,674.68
5586,15.08,41.6,994.0,1.0,676.0,515.79,10.69,-0.447,95.3,1,27.6,686.69
5587,15.11,46.1,401.0,0.27,511.14,390.0,0.15,-0.173,95.2,1,28.84,511.29
5588,15.58,51.6,400.0,0.09,485.17,370.18,0.59,-0.132,95.1,1,30.47,485.76
5589,16.35,48.4,406.0,0.23,443.85,338.66,0.28,-0.308,95.3,1,32.38,444.13
5590,16.37,51.3,458.0,0.3,390.0,297.57,0.34,-0.19,95.2,1,34.45,390.34
5591,17.15,58.7,407.0,0.26,327.29,249.72,0.16,0.051,94.8,1,36.53,327.45
5592,18.15,57.3,408.0,0.18,260.0,198.38,0.48,-0.205,95.2,1,38.49,260.48
5593,18.61,58.9,430.0,0.28,327.29,249.72,0.67,-0.153,95.2,1,40.18,327.96
5594,19.36,61.5,415.0,0.24,390.0,297.57,0.57,0.071,94.7,1,41.49,390.57
5595,20.56,61.1,404.0,0.03,443.85,338.66,0.82,0.276,94.1,1,42.34,444.67
5596,20.4,56.3,400.0,0.28,485.17,370.18,0.73,0.537,92.8,1,42.67,485.9
5597,21.2,57.2,403.0,0.0,511.14,390.0,0.48,0.245,94.2,1,42.45,511.63
5598,20.67,55.5,417.0,0.01,520.0,396.76,0.36,0.585,92.6,1,41.7,520.36
5599,21.13,52.7,416.0,0.22,511.14,390.0,0.93,0.422,93.4,1,40.48,512.07
5600,20.36,49.0,971.0,1.0,630.72,481.24,10.66,0.227,94.2,1,38.86,641.37
5601,20.23,48.6,958.0,1.0,577.0,440.25,10.95,0.568,92.7,1,36.95,587.95
5602,20.35,44.2,1016.0,1.0,507.0,386.84,10.39,0.433,93.4,1,34.89,517.39
5603,18.55,43.5,976.0,1.0,425.48,324.64,10.47,0.202,94.3,1,32.82,435.95
5604,17.7,41.5,1003.0,1.0,338.0,257.89,10.35,0.263,94.1,1,30.88,348.35
5605,17.5,41.3,993.0,1.0,425.48,324.64,10.86,-0.127,95.1,1,29.2,436.34
5606,16.49,36.6,986.0,1.0,507.0,386.84,10.33,-0.293,95.3,1,27.89,517.33
5607,17.48,40.6,1016.0,1.0,577.0,440.25,10.41,-0.415,95.3,1,27.06,587.41
5608,14.77,44.1,1003.0,1.0,630.72,481.24,10.39,-0.667,95.0,1,26.74,641.1
5609,15.24,44.9,1037.0,1.0,664.48,507.0,10.93,-0.509,95.2,1,26.97,675.42
5610,16.43,43.3,1024.0,1.0,676.0,515.79,10.49,-0.555,95.2,1,27.73,686.49
5611,15.39,47.7,400.0,0.22,511.14,390.0,0.58,-0.615,95.1,1,28.96,511.72
5612,15.68,48.5,400.0,0.3,485.17,370.18,0.63,-0.628,95.0,1,30.6,485.8
5613,15.24,50.7,400.0,0.12,443.85,338.66,0.61,-0.211,95.2,1,32.51,444.46
5614,16.45,54.9,400.0,0.03,390.0,297.57,0.85,-0.146,95.1,1,34.58,390.85
5615,17.39,56.3,435.0,0.29,327.29,249.72,0.33,-0.005,94.9,1,36.66,327.63
5616,17.08,54.5,400.0,0.16,260.0,198.38,0.15,-0.171,95.2,1,38.61,260.15
5617,19.36,61.4,400.0,0.21,327.29,249.72,0.51,0.308,93.9,1,40.31,327.8
5618,19.1,60.8,411.0,0.08,390.0,297.57,0.96,0.338,93.8,1,41.62,390.96
5619,20.86,61.5,400.0,0.24,443.85,338.66,0.22,0.224,94.2,1,42.47,444.07
5620,19.76,60.0,401.0,0.27,485.17,370.18,0.59,0.465,93.2,1,42.8,485.76
5621,21.31,59.6,449.0,0.18,511.14,390.0,0.82,0.072,94.7,1,42.58,511.96
5622,21.58,56.4,402.0,0.24,520.0,396.76,0.49,0.813,91.1,0,41.83,520.49
5623,20.45,50.8,400.0,0.23,511.14,390.0,0.79,0.491,93.1,1,40.6,511.93
5624,21.12,48.2,1025.0,1.0,630.72,481.24,10.61,0.23,94.2,1,38.98,641.33
5625,20.13,47.0,1024.0,1.0,577.0,440.25,10.32,0.531,92.9,1,37.08,587.32
5626,19.05,43.7,930.0,1.0,507.0,386.84,10.93,-0.005,94.9,1,35.02,517.93
5627,18.34,38.6,996.0,1.0,425.48,324.64,10.27,0.162,94.5,1,32.95,435.75
5628,18.04,39.5,1011.0,1.0,338.0,257.89,10.45,0.082,94.7,1,31.01,348.45
5629,17.39,42.7,1025.0,1.0,425.48,324.64,10.88,-0.009,94.9,1,29.33,436.36
5630,16.93,37.8,1035.0,1.0,507.0,386.84,10.45,-0.326,95.3,1,28.02,517.45
5631,15.91,40.7,992.0,1.0,577.0,440.25,10.76,-0.403,95.3,1,27.18,587.76
5632,15.83,39.4,1001.0,1.0,630.72,481.24,10.44,-0.175,95.2,1,26.87,641.16
5633,15.3,42.6,980.0,1.0,664.48,507.0,10.51,-0.43,95.3,1,27.09,674.99
5634,15.09,43.9,1037.0,1.0,676.0,515.79,10.82,-0.379,95.3,1,27.85,686.82
5635,14.54,45.4,400.0,0.14,511.14,390.0,0.7,-0.672,95.0,1,29.09,511.84
5636,14.99,50.3,400.0,0.15,485.17,370.18,0.85,-0.388,95.3,1,30.72,486.02
5637,16.01,51.1,448.0,0.12,443.85,338.66,0.4,-0.394,95.3,1,32.64,444.25
5638,16.87,52.2,400.0,0.03,390.0,297.57,0.28,-0.591,95.1,1,34.71,390.28
5639,17.91,56.5,400.0,0.08,327.29,249.72,0.9,-0.246,95.2,1,36.79,328.19
5640,18.36,61.4,430.0,0.14,260.0,198.38,0.24,-0.038,95.0,1,38.74,260.24
5641,19.21,58.0,400.0,0.23,327.29,249.72,0.07,0.262,94.1,1,40.43,327.37
5642,20.06,59.8,407.0,0.05,390.0,297.57,0.54,-0.149,95.2,1,41.75,390.54
5643,20.09,61.2,422.0,0.02,443.85,338.66,0.61,0.574,92.6,1,42.6,444.46
5644,21.15,58.9,402.0,0.25,485.17,370.18,0.06,0.873,90.7,0,42.92,485.22
5645,21.31,54.4,400.0,0.14,511.14,390.0,0.17,0.526,92.9,1,42.7,511.31
5646,21.44,52.9,400.0,0.15,520.0,396.76,0.03,0.371,93.7,1,41.96,520.03
5647,21.07,49.2,400.0,0.3,511.14,390.0,0.9,0.383,93.6,1,40.73,512.04
5648,20.91,50.0,1054.0,1.0,630.72,481.24,10.29,0.128,94.6,1,39.11,641.01
5649,20.27,45.1,1033.0,1.0,577.0,440.25,10.95,0.26,94.1,1,37.2,587.96
5650,18.79,43.9,991.0,1.0,507.0,386.84,10.92,-0.119,95.1,1,35.15,517.92
5651,19.55,43.8,946.0,1.0,425.48,324.64,10.93,0.086,94.7,1,33.07,436.41
5652,18.56,41.2,1000.0,1.0,338.0,257.89,10.81,0.674,92.0,1,31.13,348.81
5653,17.38,37.0,965.0,1.0,425.48,324.64,10.05,0.012,94.9,1,29.45,435.53
5654,16.93,39.7,1015.0,1.0,507.0,386.84,10.8,-0.381,95.3,1,28.15,517.8
5655,15.66,40.0,1009.0,1.0,577.0,440.25,10.14,-0.737,94.8,0,27.31,587.15
5656,15.1,44.0,988.0,1.0,630.72,481.24,10.91,-0.525,95.2,1,26.99,641.63
5657,14.94,42.8,1011.0,1.0,664.48,507.0,10.41,-0.309,95.3,1,27.22,674.9
5658,14.95,46.3,1077.0,1.0,676.0,515.79,10.34,-0.498,95.2,1,27.98,686.34
5659,15.16,50.7,400.0,0.25,511.14,390.0,0.97,-0.358,95.3,1,29.21,512.11
5660,14.77,51.9,400.0,0.28,485.17,370.18,0.45,-0.116,95.1,1,30.85,485.61
5661,14.93,49.9,408.0,0.15,443.85,338.66,0.73,-0.19,95.2,1,32.76,444.57
5662,15.89,54.1,400.0,0.03,390.0,297.57,0.09,-0.178,95.2,1,34.83,390.09
5663,16.84,62.4,412.0,0.17,327.29,249.72,0.78,-0.194,95.2,1,36.91,328.07
5664,18.65,56.7,400.0,0.12,260.0,198.38,1.0,-0.216,95.2,1,38.86,261.0
5665,17.84,59.4,402.0,0.16,327.29,249.72,0.39,0.228,94.2,1,40.56,327.68
5666,19.85,61.8,400.0,0.16,390.0,297.57,0.26,0.469,93.2,1,41.87,390.26
5667,19.62,60.5,419.0,0.22,443.85,338.66,0.39,-0.002,94.9,1,42.72,444.24
5668,20.41,57.9,400.0,0.07,485.17,370.18,0.11,0.647,92.2,1,43.05,485.28
5669,21.01,59.3,430.0,0.26,511.14,390.0,0.56,0.669,92.1,1,42.83,511.7
5670,21.04,52.6,400.0,0.08,520.0,396.76,0.27,0.212,94.3,1,42.08,520.27
5671,21.23,52.2,410.0,0.29,511.14,390.0,0.09,0.458,93.2,1,40.85,511.23
5672,19.21,51.4,400.0,0.16,485.17,370.18,0.99,0.498,93.0,1,39.23,486.15
5673,21.14,45.7,400.0,0.18,443.85,338.66,0.35,0.29,94.0,1,37.33,444.2
5674,19.95,48.0,400.0,0.09,390.0,297.57,0.04,0.56,92.7,1,35.27,390.04
5675,18.43,44.6,461.0,0.15,327.29,249.72,0.09,0.389,93.6,1,33.2,327.38
5676,18.36,44.1,444.0,0.28,260.0,198.38,0.79,-0.099,95.1,1,31.25,260.79
5677,17.86,44.4,411.0,0.05,327.29,249.72,0.02,-0.251,95.2,1,29.57,327.31
5678,18.1,40.5,400.0,0.15,390.0,297.57,0.94,-0.173,95.2,1,28.27,390.94
5679,16.31,37.5,427.0,0.19,443.85,338.66,0.67,-0.269,95.3,1,27.43,444.52
5680,15.3,41.9,400.0,0.13,485.17,370.18,0.99,-0.602,95.1,1,27.11,486.16
5681,14.97,43.2,400.0,0.04,511.14,390.0,0.9,-0.62,95.1,1,27.34,512.04
5682,14.41,46.8,400.0,0.13,520.0,396.76,0.7,-0.763,94.8,0,28.1,520.7
5683,15.66,45.4,400.0,0.23,511.14,390.0,0.32,-0.49,95.2,1,29.34,511.46
5684,15.63,46.9,414.0,0.17,485.17,370.18,0.47,-0.553,95.2,1,30.97,485.63
5685,16.16,51.5,400.0,0.29,443.85,338.66,0.62,-0.571,95.1,1,32.88,444.47
5686,16.65,57.4,400.0,0.3,390.0,297.57,0.17,-0.245,95.2,1,34.95,390.17
5687,15.93,57.2,454.0,0.13,327.29,249.72,0.61,0.159,94.5,1,37.03,327.9
5688,17.48,58.0,400.0,0.23,260.0,198.38,0.65,-0.33,95.3,1,38.99,260.65
5689,17.34,59.3,400.0,0.25,327.29,249.72,0.11,0.078,94.7,1,40.68,327.41
5690,19.69,60.0,411.0,0.27,390.0,297.57,0.69,0.135,94.5,1,41.99,390.69
5691,19.74,62.1,400.0,0.03,443.85,338.66,0.59,0.266,94.1,1,42.84,444.43
5692,20.52,59.3,454.0,0.15,485.17,370.18,0.41,0.522,92.9,1,43.17,485.57
5693,20.74,61.1,410.0,0.04,511.14,390.0,0.9,0.349,93.7,1,42.95,512.04
5694,21.89,55.4,400.0,0.15,520.0,396.76,0.95,0.432,93.4,1,42.2,520.95
5695,20.58,53.0,400.0,0.26,511.14,390.0,0.83,0.439,93.3,1,40.97,511.97
5696,20.33,52.3,400.0,0.13,485.17,370.18,0.93,0.582,92.6,1,39.35,486.1
5697,19.58,48.0,407.0,0.22,443.85,338.66,0.76,0.185,94.4,1,37.45,444.61
5698,18.93,50.5,400.0,0.01,390.0,297.57,0.98,0.34,93.8,1,35.39,390.98
5699,18.54,42.0,400.0,0.01,327.29,249.72,0.53,0.242,94.2,1,33.32,327.82
5700,17.7,41.0,400.0,0.07,260.0,198.38,0.23,0.094,94.7,1,31.37,260.23
5701,17.3,37.0,438.0,0.1,327.29,249.72,0.28,-0.38,95.3,1,29.69,327.57
5702,15.61,42.6,400.0,0.23,390.0,297.57,0.04,-0.206,95.2,1,28.39,390.04
5703,15.22,44.0,406.0,0.13,443.85,338.66,0.33,-0.276,95.3,1,27.55,444.18
5704,15.48,41.9,406.0,0.2,485.17,370.18,0.99,-0.568,95.1,1,27.23,486.16
5705,14.39,45.6,456.0,0.04,511.14,390.0,0.83,-0.314,95.3,1,27.46,511.98
5706,14.87,41.7,400.0,0.14,520.0,396.76,0.24,-0.444,95.3,1,28.22,520.24
5707,15.14,48.6,400.0,0.01,511.14,390.0,0.1,-0.464,95.2,1,29.46,511.24
5708,15.22,50.7,429.0,0.1,485.17,370.18,0.77,-0.423,95.3,1,31.09,485.94
5709,15.65,56.1,400.0,0.0,443.85,338.66,0.75,-0.264,95.3,1,33.0,444.6
5710,16.5,55.9,410.0,0.01,390.0,297.57,0.92,-0.407,95.3,1,35.07,390.92
5711,16.7,58.0,400.0,0.07,327.29,249.72,0.67,-0.244,95.2,1,37.15,327.96
5712,18.85,57.8,400.0,0.22,260.0,198.38,0.08,0.075,94.7,1,39.1,260.08
5713,18.33,61.5,434.0,0.13,327.29,249.72,0.99,0.329,93.8,1,40.8,328.28
5714,19.89,57.4,400.0,0.26,390.0,297.57,0.99,0.227,94.2,1,42.11,390.99
5715,20.4,59.1,414.0,0.03,443.85,338.66,0.24,0.197,94.3,1,42.96,444.09
5716,19.48,58.4,409.0,0.22,485.17,370.18,0.06,0.445,93.3,1,43.29,485.23
5717,20.2,53.6,400.0,0.12,511.14,390.0,0.83,0.623,92.3,1,43.07,511.97
5718,21.08,56.7,400.0,0.13,520.0,396.76,0.53,0.584,92.6,1,42.32,520.53
5719,21.89,50.0,402.0,0.15,511.14,390.0,0.18,0.766,91.4,0,41.09,511.32
5720,20.89,52.8,931.0,1.0,630.72,481.24,10.61,0.61,92.4,1,39.47,641.33
5721,20.68,45.9,960.0,1.0,577.0,440.25,10.19,0.547,92.8,1,37.57,587.19
5722,19.27,45.3,992.0,1.0,507.0,386.84,10.44,0.329,93.8,1,35.51,517.44
5723,19.47,44.9,985.0,1.0,425.48,324.64,10.95,0.181,94.4,1,33.44,436.43
5724,18.49,46.0,1027.0,1.0,338.0,257.89,10.33,-0.334,95.3,1,31.49,348.33
5725,15.49,39.5,1046.0,1.0,425.48,324.64,10.14,-0.114,95.1,1,29.81,435.62
5726,16.16,38.7,982.0,1.0,507.0,386.84,10.35,-0.162,95.2,1,28.51,517.35
5727,15.44,42.5,973.0,1.0,577.0,440.25,10.91,-0.504,95.2,1,27.67,587.91
5728,14.74,41.6,998.0,1.0,630.72,481.24,10.86,-0.544,95.2,1,27.35,641.58
5729,15.09,43.9,1031.0,1.0,664.48,507.0,10.07,-0.474,95.2,1,27.58,674.55
5730,15.66,45.4,1000.0,1.0,676.0,515.79,10.11,-0.801,94.6,0,28.34,686.11
5731,14.89,46.9,432.0,0.13,511.14,390.0,0.08,-0.255,95.3,1,29.57,511.22
5732,14.92,49.2,432.0,0.26,485.17,370.18,0.97,-0.8,94.7,0,31.2,486.13
5733,15.89,55.5,418.0,0.19,443.85,338.66,0.43,-0.613,95.1,1,33.12,444.27
5734,16.57,52.0,400.0,0.29,390.0,297.57,0.05,-0.168,95.2,1,35.19,390.05
5735,17.26,53.9,400.0,0.15,327.29,249.72,0.48,0.177,94.4,1,37.27,327.77
5736,17.22,56.6,405.0,0.04,260.0,198.38,0.68,0.154,94.5,1,39.22,260.68
5737,19.28,63.0,400.0,0.13,327.29,249.72,0.05,0.346,93.8,1,40.91,327.34
5738,18.57,64.2,452.0,0.19,390.0,297.57,0.68,0.276,94.1,1,42.23,390.68
5739,19.43,61.7,433.0,0.3,443.85,338.66,0.6,0.298,94.0,1,43.08,444.45
5740,20.85,55.2,400.0,0.09,485.17,370.18,0.89,0.24,94.2,1,43.4,486.05
5741,21.4,58.8,400.0,0.1,511.14,390.0,0.65,0.534,92.8,1,43.18,511.79
5742,20.61,55.3,400.0,0.23,520.0,396.76,0.75,0.805,91.2,0,42.44,520.75
5743,20.44,51.2,400.0,0.19,511.14,390.0,0.49,0.207,94.3,1,41.21,511.63
5744,20.14,53.5,1062.0,1.0,630.72,481.24,10.12,0.499,93.0,1,39.59,640.83
5745,19.41,50.8,1012.0,1.0,577.0,440.25,10.73,0.388,93.6,1,37.68,587.74
5746,19.05,44.2,997.0,1.0,507.0,386.84,10.31,0.664,92.1,1,35.62,517.31
5747,18.16,45.4,1013.0,1.0,425.48,324.64,10.95,0.267,94.1,1,33.55,436.44
5748,17.38,40.5,992.0,1.0,338.0,257.89,10.91,0.022,94.8,1,31.61,348.91
5749,16.9,40.7,999.0,1.0,425.48,324.64,10.71,0.099,94.6,1,29.93,436.19
5750,16.39,37.4,999.0,1.0,507.0,386.84,10.2,-0.333,95.3,1,28.62,517.2
5751,16.09,38.8,1052.0,1.0,577.0,440.25,10.85,-0.07,95.0,1,27.78,587.85
5752,15.2,38.3,933.0,1.0,630.72,481.24,10.18,-0.763,94.8,0,27.47,640.9
5753,14.93,41.8,978.0,1.0,664.48,507.0,10.35,-0.594,95.1,1,27.69,674.83
5754,14.69,41.2,931.0,1.0,676.0,515.79,10.36,-0.505,95.2,1,28.45,686.36
5755,14.48,52.4,400.0,0.02,511.14,390.0,0.09,-0.119,95.1,1,29.69,511.23
5756,15.16,48.4,400.0,0.25,485.17,370.18,0.77,-0.678,94.9,1,31.32,485.94
5757,15.96,52.9,418.0,0.05,443.85,338.66,0.11,-0.21,95.2,1,33.23,443.96
5758,16.56,55.8,400.0,0.04,390.0,297.57,0.35,-0.196,95.2,1,35.3,390.35
5759,16.7,53.6,400.0,0.1,327.29,249.72,0.26,-0.371,95.3,1,37.38,327.55
5760,17.76,59.5,420.0,0.05,260.0,198.38,0.44,-0.066,95.0,1,39.34,260.44
5761,18.99,58.2,415.0,0.19,327.29,249.72,0.18,0.24,94.2,1,41.03,327.47
5762,19.48,60.5,400.0,0.07,390.0,297.57,0.72,0.141,94.5,1,42.34,390.72
5763,19.58,59.7,400.0,0.0,443.85,338.66,0.65,0.414,93.5,1,43.19,444.49
5764,19.76,58.4,400.0,0.22,485.17,370.18,0.84,0.477,93.1,1,43.52,486.01
5765,19.45,55.9,406.0,0.25,511.14,390.0,0.31,0.501,93.0,1,43.3,511.45
5766,21.47,58.0,403.0,0.24,520.0,396.76,0.2,0.683,92.0,1,42.55,520.2
5767,21.85,56.0,400.0,0.01,511.14,390.0,0.05,0.095,94.7,1,41.32,511.2
5768,20.77,51.8,965.0,1.0,630.72,481.24,10.94,0.062,94.7,1,39.7,641.65
5769,19.49,48.7,1026.0,1.0,577.0,440.25,10.08,0.073,94.7,1,37.8,587.09
5770,19.14,43.6,1047.0,1.0,507.0,386.84,10.81,0.22,94.3,1,35.74,517.81
5771,18.26,44.3,1025.0,1.0,425.48,324.64,10.73,0.012,94.9,1,33.67,436.21
5772,17.64,40.8,985.0,1.0,338.0,257.89,10.11,0.07,94.7,1,31.72,348.11
5773,17.18,36.9,990.0,1.0,425.48,324.64,10.14,-0.163,95.2,1,30.04,435.62
5774,16.52,39.0,970.0,1.0,507.0,386.84,10.38,-0.415,95.3,1,28.74,517.38
5775,15.19,39.9,1014.0,1.0,577.0,440.25,10.71,-0.208,95.2,1,27.9,587.71
5776,15.35,43.1,1036.0,1.0,630.72,481.24,10.34,-0.39,95.3,1,27.58,641.05
5777,13.55,43.0,1023.0,1.0,664.48,507.0,10.65,-0.658,95.0,1,27.81,675.13
5778,15.51,44.4,1019.0,1.0,676.0,515.79,10.89,-0.567,95.1,1,28.57,686.89
5779,14.2,46.8,400.0,0.16,511.14,390.0,0.82,-0.474,95.2,1,29.8,511.96
5780,15.21,51.4,400.0,0.22,485.17,370.18,0.49,0.073,94.7,1,31.43,485.66
5781,15.91,50.1,400.0,0.27,443.85,338.66,0.76,-0.271,95.3,1,33.35,444.61
5782,16.38,54.9,424.0,0.26,390.0,297.57,0.07,-0.498,95.2,1,35.42,390.07
5783,17.26,59.0,401.0,0.01,327.29,249.72,0.98,0.09,94.7,1,37.5,328.27
5784,18.43,58.7,429.0,0.2,260.0,198.38,0.23,0.164,94.4,1,39.45,260.23
5785,18.24,59.2,412.0,0.3,327.29,249.72,0.59,0.345,93.8,1,41.14,327.89
5786,19.38,59.6,400.0,0.21,390.0,297.57,0.03,-0.067,95.0,1,42.45,390.03
5787,19.57,56.0,400.0,0.24,443.85,338.66,0.46,0.251,94.1,1,43.3,444.31
5788,20.93,59.3,459.0,0.04,485.17,370.18,0.34,0.154,94.5,1,43.63,485.5
5789,20.59,54.9,400.0,0.26,511.14,390.0,0.51,0.702,91.9,0,43.41,511.65
5790,20.7,55.6,403.0,0.08,520.0,396.76,0.37,0.353,93.7,1,42.66,520.37
5791,20.55,51.9,452.0,0.12,511.14,390.0,0.06,-0.011,94.9,1,41.44,511.2
5792,20.53,54.4,1015.0,1.0,630.72,481.24,10.77,0.675,92.0,1,39.81,641.48
5793,19.83,47.3,969.0,1.0,577.0,440.25,10.48,0.511,93.0,1,37.91,587.48
5794,19.21,41.0,1002.0,1.0,507.0,386.84,10.35,0.062,94.7,1,35.85,517.35
5795,18.33,43.1,1044.0,1.0,425.48,324.64,10.23,0.195,94.3,1,33.78,435.71
5796,17.62,38.8,1011.0,1.0,338.0,257.89,10.49,0.086,94.7,1,31.83,348.49
5797,17.02,41.3,1101.0,1.0,425.48,324.64,10.77,-0.271,95.3,1,30.15,436.25
5798,16.75,41.8,939.0,1.0,507.0,386.84,10.48,0.095,94.7,1,28.85,517.48
5799,15.8,38.3,988.0,1.0,577.0,440.25,10.59,-0.193,95.2,1,28.01,587.6
5800,14.9,41.8,959.0,1.0,630.72,481.24,10.41,-0.607,95.1,1,27.69,641.13
5801,14.64,43.1,1022.0,1.0,664.48,507.0,10.27,-0.653,95.0,1,27.92,674.76
5802,15.53,42.5,961.0,1.0,676.0,515.79,10.14,-0.529,95.2,1,28.68,686.14
5803,14.07,46.0,400.0,0.06,511.14,390.0,0.31,-0.605,95.1,1,29.91,511.45
5804,14.46,52.3,400.0,0.14,485.17,370.18,1.0,-0.405,95.3,1,31.54,486.17
5805,15.23,51.8,405.0,0.01,443.85,338.66,0.99,-0.516,95.2,1,33.46,444.84
5806,16.55,53.9,400.0,0.11,390.0,297.57,0.61,-0.125,95.1,1,35.53,390.61
5807,16.51,57.1,429.0,0.15,327.29,249.72,0.64,-0.141,95.1,1,37.61,327.93
5808,17.27,57.8,400.0,0.02,260.0,198.38,0.49,-0.141,95.1,1,39.56,260.49
5809,18.98,59.2,412.0,0.08,327.29,249.72,0.88,0.309,93.9,1,41.25,328.17
5810,18.49,60.9,400.0,0.15,390.0,297.57,0.22,0.208,94.3,1,42.57,390.22
5811,20.19,60.1,400.0,0.03,443.85,338.66,0.12,0.582,92.6,1,43.41,443.97
5812,20.94,64.2,433.0,0.2,485.17,370.18,0.47,0.25,94.2,1,43.74,485.63
5813,20.98,60.7,400.0,0.03,511.14,390.0,0.15,0.745,91.6,0,43.52,511.29
5814,20.82,55.5,404.0,0.21,520.0,396.76,0.93,0.49,93.1,1,42.77,520.93
5815,20.97,53.6,400.0,0.0,511.14,390.0,0.97,0.514,93.0,1,41.54,512.12
5816,21.62,48.3,1084.0,1.0,630.72,481.24,10.61,0.643,92.2,1,39.92,641.32
5817,19.85,46.7,1049.0,1.0,577.0,440.25,10.46,-0.034,95.0,1,38.02,587.46
5818,19.23,45.4,985.0,1.0,507.0,386.84,10.98,0.506,93.0,1,35.96,517.98
5819,19.55,45.4,1008.0,1.0,425.48,324.64,10.1,0.548,92.8,1,33.89,435.58
5820,17.42,42.3,1009.0,1.0,338.0,257.89,10.34,-0.359,95.3,1,31.94,348.34
5821,16.8,41.0,958.0,1.0,425.48,324.64,10.65,0.012,94.9,1,30.26,436.14
5822,17.12,39.3,1019.0,1.0,507.0,386.84,10.52,-0.524,95.2,1,28.96,517.52
5823,16.06,37.7,1001.0,1.0,577.0,440.25,10.2,-0.356,95.3,1,28.12,587.2
5824,14.48,39.7,1032.0,1.0,630.72,481.24,10.45,-0.355,95.3,1,27.8,641.16
5825,14.86,41.5,995.0,1.0,664.48,507.0,10.01,-0.35,95.3,1,28.03,674.49
5826,15.06,45.8,966.0,1.0,676.0,515.79,10.78,-0.586,95.1,1,28.78,686.78
5827,14.76,50.1,400.0,0.19,511.14,390.0,0.88,-0.693,94.9,1,30.02,512.02
5828,15.04,47.8,400.0,0.25,485.17,370.18,0.93,-0.117,95.1,1,31.65,486.09
5829,14.91,52.4,404.0,0.21,443.85,338.66,0.7,-0.805,94.6,0,33.57,444.54
5830,16.51,58.1,422.0,0.27,390.0,297.57,0.7,-0.275,95.3,1,35.63,390.7
5831,17.96,56.4,400.0,0.23,327.29,249.72,0.8,-0.081,95.0,1,37.72,328.09
5832,17.89,60.2,412.0,0.0,260.0,198.38,0.45,0.078,94.7,1,39.67,260.45
5833,18.94,56.9,422.0,0.05,327.29,249.72,0.77,0.479,93.1,1,41.36,328.07
5834,18.74,64.1,414.0,0.25,390.0,297.57,0.46,-0.036,95.0,1,42.67,390.46
5835,19.27,58.5,400.0,0.26,443.85,338.66,0.72,0.308,93.9,1,43.52,444.56
5836,19.88,57.3,451.0,0.15,485.17,370.18,0.73,0.348,93.8,1,43.85,485.89
5837,20.72,61.0,410.0,0.07,511.14,390.0,0.17,0.477,93.1,1,43.63,511.31
5838,20.73,57.3,400.0,0.05,520.0,396.76,0.38,0.627,92.3,1,42.88,520.38
5839,19.76,51.4,400.0,0.28,511.14,390.0,0.02,1.051,89.3,0,41.65,511.16
5840,20.09,51.4,400.0,0.19,485.17,370.18,0.84,0.599,92.5,1,40.03,486.01
5841,19.81,49.0,400.0,0.24,443.85,338.66,0.29,0.596,92.5,1,38.12,444.14
5842,19.34,43.0,444.0,0.21,390.0,297.57,0.28,0.448,93.3,1,36.07,390.28
5843,18.48,41.1,407.0,0.03,327.29,249.72,0.7,0.439,93.3,1,33.99,327.99
5844,18.1,43.5,400.0,0.04,260.0,198.38,0.76,-0.301,95.3,1,32.05,260.76
5845,16.2,41.8,447.0,0.26,327.29,249.72,0.38,-0.015,94.9,1,30.37,327.67
5846,17.08,37.8,415.0,0.18,390.0,297.57,0.11,-0.567,95.1,1,29.06,390.11
5847,14.53,40.0,463.0,0.03,443.85,338.66,0.5,0.054,94.8,1,28.22,444.35
5848,15.6,42.6,403.0,0.18,485.17,370.18,0.62,-0.363,95.3,1,27.91,485.79
5849,15.43,42.9,448.0,0.04,511.14,390.0,0.98,-0.436,95.3,1,28.13,512.12
5850,14.17,44.0,400.0,0.29,520.0,396.76,0.17,-0.41,95.3,1,28.89,520.17
5851,15.71,45.4,422.0,0.2,511.14,390.0,0.92,-0.832,94.6,0,30.13,512.06
5852,14.98,50.6,400.0,0.1,485.17,370.18,0.5,-0.893,94.4,0,31.76,485.66
5853,15.44,52.0,408.0,0.09,443.85,338.66,0.68,-0.424,95.3,1,33.67,444.52
5854,16.6,54.4,413.0,0.27,390.0,297.57,0.36,-0.392,95.3,1,35.74,390.36
5855,16.93,56.9,420.0,0.21,327.29,249.72,0.4,-0.186,95.2,1,37.82,327.69
5856,17.41,60.2,449.0,0.18,260.0,198.38,0.71,-0.098,95.1,1,39.77,260.71
5857,18.25,55.6,417.0,0.12,327.29,249.72,0.67,0.193,94.4,1,41.46,327.96
5858,19.24,59.0,400.0,0.17,390.0,297.57,0.27,0.336,93.8,1,42.78,390.27
5859,19.46,60.4,415.0,0.28,443.85,338.66,0.66,0.446,93.3,1,43.63,444.5
5860,20.51,59.3,400.0,0.27,485.17,370.18,0.96,0.376,93.6,1,43.95,486.13
5861,20.28,61.3,458.0,0.06,511.14,390.0,0.18,0.63,92.3,1,43.73,511.32
5862,20.41,56.1,400.0,0.13,520.0,396.76,0.49,0.311,93.9,1,42.99,520.49
5863,20.32,55.6,424.0,0.14,511.14,390.0,0.2,0.825,91.0,0,41.76,511.34
5864,19.24,52.2,438.0,0.21,485.17,370.18,0.24,0.47,93.2,1,40.14,485.41
5865,19.61,50.1,418.0,0.01,443.85,338.66,0.22,0.221,94.3,1,38.23,444.07
5866,19.33,45.0,400.0,0.08,390.0,297.57,0.55,0.297,94.0,1,36.17,390.55
5867,19.24,41.1,400.0,0.1,327.29,249.72,0.21,-0.062,95.0,1,34.1,327.51
5868,18.38,45.5,435.0,0.02,260.0,198.38,0.44,-0.2,95.2,1,32.15,260.44
5869,16.85,40.6,412.0,0.18,327.29,249.72,0.82,-0.079,95.0,1,30.47,328.12
5870,16.11,39.7,400.0,0.11,390.0,297.57,0.91,-0.423,95.3,1,29.17,390.91
5871,15.15,38.2,400.0,0.29,443.85,338.66,0.59,-0.052,95.0,1,28.33,444.44
5872,15.4,42.5,400.0,0.15,485.17,370.18,0.34,-0.609,95.1,1,28.01,485.51
5873,14.09,37.2,406.0,0.13,511.14,390.0,0.43,-0.344,95.3,1,28.24,511.58
5874,14.17,41.4,473.0,0.21,520.0,396.76,0.2,-0.662,95.0,1,29.0,520.2
5875,13.96,43.6,400.0,0.27,511.14,390.0,0.19,-0.314,95.3,1,30.23,511.33
5876,14.96,47.2,400.0,0.16,485.17,370.18,0.09,-0.287,95.3,1,31.86,485.25
5877,15.58,51.5,401.0,0.13,443.85,338.66,0.14,-0.79,94.7,0,33.78,443.99
5878,15.53,55.9,400.0,0.25,390.0,297.57,0.25,-0.083,95.1,1,35.84,390.25
5879,16.35,56.2,400.0,0.13,327.29,249.72,0.53,-0.043,95.0,1,37.93,327.82
5880,17.89,60.3,400.0,0.14,260.0,198.38,0.28,0.077,94.7,1,39.88,260.28
5881,18.25,64.0,439.0,0.11,327.29,249.72,0.83,0.127,94.6,1,41.57,328.12
5882,18.62,60.5,400.0,0.23,390.0,297.57,0.19,0.193,94.4,1,42.88,390.19
5883,19.41,61.9,415.0,0.02,443.85,338.66,0.95,-0.07,95.0,1,43.73,444.8
5884,20.54,60.5,447.0,0.02,485.17,370.18,0.3,0.411,93.5,1,44.06,485.47
5885,20.78,58.2,400.0,0.09,511.14,390.0,0.68,0.464,93.2,1,43.84,511.82
5886,20.52,52.8,400.0,0.01,520.0,396.76,0.89,0.447,93.3,1,43.09,520.89
5887,19.95,53.1,400.0,0.05,511.14,390.0,0.12,0.278,94.0,1,41.86,511.26
5888,19.55,48.7,997.0,1.0,630.72,481.24,10.08,0.673,92.0,1,40.24,640.8
5889,18.81,48.7,1016.0,1.0,577.0,440.25,10.46,0.405,93.5,1,38.33,587.46
5890,18.64,46.2,1000.0,1.0,507.0,386.84,10.05,0.146,94.5,1,36.27,517.05
5891,18.67,42.4,1003.0,1.0,425.48,324.64,10.45,-0.213,95.2,1,34.2,435.93
5892,17.19,43.0,986.0,1.0,338.0,257.89,10.77,-0.176,95.2,1,32.26,348.77
5893,16.29,39.8,1006.0,1.0,425.48,324.64,10.83,-0.203,95.2,1,30.58,436.31
5894,15.61,40.8,1010.0,1.0,507.0,386.84,10.48,-0.018,94.9,1,29.27,517.48
5895,15.23,37.9,1017.0,1.0,577.0,440.25,10.52,-0.356,95.3,1,28.43,587.52
5896,15.5,38.0,950.0,1.0,630.72,481.24,10.04,-0.513,95.2,1,28.11,640.76
5897,14.21,45.6,964.0,1.0,664.48,507.0,10.38,-0.359,95.3,1,28.34,674.86
5898,14.27,46.8,958.0,1.0,676.0,515.79,10.04,-0.365,95.3,1,29.1,686.04
5899,14.08,48.0,429.0,0.04,511.14,390.0,0.72,-0.474,95.2,1,30.33,511.87
5900,15.43,47.8,400.0,0.19,485.17,370.18,0.63,-0.278,95.3,1,31.96,485.8
5901,15.42,50.3,400.0,0.04,443.85,338.66,0.87,-0.224,95.2,1,33.88,444.72
5902,15.36,51.9,400.0,0.12,390.0,297.57,0.38,-0.088,95.1,1,35.95,390.38
5903,16.26,56.5,400.0,0.0,327.29,249.72,0.99,-0.134,95.1,1,38.03,328.28
5904,17.76,59.3,400.0,0.13,260.0,198.38,0.68,-0.167,95.2,1,39.98,260.68
5905,18.87,58.6,476.0,0.15,327.29,249.72,0.39,0.065,94.7,1,41.67,327.68
5906,18.74,63.1,402.0,0.19,390.0,297.57,0.65,0.398,93.5,1,42.98,390.65
5907,20.01,55.4,454.0,0.26,443.85,338.66,0.88,0.635,92.3,1,43.83,444.73
5908,20.34,60.5,400.0,0.18,485.17,370.18,0.47,0.614,92.4,1,44.16,485.64
5909,21.39,57.2,419.0,0.17,511.14,390.0,0.01,0.473,93.2,1,43.94,511.15
5910,20.05,55.5,400.0,0.14,520.0,396.76,0.08,0.686,92.0,1,43.19,520.08
5911,21.34,47.3,407.0,0.14,511.14,390.0,0.78,0.352,93.7,1,41.96,511.92
5912,20.53,49.0,1024.0,1.0,630.72,481.24,10.45,0.67,92.1,1,40.34,641.17
5913,19.21,45.5,986.0,1.0,577.0,440.25,10.94,0.69,91.9,1,38.43,587.94
5914,19.38,48.0,1016.0,1.0,507.0,386.84,10.59,0.45,93.3,1,36.37,517.59
5915,17.93,42.0,990.0,1.0,425.48,324.64,10.83,-0.077,95.0,1,34.3,436.31
5916,17.65,37.8,1008.0,1.0,338.0,257.89,10.85,-0.194,95.2,1,32.36,348.85
5917,17.06,41.1,1030.0,1.0,425.48,324.64,10.46,0.071,94.7,1,30.67,435.94
5918,15.72,42.0,1042.0,1.0,507.0,386.84,10.05,-0.145,95.1,1,29.37,517.05
5919,16.32,41.6,1031.0,1.0,577.0,440.25,10.1,-0.506,95.2,1,28.53,587.1
5920,14.93,41.0,999.0,1.0,630.72,481.24,10.55,-0.562,95.1,1,28.21,641.26
5921,14.66,44.1,1039.0,1.0,664.48,507.0,10.08,-0.38,95.3,1,28.44,674.57
5922,14.94,42.6,1027.0,1.0,676.0,515.79,10.8,-0.688,94.9,1,29.2,686.8
5923,15.0,47.5,400.0,0.1,511.14,390.0,0.05,-0.402,95.3,1,30.43,511.19
5924,15.38,50.5,400.0,0.23,485.17,370.18,0.49,-0.159,95.2,1,32.06,485.66
5925,15.76,52.1,400.0,0.18,443.85,338.66,0.76,-0.316,95.3,1,33.98,444.6
5926,17.1,53.8,453.0,0.05,390.0,297.57,0.94,0.117,94.6,1,36.04,390.94
5927,16.87,54.8,400.0,0.0,327.29,249.72,0.74,-0.005,94.9,1,38.13,328.03
5928,17.62,57.2,400.0,0.11,260.0,198.38,0.79,0.02,94.8,1,40.08,260.79
5929,18.97,61.7,412.0,0.17,327.29,249.72,0.59,0.31,93.9,1,41.77,327.88
5930,19.02,58.5,400.0,0.04,390.0,297.57,0.57,0.468,93.2,1,43.08,390.57
5931,19.06,59.0,450.0,0.21,443.85,338.66,0.84,0.202,94.3,1,43.93,444.69
5932,19.87,60.2,472.0,0.14,485.17,370.18,0.62,0.404,93.5,1,44.26,485.79
5933,20.17,54.7,404.0,0.27,511.14,390.0,0.66,0.292,94.0,1,44.04,511.8
5934,21.36,53.7,400.0,0.02,520.0,396.76,0.77,0.18,94.4,1,43.29,520.77
5935,20.02,49.3,400.0,0.22,511.14,390.0,0.83,0.458,93.2,1,42.06,511.97
5936,19.51,54.7,1012.0,1.0,630.72,481.24,10.01,0.52,92.9,1,40.44,640.72
5937,20.06,47.2,937.0,1.0,577.0,440.25,10.74,0.296,94.0,1,38.53,587.74
5938,20.03,46.6,1002.0,1.0,507.0,386.84,10.13,0.308,93.9,1,36.47,517.13
5939,17.57,47.6,1022.0,1.0,425.48,324.64,10.11,0.067,94.7,1,34.4,435.59
5940,18.55,38.9,982.0,1.0,338.0,257.89,10.36,-0.171,95.2,1,32.45,348.36
5941,16.25,40.2,1007.0,1.0,425.48,324.64,10.62,-0.061,95.0,1,30.77,436.1
5942,15.09,38.8,1015.0,1.0,507.0,386.84,10.73,-0.454,95.2,1,29.47,517.73
5943,14.63,39.6,1010.0,1.0,577.0,440.25,10.98,-0.375,95.3,1,28.63,587.98
5944,14.93,41.2,988.0,1.0,630.72,481.24,10.76,-0.618,95.1,1,28.31,641.48
5945,14.38,45.4,1020.0,1.0,664.48,507.0,10.32,-0.605,95.1,1,28.54,674.8
5946,14.45,45.8,975.0,1.0,676.0,515.79,10.77,-0.654,95.0,1,29.29,686.77
5947,14.32,50.3,400.0,0.18,511.14,390.0,0.68,-0.169,95.2,1,30.53,511.82
5948,14.23,49.7,400.0,0.28,485.17,370.18,0.86,-0.409,95.3,1,32.16,486.02
5949,15.7,51.0,408.0,0.28,443.85,338.66,0.57,-0.498,95.2,1,34.07,444.42
5950,15.71,56.8,400.0,0.26,390.0,297.57,0.28,-0.354,95.3,1,36.14,390.28
5951,17.27,55.5,400.0,0.11,327.29,249.72,0.01,0.026,94.8,1,38.22,327.31
5952,17.82,58.6,400.0,0.23,260.0,198.38,0.59,0.032,94.8,1,40.17,260.59
5953,18.08,60.7,404.0,0.28,327.29,249.72,0.41,0.263,94.1,1,41.86,327.71
5954,18.72,61.8,400.0,0.11,390.0,297.57,0.65,0.349,93.7,1,43.18,390.65
5955,18.53,59.6,400.0,0.04,443.85,338.66,0.14,0.55,92.8,1,44.03,443.99
5956,20.49,60.4,400.0,0.15,485.17,370.18,0.21,0.122,94.6,1,44.35,485.37
5957,20.46,56.1,400.0,0.29,511.14,390.0,0.23,0.474,93.2,1,44.13,511.37
5958,20.71,54.7,400.0,0.28,520.0,396.76,0.16,0.193,94.4,1,43.38,520.16
5959,19.91,54.1,400.0,0.19,511.14,390.0,0.76,0.85,90.8,0,42.15,511.9
5960,20.07,50.5,1005.0,1.0,630.72,481.24,10.4,0.39,93.6,1,40.53,641.11
5961,18.97,46.5,994.0,1.0,577.0,440.25,10.12,0.604,92.4,1,38.63,587.12
5962,18.45,47.1,1036.0,1.0,507.0,386.84,10.05,0.384,93.6,1,36.57,517.05
5963,18.9,43.7,1051.0,1.0,425.48,324.64,10.68,0.001,94.9,1,34.49,436.16
5964,17.29,38.6,995.0,1.0,338.0,257.89,10.33,0.272,94.1,1,32.55,348.33
5965,16.61,41.3,1014.0,1.0,425.48,324.64,10.72,-0.167,95.2,1,30.87,436.2
5966,15.22,41.0,1019.0,1.0,507.0,386.84,10.39,-0.021,94.9,1,29.56,517.39
5967,14.85,40.1,1003.0,1.0,577.0,440.25,10.56,-0.494,95.2,1,28.72,587.56
5968,14.29,41.6,977.0,1.0,630.72,481.24,10.89,-0.339,95.3,1,28.4,641.6
5969,14.4,45.0,1011.0,1.0,664.48,507.0,10.69,-0.506,95.2,1,28.63,675.17
5970,14.13,41.1,962.0,1.0,676.0,515.79,10.32,-0.456,95.2,1,29.39,686.32
5971,14.38,48.7,412.0,0.02,511.14,390.0,0.84,-0.638,95.0,1,30.62,511.98
5972,15.12,44.6,400.0,0.15,485.17,370.18,0.24,-0.741,94.8,0,32.25,485.41
5973,16.04,50.7,405.0,0.21,443.85,338.66,0.49,-0.62,95.1,1,34.17,444.34
5974,16.18,51.0,403.0,0.01,390.0,297.57,0.76,0.017,94.9,1,36.24,390.76
5975,16.15,59.6,441.0,0.29,327.29,249.72,0.88,-0.346,95.3,1,38.32,328.17
5976,16.79,57.8,400.0,0.22,260.0,198.38,0.58,-0.088,95.1,1,40.27,260.58
5977,17.71,59.5,425.0,0.16,327.29,249.72,0.04,0.053,94.8,1,41.96,327.33
5978,19.02,59.4,403.0,0.29,390.0,297.57,0.19,0.439,93.3,1,43.27,390.19
5979,20.07,59.5,443.0,0.12,443.85,338.66,0.5,0.658,92.1,1,44.12,444.35
5980,20.52,58.6,400.0,0.12,485.17,370.18,0.39,0.725,91.7,0,44.44,485.56
5981,21.37,59.2,400.0,0.05,511.14,390.0,0.44,0.203,94.3,1,44.23,511.58
5982,20.38,55.9,411.0,0.19,520.0,396.76,0.32,0.215,94.3,1,43.48,520.32
5983,20.06,51.5,400.0,0.17,511.14,390.0,0.13,0.286,94.0,1,42.25,511.27
5984,20.0,47.0,954.0,1.0,630.72,481.24,10.05,0.581,92.6,1,40.62,640.77
5985,18.64,50.3,981.0,1.0,577.0,440.25,10.39,0.449,93.3,1,38.72,587.4
5986,18.92,46.4,975.0,1.0,507.0,386.84,10.14,0.494,93.1,1,36.66,517.14
5987,18.02,42.7,1055.0,1.0,425.48,324.64,10.56,-0.107,95.1,1,34.59,436.04
5988,16.82,43.6,1003.0,1.0,338.0,257.89,10.32,-0.162,95.2,1,32.64,348.32
5989,17.29,44.8,969.0,1.0,425.48,324.64,10.96,-0.06,95.0,1,30.96,436.44
5990,15.55,40.1,1023.0,1.0,507.0,386.84,10.95,-0.397,95.3,1,29.65,517.95
5991,15.05,42.9,987.0,1.0,577.0,440.25,10.27,-0.147,95.1,1,28.81,587.27
5992,14.05,41.2,1039.0,1.0,630.72,481.24,10.53,-0.737,94.8,0,28.5,641.25
5993,14.6,46.2,976.0,1.0,664.48,507.0,10.09,-0.069,95.0,1,28.72,674.58
5994,15.39,44.9,968.0,1.0,676.0,515.79,10.25,-0.532,95.2,1,29.48,686.25
5995,14.62,46.1,400.0,0.03,511.14,390.0,0.02,-0.829,94.6,0,30.72,511.17
5996,15.36,52.2,415.0,0.15,485.17,370.18,0.14,-0.022,94.9,1,32.35,485.3
5997,14.96,52.4,415.0,0.15,443.85,338.66,0.08,-0.587,95.1,1,34.26,443.93
5998,16.24,54.7,441.0,0.04,390.0,297.57,0.22,-0.091,95.1,1,36.33,390.22
5999,16.26,58.4,460.0,0.07,327.29,249.72,0.82,-0.223,95.2,1,38.41,328.12
6000,16.88,58.3,419.0,0.13,260.0,198.38,0.88,-0.282,95.3,1,40.36,260.88
6001,18.4,56.0,400.0,0.21,327.29,249.72,0.84,0.038,94.8,1,42.05,328.13
6002,19.61,59.3,427.0,0.24,390.0,297.57,0.57,0.482,93.1,1,43.36,390.57
6003,19.09,58.5,402.0,0.08,443.85,338.66,0.01,0.445,93.3,1,44.21,443.86
6004,20.16,57.2,401.0,0.11,485.17,370.18,0.05,0.132,94.5,1,44.54,485.21
6005,19.32,59.5,400.0,0.23,511.14,390.0,0.52,0.591,92.5,1,44.32,511.66
6006,19.86,54.4,400.0,0.27,520.0,396.76,0.01,0.434,93.4,1,43.57,520.01
6007,21.6,52.1,400.0,0.24,511.14,390.0,0.1,0.67,92.1,1,42.34,511.25
6008,19.76,50.3,400.0,0.28,485.17,370.18,0.08,0.087,94.7,1,40.72,485.24
6009,19.21,48.5,400.0,0.2,443.85,338.66,0.5,-0.046,95.0,1,38.81,444.35
6010,19.21,46.4,407.0,0.18,390.0,297.57,0.88,-0.081,95.0,1,36.75,390.88
6011,17.64,43.6,444.0,0.19,327.29,249.72,0.88,0.338,93.8,1,34.68,328.18
6012,17.7,41.9,412.0,0.27,260.0,198.38,0.76,0.048,94.8,1,32.73,260.76
6013,16.93,38.2,420.0,0.12,327.29,249.72,0.46,0.363,93.7,1,31.05,327.75
6014,15.72,41.0,461.0,0.03,390.0,297.57,0.53,-0.383,95.3,1,29.74,390.53
6015,15.99,38.3,400.0,0.14,443.85,338.66,0.6,-0.538,95.2,1,28.9,444.44
6016,14.0,43.4,447.0,0.3,485.17,370.18,0.78,-0.784,94.7,0,28.58,485.95
6017,14.3,42.1,437.0,0.22,511.14,390.0,0.94,-0.261,95.3,1,28.81,512.08
6018,15.05,42.0,400.0,0.19,520.0,396.76,0.63,-0.415,95.3,1,29.57,520.63
6019,14.95,47.4,400.0,0.16,511.14,390.0,0.21,-0.395,95.3,1,30.8,511.35
6020,14.55,51.1,415.0,0.05,485.17,370.18,0.44,-0.371,95.3,1,32.43,485.61
6021,14.92,51.5,473.0,0.06,443.85,338.66,0.06,-0.029,95.0,1,34.35,443.9
6022,16.0,55.9,430.0,0.07,390.0,297.57,0.94,-0.431,95.3,1,36.42,390.94
6023,15.61,59.6,400.0,0.16,327.29,249.72,0.72,0.135,94.5,1,38.5,328.01
6024,17.39,59.1,422.0,0.15,260.0,198.38,0.8,0.093,94.7,1,40.45,260.8
6025,18.29,56.9,400.0,0.09,327.29,249.72,0.87,0.021,94.8,1,42.14,328.17
6026,18.49,59.9,418.0,0.17,390.0,297.57,0.37,0.207,94.3,1,43.45,390.37
6027,19.49,58.8,400.0,0.15,443.85,338.66,0.44,0.215,94.3,1,44.3,444.29
6028,19.97,55.0,417.0,0.28,485.17,370.18,0.44,0.575,92.6,1,44.62,485.61
6029,19.52,54.7,400.0,0.23,511.14,390.0,0.3,0.754,91.5,0,44.4,511.44
6030,20.34,59.0,400.0,0.04,520.0,396.76,0.94,0.689,91.9,1,43.65,520.94
6031,19.56,52.3,401.0,0.3,511.14,390.0,0.49,0.75,91.5,0,42.43,511.63
6032,19.63,50.1,400.0,0.16,485.17,370.18,0.65,0.419,93.4,1,40.8,485.82
6033,19.23,45.4,400.0,0.28,443.85,338.66,0.81,0.185,94.4,1,38.9,444.66
6034,19.62,49.4,400.0,0.28,390.0,297.57,0.51,0.275,94.1,1,36.84,390.51
6035,18.57,44.1,400.0,0.29,327.29,249.72,0.42,-0.102,95.1,1,34.76,327.72
6036,18.13,40.9,400.0,0.16,260.0,198.38,0.43,0.037,94.8,1,32.82,260.43
6037,16.28,42.1,405.0,0.23,327.29,249.72,0.09,-0.036,95.0,1,31.14,327.39
6038,15.72,42.6,400.0,0.26,390.0,297.57,0.8,-0.157,95.2,1,29.83,390.8
6039,15.37,36.1,400.0,0.26,443.85,338.66,0.94,-0.661,95.0,1,28.99,444.79
6040,14.81,43.6,400.0,0.22,485.17,370.18,0.12,-0.424,95.3,1,28.67,485.28
6041,15.02,40.8,401.0,0.27,511.14,390.0,0.57,-0.749,94.8,0,28.9,511.71
6042,14.69,41.3,400.0,0.18,520.0,396.76,0.33,-0.663,95.0,1,29.66,520.33
6043,14.91,51.0,402.0,0.14,511.14,390.0,0.84,-0.44,95.3,1,30.89,511.98
6044,14.61,50.2,400.0,0.1,485.17,370.18,0.55,-0.421,95.3,1,32.52,485.72
6045,15.61,50.8,400.0,0.1,443.85,338.66,0.73,-0.787,94.7,0,34.44,444.58
6046,15.61,58.3,416.0,0.04,390.0,297.57,0.84,-0.313,95.3,1,36.5,390.84
6047,17.77,55.8,410.0,0.23,327.29,249.72,0.38,-0.186,95.2,1,38.58,327.67
6048,17.19,56.4,400.0,0.21,260.0,198.38,0.34,-0.056,95.0,1,40.53,260.34
6049,18.19,61.3,403.0,0.02,327.29,249.72,0.67,0.063,94.7,1,42.22,327.96
6050,19.23,56.8,400.0,0.2,390.0,297.57,0.32,0.565,92.7,1,43.54,390.32
6051,20.67,59.9,400.0,0.2,443.85,338.66,0.66,-0.249,95.2,1,44.38,444.51
6052,20.48,56.0,451.0,0.04,485.17,370.18,0.64,0.349,93.7,1,44.71,485.8
6053,19.81,55.2,400.0,0.24,511.14,390.0,1.0,0.044,94.8,1,44.49,512.14
6054,20.87,56.6,426.0,0.22,520.0,396.76,0.4,0.411,93.5,1,43.74,520.4
6055,19.44,51.1,400.0,0.1,511.14,390.0,0.66,0.682,92.0,1,42.51,511.8
6056,19.67,52.1,963.0,1.0,630.72,481.24,10.53,1.02,89.5,0,40.89,641.25
6057,19.07,43.5,1001.0,1.0,577.0,440.25,10.34,0.488,93.1,1,38.98,587.34
6058,18.62,45.0,967.0,1.0,507.0,386.84,10.74,0.261,94.1,1,36.92,517.74
6059,18.5,42.2,1035.0,1.0,425.48,324.64,10.7,0.294,94.0,1,34.85,436.18
6060,17.88,41.1,1032.0,1.0,338.0,257.89,10.3,-0.124,95.1,1,32.9,348.3
6061,17.18,39.6,988.0,1.0,425.48,324.64,10.93,-0.002,94.9,1,31.22,436.41
6062,15.58,40.8,1006.0,1.0,507.0,386.84,10.52,-0.181,95.2,1,29.92,517.52
6063,14.48,41.1,1020.0,1.0,577.0,440.25,10.49,-0.111,95.1,1,29.07,587.5
6064,14.97,40.3,964.0,1.0,630.72,481.24,10.75,-0.438,95.3,1,28.76,641.47
6065,14.54,41.6,1041.0,1.0,664.48,507.0,10.86,-0.404,95.3,1,28.98,675.35
6066,13.42,45.4,979.0,1.0,676.0,515.79,10.54,-0.579,95.1,1,29.74,686.54
6067,14.24,48.0,400.0,0.08,511.14,390.0,0.34,-0.475,95.2,1,30.98,511.48
6068,14.21,45.1,400.0,0.27,485.17,370.18,0.82,-0.41,95.3,1,32.61,485.99
6069,14.13,49.4,400.0,0.03,443.85,338.66,0.22,-0.246,95.2,1,34.52,444.07
6070,15.9,52.1,400.0,0.24,390.0,297.57,0.29,-0.222,95.2,1,36.59,390.29
6071,16.22,55.8,410.0,0.24,327.29,249.72,0.16,-0.169,95.2,1,38.67,327.45
6072,17.0,54.5,414.0,0.19,260.0,198.38,0.6,-0.134,95.1,1,40.62,260.6
6073,18.13,60.4,400.0,0.04,327.29,249.72,0.5,0.095,94.7,1,42.31,327.79
6074,17.84,58.0,400.0,0.2,390.0,297.57,0.2,0.164,94.4,1,43.62,390.2
6075,18.87,61.2,400.0,0.06,443.85,338.66,0.37,0.349,93.7,1,44.47,444.22
6076,20.03,57.5,400.0,0.17,485.17,370.18,0.65,0.195,94.3,1,44.79,485.81
6077,20.48,59.1,449.0,0.27,511.14,390.0,0.42,0.8,91.2,0,44.57,511.57
6078,20.98,54.6,400.0,0.03,520.0,396.76,0.72,0.367,93.7,1,43.82,520.72
6079,20.31,52.6,400.0,0.23,511.14,390.0,0.84,0.798,91.2,0,42.59,511.99
6080,20.19,51.8,1011.0,1.0,630.72,481.24,10.29,0.21,94.3,1,40.97,641.0
6081,19.47,46.9,985.0,1.0,577.0,440.25,10.29,0.717,91.8,0,39.06,587.3
6082,19.24,42.1,1001.0,1.0,507.0,386.84,10.39,0.404,93.5,1,37.0,517.39
6083,17.5,39.9,968.0,1.0,425.48,324.64,10.74,-0.091,95.1,1,34.93,436.23
6084,16.95,43.5,998.0,1.0,338.0,257.89,10.47,0.061,94.7,1,32.99,348.47
6085,16.47,37.9,1024.0,1.0,425.48,324.64,10.32,-0.036,95.0,1,31.3,435.81
6086,15.79,39.1,1025.0,1.0,507.0,386.84,10.49,0.058,94.8,1,30.0,517.49
6087,14.55,43.0,1036.0,1.0,577.0,440.25,10.23,-0.373,95.3,1,29.16,587.23
6088,13.9,39.9,988.0,1.0,630.72,481.24,10.12,-0.233,95.2,1,28.84,640.84
6089,13.93,41.0,980.0,1.0,664.48,507.0,10.33,-0.489,95.2,1,29.07,674.81
6090,13.92,45.0,999.0,1.0,676.0,515.79,10.1,-0.78,94.7,0,29.82,686.1
6091,14.56,49.6,400.0,0.13,511.14,390.0,0.35,-0.382,95.3,1,31.06,511.5
6092,13.65,52.8,400.0,0.15,485.17,370.18,0.35,-0.493,95.2,1,32.69,485.52
6093,16.31,50.5,400.0,0.19,443.85,338.66,0.91,-0.33,95.3,1,34.6,444.75
6094,15.34,55.7,458.0,0.13,390.0,297.57,0.95,-0.081,95.0,1,36.67,390.95
6095,15.69,56.4,406.0,0.07,327.29,249.72,0.17,0.177,94.4,1,38.75,327.47
6096,16.6,58.2,400.0,0.23,260.0,198.38,0.46,-0.164,95.2,1,40.7,260.46
6097,17.98,60.4,400.0,0.13,327.29,249.72,0.32,0.04,94.8,1,42.39,327.61
6098,18.31,60.6,426.0,0.2,390.0,297.57,0.28,0.17,94.4,1,43.7,390.28
6099,19.3,57.6,475.0,0.28,443.85,338.66,0.28,0.424,93.4,1,44.55,444.13
6100,19.67,56.8,404.0,0.21,485.17,370.18,0.95,0.434,93.4,1,44.87,486.12
6101,20.22,60.6,424.0,0.14,511.14,390.0,0.65,0.455,93.3,1,44.65,511.79
6102,20.21,54.3,412.0,0.18,520.0,396.76,0.88,0.392,93.6,1,43.9,520.88
6103,20.37,54.2,400.0,0.09,511.14,390.0,0.38,0.28,94.0,1,42.67,511.52
6104,20.7,53.4,1011.0,1.0,630.72,481.24,10.29,0.274,94.1,1,41.05,641.0
6105,19.19,47.5,993.0,1.0,577.0,440.25,10.74,0.243,94.2,1,39.14,587.74
6106,18.24,48.2,977.0,1.0,507.0,386.84,10.3,0.379,93.6,1,37.08,517.3
6107,18.5,41.9,1005.0,1.0,425.48,324.64,10.36,-0.035,95.0,1,35.01,435.84
6108,17.46,43.6,1006.0,1.0,338.0,257.89,10.92,0.368,93.7,1,33.07,348.92
6109,16.43,40.7,1022.0,1.0,425.48,324.64,10.86,-0.524,95.2,1,31.38,436.34
6110,15.86,39.5,1027.0,1.0,507.0,386.84,10.17,-0.339,95.3,1,30.08,517.17
6111,14.87,41.8,946.0,1.0,577.0,440.25,10.39,-0.347,95.3,1,29.24,587.39
6112,15.34,40.6,972.0,1.0,630.72,481.24,10.45,-0.376,95.3,1,28.92,641.16
6113,14.83,41.2,1042.0,1.0,664.48,507.0,10.65,-0.431,95.3,1,29.14,675.13
6114,14.39,41.2,981.0,1.0,676.0,515.79,10.06,-0.524,95.2,1,29.9,686.06
6115,14.2,48.1,400.0,0.08,511.14,390.0,0.37,-0.347,95.3,1,31.14,511.52
6116,13.78,50.8,400.0,0.3,485.17,370.18,0.08,-0.684,94.9,1,32.77,485.24
6117,15.53,55.7,435.0,0.14,443.85,338.66,0.64,-0.122,95.1,1,34.68,444.49
6118,15.8,55.4,400.0,0.27,390.0,297.57,0.8,-0.488,95.2,1,36.75,390.8
6119,16.97,55.1,400.0,0.17,327.29,249.72,0.58,-0.269,95.3,1,38.83,327.87
6120,16.54,58.6,400.0,0.17,260.0,198.38,0.49,-0.029,95.0,1,40.78,260.49
6121,17.95,59.2,400.0,0.04,327.29,249.72,0.33,0.294,94.0,1,42.47,327.62
6122,18.63,62.3,458.0,0.01,390.0,297.57,0.57,0.345,93.8,1,43.78,390.57
6123,18.44,62.1,420.0,0.06,443.85,338.66,0.48,0.614,92.4,1,44.63,444.33
6124,19.1,63.7,414.0,0.2,485.17,370.18,0.65,0.363,93.7,1,44.95,485.81
6125,20.28,57.1,415.0,0.29,511.14,390.0,0.24,0.604,92.5,1,44.73,511.38
6126,21.55,57.8,440.0,0.26,520.0,396.76,0.42,0.305,93.9,1,43.98,520.42
6127,20.79,56.0,467.0,0.05,511.14,390.0,0.54,0.621,92.4,1,42.75,511.68
6128,18.93,52.0,1005.0,1.0,630.72,481.24,10.8,0.516,92.9,1,41.13,641.51
6129,19.46,46.9,990.0,1.0,577.0,440.25,11.0,0.272,94.1,1,39.22,588.0
6130,18.39,44.6,1056.0,1.0,507.0,386.84,10.41,0.136,94.5,1,37.16,517.41
6131,18.35,44.9,982.0,1.0,425.48,324.64,10.66,0.367,93.7,1,35.09,436.14
6132,17.3,42.8,1032.0,1.0,338.0,257.89,10.3,0.06,94.7,1,33.14,348.3
6133,16.15,38.0,967.0,1.0,425.48,324.64,10.66,0.134,94.5,1,31.46,436.14
6134,16.16,37.8,1009.0,1.0,507.0,386.84,10.14,-0.267,95.3,1,30.15,517.14
6135,15.15,41.2,999.0,1.0,577.0,440.25,10.25,-0.186,95.2,1,29.31,587.26
6136,14.77,36.6,992.0,1.0,630.72,481.24,10.47,-0.079,95.0,1,28.99,641.19
6137,14.34,43.0,1007.0,1.0,664.48,507.0,10.31,-0.34,95.3,1,29.22,674.79
6138,14.24,43.4,986.0,1.0,676.0,515.79,10.19,-0.226,95.2,1,29.98,686.19
6139,14.39,45.1,400.0,0.25,511.14,390.0,0.74,-0.219,95.2,1,31.21,511.88
6140,15.3,48.5,425.0,0.09,485.17,370.18,0.56,-0.231,95.2,1,32.84,485.73
6141,15.56,52.5,400.0,0.14,443.85,338.66,0.91,-0.308,95.3,1,34.76,444.76
6142,16.32,54.5,400.0,0.03,390.0,297.57,0.01,0.033,94.8,1,36.82,390.01
6143,15.44,54.2,449.0,0.21,327.29,249.72,0.19,-0.053,95.0,1,38.9,327.49
6144,17.45,54.8,400.0,0.08,260.0,198.38,0.55,-0.007,94.9,1,40.85,260.55
6145,17.48,59.8,411.0,0.17,327.29,249.72,0.43,0.117,94.6,1,42.54,327.72
6146,18.82,60.9,400.0,0.13,390.0,297.57,1.0,0.354,93.7,1,43.85,391.0
6147,19.94,61.2,467.0,0.22,443.85,338.66,0.57,0.415,93.4,1,44.7,444.42
6148,19.29,55.5,400.0,0.08,485.17,370.18,0.09,0.183,94.4,1,45.03,485.26
6149,20.24,57.9,400.0,0.28,511.14,390.0,0.44,0.899,90.5,0,44.81,511.58
6150,19.95,56.5,400.0,0.21,520.0,396.76,0.18,0.5,93.0,1,44.06,520.18
6151,20.62,51.9,419.0,0.2,511.14,390.0,0.2,0.587,92.5,1,42.83,511.34
6152,19.93,49.6,1014.0,1.0,630.72,481.24,10.3,0.74,91.6,0,41.2,641.02
6153,19.19,46.8,993.0,1.0,577.0,440.25,10.77,0.132,94.5,1,39.3,587.78
6154,18.6,44.2,993.0,1.0,507.0,386.84,10.56,0.422,93.4,1,37.24,517.56
6155,18.14,45.7,987.0,1.0,425.48,324.64,10.65,-0.029,95.0,1,35.16,436.13
6156,18.08,40.3,1050.0,1.0,338.0,257.89,10.36,0.021,94.8,1,33.22,348.36
6157,16.57,38.8,979.0,1.0,425.48,324.64,10.72,0.13,94.6,1,31.53,436.2
6158,15.97,35.5,993.0,1.0,507.0,386.84,10.77,-0.041,95.0,1,30.23,517.77
6159,15.58,41.4,941.0,1.0,577.0,440.25,10.42,-0.453,95.2,1,29.39,587.43
6160,14.53,39.4,1016.0,1.0,630.72,481.24,10.15,-0.723,94.8,0,29.07,640.87
6161,13.82,40.8,998.0,1.0,664.48,507.0,10.91,-0.923,94.3,0,29.29,675.39
6162,14.27,47.6,1016.0,1.0,676.0,515.79,10.54,-0.174,95.2,1,30.05,686.54
6163,14.77,44.4,413.0,0.12,511.14,390.0,0.34,-0.911,94.3,0,31.29,511.48
6164,14.58,46.4,408.0,0.2,485.17,370.18,0.5,-0.444,95.3,1,32.92,485.67
6165,14.57,49.0,400.0,0.18,443.85,338.66,0.71,-0.52,95.2,1,34.83,444.56
6166,16.05,51.5,400.0,0.12,390.0,297.57,0.76,-0.602,95.1,1,36.9,390.76
6167,17.32,55.1,417.0,0.13,327.29,249.72,0.09,-0.287,95.3,1,38.97,327.39
6168,17.24,58.1,400.0,0.05,260.0,198.38,0.9,-0.074,95.0,1,40.93,260.9
6169,17.58,58.7,417.0,0.29,327.29,249.72,0.81,0.29,94.0,1,42.61,328.1
6170,19.23,61.6,404.0,0.08,390.0,297.57,0.84,0.306,93.9,1,43.93,390.84
6171,19.79,60.5,421.0,0.12,443.85,338.66,0.67,0.197,94.3,1,44.78,444.51
6172,20.09,59.2,400.0,0.04,485.17,370.18,0.58,0.154,94.5,1,45.1,485.75
6173,20.22,57.9,400.0,0.02,511.14,390.0,0.07,0.714,91.8,0,44.88,511.21
6174,20.29,56.4,400.0,0.01,520.0,396.76,0.69,0.415,93.5,1,44.13,520.69
6175,20.88,52.6,400.0,0.12,511.14,390.0,0.35,0.342,93.8,1,42.9,511.49
6176,20.16,53.5,400.0,0.01,485.17,370.18,0.78,0.656,92.1,1,41.28,485.94
6177,19.29,46.4,400.0,0.14,443.85,338.66,0.83,0.243,94.2,1,39.37,444.68
6178,18.9,44.1,409.0,0.2,390.0,297.57,0.64,0.232,94.2,1,37.31,390.64
6179,17.89,41.4,407.0,0.08,327.29,249.72,0.64,0.268,94.1,1,35.23,327.93
6180,17.09,39.8,401.0,0.02,260.0,198.38,0.89,0.096,94.7,1,33.29,260.89
6181,16.3,37.9,400.0,0.17,327.29,249.72,0.89,-0.295,95.3,1,31.61,328.18
6182,16.05,37.5,400.0,0.22,390.0,297.57,0.15,-0.428,95.3,1,30.3,390.15
6183,14.97,39.7,400.0,0.17,443.85,338.66,0.24,-0.26,95.3,1,29.46,444.09
6184,14.57,40.5,444.0,0.01,485.17,370.18,0.4,-0.587,95.1,1,29.14,485.56
6185,14.4,41.4,400.0,0.25,511.14,390.0,0.92,-0.434,95.3,1,29.37,512.06
6186,14.58,42.8,400.0,0.12,520.0,396.76,0.84,-0.703,94.9,0,30.12,520.84
6187,14.92,49.4,400.0,0.02,511.14,390.0,0.19,-0.341,95.3,1,31.36,511.33
6188,14.28,52.4,400.0,0.24,485.17,370.18,0.22,-0.147,95.1,1,32.99,485.39
6189,15.34,53.4,400.0,0.27,443.85,338.66,0.2,-0.259,95.3,1,34.9,444.04
6190,15.98,55.0,400.0,0.2,390.0,297.57,0.82,-0.146,95.1,1,36.97,390.82
6191,16.5,59.6,400.0,0.29,327.29,249.72,0.32,-0.396,95.3,1,39.05,327.62
6192,16.33,58.9,400.0,0.13,260.0,198.38,0.78,-0.374,95.3,1,41.0,260.78
6193,17.95,56.6,400.0,0.28,327.29,249.72,0.07,0.02,94.8,1,42.69,327.36
6194,18.78,57.9,462.0,0.06,390.0,297.57,0.93,0.038,94.8,1,44.0,390.93
6195,19.95,59.8,400.0,0.19,443.85,338.66,0.19,0.376,93.6,1,44.85,444.04
6196,20.39,60.1,400.0,0.1,485.17,370.18,0.17,0.673,92.0,1,45.17,485.34
6197,20.4,59.9,400.0,0.0,511.14,390.0,0.46,-0.015,94.9,1,44.95,511.6
6198,21.38,57.9,401.0,0.13,520.0,396.76,0.85,0.586,92.6,1,44.2,520.85
6199,20.35,54.8,408.0,0.14,511.14,390.0,0.56,0.494,93.1,1,42.97,511.7
6200,19.54,52.4,400.0,0.0,485.17,370.18,0.42,0.518,92.9,1,41.35,485.59
6201,19.77,47.1,409.0,0.25,443.85,338.66,0.42,0.65,92.2,1,39.44,444.27
6202,18.61,44.6,408.0,0.2,390.0,297.57,0.32,0.149,94.5,1,37.38,390.32
6203,18.17,42.3,400.0,0.0,327.29,249.72,0.33,0.194,94.3,1,35.3,327.63
6204,16.72,41.7,412.0,0.02,260.0,198.38,0.66,-0.065,95.0,1,33.36,260.66
6205,16.13,42.0,400.0,0.01,327.29,249.72,0.5,0.182,94.4,1,31.68,327.79
6206,14.93,46.4,400.0,0.04,390.0,297.57,0.93,-0.292,95.3,1,30.37,390.93
6207,15.06,39.4,400.0,0.05,443.85,338.66,0.38,-0.271,95.3,1,29.53,444.23
6208,14.25,39.8,400.0,0.08,485.17,370.18,0.09,-0.522,95.2,1,29.21,485.26
6209,15.41,43.9,400.0,0.09,511.14,390.0,0.35,-0.473,95.2,1,29.43,511.49
6210,14.79,43.7,465.0,0.14,520.0,396.76,0.38,-0.4,95.3,1,30.19,520.38
6211,14.05,49.5,400.0,0.15,511.14,390.0,0.43,-0.516,95.2,1,31.43,511.57
6212,14.19,52.4,426.0,0.28,485.17,370.18,0.76,-0.603,95.1,1,33.05,485.93
6213,14.7,55.9,400.0,0.05,443.85,338.66,0.4,-0.527,95.2,1,34.97,444.25
6214,15.26,55.5,447.0,0.23,390.0,297.57,0.37,0.114,94.6,1,37.03,390.37
6215,15.92,59.9,434.0,0.18,327.29,249.72,0.58,-0.178,95.2,1,39.11,327.87
6216,17.13,55.9,400.0,0.18,260.0,198.38,0.77,0.338,93.8,1,41.06,260.77
6217,17.61,62.2,400.0,0.28,327.29,249.72,0.75,0.218,94.3,1,42.75,328.05
6218,18.14,61.6,426.0,0.3,390.0,297.57,0.72,0.406,93.5,1,44.07,390.72
6219,19.91,60.3,400.0,0.26,443.85,338.66,0.84,0.253,94.1,1,44.91,444.69
6220,19.48,58.6,400.0,0.18,485.17,370.18,0.2,0.652,92.2,1,45.24,485.37
6221,19.77,51.7,400.0,0.09,511.14,390.0,0.18,0.64,92.2,1,45.02,511.32
6222,20.98,56.9,465.0,0.26,520.0,396.76,0.34,0.85,90.8,0,44.27,520.34
6223,20.98,52.0,400.0,0.05,511.14,390.0,0.89,0.338,93.8,1,43.04,512.03
6224,20.2,49.8,999.0,1.0,630.72,481.24,10.09,0.51,93.0,1,41.41,640.81
6225,19.39,48.4,1020.0,1.0,577.0,440.25,10.1,0.694,91.9,1,39.51,587.1
6226,18.3,46.1,961.0,1.0,507.0,386.84,10.65,0.105,94.6,1,37.44,517.65
6227,18.45,41.8,1046.0,1.0,425.48,324.64,10.68,-0.019,94.9,1,35.37,436.16
6228,16.89,40.0,934.0,1.0,338.0,257.89,10.62,0.124,94.6,1,33.43,348.62
6229,15.66,38.6,1041.0,1.0,425.48,324.64,10.3,-0.153,95.2,1,31.74,435.78
6230,15.44,40.2,1015.0,1.0,507.0,386.84,10.71,-0.196,95.2,1,30.43,517.71
6231,14.47,42.6,1024.0,1.0,577.0,440.25,10.87,-0.514,95.2,1,29.59,587.87
6232,14.14,41.5,983.0,1.0,630.72,481.24,10.56,-0.414,95.3,1,29.27,641.28
6233,14.95,43.3,979.0,1.0,664.48,507.0,10.11,-0.291,95.3,1,29.5,674.59
6234,14.88,44.2,1048.0,1.0,676.0,515.79,10.72,-0.498,95.2,1,30.26,686.72
6235,13.9,46.0,483.0,0.09,511.14,390.0,0.66,-0.243,95.2,1,31.49,511.81
6236,14.21,48.3,406.0,0.01,485.17,370.18,0.31,-0.783,94.7,0,33.12,485.48
6237,14.59,51.4,439.0,0.06,443.85,338.66,0.33,-0.25,95.2,1,35.03,444.18
6238,16.52,51.8,408.0,0.01,390.0,297.57,0.99,-0.168,95.2,1,37.1,390.99
6239,17.14,59.4,400.0,0.24,327.29,249.72,0.4,-0.133,95.1,1,39.18,327.69
6240,16.81,59.0,455.0,0.03,260.0,198.38,0.11,0.364,93.7,1,41.13,260.11
6241,18.46,60.0,400.0,0.28,327.29,249.72,0.28,0.163,94.5,1,42.82,327.57
6242,18.77,60.8,420.0,0.14,390.0,297.57,0.42,0.154,94.5,1,44.13,390.42
6243,19.47,58.9,405.0,0.09,443.85,338.66,0.53,0.431,93.4,1,44.98,444.38
6244,20.05,59.5,415.0,0.06,485.17,370.18,0.45,0.126,94.6,1,45.3,485.62
6245,19.93,56.1,400.0,0.27,511.14,390.0,0.79,0.399,93.5,1,45.08,511.93
6246,19.98,54.4,407.0,0.1,520.0,396.76,0.85,0.336,93.8,1,44.33,520.85
6247,20.86,53.0,400.0,0.03,511.14,390.0,0.73,0.07,94.7,1,43.1,511.87
6248,19.74,50.6,1053.0,1.0,630.72,481.24,10.38,0.296,94.0,1,41.48,641.1
6249,19.46,50.8,1010.0,1.0,577.0,440.25,10.28,0.463,93.2,1,39.57,587.28
6250,19.57,43.6,998.0,1.0,507.0,386.84,10.9,0.253,94.1,1,37.51,517.9
6251,18.18,41.3,1018.0,1.0,425.48,324.64,10.52,0.374,93.6,1,35.43,436.0
6252,17.18,40.7,1021.0,1.0,338.0,257.89,10.23,-0.096,95.1,1,33.49,348.23
6253,16.16,42.5,981.0,1.0,425.48,324.64,10.08,-0.305,95.3,1,31.81,435.56
6254,15.28,40.6,964.0,1.0,507.0,386.84,10.25,-0.199,95.2,1,30.5,517.25
6255,15.15,44.7,986.0,1.0,577.0,440.25,10.92,-0.184,95.2,1,29.66,587.92
6256,14.22,41.0,1026.0,1.0,630.72,481.24,10.9,-0.378,95.3,1,29.34,641.62
6257,14.09,43.4,992.0,1.0,664.48,507.0,10.78,-0.509,95.2,1,29.56,675.27
6258,13.23,44.8,965.0,1.0,676.0,515.79,10.63,-0.359,95.3,1,30.32,686.63
6259,14.46,47.5,405.0,0.15,511.14,390.0,0.47,-0.535,95.2,1,31.55,511.61
6260,14.13,48.0,450.0,0.22,485.17,370.18,0.96,-0.277,95.3,1,33.18,486.12
6261,15.99,52.3,400.0,0.05,443.85,338.66,0.47,-0.512,95.2,1,35.1,444.32
6262,15.24,52.3,400.0,0.21,390.0,297.57,0.82,-0.293,95.3,1,37.16,390.82
6263,16.18,57.4,400.0,0.17,327.29,249.72,0.44,-0.178,95.2,1,39.24,327.73
6264,17.1,59.3,400.0,0.05,260.0,198.38,0.95,0.316,93.9,1,41.19,260.95
6265,17.71,59.1,400.0,0.25,327.29,249.72,0.45,0.232,94.2,1,42.88,327.75
6266,17.74,58.7,415.0,0.07,390.0,297.57,0.02,-0.217,95.2,1,44.19,390.02
6267,19.29,58.3,423.0,0.14,443.85,338.66,0.42,0.703,91.8,0,45.04,444.27
6268,19.97,57.0,400.0,0.16,485.17,370.18,0.73,0.61,92.4,1,45.36,485.9
6269,19.87,55.9,400.0,0.09,511.14,390.0,0.39,0.778,91.4,0,45.14,511.53
6270,20.01,60.4,400.0,0.27,520.0,396.76,0.53,0.72,91.7,0,44.39,520.53
6271,19.86,53.6,406.0,0.01,511.14,390.0,0.23,0.308,93.9,1,43.16,511.37
6272,19.32,50.0,948.0,1.0,630.72,481.24,10.2,0.296,94.0,1,41.54,640.92
6273,18.94,46.4,1051.0,1.0,577.0,440.25,10.78,0.146,94.5,1,39.63,587.78
6274,19.39,45.1,1033.0,1.0,507.0,386.84,10.82,0.278,94.0,1,37.57,517.82
6275,18.14,44.4,1043.0,1.0,425.48,324.64,10.18,-0.228,95.2,1,35.5,435.66
6276,17.54,42.6,993.0,1.0,338.0,257.89,10.6,0.071,94.7,1,33.55,348.6
6277,16.09,42.4,1001.0,1.0,425.48,324.64,10.47,-0.104,95.1,1,31.87,435.95
6278,16.1,42.0,963.0,1.0,507.0,386.84,10.04,-0.399,95.3,1,30.56,517.04
6279,15.59,40.2,1025.0,1.0,577.0,440.25,10.13,0.019,94.8,1,29.72,587.13
6280,14.34,39.7,952.0,1.0,630.72,481.24,10.32,-0.267,95.3,1,29.4,641.04
6281,15.51,42.1,992.0,1.0,664.48,507.0,10.59,-1.1,93.5,0,29.62,675.07
6282,13.66,46.2,971.0,1.0,676.0,515.79,10.71,-0.356,95.3,1,30.38,686.71
6283,13.64,45.6,444.0,0.06,511.14,390.0,0.48,-0.551,95.2,1,31.61,511.62
6284,14.12,53.7,411.0,0.09,485.17,370.18,0.02,-0.465,95.2,1,33.24,485.19
6285,14.77,50.8,408.0,0.04,443.85,338.66,0.67,-0.161,95.2,1,35.16,444.52
6286,15.99,55.6,400.0,0.03,390.0,297.57,0.95,-0.248,95.2,1,37.22,390.95
6287,16.0,57.3,421.0,0.21,327.29,249.72,0.49,-0.194,95.2,1,39.3,327.78
6288,16.13,60.0,445.0,0.1,260.0,198.38,0.69,-0.23,95.2,1,41.25,260.69
6289,17.61,55.4,446.0,0.05,327.29,249.72,0.33,0.147,94.5,1,42.94,327.62
6290,18.45,61.9,477.0,0.11,390.0,297.57,0.61,0.155,94.5,1,44.25,390.61
6291,19.43,59.0,400.0,0.18,443.85,338.66,0.79,0.465,93.2,1,45.1,444.63
6292,18.45,57.2,400.0,0.1,485.17,370.18,0.43,0.511,93.0,1,45.42,485.6
6293,19.84,59.3,423.0,0.12,511.14,390.0,0.72,0.932,90.2,0,45.2,511.86
6294,20.08,51.8,400.0,0.25,520.0,396.76,0.7,0.341,93.8,1,44.45,520.7
6295,20.03,56.9,409.0,0.28,511.14,390.0,0.46,0.341,93.8,1,43.22,511.6
6296,20.06,50.9,955.0,1.0,630.72,481.24,10.9,0.544,92.8,1,41.6,641.62
6297,18.75,47.6,1024.0,1.0,577.0,440.25,10.0,0.195,94.3,1,39.69,587.01
6298,18.53,42.9,985.0,1.0,507.0,386.84,10.8,0.065,94.7,1,37.63,517.8
6299,17.92,42.7,1012.0,1.0,425.48,324.64,10.74,-0.106,95.1,1,35.55,436.22
6300,16.96,43.9,994.0,1.0,338.0,257.89,10.14,0.326,93.8,1,33.61,348.14
6301,16.52,41.0,967.0,1.0,425.48,324.64,10.33,-0.226,95.2,1,31.92,435.81
6302,15.13,41.1,1051.0,1.0,507.0,386.84,10.32,-0.254,95.3,1,30.62,517.32
6303,15.21,42.2,1018.0,1.0,577.0,440.25,10.94,-0.542,95.2,1,29.77,587.94
6304,14.37,39.4,999.0,1.0,630.72,481.24,10.59,-0.298,95.3,1,29.45,641.31
6305,14.58,39.4,970.0,1.0,664.48,507.0,10.04,-0.405,95.3,1,29.68,674.52
6306,14.67,42.6,1022.0,1.0,676.0,515.79,10.84,-0.413,95.3,1,30.44,686.84
6307,14.63,46.9,414.0,0.05,511.14,390.0,0.64,-0.594,95.1,1,31.67,511.78
6308,13.84,49.1,400.0,0.08,485.17,370.18,0.06,-0.391,95.3,1,33.3,485.23
6309,14.64,51.6,414.0,0.03,443.85,338.66,0.67,-0.332,95.3,1,35.21,444.52
6310,15.7,55.6,400.0,0.05,390.0,297.57,0.27,-0.241,95.2,1,37.28,390.27
6311,16.14,55.9,413.0,0.21,327.29,249.72,0.64,0.064,94.7,1,39.36,327.93
6312,16.77,56.3,416.0,0.2,260.0,198.38,0.74,-0.036,95.0,1,41.31,260.74
6313,18.29,57.6,400.0,0.18,327.29,249.72,0.7,0.245,94.2,1,43.0,327.99
6314,18.05,61.2,414.0,0.17,390.0,297.57,0.98,0.099,94.6,1,44.31,390.98
6315,18.39,61.9,444.0,0.07,443.85,338.66,0.65,0.456,93.3,1,45.15,444.5
6316,19.2,61.7,421.0,0.05,485.17,370.18,0.05,0.256,94.1,1,45.48,485.22
6317,20.16,56.4,400.0,0.04,511.14,390.0,0.22,1.213,87.9,0,45.26,511.36
6318,20.81,55.8,402.0,0.18,520.0,396.76,0.09,0.651,92.2,1,44.51,520.09
6319,20.9,54.0,446.0,0.04,511.14,390.0,0.77,0.289,94.0,1,43.28,511.91
6320,19.55,51.1,1045.0,1.0,630.72,481.24,10.66,0.437,93.3,1,41.65,641.37
6321,18.72,49.0,968.0,1.0,577.0,440.25,10.37,0.342,93.8,1,39.74,587.38
6322,18.59,46.8,1015.0,1.0,507.0,386.84,10.04,0.278,94.0,1,37.68,517.04
6323,17.93,41.7,992.0,1.0,425.48,324.64,10.5,-0.031,95.0,1,35.61,435.98
6324,16.22,40.3,963.0,1.0,338.0,257.89,10.89,-0.415,95.3,1,33.66,348.89
6325,15.38,41.3,1025.0,1.0,425.48,324.64,10.45,0.187,94.4,1,31.98,435.93
6326,14.93,38.0,1017.0,1.0,507.0,386.84,10.9,-0.261,95.3,1,30.67,517.9
6327,15.57,39.0,982.0,1.0,577.0,440.25,10.88,-0.193,95.2,1,29.83,587.88
6328,14.35,41.4,992.0,1.0,630.72,481.24,10.93,-0.671,95.0,1,29.51,641.65
6329,13.9,41.6,1035.0,1.0,664.48,507.0,10.27,-0.321,95.3,1,29.74,674.75
6330,14.32,45.3,988.0,1.0,676.0,515.79,10.31,-0.505,95.2,1,30.49,686.31
6331,14.71,45.6,400.0,0.14,511.14,390.0,0.66,-0.499,95.2,1,31.73,511.8
6332,14.1,44.8,400.0,0.15,485.17,370.18,0.6,-0.687,94.9,1,33.35,485.77
6333,15.02,52.7,417.0,0.13,443.85,338.66,0.68,-0.357,95.3,1,35.27,444.53
6334,15.68,54.4,400.0,0.07,390.0,297.57,0.7,-0.078,95.0,1,37.33,390.7
6335,16.73,59.2,400.0,0.09,327.29,249.72,0.46,-0.139,95.1,1,39.41,327.75
6336,17.07,57.7,400.0,0.04,260.0,198.38,0.58,0.375,93.6,1,41.36,260.58
6337,17.12,59.7,400.0,0.16,327.29,249.72,0.38,0.235,94.2,1,43.05,327.67
6338,18.56,59.2,400.0,0.29,390.0,297.57,0.47,0.612,92.4,1,44.36,390.47
6339,19.36,58.4,400.0,0.12,443.85,338.66,0.2,0.21,94.3,1,45.21,444.05
6340,19.6,57.9,400.0,0.22,485.17,370.18,0.18,0.2,94.3,1,45.53,485.35
6341,19.63,55.4,405.0,0.08,511.14,390.0,0.28,0.38,93.6,1,45.31,511.42
6342,19.41,55.6,400.0,0.28,520.0,396.76,0.45,0.348,93.8,1,44.56,520.45
6343,20.52,53.2,400.0,0.11,511.14,390.0,0.22,0.385,93.6,1,43.33,511.36
6344,20.02,48.5,400.0,0.1,485.17,370.18,0.37,0.483,93.1,1,41.7,485.54
6345,19.2,49.5,400.0,0.09,443.85,338.66,0.2,0.425,93.4,1,39.8,444.05
6346,18.05,44.0,403.0,0.08,390.0,297.57,0.26,0.133,94.5,1,37.74,390.26
6347,18.18,43.2,458.0,0.05,327.29,249.72,0.6,0.173,94.4,1,35.66,327.89
6348,16.78,43.2,400.0,0.29,260.0,198.38,0.22,-0.207,95.2,1,33.72,260.22
6349,15.41,43.0,400.0,0.12,327.29,249.72,0.35,-0.17,95.2,1,32.03,327.64
6350,16.01,35.3,426.0,0.24,390.0,297.57,0.98,-0.363,95.3,1,30.72,390.98
6351,13.92,41.9,400.0,0.23,443.85,338.66,0.6,-0.499,95.2,1,29.88,444.45
6352,14.34,41.6,421.0,0.09,485.17,370.18,0.65,-0.274,95.3,1,29.56,485.81
6353,14.55,43.6,400.0,0.05,511.14,390.0,0.79,-0.561,95.1,1,29.79,511.93
6354,14.14,43.6,401.0,0.02,520.0,396.76,0.71,-0.428,95.3,1,30.54,520.71
6355,14.51,48.4,400.0,0.26,511.14,390.0,0.06,-0.635,95.0,1,31.78,511.2
6356,15.0,51.6,400.0,0.19,485.17,370.18,0.11,-0.415,95.3,1,33.41,485.28
6357,14.46,53.2,400.0,0.18,443.85,338.66,0.43,-0.261,95.3,1,35.32,444.28
6358,15.56,56.2,400.0,0.05,390.0,297.57,0.09,-0.039,95.0,1,37.38,390.09
6359,16.25,60.5,400.0,0.04,327.29,249.72,0.14,-0.223,95.2,1,39.46,327.44
6360,17.0,61.2,410.0,0.23,260.0,198.38,0.88,-0.226,95.2,1,41.41,260.88
6361,18.17,58.2,461.0,0.16,327.29,249.72,0.98,0.118,94.6,1,43.1,328.28
6362,18.87,61.4,400.0,0.19,390.0,297.57,0.75,-0.057,95.0,1,44.41,390.75
6363,19.68,62.0,451.0,0.13,443.85,338.66,0.07,0.493,93.1,1,45.26,443.91
6364,19.15,59.5,400.0,0.24,485.17,370.18,0.11,0.4,93.5,1,45.58,485.27
6365,20.1,58.7,405.0,0.2,511.14,390.0,0.75,0.221,94.3,1,45.36,511.89
6366,19.51,52.3,400.0,0.2,520.0,396.76,0.91,0.397,93.5,1,44.61,520.91
6367,20.16,52.9,400.0,0.22,511.14,390.0,0.74,0.652,92.2,1,43.38,511.88
6368,20.46,49.9,400.0,0.22,485.17,370.18,0.63,0.221,94.3,1,41.75,485.79
6369,19.92,45.9,413.0,0.04,443.85,338.66,0.16,0.479,93.1,1,39.85,444.01
6370,17.9,47.3,425.0,0.3,390.0,297.57,0.66,0.571,92.6,1,37.79,390.66
6371,17.27,40.8,402.0,0.07,327.29,249.72,0.92,0.34,93.8,1,35.71,328.22
6372,17.26,43.4,400.0,0.22,260.0,198.38,0.28,0.079,94.7,1,33.77,260.28
6373,15.99,40.1,400.0,0.16,327.29,249.72,0.74,-0.137,95.1,1,32.08,328.04
6374,16.17,42.3,400.0,0.18,390.0,297.57,0.07,-0.41,95.3,1,30.77,390.07
6375,15.3,41.0,434.0,0.19,443.85,338.66,0.59,-0.168,95.2,1,29.93,444.44
6376,14.7,41.4,400.0,0.07,485.17,370.18,0.8,-0.305,95.3,1,29.61,485.97
6377,13.62,42.5,419.0,0.28,511.14,390.0,0.21,-0.146,95.1,1,29.84,511.35
6378,14.44,43.6,438.0,0.27,520.0,396.76,0.87,-0.435,95.3,1,30.59,520.87
6379,14.44,47.4,400.0,0.29,511.14,390.0,0.31,-0.455,95.2,1,31.83,511.45
6380,14.42,45.4,407.0,0.16,485.17,370.18,0.16,-0.202,95.2,1,33.45,485.33
6381,14.19,51.5,400.0,0.29,443.85,338.66,0.16,-0.13,95.1,1,35.37,444.0
6382,16.29,55.8,400.0,0.17,390.0,297.57,0.35,-0.642,95.0,1,37.43,390.35
6383,15.7,56.5,401.0,0.02,327.29,249.72,0.69,0.124,94.6,1,39.51,327.99
6384,16.3,60.2,400.0,0.23,260.0,198.38,0.13,0.161,94.5,1,41.46,260.13
6385,18.06,57.9,427.0,0.23,327.29,249.72,0.26,0.048,94.8,1,43.15,327.55
6386,19.06,58.0,427.0,0.16,390.0,297.57,0.95,0.295,94.0,1,44.46,390.95
6387,18.79,60.0,400.0,0.1,443.85,338.66,0.3,0.549,92.8,1,45.31,444.15
6388,19.17,57.7,400.0,0.2,485.17,370.18,0.8,0.685,92.0,1,45.63,485.97
6389,20.1,58.5,416.0,0.21,511.14,390.0,0.24,0.621,92.4,1,45.41,511.38
6390,20.99,54.4,400.0,0.06,520.0,396.76,0.25,0.572,92.6,1,44.66,520.25
6391,20.8,53.4,400.0,0.25,511.14,390.0,0.93,0.614,92.4,1,43.43,512.07
6392,20.1,45.7,970.0,1.0,630.72,481.24,10.35,0.569,92.7,1,41.8,641.07
6393,19.31,47.2,986.0,1.0,577.0,440.25,10.53,0.835,91.0,0,39.89,587.53
6394,18.43,44.8,965.0,1.0,507.0,386.84,10.51,0.53,92.9,1,37.83,517.51
6395,17.69,39.8,1038.0,1.0,425.48,324.64,10.83,0.26,94.1,1,35.76,436.31
6396,16.88,42.0,953.0,1.0,338.0,257.89,10.86,-0.167,95.2,1,33.81,348.86
6397,16.35,40.2,1010.0,1.0,425.48,324.64,10.32,0.022,94.8,1,32.13,435.8
6398,15.31,38.3,1000.0,1.0,507.0,386.84,10.27,-0.298,95.3,1,30.82,517.27
6399,14.78,42.8,965.0,1.0,577.0,440.25,10.44,-0.391,95.3,1,29.98,587.44
6400,14.13,39.1,999.0,1.0,630.72,481.24,10.01,-0.61,95.1,1,29.66,640.73
6401,14.05,44.4,966.0,1.0,664.48,507.0,10.95,-0.45,95.3,1,29.88,675.43
6402,13.99,44.4,1001.0,1.0,676.0,515.79,10.2,-0.467,95.2,1,30.64,686.2
6403,14.26,48.8,400.0,0.18,511.14,390.0,0.14,-0.17,95.2,1,31.87,511.28
6404,14.71,50.7,400.0,0.07,485.17,370.18,0.78,-0.486,95.2,1,33.5,485.95
6405,16.38,48.2,400.0,0.26,443.85,338.66,0.9,-0.277,95.3,1,35.41,444.75
6406,16.15,52.5,443.0,0.21,390.0,297.57,0.33,-0.06,95.0,1,37.48,390.33
6407,16.83,55.1,411.0,0.22,327.29,249.72,0.84,-0.014,94.9,1,39.56,328.13
6408,17.69,63.1,400.0,0.12,260.0,198.38,0.94,0.019,94.8,1,41.5,260.94
6409,18.06,61.6,400.0,0.29,327.29,249.72,0.3,0.418,93.4,1,43.19,327.59
6410,17.74,62.9,400.0,0.14,390.0,297.57,0.41,-0.324,95.3,1,44.51,390.41
6411,19.42,57.5,428.0,0.21,443.85,338.66,0.42,0.681,92.0,1,45.35,444.26
6412,19.47,59.3,400.0,0.05,485.17,370.18,0.93,0.018,94.9,1,45.67,486.1
6413,19.66,55.9,400.0,0.23,511.14,390.0,0.36,0.726,91.7,0,45.45,511.5
6414,19.28,58.6,400.0,0.01,520.0,396.76,0.02,0.658,92.1,1,44.7,520.02
6415,19.23,54.0,400.0,0.26,511.14,390.0,0.15,0.541,92.8,1,43.47,511.29
6416,19.53,50.0,993.0,1.0,630.72,481.24,10.17,0.712,91.8,0,41.85,640.88
6417,19.29,46.6,1040.0,1.0,577.0,440.25,10.53,0.364,93.7,1,39.94,587.53
6418,18.54,46.8,956.0,1.0,507.0,386.84,10.15,0.334,93.8,1,37.88,517.15
6419,17.59,44.0,965.0,1.0,425.48,324.64,10.01,-0.017,94.9,1,35.8,435.5
6420,17.28,40.9,1018.0,1.0,338.0,257.89,10.81,0.016,94.9,1,33.86,348.81
6421,16.61,39.0,972.0,1.0,425.48,324.64,10.38,0.156,94.5,1,32.17,435.86
6422,15.8,41.3,1031.0,1.0,507.0,386.84,10.98,-0.121,95.1,1,30.86,517.98
6423,15.2,40.2,1028.0,1.0,577.0,440.25,10.58,-0.181,95.2,1,30.02,587.58
6424,14.82,39.8,1020.0,1.0,630.72,481.24,10.32,-0.417,95.3,1,29.7,641.04
6425,13.23,43.0,1035.0,1.0,664.48,507.0,10.33,-0.481,95.2,1,29.93,674.81
6426,14.21,46.1,1026.0,1.0,676.0,515.79,11.0,-0.641,95.0,1,30.68,687.0
6427,13.84,47.0,400.0,0.01,511.14,390.0,0.86,-0.441,95.3,1,31.91,512.0
6428,15.35,50.8,471.0,0.12,485.17,370.18,0.23,-0.685,94.9,1,33.54,485.4
6429,15.47,50.4,400.0,0.22,443.85,338.66,0.81,-0.472,95.2,1,35.45,444.65
6430,15.67,57.6,400.0,0.2,390.0,297.57,0.72,-0.417,95.3,1,37.52,390.72
6431,16.15,55.1,400.0,0.05,327.29,249.72,0.61,0.092,94.7,1,39.6,327.9
6432,15.94,59.5,447.0,0.05,260.0,198.38,0.46,0.182,94.4,1,41.55,260.46
6433,17.23,59.3,418.0,0.3,327.29,249.72,0.31,0.345,93.8,1,43.24,327.6
6434,18.29,58.1,421.0,0.03,390.0,297.57,0.34,0.295,94.0,1,44.55,390.34
6435,19.33,59.0,418.0,0.0,443.85,338.66,0.11,0.561,92.7,1,45.39,443.96
6436,19.43,62.4,400.0,0.16,485.17,370.18,0.79,0.576,92.6,1,45.72,485.96
6437,20.66,55.5,400.0,0.07,511.14,390.0,0.48,0.298,94.0,1,45.49,511.62
6438,19.73,53.5,457.0,0.27,520.0,396.76,0.44,0.082,94.7,1,44.74,520.44
6439,21.08,51.3,444.0,0.24,511.14,390.0,0.12,0.381,93.6,1,43.51,511.26
6440,19.0,52.5,996.0,1.0,630.72,481.24,10.78,0.544,92.8,1,41.89,641.49
6441,19.5,48.2,978.0,1.0,577.0,440.25,10.6,0.715,91.8,0,39.98,587.6
6442,18.47,44.6,1008.0,1.0,507.0,386.84,10.91,0.405,93.5,1,37.92,517.91
6443,17.64,42.7,1039.0,1.0,425.48,324.64,10.39,-0.058,95.0,1,35.84,435.87
6444,16.99,40.7,1013.0,1.0,338.0,257.89,10.88,0.054,94.8,1,33.9,348.88
6445,15.84,40.1,985.0,1.0,425.48,324.64,10.13,0.021,94.8,1,32.21,435.62
6446,15.65,37.9,1000.0,1.0,507.0,386.84,10.46,-0.077,95.0,1,30.9,517.46
6447,14.52,37.5,1003.0,1.0,577.0,440.25,10.03,-0.37,95.3,1,30.06,587.03
6448,14.53,41.6,1049.0,1.0,630.72,481.24,10.71,-0.618,95.1,1,29.74,641.43
6449,14.32,41.4,971.0,1.0,664.48,507.0,10.36,-0.27,95.3,1,29.97,674.85
6450,14.09,45.4,1004.0,1.0,676.0,515.79,10.56,-0.75,94.8,0,30.72,686.56
6451,13.86,47.3,423.0,0.02,511.14,390.0,0.35,-0.36,95.3,1,31.95,511.5
6452,15.11,51.9,400.0,0.09,485.17,370.18,0.48,-0.59,95.1,1,33.58,485.65
6453,14.03,52.4,400.0,0.18,443.85,338.66,0.22,-0.864,94.5,0,35.49,444.06
6454,15.75,55.8,426.0,0.0,390.0,297.57,0.34,-0.259,95.3,1,37.56,390.34
6455,17.1,55.6,410.0,0.23,327.29,249.72,0.68,-0.15,95.2,1,39.64,327.97
6456,17.57,55.0,420.0,0.04,260.0,198.38,0.28,-0.151,95.2,1,41.59,260.28
6457,17.24,59.0,438.0,0.03,327.29,249.72,0.92,0.376,93.6,1,43.27,328.21
6458,18.16,58.9,400.0,0.13,390.0,297.57,0.7,-0.086,95.1,1,44.59,390.7
6459,19.08,57.8,455.0,0.28,443.85,338.66,0.21,0.461,93.2,1,45.43,444.06
6460,19.04,60.6,447.0,0.02,485.17,370.18,0.97,0.566,92.7,1,45.76,486.14
6461,19.56,56.7,400.0,0.15,511.14,390.0,0.97,0.533,92.9,1,45.53,512.11
6462,19.28,56.1,420.0,0.25,520.0,396.76,0.41,0.465,93.2,1,44.78,520.41
6463,20.25,50.7,409.0,0.05,511.14,390.0,0.25,0.282,94.0,1,43.55,511.39
6464,20.15,50.8,953.0,1.0,630.72,481.24,10.66,0.401,93.5,1,41.93,641.37
6465,18.79,49.8,1047.0,1.0,577.0,440.25,10.61,0.5,93.0,1,40.02,587.61
6466,18.34,49.4,971.0,1.0,507.0,386.84,10.94,0.029,94.8,1,37.96,517.94
6467,17.3,40.5,1026.0,1.0,425.48,324.64,10.41,-0.306,95.3,1,35.88,435.89
6468,17.29,42.2,998.0,1.0,338.0,257.89,10.73,-0.106,95.1,1,33.93,348.73
6469,15.88,37.6,964.0,1.0,425.48,324.64,10.85,-0.23,95.2,1,32.25,436.33
6470,15.04,37.5,1032.0,1.0,507.0,386.84,10.69,-0.63,95.0,1,30.94,517.69
6471,15.25,40.8,1020.0,1.0,577.0,440.25,10.42,-0.488,95.2,1,30.1,587.42
6472,15.01,41.9,979.0,1.0,630.72,481.24,10.75,-0.091,95.1,1,29.78,641.47
6473,14.17,44.1,963.0,1.0,664.48,507.0,10.98,-0.272,95.3,1,30.0,675.47
6474,13.17,44.3,1003.0,1.0,676.0,515.79,10.29,-0.378,95.3,1,30.76,686.29
6475,14.67,49.3,407.0,0.23,511.14,390.0,0.73,-0.425,95.3,1,31.99,511.87
6476,13.61,51.0,421.0,0.14,485.17,370.18,0.71,-0.903,94.3,0,33.62,485.87
6477,14.26,52.0,400.0,0.23,443.85,338.66,0.37,-0.116,95.1,1,35.53,444.22
6478,15.31,56.0,440.0,0.21,390.0,297.57,0.17,-0.535,95.2,1,37.6,390.17
6479,16.37,56.0,400.0,0.23,327.29,249.72,0.47,-0.278,95.3,1,39.67,327.77
6480,16.79,60.6,418.0,0.21,260.0,198.38,0.6,-0.078,95.0,1,41.62,260.6
6481,18.44,60.0,400.0,0.29,327.29,249.72,0.31,0.155,94.5,1,43.31,327.61
6482,18.63,59.5,424.0,0.14,390.0,297.57,0.5,0.035,94.8,1,44.62,390.5
6483,19.15,58.3,400.0,0.19,443.85,338.66,0.54,0.158,94.5,1,45.47,444.39
6484,18.94,58.5,400.0,0.26,485.17,370.18,0.62,0.622,92.3,1,45.79,485.79
6485,20.57,58.0,417.0,0.22,511.14,390.0,0.65,0.873,90.7,0,45.57,511.8
6486,19.93,55.4,439.0,0.23,520.0,396.76,0.86,0.449,93.3,1,44.82,520.86
6487,19.4,54.5,413.0,0.29,511.14,390.0,0.03,0.636,92.3,1,43.59,511.18
6488,19.28,49.8,971.0,1.0,630.72,481.24,10.57,0.394,93.5,1,41.96,641.28
6489,19.82,49.0,1038.0,1.0,577.0,440.25,10.36,0.538,92.8,1,40.05,587.36
6490,18.63,40.7,1002.0,1.0,507.0,386.84,10.01,0.356,93.7,1,37.99,517.01
6491,17.68,42.7,990.0,1.0,425.48,324.64,10.5,0.243,94.2,1,35.92,435.98
6492,16.73,40.9,1014.0,1.0,338.0,257.89,10.32,-0.182,95.2,1,33.97,348.32
6493,16.48,36.5,1000.0,1.0,425.48,324.64,10.92,-0.229,95.2,1,32.29,436.4
6494,14.8,42.0,971.0,1.0,507.0,386.84,10.06,-0.245,95.2,1,30.98,517.06
6495,14.96,40.2,1012.0,1.0,577.0,440.25,10.1,-0.418,95.3,1,30.13,587.1
6496,14.16,42.1,973.0,1.0,630.72,481.24,11.0,-0.316,95.3,1,29.81,641.71
6497,13.4,41.8,1024.0,1.0,664.48,507.0,10.23,-0.827,94.6,0,30.04,674.72
6498,13.83,46.2,999.0,1.0,676.0,515.79,10.08,-0.182,95.2,1,30.79,686.08
6499,13.38,47.1,400.0,0.02,511.14,390.0,0.09,-0.18,95.2,1,32.03,511.23
6500,14.11,50.8,425.0,0.17,485.17,370.18,0.24,-0.332,95.3,1,33.65,485.41
6501,13.78,52.4,400.0,0.04,443.85,338.66,1.0,-0.407,95.3,1,35.57,444.84
6502,15.17,55.5,400.0,0.1,390.0,297.57,0.08,-0.312,95.3,1,37.63,390.08
6503,15.62,56.9,426.0,0.09,327.29,249.72,0.77,-0.216,95.2,1,39.71,328.06
6504,16.97,59.2,400.0,0.01,260.0,198.38,0.17,0.082,94.7,1,41.66,260.17
6505,17.69,59.7,400.0,0.01,327.29,249.72,0.21,0.028,94.8,1,43.35,327.5
6506,18.63,56.9,405.0,0.03,390.0,297.57,0.26,0.159,94.5,1,44.66,390.26
6507,19.72,56.9,421.0,0.1,443.85,338.66,0.49,0.024,94.8,1,45.5,444.34
6508,20.21,57.9,415.0,0.28,485.17,370.18,0.01,0.449,93.3,1,45.83,485.17
6509,19.71,59.6,415.0,0.14,511.14,390.0,0.38,0.42,93.4,1,45.6,511.52
6510,20.0,55.4,400.0,0.28,520.0,396.76,0.34,0.844,90.9,0,44.85,520.34
6511,19.39,50.4,400.0,0.06,511.14,390.0,0.35,0.493,93.1,1,43.62,511.49
6512,19.51,49.9,417.0,0.05,485.17,370.18,0.61,-0.047,95.0,1,42.0,485.78
6513,19.8,47.0,401.0,0.11,443.85,338.66,0.31,0.437,93.3,1,40.09,444.16
6514,18.04,45.0,400.0,0.05,390.0,297.57,0.32,0.301,93.9,1,38.02,390.32
6515,18.76,44.7,400.0,0.27,327.29,249.72,0.3,-0.009,94.9,1,35.95,327.59
6516,16.01,42.6,404.0,0.29,260.0,198.38,0.22,0.406,93.5,1,34.0,260.22
6517,16.31,42.5,408.0,0.13,327.29,249.72,0.22,-0.071,95.0,1,32.32,327.52
6518,15.08,39.5,400.0,0.11,390.0,297.57,0.21,-0.416,95.3,1,31.01,390.21
6519,13.72,41.0,400.0,0.0,443.85,338.66,0.22,-0.079,95.0,1,30.17,444.07
6520,14.87,43.1,400.0,0.08,485.17,370.18,0.69,-0.398,95.3,1,29.85,485.86
6521,14.14,42.5,418.0,0.07,511.14,390.0,0.22,-0.509,95.2,1,30.07,511.37
6522,14.21,40.6,408.0,0.1,520.0,396.76,0.95,-0.626,95.0,1,30.82,520.95
6523,13.72,46.3,405.0,0.09,511.14,390.0,0.62,-0.535,95.2,1,32.06,511.76
6524,14.79,53.0,400.0,0.28,485.17,370.18,0.95,-0.732,94.8,0,33.69,486.12
6525,14.66,52.7,445.0,0.13,443.85,338.66,0.29,-0.416,95.3,1,35.6,444.14
6526,15.98,54.7,400.0,0.26,390.0,297.57,0.52,-0.447,95.3,1,37.66,390.52
6527,15.98,55.5,400.0,0.23,327.29,249.72,0.98,0.098,94.6,1,39.74,328.27
6528,17.48,57.4,400.0,0.23,260.0,198.38,0.85,0.008,94.9,1,41.69,260.85
6529,17.98,59.8,400.0,0.15,327.29,249.72,0.14,0.43,93.4,1,43.38,327.43
6530,19.26,61.6,400.0,0.0,390.0,297.57,0.43,0.53,92.9,1,44.69,390.43
6531,19.33,56.9,455.0,0.03,443.85,338.66,0.21,0.166,94.4,1,45.53,444.06
6532,20.16,56.8,400.0,0.11,485.17,370.18,0.81,0.456,93.2,1,45.86,485.97
6533,20.07,58.0,433.0,0.3,511.14,390.0,0.44,0.49,93.1,1,45.63,511.58
6534,20.45,55.6,411.0,0.01,520.0,396.76,0.87,0.53,92.9,1,44.88,520.87
6535,19.95,49.3,435.0,0.16,511.14,390.0,0.73,0.71,91.8,0,43.65,511.87
6536,19.64,49.7,400.0,0.11,485.17,370.18,0.42,0.417,93.4,1,42.02,485.58
6537,19.77,50.5,463.0,0.2,443.85,338.66,0.34,0.376,93.6,1,40.12,444.19
6538,18.55,45.3,400.0,0.29,390.0,297.57,0.95,0.26,94.1,1,38.05,390.95
6539,17.0,41.5,405.0,0.2,327.29,249.72,0.63,0.136,94.5,1,35.98,327.92
6540,17.2,41.3,400.0,0.04,260.0,198.38,0.63,-0.192,95.2,1,34.03,260.63
6541,16.9,43.0,434.0,0.06,327.29,249.72,0.26,-0.243,95.2,1,32.35,327.56
6542,15.54,41.1,416.0,0.22,390.0,297.57,0.61,-0.705,94.9,0,31.04,390.61
6543,14.87,38.7,400.0,0.14,443.85,338.66,0.57,-0.276,95.3,1,30.19,444.41
6544,14.15,42.1,400.0,0.19,485.17,370.18,0.15,-0.4,95.3,1,29.87,485.31
6545,13.81,41.9,440.0,0.05,511.14,390.0,0.14,-0.434,95.3,1,30.1,511.28
6546,13.58,42.2,400.0,0.05,520.0,396.76,0.56,-0.205,95.2,1,30.85,520.56
6547,14.0,48.9,400.0,0.29,511.14,390.0,0.83,-0.354,95.3,1,32.09,511.97
6548,13.71,50.5,400.0,0.07,485.17,370.18,0.33,-0.194,95.2,1,33.71,485.5
6549,13.9,50.3,400.0,0.1,443.85,338.66,0.53,-0.138,95.1,1,35.63,444.38
6550,15.46,56.4,437.0,0.1,390.0,297.57,0.36,0.091,94.7,1,37.69,390.36
6551,16.62,52.3,400.0,0.08,327.29,249.72,0.52,0.129,94.6,1,39.77,327.81
6552,16.22,58.4,402.0,0.28,260.0,198.38,0.91,-0.168,95.2,1,41.72,260.91
6553,18.89,63.9,424.0,0.01,327.29,249.72,0.83,0.259,94.1,1,43.4,328.12
6554,18.95,64.0,409.0,0.08,390.0,297.57,0.9,0.391,93.6,1,44.71,390.9
6555,19.23,59.2,426.0,0.02,443.85,338.66,0.25,0.442,93.3,1,45.56,444.09
6556,20.39,64.2,400.0,0.18,485.17,370.18,0.54,0.839,90.9,0,45.88,485.71
6557,19.69,58.6,400.0,0.03,511.14,390.0,0.05,0.538,92.8,1,45.66,511.2
6558,20.02,55.0,405.0,0.09,520.0,396.76,0.05,0.618,92.4,1,44.91,520.05
6559,19.1,53.5,400.0,0.29,511.14,390.0,0.22,0.475,93.2,1,43.68,511.36
6560,19.65,49.6,1002.0,1.0,630.72,481.24,10.04,0.401,93.5,1,42.05,640.76
6561,19.42,49.5,1001.0,1.0,577.0,440.25,10.27,0.289,94.0,1,40.14,587.28
6562,18.37,44.8,1010.0,1.0,507.0,386.84,10.59,0.073,94.7,1,38.08,517.59
6563,17.66,43.9,1005.0,1.0,425.48,324.64,10.8,0.219,94.3,1,36.01,436.28
6564,16.42,41.1,1017.0,1.0,338.0,257.89,10.01,0.344,93.8,1,34.06,348.01
6565,16.98,37.2,990.0,1.0,425.48,324.64,10.08,-0.16,95.2,1,32.37,435.56
6566,14.59,38.8,1021.0,1.0,507.0,386.84,10.15,-0.183,95.2,1,31.06,517.15
6567,15.73,40.1,989.0,1.0,577.0,440.25,10.9,-0.518,95.2,1,30.22,587.91
6568,14.01,41.0,1067.0,1.0,630.72,481.24,10.19,-0.786,94.7,0,29.9,640.9
6569,13.26,44.3,1036.0,1.0,664.48,507.0,10.9,-0.48,95.2,1,30.12,675.38
6570,13.89,45.8,1054.0,1.0,676.0,515.79,10.82,-0.628,95.0,1,30.88,686.82
6571,14.01,46.3,400.0,0.21,511.14,390.0,0.3,-0.678,94.9,1,32.11,511.44
6572,14.46,48.7,400.0,0.09,485.17,370.18,0.7,-0.768,94.7,0,33.74,485.87
6573,14.55,52.6,400.0,0.08,443.85,338.66,0.71,-0.658,95.0,1,35.65,444.56
6574,16.28,54.1,400.0,0.25,390.0,297.57,0.81,-0.218,95.2,1,37.72,390.81
6575,16.55,55.9,403.0,0.06,327.29,249.72,0.18,0.249,94.2,1,39.79,327.47
6576,17.04,56.8,443.0,0.11,260.0,198.38,0.21,-0.108,95.1,1,41.74,260.21
6577,17.63,58.8,400.0,0.26,327.29,249.72,0.37,0.237,94.2,1,43.43,327.66
6578,19.78,61.1,400.0,0.13,390.0,297.57,0.62,0.061,94.7,1,44.74,390.62
6579,18.97,57.8,421.0,0.05,443.85,338.66,0.66,0.213,94.3,1,45.59,444.51
6580,19.55,59.9,400.0,0.26,485.17,370.18,0.24,0.134,94.5,1,45.91,485.41
6581,19.7,62.9,423.0,0.08,511.14,390.0,0.37,0.415,93.4,1,45.68,511.51
6582,20.59,54.4,435.0,0.07,520.0,396.76,0.79,0.045,94.8,1,44.93,520.79
6583,19.94,52.6,450.0,0.25,511.14,390.0,0.45,0.28,94.0,1,43.7,511.59
6584,19.15,49.6,1006.0,1.0,630.72,481.24,10.6,0.349,93.8,1,42.08,641.32
6585,19.37,48.6,1001.0,1.0,577.0,440.25,10.81,0.245,94.2,1,40.17,587.81
6586,18.83,44.8,1014.0,1.0,507.0,386.84,10.21,0.334,93.8,1,38.1,517.21
6587,17.46,42.8,1027.0,1.0,425.48,324.64,10.19,0.269,94.1,1,36.03,435.67
6588,17.28,38.5,1031.0,1.0,338.0,257.89,10.45,-0.032,95.0,1,34.08,348.45
6589,17.3,40.0,1002.0,1.0,425.48,324.64,10.07,0.086,94.7,1,32.4,435.55
6590,16.28,37.7,985.0,1.0,507.0,386.84,10.53,-0.61,95.1,1,31.09,517.53
6591,15.47,38.8,975.0,1.0,577.0,440.25,10.66,-0.208,95.2,1,30.24,587.66
6592,14.48,43.5,1012.0,1.0,630.72,481.24,10.55,-0.464,95.2,1,29.92,641.27
6593,14.16,40.9,1013.0,1.0,664.48,507.0,10.85,-0.799,94.7,0,30.15,675.33
6594,14.57,43.9,980.0,1.0,676.0,515.79,10.26,-0.339,95.3,1,30.9,686.26
6595,13.22,48.1,400.0,0.06,511.14,390.0,0.3,-0.425,95.3,1,32.13,511.44
6596,14.32,49.0,471.0,0.22,485.17,370.18,0.09,-0.541,95.2,1,33.76,485.25
6597,14.51,53.3,443.0,0.13,443.85,338.66,0.07,-0.145,95.1,1,35.67,443.92
6598,15.19,58.0,461.0,0.05,390.0,297.57,0.53,-0.242,95.2,1,37.74,390.53
6599,16.41,57.6,424.0,0.15,327.29,249.72,0.09,0.041,94.8,1,39.81,327.38
6600,17.28,55.9,447.0,0.22,260.0,198.38,0.45,0.072,94.7,1,41.76,260.45
6601,17.37,61.5,400.0,0.18,327.29,249.72,0.22,-0.092,95.1,1,43.45,327.51
6602,17.66,59.3,434.0,0.02,390.0,297.57,0.68,-0.081,95.0,1,44.76,390.68
6603,19.67,56.0,414.0,0.11,443.85,338.66,0.47,0.134,94.5,1,45.61,444.32
6604,19.74,56.6,433.0,0.29,485.17,370.18,0.47,0.492,93.1,1,45.93,485.64
6605,19.8,57.0,403.0,0.27,511.14,390.0,0.91,0.373,93.6,1,45.71,512.05
6606,19.52,56.7,400.0,0.02,520.0,396.76,0.63,0.57,92.6,1,44.95,520.63
6607,20.07,52.3,400.0,0.13,511.14,390.0,0.36,0.369,93.7,1,43.72,511.5
6608,19.19,51.0,1048.0,1.0,630.72,481.24,10.75,0.083,94.7,1,42.1,641.47
6609,18.86,47.0,973.0,1.0,577.0,440.25,10.68,0.44,93.3,1,40.19,587.68
6610,18.94,49.1,1010.0,1.0,507.0,386.84,10.82,0.431,93.4,1,38.13,517.82
6611,18.06,41.9,993.0,1.0,425.48,324.64,10.73,0.096,94.7,1,36.05,436.21
6612,17.23,44.3,1034.0,1.0,338.0,257.89,10.24,-0.053,95.0,1,34.1,348.24
6613,16.74,40.4,956.0,1.0,425.48,324.64,10.93,0.06,94.7,1,32.42,436.41
6614,14.95,40.8,982.0,1.0,507.0,386.84,10.3,-0.135,95.1,1,31.11,517.3
6615,15.34,35.1,955.0,1.0,577.0,440.25,10.82,-0.101,95.1,1,30.26,587.83
6616,14.86,44.3,983.0,1.0,630.72,481.24,10.99,-0.24,95.2,1,29.94,641.71
6617,14.7,40.7,1024.0,1.0,664.48,507.0,10.51,-0.613,95.1,1,30.17,675.0
6618,14.19,46.0,948.0,1.0,676.0,515.79,10.7,-0.576,95.1,1,30.92,686.7
6619,14.15,45.7,400.0,0.22,511.14,390.0,0.95,-0.478,95.2,1,32.15,512.09
6620,14.7,46.8,400.0,0.17,485.17,370.18,0.65,-0.48,95.2,1,33.78,485.82
6621,15.45,53.9,400.0,0.27,443.85,338.66,0.39,-0.45,95.2,1,35.69,444.24
6622,15.53,53.5,400.0,0.1,390.0,297.57,0.2,-0.151,95.2,1,37.76,390.2
6623,16.68,56.5,404.0,0.22,327.29,249.72,0.34,-0.093,95.1,1,39.83,327.64
6624,15.39,57.8,423.0,0.23,260.0,198.38,0.43,-0.104,95.1,1,41.78,260.43
6625,16.92,55.9,400.0,0.0,327.29,249.72,0.22,-0.088,95.1,1,43.47,327.51
6626,19.01,57.6,412.0,0.04,390.0,297.57,0.64,0.288,94.0,1,44.78,390.64
6627,19.3,55.6,400.0,0.01,443.85,338.66,0.35,0.23,94.2,1,45.63,444.2
6628,19.82,57.0,409.0,0.18,485.17,370.18,0.38,0.323,93.9,1,45.95,485.55
6629,19.68,60.5,400.0,0.06,511.14,390.0,0.71,0.317,93.9,1,45.72,511.85
6630,19.15,57.8,434.0,0.14,520.0,396.76,0.58,0.423,93.4,1,44.97,520.58
6631,20.5,56.9,400.0,0.17,511.14,390.0,0.44,0.367,93.7,1,43.74,511.58
6632,19.96,52.4,1042.0,1.0,630.72,481.24,10.24,0.648,92.2,1,42.12,640.96
6633,19.76,48.5,1046.0,1.0,577.0,440.25,10.68,0.302,93.9,1,40.21,587.69
6634,17.47,48.4,993.0,1.0,507.0,386.84,10.6,-0.039,95.0,1,38.14,517.6
6635,18.3,42.3,1014.0,1.0,425.48,324.64,10.93,0.147,94.5,1,36.07,436.41
6636,17.48,44.6,1007.0,1.0,338.0,257.89,10.45,0.24,94.2,1,34.12,348.45
6637,16.52,40.6,1007.0,1.0,425.48,324.64,10.22,-0.146,95.1,1,32.43,435.7
6638,15.55,40.1,938.0,1.0,507.0,386.84,10.03,-0.287,95.3,1,31.13,517.03
6639,14.56,40.3,912.0,1.0,577.0,440.25,10.72,-0.68,94.9,1,30.28,587.73
6640,14.69,43.9,1004.0,1.0,630.72,481.24,10.14,-0.469,95.2,1,29.96,640.86
6641,13.89,46.7,1031.0,1.0,664.48,507.0,10.23,-0.62,95.1,1,30.18,674.71
6642,14.36,42.1,1012.0,1.0,676.0,515.79,10.9,-0.861,94.5,0,30.94,686.9
6643,13.88,49.0,417.0,0.12,511.14,390.0,0.62,-0.691,94.9,1,32.17,511.76
6644,14.28,49.0,409.0,0.26,485.17,370.18,0.53,-0.19,95.2,1,33.8,485.7
6645,14.46,52.1,402.0,0.01,443.85,338.66,0.71,-0.167,95.2,1,35.71,444.55
6646,15.5,54.7,430.0,0.13,390.0,297.57,0.55,0.002,94.9,1,37.77,390.55
6647,16.25,58.7,400.0,0.22,327.29,249.72,0.09,-0.121,95.1,1,39.85,327.39
6648,17.64,55.7,427.0,0.03,260.0,198.38,0.49,-0.416,95.3,1,41.8,260.49
6649,17.85,56.8,400.0,0.01,327.29,249.72,0.6,0.187,94.4,1,43.49,327.89
6650,17.11,60.1,400.0,0.01,390.0,297.57,0.38,0.722,91.7,0,44.8,390.38
6651,20.38,56.8,440.0,0.19,443.85,338.66,0.21,0.109,94.6,1,45.64,444.06
6652,19.32,59.3,405.0,0.08,485.17,370.18,0.62,0.094,94.7,1,45.96,485.79
6653,19.08,59.4,414.0,0.22,511.14,390.0,0.17,0.276,94.1,1,45.74,511.31
6654,20.55,56.3,428.0,0.11,520.0,396.76,0.85,0.622,92.3,1,44.99,520.85
6655,20.34,53.8,400.0,0.06,511.14,390.0,0.22,0.053,94.8,1,43.76,511.37
6656,19.45,48.8,1012.0,1.0,630.72,481.24,10.71,0.536,92.8,1,42.13,641.42
6657,18.52,51.2,1004.0,1.0,577.0,440.25,10.85,0.266,94.1,1,40.22,587.85
6658,18.64,48.0,956.0,1.0,507.0,386.84,10.83,0.232,94.2,1,38.16,517.83
6659,17.59,45.9,988.0,1.0,425.48,324.64,10.64,0.221,94.3,1,36.08,436.12
6660,17.03,42.8,1010.0,1.0,338.0,257.89,10.1,-0.077,95.0,1,34.13,348.1
6661,16.27,38.5,971.0,1.0,425.48,324.64,10.06,-0.157,95.2,1,32.45,435.54
6662,14.56,37.4,1008.0,1.0,507.0,386.84,10.8,-0.242,95.2,1,31.14,517.8
6663,14.61,42.6,976.0,1.0,577.0,440.25,10.33,-0.149,95.2,1,30.3,587.34
6664,14.18,40.1,978.0,1.0,630.72,481.24,10.18,-0.456,95.2,1,29.97,640.89
6665,14.07,39.8,982.0,1.0,664.48,507.0,10.02,-0.809,94.6,0,30.2,674.5
6666,14.02,39.7,1023.0,1.0,676.0,515.79,10.68,-0.445,95.3,1,30.95,686.68
6667,13.29,49.1,442.0,0.17,511.14,390.0,0.92,-0.367,95.3,1,32.19,512.06
6668,14.1,51.8,418.0,0.08,485.17,370.18,0.78,0.05,94.8,1,33.81,485.95
6669,14.76,56.6,400.0,0.23,443.85,338.66,0.87,-0.32,95.3,1,35.72,444.72
6670,15.39,55.0,415.0,0.2,390.0,297.57,0.04,-0.07,95.0,1,37.79,390.04
6671,16.76,56.9,423.0,0.01,327.29,249.72,0.63,-0.115,95.1,1,39.86,327.92
6672,17.37,54.4,400.0,0.27,260.0,198.38,0.29,0.037,94.8,1,41.81,260.29
6673,19.18,61.7,400.0,0.02,327.29,249.72,0.38,0.384,93.6,1,43.5,327.67
6674,17.98,59.6,453.0,0.07,390.0,297.57,0.02,0.655,92.1,1,44.81,390.02
6675,19.59,59.7,400.0,0.08,443.85,338.66,0.8,0.462,93.2,1,45.65,444.65
6676,19.78,57.3,400.0,0.13,485.17,370.18,0.14,0.692,91.9,1,45.98,485.3
6677,19.75,57.2,400.0,0.25,511.14,390.0,0.37,-0.035,95.0,1,45.75,511.51
6678,20.19,56.1,452.0,0.03,520.0,396.76,0.08,0.276,94.0,1,45.0,520.08
6679,20.5,52.3,439.0,0.09,511.14,390.0,0.01,0.359,93.7,1,43.77,511.15
6680,19.47,47.6,411.0,0.21,485.17,370.18,0.74,0.509,93.0,1,42.14,485.9
6681,19.65,49.5,431.0,0.11,443.85,338.66,0.22,0.137,94.5,1,40.23,444.07
6682,18.67,46.4,400.0,0.27,390.0,297.57,0.06,0.159,94.5,1,38.17,390.06
6683,17.83,42.7,431.0,0.22,327.29,249.72,0.34,0.151,94.5,1,36.09,327.64
6684,18.2,44.4,400.0,0.22,260.0,198.38,0.36,0.203,94.3,1,34.15,260.36
6685,15.79,40.0,408.0,0.16,327.29,249.72,0.98,-0.101,95.1,1,32.46,328.27
6686,15.87,40.4,400.0,0.22,390.0,297.57,0.94,-0.119,95.1,1,31.15,390.94
6687,15.45,35.8,400.0,0.07,443.85,338.66,0.85,-0.397,95.3,1,30.31,444.7
6688,14.65,39.5,400.0,0.18,485.17,370.18,0.09,-0.552,95.2,1,29.99,485.25
6689,13.98,43.4,401.0,0.09,511.14,390.0,0.44,-0.185,95.2,1,30.21,511.58
6690,14.14,44.0,400.0,0.16,520.0,396.76,0.78,-0.465,95.2,1,30.96,520.78
6691,13.44,48.1,475.0,0.1,511.14,390.0,0.1,-0.719,94.9,0,32.2,511.24
6692,13.99,45.2,427.0,0.27,485.17,370.18,0.97,-0.473,95.2,1,33.82,486.14
6693,15.33,53.4,411.0,0.22,443.85,338.66,0.7,-0.153,95.2,1,35.73,444.55
6694,15.24,54.3,403.0,0.1,390.0,297.57,0.88,-0.515,95.2,1,37.8,390.88
6695,15.7,59.5,409.0,0.23,327.29,249.72,0.79,-0.321,95.3,1,39.87,328.09
6696,17.21,58.2,434.0,0.23,260.0,198.38,0.69,-0.207,95.2,1,41.82,260.69
6697,17.56,60.7,401.0,0.06,327.29,249.72,0.13,0.195,94.3,1,43.51,327.42
6698,18.77,61.2,400.0,0.12,390.0,297.57,0.84,0.137,94.5,1,44.82,390.84
6699,20.09,61.7,400.0,0.29,443.85,338.66,0.79,0.093,94.7,1,45.66,444.63
6700,19.56,59.5,400.0,0.14,485.17,370.18,0.19,0.185,94.4,1,45.99,485.36
6701,19.71,57.4,400.0,0.18,511.14,390.0,0.85,0.699,91.9,1,45.76,511.99
6702,19.5,55.0,425.0,0.21,520.0,396.76,0.06,0.495,93.1,1,45.01,520.06
6703,19.53,55.2,423.0,0.02,511.14,390.0,0.14,0.556,92.7,1,43.78,511.28
6704,19.42,49.9,425.0,0.03,485.17,370.18,0.21,0.388,93.6,1,42.15,485.37
6705,18.4,46.7,400.0,0.26,443.85,338.66,0.55,0.07,94.7,1,40.24,444.4
6706,19.01,46.9,431.0,0.18,390.0,297.57,0.7,0.397,93.5,1,38.18,390.7
6707,17.65,45.5,400.0,0.06,327.29,249.72,0.0,0.012,94.9,1,36.1,327.29
6708,17.3,44.7,400.0,0.24,260.0,198.38,0.24,0.09,94.7,1,34.16,260.24
6709,16.46,43.8,400.0,0.21,327.29,249.72,0.44,-0.219,95.2,1,32.47,327.73
6710,15.77,40.4,400.0,0.07,390.0,297.57,0.26,-0.405,95.3,1,31.16,390.26
6711,14.79,41.5,400.0,0.19,443.85,338.66,0.32,-0.274,95.3,1,30.32,444.17
6712,14.87,45.4,400.0,0.29,485.17,370.18,0.42,-0.529,95.2,1,29.99,485.59
6713,14.62,44.7,400.0,0.21,511.14,390.0,0.99,-0.107,95.1,1,30.22,512.13
6714,14.15,47.9,427.0,0.02,520.0,396.76,0.64,-0.267,95.3,1,30.97,520.64
6715,13.53,48.9,426.0,0.24,511.14,390.0,0.02,-0.752,94.8,0,32.2,511.16
6716,15.06,48.0,425.0,0.18,485.17,370.18,0.15,-0.416,95.3,1,33.83,485.31
6717,14.63,51.7,400.0,0.14,443.85,338.66,0.8,-0.404,95.3,1,35.74,444.65
6718,16.03,51.4,400.0,0.13,390.0,297.57,0.03,-0.393,95.3,1,37.8,390.03
6719,16.48,56.3,431.0,0.28,327.29,249.72,0.32,-0.311,95.3,1,39.88,327.61
6720,16.58,57.3,400.0,0.13,260.0,198.38,0.16,-0.091,95.1,1,41.83,260.16
6721,17.99,58.2,400.0,0.01,327.29,249.72,0.92,0.421,93.4,1,43.52,328.21
6722,18.29,59.6,400.0,0.15,390.0,297.57,0.6,0.339,93.8,1,44.83,390.6
6723,18.89,58.1,409.0,0.09,443.85,338.66,0.91,0.371,93.7,1,45.67,444.75
6724,20.32,56.5,400.0,0.01,485.17,370.18,0.51,0.164,94.4,1,45.99,485.68
6725,19.32,59.4,400.0,0.11,511.14,390.0,0.74,-0.24,95.2,1,45.77,511.88
6726,20.09,54.2,405.0,0.02,520.0,396.76,0.52,0.288,94.0,1,45.02,520.52
6727,20.42,52.5,419.0,0.15,511.14,390.0,0.49,0.764,91.4,0,43.78,511.63
6728,19.68,52.9,1077.0,1.0,630.72,481.24,10.3,0.346,93.8,1,42.16,641.01
6729,18.73,46.4,1040.0,1.0,577.0,440.25,10.41,0.238,94.2,1,40.25,587.41
6730,18.82,47.0,1008.0,1.0,507.0,386.84,10.15,0.395,93.5,1,38.19,517.15
6731,17.56,40.7,1027.0,1.0,425.48,324.64,10.54,0.136,94.5,1,36.11,436.02
6732,16.87,41.8,1077.0,1.0,338.0,257.89,10.53,-0.151,95.2,1,34.16,348.53
6733,15.23,41.8,974.0,1.0,425.48,324.64,10.56,-0.039,95.0,1,32.48,436.04
6734,16.03,38.8,958.0,1.0,507.0,386.84,10.45,-0.143,95.1,1,31.17,517.45
6735,15.24,42.3,1035.0,1.0,577.0,440.25,10.33,0.103,94.6,1,30.32,587.34
6736,14.77,42.2,995.0,1.0,630.72,481.24,10.28,-0.171,95.2,1,30.0,641.0
6737,13.68,43.3,968.0,1.0,664.48,507.0,10.22,-0.553,95.2,1,30.22,674.7
6738,13.48,46.8,997.0,1.0,676.0,515.79,10.71,-0.502,95.2,1,30.98,686.71
6739,14.38,48.7,400.0,0.23,511.14,390.0,0.96,-0.746,94.8,0,32.21,512.1
6740,14.53,49.5,400.0,0.07,485.17,370.18,0.92,-0.475,95.2,1,33.84,486.09
6741,15.88,49.1,420.0,0.08,443.85,338.66,0.64,-0.257,95.3,1,35.75,444.49
6742,15.86,58.4,400.0,0.04,390.0,297.57,0.41,-0.257,95.3,1,37.81,390.41
6743,15.82,55.7,400.0,0.07,327.29,249.72,0.74,-0.363,95.3,1,39.89,328.03
6744,16.56,53.7,401.0,0.2,260.0,198.38,0.74,-0.129,95.1,1,41.83,260.74
6745,17.96,62.8,400.0,0.27,327.29,249.72,0.93,-0.013,94.9,1,43.52,328.22
6746,18.88,61.2,412.0,0.25,390.0,297.57,0.07,0.37,93.7,1,44.83,390.07
6747,19.73,59.8,400.0,0.27,443.85,338.66,0.53,0.466,93.2,1,45.68,444.38
6748,19.83,58.8,400.0,0.12,485.17,370.18,0.18,0.45,93.3,1,46.0,485.35
6749,19.63,59.2,438.0,0.06,511.14,390.0,0.02,0.579,92.6,1,45.77,511.16
6750,19.83,59.9,400.0,0.09,520.0,396.76,0.85,0.439,93.3,1,45.02,520.85
6751,19.33,52.3,433.0,0.2,511.14,390.0,0.77,0.308,93.9,1,43.79,511.91
6752,20.25,48.9,1001.0,1.0,630.72,481.24,10.95,0.383,93.6,1,42.16,641.67
6753,19.19,47.4,1030.0,1.0,577.0,440.25,10.92,0.372,93.6,1,40.25,587.92
6754,16.99,42.7,1001.0,1.0,507.0,386.84,10.4,0.3,94.0,1,38.19,517.4
6755,18.11,43.0,1010.0,1.0,425.48,324.64,10.38,0.011,94.9,1,36.11,435.86
6756,17.03,44.1,1011.0,1.0,338.0,257.89,10.41,-0.345,95.3,1,34.16,348.41
6757,16.01,40.9,1043.0,1.0,425.48,324.64,10.99,-0.092,95.1,1,32.48,436.47
6758,15.67,40.9,1011.0,1.0,507.0,386.84,10.07,-0.623,95.0,1,31.17,517.07
6759,15.05,42.3,962.0,1.0,577.0,440.25,10.05,-0.431,95.3,1,30.32,587.05
6760,14.8,40.6,1007.0,1.0,630.72,481.24,10.64,-0.757,94.8,0,30.0,641.36
6761,14.36,40.3,1033.0,1.0,664.48,507.0,10.37,-0.267,95.3,1,30.23,674.85
6762,14.21,44.2,1035.0,1.0,676.0,515.79,10.53,-0.349,95.3,1,30.98,686.53
6763,13.95,46.7,400.0,0.06,511.14,390.0,0.53,-0.316,95.3,1,32.21,511.67
6764,14.93,51.2,400.0,0.04,485.17,370.18,0.07,-0.683,94.9,1,33.84,485.24
6765,13.92,53.6,400.0,0.08,443.85,338.66,0.34,-0.651,95.0,1,35.75,444.19
6766,15.69,50.5,426.0,0.13,390.0,297.57,0.35,0.17,94.4,1,37.81,390.35
6767,15.71,53.6,424.0,0.23,327.29,249.72,0.51,-0.111,95.1,1,39.89,327.8
6768,16.93,60.7,445.0,0.3,260.0,198.38,0.99,-0.384,95.3,1,41.84,260.99
6769,18.11,57.2,400.0,0.1,327.29,249.72,0.13,0.041,94.8,1,43.52,327.42
6770,18.37,62.1,407.0,0.22,390.0,297.57,0.89,0.067,94.7,1,44.83,390.89
6771,19.06,54.7,400.0,0.27,443.85,338.66,0.41,0.494,93.1,1,45.68,444.26
6772,20.06,62.5,400.0,0.01,485.17,370.18,0.82,0.204,94.3,1,46.0,485.98
6773,19.32,57.5,400.0,0.14,511.14,390.0,0.19,0.378,93.6,1,45.77,511.33
6774,20.43,57.7,400.0,0.17,520.0,396.76,0.26,0.629,92.3,1,45.02,520.26
6775,19.85,53.4,422.0,0.0,511.14,390.0,0.71,0.525,92.9,1,43.79,511.85
6776,20.33,53.5,1030.0,1.0,630.72,481.24,10.7,0.337,93.8,1,42.16,641.42
6777,18.78,50.9,1021.0,1.0,577.0,440.25,10.54,0.133,94.5,1,40.25,587.54
6778,18.83,45.2,1000.0,1.0,507.0,386.84,10.24,0.297,94.0,1,38.19,517.24
6779,18.06,40.4,1026.0,1.0,425.48,324.64,10.24,-0.252,95.2,1,36.11,435.72
6780,16.15,38.2,989.0,1.0,338.0,257.89,10.11,0.062,94.7,1,34.16,348.11
6781,16.43,38.6,959.0,1.0,425.48,324.64,10.82,-0.129,95.1,1,32.48,436.3
6782,15.87,38.3,991.0,1.0,507.0,386.84,10.3,-0.322,95.3,1,31.17,517.3
6783,14.68,43.3,983.0,1.0,577.0,440.25,10.9,-0.561,95.1,1,30.32,587.9
6784,15.13,40.1,1072.0,1.0,630.72,481.24,10.05,-0.368,95.3,1,30.0,640.76
6785,13.53,43.4,1024.0,1.0,664.48,507.0,10.75,-0.44,95.3,1,30.23,675.23
6786,13.47,41.6,1001.0,1.0,676.0,515.79,10.7,-0.68,94.9,1,30.98,686.7
6787,13.86,46.3,435.0,0.14,511.14,390.0,0.76,-0.969,94.1,0,32.21,511.9
6788,14.04,49.6,420.0,0.21,485.17,370.18,0.52,-0.428,95.3,1,33.84,485.69
6789,15.1,52.1,403.0,0.22,443.85,338.66,0.13,-0.132,95.1,1,35.75,443.98
6790,15.93,52.0,400.0,0.1,390.0,297.57,0.15,-0.319,95.3,1,37.81,390.15
6791,15.68,58.1,400.0,0.28,327.29,249.72,0.67,-0.203,95.2,1,39.89,327.96
6792,16.8,60.1,412.0,0.27,260.0,198.38,0.82,0.041,94.8,1,41.83,260.82
6793,17.67,59.0,428.0,0.14,327.29,249.72,0.98,-0.043,95.0,1,43.52,328.27
6794,18.77,55.8,400.0,0.02,390.0,297.57,0.83,0.192,94.4,1,44.83,390.83
6795,18.57,61.0,415.0,0.28,443.85,338.66,0.75,0.552,92.7,1,45.67,444.59
6796,19.0,59.5,413.0,0.16,485.17,370.18,0.22,0.47,93.2,1,46.0,485.39
6797,19.95,60.2,400.0,0.22,511.14,390.0,0.43,0.818,91.1,0,45.77,511.57
6798,20.19,53.3,401.0,0.25,520.0,396.76,0.62,0.533,92.9,1,45.02,520.62
6799,20.38,56.6,400.0,0.23,511.14,390.0,0.87,0.601,92.5,1,43.79,512.01
6800,20.89,49.4,1007.0,1.0,630.72,481.24,10.07,0.326,93.8,1,42.16,640.78
6801,18.87,52.4,1015.0,1.0,577.0,440.25,10.37,0.299,94.0,1,40.25,587.37
6802,18.18,44.0,1022.0,1.0,507.0,386.84,10.62,0.283,94.0,1,38.19,517.62
6803,18.07,44.1,1013.0,1.0,425.48,324.64,10.72,0.371,93.7,1,36.11,436.2
6804,17.15,38.1,1033.0,1.0,338.0,257.89,10.25,-0.033,95.0,1,34.16,348.25
6805,16.81,40.0,980.0,1.0,425.48,324.64,10.54,0.048,94.8,1,32.47,436.02
6806,15.37,39.7,1022.0,1.0,507.0,386.84,10.08,-0.003,94.9,1,31.16,517.08
6807,14.54,41.0,990.0,1.0,577.0,440.25,10.95,0.038,94.8,1,30.32,587.96
6808,14.86,40.4,976.0,1.0,630.72,481.24,10.79,-0.399,95.3,1,30.0,641.5
6809,14.21,42.2,984.0,1.0,664.48,507.0,10.29,-0.405,95.3,1,30.22,674.77
6810,14.61,46.9,966.0,1.0,676.0,515.79,10.6,-0.607,95.1,1,30.97,686.6
6811,14.2,45.6,410.0,0.2,511.14,390.0,0.3,-0.415,95.3,1,32.21,511.44
6812,14.55,48.7,400.0,0.08,485.17,370.18,0.76,-0.333,95.3,1,33.83,485.93
6813,14.14,53.0,426.0,0.12,443.85,338.66,0.76,-0.382,95.3,1,35.74,444.61
6814,15.19,54.8,412.0,0.11,390.0,297.57,0.44,-0.514,95.2,1,37.81,390.44
6815,16.72,56.4,414.0,0.26,327.29,249.72,0.2,-0.201,95.2,1,39.88,327.5
6816,18.14,58.5,400.0,0.19,260.0,198.38,0.34,-0.503,95.2,1,41.83,260.34
6817,18.59,56.8,400.0,0.21,327.29,249.72,0.82,0.107,94.6,1,43.52,328.12
6818,19.45,63.9,400.0,0.28,390.0,297.57,0.6,0.032,94.8,1,44.83,390.6
6819,19.12,58.7,403.0,0.19,443.85,338.66,0.96,0.434,93.4,1,45.67,444.81
6820,19.91,57.1,400.0,0.01,485.17,370.18,0.04,0.886,90.6,0,45.99,485.21
6821,20.15,57.8,425.0,0.28,511.14,390.0,0.94,0.67,92.1,1,45.77,512.08
6822,19.83,53.1,400.0,0.27,520.0,396.76,0.01,0.357,93.7,1,45.01,520.01
6823,20.0,52.3,418.0,0.28,511.14,390.0,0.44,0.705,91.8,0,43.78,511.58
6824,19.81,52.9,978.0,1.0,630.72,481.24,10.5,0.495,93.1,1,42.15,641.21
6825,18.78,47.9,1028.0,1.0,577.0,440.25,10.84,0.479,93.1,1,40.24,587.84
6826,18.8,43.9,1037.0,1.0,507.0,386.84,10.02,0.213,94.3,1,38.18,517.02
6827,18.11,40.9,980.0,1.0,425.48,324.64,10.7,0.332,93.8,1,36.1,436.18
6828,16.68,42.3,1029.0,1.0,338.0,257.89,10.6,-0.164,95.2,1,34.16,348.6
6829,15.88,38.6,1008.0,1.0,425.48,324.64,10.95,-0.496,95.2,1,32.47,436.43
6830,15.57,38.1,971.0,1.0,507.0,386.84,10.2,-0.372,95.3,1,31.16,517.2
6831,15.06,40.9,1005.0,1.0,577.0,440.25,10.08,-0.287,95.3,1,30.31,587.08
6832,14.19,42.8,1014.0,1.0,630.72,481.24,10.99,-0.546,95.2,1,29.99,641.7
6833,14.9,41.1,949.0,1.0,664.48,507.0,10.13,-0.318,95.3,1,30.21,674.61
6834,15.47,41.5,979.0,1.0,676.0,515.79,10.23,-0.46,95.2,1,30.97,686.23
6835,15.95,46.2,408.0,0.24,511.14,390.0,0.4,-0.585,95.1,1,32.2,511.54
6836,14.29,50.7,400.0,0.28,485.17,370.18,0.92,-0.422,95.3,1,33.83,486.08
6837,14.73,52.8,400.0,0.3,443.85,338.66,0.34,-0.981,94.0,0,35.74,444.19
6838,15.2,53.2,431.0,0.16,390.0,297.57,0.44,-0.127,95.1,1,37.8,390.44
6839,16.77,57.5,460.0,0.07,327.29,249.72,0.29,-0.082,95.1,1,39.87,327.58
6840,16.67,57.0,420.0,0.07,260.0,198.38,0.95,-0.162,95.2,1,41.82,260.95
6841,18.17,57.3,400.0,0.27,327.29,249.72,0.59,0.321,93.9,1,43.51,327.88
6842,18.89,62.9,400.0,0.08,390.0,297.57,0.95,0.154,94.5,1,44.82,390.95
6843,19.81,62.1,427.0,0.18,443.85,338.66,0.81,0.385,93.6,1,45.66,444.66
6844,20.15,57.0,400.0,0.12,485.17,370.18,0.95,0.362,93.7,1,45.98,486.12
6845,20.18,58.4,442.0,0.03,511.14,390.0,0.4,0.134,94.5,1,45.76,511.54
6846,19.95,52.7,412.0,0.02,520.0,396.76,0.76,0.433,93.4,1,45.0,520.76
6847,20.44,55.9,423.0,0.29,511.14,390.0,0.85,0.124,94.6,1,43.77,511.99
6848,20.46,51.8,419.0,0.04,485.17,370.18,0.67,0.441,93.3,1,42.15,485.83
6849,19.34,48.3,400.0,0.23,443.85,338.66,0.46,0.369,93.7,1,40.24,444.31
6850,18.76,42.7,437.0,0.29,390.0,297.57,0.81,0.332,93.8,1,38.17,390.81
6851,17.2,45.4,417.0,0.28,327.29,249.72,0.06,-0.021,94.9,1,36.09,327.35
6852,16.74,42.2,400.0,0.09,260.0,198.38,0.27,-0.208,95.2,1,34.15,260.27
6853,15.99,41.5,400.0,0.12,327.29,249.72,0.89,-0.059,95.0,1,32.46,328.19
6854,15.36,42.4,400.0,0.21,390.0,297.57,0.26,-0.701,94.9,0,31.15,390.26
6855,15.83,41.4,400.0,0.21,443.85,338.66,0.95,-0.319,95.3,1,30.3,444.8
6856,14.3,38.6,400.0,0.06,485.17,370.18,0.62,-0.205,95.2,1,29.98,485.79
6857,14.33,44.9,429.0,0.03,511.14,390.0,0.33,-0.572,95.1,1,30.21,511.47
6858,14.08,43.0,452.0,0.04,520.0,396.76,0.58,-0.279,95.3,1,30.96,520.58
6859,14.52,46.3,417.0,0.08,511.14,390.0,0.61,-0.417,95.3,1,32.19,511.75
6860,14.26,48.8,400.0,0.21,485.17,370.18,0.6,-0.18,95.2,1,33.82,485.77
6861,14.26,49.5,419.0,0.03,443.85,338.66,0.79,-0.245,95.2,1,35.73,444.64
6862,16.14,53.0,400.0,0.23,390.0,297.57,0.13,-0.314,95.3,1,37.79,390.13
6863,16.51,54.5,406.0,0.03,327.29,249.72,0.36,-0.144,95.1,1,39.86,327.66
6864,17.6,56.3,443.0,0.07,260.0,198.38,0.77,-0.124,95.1,1,41.81,260.77
6865,18.45,59.3,400.0,0.16,327.29,249.72,0.15,-0.036,95.0,1,43.5,327.44
6866,18.22,61.6,400.0,0.06,390.0,297.57,0.11,0.34,93.8,1,44.81,390.11
6867,19.38,63.5,400.0,0.29,443.85,338.66,0.52,0.334,93.8,1,45.65,444.36
6868,19.34,60.0,400.0,0.03,485.17,370.18,0.5,0.283,94.0,1,45.97,485.67
6869,18.89,60.8,400.0,0.15,511.14,390.0,0.12,0.714,91.8,0,45.75,511.26
6870,19.84,53.0,402.0,0.17,520.0,396.76,0.7,0.592,92.5,1,44.99,520.7
6871,19.65,56.6,400.0,0.3,511.14,390.0,0.38,-0.049,95.0,1,43.76,511.52
6872,20.1,49.8,400.0,0.25,485.17,370.18,0.19,0.548,92.8,1,42.13,485.36
6873,19.13,52.3,430.0,0.12,443.85,338.66,0.32,0.203,94.3,1,40.22,444.17
6874,18.95,43.5,443.0,0.09,390.0,297.57,0.25,0.453,93.3,1,38.16,390.25
6875,18.21,45.4,438.0,0.18,327.29,249.72,0.67,0.298,94.0,1,36.08,327.96
6876,16.53,39.2,435.0,0.01,260.0,198.38,0.61,0.23,94.2,1,34.13,260.61
6877,15.82,38.2,408.0,0.08,327.29,249.72,0.94,0.003,94.9,1,32.45,328.24
6878,15.84,44.5,400.0,0.07,390.0,297.57,0.3,-0.009,94.9,1,31.14,390.3
6879,14.36,38.5,424.0,0.18,443.85,338.66,0.93,-0.796,94.7,0,30.29,444.78
6880,14.15,41.6,400.0,0.23,485.17,370.18,0.46,-0.761,94.8,0,29.97,485.63
6881,14.78,40.3,400.0,0.22,511.14,390.0,0.31,-0.301,95.3,1,30.19,511.45
6882,14.05,44.7,411.0,0.09,520.0,396.76,0.48,-0.774,94.7,0,30.95,520.48
6883,13.23,51.0,400.0,0.06,511.14,390.0,0.98,-0.556,95.1,1,32.18,512.12
6884,13.82,50.1,403.0,0.25,485.17,370.18,0.07,-0.257,95.3,1,33.8,485.24
6885,15.61,51.1,400.0,0.08,443.85,338.66,0.02,0.154,94.5,1,35.71,443.86
6886,15.96,53.8,400.0,0.25,390.0,297.57,0.17,-0.189,95.2,1,37.78,390.17
6887,16.09,56.5,406.0,0.16,327.29,249.72,0.8,-0.109,95.1,1,39.85,328.09
6888,17.24,58.5,400.0,0.03,260.0,198.38,0.21,-0.409,95.3,1,41.8,260.21
6889,18.37,60.3,400.0,0.07,327.29,249.72,0.24,0.207,94.3,1,43.48,327.53
6890,18.17,61.6,400.0,0.01,390.0,297.57,0.05,0.244,94.2,1,44.79,390.05
6891,19.49,58.5,400.0,0.06,443.85,338.66,0.08,0.536,92.8,1,45.64,443.93
6892,19.3,60.1,400.0,0.07,485.17,370.18,0.78,0.545,92.8,1,45.96,485.95
6893,20.25,54.0,423.0,0.04,511.14,390.0,0.59,0.675,92.0,1,45.73,511.73
6894,20.67,55.8,420.0,0.17,520.0,396.76,0.22,0.283,94.0,1,44.98,520.22
6895,20.64,51.5,400.0,0.03,511.14,390.0,0.55,0.642,92.2,1,43.75,511.69
6896,19.63,50.1,1000.0,1.0,630.72,481.24,10.2,0.314,93.9,1,42.12,640.92
6897,19.63,48.9,982.0,1.0,577.0,440.25,10.91,0.131,94.5,1,40.21,587.91
6898,18.88,48.2,1060.0,1.0,507.0,386.84,10.13,0.182,94.4,1,38.14,517.13
6899,17.64,42.7,977.0,1.0,425.48,324.64,10.79,0.132,94.5,1,36.07,436.27
6900,16.49,42.3,972.0,1.0,338.0,257.89,10.47,0.039,94.8,1,34.12,348.47
6901,17.01,40.9,975.0,1.0,425.48,324.64,10.74,-0.385,95.3,1,32.43,436.22
6902,15.63,36.5,1039.0,1.0,507.0,386.84,10.08,-0.01,94.9,1,31.12,517.08
6903,14.91,40.8,947.0,1.0,577.0,440.25,10.12,-0.192,95.2,1,30.28,587.12
6904,14.81,45.2,967.0,1.0,630.72,481.24,10.79,-0.21,95.2,1,29.95,641.51
6905,15.31,44.5,1002.0,1.0,664.48,507.0,10.77,-0.154,95.2,1,30.18,675.25
6906,13.11,43.8,1014.0,1.0,676.0,515.79,10.88,-0.606,95.1,1,30.93,686.88
6907,15.2,46.1,417.0,0.29,511.14,390.0,0.68,-0.204,95.2,1,32.16,511.82
6908,14.49,48.4,400.0,0.02,485.17,370.18,0.73,-0.534,95.2,1,33.79,485.9
6909,15.08,53.4,400.0,0.14,443.85,338.66,0.49,-0.293,95.3,1,35.7,444.33
6910,15.16,54.7,414.0,0.18,390.0,297.57,0.01,-0.083,95.1,1,37.76,390.01
6911,15.58,53.8,400.0,0.13,327.29,249.72,0.19,-0.134,95.1,1,39.83,327.48
6912,17.38,59.8,400.0,0.02,260.0,198.38,0.05,0.159,94.5,1,41.78,260.05
6913,17.75,60.6,421.0,0.05,327.29,249.72,0.44,-0.031,95.0,1,43.47,327.74
6914,18.35,60.0,435.0,0.23,390.0,297.57,0.14,0.263,94.1,1,44.78,390.14
6915,18.84,60.2,400.0,0.04,443.85,338.66,0.49,0.481,93.1,1,45.62,444.34
6916,18.84,57.2,400.0,0.17,485.17,370.18,0.46,0.497,93.0,1,45.94,485.62
6917,19.98,60.4,400.0,0.28,511.14,390.0,0.92,0.211,94.3,1,45.72,512.06
6918,20.22,52.5,423.0,0.26,520.0,396.76,0.33,0.388,93.6,1,44.96,520.33
6919,20.4,52.9,455.0,0.21,511.14,390.0,0.64,0.397,93.5,1,43.73,511.78
6920,19.87,50.5,1003.0,1.0,630.72,481.24,10.71,0.505,93.0,1,42.1,641.43
6921,19.3,47.1,996.0,1.0,577.0,440.25,10.89,0.702,91.9,0,40.19,587.89
6922,18.11,45.5,997.0,1.0,507.0,386.84,10.02,-0.024,94.9,1,38.13,517.02
6923,18.4,41.3,1004.0,1.0,425.48,324.64,10.69,-0.061,95.0,1,36.05,436.17
6924,16.98,40.5,925.0,1.0,338.0,257.89,10.93,0.315,93.9,1,34.1,348.93
6925,16.48,38.5,949.0,1.0,425.48,324.64,10.71,0.058,94.8,1,32.41,436.19
6926,15.3,39.7,1041.0,1.0,507.0,386.84,10.5,-0.212,95.2,1,31.1,517.5
6927,15.48,43.1,1054.0,1.0,577.0,440.25,10.44,-0.268,95.3,1,30.26,587.44
6928,15.17,42.2,988.0,1.0,630.72,481.24,10.9,-0.306,95.3,1,29.94,641.61
6929,13.97,40.1,976.0,1.0,664.48,507.0,10.18,-0.443,95.3,1,30.16,674.67
6930,14.97,44.1,1035.0,1.0,676.0,515.79,10.22,-0.48,95.2,1,30.91,686.22
6931,14.77,46.9,428.0,0.13,511.14,390.0,0.16,-0.213,95.2,1,32.14,511.3
6932,15.6,48.2,428.0,0.2,485.17,370.18,0.7,-0.758,94.8,0,33.77,485.86
6933,15.73,51.2,400.0,0.2,443.85,338.66,0.12,-0.105,95.1,1,35.68,443.97
6934,15.68,57.2,400.0,0.17,390.0,297.57,0.03,-0.504,95.2,1,37.74,390.03
6935,15.79,53.3,400.0,0.11,327.29,249.72,0.56,0.164,94.4,1,39.82,327.85
6936,17.4,59.3,400.0,0.25,260.0,198.38,0.91,-0.026,94.9,1,41.76,260.91
6937,17.15,55.9,400.0,0.25,327.29,249.72,0.33,0.081,94.7,1,43.45,327.62
6938,19.19,60.6,411.0,0.06,390.0,297.57,0.44,0.005,94.9,1,44.76,390.44
6939,19.43,58.0,434.0,0.13,443.85,338.66,0.91,0.533,92.9,1,45.6,444.76
6940,19.51,60.2,400.0,0.01,485.17,370.18,0.87,0.517,92.9,1,45.92,486.04
6941,19.97,61.3,425.0,0.17,511.14,390.0,0.5,0.468,93.2,1,45.7,511.64
6942,20.85,55.3,434.0,0.13,520.0,396.76,0.41,0.323,93.9,1,44.94,520.41
6943,20.3,55.7,480.0,0.21,511.14,390.0,0.04,0.687,91.9,1,43.71,511.18
6944,19.77,51.9,1005.0,1.0,630.72,481.24,10.63,0.389,93.6,1,42.08,641.35
6945,19.13,48.8,1000.0,1.0,577.0,440.25,10.12,0.27,94.1,1,40.17,587.12
6946,18.78,43.3,993.0,1.0,507.0,386.84,10.67,0.495,93.1,1,38.11,517.67
6947,18.38,45.5,1005.0,1.0,425.48,324.64,10.33,0.244,94.2,1,36.03,435.81
6948,17.45,42.4,1066.0,1.0,338.0,257.89,10.81,0.485,93.1,1,34.08,348.81
6949,15.91,38.4,1024.0,1.0,425.48,324.64,10.97,-0.105,95.1,1,32.39,436.45
6950,15.96,38.2,1006.0,1.0,507.0,386.84,10.26,0.183,94.4,1,31.08,517.26
6951,14.63,39.1,950.0,1.0,577.0,440.25,10.27,-0.243,95.2,1,30.24,587.28
6952,14.63,39.4,1012.0,1.0,630.72,481.24,10.76,-0.277,95.3,1,29.91,641.48
6953,13.32,42.3,968.0,1.0,664.48,507.0,10.61,-0.459,95.2,1,30.14,675.09
6954,14.04,45.7,1041.0,1.0,676.0,515.79,10.44,-0.378,95.3,1,30.89,686.44
6955,14.0,46.5,400.0,0.04,511.14,390.0,0.48,-0.276,95.3,1,32.12,511.62
6956,14.03,50.0,400.0,0.08,485.17,370.18,0.53,-0.423,95.3,1,33.75,485.7
6957,14.91,49.6,400.0,0.08,443.85,338.66,0.47,-0.474,95.2,1,35.66,444.32
6958,16.17,56.7,400.0,0.15,390.0,297.57,0.48,-0.352,95.3,1,37.72,390.48
6959,16.07,58.5,400.0,0.24,327.29,249.72,0.81,-0.063,95.0,1,39.79,328.11
6960,16.5,62.6,400.0,0.19,260.0,198.38,0.05,-0.052,95.0,1,41.74,260.05
6961,18.77,57.4,400.0,0.12,327.29,249.72,0.54,0.166,94.4,1,43.43,327.83
6962,18.52,57.7,451.0,0.07,390.0,297.57,0.18,0.392,93.6,1,44.73,390.18
6963,19.97,57.1,400.0,0.13,443.85,338.66,0.53,0.446,93.3,1,45.58,444.38
6964,19.32,61.3,400.0,0.3,485.17,370.18,0.75,0.639,92.2,1,45.9,485.92
6965,20.65,54.6,401.0,0.09,511.14,390.0,0.2,0.521,92.9,1,45.67,511.34
6966,20.64,54.5,400.0,0.05,520.0,396.76,0.51,0.334,93.8,1,44.92,520.51
6967,20.54,49.9,405.0,0.17,511.14,390.0,0.24,0.407,93.5,1,43.69,511.38
6968,20.11,50.6,970.0,1.0,630.72,481.24,10.69,0.543,92.8,1,42.06,641.41
6969,19.87,48.3,1004.0,1.0,577.0,440.25,10.48,0.599,92.5,1,40.15,587.48
6970,18.66,46.3,944.0,1.0,507.0,386.84,10.23,0.285,94.0,1,38.08,517.23
6971,17.9,43.1,972.0,1.0,425.48,324.64,10.04,-0.003,94.9,1,36.01,435.52
6972,17.6,39.3,986.0,1.0,338.0,257.89,10.99,0.106,94.6,1,34.06,348.99
6973,17.31,41.5,984.0,1.0,425.48,324.64,10.46,0.176,94.4,1,32.37,435.94
6974,17.2,40.1,1000.0,1.0,507.0,386.84,10.57,-0.191,95.2,1,31.06,517.57
6975,15.2,40.3,970.0,1.0,577.0,440.25,10.91,-0.539,95.2,1,30.21,587.91
6976,14.26,39.4,999.0,1.0,630.72,481.24,10.09,-0.728,94.8,0,29.89,640.81
6977,14.28,43.4,1011.0,1.0,664.48,507.0,10.63,-0.137,95.1,1,30.11,675.12
6978,13.87,46.3,991.0,1.0,676.0,515.79,10.04,-0.472,95.2,1,30.87,686.04
6979,14.32,45.3,403.0,0.01,511.14,390.0,0.8,-0.689,94.9,1,32.1,511.94
6980,14.63,46.8,400.0,0.14,485.17,370.18,0.36,-0.495,95.2,1,33.72,485.53
6981,15.26,53.6,400.0,0.01,443.85,338.66,0.7,0.055,94.8,1,35.63,444.55
6982,15.93,51.0,400.0,0.2,390.0,297.57,0.96,0.061,94.7,1,37.69,390.96
6983,16.62,54.7,480.0,0.26,327.29,249.72,0.08,-0.154,95.2,1,39.77,327.37
6984,16.53,56.9,400.0,0.03,260.0,198.38,0.08,-0.191,95.2,1,41.71,260.08
6985,17.64,57.8,400.0,0.04,327.29,249.72,0.63,0.428,93.4,1,43.4,327.92
6986,18.23,61.5,400.0,0.18,390.0,297.57,0.12,0.443,93.3,1,44.71,390.12
6987,19.69,62.1,400.0,0.14,443.85,338.66,0.81,0.378,93.6,1,45.55,444.65
6988,18.88,60.9,400.0,0.1,485.17,370.18,0.94,-0.082,95.1,1,45.87,486.11
6989,20.78,55.5,402.0,0.03,511.14,390.0,0.64,0.517,92.9,1,45.65,511.78
6990,20.56,58.4,430.0,0.18,520.0,396.76,0.33,0.654,92.2,1,44.89,520.33
6991,20.26,50.5,415.0,0.05,511.14,390.0,0.91,0.442,93.3,1,43.66,512.05
6992,19.3,51.0,1003.0,1.0,630.72,481.24,10.28,0.295,94.0,1,42.03,641.0
6993,19.35,48.2,1026.0,1.0,577.0,440.25,10.87,0.126,94.6,1,40.12,587.87
6994,18.0,48.4,986.0,1.0,507.0,386.84,10.49,0.283,94.0,1,38.06,517.49
6995,18.46,44.3,925.0,1.0,425.48,324.64,10.79,-0.138,95.1,1,35.98,436.28
6996,17.26,45.0,1014.0,1.0,338.0,257.89,10.7,0.094,94.7,1,34.03,348.7
6997,17.27,38.7,989.0,1.0,425.48,324.64,10.59,-0.398,95.3,1,32.34,436.07
6998,16.5,41.7,1014.0,1.0,507.0,386.84,10.53,-0.366,95.3,1,31.03,517.53
6999,15.26,42.5,1014.0,1.0,577.0,440.25,10.82,-0.536,95.2,1,30.19,587.82
7000,15.07,42.2,1000.0,1.0,630.72,481.24,10.17,-0.648,95.0,1,29.86,640.89
7001,15.19,41.0,1004.0,1.0,664.48,507.0,10.99,-0.73,94.8,0,30.09,675.48
7002,13.51,44.1,1016.0,1.0,676.0,515.79,10.71,-0.237,95.2,1,30.84,686.71
7003,14.23,48.2,400.0,0.11,511.14,390.0,0.9,-0.508,95.2,1,32.07,512.04
7004,14.61,51.1,422.0,0.04,485.17,370.18,0.7,-0.689,94.9,1,33.69,485.86
7005,15.54,50.2,468.0,0.14,443.85,338.66,0.48,-0.217,95.2,1,35.6,444.33
7006,15.89,52.3,406.0,0.26,390.0,297.57,0.79,-0.4,95.3,1,37.67,390.79
7007,16.58,59.3,411.0,0.18,327.29,249.72,0.39,0.149,94.5,1,39.74,327.68
7008,16.59,60.4,439.0,0.17,260.0,198.38,0.15,-0.101,95.1,1,41.69,260.15
7009,17.68,62.1,434.0,0.02,327.29,249.72,0.24,0.048,94.8,1,43.37,327.53
7010,19.09,63.7,400.0,0.16,390.0,297.57,0.1,-0.028,95.0,1,44.68,390.1
7011,19.38,60.1,400.0,0.19,443.85,338.66,0.76,0.632,92.3,1,45.52,444.61
7012,19.68,55.8,400.0,0.11,485.17,370.18,0.46,0.247,94.2,1,45.84,485.63
7013,20.04,60.3,406.0,0.14,511.14,390.0,0.27,0.379,93.6,1,45.62,511.41
7014,20.73,55.1,400.0,0.03,520.0,396.76,0.46,0.287,94.0,1,44.86,520.46
7015,20.41,56.5,400.0,0.2,511.14,390.0,0.87,0.258,94.1,1,43.63,512.01
7016,19.57,48.8,410.0,0.27,485.17,370.18,0.93,0.523,92.9,1,42.0,486.09
7017,20.37,49.8,400.0,0.14,443.85,338.66,0.29,0.753,91.5,0,40.09,444.14
7018,18.78,43.3,439.0,0.12,390.0,297.57,0.47,0.391,93.6,1,38.03,390.47
7019,17.7,46.3,400.0,0.05,327.29,249.72,0.31,-0.225,95.2,1,35.95,327.6
7020,16.9,38.5,400.0,0.08,260.0,198.38,0.55,0.186,94.4,1,34.0,260.55
7021,16.77,40.6,400.0,0.27,327.29,249.72,0.06,-0.148,95.1,1,32.31,327.35
7022,16.26,39.8,400.0,0.29,390.0,297.57,0.51,-0.43,95.3,1,31.0,390.51
7023,15.82,38.9,409.0,0.23,443.85,338.66,0.57,-0.289,95.3,1,30.16,444.42
7024,15.1,41.1,400.0,0.09,485.17,370.18,0.79,-0.58,95.1,1,29.83,485.96
7025,14.59,41.1,400.0,0.1,511.14,390.0,0.5,-0.161,95.2,1,30.06,511.65
7026,13.77,44.0,424.0,0.14,520.0,396.76,0.34,-0.387,95.3,1,30.81,520.34
7027,14.87,47.3,426.0,0.2,511.14,390.0,0.95,-0.705,94.9,0,32.04,512.09
7028,14.83,47.8,414.0,0.19,485.17,370.18,0.16,-0.414,95.3,1,33.66,485.32
7029,15.57,51.9,416.0,0.16,443.85,338.66,0.71,-0.865,94.5,0,35.57,444.55
7030,15.91,56.0,415.0,0.02,390.0,297.57,0.24,-0.362,95.3,1,37.63,390.24
7031,16.44,54.9,440.0,0.06,327.29,249.72,0.0,0.103,94.6,1,39.71,327.3
7032,17.25,58.6,408.0,0.29,260.0,198.38,0.06,0.295,94.0,1,41.66,260.06
7033,18.22,57.3,400.0,0.27,327.29,249.72,0.75,0.024,94.8,1,43.34,328.04
7034,18.73,63.2,400.0,0.26,390.0,297.57,0.75,0.264,94.1,1,44.65,390.75
7035,18.69,60.6,400.0,0.09,443.85,338.66,0.93,0.391,93.6,1,45.49,444.78
7036,20.88,56.2,418.0,0.16,485.17,370.18,0.36,0.637,92.3,1,45.81,485.53
7037,19.76,61.1,424.0,0.18,511.14,390.0,0.96,0.298,94.0,1,45.59,512.1
7038,19.38,56.1,400.0,0.16,520.0,396.76,0.0,0.74,91.6,0,44.83,520.0
7039,19.94,51.3,400.0,0.03,511.14,390.0,0.29,0.546,92.8,1,43.6,511.43
7040,19.33,55.4,416.0,0.23,485.17,370.18,0.88,0.488,93.1,1,41.97,486.05
7041,20.87,47.6,436.0,0.19,443.85,338.66,0.31,0.418,93.4,1,40.06,444.16
7042,18.7,42.2,467.0,0.24,390.0,297.57,0.75,0.255,94.1,1,38.0,390.75
7043,18.54,45.7,416.0,0.06,327.29,249.72,0.29,0.355,93.7,1,35.92,327.59
7044,17.36,42.2,400.0,0.1,260.0,198.38,0.15,-0.175,95.2,1,33.97,260.15
7045,15.42,43.2,400.0,0.24,327.29,249.72,0.27,-0.335,95.3,1,32.28,327.56
7046,16.31,40.3,449.0,0.01,390.0,297.57,0.78,-0.338,95.3,1,30.97,390.78
7047,14.58,38.8,411.0,0.09,443.85,338.66,0.54,0.053,94.8,1,30.12,444.39
7048,14.93,38.7,400.0,0.21,485.17,370.18,0.3,-0.142,95.1,1,29.8,485.46
7049,13.66,41.0,400.0,0.03,511.14,390.0,0.82,-0.611,95.1,1,30.02,511.96
7050,14.4,43.2,445.0,0.25,520.0,396.76,0.22,-0.545,95.2,1,30.77,520.22
7051,14.33,43.7,400.0,0.24,511.14,390.0,0.68,-0.596,95.1,1,32.01,511.82
7052,14.59,48.0,437.0,0.02,485.17,370.18,0.16,-0.369,95.3,1,33.63,485.32
7053,15.16,51.8,423.0,0.16,443.85,338.66,0.32,-0.425,95.3,1,35.54,444.17
7054,15.5,54.0,400.0,0.23,390.0,297.57,0.28,-0.358,95.3,1,37.6,390.28
7055,15.36,50.3,453.0,0.2,327.29,249.72,0.43,-0.179,95.2,1,39.68,327.72
7056,17.68,56.2,400.0,0.2,260.0,198.38,0.46,0.043,94.8,1,41.62,260.46
7057,18.65,59.2,400.0,0.02,327.29,249.72,0.79,0.4,93.5,1,43.31,328.08
7058,18.95,58.6,443.0,0.27,390.0,297.57,0.46,0.166,94.4,1,44.62,390.46
7059,18.69,60.8,425.0,0.15,443.85,338.66,0.86,0.394,93.5,1,45.46,444.71
7060,19.69,57.7,400.0,0.23,485.17,370.18,0.92,0.627,92.3,1,45.78,486.08
7061,20.32,57.2,426.0,0.2,511.14,390.0,0.59,0.319,93.9,1,45.55,511.73
7062,19.8,56.2,434.0,0.03,520.0,396.76,0.45,0.536,92.8,1,44.8,520.45
7063,20.5,55.0,420.0,0.26,511.14,390.0,0.38,0.625,92.3,1,43.56,511.52
7064,20.37,50.6,984.0,1.0,630.72,481.24,10.68,0.56,92.7,1,41.94,641.39
7065,19.07,44.4,1010.0,1.0,577.0,440.25,10.3,0.654,92.2,1,40.03,587.3
7066,19.42,48.2,969.0,1.0,507.0,386.84,10.49,0.355,93.7,1,37.96,517.49
7067,17.81,45.3,989.0,1.0,425.48,324.64,10.74,0.141,94.5,1,35.88,436.22
7068,17.23,39.5,991.0,1.0,338.0,257.89,10.19,0.085,94.7,1,33.93,348.19
7069,16.53,41.0,1025.0,1.0,425.48,324.64,10.06,-0.169,95.2,1,32.25,435.54
7070,16.41,38.1,1028.0,1.0,507.0,386.84,10.49,-0.015,94.9,1,30.93,517.49
7071,15.09,39.2,960.0,1.0,577.0,440.25,10.48,-0.37,95.3,1,30.09,587.48
7072,15.4,42.5,1013.0,1.0,630.72,481.24,10.89,-0.467,95.2,1,29.76,641.61
7073,14.0,43.0,999.0,1.0,664.48,507.0,10.35,-0.632,95.0,1,29.99,674.83
7074,15.48,45.2,1011.0,1.0,676.0,515.79,10.06,-0.589,95.1,1,30.74,686.06
7075,13.74,47.8,447.0,0.01,511.14,390.0,0.47,-0.371,95.3,1,31.97,511.61
7076,15.01,52.3,400.0,0.06,485.17,370.18,0.47,-0.691,94.9,1,33.59,485.64
7077,15.0,53.5,400.0,0.12,443.85,338.66,0.89,-0.433,95.3,1,35.5,444.74
7078,14.67,54.6,422.0,0.07,390.0,297.57,0.93,-0.328,95.3,1,37.56,390.93
7079,16.77,56.1,403.0,0.24,327.29,249.72,0.94,-0.005,94.9,1,39.64,328.23
7080,17.63,58.1,400.0,0.15,260.0,198.38,0.12,0.174,94.4,1,41.59,260.12
7081,18.62,58.9,453.0,0.08,327.29,249.72,0.14,0.425,93.4,1,43.27,327.43
7082,18.59,60.2,409.0,0.08,390.0,297.57,0.89,0.109,94.6,1,44.58,390.89
7083,19.52,57.1,430.0,0.16,443.85,338.66,0.04,0.511,93.0,1,45.42,443.89
7084,20.33,58.9,400.0,0.11,485.17,370.18,0.15,0.486,93.1,1,45.74,485.32
7085,20.14,59.9,400.0,0.19,511.14,390.0,0.97,0.47,93.2,1,45.52,512.11
7086,20.07,55.5,400.0,0.21,520.0,396.76,0.21,0.646,92.2,1,44.76,520.21
7087,20.33,52.9,408.0,0.1,511.14,390.0,0.89,0.217,94.3,1,43.53,512.03
7088,20.73,47.0,1036.0,1.0,630.72,481.24,10.71,0.327,93.8,1,41.9,641.43
7089,19.2,45.1,987.0,1.0,577.0,440.25,10.27,0.136,94.5,1,39.99,587.28
7090,18.74,42.8,1031.0,1.0,507.0,386.84,10.35,0.511,93.0,1,37.92,517.35
7091,17.62,42.6,961.0,1.0,425.48,324.64,10.22,0.305,93.9,1,35.84,435.71
7092,17.41,40.8,990.0,1.0,338.0,257.89,10.93,-0.214,95.2,1,33.89,348.93
7093,17.09,39.5,1008.0,1.0,425.48,324.64,10.4,-0.398,95.3,1,32.21,435.88
7094,15.06,40.1,968.0,1.0,507.0,386.84,10.85,-0.13,95.1,1,30.89,517.85
7095,15.1,42.5,1048.0,1.0,577.0,440.25,10.46,-0.526,95.2,1,30.05,587.46
7096,15.26,42.4,994.0,1.0,630.72,481.24,10.61,-0.3,95.3,1,29.73,641.32
7097,14.21,45.9,979.0,1.0,664.48,507.0,10.94,-0.125,95.1,1,29.95,675.43
7098,14.04,41.4,970.0,1.0,676.0,515.79,10.3,-0.672,95.0,1,30.7,686.3
7099,14.17,47.4,400.0,0.06,511.14,390.0,0.55,-0.362,95.3,1,31.93,511.69
7100,15.08,49.0,423.0,0.21,485.17,370.18,0.97,-0.48,95.2,1,33.55,486.14
7101,15.31,53.4,400.0,0.25,443.85,338.66,0.2,-0.036,95.0,1,35.46,444.05
7102,16.42,53.1,411.0,0.03,390.0,297.57,0.16,-0.56,95.1,1,37.52,390.16
7103,16.37,57.0,400.0,0.07,327.29,249.72,0.19,-0.394,95.3,1,39.6,327.48
7104,17.41,57.5,429.0,0.22,260.0,198.38,0.88,0.035,94.8,1,41.55,260.88
7105,18.1,60.4,412.0,0.01,327.29,249.72,0.25,0.415,93.5,1,43.23,327.55
7106,19.08,62.5,422.0,0.1,390.0,297.57,0.4,0.197,94.3,1,44.54,390.4
7107,18.7,55.7,477.0,0.25,443.85,338.66,0.92,0.199,94.3,1,45.38,444.77
7108,19.99,58.1,400.0,0.23,485.17,370.18,0.66,0.09,94.7,1,45.7,485.83
7109,20.49,60.8,405.0,0.12,511.14,390.0,0.31,0.572,92.6,1,45.48,511.45
7110,18.76,57.4,406.0,0.06,520.0,396.76,0.06,0.225,94.2,1,44.72,520.06
7111,20.0,54.2,413.0,0.17,511.14,390.0,0.08,0.913,90.4,0,43.49,511.22
7112,19.96,48.7,988.0,1.0,630.72,481.24,10.64,0.459,93.2,1,41.86,641.35
7113,19.75,46.4,1021.0,1.0,577.0,440.25,10.23,0.366,93.7,1,39.95,587.23
7114,19.54,45.7,1065.0,1.0,507.0,386.84,10.5,0.189,94.4,1,37.88,517.5
7115,19.29,43.0,999.0,1.0,425.48,324.64,10.81,-0.042,95.0,1,35.8,436.29
7116,17.47,39.3,1001.0,1.0,338.0,257.89,10.52,-0.042,95.0,1,33.85,348.52
7117,16.93,39.5,972.0,1.0,425.48,324.64,10.14,-0.032,95.0,1,32.17,435.62
7118,15.79,44.8,952.0,1.0,507.0,386.84,10.88,-0.06,95.0,1,30.85,517.88
7119,15.65,41.0,972.0,1.0,577.0,440.25,10.31,-0.357,95.3,1,30.01,587.31
7120,14.73,38.0,962.0,1.0,630.72,481.24,10.85,-0.466,95.2,1,29.68,641.57
7121,15.49,46.0,965.0,1.0,664.48,507.0,10.94,-0.458,95.2,1,29.91,675.43
7122,15.13,43.4,981.0,1.0,676.0,515.79,10.16,-0.652,95.0,1,30.66,686.16
7123,14.58,50.6,400.0,0.28,511.14,390.0,0.97,-0.144,95.1,1,31.89,512.11
7124,14.63,51.4,400.0,0.26,485.17,370.18,0.99,-0.553,95.2,1,33.51,486.16
7125,15.38,46.3,400.0,0.23,443.85,338.66,0.15,-0.497,95.2,1,35.42,444.0
7126,15.69,50.4,400.0,0.28,390.0,297.57,0.98,-0.136,95.1,1,37.48,390.98
7127,16.73,56.7,470.0,0.08,327.29,249.72,0.92,-0.21,95.2,1,39.56,328.21
7128,16.83,59.3,400.0,0.05,260.0,198.38,0.77,0.307,93.9,1,41.5,260.77
7129,18.9,60.7,400.0,0.22,327.29,249.72,0.09,0.222,94.3,1,43.19,327.39
7130,18.62,62.0,412.0,0.25,390.0,297.57,1.0,0.06,94.7,1,44.5,391.0
7131,19.86,59.4,400.0,0.3,443.85,338.66,0.14,0.551,92.8,1,45.34,443.99
7132,18.88,55.9,400.0,0.13,485.17,370.18,0.44,0.426,93.4,1,45.66,485.61
7133,19.9,56.6,400.0,0.1,511.14,390.0,0.47,0.77,91.4,0,45.43,511.62
7134,21.31,51.5,400.0,0.2,520.0,396.76,0.79,0.354,93.7,1,44.68,520.79
7135,20.52,52.3,403.0,0.05,511.14,390.0,0.64,0.543,92.8,1,43.44,511.78
7136,20.85,52.9,1019.0,1.0,630.72,481.24,10.85,0.599,92.5,1,41.81,641.56
7137,19.52,50.9,1013.0,1.0,577.0,440.25,10.76,0.155,94.5,1,39.9,587.76
7138,18.76,44.4,1049.0,1.0,507.0,386.84,10.11,0.566,92.7,1,37.84,517.11
7139,18.69,44.1,1002.0,1.0,425.48,324.64,10.51,0.139,94.5,1,35.76,435.99
7140,17.51,38.8,1001.0,1.0,338.0,257.89,10.63,0.065,94.7,1,33.81,348.63
7141,16.58,42.3,973.0,1.0,425.48,324.64,10.51,-0.593,95.1,1,32.12,435.99
7142,16.8,38.5,1000.0,1.0,507.0,386.84,10.49,-0.468,95.2,1,30.81,517.49
7143,16.16,39.4,977.0,1.0,577.0,440.25,10.81,-0.543,95.2,1,29.96,587.81
7144,15.55,42.4,964.0,1.0,630.72,481.24,10.92,-0.177,95.2,1,29.64,641.63
7145,14.32,41.7,1055.0,1.0,664.48,507.0,10.71,-0.856,94.5,0,29.86,675.19
7146,12.82,45.5,962.0,1.0,676.0,515.79,10.93,-0.67,95.0,1,30.61,686.93
7147,14.2,46.2,455.0,0.18,511.14,390.0,0.13,-0.463,95.2,1,31.84,511.27
7148,14.74,50.4,435.0,0.19,485.17,370.18,0.98,-0.334,95.3,1,33.47,486.14
7149,14.9,52.1,400.0,0.29,443.85,338.66,0.07,-0.187,95.2,1,35.38,443.92
7150,15.68,56.8,400.0,0.01,390.0,297.57,0.52,-0.169,95.2,1,37.44,390.52
7151,17.05,55.2,400.0,0.07,327.29,249.72,0.83,-0.23,95.2,1,39.51,328.12
7152,16.83,59.9,400.0,0.06,260.0,198.38,0.78,-0.206,95.2,1,41.46,260.78
7153,17.71,59.5,448.0,0.25,327.29,249.72,0.87,0.445,93.3,1,43.14,328.16
7154,18.74,60.8,419.0,0.19,390.0,297.57,0.76,0.404,93.5,1,44.45,390.76
7155,19.54,58.3,431.0,0.12,443.85,338.66,0.54,0.337,93.8,1,45.29,444.39
7156,20.99,62.0,400.0,0.06,485.17,370.18,0.86,0.3,94.0,1,45.61,486.03
7157,20.12,58.4,400.0,0.25,511.14,390.0,0.9,0.467,93.2,1,45.39,512.04
7158,21.15,52.9,418.0,0.25,520.0,396.76,0.65,0.446,93.3,1,44.63,520.65
7159,20.34,54.8,400.0,0.15,511.14,390.0,0.81,0.41,93.5,1,43.4,511.95
7160,20.31,54.4,1045.0,1.0,630.72,481.24,10.83,0.281,94.0,1,41.77,641.54
7161,20.04,45.9,983.0,1.0,577.0,440.25,10.05,0.547,92.8,1,39.86,587.05
7162,20.16,43.5,1041.0,1.0,507.0,386.84,10.87,0.14,94.5,1,37.79,517.87
7163,17.84,46.2,973.0,1.0,425.48,324.64,10.44,0.05,94.8,1,35.71,435.92
7164,17.67,40.3,984.0,1.0,338.0,257.89,10.07,0.19,94.4,1,33.76,348.07
7165,17.07,42.4,992.0,1.0,425.48,324.64,10.19,-0.065,95.0,1,32.07,435.67
7166,15.32,40.5,988.0,1.0,507.0,386.84,10.26,0.051,94.8,1,30.76,517.26
7167,14.54,39.3,977.0,1.0,577.0,440.25,10.26,-0.707,94.9,0,29.92,587.26
7168,13.98,41.2,938.0,1.0,630.72,481.24,10.89,-0.444,95.3,1,29.59,641.61
7169,13.54,44.8,1004.0,1.0,664.48,507.0,10.94,-0.477,95.2,1,29.81,675.42
7170,14.11,45.5,978.0,1.0,676.0,515.79,10.73,-0.4,95.3,1,30.57,686.73
7171,14.93,45.0,400.0,0.05,511.14,390.0,0.82,-0.516,95.2,1,31.8,511.96
7172,14.57,48.8,419.0,0.21,485.17,370.18,0.25,-0.382,95.3,1,33.42,485.41
7173,15.22,54.1,400.0,0.15,443.85,338.66,0.22,-0.185,95.2,1,35.33,444.07
7174,15.76,58.1,400.0,0.27,390.0,297.57,0.13,-0.393,95.3,1,37.39,390.13
7175,17.13,58.2,400.0,0.13,327.29,249.72,0.45,0.04,94.8,1,39.46,327.75
7176,17.81,63.2,450.0,0.22,260.0,198.38,0.6,-0.131,95.1,1,41.41,260.6
7177,18.42,59.1,425.0,0.13,327.29,249.72,0.33,0.158,94.5,1,43.09,327.62
7178,19.73,61.4,400.0,0.25,390.0,297.57,0.32,-0.081,95.1,1,44.4,390.32
7179,19.47,60.4,401.0,0.22,443.85,338.66,0.53,0.083,94.7,1,45.24,444.38
7180,20.37,62.7,400.0,0.21,485.17,370.18,0.81,0.295,94.0,1,45.56,485.98
7181,20.17,57.5,400.0,0.12,511.14,390.0,0.02,0.205,94.3,1,45.34,511.16
7182,19.91,57.7,445.0,0.01,520.0,396.76,0.54,0.45,93.3,1,44.58,520.54
7183,20.64,52.9,400.0,0.25,511.14,390.0,0.63,0.704,91.8,0,43.35,511.77
7184,20.09,49.1,400.0,0.19,485.17,370.18,0.66,0.396,93.5,1,41.72,485.83
7185,19.5,51.4,400.0,0.18,443.85,338.66,0.29,0.394,93.5,1,39.81,444.14
7186,19.12,45.2,414.0,0.07,390.0,297.57,0.55,0.648,92.2,1,37.74,390.55
7187,18.35,43.7,400.0,0.09,327.29,249.72,0.65,0.177,94.4,1,35.66,327.94
7188,17.41,39.8,400.0,0.26,260.0,198.38,0.06,0.01,94.9,1,33.71,260.06
7189,15.74,42.4,400.0,0.29,327.29,249.72,0.1,-0.322,95.3,1,32.02,327.39
7190,15.6,37.5,461.0,0.09,390.0,297.57,0.03,-0.192,95.2,1,30.71,390.03
7191,15.3,37.8,400.0,0.29,443.85,338.66,0.2,-0.182,95.2,1,29.87,444.05
7192,15.01,43.5,400.0,0.13,485.17,370.18,0.07,-0.564,95.1,1,29.54,485.24
7193,14.71,42.7,422.0,0.02,511.14,390.0,0.4,-0.433,95.3,1,29.76,511.54
7194,13.99,43.9,400.0,0.2,520.0,396.76,0.44,-0.749,94.8,0,30.51,520.44
7195,14.44,44.7,445.0,0.1,511.14,390.0,0.72,-0.412,95.3,1,31.74,511.86
7196,13.32,50.6,400.0,0.01,485.17,370.18,0.84,-0.499,95.2,1,33.37,486.01
7197,15.55,53.9,400.0,0.09,443.85,338.66,0.47,-0.261,95.3,1,35.28,444.31
7198,16.46,55.5,400.0,0.05,390.0,297.57,0.29,-0.636,95.0,1,37.34,390.29
7199,17.36,53.2,400.0,0.21,327.29,249.72,0.88,-0.136,95.1,1,39.41,328.17
7200,16.93,60.7,400.0,0.26,260.0,198.38,0.95,0.159,94.5,1,41.36,260.95
7201,17.74,60.2,400.0,0.28,327.29,249.72,0.54,0.227,94.2,1,43.04,327.84
7202,19.52,59.1,400.0,0.17,390.0,297.57,0.41,0.208,94.3,1,44.35,390.41
7203,20.22,60.0,402.0,0.1,443.85,338.66,0.78,-0.151,95.2,1,45.19,444.63
7204,19.96,56.7,400.0,0.16,485.17,370.18,0.57,0.7,91.9,0,45.51,485.73
7205,20.48,58.6,402.0,0.09,511.14,390.0,0.3,0.276,94.0,1,45.29,511.44
7206,20.8,55.0,400.0,0.13,520.0,396.76,0.26,0.699,91.9,1,44.53,520.26
7207,19.77,54.7,447.0,0.3,511.14,390.0,0.72,0.321,93.9,1,43.3,511.86
7208,20.4,51.4,400.0,0.26,485.17,370.18,0.58,0.224,94.2,1,41.67,485.75
7209,20.13,48.5,419.0,0.1,443.85,338.66,0.98,0.319,93.9,1,39.75,444.82
7210,18.9,46.6,400.0,0.01,390.0,297.57,0.83,-0.063,95.0,1,37.69,390.83
7211,19.16,45.0,423.0,0.06,327.29,249.72,0.15,-0.119,95.1,1,35.61,327.44
7212,17.36,39.2,400.0,0.22,260.0,198.38,0.97,0.225,94.2,1,33.66,260.97
7213,15.9,42.5,400.0,0.02,327.29,249.72,0.95,0.044,94.8,1,31.97,328.24
7214,15.98,36.5,400.0,0.12,390.0,297.57,0.81,-0.439,95.3,1,30.66,390.81
7215,14.73,40.0,400.0,0.12,443.85,338.66,0.3,-0.472,95.2,1,29.81,444.15
7216,15.16,43.9,409.0,0.18,485.17,370.18,0.33,-0.837,94.5,0,29.49,485.5
7217,15.17,43.1,400.0,0.14,511.14,390.0,0.04,-0.569,95.1,1,29.71,511.18
7218,13.95,44.1,400.0,0.04,520.0,396.76,0.15,-0.618,95.1,1,30.46,520.15
7219,15.03,46.0,424.0,0.01,511.14,390.0,0.46,-0.187,95.2,1,31.69,511.6
7220,15.25,47.3,400.0,0.1,485.17,370.18,0.15,-0.413,95.3,1,33.32,485.32
7221,15.05,55.7,400.0,0.18,443.85,338.66,0.21,-0.334,95.3,1,35.22,444.05
7222,15.94,51.6,406.0,0.27,390.0,297.57,0.42,-0.167,95.2,1,37.28,390.42
7223,16.83,54.4,400.0,0.2,327.29,249.72,0.61,-0.236,95.2,1,39.36,327.91
7224,17.61,55.0,400.0,0.26,260.0,198.38,0.85,0.127,94.6,1,41.3,260.85
7225,18.13,62.7,400.0,0.07,327.29,249.72,0.1,0.227,94.2,1,42.99,327.39
7226,18.71,59.5,427.0,0.06,390.0,297.57,0.1,0.295,94.0,1,44.3,390.1
7227,19.06,61.1,400.0,0.19,443.85,338.66,0.23,0.44,93.3,1,45.14,444.07
7228,19.67,60.1,412.0,0.02,485.17,370.18,0.59,0.842,90.9,0,45.46,485.76
7229,20.15,58.5,400.0,0.29,511.14,390.0,0.71,0.009,94.9,1,45.23,511.85
7230,20.97,55.7,400.0,0.25,520.0,396.76,0.88,0.261,94.1,1,44.48,520.88
7231,19.56,53.5,411.0,0.18,511.14,390.0,0.65,0.39,93.6,1,43.24,511.79
7232,20.1,53.0,970.0,1.0,630.72,481.24,10.67,0.606,92.4,1,41.61,641.39
7233,20.39,47.9,1013.0,1.0,577.0,440.25,10.91,0.361,93.7,1,39.7,587.91
7234,17.86,44.1,999.0,1.0,507.0,386.84,10.73,0.389,93.6,1,37.63,517.73
7235,18.49,45.8,987.0,1.0,425.48,324.64,10.14,0.102,94.6,1,35.56,435.62
7236,17.36,42.6,1004.0,1.0,338.0,257.89,10.95,-0.144,95.1,1,33.61,348.95
7237,16.79,36.1,1038.0,1.0,425.48,324.64,10.77,0.004,94.9,1,31.92,436.26
7238,16.02,39.1,1007.0,1.0,507.0,386.84,10.18,-0.321,95.3,1,30.6,517.18
7239,16.06,39.8,965.0,1.0,577.0,440.25,10.66,-0.141,95.1,1,29.76,587.67
7240,14.75,44.0,972.0,1.0,630.72,481.24,10.31,-0.677,94.9,1,29.43,641.02
7241,14.53,42.7,973.0,1.0,664.48,507.0,10.7,-0.206,95.2,1,29.65,675.18
7242,14.37,43.2,986.0,1.0,676.0,515.79,10.89,-0.334,95.3,1,30.41,686.89
7243,14.91,44.8,412.0,0.21,511.14,390.0,0.18,-0.53,95.2,1,31.64,511.32
7244,14.81,49.6,418.0,0.03,485.17,370.18,0.4,-0.689,94.9,1,33.26,485.56
7245,15.58,54.1,413.0,0.23,443.85,338.66,0.44,-0.47,95.2,1,35.17,444.29
7246,16.48,58.1,400.0,0.29,390.0,297.57,0.3,-0.295,95.3,1,37.23,390.3
7247,16.74,54.0,410.0,0.12,327.29,249.72,0.72,0.084,94.7,1,39.3,328.02
7248,17.16,58.8,400.0,0.1,260.0,198.38,0.01,-0.038,95.0,1,41.25,260.01
7249,17.16,58.7,418.0,0.22,327.29,249.72,0.02,0.29,94.0,1,42.93,327.32
7250,19.74,59.8,433.0,0.07,390.0,297.57,0.99,0.123,94.6,1,44.24,390.99
7251,20.03,58.3,400.0,0.08,443.85,338.66,0.59,0.314,93.9,1,45.08,444.44
7252,19.7,56.0,400.0,0.29,485.17,370.18,0.11,0.408,93.5,1,45.4,485.28
7253,20.37,58.2,423.0,0.15,511.14,390.0,0.35,1.002,89.7,0,45.17,511.49
7254,21.56,54.7,410.0,0.08,520.0,396.76,0.39,0.734,91.6,0,44.42,520.39
7255,20.05,54.6,432.0,0.07,511.14,390.0,0.96,0.601,92.5,1,43.18,512.1
7256,20.71,50.7,1034.0,1.0,630.72,481.24,10.09,0.526,92.9,1,41.55,640.81
7257,20.55,51.2,991.0,1.0,577.0,440.25,10.03,0.621,92.4,1,39.64,587.03
7258,18.93,48.0,976.0,1.0,507.0,386.84,10.84,-0.061,95.0,1,37.58,517.84
7259,17.83,47.3,975.0,1.0,425.48,324.64,10.46,-0.349,95.3,1,35.5,435.94
7260,17.72,39.8,1027.0,1.0,338.0,257.89,10.16,0.064,94.7,1,33.55,348.16
7261,16.7,43.1,1019.0,1.0,425.48,324.64,10.26,-0.202,95.2,1,31.86,435.74
7262,16.23,40.3,1008.0,1.0,507.0,386.84,10.04,-0.406,95.3,1,30.55,517.04
7263,15.19,41.4,999.0,1.0,577.0,440.25,10.41,-0.213,95.2,1,29.7,587.41
7264,14.71,41.2,1015.0,1.0,630.72,481.24,10.63,-0.868,94.4,0,29.37,641.35
7265,15.0,43.0,1003.0,1.0,664.48,507.0,10.8,-0.278,95.3,1,29.6,675.28
7266,13.62,43.9,988.0,1.0,676.0,515.79,10.0,-0.202,95.2,1,30.35,686.0
7267,14.85,49.6,436.0,0.23,511.14,390.0,0.31,-0.714,94.9,0,31.58,511.45
7268,14.71,48.0,400.0,0.25,485.17,370.18,0.53,-0.085,95.1,1,33.2,485.7
7269,15.52,52.2,425.0,0.23,443.85,338.66,0.89,-0.159,95.2,1,35.11,444.73
7270,15.28,56.0,400.0,0.3,390.0,297.57,0.0,-0.311,95.3,1,37.17,390.0
7271,17.8,56.1,409.0,0.1,327.29,249.72,0.07,-0.169,95.2,1,39.24,327.36
7272,17.71,60.5,434.0,0.21,260.0,198.38,0.05,0.005,94.9,1,41.19,260.05
7273,18.9,58.9,423.0,0.01,327.29,249.72,0.74,0.17,94.4,1,42.87,328.04
7274,18.58,59.7,403.0,0.05,390.0,297.57,0.61,0.334,93.8,1,44.18,390.61
7275,19.42,62.3,400.0,0.04,443.85,338.66,0.09,0.726,91.7,0,45.02,443.94
7276,20.26,58.0,400.0,0.09,485.17,370.18,0.45,0.314,93.9,1,45.34,485.61
7277,20.53,59.5,412.0,0.14,511.14,390.0,0.41,0.483,93.1,1,45.11,511.55
7278,20.81,56.8,400.0,0.09,520.0,396.76,0.47,0.542,92.8,1,44.36,520.47
7279,20.49,57.2,400.0,0.2,511.14,390.0,0.34,0.183,94.4,1,43.12,511.48
7280,20.18,49.4,917.0,1.0,630.72,481.24,10.29,0.537,92.8,1,41.49,641.0
7281,19.8,47.3,989.0,1.0,577.0,440.25,10.17,0.264,94.1,1,39.58,587.18
7282,19.07,46.0,1001.0,1.0,507.0,386.84,10.54,0.347,93.8,1,37.52,517.54
7283,18.24,42.8,982.0,1.0,425.48,324.64,10.63,0.09,94.7,1,35.44,436.11
7284,17.36,42.5,999.0,1.0,338.0,257.89,10.73,0.206,94.3,1,33.49,348.73
7285,17.32,40.9,987.0,1.0,425.48,324.64,10.32,-0.45,95.3,1,31.8,435.8
7286,15.69,37.7,1019.0,1.0,507.0,386.84,10.49,-0.632,95.0,1,30.48,517.49
7287,14.9,38.8,994.0,1.0,577.0,440.25,10.51,-0.131,95.1,1,29.64,587.51
7288,15.05,44.6,992.0,1.0,630.72,481.24,10.31,-0.495,95.2,1,29.31,641.03
7289,15.01,41.8,995.0,1.0,664.48,507.0,10.95,-0.301,95.3,1,29.53,675.43
7290,16.4,45.5,983.0,1.0,676.0,515.79,10.72,0.179,94.4,1,30.29,686.72
7291,14.42,45.8,429.0,0.22,511.14,390.0,0.7,-0.553,95.2,1,31.51,511.84
7292,15.11,48.1,400.0,0.27,485.17,370.18,0.26,-0.515,95.2,1,33.14,485.42
7293,15.34,54.3,420.0,0.2,443.85,338.66,0.65,-0.303,95.3,1,35.05,444.49
7294,16.18,55.2,400.0,0.14,390.0,297.57,0.81,-0.55,95.2,1,37.11,390.81
7295,17.19,54.9,448.0,0.29,327.29,249.72,0.87,-0.211,95.2,1,39.18,328.16
7296,17.26,58.9,471.0,0.05,260.0,198.38,0.05,0.149,94.5,1,41.13,260.05
7297,18.62,60.4,412.0,0.3,327.29,249.72,0.62,0.053,94.8,1,42.81,327.91
7298,18.76,63.5,416.0,0.03,390.0,297.57,0.72,0.237,94.2,1,44.12,390.72
7299,19.57,55.8,400.0,0.11,443.85,338.66,0.19,-0.006,94.9,1,44.96,444.03
7300,20.68,61.1,402.0,0.05,485.17,370.18,0.67,0.587,92.5,1,45.28,485.84
7301,20.39,56.7,400.0,0.16,511.14,390.0,0.49,0.765,91.4,0,45.05,511.63
7302,20.6,59.4,400.0,0.13,520.0,396.76,0.84,0.082,94.7,1,44.29,520.84
7303,21.1,56.4,413.0,0.25,511.14,390.0,0.04,0.583,92.6,1,43.06,511.18
7304,21.35,54.2,974.0,1.0,630.72,481.24,10.51,0.631,92.3,1,41.43,641.23
7305,20.32,47.1,1017.0,1.0,577.0,440.25,10.25,0.384,93.6,1,39.52,587.25
7306,19.19,42.9,1025.0,1.0,507.0,386.84,10.94,0.315,93.9,1,37.45,517.94
7307,18.05,43.4,1037.0,1.0,425.48,324.64,10.93,0.409,93.5,1,35.37,436.41
7308,17.31,39.9,973.0,1.0,338.0,257.89,10.41,0.369,93.7,1,33.42,348.41
7309,16.39,40.4,966.0,1.0,425.48,324.64,10.84,-0.076,95.0,1,31.73,436.32
7310,15.84,37.4,1019.0,1.0,507.0,386.84,10.37,-0.485,95.2,1,30.42,517.37
7311,15.55,39.5,1020.0,1.0,577.0,440.25,10.76,-0.407,95.3,1,29.57,587.77
7312,14.98,44.0,1019.0,1.0,630.72,481.24,10.21,-0.402,95.3,1,29.25,640.92
7313,14.67,43.1,1022.0,1.0,664.48,507.0,10.58,-0.728,94.8,0,29.47,675.06
7314,14.92,42.5,972.0,1.0,676.0,515.79,10.86,-0.375,95.3,1,30.22,686.86
7315,15.05,48.2,400.0,0.19,511.14,390.0,0.42,-0.664,95.0,1,31.45,511.56
7316,15.2,48.3,400.0,0.24,485.17,370.18,0.82,-0.06,95.0,1,33.07,485.99
7317,15.85,54.5,422.0,0.21,443.85,338.66,0.39,-0.616,95.1,1,34.98,444.24
7318,17.65,56.6,415.0,0.07,390.0,297.57,0.25,0.245,94.2,1,37.04,390.25
7319,17.21,58.1,415.0,0.09,327.29,249.72,0.9,-0.357,95.3,1,39.12,328.2
7320,18.24,61.9,407.0,0.09,260.0,198.38,0.3,-0.396,95.3,1,41.06,260.3
7321,18.89,59.2,403.0,0.04,327.29,249.72,0.24,0.371,93.7,1,42.74,327.53
7322,19.06,64.0,400.0,0.25,390.0,297.57,0.86,0.066,94.7,1,44.05,390.86
7323,20.3,60.8,405.0,0.28,443.85,338.66,0.93,0.426,93.4,1,44.89,444.78
7324,19.97,60.5,416.0,0.03,485.17,370.18,0.65,0.473,93.2,1,45.21,485.82
7325,20.03,53.1,429.0,0.11,511.14,390.0,0.89,0.236,94.2,1,44.98,512.03
7326,21.27,55.1,436.0,0.24,520.0,396.76,0.29,0.016,94.9,1,44.23,520.29
7327,21.68,52.6,417.0,0.06,511.14,390.0,0.4,0.402,93.5,1,42.99,511.54
7328,20.11,48.2,1037.0,1.0,630.72,481.24,10.94,0.554,92.7,1,41.36,641.66
7329,20.15,46.0,1020.0,1.0,577.0,440.25,10.97,0.278,94.0,1,39.45,587.98
7330,18.54,47.9,954.0,1.0,507.0,386.84,10.31,0.23,94.2,1,37.39,517.31
7331,19.44,44.6,1025.0,1.0,425.48,324.64,10.04,0.246,94.2,1,35.31,435.52
7332,17.59,43.0,969.0,1.0,338.0,257.89,10.3,-0.351,95.3,1,33.36,348.3
7333,17.08,44.7,1043.0,1.0,425.48,324.64,10.75,-0.233,95.2,1,31.67,436.23
7334,16.11,41.1,940.0,1.0,507.0,386.84,10.54,0.021,94.8,1,30.35,517.54
7335,15.57,43.1,938.0,1.0,577.0,440.25,10.57,-0.465,95.2,1,29.51,587.57
7336,14.38,41.8,1051.0,1.0,630.72,481.24,10.1,-0.402,95.3,1,29.18,640.81
7337,14.41,41.4,1057.0,1.0,664.48,507.0,10.46,-0.6,95.1,1,29.4,674.94
7338,14.75,44.7,1035.0,1.0,676.0,515.79,10.87,-0.563,95.1,1,30.15,686.87
7339,15.03,48.4,442.0,0.04,511.14,390.0,0.31,-0.484,95.2,1,31.38,511.45
7340,15.67,46.4,400.0,0.18,485.17,370.18,0.07,-0.695,94.9,1,33.01,485.23
7341,15.66,52.7,432.0,0.2,443.85,338.66,0.33,-0.05,95.0,1,34.91,444.18
7342,17.43,55.6,400.0,0.0,390.0,297.57,0.23,-0.098,95.1,1,36.97,390.23
7343,17.25,55.3,434.0,0.17,327.29,249.72,0.88,0.133,94.5,1,39.05,328.17
7344,18.09,55.8,400.0,0.19,260.0,198.38,0.74,-0.03,95.0,1,40.99,260.74
7345,18.18,60.6,400.0,0.13,327.29,249.72,0.43,-0.198,95.2,1,42.68,327.73
7346,19.8,60.2,430.0,0.24,390.0,297.57,0.51,0.161,94.5,1,43.98,390.51
7347,20.16,62.2,400.0,0.08,443.85,338.66,0.17,0.452,93.3,1,44.82,444.02
7348,21.12,59.2,415.0,0.04,485.17,370.18,0.27,0.586,92.6,1,45.14,485.44
7349,19.98,53.1,400.0,0.26,511.14,390.0,0.05,0.47,93.2,1,44.92,511.2
7350,19.57,55.5,400.0,0.07,520.0,396.76,0.49,0.257,94.1,1,44.16,520.49
7351,20.71,54.6,400.0,0.13,511.14,390.0,0.86,0.683,92.0,1,42.93,512.0
7352,20.72,47.8,400.0,0.16,485.17,370.18,0.65,0.401,93.5,1,41.3,485.82
7353,20.37,44.7,420.0,0.12,443.85,338.66,0.22,0.279,94.0,1,39.38,444.07
7354,19.31,46.8,410.0,0.11,390.0,297.57,0.37,0.281,94.0,1,37.32,390.37
7355,19.64,45.5,400.0,0.17,327.29,249.72,0.55,0.19,94.4,1,35.24,327.85
7356,17.71,41.1,444.0,0.25,260.0,198.38,0.41,-0.02,94.9,1,33.29,260.41
7357,16.98,41.2,444.0,0.1,327.29,249.72,0.86,0.036,94.8,1,31.6,328.16
7358,16.46,38.1,400.0,0.13,390.0,297.57,0.43,-0.088,95.1,1,30.28,390.43
7359,15.16,39.1,400.0,0.18,443.85,338.66,0.39,-0.231,95.2,1,29.44,444.24
7360,15.19,42.0,438.0,0.05,485.17,370.18,0.27,-0.555,95.2,1,29.11,485.44
7361,14.59,43.0,400.0,0.2,511.14,390.0,0.3,-0.607,95.1,1,29.33,511.44
7362,15.09,45.4,448.0,0.2,520.0,396.76,0.87,-0.543,95.2,1,30.08,520.87
7363,14.79,47.9,400.0,0.1,511.14,390.0,0.9,-0.343,95.3,1,31.31,512.04
7364,15.13,54.2,440.0,0.15,485.17,370.18,0.86,-0.657,95.0,1,32.94,486.03
7365,15.51,46.4,423.0,0.15,443.85,338.66,0.12,-0.291,95.3,1,34.84,443.96
7366,16.5,55.9,481.0,0.03,390.0,297.57,0.25,-0.212,95.2,1,36.9,390.25
7367,17.71,55.6,424.0,0.0,327.29,249.72,0.66,-0.028,95.0,1,38.98,327.95
7368,17.4,56.8,459.0,0.06,260.0,198.38,0.77,0.065,94.7,1,40.92,260.77
7369,18.6,60.4,400.0,0.29,327.29,249.72,0.23,0.21,94.3,1,42.61,327.52
7370,19.7,60.5,400.0,0.15,390.0,297.57,0.25,0.16,94.5,1,43.91,390.25
7371,20.13,61.4,400.0,0.18,443.85,338.66,0.12,0.023,94.8,1,44.75,443.97
7372,21.15,59.1,404.0,0.05,485.17,370.18,0.08,0.338,93.8,1,45.07,485.25
7373,19.72,55.7,403.0,0.01,511.14,390.0,0.78,0.607,92.4,1,44.85,511.92
7374,20.5,52.9,401.0,0.16,520.0,396.76,0.88,0.765,91.4,0,44.09,520.88
7375,20.67,51.9,411.0,0.01,511.14,390.0,0.89,0.486,93.1,1,42.85,512.03
7376,20.68,51.9,424.0,0.29,485.17,370.18,0.04,0.768,91.4,0,41.22,485.2
7377,19.83,49.8,400.0,0.23,443.85,338.66,0.67,0.397,93.5,1,39.31,444.52
7378,19.17,41.9,400.0,0.23,390.0,297.57,0.39,0.181,94.4,1,37.24,390.39
7379,18.54,42.8,400.0,0.17,327.29,249.72,0.79,0.162,94.5,1,35.17,328.08
7380,17.67,41.0,407.0,0.21,260.0,198.38,0.67,-0.026,94.9,1,33.21,260.67
7381,17.69,41.1,400.0,0.16,327.29,249.72,0.67,0.266,94.1,1,31.53,327.96
7382,16.52,38.6,441.0,0.03,390.0,297.57,0.11,-0.281,95.3,1,30.21,390.11
7383,15.63,37.2,414.0,0.18,443.85,338.66,0.91,-0.386,95.3,1,29.36,444.76
7384,15.4,40.4,432.0,0.25,485.17,370.18,0.88,-0.599,95.1,1,29.04,486.05
7385,14.3,45.1,400.0,0.15,511.14,390.0,0.38,-0.274,95.3,1,29.26,511.52
7386,14.56,40.3,427.0,0.22,520.0,396.76,0.16,-0.764,94.7,0,30.01,520.16
7387,14.67,44.6,400.0,0.06,511.14,390.0,0.05,-0.763,94.8,0,31.24,511.19
7388,15.81,49.3,400.0,0.23,485.17,370.18,0.88,-0.731,94.8,0,32.86,486.05
7389,16.42,50.9,441.0,0.13,443.85,338.66,0.46,-0.622,95.1,1,34.77,444.3
7390,16.02,52.3,400.0,0.17,390.0,297.57,0.45,-0.184,95.2,1,36.83,390.45
7391,17.68,55.3,400.0,0.06,327.29,249.72,0.53,-0.118,95.1,1,38.9,327.82
7392,17.97,59.0,400.0,0.24,260.0,198.38,0.09,-0.279,95.3,1,40.85,260.09
7393,18.52,60.0,400.0,0.14,327.29,249.72,0.65,0.121,94.6,1,42.53,327.94
7394,19.09,61.7,449.0,0.1,390.0,297.57,0.78,0.297,94.0,1,43.84,390.78
7395,19.85,61.0,431.0,0.03,443.85,338.66,0.24,0.347,93.8,1,44.68,444.09
7396,20.38,56.1,400.0,0.29,485.17,370.18,0.88,-0.093,95.1,1,45.0,486.05
7397,20.06,58.5,400.0,0.02,511.14,390.0,0.11,0.656,92.1,1,44.77,511.25
7398,20.75,56.7,406.0,0.11,520.0,396.76,0.97,0.622,92.3,1,44.02,520.97
7399,20.78,52.0,400.0,0.06,511.14,390.0,0.22,0.474,93.2,1,42.78,511.36
7400,19.83,52.9,977.0,1.0,630.72,481.24,10.2,0.688,91.9,1,41.15,640.92
7401,19.75,46.6,978.0,1.0,577.0,440.25,10.77,0.573,92.6,1,39.24,587.77
7402,19.15,47.5,994.0,1.0,507.0,386.84,10.94,-0.053,95.0,1,37.17,517.94
7403,17.97,44.5,958.0,1.0,425.48,324.64,10.95,0.314,93.9,1,35.09,436.43
7404,18.47,41.2,976.0,1.0,338.0,257.89,10.48,-0.157,95.2,1,33.14,348.48
7405,17.1,38.5,1033.0,1.0,425.48,324.64,10.3,-0.379,95.3,1,31.45,435.78
7406,15.54,38.9,968.0,1.0,507.0,386.84,10.93,-0.184,95.2,1,30.14,517.93
7407,16.07,38.9,997.0,1.0,577.0,440.25,10.99,-0.521,95.2,1,29.29,587.99
7408,14.93,44.7,1008.0,1.0,630.72,481.24,10.39,-0.234,95.2,1,28.97,641.11
7409,14.32,44.8,1031.0,1.0,664.48,507.0,10.89,-0.424,95.3,1,29.19,675.38
7410,14.83,46.6,961.0,1.0,676.0,515.79,10.52,-0.222,95.2,1,29.94,686.52
7411,15.86,47.6,400.0,0.08,511.14,390.0,0.98,-0.526,95.2,1,31.16,512.12
7412,15.27,48.5,400.0,0.1,485.17,370.18,0.95,-0.229,95.2,1,32.79,486.11
7413,15.46,53.6,429.0,0.16,443.85,338.66,0.93,-0.439,95.3,1,34.69,444.77
7414,16.74,52.7,419.0,0.13,390.0,297.57,0.87,-0.017,94.9,1,36.75,390.87
7415,16.72,59.8,448.0,0.15,327.29,249.72,0.63,-0.044,95.0,1,38.83,327.92
7416,18.66,55.4,400.0,0.11,260.0,198.38,0.32,-0.047,95.0,1,40.77,260.32
7417,18.63,57.4,400.0,0.28,327.29,249.72,0.19,0.487,93.1,1,42.46,327.48
7418,19.73,61.2,400.0,0.02,390.0,297.57,0.96,0.062,94.7,1,43.76,390.96
7419,19.17,59.2,400.0,0.02,443.85,338.66,0.22,0.324,93.9,1,44.6,444.07
7420,20.51,61.3,400.0,0.15,485.17,370.18,0.56,0.556,92.7,1,44.92,485.73
7421,20.25,59.9,412.0,0.1,511.14,390.0,0.81,0.607,92.4,1,44.7,511.95
7422,20.75,50.5,400.0,0.23,520.0,396.76,0.75,0.278,94.0,1,43.94,520.75
7423,20.91,51.4,436.0,0.13,511.14,390.0,0.4,0.211,94.3,1,42.7,511.54
7424,20.28,48.7,995.0,1.0,630.72,481.24,10.79,0.33,93.8,1,41.07,641.51
7425,19.79,49.6,1012.0,1.0,577.0,440.25,10.8,0.377,93.6,1,39.16,587.81
7426,20.11,42.6,959.0,1.0,507.0,386.84,10.84,0.138,94.5,1,37.09,517.84
7427,17.56,38.4,976.0,1.0,425.48,324.64,10.0,0.15,94.5,1,35.01,435.49
7428,18.3,39.5,982.0,1.0,338.0,257.89,10.93,0.276,94.1,1,33.06,348.93
7429,17.03,41.6,984.0,1.0,425.48,324.64,10.61,-0.064,95.0,1,31.37,436.09
7430,16.09,43.9,984.0,1.0,507.0,386.84,10.31,-0.264,95.3,1,30.06,517.31
7431,15.53,36.9,1000.0,1.0,577.0,440.25,10.37,-0.227,95.2,1,29.21,587.38
7432,15.45,39.3,983.0,1.0,630.72,481.24,10.21,-0.537,95.2,1,28.89,640.93
7433,15.28,42.9,1020.0,1.0,664.48,507.0,10.05,-0.611,95.1,1,29.11,674.53
7434,14.62,46.7,1024.0,1.0,676.0,515.79,10.6,-0.605,95.1,1,29.86,686.6
7435,15.17,51.1,453.0,0.0,511.14,390.0,0.55,-0.472,95.2,1,31.09,511.69
7436,14.32,50.2,407.0,0.07,485.17,370.18,0.68,-0.154,95.2,1,32.71,485.84
7437,16.3,53.6,400.0,0.06,443.85,338.66,0.61,-0.166,95.2,1,34.62,444.46
7438,16.55,54.7,403.0,0.01,390.0,297.57,0.8,-0.043,95.0,1,36.68,390.8
7439,16.44,59.6,413.0,0.2,327.29,249.72,0.22,-0.384,95.3,1,38.75,327.52
7440,18.5,57.3,400.0,0.01,260.0,198.38,0.69,-0.122,95.1,1,40.69,260.69
7441,18.9,59.5,425.0,0.16,327.29,249.72,0.9,0.372,93.6,1,42.38,328.19
7442,19.55,55.6,422.0,0.12,390.0,297.57,0.82,0.263,94.1,1,43.68,390.82
7443,19.65,61.2,400.0,0.02,443.85,338.66,0.5,0.168,94.4,1,44.53,444.35
7444,19.95,62.1,457.0,0.22,485.17,370.18,0.86,0.642,92.2,1,44.84,486.03
7445,20.44,58.7,409.0,0.06,511.14,390.0,0.32,0.161,94.5,1,44.62,511.46
7446,22.36,53.9,400.0,0.25,520.0,396.76,0.63,0.599,92.5,1,43.86,520.63
7447,20.66,50.2,400.0,0.01,511.14,390.0,0.86,0.237,94.2,1,42.62,512.0
7448,20.89,53.9,1007.0,1.0,630.72,481.24,10.95,0.59,92.5,1,40.99,641.67
7449,20.46,45.9,976.0,1.0,577.0,440.25,10.14,0.335,93.8,1,39.08,587.14
7450,20.35,44.7,973.0,1.0,507.0,386.84,10.11,0.412,93.5,1,37.01,517.11
7451,18.98,40.4,988.0,1.0,425.48,324.64,10.51,-0.008,94.9,1,34.93,435.99
7452,17.35,42.5,1015.0,1.0,338.0,257.89,10.4,-0.332,95.3,1,32.98,348.4
7453,17.0,44.1,990.0,1.0,425.48,324.64,10.33,-0.236,95.2,1,31.29,435.81
7454,16.09,40.3,975.0,1.0,507.0,386.84,10.37,-0.51,95.2,1,29.98,517.37
7455,16.07,42.9,1047.0,1.0,577.0,440.25,10.38,-0.381,95.3,1,29.13,587.38
7456,15.78,39.3,1015.0,1.0,630.72,481.24,10.67,-0.51,95.2,1,28.81,641.39
7457,15.49,42.4,974.0,1.0,664.48,507.0,10.61,-0.226,95.2,1,29.03,675.09
7458,15.4,45.0,1007.0,1.0,676.0,515.79,10.36,-0.67,95.0,1,29.78,686.36
7459,16.19,45.4,404.0,0.09,511.14,390.0,0.87,-0.616,95.1,1,31.01,512.02
7460,15.9,47.6,400.0,0.1,485.17,370.18,0.37,-0.591,95.1,1,32.63,485.53
7461,15.14,50.8,401.0,0.3,443.85,338.66,0.0,-0.212,95.2,1,34.54,443.85
7462,16.15,54.1,400.0,0.04,390.0,297.57,0.15,-0.21,95.2,1,36.6,390.15
7463,18.08,55.7,414.0,0.11,327.29,249.72,0.06,-0.491,95.2,1,38.67,327.35
7464,17.78,61.0,400.0,0.04,260.0,198.38,0.5,0.449,93.3,1,40.61,260.5
7465,18.9,55.2,406.0,0.26,327.29,249.72,0.4,0.303,93.9,1,42.3,327.69
7466,19.22,60.2,414.0,0.07,390.0,297.57,0.16,0.164,94.4,1,43.6,390.16
7467,19.47,56.6,400.0,0.25,443.85,338.66,0.64,-0.055,95.0,1,44.44,444.49
7468,20.77,60.9,422.0,0.05,485.17,370.18,0.41,0.454,93.3,1,44.76,485.58
7469,21.5,55.8,440.0,0.22,511.14,390.0,0.57,0.408,93.5,1,44.53,511.71
7470,20.9,55.3,400.0,0.21,520.0,396.76,0.08,0.406,93.5,1,43.78,520.08
7471,19.81,55.7,400.0,0.08,511.14,390.0,0.08,0.592,92.5,1,42.54,511.22
7472,20.52,47.1,960.0,1.0,630.72,481.24,10.76,0.559,92.7,1,40.91,641.48
7473,20.01,50.6,1021.0,1.0,577.0,440.25,10.97,0.775,91.4,0,39.0,587.97
7474,19.51,46.4,996.0,1.0,507.0,386.84,10.63,-0.0,94.9,1,36.93,517.63
7475,18.51,42.4,966.0,1.0,425.48,324.64,10.28,0.355,93.7,1,34.85,435.76
7476,17.24,36.8,984.0,1.0,338.0,257.89,10.34,-0.223,95.2,1,32.9,348.34
7477,16.84,44.2,1014.0,1.0,425.48,324.64,10.08,0.014,94.9,1,31.21,435.56
7478,16.04,39.3,1024.0,1.0,507.0,386.84,10.99,-0.253,95.2,1,29.9,517.99
7479,16.31,41.5,1017.0,1.0,577.0,440.25,10.86,-0.23,95.2,1,29.05,587.86
7480,15.45,41.4,999.0,1.0,630.72,481.24,10.64,-0.261,95.3,1,28.72,641.35
7481,15.51,46.7,1022.0,1.0,664.48,507.0,10.04,-0.745,94.8,0,28.94,674.53
7482,14.86,42.4,1004.0,1.0,676.0,515.79,10.18,-0.791,94.7,0,29.69,686.18
7483,14.85,49.1,407.0,0.17,511.14,390.0,0.09,-0.429,95.3,1,30.92,511.23
7484,15.26,53.2,400.0,0.03,485.17,370.18,0.74,-0.81,94.6,0,32.55,485.91
7485,15.51,49.7,433.0,0.08,443.85,338.66,0.87,-0.239,95.2,1,34.45,444.72
7486,16.83,54.2,421.0,0.23,390.0,297.57,0.52,-0.193,95.2,1,36.51,390.52
7487,16.35,57.4,400.0,0.21,327.29,249.72,0.67,-0.452,95.2,1,38.58,327.97
7488,17.89,59.9,434.0,0.11,260.0,198.38,0.77,0.131,94.6,1,40.53,260.77
7489,18.63,60.7,400.0,0.28,327.29,249.72,0.35,0.262,94.1,1,42.21,327.64
7490,19.41,62.1,400.0,0.11,390.0,297.57,0.99,0.029,94.8,1,43.52,390.99
7491,20.38,59.8,400.0,0.16,443.85,338.66,0.46,0.487,93.1,1,44.36,444.31
7492,19.78,59.7,400.0,0.26,485.17,370.18,0.83,0.382,93.6,1,44.68,486.0
7493,21.15,55.0,400.0,0.16,511.14,390.0,0.04,0.144,94.5,1,44.45,511.18
7494,21.14,53.4,429.0,0.07,520.0,396.76,0.1,0.741,91.6,0,43.69,520.1
7495,21.18,52.9,404.0,0.01,511.14,390.0,0.22,0.5,93.0,1,42.46,511.36
7496,20.9,49.8,992.0,1.0,630.72,481.24,10.16,0.739,91.6,0,40.83,640.88
7497,20.07,49.2,1013.0,1.0,577.0,440.25,10.97,0.184,94.4,1,38.91,587.97
7498,19.64,41.7,1024.0,1.0,507.0,386.84,10.69,0.221,94.3,1,36.85,517.69
7499,19.53,44.2,1040.0,1.0,425.48,324.64,10.65,0.193,94.4,1,34.77,436.13
7500,17.2,43.1,998.0,1.0,338.0,257.89,10.55,0.214,94.3,1,32.82,348.55
7501,18.02,36.0,1000.0,1.0,425.48,324.64,10.94,-0.247,95.2,1,31.13,436.42
7502,17.68,43.4,970.0,1.0,507.0,386.84,10.49,-0.129,95.1,1,29.81,517.49
7503,16.39,44.2,1006.0,1.0,577.0,440.25,10.5,-0.516,95.2,1,28.96,587.5
7504,15.38,43.3,1008.0,1.0,630.72,481.24,10.01,-0.166,95.2,1,28.64,640.73
7505,15.19,42.2,984.0,1.0,664.48,507.0,10.79,-0.968,94.1,0,28.86,675.27
7506,15.6,44.0,1002.0,1.0,676.0,515.79,10.77,-0.249,95.2,1,29.61,686.77
7507,15.59,45.8,400.0,0.11,511.14,390.0,0.0,-0.642,95.0,1,30.84,511.14
7508,15.68,49.5,412.0,0.22,485.17,370.18,0.53,-0.732,94.8,0,32.46,485.69
7509,15.46,51.2,400.0,0.11,443.85,338.66,0.72,0.05,94.8,1,34.37,444.57
7510,17.33,55.3,407.0,0.07,390.0,297.57,0.16,-0.35,95.3,1,36.43,390.16
7511,17.65,56.8,400.0,0.06,327.29,249.72,0.89,-0.15,95.2,1,38.5,328.18
7512,18.33,59.6,424.0,0.06,260.0,198.38,0.37,0.167,94.4,1,40.44,260.37
7513,19.41,58.8,415.0,0.24,327.29,249.72,0.8,0.229,94.2,1,42.13,328.09
7514,19.56,57.9,433.0,0.05,390.0,297.57,0.57,0.381,93.6,1,43.43,390.57
7515,20.42,62.1,404.0,0.19,443.85,338.66,0.57,0.407,93.5,1,44.27,444.41
7516,20.45,56.9,400.0,0.18,485.17,370.18,0.29,0.283,94.0,1,44.59,485.46
7517,20.91,57.0,400.0,0.17,511.14,390.0,0.5,0.572,92.6,1,44.36,511.64
7518,21.42,55.1,426.0,0.18,520.0,396.76,0.95,0.941,90.2,0,43.61,520.95
7519,21.06,53.2,403.0,0.07,511.14,390.0,0.25,0.626,92.3,1,42.37,511.39
7520,20.81,50.2,400.0,0.16,485.17,370.18,0.84,0.372,93.6,1,40.74,486.01
7521,20.14,47.2,425.0,0.06,443.85,338.66,0.41,0.284,94.0,1,38.83,444.25
7522,18.71,45.8,423.0,0.04,390.0,297.57,0.82,0.249,94.2,1,36.76,390.82
7523,19.55,41.4,400.0,0.21,327.29,249.72,0.77,-0.08,95.0,1,34.68,328.06
7524,17.72,41.2,410.0,0.14,260.0,198.38,0.8,0.235,94.2,1,32.73,260.8
7525,17.8,40.6,402.0,0.15,327.29,249.72,0.74,-0.262,95.3,1,31.04,328.04
7526,16.64,36.4,434.0,0.0,390.0,297.57,0.48,-0.158,95.2,1,29.72,390.48
7527,16.24,42.8,400.0,0.26,443.85,338.66,0.83,0.204,94.3,1,28.88,444.68
7528,15.44,45.3,440.0,0.01,485.17,370.18,0.26,-0.568,95.1,1,28.55,485.43
7529,15.05,43.8,432.0,0.06,511.14,390.0,0.84,-0.574,95.1,1,28.77,511.99
7530,14.66,43.8,400.0,0.19,520.0,396.76,0.09,-0.426,95.3,1,29.52,520.09
7531,15.9,46.3,400.0,0.14,511.14,390.0,0.97,-0.284,95.3,1,30.75,512.11
7532,15.93,47.4,412.0,0.15,485.17,370.18,0.32,-0.624,95.0,1,32.37,485.49
7533,16.27,55.2,400.0,0.23,443.85,338.66,0.7,-0.241,95.2,1,34.28,444.55
7534,17.04,51.9,407.0,0.17,390.0,297.57,0.94,-0.178,95.2,1,36.34,390.94
7535,17.6,58.6,405.0,0.18,327.29,249.72,0.36,-0.375,95.3,1,38.41,327.65
7536,17.59,57.5,416.0,0.23,260.0,198.38,0.92,-0.106,95.1,1,40.35,260.92
7537,19.24,62.2,400.0,0.26,327.29,249.72,0.83,0.371,93.7,1,42.04,328.13
7538,19.46,61.3,473.0,0.23,390.0,297.57,0.29,0.134,94.5,1,43.34,390.29
7539,20.55,61.5,406.0,0.04,443.85,338.66,0.0,0.002,94.9,1,44.18,443.85
7540,20.45,59.2,436.0,0.08,485.17,370.18,0.83,0.354,93.7,1,44.5,486.0
7541,20.03,60.7,413.0,0.13,511.14,390.0,0.71,0.787,91.3,0,44.27,511.85
7542,20.94,52.2,426.0,0.28,520.0,396.76,0.05,0.054,94.8,1,43.52,520.05
7543,20.83,49.6,400.0,0.12,511.14,390.0,0.05,0.488,93.1,1,42.28,511.19
7544,21.48,47.4,453.0,0.07,485.17,370.18,0.02,0.519,92.9,1,40.65,485.18
7545,20.68,46.9,416.0,0.3,443.85,338.66,0.83,0.346,93.8,1,38.74,444.68
7546,21.18,44.0,414.0,0.25,390.0,297.57,0.02,-0.084,95.1,1,36.67,390.02
7547,19.01,42.2,418.0,0.2,327.29,249.72,0.66,0.041,94.8,1,34.59,327.96
7548,18.14,44.9,414.0,0.08,260.0,198.38,0.1,-0.153,95.2,1,32.64,260.1
7549,17.34,39.2,406.0,0.22,327.29,249.72,0.75,0.242,94.2,1,30.95,328.04
7550,16.7,41.8,400.0,0.27,390.0,297.57,0.23,-0.5,95.2,1,29.63,390.23
7551,16.14,40.4,400.0,0.28,443.85,338.66,0.42,-0.244,95.2,1,28.79,444.27
7552,15.27,43.3,451.0,0.22,485.17,370.18,0.88,-0.672,95.0,1,28.46,486.05
7553,15.2,43.3,400.0,0.17,511.14,390.0,0.03,-0.357,95.3,1,28.68,511.17
7554,14.91,45.3,431.0,0.3,520.0,396.76,0.12,-0.596,95.1,1,29.43,520.12
7555,15.32,46.4,414.0,0.24,511.14,390.0,0.24,-0.604,95.1,1,30.66,511.38
7556,16.47,47.7,400.0,0.08,485.17,370.18,0.07,-0.177,95.2,1,32.28,485.23
7557,16.69,49.0,422.0,0.26,443.85,338.66,0.73,-0.481,95.2,1,34.19,444.57
7558,18.26,55.8,400.0,0.23,390.0,297.57,0.5,-0.583,95.1,1,36.25,390.5
7559,17.53,60.5,456.0,0.22,327.29,249.72,0.66,-0.299,95.3,1,38.32,327.95
7560,18.89,57.3,400.0,0.19,260.0,198.38,0.6,-0.021,94.9,1,40.26,260.6
7561,18.88,59.5,426.0,0.28,327.29,249.72,0.24,0.281,94.0,1,41.95,327.54
7562,20.01,57.9,400.0,0.13,390.0,297.57,0.92,-0.143,95.1,1,43.25,390.92
7563,20.25,59.5,400.0,0.24,443.85,338.66,0.35,0.283,94.0,1,44.09,444.19
7564,21.94,58.2,400.0,0.27,485.17,370.18,0.47,0.162,94.5,1,44.41,485.64
7565,21.11,56.0,446.0,0.2,511.14,390.0,0.3,0.085,94.7,1,44.18,511.44
7566,20.94,53.4,400.0,0.07,520.0,396.76,0.15,0.824,91.0,0,43.42,520.15
7567,21.3,55.1,400.0,0.26,511.14,390.0,0.51,0.459,93.2,1,42.19,511.65
7568,20.62,52.5,999.0,1.0,630.72,481.24,10.08,0.149,94.5,1,40.56,640.8
7569,21.42,50.7,974.0,1.0,577.0,440.25,10.75,0.255,94.1,1,38.64,587.76
7570,19.94,47.1,967.0,1.0,507.0,386.84,10.39,0.078,94.7,1,36.58,517.39
7571,20.08,41.5,1028.0,1.0,425.48,324.64,10.86,-0.061,95.0,1,34.5,436.34
7572,18.39,40.3,980.0,1.0,338.0,257.89,10.02,0.11,94.6,1,32.55,348.02
7573,17.62,41.2,978.0,1.0,425.48,324.64,10.55,0.202,94.3,1,30.85,436.03
7574,16.91,38.4,983.0,1.0,507.0,386.84,10.64,-0.062,95.0,1,29.54,517.64
7575,16.29,43.2,995.0,1.0,577.0,440.25,10.29,-0.59,95.1,1,28.69,587.29
7576,16.02,41.1,1014.0,1.0,630.72,481.24,10.13,-0.577,95.1,1,28.37,640.84
7577,15.64,40.8,967.0,1.0,664.48,507.0,10.33,-0.624,95.0,1,28.59,674.81
7578,14.91,45.9,994.0,1.0,676.0,515.79,10.48,-0.403,95.3,1,29.34,686.48
7579,15.42,48.5,400.0,0.03,511.14,390.0,0.23,-0.391,95.3,1,30.56,511.37
7580,15.56,50.4,400.0,0.2,485.17,370.18,0.93,-0.629,95.0,1,32.19,486.1
7581,15.93,53.8,400.0,0.02,443.85,338.66,0.39,-0.284,95.3,1,34.09,444.24
7582,16.01,55.4,425.0,0.24,390.0,297.57,0.35,-0.116,95.1,1,36.15,390.35
7583,16.85,59.9,409.0,0.03,327.29,249.72,0.69,-0.073,95.0,1,38.22,327.98
7584,18.13,60.5,420.0,0.1,260.0,198.38,0.98,-0.167,95.2,1,40.17,260.98
7585,18.92,58.2,400.0,0.1,327.29,249.72,0.45,0.291,94.0,1,41.85,327.74
7586,20.52,58.6,400.0,0.08,390.0,297.57,0.97,0.38,93.6,1,43.16,390.97
7587,20.14,59.5,413.0,0.2,443.85,338.66,0.19,0.341,93.8,1,44.0,444.04
7588,20.16,58.9,400.0,0.17,485.17,370.18,0.68,0.607,92.4,1,44.32,485.85
7589,20.57,56.0,401.0,0.14,511.14,390.0,0.66,0.68,92.0,1,44.09,511.8
7590,21.26,53.4,401.0,0.06,520.0,396.76,0.56,0.985,89.8,0,43.33,520.56
7591,21.6,52.6,400.0,0.12,511.14,390.0,0.59,0.518,92.9,1,42.09,511.73
7592,21.4,49.1,987.0,1.0,630.72,481.24,10.14,0.468,93.2,1,40.46,640.85
7593,20.34,48.0,973.0,1.0,577.0,440.25,10.99,0.062,94.7,1,38.55,587.99
7594,20.8,40.8,1008.0,1.0,507.0,386.84,10.28,0.383,93.6,1,36.48,517.28
7595,18.83,45.4,988.0,1.0,425.48,324.64,10.84,0.085,94.7,1,34.4,436.32
7596,17.71,40.9,964.0,1.0,338.0,257.89,10.91,-0.004,94.9,1,32.45,348.91
7597,17.33,41.1,997.0,1.0,425.48,324.64,10.91,-0.438,95.3,1,30.76,436.39
7598,16.24,35.2,1042.0,1.0,507.0,386.84,10.23,-0.447,95.3,1,29.45,517.23
7599,16.0,40.4,951.0,1.0,577.0,440.25,10.17,-0.408,95.3,1,28.6,587.17
7600,15.59,40.8,1029.0,1.0,630.72,481.24,10.43,-0.721,94.9,0,28.27,641.15
7601,16.23,42.5,980.0,1.0,664.48,507.0,10.05,-0.33,95.3,1,28.49,674.54
7602,14.82,45.0,999.0,1.0,676.0,515.79,10.35,-0.414,95.3,1,29.24,686.35
7603,16.45,45.8,400.0,0.14,511.14,390.0,0.19,-0.336,95.3,1,30.47,511.33
7604,15.9,50.3,407.0,0.18,485.17,370.18,0.95,-0.457,95.2,1,32.09,486.12
7605,17.18,46.8,409.0,0.28,443.85,338.66,0.96,-0.047,95.0,1,34.0,444.81
7606,17.27,55.1,451.0,0.12,390.0,297.57,0.4,0.253,94.1,1,36.06,390.4
7607,17.28,57.1,413.0,0.11,327.29,249.72,0.98,-0.163,95.2,1,38.13,328.28
7608,18.18,61.5,400.0,0.03,260.0,198.38,0.07,0.011,94.9,1,40.07,260.07
7609,19.04,60.1,403.0,0.24,327.29,249.72,0.77,0.117,94.6,1,41.75,328.06
7610,19.66,55.4,407.0,0.29,390.0,297.57,0.1,0.101,94.6,1,43.06,390.1
7611,21.27,58.8,400.0,0.0,443.85,338.66,0.23,0.019,94.8,1,43.9,444.08
7612,20.76,58.0,400.0,0.25,485.17,370.18,0.27,0.359,93.7,1,44.22,485.44
7613,20.31,57.2,400.0,0.06,511.14,390.0,0.09,0.633,92.3,1,43.99,511.23
7614,21.23,54.7,407.0,0.28,520.0,396.76,0.79,0.514,93.0,1,43.23,520.79
7615,21.13,53.2,400.0,0.17,511.14,390.0,0.94,0.354,93.7,1,42.0,512.08
7616,20.83,48.6,1028.0,1.0,630.72,481.24,10.41,0.675,92.0,1,40.37,641.12
7617,20.51,51.1,1039.0,1.0,577.0,440.25,10.36,0.442,93.3,1,38.45,587.36
7618,19.99,45.2,1021.0,1.0,507.0,386.84,10.23,0.847,90.9,0,36.38,517.23
7619,19.9,47.6,1023.0,1.0,425.48,324.64,10.03,0.278,94.0,1,34.3,435.51
7620,18.63,38.9,1034.0,1.0,338.0,257.89,10.11,0.11,94.6,1,32.35,348.11
7621,16.52,39.6,1011.0,1.0,425.48,324.64,10.09,-0.196,95.2,1,30.66,435.57
7622,16.3,41.5,1013.0,1.0,507.0,386.84,10.94,-0.084,95.1,1,29.35,517.94
7623,16.07,37.3,941.0,1.0,577.0,440.25,10.85,-0.577,95.1,1,28.5,587.86
7624,16.11,43.5,982.0,1.0,630.72,481.24,10.72,-0.407,95.3,1,28.17,641.44
7625,15.64,42.9,967.0,1.0,664.48,507.0,10.56,-0.503,95.2,1,28.39,675.05
7626,14.85,44.9,1036.0,1.0,676.0,515.79,10.95,-0.375,95.3,1,29.14,686.95
7627,15.8,49.6,400.0,0.05,511.14,390.0,0.41,-0.4,95.3,1,30.37,511.55
7628,16.08,48.6,400.0,0.08,485.17,370.18,0.61,-0.395,95.3,1,31.99,485.77
7629,16.8,51.0,400.0,0.08,443.85,338.66,0.45,-0.095,95.1,1,33.9,444.29
7630,16.64,53.8,444.0,0.06,390.0,297.57,0.92,0.071,94.7,1,35.96,390.92
7631,17.96,56.1,450.0,0.21,327.29,249.72,0.27,0.175,94.4,1,38.03,327.56
7632,18.52,55.9,400.0,0.09,260.0,198.38,0.69,0.186,94.4,1,39.97,260.69
7633,18.4,60.3,412.0,0.26,327.29,249.72,0.65,0.228,94.2,1,41.66,327.94
7634,20.31,59.3,400.0,0.3,390.0,297.57,0.38,0.431,93.4,1,42.96,390.38
7635,20.55,59.4,417.0,0.12,443.85,338.66,0.65,0.451,93.3,1,43.8,444.5
7636,21.31,58.5,400.0,0.27,485.17,370.18,0.51,0.632,92.3,1,44.12,485.68
7637,20.19,59.0,435.0,0.15,511.14,390.0,0.03,0.468,93.2,1,43.89,511.17
7638,21.32,56.0,400.0,0.2,520.0,396.76,0.74,0.556,92.7,1,43.13,520.74
7639,20.99,54.0,400.0,0.28,511.14,390.0,0.2,0.79,91.3,0,41.9,511.34
7640,21.6,50.1,982.0,1.0,630.72,481.24,10.77,0.617,92.4,1,40.27,641.49
7641,20.4,48.9,1011.0,1.0,577.0,440.25,10.23,0.515,92.9,1,38.35,587.23
7642,19.93,49.4,1042.0,1.0,507.0,386.84,10.46,0.263,94.1,1,36.28,517.46
7643,19.09,45.6,1040.0,1.0,425.48,324.64,10.28,0.157,94.5,1,34.2,435.76
7644,18.61,39.7,979.0,1.0,338.0,257.89,10.12,-0.175,95.2,1,32.25,348.12
7645,17.66,42.8,1021.0,1.0,425.48,324.64,10.03,-0.116,95.1,1,30.56,435.51
7646,16.65,40.9,976.0,1.0,507.0,386.84,10.93,-0.204,95.2,1,29.25,517.93
7647,16.55,40.3,979.0,1.0,577.0,440.25,10.12,-0.283,95.3,1,28.4,587.13
7648,15.82,42.7,996.0,1.0,630.72,481.24,10.49,-0.662,95.0,1,28.07,641.21
7649,15.31,43.9,1013.0,1.0,664.48,507.0,10.08,-0.146,95.1,1,28.29,674.56
7650,15.23,45.0,1015.0,1.0,676.0,515.79,10.88,-0.564,95.1,1,29.04,686.88
7651,15.95,46.2,406.0,0.3,511.14,390.0,0.56,-0.761,94.8,0,30.27,511.7
7652,16.01,48.0,400.0,0.22,485.17,370.18,0.26,-0.586,95.1,1,31.89,485.42
7653,15.65,53.8,417.0,0.26,443.85,338.66,0.96,-0.555,95.2,1,33.8,444.81
7654,16.92,55.3,463.0,0.18,390.0,297.57,0.41,-0.384,95.3,1,35.86,390.41
7655,18.43,56.2,418.0,0.0,327.29,249.72,0.27,-0.038,95.0,1,37.93,327.56
7656,18.12,58.4,435.0,0.27,260.0,198.38,0.84,0.223,94.2,1,39.87,260.84
7657,19.29,58.8,420.0,0.21,327.29,249.72,0.79,0.075,94.7,1,41.55,328.09
7658,19.48,58.0,426.0,0.26,390.0,297.57,0.33,-0.245,95.2,1,42.86,390.33
7659,20.38,62.2,400.0,0.09,443.85,338.66,0.24,0.081,94.7,1,43.7,444.08
7660,20.96,59.2,400.0,0.13,485.17,370.18,0.99,0.524,92.9,1,44.02,486.16
7661,21.66,53.6,436.0,0.26,511.14,390.0,0.68,0.26,94.1,1,43.79,511.82
7662,21.2,56.9,426.0,0.26,520.0,396.76,0.56,0.484,93.1,1,43.03,520.56
7663,22.13,53.7,400.0,0.24,511.14,390.0,0.57,0.234,94.2,1,41.8,511.71
7664,20.56,51.6,1006.0,1.0,630.72,481.24,10.08,0.41,93.5,1,40.16,640.8
7665,20.74,50.0,1029.0,1.0,577.0,440.25,10.88,0.297,94.0,1,38.25,587.88
7666,19.22,45.1,1010.0,1.0,507.0,386.84,10.53,0.21,94.3,1,36.18,517.53
7667,19.32,43.6,1030.0,1.0,425.48,324.64,10.72,0.041,94.8,1,34.1,436.2
7668,19.02,38.9,990.0,1.0,338.0,257.89,10.17,-0.292,95.3,1,32.15,348.17
7669,17.87,39.4,1033.0,1.0,425.48,324.64,10.97,0.074,94.7,1,30.46,436.45
7670,16.37,41.9,1010.0,1.0,507.0,386.84,10.48,-0.297,95.3,1,29.14,517.48
7671,17.37,40.2,972.0,1.0,577.0,440.25,10.72,-0.182,95.2,1,28.3,587.72
7672,16.41,40.4,1059.0,1.0,630.72,481.24,10.22,-0.411,95.3,1,27.97,640.94
7673,15.42,43.1,1062.0,1.0,664.48,507.0,10.67,-0.371,95.3,1,28.19,675.15
7674,15.54,42.8,984.0,1.0,676.0,515.79,10.11,-0.561,95.1,1,28.94,686.11
7675,15.68,45.9,400.0,0.28,511.14,390.0,0.97,-0.496,95.2,1,30.17,512.11
7676,15.12,51.1,422.0,0.06,485.17,370.18,0.63,-0.58,95.1,1,31.79,485.8
7677,16.01,48.7,400.0,0.04,443.85,338.66,0.18,-0.346,95.3,1,33.69,444.03
7678,17.01,53.6,400.0,0.26,390.0,297.57,0.82,-0.199,95.2,1,35.75,390.82
7679,18.42,56.9,441.0,0.14,327.29,249.72,0.85,-0.371,95.3,1,37.83,328.15
7680,18.17,59.2,400.0,0.03,260.0,198.38,0.38,0.055,94.8,1,39.77,260.38
7681,19.18,57.8,400.0,0.0,327.29,249.72,0.92,0.277,94.0,1,41.45,328.21
7682,20.47,61.0,400.0,0.2,390.0,297.57,0.98,0.592,92.5,1,42.76,390.98
7683,20.97,59.9,404.0,0.22,443.85,338.66,0.54,0.349,93.7,1,43.6,444.39
7684,21.82,61.4,443.0,0.01,485.17,370.18,0.58,0.372,93.7,1,43.91,485.74
7685,21.78,58.7,430.0,0.27,511.14,390.0,0.07,0.15,94.5,1,43.69,511.21
7686,21.68,54.9,400.0,0.23,520.0,396.76,0.58,0.418,93.4,1,42.93,520.58
7687,21.59,55.2,412.0,0.21,511.14,390.0,0.16,0.616,92.4,1,41.69,511.3
7688,21.78,50.6,400.0,0.25,485.17,370.18,0.74,0.387,93.6,1,40.06,485.91
7689,20.34,48.7,443.0,0.28,443.85,338.66,0.42,-0.106,95.1,1,38.15,444.27
7690,20.41,44.3,400.0,0.29,390.0,297.57,0.51,0.189,94.4,1,36.08,390.51
7691,19.09,41.4,400.0,0.24,327.29,249.72,0.89,0.115,94.6,1,34.0,328.19
7692,18.35,38.6,433.0,0.06,260.0,198.38,0.62,0.014,94.9,1,32.05,260.62
7693,17.88,39.4,400.0,0.28,327.29,249.72,0.5,0.152,94.5,1,30.35,327.79
7694,17.04,40.0,400.0,0.11,390.0,297.57,0.16,-0.136,95.1,1,29.04,390.16
7695,16.14,39.0,400.0,0.14,443.85,338.66,0.96,-0.517,95.2,1,28.19,444.81
7696,15.87,41.6,416.0,0.02,485.17,370.18,0.32,-0.455,95.2,1,27.86,485.48
7697,15.63,42.2,400.0,0.21,511.14,390.0,0.98,-0.653,95.0,1,28.08,512.12
7698,15.83,44.6,439.0,0.03,520.0,396.76,0.91,-0.401,95.3,1,28.83,520.91
7699,15.66,49.4,434.0,0.28,511.14,390.0,0.01,-0.503,95.2,1,30.06,511.15
7700,16.17,52.5,400.0,0.1,485.17,370.18,0.26,-0.387,95.3,1,31.68,485.43
7701,16.62,49.2,466.0,0.15,443.85,338.66,0.18,-0.449,95.3,1,33.59,444.03
7702,16.77,52.3,400.0,0.24,390.0,297.57,0.55,-0.596,95.1,1,35.65,390.55
7703,17.97,57.1,400.0,0.12,327.29,249.72,0.14,-0.111,95.1,1,37.72,327.43
7704,17.33,57.6,400.0,0.0,260.0,198.38,0.45,0.076,94.7,1,39.66,260.45
7705,20.31,56.6,404.0,0.08,327.29,249.72,0.81,0.389,93.6,1,41.34,328.1
7706,21.16,60.8,422.0,0.13,390.0,297.57,0.84,0.28,94.0,1,42.65,390.84
7707,20.8,57.6,447.0,0.23,443.85,338.66,0.75,0.288,94.0,1,43.49,444.6
7708,20.86,60.2,404.0,0.19,485.17,370.18,0.5,0.766,91.4,0,43.81,485.67
7709,21.72,59.3,400.0,0.2,511.14,390.0,0.6,0.443,93.3,1,43.58,511.74
7710,20.92,57.7,400.0,0.01,520.0,396.76,0.73,0.396,93.5,1,42.82,520.73
7711,22.17,51.6,422.0,0.29,511.14,390.0,0.29,0.485,93.1,1,41.58,511.43
7712,21.45,50.5,400.0,0.03,485.17,370.18,0.13,0.417,93.4,1,39.95,485.3
7713,20.36,50.1,400.0,0.14,443.85,338.66,0.17,0.22,94.3,1,38.04,444.02
7714,19.5,41.2,456.0,0.03,390.0,297.57,0.39,0.028,94.8,1,35.97,390.39
7715,18.17,41.0,400.0,0.07,327.29,249.72,0.02,0.138,94.5,1,33.89,327.31
7716,18.82,42.7,400.0,0.08,260.0,198.38,0.86,-0.317,95.3,1,31.94,260.86
7717,17.04,43.5,450.0,0.0,327.29,249.72,0.67,-0.21,95.2,1,30.25,327.96
7718,16.9,35.1,412.0,0.19,390.0,297.57,0.37,-0.327,95.3,1,28.93,390.37
7719,16.46,37.9,437.0,0.16,443.85,338.66,0.35,-0.36,95.3,1,28.08,444.2
7720,15.74,40.4,400.0,0.15,485.17,370.18,0.43,-0.403,95.3,1,27.76,485.59
7721,15.03,42.8,444.0,0.13,511.14,390.0,0.49,-0.571,95.1,1,27.98,511.64
7722,15.63,48.4,400.0,0.25,520.0,396.76,0.38,-0.54,95.2,1,28.73,520.38
7723,15.73,48.9,400.0,0.09,511.14,390.0,0.98,-0.445,95.3,1,29.95,512.12
7724,15.95,50.4,452.0,0.05,485.17,370.18,0.03,-0.457,95.2,1,31.57,485.2
7725,17.36,49.3,440.0,0.25,443.85,338.66,0.68,-0.492,95.2,1,33.48,444.53
7726,18.07,54.6,426.0,0.25,390.0,297.57,0.59,-0.242,95.2,1,35.54,390.59
7727,17.76,58.4,449.0,0.23,327.29,249.72,0.39,0.232,94.2,1,37.61,327.68
7728,19.05,56.2,400.0,0.04,260.0,198.38,0.03,0.022,94.8,1,39.55,260.03
7729,19.17,58.7,400.0,0.02,327.29,249.72,0.73,0.178,94.4,1,41.24,328.03
7730,19.39,59.7,400.0,0.17,390.0,297.57,0.03,0.139,94.5,1,42.54,390.03
7731,20.95,58.4,400.0,0.06,443.85,338.66,0.72,0.273,94.1,1,43.38,444.57
7732,20.54,60.3,400.0,0.2,485.17,370.18,0.66,0.295,94.0,1,43.7,485.82
7733,22.08,59.1,400.0,0.24,511.14,390.0,0.28,0.455,93.3,1,43.47,511.42
7734,21.62,53.7,427.0,0.04,520.0,396.76,0.18,0.646,92.2,1,42.71,520.18
7735,21.39,50.9,400.0,0.14,511.14,390.0,0.54,0.454,93.3,1,41.48,511.68
7736,20.75,50.3,988.0,1.0,630.72,481.24,10.31,0.637,92.3,1,39.84,641.02
7737,20.77,48.6,980.0,1.0,577.0,440.25,10.8,0.362,93.7,1,37.93,587.8
7738,19.96,49.2,989.0,1.0,507.0,386.84,10.23,0.078,94.7,1,35.86,517.23
7739,18.63,43.3,993.0,1.0,425.48,324.64,10.95,0.133,94.5,1,33.78,436.43
7740,18.54,40.8,1047.0,1.0,338.0,257.89,10.09,-0.174,95.2,1,31.83,348.09
7741,17.88,38.9,987.0,1.0,425.48,324.64,10.25,-0.285,95.3,1,30.14,435.73
7742,17.4,40.4,966.0,1.0,507.0,386.84,10.49,-0.319,95.3,1,28.82,517.49
7743,16.28,39.7,1013.0,1.0,577.0,440.25,10.47,0.006,94.9,1,27.97,587.47
7744,16.02,42.7,997.0,1.0,630.72,481.24,10.89,-0.258,95.3,1,27.65,641.6
7745,15.55,43.0,996.0,1.0,664.48,507.0,10.02,-0.708,94.9,0,27.87,674.5
7746,15.44,44.4,990.0,1.0,676.0,515.79,10.79,-0.519,95.2,1,28.62,686.79
7747,15.59,45.1,400.0,0.03,511.14,390.0,0.15,-0.259,95.3,1,29.84,511.29
7748,16.21,50.4,404.0,0.27,485.17,370.18,0.22,-0.335,95.3,1,31.46,485.39
7749,16.39,51.8,400.0,0.28,443.85,338.66,0.07,-0.369,95.3,1,33.37,443.92
7750,17.02,56.0,422.0,0.18,390.0,297.57,0.66,-0.608,95.1,1,35.43,390.66
7751,18.41,53.9,471.0,0.21,327.29,249.72,0.41,-0.35,95.3,1,37.5,327.71
7752,18.71,59.0,400.0,0.08,260.0,198.38,0.26,-0.038,95.0,1,39.44,260.26
7753,19.91,61.1,400.0,0.03,327.29,249.72,0.84,0.339,93.8,1,41.13,328.13
7754,19.41,60.1,415.0,0.09,390.0,297.57,0.94,0.526,92.9,1,42.43,390.94
7755,21.63,61.4,425.0,0.25,443.85,338.66,0.53,0.246,94.2,1,43.27,444.38
7756,21.45,59.7,416.0,0.1,485.17,370.18,0.8,0.607,92.4,1,43.59,485.97
7757,21.54,56.2,400.0,0.22,511.14,390.0,0.08,0.32,93.9,1,43.36,511.22
7758,22.08,53.1,400.0,0.0,520.0,396.76,0.69,0.616,92.4,1,42.6,520.69
7759,22.41,55.0,400.0,0.26,511.14,390.0,0.46,0.015,94.9,1,41.36,511.6
7760,20.88,49.3,1022.0,1.0,630.72,481.24,10.74,0.221,94.3,1,39.73,641.45
7761,19.85,47.6,987.0,1.0,577.0,440.25,10.13,0.129,94.6,1,37.82,587.13
7762,20.33,44.4,979.0,1.0,507.0,386.84,10.92,-0.067,95.0,1,35.75,517.92
7763,18.71,45.4,988.0,1.0,425.48,324.64,10.88,0.17,94.4,1,33.67,436.36
7764,18.22,37.0,1017.0,1.0,338.0,257.89,10.38,-0.193,95.2,1,31.72,348.38
7765,18.98,42.3,1048.0,1.0,425.48,324.64,10.12,-0.333,95.3,1,30.03,435.6
7766,16.68,38.9,979.0,1.0,507.0,386.84,10.32,-0.274,95.3,1,28.71,517.32
7767,15.95,44.4,968.0,1.0,577.0,440.25,10.8,-0.612,95.1,1,27.86,587.8
7768,16.49,42.9,1010.0,1.0,630.72,481.24,10.08,-0.691,94.9,1,27.54,640.79
7769,16.21,41.0,1009.0,1.0,664.48,507.0,10.48,-0.394,95.3,1,27.75,674.97
7770,16.43,47.7,984.0,1.0,676.0,515.79,10.06,-0.411,95.3,1,28.5,686.06
7771,15.11,45.7,421.0,0.28,511.14,390.0,0.8,-0.264,95.3,1,29.73,511.94
7772,15.98,50.7,410.0,0.02,485.17,370.18,0.05,-0.224,95.2,1,31.35,485.21
7773,16.96,53.0,400.0,0.13,443.85,338.66,0.66,-0.589,95.1,1,33.26,444.51
7774,17.03,59.0,400.0,0.02,390.0,297.57,0.32,-0.249,95.2,1,35.32,390.32
7775,18.66,54.8,433.0,0.08,327.29,249.72,0.92,0.168,94.4,1,37.39,328.22
7776,18.52,53.6,429.0,0.28,260.0,198.38,0.29,0.149,94.5,1,39.33,260.29
7777,19.38,57.2,406.0,0.21,327.29,249.72,0.52,-0.088,95.1,1,41.01,327.82
7778,20.09,60.0,476.0,0.17,390.0,297.57,0.59,0.349,93.7,1,42.32,390.59
7779,21.47,57.7,410.0,0.15,443.85,338.66,0.83,0.205,94.3,1,43.16,444.68
7780,21.56,56.1,410.0,0.19,485.17,370.18,0.82,0.369,93.7,1,43.47,485.98
7781,21.48,56.7,400.0,0.26,511.14,390.0,0.37,0.57,92.6,1,43.25,511.51
7782,21.37,57.3,400.0,0.25,520.0,396.76,0.04,0.59,92.5,1,42.49,520.04
7783,21.73,47.2,415.0,0.29,511.14,390.0,0.75,0.419,93.4,1,41.25,511.89
7784,21.56,50.8,982.0,1.0,630.72,481.24,10.81,0.105,94.6,1,39.62,641.52
7785,21.02,48.2,1022.0,1.0,577.0,440.25,10.68,0.288,94.0,1,37.7,587.68
7786,20.29,47.0,1022.0,1.0,507.0,386.84,10.35,0.256,94.1,1,35.64,517.35
7787,19.71,41.2,958.0,1.0,425.48,324.64,10.87,-0.304,95.3,1,33.56,436.35
7788,18.47,45.0,955.0,1.0,338.0,257.89,11.0,-0.083,95.1,1,31.6,349.0
7789,18.1,40.8,991.0,1.0,425.48,324.64,10.36,-0.293,95.3,1,29.91,435.84
7790,17.22,40.8,1053.0,1.0,507.0,386.84,10.7,-0.342,95.3,1,28.6,517.7
7791,16.15,39.2,1056.0,1.0,577.0,440.25,10.69,-0.469,95.2,1,27.75,587.69
7792,16.22,43.4,883.0,1.0,630.72,481.24,10.24,-0.819,94.6,0,27.42,640.96
7793,15.92,47.5,1007.0,1.0,664.48,507.0,10.37,-0.603,95.1,1,27.64,674.85
7794,15.16,44.0,1001.0,1.0,676.0,515.79,10.83,-0.626,95.0,1,28.39,686.83
7795,16.37,47.5,400.0,0.29,511.14,390.0,0.69,-0.418,95.3,1,29.62,511.84
7796,15.99,50.7,400.0,0.02,485.17,370.18,0.88,-0.727,94.8,0,31.24,486.05
7797,16.71,55.0,400.0,0.23,443.85,338.66,0.98,-0.358,95.3,1,33.14,444.83
7798,16.94,56.6,400.0,0.18,390.0,297.57,0.42,-0.477,95.2,1,35.2,390.42
7799,17.96,57.8,400.0,0.12,327.29,249.72,0.71,-0.041,95.0,1,37.27,328.01
7800,19.9,59.6,400.0,0.1,260.0,198.38,0.9,0.183,94.4,1,39.22,260.9
7801,19.84,61.3,400.0,0.21,327.29,249.72,0.88,0.36,93.7,1,40.9,328.17
7802,20.2,62.0,400.0,0.02,390.0,297.57,0.5,0.632,92.3,1,42.2,390.5
7803,20.36,61.9,421.0,0.02,443.85,338.66,0.37,-0.233,95.2,1,43.04,444.22
7804,21.25,57.8,405.0,0.22,485.17,370.18,0.91,0.274,94.1,1,43.36,486.08
7805,21.49,63.0,424.0,0.22,511.14,390.0,0.93,0.684,92.0,1,43.13,512.07
7806,22.04,56.1,414.0,0.05,520.0,396.76,0.9,0.29,94.0,1,42.37,520.9
7807,21.41,54.2,442.0,0.12,511.14,390.0,0.61,0.758,91.5,0,41.14,511.75
7808,21.81,52.4,991.0,1.0,630.72,481.24,10.45,0.446,93.3,1,39.5,641.17
7809,20.86,49.1,1028.0,1.0,577.0,440.25,10.74,0.391,93.6,1,37.59,587.74
7810,19.63,47.3,1002.0,1.0,507.0,386.84,10.52,0.129,94.6,1,35.52,517.52
7811,20.16,42.1,1046.0,1.0,425.48,324.64,10.38,0.336,93.8,1,33.44,435.86
7812,18.66,41.7,1011.0,1.0,338.0,257.89,10.5,0.156,94.5,1,31.49,348.5
7813,17.69,40.5,971.0,1.0,425.48,324.64,10.59,-0.092,95.1,1,29.8,436.07
7814,17.33,42.0,998.0,1.0,507.0,386.84,10.34,-0.69,94.9,1,28.48,517.34
7815,16.94,40.5,994.0,1.0,577.0,440.25,10.04,-0.568,95.1,1,27.63,587.04
7816,16.01,41.6,975.0,1.0,630.72,481.24,10.76,-0.934,94.2,0,27.3,641.48
7817,16.29,43.2,986.0,1.0,664.48,507.0,10.54,-0.307,95.3,1,27.52,675.03
7818,15.41,47.4,937.0,1.0,676.0,515.79,10.05,-0.282,95.3,1,28.27,686.05
7819,16.55,41.7,400.0,0.07,511.14,390.0,0.51,-0.574,95.1,1,29.5,511.65
7820,15.48,50.4,420.0,0.19,485.17,370.18,0.36,-0.438,95.3,1,31.12,485.53
7821,16.49,51.4,417.0,0.12,443.85,338.66,0.48,-0.411,95.3,1,33.03,444.33
7822,17.91,51.0,400.0,0.05,390.0,297.57,0.5,0.045,94.8,1,35.08,390.5
7823,17.83,54.6,411.0,0.0,327.29,249.72,0.99,-0.116,95.1,1,37.16,328.29
7824,18.69,56.3,438.0,0.27,260.0,198.38,0.35,-0.113,95.1,1,39.1,260.35
7825,18.89,58.7,400.0,0.25,327.29,249.72,0.04,0.115,94.6,1,40.78,327.33
7826,20.87,58.3,400.0,0.26,390.0,297.57,0.6,0.254,94.1,1,42.09,390.6
7827,20.98,59.9,401.0,0.15,443.85,338.66,0.3,0.423,93.4,1,42.92,444.15
7828,21.86,60.5,440.0,0.06,485.17,370.18,0.75,0.253,94.1,1,43.24,485.92
7829,21.97,57.7,438.0,0.15,511.14,390.0,0.84,0.287,94.0,1,43.01,511.99
7830,21.03,54.0,400.0,0.13,520.0,396.76,0.44,0.126,94.6,1,42.25,520.44
7831,20.88,53.4,422.0,0.2,511.14,390.0,0.74,0.315,93.9,1,41.02,511.88
7832,21.2,51.7,999.0,1.0,630.72,481.24,10.89,0.527,92.9,1,39.39,641.61
7833,21.92,50.2,1059.0,1.0,577.0,440.25,10.98,0.406,93.5,1,37.47,587.99
7834,20.26,43.8,1016.0,1.0,507.0,386.84,10.66,0.442,93.3,1,35.4,517.66
7835,20.55,46.7,954.0,1.0,425.48,324.64,10.91,-0.455,95.2,1,33.32,436.39
7836,18.23,41.9,988.0,1.0,338.0,257.89,10.19,0.095,94.7,1,31.37,348.19
7837,18.46,40.8,1002.0,1.0,425.48,324.64,10.27,-0.207,95.2,1,29.68,435.76
7838,17.75,38.6,971.0,1.0,507.0,386.84,10.21,-0.266,95.3,1,28.36,517.21
7839,16.15,37.6,1007.0,1.0,577.0,440.25,10.68,-0.42,95.3,1,27.51,587.68
7840,15.4,38.3,985.0,1.0,630.72,481.24,10.72,-0.501,95.2,1,27.19,641.44
7841,16.76,46.2,1020.0,1.0,664.48,507.0,10.93,-0.493,95.2,1,27.4,675.41
7842,15.48,47.5,970.0,1.0,676.0,515.79,10.69,-0.324,95.3,1,28.15,686.69
7843,16.65,48.2,400.0,0.16,511.14,390.0,0.06,-0.292,95.3,1,29.38,511.21
7844,15.98,47.3,436.0,0.02,485.17,370.18,0.84,-0.709,94.9,0,31.0,486.0
7845,17.35,51.9,403.0,0.15,443.85,338.66,0.22,-0.291,95.3,1,32.91,444.06
7846,17.37,51.6,407.0,0.2,390.0,297.57,0.63,-0.429,95.3,1,34.97,390.63
7847,18.61,55.5,400.0,0.09,327.29,249.72,0.93,-0.125,95.1,1,37.04,328.23
7848,19.31,55.3,400.0,0.28,260.0,198.38,0.69,0.005,94.9,1,38.98,260.69
7849,20.47,58.7,400.0,0.25,327.29,249.72,0.43,0.259,94.1,1,40.66,327.72
7850,21.16,59.3,400.0,0.29,390.0,297.57,0.4,-0.038,95.0,1,41.97,390.4
7851,21.44,58.5,470.0,0.11,443.85,338.66,0.03,0.446,93.3,1,42.81,443.88
7852,21.41,57.0,421.0,0.16,485.17,370.18,0.76,0.454,93.3,1,43.12,485.93
7853,20.98,57.1,409.0,0.19,511.14,390.0,0.03,0.676,92.0,1,42.89,511.17
7854,21.89,56.5,400.0,0.12,520.0,396.76,0.91,0.395,93.5,1,42.13,520.91
7855,21.74,55.6,400.0,0.07,511.14,390.0,0.47,0.595,92.5,1,40.9,511.61
7856,22.34,49.1,404.0,0.09,485.17,370.18,0.01,0.207,94.3,1,39.27,485.18
7857,21.78,49.1,418.0,0.19,443.85,338.66,0.55,0.179,94.4,1,37.35,444.4
7858,20.55,46.6,403.0,0.05,390.0,297.57,0.37,0.283,94.0,1,35.28,390.37
7859,20.05,44.0,400.0,0.07,327.29,249.72,0.57,-0.06,95.0,1,33.2,327.86
7860,19.89,43.3,405.0,0.21,260.0,198.38,0.03,0.08,94.7,1,31.25,260.03
7861,17.86,40.8,422.0,0.04,327.29,249.72,0.65,-0.586,95.1,1,29.56,327.94
7862,17.63,40.0,437.0,0.02,390.0,297.57,0.49,-0.264,95.3,1,28.24,390.49
7863,16.51,41.4,433.0,0.14,443.85,338.66,0.68,-0.36,95.3,1,27.39,444.53
7864,16.77,44.9,400.0,0.17,485.17,370.18,0.11,-0.53,95.2,1,27.07,485.28
7865,15.86,39.5,400.0,0.09,511.14,390.0,0.98,-0.326,95.3,1,27.28,512.12
7866,15.12,44.9,400.0,0.06,520.0,396.76,0.39,-0.457,95.2,1,28.03,520.39
7867,16.72,46.1,400.0,0.22,511.14,390.0,0.68,-0.577,95.1,1,29.26,511.82
7868,16.38,47.4,406.0,0.25,485.17,370.18,0.08,-0.569,95.1,1,30.88,485.24
7869,17.6,53.2,400.0,0.29,443.85,338.66,0.53,-0.346,95.3,1,32.79,444.38
7870,18.15,53.9,400.0,0.12,390.0,297.57,0.05,-0.257,95.3,1,34.84,390.05
7871,18.41,55.8,400.0,0.03,327.29,249.72,0.5,-0.168,95.2,1,36.91,327.8
7872,18.3,59.1,495.0,0.22,260.0,198.38,0.6,0.142,94.5,1,38.86,260.6
7873,20.02,61.1,447.0,0.29,327.29,249.72,0.88,-0.079,95.0,1,40.54,328.17
7874,20.35,57.8,400.0,0.08,390.0,297.57,0.65,0.209,94.3,1,41.84,390.65
7875,22.31,60.2,455.0,0.08,443.85,338.66,0.38,0.699,91.9,1,42.68,444.23
7876,21.93,61.7,404.0,0.05,485.17,370.18,0.83,0.389,93.6,1,43.0,485.99
7877,22.69,57.7,400.0,0.01,511.14,390.0,0.45,0.354,93.7,1,42.77,511.59
7878,22.18,55.2,413.0,0.26,520.0,396.76,0.52,0.464,93.2,1,42.01,520.52
7879,22.66,52.7,400.0,0.18,511.14,390.0,0.29,0.38,93.6,1,40.78,511.43
7880,21.99,46.4,400.0,0.01,485.17,370.18,0.53,0.368,93.7,1,39.14,485.69
7881,21.02,44.2,400.0,0.05,443.85,338.66,0.7,0.456,93.2,1,37.23,444.55
7882,21.16,47.3,434.0,0.03,390.0,297.57,0.39,0.291,94.0,1,35.16,390.39
7883,19.06,47.2,400.0,0.05,327.29,249.72,0.09,-0.278,95.3,1,33.08,327.38
7884,19.82,44.8,400.0,0.04,260.0,198.38,0.86,0.253,94.1,1,31.13,260.86
7885,19.08,44.3,411.0,0.1,327.29,249.72,0.75,-0.196,95.2,1,29.43,328.04
7886,17.86,39.4,400.0,0.21,390.0,297.57,0.21,-0.398,95.3,1,28.12,390.21
7887,16.7,40.0,400.0,0.08,443.85,338.66,0.45,-0.271,95.3,1,27.27,444.3
7888,15.93,38.7,413.0,0.11,485.17,370.18,0.72,-0.151,95.2,1,26.94,485.89
7889,16.61,40.5,456.0,0.04,511.14,390.0,0.64,-0.33,95.3,1,27.16,511.78
7890,16.4,46.1,400.0,0.03,520.0,396.76,0.51,-0.543,95.2,1,27.91,520.51
7891,15.22,45.6,400.0,0.12,511.14,390.0,0.02,-0.429,95.3,1,29.14,511.16
7892,16.29,48.4,400.0,0.14,485.17,370.18,0.94,-0.455,95.2,1,30.76,486.11
7893,16.17,51.5,419.0,0.22,443.85,338.66,0.7,-0.627,95.0,1,32.66,444.55
7894,17.56,56.4,409.0,0.05,390.0,297.57,0.8,-0.406,95.3,1,34.72,390.8
7895,18.04,56.8,400.0,0.1,327.29,249.72,0.99,-0.437,95.3,1,36.79,328.28
7896,19.12,57.2,400.0,0.17,260.0,198.38,0.3,0.451,93.3,1,38.73,260.3
7897,19.34,59.6,406.0,0.22,327.29,249.72,0.03,-0.03,95.0,1,40.42,327.32
7898,21.28,61.8,452.0,0.23,390.0,297.57,0.06,0.29,94.0,1,41.72,390.06
7899,20.39,58.6,426.0,0.25,443.85,338.66,0.62,0.492,93.1,1,42.56,444.46
7900,22.17,56.9,400.0,0.27,485.17,370.18,0.52,0.426,93.4,1,42.88,485.68
7901,22.57,55.6,400.0,0.17,511.14,390.0,0.27,0.558,92.7,1,42.65,511.41
7902,21.47,59.3,419.0,0.02,520.0,396.76,0.04,0.389,93.6,1,41.89,520.04
7903,21.79,51.5,400.0,0.16,511.14,390.0,0.9,0.576,92.6,1,40.65,512.04
7904,21.75,50.5,1012.0,1.0,630.72,481.24,10.86,0.243,94.2,1,39.02,641.57
7905,20.35,44.1,1022.0,1.0,577.0,440.25,10.32,0.264,94.1,1,37.1,587.32
7906,20.52,50.0,1031.0,1.0,507.0,386.84,10.6,0.4,93.5,1,35.04,517.6
7907,19.17,42.1,967.0,1.0,425.48,324.64,10.03,0.014,94.9,1,32.95,435.51
7908,19.03,42.6,1024.0,1.0,338.0,257.89,10.2,0.125,94.6,1,31.0,348.2
7909,18.05,40.3,1033.0,1.0,425.48,324.64,10.82,-0.32,95.3,1,29.31,436.3
7910,17.73,38.5,992.0,1.0,507.0,386.84,10.33,0.066,94.7,1,27.99,517.33
7911,16.82,41.6,973.0,1.0,577.0,440.25,10.79,-0.072,95.0,1,27.14,587.79
7912,16.71,39.9,999.0,1.0,630.72,481.24,10.8,-0.464,95.2,1,26.82,641.52
7913,15.89,44.5,1003.0,1.0,664.48,507.0,10.1,-0.274,95.3,1,27.04,674.58
7914,14.46,49.8,1028.0,1.0,676.0,515.79,10.36,-0.471,95.2,1,27.78,686.36
7915,16.1,48.7,402.0,0.11,511.14,390.0,0.32,-0.698,94.9,1,29.01,511.46
7916,15.82,47.8,409.0,0.05,485.17,370.18,0.32,-0.181,95.2,1,30.63,485.48
7917,17.51,51.7,420.0,0.24,443.85,338.66,0.62,-0.629,95.0,1,32.54,444.46
7918,17.04,51.2,400.0,0.21,390.0,297.57,0.32,-0.298,95.3,1,34.59,390.32
7919,18.91,52.1,403.0,0.04,327.29,249.72,0.4,-0.285,95.3,1,36.67,327.69
7920,19.45,55.8,400.0,0.14,260.0,198.38,0.83,0.23,94.2,1,38.61,260.83
7921,20.02,59.6,400.0,0.24,327.29,249.72,0.77,0.118,94.6,1,40.29,328.06
7922,21.27,60.7,400.0,0.02,390.0,297.57,0.63,0.206,94.3,1,41.59,390.63
7923,20.05,60.4,400.0,0.19,443.85,338.66,0.38,0.38,93.6,1,42.43,444.23
7924,21.71,59.9,400.0,0.19,485.17,370.18,0.05,0.739,91.6,0,42.75,485.21
7925,22.05,57.7,400.0,0.14,511.14,390.0,0.1,0.681,92.0,1,42.52,511.24
7926,21.96,57.0,400.0,0.16,520.0,396.76,0.86,0.824,91.0,0,41.76,520.86
7927,22.09,53.4,400.0,0.29,511.14,390.0,0.37,0.359,93.7,1,40.52,511.51
7928,21.67,49.0,1003.0,1.0,630.72,481.24,10.89,0.637,92.3,1,38.89,641.61
7929,20.62,49.6,1052.0,1.0,577.0,440.25,10.66,0.248,94.2,1,36.98,587.66
7930,20.94,43.2,982.0,1.0,507.0,386.84,10.25,-0.105,95.1,1,34.91,517.25
7931,19.71,41.4,977.0,1.0,425.48,324.64,10.97,-0.0,94.9,1,32.83,436.45
7932,19.34,45.7,994.0,1.0,338.0,257.89,10.73,-0.078,95.0,1,30.87,348.73
7933,18.45,38.4,972.0,1.0,425.48,324.64,10.9,-0.412,95.3,1,29.18,436.38
7934,18.19,41.7,936.0,1.0,507.0,386.84,10.92,0.131,94.5,1,27.87,517.92
7935,17.98,41.4,990.0,1.0,577.0,440.25,10.56,-0.589,95.1,1,27.02,587.56
7936,15.74,38.8,996.0,1.0,630.72,481.24,10.84,-0.45,95.2,1,26.69,641.56
7937,16.87,48.0,1004.0,1.0,664.48,507.0,10.38,-0.707,94.9,0,26.91,674.86
7938,16.56,44.1,992.0,1.0,676.0,515.79,10.83,-0.348,95.3,1,27.66,686.83
7939,16.5,46.2,400.0,0.15,511.14,390.0,0.83,-0.509,95.2,1,28.88,511.97
7940,17.11,48.8,409.0,0.29,485.17,370.18,0.36,-0.416,95.3,1,30.5,485.52
7941,17.98,53.1,400.0,0.0,443.85,338.66,0.97,-0.239,95.2,1,32.41,444.81
7942,17.43,53.2,400.0,0.22,390.0,297.57,0.45,-0.417,95.3,1,34.47,390.45
7943,20.12,53.9,418.0,0.18,327.29,249.72,0.45,0.065,94.7,1,36.54,327.74
7944,18.6,59.8,400.0,0.18,260.0,198.38,0.63,-0.029,95.0,1,38.48,260.63
7945,19.86,57.0,439.0,0.25,327.29,249.72,0.97,-0.384,95.3,1,40.16,328.26
7946,21.06,57.1,400.0,0.25,390.0,297.57,0.88,0.065,94.7,1,41.47,390.88
7947,21.12,58.5,453.0,0.06,443.85,338.66,0.87,0.751,91.5,0,42.31,444.72
7948,21.8,63.6,414.0,0.25,485.17,370.18,0.77,0.566,92.7,1,42.62,485.93
7949,22.43,56.6,400.0,0.14,511.14,390.0,0.61,0.363,93.7,1,42.39,511.75
7950,22.37,58.7,400.0,0.07,520.0,396.76,0.51,0.524,92.9,1,41.63,520.51
7951,23.03,52.8,400.0,0.29,511.14,390.0,0.74,0.595,92.5,1,40.4,511.89
7952,22.55,50.6,1017.0,1.0,630.72,481.24,10.21,0.535,92.8,1,38.76,640.93
7953,21.13,48.3,982.0,1.0,577.0,440.25,10.1,0.745,91.6,0,36.85,587.1
7954,20.93,44.1,974.0,1.0,507.0,386.84,10.07,0.328,93.8,1,34.78,517.07
7955,20.53,43.3,1014.0,1.0,425.48,324.64,10.14,0.337,93.8,1,32.7,435.62
7956,18.24,42.7,994.0,1.0,338.0,257.89,10.78,0.149,94.5,1,30.75,348.78
7957,18.61,40.9,934.0,1.0,425.48,324.64,10.17,-0.268,95.3,1,29.05,435.65
7958,17.59,38.7,1034.0,1.0,507.0,386.84,10.07,-0.096,95.1,1,27.74,517.07
7959,17.14,42.1,995.0,1.0,577.0,440.25,10.79,-0.383,95.3,1,26.89,587.8
7960,17.64,37.2,995.0,1.0,630.72,481.24,10.34,-0.536,95.2,1,26.56,641.05
7961,16.82,43.9,1029.0,1.0,664.48,507.0,10.38,-0.372,95.3,1,26.78,674.87
7962,16.52,45.4,1016.0,1.0,676.0,515.79,10.57,-0.276,95.3,1,27.53,686.57
7963,16.04,47.1,466.0,0.2,511.14,390.0,0.74,-0.39,95.3,1,28.75,511.88
7964,17.29,51.8,400.0,0.1,485.17,370.18,0.53,-0.066,95.0,1,30.38,485.7
7965,16.63,52.9,424.0,0.04,443.85,338.66,0.0,-0.204,95.2,1,32.28,443.85
7966,17.74,48.9,400.0,0.03,390.0,297.57,0.2,0.057,94.8,1,34.34,390.2
7967,18.74,58.4,412.0,0.21,327.29,249.72,0.69,-0.181,95.2,1,36.41,327.99
7968,19.45,58.4,433.0,0.28,260.0,198.38,0.36,-0.37,95.3,1,38.35,260.36
7969,19.91,59.8,400.0,0.04,327.29,249.72,0.21,-0.083,95.1,1,40.03,327.5
7970,20.47,60.5,473.0,0.04,390.0,297.57,0.97,0.303,93.9,1,41.34,390.97
7971,22.34,60.0,418.0,0.08,443.85,338.66,0.14,0.13,94.6,1,42.18,443.99
7972,21.3,56.6,400.0,0.11,485.17,370.18,0.97,0.448,93.3,1,42.49,486.14
7973,22.7,56.2,400.0,0.25,511.14,390.0,0.4,0.55,92.8,1,42.26,511.54
7974,22.2,57.1,402.0,0.22,520.0,396.76,0.03,0.324,93.9,1,41.5,520.03
7975,21.77,53.0,445.0,0.13,511.14,390.0,0.38,0.592,92.5,1,40.27,511.52
7976,21.79,50.8,1011.0,1.0,630.72,481.24,10.92,0.514,93.0,1,38.63,641.63
7977,21.35,49.2,1020.0,1.0,577.0,440.25,10.87,0.113,94.6,1,36.72,587.87
7978,20.27,45.0,996.0,1.0,507.0,386.84,10.12,0.264,94.1,1,34.65,517.12
7979,20.84,45.5,998.0,1.0,425.48,324.64,10.81,0.512,93.0,1,32.57,436.29
7980,19.49,42.0,999.0,1.0,338.0,257.89,10.21,-0.006,94.9,1,30.61,348.21
7981,18.06,38.2,988.0,1.0,425.48,324.64,10.32,-0.403,95.3,1,28.92,435.8
7982,17.48,39.4,998.0,1.0,507.0,386.84,10.66,-0.531,95.2,1,27.61,517.66
7983,16.32,39.4,997.0,1.0,577.0,440.25,10.89,-0.163,95.2,1,26.76,587.9
7984,16.92,41.2,1016.0,1.0,630.72,481.24,10.87,-0.529,95.2,1,26.43,641.58
7985,16.28,40.4,997.0,1.0,664.48,507.0,10.47,-0.364,95.3,1,26.65,674.95
7986,15.61,48.2,1031.0,1.0,676.0,515.79,10.98,-0.621,95.1,1,27.4,686.98
7987,15.98,48.6,464.0,0.15,511.14,390.0,0.5,-0.577,95.1,1,28.62,511.64
7988,16.46,50.0,400.0,0.06,485.17,370.18,0.42,-0.324,95.3,1,30.24,485.59
7989,16.82,52.3,452.0,0.15,443.85,338.66,0.76,-0.244,95.2,1,32.15,444.61
7990,19.15,56.5,420.0,0.02,390.0,297.57,0.76,-0.138,95.1,1,34.21,390.76
7991,19.1,53.7,400.0,0.07,327.29,249.72,0.92,-0.123,95.1,1,36.28,328.21
7992,18.74,59.0,443.0,0.01,260.0,198.38,0.95,0.288,94.0,1,38.22,260.95
7993,20.47,57.1,419.0,0.02,327.29,249.72,0.83,0.236,94.2,1,39.9,328.12
7994,20.8,61.8,423.0,0.14,390.0,297.57,0.32,0.079,94.7,1,41.21,390.32
7995,21.6,58.0,400.0,0.24,443.85,338.66,0.3,0.296,94.0,1,42.04,444.15
7996,21.8,59.5,420.0,0.08,485.17,370.18,0.66,0.454,93.3,1,42.36,485.82
7997,22.62,61.3,400.0,0.22,511.14,390.0,0.89,0.233,94.2,1,42.13,512.03
7998,23.07,57.6,413.0,0.09,520.0,396.76,0.68,0.412,93.5,1,41.37,520.68
7999,22.37,51.0,419.0,0.22,511.14,390.0,0.09,0.754,91.5,0,40.13,511.23
8000,21.53,50.9,1013.0,1.0,630.72,481.24,10.61,0.228,94.2,1,38.5,641.33
8001,21.56,48.0,1015.0,1.0,577.0,440.25,10.38,0.263,94.1,1,36.59,587.39
8002,21.31,45.3,1024.0,1.0,507.0,386.84,10.87,0.173,94.4,1,34.52,517.87
8003,20.65,46.6,992.0,1.0,425.48,324.64,10.94,0.184,94.4,1,32.44,436.42
8004,19.28,41.5,1053.0,1.0,338.0,257.89,10.55,0.113,94.6,1,30.48,348.55
8005,17.93,45.1,1019.0,1.0,425.48,324.64,10.13,-0.191,95.2,1,28.79,435.61
8006,18.5,38.7,978.0,1.0,507.0,386.84,10.98,-0.072,95.0,1,27.47,517.98
8007,17.22,40.4,1011.0,1.0,577.0,440.25,10.84,-0.551,95.2,1,26.62,587.84
8008,17.04,41.1,969.0,1.0,630.72,481.24,10.3,-0.612,95.1,1,26.3,641.01
8009,17.52,43.2,1024.0,1.0,664.48,507.0,10.86,-0.106,95.1,1,26.52,675.34
8010,16.73,46.2,970.0,1.0,676.0,515.79,10.97,-0.441,95.3,1,27.26,686.97
8011,16.88,49.6,400.0,0.08,511.14,390.0,0.75,-0.407,95.3,1,28.49,511.89
8012,16.77,49.3,400.0,0.05,485.17,370.18,0.41,-0.664,95.0,1,30.11,485.57
8013,17.69,51.8,425.0,0.14,443.85,338.66,0.73,-0.264,95.3,1,32.02,444.58
8014,16.87,54.5,400.0,0.05,390.0,297.57,0.03,-0.502,95.2,1,34.07,390.03
8015,17.55,58.6,413.0,0.01,327.29,249.72,0.41,-0.18,95.2,1,36.14,327.7
8016,19.56,56.0,400.0,0.15,260.0,198.38,0.96,-0.182,95.2,1,38.09,260.96
8017,19.46,58.6,432.0,0.23,327.29,249.72,0.95,0.068,94.7,1,39.77,328.25
8018,21.81,63.6,400.0,0.21,390.0,297.57,0.58,0.16,94.5,1,41.07,390.58
8019,22.11,55.6,400.0,0.08,443.85,338.66,0.62,0.492,93.1,1,41.91,444.46
8020,22.89,60.7,406.0,0.08,485.17,370.18,0.75,0.362,93.7,1,42.23,485.91
8021,22.19,59.8,409.0,0.19,511.14,390.0,0.7,0.423,93.4,1,42.0,511.84
8022,22.63,57.3,400.0,0.23,520.0,396.76,0.78,0.494,93.1,1,41.24,520.78
8023,22.34,52.0,448.0,0.26,511.14,390.0,0.96,0.773,91.4,0,40.0,512.1
8024,21.92,52.5,432.0,0.1,485.17,370.18,0.76,0.797,91.2,0,38.37,485.92
8025,21.1,49.1,400.0,0.11,443.85,338.66,0.48,0.183,94.4,1,36.45,444.33
8026,20.84,46.6,403.0,0.05,390.0,297.57,0.46,0.118,94.6,1,34.38,390.46
8027,19.87,41.1,400.0,0.27,327.29,249.72,0.85,0.161,94.5,1,32.3,328.15
8028,19.74,41.1,400.0,0.16,260.0,198.38,0.12,0.094,94.7,1,30.35,260.12
8029,18.44,40.7,405.0,0.15,327.29,249.72,0.8,0.222,94.3,1,28.66,328.09
8030,18.64,45.1,400.0,0.18,390.0,297.57,0.37,-0.33,95.3,1,27.34,390.37
8031,16.97,37.8,400.0,0.22,443.85,338.66,0.75,-0.26,95.3,1,26.49,444.6
8032,16.78,40.9,411.0,0.23,485.17,370.18,0.55,-0.392,95.3,1,26.16,485.71
8033,16.8,43.4,422.0,0.26,511.14,390.0,0.35,-0.564,95.1,1,26.38,511.49
8034,16.48,44.7,410.0,0.03,520.0,396.76,0.92,-0.528,95.2,1,27.13,520.92
8035,16.32,47.3,400.0,0.29,511.14,390.0,0.01,-0.547,95.2,1,28.36,511.15
8036,17.31,46.3,400.0,0.04,485.17,370.18,0.21,-0.694,94.9,1,29.98,485.38
8037,17.23,52.7,400.0,0.1,443.85,338.66,0.47,0.124,94.6,1,31.88,444.32
8038,18.57,52.5,400.0,0.07,390.0,297.57,0.59,0.032,94.8,1,33.94,390.59
8039,18.71,56.6,457.0,0.09,327.29,249.72,0.68,0.19,94.4,1,36.01,327.98
8040,19.84,58.3,404.0,0.04,260.0,198.38,0.34,-0.106,95.1,1,37.95,260.34
8041,20.53,62.2,400.0,0.01,327.29,249.72,0.49,-0.038,95.0,1,39.63,327.78
8042,20.21,55.2,400.0,0.18,390.0,297.57,0.35,0.511,93.0,1,40.94,390.35
8043,22.59,55.6,466.0,0.07,443.85,338.66,0.07,0.185,94.4,1,41.77,443.92
8044,21.37,57.6,400.0,0.02,485.17,370.18,0.76,0.842,90.9,0,42.09,485.93
8045,22.97,59.2,400.0,0.2,511.14,390.0,0.35,0.508,93.0,1,41.86,511.49
8046,22.35,56.0,400.0,0.03,520.0,396.76,0.53,0.877,90.7,0,41.1,520.53
8047,22.43,53.0,466.0,0.26,511.14,390.0,0.12,0.11,94.6,1,39.86,511.26
8048,21.84,53.2,400.0,0.28,485.17,370.18,0.44,0.348,93.8,1,38.23,485.6
8049,22.17,46.2,447.0,0.15,443.85,338.66,0.81,0.638,92.3,1,36.32,444.66
8050,20.69,44.3,400.0,0.02,390.0,297.57,0.47,0.195,94.3,1,34.25,390.47
8051,19.78,44.4,473.0,0.2,327.29,249.72,0.85,0.152,94.5,1,32.17,328.15
8052,20.24,42.3,400.0,0.28,260.0,198.38,0.9,-0.008,94.9,1,30.21,260.9
8053,19.48,39.1,400.0,0.0,327.29,249.72,0.16,-0.376,95.3,1,28.52,327.45
8054,18.02,38.9,419.0,0.13,390.0,297.57,0.83,-0.361,95.3,1,27.2,390.83
8055,16.86,38.7,400.0,0.03,443.85,338.66,0.16,-0.081,95.0,1,26.35,444.01
8056,16.75,38.5,400.0,0.01,485.17,370.18,0.71,-0.758,94.8,0,26.03,485.88
8057,16.48,41.5,400.0,0.29,511.14,390.0,0.37,-0.551,95.2,1,26.24,511.51
8058,17.08,40.6,451.0,0.2,520.0,396.76,0.49,-0.457,95.2,1,26.99,520.49
8059,17.5,46.7,400.0,0.01,511.14,390.0,0.35,-0.637,95.0,1,28.22,511.49
8060,17.28,49.2,400.0,0.04,485.17,370.18,0.72,-0.339,95.3,1,29.84,485.88
8061,17.39,52.3,448.0,0.06,443.85,338.66,0.11,-0.112,95.1,1,31.74,443.96
8062,17.55,57.1,402.0,0.13,390.0,297.57,0.65,-0.13,95.1,1,33.8,390.65
8063,19.1,56.5,400.0,0.07,327.29,249.72,0.2,0.017,94.9,1,35.87,327.49
8064,19.96,56.7,416.0,0.1,260.0,198.38,0.56,-0.124,95.1,1,37.81,260.56
8065,19.7,59.0,400.0,0.1,327.29,249.72,0.8,0.097,94.7,1,39.49,328.1
8066,21.03,58.0,400.0,0.26,390.0,297.57,0.05,0.167,94.4,1,40.8,390.05
8067,22.1,60.7,400.0,0.16,443.85,338.66,0.57,0.494,93.1,1,41.64,444.41
8068,22.04,60.5,400.0,0.09,485.17,370.18,0.76,0.723,91.7,0,41.95,485.93
8069,22.54,59.1,400.0,0.13,511.14,390.0,0.45,0.566,92.7,1,41.72,511.59
8070,23.09,58.0,400.0,0.18,520.0,396.76,0.32,0.331,93.8,1,40.96,520.32
8071,22.55,49.9,431.0,0.0,511.14,390.0,0.87,0.047,94.8,1,39.73,512.01
8072,21.09,49.5,1019.0,1.0,630.72,481.24,10.09,0.471,93.2,1,38.09,640.81
8073,22.33,53.2,987.0,1.0,577.0,440.25,10.04,0.506,93.0,1,36.18,587.05
8074,21.37,47.5,959.0,1.0,507.0,386.84,10.63,0.082,94.7,1,34.11,517.63
8075,19.63,44.3,984.0,1.0,425.48,324.64,10.86,0.134,94.5,1,32.03,436.34
8076,20.1,41.3,929.0,1.0,338.0,257.89,10.9,-0.244,95.2,1,30.07,348.9
8077,18.44,43.0,1012.0,1.0,425.48,324.64,10.58,-0.075,95.0,1,28.38,436.06
8078,18.59,39.4,1015.0,1.0,507.0,386.84,10.57,-0.569,95.1,1,27.07,517.57
8079,16.86,39.1,1022.0,1.0,577.0,440.25,10.8,-0.23,95.2,1,26.22,587.81
8080,17.35,41.6,1030.0,1.0,630.72,481.24,10.94,-0.553,95.2,1,25.89,641.66
8081,16.89,42.4,1023.0,1.0,664.48,507.0,10.86,-0.422,95.3,1,26.11,675.34
8082,16.16,43.2,1001.0,1.0,676.0,515.79,10.05,-0.523,95.2,1,26.85,686.05
8083,16.8,45.8,400.0,0.09,511.14,390.0,0.73,-0.312,95.3,1,28.08,511.88
8084,17.85,51.6,400.0,0.15,485.17,370.18,0.19,-0.252,95.2,1,29.7,485.35
8085,18.52,55.2,400.0,0.07,443.85,338.66,0.32,-0.398,95.3,1,31.6,444.17
8086,18.03,55.6,422.0,0.26,390.0,297.57,0.2,0.117,94.6,1,33.66,390.2
8087,19.42,55.6,400.0,0.28,327.29,249.72,0.97,-0.067,95.0,1,35.73,328.26
8088,18.9,58.1,407.0,0.3,260.0,198.38,0.24,-0.377,95.3,1,37.67,260.24
8089,21.13,57.6,400.0,0.18,327.29,249.72,0.32,-0.005,94.9,1,39.36,327.61
8090,21.7,57.6,413.0,0.03,390.0,297.57,0.79,-0.004,94.9,1,40.66,390.79
8091,22.65,60.2,400.0,0.07,443.85,338.66,0.13,0.132,94.5,1,41.5,443.97
8092,22.04,58.7,456.0,0.12,485.17,370.18,0.84,0.37,93.7,1,41.81,486.01
8093,22.34,59.8,400.0,0.22,511.14,390.0,0.25,0.328,93.8,1,41.58,511.39
8094,23.29,57.0,406.0,0.04,520.0,396.76,0.12,0.523,92.9,1,40.83,520.12
8095,22.78,49.4,400.0,0.12,511.14,390.0,0.27,0.356,93.7,1,39.59,511.41
8096,22.32,53.5,1014.0,1.0,630.72,481.24,10.43,0.798,91.2,0,37.96,641.15
8097,22.25,47.0,1030.0,1.0,577.0,440.25,10.39,0.436,93.3,1,36.04,587.39
8098,21.56,44.4,974.0,1.0,507.0,386.84,10.74,-0.123,95.1,1,33.97,517.74
8099,20.52,42.8,996.0,1.0,425.48,324.64,10.35,0.231,94.2,1,31.89,435.83
8100,20.21,41.4,971.0,1.0,338.0,257.89,10.49,0.003,94.9,1,29.93,348.49
8101,19.19,37.6,993.0,1.0,425.48,324.64,10.92,-0.452,95.2,1,28.24,436.4
8102,18.23,41.1,1027.0,1.0,507.0,386.84,10.24,-0.365,95.3,1,26.93,517.24
8103,16.9,39.2,1060.0,1.0,577.0,440.25,10.91,-0.386,95.3,1,26.08,587.92
8104,16.93,38.9,1022.0,1.0,630.72,481.24,10.97,-0.459,95.2,1,25.75,641.68
8105,16.99,44.6,962.0,1.0,664.48,507.0,10.79,-0.757,94.8,0,25.97,675.27
8106,16.01,42.3,997.0,1.0,676.0,515.79,10.77,-0.295,95.3,1,26.71,686.77
8107,16.19,47.7,422.0,0.06,511.14,390.0,0.06,-0.41,95.3,1,27.94,511.2
8108,16.44,48.6,400.0,0.01,485.17,370.18,0.5,-0.276,95.3,1,29.56,485.66
8109,17.6,54.6,409.0,0.3,443.85,338.66,0.34,-0.353,95.3,1,31.46,444.18
8110,18.21,55.9,405.0,0.01,390.0,297.57,0.4,-0.309,95.3,1,33.52,390.4
8111,18.32,58.8,464.0,0.12,327.29,249.72,0.14,0.034,94.8,1,35.59,327.43
8112,19.26,54.4,400.0,0.13,260.0,198.38,0.1,0.009,94.9,1,37.53,260.1
8113,21.13,58.4,444.0,0.17,327.29,249.72,0.21,0.27,94.1,1,39.21,327.5
8114,21.55,59.6,400.0,0.02,390.0,297.57,0.87,0.34,93.8,1,40.52,390.87
8115,22.16,60.4,420.0,0.11,443.85,338.66,0.46,0.35,93.7,1,41.36,444.31
8116,21.71,61.4,410.0,0.16,485.17,370.18,0.24,0.73,91.7,0,41.67,485.41
8117,22.91,54.0,451.0,0.09,511.14,390.0,0.16,0.708,91.8,0,41.44,511.3
8118,22.56,55.9,442.0,0.29,520.0,396.76,0.05,0.711,91.8,0,40.68,520.05
8119,21.94,51.3,400.0,0.17,511.14,390.0,0.67,0.368,93.7,1,39.45,511.81
8120,21.75,50.0,954.0,1.0,630.72,481.24,10.83,0.128,94.6,1,37.81,641.54
8121,22.42,45.7,1026.0,1.0,577.0,440.25,10.41,0.281,94.0,1,35.9,587.41
8122,20.43,50.8,1052.0,1.0,507.0,386.84,10.46,0.159,94.5,1,33.83,517.46
8123,21.86,44.7,954.0,1.0,425.48,324.64,10.61,0.466,93.2,1,31.75,436.09
8124,18.84,41.1,1053.0,1.0,338.0,257.89,10.36,-0.477,95.2,1,29.79,348.36
8125,19.55,39.1,975.0,1.0,425.48,324.64,10.5,0.266,94.1,1,28.1,435.98
8126,18.44,41.4,1041.0,1.0,507.0,386.84,10.44,-0.143,95.1,1,26.78,517.44
8127,18.06,39.8,999.0,1.0,577.0,440.25,10.2,-0.227,95.2,1,25.93,587.2
8128,17.54,41.9,1038.0,1.0,630.72,481.24,10.53,-0.071,95.0,1,25.61,641.25
8129,17.43,43.2,1013.0,1.0,664.48,507.0,10.44,-0.13,95.1,1,25.82,674.93
8130,16.78,43.6,1033.0,1.0,676.0,515.79,10.85,-0.392,95.3,1,26.57,686.85
8131,17.1,48.2,400.0,0.03,511.14,390.0,0.29,-0.424,95.3,1,27.8,511.43
8132,17.39,48.2,400.0,0.06,485.17,370.18,0.7,-0.333,95.3,1,29.42,485.87
8133,17.98,49.9,433.0,0.11,443.85,338.66,0.3,-0.264,95.3,1,31.32,444.14
8134,18.41,55.1,434.0,0.1,390.0,297.57,0.51,-0.195,95.2,1,33.38,390.51
8135,19.6,58.8,400.0,0.28,327.29,249.72,0.67,0.008,94.9,1,35.45,327.96
8136,19.22,55.8,413.0,0.05,260.0,198.38,0.89,-0.122,95.1,1,37.39,260.89
8137,20.95,64.1,400.0,0.08,327.29,249.72,0.3,0.274,94.1,1,39.07,327.59
8138,21.11,57.9,400.0,0.26,390.0,297.57,0.64,0.032,94.8,1,40.38,390.64
8139,22.0,60.4,411.0,0.22,443.85,338.66,0.18,0.355,93.7,1,41.22,444.03
8140,23.57,63.6,419.0,0.07,485.17,370.18,0.22,0.55,92.8,1,41.53,485.39
8141,23.4,54.7,400.0,0.02,511.14,390.0,0.42,0.086,94.7,1,41.3,511.56
8142,22.03,53.1,439.0,0.09,520.0,396.76,0.64,0.096,94.7,1,40.54,520.64
8143,22.55,55.8,400.0,0.08,511.14,390.0,0.16,0.538,92.8,1,39.3,511.3
8144,22.1,53.6,1037.0,1.0,630.72,481.24,10.99,0.088,94.7,1,37.67,641.7
8145,22.32,44.5,967.0,1.0,577.0,440.25,10.93,0.37,93.7,1,35.76,587.93
8146,21.97,43.9,1014.0,1.0,507.0,386.84,10.28,0.151,94.5,1,33.69,517.28
8147,20.14,42.3,1003.0,1.0,425.48,324.64,10.43,0.216,94.3,1,31.6,435.91
8148,19.76,40.4,1030.0,1.0,338.0,257.89,10.17,0.198,94.3,1,29.65,348.17
8149,19.16,41.3,1013.0,1.0,425.48,324.64,10.14,-0.401,95.3,1,27.96,435.62
8150,18.08,40.3,1013.0,1.0,507.0,386.84,10.77,0.016,94.9,1,26.64,517.77
8151,17.82,37.2,1000.0,1.0,577.0,440.25,10.1,-0.364,95.3,1,25.79,587.11
8152,17.68,44.0,1017.0,1.0,630.72,481.24,10.23,-0.294,95.3,1,25.46,640.95
8153,17.24,39.9,963.0,1.0,664.48,507.0,10.16,-0.169,95.2,1,25.68,674.64
8154,16.63,45.8,929.0,1.0,676.0,515.79,10.14,-0.414,95.3,1,26.43,686.14
8155,17.78,42.3,460.0,0.15,511.14,390.0,0.83,-0.526,95.2,1,27.65,511.97
8156,16.2,47.5,400.0,0.24,485.17,370.18,0.53,-0.453,95.2,1,29.27,485.7
8157,16.71,50.0,454.0,0.08,443.85,338.66,0.52,-0.307,95.3,1,31.18,444.37
8158,18.18,58.8,400.0,0.02,390.0,297.57,0.95,-0.101,95.1,1,33.24,390.95
8159,19.3,55.5,445.0,0.04,327.29,249.72,0.23,0.169,94.4,1,35.31,327.52
8160,19.38,59.2,443.0,0.05,260.0,198.38,0.61,0.126,94.6,1,37.25,260.61
8161,21.9,61.1,400.0,0.25,327.29,249.72,0.01,-0.304,95.3,1,38.93,327.31
8162,21.5,61.3,400.0,0.03,390.0,297.57,0.93,0.549,92.8,1,40.23,390.93
8163,21.96,58.8,400.0,0.14,443.85,338.66,0.31,0.4,93.5,1,41.07,444.16
8164,23.03,58.2,401.0,0.12,485.17,370.18,0.39,0.628,92.3,1,41.39,485.56
8165,22.06,58.7,410.0,0.28,511.14,390.0,0.88,0.561,92.7,1,41.16,512.02
8166,23.65,55.8,465.0,0.11,520.0,396.76,0.52,0.165,94.4,1,40.4,520.52
8167,22.24,56.4,400.0,0.03,511.14,390.0,0.93,0.084,94.7,1,39.16,512.07
8168,21.9,45.8,996.0,1.0,630.72,481.24,10.64,0.266,94.1,1,37.53,641.36
8169,22.13,50.1,1023.0,1.0,577.0,440.25,10.29,0.385,93.6,1,35.61,587.29
8170,21.17,45.9,961.0,1.0,507.0,386.84,10.75,0.019,94.8,1,33.54,517.75
8171,21.11,46.9,1035.0,1.0,425.48,324.64,10.04,0.351,93.7,1,31.46,435.52
8172,19.75,46.3,1039.0,1.0,338.0,257.89,10.95,-0.121,95.1,1,29.5,348.95
8173,19.62,40.3,1026.0,1.0,425.48,324.64,10.95,-0.05,95.0,1,27.81,436.43
8174,18.78,40.9,988.0,1.0,507.0,386.84,10.9,-0.133,95.1,1,26.5,517.9
8175,18.02,39.5,1027.0,1.0,577.0,440.25,10.86,-0.366,95.3,1,25.65,587.86
8176,17.38,43.2,996.0,1.0,630.72,481.24,10.47,-0.594,95.1,1,25.32,641.19
8177,16.87,44.8,989.0,1.0,664.48,507.0,10.21,-0.542,95.2,1,25.54,674.69
8178,16.87,44.0,1025.0,1.0,676.0,515.79,10.19,-0.613,95.1,1,26.28,686.19
8179,17.1,48.5,400.0,0.2,511.14,390.0,0.21,-0.635,95.0,1,27.51,511.35
8180,17.79,49.4,428.0,0.17,485.17,370.18,0.86,-0.641,95.0,1,29.13,486.03
8181,17.94,50.5,428.0,0.02,443.85,338.66,0.27,-0.204,95.2,1,31.03,444.12
8182,18.17,55.2,434.0,0.1,390.0,297.57,0.32,0.102,94.6,1,33.09,390.32
8183,19.59,57.9,400.0,0.06,327.29,249.72,0.01,-0.105,95.1,1,35.16,327.3
8184,19.76,59.7,418.0,0.03,260.0,198.38,0.17,0.067,94.7,1,37.1,260.17
8185,21.5,57.8,400.0,0.21,327.29,249.72,0.88,0.091,94.7,1,38.78,328.17
8186,21.77,59.6,464.0,0.29,390.0,297.57,0.72,0.192,94.4,1,40.09,390.72
8187,22.82,56.6,400.0,0.09,443.85,338.66,0.78,0.157,94.5,1,40.93,444.63
8188,22.6,59.2,405.0,0.1,485.17,370.18,0.54,0.628,92.3,1,41.24,485.71
8189,23.23,57.6,400.0,0.17,511.14,390.0,0.15,0.52,92.9,1,41.01,511.29
8190,22.99,52.6,401.0,0.05,520.0,396.76,0.01,0.591,92.5,1,40.25,520.01
8191,22.62,50.2,400.0,0.22,511.14,390.0,0.48,0.442,93.3,1,39.01,511.62
8192,22.97,51.7,400.0,0.17,485.17,370.18,0.48,0.088,94.7,1,37.38,485.64
8193,21.86,50.5,400.0,0.29,443.85,338.66,0.2,0.192,94.4,1,35.46,444.05
8194,21.23,43.8,400.0,0.21,390.0,297.57,0.64,0.333,93.8,1,33.39,390.64
8195,19.95,43.0,400.0,0.15,327.29,249.72,0.46,0.184,94.4,1,31.31,327.75
8196,20.7,38.6,470.0,0.01,260.0,198.38,0.51,0.01,94.9,1,29.36,260.51
8197,19.07,42.3,427.0,0.21,327.29,249.72,0.46,-0.004,94.9,1,27.67,327.75
8198,18.33,43.0,400.0,0.15,390.0,297.57,0.68,-0.477,95.2,1,26.35,390.68
8199,17.64,38.0,400.0,0.01,443.85,338.66,0.06,-0.172,95.2,1,25.5,443.91
8200,17.25,38.3,400.0,0.08,485.17,370.18,0.31,-0.07,95.0,1,25.17,485.48
8201,16.8,42.2,400.0,0.12,511.14,390.0,0.74,-0.266,95.3,1,25.39,511.88
8202,16.49,45.0,402.0,0.21,520.0,396.76,0.18,-0.559,95.1,1,26.14,520.18
8203,17.46,44.4,400.0,0.22,511.14,390.0,0.07,-0.221,95.2,1,27.36,511.21
8204,17.15,47.1,400.0,0.26,485.17,370.18,0.18,-0.35,95.3,1,28.98,485.34
8205,18.44,54.2,400.0,0.0,443.85,338.66,0.67,-0.375,95.3,1,30.89,444.51
8206,18.62,51.2,400.0,0.17,390.0,297.57,0.17,-0.129,95.1,1,32.94,390.17
8207,18.26,53.7,415.0,0.25,327.29,249.72,0.09,0.142,94.5,1,35.01,327.38
8208,20.38,58.1,400.0,0.25,260.0,198.38,0.56,-0.485,95.2,1,36.96,260.56
8209,20.86,63.2,403.0,0.2,327.29,249.72,0.5,-0.27,95.3,1,38.64,327.79
8210,21.62,59.0,400.0,0.29,390.0,297.57,0.85,-0.051,95.0,1,39.94,390.85
8211,22.55,57.4,457.0,0.27,443.85,338.66,0.24,0.268,94.1,1,40.78,444.08
8212,22.27,60.0,423.0,0.1,485.17,370.18,0.85,0.528,92.9,1,41.09,486.02
8213,23.62,59.7,400.0,0.22,511.14,390.0,0.04,0.773,91.4,0,40.86,511.18
8214,22.9,58.1,400.0,0.07,520.0,396.76,0.5,0.258,94.1,1,40.1,520.5
8215,23.82,53.8,424.0,0.18,511.14,390.0,0.37,0.769,91.4,0,38.87,511.51
8216,22.1,51.7,428.0,0.07,485.17,370.18,0.51,0.344,93.8,1,37.23,485.68
8217,21.71,49.1,400.0,0.15,443.85,338.66,0.97,0.499,93.0,1,35.32,444.82
8218,21.7,45.8,400.0,0.17,390.0,297.57,0.72,0.201,94.3,1,33.25,390.72
8219,21.07,46.9,400.0,0.3,327.29,249.72,0.89,-0.138,95.1,1,31.16,328.18
8220,20.07,41.7,422.0,0.04,260.0,198.38,0.12,0.226,94.2,1,29.21,260.12
8221,19.41,40.3,400.0,0.13,327.29,249.72,0.43,-0.306,95.3,1,27.52,327.72
8222,19.08,41.8,416.0,0.25,390.0,297.57,0.52,-0.538,95.2,1,26.2,390.52
8223,17.86,40.7,412.0,0.26,443.85,338.66,0.54,-0.124,95.1,1,25.35,444.39
8224,16.99,45.0,400.0,0.06,485.17,370.18,0.08,-0.316,95.3,1,25.02,485.24
8225,17.92,46.6,400.0,0.01,511.14,390.0,0.02,-0.215,95.2,1,25.24,511.16
8226,17.71,42.7,432.0,0.01,520.0,396.76,0.81,-0.191,95.2,1,25.99,520.81
8227,17.75,48.6,404.0,0.27,511.14,390.0,0.48,-0.37,95.3,1,27.21,511.62
8228,16.93,49.6,406.0,0.11,485.17,370.18,0.26,-0.675,95.0,1,28.83,485.42
8229,17.59,52.8,400.0,0.23,443.85,338.66,0.16,-0.643,95.0,1,30.74,444.01
8230,18.9,56.9,400.0,0.02,390.0,297.57,0.99,-0.434,95.3,1,32.8,390.99
8231,20.27,56.2,400.0,0.04,327.29,249.72,0.69,0.205,94.3,1,34.87,327.98
8232,20.89,56.8,408.0,0.07,260.0,198.38,0.78,0.076,94.7,1,36.81,260.78
8233,20.85,58.4,400.0,0.25,327.29,249.72,0.71,0.065,94.7,1,38.49,328.0
8234,21.25,59.7,411.0,0.01,390.0,297.57,0.55,0.422,93.4,1,39.79,390.55
8235,21.75,55.8,400.0,0.2,443.85,338.66,0.15,0.488,93.1,1,40.63,444.0
8236,22.62,58.2,400.0,0.12,485.17,370.18,0.42,0.444,93.3,1,40.94,485.59
8237,24.44,57.4,400.0,0.21,511.14,390.0,0.63,0.639,92.2,1,40.71,511.77
8238,22.65,57.2,412.0,0.27,520.0,396.76,0.84,0.266,94.1,1,39.95,520.84
8239,23.08,51.8,400.0,0.26,511.14,390.0,0.97,0.979,89.9,0,38.72,512.11
8240,22.38,51.3,991.0,1.0,630.72,481.24,10.54,-0.032,95.0,1,37.08,641.26
8241,22.44,48.0,975.0,1.0,577.0,440.25,10.83,0.164,94.4,1,35.17,587.83
8242,20.77,47.1,1031.0,1.0,507.0,386.84,10.08,0.106,94.6,1,33.1,517.08
8243,20.38,45.6,959.0,1.0,425.48,324.64,10.02,0.035,94.8,1,31.02,435.5
8244,19.7,40.7,1027.0,1.0,338.0,257.89,10.23,-0.051,95.0,1,29.06,348.23
8245,18.81,42.8,958.0,1.0,425.48,324.64,10.07,0.08,94.7,1,27.37,435.55
8246,18.26,42.0,1017.0,1.0,507.0,386.84,10.76,-0.174,95.2,1,26.05,517.76
8247,18.08,39.6,995.0,1.0,577.0,440.25,10.71,-0.425,95.3,1,25.2,587.71
8248,18.3,43.2,1003.0,1.0,630.72,481.24,10.24,-0.217,95.2,1,24.87,640.96
8249,17.19,43.1,1009.0,1.0,664.48,507.0,10.1,-0.586,95.1,1,25.09,674.59
8250,16.81,46.0,995.0,1.0,676.0,515.79,10.91,-0.514,95.2,1,25.84,686.91
8251,17.56,48.1,420.0,0.2,511.14,390.0,0.42,-0.639,95.0,1,27.06,511.56
8252,18.12,48.5,400.0,0.05,485.17,370.18,0.03,-0.751,94.8,0,28.68,485.2
8253,17.5,50.9,400.0,0.14,443.85,338.66,0.02,-0.412,95.3,1,30.59,443.86
8254,18.31,57.2,400.0,0.18,390.0,297.57,0.74,-0.203,95.2,1,32.65,390.74
8255,19.08,55.8,400.0,0.26,327.29,249.72,0.42,0.251,94.1,1,34.72,327.71
8256,20.08,54.4,407.0,0.2,260.0,198.38,0.47,-0.074,95.0,1,36.66,260.47
8257,20.9,58.1,400.0,0.01,327.29,249.72,0.25,0.101,94.6,1,38.34,327.54
8258,21.8,62.4,428.0,0.11,390.0,297.57,0.03,0.107,94.6,1,39.64,390.03
8259,22.18,62.7,440.0,0.14,443.85,338.66,0.09,0.006,94.9,1,40.48,443.94
8260,23.12,61.2,400.0,0.01,485.17,370.18,0.05,0.272,94.1,1,40.79,485.22
8261,22.98,56.6,417.0,0.14,511.14,390.0,0.31,0.348,93.8,1,40.56,511.45
8262,22.45,54.7,463.0,0.22,520.0,396.76,0.51,0.695,91.9,1,39.8,520.51
8263,23.42,53.8,405.0,0.0,511.14,390.0,0.5,0.428,93.4,1,38.57,511.64
8264,22.42,51.7,962.0,1.0,630.72,481.24,10.21,0.394,93.5,1,36.93,640.93
8265,22.15,43.8,990.0,1.0,577.0,440.25,10.98,0.58,92.6,1,35.02,587.98
8266,22.15,43.6,981.0,1.0,507.0,386.84,10.28,0.396,93.5,1,32.95,517.28
8267,21.23,43.5,1007.0,1.0,425.48,324.64,10.71,0.255,94.1,1,30.86,436.19
8268,19.99,41.0,1036.0,1.0,338.0,257.89,10.43,0.238,94.2,1,28.91,348.43
8269,20.07,38.9,947.0,1.0,425.48,324.64,10.61,-0.375,95.3,1,27.22,436.1
8270,19.32,40.9,1040.0,1.0,507.0,386.84,10.01,-0.67,95.0,1,25.9,517.01
8271,17.5,39.1,1008.0,1.0,577.0,440.25,10.1,-0.34,95.3,1,25.05,587.11
8272,16.23,37.4,1021.0,1.0,630.72,481.24,10.5,-0.538,95.2,1,24.72,641.22
8273,17.37,44.6,1013.0,1.0,664.48,507.0,10.12,-0.255,95.3,1,24.94,674.6
8274,17.19,44.4,981.0,1.0,676.0,515.79,10.64,-0.529,95.2,1,25.69,686.64
8275,17.82,47.6,414.0,0.13,511.14,390.0,0.33,-0.062,95.0,1,26.91,511.47
8276,18.4,47.3,431.0,0.06,485.17,370.18,0.8,-0.162,95.2,1,28.53,485.97
8277,18.96,50.2,437.0,0.2,443.85,338.66,0.19,-0.198,95.2,1,30.44,444.04
8278,19.81,51.1,433.0,0.25,390.0,297.57,0.76,-0.013,94.9,1,32.49,390.76
8279,18.99,57.5,400.0,0.3,327.29,249.72,0.46,-0.329,95.3,1,34.56,327.75
8280,21.04,58.0,440.0,0.03,260.0,198.38,0.43,-0.17,95.2,1,36.51,260.43
8281,20.26,61.9,432.0,0.25,327.29,249.72,0.13,-0.105,95.1,1,38.19,327.42
8282,20.51,58.7,428.0,0.26,390.0,297.57,0.45,0.185,94.4,1,39.49,390.45
8283,21.8,57.8,400.0,0.18,443.85,338.66,0.65,0.023,94.8,1,40.33,444.5
8284,22.97,56.8,400.0,0.13,485.17,370.18,0.14,0.182,94.4,1,40.64,485.3
8285,23.43,58.9,404.0,0.03,511.14,390.0,0.08,0.368,93.7,1,40.41,511.22
8286,23.12,60.0,426.0,0.05,520.0,396.76,0.2,0.083,94.7,1,39.65,520.2
8287,23.18,52.3,400.0,0.27,511.14,390.0,0.74,0.437,93.3,1,38.41,511.88
8288,23.02,51.7,966.0,1.0,630.72,481.24,10.18,0.107,94.6,1,36.78,640.9
8289,22.45,46.8,1003.0,1.0,577.0,440.25,10.81,0.243,94.2,1,34.86,587.81
8290,21.29,44.6,968.0,1.0,507.0,386.84,10.8,-0.134,95.1,1,32.8,517.8
8291,21.19,40.9,989.0,1.0,425.48,324.64,10.2,0.363,93.7,1,30.71,435.68
8292,21.09,41.8,997.0,1.0,338.0,257.89,10.34,0.222,94.3,1,28.76,348.34
8293,19.48,39.2,940.0,1.0,425.48,324.64,10.7,-0.334,95.3,1,27.07,436.18
8294,18.18,38.2,1007.0,1.0,507.0,386.84,10.34,-0.273,95.3,1,25.75,517.34
8295,19.11,42.6,995.0,1.0,577.0,440.25,10.7,-0.046,95.0,1,24.9,587.7
8296,17.81,42.9,953.0,1.0,630.72,481.24,10.71,-0.117,95.1,1,24.57,641.42
8297,17.34,45.0,982.0,1.0,664.48,507.0,10.4,-0.562,95.1,1,24.79,674.88
8298,18.17,45.1,1023.0,1.0,676.0,515.79,10.95,-0.689,94.9,1,25.53,686.95
8299,17.07,45.4,400.0,0.01,511.14,390.0,0.17,-0.088,95.1,1,26.76,511.31
8300,17.93,50.2,400.0,0.08,485.17,370.18,0.58,-0.673,95.0,1,28.38,485.75
8301,17.39,52.7,407.0,0.24,443.85,338.66,0.18,-0.202,95.2,1,30.28,444.03
8302,18.52,52.9,400.0,0.08,390.0,297.57,0.39,-0.324,95.3,1,32.34,390.39
8303,18.88,60.5,442.0,0.07,327.29,249.72,0.19,-0.21,95.2,1,34.41,327.48
8304,20.31,58.4,413.0,0.12,260.0,198.38,0.4,-0.141,95.1,1,36.35,260.4
8305,21.43,59.9,412.0,0.21,327.29,249.72,0.61,0.2,94.3,1,38.03,327.91
8306,21.81,60.3,419.0,0.16,390.0,297.57,0.94,0.25,94.2,1,39.34,390.94
8307,22.8,60.7,400.0,0.18,443.85,338.66,0.12,0.073,94.7,1,40.17,443.97
8308,23.0,58.4,400.0,0.22,485.17,370.18,0.61,0.425,93.4,1,40.49,485.77
8309,22.8,59.9,468.0,0.18,511.14,390.0,0.28,0.336,93.8,1,40.26,511.42
8310,23.89,58.3,400.0,0.03,520.0,396.76,0.28,0.474,93.2,1,39.5,520.28
8311,23.64,49.2,418.0,0.25,511.14,390.0,0.62,0.582,92.6,1,38.26,511.77
8312,23.36,50.0,968.0,1.0,630.72,481.24,10.53,0.332,93.8,1,36.63,641.25
8313,22.23,50.1,1041.0,1.0,577.0,440.25,10.61,0.292,94.0,1,34.71,587.61
8314,21.13,46.3,1002.0,1.0,507.0,386.84,10.65,0.107,94.6,1,32.64,517.65
8315,21.22,41.1,958.0,1.0,425.48,324.64,10.06,0.211,94.3,1,30.56,435.55
8316,20.9,40.8,1016.0,1.0,338.0,257.89,10.88,-0.02,94.9,1,28.6,348.88
8317,19.44,43.5,1032.0,1.0,425.48,324.64,10.56,-0.05,95.0,1,26.91,436.04
8318,18.61,36.8,1010.0,1.0,507.0,386.84,10.27,-0.233,95.2,1,25.6,517.27
8319,18.49,40.5,1026.0,1.0,577.0,440.25,10.4,0.017,94.9,1,24.74,587.4
8320,16.99,40.9,1043.0,1.0,630.72,481.24,10.82,-0.351,95.3,1,24.42,641.54
8321,16.59,41.8,1023.0,1.0,664.48,507.0,10.97,-0.465,95.2,1,24.63,675.45
8322,17.82,44.0,987.0,1.0,676.0,515.79,10.56,-0.466,95.2,1,25.38,686.56
8323,17.63,48.2,441.0,0.25,511.14,390.0,0.66,-0.142,95.1,1,26.61,511.81
8324,18.07,50.9,414.0,0.21,485.17,370.18,0.78,-0.173,95.2,1,28.23,485.95
8325,18.4,52.8,400.0,0.16,443.85,338.66,0.92,-0.078,95.0,1,30.13,444.77
8326,18.24,55.8,413.0,0.02,390.0,297.57,0.51,-0.252,95.2,1,32.19,390.51
8327,19.33,56.5,412.0,0.27,327.29,249.72,0.12,0.019,94.8,1,34.26,327.41
8328,20.3,61.2,404.0,0.19,260.0,198.38,0.84,-0.02,94.9,1,36.2,260.84
8329,21.51,61.0,400.0,0.14,327.29,249.72,0.86,0.265,94.1,1,37.88,328.15
8330,21.74,58.8,436.0,0.06,390.0,297.57,0.95,0.242,94.2,1,39.18,390.95
8331,22.84,60.8,423.0,0.04,443.85,338.66,0.28,0.329,93.8,1,40.02,444.12
8332,22.68,61.0,400.0,0.21,485.17,370.18,0.46,0.362,93.7,1,40.33,485.62
8333,24.13,57.8,415.0,0.07,511.14,390.0,0.77,0.532,92.9,1,40.1,511.91
8334,23.56,53.5,410.0,0.01,520.0,396.76,0.13,0.687,92.0,1,39.34,520.13
8335,23.59,49.4,400.0,0.28,511.14,390.0,0.32,0.675,92.0,1,38.11,511.46
8336,23.35,51.8,998.0,1.0,630.72,481.24,10.91,0.315,93.9,1,36.47,641.63
8337,21.37,45.7,1010.0,1.0,577.0,440.25,10.99,0.344,93.8,1,34.56,587.99
8338,22.19,43.8,1050.0,1.0,507.0,386.84,10.76,0.04,94.8,1,32.49,517.76
8339,21.23,41.7,1003.0,1.0,425.48,324.64,10.95,0.047,94.8,1,30.4,436.43
8340,20.35,39.6,1051.0,1.0,338.0,257.89,10.79,-0.129,95.1,1,28.45,348.79
8341,19.92,39.8,992.0,1.0,425.48,324.64,10.68,-0.385,95.3,1,26.76,436.16
8342,18.78,40.2,994.0,1.0,507.0,386.84,10.72,-0.305,95.3,1,25.44,517.72
8343,19.05,38.8,951.0,1.0,577.0,440.25,10.22,-0.008,94.9,1,24.59,587.22
8344,18.83,39.4,999.0,1.0,630.72,481.24,10.9,-0.442,95.3,1,24.26,641.62
8345,17.71,41.9,989.0,1.0,664.48,507.0,10.31,-0.291,95.3,1,24.48,674.79
8346,17.92,44.1,984.0,1.0,676.0,515.79,10.84,-0.494,95.2,1,25.23,686.84
8347,17.46,47.5,400.0,0.3,511.14,390.0,0.7,-0.543,95.2,1,26.45,511.84
8348,17.38,50.0,400.0,0.25,485.17,370.18,0.11,-0.187,95.2,1,28.07,485.27
8349,18.62,49.7,400.0,0.17,443.85,338.66,0.74,-0.032,95.0,1,29.97,444.59
8350,18.5,56.3,401.0,0.3,390.0,297.57,0.62,-0.475,95.2,1,32.03,390.62
8351,19.43,54.0,419.0,0.22,327.29,249.72,0.49,0.127,94.6,1,34.1,327.78
8352,20.54,58.9,442.0,0.05,260.0,198.38,0.82,0.05,94.8,1,36.04,260.82
8353,21.28,59.3,412.0,0.29,327.29,249.72,0.55,-0.104,95.1,1,37.72,327.84
8354,22.04,63.4,400.0,0.28,390.0,297.57,0.9,0.182,94.4,1,39.03,390.9
8355,23.23,58.9,410.0,0.27,443.85,338.66,0.53,0.341,93.8,1,39.86,444.38
8356,23.66,59.0,440.0,0.22,485.17,370.18,0.34,0.579,92.6,1,40.18,485.51
8357,23.96,57.5,409.0,0.25,511.14,390.0,0.02,0.578,92.6,1,39.95,511.16
8358,23.67,56.6,437.0,0.3,520.0,396.76,0.5,0.436,93.4,1,39.19,520.5
8359,22.84,55.4,400.0,0.02,511.14,390.0,0.67,0.63,92.3,1,37.95,511.81
8360,23.02,51.0,400.0,0.3,485.17,370.18,0.49,0.319,93.9,1,36.32,485.66
8361,22.39,52.5,400.0,0.18,443.85,338.66,0.91,0.277,94.0,1,34.4,444.75
8362,22.15,44.9,416.0,0.2,390.0,297.57,0.69,0.636,92.3,1,32.33,390.69
8363,21.93,45.7,400.0,0.06,327.29,249.72,0.19,-0.184,95.2,1,30.25,327.49
8364,20.77,42.1,400.0,0.13,260.0,198.38,0.22,0.169,94.4,1,28.29,260.22
8365,19.75,40.8,412.0,0.25,327.29,249.72,0.29,-0.344,95.3,1,26.6,327.58
8366,19.46,37.6,440.0,0.09,390.0,297.57,0.37,-0.167,95.2,1,25.28,390.37
8367,18.45,41.4,400.0,0.1,443.85,338.66,0.35,-0.329,95.3,1,24.43,444.2
8368,17.93,40.7,443.0,0.16,485.17,370.18,0.3,-0.555,95.2,1,24.1,485.47
8369,18.07,42.6,445.0,0.08,511.14,390.0,0.56,-0.492,95.2,1,24.32,511.7
8370,17.85,44.6,400.0,0.18,520.0,396.76,0.38,-0.685,94.9,1,25.07,520.38
8371,17.39,48.0,400.0,0.29,511.14,390.0,0.98,-0.373,95.3,1,26.29,512.12
8372,17.32,51.9,400.0,0.15,485.17,370.18,0.46,-0.282,95.3,1,27.91,485.62
8373,18.59,51.8,400.0,0.25,443.85,338.66,0.17,-0.103,95.1,1,29.82,444.02
8374,18.96,53.9,408.0,0.25,390.0,297.57,0.69,0.091,94.7,1,31.87,390.69
8375,19.64,57.2,426.0,0.16,327.29,249.72,0.57,-0.186,95.2,1,33.94,327.86
8376,20.38,56.3,402.0,0.19,260.0,198.38,0.01,-0.116,95.1,1,35.89,260.01
8377,21.36,57.8,400.0,0.08,327.29,249.72,0.56,0.022,94.8,1,37.57,327.86
8378,22.17,61.0,448.0,0.14,390.0,297.57,0.51,0.519,92.9,1,38.87,390.51
8379,22.49,58.6,400.0,0.18,443.85,338.66,0.35,0.269,94.1,1,39.71,444.2
8380,22.84,60.5,404.0,0.07,485.17,370.18,0.91,0.541,92.8,1,40.02,486.07
8381,22.69,57.2,400.0,0.26,511.14,390.0,0.96,0.231,94.2,1,39.79,512.1
8382,23.68,54.7,400.0,0.22,520.0,396.76,0.37,0.491,93.1,1,39.03,520.37
8383,23.93,55.3,400.0,0.26,511.14,390.0,0.61,0.547,92.8,1,37.79,511.75
8384,23.33,49.2,410.0,0.04,485.17,370.18,0.38,0.393,93.6,1,36.16,485.54
8385,22.07,47.9,448.0,0.14,443.85,338.66,0.41,0.267,94.1,1,34.24,444.26
8386,21.74,44.1,414.0,0.09,390.0,297.57,0.91,-0.057,95.0,1,32.17,390.91
8387,20.93,43.2,400.0,0.05,327.29,249.72,0.39,0.487,93.1,1,30.09,327.68
8388,20.23,42.9,400.0,0.28,260.0,198.38,0.68,0.054,94.8,1,28.14,260.68
8389,19.54,40.8,406.0,0.1,327.29,249.72,0.12,0.261,94.1,1,26.44,327.41
8390,18.86,39.9,400.0,0.12,390.0,297.57,0.19,-0.121,95.1,1,25.13,390.19
8391,19.71,40.0,410.0,0.25,443.85,338.66,0.8,-0.145,95.1,1,24.28,444.64
8392,17.82,41.6,417.0,0.29,485.17,370.18,0.58,-0.483,95.2,1,23.95,485.75
8393,16.81,43.5,400.0,0.07,511.14,390.0,0.31,-0.46,95.2,1,24.16,511.45
8394,18.2,45.5,400.0,0.11,520.0,396.76,0.44,-0.469,95.2,1,24.91,520.44
8395,17.86,47.3,400.0,0.04,511.14,390.0,0.67,-0.457,95.2,1,26.14,511.81
8396,18.53,48.4,430.0,0.29,485.17,370.18,0.76,-0.072,95.0,1,27.76,485.92
8397,18.55,51.9,412.0,0.22,443.85,338.66,0.82,-0.379,95.3,1,29.66,444.67
8398,19.88,53.7,447.0,0.0,390.0,297.57,0.44,-0.22,95.2,1,31.72,390.44
8399,20.02,57.5,423.0,0.12,327.29,249.72,0.71,-0.237,95.2,1,33.79,328.0
8400,21.2,57.9,400.0,0.02,260.0,198.38,0.04,0.064,94.7,1,35.73,260.04
8401,21.96,59.1,400.0,0.2,327.29,249.72,0.45,0.009,94.9,1,37.41,327.74
8402,22.04,62.9,400.0,0.01,390.0,297.57,0.68,0.193,94.4,1,38.71,390.68
8403,22.95,59.6,400.0,0.05,443.85,338.66,0.5,0.703,91.8,0,39.55,444.34
8404,23.92,55.3,406.0,0.03,485.17,370.18,0.65,0.416,93.4,1,39.86,485.82
8405,23.88,60.7,400.0,0.13,511.14,390.0,0.79,0.292,94.0,1,39.63,511.93
8406,24.25,55.4,400.0,0.22,520.0,396.76,0.79,0.799,91.2,0,38.87,520.79
8407,24.85,52.4,400.0,0.11,511.14,390.0,0.46,0.468,93.2,1,37.63,511.6
8408,23.1,49.8,1001.0,1.0,630.72,481.24,10.07,0.65,92.2,1,36.0,640.79
8409,22.71,47.2,1024.0,1.0,577.0,440.25,10.59,0.575,92.6,1,34.09,587.6
8410,21.48,47.9,986.0,1.0,507.0,386.84,11.0,0.341,93.8,1,32.01,518.0
8411,21.01,42.1,936.0,1.0,425.48,324.64,10.95,0.219,94.3,1,29.93,436.43
8412,20.41,40.4,1030.0,1.0,338.0,257.89,10.71,-0.113,95.1,1,27.98,348.71
8413,20.16,40.1,992.0,1.0,425.48,324.64,10.09,-0.108,95.1,1,26.28,435.58
8414,19.15,36.9,993.0,1.0,507.0,386.84,10.93,0.021,94.8,1,24.97,517.93
8415,18.37,39.4,1023.0,1.0,577.0,440.25,10.66,-0.393,95.3,1,24.12,587.66
8416,18.08,43.1,1033.0,1.0,630.72,481.24,10.45,-0.596,95.1,1,23.79,641.17
8417,17.59,43.2,1013.0,1.0,664.48,507.0,10.74,-0.801,94.6,0,24.01,675.23
8418,17.64,45.7,1001.0,1.0,676.0,515.79,10.01,-0.461,95.2,1,24.75,686.01
8419,17.15,45.8,400.0,0.1,511.14,390.0,0.35,-0.616,95.1,1,25.98,511.5
8420,18.88,46.3,400.0,0.27,485.17,370.18,0.18,-0.146,95.1,1,27.6,485.34
8421,18.55,53.4,408.0,0.02,443.85,338.66,0.79,-0.259,95.3,1,29.5,444.64
8422,19.0,52.7,400.0,0.2,390.0,297.57,0.61,-0.203,95.2,1,31.56,390.61
8423,19.9,53.7,400.0,0.08,327.29,249.72,0.72,-0.088,95.1,1,33.63,328.01
8424,20.36,56.9,457.0,0.29,260.0,198.38,0.5,-0.001,94.9,1,35.57,260.5
8425,22.14,58.2,400.0,0.28,327.29,249.72,0.12,0.176,94.4,1,37.25,327.42
8426,21.6,57.8,413.0,0.03,390.0,297.57,0.15,0.031,94.8,1,38.55,390.15
8427,22.99,59.8,400.0,0.08,443.85,338.66,0.39,0.494,93.1,1,39.39,444.24
8428,24.22,63.1,400.0,0.23,485.17,370.18,0.56,0.403,93.5,1,39.7,485.72
8429,23.33,57.3,400.0,0.13,511.14,390.0,0.12,0.549,92.8,1,39.47,511.26
8430,22.76,54.2,403.0,0.24,520.0,396.76,0.01,0.289,94.0,1,38.71,520.01
8431,23.66,53.2,469.0,0.14,511.14,390.0,0.42,0.239,94.2,1,37.48,511.56
8432,23.33,52.3,1025.0,1.0,630.72,481.24,10.41,0.309,93.9,1,35.84,641.12
8433,22.89,43.6,1019.0,1.0,577.0,440.25,10.8,0.353,93.7,1,33.93,587.81
8434,22.02,44.6,984.0,1.0,507.0,386.84,10.05,0.534,92.8,1,31.86,517.05
8435,21.74,43.8,968.0,1.0,425.48,324.64,10.43,-0.503,95.2,1,29.77,435.91
8436,21.26,42.3,978.0,1.0,338.0,257.89,10.65,0.391,93.6,1,27.82,348.65
8437,19.78,39.5,1037.0,1.0,425.48,324.64,10.94,-0.333,95.3,1,26.12,436.42
8438,19.46,37.4,985.0,1.0,507.0,386.84,10.15,-0.126,95.1,1,24.81,517.15
8439,18.37,40.6,1007.0,1.0,577.0,440.25,10.96,-0.186,95.2,1,23.96,587.96
8440,19.31,39.6,1001.0,1.0,630.72,481.24,10.38,-0.545,95.2,1,23.63,641.1
8441,18.49,37.3,1005.0,1.0,664.48,507.0,10.11,-0.405,95.3,1,23.85,674.59
8442,18.82,44.8,997.0,1.0,676.0,515.79,10.68,-0.61,95.1,1,24.59,686.68
8443,18.41,47.4,415.0,0.18,511.14,390.0,0.31,-0.517,95.2,1,25.82,511.45
8444,17.63,49.1,400.0,0.27,485.17,370.18,0.74,-0.693,94.9,1,27.44,485.91
8445,18.39,55.5,419.0,0.12,443.85,338.66,0.68,-0.439,95.3,1,29.34,444.53
8446,19.72,55.5,461.0,0.04,390.0,297.57,0.85,-0.007,94.9,1,31.4,390.85
8447,19.95,57.0,401.0,0.19,327.29,249.72,0.51,0.161,94.5,1,33.47,327.8
8448,21.23,61.4,400.0,0.26,260.0,198.38,0.55,-0.105,95.1,1,35.41,260.55
8449,21.57,63.2,400.0,0.09,327.29,249.72,0.2,0.025,94.8,1,37.09,327.49
8450,22.8,61.7,423.0,0.22,390.0,297.57,0.78,0.025,94.8,1,38.39,390.78
8451,24.0,58.9,400.0,0.19,443.85,338.66,0.7,0.496,93.1,1,39.23,444.55
8452,22.84,59.7,437.0,0.23,485.17,370.18,0.79,0.462,93.2,1,39.54,485.96
8453,23.0,59.0,404.0,0.04,511.14,390.0,0.35,0.422,93.4,1,39.31,511.49
8454,23.77,50.6,411.0,0.2,520.0,396.76,0.15,0.381,93.6,1,38.55,520.15
8455,23.78,50.7,400.0,0.19,511.14,390.0,0.41,0.594,92.5,1,37.31,511.55
8456,23.25,51.6,1000.0,1.0,630.72,481.24,10.05,0.4,93.5,1,35.68,640.77
8457,23.23,47.7,973.0,1.0,577.0,440.25,10.57,0.467,93.2,1,33.76,587.57
8458,22.26,46.5,973.0,1.0,507.0,386.84,10.73,0.231,94.2,1,31.69,517.73
8459,21.3,44.6,963.0,1.0,425.48,324.64,10.9,0.311,93.9,1,29.61,436.38
8460,21.07,39.8,958.0,1.0,338.0,257.89,10.7,0.127,94.6,1,27.66,348.7
8461,20.55,40.1,1037.0,1.0,425.48,324.64,10.04,-0.268,95.3,1,25.96,435.52
8462,19.55,40.3,996.0,1.0,507.0,386.84,10.17,-0.298,95.3,1,24.65,517.17
8463,19.77,41.9,1012.0,1.0,577.0,440.25,10.49,-0.7,94.9,1,23.8,587.49
8464,18.18,42.8,1012.0,1.0,630.72,481.24,10.83,-0.363,95.3,1,23.47,641.54
8465,17.6,39.4,1004.0,1.0,664.48,507.0,10.72,-0.685,94.9,1,23.68,675.2
8466,18.09,40.3,1022.0,1.0,676.0,515.79,10.57,-0.418,95.3,1,24.43,686.57
8467,17.18,45.8,440.0,0.01,511.14,390.0,0.89,-0.694,94.9,1,25.66,512.03
8468,19.35,51.8,404.0,0.14,485.17,370.18,0.74,-0.549,95.2,1,27.28,485.91
8469,19.68,51.0,400.0,0.09,443.85,338.66,0.2,-0.607,95.1,1,29.18,444.04
8470,20.13,58.9,436.0,0.15,390.0,297.57,0.32,0.006,94.9,1,31.24,390.32
8471,19.04,54.1,400.0,0.26,327.29,249.72,0.91,-0.041,95.0,1,33.31,328.2
8472,20.76,56.4,420.0,0.04,260.0,198.38,0.59,0.094,94.7,1,35.25,260.59
8473,21.74,58.2,405.0,0.05,327.29,249.72,0.52,-0.181,95.2,1,36.93,327.82
8474,22.52,58.1,419.0,0.12,390.0,297.57,0.14,0.196,94.3,1,38.23,390.14
8475,23.44,58.0,400.0,0.0,443.85,338.66,0.44,0.465,93.2,1,39.07,444.28
8476,24.12,59.4,421.0,0.01,485.17,370.18,0.35,0.609,92.4,1,39.38,485.52
8477,24.7,57.5,400.0,0.25,511.14,390.0,0.88,0.394,93.5,1,39.15,512.02
8478,24.37,53.4,400.0,0.25,520.0,396.76,0.55,0.378,93.6,1,38.39,520.55
8479,23.83,53.2,447.0,0.25,511.14,390.0,0.88,0.303,93.9,1,37.15,512.02
8480,23.58,49.1,1031.0,1.0,630.72,481.24,10.48,0.62,92.4,1,35.52,641.19
8481,23.49,49.3,1014.0,1.0,577.0,440.25,10.12,-0.019,94.9,1,33.6,587.12
8482,21.91,46.0,1009.0,1.0,507.0,386.84,10.94,0.279,94.0,1,31.53,517.94
8483,21.71,44.3,976.0,1.0,425.48,324.64,10.51,-0.366,95.3,1,29.45,435.99
8484,21.83,41.7,978.0,1.0,338.0,257.89,10.67,0.171,94.4,1,27.5,348.67
8485,20.58,40.2,1016.0,1.0,425.48,324.64,10.24,-0.292,95.3,1,25.8,435.72
8486,20.06,40.4,965.0,1.0,507.0,386.84,10.25,-0.035,95.0,1,24.49,517.25
8487,19.06,45.5,1033.0,1.0,577.0,440.25,10.87,-0.572,95.1,1,23.63,587.87
8488,18.93,40.1,1037.0,1.0,630.72,481.24,10.15,-0.382,95.3,1,23.31,640.87
8489,18.4,43.9,1032.0,1.0,664.48,507.0,10.44,-0.385,95.3,1,23.52,674.92
8490,18.98,45.9,1019.0,1.0,676.0,515.79,10.92,-0.581,95.1,1,24.27,686.92
8491,17.93,51.7,400.0,0.17,511.14,390.0,0.75,-0.823,94.6,0,25.49,511.89
8492,18.08,51.9,400.0,0.27,485.17,370.18,0.64,-0.598,95.1,1,27.11,485.8
8493,18.06,48.6,439.0,0.11,443.85,338.66,0.25,-0.517,95.2,1,29.02,444.1
8494,19.54,53.9,412.0,0.02,390.0,297.57,0.27,-0.104,95.1,1,31.07,390.27
8495,20.74,52.4,422.0,0.04,327.29,249.72,0.27,-0.177,95.2,1,33.14,327.56
8496,21.69,59.1,438.0,0.12,260.0,198.38,0.33,0.157,94.5,1,35.08,260.33
8497,21.86,60.0,462.0,0.18,327.29,249.72,0.2,0.448,93.3,1,36.76,327.5
8498,23.25,59.4,400.0,0.19,390.0,297.57,0.14,-0.159,95.2,1,38.07,390.14
8499,23.34,60.3,438.0,0.03,443.85,338.66,0.99,0.394,93.5,1,38.91,444.83
8500,23.09,60.3,400.0,0.15,485.17,370.18,0.92,0.352,93.7,1,39.22,486.09
8501,24.43,56.3,400.0,0.21,511.14,390.0,0.02,0.607,92.4,1,38.99,511.16
8502,23.79,53.3,400.0,0.03,520.0,396.76,0.33,0.438,93.3,1,38.23,520.33
8503,23.76,51.9,416.0,0.05,511.14,390.0,0.87,0.496,93.0,1,36.99,512.01
8504,24.34,51.4,1054.0,1.0,630.72,481.24,10.18,0.183,94.4,1,35.36,640.9
8505,23.87,47.9,979.0,1.0,577.0,440.25,10.49,0.172,94.4,1,33.44,587.49
8506,22.81,47.1,949.0,1.0,507.0,386.84,10.54,0.273,94.1,1,31.37,517.54
8507,21.51,40.6,971.0,1.0,425.48,324.64,10.26,-0.172,95.2,1,29.29,435.74
8508,20.56,43.3,964.0,1.0,338.0,257.89,10.69,-0.231,95.2,1,27.33,348.69
8509,20.57,43.0,925.0,1.0,425.48,324.64,10.12,-0.095,95.1,1,25.64,435.6
8510,19.75,43.9,1016.0,1.0,507.0,386.84,10.98,-0.241,95.2,1,24.32,517.98
8511,18.83,40.8,1011.0,1.0,577.0,440.25,10.4,-0.459,95.2,1,23.47,587.4
8512,18.78,41.4,982.0,1.0,630.72,481.24,10.26,-0.479,95.2,1,23.14,640.98
8513,18.29,44.2,1014.0,1.0,664.48,507.0,10.74,-0.583,95.1,1,23.36,675.22
8514,17.86,44.5,1020.0,1.0,676.0,515.79,10.83,-0.572,95.1,1,24.11,686.83
8515,17.7,45.3,447.0,0.02,511.14,390.0,0.8,-0.636,95.0,1,25.33,511.94
8516,18.51,46.6,409.0,0.01,485.17,370.18,0.77,-0.74,94.8,0,26.95,485.94
8517,18.84,50.6,400.0,0.27,443.85,338.66,0.63,-0.178,95.2,1,28.85,444.48
8518,19.47,57.5,422.0,0.07,390.0,297.57,0.85,-0.142,95.1,1,30.91,390.85
8519,20.32,57.4,400.0,0.26,327.29,249.72,0.11,-0.454,95.2,1,32.98,327.4
8520,21.15,55.6,410.0,0.19,260.0,198.38,0.27,-0.244,95.2,1,34.92,260.27
8521,21.66,59.6,450.0,0.29,327.29,249.72,0.64,0.487,93.1,1,36.6,327.93
8522,22.97,61.0,407.0,0.23,390.0,297.57,0.19,0.351,93.7,1,37.9,390.19
8523,23.11,61.7,422.0,0.14,443.85,338.66,0.98,0.59,92.5,1,38.74,444.83
8524,23.92,57.3,400.0,0.04,485.17,370.18,0.94,0.241,94.2,1,39.06,486.11
8525,23.63,57.2,441.0,0.13,511.14,390.0,0.12,0.639,92.2,1,38.83,511.26
8526,23.92,52.1,400.0,0.05,520.0,396.76,0.1,0.362,93.7,1,38.07,520.1
8527,24.33,54.1,452.0,0.12,511.14,390.0,0.53,0.262,94.1,1,36.83,511.67
8528,23.1,46.0,463.0,0.05,485.17,370.18,0.83,0.471,93.2,1,35.19,485.99
8529,23.94,47.3,400.0,0.06,443.85,338.66,0.69,0.127,94.6,1,33.28,444.53
8530,22.97,44.2,400.0,0.02,390.0,297.57,0.32,0.166,94.4,1,31.21,390.32
8531,21.98,46.7,400.0,0.27,327.29,249.72,0.29,0.02,94.8,1,29.12,327.58
8532,21.44,44.2,435.0,0.16,260.0,198.38,0.83,-0.467,95.2,1,27.17,260.83
8533,19.81,38.6,400.0,0.03,327.29,249.72,0.45,-0.489,95.2,1,25.48,327.75
8534,19.87,39.4,400.0,0.25,390.0,297.57,0.63,-0.218,95.2,1,24.16,390.63
8535,18.23,36.3,410.0,0.29,443.85,338.66,0.94,-0.489,95.2,1,23.31,444.79
8536,19.06,39.2,448.0,0.03,485.17,370.18,0.53,-0.284,95.3,1,22.98,485.69
8537,17.85,40.5,400.0,0.27,511.14,390.0,0.66,-0.452,95.2,1,23.2,511.8
8538,18.61,45.3,418.0,0.26,520.0,396.76,0.75,-0.53,95.2,1,23.94,520.75
8539,17.83,48.2,408.0,0.04,511.14,390.0,0.97,-0.163,95.2,1,25.17,512.11
8540,18.64,47.4,431.0,0.12,485.17,370.18,0.56,-0.337,95.3,1,26.79,485.73
8541,19.14,54.7,428.0,0.02,443.85,338.66,0.94,-0.32,95.3,1,28.69,444.79
8542,19.75,58.4,400.0,0.26,390.0,297.57,0.2,-0.135,95.1,1,30.75,390.2
8543,20.74,55.4,492.0,0.21,327.29,249.72,0.86,-0.052,95.0,1,32.82,328.15
8544,20.7,56.9,446.0,0.23,260.0,198.38,0.03,-0.02,94.9,1,34.76,260.03
8545,21.09,61.4,400.0,0.19,327.29,249.72,0.26,0.174,94.4,1,36.44,327.55
8546,22.38,59.6,400.0,0.3,390.0,297.57,0.15,0.127,94.6,1,37.74,390.15
8547,23.89,59.7,423.0,0.16,443.85,338.66,0.45,0.502,93.0,1,38.58,444.3
8548,23.65,59.2,400.0,0.12,485.17,370.18,0.73,0.369,93.7,1,38.89,485.9
8549,23.83,58.3,400.0,0.22,511.14,390.0,0.05,0.588,92.5,1,38.66,511.19
8550,25.15,60.4,452.0,0.11,520.0,396.76,0.54,0.409,93.5,1,37.9,520.54
8551,23.63,52.3,435.0,0.02,511.14,390.0,0.98,0.048,94.8,1,36.66,512.12
8552,24.32,51.4,400.0,0.17,485.17,370.18,0.83,0.495,93.1,1,35.03,486.0
8553,22.87,45.3,400.0,0.07,443.85,338.66,0.7,0.772,91.4,0,33.11,444.55
8554,22.24,41.5,400.0,0.26,390.0,297.57,0.03,0.07,94.7,1,31.04,390.03
8555,22.47,45.5,414.0,0.23,327.29,249.72,0.65,0.097,94.6,1,28.96,327.94
8556,21.59,40.6,400.0,0.1,260.0,198.38,0.76,0.05,94.8,1,27.0,260.76
8557,20.08,41.8,400.0,0.22,327.29,249.72,0.49,-0.057,95.0,1,25.31,327.78
8558,18.75,41.0,400.0,0.08,390.0,297.57,0.42,-0.086,95.1,1,23.99,390.42
8559,19.09,41.7,431.0,0.19,443.85,338.66,0.61,-0.44,95.3,1,23.14,444.46
8560,18.6,40.1,410.0,0.04,485.17,370.18,0.85,-0.552,95.2,1,22.81,486.02
8561,19.35,43.8,418.0,0.23,511.14,390.0,0.64,-0.688,94.9,1,23.03,511.78
8562,17.67,48.0,400.0,0.22,520.0,396.76,0.87,-0.413,95.3,1,23.78,520.87
8563,18.28,47.3,439.0,0.11,511.14,390.0,0.06,-0.323,95.3,1,25.0,511.2
8564,18.65,51.7,401.0,0.16,485.17,370.18,0.89,-0.369,95.3,1,26.62,486.06
8565,19.15,51.4,400.0,0.08,443.85,338.66,0.47,-0.328,95.3,1,28.53,444.32
8566,19.49,54.1,400.0,0.24,390.0,297.57,0.65,-0.285,95.3,1,30.58,390.65
8567,20.28,59.4,453.0,0.29,327.29,249.72,0.78,0.107,94.6,1,32.65,328.07
8568,21.23,57.4,400.0,0.02,260.0,198.38,0.37,0.323,93.9,1,34.59,260.37
8569,22.24,58.7,411.0,0.11,327.29,249.72,0.55,0.098,94.6,1,36.27,327.84
8570,23.27,59.0,402.0,0.28,390.0,297.57,0.89,0.077,94.7,1,37.57,390.89
8571,23.6,58.0,400.0,0.22,443.85,338.66,0.36,0.108,94.6,1,38.41,444.21
8572,23.65,60.0,417.0,0.18,485.17,370.18,0.17,0.592,92.5,1,38.73,485.34
8573,24.78,57.2,415.0,0.2,511.14,390.0,0.66,0.256,94.1,1,38.5,511.8
8574,24.49,56.1,400.0,0.17,520.0,396.76,0.63,0.403,93.5,1,37.74,520.63
8575,24.38,51.2,400.0,0.05,511.14,390.0,0.7,0.349,93.8,1,36.5,511.84
8576,23.54,49.3,971.0,1.0,630.72,481.24,10.37,0.749,91.5,0,34.86,641.09
8577,24.06,49.2,952.0,1.0,577.0,440.25,10.15,0.521,92.9,1,32.95,587.15
8578,22.89,44.3,1026.0,1.0,507.0,386.84,10.29,0.529,92.9,1,30.88,517.29
8579,22.57,44.6,980.0,1.0,425.48,324.64,10.8,0.058,94.8,1,28.79,436.28
8580,21.16,41.4,1014.0,1.0,338.0,257.89,10.56,0.205,94.3,1,26.84,348.56
8581,20.21,41.1,1010.0,1.0,425.48,324.64,10.46,0.035,94.8,1,25.15,435.95
8582,19.1,44.5,1003.0,1.0,507.0,386.84,10.73,-0.171,95.2,1,23.83,517.73
8583,19.29,41.9,1060.0,1.0,577.0,440.25,10.4,-0.48,95.2,1,22.98,587.4
8584,18.27,43.9,960.0,1.0,630.72,481.24,10.0,-0.431,95.3,1,22.65,640.72
8585,17.98,40.6,992.0,1.0,664.48,507.0,10.66,-0.391,95.3,1,22.87,675.14
8586,18.81,45.5,999.0,1.0,676.0,515.79,10.9,-0.535,95.2,1,23.61,686.9
8587,18.73,50.0,416.0,0.03,511.14,390.0,0.33,-0.608,95.1,1,24.84,511.47
8588,18.35,50.7,400.0,0.22,485.17,370.18,0.04,-0.082,95.1,1,26.46,485.21
8589,17.91,51.8,400.0,0.05,443.85,338.66,0.17,-0.266,95.3,1,28.36,444.01
8590,19.28,54.2,400.0,0.12,390.0,297.57,0.13,-0.264,95.3,1,30.42,390.13
8591,21.68,55.1,400.0,0.21,327.29,249.72,0.47,0.023,94.8,1,32.49,327.77
8592,21.46,57.8,400.0,0.23,260.0,198.38,0.64,0.222,94.2,1,34.43,260.64
8593,21.82,58.3,423.0,0.04,327.29,249.72,0.97,-0.059,95.0,1,36.11,328.26
8594,23.29,58.6,400.0,0.11,390.0,297.57,0.94,-0.137,95.1,1,37.41,390.94
8595,23.18,60.9,406.0,0.09,443.85,338.66,0.43,0.418,93.4,1,38.25,444.27
8596,23.51,58.1,446.0,0.26,485.17,370.18,0.88,0.623,92.3,1,38.56,486.05
8597,24.43,58.6,437.0,0.01,511.14,390.0,0.2,0.724,91.7,0,38.33,511.34
8598,24.47,55.6,408.0,0.05,520.0,396.76,0.54,0.611,92.4,1,37.57,520.54
8599,23.65,57.3,400.0,0.1,511.14,390.0,0.46,0.248,94.2,1,36.33,511.6
8600,23.86,50.1,1026.0,1.0,630.72,481.24,10.37,0.504,93.0,1,34.7,641.09
8601,23.02,49.1,1051.0,1.0,577.0,440.25,10.63,0.48,93.1,1,32.78,587.63
8602,23.09,44.1,971.0,1.0,507.0,386.84,10.51,0.191,94.4,1,30.71,517.51
8603,22.13,42.6,958.0,1.0,425.48,324.64,10.46,0.275,94.1,1,28.63,435.94
8604,21.96,41.5,968.0,1.0,338.0,257.89,10.42,-0.262,95.3,1,26.67,348.42
8605,20.05,40.9,985.0,1.0,425.48,324.64,10.81,0.183,94.4,1,24.98,436.29
8606,20.1,39.8,993.0,1.0,507.0,386.84,10.2,-0.371,95.3,1,23.66,517.2
8607,19.02,38.7,1052.0,1.0,577.0,440.25,10.48,-0.667,95.0,1,22.81,587.49
8608,19.21,42.8,1006.0,1.0,630.72,481.24,10.84,-0.585,95.1,1,22.48,641.55
8609,17.46,43.6,987.0,1.0,664.48,507.0,10.29,-0.338,95.3,1,22.7,674.77
8610,19.07,46.6,1050.0,1.0,676.0,515.79,10.35,-0.348,95.3,1,23.45,686.35
8611,19.01,47.0,400.0,0.12,511.14,390.0,0.32,-0.456,95.2,1,24.67,511.46
8612,18.95,52.3,427.0,0.04,485.17,370.18,0.43,-0.838,94.5,0,26.29,485.6
8613,20.15,51.8,400.0,0.21,443.85,338.66,0.64,-0.555,95.2,1,28.19,444.49
8614,19.73,51.7,438.0,0.28,390.0,297.57,0.67,-0.324,95.3,1,30.25,390.67
8615,21.4,57.0,400.0,0.15,327.29,249.72,0.97,-0.195,95.2,1,32.32,328.26
8616,21.83,54.0,400.0,0.19,260.0,198.38,0.65,-0.234,95.2,1,34.26,260.65
8617,22.17,60.0,400.0,0.16,327.29,249.72,0.32,0.09,94.7,1,35.94,327.61
8618,23.79,60.5,400.0,0.07,390.0,297.57,0.33,0.443,93.3,1,37.24,390.33
8619,23.79,55.6,400.0,0.2,443.85,338.66,0.4,0.364,93.7,1,38.08,444.24
8620,23.95,55.0,406.0,0.08,485.17,370.18,0.58,0.722,91.7,0,38.39,485.75
8621,24.82,55.4,400.0,0.25,511.14,390.0,0.85,0.469,93.2,1,38.16,511.99
8622,24.32,55.3,400.0,0.08,520.0,396.76,0.04,0.789,91.3,0,37.4,520.04
8623,23.86,50.4,418.0,0.14,511.14,390.0,1.0,0.825,91.0,0,36.16,512.14
8624,24.29,53.0,977.0,1.0,630.72,481.24,10.73,0.508,93.0,1,34.53,641.44
8625,23.79,45.6,976.0,1.0,577.0,440.25,10.8,0.381,93.6,1,32.61,587.8
8626,23.06,47.1,1076.0,1.0,507.0,386.84,10.5,0.501,93.0,1,30.54,517.5
8627,22.28,39.2,981.0,1.0,425.48,324.64,10.27,0.351,93.7,1,28.46,435.75
8628,21.28,44.3,1030.0,1.0,338.0,257.89,10.93,-0.058,95.0,1,26.51,348.93
8629,20.35,42.0,964.0,1.0,425.48,324.64,10.48,-0.191,95.2,1,24.81,435.96
8630,20.56,36.7,1009.0,1.0,507.0,386.84,10.61,-0.161,95.2,1,23.49,517.61
8631,19.5,40.4,1018.0,1.0,577.0,440.25,10.04,-0.601,95.1,1,22.64,587.04
8632,18.99,42.2,946.0,1.0,630.72,481.24,10.3,-0.339,95.3,1,22.32,641.02
8633,17.95,45.6,960.0,1.0,664.48,507.0,10.27,-0.476,95.2,1,22.53,674.76
8634,18.94,41.6,1036.0,1.0,676.0,515.79,10.21,-0.715,94.9,0,23.28,686.21
8635,18.32,50.3,400.0,0.22,511.14,390.0,0.36,-0.561,95.1,1,24.5,511.5
8636,18.7,49.0,402.0,0.05,485.17,370.18,0.17,-0.332,95.3,1,26.12,485.34
8637,19.73,56.6,432.0,0.25,443.85,338.66,0.87,-0.393,95.3,1,28.03,444.72
8638,19.71,57.9,439.0,0.26,390.0,297.57,0.81,-0.19,95.2,1,30.08,390.81
8639,20.79,50.0,400.0,0.08,327.29,249.72,0.95,0.013,94.9,1,32.15,328.24
8640,21.63,59.7,400.0,0.28,260.0,198.38,0.24,0.31,93.9,1,34.09,260.24
8641,22.45,59.2,400.0,0.24,327.29,249.72,0.89,0.057,94.8,1,35.77,328.18
8642,23.15,61.8,400.0,0.03,390.0,297.57,0.32,0.226,94.2,1,37.07,390.32
8643,23.86,60.9,400.0,0.17,443.85,338.66,0.67,0.387,93.6,1,37.91,444.52
8644,24.65,59.5,400.0,0.24,485.17,370.18,0.08,0.814,91.1,0,38.23,485.24
8645,24.62,58.8,459.0,0.05,511.14,390.0,0.93,0.697,91.9,1,38.0,512.07
8646,25.36,53.4,400.0,0.12,520.0,396.76,0.01,0.326,93.8,1,37.24,520.01
8647,24.37,49.4,400.0,0.25,511.14,390.0,0.85,0.193,94.4,1,36.0,511.99
8648,24.21,51.7,992.0,1.0,630.72,481.24,10.89,0.69,91.9,1,34.36,641.6
8649,24.86,48.5,946.0,1.0,577.0,440.25,10.76,0.395,93.5,1,32.45,587.76
8650,22.75,47.8,1010.0,1.0,507.0,386.84,10.4,0.539,92.8,1,30.38,517.4
8651,22.1,44.4,994.0,1.0,425.48,324.64,10.24,0.435,93.4,1,28.29,435.72
8652,21.45,40.7,1063.0,1.0,338.0,257.89,10.21,-0.088,95.1,1,26.34,348.21
8653,21.66,41.1,1030.0,1.0,425.48,324.64,10.52,-0.14,95.1,1,24.64,436.0
8654,20.39,42.7,935.0,1.0,507.0,386.84,10.73,-0.097,95.1,1,23.33,517.73
8655,19.93,40.6,960.0,1.0,577.0,440.25,10.93,-0.512,95.2,1,22.48,587.93
8656,18.9,36.9,990.0,1.0,630.72,481.24,10.18,-0.407,95.3,1,22.15,640.9
8657,18.32,45.5,1007.0,1.0,664.48,507.0,10.93,-0.518,95.2,1,22.36,675.42
8658,18.15,42.5,1027.0,1.0,676.0,515.79,10.53,-0.588,95.1,1,23.11,686.53
8659,18.59,45.8,417.0,0.01,511.14,390.0,0.52,-0.343,95.3,1,24.34,511.66
8660,19.56,47.4,415.0,0.15,485.17,370.18,0.55,-0.445,95.3,1,25.95,485.72
8661,19.45,52.5,400.0,0.06,443.85,338.66,0.03,-0.51,95.2,1,27.86,443.87
8662,20.35,53.8,400.0,0.12,390.0,297.57,0.95,-0.06,95.0,1,29.91,390.95
8663,19.89,58.0,410.0,0.07,327.29,249.72,0.47,0.105,94.6,1,31.98,327.76
8664,21.47,60.2,409.0,0.04,260.0,198.38,0.17,0.197,94.3,1,33.92,260.17
8665,22.12,56.3,414.0,0.23,327.29,249.72,0.61,0.021,94.8,1,35.6,327.9
8666,23.29,55.6,400.0,0.18,390.0,297.57,0.29,0.337,93.8,1,36.91,390.29
8667,24.64,58.5,400.0,0.21,443.85,338.66,0.5,0.386,93.6,1,37.74,444.35
8668,24.77,60.7,429.0,0.17,485.17,370.18,0.52,0.456,93.2,1,38.06,485.69
8669,24.34,58.1,400.0,0.24,511.14,390.0,0.78,0.593,92.5,1,37.83,511.92
8670,24.02,56.9,415.0,0.26,520.0,396.76,0.39,0.632,92.3,1,37.07,520.39
8671,24.79,50.6,400.0,0.18,511.14,390.0,0.42,0.801,91.2,0,35.83,511.56
8672,24.36,48.0,998.0,1.0,630.72,481.24,10.38,0.539,92.8,1,34.2,641.1
8673,23.92,49.3,1018.0,1.0,577.0,440.25,10.62,0.435,93.4,1,32.28,587.62
8674,22.93,43.1,1024.0,1.0,507.0,386.84,10.89,0.339,93.8,1,30.21,517.89
8675,22.84,43.9,974.0,1.0,425.48,324.64,10.23,0.471,93.2,1,28.12,435.71
8676,21.58,38.4,906.0,1.0,338.0,257.89,10.23,-0.266,95.3,1,26.17,348.23
8677,20.29,40.0,1041.0,1.0,425.48,324.64,10.55,0.093,94.7,1,24.48,436.04
8678,20.87,38.5,1038.0,1.0,507.0,386.84,10.35,-0.131,95.1,1,23.16,517.35
8679,19.74,41.4,941.0,1.0,577.0,440.25,10.1,-0.337,95.3,1,22.31,587.1
8680,19.72,37.8,1015.0,1.0,630.72,481.24,10.94,-0.355,95.3,1,21.98,641.65
8681,19.23,44.4,1003.0,1.0,664.48,507.0,10.29,-0.191,95.2,1,22.2,674.77
8682,19.11,44.8,1041.0,1.0,676.0,515.79,10.49,-0.388,95.3,1,22.94,686.49
8683,19.97,48.7,438.0,0.14,511.14,390.0,0.62,-0.361,95.3,1,24.17,511.76
8684,19.52,48.0,428.0,0.24,485.17,370.18,0.76,-0.429,95.3,1,25.79,485.92
8685,18.96,53.7,400.0,0.19,443.85,338.66,0.19,-0.17,95.2,1,27.69,444.04
8686,19.74,53.4,400.0,0.27,390.0,297.57,0.97,-0.06,95.0,1,29.75,390.97
8687,20.82,59.6,413.0,0.14,327.29,249.72,0.58,-0.52,95.2,1,31.82,327.87
8688,21.02,55.1,400.0,0.0,260.0,198.38,0.06,0.075,94.7,1,33.76,260.06
8689,21.91,56.3,400.0,0.0,327.29,249.72,0.4,0.646,92.2,1,35.44,327.69
8690,23.9,59.8,487.0,0.28,390.0,297.57,0.02,0.595,92.5,1,36.74,390.02
8691,24.29,60.1,400.0,0.25,443.85,338.66,0.23,0.589,92.5,1,37.58,444.07
8692,24.76,59.3,416.0,0.1,485.17,370.18,0.42,0.454,93.3,1,37.89,485.59
8693,24.33,58.6,426.0,0.01,511.14,390.0,0.68,0.736,91.6,0,37.66,511.83
8694,24.32,52.6,413.0,0.13,520.0,396.76,1.0,0.573,92.6,1,36.9,521.0
8695,24.52,56.5,400.0,0.03,511.14,390.0,0.16,0.159,94.5,1,35.66,511.3
8696,24.87,50.3,445.0,0.07,485.17,370.18,0.49,0.425,93.4,1,34.03,485.65
8697,23.81,49.4,400.0,0.2,443.85,338.66,0.7,0.072,94.7,1,32.11,444.55
8698,23.66,45.6,413.0,0.25,390.0,297.57,0.41,0.255,94.1,1,30.04,390.41
8699,23.38,45.2,400.0,0.14,327.29,249.72,0.62,0.602,92.5,1,27.96,327.91
8700,21.63,48.9,400.0,0.12,260.0,198.38,0.19,-0.118,95.1,1,26.0,260.19
8701,20.44,38.4,400.0,0.26,327.29,249.72,0.21,0.061,94.7,1,24.31,327.51
8702,21.2,40.2,400.0,0.02,390.0,297.57,0.67,-0.517,95.2,1,22.99,390.67
8703,19.93,39.9,400.0,0.06,443.85,338.66,0.63,-0.298,95.3,1,22.14,444.48
8704,18.75,43.7,437.0,0.3,485.17,370.18,0.25,-0.745,94.8,0,21.81,485.42
8705,18.52,44.0,400.0,0.21,511.14,390.0,0.51,-0.742,94.8,0,22.03,511.65
8706,19.33,46.6,416.0,0.1,520.0,396.76,0.58,-0.355,95.3,1,22.77,520.58
8707,18.81,46.1,400.0,0.19,511.14,390.0,0.75,-0.51,95.2,1,24.0,511.89
8708,18.69,51.0,412.0,0.25,485.17,370.18,0.02,-0.447,95.3,1,25.62,485.19
8709,19.12,50.3,400.0,0.22,443.85,338.66,0.55,-0.35,95.3,1,27.52,444.4
8710,20.69,53.5,400.0,0.08,390.0,297.57,0.12,-0.673,95.0,1,29.58,390.12
8711,21.34,59.0,400.0,0.12,327.29,249.72,0.26,-0.215,95.2,1,31.65,327.55
8712,22.66,60.3,411.0,0.05,260.0,198.38,0.06,-0.001,94.9,1,33.59,260.06
8713,21.35,61.6,400.0,0.01,327.29,249.72,0.72,0.208,94.3,1,35.27,328.01
8714,23.39,58.3,415.0,0.29,390.0,297.57,0.06,-0.277,95.3,1,36.57,390.06
8715,23.55,61.2,400.0,0.21,443.85,338.66,0.21,0.562,92.7,1,37.41,444.06
8716,23.72,56.9,400.0,0.18,485.17,370.18,0.05,0.224,94.2,1,37.72,485.22
8717,24.66,57.5,400.0,0.1,511.14,390.0,0.91,0.594,92.5,1,37.49,512.05
8718,25.03,57.0,400.0,0.18,520.0,396.76,0.33,0.516,92.9,1,36.73,520.33
8719,25.27,53.8,400.0,0.17,511.14,390.0,0.88,0.676,92.0,1,35.49,512.02
8720,25.34,52.9,439.0,0.29,485.17,370.18,0.53,0.746,91.6,0,33.86,485.7
8721,23.48,44.8,443.0,0.16,443.85,338.66,0.53,0.371,93.7,1,31.94,444.38
8722,23.49,44.5,430.0,0.19,390.0,297.57,0.09,0.306,93.9,1,29.87,390.09
8723,22.39,40.6,417.0,0.16,327.29,249.72,0.02,-0.336,95.3,1,27.79,327.31
8724,21.22,40.8,405.0,0.11,260.0,198.38,0.6,-0.152,95.2,1,25.83,260.6
8725,21.69,40.4,400.0,0.01,327.29,249.72,0.22,-0.321,95.3,1,24.14,327.51
8726,20.89,40.1,400.0,0.18,390.0,297.57,0.19,-0.262,95.3,1,22.82,390.19
8727,19.94,42.0,400.0,0.21,443.85,338.66,0.54,-0.365,95.3,1,21.97,444.38
8728,19.55,43.0,432.0,0.15,485.17,370.18,0.3,-0.454,95.2,1,21.64,485.47
8729,18.8,41.6,400.0,0.21,511.14,390.0,0.52,-0.419,95.3,1,21.86,511.66
8730,19.07,45.5,433.0,0.04,520.0,396.76,0.59,-0.067,95.0,1,22.6,520.59
8731,19.08,50.3,400.0,0.08,511.14,390.0,0.07,-0.323,95.3,1,23.83,511.21
8732,19.18,52.8,446.0,0.27,485.17,370.18,0.99,-0.304,95.3,1,25.45,486.16
8733,20.16,52.2,400.0,0.29,443.85,338.66,0.02,-0.345,95.3,1,27.35,443.87
8734,20.11,55.7,400.0,0.03,390.0,297.57,0.16,-0.238,95.2,1,29.41,390.16
8735,21.66,56.7,408.0,0.07,327.29,249.72,0.82,-0.038,95.0,1,31.48,328.11
8736,22.55,53.8,400.0,0.22,260.0,198.38,0.04,0.007,94.9,1,33.42,260.04
8737,22.99,57.0,400.0,0.06,327.29,249.72,0.69,0.483,93.1,1,35.1,327.98
8738,23.5,59.0,400.0,0.26,390.0,297.57,0.88,0.089,94.7,1,36.4,390.88
8739,23.93,58.9,435.0,0.06,443.85,338.66,0.56,0.498,93.0,1,37.24,444.41
8740,24.32,58.1,400.0,0.27,485.17,370.18,0.62,0.294,94.0,1,37.55,485.79
8741,25.01,55.9,442.0,0.25,511.14,390.0,0.84,0.569,92.7,1,37.32,511.98
8742,24.49,55.3,403.0,0.07,520.0,396.76,0.14,0.608,92.4,1,36.56,520.14
8743,24.35,52.6,400.0,0.17,511.14,390.0,0.75,0.57,92.6,1,35.32,511.89
8744,24.07,49.0,1008.0,1.0,630.72,481.24,10.51,0.396,93.5,1,33.69,641.23
8745,23.87,46.6,1004.0,1.0,577.0,440.25,10.18,0.113,94.6,1,31.77,587.18
8746,23.0,44.1,968.0,1.0,507.0,386.84,10.74,0.182,94.4,1,29.7,517.74
8747,22.14,45.5,986.0,1.0,425.48,324.64,10.26,0.226,94.2,1,27.62,435.74
8748,21.6,42.6,1002.0,1.0,338.0,257.89,10.06,-0.434,95.3,1,25.66,348.06
8749,21.13,39.6,1037.0,1.0,425.48,324.64,10.81,-0.054,95.0,1,23.97,436.29
8750,20.32,41.5,1040.0,1.0,507.0,386.84,10.58,-0.3,95.3,1,22.65,517.58
8751,19.96,39.3,990.0,1.0,577.0,440.25,10.67,-0.603,95.1,1,21.8,587.67
8752,19.88,40.6,1026.0,1.0,630.72,481.24,10.59,-0.399,95.3,1,21.47,641.31
8753,19.21,42.0,1050.0,1.0,664.48,507.0,10.03,-0.168,95.2,1,21.69,674.52
8754,18.43,46.9,986.0,1.0,676.0,515.79,10.18,-0.269,95.3,1,22.43,686.18
8755,19.59,47.5,400.0,0.12,511.14,390.0,0.63,-0.651,95.0,1,23.66,511.77
8756,19.33,48.7,400.0,0.07,485.17,370.18,0.71,-0.001,94.9,1,25.28,485.87
8757,19.99,54.8,428.0,0.06,443.85,338.66,0.29,-0.236,95.2,1,27.18,444.14
8758,20.68,54.2,419.0,0.19,390.0,297.57,0.2,-0.083,95.1,1,29.24,390.2
8759,21.33,54.6,400.0,0.2,327.29,249.72,0.31,-0.112,95.1,1,31.31,327.6
