timestamp,building,air_temp,radiant_temp,humidity,air_speed,co2_ppm,lux,sound_db,occupancy,outdoor_temp,solar_rad,time_of_day_sin,time_of_day_cos,day_of_week_sin,day_of_week_cos
2024-03-01 00:00:00,medium_office,22.09,23.1,59.1,0.098,401.0,41.0,39.2,0.26,30.3,0.0,0.0,1.0,0.0,1.0
2024-03-01 00:01:00,medium_office,21.7,23.37,60.9,0.322,411.0,0.0,34.0,0.16,32.04,0.0,0.0044,1.0,0.0,1.0
2024-03-01 00:02:00,medium_office,22.25,23.13,60.9,0.157,461.0,0.0,36.5,0.28,30.9,0.1,0.0087,1.0,0.0,1.0
2024-03-01 00:03:00,medium_office,22.32,23.92,57.6,0.632,400.0,58.0,29.7,0.23,33.2,0.1,0.0131,0.9999,0.0,1.0
2024-03-01 00:04:00,medium_office,21.47,23.61,58.9,0.332,401.0,0.0,32.2,0.27,33.71,0.2,0.0175,0.9998,0.0,1.0
2024-03-01 00:05:00,medium_office,21.67,22.92,54.8,0.205,400.0,9.0,29.3,0.22,33.86,0.4,0.0218,0.9998,0.0,1.0
2024-03-01 00:06:00,medium_office,22.12,22.93,58.8,0.128,427.0,34.0,38.1,0.17,32.38,0.5,0.0262,0.9997,0.0,1.0
2024-03-01 00:07:00,medium_office,22.0,23.25,57.0,0.332,400.0,0.0,34.5,0.05,31.59,0.7,0.0305,0.9995,0.0,1.0
2024-03-01 00:08:00,medium_office,22.1,22.73,58.2,0.069,431.0,0.0,36.7,0.22,32.4,1.0,0.0349,0.9994,0.0,1.0
2024-03-01 00:09:00,medium_office,21.86,23.55,55.2,0.012,400.0,0.0,35.2,0.18,31.17,1.2,0.0393,0.9992,0.0,1.0
2024-03-01 00:10:00,medium_office,22.39,23.23,59.5,0.016,416.0,39.0,36.4,0.14,34.48,1.5,0.0436,0.999,0.0,1.0
2024-03-01 00:11:00,medium_office,22.38,23.2,55.3,0.287,400.0,34.0,34.0,0.17,33.36,1.8,0.048,0.9988,0.0,1.0
2024-03-01 00:12:00,medium_office,22.18,23.38,59.0,0.095,422.0,25.0,34.4,0.07,32.5,2.2,0.0523,0.9986,0.0,1.0
2024-03-01 00:13:00,medium_office,22.51,23.8,56.3,0.15,400.0,0.0,34.7,0.12,33.22,2.6,0.0567,0.9984,0.0,1.0
2024-03-01 00:14:00,medium_office,22.32,23.19,57.0,0.029,400.0,37.0,36.2,0.04,31.77,3.0,0.061,0.9981,0.0,1.0
2024-03-01 00:15:00,medium_office,21.94,23.09,61.1,0.071,400.0,0.0,36.3,0.12,31.18,3.4,0.0654,0.9979,0.0,1.0
2024-03-01 00:16:00,medium_office,22.32,23.74,59.9,0.473,400.0,20.0,43.4,0.14,30.1,3.9,0.0698,0.9976,0.0,1.0
2024-03-01 00:17:00,medium_office,21.93,23.54,61.1,0.111,425.0,30.0,40.0,0.26,32.43,4.4,0.0741,0.9973,0.0,1.0
2024-03-01 00:18:00,medium_office,22.5,23.03,61.9,0.057,400.0,54.0,29.7,0.16,32.17,4.9,0.0785,0.9969,0.0,1.0
2024-03-01 00:19:00,medium_office,22.23,23.17,57.3,0.011,400.0,1.0,34.6,0.27,32.92,5.5,0.0828,0.9966,0.0,1.0
2024-03-01 00:20:00,medium_office,22.21,23.25,61.9,0.052,410.0,0.0,33.8,0.29,32.45,6.1,0.0872,0.9962,0.0,1.0
2024-03-01 00:21:00,medium_office,22.07,23.33,55.9,0.14,448.0,42.0,38.8,0.01,32.94,6.7,0.0915,0.9958,0.0,1.0
2024-03-01 00:22:00,medium_office,22.65,22.65,60.4,0.116,400.0,44.0,34.1,0.18,33.3,7.3,0.0958,0.9954,0.0,1.0
2024-03-01 00:23:00,medium_office,22.25,22.58,57.9,0.093,400.0,0.0,36.4,0.09,31.06,8.0,0.1002,0.995,0.0,1.0
2024-03-01 00:24:00,medium_office,22.19,22.85,57.1,0.307,408.0,0.0,28.0,0.26,33.42,8.7,0.1045,0.9945,0.0,1.0
2024-03-01 00:25:00,medium_office,22.22,22.83,60.2,0.095,400.0,40.0,30.5,0.15,32.17,9.5,0.1089,0.9941,0.0,1.0
2024-03-01 00:26:00,medium_office,22.5,22.97,60.9,0.029,400.0,0.0,41.3,0.02,33.12,10.3,0.1132,0.9936,0.0,1.0
2024-03-01 00:27:00,medium_office,22.46,23.49,60.8,0.054,400.0,0.0,35.2,0.06,33.66,11.1,0.1175,0.9931,0.0,1.0
2024-03-01 00:28:00,medium_office,22.49,23.18,59.4,0.233,400.0,0.0,32.0,0.2,33.69,11.9,0.1219,0.9925,0.0,1.0
2024-03-01 00:29:00,medium_office,22.51,23.33,59.3,0.01,400.0,3.0,35.7,0.02,32.82,12.7,0.1262,0.992,0.0,1.0
2024-03-01 00:30:00,medium_office,23.03,22.77,60.1,0.357,426.0,0.0,31.8,0.11,32.9,13.6,0.1305,0.9914,0.0,1.0
2024-03-01 00:31:00,medium_office,22.28,23.09,59.7,0.094,408.0,7.0,34.1,0.26,33.64,14.5,0.1349,0.9909,0.0,1.0
2024-03-01 00:32:00,medium_office,22.26,23.51,60.2,0.196,404.0,8.0,30.6,0.01,31.27,15.5,0.1392,0.9903,0.0,1.0
2024-03-01 00:33:00,medium_office,22.19,23.52,59.5,0.791,400.0,0.0,32.6,0.21,31.85,16.5,0.1435,0.9897,0.0,1.0
2024-03-01 00:34:00,medium_office,22.63,23.01,60.8,0.14,402.0,61.0,33.8,0.2,32.55,17.5,0.1478,0.989,0.0,1.0
2024-03-01 00:35:00,medium_office,22.8,23.37,55.9,0.082,415.0,13.0,38.4,0.1,31.53,18.5,0.1521,0.9884,0.0,1.0
2024-03-01 00:36:00,medium_office,22.44,24.19,58.9,0.006,400.0,34.0,36.4,0.03,32.61,19.6,0.1564,0.9877,0.0,1.0
2024-03-01 00:37:00,medium_office,22.23,23.31,56.4,0.087,413.0,0.0,36.9,0.03,32.59,20.7,0.1607,0.987,0.0,1.0
2024-03-01 00:38:00,medium_office,22.25,23.05,59.7,0.11,400.0,0.0,34.9,0.29,33.03,21.8,0.165,0.9863,0.0,1.0
2024-03-01 00:39:00,medium_office,22.7,23.27,62.5,0.062,403.0,14.0,37.5,0.2,32.91,22.9,0.1693,0.9856,0.0,1.0
2024-03-01 00:40:00,medium_office,22.74,23.38,58.3,0.151,434.0,56.0,32.4,0.11,34.07,24.1,0.1736,0.9848,0.0,1.0
2024-03-01 00:41:00,medium_office,22.7,23.3,59.5,0.011,437.0,0.0,32.8,0.25,33.6,25.3,0.1779,0.984,0.0,1.0
2024-03-01 00:42:00,medium_office,22.35,23.35,60.8,0.292,440.0,4.0,36.2,0.03,32.98,26.6,0.1822,0.9833,0.0,1.0
2024-03-01 00:43:00,medium_office,22.63,22.8,55.1,0.133,409.0,0.0,34.2,0.04,32.74,27.8,0.1865,0.9825,0.0,1.0
2024-03-01 00:44:00,medium_office,22.61,23.0,58.2,0.085,401.0,0.0,35.0,0.06,33.06,29.1,0.1908,0.9816,0.0,1.0
2024-03-01 00:45:00,medium_office,22.65,23.33,60.0,0.075,400.0,6.0,34.5,0.23,33.1,30.4,0.1951,0.9808,0.0,1.0
2024-03-01 00:46:00,medium_office,22.86,23.33,53.5,0.18,400.0,0.0,38.8,0.12,35.68,31.8,0.1994,0.9799,0.0,1.0
2024-03-01 00:47:00,medium_office,22.68,23.18,57.4,0.156,400.0,0.0,38.9,0.19,31.73,33.2,0.2036,0.979,0.0,1.0
2024-03-01 00:48:00,medium_office,22.83,23.35,61.6,0.012,400.0,0.0,33.1,0.07,32.28,34.6,0.2079,0.9781,0.0,1.0
2024-03-01 00:49:00,medium_office,22.66,23.45,61.4,0.184,400.0,0.0,29.7,0.23,32.16,36.0,0.2122,0.9772,0.0,1.0
2024-03-01 00:50:00,medium_office,22.74,23.79,60.1,0.011,442.0,14.0,32.9,0.24,33.53,37.5,0.2164,0.9763,0.0,1.0
2024-03-01 00:51:00,medium_office,22.85,23.4,61.2,0.077,439.0,18.0,32.3,0.12,33.52,39.0,0.2207,0.9753,0.0,1.0
2024-03-01 00:52:00,medium_office,22.24,23.61,59.8,0.064,400.0,18.0,37.5,0.06,32.74,40.5,0.225,0.9744,0.0,1.0
2024-03-01 00:53:00,medium_office,22.59,23.24,60.5,0.107,425.0,0.0,37.8,0.19,34.24,42.0,0.2292,0.9734,0.0,1.0
2024-03-01 00:54:00,medium_office,22.56,23.7,58.8,0.181,400.0,30.0,31.9,0.08,33.74,43.6,0.2334,0.9724,0.0,1.0
2024-03-01 00:55:00,medium_office,22.52,23.63,59.7,0.136,420.0,21.0,32.7,0.04,34.33,45.2,0.2377,0.9713,0.0,1.0
2024-03-01 00:56:00,medium_office,22.64,23.83,58.2,0.014,424.0,0.0,30.6,0.18,34.62,46.8,0.2419,0.9703,0.0,1.0
2024-03-01 00:57:00,medium_office,23.19,23.78,62.0,0.248,437.0,0.0,35.4,0.15,31.31,48.5,0.2462,0.9692,0.0,1.0
2024-03-01 00:58:00,medium_office,22.49,23.74,62.5,0.244,400.0,0.0,34.9,0.24,34.16,50.2,0.2504,0.9681,0.0,1.0
2024-03-01 00:59:00,medium_office,23.05,23.47,62.3,0.134,430.0,6.0,37.4,0.09,32.21,51.9,0.2546,0.967,0.0,1.0
2024-03-01 01:00:00,medium_office,22.27,23.62,58.7,0.036,400.0,49.0,36.5,0.07,33.77,53.6,0.2588,0.9659,0.0,1.0
2024-03-01 01:01:00,medium_office,22.69,23.95,57.6,0.032,439.0,34.0,36.8,0.19,33.47,55.3,0.263,0.9648,0.0,1.0
2024-03-01 01:02:00,medium_office,22.85,23.27,62.1,0.418,400.0,0.0,30.4,0.21,33.54,57.1,0.2672,0.9636,0.0,1.0
2024-03-01 01:03:00,medium_office,22.99,23.29,60.7,0.026,400.0,16.0,33.1,0.12,32.39,58.9,0.2714,0.9625,0.0,1.0
2024-03-01 01:04:00,medium_office,23.04,23.62,60.2,0.137,400.0,0.0,37.8,0.13,34.65,60.8,0.2756,0.9613,0.0,1.0
2024-03-01 01:05:00,medium_office,23.08,23.73,58.3,0.414,400.0,22.0,33.4,0.04,32.36,62.6,0.2798,0.96,0.0,1.0
2024-03-01 01:06:00,medium_office,22.75,23.24,60.5,0.051,441.0,0.0,30.1,0.14,34.42,64.5,0.284,0.9588,0.0,1.0
2024-03-01 01:07:00,medium_office,22.73,23.55,57.4,0.025,400.0,21.0,37.4,0.29,32.26,66.4,0.2882,0.9576,0.0,1.0
2024-03-01 01:08:00,medium_office,23.13,23.55,60.9,0.051,421.0,89.0,33.3,0.03,33.7,68.4,0.2924,0.9563,0.0,1.0
2024-03-01 01:09:00,medium_office,22.83,22.71,62.4,0.266,401.0,0.0,38.2,0.17,35.55,70.3,0.2965,0.955,0.0,1.0
2024-03-01 01:10:00,medium_office,22.52,23.51,62.9,0.315,432.0,88.0,34.9,0.01,36.13,72.3,0.3007,0.9537,0.0,1.0
2024-03-01 01:11:00,medium_office,22.57,23.55,61.1,0.073,406.0,15.0,34.2,0.1,32.17,74.4,0.3049,0.9524,0.0,1.0
2024-03-01 01:12:00,medium_office,22.65,23.55,56.9,0.115,400.0,0.0,39.1,0.23,33.11,76.4,0.309,0.9511,0.0,1.0
2024-03-01 01:13:00,medium_office,23.09,24.19,60.1,0.382,402.0,0.0,31.1,0.17,33.32,78.5,0.3132,0.9497,0.0,1.0
2024-03-01 01:14:00,medium_office,22.99,23.15,64.0,0.035,448.0,71.0,39.3,0.02,36.12,80.5,0.3173,0.9483,0.0,1.0
2024-03-01 01:15:00,medium_office,23.17,23.31,58.0,0.086,415.0,15.0,33.1,0.14,33.82,82.7,0.3214,0.9469,0.0,1.0
2024-03-01 01:16:00,medium_office,22.85,22.61,59.6,0.19,400.0,0.0,35.5,0.02,34.99,84.8,0.3256,0.9455,0.0,1.0
2024-03-01 01:17:00,medium_office,23.04,23.47,62.6,0.457,468.0,0.0,35.5,0.11,34.24,87.0,0.3297,0.9441,0.0,1.0
2024-03-01 01:18:00,medium_office,23.19,23.51,61.0,0.383,435.0,13.0,33.7,0.23,32.76,89.1,0.3338,0.9426,0.0,1.0
2024-03-01 01:19:00,medium_office,22.92,23.47,64.7,0.123,425.0,0.0,32.7,0.08,32.12,91.4,0.3379,0.9412,0.0,1.0
2024-03-01 01:20:00,medium_office,23.16,24.13,58.3,0.065,410.0,10.0,33.9,0.14,33.39,93.6,0.342,0.9397,0.0,1.0
2024-03-01 01:21:00,medium_office,22.84,24.04,57.8,0.181,422.0,53.0,32.0,0.15,36.35,95.8,0.3461,0.9382,0.0,1.0
2024-03-01 01:22:00,medium_office,22.94,23.73,62.2,0.022,423.0,0.0,40.9,0.26,34.31,98.1,0.3502,0.9367,0.0,1.0
2024-03-01 01:23:00,medium_office,22.95,23.56,57.4,0.74,400.0,19.0,33.6,0.04,35.13,100.4,0.3543,0.9351,0.0,1.0
2024-03-01 01:24:00,medium_office,22.72,24.13,59.4,0.046,412.0,0.0,38.5,0.17,32.68,102.7,0.3584,0.9336,0.0,1.0
2024-03-01 01:25:00,medium_office,23.23,23.72,59.7,0.12,400.0,0.0,38.1,0.01,33.79,105.1,0.3624,0.932,0.0,1.0
2024-03-01 01:26:00,medium_office,22.96,23.41,61.9,0.002,400.0,32.0,36.1,0.03,34.92,107.5,0.3665,0.9304,0.0,1.0
2024-03-01 01:27:00,medium_office,23.12,23.05,61.0,0.085,400.0,0.0,34.6,0.07,33.07,109.9,0.3706,0.9288,0.0,1.0
2024-03-01 01:28:00,medium_office,23.27,23.57,60.7,0.106,400.0,0.0,35.6,0.22,34.12,112.3,0.3746,0.9272,0.0,1.0
2024-03-01 01:29:00,medium_office,23.27,24.06,59.0,0.062,400.0,7.0,36.7,0.01,33.33,114.7,0.3786,0.9255,0.0,1.0
2024-03-01 01:30:00,medium_office,23.35,24.68,62.3,0.105,437.0,0.0,35.3,0.28,35.06,117.2,0.3827,0.9239,0.0,1.0
2024-03-01 01:31:00,medium_office,23.13,23.8,67.9,0.019,414.0,0.0,30.3,0.13,34.65,119.6,0.3867,0.9222,0.0,1.0
2024-03-01 01:32:00,medium_office,23.05,23.48,61.2,0.127,400.0,0.0,29.5,0.25,34.96,122.1,0.3907,0.9205,0.0,1.0
2024-03-01 01:33:00,medium_office,23.16,23.32,60.1,0.297,400.0,58.0,39.5,0.07,35.17,124.7,0.3947,0.9188,0.0,1.0
2024-03-01 01:34:00,medium_office,22.69,24.02,57.3,0.045,426.0,14.0,27.1,0.1,34.09,127.2,0.3987,0.9171,0.0,1.0
2024-03-01 01:35:00,medium_office,22.77,23.1,58.6,0.379,400.0,1.0,35.6,0.22,35.34,129.8,0.4027,0.9153,0.0,1.0
2024-03-01 01:36:00,medium_office,22.82,24.03,59.5,0.06,437.0,66.0,34.3,0.11,33.77,132.3,0.4067,0.9135,0.0,1.0
2024-03-01 01:37:00,medium_office,22.93,24.15,58.8,0.065,431.0,31.0,35.5,0.15,35.01,135.0,0.4107,0.9118,0.0,1.0
2024-03-01 01:38:00,medium_office,23.36,24.0,59.9,0.109,400.0,53.0,31.6,0.24,32.43,137.6,0.4147,0.91,0.0,1.0
2024-03-01 01:39:00,medium_office,22.98,23.75,63.5,0.092,400.0,0.0,36.1,0.2,33.68,140.2,0.4187,0.9081,0.0,1.0
2024-03-01 01:40:00,medium_office,23.15,24.07,62.4,0.122,400.0,0.0,35.6,0.25,36.76,142.9,0.4226,0.9063,0.0,1.0
2024-03-01 01:41:00,medium_office,23.67,23.92,59.6,0.291,400.0,19.0,43.3,0.03,35.07,145.6,0.4266,0.9045,0.0,1.0
2024-03-01 01:42:00,medium_office,23.18,23.55,57.5,0.266,400.0,12.0,35.4,0.18,35.1,148.3,0.4305,0.9026,0.0,1.0
2024-03-01 01:43:00,medium_office,23.52,24.61,62.6,0.042,400.0,37.0,39.0,0.18,33.68,151.0,0.4344,0.9007,0.0,1.0
2024-03-01 01:44:00,medium_office,23.04,23.74,59.8,0.081,400.0,0.0,30.5,0.18,33.43,153.7,0.4384,0.8988,0.0,1.0
2024-03-01 01:45:00,medium_office,23.27,24.19,56.5,0.308,408.0,21.0,38.1,0.18,34.28,156.5,0.4423,0.8969,0.0,1.0
2024-03-01 01:46:00,medium_office,23.05,22.92,61.4,0.009,431.0,30.0,35.7,0.22,34.5,159.3,0.4462,0.8949,0.0,1.0
2024-03-01 01:47:00,medium_office,23.25,24.41,62.0,0.027,415.0,28.0,35.8,0.25,36.5,162.1,0.4501,0.893,0.0,1.0
2024-03-01 01:48:00,medium_office,23.61,24.5,55.1,0.012,423.0,0.0,35.9,0.07,35.62,164.9,0.454,0.891,0.0,1.0
2024-03-01 01:49:00,medium_office,22.86,23.93,58.3,0.064,400.0,16.0,40.1,0.03,34.73,167.7,0.4579,0.889,0.0,1.0
2024-03-01 01:50:00,medium_office,23.52,24.15,59.7,0.068,418.0,0.0,35.8,0.02,34.71,170.6,0.4617,0.887,0.0,1.0
2024-03-01 01:51:00,medium_office,23.47,24.15,61.4,0.001,400.0,0.0,32.6,0.05,35.42,173.4,0.4656,0.885,0.0,1.0
2024-03-01 01:52:00,medium_office,23.23,23.68,58.9,0.167,400.0,0.0,33.2,0.2,33.36,176.3,0.4695,0.8829,0.0,1.0
2024-03-01 01:53:00,medium_office,22.99,24.17,58.3,0.353,457.0,0.0,37.5,0.12,32.78,179.2,0.4733,0.8809,0.0,1.0
2024-03-01 01:54:00,medium_office,23.45,23.63,61.4,0.087,400.0,0.0,36.3,0.1,35.46,182.1,0.4772,0.8788,0.0,1.0
2024-03-01 01:55:00,medium_office,23.28,23.72,59.0,0.025,400.0,0.0,30.4,0.27,34.81,185.1,0.481,0.8767,0.0,1.0
2024-03-01 01:56:00,medium_office,23.52,24.42,61.1,0.336,411.0,0.0,36.5,0.27,33.45,188.0,0.4848,0.8746,0.0,1.0
2024-03-01 01:57:00,medium_office,23.47,24.37,57.8,0.277,400.0,0.0,31.8,0.16,32.68,191.0,0.4886,0.8725,0.0,1.0
2024-03-01 01:58:00,medium_office,23.96,23.7,57.3,0.117,400.0,59.0,36.3,0.14,35.69,194.0,0.4924,0.8704,0.0,1.0
2024-03-01 01:59:00,medium_office,23.42,23.7,61.5,0.008,400.0,0.0,32.6,0.08,34.29,197.0,0.4962,0.8682,0.0,1.0
2024-03-01 02:00:00,medium_office,23.19,23.74,60.5,0.108,400.0,10.0,34.2,0.14,35.23,200.0,0.5,0.866,0.0,1.0
2024-03-01 02:01:00,medium_office,23.57,24.3,61.8,0.085,427.0,0.0,33.4,0.12,34.59,203.0,0.5038,0.8638,0.0,1.0
2024-03-01 02:02:00,medium_office,23.59,23.62,58.9,0.171,436.0,41.0,39.6,0.0,34.83,206.1,0.5075,0.8616,0.0,1.0
2024-03-01 02:03:00,medium_office,23.94,24.17,58.4,0.364,449.0,5.0,36.2,0.23,34.29,209.1,0.5113,0.8594,0.0,1.0
2024-03-01 02:04:00,medium_office,23.8,24.33,62.7,0.157,400.0,0.0,38.8,0.13,34.83,212.2,0.515,0.8572,0.0,1.0
2024-03-01 02:05:00,medium_office,23.66,24.0,57.0,0.301,400.0,0.0,43.7,0.07,35.5,215.3,0.5188,0.8549,0.0,1.0
2024-03-01 02:06:00,medium_office,24.01,24.45,62.5,0.311,400.0,26.0,35.1,0.2,34.66,218.4,0.5225,0.8526,0.0,1.0
2024-03-01 02:07:00,medium_office,23.22,23.93,62.6,0.181,439.0,0.0,39.5,0.13,34.62,221.5,0.5262,0.8504,0.0,1.0
2024-03-01 02:08:00,medium_office,23.4,23.97,61.7,0.131,413.0,0.0,32.9,0.09,35.58,224.7,0.5299,0.848,0.0,1.0
2024-03-01 02:09:00,medium_office,23.32,23.68,58.6,0.001,402.0,0.0,38.8,0.07,35.66,227.8,0.5336,0.8457,0.0,1.0
2024-03-01 02:10:00,medium_office,23.49,24.48,58.4,0.097,407.0,0.0,32.6,0.02,33.87,231.0,0.5373,0.8434,0.0,1.0
2024-03-01 02:11:00,medium_office,23.21,23.78,59.6,0.035,400.0,75.0,34.9,0.15,34.99,234.1,0.541,0.841,0.0,1.0
2024-03-01 02:12:00,medium_office,23.82,24.23,57.4,0.062,400.0,0.0,36.6,0.11,34.52,237.3,0.5446,0.8387,0.0,1.0
2024-03-01 02:13:00,medium_office,23.58,24.07,58.1,0.043,415.0,30.0,37.1,0.01,35.07,240.5,0.5483,0.8363,0.0,1.0
2024-03-01 02:14:00,medium_office,23.21,23.68,61.3,0.264,400.0,54.0,31.2,0.24,36.51,243.7,0.5519,0.8339,0.0,1.0
2024-03-01 02:15:00,medium_office,23.36,23.87,61.3,0.001,400.0,20.0,32.4,0.24,35.45,246.9,0.5556,0.8315,0.0,1.0
2024-03-01 02:16:00,medium_office,23.77,24.67,57.9,0.134,417.0,0.0,36.8,0.15,37.27,250.2,0.5592,0.829,0.0,1.0
2024-03-01 02:17:00,medium_office,23.94,24.21,61.3,0.004,400.0,0.0,33.9,0.25,35.34,253.4,0.5628,0.8266,0.0,1.0
2024-03-01 02:18:00,medium_office,24.3,23.73,60.9,0.345,407.0,22.0,30.8,0.14,34.97,256.7,0.5664,0.8241,0.0,1.0
2024-03-01 02:19:00,medium_office,24.58,24.26,63.0,0.659,400.0,49.0,34.8,0.05,35.13,259.9,0.57,0.8216,0.0,1.0
2024-03-01 02:20:00,medium_office,23.85,24.09,61.1,0.073,427.0,16.0,34.6,0.16,35.31,263.2,0.5736,0.8192,0.0,1.0
2024-03-01 02:21:00,medium_office,23.43,25.54,62.1,0.515,407.0,37.0,35.5,0.09,35.51,266.5,0.5771,0.8166,0.0,1.0
2024-03-01 02:22:00,medium_office,23.1,24.28,60.9,0.003,400.0,78.0,36.6,0.14,34.21,269.8,0.5807,0.8141,0.0,1.0
2024-03-01 02:23:00,medium_office,23.83,24.02,61.9,0.223,410.0,25.0,36.4,0.29,34.98,273.1,0.5842,0.8116,0.0,1.0
2024-03-01 02:24:00,medium_office,23.52,24.74,57.4,0.199,411.0,0.0,32.7,0.11,34.51,276.4,0.5878,0.809,0.0,1.0
2024-03-01 02:25:00,medium_office,23.65,23.45,59.7,0.373,415.0,2.0,33.8,0.06,36.27,279.7,0.5913,0.8064,0.0,1.0
2024-03-01 02:26:00,medium_office,23.6,24.23,59.9,0.013,431.0,41.0,37.8,0.04,33.33,283.1,0.5948,0.8039,0.0,1.0
2024-03-01 02:27:00,medium_office,23.75,24.99,59.5,0.005,400.0,0.0,33.4,0.27,35.43,286.4,0.5983,0.8013,0.0,1.0
2024-03-01 02:28:00,medium_office,24.13,24.16,60.9,0.325,420.0,45.0,33.8,0.0,33.77,289.7,0.6018,0.7986,0.0,1.0
2024-03-01 02:29:00,medium_office,23.86,23.52,61.2,0.051,400.0,0.0,30.5,0.27,35.73,293.1,0.6053,0.796,0.0,1.0
2024-03-01 02:30:00,medium_office,23.78,24.06,60.7,0.49,400.0,10.0,34.9,0.02,34.92,296.5,0.6088,0.7934,0.0,1.0
2024-03-01 02:31:00,medium_office,23.53,24.81,59.6,0.369,400.0,0.0,36.0,0.23,33.51,299.8,0.6122,0.7907,0.0,1.0
2024-03-01 02:32:00,medium_office,23.34,24.38,58.5,0.044,443.0,5.0,29.1,0.09,36.29,303.2,0.6157,0.788,0.0,1.0
2024-03-01 02:33:00,medium_office,23.71,23.9,62.1,0.199,400.0,6.0,31.8,0.07,32.84,306.6,0.6191,0.7853,0.0,1.0
2024-03-01 02:34:00,medium_office,23.85,23.97,60.6,0.027,418.0,0.0,30.7,0.05,35.34,310.0,0.6225,0.7826,0.0,1.0
2024-03-01 02:35:00,medium_office,24.41,24.03,57.9,0.032,400.0,0.0,37.4,0.04,36.08,313.4,0.6259,0.7799,0.0,1.0
2024-03-01 02:36:00,medium_office,23.93,24.4,59.6,0.549,400.0,0.0,29.3,0.02,36.78,316.8,0.6293,0.7771,0.0,1.0
2024-03-01 02:37:00,medium_office,24.19,24.8,56.4,0.21,400.0,0.0,34.8,0.05,33.8,320.3,0.6327,0.7744,0.0,1.0
2024-03-01 02:38:00,medium_office,23.76,24.69,60.0,0.377,474.0,0.0,37.2,0.18,34.91,323.7,0.6361,0.7716,0.0,1.0
2024-03-01 02:39:00,medium_office,23.56,24.46,59.5,0.059,400.0,30.0,35.6,0.17,36.52,327.1,0.6394,0.7688,0.0,1.0
2024-03-01 02:40:00,medium_office,23.64,23.75,58.8,0.113,402.0,31.0,33.7,0.08,36.6,330.5,0.6428,0.766,0.0,1.0
2024-03-01 02:41:00,medium_office,23.72,23.76,63.1,0.168,404.0,17.0,36.0,0.2,36.74,334.0,0.6461,0.7632,0.0,1.0
2024-03-01 02:42:00,medium_office,24.59,24.51,57.6,0.141,400.0,0.0,38.1,0.23,38.04,337.4,0.6494,0.7604,0.0,1.0
2024-03-01 02:43:00,medium_office,23.71,23.77,61.3,0.256,400.0,0.0,34.7,0.29,34.98,340.9,0.6528,0.7576,0.0,1.0
2024-03-01 02:44:00,medium_office,24.22,24.22,64.3,0.074,412.0,0.0,28.3,0.13,35.87,344.3,0.6561,0.7547,0.0,1.0
2024-03-01 02:45:00,medium_office,23.71,24.44,62.0,0.377,403.0,0.0,38.4,0.11,35.17,347.8,0.6593,0.7518,0.0,1.0
2024-03-01 02:46:00,medium_office,24.27,23.87,59.8,0.057,400.0,19.0,36.2,0.29,33.55,351.3,0.6626,0.749,0.0,1.0
2024-03-01 02:47:00,medium_office,24.11,23.92,57.6,0.075,400.0,30.0,34.9,0.28,35.45,354.7,0.6659,0.7461,0.0,1.0
2024-03-01 02:48:00,medium_office,23.96,24.3,57.1,0.304,431.0,14.0,29.1,0.28,33.55,358.2,0.6691,0.7431,0.0,1.0
2024-03-01 02:49:00,medium_office,24.0,24.55,59.0,0.086,418.0,38.0,34.1,0.18,35.04,361.7,0.6724,0.7402,0.0,1.0
2024-03-01 02:50:00,medium_office,23.83,24.78,58.5,0.144,437.0,8.0,32.4,0.19,34.1,365.1,0.6756,0.7373,0.0,1.0
2024-03-01 02:51:00,medium_office,24.17,24.6,58.4,0.134,400.0,0.0,31.4,0.28,36.02,368.6,0.6788,0.7343,0.0,1.0
2024-03-01 02:52:00,medium_office,23.91,24.39,59.2,0.045,438.0,26.0,34.6,0.14,34.81,372.1,0.682,0.7314,0.0,1.0
2024-03-01 02:53:00,medium_office,23.69,24.07,59.6,0.017,400.0,27.0,33.4,0.06,33.82,375.6,0.6852,0.7284,0.0,1.0
2024-03-01 02:54:00,medium_office,23.68,23.95,60.8,0.182,448.0,0.0,33.6,0.3,36.48,379.1,0.6884,0.7254,0.0,1.0
2024-03-01 02:55:00,medium_office,24.13,24.18,57.3,0.121,400.0,11.0,37.2,0.25,35.02,382.6,0.6915,0.7224,0.0,1.0
2024-03-01 02:56:00,medium_office,24.56,24.55,58.4,0.209,400.0,0.0,35.8,0.02,35.2,386.0,0.6947,0.7193,0.0,1.0
2024-03-01 02:57:00,medium_office,24.14,24.53,59.5,0.013,425.0,0.0,33.5,0.03,34.67,389.5,0.6978,0.7163,0.0,1.0
2024-03-01 02:58:00,medium_office,24.07,23.56,59.4,0.11,400.0,13.0,33.1,0.26,36.81,393.0,0.7009,0.7133,0.0,1.0
2024-03-01 02:59:00,medium_office,24.2,24.09,63.5,0.034,400.0,0.0,33.6,0.09,35.94,396.5,0.704,0.7102,0.0,1.0
2024-03-01 03:00:00,medium_office,24.51,24.9,60.2,0.097,400.0,10.0,34.3,0.21,35.06,400.0,0.7071,0.7071,0.0,1.0
2024-03-01 03:01:00,medium_office,24.2,24.45,56.5,0.051,449.0,0.0,36.8,0.04,33.77,403.5,0.7102,0.704,0.0,1.0
2024-03-01 03:02:00,medium_office,24.02,23.86,60.6,0.032,400.0,0.0,31.9,0.05,38.21,407.0,0.7133,0.7009,0.0,1.0
2024-03-01 03:03:00,medium_office,24.48,25.37,60.8,0.007,447.0,0.0,39.4,0.22,37.68,410.5,0.7163,0.6978,0.0,1.0
2024-03-01 03:04:00,medium_office,24.29,24.43,59.5,0.042,400.0,36.0,36.8,0.29,37.16,414.0,0.7193,0.6947,0.0,1.0
2024-03-01 03:05:00,medium_office,24.63,24.6,57.3,0.299,400.0,0.0,26.8,0.15,35.02,417.4,0.7224,0.6915,0.0,1.0
2024-03-01 03:06:00,medium_office,24.23,24.61,63.2,0.03,440.0,0.0,35.3,0.01,35.23,420.9,0.7254,0.6884,0.0,1.0
2024-03-01 03:07:00,medium_office,23.82,24.31,57.6,0.131,400.0,11.0,38.1,0.07,36.14,424.4,0.7284,0.6852,0.0,1.0
2024-03-01 03:08:00,medium_office,23.78,24.17,61.0,0.396,400.0,0.0,36.2,0.06,34.86,427.9,0.7314,0.682,0.0,1.0
2024-03-01 03:09:00,medium_office,24.7,25.32,60.1,0.323,400.0,24.0,33.8,0.28,34.77,431.4,0.7343,0.6788,0.0,1.0
2024-03-01 03:10:00,medium_office,24.73,24.88,60.9,0.048,400.0,0.0,34.8,0.13,37.23,434.9,0.7373,0.6756,0.0,1.0
2024-03-01 03:11:00,medium_office,24.17,24.81,63.1,0.053,413.0,6.0,35.5,0.28,35.72,438.3,0.7402,0.6724,0.0,1.0
2024-03-01 03:12:00,medium_office,24.11,24.72,60.8,0.009,400.0,74.0,37.3,0.26,34.66,441.8,0.7431,0.6691,0.0,1.0
2024-03-01 03:13:00,medium_office,24.68,24.09,58.5,0.232,400.0,0.0,30.8,0.14,36.74,445.3,0.7461,0.6659,0.0,1.0
2024-03-01 03:14:00,medium_office,23.91,25.01,61.8,0.313,400.0,6.0,33.2,0.01,35.23,448.7,0.749,0.6626,0.0,1.0
2024-03-01 03:15:00,medium_office,23.99,24.17,58.3,0.215,402.0,0.0,39.9,0.29,33.83,452.2,0.7518,0.6593,0.0,1.0
2024-03-01 03:16:00,medium_office,24.46,24.62,59.9,0.079,444.0,0.0,35.1,0.0,34.68,455.7,0.7547,0.6561,0.0,1.0
2024-03-01 03:17:00,medium_office,24.15,23.86,57.0,0.042,400.0,14.0,39.6,0.26,35.31,459.1,0.7576,0.6528,0.0,1.0
2024-03-01 03:18:00,medium_office,24.28,23.7,57.5,0.43,400.0,0.0,44.0,0.12,36.05,462.6,0.7604,0.6494,0.0,1.0
2024-03-01 03:19:00,medium_office,24.24,24.65,59.7,0.051,482.0,18.0,33.5,0.09,36.01,466.0,0.7632,0.6461,0.0,1.0
2024-03-01 03:20:00,medium_office,24.4,24.21,60.3,0.0,400.0,13.0,31.4,0.12,37.07,469.5,0.766,0.6428,0.0,1.0
2024-03-01 03:21:00,medium_office,24.73,23.74,56.1,0.004,400.0,0.0,34.2,0.11,35.61,472.9,0.7688,0.6394,0.0,1.0
2024-03-01 03:22:00,medium_office,24.34,24.76,60.5,0.145,400.0,30.0,38.3,0.21,35.39,476.3,0.7716,0.6361,0.0,1.0
2024-03-01 03:23:00,medium_office,24.52,25.4,57.9,0.948,400.0,0.0,38.7,0.17,37.11,479.7,0.7744,0.6327,0.0,1.0
2024-03-01 03:24:00,medium_office,23.72,25.11,62.1,0.24,402.0,0.0,41.8,0.08,36.85,483.2,0.7771,0.6293,0.0,1.0
2024-03-01 03:25:00,medium_office,24.33,24.46,58.8,0.177,428.0,7.0,34.9,0.16,35.66,486.6,0.7799,0.6259,0.0,1.0
2024-03-01 03:26:00,medium_office,24.09,24.57,57.2,0.247,412.0,47.0,36.5,0.12,36.17,490.0,0.7826,0.6225,0.0,1.0
2024-03-01 03:27:00,medium_office,23.99,24.93,59.6,0.084,432.0,0.0,32.9,0.28,35.41,493.4,0.7853,0.6191,0.0,1.0
2024-03-01 03:28:00,medium_office,24.1,25.02,57.6,0.077,431.0,4.0,27.5,0.27,34.73,496.8,0.788,0.6157,0.0,1.0
2024-03-01 03:29:00,medium_office,24.27,24.44,62.0,0.134,406.0,5.0,34.9,0.19,38.1,500.2,0.7907,0.6122,0.0,1.0
2024-03-01 03:30:00,medium_office,24.65,24.6,59.4,0.279,411.0,20.0,31.5,0.29,35.36,503.5,0.7934,0.6088,0.0,1.0
2024-03-01 03:31:00,medium_office,23.99,24.71,59.1,0.047,433.0,36.0,36.9,0.11,36.2,506.9,0.796,0.6053,0.0,1.0
2024-03-01 03:32:00,medium_office,24.41,24.82,60.6,0.025,400.0,0.0,29.4,0.03,34.4,510.3,0.7986,0.6018,0.0,1.0
2024-03-01 03:33:00,medium_office,24.26,24.55,57.4,0.395,475.0,30.0,32.8,0.01,36.66,513.6,0.8013,0.5983,0.0,1.0
2024-03-01 03:34:00,medium_office,24.31,24.56,56.8,0.062,400.0,40.0,35.8,0.25,34.72,516.9,0.8039,0.5948,0.0,1.0
2024-03-01 03:35:00,medium_office,24.72,25.16,60.1,0.016,400.0,54.0,36.1,0.12,37.61,520.3,0.8064,0.5913,0.0,1.0
2024-03-01 03:36:00,medium_office,24.59,25.1,57.1,0.139,400.0,15.0,34.9,0.26,37.73,523.6,0.809,0.5878,0.0,1.0
2024-03-01 03:37:00,medium_office,24.84,24.81,57.1,0.291,400.0,5.0,40.6,0.14,36.5,526.9,0.8116,0.5842,0.0,1.0
2024-03-01 03:38:00,medium_office,24.4,25.32,61.0,0.079,429.0,0.0,39.7,0.0,36.06,530.2,0.8141,0.5807,0.0,1.0
2024-03-01 03:39:00,medium_office,24.24,24.48,60.3,0.265,468.0,0.0,32.9,0.16,35.76,533.5,0.8166,0.5771,0.0,1.0
2024-03-01 03:40:00,medium_office,24.39,25.29,56.7,0.001,400.0,0.0,39.8,0.18,35.9,536.8,0.8192,0.5736,0.0,1.0
2024-03-01 03:41:00,medium_office,24.54,24.86,58.0,0.013,410.0,3.0,40.3,0.14,36.36,540.1,0.8216,0.57,0.0,1.0
2024-03-01 03:42:00,medium_office,24.53,25.96,57.4,0.077,407.0,0.0,34.6,0.25,36.05,543.3,0.8241,0.5664,0.0,1.0
2024-03-01 03:43:00,medium_office,24.15,24.18,62.8,0.07,430.0,18.0,35.1,0.19,36.94,546.6,0.8266,0.5628,0.0,1.0
2024-03-01 03:44:00,medium_office,24.51,24.38,61.0,0.184,467.0,0.0,34.8,0.11,35.05,549.8,0.829,0.5592,0.0,1.0
2024-03-01 03:45:00,medium_office,24.56,24.83,58.3,0.283,446.0,0.0,33.1,0.22,37.5,553.1,0.8315,0.5556,0.0,1.0
2024-03-01 03:46:00,medium_office,25.26,24.83,60.3,0.177,400.0,60.0,33.4,0.1,35.55,556.3,0.8339,0.5519,0.0,1.0
2024-03-01 03:47:00,medium_office,25.07,25.45,56.4,0.065,416.0,30.0,39.0,0.25,35.23,559.5,0.8363,0.5483,0.0,1.0
2024-03-01 03:48:00,medium_office,24.26,24.41,57.8,0.022,419.0,18.0,36.3,0.08,36.34,562.7,0.8387,0.5446,0.0,1.0
2024-03-01 03:49:00,medium_office,24.44,25.04,59.3,0.043,400.0,12.0,33.3,0.2,36.41,565.9,0.841,0.541,0.0,1.0
2024-03-01 03:50:00,medium_office,24.09,25.15,60.0,0.311,400.0,0.0,32.2,0.12,34.25,569.0,0.8434,0.5373,0.0,1.0
2024-03-01 03:51:00,medium_office,24.36,24.97,58.9,0.045,400.0,0.0,32.7,0.03,35.5,572.2,0.8457,0.5336,0.0,1.0
2024-03-01 03:52:00,medium_office,24.64,24.31,59.5,0.472,434.0,14.0,34.5,0.19,33.81,575.3,0.848,0.5299,0.0,1.0
2024-03-01 03:53:00,medium_office,24.91,25.26,59.2,0.139,438.0,0.0,37.7,0.11,35.31,578.5,0.8504,0.5262,0.0,1.0
2024-03-01 03:54:00,medium_office,24.34,25.2,58.7,0.237,400.0,0.0,32.4,0.19,35.36,581.6,0.8526,0.5225,0.0,1.0
2024-03-01 03:55:00,medium_office,24.37,24.95,58.4,0.059,408.0,0.0,37.7,0.16,36.29,584.7,0.8549,0.5188,0.0,1.0
2024-03-01 03:56:00,medium_office,23.93,24.8,58.1,0.027,436.0,0.0,35.6,0.01,35.21,587.8,0.8572,0.515,0.0,1.0
2024-03-01 03:57:00,medium_office,24.53,24.81,59.4,0.003,400.0,65.0,35.4,0.06,35.44,590.9,0.8594,0.5113,0.0,1.0
2024-03-01 03:58:00,medium_office,24.27,24.69,59.7,0.164,400.0,55.0,38.1,0.21,37.3,593.9,0.8616,0.5075,0.0,1.0
2024-03-01 03:59:00,medium_office,24.43,24.98,59.3,0.011,461.0,31.0,37.5,0.14,38.06,597.0,0.8638,0.5038,0.0,1.0
2024-03-01 04:00:00,medium_office,24.34,24.74,56.5,0.02,409.0,0.0,30.8,0.14,35.08,600.0,0.866,0.5,0.0,1.0
2024-03-01 04:01:00,medium_office,24.58,24.4,56.9,0.296,400.0,58.0,31.7,0.0,37.02,603.0,0.8682,0.4962,0.0,1.0
2024-03-01 04:02:00,medium_office,24.08,24.32,59.6,0.034,404.0,19.0,34.3,0.09,36.39,606.0,0.8704,0.4924,0.0,1.0
2024-03-01 04:03:00,medium_office,24.18,24.44,61.8,0.049,431.0,0.0,36.1,0.2,34.26,609.0,0.8725,0.4886,0.0,1.0
2024-03-01 04:04:00,medium_office,25.26,24.84,59.1,0.061,400.0,1.0,39.1,0.27,35.21,612.0,0.8746,0.4848,0.0,1.0
2024-03-01 04:05:00,medium_office,24.24,24.74,58.0,0.069,405.0,29.0,35.2,0.17,32.97,614.9,0.8767,0.481,0.0,1.0
2024-03-01 04:06:00,medium_office,24.31,24.84,59.2,0.031,400.0,0.0,40.1,0.16,36.32,617.9,0.8788,0.4772,0.0,1.0
2024-03-01 04:07:00,medium_office,25.19,24.96,56.5,0.104,400.0,4.0,32.9,0.14,34.92,620.8,0.8809,0.4733,0.0,1.0
2024-03-01 04:08:00,medium_office,25.52,24.51,61.3,0.277,402.0,9.0,33.4,0.2,36.13,623.7,0.8829,0.4695,0.0,1.0
2024-03-01 04:09:00,medium_office,24.3,25.36,59.1,0.612,400.0,0.0,34.1,0.24,38.57,626.6,0.885,0.4656,0.0,1.0
2024-03-01 04:10:00,medium_office,24.55,24.67,57.3,0.139,400.0,0.0,32.5,0.07,37.59,629.4,0.887,0.4617,0.0,1.0
2024-03-01 04:11:00,medium_office,24.77,24.6,58.3,0.209,400.0,0.0,38.5,0.21,35.23,632.3,0.889,0.4579,0.0,1.0
2024-03-01 04:12:00,medium_office,25.19,24.97,57.6,0.036,400.0,26.0,26.7,0.07,34.99,635.1,0.891,0.454,0.0,1.0
2024-03-01 04:13:00,medium_office,24.38,24.05,61.2,0.016,400.0,0.0,33.5,0.01,37.29,637.9,0.893,0.4501,0.0,1.0
2024-03-01 04:14:00,medium_office,24.61,24.47,58.2,0.1,400.0,9.0,38.4,0.02,34.99,640.7,0.8949,0.4462,0.0,1.0
2024-03-01 04:15:00,medium_office,24.92,25.19,58.9,0.452,426.0,0.0,34.1,0.01,36.98,643.5,0.8969,0.4423,0.0,1.0
2024-03-01 04:16:00,medium_office,24.83,24.1,59.7,0.273,407.0,0.0,38.2,0.08,38.73,646.3,0.8988,0.4384,0.0,1.0
2024-03-01 04:17:00,medium_office,24.59,25.25,57.0,0.05,400.0,0.0,41.6,0.04,36.67,649.0,0.9007,0.4344,0.0,1.0
2024-03-01 04:18:00,medium_office,24.67,25.41,58.9,0.043,400.0,0.0,35.2,0.03,37.17,651.7,0.9026,0.4305,0.0,1.0
2024-03-01 04:19:00,medium_office,24.3,24.66,59.0,0.097,400.0,5.0,38.5,0.04,37.05,654.4,0.9045,0.4266,0.0,1.0
2024-03-01 04:20:00,medium_office,24.65,24.93,55.3,0.096,422.0,11.0,42.3,0.01,35.43,657.1,0.9063,0.4226,0.0,1.0
2024-03-01 04:21:00,medium_office,24.64,25.26,58.9,0.108,415.0,0.0,36.2,0.1,36.27,659.8,0.9081,0.4187,0.0,1.0
2024-03-01 04:22:00,medium_office,24.8,24.63,58.3,0.094,400.0,0.0,34.9,0.25,35.02,662.4,0.91,0.4147,0.0,1.0
2024-03-01 04:23:00,medium_office,24.57,25.17,58.6,0.126,400.0,0.0,37.7,0.17,37.27,665.0,0.9118,0.4107,0.0,1.0
2024-03-01 04:24:00,medium_office,24.88,24.56,58.4,0.341,400.0,16.0,38.6,0.02,34.89,667.7,0.9135,0.4067,0.0,1.0
2024-03-01 04:25:00,medium_office,25.05,24.64,58.9,0.065,400.0,0.0,34.9,0.11,36.67,670.2,0.9153,0.4027,0.0,1.0
2024-03-01 04:26:00,medium_office,24.8,24.51,61.0,0.045,400.0,0.0,33.5,0.13,37.1,672.8,0.9171,0.3987,0.0,1.0
2024-03-01 04:27:00,medium_office,24.86,24.97,55.9,0.248,400.0,0.0,40.2,0.05,35.47,675.3,0.9188,0.3947,0.0,1.0
2024-03-01 04:28:00,medium_office,24.78,25.3,57.6,0.162,424.0,52.0,34.2,0.11,35.24,677.9,0.9205,0.3907,0.0,1.0
2024-03-01 04:29:00,medium_office,24.77,24.77,59.6,0.019,400.0,0.0,38.6,0.1,35.79,680.4,0.9222,0.3867,0.0,1.0
2024-03-01 04:30:00,medium_office,24.56,24.34,59.2,0.059,430.0,0.0,35.8,0.15,35.06,682.8,0.9239,0.3827,0.0,1.0
2024-03-01 04:31:00,medium_office,24.87,24.42,59.1,0.164,400.0,3.0,40.5,0.21,36.11,685.3,0.9255,0.3786,0.0,1.0
2024-03-01 04:32:00,medium_office,24.75,25.01,63.7,0.278,400.0,0.0,32.5,0.14,35.03,687.7,0.9272,0.3746,0.0,1.0
2024-03-01 04:33:00,medium_office,25.41,25.6,59.4,0.487,400.0,0.0,32.4,0.02,35.1,690.1,0.9288,0.3706,0.0,1.0
2024-03-01 04:34:00,medium_office,25.26,25.02,60.4,0.118,400.0,0.0,37.6,0.02,36.48,692.5,0.9304,0.3665,0.0,1.0
2024-03-01 04:35:00,medium_office,24.91,24.71,57.5,0.049,400.0,0.0,31.6,0.27,36.55,694.9,0.932,0.3624,0.0,1.0
2024-03-01 04:36:00,medium_office,24.57,25.17,56.1,0.05,438.0,0.0,35.3,0.21,35.64,697.3,0.9336,0.3584,0.0,1.0
2024-03-01 04:37:00,medium_office,24.47,24.77,57.4,0.118,412.0,50.0,39.6,0.2,34.28,699.6,0.9351,0.3543,0.0,1.0
2024-03-01 04:38:00,medium_office,25.17,24.72,59.4,0.163,430.0,68.0,29.6,0.27,37.09,701.9,0.9367,0.3502,0.0,1.0
2024-03-01 04:39:00,medium_office,24.89,24.49,58.8,0.039,400.0,0.0,36.2,0.16,35.47,704.2,0.9382,0.3461,0.0,1.0
2024-03-01 04:40:00,medium_office,24.96,25.44,58.8,0.133,400.0,0.0,38.6,0.02,37.97,706.4,0.9397,0.342,0.0,1.0
2024-03-01 04:41:00,medium_office,24.3,23.87,57.5,0.39,400.0,22.0,34.9,0.21,35.77,708.6,0.9412,0.3379,0.0,1.0
2024-03-01 04:42:00,medium_office,25.11,25.2,57.2,0.041,408.0,0.0,32.2,0.05,36.03,710.9,0.9426,0.3338,0.0,1.0
2024-03-01 04:43:00,medium_office,24.97,24.7,57.5,0.118,454.0,0.0,34.2,0.2,35.46,713.0,0.9441,0.3297,0.0,1.0
2024-03-01 04:44:00,medium_office,24.5,24.73,59.3,0.083,412.0,0.0,32.5,0.12,36.13,715.2,0.9455,0.3256,0.0,1.0
2024-03-01 04:45:00,medium_office,24.7,25.57,59.5,0.191,400.0,0.0,35.2,0.01,39.36,717.3,0.9469,0.3214,0.0,1.0
2024-03-01 04:46:00,medium_office,24.92,24.61,55.8,0.098,400.0,0.0,34.2,0.02,35.53,719.5,0.9483,0.3173,0.0,1.0
2024-03-01 04:47:00,medium_office,24.86,24.63,59.3,0.136,400.0,0.0,33.5,0.12,37.14,721.5,0.9497,0.3132,0.0,1.0
2024-03-01 04:48:00,medium_office,24.77,24.85,56.4,0.032,461.0,0.0,36.4,0.18,35.95,723.6,0.9511,0.309,0.0,1.0
2024-03-01 04:49:00,medium_office,24.83,25.07,58.6,0.088,437.0,31.0,39.7,0.05,37.03,725.6,0.9524,0.3049,0.0,1.0
2024-03-01 04:50:00,medium_office,24.79,24.73,57.3,0.021,408.0,0.0,36.0,0.03,33.92,727.7,0.9537,0.3007,0.0,1.0
2024-03-01 04:51:00,medium_office,24.91,24.28,60.8,0.052,403.0,4.0,39.0,0.11,37.79,729.7,0.955,0.2965,0.0,1.0
2024-03-01 04:52:00,medium_office,25.31,24.57,56.8,0.032,409.0,0.0,39.7,0.24,36.18,731.6,0.9563,0.2924,0.0,1.0
2024-03-01 04:53:00,medium_office,24.1,25.43,58.0,0.505,415.0,28.0,33.2,0.24,35.56,733.6,0.9576,0.2882,0.0,1.0
2024-03-01 04:54:00,medium_office,24.81,24.95,58.8,0.029,400.0,0.0,35.8,0.21,36.72,735.5,0.9588,0.284,0.0,1.0
2024-03-01 04:55:00,medium_office,24.93,25.1,55.8,0.046,400.0,34.0,33.7,0.13,35.96,737.4,0.96,0.2798,0.0,1.0
2024-03-01 04:56:00,medium_office,24.97,24.82,57.4,0.021,431.0,5.0,30.6,0.13,34.66,739.2,0.9613,0.2756,0.0,1.0
2024-03-01 04:57:00,medium_office,24.78,24.66,57.0,0.074,401.0,0.0,36.1,0.07,33.37,741.1,0.9625,0.2714,0.0,1.0
2024-03-01 04:58:00,medium_office,24.36,25.6,56.4,0.034,428.0,0.0,31.8,0.04,37.62,742.9,0.9636,0.2672,0.0,1.0
2024-03-01 04:59:00,medium_office,24.99,24.85,56.5,0.391,449.0,65.0,36.5,0.0,35.56,744.7,0.9648,0.263,0.0,1.0
2024-03-01 05:00:00,medium_office,25.42,24.75,59.6,0.022,416.0,24.0,30.3,0.26,35.16,746.4,0.9659,0.2588,0.0,1.0
2024-03-01 05:01:00,medium_office,24.44,25.37,56.2,0.161,411.0,26.0,35.5,0.15,35.23,748.1,0.967,0.2546,0.0,1.0
2024-03-01 05:02:00,medium_office,25.16,24.65,58.5,0.175,496.0,55.0,30.3,0.0,37.22,749.8,0.9681,0.2504,0.0,1.0
2024-03-01 05:03:00,medium_office,24.81,24.7,57.9,0.174,406.0,7.0,37.0,0.16,35.26,751.5,0.9692,0.2462,0.0,1.0
2024-03-01 05:04:00,medium_office,24.89,24.94,54.5,0.118,400.0,41.0,33.8,0.08,36.38,753.2,0.9703,0.2419,0.0,1.0
2024-03-01 05:05:00,medium_office,24.6,24.94,58.3,0.355,400.0,0.0,33.5,0.13,35.4,754.8,0.9713,0.2377,0.0,1.0
2024-03-01 05:06:00,medium_office,24.82,25.05,54.4,0.119,447.0,22.0,38.4,0.2,34.47,756.4,0.9724,0.2334,0.0,1.0
2024-03-01 05:07:00,medium_office,25.31,25.78,58.4,0.107,400.0,0.0,34.0,0.24,36.61,758.0,0.9734,0.2292,0.0,1.0
2024-03-01 05:08:00,medium_office,25.1,25.08,56.1,0.154,400.0,0.0,35.3,0.21,36.81,759.5,0.9744,0.225,0.0,1.0
2024-03-01 05:09:00,medium_office,25.45,24.0,57.1,0.06,433.0,3.0,34.4,0.27,35.01,761.0,0.9753,0.2207,0.0,1.0
2024-03-01 05:10:00,medium_office,25.28,25.08,54.5,0.202,400.0,0.0,36.5,0.07,35.65,762.5,0.9763,0.2164,0.0,1.0
2024-03-01 05:11:00,medium_office,25.06,24.97,57.3,0.248,400.0,10.0,38.1,0.2,35.77,764.0,0.9772,0.2122,0.0,1.0
2024-03-01 05:12:00,medium_office,25.46,24.97,58.9,0.289,432.0,0.0,37.5,0.27,36.11,765.4,0.9781,0.2079,0.0,1.0
2024-03-01 05:13:00,medium_office,25.07,25.06,55.4,0.153,400.0,0.0,33.6,0.09,37.63,766.8,0.979,0.2036,0.0,1.0
2024-03-01 05:14:00,medium_office,25.19,24.95,55.8,0.127,400.0,0.0,38.6,0.24,35.32,768.2,0.9799,0.1994,0.0,1.0
2024-03-01 05:15:00,medium_office,24.85,24.94,57.9,0.985,400.0,0.0,32.3,0.28,35.3,769.6,0.9808,0.1951,0.0,1.0
2024-03-01 05:16:00,medium_office,24.96,25.21,57.9,0.204,417.0,26.0,32.8,0.19,35.45,770.9,0.9816,0.1908,0.0,1.0
2024-03-01 05:17:00,medium_office,24.74,24.75,52.0,0.507,408.0,9.0,34.6,0.05,34.67,772.2,0.9825,0.1865,0.0,1.0
2024-03-01 05:18:00,medium_office,25.25,24.59,60.9,0.232,400.0,43.0,38.1,0.08,33.88,773.4,0.9833,0.1822,0.0,1.0
2024-03-01 05:19:00,medium_office,24.6,26.18,57.9,0.388,400.0,16.0,31.5,0.2,35.72,774.7,0.984,0.1779,0.0,1.0
2024-03-01 05:20:00,medium_office,25.19,24.68,58.2,0.136,400.0,0.0,37.7,0.26,36.11,775.9,0.9848,0.1736,0.0,1.0
2024-03-01 05:21:00,medium_office,24.9,25.01,56.5,0.061,433.0,0.0,34.8,0.01,35.57,777.1,0.9856,0.1693,0.0,1.0
2024-03-01 05:22:00,medium_office,25.31,24.37,53.0,0.004,400.0,0.0,33.7,0.1,35.49,778.2,0.9863,0.165,0.0,1.0
2024-03-01 05:23:00,medium_office,25.19,25.02,58.0,0.108,400.0,15.0,38.3,0.07,34.65,779.3,0.987,0.1607,0.0,1.0
2024-03-01 05:24:00,medium_office,25.51,24.6,55.5,0.012,400.0,2.0,32.6,0.13,35.79,780.4,0.9877,0.1564,0.0,1.0
2024-03-01 05:25:00,medium_office,25.18,24.8,57.7,0.308,400.0,0.0,41.9,0.23,35.69,781.5,0.9884,0.1521,0.0,1.0
2024-03-01 05:26:00,medium_office,24.5,25.4,56.1,0.082,410.0,0.0,34.5,0.15,35.99,782.5,0.989,0.1478,0.0,1.0
2024-03-01 05:27:00,medium_office,24.95,25.17,57.0,0.245,463.0,14.0,35.4,0.16,35.82,783.5,0.9897,0.1435,0.0,1.0
2024-03-01 05:28:00,medium_office,24.62,25.21,55.0,0.074,407.0,0.0,39.6,0.18,35.88,784.5,0.9903,0.1392,0.0,1.0
2024-03-01 05:29:00,medium_office,24.82,24.27,58.2,0.213,400.0,10.0,35.5,0.15,36.79,785.5,0.9909,0.1349,0.0,1.0
2024-03-01 05:30:00,medium_office,25.43,25.72,54.1,0.337,426.0,0.0,38.6,0.21,36.03,786.4,0.9914,0.1305,0.0,1.0
2024-03-01 05:31:00,medium_office,25.17,24.51,60.9,0.241,421.0,33.0,29.1,0.03,35.93,787.3,0.992,0.1262,0.0,1.0
2024-03-01 05:32:00,medium_office,24.77,25.6,60.9,0.05,400.0,16.0,33.7,0.01,33.69,788.1,0.9925,0.1219,0.0,1.0
2024-03-01 05:33:00,medium_office,24.68,25.39,59.6,0.219,469.0,49.0,36.2,0.25,36.48,788.9,0.9931,0.1175,0.0,1.0
2024-03-01 05:34:00,medium_office,24.99,25.22,58.9,0.147,400.0,0.0,38.2,0.14,35.11,789.7,0.9936,0.1132,0.0,1.0
2024-03-01 05:35:00,medium_office,24.62,24.65,56.1,0.056,407.0,34.0,37.3,0.09,35.48,790.5,0.9941,0.1089,0.0,1.0
2024-03-01 05:36:00,medium_office,24.78,25.05,58.6,0.062,417.0,28.0,37.0,0.14,34.11,791.3,0.9945,0.1045,0.0,1.0
2024-03-01 05:37:00,medium_office,25.08,24.8,56.0,0.039,410.0,0.0,38.2,0.2,37.46,792.0,0.995,0.1002,0.0,1.0
2024-03-01 05:38:00,medium_office,25.33,25.0,53.1,0.197,446.0,0.0,36.4,0.04,32.88,792.7,0.9954,0.0958,0.0,1.0
2024-03-01 05:39:00,medium_office,25.17,24.89,59.2,0.264,400.0,0.0,28.6,0.16,36.83,793.3,0.9958,0.0915,0.0,1.0
2024-03-01 05:40:00,medium_office,24.3,24.18,58.4,0.153,424.0,0.0,39.3,0.03,35.75,793.9,0.9962,0.0872,0.0,1.0
2024-03-01 05:41:00,medium_office,25.08,25.44,56.0,0.457,405.0,0.0,32.5,0.26,33.41,794.5,0.9966,0.0828,0.0,1.0
2024-03-01 05:42:00,medium_office,25.01,24.96,53.6,0.038,429.0,0.0,35.9,0.17,37.34,795.1,0.9969,0.0785,0.0,1.0
2024-03-01 05:43:00,medium_office,25.12,24.8,54.8,0.127,400.0,48.0,35.5,0.24,35.8,795.6,0.9973,0.0741,0.0,1.0
2024-03-01 05:44:00,medium_office,25.48,24.77,52.3,0.003,400.0,0.0,35.1,0.22,32.91,796.1,0.9976,0.0698,0.0,1.0
2024-03-01 05:45:00,medium_office,24.37,25.14,57.8,0.224,422.0,4.0,31.7,0.24,34.83,796.6,0.9979,0.0654,0.0,1.0
2024-03-01 05:46:00,medium_office,24.82,24.64,52.7,0.125,411.0,13.0,29.2,0.1,35.78,797.0,0.9981,0.061,0.0,1.0
2024-03-01 05:47:00,medium_office,25.17,24.09,56.4,0.324,400.0,11.0,32.0,0.04,36.94,797.4,0.9984,0.0567,0.0,1.0
2024-03-01 05:48:00,medium_office,24.52,25.16,54.1,0.135,440.0,13.0,37.5,0.27,34.8,797.8,0.9986,0.0523,0.0,1.0
2024-03-01 05:49:00,medium_office,25.44,25.21,52.9,0.196,422.0,28.0,30.7,0.27,32.55,798.2,0.9988,0.048,0.0,1.0
2024-03-01 05:50:00,medium_office,25.11,24.92,56.2,0.266,400.0,0.0,32.4,0.26,36.64,798.5,0.999,0.0436,0.0,1.0
2024-03-01 05:51:00,medium_office,25.25,24.54,55.1,0.076,400.0,3.0,36.3,0.3,35.66,798.8,0.9992,0.0393,0.0,1.0
2024-03-01 05:52:00,medium_office,24.83,25.03,57.4,0.146,411.0,0.0,31.9,0.18,32.92,799.0,0.9994,0.0349,0.0,1.0
2024-03-01 05:53:00,medium_office,25.24,24.41,53.1,0.24,420.0,39.0,33.4,0.15,35.48,799.3,0.9995,0.0305,0.0,1.0
2024-03-01 05:54:00,medium_office,25.32,24.59,54.1,0.065,400.0,63.0,35.2,0.24,35.57,799.5,0.9997,0.0262,0.0,1.0
2024-03-01 05:55:00,medium_office,25.07,24.7,50.8,0.083,411.0,0.0,35.8,0.03,34.78,799.6,0.9998,0.0218,0.0,1.0
2024-03-01 05:56:00,medium_office,25.07,25.34,51.2,0.05,420.0,0.0,31.9,0.23,34.26,799.8,0.9998,0.0175,0.0,1.0
2024-03-01 05:57:00,medium_office,25.08,24.85,59.1,0.086,400.0,17.0,35.4,0.24,34.46,799.9,0.9999,0.0131,0.0,1.0
2024-03-01 05:58:00,medium_office,24.74,24.82,59.6,0.026,406.0,32.0,36.2,0.17,34.73,799.9,1.0,0.0087,0.0,1.0
2024-03-01 05:59:00,medium_office,24.96,25.78,55.6,0.065,421.0,59.0,31.2,0.12,35.39,800.0,1.0,0.0044,0.0,1.0
2024-03-01 06:00:00,medium_office,24.95,25.14,53.8,0.014,417.0,22.0,35.6,0.2,35.81,800.0,1.0,0.0,0.0,1.0
2024-03-01 06:01:00,medium_office,25.11,25.14,54.8,0.048,424.0,42.0,32.9,0.27,32.86,800.0,1.0,-0.0044,0.0,1.0
2024-03-01 06:02:00,medium_office,25.3,24.85,57.1,0.114,400.0,50.0,35.4,0.05,35.24,799.9,1.0,-0.0087,0.0,1.0
2024-03-01 06:03:00,medium_office,24.68,24.76,54.3,0.069,400.0,44.0,37.2,0.09,35.46,799.9,0.9999,-0.0131,0.0,1.0
2024-03-01 06:04:00,medium_office,24.96,24.13,55.7,0.164,400.0,26.0,34.5,0.2,35.12,799.8,0.9998,-0.0175,0.0,1.0
2024-03-01 06:05:00,medium_office,25.44,25.39,55.2,0.142,433.0,0.0,37.7,0.25,34.53,799.6,0.9998,-0.0218,0.0,1.0
2024-03-01 06:06:00,medium_office,24.78,25.18,54.0,0.118,421.0,0.0,37.4,0.2,36.34,799.5,0.9997,-0.0262,0.0,1.0
2024-03-01 06:07:00,medium_office,24.75,24.93,54.1,0.006,435.0,9.0,37.7,0.18,36.24,799.3,0.9995,-0.0305,0.0,1.0
2024-03-01 06:08:00,medium_office,25.06,24.94,55.7,0.367,400.0,0.0,36.2,0.03,34.52,799.0,0.9994,-0.0349,0.0,1.0
2024-03-01 06:09:00,medium_office,25.25,25.29,53.1,0.072,424.0,0.0,38.3,0.13,34.78,798.8,0.9992,-0.0393,0.0,1.0
2024-03-01 06:10:00,medium_office,25.0,24.38,55.9,0.149,400.0,47.0,36.2,0.27,35.62,798.5,0.999,-0.0436,0.0,1.0
2024-03-01 06:11:00,medium_office,25.4,24.76,54.0,0.232,400.0,0.0,30.0,0.11,36.11,798.2,0.9988,-0.048,0.0,1.0
2024-03-01 06:12:00,medium_office,25.25,24.54,55.2,0.044,404.0,24.0,32.6,0.11,33.99,797.8,0.9986,-0.0523,0.0,1.0
2024-03-01 06:13:00,medium_office,25.25,25.71,57.7,0.027,420.0,9.0,34.4,0.11,33.75,797.4,0.9984,-0.0567,0.0,1.0
2024-03-01 06:14:00,medium_office,25.16,25.35,54.5,0.004,450.0,0.0,34.7,0.11,35.05,797.0,0.9981,-0.061,0.0,1.0
2024-03-01 06:15:00,medium_office,25.69,24.11,56.7,0.305,400.0,0.0,36.1,0.12,33.63,796.6,0.9979,-0.0654,0.0,1.0
2024-03-01 06:16:00,medium_office,24.93,24.39,51.2,0.035,400.0,0.0,32.6,0.23,32.79,796.1,0.9976,-0.0698,0.0,1.0
2024-03-01 06:17:00,medium_office,24.39,24.94,53.8,0.633,400.0,15.0,41.0,0.14,33.9,795.6,0.9973,-0.0741,0.0,1.0
2024-03-01 06:18:00,medium_office,25.47,24.8,54.8,0.056,400.0,0.0,34.7,0.18,35.12,795.1,0.9969,-0.0785,0.0,1.0
2024-03-01 06:19:00,medium_office,24.85,24.46,58.5,0.208,467.0,0.0,35.0,0.13,36.23,794.5,0.9966,-0.0828,0.0,1.0
2024-03-01 06:20:00,medium_office,25.02,25.77,50.7,0.007,423.0,0.0,33.0,0.26,33.95,793.9,0.9962,-0.0872,0.0,1.0
2024-03-01 06:21:00,medium_office,25.38,25.12,54.4,0.194,433.0,13.0,32.0,0.05,34.52,793.3,0.9958,-0.0915,0.0,1.0
2024-03-01 06:22:00,medium_office,24.51,25.18,57.5,0.03,400.0,0.0,34.6,0.04,34.78,792.7,0.9954,-0.0958,0.0,1.0
2024-03-01 06:23:00,medium_office,24.61,24.71,53.0,0.009,400.0,0.0,35.1,0.12,33.95,792.0,0.995,-0.1002,0.0,1.0
2024-03-01 06:24:00,medium_office,24.5,25.28,54.1,0.016,421.0,0.0,34.7,0.29,33.85,791.3,0.9945,-0.1045,0.0,1.0
2024-03-01 06:25:00,medium_office,24.74,24.84,55.1,0.186,400.0,0.0,40.0,0.21,34.9,790.5,0.9941,-0.1089,0.0,1.0
2024-03-01 06:26:00,medium_office,25.11,24.87,54.8,0.017,400.0,14.0,34.6,0.18,33.34,789.7,0.9936,-0.1132,0.0,1.0
2024-03-01 06:27:00,medium_office,25.14,25.23,57.5,0.061,400.0,0.0,34.7,0.12,33.75,788.9,0.9931,-0.1175,0.0,1.0
2024-03-01 06:28:00,medium_office,25.06,24.33,55.2,0.235,400.0,0.0,37.4,0.09,34.3,788.1,0.9925,-0.1219,0.0,1.0
2024-03-01 06:29:00,medium_office,24.55,25.62,57.0,0.087,401.0,0.0,34.5,0.29,34.8,787.3,0.992,-0.1262,0.0,1.0
2024-03-01 06:30:00,medium_office,24.28,25.06,53.5,0.005,400.0,31.0,36.6,0.13,32.94,786.4,0.9914,-0.1305,0.0,1.0
2024-03-01 06:31:00,medium_office,24.99,25.49,52.7,0.033,409.0,1.0,31.2,0.21,34.31,785.5,0.9909,-0.1349,0.0,1.0
2024-03-01 06:32:00,medium_office,24.83,24.55,53.7,0.044,409.0,2.0,31.2,0.24,33.13,784.5,0.9903,-0.1392,0.0,1.0
2024-03-01 06:33:00,medium_office,25.11,24.61,51.8,0.099,400.0,0.0,35.4,0.2,33.71,783.5,0.9897,-0.1435,0.0,1.0
2024-03-01 06:34:00,medium_office,25.18,24.51,55.1,0.5,400.0,0.0,34.3,0.07,35.17,782.5,0.989,-0.1478,0.0,1.0
2024-03-01 06:35:00,medium_office,25.01,25.08,53.3,0.1,403.0,0.0,32.6,0.09,34.28,781.5,0.9884,-0.1521,0.0,1.0
2024-03-01 06:36:00,medium_office,25.19,25.0,52.7,0.129,400.0,0.0,35.4,0.01,36.0,780.4,0.9877,-0.1564,0.0,1.0
2024-03-01 06:37:00,medium_office,25.03,24.79,55.0,0.093,401.0,35.0,35.6,0.29,34.24,779.3,0.987,-0.1607,0.0,1.0
2024-03-01 06:38:00,medium_office,25.12,24.57,51.7,0.026,433.0,14.0,32.9,0.25,35.26,778.2,0.9863,-0.165,0.0,1.0
2024-03-01 06:39:00,medium_office,24.75,24.46,55.4,0.089,400.0,2.0,33.4,0.12,35.06,777.1,0.9856,-0.1693,0.0,1.0
2024-03-01 06:40:00,medium_office,24.9,24.95,52.9,1.0,465.0,9.0,35.6,0.27,34.23,775.9,0.9848,-0.1736,0.0,1.0
2024-03-01 06:41:00,medium_office,25.01,24.78,56.1,0.136,400.0,10.0,31.9,0.05,32.91,774.7,0.984,-0.1779,0.0,1.0
2024-03-01 06:42:00,medium_office,25.2,24.69,53.0,0.256,412.0,0.0,33.2,0.01,34.1,773.4,0.9833,-0.1822,0.0,1.0
2024-03-01 06:43:00,medium_office,24.83,25.58,55.0,0.115,400.0,0.0,36.6,0.04,33.65,772.2,0.9825,-0.1865,0.0,1.0
2024-03-01 06:44:00,medium_office,25.1,24.93,54.1,0.57,434.0,0.0,34.9,0.27,33.59,770.9,0.9816,-0.1908,0.0,1.0
2024-03-01 06:45:00,medium_office,24.86,25.47,55.1,0.029,400.0,75.0,33.6,0.05,34.29,769.6,0.9808,-0.1951,0.0,1.0
2024-03-01 06:46:00,medium_office,24.9,24.75,53.8,0.071,400.0,31.0,32.3,0.02,32.67,768.2,0.9799,-0.1994,0.0,1.0
2024-03-01 06:47:00,medium_office,25.19,25.06,50.2,0.106,400.0,5.0,32.0,0.06,33.22,766.8,0.979,-0.2036,0.0,1.0
2024-03-01 06:48:00,medium_office,24.34,24.93,55.6,0.042,400.0,41.0,34.6,0.12,33.06,765.4,0.9781,-0.2079,0.0,1.0
2024-03-01 06:49:00,medium_office,24.54,24.28,53.3,0.074,413.0,37.0,41.1,0.15,33.79,764.0,0.9772,-0.2122,0.0,1.0
2024-03-01 06:50:00,medium_office,24.48,25.52,55.0,0.266,405.0,0.0,36.7,0.07,33.26,762.5,0.9763,-0.2164,0.0,1.0
2024-03-01 06:51:00,medium_office,24.23,24.9,54.8,0.225,400.0,0.0,31.0,0.24,33.3,761.0,0.9753,-0.2207,0.0,1.0
2024-03-01 06:52:00,medium_office,24.72,25.25,51.8,0.102,400.0,0.0,37.1,0.29,34.11,759.5,0.9744,-0.225,0.0,1.0
2024-03-01 06:53:00,medium_office,25.14,24.65,51.5,0.03,400.0,18.0,32.7,0.09,33.51,758.0,0.9734,-0.2292,0.0,1.0
2024-03-01 06:54:00,medium_office,24.83,24.88,54.6,0.017,400.0,0.0,35.0,0.28,33.94,756.4,0.9724,-0.2334,0.0,1.0
2024-03-01 06:55:00,medium_office,24.97,24.6,52.6,0.169,414.0,0.0,33.2,0.25,32.79,754.8,0.9713,-0.2377,0.0,1.0
2024-03-01 06:56:00,medium_office,25.24,25.43,55.1,0.027,420.0,0.0,41.1,0.27,33.06,753.2,0.9703,-0.2419,0.0,1.0
2024-03-01 06:57:00,medium_office,25.31,25.06,52.8,0.27,424.0,31.0,31.6,0.02,35.9,751.5,0.9692,-0.2462,0.0,1.0
2024-03-01 06:58:00,medium_office,24.88,25.08,55.2,0.213,400.0,0.0,35.9,0.25,33.14,749.8,0.9681,-0.2504,0.0,1.0
2024-03-01 06:59:00,medium_office,25.31,25.48,53.9,0.312,412.0,0.0,32.9,0.18,31.71,748.1,0.967,-0.2546,0.0,1.0
2024-03-01 07:00:00,medium_office,24.93,25.39,53.6,0.132,400.0,0.0,37.2,0.01,34.13,746.4,0.9659,-0.2588,0.0,1.0
2024-03-01 07:01:00,medium_office,24.64,25.24,52.3,0.061,400.0,0.0,35.9,0.23,33.06,744.7,0.9648,-0.263,0.0,1.0
2024-03-01 07:02:00,medium_office,24.71,24.36,53.4,0.08,400.0,10.0,38.8,0.07,33.98,742.9,0.9636,-0.2672,0.0,1.0
2024-03-01 07:03:00,medium_office,24.44,24.65,55.3,0.079,400.0,10.0,37.2,0.24,33.63,741.1,0.9625,-0.2714,0.0,1.0
2024-03-01 07:04:00,medium_office,24.62,24.52,52.8,0.449,400.0,0.0,32.9,0.19,34.24,739.2,0.9613,-0.2756,0.0,1.0
2024-03-01 07:05:00,medium_office,24.77,25.21,53.9,0.116,400.0,34.0,43.7,0.15,33.57,737.4,0.96,-0.2798,0.0,1.0
2024-03-01 07:06:00,medium_office,25.12,24.99,52.9,0.012,404.0,41.0,36.7,0.01,33.42,735.5,0.9588,-0.284,0.0,1.0
2024-03-01 07:07:00,medium_office,25.39,24.36,53.0,0.095,400.0,0.0,33.3,0.27,34.77,733.6,0.9576,-0.2882,0.0,1.0
2024-03-01 07:08:00,medium_office,24.45,24.84,56.2,0.02,400.0,8.0,35.6,0.04,31.37,731.6,0.9563,-0.2924,0.0,1.0
2024-03-01 07:09:00,medium_office,24.98,24.31,55.1,0.002,446.0,0.0,36.9,0.25,32.24,729.7,0.955,-0.2965,0.0,1.0
2024-03-01 07:10:00,medium_office,24.55,24.89,52.8,0.15,400.0,19.0,36.8,0.21,32.72,727.7,0.9537,-0.3007,0.0,1.0
2024-03-01 07:11:00,medium_office,25.0,24.24,53.0,0.066,400.0,0.0,36.5,0.02,31.82,725.6,0.9524,-0.3049,0.0,1.0
2024-03-01 07:12:00,medium_office,24.81,25.11,51.1,0.027,400.0,54.0,37.9,0.16,33.01,723.6,0.9511,-0.309,0.0,1.0
2024-03-01 07:13:00,medium_office,24.3,25.05,52.2,0.421,400.0,34.0,37.6,0.29,32.89,721.5,0.9497,-0.3132,0.0,1.0
2024-03-01 07:14:00,medium_office,25.12,25.66,53.1,0.321,400.0,0.0,32.5,0.28,34.42,719.5,0.9483,-0.3173,0.0,1.0
2024-03-01 07:15:00,medium_office,24.66,25.23,54.1,0.049,400.0,0.0,41.3,0.04,33.33,717.3,0.9469,-0.3214,0.0,1.0
2024-03-01 07:16:00,medium_office,24.68,24.72,53.9,0.103,417.0,13.0,40.9,0.05,33.18,715.2,0.9455,-0.3256,0.0,1.0
2024-03-01 07:17:00,medium_office,24.51,25.22,50.1,0.196,441.0,0.0,37.4,0.05,32.98,713.0,0.9441,-0.3297,0.0,1.0
2024-03-01 07:18:00,medium_office,24.63,24.33,54.2,0.032,425.0,16.0,35.1,0.23,32.29,710.9,0.9426,-0.3338,0.0,1.0
2024-03-01 07:19:00,medium_office,24.95,24.5,52.1,0.041,431.0,0.0,35.2,0.05,34.2,708.6,0.9412,-0.3379,0.0,1.0
2024-03-01 07:20:00,medium_office,24.76,25.01,50.2,0.192,400.0,46.0,34.0,0.02,34.5,706.4,0.9397,-0.342,0.0,1.0
2024-03-01 07:21:00,medium_office,24.91,24.01,54.8,0.385,400.0,0.0,34.4,0.12,32.05,704.2,0.9382,-0.3461,0.0,1.0
2024-03-01 07:22:00,medium_office,24.92,24.86,55.0,0.174,414.0,73.0,28.4,0.29,34.85,701.9,0.9367,-0.3502,0.0,1.0
2024-03-01 07:23:00,medium_office,25.2,24.46,52.6,0.834,426.0,18.0,39.6,0.09,32.54,699.6,0.9351,-0.3543,0.0,1.0
2024-03-01 07:24:00,medium_office,24.7,24.91,53.4,0.042,453.0,0.0,38.5,0.22,32.43,697.3,0.9336,-0.3584,0.0,1.0
2024-03-01 07:25:00,medium_office,24.35,24.43,53.5,0.421,432.0,63.0,30.0,0.04,33.63,694.9,0.932,-0.3624,0.0,1.0
2024-03-01 07:26:00,medium_office,25.11,25.03,54.7,0.274,427.0,33.0,37.7,0.19,33.69,692.5,0.9304,-0.3665,0.0,1.0
2024-03-01 07:27:00,medium_office,24.69,24.87,53.4,0.043,479.0,11.0,35.0,0.17,33.03,690.1,0.9288,-0.3706,0.0,1.0
2024-03-01 07:28:00,medium_office,25.12,25.41,49.2,0.077,403.0,19.0,34.4,0.27,32.73,687.7,0.9272,-0.3746,0.0,1.0
2024-03-01 07:29:00,medium_office,24.89,24.85,55.8,0.201,400.0,0.0,36.5,0.21,34.22,685.3,0.9255,-0.3786,0.0,1.0
2024-03-01 07:30:00,medium_office,24.73,24.54,53.9,0.497,405.0,0.0,29.8,0.04,32.4,682.8,0.9239,-0.3827,0.0,1.0
2024-03-01 07:31:00,medium_office,24.87,24.75,50.7,0.043,400.0,0.0,35.0,0.12,32.92,680.4,0.9222,-0.3867,0.0,1.0
2024-03-01 07:32:00,medium_office,25.35,24.3,49.6,0.441,402.0,41.0,35.2,0.0,34.66,677.9,0.9205,-0.3907,0.0,1.0
2024-03-01 07:33:00,medium_office,25.38,25.0,52.7,0.072,400.0,12.0,35.2,0.07,31.6,675.3,0.9188,-0.3947,0.0,1.0
2024-03-01 07:34:00,medium_office,24.77,25.07,51.0,0.129,400.0,51.0,30.9,0.29,32.45,672.8,0.9171,-0.3987,0.0,1.0
2024-03-01 07:35:00,medium_office,24.79,25.82,52.2,0.075,400.0,40.0,36.3,0.14,33.91,670.2,0.9153,-0.4027,0.0,1.0
2024-03-01 07:36:00,medium_office,25.06,24.58,53.0,0.07,428.0,1.0,38.2,0.26,33.38,667.7,0.9135,-0.4067,0.0,1.0
2024-03-01 07:37:00,medium_office,24.48,24.72,50.3,0.043,433.0,36.0,36.2,0.01,33.72,665.0,0.9118,-0.4107,0.0,1.0
2024-03-01 07:38:00,medium_office,24.83,24.59,49.2,0.126,400.0,46.0,34.3,0.26,31.48,662.4,0.91,-0.4147,0.0,1.0
2024-03-01 07:39:00,medium_office,24.72,24.9,52.2,0.035,462.0,0.0,43.1,0.27,33.09,659.8,0.9081,-0.4187,0.0,1.0
2024-03-01 07:40:00,medium_office,24.81,24.97,50.3,0.688,404.0,0.0,32.2,0.2,32.46,657.1,0.9063,-0.4226,0.0,1.0
2024-03-01 07:41:00,medium_office,24.46,24.79,51.6,0.204,407.0,4.0,37.3,0.03,34.99,654.4,0.9045,-0.4266,0.0,1.0
2024-03-01 07:42:00,medium_office,24.23,25.24,48.6,0.074,400.0,0.0,35.7,0.26,33.49,651.7,0.9026,-0.4305,0.0,1.0
2024-03-01 07:43:00,medium_office,24.08,24.55,50.7,0.083,400.0,8.0,41.0,0.27,32.63,649.0,0.9007,-0.4344,0.0,1.0
2024-03-01 07:44:00,medium_office,24.36,25.19,52.6,0.14,431.0,22.0,36.2,0.06,32.91,646.3,0.8988,-0.4384,0.0,1.0
2024-03-01 07:45:00,medium_office,24.55,25.01,52.3,0.1,405.0,4.0,36.8,0.28,32.65,643.5,0.8969,-0.4423,0.0,1.0
2024-03-01 07:46:00,medium_office,24.6,24.79,49.5,0.111,403.0,10.0,36.5,0.26,33.27,640.7,0.8949,-0.4462,0.0,1.0
2024-03-01 07:47:00,medium_office,25.26,24.66,48.7,0.156,407.0,0.0,31.8,0.06,31.69,637.9,0.893,-0.4501,0.0,1.0
2024-03-01 07:48:00,medium_office,25.0,25.75,51.0,0.073,400.0,0.0,32.4,0.12,33.88,635.1,0.891,-0.454,0.0,1.0
2024-03-01 07:49:00,medium_office,24.38,24.45,52.1,0.394,400.0,50.0,34.2,0.1,31.16,632.3,0.889,-0.4579,0.0,1.0
2024-03-01 07:50:00,medium_office,24.77,24.89,51.7,0.031,442.0,0.0,37.9,0.15,32.66,629.4,0.887,-0.4617,0.0,1.0
2024-03-01 07:51:00,medium_office,24.53,24.47,49.8,0.003,433.0,0.0,35.7,0.27,31.6,626.6,0.885,-0.4656,0.0,1.0
2024-03-01 07:52:00,medium_office,24.56,25.48,51.4,0.003,400.0,41.0,34.4,0.26,32.44,623.7,0.8829,-0.4695,0.0,1.0
2024-03-01 07:53:00,medium_office,24.7,25.12,53.8,0.047,447.0,29.0,39.1,0.05,33.36,620.8,0.8809,-0.4733,0.0,1.0
2024-03-01 07:54:00,medium_office,24.82,24.49,51.1,0.326,400.0,8.0,29.1,0.17,30.63,617.9,0.8788,-0.4772,0.0,1.0
2024-03-01 07:55:00,medium_office,24.53,24.96,47.4,0.017,400.0,23.0,31.1,0.16,32.14,614.9,0.8767,-0.481,0.0,1.0
2024-03-01 07:56:00,medium_office,24.94,24.85,51.1,0.133,456.0,0.0,27.5,0.14,30.84,612.0,0.8746,-0.4848,0.0,1.0
2024-03-01 07:57:00,medium_office,24.27,24.54,54.7,0.026,417.0,0.0,38.6,0.21,31.97,609.0,0.8725,-0.4886,0.0,1.0
2024-03-01 07:58:00,medium_office,24.61,25.04,48.0,0.195,400.0,39.0,34.7,0.19,30.78,606.0,0.8704,-0.4924,0.0,1.0
2024-03-01 07:59:00,medium_office,25.38,24.89,50.6,0.024,400.0,0.0,37.9,0.08,32.35,603.0,0.8682,-0.4962,0.0,1.0
2024-03-01 08:00:00,medium_office,24.67,24.82,50.0,0.004,976.0,470.0,44.7,1.0,31.74,600.0,0.866,-0.5,0.0,1.0
2024-03-01 08:01:00,medium_office,25.02,24.71,50.6,0.052,1008.0,502.0,48.1,1.0,32.88,597.0,0.8638,-0.5038,0.0,1.0
2024-03-01 08:02:00,medium_office,24.61,24.9,50.8,0.008,1006.0,503.0,44.6,1.0,33.33,593.9,0.8616,-0.5075,0.0,1.0
2024-03-01 08:03:00,medium_office,24.75,24.81,52.6,0.055,1001.0,519.0,46.2,1.0,32.08,590.9,0.8594,-0.5113,0.0,1.0
2024-03-01 08:04:00,medium_office,24.55,24.74,50.5,0.278,965.0,459.0,45.8,1.0,32.94,587.8,0.8572,-0.515,0.0,1.0
2024-03-01 08:05:00,medium_office,24.51,24.45,52.8,0.004,1008.0,424.0,46.0,1.0,33.39,584.7,0.8549,-0.5188,0.0,1.0
2024-03-01 08:06:00,medium_office,24.32,25.38,50.0,0.258,984.0,528.0,50.1,1.0,31.06,581.6,0.8526,-0.5225,0.0,1.0
2024-03-01 08:07:00,medium_office,24.68,24.28,49.5,0.21,970.0,468.0,40.1,1.0,33.39,578.5,0.8504,-0.5262,0.0,1.0
2024-03-01 08:08:00,medium_office,24.29,24.87,48.8,0.383,1038.0,482.0,44.8,1.0,31.88,575.3,0.848,-0.5299,0.0,1.0
2024-03-01 08:09:00,medium_office,24.74,24.56,46.4,0.314,1065.0,435.0,45.6,1.0,30.91,572.2,0.8457,-0.5336,0.0,1.0
2024-03-01 08:10:00,medium_office,24.86,25.39,50.6,0.069,1058.0,531.0,45.1,1.0,32.16,569.0,0.8434,-0.5373,0.0,1.0
2024-03-01 08:11:00,medium_office,24.63,24.32,54.1,0.291,1020.0,511.0,43.8,1.0,31.76,565.9,0.841,-0.541,0.0,1.0
2024-03-01 08:12:00,medium_office,24.43,24.38,50.9,0.336,992.0,509.0,43.4,1.0,30.39,562.7,0.8387,-0.5446,0.0,1.0
2024-03-01 08:13:00,medium_office,24.65,24.28,51.3,0.191,998.0,509.0,49.6,1.0,30.67,559.5,0.8363,-0.5483,0.0,1.0
2024-03-01 08:14:00,medium_office,24.41,24.8,49.0,0.009,1012.0,438.0,44.8,1.0,33.37,556.3,0.8339,-0.5519,0.0,1.0
2024-03-01 08:15:00,medium_office,24.78,24.11,49.3,0.083,987.0,470.0,52.3,1.0,31.99,553.1,0.8315,-0.5556,0.0,1.0
2024-03-01 08:16:00,medium_office,23.94,24.47,51.7,0.055,1040.0,486.0,46.6,1.0,33.16,549.8,0.829,-0.5592,0.0,1.0
2024-03-01 08:17:00,medium_office,24.38,23.79,53.7,0.352,939.0,478.0,44.1,1.0,31.23,546.6,0.8266,-0.5628,0.0,1.0
2024-03-01 08:18:00,medium_office,23.88,24.74,52.7,0.0,991.0,492.0,46.7,1.0,30.81,543.3,0.8241,-0.5664,0.0,1.0
2024-03-01 08:19:00,medium_office,24.02,24.44,51.3,0.033,1024.0,507.0,45.3,1.0,29.9,540.1,0.8216,-0.57,0.0,1.0
2024-03-01 08:20:00,medium_office,24.87,24.04,49.7,0.27,975.0,530.0,49.0,1.0,32.52,536.8,0.8192,-0.5736,0.0,1.0
2024-03-01 08:21:00,medium_office,24.72,25.07,50.0,0.136,993.0,456.0,41.5,1.0,31.93,533.5,0.8166,-0.5771,0.0,1.0
2024-03-01 08:22:00,medium_office,24.23,24.11,48.0,0.015,1018.0,500.0,39.6,1.0,31.08,530.2,0.8141,-0.5807,0.0,1.0
2024-03-01 08:23:00,medium_office,23.98,24.94,46.6,0.151,1046.0,521.0,46.1,1.0,30.66,526.9,0.8116,-0.5842,0.0,1.0
2024-03-01 08:24:00,medium_office,23.54,24.34,47.2,0.205,961.0,472.0,47.5,1.0,32.55,523.6,0.809,-0.5878,0.0,1.0
2024-03-01 08:25:00,medium_office,24.26,25.25,49.5,0.323,959.0,494.0,45.9,1.0,31.22,520.3,0.8064,-0.5913,0.0,1.0
2024-03-01 08:26:00,medium_office,25.14,24.91,48.8,0.509,972.0,514.0,47.0,1.0,31.2,516.9,0.8039,-0.5948,0.0,1.0
2024-03-01 08:27:00,medium_office,24.53,24.2,46.4,0.013,954.0,500.0,46.6,1.0,30.73,513.6,0.8013,-0.5983,0.0,1.0
2024-03-01 08:28:00,medium_office,24.23,24.23,49.2,0.099,956.0,520.0,40.6,1.0,30.89,510.3,0.7986,-0.6018,0.0,1.0
2024-03-01 08:29:00,medium_office,24.53,24.83,48.6,0.182,971.0,503.0,45.8,1.0,31.82,506.9,0.796,-0.6053,0.0,1.0
2024-03-01 08:30:00,medium_office,23.91,24.48,46.8,0.111,1037.0,491.0,49.0,1.0,29.82,503.5,0.7934,-0.6088,0.0,1.0
2024-03-01 08:31:00,medium_office,24.28,24.51,48.4,0.25,991.0,465.0,45.5,1.0,31.28,500.2,0.7907,-0.6122,0.0,1.0
2024-03-01 08:32:00,medium_office,24.39,25.08,48.4,0.812,1001.0,507.0,41.1,1.0,32.13,496.8,0.788,-0.6157,0.0,1.0
2024-03-01 08:33:00,medium_office,24.33,24.27,47.8,0.874,971.0,503.0,44.0,1.0,31.05,493.4,0.7853,-0.6191,0.0,1.0
2024-03-01 08:34:00,medium_office,24.59,24.6,50.8,0.16,1019.0,470.0,46.7,1.0,32.16,490.0,0.7826,-0.6225,0.0,1.0
2024-03-01 08:35:00,medium_office,24.44,24.94,45.1,0.191,1056.0,517.0,50.4,1.0,32.42,486.6,0.7799,-0.6259,0.0,1.0
2024-03-01 08:36:00,medium_office,24.53,24.88,44.9,0.367,973.0,538.0,39.1,1.0,31.95,483.2,0.7771,-0.6293,0.0,1.0
2024-03-01 08:37:00,medium_office,24.12,24.48,48.9,0.003,1052.0,480.0,46.1,1.0,30.47,479.7,0.7744,-0.6327,0.0,1.0
2024-03-01 08:38:00,medium_office,24.58,24.43,49.0,0.03,1011.0,478.0,42.2,1.0,30.94,476.3,0.7716,-0.6361,0.0,1.0
2024-03-01 08:39:00,medium_office,24.8,23.84,49.6,0.032,1001.0,477.0,46.5,1.0,31.29,472.9,0.7688,-0.6394,0.0,1.0
2024-03-01 08:40:00,medium_office,24.01,24.11,47.7,0.258,1012.0,450.0,46.8,1.0,30.44,469.5,0.766,-0.6428,0.0,1.0
2024-03-01 08:41:00,medium_office,24.02,24.65,46.9,0.499,1012.0,560.0,44.3,1.0,30.38,466.0,0.7632,-0.6461,0.0,1.0
2024-03-01 08:42:00,medium_office,24.68,24.47,48.6,0.096,1056.0,487.0,46.9,1.0,30.28,462.6,0.7604,-0.6494,0.0,1.0
2024-03-01 08:43:00,medium_office,24.22,24.55,47.7,0.024,1016.0,474.0,48.4,1.0,33.36,459.1,0.7576,-0.6528,0.0,1.0
2024-03-01 08:44:00,medium_office,24.69,24.93,51.7,0.178,1016.0,466.0,44.5,1.0,30.51,455.7,0.7547,-0.6561,0.0,1.0
2024-03-01 08:45:00,medium_office,24.12,24.03,47.9,0.037,987.0,488.0,41.0,1.0,31.82,452.2,0.7518,-0.6593,0.0,1.0
2024-03-01 08:46:00,medium_office,24.68,24.4,48.4,0.108,1025.0,479.0,49.3,1.0,29.85,448.7,0.749,-0.6626,0.0,1.0
2024-03-01 08:47:00,medium_office,24.28,24.57,53.4,0.021,971.0,543.0,47.5,1.0,32.39,445.3,0.7461,-0.6659,0.0,1.0
2024-03-01 08:48:00,medium_office,24.31,24.2,48.0,0.112,1003.0,463.0,46.7,1.0,30.27,441.8,0.7431,-0.6691,0.0,1.0
2024-03-01 08:49:00,medium_office,24.69,25.05,49.5,0.115,1086.0,454.0,42.9,1.0,30.67,438.3,0.7402,-0.6724,0.0,1.0
2024-03-01 08:50:00,medium_office,24.1,24.84,49.6,0.14,925.0,517.0,48.0,1.0,28.75,434.9,0.7373,-0.6756,0.0,1.0
2024-03-01 08:51:00,medium_office,23.92,24.58,49.7,0.144,1007.0,497.0,51.1,1.0,31.67,431.4,0.7343,-0.6788,0.0,1.0
2024-03-01 08:52:00,medium_office,24.06,25.18,48.8,0.07,1008.0,493.0,44.6,1.0,31.85,427.9,0.7314,-0.682,0.0,1.0
2024-03-01 08:53:00,medium_office,24.32,23.86,48.6,0.356,993.0,517.0,45.3,1.0,29.3,424.4,0.7284,-0.6852,0.0,1.0
2024-03-01 08:54:00,medium_office,23.71,24.45,48.3,0.021,994.0,504.0,41.8,1.0,31.63,420.9,0.7254,-0.6884,0.0,1.0
2024-03-01 08:55:00,medium_office,24.36,24.59,46.9,0.013,1003.0,499.0,42.8,1.0,29.08,417.4,0.7224,-0.6915,0.0,1.0
2024-03-01 08:56:00,medium_office,24.0,24.07,48.7,0.099,992.0,458.0,41.8,1.0,31.02,414.0,0.7193,-0.6947,0.0,1.0
2024-03-01 08:57:00,medium_office,24.49,24.55,52.1,0.011,1007.0,450.0,45.4,1.0,30.06,410.5,0.7163,-0.6978,0.0,1.0
2024-03-01 08:58:00,medium_office,23.42,23.98,50.4,0.023,985.0,479.0,44.0,1.0,31.66,407.0,0.7133,-0.7009,0.0,1.0
2024-03-01 08:59:00,medium_office,23.89,24.7,48.5,0.024,1061.0,467.0,46.1,1.0,30.53,403.5,0.7102,-0.704,0.0,1.0
2024-03-01 09:00:00,medium_office,23.62,24.84,49.6,0.015,992.0,508.0,42.3,1.0,31.18,400.0,0.7071,-0.7071,0.0,1.0
2024-03-01 09:01:00,medium_office,23.86,24.52,46.1,0.241,1017.0,446.0,44.5,1.0,31.46,396.5,0.704,-0.7102,0.0,1.0
2024-03-01 09:02:00,medium_office,24.18,23.66,47.3,0.055,980.0,487.0,42.1,1.0,29.89,393.0,0.7009,-0.7133,0.0,1.0
2024-03-01 09:03:00,medium_office,24.04,24.01,49.6,0.462,1028.0,495.0,45.6,1.0,30.12,389.5,0.6978,-0.7163,0.0,1.0
2024-03-01 09:04:00,medium_office,24.01,24.62,50.7,0.136,1022.0,499.0,40.1,1.0,29.01,386.0,0.6947,-0.7193,0.0,1.0
2024-03-01 09:05:00,medium_office,24.03,24.39,46.1,0.344,1013.0,512.0,45.5,1.0,29.78,382.6,0.6915,-0.7224,0.0,1.0
2024-03-01 09:06:00,medium_office,24.13,23.3,46.6,0.145,969.0,490.0,44.2,1.0,31.98,379.1,0.6884,-0.7254,0.0,1.0
2024-03-01 09:07:00,medium_office,23.75,24.87,51.9,0.101,977.0,480.0,45.5,1.0,30.77,375.6,0.6852,-0.7284,0.0,1.0
2024-03-01 09:08:00,medium_office,24.26,24.42,47.7,0.125,1051.0,537.0,40.0,1.0,28.94,372.1,0.682,-0.7314,0.0,1.0
2024-03-01 09:09:00,medium_office,24.24,24.03,51.1,0.053,977.0,490.0,47.0,1.0,31.58,368.6,0.6788,-0.7343,0.0,1.0
2024-03-01 09:10:00,medium_office,24.14,24.75,47.9,0.098,1019.0,543.0,44.1,1.0,30.3,365.1,0.6756,-0.7373,0.0,1.0
2024-03-01 09:11:00,medium_office,24.18,24.07,47.9,0.019,972.0,490.0,45.7,1.0,30.71,361.7,0.6724,-0.7402,0.0,1.0
2024-03-01 09:12:00,medium_office,24.1,24.06,46.8,0.113,1030.0,500.0,39.4,1.0,30.34,358.2,0.6691,-0.7431,0.0,1.0
2024-03-01 09:13:00,medium_office,24.61,24.48,49.2,0.19,979.0,496.0,41.3,1.0,30.23,354.7,0.6659,-0.7461,0.0,1.0
2024-03-01 09:14:00,medium_office,23.96,25.04,50.0,0.16,971.0,507.0,43.8,1.0,27.78,351.3,0.6626,-0.749,0.0,1.0
2024-03-01 09:15:00,medium_office,23.89,24.97,45.2,0.056,979.0,487.0,49.1,1.0,30.85,347.8,0.6593,-0.7518,0.0,1.0
2024-03-01 09:16:00,medium_office,23.74,24.46,46.5,0.022,983.0,503.0,46.6,1.0,27.46,344.3,0.6561,-0.7547,0.0,1.0
2024-03-01 09:17:00,medium_office,23.65,24.49,49.0,0.181,1012.0,546.0,45.4,1.0,30.69,340.9,0.6528,-0.7576,0.0,1.0
2024-03-01 09:18:00,medium_office,23.58,24.62,46.9,0.324,1002.0,531.0,42.2,1.0,29.74,337.4,0.6494,-0.7604,0.0,1.0
2024-03-01 09:19:00,medium_office,23.67,23.79,46.1,0.017,967.0,532.0,41.7,1.0,30.44,334.0,0.6461,-0.7632,0.0,1.0
2024-03-01 09:20:00,medium_office,23.91,24.54,49.0,0.046,999.0,460.0,45.8,1.0,29.73,330.5,0.6428,-0.766,0.0,1.0
2024-03-01 09:21:00,medium_office,24.02,23.99,49.2,0.09,966.0,465.0,47.1,1.0,30.58,327.1,0.6394,-0.7688,0.0,1.0
2024-03-01 09:22:00,medium_office,23.92,24.4,46.0,0.262,1019.0,507.0,45.6,1.0,29.52,323.7,0.6361,-0.7716,0.0,1.0
2024-03-01 09:23:00,medium_office,23.67,24.17,47.3,0.102,1025.0,523.0,50.1,1.0,29.75,320.3,0.6327,-0.7744,0.0,1.0
2024-03-01 09:24:00,medium_office,24.16,24.46,44.4,0.152,999.0,484.0,43.0,1.0,29.84,316.8,0.6293,-0.7771,0.0,1.0
2024-03-01 09:25:00,medium_office,24.1,24.3,45.0,0.026,1008.0,479.0,45.5,1.0,31.28,313.4,0.6259,-0.7799,0.0,1.0
2024-03-01 09:26:00,medium_office,23.82,23.02,47.0,0.033,1053.0,542.0,39.9,1.0,29.97,310.0,0.6225,-0.7826,0.0,1.0
2024-03-01 09:27:00,medium_office,23.66,24.31,46.8,0.219,995.0,521.0,45.6,1.0,28.02,306.6,0.6191,-0.7853,0.0,1.0
2024-03-01 09:28:00,medium_office,24.01,24.49,44.8,0.24,972.0,532.0,49.4,1.0,28.74,303.2,0.6157,-0.788,0.0,1.0
2024-03-01 09:29:00,medium_office,23.89,24.4,45.2,0.048,1017.0,487.0,41.9,1.0,29.86,299.8,0.6122,-0.7907,0.0,1.0
2024-03-01 09:30:00,medium_office,23.39,24.18,44.5,0.373,966.0,484.0,47.5,1.0,30.49,296.5,0.6088,-0.7934,0.0,1.0
2024-03-01 09:31:00,medium_office,23.8,24.87,47.5,0.006,994.0,528.0,49.3,1.0,28.47,293.1,0.6053,-0.796,0.0,1.0
2024-03-01 09:32:00,medium_office,23.88,24.33,42.6,0.046,982.0,492.0,42.9,1.0,31.4,289.7,0.6018,-0.7986,0.0,1.0
2024-03-01 09:33:00,medium_office,23.53,24.37,44.5,0.039,979.0,482.0,46.4,1.0,29.3,286.4,0.5983,-0.8013,0.0,1.0
2024-03-01 09:34:00,medium_office,23.84,24.61,42.7,0.025,992.0,473.0,49.7,1.0,29.51,283.1,0.5948,-0.8039,0.0,1.0
2024-03-01 09:35:00,medium_office,23.34,24.33,47.2,0.008,1027.0,485.0,45.7,1.0,27.8,279.7,0.5913,-0.8064,0.0,1.0
2024-03-01 09:36:00,medium_office,24.16,23.82,42.8,0.232,1033.0,526.0,47.4,1.0,30.14,276.4,0.5878,-0.809,0.0,1.0
2024-03-01 09:37:00,medium_office,24.13,23.19,46.4,0.172,1028.0,455.0,39.7,1.0,28.54,273.1,0.5842,-0.8116,0.0,1.0
2024-03-01 09:38:00,medium_office,23.67,23.97,49.6,0.088,1010.0,519.0,46.8,1.0,28.21,269.8,0.5807,-0.8141,0.0,1.0
2024-03-01 09:39:00,medium_office,23.84,24.46,49.6,0.131,992.0,479.0,46.6,1.0,28.6,266.5,0.5771,-0.8166,0.0,1.0
2024-03-01 09:40:00,medium_office,23.0,24.01,42.6,0.089,929.0,494.0,41.0,1.0,30.27,263.2,0.5736,-0.8192,0.0,1.0
2024-03-01 09:41:00,medium_office,23.36,24.46,46.8,0.215,1011.0,496.0,42.1,1.0,29.32,259.9,0.57,-0.8216,0.0,1.0
2024-03-01 09:42:00,medium_office,23.61,24.19,44.1,0.025,932.0,493.0,46.8,1.0,27.93,256.7,0.5664,-0.8241,0.0,1.0
2024-03-01 09:43:00,medium_office,23.37,24.64,43.7,0.006,942.0,491.0,44.1,1.0,28.25,253.4,0.5628,-0.8266,0.0,1.0
2024-03-01 09:44:00,medium_office,23.89,24.0,45.8,0.364,995.0,487.0,48.3,1.0,30.16,250.2,0.5592,-0.829,0.0,1.0
2024-03-01 09:45:00,medium_office,24.27,24.3,48.5,0.082,1008.0,483.0,45.9,1.0,28.48,246.9,0.5556,-0.8315,0.0,1.0
2024-03-01 09:46:00,medium_office,23.3,24.31,47.2,0.454,986.0,540.0,45.2,1.0,29.24,243.7,0.5519,-0.8339,0.0,1.0
2024-03-01 09:47:00,medium_office,23.39,24.7,44.5,0.653,1046.0,501.0,44.5,1.0,29.45,240.5,0.5483,-0.8363,0.0,1.0
2024-03-01 09:48:00,medium_office,23.7,23.41,47.3,0.445,1014.0,496.0,45.9,1.0,25.19,237.3,0.5446,-0.8387,0.0,1.0
2024-03-01 09:49:00,medium_office,24.11,23.9,41.4,0.144,993.0,481.0,47.4,1.0,29.84,234.1,0.541,-0.841,0.0,1.0
2024-03-01 09:50:00,medium_office,23.25,24.41,44.3,0.013,1042.0,488.0,46.6,1.0,27.69,231.0,0.5373,-0.8434,0.0,1.0
2024-03-01 09:51:00,medium_office,23.68,24.69,44.1,0.759,1047.0,481.0,43.7,1.0,28.14,227.8,0.5336,-0.8457,0.0,1.0
2024-03-01 09:52:00,medium_office,24.14,24.16,45.9,0.124,1015.0,523.0,48.7,1.0,30.01,224.7,0.5299,-0.848,0.0,1.0
2024-03-01 09:53:00,medium_office,23.08,23.94,45.3,0.054,977.0,477.0,47.0,1.0,29.88,221.5,0.5262,-0.8504,0.0,1.0
2024-03-01 09:54:00,medium_office,23.18,24.35,45.4,0.189,983.0,433.0,46.2,1.0,28.89,218.4,0.5225,-0.8526,0.0,1.0
2024-03-01 09:55:00,medium_office,23.43,24.39,45.3,0.055,957.0,502.0,45.3,1.0,29.09,215.3,0.5188,-0.8549,0.0,1.0
2024-03-01 09:56:00,medium_office,23.39,23.89,45.6,0.046,999.0,492.0,46.5,1.0,29.31,212.2,0.515,-0.8572,0.0,1.0
2024-03-01 09:57:00,medium_office,23.78,24.15,46.6,0.223,968.0,482.0,39.5,1.0,29.72,209.1,0.5113,-0.8594,0.0,1.0
2024-03-01 09:58:00,medium_office,23.6,24.49,45.8,0.029,990.0,527.0,45.7,1.0,29.82,206.1,0.5075,-0.8616,0.0,1.0
2024-03-01 09:59:00,medium_office,22.98,24.76,44.9,0.161,1008.0,418.0,49.9,1.0,28.33,203.0,0.5038,-0.8638,0.0,1.0
2024-03-01 10:00:00,medium_office,23.65,24.3,46.2,0.122,940.0,547.0,45.7,1.0,27.45,200.0,0.5,-0.866,0.0,1.0
2024-03-01 10:01:00,medium_office,23.32,24.01,47.0,0.156,962.0,532.0,45.3,1.0,27.9,197.0,0.4962,-0.8682,0.0,1.0
2024-03-01 10:02:00,medium_office,23.86,23.96,44.2,0.187,985.0,481.0,43.2,1.0,28.25,194.0,0.4924,-0.8704,0.0,1.0
2024-03-01 10:03:00,medium_office,23.28,24.2,45.2,0.043,998.0,486.0,46.5,1.0,28.03,191.0,0.4886,-0.8725,0.0,1.0
2024-03-01 10:04:00,medium_office,23.26,23.92,47.6,0.266,985.0,515.0,44.4,1.0,27.04,188.0,0.4848,-0.8746,0.0,1.0
2024-03-01 10:05:00,medium_office,23.61,24.04,43.0,0.231,992.0,516.0,48.9,1.0,28.45,185.1,0.481,-0.8767,0.0,1.0
2024-03-01 10:06:00,medium_office,23.66,23.53,48.8,0.042,979.0,481.0,42.4,1.0,26.41,182.1,0.4772,-0.8788,0.0,1.0
2024-03-01 10:07:00,medium_office,23.55,24.47,42.5,0.411,957.0,451.0,43.6,1.0,28.03,179.2,0.4733,-0.8809,0.0,1.0
2024-03-01 10:08:00,medium_office,22.9,23.48,44.4,0.393,984.0,563.0,43.2,1.0,28.06,176.3,0.4695,-0.8829,0.0,1.0
2024-03-01 10:09:00,medium_office,23.56,23.76,43.2,0.597,994.0,529.0,50.5,1.0,27.99,173.4,0.4656,-0.885,0.0,1.0
2024-03-01 10:10:00,medium_office,23.07,23.96,49.4,0.119,991.0,505.0,44.4,1.0,28.69,170.6,0.4617,-0.887,0.0,1.0
2024-03-01 10:11:00,medium_office,23.44,24.71,44.0,0.006,1003.0,505.0,43.4,1.0,28.52,167.7,0.4579,-0.889,0.0,1.0
2024-03-01 10:12:00,medium_office,22.93,23.74,44.0,0.239,1013.0,519.0,38.7,1.0,29.99,164.9,0.454,-0.891,0.0,1.0
2024-03-01 10:13:00,medium_office,23.48,23.63,44.2,0.263,1020.0,522.0,42.3,1.0,27.22,162.1,0.4501,-0.893,0.0,1.0
2024-03-01 10:14:00,medium_office,23.1,23.67,45.1,0.039,981.0,437.0,46.6,1.0,27.98,159.3,0.4462,-0.8949,0.0,1.0
2024-03-01 10:15:00,medium_office,22.94,24.55,44.2,0.083,953.0,489.0,46.6,1.0,27.88,156.5,0.4423,-0.8969,0.0,1.0
2024-03-01 10:16:00,medium_office,23.53,22.75,44.5,0.018,1038.0,486.0,43.0,1.0,27.8,153.7,0.4384,-0.8988,0.0,1.0
2024-03-01 10:17:00,medium_office,23.38,23.47,37.7,0.064,1012.0,495.0,43.2,1.0,26.33,151.0,0.4344,-0.9007,0.0,1.0
2024-03-01 10:18:00,medium_office,23.11,24.95,44.8,0.197,971.0,523.0,50.6,1.0,26.38,148.3,0.4305,-0.9026,0.0,1.0
2024-03-01 10:19:00,medium_office,23.72,24.09,44.7,0.256,1008.0,446.0,53.1,1.0,27.53,145.6,0.4266,-0.9045,0.0,1.0
2024-03-01 10:20:00,medium_office,23.14,23.4,46.7,0.039,1032.0,460.0,48.4,1.0,25.92,142.9,0.4226,-0.9063,0.0,1.0
2024-03-01 10:21:00,medium_office,23.27,23.82,47.2,0.336,1052.0,480.0,49.7,1.0,27.12,140.2,0.4187,-0.9081,0.0,1.0
2024-03-01 10:22:00,medium_office,23.32,23.86,44.2,0.111,1008.0,505.0,50.3,1.0,26.77,137.6,0.4147,-0.91,0.0,1.0
2024-03-01 10:23:00,medium_office,23.05,24.16,46.2,0.259,1032.0,525.0,51.6,1.0,27.09,135.0,0.4107,-0.9118,0.0,1.0
2024-03-01 10:24:00,medium_office,23.36,24.55,42.3,0.066,964.0,549.0,44.1,1.0,28.48,132.3,0.4067,-0.9135,0.0,1.0
2024-03-01 10:25:00,medium_office,23.05,23.96,46.0,0.018,999.0,491.0,42.4,1.0,26.24,129.8,0.4027,-0.9153,0.0,1.0
2024-03-01 10:26:00,medium_office,23.07,23.58,43.3,0.234,990.0,525.0,50.5,1.0,28.15,127.2,0.3987,-0.9171,0.0,1.0
2024-03-01 10:27:00,medium_office,23.59,24.1,42.0,0.03,1010.0,521.0,42.1,1.0,26.68,124.7,0.3947,-0.9188,0.0,1.0
2024-03-01 10:28:00,medium_office,22.86,23.5,44.0,0.1,1048.0,516.0,41.9,1.0,26.77,122.1,0.3907,-0.9205,0.0,1.0
2024-03-01 10:29:00,medium_office,22.44,23.36,47.1,0.002,1007.0,499.0,42.0,1.0,27.64,119.6,0.3867,-0.9222,0.0,1.0
2024-03-01 10:30:00,medium_office,23.63,23.06,44.7,0.039,972.0,488.0,44.6,1.0,26.87,117.2,0.3827,-0.9239,0.0,1.0
2024-03-01 10:31:00,medium_office,23.9,23.13,47.3,0.257,962.0,468.0,39.0,1.0,26.22,114.7,0.3786,-0.9255,0.0,1.0
2024-03-01 10:32:00,medium_office,23.0,23.39,42.7,0.068,1049.0,466.0,40.7,1.0,26.7,112.3,0.3746,-0.9272,0.0,1.0
2024-03-01 10:33:00,medium_office,22.53,23.27,46.3,0.243,1015.0,510.0,43.1,1.0,25.26,109.9,0.3706,-0.9288,0.0,1.0
2024-03-01 10:34:00,medium_office,23.01,23.86,42.8,0.243,1013.0,498.0,41.4,1.0,27.39,107.5,0.3665,-0.9304,0.0,1.0
2024-03-01 10:35:00,medium_office,23.0,23.25,44.6,0.244,990.0,488.0,48.2,1.0,23.87,105.1,0.3624,-0.932,0.0,1.0
2024-03-01 10:36:00,medium_office,23.02,22.46,44.5,0.183,1008.0,520.0,45.0,1.0,27.82,102.7,0.3584,-0.9336,0.0,1.0
2024-03-01 10:37:00,medium_office,22.73,23.29,45.4,0.031,970.0,494.0,46.7,1.0,27.52,100.4,0.3543,-0.9351,0.0,1.0
2024-03-01 10:38:00,medium_office,23.22,23.51,44.5,0.114,1012.0,473.0,46.4,1.0,28.47,98.1,0.3502,-0.9367,0.0,1.0
2024-03-01 10:39:00,medium_office,23.2,23.45,42.5,0.181,965.0,492.0,44.4,1.0,29.01,95.8,0.3461,-0.9382,0.0,1.0
2024-03-01 10:40:00,medium_office,22.58,24.29,45.7,0.321,989.0,525.0,48.0,1.0,27.73,93.6,0.342,-0.9397,0.0,1.0
2024-03-01 10:41:00,medium_office,23.22,23.43,47.4,0.224,981.0,469.0,46.4,1.0,26.14,91.4,0.3379,-0.9412,0.0,1.0
2024-03-01 10:42:00,medium_office,23.62,24.02,42.7,0.241,902.0,506.0,44.0,1.0,28.9,89.1,0.3338,-0.9426,0.0,1.0
2024-03-01 10:43:00,medium_office,23.04,23.65,40.2,0.207,990.0,498.0,39.9,1.0,25.5,87.0,0.3297,-0.9441,0.0,1.0
2024-03-01 10:44:00,medium_office,22.88,23.63,44.8,0.034,973.0,477.0,46.6,1.0,24.76,84.8,0.3256,-0.9455,0.0,1.0
2024-03-01 10:45:00,medium_office,22.92,23.31,43.1,0.065,994.0,491.0,41.2,1.0,28.48,82.7,0.3214,-0.9469,0.0,1.0
2024-03-01 10:46:00,medium_office,23.14,23.61,43.5,0.095,1000.0,453.0,46.1,1.0,27.19,80.5,0.3173,-0.9483,0.0,1.0
2024-03-01 10:47:00,medium_office,22.42,23.32,44.8,0.104,1053.0,503.0,45.2,1.0,24.68,78.5,0.3132,-0.9497,0.0,1.0
2024-03-01 10:48:00,medium_office,22.98,23.69,42.8,0.099,1009.0,459.0,40.9,1.0,25.17,76.4,0.309,-0.9511,0.0,1.0
2024-03-01 10:49:00,medium_office,22.8,23.52,43.1,0.039,1010.0,532.0,45.8,1.0,27.04,74.4,0.3049,-0.9524,0.0,1.0
2024-03-01 10:50:00,medium_office,23.46,23.22,43.4,0.277,1015.0,497.0,45.6,1.0,25.58,72.3,0.3007,-0.9537,0.0,1.0
2024-03-01 10:51:00,medium_office,22.84,23.99,46.5,0.06,1026.0,483.0,45.6,1.0,25.69,70.3,0.2965,-0.955,0.0,1.0
2024-03-01 10:52:00,medium_office,23.38,23.76,43.6,0.046,1014.0,535.0,45.4,1.0,28.35,68.4,0.2924,-0.9563,0.0,1.0
2024-03-01 10:53:00,medium_office,22.53,23.4,41.0,0.051,1008.0,469.0,43.0,1.0,28.5,66.4,0.2882,-0.9576,0.0,1.0
2024-03-01 10:54:00,medium_office,23.03,23.63,41.1,0.178,1021.0,478.0,46.8,1.0,26.46,64.5,0.284,-0.9588,0.0,1.0
2024-03-01 10:55:00,medium_office,22.94,23.53,43.7,0.159,927.0,445.0,42.9,1.0,26.13,62.6,0.2798,-0.96,0.0,1.0
2024-03-01 10:56:00,medium_office,22.57,23.2,41.1,0.083,1063.0,539.0,41.8,1.0,27.15,60.8,0.2756,-0.9613,0.0,1.0
2024-03-01 10:57:00,medium_office,22.87,23.57,40.2,0.205,1048.0,556.0,47.0,1.0,25.65,58.9,0.2714,-0.9625,0.0,1.0
2024-03-01 10:58:00,medium_office,23.17,23.29,44.6,0.077,1007.0,450.0,47.8,1.0,23.95,57.1,0.2672,-0.9636,0.0,1.0
2024-03-01 10:59:00,medium_office,22.69,23.15,44.7,0.335,958.0,476.0,46.8,1.0,23.38,55.3,0.263,-0.9648,0.0,1.0
2024-03-01 11:00:00,medium_office,22.27,22.87,42.5,0.518,1036.0,502.0,44.4,1.0,26.04,53.6,0.2588,-0.9659,0.0,1.0
2024-03-01 11:01:00,medium_office,22.76,23.37,43.8,0.051,979.0,485.0,39.2,1.0,26.96,51.9,0.2546,-0.967,0.0,1.0
2024-03-01 11:02:00,medium_office,22.48,23.73,43.6,0.176,1016.0,499.0,49.4,1.0,26.06,50.2,0.2504,-0.9681,0.0,1.0
2024-03-01 11:03:00,medium_office,22.64,23.21,44.4,0.322,962.0,496.0,39.1,1.0,26.82,48.5,0.2462,-0.9692,0.0,1.0
2024-03-01 11:04:00,medium_office,22.7,24.49,44.4,0.097,1067.0,512.0,46.8,1.0,26.89,46.8,0.2419,-0.9703,0.0,1.0
2024-03-01 11:05:00,medium_office,22.2,23.83,37.9,0.23,957.0,471.0,51.3,1.0,27.33,45.2,0.2377,-0.9713,0.0,1.0
2024-03-01 11:06:00,medium_office,22.22,23.99,42.6,0.065,1002.0,506.0,45.4,1.0,26.1,43.6,0.2334,-0.9724,0.0,1.0
2024-03-01 11:07:00,medium_office,22.83,23.78,44.1,0.105,936.0,467.0,45.9,1.0,26.15,42.0,0.2292,-0.9734,0.0,1.0
2024-03-01 11:08:00,medium_office,22.52,24.19,42.2,0.018,999.0,488.0,46.1,1.0,25.81,40.5,0.225,-0.9744,0.0,1.0
2024-03-01 11:09:00,medium_office,21.89,23.13,43.1,0.033,987.0,448.0,45.6,1.0,25.55,39.0,0.2207,-0.9753,0.0,1.0
2024-03-01 11:10:00,medium_office,22.88,22.41,44.5,0.123,1034.0,488.0,52.1,1.0,24.2,37.5,0.2164,-0.9763,0.0,1.0
2024-03-01 11:11:00,medium_office,22.72,23.25,43.1,0.012,987.0,483.0,42.5,1.0,26.91,36.0,0.2122,-0.9772,0.0,1.0
2024-03-01 11:12:00,medium_office,22.41,23.64,45.9,0.046,1034.0,528.0,42.1,1.0,25.32,34.6,0.2079,-0.9781,0.0,1.0
2024-03-01 11:13:00,medium_office,22.22,23.47,45.1,0.09,969.0,498.0,44.0,1.0,25.23,33.2,0.2036,-0.979,0.0,1.0
2024-03-01 11:14:00,medium_office,22.85,23.51,42.6,0.266,992.0,504.0,50.2,1.0,25.1,31.8,0.1994,-0.9799,0.0,1.0
2024-03-01 11:15:00,medium_office,22.69,23.92,42.4,0.009,992.0,499.0,43.3,1.0,24.27,30.4,0.1951,-0.9808,0.0,1.0
2024-03-01 11:16:00,medium_office,23.29,23.53,37.1,0.002,1015.0,436.0,46.3,1.0,25.49,29.1,0.1908,-0.9816,0.0,1.0
2024-03-01 11:17:00,medium_office,22.69,23.69,42.1,0.416,1011.0,440.0,48.2,1.0,26.06,27.8,0.1865,-0.9825,0.0,1.0
2024-03-01 11:18:00,medium_office,22.66,22.99,40.0,0.146,1022.0,490.0,47.3,1.0,24.8,26.6,0.1822,-0.9833,0.0,1.0
2024-03-01 11:19:00,medium_office,22.48,22.92,43.1,0.087,1008.0,508.0,48.1,1.0,26.51,25.3,0.1779,-0.984,0.0,1.0
2024-03-01 11:20:00,medium_office,22.77,23.99,43.0,0.087,1020.0,493.0,49.3,1.0,25.07,24.1,0.1736,-0.9848,0.0,1.0
2024-03-01 11:21:00,medium_office,22.7,23.38,44.0,0.06,973.0,474.0,45.9,1.0,23.88,22.9,0.1693,-0.9856,0.0,1.0
2024-03-01 11:22:00,medium_office,22.87,23.08,45.4,0.031,1012.0,493.0,43.6,1.0,26.75,21.8,0.165,-0.9863,0.0,1.0
2024-03-01 11:23:00,medium_office,22.33,23.07,42.5,0.252,1048.0,490.0,45.4,1.0,25.54,20.7,0.1607,-0.987,0.0,1.0
2024-03-01 11:24:00,medium_office,22.34,23.05,47.1,0.402,950.0,523.0,44.0,1.0,26.17,19.6,0.1564,-0.9877,0.0,1.0
2024-03-01 11:25:00,medium_office,22.31,23.02,43.0,0.142,1015.0,522.0,52.6,1.0,26.16,18.5,0.1521,-0.9884,0.0,1.0
2024-03-01 11:26:00,medium_office,22.68,22.78,39.9,0.359,1020.0,483.0,43.4,1.0,24.3,17.5,0.1478,-0.989,0.0,1.0
2024-03-01 11:27:00,medium_office,22.88,22.69,41.3,0.099,1044.0,499.0,46.4,1.0,24.69,16.5,0.1435,-0.9897,0.0,1.0
2024-03-01 11:28:00,medium_office,22.28,23.2,41.7,0.016,1022.0,508.0,40.5,1.0,26.21,15.5,0.1392,-0.9903,0.0,1.0
2024-03-01 11:29:00,medium_office,22.28,23.03,43.6,0.277,1003.0,513.0,45.4,1.0,26.98,14.5,0.1349,-0.9909,0.0,1.0
2024-03-01 11:30:00,medium_office,22.49,23.7,40.5,0.014,1013.0,550.0,44.1,1.0,25.18,13.6,0.1305,-0.9914,0.0,1.0
2024-03-01 11:31:00,medium_office,22.3,23.37,41.7,0.178,978.0,499.0,47.0,1.0,24.45,12.7,0.1262,-0.992,0.0,1.0
2024-03-01 11:32:00,medium_office,22.65,23.35,42.0,0.124,988.0,535.0,47.1,1.0,26.73,11.9,0.1219,-0.9925,0.0,1.0
2024-03-01 11:33:00,medium_office,21.68,22.94,41.4,0.047,960.0,465.0,49.3,1.0,24.39,11.1,0.1175,-0.9931,0.0,1.0
2024-03-01 11:34:00,medium_office,22.09,23.18,43.9,0.091,1045.0,481.0,49.0,1.0,25.31,10.3,0.1132,-0.9936,0.0,1.0
2024-03-01 11:35:00,medium_office,22.09,23.36,43.5,0.609,1014.0,436.0,44.8,1.0,24.52,9.5,0.1089,-0.9941,0.0,1.0
2024-03-01 11:36:00,medium_office,21.62,23.5,44.5,0.156,973.0,505.0,42.2,1.0,25.19,8.7,0.1045,-0.9945,0.0,1.0
2024-03-01 11:37:00,medium_office,22.01,23.16,41.5,0.296,1008.0,519.0,42.5,1.0,23.94,8.0,0.1002,-0.995,0.0,1.0
2024-03-01 11:38:00,medium_office,22.01,23.62,44.5,0.037,1035.0,423.0,45.9,1.0,24.48,7.3,0.0958,-0.9954,0.0,1.0
2024-03-01 11:39:00,medium_office,22.21,23.19,39.4,0.192,1030.0,506.0,45.5,1.0,24.2,6.7,0.0915,-0.9958,0.0,1.0
2024-03-01 11:40:00,medium_office,22.6,23.49,39.3,0.122,972.0,518.0,45.8,1.0,25.45,6.1,0.0872,-0.9962,0.0,1.0
2024-03-01 11:41:00,medium_office,22.17,22.97,39.6,0.022,906.0,516.0,43.4,1.0,24.92,5.5,0.0828,-0.9966,0.0,1.0
2024-03-01 11:42:00,medium_office,21.93,22.43,42.1,0.074,1012.0,464.0,49.3,1.0,25.61,4.9,0.0785,-0.9969,0.0,1.0
2024-03-01 11:43:00,medium_office,22.21,23.26,44.4,0.469,973.0,523.0,40.6,1.0,23.87,4.4,0.0741,-0.9973,0.0,1.0
2024-03-01 11:44:00,medium_office,22.52,23.43,40.8,0.116,1019.0,500.0,43.2,1.0,24.46,3.9,0.0698,-0.9976,0.0,1.0
2024-03-01 11:45:00,medium_office,21.9,23.36,41.0,0.244,1029.0,518.0,41.8,1.0,25.26,3.4,0.0654,-0.9979,0.0,1.0
2024-03-01 11:46:00,medium_office,21.91,23.29,41.5,0.036,1033.0,496.0,44.4,1.0,25.46,3.0,0.061,-0.9981,0.0,1.0
2024-03-01 11:47:00,medium_office,22.34,22.97,43.1,0.25,1052.0,511.0,48.7,1.0,23.12,2.6,0.0567,-0.9984,0.0,1.0
2024-03-01 11:48:00,medium_office,22.09,22.78,40.9,0.135,1037.0,533.0,44.1,1.0,24.86,2.2,0.0523,-0.9986,0.0,1.0
2024-03-01 11:49:00,medium_office,22.34,23.32,40.8,0.318,1052.0,494.0,45.3,1.0,23.69,1.8,0.048,-0.9988,0.0,1.0
2024-03-01 11:50:00,medium_office,22.13,23.26,39.1,0.063,1041.0,509.0,47.0,1.0,25.38,1.5,0.0436,-0.999,0.0,1.0
2024-03-01 11:51:00,medium_office,22.33,22.85,40.7,0.097,1044.0,537.0,44.0,1.0,26.3,1.2,0.0393,-0.9992,0.0,1.0
2024-03-01 11:52:00,medium_office,21.79,23.51,44.1,0.296,999.0,496.0,46.1,1.0,21.8,1.0,0.0349,-0.9994,0.0,1.0
2024-03-01 11:53:00,medium_office,22.09,22.71,41.9,0.184,961.0,466.0,45.8,1.0,23.72,0.7,0.0305,-0.9995,0.0,1.0
2024-03-01 11:54:00,medium_office,22.02,22.82,40.2,0.077,1074.0,520.0,41.6,1.0,24.61,0.5,0.0262,-0.9997,0.0,1.0
2024-03-01 11:55:00,medium_office,21.7,23.7,44.2,0.02,1002.0,543.0,43.6,1.0,24.31,0.4,0.0218,-0.9998,0.0,1.0
2024-03-01 11:56:00,medium_office,21.58,23.38,40.5,0.021,1037.0,539.0,46.1,1.0,25.23,0.2,0.0175,-0.9998,0.0,1.0
2024-03-01 11:57:00,medium_office,22.24,22.88,44.5,0.635,983.0,521.0,48.8,1.0,24.34,0.1,0.0131,-0.9999,0.0,1.0
2024-03-01 11:58:00,medium_office,21.92,23.13,44.4,0.094,1029.0,430.0,48.8,1.0,23.7,0.1,0.0087,-1.0,0.0,1.0
2024-03-01 11:59:00,medium_office,21.71,23.07,41.7,0.091,927.0,481.0,51.3,1.0,23.17,0.0,0.0044,-1.0,0.0,1.0
2024-03-01 12:00:00,medium_office,21.97,21.9,38.6,0.109,988.0,482.0,46.5,1.0,22.98,0.0,0.0,-1.0,0.0,1.0
2024-03-01 12:01:00,medium_office,22.33,22.63,46.1,0.733,997.0,501.0,43.8,1.0,23.39,0.0,-0.0044,-1.0,0.0,1.0
2024-03-01 12:02:00,medium_office,21.29,22.96,42.3,0.052,1014.0,551.0,44.8,1.0,23.54,0.1,-0.0087,-1.0,0.0,1.0
2024-03-01 12:03:00,medium_office,21.51,22.83,40.9,0.125,1032.0,468.0,44.7,1.0,24.46,0.1,-0.0131,-0.9999,0.0,1.0
2024-03-01 12:04:00,medium_office,21.67,23.06,43.4,0.031,967.0,567.0,43.8,1.0,23.89,0.2,-0.0175,-0.9998,0.0,1.0
2024-03-01 12:05:00,medium_office,22.37,23.41,42.9,0.047,1020.0,489.0,46.1,1.0,23.36,0.4,-0.0218,-0.9998,0.0,1.0
2024-03-01 12:06:00,medium_office,22.01,22.82,44.1,0.007,1037.0,477.0,46.3,1.0,22.97,0.5,-0.0262,-0.9997,0.0,1.0
2024-03-01 12:07:00,medium_office,22.14,22.52,40.1,0.047,1070.0,525.0,41.5,1.0,23.25,0.7,-0.0305,-0.9995,0.0,1.0
2024-03-01 12:08:00,medium_office,21.55,23.06,42.0,0.103,1021.0,528.0,48.3,1.0,23.36,1.0,-0.0349,-0.9994,0.0,1.0
2024-03-01 12:09:00,medium_office,21.55,22.79,39.0,0.043,986.0,519.0,39.5,1.0,23.14,1.2,-0.0393,-0.9992,0.0,1.0
2024-03-01 12:10:00,medium_office,22.0,22.85,42.7,0.146,962.0,477.0,44.3,1.0,24.54,1.5,-0.0436,-0.999,0.0,1.0
2024-03-01 12:11:00,medium_office,21.87,22.79,41.3,0.001,1055.0,515.0,48.4,1.0,25.2,1.8,-0.048,-0.9988,0.0,1.0
2024-03-01 12:12:00,medium_office,22.01,23.79,41.9,0.065,1022.0,469.0,46.8,1.0,22.63,2.2,-0.0523,-0.9986,0.0,1.0
2024-03-01 12:13:00,medium_office,21.77,21.99,41.0,0.022,999.0,476.0,43.9,1.0,24.89,2.6,-0.0567,-0.9984,0.0,1.0
2024-03-01 12:14:00,medium_office,21.9,22.72,40.8,0.044,951.0,497.0,50.9,1.0,24.44,3.0,-0.061,-0.9981,0.0,1.0
2024-03-01 12:15:00,medium_office,21.85,22.87,39.5,0.0,972.0,475.0,43.7,1.0,23.89,3.4,-0.0654,-0.9979,0.0,1.0
2024-03-01 12:16:00,medium_office,22.02,22.55,42.8,0.069,1019.0,532.0,39.0,1.0,25.21,3.9,-0.0698,-0.9976,0.0,1.0
2024-03-01 12:17:00,medium_office,22.02,23.21,44.2,0.184,1011.0,483.0,46.4,1.0,23.48,4.4,-0.0741,-0.9973,0.0,1.0
2024-03-01 12:18:00,medium_office,21.28,23.17,40.1,0.071,942.0,493.0,39.7,1.0,24.03,4.9,-0.0785,-0.9969,0.0,1.0
2024-03-01 12:19:00,medium_office,21.08,22.82,42.3,0.022,1019.0,474.0,42.5,1.0,23.72,5.5,-0.0828,-0.9966,0.0,1.0
2024-03-01 12:20:00,medium_office,22.04,22.72,42.0,0.228,953.0,531.0,46.9,1.0,23.62,6.1,-0.0872,-0.9962,0.0,1.0
2024-03-01 12:21:00,medium_office,22.08,22.77,41.1,0.158,1041.0,480.0,43.6,1.0,24.0,6.7,-0.0915,-0.9958,0.0,1.0
2024-03-01 12:22:00,medium_office,21.41,22.77,38.1,0.177,1006.0,534.0,46.7,1.0,23.56,7.3,-0.0958,-0.9954,0.0,1.0
2024-03-01 12:23:00,medium_office,21.14,22.77,38.5,0.008,986.0,532.0,41.5,1.0,23.95,8.0,-0.1002,-0.995,0.0,1.0
2024-03-01 12:24:00,medium_office,21.72,22.72,39.5,0.146,1030.0,487.0,47.6,1.0,22.78,8.7,-0.1045,-0.9945,0.0,1.0
2024-03-01 12:25:00,medium_office,21.95,22.88,36.8,0.079,1011.0,501.0,39.9,1.0,22.78,9.5,-0.1089,-0.9941,0.0,1.0
2024-03-01 12:26:00,medium_office,22.2,23.07,43.8,0.174,1040.0,486.0,49.0,1.0,22.72,10.3,-0.1132,-0.9936,0.0,1.0
2024-03-01 12:27:00,medium_office,21.8,22.27,41.7,0.419,1002.0,516.0,43.6,1.0,23.0,11.1,-0.1175,-0.9931,0.0,1.0
2024-03-01 12:28:00,medium_office,21.52,22.34,40.9,0.17,1004.0,494.0,49.6,1.0,24.35,11.9,-0.1219,-0.9925,0.0,1.0
2024-03-01 12:29:00,medium_office,21.35,22.05,36.6,0.063,991.0,487.0,42.5,1.0,22.85,12.7,-0.1262,-0.992,0.0,1.0
2024-03-01 12:30:00,medium_office,21.61,23.09,37.3,0.018,1008.0,501.0,50.8,1.0,23.93,13.6,-0.1305,-0.9914,0.0,1.0
2024-03-01 12:31:00,medium_office,21.51,22.83,40.9,0.093,1051.0,453.0,42.1,1.0,23.52,14.5,-0.1349,-0.9909,0.0,1.0
2024-03-01 12:32:00,medium_office,21.28,22.92,44.9,0.014,985.0,498.0,39.6,1.0,22.78,15.5,-0.1392,-0.9903,0.0,1.0
2024-03-01 12:33:00,medium_office,22.18,22.14,39.5,0.109,1019.0,519.0,45.1,1.0,24.51,16.5,-0.1435,-0.9897,0.0,1.0
2024-03-01 12:34:00,medium_office,22.09,23.42,42.6,0.031,974.0,504.0,48.7,1.0,23.91,17.5,-0.1478,-0.989,0.0,1.0
2024-03-01 12:35:00,medium_office,21.88,22.45,39.9,0.031,938.0,529.0,47.4,1.0,23.14,18.5,-0.1521,-0.9884,0.0,1.0
2024-03-01 12:36:00,medium_office,21.25,22.75,41.0,0.027,1006.0,489.0,48.5,1.0,23.03,19.6,-0.1564,-0.9877,0.0,1.0
2024-03-01 12:37:00,medium_office,21.77,23.02,43.3,0.252,1011.0,486.0,47.4,1.0,23.18,20.7,-0.1607,-0.987,0.0,1.0
2024-03-01 12:38:00,medium_office,21.7,22.28,40.1,0.233,997.0,466.0,42.5,1.0,21.53,21.8,-0.165,-0.9863,0.0,1.0
2024-03-01 12:39:00,medium_office,21.62,22.44,39.4,0.11,955.0,488.0,47.3,1.0,22.21,22.9,-0.1693,-0.9856,0.0,1.0
2024-03-01 12:40:00,medium_office,21.85,22.72,43.6,0.116,1009.0,559.0,45.3,1.0,23.47,24.1,-0.1736,-0.9848,0.0,1.0
2024-03-01 12:41:00,medium_office,21.66,23.79,40.8,0.561,1008.0,508.0,42.9,1.0,21.39,25.3,-0.1779,-0.984,0.0,1.0
2024-03-01 12:42:00,medium_office,21.68,22.76,42.9,0.289,973.0,482.0,45.5,1.0,22.2,26.6,-0.1822,-0.9833,0.0,1.0
2024-03-01 12:43:00,medium_office,21.63,23.27,39.4,0.348,959.0,470.0,44.8,1.0,22.53,27.8,-0.1865,-0.9825,0.0,1.0
2024-03-01 12:44:00,medium_office,21.53,23.1,43.5,0.147,992.0,452.0,49.2,1.0,25.8,29.1,-0.1908,-0.9816,0.0,1.0
2024-03-01 12:45:00,medium_office,20.88,22.76,41.2,0.0,1020.0,475.0,43.5,1.0,23.54,30.4,-0.1951,-0.9808,0.0,1.0
2024-03-01 12:46:00,medium_office,21.43,22.21,41.5,0.205,1012.0,523.0,43.3,1.0,23.94,31.8,-0.1994,-0.9799,0.0,1.0
2024-03-01 12:47:00,medium_office,21.22,23.02,40.9,0.087,974.0,487.0,42.9,1.0,22.01,33.2,-0.2036,-0.979,0.0,1.0
2024-03-01 12:48:00,medium_office,20.99,21.98,39.6,0.012,1004.0,471.0,50.7,1.0,23.15,34.6,-0.2079,-0.9781,0.0,1.0
2024-03-01 12:49:00,medium_office,21.87,23.22,40.6,0.079,1027.0,475.0,43.1,1.0,21.0,36.0,-0.2122,-0.9772,0.0,1.0
2024-03-01 12:50:00,medium_office,21.87,22.65,39.7,0.243,965.0,519.0,48.9,1.0,22.41,37.5,-0.2164,-0.9763,0.0,1.0
2024-03-01 12:51:00,medium_office,21.75,21.5,42.5,0.043,1002.0,498.0,41.9,1.0,23.22,39.0,-0.2207,-0.9753,0.0,1.0
2024-03-01 12:52:00,medium_office,21.4,22.41,40.2,0.019,1040.0,481.0,46.5,1.0,21.27,40.5,-0.225,-0.9744,0.0,1.0
2024-03-01 12:53:00,medium_office,21.72,22.8,37.6,0.019,962.0,491.0,45.8,1.0,23.05,42.0,-0.2292,-0.9734,0.0,1.0
2024-03-01 12:54:00,medium_office,21.3,22.44,37.2,0.008,1035.0,566.0,48.7,1.0,23.11,43.6,-0.2334,-0.9724,0.0,1.0
2024-03-01 12:55:00,medium_office,21.35,22.81,37.1,0.328,1049.0,537.0,48.3,1.0,22.0,45.2,-0.2377,-0.9713,0.0,1.0
2024-03-01 12:56:00,medium_office,20.95,22.18,41.8,0.215,993.0,544.0,45.2,1.0,21.75,46.8,-0.2419,-0.9703,0.0,1.0
2024-03-01 12:57:00,medium_office,21.38,21.99,38.2,0.438,990.0,447.0,43.4,1.0,21.84,48.5,-0.2462,-0.9692,0.0,1.0
2024-03-01 12:58:00,medium_office,21.27,22.47,41.1,0.224,1031.0,495.0,49.9,1.0,22.18,50.2,-0.2504,-0.9681,0.0,1.0
2024-03-01 12:59:00,medium_office,20.85,22.5,40.8,0.167,994.0,481.0,43.1,1.0,22.19,51.9,-0.2546,-0.967,0.0,1.0
2024-03-01 13:00:00,medium_office,21.21,22.34,40.3,0.074,929.0,516.0,38.2,1.0,22.99,53.6,-0.2588,-0.9659,0.0,1.0
2024-03-01 13:01:00,medium_office,21.19,22.96,41.3,0.068,997.0,532.0,39.4,1.0,21.92,55.3,-0.263,-0.9648,0.0,1.0
2024-03-01 13:02:00,medium_office,21.74,22.13,40.8,0.116,1014.0,510.0,40.2,1.0,24.03,57.1,-0.2672,-0.9636,0.0,1.0
2024-03-01 13:03:00,medium_office,21.45,22.58,35.0,0.201,1022.0,474.0,46.8,1.0,24.0,58.9,-0.2714,-0.9625,0.0,1.0
2024-03-01 13:04:00,medium_office,21.18,22.48,39.8,0.035,974.0,480.0,51.6,1.0,22.61,60.8,-0.2756,-0.9613,0.0,1.0
2024-03-01 13:05:00,medium_office,21.24,21.82,41.3,0.152,992.0,519.0,38.9,1.0,22.01,62.6,-0.2798,-0.96,0.0,1.0
2024-03-01 13:06:00,medium_office,21.16,21.9,43.7,0.061,1029.0,522.0,42.7,1.0,21.8,64.5,-0.284,-0.9588,0.0,1.0
2024-03-01 13:07:00,medium_office,21.07,22.43,43.8,0.269,998.0,504.0,45.3,1.0,22.62,66.4,-0.2882,-0.9576,0.0,1.0
2024-03-01 13:08:00,medium_office,20.8,23.21,37.6,0.075,954.0,504.0,49.6,1.0,22.77,68.4,-0.2924,-0.9563,0.0,1.0
2024-03-01 13:09:00,medium_office,21.07,22.64,39.7,0.082,1037.0,502.0,42.6,1.0,22.05,70.3,-0.2965,-0.955,0.0,1.0
2024-03-01 13:10:00,medium_office,20.87,21.71,37.2,0.17,994.0,508.0,46.8,1.0,21.84,72.3,-0.3007,-0.9537,0.0,1.0
2024-03-01 13:11:00,medium_office,20.71,21.15,43.4,0.139,1033.0,521.0,44.2,1.0,22.56,74.4,-0.3049,-0.9524,0.0,1.0
2024-03-01 13:12:00,medium_office,21.23,22.68,42.4,0.153,958.0,519.0,52.8,1.0,22.25,76.4,-0.309,-0.9511,0.0,1.0
2024-03-01 13:13:00,medium_office,21.18,22.34,41.0,0.018,996.0,501.0,45.4,1.0,21.59,78.5,-0.3132,-0.9497,0.0,1.0
2024-03-01 13:14:00,medium_office,20.51,22.82,40.6,0.124,1015.0,499.0,46.1,1.0,22.25,80.5,-0.3173,-0.9483,0.0,1.0
2024-03-01 13:15:00,medium_office,21.0,22.0,43.1,0.012,997.0,497.0,45.3,1.0,21.51,82.7,-0.3214,-0.9469,0.0,1.0
2024-03-01 13:16:00,medium_office,21.32,22.49,42.7,0.041,965.0,477.0,43.8,1.0,21.34,84.8,-0.3256,-0.9455,0.0,1.0
2024-03-01 13:17:00,medium_office,21.33,22.68,42.6,0.054,928.0,476.0,47.8,1.0,22.06,87.0,-0.3297,-0.9441,0.0,1.0
2024-03-01 13:18:00,medium_office,21.31,22.15,41.2,0.048,1046.0,516.0,41.5,1.0,21.47,89.1,-0.3338,-0.9426,0.0,1.0
2024-03-01 13:19:00,medium_office,21.0,22.15,39.6,0.01,1007.0,479.0,39.0,1.0,21.28,91.4,-0.3379,-0.9412,0.0,1.0
2024-03-01 13:20:00,medium_office,20.72,22.33,41.8,0.071,1035.0,524.0,44.5,1.0,23.04,93.6,-0.342,-0.9397,0.0,1.0
2024-03-01 13:21:00,medium_office,20.64,22.52,41.9,0.09,1028.0,498.0,47.4,1.0,21.58,95.8,-0.3461,-0.9382,0.0,1.0
2024-03-01 13:22:00,medium_office,21.05,22.29,39.8,0.27,1018.0,525.0,43.3,1.0,23.79,98.1,-0.3502,-0.9367,0.0,1.0
2024-03-01 13:23:00,medium_office,21.05,22.68,39.5,0.258,990.0,519.0,45.6,1.0,22.55,100.4,-0.3543,-0.9351,0.0,1.0
2024-03-01 13:24:00,medium_office,21.31,22.1,42.5,0.399,1015.0,525.0,41.3,1.0,21.08,102.7,-0.3584,-0.9336,0.0,1.0
2024-03-01 13:25:00,medium_office,21.24,21.74,43.5,0.407,1043.0,486.0,48.2,1.0,23.04,105.1,-0.3624,-0.932,0.0,1.0
2024-03-01 13:26:00,medium_office,20.86,23.06,38.7,0.165,1002.0,512.0,47.0,1.0,21.14,107.5,-0.3665,-0.9304,0.0,1.0
2024-03-01 13:27:00,medium_office,20.52,22.02,39.7,0.558,1057.0,522.0,45.1,1.0,23.81,109.9,-0.3706,-0.9288,0.0,1.0
2024-03-01 13:28:00,medium_office,20.78,22.02,40.9,0.052,955.0,453.0,45.5,1.0,22.04,112.3,-0.3746,-0.9272,0.0,1.0
2024-03-01 13:29:00,medium_office,20.93,22.22,41.1,0.057,952.0,551.0,40.8,1.0,22.33,114.7,-0.3786,-0.9255,0.0,1.0
2024-03-01 13:30:00,medium_office,20.79,22.26,39.1,0.022,1030.0,568.0,41.0,1.0,21.8,117.2,-0.3827,-0.9239,0.0,1.0
2024-03-01 13:31:00,medium_office,20.67,22.07,43.9,0.006,975.0,528.0,44.6,1.0,22.01,119.6,-0.3867,-0.9222,0.0,1.0
2024-03-01 13:32:00,medium_office,20.9,22.21,41.0,0.012,1061.0,524.0,46.5,1.0,21.5,122.1,-0.3907,-0.9205,0.0,1.0
2024-03-01 13:33:00,medium_office,20.66,22.19,41.2,0.016,1040.0,518.0,46.7,1.0,20.78,124.7,-0.3947,-0.9188,0.0,1.0
2024-03-01 13:34:00,medium_office,20.62,22.27,43.6,0.535,1048.0,490.0,43.9,1.0,22.02,127.2,-0.3987,-0.9171,0.0,1.0
2024-03-01 13:35:00,medium_office,20.89,21.25,39.2,0.11,1027.0,497.0,47.2,1.0,22.69,129.8,-0.4027,-0.9153,0.0,1.0
2024-03-01 13:36:00,medium_office,20.66,22.94,39.9,0.044,972.0,529.0,49.3,1.0,20.45,132.3,-0.4067,-0.9135,0.0,1.0
2024-03-01 13:37:00,medium_office,20.84,22.12,37.6,0.053,950.0,471.0,44.7,1.0,23.16,135.0,-0.4107,-0.9118,0.0,1.0
2024-03-01 13:38:00,medium_office,20.84,22.4,39.8,0.027,1045.0,468.0,45.9,1.0,22.2,137.6,-0.4147,-0.91,0.0,1.0
2024-03-01 13:39:00,medium_office,20.4,21.61,37.1,0.085,955.0,488.0,44.4,1.0,21.14,140.2,-0.4187,-0.9081,0.0,1.0
2024-03-01 13:40:00,medium_office,20.59,21.97,41.6,0.074,1048.0,520.0,44.6,1.0,21.1,142.9,-0.4226,-0.9063,0.0,1.0
2024-03-01 13:41:00,medium_office,21.15,21.88,40.9,0.327,1020.0,474.0,45.5,1.0,23.4,145.6,-0.4266,-0.9045,0.0,1.0
2024-03-01 13:42:00,medium_office,20.36,22.73,39.5,0.564,998.0,493.0,50.1,1.0,22.45,148.3,-0.4305,-0.9026,0.0,1.0
2024-03-01 13:43:00,medium_office,20.06,21.9,39.9,0.046,1013.0,497.0,47.7,1.0,22.64,151.0,-0.4344,-0.9007,0.0,1.0
2024-03-01 13:44:00,medium_office,20.13,22.43,41.6,0.223,1014.0,470.0,47.5,1.0,21.22,153.7,-0.4384,-0.8988,0.0,1.0
2024-03-01 13:45:00,medium_office,20.68,21.86,37.8,0.132,994.0,427.0,43.6,1.0,22.01,156.5,-0.4423,-0.8969,0.0,1.0
2024-03-01 13:46:00,medium_office,20.67,21.93,40.5,0.16,1043.0,469.0,42.3,1.0,21.78,159.3,-0.4462,-0.8949,0.0,1.0
2024-03-01 13:47:00,medium_office,20.61,22.0,41.5,0.08,1042.0,508.0,46.2,1.0,21.24,162.1,-0.4501,-0.893,0.0,1.0
2024-03-01 13:48:00,medium_office,21.0,22.61,36.5,0.284,1005.0,515.0,48.7,1.0,21.5,164.9,-0.454,-0.891,0.0,1.0
2024-03-01 13:49:00,medium_office,19.82,21.33,41.4,0.237,982.0,515.0,50.2,1.0,22.49,167.7,-0.4579,-0.889,0.0,1.0
2024-03-01 13:50:00,medium_office,20.73,21.55,36.7,0.135,1039.0,518.0,37.6,1.0,22.96,170.6,-0.4617,-0.887,0.0,1.0
2024-03-01 13:51:00,medium_office,21.07,21.29,39.8,0.124,939.0,481.0,52.3,1.0,21.09,173.4,-0.4656,-0.885,0.0,1.0
2024-03-01 13:52:00,medium_office,20.25,21.63,37.7,0.02,1013.0,475.0,46.3,1.0,20.0,176.3,-0.4695,-0.8829,0.0,1.0
2024-03-01 13:53:00,medium_office,20.47,21.73,42.9,0.041,1022.0,511.0,47.7,1.0,22.94,179.2,-0.4733,-0.8809,0.0,1.0
2024-03-01 13:54:00,medium_office,20.34,21.4,37.7,0.042,975.0,494.0,39.8,1.0,22.94,182.1,-0.4772,-0.8788,0.0,1.0
2024-03-01 13:55:00,medium_office,20.29,21.74,36.7,0.007,1029.0,527.0,44.3,1.0,21.66,185.1,-0.481,-0.8767,0.0,1.0
2024-03-01 13:56:00,medium_office,20.45,21.22,40.3,0.069,999.0,511.0,47.5,1.0,23.03,188.0,-0.4848,-0.8746,0.0,1.0
2024-03-01 13:57:00,medium_office,20.96,21.62,39.2,0.128,984.0,539.0,41.5,1.0,21.55,191.0,-0.4886,-0.8725,0.0,1.0
2024-03-01 13:58:00,medium_office,21.07,22.5,37.0,0.235,1029.0,486.0,36.3,1.0,20.3,194.0,-0.4924,-0.8704,0.0,1.0
2024-03-01 13:59:00,medium_office,20.41,22.17,41.1,0.002,967.0,532.0,46.0,1.0,19.87,197.0,-0.4962,-0.8682,0.0,1.0
2024-03-01 14:00:00,medium_office,21.07,22.07,36.0,0.109,1026.0,561.0,44.9,1.0,19.85,200.0,-0.5,-0.866,0.0,1.0
2024-03-01 14:01:00,medium_office,20.5,21.59,37.9,0.393,941.0,502.0,49.3,1.0,21.15,203.0,-0.5038,-0.8638,0.0,1.0
2024-03-01 14:02:00,medium_office,21.0,21.37,38.9,0.055,1009.0,515.0,44.5,1.0,20.67,206.1,-0.5075,-0.8616,0.0,1.0
2024-03-01 14:03:00,medium_office,20.44,21.52,41.6,0.015,1001.0,472.0,44.7,1.0,20.54,209.1,-0.5113,-0.8594,0.0,1.0
2024-03-01 14:04:00,medium_office,20.49,21.95,42.6,0.217,984.0,527.0,47.1,1.0,20.99,212.2,-0.515,-0.8572,0.0,1.0
2024-03-01 14:05:00,medium_office,20.55,22.31,42.2,0.078,1012.0,534.0,48.1,1.0,21.94,215.3,-0.5188,-0.8549,0.0,1.0
2024-03-01 14:06:00,medium_office,21.39,22.32,39.7,0.153,998.0,485.0,42.9,1.0,20.51,218.4,-0.5225,-0.8526,0.0,1.0
2024-03-01 14:07:00,medium_office,20.68,22.2,35.1,0.055,1032.0,518.0,47.8,1.0,20.33,221.5,-0.5262,-0.8504,0.0,1.0
2024-03-01 14:08:00,medium_office,20.2,21.65,40.8,0.115,1017.0,508.0,43.4,1.0,20.55,224.7,-0.5299,-0.848,0.0,1.0
2024-03-01 14:09:00,medium_office,20.69,21.94,42.9,0.44,1014.0,512.0,45.0,1.0,21.93,227.8,-0.5336,-0.8457,0.0,1.0
2024-03-01 14:10:00,medium_office,20.28,21.8,42.5,0.06,1009.0,524.0,47.0,1.0,20.92,231.0,-0.5373,-0.8434,0.0,1.0
2024-03-01 14:11:00,medium_office,20.23,21.84,40.9,0.206,986.0,516.0,47.5,1.0,21.26,234.1,-0.541,-0.841,0.0,1.0
2024-03-01 14:12:00,medium_office,20.64,22.73,37.6,0.143,991.0,496.0,46.0,1.0,22.51,237.3,-0.5446,-0.8387,0.0,1.0
2024-03-01 14:13:00,medium_office,20.36,21.2,38.9,0.247,1007.0,525.0,41.8,1.0,23.79,240.5,-0.5483,-0.8363,0.0,1.0
2024-03-01 14:14:00,medium_office,20.43,21.8,43.9,0.238,995.0,533.0,39.4,1.0,21.57,243.7,-0.5519,-0.8339,0.0,1.0
2024-03-01 14:15:00,medium_office,20.34,22.37,37.2,0.13,1033.0,483.0,44.4,1.0,21.45,246.9,-0.5556,-0.8315,0.0,1.0
2024-03-01 14:16:00,medium_office,20.42,21.3,37.7,0.392,1003.0,500.0,47.9,1.0,19.71,250.2,-0.5592,-0.829,0.0,1.0
2024-03-01 14:17:00,medium_office,20.44,21.62,41.9,0.006,1011.0,447.0,46.3,1.0,21.25,253.4,-0.5628,-0.8266,0.0,1.0
2024-03-01 14:18:00,medium_office,19.72,21.66,39.1,0.012,958.0,518.0,45.7,1.0,20.92,256.7,-0.5664,-0.8241,0.0,1.0
2024-03-01 14:19:00,medium_office,20.49,21.77,37.6,0.015,1028.0,537.0,45.0,1.0,21.74,259.9,-0.57,-0.8216,0.0,1.0
2024-03-01 14:20:00,medium_office,19.98,21.21,43.1,0.13,983.0,492.0,45.9,1.0,20.44,263.2,-0.5736,-0.8192,0.0,1.0
2024-03-01 14:21:00,medium_office,19.84,22.08,40.9,0.02,969.0,504.0,42.0,1.0,21.02,266.5,-0.5771,-0.8166,0.0,1.0
2024-03-01 14:22:00,medium_office,20.24,22.11,39.2,0.11,1049.0,493.0,47.3,1.0,21.41,269.8,-0.5807,-0.8141,0.0,1.0
2024-03-01 14:23:00,medium_office,20.27,22.03,37.7,0.138,1021.0,488.0,47.5,1.0,22.68,273.1,-0.5842,-0.8116,0.0,1.0
2024-03-01 14:24:00,medium_office,20.03,21.48,44.1,0.126,1029.0,507.0,43.9,1.0,22.33,276.4,-0.5878,-0.809,0.0,1.0
2024-03-01 14:25:00,medium_office,20.48,21.85,40.0,0.074,1014.0,476.0,46.3,1.0,22.02,279.7,-0.5913,-0.8064,0.0,1.0
2024-03-01 14:26:00,medium_office,19.81,21.45,42.8,0.115,997.0,493.0,39.9,1.0,21.47,283.1,-0.5948,-0.8039,0.0,1.0
2024-03-01 14:27:00,medium_office,20.08,21.67,41.8,0.169,992.0,473.0,45.5,1.0,20.29,286.4,-0.5983,-0.8013,0.0,1.0
2024-03-01 14:28:00,medium_office,20.02,22.66,39.0,0.299,1023.0,518.0,44.6,1.0,21.44,289.7,-0.6018,-0.7986,0.0,1.0
2024-03-01 14:29:00,medium_office,20.17,21.83,39.0,0.021,1034.0,507.0,48.8,1.0,19.93,293.1,-0.6053,-0.796,0.0,1.0
2024-03-01 14:30:00,medium_office,20.26,21.31,42.9,0.26,998.0,487.0,44.4,1.0,20.48,296.5,-0.6088,-0.7934,0.0,1.0
2024-03-01 14:31:00,medium_office,19.86,21.85,43.0,0.119,1062.0,501.0,47.6,1.0,22.45,299.8,-0.6122,-0.7907,0.0,1.0
2024-03-01 14:32:00,medium_office,20.37,21.23,36.3,0.015,994.0,493.0,43.8,1.0,21.19,303.2,-0.6157,-0.788,0.0,1.0
2024-03-01 14:33:00,medium_office,20.16,21.28,41.1,0.08,958.0,534.0,38.1,1.0,20.87,306.6,-0.6191,-0.7853,0.0,1.0
2024-03-01 14:34:00,medium_office,19.56,21.34,39.8,0.09,948.0,487.0,44.3,1.0,20.98,310.0,-0.6225,-0.7826,0.0,1.0
2024-03-01 14:35:00,medium_office,19.53,21.57,38.0,0.108,949.0,519.0,45.6,1.0,20.52,313.4,-0.6259,-0.7799,0.0,1.0
2024-03-01 14:36:00,medium_office,20.11,22.12,40.6,0.112,988.0,479.0,45.5,1.0,18.45,316.8,-0.6293,-0.7771,0.0,1.0
2024-03-01 14:37:00,medium_office,20.04,21.97,37.4,0.387,993.0,524.0,45.5,1.0,19.32,320.3,-0.6327,-0.7744,0.0,1.0
2024-03-01 14:38:00,medium_office,20.06,21.94,39.1,0.103,1020.0,531.0,43.5,1.0,21.19,323.7,-0.6361,-0.7716,0.0,1.0
2024-03-01 14:39:00,medium_office,20.07,21.28,38.5,0.123,999.0,533.0,44.0,1.0,19.64,327.1,-0.6394,-0.7688,0.0,1.0
2024-03-01 14:40:00,medium_office,20.14,21.5,39.1,0.023,1025.0,544.0,41.6,1.0,20.44,330.5,-0.6428,-0.766,0.0,1.0
2024-03-01 14:41:00,medium_office,20.35,21.82,39.9,0.097,1001.0,509.0,39.0,1.0,19.31,334.0,-0.6461,-0.7632,0.0,1.0
2024-03-01 14:42:00,medium_office,19.72,21.45,38.1,0.3,1000.0,537.0,44.7,1.0,19.81,337.4,-0.6494,-0.7604,0.0,1.0
2024-03-01 14:43:00,medium_office,19.69,21.58,43.2,0.118,983.0,549.0,42.8,1.0,20.51,340.9,-0.6528,-0.7576,0.0,1.0
2024-03-01 14:44:00,medium_office,19.7,21.86,41.1,0.059,1043.0,466.0,48.2,1.0,21.42,344.3,-0.6561,-0.7547,0.0,1.0
2024-03-01 14:45:00,medium_office,20.11,21.54,43.7,0.028,954.0,482.0,38.5,1.0,21.61,347.8,-0.6593,-0.7518,0.0,1.0
2024-03-01 14:46:00,medium_office,20.39,21.77,39.8,0.052,1009.0,455.0,45.9,1.0,19.74,351.3,-0.6626,-0.749,0.0,1.0
2024-03-01 14:47:00,medium_office,19.87,22.31,39.0,0.056,995.0,532.0,51.4,1.0,20.77,354.7,-0.6659,-0.7461,0.0,1.0
2024-03-01 14:48:00,medium_office,19.24,21.59,43.6,0.019,1023.0,455.0,44.5,1.0,19.03,358.2,-0.6691,-0.7431,0.0,1.0
2024-03-01 14:49:00,medium_office,19.47,22.13,39.0,0.576,999.0,447.0,45.0,1.0,20.5,361.7,-0.6724,-0.7402,0.0,1.0
2024-03-01 14:50:00,medium_office,19.72,21.87,39.8,0.063,1000.0,467.0,46.3,1.0,21.38,365.1,-0.6756,-0.7373,0.0,1.0
2024-03-01 14:51:00,medium_office,19.8,21.06,41.6,0.034,992.0,448.0,46.5,1.0,20.35,368.6,-0.6788,-0.7343,0.0,1.0
2024-03-01 14:52:00,medium_office,19.83,21.2,37.7,0.06,1042.0,508.0,43.8,1.0,21.72,372.1,-0.682,-0.7314,0.0,1.0
2024-03-01 14:53:00,medium_office,19.96,21.3,41.6,0.031,1000.0,467.0,42.0,1.0,21.23,375.6,-0.6852,-0.7284,0.0,1.0
2024-03-01 14:54:00,medium_office,19.84,21.28,41.3,0.242,1059.0,449.0,47.0,1.0,20.63,379.1,-0.6884,-0.7254,0.0,1.0
2024-03-01 14:55:00,medium_office,20.24,21.58,42.7,0.072,1008.0,499.0,39.3,1.0,20.12,382.6,-0.6915,-0.7224,0.0,1.0
2024-03-01 14:56:00,medium_office,19.71,21.86,42.0,0.001,1001.0,501.0,47.5,1.0,19.83,386.0,-0.6947,-0.7193,0.0,1.0
2024-03-01 14:57:00,medium_office,19.65,22.11,42.8,0.084,996.0,444.0,43.8,1.0,18.9,389.5,-0.6978,-0.7163,0.0,1.0
2024-03-01 14:58:00,medium_office,20.04,21.72,40.0,0.168,1017.0,479.0,45.0,1.0,19.05,393.0,-0.7009,-0.7133,0.0,1.0
2024-03-01 14:59:00,medium_office,19.43,21.41,38.5,0.0,982.0,498.0,43.4,1.0,21.33,396.5,-0.704,-0.7102,0.0,1.0
2024-03-01 15:00:00,medium_office,20.0,20.75,44.4,0.069,1004.0,489.0,49.3,1.0,21.84,400.0,-0.7071,-0.7071,0.0,1.0
2024-03-01 15:01:00,medium_office,19.9,21.61,37.2,0.161,1000.0,490.0,45.7,1.0,19.23,403.5,-0.7102,-0.704,0.0,1.0
2024-03-01 15:02:00,medium_office,19.82,21.58,37.4,0.02,1010.0,535.0,44.0,1.0,20.37,407.0,-0.7133,-0.7009,0.0,1.0
2024-03-01 15:03:00,medium_office,20.33,21.64,41.4,0.043,1011.0,564.0,44.0,1.0,18.72,410.5,-0.7163,-0.6978,0.0,1.0
2024-03-01 15:04:00,medium_office,19.66,22.4,43.5,0.137,1012.0,491.0,44.6,1.0,19.31,414.0,-0.7193,-0.6947,0.0,1.0
2024-03-01 15:05:00,medium_office,20.45,22.05,40.7,0.562,1003.0,460.0,52.2,1.0,20.54,417.4,-0.7224,-0.6915,0.0,1.0
2024-03-01 15:06:00,medium_office,19.76,21.86,42.3,0.054,1047.0,493.0,41.0,1.0,19.75,420.9,-0.7254,-0.6884,0.0,1.0
2024-03-01 15:07:00,medium_office,19.43,21.16,36.3,0.337,1013.0,506.0,48.2,1.0,18.34,424.4,-0.7284,-0.6852,0.0,1.0
2024-03-01 15:08:00,medium_office,19.83,21.33,39.3,0.305,1078.0,498.0,46.7,1.0,21.97,427.9,-0.7314,-0.682,0.0,1.0
2024-03-01 15:09:00,medium_office,19.47,21.49,36.6,0.084,1001.0,518.0,49.6,1.0,20.19,431.4,-0.7343,-0.6788,0.0,1.0
2024-03-01 15:10:00,medium_office,19.56,21.22,41.9,0.085,1029.0,566.0,46.9,1.0,19.13,434.9,-0.7373,-0.6756,0.0,1.0
2024-03-01 15:11:00,medium_office,19.9,21.72,37.2,0.015,978.0,449.0,45.0,1.0,20.35,438.3,-0.7402,-0.6724,0.0,1.0
2024-03-01 15:12:00,medium_office,19.94,21.66,37.8,0.026,1042.0,485.0,48.1,1.0,20.14,441.8,-0.7431,-0.6691,0.0,1.0
2024-03-01 15:13:00,medium_office,19.58,21.07,41.4,0.01,979.0,546.0,45.7,1.0,20.63,445.3,-0.7461,-0.6659,0.0,1.0
2024-03-01 15:14:00,medium_office,20.05,21.98,42.5,0.609,1014.0,484.0,47.3,1.0,19.86,448.7,-0.749,-0.6626,0.0,1.0
2024-03-01 15:15:00,medium_office,20.09,21.54,40.1,0.202,992.0,524.0,49.3,1.0,20.51,452.2,-0.7518,-0.6593,0.0,1.0
2024-03-01 15:16:00,medium_office,20.17,20.8,41.5,0.064,1014.0,519.0,45.3,1.0,21.13,455.7,-0.7547,-0.6561,0.0,1.0
2024-03-01 15:17:00,medium_office,19.89,21.46,41.5,0.064,993.0,537.0,43.7,1.0,18.86,459.1,-0.7576,-0.6528,0.0,1.0
2024-03-01 15:18:00,medium_office,20.13,21.59,40.0,0.157,976.0,557.0,43.1,1.0,19.48,462.6,-0.7604,-0.6494,0.0,1.0
2024-03-01 15:19:00,medium_office,19.15,21.86,38.2,0.474,992.0,510.0,46.4,1.0,21.0,466.0,-0.7632,-0.6461,0.0,1.0
2024-03-01 15:20:00,medium_office,19.61,21.33,41.6,0.124,1046.0,448.0,42.4,1.0,19.61,469.5,-0.766,-0.6428,0.0,1.0
2024-03-01 15:21:00,medium_office,19.43,21.79,41.7,0.053,1014.0,479.0,44.0,1.0,20.07,472.9,-0.7688,-0.6394,0.0,1.0
2024-03-01 15:22:00,medium_office,19.72,21.53,42.3,0.186,961.0,566.0,42.1,1.0,19.67,476.3,-0.7716,-0.6361,0.0,1.0
2024-03-01 15:23:00,medium_office,19.51,20.93,41.1,0.058,1033.0,458.0,46.5,1.0,19.73,479.7,-0.7744,-0.6327,0.0,1.0
2024-03-01 15:24:00,medium_office,19.62,20.88,38.2,0.462,973.0,515.0,42.7,1.0,19.64,483.2,-0.7771,-0.6293,0.0,1.0
2024-03-01 15:25:00,medium_office,20.22,21.89,41.9,0.072,1022.0,425.0,41.1,1.0,18.87,486.6,-0.7799,-0.6259,0.0,1.0
2024-03-01 15:26:00,medium_office,19.6,21.91,40.5,0.021,1017.0,459.0,41.7,1.0,20.58,490.0,-0.7826,-0.6225,0.0,1.0
2024-03-01 15:27:00,medium_office,19.77,21.56,39.6,0.104,1018.0,527.0,43.3,1.0,21.17,493.4,-0.7853,-0.6191,0.0,1.0
2024-03-01 15:28:00,medium_office,19.57,22.02,40.0,0.163,1056.0,501.0,43.6,1.0,19.93,496.8,-0.788,-0.6157,0.0,1.0
2024-03-01 15:29:00,medium_office,19.65,21.84,39.2,0.104,975.0,489.0,45.8,1.0,21.05,500.2,-0.7907,-0.6122,0.0,1.0
2024-03-01 15:30:00,medium_office,19.62,21.69,42.4,0.077,1018.0,476.0,44.5,1.0,19.6,503.5,-0.7934,-0.6088,0.0,1.0
2024-03-01 15:31:00,medium_office,19.75,21.04,37.8,0.085,1038.0,440.0,46.1,1.0,19.54,506.9,-0.796,-0.6053,0.0,1.0
2024-03-01 15:32:00,medium_office,19.95,22.1,38.6,0.101,981.0,521.0,46.4,1.0,20.5,510.3,-0.7986,-0.6018,0.0,1.0
2024-03-01 15:33:00,medium_office,20.09,21.61,40.0,0.191,978.0,492.0,47.2,1.0,20.51,513.6,-0.8013,-0.5983,0.0,1.0
2024-03-01 15:34:00,medium_office,19.68,21.24,43.9,0.005,991.0,454.0,39.3,1.0,19.96,516.9,-0.8039,-0.5948,0.0,1.0
2024-03-01 15:35:00,medium_office,19.76,21.12,42.8,0.193,1010.0,501.0,41.6,1.0,20.75,520.3,-0.8064,-0.5913,0.0,1.0
2024-03-01 15:36:00,medium_office,19.23,21.48,37.4,0.027,958.0,517.0,46.7,1.0,18.78,523.6,-0.809,-0.5878,0.0,1.0
2024-03-01 15:37:00,medium_office,19.54,20.71,43.4,0.011,1017.0,494.0,45.6,1.0,19.76,526.9,-0.8116,-0.5842,0.0,1.0
2024-03-01 15:38:00,medium_office,19.84,21.65,43.4,0.012,958.0,503.0,47.9,1.0,21.02,530.2,-0.8141,-0.5807,0.0,1.0
2024-03-01 15:39:00,medium_office,19.81,20.99,38.4,0.121,1039.0,501.0,40.4,1.0,21.02,533.5,-0.8166,-0.5771,0.0,1.0
2024-03-01 15:40:00,medium_office,19.61,21.51,35.7,0.379,1015.0,479.0,43.6,1.0,20.89,536.8,-0.8192,-0.5736,0.0,1.0
2024-03-01 15:41:00,medium_office,19.8,21.15,40.6,0.014,1057.0,502.0,44.1,1.0,21.07,540.1,-0.8216,-0.57,0.0,1.0
2024-03-01 15:42:00,medium_office,19.67,21.25,43.0,0.135,1020.0,522.0,45.5,1.0,19.67,543.3,-0.8241,-0.5664,0.0,1.0
2024-03-01 15:43:00,medium_office,19.88,21.04,44.0,0.429,991.0,531.0,45.1,1.0,18.33,546.6,-0.8266,-0.5628,0.0,1.0
2024-03-01 15:44:00,medium_office,19.6,21.28,39.1,0.26,976.0,524.0,46.4,1.0,19.78,549.8,-0.829,-0.5592,0.0,1.0
2024-03-01 15:45:00,medium_office,19.4,22.09,44.3,0.053,1007.0,480.0,44.7,1.0,20.67,553.1,-0.8315,-0.5556,0.0,1.0
2024-03-01 15:46:00,medium_office,19.6,21.89,36.4,0.241,999.0,519.0,49.1,1.0,20.83,556.3,-0.8339,-0.5519,0.0,1.0
2024-03-01 15:47:00,medium_office,18.61,21.47,40.1,0.034,1036.0,514.0,50.1,1.0,19.5,559.5,-0.8363,-0.5483,0.0,1.0
2024-03-01 15:48:00,medium_office,19.6,21.31,40.1,0.437,972.0,479.0,41.6,1.0,19.06,562.7,-0.8387,-0.5446,0.0,1.0
2024-03-01 15:49:00,medium_office,18.38,21.66,43.2,0.002,1061.0,486.0,45.1,1.0,19.15,565.9,-0.841,-0.541,0.0,1.0
2024-03-01 15:50:00,medium_office,18.95,21.77,43.5,0.1,1038.0,520.0,47.4,1.0,19.47,569.0,-0.8434,-0.5373,0.0,1.0
2024-03-01 15:51:00,medium_office,19.6,20.98,42.8,0.035,994.0,541.0,46.8,1.0,18.12,572.2,-0.8457,-0.5336,0.0,1.0
2024-03-01 15:52:00,medium_office,19.6,21.27,38.3,0.124,1054.0,446.0,43.8,1.0,19.49,575.3,-0.848,-0.5299,0.0,1.0
2024-03-01 15:53:00,medium_office,19.1,20.57,42.7,0.003,977.0,549.0,45.8,1.0,20.06,578.5,-0.8504,-0.5262,0.0,1.0
2024-03-01 15:54:00,medium_office,19.23,21.74,42.0,0.06,1006.0,535.0,40.2,1.0,19.91,581.6,-0.8526,-0.5225,0.0,1.0
2024-03-01 15:55:00,medium_office,19.85,22.12,37.7,0.18,962.0,506.0,44.9,1.0,19.68,584.7,-0.8549,-0.5188,0.0,1.0
2024-03-01 15:56:00,medium_office,19.28,21.32,36.9,0.01,1055.0,493.0,40.6,1.0,19.32,587.8,-0.8572,-0.515,0.0,1.0
2024-03-01 15:57:00,medium_office,20.09,20.43,43.1,0.792,951.0,512.0,46.5,1.0,19.43,590.9,-0.8594,-0.5113,0.0,1.0
2024-03-01 15:58:00,medium_office,19.41,21.52,40.7,0.118,957.0,481.0,41.7,1.0,19.45,593.9,-0.8616,-0.5075,0.0,1.0
2024-03-01 15:59:00,medium_office,19.53,20.91,38.5,0.01,981.0,495.0,45.5,1.0,20.71,597.0,-0.8638,-0.5038,0.0,1.0
2024-03-01 16:00:00,medium_office,19.89,21.0,40.7,0.046,1040.0,456.0,46.0,1.0,20.0,600.0,-0.866,-0.5,0.0,1.0
2024-03-01 16:01:00,medium_office,19.43,21.51,41.9,0.228,1029.0,448.0,45.2,1.0,23.17,603.0,-0.8682,-0.4962,0.0,1.0
2024-03-01 16:02:00,medium_office,19.09,21.36,41.0,0.014,1004.0,570.0,43.1,1.0,19.67,606.0,-0.8704,-0.4924,0.0,1.0
2024-03-01 16:03:00,medium_office,19.35,21.06,38.1,0.195,1031.0,502.0,44.4,1.0,20.44,609.0,-0.8725,-0.4886,0.0,1.0
2024-03-01 16:04:00,medium_office,19.37,20.99,45.0,0.153,997.0,506.0,48.5,1.0,19.69,612.0,-0.8746,-0.4848,0.0,1.0
2024-03-01 16:05:00,medium_office,18.96,21.3,43.2,0.024,1013.0,499.0,43.7,1.0,19.67,614.9,-0.8767,-0.481,0.0,1.0
2024-03-01 16:06:00,medium_office,19.29,21.08,40.6,0.292,1050.0,475.0,45.1,1.0,21.56,617.9,-0.8788,-0.4772,0.0,1.0
2024-03-01 16:07:00,medium_office,19.13,20.79,40.7,0.289,993.0,491.0,43.3,1.0,21.0,620.8,-0.8809,-0.4733,0.0,1.0
2024-03-01 16:08:00,medium_office,19.63,21.1,42.0,0.044,977.0,503.0,48.1,1.0,18.25,623.7,-0.8829,-0.4695,0.0,1.0
2024-03-01 16:09:00,medium_office,19.36,21.37,39.0,0.138,1014.0,494.0,45.2,1.0,18.98,626.6,-0.885,-0.4656,0.0,1.0
2024-03-01 16:10:00,medium_office,19.25,21.15,42.0,0.15,1022.0,477.0,42.7,1.0,19.87,629.4,-0.887,-0.4617,0.0,1.0
2024-03-01 16:11:00,medium_office,19.3,20.66,38.7,0.073,1003.0,514.0,45.0,1.0,19.49,632.3,-0.889,-0.4579,0.0,1.0
2024-03-01 16:12:00,medium_office,19.39,21.61,41.2,0.015,1030.0,506.0,44.3,1.0,18.49,635.1,-0.891,-0.454,0.0,1.0
2024-03-01 16:13:00,medium_office,19.51,20.12,39.1,0.125,994.0,512.0,49.2,1.0,20.12,637.9,-0.893,-0.4501,0.0,1.0
2024-03-01 16:14:00,medium_office,19.02,21.03,39.2,0.098,1004.0,521.0,44.9,1.0,18.13,640.7,-0.8949,-0.4462,0.0,1.0
2024-03-01 16:15:00,medium_office,19.0,20.96,44.7,0.099,1011.0,495.0,40.9,1.0,20.13,643.5,-0.8969,-0.4423,0.0,1.0
2024-03-01 16:16:00,medium_office,19.64,21.26,41.6,0.042,1009.0,495.0,46.5,1.0,20.74,646.3,-0.8988,-0.4384,0.0,1.0
2024-03-01 16:17:00,medium_office,19.17,21.42,41.9,0.0,1048.0,544.0,50.4,1.0,20.88,649.0,-0.9007,-0.4344,0.0,1.0
2024-03-01 16:18:00,medium_office,18.87,21.65,37.5,0.241,1011.0,472.0,48.6,1.0,19.87,651.7,-0.9026,-0.4305,0.0,1.0
2024-03-01 16:19:00,medium_office,19.42,20.91,40.3,0.272,991.0,444.0,41.7,1.0,21.52,654.4,-0.9045,-0.4266,0.0,1.0
2024-03-01 16:20:00,medium_office,19.42,21.42,42.5,0.187,1016.0,517.0,44.2,1.0,20.35,657.1,-0.9063,-0.4226,0.0,1.0
2024-03-01 16:21:00,medium_office,18.82,21.26,42.0,0.104,1030.0,481.0,44.9,1.0,20.86,659.8,-0.9081,-0.4187,0.0,1.0
2024-03-01 16:22:00,medium_office,19.34,20.5,37.3,0.103,1023.0,468.0,44.9,1.0,19.28,662.4,-0.91,-0.4147,0.0,1.0
2024-03-01 16:23:00,medium_office,19.49,21.94,42.0,0.073,1022.0,527.0,46.1,1.0,21.55,665.0,-0.9118,-0.4107,0.0,1.0
2024-03-01 16:24:00,medium_office,19.37,20.6,42.4,0.018,955.0,496.0,44.0,1.0,20.02,667.7,-0.9135,-0.4067,0.0,1.0
2024-03-01 16:25:00,medium_office,19.44,21.34,44.2,0.426,925.0,462.0,42.3,1.0,21.61,670.2,-0.9153,-0.4027,0.0,1.0
2024-03-01 16:26:00,medium_office,18.83,21.32,40.4,0.037,1038.0,558.0,47.9,1.0,21.39,672.8,-0.9171,-0.3987,0.0,1.0
2024-03-01 16:27:00,medium_office,19.34,21.27,37.2,0.009,1013.0,452.0,41.6,1.0,20.29,675.3,-0.9188,-0.3947,0.0,1.0
2024-03-01 16:28:00,medium_office,19.15,20.96,39.7,0.039,999.0,497.0,42.6,1.0,20.44,677.9,-0.9205,-0.3907,0.0,1.0
2024-03-01 16:29:00,medium_office,19.09,21.49,39.6,0.061,1021.0,443.0,41.6,1.0,19.86,680.4,-0.9222,-0.3867,0.0,1.0
2024-03-01 16:30:00,medium_office,19.49,20.53,43.3,0.072,1058.0,508.0,46.8,1.0,19.23,682.8,-0.9239,-0.3827,0.0,1.0
2024-03-01 16:31:00,medium_office,19.67,21.12,36.4,0.086,1042.0,481.0,45.3,1.0,20.65,685.3,-0.9255,-0.3786,0.0,1.0
2024-03-01 16:32:00,medium_office,19.76,20.92,40.9,0.229,1029.0,525.0,47.7,1.0,20.6,687.7,-0.9272,-0.3746,0.0,1.0
2024-03-01 16:33:00,medium_office,19.61,20.87,44.7,0.51,973.0,499.0,42.6,1.0,18.44,690.1,-0.9288,-0.3706,0.0,1.0
2024-03-01 16:34:00,medium_office,19.18,21.31,41.9,0.163,977.0,541.0,41.2,1.0,19.98,692.5,-0.9304,-0.3665,0.0,1.0
2024-03-01 16:35:00,medium_office,19.31,21.57,43.7,0.481,928.0,487.0,43.7,1.0,20.93,694.9,-0.932,-0.3624,0.0,1.0
2024-03-01 16:36:00,medium_office,19.43,21.0,38.7,0.036,1019.0,452.0,44.5,1.0,21.54,697.3,-0.9336,-0.3584,0.0,1.0
2024-03-01 16:37:00,medium_office,19.23,21.44,38.8,0.166,1033.0,507.0,45.6,1.0,20.8,699.6,-0.9351,-0.3543,0.0,1.0
2024-03-01 16:38:00,medium_office,19.23,21.15,44.9,0.031,1036.0,492.0,40.0,1.0,18.56,701.9,-0.9367,-0.3502,0.0,1.0
2024-03-01 16:39:00,medium_office,19.43,20.77,42.2,0.169,1020.0,445.0,46.4,1.0,19.03,704.2,-0.9382,-0.3461,0.0,1.0
2024-03-01 16:40:00,medium_office,19.16,21.02,42.3,0.02,995.0,468.0,42.3,1.0,19.74,706.4,-0.9397,-0.342,0.0,1.0
2024-03-01 16:41:00,medium_office,18.96,21.0,39.8,0.031,983.0,478.0,43.1,1.0,21.5,708.6,-0.9412,-0.3379,0.0,1.0
2024-03-01 16:42:00,medium_office,19.05,20.84,42.3,0.028,975.0,547.0,48.5,1.0,19.49,710.9,-0.9426,-0.3338,0.0,1.0
2024-03-01 16:43:00,medium_office,19.36,21.28,39.8,0.086,995.0,521.0,38.5,1.0,21.17,713.0,-0.9441,-0.3297,0.0,1.0
2024-03-01 16:44:00,medium_office,19.16,21.2,44.5,0.196,971.0,490.0,46.0,1.0,19.49,715.2,-0.9455,-0.3256,0.0,1.0
2024-03-01 16:45:00,medium_office,19.26,20.47,47.6,0.002,1053.0,514.0,46.0,1.0,20.65,717.3,-0.9469,-0.3214,0.0,1.0
2024-03-01 16:46:00,medium_office,19.36,20.44,43.2,0.314,961.0,439.0,42.5,1.0,19.19,719.5,-0.9483,-0.3173,0.0,1.0
2024-03-01 16:47:00,medium_office,19.04,21.27,41.0,0.02,994.0,483.0,43.7,1.0,19.94,721.5,-0.9497,-0.3132,0.0,1.0
2024-03-01 16:48:00,medium_office,19.37,20.77,37.2,0.152,942.0,512.0,48.7,1.0,19.01,723.6,-0.9511,-0.309,0.0,1.0
2024-03-01 16:49:00,medium_office,19.26,21.22,38.9,0.056,1009.0,505.0,50.9,1.0,21.59,725.6,-0.9524,-0.3049,0.0,1.0
2024-03-01 16:50:00,medium_office,18.77,21.4,45.4,0.011,1000.0,484.0,48.2,1.0,19.46,727.7,-0.9537,-0.3007,0.0,1.0
2024-03-01 16:51:00,medium_office,19.57,20.58,40.3,0.046,989.0,499.0,50.7,1.0,18.61,729.7,-0.955,-0.2965,0.0,1.0
2024-03-01 16:52:00,medium_office,18.98,20.52,41.6,0.021,972.0,510.0,42.9,1.0,18.54,731.6,-0.9563,-0.2924,0.0,1.0
2024-03-01 16:53:00,medium_office,18.63,21.75,43.7,0.044,1000.0,500.0,40.3,1.0,20.09,733.6,-0.9576,-0.2882,0.0,1.0
2024-03-01 16:54:00,medium_office,18.81,21.22,45.4,0.001,984.0,526.0,44.8,1.0,19.72,735.5,-0.9588,-0.284,0.0,1.0
2024-03-01 16:55:00,medium_office,18.81,20.91,42.1,0.213,996.0,510.0,47.4,1.0,20.84,737.4,-0.96,-0.2798,0.0,1.0
2024-03-01 16:56:00,medium_office,19.13,20.7,41.7,0.216,1059.0,515.0,39.4,1.0,19.96,739.2,-0.9613,-0.2756,0.0,1.0
2024-03-01 16:57:00,medium_office,19.03,20.87,42.7,0.313,1005.0,551.0,42.2,1.0,21.37,741.1,-0.9625,-0.2714,0.0,1.0
2024-03-01 16:58:00,medium_office,19.01,20.6,41.3,0.215,1016.0,525.0,42.6,1.0,19.82,742.9,-0.9636,-0.2672,0.0,1.0
2024-03-01 16:59:00,medium_office,19.29,21.42,41.4,0.621,986.0,552.0,46.1,1.0,21.24,744.7,-0.9648,-0.263,0.0,1.0
2024-03-01 17:00:00,medium_office,19.2,20.76,43.4,0.008,976.0,480.0,45.7,1.0,19.27,746.4,-0.9659,-0.2588,0.0,1.0
2024-03-01 17:01:00,medium_office,19.19,21.5,43.0,0.007,999.0,452.0,42.7,1.0,18.73,748.1,-0.967,-0.2546,0.0,1.0
2024-03-01 17:02:00,medium_office,19.22,20.9,46.9,0.018,1075.0,496.0,45.5,1.0,19.42,749.8,-0.9681,-0.2504,0.0,1.0
2024-03-01 17:03:00,medium_office,19.28,20.64,43.6,0.067,991.0,493.0,41.6,1.0,19.12,751.5,-0.9692,-0.2462,0.0,1.0
2024-03-01 17:04:00,medium_office,18.46,20.89,45.0,0.156,1011.0,544.0,43.7,1.0,19.02,753.2,-0.9703,-0.2419,0.0,1.0
2024-03-01 17:05:00,medium_office,18.98,20.01,40.6,0.011,975.0,466.0,41.2,1.0,20.68,754.8,-0.9713,-0.2377,0.0,1.0
2024-03-01 17:06:00,medium_office,18.43,21.01,43.8,0.111,917.0,498.0,44.5,1.0,20.01,756.4,-0.9724,-0.2334,0.0,1.0
2024-03-01 17:07:00,medium_office,19.09,20.99,41.4,0.255,976.0,512.0,42.6,1.0,20.43,758.0,-0.9734,-0.2292,0.0,1.0
2024-03-01 17:08:00,medium_office,19.08,21.38,43.6,0.369,1071.0,503.0,47.1,1.0,20.82,759.5,-0.9744,-0.225,0.0,1.0
2024-03-01 17:09:00,medium_office,19.39,20.29,44.3,0.046,1018.0,495.0,44.9,1.0,18.62,761.0,-0.9753,-0.2207,0.0,1.0
2024-03-01 17:10:00,medium_office,19.43,21.51,43.0,0.265,1049.0,511.0,44.3,1.0,20.89,762.5,-0.9763,-0.2164,0.0,1.0
2024-03-01 17:11:00,medium_office,19.13,21.37,47.7,0.089,990.0,532.0,50.3,1.0,19.12,764.0,-0.9772,-0.2122,0.0,1.0
2024-03-01 17:12:00,medium_office,18.92,21.54,45.8,0.017,929.0,546.0,46.1,1.0,19.76,765.4,-0.9781,-0.2079,0.0,1.0
2024-03-01 17:13:00,medium_office,19.21,21.02,45.4,0.018,967.0,501.0,43.9,1.0,18.45,766.8,-0.979,-0.2036,0.0,1.0
2024-03-01 17:14:00,medium_office,18.9,21.45,44.6,0.053,1012.0,476.0,43.2,1.0,21.01,768.2,-0.9799,-0.1994,0.0,1.0
2024-03-01 17:15:00,medium_office,19.06,20.45,46.6,0.064,1007.0,546.0,41.5,1.0,18.68,769.6,-0.9808,-0.1951,0.0,1.0
2024-03-01 17:16:00,medium_office,19.35,21.32,40.2,0.028,1000.0,468.0,44.8,1.0,19.18,770.9,-0.9816,-0.1908,0.0,1.0
2024-03-01 17:17:00,medium_office,18.89,20.73,45.9,0.107,984.0,554.0,45.9,1.0,19.26,772.2,-0.9825,-0.1865,0.0,1.0
2024-03-01 17:18:00,medium_office,19.29,20.37,41.2,0.126,1028.0,540.0,39.3,1.0,20.27,773.4,-0.9833,-0.1822,0.0,1.0
2024-03-01 17:19:00,medium_office,19.25,20.58,42.1,0.232,985.0,545.0,40.9,1.0,20.25,774.7,-0.984,-0.1779,0.0,1.0
2024-03-01 17:20:00,medium_office,18.76,21.03,44.3,0.027,1009.0,521.0,43.5,1.0,21.23,775.9,-0.9848,-0.1736,0.0,1.0
2024-03-01 17:21:00,medium_office,19.34,20.7,45.7,0.191,1006.0,437.0,41.7,1.0,20.33,777.1,-0.9856,-0.1693,0.0,1.0
2024-03-01 17:22:00,medium_office,19.25,21.18,41.0,0.096,989.0,469.0,45.1,1.0,21.41,778.2,-0.9863,-0.165,0.0,1.0
2024-03-01 17:23:00,medium_office,19.07,20.3,42.3,0.15,974.0,509.0,45.5,1.0,20.83,779.3,-0.987,-0.1607,0.0,1.0
2024-03-01 17:24:00,medium_office,18.81,20.17,43.5,0.118,987.0,480.0,44.6,1.0,19.52,780.4,-0.9877,-0.1564,0.0,1.0
2024-03-01 17:25:00,medium_office,18.78,21.57,43.0,0.139,1056.0,491.0,46.7,1.0,19.81,781.5,-0.9884,-0.1521,0.0,1.0
2024-03-01 17:26:00,medium_office,18.87,21.38,45.1,0.132,1033.0,518.0,43.2,1.0,22.0,782.5,-0.989,-0.1478,0.0,1.0
2024-03-01 17:27:00,medium_office,19.19,20.6,50.3,0.43,1031.0,495.0,44.9,1.0,21.73,783.5,-0.9897,-0.1435,0.0,1.0
2024-03-01 17:28:00,medium_office,18.74,21.02,44.3,0.069,976.0,463.0,42.0,1.0,21.34,784.5,-0.9903,-0.1392,0.0,1.0
2024-03-01 17:29:00,medium_office,19.16,21.43,42.0,0.021,957.0,527.0,45.9,1.0,21.48,785.5,-0.9909,-0.1349,0.0,1.0
2024-03-01 17:30:00,medium_office,18.65,21.18,41.0,0.018,1033.0,515.0,45.2,1.0,21.0,786.4,-0.9914,-0.1305,0.0,1.0
2024-03-01 17:31:00,medium_office,18.96,21.08,42.9,0.1,1027.0,493.0,41.4,1.0,20.89,787.3,-0.992,-0.1262,0.0,1.0
2024-03-01 17:32:00,medium_office,19.06,21.45,41.7,0.046,1004.0,521.0,44.5,1.0,20.61,788.1,-0.9925,-0.1219,0.0,1.0
2024-03-01 17:33:00,medium_office,19.75,20.72,44.6,0.054,989.0,503.0,44.9,1.0,22.28,788.9,-0.9931,-0.1175,0.0,1.0
2024-03-01 17:34:00,medium_office,18.61,21.03,44.6,0.005,956.0,540.0,45.8,1.0,20.13,789.7,-0.9936,-0.1132,0.0,1.0
2024-03-01 17:35:00,medium_office,19.46,21.0,42.8,0.088,1026.0,505.0,46.0,1.0,20.84,790.5,-0.9941,-0.1089,0.0,1.0
2024-03-01 17:36:00,medium_office,19.06,20.9,47.7,0.232,1036.0,540.0,42.8,1.0,18.91,791.3,-0.9945,-0.1045,0.0,1.0
2024-03-01 17:37:00,medium_office,19.14,20.85,42.3,0.065,980.0,444.0,47.3,1.0,19.2,792.0,-0.995,-0.1002,0.0,1.0
2024-03-01 17:38:00,medium_office,19.05,21.04,43.6,0.05,977.0,514.0,46.6,1.0,22.46,792.7,-0.9954,-0.0958,0.0,1.0
2024-03-01 17:39:00,medium_office,19.15,21.02,45.1,0.044,1037.0,488.0,42.8,1.0,21.27,793.3,-0.9958,-0.0915,0.0,1.0
2024-03-01 17:40:00,medium_office,18.97,20.59,45.7,0.066,981.0,474.0,41.6,1.0,20.46,793.9,-0.9962,-0.0872,0.0,1.0
2024-03-01 17:41:00,medium_office,19.45,21.33,46.5,0.461,1053.0,535.0,43.1,1.0,20.76,794.5,-0.9966,-0.0828,0.0,1.0
2024-03-01 17:42:00,medium_office,18.87,20.62,44.8,0.056,997.0,527.0,40.6,1.0,19.34,795.1,-0.9969,-0.0785,0.0,1.0
2024-03-01 17:43:00,medium_office,19.35,20.92,46.1,0.001,988.0,440.0,45.6,1.0,20.29,795.6,-0.9973,-0.0741,0.0,1.0
2024-03-01 17:44:00,medium_office,18.81,20.89,42.7,0.2,1001.0,521.0,48.6,1.0,19.27,796.1,-0.9976,-0.0698,0.0,1.0
2024-03-01 17:45:00,medium_office,18.99,21.15,45.9,0.002,988.0,518.0,49.3,1.0,20.45,796.6,-0.9979,-0.0654,0.0,1.0
2024-03-01 17:46:00,medium_office,18.68,20.16,45.9,0.16,1034.0,478.0,41.7,1.0,21.44,797.0,-0.9981,-0.061,0.0,1.0
2024-03-01 17:47:00,medium_office,19.14,21.36,47.2,0.153,1027.0,475.0,47.4,1.0,21.23,797.4,-0.9984,-0.0567,0.0,1.0
2024-03-01 17:48:00,medium_office,19.44,20.73,40.8,0.294,1033.0,452.0,45.3,1.0,22.38,797.8,-0.9986,-0.0523,0.0,1.0
2024-03-01 17:49:00,medium_office,18.98,21.49,42.4,0.019,1006.0,490.0,37.8,1.0,21.1,798.2,-0.9988,-0.048,0.0,1.0
2024-03-01 17:50:00,medium_office,18.94,20.81,45.9,0.072,986.0,495.0,44.0,1.0,18.34,798.5,-0.999,-0.0436,0.0,1.0
2024-03-01 17:51:00,medium_office,18.67,20.98,39.0,0.439,1000.0,524.0,43.7,1.0,22.78,798.8,-0.9992,-0.0393,0.0,1.0
2024-03-01 17:52:00,medium_office,18.93,21.77,45.3,0.064,987.0,508.0,48.6,1.0,20.01,799.0,-0.9994,-0.0349,0.0,1.0
2024-03-01 17:53:00,medium_office,18.52,20.89,46.5,0.025,1044.0,468.0,42.4,1.0,21.03,799.3,-0.9995,-0.0305,0.0,1.0
2024-03-01 17:54:00,medium_office,18.73,21.5,43.2,0.342,1030.0,507.0,46.7,1.0,20.98,799.5,-0.9997,-0.0262,0.0,1.0
2024-03-01 17:55:00,medium_office,19.07,21.02,43.6,0.059,997.0,492.0,44.7,1.0,21.14,799.6,-0.9998,-0.0218,0.0,1.0
2024-03-01 17:56:00,medium_office,19.4,21.17,42.3,0.006,972.0,472.0,40.7,1.0,20.96,799.8,-0.9998,-0.0175,0.0,1.0
2024-03-01 17:57:00,medium_office,19.84,21.03,43.4,0.101,1046.0,452.0,43.3,1.0,21.0,799.9,-0.9999,-0.0131,0.0,1.0
2024-03-01 17:58:00,medium_office,18.82,21.34,43.5,0.149,1004.0,519.0,49.6,1.0,19.62,799.9,-1.0,-0.0087,0.0,1.0
2024-03-01 17:59:00,medium_office,19.43,20.73,43.2,0.04,996.0,513.0,44.5,1.0,23.55,800.0,-1.0,-0.0044,0.0,1.0
2024-03-01 18:00:00,medium_office,19.07,20.61,43.1,0.08,1046.0,517.0,47.7,1.0,21.63,800.0,-1.0,-0.0,0.0,1.0
2024-03-01 18:01:00,medium_office,18.95,20.74,44.1,0.138,400.0,0.0,37.6,0.04,21.05,800.0,-1.0,0.0044,0.0,1.0
2024-03-01 18:02:00,medium_office,19.13,21.04,44.1,0.143,400.0,5.0,33.7,0.12,22.85,799.9,-1.0,0.0087,0.0,1.0
2024-03-01 18:03:00,medium_office,19.02,20.91,48.5,0.116,400.0,0.0,31.1,0.14,19.96,799.9,-0.9999,0.0131,0.0,1.0
2024-03-01 18:04:00,medium_office,19.03,21.28,44.0,0.009,400.0,0.0,31.5,0.2,21.92,799.8,-0.9998,0.0175,0.0,1.0
2024-03-01 18:05:00,medium_office,18.88,21.52,45.5,0.026,409.0,1.0,39.4,0.18,20.51,799.6,-0.9998,0.0218,0.0,1.0
2024-03-01 18:06:00,medium_office,18.58,20.61,43.7,0.242,400.0,8.0,35.5,0.19,21.48,799.5,-0.9997,0.0262,0.0,1.0
2024-03-01 18:07:00,medium_office,18.54,20.71,43.7,0.134,400.0,0.0,29.8,0.28,21.52,799.3,-0.9995,0.0305,0.0,1.0
2024-03-01 18:08:00,medium_office,19.2,20.43,41.5,0.116,400.0,0.0,37.5,0.12,18.78,799.0,-0.9994,0.0349,0.0,1.0
2024-03-01 18:09:00,medium_office,18.92,21.81,41.8,0.307,400.0,0.0,29.6,0.15,19.7,798.8,-0.9992,0.0393,0.0,1.0
2024-03-01 18:10:00,medium_office,18.82,21.12,42.6,0.081,400.0,29.0,32.5,0.29,22.74,798.5,-0.999,0.0436,0.0,1.0
2024-03-01 18:11:00,medium_office,19.01,21.19,45.4,0.091,407.0,0.0,35.2,0.04,20.92,798.2,-0.9988,0.048,0.0,1.0
2024-03-01 18:12:00,medium_office,19.24,20.47,47.2,0.032,400.0,4.0,42.6,0.28,23.19,797.8,-0.9986,0.0523,0.0,1.0
2024-03-01 18:13:00,medium_office,19.06,21.0,41.5,0.083,401.0,7.0,37.4,0.28,22.52,797.4,-0.9984,0.0567,0.0,1.0
2024-03-01 18:14:00,medium_office,18.81,21.21,44.0,0.086,471.0,0.0,33.6,0.29,21.01,797.0,-0.9981,0.061,0.0,1.0
2024-03-01 18:15:00,medium_office,19.37,20.9,42.4,0.012,400.0,8.0,35.1,0.02,20.94,796.6,-0.9979,0.0654,0.0,1.0
2024-03-01 18:16:00,medium_office,19.48,21.44,44.7,0.112,418.0,0.0,37.8,0.17,22.91,796.1,-0.9976,0.0698,0.0,1.0
2024-03-01 18:17:00,medium_office,19.16,21.93,47.4,0.029,422.0,0.0,39.3,0.25,23.39,795.6,-0.9973,0.0741,0.0,1.0
2024-03-01 18:18:00,medium_office,19.3,20.63,44.4,0.247,400.0,43.0,34.3,0.09,21.02,795.1,-0.9969,0.0785,0.0,1.0
2024-03-01 18:19:00,medium_office,19.38,20.6,45.2,0.058,408.0,45.0,34.3,0.18,22.86,794.5,-0.9966,0.0828,0.0,1.0
2024-03-01 18:20:00,medium_office,19.35,20.66,48.3,0.095,401.0,25.0,32.5,0.08,22.37,793.9,-0.9962,0.0872,0.0,1.0
2024-03-01 18:21:00,medium_office,19.2,21.65,46.3,0.12,406.0,33.0,37.0,0.04,22.56,793.3,-0.9958,0.0915,0.0,1.0
2024-03-01 18:22:00,medium_office,19.19,21.43,43.9,0.014,400.0,0.0,38.1,0.26,21.48,792.7,-0.9954,0.0958,0.0,1.0
2024-03-01 18:23:00,medium_office,19.17,20.96,45.8,0.186,400.0,0.0,29.2,0.29,20.73,792.0,-0.995,0.1002,0.0,1.0
2024-03-01 18:24:00,medium_office,18.69,21.03,43.9,0.252,401.0,0.0,33.8,0.02,20.36,791.3,-0.9945,0.1045,0.0,1.0
2024-03-01 18:25:00,medium_office,19.23,20.69,46.4,0.05,400.0,72.0,31.4,0.04,20.13,790.5,-0.9941,0.1089,0.0,1.0
2024-03-01 18:26:00,medium_office,18.61,21.37,46.6,0.105,445.0,0.0,35.5,0.18,23.37,789.7,-0.9936,0.1132,0.0,1.0
2024-03-01 18:27:00,medium_office,18.78,20.86,42.9,0.085,465.0,22.0,31.3,0.03,21.49,788.9,-0.9931,0.1175,0.0,1.0
2024-03-01 18:28:00,medium_office,19.41,20.91,46.0,0.06,405.0,11.0,31.0,0.19,20.35,788.1,-0.9925,0.1219,0.0,1.0
2024-03-01 18:29:00,medium_office,19.28,21.26,45.5,0.094,420.0,11.0,38.4,0.22,22.52,787.3,-0.992,0.1262,0.0,1.0
2024-03-01 18:30:00,medium_office,19.47,20.94,46.8,0.174,432.0,0.0,34.5,0.12,21.06,786.4,-0.9914,0.1305,0.0,1.0
2024-03-01 18:31:00,medium_office,18.95,20.92,47.4,0.055,400.0,0.0,34.8,0.23,20.91,785.5,-0.9909,0.1349,0.0,1.0
2024-03-01 18:32:00,medium_office,18.68,21.02,46.8,0.051,428.0,0.0,36.3,0.03,23.65,784.5,-0.9903,0.1392,0.0,1.0
2024-03-01 18:33:00,medium_office,18.96,21.34,45.3,0.288,400.0,38.0,37.9,0.09,20.27,783.5,-0.9897,0.1435,0.0,1.0
2024-03-01 18:34:00,medium_office,19.06,21.68,47.8,0.013,469.0,0.0,33.7,0.24,21.86,782.5,-0.989,0.1478,0.0,1.0
2024-03-01 18:35:00,medium_office,19.06,21.26,44.2,0.099,400.0,0.0,33.8,0.03,21.05,781.5,-0.9884,0.1521,0.0,1.0
2024-03-01 18:36:00,medium_office,19.38,21.35,43.3,0.134,427.0,13.0,33.8,0.09,20.92,780.4,-0.9877,0.1564,0.0,1.0
2024-03-01 18:37:00,medium_office,18.93,20.95,39.6,0.251,400.0,13.0,38.2,0.19,20.22,779.3,-0.987,0.1607,0.0,1.0
2024-03-01 18:38:00,medium_office,19.15,20.74,45.9,0.281,466.0,23.0,34.8,0.07,21.77,778.2,-0.9863,0.165,0.0,1.0
2024-03-01 18:39:00,medium_office,18.75,21.29,44.5,0.032,400.0,33.0,34.1,0.14,20.86,777.1,-0.9856,0.1693,0.0,1.0
2024-03-01 18:40:00,medium_office,19.18,21.1,46.9,0.283,435.0,0.0,36.2,0.25,22.34,775.9,-0.9848,0.1736,0.0,1.0
2024-03-01 18:41:00,medium_office,19.05,20.46,42.2,0.23,419.0,0.0,40.5,0.08,21.73,774.7,-0.984,0.1779,0.0,1.0
2024-03-01 18:42:00,medium_office,18.83,20.9,44.9,0.017,412.0,0.0,35.2,0.13,21.48,773.4,-0.9833,0.1822,0.0,1.0
2024-03-01 18:43:00,medium_office,18.98,21.0,47.2,0.164,407.0,25.0,34.2,0.01,20.95,772.2,-0.9825,0.1865,0.0,1.0
2024-03-01 18:44:00,medium_office,19.0,20.83,44.2,0.055,400.0,0.0,40.8,0.21,23.27,770.9,-0.9816,0.1908,0.0,1.0
2024-03-01 18:45:00,medium_office,18.98,21.63,47.2,0.117,400.0,4.0,39.0,0.11,22.6,769.6,-0.9808,0.1951,0.0,1.0
2024-03-01 18:46:00,medium_office,19.59,21.23,45.3,0.1,432.0,28.0,38.6,0.26,21.2,768.2,-0.9799,0.1994,0.0,1.0
2024-03-01 18:47:00,medium_office,19.03,21.59,46.4,0.257,400.0,27.0,33.5,0.03,20.55,766.8,-0.979,0.2036,0.0,1.0
2024-03-01 18:48:00,medium_office,18.99,21.15,47.7,0.048,435.0,21.0,33.2,0.23,20.04,765.4,-0.9781,0.2079,0.0,1.0
2024-03-01 18:49:00,medium_office,18.44,21.08,48.4,0.083,411.0,32.0,29.5,0.24,23.09,764.0,-0.9772,0.2122,0.0,1.0
2024-03-01 18:50:00,medium_office,18.8,20.67,46.7,0.047,436.0,0.0,37.9,0.23,22.89,762.5,-0.9763,0.2164,0.0,1.0
2024-03-01 18:51:00,medium_office,19.0,21.05,45.0,0.484,424.0,48.0,35.2,0.22,23.05,761.0,-0.9753,0.2207,0.0,1.0
2024-03-01 18:52:00,medium_office,18.87,21.06,45.7,0.003,400.0,10.0,29.6,0.07,21.9,759.5,-0.9744,0.225,0.0,1.0
2024-03-01 18:53:00,medium_office,19.49,20.51,47.9,0.165,418.0,40.0,38.6,0.13,22.85,758.0,-0.9734,0.2292,0.0,1.0
2024-03-01 18:54:00,medium_office,19.03,20.84,44.7,1.0,400.0,0.0,34.0,0.12,23.1,756.4,-0.9724,0.2334,0.0,1.0
2024-03-01 18:55:00,medium_office,19.47,20.93,46.4,0.116,435.0,0.0,34.4,0.07,22.02,754.8,-0.9713,0.2377,0.0,1.0
2024-03-01 18:56:00,medium_office,19.11,21.22,46.0,0.171,418.0,54.0,30.5,0.15,21.76,753.2,-0.9703,0.2419,0.0,1.0
2024-03-01 18:57:00,medium_office,19.1,21.25,46.6,0.348,418.0,0.0,36.5,0.21,21.16,751.5,-0.9692,0.2462,0.0,1.0
2024-03-01 18:58:00,medium_office,19.07,20.83,44.9,0.044,400.0,0.0,36.5,0.14,22.59,749.8,-0.9681,0.2504,0.0,1.0
2024-03-01 18:59:00,medium_office,19.1,21.25,43.2,0.014,400.0,16.0,34.9,0.29,22.75,748.1,-0.967,0.2546,0.0,1.0
2024-03-01 19:00:00,medium_office,19.62,21.0,48.0,0.032,400.0,23.0,33.7,0.21,21.8,746.4,-0.9659,0.2588,0.0,1.0
2024-03-01 19:01:00,medium_office,18.41,19.92,48.9,0.107,400.0,32.0,42.9,0.13,21.95,744.7,-0.9648,0.263,0.0,1.0
2024-03-01 19:02:00,medium_office,18.51,20.88,43.5,0.098,400.0,7.0,31.4,0.12,22.04,742.9,-0.9636,0.2672,0.0,1.0
2024-03-01 19:03:00,medium_office,18.95,21.51,47.8,0.185,400.0,0.0,32.8,0.18,23.08,741.1,-0.9625,0.2714,0.0,1.0
2024-03-01 19:04:00,medium_office,19.12,20.4,49.3,0.049,400.0,21.0,37.1,0.13,20.93,739.2,-0.9613,0.2756,0.0,1.0
2024-03-01 19:05:00,medium_office,19.33,21.12,48.4,0.237,403.0,22.0,32.0,0.07,21.23,737.4,-0.96,0.2798,0.0,1.0
2024-03-01 19:06:00,medium_office,19.27,21.72,46.4,0.023,416.0,0.0,31.7,0.16,21.27,735.5,-0.9588,0.284,0.0,1.0
2024-03-01 19:07:00,medium_office,19.01,20.78,45.4,0.039,400.0,43.0,38.4,0.2,22.23,733.6,-0.9576,0.2882,0.0,1.0
2024-03-01 19:08:00,medium_office,19.44,21.09,47.5,0.074,400.0,0.0,36.8,0.11,22.72,731.6,-0.9563,0.2924,0.0,1.0
2024-03-01 19:09:00,medium_office,19.44,20.57,47.8,0.144,400.0,31.0,36.5,0.08,21.36,729.7,-0.955,0.2965,0.0,1.0
2024-03-01 19:10:00,medium_office,19.19,21.74,47.6,0.025,400.0,0.0,35.5,0.07,23.37,727.7,-0.9537,0.3007,0.0,1.0
2024-03-01 19:11:00,medium_office,19.43,21.06,47.1,0.33,400.0,21.0,32.9,0.11,23.95,725.6,-0.9524,0.3049,0.0,1.0
2024-03-01 19:12:00,medium_office,19.23,21.12,45.3,0.166,400.0,15.0,34.2,0.07,22.92,723.6,-0.9511,0.309,0.0,1.0
2024-03-01 19:13:00,medium_office,18.98,21.64,48.3,0.103,400.0,0.0,34.8,0.23,23.66,721.5,-0.9497,0.3132,0.0,1.0
2024-03-01 19:14:00,medium_office,19.36,21.37,48.5,0.09,421.0,14.0,37.5,0.19,21.64,719.5,-0.9483,0.3173,0.0,1.0
2024-03-01 19:15:00,medium_office,19.19,20.76,48.0,0.036,400.0,0.0,36.3,0.09,21.69,717.3,-0.9469,0.3214,0.0,1.0
2024-03-01 19:16:00,medium_office,19.16,20.85,47.9,0.025,411.0,21.0,32.2,0.3,23.13,715.2,-0.9455,0.3256,0.0,1.0
2024-03-01 19:17:00,medium_office,19.61,21.31,51.0,0.138,427.0,66.0,37.4,0.19,22.6,713.0,-0.9441,0.3297,0.0,1.0
2024-03-01 19:18:00,medium_office,18.44,20.87,46.5,0.037,410.0,0.0,30.0,0.04,21.77,710.9,-0.9426,0.3338,0.0,1.0
2024-03-01 19:19:00,medium_office,18.75,20.27,50.3,0.043,424.0,0.0,34.0,0.25,24.11,708.6,-0.9412,0.3379,0.0,1.0
2024-03-01 19:20:00,medium_office,18.82,21.1,46.3,0.369,400.0,0.0,31.6,0.23,23.01,706.4,-0.9397,0.342,0.0,1.0
2024-03-01 19:21:00,medium_office,19.08,20.53,50.1,0.051,400.0,0.0,32.4,0.15,23.44,704.2,-0.9382,0.3461,0.0,1.0
2024-03-01 19:22:00,medium_office,19.11,21.77,50.4,0.019,433.0,0.0,40.8,0.07,22.09,701.9,-0.9367,0.3502,0.0,1.0
2024-03-01 19:23:00,medium_office,18.74,21.2,47.3,0.021,415.0,0.0,30.6,0.24,24.47,699.6,-0.9351,0.3543,0.0,1.0
2024-03-01 19:24:00,medium_office,18.9,20.77,51.3,0.073,455.0,26.0,32.5,0.04,22.66,697.3,-0.9336,0.3584,0.0,1.0
2024-03-01 19:25:00,medium_office,18.95,20.86,49.0,0.088,451.0,0.0,36.5,0.13,23.87,694.9,-0.932,0.3624,0.0,1.0
2024-03-01 19:26:00,medium_office,19.95,20.38,46.3,0.029,409.0,14.0,33.6,0.25,22.29,692.5,-0.9304,0.3665,0.0,1.0
2024-03-01 19:27:00,medium_office,19.75,20.7,47.4,0.257,400.0,19.0,35.5,0.24,23.07,690.1,-0.9288,0.3706,0.0,1.0
2024-03-01 19:28:00,medium_office,19.09,21.55,50.4,0.132,400.0,9.0,39.3,0.19,23.49,687.7,-0.9272,0.3746,0.0,1.0
2024-03-01 19:29:00,medium_office,19.11,22.04,50.0,0.071,400.0,15.0,37.0,0.0,24.95,685.3,-0.9255,0.3786,0.0,1.0
2024-03-01 19:30:00,medium_office,18.88,21.44,46.1,0.114,400.0,28.0,33.6,0.1,22.54,682.8,-0.9239,0.3827,0.0,1.0
2024-03-01 19:31:00,medium_office,18.66,21.12,48.0,0.029,400.0,2.0,34.6,0.26,23.21,680.4,-0.9222,0.3867,0.0,1.0
2024-03-01 19:32:00,medium_office,19.2,20.99,48.7,0.2,400.0,0.0,36.6,0.22,23.63,677.9,-0.9205,0.3907,0.0,1.0
2024-03-01 19:33:00,medium_office,18.94,20.78,47.3,0.064,412.0,15.0,36.9,0.24,21.65,675.3,-0.9188,0.3947,0.0,1.0
2024-03-01 19:34:00,medium_office,19.22,21.99,53.1,0.1,451.0,18.0,35.1,0.02,20.92,672.8,-0.9171,0.3987,0.0,1.0
2024-03-01 19:35:00,medium_office,18.77,21.09,48.9,0.174,428.0,27.0,36.1,0.28,22.12,670.2,-0.9153,0.4027,0.0,1.0
2024-03-01 19:36:00,medium_office,19.03,22.02,48.4,0.031,400.0,0.0,36.1,0.07,24.11,667.7,-0.9135,0.4067,0.0,1.0
2024-03-01 19:37:00,medium_office,19.31,21.73,50.9,0.003,430.0,0.0,34.7,0.1,24.89,665.0,-0.9118,0.4107,0.0,1.0
2024-03-01 19:38:00,medium_office,19.38,20.48,47.8,0.048,410.0,0.0,33.2,0.25,22.28,662.4,-0.91,0.4147,0.0,1.0
2024-03-01 19:39:00,medium_office,19.4,20.92,50.6,0.284,400.0,17.0,37.2,0.12,22.01,659.8,-0.9081,0.4187,0.0,1.0
2024-03-01 19:40:00,medium_office,18.88,20.92,45.3,0.034,400.0,22.0,35.9,0.19,24.79,657.1,-0.9063,0.4226,0.0,1.0
2024-03-01 19:41:00,medium_office,19.54,21.16,47.8,0.125,400.0,0.0,28.8,0.17,22.72,654.4,-0.9045,0.4266,0.0,1.0
2024-03-01 19:42:00,medium_office,19.05,21.17,50.8,0.175,420.0,0.0,32.5,0.26,22.94,651.7,-0.9026,0.4305,0.0,1.0
2024-03-01 19:43:00,medium_office,19.49,22.4,51.9,0.036,404.0,18.0,33.6,0.05,24.8,649.0,-0.9007,0.4344,0.0,1.0
2024-03-01 19:44:00,medium_office,19.3,20.77,47.3,0.185,400.0,0.0,34.4,0.03,24.67,646.3,-0.8988,0.4384,0.0,1.0
2024-03-01 19:45:00,medium_office,18.9,21.3,47.1,0.368,400.0,43.0,38.6,0.19,24.33,643.5,-0.8969,0.4423,0.0,1.0
2024-03-01 19:46:00,medium_office,19.22,21.46,50.1,0.011,409.0,53.0,44.6,0.25,21.72,640.7,-0.8949,0.4462,0.0,1.0
2024-03-01 19:47:00,medium_office,19.43,21.21,47.7,0.063,413.0,30.0,27.6,0.28,22.2,637.9,-0.893,0.4501,0.0,1.0
2024-03-01 19:48:00,medium_office,19.51,21.26,48.5,0.009,400.0,7.0,35.9,0.12,24.61,635.1,-0.891,0.454,0.0,1.0
2024-03-01 19:49:00,medium_office,19.29,20.8,50.8,0.25,400.0,55.0,35.2,0.22,23.83,632.3,-0.889,0.4579,0.0,1.0
2024-03-01 19:50:00,medium_office,19.8,21.27,48.0,0.175,438.0,7.0,34.5,0.12,22.77,629.4,-0.887,0.4617,0.0,1.0
2024-03-01 19:51:00,medium_office,19.65,21.43,45.2,0.032,431.0,0.0,36.6,0.1,23.23,626.6,-0.885,0.4656,0.0,1.0
2024-03-01 19:52:00,medium_office,19.27,21.37,46.6,0.122,400.0,0.0,35.4,0.01,24.71,623.7,-0.8829,0.4695,0.0,1.0
2024-03-01 19:53:00,medium_office,19.58,21.47,49.2,0.065,440.0,0.0,33.9,0.08,25.16,620.8,-0.8809,0.4733,0.0,1.0
2024-03-01 19:54:00,medium_office,19.94,21.81,45.5,0.04,400.0,0.0,35.1,0.05,23.65,617.9,-0.8788,0.4772,0.0,1.0
2024-03-01 19:55:00,medium_office,19.96,21.62,48.7,0.149,406.0,14.0,36.7,0.08,23.0,614.9,-0.8767,0.481,0.0,1.0
2024-03-01 19:56:00,medium_office,19.01,21.28,46.6,0.037,434.0,0.0,36.4,0.09,23.44,612.0,-0.8746,0.4848,0.0,1.0
2024-03-01 19:57:00,medium_office,19.1,20.79,52.7,0.066,450.0,0.0,35.6,0.26,25.09,609.0,-0.8725,0.4886,0.0,1.0
2024-03-01 19:58:00,medium_office,19.83,21.02,53.8,0.035,430.0,6.0,33.2,0.06,25.1,606.0,-0.8704,0.4924,0.0,1.0
2024-03-01 19:59:00,medium_office,19.08,21.18,47.4,0.14,407.0,19.0,43.5,0.25,24.0,603.0,-0.8682,0.4962,0.0,1.0
2024-03-01 20:00:00,medium_office,19.01,21.37,50.0,0.041,400.0,0.0,36.1,0.26,23.31,600.0,-0.866,0.5,0.0,1.0
2024-03-01 20:01:00,medium_office,19.26,21.08,47.7,0.058,400.0,7.0,37.3,0.14,24.95,597.0,-0.8638,0.5038,0.0,1.0
2024-03-01 20:02:00,medium_office,19.54,20.9,49.0,0.096,426.0,0.0,33.5,0.22,25.52,593.9,-0.8616,0.5075,0.0,1.0
2024-03-01 20:03:00,medium_office,19.39,20.81,53.3,0.046,440.0,0.0,35.6,0.1,22.47,590.9,-0.8594,0.5113,0.0,1.0
2024-03-01 20:04:00,medium_office,19.23,20.63,48.8,0.068,400.0,0.0,35.5,0.01,23.73,587.8,-0.8572,0.515,0.0,1.0
2024-03-01 20:05:00,medium_office,19.23,21.2,49.2,0.562,400.0,15.0,29.3,0.21,25.14,584.7,-0.8549,0.5188,0.0,1.0
2024-03-01 20:06:00,medium_office,19.23,20.71,47.9,0.082,400.0,7.0,32.9,0.18,24.09,581.6,-0.8526,0.5225,0.0,1.0
2024-03-01 20:07:00,medium_office,19.19,20.9,52.1,0.059,400.0,0.0,32.8,0.14,23.56,578.5,-0.8504,0.5262,0.0,1.0
2024-03-01 20:08:00,medium_office,20.14,21.15,43.4,0.121,432.0,0.0,33.2,0.27,24.26,575.3,-0.848,0.5299,0.0,1.0
2024-03-01 20:09:00,medium_office,19.55,20.77,49.0,0.206,407.0,45.0,31.8,0.22,24.48,572.2,-0.8457,0.5336,0.0,1.0
2024-03-01 20:10:00,medium_office,19.74,21.47,49.9,0.139,400.0,16.0,35.1,0.13,23.01,569.0,-0.8434,0.5373,0.0,1.0
2024-03-01 20:11:00,medium_office,19.33,21.61,48.7,0.289,480.0,0.0,39.2,0.02,24.26,565.9,-0.841,0.541,0.0,1.0
2024-03-01 20:12:00,medium_office,19.43,21.1,51.8,0.183,400.0,0.0,35.4,0.26,24.57,562.7,-0.8387,0.5446,0.0,1.0
2024-03-01 20:13:00,medium_office,19.28,21.15,52.5,0.043,416.0,0.0,31.5,0.3,23.74,559.5,-0.8363,0.5483,0.0,1.0
2024-03-01 20:14:00,medium_office,18.7,21.55,47.3,0.057,400.0,0.0,31.9,0.19,23.48,556.3,-0.8339,0.5519,0.0,1.0
2024-03-01 20:15:00,medium_office,19.09,21.05,54.4,0.016,400.0,8.0,33.9,0.23,23.76,553.1,-0.8315,0.5556,0.0,1.0
2024-03-01 20:16:00,medium_office,18.97,21.03,47.4,0.203,404.0,17.0,30.8,0.15,23.35,549.8,-0.829,0.5592,0.0,1.0
2024-03-01 20:17:00,medium_office,18.85,21.83,52.8,0.008,425.0,12.0,35.9,0.07,25.21,546.6,-0.8266,0.5628,0.0,1.0
2024-03-01 20:18:00,medium_office,19.17,21.71,50.6,0.226,400.0,0.0,39.1,0.27,23.4,543.3,-0.8241,0.5664,0.0,1.0
2024-03-01 20:19:00,medium_office,19.93,21.6,49.3,0.062,400.0,0.0,33.3,0.21,24.61,540.1,-0.8216,0.57,0.0,1.0
2024-03-01 20:20:00,medium_office,19.53,21.73,49.6,0.147,400.0,61.0,35.2,0.16,24.07,536.8,-0.8192,0.5736,0.0,1.0
2024-03-01 20:21:00,medium_office,19.94,20.58,50.4,0.024,400.0,0.0,33.7,0.2,23.77,533.5,-0.8166,0.5771,0.0,1.0
2024-03-01 20:22:00,medium_office,19.68,21.91,50.9,0.033,419.0,0.0,33.1,0.15,25.88,530.2,-0.8141,0.5807,0.0,1.0
2024-03-01 20:23:00,medium_office,19.8,21.53,48.7,0.376,408.0,0.0,35.6,0.02,24.41,526.9,-0.8116,0.5842,0.0,1.0
2024-03-01 20:24:00,medium_office,19.3,21.79,50.1,0.179,413.0,0.0,33.0,0.2,23.91,523.6,-0.809,0.5878,0.0,1.0
2024-03-01 20:25:00,medium_office,19.74,21.54,49.1,0.027,400.0,28.0,32.6,0.0,23.84,520.3,-0.8064,0.5913,0.0,1.0
2024-03-01 20:26:00,medium_office,19.81,21.41,48.2,0.026,400.0,0.0,30.1,0.07,24.98,516.9,-0.8039,0.5948,0.0,1.0
2024-03-01 20:27:00,medium_office,19.42,21.29,49.1,0.208,435.0,44.0,35.2,0.05,25.5,513.6,-0.8013,0.5983,0.0,1.0
2024-03-01 20:28:00,medium_office,19.77,21.55,48.4,0.053,431.0,0.0,38.2,0.1,25.97,510.3,-0.7986,0.6018,0.0,1.0
2024-03-01 20:29:00,medium_office,19.78,21.28,50.0,0.586,442.0,33.0,37.1,0.27,24.57,506.9,-0.796,0.6053,0.0,1.0
2024-03-01 20:30:00,medium_office,19.46,21.76,51.7,0.077,411.0,0.0,39.5,0.02,24.54,503.5,-0.7934,0.6088,0.0,1.0
2024-03-01 20:31:00,medium_office,19.29,20.78,51.1,0.468,441.0,0.0,33.0,0.11,24.93,500.2,-0.7907,0.6122,0.0,1.0
2024-03-01 20:32:00,medium_office,19.28,21.21,54.9,0.05,400.0,3.0,37.6,0.23,25.0,496.8,-0.788,0.6157,0.0,1.0
2024-03-01 20:33:00,medium_office,19.67,22.25,46.5,0.259,400.0,14.0,31.7,0.26,24.09,493.4,-0.7853,0.6191,0.0,1.0
2024-03-01 20:34:00,medium_office,19.75,21.18,51.9,0.028,436.0,0.0,37.1,0.22,26.36,490.0,-0.7826,0.6225,0.0,1.0
2024-03-01 20:35:00,medium_office,19.42,21.34,51.1,0.175,425.0,9.0,39.9,0.29,24.95,486.6,-0.7799,0.6259,0.0,1.0
2024-03-01 20:36:00,medium_office,19.68,21.09,52.7,0.376,400.0,18.0,36.5,0.21,25.49,483.2,-0.7771,0.6293,0.0,1.0
2024-03-01 20:37:00,medium_office,19.85,21.59,52.6,0.092,400.0,0.0,40.0,0.22,25.41,479.7,-0.7744,0.6327,0.0,1.0
2024-03-01 20:38:00,medium_office,19.87,21.16,50.9,0.043,400.0,0.0,33.2,0.13,25.43,476.3,-0.7716,0.6361,0.0,1.0
2024-03-01 20:39:00,medium_office,20.16,21.39,51.6,0.091,400.0,0.0,34.6,0.09,24.05,472.9,-0.7688,0.6394,0.0,1.0
2024-03-01 20:40:00,medium_office,20.08,21.81,49.8,0.04,452.0,0.0,32.3,0.14,25.08,469.5,-0.766,0.6428,0.0,1.0
2024-03-01 20:41:00,medium_office,19.41,21.19,52.5,0.214,423.0,12.0,35.1,0.23,27.4,466.0,-0.7632,0.6461,0.0,1.0
2024-03-01 20:42:00,medium_office,20.22,21.79,47.6,0.011,400.0,0.0,35.8,0.2,26.74,462.6,-0.7604,0.6494,0.0,1.0
2024-03-01 20:43:00,medium_office,19.57,21.81,53.0,0.024,400.0,0.0,35.1,0.23,25.34,459.1,-0.7576,0.6528,0.0,1.0
2024-03-01 20:44:00,medium_office,20.05,21.91,51.4,0.023,400.0,0.0,33.6,0.19,24.85,455.7,-0.7547,0.6561,0.0,1.0
2024-03-01 20:45:00,medium_office,19.76,21.55,50.5,0.09,400.0,0.0,33.5,0.22,23.03,452.2,-0.7518,0.6593,0.0,1.0
2024-03-01 20:46:00,medium_office,19.63,22.8,51.1,0.017,400.0,15.0,36.0,0.05,24.79,448.7,-0.749,0.6626,0.0,1.0
2024-03-01 20:47:00,medium_office,19.22,21.93,51.3,0.017,433.0,24.0,34.5,0.1,25.24,445.3,-0.7461,0.6659,0.0,1.0
2024-03-01 20:48:00,medium_office,19.72,21.64,54.2,0.187,400.0,0.0,31.5,0.17,25.03,441.8,-0.7431,0.6691,0.0,1.0
2024-03-01 20:49:00,medium_office,19.31,21.17,58.1,0.015,469.0,0.0,29.3,0.0,25.13,438.3,-0.7402,0.6724,0.0,1.0
2024-03-01 20:50:00,medium_office,20.08,21.49,54.1,0.147,400.0,11.0,33.2,0.27,26.04,434.9,-0.7373,0.6756,0.0,1.0
2024-03-01 20:51:00,medium_office,20.25,22.1,50.6,0.032,400.0,0.0,30.9,0.07,24.45,431.4,-0.7343,0.6788,0.0,1.0
2024-03-01 20:52:00,medium_office,19.57,22.22,53.0,0.004,451.0,23.0,32.5,0.03,25.75,427.9,-0.7314,0.682,0.0,1.0
2024-03-01 20:53:00,medium_office,19.91,22.13,53.2,0.044,440.0,31.0,33.7,0.2,25.4,424.4,-0.7284,0.6852,0.0,1.0
2024-03-01 20:54:00,medium_office,19.61,21.86,50.0,0.138,400.0,0.0,34.6,0.06,24.67,420.9,-0.7254,0.6884,0.0,1.0
2024-03-01 20:55:00,medium_office,19.64,21.05,49.4,0.054,411.0,0.0,33.0,0.17,27.25,417.4,-0.7224,0.6915,0.0,1.0
2024-03-01 20:56:00,medium_office,20.07,21.76,51.8,0.015,412.0,0.0,41.6,0.07,26.36,414.0,-0.7193,0.6947,0.0,1.0
2024-03-01 20:57:00,medium_office,19.84,21.07,53.6,0.096,404.0,24.0,31.2,0.05,24.86,410.5,-0.7163,0.6978,0.0,1.0
2024-03-01 20:58:00,medium_office,20.38,20.98,48.8,0.18,400.0,60.0,38.6,0.22,26.2,407.0,-0.7133,0.7009,0.0,1.0
2024-03-01 20:59:00,medium_office,19.72,21.68,50.6,0.083,400.0,54.0,34.5,0.12,24.32,403.5,-0.7102,0.704,0.0,1.0
2024-03-01 21:00:00,medium_office,20.18,21.8,53.3,0.578,400.0,0.0,33.0,0.17,25.08,400.0,-0.7071,0.7071,0.0,1.0
2024-03-01 21:01:00,medium_office,19.92,21.95,52.3,0.127,454.0,0.0,36.8,0.06,27.11,396.5,-0.704,0.7102,0.0,1.0
2024-03-01 21:02:00,medium_office,20.14,21.8,55.0,0.098,456.0,25.0,33.6,0.17,26.17,393.0,-0.7009,0.7133,0.0,1.0
2024-03-01 21:03:00,medium_office,19.77,21.82,49.4,0.051,400.0,0.0,32.6,0.13,26.12,389.5,-0.6978,0.7163,0.0,1.0
2024-03-01 21:04:00,medium_office,19.9,21.22,57.0,0.078,400.0,14.0,40.4,0.02,26.87,386.0,-0.6947,0.7193,0.0,1.0
2024-03-01 21:05:00,medium_office,19.89,21.57,49.3,0.068,408.0,9.0,28.4,0.22,26.53,382.6,-0.6915,0.7224,0.0,1.0
2024-03-01 21:06:00,medium_office,19.68,21.02,48.3,0.248,413.0,3.0,34.3,0.17,25.68,379.1,-0.6884,0.7254,0.0,1.0
2024-03-01 21:07:00,medium_office,20.14,20.83,52.3,0.033,418.0,31.0,35.6,0.28,26.92,375.6,-0.6852,0.7284,0.0,1.0
2024-03-01 21:08:00,medium_office,20.15,21.93,50.2,0.312,400.0,32.0,39.2,0.24,24.33,372.1,-0.682,0.7314,0.0,1.0
2024-03-01 21:09:00,medium_office,20.14,21.34,52.4,0.113,495.0,0.0,33.8,0.17,25.38,368.6,-0.6788,0.7343,0.0,1.0
2024-03-01 21:10:00,medium_office,20.43,22.0,52.4,0.174,434.0,0.0,43.0,0.01,25.99,365.1,-0.6756,0.7373,0.0,1.0
2024-03-01 21:11:00,medium_office,20.42,22.1,52.2,0.234,400.0,0.0,37.3,0.23,26.67,361.7,-0.6724,0.7402,0.0,1.0
2024-03-01 21:12:00,medium_office,19.88,21.41,51.0,0.174,400.0,0.0,27.9,0.16,25.83,358.2,-0.6691,0.7431,0.0,1.0
2024-03-01 21:13:00,medium_office,20.11,21.9,53.5,0.075,430.0,0.0,30.6,0.25,24.4,354.7,-0.6659,0.7461,0.0,1.0
2024-03-01 21:14:00,medium_office,19.83,21.41,52.1,0.001,415.0,13.0,35.7,0.17,24.3,351.3,-0.6626,0.749,0.0,1.0
2024-03-01 21:15:00,medium_office,20.03,20.94,55.0,0.58,403.0,0.0,31.6,0.0,26.19,347.8,-0.6593,0.7518,0.0,1.0
2024-03-01 21:16:00,medium_office,19.85,21.74,52.4,0.03,414.0,0.0,36.6,0.24,25.81,344.3,-0.6561,0.7547,0.0,1.0
2024-03-01 21:17:00,medium_office,20.53,21.51,50.9,0.02,400.0,24.0,33.6,0.24,25.41,340.9,-0.6528,0.7576,0.0,1.0
2024-03-01 21:18:00,medium_office,20.16,21.53,49.5,0.157,412.0,12.0,31.4,0.03,25.28,337.4,-0.6494,0.7604,0.0,1.0
2024-03-01 21:19:00,medium_office,20.0,22.5,52.6,0.147,422.0,0.0,32.1,0.21,26.52,334.0,-0.6461,0.7632,0.0,1.0
2024-03-01 21:20:00,medium_office,20.43,21.1,50.4,0.024,410.0,51.0,37.6,0.16,27.73,330.5,-0.6428,0.766,0.0,1.0
2024-03-01 21:21:00,medium_office,19.43,21.87,50.3,0.451,409.0,22.0,28.9,0.18,26.59,327.1,-0.6394,0.7688,0.0,1.0
2024-03-01 21:22:00,medium_office,19.49,21.33,54.1,0.19,442.0,0.0,38.1,0.27,27.81,323.7,-0.6361,0.7716,0.0,1.0
2024-03-01 21:23:00,medium_office,20.34,22.1,49.5,0.247,400.0,0.0,38.2,0.07,26.15,320.3,-0.6327,0.7744,0.0,1.0
2024-03-01 21:24:00,medium_office,20.13,21.86,56.0,0.024,400.0,24.0,34.0,0.0,27.01,316.8,-0.6293,0.7771,0.0,1.0
2024-03-01 21:25:00,medium_office,20.2,21.9,53.5,0.015,401.0,6.0,30.8,0.06,27.95,313.4,-0.6259,0.7799,0.0,1.0
2024-03-01 21:26:00,medium_office,19.73,21.38,53.1,0.147,400.0,0.0,36.7,0.27,26.47,310.0,-0.6225,0.7826,0.0,1.0
2024-03-01 21:27:00,medium_office,20.14,21.46,51.2,0.028,400.0,27.0,33.5,0.06,26.69,306.6,-0.6191,0.7853,0.0,1.0
2024-03-01 21:28:00,medium_office,20.75,22.14,54.8,0.046,439.0,38.0,30.5,0.2,26.33,303.2,-0.6157,0.788,0.0,1.0
2024-03-01 21:29:00,medium_office,20.41,22.48,53.3,0.317,400.0,35.0,40.7,0.24,27.33,299.8,-0.6122,0.7907,0.0,1.0
2024-03-01 21:30:00,medium_office,20.22,21.97,52.0,0.004,400.0,46.0,32.3,0.24,27.67,296.5,-0.6088,0.7934,0.0,1.0
2024-03-01 21:31:00,medium_office,20.05,21.43,53.8,0.252,400.0,62.0,30.6,0.0,27.15,293.1,-0.6053,0.796,0.0,1.0
2024-03-01 21:32:00,medium_office,20.08,21.93,50.1,0.057,402.0,52.0,35.9,0.0,26.61,289.7,-0.6018,0.7986,0.0,1.0
2024-03-01 21:33:00,medium_office,19.57,22.77,50.2,0.092,401.0,10.0,34.8,0.3,25.37,286.4,-0.5983,0.8013,0.0,1.0
2024-03-01 21:34:00,medium_office,20.29,21.85,51.3,0.241,417.0,0.0,39.5,0.16,26.86,283.1,-0.5948,0.8039,0.0,1.0
2024-03-01 21:35:00,medium_office,20.48,22.4,54.3,0.204,414.0,0.0,33.9,0.02,26.75,279.7,-0.5913,0.8064,0.0,1.0
2024-03-01 21:36:00,medium_office,19.76,21.53,53.6,0.542,400.0,0.0,33.9,0.01,27.21,276.4,-0.5878,0.809,0.0,1.0
2024-03-01 21:37:00,medium_office,20.05,21.81,55.8,0.572,400.0,16.0,36.0,0.24,27.13,273.1,-0.5842,0.8116,0.0,1.0
2024-03-01 21:38:00,medium_office,19.91,22.09,51.9,0.078,400.0,1.0,35.6,0.27,28.62,269.8,-0.5807,0.8141,0.0,1.0
2024-03-01 21:39:00,medium_office,19.98,22.0,54.9,0.041,400.0,0.0,35.7,0.16,26.38,266.5,-0.5771,0.8166,0.0,1.0
2024-03-01 21:40:00,medium_office,20.3,21.55,53.6,0.038,400.0,0.0,35.8,0.11,25.54,263.2,-0.5736,0.8192,0.0,1.0
2024-03-01 21:41:00,medium_office,19.66,21.54,51.9,0.178,421.0,19.0,35.5,0.21,26.01,259.9,-0.57,0.8216,0.0,1.0
2024-03-01 21:42:00,medium_office,20.49,22.26,54.6,0.069,412.0,0.0,33.8,0.01,26.55,256.7,-0.5664,0.8241,0.0,1.0
2024-03-01 21:43:00,medium_office,20.54,22.35,53.8,0.081,425.0,5.0,37.5,0.27,28.3,253.4,-0.5628,0.8266,0.0,1.0
2024-03-01 21:44:00,medium_office,20.25,22.49,52.7,0.165,400.0,13.0,33.9,0.08,25.96,250.2,-0.5592,0.829,0.0,1.0
2024-03-01 21:45:00,medium_office,19.59,22.61,54.1,0.182,445.0,34.0,37.4,0.06,26.12,246.9,-0.5556,0.8315,0.0,1.0
2024-03-01 21:46:00,medium_office,20.05,21.95,53.8,0.087,420.0,51.0,39.2,0.09,27.74,243.7,-0.5519,0.8339,0.0,1.0
2024-03-01 21:47:00,medium_office,20.72,21.78,53.8,0.188,403.0,0.0,33.0,0.02,28.21,240.5,-0.5483,0.8363,0.0,1.0
2024-03-01 21:48:00,medium_office,19.53,22.45,53.3,0.109,418.0,6.0,42.2,0.12,25.84,237.3,-0.5446,0.8387,0.0,1.0
2024-03-01 21:49:00,medium_office,20.27,22.2,51.5,0.041,400.0,6.0,32.9,0.21,25.66,234.1,-0.541,0.841,0.0,1.0
2024-03-01 21:50:00,medium_office,20.03,21.53,54.3,0.054,400.0,19.0,32.9,0.15,26.68,231.0,-0.5373,0.8434,0.0,1.0
2024-03-01 21:51:00,medium_office,20.64,21.52,52.6,0.199,400.0,16.0,36.6,0.2,28.15,227.8,-0.5336,0.8457,0.0,1.0
2024-03-01 21:52:00,medium_office,20.21,22.14,52.2,0.015,422.0,43.0,36.3,0.06,27.68,224.7,-0.5299,0.848,0.0,1.0
2024-03-01 21:53:00,medium_office,20.54,21.88,53.8,0.224,402.0,0.0,35.2,0.12,26.82,221.5,-0.5262,0.8504,0.0,1.0
2024-03-01 21:54:00,medium_office,20.6,21.94,55.8,0.053,400.0,13.0,37.5,0.16,28.34,218.4,-0.5225,0.8526,0.0,1.0
2024-03-01 21:55:00,medium_office,20.99,22.39,54.8,0.015,400.0,15.0,35.8,0.17,27.76,215.3,-0.5188,0.8549,0.0,1.0
2024-03-01 21:56:00,medium_office,20.39,22.27,53.4,0.46,400.0,0.0,41.2,0.06,27.56,212.2,-0.515,0.8572,0.0,1.0
2024-03-01 21:57:00,medium_office,20.58,22.51,53.3,0.147,443.0,0.0,34.8,0.24,26.09,209.1,-0.5113,0.8594,0.0,1.0
2024-03-01 21:58:00,medium_office,20.03,21.21,55.8,0.001,400.0,0.0,32.4,0.03,26.97,206.1,-0.5075,0.8616,0.0,1.0
2024-03-01 21:59:00,medium_office,20.85,22.09,49.8,0.019,400.0,0.0,33.3,0.03,29.73,203.0,-0.5038,0.8638,0.0,1.0
2024-03-01 22:00:00,medium_office,20.27,22.28,56.2,0.114,400.0,50.0,36.4,0.07,27.47,200.0,-0.5,0.866,0.0,1.0
2024-03-01 22:01:00,medium_office,20.34,21.4,50.9,0.007,438.0,11.0,36.5,0.2,26.89,197.0,-0.4962,0.8682,0.0,1.0
2024-03-01 22:02:00,medium_office,20.52,21.75,51.8,0.05,426.0,0.0,35.6,0.02,27.5,194.0,-0.4924,0.8704,0.0,1.0
2024-03-01 22:03:00,medium_office,20.07,21.69,53.7,0.082,400.0,0.0,32.5,0.0,28.04,191.0,-0.4886,0.8725,0.0,1.0
2024-03-01 22:04:00,medium_office,20.61,22.04,59.1,0.256,435.0,18.0,38.3,0.14,28.83,188.0,-0.4848,0.8746,0.0,1.0
2024-03-01 22:05:00,medium_office,20.85,22.69,58.1,0.054,400.0,21.0,40.8,0.1,28.61,185.1,-0.481,0.8767,0.0,1.0
2024-03-01 22:06:00,medium_office,20.66,22.85,56.2,0.118,400.0,0.0,35.1,0.05,27.34,182.1,-0.4772,0.8788,0.0,1.0
2024-03-01 22:07:00,medium_office,20.1,21.73,55.6,0.163,400.0,18.0,40.4,0.2,29.33,179.2,-0.4733,0.8809,0.0,1.0
2024-03-01 22:08:00,medium_office,20.55,22.27,51.2,0.024,400.0,0.0,37.6,0.19,28.91,176.3,-0.4695,0.8829,0.0,1.0
2024-03-01 22:09:00,medium_office,20.83,22.29,55.2,0.12,400.0,32.0,41.7,0.04,27.68,173.4,-0.4656,0.885,0.0,1.0
2024-03-01 22:10:00,medium_office,20.05,22.23,53.9,0.097,423.0,30.0,36.4,0.07,28.03,170.6,-0.4617,0.887,0.0,1.0
2024-03-01 22:11:00,medium_office,20.3,22.24,53.4,0.105,400.0,0.0,35.4,0.11,28.8,167.7,-0.4579,0.889,0.0,1.0
2024-03-01 22:12:00,medium_office,20.9,22.21,55.4,0.024,419.0,0.0,37.5,0.3,29.3,164.9,-0.454,0.891,0.0,1.0
2024-03-01 22:13:00,medium_office,20.73,22.77,54.1,0.105,409.0,61.0,33.7,0.23,26.75,162.1,-0.4501,0.893,0.0,1.0
2024-03-01 22:14:00,medium_office,20.78,22.55,56.9,0.02,416.0,28.0,36.2,0.1,28.37,159.3,-0.4462,0.8949,0.0,1.0
2024-03-01 22:15:00,medium_office,21.23,21.69,51.3,0.091,400.0,0.0,39.0,0.29,28.3,156.5,-0.4423,0.8969,0.0,1.0
2024-03-01 22:16:00,medium_office,20.83,22.44,55.3,0.495,400.0,0.0,37.5,0.14,27.8,153.7,-0.4384,0.8988,0.0,1.0
2024-03-01 22:17:00,medium_office,20.89,22.49,53.5,0.035,417.0,6.0,34.9,0.11,27.83,151.0,-0.4344,0.9007,0.0,1.0
2024-03-01 22:18:00,medium_office,21.52,22.26,54.4,0.236,400.0,0.0,35.6,0.28,29.49,148.3,-0.4305,0.9026,0.0,1.0
2024-03-01 22:19:00,medium_office,20.66,22.6,55.9,0.041,411.0,0.0,37.3,0.22,29.01,145.6,-0.4266,0.9045,0.0,1.0
2024-03-01 22:20:00,medium_office,20.49,22.23,53.1,0.144,400.0,0.0,37.2,0.16,30.62,142.9,-0.4226,0.9063,0.0,1.0
2024-03-01 22:21:00,medium_office,20.87,22.24,55.7,0.092,400.0,0.0,37.3,0.18,27.97,140.2,-0.4187,0.9081,0.0,1.0
2024-03-01 22:22:00,medium_office,20.89,22.22,55.0,0.33,448.0,34.0,36.0,0.29,28.72,137.6,-0.4147,0.91,0.0,1.0
2024-03-01 22:23:00,medium_office,20.61,21.37,54.1,0.049,423.0,55.0,32.5,0.05,28.92,135.0,-0.4107,0.9118,0.0,1.0
2024-03-01 22:24:00,medium_office,20.47,22.15,54.5,0.443,400.0,0.0,33.0,0.1,29.54,132.3,-0.4067,0.9135,0.0,1.0
2024-03-01 22:25:00,medium_office,21.48,21.93,55.2,0.045,425.0,0.0,36.4,0.13,30.04,129.8,-0.4027,0.9153,0.0,1.0
2024-03-01 22:26:00,medium_office,20.9,21.73,54.0,0.224,455.0,12.0,37.5,0.3,28.81,127.2,-0.3987,0.9171,0.0,1.0
2024-03-01 22:27:00,medium_office,20.6,22.78,55.6,0.131,484.0,49.0,37.1,0.03,27.66,124.7,-0.3947,0.9188,0.0,1.0
2024-03-01 22:28:00,medium_office,21.1,22.42,55.1,0.049,414.0,0.0,33.0,0.03,28.08,122.1,-0.3907,0.9205,0.0,1.0
2024-03-01 22:29:00,medium_office,20.81,22.21,54.4,0.205,400.0,26.0,34.5,0.13,28.96,119.6,-0.3867,0.9222,0.0,1.0
2024-03-01 22:30:00,medium_office,20.78,22.01,58.9,1.0,413.0,0.0,31.5,0.05,29.98,117.2,-0.3827,0.9239,0.0,1.0
2024-03-01 22:31:00,medium_office,21.03,22.36,56.6,0.118,448.0,1.0,30.8,0.21,27.45,114.7,-0.3786,0.9255,0.0,1.0
2024-03-01 22:32:00,medium_office,20.49,22.65,55.0,0.24,400.0,0.0,35.2,0.11,27.76,112.3,-0.3746,0.9272,0.0,1.0
2024-03-01 22:33:00,medium_office,20.99,21.93,56.1,0.034,431.0,0.0,39.1,0.25,29.72,109.9,-0.3706,0.9288,0.0,1.0
2024-03-01 22:34:00,medium_office,21.47,22.27,53.8,0.127,400.0,0.0,35.3,0.22,27.7,107.5,-0.3665,0.9304,0.0,1.0
2024-03-01 22:35:00,medium_office,21.05,22.62,55.0,0.281,411.0,18.0,40.7,0.14,27.91,105.1,-0.3624,0.932,0.0,1.0
2024-03-01 22:36:00,medium_office,20.81,21.51,55.3,0.62,400.0,53.0,34.5,0.25,30.2,102.7,-0.3584,0.9336,0.0,1.0
2024-03-01 22:37:00,medium_office,20.78,22.27,53.5,0.035,400.0,0.0,35.1,0.03,28.88,100.4,-0.3543,0.9351,0.0,1.0
2024-03-01 22:38:00,medium_office,20.83,22.13,56.8,0.184,400.0,0.0,32.0,0.17,28.84,98.1,-0.3502,0.9367,0.0,1.0
2024-03-01 22:39:00,medium_office,20.89,22.25,55.0,0.039,400.0,0.0,34.0,0.18,30.54,95.8,-0.3461,0.9382,0.0,1.0
2024-03-01 22:40:00,medium_office,20.86,22.12,55.3,0.003,400.0,9.0,31.4,0.07,28.14,93.6,-0.342,0.9397,0.0,1.0
2024-03-01 22:41:00,medium_office,21.26,22.38,55.0,0.062,400.0,6.0,30.4,0.01,27.97,91.4,-0.3379,0.9412,0.0,1.0
2024-03-01 22:42:00,medium_office,20.48,23.1,62.0,0.339,410.0,0.0,31.5,0.16,30.9,89.1,-0.3338,0.9426,0.0,1.0
2024-03-01 22:43:00,medium_office,21.27,22.21,54.8,0.042,400.0,45.0,35.3,0.15,29.54,87.0,-0.3297,0.9441,0.0,1.0
2024-03-01 22:44:00,medium_office,20.91,22.47,52.1,0.034,402.0,4.0,32.8,0.2,30.02,84.8,-0.3256,0.9455,0.0,1.0
2024-03-01 22:45:00,medium_office,21.15,23.16,53.0,0.118,422.0,0.0,33.5,0.06,29.06,82.7,-0.3214,0.9469,0.0,1.0
2024-03-01 22:46:00,medium_office,20.71,22.15,57.8,0.1,400.0,0.0,36.2,0.05,29.3,80.5,-0.3173,0.9483,0.0,1.0
2024-03-01 22:47:00,medium_office,21.46,23.1,59.0,0.052,441.0,0.0,30.4,0.29,28.74,78.5,-0.3132,0.9497,0.0,1.0
2024-03-01 22:48:00,medium_office,21.45,22.38,55.0,0.002,400.0,10.0,35.2,0.03,29.8,76.4,-0.309,0.9511,0.0,1.0
2024-03-01 22:49:00,medium_office,21.37,23.1,58.9,0.059,458.0,7.0,37.5,0.3,30.34,74.4,-0.3049,0.9524,0.0,1.0
2024-03-01 22:50:00,medium_office,20.64,22.7,57.9,0.102,433.0,0.0,37.8,0.22,29.74,72.3,-0.3007,0.9537,0.0,1.0
2024-03-01 22:51:00,medium_office,21.36,22.53,56.1,0.074,400.0,0.0,36.5,0.19,30.64,70.3,-0.2965,0.955,0.0,1.0
2024-03-01 22:52:00,medium_office,21.24,22.39,55.9,0.016,400.0,0.0,34.8,0.1,30.28,68.4,-0.2924,0.9563,0.0,1.0
2024-03-01 22:53:00,medium_office,20.65,22.17,56.9,0.017,406.0,0.0,33.1,0.26,28.6,66.4,-0.2882,0.9576,0.0,1.0
2024-03-01 22:54:00,medium_office,21.14,22.46,58.3,0.011,418.0,0.0,34.8,0.27,29.54,64.5,-0.284,0.9588,0.0,1.0
2024-03-01 22:55:00,medium_office,21.27,22.8,57.4,0.021,433.0,12.0,40.0,0.22,29.27,62.6,-0.2798,0.96,0.0,1.0
2024-03-01 22:56:00,medium_office,21.34,22.44,55.2,0.057,400.0,0.0,35.8,0.21,30.51,60.8,-0.2756,0.9613,0.0,1.0
2024-03-01 22:57:00,medium_office,21.24,22.33,56.3,0.017,413.0,0.0,34.7,0.15,30.25,58.9,-0.2714,0.9625,0.0,1.0
2024-03-01 22:58:00,medium_office,21.29,22.37,60.6,0.231,400.0,0.0,36.7,0.02,29.95,57.1,-0.2672,0.9636,0.0,1.0
2024-03-01 22:59:00,medium_office,21.65,22.87,57.2,0.035,400.0,0.0,35.1,0.3,30.87,55.3,-0.263,0.9648,0.0,1.0
2024-03-01 23:00:00,medium_office,21.59,22.97,58.5,0.018,444.0,28.0,35.7,0.0,28.02,53.6,-0.2588,0.9659,0.0,1.0
2024-03-01 23:01:00,medium_office,20.38,22.22,57.8,0.225,400.0,6.0,34.3,0.15,29.32,51.9,-0.2546,0.967,0.0,1.0
2024-03-01 23:02:00,medium_office,21.15,22.23,57.3,0.047,400.0,0.0,33.8,0.11,29.44,50.2,-0.2504,0.9681,0.0,1.0
2024-03-01 23:03:00,medium_office,21.21,22.66,57.0,0.058,407.0,9.0,38.0,0.23,30.24,48.5,-0.2462,0.9692,0.0,1.0
2024-03-01 23:04:00,medium_office,20.75,23.13,58.7,0.022,442.0,41.0,29.1,0.22,30.58,46.8,-0.2419,0.9703,0.0,1.0
2024-03-01 23:05:00,medium_office,21.32,22.98,58.3,0.079,410.0,15.0,36.4,0.19,30.06,45.2,-0.2377,0.9713,0.0,1.0
2024-03-01 23:06:00,medium_office,21.67,22.03,57.4,0.144,400.0,8.0,33.6,0.02,28.78,43.6,-0.2334,0.9724,0.0,1.0
2024-03-01 23:07:00,medium_office,20.99,22.44,55.6,0.038,400.0,19.0,29.3,0.07,30.53,42.0,-0.2292,0.9734,0.0,1.0
2024-03-01 23:08:00,medium_office,21.43,22.18,57.8,0.017,403.0,0.0,32.1,0.03,30.29,40.5,-0.225,0.9744,0.0,1.0
2024-03-01 23:09:00,medium_office,21.06,22.45,56.9,0.025,400.0,6.0,34.9,0.29,28.72,39.0,-0.2207,0.9753,0.0,1.0
2024-03-01 23:10:00,medium_office,21.15,23.21,56.4,0.569,404.0,0.0,35.3,0.04,29.93,37.5,-0.2164,0.9763,0.0,1.0
2024-03-01 23:11:00,medium_office,21.81,22.01,62.4,0.047,406.0,0.0,37.2,0.29,30.63,36.0,-0.2122,0.9772,0.0,1.0
2024-03-01 23:12:00,medium_office,21.21,21.94,54.0,0.343,400.0,10.0,37.4,0.03,31.95,34.6,-0.2079,0.9781,0.0,1.0
2024-03-01 23:13:00,medium_office,21.53,22.26,59.1,0.034,454.0,10.0,30.4,0.26,29.24,33.2,-0.2036,0.979,0.0,1.0
2024-03-01 23:14:00,medium_office,20.84,22.72,55.4,0.623,418.0,0.0,36.1,0.17,31.15,31.8,-0.1994,0.9799,0.0,1.0
2024-03-01 23:15:00,medium_office,21.97,22.86,57.5,0.073,436.0,31.0,37.2,0.25,29.32,30.4,-0.1951,0.9808,0.0,1.0
2024-03-01 23:16:00,medium_office,21.61,22.79,62.4,0.128,428.0,0.0,35.7,0.19,29.15,29.1,-0.1908,0.9816,0.0,1.0
2024-03-01 23:17:00,medium_office,21.39,23.1,55.3,0.012,400.0,0.0,36.5,0.23,29.25,27.8,-0.1865,0.9825,0.0,1.0
2024-03-01 23:18:00,medium_office,21.63,21.93,55.8,0.082,400.0,0.0,29.2,0.22,31.1,26.6,-0.1822,0.9833,0.0,1.0
2024-03-01 23:19:00,medium_office,21.04,23.12,57.3,0.091,400.0,0.0,32.0,0.08,30.65,25.3,-0.1779,0.984,0.0,1.0
2024-03-01 23:20:00,medium_office,21.83,22.53,55.7,0.579,420.0,10.0,39.1,0.28,30.24,24.1,-0.1736,0.9848,0.0,1.0
2024-03-01 23:21:00,medium_office,21.39,22.95,59.1,0.299,400.0,0.0,34.2,0.19,31.05,22.9,-0.1693,0.9856,0.0,1.0
2024-03-01 23:22:00,medium_office,21.44,22.14,56.3,0.11,452.0,30.0,41.7,0.06,30.66,21.8,-0.165,0.9863,0.0,1.0
2024-03-01 23:23:00,medium_office,21.37,22.68,58.7,0.291,400.0,29.0,31.2,0.09,30.77,20.7,-0.1607,0.987,0.0,1.0
2024-03-01 23:24:00,medium_office,21.36,22.78,54.8,0.007,406.0,0.0,39.7,0.16,30.39,19.6,-0.1564,0.9877,0.0,1.0
2024-03-01 23:25:00,medium_office,21.75,23.16,53.9,0.533,400.0,0.0,33.2,0.26,29.7,18.5,-0.1521,0.9884,0.0,1.0
2024-03-01 23:26:00,medium_office,21.63,22.07,57.1,0.133,400.0,16.0,37.6,0.24,32.45,17.5,-0.1478,0.989,0.0,1.0
2024-03-01 23:27:00,medium_office,21.77,22.73,54.4,0.305,465.0,29.0,34.1,0.09,32.19,16.5,-0.1435,0.9897,0.0,1.0
2024-03-01 23:28:00,medium_office,21.58,22.29,60.6,0.111,400.0,0.0,35.3,0.21,32.41,15.5,-0.1392,0.9903,0.0,1.0
2024-03-01 23:29:00,medium_office,21.75,22.93,54.5,0.425,400.0,8.0,36.8,0.0,30.31,14.5,-0.1349,0.9909,0.0,1.0
2024-03-01 23:30:00,medium_office,21.48,23.05,55.6,0.225,400.0,0.0,33.2,0.1,30.2,13.6,-0.1305,0.9914,0.0,1.0
2024-03-01 23:31:00,medium_office,22.29,23.26,58.5,0.402,401.0,0.0,37.4,0.25,30.5,12.7,-0.1262,0.992,0.0,1.0
2024-03-01 23:32:00,medium_office,21.16,22.54,56.5,0.204,400.0,33.0,34.2,0.05,32.03,11.9,-0.1219,0.9925,0.0,1.0
2024-03-01 23:33:00,medium_office,22.03,23.14,54.7,0.138,400.0,90.0,35.5,0.11,30.98,11.1,-0.1175,0.9931,0.0,1.0
2024-03-01 23:34:00,medium_office,22.07,23.32,61.8,0.203,400.0,0.0,27.1,0.0,30.47,10.3,-0.1132,0.9936,0.0,1.0
2024-03-01 23:35:00,medium_office,21.42,22.12,55.8,0.219,418.0,0.0,34.0,0.01,31.41,9.5,-0.1089,0.9941,0.0,1.0
2024-03-01 23:36:00,medium_office,22.36,23.04,57.4,0.209,431.0,0.0,38.8,0.04,30.34,8.7,-0.1045,0.9945,0.0,1.0
2024-03-01 23:37:00,medium_office,22.0,23.18,57.4,0.377,401.0,2.0,37.1,0.03,29.76,8.0,-0.1002,0.995,0.0,1.0
2024-03-01 23:38:00,medium_office,22.0,22.7,59.3,0.302,402.0,0.0,37.7,0.15,31.27,7.3,-0.0958,0.9954,0.0,1.0
2024-03-01 23:39:00,medium_office,21.73,22.33,58.8,0.382,400.0,0.0,35.2,0.27,30.66,6.7,-0.0915,0.9958,0.0,1.0
2024-03-01 23:40:00,medium_office,21.67,23.2,56.3,0.057,400.0,0.0,40.0,0.03,31.2,6.1,-0.0872,0.9962,0.0,1.0
2024-03-01 23:41:00,medium_office,21.69,22.35,57.3,0.509,400.0,12.0,35.9,0.26,28.56,5.5,-0.0828,0.9966,0.0,1.0
2024-03-01 23:42:00,medium_office,21.88,22.77,57.5,0.099,400.0,0.0,33.0,0.2,30.38,4.9,-0.0785,0.9969,0.0,1.0
2024-03-01 23:43:00,medium_office,22.2,22.84,59.5,0.035,400.0,0.0,37.6,0.05,31.26,4.4,-0.0741,0.9973,0.0,1.0
2024-03-01 23:44:00,medium_office,21.85,23.15,55.7,0.032,427.0,0.0,37.8,0.09,29.82,3.9,-0.0698,0.9976,0.0,1.0
2024-03-01 23:45:00,medium_office,21.53,22.62,62.1,0.092,400.0,0.0,36.9,0.06,29.89,3.4,-0.0654,0.9979,0.0,1.0
2024-03-01 23:46:00,medium_office,22.06,22.6,56.6,0.032,400.0,0.0,33.8,0.24,31.44,3.0,-0.061,0.9981,0.0,1.0
2024-03-01 23:47:00,medium_office,22.11,22.93,58.1,0.07,400.0,0.0,35.8,0.22,32.13,2.6,-0.0567,0.9984,0.0,1.0
2024-03-01 23:48:00,medium_office,22.04,23.3,55.8,0.348,437.0,19.0,39.2,0.09,30.57,2.2,-0.0523,0.9986,0.0,1.0
2024-03-01 23:49:00,medium_office,22.08,23.82,55.5,0.028,400.0,0.0,36.4,0.02,31.23,1.8,-0.048,0.9988,0.0,1.0
2024-03-01 23:50:00,medium_office,21.79,22.31,56.4,0.145,408.0,0.0,30.6,0.05,31.29,1.5,-0.0436,0.999,0.0,1.0
2024-03-01 23:51:00,medium_office,21.6,23.05,56.3,0.118,400.0,31.0,33.1,0.19,29.99,1.2,-0.0393,0.9992,0.0,1.0
2024-03-01 23:52:00,medium_office,21.63,22.5,57.4,0.012,402.0,13.0,33.0,0.03,32.77,1.0,-0.0349,0.9994,0.0,1.0
2024-03-01 23:53:00,medium_office,21.42,23.35,56.3,0.065,407.0,0.0,32.7,0.16,31.44,0.7,-0.0305,0.9995,0.0,1.0
2024-03-01 23:54:00,medium_office,21.99,22.57,59.7,0.18,402.0,0.0,28.7,0.18,31.48,0.5,-0.0262,0.9997,0.0,1.0
2024-03-01 23:55:00,medium_office,21.91,22.69,56.7,0.247,424.0,0.0,40.7,0.21,32.05,0.4,-0.0218,0.9998,0.0,1.0
2024-03-01 23:56:00,medium_office,21.82,22.73,56.5,0.117,400.0,20.0,32.4,0.04,30.15,0.2,-0.0175,0.9998,0.0,1.0
2024-03-01 23:57:00,medium_office,21.07,22.94,57.6,0.128,452.0,0.0,32.6,0.14,32.66,0.1,-0.0131,0.9999,0.0,1.0
2024-03-01 23:58:00,medium_office,21.6,23.11,60.4,0.336,401.0,0.0,29.2,0.14,32.82,0.1,-0.0087,1.0,0.0,1.0
2024-03-01 23:59:00,medium_office,22.32,23.18,58.8,0.287,400.0,0.0,37.6,0.25,31.95,0.0,-0.0044,1.0,0.0,1.0
2024-03-02 00:00:00,medium_office,21.8,23.0,58.2,0.034,419.0,0.0,34.7,0.14,32.3,0.0,0.0,1.0,0.7818,0.6235
2024-03-02 00:01:00,medium_office,22.12,22.48,55.6,0.06,412.0,42.0,33.9,0.12,31.54,0.0,0.0044,1.0,0.7818,0.6235
2024-03-02 00:02:00,medium_office,21.61,23.31,56.2,0.158,401.0,20.0,34.1,0.04,32.76,0.1,0.0087,1.0,0.7818,0.6235
2024-03-02 00:03:00,medium_office,22.47,23.0,55.9,0.11,400.0,0.0,36.8,0.21,31.1,0.1,0.0131,0.9999,0.7818,0.6235
2024-03-02 00:04:00,medium_office,22.01,23.5,61.1,0.158,400.0,6.0,33.6,0.19,31.92,0.2,0.0175,0.9998,0.7818,0.6235
2024-03-02 00:05:00,medium_office,22.15,22.76,59.6,0.107,400.0,29.0,29.0,0.22,32.01,0.4,0.0218,0.9998,0.7818,0.6235
2024-03-02 00:06:00,medium_office,22.78,22.41,56.8,0.156,449.0,2.0,31.1,0.2,31.98,0.5,0.0262,0.9997,0.7818,0.6235
2024-03-02 00:07:00,medium_office,22.55,23.05,57.4,0.112,400.0,47.0,31.0,0.26,33.12,0.7,0.0305,0.9995,0.7818,0.6235
2024-03-02 00:08:00,medium_office,22.01,23.59,56.9,0.051,429.0,88.0,35.8,0.26,34.27,1.0,0.0349,0.9994,0.7818,0.6235
2024-03-02 00:09:00,medium_office,21.94,23.14,56.8,0.389,400.0,0.0,37.8,0.09,32.0,1.2,0.0393,0.9992,0.7818,0.6235
2024-03-02 00:10:00,medium_office,22.03,23.01,59.6,0.014,400.0,0.0,39.4,0.05,32.61,1.5,0.0436,0.999,0.7818,0.6235
2024-03-02 00:11:00,medium_office,22.3,22.75,58.1,0.076,420.0,0.0,30.1,0.28,31.37,1.8,0.048,0.9988,0.7818,0.6235
2024-03-02 00:12:00,medium_office,22.13,23.81,62.8,0.131,400.0,0.0,36.9,0.21,33.23,2.2,0.0523,0.9986,0.7818,0.6235
2024-03-02 00:13:00,medium_office,22.05,22.7,61.2,0.315,416.0,37.0,33.2,0.29,31.71,2.6,0.0567,0.9984,0.7818,0.6235
2024-03-02 00:14:00,medium_office,22.62,22.83,61.3,0.106,400.0,0.0,43.8,0.15,35.4,3.0,0.061,0.9981,0.7818,0.6235
2024-03-02 00:15:00,medium_office,22.16,23.36,60.1,0.003,400.0,26.0,39.2,0.29,30.62,3.4,0.0654,0.9979,0.7818,0.6235
2024-03-02 00:16:00,medium_office,22.9,22.4,57.9,0.295,400.0,32.0,40.1,0.04,34.46,3.9,0.0698,0.9976,0.7818,0.6235
2024-03-02 00:17:00,medium_office,22.25,23.66,60.0,0.215,400.0,0.0,37.4,0.18,33.34,4.4,0.0741,0.9973,0.7818,0.6235
2024-03-02 00:18:00,medium_office,22.77,23.41,58.1,0.103,442.0,0.0,36.1,0.15,31.25,4.9,0.0785,0.9969,0.7818,0.6235
2024-03-02 00:19:00,medium_office,22.36,23.53,62.1,0.113,447.0,52.0,33.8,0.0,34.72,5.5,0.0828,0.9966,0.7818,0.6235
2024-03-02 00:20:00,medium_office,22.55,23.4,59.7,0.065,400.0,0.0,33.2,0.06,31.5,6.1,0.0872,0.9962,0.7818,0.6235
2024-03-02 00:21:00,medium_office,22.06,23.12,59.4,0.39,400.0,0.0,32.6,0.05,32.15,6.7,0.0915,0.9958,0.7818,0.6235
2024-03-02 00:22:00,medium_office,22.03,22.77,59.1,0.021,400.0,0.0,36.9,0.02,31.19,7.3,0.0958,0.9954,0.7818,0.6235
2024-03-02 00:23:00,medium_office,22.44,23.14,62.4,0.17,410.0,0.0,39.7,0.28,32.37,8.0,0.1002,0.995,0.7818,0.6235
2024-03-02 00:24:00,medium_office,22.61,22.82,56.1,0.116,400.0,45.0,33.9,0.29,32.5,8.7,0.1045,0.9945,0.7818,0.6235
2024-03-02 00:25:00,medium_office,22.34,23.41,62.6,0.145,415.0,21.0,32.8,0.27,33.41,9.5,0.1089,0.9941,0.7818,0.6235
2024-03-02 00:26:00,medium_office,21.95,23.55,58.6,0.162,400.0,5.0,30.5,0.3,35.04,10.3,0.1132,0.9936,0.7818,0.6235
2024-03-02 00:27:00,medium_office,21.94,23.83,56.2,0.286,400.0,48.0,35.7,0.25,32.12,11.1,0.1175,0.9931,0.7818,0.6235
2024-03-02 00:28:00,medium_office,21.94,23.39,57.5,0.01,472.0,42.0,38.7,0.28,29.91,11.9,0.1219,0.9925,0.7818,0.6235
2024-03-02 00:29:00,medium_office,21.85,23.62,55.7,0.284,400.0,10.0,38.8,0.06,33.34,12.7,0.1262,0.992,0.7818,0.6235
2024-03-02 00:30:00,medium_office,22.42,23.14,60.4,0.073,449.0,83.0,39.1,0.08,32.17,13.6,0.1305,0.9914,0.7818,0.6235
2024-03-02 00:31:00,medium_office,22.74,23.08,57.0,0.277,443.0,0.0,36.2,0.26,34.57,14.5,0.1349,0.9909,0.7818,0.6235
2024-03-02 00:32:00,medium_office,22.41,23.47,59.4,0.071,415.0,33.0,35.3,0.14,32.74,15.5,0.1392,0.9903,0.7818,0.6235
2024-03-02 00:33:00,medium_office,21.75,23.13,61.4,0.181,400.0,0.0,38.8,0.22,32.04,16.5,0.1435,0.9897,0.7818,0.6235
2024-03-02 00:34:00,medium_office,22.39,23.4,57.8,0.037,401.0,27.0,31.7,0.17,31.82,17.5,0.1478,0.989,0.7818,0.6235
2024-03-02 00:35:00,medium_office,22.41,22.88,58.6,0.412,400.0,0.0,33.7,0.09,33.48,18.5,0.1521,0.9884,0.7818,0.6235
2024-03-02 00:36:00,medium_office,23.1,22.96,56.5,0.192,401.0,14.0,40.1,0.09,32.61,19.6,0.1564,0.9877,0.7818,0.6235
2024-03-02 00:37:00,medium_office,22.05,23.58,58.4,0.002,400.0,72.0,31.8,0.22,34.38,20.7,0.1607,0.987,0.7818,0.6235
2024-03-02 00:38:00,medium_office,22.38,23.68,64.3,0.011,423.0,29.0,34.9,0.16,32.73,21.8,0.165,0.9863,0.7818,0.6235
2024-03-02 00:39:00,medium_office,23.02,22.94,60.8,0.045,430.0,14.0,36.9,0.11,34.38,22.9,0.1693,0.9856,0.7818,0.6235
2024-03-02 00:40:00,medium_office,22.66,23.62,58.7,0.129,435.0,0.0,35.2,0.19,31.62,24.1,0.1736,0.9848,0.7818,0.6235
2024-03-02 00:41:00,medium_office,22.7,23.14,58.0,0.066,400.0,6.0,38.4,0.13,31.28,25.3,0.1779,0.984,0.7818,0.6235
2024-03-02 00:42:00,medium_office,22.58,23.37,59.2,0.025,400.0,0.0,39.6,0.14,33.88,26.6,0.1822,0.9833,0.7818,0.6235
2024-03-02 00:43:00,medium_office,22.66,23.94,59.5,0.153,411.0,27.0,36.4,0.2,32.61,27.8,0.1865,0.9825,0.7818,0.6235
2024-03-02 00:44:00,medium_office,22.81,23.7,58.5,0.128,453.0,26.0,39.2,0.14,32.84,29.1,0.1908,0.9816,0.7818,0.6235
2024-03-02 00:45:00,medium_office,22.34,23.71,60.4,0.281,402.0,0.0,32.2,0.28,32.12,30.4,0.1951,0.9808,0.7818,0.6235
2024-03-02 00:46:00,medium_office,22.86,24.16,57.4,0.055,414.0,50.0,34.5,0.15,32.07,31.8,0.1994,0.9799,0.7818,0.6235
2024-03-02 00:47:00,medium_office,22.2,23.13,57.4,0.139,400.0,46.0,42.2,0.29,33.82,33.2,0.2036,0.979,0.7818,0.6235
2024-03-02 00:48:00,medium_office,22.72,23.02,60.1,0.364,400.0,4.0,40.8,0.25,33.19,34.6,0.2079,0.9781,0.7818,0.6235
2024-03-02 00:49:00,medium_office,22.69,23.14,57.0,0.346,420.0,17.0,31.2,0.27,32.18,36.0,0.2122,0.9772,0.7818,0.6235
2024-03-02 00:50:00,medium_office,22.46,23.33,60.8,0.018,400.0,0.0,35.0,0.23,34.05,37.5,0.2164,0.9763,0.7818,0.6235
2024-03-02 00:51:00,medium_office,22.66,22.5,59.4,0.261,412.0,0.0,35.4,0.18,34.47,39.0,0.2207,0.9753,0.7818,0.6235
2024-03-02 00:52:00,medium_office,22.49,23.37,55.8,0.029,415.0,0.0,36.2,0.16,33.21,40.5,0.225,0.9744,0.7818,0.6235
2024-03-02 00:53:00,medium_office,22.37,23.24,59.6,0.027,410.0,0.0,38.8,0.17,34.35,42.0,0.2292,0.9734,0.7818,0.6235
2024-03-02 00:54:00,medium_office,22.59,23.78,56.1,0.001,417.0,0.0,40.5,0.06,32.37,43.6,0.2334,0.9724,0.7818,0.6235
2024-03-02 00:55:00,medium_office,22.38,23.62,60.8,0.384,400.0,0.0,35.1,0.06,33.97,45.2,0.2377,0.9713,0.7818,0.6235
2024-03-02 00:56:00,medium_office,22.82,23.24,59.0,0.056,400.0,17.0,38.4,0.01,33.58,46.8,0.2419,0.9703,0.7818,0.6235
2024-03-02 00:57:00,medium_office,22.39,23.73,63.2,0.097,400.0,31.0,36.9,0.22,32.65,48.5,0.2462,0.9692,0.7818,0.6235
2024-03-02 00:58:00,medium_office,22.96,23.79,61.6,0.168,400.0,0.0,34.9,0.04,35.52,50.2,0.2504,0.9681,0.7818,0.6235
2024-03-02 00:59:00,medium_office,22.41,23.2,57.4,0.002,400.0,0.0,29.9,0.17,33.73,51.9,0.2546,0.967,0.7818,0.6235
2024-03-02 01:00:00,medium_office,22.61,23.32,55.5,0.114,407.0,0.0,38.1,0.04,32.93,53.6,0.2588,0.9659,0.7818,0.6235
2024-03-02 01:01:00,medium_office,22.6,22.64,58.0,0.035,427.0,0.0,36.8,0.02,33.57,55.3,0.263,0.9648,0.7818,0.6235
2024-03-02 01:02:00,medium_office,23.2,23.1,57.1,0.085,436.0,0.0,36.2,0.16,32.7,57.1,0.2672,0.9636,0.7818,0.6235
2024-03-02 01:03:00,medium_office,22.91,23.25,63.2,0.102,442.0,44.0,32.1,0.26,32.44,58.9,0.2714,0.9625,0.7818,0.6235
2024-03-02 01:04:00,medium_office,22.76,23.58,59.6,0.015,400.0,0.0,40.9,0.11,33.17,60.8,0.2756,0.9613,0.7818,0.6235
2024-03-02 01:05:00,medium_office,22.99,23.18,61.5,0.292,400.0,0.0,35.5,0.28,33.27,62.6,0.2798,0.96,0.7818,0.6235
2024-03-02 01:06:00,medium_office,22.22,23.36,59.0,0.469,400.0,25.0,31.6,0.0,32.87,64.5,0.284,0.9588,0.7818,0.6235
2024-03-02 01:07:00,medium_office,22.85,23.09,59.3,0.034,402.0,0.0,31.1,0.14,34.95,66.4,0.2882,0.9576,0.7818,0.6235
2024-03-02 01:08:00,medium_office,23.48,23.65,59.6,0.211,400.0,0.0,37.0,0.04,32.95,68.4,0.2924,0.9563,0.7818,0.6235
2024-03-02 01:09:00,medium_office,22.93,23.76,61.9,0.077,400.0,61.0,37.1,0.09,32.81,70.3,0.2965,0.955,0.7818,0.6235
2024-03-02 01:10:00,medium_office,22.92,23.76,60.3,0.024,400.0,11.0,33.6,0.01,32.58,72.3,0.3007,0.9537,0.7818,0.6235
2024-03-02 01:11:00,medium_office,23.08,23.61,57.5,0.237,414.0,28.0,36.4,0.01,32.51,74.4,0.3049,0.9524,0.7818,0.6235
2024-03-02 01:12:00,medium_office,23.2,23.0,62.9,0.182,400.0,15.0,37.0,0.21,34.84,76.4,0.309,0.9511,0.7818,0.6235
2024-03-02 01:13:00,medium_office,22.34,23.38,59.1,0.539,470.0,5.0,35.4,0.2,34.1,78.5,0.3132,0.9497,0.7818,0.6235
2024-03-02 01:14:00,medium_office,22.45,23.47,58.8,0.018,401.0,38.0,32.9,0.06,34.56,80.5,0.3173,0.9483,0.7818,0.6235
2024-03-02 01:15:00,medium_office,23.03,23.48,54.0,0.055,432.0,57.0,37.9,0.27,34.91,82.7,0.3214,0.9469,0.7818,0.6235
2024-03-02 01:16:00,medium_office,22.76,23.68,61.0,0.174,400.0,0.0,37.5,0.21,33.58,84.8,0.3256,0.9455,0.7818,0.6235
2024-03-02 01:17:00,medium_office,23.38,24.23,59.9,0.062,417.0,0.0,36.7,0.1,35.41,87.0,0.3297,0.9441,0.7818,0.6235
2024-03-02 01:18:00,medium_office,22.91,23.99,59.9,0.197,403.0,0.0,32.5,0.12,33.33,89.1,0.3338,0.9426,0.7818,0.6235
2024-03-02 01:19:00,medium_office,22.43,23.28,58.9,0.042,426.0,0.0,31.0,0.09,32.89,91.4,0.3379,0.9412,0.7818,0.6235
2024-03-02 01:20:00,medium_office,22.65,23.96,58.6,0.045,400.0,29.0,35.2,0.25,34.38,93.6,0.342,0.9397,0.7818,0.6235
2024-03-02 01:21:00,medium_office,22.21,23.95,59.0,0.192,447.0,8.0,37.8,0.15,34.17,95.8,0.3461,0.9382,0.7818,0.6235
2024-03-02 01:22:00,medium_office,22.98,23.38,60.7,0.053,400.0,58.0,38.1,0.04,34.19,98.1,0.3502,0.9367,0.7818,0.6235
2024-03-02 01:23:00,medium_office,23.01,24.05,61.1,0.107,428.0,33.0,36.8,0.06,35.09,100.4,0.3543,0.9351,0.7818,0.6235
2024-03-02 01:24:00,medium_office,22.95,23.65,59.3,0.029,404.0,41.0,33.6,0.09,34.2,102.7,0.3584,0.9336,0.7818,0.6235
2024-03-02 01:25:00,medium_office,23.41,23.16,61.7,0.056,400.0,0.0,32.6,0.12,34.43,105.1,0.3624,0.932,0.7818,0.6235
2024-03-02 01:26:00,medium_office,23.46,23.92,59.7,0.032,459.0,0.0,34.9,0.18,35.5,107.5,0.3665,0.9304,0.7818,0.6235
2024-03-02 01:27:00,medium_office,23.06,23.83,58.8,0.176,455.0,0.0,35.0,0.29,34.43,109.9,0.3706,0.9288,0.7818,0.6235
2024-03-02 01:28:00,medium_office,22.48,23.66,60.2,0.269,400.0,40.0,38.3,0.08,34.68,112.3,0.3746,0.9272,0.7818,0.6235
2024-03-02 01:29:00,medium_office,23.32,23.74,57.1,0.044,405.0,0.0,33.6,0.1,32.79,114.7,0.3786,0.9255,0.7818,0.6235
2024-03-02 01:30:00,medium_office,23.31,23.48,60.3,0.048,421.0,0.0,33.8,0.01,37.95,117.2,0.3827,0.9239,0.7818,0.6235
2024-03-02 01:31:00,medium_office,23.25,24.02,56.8,0.199,413.0,0.0,41.2,0.11,32.66,119.6,0.3867,0.9222,0.7818,0.6235
2024-03-02 01:32:00,medium_office,23.47,23.76,57.8,0.278,445.0,83.0,39.7,0.2,33.73,122.1,0.3907,0.9205,0.7818,0.6235
2024-03-02 01:33:00,medium_office,22.83,23.86,55.8,0.11,439.0,0.0,32.4,0.29,33.73,124.7,0.3947,0.9188,0.7818,0.6235
2024-03-02 01:34:00,medium_office,23.8,23.94,59.5,0.058,408.0,16.0,39.4,0.22,36.42,127.2,0.3987,0.9171,0.7818,0.6235
2024-03-02 01:35:00,medium_office,22.92,23.34,63.1,0.067,468.0,0.0,31.6,0.04,33.74,129.8,0.4027,0.9153,0.7818,0.6235
2024-03-02 01:36:00,medium_office,23.44,23.46,59.7,0.389,428.0,29.0,33.7,0.27,34.8,132.3,0.4067,0.9135,0.7818,0.6235
2024-03-02 01:37:00,medium_office,22.73,22.94,61.2,0.039,400.0,0.0,34.0,0.25,33.82,135.0,0.4107,0.9118,0.7818,0.6235
2024-03-02 01:38:00,medium_office,22.97,24.06,64.6,0.037,400.0,0.0,34.8,0.06,33.36,137.6,0.4147,0.91,0.7818,0.6235
2024-03-02 01:39:00,medium_office,23.71,23.35,60.7,0.266,437.0,0.0,36.9,0.28,34.99,140.2,0.4187,0.9081,0.7818,0.6235
2024-03-02 01:40:00,medium_office,23.19,23.9,58.4,0.072,400.0,7.0,35.3,0.21,33.72,142.9,0.4226,0.9063,0.7818,0.6235
2024-03-02 01:41:00,medium_office,23.53,24.0,58.7,0.433,400.0,0.0,36.8,0.23,34.67,145.6,0.4266,0.9045,0.7818,0.6235
2024-03-02 01:42:00,medium_office,23.36,24.1,59.9,0.485,400.0,46.0,33.8,0.14,35.11,148.3,0.4305,0.9026,0.7818,0.6235
2024-03-02 01:43:00,medium_office,23.27,23.39,58.7,0.035,411.0,15.0,36.1,0.06,36.41,151.0,0.4344,0.9007,0.7818,0.6235
2024-03-02 01:44:00,medium_office,23.72,23.85,58.8,0.21,400.0,0.0,35.2,0.24,33.26,153.7,0.4384,0.8988,0.7818,0.6235
2024-03-02 01:45:00,medium_office,23.26,24.55,61.9,0.02,400.0,30.0,30.8,0.14,34.39,156.5,0.4423,0.8969,0.7818,0.6235
2024-03-02 01:46:00,medium_office,22.8,24.58,62.0,0.174,435.0,0.0,36.4,0.29,34.45,159.3,0.4462,0.8949,0.7818,0.6235
2024-03-02 01:47:00,medium_office,23.11,24.3,56.7,0.291,400.0,0.0,35.3,0.05,34.59,162.1,0.4501,0.893,0.7818,0.6235
2024-03-02 01:48:00,medium_office,23.53,24.04,58.3,0.102,461.0,27.0,32.9,0.11,37.17,164.9,0.454,0.891,0.7818,0.6235
2024-03-02 01:49:00,medium_office,23.49,23.51,59.0,0.042,409.0,0.0,33.7,0.22,34.45,167.7,0.4579,0.889,0.7818,0.6235
2024-03-02 01:50:00,medium_office,22.92,24.21,61.2,0.024,438.0,22.0,33.8,0.17,32.12,170.6,0.4617,0.887,0.7818,0.6235
2024-03-02 01:51:00,medium_office,23.18,23.87,62.2,0.09,419.0,0.0,34.3,0.13,34.46,173.4,0.4656,0.885,0.7818,0.6235
2024-03-02 01:52:00,medium_office,23.23,24.16,65.4,0.032,439.0,0.0,40.3,0.21,34.56,176.3,0.4695,0.8829,0.7818,0.6235
2024-03-02 01:53:00,medium_office,23.31,23.69,59.0,0.132,417.0,59.0,41.3,0.22,34.46,179.2,0.4733,0.8809,0.7818,0.6235
2024-03-02 01:54:00,medium_office,23.02,23.89,59.1,0.097,407.0,0.0,26.8,0.17,34.0,182.1,0.4772,0.8788,0.7818,0.6235
2024-03-02 01:55:00,medium_office,23.25,24.03,61.2,0.235,433.0,29.0,36.5,0.1,33.42,185.1,0.481,0.8767,0.7818,0.6235
2024-03-02 01:56:00,medium_office,23.24,24.07,58.6,0.189,475.0,8.0,37.9,0.19,36.92,188.0,0.4848,0.8746,0.7818,0.6235
2024-03-02 01:57:00,medium_office,23.7,24.17,59.7,0.142,400.0,11.0,34.4,0.16,35.1,191.0,0.4886,0.8725,0.7818,0.6235
2024-03-02 01:58:00,medium_office,23.72,23.75,59.2,0.064,424.0,0.0,37.8,0.24,34.6,194.0,0.4924,0.8704,0.7818,0.6235
2024-03-02 01:59:00,medium_office,23.44,23.46,54.7,0.393,400.0,0.0,40.0,0.2,36.94,197.0,0.4962,0.8682,0.7818,0.6235
2024-03-02 02:00:00,medium_office,23.38,24.65,60.2,0.285,415.0,46.0,30.9,0.15,33.96,200.0,0.5,0.866,0.7818,0.6235
2024-03-02 02:01:00,medium_office,23.55,25.0,59.6,0.307,401.0,28.0,35.4,0.01,35.45,203.0,0.5038,0.8638,0.7818,0.6235
2024-03-02 02:02:00,medium_office,23.28,24.19,62.5,0.022,400.0,0.0,40.9,0.05,33.62,206.1,0.5075,0.8616,0.7818,0.6235
2024-03-02 02:03:00,medium_office,23.19,23.49,60.0,0.004,400.0,0.0,31.3,0.1,35.64,209.1,0.5113,0.8594,0.7818,0.6235
2024-03-02 02:04:00,medium_office,23.26,23.72,57.5,0.202,430.0,0.0,34.7,0.18,33.77,212.2,0.515,0.8572,0.7818,0.6235
2024-03-02 02:05:00,medium_office,23.37,24.24,59.5,0.063,400.0,29.0,33.7,0.24,35.39,215.3,0.5188,0.8549,0.7818,0.6235
2024-03-02 02:06:00,medium_office,23.22,24.58,55.8,0.065,428.0,35.0,38.2,0.29,36.89,218.4,0.5225,0.8526,0.7818,0.6235
2024-03-02 02:07:00,medium_office,23.63,23.57,57.6,0.019,406.0,17.0,38.6,0.18,35.05,221.5,0.5262,0.8504,0.7818,0.6235
2024-03-02 02:08:00,medium_office,23.81,24.01,61.3,0.186,400.0,0.0,35.5,0.22,32.78,224.7,0.5299,0.848,0.7818,0.6235
2024-03-02 02:09:00,medium_office,23.12,24.15,59.5,0.347,427.0,23.0,35.1,0.19,35.03,227.8,0.5336,0.8457,0.7818,0.6235
2024-03-02 02:10:00,medium_office,23.62,24.42,61.8,0.718,420.0,39.0,29.8,0.13,35.49,231.0,0.5373,0.8434,0.7818,0.6235
2024-03-02 02:11:00,medium_office,23.56,23.94,56.1,0.629,413.0,5.0,39.3,0.18,35.92,234.1,0.541,0.841,0.7818,0.6235
2024-03-02 02:12:00,medium_office,23.74,23.46,59.5,0.336,430.0,59.0,33.9,0.12,36.51,237.3,0.5446,0.8387,0.7818,0.6235
2024-03-02 02:13:00,medium_office,23.64,24.35,59.0,0.034,406.0,0.0,34.6,0.14,36.58,240.5,0.5483,0.8363,0.7818,0.6235
2024-03-02 02:14:00,medium_office,23.22,24.55,61.9,0.052,400.0,21.0,37.9,0.27,34.94,243.7,0.5519,0.8339,0.7818,0.6235
2024-03-02 02:15:00,medium_office,23.29,24.08,61.3,0.013,400.0,0.0,35.6,0.17,34.43,246.9,0.5556,0.8315,0.7818,0.6235
2024-03-02 02:16:00,medium_office,23.69,24.28,61.3,0.102,400.0,32.0,38.0,0.03,33.99,250.2,0.5592,0.829,0.7818,0.6235
2024-03-02 02:17:00,medium_office,24.0,23.94,63.1,0.268,420.0,18.0,36.8,0.16,34.58,253.4,0.5628,0.8266,0.7818,0.6235
2024-03-02 02:18:00,medium_office,23.03,23.79,59.3,0.007,427.0,54.0,35.6,0.29,35.61,256.7,0.5664,0.8241,0.7818,0.6235
2024-03-02 02:19:00,medium_office,23.81,24.55,62.7,0.662,428.0,15.0,35.9,0.03,33.8,259.9,0.57,0.8216,0.7818,0.6235
2024-03-02 02:20:00,medium_office,24.08,24.3,57.9,0.023,415.0,0.0,31.6,0.29,34.24,263.2,0.5736,0.8192,0.7818,0.6235
2024-03-02 02:21:00,medium_office,23.69,24.35,57.8,0.039,429.0,0.0,34.6,0.3,35.75,266.5,0.5771,0.8166,0.7818,0.6235
2024-03-02 02:22:00,medium_office,23.91,24.76,61.5,0.171,400.0,0.0,38.3,0.17,34.55,269.8,0.5807,0.8141,0.7818,0.6235
2024-03-02 02:23:00,medium_office,23.54,23.75,57.0,0.112,400.0,0.0,32.3,0.1,35.58,273.1,0.5842,0.8116,0.7818,0.6235
2024-03-02 02:24:00,medium_office,23.73,23.95,61.1,0.327,400.0,40.0,32.9,0.0,34.42,276.4,0.5878,0.809,0.7818,0.6235
2024-03-02 02:25:00,medium_office,23.29,24.25,60.2,0.195,400.0,38.0,32.4,0.0,35.53,279.7,0.5913,0.8064,0.7818,0.6235
2024-03-02 02:26:00,medium_office,23.08,23.96,62.1,0.008,448.0,0.0,35.5,0.12,34.49,283.1,0.5948,0.8039,0.7818,0.6235
2024-03-02 02:27:00,medium_office,24.08,24.51,59.9,0.312,433.0,1.0,39.2,0.23,33.37,286.4,0.5983,0.8013,0.7818,0.6235
2024-03-02 02:28:00,medium_office,23.51,24.13,60.1,0.218,420.0,2.0,36.6,0.28,36.24,289.7,0.6018,0.7986,0.7818,0.6235
2024-03-02 02:29:00,medium_office,23.68,23.81,61.0,0.153,400.0,0.0,28.5,0.05,34.61,293.1,0.6053,0.796,0.7818,0.6235
2024-03-02 02:30:00,medium_office,23.41,24.24,58.6,0.007,400.0,13.0,36.9,0.15,35.07,296.5,0.6088,0.7934,0.7818,0.6235
2024-03-02 02:31:00,medium_office,23.41,24.29,58.5,0.208,406.0,44.0,33.7,0.15,34.64,299.8,0.6122,0.7907,0.7818,0.6235
2024-03-02 02:32:00,medium_office,23.79,24.61,60.9,0.109,433.0,27.0,36.5,0.11,35.89,303.2,0.6157,0.788,0.7818,0.6235
2024-03-02 02:33:00,medium_office,23.64,24.4,59.9,0.173,412.0,40.0,34.6,0.16,35.69,306.6,0.6191,0.7853,0.7818,0.6235
2024-03-02 02:34:00,medium_office,23.98,24.43,59.1,0.29,400.0,0.0,32.4,0.28,35.91,310.0,0.6225,0.7826,0.7818,0.6235
2024-03-02 02:35:00,medium_office,24.01,24.38,59.8,0.243,403.0,1.0,34.8,0.13,34.84,313.4,0.6259,0.7799,0.7818,0.6235
2024-03-02 02:36:00,medium_office,23.98,24.18,63.1,0.207,400.0,0.0,33.7,0.04,35.35,316.8,0.6293,0.7771,0.7818,0.6235
2024-03-02 02:37:00,medium_office,23.97,23.98,59.0,0.155,424.0,7.0,35.9,0.2,35.83,320.3,0.6327,0.7744,0.7818,0.6235
2024-03-02 02:38:00,medium_office,24.38,24.39,59.0,0.081,400.0,10.0,32.3,0.01,36.97,323.7,0.6361,0.7716,0.7818,0.6235
2024-03-02 02:39:00,medium_office,23.6,24.15,56.5,0.227,400.0,29.0,31.6,0.28,35.74,327.1,0.6394,0.7688,0.7818,0.6235
2024-03-02 02:40:00,medium_office,23.91,24.96,59.8,0.092,425.0,39.0,37.2,0.28,34.45,330.5,0.6428,0.766,0.7818,0.6235
2024-03-02 02:41:00,medium_office,24.28,24.83,61.2,0.216,417.0,21.0,38.3,0.03,35.73,334.0,0.6461,0.7632,0.7818,0.6235
2024-03-02 02:42:00,medium_office,24.33,24.55,61.6,0.246,407.0,0.0,36.7,0.17,35.31,337.4,0.6494,0.7604,0.7818,0.6235
2024-03-02 02:43:00,medium_office,23.53,24.46,60.1,0.071,466.0,0.0,33.1,0.24,33.49,340.9,0.6528,0.7576,0.7818,0.6235
2024-03-02 02:44:00,medium_office,23.87,24.28,61.8,0.137,419.0,16.0,32.8,0.14,33.66,344.3,0.6561,0.7547,0.7818,0.6235
2024-03-02 02:45:00,medium_office,24.39,23.81,61.4,0.096,400.0,45.0,33.0,0.14,35.45,347.8,0.6593,0.7518,0.7818,0.6235
2024-03-02 02:46:00,medium_office,24.14,24.24,62.1,0.113,416.0,0.0,37.7,0.29,35.54,351.3,0.6626,0.749,0.7818,0.6235
2024-03-02 02:47:00,medium_office,24.06,24.37,61.8,0.023,400.0,0.0,32.5,0.07,35.24,354.7,0.6659,0.7461,0.7818,0.6235
2024-03-02 02:48:00,medium_office,23.94,24.43,63.0,0.41,438.0,63.0,37.7,0.16,36.43,358.2,0.6691,0.7431,0.7818,0.6235
2024-03-02 02:49:00,medium_office,23.9,24.53,59.5,0.199,408.0,15.0,36.9,0.03,34.62,361.7,0.6724,0.7402,0.7818,0.6235
2024-03-02 02:50:00,medium_office,24.11,24.72,57.2,0.009,411.0,5.0,38.7,0.09,34.18,365.1,0.6756,0.7373,0.7818,0.6235
2024-03-02 02:51:00,medium_office,23.96,24.08,61.2,0.09,400.0,0.0,38.2,0.26,34.76,368.6,0.6788,0.7343,0.7818,0.6235
2024-03-02 02:52:00,medium_office,24.03,24.09,61.4,0.134,402.0,0.0,36.6,0.21,34.98,372.1,0.682,0.7314,0.7818,0.6235
2024-03-02 02:53:00,medium_office,24.08,24.95,63.0,0.123,400.0,21.0,30.6,0.18,35.55,375.6,0.6852,0.7284,0.7818,0.6235
2024-03-02 02:54:00,medium_office,23.86,24.69,62.4,0.361,400.0,15.0,36.8,0.03,34.82,379.1,0.6884,0.7254,0.7818,0.6235
2024-03-02 02:55:00,medium_office,24.23,24.23,63.7,0.378,400.0,0.0,35.3,0.26,33.48,382.6,0.6915,0.7224,0.7818,0.6235
2024-03-02 02:56:00,medium_office,24.96,24.35,61.0,0.371,413.0,0.0,33.9,0.09,33.07,386.0,0.6947,0.7193,0.7818,0.6235
2024-03-02 02:57:00,medium_office,23.56,24.35,60.3,0.416,400.0,0.0,39.1,0.16,35.77,389.5,0.6978,0.7163,0.7818,0.6235
2024-03-02 02:58:00,medium_office,24.2,24.41,57.0,0.129,400.0,50.0,34.5,0.07,34.53,393.0,0.7009,0.7133,0.7818,0.6235
2024-03-02 02:59:00,medium_office,23.88,24.6,60.4,0.054,400.0,27.0,33.4,0.16,33.66,396.5,0.704,0.7102,0.7818,0.6235
2024-03-02 03:00:00,medium_office,24.29,25.43,58.7,0.05,400.0,0.0,38.4,0.17,36.3,400.0,0.7071,0.7071,0.7818,0.6235
2024-03-02 03:01:00,medium_office,24.14,24.5,60.2,0.26,406.0,0.0,33.8,0.1,37.23,403.5,0.7102,0.704,0.7818,0.6235
2024-03-02 03:02:00,medium_office,24.37,24.69,59.9,0.042,403.0,8.0,33.3,0.15,35.6,407.0,0.7133,0.7009,0.7818,0.6235
2024-03-02 03:03:00,medium_office,24.5,23.76,60.7,0.111,400.0,0.0,31.6,0.12,35.97,410.5,0.7163,0.6978,0.7818,0.6235
2024-03-02 03:04:00,medium_office,24.22,24.24,59.5,0.098,400.0,0.0,32.5,0.21,35.99,414.0,0.7193,0.6947,0.7818,0.6235
2024-03-02 03:05:00,medium_office,24.51,24.94,61.6,0.416,402.0,0.0,32.8,0.16,33.41,417.4,0.7224,0.6915,0.7818,0.6235
2024-03-02 03:06:00,medium_office,23.47,24.61,54.3,0.049,429.0,0.0,36.9,0.26,36.62,420.9,0.7254,0.6884,0.7818,0.6235
2024-03-02 03:07:00,medium_office,24.66,22.7,60.1,0.166,408.0,5.0,31.9,0.01,36.98,424.4,0.7284,0.6852,0.7818,0.6235
2024-03-02 03:08:00,medium_office,24.31,24.73,62.1,0.082,443.0,0.0,29.4,0.01,37.59,427.9,0.7314,0.682,0.7818,0.6235
2024-03-02 03:09:00,medium_office,24.53,25.24,63.4,0.123,434.0,75.0,35.9,0.06,35.32,431.4,0.7343,0.6788,0.7818,0.6235
2024-03-02 03:10:00,medium_office,23.85,23.68,61.1,0.123,445.0,18.0,33.1,0.04,34.63,434.9,0.7373,0.6756,0.7818,0.6235
2024-03-02 03:11:00,medium_office,23.97,25.09,63.0,0.141,441.0,0.0,35.0,0.16,37.13,438.3,0.7402,0.6724,0.7818,0.6235
2024-03-02 03:12:00,medium_office,24.27,23.38,60.0,0.096,447.0,0.0,38.8,0.06,36.28,441.8,0.7431,0.6691,0.7818,0.6235
2024-03-02 03:13:00,medium_office,24.23,24.87,59.6,0.173,400.0,12.0,35.2,0.0,36.67,445.3,0.7461,0.6659,0.7818,0.6235
2024-03-02 03:14:00,medium_office,24.33,24.49,60.7,0.075,419.0,0.0,39.5,0.08,35.15,448.7,0.749,0.6626,0.7818,0.6235
2024-03-02 03:15:00,medium_office,24.58,23.56,59.6,0.014,437.0,40.0,34.8,0.15,36.08,452.2,0.7518,0.6593,0.7818,0.6235
2024-03-02 03:16:00,medium_office,23.73,24.69,58.0,0.254,442.0,8.0,38.0,0.21,34.76,455.7,0.7547,0.6561,0.7818,0.6235
2024-03-02 03:17:00,medium_office,24.56,24.98,58.6,0.035,400.0,0.0,33.4,0.13,35.82,459.1,0.7576,0.6528,0.7818,0.6235
2024-03-02 03:18:00,medium_office,24.28,24.67,57.3,0.093,420.0,0.0,35.3,0.29,35.48,462.6,0.7604,0.6494,0.7818,0.6235
2024-03-02 03:19:00,medium_office,24.23,24.76,60.6,0.034,402.0,0.0,32.2,0.06,38.18,466.0,0.7632,0.6461,0.7818,0.6235
2024-03-02 03:20:00,medium_office,23.86,24.37,59.6,0.47,455.0,13.0,32.6,0.15,36.39,469.5,0.766,0.6428,0.7818,0.6235
2024-03-02 03:21:00,medium_office,24.46,23.79,58.8,0.755,400.0,0.0,34.3,0.08,33.7,472.9,0.7688,0.6394,0.7818,0.6235
2024-03-02 03:22:00,medium_office,23.59,24.82,58.4,0.402,400.0,5.0,31.0,0.24,35.86,476.3,0.7716,0.6361,0.7818,0.6235
2024-03-02 03:23:00,medium_office,24.52,25.25,60.5,0.173,400.0,0.0,35.5,0.06,36.23,479.7,0.7744,0.6327,0.7818,0.6235
2024-03-02 03:24:00,medium_office,23.88,25.01,61.1,0.029,404.0,0.0,34.1,0.29,35.4,483.2,0.7771,0.6293,0.7818,0.6235
2024-03-02 03:25:00,medium_office,24.36,23.76,57.2,0.488,468.0,11.0,35.7,0.21,34.77,486.6,0.7799,0.6259,0.7818,0.6235
2024-03-02 03:26:00,medium_office,24.31,23.96,56.9,0.039,400.0,44.0,31.1,0.17,36.54,490.0,0.7826,0.6225,0.7818,0.6235
2024-03-02 03:27:00,medium_office,24.71,24.23,61.4,0.205,403.0,7.0,37.1,0.16,34.93,493.4,0.7853,0.6191,0.7818,0.6235
2024-03-02 03:28:00,medium_office,24.31,23.94,56.7,0.08,417.0,0.0,40.1,0.11,36.47,496.8,0.788,0.6157,0.7818,0.6235
2024-03-02 03:29:00,medium_office,24.16,24.6,60.5,0.014,400.0,45.0,39.5,0.01,34.85,500.2,0.7907,0.6122,0.7818,0.6235
2024-03-02 03:30:00,medium_office,24.23,24.74,62.6,0.121,411.0,0.0,40.7,0.27,35.37,503.5,0.7934,0.6088,0.7818,0.6235
2024-03-02 03:31:00,medium_office,24.77,24.02,62.6,0.085,412.0,23.0,35.1,0.24,36.87,506.9,0.796,0.6053,0.7818,0.6235
2024-03-02 03:32:00,medium_office,24.56,24.91,60.9,0.0,400.0,0.0,33.9,0.04,36.4,510.3,0.7986,0.6018,0.7818,0.6235
2024-03-02 03:33:00,medium_office,24.29,24.84,60.8,0.105,400.0,3.0,36.5,0.04,35.95,513.6,0.8013,0.5983,0.7818,0.6235
2024-03-02 03:34:00,medium_office,24.34,24.39,63.9,0.181,422.0,0.0,34.3,0.09,35.9,516.9,0.8039,0.5948,0.7818,0.6235
2024-03-02 03:35:00,medium_office,23.95,24.54,54.7,0.112,428.0,10.0,29.8,0.23,36.02,520.3,0.8064,0.5913,0.7818,0.6235
2024-03-02 03:36:00,medium_office,24.54,23.84,58.4,0.038,439.0,24.0,37.5,0.15,35.14,523.6,0.809,0.5878,0.7818,0.6235
2024-03-02 03:37:00,medium_office,23.91,24.49,61.0,0.135,410.0,0.0,34.3,0.2,34.42,526.9,0.8116,0.5842,0.7818,0.6235
2024-03-02 03:38:00,medium_office,24.67,24.63,58.6,0.089,411.0,0.0,30.6,0.0,36.51,530.2,0.8141,0.5807,0.7818,0.6235
2024-03-02 03:39:00,medium_office,24.49,24.7,61.7,0.093,423.0,11.0,33.5,0.28,37.48,533.5,0.8166,0.5771,0.7818,0.6235
2024-03-02 03:40:00,medium_office,25.17,24.79,59.2,0.237,400.0,0.0,34.4,0.05,36.56,536.8,0.8192,0.5736,0.7818,0.6235
2024-03-02 03:41:00,medium_office,24.13,24.74,59.5,0.069,400.0,0.0,35.0,0.1,36.21,540.1,0.8216,0.57,0.7818,0.6235
2024-03-02 03:42:00,medium_office,24.44,24.54,58.7,0.052,400.0,11.0,35.1,0.28,34.75,543.3,0.8241,0.5664,0.7818,0.6235
2024-03-02 03:43:00,medium_office,25.02,24.77,58.2,0.108,400.0,0.0,39.1,0.22,36.84,546.6,0.8266,0.5628,0.7818,0.6235
2024-03-02 03:44:00,medium_office,24.84,25.06,58.1,0.081,412.0,0.0,31.1,0.15,36.45,549.8,0.829,0.5592,0.7818,0.6235
2024-03-02 03:45:00,medium_office,24.29,24.62,59.7,0.01,431.0,16.0,34.5,0.26,36.73,553.1,0.8315,0.5556,0.7818,0.6235
2024-03-02 03:46:00,medium_office,24.57,24.79,57.6,0.073,400.0,20.0,32.4,0.02,37.01,556.3,0.8339,0.5519,0.7818,0.6235
2024-03-02 03:47:00,medium_office,24.51,24.6,61.0,0.403,413.0,0.0,38.8,0.02,37.56,559.5,0.8363,0.5483,0.7818,0.6235
2024-03-02 03:48:00,medium_office,24.6,24.42,60.4,0.312,400.0,0.0,33.3,0.05,34.86,562.7,0.8387,0.5446,0.7818,0.6235
2024-03-02 03:49:00,medium_office,24.31,24.89,61.3,0.565,400.0,0.0,34.0,0.08,34.69,565.9,0.841,0.541,0.7818,0.6235
2024-03-02 03:50:00,medium_office,24.5,24.46,56.8,0.175,462.0,18.0,38.1,0.21,36.13,569.0,0.8434,0.5373,0.7818,0.6235
2024-03-02 03:51:00,medium_office,24.06,24.85,55.7,0.526,400.0,4.0,39.0,0.16,35.06,572.2,0.8457,0.5336,0.7818,0.6235
2024-03-02 03:52:00,medium_office,24.58,24.71,59.0,0.081,400.0,0.0,39.4,0.13,34.89,575.3,0.848,0.5299,0.7818,0.6235
2024-03-02 03:53:00,medium_office,24.69,24.58,64.8,0.148,406.0,0.0,30.1,0.23,37.21,578.5,0.8504,0.5262,0.7818,0.6235
2024-03-02 03:54:00,medium_office,24.49,24.57,61.5,0.376,408.0,19.0,36.4,0.1,34.98,581.6,0.8526,0.5225,0.7818,0.6235
2024-03-02 03:55:00,medium_office,24.08,24.51,57.9,0.215,420.0,0.0,35.8,0.03,35.98,584.7,0.8549,0.5188,0.7818,0.6235
2024-03-02 03:56:00,medium_office,24.87,24.06,59.8,0.081,460.0,23.0,34.8,0.12,34.36,587.8,0.8572,0.515,0.7818,0.6235
2024-03-02 03:57:00,medium_office,24.69,24.87,60.4,0.178,400.0,26.0,35.2,0.23,36.06,590.9,0.8594,0.5113,0.7818,0.6235
2024-03-02 03:58:00,medium_office,24.37,24.82,56.2,0.043,400.0,0.0,38.9,0.14,37.18,593.9,0.8616,0.5075,0.7818,0.6235
2024-03-02 03:59:00,medium_office,24.51,25.07,61.6,0.1,448.0,28.0,38.1,0.29,37.21,597.0,0.8638,0.5038,0.7818,0.6235
2024-03-02 04:00:00,medium_office,24.15,24.52,58.6,0.053,428.0,4.0,37.7,0.26,37.04,600.0,0.866,0.5,0.7818,0.6235
2024-03-02 04:01:00,medium_office,24.3,25.49,58.7,0.148,424.0,8.0,35.6,0.24,35.92,603.0,0.8682,0.4962,0.7818,0.6235
2024-03-02 04:02:00,medium_office,24.45,24.59,58.9,0.05,400.0,0.0,41.8,0.23,37.11,606.0,0.8704,0.4924,0.7818,0.6235
2024-03-02 04:03:00,medium_office,24.99,24.39,61.1,0.18,434.0,0.0,33.8,0.17,36.43,609.0,0.8725,0.4886,0.7818,0.6235
2024-03-02 04:04:00,medium_office,24.43,24.35,57.3,0.264,424.0,0.0,30.2,0.27,35.56,612.0,0.8746,0.4848,0.7818,0.6235
2024-03-02 04:05:00,medium_office,24.82,24.06,55.4,0.056,406.0,0.0,34.2,0.18,36.38,614.9,0.8767,0.481,0.7818,0.6235
2024-03-02 04:06:00,medium_office,24.47,25.37,59.4,0.263,400.0,3.0,35.2,0.11,36.89,617.9,0.8788,0.4772,0.7818,0.6235
2024-03-02 04:07:00,medium_office,24.72,25.31,54.7,0.168,403.0,5.0,38.9,0.06,34.67,620.8,0.8809,0.4733,0.7818,0.6235
2024-03-02 04:08:00,medium_office,24.61,25.01,58.1,0.221,449.0,9.0,33.5,0.24,34.94,623.7,0.8829,0.4695,0.7818,0.6235
2024-03-02 04:09:00,medium_office,24.92,24.41,61.1,0.568,400.0,0.0,36.5,0.11,35.86,626.6,0.885,0.4656,0.7818,0.6235
2024-03-02 04:10:00,medium_office,24.5,25.5,59.8,0.247,400.0,21.0,30.6,0.24,34.78,629.4,0.887,0.4617,0.7818,0.6235
2024-03-02 04:11:00,medium_office,24.2,24.64,60.7,0.124,400.0,54.0,38.2,0.29,34.76,632.3,0.889,0.4579,0.7818,0.6235
2024-03-02 04:12:00,medium_office,24.26,24.67,59.9,0.174,400.0,0.0,35.2,0.12,35.58,635.1,0.891,0.454,0.7818,0.6235
2024-03-02 04:13:00,medium_office,24.52,25.36,63.4,0.08,400.0,0.0,34.2,0.1,36.99,637.9,0.893,0.4501,0.7818,0.6235
2024-03-02 04:14:00,medium_office,24.31,25.05,57.4,0.339,429.0,0.0,41.4,0.05,36.97,640.7,0.8949,0.4462,0.7818,0.6235
2024-03-02 04:15:00,medium_office,24.81,25.67,59.4,0.138,414.0,3.0,38.2,0.14,36.31,643.5,0.8969,0.4423,0.7818,0.6235
2024-03-02 04:16:00,medium_office,24.56,24.9,57.7,0.214,402.0,0.0,31.9,0.2,36.17,646.3,0.8988,0.4384,0.7818,0.6235
2024-03-02 04:17:00,medium_office,25.41,24.64,60.4,1.0,408.0,0.0,34.7,0.09,38.08,649.0,0.9007,0.4344,0.7818,0.6235
2024-03-02 04:18:00,medium_office,24.19,24.56,58.4,0.072,419.0,0.0,43.2,0.15,35.45,651.7,0.9026,0.4305,0.7818,0.6235
2024-03-02 04:19:00,medium_office,24.77,24.07,61.9,0.206,400.0,31.0,40.9,0.16,36.23,654.4,0.9045,0.4266,0.7818,0.6235
2024-03-02 04:20:00,medium_office,24.38,24.7,57.4,0.23,432.0,38.0,37.8,0.08,35.39,657.1,0.9063,0.4226,0.7818,0.6235
2024-03-02 04:21:00,medium_office,24.58,25.27,61.2,0.143,400.0,48.0,29.5,0.01,34.69,659.8,0.9081,0.4187,0.7818,0.6235
2024-03-02 04:22:00,medium_office,24.77,25.06,59.6,0.197,400.0,7.0,39.0,0.06,37.16,662.4,0.91,0.4147,0.7818,0.6235
2024-03-02 04:23:00,medium_office,24.04,24.83,58.3,0.303,410.0,0.0,33.1,0.24,35.67,665.0,0.9118,0.4107,0.7818,0.6235
2024-03-02 04:24:00,medium_office,24.81,24.43,59.4,0.522,400.0,0.0,39.0,0.08,36.67,667.7,0.9135,0.4067,0.7818,0.6235
2024-03-02 04:25:00,medium_office,25.32,24.92,58.9,0.046,415.0,0.0,32.8,0.0,35.72,670.2,0.9153,0.4027,0.7818,0.6235
2024-03-02 04:26:00,medium_office,24.62,25.24,59.0,0.089,404.0,0.0,36.5,0.13,37.21,672.8,0.9171,0.3987,0.7818,0.6235
2024-03-02 04:27:00,medium_office,24.83,25.01,57.9,0.007,400.0,8.0,33.1,0.2,34.97,675.3,0.9188,0.3947,0.7818,0.6235
2024-03-02 04:28:00,medium_office,25.07,24.91,56.9,0.05,446.0,16.0,33.9,0.23,37.13,677.9,0.9205,0.3907,0.7818,0.6235
2024-03-02 04:29:00,medium_office,24.72,24.53,57.6,0.127,421.0,59.0,36.9,0.12,36.85,680.4,0.9222,0.3867,0.7818,0.6235
2024-03-02 04:30:00,medium_office,24.6,25.19,54.8,0.206,409.0,0.0,31.0,0.17,34.16,682.8,0.9239,0.3827,0.7818,0.6235
2024-03-02 04:31:00,medium_office,24.09,23.6,59.9,0.166,421.0,0.0,42.1,0.22,35.43,685.3,0.9255,0.3786,0.7818,0.6235
2024-03-02 04:32:00,medium_office,24.97,25.01,55.7,0.017,400.0,0.0,31.9,0.27,36.97,687.7,0.9272,0.3746,0.7818,0.6235
2024-03-02 04:33:00,medium_office,24.75,25.89,57.7,0.005,465.0,0.0,31.8,0.19,37.58,690.1,0.9288,0.3706,0.7818,0.6235
2024-03-02 04:34:00,medium_office,24.49,24.26,59.4,0.361,400.0,0.0,36.9,0.21,36.65,692.5,0.9304,0.3665,0.7818,0.6235
2024-03-02 04:35:00,medium_office,24.83,24.77,59.8,0.088,403.0,10.0,38.9,0.03,35.54,694.9,0.932,0.3624,0.7818,0.6235
2024-03-02 04:36:00,medium_office,24.63,24.86,54.5,0.072,400.0,0.0,34.0,0.13,34.96,697.3,0.9336,0.3584,0.7818,0.6235
2024-03-02 04:37:00,medium_office,24.65,24.69,57.9,0.054,400.0,4.0,31.8,0.27,36.49,699.6,0.9351,0.3543,0.7818,0.6235
2024-03-02 04:38:00,medium_office,24.99,25.29,58.9,0.063,400.0,20.0,32.2,0.05,35.49,701.9,0.9367,0.3502,0.7818,0.6235
2024-03-02 04:39:00,medium_office,24.41,25.07,58.1,0.059,400.0,43.0,31.9,0.09,35.53,704.2,0.9382,0.3461,0.7818,0.6235
2024-03-02 04:40:00,medium_office,25.13,24.94,60.6,0.197,436.0,9.0,35.9,0.2,35.68,706.4,0.9397,0.342,0.7818,0.6235
2024-03-02 04:41:00,medium_office,24.4,25.2,56.3,0.065,400.0,31.0,34.8,0.27,36.79,708.6,0.9412,0.3379,0.7818,0.6235
2024-03-02 04:42:00,medium_office,24.63,24.89,53.8,0.175,430.0,0.0,36.3,0.02,37.7,710.9,0.9426,0.3338,0.7818,0.6235
2024-03-02 04:43:00,medium_office,25.41,26.16,59.5,0.083,419.0,0.0,36.1,0.26,36.92,713.0,0.9441,0.3297,0.7818,0.6235
2024-03-02 04:44:00,medium_office,25.17,24.95,56.8,0.169,400.0,40.0,37.5,0.07,35.9,715.2,0.9455,0.3256,0.7818,0.6235
2024-03-02 04:45:00,medium_office,24.87,24.97,54.3,0.212,416.0,0.0,33.8,0.26,34.98,717.3,0.9469,0.3214,0.7818,0.6235
2024-03-02 04:46:00,medium_office,24.56,24.21,57.5,0.283,400.0,0.0,32.8,0.27,36.54,719.5,0.9483,0.3173,0.7818,0.6235
2024-03-02 04:47:00,medium_office,24.69,24.68,60.2,0.462,400.0,34.0,35.5,0.23,37.53,721.5,0.9497,0.3132,0.7818,0.6235
2024-03-02 04:48:00,medium_office,24.88,25.36,55.2,0.243,400.0,0.0,34.8,0.28,36.87,723.6,0.9511,0.309,0.7818,0.6235
2024-03-02 04:49:00,medium_office,24.87,24.37,62.4,0.344,420.0,0.0,35.8,0.29,36.06,725.6,0.9524,0.3049,0.7818,0.6235
2024-03-02 04:50:00,medium_office,24.83,24.04,56.0,0.033,418.0,0.0,32.9,0.28,35.36,727.7,0.9537,0.3007,0.7818,0.6235
2024-03-02 04:51:00,medium_office,24.86,24.92,57.8,0.059,407.0,4.0,36.9,0.15,36.19,729.7,0.955,0.2965,0.7818,0.6235
2024-03-02 04:52:00,medium_office,24.8,25.46,55.2,0.015,400.0,33.0,31.5,0.14,36.99,731.6,0.9563,0.2924,0.7818,0.6235
2024-03-02 04:53:00,medium_office,24.44,24.93,57.7,0.016,400.0,28.0,33.7,0.03,36.06,733.6,0.9576,0.2882,0.7818,0.6235
2024-03-02 04:54:00,medium_office,24.72,24.78,57.3,0.15,400.0,0.0,38.4,0.06,35.72,735.5,0.9588,0.284,0.7818,0.6235
2024-03-02 04:55:00,medium_office,25.15,24.18,54.6,0.028,400.0,33.0,31.6,0.2,35.13,737.4,0.96,0.2798,0.7818,0.6235
2024-03-02 04:56:00,medium_office,24.47,25.1,63.2,0.088,402.0,10.0,38.2,0.04,38.4,739.2,0.9613,0.2756,0.7818,0.6235
2024-03-02 04:57:00,medium_office,24.83,25.19,56.5,0.172,416.0,26.0,30.8,0.28,34.91,741.1,0.9625,0.2714,0.7818,0.6235
2024-03-02 04:58:00,medium_office,24.64,24.21,56.5,0.163,402.0,0.0,30.2,0.07,34.81,742.9,0.9636,0.2672,0.7818,0.6235
2024-03-02 04:59:00,medium_office,24.93,25.38,59.4,0.011,453.0,52.0,30.5,0.03,35.95,744.7,0.9648,0.263,0.7818,0.6235
2024-03-02 05:00:00,medium_office,24.78,25.24,61.0,0.003,400.0,7.0,35.4,0.07,35.57,746.4,0.9659,0.2588,0.7818,0.6235
2024-03-02 05:01:00,medium_office,25.34,25.39,59.6,0.053,400.0,0.0,37.2,0.01,36.79,748.1,0.967,0.2546,0.7818,0.6235
2024-03-02 05:02:00,medium_office,25.06,25.17,54.9,0.434,404.0,50.0,38.9,0.05,36.81,749.8,0.9681,0.2504,0.7818,0.6235
2024-03-02 05:03:00,medium_office,24.51,25.2,57.7,0.005,407.0,0.0,38.6,0.18,34.53,751.5,0.9692,0.2462,0.7818,0.6235
2024-03-02 05:04:00,medium_office,25.11,25.15,53.5,0.015,400.0,0.0,37.6,0.09,34.98,753.2,0.9703,0.2419,0.7818,0.6235
2024-03-02 05:05:00,medium_office,24.68,25.29,59.1,0.08,418.0,0.0,32.5,0.24,34.86,754.8,0.9713,0.2377,0.7818,0.6235
2024-03-02 05:06:00,medium_office,24.74,24.22,53.9,0.035,407.0,13.0,32.5,0.12,36.51,756.4,0.9724,0.2334,0.7818,0.6235
2024-03-02 05:07:00,medium_office,25.01,24.35,55.6,0.044,400.0,0.0,37.4,0.21,36.14,758.0,0.9734,0.2292,0.7818,0.6235
2024-03-02 05:08:00,medium_office,24.78,24.65,57.2,0.086,400.0,0.0,39.3,0.21,35.33,759.5,0.9744,0.225,0.7818,0.6235
2024-03-02 05:09:00,medium_office,25.19,24.9,58.0,0.536,400.0,0.0,31.9,0.04,35.91,761.0,0.9753,0.2207,0.7818,0.6235
2024-03-02 05:10:00,medium_office,24.7,25.11,56.6,0.19,400.0,0.0,38.9,0.02,34.56,762.5,0.9763,0.2164,0.7818,0.6235
2024-03-02 05:11:00,medium_office,24.75,25.08,60.1,0.001,400.0,0.0,29.2,0.25,34.93,764.0,0.9772,0.2122,0.7818,0.6235
2024-03-02 05:12:00,medium_office,24.74,25.4,58.5,0.076,412.0,26.0,36.2,0.21,34.36,765.4,0.9781,0.2079,0.7818,0.6235
2024-03-02 05:13:00,medium_office,24.77,25.42,58.3,0.137,453.0,8.0,34.7,0.05,35.8,766.8,0.979,0.2036,0.7818,0.6235
2024-03-02 05:14:00,medium_office,25.27,24.61,54.5,0.05,408.0,12.0,34.4,0.2,35.79,768.2,0.9799,0.1994,0.7818,0.6235
2024-03-02 05:15:00,medium_office,25.13,25.06,60.3,0.435,400.0,18.0,35.1,0.1,34.65,769.6,0.9808,0.1951,0.7818,0.6235
2024-03-02 05:16:00,medium_office,25.46,24.62,55.3,0.179,409.0,0.0,32.4,0.02,36.04,770.9,0.9816,0.1908,0.7818,0.6235
2024-03-02 05:17:00,medium_office,25.63,24.89,60.4,0.028,400.0,0.0,36.3,0.07,36.67,772.2,0.9825,0.1865,0.7818,0.6235
2024-03-02 05:18:00,medium_office,24.64,25.1,60.9,0.006,400.0,54.0,35.2,0.23,34.57,773.4,0.9833,0.1822,0.7818,0.6235
2024-03-02 05:19:00,medium_office,24.97,23.6,57.8,0.069,411.0,28.0,37.8,0.12,35.26,774.7,0.984,0.1779,0.7818,0.6235
2024-03-02 05:20:00,medium_office,24.6,25.93,58.8,0.25,426.0,48.0,39.8,0.16,36.09,775.9,0.9848,0.1736,0.7818,0.6235
2024-03-02 05:21:00,medium_office,24.72,25.2,50.6,0.138,400.0,31.0,35.4,0.04,35.56,777.1,0.9856,0.1693,0.7818,0.6235
2024-03-02 05:22:00,medium_office,24.77,24.73,56.3,0.021,400.0,0.0,32.5,0.03,34.19,778.2,0.9863,0.165,0.7818,0.6235
2024-03-02 05:23:00,medium_office,24.64,25.74,58.9,0.431,400.0,0.0,31.6,0.07,35.11,779.3,0.987,0.1607,0.7818,0.6235
2024-03-02 05:24:00,medium_office,24.65,24.84,58.5,0.01,400.0,0.0,40.1,0.14,35.06,780.4,0.9877,0.1564,0.7818,0.6235
2024-03-02 05:25:00,medium_office,24.92,25.03,54.2,0.117,400.0,19.0,39.7,0.25,35.35,781.5,0.9884,0.1521,0.7818,0.6235
2024-03-02 05:26:00,medium_office,24.6,24.78,56.0,0.134,400.0,0.0,37.7,0.23,35.38,782.5,0.989,0.1478,0.7818,0.6235
2024-03-02 05:27:00,medium_office,25.22,25.64,51.5,0.439,400.0,0.0,35.2,0.05,37.06,783.5,0.9897,0.1435,0.7818,0.6235
2024-03-02 05:28:00,medium_office,24.7,24.94,57.3,0.047,417.0,0.0,37.4,0.02,35.28,784.5,0.9903,0.1392,0.7818,0.6235
2024-03-02 05:29:00,medium_office,25.82,25.04,52.7,0.153,414.0,0.0,38.9,0.07,33.76,785.5,0.9909,0.1349,0.7818,0.6235
2024-03-02 05:30:00,medium_office,24.84,25.46,58.7,0.054,406.0,0.0,33.1,0.26,35.55,786.4,0.9914,0.1305,0.7818,0.6235
2024-03-02 05:31:00,medium_office,25.0,25.22,58.8,0.126,424.0,0.0,35.1,0.15,37.2,787.3,0.992,0.1262,0.7818,0.6235
2024-03-02 05:32:00,medium_office,24.59,24.96,55.4,0.007,400.0,26.0,31.7,0.24,35.27,788.1,0.9925,0.1219,0.7818,0.6235
2024-03-02 05:33:00,medium_office,25.49,25.43,57.4,0.157,400.0,0.0,34.6,0.11,34.98,788.9,0.9931,0.1175,0.7818,0.6235
2024-03-02 05:34:00,medium_office,25.32,26.0,55.9,0.006,400.0,0.0,39.6,0.18,35.1,789.7,0.9936,0.1132,0.7818,0.6235
2024-03-02 05:35:00,medium_office,25.07,25.12,56.8,0.082,400.0,6.0,38.2,0.18,35.98,790.5,0.9941,0.1089,0.7818,0.6235
2024-03-02 05:36:00,medium_office,24.58,25.04,54.0,0.031,400.0,26.0,35.4,0.19,35.07,791.3,0.9945,0.1045,0.7818,0.6235
2024-03-02 05:37:00,medium_office,25.05,25.06,57.5,0.27,400.0,0.0,26.9,0.14,33.85,792.0,0.995,0.1002,0.7818,0.6235
2024-03-02 05:38:00,medium_office,24.65,25.51,52.9,0.03,433.0,44.0,33.0,0.07,34.68,792.7,0.9954,0.0958,0.7818,0.6235
2024-03-02 05:39:00,medium_office,25.43,24.75,52.5,0.047,424.0,0.0,35.3,0.13,35.28,793.3,0.9958,0.0915,0.7818,0.6235
2024-03-02 05:40:00,medium_office,25.23,24.88,55.9,0.128,416.0,0.0,34.4,0.29,35.86,793.9,0.9962,0.0872,0.7818,0.6235
2024-03-02 05:41:00,medium_office,25.02,24.38,55.7,0.117,404.0,0.0,35.1,0.08,34.73,794.5,0.9966,0.0828,0.7818,0.6235
2024-03-02 05:42:00,medium_office,24.26,24.52,56.6,0.138,443.0,0.0,35.7,0.22,35.0,795.1,0.9969,0.0785,0.7818,0.6235
2024-03-02 05:43:00,medium_office,24.7,24.79,54.7,0.038,400.0,10.0,33.4,0.28,35.33,795.6,0.9973,0.0741,0.7818,0.6235
2024-03-02 05:44:00,medium_office,25.2,24.97,59.7,0.229,400.0,0.0,35.0,0.17,34.49,796.1,0.9976,0.0698,0.7818,0.6235
2024-03-02 05:45:00,medium_office,25.36,25.7,56.3,0.251,434.0,0.0,34.6,0.15,35.16,796.6,0.9979,0.0654,0.7818,0.6235
2024-03-02 05:46:00,medium_office,25.33,25.21,56.4,0.083,401.0,11.0,32.9,0.04,35.71,797.0,0.9981,0.061,0.7818,0.6235
2024-03-02 05:47:00,medium_office,24.52,24.63,56.3,0.127,400.0,25.0,40.5,0.23,34.04,797.4,0.9984,0.0567,0.7818,0.6235
2024-03-02 05:48:00,medium_office,25.09,24.71,57.8,0.399,417.0,32.0,33.6,0.27,35.52,797.8,0.9986,0.0523,0.7818,0.6235
2024-03-02 05:49:00,medium_office,25.3,25.55,57.0,0.152,400.0,26.0,28.2,0.29,34.11,798.2,0.9988,0.048,0.7818,0.6235
2024-03-02 05:50:00,medium_office,24.5,25.45,56.6,0.1,400.0,0.0,40.3,0.06,34.11,798.5,0.999,0.0436,0.7818,0.6235
2024-03-02 05:51:00,medium_office,25.0,25.01,57.2,0.063,400.0,8.0,32.5,0.28,34.5,798.8,0.9992,0.0393,0.7818,0.6235
2024-03-02 05:52:00,medium_office,25.08,24.82,52.0,0.151,410.0,15.0,37.7,0.11,36.52,799.0,0.9994,0.0349,0.7818,0.6235
2024-03-02 05:53:00,medium_office,24.91,25.45,52.1,0.143,406.0,0.0,33.0,0.19,33.42,799.3,0.9995,0.0305,0.7818,0.6235
2024-03-02 05:54:00,medium_office,24.44,24.6,55.5,0.387,446.0,5.0,36.7,0.07,34.65,799.5,0.9997,0.0262,0.7818,0.6235
2024-03-02 05:55:00,medium_office,24.9,25.16,55.2,0.024,400.0,0.0,34.9,0.07,35.08,799.6,0.9998,0.0218,0.7818,0.6235
2024-03-02 05:56:00,medium_office,24.9,25.91,56.7,0.044,400.0,0.0,38.0,0.19,36.25,799.8,0.9998,0.0175,0.7818,0.6235
2024-03-02 05:57:00,medium_office,24.96,25.08,55.6,0.058,443.0,11.0,34.4,0.15,37.02,799.9,0.9999,0.0131,0.7818,0.6235
2024-03-02 05:58:00,medium_office,24.83,24.69,56.6,0.011,430.0,45.0,33.0,0.29,34.63,799.9,1.0,0.0087,0.7818,0.6235
2024-03-02 05:59:00,medium_office,24.87,25.16,52.9,0.477,404.0,35.0,35.8,0.08,35.58,800.0,1.0,0.0044,0.7818,0.6235
2024-03-02 06:00:00,medium_office,24.99,24.81,55.4,0.3,400.0,20.0,33.9,0.26,34.93,800.0,1.0,0.0,0.7818,0.6235
2024-03-02 06:01:00,medium_office,25.13,24.44,52.7,0.33,400.0,2.0,29.2,0.14,34.9,800.0,1.0,-0.0044,0.7818,0.6235
2024-03-02 06:02:00,medium_office,24.91,25.28,56.1,0.163,400.0,0.0,33.2,0.04,35.26,799.9,1.0,-0.0087,0.7818,0.6235
2024-03-02 06:03:00,medium_office,24.88,25.45,51.5,0.154,401.0,0.0,43.6,0.07,33.38,799.9,0.9999,-0.0131,0.7818,0.6235
2024-03-02 06:04:00,medium_office,25.03,24.88,56.0,0.202,400.0,0.0,29.5,0.23,34.9,799.8,0.9998,-0.0175,0.7818,0.6235
2024-03-02 06:05:00,medium_office,24.42,24.85,52.3,0.076,448.0,0.0,35.7,0.25,35.39,799.6,0.9998,-0.0218,0.7818,0.6235
2024-03-02 06:06:00,medium_office,25.14,24.61,54.4,0.039,400.0,17.0,34.3,0.01,34.06,799.5,0.9997,-0.0262,0.7818,0.6235
2024-03-02 06:07:00,medium_office,25.0,24.94,56.9,0.161,400.0,28.0,40.5,0.12,35.36,799.3,0.9995,-0.0305,0.7818,0.6235
2024-03-02 06:08:00,medium_office,25.01,24.77,55.6,0.132,407.0,22.0,31.7,0.15,33.15,799.0,0.9994,-0.0349,0.7818,0.6235
2024-03-02 06:09:00,medium_office,25.29,24.59,51.8,0.364,416.0,35.0,35.3,0.18,34.96,798.8,0.9992,-0.0393,0.7818,0.6235
2024-03-02 06:10:00,medium_office,24.41,25.75,53.7,0.053,400.0,2.0,37.1,0.2,36.19,798.5,0.999,-0.0436,0.7818,0.6235
2024-03-02 06:11:00,medium_office,24.4,25.18,52.0,0.019,400.0,0.0,34.5,0.25,34.61,798.2,0.9988,-0.048,0.7818,0.6235
2024-03-02 06:12:00,medium_office,25.08,25.23,51.6,0.367,400.0,0.0,32.7,0.08,33.83,797.8,0.9986,-0.0523,0.7818,0.6235
2024-03-02 06:13:00,medium_office,24.99,25.35,55.2,0.073,441.0,0.0,34.9,0.03,33.37,797.4,0.9984,-0.0567,0.7818,0.6235
2024-03-02 06:14:00,medium_office,25.05,25.3,56.0,0.244,457.0,20.0,34.1,0.06,35.16,797.0,0.9981,-0.061,0.7818,0.6235
2024-03-02 06:15:00,medium_office,24.85,24.83,55.7,0.135,400.0,0.0,34.1,0.28,35.68,796.6,0.9979,-0.0654,0.7818,0.6235
2024-03-02 06:16:00,medium_office,25.19,25.1,56.0,0.096,400.0,0.0,37.8,0.16,34.68,796.1,0.9976,-0.0698,0.7818,0.6235
2024-03-02 06:17:00,medium_office,25.27,24.89,54.7,0.083,400.0,21.0,36.2,0.07,34.25,795.6,0.9973,-0.0741,0.7818,0.6235
2024-03-02 06:18:00,medium_office,25.14,25.17,54.2,0.575,419.0,0.0,36.7,0.24,32.77,795.1,0.9969,-0.0785,0.7818,0.6235
2024-03-02 06:19:00,medium_office,24.91,25.13,52.5,0.263,446.0,29.0,36.0,0.18,34.8,794.5,0.9966,-0.0828,0.7818,0.6235
2024-03-02 06:20:00,medium_office,24.36,24.84,53.8,0.202,438.0,0.0,37.9,0.11,33.97,793.9,0.9962,-0.0872,0.7818,0.6235
2024-03-02 06:21:00,medium_office,25.22,24.46,52.0,0.06,400.0,9.0,38.9,0.01,34.01,793.3,0.9958,-0.0915,0.7818,0.6235
2024-03-02 06:22:00,medium_office,25.35,25.05,52.9,0.097,400.0,0.0,34.1,0.23,36.24,792.7,0.9954,-0.0958,0.7818,0.6235
2024-03-02 06:23:00,medium_office,25.18,24.91,54.7,0.074,400.0,25.0,37.5,0.22,32.8,792.0,0.995,-0.1002,0.7818,0.6235
2024-03-02 06:24:00,medium_office,24.72,24.23,54.3,0.547,441.0,0.0,31.1,0.08,32.91,791.3,0.9945,-0.1045,0.7818,0.6235
2024-03-02 06:25:00,medium_office,25.18,25.19,60.6,0.48,400.0,0.0,28.2,0.08,34.79,790.5,0.9941,-0.1089,0.7818,0.6235
2024-03-02 06:26:00,medium_office,25.24,25.37,51.7,0.159,400.0,23.0,40.5,0.08,34.16,789.7,0.9936,-0.1132,0.7818,0.6235
2024-03-02 06:27:00,medium_office,25.45,26.0,54.1,0.439,400.0,0.0,34.0,0.2,34.0,788.9,0.9931,-0.1175,0.7818,0.6235
2024-03-02 06:28:00,medium_office,24.71,24.83,51.5,0.053,400.0,0.0,35.8,0.09,34.77,788.1,0.9925,-0.1219,0.7818,0.6235
2024-03-02 06:29:00,medium_office,24.91,24.77,53.5,0.187,400.0,0.0,31.3,0.09,34.74,787.3,0.992,-0.1262,0.7818,0.6235
2024-03-02 06:30:00,medium_office,25.2,24.54,53.6,0.182,407.0,27.0,31.2,0.11,33.49,786.4,0.9914,-0.1305,0.7818,0.6235
2024-03-02 06:31:00,medium_office,24.99,25.07,55.9,0.11,415.0,9.0,32.9,0.29,33.85,785.5,0.9909,-0.1349,0.7818,0.6235
2024-03-02 06:32:00,medium_office,24.64,25.06,53.3,0.06,456.0,7.0,36.9,0.14,34.47,784.5,0.9903,-0.1392,0.7818,0.6235
2024-03-02 06:33:00,medium_office,25.09,24.65,53.8,0.307,400.0,0.0,33.5,0.11,34.56,783.5,0.9897,-0.1435,0.7818,0.6235
2024-03-02 06:34:00,medium_office,25.14,24.91,53.2,0.271,422.0,15.0,34.0,0.14,34.86,782.5,0.989,-0.1478,0.7818,0.6235
2024-03-02 06:35:00,medium_office,24.99,24.19,51.3,0.085,429.0,0.0,32.8,0.22,33.77,781.5,0.9884,-0.1521,0.7818,0.6235
2024-03-02 06:36:00,medium_office,25.03,25.35,52.7,0.033,416.0,0.0,38.5,0.27,34.68,780.4,0.9877,-0.1564,0.7818,0.6235
2024-03-02 06:37:00,medium_office,24.88,24.67,53.2,0.066,400.0,0.0,37.6,0.3,35.26,779.3,0.987,-0.1607,0.7818,0.6235
2024-03-02 06:38:00,medium_office,25.4,24.96,54.1,0.31,400.0,0.0,33.5,0.15,34.34,778.2,0.9863,-0.165,0.7818,0.6235
2024-03-02 06:39:00,medium_office,24.69,24.4,55.0,0.21,403.0,32.0,37.1,0.14,34.17,777.1,0.9856,-0.1693,0.7818,0.6235
2024-03-02 06:40:00,medium_office,24.78,24.74,53.4,0.055,403.0,7.0,34.3,0.1,34.01,775.9,0.9848,-0.1736,0.7818,0.6235
2024-03-02 06:41:00,medium_office,24.96,24.86,53.3,0.17,400.0,0.0,34.0,0.23,33.61,774.7,0.984,-0.1779,0.7818,0.6235
2024-03-02 06:42:00,medium_office,25.21,24.96,50.3,0.017,439.0,3.0,34.9,0.2,33.27,773.4,0.9833,-0.1822,0.7818,0.6235
2024-03-02 06:43:00,medium_office,24.5,25.16,54.8,0.185,400.0,3.0,36.9,0.11,33.88,772.2,0.9825,-0.1865,0.7818,0.6235
2024-03-02 06:44:00,medium_office,24.55,25.54,52.3,0.072,400.0,2.0,32.3,0.16,34.61,770.9,0.9816,-0.1908,0.7818,0.6235
2024-03-02 06:45:00,medium_office,24.33,25.25,55.2,0.185,400.0,5.0,36.5,0.06,33.25,769.6,0.9808,-0.1951,0.7818,0.6235
2024-03-02 06:46:00,medium_office,24.95,25.34,56.2,0.175,414.0,0.0,42.5,0.21,34.04,768.2,0.9799,-0.1994,0.7818,0.6235
2024-03-02 06:47:00,medium_office,24.6,25.54,53.2,0.023,410.0,3.0,35.5,0.08,33.9,766.8,0.979,-0.2036,0.7818,0.6235
2024-03-02 06:48:00,medium_office,24.82,25.18,51.5,0.217,410.0,0.0,35.1,0.1,35.85,765.4,0.9781,-0.2079,0.7818,0.6235
2024-03-02 06:49:00,medium_office,25.13,24.94,53.5,0.104,445.0,17.0,34.7,0.02,34.77,764.0,0.9772,-0.2122,0.7818,0.6235
2024-03-02 06:50:00,medium_office,24.74,25.36,54.2,0.635,400.0,0.0,36.4,0.07,34.73,762.5,0.9763,-0.2164,0.7818,0.6235
2024-03-02 06:51:00,medium_office,25.0,25.38,52.8,0.162,400.0,35.0,30.2,0.06,34.92,761.0,0.9753,-0.2207,0.7818,0.6235
2024-03-02 06:52:00,medium_office,24.83,25.21,52.2,0.111,446.0,0.0,40.1,0.22,33.43,759.5,0.9744,-0.225,0.7818,0.6235
2024-03-02 06:53:00,medium_office,25.12,24.36,54.5,0.049,400.0,50.0,37.9,0.21,35.33,758.0,0.9734,-0.2292,0.7818,0.6235
2024-03-02 06:54:00,medium_office,25.06,24.61,54.3,0.124,400.0,0.0,33.1,0.16,34.09,756.4,0.9724,-0.2334,0.7818,0.6235
2024-03-02 06:55:00,medium_office,24.71,24.83,52.6,0.041,437.0,0.0,35.1,0.12,33.86,754.8,0.9713,-0.2377,0.7818,0.6235
2024-03-02 06:56:00,medium_office,24.86,25.25,49.9,0.163,436.0,9.0,33.3,0.27,32.67,753.2,0.9703,-0.2419,0.7818,0.6235
2024-03-02 06:57:00,medium_office,25.22,24.93,54.1,0.23,420.0,19.0,35.9,0.27,33.46,751.5,0.9692,-0.2462,0.7818,0.6235
2024-03-02 06:58:00,medium_office,25.02,25.39,51.6,0.161,421.0,0.0,35.2,0.18,32.07,749.8,0.9681,-0.2504,0.7818,0.6235
2024-03-02 06:59:00,medium_office,24.48,25.46,53.5,0.329,400.0,27.0,35.7,0.2,33.56,748.1,0.967,-0.2546,0.7818,0.6235
2024-03-02 07:00:00,medium_office,25.09,25.41,53.3,0.017,441.0,0.0,31.9,0.24,33.21,746.4,0.9659,-0.2588,0.7818,0.6235
2024-03-02 07:01:00,medium_office,24.57,25.41,49.2,0.027,400.0,0.0,33.6,0.22,33.37,744.7,0.9648,-0.263,0.7818,0.6235
2024-03-02 07:02:00,medium_office,25.31,24.51,53.1,0.344,400.0,0.0,38.4,0.07,32.35,742.9,0.9636,-0.2672,0.7818,0.6235
2024-03-02 07:03:00,medium_office,25.19,25.12,53.9,0.004,412.0,0.0,33.4,0.15,34.42,741.1,0.9625,-0.2714,0.7818,0.6235
2024-03-02 07:04:00,medium_office,24.97,24.68,54.1,0.029,400.0,0.0,27.1,0.05,34.28,739.2,0.9613,-0.2756,0.7818,0.6235
2024-03-02 07:05:00,medium_office,24.93,24.26,53.1,0.203,406.0,0.0,34.5,0.24,35.36,737.4,0.96,-0.2798,0.7818,0.6235
2024-03-02 07:06:00,medium_office,24.81,24.8,48.8,0.126,413.0,0.0,42.2,0.2,35.3,735.5,0.9588,-0.284,0.7818,0.6235
2024-03-02 07:07:00,medium_office,25.08,25.45,55.3,0.017,453.0,32.0,37.5,0.29,33.77,733.6,0.9576,-0.2882,0.7818,0.6235
2024-03-02 07:08:00,medium_office,24.76,25.1,53.5,0.011,413.0,0.0,33.2,0.04,34.62,731.6,0.9563,-0.2924,0.7818,0.6235
2024-03-02 07:09:00,medium_office,24.94,25.72,50.3,0.034,400.0,0.0,34.8,0.15,33.83,729.7,0.955,-0.2965,0.7818,0.6235
2024-03-02 07:10:00,medium_office,25.12,24.98,51.0,0.048,420.0,36.0,37.0,0.22,33.12,727.7,0.9537,-0.3007,0.7818,0.6235
2024-03-02 07:11:00,medium_office,24.69,25.88,53.0,0.272,400.0,9.0,29.7,0.26,33.24,725.6,0.9524,-0.3049,0.7818,0.6235
2024-03-02 07:12:00,medium_office,24.67,24.97,53.9,0.156,427.0,16.0,32.4,0.26,34.13,723.6,0.9511,-0.309,0.7818,0.6235
2024-03-02 07:13:00,medium_office,24.49,24.91,51.5,0.122,402.0,14.0,36.2,0.06,37.55,721.5,0.9497,-0.3132,0.7818,0.6235
2024-03-02 07:14:00,medium_office,24.53,24.38,54.1,0.007,412.0,14.0,39.8,0.29,34.61,719.5,0.9483,-0.3173,0.7818,0.6235
2024-03-02 07:15:00,medium_office,24.29,25.34,48.8,0.071,400.0,55.0,33.7,0.29,33.66,717.3,0.9469,-0.3214,0.7818,0.6235
2024-03-02 07:16:00,medium_office,25.06,24.69,50.3,0.167,400.0,3.0,39.7,0.29,33.87,715.2,0.9455,-0.3256,0.7818,0.6235
2024-03-02 07:17:00,medium_office,25.37,24.63,48.2,0.246,400.0,0.0,32.7,0.18,33.84,713.0,0.9441,-0.3297,0.7818,0.6235
2024-03-02 07:18:00,medium_office,25.26,25.4,50.5,0.144,452.0,19.0,25.0,0.25,33.25,710.9,0.9426,-0.3338,0.7818,0.6235
2024-03-02 07:19:00,medium_office,24.34,25.35,55.3,0.084,400.0,0.0,37.2,0.02,34.07,708.6,0.9412,-0.3379,0.7818,0.6235
2024-03-02 07:20:00,medium_office,25.04,25.33,56.3,0.36,422.0,0.0,36.6,0.08,33.13,706.4,0.9397,-0.342,0.7818,0.6235
2024-03-02 07:21:00,medium_office,25.24,24.73,52.6,0.007,400.0,11.0,37.2,0.03,32.25,704.2,0.9382,-0.3461,0.7818,0.6235
2024-03-02 07:22:00,medium_office,24.67,24.85,50.8,0.156,400.0,0.0,37.1,0.15,33.71,701.9,0.9367,-0.3502,0.7818,0.6235
2024-03-02 07:23:00,medium_office,24.84,24.85,51.6,0.135,400.0,0.0,35.6,0.29,33.82,699.6,0.9351,-0.3543,0.7818,0.6235
2024-03-02 07:24:00,medium_office,24.2,25.18,53.0,0.114,449.0,14.0,34.2,0.19,33.03,697.3,0.9336,-0.3584,0.7818,0.6235
2024-03-02 07:25:00,medium_office,24.88,25.49,48.9,0.074,418.0,0.0,34.3,0.14,33.46,694.9,0.932,-0.3624,0.7818,0.6235
2024-03-02 07:26:00,medium_office,24.47,25.01,50.8,0.096,412.0,29.0,33.6,0.24,34.09,692.5,0.9304,-0.3665,0.7818,0.6235
2024-03-02 07:27:00,medium_office,24.85,25.65,54.8,0.077,439.0,0.0,33.8,0.17,33.05,690.1,0.9288,-0.3706,0.7818,0.6235
2024-03-02 07:28:00,medium_office,24.31,25.21,49.8,0.057,400.0,0.0,29.6,0.14,32.63,687.7,0.9272,-0.3746,0.7818,0.6235
2024-03-02 07:29:00,medium_office,24.94,24.76,50.3,0.084,432.0,57.0,31.4,0.19,32.34,685.3,0.9255,-0.3786,0.7818,0.6235
2024-03-02 07:30:00,medium_office,25.08,25.18,51.8,0.273,427.0,0.0,34.5,0.15,32.76,682.8,0.9239,-0.3827,0.7818,0.6235
2024-03-02 07:31:00,medium_office,24.53,25.53,52.3,0.074,427.0,0.0,28.3,0.19,34.53,680.4,0.9222,-0.3867,0.7818,0.6235
2024-03-02 07:32:00,medium_office,24.42,25.64,50.4,0.135,400.0,56.0,29.0,0.24,32.77,677.9,0.9205,-0.3907,0.7818,0.6235
2024-03-02 07:33:00,medium_office,24.11,25.31,51.8,0.059,400.0,0.0,34.0,0.14,33.3,675.3,0.9188,-0.3947,0.7818,0.6235
2024-03-02 07:34:00,medium_office,24.67,24.84,52.8,0.004,400.0,40.0,34.6,0.12,32.58,672.8,0.9171,-0.3987,0.7818,0.6235
2024-03-02 07:35:00,medium_office,24.57,24.74,55.5,0.042,400.0,20.0,34.1,0.17,32.47,670.2,0.9153,-0.4027,0.7818,0.6235
2024-03-02 07:36:00,medium_office,24.28,25.06,51.3,0.017,400.0,0.0,27.9,0.27,31.97,667.7,0.9135,-0.4067,0.7818,0.6235
2024-03-02 07:37:00,medium_office,24.87,25.49,51.4,0.066,411.0,0.0,39.7,0.13,32.93,665.0,0.9118,-0.4107,0.7818,0.6235
2024-03-02 07:38:00,medium_office,24.59,24.99,54.5,0.012,400.0,0.0,30.7,0.25,32.28,662.4,0.91,-0.4147,0.7818,0.6235
2024-03-02 07:39:00,medium_office,24.4,25.0,50.3,0.142,413.0,0.0,32.5,0.19,34.04,659.8,0.9081,-0.4187,0.7818,0.6235
2024-03-02 07:40:00,medium_office,24.55,24.83,48.7,0.142,415.0,7.0,31.2,0.0,32.63,657.1,0.9063,-0.4226,0.7818,0.6235
2024-03-02 07:41:00,medium_office,25.03,24.68,51.8,0.075,400.0,7.0,38.9,0.14,32.67,654.4,0.9045,-0.4266,0.7818,0.6235
2024-03-02 07:42:00,medium_office,24.89,24.74,53.4,0.004,400.0,74.0,36.3,0.06,32.51,651.7,0.9026,-0.4305,0.7818,0.6235
2024-03-02 07:43:00,medium_office,24.66,24.86,51.9,0.255,400.0,8.0,33.6,0.05,33.03,649.0,0.9007,-0.4344,0.7818,0.6235
2024-03-02 07:44:00,medium_office,24.88,25.48,51.0,0.185,400.0,19.0,33.4,0.07,34.12,646.3,0.8988,-0.4384,0.7818,0.6235
2024-03-02 07:45:00,medium_office,24.34,24.7,48.2,0.067,400.0,35.0,35.5,0.21,31.56,643.5,0.8969,-0.4423,0.7818,0.6235
2024-03-02 07:46:00,medium_office,24.69,24.81,51.0,0.375,451.0,16.0,31.3,0.19,32.85,640.7,0.8949,-0.4462,0.7818,0.6235
2024-03-02 07:47:00,medium_office,24.72,24.44,53.5,0.004,400.0,0.0,36.1,0.16,30.97,637.9,0.893,-0.4501,0.7818,0.6235
2024-03-02 07:48:00,medium_office,24.53,25.07,48.5,0.068,461.0,0.0,33.4,0.15,33.74,635.1,0.891,-0.454,0.7818,0.6235
2024-03-02 07:49:00,medium_office,24.8,25.32,50.5,0.059,409.0,0.0,36.6,0.12,32.38,632.3,0.889,-0.4579,0.7818,0.6235
2024-03-02 07:50:00,medium_office,24.43,25.42,50.1,0.0,430.0,13.0,36.5,0.27,30.96,629.4,0.887,-0.4617,0.7818,0.6235
2024-03-02 07:51:00,medium_office,24.81,24.85,49.5,0.115,426.0,0.0,33.2,0.28,31.15,626.6,0.885,-0.4656,0.7818,0.6235
2024-03-02 07:52:00,medium_office,24.81,25.0,51.3,0.166,419.0,19.0,28.8,0.23,33.21,623.7,0.8829,-0.4695,0.7818,0.6235
2024-03-02 07:53:00,medium_office,23.77,24.7,51.7,0.275,450.0,0.0,34.3,0.09,30.7,620.8,0.8809,-0.4733,0.7818,0.6235
2024-03-02 07:54:00,medium_office,24.99,24.97,51.6,0.215,400.0,4.0,30.7,0.27,32.62,617.9,0.8788,-0.4772,0.7818,0.6235
2024-03-02 07:55:00,medium_office,23.72,24.88,48.7,0.106,400.0,47.0,35.2,0.25,31.88,614.9,0.8767,-0.481,0.7818,0.6235
2024-03-02 07:56:00,medium_office,24.44,24.77,47.4,0.032,400.0,0.0,34.2,0.04,32.09,612.0,0.8746,-0.4848,0.7818,0.6235
2024-03-02 07:57:00,medium_office,24.93,24.8,51.1,0.015,400.0,55.0,33.2,0.1,31.58,609.0,0.8725,-0.4886,0.7818,0.6235
2024-03-02 07:58:00,medium_office,24.52,24.92,49.5,0.249,400.0,5.0,31.1,0.1,31.27,606.0,0.8704,-0.4924,0.7818,0.6235
2024-03-02 07:59:00,medium_office,24.16,24.62,54.2,0.282,456.0,0.0,38.6,0.22,31.7,603.0,0.8682,-0.4962,0.7818,0.6235
2024-03-02 08:00:00,medium_office,24.27,24.64,54.2,0.21,995.0,503.0,43.6,1.0,32.73,600.0,0.866,-0.5,0.7818,0.6235
2024-03-02 08:01:00,medium_office,24.9,25.41,54.4,0.408,1060.0,491.0,52.1,1.0,31.84,597.0,0.8638,-0.5038,0.7818,0.6235
2024-03-02 08:02:00,medium_office,24.01,25.81,48.5,0.387,1063.0,441.0,45.1,1.0,32.52,593.9,0.8616,-0.5075,0.7818,0.6235
2024-03-02 08:03:00,medium_office,24.92,24.24,51.5,0.253,1090.0,526.0,46.1,1.0,31.83,590.9,0.8594,-0.5113,0.7818,0.6235
2024-03-02 08:04:00,medium_office,24.55,24.21,52.0,0.215,1057.0,566.0,45.1,1.0,32.65,587.8,0.8572,-0.515,0.7818,0.6235
2024-03-02 08:05:00,medium_office,24.21,24.33,51.8,0.339,1071.0,514.0,46.0,1.0,32.43,584.7,0.8549,-0.5188,0.7818,0.6235
2024-03-02 08:06:00,medium_office,24.38,24.66,49.5,0.11,1010.0,516.0,48.3,1.0,31.44,581.6,0.8526,-0.5225,0.7818,0.6235
2024-03-02 08:07:00,medium_office,24.25,25.06,52.7,0.05,1007.0,495.0,48.3,1.0,31.0,578.5,0.8504,-0.5262,0.7818,0.6235
2024-03-02 08:08:00,medium_office,24.8,24.93,50.1,0.05,1009.0,535.0,39.7,1.0,32.88,575.3,0.848,-0.5299,0.7818,0.6235
2024-03-02 08:09:00,medium_office,24.76,24.76,50.3,0.222,1000.0,499.0,47.6,1.0,31.08,572.2,0.8457,-0.5336,0.7818,0.6235
2024-03-02 08:10:00,medium_office,24.01,24.9,47.0,0.229,1004.0,508.0,46.5,1.0,32.36,569.0,0.8434,-0.5373,0.7818,0.6235
2024-03-02 08:11:00,medium_office,24.4,24.41,51.3,0.074,1023.0,453.0,45.1,1.0,31.86,565.9,0.841,-0.541,0.7818,0.6235
2024-03-02 08:12:00,medium_office,24.26,24.58,49.4,0.035,986.0,484.0,50.1,1.0,31.34,562.7,0.8387,-0.5446,0.7818,0.6235
2024-03-02 08:13:00,medium_office,24.9,24.66,50.8,0.341,959.0,511.0,50.3,1.0,32.2,559.5,0.8363,-0.5483,0.7818,0.6235
2024-03-02 08:14:00,medium_office,24.1,24.03,50.3,0.378,1011.0,527.0,47.7,1.0,33.11,556.3,0.8339,-0.5519,0.7818,0.6235
2024-03-02 08:15:00,medium_office,24.98,24.2,50.2,0.086,979.0,528.0,43.4,1.0,32.33,553.1,0.8315,-0.5556,0.7818,0.6235
2024-03-02 08:16:00,medium_office,24.48,24.21,49.7,0.072,982.0,453.0,41.4,1.0,31.8,549.8,0.829,-0.5592,0.7818,0.6235
2024-03-02 08:17:00,medium_office,24.13,24.96,51.3,0.096,996.0,456.0,47.3,1.0,33.27,546.6,0.8266,-0.5628,0.7818,0.6235
2024-03-02 08:18:00,medium_office,24.27,24.75,49.3,0.011,989.0,518.0,49.1,1.0,29.94,543.3,0.8241,-0.5664,0.7818,0.6235
2024-03-02 08:19:00,medium_office,24.22,24.89,46.7,0.228,1033.0,478.0,38.9,1.0,30.47,540.1,0.8216,-0.57,0.7818,0.6235
2024-03-02 08:20:00,medium_office,24.08,23.9,50.7,0.041,995.0,527.0,48.3,1.0,31.09,536.8,0.8192,-0.5736,0.7818,0.6235
2024-03-02 08:21:00,medium_office,24.48,24.04,47.9,0.197,1035.0,451.0,44.2,1.0,32.94,533.5,0.8166,-0.5771,0.7818,0.6235
2024-03-02 08:22:00,medium_office,24.07,24.89,46.9,0.085,1006.0,497.0,39.6,1.0,32.43,530.2,0.8141,-0.5807,0.7818,0.6235
2024-03-02 08:23:00,medium_office,23.78,23.51,47.4,0.222,997.0,499.0,46.4,1.0,29.74,526.9,0.8116,-0.5842,0.7818,0.6235
2024-03-02 08:24:00,medium_office,24.31,25.11,50.0,0.065,1005.0,514.0,47.7,1.0,30.99,523.6,0.809,-0.5878,0.7818,0.6235
2024-03-02 08:25:00,medium_office,23.88,23.88,49.2,0.089,961.0,469.0,43.9,1.0,30.07,520.3,0.8064,-0.5913,0.7818,0.6235
2024-03-02 08:26:00,medium_office,24.19,24.95,45.1,0.162,1010.0,441.0,41.8,1.0,31.32,516.9,0.8039,-0.5948,0.7818,0.6235
2024-03-02 08:27:00,medium_office,24.13,24.25,48.5,0.014,1025.0,505.0,50.1,1.0,32.23,513.6,0.8013,-0.5983,0.7818,0.6235
2024-03-02 08:28:00,medium_office,24.13,25.02,51.6,0.161,1030.0,516.0,43.0,1.0,32.27,510.3,0.7986,-0.6018,0.7818,0.6235
2024-03-02 08:29:00,medium_office,24.99,25.88,48.3,0.018,959.0,530.0,48.5,1.0,31.53,506.9,0.796,-0.6053,0.7818,0.6235
2024-03-02 08:30:00,medium_office,24.4,23.68,48.8,0.084,954.0,489.0,40.5,1.0,30.81,503.5,0.7934,-0.6088,0.7818,0.6235
2024-03-02 08:31:00,medium_office,24.45,24.86,51.2,0.197,984.0,523.0,46.2,1.0,31.11,500.2,0.7907,-0.6122,0.7818,0.6235
2024-03-02 08:32:00,medium_office,23.83,23.85,50.7,0.124,1042.0,515.0,46.2,1.0,31.85,496.8,0.788,-0.6157,0.7818,0.6235
2024-03-02 08:33:00,medium_office,24.16,24.74,51.1,0.096,1007.0,540.0,47.6,1.0,33.49,493.4,0.7853,-0.6191,0.7818,0.6235
2024-03-02 08:34:00,medium_office,24.41,24.48,43.4,0.093,977.0,498.0,49.5,1.0,29.92,490.0,0.7826,-0.6225,0.7818,0.6235
2024-03-02 08:35:00,medium_office,24.03,24.61,52.4,0.118,956.0,448.0,42.6,1.0,32.66,486.6,0.7799,-0.6259,0.7818,0.6235
2024-03-02 08:36:00,medium_office,24.6,24.19,50.2,0.15,979.0,498.0,46.6,1.0,31.29,483.2,0.7771,-0.6293,0.7818,0.6235
2024-03-02 08:37:00,medium_office,23.96,24.86,53.8,0.029,977.0,503.0,40.9,1.0,31.83,479.7,0.7744,-0.6327,0.7818,0.6235
2024-03-02 08:38:00,medium_office,24.23,23.96,47.3,0.255,1028.0,516.0,40.9,1.0,31.16,476.3,0.7716,-0.6361,0.7818,0.6235
2024-03-02 08:39:00,medium_office,24.13,25.03,45.2,0.189,1030.0,454.0,43.3,1.0,32.35,472.9,0.7688,-0.6394,0.7818,0.6235
2024-03-02 08:40:00,medium_office,24.35,24.37,48.7,0.109,969.0,491.0,46.2,1.0,31.24,469.5,0.766,-0.6428,0.7818,0.6235
2024-03-02 08:41:00,medium_office,24.1,23.97,48.1,0.011,1023.0,526.0,50.0,1.0,30.23,466.0,0.7632,-0.6461,0.7818,0.6235
2024-03-02 08:42:00,medium_office,24.2,25.16,50.0,0.047,1020.0,497.0,50.6,1.0,31.3,462.6,0.7604,-0.6494,0.7818,0.6235
2024-03-02 08:43:00,medium_office,24.2,24.49,50.8,0.448,965.0,491.0,43.9,1.0,31.94,459.1,0.7576,-0.6528,0.7818,0.6235
2024-03-02 08:44:00,medium_office,24.04,25.27,48.4,0.101,997.0,557.0,45.9,1.0,30.78,455.7,0.7547,-0.6561,0.7818,0.6235
2024-03-02 08:45:00,medium_office,24.4,24.99,48.0,0.311,1010.0,468.0,47.8,1.0,28.68,452.2,0.7518,-0.6593,0.7818,0.6235
2024-03-02 08:46:00,medium_office,24.32,24.18,49.5,0.049,1005.0,537.0,47.3,1.0,30.6,448.7,0.749,-0.6626,0.7818,0.6235
2024-03-02 08:47:00,medium_office,24.21,24.46,47.9,0.152,949.0,531.0,44.5,1.0,30.78,445.3,0.7461,-0.6659,0.7818,0.6235
2024-03-02 08:48:00,medium_office,24.1,24.53,47.7,0.079,1004.0,493.0,45.2,1.0,30.61,441.8,0.7431,-0.6691,0.7818,0.6235
2024-03-02 08:49:00,medium_office,24.46,25.09,50.4,0.106,1019.0,499.0,44.7,1.0,30.12,438.3,0.7402,-0.6724,0.7818,0.6235
2024-03-02 08:50:00,medium_office,24.14,24.65,50.8,0.245,1047.0,499.0,44.4,1.0,31.91,434.9,0.7373,-0.6756,0.7818,0.6235
2024-03-02 08:51:00,medium_office,24.11,24.54,50.4,0.185,980.0,505.0,44.0,1.0,28.18,431.4,0.7343,-0.6788,0.7818,0.6235
2024-03-02 08:52:00,medium_office,24.23,24.38,47.9,0.102,984.0,482.0,44.6,1.0,30.61,427.9,0.7314,-0.682,0.7818,0.6235
2024-03-02 08:53:00,medium_office,24.69,24.44,43.9,0.71,994.0,487.0,43.8,1.0,30.59,424.4,0.7284,-0.6852,0.7818,0.6235
2024-03-02 08:54:00,medium_office,23.77,24.97,47.8,0.136,1009.0,489.0,41.6,1.0,32.55,420.9,0.7254,-0.6884,0.7818,0.6235
2024-03-02 08:55:00,medium_office,24.4,24.45,46.6,0.082,1003.0,490.0,47.6,1.0,30.4,417.4,0.7224,-0.6915,0.7818,0.6235
2024-03-02 08:56:00,medium_office,23.59,24.28,47.8,0.407,1018.0,491.0,46.5,1.0,30.83,414.0,0.7193,-0.6947,0.7818,0.6235
2024-03-02 08:57:00,medium_office,24.21,24.21,46.7,0.126,966.0,433.0,50.6,1.0,30.48,410.5,0.7163,-0.6978,0.7818,0.6235
2024-03-02 08:58:00,medium_office,24.61,24.2,47.9,0.059,1012.0,503.0,46.1,1.0,30.41,407.0,0.7133,-0.7009,0.7818,0.6235
2024-03-02 08:59:00,medium_office,24.28,23.86,45.8,0.459,978.0,484.0,43.7,1.0,32.05,403.5,0.7102,-0.704,0.7818,0.6235
2024-03-02 09:00:00,medium_office,24.17,24.11,45.3,0.049,996.0,444.0,43.1,1.0,29.14,400.0,0.7071,-0.7071,0.7818,0.6235
2024-03-02 09:01:00,medium_office,23.94,25.01,50.3,0.052,1051.0,489.0,45.1,1.0,29.55,396.5,0.704,-0.7102,0.7818,0.6235
2024-03-02 09:02:00,medium_office,24.11,24.32,45.8,0.051,958.0,489.0,46.7,1.0,30.94,393.0,0.7009,-0.7133,0.7818,0.6235
2024-03-02 09:03:00,medium_office,24.02,24.68,47.7,0.01,992.0,538.0,44.3,1.0,30.41,389.5,0.6978,-0.7163,0.7818,0.6235
2024-03-02 09:04:00,medium_office,23.85,23.4,49.6,0.019,962.0,484.0,40.6,1.0,29.83,386.0,0.6947,-0.7193,0.7818,0.6235
2024-03-02 09:05:00,medium_office,23.99,24.61,49.5,0.024,1005.0,520.0,42.8,1.0,30.01,382.6,0.6915,-0.7224,0.7818,0.6235
2024-03-02 09:06:00,medium_office,24.12,24.31,49.2,0.013,1031.0,541.0,45.1,1.0,30.96,379.1,0.6884,-0.7254,0.7818,0.6235
2024-03-02 09:07:00,medium_office,23.83,24.18,48.2,0.088,1005.0,481.0,47.2,1.0,30.5,375.6,0.6852,-0.7284,0.7818,0.6235
2024-03-02 09:08:00,medium_office,23.8,24.44,49.0,0.217,996.0,499.0,40.5,1.0,29.27,372.1,0.682,-0.7314,0.7818,0.6235
2024-03-02 09:09:00,medium_office,23.63,24.16,50.2,0.022,1040.0,552.0,45.8,1.0,30.19,368.6,0.6788,-0.7343,0.7818,0.6235
2024-03-02 09:10:00,medium_office,24.14,23.5,48.3,0.042,1010.0,507.0,45.7,1.0,29.87,365.1,0.6756,-0.7373,0.7818,0.6235
2024-03-02 09:11:00,medium_office,24.18,24.71,43.7,0.368,1025.0,511.0,43.6,1.0,30.35,361.7,0.6724,-0.7402,0.7818,0.6235
2024-03-02 09:12:00,medium_office,24.08,24.44,46.3,0.08,1021.0,488.0,43.2,1.0,29.53,358.2,0.6691,-0.7431,0.7818,0.6235
2024-03-02 09:13:00,medium_office,24.29,24.21,48.7,0.016,914.0,521.0,42.8,1.0,28.61,354.7,0.6659,-0.7461,0.7818,0.6235
2024-03-02 09:14:00,medium_office,24.01,23.94,46.0,0.073,998.0,499.0,45.4,1.0,30.45,351.3,0.6626,-0.749,0.7818,0.6235
2024-03-02 09:15:00,medium_office,24.1,23.73,50.5,0.446,968.0,445.0,48.4,1.0,30.29,347.8,0.6593,-0.7518,0.7818,0.6235
2024-03-02 09:16:00,medium_office,24.06,24.4,47.1,0.13,975.0,489.0,48.6,1.0,31.13,344.3,0.6561,-0.7547,0.7818,0.6235
2024-03-02 09:17:00,medium_office,23.93,24.95,47.3,0.0,1044.0,465.0,41.6,1.0,28.36,340.9,0.6528,-0.7576,0.7818,0.6235
2024-03-02 09:18:00,medium_office,23.79,24.38,49.4,0.689,989.0,503.0,44.4,1.0,29.57,337.4,0.6494,-0.7604,0.7818,0.6235
2024-03-02 09:19:00,medium_office,24.6,23.74,46.7,0.432,1057.0,472.0,38.4,1.0,29.38,334.0,0.6461,-0.7632,0.7818,0.6235
2024-03-02 09:20:00,medium_office,23.79,24.38,47.4,0.265,958.0,514.0,45.3,1.0,29.18,330.5,0.6428,-0.766,0.7818,0.6235
2024-03-02 09:21:00,medium_office,23.72,24.26,48.8,0.001,967.0,501.0,46.8,1.0,28.0,327.1,0.6394,-0.7688,0.7818,0.6235
2024-03-02 09:22:00,medium_office,24.04,24.62,44.0,0.152,1023.0,463.0,49.7,1.0,28.44,323.7,0.6361,-0.7716,0.7818,0.6235
2024-03-02 09:23:00,medium_office,23.97,24.51,46.3,0.748,990.0,485.0,39.6,1.0,29.74,320.3,0.6327,-0.7744,0.7818,0.6235
2024-03-02 09:24:00,medium_office,23.47,23.06,48.5,0.009,1009.0,519.0,41.7,1.0,28.94,316.8,0.6293,-0.7771,0.7818,0.6235
2024-03-02 09:25:00,medium_office,24.21,24.47,47.0,0.439,997.0,534.0,45.4,1.0,28.58,313.4,0.6259,-0.7799,0.7818,0.6235
2024-03-02 09:26:00,medium_office,23.84,23.84,49.7,0.234,996.0,473.0,40.1,1.0,30.8,310.0,0.6225,-0.7826,0.7818,0.6235
2024-03-02 09:27:00,medium_office,23.52,23.67,43.6,0.057,991.0,467.0,45.5,1.0,31.71,306.6,0.6191,-0.7853,0.7818,0.6235
2024-03-02 09:28:00,medium_office,24.2,24.16,43.3,0.262,1005.0,559.0,46.9,1.0,29.24,303.2,0.6157,-0.788,0.7818,0.6235
2024-03-02 09:29:00,medium_office,24.02,24.39,48.2,0.009,1019.0,500.0,41.2,1.0,27.76,299.8,0.6122,-0.7907,0.7818,0.6235
2024-03-02 09:30:00,medium_office,23.45,23.56,48.3,0.052,1048.0,503.0,45.4,1.0,29.63,296.5,0.6088,-0.7934,0.7818,0.6235
2024-03-02 09:31:00,medium_office,24.35,24.49,46.2,0.007,994.0,478.0,41.4,1.0,27.11,293.1,0.6053,-0.796,0.7818,0.6235
2024-03-02 09:32:00,medium_office,24.0,24.51,47.3,0.065,988.0,506.0,49.1,1.0,27.81,289.7,0.6018,-0.7986,0.7818,0.6235
2024-03-02 09:33:00,medium_office,23.79,24.22,48.0,0.171,984.0,551.0,45.6,1.0,29.54,286.4,0.5983,-0.8013,0.7818,0.6235
2024-03-02 09:34:00,medium_office,24.26,23.84,44.8,0.299,1044.0,508.0,43.1,1.0,27.71,283.1,0.5948,-0.8039,0.7818,0.6235
2024-03-02 09:35:00,medium_office,23.82,23.79,45.0,0.365,1021.0,532.0,41.3,1.0,28.76,279.7,0.5913,-0.8064,0.7818,0.6235
2024-03-02 09:36:00,medium_office,23.75,24.59,46.7,0.242,943.0,501.0,46.2,1.0,27.54,276.4,0.5878,-0.809,0.7818,0.6235
2024-03-02 09:37:00,medium_office,23.55,23.56,48.1,0.398,942.0,469.0,49.1,1.0,29.05,273.1,0.5842,-0.8116,0.7818,0.6235
2024-03-02 09:38:00,medium_office,23.92,24.59,44.0,0.397,975.0,480.0,42.7,1.0,30.08,269.8,0.5807,-0.8141,0.7818,0.6235
2024-03-02 09:39:00,medium_office,23.87,24.09,45.9,0.127,1007.0,466.0,43.7,1.0,28.31,266.5,0.5771,-0.8166,0.7818,0.6235
2024-03-02 09:40:00,medium_office,23.73,24.11,45.7,0.055,999.0,507.0,42.7,1.0,28.87,263.2,0.5736,-0.8192,0.7818,0.6235
2024-03-02 09:41:00,medium_office,23.47,23.46,47.0,0.645,1015.0,537.0,49.7,1.0,28.03,259.9,0.57,-0.8216,0.7818,0.6235
2024-03-02 09:42:00,medium_office,23.74,24.07,46.1,0.023,995.0,505.0,39.3,1.0,28.07,256.7,0.5664,-0.8241,0.7818,0.6235
2024-03-02 09:43:00,medium_office,23.67,24.37,45.0,0.085,1042.0,491.0,48.9,1.0,27.95,253.4,0.5628,-0.8266,0.7818,0.6235
2024-03-02 09:44:00,medium_office,23.28,23.58,48.5,0.105,1023.0,476.0,43.9,1.0,29.53,250.2,0.5592,-0.829,0.7818,0.6235
2024-03-02 09:45:00,medium_office,23.23,24.31,44.9,0.116,1002.0,511.0,44.8,1.0,27.3,246.9,0.5556,-0.8315,0.7818,0.6235
2024-03-02 09:46:00,medium_office,23.83,24.14,45.4,0.092,1034.0,463.0,44.0,1.0,28.34,243.7,0.5519,-0.8339,0.7818,0.6235
2024-03-02 09:47:00,medium_office,22.86,23.84,42.7,0.318,951.0,466.0,45.7,1.0,29.05,240.5,0.5483,-0.8363,0.7818,0.6235
2024-03-02 09:48:00,medium_office,23.7,24.43,44.5,0.11,997.0,527.0,42.8,1.0,29.52,237.3,0.5446,-0.8387,0.7818,0.6235
2024-03-02 09:49:00,medium_office,23.48,23.2,46.9,0.216,1004.0,492.0,48.2,1.0,29.01,234.1,0.541,-0.841,0.7818,0.6235
2024-03-02 09:50:00,medium_office,24.0,24.21,46.4,0.022,1018.0,491.0,48.3,1.0,28.46,231.0,0.5373,-0.8434,0.7818,0.6235
2024-03-02 09:51:00,medium_office,23.45,24.72,47.0,0.688,949.0,495.0,42.0,1.0,27.93,227.8,0.5336,-0.8457,0.7818,0.6235
2024-03-02 09:52:00,medium_office,23.79,24.64,46.8,0.073,992.0,522.0,47.0,1.0,29.39,224.7,0.5299,-0.848,0.7818,0.6235
2024-03-02 09:53:00,medium_office,23.46,24.21,49.9,0.022,1012.0,505.0,43.9,1.0,27.57,221.5,0.5262,-0.8504,0.7818,0.6235
2024-03-02 09:54:00,medium_office,23.6,23.92,44.2,0.146,1014.0,478.0,45.2,1.0,27.55,218.4,0.5225,-0.8526,0.7818,0.6235
2024-03-02 09:55:00,medium_office,23.78,23.78,42.4,0.073,1036.0,479.0,49.6,1.0,29.72,215.3,0.5188,-0.8549,0.7818,0.6235
2024-03-02 09:56:00,medium_office,23.41,23.91,43.5,0.309,1023.0,494.0,43.0,1.0,28.69,212.2,0.515,-0.8572,0.7818,0.6235
2024-03-02 09:57:00,medium_office,23.83,24.24,44.1,0.08,998.0,509.0,47.8,1.0,28.69,209.1,0.5113,-0.8594,0.7818,0.6235
2024-03-02 09:58:00,medium_office,23.22,23.69,43.5,0.014,1020.0,499.0,46.4,1.0,28.86,206.1,0.5075,-0.8616,0.7818,0.6235
2024-03-02 09:59:00,medium_office,23.6,24.31,45.6,0.493,994.0,496.0,44.4,1.0,28.13,203.0,0.5038,-0.8638,0.7818,0.6235
2024-03-02 10:00:00,medium_office,23.78,24.85,47.9,0.048,1004.0,501.0,46.1,1.0,26.75,200.0,0.5,-0.866,0.7818,0.6235
2024-03-02 10:01:00,medium_office,23.69,23.97,48.5,0.064,1024.0,499.0,45.7,1.0,28.41,197.0,0.4962,-0.8682,0.7818,0.6235
2024-03-02 10:02:00,medium_office,24.05,23.45,46.3,0.109,999.0,477.0,41.5,1.0,28.1,194.0,0.4924,-0.8704,0.7818,0.6235
2024-03-02 10:03:00,medium_office,23.24,23.44,49.6,0.07,1011.0,533.0,43.2,1.0,27.22,191.0,0.4886,-0.8725,0.7818,0.6235
2024-03-02 10:04:00,medium_office,23.04,24.28,44.5,0.054,1029.0,486.0,41.9,1.0,26.96,188.0,0.4848,-0.8746,0.7818,0.6235
2024-03-02 10:05:00,medium_office,23.14,23.94,42.0,0.035,1021.0,504.0,44.2,1.0,27.97,185.1,0.481,-0.8767,0.7818,0.6235
2024-03-02 10:06:00,medium_office,23.63,24.31,47.3,0.036,1037.0,438.0,49.0,1.0,26.62,182.1,0.4772,-0.8788,0.7818,0.6235
2024-03-02 10:07:00,medium_office,23.57,23.73,41.5,0.111,1070.0,494.0,46.7,1.0,27.8,179.2,0.4733,-0.8809,0.7818,0.6235
2024-03-02 10:08:00,medium_office,23.44,24.27,43.6,0.251,1021.0,467.0,40.7,1.0,27.65,176.3,0.4695,-0.8829,0.7818,0.6235
2024-03-02 10:09:00,medium_office,23.06,23.87,46.1,0.037,986.0,471.0,44.2,1.0,27.76,173.4,0.4656,-0.885,0.7818,0.6235
2024-03-02 10:10:00,medium_office,23.62,23.63,44.8,0.083,1015.0,573.0,45.7,1.0,28.24,170.6,0.4617,-0.887,0.7818,0.6235
2024-03-02 10:11:00,medium_office,23.01,23.76,44.6,0.129,1014.0,507.0,47.2,1.0,28.43,167.7,0.4579,-0.889,0.7818,0.6235
2024-03-02 10:12:00,medium_office,23.71,23.43,42.6,0.354,1018.0,537.0,43.0,1.0,27.06,164.9,0.454,-0.891,0.7818,0.6235
2024-03-02 10:13:00,medium_office,24.21,24.7,44.9,0.056,1045.0,526.0,41.3,1.0,28.6,162.1,0.4501,-0.893,0.7818,0.6235
2024-03-02 10:14:00,medium_office,23.45,23.85,46.9,0.331,949.0,529.0,44.8,1.0,27.48,159.3,0.4462,-0.8949,0.7818,0.6235
2024-03-02 10:15:00,medium_office,23.5,24.14,44.9,0.142,1045.0,494.0,46.7,1.0,29.42,156.5,0.4423,-0.8969,0.7818,0.6235
2024-03-02 10:16:00,medium_office,23.17,23.66,43.1,0.163,1056.0,548.0,45.7,1.0,27.04,153.7,0.4384,-0.8988,0.7818,0.6235
2024-03-02 10:17:00,medium_office,22.76,23.45,42.3,0.173,1017.0,525.0,42.3,1.0,25.98,151.0,0.4344,-0.9007,0.7818,0.6235
2024-03-02 10:18:00,medium_office,23.11,23.77,43.1,0.354,1018.0,501.0,50.3,1.0,28.39,148.3,0.4305,-0.9026,0.7818,0.6235
2024-03-02 10:19:00,medium_office,22.95,24.29,45.5,0.072,993.0,508.0,44.7,1.0,27.95,145.6,0.4266,-0.9045,0.7818,0.6235
2024-03-02 10:20:00,medium_office,22.83,23.64,45.3,0.0,1000.0,496.0,45.6,1.0,28.69,142.9,0.4226,-0.9063,0.7818,0.6235
2024-03-02 10:21:00,medium_office,23.77,23.49,43.0,0.005,1021.0,502.0,43.0,1.0,27.77,140.2,0.4187,-0.9081,0.7818,0.6235
2024-03-02 10:22:00,medium_office,23.33,23.89,40.2,0.373,1019.0,499.0,48.3,1.0,29.76,137.6,0.4147,-0.91,0.7818,0.6235
2024-03-02 10:23:00,medium_office,23.35,24.02,45.4,0.008,1022.0,511.0,46.7,1.0,27.2,135.0,0.4107,-0.9118,0.7818,0.6235
2024-03-02 10:24:00,medium_office,23.13,24.47,42.7,0.079,1019.0,552.0,45.9,1.0,28.4,132.3,0.4067,-0.9135,0.7818,0.6235
2024-03-02 10:25:00,medium_office,23.16,23.95,45.9,0.834,1027.0,464.0,41.5,1.0,26.79,129.8,0.4027,-0.9153,0.7818,0.6235
2024-03-02 10:26:00,medium_office,23.49,24.06,42.9,0.225,1024.0,534.0,48.3,1.0,27.77,127.2,0.3987,-0.9171,0.7818,0.6235
2024-03-02 10:27:00,medium_office,23.17,24.08,42.4,0.175,969.0,489.0,47.3,1.0,27.93,124.7,0.3947,-0.9188,0.7818,0.6235
2024-03-02 10:28:00,medium_office,23.33,23.32,44.7,0.068,1025.0,538.0,48.0,1.0,28.05,122.1,0.3907,-0.9205,0.7818,0.6235
2024-03-02 10:29:00,medium_office,23.1,23.39,49.0,0.139,1056.0,490.0,45.1,1.0,27.95,119.6,0.3867,-0.9222,0.7818,0.6235
2024-03-02 10:30:00,medium_office,23.05,23.33,45.8,0.13,999.0,512.0,44.8,1.0,23.91,117.2,0.3827,-0.9239,0.7818,0.6235
2024-03-02 10:31:00,medium_office,22.71,23.22,44.5,0.256,1045.0,495.0,44.5,1.0,27.04,114.7,0.3786,-0.9255,0.7818,0.6235
2024-03-02 10:32:00,medium_office,22.53,24.07,44.9,0.214,972.0,448.0,51.8,1.0,26.5,112.3,0.3746,-0.9272,0.7818,0.6235
2024-03-02 10:33:00,medium_office,23.03,23.86,40.7,0.05,999.0,552.0,43.4,1.0,26.66,109.9,0.3706,-0.9288,0.7818,0.6235
2024-03-02 10:34:00,medium_office,23.12,23.76,41.9,0.086,981.0,472.0,41.4,1.0,26.72,107.5,0.3665,-0.9304,0.7818,0.6235
2024-03-02 10:35:00,medium_office,22.7,22.69,39.1,0.025,1041.0,503.0,43.9,1.0,27.95,105.1,0.3624,-0.932,0.7818,0.6235
2024-03-02 10:36:00,medium_office,23.06,24.54,47.5,0.017,1049.0,468.0,43.4,1.0,27.14,102.7,0.3584,-0.9336,0.7818,0.6235
2024-03-02 10:37:00,medium_office,23.08,23.35,47.1,0.255,997.0,460.0,48.8,1.0,26.39,100.4,0.3543,-0.9351,0.7818,0.6235
2024-03-02 10:38:00,medium_office,22.4,24.52,44.8,0.121,1035.0,494.0,40.9,1.0,25.4,98.1,0.3502,-0.9367,0.7818,0.6235
2024-03-02 10:39:00,medium_office,22.76,23.11,44.2,0.118,1050.0,482.0,43.3,1.0,28.36,95.8,0.3461,-0.9382,0.7818,0.6235
2024-03-02 10:40:00,medium_office,23.15,23.36,40.8,0.295,999.0,465.0,45.6,1.0,26.15,93.6,0.342,-0.9397,0.7818,0.6235
2024-03-02 10:41:00,medium_office,23.13,22.79,43.5,0.242,1004.0,499.0,48.8,1.0,26.63,91.4,0.3379,-0.9412,0.7818,0.6235
2024-03-02 10:42:00,medium_office,22.66,23.81,47.5,0.129,1022.0,456.0,47.1,1.0,28.87,89.1,0.3338,-0.9426,0.7818,0.6235
2024-03-02 10:43:00,medium_office,23.04,23.22,44.1,0.015,975.0,504.0,49.9,1.0,26.07,87.0,0.3297,-0.9441,0.7818,0.6235
2024-03-02 10:44:00,medium_office,23.28,23.22,42.7,0.012,1003.0,496.0,46.0,1.0,26.38,84.8,0.3256,-0.9455,0.7818,0.6235
2024-03-02 10:45:00,medium_office,23.2,23.09,40.3,0.052,1064.0,426.0,44.4,1.0,26.86,82.7,0.3214,-0.9469,0.7818,0.6235
2024-03-02 10:46:00,medium_office,22.92,23.95,46.5,0.109,985.0,484.0,47.6,1.0,24.98,80.5,0.3173,-0.9483,0.7818,0.6235
2024-03-02 10:47:00,medium_office,22.8,23.91,43.6,0.359,1026.0,514.0,40.9,1.0,24.83,78.5,0.3132,-0.9497,0.7818,0.6235
2024-03-02 10:48:00,medium_office,22.74,24.34,40.2,0.247,1016.0,468.0,39.9,1.0,26.04,76.4,0.309,-0.9511,0.7818,0.6235
2024-03-02 10:49:00,medium_office,23.05,23.34,41.8,0.256,995.0,515.0,47.9,1.0,26.04,74.4,0.3049,-0.9524,0.7818,0.6235
2024-03-02 10:50:00,medium_office,22.96,23.69,41.0,0.019,1007.0,513.0,45.6,1.0,26.59,72.3,0.3007,-0.9537,0.7818,0.6235
2024-03-02 10:51:00,medium_office,23.08,23.08,43.3,0.008,1053.0,469.0,47.9,1.0,25.44,70.3,0.2965,-0.955,0.7818,0.6235
2024-03-02 10:52:00,medium_office,22.92,23.45,43.9,0.143,1017.0,500.0,42.4,1.0,26.82,68.4,0.2924,-0.9563,0.7818,0.6235
2024-03-02 10:53:00,medium_office,23.11,23.37,42.5,0.31,1021.0,525.0,48.9,1.0,24.19,66.4,0.2882,-0.9576,0.7818,0.6235
2024-03-02 10:54:00,medium_office,22.88,23.75,45.0,0.052,1048.0,474.0,47.0,1.0,26.25,64.5,0.284,-0.9588,0.7818,0.6235
2024-03-02 10:55:00,medium_office,23.07,23.97,43.6,0.072,991.0,494.0,44.9,1.0,26.64,62.6,0.2798,-0.96,0.7818,0.6235
2024-03-02 10:56:00,medium_office,23.09,23.95,45.5,0.22,969.0,535.0,45.6,1.0,26.58,60.8,0.2756,-0.9613,0.7818,0.6235
2024-03-02 10:57:00,medium_office,22.57,23.21,42.7,0.454,1053.0,474.0,46.0,1.0,26.05,58.9,0.2714,-0.9625,0.7818,0.6235
2024-03-02 10:58:00,medium_office,22.26,23.93,49.4,0.03,1004.0,514.0,42.4,1.0,25.52,57.1,0.2672,-0.9636,0.7818,0.6235
2024-03-02 10:59:00,medium_office,23.25,23.51,42.2,0.949,1027.0,468.0,43.8,1.0,25.95,55.3,0.263,-0.9648,0.7818,0.6235
2024-03-02 11:00:00,medium_office,22.85,23.39,41.5,0.032,977.0,495.0,46.0,1.0,27.35,53.6,0.2588,-0.9659,0.7818,0.6235
2024-03-02 11:01:00,medium_office,22.25,23.23,41.2,0.069,1012.0,513.0,43.7,1.0,25.48,51.9,0.2546,-0.967,0.7818,0.6235
2024-03-02 11:02:00,medium_office,22.54,23.28,42.8,0.171,967.0,428.0,40.6,1.0,27.02,50.2,0.2504,-0.9681,0.7818,0.6235
2024-03-02 11:03:00,medium_office,22.97,24.19,39.7,0.106,1002.0,484.0,45.9,1.0,27.15,48.5,0.2462,-0.9692,0.7818,0.6235
2024-03-02 11:04:00,medium_office,22.64,23.61,43.7,0.051,981.0,513.0,47.5,1.0,24.24,46.8,0.2419,-0.9703,0.7818,0.6235
2024-03-02 11:05:00,medium_office,22.56,23.55,39.3,0.104,974.0,507.0,48.2,1.0,25.82,45.2,0.2377,-0.9713,0.7818,0.6235
2024-03-02 11:06:00,medium_office,23.12,23.36,43.4,0.056,991.0,484.0,46.6,1.0,24.93,43.6,0.2334,-0.9724,0.7818,0.6235
2024-03-02 11:07:00,medium_office,22.37,24.44,40.3,0.103,931.0,467.0,47.5,1.0,24.37,42.0,0.2292,-0.9734,0.7818,0.6235
2024-03-02 11:08:00,medium_office,22.44,23.97,42.3,0.319,965.0,519.0,48.0,1.0,26.63,40.5,0.225,-0.9744,0.7818,0.6235
2024-03-02 11:09:00,medium_office,22.73,23.15,44.2,0.166,1023.0,490.0,45.2,1.0,26.28,39.0,0.2207,-0.9753,0.7818,0.6235
2024-03-02 11:10:00,medium_office,22.77,23.32,47.6,0.157,1010.0,516.0,38.6,1.0,26.04,37.5,0.2164,-0.9763,0.7818,0.6235
2024-03-02 11:11:00,medium_office,22.79,23.34,40.8,0.048,968.0,511.0,48.5,1.0,24.66,36.0,0.2122,-0.9772,0.7818,0.6235
2024-03-02 11:12:00,medium_office,22.9,23.47,42.6,0.406,1016.0,487.0,42.3,1.0,25.92,34.6,0.2079,-0.9781,0.7818,0.6235
2024-03-02 11:13:00,medium_office,22.67,23.13,41.4,0.481,974.0,532.0,41.6,1.0,24.36,33.2,0.2036,-0.979,0.7818,0.6235
2024-03-02 11:14:00,medium_office,22.74,23.57,41.1,0.107,1022.0,482.0,41.7,1.0,25.72,31.8,0.1994,-0.9799,0.7818,0.6235
2024-03-02 11:15:00,medium_office,22.51,23.97,41.4,0.066,997.0,536.0,52.5,1.0,24.95,30.4,0.1951,-0.9808,0.7818,0.6235
2024-03-02 11:16:00,medium_office,22.59,22.86,44.4,0.079,990.0,540.0,46.3,1.0,26.63,29.1,0.1908,-0.9816,0.7818,0.6235
2024-03-02 11:17:00,medium_office,22.59,22.92,41.8,0.372,997.0,532.0,41.9,1.0,25.18,27.8,0.1865,-0.9825,0.7818,0.6235
2024-03-02 11:18:00,medium_office,22.61,23.17,47.2,0.085,1077.0,495.0,42.9,1.0,25.74,26.6,0.1822,-0.9833,0.7818,0.6235
2024-03-02 11:19:00,medium_office,22.77,23.18,43.5,0.001,977.0,576.0,45.0,1.0,25.71,25.3,0.1779,-0.984,0.7818,0.6235
2024-03-02 11:20:00,medium_office,22.69,24.15,40.6,0.016,1007.0,505.0,46.6,1.0,25.37,24.1,0.1736,-0.9848,0.7818,0.6235
2024-03-02 11:21:00,medium_office,22.52,23.74,41.9,0.009,1023.0,507.0,45.8,1.0,25.51,22.9,0.1693,-0.9856,0.7818,0.6235
2024-03-02 11:22:00,medium_office,22.25,23.71,41.0,0.145,971.0,499.0,42.2,1.0,25.68,21.8,0.165,-0.9863,0.7818,0.6235
2024-03-02 11:23:00,medium_office,22.5,23.22,44.2,0.293,952.0,466.0,46.0,1.0,24.45,20.7,0.1607,-0.987,0.7818,0.6235
2024-03-02 11:24:00,medium_office,22.46,23.2,39.3,0.068,982.0,539.0,43.2,1.0,25.71,19.6,0.1564,-0.9877,0.7818,0.6235
2024-03-02 11:25:00,medium_office,22.51,22.72,39.8,0.125,1023.0,483.0,48.1,1.0,26.14,18.5,0.1521,-0.9884,0.7818,0.6235
2024-03-02 11:26:00,medium_office,23.11,23.61,41.3,0.01,990.0,528.0,45.2,1.0,25.64,17.5,0.1478,-0.989,0.7818,0.6235
2024-03-02 11:27:00,medium_office,22.27,23.48,43.8,0.152,993.0,535.0,42.7,1.0,24.86,16.5,0.1435,-0.9897,0.7818,0.6235
2024-03-02 11:28:00,medium_office,22.54,23.79,44.9,0.431,1027.0,518.0,47.1,1.0,25.35,15.5,0.1392,-0.9903,0.7818,0.6235
2024-03-02 11:29:00,medium_office,22.73,23.19,45.2,0.235,976.0,479.0,46.1,1.0,24.78,14.5,0.1349,-0.9909,0.7818,0.6235
2024-03-02 11:30:00,medium_office,22.42,23.2,43.4,0.412,997.0,490.0,43.6,1.0,25.0,13.6,0.1305,-0.9914,0.7818,0.6235
2024-03-02 11:31:00,medium_office,23.08,23.32,42.2,0.078,955.0,420.0,47.2,1.0,23.89,12.7,0.1262,-0.992,0.7818,0.6235
2024-03-02 11:32:00,medium_office,22.25,23.6,43.9,0.092,1010.0,497.0,46.9,1.0,26.43,11.9,0.1219,-0.9925,0.7818,0.6235
2024-03-02 11:33:00,medium_office,22.45,22.65,40.0,0.162,1007.0,524.0,48.6,1.0,26.95,11.1,0.1175,-0.9931,0.7818,0.6235
2024-03-02 11:34:00,medium_office,22.1,23.52,38.6,0.031,1024.0,493.0,47.1,1.0,24.28,10.3,0.1132,-0.9936,0.7818,0.6235
2024-03-02 11:35:00,medium_office,22.22,23.21,43.1,0.493,966.0,482.0,44.4,1.0,25.74,9.5,0.1089,-0.9941,0.7818,0.6235
2024-03-02 11:36:00,medium_office,22.39,22.79,40.2,0.196,994.0,491.0,39.9,1.0,26.38,8.7,0.1045,-0.9945,0.7818,0.6235
2024-03-02 11:37:00,medium_office,22.55,22.37,42.0,0.025,962.0,536.0,45.6,1.0,23.93,8.0,0.1002,-0.995,0.7818,0.6235
2024-03-02 11:38:00,medium_office,22.38,23.14,42.4,0.067,993.0,498.0,46.0,1.0,22.7,7.3,0.0958,-0.9954,0.7818,0.6235
2024-03-02 11:39:00,medium_office,22.65,23.76,42.6,0.063,1044.0,556.0,45.2,1.0,26.34,6.7,0.0915,-0.9958,0.7818,0.6235
2024-03-02 11:40:00,medium_office,22.23,23.84,44.0,0.34,990.0,483.0,36.0,1.0,24.78,6.1,0.0872,-0.9962,0.7818,0.6235
2024-03-02 11:41:00,medium_office,22.15,23.31,43.7,0.375,959.0,507.0,47.0,1.0,24.24,5.5,0.0828,-0.9966,0.7818,0.6235
2024-03-02 11:42:00,medium_office,23.05,23.94,42.4,0.061,980.0,487.0,42.3,1.0,24.77,4.9,0.0785,-0.9969,0.7818,0.6235
2024-03-02 11:43:00,medium_office,22.34,23.13,41.1,0.281,952.0,562.0,47.1,1.0,24.33,4.4,0.0741,-0.9973,0.7818,0.6235
2024-03-02 11:44:00,medium_office,21.99,23.52,42.2,0.05,961.0,505.0,50.1,1.0,27.62,3.9,0.0698,-0.9976,0.7818,0.6235
2024-03-02 11:45:00,medium_office,21.99,22.95,40.8,0.138,1020.0,564.0,44.2,1.0,24.1,3.4,0.0654,-0.9979,0.7818,0.6235
2024-03-02 11:46:00,medium_office,21.9,22.92,41.5,0.02,957.0,487.0,46.3,1.0,24.93,3.0,0.061,-0.9981,0.7818,0.6235
2024-03-02 11:47:00,medium_office,22.45,22.84,47.1,0.349,1009.0,546.0,45.1,1.0,25.86,2.6,0.0567,-0.9984,0.7818,0.6235
2024-03-02 11:48:00,medium_office,22.05,22.28,42.2,0.064,1001.0,504.0,46.6,1.0,25.82,2.2,0.0523,-0.9986,0.7818,0.6235
2024-03-02 11:49:00,medium_office,22.18,23.61,42.8,0.323,984.0,525.0,45.3,1.0,25.6,1.8,0.048,-0.9988,0.7818,0.6235
2024-03-02 11:50:00,medium_office,22.11,22.83,40.4,0.184,1007.0,463.0,43.4,1.0,24.05,1.5,0.0436,-0.999,0.7818,0.6235
2024-03-02 11:51:00,medium_office,22.34,22.76,43.8,0.061,972.0,510.0,42.3,1.0,24.29,1.2,0.0393,-0.9992,0.7818,0.6235
2024-03-02 11:52:00,medium_office,21.85,22.6,43.3,0.247,1025.0,468.0,49.8,1.0,22.24,1.0,0.0349,-0.9994,0.7818,0.6235
2024-03-02 11:53:00,medium_office,21.77,22.98,43.3,0.031,979.0,508.0,46.3,1.0,24.31,0.7,0.0305,-0.9995,0.7818,0.6235
2024-03-02 11:54:00,medium_office,22.15,23.76,42.2,0.163,988.0,454.0,47.5,1.0,24.38,0.5,0.0262,-0.9997,0.7818,0.6235
2024-03-02 11:55:00,medium_office,22.25,23.88,43.8,0.295,985.0,497.0,46.2,1.0,25.06,0.4,0.0218,-0.9998,0.7818,0.6235
2024-03-02 11:56:00,medium_office,22.15,22.37,44.2,0.158,1021.0,533.0,47.9,1.0,26.08,0.2,0.0175,-0.9998,0.7818,0.6235
2024-03-02 11:57:00,medium_office,21.8,22.88,42.2,0.141,1016.0,516.0,42.3,1.0,24.97,0.1,0.0131,-0.9999,0.7818,0.6235
2024-03-02 11:58:00,medium_office,22.23,22.6,41.4,0.042,921.0,463.0,45.2,1.0,25.3,0.1,0.0087,-1.0,0.7818,0.6235
2024-03-02 11:59:00,medium_office,21.79,23.4,43.4,0.149,1008.0,443.0,46.5,1.0,24.18,0.0,0.0044,-1.0,0.7818,0.6235
2024-03-02 12:00:00,medium_office,21.84,23.11,39.8,0.313,948.0,515.0,48.9,1.0,25.45,0.0,0.0,-1.0,0.7818,0.6235
2024-03-02 12:01:00,medium_office,21.7,22.74,40.1,0.16,990.0,547.0,53.0,1.0,24.15,0.0,-0.0044,-1.0,0.7818,0.6235
2024-03-02 12:02:00,medium_office,22.36,23.01,41.4,0.055,997.0,471.0,46.2,1.0,25.24,0.1,-0.0087,-1.0,0.7818,0.6235
2024-03-02 12:03:00,medium_office,22.15,22.78,38.0,0.009,989.0,563.0,43.0,1.0,24.88,0.1,-0.0131,-0.9999,0.7818,0.6235
2024-03-02 12:04:00,medium_office,22.13,23.61,43.1,0.042,1015.0,500.0,41.4,1.0,24.44,0.2,-0.0175,-0.9998,0.7818,0.6235
2024-03-02 12:05:00,medium_office,22.31,23.18,39.5,0.369,1022.0,441.0,42.3,1.0,22.47,0.4,-0.0218,-0.9998,0.7818,0.6235
2024-03-02 12:06:00,medium_office,22.77,23.22,40.5,0.098,977.0,453.0,42.7,1.0,25.08,0.5,-0.0262,-0.9997,0.7818,0.6235
2024-03-02 12:07:00,medium_office,21.4,21.87,41.0,0.011,976.0,523.0,36.3,1.0,24.33,0.7,-0.0305,-0.9995,0.7818,0.6235
2024-03-02 12:08:00,medium_office,21.67,22.9,41.5,0.14,999.0,504.0,43.0,1.0,24.62,1.0,-0.0349,-0.9994,0.7818,0.6235
2024-03-02 12:09:00,medium_office,21.7,23.75,40.7,0.035,954.0,544.0,47.2,1.0,24.21,1.2,-0.0393,-0.9992,0.7818,0.6235
2024-03-02 12:10:00,medium_office,21.61,23.44,41.2,0.553,986.0,464.0,45.2,1.0,24.35,1.5,-0.0436,-0.999,0.7818,0.6235
2024-03-02 12:11:00,medium_office,21.53,22.17,41.2,0.287,1040.0,504.0,44.2,1.0,25.13,1.8,-0.048,-0.9988,0.7818,0.6235
2024-03-02 12:12:00,medium_office,21.75,22.77,40.4,0.536,955.0,500.0,40.1,1.0,23.33,2.2,-0.0523,-0.9986,0.7818,0.6235
2024-03-02 12:13:00,medium_office,21.46,22.41,39.7,0.204,990.0,496.0,48.2,1.0,24.24,2.6,-0.0567,-0.9984,0.7818,0.6235
2024-03-02 12:14:00,medium_office,21.92,23.56,43.4,0.035,982.0,489.0,46.5,1.0,22.97,3.0,-0.061,-0.9981,0.7818,0.6235
2024-03-02 12:15:00,medium_office,21.82,22.97,37.0,0.012,1060.0,489.0,45.0,1.0,24.29,3.4,-0.0654,-0.9979,0.7818,0.6235
2024-03-02 12:16:00,medium_office,21.94,22.55,40.8,0.145,984.0,505.0,38.4,1.0,23.94,3.9,-0.0698,-0.9976,0.7818,0.6235
2024-03-02 12:17:00,medium_office,21.93,22.87,40.3,0.011,986.0,509.0,43.5,1.0,23.02,4.4,-0.0741,-0.9973,0.7818,0.6235
2024-03-02 12:18:00,medium_office,21.95,21.8,42.0,0.76,969.0,508.0,46.3,1.0,23.72,4.9,-0.0785,-0.9969,0.7818,0.6235
2024-03-02 12:19:00,medium_office,21.64,22.4,38.3,0.077,1000.0,536.0,44.9,1.0,23.03,5.5,-0.0828,-0.9966,0.7818,0.6235
2024-03-02 12:20:00,medium_office,22.37,22.84,40.1,0.219,1008.0,464.0,45.6,1.0,23.19,6.1,-0.0872,-0.9962,0.7818,0.6235
2024-03-02 12:21:00,medium_office,21.8,23.16,40.9,0.106,973.0,446.0,47.1,1.0,23.89,6.7,-0.0915,-0.9958,0.7818,0.6235
2024-03-02 12:22:00,medium_office,21.15,22.03,43.2,0.151,1030.0,531.0,45.5,1.0,23.78,7.3,-0.0958,-0.9954,0.7818,0.6235
2024-03-02 12:23:00,medium_office,21.4,22.65,41.8,0.159,1008.0,472.0,46.9,1.0,21.56,8.0,-0.1002,-0.995,0.7818,0.6235
2024-03-02 12:24:00,medium_office,21.16,23.19,38.7,0.46,1026.0,489.0,42.5,1.0,23.82,8.7,-0.1045,-0.9945,0.7818,0.6235
2024-03-02 12:25:00,medium_office,21.68,22.2,40.1,0.276,990.0,482.0,41.3,1.0,23.12,9.5,-0.1089,-0.9941,0.7818,0.6235
2024-03-02 12:26:00,medium_office,21.62,22.87,42.8,0.026,1007.0,481.0,46.4,1.0,22.98,10.3,-0.1132,-0.9936,0.7818,0.6235
2024-03-02 12:27:00,medium_office,21.51,22.79,38.6,0.367,994.0,456.0,47.0,1.0,22.24,11.1,-0.1175,-0.9931,0.7818,0.6235
2024-03-02 12:28:00,medium_office,22.24,23.44,40.8,0.018,1044.0,483.0,46.6,1.0,23.29,11.9,-0.1219,-0.9925,0.7818,0.6235
2024-03-02 12:29:00,medium_office,21.79,22.66,41.0,0.039,1003.0,519.0,45.4,1.0,22.79,12.7,-0.1262,-0.992,0.7818,0.6235
2024-03-02 12:30:00,medium_office,21.83,22.67,40.2,0.096,1000.0,500.0,44.0,1.0,24.55,13.6,-0.1305,-0.9914,0.7818,0.6235
2024-03-02 12:31:00,medium_office,21.32,23.07,46.3,0.002,986.0,515.0,45.6,1.0,21.5,14.5,-0.1349,-0.9909,0.7818,0.6235
2024-03-02 12:32:00,medium_office,21.28,22.19,40.1,0.022,985.0,485.0,46.1,1.0,22.26,15.5,-0.1392,-0.9903,0.7818,0.6235
2024-03-02 12:33:00,medium_office,21.58,22.62,41.8,0.002,1007.0,527.0,46.3,1.0,22.17,16.5,-0.1435,-0.9897,0.7818,0.6235
2024-03-02 12:34:00,medium_office,21.61,22.52,39.3,0.07,1025.0,485.0,52.8,1.0,23.43,17.5,-0.1478,-0.989,0.7818,0.6235
2024-03-02 12:35:00,medium_office,20.99,22.64,41.9,0.036,979.0,437.0,42.2,1.0,24.31,18.5,-0.1521,-0.9884,0.7818,0.6235
2024-03-02 12:36:00,medium_office,21.48,23.03,42.6,0.137,1004.0,509.0,54.7,1.0,23.62,19.6,-0.1564,-0.9877,0.7818,0.6235
2024-03-02 12:37:00,medium_office,21.52,22.9,39.7,0.283,1006.0,523.0,41.2,1.0,21.99,20.7,-0.1607,-0.987,0.7818,0.6235
2024-03-02 12:38:00,medium_office,21.44,22.37,40.7,0.073,1011.0,483.0,46.2,1.0,22.63,21.8,-0.165,-0.9863,0.7818,0.6235
2024-03-02 12:39:00,medium_office,21.25,22.72,39.0,0.117,949.0,536.0,41.4,1.0,22.22,22.9,-0.1693,-0.9856,0.7818,0.6235
2024-03-02 12:40:00,medium_office,21.32,23.25,38.5,0.005,972.0,474.0,45.9,1.0,23.51,24.1,-0.1736,-0.9848,0.7818,0.6235
2024-03-02 12:41:00,medium_office,21.41,22.31,42.8,0.105,959.0,520.0,47.9,1.0,22.53,25.3,-0.1779,-0.984,0.7818,0.6235
2024-03-02 12:42:00,medium_office,21.48,22.69,39.6,0.032,1001.0,552.0,45.1,1.0,21.54,26.6,-0.1822,-0.9833,0.7818,0.6235
2024-03-02 12:43:00,medium_office,21.62,22.55,35.9,0.096,973.0,501.0,47.9,1.0,23.51,27.8,-0.1865,-0.9825,0.7818,0.6235
2024-03-02 12:44:00,medium_office,21.75,22.59,44.2,0.142,985.0,493.0,43.7,1.0,24.16,29.1,-0.1908,-0.9816,0.7818,0.6235
2024-03-02 12:45:00,medium_office,21.33,21.96,39.1,0.857,964.0,497.0,38.9,1.0,22.69,30.4,-0.1951,-0.9808,0.7818,0.6235
2024-03-02 12:46:00,medium_office,21.27,23.17,40.2,0.54,988.0,549.0,46.9,1.0,22.96,31.8,-0.1994,-0.9799,0.7818,0.6235
2024-03-02 12:47:00,medium_office,21.52,22.28,43.9,0.109,966.0,512.0,45.1,1.0,21.31,33.2,-0.2036,-0.979,0.7818,0.6235
2024-03-02 12:48:00,medium_office,21.56,22.99,40.4,0.22,1023.0,564.0,43.6,1.0,20.73,34.6,-0.2079,-0.9781,0.7818,0.6235
2024-03-02 12:49:00,medium_office,21.23,22.33,40.3,0.029,1014.0,508.0,43.8,1.0,20.91,36.0,-0.2122,-0.9772,0.7818,0.6235
2024-03-02 12:50:00,medium_office,21.59,22.32,38.2,0.127,1005.0,480.0,46.2,1.0,22.69,37.5,-0.2164,-0.9763,0.7818,0.6235
2024-03-02 12:51:00,medium_office,21.63,23.04,37.3,0.148,991.0,482.0,42.6,1.0,22.4,39.0,-0.2207,-0.9753,0.7818,0.6235
2024-03-02 12:52:00,medium_office,21.71,22.95,40.3,0.096,939.0,502.0,46.1,1.0,23.23,40.5,-0.225,-0.9744,0.7818,0.6235
2024-03-02 12:53:00,medium_office,21.85,22.63,41.3,0.066,986.0,439.0,48.6,1.0,22.46,42.0,-0.2292,-0.9734,0.7818,0.6235
2024-03-02 12:54:00,medium_office,21.04,22.84,41.2,0.188,977.0,486.0,51.2,1.0,23.62,43.6,-0.2334,-0.9724,0.7818,0.6235
2024-03-02 12:55:00,medium_office,21.29,22.41,39.6,0.02,1007.0,486.0,49.2,1.0,23.48,45.2,-0.2377,-0.9713,0.7818,0.6235
2024-03-02 12:56:00,medium_office,21.28,22.51,40.6,0.153,1019.0,507.0,45.5,1.0,22.26,46.8,-0.2419,-0.9703,0.7818,0.6235
2024-03-02 12:57:00,medium_office,21.23,22.24,36.8,0.006,1010.0,558.0,45.8,1.0,21.55,48.5,-0.2462,-0.9692,0.7818,0.6235
2024-03-02 12:58:00,medium_office,21.05,22.86,41.4,0.005,1038.0,502.0,43.8,1.0,20.61,50.2,-0.2504,-0.9681,0.7818,0.6235
2024-03-02 12:59:00,medium_office,20.79,22.21,40.8,0.036,983.0,442.0,43.6,1.0,23.94,51.9,-0.2546,-0.967,0.7818,0.6235
2024-03-02 13:00:00,medium_office,21.25,23.08,44.4,0.279,982.0,473.0,47.6,1.0,21.54,53.6,-0.2588,-0.9659,0.7818,0.6235
2024-03-02 13:01:00,medium_office,20.98,22.35,40.5,0.071,1031.0,508.0,44.1,1.0,20.96,55.3,-0.263,-0.9648,0.7818,0.6235
2024-03-02 13:02:00,medium_office,21.22,22.47,38.6,0.199,1005.0,503.0,46.1,1.0,22.56,57.1,-0.2672,-0.9636,0.7818,0.6235
2024-03-02 13:03:00,medium_office,20.95,22.76,40.3,0.148,993.0,549.0,42.1,1.0,20.92,58.9,-0.2714,-0.9625,0.7818,0.6235
2024-03-02 13:04:00,medium_office,20.84,22.46,39.8,0.311,1055.0,529.0,49.1,1.0,22.51,60.8,-0.2756,-0.9613,0.7818,0.6235
2024-03-02 13:05:00,medium_office,21.23,22.32,41.3,0.013,1017.0,528.0,44.0,1.0,22.02,62.6,-0.2798,-0.96,0.7818,0.6235
2024-03-02 13:06:00,medium_office,21.19,22.42,40.5,0.43,994.0,493.0,48.3,1.0,23.25,64.5,-0.284,-0.9588,0.7818,0.6235
2024-03-02 13:07:00,medium_office,21.31,22.78,37.9,0.096,979.0,533.0,42.9,1.0,23.14,66.4,-0.2882,-0.9576,0.7818,0.6235
2024-03-02 13:08:00,medium_office,21.78,22.15,37.1,0.094,1040.0,473.0,42.7,1.0,23.38,68.4,-0.2924,-0.9563,0.7818,0.6235
2024-03-02 13:09:00,medium_office,21.19,22.36,40.9,0.15,1006.0,529.0,49.0,1.0,22.46,70.3,-0.2965,-0.955,0.7818,0.6235
2024-03-02 13:10:00,medium_office,21.24,22.4,43.1,0.314,1001.0,492.0,43.1,1.0,21.37,72.3,-0.3007,-0.9537,0.7818,0.6235
2024-03-02 13:11:00,medium_office,20.76,22.74,40.5,0.47,1020.0,457.0,40.3,1.0,21.17,74.4,-0.3049,-0.9524,0.7818,0.6235
2024-03-02 13:12:00,medium_office,20.69,22.34,42.0,0.079,1026.0,518.0,41.9,1.0,21.65,76.4,-0.309,-0.9511,0.7818,0.6235
2024-03-02 13:13:00,medium_office,21.54,23.1,42.3,0.094,1016.0,542.0,47.6,1.0,24.15,78.5,-0.3132,-0.9497,0.7818,0.6235
2024-03-02 13:14:00,medium_office,20.77,22.3,40.8,0.032,1027.0,488.0,47.3,1.0,21.89,80.5,-0.3173,-0.9483,0.7818,0.6235
2024-03-02 13:15:00,medium_office,20.72,22.26,38.7,0.116,1014.0,547.0,42.7,1.0,22.27,82.7,-0.3214,-0.9469,0.7818,0.6235
2024-03-02 13:16:00,medium_office,21.01,22.28,40.7,0.024,1017.0,450.0,43.1,1.0,23.61,84.8,-0.3256,-0.9455,0.7818,0.6235
2024-03-02 13:17:00,medium_office,20.98,21.81,42.7,0.05,978.0,464.0,47.0,1.0,22.32,87.0,-0.3297,-0.9441,0.7818,0.6235
2024-03-02 13:18:00,medium_office,20.73,21.92,41.3,0.027,1054.0,496.0,48.9,1.0,21.29,89.1,-0.3338,-0.9426,0.7818,0.6235
2024-03-02 13:19:00,medium_office,20.89,22.11,41.8,0.094,963.0,489.0,44.8,1.0,22.75,91.4,-0.3379,-0.9412,0.7818,0.6235
2024-03-02 13:20:00,medium_office,21.34,22.77,39.3,0.134,1009.0,480.0,46.7,1.0,21.57,93.6,-0.342,-0.9397,0.7818,0.6235
2024-03-02 13:21:00,medium_office,20.72,22.29,39.8,0.145,960.0,504.0,47.6,1.0,22.26,95.8,-0.3461,-0.9382,0.7818,0.6235
2024-03-02 13:22:00,medium_office,20.53,22.11,40.0,0.202,997.0,484.0,51.5,1.0,22.46,98.1,-0.3502,-0.9367,0.7818,0.6235
2024-03-02 13:23:00,medium_office,21.22,22.78,40.1,0.368,983.0,489.0,41.5,1.0,21.43,100.4,-0.3543,-0.9351,0.7818,0.6235
2024-03-02 13:24:00,medium_office,21.07,22.9,42.5,0.07,1004.0,508.0,43.0,1.0,22.09,102.7,-0.3584,-0.9336,0.7818,0.6235
2024-03-02 13:25:00,medium_office,20.73,22.78,35.5,0.194,1010.0,480.0,43.5,1.0,23.48,105.1,-0.3624,-0.932,0.7818,0.6235
2024-03-02 13:26:00,medium_office,20.43,21.93,40.3,0.065,971.0,497.0,47.5,1.0,21.23,107.5,-0.3665,-0.9304,0.7818,0.6235
2024-03-02 13:27:00,medium_office,20.66,22.06,40.0,0.066,999.0,481.0,44.2,1.0,23.15,109.9,-0.3706,-0.9288,0.7818,0.6235
2024-03-02 13:28:00,medium_office,20.86,22.98,37.4,0.356,1042.0,464.0,45.9,1.0,21.22,112.3,-0.3746,-0.9272,0.7818,0.6235
2024-03-02 13:29:00,medium_office,21.21,22.34,41.5,0.097,961.0,523.0,45.4,1.0,23.59,114.7,-0.3786,-0.9255,0.7818,0.6235
2024-03-02 13:30:00,medium_office,20.54,22.13,38.7,0.004,974.0,551.0,45.0,1.0,20.91,117.2,-0.3827,-0.9239,0.7818,0.6235
2024-03-02 13:31:00,medium_office,20.81,22.51,39.4,0.059,1026.0,532.0,45.3,1.0,21.35,119.6,-0.3867,-0.9222,0.7818,0.6235
2024-03-02 13:32:00,medium_office,21.03,22.62,43.8,0.185,1002.0,510.0,48.1,1.0,23.23,122.1,-0.3907,-0.9205,0.7818,0.6235
2024-03-02 13:33:00,medium_office,20.1,21.98,42.2,0.074,1005.0,481.0,42.1,1.0,23.26,124.7,-0.3947,-0.9188,0.7818,0.6235
2024-03-02 13:34:00,medium_office,21.11,22.29,41.3,0.148,1031.0,491.0,44.6,1.0,22.5,127.2,-0.3987,-0.9171,0.7818,0.6235
2024-03-02 13:35:00,medium_office,20.44,22.57,40.9,0.03,976.0,532.0,41.4,1.0,20.58,129.8,-0.4027,-0.9153,0.7818,0.6235
2024-03-02 13:36:00,medium_office,20.88,21.72,39.8,0.126,984.0,432.0,45.7,1.0,21.72,132.3,-0.4067,-0.9135,0.7818,0.6235
2024-03-02 13:37:00,medium_office,20.84,22.18,44.1,0.585,981.0,489.0,44.4,1.0,21.62,135.0,-0.4107,-0.9118,0.7818,0.6235
2024-03-02 13:38:00,medium_office,21.08,21.72,41.7,0.076,990.0,522.0,48.2,1.0,20.74,137.6,-0.4147,-0.91,0.7818,0.6235
2024-03-02 13:39:00,medium_office,20.91,21.77,38.6,0.045,1040.0,466.0,45.0,1.0,22.27,140.2,-0.4187,-0.9081,0.7818,0.6235
2024-03-02 13:40:00,medium_office,20.02,21.93,37.3,0.164,949.0,513.0,43.7,1.0,20.78,142.9,-0.4226,-0.9063,0.7818,0.6235
2024-03-02 13:41:00,medium_office,20.48,22.34,41.2,0.115,964.0,511.0,44.3,1.0,20.25,145.6,-0.4266,-0.9045,0.7818,0.6235
2024-03-02 13:42:00,medium_office,20.75,22.01,40.0,0.684,959.0,456.0,50.2,1.0,19.89,148.3,-0.4305,-0.9026,0.7818,0.6235
2024-03-02 13:43:00,medium_office,20.64,21.87,37.2,0.31,1042.0,503.0,40.3,1.0,23.21,151.0,-0.4344,-0.9007,0.7818,0.6235
2024-03-02 13:44:00,medium_office,20.83,22.14,40.9,0.08,982.0,481.0,43.1,1.0,20.96,153.7,-0.4384,-0.8988,0.7818,0.6235
2024-03-02 13:45:00,medium_office,20.91,21.66,39.5,0.212,990.0,512.0,45.1,1.0,20.97,156.5,-0.4423,-0.8969,0.7818,0.6235
2024-03-02 13:46:00,medium_office,20.84,22.28,41.1,0.14,952.0,520.0,43.1,1.0,20.4,159.3,-0.4462,-0.8949,0.7818,0.6235
2024-03-02 13:47:00,medium_office,20.59,22.55,40.9,0.168,992.0,512.0,46.5,1.0,22.78,162.1,-0.4501,-0.893,0.7818,0.6235
2024-03-02 13:48:00,medium_office,20.08,22.06,38.8,0.096,1026.0,502.0,44.8,1.0,20.02,164.9,-0.454,-0.891,0.7818,0.6235
2024-03-02 13:49:00,medium_office,20.49,22.0,41.3,0.04,1008.0,509.0,45.8,1.0,20.17,167.7,-0.4579,-0.889,0.7818,0.6235
2024-03-02 13:50:00,medium_office,20.74,22.23,39.0,0.003,997.0,465.0,45.4,1.0,21.03,170.6,-0.4617,-0.887,0.7818,0.6235
2024-03-02 13:51:00,medium_office,20.28,21.26,39.2,0.085,953.0,499.0,44.7,1.0,21.32,173.4,-0.4656,-0.885,0.7818,0.6235
2024-03-02 13:52:00,medium_office,20.78,22.28,39.0,0.11,990.0,476.0,41.1,1.0,21.98,176.3,-0.4695,-0.8829,0.7818,0.6235
2024-03-02 13:53:00,medium_office,20.85,23.29,42.3,0.02,1004.0,531.0,45.5,1.0,20.62,179.2,-0.4733,-0.8809,0.7818,0.6235
2024-03-02 13:54:00,medium_office,20.61,22.0,39.5,0.243,970.0,520.0,39.7,1.0,22.82,182.1,-0.4772,-0.8788,0.7818,0.6235
2024-03-02 13:55:00,medium_office,19.64,21.99,42.8,0.058,1020.0,520.0,43.0,1.0,20.59,185.1,-0.481,-0.8767,0.7818,0.6235
2024-03-02 13:56:00,medium_office,20.16,22.33,43.6,0.108,1027.0,551.0,46.5,1.0,20.23,188.0,-0.4848,-0.8746,0.7818,0.6235
2024-03-02 13:57:00,medium_office,21.1,22.68,38.5,0.27,984.0,490.0,48.6,1.0,20.12,191.0,-0.4886,-0.8725,0.7818,0.6235
2024-03-02 13:58:00,medium_office,20.36,22.41,34.2,0.094,1022.0,484.0,52.0,1.0,20.43,194.0,-0.4924,-0.8704,0.7818,0.6235
2024-03-02 13:59:00,medium_office,19.92,21.15,42.1,0.189,997.0,489.0,43.7,1.0,20.02,197.0,-0.4962,-0.8682,0.7818,0.6235
2024-03-02 14:00:00,medium_office,20.87,22.23,39.3,0.261,1034.0,452.0,42.4,1.0,21.92,200.0,-0.5,-0.866,0.7818,0.6235
2024-03-02 14:01:00,medium_office,20.49,23.02,38.3,0.115,1061.0,454.0,46.6,1.0,20.15,203.0,-0.5038,-0.8638,0.7818,0.6235
2024-03-02 14:02:00,medium_office,20.81,22.23,38.8,0.042,967.0,519.0,50.6,1.0,21.0,206.1,-0.5075,-0.8616,0.7818,0.6235
2024-03-02 14:03:00,medium_office,20.55,21.52,39.2,0.004,1023.0,458.0,49.6,1.0,20.08,209.1,-0.5113,-0.8594,0.7818,0.6235
2024-03-02 14:04:00,medium_office,20.59,22.08,42.6,0.12,1039.0,468.0,41.9,1.0,19.92,212.2,-0.515,-0.8572,0.7818,0.6235
2024-03-02 14:05:00,medium_office,20.55,21.45,40.3,0.212,971.0,497.0,44.6,1.0,22.19,215.3,-0.5188,-0.8549,0.7818,0.6235
2024-03-02 14:06:00,medium_office,20.64,22.45,42.6,0.203,983.0,488.0,47.6,1.0,22.66,218.4,-0.5225,-0.8526,0.7818,0.6235
2024-03-02 14:07:00,medium_office,21.1,21.57,41.0,0.513,982.0,527.0,47.8,1.0,22.31,221.5,-0.5262,-0.8504,0.7818,0.6235
2024-03-02 14:08:00,medium_office,20.7,21.97,39.4,0.182,996.0,502.0,46.8,1.0,19.56,224.7,-0.5299,-0.848,0.7818,0.6235
2024-03-02 14:09:00,medium_office,19.93,21.59,39.2,0.124,989.0,476.0,43.7,1.0,19.68,227.8,-0.5336,-0.8457,0.7818,0.6235
2024-03-02 14:10:00,medium_office,20.52,21.71,41.1,0.009,994.0,529.0,46.7,1.0,22.97,231.0,-0.5373,-0.8434,0.7818,0.6235
2024-03-02 14:11:00,medium_office,20.72,22.51,41.6,0.203,1025.0,522.0,47.8,1.0,20.72,234.1,-0.541,-0.841,0.7818,0.6235
2024-03-02 14:12:00,medium_office,20.73,21.95,42.0,0.23,943.0,458.0,42.2,1.0,19.58,237.3,-0.5446,-0.8387,0.7818,0.6235
2024-03-02 14:13:00,medium_office,20.23,21.68,39.5,0.085,971.0,508.0,49.0,1.0,22.03,240.5,-0.5483,-0.8363,0.7818,0.6235
2024-03-02 14:14:00,medium_office,20.69,21.44,40.4,0.023,1020.0,479.0,48.0,1.0,20.99,243.7,-0.5519,-0.8339,0.7818,0.6235
2024-03-02 14:15:00,medium_office,20.61,21.14,41.2,0.17,1017.0,478.0,42.8,1.0,21.48,246.9,-0.5556,-0.8315,0.7818,0.6235
2024-03-02 14:16:00,medium_office,21.09,21.38,39.2,0.174,968.0,556.0,47.8,1.0,18.66,250.2,-0.5592,-0.829,0.7818,0.6235
2024-03-02 14:17:00,medium_office,20.09,21.92,37.7,0.105,1017.0,504.0,47.4,1.0,20.55,253.4,-0.5628,-0.8266,0.7818,0.6235
2024-03-02 14:18:00,medium_office,20.15,22.26,38.4,0.069,1040.0,493.0,47.6,1.0,21.81,256.7,-0.5664,-0.8241,0.7818,0.6235
2024-03-02 14:19:00,medium_office,20.2,21.64,39.5,0.056,999.0,503.0,49.7,1.0,20.21,259.9,-0.57,-0.8216,0.7818,0.6235
2024-03-02 14:20:00,medium_office,20.13,22.48,41.3,0.028,970.0,526.0,45.0,1.0,22.07,263.2,-0.5736,-0.8192,0.7818,0.6235
2024-03-02 14:21:00,medium_office,20.0,21.56,42.5,0.12,1026.0,479.0,46.0,1.0,19.5,266.5,-0.5771,-0.8166,0.7818,0.6235
2024-03-02 14:22:00,medium_office,19.43,21.74,37.3,0.006,1052.0,484.0,37.1,1.0,20.69,269.8,-0.5807,-0.8141,0.7818,0.6235
2024-03-02 14:23:00,medium_office,20.12,21.4,38.8,0.033,973.0,520.0,48.3,1.0,22.43,273.1,-0.5842,-0.8116,0.7818,0.6235
2024-03-02 14:24:00,medium_office,20.35,22.22,39.3,0.017,1001.0,455.0,48.1,1.0,19.62,276.4,-0.5878,-0.809,0.7818,0.6235
2024-03-02 14:25:00,medium_office,20.08,22.66,41.6,0.063,1033.0,530.0,49.1,1.0,21.03,279.7,-0.5913,-0.8064,0.7818,0.6235
2024-03-02 14:26:00,medium_office,20.8,21.11,39.0,0.026,1003.0,452.0,42.2,1.0,21.33,283.1,-0.5948,-0.8039,0.7818,0.6235
2024-03-02 14:27:00,medium_office,20.21,21.66,39.2,0.042,948.0,493.0,47.9,1.0,20.82,286.4,-0.5983,-0.8013,0.7818,0.6235
2024-03-02 14:28:00,medium_office,20.58,22.3,37.2,0.252,1013.0,452.0,48.1,1.0,20.46,289.7,-0.6018,-0.7986,0.7818,0.6235
2024-03-02 14:29:00,medium_office,20.26,21.21,41.0,0.009,971.0,468.0,43.0,1.0,19.82,293.1,-0.6053,-0.796,0.7818,0.6235
2024-03-02 14:30:00,medium_office,20.42,22.01,39.7,0.103,962.0,539.0,48.2,1.0,20.88,296.5,-0.6088,-0.7934,0.7818,0.6235
2024-03-02 14:31:00,medium_office,20.25,22.26,38.7,0.043,948.0,531.0,46.4,1.0,20.57,299.8,-0.6122,-0.7907,0.7818,0.6235
2024-03-02 14:32:00,medium_office,20.56,21.8,39.5,0.261,1036.0,535.0,39.9,1.0,19.22,303.2,-0.6157,-0.788,0.7818,0.6235
2024-03-02 14:33:00,medium_office,20.16,21.98,42.3,0.014,975.0,457.0,46.8,1.0,21.74,306.6,-0.6191,-0.7853,0.7818,0.6235
2024-03-02 14:34:00,medium_office,20.28,22.46,38.0,0.195,1010.0,468.0,42.7,1.0,19.72,310.0,-0.6225,-0.7826,0.7818,0.6235
2024-03-02 14:35:00,medium_office,20.23,22.53,38.4,0.146,1017.0,510.0,40.0,1.0,19.2,313.4,-0.6259,-0.7799,0.7818,0.6235
2024-03-02 14:36:00,medium_office,20.03,21.72,42.6,0.064,1005.0,521.0,46.1,1.0,20.01,316.8,-0.6293,-0.7771,0.7818,0.6235
2024-03-02 14:37:00,medium_office,20.22,21.52,40.2,0.39,1009.0,476.0,44.8,1.0,19.7,320.3,-0.6327,-0.7744,0.7818,0.6235
2024-03-02 14:38:00,medium_office,20.76,21.36,41.4,0.217,1011.0,483.0,49.2,1.0,20.32,323.7,-0.6361,-0.7716,0.7818,0.6235
2024-03-02 14:39:00,medium_office,20.0,22.11,40.9,0.305,1004.0,466.0,45.5,1.0,19.32,327.1,-0.6394,-0.7688,0.7818,0.6235
2024-03-02 14:40:00,medium_office,20.2,21.17,40.0,0.179,977.0,550.0,47.3,1.0,21.0,330.5,-0.6428,-0.766,0.7818,0.6235
2024-03-02 14:41:00,medium_office,20.44,21.61,39.4,0.303,975.0,486.0,46.5,1.0,21.92,334.0,-0.6461,-0.7632,0.7818,0.6235
2024-03-02 14:42:00,medium_office,20.39,21.74,41.8,0.213,997.0,501.0,48.1,1.0,20.63,337.4,-0.6494,-0.7604,0.7818,0.6235
2024-03-02 14:43:00,medium_office,20.05,21.49,42.4,0.433,996.0,503.0,42.3,1.0,19.07,340.9,-0.6528,-0.7576,0.7818,0.6235
2024-03-02 14:44:00,medium_office,19.32,21.8,42.3,0.089,1013.0,533.0,45.6,1.0,19.59,344.3,-0.6561,-0.7547,0.7818,0.6235
2024-03-02 14:45:00,medium_office,20.18,22.71,37.7,0.192,1033.0,471.0,44.6,1.0,20.71,347.8,-0.6593,-0.7518,0.7818,0.6235
2024-03-02 14:46:00,medium_office,19.35,21.63,42.7,0.393,1010.0,535.0,47.0,1.0,18.51,351.3,-0.6626,-0.749,0.7818,0.6235
2024-03-02 14:47:00,medium_office,20.44,21.49,39.4,0.232,976.0,462.0,45.8,1.0,19.23,354.7,-0.6659,-0.7461,0.7818,0.6235
2024-03-02 14:48:00,medium_office,20.04,22.07,38.6,0.231,935.0,535.0,43.2,1.0,18.8,358.2,-0.6691,-0.7431,0.7818,0.6235
2024-03-02 14:49:00,medium_office,20.28,21.75,39.8,0.006,977.0,449.0,44.0,1.0,20.56,361.7,-0.6724,-0.7402,0.7818,0.6235
2024-03-02 14:50:00,medium_office,19.7,22.22,41.8,0.31,960.0,497.0,49.9,1.0,22.59,365.1,-0.6756,-0.7373,0.7818,0.6235
2024-03-02 14:51:00,medium_office,19.5,21.71,41.2,0.066,978.0,549.0,39.9,1.0,19.16,368.6,-0.6788,-0.7343,0.7818,0.6235
2024-03-02 14:52:00,medium_office,20.03,21.54,39.7,0.249,1007.0,521.0,47.1,1.0,21.22,372.1,-0.682,-0.7314,0.7818,0.6235
2024-03-02 14:53:00,medium_office,19.93,20.92,41.8,0.287,1003.0,513.0,48.7,1.0,19.83,375.6,-0.6852,-0.7284,0.7818,0.6235
2024-03-02 14:54:00,medium_office,19.79,20.98,40.5,0.018,1056.0,469.0,46.7,1.0,19.07,379.1,-0.6884,-0.7254,0.7818,0.6235
2024-03-02 14:55:00,medium_office,19.95,20.88,39.0,0.427,1014.0,478.0,50.9,1.0,21.94,382.6,-0.6915,-0.7224,0.7818,0.6235
2024-03-02 14:56:00,medium_office,20.75,21.76,38.8,0.055,1057.0,540.0,47.8,1.0,22.52,386.0,-0.6947,-0.7193,0.7818,0.6235
2024-03-02 14:57:00,medium_office,20.16,21.06,41.0,0.141,1021.0,514.0,46.2,1.0,20.77,389.5,-0.6978,-0.7163,0.7818,0.6235
2024-03-02 14:58:00,medium_office,20.21,22.1,40.0,0.056,1033.0,527.0,43.6,1.0,20.71,393.0,-0.7009,-0.7133,0.7818,0.6235
2024-03-02 14:59:00,medium_office,20.14,21.6,37.5,0.002,989.0,502.0,46.2,1.0,20.4,396.5,-0.704,-0.7102,0.7818,0.6235
2024-03-02 15:00:00,medium_office,20.32,21.49,41.9,0.089,968.0,492.0,47.0,1.0,20.18,400.0,-0.7071,-0.7071,0.7818,0.6235
2024-03-02 15:01:00,medium_office,19.81,21.24,39.3,0.006,987.0,523.0,45.0,1.0,20.65,403.5,-0.7102,-0.704,0.7818,0.6235
2024-03-02 15:02:00,medium_office,19.24,21.82,43.4,0.074,1000.0,508.0,42.8,1.0,20.98,407.0,-0.7133,-0.7009,0.7818,0.6235
2024-03-02 15:03:00,medium_office,19.79,21.25,37.5,0.057,981.0,495.0,41.4,1.0,21.96,410.5,-0.7163,-0.6978,0.7818,0.6235
2024-03-02 15:04:00,medium_office,20.09,21.17,39.9,0.249,970.0,458.0,45.6,1.0,19.76,414.0,-0.7193,-0.6947,0.7818,0.6235
2024-03-02 15:05:00,medium_office,19.54,22.03,38.9,0.123,1013.0,529.0,40.6,1.0,20.4,417.4,-0.7224,-0.6915,0.7818,0.6235
2024-03-02 15:06:00,medium_office,19.77,21.69,38.3,0.031,970.0,513.0,43.6,1.0,20.18,420.9,-0.7254,-0.6884,0.7818,0.6235
2024-03-02 15:07:00,medium_office,19.61,21.45,39.3,0.05,954.0,482.0,37.7,1.0,21.28,424.4,-0.7284,-0.6852,0.7818,0.6235
2024-03-02 15:08:00,medium_office,20.26,21.79,43.9,0.177,966.0,535.0,47.5,1.0,22.65,427.9,-0.7314,-0.682,0.7818,0.6235
2024-03-02 15:09:00,medium_office,20.02,21.53,40.6,0.021,993.0,507.0,48.5,1.0,21.3,431.4,-0.7343,-0.6788,0.7818,0.6235
2024-03-02 15:10:00,medium_office,19.98,21.68,38.7,0.042,970.0,508.0,45.2,1.0,21.03,434.9,-0.7373,-0.6756,0.7818,0.6235
2024-03-02 15:11:00,medium_office,19.97,21.19,36.7,0.005,993.0,527.0,50.5,1.0,21.13,438.3,-0.7402,-0.6724,0.7818,0.6235
2024-03-02 15:12:00,medium_office,19.76,22.34,36.9,0.122,1018.0,520.0,49.0,1.0,21.48,441.8,-0.7431,-0.6691,0.7818,0.6235
2024-03-02 15:13:00,medium_office,19.82,21.28,39.3,0.163,1017.0,509.0,46.4,1.0,22.62,445.3,-0.7461,-0.6659,0.7818,0.6235
2024-03-02 15:14:00,medium_office,19.4,22.12,39.1,0.011,980.0,494.0,44.7,1.0,18.52,448.7,-0.749,-0.6626,0.7818,0.6235
2024-03-02 15:15:00,medium_office,19.09,21.42,39.9,0.085,961.0,560.0,44.0,1.0,20.79,452.2,-0.7518,-0.6593,0.7818,0.6235
2024-03-02 15:16:00,medium_office,19.78,21.81,35.9,0.914,983.0,478.0,46.7,1.0,17.6,455.7,-0.7547,-0.6561,0.7818,0.6235
2024-03-02 15:17:00,medium_office,19.82,21.78,40.2,0.025,1020.0,522.0,44.6,1.0,21.13,459.1,-0.7576,-0.6528,0.7818,0.6235
2024-03-02 15:18:00,medium_office,20.08,21.94,42.5,0.548,1027.0,497.0,46.6,1.0,20.72,462.6,-0.7604,-0.6494,0.7818,0.6235
2024-03-02 15:19:00,medium_office,20.18,21.14,43.7,0.187,1011.0,514.0,46.9,1.0,19.62,466.0,-0.7632,-0.6461,0.7818,0.6235
2024-03-02 15:20:00,medium_office,20.17,21.9,36.7,0.025,1036.0,537.0,44.3,1.0,17.49,469.5,-0.766,-0.6428,0.7818,0.6235
2024-03-02 15:21:00,medium_office,19.39,22.2,38.9,0.071,1052.0,491.0,48.3,1.0,20.14,472.9,-0.7688,-0.6394,0.7818,0.6235
2024-03-02 15:22:00,medium_office,19.58,21.35,38.8,0.255,986.0,518.0,44.3,1.0,20.37,476.3,-0.7716,-0.6361,0.7818,0.6235
2024-03-02 15:23:00,medium_office,19.82,21.47,40.8,0.034,1045.0,508.0,45.1,1.0,20.07,479.7,-0.7744,-0.6327,0.7818,0.6235
2024-03-02 15:24:00,medium_office,20.43,21.24,38.1,0.033,992.0,481.0,42.1,1.0,19.51,483.2,-0.7771,-0.6293,0.7818,0.6235
2024-03-02 15:25:00,medium_office,20.1,21.3,43.9,0.064,1031.0,538.0,44.2,1.0,19.23,486.6,-0.7799,-0.6259,0.7818,0.6235
2024-03-02 15:26:00,medium_office,19.99,22.12,40.6,0.053,1021.0,521.0,51.5,1.0,20.07,490.0,-0.7826,-0.6225,0.7818,0.6235
2024-03-02 15:27:00,medium_office,19.53,21.03,40.3,0.052,941.0,487.0,42.3,1.0,19.31,493.4,-0.7853,-0.6191,0.7818,0.6235
2024-03-02 15:28:00,medium_office,19.37,21.05,43.7,0.454,971.0,533.0,46.3,1.0,20.92,496.8,-0.788,-0.6157,0.7818,0.6235
2024-03-02 15:29:00,medium_office,19.86,22.06,40.5,0.251,963.0,475.0,43.6,1.0,20.02,500.2,-0.7907,-0.6122,0.7818,0.6235
2024-03-02 15:30:00,medium_office,19.29,21.66,41.4,0.045,947.0,499.0,38.4,1.0,18.37,503.5,-0.7934,-0.6088,0.7818,0.6235
2024-03-02 15:31:00,medium_office,19.54,22.26,39.1,0.177,1026.0,487.0,46.7,1.0,20.27,506.9,-0.796,-0.6053,0.7818,0.6235
2024-03-02 15:32:00,medium_office,19.57,21.22,37.9,0.194,1062.0,523.0,43.3,1.0,20.5,510.3,-0.7986,-0.6018,0.7818,0.6235
2024-03-02 15:33:00,medium_office,20.07,21.45,39.4,0.057,992.0,486.0,46.0,1.0,21.7,513.6,-0.8013,-0.5983,0.7818,0.6235
2024-03-02 15:34:00,medium_office,19.48,21.13,45.0,0.819,1026.0,523.0,48.0,1.0,21.0,516.9,-0.8039,-0.5948,0.7818,0.6235
2024-03-02 15:35:00,medium_office,18.85,21.44,41.9,0.071,1045.0,518.0,45.7,1.0,19.17,520.3,-0.8064,-0.5913,0.7818,0.6235
2024-03-02 15:36:00,medium_office,19.72,20.67,41.2,0.069,1006.0,489.0,46.0,1.0,21.49,523.6,-0.809,-0.5878,0.7818,0.6235
2024-03-02 15:37:00,medium_office,19.36,21.65,38.7,0.096,999.0,555.0,42.4,1.0,18.68,526.9,-0.8116,-0.5842,0.7818,0.6235
2024-03-02 15:38:00,medium_office,19.57,21.5,42.5,0.197,993.0,478.0,47.1,1.0,20.09,530.2,-0.8141,-0.5807,0.7818,0.6235
2024-03-02 15:39:00,medium_office,19.52,21.34,38.0,0.828,1016.0,458.0,44.4,1.0,20.81,533.5,-0.8166,-0.5771,0.7818,0.6235
2024-03-02 15:40:00,medium_office,19.46,21.21,37.6,0.123,1026.0,526.0,39.0,1.0,21.51,536.8,-0.8192,-0.5736,0.7818,0.6235
2024-03-02 15:41:00,medium_office,19.77,21.0,39.6,0.052,1014.0,436.0,47.5,1.0,21.93,540.1,-0.8216,-0.57,0.7818,0.6235
2024-03-02 15:42:00,medium_office,19.07,21.64,44.7,0.053,1013.0,545.0,48.4,1.0,21.32,543.3,-0.8241,-0.5664,0.7818,0.6235
2024-03-02 15:43:00,medium_office,19.37,20.88,44.6,0.107,998.0,503.0,49.4,1.0,19.9,546.6,-0.8266,-0.5628,0.7818,0.6235
2024-03-02 15:44:00,medium_office,19.72,21.55,39.9,0.022,952.0,457.0,51.5,1.0,20.61,549.8,-0.829,-0.5592,0.7818,0.6235
2024-03-02 15:45:00,medium_office,19.32,22.17,39.5,0.071,1027.0,472.0,47.3,1.0,20.26,553.1,-0.8315,-0.5556,0.7818,0.6235
2024-03-02 15:46:00,medium_office,19.02,21.93,37.6,0.104,961.0,451.0,46.5,1.0,19.32,556.3,-0.8339,-0.5519,0.7818,0.6235
2024-03-02 15:47:00,medium_office,19.69,20.73,41.0,0.591,1019.0,511.0,48.3,1.0,19.91,559.5,-0.8363,-0.5483,0.7818,0.6235
2024-03-02 15:48:00,medium_office,19.82,21.11,41.2,0.966,1023.0,460.0,42.3,1.0,21.82,562.7,-0.8387,-0.5446,0.7818,0.6235
2024-03-02 15:49:00,medium_office,19.46,21.49,42.5,0.337,966.0,515.0,40.0,1.0,20.67,565.9,-0.841,-0.541,0.7818,0.6235
2024-03-02 15:50:00,medium_office,18.88,21.29,42.7,0.156,982.0,491.0,43.6,1.0,22.08,569.0,-0.8434,-0.5373,0.7818,0.6235
2024-03-02 15:51:00,medium_office,19.67,20.75,40.5,0.316,1064.0,486.0,48.8,1.0,18.93,572.2,-0.8457,-0.5336,0.7818,0.6235
2024-03-02 15:52:00,medium_office,18.96,21.46,42.1,0.01,998.0,515.0,43.0,1.0,19.63,575.3,-0.848,-0.5299,0.7818,0.6235
2024-03-02 15:53:00,medium_office,19.54,21.3,39.6,0.028,963.0,519.0,46.4,1.0,20.43,578.5,-0.8504,-0.5262,0.7818,0.6235
2024-03-02 15:54:00,medium_office,19.18,22.06,42.1,0.024,1024.0,534.0,46.7,1.0,20.75,581.6,-0.8526,-0.5225,0.7818,0.6235
2024-03-02 15:55:00,medium_office,19.09,21.19,40.0,0.104,977.0,481.0,45.7,1.0,19.89,584.7,-0.8549,-0.5188,0.7818,0.6235
2024-03-02 15:56:00,medium_office,19.3,21.75,42.0,0.082,942.0,499.0,41.2,1.0,20.81,587.8,-0.8572,-0.515,0.7818,0.6235
2024-03-02 15:57:00,medium_office,19.37,20.77,41.8,0.07,1016.0,481.0,46.0,1.0,20.8,590.9,-0.8594,-0.5113,0.7818,0.6235
2024-03-02 15:58:00,medium_office,19.22,20.87,41.2,0.036,973.0,505.0,43.7,1.0,18.62,593.9,-0.8616,-0.5075,0.7818,0.6235
2024-03-02 15:59:00,medium_office,19.59,21.56,42.7,0.143,1010.0,477.0,50.1,1.0,20.76,597.0,-0.8638,-0.5038,0.7818,0.6235
2024-03-02 16:00:00,medium_office,19.27,21.7,38.0,0.019,976.0,487.0,48.4,1.0,21.08,600.0,-0.866,-0.5,0.7818,0.6235
2024-03-02 16:01:00,medium_office,19.69,20.88,39.0,0.005,1021.0,487.0,43.8,1.0,20.3,603.0,-0.8682,-0.4962,0.7818,0.6235
2024-03-02 16:02:00,medium_office,19.47,21.27,40.6,0.058,1006.0,509.0,50.3,1.0,18.16,606.0,-0.8704,-0.4924,0.7818,0.6235
2024-03-02 16:03:00,medium_office,19.17,20.7,38.3,0.04,922.0,500.0,46.0,1.0,19.72,609.0,-0.8725,-0.4886,0.7818,0.6235
2024-03-02 16:04:00,medium_office,19.12,21.18,40.4,0.068,1011.0,515.0,40.0,1.0,20.44,612.0,-0.8746,-0.4848,0.7818,0.6235
2024-03-02 16:05:00,medium_office,18.88,21.58,40.5,0.041,991.0,497.0,44.8,1.0,19.13,614.9,-0.8767,-0.481,0.7818,0.6235
2024-03-02 16:06:00,medium_office,19.45,21.07,43.9,0.073,1043.0,483.0,49.9,1.0,20.92,617.9,-0.8788,-0.4772,0.7818,0.6235
2024-03-02 16:07:00,medium_office,19.25,21.14,41.5,0.387,1012.0,506.0,42.5,1.0,20.73,620.8,-0.8809,-0.4733,0.7818,0.6235
2024-03-02 16:08:00,medium_office,18.64,20.78,43.3,0.022,1023.0,472.0,44.8,1.0,20.13,623.7,-0.8829,-0.4695,0.7818,0.6235
2024-03-02 16:09:00,medium_office,19.18,20.97,41.9,0.039,979.0,517.0,40.9,1.0,20.02,626.6,-0.885,-0.4656,0.7818,0.6235
2024-03-02 16:10:00,medium_office,19.07,21.93,40.3,0.079,976.0,491.0,41.4,1.0,20.19,629.4,-0.887,-0.4617,0.7818,0.6235
2024-03-02 16:11:00,medium_office,19.81,21.25,41.6,0.956,999.0,506.0,42.5,1.0,20.0,632.3,-0.889,-0.4579,0.7818,0.6235
2024-03-02 16:12:00,medium_office,18.82,20.82,42.8,0.001,989.0,507.0,41.3,1.0,18.72,635.1,-0.891,-0.454,0.7818,0.6235
2024-03-02 16:13:00,medium_office,18.89,21.09,43.8,0.064,1040.0,548.0,43.1,1.0,19.57,637.9,-0.893,-0.4501,0.7818,0.6235
2024-03-02 16:14:00,medium_office,19.65,20.57,41.1,0.238,995.0,511.0,50.2,1.0,20.08,640.7,-0.8949,-0.4462,0.7818,0.6235
2024-03-02 16:15:00,medium_office,19.72,20.8,38.1,0.139,963.0,502.0,44.9,1.0,21.43,643.5,-0.8969,-0.4423,0.7818,0.6235
2024-03-02 16:16:00,medium_office,19.08,21.75,38.0,0.092,975.0,479.0,47.4,1.0,20.7,646.3,-0.8988,-0.4384,0.7818,0.6235
2024-03-02 16:17:00,medium_office,19.11,21.14,40.8,0.023,1029.0,524.0,48.3,1.0,21.48,649.0,-0.9007,-0.4344,0.7818,0.6235
2024-03-02 16:18:00,medium_office,19.48,21.95,36.8,0.01,995.0,492.0,41.7,1.0,18.61,651.7,-0.9026,-0.4305,0.7818,0.6235
2024-03-02 16:19:00,medium_office,18.59,21.15,45.1,0.36,993.0,454.0,42.5,1.0,19.66,654.4,-0.9045,-0.4266,0.7818,0.6235
2024-03-02 16:20:00,medium_office,18.72,21.17,42.7,0.186,1032.0,494.0,47.3,1.0,22.09,657.1,-0.9063,-0.4226,0.7818,0.6235
2024-03-02 16:21:00,medium_office,19.19,21.44,40.3,0.027,973.0,506.0,43.1,1.0,19.28,659.8,-0.9081,-0.4187,0.7818,0.6235
2024-03-02 16:22:00,medium_office,19.74,20.11,39.4,0.067,933.0,475.0,47.1,1.0,19.26,662.4,-0.91,-0.4147,0.7818,0.6235
2024-03-02 16:23:00,medium_office,19.13,21.26,43.7,0.26,974.0,496.0,50.0,1.0,19.75,665.0,-0.9118,-0.4107,0.7818,0.6235
2024-03-02 16:24:00,medium_office,19.29,21.15,39.4,0.152,1007.0,498.0,40.6,1.0,22.04,667.7,-0.9135,-0.4067,0.7818,0.6235
2024-03-02 16:25:00,medium_office,19.59,21.76,39.6,0.2,993.0,498.0,43.9,1.0,19.36,670.2,-0.9153,-0.4027,0.7818,0.6235
2024-03-02 16:26:00,medium_office,19.88,21.55,40.2,0.139,953.0,537.0,44.4,1.0,20.59,672.8,-0.9171,-0.3987,0.7818,0.6235
2024-03-02 16:27:00,medium_office,19.07,20.71,41.9,0.104,1030.0,461.0,43.4,1.0,20.43,675.3,-0.9188,-0.3947,0.7818,0.6235
2024-03-02 16:28:00,medium_office,19.23,21.66,43.0,0.01,1005.0,561.0,43.2,1.0,18.11,677.9,-0.9205,-0.3907,0.7818,0.6235
2024-03-02 16:29:00,medium_office,19.78,21.05,44.1,0.012,1012.0,499.0,43.5,1.0,20.03,680.4,-0.9222,-0.3867,0.7818,0.6235
2024-03-02 16:30:00,medium_office,18.77,20.79,43.9,0.401,1013.0,517.0,45.0,1.0,19.49,682.8,-0.9239,-0.3827,0.7818,0.6235
2024-03-02 16:31:00,medium_office,19.53,21.23,41.8,0.237,961.0,504.0,45.5,1.0,20.73,685.3,-0.9255,-0.3786,0.7818,0.6235
2024-03-02 16:32:00,medium_office,18.91,21.06,43.9,0.011,1009.0,448.0,47.9,1.0,21.79,687.7,-0.9272,-0.3746,0.7818,0.6235
2024-03-02 16:33:00,medium_office,19.24,21.76,40.5,0.181,1027.0,468.0,44.9,1.0,19.71,690.1,-0.9288,-0.3706,0.7818,0.6235
2024-03-02 16:34:00,medium_office,19.14,21.28,38.2,0.07,1034.0,484.0,48.4,1.0,19.72,692.5,-0.9304,-0.3665,0.7818,0.6235
2024-03-02 16:35:00,medium_office,18.92,21.22,40.6,0.025,1022.0,530.0,43.2,1.0,22.58,694.9,-0.932,-0.3624,0.7818,0.6235
2024-03-02 16:36:00,medium_office,18.9,21.49,40.3,0.047,1015.0,458.0,41.4,1.0,19.36,697.3,-0.9336,-0.3584,0.7818,0.6235
2024-03-02 16:37:00,medium_office,19.28,21.57,40.7,0.344,948.0,474.0,44.1,1.0,18.73,699.6,-0.9351,-0.3543,0.7818,0.6235
2024-03-02 16:38:00,medium_office,19.49,21.44,40.1,0.169,1000.0,505.0,46.4,1.0,21.46,701.9,-0.9367,-0.3502,0.7818,0.6235
2024-03-02 16:39:00,medium_office,19.15,21.69,41.1,0.001,971.0,514.0,47.6,1.0,20.04,704.2,-0.9382,-0.3461,0.7818,0.6235
2024-03-02 16:40:00,medium_office,19.2,21.36,43.3,0.192,1038.0,513.0,49.4,1.0,20.37,706.4,-0.9397,-0.342,0.7818,0.6235
2024-03-02 16:41:00,medium_office,19.35,21.18,45.5,0.001,1034.0,470.0,45.9,1.0,22.33,708.6,-0.9412,-0.3379,0.7818,0.6235
2024-03-02 16:42:00,medium_office,18.88,21.61,38.6,0.333,971.0,452.0,47.3,1.0,18.7,710.9,-0.9426,-0.3338,0.7818,0.6235
2024-03-02 16:43:00,medium_office,19.39,21.08,39.5,0.146,999.0,516.0,49.1,1.0,19.91,713.0,-0.9441,-0.3297,0.7818,0.6235
2024-03-02 16:44:00,medium_office,19.41,21.12,40.6,0.154,1007.0,543.0,42.7,1.0,18.88,715.2,-0.9455,-0.3256,0.7818,0.6235
2024-03-02 16:45:00,medium_office,19.94,21.79,43.7,0.002,1027.0,490.0,44.4,1.0,20.45,717.3,-0.9469,-0.3214,0.7818,0.6235
2024-03-02 16:46:00,medium_office,19.04,21.75,41.8,0.011,950.0,466.0,53.3,1.0,19.57,719.5,-0.9483,-0.3173,0.7818,0.6235
2024-03-02 16:47:00,medium_office,19.01,21.1,40.8,0.108,934.0,487.0,47.6,1.0,18.96,721.5,-0.9497,-0.3132,0.7818,0.6235
2024-03-02 16:48:00,medium_office,19.38,20.92,43.7,0.052,1001.0,512.0,46.5,1.0,20.87,723.6,-0.9511,-0.309,0.7818,0.6235
2024-03-02 16:49:00,medium_office,19.39,21.68,44.2,0.105,924.0,493.0,47.7,1.0,20.15,725.6,-0.9524,-0.3049,0.7818,0.6235
2024-03-02 16:50:00,medium_office,18.98,21.41,42.3,0.086,1005.0,542.0,41.0,1.0,18.9,727.7,-0.9537,-0.3007,0.7818,0.6235
2024-03-02 16:51:00,medium_office,19.01,21.22,40.7,0.269,1018.0,528.0,43.1,1.0,18.97,729.7,-0.955,-0.2965,0.7818,0.6235
2024-03-02 16:52:00,medium_office,19.29,20.96,42.9,0.022,1037.0,506.0,42.0,1.0,20.37,731.6,-0.9563,-0.2924,0.7818,0.6235
2024-03-02 16:53:00,medium_office,18.88,21.22,41.9,0.068,981.0,441.0,46.3,1.0,18.5,733.6,-0.9576,-0.2882,0.7818,0.6235
2024-03-02 16:54:00,medium_office,19.0,21.07,41.9,0.059,1005.0,479.0,43.9,1.0,20.41,735.5,-0.9588,-0.284,0.7818,0.6235
2024-03-02 16:55:00,medium_office,19.15,20.81,41.4,0.31,1020.0,484.0,45.3,1.0,21.53,737.4,-0.96,-0.2798,0.7818,0.6235
2024-03-02 16:56:00,medium_office,19.41,21.13,44.3,0.143,965.0,478.0,44.1,1.0,20.86,739.2,-0.9613,-0.2756,0.7818,0.6235
2024-03-02 16:57:00,medium_office,18.93,21.18,43.0,0.039,1027.0,506.0,40.1,1.0,19.58,741.1,-0.9625,-0.2714,0.7818,0.6235
2024-03-02 16:58:00,medium_office,18.56,20.92,44.6,0.07,1008.0,506.0,47.7,1.0,20.48,742.9,-0.9636,-0.2672,0.7818,0.6235
2024-03-02 16:59:00,medium_office,18.53,21.43,45.2,0.04,982.0,450.0,39.7,1.0,18.97,744.7,-0.9648,-0.263,0.7818,0.6235
2024-03-02 17:00:00,medium_office,18.72,21.58,43.5,0.084,1004.0,524.0,42.8,1.0,20.36,746.4,-0.9659,-0.2588,0.7818,0.6235
2024-03-02 17:01:00,medium_office,18.7,21.45,41.6,0.1,996.0,500.0,41.1,1.0,19.91,748.1,-0.967,-0.2546,0.7818,0.6235
2024-03-02 17:02:00,medium_office,19.05,20.95,44.7,0.177,1023.0,511.0,42.4,1.0,19.2,749.8,-0.9681,-0.2504,0.7818,0.6235
2024-03-02 17:03:00,medium_office,18.74,21.36,43.6,0.105,989.0,522.0,45.6,1.0,20.87,751.5,-0.9692,-0.2462,0.7818,0.6235
2024-03-02 17:04:00,medium_office,18.88,21.09,47.9,0.367,1007.0,477.0,48.7,1.0,18.28,753.2,-0.9703,-0.2419,0.7818,0.6235
2024-03-02 17:05:00,medium_office,18.85,20.56,43.4,0.13,981.0,538.0,40.3,1.0,19.08,754.8,-0.9713,-0.2377,0.7818,0.6235
2024-03-02 17:06:00,medium_office,18.95,21.32,44.2,0.033,972.0,496.0,43.3,1.0,19.21,756.4,-0.9724,-0.2334,0.7818,0.6235
2024-03-02 17:07:00,medium_office,19.48,21.11,43.4,0.165,1005.0,545.0,39.8,1.0,19.78,758.0,-0.9734,-0.2292,0.7818,0.6235
2024-03-02 17:08:00,medium_office,19.28,22.09,42.6,0.13,973.0,473.0,43.2,1.0,21.6,759.5,-0.9744,-0.225,0.7818,0.6235
2024-03-02 17:09:00,medium_office,19.08,21.63,42.4,0.018,1024.0,543.0,45.2,1.0,21.06,761.0,-0.9753,-0.2207,0.7818,0.6235
2024-03-02 17:10:00,medium_office,18.93,21.33,43.5,0.008,1018.0,473.0,47.3,1.0,20.42,762.5,-0.9763,-0.2164,0.7818,0.6235
2024-03-02 17:11:00,medium_office,18.94,21.15,44.0,0.035,977.0,576.0,38.6,1.0,20.38,764.0,-0.9772,-0.2122,0.7818,0.6235
2024-03-02 17:12:00,medium_office,19.16,21.11,45.3,0.072,1006.0,471.0,46.7,1.0,20.32,765.4,-0.9781,-0.2079,0.7818,0.6235
2024-03-02 17:13:00,medium_office,19.24,20.64,43.6,0.015,977.0,532.0,42.1,1.0,21.72,766.8,-0.979,-0.2036,0.7818,0.6235
2024-03-02 17:14:00,medium_office,18.79,20.34,42.1,0.011,952.0,489.0,41.4,1.0,18.54,768.2,-0.9799,-0.1994,0.7818,0.6235
2024-03-02 17:15:00,medium_office,19.07,20.69,42.4,0.115,982.0,521.0,45.2,1.0,21.14,769.6,-0.9808,-0.1951,0.7818,0.6235
2024-03-02 17:16:00,medium_office,18.45,21.02,40.4,0.017,998.0,499.0,46.9,1.0,19.87,770.9,-0.9816,-0.1908,0.7818,0.6235
2024-03-02 17:17:00,medium_office,19.12,20.19,46.4,0.459,1016.0,467.0,44.7,1.0,20.89,772.2,-0.9825,-0.1865,0.7818,0.6235
2024-03-02 17:18:00,medium_office,19.28,20.82,42.1,0.117,1004.0,416.0,41.7,1.0,20.91,773.4,-0.9833,-0.1822,0.7818,0.6235
2024-03-02 17:19:00,medium_office,18.96,20.93,45.1,0.027,1027.0,575.0,44.7,1.0,21.14,774.7,-0.984,-0.1779,0.7818,0.6235
2024-03-02 17:20:00,medium_office,19.59,20.94,43.8,0.581,971.0,502.0,42.8,1.0,22.0,775.9,-0.9848,-0.1736,0.7818,0.6235
2024-03-02 17:21:00,medium_office,18.78,20.76,43.9,0.127,989.0,412.0,46.8,1.0,19.06,777.1,-0.9856,-0.1693,0.7818,0.6235
2024-03-02 17:22:00,medium_office,19.11,20.89,43.0,0.338,1049.0,509.0,48.2,1.0,21.45,778.2,-0.9863,-0.165,0.7818,0.6235
2024-03-02 17:23:00,medium_office,19.03,21.72,41.7,0.105,942.0,521.0,48.0,1.0,20.39,779.3,-0.987,-0.1607,0.7818,0.6235
2024-03-02 17:24:00,medium_office,19.01,21.29,41.4,0.09,986.0,479.0,44.9,1.0,20.0,780.4,-0.9877,-0.1564,0.7818,0.6235
2024-03-02 17:25:00,medium_office,19.0,20.8,46.8,0.435,968.0,479.0,48.4,1.0,22.51,781.5,-0.9884,-0.1521,0.7818,0.6235
2024-03-02 17:26:00,medium_office,19.07,20.99,43.6,0.191,994.0,499.0,41.9,1.0,21.19,782.5,-0.989,-0.1478,0.7818,0.6235
2024-03-02 17:27:00,medium_office,19.29,21.01,45.7,0.132,987.0,536.0,50.3,1.0,20.08,783.5,-0.9897,-0.1435,0.7818,0.6235
2024-03-02 17:28:00,medium_office,19.44,20.71,46.2,0.084,1018.0,503.0,41.9,1.0,21.47,784.5,-0.9903,-0.1392,0.7818,0.6235
2024-03-02 17:29:00,medium_office,19.03,20.71,42.7,0.119,1008.0,544.0,38.9,1.0,20.48,785.5,-0.9909,-0.1349,0.7818,0.6235
2024-03-02 17:30:00,medium_office,19.27,21.42,44.4,0.172,961.0,534.0,49.1,1.0,20.11,786.4,-0.9914,-0.1305,0.7818,0.6235
2024-03-02 17:31:00,medium_office,18.81,20.85,43.7,0.16,982.0,493.0,42.9,1.0,19.95,787.3,-0.992,-0.1262,0.7818,0.6235
2024-03-02 17:32:00,medium_office,19.25,20.58,41.3,0.093,1000.0,453.0,45.4,1.0,20.87,788.1,-0.9925,-0.1219,0.7818,0.6235
2024-03-02 17:33:00,medium_office,18.79,21.0,43.3,0.046,1022.0,493.0,41.9,1.0,19.96,788.9,-0.9931,-0.1175,0.7818,0.6235
2024-03-02 17:34:00,medium_office,19.35,21.06,44.9,0.035,1073.0,516.0,52.1,1.0,20.75,789.7,-0.9936,-0.1132,0.7818,0.6235
2024-03-02 17:35:00,medium_office,19.68,20.22,42.7,0.054,1021.0,502.0,50.5,1.0,21.49,790.5,-0.9941,-0.1089,0.7818,0.6235
2024-03-02 17:36:00,medium_office,18.98,20.99,43.1,0.042,970.0,519.0,49.6,1.0,20.73,791.3,-0.9945,-0.1045,0.7818,0.6235
2024-03-02 17:37:00,medium_office,18.36,21.36,43.4,0.0,997.0,526.0,45.3,1.0,22.61,792.0,-0.995,-0.1002,0.7818,0.6235
2024-03-02 17:38:00,medium_office,18.85,21.19,48.0,0.13,1005.0,516.0,47.9,1.0,20.66,792.7,-0.9954,-0.0958,0.7818,0.6235
2024-03-02 17:39:00,medium_office,19.38,21.9,40.2,0.197,984.0,492.0,44.8,1.0,22.01,793.3,-0.9958,-0.0915,0.7818,0.6235
2024-03-02 17:40:00,medium_office,19.18,21.51,44.9,0.359,1014.0,516.0,48.4,1.0,21.65,793.9,-0.9962,-0.0872,0.7818,0.6235
2024-03-02 17:41:00,medium_office,19.08,21.59,43.4,0.618,932.0,567.0,43.8,1.0,22.21,794.5,-0.9966,-0.0828,0.7818,0.6235
2024-03-02 17:42:00,medium_office,19.31,22.13,42.7,0.231,1017.0,455.0,49.8,1.0,22.67,795.1,-0.9969,-0.0785,0.7818,0.6235
2024-03-02 17:43:00,medium_office,19.15,21.31,43.4,0.091,986.0,515.0,43.6,1.0,18.95,795.6,-0.9973,-0.0741,0.7818,0.6235
2024-03-02 17:44:00,medium_office,19.37,21.07,45.4,0.058,997.0,555.0,44.0,1.0,20.99,796.1,-0.9976,-0.0698,0.7818,0.6235
2024-03-02 17:45:00,medium_office,19.28,21.39,45.5,0.165,1044.0,465.0,43.6,1.0,20.63,796.6,-0.9979,-0.0654,0.7818,0.6235
2024-03-02 17:46:00,medium_office,19.46,20.78,44.5,0.292,962.0,530.0,45.6,1.0,20.87,797.0,-0.9981,-0.061,0.7818,0.6235
2024-03-02 17:47:00,medium_office,19.11,21.05,46.3,0.091,1008.0,534.0,43.8,1.0,20.38,797.4,-0.9984,-0.0567,0.7818,0.6235
2024-03-02 17:48:00,medium_office,19.28,20.74,46.7,0.062,1024.0,456.0,46.5,1.0,20.24,797.8,-0.9986,-0.0523,0.7818,0.6235
2024-03-02 17:49:00,medium_office,18.91,21.16,45.8,0.261,1005.0,521.0,43.6,1.0,19.7,798.2,-0.9988,-0.048,0.7818,0.6235
2024-03-02 17:50:00,medium_office,18.82,20.74,43.1,0.004,952.0,492.0,47.4,1.0,20.92,798.5,-0.999,-0.0436,0.7818,0.6235
2024-03-02 17:51:00,medium_office,19.51,20.73,45.3,0.251,1041.0,498.0,49.6,1.0,21.77,798.8,-0.9992,-0.0393,0.7818,0.6235
2024-03-02 17:52:00,medium_office,19.07,21.17,45.3,0.027,994.0,490.0,45.2,1.0,20.36,799.0,-0.9994,-0.0349,0.7818,0.6235
2024-03-02 17:53:00,medium_office,19.24,20.95,42.7,0.017,984.0,539.0,51.7,1.0,20.54,799.3,-0.9995,-0.0305,0.7818,0.6235
2024-03-02 17:54:00,medium_office,19.04,20.23,41.2,0.137,991.0,497.0,48.4,1.0,20.18,799.5,-0.9997,-0.0262,0.7818,0.6235
2024-03-02 17:55:00,medium_office,18.82,20.42,40.4,0.321,989.0,486.0,51.4,1.0,19.9,799.6,-0.9998,-0.0218,0.7818,0.6235
2024-03-02 17:56:00,medium_office,19.0,20.54,44.6,0.088,964.0,487.0,44.8,1.0,20.68,799.8,-0.9998,-0.0175,0.7818,0.6235
2024-03-02 17:57:00,medium_office,19.43,20.65,45.1,0.138,1005.0,490.0,40.0,1.0,21.27,799.9,-0.9999,-0.0131,0.7818,0.6235
2024-03-02 17:58:00,medium_office,19.17,21.17,42.2,0.42,982.0,468.0,42.9,1.0,22.2,799.9,-1.0,-0.0087,0.7818,0.6235
2024-03-02 17:59:00,medium_office,18.49,21.09,46.7,0.033,1020.0,486.0,43.2,1.0,19.77,800.0,-1.0,-0.0044,0.7818,0.6235
2024-03-02 18:00:00,medium_office,18.94,21.43,44.9,0.124,1016.0,504.0,42.1,1.0,20.95,800.0,-1.0,-0.0,0.7818,0.6235
2024-03-02 18:01:00,medium_office,19.53,21.3,47.3,0.225,449.0,12.0,28.4,0.28,22.17,800.0,-1.0,0.0044,0.7818,0.6235
2024-03-02 18:02:00,medium_office,18.94,21.43,45.4,0.211,400.0,36.0,38.1,0.3,19.83,799.9,-1.0,0.0087,0.7818,0.6235
2024-03-02 18:03:00,medium_office,18.46,21.24,42.6,0.156,400.0,7.0,29.4,0.04,22.3,799.9,-0.9999,0.0131,0.7818,0.6235
2024-03-02 18:04:00,medium_office,19.57,21.08,45.7,0.036,400.0,0.0,37.8,0.17,20.61,799.8,-0.9998,0.0175,0.7818,0.6235
2024-03-02 18:05:00,medium_office,19.21,21.44,46.1,0.065,466.0,0.0,41.6,0.21,21.78,799.6,-0.9998,0.0218,0.7818,0.6235
2024-03-02 18:06:00,medium_office,18.98,21.37,43.7,0.012,420.0,9.0,32.7,0.23,20.86,799.5,-0.9997,0.0262,0.7818,0.6235
2024-03-02 18:07:00,medium_office,18.89,21.15,42.0,0.196,400.0,0.0,36.2,0.28,21.56,799.3,-0.9995,0.0305,0.7818,0.6235
2024-03-02 18:08:00,medium_office,19.33,21.51,45.1,0.017,451.0,0.0,33.8,0.22,22.73,799.0,-0.9994,0.0349,0.7818,0.6235
2024-03-02 18:09:00,medium_office,18.84,20.06,42.9,0.001,441.0,8.0,37.5,0.21,21.01,798.8,-0.9992,0.0393,0.7818,0.6235
2024-03-02 18:10:00,medium_office,19.35,20.89,47.2,0.042,400.0,16.0,31.4,0.02,22.15,798.5,-0.999,0.0436,0.7818,0.6235
2024-03-02 18:11:00,medium_office,19.17,20.88,44.2,0.091,400.0,8.0,34.6,0.16,21.45,798.2,-0.9988,0.048,0.7818,0.6235
2024-03-02 18:12:00,medium_office,19.08,21.46,48.5,0.033,400.0,0.0,38.4,0.18,20.4,797.8,-0.9986,0.0523,0.7818,0.6235
2024-03-02 18:13:00,medium_office,19.05,21.63,40.8,0.166,400.0,0.0,34.9,0.21,21.06,797.4,-0.9984,0.0567,0.7818,0.6235
2024-03-02 18:14:00,medium_office,18.95,20.42,45.4,0.053,400.0,0.0,30.1,0.18,21.02,797.0,-0.9981,0.061,0.7818,0.6235
2024-03-02 18:15:00,medium_office,19.32,21.57,48.0,0.087,421.0,25.0,38.7,0.12,19.83,796.6,-0.9979,0.0654,0.7818,0.6235
2024-03-02 18:16:00,medium_office,18.75,20.54,43.4,0.198,400.0,0.0,31.1,0.15,21.72,796.1,-0.9976,0.0698,0.7818,0.6235
2024-03-02 18:17:00,medium_office,18.52,20.55,44.9,0.071,409.0,0.0,35.2,0.29,21.94,795.6,-0.9973,0.0741,0.7818,0.6235
2024-03-02 18:18:00,medium_office,19.19,20.91,44.5,0.104,435.0,35.0,36.7,0.1,22.11,795.1,-0.9969,0.0785,0.7818,0.6235
2024-03-02 18:19:00,medium_office,19.2,20.88,43.9,0.05,412.0,0.0,35.4,0.24,22.75,794.5,-0.9966,0.0828,0.7818,0.6235
2024-03-02 18:20:00,medium_office,19.16,20.38,45.8,0.101,400.0,1.0,42.6,0.18,22.29,793.9,-0.9962,0.0872,0.7818,0.6235
2024-03-02 18:21:00,medium_office,19.13,21.27,42.8,0.027,400.0,15.0,37.2,0.13,20.76,793.3,-0.9958,0.0915,0.7818,0.6235
2024-03-02 18:22:00,medium_office,18.92,21.28,45.2,0.018,425.0,0.0,34.4,0.12,20.99,792.7,-0.9954,0.0958,0.7818,0.6235
2024-03-02 18:23:00,medium_office,19.25,21.43,46.5,0.505,400.0,0.0,36.8,0.16,22.24,792.0,-0.995,0.1002,0.7818,0.6235
2024-03-02 18:24:00,medium_office,19.0,20.84,45.1,0.17,407.0,12.0,35.6,0.24,21.81,791.3,-0.9945,0.1045,0.7818,0.6235
2024-03-02 18:25:00,medium_office,18.87,21.0,43.5,0.176,401.0,40.0,35.1,0.04,21.42,790.5,-0.9941,0.1089,0.7818,0.6235
2024-03-02 18:26:00,medium_office,18.93,21.0,47.6,0.056,434.0,24.0,35.7,0.27,20.58,789.7,-0.9936,0.1132,0.7818,0.6235
2024-03-02 18:27:00,medium_office,19.63,21.69,47.1,0.064,400.0,0.0,33.7,0.23,20.95,788.9,-0.9931,0.1175,0.7818,0.6235
2024-03-02 18:28:00,medium_office,18.5,19.88,43.6,0.184,400.0,64.0,35.6,0.1,22.08,788.1,-0.9925,0.1219,0.7818,0.6235
2024-03-02 18:29:00,medium_office,19.17,20.63,43.1,0.226,400.0,0.0,33.5,0.0,19.57,787.3,-0.992,0.1262,0.7818,0.6235
2024-03-02 18:30:00,medium_office,18.52,21.02,43.8,0.011,413.0,0.0,29.3,0.03,19.2,786.4,-0.9914,0.1305,0.7818,0.6235
2024-03-02 18:31:00,medium_office,18.99,20.58,46.9,0.027,400.0,23.0,38.4,0.04,22.25,785.5,-0.9909,0.1349,0.7818,0.6235
2024-03-02 18:32:00,medium_office,18.9,20.92,46.4,0.039,400.0,14.0,33.3,0.03,21.05,784.5,-0.9903,0.1392,0.7818,0.6235
2024-03-02 18:33:00,medium_office,18.41,20.97,47.4,0.159,400.0,2.0,35.4,0.03,22.07,783.5,-0.9897,0.1435,0.7818,0.6235
2024-03-02 18:34:00,medium_office,19.15,20.76,45.2,0.391,416.0,0.0,32.7,0.29,23.2,782.5,-0.989,0.1478,0.7818,0.6235
2024-03-02 18:35:00,medium_office,18.92,21.05,44.1,0.23,400.0,40.0,32.8,0.2,20.63,781.5,-0.9884,0.1521,0.7818,0.6235
2024-03-02 18:36:00,medium_office,18.41,21.28,47.8,0.182,400.0,0.0,31.9,0.25,20.0,780.4,-0.9877,0.1564,0.7818,0.6235
2024-03-02 18:37:00,medium_office,19.29,20.93,44.9,0.01,427.0,0.0,37.8,0.17,21.41,779.3,-0.987,0.1607,0.7818,0.6235
2024-03-02 18:38:00,medium_office,19.47,20.85,46.4,0.047,400.0,37.0,38.6,0.19,21.02,778.2,-0.9863,0.165,0.7818,0.6235
2024-03-02 18:39:00,medium_office,19.49,20.96,43.0,0.387,429.0,7.0,35.1,0.26,21.7,777.1,-0.9856,0.1693,0.7818,0.6235
2024-03-02 18:40:00,medium_office,19.15,21.03,45.0,0.008,400.0,33.0,33.4,0.08,22.29,775.9,-0.9848,0.1736,0.7818,0.6235
2024-03-02 18:41:00,medium_office,19.06,20.34,48.2,0.253,400.0,17.0,29.9,0.21,22.1,774.7,-0.984,0.1779,0.7818,0.6235
2024-03-02 18:42:00,medium_office,19.45,21.22,44.8,0.028,405.0,72.0,37.4,0.27,21.84,773.4,-0.9833,0.1822,0.7818,0.6235
2024-03-02 18:43:00,medium_office,19.56,20.85,47.9,0.106,442.0,0.0,33.0,0.28,22.88,772.2,-0.9825,0.1865,0.7818,0.6235
2024-03-02 18:44:00,medium_office,19.4,21.54,41.6,0.006,439.0,0.0,31.6,0.13,22.51,770.9,-0.9816,0.1908,0.7818,0.6235
2024-03-02 18:45:00,medium_office,18.78,21.27,45.2,0.276,435.0,22.0,35.1,0.26,21.68,769.6,-0.9808,0.1951,0.7818,0.6235
2024-03-02 18:46:00,medium_office,19.12,21.51,46.0,0.055,400.0,0.0,34.0,0.15,22.52,768.2,-0.9799,0.1994,0.7818,0.6235
2024-03-02 18:47:00,medium_office,19.19,20.64,49.9,0.317,400.0,24.0,30.4,0.08,20.36,766.8,-0.979,0.2036,0.7818,0.6235
2024-03-02 18:48:00,medium_office,18.52,20.9,44.1,0.142,423.0,0.0,30.9,0.08,22.99,765.4,-0.9781,0.2079,0.7818,0.6235
2024-03-02 18:49:00,medium_office,19.21,20.55,47.8,0.502,441.0,0.0,36.0,0.14,21.98,764.0,-0.9772,0.2122,0.7818,0.6235
2024-03-02 18:50:00,medium_office,19.75,20.77,48.7,0.26,435.0,0.0,33.0,0.08,20.78,762.5,-0.9763,0.2164,0.7818,0.6235
2024-03-02 18:51:00,medium_office,19.27,21.55,45.1,0.002,400.0,0.0,36.5,0.01,21.58,761.0,-0.9753,0.2207,0.7818,0.6235
2024-03-02 18:52:00,medium_office,19.52,21.65,45.9,0.087,422.0,0.0,35.4,0.03,23.06,759.5,-0.9744,0.225,0.7818,0.6235
2024-03-02 18:53:00,medium_office,19.13,20.59,47.0,0.204,422.0,27.0,38.1,0.25,21.28,758.0,-0.9734,0.2292,0.7818,0.6235
2024-03-02 18:54:00,medium_office,19.06,20.87,43.7,0.127,404.0,0.0,32.5,0.26,22.48,756.4,-0.9724,0.2334,0.7818,0.6235
2024-03-02 18:55:00,medium_office,19.2,21.03,45.8,0.363,406.0,6.0,35.7,0.26,22.97,754.8,-0.9713,0.2377,0.7818,0.6235
2024-03-02 18:56:00,medium_office,18.84,21.29,49.3,0.093,403.0,0.0,36.9,0.17,22.14,753.2,-0.9703,0.2419,0.7818,0.6235
2024-03-02 18:57:00,medium_office,18.8,20.36,47.9,0.184,400.0,15.0,33.1,0.28,21.27,751.5,-0.9692,0.2462,0.7818,0.6235
2024-03-02 18:58:00,medium_office,19.48,20.42,46.6,0.036,400.0,43.0,38.4,0.15,22.1,749.8,-0.9681,0.2504,0.7818,0.6235
2024-03-02 18:59:00,medium_office,19.51,21.26,47.1,0.216,400.0,6.0,30.0,0.14,20.78,748.1,-0.967,0.2546,0.7818,0.6235
2024-03-02 19:00:00,medium_office,18.8,20.29,48.1,0.083,400.0,25.0,32.5,0.14,21.72,746.4,-0.9659,0.2588,0.7818,0.6235
2024-03-02 19:01:00,medium_office,19.4,20.89,48.5,0.045,404.0,4.0,29.9,0.08,21.13,744.7,-0.9648,0.263,0.7818,0.6235
2024-03-02 19:02:00,medium_office,19.08,21.14,45.9,0.216,400.0,0.0,32.8,0.18,22.21,742.9,-0.9636,0.2672,0.7818,0.6235
2024-03-02 19:03:00,medium_office,19.21,21.24,50.2,0.485,423.0,0.0,34.5,0.13,21.01,741.1,-0.9625,0.2714,0.7818,0.6235
2024-03-02 19:04:00,medium_office,19.25,21.02,49.8,0.053,438.0,0.0,37.5,0.29,22.39,739.2,-0.9613,0.2756,0.7818,0.6235
2024-03-02 19:05:00,medium_office,19.42,20.93,48.5,0.01,440.0,17.0,34.5,0.05,23.47,737.4,-0.96,0.2798,0.7818,0.6235
2024-03-02 19:06:00,medium_office,19.15,21.42,45.5,0.044,443.0,3.0,33.2,0.02,23.55,735.5,-0.9588,0.284,0.7818,0.6235
2024-03-02 19:07:00,medium_office,19.55,21.2,45.2,0.026,400.0,0.0,30.4,0.11,21.14,733.6,-0.9576,0.2882,0.7818,0.6235
2024-03-02 19:08:00,medium_office,19.22,20.83,46.6,0.316,400.0,0.0,31.4,0.06,21.74,731.6,-0.9563,0.2924,0.7818,0.6235
2024-03-02 19:09:00,medium_office,19.32,21.11,47.5,0.224,428.0,0.0,35.9,0.3,23.29,729.7,-0.955,0.2965,0.7818,0.6235
2024-03-02 19:10:00,medium_office,18.89,21.25,43.8,0.03,441.0,0.0,37.6,0.17,23.16,727.7,-0.9537,0.3007,0.7818,0.6235
2024-03-02 19:11:00,medium_office,19.79,21.78,48.4,0.37,447.0,0.0,33.7,0.11,21.87,725.6,-0.9524,0.3049,0.7818,0.6235
2024-03-02 19:12:00,medium_office,19.29,21.41,50.0,0.195,415.0,54.0,38.6,0.19,22.02,723.6,-0.9511,0.309,0.7818,0.6235
2024-03-02 19:13:00,medium_office,19.36,21.59,48.7,0.442,400.0,40.0,32.2,0.14,22.62,721.5,-0.9497,0.3132,0.7818,0.6235
2024-03-02 19:14:00,medium_office,18.67,20.86,46.2,0.051,411.0,0.0,33.8,0.06,20.73,719.5,-0.9483,0.3173,0.7818,0.6235
2024-03-02 19:15:00,medium_office,18.91,20.9,46.0,0.153,417.0,6.0,34.1,0.12,23.11,717.3,-0.9469,0.3214,0.7818,0.6235
2024-03-02 19:16:00,medium_office,19.53,21.01,48.2,0.117,438.0,7.0,39.6,0.09,23.69,715.2,-0.9455,0.3256,0.7818,0.6235
2024-03-02 19:17:00,medium_office,19.25,21.05,47.4,0.077,443.0,0.0,35.4,0.19,22.25,713.0,-0.9441,0.3297,0.7818,0.6235
2024-03-02 19:18:00,medium_office,18.6,20.71,48.6,0.021,427.0,0.0,29.6,0.24,21.24,710.9,-0.9426,0.3338,0.7818,0.6235
2024-03-02 19:19:00,medium_office,19.49,21.62,49.0,0.121,400.0,0.0,37.9,0.08,24.1,708.6,-0.9412,0.3379,0.7818,0.6235
2024-03-02 19:20:00,medium_office,19.02,21.47,50.0,0.038,400.0,56.0,40.5,0.19,22.93,706.4,-0.9397,0.342,0.7818,0.6235
2024-03-02 19:21:00,medium_office,19.61,21.0,45.6,0.214,416.0,0.0,34.3,0.21,23.45,704.2,-0.9382,0.3461,0.7818,0.6235
2024-03-02 19:22:00,medium_office,19.16,21.38,48.3,0.572,400.0,10.0,32.3,0.11,21.45,701.9,-0.9367,0.3502,0.7818,0.6235
2024-03-02 19:23:00,medium_office,19.26,21.22,47.2,0.196,444.0,0.0,37.6,0.15,21.48,699.6,-0.9351,0.3543,0.7818,0.6235
2024-03-02 19:24:00,medium_office,19.55,21.42,47.8,0.006,400.0,25.0,40.9,0.11,23.23,697.3,-0.9336,0.3584,0.7818,0.6235
2024-03-02 19:25:00,medium_office,18.93,20.6,49.7,0.075,417.0,36.0,37.5,0.11,23.87,694.9,-0.932,0.3624,0.7818,0.6235
2024-03-02 19:26:00,medium_office,18.91,21.08,50.0,0.058,410.0,0.0,30.1,0.13,21.74,692.5,-0.9304,0.3665,0.7818,0.6235
2024-03-02 19:27:00,medium_office,19.15,21.12,50.9,0.165,400.0,0.0,37.3,0.09,22.8,690.1,-0.9288,0.3706,0.7818,0.6235
2024-03-02 19:28:00,medium_office,19.47,21.4,49.0,0.371,400.0,14.0,36.2,0.15,21.34,687.7,-0.9272,0.3746,0.7818,0.6235
2024-03-02 19:29:00,medium_office,18.82,20.9,48.0,0.48,400.0,1.0,32.1,0.23,22.25,685.3,-0.9255,0.3786,0.7818,0.6235
2024-03-02 19:30:00,medium_office,18.73,20.15,47.7,0.162,400.0,14.0,38.9,0.12,22.72,682.8,-0.9239,0.3827,0.7818,0.6235
2024-03-02 19:31:00,medium_office,19.48,20.72,44.8,0.084,400.0,0.0,36.3,0.28,23.5,680.4,-0.9222,0.3867,0.7818,0.6235
2024-03-02 19:32:00,medium_office,19.06,21.13,51.0,0.111,433.0,56.0,38.9,0.07,20.93,677.9,-0.9205,0.3907,0.7818,0.6235
2024-03-02 19:33:00,medium_office,19.13,21.19,47.7,0.066,400.0,0.0,31.8,0.13,24.38,675.3,-0.9188,0.3947,0.7818,0.6235
2024-03-02 19:34:00,medium_office,18.69,21.84,49.4,0.057,414.0,81.0,36.2,0.18,22.92,672.8,-0.9171,0.3987,0.7818,0.6235
2024-03-02 19:35:00,medium_office,19.05,21.4,49.8,0.072,400.0,37.0,32.3,0.16,24.41,670.2,-0.9153,0.4027,0.7818,0.6235
2024-03-02 19:36:00,medium_office,19.26,21.21,46.0,0.005,414.0,25.0,35.7,0.28,23.85,667.7,-0.9135,0.4067,0.7818,0.6235
2024-03-02 19:37:00,medium_office,19.54,21.16,46.7,0.143,400.0,0.0,39.4,0.1,24.03,665.0,-0.9118,0.4107,0.7818,0.6235
2024-03-02 19:38:00,medium_office,19.04,21.62,51.7,0.373,463.0,27.0,30.7,0.11,25.22,662.4,-0.91,0.4147,0.7818,0.6235
2024-03-02 19:39:00,medium_office,19.77,20.95,49.2,0.468,400.0,18.0,30.9,0.18,22.45,659.8,-0.9081,0.4187,0.7818,0.6235
2024-03-02 19:40:00,medium_office,19.08,21.13,47.5,0.087,400.0,0.0,37.9,0.18,23.39,657.1,-0.9063,0.4226,0.7818,0.6235
2024-03-02 19:41:00,medium_office,19.08,20.76,48.4,0.038,400.0,0.0,35.0,0.24,22.3,654.4,-0.9045,0.4266,0.7818,0.6235
2024-03-02 19:42:00,medium_office,19.75,21.76,50.9,0.054,400.0,11.0,38.5,0.24,23.21,651.7,-0.9026,0.4305,0.7818,0.6235
2024-03-02 19:43:00,medium_office,19.36,21.36,50.7,0.126,400.0,0.0,32.6,0.0,24.06,649.0,-0.9007,0.4344,0.7818,0.6235
2024-03-02 19:44:00,medium_office,19.14,20.92,45.9,0.102,400.0,0.0,35.2,0.23,24.5,646.3,-0.8988,0.4384,0.7818,0.6235
2024-03-02 19:45:00,medium_office,19.26,21.16,52.1,0.031,400.0,32.0,37.1,0.22,23.02,643.5,-0.8969,0.4423,0.7818,0.6235
2024-03-02 19:46:00,medium_office,19.72,21.41,50.9,0.077,400.0,0.0,35.6,0.18,22.22,640.7,-0.8949,0.4462,0.7818,0.6235
2024-03-02 19:47:00,medium_office,19.76,21.11,48.7,0.199,400.0,0.0,29.6,0.1,23.53,637.9,-0.893,0.4501,0.7818,0.6235
2024-03-02 19:48:00,medium_office,19.08,21.0,46.6,0.034,425.0,0.0,43.5,0.27,22.63,635.1,-0.891,0.454,0.7818,0.6235
2024-03-02 19:49:00,medium_office,19.32,20.96,51.2,0.042,436.0,15.0,35.6,0.22,22.94,632.3,-0.889,0.4579,0.7818,0.6235
2024-03-02 19:50:00,medium_office,19.37,21.36,50.0,0.128,400.0,0.0,31.0,0.08,24.22,629.4,-0.887,0.4617,0.7818,0.6235
2024-03-02 19:51:00,medium_office,19.05,21.09,46.2,0.302,400.0,0.0,35.9,0.09,24.06,626.6,-0.885,0.4656,0.7818,0.6235
2024-03-02 19:52:00,medium_office,19.33,21.05,48.7,0.088,400.0,0.0,36.3,0.21,24.44,623.7,-0.8829,0.4695,0.7818,0.6235
2024-03-02 19:53:00,medium_office,19.36,20.7,55.5,0.024,402.0,0.0,38.0,0.28,23.29,620.8,-0.8809,0.4733,0.7818,0.6235
2024-03-02 19:54:00,medium_office,19.71,21.27,49.3,0.024,407.0,22.0,37.8,0.15,24.67,617.9,-0.8788,0.4772,0.7818,0.6235
2024-03-02 19:55:00,medium_office,19.73,21.17,47.8,0.082,400.0,22.0,34.4,0.26,23.7,614.9,-0.8767,0.481,0.7818,0.6235
2024-03-02 19:56:00,medium_office,19.28,21.12,47.3,0.547,412.0,0.0,29.8,0.11,23.43,612.0,-0.8746,0.4848,0.7818,0.6235
2024-03-02 19:57:00,medium_office,19.32,21.33,52.9,0.43,409.0,16.0,36.4,0.12,22.65,609.0,-0.8725,0.4886,0.7818,0.6235
2024-03-02 19:58:00,medium_office,19.59,21.56,51.1,0.156,400.0,0.0,30.1,0.21,21.69,606.0,-0.8704,0.4924,0.7818,0.6235
2024-03-02 19:59:00,medium_office,19.22,21.54,52.3,0.192,436.0,41.0,38.6,0.02,22.24,603.0,-0.8682,0.4962,0.7818,0.6235
2024-03-02 20:00:00,medium_office,19.58,21.49,50.0,0.094,400.0,0.0,32.8,0.04,24.05,600.0,-0.866,0.5,0.7818,0.6235
2024-03-02 20:01:00,medium_office,19.38,21.18,52.1,0.256,450.0,0.0,36.9,0.22,22.96,597.0,-0.8638,0.5038,0.7818,0.6235
2024-03-02 20:02:00,medium_office,19.12,21.05,47.9,0.018,413.0,27.0,33.0,0.07,22.25,593.9,-0.8616,0.5075,0.7818,0.6235
2024-03-02 20:03:00,medium_office,19.13,20.86,50.0,0.362,459.0,0.0,33.5,0.05,23.51,590.9,-0.8594,0.5113,0.7818,0.6235
2024-03-02 20:04:00,medium_office,19.86,21.05,50.3,0.053,435.0,0.0,32.6,0.03,24.24,587.8,-0.8572,0.515,0.7818,0.6235
2024-03-02 20:05:00,medium_office,19.39,21.3,52.5,0.271,407.0,10.0,37.1,0.07,24.4,584.7,-0.8549,0.5188,0.7818,0.6235
2024-03-02 20:06:00,medium_office,19.93,20.98,50.4,0.185,400.0,0.0,33.1,0.08,23.99,581.6,-0.8526,0.5225,0.7818,0.6235
2024-03-02 20:07:00,medium_office,19.29,21.34,48.6,0.071,400.0,2.0,37.3,0.1,23.99,578.5,-0.8504,0.5262,0.7818,0.6235
2024-03-02 20:08:00,medium_office,19.54,20.92,50.0,0.1,416.0,16.0,33.2,0.28,23.54,575.3,-0.848,0.5299,0.7818,0.6235
2024-03-02 20:09:00,medium_office,20.18,20.64,46.6,0.135,404.0,11.0,34.3,0.19,24.74,572.2,-0.8457,0.5336,0.7818,0.6235
2024-03-02 20:10:00,medium_office,19.15,21.64,45.3,0.117,400.0,0.0,35.1,0.21,23.96,569.0,-0.8434,0.5373,0.7818,0.6235
2024-03-02 20:11:00,medium_office,18.91,21.13,51.7,0.411,425.0,30.0,35.5,0.04,24.09,565.9,-0.841,0.541,0.7818,0.6235
2024-03-02 20:12:00,medium_office,19.87,20.99,49.3,0.176,401.0,0.0,32.2,0.06,25.24,562.7,-0.8387,0.5446,0.7818,0.6235
2024-03-02 20:13:00,medium_office,19.24,20.89,49.6,0.038,425.0,0.0,37.1,0.27,25.02,559.5,-0.8363,0.5483,0.7818,0.6235
2024-03-02 20:14:00,medium_office,19.49,21.5,51.8,0.432,400.0,0.0,34.2,0.19,24.08,556.3,-0.8339,0.5519,0.7818,0.6235
2024-03-02 20:15:00,medium_office,19.33,21.89,53.0,0.098,430.0,9.0,36.6,0.24,23.97,553.1,-0.8315,0.5556,0.7818,0.6235
2024-03-02 20:16:00,medium_office,19.59,21.18,51.3,0.024,415.0,0.0,35.0,0.11,23.99,549.8,-0.829,0.5592,0.7818,0.6235
2024-03-02 20:17:00,medium_office,19.24,21.26,54.1,0.023,436.0,37.0,36.8,0.17,22.33,546.6,-0.8266,0.5628,0.7818,0.6235
2024-03-02 20:18:00,medium_office,19.47,21.78,51.3,0.061,429.0,9.0,33.8,0.15,25.48,543.3,-0.8241,0.5664,0.7818,0.6235
2024-03-02 20:19:00,medium_office,19.67,20.63,51.0,0.001,400.0,2.0,32.6,0.06,23.73,540.1,-0.8216,0.57,0.7818,0.6235
2024-03-02 20:20:00,medium_office,19.24,22.15,50.9,0.107,400.0,8.0,36.3,0.25,25.3,536.8,-0.8192,0.5736,0.7818,0.6235
2024-03-02 20:21:00,medium_office,19.34,22.34,47.9,0.001,453.0,22.0,33.5,0.1,24.52,533.5,-0.8166,0.5771,0.7818,0.6235
2024-03-02 20:22:00,medium_office,19.45,20.29,52.4,0.06,400.0,7.0,39.4,0.14,25.9,530.2,-0.8141,0.5807,0.7818,0.6235
2024-03-02 20:23:00,medium_office,19.14,21.34,45.6,0.083,422.0,0.0,35.2,0.04,25.07,526.9,-0.8116,0.5842,0.7818,0.6235
2024-03-02 20:24:00,medium_office,19.45,21.09,49.4,0.079,400.0,33.0,30.9,0.19,25.49,523.6,-0.809,0.5878,0.7818,0.6235
2024-03-02 20:25:00,medium_office,19.62,21.28,50.7,0.304,400.0,4.0,33.2,0.24,24.01,520.3,-0.8064,0.5913,0.7818,0.6235
2024-03-02 20:26:00,medium_office,19.47,21.22,49.1,0.005,400.0,21.0,32.0,0.12,23.35,516.9,-0.8039,0.5948,0.7818,0.6235
2024-03-02 20:27:00,medium_office,19.51,21.72,49.8,0.159,412.0,0.0,38.2,0.29,24.82,513.6,-0.8013,0.5983,0.7818,0.6235
2024-03-02 20:28:00,medium_office,19.6,21.36,54.4,0.009,421.0,0.0,37.3,0.08,22.78,510.3,-0.7986,0.6018,0.7818,0.6235
2024-03-02 20:29:00,medium_office,19.42,21.04,53.0,0.262,412.0,0.0,34.8,0.26,24.27,506.9,-0.796,0.6053,0.7818,0.6235
2024-03-02 20:30:00,medium_office,19.83,21.34,49.5,0.023,434.0,0.0,35.9,0.22,23.58,503.5,-0.7934,0.6088,0.7818,0.6235
2024-03-02 20:31:00,medium_office,20.06,21.62,49.9,0.109,412.0,16.0,34.7,0.28,23.96,500.2,-0.7907,0.6122,0.7818,0.6235
2024-03-02 20:32:00,medium_office,19.5,20.95,48.4,0.213,400.0,39.0,37.6,0.22,25.42,496.8,-0.788,0.6157,0.7818,0.6235
2024-03-02 20:33:00,medium_office,19.79,20.77,52.4,0.27,418.0,9.0,36.6,0.15,25.39,493.4,-0.7853,0.6191,0.7818,0.6235
2024-03-02 20:34:00,medium_office,19.58,22.23,50.5,0.246,405.0,0.0,37.1,0.12,24.73,490.0,-0.7826,0.6225,0.7818,0.6235
2024-03-02 20:35:00,medium_office,19.77,21.18,47.1,0.099,400.0,0.0,34.4,0.25,25.25,486.6,-0.7799,0.6259,0.7818,0.6235
2024-03-02 20:36:00,medium_office,20.14,21.39,51.3,0.342,414.0,41.0,33.1,0.25,24.42,483.2,-0.7771,0.6293,0.7818,0.6235
2024-03-02 20:37:00,medium_office,19.83,21.29,52.0,0.263,402.0,0.0,37.0,0.18,27.42,479.7,-0.7744,0.6327,0.7818,0.6235
2024-03-02 20:38:00,medium_office,19.15,21.68,53.1,0.432,400.0,63.0,39.7,0.21,25.32,476.3,-0.7716,0.6361,0.7818,0.6235
2024-03-02 20:39:00,medium_office,19.83,22.17,51.1,0.153,400.0,56.0,38.3,0.14,24.46,472.9,-0.7688,0.6394,0.7818,0.6235
2024-03-02 20:40:00,medium_office,20.07,21.7,50.5,0.186,442.0,64.0,39.7,0.07,25.96,469.5,-0.766,0.6428,0.7818,0.6235
2024-03-02 20:41:00,medium_office,19.64,20.87,55.3,0.066,441.0,11.0,35.5,0.01,26.36,466.0,-0.7632,0.6461,0.7818,0.6235
2024-03-02 20:42:00,medium_office,20.02,20.93,51.4,0.051,406.0,0.0,32.1,0.2,24.38,462.6,-0.7604,0.6494,0.7818,0.6235
2024-03-02 20:43:00,medium_office,19.52,21.33,52.8,0.004,402.0,11.0,32.4,0.2,23.77,459.1,-0.7576,0.6528,0.7818,0.6235
2024-03-02 20:44:00,medium_office,19.29,21.38,50.4,0.089,400.0,27.0,39.1,0.2,24.0,455.7,-0.7547,0.6561,0.7818,0.6235
2024-03-02 20:45:00,medium_office,19.79,20.81,52.9,0.114,452.0,0.0,29.4,0.17,24.58,452.2,-0.7518,0.6593,0.7818,0.6235
2024-03-02 20:46:00,medium_office,19.23,21.83,48.6,0.032,431.0,0.0,39.5,0.1,25.23,448.7,-0.749,0.6626,0.7818,0.6235
2024-03-02 20:47:00,medium_office,19.69,21.07,50.6,0.014,423.0,0.0,32.6,0.07,23.69,445.3,-0.7461,0.6659,0.7818,0.6235
2024-03-02 20:48:00,medium_office,20.16,22.11,49.2,0.101,400.0,0.0,40.8,0.02,24.93,441.8,-0.7431,0.6691,0.7818,0.6235
2024-03-02 20:49:00,medium_office,19.21,22.25,50.4,0.142,401.0,37.0,34.8,0.04,25.17,438.3,-0.7402,0.6724,0.7818,0.6235
2024-03-02 20:50:00,medium_office,19.4,21.43,54.2,0.763,400.0,0.0,37.2,0.19,25.74,434.9,-0.7373,0.6756,0.7818,0.6235
2024-03-02 20:51:00,medium_office,19.49,21.71,50.5,0.224,420.0,3.0,42.2,0.23,26.06,431.4,-0.7343,0.6788,0.7818,0.6235
2024-03-02 20:52:00,medium_office,19.79,21.04,53.2,0.007,400.0,29.0,34.0,0.27,25.88,427.9,-0.7314,0.682,0.7818,0.6235
2024-03-02 20:53:00,medium_office,19.71,21.79,54.9,0.099,400.0,38.0,34.0,0.03,27.31,424.4,-0.7284,0.6852,0.7818,0.6235
2024-03-02 20:54:00,medium_office,20.24,21.35,51.8,0.008,419.0,6.0,32.9,0.24,26.64,420.9,-0.7254,0.6884,0.7818,0.6235
2024-03-02 20:55:00,medium_office,20.12,21.12,53.9,0.047,400.0,12.0,32.0,0.18,25.8,417.4,-0.7224,0.6915,0.7818,0.6235
2024-03-02 20:56:00,medium_office,19.99,21.45,53.0,0.061,400.0,0.0,34.0,0.09,24.64,414.0,-0.7193,0.6947,0.7818,0.6235
2024-03-02 20:57:00,medium_office,19.89,21.38,52.2,0.164,406.0,31.0,33.3,0.22,24.97,410.5,-0.7163,0.6978,0.7818,0.6235
2024-03-02 20:58:00,medium_office,19.98,21.44,53.5,0.261,440.0,38.0,31.2,0.3,24.25,407.0,-0.7133,0.7009,0.7818,0.6235
2024-03-02 20:59:00,medium_office,19.61,21.96,55.8,0.091,424.0,0.0,34.4,0.11,25.87,403.5,-0.7102,0.704,0.7818,0.6235
2024-03-02 21:00:00,medium_office,20.14,21.27,50.9,0.079,432.0,53.0,36.3,0.19,26.08,400.0,-0.7071,0.7071,0.7818,0.6235
2024-03-02 21:01:00,medium_office,19.55,22.29,50.3,0.126,402.0,0.0,32.3,0.08,26.67,396.5,-0.704,0.7102,0.7818,0.6235
2024-03-02 21:02:00,medium_office,20.15,21.07,50.2,0.042,445.0,18.0,34.5,0.06,26.08,393.0,-0.7009,0.7133,0.7818,0.6235
2024-03-02 21:03:00,medium_office,20.26,22.25,54.2,0.06,400.0,2.0,39.2,0.04,26.9,389.5,-0.6978,0.7163,0.7818,0.6235
2024-03-02 21:04:00,medium_office,19.98,21.2,54.6,0.144,461.0,0.0,30.7,0.01,26.96,386.0,-0.6947,0.7193,0.7818,0.6235
2024-03-02 21:05:00,medium_office,19.87,21.62,51.3,0.047,465.0,0.0,40.8,0.22,24.89,382.6,-0.6915,0.7224,0.7818,0.6235
2024-03-02 21:06:00,medium_office,20.06,21.43,48.1,0.009,414.0,0.0,33.0,0.04,25.43,379.1,-0.6884,0.7254,0.7818,0.6235
2024-03-02 21:07:00,medium_office,19.09,21.49,51.1,0.064,425.0,16.0,35.6,0.2,25.97,375.6,-0.6852,0.7284,0.7818,0.6235
2024-03-02 21:08:00,medium_office,20.04,21.96,53.6,0.054,400.0,0.0,38.8,0.26,25.31,372.1,-0.682,0.7314,0.7818,0.6235
2024-03-02 21:09:00,medium_office,19.93,22.24,52.4,0.04,400.0,0.0,39.8,0.25,25.81,368.6,-0.6788,0.7343,0.7818,0.6235
2024-03-02 21:10:00,medium_office,19.96,22.13,52.9,0.006,400.0,0.0,36.4,0.09,26.39,365.1,-0.6756,0.7373,0.7818,0.6235
2024-03-02 21:11:00,medium_office,20.19,21.49,51.5,0.526,400.0,0.0,32.9,0.04,26.0,361.7,-0.6724,0.7402,0.7818,0.6235
2024-03-02 21:12:00,medium_office,19.97,21.74,54.7,0.037,417.0,0.0,32.7,0.13,26.15,358.2,-0.6691,0.7431,0.7818,0.6235
2024-03-02 21:13:00,medium_office,19.66,21.36,53.4,0.154,413.0,15.0,33.3,0.05,25.24,354.7,-0.6659,0.7461,0.7818,0.6235
2024-03-02 21:14:00,medium_office,19.97,21.28,53.9,0.06,460.0,0.0,40.7,0.11,26.73,351.3,-0.6626,0.749,0.7818,0.6235
2024-03-02 21:15:00,medium_office,20.04,21.22,53.1,0.375,403.0,29.0,33.9,0.17,26.69,347.8,-0.6593,0.7518,0.7818,0.6235
2024-03-02 21:16:00,medium_office,20.07,21.51,53.9,0.016,400.0,0.0,36.0,0.19,25.53,344.3,-0.6561,0.7547,0.7818,0.6235
2024-03-02 21:17:00,medium_office,20.09,21.79,53.8,0.337,449.0,0.0,31.9,0.07,25.03,340.9,-0.6528,0.7576,0.7818,0.6235
2024-03-02 21:18:00,medium_office,20.36,20.94,51.0,0.009,400.0,1.0,31.5,0.07,27.59,337.4,-0.6494,0.7604,0.7818,0.6235
2024-03-02 21:19:00,medium_office,19.74,21.69,53.7,0.301,400.0,42.0,35.1,0.26,28.14,334.0,-0.6461,0.7632,0.7818,0.6235
2024-03-02 21:20:00,medium_office,20.12,22.32,54.6,0.217,408.0,0.0,34.0,0.28,26.66,330.5,-0.6428,0.766,0.7818,0.6235
2024-03-02 21:21:00,medium_office,20.47,22.17,55.3,0.109,413.0,50.0,34.2,0.19,26.1,327.1,-0.6394,0.7688,0.7818,0.6235
2024-03-02 21:22:00,medium_office,19.57,21.49,53.9,0.175,400.0,29.0,30.6,0.17,27.54,323.7,-0.6361,0.7716,0.7818,0.6235
2024-03-02 21:23:00,medium_office,20.16,21.18,51.2,0.019,400.0,0.0,34.8,0.2,27.0,320.3,-0.6327,0.7744,0.7818,0.6235
2024-03-02 21:24:00,medium_office,19.94,21.93,51.5,0.136,400.0,35.0,39.6,0.04,26.35,316.8,-0.6293,0.7771,0.7818,0.6235
2024-03-02 21:25:00,medium_office,20.01,20.82,52.3,0.289,419.0,0.0,32.4,0.27,27.56,313.4,-0.6259,0.7799,0.7818,0.6235
2024-03-02 21:26:00,medium_office,19.86,22.2,53.6,0.632,436.0,9.0,37.7,0.06,25.82,310.0,-0.6225,0.7826,0.7818,0.6235
2024-03-02 21:27:00,medium_office,20.09,21.68,53.0,0.012,400.0,0.0,25.0,0.2,25.97,306.6,-0.6191,0.7853,0.7818,0.6235
2024-03-02 21:28:00,medium_office,20.71,22.5,51.1,0.168,430.0,29.0,32.6,0.07,27.06,303.2,-0.6157,0.788,0.7818,0.6235
2024-03-02 21:29:00,medium_office,19.78,21.08,51.1,0.046,428.0,0.0,29.3,0.21,26.85,299.8,-0.6122,0.7907,0.7818,0.6235
2024-03-02 21:30:00,medium_office,19.82,22.15,49.2,0.055,400.0,0.0,38.7,0.23,27.41,296.5,-0.6088,0.7934,0.7818,0.6235
2024-03-02 21:31:00,medium_office,19.79,21.75,47.2,0.071,400.0,20.0,37.6,0.22,28.0,293.1,-0.6053,0.796,0.7818,0.6235
2024-03-02 21:32:00,medium_office,20.71,21.66,53.2,0.119,400.0,31.0,31.9,0.13,25.29,289.7,-0.6018,0.7986,0.7818,0.6235
2024-03-02 21:33:00,medium_office,20.07,21.26,58.2,0.45,400.0,0.0,35.9,0.18,26.91,286.4,-0.5983,0.8013,0.7818,0.6235
2024-03-02 21:34:00,medium_office,20.21,22.05,57.1,0.024,446.0,23.0,38.6,0.18,28.81,283.1,-0.5948,0.8039,0.7818,0.6235
2024-03-02 21:35:00,medium_office,20.11,22.09,51.6,0.173,400.0,0.0,39.1,0.22,26.35,279.7,-0.5913,0.8064,0.7818,0.6235
2024-03-02 21:36:00,medium_office,19.95,22.54,53.9,0.005,400.0,0.0,33.8,0.15,26.26,276.4,-0.5878,0.809,0.7818,0.6235
2024-03-02 21:37:00,medium_office,20.18,22.23,50.7,0.122,404.0,0.0,28.4,0.15,24.77,273.1,-0.5842,0.8116,0.7818,0.6235
2024-03-02 21:38:00,medium_office,21.0,21.6,51.1,0.022,400.0,25.0,32.3,0.21,27.15,269.8,-0.5807,0.8141,0.7818,0.6235
2024-03-02 21:39:00,medium_office,20.69,21.44,51.4,0.124,415.0,0.0,37.3,0.05,27.66,266.5,-0.5771,0.8166,0.7818,0.6235
2024-03-02 21:40:00,medium_office,20.02,21.31,53.3,0.171,400.0,0.0,41.3,0.2,27.69,263.2,-0.5736,0.8192,0.7818,0.6235
2024-03-02 21:41:00,medium_office,20.48,22.45,53.5,0.089,400.0,2.0,34.8,0.04,26.11,259.9,-0.57,0.8216,0.7818,0.6235
2024-03-02 21:42:00,medium_office,20.05,21.56,54.4,0.069,411.0,1.0,33.2,0.22,27.18,256.7,-0.5664,0.8241,0.7818,0.6235
2024-03-02 21:43:00,medium_office,19.78,22.47,55.2,0.104,453.0,19.0,42.2,0.12,27.44,253.4,-0.5628,0.8266,0.7818,0.6235
2024-03-02 21:44:00,medium_office,20.63,22.09,53.3,0.07,466.0,0.0,36.2,0.25,27.31,250.2,-0.5592,0.829,0.7818,0.6235
2024-03-02 21:45:00,medium_office,20.68,22.02,54.1,0.251,400.0,0.0,31.3,0.03,26.19,246.9,-0.5556,0.8315,0.7818,0.6235
2024-03-02 21:46:00,medium_office,20.66,21.77,51.8,0.176,400.0,4.0,34.6,0.14,27.4,243.7,-0.5519,0.8339,0.7818,0.6235
2024-03-02 21:47:00,medium_office,20.21,22.17,51.4,0.113,415.0,0.0,38.0,0.05,26.54,240.5,-0.5483,0.8363,0.7818,0.6235
2024-03-02 21:48:00,medium_office,20.32,21.9,51.1,0.128,435.0,0.0,34.8,0.26,25.52,237.3,-0.5446,0.8387,0.7818,0.6235
2024-03-02 21:49:00,medium_office,20.6,21.77,55.5,0.076,400.0,0.0,37.4,0.04,28.11,234.1,-0.541,0.841,0.7818,0.6235
2024-03-02 21:50:00,medium_office,20.51,22.2,53.5,0.023,403.0,0.0,30.2,0.15,27.6,231.0,-0.5373,0.8434,0.7818,0.6235
2024-03-02 21:51:00,medium_office,20.28,21.88,50.5,0.035,400.0,0.0,30.7,0.03,28.09,227.8,-0.5336,0.8457,0.7818,0.6235
2024-03-02 21:52:00,medium_office,19.92,21.62,54.1,0.098,400.0,0.0,32.8,0.24,27.0,224.7,-0.5299,0.848,0.7818,0.6235
2024-03-02 21:53:00,medium_office,20.46,22.19,51.8,0.013,400.0,0.0,34.2,0.08,28.19,221.5,-0.5262,0.8504,0.7818,0.6235
2024-03-02 21:54:00,medium_office,20.76,21.93,57.7,0.354,400.0,0.0,36.0,0.18,28.62,218.4,-0.5225,0.8526,0.7818,0.6235
2024-03-02 21:55:00,medium_office,20.08,22.16,53.2,0.212,402.0,9.0,36.9,0.05,29.39,215.3,-0.5188,0.8549,0.7818,0.6235
2024-03-02 21:56:00,medium_office,20.65,21.79,55.8,0.187,430.0,37.0,42.4,0.11,28.49,212.2,-0.515,0.8572,0.7818,0.6235
2024-03-02 21:57:00,medium_office,20.57,21.49,56.6,0.188,411.0,0.0,32.8,0.03,28.09,209.1,-0.5113,0.8594,0.7818,0.6235
2024-03-02 21:58:00,medium_office,20.7,22.68,52.6,0.014,428.0,19.0,34.1,0.17,26.36,206.1,-0.5075,0.8616,0.7818,0.6235
2024-03-02 21:59:00,medium_office,20.75,22.61,54.7,0.089,401.0,0.0,32.9,0.0,27.67,203.0,-0.5038,0.8638,0.7818,0.6235
2024-03-02 22:00:00,medium_office,20.29,22.35,55.7,0.337,400.0,16.0,38.2,0.3,26.39,200.0,-0.5,0.866,0.7818,0.6235
2024-03-02 22:01:00,medium_office,20.03,21.85,54.9,0.143,400.0,36.0,38.4,0.12,27.03,197.0,-0.4962,0.8682,0.7818,0.6235
2024-03-02 22:02:00,medium_office,20.36,21.9,55.4,0.17,421.0,0.0,33.7,0.19,29.84,194.0,-0.4924,0.8704,0.7818,0.6235
2024-03-02 22:03:00,medium_office,20.8,22.58,52.0,1.0,431.0,28.0,41.2,0.09,26.89,191.0,-0.4886,0.8725,0.7818,0.6235
2024-03-02 22:04:00,medium_office,20.38,21.89,55.8,0.011,400.0,0.0,32.9,0.08,25.61,188.0,-0.4848,0.8746,0.7818,0.6235
2024-03-02 22:05:00,medium_office,20.35,21.79,53.8,0.034,400.0,4.0,38.1,0.25,28.8,185.1,-0.481,0.8767,0.7818,0.6235
2024-03-02 22:06:00,medium_office,20.02,22.79,55.5,0.04,410.0,0.0,39.4,0.23,27.35,182.1,-0.4772,0.8788,0.7818,0.6235
2024-03-02 22:07:00,medium_office,21.11,22.03,56.7,0.109,414.0,1.0,30.9,0.19,28.82,179.2,-0.4733,0.8809,0.7818,0.6235
2024-03-02 22:08:00,medium_office,20.84,22.77,56.2,0.559,437.0,0.0,36.7,0.23,26.92,176.3,-0.4695,0.8829,0.7818,0.6235
2024-03-02 22:09:00,medium_office,20.83,21.51,55.6,0.068,400.0,13.0,26.8,0.05,27.7,173.4,-0.4656,0.885,0.7818,0.6235
2024-03-02 22:10:00,medium_office,20.91,22.28,56.3,0.449,400.0,48.0,37.5,0.28,29.36,170.6,-0.4617,0.887,0.7818,0.6235
2024-03-02 22:11:00,medium_office,20.8,22.91,56.4,0.003,423.0,0.0,31.7,0.14,26.87,167.7,-0.4579,0.889,0.7818,0.6235
2024-03-02 22:12:00,medium_office,20.56,22.1,58.0,0.186,400.0,6.0,36.7,0.26,28.06,164.9,-0.454,0.891,0.7818,0.6235
2024-03-02 22:13:00,medium_office,20.6,21.99,55.0,0.281,400.0,26.0,37.3,0.22,28.56,162.1,-0.4501,0.893,0.7818,0.6235
2024-03-02 22:14:00,medium_office,20.53,21.64,55.4,0.04,438.0,0.0,38.4,0.09,27.58,159.3,-0.4462,0.8949,0.7818,0.6235
2024-03-02 22:15:00,medium_office,21.46,22.55,57.0,0.043,400.0,41.0,37.7,0.17,28.58,156.5,-0.4423,0.8969,0.7818,0.6235
2024-03-02 22:16:00,medium_office,20.85,21.82,54.2,0.255,462.0,0.0,35.2,0.29,28.39,153.7,-0.4384,0.8988,0.7818,0.6235
2024-03-02 22:17:00,medium_office,20.56,22.09,52.6,0.082,400.0,0.0,33.9,0.01,28.94,151.0,-0.4344,0.9007,0.7818,0.6235
2024-03-02 22:18:00,medium_office,20.85,21.65,56.3,0.099,426.0,0.0,34.8,0.13,30.28,148.3,-0.4305,0.9026,0.7818,0.6235
2024-03-02 22:19:00,medium_office,20.42,22.77,54.9,0.145,400.0,4.0,31.7,0.19,31.15,145.6,-0.4266,0.9045,0.7818,0.6235
2024-03-02 22:20:00,medium_office,21.18,22.62,52.9,0.082,408.0,0.0,34.4,0.1,28.97,142.9,-0.4226,0.9063,0.7818,0.6235
2024-03-02 22:21:00,medium_office,20.55,22.15,56.4,0.154,400.0,19.0,34.1,0.1,28.43,140.2,-0.4187,0.9081,0.7818,0.6235
2024-03-02 22:22:00,medium_office,20.91,21.71,58.3,0.034,426.0,0.0,32.6,0.22,29.02,137.6,-0.4147,0.91,0.7818,0.6235
2024-03-02 22:23:00,medium_office,21.09,22.79,52.2,0.41,400.0,0.0,29.8,0.27,28.38,135.0,-0.4107,0.9118,0.7818,0.6235
2024-03-02 22:24:00,medium_office,20.9,22.04,57.5,0.356,400.0,14.0,31.2,0.16,27.06,132.3,-0.4067,0.9135,0.7818,0.6235
2024-03-02 22:25:00,medium_office,20.82,21.75,50.5,0.08,454.0,42.0,25.5,0.28,28.64,129.8,-0.4027,0.9153,0.7818,0.6235
2024-03-02 22:26:00,medium_office,20.81,21.5,54.8,0.021,401.0,19.0,34.1,0.03,29.8,127.2,-0.3987,0.9171,0.7818,0.6235
2024-03-02 22:27:00,medium_office,20.8,21.95,59.3,0.072,400.0,55.0,36.1,0.07,27.29,124.7,-0.3947,0.9188,0.7818,0.6235
2024-03-02 22:28:00,medium_office,20.65,21.64,55.0,0.048,400.0,17.0,27.0,0.03,27.8,122.1,-0.3907,0.9205,0.7818,0.6235
2024-03-02 22:29:00,medium_office,20.71,21.98,55.9,0.024,456.0,16.0,35.7,0.13,28.24,119.6,-0.3867,0.9222,0.7818,0.6235
2024-03-02 22:30:00,medium_office,21.3,22.53,57.2,0.124,400.0,20.0,34.6,0.19,29.23,117.2,-0.3827,0.9239,0.7818,0.6235
2024-03-02 22:31:00,medium_office,20.83,22.09,52.3,0.075,462.0,45.0,31.5,0.06,31.27,114.7,-0.3786,0.9255,0.7818,0.6235
2024-03-02 22:32:00,medium_office,20.64,22.39,55.9,0.138,412.0,37.0,33.7,0.13,28.12,112.3,-0.3746,0.9272,0.7818,0.6235
2024-03-02 22:33:00,medium_office,20.73,21.97,55.9,0.08,404.0,0.0,38.2,0.21,29.05,109.9,-0.3706,0.9288,0.7818,0.6235
2024-03-02 22:34:00,medium_office,21.23,22.29,59.6,0.569,405.0,24.0,32.1,0.19,29.0,107.5,-0.3665,0.9304,0.7818,0.6235
2024-03-02 22:35:00,medium_office,21.12,23.04,53.4,0.01,466.0,8.0,35.2,0.19,28.73,105.1,-0.3624,0.932,0.7818,0.6235
2024-03-02 22:36:00,medium_office,21.09,22.14,55.2,0.243,400.0,0.0,36.0,0.18,29.02,102.7,-0.3584,0.9336,0.7818,0.6235
2024-03-02 22:37:00,medium_office,20.86,22.45,54.1,0.077,406.0,0.0,32.5,0.3,28.63,100.4,-0.3543,0.9351,0.7818,0.6235
2024-03-02 22:38:00,medium_office,21.12,21.67,53.9,0.012,400.0,0.0,38.0,0.21,31.88,98.1,-0.3502,0.9367,0.7818,0.6235
2024-03-02 22:39:00,medium_office,20.77,22.92,58.3,0.193,400.0,0.0,36.2,0.27,29.92,95.8,-0.3461,0.9382,0.7818,0.6235
2024-03-02 22:40:00,medium_office,20.9,22.13,56.1,0.084,404.0,0.0,34.2,0.29,28.75,93.6,-0.342,0.9397,0.7818,0.6235
2024-03-02 22:41:00,medium_office,21.28,22.74,55.0,0.206,400.0,0.0,42.1,0.26,30.42,91.4,-0.3379,0.9412,0.7818,0.6235
2024-03-02 22:42:00,medium_office,21.26,22.28,55.1,0.138,406.0,21.0,38.0,0.03,29.53,89.1,-0.3338,0.9426,0.7818,0.6235
2024-03-02 22:43:00,medium_office,20.72,22.59,55.0,0.284,400.0,0.0,29.9,0.16,29.36,87.0,-0.3297,0.9441,0.7818,0.6235
2024-03-02 22:44:00,medium_office,20.77,22.62,55.2,0.087,400.0,3.0,33.8,0.11,29.16,84.8,-0.3256,0.9455,0.7818,0.6235
2024-03-02 22:45:00,medium_office,21.07,22.18,53.7,0.448,411.0,0.0,42.4,0.03,29.13,82.7,-0.3214,0.9469,0.7818,0.6235
2024-03-02 22:46:00,medium_office,21.57,22.8,55.7,0.079,421.0,9.0,32.1,0.17,28.19,80.5,-0.3173,0.9483,0.7818,0.6235
2024-03-02 22:47:00,medium_office,20.49,22.07,55.6,0.005,400.0,15.0,35.2,0.06,27.77,78.5,-0.3132,0.9497,0.7818,0.6235
2024-03-02 22:48:00,medium_office,21.16,22.69,54.8,0.796,456.0,0.0,38.7,0.17,29.85,76.4,-0.309,0.9511,0.7818,0.6235
2024-03-02 22:49:00,medium_office,20.67,22.23,56.7,0.081,440.0,0.0,37.0,0.25,29.32,74.4,-0.3049,0.9524,0.7818,0.6235
2024-03-02 22:50:00,medium_office,20.91,22.54,56.9,0.057,425.0,0.0,37.4,0.12,30.42,72.3,-0.3007,0.9537,0.7818,0.6235
2024-03-02 22:51:00,medium_office,21.0,22.22,55.3,0.037,425.0,15.0,37.2,0.28,28.69,70.3,-0.2965,0.955,0.7818,0.6235
2024-03-02 22:52:00,medium_office,21.0,22.44,56.2,0.069,401.0,5.0,35.1,0.23,28.52,68.4,-0.2924,0.9563,0.7818,0.6235
2024-03-02 22:53:00,medium_office,20.98,21.99,60.8,0.108,434.0,0.0,32.6,0.24,30.43,66.4,-0.2882,0.9576,0.7818,0.6235
2024-03-02 22:54:00,medium_office,21.15,22.53,60.8,0.066,447.0,0.0,36.3,0.03,29.39,64.5,-0.284,0.9588,0.7818,0.6235
2024-03-02 22:55:00,medium_office,21.0,22.46,54.5,0.117,424.0,10.0,33.8,0.28,30.57,62.6,-0.2798,0.96,0.7818,0.6235
2024-03-02 22:56:00,medium_office,20.73,22.23,54.8,0.074,400.0,10.0,33.6,0.01,29.79,60.8,-0.2756,0.9613,0.7818,0.6235
2024-03-02 22:57:00,medium_office,21.42,22.44,54.5,0.129,400.0,0.0,39.4,0.25,31.66,58.9,-0.2714,0.9625,0.7818,0.6235
2024-03-02 22:58:00,medium_office,21.42,22.52,58.8,0.016,417.0,0.0,33.9,0.01,30.58,57.1,-0.2672,0.9636,0.7818,0.6235
2024-03-02 22:59:00,medium_office,21.46,22.23,55.9,0.03,425.0,0.0,40.1,0.05,30.26,55.3,-0.263,0.9648,0.7818,0.6235
2024-03-02 23:00:00,medium_office,20.76,22.43,57.2,0.052,400.0,0.0,35.8,0.09,30.69,53.6,-0.2588,0.9659,0.7818,0.6235
2024-03-02 23:01:00,medium_office,21.33,22.09,60.8,0.065,400.0,62.0,34.5,0.22,29.65,51.9,-0.2546,0.967,0.7818,0.6235
2024-03-02 23:02:00,medium_office,21.45,23.44,56.8,0.064,448.0,0.0,29.5,0.27,28.31,50.2,-0.2504,0.9681,0.7818,0.6235
2024-03-02 23:03:00,medium_office,20.95,22.93,58.2,0.132,400.0,9.0,41.4,0.2,30.35,48.5,-0.2462,0.9692,0.7818,0.6235
2024-03-02 23:04:00,medium_office,21.28,22.63,57.9,0.719,400.0,14.0,35.0,0.22,31.96,46.8,-0.2419,0.9703,0.7818,0.6235
2024-03-02 23:05:00,medium_office,21.25,22.99,55.7,0.064,400.0,42.0,28.2,0.09,27.77,45.2,-0.2377,0.9713,0.7818,0.6235
2024-03-02 23:06:00,medium_office,21.85,21.74,59.0,0.404,400.0,0.0,38.0,0.29,30.56,43.6,-0.2334,0.9724,0.7818,0.6235
2024-03-02 23:07:00,medium_office,21.89,21.52,55.3,0.25,437.0,40.0,34.8,0.12,28.59,42.0,-0.2292,0.9734,0.7818,0.6235
2024-03-02 23:08:00,medium_office,20.83,22.39,59.7,0.287,438.0,0.0,32.2,0.27,30.13,40.5,-0.225,0.9744,0.7818,0.6235
2024-03-02 23:09:00,medium_office,22.09,22.01,55.8,0.072,400.0,75.0,37.8,0.23,30.27,39.0,-0.2207,0.9753,0.7818,0.6235
2024-03-02 23:10:00,medium_office,21.08,22.47,56.1,0.151,415.0,11.0,27.4,0.11,30.97,37.5,-0.2164,0.9763,0.7818,0.6235
2024-03-02 23:11:00,medium_office,21.66,22.66,54.9,0.204,400.0,0.0,32.9,0.1,30.47,36.0,-0.2122,0.9772,0.7818,0.6235
2024-03-02 23:12:00,medium_office,21.67,22.95,55.3,0.029,400.0,0.0,34.1,0.2,31.67,34.6,-0.2079,0.9781,0.7818,0.6235
2024-03-02 23:13:00,medium_office,21.09,22.14,56.3,0.319,467.0,40.0,37.6,0.28,31.49,33.2,-0.2036,0.979,0.7818,0.6235
2024-03-02 23:14:00,medium_office,21.55,22.76,52.3,0.063,441.0,2.0,41.7,0.2,30.16,31.8,-0.1994,0.9799,0.7818,0.6235
2024-03-02 23:15:00,medium_office,21.38,22.62,56.7,0.039,411.0,0.0,34.3,0.26,31.49,30.4,-0.1951,0.9808,0.7818,0.6235
2024-03-02 23:16:00,medium_office,21.59,22.76,56.2,0.263,400.0,22.0,36.4,0.29,30.11,29.1,-0.1908,0.9816,0.7818,0.6235
2024-03-02 23:17:00,medium_office,21.51,22.42,58.8,0.239,400.0,0.0,43.2,0.1,29.97,27.8,-0.1865,0.9825,0.7818,0.6235
2024-03-02 23:18:00,medium_office,21.81,23.19,58.1,0.18,400.0,0.0,35.0,0.16,29.29,26.6,-0.1822,0.9833,0.7818,0.6235
2024-03-02 23:19:00,medium_office,21.49,22.6,55.9,0.0,403.0,0.0,36.4,0.18,31.84,25.3,-0.1779,0.984,0.7818,0.6235
2024-03-02 23:20:00,medium_office,21.43,23.36,56.4,0.115,409.0,52.0,31.3,0.07,30.26,24.1,-0.1736,0.9848,0.7818,0.6235
2024-03-02 23:21:00,medium_office,21.82,22.35,56.9,0.032,400.0,0.0,40.9,0.24,28.17,22.9,-0.1693,0.9856,0.7818,0.6235
2024-03-02 23:22:00,medium_office,21.68,22.97,60.4,0.03,400.0,5.0,32.9,0.08,31.17,21.8,-0.165,0.9863,0.7818,0.6235
2024-03-02 23:23:00,medium_office,21.74,22.65,55.8,0.317,464.0,14.0,35.8,0.21,30.22,20.7,-0.1607,0.987,0.7818,0.6235
2024-03-02 23:24:00,medium_office,21.33,22.56,56.0,0.051,407.0,0.0,35.7,0.16,30.39,19.6,-0.1564,0.9877,0.7818,0.6235
2024-03-02 23:25:00,medium_office,21.23,22.95,55.2,0.138,414.0,0.0,35.3,0.25,30.49,18.5,-0.1521,0.9884,0.7818,0.6235
2024-03-02 23:26:00,medium_office,21.39,22.58,54.6,0.061,400.0,0.0,33.7,0.15,30.42,17.5,-0.1478,0.989,0.7818,0.6235
2024-03-02 23:27:00,medium_office,21.38,21.65,58.2,0.056,400.0,16.0,35.7,0.18,33.52,16.5,-0.1435,0.9897,0.7818,0.6235
2024-03-02 23:28:00,medium_office,21.82,21.5,58.0,0.106,400.0,0.0,40.3,0.05,32.48,15.5,-0.1392,0.9903,0.7818,0.6235
2024-03-02 23:29:00,medium_office,21.89,23.24,60.2,0.035,400.0,0.0,41.8,0.24,31.55,14.5,-0.1349,0.9909,0.7818,0.6235
2024-03-02 23:30:00,medium_office,21.56,23.23,59.7,0.443,421.0,12.0,34.5,0.12,31.13,13.6,-0.1305,0.9914,0.7818,0.6235
2024-03-02 23:31:00,medium_office,22.05,23.5,62.5,0.062,427.0,0.0,33.7,0.17,32.05,12.7,-0.1262,0.992,0.7818,0.6235
2024-03-02 23:32:00,medium_office,22.04,22.75,57.5,0.311,423.0,19.0,32.6,0.25,31.19,11.9,-0.1219,0.9925,0.7818,0.6235
2024-03-02 23:33:00,medium_office,21.72,22.25,57.2,0.065,430.0,0.0,43.1,0.14,31.8,11.1,-0.1175,0.9931,0.7818,0.6235
2024-03-02 23:34:00,medium_office,21.41,22.61,55.1,0.105,454.0,0.0,35.4,0.08,31.57,10.3,-0.1132,0.9936,0.7818,0.6235
2024-03-02 23:35:00,medium_office,22.15,22.79,59.2,0.005,412.0,2.0,38.3,0.08,31.18,9.5,-0.1089,0.9941,0.7818,0.6235
2024-03-02 23:36:00,medium_office,21.67,22.39,58.0,0.173,433.0,0.0,37.1,0.17,32.02,8.7,-0.1045,0.9945,0.7818,0.6235
2024-03-02 23:37:00,medium_office,21.74,23.46,59.1,0.336,415.0,0.0,41.6,0.09,30.69,8.0,-0.1002,0.995,0.7818,0.6235
2024-03-02 23:38:00,medium_office,21.61,23.7,55.6,0.298,400.0,0.0,34.3,0.1,31.2,7.3,-0.0958,0.9954,0.7818,0.6235
2024-03-02 23:39:00,medium_office,21.46,23.01,58.6,0.145,400.0,0.0,31.7,0.07,30.2,6.7,-0.0915,0.9958,0.7818,0.6235
2024-03-02 23:40:00,medium_office,21.3,22.82,58.3,0.023,400.0,21.0,40.6,0.13,30.34,6.1,-0.0872,0.9962,0.7818,0.6235
2024-03-02 23:41:00,medium_office,21.94,22.32,58.2,0.146,407.0,0.0,37.7,0.14,28.71,5.5,-0.0828,0.9966,0.7818,0.6235
2024-03-02 23:42:00,medium_office,21.53,23.46,56.6,0.06,400.0,0.0,36.4,0.16,31.73,4.9,-0.0785,0.9969,0.7818,0.6235
2024-03-02 23:43:00,medium_office,22.7,22.88,60.4,0.07,418.0,0.0,39.6,0.18,32.04,4.4,-0.0741,0.9973,0.7818,0.6235
2024-03-02 23:44:00,medium_office,21.46,22.74,62.1,0.337,429.0,3.0,36.5,0.18,32.42,3.9,-0.0698,0.9976,0.7818,0.6235
2024-03-02 23:45:00,medium_office,21.43,23.06,55.8,0.167,436.0,0.0,39.7,0.11,30.27,3.4,-0.0654,0.9979,0.7818,0.6235
2024-03-02 23:46:00,medium_office,21.97,22.64,59.5,0.093,449.0,12.0,35.7,0.27,31.84,3.0,-0.061,0.9981,0.7818,0.6235
2024-03-02 23:47:00,medium_office,22.29,22.95,52.3,0.553,400.0,17.0,37.7,0.15,31.43,2.6,-0.0567,0.9984,0.7818,0.6235
2024-03-02 23:48:00,medium_office,21.86,22.32,59.5,0.032,400.0,72.0,36.6,0.25,32.2,2.2,-0.0523,0.9986,0.7818,0.6235
2024-03-02 23:49:00,medium_office,22.03,23.34,54.4,0.09,488.0,35.0,34.0,0.17,30.84,1.8,-0.048,0.9988,0.7818,0.6235
2024-03-02 23:50:00,medium_office,21.32,22.87,57.1,0.025,430.0,0.0,34.4,0.11,31.19,1.5,-0.0436,0.999,0.7818,0.6235
2024-03-02 23:51:00,medium_office,21.68,23.39,55.6,0.271,407.0,0.0,33.8,0.22,30.0,1.2,-0.0393,0.9992,0.7818,0.6235
2024-03-02 23:52:00,medium_office,21.57,22.85,57.8,0.018,401.0,0.0,35.8,0.05,30.87,1.0,-0.0349,0.9994,0.7818,0.6235
2024-03-02 23:53:00,medium_office,21.34,22.88,59.9,0.35,400.0,17.0,33.6,0.29,31.62,0.7,-0.0305,0.9995,0.7818,0.6235
2024-03-02 23:54:00,medium_office,21.96,22.46,54.6,0.073,400.0,0.0,36.3,0.17,31.82,0.5,-0.0262,0.9997,0.7818,0.6235
2024-03-02 23:55:00,medium_office,21.26,23.26,57.6,0.014,400.0,0.0,36.2,0.03,30.0,0.4,-0.0218,0.9998,0.7818,0.6235
2024-03-02 23:56:00,medium_office,21.55,22.61,57.3,0.032,400.0,0.0,35.6,0.13,31.2,0.2,-0.0175,0.9998,0.7818,0.6235
2024-03-02 23:57:00,medium_office,21.8,22.78,61.5,0.174,400.0,0.0,35.7,0.21,31.9,0.1,-0.0131,0.9999,0.7818,0.6235
2024-03-02 23:58:00,medium_office,21.72,22.98,59.2,0.034,400.0,0.0,33.3,0.02,33.18,0.1,-0.0087,1.0,0.7818,0.6235
2024-03-02 23:59:00,medium_office,22.11,23.04,56.0,0.066,477.0,0.0,34.2,0.08,30.96,0.0,-0.0044,1.0,0.7818,0.6235
2024-03-03 00:00:00,medium_office,22.09,22.32,57.5,0.043,400.0,0.0,30.0,0.28,32.33,0.0,0.0,1.0,0.9749,-0.2225
2024-03-03 00:01:00,medium_office,22.28,22.92,61.6,0.251,408.0,29.0,34.6,0.11,31.3,0.0,0.0044,1.0,0.9749,-0.2225
2024-03-03 00:02:00,medium_office,22.25,23.34,59.9,0.137,407.0,14.0,32.0,0.05,31.45,0.1,0.0087,1.0,0.9749,-0.2225
2024-03-03 00:03:00,medium_office,22.38,22.87,56.6,0.258,418.0,0.0,35.3,0.03,31.05,0.1,0.0131,0.9999,0.9749,-0.2225
2024-03-03 00:04:00,medium_office,22.05,22.95,58.0,0.014,400.0,1.0,32.9,0.19,30.91,0.2,0.0175,0.9998,0.9749,-0.2225
2024-03-03 00:05:00,medium_office,22.16,23.11,58.1,0.059,437.0,0.0,28.8,0.17,31.51,0.4,0.0218,0.9998,0.9749,-0.2225
2024-03-03 00:06:00,medium_office,22.23,23.0,57.5,0.013,413.0,40.0,41.8,0.19,33.07,0.5,0.0262,0.9997,0.9749,-0.2225
2024-03-03 00:07:00,medium_office,22.13,22.65,55.2,0.082,400.0,48.0,34.3,0.29,31.29,0.7,0.0305,0.9995,0.9749,-0.2225
2024-03-03 00:08:00,medium_office,21.99,23.06,57.2,0.052,400.0,0.0,39.3,0.02,31.17,1.0,0.0349,0.9994,0.9749,-0.2225
2024-03-03 00:09:00,medium_office,22.02,23.48,61.4,0.001,400.0,0.0,33.4,0.06,32.32,1.2,0.0393,0.9992,0.9749,-0.2225
2024-03-03 00:10:00,medium_office,21.89,22.67,57.9,0.035,400.0,0.0,40.1,0.07,32.14,1.5,0.0436,0.999,0.9749,-0.2225
2024-03-03 00:11:00,medium_office,22.27,22.95,58.5,0.04,415.0,0.0,31.5,0.13,32.1,1.8,0.048,0.9988,0.9749,-0.2225
2024-03-03 00:12:00,medium_office,22.13,22.55,59.0,0.138,419.0,0.0,35.5,0.04,32.45,2.2,0.0523,0.9986,0.9749,-0.2225
2024-03-03 00:13:00,medium_office,21.97,23.49,63.1,0.004,415.0,41.0,31.7,0.12,31.22,2.6,0.0567,0.9984,0.9749,-0.2225
2024-03-03 00:14:00,medium_office,21.98,23.09,58.7,0.66,410.0,29.0,42.8,0.24,31.36,3.0,0.061,0.9981,0.9749,-0.2225
2024-03-03 00:15:00,medium_office,21.83,22.79,60.9,0.166,403.0,29.0,34.3,0.05,33.27,3.4,0.0654,0.9979,0.9749,-0.2225
2024-03-03 00:16:00,medium_office,22.5,23.18,57.6,0.197,400.0,5.0,37.5,0.27,32.17,3.9,0.0698,0.9976,0.9749,-0.2225
2024-03-03 00:17:00,medium_office,22.25,22.67,58.3,0.043,423.0,0.0,36.4,0.27,32.94,4.4,0.0741,0.9973,0.9749,-0.2225
2024-03-03 00:18:00,medium_office,21.98,22.74,58.8,0.087,415.0,0.0,34.9,0.15,33.6,4.9,0.0785,0.9969,0.9749,-0.2225
2024-03-03 00:19:00,medium_office,22.49,22.58,57.3,0.422,400.0,2.0,36.6,0.26,33.25,5.5,0.0828,0.9966,0.9749,-0.2225
2024-03-03 00:20:00,medium_office,22.09,22.75,58.4,0.119,408.0,0.0,39.1,0.21,31.06,6.1,0.0872,0.9962,0.9749,-0.2225
2024-03-03 00:21:00,medium_office,21.85,23.73,60.6,0.543,419.0,9.0,37.0,0.11,32.35,6.7,0.0915,0.9958,0.9749,-0.2225
2024-03-03 00:22:00,medium_office,22.59,22.9,57.3,0.019,435.0,24.0,35.5,0.17,33.53,7.3,0.0958,0.9954,0.9749,-0.2225
2024-03-03 00:23:00,medium_office,22.14,23.39,58.9,1.0,415.0,16.0,36.6,0.03,33.04,8.0,0.1002,0.995,0.9749,-0.2225
2024-03-03 00:24:00,medium_office,22.19,22.87,60.4,0.095,410.0,15.0,40.7,0.15,32.73,8.7,0.1045,0.9945,0.9749,-0.2225
2024-03-03 00:25:00,medium_office,22.34,23.52,57.3,0.014,428.0,0.0,33.7,0.25,30.94,9.5,0.1089,0.9941,0.9749,-0.2225
2024-03-03 00:26:00,medium_office,22.68,22.82,61.2,0.384,400.0,40.0,29.4,0.18,31.99,10.3,0.1132,0.9936,0.9749,-0.2225
2024-03-03 00:27:00,medium_office,22.36,23.25,59.1,0.038,412.0,0.0,31.7,0.11,32.7,11.1,0.1175,0.9931,0.9749,-0.2225
2024-03-03 00:28:00,medium_office,22.01,23.26,58.7,0.102,400.0,0.0,31.9,0.2,31.24,11.9,0.1219,0.9925,0.9749,-0.2225
2024-03-03 00:29:00,medium_office,22.54,24.18,55.0,0.017,433.0,19.0,32.4,0.29,33.48,12.7,0.1262,0.992,0.9749,-0.2225
2024-03-03 00:30:00,medium_office,22.25,23.51,58.3,0.087,400.0,11.0,32.5,0.02,32.6,13.6,0.1305,0.9914,0.9749,-0.2225
2024-03-03 00:31:00,medium_office,22.97,23.03,59.8,0.016,425.0,0.0,34.9,0.1,30.77,14.5,0.1349,0.9909,0.9749,-0.2225
2024-03-03 00:32:00,medium_office,22.42,23.55,62.6,0.055,401.0,0.0,35.7,0.05,32.21,15.5,0.1392,0.9903,0.9749,-0.2225
2024-03-03 00:33:00,medium_office,21.76,24.14,60.2,0.07,429.0,9.0,35.7,0.29,32.52,16.5,0.1435,0.9897,0.9749,-0.2225
2024-03-03 00:34:00,medium_office,22.55,22.64,61.4,0.259,400.0,15.0,32.8,0.16,32.7,17.5,0.1478,0.989,0.9749,-0.2225
2024-03-03 00:35:00,medium_office,23.04,22.97,56.7,0.058,403.0,0.0,38.0,0.04,34.28,18.5,0.1521,0.9884,0.9749,-0.2225
2024-03-03 00:36:00,medium_office,22.94,23.22,58.9,0.056,402.0,12.0,36.6,0.18,33.46,19.6,0.1564,0.9877,0.9749,-0.2225
2024-03-03 00:37:00,medium_office,23.03,23.15,61.6,0.104,413.0,0.0,39.7,0.15,31.55,20.7,0.1607,0.987,0.9749,-0.2225
2024-03-03 00:38:00,medium_office,22.19,23.2,57.4,0.019,400.0,19.0,37.5,0.02,31.45,21.8,0.165,0.9863,0.9749,-0.2225
2024-03-03 00:39:00,medium_office,22.78,22.82,61.1,0.088,419.0,0.0,34.0,0.26,32.7,22.9,0.1693,0.9856,0.9749,-0.2225
2024-03-03 00:40:00,medium_office,22.3,23.91,60.7,0.086,400.0,2.0,38.9,0.21,33.12,24.1,0.1736,0.9848,0.9749,-0.2225
2024-03-03 00:41:00,medium_office,22.6,22.79,59.8,0.167,400.0,0.0,35.8,0.0,34.02,25.3,0.1779,0.984,0.9749,-0.2225
2024-03-03 00:42:00,medium_office,22.16,23.28,58.6,0.017,400.0,35.0,37.4,0.29,34.78,26.6,0.1822,0.9833,0.9749,-0.2225
2024-03-03 00:43:00,medium_office,22.37,23.79,57.3,0.04,425.0,7.0,37.2,0.05,34.86,27.8,0.1865,0.9825,0.9749,-0.2225
2024-03-03 00:44:00,medium_office,22.37,23.37,62.8,0.257,412.0,0.0,34.6,0.0,32.66,29.1,0.1908,0.9816,0.9749,-0.2225
2024-03-03 00:45:00,medium_office,22.85,23.0,60.6,0.08,414.0,11.0,35.3,0.13,34.07,30.4,0.1951,0.9808,0.9749,-0.2225
2024-03-03 00:46:00,medium_office,22.84,22.86,60.0,0.086,444.0,64.0,34.6,0.04,33.58,31.8,0.1994,0.9799,0.9749,-0.2225
2024-03-03 00:47:00,medium_office,22.69,23.32,58.5,0.08,400.0,22.0,32.4,0.17,32.09,33.2,0.2036,0.979,0.9749,-0.2225
2024-03-03 00:48:00,medium_office,22.22,23.11,59.4,0.027,418.0,0.0,28.6,0.09,31.32,34.6,0.2079,0.9781,0.9749,-0.2225
2024-03-03 00:49:00,medium_office,22.54,23.51,59.7,0.262,402.0,0.0,32.9,0.06,33.38,36.0,0.2122,0.9772,0.9749,-0.2225
2024-03-03 00:50:00,medium_office,22.43,22.87,60.2,0.285,400.0,0.0,35.6,0.3,31.77,37.5,0.2164,0.9763,0.9749,-0.2225
2024-03-03 00:51:00,medium_office,22.92,23.77,60.9,0.09,439.0,20.0,38.3,0.1,32.44,39.0,0.2207,0.9753,0.9749,-0.2225
2024-03-03 00:52:00,medium_office,23.03,23.5,57.8,0.091,462.0,0.0,37.4,0.12,32.63,40.5,0.225,0.9744,0.9749,-0.2225
2024-03-03 00:53:00,medium_office,23.0,23.53,56.5,0.166,400.0,0.0,34.2,0.09,33.56,42.0,0.2292,0.9734,0.9749,-0.2225
2024-03-03 00:54:00,medium_office,22.47,24.04,59.6,0.412,425.0,43.0,33.0,0.25,34.65,43.6,0.2334,0.9724,0.9749,-0.2225
2024-03-03 00:55:00,medium_office,21.89,23.3,56.0,0.957,410.0,5.0,34.5,0.06,33.41,45.2,0.2377,0.9713,0.9749,-0.2225
2024-03-03 00:56:00,medium_office,22.2,23.19,58.8,0.026,410.0,0.0,32.1,0.04,32.88,46.8,0.2419,0.9703,0.9749,-0.2225
2024-03-03 00:57:00,medium_office,23.16,23.27,58.5,0.055,407.0,65.0,28.7,0.26,31.38,48.5,0.2462,0.9692,0.9749,-0.2225
2024-03-03 00:58:00,medium_office,22.63,23.42,60.5,0.065,400.0,53.0,30.4,0.06,33.93,50.2,0.2504,0.9681,0.9749,-0.2225
2024-03-03 00:59:00,medium_office,22.54,23.47,63.5,0.152,400.0,15.0,39.1,0.26,33.53,51.9,0.2546,0.967,0.9749,-0.2225
2024-03-03 01:00:00,medium_office,23.27,23.19,55.6,0.209,446.0,38.0,40.6,0.17,32.97,53.6,0.2588,0.9659,0.9749,-0.2225
2024-03-03 01:01:00,medium_office,23.17,22.72,64.1,0.107,400.0,0.0,37.3,0.25,34.71,55.3,0.263,0.9648,0.9749,-0.2225
2024-03-03 01:02:00,medium_office,22.81,23.31,59.1,0.016,400.0,22.0,34.8,0.02,32.38,57.1,0.2672,0.9636,0.9749,-0.2225
2024-03-03 01:03:00,medium_office,22.73,23.69,60.3,0.058,400.0,0.0,30.8,0.29,32.91,58.9,0.2714,0.9625,0.9749,-0.2225
2024-03-03 01:04:00,medium_office,22.79,23.61,56.7,0.239,400.0,0.0,34.5,0.09,33.38,60.8,0.2756,0.9613,0.9749,-0.2225
2024-03-03 01:05:00,medium_office,22.91,24.04,61.6,0.2,407.0,78.0,36.8,0.02,33.08,62.6,0.2798,0.96,0.9749,-0.2225
2024-03-03 01:06:00,medium_office,23.33,24.35,59.7,0.009,400.0,0.0,37.5,0.23,34.22,64.5,0.284,0.9588,0.9749,-0.2225
2024-03-03 01:07:00,medium_office,22.99,23.88,59.5,0.157,400.0,9.0,37.1,0.05,34.16,66.4,0.2882,0.9576,0.9749,-0.2225
2024-03-03 01:08:00,medium_office,23.09,24.14,55.8,0.163,404.0,9.0,38.6,0.11,34.77,68.4,0.2924,0.9563,0.9749,-0.2225
2024-03-03 01:09:00,medium_office,23.24,23.9,59.8,0.379,400.0,15.0,40.8,0.18,34.25,70.3,0.2965,0.955,0.9749,-0.2225
2024-03-03 01:10:00,medium_office,22.55,24.29,61.3,0.629,428.0,0.0,33.8,0.02,33.65,72.3,0.3007,0.9537,0.9749,-0.2225
2024-03-03 01:11:00,medium_office,23.14,24.35,59.2,0.001,400.0,0.0,43.4,0.06,33.45,74.4,0.3049,0.9524,0.9749,-0.2225
2024-03-03 01:12:00,medium_office,22.84,24.0,62.0,0.19,400.0,4.0,28.9,0.15,34.27,76.4,0.309,0.9511,0.9749,-0.2225
2024-03-03 01:13:00,medium_office,22.18,23.91,61.9,0.151,422.0,14.0,32.7,0.13,33.65,78.5,0.3132,0.9497,0.9749,-0.2225
2024-03-03 01:14:00,medium_office,22.31,23.55,58.4,0.001,400.0,0.0,35.6,0.17,33.91,80.5,0.3173,0.9483,0.9749,-0.2225
2024-03-03 01:15:00,medium_office,22.66,23.63,62.9,0.041,400.0,0.0,36.6,0.22,34.4,82.7,0.3214,0.9469,0.9749,-0.2225
2024-03-03 01:16:00,medium_office,23.14,23.52,59.8,0.129,400.0,0.0,34.5,0.11,34.05,84.8,0.3256,0.9455,0.9749,-0.2225
2024-03-03 01:17:00,medium_office,23.02,23.91,59.8,0.289,400.0,60.0,33.5,0.12,34.24,87.0,0.3297,0.9441,0.9749,-0.2225
2024-03-03 01:18:00,medium_office,23.06,23.38,59.9,0.487,400.0,16.0,41.6,0.08,33.17,89.1,0.3338,0.9426,0.9749,-0.2225
2024-03-03 01:19:00,medium_office,23.6,23.6,59.9,0.05,400.0,6.0,33.4,0.1,35.33,91.4,0.3379,0.9412,0.9749,-0.2225
2024-03-03 01:20:00,medium_office,22.65,22.74,54.5,0.096,400.0,0.0,31.9,0.02,32.9,93.6,0.342,0.9397,0.9749,-0.2225
2024-03-03 01:21:00,medium_office,23.03,24.38,59.4,0.186,423.0,0.0,40.1,0.17,34.47,95.8,0.3461,0.9382,0.9749,-0.2225
2024-03-03 01:22:00,medium_office,23.14,23.61,57.0,0.101,440.0,26.0,37.5,0.05,33.57,98.1,0.3502,0.9367,0.9749,-0.2225
2024-03-03 01:23:00,medium_office,22.84,23.89,63.0,0.186,400.0,0.0,38.3,0.21,35.16,100.4,0.3543,0.9351,0.9749,-0.2225
2024-03-03 01:24:00,medium_office,23.08,24.3,63.0,0.233,400.0,19.0,35.6,0.01,34.98,102.7,0.3584,0.9336,0.9749,-0.2225
2024-03-03 01:25:00,medium_office,22.61,23.84,61.5,0.29,430.0,0.0,30.9,0.02,34.12,105.1,0.3624,0.932,0.9749,-0.2225
2024-03-03 01:26:00,medium_office,23.52,24.31,59.3,0.186,447.0,46.0,35.3,0.09,35.7,107.5,0.3665,0.9304,0.9749,-0.2225
2024-03-03 01:27:00,medium_office,22.91,23.24,57.8,0.173,400.0,27.0,30.5,0.13,33.98,109.9,0.3706,0.9288,0.9749,-0.2225
2024-03-03 01:28:00,medium_office,23.73,24.71,58.5,0.061,424.0,0.0,35.7,0.21,35.07,112.3,0.3746,0.9272,0.9749,-0.2225
2024-03-03 01:29:00,medium_office,23.13,24.19,63.7,0.042,449.0,14.0,37.0,0.21,33.48,114.7,0.3786,0.9255,0.9749,-0.2225
2024-03-03 01:30:00,medium_office,23.46,23.85,58.5,0.355,400.0,22.0,38.2,0.29,34.64,117.2,0.3827,0.9239,0.9749,-0.2225
2024-03-03 01:31:00,medium_office,23.14,24.34,55.1,0.165,447.0,0.0,34.7,0.11,33.32,119.6,0.3867,0.9222,0.9749,-0.2225
2024-03-03 01:32:00,medium_office,23.16,23.31,61.9,0.167,400.0,50.0,37.2,0.02,34.29,122.1,0.3907,0.9205,0.9749,-0.2225
2024-03-03 01:33:00,medium_office,23.01,23.67,62.9,0.015,409.0,14.0,32.3,0.26,34.24,124.7,0.3947,0.9188,0.9749,-0.2225
2024-03-03 01:34:00,medium_office,23.23,24.38,63.2,0.192,400.0,0.0,37.9,0.22,35.2,127.2,0.3987,0.9171,0.9749,-0.2225
2024-03-03 01:35:00,medium_office,23.3,23.06,62.0,0.0,430.0,0.0,37.0,0.02,33.67,129.8,0.4027,0.9153,0.9749,-0.2225
2024-03-03 01:36:00,medium_office,22.98,24.04,62.3,0.058,425.0,30.0,32.6,0.03,37.43,132.3,0.4067,0.9135,0.9749,-0.2225
2024-03-03 01:37:00,medium_office,23.19,24.03,60.0,0.066,452.0,6.0,36.6,0.14,33.0,135.0,0.4107,0.9118,0.9749,-0.2225
2024-03-03 01:38:00,medium_office,23.06,24.62,55.7,0.22,443.0,14.0,38.3,0.1,34.63,137.6,0.4147,0.91,0.9749,-0.2225
2024-03-03 01:39:00,medium_office,23.95,23.2,60.0,0.059,400.0,1.0,35.2,0.18,34.71,140.2,0.4187,0.9081,0.9749,-0.2225
2024-03-03 01:40:00,medium_office,23.24,24.49,61.2,0.145,493.0,0.0,32.5,0.07,34.98,142.9,0.4226,0.9063,0.9749,-0.2225
2024-03-03 01:41:00,medium_office,23.74,23.63,59.6,0.157,441.0,15.0,35.5,0.29,33.95,145.6,0.4266,0.9045,0.9749,-0.2225
2024-03-03 01:42:00,medium_office,23.23,23.68,59.6,0.605,416.0,0.0,36.7,0.15,34.73,148.3,0.4305,0.9026,0.9749,-0.2225
2024-03-03 01:43:00,medium_office,23.38,23.38,58.0,0.347,400.0,0.0,32.5,0.23,33.94,151.0,0.4344,0.9007,0.9749,-0.2225
2024-03-03 01:44:00,medium_office,22.92,23.44,57.9,0.174,400.0,71.0,32.0,0.04,36.4,153.7,0.4384,0.8988,0.9749,-0.2225
2024-03-03 01:45:00,medium_office,23.19,24.05,63.6,0.037,400.0,26.0,36.6,0.19,33.91,156.5,0.4423,0.8969,0.9749,-0.2225
2024-03-03 01:46:00,medium_office,23.4,23.45,63.7,0.158,400.0,28.0,37.5,0.26,34.42,159.3,0.4462,0.8949,0.9749,-0.2225
2024-03-03 01:47:00,medium_office,23.83,24.2,59.9,0.105,441.0,82.0,41.4,0.01,33.92,162.1,0.4501,0.893,0.9749,-0.2225
2024-03-03 01:48:00,medium_office,23.43,23.64,60.5,0.01,415.0,12.0,37.0,0.16,33.8,164.9,0.454,0.891,0.9749,-0.2225
2024-03-03 01:49:00,medium_office,23.79,23.43,58.0,0.211,400.0,4.0,31.4,0.07,33.22,167.7,0.4579,0.889,0.9749,-0.2225
2024-03-03 01:50:00,medium_office,23.58,23.71,61.2,0.056,400.0,0.0,41.1,0.14,35.32,170.6,0.4617,0.887,0.9749,-0.2225
2024-03-03 01:51:00,medium_office,23.89,24.07,63.5,0.117,400.0,0.0,38.2,0.24,33.99,173.4,0.4656,0.885,0.9749,-0.2225
2024-03-03 01:52:00,medium_office,23.39,23.83,56.9,0.192,424.0,0.0,29.0,0.21,33.89,176.3,0.4695,0.8829,0.9749,-0.2225
2024-03-03 01:53:00,medium_office,24.14,23.96,60.9,0.313,400.0,24.0,31.9,0.23,33.74,179.2,0.4733,0.8809,0.9749,-0.2225
2024-03-03 01:54:00,medium_office,23.29,24.23,61.1,0.151,410.0,0.0,33.5,0.06,35.02,182.1,0.4772,0.8788,0.9749,-0.2225
2024-03-03 01:55:00,medium_office,23.21,24.39,61.0,0.414,409.0,27.0,37.5,0.25,34.76,185.1,0.481,0.8767,0.9749,-0.2225
2024-03-03 01:56:00,medium_office,23.09,23.85,63.3,0.006,400.0,0.0,27.9,0.18,34.78,188.0,0.4848,0.8746,0.9749,-0.2225
2024-03-03 01:57:00,medium_office,24.17,23.56,64.1,0.05,448.0,4.0,34.6,0.02,34.02,191.0,0.4886,0.8725,0.9749,-0.2225
2024-03-03 01:58:00,medium_office,23.72,24.02,59.5,0.257,400.0,0.0,37.3,0.26,35.23,194.0,0.4924,0.8704,0.9749,-0.2225
2024-03-03 01:59:00,medium_office,23.39,24.18,61.3,0.138,400.0,42.0,26.5,0.02,34.15,197.0,0.4962,0.8682,0.9749,-0.2225
2024-03-03 02:00:00,medium_office,23.87,23.42,60.2,0.075,426.0,36.0,37.2,0.01,34.9,200.0,0.5,0.866,0.9749,-0.2225
2024-03-03 02:01:00,medium_office,23.72,23.65,58.7,0.069,402.0,0.0,37.6,0.25,34.71,203.0,0.5038,0.8638,0.9749,-0.2225
2024-03-03 02:02:00,medium_office,24.11,23.73,60.5,0.213,412.0,0.0,32.5,0.0,33.18,206.1,0.5075,0.8616,0.9749,-0.2225
2024-03-03 02:03:00,medium_office,23.07,23.94,61.3,0.038,400.0,28.0,31.5,0.03,36.91,209.1,0.5113,0.8594,0.9749,-0.2225
2024-03-03 02:04:00,medium_office,23.47,23.73,60.4,0.355,424.0,0.0,32.4,0.01,35.48,212.2,0.515,0.8572,0.9749,-0.2225
2024-03-03 02:05:00,medium_office,23.42,24.32,58.2,0.077,465.0,0.0,27.0,0.26,35.1,215.3,0.5188,0.8549,0.9749,-0.2225
2024-03-03 02:06:00,medium_office,22.98,23.4,59.1,0.012,400.0,15.0,34.0,0.01,35.28,218.4,0.5225,0.8526,0.9749,-0.2225
2024-03-03 02:07:00,medium_office,23.9,23.42,59.1,0.179,411.0,37.0,35.7,0.11,37.01,221.5,0.5262,0.8504,0.9749,-0.2225
2024-03-03 02:08:00,medium_office,23.51,23.93,58.3,0.016,400.0,0.0,31.3,0.07,36.11,224.7,0.5299,0.848,0.9749,-0.2225
2024-03-03 02:09:00,medium_office,23.82,24.0,60.6,0.234,481.0,12.0,37.9,0.1,35.34,227.8,0.5336,0.8457,0.9749,-0.2225
2024-03-03 02:10:00,medium_office,24.32,23.49,60.8,0.075,437.0,0.0,35.3,0.09,34.3,231.0,0.5373,0.8434,0.9749,-0.2225
2024-03-03 02:11:00,medium_office,23.52,23.84,62.0,0.23,408.0,22.0,35.8,0.27,34.47,234.1,0.541,0.841,0.9749,-0.2225
2024-03-03 02:12:00,medium_office,23.51,23.93,58.3,0.149,400.0,33.0,33.8,0.23,33.24,237.3,0.5446,0.8387,0.9749,-0.2225
2024-03-03 02:13:00,medium_office,23.68,23.94,58.8,0.064,400.0,0.0,37.2,0.27,34.69,240.5,0.5483,0.8363,0.9749,-0.2225
2024-03-03 02:14:00,medium_office,23.95,24.16,63.1,0.133,422.0,0.0,38.9,0.22,35.74,243.7,0.5519,0.8339,0.9749,-0.2225
2024-03-03 02:15:00,medium_office,23.5,23.85,59.7,0.199,400.0,0.0,33.8,0.1,35.72,246.9,0.5556,0.8315,0.9749,-0.2225
2024-03-03 02:16:00,medium_office,23.49,24.71,60.1,0.026,400.0,28.0,37.3,0.06,35.72,250.2,0.5592,0.829,0.9749,-0.2225
2024-03-03 02:17:00,medium_office,24.01,24.32,59.6,0.143,400.0,0.0,37.3,0.16,34.61,253.4,0.5628,0.8266,0.9749,-0.2225
2024-03-03 02:18:00,medium_office,23.81,23.81,62.3,0.037,404.0,11.0,36.3,0.11,35.69,256.7,0.5664,0.8241,0.9749,-0.2225
2024-03-03 02:19:00,medium_office,23.1,24.18,62.3,0.021,411.0,23.0,40.0,0.19,35.98,259.9,0.57,0.8216,0.9749,-0.2225
2024-03-03 02:20:00,medium_office,23.35,24.2,62.2,0.264,400.0,0.0,32.8,0.01,32.94,263.2,0.5736,0.8192,0.9749,-0.2225
2024-03-03 02:21:00,medium_office,24.18,24.64,60.0,0.054,428.0,0.0,33.7,0.21,35.49,266.5,0.5771,0.8166,0.9749,-0.2225
2024-03-03 02:22:00,medium_office,23.86,23.92,58.2,0.395,400.0,30.0,32.7,0.09,37.28,269.8,0.5807,0.8141,0.9749,-0.2225
2024-03-03 02:23:00,medium_office,23.52,24.48,63.8,0.198,419.0,0.0,37.2,0.14,34.92,273.1,0.5842,0.8116,0.9749,-0.2225
2024-03-03 02:24:00,medium_office,23.71,24.19,61.7,0.022,406.0,0.0,34.2,0.29,32.71,276.4,0.5878,0.809,0.9749,-0.2225
2024-03-03 02:25:00,medium_office,23.78,24.78,59.1,0.087,418.0,0.0,32.9,0.06,34.43,279.7,0.5913,0.8064,0.9749,-0.2225
2024-03-03 02:26:00,medium_office,24.01,24.71,62.8,0.169,435.0,38.0,40.0,0.04,33.44,283.1,0.5948,0.8039,0.9749,-0.2225
2024-03-03 02:27:00,medium_office,23.39,24.28,58.9,0.285,400.0,48.0,40.4,0.06,34.64,286.4,0.5983,0.8013,0.9749,-0.2225
2024-03-03 02:28:00,medium_office,23.55,24.1,62.8,0.258,400.0,0.0,34.0,0.11,34.06,289.7,0.6018,0.7986,0.9749,-0.2225
2024-03-03 02:29:00,medium_office,23.9,24.41,62.9,0.142,400.0,0.0,30.9,0.16,36.23,293.1,0.6053,0.796,0.9749,-0.2225
2024-03-03 02:30:00,medium_office,23.8,24.15,58.1,0.396,400.0,32.0,40.6,0.29,36.1,296.5,0.6088,0.7934,0.9749,-0.2225
2024-03-03 02:31:00,medium_office,24.01,24.9,61.1,0.068,400.0,0.0,36.4,0.26,35.67,299.8,0.6122,0.7907,0.9749,-0.2225
2024-03-03 02:32:00,medium_office,23.48,24.26,61.5,0.06,400.0,7.0,36.3,0.21,36.57,303.2,0.6157,0.788,0.9749,-0.2225
2024-03-03 02:33:00,medium_office,23.96,24.08,65.2,0.077,400.0,0.0,35.3,0.22,34.79,306.6,0.6191,0.7853,0.9749,-0.2225
2024-03-03 02:34:00,medium_office,24.2,24.06,58.5,0.316,400.0,39.0,32.6,0.09,35.45,310.0,0.6225,0.7826,0.9749,-0.2225
2024-03-03 02:35:00,medium_office,24.02,23.77,62.8,0.305,446.0,42.0,33.8,0.28,37.58,313.4,0.6259,0.7799,0.9749,-0.2225
2024-03-03 02:36:00,medium_office,23.93,24.48,60.0,0.012,426.0,0.0,37.0,0.16,35.98,316.8,0.6293,0.7771,0.9749,-0.2225
2024-03-03 02:37:00,medium_office,23.87,23.94,57.5,0.297,400.0,5.0,33.7,0.05,35.99,320.3,0.6327,0.7744,0.9749,-0.2225
2024-03-03 02:38:00,medium_office,23.66,24.71,59.7,0.035,400.0,0.0,36.3,0.29,34.66,323.7,0.6361,0.7716,0.9749,-0.2225
2024-03-03 02:39:00,medium_office,23.9,23.76,59.9,0.065,412.0,0.0,35.0,0.15,35.02,327.1,0.6394,0.7688,0.9749,-0.2225
2024-03-03 02:40:00,medium_office,24.31,24.34,57.8,0.004,400.0,19.0,31.8,0.05,34.45,330.5,0.6428,0.766,0.9749,-0.2225
2024-03-03 02:41:00,medium_office,23.9,24.75,60.5,0.04,400.0,0.0,39.9,0.22,37.14,334.0,0.6461,0.7632,0.9749,-0.2225
2024-03-03 02:42:00,medium_office,23.68,23.44,61.8,0.038,400.0,6.0,36.8,0.07,33.92,337.4,0.6494,0.7604,0.9749,-0.2225
2024-03-03 02:43:00,medium_office,23.81,25.11,60.4,0.106,433.0,29.0,36.0,0.06,36.4,340.9,0.6528,0.7576,0.9749,-0.2225
2024-03-03 02:44:00,medium_office,24.03,24.14,58.8,0.074,435.0,45.0,36.7,0.08,36.08,344.3,0.6561,0.7547,0.9749,-0.2225
2024-03-03 02:45:00,medium_office,23.87,24.38,59.6,0.009,400.0,9.0,29.6,0.17,33.91,347.8,0.6593,0.7518,0.9749,-0.2225
2024-03-03 02:46:00,medium_office,24.13,24.55,59.9,0.321,414.0,4.0,33.5,0.09,36.67,351.3,0.6626,0.749,0.9749,-0.2225
2024-03-03 02:47:00,medium_office,24.15,24.62,60.3,0.274,400.0,0.0,30.4,0.01,35.28,354.7,0.6659,0.7461,0.9749,-0.2225
2024-03-03 02:48:00,medium_office,24.27,24.45,62.1,0.334,400.0,48.0,35.4,0.12,34.23,358.2,0.6691,0.7431,0.9749,-0.2225
2024-03-03 02:49:00,medium_office,24.44,24.74,60.4,0.074,400.0,15.0,36.0,0.07,35.92,361.7,0.6724,0.7402,0.9749,-0.2225
2024-03-03 02:50:00,medium_office,24.33,24.56,57.0,0.228,400.0,4.0,35.4,0.15,34.75,365.1,0.6756,0.7373,0.9749,-0.2225
2024-03-03 02:51:00,medium_office,23.76,25.06,58.7,0.024,435.0,3.0,38.5,0.14,35.38,368.6,0.6788,0.7343,0.9749,-0.2225
2024-03-03 02:52:00,medium_office,23.77,24.57,60.2,0.186,447.0,11.0,30.5,0.02,35.09,372.1,0.682,0.7314,0.9749,-0.2225
2024-03-03 02:53:00,medium_office,24.03,25.16,62.1,0.036,400.0,23.0,32.6,0.07,34.72,375.6,0.6852,0.7284,0.9749,-0.2225
2024-03-03 02:54:00,medium_office,23.93,24.74,62.4,0.262,400.0,27.0,36.2,0.08,34.43,379.1,0.6884,0.7254,0.9749,-0.2225
2024-03-03 02:55:00,medium_office,23.73,23.66,63.4,0.335,432.0,48.0,35.8,0.15,36.42,382.6,0.6915,0.7224,0.9749,-0.2225
2024-03-03 02:56:00,medium_office,23.95,25.43,60.1,0.031,436.0,7.0,31.1,0.25,35.96,386.0,0.6947,0.7193,0.9749,-0.2225
2024-03-03 02:57:00,medium_office,23.95,24.17,61.3,0.145,400.0,53.0,38.6,0.07,35.91,389.5,0.6978,0.7163,0.9749,-0.2225
2024-03-03 02:58:00,medium_office,23.9,25.0,56.9,0.172,400.0,32.0,39.6,0.05,35.29,393.0,0.7009,0.7133,0.9749,-0.2225
2024-03-03 02:59:00,medium_office,24.02,24.42,60.6,0.045,400.0,0.0,36.3,0.0,35.72,396.5,0.704,0.7102,0.9749,-0.2225
2024-03-03 03:00:00,medium_office,24.47,24.84,57.6,0.102,400.0,0.0,30.5,0.18,34.94,400.0,0.7071,0.7071,0.9749,-0.2225
2024-03-03 03:01:00,medium_office,24.19,24.14,59.6,0.328,412.0,3.0,35.5,0.1,34.93,403.5,0.7102,0.704,0.9749,-0.2225
2024-03-03 03:02:00,medium_office,24.88,24.68,65.8,0.177,400.0,47.0,36.0,0.2,37.41,407.0,0.7133,0.7009,0.9749,-0.2225
2024-03-03 03:03:00,medium_office,24.2,24.33,60.3,0.11,400.0,0.0,34.2,0.21,36.59,410.5,0.7163,0.6978,0.9749,-0.2225
2024-03-03 03:04:00,medium_office,24.07,25.07,58.0,0.172,400.0,2.0,39.0,0.01,35.15,414.0,0.7193,0.6947,0.9749,-0.2225
2024-03-03 03:05:00,medium_office,24.17,24.62,60.5,0.484,400.0,5.0,34.7,0.13,34.23,417.4,0.7224,0.6915,0.9749,-0.2225
2024-03-03 03:06:00,medium_office,24.25,24.83,58.7,0.01,400.0,28.0,41.3,0.29,34.03,420.9,0.7254,0.6884,0.9749,-0.2225
2024-03-03 03:07:00,medium_office,24.32,23.59,57.8,0.026,428.0,0.0,37.3,0.08,35.11,424.4,0.7284,0.6852,0.9749,-0.2225
2024-03-03 03:08:00,medium_office,24.82,24.43,63.9,0.275,400.0,0.0,35.8,0.16,35.86,427.9,0.7314,0.682,0.9749,-0.2225
2024-03-03 03:09:00,medium_office,23.95,24.63,61.8,0.172,464.0,17.0,37.8,0.16,35.88,431.4,0.7343,0.6788,0.9749,-0.2225
2024-03-03 03:10:00,medium_office,24.47,24.56,60.4,0.011,459.0,0.0,39.6,0.08,35.92,434.9,0.7373,0.6756,0.9749,-0.2225
2024-03-03 03:11:00,medium_office,24.28,24.86,58.9,0.016,400.0,0.0,37.7,0.23,36.11,438.3,0.7402,0.6724,0.9749,-0.2225
2024-03-03 03:12:00,medium_office,23.76,24.34,59.0,0.232,470.0,55.0,34.8,0.0,34.75,441.8,0.7431,0.6691,0.9749,-0.2225
2024-03-03 03:13:00,medium_office,24.47,24.51,62.7,0.107,428.0,28.0,33.0,0.07,37.3,445.3,0.7461,0.6659,0.9749,-0.2225
2024-03-03 03:14:00,medium_office,24.63,24.97,60.2,0.209,400.0,57.0,31.6,0.18,35.6,448.7,0.749,0.6626,0.9749,-0.2225
2024-03-03 03:15:00,medium_office,24.0,23.59,53.4,0.348,400.0,26.0,27.7,0.28,36.1,452.2,0.7518,0.6593,0.9749,-0.2225
2024-03-03 03:16:00,medium_office,24.26,24.75,64.4,0.074,421.0,20.0,35.5,0.0,35.16,455.7,0.7547,0.6561,0.9749,-0.2225
2024-03-03 03:17:00,medium_office,23.76,24.38,60.0,0.076,401.0,11.0,33.8,0.18,36.13,459.1,0.7576,0.6528,0.9749,-0.2225
2024-03-03 03:18:00,medium_office,23.9,24.16,60.3,0.038,413.0,0.0,34.0,0.0,37.91,462.6,0.7604,0.6494,0.9749,-0.2225
2024-03-03 03:19:00,medium_office,24.6,24.66,61.7,0.227,400.0,15.0,38.1,0.19,34.85,466.0,0.7632,0.6461,0.9749,-0.2225
2024-03-03 03:20:00,medium_office,24.16,25.02,60.5,0.003,400.0,0.0,34.7,0.12,34.73,469.5,0.766,0.6428,0.9749,-0.2225
2024-03-03 03:21:00,medium_office,23.97,24.95,61.0,0.464,400.0,0.0,40.7,0.13,34.99,472.9,0.7688,0.6394,0.9749,-0.2225
2024-03-03 03:22:00,medium_office,24.38,24.49,58.7,0.013,421.0,0.0,33.3,0.29,35.52,476.3,0.7716,0.6361,0.9749,-0.2225
2024-03-03 03:23:00,medium_office,24.17,24.9,57.0,0.258,400.0,39.0,32.1,0.2,35.34,479.7,0.7744,0.6327,0.9749,-0.2225
2024-03-03 03:24:00,medium_office,24.19,24.9,60.1,0.008,400.0,0.0,31.2,0.06,34.83,483.2,0.7771,0.6293,0.9749,-0.2225
2024-03-03 03:25:00,medium_office,24.56,24.52,62.3,0.017,400.0,0.0,37.2,0.3,35.83,486.6,0.7799,0.6259,0.9749,-0.2225
2024-03-03 03:26:00,medium_office,24.0,24.29,58.2,0.065,403.0,18.0,38.5,0.08,37.44,490.0,0.7826,0.6225,0.9749,-0.2225
2024-03-03 03:27:00,medium_office,24.08,24.32,58.0,0.079,400.0,0.0,33.2,0.21,35.74,493.4,0.7853,0.6191,0.9749,-0.2225
2024-03-03 03:28:00,medium_office,24.41,24.91,61.9,0.104,428.0,15.0,31.8,0.2,35.8,496.8,0.788,0.6157,0.9749,-0.2225
2024-03-03 03:29:00,medium_office,24.66,24.56,58.5,0.157,400.0,30.0,39.6,0.25,36.24,500.2,0.7907,0.6122,0.9749,-0.2225
2024-03-03 03:30:00,medium_office,24.75,24.17,58.6,0.175,400.0,14.0,30.6,0.12,36.55,503.5,0.7934,0.6088,0.9749,-0.2225
2024-03-03 03:31:00,medium_office,24.19,23.92,58.6,0.056,465.0,0.0,38.0,0.21,37.28,506.9,0.796,0.6053,0.9749,-0.2225
2024-03-03 03:32:00,medium_office,24.68,24.93,59.2,0.065,400.0,38.0,33.3,0.19,36.16,510.3,0.7986,0.6018,0.9749,-0.2225
2024-03-03 03:33:00,medium_office,24.17,24.38,56.2,0.02,400.0,22.0,36.2,0.13,35.92,513.6,0.8013,0.5983,0.9749,-0.2225
2024-03-03 03:34:00,medium_office,24.96,24.74,58.3,0.146,418.0,1.0,38.2,0.27,34.93,516.9,0.8039,0.5948,0.9749,-0.2225
2024-03-03 03:35:00,medium_office,24.08,25.11,59.8,0.029,400.0,0.0,36.4,0.08,36.67,520.3,0.8064,0.5913,0.9749,-0.2225
2024-03-03 03:36:00,medium_office,24.83,24.09,59.8,0.128,438.0,11.0,34.1,0.07,35.09,523.6,0.809,0.5878,0.9749,-0.2225
2024-03-03 03:37:00,medium_office,24.24,24.61,61.6,0.518,430.0,0.0,39.2,0.19,35.06,526.9,0.8116,0.5842,0.9749,-0.2225
2024-03-03 03:38:00,medium_office,25.05,24.56,63.0,0.029,416.0,0.0,35.9,0.06,36.14,530.2,0.8141,0.5807,0.9749,-0.2225
2024-03-03 03:39:00,medium_office,24.63,24.79,62.3,0.004,400.0,23.0,46.0,0.25,37.49,533.5,0.8166,0.5771,0.9749,-0.2225
2024-03-03 03:40:00,medium_office,24.15,25.13,61.1,0.359,400.0,21.0,29.9,0.1,36.68,536.8,0.8192,0.5736,0.9749,-0.2225
2024-03-03 03:41:00,medium_office,24.31,24.11,58.9,0.052,400.0,0.0,29.8,0.13,35.92,540.1,0.8216,0.57,0.9749,-0.2225
2024-03-03 03:42:00,medium_office,24.71,24.88,58.0,0.085,434.0,15.0,38.0,0.2,34.98,543.3,0.8241,0.5664,0.9749,-0.2225
2024-03-03 03:43:00,medium_office,24.8,25.07,59.2,0.099,432.0,53.0,34.9,0.27,37.48,546.6,0.8266,0.5628,0.9749,-0.2225
2024-03-03 03:44:00,medium_office,24.47,24.58,60.4,0.442,412.0,0.0,37.4,0.21,35.91,549.8,0.829,0.5592,0.9749,-0.2225
2024-03-03 03:45:00,medium_office,24.51,24.61,60.8,0.274,400.0,0.0,31.7,0.03,35.68,553.1,0.8315,0.5556,0.9749,-0.2225
2024-03-03 03:46:00,medium_office,24.73,24.84,60.4,0.003,445.0,0.0,35.2,0.1,36.53,556.3,0.8339,0.5519,0.9749,-0.2225
2024-03-03 03:47:00,medium_office,24.55,24.81,58.9,0.236,400.0,50.0,36.4,0.23,35.53,559.5,0.8363,0.5483,0.9749,-0.2225
2024-03-03 03:48:00,medium_office,24.13,24.91,60.7,0.181,454.0,34.0,33.4,0.27,35.22,562.7,0.8387,0.5446,0.9749,-0.2225
2024-03-03 03:49:00,medium_office,24.28,24.91,61.6,0.092,408.0,0.0,35.7,0.19,35.32,565.9,0.841,0.541,0.9749,-0.2225
2024-03-03 03:50:00,medium_office,24.6,24.29,60.8,0.29,415.0,10.0,30.9,0.18,35.32,569.0,0.8434,0.5373,0.9749,-0.2225
2024-03-03 03:51:00,medium_office,24.9,25.09,59.0,0.168,400.0,69.0,36.2,0.11,34.86,572.2,0.8457,0.5336,0.9749,-0.2225
2024-03-03 03:52:00,medium_office,25.03,25.16,57.4,0.096,442.0,0.0,39.3,0.14,34.75,575.3,0.848,0.5299,0.9749,-0.2225
2024-03-03 03:53:00,medium_office,24.78,24.78,57.3,0.045,418.0,0.0,31.3,0.13,36.96,578.5,0.8504,0.5262,0.9749,-0.2225
2024-03-03 03:54:00,medium_office,24.64,24.11,57.6,0.082,443.0,15.0,31.1,0.02,36.66,581.6,0.8526,0.5225,0.9749,-0.2225
2024-03-03 03:55:00,medium_office,24.79,24.66,59.5,0.287,405.0,0.0,38.6,0.01,35.17,584.7,0.8549,0.5188,0.9749,-0.2225
2024-03-03 03:56:00,medium_office,24.37,24.79,60.0,0.725,400.0,53.0,31.1,0.19,36.88,587.8,0.8572,0.515,0.9749,-0.2225
2024-03-03 03:57:00,medium_office,24.53,24.26,56.1,0.053,418.0,0.0,37.5,0.15,36.3,590.9,0.8594,0.5113,0.9749,-0.2225
2024-03-03 03:58:00,medium_office,24.34,24.58,57.9,0.098,443.0,0.0,35.2,0.07,35.67,593.9,0.8616,0.5075,0.9749,-0.2225
2024-03-03 03:59:00,medium_office,24.22,24.16,59.4,0.343,431.0,0.0,33.7,0.27,34.77,597.0,0.8638,0.5038,0.9749,-0.2225
2024-03-03 04:00:00,medium_office,24.7,24.97,57.1,0.309,404.0,20.0,39.4,0.06,36.34,600.0,0.866,0.5,0.9749,-0.2225
2024-03-03 04:01:00,medium_office,24.66,24.8,59.7,0.187,400.0,0.0,37.8,0.21,37.86,603.0,0.8682,0.4962,0.9749,-0.2225
2024-03-03 04:02:00,medium_office,24.82,24.08,58.2,0.03,424.0,9.0,35.8,0.24,36.01,606.0,0.8704,0.4924,0.9749,-0.2225
2024-03-03 04:03:00,medium_office,24.78,24.89,57.4,0.156,400.0,17.0,28.5,0.25,37.0,609.0,0.8725,0.4886,0.9749,-0.2225
2024-03-03 04:04:00,medium_office,24.7,24.73,58.9,0.01,401.0,0.0,37.1,0.25,35.79,612.0,0.8746,0.4848,0.9749,-0.2225
2024-03-03 04:05:00,medium_office,24.8,24.96,59.6,0.286,400.0,0.0,31.8,0.24,36.92,614.9,0.8767,0.481,0.9749,-0.2225
2024-03-03 04:06:00,medium_office,24.62,24.6,57.1,0.062,400.0,10.0,34.3,0.14,35.85,617.9,0.8788,0.4772,0.9749,-0.2225
2024-03-03 04:07:00,medium_office,24.77,24.44,58.3,0.09,411.0,21.0,35.0,0.19,33.59,620.8,0.8809,0.4733,0.9749,-0.2225
2024-03-03 04:08:00,medium_office,24.43,24.46,59.7,0.36,465.0,0.0,40.7,0.26,35.28,623.7,0.8829,0.4695,0.9749,-0.2225
2024-03-03 04:09:00,medium_office,24.77,24.55,57.2,0.412,400.0,5.0,34.2,0.13,36.13,626.6,0.885,0.4656,0.9749,-0.2225
2024-03-03 04:10:00,medium_office,24.86,24.78,55.4,0.079,423.0,0.0,30.7,0.2,37.08,629.4,0.887,0.4617,0.9749,-0.2225
2024-03-03 04:11:00,medium_office,24.47,24.84,55.6,0.056,471.0,22.0,39.4,0.05,35.84,632.3,0.889,0.4579,0.9749,-0.2225
2024-03-03 04:12:00,medium_office,24.69,24.71,57.8,0.024,426.0,16.0,37.2,0.17,36.03,635.1,0.891,0.454,0.9749,-0.2225
2024-03-03 04:13:00,medium_office,24.49,24.62,56.0,0.171,400.0,0.0,37.3,0.04,35.41,637.9,0.893,0.4501,0.9749,-0.2225
2024-03-03 04:14:00,medium_office,24.53,24.65,57.9,0.089,407.0,14.0,39.5,0.2,37.56,640.7,0.8949,0.4462,0.9749,-0.2225
2024-03-03 04:15:00,medium_office,24.35,25.8,61.9,0.03,414.0,0.0,40.2,0.11,37.49,643.5,0.8969,0.4423,0.9749,-0.2225
2024-03-03 04:16:00,medium_office,25.08,24.49,55.8,0.071,443.0,14.0,32.3,0.07,35.32,646.3,0.8988,0.4384,0.9749,-0.2225
2024-03-03 04:17:00,medium_office,25.02,24.58,58.0,0.244,436.0,14.0,30.8,0.11,34.47,649.0,0.9007,0.4344,0.9749,-0.2225
2024-03-03 04:18:00,medium_office,24.87,26.12,62.8,0.072,400.0,71.0,37.5,0.21,34.18,651.7,0.9026,0.4305,0.9749,-0.2225
2024-03-03 04:19:00,medium_office,25.31,24.98,59.3,0.208,400.0,0.0,34.2,0.27,36.59,654.4,0.9045,0.4266,0.9749,-0.2225
2024-03-03 04:20:00,medium_office,24.66,24.26,57.7,0.091,400.0,0.0,34.5,0.0,36.12,657.1,0.9063,0.4226,0.9749,-0.2225
2024-03-03 04:21:00,medium_office,25.63,25.15,58.1,0.125,400.0,0.0,31.6,0.05,35.2,659.8,0.9081,0.4187,0.9749,-0.2225
2024-03-03 04:22:00,medium_office,24.66,24.46,59.3,0.25,400.0,0.0,36.8,0.21,36.25,662.4,0.91,0.4147,0.9749,-0.2225
2024-03-03 04:23:00,medium_office,24.81,25.19,61.8,0.147,400.0,0.0,36.2,0.17,34.75,665.0,0.9118,0.4107,0.9749,-0.2225
2024-03-03 04:24:00,medium_office,24.62,24.74,57.3,0.02,400.0,20.0,34.5,0.1,36.77,667.7,0.9135,0.4067,0.9749,-0.2225
2024-03-03 04:25:00,medium_office,24.86,24.65,56.8,0.055,400.0,22.0,30.8,0.2,35.59,670.2,0.9153,0.4027,0.9749,-0.2225
2024-03-03 04:26:00,medium_office,25.0,25.48,55.6,0.209,400.0,9.0,38.6,0.26,34.89,672.8,0.9171,0.3987,0.9749,-0.2225
2024-03-03 04:27:00,medium_office,24.72,25.06,58.5,0.034,401.0,0.0,35.8,0.08,35.6,675.3,0.9188,0.3947,0.9749,-0.2225
2024-03-03 04:28:00,medium_office,25.29,25.23,55.5,0.086,410.0,0.0,38.4,0.15,35.56,677.9,0.9205,0.3907,0.9749,-0.2225
2024-03-03 04:29:00,medium_office,24.84,25.02,57.3,0.009,400.0,0.0,28.7,0.01,36.32,680.4,0.9222,0.3867,0.9749,-0.2225
2024-03-03 04:30:00,medium_office,24.85,24.67,56.4,0.165,441.0,0.0,35.2,0.28,37.12,682.8,0.9239,0.3827,0.9749,-0.2225
2024-03-03 04:31:00,medium_office,24.5,25.1,60.3,0.223,402.0,0.0,32.8,0.24,37.06,685.3,0.9255,0.3786,0.9749,-0.2225
2024-03-03 04:32:00,medium_office,24.91,25.34,57.1,0.102,400.0,41.0,35.1,0.15,36.11,687.7,0.9272,0.3746,0.9749,-0.2225
2024-03-03 04:33:00,medium_office,24.75,24.91,58.9,0.072,400.0,55.0,37.8,0.3,35.75,690.1,0.9288,0.3706,0.9749,-0.2225
2024-03-03 04:34:00,medium_office,24.61,25.58,54.9,0.021,400.0,0.0,36.1,0.07,35.37,692.5,0.9304,0.3665,0.9749,-0.2225
2024-03-03 04:35:00,medium_office,24.56,25.2,58.3,0.37,433.0,9.0,35.1,0.22,34.17,694.9,0.932,0.3624,0.9749,-0.2225
2024-03-03 04:36:00,medium_office,25.6,24.95,55.7,0.108,400.0,8.0,35.0,0.23,35.91,697.3,0.9336,0.3584,0.9749,-0.2225
2024-03-03 04:37:00,medium_office,24.73,24.97,57.2,0.198,418.0,6.0,30.3,0.25,35.07,699.6,0.9351,0.3543,0.9749,-0.2225
2024-03-03 04:38:00,medium_office,24.37,24.93,62.4,0.256,403.0,0.0,32.3,0.21,37.14,701.9,0.9367,0.3502,0.9749,-0.2225
2024-03-03 04:39:00,medium_office,24.61,24.38,59.8,0.108,460.0,31.0,38.4,0.06,35.71,704.2,0.9382,0.3461,0.9749,-0.2225
2024-03-03 04:40:00,medium_office,24.8,24.84,57.7,0.09,412.0,12.0,33.5,0.03,36.66,706.4,0.9397,0.342,0.9749,-0.2225
2024-03-03 04:41:00,medium_office,24.99,24.97,64.3,0.082,400.0,31.0,38.4,0.05,35.42,708.6,0.9412,0.3379,0.9749,-0.2225
2024-03-03 04:42:00,medium_office,24.99,24.72,56.1,0.19,422.0,0.0,37.5,0.26,35.22,710.9,0.9426,0.3338,0.9749,-0.2225
2024-03-03 04:43:00,medium_office,25.04,25.02,60.2,0.049,423.0,0.0,37.6,0.12,36.5,713.0,0.9441,0.3297,0.9749,-0.2225
2024-03-03 04:44:00,medium_office,24.64,24.9,54.8,0.158,400.0,13.0,36.0,0.16,36.16,715.2,0.9455,0.3256,0.9749,-0.2225
2024-03-03 04:45:00,medium_office,24.94,25.2,57.3,0.059,400.0,0.0,33.7,0.01,36.2,717.3,0.9469,0.3214,0.9749,-0.2225
2024-03-03 04:46:00,medium_office,24.58,25.16,55.1,0.423,416.0,32.0,34.5,0.15,35.78,719.5,0.9483,0.3173,0.9749,-0.2225
2024-03-03 04:47:00,medium_office,24.66,24.97,58.3,0.112,402.0,0.0,36.9,0.12,36.66,721.5,0.9497,0.3132,0.9749,-0.2225
2024-03-03 04:48:00,medium_office,24.58,24.36,57.9,0.341,400.0,0.0,28.6,0.16,36.51,723.6,0.9511,0.309,0.9749,-0.2225
2024-03-03 04:49:00,medium_office,24.5,25.62,57.1,0.15,408.0,0.0,38.7,0.11,33.68,725.6,0.9524,0.3049,0.9749,-0.2225
2024-03-03 04:50:00,medium_office,25.18,24.85,59.9,0.004,400.0,0.0,33.5,0.02,35.59,727.7,0.9537,0.3007,0.9749,-0.2225
2024-03-03 04:51:00,medium_office,25.07,24.88,56.5,0.277,400.0,8.0,34.7,0.01,36.86,729.7,0.955,0.2965,0.9749,-0.2225
2024-03-03 04:52:00,medium_office,25.16,24.78,58.3,0.012,400.0,12.0,34.8,0.28,34.82,731.6,0.9563,0.2924,0.9749,-0.2225
2024-03-03 04:53:00,medium_office,24.88,24.72,59.2,0.445,438.0,19.0,34.9,0.18,34.14,733.6,0.9576,0.2882,0.9749,-0.2225
2024-03-03 04:54:00,medium_office,25.11,25.54,54.6,0.083,436.0,23.0,31.1,0.19,35.68,735.5,0.9588,0.284,0.9749,-0.2225
2024-03-03 04:55:00,medium_office,24.35,25.47,56.0,0.666,428.0,0.0,35.5,0.27,36.33,737.4,0.96,0.2798,0.9749,-0.2225
2024-03-03 04:56:00,medium_office,25.14,25.1,57.6,0.175,408.0,63.0,36.8,0.17,35.35,739.2,0.9613,0.2756,0.9749,-0.2225
2024-03-03 04:57:00,medium_office,24.94,24.88,58.7,0.07,418.0,42.0,28.9,0.18,37.09,741.1,0.9625,0.2714,0.9749,-0.2225
2024-03-03 04:58:00,medium_office,25.08,25.17,60.3,0.346,403.0,0.0,31.1,0.16,37.63,742.9,0.9636,0.2672,0.9749,-0.2225
2024-03-03 04:59:00,medium_office,25.01,24.96,57.0,0.055,400.0,0.0,37.7,0.05,33.86,744.7,0.9648,0.263,0.9749,-0.2225
2024-03-03 05:00:00,medium_office,24.6,24.86,56.8,0.079,400.0,0.0,37.1,0.09,35.39,746.4,0.9659,0.2588,0.9749,-0.2225
2024-03-03 05:01:00,medium_office,24.45,25.07,55.6,0.0,400.0,11.0,35.9,0.27,33.48,748.1,0.967,0.2546,0.9749,-0.2225
2024-03-03 05:02:00,medium_office,24.69,24.76,58.0,0.019,442.0,0.0,33.0,0.13,36.42,749.8,0.9681,0.2504,0.9749,-0.2225
2024-03-03 05:03:00,medium_office,25.08,25.04,56.7,0.18,432.0,0.0,37.1,0.06,35.07,751.5,0.9692,0.2462,0.9749,-0.2225
2024-03-03 05:04:00,medium_office,25.12,25.02,56.7,0.01,400.0,0.0,31.4,0.25,35.26,753.2,0.9703,0.2419,0.9749,-0.2225
2024-03-03 05:05:00,medium_office,24.5,25.18,57.1,0.2,402.0,0.0,34.6,0.03,36.88,754.8,0.9713,0.2377,0.9749,-0.2225
2024-03-03 05:06:00,medium_office,24.62,24.7,58.3,0.134,400.0,32.0,31.1,0.19,34.39,756.4,0.9724,0.2334,0.9749,-0.2225
2024-03-03 05:07:00,medium_office,24.7,25.23,56.1,0.008,400.0,0.0,34.5,0.21,34.13,758.0,0.9734,0.2292,0.9749,-0.2225
2024-03-03 05:08:00,medium_office,24.82,24.59,55.6,0.406,400.0,0.0,31.9,0.09,33.43,759.5,0.9744,0.225,0.9749,-0.2225
2024-03-03 05:09:00,medium_office,24.52,24.72,58.0,0.006,442.0,8.0,37.3,0.05,36.96,761.0,0.9753,0.2207,0.9749,-0.2225
2024-03-03 05:10:00,medium_office,24.5,24.74,51.0,0.069,400.0,0.0,36.3,0.13,36.72,762.5,0.9763,0.2164,0.9749,-0.2225
2024-03-03 05:11:00,medium_office,24.69,24.53,55.9,0.228,406.0,1.0,33.3,0.23,35.38,764.0,0.9772,0.2122,0.9749,-0.2225
2024-03-03 05:12:00,medium_office,24.96,25.36,54.7,0.019,407.0,27.0,38.3,0.27,34.39,765.4,0.9781,0.2079,0.9749,-0.2225
2024-03-03 05:13:00,medium_office,24.58,24.57,59.4,0.11,400.0,9.0,32.1,0.24,36.49,766.8,0.979,0.2036,0.9749,-0.2225
2024-03-03 05:14:00,medium_office,24.91,24.68,56.1,0.173,403.0,29.0,34.9,0.03,38.4,768.2,0.9799,0.1994,0.9749,-0.2225
2024-03-03 05:15:00,medium_office,25.26,25.46,55.8,0.021,432.0,38.0,33.2,0.07,35.4,769.6,0.9808,0.1951,0.9749,-0.2225
2024-03-03 05:16:00,medium_office,24.55,24.74,56.8,0.064,444.0,20.0,37.2,0.19,34.42,770.9,0.9816,0.1908,0.9749,-0.2225
2024-03-03 05:17:00,medium_office,24.89,24.89,55.7,0.01,400.0,0.0,36.9,0.21,36.85,772.2,0.9825,0.1865,0.9749,-0.2225
2024-03-03 05:18:00,medium_office,25.26,24.56,56.0,0.015,400.0,0.0,38.9,0.0,34.47,773.4,0.9833,0.1822,0.9749,-0.2225
2024-03-03 05:19:00,medium_office,24.83,25.3,57.0,0.002,402.0,58.0,35.2,0.04,35.22,774.7,0.984,0.1779,0.9749,-0.2225
2024-03-03 05:20:00,medium_office,24.78,25.31,55.9,0.156,433.0,9.0,26.1,0.03,32.94,775.9,0.9848,0.1736,0.9749,-0.2225
2024-03-03 05:21:00,medium_office,25.31,25.27,55.9,0.072,411.0,5.0,33.7,0.1,35.27,777.1,0.9856,0.1693,0.9749,-0.2225
2024-03-03 05:22:00,medium_office,24.87,25.19,54.7,0.0,420.0,0.0,39.7,0.2,34.28,778.2,0.9863,0.165,0.9749,-0.2225
2024-03-03 05:23:00,medium_office,25.29,25.0,54.4,0.196,400.0,0.0,34.0,0.28,36.8,779.3,0.987,0.1607,0.9749,-0.2225
2024-03-03 05:24:00,medium_office,25.09,24.77,56.8,0.092,400.0,21.0,29.2,0.03,34.56,780.4,0.9877,0.1564,0.9749,-0.2225
2024-03-03 05:25:00,medium_office,24.86,24.65,57.2,0.145,400.0,0.0,36.3,0.15,36.3,781.5,0.9884,0.1521,0.9749,-0.2225
2024-03-03 05:26:00,medium_office,25.11,25.49,53.7,0.022,400.0,0.0,36.6,0.11,35.41,782.5,0.989,0.1478,0.9749,-0.2225
2024-03-03 05:27:00,medium_office,25.07,25.29,58.1,0.013,400.0,0.0,32.8,0.12,35.62,783.5,0.9897,0.1435,0.9749,-0.2225
2024-03-03 05:28:00,medium_office,25.28,24.7,58.0,0.106,440.0,36.0,34.3,0.02,36.01,784.5,0.9903,0.1392,0.9749,-0.2225
2024-03-03 05:29:00,medium_office,24.81,25.0,58.4,0.097,447.0,20.0,32.5,0.09,35.42,785.5,0.9909,0.1349,0.9749,-0.2225
2024-03-03 05:30:00,medium_office,24.99,24.86,57.1,0.285,404.0,16.0,36.6,0.08,34.81,786.4,0.9914,0.1305,0.9749,-0.2225
2024-03-03 05:31:00,medium_office,24.96,24.53,57.7,0.164,400.0,13.0,35.2,0.22,34.64,787.3,0.992,0.1262,0.9749,-0.2225
2024-03-03 05:32:00,medium_office,25.19,25.06,60.8,0.051,411.0,0.0,31.5,0.19,35.94,788.1,0.9925,0.1219,0.9749,-0.2225
2024-03-03 05:33:00,medium_office,24.67,24.82,55.8,0.156,456.0,8.0,35.0,0.19,33.52,788.9,0.9931,0.1175,0.9749,-0.2225
2024-03-03 05:34:00,medium_office,25.29,24.61,54.2,0.008,414.0,32.0,32.8,0.16,37.09,789.7,0.9936,0.1132,0.9749,-0.2225
2024-03-03 05:35:00,medium_office,25.12,24.4,53.2,0.208,436.0,0.0,39.4,0.1,35.53,790.5,0.9941,0.1089,0.9749,-0.2225
2024-03-03 05:36:00,medium_office,24.59,24.36,59.8,0.174,400.0,29.0,37.7,0.07,35.05,791.3,0.9945,0.1045,0.9749,-0.2225
2024-03-03 05:37:00,medium_office,25.35,24.84,59.8,0.043,400.0,16.0,34.6,0.0,35.64,792.0,0.995,0.1002,0.9749,-0.2225
2024-03-03 05:38:00,medium_office,25.66,24.96,54.3,0.08,400.0,25.0,35.2,0.04,34.76,792.7,0.9954,0.0958,0.9749,-0.2225
2024-03-03 05:39:00,medium_office,25.29,24.64,54.7,0.028,400.0,2.0,38.0,0.07,35.16,793.3,0.9958,0.0915,0.9749,-0.2225
2024-03-03 05:40:00,medium_office,25.42,25.25,55.5,0.393,468.0,27.0,34.5,0.29,34.2,793.9,0.9962,0.0872,0.9749,-0.2225
2024-03-03 05:41:00,medium_office,25.02,24.97,58.5,0.033,404.0,0.0,37.3,0.29,35.69,794.5,0.9966,0.0828,0.9749,-0.2225
2024-03-03 05:42:00,medium_office,24.49,25.22,53.5,0.088,426.0,1.0,39.4,0.23,35.22,795.1,0.9969,0.0785,0.9749,-0.2225
2024-03-03 05:43:00,medium_office,24.44,24.92,52.1,0.149,400.0,21.0,33.5,0.18,35.47,795.6,0.9973,0.0741,0.9749,-0.2225
2024-03-03 05:44:00,medium_office,25.07,24.68,60.3,0.001,400.0,9.0,39.9,0.2,36.75,796.1,0.9976,0.0698,0.9749,-0.2225
2024-03-03 05:45:00,medium_office,24.82,25.04,56.6,0.11,443.0,33.0,39.1,0.18,34.45,796.6,0.9979,0.0654,0.9749,-0.2225
2024-03-03 05:46:00,medium_office,24.72,24.49,56.8,0.164,400.0,0.0,35.7,0.19,35.11,797.0,0.9981,0.061,0.9749,-0.2225
2024-03-03 05:47:00,medium_office,24.98,25.21,55.5,0.693,410.0,0.0,33.7,0.07,33.58,797.4,0.9984,0.0567,0.9749,-0.2225
2024-03-03 05:48:00,medium_office,25.18,24.62,56.8,0.014,413.0,0.0,35.7,0.29,35.76,797.8,0.9986,0.0523,0.9749,-0.2225
2024-03-03 05:49:00,medium_office,24.56,25.36,52.8,0.037,402.0,0.0,34.3,0.23,35.18,798.2,0.9988,0.048,0.9749,-0.2225
2024-03-03 05:50:00,medium_office,24.86,24.86,54.1,0.044,400.0,16.0,32.6,0.07,35.2,798.5,0.999,0.0436,0.9749,-0.2225
2024-03-03 05:51:00,medium_office,25.45,25.42,55.9,0.335,400.0,23.0,36.6,0.15,35.01,798.8,0.9992,0.0393,0.9749,-0.2225
2024-03-03 05:52:00,medium_office,24.68,24.55,51.2,0.125,400.0,0.0,31.9,0.24,34.57,799.0,0.9994,0.0349,0.9749,-0.2225
2024-03-03 05:53:00,medium_office,25.26,24.73,55.1,0.027,424.0,35.0,34.0,0.27,37.63,799.3,0.9995,0.0305,0.9749,-0.2225
2024-03-03 05:54:00,medium_office,24.85,25.15,54.9,0.177,417.0,0.0,34.0,0.12,35.16,799.5,0.9997,0.0262,0.9749,-0.2225
2024-03-03 05:55:00,medium_office,25.16,25.47,55.0,0.007,400.0,0.0,30.9,0.15,35.4,799.6,0.9998,0.0218,0.9749,-0.2225
2024-03-03 05:56:00,medium_office,25.33,25.67,54.4,0.044,400.0,0.0,37.0,0.09,33.95,799.8,0.9998,0.0175,0.9749,-0.2225
2024-03-03 05:57:00,medium_office,25.22,25.02,53.5,0.139,463.0,13.0,34.3,0.11,35.96,799.9,0.9999,0.0131,0.9749,-0.2225
2024-03-03 05:58:00,medium_office,25.27,25.74,51.8,0.231,400.0,3.0,38.9,0.07,34.93,799.9,1.0,0.0087,0.9749,-0.2225
2024-03-03 05:59:00,medium_office,24.65,24.88,55.7,0.235,400.0,20.0,34.3,0.01,35.48,800.0,1.0,0.0044,0.9749,-0.2225
2024-03-03 06:00:00,medium_office,25.33,25.44,54.8,0.199,400.0,55.0,33.8,0.12,35.92,800.0,1.0,0.0,0.9749,-0.2225
2024-03-03 06:01:00,medium_office,24.74,24.62,52.6,0.196,400.0,12.0,32.3,0.14,34.9,800.0,1.0,-0.0044,0.9749,-0.2225
2024-03-03 06:02:00,medium_office,25.08,25.17,55.5,0.232,433.0,0.0,35.1,0.23,34.31,799.9,1.0,-0.0087,0.9749,-0.2225
2024-03-03 06:03:00,medium_office,25.08,24.06,54.7,0.021,419.0,14.0,35.1,0.16,32.64,799.9,0.9999,-0.0131,0.9749,-0.2225
2024-03-03 06:04:00,medium_office,25.15,24.55,54.3,0.265,401.0,58.0,37.2,0.1,34.57,799.8,0.9998,-0.0175,0.9749,-0.2225
2024-03-03 06:05:00,medium_office,25.1,25.19,50.9,0.115,415.0,20.0,35.2,0.14,34.25,799.6,0.9998,-0.0218,0.9749,-0.2225
2024-03-03 06:06:00,medium_office,24.75,24.47,56.5,0.133,414.0,28.0,41.3,0.24,33.77,799.5,0.9997,-0.0262,0.9749,-0.2225
2024-03-03 06:07:00,medium_office,24.59,25.17,52.7,0.11,463.0,0.0,36.4,0.14,36.35,799.3,0.9995,-0.0305,0.9749,-0.2225
2024-03-03 06:08:00,medium_office,25.26,25.36,55.2,0.039,408.0,12.0,32.0,0.17,35.87,799.0,0.9994,-0.0349,0.9749,-0.2225
2024-03-03 06:09:00,medium_office,25.05,24.8,53.5,0.098,400.0,0.0,31.8,0.05,33.03,798.8,0.9992,-0.0393,0.9749,-0.2225
2024-03-03 06:10:00,medium_office,25.34,24.61,54.3,0.048,406.0,0.0,36.6,0.0,35.0,798.5,0.999,-0.0436,0.9749,-0.2225
2024-03-03 06:11:00,medium_office,24.98,24.81,57.3,0.013,400.0,0.0,31.9,0.28,34.01,798.2,0.9988,-0.048,0.9749,-0.2225
2024-03-03 06:12:00,medium_office,24.57,24.61,56.0,0.096,400.0,3.0,36.8,0.08,35.18,797.8,0.9986,-0.0523,0.9749,-0.2225
2024-03-03 06:13:00,medium_office,25.29,24.96,57.2,0.132,433.0,0.0,37.7,0.1,33.99,797.4,0.9984,-0.0567,0.9749,-0.2225
2024-03-03 06:14:00,medium_office,24.88,25.04,55.5,0.001,418.0,6.0,37.8,0.03,34.23,797.0,0.9981,-0.061,0.9749,-0.2225
2024-03-03 06:15:00,medium_office,25.1,24.87,55.6,0.122,409.0,0.0,32.4,0.15,35.72,796.6,0.9979,-0.0654,0.9749,-0.2225
2024-03-03 06:16:00,medium_office,24.8,25.66,51.2,0.029,419.0,21.0,37.8,0.22,35.56,796.1,0.9976,-0.0698,0.9749,-0.2225
2024-03-03 06:17:00,medium_office,25.49,24.71,54.1,0.053,433.0,7.0,36.0,0.21,36.23,795.6,0.9973,-0.0741,0.9749,-0.2225
2024-03-03 06:18:00,medium_office,24.73,25.55,54.3,0.131,443.0,11.0,33.2,0.26,34.48,795.1,0.9969,-0.0785,0.9749,-0.2225
2024-03-03 06:19:00,medium_office,24.89,24.58,57.1,0.104,413.0,29.0,34.5,0.09,33.22,794.5,0.9966,-0.0828,0.9749,-0.2225
2024-03-03 06:20:00,medium_office,25.02,25.02,53.6,0.102,400.0,17.0,36.4,0.09,35.58,793.9,0.9962,-0.0872,0.9749,-0.2225
2024-03-03 06:21:00,medium_office,24.66,25.46,55.1,0.379,400.0,0.0,33.0,0.29,35.57,793.3,0.9958,-0.0915,0.9749,-0.2225
2024-03-03 06:22:00,medium_office,25.09,25.44,55.0,0.268,429.0,0.0,35.9,0.14,35.25,792.7,0.9954,-0.0958,0.9749,-0.2225
2024-03-03 06:23:00,medium_office,25.47,24.82,56.8,0.158,415.0,15.0,39.3,0.25,33.86,792.0,0.995,-0.1002,0.9749,-0.2225
2024-03-03 06:24:00,medium_office,24.84,25.21,54.2,0.262,405.0,0.0,37.9,0.18,33.51,791.3,0.9945,-0.1045,0.9749,-0.2225
2024-03-03 06:25:00,medium_office,25.1,25.16,56.1,0.018,400.0,0.0,35.2,0.05,35.1,790.5,0.9941,-0.1089,0.9749,-0.2225
2024-03-03 06:26:00,medium_office,24.16,24.77,51.0,0.271,429.0,11.0,35.7,0.29,33.66,789.7,0.9936,-0.1132,0.9749,-0.2225
2024-03-03 06:27:00,medium_office,24.97,25.23,51.1,0.09,400.0,40.0,33.4,0.1,34.21,788.9,0.9931,-0.1175,0.9749,-0.2225
2024-03-03 06:28:00,medium_office,24.88,25.73,49.8,0.134,400.0,55.0,33.5,0.19,37.41,788.1,0.9925,-0.1219,0.9749,-0.2225
2024-03-03 06:29:00,medium_office,24.73,25.17,55.9,0.111,400.0,0.0,30.4,0.08,36.61,787.3,0.992,-0.1262,0.9749,-0.2225
2024-03-03 06:30:00,medium_office,25.3,25.21,55.6,0.169,413.0,0.0,35.8,0.17,35.25,786.4,0.9914,-0.1305,0.9749,-0.2225
2024-03-03 06:31:00,medium_office,24.87,25.25,56.0,0.093,400.0,10.0,37.0,0.16,33.78,785.5,0.9909,-0.1349,0.9749,-0.2225
2024-03-03 06:32:00,medium_office,24.92,24.4,52.8,0.118,417.0,7.0,34.8,0.08,33.7,784.5,0.9903,-0.1392,0.9749,-0.2225
2024-03-03 06:33:00,medium_office,24.86,25.16,53.0,0.101,400.0,0.0,32.4,0.3,35.11,783.5,0.9897,-0.1435,0.9749,-0.2225
2024-03-03 06:34:00,medium_office,24.39,24.57,53.9,0.546,400.0,0.0,35.2,0.04,35.87,782.5,0.989,-0.1478,0.9749,-0.2225
2024-03-03 06:35:00,medium_office,24.63,24.74,56.9,0.037,427.0,18.0,39.0,0.13,33.84,781.5,0.9884,-0.1521,0.9749,-0.2225
2024-03-03 06:36:00,medium_office,25.25,25.84,57.4,0.077,400.0,0.0,37.7,0.01,33.88,780.4,0.9877,-0.1564,0.9749,-0.2225
2024-03-03 06:37:00,medium_office,24.33,24.87,55.6,0.127,427.0,0.0,34.9,0.2,34.4,779.3,0.987,-0.1607,0.9749,-0.2225
2024-03-03 06:38:00,medium_office,24.73,24.68,54.6,0.111,403.0,0.0,41.1,0.14,32.9,778.2,0.9863,-0.165,0.9749,-0.2225
2024-03-03 06:39:00,medium_office,24.84,25.43,56.6,0.03,400.0,0.0,43.1,0.17,32.91,777.1,0.9856,-0.1693,0.9749,-0.2225
2024-03-03 06:40:00,medium_office,25.48,24.59,53.3,0.16,441.0,21.0,33.6,0.21,33.07,775.9,0.9848,-0.1736,0.9749,-0.2225
2024-03-03 06:41:00,medium_office,25.18,24.79,53.0,0.073,409.0,0.0,34.3,0.23,34.77,774.7,0.984,-0.1779,0.9749,-0.2225
2024-03-03 06:42:00,medium_office,24.78,25.47,53.5,0.006,412.0,2.0,37.1,0.29,34.48,773.4,0.9833,-0.1822,0.9749,-0.2225
2024-03-03 06:43:00,medium_office,25.34,24.98,51.8,0.143,430.0,67.0,32.3,0.26,35.32,772.2,0.9825,-0.1865,0.9749,-0.2225
2024-03-03 06:44:00,medium_office,24.72,24.34,53.3,0.221,445.0,0.0,37.5,0.1,32.42,770.9,0.9816,-0.1908,0.9749,-0.2225
2024-03-03 06:45:00,medium_office,25.25,25.18,51.4,0.019,406.0,0.0,35.3,0.22,32.62,769.6,0.9808,-0.1951,0.9749,-0.2225
2024-03-03 06:46:00,medium_office,24.53,24.8,55.7,0.01,419.0,20.0,36.1,0.02,34.57,768.2,0.9799,-0.1994,0.9749,-0.2225
2024-03-03 06:47:00,medium_office,25.26,25.57,54.7,0.104,411.0,30.0,33.3,0.04,33.22,766.8,0.979,-0.2036,0.9749,-0.2225
2024-03-03 06:48:00,medium_office,24.81,24.71,56.4,0.004,400.0,12.0,32.6,0.14,33.27,765.4,0.9781,-0.2079,0.9749,-0.2225
2024-03-03 06:49:00,medium_office,24.62,25.37,50.2,0.179,400.0,54.0,29.0,0.14,35.06,764.0,0.9772,-0.2122,0.9749,-0.2225
2024-03-03 06:50:00,medium_office,24.86,25.66,57.3,0.201,406.0,10.0,39.5,0.15,33.47,762.5,0.9763,-0.2164,0.9749,-0.2225
2024-03-03 06:51:00,medium_office,25.01,24.61,50.3,0.131,441.0,0.0,37.8,0.14,33.57,761.0,0.9753,-0.2207,0.9749,-0.2225
2024-03-03 06:52:00,medium_office,24.77,24.87,51.0,0.126,417.0,3.0,37.0,0.19,33.73,759.5,0.9744,-0.225,0.9749,-0.2225
2024-03-03 06:53:00,medium_office,25.09,25.1,52.1,0.002,400.0,0.0,36.0,0.29,33.77,758.0,0.9734,-0.2292,0.9749,-0.2225
2024-03-03 06:54:00,medium_office,24.74,24.6,55.9,0.357,433.0,42.0,28.1,0.05,34.62,756.4,0.9724,-0.2334,0.9749,-0.2225
2024-03-03 06:55:00,medium_office,25.1,25.05,53.7,0.027,400.0,29.0,32.7,0.11,32.7,754.8,0.9713,-0.2377,0.9749,-0.2225
2024-03-03 06:56:00,medium_office,25.04,24.85,52.7,0.13,400.0,0.0,34.2,0.02,33.7,753.2,0.9703,-0.2419,0.9749,-0.2225
2024-03-03 06:57:00,medium_office,24.89,24.84,51.6,0.66,431.0,41.0,31.8,0.06,35.02,751.5,0.9692,-0.2462,0.9749,-0.2225
2024-03-03 06:58:00,medium_office,24.77,24.96,50.4,0.075,400.0,28.0,29.9,0.3,35.97,749.8,0.9681,-0.2504,0.9749,-0.2225
2024-03-03 06:59:00,medium_office,24.95,24.96,55.3,0.062,453.0,0.0,32.1,0.01,32.46,748.1,0.967,-0.2546,0.9749,-0.2225
2024-03-03 07:00:00,medium_office,25.06,25.0,54.6,0.196,434.0,0.0,35.1,0.06,34.12,746.4,0.9659,-0.2588,0.9749,-0.2225
2024-03-03 07:01:00,medium_office,25.51,24.69,55.7,0.043,400.0,42.0,35.1,0.13,33.57,744.7,0.9648,-0.263,0.9749,-0.2225
2024-03-03 07:02:00,medium_office,25.17,24.71,53.8,0.071,414.0,0.0,37.7,0.09,33.64,742.9,0.9636,-0.2672,0.9749,-0.2225
2024-03-03 07:03:00,medium_office,25.18,24.88,47.6,0.049,473.0,13.0,41.2,0.16,32.93,741.1,0.9625,-0.2714,0.9749,-0.2225
2024-03-03 07:04:00,medium_office,25.81,24.9,50.4,0.259,430.0,33.0,37.1,0.3,34.45,739.2,0.9613,-0.2756,0.9749,-0.2225
2024-03-03 07:05:00,medium_office,25.03,24.74,53.8,0.154,407.0,0.0,34.5,0.21,34.37,737.4,0.96,-0.2798,0.9749,-0.2225
2024-03-03 07:06:00,medium_office,25.02,25.05,52.1,0.087,487.0,19.0,40.4,0.12,36.17,735.5,0.9588,-0.284,0.9749,-0.2225
2024-03-03 07:07:00,medium_office,25.08,24.19,51.6,1.0,404.0,3.0,30.3,0.2,32.3,733.6,0.9576,-0.2882,0.9749,-0.2225
2024-03-03 07:08:00,medium_office,24.57,24.62,50.5,0.135,417.0,0.0,28.8,0.26,31.84,731.6,0.9563,-0.2924,0.9749,-0.2225
2024-03-03 07:09:00,medium_office,24.73,24.8,54.6,0.028,400.0,0.0,32.3,0.07,35.62,729.7,0.955,-0.2965,0.9749,-0.2225
2024-03-03 07:10:00,medium_office,24.71,24.56,53.5,0.195,400.0,21.0,37.4,0.22,33.49,727.7,0.9537,-0.3007,0.9749,-0.2225
2024-03-03 07:11:00,medium_office,25.05,25.56,53.6,0.406,400.0,0.0,35.5,0.18,33.06,725.6,0.9524,-0.3049,0.9749,-0.2225
2024-03-03 07:12:00,medium_office,24.8,24.91,51.3,0.172,401.0,0.0,31.6,0.22,33.68,723.6,0.9511,-0.309,0.9749,-0.2225
2024-03-03 07:13:00,medium_office,24.89,24.97,52.8,0.149,410.0,4.0,32.8,0.03,32.07,721.5,0.9497,-0.3132,0.9749,-0.2225
2024-03-03 07:14:00,medium_office,25.17,24.7,49.8,0.065,400.0,0.0,31.3,0.22,33.82,719.5,0.9483,-0.3173,0.9749,-0.2225
2024-03-03 07:15:00,medium_office,25.1,24.89,52.2,0.047,420.0,0.0,31.3,0.24,33.33,717.3,0.9469,-0.3214,0.9749,-0.2225
2024-03-03 07:16:00,medium_office,24.79,24.4,47.3,0.271,400.0,2.0,39.7,0.21,34.46,715.2,0.9455,-0.3256,0.9749,-0.2225
2024-03-03 07:17:00,medium_office,24.63,24.82,49.2,0.045,418.0,23.0,34.6,0.06,34.22,713.0,0.9441,-0.3297,0.9749,-0.2225
2024-03-03 07:18:00,medium_office,25.17,24.51,51.6,0.0,428.0,1.0,40.3,0.05,34.28,710.9,0.9426,-0.3338,0.9749,-0.2225
2024-03-03 07:19:00,medium_office,25.06,24.77,57.0,0.054,400.0,0.0,32.3,0.22,33.5,708.6,0.9412,-0.3379,0.9749,-0.2225
2024-03-03 07:20:00,medium_office,24.34,23.86,48.6,0.019,400.0,14.0,36.5,0.19,34.89,706.4,0.9397,-0.342,0.9749,-0.2225
2024-03-03 07:21:00,medium_office,24.72,24.43,49.7,0.167,446.0,31.0,35.7,0.3,33.84,704.2,0.9382,-0.3461,0.9749,-0.2225
2024-03-03 07:22:00,medium_office,24.86,25.46,52.5,0.048,426.0,66.0,37.6,0.14,32.7,701.9,0.9367,-0.3502,0.9749,-0.2225
2024-03-03 07:23:00,medium_office,25.04,25.2,55.6,0.113,405.0,43.0,35.8,0.07,32.4,699.6,0.9351,-0.3543,0.9749,-0.2225
2024-03-03 07:24:00,medium_office,25.07,25.39,52.4,0.014,444.0,0.0,38.0,0.23,32.48,697.3,0.9336,-0.3584,0.9749,-0.2225
2024-03-03 07:25:00,medium_office,24.88,25.42,53.4,0.453,402.0,26.0,36.7,0.22,33.74,694.9,0.932,-0.3624,0.9749,-0.2225
2024-03-03 07:26:00,medium_office,24.97,25.13,51.3,0.192,400.0,8.0,31.7,0.16,31.79,692.5,0.9304,-0.3665,0.9749,-0.2225
2024-03-03 07:27:00,medium_office,24.81,24.68,50.9,0.166,400.0,0.0,37.2,0.22,33.25,690.1,0.9288,-0.3706,0.9749,-0.2225
2024-03-03 07:28:00,medium_office,24.58,24.44,52.0,0.269,400.0,9.0,34.7,0.09,32.24,687.7,0.9272,-0.3746,0.9749,-0.2225
2024-03-03 07:29:00,medium_office,24.7,25.31,50.5,0.002,423.0,58.0,32.7,0.06,31.79,685.3,0.9255,-0.3786,0.9749,-0.2225
2024-03-03 07:30:00,medium_office,24.78,24.87,53.2,0.588,442.0,36.0,37.1,0.04,31.93,682.8,0.9239,-0.3827,0.9749,-0.2225
2024-03-03 07:31:00,medium_office,24.76,25.84,48.5,0.05,401.0,0.0,37.8,0.09,32.97,680.4,0.9222,-0.3867,0.9749,-0.2225
2024-03-03 07:32:00,medium_office,24.2,24.69,53.5,0.337,436.0,0.0,33.5,0.2,33.73,677.9,0.9205,-0.3907,0.9749,-0.2225
2024-03-03 07:33:00,medium_office,24.64,25.63,51.7,0.099,400.0,15.0,33.9,0.08,32.26,675.3,0.9188,-0.3947,0.9749,-0.2225
2024-03-03 07:34:00,medium_office,24.77,24.77,51.2,0.071,400.0,0.0,30.8,0.27,30.83,672.8,0.9171,-0.3987,0.9749,-0.2225
2024-03-03 07:35:00,medium_office,24.66,25.37,48.3,0.172,400.0,0.0,29.6,0.07,36.04,670.2,0.9153,-0.4027,0.9749,-0.2225
2024-03-03 07:36:00,medium_office,24.67,25.51,49.6,0.368,400.0,5.0,34.3,0.21,33.97,667.7,0.9135,-0.4067,0.9749,-0.2225
2024-03-03 07:37:00,medium_office,24.88,24.41,53.9,0.19,400.0,5.0,37.4,0.16,33.76,665.0,0.9118,-0.4107,0.9749,-0.2225
2024-03-03 07:38:00,medium_office,24.41,24.63,51.0,0.048,460.0,0.0,33.3,0.06,34.43,662.4,0.91,-0.4147,0.9749,-0.2225
2024-03-03 07:39:00,medium_office,24.24,24.4,51.9,0.034,413.0,12.0,39.3,0.17,32.86,659.8,0.9081,-0.4187,0.9749,-0.2225
2024-03-03 07:40:00,medium_office,24.61,24.32,49.6,0.069,400.0,33.0,34.4,0.29,32.61,657.1,0.9063,-0.4226,0.9749,-0.2225
2024-03-03 07:41:00,medium_office,24.94,25.08,51.2,0.173,452.0,0.0,34.4,0.28,34.07,654.4,0.9045,-0.4266,0.9749,-0.2225
2024-03-03 07:42:00,medium_office,25.21,24.73,48.5,0.104,400.0,2.0,34.1,0.09,34.03,651.7,0.9026,-0.4305,0.9749,-0.2225
2024-03-03 07:43:00,medium_office,24.94,24.82,51.4,0.176,400.0,17.0,37.9,0.16,33.27,649.0,0.9007,-0.4344,0.9749,-0.2225
2024-03-03 07:44:00,medium_office,24.26,25.02,51.9,0.312,460.0,13.0,32.1,0.05,33.51,646.3,0.8988,-0.4384,0.9749,-0.2225
2024-03-03 07:45:00,medium_office,24.62,24.05,51.8,0.016,400.0,0.0,34.6,0.14,31.36,643.5,0.8969,-0.4423,0.9749,-0.2225
2024-03-03 07:46:00,medium_office,24.76,25.3,49.3,0.104,473.0,0.0,33.4,0.1,32.31,640.7,0.8949,-0.4462,0.9749,-0.2225
2024-03-03 07:47:00,medium_office,24.73,24.65,50.4,0.167,424.0,0.0,33.3,0.28,34.25,637.9,0.893,-0.4501,0.9749,-0.2225
2024-03-03 07:48:00,medium_office,24.83,24.99,52.1,0.052,439.0,0.0,35.1,0.19,33.32,635.1,0.891,-0.454,0.9749,-0.2225
2024-03-03 07:49:00,medium_office,24.39,25.03,50.5,0.623,440.0,44.0,34.7,0.06,31.02,632.3,0.889,-0.4579,0.9749,-0.2225
2024-03-03 07:50:00,medium_office,24.68,25.32,50.3,0.167,400.0,19.0,38.2,0.3,31.93,629.4,0.887,-0.4617,0.9749,-0.2225
2024-03-03 07:51:00,medium_office,24.78,24.73,54.7,0.047,400.0,0.0,35.0,0.21,33.97,626.6,0.885,-0.4656,0.9749,-0.2225
2024-03-03 07:52:00,medium_office,24.9,23.92,48.9,0.03,400.0,0.0,36.7,0.04,32.85,623.7,0.8829,-0.4695,0.9749,-0.2225
2024-03-03 07:53:00,medium_office,24.4,24.78,52.9,0.517,400.0,34.0,35.5,0.24,32.55,620.8,0.8809,-0.4733,0.9749,-0.2225
2024-03-03 07:54:00,medium_office,24.53,24.84,48.4,0.183,400.0,0.0,39.2,0.17,32.55,617.9,0.8788,-0.4772,0.9749,-0.2225
2024-03-03 07:55:00,medium_office,23.82,24.34,52.0,0.072,400.0,26.0,34.1,0.12,32.23,614.9,0.8767,-0.481,0.9749,-0.2225
2024-03-03 07:56:00,medium_office,24.44,24.81,52.1,0.069,451.0,41.0,34.1,0.06,31.76,612.0,0.8746,-0.4848,0.9749,-0.2225
2024-03-03 07:57:00,medium_office,24.46,24.6,49.6,0.007,418.0,36.0,37.2,0.08,31.42,609.0,0.8725,-0.4886,0.9749,-0.2225
2024-03-03 07:58:00,medium_office,24.31,24.2,48.1,0.245,471.0,5.0,34.1,0.05,33.23,606.0,0.8704,-0.4924,0.9749,-0.2225
2024-03-03 07:59:00,medium_office,24.65,25.0,46.6,0.097,400.0,38.0,36.5,0.24,32.43,603.0,0.8682,-0.4962,0.9749,-0.2225
2024-03-03 08:00:00,medium_office,24.58,24.51,49.2,0.219,963.0,484.0,52.0,1.0,32.87,600.0,0.866,-0.5,0.9749,-0.2225
2024-03-03 08:01:00,medium_office,23.91,24.57,51.5,0.071,989.0,575.0,42.1,1.0,32.68,597.0,0.8638,-0.5038,0.9749,-0.2225
2024-03-03 08:02:00,medium_office,24.65,24.54,48.2,0.092,1045.0,507.0,49.6,1.0,33.51,593.9,0.8616,-0.5075,0.9749,-0.2225
2024-03-03 08:03:00,medium_office,24.3,25.21,50.5,0.066,997.0,534.0,43.5,1.0,32.53,590.9,0.8594,-0.5113,0.9749,-0.2225
2024-03-03 08:04:00,medium_office,24.72,24.7,47.3,0.006,956.0,489.0,49.0,1.0,32.87,587.8,0.8572,-0.515,0.9749,-0.2225
2024-03-03 08:05:00,medium_office,24.18,24.74,49.8,0.018,993.0,515.0,47.1,1.0,32.18,584.7,0.8549,-0.5188,0.9749,-0.2225
2024-03-03 08:06:00,medium_office,24.57,24.53,47.9,0.036,964.0,516.0,46.8,1.0,31.03,581.6,0.8526,-0.5225,0.9749,-0.2225
2024-03-03 08:07:00,medium_office,24.47,24.89,50.0,0.108,958.0,472.0,44.5,1.0,31.73,578.5,0.8504,-0.5262,0.9749,-0.2225
2024-03-03 08:08:00,medium_office,24.64,25.24,49.1,0.262,1060.0,471.0,44.2,1.0,32.51,575.3,0.848,-0.5299,0.9749,-0.2225
2024-03-03 08:09:00,medium_office,24.57,24.95,47.7,0.065,989.0,494.0,42.8,1.0,32.57,572.2,0.8457,-0.5336,0.9749,-0.2225
2024-03-03 08:10:00,medium_office,24.45,24.96,48.7,0.017,1005.0,533.0,45.0,1.0,33.31,569.0,0.8434,-0.5373,0.9749,-0.2225
2024-03-03 08:11:00,medium_office,24.06,24.92,48.1,0.077,997.0,445.0,44.4,1.0,31.37,565.9,0.841,-0.541,0.9749,-0.2225
2024-03-03 08:12:00,medium_office,24.07,24.13,47.3,0.001,992.0,489.0,45.6,1.0,32.03,562.7,0.8387,-0.5446,0.9749,-0.2225
2024-03-03 08:13:00,medium_office,24.33,24.32,52.1,0.046,975.0,539.0,40.8,1.0,31.64,559.5,0.8363,-0.5483,0.9749,-0.2225
2024-03-03 08:14:00,medium_office,24.5,24.59,49.1,0.028,991.0,463.0,45.1,1.0,33.36,556.3,0.8339,-0.5519,0.9749,-0.2225
2024-03-03 08:15:00,medium_office,24.31,24.37,45.4,0.295,1010.0,538.0,48.8,1.0,32.08,553.1,0.8315,-0.5556,0.9749,-0.2225
2024-03-03 08:16:00,medium_office,24.67,24.23,48.5,0.174,1043.0,466.0,47.8,1.0,32.07,549.8,0.829,-0.5592,0.9749,-0.2225
2024-03-03 08:17:00,medium_office,24.4,23.9,51.6,0.0,1028.0,473.0,45.1,1.0,31.61,546.6,0.8266,-0.5628,0.9749,-0.2225
2024-03-03 08:18:00,medium_office,24.18,24.11,48.2,0.043,963.0,496.0,52.7,1.0,31.39,543.3,0.8241,-0.5664,0.9749,-0.2225
2024-03-03 08:19:00,medium_office,24.38,24.54,52.6,0.031,1030.0,556.0,43.3,1.0,30.13,540.1,0.8216,-0.57,0.9749,-0.2225
2024-03-03 08:20:00,medium_office,24.53,24.61,47.9,0.027,1014.0,481.0,44.7,1.0,30.29,536.8,0.8192,-0.5736,0.9749,-0.2225
2024-03-03 08:21:00,medium_office,24.55,24.32,50.6,0.035,981.0,448.0,40.6,1.0,31.7,533.5,0.8166,-0.5771,0.9749,-0.2225
2024-03-03 08:22:00,medium_office,25.01,24.66,51.6,0.031,1005.0,458.0,43.8,1.0,31.54,530.2,0.8141,-0.5807,0.9749,-0.2225
2024-03-03 08:23:00,medium_office,24.23,24.45,50.4,0.298,1017.0,528.0,50.4,1.0,31.64,526.9,0.8116,-0.5842,0.9749,-0.2225
2024-03-03 08:24:00,medium_office,24.41,25.05,46.7,0.056,1001.0,459.0,43.9,1.0,32.37,523.6,0.809,-0.5878,0.9749,-0.2225
2024-03-03 08:25:00,medium_office,24.55,24.55,47.5,0.081,1014.0,536.0,40.4,1.0,31.49,520.3,0.8064,-0.5913,0.9749,-0.2225
2024-03-03 08:26:00,medium_office,24.4,24.89,51.7,0.004,974.0,502.0,47.6,1.0,31.01,516.9,0.8039,-0.5948,0.9749,-0.2225
2024-03-03 08:27:00,medium_office,24.25,24.68,47.7,0.187,1060.0,499.0,46.2,1.0,31.12,513.6,0.8013,-0.5983,0.9749,-0.2225
2024-03-03 08:28:00,medium_office,23.93,24.04,51.2,0.187,942.0,509.0,47.5,1.0,31.54,510.3,0.7986,-0.6018,0.9749,-0.2225
2024-03-03 08:29:00,medium_office,24.23,24.56,48.3,0.038,1017.0,476.0,44.1,1.0,30.89,506.9,0.796,-0.6053,0.9749,-0.2225
2024-03-03 08:30:00,medium_office,24.06,24.09,49.4,0.292,1011.0,504.0,42.0,1.0,32.3,503.5,0.7934,-0.6088,0.9749,-0.2225
2024-03-03 08:31:00,medium_office,23.85,24.54,46.3,0.006,1019.0,464.0,44.4,1.0,31.19,500.2,0.7907,-0.6122,0.9749,-0.2225
2024-03-03 08:32:00,medium_office,24.13,24.28,47.9,0.198,979.0,540.0,46.7,1.0,31.42,496.8,0.788,-0.6157,0.9749,-0.2225
2024-03-03 08:33:00,medium_office,24.04,24.72,47.3,0.312,1035.0,469.0,44.8,1.0,30.32,493.4,0.7853,-0.6191,0.9749,-0.2225
2024-03-03 08:34:00,medium_office,24.52,24.03,49.4,0.256,997.0,513.0,46.2,1.0,32.17,490.0,0.7826,-0.6225,0.9749,-0.2225
2024-03-03 08:35:00,medium_office,24.52,24.57,49.1,0.258,964.0,469.0,43.4,1.0,32.51,486.6,0.7799,-0.6259,0.9749,-0.2225
2024-03-03 08:36:00,medium_office,24.06,24.78,49.8,0.594,967.0,484.0,46.3,1.0,29.68,483.2,0.7771,-0.6293,0.9749,-0.2225
2024-03-03 08:37:00,medium_office,24.25,24.91,47.9,0.113,1004.0,489.0,45.0,1.0,31.41,479.7,0.7744,-0.6327,0.9749,-0.2225
2024-03-03 08:38:00,medium_office,23.76,24.24,47.0,0.064,952.0,589.0,42.9,1.0,30.87,476.3,0.7716,-0.6361,0.9749,-0.2225
2024-03-03 08:39:00,medium_office,24.16,24.54,49.1,0.041,1054.0,500.0,45.4,1.0,31.23,472.9,0.7688,-0.6394,0.9749,-0.2225
2024-03-03 08:40:00,medium_office,24.42,24.61,46.7,0.006,1031.0,475.0,43.8,1.0,31.36,469.5,0.766,-0.6428,0.9749,-0.2225
2024-03-03 08:41:00,medium_office,24.54,25.15,50.8,0.079,1055.0,487.0,46.9,1.0,28.65,466.0,0.7632,-0.6461,0.9749,-0.2225
2024-03-03 08:42:00,medium_office,24.07,23.93,48.4,0.001,1052.0,455.0,47.6,1.0,31.61,462.6,0.7604,-0.6494,0.9749,-0.2225
2024-03-03 08:43:00,medium_office,24.59,24.15,47.9,0.158,989.0,495.0,46.5,1.0,31.93,459.1,0.7576,-0.6528,0.9749,-0.2225
2024-03-03 08:44:00,medium_office,23.81,25.63,49.5,0.129,974.0,556.0,40.1,1.0,32.01,455.7,0.7547,-0.6561,0.9749,-0.2225
2024-03-03 08:45:00,medium_office,23.88,24.39,48.4,0.214,920.0,510.0,42.1,1.0,29.8,452.2,0.7518,-0.6593,0.9749,-0.2225
2024-03-03 08:46:00,medium_office,24.46,23.74,45.2,0.041,988.0,527.0,43.1,1.0,30.69,448.7,0.749,-0.6626,0.9749,-0.2225
2024-03-03 08:47:00,medium_office,24.74,24.26,46.3,0.269,1053.0,473.0,42.6,1.0,30.14,445.3,0.7461,-0.6659,0.9749,-0.2225
2024-03-03 08:48:00,medium_office,24.38,23.38,50.5,0.058,975.0,494.0,43.4,1.0,28.74,441.8,0.7431,-0.6691,0.9749,-0.2225
2024-03-03 08:49:00,medium_office,24.21,24.58,48.5,0.664,994.0,506.0,47.8,1.0,30.0,438.3,0.7402,-0.6724,0.9749,-0.2225
2024-03-03 08:50:00,medium_office,23.55,24.8,44.9,0.174,983.0,478.0,47.1,1.0,29.5,434.9,0.7373,-0.6756,0.9749,-0.2225
2024-03-03 08:51:00,medium_office,23.6,24.1,49.0,0.004,1011.0,512.0,43.7,1.0,30.89,431.4,0.7343,-0.6788,0.9749,-0.2225
2024-03-03 08:52:00,medium_office,24.23,24.27,47.1,0.006,1039.0,518.0,46.8,1.0,28.89,427.9,0.7314,-0.682,0.9749,-0.2225
2024-03-03 08:53:00,medium_office,24.08,24.83,46.4,0.042,954.0,516.0,46.0,1.0,29.51,424.4,0.7284,-0.6852,0.9749,-0.2225
2024-03-03 08:54:00,medium_office,23.84,23.75,45.8,0.021,960.0,495.0,44.9,1.0,29.93,420.9,0.7254,-0.6884,0.9749,-0.2225
2024-03-03 08:55:00,medium_office,24.19,23.92,50.1,0.036,1045.0,533.0,48.4,1.0,31.19,417.4,0.7224,-0.6915,0.9749,-0.2225
2024-03-03 08:56:00,medium_office,24.19,24.35,44.1,0.043,1022.0,492.0,43.0,1.0,33.16,414.0,0.7193,-0.6947,0.9749,-0.2225
2024-03-03 08:57:00,medium_office,24.43,24.13,46.3,0.287,992.0,490.0,45.2,1.0,30.66,410.5,0.7163,-0.6978,0.9749,-0.2225
2024-03-03 08:58:00,medium_office,24.18,24.31,48.2,0.009,1051.0,543.0,41.8,1.0,29.29,407.0,0.7133,-0.7009,0.9749,-0.2225
2024-03-03 08:59:00,medium_office,24.5,23.91,51.1,0.132,959.0,467.0,42.0,1.0,29.61,403.5,0.7102,-0.704,0.9749,-0.2225
2024-03-03 09:00:00,medium_office,24.12,24.5,49.0,0.233,1028.0,449.0,40.9,1.0,30.91,400.0,0.7071,-0.7071,0.9749,-0.2225
2024-03-03 09:01:00,medium_office,24.08,24.35,46.1,0.012,998.0,474.0,42.0,1.0,28.87,396.5,0.704,-0.7102,0.9749,-0.2225
2024-03-03 09:02:00,medium_office,24.42,24.62,50.8,0.009,1018.0,512.0,45.2,1.0,31.28,393.0,0.7009,-0.7133,0.9749,-0.2225
2024-03-03 09:03:00,medium_office,23.8,24.48,45.0,0.188,928.0,539.0,44.1,1.0,30.43,389.5,0.6978,-0.7163,0.9749,-0.2225
2024-03-03 09:04:00,medium_office,24.93,24.47,48.2,0.077,992.0,480.0,44.2,1.0,29.99,386.0,0.6947,-0.7193,0.9749,-0.2225
2024-03-03 09:05:00,medium_office,24.19,23.8,48.6,0.134,1022.0,554.0,44.1,1.0,28.4,382.6,0.6915,-0.7224,0.9749,-0.2225
2024-03-03 09:06:00,medium_office,24.18,24.57,45.9,0.183,998.0,501.0,50.3,1.0,30.97,379.1,0.6884,-0.7254,0.9749,-0.2225
2024-03-03 09:07:00,medium_office,24.21,24.24,49.0,0.019,1038.0,497.0,41.6,1.0,29.26,375.6,0.6852,-0.7284,0.9749,-0.2225
2024-03-03 09:08:00,medium_office,24.61,24.3,46.5,0.081,1037.0,475.0,41.3,1.0,30.14,372.1,0.682,-0.7314,0.9749,-0.2225
2024-03-03 09:09:00,medium_office,24.27,24.78,48.9,0.367,971.0,559.0,42.5,1.0,29.79,368.6,0.6788,-0.7343,0.9749,-0.2225
2024-03-03 09:10:00,medium_office,23.55,24.06,43.8,0.061,1025.0,495.0,44.8,1.0,28.33,365.1,0.6756,-0.7373,0.9749,-0.2225
2024-03-03 09:11:00,medium_office,24.44,24.89,48.1,0.34,970.0,460.0,46.5,1.0,29.65,361.7,0.6724,-0.7402,0.9749,-0.2225
2024-03-03 09:12:00,medium_office,23.91,24.92,46.5,0.093,1002.0,574.0,46.9,1.0,28.64,358.2,0.6691,-0.7431,0.9749,-0.2225
2024-03-03 09:13:00,medium_office,24.03,24.63,49.6,0.036,1020.0,512.0,47.8,1.0,29.16,354.7,0.6659,-0.7461,0.9749,-0.2225
2024-03-03 09:14:00,medium_office,23.6,23.93,47.2,0.833,975.0,524.0,44.7,1.0,30.21,351.3,0.6626,-0.749,0.9749,-0.2225
2024-03-03 09:15:00,medium_office,24.14,23.44,49.7,0.17,1024.0,550.0,43.8,1.0,30.45,347.8,0.6593,-0.7518,0.9749,-0.2225
2024-03-03 09:16:00,medium_office,23.77,24.74,48.2,0.747,985.0,518.0,49.9,1.0,29.69,344.3,0.6561,-0.7547,0.9749,-0.2225
2024-03-03 09:17:00,medium_office,23.99,24.35,46.9,0.215,983.0,529.0,36.6,1.0,28.79,340.9,0.6528,-0.7576,0.9749,-0.2225
2024-03-03 09:18:00,medium_office,23.86,24.0,48.7,0.004,1021.0,502.0,45.2,1.0,29.0,337.4,0.6494,-0.7604,0.9749,-0.2225
2024-03-03 09:19:00,medium_office,24.52,24.76,48.7,0.052,975.0,522.0,46.3,1.0,28.94,334.0,0.6461,-0.7632,0.9749,-0.2225
2024-03-03 09:20:00,medium_office,24.52,23.94,48.0,0.051,973.0,499.0,50.6,1.0,27.44,330.5,0.6428,-0.766,0.9749,-0.2225
2024-03-03 09:21:00,medium_office,23.93,24.11,42.4,0.115,1031.0,499.0,40.0,1.0,29.61,327.1,0.6394,-0.7688,0.9749,-0.2225
2024-03-03 09:22:00,medium_office,23.93,24.48,45.0,0.175,1003.0,504.0,43.7,1.0,27.84,323.7,0.6361,-0.7716,0.9749,-0.2225
2024-03-03 09:23:00,medium_office,23.79,23.82,49.7,0.196,956.0,488.0,40.9,1.0,29.55,320.3,0.6327,-0.7744,0.9749,-0.2225
2024-03-03 09:24:00,medium_office,24.22,24.21,44.3,0.09,1026.0,515.0,39.6,1.0,27.98,316.8,0.6293,-0.7771,0.9749,-0.2225
2024-03-03 09:25:00,medium_office,23.78,24.69,48.6,0.333,988.0,515.0,44.4,1.0,28.2,313.4,0.6259,-0.7799,0.9749,-0.2225
2024-03-03 09:26:00,medium_office,23.74,24.33,48.2,0.066,958.0,525.0,47.5,1.0,30.04,310.0,0.6225,-0.7826,0.9749,-0.2225
2024-03-03 09:27:00,medium_office,24.15,24.74,45.3,0.032,925.0,519.0,48.6,1.0,29.36,306.6,0.6191,-0.7853,0.9749,-0.2225
2024-03-03 09:28:00,medium_office,23.69,24.68,42.7,0.604,1027.0,560.0,43.4,1.0,27.42,303.2,0.6157,-0.788,0.9749,-0.2225
2024-03-03 09:29:00,medium_office,23.83,24.23,45.5,0.1,974.0,532.0,47.0,1.0,28.71,299.8,0.6122,-0.7907,0.9749,-0.2225
2024-03-03 09:30:00,medium_office,23.35,23.28,50.8,0.097,963.0,494.0,44.4,1.0,29.49,296.5,0.6088,-0.7934,0.9749,-0.2225
2024-03-03 09:31:00,medium_office,24.03,23.77,44.8,0.005,1019.0,514.0,46.7,1.0,28.58,293.1,0.6053,-0.796,0.9749,-0.2225
2024-03-03 09:32:00,medium_office,24.39,24.51,44.9,0.234,1024.0,542.0,48.5,1.0,28.82,289.7,0.6018,-0.7986,0.9749,-0.2225
2024-03-03 09:33:00,medium_office,24.01,23.58,44.5,0.114,976.0,472.0,44.4,1.0,29.37,286.4,0.5983,-0.8013,0.9749,-0.2225
2024-03-03 09:34:00,medium_office,24.22,24.06,48.9,0.062,1027.0,560.0,48.2,1.0,29.14,283.1,0.5948,-0.8039,0.9749,-0.2225
2024-03-03 09:35:00,medium_office,23.52,24.32,45.9,0.839,1062.0,477.0,41.4,1.0,28.07,279.7,0.5913,-0.8064,0.9749,-0.2225
2024-03-03 09:36:00,medium_office,23.83,24.76,45.1,0.136,1040.0,527.0,47.0,1.0,29.05,276.4,0.5878,-0.809,0.9749,-0.2225
2024-03-03 09:37:00,medium_office,23.47,23.94,49.2,0.078,1036.0,500.0,48.1,1.0,28.7,273.1,0.5842,-0.8116,0.9749,-0.2225
2024-03-03 09:38:00,medium_office,23.67,23.9,47.4,0.265,1009.0,498.0,47.8,1.0,30.68,269.8,0.5807,-0.8141,0.9749,-0.2225
2024-03-03 09:39:00,medium_office,23.96,24.13,44.4,0.402,987.0,461.0,41.4,1.0,28.82,266.5,0.5771,-0.8166,0.9749,-0.2225
2024-03-03 09:40:00,medium_office,23.75,24.29,43.8,0.019,998.0,527.0,44.4,1.0,29.02,263.2,0.5736,-0.8192,0.9749,-0.2225
2024-03-03 09:41:00,medium_office,23.29,24.08,48.5,0.682,1013.0,461.0,45.9,1.0,29.11,259.9,0.57,-0.8216,0.9749,-0.2225
2024-03-03 09:42:00,medium_office,23.3,24.55,46.2,0.622,962.0,457.0,46.3,1.0,28.49,256.7,0.5664,-0.8241,0.9749,-0.2225
2024-03-03 09:43:00,medium_office,23.27,23.81,43.0,0.4,977.0,535.0,45.3,1.0,28.06,253.4,0.5628,-0.8266,0.9749,-0.2225
2024-03-03 09:44:00,medium_office,23.83,24.17,42.5,0.022,957.0,554.0,49.3,1.0,29.21,250.2,0.5592,-0.829,0.9749,-0.2225
2024-03-03 09:45:00,medium_office,24.29,24.29,43.8,0.104,1007.0,480.0,41.1,1.0,29.18,246.9,0.5556,-0.8315,0.9749,-0.2225
2024-03-03 09:46:00,medium_office,24.06,23.94,43.5,0.095,1002.0,530.0,44.3,1.0,30.76,243.7,0.5519,-0.8339,0.9749,-0.2225
2024-03-03 09:47:00,medium_office,23.08,24.43,41.8,0.047,980.0,524.0,39.9,1.0,29.38,240.5,0.5483,-0.8363,0.9749,-0.2225
2024-03-03 09:48:00,medium_office,24.06,24.15,43.7,0.038,1025.0,497.0,46.9,1.0,29.37,237.3,0.5446,-0.8387,0.9749,-0.2225
2024-03-03 09:49:00,medium_office,23.9,24.4,44.0,0.015,969.0,540.0,46.7,1.0,29.29,234.1,0.541,-0.841,0.9749,-0.2225
2024-03-03 09:50:00,medium_office,23.15,24.15,44.9,0.081,979.0,495.0,55.0,1.0,27.85,231.0,0.5373,-0.8434,0.9749,-0.2225
2024-03-03 09:51:00,medium_office,23.51,24.22,49.2,0.073,1023.0,516.0,48.1,1.0,27.24,227.8,0.5336,-0.8457,0.9749,-0.2225
2024-03-03 09:52:00,medium_office,23.92,23.81,45.2,0.065,1028.0,462.0,46.0,1.0,27.46,224.7,0.5299,-0.848,0.9749,-0.2225
2024-03-03 09:53:00,medium_office,23.74,23.8,45.4,1.0,976.0,464.0,45.8,1.0,29.12,221.5,0.5262,-0.8504,0.9749,-0.2225
2024-03-03 09:54:00,medium_office,23.17,24.53,46.7,0.081,1007.0,535.0,44.1,1.0,29.82,218.4,0.5225,-0.8526,0.9749,-0.2225
2024-03-03 09:55:00,medium_office,23.74,24.29,45.1,0.193,977.0,517.0,45.4,1.0,29.1,215.3,0.5188,-0.8549,0.9749,-0.2225
2024-03-03 09:56:00,medium_office,22.9,23.62,46.4,0.144,994.0,496.0,45.8,1.0,28.16,212.2,0.515,-0.8572,0.9749,-0.2225
2024-03-03 09:57:00,medium_office,23.47,24.09,46.1,0.056,1004.0,557.0,39.1,1.0,29.97,209.1,0.5113,-0.8594,0.9749,-0.2225
2024-03-03 09:58:00,medium_office,23.86,23.07,45.7,0.389,1017.0,557.0,45.6,1.0,27.81,206.1,0.5075,-0.8616,0.9749,-0.2225
2024-03-03 09:59:00,medium_office,23.52,23.78,51.0,0.005,1010.0,513.0,45.3,1.0,27.08,203.0,0.5038,-0.8638,0.9749,-0.2225
2024-03-03 10:00:00,medium_office,23.35,24.38,47.2,0.111,1008.0,456.0,50.3,1.0,28.44,200.0,0.5,-0.866,0.9749,-0.2225
2024-03-03 10:01:00,medium_office,23.76,23.94,43.2,0.17,968.0,497.0,44.6,1.0,29.45,197.0,0.4962,-0.8682,0.9749,-0.2225
2024-03-03 10:02:00,medium_office,23.77,24.03,46.1,0.358,1012.0,475.0,42.7,1.0,27.28,194.0,0.4924,-0.8704,0.9749,-0.2225
2024-03-03 10:03:00,medium_office,23.86,22.77,43.7,0.056,1017.0,503.0,45.8,1.0,26.38,191.0,0.4886,-0.8725,0.9749,-0.2225
2024-03-03 10:04:00,medium_office,23.72,23.81,46.2,0.162,1021.0,472.0,45.2,1.0,28.09,188.0,0.4848,-0.8746,0.9749,-0.2225
2024-03-03 10:05:00,medium_office,23.77,24.1,42.5,0.391,978.0,464.0,44.6,1.0,28.79,185.1,0.481,-0.8767,0.9749,-0.2225
2024-03-03 10:06:00,medium_office,23.65,24.14,43.0,0.004,1027.0,432.0,41.2,1.0,25.01,182.1,0.4772,-0.8788,0.9749,-0.2225
2024-03-03 10:07:00,medium_office,23.5,24.33,45.8,0.429,960.0,505.0,44.5,1.0,28.92,179.2,0.4733,-0.8809,0.9749,-0.2225
2024-03-03 10:08:00,medium_office,23.44,23.85,47.1,0.009,987.0,431.0,43.3,1.0,26.54,176.3,0.4695,-0.8829,0.9749,-0.2225
2024-03-03 10:09:00,medium_office,23.33,23.86,46.1,0.02,992.0,490.0,44.4,1.0,28.6,173.4,0.4656,-0.885,0.9749,-0.2225
2024-03-03 10:10:00,medium_office,23.02,23.39,46.7,0.518,962.0,521.0,47.2,1.0,25.84,170.6,0.4617,-0.887,0.9749,-0.2225
2024-03-03 10:11:00,medium_office,23.09,23.83,45.7,0.036,991.0,478.0,43.0,1.0,26.33,167.7,0.4579,-0.889,0.9749,-0.2225
2024-03-03 10:12:00,medium_office,23.28,23.4,45.3,0.218,1007.0,467.0,44.3,1.0,28.39,164.9,0.454,-0.891,0.9749,-0.2225
2024-03-03 10:13:00,medium_office,23.42,23.16,43.9,0.53,945.0,498.0,46.6,1.0,28.95,162.1,0.4501,-0.893,0.9749,-0.2225
2024-03-03 10:14:00,medium_office,23.77,23.46,46.5,0.342,988.0,475.0,44.2,1.0,27.69,159.3,0.4462,-0.8949,0.9749,-0.2225
2024-03-03 10:15:00,medium_office,23.31,24.49,46.9,0.021,948.0,506.0,52.8,1.0,30.06,156.5,0.4423,-0.8969,0.9749,-0.2225
2024-03-03 10:16:00,medium_office,23.62,23.77,44.7,0.015,1061.0,469.0,45.7,1.0,26.61,153.7,0.4384,-0.8988,0.9749,-0.2225
2024-03-03 10:17:00,medium_office,23.63,23.96,44.5,0.06,1006.0,497.0,41.3,1.0,26.56,151.0,0.4344,-0.9007,0.9749,-0.2225
2024-03-03 10:18:00,medium_office,23.22,23.66,47.9,0.112,1004.0,490.0,42.5,1.0,27.26,148.3,0.4305,-0.9026,0.9749,-0.2225
2024-03-03 10:19:00,medium_office,23.46,23.14,44.7,0.087,1007.0,500.0,42.2,1.0,27.18,145.6,0.4266,-0.9045,0.9749,-0.2225
2024-03-03 10:20:00,medium_office,23.19,24.22,44.8,0.214,1018.0,549.0,42.5,1.0,27.77,142.9,0.4226,-0.9063,0.9749,-0.2225
2024-03-03 10:21:00,medium_office,23.65,22.97,45.6,0.597,1029.0,506.0,46.6,1.0,26.71,140.2,0.4187,-0.9081,0.9749,-0.2225
2024-03-03 10:22:00,medium_office,23.43,23.61,44.4,0.196,953.0,515.0,41.7,1.0,27.99,137.6,0.4147,-0.91,0.9749,-0.2225
2024-03-03 10:23:00,medium_office,22.88,23.8,42.9,0.284,1039.0,481.0,44.0,1.0,27.93,135.0,0.4107,-0.9118,0.9749,-0.2225
2024-03-03 10:24:00,medium_office,23.27,23.91,45.3,0.0,1037.0,507.0,48.4,1.0,28.97,132.3,0.4067,-0.9135,0.9749,-0.2225
2024-03-03 10:25:00,medium_office,23.7,23.51,44.4,0.339,998.0,492.0,43.4,1.0,26.83,129.8,0.4027,-0.9153,0.9749,-0.2225
2024-03-03 10:26:00,medium_office,23.14,23.06,48.1,0.114,996.0,501.0,47.0,1.0,27.62,127.2,0.3987,-0.9171,0.9749,-0.2225
2024-03-03 10:27:00,medium_office,23.32,23.47,46.0,0.122,907.0,519.0,40.0,1.0,27.85,124.7,0.3947,-0.9188,0.9749,-0.2225
2024-03-03 10:28:00,medium_office,23.34,23.48,43.2,0.035,963.0,485.0,43.9,1.0,27.21,122.1,0.3907,-0.9205,0.9749,-0.2225
2024-03-03 10:29:00,medium_office,22.85,23.46,45.8,0.499,1016.0,488.0,42.3,1.0,26.97,119.6,0.3867,-0.9222,0.9749,-0.2225
2024-03-03 10:30:00,medium_office,23.3,24.15,44.9,0.319,1036.0,485.0,45.9,1.0,25.08,117.2,0.3827,-0.9239,0.9749,-0.2225
2024-03-03 10:31:00,medium_office,22.72,23.27,46.9,0.125,1022.0,485.0,41.9,1.0,27.19,114.7,0.3786,-0.9255,0.9749,-0.2225
2024-03-03 10:32:00,medium_office,22.94,23.87,43.2,0.221,998.0,505.0,51.2,1.0,27.67,112.3,0.3746,-0.9272,0.9749,-0.2225
2024-03-03 10:33:00,medium_office,23.43,23.8,44.6,0.244,1058.0,489.0,40.1,1.0,26.98,109.9,0.3706,-0.9288,0.9749,-0.2225
2024-03-03 10:34:00,medium_office,23.21,24.12,44.0,0.025,1030.0,545.0,48.4,1.0,26.22,107.5,0.3665,-0.9304,0.9749,-0.2225
2024-03-03 10:35:00,medium_office,23.0,23.67,44.2,0.251,988.0,580.0,47.6,1.0,25.29,105.1,0.3624,-0.932,0.9749,-0.2225
2024-03-03 10:36:00,medium_office,23.21,24.03,42.3,0.211,1065.0,483.0,45.9,1.0,27.39,102.7,0.3584,-0.9336,0.9749,-0.2225
2024-03-03 10:37:00,medium_office,23.04,23.64,45.2,0.09,967.0,509.0,45.2,1.0,26.93,100.4,0.3543,-0.9351,0.9749,-0.2225
2024-03-03 10:38:00,medium_office,23.05,23.87,44.8,0.157,956.0,531.0,50.6,1.0,28.26,98.1,0.3502,-0.9367,0.9749,-0.2225
2024-03-03 10:39:00,medium_office,23.24,23.09,46.5,0.0,987.0,492.0,52.4,1.0,25.38,95.8,0.3461,-0.9382,0.9749,-0.2225
2024-03-03 10:40:00,medium_office,22.81,22.63,43.9,0.431,977.0,470.0,44.4,1.0,26.33,93.6,0.342,-0.9397,0.9749,-0.2225
2024-03-03 10:41:00,medium_office,23.03,23.83,43.1,0.011,989.0,552.0,45.5,1.0,25.44,91.4,0.3379,-0.9412,0.9749,-0.2225
2024-03-03 10:42:00,medium_office,22.91,23.84,45.5,0.16,1024.0,521.0,43.3,1.0,27.75,89.1,0.3338,-0.9426,0.9749,-0.2225
2024-03-03 10:43:00,medium_office,22.51,23.85,42.2,0.348,999.0,510.0,41.5,1.0,27.93,87.0,0.3297,-0.9441,0.9749,-0.2225
2024-03-03 10:44:00,medium_office,22.7,23.44,46.0,0.2,1000.0,544.0,46.4,1.0,28.58,84.8,0.3256,-0.9455,0.9749,-0.2225
2024-03-03 10:45:00,medium_office,23.43,24.24,45.9,0.229,1002.0,523.0,45.7,1.0,27.15,82.7,0.3214,-0.9469,0.9749,-0.2225
2024-03-03 10:46:00,medium_office,23.07,23.45,46.2,0.02,931.0,499.0,40.2,1.0,27.38,80.5,0.3173,-0.9483,0.9749,-0.2225
2024-03-03 10:47:00,medium_office,22.54,23.79,44.5,0.37,955.0,471.0,46.4,1.0,26.99,78.5,0.3132,-0.9497,0.9749,-0.2225
2024-03-03 10:48:00,medium_office,22.46,23.86,42.7,0.173,988.0,485.0,45.8,1.0,27.09,76.4,0.309,-0.9511,0.9749,-0.2225
2024-03-03 10:49:00,medium_office,22.88,24.3,43.9,0.07,975.0,536.0,43.2,1.0,26.54,74.4,0.3049,-0.9524,0.9749,-0.2225
2024-03-03 10:50:00,medium_office,23.37,23.47,44.4,0.218,993.0,520.0,43.0,1.0,27.07,72.3,0.3007,-0.9537,0.9749,-0.2225
2024-03-03 10:51:00,medium_office,22.83,23.33,42.4,0.011,1042.0,494.0,46.3,1.0,28.56,70.3,0.2965,-0.955,0.9749,-0.2225
2024-03-03 10:52:00,medium_office,23.27,22.99,46.2,0.232,998.0,553.0,49.8,1.0,26.6,68.4,0.2924,-0.9563,0.9749,-0.2225
2024-03-03 10:53:00,medium_office,22.97,24.2,44.7,0.066,960.0,495.0,46.2,1.0,26.37,66.4,0.2882,-0.9576,0.9749,-0.2225
2024-03-03 10:54:00,medium_office,22.99,23.74,41.7,0.001,976.0,530.0,47.3,1.0,26.51,64.5,0.284,-0.9588,0.9749,-0.2225
2024-03-03 10:55:00,medium_office,22.44,23.74,47.2,0.121,1051.0,507.0,42.5,1.0,26.13,62.6,0.2798,-0.96,0.9749,-0.2225
2024-03-03 10:56:00,medium_office,23.11,24.8,43.6,0.152,1046.0,558.0,43.8,1.0,26.49,60.8,0.2756,-0.9613,0.9749,-0.2225
2024-03-03 10:57:00,medium_office,22.71,23.67,41.2,0.116,1018.0,523.0,46.8,1.0,26.03,58.9,0.2714,-0.9625,0.9749,-0.2225
2024-03-03 10:58:00,medium_office,23.06,23.01,41.7,0.007,953.0,501.0,40.9,1.0,27.32,57.1,0.2672,-0.9636,0.9749,-0.2225
2024-03-03 10:59:00,medium_office,22.54,23.45,46.3,0.208,1009.0,495.0,45.6,1.0,27.19,55.3,0.263,-0.9648,0.9749,-0.2225
2024-03-03 11:00:00,medium_office,22.83,23.13,46.9,0.04,1012.0,500.0,46.5,1.0,28.28,53.6,0.2588,-0.9659,0.9749,-0.2225
2024-03-03 11:01:00,medium_office,22.87,23.35,45.3,0.11,1001.0,478.0,44.9,1.0,26.05,51.9,0.2546,-0.967,0.9749,-0.2225
2024-03-03 11:02:00,medium_office,22.7,23.34,45.8,0.092,983.0,459.0,46.0,1.0,26.33,50.2,0.2504,-0.9681,0.9749,-0.2225
2024-03-03 11:03:00,medium_office,22.86,23.26,45.6,0.141,989.0,509.0,45.2,1.0,26.26,48.5,0.2462,-0.9692,0.9749,-0.2225
2024-03-03 11:04:00,medium_office,22.65,22.93,44.3,0.049,981.0,484.0,43.1,1.0,26.18,46.8,0.2419,-0.9703,0.9749,-0.2225
2024-03-03 11:05:00,medium_office,22.52,24.11,43.8,0.004,966.0,484.0,41.5,1.0,27.07,45.2,0.2377,-0.9713,0.9749,-0.2225
2024-03-03 11:06:00,medium_office,23.18,23.59,44.2,0.042,1041.0,497.0,44.7,1.0,24.28,43.6,0.2334,-0.9724,0.9749,-0.2225
2024-03-03 11:07:00,medium_office,23.0,23.37,44.5,0.028,1026.0,502.0,48.9,1.0,26.34,42.0,0.2292,-0.9734,0.9749,-0.2225
2024-03-03 11:08:00,medium_office,22.45,23.75,41.5,0.194,991.0,500.0,48.1,1.0,27.84,40.5,0.225,-0.9744,0.9749,-0.2225
2024-03-03 11:09:00,medium_office,22.83,23.63,44.4,0.203,1011.0,552.0,44.0,1.0,27.17,39.0,0.2207,-0.9753,0.9749,-0.2225
2024-03-03 11:10:00,medium_office,22.43,23.54,45.9,0.044,1012.0,520.0,43.9,1.0,27.02,37.5,0.2164,-0.9763,0.9749,-0.2225
2024-03-03 11:11:00,medium_office,22.28,23.7,42.5,0.118,1070.0,563.0,43.7,1.0,26.58,36.0,0.2122,-0.9772,0.9749,-0.2225
2024-03-03 11:12:00,medium_office,22.93,23.47,42.3,0.144,1026.0,487.0,43.7,1.0,25.11,34.6,0.2079,-0.9781,0.9749,-0.2225
2024-03-03 11:13:00,medium_office,22.1,23.68,43.8,0.119,1025.0,524.0,45.9,1.0,24.92,33.2,0.2036,-0.979,0.9749,-0.2225
2024-03-03 11:14:00,medium_office,22.88,23.7,41.5,0.607,1001.0,488.0,48.2,1.0,24.9,31.8,0.1994,-0.9799,0.9749,-0.2225
2024-03-03 11:15:00,medium_office,22.51,23.46,40.2,0.19,987.0,483.0,51.8,1.0,24.47,30.4,0.1951,-0.9808,0.9749,-0.2225
2024-03-03 11:16:00,medium_office,22.51,23.29,45.1,0.535,1041.0,564.0,42.5,1.0,26.52,29.1,0.1908,-0.9816,0.9749,-0.2225
2024-03-03 11:17:00,medium_office,22.68,23.99,41.8,0.101,1020.0,477.0,47.0,1.0,27.01,27.8,0.1865,-0.9825,0.9749,-0.2225
2024-03-03 11:18:00,medium_office,22.72,23.17,42.7,0.007,975.0,433.0,46.6,1.0,25.94,26.6,0.1822,-0.9833,0.9749,-0.2225
2024-03-03 11:19:00,medium_office,22.29,23.51,41.5,0.075,1014.0,479.0,44.0,1.0,26.28,25.3,0.1779,-0.984,0.9749,-0.2225
2024-03-03 11:20:00,medium_office,22.74,23.51,45.2,0.109,1025.0,440.0,41.9,1.0,25.74,24.1,0.1736,-0.9848,0.9749,-0.2225
2024-03-03 11:21:00,medium_office,22.54,23.09,44.3,0.434,937.0,471.0,45.8,1.0,25.98,22.9,0.1693,-0.9856,0.9749,-0.2225
2024-03-03 11:22:00,medium_office,22.12,23.01,42.1,0.166,972.0,474.0,51.4,1.0,23.26,21.8,0.165,-0.9863,0.9749,-0.2225
2024-03-03 11:23:00,medium_office,22.43,23.18,40.2,0.105,1011.0,501.0,45.8,1.0,25.66,20.7,0.1607,-0.987,0.9749,-0.2225
2024-03-03 11:24:00,medium_office,22.88,23.12,41.8,0.236,942.0,439.0,42.6,1.0,24.88,19.6,0.1564,-0.9877,0.9749,-0.2225
2024-03-03 11:25:00,medium_office,22.96,22.72,43.6,0.052,947.0,536.0,44.5,1.0,25.24,18.5,0.1521,-0.9884,0.9749,-0.2225
2024-03-03 11:26:00,medium_office,22.66,23.04,42.9,0.067,992.0,444.0,41.6,1.0,25.47,17.5,0.1478,-0.989,0.9749,-0.2225
2024-03-03 11:27:00,medium_office,22.07,23.39,42.7,0.03,1015.0,496.0,45.1,1.0,24.5,16.5,0.1435,-0.9897,0.9749,-0.2225
2024-03-03 11:28:00,medium_office,22.56,23.78,42.8,0.058,1016.0,490.0,47.1,1.0,24.1,15.5,0.1392,-0.9903,0.9749,-0.2225
2024-03-03 11:29:00,medium_office,22.66,23.49,43.9,0.03,1047.0,525.0,42.9,1.0,24.4,14.5,0.1349,-0.9909,0.9749,-0.2225
2024-03-03 11:30:00,medium_office,22.61,22.22,42.3,0.069,1002.0,511.0,35.2,1.0,23.67,13.6,0.1305,-0.9914,0.9749,-0.2225
2024-03-03 11:31:00,medium_office,22.61,23.51,43.2,0.082,989.0,536.0,45.8,1.0,23.93,12.7,0.1262,-0.992,0.9749,-0.2225
2024-03-03 11:32:00,medium_office,22.47,23.02,40.3,0.216,961.0,489.0,43.5,1.0,24.03,11.9,0.1219,-0.9925,0.9749,-0.2225
2024-03-03 11:33:00,medium_office,22.33,23.42,47.4,0.521,988.0,486.0,42.7,1.0,23.58,11.1,0.1175,-0.9931,0.9749,-0.2225
2024-03-03 11:34:00,medium_office,22.16,23.22,41.7,0.085,1021.0,512.0,42.7,1.0,25.51,10.3,0.1132,-0.9936,0.9749,-0.2225
2024-03-03 11:35:00,medium_office,21.76,23.14,42.6,0.355,1023.0,531.0,46.2,1.0,24.05,9.5,0.1089,-0.9941,0.9749,-0.2225
2024-03-03 11:36:00,medium_office,22.42,23.17,43.3,0.409,1008.0,525.0,43.8,1.0,23.06,8.7,0.1045,-0.9945,0.9749,-0.2225
2024-03-03 11:37:00,medium_office,22.36,23.19,41.3,0.018,1016.0,510.0,47.8,1.0,24.49,8.0,0.1002,-0.995,0.9749,-0.2225
2024-03-03 11:38:00,medium_office,22.45,23.73,42.2,0.342,1038.0,507.0,47.9,1.0,23.74,7.3,0.0958,-0.9954,0.9749,-0.2225
2024-03-03 11:39:00,medium_office,21.87,23.18,42.1,0.007,1002.0,499.0,44.2,1.0,26.28,6.7,0.0915,-0.9958,0.9749,-0.2225
2024-03-03 11:40:00,medium_office,22.45,23.61,40.3,0.059,1041.0,512.0,43.4,1.0,24.92,6.1,0.0872,-0.9962,0.9749,-0.2225
2024-03-03 11:41:00,medium_office,22.86,23.54,42.9,0.103,978.0,561.0,45.4,1.0,23.29,5.5,0.0828,-0.9966,0.9749,-0.2225
2024-03-03 11:42:00,medium_office,22.26,23.42,38.7,0.002,998.0,493.0,44.6,1.0,25.3,4.9,0.0785,-0.9969,0.9749,-0.2225
2024-03-03 11:43:00,medium_office,22.2,22.43,45.5,0.165,986.0,489.0,39.7,1.0,24.78,4.4,0.0741,-0.9973,0.9749,-0.2225
2024-03-03 11:44:00,medium_office,22.3,23.59,43.6,0.054,1024.0,487.0,50.7,1.0,24.43,3.9,0.0698,-0.9976,0.9749,-0.2225
2024-03-03 11:45:00,medium_office,22.81,22.95,43.2,0.11,970.0,512.0,47.1,1.0,26.21,3.4,0.0654,-0.9979,0.9749,-0.2225
2024-03-03 11:46:00,medium_office,21.88,23.41,38.5,0.116,990.0,436.0,43.6,1.0,23.62,3.0,0.061,-0.9981,0.9749,-0.2225
2024-03-03 11:47:00,medium_office,22.23,22.72,40.3,0.03,944.0,496.0,39.3,1.0,25.6,2.6,0.0567,-0.9984,0.9749,-0.2225
2024-03-03 11:48:00,medium_office,21.92,22.63,44.7,0.08,1018.0,526.0,44.5,1.0,24.13,2.2,0.0523,-0.9986,0.9749,-0.2225
2024-03-03 11:49:00,medium_office,21.98,23.89,50.2,0.044,1037.0,484.0,43.2,1.0,24.49,1.8,0.048,-0.9988,0.9749,-0.2225
2024-03-03 11:50:00,medium_office,22.12,22.7,44.2,0.555,1027.0,506.0,44.8,1.0,23.72,1.5,0.0436,-0.999,0.9749,-0.2225
2024-03-03 11:51:00,medium_office,22.52,23.54,43.9,0.06,1024.0,563.0,38.5,1.0,23.76,1.2,0.0393,-0.9992,0.9749,-0.2225
2024-03-03 11:52:00,medium_office,22.64,23.12,42.8,0.075,1025.0,510.0,43.6,1.0,23.98,1.0,0.0349,-0.9994,0.9749,-0.2225
2024-03-03 11:53:00,medium_office,22.23,22.89,40.1,0.154,1021.0,433.0,43.8,1.0,22.48,0.7,0.0305,-0.9995,0.9749,-0.2225
2024-03-03 11:54:00,medium_office,21.97,23.03,43.7,0.105,1018.0,458.0,44.4,1.0,24.7,0.5,0.0262,-0.9997,0.9749,-0.2225
2024-03-03 11:55:00,medium_office,22.81,22.52,39.5,0.214,1020.0,492.0,44.3,1.0,24.43,0.4,0.0218,-0.9998,0.9749,-0.2225
2024-03-03 11:56:00,medium_office,21.92,23.03,39.3,0.06,980.0,476.0,45.2,1.0,22.79,0.2,0.0175,-0.9998,0.9749,-0.2225
2024-03-03 11:57:00,medium_office,21.87,22.59,39.1,0.41,994.0,503.0,49.6,1.0,24.92,0.1,0.0131,-0.9999,0.9749,-0.2225
2024-03-03 11:58:00,medium_office,21.49,22.86,43.6,0.27,1002.0,491.0,43.5,1.0,25.68,0.1,0.0087,-1.0,0.9749,-0.2225
2024-03-03 11:59:00,medium_office,22.43,23.38,41.5,0.234,990.0,535.0,42.3,1.0,23.53,0.0,0.0044,-1.0,0.9749,-0.2225
2024-03-03 12:00:00,medium_office,22.29,23.1,41.8,0.188,953.0,467.0,39.8,1.0,23.38,0.0,0.0,-1.0,0.9749,-0.2225
2024-03-03 12:01:00,medium_office,22.71,22.4,41.5,0.074,963.0,494.0,43.5,1.0,25.25,0.0,-0.0044,-1.0,0.9749,-0.2225
2024-03-03 12:02:00,medium_office,21.56,23.32,39.3,0.016,1007.0,507.0,40.8,1.0,24.51,0.1,-0.0087,-1.0,0.9749,-0.2225
2024-03-03 12:03:00,medium_office,22.4,22.97,40.2,0.009,1027.0,510.0,47.9,1.0,23.94,0.1,-0.0131,-0.9999,0.9749,-0.2225
2024-03-03 12:04:00,medium_office,21.97,22.75,40.3,0.105,1000.0,504.0,44.7,1.0,24.86,0.2,-0.0175,-0.9998,0.9749,-0.2225
2024-03-03 12:05:00,medium_office,22.18,23.26,38.7,0.105,1083.0,428.0,47.8,1.0,24.29,0.4,-0.0218,-0.9998,0.9749,-0.2225
2024-03-03 12:06:00,medium_office,21.43,22.88,40.4,0.11,972.0,502.0,49.4,1.0,25.41,0.5,-0.0262,-0.9997,0.9749,-0.2225
2024-03-03 12:07:00,medium_office,22.35,22.47,39.3,0.263,1013.0,495.0,42.4,1.0,23.94,0.7,-0.0305,-0.9995,0.9749,-0.2225
2024-03-03 12:08:00,medium_office,22.13,23.67,42.6,0.198,1039.0,526.0,44.0,1.0,24.35,1.0,-0.0349,-0.9994,0.9749,-0.2225
2024-03-03 12:09:00,medium_office,21.87,22.91,42.7,0.042,1032.0,522.0,49.0,1.0,24.99,1.2,-0.0393,-0.9992,0.9749,-0.2225
2024-03-03 12:10:00,medium_office,22.06,22.88,38.8,0.193,1020.0,507.0,45.6,1.0,21.41,1.5,-0.0436,-0.999,0.9749,-0.2225
2024-03-03 12:11:00,medium_office,21.63,22.74,40.7,0.153,1032.0,509.0,46.6,1.0,24.97,1.8,-0.048,-0.9988,0.9749,-0.2225
2024-03-03 12:12:00,medium_office,21.67,23.37,45.0,0.082,1002.0,541.0,48.1,1.0,23.3,2.2,-0.0523,-0.9986,0.9749,-0.2225
2024-03-03 12:13:00,medium_office,21.69,22.68,39.3,0.082,1050.0,535.0,47.7,1.0,24.27,2.6,-0.0567,-0.9984,0.9749,-0.2225
2024-03-03 12:14:00,medium_office,21.26,22.26,42.1,0.085,1038.0,508.0,46.2,1.0,25.41,3.0,-0.061,-0.9981,0.9749,-0.2225
2024-03-03 12:15:00,medium_office,22.06,22.6,41.5,0.001,974.0,564.0,49.2,1.0,23.41,3.4,-0.0654,-0.9979,0.9749,-0.2225
2024-03-03 12:16:00,medium_office,22.15,23.39,43.4,0.19,1010.0,481.0,44.8,1.0,23.23,3.9,-0.0698,-0.9976,0.9749,-0.2225
2024-03-03 12:17:00,medium_office,21.57,23.18,41.8,0.315,954.0,464.0,46.6,1.0,23.6,4.4,-0.0741,-0.9973,0.9749,-0.2225
2024-03-03 12:18:00,medium_office,21.87,22.74,40.3,0.045,1046.0,500.0,44.5,1.0,22.17,4.9,-0.0785,-0.9969,0.9749,-0.2225
2024-03-03 12:19:00,medium_office,21.67,23.38,41.3,0.298,1007.0,489.0,48.1,1.0,25.8,5.5,-0.0828,-0.9966,0.9749,-0.2225
2024-03-03 12:20:00,medium_office,21.84,23.12,41.3,0.087,1040.0,426.0,42.9,1.0,23.52,6.1,-0.0872,-0.9962,0.9749,-0.2225
2024-03-03 12:21:00,medium_office,21.54,22.71,40.9,0.85,997.0,480.0,40.0,1.0,25.18,6.7,-0.0915,-0.9958,0.9749,-0.2225
2024-03-03 12:22:00,medium_office,21.45,22.74,38.5,0.098,944.0,510.0,47.0,1.0,23.18,7.3,-0.0958,-0.9954,0.9749,-0.2225
2024-03-03 12:23:00,medium_office,22.02,22.93,43.6,0.606,1079.0,498.0,41.9,1.0,23.51,8.0,-0.1002,-0.995,0.9749,-0.2225
2024-03-03 12:24:00,medium_office,21.67,22.46,43.2,0.277,1004.0,477.0,41.6,1.0,24.4,8.7,-0.1045,-0.9945,0.9749,-0.2225
2024-03-03 12:25:00,medium_office,22.28,22.78,39.0,0.024,970.0,501.0,48.8,1.0,22.32,9.5,-0.1089,-0.9941,0.9749,-0.2225
2024-03-03 12:26:00,medium_office,21.67,22.9,40.4,0.09,1034.0,504.0,47.9,1.0,23.29,10.3,-0.1132,-0.9936,0.9749,-0.2225
2024-03-03 12:27:00,medium_office,21.37,22.09,40.6,0.153,1061.0,521.0,44.0,1.0,24.27,11.1,-0.1175,-0.9931,0.9749,-0.2225
2024-03-03 12:28:00,medium_office,22.0,22.68,38.7,0.443,994.0,481.0,35.9,1.0,23.12,11.9,-0.1219,-0.9925,0.9749,-0.2225
2024-03-03 12:29:00,medium_office,21.81,22.63,37.2,0.059,997.0,526.0,46.6,1.0,22.83,12.7,-0.1262,-0.992,0.9749,-0.2225
2024-03-03 12:30:00,medium_office,21.83,23.15,39.6,0.09,1007.0,467.0,47.0,1.0,24.4,13.6,-0.1305,-0.9914,0.9749,-0.2225
2024-03-03 12:31:00,medium_office,21.95,21.99,40.2,0.186,967.0,485.0,46.6,1.0,24.65,14.5,-0.1349,-0.9909,0.9749,-0.2225
2024-03-03 12:32:00,medium_office,21.39,22.57,38.0,0.009,979.0,551.0,46.4,1.0,24.78,15.5,-0.1392,-0.9903,0.9749,-0.2225
2024-03-03 12:33:00,medium_office,21.53,22.52,41.3,0.33,1053.0,469.0,44.5,1.0,22.52,16.5,-0.1435,-0.9897,0.9749,-0.2225
2024-03-03 12:34:00,medium_office,21.51,23.09,43.2,0.107,996.0,480.0,43.8,1.0,22.59,17.5,-0.1478,-0.989,0.9749,-0.2225
2024-03-03 12:35:00,medium_office,21.16,22.68,42.5,0.012,975.0,462.0,41.7,1.0,22.67,18.5,-0.1521,-0.9884,0.9749,-0.2225
2024-03-03 12:36:00,medium_office,21.45,23.41,40.6,0.036,986.0,475.0,42.9,1.0,23.83,19.6,-0.1564,-0.9877,0.9749,-0.2225
2024-03-03 12:37:00,medium_office,21.92,22.94,37.1,0.414,1032.0,504.0,46.0,1.0,21.89,20.7,-0.1607,-0.987,0.9749,-0.2225
2024-03-03 12:38:00,medium_office,21.58,22.51,42.2,0.045,941.0,521.0,46.0,1.0,21.92,21.8,-0.165,-0.9863,0.9749,-0.2225
2024-03-03 12:39:00,medium_office,21.09,22.76,41.1,0.147,1008.0,499.0,47.4,1.0,22.32,22.9,-0.1693,-0.9856,0.9749,-0.2225
2024-03-03 12:40:00,medium_office,21.01,22.51,41.6,0.041,1074.0,490.0,40.8,1.0,22.07,24.1,-0.1736,-0.9848,0.9749,-0.2225
2024-03-03 12:41:00,medium_office,21.97,22.99,44.6,0.149,1061.0,463.0,40.0,1.0,23.86,25.3,-0.1779,-0.984,0.9749,-0.2225
2024-03-03 12:42:00,medium_office,21.43,22.1,39.1,0.082,1017.0,478.0,43.9,1.0,23.77,26.6,-0.1822,-0.9833,0.9749,-0.2225
2024-03-03 12:43:00,medium_office,21.25,22.3,35.0,0.114,1039.0,454.0,41.9,1.0,22.44,27.8,-0.1865,-0.9825,0.9749,-0.2225
2024-03-03 12:44:00,medium_office,21.35,22.8,38.6,0.273,1039.0,522.0,45.6,1.0,22.7,29.1,-0.1908,-0.9816,0.9749,-0.2225
2024-03-03 12:45:00,medium_office,20.97,23.1,41.7,0.402,996.0,524.0,41.1,1.0,20.33,30.4,-0.1951,-0.9808,0.9749,-0.2225
2024-03-03 12:46:00,medium_office,21.83,21.72,40.7,0.058,1028.0,499.0,48.5,1.0,22.38,31.8,-0.1994,-0.9799,0.9749,-0.2225
2024-03-03 12:47:00,medium_office,21.27,23.14,38.2,0.007,1054.0,513.0,42.5,1.0,24.06,33.2,-0.2036,-0.979,0.9749,-0.2225
2024-03-03 12:48:00,medium_office,21.79,22.53,37.8,0.255,962.0,526.0,49.8,1.0,22.28,34.6,-0.2079,-0.9781,0.9749,-0.2225
2024-03-03 12:49:00,medium_office,21.38,21.82,39.9,0.48,1017.0,503.0,46.6,1.0,21.67,36.0,-0.2122,-0.9772,0.9749,-0.2225
2024-03-03 12:50:00,medium_office,21.78,21.37,38.1,0.134,1011.0,542.0,41.8,1.0,24.11,37.5,-0.2164,-0.9763,0.9749,-0.2225
2024-03-03 12:51:00,medium_office,21.41,21.95,41.6,0.066,1003.0,469.0,51.3,1.0,21.6,39.0,-0.2207,-0.9753,0.9749,-0.2225
2024-03-03 12:52:00,medium_office,21.58,22.54,39.8,0.203,1000.0,490.0,45.8,1.0,24.23,40.5,-0.225,-0.9744,0.9749,-0.2225
2024-03-03 12:53:00,medium_office,21.53,22.52,39.3,0.162,1007.0,486.0,45.5,1.0,25.55,42.0,-0.2292,-0.9734,0.9749,-0.2225
2024-03-03 12:54:00,medium_office,21.49,22.79,39.0,0.022,1009.0,519.0,44.8,1.0,22.52,43.6,-0.2334,-0.9724,0.9749,-0.2225
2024-03-03 12:55:00,medium_office,21.39,22.3,41.1,0.069,1034.0,457.0,46.4,1.0,23.85,45.2,-0.2377,-0.9713,0.9749,-0.2225
2024-03-03 12:56:00,medium_office,21.2,22.07,40.6,0.165,1014.0,543.0,46.6,1.0,20.91,46.8,-0.2419,-0.9703,0.9749,-0.2225
2024-03-03 12:57:00,medium_office,21.84,22.34,40.9,0.216,995.0,517.0,42.4,1.0,20.84,48.5,-0.2462,-0.9692,0.9749,-0.2225
2024-03-03 12:58:00,medium_office,20.98,22.51,40.9,0.258,975.0,553.0,44.4,1.0,21.73,50.2,-0.2504,-0.9681,0.9749,-0.2225
2024-03-03 12:59:00,medium_office,21.24,22.58,40.3,0.073,986.0,499.0,45.3,1.0,23.33,51.9,-0.2546,-0.967,0.9749,-0.2225
2024-03-03 13:00:00,medium_office,21.23,22.17,38.4,0.231,1008.0,483.0,46.7,1.0,22.48,53.6,-0.2588,-0.9659,0.9749,-0.2225
2024-03-03 13:01:00,medium_office,21.33,22.83,39.0,0.225,979.0,520.0,46.8,1.0,22.27,55.3,-0.263,-0.9648,0.9749,-0.2225
2024-03-03 13:02:00,medium_office,21.07,22.22,39.7,0.011,1028.0,531.0,45.5,1.0,21.14,57.1,-0.2672,-0.9636,0.9749,-0.2225
2024-03-03 13:03:00,medium_office,21.28,22.11,44.6,0.002,1013.0,479.0,43.3,1.0,22.28,58.9,-0.2714,-0.9625,0.9749,-0.2225
2024-03-03 13:04:00,medium_office,21.12,22.23,37.7,0.085,1034.0,440.0,43.2,1.0,21.73,60.8,-0.2756,-0.9613,0.9749,-0.2225
2024-03-03 13:05:00,medium_office,20.69,22.87,39.6,0.17,981.0,445.0,41.4,1.0,21.43,62.6,-0.2798,-0.96,0.9749,-0.2225
2024-03-03 13:06:00,medium_office,21.15,22.38,40.6,0.062,975.0,508.0,46.8,1.0,21.32,64.5,-0.284,-0.9588,0.9749,-0.2225
2024-03-03 13:07:00,medium_office,20.81,22.15,39.8,0.089,1034.0,546.0,43.2,1.0,22.5,66.4,-0.2882,-0.9576,0.9749,-0.2225
2024-03-03 13:08:00,medium_office,20.6,22.79,42.5,0.101,1004.0,461.0,44.4,1.0,21.56,68.4,-0.2924,-0.9563,0.9749,-0.2225
2024-03-03 13:09:00,medium_office,21.15,23.26,39.7,0.007,994.0,492.0,45.7,1.0,22.25,70.3,-0.2965,-0.955,0.9749,-0.2225
2024-03-03 13:10:00,medium_office,21.24,22.48,39.9,0.162,1021.0,490.0,45.0,1.0,20.46,72.3,-0.3007,-0.9537,0.9749,-0.2225
2024-03-03 13:11:00,medium_office,21.24,22.88,42.0,0.099,1020.0,558.0,45.0,1.0,22.71,74.4,-0.3049,-0.9524,0.9749,-0.2225
2024-03-03 13:12:00,medium_office,21.24,22.8,43.9,0.032,962.0,568.0,42.3,1.0,22.42,76.4,-0.309,-0.9511,0.9749,-0.2225
2024-03-03 13:13:00,medium_office,20.48,22.13,43.1,0.072,1042.0,513.0,45.8,1.0,21.93,78.5,-0.3132,-0.9497,0.9749,-0.2225
2024-03-03 13:14:00,medium_office,20.64,22.38,40.0,0.914,988.0,527.0,44.1,1.0,22.3,80.5,-0.3173,-0.9483,0.9749,-0.2225
2024-03-03 13:15:00,medium_office,21.63,21.84,40.2,0.421,1051.0,526.0,44.7,1.0,23.05,82.7,-0.3214,-0.9469,0.9749,-0.2225
2024-03-03 13:16:00,medium_office,20.71,22.27,40.4,0.438,960.0,462.0,48.5,1.0,20.64,84.8,-0.3256,-0.9455,0.9749,-0.2225
2024-03-03 13:17:00,medium_office,21.19,22.09,40.6,0.142,1010.0,521.0,46.5,1.0,22.13,87.0,-0.3297,-0.9441,0.9749,-0.2225
2024-03-03 13:18:00,medium_office,20.79,22.17,38.6,0.073,994.0,469.0,43.3,1.0,20.74,89.1,-0.3338,-0.9426,0.9749,-0.2225
2024-03-03 13:19:00,medium_office,21.01,22.02,42.1,0.061,941.0,495.0,44.6,1.0,22.11,91.4,-0.3379,-0.9412,0.9749,-0.2225
2024-03-03 13:20:00,medium_office,20.78,22.2,40.7,0.002,1020.0,534.0,49.8,1.0,21.74,93.6,-0.342,-0.9397,0.9749,-0.2225
2024-03-03 13:21:00,medium_office,21.13,22.52,40.1,0.274,942.0,502.0,44.1,1.0,21.95,95.8,-0.3461,-0.9382,0.9749,-0.2225
2024-03-03 13:22:00,medium_office,20.99,22.25,37.7,0.015,991.0,533.0,45.1,1.0,22.8,98.1,-0.3502,-0.9367,0.9749,-0.2225
2024-03-03 13:23:00,medium_office,20.8,21.55,40.3,0.091,1033.0,539.0,47.0,1.0,22.74,100.4,-0.3543,-0.9351,0.9749,-0.2225
2024-03-03 13:24:00,medium_office,20.61,21.98,36.4,0.355,984.0,447.0,45.6,1.0,22.99,102.7,-0.3584,-0.9336,0.9749,-0.2225
2024-03-03 13:25:00,medium_office,20.99,21.67,39.0,0.099,973.0,435.0,43.9,1.0,21.48,105.1,-0.3624,-0.932,0.9749,-0.2225
2024-03-03 13:26:00,medium_office,20.54,22.36,39.1,0.003,1024.0,535.0,42.8,1.0,22.56,107.5,-0.3665,-0.9304,0.9749,-0.2225
2024-03-03 13:27:00,medium_office,21.02,22.46,40.8,0.319,993.0,536.0,45.0,1.0,22.34,109.9,-0.3706,-0.9288,0.9749,-0.2225
2024-03-03 13:28:00,medium_office,21.66,22.35,43.9,0.017,988.0,508.0,47.0,1.0,21.44,112.3,-0.3746,-0.9272,0.9749,-0.2225
2024-03-03 13:29:00,medium_office,21.27,21.93,41.3,0.159,1038.0,512.0,49.0,1.0,21.91,114.7,-0.3786,-0.9255,0.9749,-0.2225
2024-03-03 13:30:00,medium_office,21.07,22.33,43.1,0.033,965.0,527.0,40.6,1.0,21.64,117.2,-0.3827,-0.9239,0.9749,-0.2225
2024-03-03 13:31:00,medium_office,20.81,22.04,41.4,0.082,986.0,526.0,50.3,1.0,23.14,119.6,-0.3867,-0.9222,0.9749,-0.2225
2024-03-03 13:32:00,medium_office,20.25,21.76,42.4,0.056,1026.0,491.0,44.1,1.0,22.54,122.1,-0.3907,-0.9205,0.9749,-0.2225
2024-03-03 13:33:00,medium_office,20.42,22.51,43.9,0.095,963.0,529.0,47.8,1.0,21.37,124.7,-0.3947,-0.9188,0.9749,-0.2225
2024-03-03 13:34:00,medium_office,21.19,22.53,38.7,0.026,1053.0,490.0,42.8,1.0,21.28,127.2,-0.3987,-0.9171,0.9749,-0.2225
2024-03-03 13:35:00,medium_office,20.55,22.57,38.5,0.066,993.0,507.0,40.2,1.0,22.62,129.8,-0.4027,-0.9153,0.9749,-0.2225
2024-03-03 13:36:00,medium_office,20.57,21.94,41.5,0.116,1026.0,506.0,41.1,1.0,22.98,132.3,-0.4067,-0.9135,0.9749,-0.2225
2024-03-03 13:37:00,medium_office,20.72,22.65,40.1,0.07,1026.0,474.0,44.0,1.0,21.94,135.0,-0.4107,-0.9118,0.9749,-0.2225
2024-03-03 13:38:00,medium_office,20.44,21.97,40.5,0.028,995.0,478.0,46.6,1.0,22.26,137.6,-0.4147,-0.91,0.9749,-0.2225
2024-03-03 13:39:00,medium_office,20.38,22.42,39.6,0.316,986.0,567.0,45.1,1.0,22.88,140.2,-0.4187,-0.9081,0.9749,-0.2225
2024-03-03 13:40:00,medium_office,20.72,21.95,38.9,0.388,999.0,473.0,44.2,1.0,21.38,142.9,-0.4226,-0.9063,0.9749,-0.2225
2024-03-03 13:41:00,medium_office,20.45,22.06,43.3,0.409,1021.0,511.0,48.4,1.0,21.62,145.6,-0.4266,-0.9045,0.9749,-0.2225
2024-03-03 13:42:00,medium_office,20.49,21.17,37.9,0.039,970.0,517.0,45.0,1.0,22.0,148.3,-0.4305,-0.9026,0.9749,-0.2225
2024-03-03 13:43:00,medium_office,20.46,22.01,41.4,0.094,964.0,498.0,45.8,1.0,21.07,151.0,-0.4344,-0.9007,0.9749,-0.2225
2024-03-03 13:44:00,medium_office,20.84,22.16,41.1,0.371,1045.0,520.0,54.3,1.0,23.17,153.7,-0.4384,-0.8988,0.9749,-0.2225
2024-03-03 13:45:00,medium_office,20.6,21.95,36.9,0.787,978.0,510.0,45.0,1.0,21.02,156.5,-0.4423,-0.8969,0.9749,-0.2225
2024-03-03 13:46:00,medium_office,20.61,22.81,38.4,0.017,1011.0,474.0,42.9,1.0,21.5,159.3,-0.4462,-0.8949,0.9749,-0.2225
2024-03-03 13:47:00,medium_office,20.83,21.63,38.7,0.151,994.0,516.0,46.4,1.0,23.33,162.1,-0.4501,-0.893,0.9749,-0.2225
2024-03-03 13:48:00,medium_office,20.6,21.87,41.2,0.025,995.0,484.0,47.2,1.0,19.53,164.9,-0.454,-0.891,0.9749,-0.2225
2024-03-03 13:49:00,medium_office,20.54,21.72,39.3,0.159,1043.0,552.0,45.9,1.0,21.59,167.7,-0.4579,-0.889,0.9749,-0.2225
2024-03-03 13:50:00,medium_office,20.76,21.85,39.9,0.074,997.0,513.0,45.5,1.0,20.7,170.6,-0.4617,-0.887,0.9749,-0.2225
2024-03-03 13:51:00,medium_office,20.8,22.48,37.1,0.4,989.0,479.0,49.4,1.0,21.34,173.4,-0.4656,-0.885,0.9749,-0.2225
2024-03-03 13:52:00,medium_office,20.55,22.65,44.7,0.012,992.0,510.0,49.1,1.0,20.11,176.3,-0.4695,-0.8829,0.9749,-0.2225
2024-03-03 13:53:00,medium_office,20.6,21.77,40.2,0.06,985.0,472.0,44.6,1.0,20.93,179.2,-0.4733,-0.8809,0.9749,-0.2225
2024-03-03 13:54:00,medium_office,20.33,21.76,41.0,0.126,980.0,508.0,43.1,1.0,21.3,182.1,-0.4772,-0.8788,0.9749,-0.2225
2024-03-03 13:55:00,medium_office,20.3,21.58,38.9,0.067,985.0,493.0,46.3,1.0,21.5,185.1,-0.481,-0.8767,0.9749,-0.2225
2024-03-03 13:56:00,medium_office,20.78,22.55,38.7,0.1,1050.0,475.0,43.1,1.0,22.14,188.0,-0.4848,-0.8746,0.9749,-0.2225
2024-03-03 13:57:00,medium_office,20.67,22.47,43.8,0.031,1021.0,475.0,47.7,1.0,18.9,191.0,-0.4886,-0.8725,0.9749,-0.2225
2024-03-03 13:58:00,medium_office,20.66,21.97,36.2,0.254,990.0,573.0,46.3,1.0,21.08,194.0,-0.4924,-0.8704,0.9749,-0.2225
2024-03-03 13:59:00,medium_office,20.6,21.45,40.6,0.271,1029.0,503.0,53.0,1.0,21.01,197.0,-0.4962,-0.8682,0.9749,-0.2225
2024-03-03 14:00:00,medium_office,20.51,21.48,37.6,0.011,952.0,487.0,49.4,1.0,21.1,200.0,-0.5,-0.866,0.9749,-0.2225
2024-03-03 14:01:00,medium_office,20.7,22.06,39.2,0.169,1041.0,482.0,41.8,1.0,21.18,203.0,-0.5038,-0.8638,0.9749,-0.2225
2024-03-03 14:02:00,medium_office,20.76,22.2,38.7,0.107,1039.0,514.0,43.4,1.0,20.3,206.1,-0.5075,-0.8616,0.9749,-0.2225
2024-03-03 14:03:00,medium_office,20.74,21.15,38.0,0.086,1067.0,481.0,39.3,1.0,19.57,209.1,-0.5113,-0.8594,0.9749,-0.2225
2024-03-03 14:04:00,medium_office,20.42,21.84,40.1,0.187,1030.0,467.0,38.6,1.0,21.31,212.2,-0.515,-0.8572,0.9749,-0.2225
2024-03-03 14:05:00,medium_office,20.86,22.61,34.9,0.361,1013.0,499.0,45.3,1.0,20.08,215.3,-0.5188,-0.8549,0.9749,-0.2225
2024-03-03 14:06:00,medium_office,20.5,21.87,39.4,0.138,1039.0,499.0,41.4,1.0,21.46,218.4,-0.5225,-0.8526,0.9749,-0.2225
2024-03-03 14:07:00,medium_office,20.61,22.54,39.8,0.018,981.0,487.0,49.9,1.0,20.11,221.5,-0.5262,-0.8504,0.9749,-0.2225
2024-03-03 14:08:00,medium_office,20.49,22.2,37.3,0.009,988.0,473.0,48.5,1.0,21.72,224.7,-0.5299,-0.848,0.9749,-0.2225
2024-03-03 14:09:00,medium_office,20.47,21.5,43.0,0.144,998.0,488.0,44.2,1.0,20.96,227.8,-0.5336,-0.8457,0.9749,-0.2225
2024-03-03 14:10:00,medium_office,20.17,21.81,38.8,0.115,1041.0,486.0,44.0,1.0,21.01,231.0,-0.5373,-0.8434,0.9749,-0.2225
2024-03-03 14:11:00,medium_office,20.59,21.87,39.5,0.054,974.0,482.0,49.5,1.0,20.73,234.1,-0.541,-0.841,0.9749,-0.2225
2024-03-03 14:12:00,medium_office,21.22,21.53,38.8,0.041,971.0,508.0,50.1,1.0,20.55,237.3,-0.5446,-0.8387,0.9749,-0.2225
2024-03-03 14:13:00,medium_office,20.24,21.52,39.8,0.079,1007.0,567.0,42.2,1.0,20.71,240.5,-0.5483,-0.8363,0.9749,-0.2225
2024-03-03 14:14:00,medium_office,20.37,22.5,42.6,0.023,1022.0,540.0,41.8,1.0,22.11,243.7,-0.5519,-0.8339,0.9749,-0.2225
2024-03-03 14:15:00,medium_office,20.2,21.5,44.9,0.071,979.0,558.0,44.1,1.0,19.38,246.9,-0.5556,-0.8315,0.9749,-0.2225
2024-03-03 14:16:00,medium_office,20.18,22.31,41.5,0.038,1020.0,483.0,46.3,1.0,20.25,250.2,-0.5592,-0.829,0.9749,-0.2225
2024-03-03 14:17:00,medium_office,20.77,21.7,42.2,0.031,1041.0,550.0,43.5,1.0,21.94,253.4,-0.5628,-0.8266,0.9749,-0.2225
2024-03-03 14:18:00,medium_office,20.1,21.86,43.4,0.058,1036.0,507.0,46.4,1.0,21.68,256.7,-0.5664,-0.8241,0.9749,-0.2225
2024-03-03 14:19:00,medium_office,20.15,22.08,40.5,0.019,1011.0,530.0,50.9,1.0,22.19,259.9,-0.57,-0.8216,0.9749,-0.2225
2024-03-03 14:20:00,medium_office,19.8,21.61,43.1,0.493,997.0,514.0,40.8,1.0,20.77,263.2,-0.5736,-0.8192,0.9749,-0.2225
2024-03-03 14:21:00,medium_office,20.04,22.07,41.6,0.04,1052.0,490.0,43.7,1.0,19.5,266.5,-0.5771,-0.8166,0.9749,-0.2225
2024-03-03 14:22:00,medium_office,19.75,21.02,40.3,0.122,1000.0,522.0,40.8,1.0,19.69,269.8,-0.5807,-0.8141,0.9749,-0.2225
2024-03-03 14:23:00,medium_office,20.44,22.01,40.7,0.531,1028.0,515.0,42.5,1.0,20.49,273.1,-0.5842,-0.8116,0.9749,-0.2225
2024-03-03 14:24:00,medium_office,21.08,20.84,36.4,0.076,1059.0,447.0,44.1,1.0,21.53,276.4,-0.5878,-0.809,0.9749,-0.2225
2024-03-03 14:25:00,medium_office,20.12,21.73,40.6,0.596,1025.0,496.0,42.8,1.0,20.5,279.7,-0.5913,-0.8064,0.9749,-0.2225
2024-03-03 14:26:00,medium_office,19.72,22.15,36.9,0.521,970.0,526.0,46.6,1.0,20.41,283.1,-0.5948,-0.8039,0.9749,-0.2225
2024-03-03 14:27:00,medium_office,20.48,22.05,36.8,0.233,963.0,508.0,45.5,1.0,21.12,286.4,-0.5983,-0.8013,0.9749,-0.2225
2024-03-03 14:28:00,medium_office,19.98,21.28,40.4,0.004,991.0,514.0,45.9,1.0,20.74,289.7,-0.6018,-0.7986,0.9749,-0.2225
2024-03-03 14:29:00,medium_office,20.57,21.32,37.8,0.054,1021.0,477.0,44.1,1.0,20.26,293.1,-0.6053,-0.796,0.9749,-0.2225
2024-03-03 14:30:00,medium_office,20.09,21.51,40.0,0.246,1013.0,508.0,44.4,1.0,19.68,296.5,-0.6088,-0.7934,0.9749,-0.2225
2024-03-03 14:31:00,medium_office,19.97,21.85,40.3,0.056,1066.0,497.0,43.9,1.0,21.62,299.8,-0.6122,-0.7907,0.9749,-0.2225
2024-03-03 14:32:00,medium_office,20.1,20.96,40.4,0.018,1013.0,494.0,44.3,1.0,21.7,303.2,-0.6157,-0.788,0.9749,-0.2225
2024-03-03 14:33:00,medium_office,20.37,21.76,38.2,0.016,990.0,480.0,46.3,1.0,19.58,306.6,-0.6191,-0.7853,0.9749,-0.2225
2024-03-03 14:34:00,medium_office,20.06,21.88,41.8,0.085,966.0,527.0,39.2,1.0,20.23,310.0,-0.6225,-0.7826,0.9749,-0.2225
2024-03-03 14:35:00,medium_office,19.97,21.63,39.9,0.102,1035.0,510.0,45.9,1.0,21.28,313.4,-0.6259,-0.7799,0.9749,-0.2225
2024-03-03 14:36:00,medium_office,20.05,21.95,40.9,0.063,1000.0,507.0,42.4,1.0,19.46,316.8,-0.6293,-0.7771,0.9749,-0.2225
2024-03-03 14:37:00,medium_office,19.72,21.82,37.7,0.2,955.0,562.0,44.0,1.0,20.95,320.3,-0.6327,-0.7744,0.9749,-0.2225
2024-03-03 14:38:00,medium_office,20.21,21.51,39.7,0.344,1001.0,514.0,40.3,1.0,20.25,323.7,-0.6361,-0.7716,0.9749,-0.2225
2024-03-03 14:39:00,medium_office,19.55,20.95,42.3,0.039,970.0,536.0,43.9,1.0,19.35,327.1,-0.6394,-0.7688,0.9749,-0.2225
2024-03-03 14:40:00,medium_office,19.94,21.77,42.0,0.121,987.0,508.0,45.8,1.0,22.33,330.5,-0.6428,-0.766,0.9749,-0.2225
2024-03-03 14:41:00,medium_office,20.29,21.33,38.5,0.02,1000.0,489.0,46.4,1.0,20.2,334.0,-0.6461,-0.7632,0.9749,-0.2225
2024-03-03 14:42:00,medium_office,20.14,21.47,39.0,0.49,973.0,468.0,41.4,1.0,21.05,337.4,-0.6494,-0.7604,0.9749,-0.2225
2024-03-03 14:43:00,medium_office,20.22,21.89,38.1,0.248,985.0,507.0,46.2,1.0,19.39,340.9,-0.6528,-0.7576,0.9749,-0.2225
2024-03-03 14:44:00,medium_office,20.01,22.25,38.8,0.286,978.0,420.0,48.4,1.0,22.05,344.3,-0.6561,-0.7547,0.9749,-0.2225
2024-03-03 14:45:00,medium_office,20.37,21.67,37.3,0.343,978.0,508.0,43.5,1.0,22.43,347.8,-0.6593,-0.7518,0.9749,-0.2225
2024-03-03 14:46:00,medium_office,20.29,21.9,39.8,0.063,970.0,509.0,45.0,1.0,18.97,351.3,-0.6626,-0.749,0.9749,-0.2225
2024-03-03 14:47:00,medium_office,20.14,21.09,41.4,0.112,986.0,493.0,38.8,1.0,20.3,354.7,-0.6659,-0.7461,0.9749,-0.2225
2024-03-03 14:48:00,medium_office,20.27,21.76,38.6,0.415,973.0,497.0,42.3,1.0,21.78,358.2,-0.6691,-0.7431,0.9749,-0.2225
2024-03-03 14:49:00,medium_office,20.21,21.63,40.0,0.266,1018.0,462.0,45.8,1.0,19.97,361.7,-0.6724,-0.7402,0.9749,-0.2225
2024-03-03 14:50:00,medium_office,19.84,22.14,39.7,0.305,1006.0,542.0,47.9,1.0,20.84,365.1,-0.6756,-0.7373,0.9749,-0.2225
2024-03-03 14:51:00,medium_office,19.56,21.43,42.3,0.034,1036.0,490.0,43.2,1.0,18.74,368.6,-0.6788,-0.7343,0.9749,-0.2225
2024-03-03 14:52:00,medium_office,20.08,21.54,38.9,0.008,1057.0,471.0,53.0,1.0,19.62,372.1,-0.682,-0.7314,0.9749,-0.2225
2024-03-03 14:53:00,medium_office,20.11,22.05,39.0,0.025,1020.0,516.0,45.9,1.0,20.7,375.6,-0.6852,-0.7284,0.9749,-0.2225
2024-03-03 14:54:00,medium_office,20.26,21.59,38.5,0.029,1013.0,503.0,41.2,1.0,19.8,379.1,-0.6884,-0.7254,0.9749,-0.2225
2024-03-03 14:55:00,medium_office,19.64,21.17,37.9,0.194,1022.0,489.0,48.9,1.0,20.01,382.6,-0.6915,-0.7224,0.9749,-0.2225
2024-03-03 14:56:00,medium_office,19.64,22.63,41.3,0.343,1014.0,486.0,41.2,1.0,18.85,386.0,-0.6947,-0.7193,0.9749,-0.2225
2024-03-03 14:57:00,medium_office,20.04,21.17,39.9,0.077,1002.0,500.0,46.0,1.0,21.01,389.5,-0.6978,-0.7163,0.9749,-0.2225
2024-03-03 14:58:00,medium_office,19.88,21.57,40.3,0.087,999.0,540.0,42.2,1.0,19.0,393.0,-0.7009,-0.7133,0.9749,-0.2225
2024-03-03 14:59:00,medium_office,19.32,21.73,42.8,0.006,969.0,514.0,40.9,1.0,21.87,396.5,-0.704,-0.7102,0.9749,-0.2225
2024-03-03 15:00:00,medium_office,19.99,21.69,42.9,0.233,1025.0,499.0,47.9,1.0,19.64,400.0,-0.7071,-0.7071,0.9749,-0.2225
2024-03-03 15:01:00,medium_office,19.31,21.5,36.9,0.339,999.0,526.0,44.2,1.0,21.11,403.5,-0.7102,-0.704,0.9749,-0.2225
2024-03-03 15:02:00,medium_office,19.58,21.5,41.5,0.232,1043.0,501.0,50.2,1.0,21.01,407.0,-0.7133,-0.7009,0.9749,-0.2225
2024-03-03 15:03:00,medium_office,20.26,21.47,40.7,0.131,1027.0,512.0,41.9,1.0,19.31,410.5,-0.7163,-0.6978,0.9749,-0.2225
2024-03-03 15:04:00,medium_office,20.39,21.11,39.3,0.042,981.0,505.0,40.3,1.0,19.71,414.0,-0.7193,-0.6947,0.9749,-0.2225
2024-03-03 15:05:00,medium_office,19.47,22.42,40.9,0.181,1037.0,518.0,43.6,1.0,19.82,417.4,-0.7224,-0.6915,0.9749,-0.2225
2024-03-03 15:06:00,medium_office,19.73,21.46,36.8,0.046,923.0,487.0,53.7,1.0,19.88,420.9,-0.7254,-0.6884,0.9749,-0.2225
2024-03-03 15:07:00,medium_office,19.83,21.78,43.2,0.04,1058.0,466.0,47.5,1.0,18.96,424.4,-0.7284,-0.6852,0.9749,-0.2225
2024-03-03 15:08:00,medium_office,20.34,21.4,41.3,0.082,960.0,527.0,46.7,1.0,20.78,427.9,-0.7314,-0.682,0.9749,-0.2225
2024-03-03 15:09:00,medium_office,19.65,21.39,38.6,0.11,1015.0,545.0,46.8,1.0,19.55,431.4,-0.7343,-0.6788,0.9749,-0.2225
2024-03-03 15:10:00,medium_office,19.65,21.34,39.2,0.08,1013.0,467.0,43.5,1.0,20.12,434.9,-0.7373,-0.6756,0.9749,-0.2225
2024-03-03 15:11:00,medium_office,20.24,20.9,36.9,0.057,1034.0,505.0,53.2,1.0,21.23,438.3,-0.7402,-0.6724,0.9749,-0.2225
2024-03-03 15:12:00,medium_office,19.66,21.45,39.7,0.224,990.0,487.0,46.4,1.0,20.79,441.8,-0.7431,-0.6691,0.9749,-0.2225
2024-03-03 15:13:00,medium_office,19.98,21.35,39.4,0.066,936.0,527.0,46.1,1.0,19.59,445.3,-0.7461,-0.6659,0.9749,-0.2225
2024-03-03 15:14:00,medium_office,19.31,21.97,37.7,0.334,990.0,507.0,48.0,1.0,21.24,448.7,-0.749,-0.6626,0.9749,-0.2225
2024-03-03 15:15:00,medium_office,19.69,21.02,41.9,0.043,993.0,600.0,41.2,1.0,20.86,452.2,-0.7518,-0.6593,0.9749,-0.2225
2024-03-03 15:16:00,medium_office,19.24,21.26,43.0,0.17,939.0,491.0,42.4,1.0,19.48,455.7,-0.7547,-0.6561,0.9749,-0.2225
2024-03-03 15:17:00,medium_office,19.41,21.13,40.4,0.0,1001.0,546.0,44.3,1.0,19.66,459.1,-0.7576,-0.6528,0.9749,-0.2225
2024-03-03 15:18:00,medium_office,19.97,22.06,39.8,0.174,968.0,549.0,48.0,1.0,21.17,462.6,-0.7604,-0.6494,0.9749,-0.2225
2024-03-03 15:19:00,medium_office,19.7,21.13,41.3,0.13,1019.0,516.0,41.1,1.0,20.94,466.0,-0.7632,-0.6461,0.9749,-0.2225
2024-03-03 15:20:00,medium_office,19.61,21.69,40.4,0.151,993.0,501.0,44.8,1.0,18.65,469.5,-0.766,-0.6428,0.9749,-0.2225
2024-03-03 15:21:00,medium_office,19.47,21.85,38.3,0.0,1059.0,503.0,44.4,1.0,19.14,472.9,-0.7688,-0.6394,0.9749,-0.2225
2024-03-03 15:22:00,medium_office,19.62,21.4,39.2,0.05,992.0,500.0,40.3,1.0,20.84,476.3,-0.7716,-0.6361,0.9749,-0.2225
2024-03-03 15:23:00,medium_office,19.77,20.9,39.9,0.187,1013.0,534.0,43.5,1.0,18.96,479.7,-0.7744,-0.6327,0.9749,-0.2225
2024-03-03 15:24:00,medium_office,19.96,20.9,41.0,0.096,994.0,474.0,46.6,1.0,20.94,483.2,-0.7771,-0.6293,0.9749,-0.2225
2024-03-03 15:25:00,medium_office,18.87,21.78,40.5,0.146,951.0,495.0,40.6,1.0,22.06,486.6,-0.7799,-0.6259,0.9749,-0.2225
2024-03-03 15:26:00,medium_office,19.4,20.93,41.0,0.092,994.0,492.0,49.2,1.0,20.49,490.0,-0.7826,-0.6225,0.9749,-0.2225
2024-03-03 15:27:00,medium_office,19.69,21.59,37.5,0.242,1023.0,448.0,46.4,1.0,19.19,493.4,-0.7853,-0.6191,0.9749,-0.2225
2024-03-03 15:28:00,medium_office,19.61,21.47,41.9,0.097,1018.0,526.0,46.0,1.0,20.28,496.8,-0.788,-0.6157,0.9749,-0.2225
2024-03-03 15:29:00,medium_office,19.75,21.57,40.6,0.048,991.0,532.0,45.0,1.0,21.14,500.2,-0.7907,-0.6122,0.9749,-0.2225
2024-03-03 15:30:00,medium_office,19.7,21.6,45.7,0.035,956.0,481.0,41.7,1.0,20.19,503.5,-0.7934,-0.6088,0.9749,-0.2225
2024-03-03 15:31:00,medium_office,19.52,21.03,39.8,0.7,1019.0,531.0,43.1,1.0,20.57,506.9,-0.796,-0.6053,0.9749,-0.2225
2024-03-03 15:32:00,medium_office,19.45,21.01,41.3,0.096,1013.0,452.0,46.1,1.0,19.29,510.3,-0.7986,-0.6018,0.9749,-0.2225
2024-03-03 15:33:00,medium_office,19.52,21.68,46.3,0.198,1025.0,501.0,43.0,1.0,19.36,513.6,-0.8013,-0.5983,0.9749,-0.2225
2024-03-03 15:34:00,medium_office,19.93,21.14,41.0,0.414,992.0,496.0,45.6,1.0,20.98,516.9,-0.8039,-0.5948,0.9749,-0.2225
2024-03-03 15:35:00,medium_office,19.36,20.29,40.5,0.129,949.0,503.0,42.3,1.0,19.36,520.3,-0.8064,-0.5913,0.9749,-0.2225
2024-03-03 15:36:00,medium_office,19.55,21.64,38.7,0.068,1016.0,502.0,46.4,1.0,17.48,523.6,-0.809,-0.5878,0.9749,-0.2225
2024-03-03 15:37:00,medium_office,19.62,20.96,43.8,0.436,1000.0,498.0,46.6,1.0,19.76,526.9,-0.8116,-0.5842,0.9749,-0.2225
2024-03-03 15:38:00,medium_office,20.03,21.56,38.4,0.117,1042.0,488.0,40.1,1.0,20.37,530.2,-0.8141,-0.5807,0.9749,-0.2225
2024-03-03 15:39:00,medium_office,19.46,21.92,41.6,0.186,1001.0,497.0,45.2,1.0,21.11,533.5,-0.8166,-0.5771,0.9749,-0.2225
2024-03-03 15:40:00,medium_office,19.83,21.37,39.8,0.098,999.0,541.0,40.4,1.0,21.69,536.8,-0.8192,-0.5736,0.9749,-0.2225
2024-03-03 15:41:00,medium_office,19.9,21.76,40.4,0.208,1013.0,483.0,39.4,1.0,20.13,540.1,-0.8216,-0.57,0.9749,-0.2225
2024-03-03 15:42:00,medium_office,19.51,21.41,37.9,0.073,982.0,568.0,43.2,1.0,20.7,543.3,-0.8241,-0.5664,0.9749,-0.2225
2024-03-03 15:43:00,medium_office,19.46,21.98,43.5,0.192,981.0,481.0,53.4,1.0,20.16,546.6,-0.8266,-0.5628,0.9749,-0.2225
2024-03-03 15:44:00,medium_office,19.41,20.92,40.3,0.312,997.0,507.0,47.3,1.0,20.39,549.8,-0.829,-0.5592,0.9749,-0.2225
2024-03-03 15:45:00,medium_office,19.43,21.33,38.4,0.128,972.0,517.0,49.2,1.0,19.84,553.1,-0.8315,-0.5556,0.9749,-0.2225
2024-03-03 15:46:00,medium_office,19.75,21.6,43.4,0.436,993.0,491.0,46.8,1.0,20.42,556.3,-0.8339,-0.5519,0.9749,-0.2225
2024-03-03 15:47:00,medium_office,19.56,21.25,39.9,0.034,1058.0,541.0,45.6,1.0,19.3,559.5,-0.8363,-0.5483,0.9749,-0.2225
2024-03-03 15:48:00,medium_office,19.55,21.78,41.6,0.443,1031.0,516.0,47.7,1.0,22.0,562.7,-0.8387,-0.5446,0.9749,-0.2225
2024-03-03 15:49:00,medium_office,19.14,21.15,42.6,0.185,1009.0,494.0,43.1,1.0,17.63,565.9,-0.841,-0.541,0.9749,-0.2225
2024-03-03 15:50:00,medium_office,19.18,22.14,41.9,0.001,1047.0,541.0,46.4,1.0,20.59,569.0,-0.8434,-0.5373,0.9749,-0.2225
2024-03-03 15:51:00,medium_office,20.11,22.16,36.5,0.122,975.0,470.0,48.5,1.0,20.34,572.2,-0.8457,-0.5336,0.9749,-0.2225
2024-03-03 15:52:00,medium_office,19.4,21.42,42.3,0.013,1075.0,483.0,47.1,1.0,20.38,575.3,-0.848,-0.5299,0.9749,-0.2225
2024-03-03 15:53:00,medium_office,19.22,21.52,40.8,0.017,986.0,517.0,48.7,1.0,18.83,578.5,-0.8504,-0.5262,0.9749,-0.2225
2024-03-03 15:54:00,medium_office,19.87,21.77,40.3,0.011,1060.0,524.0,45.5,1.0,18.33,581.6,-0.8526,-0.5225,0.9749,-0.2225
2024-03-03 15:55:00,medium_office,19.52,20.82,40.8,0.232,1060.0,510.0,50.1,1.0,20.61,584.7,-0.8549,-0.5188,0.9749,-0.2225
2024-03-03 15:56:00,medium_office,19.6,20.76,37.8,0.249,947.0,496.0,44.4,1.0,21.35,587.8,-0.8572,-0.515,0.9749,-0.2225
2024-03-03 15:57:00,medium_office,19.38,21.78,41.4,0.081,1044.0,492.0,51.4,1.0,20.23,590.9,-0.8594,-0.5113,0.9749,-0.2225
2024-03-03 15:58:00,medium_office,19.32,21.39,38.3,0.089,991.0,534.0,46.7,1.0,20.81,593.9,-0.8616,-0.5075,0.9749,-0.2225
2024-03-03 15:59:00,medium_office,19.36,21.18,40.5,0.229,983.0,507.0,43.8,1.0,19.54,597.0,-0.8638,-0.5038,0.9749,-0.2225
2024-03-03 16:00:00,medium_office,18.99,21.27,41.4,0.036,1016.0,474.0,41.5,1.0,20.33,600.0,-0.866,-0.5,0.9749,-0.2225
2024-03-03 16:01:00,medium_office,19.37,20.31,43.3,0.007,970.0,472.0,42.6,1.0,21.23,603.0,-0.8682,-0.4962,0.9749,-0.2225
2024-03-03 16:02:00,medium_office,19.48,21.18,39.5,0.043,1015.0,545.0,42.1,1.0,19.69,606.0,-0.8704,-0.4924,0.9749,-0.2225
2024-03-03 16:03:00,medium_office,19.94,20.95,44.1,0.294,972.0,478.0,44.7,1.0,21.19,609.0,-0.8725,-0.4886,0.9749,-0.2225
2024-03-03 16:04:00,medium_office,19.4,21.62,43.1,0.077,1005.0,508.0,41.2,1.0,18.37,612.0,-0.8746,-0.4848,0.9749,-0.2225
2024-03-03 16:05:00,medium_office,18.67,21.64,40.4,0.248,1040.0,541.0,48.9,1.0,19.39,614.9,-0.8767,-0.481,0.9749,-0.2225
2024-03-03 16:06:00,medium_office,19.34,21.47,39.0,0.475,1012.0,516.0,45.3,1.0,20.55,617.9,-0.8788,-0.4772,0.9749,-0.2225
2024-03-03 16:07:00,medium_office,20.18,21.4,38.4,0.005,989.0,477.0,45.2,1.0,21.9,620.8,-0.8809,-0.4733,0.9749,-0.2225
2024-03-03 16:08:00,medium_office,19.61,20.64,41.8,0.138,1016.0,470.0,41.5,1.0,20.01,623.7,-0.8829,-0.4695,0.9749,-0.2225
2024-03-03 16:09:00,medium_office,19.1,21.47,39.8,0.221,958.0,556.0,42.7,1.0,18.97,626.6,-0.885,-0.4656,0.9749,-0.2225
2024-03-03 16:10:00,medium_office,19.52,21.48,43.7,0.028,975.0,469.0,38.3,1.0,21.88,629.4,-0.887,-0.4617,0.9749,-0.2225
2024-03-03 16:11:00,medium_office,19.11,21.72,40.0,0.163,987.0,483.0,49.9,1.0,19.88,632.3,-0.889,-0.4579,0.9749,-0.2225
2024-03-03 16:12:00,medium_office,18.92,22.07,39.6,0.056,1024.0,511.0,40.7,1.0,20.67,635.1,-0.891,-0.454,0.9749,-0.2225
2024-03-03 16:13:00,medium_office,19.22,20.54,41.9,0.156,1012.0,493.0,41.0,1.0,19.67,637.9,-0.893,-0.4501,0.9749,-0.2225
2024-03-03 16:14:00,medium_office,19.34,21.05,40.0,0.039,1016.0,517.0,49.2,1.0,20.15,640.7,-0.8949,-0.4462,0.9749,-0.2225
2024-03-03 16:15:00,medium_office,18.75,20.91,41.4,0.355,999.0,456.0,46.2,1.0,19.44,643.5,-0.8969,-0.4423,0.9749,-0.2225
2024-03-03 16:16:00,medium_office,18.96,21.27,43.4,0.432,976.0,494.0,45.4,1.0,22.27,646.3,-0.8988,-0.4384,0.9749,-0.2225
2024-03-03 16:17:00,medium_office,19.3,21.2,41.7,0.019,1045.0,520.0,46.0,1.0,21.2,649.0,-0.9007,-0.4344,0.9749,-0.2225
2024-03-03 16:18:00,medium_office,19.17,21.1,41.7,0.334,979.0,520.0,47.9,1.0,21.78,651.7,-0.9026,-0.4305,0.9749,-0.2225
2024-03-03 16:19:00,medium_office,19.41,21.6,41.9,0.106,1013.0,483.0,45.3,1.0,19.23,654.4,-0.9045,-0.4266,0.9749,-0.2225
2024-03-03 16:20:00,medium_office,18.92,20.75,38.2,0.025,997.0,469.0,40.4,1.0,18.19,657.1,-0.9063,-0.4226,0.9749,-0.2225
2024-03-03 16:21:00,medium_office,19.49,20.77,42.4,0.039,1017.0,506.0,47.2,1.0,19.73,659.8,-0.9081,-0.4187,0.9749,-0.2225
2024-03-03 16:22:00,medium_office,18.91,20.77,41.9,0.357,982.0,461.0,46.3,1.0,22.54,662.4,-0.91,-0.4147,0.9749,-0.2225
2024-03-03 16:23:00,medium_office,19.76,21.03,43.4,0.155,1032.0,539.0,48.5,1.0,19.7,665.0,-0.9118,-0.4107,0.9749,-0.2225
2024-03-03 16:24:00,medium_office,18.74,20.68,42.9,0.016,1041.0,505.0,41.3,1.0,21.08,667.7,-0.9135,-0.4067,0.9749,-0.2225
2024-03-03 16:25:00,medium_office,18.93,21.15,41.3,0.121,1030.0,479.0,42.8,1.0,19.0,670.2,-0.9153,-0.4027,0.9749,-0.2225
2024-03-03 16:26:00,medium_office,19.37,21.1,43.8,0.21,1005.0,468.0,46.2,1.0,19.2,672.8,-0.9171,-0.3987,0.9749,-0.2225
2024-03-03 16:27:00,medium_office,19.74,20.85,41.1,0.1,987.0,481.0,42.2,1.0,19.96,675.3,-0.9188,-0.3947,0.9749,-0.2225
2024-03-03 16:28:00,medium_office,19.33,21.51,42.2,0.05,1085.0,453.0,37.9,1.0,22.15,677.9,-0.9205,-0.3907,0.9749,-0.2225
2024-03-03 16:29:00,medium_office,19.4,21.13,41.1,0.377,970.0,515.0,45.6,1.0,21.14,680.4,-0.9222,-0.3867,0.9749,-0.2225
2024-03-03 16:30:00,medium_office,19.23,21.58,42.7,0.596,1026.0,476.0,47.7,1.0,17.99,682.8,-0.9239,-0.3827,0.9749,-0.2225
2024-03-03 16:31:00,medium_office,18.92,21.07,41.1,0.103,1010.0,512.0,44.6,1.0,20.72,685.3,-0.9255,-0.3786,0.9749,-0.2225
2024-03-03 16:32:00,medium_office,19.07,21.14,45.1,0.119,998.0,516.0,46.6,1.0,18.91,687.7,-0.9272,-0.3746,0.9749,-0.2225
2024-03-03 16:33:00,medium_office,18.85,20.92,45.9,0.037,1006.0,529.0,46.2,1.0,19.38,690.1,-0.9288,-0.3706,0.9749,-0.2225
2024-03-03 16:34:00,medium_office,18.83,21.14,43.6,0.219,985.0,508.0,45.0,1.0,20.57,692.5,-0.9304,-0.3665,0.9749,-0.2225
2024-03-03 16:35:00,medium_office,19.32,21.42,45.0,0.137,1013.0,534.0,45.4,1.0,21.47,694.9,-0.932,-0.3624,0.9749,-0.2225
2024-03-03 16:36:00,medium_office,18.86,20.97,38.9,0.021,1010.0,542.0,49.0,1.0,21.42,697.3,-0.9336,-0.3584,0.9749,-0.2225
2024-03-03 16:37:00,medium_office,19.29,21.34,39.1,0.123,1080.0,508.0,42.1,1.0,20.41,699.6,-0.9351,-0.3543,0.9749,-0.2225
2024-03-03 16:38:00,medium_office,18.8,20.8,41.3,0.06,1032.0,510.0,47.3,1.0,20.43,701.9,-0.9367,-0.3502,0.9749,-0.2225
2024-03-03 16:39:00,medium_office,19.27,21.43,42.1,0.051,1015.0,483.0,41.5,1.0,21.43,704.2,-0.9382,-0.3461,0.9749,-0.2225
2024-03-03 16:40:00,medium_office,19.03,20.89,41.6,0.12,1017.0,470.0,42.6,1.0,18.52,706.4,-0.9397,-0.342,0.9749,-0.2225
2024-03-03 16:41:00,medium_office,19.6,21.46,38.8,0.031,1055.0,538.0,48.6,1.0,21.92,708.6,-0.9412,-0.3379,0.9749,-0.2225
2024-03-03 16:42:00,medium_office,19.27,21.14,44.4,0.309,971.0,518.0,41.4,1.0,19.37,710.9,-0.9426,-0.3338,0.9749,-0.2225
2024-03-03 16:43:00,medium_office,19.54,21.72,46.4,0.039,995.0,521.0,44.3,1.0,20.37,713.0,-0.9441,-0.3297,0.9749,-0.2225
2024-03-03 16:44:00,medium_office,18.94,20.65,44.7,0.222,943.0,482.0,52.1,1.0,19.62,715.2,-0.9455,-0.3256,0.9749,-0.2225
2024-03-03 16:45:00,medium_office,19.18,20.52,44.3,0.014,1017.0,549.0,48.1,1.0,18.96,717.3,-0.9469,-0.3214,0.9749,-0.2225
2024-03-03 16:46:00,medium_office,18.86,20.86,42.7,0.209,1025.0,493.0,42.8,1.0,20.59,719.5,-0.9483,-0.3173,0.9749,-0.2225
2024-03-03 16:47:00,medium_office,19.03,20.55,40.5,0.083,970.0,476.0,43.3,1.0,20.37,721.5,-0.9497,-0.3132,0.9749,-0.2225
2024-03-03 16:48:00,medium_office,19.07,20.54,42.4,0.032,1043.0,483.0,44.5,1.0,20.03,723.6,-0.9511,-0.309,0.9749,-0.2225
2024-03-03 16:49:00,medium_office,18.93,21.34,46.5,0.496,978.0,547.0,48.9,1.0,19.99,725.6,-0.9524,-0.3049,0.9749,-0.2225
2024-03-03 16:50:00,medium_office,18.77,21.09,41.6,0.073,990.0,467.0,42.0,1.0,21.68,727.7,-0.9537,-0.3007,0.9749,-0.2225
2024-03-03 16:51:00,medium_office,18.71,20.9,41.4,0.061,1004.0,477.0,41.8,1.0,22.35,729.7,-0.955,-0.2965,0.9749,-0.2225
2024-03-03 16:52:00,medium_office,18.43,20.93,44.6,0.186,1048.0,587.0,47.1,1.0,21.42,731.6,-0.9563,-0.2924,0.9749,-0.2225
2024-03-03 16:53:00,medium_office,18.81,20.85,44.7,0.148,974.0,528.0,40.0,1.0,20.45,733.6,-0.9576,-0.2882,0.9749,-0.2225
2024-03-03 16:54:00,medium_office,19.31,21.74,40.7,0.136,1009.0,478.0,42.3,1.0,18.54,735.5,-0.9588,-0.284,0.9749,-0.2225
2024-03-03 16:55:00,medium_office,18.64,20.79,41.9,0.311,1023.0,468.0,44.7,1.0,20.81,737.4,-0.96,-0.2798,0.9749,-0.2225
2024-03-03 16:56:00,medium_office,18.71,20.55,41.5,0.166,1017.0,450.0,44.9,1.0,20.87,739.2,-0.9613,-0.2756,0.9749,-0.2225
2024-03-03 16:57:00,medium_office,19.65,21.39,42.7,0.079,1018.0,503.0,40.9,1.0,20.97,741.1,-0.9625,-0.2714,0.9749,-0.2225
2024-03-03 16:58:00,medium_office,18.92,20.99,44.8,0.122,1023.0,522.0,46.1,1.0,19.07,742.9,-0.9636,-0.2672,0.9749,-0.2225
2024-03-03 16:59:00,medium_office,19.2,21.89,41.0,0.03,983.0,546.0,46.7,1.0,21.07,744.7,-0.9648,-0.263,0.9749,-0.2225
2024-03-03 17:00:00,medium_office,19.29,20.86,44.8,0.178,1051.0,443.0,43.0,1.0,21.79,746.4,-0.9659,-0.2588,0.9749,-0.2225
2024-03-03 17:01:00,medium_office,19.3,21.4,42.8,0.101,997.0,460.0,50.0,1.0,19.25,748.1,-0.967,-0.2546,0.9749,-0.2225
2024-03-03 17:02:00,medium_office,18.64,21.5,47.3,0.072,993.0,496.0,46.0,1.0,20.93,749.8,-0.9681,-0.2504,0.9749,-0.2225
2024-03-03 17:03:00,medium_office,19.02,20.85,43.3,0.206,1040.0,584.0,42.0,1.0,19.44,751.5,-0.9692,-0.2462,0.9749,-0.2225
2024-03-03 17:04:00,medium_office,18.6,20.76,42.5,0.474,981.0,527.0,49.9,1.0,20.16,753.2,-0.9703,-0.2419,0.9749,-0.2225
2024-03-03 17:05:00,medium_office,19.82,21.35,43.9,0.177,1010.0,511.0,43.4,1.0,19.32,754.8,-0.9713,-0.2377,0.9749,-0.2225
2024-03-03 17:06:00,medium_office,18.6,21.29,42.1,0.052,978.0,463.0,45.5,1.0,19.93,756.4,-0.9724,-0.2334,0.9749,-0.2225
2024-03-03 17:07:00,medium_office,18.77,20.49,39.2,0.076,1076.0,436.0,43.5,1.0,19.94,758.0,-0.9734,-0.2292,0.9749,-0.2225
2024-03-03 17:08:00,medium_office,18.76,20.6,42.4,0.296,1069.0,501.0,46.9,1.0,20.71,759.5,-0.9744,-0.225,0.9749,-0.2225
2024-03-03 17:09:00,medium_office,18.62,20.03,42.4,0.058,997.0,497.0,43.6,1.0,21.2,761.0,-0.9753,-0.2207,0.9749,-0.2225
2024-03-03 17:10:00,medium_office,19.48,21.29,39.7,0.15,1016.0,492.0,43.7,1.0,21.53,762.5,-0.9763,-0.2164,0.9749,-0.2225
2024-03-03 17:11:00,medium_office,19.8,20.94,42.8,0.085,1000.0,489.0,44.5,1.0,19.67,764.0,-0.9772,-0.2122,0.9749,-0.2225
2024-03-03 17:12:00,medium_office,18.92,20.98,38.8,0.017,990.0,478.0,43.5,1.0,20.7,765.4,-0.9781,-0.2079,0.9749,-0.2225
2024-03-03 17:13:00,medium_office,18.67,20.37,42.3,0.087,1004.0,471.0,48.2,1.0,19.25,766.8,-0.979,-0.2036,0.9749,-0.2225
2024-03-03 17:14:00,medium_office,18.39,20.6,43.5,0.046,999.0,542.0,41.2,1.0,20.24,768.2,-0.9799,-0.1994,0.9749,-0.2225
2024-03-03 17:15:00,medium_office,18.98,20.85,43.3,0.091,954.0,473.0,44.9,1.0,20.41,769.6,-0.9808,-0.1951,0.9749,-0.2225
2024-03-03 17:16:00,medium_office,18.96,20.77,42.3,0.228,1008.0,492.0,45.3,1.0,19.45,770.9,-0.9816,-0.1908,0.9749,-0.2225
2024-03-03 17:17:00,medium_office,18.86,21.08,43.0,0.115,999.0,499.0,44.6,1.0,20.95,772.2,-0.9825,-0.1865,0.9749,-0.2225
2024-03-03 17:18:00,medium_office,19.12,21.27,41.6,0.058,1009.0,521.0,47.9,1.0,20.24,773.4,-0.9833,-0.1822,0.9749,-0.2225
2024-03-03 17:19:00,medium_office,19.17,21.94,43.2,0.006,998.0,474.0,40.5,1.0,20.56,774.7,-0.984,-0.1779,0.9749,-0.2225
2024-03-03 17:20:00,medium_office,19.14,21.02,43.3,0.209,989.0,529.0,46.7,1.0,21.64,775.9,-0.9848,-0.1736,0.9749,-0.2225
2024-03-03 17:21:00,medium_office,18.95,21.48,41.4,0.281,1026.0,483.0,41.3,1.0,20.0,777.1,-0.9856,-0.1693,0.9749,-0.2225
2024-03-03 17:22:00,medium_office,18.71,20.7,43.8,0.014,1016.0,495.0,43.5,1.0,21.29,778.2,-0.9863,-0.165,0.9749,-0.2225
2024-03-03 17:23:00,medium_office,19.24,20.36,43.8,0.172,1042.0,549.0,41.0,1.0,21.9,779.3,-0.987,-0.1607,0.9749,-0.2225
2024-03-03 17:24:00,medium_office,19.04,20.88,43.0,0.058,1015.0,471.0,44.0,1.0,21.85,780.4,-0.9877,-0.1564,0.9749,-0.2225
2024-03-03 17:25:00,medium_office,19.3,20.38,48.2,0.019,994.0,522.0,43.3,1.0,20.29,781.5,-0.9884,-0.1521,0.9749,-0.2225
2024-03-03 17:26:00,medium_office,19.27,21.03,43.1,0.002,1019.0,530.0,49.9,1.0,19.52,782.5,-0.989,-0.1478,0.9749,-0.2225
2024-03-03 17:27:00,medium_office,18.6,20.71,42.9,0.295,941.0,509.0,45.7,1.0,19.79,783.5,-0.9897,-0.1435,0.9749,-0.2225
2024-03-03 17:28:00,medium_office,18.6,20.24,42.6,0.004,1063.0,496.0,46.3,1.0,18.93,784.5,-0.9903,-0.1392,0.9749,-0.2225
2024-03-03 17:29:00,medium_office,18.8,21.71,41.6,0.05,1008.0,564.0,41.7,1.0,21.21,785.5,-0.9909,-0.1349,0.9749,-0.2225
2024-03-03 17:30:00,medium_office,18.71,20.8,44.9,0.462,1066.0,500.0,47.2,1.0,21.29,786.4,-0.9914,-0.1305,0.9749,-0.2225
2024-03-03 17:31:00,medium_office,19.25,20.36,42.2,0.01,974.0,506.0,49.9,1.0,20.67,787.3,-0.992,-0.1262,0.9749,-0.2225
2024-03-03 17:32:00,medium_office,19.13,21.37,42.5,0.008,966.0,490.0,47.6,1.0,19.19,788.1,-0.9925,-0.1219,0.9749,-0.2225
2024-03-03 17:33:00,medium_office,19.35,20.72,42.6,0.035,1011.0,505.0,41.1,1.0,20.21,788.9,-0.9931,-0.1175,0.9749,-0.2225
2024-03-03 17:34:00,medium_office,19.14,21.45,41.7,0.483,1011.0,529.0,43.6,1.0,21.97,789.7,-0.9936,-0.1132,0.9749,-0.2225
2024-03-03 17:35:00,medium_office,19.08,20.72,40.2,0.177,1010.0,492.0,45.3,1.0,21.21,790.5,-0.9941,-0.1089,0.9749,-0.2225
2024-03-03 17:36:00,medium_office,19.38,20.79,42.8,0.115,1006.0,437.0,43.3,1.0,21.4,791.3,-0.9945,-0.1045,0.9749,-0.2225
2024-03-03 17:37:00,medium_office,19.16,21.15,45.5,0.323,981.0,515.0,52.6,1.0,23.94,792.0,-0.995,-0.1002,0.9749,-0.2225
2024-03-03 17:38:00,medium_office,19.03,21.25,44.2,0.039,955.0,468.0,43.6,1.0,20.97,792.7,-0.9954,-0.0958,0.9749,-0.2225
2024-03-03 17:39:00,medium_office,19.46,21.32,47.0,0.166,1008.0,522.0,44.9,1.0,18.5,793.3,-0.9958,-0.0915,0.9749,-0.2225
2024-03-03 17:40:00,medium_office,19.05,20.97,45.4,0.086,962.0,500.0,43.2,1.0,19.57,793.9,-0.9962,-0.0872,0.9749,-0.2225
2024-03-03 17:41:00,medium_office,18.92,21.22,45.0,0.038,959.0,528.0,45.7,1.0,20.99,794.5,-0.9966,-0.0828,0.9749,-0.2225
2024-03-03 17:42:00,medium_office,18.76,21.3,47.7,0.12,989.0,472.0,49.1,1.0,20.72,795.1,-0.9969,-0.0785,0.9749,-0.2225
2024-03-03 17:43:00,medium_office,19.22,21.09,43.8,0.222,1013.0,484.0,45.3,1.0,20.54,795.6,-0.9973,-0.0741,0.9749,-0.2225
2024-03-03 17:44:00,medium_office,19.38,20.95,44.1,0.102,1060.0,490.0,44.3,1.0,20.57,796.1,-0.9976,-0.0698,0.9749,-0.2225
2024-03-03 17:45:00,medium_office,18.99,20.43,44.0,0.065,1029.0,456.0,41.8,1.0,19.96,796.6,-0.9979,-0.0654,0.9749,-0.2225
2024-03-03 17:46:00,medium_office,19.4,21.24,47.2,0.016,1043.0,533.0,48.6,1.0,21.13,797.0,-0.9981,-0.061,0.9749,-0.2225
2024-03-03 17:47:00,medium_office,18.41,21.02,44.1,0.134,1020.0,451.0,44.6,1.0,22.17,797.4,-0.9984,-0.0567,0.9749,-0.2225
2024-03-03 17:48:00,medium_office,18.99,20.84,42.9,0.053,1011.0,533.0,44.4,1.0,22.52,797.8,-0.9986,-0.0523,0.9749,-0.2225
2024-03-03 17:49:00,medium_office,18.99,21.51,45.4,0.066,1075.0,513.0,38.0,1.0,22.51,798.2,-0.9988,-0.048,0.9749,-0.2225
2024-03-03 17:50:00,medium_office,18.78,20.43,42.6,0.066,960.0,494.0,44.6,1.0,19.86,798.5,-0.999,-0.0436,0.9749,-0.2225
2024-03-03 17:51:00,medium_office,19.72,21.66,45.3,0.096,988.0,510.0,43.8,1.0,20.81,798.8,-0.9992,-0.0393,0.9749,-0.2225
2024-03-03 17:52:00,medium_office,18.98,20.99,45.1,0.085,990.0,510.0,39.5,1.0,20.54,799.0,-0.9994,-0.0349,0.9749,-0.2225
2024-03-03 17:53:00,medium_office,18.88,21.13,44.0,0.289,1027.0,488.0,48.0,1.0,21.46,799.3,-0.9995,-0.0305,0.9749,-0.2225
2024-03-03 17:54:00,medium_office,19.01,20.84,45.5,0.115,971.0,509.0,43.4,1.0,20.8,799.5,-0.9997,-0.0262,0.9749,-0.2225
2024-03-03 17:55:00,medium_office,18.4,20.33,41.4,0.177,1023.0,522.0,50.7,1.0,20.67,799.6,-0.9998,-0.0218,0.9749,-0.2225
2024-03-03 17:56:00,medium_office,18.77,20.94,44.8,0.128,1017.0,472.0,49.2,1.0,22.37,799.8,-0.9998,-0.0175,0.9749,-0.2225
2024-03-03 17:57:00,medium_office,19.3,21.13,43.6,0.005,1024.0,510.0,42.8,1.0,21.03,799.9,-0.9999,-0.0131,0.9749,-0.2225
2024-03-03 17:58:00,medium_office,18.81,21.27,50.2,0.047,1024.0,421.0,49.1,1.0,21.07,799.9,-1.0,-0.0087,0.9749,-0.2225
2024-03-03 17:59:00,medium_office,18.75,20.92,44.9,0.028,1046.0,442.0,49.8,1.0,21.38,800.0,-1.0,-0.0044,0.9749,-0.2225
2024-03-03 18:00:00,medium_office,19.39,20.12,43.4,0.121,999.0,517.0,43.3,1.0,21.66,800.0,-1.0,-0.0,0.9749,-0.2225
2024-03-03 18:01:00,medium_office,19.4,20.38,41.9,0.424,416.0,0.0,31.9,0.1,21.68,800.0,-1.0,0.0044,0.9749,-0.2225
2024-03-03 18:02:00,medium_office,19.16,21.82,47.3,0.021,400.0,0.0,28.5,0.22,22.57,799.9,-1.0,0.0087,0.9749,-0.2225
2024-03-03 18:03:00,medium_office,18.86,20.56,44.0,0.08,400.0,0.0,36.1,0.18,19.74,799.9,-0.9999,0.0131,0.9749,-0.2225
2024-03-03 18:04:00,medium_office,18.93,21.57,43.2,0.116,453.0,0.0,32.1,0.13,21.37,799.8,-0.9998,0.0175,0.9749,-0.2225
2024-03-03 18:05:00,medium_office,18.76,20.63,45.5,0.059,400.0,0.0,36.2,0.06,20.96,799.6,-0.9998,0.0218,0.9749,-0.2225
2024-03-03 18:06:00,medium_office,18.7,20.93,46.1,0.143,419.0,0.0,33.3,0.13,20.78,799.5,-0.9997,0.0262,0.9749,-0.2225
2024-03-03 18:07:00,medium_office,18.69,21.25,46.1,0.067,416.0,0.0,32.7,0.05,21.86,799.3,-0.9995,0.0305,0.9749,-0.2225
2024-03-03 18:08:00,medium_office,18.82,20.67,44.9,0.082,435.0,22.0,33.3,0.29,22.41,799.0,-0.9994,0.0349,0.9749,-0.2225
2024-03-03 18:09:00,medium_office,18.69,21.64,45.2,0.22,400.0,0.0,31.1,0.05,20.54,798.8,-0.9992,0.0393,0.9749,-0.2225
2024-03-03 18:10:00,medium_office,18.53,21.03,45.4,0.101,427.0,29.0,33.3,0.26,22.84,798.5,-0.999,0.0436,0.9749,-0.2225
2024-03-03 18:11:00,medium_office,19.07,21.19,45.7,0.185,400.0,0.0,32.8,0.18,19.74,798.2,-0.9988,0.048,0.9749,-0.2225
2024-03-03 18:12:00,medium_office,19.07,20.9,45.9,0.114,400.0,11.0,35.0,0.24,21.78,797.8,-0.9986,0.0523,0.9749,-0.2225
2024-03-03 18:13:00,medium_office,19.52,21.27,47.3,0.037,400.0,0.0,35.3,0.27,20.32,797.4,-0.9984,0.0567,0.9749,-0.2225
2024-03-03 18:14:00,medium_office,18.81,21.64,45.2,0.062,431.0,1.0,31.8,0.24,20.58,797.0,-0.9981,0.061,0.9749,-0.2225
2024-03-03 18:15:00,medium_office,19.1,20.95,43.5,0.132,422.0,3.0,38.3,0.18,21.31,796.6,-0.9979,0.0654,0.9749,-0.2225
2024-03-03 18:16:00,medium_office,19.1,21.7,44.9,0.081,400.0,0.0,34.5,0.08,20.87,796.1,-0.9976,0.0698,0.9749,-0.2225
2024-03-03 18:17:00,medium_office,18.93,20.76,46.7,0.011,400.0,0.0,39.5,0.2,18.42,795.6,-0.9973,0.0741,0.9749,-0.2225
2024-03-03 18:18:00,medium_office,19.23,21.31,41.7,0.138,400.0,23.0,35.7,0.0,21.91,795.1,-0.9969,0.0785,0.9749,-0.2225
2024-03-03 18:19:00,medium_office,19.24,21.2,41.8,0.168,423.0,48.0,35.2,0.11,22.1,794.5,-0.9966,0.0828,0.9749,-0.2225
2024-03-03 18:20:00,medium_office,19.11,20.58,47.2,0.035,400.0,50.0,33.5,0.26,21.18,793.9,-0.9962,0.0872,0.9749,-0.2225
2024-03-03 18:21:00,medium_office,18.94,21.09,48.4,0.348,400.0,0.0,36.8,0.17,21.12,793.3,-0.9958,0.0915,0.9749,-0.2225
2024-03-03 18:22:00,medium_office,18.91,21.01,42.9,0.1,480.0,0.0,35.1,0.08,21.01,792.7,-0.9954,0.0958,0.9749,-0.2225
2024-03-03 18:23:00,medium_office,18.6,20.67,45.7,0.017,414.0,0.0,37.6,0.27,19.69,792.0,-0.995,0.1002,0.9749,-0.2225
2024-03-03 18:24:00,medium_office,18.77,21.15,44.7,0.034,422.0,0.0,39.8,0.0,19.6,791.3,-0.9945,0.1045,0.9749,-0.2225
2024-03-03 18:25:00,medium_office,18.83,21.07,45.0,0.109,400.0,0.0,32.8,0.26,22.24,790.5,-0.9941,0.1089,0.9749,-0.2225
2024-03-03 18:26:00,medium_office,18.68,20.98,46.2,0.018,400.0,0.0,36.8,0.23,22.52,789.7,-0.9936,0.1132,0.9749,-0.2225
2024-03-03 18:27:00,medium_office,19.15,20.99,43.0,0.087,424.0,0.0,36.8,0.04,22.08,788.9,-0.9931,0.1175,0.9749,-0.2225
2024-03-03 18:28:00,medium_office,19.38,20.98,43.4,0.311,400.0,1.0,36.4,0.02,21.88,788.1,-0.9925,0.1219,0.9749,-0.2225
2024-03-03 18:29:00,medium_office,18.75,20.87,45.1,0.446,435.0,0.0,33.7,0.29,22.3,787.3,-0.992,0.1262,0.9749,-0.2225
2024-03-03 18:30:00,medium_office,19.11,21.07,45.5,0.27,404.0,0.0,33.8,0.02,22.26,786.4,-0.9914,0.1305,0.9749,-0.2225
2024-03-03 18:31:00,medium_office,18.72,20.76,43.5,0.084,507.0,0.0,33.2,0.29,20.78,785.5,-0.9909,0.1349,0.9749,-0.2225
2024-03-03 18:32:00,medium_office,18.94,22.08,47.4,0.254,400.0,23.0,33.2,0.13,21.8,784.5,-0.9903,0.1392,0.9749,-0.2225
2024-03-03 18:33:00,medium_office,18.82,20.46,45.0,0.176,412.0,31.0,32.5,0.11,21.31,783.5,-0.9897,0.1435,0.9749,-0.2225
2024-03-03 18:34:00,medium_office,19.21,20.79,45.1,0.209,400.0,32.0,34.7,0.2,21.34,782.5,-0.989,0.1478,0.9749,-0.2225
2024-03-03 18:35:00,medium_office,18.83,20.82,46.5,0.154,434.0,0.0,32.7,0.15,22.78,781.5,-0.9884,0.1521,0.9749,-0.2225
2024-03-03 18:36:00,medium_office,19.34,21.84,45.7,0.035,416.0,0.0,36.3,0.12,23.24,780.4,-0.9877,0.1564,0.9749,-0.2225
2024-03-03 18:37:00,medium_office,18.97,20.5,47.7,0.178,400.0,0.0,35.2,0.19,19.34,779.3,-0.987,0.1607,0.9749,-0.2225
2024-03-03 18:38:00,medium_office,18.85,21.2,44.2,0.155,400.0,9.0,35.5,0.11,21.45,778.2,-0.9863,0.165,0.9749,-0.2225
2024-03-03 18:39:00,medium_office,18.67,21.13,43.3,0.201,444.0,0.0,34.2,0.01,21.42,777.1,-0.9856,0.1693,0.9749,-0.2225
