hour,month,hour_of_day,occupied,T_outdoor_C,T_zone1_RB_C,PMV_zone1_RB,T_zone1_NA_C,PMV_zone1_NA,kWh_m2_RB,kWh_m2_NA
0,1,0,0,21.0,23.25,0.157,23.2,0.166,0.0119,0.0106
1,1,1,0,21.78,22.15,0.094,22.08,0.031,0.0119,0.0106
2,1,2,0,22.5,21.8,-0.044,21.96,-0.018,0.0119,0.0106
3,1,3,0,23.12,22.86,0.0,22.29,0.012,0.0119,0.0106
4,1,4,0,23.6,20.98,-0.147,21.08,-0.135,0.0119,0.0106
5,1,5,0,23.9,24.7,0.273,24.63,0.22,0.0119,0.0106
6,1,6,0,24.0,21.68,-0.089,21.72,-0.017,0.0119,0.0106
7,1,7,0,23.9,21.6,-0.07,21.51,0.007,0.0119,0.0106
8,1,8,1,23.6,22.48,0.089,22.16,-0.02,0.0119,0.0106
9,1,9,1,23.12,22.81,0.015,22.23,0.028,0.0119,0.0106
10,1,10,1,22.5,23.61,0.155,23.66,0.157,0.0119,0.0106
11,1,11,1,21.78,20.28,-0.195,20.07,-0.162,0.0119,0.0106
12,1,12,1,21.0,23.02,0.118,22.49,0.037,0.0119,0.0106
13,1,13,1,20.22,21.48,0.0,21.67,-0.005,0.0119,0.0106
14,1,14,1,19.5,21.24,-0.059,21.15,-0.056,0.0119,0.0106
15,1,15,1,18.88,21.78,-0.077,21.73,-0.063,0.0119,0.0106
16,1,16,1,18.4,23.72,0.168,24.13,0.243,0.0119,0.0106
17,1,17,1,18.1,23.04,0.122,22.85,0.131,0.0119,0.0106
18,1,18,1,18.0,22.45,-0.086,22.92,0.116,0.0119,0.0106
19,1,19,0,18.1,22.63,0.068,22.54,-0.006,0.0119,0.0106
20,1,20,0,18.4,22.17,0.091,22.28,0.012,0.0119,0.0106
21,1,21,0,18.88,21.29,-0.026,21.14,-0.076,0.0119,0.0106
22,1,22,0,19.5,21.71,-0.025,21.86,0.015,0.0119,0.0106
23,1,23,0,20.22,21.45,-0.075,21.35,-0.109,0.0119,0.0106
24,1,0,0,21.0,22.94,0.095,23.02,0.095,0.0119,0.0106
25,1,1,0,21.78,20.38,-0.179,20.25,-0.199,0.0119,0.0106
26,1,2,0,22.5,22.26,0.12,22.38,0.043,0.0119,0.0106
27,1,3,0,23.12,22.89,-0.007,22.86,0.086,0.0119,0.0106
28,1,4,0,23.6,22.59,0.049,23.33,0.142,0.0119,0.0106
29,1,5,0,23.9,22.45,0.102,22.1,0.032,0.0119,0.0106
30,1,6,0,24.0,23.69,0.239,23.41,0.099,0.0119,0.0106
31,1,7,0,23.9,23.38,0.089,24.04,0.187,0.0119,0.0106
32,1,8,1,23.6,22.65,-0.013,22.5,0.052,0.0119,0.0106
33,1,9,1,23.12,20.91,-0.155,21.05,-0.049,0.0119,0.0106
34,1,10,1,22.5,21.33,-0.027,21.23,-0.114,0.0119,0.0106
35,1,11,1,21.78,22.84,0.004,23.23,0.129,0.0119,0.0106
36,1,12,1,21.0,22.89,0.027,23.12,0.073,0.0119,0.0106
37,1,13,1,20.22,23.28,0.141,23.37,0.148,0.0119,0.0106
38,1,14,1,19.5,21.48,-0.037,21.55,-0.066,0.0119,0.0106
39,1,15,1,18.88,25.3,0.27,25.44,0.364,0.0119,0.0106
40,1,16,1,18.4,21.04,-0.038,21.27,-0.097,0.0119,0.0106
41,1,17,1,18.1,23.95,0.236,24.07,0.264,0.0119,0.0106
42,1,18,1,18.0,22.13,-0.031,21.91,-0.034,0.0119,0.0106
43,1,19,0,18.1,22.38,0.052,22.49,0.073,0.0119,0.0106
44,1,20,0,18.4,22.52,0.039,22.96,0.177,0.0119,0.0106
45,1,21,0,18.88,23.44,0.09,23.18,0.133,0.0119,0.0106
46,1,22,0,19.5,22.16,0.04,22.38,0.036,0.0119,0.0106
47,1,23,0,20.22,21.23,-0.099,20.78,-0.097,0.0119,0.0106
48,1,0,0,21.0,22.82,0.091,22.45,0.056,0.0119,0.0106
49,1,1,0,21.78,21.17,-0.08,21.22,-0.112,0.0119,0.0106
50,1,2,0,22.5,23.04,0.158,23.2,0.152,0.0119,0.0106
51,1,3,0,23.12,20.43,-0.131,20.15,-0.169,0.0119,0.0106
52,1,4,0,23.6,23.27,0.156,24.43,0.277,0.0119,0.0106
53,1,5,0,23.9,23.93,0.177,24.13,0.235,0.0119,0.0106
54,1,6,0,24.0,21.34,-0.09,21.27,-0.071,0.0119,0.0106
55,1,7,0,23.9,25.97,0.432,25.41,0.293,0.0119,0.0106
56,1,8,1,23.6,21.79,-0.018,22.12,-0.02,0.0119,0.0106
57,1,9,1,23.12,21.43,-0.094,21.63,-0.03,0.0119,0.0106
58,1,10,1,22.5,22.57,0.164,22.37,0.056,0.0119,0.0106
59,1,11,1,21.78,19.46,-0.287,19.52,-0.223,0.0119,0.0106
60,1,12,1,21.0,21.31,-0.044,21.28,-0.046,0.0119,0.0106
61,1,13,1,20.22,20.7,-0.154,20.6,-0.16,0.0119,0.0106
62,1,14,1,19.5,25.15,0.252,25.27,0.355,0.0119,0.0106
63,1,15,1,18.88,25.68,0.292,25.99,0.385,0.0119,0.0106
64,1,16,1,18.4,24.4,0.262,24.19,0.242,0.0119,0.0106
65,1,17,1,18.1,21.11,-0.251,21.09,-0.122,0.0119,0.0106
66,1,18,1,18.0,22.12,0.094,21.75,-0.068,0.0119,0.0106
67,1,19,0,18.1,21.84,0.056,21.88,-0.055,0.0119,0.0106
68,1,20,0,18.4,24.24,0.175,24.25,0.239,0.0119,0.0106
69,1,21,0,18.88,22.8,0.083,22.62,0.05,0.0119,0.0106
70,1,22,0,19.5,22.67,0.146,22.87,0.05,0.0119,0.0106
71,1,23,0,20.22,25.7,0.362,25.11,0.329,0.0119,0.0106
72,1,0,0,21.0,22.92,0.082,22.73,0.059,0.0119,0.0106
73,1,1,0,21.78,21.62,-0.021,21.87,-0.034,0.0119,0.0106
74,1,2,0,22.5,23.85,0.226,23.94,0.213,0.0119,0.0106
75,1,3,0,23.12,21.26,-0.037,21.09,-0.073,0.0119,0.0106
76,1,4,0,23.6,22.47,0.111,22.5,0.033,0.0119,0.0106
77,1,5,0,23.9,23.32,0.121,23.26,0.159,0.0119,0.0106
78,1,6,0,24.0,23.74,0.239,23.98,0.199,0.0119,0.0106
79,1,7,0,23.9,23.52,0.169,23.43,0.139,0.0119,0.0106
80,1,8,1,23.6,22.65,0.024,22.82,0.145,0.0119,0.0106
81,1,9,1,23.12,20.99,-0.043,20.63,-0.114,0.0119,0.0106
82,1,10,1,22.5,23.44,0.143,23.62,0.136,0.0119,0.0106
83,1,11,1,21.78,22.61,0.11,22.41,0.037,0.0119,0.0106
84,1,12,1,21.0,21.26,-0.053,21.17,-0.1,0.0119,0.0106
85,1,13,1,20.22,21.27,-0.061,21.34,-0.081,0.0119,0.0106
86,1,14,1,19.5,21.79,-0.093,21.86,-0.056,0.0119,0.0106
87,1,15,1,18.88,21.42,-0.042,21.36,-0.02,0.0119,0.0106
88,1,16,1,18.4,23.79,0.178,23.74,0.144,0.0119,0.0106
89,1,17,1,18.1,22.47,0.063,22.39,0.014,0.0119,0.0106
90,1,18,1,18.0,23.28,0.122,23.74,0.186,0.0119,0.0106
91,1,19,0,18.1,23.54,0.165,23.41,0.142,0.0119,0.0106
92,1,20,0,18.4,22.65,0.066,22.41,0.056,0.0119,0.0106
93,1,21,0,18.88,24.68,0.375,24.96,0.273,0.0119,0.0106
94,1,22,0,19.5,23.81,0.29,23.86,0.162,0.0119,0.0106
95,1,23,0,20.22,21.24,-0.182,21.06,-0.11,0.0119,0.0106
96,1,0,0,21.0,21.36,-0.047,21.41,-0.003,0.0119,0.0106
97,1,1,0,21.78,23.93,0.148,23.75,0.19,0.0119,0.0106
98,1,2,0,22.5,20.52,-0.089,21.07,-0.107,0.0119,0.0106
99,1,3,0,23.12,19.93,-0.213,20.34,-0.129,0.0119,0.0106
100,1,4,0,23.6,20.11,-0.189,19.93,-0.206,0.0119,0.0106
101,1,5,0,23.9,21.82,-0.071,22.01,-0.003,0.0119,0.0106
102,1,6,0,24.0,22.68,0.104,22.83,0.05,0.0119,0.0106
103,1,7,0,23.9,20.2,-0.164,20.58,-0.164,0.0119,0.0106
104,1,8,1,23.6,24.83,0.342,24.86,0.288,0.0119,0.0106
105,1,9,1,23.12,25.59,0.347,26.12,0.441,0.0119,0.0106
106,1,10,1,22.5,23.47,0.099,23.88,0.208,0.0119,0.0106
107,1,11,1,21.78,24.09,0.15,23.56,0.095,0.0119,0.0106
108,1,12,1,21.0,22.1,0.085,22.31,0.033,0.0119,0.0106
109,1,13,1,20.22,24.94,0.209,24.53,0.251,0.0119,0.0106
110,1,14,1,19.5,23.08,0.004,23.07,0.104,0.0119,0.0106
111,1,15,1,18.88,20.54,-0.127,20.74,-0.154,0.0119,0.0106
112,1,16,1,18.4,21.73,-0.03,21.41,-0.03,0.0119,0.0106
113,1,17,1,18.1,21.02,-0.124,21.17,-0.107,0.0119,0.0106
114,1,18,1,18.0,22.34,0.006,22.03,-0.033,0.0119,0.0106
115,1,19,0,18.1,25.45,0.31,25.46,0.352,0.0119,0.0106
116,1,20,0,18.4,22.33,0.064,22.27,0.049,0.0119,0.0106
117,1,21,0,18.88,21.7,-0.043,21.53,-0.116,0.0119,0.0106
118,1,22,0,19.5,20.23,-0.095,20.64,-0.144,0.0119,0.0106
119,1,23,0,20.22,23.36,0.29,23.46,0.179,0.0119,0.0106
120,1,0,0,21.0,22.31,-0.05,22.02,0.008,0.0119,0.0106
121,1,1,0,21.78,21.37,-0.096,20.94,-0.139,0.0119,0.0106
122,1,2,0,22.5,25.03,0.303,25.3,0.374,0.0119,0.0106
123,1,3,0,23.12,22.62,0.138,22.36,0.052,0.0119,0.0106
124,1,4,0,23.6,20.94,-0.149,20.89,-0.153,0.0119,0.0106
125,1,5,0,23.9,23.89,0.119,24.46,0.263,0.0119,0.0106
126,1,6,0,24.0,21.52,-0.077,21.38,-0.088,0.0119,0.0106
127,1,7,0,23.9,22.57,0.071,22.32,0.031,0.0119,0.0106
128,1,8,0,23.6,22.14,-0.015,21.87,0.01,0.0119,0.0106
129,1,9,0,23.12,23.25,0.13,22.96,0.118,0.0119,0.0106
130,1,10,0,22.5,20.0,-0.234,20.16,-0.167,0.0119,0.0106
131,1,11,0,21.78,21.36,-0.146,20.81,-0.117,0.0119,0.0106
132,1,12,0,21.0,22.89,0.121,22.62,0.012,0.0119,0.0106
133,1,13,0,20.22,22.4,0.007,22.04,0.005,0.0119,0.0106
134,1,14,0,19.5,21.21,-0.029,21.09,-0.108,0.0119,0.0106
135,1,15,0,18.88,23.75,0.202,23.41,0.185,0.0119,0.0106
136,1,16,0,18.4,18.79,-0.292,18.55,-0.351,0.0119,0.0106
137,1,17,0,18.1,23.06,0.11,22.88,0.083,0.0119,0.0106
138,1,18,0,18.0,24.25,0.242,24.33,0.22,0.0119,0.0106
139,1,19,0,18.1,21.77,-0.003,21.64,-0.049,0.0119,0.0106
140,1,20,0,18.4,22.93,0.137,23.56,0.146,0.0119,0.0106
141,1,21,0,18.88,24.3,0.128,24.18,0.188,0.0119,0.0106
142,1,22,0,19.5,19.69,-0.23,19.59,-0.191,0.0119,0.0106
143,1,23,0,20.22,22.99,0.141,22.92,0.026,0.0119,0.0106
144,1,0,0,21.0,22.85,0.011,23.08,0.143,0.0119,0.0106
145,1,1,0,21.78,23.01,0.132,22.88,0.156,0.0119,0.0106
146,1,2,0,22.5,22.77,0.054,22.85,0.059,0.0119,0.0106
147,1,3,0,23.12,23.75,0.178,23.49,0.135,0.0119,0.0106
148,1,4,0,23.6,23.22,0.174,23.32,0.117,0.0119,0.0106
149,1,5,0,23.9,22.1,-0.013,21.8,-0.009,0.0119,0.0106
150,1,6,0,24.0,23.64,0.207,23.36,0.177,0.0119,0.0106
151,1,7,0,23.9,23.12,0.073,23.68,0.131,0.0119,0.0106
152,1,8,0,23.6,19.83,-0.184,20.28,-0.174,0.0119,0.0106
153,1,9,0,23.12,22.92,0.214,22.58,0.062,0.0119,0.0106
154,1,10,0,22.5,22.66,0.09,22.88,0.095,0.0119,0.0106
155,1,11,0,21.78,21.31,0.026,21.46,-0.014,0.0119,0.0106
156,1,12,0,21.0,24.89,0.239,24.74,0.27,0.0119,0.0106
157,1,13,0,20.22,22.58,-0.026,22.91,0.137,0.0119,0.0106
158,1,14,0,19.5,22.26,-0.024,22.13,-0.036,0.0119,0.0106
159,1,15,0,18.88,23.73,0.109,23.76,0.137,0.0119,0.0106
160,1,16,0,18.4,22.0,-0.013,22.5,0.005,0.0119,0.0106
161,1,17,0,18.1,22.13,-0.122,22.05,0.003,0.0119,0.0106
162,1,18,0,18.0,22.15,0.108,22.36,0.07,0.0119,0.0106
163,1,19,0,18.1,22.1,0.138,21.76,-0.022,0.0119,0.0106
164,1,20,0,18.4,22.52,0.062,22.51,0.047,0.0119,0.0106
165,1,21,0,18.88,21.64,-0.038,21.48,-0.069,0.0119,0.0106
166,1,22,0,19.5,21.43,-0.07,21.46,-0.009,0.0119,0.0106
167,1,23,0,20.22,18.52,-0.285,18.85,-0.377,0.0119,0.0106
168,1,0,0,21.0,21.99,-0.072,21.87,-0.036,0.0119,0.0106
169,1,1,0,21.78,20.83,-0.07,21.36,-0.026,0.0119,0.0106
170,1,2,0,22.5,23.58,0.132,23.24,0.139,0.0119,0.0106
171,1,3,0,23.12,20.67,-0.145,20.88,-0.123,0.0119,0.0106
172,1,4,0,23.6,23.57,0.139,23.7,0.205,0.0119,0.0106
173,1,5,0,23.9,20.88,-0.083,21.06,-0.103,0.0119,0.0106
174,1,6,0,24.0,22.99,0.145,22.61,0.056,0.0119,0.0106
175,1,7,0,23.9,21.72,-0.064,22.03,-0.039,0.0119,0.0106
176,1,8,1,23.6,20.17,-0.248,20.35,-0.113,0.0119,0.0106
177,1,9,1,23.12,19.38,-0.252,19.89,-0.214,0.0119,0.0106
178,1,10,1,22.5,21.68,-0.034,21.8,0.013,0.0119,0.0106
179,1,11,1,21.78,22.67,0.049,22.72,0.07,0.0119,0.0106
180,1,12,1,21.0,22.96,0.029,22.45,0.067,0.0119,0.0106
181,1,13,1,20.22,22.76,0.077,22.7,0.081,0.0119,0.0106
182,1,14,1,19.5,21.69,-0.021,21.46,-0.084,0.0119,0.0106
183,1,15,1,18.88,23.11,0.163,22.6,0.074,0.0119,0.0106
184,1,16,1,18.4,22.88,0.172,23.18,0.148,0.0119,0.0106
185,1,17,1,18.1,19.74,-0.257,19.35,-0.264,0.0119,0.0106
186,1,18,1,18.0,23.28,0.137,23.06,0.083,0.0119,0.0106
187,1,19,0,18.1,21.58,-0.088,21.16,-0.124,0.0119,0.0106
188,1,20,0,18.4,21.04,-0.144,21.35,0.014,0.0119,0.0106
189,1,21,0,18.88,23.24,0.081,23.3,0.151,0.0119,0.0106
190,1,22,0,19.5,21.64,0.092,21.67,-0.036,0.0119,0.0106
191,1,23,0,20.22,24.22,0.221,24.01,0.254,0.0119,0.0106
192,1,0,0,21.0,21.56,-0.009,22.1,-0.007,0.0119,0.0106
193,1,1,0,21.78,23.45,0.176,23.74,0.127,0.0119,0.0106
194,1,2,0,22.5,21.41,-0.063,21.34,-0.048,0.0119,0.0106
195,1,3,0,23.12,22.77,0.096,22.37,0.055,0.0119,0.0106
196,1,4,0,23.6,23.34,0.176,23.66,0.18,0.0119,0.0106
197,1,5,0,23.9,22.39,0.061,21.9,-0.004,0.0119,0.0106
198,1,6,0,24.0,22.91,0.037,22.52,0.084,0.0119,0.0106
199,1,7,0,23.9,22.44,0.045,22.65,0.065,0.0119,0.0106
200,1,8,1,23.6,23.91,0.196,23.75,0.161,0.0119,0.0106
201,1,9,1,23.12,21.85,-0.004,21.76,-0.039,0.0119,0.0106
202,1,10,1,22.5,24.38,0.229,24.12,0.198,0.0119,0.0106
203,1,11,1,21.78,24.67,0.319,24.73,0.228,0.0119,0.0106
204,1,12,1,21.0,22.9,0.094,23.17,0.149,0.0119,0.0106
205,1,13,1,20.22,21.72,0.087,22.15,0.004,0.0119,0.0106
206,1,14,1,19.5,21.83,0.062,22.27,0.011,0.0119,0.0106
207,1,15,1,18.88,21.87,-0.08,21.79,-0.049,0.0119,0.0106
208,1,16,1,18.4,20.99,-0.102,20.76,-0.117,0.0119,0.0106
209,1,17,1,18.1,24.83,0.332,24.53,0.246,0.0119,0.0106
210,1,18,1,18.0,22.43,-0.014,22.63,0.074,0.0119,0.0106
211,1,19,0,18.1,22.75,0.089,22.9,0.163,0.0119,0.0106
212,1,20,0,18.4,21.54,-0.077,21.38,-0.078,0.0119,0.0106
213,1,21,0,18.88,21.54,0.025,21.9,-0.027,0.0119,0.0106
214,1,22,0,19.5,21.25,-0.102,21.39,-0.042,0.0119,0.0106
215,1,23,0,20.22,22.8,0.158,22.35,0.089,0.0119,0.0106
216,1,0,0,21.0,21.58,-0.028,21.46,-0.044,0.0119,0.0106
217,1,1,0,21.78,23.49,0.14,24.09,0.185,0.0119,0.0106
218,1,2,0,22.5,20.43,-0.159,20.21,-0.125,0.0119,0.0106
219,1,3,0,23.12,21.72,-0.028,21.79,0.015,0.0119,0.0106
220,1,4,0,23.6,26.29,0.405,26.13,0.444,0.0119,0.0106
221,1,5,0,23.9,23.52,0.181,24.08,0.197,0.0119,0.0106
222,1,6,0,24.0,23.39,0.18,23.72,0.187,0.0119,0.0106
223,1,7,0,23.9,24.1,0.279,24.45,0.265,0.0119,0.0106
224,1,8,1,23.6,22.25,0.085,22.29,0.005,0.0119,0.0106
225,1,9,1,23.12,23.05,0.107,22.94,0.132,0.0119,0.0106
226,1,10,1,22.5,22.79,0.011,22.8,0.102,0.0119,0.0106
227,1,11,1,21.78,23.47,0.131,24.12,0.218,0.0119,0.0106
228,1,12,1,21.0,22.87,0.083,23.35,0.143,0.0119,0.0106
229,1,13,1,20.22,23.41,0.119,23.47,0.153,0.0119,0.0106
230,1,14,1,19.5,24.11,0.218,23.8,0.159,0.0119,0.0106
231,1,15,1,18.88,24.29,0.201,23.84,0.195,0.0119,0.0106
232,1,16,1,18.4,24.85,0.257,24.83,0.339,0.0119,0.0106
233,1,17,1,18.1,20.33,-0.145,19.67,-0.248,0.0119,0.0106
234,1,18,1,18.0,20.97,-0.091,21.18,-0.099,0.0119,0.0106
235,1,19,0,18.1,20.58,-0.11,20.84,-0.119,0.0119,0.0106
236,1,20,0,18.4,25.27,0.251,24.95,0.274,0.0119,0.0106
237,1,21,0,18.88,22.43,0.031,22.5,0.061,0.0119,0.0106
238,1,22,0,19.5,20.62,-0.142,21.06,-0.061,0.0119,0.0106
239,1,23,0,20.22,23.01,0.13,23.15,0.129,0.0119,0.0106
240,1,0,0,21.0,23.46,0.156,23.86,0.208,0.0119,0.0106
241,1,1,0,21.78,22.37,0.003,22.8,0.134,0.0119,0.0106
242,1,2,0,22.5,22.44,0.05,22.01,-0.019,0.0119,0.0106
243,1,3,0,23.12,23.76,0.154,23.57,0.1,0.0119,0.0106
244,1,4,0,23.6,21.82,-0.097,21.09,-0.068,0.0119,0.0106
245,1,5,0,23.9,23.68,0.12,23.81,0.179,0.0119,0.0106
246,1,6,0,24.0,22.49,0.125,22.15,0.041,0.0119,0.0106
247,1,7,0,23.9,22.17,0.027,22.18,-0.044,0.0119,0.0106
248,1,8,1,23.6,22.13,-0.037,21.92,-0.016,0.0119,0.0106
249,1,9,1,23.12,25.2,0.291,25.39,0.356,0.0119,0.0106
250,1,10,1,22.5,24.6,0.263,24.88,0.268,0.0119,0.0106
251,1,11,1,21.78,23.55,0.199,23.67,0.186,0.0119,0.0106
252,1,12,1,21.0,24.07,0.273,23.91,0.197,0.0119,0.0106
253,1,13,1,20.22,25.61,0.448,25.41,0.347,0.0119,0.0106
254,1,14,1,19.5,21.52,-0.064,21.38,-0.05,0.0119,0.0106
255,1,15,1,18.88,23.28,0.127,23.11,0.175,0.0119,0.0106
256,1,16,1,18.4,25.09,0.311,25.22,0.326,0.0119,0.0106
257,1,17,1,18.1,23.42,0.129,23.11,0.061,0.0119,0.0106
258,1,18,1,18.0,23.1,0.086,23.29,0.177,0.0119,0.0106
259,1,19,0,18.1,20.66,-0.123,20.22,-0.146,0.0119,0.0106
260,1,20,0,18.4,25.03,0.357,24.89,0.288,0.0119,0.0106
261,1,21,0,18.88,22.24,0.057,22.51,0.003,0.0119,0.0106
262,1,22,0,19.5,24.71,0.24,25.13,0.325,0.0119,0.0106
263,1,23,0,20.22,23.24,0.097,23.32,0.112,0.0119,0.0106
264,1,0,0,21.0,22.46,0.073,22.81,0.07,0.0119,0.0106
265,1,1,0,21.78,23.66,0.223,22.8,0.028,0.0119,0.0106
266,1,2,0,22.5,21.96,-0.069,21.62,-0.003,0.0119,0.0106
267,1,3,0,23.12,21.8,-0.023,21.9,0.005,0.0119,0.0106
268,1,4,0,23.6,22.62,0.111,22.23,0.008,0.0119,0.0106
269,1,5,0,23.9,20.17,-0.108,20.04,-0.171,0.0119,0.0106
270,1,6,0,24.0,21.98,-0.018,21.87,0.05,0.0119,0.0106
271,1,7,0,23.9,23.07,0.159,23.2,0.127,0.0119,0.0106
272,1,8,1,23.6,22.11,0.008,22.05,0.004,0.0119,0.0106
273,1,9,1,23.12,23.59,0.196,23.61,0.158,0.0119,0.0106
274,1,10,1,22.5,22.62,0.108,22.02,0.012,0.0119,0.0106
275,1,11,1,21.78,24.0,0.304,23.13,0.109,0.0119,0.0106
276,1,12,1,21.0,24.16,0.247,23.85,0.153,0.0119,0.0106
277,1,13,1,20.22,21.56,-0.053,22.14,0.02,0.0119,0.0106
278,1,14,1,19.5,23.81,0.188,23.95,0.206,0.0119,0.0106
279,1,15,1,18.88,26.11,0.421,26.09,0.44,0.0119,0.0106
280,1,16,1,18.4,24.16,0.248,24.51,0.217,0.0119,0.0106
281,1,17,1,18.1,24.95,0.31,24.61,0.238,0.0119,0.0106
282,1,18,1,18.0,22.4,0.056,22.5,0.063,0.0119,0.0106
283,1,19,0,18.1,24.92,0.28,25.06,0.335,0.0119,0.0106
284,1,20,0,18.4,24.28,0.258,23.92,0.213,0.0119,0.0106
285,1,21,0,18.88,22.05,-0.002,22.47,0.05,0.0119,0.0106
286,1,22,0,19.5,22.24,-0.031,22.25,-0.019,0.0119,0.0106
287,1,23,0,20.22,24.89,0.24,24.64,0.199,0.0119,0.0106
288,1,0,0,21.0,21.54,0.036,21.14,-0.055,0.0119,0.0106
289,1,1,0,21.78,21.47,-0.004,22.14,0.005,0.0119,0.0106
290,1,2,0,22.5,18.75,-0.394,19.44,-0.306,0.0119,0.0106
291,1,3,0,23.12,24.03,0.273,24.77,0.293,0.0119,0.0106
292,1,4,0,23.6,23.39,0.177,23.65,0.173,0.0119,0.0106
293,1,5,0,23.9,22.66,0.028,22.64,0.055,0.0119,0.0106
294,1,6,0,24.0,19.96,-0.253,19.93,-0.24,0.0119,0.0106
295,1,7,0,23.9,22.77,0.123,23.19,0.072,0.0119,0.0106
296,1,8,0,23.6,21.02,-0.148,21.3,-0.077,0.0119,0.0106
297,1,9,0,23.12,23.33,0.138,23.03,0.063,0.0119,0.0106
298,1,10,0,22.5,21.6,-0.12,21.69,-0.017,0.0119,0.0106
299,1,11,0,21.78,22.47,0.058,22.64,0.105,0.0119,0.0106
300,1,12,0,21.0,22.69,0.075,22.56,0.072,0.0119,0.0106
301,1,13,0,20.22,22.57,0.022,22.59,0.039,0.0119,0.0106
302,1,14,0,19.5,20.4,-0.223,20.92,-0.129,0.0119,0.0106
303,1,15,0,18.88,21.42,-0.073,21.69,0.007,0.0119,0.0106
304,1,16,0,18.4,21.49,-0.093,21.57,0.022,0.0119,0.0106
305,1,17,0,18.1,20.72,-0.096,20.81,-0.106,0.0119,0.0106
306,1,18,0,18.0,22.22,0.024,22.18,0.014,0.0119,0.0106
307,1,19,0,18.1,23.95,0.167,24.61,0.22,0.0119,0.0106
308,1,20,0,18.4,22.37,-0.003,23.14,0.163,0.0119,0.0106
309,1,21,0,18.88,25.02,0.33,24.85,0.334,0.0119,0.0106
310,1,22,0,19.5,21.93,-0.036,21.87,-0.043,0.0119,0.0106
311,1,23,0,20.22,21.53,-0.046,21.16,-0.107,0.0119,0.0106
312,1,0,0,21.0,22.85,0.102,22.38,0.063,0.0119,0.0106
313,1,1,0,21.78,19.51,-0.188,19.62,-0.274,0.0119,0.0106
314,1,2,0,22.5,25.01,0.266,25.13,0.312,0.0119,0.0106
315,1,3,0,23.12,23.34,0.161,23.36,0.108,0.0119,0.0106
316,1,4,0,23.6,22.75,0.07,22.33,0.006,0.0119,0.0106
317,1,5,0,23.9,21.4,-0.006,21.77,-0.005,0.0119,0.0106
318,1,6,0,24.0,20.86,-0.053,20.77,-0.119,0.0119,0.0106
319,1,7,0,23.9,25.98,0.408,26.1,0.4,0.0119,0.0106
320,1,8,0,23.6,22.7,0.105,22.65,0.094,0.0119,0.0106
321,1,9,0,23.12,21.32,-0.16,20.92,-0.093,0.0119,0.0106
322,1,10,0,22.5,20.84,-0.096,20.2,-0.105,0.0119,0.0106
323,1,11,0,21.78,22.49,0.053,22.74,0.071,0.0119,0.0106
324,1,12,0,21.0,23.88,0.201,23.79,0.189,0.0119,0.0106
325,1,13,0,20.22,21.5,-0.059,21.8,-0.043,0.0119,0.0106
326,1,14,0,19.5,23.3,0.132,23.04,0.103,0.0119,0.0106
327,1,15,0,18.88,24.13,0.212,24.27,0.252,0.0119,0.0106
328,1,16,0,18.4,24.59,0.259,24.75,0.236,0.0119,0.0106
329,1,17,0,18.1,20.9,-0.14,20.81,-0.125,0.0119,0.0106
330,1,18,0,18.0,22.58,0.055,22.74,0.089,0.0119,0.0106
331,1,19,0,18.1,22.6,0.013,22.0,-0.004,0.0119,0.0106
332,1,20,0,18.4,20.69,-0.055,20.87,-0.077,0.0119,0.0106
333,1,21,0,18.88,22.18,0.025,22.63,0.053,0.0119,0.0106
334,1,22,0,19.5,21.58,-0.061,21.49,-0.046,0.0119,0.0106
335,1,23,0,20.22,22.74,0.096,22.74,0.11,0.0119,0.0106
336,1,0,0,21.0,23.92,0.065,23.48,0.176,0.0119,0.0106
337,1,1,0,21.78,20.45,-0.214,20.38,-0.216,0.0119,0.0106
338,1,2,0,22.5,23.31,0.102,23.54,0.076,0.0119,0.0106
339,1,3,0,23.12,21.68,-0.106,21.8,-0.015,0.0119,0.0106
340,1,4,0,23.6,22.48,0.054,22.65,0.036,0.0119,0.0106
341,1,5,0,23.9,24.29,0.228,24.25,0.197,0.0119,0.0106
342,1,6,0,24.0,21.84,-0.025,21.57,0.008,0.0119,0.0106
343,1,7,0,23.9,20.44,-0.082,19.96,-0.21,0.0119,0.0106
344,1,8,1,23.6,21.5,-0.081,21.81,0.036,0.0119,0.0106
345,1,9,1,23.12,23.52,0.26,23.37,0.119,0.0119,0.0106
346,1,10,1,22.5,23.61,0.226,23.7,0.217,0.0119,0.0106
347,1,11,1,21.78,22.55,0.078,22.32,0.012,0.0119,0.0106
348,1,12,1,21.0,25.52,0.334,25.56,0.362,0.0119,0.0106
349,1,13,1,20.22,20.48,-0.092,20.19,-0.201,0.0119,0.0106
350,1,14,1,19.5,20.93,-0.048,21.09,-0.069,0.0119,0.0106
351,1,15,1,18.88,23.99,0.128,23.77,0.222,0.0119,0.0106
352,1,16,1,18.4,22.02,0.068,21.94,0.011,0.0119,0.0106
353,1,17,1,18.1,23.18,0.086,23.83,0.211,0.0119,0.0106
354,1,18,1,18.0,22.59,0.135,22.67,0.082,0.0119,0.0106
355,1,19,0,18.1,23.31,0.112,23.63,0.138,0.0119,0.0106
356,1,20,0,18.4,20.93,-0.004,20.34,-0.199,0.0119,0.0106
357,1,21,0,18.88,22.17,0.032,22.09,0.033,0.0119,0.0106
358,1,22,0,19.5,23.79,0.171,23.62,0.17,0.0119,0.0106
359,1,23,0,20.22,22.13,0.037,22.61,0.083,0.0119,0.0106
360,1,0,0,21.0,23.49,0.158,23.85,0.146,0.0119,0.0106
361,1,1,0,21.78,23.1,0.084,22.9,0.108,0.0119,0.0106
362,1,2,0,22.5,24.36,0.251,24.36,0.287,0.0119,0.0106
363,1,3,0,23.12,22.86,0.114,23.64,0.111,0.0119,0.0106
364,1,4,0,23.6,23.63,0.227,23.74,0.195,0.0119,0.0106
365,1,5,0,23.9,22.29,0.019,21.93,-0.033,0.0119,0.0106
366,1,6,0,24.0,21.63,0.046,21.81,-0.008,0.0119,0.0106
367,1,7,0,23.9,20.71,-0.07,20.84,-0.134,0.0119,0.0106
368,1,8,1,23.6,22.3,-0.009,22.3,0.05,0.0119,0.0106
369,1,9,1,23.12,22.32,-0.013,22.44,0.031,0.0119,0.0106
370,1,10,1,22.5,23.58,0.245,23.47,0.135,0.0119,0.0106
371,1,11,1,21.78,22.84,0.013,23.12,0.059,0.0119,0.0106
372,1,12,1,21.0,20.21,-0.206,20.59,-0.064,0.0119,0.0106
373,1,13,1,20.22,21.65,0.042,21.71,0.031,0.0119,0.0106
374,1,14,1,19.5,25.59,0.41,25.95,0.413,0.0119,0.0106
375,1,15,1,18.88,23.67,0.126,23.5,0.15,0.0119,0.0106
376,1,16,1,18.4,22.24,0.059,22.11,0.04,0.0119,0.0106
377,1,17,1,18.1,22.63,0.006,23.08,0.102,0.0119,0.0106
378,1,18,1,18.0,21.42,-0.062,20.86,-0.117,0.0119,0.0106
379,1,19,0,18.1,24.77,0.226,24.96,0.352,0.0119,0.0106
380,1,20,0,18.4,24.33,0.222,24.51,0.222,0.0119,0.0106
381,1,21,0,18.88,21.94,0.088,22.27,0.073,0.0119,0.0106
382,1,22,0,19.5,21.77,-0.016,21.43,-0.11,0.0119,0.0106
383,1,23,0,20.22,22.98,0.075,22.94,0.046,0.0119,0.0106
384,1,0,0,21.0,23.27,0.069,23.11,0.025,0.0119,0.0106
385,1,1,0,21.78,22.46,0.129,22.99,0.085,0.0119,0.0106
386,1,2,0,22.5,21.6,-0.09,21.74,-0.017,0.0119,0.0106
387,1,3,0,23.12,23.65,0.16,24.02,0.196,0.0119,0.0106
388,1,4,0,23.6,21.18,-0.093,20.93,-0.095,0.0119,0.0106
389,1,5,0,23.9,23.87,0.262,23.63,0.155,0.0119,0.0106
390,1,6,0,24.0,22.47,-0.074,22.24,0.051,0.0119,0.0106
391,1,7,0,23.9,23.61,0.164,23.52,0.168,0.0119,0.0106
392,1,8,1,23.6,20.16,-0.145,20.0,-0.238,0.0119,0.0106
393,1,9,1,23.12,22.94,0.117,22.53,0.052,0.0119,0.0106
394,1,10,1,22.5,20.08,-0.229,20.43,-0.182,0.0119,0.0106
395,1,11,1,21.78,22.8,0.029,23.15,0.116,0.0119,0.0106
396,1,12,1,21.0,23.14,0.123,23.35,0.124,0.0119,0.0106
397,1,13,1,20.22,21.26,-0.128,21.28,-0.159,0.0119,0.0106
398,1,14,1,19.5,23.15,-0.003,23.43,0.112,0.0119,0.0106
399,1,15,1,18.88,23.43,0.144,24.05,0.183,0.0119,0.0106
400,1,16,1,18.4,22.23,-0.01,22.64,0.04,0.0119,0.0106
401,1,17,1,18.1,21.78,-0.016,21.49,-0.002,0.0119,0.0106
402,1,18,1,18.0,22.98,0.084,22.91,0.044,0.0119,0.0106
403,1,19,0,18.1,23.82,0.173,23.8,0.276,0.0119,0.0106
404,1,20,0,18.4,22.95,0.073,22.72,0.107,0.0119,0.0106
405,1,21,0,18.88,22.67,0.113,22.24,0.004,0.0119,0.0106
406,1,22,0,19.5,25.31,0.309,25.63,0.402,0.0119,0.0106
407,1,23,0,20.22,22.6,0.084,22.86,0.06,0.0119,0.0106
408,1,0,0,21.0,21.53,-0.063,21.84,-0.028,0.0119,0.0106
409,1,1,0,21.78,21.07,0.01,21.19,-0.113,0.0119,0.0106
410,1,2,0,22.5,22.54,0.05,22.96,0.11,0.0119,0.0106
411,1,3,0,23.12,20.91,-0.119,21.03,-0.067,0.0119,0.0106
412,1,4,0,23.6,24.28,0.257,25.06,0.316,0.0119,0.0106
413,1,5,0,23.9,22.79,0.096,22.69,0.06,0.0119,0.0106
414,1,6,0,24.0,22.75,0.025,23.15,0.149,0.0119,0.0106
415,1,7,0,23.9,24.48,0.141,24.44,0.226,0.0119,0.0106
416,1,8,1,23.6,24.45,0.195,24.44,0.229,0.0119,0.0106
417,1,9,1,23.12,23.76,0.164,23.92,0.181,0.0119,0.0106
418,1,10,1,22.5,21.91,0.072,21.64,-0.046,0.0119,0.0106
419,1,11,1,21.78,24.33,0.282,24.78,0.265,0.0119,0.0106
420,1,12,1,21.0,23.11,0.065,23.1,0.12,0.0119,0.0106
421,1,13,1,20.22,20.73,-0.15,21.09,-0.085,0.0119,0.0106
422,1,14,1,19.5,22.92,0.122,22.85,0.07,0.0119,0.0106
423,1,15,1,18.88,23.81,0.187,23.4,0.198,0.0119,0.0106
424,1,16,1,18.4,21.0,-0.074,20.8,-0.115,0.0119,0.0106
425,1,17,1,18.1,23.03,0.134,23.17,0.151,0.0119,0.0106
426,1,18,1,18.0,23.11,0.145,23.04,0.161,0.0119,0.0106
427,1,19,0,18.1,22.3,0.085,22.01,-0.003,0.0119,0.0106
428,1,20,0,18.4,19.24,-0.303,19.5,-0.253,0.0119,0.0106
429,1,21,0,18.88,23.0,0.135,23.06,0.092,0.0119,0.0106
430,1,22,0,19.5,23.27,0.164,23.19,0.138,0.0119,0.0106
431,1,23,0,20.22,21.1,-0.117,21.42,-0.033,0.0119,0.0106
432,1,0,0,21.0,23.05,0.094,23.6,0.15,0.0119,0.0106
433,1,1,0,21.78,22.47,0.087,22.38,-0.01,0.0119,0.0106
434,1,2,0,22.5,20.92,-0.061,20.6,-0.089,0.0119,0.0106
435,1,3,0,23.12,22.34,0.038,22.29,0.064,0.0119,0.0106
436,1,4,0,23.6,21.11,-0.04,21.18,-0.067,0.0119,0.0106
437,1,5,0,23.9,22.78,-0.057,23.08,0.129,0.0119,0.0106
438,1,6,0,24.0,21.52,-0.023,20.97,-0.062,0.0119,0.0106
439,1,7,0,23.9,22.29,0.11,22.58,0.097,0.0119,0.0106
440,1,8,1,23.6,24.96,0.3,25.18,0.27,0.0119,0.0106
441,1,9,1,23.12,22.13,0.122,21.88,-0.017,0.0119,0.0106
442,1,10,1,22.5,22.68,0.071,22.85,0.136,0.0119,0.0106
443,1,11,1,21.78,21.57,-0.081,21.62,-0.077,0.0119,0.0106
444,1,12,1,21.0,21.58,-0.063,21.57,-0.064,0.0119,0.0106
445,1,13,1,20.22,20.39,-0.236,20.37,-0.141,0.0119,0.0106
446,1,14,1,19.5,22.62,0.047,22.19,-0.004,0.0119,0.0106
447,1,15,1,18.88,22.98,0.004,23.38,0.142,0.0119,0.0106
448,1,16,1,18.4,22.26,0.037,22.46,0.024,0.0119,0.0106
449,1,17,1,18.1,22.02,0.056,21.78,-0.021,0.0119,0.0106
450,1,18,1,18.0,25.35,0.3,25.33,0.288,0.0119,0.0106
451,1,19,0,18.1,19.8,-0.207,19.32,-0.253,0.0119,0.0106
452,1,20,0,18.4,20.13,-0.211,20.4,-0.156,0.0119,0.0106
453,1,21,0,18.88,24.92,0.278,25.19,0.292,0.0119,0.0106
454,1,22,0,19.5,19.27,-0.283,19.06,-0.324,0.0119,0.0106
455,1,23,0,20.22,22.3,0.019,22.33,0.013,0.0119,0.0106
456,1,0,0,21.0,22.75,0.021,22.89,0.131,0.0119,0.0106
457,1,1,0,21.78,22.35,0.071,22.36,0.043,0.0119,0.0106
458,1,2,0,22.5,23.93,0.162,24.02,0.212,0.0119,0.0106
459,1,3,0,23.12,20.78,-0.123,20.82,-0.125,0.0119,0.0106
460,1,4,0,23.6,22.31,0.003,21.74,-0.023,0.0119,0.0106
461,1,5,0,23.9,22.74,0.137,22.43,0.017,0.0119,0.0106
462,1,6,0,24.0,23.95,0.163,24.08,0.261,0.0119,0.0106
463,1,7,0,23.9,20.71,-0.079,20.99,-0.122,0.0119,0.0106
464,1,8,0,23.6,24.59,0.273,24.51,0.259,0.0119,0.0106
465,1,9,0,23.12,22.3,0.07,22.54,0.002,0.0119,0.0106
466,1,10,0,22.5,24.46,0.297,23.96,0.23,0.0119,0.0106
467,1,11,0,21.78,20.86,-0.169,20.74,-0.132,0.0119,0.0106
468,1,12,0,21.0,22.04,0.069,22.27,0.069,0.0119,0.0106
469,1,13,0,20.22,21.66,-0.118,21.59,-0.065,0.0119,0.0106
470,1,14,0,19.5,23.95,0.133,24.43,0.225,0.0119,0.0106
471,1,15,0,18.88,22.46,0.006,22.54,0.067,0.0119,0.0106
472,1,16,0,18.4,21.79,0.006,21.78,-0.021,0.0119,0.0106
473,1,17,0,18.1,21.85,-0.02,21.81,-0.03,0.0119,0.0106
474,1,18,0,18.0,22.11,0.039,22.59,0.05,0.0119,0.0106
475,1,19,0,18.1,23.55,0.213,23.45,0.156,0.0119,0.0106
476,1,20,0,18.4,22.34,-0.045,22.47,0.014,0.0119,0.0106
477,1,21,0,18.88,20.71,-0.042,20.75,-0.058,0.0119,0.0106
478,1,22,0,19.5,23.46,0.056,23.61,0.144,0.0119,0.0106
479,1,23,0,20.22,21.32,-0.077,21.13,-0.101,0.0119,0.0106
480,1,0,0,21.0,19.53,-0.301,19.76,-0.217,0.0119,0.0106
481,1,1,0,21.78,25.61,0.235,25.34,0.325,0.0119,0.0106
482,1,2,0,22.5,24.15,0.154,24.74,0.289,0.0119,0.0106
483,1,3,0,23.12,21.8,0.112,21.77,-0.068,0.0119,0.0106
484,1,4,0,23.6,22.88,0.142,23.02,0.105,0.0119,0.0106
485,1,5,0,23.9,22.96,0.11,22.84,0.074,0.0119,0.0106
486,1,6,0,24.0,23.43,0.162,23.32,0.131,0.0119,0.0106
487,1,7,0,23.9,24.19,0.13,24.17,0.255,0.0119,0.0106
488,1,8,0,23.6,21.14,-0.116,20.95,-0.064,0.0119,0.0106
489,1,9,0,23.12,19.3,-0.218,20.24,-0.17,0.0119,0.0106
490,1,10,0,22.5,22.42,0.068,22.5,0.07,0.0119,0.0106
491,1,11,0,21.78,23.33,0.123,23.36,0.131,0.0119,0.0106
492,1,12,0,21.0,22.21,0.05,22.55,-0.033,0.0119,0.0106
493,1,13,0,20.22,23.48,0.147,23.54,0.143,0.0119,0.0106
494,1,14,0,19.5,24.19,0.18,24.47,0.259,0.0119,0.0106
495,1,15,0,18.88,21.04,-0.127,20.63,-0.111,0.0119,0.0106
496,1,16,0,18.4,23.93,0.229,24.08,0.224,0.0119,0.0106
497,1,17,0,18.1,21.54,-0.006,21.67,-0.011,0.0119,0.0106
498,1,18,0,18.0,24.28,0.246,24.5,0.282,0.0119,0.0106
499,1,19,0,18.1,22.46,0.038,22.2,-0.003,0.0119,0.0106
500,1,20,0,18.4,21.49,-0.091,21.44,-0.065,0.0119,0.0106
501,1,21,0,18.88,19.66,-0.234,19.72,-0.252,0.0119,0.0106
502,1,22,0,19.5,23.49,0.069,23.77,0.154,0.0119,0.0106
503,1,23,0,20.22,21.35,-0.024,21.06,-0.099,0.0119,0.0106
504,1,0,0,21.0,22.1,0.042,21.5,-0.087,0.0119,0.0106
505,1,1,0,21.78,22.59,0.127,22.67,0.028,0.0119,0.0106
506,1,2,0,22.5,17.97,-0.313,18.03,-0.36,0.0119,0.0106
507,1,3,0,23.12,22.81,0.122,22.67,0.037,0.0119,0.0106
508,1,4,0,23.6,23.21,0.174,23.37,0.219,0.0119,0.0106
509,1,5,0,23.9,23.09,0.108,22.94,0.041,0.0119,0.0106
510,1,6,0,24.0,21.46,-0.08,21.34,-0.062,0.0119,0.0106
511,1,7,0,23.9,21.27,-0.073,21.6,-0.04,0.0119,0.0106
512,1,8,1,23.6,22.01,0.042,22.05,-0.021,0.0119,0.0106
513,1,9,1,23.12,21.51,-0.116,21.42,-0.082,0.0119,0.0106
514,1,10,1,22.5,21.79,-0.008,22.05,0.011,0.0119,0.0106
515,1,11,1,21.78,23.78,0.197,23.74,0.17,0.0119,0.0106
516,1,12,1,21.0,22.9,-0.032,22.72,0.068,0.0119,0.0106
517,1,13,1,20.22,24.63,0.312,24.91,0.328,0.0119,0.0106
518,1,14,1,19.5,22.63,0.032,22.69,0.06,0.0119,0.0106
519,1,15,1,18.88,23.42,0.135,23.78,0.165,0.0119,0.0106
520,1,16,1,18.4,22.5,-0.022,22.68,-0.001,0.0119,0.0106
521,1,17,1,18.1,21.67,-0.058,21.31,-0.074,0.0119,0.0106
522,1,18,1,18.0,21.82,-0.002,22.26,0.035,0.0119,0.0106
523,1,19,0,18.1,23.43,0.195,23.09,0.107,0.0119,0.0106
524,1,20,0,18.4,23.51,0.073,23.18,0.143,0.0119,0.0106
525,1,21,0,18.88,23.06,0.063,22.79,0.113,0.0119,0.0106
526,1,22,0,19.5,20.72,-0.173,21.21,-0.06,0.0119,0.0106
527,1,23,0,20.22,22.01,-0.026,22.19,0.014,0.0119,0.0106
528,1,0,0,21.0,22.56,0.093,22.26,0.011,0.0119,0.0106
529,1,1,0,21.78,22.16,-0.112,21.86,-0.02,0.0119,0.0106
530,1,2,0,22.5,26.12,0.411,26.35,0.428,0.0119,0.0106
531,1,3,0,23.12,22.53,-0.006,22.7,0.103,0.0119,0.0106
532,1,4,0,23.6,23.57,0.179,23.79,0.179,0.0119,0.0106
533,1,5,0,23.9,23.51,0.133,23.69,0.151,0.0119,0.0106
534,1,6,0,24.0,22.65,0.003,23.12,0.068,0.0119,0.0106
535,1,7,0,23.9,22.75,0.083,22.76,0.084,0.0119,0.0106
536,1,8,1,23.6,22.17,-0.064,22.61,0.036,0.0119,0.0106
537,1,9,1,23.12,22.35,0.026,21.85,0.035,0.0119,0.0106
538,1,10,1,22.5,22.53,-0.01,22.6,0.042,0.0119,0.0106
539,1,11,1,21.78,21.94,0.058,21.84,0.001,0.0119,0.0106
540,1,12,1,21.0,20.83,-0.092,20.91,-0.075,0.0119,0.0106
541,1,13,1,20.22,24.87,0.247,24.57,0.219,0.0119,0.0106
542,1,14,1,19.5,22.15,0.064,22.29,0.027,0.0119,0.0106
543,1,15,1,18.88,22.02,-0.04,22.07,0.069,0.0119,0.0106
544,1,16,1,18.4,20.09,-0.09,20.14,-0.185,0.0119,0.0106
545,1,17,1,18.1,22.21,0.012,22.11,0.052,0.0119,0.0106
546,1,18,1,18.0,19.18,-0.353,19.64,-0.244,0.0119,0.0106
547,1,19,0,18.1,21.86,-0.094,22.03,0.017,0.0119,0.0106
548,1,20,0,18.4,25.54,0.363,25.13,0.293,0.0119,0.0106
549,1,21,0,18.88,23.14,0.082,23.14,0.129,0.0119,0.0106
550,1,22,0,19.5,25.21,0.357,25.15,0.276,0.0119,0.0106
551,1,23,0,20.22,21.07,-0.019,21.21,-0.069,0.0119,0.0106
552,1,0,0,21.0,22.03,-0.059,22.03,0.021,0.0119,0.0106
553,1,1,0,21.78,23.82,0.159,23.69,0.177,0.0119,0.0106
554,1,2,0,22.5,21.84,0.089,21.83,-0.025,0.0119,0.0106
555,1,3,0,23.12,21.96,0.033,21.77,-0.029,0.0119,0.0106
556,1,4,0,23.6,21.53,0.024,21.92,-0.026,0.0119,0.0106
557,1,5,0,23.9,19.7,-0.264,20.0,-0.176,0.0119,0.0106
558,1,6,0,24.0,19.54,-0.306,19.81,-0.197,0.0119,0.0106
559,1,7,0,23.9,22.52,0.032,22.24,0.044,0.0119,0.0106
560,1,8,1,23.6,22.66,0.165,22.83,0.036,0.0119,0.0106
561,1,9,1,23.12,24.93,0.248,24.96,0.256,0.0119,0.0106
562,1,10,1,22.5,22.22,0.015,22.49,0.095,0.0119,0.0106
563,1,11,1,21.78,20.32,-0.23,20.32,-0.157,0.0119,0.0106
564,1,12,1,21.0,23.83,0.053,23.7,0.176,0.0119,0.0106
565,1,13,1,20.22,23.16,0.177,23.28,0.096,0.0119,0.0106
566,1,14,1,19.5,23.52,0.063,23.88,0.197,0.0119,0.0106
567,1,15,1,18.88,21.74,-0.008,21.72,-0.043,0.0119,0.0106
568,1,16,1,18.4,21.49,-0.106,21.5,-0.083,0.0119,0.0106
569,1,17,1,18.1,23.52,0.185,23.17,0.131,0.0119,0.0106
570,1,18,1,18.0,19.91,-0.149,19.71,-0.259,0.0119,0.0106
571,1,19,0,18.1,21.8,0.02,21.94,-0.013,0.0119,0.0106
572,1,20,0,18.4,21.6,0.047,22.03,0.032,0.0119,0.0106
573,1,21,0,18.88,22.63,0.021,22.39,0.054,0.0119,0.0106
574,1,22,0,19.5,23.13,0.145,23.55,0.11,0.0119,0.0106
575,1,23,0,20.22,24.08,0.189,23.78,0.185,0.0119,0.0106
576,1,0,0,21.0,25.49,0.38,26.43,0.437,0.0119,0.0106
577,1,1,0,21.78,23.3,0.114,23.57,0.211,0.0119,0.0106
578,1,2,0,22.5,22.85,0.118,22.99,0.112,0.0119,0.0106
579,1,3,0,23.12,23.76,0.148,23.57,0.124,0.0119,0.0106
580,1,4,0,23.6,23.16,0.139,23.39,0.19,0.0119,0.0106
581,1,5,0,23.9,22.49,-0.005,22.69,0.058,0.0119,0.0106
582,1,6,0,24.0,23.54,0.14,23.8,0.178,0.0119,0.0106
583,1,7,0,23.9,20.22,-0.133,20.12,-0.171,0.0119,0.0106
584,1,8,1,23.6,23.25,0.125,23.27,0.107,0.0119,0.0106
585,1,9,1,23.12,23.55,0.179,23.67,0.152,0.0119,0.0106
586,1,10,1,22.5,19.27,-0.297,19.6,-0.266,0.0119,0.0106
587,1,11,1,21.78,23.54,0.207,23.42,0.161,0.0119,0.0106
588,1,12,1,21.0,23.53,0.213,23.12,0.119,0.0119,0.0106
589,1,13,1,20.22,21.95,-0.094,21.99,0.011,0.0119,0.0106
590,1,14,1,19.5,20.96,-0.181,20.55,-0.112,0.0119,0.0106
591,1,15,1,18.88,21.56,-0.071,22.02,-0.05,0.0119,0.0106
592,1,16,1,18.4,20.83,-0.125,21.2,-0.097,0.0119,0.0106
593,1,17,1,18.1,22.74,0.13,22.89,0.133,0.0119,0.0106
594,1,18,1,18.0,21.96,-0.025,21.56,-0.036,0.0119,0.0106
595,1,19,0,18.1,21.05,-0.077,20.77,-0.125,0.0119,0.0106
596,1,20,0,18.4,22.55,0.043,22.32,0.004,0.0119,0.0106
597,1,21,0,18.88,23.84,0.091,24.15,0.187,0.0119,0.0106
598,1,22,0,19.5,20.26,-0.179,20.06,-0.237,0.0119,0.0106
599,1,23,0,20.22,21.12,-0.078,20.82,-0.116,0.0119,0.0106
600,1,0,0,21.0,21.42,-0.086,21.47,-0.061,0.0119,0.0106
601,1,1,0,21.78,25.01,0.236,25.41,0.366,0.0119,0.0106
602,1,2,0,22.5,23.72,0.213,23.37,0.183,0.0119,0.0106
603,1,3,0,23.12,20.82,-0.067,20.54,-0.138,0.0119,0.0106
604,1,4,0,23.6,23.33,0.152,23.43,0.103,0.0119,0.0106
605,1,5,0,23.9,24.07,0.196,24.42,0.241,0.0119,0.0106
606,1,6,0,24.0,20.2,-0.151,20.36,-0.166,0.0119,0.0106
607,1,7,0,23.9,24.19,0.247,24.09,0.178,0.0119,0.0106
608,1,8,1,23.6,22.46,0.058,22.41,0.03,0.0119,0.0106
609,1,9,1,23.12,22.3,0.008,22.55,0.007,0.0119,0.0106
610,1,10,1,22.5,25.12,0.248,25.54,0.375,0.0119,0.0106
611,1,11,1,21.78,21.75,-0.011,21.82,-0.025,0.0119,0.0106
612,1,12,1,21.0,21.32,-0.113,21.12,-0.113,0.0119,0.0106
613,1,13,1,20.22,22.4,0.074,22.18,0.063,0.0119,0.0106
614,1,14,1,19.5,21.63,-0.012,21.7,-0.016,0.0119,0.0106
615,1,15,1,18.88,22.61,0.086,22.84,0.047,0.0119,0.0106
616,1,16,1,18.4,23.8,0.142,24.07,0.208,0.0119,0.0106
617,1,17,1,18.1,23.52,0.206,23.46,0.217,0.0119,0.0106
618,1,18,1,18.0,21.32,-0.053,20.91,-0.088,0.0119,0.0106
619,1,19,0,18.1,22.15,-0.052,22.59,0.08,0.0119,0.0106
620,1,20,0,18.4,21.59,0.059,22.11,-0.012,0.0119,0.0106
621,1,21,0,18.88,21.68,-0.052,21.93,-0.008,0.0119,0.0106
622,1,22,0,19.5,22.54,0.053,21.96,-0.024,0.0119,0.0106
623,1,23,0,20.22,21.76,-0.087,22.19,0.044,0.0119,0.0106
624,1,0,0,21.0,22.08,0.048,22.0,0.01,0.0119,0.0106
625,1,1,0,21.78,23.36,0.119,23.65,0.146,0.0119,0.0106
626,1,2,0,22.5,20.87,0.035,20.62,-0.1,0.0119,0.0106
627,1,3,0,23.12,20.47,-0.129,20.08,-0.176,0.0119,0.0106
628,1,4,0,23.6,23.32,0.126,23.25,0.135,0.0119,0.0106
629,1,5,0,23.9,22.63,0.051,21.96,-0.029,0.0119,0.0106
630,1,6,0,24.0,22.76,0.095,23.66,0.156,0.0119,0.0106
631,1,7,0,23.9,23.88,0.209,24.03,0.221,0.0119,0.0106
632,1,8,0,23.6,25.58,0.382,25.25,0.297,0.0119,0.0106
633,1,9,0,23.12,23.33,0.112,23.06,0.097,0.0119,0.0106
634,1,10,0,22.5,23.96,0.134,24.24,0.226,0.0119,0.0106
635,1,11,0,21.78,21.44,-0.067,21.06,-0.103,0.0119,0.0106
636,1,12,0,21.0,26.14,0.345,26.27,0.41,0.0119,0.0106
637,1,13,0,20.22,24.03,0.124,24.66,0.209,0.0119,0.0106
638,1,14,0,19.5,25.31,0.287,25.42,0.358,0.0119,0.0106
639,1,15,0,18.88,18.55,-0.329,18.55,-0.318,0.0119,0.0106
640,1,16,0,18.4,20.98,-0.148,21.0,-0.092,0.0119,0.0106
641,1,17,0,18.1,21.16,-0.134,21.03,-0.077,0.0119,0.0106
642,1,18,0,18.0,23.79,0.181,23.72,0.128,0.0119,0.0106
643,1,19,0,18.1,22.05,0.136,22.04,-0.03,0.0119,0.0106
644,1,20,0,18.4,24.7,0.284,25.0,0.352,0.0119,0.0106
645,1,21,0,18.88,23.06,0.103,23.17,0.154,0.0119,0.0106
646,1,22,0,19.5,24.14,0.149,23.96,0.19,0.0119,0.0106
647,1,23,0,20.22,21.3,-0.008,21.28,-0.086,0.0119,0.0106
648,1,0,0,21.0,22.44,0.086,22.45,-0.022,0.0119,0.0106
649,1,1,0,21.78,21.59,0.019,21.65,-0.049,0.0119,0.0106
650,1,2,0,22.5,19.69,-0.263,19.87,-0.249,0.0119,0.0106
651,1,3,0,23.12,21.56,-0.074,21.51,-0.115,0.0119,0.0106
652,1,4,0,23.6,23.85,0.217,24.23,0.189,0.0119,0.0106
653,1,5,0,23.9,22.2,0.05,22.2,0.04,0.0119,0.0106
654,1,6,0,24.0,21.4,-0.037,21.42,-0.014,0.0119,0.0106
655,1,7,0,23.9,23.56,0.16,23.79,0.222,0.0119,0.0106
656,1,8,0,23.6,23.11,0.182,22.86,0.107,0.0119,0.0106
657,1,9,0,23.12,21.84,-0.002,21.69,-0.017,0.0119,0.0106
658,1,10,0,22.5,22.8,0.165,22.89,0.121,0.0119,0.0106
659,1,11,0,21.78,22.79,0.027,23.07,0.119,0.0119,0.0106
660,1,12,0,21.0,25.21,0.279,25.15,0.295,0.0119,0.0106
661,1,13,0,20.22,20.87,-0.132,20.63,-0.179,0.0119,0.0106
662,1,14,0,19.5,22.52,0.007,22.79,0.125,0.0119,0.0106
663,1,15,0,18.88,23.27,0.094,23.58,0.183,0.0119,0.0106
664,1,16,0,18.4,20.86,-0.105,21.13,-0.07,0.0119,0.0106
665,1,17,0,18.1,20.74,-0.096,20.47,-0.182,0.0119,0.0106
666,1,18,0,18.0,23.19,0.162,22.78,0.041,0.0119,0.0106
667,1,19,0,18.1,23.33,0.098,23.52,0.169,0.0119,0.0106
668,1,20,0,18.4,22.89,0.039,22.73,0.014,0.0119,0.0106
669,1,21,0,18.88,23.02,0.107,22.56,0.048,0.0119,0.0106
670,1,22,0,19.5,23.52,0.135,23.43,0.165,0.0119,0.0106
671,1,23,0,20.22,23.0,0.124,23.1,0.064,0.0119,0.0106
672,1,0,0,21.0,23.64,0.113,23.82,0.175,0.0119,0.0106
673,1,1,0,21.78,22.44,0.061,22.4,0.083,0.0119,0.0106
674,1,2,0,22.5,24.12,0.243,23.73,0.213,0.0119,0.0106
675,1,3,0,23.12,23.08,0.209,23.41,0.171,0.0119,0.0106
676,1,4,0,23.6,22.87,0.095,23.19,0.119,0.0119,0.0106
677,1,5,0,23.9,21.97,-0.044,22.44,0.09,0.0119,0.0106
678,1,6,0,24.0,23.25,0.143,22.83,0.02,0.0119,0.0106
679,1,7,0,23.9,23.44,0.114,23.7,0.174,0.0119,0.0106
680,1,8,1,23.6,25.43,0.29,25.28,0.372,0.0119,0.0106
681,1,9,1,23.12,25.44,0.395,25.44,0.385,0.0119,0.0106
682,1,10,1,22.5,21.39,0.0,21.24,-0.025,0.0119,0.0106
683,1,11,1,21.78,23.34,0.234,23.08,0.092,0.0119,0.0106
684,1,12,1,21.0,22.0,0.077,22.1,0.036,0.0119,0.0106
685,1,13,1,20.22,23.12,0.114,23.26,0.143,0.0119,0.0106
686,1,14,1,19.5,18.71,-0.317,18.62,-0.373,0.0119,0.0106
687,1,15,1,18.88,23.08,0.196,23.02,0.149,0.0119,0.0106
688,1,16,1,18.4,21.8,-0.024,21.76,-0.038,0.0119,0.0106
689,1,17,1,18.1,22.79,0.023,22.57,0.075,0.0119,0.0106
690,1,18,1,18.0,23.44,0.189,23.2,0.101,0.0119,0.0106
691,1,19,0,18.1,22.88,0.086,23.13,0.126,0.0119,0.0106
692,1,20,0,18.4,21.73,-0.038,21.67,-0.056,0.0119,0.0106
693,1,21,0,18.88,22.23,-0.001,21.77,-0.032,0.0119,0.0106
694,1,22,0,19.5,22.12,0.008,22.04,0.019,0.0119,0.0106
695,1,23,0,20.22,23.81,0.121,23.62,0.13,0.0119,0.0106
696,1,0,0,21.0,21.77,-0.062,21.66,-0.073,0.0119,0.0106
697,1,1,0,21.78,21.82,0.011,21.87,-0.03,0.0119,0.0106
698,1,2,0,22.5,21.88,-0.014,21.6,-0.065,0.0119,0.0106
699,1,3,0,23.12,23.36,0.118,22.82,0.091,0.0119,0.0106
700,1,4,0,23.6,22.78,0.095,23.58,0.128,0.0119,0.0106
701,1,5,0,23.9,22.36,0.032,21.82,-0.043,0.0119,0.0106
702,1,6,0,24.0,23.87,0.181,23.71,0.152,0.0119,0.0106
703,1,7,0,23.9,25.11,0.402,25.01,0.326,0.0119,0.0106
704,1,8,1,23.6,23.22,0.142,23.33,0.076,0.0119,0.0106
705,1,9,1,23.12,22.08,0.006,22.34,-0.009,0.0119,0.0106
706,1,10,1,22.5,22.42,0.104,22.93,0.091,0.0119,0.0106
707,1,11,1,21.78,23.93,0.108,23.82,0.154,0.0119,0.0106
708,1,12,1,21.0,24.84,0.272,24.76,0.267,0.0119,0.0106
709,1,13,1,20.22,25.36,0.447,25.84,0.38,0.0119,0.0106
710,1,14,1,19.5,22.94,0.168,22.49,0.014,0.0119,0.0106
711,1,15,1,18.88,22.83,0.053,22.5,0.024,0.0119,0.0106
712,1,16,1,18.4,21.59,-0.069,21.43,-0.032,0.0119,0.0106
713,1,17,1,18.1,20.84,-0.055,20.91,-0.125,0.0119,0.0106
714,1,18,1,18.0,21.42,0.001,21.35,-0.059,0.0119,0.0106
715,1,19,0,18.1,21.7,-0.085,21.85,0.005,0.0119,0.0106
716,1,20,0,18.4,23.11,0.069,23.02,0.075,0.0119,0.0106
717,1,21,0,18.88,23.3,0.098,23.67,0.181,0.0119,0.0106
718,1,22,0,19.5,19.37,-0.265,19.19,-0.308,0.0119,0.0106
719,1,23,0,20.22,21.1,-0.076,20.89,-0.116,0.0119,0.0106
720,1,0,0,21.0,19.14,-0.316,18.51,-0.336,0.0119,0.0106
721,1,1,0,21.78,18.38,-0.388,18.23,-0.335,0.0119,0.0106
722,1,2,0,22.5,21.92,-0.001,22.04,-0.06,0.0119,0.0106
723,1,3,0,23.12,23.65,0.191,23.72,0.289,0.0119,0.0106
724,1,4,0,23.6,19.37,-0.277,19.89,-0.202,0.0119,0.0106
725,1,5,0,23.9,22.43,0.015,22.3,0.04,0.0119,0.0106
726,1,6,0,24.0,20.22,-0.198,20.45,-0.189,0.0119,0.0106
727,1,7,0,23.9,21.82,-0.044,22.2,0.031,0.0119,0.0106
728,1,8,1,23.6,21.4,-0.025,21.63,0.019,0.0119,0.0106
729,1,9,1,23.12,22.24,0.029,22.44,0.083,0.0119,0.0106
730,1,10,1,22.5,21.42,-0.068,21.65,-0.037,0.0119,0.0106
731,1,11,1,21.78,22.64,0.058,22.71,0.078,0.0119,0.0106
732,1,12,1,21.0,24.87,0.33,25.16,0.303,0.0119,0.0106
733,1,13,1,20.22,21.17,-0.04,21.45,-0.011,0.0119,0.0106
734,1,14,1,19.5,21.59,-0.123,21.53,-0.059,0.0119,0.0106
735,1,15,1,18.88,23.99,0.232,23.85,0.18,0.0119,0.0106
736,1,16,1,18.4,22.99,0.103,22.64,-0.026,0.0119,0.0106
737,1,17,1,18.1,22.22,0.082,21.73,-0.004,0.0119,0.0106
738,1,18,1,18.0,23.2,0.073,23.66,0.218,0.0119,0.0106
739,1,19,0,18.1,23.9,0.247,23.83,0.15,0.0119,0.0106
740,1,20,0,18.4,21.26,-0.1,21.08,-0.124,0.0119,0.0106
741,1,21,0,18.88,24.33,0.251,24.26,0.209,0.0119,0.0106
742,1,22,0,19.5,19.77,-0.319,19.85,-0.217,0.0119,0.0106
743,1,23,0,20.22,20.45,-0.11,21.04,-0.092,0.0119,0.0106
744,2,0,0,18.07,24.4,0.267,24.14,0.22,0.0127,0.0112
745,2,1,0,18.85,22.9,0.126,23.28,0.136,0.0127,0.0112
746,2,2,0,19.57,20.02,-0.204,19.73,-0.224,0.0127,0.0112
747,2,3,0,20.19,20.8,-0.044,21.53,-0.029,0.0127,0.0112
748,2,4,0,20.67,22.61,0.013,22.54,0.057,0.0127,0.0112
749,2,5,0,20.97,22.89,0.105,22.51,0.047,0.0127,0.0112
750,2,6,0,21.07,19.64,-0.257,19.38,-0.205,0.0127,0.0112
751,2,7,0,20.97,23.33,0.158,22.93,0.047,0.0127,0.0112
752,2,8,1,20.67,24.12,0.208,23.98,0.238,0.0127,0.0112
753,2,9,1,20.19,20.57,-0.172,20.15,-0.154,0.0127,0.0112
754,2,10,1,19.57,20.22,-0.2,19.37,-0.246,0.0127,0.0112
755,2,11,1,18.85,24.3,0.209,24.16,0.251,0.0127,0.0112
756,2,12,1,18.07,19.7,-0.221,19.58,-0.229,0.0127,0.0112
757,2,13,1,17.3,21.74,-0.151,21.75,-0.045,0.0127,0.0112
758,2,14,1,16.57,23.18,0.121,22.89,0.102,0.0127,0.0112
759,2,15,1,15.95,21.99,-0.05,22.04,-0.002,0.0127,0.0112
760,2,16,1,15.47,23.42,0.112,23.46,0.153,0.0127,0.0112
761,2,17,1,15.17,23.57,0.215,22.96,0.086,0.0127,0.0112
762,2,18,1,15.07,23.14,0.045,23.5,0.128,0.0127,0.0112
763,2,19,0,15.17,22.07,0.093,21.83,-0.042,0.0127,0.0112
764,2,20,0,15.47,21.67,-0.093,21.73,-0.039,0.0127,0.0112
765,2,21,0,15.95,22.98,0.093,22.88,0.072,0.0127,0.0112
766,2,22,0,16.57,20.23,-0.089,20.32,-0.167,0.0127,0.0112
767,2,23,0,17.3,22.84,0.02,23.05,0.156,0.0127,0.0112
768,2,0,0,18.07,22.8,0.044,23.29,0.184,0.0127,0.0112
769,2,1,0,18.85,23.66,0.178,23.83,0.175,0.0127,0.0112
770,2,2,0,19.57,24.3,0.132,24.34,0.201,0.0127,0.0112
771,2,3,0,20.19,22.22,0.019,22.31,0.068,0.0127,0.0112
772,2,4,0,20.67,19.57,-0.334,19.62,-0.216,0.0127,0.0112
773,2,5,0,20.97,22.36,-0.007,22.48,0.087,0.0127,0.0112
774,2,6,0,21.07,24.06,0.2,24.24,0.241,0.0127,0.0112
775,2,7,0,20.97,21.44,0.026,21.7,0.002,0.0127,0.0112
776,2,8,1,20.67,21.41,-0.124,21.51,-0.031,0.0127,0.0112
777,2,9,1,20.19,23.18,0.06,22.61,0.053,0.0127,0.0112
778,2,10,1,19.57,22.05,0.024,21.69,-0.024,0.0127,0.0112
779,2,11,1,18.85,22.21,0.073,21.98,0.048,0.0127,0.0112
780,2,12,1,18.07,21.77,0.002,21.59,-0.052,0.0127,0.0112
781,2,13,1,17.3,22.29,-0.066,22.51,0.091,0.0127,0.0112
782,2,14,1,16.57,22.61,0.056,22.49,0.047,0.0127,0.0112
783,2,15,1,15.95,19.9,-0.208,20.35,-0.152,0.0127,0.0112
784,2,16,1,15.47,23.93,0.216,23.62,0.154,0.0127,0.0112
785,2,17,1,15.17,23.77,0.172,23.13,0.095,0.0127,0.0112
786,2,18,1,15.07,23.15,0.079,23.29,0.108,0.0127,0.0112
787,2,19,0,15.17,22.33,0.075,22.07,-0.005,0.0127,0.0112
788,2,20,0,15.47,18.14,-0.438,18.03,-0.446,0.0127,0.0112
789,2,21,0,15.95,20.64,-0.069,20.68,-0.123,0.0127,0.0112
790,2,22,0,16.57,21.59,-0.064,21.73,-0.048,0.0127,0.0112
791,2,23,0,17.3,20.77,-0.143,20.24,-0.171,0.0127,0.0112
792,2,0,0,18.07,22.36,-0.012,22.23,0.041,0.0127,0.0112
793,2,1,0,18.85,20.52,-0.198,20.76,-0.147,0.0127,0.0112
794,2,2,0,19.57,20.3,-0.121,20.15,-0.17,0.0127,0.0112
795,2,3,0,20.19,23.97,0.142,24.12,0.203,0.0127,0.0112
796,2,4,0,20.67,21.33,-0.127,21.73,-0.0,0.0127,0.0112
797,2,5,0,20.97,23.84,0.163,24.39,0.26,0.0127,0.0112
798,2,6,0,21.07,25.92,0.315,25.74,0.317,0.0127,0.0112
799,2,7,0,20.97,23.57,0.138,23.0,0.114,0.0127,0.0112
800,2,8,0,20.67,22.78,0.089,22.91,0.129,0.0127,0.0112
801,2,9,0,20.19,21.07,-0.131,20.87,-0.088,0.0127,0.0112
802,2,10,0,19.57,23.85,0.244,23.99,0.163,0.0127,0.0112
803,2,11,0,18.85,25.0,0.337,25.46,0.399,0.0127,0.0112
804,2,12,0,18.07,20.02,-0.235,19.86,-0.193,0.0127,0.0112
805,2,13,0,17.3,20.92,-0.039,21.15,-0.064,0.0127,0.0112
806,2,14,0,16.57,22.93,0.05,22.63,0.1,0.0127,0.0112
807,2,15,0,15.95,23.67,0.146,23.66,0.105,0.0127,0.0112
808,2,16,0,15.47,20.89,-0.175,21.47,-0.048,0.0127,0.0112
809,2,17,0,15.17,24.01,0.21,23.63,0.192,0.0127,0.0112
810,2,18,0,15.07,22.52,-0.032,23.38,0.17,0.0127,0.0112
811,2,19,0,15.17,22.24,0.046,22.47,0.025,0.0127,0.0112
812,2,20,0,15.47,22.84,0.115,22.29,0.038,0.0127,0.0112
813,2,21,0,15.95,23.46,0.164,23.78,0.182,0.0127,0.0112
814,2,22,0,16.57,21.18,-0.023,20.96,-0.06,0.0127,0.0112
815,2,23,0,17.3,22.14,-0.031,22.16,0.051,0.0127,0.0112
816,2,0,0,18.07,23.5,0.106,24.08,0.197,0.0127,0.0112
817,2,1,0,18.85,22.85,0.074,23.04,0.078,0.0127,0.0112
818,2,2,0,19.57,23.82,0.136,24.04,0.245,0.0127,0.0112
819,2,3,0,20.19,24.26,0.23,24.3,0.246,0.0127,0.0112
820,2,4,0,20.67,21.21,-0.187,21.22,-0.052,0.0127,0.0112
821,2,5,0,20.97,20.16,-0.201,20.61,-0.145,0.0127,0.0112
822,2,6,0,21.07,21.56,0.027,21.47,-0.127,0.0127,0.0112
823,2,7,0,20.97,24.42,0.181,24.52,0.219,0.0127,0.0112
824,2,8,0,20.67,25.01,0.244,24.73,0.307,0.0127,0.0112
825,2,9,0,20.19,23.01,0.112,22.73,0.042,0.0127,0.0112
826,2,10,0,19.57,24.15,0.242,24.47,0.258,0.0127,0.0112
827,2,11,0,18.85,25.14,0.255,25.14,0.328,0.0127,0.0112
828,2,12,0,18.07,25.63,0.345,25.32,0.345,0.0127,0.0112
829,2,13,0,17.3,22.42,0.098,22.12,0.082,0.0127,0.0112
830,2,14,0,16.57,22.79,0.002,22.52,0.06,0.0127,0.0112
831,2,15,0,15.95,24.16,0.215,24.3,0.212,0.0127,0.0112
832,2,16,0,15.47,20.86,-0.068,21.11,-0.135,0.0127,0.0112
833,2,17,0,15.17,24.88,0.358,25.06,0.265,0.0127,0.0112
834,2,18,0,15.07,20.45,-0.13,20.41,-0.105,0.0127,0.0112
835,2,19,0,15.17,23.56,0.105,23.49,0.186,0.0127,0.0112
836,2,20,0,15.47,21.05,-0.109,21.54,0.002,0.0127,0.0112
837,2,21,0,15.95,23.52,0.126,23.48,0.138,0.0127,0.0112
838,2,22,0,16.57,23.14,0.085,23.17,0.112,0.0127,0.0112
839,2,23,0,17.3,22.62,0.085,21.98,-0.031,0.0127,0.0112
840,2,0,0,18.07,20.77,-0.213,20.26,-0.214,0.0127,0.0112
841,2,1,0,18.85,21.44,-0.083,22.02,0.008,0.0127,0.0112
842,2,2,0,19.57,23.1,0.106,23.14,0.078,0.0127,0.0112
843,2,3,0,20.19,24.68,0.184,25.22,0.291,0.0127,0.0112
844,2,4,0,20.67,22.08,0.033,21.79,-0.043,0.0127,0.0112
845,2,5,0,20.97,25.75,0.385,26.1,0.441,0.0127,0.0112
846,2,6,0,21.07,24.16,0.175,23.99,0.201,0.0127,0.0112
847,2,7,0,20.97,23.79,0.1,23.83,0.159,0.0127,0.0112
848,2,8,1,20.67,22.39,0.138,22.37,-0.005,0.0127,0.0112
849,2,9,1,20.19,23.26,0.239,23.71,0.158,0.0127,0.0112
850,2,10,1,19.57,23.24,0.133,23.41,0.138,0.0127,0.0112
851,2,11,1,18.85,23.15,0.149,22.39,0.043,0.0127,0.0112
852,2,12,1,18.07,22.17,-0.017,22.78,0.066,0.0127,0.0112
853,2,13,1,17.3,25.49,0.321,25.24,0.319,0.0127,0.0112
854,2,14,1,16.57,23.76,0.111,23.82,0.166,0.0127,0.0112
855,2,15,1,15.95,21.59,-0.02,21.57,-0.031,0.0127,0.0112
856,2,16,1,15.47,19.84,-0.204,20.16,-0.143,0.0127,0.0112
857,2,17,1,15.17,23.17,0.14,23.5,0.19,0.0127,0.0112
858,2,18,1,15.07,23.28,0.242,23.25,0.152,0.0127,0.0112
859,2,19,0,15.17,23.36,0.072,22.98,0.107,0.0127,0.0112
860,2,20,0,15.47,22.72,0.079,22.53,0.101,0.0127,0.0112
861,2,21,0,15.95,23.54,0.149,23.2,0.096,0.0127,0.0112
862,2,22,0,16.57,21.92,-0.032,21.79,-0.058,0.0127,0.0112
863,2,23,0,17.3,22.31,-0.116,22.14,0.076,0.0127,0.0112
864,2,0,0,18.07,24.13,0.214,24.02,0.167,0.0127,0.0112
865,2,1,0,18.85,25.04,0.312,25.61,0.392,0.0127,0.0112
866,2,2,0,19.57,22.76,0.056,22.36,0.04,0.0127,0.0112
867,2,3,0,20.19,21.82,-0.023,21.75,-0.027,0.0127,0.0112
868,2,4,0,20.67,22.58,0.022,22.26,-0.013,0.0127,0.0112
869,2,5,0,20.97,23.97,0.254,23.34,0.175,0.0127,0.0112
870,2,6,0,21.07,22.05,-0.013,21.27,-0.075,0.0127,0.0112
871,2,7,0,20.97,20.98,-0.025,20.83,-0.097,0.0127,0.0112
872,2,8,1,20.67,21.11,-0.105,20.63,-0.143,0.0127,0.0112
873,2,9,1,20.19,23.24,0.15,23.08,0.166,0.0127,0.0112
874,2,10,1,19.57,23.72,0.163,23.71,0.16,0.0127,0.0112
875,2,11,1,18.85,24.27,0.229,24.08,0.21,0.0127,0.0112
876,2,12,1,18.07,21.75,-0.009,21.34,-0.068,0.0127,0.0112
877,2,13,1,17.3,23.25,0.186,23.09,0.083,0.0127,0.0112
878,2,14,1,16.57,25.07,0.329,24.54,0.269,0.0127,0.0112
879,2,15,1,15.95,21.31,-0.005,21.43,-0.123,0.0127,0.0112
880,2,16,1,15.47,23.25,0.077,22.51,0.099,0.0127,0.0112
881,2,17,1,15.17,21.63,-0.047,21.28,-0.01,0.0127,0.0112
882,2,18,1,15.07,19.75,-0.15,19.44,-0.201,0.0127,0.0112
883,2,19,0,15.17,22.34,0.139,21.97,0.045,0.0127,0.0112
884,2,20,0,15.47,23.52,0.149,23.27,0.123,0.0127,0.0112
885,2,21,0,15.95,23.0,0.144,23.43,0.111,0.0127,0.0112
886,2,22,0,16.57,24.56,0.291,24.66,0.31,0.0127,0.0112
887,2,23,0,17.3,20.83,-0.143,20.82,-0.165,0.0127,0.0112
888,2,0,0,18.07,23.02,0.01,23.77,0.176,0.0127,0.0112
889,2,1,0,18.85,23.46,0.14,23.5,0.111,0.0127,0.0112
890,2,2,0,19.57,22.85,-0.025,22.62,0.098,0.0127,0.0112
891,2,3,0,20.19,23.94,0.205,23.95,0.228,0.0127,0.0112
892,2,4,0,20.67,22.84,0.069,23.11,0.15,0.0127,0.0112
893,2,5,0,20.97,22.98,0.035,23.04,0.113,0.0127,0.0112
894,2,6,0,21.07,21.25,-0.116,21.06,-0.126,0.0127,0.0112
895,2,7,0,20.97,25.69,0.465,26.09,0.372,0.0127,0.0112
896,2,8,1,20.67,22.61,0.026,22.22,-0.006,0.0127,0.0112
897,2,9,1,20.19,24.36,0.289,24.24,0.242,0.0127,0.0112
898,2,10,1,19.57,25.96,0.459,25.51,0.386,0.0127,0.0112
899,2,11,1,18.85,21.04,-0.079,21.34,-0.073,0.0127,0.0112
900,2,12,1,18.07,21.26,0.029,21.05,-0.095,0.0127,0.0112
901,2,13,1,17.3,23.67,0.128,23.44,0.176,0.0127,0.0112
902,2,14,1,16.57,20.48,-0.151,20.35,-0.162,0.0127,0.0112
903,2,15,1,15.95,22.23,0.058,22.35,0.057,0.0127,0.0112
904,2,16,1,15.47,21.02,-0.038,20.94,-0.08,0.0127,0.0112
905,2,17,1,15.17,20.44,-0.255,20.55,-0.144,0.0127,0.0112
906,2,18,1,15.07,25.35,0.293,25.06,0.329,0.0127,0.0112
907,2,19,0,15.17,20.19,-0.152,20.0,-0.219,0.0127,0.0112
908,2,20,0,15.47,22.15,0.036,22.37,0.045,0.0127,0.0112
909,2,21,0,15.95,21.99,-0.007,22.1,0.024,0.0127,0.0112
910,2,22,0,16.57,21.75,-0.074,21.7,-0.031,0.0127,0.0112
911,2,23,0,17.3,21.28,-0.059,20.95,-0.099,0.0127,0.0112
912,2,0,0,18.07,23.67,0.188,23.54,0.171,0.0127,0.0112
913,2,1,0,18.85,23.17,0.124,22.92,0.103,0.0127,0.0112
914,2,2,0,19.57,22.51,0.059,21.88,0.055,0.0127,0.0112
915,2,3,0,20.19,21.96,0.015,21.74,-0.016,0.0127,0.0112
916,2,4,0,20.67,24.29,0.265,23.91,0.209,0.0127,0.0112
917,2,5,0,20.97,22.29,0.08,22.39,0.065,0.0127,0.0112
918,2,6,0,21.07,20.79,-0.125,21.03,-0.095,0.0127,0.0112
919,2,7,0,20.97,22.61,0.121,22.56,0.054,0.0127,0.0112
920,2,8,1,20.67,20.82,-0.109,20.7,-0.093,0.0127,0.0112
921,2,9,1,20.19,23.4,0.265,23.15,0.123,0.0127,0.0112
922,2,10,1,19.57,24.41,0.268,24.37,0.262,0.0127,0.0112
923,2,11,1,18.85,24.33,0.276,24.64,0.255,0.0127,0.0112
924,2,12,1,18.07,21.64,0.011,21.74,-0.032,0.0127,0.0112
925,2,13,1,17.3,24.1,0.164,24.53,0.228,0.0127,0.0112
926,2,14,1,16.57,22.29,0.003,22.38,0.079,0.0127,0.0112
927,2,15,1,15.95,23.14,0.042,23.15,0.075,0.0127,0.0112
928,2,16,1,15.47,22.92,0.143,22.28,0.023,0.0127,0.0112
929,2,17,1,15.17,27.36,0.527,28.06,0.603,0.0127,0.0112
930,2,18,1,15.07,23.99,0.117,24.5,0.197,0.0127,0.0112
931,2,19,0,15.17,21.57,-0.018,21.74,0.006,0.0127,0.0112
932,2,20,0,15.47,20.7,-0.087,20.01,-0.224,0.0127,0.0112
933,2,21,0,15.95,19.47,-0.213,19.52,-0.252,0.0127,0.0112
934,2,22,0,16.57,21.81,-0.037,21.77,-0.064,0.0127,0.0112
935,2,23,0,17.3,21.43,-0.041,21.58,-0.037,0.0127,0.0112
936,2,0,0,18.07,21.01,-0.208,20.95,-0.099,0.0127,0.0112
937,2,1,0,18.85,24.64,0.235,24.2,0.23,0.0127,0.0112
938,2,2,0,19.57,24.38,0.203,24.24,0.165,0.0127,0.0112
939,2,3,0,20.19,22.66,0.079,23.27,0.126,0.0127,0.0112
940,2,4,0,20.67,22.98,0.058,22.98,0.123,0.0127,0.0112
941,2,5,0,20.97,22.84,0.035,22.84,0.123,0.0127,0.0112
942,2,6,0,21.07,23.5,0.2,23.33,0.118,0.0127,0.0112
943,2,7,0,20.97,21.33,-0.156,21.1,-0.076,0.0127,0.0112
944,2,8,1,20.67,19.75,-0.328,19.38,-0.264,0.0127,0.0112
945,2,9,1,20.19,22.27,-0.025,22.18,-0.018,0.0127,0.0112
946,2,10,1,19.57,23.2,0.135,23.03,0.077,0.0127,0.0112
947,2,11,1,18.85,22.77,0.106,23.16,0.104,0.0127,0.0112
948,2,12,1,18.07,22.89,0.089,22.81,0.072,0.0127,0.0112
949,2,13,1,17.3,22.25,-0.024,22.32,0.001,0.0127,0.0112
950,2,14,1,16.57,20.42,-0.219,19.94,-0.202,0.0127,0.0112
951,2,15,1,15.95,21.16,-0.082,21.31,-0.128,0.0127,0.0112
952,2,16,1,15.47,23.48,0.099,23.73,0.185,0.0127,0.0112
953,2,17,1,15.17,21.22,-0.142,21.24,-0.129,0.0127,0.0112
954,2,18,1,15.07,21.93,-0.027,21.89,-0.047,0.0127,0.0112
955,2,19,0,15.17,21.9,-0.012,21.98,0.004,0.0127,0.0112
956,2,20,0,15.47,21.49,-0.109,21.85,-0.001,0.0127,0.0112
957,2,21,0,15.95,24.27,0.217,24.42,0.226,0.0127,0.0112
958,2,22,0,16.57,24.05,0.157,23.63,0.151,0.0127,0.0112
959,2,23,0,17.3,24.36,0.187,24.47,0.238,0.0127,0.0112
960,2,0,0,18.07,21.58,0.007,21.37,-0.105,0.0127,0.0112
961,2,1,0,18.85,24.91,0.346,25.16,0.302,0.0127,0.0112
962,2,2,0,19.57,22.28,0.001,21.85,-0.001,0.0127,0.0112
963,2,3,0,20.19,24.44,0.226,24.11,0.207,0.0127,0.0112
964,2,4,0,20.67,20.41,-0.196,20.58,-0.147,0.0127,0.0112
965,2,5,0,20.97,21.82,-0.018,21.59,-0.048,0.0127,0.0112
966,2,6,0,21.07,21.94,0.01,21.72,0.022,0.0127,0.0112
967,2,7,0,20.97,22.71,0.001,23.01,0.106,0.0127,0.0112
968,2,8,0,20.67,20.85,-0.152,20.41,-0.123,0.0127,0.0112
969,2,9,0,20.19,23.93,0.116,24.0,0.194,0.0127,0.0112
970,2,10,0,19.57,22.95,0.003,23.01,0.074,0.0127,0.0112
971,2,11,0,18.85,22.4,-0.069,22.56,0.052,0.0127,0.0112
972,2,12,0,18.07,22.71,0.106,22.97,0.114,0.0127,0.0112
973,2,13,0,17.3,21.3,-0.09,20.73,-0.097,0.0127,0.0112
974,2,14,0,16.57,24.59,0.28,24.8,0.292,0.0127,0.0112
975,2,15,0,15.95,21.67,0.05,21.63,-0.066,0.0127,0.0112
976,2,16,0,15.47,24.92,0.358,24.83,0.24,0.0127,0.0112
977,2,17,0,15.17,23.38,0.067,23.16,0.122,0.0127,0.0112
978,2,18,0,15.07,24.01,0.126,23.76,0.173,0.0127,0.0112
979,2,19,0,15.17,22.37,0.084,22.53,0.052,0.0127,0.0112
980,2,20,0,15.47,25.28,0.311,25.35,0.287,0.0127,0.0112
981,2,21,0,15.95,22.11,0.059,22.01,0.014,0.0127,0.0112
982,2,22,0,16.57,20.73,-0.093,20.78,-0.076,0.0127,0.0112
983,2,23,0,17.3,23.83,0.186,24.06,0.218,0.0127,0.0112
984,2,0,0,18.07,24.37,0.22,23.97,0.174,0.0127,0.0112
985,2,1,0,18.85,23.07,0.077,23.44,0.072,0.0127,0.0112
986,2,2,0,19.57,21.88,0.015,22.16,0.028,0.0127,0.0112
987,2,3,0,20.19,22.08,0.034,21.7,-0.055,0.0127,0.0112
988,2,4,0,20.67,25.78,0.349,25.95,0.376,0.0127,0.0112
989,2,5,0,20.97,22.36,0.092,22.29,0.034,0.0127,0.0112
990,2,6,0,21.07,21.4,-0.057,21.97,0.02,0.0127,0.0112
991,2,7,0,20.97,21.59,-0.026,21.7,-0.087,0.0127,0.0112
992,2,8,0,20.67,25.52,0.332,25.91,0.358,0.0127,0.0112
993,2,9,0,20.19,23.02,0.12,23.05,0.11,0.0127,0.0112
994,2,10,0,19.57,23.26,0.154,23.69,0.138,0.0127,0.0112
995,2,11,0,18.85,24.54,0.412,25.04,0.27,0.0127,0.0112
996,2,12,0,18.07,22.86,0.114,22.24,0.008,0.0127,0.0112
997,2,13,0,17.3,25.39,0.254,25.15,0.301,0.0127,0.0112
998,2,14,0,16.57,19.54,-0.35,19.76,-0.223,0.0127,0.0112
999,2,15,0,15.95,19.38,-0.18,19.29,-0.26,0.0127,0.0112
1000,2,16,0,15.47,21.2,-0.079,21.2,-0.066,0.0127,0.0112
1001,2,17,0,15.17,20.45,-0.29,20.63,-0.156,0.0127,0.0112
1002,2,18,0,15.07,21.77,-0.022,21.96,-0.046,0.0127,0.0112
1003,2,19,0,15.17,21.02,-0.102,21.08,-0.109,0.0127,0.0112
1004,2,20,0,15.47,21.78,-0.048,21.99,-0.004,0.0127,0.0112
1005,2,21,0,15.95,25.75,0.283,25.33,0.356,0.0127,0.0112
1006,2,22,0,16.57,21.48,-0.091,21.39,-0.069,0.0127,0.0112
1007,2,23,0,17.3,24.9,0.333,25.14,0.271,0.0127,0.0112
1008,2,0,0,18.07,20.77,-0.163,19.92,-0.179,0.0127,0.0112
1009,2,1,0,18.85,23.28,0.126,23.21,0.1,0.0127,0.0112
1010,2,2,0,19.57,22.81,-0.0,23.04,0.113,0.0127,0.0112
1011,2,3,0,20.19,23.9,0.225,23.77,0.262,0.0127,0.0112
1012,2,4,0,20.67,22.34,-0.003,22.46,0.052,0.0127,0.0112
1013,2,5,0,20.97,23.19,0.068,23.25,0.131,0.0127,0.0112
1014,2,6,0,21.07,24.69,0.317,24.83,0.276,0.0127,0.0112
1015,2,7,0,20.97,23.62,0.115,23.71,0.18,0.0127,0.0112
1016,2,8,1,20.67,21.01,-0.089,20.82,-0.109,0.0127,0.0112
1017,2,9,1,20.19,20.72,-0.1,21.03,-0.118,0.0127,0.0112
1018,2,10,1,19.57,20.19,-0.203,20.15,-0.182,0.0127,0.0112
1019,2,11,1,18.85,21.96,-0.024,21.35,-0.074,0.0127,0.0112
1020,2,12,1,18.07,23.45,0.229,23.24,0.067,0.0127,0.0112
1021,2,13,1,17.3,24.47,0.29,24.4,0.242,0.0127,0.0112
1022,2,14,1,16.57,24.21,0.166,24.09,0.252,0.0127,0.0112
1023,2,15,1,15.95,22.33,0.095,22.4,0.009,0.0127,0.0112
1024,2,16,1,15.47,23.39,0.133,23.22,0.124,0.0127,0.0112
1025,2,17,1,15.17,20.25,-0.107,20.02,-0.172,0.0127,0.0112
1026,2,18,1,15.07,22.41,0.026,22.48,0.089,0.0127,0.0112
1027,2,19,0,15.17,22.2,0.077,22.27,0.004,0.0127,0.0112
1028,2,20,0,15.47,24.84,0.365,24.38,0.227,0.0127,0.0112
1029,2,21,0,15.95,22.14,-0.009,21.57,-0.074,0.0127,0.0112
1030,2,22,0,16.57,21.59,0.007,21.55,-0.039,0.0127,0.0112
1031,2,23,0,17.3,22.96,0.052,22.63,0.117,0.0127,0.0112
1032,2,0,0,18.07,21.4,-0.072,21.89,-0.011,0.0127,0.0112
1033,2,1,0,18.85,24.11,0.205,24.49,0.237,0.0127,0.0112
1034,2,2,0,19.57,22.42,0.086,22.52,0.052,0.0127,0.0112
1035,2,3,0,20.19,23.43,0.162,23.92,0.201,0.0127,0.0112
1036,2,4,0,20.67,20.22,-0.158,19.43,-0.26,0.0127,0.0112
1037,2,5,0,20.97,21.73,-0.03,21.8,0.014,0.0127,0.0112
1038,2,6,0,21.07,22.63,0.112,22.41,0.034,0.0127,0.0112
1039,2,7,0,20.97,23.29,0.096,23.15,0.117,0.0127,0.0112
1040,2,8,1,20.67,22.52,0.038,22.66,0.011,0.0127,0.0112
1041,2,9,1,20.19,21.85,-0.03,22.09,0.002,0.0127,0.0112
1042,2,10,1,19.57,23.98,0.121,23.77,0.172,0.0127,0.0112
1043,2,11,1,18.85,21.77,-0.031,21.48,-0.037,0.0127,0.0112
1044,2,12,1,18.07,22.49,0.139,22.58,0.048,0.0127,0.0112
1045,2,13,1,17.3,22.92,0.049,22.76,0.059,0.0127,0.0112
1046,2,14,1,16.57,21.78,0.096,21.89,-0.033,0.0127,0.0112
1047,2,15,1,15.95,21.88,0.007,21.86,-0.006,0.0127,0.0112
1048,2,16,1,15.47,24.43,0.123,23.7,0.155,0.0127,0.0112
1049,2,17,1,15.17,24.15,0.064,23.68,0.185,0.0127,0.0112
1050,2,18,1,15.07,22.87,0.037,22.54,0.025,0.0127,0.0112
1051,2,19,0,15.17,22.67,0.091,22.48,-0.038,0.0127,0.0112
1052,2,20,0,15.47,21.21,-0.091,20.88,-0.128,0.0127,0.0112
1053,2,21,0,15.95,23.7,0.172,23.14,0.131,0.0127,0.0112
1054,2,22,0,16.57,25.28,0.345,25.14,0.26,0.0127,0.0112
1055,2,23,0,17.3,18.91,-0.309,19.17,-0.248,0.0127,0.0112
1056,2,0,0,18.07,20.44,-0.063,20.6,-0.128,0.0127,0.0112
1057,2,1,0,18.85,22.91,0.013,22.92,0.132,0.0127,0.0112
1058,2,2,0,19.57,21.58,-0.12,21.74,-0.062,0.0127,0.0112
1059,2,3,0,20.19,24.65,0.338,24.55,0.252,0.0127,0.0112
1060,2,4,0,20.67,19.74,-0.256,20.0,-0.179,0.0127,0.0112
1061,2,5,0,20.97,22.54,0.062,22.07,0.073,0.0127,0.0112
1062,2,6,0,21.07,23.24,0.178,23.22,0.129,0.0127,0.0112
1063,2,7,0,20.97,22.81,0.093,22.49,0.08,0.0127,0.0112
1064,2,8,1,20.67,21.25,-0.08,21.67,-0.059,0.0127,0.0112
1065,2,9,1,20.19,24.0,0.238,23.91,0.182,0.0127,0.0112
1066,2,10,1,19.57,22.41,0.056,22.56,-0.004,0.0127,0.0112
1067,2,11,1,18.85,20.82,-0.125,21.1,-0.106,0.0127,0.0112
1068,2,12,1,18.07,20.46,-0.255,20.14,-0.189,0.0127,0.0112
1069,2,13,1,17.3,21.6,-0.043,21.31,-0.058,0.0127,0.0112
1070,2,14,1,16.57,25.64,0.422,25.19,0.348,0.0127,0.0112
1071,2,15,1,15.95,21.33,-0.09,21.39,-0.055,0.0127,0.0112
1072,2,16,1,15.47,24.76,0.302,24.95,0.282,0.0127,0.0112
1073,2,17,1,15.17,20.27,-0.112,20.21,-0.225,0.0127,0.0112
1074,2,18,1,15.07,20.92,-0.157,20.96,-0.128,0.0127,0.0112
1075,2,19,0,15.17,21.86,-0.062,21.45,-0.033,0.0127,0.0112
1076,2,20,0,15.47,20.54,-0.178,20.06,-0.172,0.0127,0.0112
1077,2,21,0,15.95,22.2,0.023,22.07,-0.046,0.0127,0.0112
1078,2,22,0,16.57,23.24,0.104,23.36,0.166,0.0127,0.0112
1079,2,23,0,17.3,20.81,-0.111,21.15,-0.095,0.0127,0.0112
1080,2,0,0,18.07,22.47,0.108,22.44,0.012,0.0127,0.0112
1081,2,1,0,18.85,21.36,-0.094,21.67,-0.006,0.0127,0.0112
1082,2,2,0,19.57,25.05,0.339,24.93,0.258,0.0127,0.0112
1083,2,3,0,20.19,23.63,0.187,23.69,0.15,0.0127,0.0112
1084,2,4,0,20.67,20.01,-0.302,20.16,-0.194,0.0127,0.0112
1085,2,5,0,20.97,23.91,0.289,23.97,0.228,0.0127,0.0112
1086,2,6,0,21.07,21.52,-0.05,21.53,-0.095,0.0127,0.0112
1087,2,7,0,20.97,21.09,-0.193,20.92,-0.106,0.0127,0.0112
1088,2,8,1,20.67,22.13,0.033,21.62,-0.016,0.0127,0.0112
1089,2,9,1,20.19,22.84,0.114,22.74,0.095,0.0127,0.0112
1090,2,10,1,19.57,22.96,0.11,22.71,0.107,0.0127,0.0112
1091,2,11,1,18.85,21.61,-0.066,22.23,0.024,0.0127,0.0112
1092,2,12,1,18.07,21.49,-0.138,21.56,-0.061,0.0127,0.0112
1093,2,13,1,17.3,20.86,-0.064,20.9,-0.09,0.0127,0.0112
1094,2,14,1,16.57,18.94,-0.291,19.56,-0.268,0.0127,0.0112
1095,2,15,1,15.95,22.74,0.04,22.79,0.085,0.0127,0.0112
1096,2,16,1,15.47,21.59,-0.075,21.47,-0.096,0.0127,0.0112
1097,2,17,1,15.17,22.72,0.098,22.89,0.114,0.0127,0.0112
1098,2,18,1,15.07,22.99,0.141,22.83,0.042,0.0127,0.0112
1099,2,19,0,15.17,21.15,-0.031,20.86,-0.086,0.0127,0.0112
1100,2,20,0,15.47,23.23,0.079,23.55,0.166,0.0127,0.0112
1101,2,21,0,15.95,22.31,0.025,22.57,0.045,0.0127,0.0112
1102,2,22,0,16.57,23.31,0.098,23.57,0.156,0.0127,0.0112
1103,2,23,0,17.3,20.91,-0.099,20.16,-0.165,0.0127,0.0112
1104,2,0,0,18.07,22.89,0.072,22.31,-0.036,0.0127,0.0112
1105,2,1,0,18.85,24.55,0.318,24.23,0.251,0.0127,0.0112
1106,2,2,0,19.57,21.15,-0.068,20.81,-0.144,0.0127,0.0112
1107,2,3,0,20.19,22.65,-0.024,22.51,-0.016,0.0127,0.0112
1108,2,4,0,20.67,22.84,0.056,22.67,0.088,0.0127,0.0112
1109,2,5,0,20.97,24.26,0.209,24.18,0.233,0.0127,0.0112
1110,2,6,0,21.07,20.46,-0.126,20.53,-0.126,0.0127,0.0112
1111,2,7,0,20.97,19.59,-0.284,19.37,-0.26,0.0127,0.0112
1112,2,8,1,20.67,23.22,0.097,23.67,0.152,0.0127,0.0112
1113,2,9,1,20.19,24.22,0.286,24.31,0.24,0.0127,0.0112
1114,2,10,1,19.57,20.76,-0.201,20.36,-0.144,0.0127,0.0112
1115,2,11,1,18.85,24.28,0.27,24.84,0.319,0.0127,0.0112
1116,2,12,1,18.07,21.63,0.006,21.28,-0.059,0.0127,0.0112
1117,2,13,1,17.3,22.66,0.082,22.78,0.116,0.0127,0.0112
1118,2,14,1,16.57,24.44,0.287,24.61,0.276,0.0127,0.0112
1119,2,15,1,15.95,21.81,-0.089,22.04,0.035,0.0127,0.0112
1120,2,16,1,15.47,20.71,-0.171,20.79,-0.104,0.0127,0.0112
1121,2,17,1,15.17,22.45,0.066,21.97,-0.02,0.0127,0.0112
1122,2,18,1,15.07,23.82,0.202,23.82,0.153,0.0127,0.0112
1123,2,19,0,15.17,21.62,0.004,21.48,-0.002,0.0127,0.0112
1124,2,20,0,15.47,21.29,-0.179,21.62,-0.074,0.0127,0.0112
1125,2,21,0,15.95,21.06,-0.173,20.66,-0.122,0.0127,0.0112
1126,2,22,0,16.57,22.18,0.052,22.29,0.037,0.0127,0.0112
1127,2,23,0,17.3,23.49,0.089,23.47,0.178,0.0127,0.0112
1128,2,0,0,18.07,21.62,-0.047,21.34,-0.094,0.0127,0.0112
1129,2,1,0,18.85,21.87,0.005,21.98,-0.029,0.0127,0.0112
1130,2,2,0,19.57,21.77,0.002,22.09,0.071,0.0127,0.0112
1131,2,3,0,20.19,24.27,0.158,24.61,0.284,0.0127,0.0112
1132,2,4,0,20.67,22.42,0.05,22.26,0.054,0.0127,0.0112
1133,2,5,0,20.97,23.25,0.162,22.99,0.08,0.0127,0.0112
1134,2,6,0,21.07,22.83,0.072,22.73,0.096,0.0127,0.0112
1135,2,7,0,20.97,20.94,-0.197,21.52,-0.066,0.0127,0.0112
1136,2,8,0,20.67,23.06,0.101,23.23,0.121,0.0127,0.0112
1137,2,9,0,20.19,23.12,0.181,23.05,0.13,0.0127,0.0112
1138,2,10,0,19.57,23.81,0.177,23.52,0.143,0.0127,0.0112
1139,2,11,0,18.85,20.99,-0.128,21.1,-0.07,0.0127,0.0112
1140,2,12,0,18.07,20.89,-0.155,21.41,-0.052,0.0127,0.0112
1141,2,13,0,17.3,23.69,0.211,23.52,0.115,0.0127,0.0112
1142,2,14,0,16.57,24.68,0.238,24.68,0.259,0.0127,0.0112
1143,2,15,0,15.95,23.71,0.134,23.54,0.147,0.0127,0.0112
1144,2,16,0,15.47,20.73,-0.155,21.28,-0.047,0.0127,0.0112
1145,2,17,0,15.17,22.81,0.081,22.52,0.075,0.0127,0.0112
1146,2,18,0,15.07,22.22,0.073,22.58,0.085,0.0127,0.0112
1147,2,19,0,15.17,21.81,-0.05,21.49,-0.045,0.0127,0.0112
1148,2,20,0,15.47,23.32,0.131,22.67,0.071,0.0127,0.0112
1149,2,21,0,15.95,22.08,0.029,22.47,0.086,0.0127,0.0112
1150,2,22,0,16.57,22.18,0.099,22.46,0.085,0.0127,0.0112
1151,2,23,0,17.3,20.86,-0.131,20.79,-0.107,0.0127,0.0112
1152,2,0,0,18.07,23.53,0.156,23.28,0.067,0.0127,0.0112
1153,2,1,0,18.85,24.66,0.269,24.51,0.242,0.0127,0.0112
1154,2,2,0,19.57,24.22,0.221,23.37,0.134,0.0127,0.0112
1155,2,3,0,20.19,21.82,-0.062,22.34,0.057,0.0127,0.0112
1156,2,4,0,20.67,23.03,0.07,23.41,0.119,0.0127,0.0112
1157,2,5,0,20.97,24.14,0.137,24.27,0.211,0.0127,0.0112
1158,2,6,0,21.07,23.08,0.074,23.33,0.046,0.0127,0.0112
1159,2,7,0,20.97,23.28,0.028,22.92,0.007,0.0127,0.0112
1160,2,8,0,20.67,23.72,0.161,23.76,0.218,0.0127,0.0112
1161,2,9,0,20.19,23.46,0.076,23.94,0.193,0.0127,0.0112
1162,2,10,0,19.57,20.07,-0.205,20.01,-0.181,0.0127,0.0112
1163,2,11,0,18.85,22.57,0.092,22.76,0.14,0.0127,0.0112
1164,2,12,0,18.07,22.03,0.015,21.74,-0.05,0.0127,0.0112
1165,2,13,0,17.3,24.72,0.244,24.64,0.25,0.0127,0.0112
1166,2,14,0,16.57,23.58,0.126,23.53,0.203,0.0127,0.0112
1167,2,15,0,15.95,21.22,-0.046,21.23,-0.126,0.0127,0.0112
1168,2,16,0,15.47,23.22,0.163,22.9,0.062,0.0127,0.0112
1169,2,17,0,15.17,23.54,0.197,23.87,0.195,0.0127,0.0112
1170,2,18,0,15.07,22.15,0.089,21.98,-0.023,0.0127,0.0112
1171,2,19,0,15.17,20.94,-0.145,21.14,-0.114,0.0127,0.0112
1172,2,20,0,15.47,20.33,-0.171,20.19,-0.174,0.0127,0.0112
1173,2,21,0,15.95,23.93,0.183,24.09,0.203,0.0127,0.0112
1174,2,22,0,16.57,23.27,0.133,23.65,0.151,0.0127,0.0112
1175,2,23,0,17.3,21.01,-0.066,20.58,-0.125,0.0127,0.0112
1176,2,0,0,18.07,23.37,0.207,23.33,0.118,0.0127,0.0112
1177,2,1,0,18.85,23.93,0.163,23.92,0.21,0.0127,0.0112
1178,2,2,0,19.57,23.11,0.116,23.22,0.121,0.0127,0.0112
1179,2,3,0,20.19,26.08,0.444,26.44,0.447,0.0127,0.0112
1180,2,4,0,20.67,24.01,0.202,24.17,0.208,0.0127,0.0112
1181,2,5,0,20.97,22.38,0.048,21.43,-0.072,0.0127,0.0112
1182,2,6,0,21.07,24.89,0.229,24.89,0.288,0.0127,0.0112
1183,2,7,0,20.97,20.93,-0.092,21.07,-0.064,0.0127,0.0112
1184,2,8,1,20.67,21.31,-0.137,21.32,-0.047,0.0127,0.0112
1185,2,9,1,20.19,23.28,0.128,23.43,0.155,0.0127,0.0112
1186,2,10,1,19.57,24.91,0.298,24.82,0.25,0.0127,0.0112
1187,2,11,1,18.85,21.2,-0.025,21.23,-0.085,0.0127,0.0112
1188,2,12,1,18.07,22.15,-0.012,22.02,0.011,0.0127,0.0112
1189,2,13,1,17.3,20.25,-0.208,20.64,-0.115,0.0127,0.0112
1190,2,14,1,16.57,20.6,-0.107,20.8,-0.109,0.0127,0.0112
1191,2,15,1,15.95,21.01,-0.158,21.08,-0.099,0.0127,0.0112
1192,2,16,1,15.47,24.04,0.205,24.28,0.199,0.0127,0.0112
1193,2,17,1,15.17,23.47,0.031,23.47,0.171,0.0127,0.0112
1194,2,18,1,15.07,22.46,-0.008,22.82,-0.013,0.0127,0.0112
1195,2,19,0,15.17,22.92,0.007,23.01,0.071,0.0127,0.0112
1196,2,20,0,15.47,26.63,0.5,26.54,0.435,0.0127,0.0112
1197,2,21,0,15.95,19.36,-0.277,19.31,-0.281,0.0127,0.0112
1198,2,22,0,16.57,22.33,0.025,22.41,0.003,0.0127,0.0112
1199,2,23,0,17.3,23.23,0.02,22.64,0.087,0.0127,0.0112
1200,2,0,0,18.07,23.26,0.056,23.24,0.103,0.0127,0.0112
1201,2,1,0,18.85,22.11,-0.026,21.63,-0.018,0.0127,0.0112
1202,2,2,0,19.57,24.64,0.302,24.52,0.194,0.0127,0.0112
1203,2,3,0,20.19,23.49,0.164,23.25,0.117,0.0127,0.0112
1204,2,4,0,20.67,24.48,0.279,24.22,0.213,0.0127,0.0112
1205,2,5,0,20.97,22.26,-0.016,22.21,0.02,0.0127,0.0112
1206,2,6,0,21.07,22.41,0.045,22.48,0.072,0.0127,0.0112
1207,2,7,0,20.97,23.89,0.232,23.57,0.121,0.0127,0.0112
1208,2,8,1,20.67,23.38,0.043,23.57,0.16,0.0127,0.0112
1209,2,9,1,20.19,21.8,0.047,21.57,-0.063,0.0127,0.0112
1210,2,10,1,19.57,21.29,-0.037,21.31,-0.073,0.0127,0.0112
1211,2,11,1,18.85,24.25,0.116,24.41,0.225,0.0127,0.0112
1212,2,12,1,18.07,21.66,-0.166,21.8,0.057,0.0127,0.0112
1213,2,13,1,17.3,23.3,0.189,23.34,0.204,0.0127,0.0112
1214,2,14,1,16.57,23.81,0.187,24.09,0.205,0.0127,0.0112
1215,2,15,1,15.95,21.79,-0.056,21.54,-0.087,0.0127,0.0112
1216,2,16,1,15.47,22.39,0.048,21.88,-0.013,0.0127,0.0112
1217,2,17,1,15.17,22.72,0.226,22.56,0.097,0.0127,0.0112
1218,2,18,1,15.07,20.63,-0.167,20.7,-0.16,0.0127,0.0112
1219,2,19,0,15.17,20.49,-0.185,20.62,-0.109,0.0127,0.0112
1220,2,20,0,15.47,23.99,0.156,24.4,0.255,0.0127,0.0112
1221,2,21,0,15.95,23.45,0.106,23.31,0.179,0.0127,0.0112
1222,2,22,0,16.57,22.84,0.043,23.03,0.067,0.0127,0.0112
1223,2,23,0,17.3,21.65,-0.089,21.61,-0.039,0.0127,0.0112
1224,2,0,0,18.07,19.97,-0.17,19.63,-0.219,0.0127,0.0112
1225,2,1,0,18.85,21.91,-0.06,21.61,-0.051,0.0127,0.0112
1226,2,2,0,19.57,23.47,0.122,23.75,0.14,0.0127,0.0112
1227,2,3,0,20.19,22.9,0.064,22.65,0.105,0.0127,0.0112
1228,2,4,0,20.67,23.74,0.11,23.79,0.185,0.0127,0.0112
1229,2,5,0,20.97,24.09,0.277,23.98,0.237,0.0127,0.0112
1230,2,6,0,21.07,25.0,0.329,25.09,0.351,0.0127,0.0112
1231,2,7,0,20.97,23.17,0.095,23.02,0.109,0.0127,0.0112
1232,2,8,1,20.67,20.56,-0.089,20.52,-0.214,0.0127,0.0112
1233,2,9,1,20.19,24.8,0.257,25.14,0.33,0.0127,0.0112
1234,2,10,1,19.57,22.5,0.1,22.87,0.045,0.0127,0.0112
1235,2,11,1,18.85,23.38,0.142,23.32,0.11,0.0127,0.0112
1236,2,12,1,18.07,25.12,0.275,25.43,0.303,0.0127,0.0112
1237,2,13,1,17.3,21.92,0.004,22.05,0.043,0.0127,0.0112
1238,2,14,1,16.57,23.68,0.185,23.98,0.156,0.0127,0.0112
1239,2,15,1,15.95,22.21,0.018,22.52,0.068,0.0127,0.0112
1240,2,16,1,15.47,22.02,-0.004,21.71,-0.019,0.0127,0.0112
1241,2,17,1,15.17,21.52,-0.095,21.45,-0.022,0.0127,0.0112
1242,2,18,1,15.07,22.06,0.082,22.49,0.047,0.0127,0.0112
1243,2,19,0,15.17,20.99,-0.175,20.36,-0.205,0.0127,0.0112
1244,2,20,0,15.47,24.57,0.276,24.6,0.194,0.0127,0.0112
1245,2,21,0,15.95,20.7,-0.115,20.97,-0.107,0.0127,0.0112
1246,2,22,0,16.57,23.35,0.124,23.84,0.186,0.0127,0.0112
1247,2,23,0,17.3,22.79,-0.026,23.51,0.171,0.0127,0.0112
1248,2,0,0,18.07,22.33,-0.0,22.5,0.048,0.0127,0.0112
1249,2,1,0,18.85,23.57,0.197,24.5,0.225,0.0127,0.0112
1250,2,2,0,19.57,21.86,-0.103,21.73,-0.037,0.0127,0.0112
1251,2,3,0,20.19,23.6,0.212,23.22,0.136,0.0127,0.0112
1252,2,4,0,20.67,21.4,0.02,21.36,-0.042,0.0127,0.0112
1253,2,5,0,20.97,22.51,0.055,22.44,0.029,0.0127,0.0112
1254,2,6,0,21.07,19.34,-0.258,19.96,-0.193,0.0127,0.0112
1255,2,7,0,20.97,22.41,0.032,22.19,-0.029,0.0127,0.0112
1256,2,8,1,20.67,25.92,0.34,25.55,0.341,0.0127,0.0112
1257,2,9,1,20.19,24.43,0.181,24.44,0.281,0.0127,0.0112
1258,2,10,1,19.57,23.6,0.195,23.76,0.248,0.0127,0.0112
1259,2,11,1,18.85,25.78,0.459,25.57,0.369,0.0127,0.0112
1260,2,12,1,18.07,23.25,0.116,22.74,0.05,0.0127,0.0112
1261,2,13,1,17.3,23.74,0.07,24.06,0.206,0.0127,0.0112
1262,2,14,1,16.57,24.18,0.255,24.13,0.223,0.0127,0.0112
1263,2,15,1,15.95,23.01,0.04,22.93,0.059,0.0127,0.0112
1264,2,16,1,15.47,23.56,0.149,23.57,0.144,0.0127,0.0112
1265,2,17,1,15.17,22.04,-0.013,22.36,-0.005,0.0127,0.0112
1266,2,18,1,15.07,23.62,0.163,23.55,0.204,0.0127,0.0112
1267,2,19,0,15.17,22.47,-0.012,22.56,0.049,0.0127,0.0112
1268,2,20,0,15.47,23.41,0.151,22.95,0.098,0.0127,0.0112
1269,2,21,0,15.95,22.56,0.073,22.87,0.132,0.0127,0.0112
1270,2,22,0,16.57,21.01,-0.095,21.05,-0.127,0.0127,0.0112
1271,2,23,0,17.3,23.93,0.193,24.63,0.278,0.0127,0.0112
1272,2,0,0,18.07,22.63,-0.028,22.41,0.02,0.0127,0.0112
1273,2,1,0,18.85,20.41,-0.165,20.92,-0.118,0.0127,0.0112
1274,2,2,0,19.57,23.83,0.145,23.5,0.152,0.0127,0.0112
1275,2,3,0,20.19,24.04,0.217,24.19,0.222,0.0127,0.0112
1276,2,4,0,20.67,23.1,0.059,23.16,0.117,0.0127,0.0112
1277,2,5,0,20.97,20.89,-0.135,20.91,-0.032,0.0127,0.0112
1278,2,6,0,21.07,22.44,0.037,22.02,0.017,0.0127,0.0112
1279,2,7,0,20.97,25.01,0.222,24.83,0.308,0.0127,0.0112
1280,2,8,1,20.67,20.43,-0.17,20.3,-0.172,0.0127,0.0112
1281,2,9,1,20.19,23.53,0.14,23.33,0.132,0.0127,0.0112
1282,2,10,1,19.57,22.72,0.094,22.75,0.101,0.0127,0.0112
1283,2,11,1,18.85,23.09,0.03,23.23,0.124,0.0127,0.0112
1284,2,12,1,18.07,23.22,0.087,23.44,0.124,0.0127,0.0112
1285,2,13,1,17.3,21.64,0.016,21.8,-0.032,0.0127,0.0112
1286,2,14,1,16.57,23.86,0.18,23.9,0.184,0.0127,0.0112
1287,2,15,1,15.95,23.62,0.276,23.72,0.146,0.0127,0.0112
1288,2,16,1,15.47,23.28,0.084,23.12,0.112,0.0127,0.0112
1289,2,17,1,15.17,22.71,0.061,23.58,0.124,0.0127,0.0112
1290,2,18,1,15.07,22.91,0.086,22.29,0.029,0.0127,0.0112
1291,2,19,0,15.17,23.69,0.144,23.98,0.194,0.0127,0.0112
1292,2,20,0,15.47,21.35,-0.049,21.01,-0.137,0.0127,0.0112
1293,2,21,0,15.95,21.88,0.015,21.58,0.012,0.0127,0.0112
1294,2,22,0,16.57,20.55,-0.151,19.99,-0.2,0.0127,0.0112
1295,2,23,0,17.3,22.83,0.073,22.69,0.08,0.0127,0.0112
1296,2,0,0,18.07,24.06,0.188,23.47,0.154,0.0127,0.0112
1297,2,1,0,18.85,21.12,-0.119,21.64,-0.037,0.0127,0.0112
1298,2,2,0,19.57,23.33,0.041,23.16,0.103,0.0127,0.0112
1299,2,3,0,20.19,24.04,0.162,23.94,0.222,0.0127,0.0112
1300,2,4,0,20.67,22.0,0.008,21.85,0.008,0.0127,0.0112
1301,2,5,0,20.97,26.07,0.465,26.32,0.417,0.0127,0.0112
1302,2,6,0,21.07,20.96,-0.099,20.98,-0.134,0.0127,0.0112
1303,2,7,0,20.97,22.24,0.042,22.36,0.051,0.0127,0.0112
1304,2,8,0,20.67,22.94,0.068,22.78,0.042,0.0127,0.0112
1305,2,9,0,20.19,25.18,0.306,25.18,0.29,0.0127,0.0112
1306,2,10,0,19.57,26.9,0.469,26.58,0.471,0.0127,0.0112
1307,2,11,0,18.85,23.4,0.23,23.69,0.184,0.0127,0.0112
1308,2,12,0,18.07,20.92,-0.093,20.84,-0.054,0.0127,0.0112
1309,2,13,0,17.3,20.4,-0.151,20.76,-0.098,0.0127,0.0112
1310,2,14,0,16.57,22.35,0.072,22.09,0.029,0.0127,0.0112
1311,2,15,0,15.95,23.96,0.166,23.95,0.149,0.0127,0.0112
1312,2,16,0,15.47,23.73,0.125,23.86,0.169,0.0127,0.0112
1313,2,17,0,15.17,21.8,-0.061,21.35,-0.099,0.0127,0.0112
1314,2,18,0,15.07,21.88,-0.093,21.66,0.027,0.0127,0.0112
1315,2,19,0,15.17,24.38,0.252,24.15,0.227,0.0127,0.0112
1316,2,20,0,15.47,24.29,0.283,24.04,0.188,0.0127,0.0112
1317,2,21,0,15.95,20.5,-0.086,20.71,-0.051,0.0127,0.0112
1318,2,22,0,16.57,20.7,-0.15,20.91,-0.085,0.0127,0.0112
1319,2,23,0,17.3,20.29,-0.209,19.92,-0.206,0.0127,0.0112
1320,2,0,0,18.07,21.54,0.005,21.74,-0.008,0.0127,0.0112
1321,2,1,0,18.85,24.93,0.232,25.05,0.346,0.0127,0.0112
1322,2,2,0,19.57,21.59,0.038,21.87,0.0,0.0127,0.0112
1323,2,3,0,20.19,20.26,-0.108,19.98,-0.207,0.0127,0.0112
1324,2,4,0,20.67,22.62,0.097,22.85,0.093,0.0127,0.0112
1325,2,5,0,20.97,22.19,0.062,22.09,0.026,0.0127,0.0112
1326,2,6,0,21.07,22.11,0.005,22.44,0.018,0.0127,0.0112
1327,2,7,0,20.97,21.36,-0.077,21.07,-0.056,0.0127,0.0112
1328,2,8,0,20.67,21.29,-0.104,21.35,-0.073,0.0127,0.0112
1329,2,9,0,20.19,20.23,-0.186,20.17,-0.167,0.0127,0.0112
1330,2,10,0,19.57,22.83,0.138,22.48,0.054,0.0127,0.0112
1331,2,11,0,18.85,22.8,0.054,22.79,0.086,0.0127,0.0112
1332,2,12,0,18.07,23.21,0.094,22.69,0.061,0.0127,0.0112
1333,2,13,0,17.3,22.88,0.05,23.24,0.109,0.0127,0.0112
1334,2,14,0,16.57,21.73,-0.044,21.49,-0.028,0.0127,0.0112
1335,2,15,0,15.95,20.92,-0.193,21.05,-0.112,0.0127,0.0112
1336,2,16,0,15.47,22.01,-0.013,22.51,-0.015,0.0127,0.0112
1337,2,17,0,15.17,19.5,-0.219,19.51,-0.238,0.0127,0.0112
1338,2,18,0,15.07,22.75,0.048,23.1,0.137,0.0127,0.0112
1339,2,19,0,15.17,20.05,-0.285,19.78,-0.23,0.0127,0.0112
1340,2,20,0,15.47,22.43,0.046,22.46,0.019,0.0127,0.0112
1341,2,21,0,15.95,22.21,0.09,21.77,-0.033,0.0127,0.0112
1342,2,22,0,16.57,21.77,-0.085,22.24,-0.009,0.0127,0.0112
1343,2,23,0,17.3,20.86,-0.093,20.84,-0.094,0.0127,0.0112
1344,2,0,0,18.07,26.36,0.466,25.68,0.352,0.0127,0.0112
1345,2,1,0,18.85,21.62,-0.083,21.43,-0.006,0.0127,0.0112
1346,2,2,0,19.57,23.76,0.244,23.77,0.132,0.0127,0.0112
1347,2,3,0,20.19,20.5,-0.185,19.85,-0.21,0.0127,0.0112
1348,2,4,0,20.67,22.65,-0.005,22.7,0.094,0.0127,0.0112
1349,2,5,0,20.97,22.86,-0.009,23.08,0.117,0.0127,0.0112
1350,2,6,0,21.07,20.72,-0.101,20.6,-0.137,0.0127,0.0112
1351,2,7,0,20.97,21.22,-0.154,21.22,-0.043,0.0127,0.0112
1352,2,8,1,20.67,22.19,-0.007,22.53,0.037,0.0127,0.0112
1353,2,9,1,20.19,21.35,-0.1,21.62,-0.019,0.0127,0.0112
1354,2,10,1,19.57,21.93,-0.036,21.33,-0.102,0.0127,0.0112
1355,2,11,1,18.85,22.55,0.101,22.19,0.017,0.0127,0.0112
1356,2,12,1,18.07,22.23,0.072,22.43,0.042,0.0127,0.0112
1357,2,13,1,17.3,21.34,-0.1,20.81,-0.137,0.0127,0.0112
1358,2,14,1,16.57,22.66,0.1,22.56,0.037,0.0127,0.0112
1359,2,15,1,15.95,22.41,0.059,22.77,0.075,0.0127,0.0112
1360,2,16,1,15.47,21.6,-0.083,21.41,-0.076,0.0127,0.0112
1361,2,17,1,15.17,23.63,0.096,23.57,0.21,0.0127,0.0112
1362,2,18,1,15.07,22.98,0.076,22.56,0.059,0.0127,0.0112
1363,2,19,0,15.17,25.06,0.354,24.72,0.314,0.0127,0.0112
1364,2,20,0,15.47,21.56,-0.096,21.47,-0.059,0.0127,0.0112
1365,2,21,0,15.95,22.45,0.099,22.64,0.042,0.0127,0.0112
1366,2,22,0,16.57,19.55,-0.23,19.54,-0.238,0.0127,0.0112
1367,2,23,0,17.3,22.01,0.077,22.05,0.016,0.0127,0.0112
1368,2,0,0,18.07,21.94,-0.014,21.79,0.028,0.0127,0.0112
1369,2,1,0,18.85,22.23,-0.002,22.22,0.055,0.0127,0.0112
1370,2,2,0,19.57,25.44,0.348,25.57,0.359,0.0127,0.0112
1371,2,3,0,20.19,18.92,-0.301,19.15,-0.272,0.0127,0.0112
1372,2,4,0,20.67,21.43,-0.077,21.32,-0.038,0.0127,0.0112
1373,2,5,0,20.97,21.93,0.015,22.56,0.017,0.0127,0.0112
1374,2,6,0,21.07,22.31,-0.079,22.11,0.059,0.0127,0.0112
1375,2,7,0,20.97,23.55,0.164,23.71,0.13,0.0127,0.0112
1376,2,8,1,20.67,21.77,-0.075,22.03,-0.073,0.0127,0.0112
1377,2,9,1,20.19,22.16,0.023,22.12,0.034,0.0127,0.0112
1378,2,10,1,19.57,23.46,0.205,23.53,0.108,0.0127,0.0112
1379,2,11,1,18.85,23.26,0.064,23.44,0.099,0.0127,0.0112
1380,2,12,1,18.07,21.38,-0.024,21.18,-0.1,0.0127,0.0112
1381,2,13,1,17.3,21.22,-0.023,21.03,-0.096,0.0127,0.0112
1382,2,14,1,16.57,22.23,0.088,22.2,-0.003,0.0127,0.0112
1383,2,15,1,15.95,24.47,0.239,24.54,0.329,0.0127,0.0112
1384,2,16,1,15.47,20.92,-0.17,20.81,-0.09,0.0127,0.0112
1385,2,17,1,15.17,25.03,0.365,25.53,0.348,0.0127,0.0112
1386,2,18,1,15.07,21.95,0.097,21.45,-0.041,0.0127,0.0112
1387,2,19,0,15.17,21.76,-0.072,22.16,0.028,0.0127,0.0112
1388,2,20,0,15.47,22.24,0.021,22.43,-0.0,0.0127,0.0112
1389,2,21,0,15.95,22.61,0.06,22.93,0.116,0.0127,0.0112
1390,2,22,0,16.57,20.93,-0.138,20.92,-0.085,0.0127,0.0112
1391,2,23,0,17.3,22.55,0.109,22.75,0.096,0.0127,0.0112
1392,2,0,0,18.07,22.91,0.091,22.61,0.045,0.0127,0.0112
1393,2,1,0,18.85,21.98,-0.051,21.87,-0.072,0.0127,0.0112
1394,2,2,0,19.57,21.5,-0.118,21.56,-0.044,0.0127,0.0112
1395,2,3,0,20.19,25.35,0.417,25.66,0.377,0.0127,0.0112
1396,2,4,0,20.67,24.25,0.193,24.03,0.121,0.0127,0.0112
1397,2,5,0,20.97,24.28,0.2,24.74,0.267,0.0127,0.0112
1398,2,6,0,21.07,21.37,-0.007,21.48,-0.104,0.0127,0.0112
1399,2,7,0,20.97,23.11,0.117,23.03,0.117,0.0127,0.0112
1400,2,8,1,20.67,22.22,0.011,22.19,0.048,0.0127,0.0112
1401,2,9,1,20.19,23.13,0.049,23.19,0.108,0.0127,0.0112
1402,2,10,1,19.57,23.85,0.218,23.86,0.239,0.0127,0.0112
1403,2,11,1,18.85,24.06,0.18,24.09,0.132,0.0127,0.0112
1404,2,12,1,18.07,22.25,0.044,22.15,0.01,0.0127,0.0112
1405,2,13,1,17.3,22.02,-0.045,21.49,-0.037,0.0127,0.0112
1406,2,14,1,16.57,25.07,0.324,25.04,0.333,0.0127,0.0112
1407,2,15,1,15.95,21.28,-0.109,21.39,-0.035,0.0127,0.0112
1408,2,16,1,15.47,22.73,0.034,22.82,0.103,0.0127,0.0112
1409,2,17,1,15.17,25.63,0.346,25.32,0.339,0.0127,0.0112
1410,2,18,1,15.07,23.68,0.026,23.51,0.192,0.0127,0.0112
1411,2,19,0,15.17,23.64,0.134,23.12,0.159,0.0127,0.0112
1412,2,20,0,15.47,24.67,0.258,24.95,0.298,0.0127,0.0112
1413,2,21,0,15.95,22.3,-0.013,22.64,0.04,0.0127,0.0112
1414,2,22,0,16.57,24.02,0.27,24.0,0.18,0.0127,0.0112
1415,2,23,0,17.3,22.42,0.042,22.14,-0.03,0.0127,0.0112
1416,3,0,0,17.0,21.77,0.012,21.34,-0.045,0.0118,0.0104
1417,3,1,0,17.78,19.9,-0.085,20.3,-0.168,0.0118,0.0104
1418,3,2,0,18.5,21.54,-0.112,22.39,0.039,0.0118,0.0104
1419,3,3,0,19.12,22.77,0.095,23.17,0.102,0.0118,0.0104
1420,3,4,0,19.6,21.07,-0.143,20.97,-0.101,0.0118,0.0104
1421,3,5,0,19.9,21.65,0.028,21.21,-0.094,0.0118,0.0104
1422,3,6,0,20.0,20.6,-0.137,20.55,-0.198,0.0118,0.0104
1423,3,7,0,19.9,23.0,0.185,22.68,0.084,0.0118,0.0104
1424,3,8,1,19.6,21.9,-0.015,21.68,-0.014,0.0118,0.0104
1425,3,9,1,19.12,22.46,0.049,22.4,0.022,0.0118,0.0104
1426,3,10,1,18.5,21.99,0.047,21.36,-0.055,0.0118,0.0104
1427,3,11,1,17.78,21.34,-0.062,21.91,-0.04,0.0118,0.0104
1428,3,12,1,17.0,23.79,0.198,23.9,0.178,0.0118,0.0104
1429,3,13,1,16.22,23.18,0.145,23.1,0.053,0.0118,0.0104
1430,3,14,1,15.5,21.85,-0.053,22.37,0.018,0.0118,0.0104
1431,3,15,1,14.88,21.83,-0.128,21.46,-0.061,0.0118,0.0104
1432,3,16,1,14.4,22.7,0.063,22.69,0.07,0.0118,0.0104
1433,3,17,1,14.1,24.03,0.175,23.98,0.189,0.0118,0.0104
1434,3,18,1,14.0,23.37,0.105,23.79,0.182,0.0118,0.0104
1435,3,19,0,14.1,23.01,0.102,22.71,0.027,0.0118,0.0104
1436,3,20,0,14.4,19.85,-0.235,19.96,-0.198,0.0118,0.0104
1437,3,21,0,14.88,22.47,0.045,22.18,-0.019,0.0118,0.0104
1438,3,22,0,15.5,24.59,0.249,24.18,0.187,0.0118,0.0104
1439,3,23,0,16.22,23.36,0.11,23.26,0.151,0.0118,0.0104
1440,3,0,0,17.0,22.54,0.005,22.7,0.028,0.0118,0.0104
1441,3,1,0,17.78,22.66,0.097,22.57,0.054,0.0118,0.0104
1442,3,2,0,18.5,22.81,0.175,22.32,0.027,0.0118,0.0104
1443,3,3,0,19.12,23.55,0.17,23.3,0.09,0.0118,0.0104
1444,3,4,0,19.6,23.18,0.119,23.07,0.128,0.0118,0.0104
1445,3,5,0,19.9,20.65,-0.112,20.45,-0.092,0.0118,0.0104
1446,3,6,0,20.0,22.29,0.024,22.47,0.105,0.0118,0.0104
1447,3,7,0,19.9,19.88,-0.293,19.91,-0.284,0.0118,0.0104
1448,3,8,1,19.6,22.95,0.08,22.99,0.096,0.0118,0.0104
1449,3,9,1,19.12,27.15,0.54,27.07,0.488,0.0118,0.0104
1450,3,10,1,18.5,22.94,0.074,22.87,0.142,0.0118,0.0104
1451,3,11,1,17.78,24.27,0.111,24.31,0.22,0.0118,0.0104
1452,3,12,1,17.0,26.55,0.511,26.49,0.492,0.0118,0.0104
1453,3,13,1,16.22,22.83,-0.039,22.58,0.078,0.0118,0.0104
1454,3,14,1,15.5,21.28,-0.135,21.33,-0.075,0.0118,0.0104
1455,3,15,1,14.88,22.55,-0.001,22.63,0.099,0.0118,0.0104
1456,3,16,1,14.4,21.6,-0.045,21.1,-0.089,0.0118,0.0104
1457,3,17,1,14.1,22.74,0.062,23.15,0.111,0.0118,0.0104
1458,3,18,1,14.0,20.85,-0.106,21.09,-0.103,0.0118,0.0104
1459,3,19,0,14.1,19.64,-0.297,20.08,-0.21,0.0118,0.0104
1460,3,20,0,14.4,23.04,0.029,22.68,0.004,0.0118,0.0104
1461,3,21,0,14.88,23.58,0.305,23.42,0.112,0.0118,0.0104
1462,3,22,0,15.5,21.12,-0.076,20.95,-0.119,0.0118,0.0104
1463,3,23,0,16.22,23.42,0.073,23.12,0.059,0.0118,0.0104
1464,3,0,0,17.0,19.16,-0.299,19.01,-0.318,0.0118,0.0104
1465,3,1,0,17.78,24.37,0.22,24.73,0.22,0.0118,0.0104
1466,3,2,0,18.5,21.65,-0.068,21.47,-0.074,0.0118,0.0104
1467,3,3,0,19.12,21.52,-0.08,21.4,-0.053,0.0118,0.0104
1468,3,4,0,19.6,23.04,0.168,22.77,0.047,0.0118,0.0104
1469,3,5,0,19.9,20.07,-0.234,20.19,-0.172,0.0118,0.0104
1470,3,6,0,20.0,18.89,-0.277,19.31,-0.314,0.0118,0.0104
1471,3,7,0,19.9,20.28,-0.209,20.78,-0.147,0.0118,0.0104
1472,3,8,0,19.6,19.1,-0.301,19.0,-0.279,0.0118,0.0104
1473,3,9,0,19.12,20.4,-0.137,19.95,-0.175,0.0118,0.0104
1474,3,10,0,18.5,20.14,-0.184,20.47,-0.12,0.0118,0.0104
1475,3,11,0,17.78,22.39,0.032,21.64,-0.004,0.0118,0.0104
1476,3,12,0,17.0,21.16,-0.093,21.04,-0.183,0.0118,0.0104
1477,3,13,0,16.22,25.01,0.326,24.74,0.271,0.0118,0.0104
1478,3,14,0,15.5,24.39,0.227,24.51,0.224,0.0118,0.0104
1479,3,15,0,14.88,23.7,0.202,23.13,0.081,0.0118,0.0104
1480,3,16,0,14.4,24.38,0.27,24.43,0.245,0.0118,0.0104
1481,3,17,0,14.1,19.87,-0.179,19.61,-0.234,0.0118,0.0104
1482,3,18,0,14.0,24.27,0.179,24.39,0.215,0.0118,0.0104
1483,3,19,0,14.1,22.65,0.149,21.96,0.009,0.0118,0.0104
1484,3,20,0,14.4,24.34,0.296,23.87,0.254,0.0118,0.0104
1485,3,21,0,14.88,20.52,-0.148,20.75,-0.171,0.0118,0.0104
1486,3,22,0,15.5,23.24,0.094,23.49,0.184,0.0118,0.0104
1487,3,23,0,16.22,20.0,-0.193,19.55,-0.244,0.0118,0.0104
1488,3,0,0,17.0,21.43,-0.031,21.67,-0.007,0.0118,0.0104
1489,3,1,0,17.78,22.32,0.009,22.5,0.111,0.0118,0.0104
1490,3,2,0,18.5,21.28,-0.07,21.91,-0.05,0.0118,0.0104
1491,3,3,0,19.12,24.55,0.298,24.59,0.296,0.0118,0.0104
1492,3,4,0,19.6,23.01,0.149,22.83,0.083,0.0118,0.0104
1493,3,5,0,19.9,23.53,0.175,22.88,0.069,0.0118,0.0104
1494,3,6,0,20.0,24.98,0.31,25.17,0.331,0.0118,0.0104
1495,3,7,0,19.9,21.0,-0.0,21.49,-0.039,0.0118,0.0104
1496,3,8,0,19.6,24.89,0.249,24.71,0.273,0.0118,0.0104
1497,3,9,0,19.12,23.15,0.142,23.03,0.113,0.0118,0.0104
1498,3,10,0,18.5,21.0,-0.057,21.16,-0.079,0.0118,0.0104
1499,3,11,0,17.78,24.23,0.246,23.86,0.151,0.0118,0.0104
1500,3,12,0,17.0,20.83,-0.164,20.64,-0.152,0.0118,0.0104
1501,3,13,0,16.22,22.18,0.002,22.43,-0.005,0.0118,0.0104
1502,3,14,0,15.5,24.21,0.218,23.96,0.209,0.0118,0.0104
1503,3,15,0,14.88,22.8,0.104,23.13,0.087,0.0118,0.0104
1504,3,16,0,14.4,25.77,0.369,25.83,0.412,0.0118,0.0104
1505,3,17,0,14.1,22.87,0.212,22.99,0.091,0.0118,0.0104
1506,3,18,0,14.0,22.02,0.056,22.06,-0.039,0.0118,0.0104
1507,3,19,0,14.1,19.55,-0.327,19.38,-0.275,0.0118,0.0104
1508,3,20,0,14.4,23.25,0.054,22.99,0.101,0.0118,0.0104
1509,3,21,0,14.88,23.79,0.22,23.29,0.153,0.0118,0.0104
1510,3,22,0,15.5,23.93,0.303,24.3,0.219,0.0118,0.0104
1511,3,23,0,16.22,22.66,0.067,22.54,0.1,0.0118,0.0104
1512,3,0,0,17.0,20.48,-0.083,20.22,-0.147,0.0118,0.0104
1513,3,1,0,17.78,21.96,0.013,22.21,0.066,0.0118,0.0104
1514,3,2,0,18.5,22.61,0.193,22.92,0.11,0.0118,0.0104
1515,3,3,0,19.12,22.57,0.039,22.79,0.151,0.0118,0.0104
1516,3,4,0,19.6,22.77,0.035,22.69,0.102,0.0118,0.0104
1517,3,5,0,19.9,23.8,0.209,23.65,0.12,0.0118,0.0104
1518,3,6,0,20.0,22.78,0.163,22.91,0.068,0.0118,0.0104
1519,3,7,0,19.9,20.58,-0.209,20.31,-0.129,0.0118,0.0104
1520,3,8,1,19.6,24.82,0.343,24.92,0.296,0.0118,0.0104
1521,3,9,1,19.12,22.36,0.02,22.26,-0.021,0.0118,0.0104
1522,3,10,1,18.5,22.9,0.127,22.88,0.091,0.0118,0.0104
1523,3,11,1,17.78,22.26,0.029,21.99,0.022,0.0118,0.0104
1524,3,12,1,17.0,20.78,-0.11,20.81,-0.14,0.0118,0.0104
1525,3,13,1,16.22,21.62,-0.095,21.69,-0.021,0.0118,0.0104
1526,3,14,1,15.5,21.16,0.033,21.48,-0.078,0.0118,0.0104
1527,3,15,1,14.88,23.3,0.182,23.08,0.07,0.0118,0.0104
1528,3,16,1,14.4,23.22,0.112,22.96,0.065,0.0118,0.0104
1529,3,17,1,14.1,23.73,0.201,23.48,0.138,0.0118,0.0104
1530,3,18,1,14.0,22.33,-0.005,22.37,0.044,0.0118,0.0104
1531,3,19,0,14.1,24.8,0.338,24.56,0.301,0.0118,0.0104
1532,3,20,0,14.4,21.28,-0.057,20.84,-0.132,0.0118,0.0104
1533,3,21,0,14.88,25.3,0.29,25.31,0.297,0.0118,0.0104
1534,3,22,0,15.5,24.13,0.216,23.96,0.225,0.0118,0.0104
1535,3,23,0,16.22,21.77,-0.023,21.76,-0.004,0.0118,0.0104
1536,3,0,0,17.0,23.39,0.142,23.32,0.121,0.0118,0.0104
1537,3,1,0,17.78,20.28,-0.077,20.36,-0.19,0.0118,0.0104
1538,3,2,0,18.5,21.34,-0.03,21.08,-0.079,0.0118,0.0104
1539,3,3,0,19.12,22.26,0.031,21.99,-0.048,0.0118,0.0104
1540,3,4,0,19.6,22.72,0.009,22.98,0.052,0.0118,0.0104
1541,3,5,0,19.9,24.87,0.344,24.69,0.264,0.0118,0.0104
1542,3,6,0,20.0,22.26,-0.018,22.39,0.043,0.0118,0.0104
1543,3,7,0,19.9,21.93,0.01,21.53,-0.055,0.0118,0.0104
1544,3,8,1,19.6,22.26,0.106,21.9,0.016,0.0118,0.0104
1545,3,9,1,19.12,23.95,0.108,23.85,0.244,0.0118,0.0104
1546,3,10,1,18.5,22.41,0.062,22.18,0.053,0.0118,0.0104
1547,3,11,1,17.78,22.47,0.101,22.85,0.053,0.0118,0.0104
1548,3,12,1,17.0,21.49,-0.187,21.78,-0.027,0.0118,0.0104
1549,3,13,1,16.22,20.35,-0.18,20.21,-0.19,0.0118,0.0104
1550,3,14,1,15.5,21.67,0.082,21.34,-0.01,0.0118,0.0104
1551,3,15,1,14.88,20.76,-0.144,21.23,-0.073,0.0118,0.0104
1552,3,16,1,14.4,22.41,0.09,22.21,0.024,0.0118,0.0104
1553,3,17,1,14.1,21.79,-0.066,21.39,-0.11,0.0118,0.0104
1554,3,18,1,14.0,22.52,0.039,22.16,0.057,0.0118,0.0104
1555,3,19,0,14.1,24.3,0.226,24.29,0.285,0.0118,0.0104
1556,3,20,0,14.4,23.28,0.057,23.18,0.13,0.0118,0.0104
1557,3,21,0,14.88,23.74,0.189,23.55,0.145,0.0118,0.0104
1558,3,22,0,15.5,22.22,0.011,21.48,-0.023,0.0118,0.0104
1559,3,23,0,16.22,21.55,-0.083,21.57,-0.032,0.0118,0.0104
1560,3,0,0,17.0,22.18,0.084,21.89,0.017,0.0118,0.0104
1561,3,1,0,17.78,21.59,-0.014,21.74,-0.007,0.0118,0.0104
1562,3,2,0,18.5,19.96,-0.233,20.26,-0.185,0.0118,0.0104
1563,3,3,0,19.12,26.46,0.426,26.55,0.389,0.0118,0.0104
1564,3,4,0,19.6,24.58,0.208,24.18,0.208,0.0118,0.0104
1565,3,5,0,19.9,24.62,0.255,24.86,0.295,0.0118,0.0104
1566,3,6,0,20.0,21.6,-0.036,21.64,-0.007,0.0118,0.0104
1567,3,7,0,19.9,23.95,0.177,24.1,0.232,0.0118,0.0104
1568,3,8,1,19.6,22.36,0.016,22.04,0.006,0.0118,0.0104
1569,3,9,1,19.12,23.87,0.126,23.81,0.183,0.0118,0.0104
1570,3,10,1,18.5,22.67,0.113,22.73,0.103,0.0118,0.0104
1571,3,11,1,17.78,21.61,-0.091,21.42,-0.037,0.0118,0.0104
1572,3,12,1,17.0,24.67,0.255,24.58,0.302,0.0118,0.0104
1573,3,13,1,16.22,23.26,0.066,23.39,0.159,0.0118,0.0104
1574,3,14,1,15.5,21.11,-0.107,20.77,-0.141,0.0118,0.0104
1575,3,15,1,14.88,22.17,0.065,21.74,0.007,0.0118,0.0104
1576,3,16,1,14.4,19.58,-0.283,19.87,-0.187,0.0118,0.0104
1577,3,17,1,14.1,22.4,0.03,22.41,0.077,0.0118,0.0104
1578,3,18,1,14.0,20.64,-0.081,20.82,-0.096,0.0118,0.0104
1579,3,19,0,14.1,25.99,0.447,25.83,0.38,0.0118,0.0104
1580,3,20,0,14.4,24.35,0.216,24.35,0.274,0.0118,0.0104
1581,3,21,0,14.88,21.76,-0.05,21.34,-0.048,0.0118,0.0104
1582,3,22,0,15.5,24.59,0.325,24.62,0.221,0.0118,0.0104
1583,3,23,0,16.22,21.84,-0.022,21.75,-0.023,0.0118,0.0104
1584,3,0,0,17.0,23.54,0.161,23.4,0.139,0.0118,0.0104
1585,3,1,0,17.78,21.11,-0.096,21.08,-0.097,0.0118,0.0104
1586,3,2,0,18.5,22.55,0.033,22.57,0.095,0.0118,0.0104
1587,3,3,0,19.12,20.75,0.014,20.53,-0.178,0.0118,0.0104
1588,3,4,0,19.6,20.47,-0.257,20.69,-0.138,0.0118,0.0104
1589,3,5,0,19.9,25.72,0.273,25.26,0.281,0.0118,0.0104
1590,3,6,0,20.0,23.85,0.159,24.18,0.239,0.0118,0.0104
1591,3,7,0,19.9,24.59,0.246,25.12,0.243,0.0118,0.0104
1592,3,8,1,19.6,21.27,-0.086,21.14,-0.092,0.0118,0.0104
1593,3,9,1,19.12,24.18,0.209,24.56,0.289,0.0118,0.0104
1594,3,10,1,18.5,23.04,0.149,23.06,0.108,0.0118,0.0104
1595,3,11,1,17.78,25.59,0.333,25.16,0.312,0.0118,0.0104
1596,3,12,1,17.0,23.16,0.115,23.54,0.111,0.0118,0.0104
1597,3,13,1,16.22,23.76,0.079,23.99,0.199,0.0118,0.0104
1598,3,14,1,15.5,20.11,-0.234,19.92,-0.184,0.0118,0.0104
1599,3,15,1,14.88,22.68,0.112,22.29,-0.014,0.0118,0.0104
1600,3,16,1,14.4,23.0,0.081,22.75,0.09,0.0118,0.0104
1601,3,17,1,14.1,23.28,0.124,23.68,0.178,0.0118,0.0104
1602,3,18,1,14.0,21.84,0.006,21.9,-0.013,0.0118,0.0104
1603,3,19,0,14.1,19.79,-0.202,19.89,-0.231,0.0118,0.0104
1604,3,20,0,14.4,20.57,-0.118,21.02,-0.105,0.0118,0.0104
1605,3,21,0,14.88,20.79,-0.055,20.55,-0.141,0.0118,0.0104
1606,3,22,0,15.5,21.67,-0.073,21.83,0.028,0.0118,0.0104
1607,3,23,0,16.22,24.53,0.221,24.39,0.16,0.0118,0.0104
1608,3,0,0,17.0,20.28,-0.165,19.88,-0.222,0.0118,0.0104
1609,3,1,0,17.78,20.48,-0.127,20.4,-0.144,0.0118,0.0104
1610,3,2,0,18.5,19.65,-0.304,19.61,-0.212,0.0118,0.0104
1611,3,3,0,19.12,23.68,0.129,23.41,0.127,0.0118,0.0104
1612,3,4,0,19.6,19.12,-0.302,19.22,-0.249,0.0118,0.0104
1613,3,5,0,19.9,20.85,-0.19,20.67,-0.163,0.0118,0.0104
1614,3,6,0,20.0,20.73,-0.162,21.03,-0.094,0.0118,0.0104
1615,3,7,0,19.9,21.93,-0.016,21.55,-0.027,0.0118,0.0104
1616,3,8,1,19.6,20.69,-0.174,20.93,-0.121,0.0118,0.0104
1617,3,9,1,19.12,23.3,0.131,23.1,0.1,0.0118,0.0104
1618,3,10,1,18.5,22.69,-0.022,21.98,0.016,0.0118,0.0104
1619,3,11,1,17.78,24.06,0.193,23.78,0.187,0.0118,0.0104
1620,3,12,1,17.0,23.54,0.11,22.93,0.083,0.0118,0.0104
1621,3,13,1,16.22,23.55,0.144,24.3,0.188,0.0118,0.0104
1622,3,14,1,15.5,23.1,0.116,23.5,0.123,0.0118,0.0104
1623,3,15,1,14.88,23.94,0.142,24.14,0.225,0.0118,0.0104
1624,3,16,1,14.4,24.0,0.196,24.35,0.224,0.0118,0.0104
1625,3,17,1,14.1,24.34,0.256,23.98,0.157,0.0118,0.0104
1626,3,18,1,14.0,24.1,0.273,24.02,0.217,0.0118,0.0104
1627,3,19,0,14.1,20.67,-0.056,21.09,-0.064,0.0118,0.0104
1628,3,20,0,14.4,21.36,-0.057,21.27,-0.095,0.0118,0.0104
1629,3,21,0,14.88,25.04,0.169,25.08,0.318,0.0118,0.0104
1630,3,22,0,15.5,21.98,-0.021,21.96,0.02,0.0118,0.0104
1631,3,23,0,16.22,24.18,0.201,24.26,0.225,0.0118,0.0104
1632,3,0,0,17.0,22.53,0.082,22.29,0.043,0.0118,0.0104
1633,3,1,0,17.78,24.81,0.247,25.19,0.343,0.0118,0.0104
1634,3,2,0,18.5,21.07,-0.118,21.28,-0.102,0.0118,0.0104
1635,3,3,0,19.12,22.92,0.004,22.12,0.006,0.0118,0.0104
1636,3,4,0,19.6,22.62,-0.017,22.51,0.027,0.0118,0.0104
1637,3,5,0,19.9,23.09,0.108,23.26,0.161,0.0118,0.0104
1638,3,6,0,20.0,23.1,0.096,22.87,0.045,0.0118,0.0104
1639,3,7,0,19.9,22.34,0.068,22.67,0.109,0.0118,0.0104
1640,3,8,0,19.6,22.05,-0.005,22.45,0.089,0.0118,0.0104
1641,3,9,0,19.12,22.47,0.12,22.68,0.062,0.0118,0.0104
1642,3,10,0,18.5,22.83,0.076,23.21,0.082,0.0118,0.0104
1643,3,11,0,17.78,25.71,0.379,25.57,0.392,0.0118,0.0104
1644,3,12,0,17.0,21.59,-0.029,21.28,-0.125,0.0118,0.0104
1645,3,13,0,16.22,22.07,-0.007,22.14,-0.032,0.0118,0.0104
1646,3,14,0,15.5,24.89,0.361,24.92,0.284,0.0118,0.0104
1647,3,15,0,14.88,21.18,-0.093,21.26,-0.109,0.0118,0.0104
1648,3,16,0,14.4,24.7,0.178,24.52,0.292,0.0118,0.0104
1649,3,17,0,14.1,21.74,-0.114,21.56,0.008,0.0118,0.0104
1650,3,18,0,14.0,20.57,-0.098,20.58,-0.129,0.0118,0.0104
1651,3,19,0,14.1,22.41,0.001,21.9,-0.004,0.0118,0.0104
1652,3,20,0,14.4,21.32,-0.034,21.38,-0.033,0.0118,0.0104
1653,3,21,0,14.88,20.66,-0.096,21.32,-0.068,0.0118,0.0104
1654,3,22,0,15.5,24.13,0.141,24.84,0.278,0.0118,0.0104
1655,3,23,0,16.22,18.93,-0.288,18.99,-0.302,0.0118,0.0104
1656,3,0,0,17.0,21.52,-0.03,20.9,-0.066,0.0118,0.0104
1657,3,1,0,17.78,21.61,-0.117,21.75,-0.012,0.0118,0.0104
1658,3,2,0,18.5,21.91,-0.047,21.68,-0.044,0.0118,0.0104
1659,3,3,0,19.12,23.07,0.088,22.68,0.067,0.0118,0.0104
1660,3,4,0,19.6,20.85,-0.158,21.39,-0.081,0.0118,0.0104
1661,3,5,0,19.9,21.03,-0.069,21.57,-0.071,0.0118,0.0104
1662,3,6,0,20.0,24.16,0.229,24.22,0.212,0.0118,0.0104
1663,3,7,0,19.9,21.38,-0.09,21.48,0.002,0.0118,0.0104
1664,3,8,0,19.6,20.6,-0.146,21.06,-0.085,0.0118,0.0104
1665,3,9,0,19.12,23.75,0.218,23.56,0.075,0.0118,0.0104
1666,3,10,0,18.5,21.42,-0.121,21.14,-0.092,0.0118,0.0104
1667,3,11,0,17.78,23.08,0.12,23.29,0.109,0.0118,0.0104
1668,3,12,0,17.0,23.05,0.152,23.09,0.132,0.0118,0.0104
1669,3,13,0,16.22,22.55,0.022,22.28,0.011,0.0118,0.0104
1670,3,14,0,15.5,22.03,0.038,22.11,0.009,0.0118,0.0104
1671,3,15,0,14.88,22.52,0.027,22.57,0.029,0.0118,0.0104
1672,3,16,0,14.4,19.87,-0.19,19.66,-0.255,0.0118,0.0104
1673,3,17,0,14.1,22.14,0.04,22.28,-0.004,0.0118,0.0104
1674,3,18,0,14.0,24.0,0.143,24.33,0.209,0.0118,0.0104
1675,3,19,0,14.1,24.29,0.118,24.24,0.182,0.0118,0.0104
1676,3,20,0,14.4,22.13,-0.008,21.78,-0.021,0.0118,0.0104
1677,3,21,0,14.88,24.69,0.323,24.61,0.303,0.0118,0.0104
1678,3,22,0,15.5,24.65,0.167,24.74,0.288,0.0118,0.0104
1679,3,23,0,16.22,24.07,0.294,24.05,0.231,0.0118,0.0104
1680,3,0,0,17.0,23.35,0.152,23.68,0.093,0.0118,0.0104
1681,3,1,0,17.78,21.75,-0.065,22.11,0.004,0.0118,0.0104
1682,3,2,0,18.5,20.93,-0.023,21.47,-0.08,0.0118,0.0104
1683,3,3,0,19.12,22.72,0.103,22.52,0.067,0.0118,0.0104
1684,3,4,0,19.6,23.72,0.319,23.82,0.151,0.0118,0.0104
1685,3,5,0,19.9,19.93,-0.285,19.82,-0.263,0.0118,0.0104
1686,3,6,0,20.0,21.0,-0.148,20.72,-0.112,0.0118,0.0104
1687,3,7,0,19.9,21.74,0.019,21.69,-0.054,0.0118,0.0104
1688,3,8,1,19.6,22.1,-0.087,22.21,-0.05,0.0118,0.0104
1689,3,9,1,19.12,23.02,0.205,23.17,0.121,0.0118,0.0104
1690,3,10,1,18.5,23.73,0.188,23.67,0.217,0.0118,0.0104
1691,3,11,1,17.78,19.31,-0.162,19.44,-0.248,0.0118,0.0104
1692,3,12,1,17.0,24.98,0.296,24.79,0.28,0.0118,0.0104
1693,3,13,1,16.22,19.17,-0.337,18.82,-0.293,0.0118,0.0104
1694,3,14,1,15.5,23.81,0.222,23.91,0.186,0.0118,0.0104
1695,3,15,1,14.88,24.3,0.233,24.31,0.223,0.0118,0.0104
1696,3,16,1,14.4,23.53,0.201,23.4,0.106,0.0118,0.0104
1697,3,17,1,14.1,20.85,-0.119,21.06,-0.108,0.0118,0.0104
1698,3,18,1,14.0,23.84,0.173,23.65,0.207,0.0118,0.0104
1699,3,19,0,14.1,24.81,0.267,25.28,0.365,0.0118,0.0104
1700,3,20,0,14.4,21.08,-0.21,20.8,-0.069,0.0118,0.0104
1701,3,21,0,14.88,21.2,-0.125,21.17,-0.063,0.0118,0.0104
1702,3,22,0,15.5,21.94,0.016,21.55,-0.089,0.0118,0.0104
1703,3,23,0,16.22,21.24,-0.147,20.61,-0.133,0.0118,0.0104
1704,3,0,0,17.0,19.55,-0.245,19.11,-0.305,0.0118,0.0104
1705,3,1,0,17.78,25.49,0.305,26.04,0.421,0.0118,0.0104
1706,3,2,0,18.5,23.62,0.088,23.44,0.144,0.0118,0.0104
1707,3,3,0,19.12,22.24,0.046,22.11,-0.012,0.0118,0.0104
1708,3,4,0,19.6,20.77,-0.104,20.8,-0.155,0.0118,0.0104
1709,3,5,0,19.9,23.89,0.16,23.36,0.128,0.0118,0.0104
1710,3,6,0,20.0,21.55,0.048,21.38,-0.088,0.0118,0.0104
1711,3,7,0,19.9,26.16,0.421,26.29,0.444,0.0118,0.0104
1712,3,8,1,19.6,26.29,0.373,26.0,0.377,0.0118,0.0104
1713,3,9,1,19.12,22.55,0.056,22.03,0.054,0.0118,0.0104
1714,3,10,1,18.5,22.73,0.042,22.64,0.091,0.0118,0.0104
1715,3,11,1,17.78,21.26,0.023,21.82,-0.011,0.0118,0.0104
1716,3,12,1,17.0,22.48,0.103,22.79,0.055,0.0118,0.0104
1717,3,13,1,16.22,21.71,-0.009,21.31,-0.049,0.0118,0.0104
1718,3,14,1,15.5,20.48,-0.22,20.34,-0.193,0.0118,0.0104
1719,3,15,1,14.88,23.33,0.118,23.11,0.062,0.0118,0.0104
1720,3,16,1,14.4,22.78,0.042,22.77,0.071,0.0118,0.0104
1721,3,17,1,14.1,22.77,0.003,22.53,0.107,0.0118,0.0104
1722,3,18,1,14.0,21.55,0.006,21.52,0.058,0.0118,0.0104
1723,3,19,0,14.1,20.63,-0.172,20.77,-0.139,0.0118,0.0104
1724,3,20,0,14.4,21.42,-0.06,21.08,-0.136,0.0118,0.0104
1725,3,21,0,14.88,23.92,0.213,23.94,0.18,0.0118,0.0104
1726,3,22,0,15.5,21.95,-0.063,22.04,-0.007,0.0118,0.0104
1727,3,23,0,16.22,21.21,-0.184,20.94,-0.065,0.0118,0.0104
1728,3,0,0,17.0,21.47,0.0,21.82,-0.057,0.0118,0.0104
1729,3,1,0,17.78,20.87,-0.026,21.64,-0.037,0.0118,0.0104
1730,3,2,0,18.5,22.89,0.11,22.7,0.048,0.0118,0.0104
1731,3,3,0,19.12,19.45,-0.254,19.06,-0.328,0.0118,0.0104
1732,3,4,0,19.6,22.4,0.001,22.08,0.033,0.0118,0.0104
1733,3,5,0,19.9,22.87,0.131,22.87,0.101,0.0118,0.0104
1734,3,6,0,20.0,24.67,0.246,24.53,0.214,0.0118,0.0104
1735,3,7,0,19.9,21.86,0.051,22.15,0.043,0.0118,0.0104
1736,3,8,1,19.6,19.81,-0.311,20.13,-0.16,0.0118,0.0104
1737,3,9,1,19.12,21.95,-0.072,22.16,0.051,0.0118,0.0104
1738,3,10,1,18.5,20.3,-0.22,20.1,-0.242,0.0118,0.0104
1739,3,11,1,17.78,22.64,0.198,23.18,0.121,0.0118,0.0104
1740,3,12,1,17.0,24.18,0.242,24.24,0.214,0.0118,0.0104
1741,3,13,1,16.22,22.79,0.05,22.95,0.093,0.0118,0.0104
1742,3,14,1,15.5,22.41,-0.012,22.66,0.064,0.0118,0.0104
1743,3,15,1,14.88,25.37,0.404,25.72,0.372,0.0118,0.0104
1744,3,16,1,14.4,22.98,0.176,23.28,0.07,0.0118,0.0104
1745,3,17,1,14.1,20.53,-0.161,20.92,-0.128,0.0118,0.0104
1746,3,18,1,14.0,20.62,-0.208,20.45,-0.092,0.0118,0.0104
1747,3,19,0,14.1,22.47,0.076,22.45,0.074,0.0118,0.0104
1748,3,20,0,14.4,23.92,0.16,24.24,0.215,0.0118,0.0104
1749,3,21,0,14.88,23.65,0.165,23.5,0.161,0.0118,0.0104
1750,3,22,0,15.5,23.68,0.204,23.14,0.107,0.0118,0.0104
1751,3,23,0,16.22,23.56,0.237,23.79,0.22,0.0118,0.0104
1752,3,0,0,17.0,24.52,0.267,24.95,0.296,0.0118,0.0104
1753,3,1,0,17.78,23.81,0.165,24.03,0.215,0.0118,0.0104
1754,3,2,0,18.5,22.45,0.109,22.19,0.021,0.0118,0.0104
1755,3,3,0,19.12,25.57,0.329,25.09,0.31,0.0118,0.0104
1756,3,4,0,19.6,24.21,0.236,24.33,0.199,0.0118,0.0104
1757,3,5,0,19.9,20.76,-0.192,20.86,-0.13,0.0118,0.0104
1758,3,6,0,20.0,23.25,0.205,22.96,0.132,0.0118,0.0104
1759,3,7,0,19.9,20.14,-0.3,19.86,-0.237,0.0118,0.0104
1760,3,8,1,19.6,23.65,0.188,23.53,0.107,0.0118,0.0104
1761,3,9,1,19.12,23.7,0.17,23.53,0.15,0.0118,0.0104
1762,3,10,1,18.5,20.59,-0.092,20.25,-0.163,0.0118,0.0104
1763,3,11,1,17.78,24.08,0.215,24.17,0.165,0.0118,0.0104
1764,3,12,1,17.0,22.09,0.107,22.09,0.029,0.0118,0.0104
1765,3,13,1,16.22,24.8,0.245,24.98,0.302,0.0118,0.0104
1766,3,14,1,15.5,22.85,0.066,22.57,0.051,0.0118,0.0104
1767,3,15,1,14.88,24.91,0.351,24.28,0.2,0.0118,0.0104
1768,3,16,1,14.4,20.44,-0.119,20.8,-0.083,0.0118,0.0104
1769,3,17,1,14.1,23.7,0.198,24.32,0.227,0.0118,0.0104
1770,3,18,1,14.0,23.01,0.062,23.39,0.119,0.0118,0.0104
1771,3,19,0,14.1,22.04,0.011,21.41,-0.116,0.0118,0.0104
1772,3,20,0,14.4,22.58,0.034,22.84,0.134,0.0118,0.0104
1773,3,21,0,14.88,20.31,-0.135,20.67,-0.185,0.0118,0.0104
1774,3,22,0,15.5,26.57,0.413,26.55,0.412,0.0118,0.0104
1775,3,23,0,16.22,22.17,0.022,22.13,0.004,0.0118,0.0104
1776,3,0,0,17.0,23.45,0.048,23.33,0.129,0.0118,0.0104
1777,3,1,0,17.78,18.95,-0.354,19.05,-0.29,0.0118,0.0104
1778,3,2,0,18.5,24.47,0.3,24.19,0.206,0.0118,0.0104
1779,3,3,0,19.12,25.13,0.271,25.02,0.323,0.0118,0.0104
1780,3,4,0,19.6,21.85,-0.039,21.59,-0.042,0.0118,0.0104
1781,3,5,0,19.9,24.51,0.252,23.93,0.212,0.0118,0.0104
1782,3,6,0,20.0,22.79,0.075,23.18,0.113,0.0118,0.0104
1783,3,7,0,19.9,23.39,0.119,23.42,0.157,0.0118,0.0104
1784,3,8,1,19.6,21.52,-0.074,21.34,-0.026,0.0118,0.0104
1785,3,9,1,19.12,17.67,-0.431,17.79,-0.472,0.0118,0.0104
1786,3,10,1,18.5,22.96,0.126,23.11,0.031,0.0118,0.0104
1787,3,11,1,17.78,24.55,0.289,24.33,0.255,0.0118,0.0104
1788,3,12,1,17.0,21.18,-0.101,21.38,-0.124,0.0118,0.0104
1789,3,13,1,16.22,24.25,0.182,24.02,0.19,0.0118,0.0104
1790,3,14,1,15.5,22.91,0.118,22.89,0.049,0.0118,0.0104
1791,3,15,1,14.88,21.39,0.034,21.35,-0.068,0.0118,0.0104
1792,3,16,1,14.4,24.13,0.189,24.14,0.207,0.0118,0.0104
1793,3,17,1,14.1,22.25,0.093,22.43,0.054,0.0118,0.0104
1794,3,18,1,14.0,24.28,0.207,23.99,0.177,0.0118,0.0104
1795,3,19,0,14.1,22.97,0.134,22.86,0.058,0.0118,0.0104
1796,3,20,0,14.4,22.56,-0.047,22.77,0.141,0.0118,0.0104
1797,3,21,0,14.88,22.08,0.015,21.47,-0.052,0.0118,0.0104
1798,3,22,0,15.5,22.38,0.075,22.67,0.076,0.0118,0.0104
1799,3,23,0,16.22,23.18,0.206,23.14,0.07,0.0118,0.0104
1800,3,0,0,17.0,22.71,0.112,22.73,0.048,0.0118,0.0104
1801,3,1,0,17.78,19.88,-0.197,19.93,-0.162,0.0118,0.0104
1802,3,2,0,18.5,20.59,-0.022,20.94,-0.117,0.0118,0.0104
1803,3,3,0,19.12,20.56,-0.143,20.44,-0.139,0.0118,0.0104
1804,3,4,0,19.6,21.61,-0.094,22.08,-0.044,0.0118,0.0104
1805,3,5,0,19.9,24.16,0.206,23.48,0.241,0.0118,0.0104
1806,3,6,0,20.0,22.48,0.045,22.15,0.013,0.0118,0.0104
1807,3,7,0,19.9,22.74,0.022,22.94,0.145,0.0118,0.0104
1808,3,8,0,19.6,22.87,0.055,23.09,0.147,0.0118,0.0104
1809,3,9,0,19.12,22.11,-0.035,22.2,-0.01,0.0118,0.0104
1810,3,10,0,18.5,23.53,0.111,23.4,0.121,0.0118,0.0104
1811,3,11,0,17.78,23.55,0.149,23.36,0.136,0.0118,0.0104
1812,3,12,0,17.0,19.62,-0.221,19.18,-0.304,0.0118,0.0104
1813,3,13,0,16.22,24.09,0.244,24.38,0.292,0.0118,0.0104
1814,3,14,0,15.5,22.38,0.008,22.57,0.131,0.0118,0.0104
1815,3,15,0,14.88,25.48,0.367,25.48,0.389,0.0118,0.0104
1816,3,16,0,14.4,22.28,0.072,22.08,0.011,0.0118,0.0104
1817,3,17,0,14.1,22.77,-0.008,22.52,0.06,0.0118,0.0104
1818,3,18,0,14.0,23.86,0.258,23.79,0.158,0.0118,0.0104
1819,3,19,0,14.1,20.92,-0.112,20.9,-0.087,0.0118,0.0104
1820,3,20,0,14.4,21.34,0.032,21.75,-0.026,0.0118,0.0104
1821,3,21,0,14.88,24.37,0.291,24.06,0.237,0.0118,0.0104
1822,3,22,0,15.5,23.8,0.032,23.79,0.16,0.0118,0.0104
1823,3,23,0,16.22,21.56,-0.038,21.27,-0.086,0.0118,0.0104
1824,3,0,0,17.0,21.26,-0.109,20.95,-0.072,0.0118,0.0104
1825,3,1,0,17.78,21.51,-0.072,21.35,-0.054,0.0118,0.0104
1826,3,2,0,18.5,23.18,0.17,22.27,0.07,0.0118,0.0104
1827,3,3,0,19.12,20.92,-0.13,20.63,-0.159,0.0118,0.0104
1828,3,4,0,19.6,22.84,0.028,22.25,0.071,0.0118,0.0104
1829,3,5,0,19.9,21.11,-0.071,21.48,-0.106,0.0118,0.0104
1830,3,6,0,20.0,23.45,0.123,23.42,0.149,0.0118,0.0104
1831,3,7,0,19.9,23.21,0.18,23.42,0.155,0.0118,0.0104
1832,3,8,0,19.6,20.44,-0.009,20.29,-0.149,0.0118,0.0104
1833,3,9,0,19.12,26.05,0.417,26.47,0.456,0.0118,0.0104
1834,3,10,0,18.5,22.45,0.045,21.92,0.029,0.0118,0.0104
1835,3,11,0,17.78,21.6,0.003,21.72,-0.055,0.0118,0.0104
1836,3,12,0,17.0,21.82,-0.059,21.52,-0.087,0.0118,0.0104
1837,3,13,0,16.22,21.15,-0.131,21.58,-0.039,0.0118,0.0104
1838,3,14,0,15.5,21.75,0.04,22.1,0.036,0.0118,0.0104
1839,3,15,0,14.88,22.96,0.036,22.89,0.147,0.0118,0.0104
1840,3,16,0,14.4,21.36,-0.011,21.56,-0.061,0.0118,0.0104
1841,3,17,0,14.1,24.06,0.292,24.29,0.215,0.0118,0.0104
1842,3,18,0,14.0,20.57,-0.132,20.42,-0.156,0.0118,0.0104
1843,3,19,0,14.1,21.91,0.015,21.34,-0.007,0.0118,0.0104
1844,3,20,0,14.4,23.2,0.148,23.38,0.15,0.0118,0.0104
1845,3,21,0,14.88,23.9,0.174,24.02,0.178,0.0118,0.0104
1846,3,22,0,15.5,22.13,-0.003,22.22,0.032,0.0118,0.0104
1847,3,23,0,16.22,23.16,0.18,23.41,0.143,0.0118,0.0104
1848,3,0,0,17.0,20.54,-0.144,20.43,-0.212,0.0118,0.0104
1849,3,1,0,17.78,24.58,0.277,24.63,0.304,0.0118,0.0104
1850,3,2,0,18.5,21.55,-0.05,21.73,-0.033,0.0118,0.0104
1851,3,3,0,19.12,21.34,-0.085,21.84,0.005,0.0118,0.0104
1852,3,4,0,19.6,19.69,-0.179,20.04,-0.193,0.0118,0.0104
1853,3,5,0,19.9,22.16,0.13,22.28,-0.025,0.0118,0.0104
1854,3,6,0,20.0,23.67,0.166,23.4,0.133,0.0118,0.0104
1855,3,7,0,19.9,21.86,-0.071,21.85,0.016,0.0118,0.0104
1856,3,8,1,19.6,19.81,-0.235,19.97,-0.238,0.0118,0.0104
1857,3,9,1,19.12,22.8,0.082,22.34,-0.009,0.0118,0.0104
1858,3,10,1,18.5,23.19,0.097,22.91,0.1,0.0118,0.0104
1859,3,11,1,17.78,21.34,-0.142,21.32,-0.049,0.0118,0.0104
1860,3,12,1,17.0,25.15,0.319,25.99,0.422,0.0118,0.0104
1861,3,13,1,16.22,19.83,-0.178,20.28,-0.187,0.0118,0.0104
1862,3,14,1,15.5,24.36,0.213,24.28,0.242,0.0118,0.0104
1863,3,15,1,14.88,20.9,-0.162,21.21,-0.11,0.0118,0.0104
1864,3,16,1,14.4,21.14,-0.117,21.36,-0.104,0.0118,0.0104
1865,3,17,1,14.1,21.59,-0.1,21.58,-0.076,0.0118,0.0104
1866,3,18,1,14.0,25.67,0.351,25.41,0.33,0.0118,0.0104
1867,3,19,0,14.1,21.87,0.034,22.05,-0.004,0.0118,0.0104
1868,3,20,0,14.4,20.65,-0.14,21.03,-0.045,0.0118,0.0104
1869,3,21,0,14.88,19.13,-0.191,19.19,-0.292,0.0118,0.0104
1870,3,22,0,15.5,22.16,-0.012,22.25,0.016,0.0118,0.0104
1871,3,23,0,16.22,21.99,0.061,21.81,-0.006,0.0118,0.0104
1872,3,0,0,17.0,22.88,0.074,23.12,0.089,0.0118,0.0104
1873,3,1,0,17.78,21.6,-0.093,21.6,-0.055,0.0118,0.0104
1874,3,2,0,18.5,21.73,-0.166,22.36,0.031,0.0118,0.0104
1875,3,3,0,19.12,25.09,0.347,25.13,0.316,0.0118,0.0104
1876,3,4,0,19.6,21.5,-0.04,20.83,-0.141,0.0118,0.0104
1877,3,5,0,19.9,21.3,0.017,21.15,-0.013,0.0118,0.0104
1878,3,6,0,20.0,22.83,0.024,22.69,0.083,0.0118,0.0104
1879,3,7,0,19.9,25.17,0.198,25.1,0.33,0.0118,0.0104
1880,3,8,1,19.6,23.98,0.207,23.5,0.164,0.0118,0.0104
1881,3,9,1,19.12,22.39,0.09,22.15,0.003,0.0118,0.0104
1882,3,10,1,18.5,20.27,-0.11,19.66,-0.216,0.0118,0.0104
1883,3,11,1,17.78,22.63,0.037,22.5,0.018,0.0118,0.0104
1884,3,12,1,17.0,21.85,-0.052,21.22,-0.088,0.0118,0.0104
1885,3,13,1,16.22,23.41,0.181,23.4,0.181,0.0118,0.0104
1886,3,14,1,15.5,24.09,0.209,24.23,0.193,0.0118,0.0104
1887,3,15,1,14.88,23.61,0.178,24.11,0.269,0.0118,0.0104
1888,3,16,1,14.4,20.21,-0.136,19.87,-0.206,0.0118,0.0104
1889,3,17,1,14.1,24.47,0.204,24.47,0.24,0.0118,0.0104
1890,3,18,1,14.0,20.2,-0.131,19.86,-0.188,0.0118,0.0104
1891,3,19,0,14.1,23.04,0.087,22.53,0.016,0.0118,0.0104
1892,3,20,0,14.4,24.26,0.172,24.09,0.21,0.0118,0.0104
1893,3,21,0,14.88,21.54,-0.083,21.98,-0.043,0.0118,0.0104
1894,3,22,0,15.5,19.27,-0.301,19.26,-0.317,0.0118,0.0104
1895,3,23,0,16.22,24.28,0.227,24.48,0.289,0.0118,0.0104
1896,3,0,0,17.0,23.49,0.097,23.25,0.149,0.0118,0.0104
1897,3,1,0,17.78,23.09,0.067,23.15,0.133,0.0118,0.0104
1898,3,2,0,18.5,21.37,0.009,21.34,-0.086,0.0118,0.0104
1899,3,3,0,19.12,20.14,-0.136,19.82,-0.21,0.0118,0.0104
1900,3,4,0,19.6,22.31,0.055,22.15,-0.01,0.0118,0.0104
1901,3,5,0,19.9,22.96,0.051,22.74,0.055,0.0118,0.0104
1902,3,6,0,20.0,21.94,0.005,21.92,-0.118,0.0118,0.0104
1903,3,7,0,19.9,21.29,0.004,21.17,-0.115,0.0118,0.0104
1904,3,8,1,19.6,22.74,0.009,23.19,0.131,0.0118,0.0104
1905,3,9,1,19.12,21.3,-0.11,21.15,-0.107,0.0118,0.0104
1906,3,10,1,18.5,26.58,0.513,26.84,0.498,0.0118,0.0104
1907,3,11,1,17.78,20.09,-0.137,20.21,-0.205,0.0118,0.0104
1908,3,12,1,17.0,23.95,0.287,24.16,0.203,0.0118,0.0104
1909,3,13,1,16.22,20.85,-0.043,20.75,-0.18,0.0118,0.0104
1910,3,14,1,15.5,19.4,-0.282,19.42,-0.257,0.0118,0.0104
1911,3,15,1,14.88,23.92,0.098,23.75,0.237,0.0118,0.0104
1912,3,16,1,14.4,21.0,-0.044,20.69,-0.143,0.0118,0.0104
1913,3,17,1,14.1,22.4,0.095,22.55,0.045,0.0118,0.0104
1914,3,18,1,14.0,24.78,0.316,24.14,0.189,0.0118,0.0104
1915,3,19,0,14.1,24.56,0.222,24.6,0.28,0.0118,0.0104
1916,3,20,0,14.4,23.84,0.132,24.03,0.189,0.0118,0.0104
1917,3,21,0,14.88,22.49,0.087,22.48,-0.012,0.0118,0.0104
1918,3,22,0,15.5,23.0,0.058,22.91,0.069,0.0118,0.0104
1919,3,23,0,16.22,22.18,-0.017,21.1,-0.116,0.0118,0.0104
1920,3,0,0,17.0,23.3,0.119,23.06,0.152,0.0118,0.0104
1921,3,1,0,17.78,23.99,0.174,24.26,0.243,0.0118,0.0104
1922,3,2,0,18.5,22.15,0.035,22.09,-0.009,0.0118,0.0104
1923,3,3,0,19.12,24.74,0.305,24.69,0.313,0.0118,0.0104
1924,3,4,0,19.6,24.05,0.227,23.62,0.188,0.0118,0.0104
1925,3,5,0,19.9,23.84,0.151,23.5,0.18,0.0118,0.0104
1926,3,6,0,20.0,21.36,0.015,21.27,-0.075,0.0118,0.0104
1927,3,7,0,19.9,21.41,-0.042,21.15,-0.125,0.0118,0.0104
1928,3,8,1,19.6,22.13,0.078,22.23,0.043,0.0118,0.0104
1929,3,9,1,19.12,21.43,-0.072,21.78,-0.059,0.0118,0.0104
1930,3,10,1,18.5,22.24,0.032,22.67,0.068,0.0118,0.0104
1931,3,11,1,17.78,24.96,0.231,24.53,0.204,0.0118,0.0104
1932,3,12,1,17.0,23.06,0.183,23.11,0.118,0.0118,0.0104
1933,3,13,1,16.22,21.89,-0.005,21.89,-0.061,0.0118,0.0104
1934,3,14,1,15.5,26.57,0.467,26.72,0.491,0.0118,0.0104
1935,3,15,1,14.88,23.56,0.125,23.52,0.17,0.0118,0.0104
1936,3,16,1,14.4,23.08,0.179,22.84,0.092,0.0118,0.0104
1937,3,17,1,14.1,23.59,0.161,24.01,0.211,0.0118,0.0104
1938,3,18,1,14.0,23.72,0.174,23.5,0.154,0.0118,0.0104
1939,3,19,0,14.1,21.07,-0.164,21.76,-0.063,0.0118,0.0104
1940,3,20,0,14.4,24.47,0.196,24.69,0.287,0.0118,0.0104
1941,3,21,0,14.88,24.7,0.4,24.69,0.218,0.0118,0.0104
1942,3,22,0,15.5,23.54,0.199,23.89,0.183,0.0118,0.0104
1943,3,23,0,16.22,22.06,0.047,22.2,0.038,0.0118,0.0104
1944,3,0,0,17.0,24.06,0.195,23.75,0.147,0.0118,0.0104
1945,3,1,0,17.78,21.92,-0.003,22.23,0.101,0.0118,0.0104
1946,3,2,0,18.5,22.79,0.084,22.81,0.062,0.0118,0.0104
1947,3,3,0,19.12,22.41,0.047,22.75,0.051,0.0118,0.0104
1948,3,4,0,19.6,21.11,-0.085,20.98,-0.066,0.0118,0.0104
1949,3,5,0,19.9,20.49,-0.144,20.39,-0.216,0.0118,0.0104
1950,3,6,0,20.0,21.25,-0.115,21.05,-0.09,0.0118,0.0104
1951,3,7,0,19.9,22.26,0.047,22.09,0.061,0.0118,0.0104
1952,3,8,1,19.6,24.96,0.325,24.38,0.233,0.0118,0.0104
1953,3,9,1,19.12,22.73,0.079,22.61,0.066,0.0118,0.0104
1954,3,10,1,18.5,21.63,-0.059,21.36,-0.057,0.0118,0.0104
1955,3,11,1,17.78,23.4,0.115,23.65,0.174,0.0118,0.0104
1956,3,12,1,17.0,23.94,0.191,24.29,0.223,0.0118,0.0104
1957,3,13,1,16.22,22.79,0.069,22.44,0.067,0.0118,0.0104
1958,3,14,1,15.5,23.46,0.157,23.38,0.113,0.0118,0.0104
1959,3,15,1,14.88,23.56,0.142,23.53,0.142,0.0118,0.0104
1960,3,16,1,14.4,22.41,0.073,22.27,0.015,0.0118,0.0104
1961,3,17,1,14.1,24.89,0.244,25.33,0.335,0.0118,0.0104
1962,3,18,1,14.0,21.52,0.053,21.43,-0.067,0.0118,0.0104
1963,3,19,0,14.1,23.04,0.054,23.2,0.095,0.0118,0.0104
1964,3,20,0,14.4,20.69,-0.273,20.43,-0.141,0.0118,0.0104
1965,3,21,0,14.88,25.58,0.287,25.63,0.343,0.0118,0.0104
1966,3,22,0,15.5,21.81,0.024,21.51,-0.025,0.0118,0.0104
1967,3,23,0,16.22,20.77,-0.047,20.98,-0.044,0.0118,0.0104
1968,3,0,0,17.0,26.8,0.621,26.53,0.442,0.0118,0.0104
1969,3,1,0,17.78,21.61,-0.068,21.71,-0.017,0.0118,0.0104
1970,3,2,0,18.5,20.52,-0.084,20.45,-0.157,0.0118,0.0104
1971,3,3,0,19.12,22.71,0.13,22.85,0.036,0.0118,0.0104
1972,3,4,0,19.6,23.38,0.146,23.3,0.161,0.0118,0.0104
1973,3,5,0,19.9,20.71,-0.226,20.4,-0.176,0.0118,0.0104
1974,3,6,0,20.0,24.5,0.183,24.46,0.231,0.0118,0.0104
1975,3,7,0,19.9,20.27,-0.154,19.93,-0.242,0.0118,0.0104
1976,3,8,0,19.6,24.17,0.221,24.15,0.206,0.0118,0.0104
1977,3,9,0,19.12,23.66,0.183,23.89,0.206,0.0118,0.0104
1978,3,10,0,18.5,22.18,0.001,22.34,0.035,0.0118,0.0104
1979,3,11,0,17.78,22.09,-0.026,21.95,0.009,0.0118,0.0104
1980,3,12,0,17.0,24.47,0.184,24.82,0.32,0.0118,0.0104
1981,3,13,0,16.22,22.02,-0.043,22.2,0.025,0.0118,0.0104
1982,3,14,0,15.5,22.97,0.127,22.53,0.093,0.0118,0.0104
1983,3,15,0,14.88,22.24,0.014,22.65,0.09,0.0118,0.0104
1984,3,16,0,14.4,19.17,-0.208,19.9,-0.219,0.0118,0.0104
1985,3,17,0,14.1,19.54,-0.318,19.63,-0.224,0.0118,0.0104
1986,3,18,0,14.0,23.12,0.168,22.83,0.108,0.0118,0.0104
1987,3,19,0,14.1,23.96,0.126,23.97,0.226,0.0118,0.0104
1988,3,20,0,14.4,22.09,0.077,21.68,0.031,0.0118,0.0104
1989,3,21,0,14.88,22.44,0.048,23.09,0.097,0.0118,0.0104
1990,3,22,0,15.5,21.55,-0.084,22.05,0.027,0.0118,0.0104
1991,3,23,0,16.22,21.66,0.018,21.52,-0.059,0.0118,0.0104
1992,3,0,0,17.0,21.89,0.069,22.23,0.043,0.0118,0.0104
1993,3,1,0,17.78,21.52,-0.044,21.36,-0.054,0.0118,0.0104
1994,3,2,0,18.5,21.02,-0.094,21.24,-0.128,0.0118,0.0104
1995,3,3,0,19.12,21.11,-0.093,20.96,-0.048,0.0118,0.0104
1996,3,4,0,19.6,22.86,0.097,22.61,0.05,0.0118,0.0104
1997,3,5,0,19.9,22.99,0.159,23.16,0.115,0.0118,0.0104
1998,3,6,0,20.0,24.96,0.26,25.23,0.389,0.0118,0.0104
1999,3,7,0,19.9,22.99,0.182,22.74,0.136,0.0118,0.0104
2000,3,8,0,19.6,22.45,0.036,22.3,0.051,0.0118,0.0104
2001,3,9,0,19.12,24.42,0.247,24.59,0.304,0.0118,0.0104
2002,3,10,0,18.5,22.03,-0.011,22.34,0.047,0.0118,0.0104
2003,3,11,0,17.78,22.33,0.014,22.31,0.072,0.0118,0.0104
2004,3,12,0,17.0,21.4,0.046,21.18,-0.053,0.0118,0.0104
2005,3,13,0,16.22,18.92,-0.398,18.75,-0.353,0.0118,0.0104
2006,3,14,0,15.5,17.79,-0.478,17.75,-0.423,0.0118,0.0104
2007,3,15,0,14.88,20.06,-0.215,20.09,-0.146,0.0118,0.0104
2008,3,16,0,14.4,24.62,0.245,24.85,0.345,0.0118,0.0104
2009,3,17,0,14.1,20.17,-0.187,19.75,-0.157,0.0118,0.0104
2010,3,18,0,14.0,22.2,-0.052,22.14,0.043,0.0118,0.0104
2011,3,19,0,14.1,23.93,0.162,24.17,0.195,0.0118,0.0104
2012,3,20,0,14.4,20.56,-0.198,20.59,-0.177,0.0118,0.0104
2013,3,21,0,14.88,21.86,-0.04,21.72,-0.014,0.0118,0.0104
2014,3,22,0,15.5,22.62,0.071,22.53,0.023,0.0118,0.0104
2015,3,23,0,16.22,22.66,-0.009,22.7,0.1,0.0118,0.0104
2016,3,0,0,17.0,21.18,-0.024,21.2,-0.052,0.0118,0.0104
2017,3,1,0,17.78,22.55,0.103,22.44,0.065,0.0118,0.0104
2018,3,2,0,18.5,21.57,-0.146,21.33,-0.062,0.0118,0.0104
2019,3,3,0,19.12,22.38,0.056,22.72,0.112,0.0118,0.0104
2020,3,4,0,19.6,21.45,-0.081,21.8,0.003,0.0118,0.0104
2021,3,5,0,19.9,20.31,-0.268,20.38,-0.17,0.0118,0.0104
2022,3,6,0,20.0,23.16,0.064,23.0,0.126,0.0118,0.0104
2023,3,7,0,19.9,22.34,0.037,22.2,0.099,0.0118,0.0104
2024,3,8,1,19.6,24.23,0.245,24.58,0.263,0.0118,0.0104
2025,3,9,1,19.12,18.91,-0.333,18.7,-0.386,0.0118,0.0104
2026,3,10,1,18.5,20.76,-0.126,20.17,-0.158,0.0118,0.0104
2027,3,11,1,17.78,24.16,0.168,24.28,0.17,0.0118,0.0104
2028,3,12,1,17.0,19.86,-0.258,19.48,-0.256,0.0118,0.0104
2029,3,13,1,16.22,20.98,-0.114,21.08,-0.092,0.0118,0.0104
2030,3,14,1,15.5,24.21,0.242,23.86,0.185,0.0118,0.0104
2031,3,15,1,14.88,22.0,0.044,22.27,-0.002,0.0118,0.0104
2032,3,16,1,14.4,22.23,0.009,22.31,0.049,0.0118,0.0104
2033,3,17,1,14.1,22.92,0.016,23.47,0.143,0.0118,0.0104
2034,3,18,1,14.0,21.14,-0.167,21.32,-0.058,0.0118,0.0104
2035,3,19,0,14.1,21.55,-0.117,21.33,-0.08,0.0118,0.0104
2036,3,20,0,14.4,24.13,0.244,24.12,0.262,0.0118,0.0104
2037,3,21,0,14.88,22.9,0.113,22.73,0.056,0.0118,0.0104
2038,3,22,0,15.5,21.74,0.021,21.29,-0.083,0.0118,0.0104
2039,3,23,0,16.22,22.77,0.099,22.46,0.023,0.0118,0.0104
2040,3,0,0,17.0,22.29,0.068,22.55,0.054,0.0118,0.0104
2041,3,1,0,17.78,19.85,-0.128,20.75,-0.104,0.0118,0.0104
2042,3,2,0,18.5,21.37,-0.09,21.34,-0.028,0.0118,0.0104
2043,3,3,0,19.12,22.89,0.066,22.66,0.099,0.0118,0.0104
2044,3,4,0,19.6,24.9,0.328,25.36,0.328,0.0118,0.0104
2045,3,5,0,19.9,17.64,-0.436,17.73,-0.423,0.0118,0.0104
2046,3,6,0,20.0,22.58,0.086,22.18,0.037,0.0118,0.0104
2047,3,7,0,19.9,23.52,0.183,23.81,0.168,0.0118,0.0104
2048,3,8,1,19.6,22.39,0.045,22.42,0.072,0.0118,0.0104
2049,3,9,1,19.12,23.47,0.257,24.09,0.211,0.0118,0.0104
2050,3,10,1,18.5,16.75,-0.553,17.12,-0.512,0.0118,0.0104
2051,3,11,1,17.78,21.9,0.021,21.77,-0.07,0.0118,0.0104
2052,3,12,1,17.0,20.88,-0.081,20.99,-0.082,0.0118,0.0104
2053,3,13,1,16.22,21.32,-0.093,21.03,-0.09,0.0118,0.0104
2054,3,14,1,15.5,24.73,0.262,24.11,0.171,0.0118,0.0104
2055,3,15,1,14.88,20.02,-0.171,20.31,-0.155,0.0118,0.0104
2056,3,16,1,14.4,23.88,0.167,23.74,0.239,0.0118,0.0104
2057,3,17,1,14.1,22.13,0.013,22.35,-0.02,0.0118,0.0104
2058,3,18,1,14.0,19.43,-0.204,19.26,-0.25,0.0118,0.0104
2059,3,19,0,14.1,23.87,0.268,23.58,0.129,0.0118,0.0104
2060,3,20,0,14.4,22.82,0.073,22.82,0.122,0.0118,0.0104
2061,3,21,0,14.88,21.44,-0.055,21.04,-0.108,0.0118,0.0104
2062,3,22,0,15.5,27.57,0.536,27.77,0.545,0.0118,0.0104
2063,3,23,0,16.22,19.68,-0.226,19.37,-0.22,0.0118,0.0104
2064,3,0,0,17.0,24.18,0.202,24.25,0.233,0.0118,0.0104
2065,3,1,0,17.78,21.72,-0.037,22.24,0.021,0.0118,0.0104
2066,3,2,0,18.5,19.18,-0.241,19.12,-0.32,0.0118,0.0104
2067,3,3,0,19.12,21.37,-0.136,21.61,-0.007,0.0118,0.0104
2068,3,4,0,19.6,21.7,-0.086,21.59,-0.03,0.0118,0.0104
2069,3,5,0,19.9,26.19,0.376,26.42,0.476,0.0118,0.0104
2070,3,6,0,20.0,22.02,0.043,22.44,-0.045,0.0118,0.0104
2071,3,7,0,19.9,20.99,-0.093,21.28,-0.103,0.0118,0.0104
2072,3,8,1,19.6,21.55,-0.049,20.98,-0.036,0.0118,0.0104
2073,3,9,1,19.12,23.71,0.215,24.36,0.267,0.0118,0.0104
2074,3,10,1,18.5,25.46,0.337,25.57,0.388,0.0118,0.0104
2075,3,11,1,17.78,24.68,0.232,24.54,0.258,0.0118,0.0104
2076,3,12,1,17.0,23.75,0.104,23.99,0.256,0.0118,0.0104
2077,3,13,1,16.22,21.54,-0.091,21.46,0.027,0.0118,0.0104
2078,3,14,1,15.5,22.86,0.13,22.61,0.084,0.0118,0.0104
2079,3,15,1,14.88,22.22,-0.019,22.47,0.032,0.0118,0.0104
2080,3,16,1,14.4,19.48,-0.161,19.09,-0.242,0.0118,0.0104
2081,3,17,1,14.1,22.6,0.052,23.1,0.102,0.0118,0.0104
2082,3,18,1,14.0,22.58,0.048,22.55,0.089,0.0118,0.0104
2083,3,19,0,14.1,22.73,0.124,22.94,0.106,0.0118,0.0104
2084,3,20,0,14.4,21.04,-0.088,20.64,-0.141,0.0118,0.0104
2085,3,21,0,14.88,22.63,0.192,22.63,0.023,0.0118,0.0104
2086,3,22,0,15.5,19.52,-0.267,19.61,-0.229,0.0118,0.0104
2087,3,23,0,16.22,23.38,0.062,23.76,0.159,0.0118,0.0104
2088,3,0,0,17.0,23.14,0.224,23.37,0.166,0.0118,0.0104
2089,3,1,0,17.78,22.41,0.013,22.15,-0.003,0.0118,0.0104
2090,3,2,0,18.5,23.48,0.082,23.56,0.143,0.0118,0.0104
2091,3,3,0,19.12,23.82,0.21,23.92,0.204,0.0118,0.0104
2092,3,4,0,19.6,24.94,0.275,25.01,0.274,0.0118,0.0104
2093,3,5,0,19.9,22.87,0.078,22.14,0.008,0.0118,0.0104
2094,3,6,0,20.0,20.45,-0.114,20.17,-0.176,0.0118,0.0104
2095,3,7,0,19.9,22.65,0.07,22.74,0.112,0.0118,0.0104
2096,3,8,1,19.6,22.69,0.15,22.25,0.036,0.0118,0.0104
2097,3,9,1,19.12,21.62,-0.019,21.24,-0.08,0.0118,0.0104
2098,3,10,1,18.5,24.86,0.244,24.76,0.303,0.0118,0.0104
2099,3,11,1,17.78,23.89,0.223,23.94,0.193,0.0118,0.0104
2100,3,12,1,17.0,22.85,0.116,23.2,0.115,0.0118,0.0104
2101,3,13,1,16.22,24.53,0.355,23.82,0.131,0.0118,0.0104
2102,3,14,1,15.5,21.56,-0.051,21.55,-0.015,0.0118,0.0104
2103,3,15,1,14.88,20.91,-0.138,20.99,-0.092,0.0118,0.0104
2104,3,16,1,14.4,22.4,0.013,22.43,0.028,0.0118,0.0104
2105,3,17,1,14.1,22.93,0.063,23.21,0.095,0.0118,0.0104
2106,3,18,1,14.0,23.42,0.184,23.41,0.114,0.0118,0.0104
2107,3,19,0,14.1,19.83,-0.255,19.67,-0.235,0.0118,0.0104
2108,3,20,0,14.4,21.54,-0.06,21.77,-0.019,0.0118,0.0104
2109,3,21,0,14.88,22.74,0.072,22.79,0.095,0.0118,0.0104
2110,3,22,0,15.5,21.31,-0.081,21.73,-0.067,0.0118,0.0104
2111,3,23,0,16.22,22.78,0.111,22.53,0.119,0.0118,0.0104
2112,3,0,0,17.0,21.32,-0.156,21.42,-0.044,0.0118,0.0104
2113,3,1,0,17.78,21.17,-0.138,20.98,-0.08,0.0118,0.0104
2114,3,2,0,18.5,24.01,0.158,24.02,0.249,0.0118,0.0104
2115,3,3,0,19.12,21.37,-0.04,20.73,-0.161,0.0118,0.0104
2116,3,4,0,19.6,23.98,0.228,23.87,0.229,0.0118,0.0104
2117,3,5,0,19.9,20.69,-0.135,20.52,-0.102,0.0118,0.0104
2118,3,6,0,20.0,21.51,-0.025,21.33,-0.084,0.0118,0.0104
2119,3,7,0,19.9,22.73,0.184,22.26,-0.014,0.0118,0.0104
2120,3,8,1,19.6,22.02,0.097,22.01,-0.039,0.0118,0.0104
2121,3,9,1,19.12,25.48,0.368,25.7,0.341,0.0118,0.0104
2122,3,10,1,18.5,23.36,0.199,23.14,0.085,0.0118,0.0104
2123,3,11,1,17.78,22.33,-0.016,22.16,0.039,0.0118,0.0104
2124,3,12,1,17.0,23.3,0.041,23.67,0.199,0.0118,0.0104
2125,3,13,1,16.22,26.26,0.521,26.12,0.404,0.0118,0.0104
2126,3,14,1,15.5,20.44,-0.103,20.35,-0.19,0.0118,0.0104
2127,3,15,1,14.88,21.6,-0.04,21.78,-0.005,0.0118,0.0104
2128,3,16,1,14.4,22.86,0.064,23.0,0.107,0.0118,0.0104
2129,3,17,1,14.1,21.11,-0.121,21.5,-0.017,0.0118,0.0104
2130,3,18,1,14.0,22.15,-0.01,22.21,-0.009,0.0118,0.0104
2131,3,19,0,14.1,19.88,-0.228,19.57,-0.237,0.0118,0.0104
2132,3,20,0,14.4,24.02,0.157,23.88,0.145,0.0118,0.0104
2133,3,21,0,14.88,23.22,0.185,23.64,0.185,0.0118,0.0104
2134,3,22,0,15.5,23.46,0.162,23.97,0.216,0.0118,0.0104
2135,3,23,0,16.22,22.02,-0.032,21.61,-0.039,0.0118,0.0104
2136,3,0,0,17.0,22.59,0.063,23.17,0.152,0.0118,0.0104
2137,3,1,0,17.78,21.85,-0.082,21.75,-0.047,0.0118,0.0104
2138,3,2,0,18.5,23.29,0.176,23.29,0.135,0.0118,0.0104
2139,3,3,0,19.12,21.97,-0.008,22.62,0.096,0.0118,0.0104
2140,3,4,0,19.6,21.9,0.036,22.11,0.017,0.0118,0.0104
2141,3,5,0,19.9,18.97,-0.242,18.97,-0.287,0.0118,0.0104
2142,3,6,0,20.0,23.17,0.081,22.65,0.078,0.0118,0.0104
2143,3,7,0,19.9,23.12,0.104,23.48,0.16,0.0118,0.0104
2144,3,8,0,19.6,22.52,-0.06,22.23,0.036,0.0118,0.0104
2145,3,9,0,19.12,22.76,-0.005,22.58,0.076,0.0118,0.0104
2146,3,10,0,18.5,22.1,0.103,22.27,-0.037,0.0118,0.0104
2147,3,11,0,17.78,21.45,0.018,21.39,-0.11,0.0118,0.0104
2148,3,12,0,17.0,25.4,0.336,25.44,0.339,0.0118,0.0104
2149,3,13,0,16.22,21.85,-0.069,22.16,0.026,0.0118,0.0104
2150,3,14,0,15.5,21.92,0.122,21.7,-0.018,0.0118,0.0104
2151,3,15,0,14.88,23.42,0.071,23.76,0.229,0.0118,0.0104
2152,3,16,0,14.4,18.74,-0.349,18.51,-0.332,0.0118,0.0104
2153,3,17,0,14.1,22.83,0.082,22.78,0.048,0.0118,0.0104
2154,3,18,0,14.0,20.25,-0.14,20.47,-0.105,0.0118,0.0104
2155,3,19,0,14.1,21.31,-0.083,21.52,-0.012,0.0118,0.0104
2156,3,20,0,14.4,24.03,0.186,24.1,0.238,0.0118,0.0104
2157,3,21,0,14.88,23.47,0.081,23.27,0.118,0.0118,0.0104
2158,3,22,0,15.5,24.77,0.222,25.12,0.277,0.0118,0.0104
2159,3,23,0,16.22,24.41,0.267,24.07,0.189,0.0118,0.0104
2160,4,0,0,18.07,24.93,0.35,24.69,0.275,0.013,0.0114
2161,4,1,0,18.85,22.88,-0.022,22.29,0.022,0.013,0.0114
2162,4,2,0,19.57,22.87,0.033,22.53,0.07,0.013,0.0114
2163,4,3,0,20.19,23.34,0.173,23.3,0.095,0.013,0.0114
2164,4,4,0,20.67,21.97,0.0,22.46,0.05,0.013,0.0114
2165,4,5,0,20.97,25.96,0.436,25.54,0.404,0.013,0.0114
2166,4,6,0,21.07,22.01,-0.048,22.27,0.006,0.013,0.0114
2167,4,7,0,20.97,23.08,0.164,23.32,0.179,0.013,0.0114
2168,4,8,0,20.67,22.4,0.023,22.76,0.103,0.013,0.0114
2169,4,9,0,20.19,22.81,0.102,22.94,0.046,0.013,0.0114
2170,4,10,0,19.57,20.81,-0.203,20.84,-0.091,0.013,0.0114
2171,4,11,0,18.85,23.81,0.125,23.91,0.232,0.013,0.0114
2172,4,12,0,18.07,25.56,0.381,25.6,0.366,0.013,0.0114
2173,4,13,0,17.3,23.3,0.128,23.26,0.153,0.013,0.0114
2174,4,14,0,16.57,26.02,0.397,25.6,0.324,0.013,0.0114
2175,4,15,0,15.95,24.89,0.217,24.71,0.29,0.013,0.0114
2176,4,16,0,15.47,25.12,0.322,25.32,0.344,0.013,0.0114
2177,4,17,0,15.17,24.62,0.257,24.36,0.222,0.013,0.0114
2178,4,18,0,15.07,20.75,-0.07,20.65,-0.118,0.013,0.0114
2179,4,19,0,15.17,23.47,0.173,23.51,0.127,0.013,0.0114
2180,4,20,0,15.47,22.04,0.017,22.09,0.019,0.013,0.0114
2181,4,21,0,15.95,22.29,0.187,22.18,0.045,0.013,0.0114
2182,4,22,0,16.57,23.12,0.089,23.05,0.101,0.013,0.0114
2183,4,23,0,17.3,22.94,0.015,22.38,0.018,0.013,0.0114
2184,4,0,0,18.07,22.81,0.155,22.74,0.029,0.013,0.0114
2185,4,1,0,18.85,21.37,-0.056,21.83,0.009,0.013,0.0114
2186,4,2,0,19.57,25.58,0.353,25.37,0.329,0.013,0.0114
2187,4,3,0,20.19,19.57,-0.199,19.47,-0.236,0.013,0.0114
2188,4,4,0,20.67,23.43,0.11,23.32,0.17,0.013,0.0114
2189,4,5,0,20.97,21.75,-0.016,21.84,0.028,0.013,0.0114
2190,4,6,0,21.07,23.96,0.136,23.57,0.174,0.013,0.0114
2191,4,7,0,20.97,22.4,0.091,22.27,0.032,0.013,0.0114
2192,4,8,1,20.67,22.58,0.039,22.81,0.128,0.013,0.0114
2193,4,9,1,20.19,21.32,0.003,21.52,-0.09,0.013,0.0114
2194,4,10,1,19.57,21.98,0.056,22.33,0.028,0.013,0.0114
2195,4,11,1,18.85,21.4,-0.001,21.68,-0.066,0.013,0.0114
2196,4,12,1,18.07,20.69,-0.099,20.76,-0.133,0.013,0.0114
2197,4,13,1,17.3,23.52,0.046,23.31,0.118,0.013,0.0114
2198,4,14,1,16.57,22.59,0.002,22.51,-0.003,0.013,0.0114
2199,4,15,1,15.95,21.73,0.036,22.0,0.035,0.013,0.0114
2200,4,16,1,15.47,21.28,-0.048,20.93,-0.088,0.013,0.0114
2201,4,17,1,15.17,23.1,0.067,22.5,0.049,0.013,0.0114
2202,4,18,1,15.07,23.23,0.13,23.46,0.156,0.013,0.0114
2203,4,19,0,15.17,22.63,0.078,22.83,0.085,0.013,0.0114
2204,4,20,0,15.47,22.1,0.034,22.12,0.02,0.013,0.0114
2205,4,21,0,15.95,23.07,0.12,23.47,0.128,0.013,0.0114
2206,4,22,0,16.57,23.83,0.128,23.42,0.152,0.013,0.0114
2207,4,23,0,17.3,23.27,0.108,22.9,0.072,0.013,0.0114
2208,4,0,0,18.07,21.77,0.012,22.05,0.005,0.013,0.0114
2209,4,1,0,18.85,21.68,0.039,21.28,-0.055,0.013,0.0114
2210,4,2,0,19.57,21.44,-0.06,21.66,-0.043,0.013,0.0114
2211,4,3,0,20.19,23.15,0.098,22.93,0.097,0.013,0.0114
2212,4,4,0,20.67,21.75,0.069,21.95,-0.027,0.013,0.0114
2213,4,5,0,20.97,20.0,-0.207,19.4,-0.28,0.013,0.0114
2214,4,6,0,21.07,22.81,0.001,22.85,0.031,0.013,0.0114
2215,4,7,0,20.97,22.94,0.073,22.98,0.049,0.013,0.0114
2216,4,8,1,20.67,23.21,0.135,23.59,0.133,0.013,0.0114
2217,4,9,1,20.19,22.57,0.11,22.16,0.018,0.013,0.0114
2218,4,10,1,19.57,19.85,-0.192,19.76,-0.234,0.013,0.0114
2219,4,11,1,18.85,22.09,0.037,21.72,-0.048,0.013,0.0114
2220,4,12,1,18.07,19.27,-0.224,19.15,-0.296,0.013,0.0114
2221,4,13,1,17.3,25.11,0.328,25.24,0.32,0.013,0.0114
2222,4,14,1,16.57,22.4,0.025,22.32,0.048,0.013,0.0114
2223,4,15,1,15.95,21.1,-0.147,20.77,-0.061,0.013,0.0114
2224,4,16,1,15.47,23.3,0.077,23.39,0.157,0.013,0.0114
2225,4,17,1,15.17,22.33,-0.016,22.39,0.044,0.013,0.0114
2226,4,18,1,15.07,21.86,0.023,21.63,-0.083,0.013,0.0114
2227,4,19,0,15.17,23.35,0.091,23.55,0.131,0.013,0.0114
2228,4,20,0,15.47,22.17,0.009,22.25,0.038,0.013,0.0114
2229,4,21,0,15.95,25.14,0.229,24.99,0.324,0.013,0.0114
2230,4,22,0,16.57,25.02,0.248,25.14,0.311,0.013,0.0114
2231,4,23,0,17.3,20.82,-0.185,21.02,-0.107,0.013,0.0114
2232,4,0,0,18.07,20.99,-0.119,21.03,-0.092,0.013,0.0114
2233,4,1,0,18.85,22.53,0.085,22.24,0.022,0.013,0.0114
2234,4,2,0,19.57,21.02,-0.074,21.69,-0.036,0.013,0.0114
2235,4,3,0,20.19,24.62,0.255,25.18,0.328,0.013,0.0114
2236,4,4,0,20.67,21.02,-0.108,20.97,-0.097,0.013,0.0114
2237,4,5,0,20.97,23.0,0.112,23.17,0.08,0.013,0.0114
2238,4,6,0,21.07,21.09,-0.105,20.93,-0.076,0.013,0.0114
2239,4,7,0,20.97,20.76,-0.077,20.65,-0.144,0.013,0.0114
2240,4,8,1,20.67,23.19,0.132,23.15,0.108,0.013,0.0114
2241,4,9,1,20.19,23.5,0.132,23.04,0.113,0.013,0.0114
2242,4,10,1,19.57,23.3,0.111,23.75,0.219,0.013,0.0114
2243,4,11,1,18.85,21.51,-0.008,21.91,-0.036,0.013,0.0114
2244,4,12,1,18.07,22.96,0.127,22.95,0.088,0.013,0.0114
2245,4,13,1,17.3,22.04,-0.001,22.45,0.07,0.013,0.0114
2246,4,14,1,16.57,22.16,-0.018,22.66,0.048,0.013,0.0114
2247,4,15,1,15.95,24.79,0.359,24.65,0.292,0.013,0.0114
2248,4,16,1,15.47,22.27,0.026,21.72,-0.025,0.013,0.0114
2249,4,17,1,15.17,24.25,0.191,24.73,0.297,0.013,0.0114
2250,4,18,1,15.07,23.65,0.19,23.97,0.139,0.013,0.0114
2251,4,19,0,15.17,22.27,0.017,21.92,0.021,0.013,0.0114
2252,4,20,0,15.47,22.96,0.113,23.3,0.091,0.013,0.0114
2253,4,21,0,15.95,18.72,-0.339,18.76,-0.353,0.013,0.0114
2254,4,22,0,16.57,19.95,-0.215,19.73,-0.207,0.013,0.0114
2255,4,23,0,17.3,22.78,0.027,23.27,0.153,0.013,0.0114
2256,4,0,0,18.07,22.57,0.035,22.78,0.11,0.013,0.0114
2257,4,1,0,18.85,22.94,0.094,22.74,0.067,0.013,0.0114
2258,4,2,0,19.57,23.23,0.122,22.88,0.1,0.013,0.0114
2259,4,3,0,20.19,22.55,0.094,22.95,0.095,0.013,0.0114
2260,4,4,0,20.67,22.83,0.103,22.91,0.037,0.013,0.0114
2261,4,5,0,20.97,22.05,0.069,21.6,-0.042,0.013,0.0114
2262,4,6,0,21.07,22.21,0.042,22.48,0.014,0.013,0.0114
2263,4,7,0,20.97,22.39,-0.048,22.29,0.009,0.013,0.0114
2264,4,8,1,20.67,22.22,-0.052,22.19,0.054,0.013,0.0114
2265,4,9,1,20.19,22.35,0.055,22.36,0.012,0.013,0.0114
2266,4,10,1,19.57,23.18,0.074,23.07,0.125,0.013,0.0114
2267,4,11,1,18.85,24.74,0.32,24.95,0.28,0.013,0.0114
2268,4,12,1,18.07,20.1,-0.087,20.55,-0.099,0.013,0.0114
2269,4,13,1,17.3,22.0,-0.054,21.65,-0.086,0.013,0.0114
2270,4,14,1,16.57,22.34,0.027,22.82,0.091,0.013,0.0114
2271,4,15,1,15.95,24.56,0.358,24.44,0.304,0.013,0.0114
2272,4,16,1,15.47,22.3,0.065,22.13,0.003,0.013,0.0114
2273,4,17,1,15.17,20.77,-0.063,21.15,-0.08,0.013,0.0114
2274,4,18,1,15.07,20.61,-0.134,20.24,-0.191,0.013,0.0114
2275,4,19,0,15.17,21.99,0.035,22.29,0.071,0.013,0.0114
2276,4,20,0,15.47,21.01,-0.061,20.91,-0.095,0.013,0.0114
2277,4,21,0,15.95,24.8,0.372,24.92,0.309,0.013,0.0114
2278,4,22,0,16.57,24.09,0.21,24.0,0.227,0.013,0.0114
2279,4,23,0,17.3,24.92,0.288,25.14,0.355,0.013,0.0114
2280,4,0,0,18.07,19.21,-0.245,18.79,-0.321,0.013,0.0114
2281,4,1,0,18.85,23.41,0.169,23.43,0.118,0.013,0.0114
2282,4,2,0,19.57,23.36,0.197,23.65,0.226,0.013,0.0114
2283,4,3,0,20.19,22.87,0.01,22.95,0.079,0.013,0.0114
2284,4,4,0,20.67,22.21,-0.01,22.53,0.076,0.013,0.0114
2285,4,5,0,20.97,22.5,0.062,22.44,0.033,0.013,0.0114
2286,4,6,0,21.07,21.86,-0.027,21.35,-0.08,0.013,0.0114
2287,4,7,0,20.97,21.73,0.006,21.85,-0.008,0.013,0.0114
2288,4,8,1,20.67,23.99,0.185,24.17,0.203,0.013,0.0114
2289,4,9,1,20.19,22.97,0.167,23.14,0.15,0.013,0.0114
2290,4,10,1,19.57,21.69,0.002,21.66,-0.002,0.013,0.0114
2291,4,11,1,18.85,23.91,0.128,23.89,0.159,0.013,0.0114
2292,4,12,1,18.07,22.91,0.036,23.01,0.102,0.013,0.0114
2293,4,13,1,17.3,23.45,0.2,23.1,0.099,0.013,0.0114
2294,4,14,1,16.57,24.39,0.187,24.23,0.209,0.013,0.0114
2295,4,15,1,15.95,22.36,0.025,22.24,0.034,0.013,0.0114
2296,4,16,1,15.47,22.24,-0.061,22.22,0.034,0.013,0.0114
2297,4,17,1,15.17,22.37,-0.01,22.85,0.031,0.013,0.0114
2298,4,18,1,15.07,23.43,0.092,23.53,0.107,0.013,0.0114
2299,4,19,0,15.17,24.81,0.156,25.23,0.309,0.013,0.0114
2300,4,20,0,15.47,25.0,0.275,24.85,0.277,0.013,0.0114
2301,4,21,0,15.95,20.82,-0.066,20.31,-0.225,0.013,0.0114
2302,4,22,0,16.57,22.87,0.015,23.14,0.086,0.013,0.0114
2303,4,23,0,17.3,24.32,0.201,24.48,0.284,0.013,0.0114
2304,4,0,0,18.07,24.31,0.186,24.39,0.227,0.013,0.0114
2305,4,1,0,18.85,22.93,0.14,22.87,0.041,0.013,0.0114
2306,4,2,0,19.57,20.26,-0.199,20.31,-0.188,0.013,0.0114
2307,4,3,0,20.19,19.85,-0.218,19.85,-0.195,0.013,0.0114
2308,4,4,0,20.67,22.6,0.119,22.56,0.017,0.013,0.0114
2309,4,5,0,20.97,23.3,0.089,22.8,0.044,0.013,0.0114
2310,4,6,0,21.07,23.67,0.167,23.65,0.132,0.013,0.0114
2311,4,7,0,20.97,22.05,0.024,21.82,-0.048,0.013,0.0114
2312,4,8,0,20.67,24.49,0.209,23.99,0.25,0.013,0.0114
2313,4,9,0,20.19,21.85,-0.004,21.45,-0.069,0.013,0.0114
2314,4,10,0,19.57,21.25,0.063,20.92,-0.116,0.013,0.0114
2315,4,11,0,18.85,19.61,-0.208,20.06,-0.217,0.013,0.0114
2316,4,12,0,18.07,21.1,-0.102,21.3,-0.128,0.013,0.0114
2317,4,13,0,17.3,25.18,0.393,25.05,0.343,0.013,0.0114
2318,4,14,0,16.57,21.0,-0.133,21.31,-0.125,0.013,0.0114
2319,4,15,0,15.95,21.86,-0.037,21.98,-0.011,0.013,0.0114
2320,4,16,0,15.47,24.22,0.179,24.25,0.246,0.013,0.0114
2321,4,17,0,15.17,22.8,0.101,22.04,0.016,0.013,0.0114
2322,4,18,0,15.07,22.53,0.019,22.8,0.09,0.013,0.0114
2323,4,19,0,15.17,20.15,-0.087,20.27,-0.203,0.013,0.0114
2324,4,20,0,15.47,21.36,-0.057,21.15,-0.117,0.013,0.0114
2325,4,21,0,15.95,23.13,0.14,23.39,0.086,0.013,0.0114
2326,4,22,0,16.57,23.99,0.241,24.27,0.239,0.013,0.0114
2327,4,23,0,17.3,22.83,0.179,23.14,0.085,0.013,0.0114
2328,4,0,0,18.07,24.12,0.205,24.09,0.163,0.013,0.0114
2329,4,1,0,18.85,22.07,-0.016,21.77,-0.056,0.013,0.0114
2330,4,2,0,19.57,21.83,-0.012,21.7,-0.078,0.013,0.0114
2331,4,3,0,20.19,20.33,-0.207,20.44,-0.124,0.013,0.0114
2332,4,4,0,20.67,22.84,0.154,23.02,0.093,0.013,0.0114
2333,4,5,0,20.97,21.64,-0.011,21.9,-0.016,0.013,0.0114
2334,4,6,0,21.07,24.59,0.26,24.52,0.253,0.013,0.0114
2335,4,7,0,20.97,21.1,-0.02,21.12,-0.075,0.013,0.0114
2336,4,8,0,20.67,22.55,0.071,22.5,0.072,0.013,0.0114
2337,4,9,0,20.19,23.41,0.158,23.31,0.146,0.013,0.0114
2338,4,10,0,19.57,20.99,-0.209,21.04,-0.082,0.013,0.0114
2339,4,11,0,18.85,23.49,0.129,23.71,0.181,0.013,0.0114
2340,4,12,0,18.07,24.64,0.262,25.06,0.31,0.013,0.0114
2341,4,13,0,17.3,24.17,0.2,23.72,0.212,0.013,0.0114
2342,4,14,0,16.57,23.96,0.121,24.07,0.206,0.013,0.0114
2343,4,15,0,15.95,21.62,-0.079,21.71,-0.059,0.013,0.0114
2344,4,16,0,15.47,19.4,-0.28,19.77,-0.218,0.013,0.0114
2345,4,17,0,15.17,22.5,-0.013,22.18,-0.013,0.013,0.0114
2346,4,18,0,15.07,21.42,-0.098,21.53,0.005,0.013,0.0114
2347,4,19,0,15.17,24.04,0.198,24.28,0.274,0.013,0.0114
2348,4,20,0,15.47,22.17,0.026,22.16,0.037,0.013,0.0114
2349,4,21,0,15.95,23.46,0.119,23.31,0.15,0.013,0.0114
2350,4,22,0,16.57,23.57,0.078,23.45,0.139,0.013,0.0114
2351,4,23,0,17.3,23.44,0.084,23.98,0.185,0.013,0.0114
2352,4,0,0,18.07,21.92,-0.01,22.32,0.005,0.013,0.0114
2353,4,1,0,18.85,23.34,0.073,23.22,0.095,0.013,0.0114
2354,4,2,0,19.57,25.1,0.315,25.22,0.314,0.013,0.0114
2355,4,3,0,20.19,22.94,0.108,23.02,0.106,0.013,0.0114
2356,4,4,0,20.67,23.8,0.131,23.81,0.163,0.013,0.0114
2357,4,5,0,20.97,19.53,-0.204,20.14,-0.211,0.013,0.0114
2358,4,6,0,21.07,22.08,0.085,21.89,-0.054,0.013,0.0114
2359,4,7,0,20.97,22.67,0.109,22.64,0.061,0.013,0.0114
2360,4,8,1,20.67,19.86,-0.262,19.79,-0.219,0.013,0.0114
2361,4,9,1,20.19,24.65,0.225,24.13,0.196,0.013,0.0114
2362,4,10,1,19.57,21.93,-0.016,22.15,0.027,0.013,0.0114
2363,4,11,1,18.85,21.56,-0.005,21.63,-0.059,0.013,0.0114
2364,4,12,1,18.07,23.67,0.219,23.69,0.163,0.013,0.0114
2365,4,13,1,17.3,23.07,0.102,23.06,0.114,0.013,0.0114
2366,4,14,1,16.57,23.31,0.202,22.93,0.037,0.013,0.0114
2367,4,15,1,15.95,21.47,-0.032,21.44,-0.008,0.013,0.0114
2368,4,16,1,15.47,19.71,-0.335,19.56,-0.243,0.013,0.0114
2369,4,17,1,15.17,22.91,0.097,23.38,0.17,0.013,0.0114
2370,4,18,1,15.07,23.38,0.067,23.25,0.133,0.013,0.0114
2371,4,19,0,15.17,20.26,-0.182,20.65,-0.099,0.013,0.0114
2372,4,20,0,15.47,21.78,-0.012,21.86,-0.015,0.013,0.0114
2373,4,21,0,15.95,21.85,-0.061,21.97,-0.039,0.013,0.0114
2374,4,22,0,16.57,24.36,0.24,24.58,0.308,0.013,0.0114
2375,4,23,0,17.3,22.1,0.019,22.5,0.019,0.013,0.0114
2376,4,0,0,18.07,25.27,0.321,25.57,0.379,0.013,0.0114
2377,4,1,0,18.85,21.89,-0.13,22.14,-0.016,0.013,0.0114
2378,4,2,0,19.57,23.97,0.207,23.89,0.149,0.013,0.0114
2379,4,3,0,20.19,25.27,0.317,25.63,0.351,0.013,0.0114
2380,4,4,0,20.67,24.04,0.252,24.64,0.329,0.013,0.0114
2381,4,5,0,20.97,21.12,-0.148,20.87,-0.1,0.013,0.0114
2382,4,6,0,21.07,22.76,0.117,22.72,0.109,0.013,0.0114
2383,4,7,0,20.97,20.21,-0.138,20.03,-0.211,0.013,0.0114
2384,4,8,1,20.67,21.3,-0.134,21.61,-0.048,0.013,0.0114
2385,4,9,1,20.19,22.99,0.138,22.82,0.065,0.013,0.0114
2386,4,10,1,19.57,24.61,0.295,24.58,0.28,0.013,0.0114
2387,4,11,1,18.85,21.56,-0.026,20.94,-0.104,0.013,0.0114
2388,4,12,1,18.07,23.33,0.112,23.27,0.187,0.013,0.0114
2389,4,13,1,17.3,20.29,-0.2,20.51,-0.159,0.013,0.0114
2390,4,14,1,16.57,22.02,0.031,21.78,0.02,0.013,0.0114
2391,4,15,1,15.95,23.21,0.071,23.24,0.139,0.013,0.0114
2392,4,16,1,15.47,25.73,0.355,25.62,0.345,0.013,0.0114
2393,4,17,1,15.17,21.77,-0.003,20.94,-0.131,0.013,0.0114
2394,4,18,1,15.07,20.08,-0.246,20.31,-0.179,0.013,0.0114
2395,4,19,0,15.17,24.7,0.193,24.28,0.236,0.013,0.0114
2396,4,20,0,15.47,24.22,0.243,23.75,0.193,0.013,0.0114
2397,4,21,0,15.95,19.41,-0.215,19.65,-0.244,0.013,0.0114
2398,4,22,0,16.57,24.38,0.243,24.72,0.258,0.013,0.0114
2399,4,23,0,17.3,21.04,-0.067,21.03,-0.107,0.013,0.0114
2400,4,0,0,18.07,19.2,-0.27,19.58,-0.253,0.013,0.0114
2401,4,1,0,18.85,23.79,0.038,24.24,0.237,0.013,0.0114
2402,4,2,0,19.57,20.36,-0.158,20.51,-0.13,0.013,0.0114
2403,4,3,0,20.19,21.75,-0.047,21.19,-0.069,0.013,0.0114
2404,4,4,0,20.67,24.02,0.254,23.67,0.148,0.013,0.0114
2405,4,5,0,20.97,23.04,0.113,22.89,0.116,0.013,0.0114
2406,4,6,0,21.07,20.66,-0.125,20.46,-0.082,0.013,0.0114
2407,4,7,0,20.97,21.21,0.021,21.82,-0.021,0.013,0.0114
2408,4,8,1,20.67,22.05,0.002,21.85,-0.058,0.013,0.0114
2409,4,9,1,20.19,22.39,0.008,22.83,0.076,0.013,0.0114
2410,4,10,1,19.57,19.95,-0.192,20.06,-0.192,0.013,0.0114
2411,4,11,1,18.85,22.17,0.043,22.09,0.008,0.013,0.0114
2412,4,12,1,18.07,22.97,0.153,23.04,0.124,0.013,0.0114
2413,4,13,1,17.3,22.79,0.1,23.24,0.164,0.013,0.0114
2414,4,14,1,16.57,23.41,0.206,22.86,0.09,0.013,0.0114
2415,4,15,1,15.95,22.42,0.025,22.51,0.057,0.013,0.0114
2416,4,16,1,15.47,21.61,-0.044,21.99,-0.012,0.013,0.0114
2417,4,17,1,15.17,21.11,-0.079,21.19,-0.069,0.013,0.0114
2418,4,18,1,15.07,20.96,-0.073,20.48,-0.108,0.013,0.0114
2419,4,19,0,15.17,20.96,-0.09,21.44,-0.056,0.013,0.0114
2420,4,20,0,15.47,21.9,0.04,21.49,-0.074,0.013,0.0114
2421,4,21,0,15.95,21.33,-0.161,21.63,-0.083,0.013,0.0114
2422,4,22,0,16.57,22.47,0.072,22.56,0.047,0.013,0.0114
2423,4,23,0,17.3,26.3,0.418,26.23,0.399,0.013,0.0114
2424,4,0,0,18.07,22.69,0.129,22.87,0.042,0.013,0.0114
2425,4,1,0,18.85,22.13,0.042,22.27,0.027,0.013,0.0114
2426,4,2,0,19.57,23.31,0.209,23.07,0.137,0.013,0.0114
2427,4,3,0,20.19,20.48,-0.204,20.16,-0.164,0.013,0.0114
2428,4,4,0,20.67,20.57,-0.12,20.47,-0.155,0.013,0.0114
2429,4,5,0,20.97,22.89,0.119,22.57,0.038,0.013,0.0114
2430,4,6,0,21.07,22.01,0.006,22.08,0.009,0.013,0.0114
2431,4,7,0,20.97,21.37,-0.062,21.28,-0.113,0.013,0.0114
2432,4,8,1,20.67,21.81,-0.083,21.92,0.027,0.013,0.0114
2433,4,9,1,20.19,24.4,0.308,24.03,0.199,0.013,0.0114
2434,4,10,1,19.57,23.13,0.159,22.98,0.11,0.013,0.0114
2435,4,11,1,18.85,21.28,-0.145,20.93,-0.101,0.013,0.0114
2436,4,12,1,18.07,23.36,0.13,23.55,0.121,0.013,0.0114
2437,4,13,1,17.3,21.48,-0.077,21.82,-0.013,0.013,0.0114
2438,4,14,1,16.57,20.89,-0.134,20.99,-0.07,0.013,0.0114
2439,4,15,1,15.95,23.66,0.16,23.51,0.135,0.013,0.0114
2440,4,16,1,15.47,20.37,-0.153,20.11,-0.179,0.013,0.0114
2441,4,17,1,15.17,22.72,0.119,22.63,0.065,0.013,0.0114
2442,4,18,1,15.07,23.55,-0.041,23.02,0.111,0.013,0.0114
2443,4,19,0,15.17,20.36,-0.179,20.3,-0.122,0.013,0.0114
2444,4,20,0,15.47,23.1,0.152,23.15,0.126,0.013,0.0114
2445,4,21,0,15.95,21.81,-0.074,22.13,0.023,0.013,0.0114
2446,4,22,0,16.57,20.18,-0.172,20.24,-0.126,0.013,0.0114
2447,4,23,0,17.3,20.15,-0.144,19.97,-0.193,0.013,0.0114
2448,4,0,0,18.07,22.77,0.048,22.48,0.086,0.013,0.0114
2449,4,1,0,18.85,22.42,0.037,22.54,0.018,0.013,0.0114
2450,4,2,0,19.57,23.9,0.305,24.05,0.175,0.013,0.0114
2451,4,3,0,20.19,23.73,0.181,23.34,0.163,0.013,0.0114
2452,4,4,0,20.67,19.39,-0.289,19.33,-0.288,0.013,0.0114
2453,4,5,0,20.97,23.08,0.101,23.41,0.148,0.013,0.0114
2454,4,6,0,21.07,22.67,0.013,22.67,0.1,0.013,0.0114
2455,4,7,0,20.97,22.94,0.054,23.06,0.092,0.013,0.0114
2456,4,8,1,20.67,22.24,-0.061,21.78,-0.04,0.013,0.0114
2457,4,9,1,20.19,23.28,0.077,23.09,0.084,0.013,0.0114
2458,4,10,1,19.57,21.82,0.09,21.71,0.003,0.013,0.0114
2459,4,11,1,18.85,24.04,0.154,24.39,0.202,0.013,0.0114
2460,4,12,1,18.07,20.84,-0.143,21.24,-0.114,0.013,0.0114
2461,4,13,1,17.3,21.85,-0.001,21.78,-0.014,0.013,0.0114
2462,4,14,1,16.57,21.26,-0.106,21.46,-0.058,0.013,0.0114
2463,4,15,1,15.95,23.53,0.125,23.34,0.152,0.013,0.0114
2464,4,16,1,15.47,21.21,-0.051,21.1,-0.029,0.013,0.0114
2465,4,17,1,15.17,23.41,0.167,23.55,0.123,0.013,0.0114
2466,4,18,1,15.07,22.67,0.083,22.66,0.07,0.013,0.0114
2467,4,19,0,15.17,23.07,0.11,22.98,0.061,0.013,0.0114
2468,4,20,0,15.47,22.02,0.018,22.44,0.043,0.013,0.0114
2469,4,21,0,15.95,25.34,0.279,24.94,0.345,0.013,0.0114
2470,4,22,0,16.57,22.57,-0.003,22.5,0.063,0.013,0.0114
2471,4,23,0,17.3,23.32,0.125,22.99,0.089,0.013,0.0114
2472,4,0,0,18.07,22.88,0.151,22.55,0.082,0.013,0.0114
2473,4,1,0,18.85,21.96,-0.011,21.89,-0.034,0.013,0.0114
2474,4,2,0,19.57,21.83,0.064,21.75,0.004,0.013,0.0114
2475,4,3,0,20.19,23.9,0.134,24.01,0.2,0.013,0.0114
2476,4,4,0,20.67,23.96,0.227,23.58,0.228,0.013,0.0114
2477,4,5,0,20.97,24.09,0.22,24.52,0.281,0.013,0.0114
2478,4,6,0,21.07,21.42,-0.025,21.66,-0.025,0.013,0.0114
2479,4,7,0,20.97,24.47,0.238,24.31,0.234,0.013,0.0114
2480,4,8,0,20.67,20.96,-0.19,21.02,-0.066,0.013,0.0114
2481,4,9,0,20.19,22.57,0.015,22.41,0.034,0.013,0.0114
2482,4,10,0,19.57,23.53,0.118,23.7,0.144,0.013,0.0114
2483,4,11,0,18.85,23.49,0.152,23.27,0.131,0.013,0.0114
2484,4,12,0,18.07,22.97,0.034,23.23,0.065,0.013,0.0114
2485,4,13,0,17.3,21.65,0.066,22.19,0.074,0.013,0.0114
2486,4,14,0,16.57,22.21,-0.096,21.68,-0.051,0.013,0.0114
2487,4,15,0,15.95,22.2,0.064,22.59,0.066,0.013,0.0114
2488,4,16,0,15.47,21.17,-0.071,20.88,-0.091,0.013,0.0114
2489,4,17,0,15.17,23.09,0.141,22.78,0.091,0.013,0.0114
2490,4,18,0,15.07,20.89,-0.076,20.66,-0.141,0.013,0.0114
2491,4,19,0,15.17,24.88,0.264,25.03,0.303,0.013,0.0114
2492,4,20,0,15.47,22.6,0.014,22.38,0.059,0.013,0.0114
2493,4,21,0,15.95,23.77,0.253,23.95,0.179,0.013,0.0114
2494,4,22,0,16.57,25.01,0.251,24.74,0.221,0.013,0.0114
2495,4,23,0,17.3,21.83,0.009,21.68,-0.025,0.013,0.0114
2496,4,0,0,18.07,20.71,-0.148,20.59,-0.194,0.013,0.0114
2497,4,1,0,18.85,21.03,-0.025,20.8,-0.115,0.013,0.0114
2498,4,2,0,19.57,23.49,0.209,23.04,0.143,0.013,0.0114
2499,4,3,0,20.19,19.5,-0.225,19.29,-0.252,0.013,0.0114
2500,4,4,0,20.67,21.48,-0.082,21.39,-0.058,0.013,0.0114
2501,4,5,0,20.97,24.3,0.28,24.06,0.183,0.013,0.0114
2502,4,6,0,21.07,21.23,-0.031,21.47,-0.027,0.013,0.0114
2503,4,7,0,20.97,20.53,-0.106,20.39,-0.16,0.013,0.0114
2504,4,8,0,20.67,20.89,-0.147,21.03,-0.043,0.013,0.0114
2505,4,9,0,20.19,24.82,0.35,25.0,0.302,0.013,0.0114
2506,4,10,0,19.57,23.65,0.177,24.09,0.201,0.013,0.0114
2507,4,11,0,18.85,19.94,-0.165,19.92,-0.18,0.013,0.0114
2508,4,12,0,18.07,23.26,0.027,23.09,0.095,0.013,0.0114
2509,4,13,0,17.3,22.04,0.035,21.95,0.055,0.013,0.0114
2510,4,14,0,16.57,22.69,0.056,22.62,0.066,0.013,0.0114
2511,4,15,0,15.95,21.26,-0.052,21.29,-0.064,0.013,0.0114
2512,4,16,0,15.47,23.19,0.03,23.32,0.151,0.013,0.0114
2513,4,17,0,15.17,21.49,-0.106,21.16,-0.071,0.013,0.0114
2514,4,18,0,15.07,22.17,0.041,21.66,-0.077,0.013,0.0114
2515,4,19,0,15.17,22.71,0.115,22.78,0.132,0.013,0.0114
2516,4,20,0,15.47,20.45,-0.169,20.44,-0.143,0.013,0.0114
2517,4,21,0,15.95,22.82,0.06,22.72,0.038,0.013,0.0114
2518,4,22,0,16.57,23.98,0.244,24.12,0.203,0.013,0.0114
2519,4,23,0,17.3,21.51,-0.031,21.19,-0.112,0.013,0.0114
2520,4,0,0,18.07,25.27,0.341,24.88,0.335,0.013,0.0114
2521,4,1,0,18.85,23.4,0.091,23.45,0.104,0.013,0.0114
2522,4,2,0,19.57,23.66,0.144,24.11,0.177,0.013,0.0114
2523,4,3,0,20.19,18.81,-0.324,18.52,-0.3,0.013,0.0114
2524,4,4,0,20.67,23.51,0.131,23.6,0.143,0.013,0.0114
2525,4,5,0,20.97,24.61,0.156,24.67,0.247,0.013,0.0114
2526,4,6,0,21.07,21.21,-0.051,21.05,-0.098,0.013,0.0114
2527,4,7,0,20.97,22.38,0.004,22.78,0.134,0.013,0.0114
2528,4,8,1,20.67,21.49,-0.065,21.52,-0.044,0.013,0.0114
2529,4,9,1,20.19,23.17,0.079,23.3,0.096,0.013,0.0114
2530,4,10,1,19.57,26.25,0.46,26.11,0.363,0.013,0.0114
2531,4,11,1,18.85,22.08,0.032,22.04,-0.077,0.013,0.0114
2532,4,12,1,18.07,22.75,0.091,22.4,0.009,0.013,0.0114
2533,4,13,1,17.3,21.22,-0.131,21.13,-0.101,0.013,0.0114
2534,4,14,1,16.57,20.71,-0.078,20.16,-0.223,0.013,0.0114
2535,4,15,1,15.95,22.23,-0.008,22.46,0.021,0.013,0.0114
2536,4,16,1,15.47,22.84,0.025,23.17,0.113,0.013,0.0114
2537,4,17,1,15.17,19.9,-0.208,19.78,-0.247,0.013,0.0114
2538,4,18,1,15.07,21.81,-0.015,21.39,-0.029,0.013,0.0114
2539,4,19,0,15.17,20.85,-0.089,20.67,-0.097,0.013,0.0114
2540,4,20,0,15.47,20.26,-0.16,20.21,-0.182,0.013,0.0114
2541,4,21,0,15.95,18.78,-0.246,18.94,-0.303,0.013,0.0114
2542,4,22,0,16.57,20.95,-0.016,20.8,-0.093,0.013,0.0114
2543,4,23,0,17.3,23.46,0.113,23.57,0.151,0.013,0.0114
2544,4,0,0,18.07,22.38,0.114,22.55,0.088,0.013,0.0114
2545,4,1,0,18.85,20.37,-0.126,20.44,-0.138,0.013,0.0114
2546,4,2,0,19.57,21.56,-0.108,22.43,0.011,0.013,0.0114
2547,4,3,0,20.19,22.85,0.043,23.49,0.141,0.013,0.0114
2548,4,4,0,20.67,24.12,0.195,24.11,0.228,0.013,0.0114
2549,4,5,0,20.97,22.91,0.155,23.22,0.131,0.013,0.0114
2550,4,6,0,21.07,22.94,0.118,23.0,0.102,0.013,0.0114
2551,4,7,0,20.97,22.5,0.126,22.86,0.041,0.013,0.0114
2552,4,8,1,20.67,22.52,0.036,22.31,0.043,0.013,0.0114
2553,4,9,1,20.19,23.5,0.055,23.47,0.118,0.013,0.0114
2554,4,10,1,19.57,23.84,0.244,23.02,0.118,0.013,0.0114
2555,4,11,1,18.85,24.47,0.144,24.41,0.254,0.013,0.0114
2556,4,12,1,18.07,24.41,0.208,24.69,0.272,0.013,0.0114
2557,4,13,1,17.3,21.7,0.018,21.45,-0.09,0.013,0.0114
2558,4,14,1,16.57,21.16,-0.159,20.83,-0.113,0.013,0.0114
2559,4,15,1,15.95,24.24,0.149,24.19,0.244,0.013,0.0114
2560,4,16,1,15.47,25.03,0.279,24.83,0.299,0.013,0.0114
2561,4,17,1,15.17,24.93,0.227,24.78,0.297,0.013,0.0114
2562,4,18,1,15.07,23.7,0.142,23.7,0.2,0.013,0.0114
2563,4,19,0,15.17,23.29,0.132,23.06,0.066,0.013,0.0114
2564,4,20,0,15.47,23.53,0.131,23.45,0.144,0.013,0.0114
2565,4,21,0,15.95,22.56,0.086,22.83,0.078,0.013,0.0114
2566,4,22,0,16.57,23.65,0.143,23.77,0.173,0.013,0.0114
2567,4,23,0,17.3,22.28,0.009,22.43,0.031,0.013,0.0114
2568,4,0,0,18.07,25.45,0.307,25.74,0.391,0.013,0.0114
2569,4,1,0,18.85,22.68,0.075,22.79,0.115,0.013,0.0114
2570,4,2,0,19.57,23.02,0.154,23.0,0.107,0.013,0.0114
2571,4,3,0,20.19,22.68,0.064,22.78,0.078,0.013,0.0114
2572,4,4,0,20.67,21.62,-0.088,21.39,-0.102,0.013,0.0114
2573,4,5,0,20.97,21.18,-0.077,21.13,-0.095,0.013,0.0114
2574,4,6,0,21.07,18.97,-0.249,19.44,-0.243,0.013,0.0114
2575,4,7,0,20.97,25.36,0.431,25.07,0.278,0.013,0.0114
2576,4,8,1,20.67,22.86,0.087,22.48,0.059,0.013,0.0114
2577,4,9,1,20.19,22.27,0.032,22.48,0.033,0.013,0.0114
2578,4,10,1,19.57,21.65,-0.068,21.89,0.017,0.013,0.0114
2579,4,11,1,18.85,24.33,0.29,23.83,0.245,0.013,0.0114
2580,4,12,1,18.07,22.88,0.14,23.06,0.098,0.013,0.0114
2581,4,13,1,17.3,22.77,0.084,22.38,0.053,0.013,0.0114
2582,4,14,1,16.57,23.27,0.089,23.59,0.143,0.013,0.0114
2583,4,15,1,15.95,25.34,0.344,25.3,0.328,0.013,0.0114
2584,4,16,1,15.47,21.27,-0.1,21.75,-0.058,0.013,0.0114
2585,4,17,1,15.17,21.82,-0.05,21.22,-0.107,0.013,0.0114
2586,4,18,1,15.07,23.43,0.187,23.22,0.164,0.013,0.0114
2587,4,19,0,15.17,23.67,0.174,23.61,0.115,0.013,0.0114
2588,4,20,0,15.47,22.3,0.065,22.04,0.081,0.013,0.0114
2589,4,21,0,15.95,23.25,0.107,22.65,0.069,0.013,0.0114
2590,4,22,0,16.57,22.63,0.075,22.41,0.004,0.013,0.0114
2591,4,23,0,17.3,21.08,-0.143,21.28,-0.056,0.013,0.0114
2592,4,0,0,18.07,20.45,-0.194,20.98,-0.109,0.013,0.0114
2593,4,1,0,18.85,23.0,0.107,22.83,0.1,0.013,0.0114
2594,4,2,0,19.57,23.94,0.186,24.18,0.213,0.013,0.0114
2595,4,3,0,20.19,26.02,0.356,26.31,0.434,0.013,0.0114
2596,4,4,0,20.67,22.0,-0.062,21.96,-0.017,0.013,0.0114
2597,4,5,0,20.97,25.22,0.197,25.39,0.376,0.013,0.0114
2598,4,6,0,21.07,24.13,0.249,24.03,0.177,0.013,0.0114
2599,4,7,0,20.97,21.79,-0.034,22.24,-0.032,0.013,0.0114
2600,4,8,1,20.67,22.41,0.1,22.38,0.039,0.013,0.0114
2601,4,9,1,20.19,21.87,-0.007,22.18,-0.004,0.013,0.0114
2602,4,10,1,19.57,24.23,0.223,24.29,0.234,0.013,0.0114
2603,4,11,1,18.85,20.89,-0.11,20.74,-0.132,0.013,0.0114
2604,4,12,1,18.07,24.41,0.284,24.47,0.248,0.013,0.0114
2605,4,13,1,17.3,24.08,0.209,24.2,0.22,0.013,0.0114
2606,4,14,1,16.57,21.07,-0.095,21.22,-0.093,0.013,0.0114
2607,4,15,1,15.95,24.16,0.195,23.78,0.209,0.013,0.0114
2608,4,16,1,15.47,22.97,0.11,22.96,0.101,0.013,0.0114
2609,4,17,1,15.17,20.23,-0.097,20.12,-0.208,0.013,0.0114
2610,4,18,1,15.07,22.02,-0.002,21.86,-0.031,0.013,0.0114
2611,4,19,0,15.17,23.23,0.162,23.29,0.097,0.013,0.0114
2612,4,20,0,15.47,21.99,0.022,21.92,-0.032,0.013,0.0114
2613,4,21,0,15.95,23.87,0.138,24.23,0.208,0.013,0.0114
2614,4,22,0,16.57,21.7,-0.051,22.49,0.1,0.013,0.0114
2615,4,23,0,17.3,20.6,-0.174,20.3,-0.195,0.013,0.0114
2616,4,0,0,18.07,22.1,-0.031,21.89,0.023,0.013,0.0114
2617,4,1,0,18.85,24.34,0.26,24.62,0.265,0.013,0.0114
2618,4,2,0,19.57,21.75,-0.006,21.47,-0.088,0.013,0.0114
2619,4,3,0,20.19,21.01,-0.004,21.35,-0.053,0.013,0.0114
2620,4,4,0,20.67,24.16,0.149,24.09,0.227,0.013,0.0114
2621,4,5,0,20.97,23.35,0.123,23.38,0.166,0.013,0.0114
2622,4,6,0,21.07,21.02,-0.148,20.79,-0.119,0.013,0.0114
2623,4,7,0,20.97,20.87,-0.148,20.66,-0.142,0.013,0.0114
2624,4,8,1,20.67,20.27,-0.111,20.3,-0.166,0.013,0.0114
2625,4,9,1,20.19,24.81,0.32,25.21,0.323,0.013,0.0114
2626,4,10,1,19.57,22.53,0.034,22.76,0.02,0.013,0.0114
2627,4,11,1,18.85,23.24,0.076,22.9,0.09,0.013,0.0114
2628,4,12,1,18.07,22.36,0.044,21.93,0.022,0.013,0.0114
2629,4,13,1,17.3,20.81,-0.197,21.19,-0.018,0.013,0.0114
2630,4,14,1,16.57,21.88,-0.106,21.93,-0.009,0.013,0.0114
2631,4,15,1,15.95,22.84,0.056,22.82,0.053,0.013,0.0114
2632,4,16,1,15.47,24.2,0.297,24.21,0.205,0.013,0.0114
2633,4,17,1,15.17,21.85,-0.096,22.09,-0.027,0.013,0.0114
2634,4,18,1,15.07,24.15,0.124,23.79,0.236,0.013,0.0114
2635,4,19,0,15.17,20.41,-0.156,20.46,-0.238,0.013,0.0114
2636,4,20,0,15.47,22.1,0.028,22.23,0.05,0.013,0.0114
2637,4,21,0,15.95,21.92,-0.043,22.13,-0.029,0.013,0.0114
2638,4,22,0,16.57,20.55,-0.094,20.11,-0.234,0.013,0.0114
2639,4,23,0,17.3,22.91,0.086,22.83,0.124,0.013,0.0114
2640,4,0,0,18.07,21.84,-0.014,22.03,-0.002,0.013,0.0114
2641,4,1,0,18.85,25.95,0.459,25.52,0.371,0.013,0.0114
2642,4,2,0,19.57,21.78,-0.114,22.27,0.011,0.013,0.0114
2643,4,3,0,20.19,20.69,-0.187,20.81,-0.106,0.013,0.0114
2644,4,4,0,20.67,22.22,0.041,22.08,-0.0,0.013,0.0114
2645,4,5,0,20.97,20.87,-0.138,21.71,-0.096,0.013,0.0114
2646,4,6,0,21.07,21.24,-0.035,20.86,-0.105,0.013,0.0114
2647,4,7,0,20.97,23.1,0.096,22.99,0.088,0.013,0.0114
2648,4,8,0,20.67,22.38,0.055,22.63,0.078,0.013,0.0114
2649,4,9,0,20.19,23.25,0.139,23.51,0.162,0.013,0.0114
2650,4,10,0,19.57,24.28,0.186,24.08,0.173,0.013,0.0114
2651,4,11,0,18.85,22.77,0.101,22.22,0.019,0.013,0.0114
2652,4,12,0,18.07,24.2,0.21,24.0,0.234,0.013,0.0114
2653,4,13,0,17.3,24.57,0.267,24.37,0.246,0.013,0.0114
2654,4,14,0,16.57,23.06,0.17,22.98,0.041,0.013,0.0114
2655,4,15,0,15.95,21.87,0.01,22.0,0.041,0.013,0.0114
2656,4,16,0,15.47,24.3,0.295,24.21,0.2,0.013,0.0114
2657,4,17,0,15.17,23.9,0.25,24.44,0.247,0.013,0.0114
2658,4,18,0,15.07,22.0,0.016,21.54,-0.079,0.013,0.0114
2659,4,19,0,15.17,21.31,-0.092,20.95,-0.106,0.013,0.0114
2660,4,20,0,15.47,22.91,0.145,22.73,0.067,0.013,0.0114
2661,4,21,0,15.95,21.32,0.03,21.39,-0.051,0.013,0.0114
2662,4,22,0,16.57,21.96,-0.015,21.5,-0.043,0.013,0.0114
2663,4,23,0,17.3,21.92,-0.051,21.42,-0.014,0.013,0.0114
2664,4,0,0,18.07,24.65,0.299,24.39,0.203,0.013,0.0114
2665,4,1,0,18.85,24.61,0.308,24.68,0.217,0.013,0.0114
2666,4,2,0,19.57,23.52,0.194,23.51,0.179,0.013,0.0114
2667,4,3,0,20.19,22.6,0.099,22.42,0.04,0.013,0.0114
2668,4,4,0,20.67,21.19,-0.155,20.91,-0.124,0.013,0.0114
2669,4,5,0,20.97,24.15,0.189,24.21,0.245,0.013,0.0114
2670,4,6,0,21.07,21.25,-0.084,21.28,-0.049,0.013,0.0114
2671,4,7,0,20.97,20.13,-0.268,19.88,-0.22,0.013,0.0114
2672,4,8,0,20.67,24.32,0.206,24.17,0.243,0.013,0.0114
2673,4,9,0,20.19,24.1,0.245,24.08,0.175,0.013,0.0114
2674,4,10,0,19.57,24.57,0.283,25.21,0.259,0.013,0.0114
2675,4,11,0,18.85,21.66,-0.055,21.85,0.023,0.013,0.0114
2676,4,12,0,18.07,23.38,0.14,23.17,0.09,0.013,0.0114
2677,4,13,0,17.3,22.23,0.081,22.06,0.069,0.013,0.0114
2678,4,14,0,16.57,20.35,-0.177,19.78,-0.268,0.013,0.0114
2679,4,15,0,15.95,22.57,0.132,22.79,0.085,0.013,0.0114
2680,4,16,0,15.47,22.21,0.022,21.62,-0.036,0.013,0.0114
2681,4,17,0,15.17,23.46,0.124,23.25,0.08,0.013,0.0114
2682,4,18,0,15.07,19.06,-0.372,18.73,-0.317,0.013,0.0114
2683,4,19,0,15.17,21.72,-0.077,21.56,-0.141,0.013,0.0114
2684,4,20,0,15.47,24.76,0.256,24.46,0.203,0.013,0.0114
2685,4,21,0,15.95,23.96,0.154,24.0,0.188,0.013,0.0114
2686,4,22,0,16.57,25.02,0.293,25.0,0.271,0.013,0.0114
2687,4,23,0,17.3,19.66,-0.218,19.61,-0.206,0.013,0.0114
2688,4,0,0,18.07,19.13,-0.316,18.79,-0.321,0.013,0.0114
2689,4,1,0,18.85,22.28,0.049,22.25,-0.003,0.013,0.0114
2690,4,2,0,19.57,23.9,0.174,24.03,0.251,0.013,0.0114
2691,4,3,0,20.19,24.83,0.133,25.11,0.359,0.013,0.0114
2692,4,4,0,20.67,23.69,0.231,24.29,0.277,0.013,0.0114
2693,4,5,0,20.97,23.82,0.282,24.22,0.229,0.013,0.0114
2694,4,6,0,21.07,20.14,-0.166,20.05,-0.193,0.013,0.0114
2695,4,7,0,20.97,20.63,-0.174,20.14,-0.162,0.013,0.0114
2696,4,8,1,20.67,24.87,0.34,25.15,0.312,0.013,0.0114
2697,4,9,1,20.19,19.89,-0.224,19.75,-0.24,0.013,0.0114
2698,4,10,1,19.57,22.58,0.101,22.71,0.063,0.013,0.0114
2699,4,11,1,18.85,19.64,-0.233,19.5,-0.213,0.013,0.0114
2700,4,12,1,18.07,21.65,-0.021,21.8,-0.018,0.013,0.0114
2701,4,13,1,17.3,23.9,0.161,23.7,0.169,0.013,0.0114
2702,4,14,1,16.57,21.54,-0.082,21.69,-0.024,0.013,0.0114
2703,4,15,1,15.95,22.35,0.012,22.41,0.031,0.013,0.0114
2704,4,16,1,15.47,22.64,0.064,22.7,0.122,0.013,0.0114
2705,4,17,1,15.17,21.01,-0.177,20.99,-0.089,0.013,0.0114
2706,4,18,1,15.07,20.83,-0.136,20.74,-0.117,0.013,0.0114
2707,4,19,0,15.17,21.67,0.039,21.49,-0.042,0.013,0.0114
2708,4,20,0,15.47,21.66,0.048,21.58,-0.049,0.013,0.0114
2709,4,21,0,15.95,21.47,-0.081,21.26,-0.092,0.013,0.0114
2710,4,22,0,16.57,20.58,-0.183,20.24,-0.158,0.013,0.0114
2711,4,23,0,17.3,21.93,0.056,21.87,0.025,0.013,0.0114
2712,4,0,0,18.07,22.08,-0.036,21.89,0.01,0.013,0.0114
2713,4,1,0,18.85,22.19,-0.021,22.08,-0.015,0.013,0.0114
2714,4,2,0,19.57,22.98,0.148,22.59,0.043,0.013,0.0114
2715,4,3,0,20.19,22.28,0.027,21.87,-0.022,0.013,0.0114
2716,4,4,0,20.67,22.42,0.051,22.87,0.063,0.013,0.0114
2717,4,5,0,20.97,21.43,0.008,21.61,-0.03,0.013,0.0114
2718,4,6,0,21.07,23.53,0.224,23.72,0.113,0.013,0.0114
2719,4,7,0,20.97,23.5,0.083,23.8,0.153,0.013,0.0114
2720,4,8,1,20.67,21.22,-0.102,21.01,-0.092,0.013,0.0114
2721,4,9,1,20.19,23.8,0.138,24.12,0.187,0.013,0.0114
2722,4,10,1,19.57,24.47,0.252,24.67,0.281,0.013,0.0114
2723,4,11,1,18.85,22.46,0.029,22.61,0.069,0.013,0.0114
2724,4,12,1,18.07,20.23,-0.21,20.03,-0.208,0.013,0.0114
2725,4,13,1,17.3,21.11,-0.165,20.95,-0.089,0.013,0.0114
2726,4,14,1,16.57,22.38,-0.004,21.86,-0.003,0.013,0.0114
2727,4,15,1,15.95,21.69,-0.035,21.48,-0.042,0.013,0.0114
2728,4,16,1,15.47,20.35,-0.205,20.51,-0.149,0.013,0.0114
2729,4,17,1,15.17,22.45,-0.006,22.29,0.02,0.013,0.0114
2730,4,18,1,15.07,24.94,0.378,24.53,0.245,0.013,0.0114
2731,4,19,0,15.17,22.55,0.017,22.23,0.008,0.013,0.0114
2732,4,20,0,15.47,20.93,-0.127,20.87,-0.058,0.013,0.0114
2733,4,21,0,15.95,20.75,-0.113,20.78,-0.154,0.013,0.0114
2734,4,22,0,16.57,23.53,0.028,23.41,0.161,0.013,0.0114
2735,4,23,0,17.3,20.82,-0.083,20.51,-0.159,0.013,0.0114
2736,4,0,0,18.07,23.88,0.155,24.24,0.248,0.013,0.0114
2737,4,1,0,18.85,21.37,-0.098,22.04,0.034,0.013,0.0114
2738,4,2,0,19.57,23.77,0.143,23.86,0.182,0.013,0.0114
2739,4,3,0,20.19,19.27,-0.256,19.34,-0.262,0.013,0.0114
2740,4,4,0,20.67,18.04,-0.433,17.66,-0.425,0.013,0.0114
2741,4,5,0,20.97,22.93,0.125,22.88,0.058,0.013,0.0114
2742,4,6,0,21.07,23.42,0.16,23.56,0.15,0.013,0.0114
2743,4,7,0,20.97,25.25,0.276,25.39,0.347,0.013,0.0114
2744,4,8,1,20.67,23.63,0.217,23.45,0.157,0.013,0.0114
2745,4,9,1,20.19,18.99,-0.322,19.08,-0.276,0.013,0.0114
2746,4,10,1,19.57,23.92,0.275,23.97,0.192,0.013,0.0114
2747,4,11,1,18.85,23.44,0.139,23.68,0.191,0.013,0.0114
2748,4,12,1,18.07,21.61,-0.105,21.48,-0.045,0.013,0.0114
2749,4,13,1,17.3,22.99,0.138,23.34,0.126,0.013,0.0114
2750,4,14,1,16.57,20.73,-0.071,20.86,-0.091,0.013,0.0114
2751,4,15,1,15.95,24.13,0.189,24.06,0.184,0.013,0.0114
2752,4,16,1,15.47,22.42,0.052,22.39,0.035,0.013,0.0114
2753,4,17,1,15.17,22.3,0.077,22.07,0.009,0.013,0.0114
2754,4,18,1,15.07,22.24,-0.043,22.01,0.041,0.013,0.0114
2755,4,19,0,15.17,23.33,0.171,22.84,0.112,0.013,0.0114
2756,4,20,0,15.47,22.69,0.079,23.17,0.074,0.013,0.0114
2757,4,21,0,15.95,23.05,0.075,23.12,0.129,0.013,0.0114
2758,4,22,0,16.57,20.0,-0.244,20.3,-0.2,0.013,0.0114
2759,4,23,0,17.3,22.33,0.041,22.46,0.024,0.013,0.0114
2760,4,0,0,18.07,21.74,-0.037,21.4,-0.028,0.013,0.0114
2761,4,1,0,18.85,22.49,0.122,22.75,0.058,0.013,0.0114
2762,4,2,0,19.57,22.22,0.094,22.87,0.037,0.013,0.0114
2763,4,3,0,20.19,23.08,0.149,23.08,0.086,0.013,0.0114
2764,4,4,0,20.67,21.24,-0.105,21.04,-0.072,0.013,0.0114
2765,4,5,0,20.97,20.73,-0.217,20.54,-0.116,0.013,0.0114
2766,4,6,0,21.07,24.41,0.226,24.31,0.244,0.013,0.0114
2767,4,7,0,20.97,24.71,0.236,24.83,0.235,0.013,0.0114
2768,4,8,1,20.67,20.83,-0.15,20.85,-0.109,0.013,0.0114
2769,4,9,1,20.19,21.67,-0.092,21.35,-0.018,0.013,0.0114
2770,4,10,1,19.57,23.83,0.21,24.35,0.222,0.013,0.0114
2771,4,11,1,18.85,24.49,0.26,24.48,0.246,0.013,0.0114
2772,4,12,1,18.07,18.08,-0.367,18.56,-0.334,0.013,0.0114
2773,4,13,1,17.3,22.41,0.011,22.46,0.064,0.013,0.0114
2774,4,14,1,16.57,20.54,-0.118,20.6,-0.146,0.013,0.0114
2775,4,15,1,15.95,23.06,0.057,22.76,0.083,0.013,0.0114
2776,4,16,1,15.47,23.52,0.178,22.96,0.079,0.013,0.0114
2777,4,17,1,15.17,22.21,-0.022,21.81,0.01,0.013,0.0114
2778,4,18,1,15.07,22.55,0.049,22.43,0.058,0.013,0.0114
2779,4,19,0,15.17,23.16,0.171,23.14,0.143,0.013,0.0114
2780,4,20,0,15.47,23.12,0.145,23.14,0.123,0.013,0.0114
2781,4,21,0,15.95,24.09,0.158,24.36,0.204,0.013,0.0114
2782,4,22,0,16.57,21.45,-0.134,21.74,-0.014,0.013,0.0114
2783,4,23,0,17.3,23.04,0.113,23.39,0.099,0.013,0.0114
2784,4,0,0,18.07,21.06,-0.121,20.71,-0.135,0.013,0.0114
2785,4,1,0,18.85,20.75,-0.191,21.19,-0.04,0.013,0.0114
2786,4,2,0,19.57,24.28,0.193,24.55,0.265,0.013,0.0114
2787,4,3,0,20.19,20.58,-0.145,20.86,-0.127,0.013,0.0114
2788,4,4,0,20.67,20.66,-0.185,19.92,-0.175,0.013,0.0114
2789,4,5,0,20.97,21.9,0.022,21.84,0.039,0.013,0.0114
2790,4,6,0,21.07,24.49,0.152,24.2,0.29,0.013,0.0114
2791,4,7,0,20.97,25.9,0.327,25.96,0.425,0.013,0.0114
2792,4,8,1,20.67,22.34,0.079,22.3,0.04,0.013,0.0114
2793,4,9,1,20.19,20.72,-0.095,20.62,-0.122,0.013,0.0114
2794,4,10,1,19.57,22.89,0.071,23.17,0.123,0.013,0.0114
2795,4,11,1,18.85,17.44,-0.418,17.3,-0.482,0.013,0.0114
2796,4,12,1,18.07,21.8,0.03,21.49,-0.035,0.013,0.0114
2797,4,13,1,17.3,23.74,0.166,23.22,0.114,0.013,0.0114
2798,4,14,1,16.57,22.08,-0.009,21.89,0.015,0.013,0.0114
2799,4,15,1,15.95,19.63,-0.213,20.16,-0.185,0.013,0.0114
2800,4,16,1,15.47,23.86,0.153,23.42,0.139,0.013,0.0114
2801,4,17,1,15.17,24.55,0.277,24.53,0.236,0.013,0.0114
2802,4,18,1,15.07,23.23,0.173,23.73,0.171,0.013,0.0114
2803,4,19,0,15.17,23.51,0.177,23.69,0.202,0.013,0.0114
2804,4,20,0,15.47,24.16,0.248,24.12,0.2,0.013,0.0114
2805,4,21,0,15.95,21.12,-0.092,21.03,-0.146,0.013,0.0114
2806,4,22,0,16.57,23.79,0.315,22.96,0.141,0.013,0.0114
2807,4,23,0,17.3,22.11,0.026,22.11,-0.007,0.013,0.0114
2808,4,0,0,18.07,22.79,0.074,22.75,0.08,0.013,0.0114
2809,4,1,0,18.85,20.53,-0.139,20.54,-0.142,0.013,0.0114
2810,4,2,0,19.57,22.18,-0.0,22.52,0.059,0.013,0.0114
2811,4,3,0,20.19,24.45,0.255,24.42,0.239,0.013,0.0114
2812,4,4,0,20.67,24.36,0.3,24.28,0.225,0.013,0.0114
2813,4,5,0,20.97,21.21,-0.094,21.41,-0.04,0.013,0.0114
2814,4,6,0,21.07,18.41,-0.382,18.41,-0.391,0.013,0.0114
2815,4,7,0,20.97,21.67,-0.035,21.5,-0.091,0.013,0.0114
2816,4,8,0,20.67,22.97,0.111,23.38,0.163,0.013,0.0114
2817,4,9,0,20.19,24.14,0.308,24.51,0.236,0.013,0.0114
2818,4,10,0,19.57,21.42,-0.022,21.66,-0.011,0.013,0.0114
2819,4,11,0,18.85,25.33,0.355,25.34,0.304,0.013,0.0114
2820,4,12,0,18.07,25.7,0.355,25.6,0.35,0.013,0.0114
2821,4,13,0,17.3,21.53,-0.073,21.31,-0.11,0.013,0.0114
2822,4,14,0,16.57,21.32,-0.031,21.91,0.018,0.013,0.0114
2823,4,15,0,15.95,24.27,0.138,24.82,0.245,0.013,0.0114
2824,4,16,0,15.47,21.29,-0.086,21.15,-0.098,0.013,0.0114
2825,4,17,0,15.17,22.83,0.047,22.84,0.019,0.013,0.0114
2826,4,18,0,15.07,21.01,-0.111,20.85,-0.149,0.013,0.0114
2827,4,19,0,15.17,21.76,-0.03,21.42,-0.09,0.013,0.0114
2828,4,20,0,15.47,21.23,-0.085,20.83,-0.143,0.013,0.0114
2829,4,21,0,15.95,23.86,0.183,23.98,0.174,0.013,0.0114
2830,4,22,0,16.57,23.07,0.114,23.28,0.176,0.013,0.0114
2831,4,23,0,17.3,23.19,0.126,23.46,0.167,0.013,0.0114
2832,4,0,0,18.07,21.3,-0.052,21.17,-0.073,0.013,0.0114
2833,4,1,0,18.85,23.26,0.055,23.59,0.13,0.013,0.0114
2834,4,2,0,19.57,22.84,0.253,22.63,0.078,0.013,0.0114
2835,4,3,0,20.19,22.38,0.014,22.23,0.024,0.013,0.0114
2836,4,4,0,20.67,22.67,0.053,22.53,0.093,0.013,0.0114
2837,4,5,0,20.97,24.58,0.191,24.65,0.281,0.013,0.0114
2838,4,6,0,21.07,24.83,0.32,25.24,0.367,0.013,0.0114
2839,4,7,0,20.97,22.58,0.024,22.77,0.086,0.013,0.0114
2840,4,8,0,20.67,24.49,0.206,24.32,0.235,0.013,0.0114
2841,4,9,0,20.19,22.16,-0.007,22.35,0.087,0.013,0.0114
2842,4,10,0,19.57,20.57,-0.182,20.94,-0.16,0.013,0.0114
2843,4,11,0,18.85,22.86,0.03,22.78,0.028,0.013,0.0114
2844,4,12,0,18.07,22.49,0.078,22.78,0.08,0.013,0.0114
2845,4,13,0,17.3,23.22,0.05,23.21,0.078,0.013,0.0114
2846,4,14,0,16.57,22.2,0.062,22.15,0.037,0.013,0.0114
2847,4,15,0,15.95,23.41,0.072,23.32,0.145,0.013,0.0114
2848,4,16,0,15.47,23.29,0.087,22.57,0.036,0.013,0.0114
2849,4,17,0,15.17,22.68,0.066,22.44,0.037,0.013,0.0114
2850,4,18,0,15.07,22.26,-0.006,22.05,-0.028,0.013,0.0114
2851,4,19,0,15.17,23.07,0.068,23.24,0.17,0.013,0.0114
2852,4,20,0,15.47,22.03,-0.029,22.49,-0.012,0.013,0.0114
2853,4,21,0,15.95,23.1,0.112,23.18,0.099,0.013,0.0114
2854,4,22,0,16.57,22.45,0.03,22.29,0.055,0.013,0.0114
2855,4,23,0,17.3,22.78,0.066,22.96,0.086,0.013,0.0114
2856,4,0,0,18.07,20.77,-0.289,20.66,-0.152,0.013,0.0114
2857,4,1,0,18.85,22.38,0.024,22.55,0.065,0.013,0.0114
2858,4,2,0,19.57,19.23,-0.361,19.21,-0.315,0.013,0.0114
2859,4,3,0,20.19,22.22,0.04,22.6,0.061,0.013,0.0114
2860,4,4,0,20.67,22.47,0.02,22.26,0.038,0.013,0.0114
2861,4,5,0,20.97,20.42,-0.177,20.6,-0.115,0.013,0.0114
2862,4,6,0,21.07,23.94,0.165,23.44,0.118,0.013,0.0114
2863,4,7,0,20.97,19.78,-0.1,19.47,-0.235,0.013,0.0114
2864,4,8,1,20.67,25.38,0.301,25.62,0.351,0.013,0.0114
2865,4,9,1,20.19,23.38,0.109,23.51,0.106,0.013,0.0114
2866,4,10,1,19.57,27.43,0.527,27.39,0.542,0.013,0.0114
2867,4,11,1,18.85,22.14,0.078,22.17,0.014,0.013,0.0114
2868,4,12,1,18.07,20.76,-0.148,20.71,-0.087,0.013,0.0114
2869,4,13,1,17.3,24.26,0.162,24.29,0.192,0.013,0.0114
2870,4,14,1,16.57,22.52,0.034,22.62,0.048,0.013,0.0114
2871,4,15,1,15.95,21.61,-0.158,21.6,-0.073,0.013,0.0114
2872,4,16,1,15.47,21.56,-0.085,21.92,-0.002,0.013,0.0114
2873,4,17,1,15.17,22.84,0.147,23.23,0.121,0.013,0.0114
2874,4,18,1,15.07,21.79,-0.033,21.59,-0.054,0.013,0.0114
2875,4,19,0,15.17,23.33,0.163,23.46,0.183,0.013,0.0114
2876,4,20,0,15.47,25.29,0.384,25.33,0.323,0.013,0.0114
2877,4,21,0,15.95,24.28,0.278,24.6,0.262,0.013,0.0114
2878,4,22,0,16.57,21.5,-0.052,21.08,-0.046,0.013,0.0114
2879,4,23,0,17.3,22.04,0.046,22.27,0.019,0.013,0.0114
2880,5,0,0,21.0,24.47,0.186,23.6,0.133,0.0144,0.0124
2881,5,1,0,21.78,21.27,-0.058,21.37,-0.051,0.0144,0.0124
2882,5,2,0,22.5,23.39,0.079,23.11,0.123,0.0144,0.0124
2883,5,3,0,23.12,21.55,0.004,21.08,-0.05,0.0144,0.0124
2884,5,4,0,23.6,24.84,0.315,24.89,0.33,0.0144,0.0124
2885,5,5,0,23.9,21.54,-0.032,21.87,0.015,0.0144,0.0124
2886,5,6,0,24.0,22.78,0.089,23.17,0.072,0.0144,0.0124
2887,5,7,0,23.9,24.68,0.33,24.39,0.237,0.0144,0.0124
2888,5,8,1,23.6,24.26,0.248,24.6,0.276,0.0144,0.0124
2889,5,9,1,23.12,23.13,0.119,22.53,0.019,0.0144,0.0124
2890,5,10,1,22.5,22.76,0.016,22.41,0.09,0.0144,0.0124
2891,5,11,1,21.78,24.1,0.22,24.1,0.203,0.0144,0.0124
2892,5,12,1,21.0,23.35,0.185,23.15,0.108,0.0144,0.0124
2893,5,13,1,20.22,21.87,-0.043,21.88,-0.002,0.0144,0.0124
2894,5,14,1,19.5,21.69,0.03,21.83,-0.038,0.0144,0.0124
2895,5,15,1,18.88,22.3,0.009,22.44,0.058,0.0144,0.0124
2896,5,16,1,18.4,23.33,0.103,23.66,0.138,0.0144,0.0124
2897,5,17,1,18.1,22.04,0.032,21.75,-0.06,0.0144,0.0124
2898,5,18,1,18.0,26.0,0.401,26.39,0.465,0.0144,0.0124
2899,5,19,0,18.1,20.04,-0.225,20.8,-0.123,0.0144,0.0124
2900,5,20,0,18.4,19.72,-0.284,19.86,-0.211,0.0144,0.0124
2901,5,21,0,18.88,21.68,-0.072,21.36,-0.057,0.0144,0.0124
2902,5,22,0,19.5,20.58,-0.109,20.35,-0.087,0.0144,0.0124
2903,5,23,0,20.22,23.22,0.103,22.94,0.095,0.0144,0.0124
2904,5,0,0,21.0,21.98,0.008,22.25,0.052,0.0144,0.0124
2905,5,1,0,21.78,22.03,-0.005,22.43,0.013,0.0144,0.0124
2906,5,2,0,22.5,25.77,0.34,25.22,0.303,0.0144,0.0124
2907,5,3,0,23.12,26.26,0.501,26.8,0.471,0.0144,0.0124
2908,5,4,0,23.6,26.14,0.463,26.25,0.43,0.0144,0.0124
2909,5,5,0,23.9,22.43,0.032,22.35,0.053,0.0144,0.0124
2910,5,6,0,24.0,23.05,0.181,23.04,0.015,0.0144,0.0124
2911,5,7,0,23.9,23.26,0.184,23.48,0.146,0.0144,0.0124
2912,5,8,1,23.6,22.81,0.156,23.11,0.102,0.0144,0.0124
2913,5,9,1,23.12,22.9,-0.016,23.4,0.12,0.0144,0.0124
2914,5,10,1,22.5,24.7,0.296,25.03,0.289,0.0144,0.0124
2915,5,11,1,21.78,21.18,-0.005,21.0,-0.119,0.0144,0.0124
2916,5,12,1,21.0,22.65,0.107,22.43,0.026,0.0144,0.0124
2917,5,13,1,20.22,22.35,-0.045,21.85,-0.015,0.0144,0.0124
2918,5,14,1,19.5,20.51,-0.252,21.14,-0.11,0.0144,0.0124
2919,5,15,1,18.88,22.53,-0.003,22.42,0.013,0.0144,0.0124
2920,5,16,1,18.4,21.01,-0.001,20.93,-0.105,0.0144,0.0124
2921,5,17,1,18.1,24.27,0.283,24.43,0.159,0.0144,0.0124
2922,5,18,1,18.0,22.04,-0.024,22.44,0.096,0.0144,0.0124
2923,5,19,0,18.1,24.73,0.247,24.59,0.228,0.0144,0.0124
2924,5,20,0,18.4,21.56,-0.023,21.19,-0.125,0.0144,0.0124
2925,5,21,0,18.88,23.41,0.057,23.59,0.206,0.0144,0.0124
2926,5,22,0,19.5,23.27,0.089,23.5,0.168,0.0144,0.0124
2927,5,23,0,20.22,24.19,0.319,24.16,0.217,0.0144,0.0124
2928,5,0,0,21.0,24.21,0.25,24.3,0.18,0.0144,0.0124
2929,5,1,0,21.78,23.06,0.063,22.84,0.136,0.0144,0.0124
2930,5,2,0,22.5,22.18,-0.0,21.88,-0.051,0.0144,0.0124
2931,5,3,0,23.12,24.65,0.292,24.44,0.285,0.0144,0.0124
2932,5,4,0,23.6,21.75,-0.077,21.91,0.064,0.0144,0.0124
2933,5,5,0,23.9,23.9,0.152,23.85,0.181,0.0144,0.0124
2934,5,6,0,24.0,21.99,-0.062,22.58,0.062,0.0144,0.0124
2935,5,7,0,23.9,22.47,0.042,22.44,0.04,0.0144,0.0124
2936,5,8,1,23.6,23.81,0.202,23.99,0.108,0.0144,0.0124
2937,5,9,1,23.12,22.95,0.127,22.45,0.09,0.0144,0.0124
2938,5,10,1,22.5,21.11,-0.119,21.03,-0.06,0.0144,0.0124
2939,5,11,1,21.78,22.64,0.085,23.16,0.123,0.0144,0.0124
2940,5,12,1,21.0,22.6,-0.027,22.85,0.087,0.0144,0.0124
2941,5,13,1,20.22,22.39,0.03,22.61,0.03,0.0144,0.0124
2942,5,14,1,19.5,22.51,-0.045,22.19,0.04,0.0144,0.0124
2943,5,15,1,18.88,23.37,0.202,23.51,0.131,0.0144,0.0124
2944,5,16,1,18.4,20.35,-0.182,20.33,-0.192,0.0144,0.0124
2945,5,17,1,18.1,22.38,-0.054,22.2,0.006,0.0144,0.0124
2946,5,18,1,18.0,20.8,-0.153,20.86,-0.08,0.0144,0.0124
2947,5,19,0,18.1,24.91,0.213,25.11,0.356,0.0144,0.0124
2948,5,20,0,18.4,24.86,0.353,24.87,0.27,0.0144,0.0124
2949,5,21,0,18.88,19.7,-0.143,19.47,-0.297,0.0144,0.0124
2950,5,22,0,19.5,22.5,0.024,22.51,0.038,0.0144,0.0124
2951,5,23,0,20.22,22.61,-0.01,22.44,0.05,0.0144,0.0124
2952,5,0,0,21.0,24.11,0.171,24.37,0.2,0.0144,0.0124
2953,5,1,0,21.78,22.07,0.04,22.54,0.076,0.0144,0.0124
2954,5,2,0,22.5,23.83,0.19,23.96,0.216,0.0144,0.0124
2955,5,3,0,23.12,21.68,0.004,21.26,-0.037,0.0144,0.0124
2956,5,4,0,23.6,20.82,-0.034,21.07,-0.093,0.0144,0.0124
2957,5,5,0,23.9,21.27,-0.1,21.31,-0.088,0.0144,0.0124
2958,5,6,0,24.0,23.15,0.043,22.67,0.067,0.0144,0.0124
2959,5,7,0,23.9,22.47,0.14,22.57,0.06,0.0144,0.0124
2960,5,8,1,23.6,23.4,0.178,23.1,0.095,0.0144,0.0124
2961,5,9,1,23.12,22.61,0.112,22.57,0.018,0.0144,0.0124
2962,5,10,1,22.5,19.08,-0.269,19.01,-0.294,0.0144,0.0124
2963,5,11,1,21.78,24.35,0.207,24.48,0.178,0.0144,0.0124
2964,5,12,1,21.0,22.14,-0.005,22.45,0.046,0.0144,0.0124
2965,5,13,1,20.22,23.13,0.144,22.83,0.132,0.0144,0.0124
2966,5,14,1,19.5,22.24,0.021,21.9,-0.077,0.0144,0.0124
2967,5,15,1,18.88,23.01,0.184,23.14,0.108,0.0144,0.0124
2968,5,16,1,18.4,23.11,0.093,22.85,0.04,0.0144,0.0124
2969,5,17,1,18.1,22.21,0.036,22.12,-0.007,0.0144,0.0124
2970,5,18,1,18.0,22.63,0.046,22.53,0.055,0.0144,0.0124
2971,5,19,0,18.1,22.56,0.05,22.79,0.068,0.0144,0.0124
2972,5,20,0,18.4,22.23,0.005,22.01,0.062,0.0144,0.0124
2973,5,21,0,18.88,21.13,-0.106,21.05,-0.103,0.0144,0.0124
2974,5,22,0,19.5,22.0,-0.085,22.09,0.04,0.0144,0.0124
2975,5,23,0,20.22,23.45,0.031,23.08,0.078,0.0144,0.0124
2976,5,0,0,21.0,22.14,0.041,22.91,0.037,0.0144,0.0124
2977,5,1,0,21.78,21.47,-0.041,21.45,-0.094,0.0144,0.0124
2978,5,2,0,22.5,22.3,-0.025,22.08,0.016,0.0144,0.0124
2979,5,3,0,23.12,23.66,0.195,23.91,0.176,0.0144,0.0124
2980,5,4,0,23.6,23.57,0.164,23.66,0.148,0.0144,0.0124
2981,5,5,0,23.9,21.75,0.097,21.78,-0.013,0.0144,0.0124
2982,5,6,0,24.0,21.58,-0.066,21.33,-0.001,0.0144,0.0124
2983,5,7,0,23.9,21.9,-0.029,22.17,0.025,0.0144,0.0124
2984,5,8,0,23.6,23.69,0.137,23.52,0.201,0.0144,0.0124
2985,5,9,0,23.12,23.98,0.237,24.21,0.235,0.0144,0.0124
2986,5,10,0,22.5,25.53,0.382,25.54,0.31,0.0144,0.0124
2987,5,11,0,21.78,21.26,-0.01,20.9,-0.186,0.0144,0.0124
2988,5,12,0,21.0,21.9,-0.052,21.0,-0.115,0.0144,0.0124
2989,5,13,0,20.22,24.58,0.216,24.7,0.302,0.0144,0.0124
2990,5,14,0,19.5,22.53,-0.007,22.54,0.024,0.0144,0.0124
2991,5,15,0,18.88,21.26,-0.07,21.28,-0.026,0.0144,0.0124
2992,5,16,0,18.4,23.08,0.121,22.27,-0.017,0.0144,0.0124
2993,5,17,0,18.1,21.05,-0.128,20.81,-0.161,0.0144,0.0124
2994,5,18,0,18.0,22.81,0.098,22.38,0.105,0.0144,0.0124
2995,5,19,0,18.1,20.51,-0.276,20.42,-0.167,0.0144,0.0124
2996,5,20,0,18.4,23.46,0.15,23.68,0.195,0.0144,0.0124
2997,5,21,0,18.88,26.32,0.406,26.83,0.44,0.0144,0.0124
2998,5,22,0,19.5,21.89,0.012,21.61,-0.075,0.0144,0.0124
2999,5,23,0,20.22,22.39,0.034,22.64,0.036,0.0144,0.0124
3000,5,0,0,21.0,24.26,0.21,23.7,0.169,0.0144,0.0124
3001,5,1,0,21.78,22.52,0.083,22.58,0.057,0.0144,0.0124
3002,5,2,0,22.5,21.95,-0.036,21.83,0.006,0.0144,0.0124
3003,5,3,0,23.12,21.53,-0.046,21.78,-0.037,0.0144,0.0124
3004,5,4,0,23.6,23.43,0.175,23.21,0.127,0.0144,0.0124
3005,5,5,0,23.9,21.61,-0.012,21.76,0.011,0.0144,0.0124
3006,5,6,0,24.0,23.95,0.139,24.1,0.283,0.0144,0.0124
3007,5,7,0,23.9,20.39,-0.139,20.68,-0.167,0.0144,0.0124
3008,5,8,0,23.6,22.31,0.097,22.29,0.008,0.0144,0.0124
3009,5,9,0,23.12,22.11,0.097,21.41,-0.091,0.0144,0.0124
3010,5,10,0,22.5,22.99,0.094,22.96,0.12,0.0144,0.0124
3011,5,11,0,21.78,25.01,0.333,25.08,0.318,0.0144,0.0124
3012,5,12,0,21.0,24.03,0.256,23.89,0.222,0.0144,0.0124
3013,5,13,0,20.22,24.12,0.204,23.93,0.2,0.0144,0.0124
3014,5,14,0,19.5,20.44,-0.156,20.92,-0.099,0.0144,0.0124
3015,5,15,0,18.88,21.63,-0.067,21.24,-0.07,0.0144,0.0124
3016,5,16,0,18.4,23.51,0.168,23.56,0.146,0.0144,0.0124
3017,5,17,0,18.1,23.24,0.16,23.69,0.193,0.0144,0.0124
3018,5,18,0,18.0,22.94,0.042,22.49,0.063,0.0144,0.0124
3019,5,19,0,18.1,22.48,0.132,22.62,0.083,0.0144,0.0124
3020,5,20,0,18.4,24.39,0.198,24.42,0.24,0.0144,0.0124
3021,5,21,0,18.88,21.29,-0.031,21.76,-0.008,0.0144,0.0124
3022,5,22,0,19.5,24.35,0.265,23.75,0.135,0.0144,0.0124
3023,5,23,0,20.22,22.49,0.082,22.4,0.046,0.0144,0.0124
3024,5,0,0,21.0,24.52,0.287,24.34,0.239,0.0144,0.0124
3025,5,1,0,21.78,20.05,-0.203,19.77,-0.189,0.0144,0.0124
3026,5,2,0,22.5,23.2,0.113,22.85,0.145,0.0144,0.0124
3027,5,3,0,23.12,22.67,0.091,22.57,0.08,0.0144,0.0124
3028,5,4,0,23.6,21.82,-0.035,21.97,0.018,0.0144,0.0124
3029,5,5,0,23.9,22.75,0.037,22.9,0.065,0.0144,0.0124
3030,5,6,0,24.0,23.92,0.206,23.89,0.18,0.0144,0.0124
3031,5,7,0,23.9,23.85,0.178,23.67,0.19,0.0144,0.0124
3032,5,8,1,23.6,24.26,0.324,24.1,0.22,0.0144,0.0124
3033,5,9,1,23.12,20.94,-0.126,21.05,-0.082,0.0144,0.0124
3034,5,10,1,22.5,22.44,-0.002,22.46,0.076,0.0144,0.0124
3035,5,11,1,21.78,20.77,-0.105,20.43,-0.109,0.0144,0.0124
3036,5,12,1,21.0,21.97,0.051,22.18,0.043,0.0144,0.0124
3037,5,13,1,20.22,22.03,-0.107,21.71,-0.037,0.0144,0.0124
3038,5,14,1,19.5,24.27,0.262,23.93,0.164,0.0144,0.0124
3039,5,15,1,18.88,22.66,0.033,22.87,0.092,0.0144,0.0124
3040,5,16,1,18.4,21.88,-0.0,22.09,0.011,0.0144,0.0124
3041,5,17,1,18.1,24.84,0.249,25.04,0.301,0.0144,0.0124
3042,5,18,1,18.0,22.39,0.165,22.41,0.052,0.0144,0.0124
3043,5,19,0,18.1,19.45,-0.352,19.28,-0.282,0.0144,0.0124
3044,5,20,0,18.4,19.52,-0.324,19.26,-0.263,0.0144,0.0124
3045,5,21,0,18.88,22.5,0.045,22.59,0.017,0.0144,0.0124
3046,5,22,0,19.5,23.27,0.147,23.85,0.172,0.0144,0.0124
3047,5,23,0,20.22,20.36,-0.142,20.09,-0.159,0.0144,0.0124
3048,5,0,0,21.0,22.89,0.125,23.13,0.128,0.0144,0.0124
3049,5,1,0,21.78,21.51,-0.091,21.56,-0.043,0.0144,0.0124
3050,5,2,0,22.5,23.0,0.034,23.5,0.164,0.0144,0.0124
3051,5,3,0,23.12,24.72,0.314,24.95,0.313,0.0144,0.0124
3052,5,4,0,23.6,24.45,0.175,24.12,0.212,0.0144,0.0124
3053,5,5,0,23.9,19.26,-0.213,19.63,-0.25,0.0144,0.0124
3054,5,6,0,24.0,21.94,-0.003,21.92,-0.004,0.0144,0.0124
3055,5,7,0,23.9,23.34,0.181,23.29,0.142,0.0144,0.0124
3056,5,8,1,23.6,21.59,-0.109,21.99,-0.004,0.0144,0.0124
3057,5,9,1,23.12,23.95,0.211,23.73,0.19,0.0144,0.0124
3058,5,10,1,22.5,21.21,-0.087,21.19,-0.098,0.0144,0.0124
3059,5,11,1,21.78,25.95,0.445,25.72,0.361,0.0144,0.0124
3060,5,12,1,21.0,20.87,-0.081,20.9,-0.082,0.0144,0.0124
3061,5,13,1,20.22,24.84,0.297,25.73,0.353,0.0144,0.0124
3062,5,14,1,19.5,23.18,0.164,23.1,0.071,0.0144,0.0124
3063,5,15,1,18.88,26.05,0.321,26.31,0.41,0.0144,0.0124
3064,5,16,1,18.4,23.72,0.109,24.08,0.229,0.0144,0.0124
3065,5,17,1,18.1,19.58,-0.186,19.55,-0.261,0.0144,0.0124
3066,5,18,1,18.0,20.24,-0.206,20.28,-0.153,0.0144,0.0124
3067,5,19,0,18.1,21.17,-0.184,20.94,-0.101,0.0144,0.0124
3068,5,20,0,18.4,22.26,0.036,21.9,0.021,0.0144,0.0124
3069,5,21,0,18.88,22.18,0.031,22.26,-0.01,0.0144,0.0124
3070,5,22,0,19.5,25.58,0.391,25.44,0.367,0.0144,0.0124
3071,5,23,0,20.22,22.29,0.041,22.47,0.005,0.0144,0.0124
3072,5,0,0,21.0,22.0,-0.023,21.82,-0.057,0.0144,0.0124
3073,5,1,0,21.78,24.19,0.268,24.67,0.305,0.0144,0.0124
3074,5,2,0,22.5,21.98,-0.041,21.79,-0.001,0.0144,0.0124
3075,5,3,0,23.12,22.84,0.149,22.82,0.094,0.0144,0.0124
3076,5,4,0,23.6,21.24,-0.042,21.04,-0.065,0.0144,0.0124
3077,5,5,0,23.9,23.33,0.215,23.9,0.203,0.0144,0.0124
3078,5,6,0,24.0,21.24,-0.095,20.85,-0.092,0.0144,0.0124
3079,5,7,0,23.9,25.24,0.382,25.37,0.329,0.0144,0.0124
3080,5,8,1,23.6,23.43,0.044,23.68,0.156,0.0144,0.0124
3081,5,9,1,23.12,23.92,0.133,24.01,0.128,0.0144,0.0124
3082,5,10,1,22.5,21.95,-0.049,21.93,-0.003,0.0144,0.0124
3083,5,11,1,21.78,23.26,0.008,23.46,0.107,0.0144,0.0124
3084,5,12,1,21.0,22.04,0.029,22.21,0.036,0.0144,0.0124
3085,5,13,1,20.22,21.92,-0.044,21.83,0.006,0.0144,0.0124
3086,5,14,1,19.5,21.12,-0.078,21.37,-0.064,0.0144,0.0124
3087,5,15,1,18.88,21.51,-0.081,21.11,-0.099,0.0144,0.0124
3088,5,16,1,18.4,18.95,-0.259,18.89,-0.294,0.0144,0.0124
3089,5,17,1,18.1,21.76,-0.052,21.77,-0.019,0.0144,0.0124
3090,5,18,1,18.0,24.81,0.307,25.1,0.295,0.0144,0.0124
3091,5,19,0,18.1,23.62,0.15,23.12,0.129,0.0144,0.0124
3092,5,20,0,18.4,23.61,0.176,23.81,0.175,0.0144,0.0124
3093,5,21,0,18.88,23.31,0.088,23.02,0.104,0.0144,0.0124
3094,5,22,0,19.5,22.76,0.099,22.21,0.044,0.0144,0.0124
3095,5,23,0,20.22,22.38,0.004,23.1,0.099,0.0144,0.0124
3096,5,0,0,21.0,21.91,-0.026,21.88,-0.054,0.0144,0.0124
3097,5,1,0,21.78,21.68,0.029,21.65,0.031,0.0144,0.0124
3098,5,2,0,22.5,24.5,0.216,24.27,0.222,0.0144,0.0124
3099,5,3,0,23.12,25.18,0.251,25.13,0.298,0.0144,0.0124
3100,5,4,0,23.6,23.64,0.154,23.84,0.205,0.0144,0.0124
3101,5,5,0,23.9,19.09,-0.248,19.12,-0.313,0.0144,0.0124
3102,5,6,0,24.0,21.25,0.004,20.69,-0.153,0.0144,0.0124
3103,5,7,0,23.9,22.86,0.162,23.04,0.1,0.0144,0.0124
3104,5,8,1,23.6,21.69,0.033,21.74,-0.031,0.0144,0.0124
3105,5,9,1,23.12,21.07,-0.154,20.61,-0.114,0.0144,0.0124
3106,5,10,1,22.5,22.02,-0.034,21.84,-0.014,0.0144,0.0124
3107,5,11,1,21.78,22.14,0.082,22.06,0.052,0.0144,0.0124
3108,5,12,1,21.0,20.08,-0.23,20.18,-0.189,0.0144,0.0124
3109,5,13,1,20.22,22.96,0.108,22.9,0.11,0.0144,0.0124
3110,5,14,1,19.5,22.94,0.063,22.75,0.032,0.0144,0.0124
3111,5,15,1,18.88,21.22,-0.118,21.81,-0.055,0.0144,0.0124
3112,5,16,1,18.4,22.98,0.088,22.95,0.137,0.0144,0.0124
3113,5,17,1,18.1,23.32,0.111,23.16,0.101,0.0144,0.0124
3114,5,18,1,18.0,23.81,0.092,23.72,0.171,0.0144,0.0124
3115,5,19,0,18.1,20.19,-0.229,20.85,-0.12,0.0144,0.0124
3116,5,20,0,18.4,22.89,0.074,22.8,0.093,0.0144,0.0124
3117,5,21,0,18.88,24.79,0.353,25.02,0.271,0.0144,0.0124
3118,5,22,0,19.5,22.98,0.115,23.02,0.144,0.0144,0.0124
3119,5,23,0,20.22,22.17,0.044,22.05,-0.049,0.0144,0.0124
3120,5,0,0,21.0,22.14,-0.032,22.1,0.042,0.0144,0.0124
3121,5,1,0,21.78,20.91,-0.095,20.87,-0.073,0.0144,0.0124
3122,5,2,0,22.5,22.48,0.083,22.77,0.08,0.0144,0.0124
3123,5,3,0,23.12,20.87,-0.108,20.44,-0.173,0.0144,0.0124
3124,5,4,0,23.6,23.88,0.179,24.1,0.176,0.0144,0.0124
3125,5,5,0,23.9,23.27,0.089,22.96,0.067,0.0144,0.0124
3126,5,6,0,24.0,22.29,0.029,22.64,0.051,0.0144,0.0124
3127,5,7,0,23.9,20.21,-0.218,20.38,-0.159,0.0144,0.0124
3128,5,8,1,23.6,21.97,-0.011,22.22,0.02,0.0144,0.0124
3129,5,9,1,23.12,23.23,0.167,23.86,0.183,0.0144,0.0124
3130,5,10,1,22.5,22.5,0.003,22.35,0.018,0.0144,0.0124
3131,5,11,1,21.78,21.34,-0.119,21.54,-0.006,0.0144,0.0124
3132,5,12,1,21.0,23.63,0.163,23.63,0.147,0.0144,0.0124
3133,5,13,1,20.22,22.91,0.055,23.23,0.077,0.0144,0.0124
3134,5,14,1,19.5,23.55,0.099,23.65,0.143,0.0144,0.0124
3135,5,15,1,18.88,21.21,-0.095,20.99,-0.109,0.0144,0.0124
3136,5,16,1,18.4,21.52,-0.059,21.3,-0.065,0.0144,0.0124
3137,5,17,1,18.1,22.03,0.028,22.37,-0.01,0.0144,0.0124
3138,5,18,1,18.0,23.29,0.107,23.47,0.102,0.0144,0.0124
3139,5,19,0,18.1,22.51,-0.005,22.51,0.007,0.0144,0.0124
3140,5,20,0,18.4,22.37,0.016,22.3,0.027,0.0144,0.0124
3141,5,21,0,18.88,20.85,-0.089,20.72,-0.139,0.0144,0.0124
3142,5,22,0,19.5,19.99,-0.254,19.85,-0.207,0.0144,0.0124
3143,5,23,0,20.22,22.98,0.136,22.48,0.015,0.0144,0.0124
3144,5,0,0,21.0,24.84,0.222,24.82,0.248,0.0144,0.0124
3145,5,1,0,21.78,23.02,0.097,22.9,0.139,0.0144,0.0124
3146,5,2,0,22.5,21.45,0.016,21.47,-0.045,0.0144,0.0124
3147,5,3,0,23.12,20.09,-0.249,20.24,-0.134,0.0144,0.0124
3148,5,4,0,23.6,21.27,-0.0,22.16,-0.008,0.0144,0.0124
3149,5,5,0,23.9,22.53,0.092,22.76,0.089,0.0144,0.0124
3150,5,6,0,24.0,24.38,0.219,24.34,0.224,0.0144,0.0124
3151,5,7,0,23.9,23.79,0.193,23.9,0.214,0.0144,0.0124
3152,5,8,0,23.6,19.42,-0.247,19.52,-0.198,0.0144,0.0124
3153,5,9,0,23.12,20.21,-0.176,20.67,-0.118,0.0144,0.0124
3154,5,10,0,22.5,25.01,0.321,25.18,0.325,0.0144,0.0124
3155,5,11,0,21.78,21.77,-0.058,21.77,-0.025,0.0144,0.0124
3156,5,12,0,21.0,19.0,-0.306,19.12,-0.298,0.0144,0.0124
3157,5,13,0,20.22,22.83,0.179,22.4,0.037,0.0144,0.0124
3158,5,14,0,19.5,22.28,0.029,21.99,0.041,0.0144,0.0124
3159,5,15,0,18.88,24.05,0.233,24.31,0.22,0.0144,0.0124
3160,5,16,0,18.4,20.32,-0.179,20.26,-0.142,0.0144,0.0124
3161,5,17,0,18.1,22.96,0.156,23.45,0.131,0.0144,0.0124
3162,5,18,0,18.0,19.81,-0.151,20.22,-0.219,0.0144,0.0124
3163,5,19,0,18.1,24.76,0.284,24.88,0.336,0.0144,0.0124
3164,5,20,0,18.4,24.52,0.275,24.71,0.29,0.0144,0.0124
3165,5,21,0,18.88,21.9,-0.055,21.88,-0.022,0.0144,0.0124
3166,5,22,0,19.5,21.95,0.002,21.76,-0.034,0.0144,0.0124
3167,5,23,0,20.22,23.25,0.12,22.77,0.081,0.0144,0.0124
3168,5,0,0,21.0,22.03,-0.076,21.98,0.009,0.0144,0.0124
3169,5,1,0,21.78,23.47,0.199,23.62,0.168,0.0144,0.0124
3170,5,2,0,22.5,23.22,0.156,23.26,0.079,0.0144,0.0124
3171,5,3,0,23.12,21.16,-0.207,21.64,-0.041,0.0144,0.0124
3172,5,4,0,23.6,24.26,0.206,24.23,0.227,0.0144,0.0124
3173,5,5,0,23.9,21.97,-0.037,21.98,0.031,0.0144,0.0124
3174,5,6,0,24.0,24.63,0.194,24.59,0.244,0.0144,0.0124
3175,5,7,0,23.9,22.22,-0.028,22.38,0.014,0.0144,0.0124
3176,5,8,0,23.6,23.27,0.096,23.55,0.115,0.0144,0.0124
3177,5,9,0,23.12,27.43,0.529,27.66,0.592,0.0144,0.0124
3178,5,10,0,22.5,22.31,0.039,22.57,0.06,0.0144,0.0124
3179,5,11,0,21.78,22.33,0.13,21.9,-0.039,0.0144,0.0124
3180,5,12,0,21.0,20.46,-0.202,20.4,-0.162,0.0144,0.0124
3181,5,13,0,20.22,23.53,0.194,23.83,0.174,0.0144,0.0124
3182,5,14,0,19.5,22.57,-0.03,22.7,0.087,0.0144,0.0124
3183,5,15,0,18.88,20.31,-0.189,20.93,-0.113,0.0144,0.0124
3184,5,16,0,18.4,21.35,0.048,21.16,-0.056,0.0144,0.0124
3185,5,17,0,18.1,20.18,-0.123,20.63,-0.146,0.0144,0.0124
3186,5,18,0,18.0,22.96,0.195,22.96,0.072,0.0144,0.0124
3187,5,19,0,18.1,22.72,0.0,22.59,0.125,0.0144,0.0124
3188,5,20,0,18.4,20.73,-0.214,20.79,-0.133,0.0144,0.0124
3189,5,21,0,18.88,23.13,0.143,22.89,0.08,0.0144,0.0124
3190,5,22,0,19.5,24.24,0.195,24.65,0.267,0.0144,0.0124
3191,5,23,0,20.22,22.78,0.078,22.96,0.102,0.0144,0.0124
3192,5,0,0,21.0,22.13,0.078,22.17,0.036,0.0144,0.0124
3193,5,1,0,21.78,23.55,0.147,23.77,0.186,0.0144,0.0124
3194,5,2,0,22.5,20.87,-0.252,21.25,-0.077,0.0144,0.0124
3195,5,3,0,23.12,24.21,0.241,23.8,0.16,0.0144,0.0124
3196,5,4,0,23.6,21.95,0.005,22.23,-0.038,0.0144,0.0124
3197,5,5,0,23.9,21.04,-0.074,21.33,-0.015,0.0144,0.0124
3198,5,6,0,24.0,25.02,0.428,24.92,0.293,0.0144,0.0124
3199,5,7,0,23.9,21.06,-0.207,20.87,-0.065,0.0144,0.0124
3200,5,8,1,23.6,24.89,0.278,24.59,0.262,0.0144,0.0124
3201,5,9,1,23.12,21.06,-0.105,20.53,-0.156,0.0144,0.0124
3202,5,10,1,22.5,21.92,0.063,21.98,-0.011,0.0144,0.0124
3203,5,11,1,21.78,22.76,0.103,22.97,0.079,0.0144,0.0124
3204,5,12,1,21.0,22.64,0.008,22.81,0.119,0.0144,0.0124
3205,5,13,1,20.22,24.65,0.274,24.43,0.262,0.0144,0.0124
3206,5,14,1,19.5,21.68,-0.024,21.83,-0.061,0.0144,0.0124
3207,5,15,1,18.88,23.19,0.166,22.86,0.066,0.0144,0.0124
3208,5,16,1,18.4,22.26,0.051,22.67,0.035,0.0144,0.0124
3209,5,17,1,18.1,20.98,-0.083,20.8,-0.109,0.0144,0.0124
3210,5,18,1,18.0,21.24,-0.062,20.89,-0.117,0.0144,0.0124
3211,5,19,0,18.1,25.74,0.464,25.75,0.34,0.0144,0.0124
3212,5,20,0,18.4,20.14,-0.127,19.8,-0.167,0.0144,0.0124
3213,5,21,0,18.88,21.33,-0.126,21.19,-0.135,0.0144,0.0124
3214,5,22,0,19.5,23.58,0.158,23.64,0.122,0.0144,0.0124
3215,5,23,0,20.22,24.96,0.323,24.81,0.237,0.0144,0.0124
3216,5,0,0,21.0,22.21,0.038,22.3,0.035,0.0144,0.0124
3217,5,1,0,21.78,23.24,0.134,22.9,0.094,0.0144,0.0124
3218,5,2,0,22.5,22.85,0.021,22.87,0.047,0.0144,0.0124
3219,5,3,0,23.12,19.18,-0.241,19.42,-0.232,0.0144,0.0124
3220,5,4,0,23.6,22.96,0.045,22.32,0.037,0.0144,0.0124
3221,5,5,0,23.9,22.7,0.089,22.64,0.064,0.0144,0.0124
3222,5,6,0,24.0,22.68,0.117,22.49,0.036,0.0144,0.0124
3223,5,7,0,23.9,20.5,-0.167,20.27,-0.143,0.0144,0.0124
3224,5,8,1,23.6,22.44,-0.019,22.38,0.062,0.0144,0.0124
3225,5,9,1,23.12,21.52,0.026,21.49,-0.036,0.0144,0.0124
3226,5,10,1,22.5,20.06,-0.197,19.53,-0.284,0.0144,0.0124
3227,5,11,1,21.78,23.47,0.156,23.49,0.127,0.0144,0.0124
3228,5,12,1,21.0,25.11,0.297,25.96,0.407,0.0144,0.0124
3229,5,13,1,20.22,22.65,0.023,22.57,0.024,0.0144,0.0124
3230,5,14,1,19.5,20.8,-0.146,20.92,-0.186,0.0144,0.0124
3231,5,15,1,18.88,23.17,0.184,23.16,0.127,0.0144,0.0124
3232,5,16,1,18.4,20.28,-0.208,19.61,-0.257,0.0144,0.0124
3233,5,17,1,18.1,23.91,0.248,23.91,0.151,0.0144,0.0124
3234,5,18,1,18.0,23.95,0.094,24.16,0.256,0.0144,0.0124
3235,5,19,0,18.1,22.64,0.021,22.76,0.114,0.0144,0.0124
3236,5,20,0,18.4,20.72,-0.087,20.97,-0.132,0.0144,0.0124
3237,5,21,0,18.88,25.48,0.38,25.54,0.309,0.0144,0.0124
3238,5,22,0,19.5,25.68,0.419,25.31,0.301,0.0144,0.0124
3239,5,23,0,20.22,21.57,0.009,21.81,-0.057,0.0144,0.0124
3240,5,0,0,21.0,24.14,0.167,24.45,0.293,0.0144,0.0124
3241,5,1,0,21.78,20.31,-0.145,20.13,-0.213,0.0144,0.0124
3242,5,2,0,22.5,22.9,0.08,22.97,0.122,0.0144,0.0124
3243,5,3,0,23.12,22.16,0.073,22.23,0.046,0.0144,0.0124
3244,5,4,0,23.6,23.68,0.194,23.33,0.107,0.0144,0.0124
3245,5,5,0,23.9,20.58,-0.187,20.56,-0.121,0.0144,0.0124
3246,5,6,0,24.0,23.72,0.131,23.15,0.071,0.0144,0.0124
3247,5,7,0,23.9,21.81,-0.032,21.94,-0.023,0.0144,0.0124
3248,5,8,1,23.6,24.45,0.307,23.76,0.16,0.0144,0.0124
3249,5,9,1,23.12,22.38,0.115,22.22,-0.014,0.0144,0.0124
3250,5,10,1,22.5,22.52,-0.029,22.68,0.04,0.0144,0.0124
3251,5,11,1,21.78,22.28,-0.013,22.01,-0.009,0.0144,0.0124
3252,5,12,1,21.0,23.47,0.201,23.37,0.107,0.0144,0.0124
3253,5,13,1,20.22,20.62,-0.171,21.2,-0.119,0.0144,0.0124
3254,5,14,1,19.5,19.89,-0.228,20.21,-0.187,0.0144,0.0124
3255,5,15,1,18.88,22.26,0.017,22.57,0.127,0.0144,0.0124
3256,5,16,1,18.4,22.7,0.11,23.02,0.101,0.0144,0.0124
3257,5,17,1,18.1,21.62,-0.013,21.72,-0.045,0.0144,0.0124
3258,5,18,1,18.0,22.75,0.178,23.12,0.138,0.0144,0.0124
3259,5,19,0,18.1,25.29,0.365,25.11,0.351,0.0144,0.0124
3260,5,20,0,18.4,21.16,0.002,21.01,-0.128,0.0144,0.0124
3261,5,21,0,18.88,20.49,-0.091,20.95,-0.092,0.0144,0.0124
3262,5,22,0,19.5,22.43,0.057,22.3,0.077,0.0144,0.0124
3263,5,23,0,20.22,22.86,0.041,23.51,0.15,0.0144,0.0124
3264,5,0,0,21.0,21.94,-0.014,21.61,-0.026,0.0144,0.0124
3265,5,1,0,21.78,23.29,0.152,23.94,0.228,0.0144,0.0124
3266,5,2,0,22.5,22.6,0.18,23.1,0.126,0.0144,0.0124
3267,5,3,0,23.12,21.01,-0.085,20.85,-0.102,0.0144,0.0124
3268,5,4,0,23.6,23.55,0.155,23.69,0.149,0.0144,0.0124
3269,5,5,0,23.9,23.1,0.161,23.66,0.182,0.0144,0.0124
3270,5,6,0,24.0,24.04,0.179,23.93,0.171,0.0144,0.0124
3271,5,7,0,23.9,22.31,0.092,22.19,0.004,0.0144,0.0124
3272,5,8,1,23.6,21.3,-0.093,21.88,-0.008,0.0144,0.0124
3273,5,9,1,23.12,23.18,0.179,22.84,0.103,0.0144,0.0124
3274,5,10,1,22.5,24.84,0.289,24.63,0.265,0.0144,0.0124
3275,5,11,1,21.78,22.9,0.095,22.46,0.003,0.0144,0.0124
3276,5,12,1,21.0,23.04,0.011,22.4,0.064,0.0144,0.0124
3277,5,13,1,20.22,21.68,0.032,21.38,-0.052,0.0144,0.0124
3278,5,14,1,19.5,23.81,0.315,23.76,0.158,0.0144,0.0124
3279,5,15,1,18.88,25.12,0.229,25.1,0.324,0.0144,0.0124
3280,5,16,1,18.4,22.97,0.051,22.66,0.065,0.0144,0.0124
3281,5,17,1,18.1,23.02,0.155,22.28,0.014,0.0144,0.0124
3282,5,18,1,18.0,20.5,-0.151,20.78,-0.085,0.0144,0.0124
3283,5,19,0,18.1,23.16,0.108,23.16,0.13,0.0144,0.0124
3284,5,20,0,18.4,21.88,0.018,21.62,-0.042,0.0144,0.0124
3285,5,21,0,18.88,22.55,0.049,22.88,0.088,0.0144,0.0124
3286,5,22,0,19.5,21.6,-0.022,21.73,-0.0,0.0144,0.0124
3287,5,23,0,20.22,21.63,0.003,21.49,-0.043,0.0144,0.0124
3288,5,0,0,21.0,21.14,-0.171,21.53,-0.023,0.0144,0.0124
3289,5,1,0,21.78,20.6,-0.217,21.17,-0.049,0.0144,0.0124
3290,5,2,0,22.5,22.38,0.047,22.27,0.046,0.0144,0.0124
3291,5,3,0,23.12,21.14,-0.053,20.9,-0.161,0.0144,0.0124
3292,5,4,0,23.6,21.62,-0.086,22.54,0.088,0.0144,0.0124
3293,5,5,0,23.9,21.62,-0.005,21.77,0.011,0.0144,0.0124
3294,5,6,0,24.0,22.2,-0.01,22.8,0.087,0.0144,0.0124
3295,5,7,0,23.9,22.87,0.072,22.53,0.058,0.0144,0.0124
3296,5,8,1,23.6,21.85,-0.057,22.58,0.094,0.0144,0.0124
3297,5,9,1,23.12,23.78,0.135,23.78,0.155,0.0144,0.0124
3298,5,10,1,22.5,21.72,-0.078,21.19,-0.126,0.0144,0.0124
3299,5,11,1,21.78,24.52,0.291,24.7,0.288,0.0144,0.0124
3300,5,12,1,21.0,22.75,0.045,23.19,0.122,0.0144,0.0124
3301,5,13,1,20.22,23.62,0.317,23.22,0.123,0.0144,0.0124
3302,5,14,1,19.5,22.71,0.117,23.09,0.11,0.0144,0.0124
3303,5,15,1,18.88,22.7,0.042,22.24,0.04,0.0144,0.0124
3304,5,16,1,18.4,23.17,0.111,23.53,0.112,0.0144,0.0124
3305,5,17,1,18.1,24.09,0.253,24.52,0.247,0.0144,0.0124
3306,5,18,1,18.0,24.07,0.212,25.1,0.27,0.0144,0.0124
3307,5,19,0,18.1,21.62,-0.118,21.81,-0.014,0.0144,0.0124
3308,5,20,0,18.4,23.07,0.173,23.53,0.179,0.0144,0.0124
3309,5,21,0,18.88,19.26,-0.239,19.53,-0.239,0.0144,0.0124
3310,5,22,0,19.5,19.9,-0.268,19.67,-0.293,0.0144,0.0124
3311,5,23,0,20.22,22.5,0.181,22.26,0.021,0.0144,0.0124
3312,5,0,0,21.0,24.44,0.218,23.97,0.2,0.0144,0.0124
3313,5,1,0,21.78,21.14,-0.097,21.01,-0.106,0.0144,0.0124
3314,5,2,0,22.5,25.28,0.352,25.4,0.356,0.0144,0.0124
3315,5,3,0,23.12,23.42,0.126,23.39,0.144,0.0144,0.0124
3316,5,4,0,23.6,24.24,0.212,24.57,0.28,0.0144,0.0124
3317,5,5,0,23.9,22.21,-0.003,22.22,0.016,0.0144,0.0124
3318,5,6,0,24.0,24.51,0.258,24.54,0.211,0.0144,0.0124
3319,5,7,0,23.9,22.04,-0.038,21.96,-0.003,0.0144,0.0124
3320,5,8,0,23.6,21.86,-0.008,21.88,-0.041,0.0144,0.0124
3321,5,9,0,23.12,21.9,0.049,21.93,0.0,0.0144,0.0124
3322,5,10,0,22.5,21.51,0.036,21.63,-0.01,0.0144,0.0124
3323,5,11,0,21.78,23.32,0.204,23.54,0.186,0.0144,0.0124
3324,5,12,0,21.0,23.35,0.081,23.67,0.122,0.0144,0.0124
3325,5,13,0,20.22,22.74,0.046,22.76,0.1,0.0144,0.0124
3326,5,14,0,19.5,19.71,-0.254,19.55,-0.295,0.0144,0.0124
3327,5,15,0,18.88,24.74,0.245,24.33,0.261,0.0144,0.0124
3328,5,16,0,18.4,23.47,0.181,23.14,0.122,0.0144,0.0124
3329,5,17,0,18.1,26.0,0.393,26.12,0.386,0.0144,0.0124
3330,5,18,0,18.0,21.38,0.007,21.14,-0.086,0.0144,0.0124
3331,5,19,0,18.1,23.35,0.017,23.8,0.219,0.0144,0.0124
3332,5,20,0,18.4,22.58,0.017,22.71,0.049,0.0144,0.0124
3333,5,21,0,18.88,23.23,0.173,23.95,0.233,0.0144,0.0124
3334,5,22,0,19.5,22.21,-0.018,22.03,-0.011,0.0144,0.0124
3335,5,23,0,20.22,19.42,-0.286,19.2,-0.285,0.0144,0.0124
3336,5,0,0,21.0,22.7,0.069,22.81,0.063,0.0144,0.0124
3337,5,1,0,21.78,19.55,-0.293,19.38,-0.248,0.0144,0.0124
3338,5,2,0,22.5,23.86,0.224,24.15,0.211,0.0144,0.0124
3339,5,3,0,23.12,21.72,-0.104,21.49,-0.021,0.0144,0.0124
3340,5,4,0,23.6,22.24,-0.018,21.86,-0.04,0.0144,0.0124
3341,5,5,0,23.9,22.56,0.039,22.88,0.021,0.0144,0.0124
3342,5,6,0,24.0,22.22,0.01,22.17,-0.002,0.0144,0.0124
3343,5,7,0,23.9,22.83,0.081,22.85,0.097,0.0144,0.0124
3344,5,8,0,23.6,21.86,0.055,21.71,-0.012,0.0144,0.0124
3345,5,9,0,23.12,23.74,0.2,24.11,0.239,0.0144,0.0124
3346,5,10,0,22.5,20.13,-0.196,20.19,-0.13,0.0144,0.0124
3347,5,11,0,21.78,23.89,0.208,23.7,0.175,0.0144,0.0124
3348,5,12,0,21.0,23.18,0.136,22.88,0.081,0.0144,0.0124
3349,5,13,0,20.22,22.92,0.063,22.71,0.106,0.0144,0.0124
3350,5,14,0,19.5,20.92,-0.11,20.63,-0.16,0.0144,0.0124
3351,5,15,0,18.88,21.17,-0.158,21.2,-0.11,0.0144,0.0124
3352,5,16,0,18.4,25.58,0.321,25.72,0.384,0.0144,0.0124
3353,5,17,0,18.1,23.35,0.129,23.65,0.194,0.0144,0.0124
3354,5,18,0,18.0,19.44,-0.248,19.13,-0.278,0.0144,0.0124
3355,5,19,0,18.1,21.13,-0.118,21.21,-0.087,0.0144,0.0124
3356,5,20,0,18.4,24.04,0.154,24.31,0.199,0.0144,0.0124
3357,5,21,0,18.88,21.88,-0.045,21.88,0.019,0.0144,0.0124
3358,5,22,0,19.5,23.02,0.039,23.14,0.149,0.0144,0.0124
3359,5,23,0,20.22,18.27,-0.326,18.52,-0.361,0.0144,0.0124
3360,5,0,0,21.0,24.41,0.244,24.39,0.249,0.0144,0.0124
3361,5,1,0,21.78,27.28,0.563,27.68,0.541,0.0144,0.0124
3362,5,2,0,22.5,22.72,0.113,22.47,0.051,0.0144,0.0124
3363,5,3,0,23.12,20.81,-0.161,20.84,-0.112,0.0144,0.0124
3364,5,4,0,23.6,21.21,-0.041,21.22,-0.08,0.0144,0.0124
3365,5,5,0,23.9,21.91,0.026,21.97,-0.036,0.0144,0.0124
3366,5,6,0,24.0,22.89,0.118,23.29,0.13,0.0144,0.0124
3367,5,7,0,23.9,23.46,0.184,23.6,0.099,0.0144,0.0124
3368,5,8,1,23.6,20.17,-0.258,20.47,-0.141,0.0144,0.0124
3369,5,9,1,23.12,21.97,0.015,21.67,-0.027,0.0144,0.0124
3370,5,10,1,22.5,25.67,0.439,25.48,0.358,0.0144,0.0124
3371,5,11,1,21.78,21.51,-0.021,21.75,-0.024,0.0144,0.0124
3372,5,12,1,21.0,22.9,0.049,22.72,0.095,0.0144,0.0124
3373,5,13,1,20.22,22.16,0.03,22.14,0.022,0.0144,0.0124
3374,5,14,1,19.5,20.36,-0.158,20.74,-0.132,0.0144,0.0124
3375,5,15,1,18.88,23.15,0.153,23.22,0.138,0.0144,0.0124
3376,5,16,1,18.4,23.58,0.202,23.98,0.193,0.0144,0.0124
3377,5,17,1,18.1,20.82,-0.13,21.32,-0.083,0.0144,0.0124
3378,5,18,1,18.0,19.89,-0.203,20.0,-0.246,0.0144,0.0124
3379,5,19,0,18.1,23.18,0.253,23.03,0.086,0.0144,0.0124
3380,5,20,0,18.4,21.85,0.049,21.58,-0.053,0.0144,0.0124
3381,5,21,0,18.88,21.41,-0.128,21.62,-0.019,0.0144,0.0124
3382,5,22,0,19.5,25.17,0.349,25.34,0.36,0.0144,0.0124
3383,5,23,0,20.22,25.06,0.328,25.43,0.37,0.0144,0.0124
3384,5,0,0,21.0,21.17,-0.133,21.4,-0.071,0.0144,0.0124
3385,5,1,0,21.78,17.88,-0.445,18.0,-0.367,0.0144,0.0124
3386,5,2,0,22.5,23.09,0.054,23.42,0.173,0.0144,0.0124
3387,5,3,0,23.12,25.66,0.405,25.89,0.394,0.0144,0.0124
3388,5,4,0,23.6,21.71,-0.104,21.94,-0.018,0.0144,0.0124
3389,5,5,0,23.9,19.84,-0.184,19.63,-0.222,0.0144,0.0124
3390,5,6,0,24.0,22.58,-0.037,22.63,0.052,0.0144,0.0124
3391,5,7,0,23.9,21.48,-0.022,21.28,-0.098,0.0144,0.0124
3392,5,8,1,23.6,21.59,-0.055,20.97,-0.136,0.0144,0.0124
3393,5,9,1,23.12,22.62,0.067,22.33,0.029,0.0144,0.0124
3394,5,10,1,22.5,25.01,0.209,25.16,0.278,0.0144,0.0124
3395,5,11,1,21.78,22.58,-0.09,22.3,0.071,0.0144,0.0124
3396,5,12,1,21.0,23.58,0.128,23.74,0.186,0.0144,0.0124
3397,5,13,1,20.22,21.44,-0.102,21.5,-0.004,0.0144,0.0124
3398,5,14,1,19.5,20.14,-0.184,20.51,-0.163,0.0144,0.0124
3399,5,15,1,18.88,22.75,0.143,22.97,0.106,0.0144,0.0124
3400,5,16,1,18.4,21.16,0.007,21.18,-0.042,0.0144,0.0124
3401,5,17,1,18.1,23.86,0.221,24.1,0.245,0.0144,0.0124
3402,5,18,1,18.0,21.82,-0.015,21.41,-0.084,0.0144,0.0124
3403,5,19,0,18.1,20.92,0.016,20.7,-0.126,0.0144,0.0124
3404,5,20,0,18.4,23.04,0.012,22.68,0.043,0.0144,0.0124
3405,5,21,0,18.88,24.66,0.296,24.76,0.298,0.0144,0.0124
3406,5,22,0,19.5,21.61,-0.07,22.03,0.045,0.0144,0.0124
3407,5,23,0,20.22,23.16,0.079,22.63,0.009,0.0144,0.0124
3408,5,0,0,21.0,24.24,0.113,24.24,0.235,0.0144,0.0124
3409,5,1,0,21.78,21.69,0.053,21.25,-0.072,0.0144,0.0124
3410,5,2,0,22.5,22.06,-0.07,21.94,-0.045,0.0144,0.0124
3411,5,3,0,23.12,24.43,0.244,24.29,0.167,0.0144,0.0124
3412,5,4,0,23.6,20.52,-0.129,20.71,-0.077,0.0144,0.0124
3413,5,5,0,23.9,24.51,0.275,24.45,0.235,0.0144,0.0124
3414,5,6,0,24.0,25.58,0.367,25.93,0.399,0.0144,0.0124
3415,5,7,0,23.9,24.67,0.345,24.84,0.218,0.0144,0.0124
3416,5,8,1,23.6,23.19,0.207,23.04,0.15,0.0144,0.0124
3417,5,9,1,23.12,22.55,0.144,23.01,0.103,0.0144,0.0124
3418,5,10,1,22.5,26.21,0.41,26.2,0.446,0.0144,0.0124
3419,5,11,1,21.78,21.97,0.067,21.99,0.0,0.0144,0.0124
3420,5,12,1,21.0,19.96,-0.239,20.07,-0.167,0.0144,0.0124
3421,5,13,1,20.22,23.54,0.2,23.99,0.231,0.0144,0.0124
3422,5,14,1,19.5,21.5,0.048,21.74,-0.047,0.0144,0.0124
3423,5,15,1,18.88,25.2,0.277,25.03,0.312,0.0144,0.0124
3424,5,16,1,18.4,23.57,0.109,23.85,0.198,0.0144,0.0124
3425,5,17,1,18.1,21.47,-0.099,21.02,-0.12,0.0144,0.0124
3426,5,18,1,18.0,23.28,0.055,23.63,0.173,0.0144,0.0124
3427,5,19,0,18.1,20.73,-0.158,20.92,-0.139,0.0144,0.0124
3428,5,20,0,18.4,23.7,0.154,23.52,0.086,0.0144,0.0124
3429,5,21,0,18.88,23.92,0.192,24.17,0.171,0.0144,0.0124
3430,5,22,0,19.5,24.31,0.209,24.11,0.281,0.0144,0.0124
3431,5,23,0,20.22,21.44,-0.027,21.67,-0.022,0.0144,0.0124
3432,5,0,0,21.0,22.92,0.106,23.04,0.102,0.0144,0.0124
3433,5,1,0,21.78,24.77,0.328,24.37,0.262,0.0144,0.0124
3434,5,2,0,22.5,23.55,0.15,23.88,0.132,0.0144,0.0124
3435,5,3,0,23.12,22.39,0.003,22.09,-0.028,0.0144,0.0124
3436,5,4,0,23.6,21.78,-0.14,21.6,-0.018,0.0144,0.0124
3437,5,5,0,23.9,25.83,0.373,26.01,0.4,0.0144,0.0124
3438,5,6,0,24.0,21.87,-0.015,21.9,-0.036,0.0144,0.0124
3439,5,7,0,23.9,25.02,0.338,24.58,0.255,0.0144,0.0124
3440,5,8,1,23.6,25.35,0.317,25.45,0.338,0.0144,0.0124
3441,5,9,1,23.12,22.56,0.018,22.22,-0.032,0.0144,0.0124
3442,5,10,1,22.5,21.12,-0.073,21.14,-0.145,0.0144,0.0124
3443,5,11,1,21.78,22.29,0.021,22.46,0.027,0.0144,0.0124
3444,5,12,1,21.0,21.88,-0.044,21.72,-0.023,0.0144,0.0124
3445,5,13,1,20.22,25.96,0.38,25.74,0.372,0.0144,0.0124
3446,5,14,1,19.5,21.47,-0.172,21.8,-0.036,0.0144,0.0124
3447,5,15,1,18.88,23.73,0.132,23.64,0.177,0.0144,0.0124
3448,5,16,1,18.4,23.86,0.146,23.92,0.206,0.0144,0.0124
3449,5,17,1,18.1,21.9,0.064,22.12,-0.066,0.0144,0.0124
3450,5,18,1,18.0,22.67,0.189,22.15,0.001,0.0144,0.0124
3451,5,19,0,18.1,23.62,0.122,23.61,0.133,0.0144,0.0124
3452,5,20,0,18.4,24.88,0.385,25.17,0.318,0.0144,0.0124
3453,5,21,0,18.88,22.93,0.079,22.85,0.054,0.0144,0.0124
3454,5,22,0,19.5,22.63,0.085,22.39,0.044,0.0144,0.0124
3455,5,23,0,20.22,22.93,0.091,23.43,0.166,0.0144,0.0124
3456,5,0,0,21.0,25.58,0.415,25.97,0.388,0.0144,0.0124
3457,5,1,0,21.78,22.84,0.109,22.45,0.053,0.0144,0.0124
3458,5,2,0,22.5,22.54,-0.007,22.84,0.133,0.0144,0.0124
3459,5,3,0,23.12,23.85,0.178,23.83,0.198,0.0144,0.0124
3460,5,4,0,23.6,24.78,0.285,24.81,0.282,0.0144,0.0124
3461,5,5,0,23.9,25.17,0.316,25.06,0.35,0.0144,0.0124
3462,5,6,0,24.0,22.72,0.026,23.06,0.1,0.0144,0.0124
3463,5,7,0,23.9,24.73,0.265,24.52,0.26,0.0144,0.0124
3464,5,8,1,23.6,21.02,-0.093,20.89,-0.109,0.0144,0.0124
3465,5,9,1,23.12,24.42,0.199,24.88,0.292,0.0144,0.0124
3466,5,10,1,22.5,23.51,0.187,23.97,0.205,0.0144,0.0124
3467,5,11,1,21.78,23.5,0.104,23.7,0.176,0.0144,0.0124
3468,5,12,1,21.0,24.69,0.275,24.63,0.255,0.0144,0.0124
3469,5,13,1,20.22,19.03,-0.282,19.04,-0.312,0.0144,0.0124
3470,5,14,1,19.5,20.77,-0.085,20.5,-0.09,0.0144,0.0124
3471,5,15,1,18.88,24.57,0.3,24.17,0.197,0.0144,0.0124
3472,5,16,1,18.4,21.63,-0.002,21.49,-0.022,0.0144,0.0124
3473,5,17,1,18.1,22.35,0.059,22.33,0.05,0.0144,0.0124
3474,5,18,1,18.0,24.26,0.227,23.88,0.156,0.0144,0.0124
3475,5,19,0,18.1,22.42,0.04,22.36,0.012,0.0144,0.0124
3476,5,20,0,18.4,20.27,-0.18,19.64,-0.249,0.0144,0.0124
3477,5,21,0,18.88,21.49,-0.094,21.88,0.031,0.0144,0.0124
3478,5,22,0,19.5,24.94,0.298,24.35,0.223,0.0144,0.0124
3479,5,23,0,20.22,18.13,-0.348,17.7,-0.37,0.0144,0.0124
3480,5,0,0,21.0,23.85,0.184,23.95,0.246,0.0144,0.0124
3481,5,1,0,21.78,25.72,0.272,25.55,0.292,0.0144,0.0124
3482,5,2,0,22.5,24.48,0.257,24.47,0.193,0.0144,0.0124
3483,5,3,0,23.12,21.37,-0.053,21.28,-0.084,0.0144,0.0124
3484,5,4,0,23.6,20.94,-0.045,20.71,-0.122,0.0144,0.0124
3485,5,5,0,23.9,23.42,-0.006,23.15,0.099,0.0144,0.0124
3486,5,6,0,24.0,21.2,0.084,21.3,-0.049,0.0144,0.0124
3487,5,7,0,23.9,26.6,0.429,26.77,0.488,0.0144,0.0124
3488,5,8,0,23.6,25.17,0.288,25.72,0.38,0.0144,0.0124
3489,5,9,0,23.12,20.36,-0.087,20.6,-0.138,0.0144,0.0124
3490,5,10,0,22.5,21.5,-0.029,21.61,-0.037,0.0144,0.0124
3491,5,11,0,21.78,22.77,0.127,22.72,0.094,0.0144,0.0124
3492,5,12,0,21.0,21.03,-0.11,20.72,-0.106,0.0144,0.0124
3493,5,13,0,20.22,22.72,0.085,22.53,0.043,0.0144,0.0124
3494,5,14,0,19.5,23.82,0.166,23.92,0.199,0.0144,0.0124
3495,5,15,0,18.88,24.47,0.267,24.3,0.228,0.0144,0.0124
3496,5,16,0,18.4,23.14,0.12,22.94,0.128,0.0144,0.0124
3497,5,17,0,18.1,21.09,-0.155,20.7,-0.166,0.0144,0.0124
3498,5,18,0,18.0,23.39,0.124,22.97,0.116,0.0144,0.0124
3499,5,19,0,18.1,23.12,0.122,23.01,0.104,0.0144,0.0124
3500,5,20,0,18.4,22.16,0.128,22.1,0.034,0.0144,0.0124
3501,5,21,0,18.88,26.22,0.418,26.07,0.367,0.0144,0.0124
3502,5,22,0,19.5,21.29,-0.098,21.86,0.043,0.0144,0.0124
3503,5,23,0,20.22,20.63,-0.154,20.32,-0.17,0.0144,0.0124
3504,5,0,0,21.0,23.88,0.168,24.02,0.198,0.0144,0.0124
3505,5,1,0,21.78,22.02,-0.042,21.75,0.006,0.0144,0.0124
3506,5,2,0,22.5,19.76,-0.241,20.24,-0.199,0.0144,0.0124
3507,5,3,0,23.12,23.61,0.217,24.06,0.221,0.0144,0.0124
3508,5,4,0,23.6,24.13,0.187,23.62,0.134,0.0144,0.0124
3509,5,5,0,23.9,24.34,0.276,24.22,0.238,0.0144,0.0124
3510,5,6,0,24.0,21.21,-0.015,21.03,-0.12,0.0144,0.0124
3511,5,7,0,23.9,22.69,0.053,22.45,0.044,0.0144,0.0124
3512,5,8,0,23.6,21.33,-0.053,21.04,-0.122,0.0144,0.0124
3513,5,9,0,23.12,21.28,-0.075,21.0,-0.071,0.0144,0.0124
3514,5,10,0,22.5,24.76,0.383,24.54,0.224,0.0144,0.0124
3515,5,11,0,21.78,24.13,0.169,23.91,0.169,0.0144,0.0124
3516,5,12,0,21.0,22.42,0.076,22.6,0.031,0.0144,0.0124
3517,5,13,0,20.22,21.02,-0.104,20.74,-0.132,0.0144,0.0124
3518,5,14,0,19.5,21.07,0.021,21.16,-0.1,0.0144,0.0124
3519,5,15,0,18.88,21.85,-0.043,22.02,0.022,0.0144,0.0124
3520,5,16,0,18.4,21.42,-0.041,21.97,-0.021,0.0144,0.0124
3521,5,17,0,18.1,21.62,0.03,21.46,-0.092,0.0144,0.0124
3522,5,18,0,18.0,21.5,-0.051,21.33,-0.075,0.0144,0.0124
3523,5,19,0,18.1,20.26,-0.179,20.14,-0.205,0.0144,0.0124
3524,5,20,0,18.4,23.53,0.149,23.81,0.188,0.0144,0.0124
3525,5,21,0,18.88,19.26,-0.224,19.13,-0.299,0.0144,0.0124
3526,5,22,0,19.5,21.39,0.03,22.08,0.022,0.0144,0.0124
3527,5,23,0,20.22,24.21,0.181,23.54,0.14,0.0144,0.0124
3528,5,0,0,21.0,22.15,-0.113,22.0,0.011,0.0144,0.0124
3529,5,1,0,21.78,23.32,0.092,23.8,0.154,0.0144,0.0124
3530,5,2,0,22.5,18.48,-0.307,18.39,-0.379,0.0144,0.0124
3531,5,3,0,23.12,25.72,0.379,25.64,0.323,0.0144,0.0124
3532,5,4,0,23.6,22.93,0.128,22.34,0.055,0.0144,0.0124
3533,5,5,0,23.9,24.54,0.262,24.23,0.24,0.0144,0.0124
3534,5,6,0,24.0,23.16,-0.003,22.9,0.101,0.0144,0.0124
3535,5,7,0,23.9,22.27,0.065,22.1,0.009,0.0144,0.0124
3536,5,8,1,23.6,20.52,-0.204,19.94,-0.134,0.0144,0.0124
3537,5,9,1,23.12,23.58,0.149,23.64,0.157,0.0144,0.0124
3538,5,10,1,22.5,24.25,0.254,24.1,0.2,0.0144,0.0124
3539,5,11,1,21.78,25.41,0.403,25.63,0.346,0.0144,0.0124
3540,5,12,1,21.0,24.09,0.214,23.99,0.248,0.0144,0.0124
3541,5,13,1,20.22,20.94,-0.085,21.0,-0.085,0.0144,0.0124
3542,5,14,1,19.5,21.82,-0.082,22.45,0.089,0.0144,0.0124
3543,5,15,1,18.88,24.32,0.153,24.89,0.263,0.0144,0.0124
3544,5,16,1,18.4,24.74,0.193,24.17,0.203,0.0144,0.0124
3545,5,17,1,18.1,22.79,0.07,23.27,0.108,0.0144,0.0124
3546,5,18,1,18.0,22.97,0.119,23.11,0.105,0.0144,0.0124
3547,5,19,0,18.1,19.57,-0.172,19.29,-0.265,0.0144,0.0124
3548,5,20,0,18.4,22.02,-0.055,22.35,0.028,0.0144,0.0124
3549,5,21,0,18.88,22.71,0.076,22.57,0.052,0.0144,0.0124
3550,5,22,0,19.5,20.4,-0.226,20.46,-0.149,0.0144,0.0124
3551,5,23,0,20.22,24.56,0.198,24.48,0.244,0.0144,0.0124
3552,5,0,0,21.0,21.25,-0.082,21.43,-0.006,0.0144,0.0124
3553,5,1,0,21.78,24.24,0.26,24.2,0.208,0.0144,0.0124
3554,5,2,0,22.5,22.55,0.093,22.44,0.087,0.0144,0.0124
3555,5,3,0,23.12,23.7,0.216,23.97,0.214,0.0144,0.0124
3556,5,4,0,23.6,20.79,-0.031,21.3,-0.077,0.0144,0.0124
3557,5,5,0,23.9,21.94,0.022,22.13,0.007,0.0144,0.0124
3558,5,6,0,24.0,20.62,-0.11,20.72,-0.107,0.0144,0.0124
3559,5,7,0,23.9,23.02,0.152,22.94,0.096,0.0144,0.0124
3560,5,8,1,23.6,21.8,-0.107,21.75,-0.031,0.0144,0.0124
3561,5,9,1,23.12,23.53,0.229,23.63,0.156,0.0144,0.0124
3562,5,10,1,22.5,23.23,0.24,23.47,0.151,0.0144,0.0124
3563,5,11,1,21.78,20.93,-0.013,21.19,-0.091,0.0144,0.0124
3564,5,12,1,21.0,23.76,0.227,24.13,0.217,0.0144,0.0124
3565,5,13,1,20.22,21.45,-0.032,21.43,-0.03,0.0144,0.0124
3566,5,14,1,19.5,23.0,0.128,22.89,0.114,0.0144,0.0124
3567,5,15,1,18.88,23.07,0.098,22.82,0.11,0.0144,0.0124
3568,5,16,1,18.4,20.43,-0.082,19.8,-0.205,0.0144,0.0124
3569,5,17,1,18.1,23.41,0.178,23.09,0.117,0.0144,0.0124
3570,5,18,1,18.0,20.12,-0.18,20.55,-0.157,0.0144,0.0124
3571,5,19,0,18.1,21.93,0.023,21.33,-0.059,0.0144,0.0124
3572,5,20,0,18.4,22.21,-0.048,22.59,0.041,0.0144,0.0124
3573,5,21,0,18.88,21.22,-0.074,21.14,-0.073,0.0144,0.0124
3574,5,22,0,19.5,21.98,0.082,21.72,0.044,0.0144,0.0124
3575,5,23,0,20.22,22.71,0.145,22.49,0.005,0.0144,0.0124
3576,5,0,0,21.0,22.0,-0.058,21.79,-0.03,0.0144,0.0124
3577,5,1,0,21.78,21.2,-0.078,21.21,-0.098,0.0144,0.0124
3578,5,2,0,22.5,21.94,0.035,21.87,-0.017,0.0144,0.0124
3579,5,3,0,23.12,23.74,0.202,23.91,0.233,0.0144,0.0124
3580,5,4,0,23.6,20.82,-0.03,20.68,-0.14,0.0144,0.0124
3581,5,5,0,23.9,18.28,-0.366,18.22,-0.457,0.0144,0.0124
3582,5,6,0,24.0,24.5,0.267,24.29,0.222,0.0144,0.0124
3583,5,7,0,23.9,20.57,-0.19,20.25,-0.143,0.0144,0.0124
3584,5,8,1,23.6,22.28,-0.019,22.12,0.048,0.0144,0.0124
3585,5,9,1,23.12,24.7,0.294,25.05,0.314,0.0144,0.0124
3586,5,10,1,22.5,20.68,-0.167,20.6,-0.195,0.0144,0.0124
3587,5,11,1,21.78,24.09,0.268,23.88,0.214,0.0144,0.0124
3588,5,12,1,21.0,23.34,0.103,23.52,0.208,0.0144,0.0124
3589,5,13,1,20.22,22.56,0.024,22.66,0.038,0.0144,0.0124
3590,5,14,1,19.5,23.22,0.082,23.28,0.085,0.0144,0.0124
3591,5,15,1,18.88,20.6,-0.171,20.95,-0.115,0.0144,0.0124
3592,5,16,1,18.4,24.68,0.231,24.34,0.211,0.0144,0.0124
3593,5,17,1,18.1,24.93,0.33,25.53,0.376,0.0144,0.0124
3594,5,18,1,18.0,21.63,-0.024,22.21,0.047,0.0144,0.0124
3595,5,19,0,18.1,22.34,0.117,22.26,0.042,0.0144,0.0124
3596,5,20,0,18.4,24.68,0.225,24.75,0.258,0.0144,0.0124
3597,5,21,0,18.88,22.65,0.01,22.47,0.083,0.0144,0.0124
3598,5,22,0,19.5,21.68,-0.017,21.72,-0.045,0.0144,0.0124
3599,5,23,0,20.22,24.68,0.281,24.34,0.241,0.0144,0.0124
3600,5,0,0,21.0,22.42,0.085,22.03,0.025,0.0144,0.0124
3601,5,1,0,21.78,21.49,-0.033,21.7,-0.069,0.0144,0.0124
3602,5,2,0,22.5,21.22,-0.063,21.56,-0.061,0.0144,0.0124
3603,5,3,0,23.12,21.21,-0.101,21.06,-0.12,0.0144,0.0124
3604,5,4,0,23.6,19.89,-0.163,20.23,-0.215,0.0144,0.0124
3605,5,5,0,23.9,22.7,0.057,22.43,0.033,0.0144,0.0124
3606,5,6,0,24.0,21.86,-0.036,22.46,0.022,0.0144,0.0124
3607,5,7,0,23.9,21.36,-0.147,21.67,-0.056,0.0144,0.0124
3608,5,8,1,23.6,24.67,0.277,24.74,0.338,0.0144,0.0124
3609,5,9,1,23.12,22.87,0.073,22.66,0.032,0.0144,0.0124
3610,5,10,1,22.5,24.38,0.295,24.56,0.292,0.0144,0.0124
3611,5,11,1,21.78,21.88,-0.015,21.6,-0.067,0.0144,0.0124
3612,5,12,1,21.0,22.75,0.066,23.09,0.113,0.0144,0.0124
3613,5,13,1,20.22,22.36,0.003,22.6,-0.006,0.0144,0.0124
3614,5,14,1,19.5,23.21,0.143,23.5,0.131,0.0144,0.0124
3615,5,15,1,18.88,20.8,-0.113,20.95,-0.109,0.0144,0.0124
3616,5,16,1,18.4,25.23,0.412,24.95,0.296,0.0144,0.0124
3617,5,17,1,18.1,19.75,-0.177,19.69,-0.242,0.0144,0.0124
3618,5,18,1,18.0,20.29,-0.214,20.24,-0.161,0.0144,0.0124
3619,5,19,0,18.1,23.66,0.131,23.34,0.157,0.0144,0.0124
3620,5,20,0,18.4,21.21,-0.138,20.89,-0.101,0.0144,0.0124
3621,5,21,0,18.88,22.96,0.097,22.76,0.122,0.0144,0.0124
3622,5,22,0,19.5,21.04,-0.073,20.45,-0.158,0.0144,0.0124
3623,5,23,0,20.22,21.43,-0.015,21.63,-0.103,0.0144,0.0124
3624,6,0,0,25.0,21.52,-0.019,22.22,0.042,0.0179,0.0136
3625,6,1,0,25.78,24.26,0.266,24.26,0.248,0.0179,0.0136
3626,6,2,0,26.5,23.31,0.139,23.21,0.104,0.0179,0.0136
3627,6,3,0,27.12,22.52,0.012,22.17,0.008,0.0179,0.0136
3628,6,4,0,27.6,21.08,-0.1,20.93,-0.095,0.0179,0.0136
3629,6,5,0,27.9,23.92,0.259,23.78,0.207,0.0179,0.0136
3630,6,6,0,28.0,23.26,0.142,23.3,0.166,0.0179,0.0136
3631,6,7,0,27.9,24.34,0.236,24.74,0.29,0.0179,0.0136
3632,6,8,1,27.6,24.52,0.236,24.33,0.233,0.0179,0.0136
3633,6,9,1,27.12,23.85,0.173,24.12,0.167,0.0179,0.0136
3634,6,10,1,26.5,22.87,0.012,22.59,0.021,0.0179,0.0136
3635,6,11,1,25.78,22.99,0.101,23.4,0.146,0.0179,0.0136
3636,6,12,1,25.0,24.27,0.253,23.81,0.181,0.0179,0.0136
3637,6,13,1,24.22,23.35,0.094,23.2,0.125,0.0179,0.0136
3638,6,14,1,23.5,24.97,0.272,25.23,0.283,0.0179,0.0136
3639,6,15,1,22.88,19.98,-0.25,20.37,-0.173,0.0179,0.0136
3640,6,16,1,22.4,24.48,0.323,24.0,0.192,0.0179,0.0136
3641,6,17,1,22.1,20.78,-0.158,20.7,-0.116,0.0179,0.0136
3642,6,18,1,22.0,21.53,-0.058,20.95,-0.145,0.0179,0.0136
3643,6,19,0,22.1,22.81,0.056,22.45,0.051,0.0179,0.0136
3644,6,20,0,22.4,22.18,0.052,22.26,-0.009,0.0179,0.0136
3645,6,21,0,22.88,22.4,0.053,21.4,-0.069,0.0179,0.0136
3646,6,22,0,23.5,21.02,-0.039,21.12,-0.102,0.0179,0.0136
3647,6,23,0,24.22,21.08,-0.159,21.13,-0.107,0.0179,0.0136
3648,6,0,0,25.0,24.33,0.139,24.35,0.181,0.0179,0.0136
3649,6,1,0,25.78,22.74,-0.007,23.0,0.114,0.0179,0.0136
3650,6,2,0,26.5,24.5,0.266,25.06,0.321,0.0179,0.0136
3651,6,3,0,27.12,19.3,-0.299,19.93,-0.235,0.0179,0.0136
3652,6,4,0,27.6,22.12,0.122,22.57,0.061,0.0179,0.0136
3653,6,5,0,27.9,24.0,0.148,24.01,0.245,0.0179,0.0136
3654,6,6,0,28.0,21.57,0.022,22.03,0.021,0.0179,0.0136
3655,6,7,0,27.9,25.24,0.316,25.91,0.367,0.0179,0.0136
3656,6,8,0,27.6,19.7,-0.252,20.38,-0.128,0.0179,0.0136
3657,6,9,0,27.12,21.39,-0.096,21.85,-0.051,0.0179,0.0136
3658,6,10,0,26.5,22.19,0.049,22.03,0.001,0.0179,0.0136
3659,6,11,0,25.78,23.44,0.111,23.35,0.118,0.0179,0.0136
3660,6,12,0,25.0,25.57,0.258,25.63,0.348,0.0179,0.0136
3661,6,13,0,24.22,22.65,0.116,23.2,0.092,0.0179,0.0136
3662,6,14,0,23.5,26.13,0.475,26.12,0.377,0.0179,0.0136
3663,6,15,0,22.88,18.9,-0.472,18.48,-0.289,0.0179,0.0136
3664,6,16,0,22.4,22.82,0.105,22.54,0.06,0.0179,0.0136
3665,6,17,0,22.1,23.43,0.129,23.79,0.153,0.0179,0.0136
3666,6,18,0,22.0,23.74,0.179,23.98,0.264,0.0179,0.0136
3667,6,19,0,22.1,21.84,0.005,21.57,-0.063,0.0179,0.0136
3668,6,20,0,22.4,23.24,0.104,22.99,0.156,0.0179,0.0136
3669,6,21,0,22.88,21.89,0.048,21.65,-0.066,0.0179,0.0136
3670,6,22,0,23.5,21.46,-0.007,21.63,-0.0,0.0179,0.0136
3671,6,23,0,24.22,21.38,-0.085,21.56,-0.062,0.0179,0.0136
3672,6,0,0,25.0,24.3,0.244,24.14,0.219,0.0179,0.0136
3673,6,1,0,25.78,20.89,-0.083,21.18,-0.141,0.0179,0.0136
3674,6,2,0,26.5,22.92,0.146,22.68,0.025,0.0179,0.0136
3675,6,3,0,27.12,21.97,-0.001,22.07,0.03,0.0179,0.0136
3676,6,4,0,27.6,20.22,-0.152,20.72,-0.087,0.0179,0.0136
3677,6,5,0,27.9,23.81,0.117,23.81,0.164,0.0179,0.0136
3678,6,6,0,28.0,24.88,0.257,25.3,0.245,0.0179,0.0136
3679,6,7,0,27.9,22.18,0.006,22.09,0.025,0.0179,0.0136
3680,6,8,0,27.6,23.81,0.204,24.11,0.157,0.0179,0.0136
3681,6,9,0,27.12,21.99,0.018,22.68,0.079,0.0179,0.0136
3682,6,10,0,26.5,23.04,-0.015,23.16,0.109,0.0179,0.0136
3683,6,11,0,25.78,22.44,0.047,22.83,0.033,0.0179,0.0136
3684,6,12,0,25.0,23.15,0.054,22.9,0.065,0.0179,0.0136
3685,6,13,0,24.22,23.31,0.156,23.69,0.188,0.0179,0.0136
3686,6,14,0,23.5,23.21,0.156,23.24,0.051,0.0179,0.0136
3687,6,15,0,22.88,22.67,0.125,22.35,0.031,0.0179,0.0136
3688,6,16,0,22.4,22.55,0.105,22.09,0.028,0.0179,0.0136
3689,6,17,0,22.1,23.34,0.095,23.09,0.116,0.0179,0.0136
3690,6,18,0,22.0,21.46,-0.162,21.59,-0.056,0.0179,0.0136
3691,6,19,0,22.1,25.2,0.328,25.33,0.392,0.0179,0.0136
3692,6,20,0,22.4,19.0,-0.32,18.75,-0.299,0.0179,0.0136
3693,6,21,0,22.88,23.81,0.231,23.55,0.143,0.0179,0.0136
3694,6,22,0,23.5,24.32,0.226,24.01,0.186,0.0179,0.0136
3695,6,23,0,24.22,24.08,0.206,23.93,0.208,0.0179,0.0136
3696,6,0,0,25.0,23.32,0.142,23.58,0.146,0.0179,0.0136
3697,6,1,0,25.78,21.98,0.01,21.98,-0.006,0.0179,0.0136
3698,6,2,0,26.5,22.53,0.086,22.07,0.013,0.0179,0.0136
3699,6,3,0,27.12,24.0,0.113,24.0,0.19,0.0179,0.0136
3700,6,4,0,27.6,22.2,-0.084,22.42,0.044,0.0179,0.0136
3701,6,5,0,27.9,23.27,0.131,23.07,0.088,0.0179,0.0136
3702,6,6,0,28.0,21.41,-0.095,21.28,-0.051,0.0179,0.0136
3703,6,7,0,27.9,21.4,0.028,21.13,-0.059,0.0179,0.0136
3704,6,8,1,27.6,19.71,-0.217,19.48,-0.242,0.0179,0.0136
3705,6,9,1,27.12,20.26,-0.132,20.61,-0.124,0.0179,0.0136
3706,6,10,1,26.5,24.54,0.276,24.67,0.314,0.0179,0.0136
3707,6,11,1,25.78,24.15,0.247,23.9,0.17,0.0179,0.0136
3708,6,12,1,25.0,23.26,0.056,23.4,0.136,0.0179,0.0136
3709,6,13,1,24.22,22.9,0.106,22.77,0.101,0.0179,0.0136
3710,6,14,1,23.5,22.45,0.115,22.52,0.066,0.0179,0.0136
3711,6,15,1,22.88,22.8,0.114,22.51,0.061,0.0179,0.0136
3712,6,16,1,22.4,24.43,0.152,24.44,0.193,0.0179,0.0136
3713,6,17,1,22.1,23.6,0.182,23.43,0.147,0.0179,0.0136
3714,6,18,1,22.0,22.25,-0.018,22.22,0.022,0.0179,0.0136
3715,6,19,0,22.1,21.62,-0.054,21.51,-0.056,0.0179,0.0136
3716,6,20,0,22.4,23.88,0.24,23.84,0.231,0.0179,0.0136
3717,6,21,0,22.88,23.78,0.195,23.94,0.22,0.0179,0.0136
3718,6,22,0,23.5,22.63,0.094,22.93,0.082,0.0179,0.0136
3719,6,23,0,24.22,23.84,0.179,23.87,0.173,0.0179,0.0136
3720,6,0,0,25.0,22.75,0.119,23.05,0.115,0.0179,0.0136
3721,6,1,0,25.78,23.4,0.132,23.78,0.145,0.0179,0.0136
3722,6,2,0,26.5,24.45,0.211,24.29,0.175,0.0179,0.0136
3723,6,3,0,27.12,23.36,0.098,22.87,0.105,0.0179,0.0136
3724,6,4,0,27.6,23.58,0.152,23.39,0.113,0.0179,0.0136
3725,6,5,0,27.9,21.68,-0.057,21.76,-0.032,0.0179,0.0136
3726,6,6,0,28.0,20.3,-0.144,20.64,-0.112,0.0179,0.0136
3727,6,7,0,27.9,24.44,0.226,24.19,0.162,0.0179,0.0136
3728,6,8,1,27.6,27.21,0.573,27.17,0.479,0.0179,0.0136
3729,6,9,1,27.12,23.99,0.196,24.55,0.225,0.0179,0.0136
3730,6,10,1,26.5,22.29,0.027,21.62,-0.013,0.0179,0.0136
3731,6,11,1,25.78,22.45,0.071,22.36,0.054,0.0179,0.0136
3732,6,12,1,25.0,20.01,-0.077,20.04,-0.236,0.0179,0.0136
3733,6,13,1,24.22,22.37,0.092,22.95,0.08,0.0179,0.0136
3734,6,14,1,23.5,22.81,0.044,22.81,0.079,0.0179,0.0136
3735,6,15,1,22.88,22.08,-0.029,22.11,-0.027,0.0179,0.0136
3736,6,16,1,22.4,22.44,0.048,22.95,0.085,0.0179,0.0136
3737,6,17,1,22.1,23.63,0.257,23.58,0.158,0.0179,0.0136
3738,6,18,1,22.0,23.55,0.18,23.32,0.141,0.0179,0.0136
3739,6,19,0,22.1,22.42,0.01,22.26,0.035,0.0179,0.0136
3740,6,20,0,22.4,23.44,0.159,23.41,0.139,0.0179,0.0136
3741,6,21,0,22.88,22.65,0.066,22.59,0.14,0.0179,0.0136
3742,6,22,0,23.5,22.97,0.119,23.16,0.108,0.0179,0.0136
3743,6,23,0,24.22,24.44,0.297,24.35,0.225,0.0179,0.0136
3744,6,0,0,25.0,21.06,-0.149,21.17,-0.067,0.0179,0.0136
3745,6,1,0,25.78,20.71,-0.201,20.61,-0.054,0.0179,0.0136
3746,6,2,0,26.5,20.02,-0.141,20.02,-0.167,0.0179,0.0136
3747,6,3,0,27.12,23.78,0.245,23.68,0.196,0.0179,0.0136
3748,6,4,0,27.6,22.82,0.067,22.89,0.062,0.0179,0.0136
3749,6,5,0,27.9,24.36,0.191,24.75,0.27,0.0179,0.0136
3750,6,6,0,28.0,22.28,0.032,22.28,0.056,0.0179,0.0136
3751,6,7,0,27.9,21.38,-0.0,21.13,-0.101,0.0179,0.0136
3752,6,8,1,27.6,20.61,-0.156,20.46,-0.107,0.0179,0.0136
3753,6,9,1,27.12,23.89,0.23,24.23,0.252,0.0179,0.0136
3754,6,10,1,26.5,21.47,-0.103,21.41,-0.065,0.0179,0.0136
3755,6,11,1,25.78,23.53,0.218,23.57,0.122,0.0179,0.0136
3756,6,12,1,25.0,23.25,0.13,22.88,0.11,0.0179,0.0136
3757,6,13,1,24.22,22.18,-0.03,22.34,-0.016,0.0179,0.0136
3758,6,14,1,23.5,23.34,0.084,23.86,0.223,0.0179,0.0136
3759,6,15,1,22.88,22.57,-0.0,22.16,0.017,0.0179,0.0136
3760,6,16,1,22.4,21.89,-0.095,21.5,-0.075,0.0179,0.0136
3761,6,17,1,22.1,22.79,0.054,22.79,0.085,0.0179,0.0136
3762,6,18,1,22.0,24.06,0.2,24.18,0.246,0.0179,0.0136
3763,6,19,0,22.1,21.06,-0.104,20.99,-0.138,0.0179,0.0136
3764,6,20,0,22.4,21.87,0.083,21.25,-0.103,0.0179,0.0136
3765,6,21,0,22.88,24.88,0.316,24.89,0.274,0.0179,0.0136
3766,6,22,0,23.5,22.81,0.114,23.01,0.124,0.0179,0.0136
3767,6,23,0,24.22,21.95,-0.085,21.8,-0.004,0.0179,0.0136
3768,6,0,0,25.0,24.12,0.228,24.61,0.238,0.0179,0.0136
3769,6,1,0,25.78,19.95,-0.294,20.27,-0.184,0.0179,0.0136
3770,6,2,0,26.5,22.16,0.018,22.14,0.018,0.0179,0.0136
3771,6,3,0,27.12,18.88,-0.424,18.88,-0.29,0.0179,0.0136
3772,6,4,0,27.6,21.67,-0.074,21.02,-0.115,0.0179,0.0136
3773,6,5,0,27.9,24.29,0.246,24.35,0.27,0.0179,0.0136
3774,6,6,0,28.0,22.36,0.07,22.58,0.02,0.0179,0.0136
3775,6,7,0,27.9,24.71,0.317,24.28,0.183,0.0179,0.0136
3776,6,8,1,27.6,23.4,0.13,23.96,0.188,0.0179,0.0136
3777,6,9,1,27.12,23.42,0.232,23.32,0.137,0.0179,0.0136
3778,6,10,1,26.5,22.02,-0.045,21.86,-0.033,0.0179,0.0136
3779,6,11,1,25.78,21.97,-0.036,21.83,0.046,0.0179,0.0136
3780,6,12,1,25.0,20.95,-0.075,21.0,-0.081,0.0179,0.0136
3781,6,13,1,24.22,22.41,0.064,22.34,0.042,0.0179,0.0136
3782,6,14,1,23.5,22.11,-0.012,21.64,-0.07,0.0179,0.0136
3783,6,15,1,22.88,21.5,-0.032,21.51,0.004,0.0179,0.0136
3784,6,16,1,22.4,21.69,-0.015,21.93,0.032,0.0179,0.0136
3785,6,17,1,22.1,23.36,0.05,23.06,0.116,0.0179,0.0136
3786,6,18,1,22.0,21.71,-0.093,21.41,-0.054,0.0179,0.0136
3787,6,19,0,22.1,24.76,0.306,24.64,0.261,0.0179,0.0136
3788,6,20,0,22.4,20.57,-0.198,20.79,-0.121,0.0179,0.0136
3789,6,21,0,22.88,21.99,-0.054,22.26,0.037,0.0179,0.0136
3790,6,22,0,23.5,21.24,-0.258,21.09,-0.029,0.0179,0.0136
3791,6,23,0,24.22,23.33,0.076,23.1,0.095,0.0179,0.0136
3792,6,0,0,25.0,23.58,0.15,23.01,0.154,0.0179,0.0136
3793,6,1,0,25.78,20.8,-0.01,20.82,-0.099,0.0179,0.0136
3794,6,2,0,26.5,22.69,0.049,22.84,0.123,0.0179,0.0136
3795,6,3,0,27.12,21.9,-0.029,21.31,-0.098,0.0179,0.0136
3796,6,4,0,27.6,22.08,0.068,22.0,0.021,0.0179,0.0136
3797,6,5,0,27.9,22.89,0.037,22.89,0.024,0.0179,0.0136
3798,6,6,0,28.0,22.67,0.062,22.91,0.075,0.0179,0.0136
3799,6,7,0,27.9,23.2,0.204,23.17,0.154,0.0179,0.0136
3800,6,8,1,27.6,23.94,0.129,24.17,0.237,0.0179,0.0136
3801,6,9,1,27.12,23.06,0.131,23.25,0.138,0.0179,0.0136
3802,6,10,1,26.5,26.55,0.502,26.53,0.439,0.0179,0.0136
3803,6,11,1,25.78,23.69,0.187,23.97,0.247,0.0179,0.0136
3804,6,12,1,25.0,21.17,-0.072,21.03,-0.071,0.0179,0.0136
3805,6,13,1,24.22,22.77,0.044,23.15,0.081,0.0179,0.0136
3806,6,14,1,23.5,22.96,0.123,22.94,0.093,0.0179,0.0136
3807,6,15,1,22.88,21.99,0.0,21.97,-0.012,0.0179,0.0136
3808,6,16,1,22.4,22.2,0.062,22.07,0.013,0.0179,0.0136
3809,6,17,1,22.1,25.89,0.361,25.93,0.473,0.0179,0.0136
3810,6,18,1,22.0,23.12,0.142,23.42,0.16,0.0179,0.0136
3811,6,19,0,22.1,23.3,0.149,22.97,0.058,0.0179,0.0136
3812,6,20,0,22.4,22.24,0.042,22.02,0.012,0.0179,0.0136
3813,6,21,0,22.88,23.22,0.092,23.31,0.123,0.0179,0.0136
3814,6,22,0,23.5,23.88,0.131,24.2,0.174,0.0179,0.0136
3815,6,23,0,24.22,21.41,0.002,21.72,-0.055,0.0179,0.0136
3816,6,0,0,25.0,22.96,0.117,23.51,0.194,0.0179,0.0136
3817,6,1,0,25.78,24.0,0.19,23.73,0.174,0.0179,0.0136
3818,6,2,0,26.5,22.66,0.086,22.93,0.005,0.0179,0.0136
3819,6,3,0,27.12,20.53,-0.138,19.87,-0.205,0.0179,0.0136
3820,6,4,0,27.6,22.92,0.126,22.64,0.085,0.0179,0.0136
3821,6,5,0,27.9,20.62,-0.138,20.18,-0.129,0.0179,0.0136
3822,6,6,0,28.0,25.05,0.268,25.22,0.348,0.0179,0.0136
3823,6,7,0,27.9,21.82,-0.125,21.59,-0.038,0.0179,0.0136
3824,6,8,0,27.6,21.56,-0.159,21.58,-0.036,0.0179,0.0136
3825,6,9,0,27.12,18.85,-0.289,19.18,-0.29,0.0179,0.0136
3826,6,10,0,26.5,23.34,0.138,23.05,0.129,0.0179,0.0136
3827,6,11,0,25.78,17.86,-0.415,17.72,-0.433,0.0179,0.0136
3828,6,12,0,25.0,24.69,0.238,24.35,0.177,0.0179,0.0136
3829,6,13,0,24.22,24.77,0.255,24.69,0.268,0.0179,0.0136
3830,6,14,0,23.5,23.45,0.278,23.56,0.169,0.0179,0.0136
3831,6,15,0,22.88,21.8,-0.039,21.63,-0.082,0.0179,0.0136
3832,6,16,0,22.4,22.56,0.025,22.79,0.055,0.0179,0.0136
3833,6,17,0,22.1,24.77,0.174,24.35,0.2,0.0179,0.0136
3834,6,18,0,22.0,20.19,-0.199,20.31,-0.176,0.0179,0.0136
3835,6,19,0,22.1,24.23,0.262,24.02,0.248,0.0179,0.0136
3836,6,20,0,22.4,21.82,-0.03,22.04,0.031,0.0179,0.0136
3837,6,21,0,22.88,20.14,-0.205,19.65,-0.262,0.0179,0.0136
3838,6,22,0,23.5,21.72,0.008,21.66,-0.046,0.0179,0.0136
3839,6,23,0,24.22,21.26,-0.112,21.16,-0.112,0.0179,0.0136
3840,6,0,0,25.0,20.08,-0.22,20.1,-0.161,0.0179,0.0136
3841,6,1,0,25.78,20.33,-0.076,20.17,-0.212,0.0179,0.0136
3842,6,2,0,26.5,22.15,-0.053,21.78,0.024,0.0179,0.0136
3843,6,3,0,27.12,22.76,-0.009,22.8,0.09,0.0179,0.0136
3844,6,4,0,27.6,24.24,0.257,24.58,0.224,0.0179,0.0136
3845,6,5,0,27.9,22.97,0.007,23.17,0.083,0.0179,0.0136
3846,6,6,0,28.0,23.83,0.106,24.1,0.233,0.0179,0.0136
3847,6,7,0,27.9,22.64,0.033,22.88,0.107,0.0179,0.0136
3848,6,8,0,27.6,23.77,0.177,23.66,0.147,0.0179,0.0136
3849,6,9,0,27.12,24.98,0.252,24.94,0.273,0.0179,0.0136
3850,6,10,0,26.5,22.69,0.002,22.92,0.147,0.0179,0.0136
3851,6,11,0,25.78,22.96,0.091,23.1,0.111,0.0179,0.0136
3852,6,12,0,25.0,22.28,0.027,22.58,0.081,0.0179,0.0136
3853,6,13,0,24.22,21.85,-0.055,21.91,0.027,0.0179,0.0136
3854,6,14,0,23.5,21.25,-0.091,21.15,-0.095,0.0179,0.0136
3855,6,15,0,22.88,23.58,0.228,23.49,0.124,0.0179,0.0136
3856,6,16,0,22.4,22.75,0.096,22.52,0.052,0.0179,0.0136
3857,6,17,0,22.1,22.27,-0.006,22.62,0.08,0.0179,0.0136
3858,6,18,0,22.0,21.35,-0.125,21.38,-0.082,0.0179,0.0136
3859,6,19,0,22.1,22.38,0.043,22.92,0.142,0.0179,0.0136
3860,6,20,0,22.4,22.83,0.16,22.71,0.085,0.0179,0.0136
3861,6,21,0,22.88,21.54,-0.061,21.68,-0.092,0.0179,0.0136
3862,6,22,0,23.5,23.9,0.282,24.23,0.236,0.0179,0.0136
3863,6,23,0,24.22,22.13,0.055,22.38,0.087,0.0179,0.0136
3864,6,0,0,25.0,22.43,0.008,22.38,0.054,0.0179,0.0136
3865,6,1,0,25.78,20.18,-0.153,20.41,-0.141,0.0179,0.0136
3866,6,2,0,26.5,22.71,0.114,23.17,0.099,0.0179,0.0136
3867,6,3,0,27.12,21.62,-0.011,21.35,-0.095,0.0179,0.0136
3868,6,4,0,27.6,24.13,0.169,24.52,0.247,0.0179,0.0136
3869,6,5,0,27.9,22.52,0.133,22.79,0.028,0.0179,0.0136
3870,6,6,0,28.0,22.02,-0.068,21.94,-0.02,0.0179,0.0136
3871,6,7,0,27.9,23.14,0.037,23.06,0.192,0.0179,0.0136
3872,6,8,1,27.6,22.9,0.035,22.93,0.101,0.0179,0.0136
3873,6,9,1,27.12,22.25,-0.028,21.69,-0.007,0.0179,0.0136
3874,6,10,1,26.5,25.42,0.397,25.53,0.348,0.0179,0.0136
3875,6,11,1,25.78,22.37,0.12,22.7,0.109,0.0179,0.0136
3876,6,12,1,25.0,20.9,-0.096,20.88,-0.12,0.0179,0.0136
3877,6,13,1,24.22,23.08,0.158,23.33,0.183,0.0179,0.0136
3878,6,14,1,23.5,22.01,0.018,21.6,0.016,0.0179,0.0136
3879,6,15,1,22.88,21.78,0.013,21.99,0.005,0.0179,0.0136
3880,6,16,1,22.4,22.51,-0.063,22.23,-0.01,0.0179,0.0136
3881,6,17,1,22.1,21.91,-0.014,22.24,0.009,0.0179,0.0136
3882,6,18,1,22.0,21.16,-0.016,21.36,-0.032,0.0179,0.0136
3883,6,19,0,22.1,23.41,0.123,22.97,0.155,0.0179,0.0136
3884,6,20,0,22.4,24.18,0.216,23.72,0.183,0.0179,0.0136
3885,6,21,0,22.88,21.36,-0.059,20.66,-0.157,0.0179,0.0136
3886,6,22,0,23.5,21.32,-0.074,21.22,-0.078,0.0179,0.0136
3887,6,23,0,24.22,21.17,-0.17,21.11,-0.08,0.0179,0.0136
3888,6,0,0,25.0,18.22,-0.332,18.13,-0.419,0.0179,0.0136
3889,6,1,0,25.78,23.57,-0.008,23.92,0.188,0.0179,0.0136
3890,6,2,0,26.5,18.19,-0.382,18.15,-0.459,0.0179,0.0136
3891,6,3,0,27.12,25.39,0.296,25.47,0.391,0.0179,0.0136
3892,6,4,0,27.6,19.81,-0.334,19.44,-0.202,0.0179,0.0136
3893,6,5,0,27.9,23.0,0.115,23.2,0.137,0.0179,0.0136
3894,6,6,0,28.0,22.62,0.067,22.7,0.052,0.0179,0.0136
3895,6,7,0,27.9,22.43,0.049,22.51,0.007,0.0179,0.0136
3896,6,8,1,27.6,20.48,-0.167,20.81,-0.102,0.0179,0.0136
3897,6,9,1,27.12,20.86,-0.156,20.42,-0.165,0.0179,0.0136
3898,6,10,1,26.5,21.5,-0.041,21.89,0.045,0.0179,0.0136
3899,6,11,1,25.78,23.11,0.163,22.38,-0.007,0.0179,0.0136
3900,6,12,1,25.0,22.85,0.192,22.61,0.105,0.0179,0.0136
3901,6,13,1,24.22,21.39,-0.049,21.35,-0.039,0.0179,0.0136
3902,6,14,1,23.5,22.54,0.018,22.24,0.023,0.0179,0.0136
3903,6,15,1,22.88,24.35,0.196,24.48,0.267,0.0179,0.0136
3904,6,16,1,22.4,21.92,0.118,22.19,0.008,0.0179,0.0136
3905,6,17,1,22.1,23.7,0.165,23.48,0.149,0.0179,0.0136
3906,6,18,1,22.0,22.21,0.006,22.95,0.112,0.0179,0.0136
3907,6,19,0,22.1,19.6,-0.182,19.73,-0.242,0.0179,0.0136
3908,6,20,0,22.4,18.73,-0.326,18.72,-0.306,0.0179,0.0136
3909,6,21,0,22.88,25.52,0.309,25.4,0.305,0.0179,0.0136
3910,6,22,0,23.5,22.8,0.052,22.94,0.117,0.0179,0.0136
3911,6,23,0,24.22,23.2,0.075,23.21,0.107,0.0179,0.0136
3912,6,0,0,25.0,18.86,-0.313,18.93,-0.302,0.0179,0.0136
3913,6,1,0,25.78,23.26,0.12,23.37,0.139,0.0179,0.0136
3914,6,2,0,26.5,20.39,-0.158,20.22,-0.2,0.0179,0.0136
3915,6,3,0,27.12,23.79,0.19,23.59,0.163,0.0179,0.0136
3916,6,4,0,27.6,23.62,0.197,23.89,0.126,0.0179,0.0136
3917,6,5,0,27.9,24.29,0.205,24.75,0.282,0.0179,0.0136
3918,6,6,0,28.0,21.16,-0.121,20.58,-0.158,0.0179,0.0136
3919,6,7,0,27.9,21.97,-0.04,21.68,-0.032,0.0179,0.0136
3920,6,8,1,27.6,21.34,-0.031,21.51,0.022,0.0179,0.0136
3921,6,9,1,27.12,24.19,0.188,24.26,0.235,0.0179,0.0136
3922,6,10,1,26.5,22.99,0.138,22.84,0.042,0.0179,0.0136
3923,6,11,1,25.78,22.13,-0.001,22.3,0.024,0.0179,0.0136
3924,6,12,1,25.0,22.29,0.088,22.04,-0.026,0.0179,0.0136
3925,6,13,1,24.22,22.98,0.05,23.1,0.112,0.0179,0.0136
3926,6,14,1,23.5,21.14,-0.143,21.55,-0.064,0.0179,0.0136
3927,6,15,1,22.88,20.66,-0.054,20.26,-0.158,0.0179,0.0136
3928,6,16,1,22.4,22.71,0.116,22.51,0.027,0.0179,0.0136
3929,6,17,1,22.1,23.69,0.137,23.43,0.166,0.0179,0.0136
3930,6,18,1,22.0,23.8,0.127,23.97,0.184,0.0179,0.0136
3931,6,19,0,22.1,22.74,0.142,22.48,-0.024,0.0179,0.0136
3932,6,20,0,22.4,21.33,-0.209,21.18,-0.124,0.0179,0.0136
3933,6,21,0,22.88,23.44,0.222,23.45,0.191,0.0179,0.0136
3934,6,22,0,23.5,23.15,0.118,23.24,0.045,0.0179,0.0136
3935,6,23,0,24.22,20.41,-0.128,20.44,-0.147,0.0179,0.0136
3936,6,0,0,25.0,21.16,-0.01,21.44,-0.028,0.0179,0.0136
3937,6,1,0,25.78,23.98,0.252,23.82,0.186,0.0179,0.0136
3938,6,2,0,26.5,23.27,0.121,23.38,0.112,0.0179,0.0136
3939,6,3,0,27.12,22.38,0.016,22.67,0.094,0.0179,0.0136
3940,6,4,0,27.6,23.61,0.23,23.52,0.141,0.0179,0.0136
3941,6,5,0,27.9,24.76,0.276,24.89,0.263,0.0179,0.0136
3942,6,6,0,28.0,22.37,-0.026,22.31,0.024,0.0179,0.0136
3943,6,7,0,27.9,21.29,-0.005,21.47,-0.09,0.0179,0.0136
3944,6,8,1,27.6,25.07,0.258,25.03,0.326,0.0179,0.0136
3945,6,9,1,27.12,21.83,-0.037,21.81,-0.044,0.0179,0.0136
3946,6,10,1,26.5,23.59,0.087,23.5,0.167,0.0179,0.0136
3947,6,11,1,25.78,20.69,-0.071,20.35,-0.201,0.0179,0.0136
3948,6,12,1,25.0,19.03,-0.313,19.21,-0.285,0.0179,0.0136
3949,6,13,1,24.22,22.03,-0.035,22.1,0.054,0.0179,0.0136
3950,6,14,1,23.5,20.29,-0.139,20.42,-0.181,0.0179,0.0136
3951,6,15,1,22.88,20.96,-0.153,21.27,-0.091,0.0179,0.0136
3952,6,16,1,22.4,23.83,0.093,23.84,0.237,0.0179,0.0136
3953,6,17,1,22.1,21.7,-0.017,21.58,-0.023,0.0179,0.0136
3954,6,18,1,22.0,25.44,0.385,24.94,0.317,0.0179,0.0136
3955,6,19,0,22.1,22.29,0.076,22.53,0.012,0.0179,0.0136
3956,6,20,0,22.4,25.12,0.256,24.66,0.258,0.0179,0.0136
3957,6,21,0,22.88,25.39,0.337,25.29,0.372,0.0179,0.0136
3958,6,22,0,23.5,22.05,-0.016,21.7,0.011,0.0179,0.0136
3959,6,23,0,24.22,22.61,0.098,23.19,0.099,0.0179,0.0136
3960,6,0,0,25.0,22.58,0.024,22.32,0.166,0.0179,0.0136
3961,6,1,0,25.78,24.03,0.172,24.29,0.276,0.0179,0.0136
3962,6,2,0,26.5,24.15,0.307,24.71,0.227,0.0179,0.0136
3963,6,3,0,27.12,20.84,-0.164,20.53,-0.137,0.0179,0.0136
3964,6,4,0,27.6,21.65,0.06,22.27,0.027,0.0179,0.0136
3965,6,5,0,27.9,25.43,0.321,25.88,0.328,0.0179,0.0136
3966,6,6,0,28.0,22.17,0.028,21.98,0.001,0.0179,0.0136
3967,6,7,0,27.9,22.59,-0.001,22.75,0.088,0.0179,0.0136
3968,6,8,1,27.6,21.84,0.032,21.9,-0.047,0.0179,0.0136
3969,6,9,1,27.12,22.08,-0.018,22.04,0.031,0.0179,0.0136
3970,6,10,1,26.5,21.42,-0.094,21.25,-0.042,0.0179,0.0136
3971,6,11,1,25.78,21.76,0.075,21.9,-0.012,0.0179,0.0136
3972,6,12,1,25.0,24.17,0.268,24.67,0.266,0.0179,0.0136
3973,6,13,1,24.22,23.46,0.107,23.08,0.09,0.0179,0.0136
3974,6,14,1,23.5,25.86,0.345,25.62,0.33,0.0179,0.0136
3975,6,15,1,22.88,23.34,0.188,23.38,0.158,0.0179,0.0136
3976,6,16,1,22.4,20.43,-0.089,20.19,-0.187,0.0179,0.0136
3977,6,17,1,22.1,24.28,0.18,24.24,0.215,0.0179,0.0136
3978,6,18,1,22.0,21.05,-0.085,20.88,-0.097,0.0179,0.0136
3979,6,19,0,22.1,20.11,-0.218,20.11,-0.209,0.0179,0.0136
3980,6,20,0,22.4,22.7,0.139,22.53,0.089,0.0179,0.0136
3981,6,21,0,22.88,24.27,0.179,24.12,0.215,0.0179,0.0136
3982,6,22,0,23.5,22.27,-0.031,22.09,0.008,0.0179,0.0136
3983,6,23,0,24.22,21.89,0.023,22.1,0.043,0.0179,0.0136
3984,6,0,0,25.0,20.61,-0.175,20.73,-0.163,0.0179,0.0136
3985,6,1,0,25.78,21.86,-0.033,22.18,0.065,0.0179,0.0136
3986,6,2,0,26.5,23.32,0.19,23.21,0.134,0.0179,0.0136
3987,6,3,0,27.12,21.1,-0.077,21.66,-0.034,0.0179,0.0136
3988,6,4,0,27.6,21.22,-0.052,21.57,-0.024,0.0179,0.0136
3989,6,5,0,27.9,21.74,0.019,21.99,-0.021,0.0179,0.0136
3990,6,6,0,28.0,20.37,-0.241,20.55,-0.141,0.0179,0.0136
3991,6,7,0,27.9,21.83,-0.037,22.19,0.053,0.0179,0.0136
3992,6,8,0,27.6,21.73,0.076,22.03,-0.029,0.0179,0.0136
3993,6,9,0,27.12,22.94,0.097,23.76,0.178,0.0179,0.0136
3994,6,10,0,26.5,23.68,0.083,23.7,0.203,0.0179,0.0136
3995,6,11,0,25.78,19.5,-0.19,19.37,-0.274,0.0179,0.0136
3996,6,12,0,25.0,21.46,-0.097,21.72,-0.064,0.0179,0.0136
3997,6,13,0,24.22,22.91,0.029,22.86,0.105,0.0179,0.0136
3998,6,14,0,23.5,23.2,0.105,23.09,0.123,0.0179,0.0136
3999,6,15,0,22.88,24.29,0.261,24.2,0.237,0.0179,0.0136
4000,6,16,0,22.4,23.82,0.136,23.83,0.169,0.0179,0.0136
4001,6,17,0,22.1,23.01,0.077,23.56,0.18,0.0179,0.0136
4002,6,18,0,22.0,22.01,0.077,22.04,0.027,0.0179,0.0136
4003,6,19,0,22.1,20.64,-0.073,20.47,-0.149,0.0179,0.0136
4004,6,20,0,22.4,20.78,-0.087,20.53,-0.117,0.0179,0.0136
4005,6,21,0,22.88,22.53,0.094,23.27,0.12,0.0179,0.0136
4006,6,22,0,23.5,21.28,-0.056,20.98,-0.116,0.0179,0.0136
4007,6,23,0,24.22,25.01,0.333,25.45,0.31,0.0179,0.0136
4008,6,0,0,25.0,21.49,-0.079,21.87,0.021,0.0179,0.0136
4009,6,1,0,25.78,23.21,0.086,23.23,0.12,0.0179,0.0136
4010,6,2,0,26.5,22.78,0.034,23.09,0.102,0.0179,0.0136
4011,6,3,0,27.12,22.57,0.011,22.77,0.037,0.0179,0.0136
4012,6,4,0,27.6,23.51,0.215,23.06,0.101,0.0179,0.0136
4013,6,5,0,27.9,20.18,-0.163,20.03,-0.213,0.0179,0.0136
4014,6,6,0,28.0,22.53,0.043,22.75,0.047,0.0179,0.0136
4015,6,7,0,27.9,22.05,0.089,22.48,-0.013,0.0179,0.0136
4016,6,8,0,27.6,24.14,0.26,24.21,0.205,0.0179,0.0136
4017,6,9,0,27.12,19.85,-0.262,20.02,-0.239,0.0179,0.0136
4018,6,10,0,26.5,20.52,-0.141,20.7,-0.106,0.0179,0.0136
4019,6,11,0,25.78,23.5,0.147,23.38,0.122,0.0179,0.0136
4020,6,12,0,25.0,22.18,0.038,21.89,0.022,0.0179,0.0136
4021,6,13,0,24.22,21.28,-0.067,21.66,-0.027,0.0179,0.0136
4022,6,14,0,23.5,19.95,-0.198,19.41,-0.235,0.0179,0.0136
4023,6,15,0,22.88,21.49,-0.014,21.99,-0.028,0.0179,0.0136
4024,6,16,0,22.4,22.55,-0.008,23.29,0.145,0.0179,0.0136
4025,6,17,0,22.1,22.02,0.065,22.23,0.011,0.0179,0.0136
4026,6,18,0,22.0,24.18,0.221,24.84,0.308,0.0179,0.0136
4027,6,19,0,22.1,21.61,-0.047,21.62,-0.014,0.0179,0.0136
4028,6,20,0,22.4,24.31,0.307,24.27,0.273,0.0179,0.0136
4029,6,21,0,22.88,23.77,0.146,23.62,0.137,0.0179,0.0136
4030,6,22,0,23.5,23.92,0.226,23.56,0.124,0.0179,0.0136
4031,6,23,0,24.22,23.74,0.24,23.74,0.208,0.0179,0.0136
4032,6,0,0,25.0,24.65,0.272,25.09,0.274,0.0179,0.0136
4033,6,1,0,25.78,20.92,-0.162,20.3,-0.168,0.0179,0.0136
4034,6,2,0,26.5,21.66,-0.009,21.61,-0.048,0.0179,0.0136
4035,6,3,0,27.12,20.82,-0.163,20.8,-0.128,0.0179,0.0136
4036,6,4,0,27.6,24.51,0.34,24.43,0.286,0.0179,0.0136
4037,6,5,0,27.9,21.63,-0.04,21.3,-0.036,0.0179,0.0136
4038,6,6,0,28.0,21.76,0.037,22.04,-0.02,0.0179,0.0136
4039,6,7,0,27.9,21.49,-0.044,21.7,-0.051,0.0179,0.0136
4040,6,8,1,27.6,21.97,-0.081,21.95,0.018,0.0179,0.0136
4041,6,9,1,27.12,21.78,-0.023,20.95,-0.128,0.0179,0.0136
4042,6,10,1,26.5,25.03,0.248,24.86,0.301,0.0179,0.0136
4043,6,11,1,25.78,21.51,-0.024,21.28,-0.104,0.0179,0.0136
4044,6,12,1,25.0,20.31,-0.14,20.83,-0.125,0.0179,0.0136
4045,6,13,1,24.22,22.49,0.098,22.65,0.042,0.0179,0.0136
4046,6,14,1,23.5,23.05,0.095,22.9,0.095,0.0179,0.0136
4047,6,15,1,22.88,22.49,0.073,22.71,0.026,0.0179,0.0136
4048,6,16,1,22.4,20.46,-0.062,20.35,-0.19,0.0179,0.0136
4049,6,17,1,22.1,22.19,-0.009,22.03,0.008,0.0179,0.0136
4050,6,18,1,22.0,24.6,0.22,24.74,0.356,0.0179,0.0136
4051,6,19,0,22.1,22.62,0.132,22.44,0.03,0.0179,0.0136
4052,6,20,0,22.4,24.99,0.371,24.73,0.279,0.0179,0.0136
4053,6,21,0,22.88,24.44,0.187,25.01,0.339,0.0179,0.0136
4054,6,22,0,23.5,20.39,-0.202,20.07,-0.178,0.0179,0.0136
4055,6,23,0,24.22,22.55,0.062,22.5,0.068,0.0179,0.0136
4056,6,0,0,25.0,23.5,0.241,23.83,0.182,0.0179,0.0136
4057,6,1,0,25.78,21.72,-0.085,21.9,-0.03,0.0179,0.0136
4058,6,2,0,26.5,24.0,0.139,23.96,0.151,0.0179,0.0136
4059,6,3,0,27.12,22.57,0.114,22.92,0.095,0.0179,0.0136
4060,6,4,0,27.6,25.51,0.344,25.48,0.271,0.0179,0.0136
4061,6,5,0,27.9,21.83,0.061,22.08,-0.016,0.0179,0.0136
4062,6,6,0,28.0,23.19,0.12,23.51,0.082,0.0179,0.0136
4063,6,7,0,27.9,22.87,0.04,23.1,0.102,0.0179,0.0136
4064,6,8,1,27.6,20.77,-0.072,20.0,-0.201,0.0179,0.0136
4065,6,9,1,27.12,24.9,0.272,25.15,0.313,0.0179,0.0136
4066,6,10,1,26.5,23.35,0.151,23.64,0.197,0.0179,0.0136
4067,6,11,1,25.78,22.05,0.002,21.76,-0.018,0.0179,0.0136
4068,6,12,1,25.0,20.7,-0.108,20.3,-0.183,0.0179,0.0136
4069,6,13,1,24.22,22.25,0.101,22.14,0.052,0.0179,0.0136
4070,6,14,1,23.5,20.64,-0.093,20.48,-0.134,0.0179,0.0136
4071,6,15,1,22.88,22.44,0.01,22.1,-0.006,0.0179,0.0136
4072,6,16,1,22.4,22.92,0.057,23.43,0.112,0.0179,0.0136
4073,6,17,1,22.1,22.34,-0.039,22.65,0.108,0.0179,0.0136
4074,6,18,1,22.0,22.24,-0.056,22.02,0.023,0.0179,0.0136
4075,6,19,0,22.1,22.24,-0.021,22.29,0.02,0.0179,0.0136
4076,6,20,0,22.4,21.77,-0.056,21.74,-0.072,0.0179,0.0136
4077,6,21,0,22.88,26.59,0.468,26.18,0.365,0.0179,0.0136
4078,6,22,0,23.5,19.5,-0.241,19.53,-0.209,0.0179,0.0136
4079,6,23,0,24.22,23.1,0.062,23.05,0.15,0.0179,0.0136
4080,6,0,0,25.0,23.89,0.191,23.52,0.156,0.0179,0.0136
4081,6,1,0,25.78,21.98,0.04,22.21,0.016,0.0179,0.0136
4082,6,2,0,26.5,22.08,0.055,22.53,0.055,0.0179,0.0136
4083,6,3,0,27.12,20.06,-0.159,20.16,-0.267,0.0179,0.0136
4084,6,4,0,27.6,22.88,0.077,22.75,0.048,0.0179,0.0136
4085,6,5,0,27.9,22.28,0.005,22.7,0.098,0.0179,0.0136
4086,6,6,0,28.0,21.29,-0.071,21.52,-0.038,0.0179,0.0136
4087,6,7,0,27.9,22.51,-0.077,22.7,0.028,0.0179,0.0136
4088,6,8,1,27.6,23.13,0.086,22.51,0.05,0.0179,0.0136
4089,6,9,1,27.12,21.26,-0.061,21.05,-0.065,0.0179,0.0136
4090,6,10,1,26.5,21.06,-0.13,20.89,-0.184,0.0179,0.0136
4091,6,11,1,25.78,22.71,0.122,22.99,0.073,0.0179,0.0136
4092,6,12,1,25.0,20.62,-0.096,20.63,-0.132,0.0179,0.0136
4093,6,13,1,24.22,22.93,0.056,23.28,0.121,0.0179,0.0136
4094,6,14,1,23.5,24.95,0.232,24.89,0.269,0.0179,0.0136
4095,6,15,1,22.88,21.09,-0.136,21.2,-0.072,0.0179,0.0136
4096,6,16,1,22.4,21.4,-0.045,20.76,-0.12,0.0179,0.0136
4097,6,17,1,22.1,23.28,0.089,23.07,0.12,0.0179,0.0136
4098,6,18,1,22.0,24.78,0.299,24.78,0.269,0.0179,0.0136
4099,6,19,0,22.1,20.18,-0.136,20.47,-0.131,0.0179,0.0136
4100,6,20,0,22.4,22.23,0.067,22.41,0.089,0.0179,0.0136
4101,6,21,0,22.88,23.98,0.133,24.0,0.205,0.0179,0.0136
4102,6,22,0,23.5,22.88,0.156,23.1,0.107,0.0179,0.0136
4103,6,23,0,24.22,25.65,0.386,25.12,0.288,0.0179,0.0136
4104,6,0,0,25.0,19.64,-0.309,19.58,-0.247,0.0179,0.0136
4105,6,1,0,25.78,22.55,-0.02,22.89,0.116,0.0179,0.0136
4106,6,2,0,26.5,22.65,0.043,22.96,0.056,0.0179,0.0136
4107,6,3,0,27.12,20.67,-0.109,20.29,-0.127,0.0179,0.0136
4108,6,4,0,27.6,21.65,-0.111,21.84,-0.01,0.0179,0.0136
4109,6,5,0,27.9,23.5,0.14,23.07,0.128,0.0179,0.0136
4110,6,6,0,28.0,18.1,-0.372,18.5,-0.329,0.0179,0.0136
4111,6,7,0,27.9,21.88,0.015,21.36,-0.066,0.0179,0.0136
4112,6,8,1,27.6,22.55,0.093,22.87,0.145,0.0179,0.0136
4113,6,9,1,27.12,22.73,0.064,22.52,0.065,0.0179,0.0136
4114,6,10,1,26.5,24.02,0.203,23.58,0.207,0.0179,0.0136
4115,6,11,1,25.78,22.14,0.039,22.42,0.071,0.0179,0.0136
4116,6,12,1,25.0,21.29,-0.07,21.04,-0.142,0.0179,0.0136
4117,6,13,1,24.22,22.1,0.099,22.17,0.029,0.0179,0.0136
4118,6,14,1,23.5,23.44,0.096,23.79,0.174,0.0179,0.0136
4119,6,15,1,22.88,26.14,0.47,26.11,0.44,0.0179,0.0136
4120,6,16,1,22.4,20.28,-0.164,20.38,-0.153,0.0179,0.0136
4121,6,17,1,22.1,21.37,-0.087,21.03,-0.1,0.0179,0.0136
4122,6,18,1,22.0,24.28,0.298,24.82,0.308,0.0179,0.0136
4123,6,19,0,22.1,20.99,-0.09,20.87,-0.132,0.0179,0.0136
4124,6,20,0,22.4,23.37,0.163,23.58,0.189,0.0179,0.0136
4125,6,21,0,22.88,21.14,-0.12,21.42,-0.086,0.0179,0.0136
4126,6,22,0,23.5,23.3,0.154,23.66,0.167,0.0179,0.0136
4127,6,23,0,24.22,22.97,0.04,23.01,0.063,0.0179,0.0136
4128,6,0,0,25.0,22.38,0.039,22.41,0.061,0.0179,0.0136
4129,6,1,0,25.78,22.18,0.01,22.35,0.089,0.0179,0.0136
4130,6,2,0,26.5,22.62,0.08,23.32,0.126,0.0179,0.0136
4131,6,3,0,27.12,21.15,-0.134,20.72,-0.155,0.0179,0.0136
4132,6,4,0,27.6,23.09,0.119,22.93,0.132,0.0179,0.0136
4133,6,5,0,27.9,22.37,-0.022,22.99,0.095,0.0179,0.0136
4134,6,6,0,28.0,21.69,-0.143,21.97,-0.046,0.0179,0.0136
4135,6,7,0,27.9,22.34,0.045,22.8,0.04,0.0179,0.0136
4136,6,8,1,27.6,20.7,-0.161,21.21,-0.108,0.0179,0.0136
4137,6,9,1,27.12,24.72,0.335,25.02,0.273,0.0179,0.0136
4138,6,10,1,26.5,20.21,-0.162,20.25,-0.164,0.0179,0.0136
4139,6,11,1,25.78,24.72,0.315,24.2,0.187,0.0179,0.0136
4140,6,12,1,25.0,23.78,0.138,23.64,0.146,0.0179,0.0136
4141,6,13,1,24.22,20.33,-0.205,20.34,-0.142,0.0179,0.0136
4142,6,14,1,23.5,23.46,0.164,23.97,0.212,0.0179,0.0136
4143,6,15,1,22.88,24.6,0.186,24.41,0.247,0.0179,0.0136
4144,6,16,1,22.4,20.37,-0.091,21.1,-0.025,0.0179,0.0136
4145,6,17,1,22.1,22.59,0.036,22.76,0.102,0.0179,0.0136
4146,6,18,1,22.0,20.68,-0.172,19.91,-0.252,0.0179,0.0136
4147,6,19,0,22.1,24.72,0.202,25.26,0.365,0.0179,0.0136
4148,6,20,0,22.4,23.93,0.173,23.46,0.128,0.0179,0.0136
4149,6,21,0,22.88,23.62,0.157,23.25,0.105,0.0179,0.0136
4150,6,22,0,23.5,23.21,0.094,23.14,0.108,0.0179,0.0136
4151,6,23,0,24.22,25.55,0.303,25.43,0.36,0.0179,0.0136
4152,6,0,0,25.0,22.28,0.14,21.86,-0.025,0.0179,0.0136
4153,6,1,0,25.78,21.93,0.08,21.98,-0.052,0.0179,0.0136
4154,6,2,0,26.5,22.91,0.098,23.54,0.117,0.0179,0.0136
4155,6,3,0,27.12,21.57,0.024,21.63,-0.047,0.0179,0.0136
4156,6,4,0,27.6,23.74,0.102,23.31,0.116,0.0179,0.0136
4157,6,5,0,27.9,24.66,0.28,24.68,0.276,0.0179,0.0136
4158,6,6,0,28.0,24.16,0.251,23.98,0.173,0.0179,0.0136
4159,6,7,0,27.9,25.47,0.303,25.23,0.34,0.0179,0.0136
4160,6,8,0,27.6,22.62,0.073,22.72,0.039,0.0179,0.0136
4161,6,9,0,27.12,24.92,0.36,25.19,0.303,0.0179,0.0136
4162,6,10,0,26.5,23.12,0.169,23.18,0.153,0.0179,0.0136
4163,6,11,0,25.78,22.79,0.168,22.33,0.05,0.0179,0.0136
4164,6,12,0,25.0,21.59,-0.117,21.71,0.003,0.0179,0.0136
4165,6,13,0,24.22,20.29,-0.158,20.23,-0.146,0.0179,0.0136
4166,6,14,0,23.5,22.66,0.065,22.85,0.084,0.0179,0.0136
4167,6,15,0,22.88,22.63,-0.022,22.57,0.034,0.0179,0.0136
4168,6,16,0,22.4,22.87,0.079,22.79,0.07,0.0179,0.0136
4169,6,17,0,22.1,21.2,-0.095,21.06,-0.094,0.0179,0.0136
4170,6,18,0,22.0,23.09,0.058,23.04,0.062,0.0179,0.0136
4171,6,19,0,22.1,26.4,0.414,26.06,0.421,0.0179,0.0136
4172,6,20,0,22.4,23.04,0.082,23.2,0.127,0.0179,0.0136
4173,6,21,0,22.88,22.59,0.071,22.5,0.081,0.0179,0.0136
4174,6,22,0,23.5,22.47,0.1,22.46,0.075,0.0179,0.0136
4175,6,23,0,24.22,24.88,0.333,24.35,0.253,0.0179,0.0136
4176,6,0,0,25.0,21.17,-0.03,21.25,-0.1,0.0179,0.0136
4177,6,1,0,25.78,23.16,0.063,23.43,0.138,0.0179,0.0136
4178,6,2,0,26.5,22.95,0.051,22.71,0.067,0.0179,0.0136
4179,6,3,0,27.12,23.7,0.127,23.9,0.209,0.0179,0.0136
4180,6,4,0,27.6,21.25,-0.094,20.76,-0.09,0.0179,0.0136
4181,6,5,0,27.9,23.48,0.128,23.48,0.137,0.0179,0.0136
4182,6,6,0,28.0,22.66,0.049,22.34,0.028,0.0179,0.0136
4183,6,7,0,27.9,20.47,-0.132,20.22,-0.178,0.0179,0.0136
4184,6,8,0,27.6,22.04,0.083,21.76,-0.049,0.0179,0.0136
4185,6,9,0,27.12,22.88,0.09,22.73,0.087,0.0179,0.0136
4186,6,10,0,26.5,20.44,-0.096,20.44,-0.103,0.0179,0.0136
4187,6,11,0,25.78,22.3,0.141,22.32,0.066,0.0179,0.0136
4188,6,12,0,25.0,21.57,0.005,21.39,-0.091,0.0179,0.0136
4189,6,13,0,24.22,24.13,0.239,24.23,0.215,0.0179,0.0136
4190,6,14,0,23.5,21.56,-0.057,21.99,-0.013,0.0179,0.0136
4191,6,15,0,22.88,22.38,-0.014,22.44,0.027,0.0179,0.0136
4192,6,16,0,22.4,21.57,-0.087,21.83,-0.07,0.0179,0.0136
4193,6,17,0,22.1,19.55,-0.177,19.11,-0.289,0.0179,0.0136
4194,6,18,0,22.0,23.25,0.128,23.41,0.139,0.0179,0.0136
4195,6,19,0,22.1,24.07,0.277,24.11,0.23,0.0179,0.0136
4196,6,20,0,22.4,21.57,-0.079,21.42,-0.021,0.0179,0.0136
4197,6,21,0,22.88,21.89,0.005,21.65,-0.038,0.0179,0.0136
4198,6,22,0,23.5,22.94,0.14,23.51,0.152,0.0179,0.0136
4199,6,23,0,24.22,20.39,-0.126,20.24,-0.211,0.0179,0.0136
4200,6,0,0,25.0,25.71,0.374,25.72,0.352,0.0179,0.0136
4201,6,1,0,25.78,23.25,0.233,22.9,0.129,0.0179,0.0136
4202,6,2,0,26.5,23.98,0.208,23.56,0.192,0.0179,0.0136
4203,6,3,0,27.12,23.39,0.106,23.09,0.095,0.0179,0.0136
4204,6,4,0,27.6,21.59,-0.137,22.05,0.025,0.0179,0.0136
4205,6,5,0,27.9,20.56,-0.244,20.27,-0.189,0.0179,0.0136
4206,6,6,0,28.0,24.77,0.217,24.85,0.315,0.0179,0.0136
4207,6,7,0,27.9,24.35,0.336,24.38,0.262,0.0179,0.0136
4208,6,8,1,27.6,23.52,0.184,23.28,0.135,0.0179,0.0136
4209,6,9,1,27.12,23.28,0.134,23.07,0.083,0.0179,0.0136
4210,6,10,1,26.5,19.28,-0.347,19.58,-0.239,0.0179,0.0136
4211,6,11,1,25.78,23.0,0.086,23.1,0.118,0.0179,0.0136
4212,6,12,1,25.0,23.21,0.207,23.43,0.15,0.0179,0.0136
4213,6,13,1,24.22,22.6,0.081,22.32,0.052,0.0179,0.0136
4214,6,14,1,23.5,22.21,0.007,22.37,0.058,0.0179,0.0136
4215,6,15,1,22.88,23.87,0.193,24.14,0.183,0.0179,0.0136
4216,6,16,1,22.4,21.58,0.081,21.76,-0.034,0.0179,0.0136
4217,6,17,1,22.1,23.18,0.07,23.02,0.081,0.0179,0.0136
4218,6,18,1,22.0,19.38,-0.374,19.78,-0.23,0.0179,0.0136
4219,6,19,0,22.1,20.73,-0.058,20.47,-0.147,0.0179,0.0136
4220,6,20,0,22.4,21.05,-0.133,20.88,-0.114,0.0179,0.0136
4221,6,21,0,22.88,22.76,-0.02,23.33,0.132,0.0179,0.0136
4222,6,22,0,23.5,22.03,0.02,22.31,0.049,0.0179,0.0136
4223,6,23,0,24.22,23.02,0.162,22.74,0.098,0.0179,0.0136
4224,6,0,0,25.0,23.87,0.208,24.25,0.27,0.0179,0.0136
4225,6,1,0,25.78,23.07,0.106,23.0,0.099,0.0179,0.0136
4226,6,2,0,26.5,21.72,-0.013,22.21,0.024,0.0179,0.0136
4227,6,3,0,27.12,23.08,0.052,23.98,0.172,0.0179,0.0136
4228,6,4,0,27.6,20.43,-0.145,20.36,-0.178,0.0179,0.0136
4229,6,5,0,27.9,21.69,-0.056,21.73,-0.017,0.0179,0.0136
4230,6,6,0,28.0,24.17,0.261,24.37,0.27,0.0179,0.0136
4231,6,7,0,27.9,22.92,0.054,22.88,0.076,0.0179,0.0136
4232,6,8,1,27.6,21.71,-0.011,21.93,0.014,0.0179,0.0136
4233,6,9,1,27.12,20.76,-0.145,21.19,-0.114,0.0179,0.0136
4234,6,10,1,26.5,21.84,-0.035,22.59,0.049,0.0179,0.0136
4235,6,11,1,25.78,22.21,-0.018,22.17,0.021,0.0179,0.0136
4236,6,12,1,25.0,24.11,0.156,24.21,0.21,0.0179,0.0136
4237,6,13,1,24.22,21.67,0.034,21.69,-0.036,0.0179,0.0136
4238,6,14,1,23.5,22.37,0.081,22.9,0.107,0.0179,0.0136
4239,6,15,1,22.88,25.44,0.244,25.58,0.383,0.0179,0.0136
4240,6,16,1,22.4,20.11,-0.274,20.25,-0.189,0.0179,0.0136
4241,6,17,1,22.1,21.95,-0.022,21.72,0.003,0.0179,0.0136
4242,6,18,1,22.0,21.43,-0.105,21.59,-0.046,0.0179,0.0136
4243,6,19,0,22.1,22.99,0.033,22.69,0.083,0.0179,0.0136
4244,6,20,0,22.4,24.18,0.196,24.16,0.221,0.0179,0.0136
4245,6,21,0,22.88,22.58,-0.068,22.66,0.034,0.0179,0.0136
4246,6,22,0,23.5,21.23,-0.067,21.28,-0.053,0.0179,0.0136
4247,6,23,0,24.22,22.89,0.161,22.5,0.088,0.0179,0.0136
4248,6,0,0,25.0,20.61,-0.169,20.71,-0.125,0.0179,0.0136
4249,6,1,0,25.78,24.08,0.246,24.72,0.281,0.0179,0.0136
4250,6,2,0,26.5,21.99,0.067,22.04,0.003,0.0179,0.0136
4251,6,3,0,27.12,21.17,-0.057,20.68,-0.124,0.0179,0.0136
4252,6,4,0,27.6,21.53,-0.068,21.84,-0.02,0.0179,0.0136
4253,6,5,0,27.9,22.48,0.059,22.37,0.072,0.0179,0.0136
4254,6,6,0,28.0,20.79,-0.113,20.93,-0.102,0.0179,0.0136
4255,6,7,0,27.9,23.81,0.205,23.82,0.204,0.0179,0.0136
4256,6,8,1,27.6,21.74,-0.038,21.83,-0.021,0.0179,0.0136
4257,6,9,1,27.12,22.02,0.006,22.16,0.028,0.0179,0.0136
4258,6,10,1,26.5,22.47,0.049,21.99,0.001,0.0179,0.0136
4259,6,11,1,25.78,22.86,0.027,22.69,0.087,0.0179,0.0136
4260,6,12,1,25.0,22.09,-0.005,22.14,0.014,0.0179,0.0136
4261,6,13,1,24.22,21.83,0.006,21.54,-0.065,0.0179,0.0136
4262,6,14,1,23.5,22.75,0.045,22.87,0.051,0.0179,0.0136
4263,6,15,1,22.88,26.14,0.445,25.98,0.456,0.0179,0.0136
4264,6,16,1,22.4,23.68,0.165,23.59,0.134,0.0179,0.0136
4265,6,17,1,22.1,23.82,0.157,23.99,0.168,0.0179,0.0136
4266,6,18,1,22.0,20.52,-0.142,20.81,-0.112,0.0179,0.0136
4267,6,19,0,22.1,21.27,-0.025,20.83,-0.116,0.0179,0.0136
4268,6,20,0,22.4,23.86,0.174,23.75,0.196,0.0179,0.0136
4269,6,21,0,22.88,23.6,0.145,23.84,0.202,0.0179,0.0136
4270,6,22,0,23.5,24.16,0.191,24.13,0.254,0.0179,0.0136
4271,6,23,0,24.22,21.52,-0.051,21.71,-0.085,0.0179,0.0136
4272,6,0,0,25.0,24.19,0.12,23.37,0.152,0.0179,0.0136
4273,6,1,0,25.78,23.29,0.136,23.1,0.034,0.0179,0.0136
4274,6,2,0,26.5,23.56,0.154,23.64,0.164,0.0179,0.0136
4275,6,3,0,27.12,23.24,0.03,23.23,0.189,0.0179,0.0136
4276,6,4,0,27.6,24.3,0.213,23.92,0.184,0.0179,0.0136
4277,6,5,0,27.9,24.12,0.187,23.47,0.094,0.0179,0.0136
4278,6,6,0,28.0,22.07,0.011,21.93,-0.025,0.0179,0.0136
4279,6,7,0,27.9,21.37,-0.04,21.56,-0.028,0.0179,0.0136
4280,6,8,1,27.6,22.23,0.018,22.06,0.021,0.0179,0.0136
4281,6,9,1,27.12,19.23,-0.261,19.35,-0.263,0.0179,0.0136
4282,6,10,1,26.5,22.28,0.006,21.51,0.004,0.0179,0.0136
4283,6,11,1,25.78,22.52,0.053,22.43,0.053,0.0179,0.0136
4284,6,12,1,25.0,23.49,0.17,23.42,0.192,0.0179,0.0136
4285,6,13,1,24.22,24.01,0.168,24.71,0.321,0.0179,0.0136
4286,6,14,1,23.5,21.31,-0.032,21.42,-0.073,0.0179,0.0136
4287,6,15,1,22.88,22.63,0.028,22.91,0.141,0.0179,0.0136
4288,6,16,1,22.4,20.42,-0.108,21.01,-0.102,0.0179,0.0136
4289,6,17,1,22.1,21.9,-0.017,21.74,-0.027,0.0179,0.0136
4290,6,18,1,22.0,24.38,0.248,24.97,0.272,0.0179,0.0136
4291,6,19,0,22.1,21.68,-0.083,21.63,-0.073,0.0179,0.0136
4292,6,20,0,22.4,25.65,0.323,25.74,0.398,0.0179,0.0136
4293,6,21,0,22.88,20.73,-0.167,20.4,-0.11,0.0179,0.0136
4294,6,22,0,23.5,22.12,0.073,21.39,-0.07,0.0179,0.0136
4295,6,23,0,24.22,19.73,-0.201,19.63,-0.225,0.0179,0.0136
4296,6,0,0,25.0,25.2,0.322,24.94,0.273,0.0179,0.0136
4297,6,1,0,25.78,20.19,-0.158,20.45,-0.146,0.0179,0.0136
4298,6,2,0,26.5,23.14,0.064,22.93,0.095,0.0179,0.0136
4299,6,3,0,27.12,24.24,0.264,24.72,0.273,0.0179,0.0136
4300,6,4,0,27.6,22.9,0.039,22.91,0.092,0.0179,0.0136
4301,6,5,0,27.9,20.5,-0.068,20.46,-0.129,0.0179,0.0136
4302,6,6,0,28.0,21.12,-0.13,21.09,-0.093,0.0179,0.0136
4303,6,7,0,27.9,24.06,0.33,24.26,0.262,0.0179,0.0136
4304,6,8,1,27.6,22.81,0.07,23.01,0.067,0.0179,0.0136
4305,6,9,1,27.12,24.46,0.234,24.76,0.284,0.0179,0.0136
4306,6,10,1,26.5,24.36,0.163,24.62,0.269,0.0179,0.0136
4307,6,11,1,25.78,22.25,0.076,22.58,0.098,0.0179,0.0136
4308,6,12,1,25.0,20.82,-0.062,20.59,-0.159,0.0179,0.0136
4309,6,13,1,24.22,20.22,-0.206,20.38,-0.109,0.0179,0.0136
4310,6,14,1,23.5,22.94,0.076,22.99,0.147,0.0179,0.0136
4311,6,15,1,22.88,23.04,0.064,22.92,0.089,0.0179,0.0136
4312,6,16,1,22.4,21.03,-0.187,21.34,-0.07,0.0179,0.0136
4313,6,17,1,22.1,23.42,0.106,23.52,0.172,0.0179,0.0136
4314,6,18,1,22.0,21.17,-0.05,21.16,-0.07,0.0179,0.0136
4315,6,19,0,22.1,21.49,-0.047,21.85,0.007,0.0179,0.0136
4316,6,20,0,22.4,24.79,0.335,25.13,0.319,0.0179,0.0136
4317,6,21,0,22.88,23.69,0.109,23.75,0.185,0.0179,0.0136
4318,6,22,0,23.5,22.88,0.082,23.06,0.083,0.0179,0.0136
4319,6,23,0,24.22,23.48,0.221,23.09,0.102,0.0179,0.0136
4320,6,0,0,25.0,22.87,0.116,23.04,0.061,0.0179,0.0136
4321,6,1,0,25.78,23.74,0.142,23.83,0.16,0.0179,0.0136
4322,6,2,0,26.5,22.0,0.086,21.61,0.006,0.0179,0.0136
4323,6,3,0,27.12,23.18,0.108,23.11,0.134,0.0179,0.0136
4324,6,4,0,27.6,25.14,0.258,24.97,0.343,0.0179,0.0136
4325,6,5,0,27.9,19.82,-0.23,19.52,-0.295,0.0179,0.0136
4326,6,6,0,28.0,24.17,0.188,24.43,0.281,0.0179,0.0136
4327,6,7,0,27.9,24.67,0.245,24.64,0.332,0.0179,0.0136
4328,6,8,0,27.6,23.58,0.226,23.66,0.175,0.0179,0.0136
4329,6,9,0,27.12,21.74,0.026,21.77,-0.083,0.0179,0.0136
4330,6,10,0,26.5,22.07,-0.019,22.48,0.095,0.0179,0.0136
4331,6,11,0,25.78,24.62,0.234,24.6,0.252,0.0179,0.0136
4332,6,12,0,25.0,26.5,0.456,27.06,0.488,0.0179,0.0136
4333,6,13,0,24.22,22.68,0.005,22.75,0.077,0.0179,0.0136
4334,6,14,0,23.5,24.48,0.29,23.94,0.236,0.0179,0.0136
4335,6,15,0,22.88,21.66,-0.069,22.17,0.03,0.0179,0.0136
4336,6,16,0,22.4,22.04,-0.027,21.95,0.016,0.0179,0.0136
4337,6,17,0,22.1,23.77,0.109,23.75,0.187,0.0179,0.0136
4338,6,18,0,22.0,23.13,0.207,23.07,0.06,0.0179,0.0136
4339,6,19,0,22.1,19.17,-0.247,18.95,-0.336,0.0179,0.0136
4340,6,20,0,22.4,21.03,-0.074,21.31,-0.057,0.0179,0.0136
4341,6,21,0,22.88,23.67,0.148,23.54,0.179,0.0179,0.0136
4342,6,22,0,23.5,20.48,-0.173,19.84,-0.188,0.0179,0.0136
4343,6,23,0,24.22,22.88,-0.012,23.14,0.124,0.0179,0.0136
4344,7,0,0,29.0,23.48,0.191,23.08,0.104,0.019,0.0139
4345,7,1,0,29.78,27.11,0.579,26.45,0.434,0.019,0.0139
4346,7,2,0,30.5,20.07,-0.179,19.92,-0.177,0.019,0.0139
4347,7,3,0,31.12,25.08,0.26,25.51,0.385,0.019,0.0139
4348,7,4,0,31.6,23.09,0.098,22.89,0.068,0.019,0.0139
4349,7,5,0,31.9,22.56,0.004,22.34,0.048,0.019,0.0139
4350,7,6,0,32.0,23.44,0.213,23.39,0.131,0.019,0.0139
4351,7,7,0,31.9,22.05,-0.002,22.24,0.027,0.019,0.0139
4352,7,8,0,31.6,18.72,-0.419,18.72,-0.364,0.019,0.0139
4353,7,9,0,31.12,20.5,-0.178,20.18,-0.196,0.019,0.0139
4354,7,10,0,30.5,23.5,0.055,23.56,0.159,0.019,0.0139
4355,7,11,0,29.78,22.98,0.095,22.88,0.094,0.019,0.0139
4356,7,12,0,29.0,23.65,0.152,23.17,0.163,0.019,0.0139
4357,7,13,0,28.22,24.62,0.289,24.88,0.338,0.019,0.0139
4358,7,14,0,27.5,25.38,0.289,25.34,0.326,0.019,0.0139
4359,7,15,0,26.88,27.15,0.491,26.67,0.425,0.019,0.0139
4360,7,16,0,26.4,22.69,0.063,22.33,-0.026,0.019,0.0139
4361,7,17,0,26.1,23.43,0.123,23.79,0.175,0.019,0.0139
4362,7,18,0,26.0,22.25,0.024,22.31,0.054,0.019,0.0139
4363,7,19,0,26.1,24.35,0.219,24.11,0.238,0.019,0.0139
4364,7,20,0,26.4,20.37,-0.152,19.78,-0.207,0.019,0.0139
4365,7,21,0,26.88,21.42,-0.096,21.24,-0.102,0.019,0.0139
4366,7,22,0,27.5,23.54,0.141,23.19,0.091,0.019,0.0139
4367,7,23,0,28.22,20.32,-0.194,20.58,-0.137,0.019,0.0139
4368,7,0,0,29.0,20.24,-0.138,20.02,-0.121,0.019,0.0139
4369,7,1,0,29.78,19.54,-0.226,19.48,-0.271,0.019,0.0139
4370,7,2,0,30.5,23.77,0.185,23.51,0.136,0.019,0.0139
4371,7,3,0,31.12,24.33,0.215,24.13,0.241,0.019,0.0139
4372,7,4,0,31.6,20.96,-0.195,20.98,-0.135,0.019,0.0139
4373,7,5,0,31.9,23.07,0.08,22.78,0.092,0.019,0.0139
4374,7,6,0,32.0,21.63,-0.026,21.88,0.001,0.019,0.0139
4375,7,7,0,31.9,24.36,0.313,24.46,0.273,0.019,0.0139
4376,7,8,1,31.6,21.71,-0.015,22.1,-0.002,0.019,0.0139
4377,7,9,1,31.12,22.92,0.115,23.25,0.18,0.019,0.0139
4378,7,10,1,30.5,24.13,0.162,24.29,0.223,0.019,0.0139
4379,7,11,1,29.78,22.61,0.093,22.82,0.087,0.019,0.0139
4380,7,12,1,29.0,22.68,0.025,22.9,0.141,0.019,0.0139
4381,7,13,1,28.22,19.43,-0.259,19.87,-0.183,0.019,0.0139
4382,7,14,1,27.5,23.05,0.132,23.15,0.139,0.019,0.0139
4383,7,15,1,26.88,22.01,-0.054,22.32,0.032,0.019,0.0139
4384,7,16,1,26.4,23.75,0.198,24.05,0.193,0.019,0.0139
4385,7,17,1,26.1,23.85,0.272,23.64,0.162,0.019,0.0139
4386,7,18,1,26.0,20.19,-0.179,19.83,-0.213,0.019,0.0139
4387,7,19,0,26.1,25.45,0.347,25.14,0.283,0.019,0.0139
4388,7,20,0,26.4,21.76,-0.081,22.27,0.044,0.019,0.0139
4389,7,21,0,26.88,23.09,0.135,23.08,0.073,0.019,0.0139
4390,7,22,0,27.5,24.98,0.301,25.56,0.429,0.019,0.0139
4391,7,23,0,28.22,21.9,0.062,22.02,-0.012,0.019,0.0139
4392,7,0,0,29.0,20.43,-0.054,19.94,-0.221,0.019,0.0139
4393,7,1,0,29.78,22.22,0.07,21.89,-0.035,0.019,0.0139
4394,7,2,0,30.5,21.76,-0.077,21.85,-0.02,0.019,0.0139
4395,7,3,0,31.12,24.6,0.267,24.73,0.28,0.019,0.0139
4396,7,4,0,31.6,21.92,-0.049,22.52,0.058,0.019,0.0139
4397,7,5,0,31.9,22.67,0.122,22.98,0.097,0.019,0.0139
4398,7,6,0,32.0,22.94,-0.02,23.03,0.056,0.019,0.0139
4399,7,7,0,31.9,21.59,-0.101,21.42,-0.035,0.019,0.0139
4400,7,8,1,31.6,22.5,-0.012,22.44,0.043,0.019,0.0139
4401,7,9,1,31.12,18.56,-0.341,18.51,-0.342,0.019,0.0139
4402,7,10,1,30.5,20.15,-0.237,20.22,-0.202,0.019,0.0139
4403,7,11,1,29.78,23.58,0.16,24.18,0.194,0.019,0.0139
4404,7,12,1,29.0,22.78,0.109,23.06,0.189,0.019,0.0139
4405,7,13,1,28.22,21.43,0.02,21.5,-0.005,0.019,0.0139
4406,7,14,1,27.5,19.57,-0.168,19.57,-0.156,0.019,0.0139
4407,7,15,1,26.88,23.56,0.105,23.45,0.211,0.019,0.0139
4408,7,16,1,26.4,23.59,0.149,23.34,0.143,0.019,0.0139
4409,7,17,1,26.1,23.32,0.101,23.05,0.055,0.019,0.0139
4410,7,18,1,26.0,24.06,0.229,23.96,0.238,0.019,0.0139
4411,7,19,0,26.1,22.83,0.093,22.8,0.081,0.019,0.0139
4412,7,20,0,26.4,24.37,0.21,24.46,0.278,0.019,0.0139
4413,7,21,0,26.88,24.35,0.311,23.94,0.205,0.019,0.0139
4414,7,22,0,27.5,22.92,0.064,23.23,0.151,0.019,0.0139
4415,7,23,0,28.22,21.93,-0.056,21.49,-0.034,0.019,0.0139
4416,7,0,0,29.0,21.08,-0.032,21.56,-0.004,0.019,0.0139
4417,7,1,0,29.78,22.69,0.009,22.76,0.106,0.019,0.0139
4418,7,2,0,30.5,23.07,0.191,23.24,0.106,0.019,0.0139
4419,7,3,0,31.12,22.31,-0.016,22.41,0.035,0.019,0.0139
4420,7,4,0,31.6,23.24,0.189,23.14,0.069,0.019,0.0139
4421,7,5,0,31.9,24.18,0.19,24.38,0.211,0.019,0.0139
4422,7,6,0,32.0,19.38,-0.21,19.14,-0.288,0.019,0.0139
4423,7,7,0,31.9,24.24,0.26,24.06,0.184,0.019,0.0139
4424,7,8,1,31.6,21.05,-0.128,21.02,-0.144,0.019,0.0139
4425,7,9,1,31.12,22.23,0.086,22.26,0.054,0.019,0.0139
4426,7,10,1,30.5,24.33,0.25,24.55,0.218,0.019,0.0139
4427,7,11,1,29.78,22.72,0.145,22.9,0.111,0.019,0.0139
4428,7,12,1,29.0,24.36,0.22,24.05,0.218,0.019,0.0139
4429,7,13,1,28.22,24.24,0.22,24.2,0.24,0.019,0.0139
4430,7,14,1,27.5,20.81,-0.163,21.29,-0.128,0.019,0.0139
4431,7,15,1,26.88,22.52,0.081,23.02,0.125,0.019,0.0139
4432,7,16,1,26.4,22.56,-0.021,22.52,-0.016,0.019,0.0139
4433,7,17,1,26.1,22.79,0.097,23.19,0.138,0.019,0.0139
4434,7,18,1,26.0,24.88,0.281,24.97,0.273,0.019,0.0139
4435,7,19,0,26.1,25.53,0.306,25.69,0.334,0.019,0.0139
4436,7,20,0,26.4,24.38,0.331,24.07,0.124,0.019,0.0139
4437,7,21,0,26.88,24.63,0.269,24.78,0.273,0.019,0.0139
4438,7,22,0,27.5,25.34,0.288,25.55,0.303,0.019,0.0139
4439,7,23,0,28.22,22.77,0.001,22.77,0.075,0.019,0.0139
4440,7,0,0,29.0,21.64,0.0,21.64,0.009,0.019,0.0139
4441,7,1,0,29.78,23.86,0.205,23.65,0.167,0.019,0.0139
4442,7,2,0,30.5,20.5,-0.057,20.62,-0.137,0.019,0.0139
4443,7,3,0,31.12,20.11,-0.25,20.12,-0.162,0.019,0.0139
4444,7,4,0,31.6,23.29,0.112,23.24,0.117,0.019,0.0139
4445,7,5,0,31.9,22.51,-0.018,22.28,0.062,0.019,0.0139
4446,7,6,0,32.0,21.92,0.006,21.97,0.007,0.019,0.0139
4447,7,7,0,31.9,20.74,-0.156,20.24,-0.164,0.019,0.0139
4448,7,8,1,31.6,21.41,0.047,21.3,-0.125,0.019,0.0139
4449,7,9,1,31.12,21.37,-0.065,21.94,-0.028,0.019,0.0139
4450,7,10,1,30.5,24.25,0.208,24.27,0.233,0.019,0.0139
4451,7,11,1,29.78,21.51,-0.054,21.21,-0.11,0.019,0.0139
4452,7,12,1,29.0,22.52,0.094,22.62,0.096,0.019,0.0139
4453,7,13,1,28.22,21.89,0.014,22.04,0.014,0.019,0.0139
4454,7,14,1,27.5,21.78,0.003,21.47,-0.104,0.019,0.0139
4455,7,15,1,26.88,22.1,-0.057,21.33,-0.093,0.019,0.0139
4456,7,16,1,26.4,24.15,0.187,24.35,0.257,0.019,0.0139
4457,7,17,1,26.1,23.83,0.114,23.78,0.172,0.019,0.0139
4458,7,18,1,26.0,22.35,0.054,21.98,0.007,0.019,0.0139
4459,7,19,0,26.1,23.17,0.153,23.25,0.12,0.019,0.0139
4460,7,20,0,26.4,22.8,0.051,22.68,0.108,0.019,0.0139
4461,7,21,0,26.88,19.43,-0.288,19.7,-0.253,0.019,0.0139
4462,7,22,0,27.5,22.89,0.048,22.45,0.019,0.019,0.0139
4463,7,23,0,28.22,22.17,0.097,21.93,0.047,0.019,0.0139
4464,7,0,0,29.0,19.47,-0.21,19.63,-0.221,0.019,0.0139
4465,7,1,0,29.78,21.51,-0.086,21.44,-0.069,0.019,0.0139
4466,7,2,0,30.5,20.69,-0.207,20.65,-0.141,0.019,0.0139
4467,7,3,0,31.12,20.63,-0.171,20.69,-0.122,0.019,0.0139
4468,7,4,0,31.6,24.12,0.086,24.6,0.235,0.019,0.0139
4469,7,5,0,31.9,22.05,-0.078,22.18,-0.011,0.019,0.0139
4470,7,6,0,32.0,22.7,0.088,22.72,0.085,0.019,0.0139
4471,7,7,0,31.9,23.01,0.104,23.07,0.127,0.019,0.0139
4472,7,8,1,31.6,19.14,-0.396,19.6,-0.272,0.019,0.0139
4473,7,9,1,31.12,22.16,-0.134,22.36,0.035,0.019,0.0139
4474,7,10,1,30.5,23.69,0.134,23.99,0.19,0.019,0.0139
4475,7,11,1,29.78,21.58,-0.094,21.46,-0.081,0.019,0.0139
4476,7,12,1,29.0,23.15,0.14,23.19,0.126,0.019,0.0139
4477,7,13,1,28.22,23.56,0.069,23.82,0.156,0.019,0.0139
4478,7,14,1,27.5,22.15,-0.018,22.15,0.042,0.019,0.0139
4479,7,15,1,26.88,25.47,0.351,25.53,0.378,0.019,0.0139
4480,7,16,1,26.4,19.7,-0.181,19.71,-0.248,0.019,0.0139
4481,7,17,1,26.1,20.66,-0.137,20.6,-0.167,0.019,0.0139
4482,7,18,1,26.0,25.64,0.307,25.5,0.347,0.019,0.0139
4483,7,19,0,26.1,23.86,0.21,23.87,0.161,0.019,0.0139
4484,7,20,0,26.4,24.73,0.326,24.9,0.301,0.019,0.0139
4485,7,21,0,26.88,23.74,0.149,23.48,0.188,0.019,0.0139
4486,7,22,0,27.5,24.84,0.296,24.5,0.237,0.019,0.0139
4487,7,23,0,28.22,21.45,0.002,21.54,-0.032,0.019,0.0139
4488,7,0,0,29.0,22.02,-0.016,22.18,0.03,0.019,0.0139
4489,7,1,0,29.78,24.59,0.299,23.97,0.151,0.019,0.0139
4490,7,2,0,30.5,24.34,0.173,24.15,0.236,0.019,0.0139
4491,7,3,0,31.12,23.05,0.042,22.75,0.069,0.019,0.0139
4492,7,4,0,31.6,20.69,-0.125,20.38,-0.191,0.019,0.0139
4493,7,5,0,31.9,23.14,0.107,23.59,0.163,0.019,0.0139
4494,7,6,0,32.0,25.53,0.412,25.17,0.349,0.019,0.0139
4495,7,7,0,31.9,23.78,0.192,24.17,0.199,0.019,0.0139
4496,7,8,0,31.6,24.14,0.269,24.48,0.25,0.019,0.0139
4497,7,9,0,31.12,21.43,-0.01,21.48,-0.021,0.019,0.0139
4498,7,10,0,30.5,21.86,-0.08,21.95,0.025,0.019,0.0139
4499,7,11,0,29.78,21.33,-0.125,21.56,-0.013,0.019,0.0139
4500,7,12,0,29.0,22.98,0.133,22.75,0.057,0.019,0.0139
4501,7,13,0,28.22,23.62,0.076,23.54,0.125,0.019,0.0139
4502,7,14,0,27.5,21.85,0.03,22.26,0.075,0.019,0.0139
4503,7,15,0,26.88,24.98,0.289,24.82,0.27,0.019,0.0139
4504,7,16,0,26.4,21.49,-0.051,20.94,-0.145,0.019,0.0139
4505,7,17,0,26.1,22.45,0.019,23.08,0.114,0.019,0.0139
4506,7,18,0,26.0,23.86,0.201,23.94,0.184,0.019,0.0139
4507,7,19,0,26.1,22.15,0.058,21.86,-0.066,0.019,0.0139
4508,7,20,0,26.4,23.96,0.244,23.54,0.143,0.019,0.0139
4509,7,21,0,26.88,20.65,-0.088,20.83,-0.131,0.019,0.0139
4510,7,22,0,27.5,23.58,0.092,22.9,0.128,0.019,0.0139
4511,7,23,0,28.22,22.16,-0.018,21.61,-0.067,0.019,0.0139
4512,7,0,0,29.0,22.25,0.034,22.14,0.012,0.019,0.0139
4513,7,1,0,29.78,24.54,0.277,24.67,0.302,0.019,0.0139
4514,7,2,0,30.5,21.92,0.052,21.54,-0.042,0.019,0.0139
4515,7,3,0,31.12,22.71,0.04,22.52,0.077,0.019,0.0139
4516,7,4,0,31.6,23.98,0.237,24.21,0.238,0.019,0.0139
4517,7,5,0,31.9,22.7,0.13,22.64,0.053,0.019,0.0139
4518,7,6,0,32.0,23.05,0.073,22.81,0.074,0.019,0.0139
4519,7,7,0,31.9,21.29,-0.138,21.53,-0.044,0.019,0.0139
4520,7,8,0,31.6,22.7,0.048,22.16,0.023,0.019,0.0139
4521,7,9,0,31.12,23.14,0.148,23.08,0.105,0.019,0.0139
4522,7,10,0,30.5,22.52,0.098,22.6,0.039,0.019,0.0139
4523,7,11,0,29.78,21.77,-0.04,21.57,-0.0,0.019,0.0139
4524,7,12,0,29.0,23.36,0.106,23.02,0.113,0.019,0.0139
4525,7,13,0,28.22,21.14,-0.019,20.92,-0.126,0.019,0.0139
4526,7,14,0,27.5,23.93,0.157,24.31,0.204,0.019,0.0139
4527,7,15,0,26.88,22.09,0.015,21.76,-0.03,0.019,0.0139
4528,7,16,0,26.4,23.04,0.145,23.46,0.161,0.019,0.0139
4529,7,17,0,26.1,19.55,-0.159,19.68,-0.322,0.019,0.0139
4530,7,18,0,26.0,23.53,0.111,23.49,0.173,0.019,0.0139
4531,7,19,0,26.1,25.06,0.288,25.3,0.301,0.019,0.0139
4532,7,20,0,26.4,22.72,0.052,22.98,0.089,0.019,0.0139
4533,7,21,0,26.88,26.73,0.531,27.06,0.462,0.019,0.0139
4534,7,22,0,27.5,21.44,-0.106,21.46,-0.006,0.019,0.0139
4535,7,23,0,28.22,24.62,0.351,24.46,0.245,0.019,0.0139
4536,7,0,0,29.0,26.38,0.467,26.43,0.485,0.019,0.0139
4537,7,1,0,29.78,24.42,0.235,24.57,0.272,0.019,0.0139
4538,7,2,0,30.5,21.28,-0.128,21.32,-0.121,0.019,0.0139
4539,7,3,0,31.12,22.58,0.104,22.95,0.093,0.019,0.0139
4540,7,4,0,31.6,25.12,0.216,24.95,0.23,0.019,0.0139
4541,7,5,0,31.9,20.73,-0.159,20.97,-0.089,0.019,0.0139
4542,7,6,0,32.0,24.97,0.321,24.64,0.28,0.019,0.0139
4543,7,7,0,31.9,21.21,-0.093,21.62,-0.05,0.019,0.0139
4544,7,8,1,31.6,25.67,0.413,25.82,0.423,0.019,0.0139
4545,7,9,1,31.12,21.52,-0.073,21.9,-0.026,0.019,0.0139
4546,7,10,1,30.5,22.09,0.05,21.91,-0.001,0.019,0.0139
4547,7,11,1,29.78,21.76,-0.037,21.97,-0.013,0.019,0.0139
4548,7,12,1,29.0,22.57,0.077,22.71,0.06,0.019,0.0139
4549,7,13,1,28.22,23.77,0.144,23.7,0.126,0.019,0.0139
4550,7,14,1,27.5,23.97,0.208,23.98,0.229,0.019,0.0139
4551,7,15,1,26.88,21.78,-0.018,21.37,-0.054,0.019,0.0139
4552,7,16,1,26.4,22.11,-0.114,22.55,0.088,0.019,0.0139
4553,7,17,1,26.1,23.69,0.002,23.82,0.221,0.019,0.0139
4554,7,18,1,26.0,20.96,-0.112,20.81,-0.107,0.019,0.0139
4555,7,19,0,26.1,23.46,0.187,23.73,0.18,0.019,0.0139
4556,7,20,0,26.4,23.12,0.075,22.8,0.107,0.019,0.0139
4557,7,21,0,26.88,23.76,0.15,23.97,0.225,0.019,0.0139
4558,7,22,0,27.5,20.76,-0.137,21.08,-0.041,0.019,0.0139
4559,7,23,0,28.22,20.22,-0.196,20.75,-0.137,0.019,0.0139
4560,7,0,0,29.0,22.79,0.076,22.58,0.036,0.019,0.0139
4561,7,1,0,29.78,21.45,-0.1,21.59,-0.064,0.019,0.0139
4562,7,2,0,30.5,20.44,-0.09,20.29,-0.196,0.019,0.0139
4563,7,3,0,31.12,21.4,-0.078,21.46,0.013,0.019,0.0139
4564,7,4,0,31.6,22.26,0.073,22.36,0.063,0.019,0.0139
4565,7,5,0,31.9,22.85,0.186,22.8,0.077,0.019,0.0139
4566,7,6,0,32.0,21.84,-0.103,21.64,-0.011,0.019,0.0139
4567,7,7,0,31.9,18.98,-0.312,18.98,-0.235,0.019,0.0139
4568,7,8,1,31.6,19.75,-0.232,19.48,-0.258,0.019,0.0139
4569,7,9,1,31.12,21.68,-0.095,21.65,-0.024,0.019,0.0139
4570,7,10,1,30.5,19.02,-0.328,19.01,-0.269,0.019,0.0139
4571,7,11,1,29.78,25.13,0.383,25.03,0.294,0.019,0.0139
4572,7,12,1,29.0,21.05,-0.069,21.57,-0.042,0.019,0.0139
4573,7,13,1,28.22,23.53,0.15,23.61,0.122,0.019,0.0139
4574,7,14,1,27.5,22.09,0.003,22.28,0.055,0.019,0.0139
4575,7,15,1,26.88,23.08,0.042,22.81,0.076,0.019,0.0139
4576,7,16,1,26.4,21.71,-0.065,21.81,-0.037,0.019,0.0139
4577,7,17,1,26.1,24.08,0.173,24.12,0.213,0.019,0.0139
4578,7,18,1,26.0,24.57,0.286,24.66,0.243,0.019,0.0139
4579,7,19,0,26.1,24.04,0.164,24.74,0.238,0.019,0.0139
4580,7,20,0,26.4,22.76,0.072,23.03,0.071,0.019,0.0139
4581,7,21,0,26.88,22.34,0.013,22.52,0.07,0.019,0.0139
4582,7,22,0,27.5,24.25,0.223,24.32,0.257,0.019,0.0139
4583,7,23,0,28.22,21.22,-0.092,20.93,-0.122,0.019,0.0139
4584,7,0,0,29.0,21.29,0.038,21.84,-0.026,0.019,0.0139
4585,7,1,0,29.78,22.64,0.119,22.58,0.097,0.019,0.0139
4586,7,2,0,30.5,19.83,-0.282,19.98,-0.15,0.019,0.0139
4587,7,3,0,31.12,23.16,0.104,22.91,0.083,0.019,0.0139
4588,7,4,0,31.6,23.29,0.071,23.6,0.215,0.019,0.0139
4589,7,5,0,31.9,24.91,0.294,24.65,0.316,0.019,0.0139
4590,7,6,0,32.0,24.35,0.276,24.25,0.315,0.019,0.0139
4591,7,7,0,31.9,22.66,0.074,22.47,0.054,0.019,0.0139
4592,7,8,1,31.6,21.71,-0.091,21.85,-0.035,0.019,0.0139
4593,7,9,1,31.12,23.64,0.209,23.11,0.051,0.019,0.0139
4594,7,10,1,30.5,19.9,-0.195,19.75,-0.185,0.019,0.0139
4595,7,11,1,29.78,22.59,0.088,22.51,0.025,0.019,0.0139
4596,7,12,1,29.0,22.71,0.075,22.35,0.031,0.019,0.0139
4597,7,13,1,28.22,21.29,-0.063,21.34,-0.03,0.019,0.0139
4598,7,14,1,27.5,20.09,-0.229,20.07,-0.167,0.019,0.0139
4599,7,15,1,26.88,23.63,0.128,23.78,0.205,0.019,0.0139
4600,7,16,1,26.4,20.2,-0.243,19.68,-0.233,0.019,0.0139
4601,7,17,1,26.1,23.51,0.217,22.62,0.066,0.019,0.0139
4602,7,18,1,26.0,20.15,-0.131,20.18,-0.164,0.019,0.0139
4603,7,19,0,26.1,24.15,0.194,23.74,0.146,0.019,0.0139
4604,7,20,0,26.4,25.08,0.45,25.27,0.313,0.019,0.0139
4605,7,21,0,26.88,21.41,0.01,21.37,-0.074,0.019,0.0139
4606,7,22,0,27.5,22.69,0.071,22.72,0.052,0.019,0.0139
4607,7,23,0,28.22,22.29,0.029,22.24,0.052,0.019,0.0139
4608,7,0,0,29.0,25.14,0.294,24.89,0.264,0.019,0.0139
4609,7,1,0,29.78,22.78,0.09,22.62,0.095,0.019,0.0139
4610,7,2,0,30.5,18.71,-0.352,18.86,-0.3,0.019,0.0139
4611,7,3,0,31.12,21.16,-0.039,21.51,-0.032,0.019,0.0139
4612,7,4,0,31.6,23.69,0.138,23.47,0.169,0.019,0.0139
4613,7,5,0,31.9,21.35,-0.081,21.78,-0.007,0.019,0.0139
4614,7,6,0,32.0,25.65,0.368,25.44,0.375,0.019,0.0139
4615,7,7,0,31.9,23.93,0.167,23.83,0.176,0.019,0.0139
4616,7,8,1,31.6,24.67,0.271,24.59,0.246,0.019,0.0139
4617,7,9,1,31.12,23.56,0.106,23.6,0.131,0.019,0.0139
4618,7,10,1,30.5,19.5,-0.21,19.25,-0.235,0.019,0.0139
4619,7,11,1,29.78,23.53,0.147,23.69,0.193,0.019,0.0139
4620,7,12,1,29.0,22.93,0.088,23.47,0.187,0.019,0.0139
4621,7,13,1,28.22,23.81,0.081,24.03,0.231,0.019,0.0139
4622,7,14,1,27.5,22.31,-0.043,22.18,0.017,0.019,0.0139
4623,7,15,1,26.88,22.55,-0.019,22.16,0.031,0.019,0.0139
4624,7,16,1,26.4,23.81,0.238,23.86,0.184,0.019,0.0139
4625,7,17,1,26.1,22.42,-0.036,22.14,0.07,0.019,0.0139
4626,7,18,1,26.0,24.2,0.227,23.78,0.175,0.019,0.0139
4627,7,19,0,26.1,22.09,0.028,21.97,0.021,0.019,0.0139
4628,7,20,0,26.4,23.1,0.102,23.07,0.135,0.019,0.0139
4629,7,21,0,26.88,23.2,0.118,23.22,0.132,0.019,0.0139
4630,7,22,0,27.5,21.8,-0.074,22.04,-0.008,0.019,0.0139
4631,7,23,0,28.22,23.42,0.063,23.08,0.11,0.019,0.0139
4632,7,0,0,29.0,19.96,-0.167,19.57,-0.25,0.019,0.0139
4633,7,1,0,29.78,24.43,0.238,24.07,0.219,0.019,0.0139
4634,7,2,0,30.5,20.74,-0.1,21.05,-0.143,0.019,0.0139
4635,7,3,0,31.12,22.44,0.015,22.56,0.012,0.019,0.0139
4636,7,4,0,31.6,22.92,0.072,23.58,0.205,0.019,0.0139
4637,7,5,0,31.9,21.37,-0.024,21.44,-0.057,0.019,0.0139
4638,7,6,0,32.0,22.05,0.1,22.27,0.036,0.019,0.0139
4639,7,7,0,31.9,21.73,0.099,21.67,-0.029,0.019,0.0139
4640,7,8,1,31.6,21.61,-0.13,21.26,-0.063,0.019,0.0139
4641,7,9,1,31.12,23.48,0.147,23.36,0.101,0.019,0.0139
4642,7,10,1,30.5,22.7,0.043,22.84,0.135,0.019,0.0139
4643,7,11,1,29.78,21.24,-0.033,21.33,-0.069,0.019,0.0139
4644,7,12,1,29.0,22.22,0.09,21.79,-0.026,0.019,0.0139
4645,7,13,1,28.22,23.31,0.099,23.51,0.145,0.019,0.0139
4646,7,14,1,27.5,24.5,0.357,24.17,0.194,0.019,0.0139
4647,7,15,1,26.88,20.73,-0.017,20.77,-0.18,0.019,0.0139
4648,7,16,1,26.4,22.29,0.031,22.43,0.055,0.019,0.0139
4649,7,17,1,26.1,21.42,-0.065,21.24,-0.11,0.019,0.0139
4650,7,18,1,26.0,22.43,0.02,22.32,0.041,0.019,0.0139
4651,7,19,0,26.1,19.77,-0.107,19.7,-0.263,0.019,0.0139
4652,7,20,0,26.4,24.43,0.213,24.44,0.205,0.019,0.0139
4653,7,21,0,26.88,22.71,0.051,23.15,0.112,0.019,0.0139
4654,7,22,0,27.5,24.02,0.123,24.12,0.215,0.019,0.0139
4655,7,23,0,28.22,24.77,0.14,24.76,0.287,0.019,0.0139
4656,7,0,0,29.0,22.2,-0.064,21.65,-0.005,0.019,0.0139
4657,7,1,0,29.78,21.4,-0.062,21.13,-0.106,0.019,0.0139
4658,7,2,0,30.5,22.65,0.005,22.59,0.044,0.019,0.0139
4659,7,3,0,31.12,23.16,0.112,23.18,0.176,0.019,0.0139
4660,7,4,0,31.6,23.6,0.151,23.85,0.192,0.019,0.0139
4661,7,5,0,31.9,21.85,-0.02,22.09,0.015,0.019,0.0139
4662,7,6,0,32.0,22.74,0.221,22.74,0.054,0.019,0.0139
4663,7,7,0,31.9,21.49,-0.081,21.69,-0.039,0.019,0.0139
4664,7,8,0,31.6,20.87,-0.088,21.02,-0.108,0.019,0.0139
4665,7,9,0,31.12,23.57,0.122,23.01,0.096,0.019,0.0139
4666,7,10,0,30.5,20.74,-0.141,20.22,-0.157,0.019,0.0139
4667,7,11,0,29.78,24.42,0.279,24.26,0.245,0.019,0.0139
4668,7,12,0,29.0,24.33,0.143,24.22,0.224,0.019,0.0139
4669,7,13,0,28.22,20.98,-0.117,20.76,-0.134,0.019,0.0139
4670,7,14,0,27.5,22.71,0.053,22.92,0.104,0.019,0.0139
4671,7,15,0,26.88,22.52,0.043,22.8,0.078,0.019,0.0139
4672,7,16,0,26.4,21.94,-0.045,21.89,-0.038,0.019,0.0139
4673,7,17,0,26.1,23.66,0.15,23.34,0.164,0.019,0.0139
4674,7,18,0,26.0,21.97,-0.032,22.22,-0.01,0.019,0.0139
4675,7,19,0,26.1,20.11,-0.246,20.5,-0.127,0.019,0.0139
4676,7,20,0,26.4,21.0,0.01,21.4,-0.111,0.019,0.0139
4677,7,21,0,26.88,20.87,-0.087,21.1,-0.066,0.019,0.0139
4678,7,22,0,27.5,21.64,-0.03,22.24,-0.013,0.019,0.0139
4679,7,23,0,28.22,22.12,0.092,21.76,-0.044,0.019,0.0139
4680,7,0,0,29.0,23.24,0.093,23.1,0.052,0.019,0.0139
4681,7,1,0,29.78,23.4,0.094,23.79,0.132,0.019,0.0139
4682,7,2,0,30.5,23.7,0.231,23.21,0.094,0.019,0.0139
4683,7,3,0,31.12,20.85,-0.167,20.92,-0.129,0.019,0.0139
4684,7,4,0,31.6,23.03,0.185,22.3,0.032,0.019,0.0139
4685,7,5,0,31.9,20.56,-0.094,20.26,-0.156,0.019,0.0139
4686,7,6,0,32.0,24.58,0.273,24.38,0.25,0.019,0.0139
4687,7,7,0,31.9,23.54,0.118,23.88,0.185,0.019,0.0139
4688,7,8,0,31.6,21.58,-0.007,21.57,-0.093,0.019,0.0139
4689,7,9,0,31.12,24.16,0.201,23.82,0.22,0.019,0.0139
4690,7,10,0,30.5,22.99,0.04,23.09,0.078,0.019,0.0139
4691,7,11,0,29.78,23.91,0.166,23.74,0.202,0.019,0.0139
4692,7,12,0,29.0,20.93,-0.105,21.01,-0.099,0.019,0.0139
4693,7,13,0,28.22,21.72,-0.082,21.55,-0.031,0.019,0.0139
4694,7,14,0,27.5,21.5,-0.061,21.79,-0.053,0.019,0.0139
4695,7,15,0,26.88,22.14,0.065,22.02,-0.009,0.019,0.0139
4696,7,16,0,26.4,22.09,0.034,22.51,0.101,0.019,0.0139
4697,7,17,0,26.1,24.39,0.288,24.12,0.258,0.019,0.0139
4698,7,18,0,26.0,24.8,0.328,25.1,0.3,0.019,0.0139
4699,7,19,0,26.1,21.24,-0.159,21.14,-0.046,0.019,0.0139
4700,7,20,0,26.4,22.08,-0.054,22.46,0.079,0.019,0.0139
4701,7,21,0,26.88,21.76,0.057,21.37,-0.03,0.019,0.0139
4702,7,22,0,27.5,22.82,0.104,22.83,0.089,0.019,0.0139
4703,7,23,0,28.22,21.31,0.029,21.19,-0.001,0.019,0.0139
4704,7,0,0,29.0,24.84,0.268,24.99,0.275,0.019,0.0139
4705,7,1,0,29.78,21.4,0.048,21.24,-0.022,0.019,0.0139
4706,7,2,0,30.5,23.62,0.207,23.33,0.126,0.019,0.0139
4707,7,3,0,31.12,19.27,-0.315,19.36,-0.289,0.019,0.0139
4708,7,4,0,31.6,22.12,0.011,21.97,-0.005,0.019,0.0139
4709,7,5,0,31.9,19.69,-0.281,20.14,-0.214,0.019,0.0139
4710,7,6,0,32.0,22.01,0.074,21.97,0.006,0.019,0.0139
4711,7,7,0,31.9,23.35,0.147,23.43,0.152,0.019,0.0139
4712,7,8,1,31.6,19.6,-0.182,19.53,-0.129,0.019,0.0139
4713,7,9,1,31.12,20.69,-0.159,20.82,-0.057,0.019,0.0139
4714,7,10,1,30.5,20.47,-0.223,20.66,-0.144,0.019,0.0139
4715,7,11,1,29.78,22.45,-0.009,22.77,0.097,0.019,0.0139
4716,7,12,1,29.0,22.53,0.101,22.61,0.023,0.019,0.0139
4717,7,13,1,28.22,23.72,0.226,23.55,0.165,0.019,0.0139
4718,7,14,1,27.5,22.19,0.06,22.01,0.039,0.019,0.0139
4719,7,15,1,26.88,21.7,0.005,21.36,-0.107,0.019,0.0139
4720,7,16,1,26.4,20.54,-0.167,20.22,-0.218,0.019,0.0139
4721,7,17,1,26.1,19.59,-0.209,19.25,-0.313,0.019,0.0139
4722,7,18,1,26.0,21.99,-0.003,22.57,0.068,0.019,0.0139
4723,7,19,0,26.1,21.08,-0.119,21.73,-0.034,0.019,0.0139
4724,7,20,0,26.4,24.48,0.25,24.42,0.234,0.019,0.0139
4725,7,21,0,26.88,22.09,0.036,22.2,0.001,0.019,0.0139
4726,7,22,0,27.5,21.35,-0.135,21.17,-0.131,0.019,0.0139
4727,7,23,0,28.22,22.95,0.138,23.23,0.051,0.019,0.0139
4728,7,0,0,29.0,22.13,0.02,21.8,-0.032,0.019,0.0139
4729,7,1,0,29.78,23.39,0.044,23.38,0.109,0.019,0.0139
4730,7,2,0,30.5,22.51,-0.019,22.54,0.007,0.019,0.0139
4731,7,3,0,31.12,22.58,-0.025,22.16,0.003,0.019,0.0139
4732,7,4,0,31.6,21.77,-0.058,21.5,-0.049,0.019,0.0139
4733,7,5,0,31.9,21.42,-0.077,21.44,-0.051,0.019,0.0139
4734,7,6,0,32.0,23.82,0.246,24.07,0.232,0.019,0.0139
4735,7,7,0,31.9,22.86,0.066,22.73,0.046,0.019,0.0139
4736,7,8,1,31.6,22.51,0.014,22.72,0.07,0.019,0.0139
4737,7,9,1,31.12,21.48,-0.079,21.55,-0.068,0.019,0.0139
4738,7,10,1,30.5,21.48,-0.057,21.63,-0.05,0.019,0.0139
4739,7,11,1,29.78,22.89,0.146,22.77,0.048,0.019,0.0139
4740,7,12,1,29.0,22.22,0.005,21.8,-0.071,0.019,0.0139
4741,7,13,1,28.22,23.62,0.201,23.85,0.186,0.019,0.0139
4742,7,14,1,27.5,21.18,-0.005,20.94,-0.063,0.019,0.0139
4743,7,15,1,26.88,22.68,0.137,22.53,0.032,0.019,0.0139
4744,7,16,1,26.4,22.84,0.043,23.25,0.15,0.019,0.0139
4745,7,17,1,26.1,23.28,0.078,23.27,0.105,0.019,0.0139
4746,7,18,1,26.0,22.93,0.1,22.51,0.067,0.019,0.0139
4747,7,19,0,26.1,23.98,0.264,23.56,0.207,0.019,0.0139
4748,7,20,0,26.4,23.12,0.095,22.8,0.079,0.019,0.0139
4749,7,21,0,26.88,22.91,0.105,22.91,0.089,0.019,0.0139
4750,7,22,0,27.5,22.9,0.073,22.76,0.059,0.019,0.0139
4751,7,23,0,28.22,25.38,0.365,25.82,0.421,0.019,0.0139
4752,7,0,0,29.0,23.7,0.094,23.75,0.167,0.019,0.0139
4753,7,1,0,29.78,22.0,-0.075,21.66,-0.019,0.019,0.0139
4754,7,2,0,30.5,22.99,0.061,22.64,0.098,0.019,0.0139
4755,7,3,0,31.12,21.18,-0.091,21.23,-0.061,0.019,0.0139
4756,7,4,0,31.6,21.22,-0.07,21.24,-0.069,0.019,0.0139
4757,7,5,0,31.9,22.62,0.171,22.72,0.149,0.019,0.0139
4758,7,6,0,32.0,21.54,-0.016,20.85,-0.11,0.019,0.0139
4759,7,7,0,31.9,24.09,0.212,24.18,0.252,0.019,0.0139
4760,7,8,1,31.6,24.4,0.199,23.99,0.196,0.019,0.0139
4761,7,9,1,31.12,22.65,0.086,22.58,0.088,0.019,0.0139
4762,7,10,1,30.5,25.08,0.266,25.26,0.321,0.019,0.0139
4763,7,11,1,29.78,22.39,0.058,22.54,0.116,0.019,0.0139
4764,7,12,1,29.0,21.81,0.099,21.92,-0.025,0.019,0.0139
4765,7,13,1,28.22,22.72,0.076,22.43,0.02,0.019,0.0139
4766,7,14,1,27.5,24.07,0.16,24.11,0.237,0.019,0.0139
4767,7,15,1,26.88,22.77,0.02,23.06,0.117,0.019,0.0139
4768,7,16,1,26.4,23.66,0.103,23.53,0.152,0.019,0.0139
4769,7,17,1,26.1,24.34,0.213,24.68,0.23,0.019,0.0139
4770,7,18,1,26.0,21.85,0.008,21.71,-0.032,0.019,0.0139
4771,7,19,0,26.1,21.37,-0.056,21.7,-0.017,0.019,0.0139
4772,7,20,0,26.4,19.91,-0.281,19.19,-0.296,0.019,0.0139
4773,7,21,0,26.88,23.36,0.216,22.66,0.071,0.019,0.0139
4774,7,22,0,27.5,24.54,0.279,24.27,0.23,0.019,0.0139
4775,7,23,0,28.22,23.73,0.196,23.66,0.199,0.019,0.0139
4776,7,0,0,29.0,21.52,-0.142,21.6,-0.019,0.019,0.0139
4777,7,1,0,29.78,25.43,0.339,25.06,0.332,0.019,0.0139
4778,7,2,0,30.5,22.55,0.035,22.6,0.047,0.019,0.0139
4779,7,3,0,31.12,22.37,-0.022,22.38,0.036,0.019,0.0139
4780,7,4,0,31.6,24.85,0.223,24.73,0.268,0.019,0.0139
4781,7,5,0,31.9,21.43,-0.05,21.03,-0.119,0.019,0.0139
4782,7,6,0,32.0,21.56,-0.12,21.61,-0.091,0.019,0.0139
4783,7,7,0,31.9,23.51,0.102,22.93,0.039,0.019,0.0139
4784,7,8,1,31.6,21.77,-0.017,21.9,0.062,0.019,0.0139
4785,7,9,1,31.12,24.13,0.153,23.85,0.266,0.019,0.0139
4786,7,10,1,30.5,24.09,0.213,24.27,0.235,0.019,0.0139
4787,7,11,1,29.78,20.28,-0.169,20.32,-0.195,0.019,0.0139
4788,7,12,1,29.0,21.69,-0.037,22.15,0.077,0.019,0.0139
4789,7,13,1,28.22,19.89,-0.288,19.73,-0.263,0.019,0.0139
4790,7,14,1,27.5,21.26,-0.061,21.35,-0.085,0.019,0.0139
4791,7,15,1,26.88,19.16,-0.298,19.6,-0.273,0.019,0.0139
4792,7,16,1,26.4,22.91,0.075,22.97,0.102,0.019,0.0139
4793,7,17,1,26.1,20.77,-0.173,21.0,-0.119,0.019,0.0139
4794,7,18,1,26.0,23.47,0.227,23.83,0.215,0.019,0.0139
4795,7,19,0,26.1,22.01,0.072,21.55,-0.004,0.019,0.0139
4796,7,20,0,26.4,21.49,-0.067,21.77,0.022,0.019,0.0139
4797,7,21,0,26.88,21.73,0.012,22.32,0.086,0.019,0.0139
4798,7,22,0,27.5,21.8,-0.068,21.93,0.018,0.019,0.0139
4799,7,23,0,28.22,23.85,0.209,24.57,0.278,0.019,0.0139
4800,7,0,0,29.0,21.79,-0.04,21.96,-0.001,0.019,0.0139
4801,7,1,0,29.78,22.76,0.079,22.66,0.054,0.019,0.0139
4802,7,2,0,30.5,21.93,0.002,22.25,0.036,0.019,0.0139
4803,7,3,0,31.12,20.31,-0.142,20.44,-0.168,0.019,0.0139
4804,7,4,0,31.6,25.63,0.402,24.94,0.315,0.019,0.0139
4805,7,5,0,31.9,23.31,0.159,23.37,0.163,0.019,0.0139
4806,7,6,0,32.0,21.41,-0.068,21.5,-0.083,0.019,0.0139
4807,7,7,0,31.9,23.58,0.083,23.41,0.124,0.019,0.0139
4808,7,8,1,31.6,21.3,-0.062,21.61,0.002,0.019,0.0139
4809,7,9,1,31.12,21.5,0.092,21.76,-0.013,0.019,0.0139
4810,7,10,1,30.5,23.79,0.108,24.0,0.218,0.019,0.0139
4811,7,11,1,29.78,22.96,0.052,22.88,0.109,0.019,0.0139
4812,7,12,1,29.0,21.04,-0.09,21.68,-0.069,0.019,0.0139
4813,7,13,1,28.22,21.73,0.094,21.65,-0.062,0.019,0.0139
4814,7,14,1,27.5,22.33,0.058,22.16,0.001,0.019,0.0139
4815,7,15,1,26.88,20.79,-0.136,20.73,-0.144,0.019,0.0139
4816,7,16,1,26.4,21.69,-0.047,22.05,-0.029,0.019,0.0139
4817,7,17,1,26.1,21.81,-0.086,21.82,0.031,0.019,0.0139
4818,7,18,1,26.0,23.8,0.2,24.23,0.16,0.019,0.0139
4819,7,19,0,26.1,24.8,0.241,24.54,0.259,0.019,0.0139
4820,7,20,0,26.4,24.57,0.302,24.88,0.279,0.019,0.0139
4821,7,21,0,26.88,22.01,-0.006,22.11,0.038,0.019,0.0139
4822,7,22,0,27.5,23.75,0.048,23.92,0.196,0.019,0.0139
4823,7,23,0,28.22,22.34,-0.004,22.39,-0.001,0.019,0.0139
4824,7,0,0,29.0,23.19,0.148,23.09,0.089,0.019,0.0139
4825,7,1,0,29.78,24.62,0.277,24.92,0.286,0.019,0.0139
4826,7,2,0,30.5,23.78,0.19,23.9,0.221,0.019,0.0139
4827,7,3,0,31.12,24.64,0.211,24.26,0.203,0.019,0.0139
4828,7,4,0,31.6,20.25,-0.145,20.23,-0.178,0.019,0.0139
4829,7,5,0,31.9,21.7,-0.023,22.04,0.014,0.019,0.0139
4830,7,6,0,32.0,24.23,0.326,24.19,0.206,0.019,0.0139
4831,7,7,0,31.9,25.5,0.376,25.2,0.301,0.019,0.0139
4832,7,8,0,31.6,24.18,0.232,24.04,0.184,0.019,0.0139
4833,7,9,0,31.12,23.91,0.275,23.71,0.141,0.019,0.0139
4834,7,10,0,30.5,20.48,-0.181,20.77,-0.124,0.019,0.0139
4835,7,11,0,29.78,22.02,-0.002,21.62,0.0,0.019,0.0139
4836,7,12,0,29.0,24.0,0.256,24.07,0.176,0.019,0.0139
4837,7,13,0,28.22,22.01,-0.005,22.13,0.006,0.019,0.0139
4838,7,14,0,27.5,20.7,-0.089,20.07,-0.185,0.019,0.0139
4839,7,15,0,26.88,23.85,0.15,23.72,0.172,0.019,0.0139
4840,7,16,0,26.4,23.78,0.218,23.71,0.141,0.019,0.0139
4841,7,17,0,26.1,22.26,0.087,22.24,0.03,0.019,0.0139
4842,7,18,0,26.0,25.12,0.318,24.71,0.277,0.019,0.0139
4843,7,19,0,26.1,23.43,0.227,23.19,0.119,0.019,0.0139
4844,7,20,0,26.4,20.87,-0.129,20.86,-0.03,0.019,0.0139
4845,7,21,0,26.88,24.07,0.202,24.09,0.238,0.019,0.0139
4846,7,22,0,27.5,24.0,0.232,23.12,0.113,0.019,0.0139
4847,7,23,0,28.22,20.53,-0.034,20.8,-0.104,0.019,0.0139
4848,7,0,0,29.0,24.15,0.174,24.69,0.213,0.019,0.0139
4849,7,1,0,29.78,23.49,0.08,23.41,0.139,0.019,0.0139
4850,7,2,0,30.5,23.59,0.12,23.55,0.148,0.019,0.0139
4851,7,3,0,31.12,22.47,0.04,21.89,-0.051,0.019,0.0139
4852,7,4,0,31.6,23.49,0.199,23.02,0.09,0.019,0.0139
4853,7,5,0,31.9,21.69,-0.075,21.77,-0.014,0.019,0.0139
4854,7,6,0,32.0,21.4,-0.04,21.23,-0.111,0.019,0.0139
4855,7,7,0,31.9,20.6,-0.141,20.68,-0.127,0.019,0.0139
4856,7,8,0,31.6,22.99,0.13,23.01,0.104,0.019,0.0139
4857,7,9,0,31.12,19.49,-0.155,18.96,-0.304,0.019,0.0139
4858,7,10,0,30.5,23.93,0.19,23.82,0.169,0.019,0.0139
4859,7,11,0,29.78,26.2,0.393,26.27,0.378,0.019,0.0139
4860,7,12,0,29.0,25.46,0.383,25.41,0.367,0.019,0.0139
4861,7,13,0,28.22,21.81,-0.05,22.01,-0.029,0.019,0.0139
4862,7,14,0,27.5,24.25,0.251,24.2,0.232,0.019,0.0139
4863,7,15,0,26.88,23.46,0.116,22.99,0.089,0.019,0.0139
4864,7,16,0,26.4,21.25,-0.015,21.38,-0.021,0.019,0.0139
4865,7,17,0,26.1,21.99,0.021,22.08,0.027,0.019,0.0139
4866,7,18,0,26.0,21.18,-0.035,21.73,0.001,0.019,0.0139
4867,7,19,0,26.1,24.31,0.179,24.47,0.242,0.019,0.0139
4868,7,20,0,26.4,20.02,-0.206,20.15,-0.186,0.019,0.0139
4869,7,21,0,26.88,24.31,0.218,24.17,0.218,0.019,0.0139
4870,7,22,0,27.5,19.74,-0.35,19.66,-0.252,0.019,0.0139
4871,7,23,0,28.22,23.78,0.149,23.92,0.193,0.019,0.0139
4872,7,0,0,29.0,20.89,0.035,20.89,-0.056,0.019,0.0139
4873,7,1,0,29.78,22.58,0.009,22.63,0.039,0.019,0.0139
4874,7,2,0,30.5,23.04,0.15,22.89,0.136,0.019,0.0139
4875,7,3,0,31.12,23.0,0.016,23.03,0.125,0.019,0.0139
4876,7,4,0,31.6,20.78,-0.074,20.66,-0.103,0.019,0.0139
4877,7,5,0,31.9,21.8,-0.055,21.68,-0.068,0.019,0.0139
4878,7,6,0,32.0,21.55,-0.011,21.06,-0.082,0.019,0.0139
4879,7,7,0,31.9,23.34,0.074,23.05,0.107,0.019,0.0139
4880,7,8,1,31.6,22.6,0.045,22.55,0.107,0.019,0.0139
4881,7,9,1,31.12,23.14,0.177,23.73,0.224,0.019,0.0139
4882,7,10,1,30.5,20.89,-0.133,21.07,-0.143,0.019,0.0139
4883,7,11,1,29.78,24.74,0.222,24.66,0.253,0.019,0.0139
4884,7,12,1,29.0,21.31,-0.081,21.1,-0.038,0.019,0.0139
4885,7,13,1,28.22,21.5,-0.008,22.0,0.012,0.019,0.0139
4886,7,14,1,27.5,23.62,0.227,23.63,0.18,0.019,0.0139
4887,7,15,1,26.88,20.0,-0.161,20.09,-0.199,0.019,0.0139
4888,7,16,1,26.4,22.69,0.0,22.51,0.004,0.019,0.0139
4889,7,17,1,26.1,20.19,-0.305,20.4,-0.18,0.019,0.0139
4890,7,18,1,26.0,21.35,-0.158,21.27,-0.061,0.019,0.0139
4891,7,19,0,26.1,20.59,-0.172,20.93,-0.11,0.019,0.0139
4892,7,20,0,26.4,22.51,0.052,22.58,0.045,0.019,0.0139
4893,7,21,0,26.88,23.01,0.063,23.15,0.128,0.019,0.0139
4894,7,22,0,27.5,24.29,0.275,24.5,0.255,0.019,0.0139
4895,7,23,0,28.22,21.1,-0.074,20.85,-0.086,0.019,0.0139
4896,7,0,0,29.0,26.68,0.409,26.97,0.474,0.019,0.0139
4897,7,1,0,29.78,25.92,0.394,25.85,0.357,0.019,0.0139
4898,7,2,0,30.5,24.85,0.246,25.0,0.27,0.019,0.0139
4899,7,3,0,31.12,22.96,0.138,22.97,0.114,0.019,0.0139
4900,7,4,0,31.6,22.1,0.002,21.94,-0.023,0.019,0.0139
4901,7,5,0,31.9,22.3,-0.014,22.31,0.05,0.019,0.0139
4902,7,6,0,32.0,21.94,-0.023,21.69,-0.024,0.019,0.0139
4903,7,7,0,31.9,22.62,0.107,22.75,0.114,0.019,0.0139
4904,7,8,1,31.6,22.93,0.079,22.61,0.031,0.019,0.0139
4905,7,9,1,31.12,25.05,0.337,25.64,0.39,0.019,0.0139
4906,7,10,1,30.5,22.88,0.008,22.99,0.096,0.019,0.0139
4907,7,11,1,29.78,21.18,-0.085,21.26,-0.015,0.019,0.0139
4908,7,12,1,29.0,23.87,0.174,23.96,0.246,0.019,0.0139
4909,7,13,1,28.22,22.46,0.048,22.55,0.043,0.019,0.0139
4910,7,14,1,27.5,22.55,-0.022,21.97,0.007,0.019,0.0139
4911,7,15,1,26.88,24.85,0.249,24.96,0.252,0.019,0.0139
4912,7,16,1,26.4,23.68,0.2,23.51,0.162,0.019,0.0139
4913,7,17,1,26.1,23.22,0.141,23.23,0.119,0.019,0.0139
4914,7,18,1,26.0,21.55,-0.165,21.26,-0.08,0.019,0.0139
4915,7,19,0,26.1,24.78,0.289,25.0,0.278,0.019,0.0139
4916,7,20,0,26.4,24.0,0.278,23.96,0.167,0.019,0.0139
4917,7,21,0,26.88,21.38,-0.137,21.12,-0.116,0.019,0.0139
4918,7,22,0,27.5,22.65,-0.127,22.44,0.076,0.019,0.0139
4919,7,23,0,28.22,19.97,-0.201,20.15,-0.121,0.019,0.0139
4920,7,0,0,29.0,24.0,0.164,23.84,0.229,0.019,0.0139
4921,7,1,0,29.78,20.29,-0.178,20.34,-0.176,0.019,0.0139
4922,7,2,0,30.5,23.03,0.126,23.09,0.113,0.019,0.0139
4923,7,3,0,31.12,23.13,0.08,23.15,0.116,0.019,0.0139
4924,7,4,0,31.6,21.43,-0.074,21.19,-0.084,0.019,0.0139
4925,7,5,0,31.9,22.55,0.03,22.83,0.089,0.019,0.0139
4926,7,6,0,32.0,22.68,0.071,22.49,0.08,0.019,0.0139
4927,7,7,0,31.9,22.78,0.043,22.85,0.144,0.019,0.0139
4928,7,8,1,31.6,21.53,-0.004,21.03,-0.101,0.019,0.0139
4929,7,9,1,31.12,22.05,0.098,21.88,-0.001,0.019,0.0139
4930,7,10,1,30.5,23.32,0.146,23.37,0.179,0.019,0.0139
4931,7,11,1,29.78,22.12,0.056,21.69,-0.016,0.019,0.0139
4932,7,12,1,29.0,22.66,0.048,22.8,0.081,0.019,0.0139
4933,7,13,1,28.22,22.3,0.09,22.13,-0.03,0.019,0.0139
4934,7,14,1,27.5,26.04,0.315,26.3,0.424,0.019,0.0139
4935,7,15,1,26.88,22.25,-0.025,22.36,0.037,0.019,0.0139
4936,7,16,1,26.4,22.32,-0.012,22.1,0.037,0.019,0.0139
4937,7,17,1,26.1,19.96,-0.165,20.1,-0.197,0.019,0.0139
4938,7,18,1,26.0,22.58,0.023,22.93,0.075,0.019,0.0139
4939,7,19,0,26.1,21.76,0.04,22.11,-0.031,0.019,0.0139
4940,7,20,0,26.4,24.01,0.279,24.26,0.237,0.019,0.0139
4941,7,21,0,26.88,22.43,0.078,22.78,0.145,0.019,0.0139
4942,7,22,0,27.5,23.94,0.135,23.98,0.181,0.019,0.0139
4943,7,23,0,28.22,20.35,-0.119,20.28,-0.172,0.019,0.0139
4944,7,0,0,29.0,24.03,0.183,24.13,0.216,0.019,0.0139
4945,7,1,0,29.78,23.21,0.128,23.25,0.102,0.019,0.0139
4946,7,2,0,30.5,21.85,0.046,22.53,0.009,0.019,0.0139
4947,7,3,0,31.12,18.95,-0.26,18.97,-0.318,0.019,0.0139
4948,7,4,0,31.6,24.03,0.195,24.05,0.228,0.019,0.0139
4949,7,5,0,31.9,21.7,0.004,21.62,-0.039,0.019,0.0139
4950,7,6,0,32.0,25.36,0.368,25.57,0.356,0.019,0.0139
4951,7,7,0,31.9,23.81,0.195,23.72,0.144,0.019,0.0139
4952,7,8,1,31.6,24.06,0.305,24.15,0.286,0.019,0.0139
4953,7,9,1,31.12,23.64,0.117,23.67,0.194,0.019,0.0139
4954,7,10,1,30.5,22.82,0.168,22.98,0.073,0.019,0.0139
4955,7,11,1,29.78,21.11,-0.048,21.04,-0.079,0.019,0.0139
4956,7,12,1,29.0,21.16,-0.144,21.38,-0.087,0.019,0.0139
4957,7,13,1,28.22,22.33,0.077,22.16,0.025,0.019,0.0139
4958,7,14,1,27.5,25.15,0.309,25.07,0.344,0.019,0.0139
4959,7,15,1,26.88,22.36,0.063,22.81,0.011,0.019,0.0139
4960,7,16,1,26.4,24.27,0.274,24.54,0.197,0.019,0.0139
4961,7,17,1,26.1,21.51,-0.092,21.33,-0.015,0.019,0.0139
4962,7,18,1,26.0,22.48,0.076,22.47,0.064,0.019,0.0139
4963,7,19,0,26.1,17.5,-0.521,17.3,-0.458,0.019,0.0139
4964,7,20,0,26.4,22.07,-0.097,22.07,-0.002,0.019,0.0139
4965,7,21,0,26.88,24.17,0.253,24.6,0.219,0.019,0.0139
4966,7,22,0,27.5,24.39,0.233,24.61,0.2,0.019,0.0139
4967,7,23,0,28.22,23.93,0.21,23.75,0.177,0.019,0.0139
4968,7,0,0,29.0,24.81,0.28,24.77,0.324,0.019,0.0139
4969,7,1,0,29.78,21.51,-0.059,21.76,-0.054,0.019,0.0139
4970,7,2,0,30.5,22.5,0.118,22.71,0.115,0.019,0.0139
4971,7,3,0,31.12,22.06,-0.01,21.76,-0.059,0.019,0.0139
4972,7,4,0,31.6,22.17,0.054,22.07,-0.059,0.019,0.0139
4973,7,5,0,31.9,21.4,-0.001,21.18,-0.115,0.019,0.0139
4974,7,6,0,32.0,22.84,0.136,22.8,0.098,0.019,0.0139
4975,7,7,0,31.9,22.68,-0.024,22.52,0.059,0.019,0.0139
4976,7,8,1,31.6,23.3,0.068,22.82,0.09,0.019,0.0139
4977,7,9,1,31.12,23.01,0.072,22.71,0.016,0.019,0.0139
4978,7,10,1,30.5,24.57,0.284,24.18,0.217,0.019,0.0139
4979,7,11,1,29.78,24.43,0.247,24.2,0.169,0.019,0.0139
4980,7,12,1,29.0,19.59,-0.33,19.77,-0.23,0.019,0.0139
4981,7,13,1,28.22,24.02,0.168,24.24,0.176,0.019,0.0139
4982,7,14,1,27.5,23.26,0.093,23.67,0.143,0.019,0.0139
4983,7,15,1,26.88,21.71,0.033,21.88,-0.049,0.019,0.0139
4984,7,16,1,26.4,20.25,-0.184,20.95,-0.097,0.019,0.0139
4985,7,17,1,26.1,21.46,-0.006,21.61,-0.03,0.019,0.0139
4986,7,18,1,26.0,25.11,0.298,25.01,0.308,0.019,0.0139
4987,7,19,0,26.1,23.2,0.056,23.27,0.136,0.019,0.0139
4988,7,20,0,26.4,21.94,-0.005,21.76,-0.052,0.019,0.0139
4989,7,21,0,26.88,20.8,-0.033,20.01,-0.182,0.019,0.0139
4990,7,22,0,27.5,22.32,-0.111,22.12,-0.009,0.019,0.0139
4991,7,23,0,28.22,23.57,0.189,23.86,0.19,0.019,0.0139
4992,7,0,0,29.0,24.46,0.3,24.36,0.224,0.019,0.0139
4993,7,1,0,29.78,21.18,-0.135,20.88,-0.093,0.019,0.0139
4994,7,2,0,30.5,21.39,-0.026,21.08,-0.083,0.019,0.0139
4995,7,3,0,31.12,23.94,0.157,24.1,0.212,0.019,0.0139
4996,7,4,0,31.6,22.69,0.014,22.41,0.021,0.019,0.0139
4997,7,5,0,31.9,25.55,0.417,25.43,0.329,0.019,0.0139
4998,7,6,0,32.0,23.83,0.231,24.1,0.222,0.019,0.0139
4999,7,7,0,31.9,24.57,0.342,24.68,0.219,0.019,0.0139
5000,7,8,0,31.6,23.02,0.055,23.11,0.128,0.019,0.0139
5001,7,9,0,31.12,20.26,-0.273,20.07,-0.146,0.019,0.0139
5002,7,10,0,30.5,22.15,0.055,22.8,0.094,0.019,0.0139
5003,7,11,0,29.78,21.62,-0.012,21.31,-0.071,0.019,0.0139
5004,7,12,0,29.0,20.49,-0.199,20.04,-0.142,0.019,0.0139
5005,7,13,0,28.22,25.82,0.389,25.88,0.378,0.019,0.0139
5006,7,14,0,27.5,21.1,0.004,21.51,-0.076,0.019,0.0139
5007,7,15,0,26.88,22.38,0.017,22.24,0.06,0.019,0.0139
5008,7,16,0,26.4,20.53,-0.11,20.67,-0.137,0.019,0.0139
5009,7,17,0,26.1,23.84,0.245,23.88,0.143,0.019,0.0139
5010,7,18,0,26.0,21.98,-0.136,21.96,-0.037,0.019,0.0139
5011,7,19,0,26.1,21.28,-0.107,21.56,-0.068,0.019,0.0139
5012,7,20,0,26.4,23.73,0.069,23.24,0.113,0.019,0.0139
5013,7,21,0,26.88,20.33,-0.138,19.91,-0.183,0.019,0.0139
5014,7,22,0,27.5,23.68,0.23,24.02,0.138,0.019,0.0139
5015,7,23,0,28.22,23.18,0.08,23.02,0.118,0.019,0.0139
5016,7,0,0,29.0,19.9,-0.178,19.38,-0.247,0.019,0.0139
5017,7,1,0,29.78,22.71,0.108,22.44,0.065,0.019,0.0139
5018,7,2,0,30.5,22.63,0.042,22.27,0.053,0.019,0.0139
5019,7,3,0,31.12,24.49,0.237,24.39,0.234,0.019,0.0139
5020,7,4,0,31.6,22.91,-0.053,22.74,0.11,0.019,0.0139
5021,7,5,0,31.9,25.19,0.266,25.01,0.297,0.019,0.0139
5022,7,6,0,32.0,22.22,0.025,22.52,0.028,0.019,0.0139
5023,7,7,0,31.9,20.52,-0.118,20.78,-0.09,0.019,0.0139
5024,7,8,0,31.6,21.05,-0.182,21.6,-0.019,0.019,0.0139
5025,7,9,0,31.12,19.64,-0.158,19.4,-0.235,0.019,0.0139
5026,7,10,0,30.5,21.68,-0.027,21.53,-0.032,0.019,0.0139
5027,7,11,0,29.78,24.38,0.157,24.24,0.229,0.019,0.0139
5028,7,12,0,29.0,21.81,-0.004,21.42,-0.064,0.019,0.0139
5029,7,13,0,28.22,22.96,0.12,22.69,0.03,0.019,0.0139
5030,7,14,0,27.5,21.26,0.013,21.19,-0.058,0.019,0.0139
5031,7,15,0,26.88,24.12,0.392,24.54,0.255,0.019,0.0139
5032,7,16,0,26.4,24.63,0.313,24.93,0.347,0.019,0.0139
5033,7,17,0,26.1,21.87,0.003,21.72,-0.033,0.019,0.0139
5034,7,18,0,26.0,22.98,0.074,23.45,0.136,0.019,0.0139
5035,7,19,0,26.1,22.76,-0.02,22.69,0.052,0.019,0.0139
5036,7,20,0,26.4,23.53,0.095,23.96,0.161,0.019,0.0139
5037,7,21,0,26.88,22.55,0.032,21.92,-0.06,0.019,0.0139
5038,7,22,0,27.5,24.55,0.338,24.32,0.266,0.019,0.0139
5039,7,23,0,28.22,21.53,-0.057,21.21,-0.082,0.019,0.0139
5040,7,0,0,29.0,23.02,0.139,22.79,0.087,0.019,0.0139
5041,7,1,0,29.78,21.99,-0.01,21.78,-0.047,0.019,0.0139
5042,7,2,0,30.5,22.59,0.072,22.61,0.114,0.019,0.0139
5043,7,3,0,31.12,22.3,0.042,22.6,0.053,0.019,0.0139
5044,7,4,0,31.6,22.32,0.046,22.3,0.002,0.019,0.0139
5045,7,5,0,31.9,20.3,-0.125,20.5,-0.128,0.019,0.0139
5046,7,6,0,32.0,22.73,0.109,22.96,0.12,0.019,0.0139
5047,7,7,0,31.9,21.21,-0.098,20.88,-0.112,0.019,0.0139
5048,7,8,1,31.6,22.14,0.1,21.57,-0.051,0.019,0.0139
5049,7,9,1,31.12,22.76,-0.041,23.13,0.098,0.019,0.0139
5050,7,10,1,30.5,21.92,-0.017,21.82,0.025,0.019,0.0139
5051,7,11,1,29.78,23.51,0.153,23.8,0.138,0.019,0.0139
5052,7,12,1,29.0,19.38,-0.244,18.92,-0.307,0.019,0.0139
5053,7,13,1,28.22,22.18,0.119,22.07,-0.017,0.019,0.0139
5054,7,14,1,27.5,23.89,0.186,23.89,0.225,0.019,0.0139
5055,7,15,1,26.88,24.69,0.309,24.62,0.273,0.019,0.0139
5056,7,16,1,26.4,22.51,0.017,22.57,0.048,0.019,0.0139
5057,7,17,1,26.1,21.63,-0.042,21.9,-0.049,0.019,0.0139
5058,7,18,1,26.0,21.41,-0.083,20.46,-0.153,0.019,0.0139
5059,7,19,0,26.1,22.3,0.058,22.89,0.105,0.019,0.0139
5060,7,20,0,26.4,20.04,-0.221,19.93,-0.231,0.019,0.0139
5061,7,21,0,26.88,21.3,-0.134,20.76,-0.098,0.019,0.0139
5062,7,22,0,27.5,22.29,0.028,22.13,0.048,0.019,0.0139
5063,7,23,0,28.22,22.51,0.008,22.67,0.048,0.019,0.0139
5064,7,0,0,29.0,23.03,0.175,23.6,0.177,0.019,0.0139
5065,7,1,0,29.78,22.73,0.112,23.15,0.046,0.019,0.0139
5066,7,2,0,30.5,20.92,-0.197,21.02,-0.125,0.019,0.0139
5067,7,3,0,31.12,21.45,-0.069,21.37,-0.071,0.019,0.0139
5068,7,4,0,31.6,23.74,0.155,23.66,0.125,0.019,0.0139
5069,7,5,0,31.9,24.04,0.149,23.84,0.19,0.019,0.0139
5070,7,6,0,32.0,21.35,-0.052,21.19,-0.091,0.019,0.0139
5071,7,7,0,31.9,25.97,0.428,25.94,0.336,0.019,0.0139
5072,7,8,1,31.6,21.21,-0.127,20.88,-0.099,0.019,0.0139
5073,7,9,1,31.12,24.05,0.194,24.16,0.197,0.019,0.0139
5074,7,10,1,30.5,24.17,0.224,24.79,0.307,0.019,0.0139
5075,7,11,1,29.78,23.02,0.043,23.24,0.11,0.019,0.0139
5076,7,12,1,29.0,23.09,0.068,23.46,0.085,0.019,0.0139
5077,7,13,1,28.22,21.75,-0.104,22.06,-0.03,0.019,0.0139
5078,7,14,1,27.5,22.73,0.103,22.7,0.033,0.019,0.0139
5079,7,15,1,26.88,22.01,-0.058,22.37,0.081,0.019,0.0139
5080,7,16,1,26.4,20.9,-0.129,21.15,-0.119,0.019,0.0139
5081,7,17,1,26.1,21.75,-0.025,21.92,0.025,0.019,0.0139
5082,7,18,1,26.0,24.65,0.203,24.3,0.191,0.019,0.0139
5083,7,19,0,26.1,21.15,-0.057,21.48,-0.068,0.019,0.0139
5084,7,20,0,26.4,22.48,0.144,22.9,0.098,0.019,0.0139
5085,7,21,0,26.88,18.51,-0.302,18.6,-0.333,0.019,0.0139
5086,7,22,0,27.5,23.59,0.097,23.7,0.143,0.019,0.0139
5087,7,23,0,28.22,22.02,-0.036,22.34,0.047,0.019,0.0139
5088,8,0,0,31.93,22.96,0.093,23.43,0.09,0.0186,0.0135
5089,8,1,0,32.7,23.47,0.183,24.11,0.188,0.0186,0.0135
5090,8,2,0,33.43,20.88,-0.012,20.59,-0.151,0.0186,0.0135
5091,8,3,0,34.05,21.51,-0.065,21.46,-0.007,0.0186,0.0135
5092,8,4,0,34.53,20.98,-0.096,21.33,-0.031,0.0186,0.0135
5093,8,5,0,34.83,24.87,0.272,24.9,0.292,0.0186,0.0135
5094,8,6,0,34.93,22.36,0.113,21.86,-0.007,0.0186,0.0135
5095,8,7,0,34.83,20.76,-0.241,20.14,-0.163,0.0186,0.0135
5096,8,8,1,34.53,21.57,-0.018,21.44,-0.072,0.0186,0.0135
5097,8,9,1,34.05,23.32,0.128,23.35,0.088,0.0186,0.0135
5098,8,10,1,33.43,21.27,-0.107,21.45,-0.019,0.0186,0.0135
5099,8,11,1,32.7,26.02,0.477,26.22,0.443,0.0186,0.0135
5100,8,12,1,31.93,21.7,0.071,21.76,-0.04,0.0186,0.0135
5101,8,13,1,31.15,20.94,-0.117,20.6,-0.17,0.0186,0.0135
5102,8,14,1,30.43,25.01,0.35,25.08,0.299,0.0186,0.0135
5103,8,15,1,29.81,20.79,-0.166,20.4,-0.15,0.0186,0.0135
5104,8,16,1,29.33,23.28,0.054,23.46,0.146,0.0186,0.0135
5105,8,17,1,29.03,20.96,-0.08,21.08,-0.127,0.0186,0.0135
5106,8,18,1,28.93,23.95,0.237,24.65,0.26,0.0186,0.0135
5107,8,19,0,29.03,22.03,-0.036,21.96,0.004,0.0186,0.0135
5108,8,20,0,29.33,20.79,-0.11,20.23,-0.177,0.0186,0.0135
5109,8,21,0,29.81,21.64,-0.021,21.26,-0.104,0.0186,0.0135
5110,8,22,0,30.43,22.29,0.062,22.82,0.041,0.0186,0.0135
5111,8,23,0,31.15,20.59,-0.21,20.63,-0.197,0.0186,0.0135
5112,8,0,0,31.93,23.3,0.152,23.39,0.147,0.0186,0.0135
5113,8,1,0,32.7,22.4,0.066,22.2,0.066,0.0186,0.0135
5114,8,2,0,33.43,21.75,-0.082,21.44,-0.082,0.0186,0.0135
5115,8,3,0,34.05,22.8,0.102,22.16,0.036,0.0186,0.0135
5116,8,4,0,34.53,19.8,-0.216,19.51,-0.253,0.0186,0.0135
5117,8,5,0,34.83,23.28,0.191,23.24,0.114,0.0186,0.0135
5118,8,6,0,34.93,21.03,-0.061,20.71,-0.128,0.0186,0.0135
5119,8,7,0,34.83,23.45,0.044,23.63,0.129,0.0186,0.0135
5120,8,8,1,34.53,20.97,-0.124,20.72,-0.098,0.0186,0.0135
5121,8,9,1,34.05,24.3,0.217,24.21,0.2,0.0186,0.0135
5122,8,10,1,33.43,22.63,0.104,22.69,0.093,0.0186,0.0135
5123,8,11,1,32.7,19.05,-0.226,19.0,-0.313,0.0186,0.0135
5124,8,12,1,31.93,24.21,0.23,24.12,0.178,0.0186,0.0135
5125,8,13,1,31.15,20.85,-0.071,21.07,-0.092,0.0186,0.0135
5126,8,14,1,30.43,20.66,-0.071,20.67,-0.081,0.0186,0.0135
5127,8,15,1,29.81,22.02,0.045,21.53,-0.056,0.0186,0.0135
5128,8,16,1,29.33,23.91,0.147,24.0,0.202,0.0186,0.0135
5129,8,17,1,29.03,24.46,0.195,24.42,0.194,0.0186,0.0135
5130,8,18,1,28.93,21.34,-0.025,21.22,-0.112,0.0186,0.0135
5131,8,19,0,29.03,24.83,0.4,24.43,0.295,0.0186,0.0135
5132,8,20,0,29.33,22.71,0.068,22.22,0.01,0.0186,0.0135
5133,8,21,0,29.81,20.59,-0.182,20.68,-0.154,0.0186,0.0135
5134,8,22,0,30.43,22.19,0.123,22.02,-0.014,0.0186,0.0135
5135,8,23,0,31.15,23.16,0.134,23.2,0.133,0.0186,0.0135
5136,8,0,0,31.93,23.82,0.193,23.9,0.192,0.0186,0.0135
5137,8,1,0,32.7,22.29,0.026,22.02,0.009,0.0186,0.0135
5138,8,2,0,33.43,23.1,0.099,23.16,0.114,0.0186,0.0135
5139,8,3,0,34.05,21.67,-0.044,21.76,-0.018,0.0186,0.0135
5140,8,4,0,34.53,24.0,0.23,23.79,0.18,0.0186,0.0135
5141,8,5,0,34.83,25.53,0.388,25.47,0.347,0.0186,0.0135
5142,8,6,0,34.93,20.42,-0.114,20.26,-0.187,0.0186,0.0135
5143,8,7,0,34.83,19.17,-0.338,19.16,-0.28,0.0186,0.0135
5144,8,8,1,34.53,24.83,0.36,25.06,0.289,0.0186,0.0135
5145,8,9,1,34.05,22.29,-0.006,21.97,-0.031,0.0186,0.0135
5146,8,10,1,33.43,20.54,-0.251,20.95,-0.064,0.0186,0.0135
5147,8,11,1,32.7,24.37,0.181,24.52,0.204,0.0186,0.0135
5148,8,12,1,31.93,21.68,-0.032,21.86,-0.045,0.0186,0.0135
5149,8,13,1,31.15,24.22,0.211,24.73,0.276,0.0186,0.0135
5150,8,14,1,30.43,20.24,-0.151,20.11,-0.178,0.0186,0.0135
5151,8,15,1,29.81,21.74,-0.049,21.66,-0.043,0.0186,0.0135
5152,8,16,1,29.33,23.13,0.11,22.54,0.065,0.0186,0.0135
5153,8,17,1,29.03,21.64,-0.058,21.5,-0.064,0.0186,0.0135
5154,8,18,1,28.93,22.51,-0.054,22.55,0.074,0.0186,0.0135
5155,8,19,0,29.03,22.07,-0.053,22.64,0.038,0.0186,0.0135
5156,8,20,0,29.33,22.2,-0.078,22.32,0.007,0.0186,0.0135
5157,8,21,0,29.81,23.39,0.207,23.1,0.097,0.0186,0.0135
5158,8,22,0,30.43,21.15,-0.005,21.33,-0.054,0.0186,0.0135
5159,8,23,0,31.15,24.39,0.193,24.89,0.318,0.0186,0.0135
5160,8,0,0,31.93,20.21,-0.182,20.34,-0.128,0.0186,0.0135
5161,8,1,0,32.7,24.26,0.241,24.43,0.258,0.0186,0.0135
5162,8,2,0,33.43,22.59,0.131,22.57,0.104,0.0186,0.0135
5163,8,3,0,34.05,22.29,0.033,22.36,-0.012,0.0186,0.0135
5164,8,4,0,34.53,22.0,-0.038,22.48,0.111,0.0186,0.0135
5165,8,5,0,34.83,24.26,0.254,24.38,0.21,0.0186,0.0135
5166,8,6,0,34.93,22.1,-0.021,22.53,0.085,0.0186,0.0135
5167,8,7,0,34.83,20.43,-0.061,20.07,-0.193,0.0186,0.0135
5168,8,8,0,34.53,21.69,0.032,22.1,0.038,0.0186,0.0135
5169,8,9,0,34.05,21.65,-0.02,21.56,-0.023,0.0186,0.0135
5170,8,10,0,33.43,21.74,-0.013,21.79,0.017,0.0186,0.0135
5171,8,11,0,32.7,23.63,0.152,23.18,0.09,0.0186,0.0135
5172,8,12,0,31.93,23.35,0.14,23.63,0.155,0.0186,0.0135
5173,8,13,0,31.15,22.6,0.028,22.67,0.03,0.0186,0.0135
5174,8,14,0,30.43,19.42,-0.233,19.8,-0.209,0.0186,0.0135
5175,8,15,0,29.81,24.4,0.153,24.02,0.214,0.0186,0.0135
5176,8,16,0,29.33,22.94,0.112,22.42,0.03,0.0186,0.0135
5177,8,17,0,29.03,21.29,-0.193,21.19,-0.099,0.0186,0.0135
5178,8,18,0,28.93,21.44,-0.064,21.61,-0.02,0.0186,0.0135
5179,8,19,0,29.03,18.68,-0.305,18.42,-0.367,0.0186,0.0135
5180,8,20,0,29.33,23.77,0.213,23.23,0.104,0.0186,0.0135
5181,8,21,0,29.81,21.4,-0.002,21.69,0.0,0.0186,0.0135
5182,8,22,0,30.43,25.56,0.316,25.94,0.398,0.0186,0.0135
5183,8,23,0,31.15,21.96,0.051,22.57,0.051,0.0186,0.0135
5184,8,0,0,31.93,23.82,0.194,23.45,0.117,0.0186,0.0135
5185,8,1,0,32.7,19.97,-0.158,20.2,-0.166,0.0186,0.0135
5186,8,2,0,33.43,22.23,-0.036,21.85,-0.045,0.0186,0.0135
5187,8,3,0,34.05,22.15,0.068,22.47,-0.002,0.0186,0.0135
5188,8,4,0,34.53,21.46,-0.181,21.24,-0.059,0.0186,0.0135
5189,8,5,0,34.83,22.13,0.08,22.1,0.012,0.0186,0.0135
5190,8,6,0,34.93,21.85,0.038,22.03,0.011,0.0186,0.0135
5191,8,7,0,34.83,23.53,0.149,23.49,0.152,0.0186,0.0135
5192,8,8,0,34.53,21.37,0.006,21.2,-0.02,0.0186,0.0135
5193,8,9,0,34.05,24.89,0.218,24.49,0.213,0.0186,0.0135
5194,8,10,0,33.43,22.7,0.041,21.86,0.028,0.0186,0.0135
5195,8,11,0,32.7,23.97,0.176,23.82,0.199,0.0186,0.0135
5196,8,12,0,31.93,23.9,0.179,23.74,0.157,0.0186,0.0135
5197,8,13,0,31.15,20.5,-0.164,20.44,-0.194,0.0186,0.0135
5198,8,14,0,30.43,23.47,0.182,23.61,0.138,0.0186,0.0135
5199,8,15,0,29.81,19.52,-0.281,19.66,-0.26,0.0186,0.0135
5200,8,16,0,29.33,20.61,-0.06,20.53,-0.162,0.0186,0.0135
5201,8,17,0,29.03,20.87,-0.105,21.06,-0.157,0.0186,0.0135
5202,8,18,0,28.93,23.49,0.019,24.13,0.176,0.0186,0.0135
5203,8,19,0,29.03,18.23,-0.328,18.2,-0.376,0.0186,0.0135
5204,8,20,0,29.33,24.59,0.344,24.84,0.319,0.0186,0.0135
5205,8,21,0,29.81,21.9,-0.054,21.92,-0.015,0.0186,0.0135
5206,8,22,0,30.43,22.59,0.126,22.57,0.047,0.0186,0.0135
5207,8,23,0,31.15,21.1,-0.057,20.84,-0.158,0.0186,0.0135
5208,8,0,0,31.93,22.2,0.034,22.6,0.057,0.0186,0.0135
5209,8,1,0,32.7,22.45,0.002,22.14,0.008,0.0186,0.0135
5210,8,2,0,33.43,22.91,0.095,23.19,0.16,0.0186,0.0135
5211,8,3,0,34.05,24.91,0.352,25.15,0.285,0.0186,0.0135
5212,8,4,0,34.53,20.78,-0.189,20.93,-0.116,0.0186,0.0135
5213,8,5,0,34.83,23.66,0.153,24.08,0.189,0.0186,0.0135
5214,8,6,0,34.93,22.98,0.089,22.66,0.066,0.0186,0.0135
5215,8,7,0,34.83,22.46,0.004,22.48,0.027,0.0186,0.0135
5216,8,8,1,34.53,21.38,-0.045,20.89,-0.084,0.0186,0.0135
5217,8,9,1,34.05,23.69,0.129,23.62,0.184,0.0186,0.0135
5218,8,10,1,33.43,23.46,0.233,23.52,0.152,0.0186,0.0135
5219,8,11,1,32.7,22.11,-0.067,21.99,0.019,0.0186,0.0135
5220,8,12,1,31.93,22.34,0.126,22.49,0.038,0.0186,0.0135
5221,8,13,1,31.15,18.99,-0.292,19.14,-0.308,0.0186,0.0135
5222,8,14,1,30.43,23.1,0.062,23.33,0.124,0.0186,0.0135
5223,8,15,1,29.81,24.72,0.275,24.5,0.171,0.0186,0.0135
5224,8,16,1,29.33,20.28,-0.111,20.32,-0.208,0.0186,0.0135
5225,8,17,1,29.03,22.61,0.109,22.5,0.013,0.0186,0.0135
5226,8,18,1,28.93,23.15,0.126,22.95,0.097,0.0186,0.0135
5227,8,19,0,29.03,22.12,0.014,22.27,0.023,0.0186,0.0135
5228,8,20,0,29.33,21.97,0.008,21.99,-0.031,0.0186,0.0135
5229,8,21,0,29.81,21.98,-0.004,21.66,-0.052,0.0186,0.0135
5230,8,22,0,30.43,23.66,0.119,23.86,0.186,0.0186,0.0135
5231,8,23,0,31.15,23.46,0.109,23.41,0.108,0.0186,0.0135
5232,8,0,0,31.93,23.78,0.168,24.05,0.228,0.0186,0.0135
5233,8,1,0,32.7,18.05,-0.403,18.45,-0.351,0.0186,0.0135
5234,8,2,0,33.43,22.02,-0.051,22.44,0.088,0.0186,0.0135
5235,8,3,0,34.05,23.09,0.093,23.28,0.089,0.0186,0.0135
5236,8,4,0,34.53,23.9,0.258,23.99,0.193,0.0186,0.0135
5237,8,5,0,34.83,21.87,0.083,22.29,0.029,0.0186,0.0135
5238,8,6,0,34.93,21.37,-0.076,21.61,-0.021,0.0186,0.0135
5239,8,7,0,34.83,22.11,-0.024,22.58,0.072,0.0186,0.0135
5240,8,8,1,34.53,21.77,-0.044,21.68,-0.01,0.0186,0.0135
5241,8,9,1,34.05,23.88,0.182,24.04,0.209,0.0186,0.0135
5242,8,10,1,33.43,23.85,0.05,24.13,0.204,0.0186,0.0135
5243,8,11,1,32.7,22.16,0.013,22.36,0.058,0.0186,0.0135
5244,8,12,1,31.93,20.88,-0.067,20.96,-0.148,0.0186,0.0135
5245,8,13,1,31.15,26.27,0.427,26.63,0.438,0.0186,0.0135
5246,8,14,1,30.43,22.24,0.046,22.26,0.071,0.0186,0.0135
5247,8,15,1,29.81,21.79,-0.086,21.95,-0.017,0.0186,0.0135
5248,8,16,1,29.33,23.07,0.069,23.27,0.114,0.0186,0.0135
5249,8,17,1,29.03,24.69,0.28,25.04,0.237,0.0186,0.0135
5250,8,18,1,28.93,26.27,0.411,26.26,0.41,0.0186,0.0135
5251,8,19,0,29.03,23.06,0.154,23.18,0.09,0.0186,0.0135
5252,8,20,0,29.33,22.03,0.014,22.64,0.059,0.0186,0.0135
5253,8,21,0,29.81,21.09,-0.04,21.24,-0.05,0.0186,0.0135
5254,8,22,0,30.43,22.11,0.095,22.22,0.054,0.0186,0.0135
5255,8,23,0,31.15,21.32,-0.053,20.56,-0.12,0.0186,0.0135
5256,8,0,0,31.93,20.87,-0.127,20.86,-0.111,0.0186,0.0135
5257,8,1,0,32.7,21.68,-0.024,22.07,-0.019,0.0186,0.0135
5258,8,2,0,33.43,23.88,0.252,23.5,0.179,0.0186,0.0135
5259,8,3,0,34.05,24.58,0.234,24.54,0.256,0.0186,0.0135
5260,8,4,0,34.53,22.37,0.01,22.18,0.007,0.0186,0.0135
5261,8,5,0,34.83,20.74,-0.128,20.95,-0.114,0.0186,0.0135
5262,8,6,0,34.93,20.83,-0.02,20.49,-0.17,0.0186,0.0135
5263,8,7,0,34.83,23.42,0.003,23.46,0.2,0.0186,0.0135
5264,8,8,1,34.53,23.53,0.151,23.3,0.095,0.0186,0.0135
5265,8,9,1,34.05,25.24,0.298,24.97,0.275,0.0186,0.0135
5266,8,10,1,33.43,22.62,0.152,23.03,0.091,0.0186,0.0135
5267,8,11,1,32.7,23.07,0.058,23.09,0.182,0.0186,0.0135
5268,8,12,1,31.93,24.54,0.334,24.6,0.296,0.0186,0.0135
5269,8,13,1,31.15,22.62,0.138,22.72,0.044,0.0186,0.0135
5270,8,14,1,30.43,25.01,0.377,24.94,0.294,0.0186,0.0135
5271,8,15,1,29.81,23.01,0.074,23.0,0.092,0.0186,0.0135
5272,8,16,1,29.33,24.57,0.195,23.87,0.166,0.0186,0.0135
5273,8,17,1,29.03,20.88,-0.049,21.34,-0.049,0.0186,0.0135
5274,8,18,1,28.93,21.54,-0.125,21.94,0.059,0.0186,0.0135
5275,8,19,0,29.03,21.47,-0.074,21.39,-0.093,0.0186,0.0135
5276,8,20,0,29.33,25.39,0.4,25.62,0.326,0.0186,0.0135
5277,8,21,0,29.81,22.77,0.091,22.93,0.058,0.0186,0.0135
5278,8,22,0,30.43,24.11,0.164,24.15,0.159,0.0186,0.0135
5279,8,23,0,31.15,23.41,0.09,24.15,0.22,0.0186,0.0135
5280,8,0,0,31.93,24.17,0.193,23.78,0.153,0.0186,0.0135
5281,8,1,0,32.7,23.98,0.206,24.37,0.212,0.0186,0.0135
5282,8,2,0,33.43,21.84,-0.065,21.65,-0.038,0.0186,0.0135
5283,8,3,0,34.05,23.36,0.136,23.51,0.153,0.0186,0.0135
5284,8,4,0,34.53,22.38,0.046,21.99,-0.019,0.0186,0.0135
5285,8,5,0,34.83,20.48,-0.183,20.59,-0.134,0.0186,0.0135
5286,8,6,0,34.93,23.77,0.182,23.49,0.094,0.0186,0.0135
5287,8,7,0,34.83,24.8,0.254,24.39,0.279,0.0186,0.0135
5288,8,8,1,34.53,22.15,0.05,21.79,-0.0,0.0186,0.0135
5289,8,9,1,34.05,21.55,-0.067,21.39,-0.067,0.0186,0.0135
5290,8,10,1,33.43,19.66,-0.145,19.61,-0.266,0.0186,0.0135
5291,8,11,1,32.7,21.62,-0.007,21.27,-0.037,0.0186,0.0135
5292,8,12,1,31.93,24.27,0.252,23.9,0.233,0.0186,0.0135
5293,8,13,1,31.15,23.26,0.103,23.41,0.147,0.0186,0.0135
5294,8,14,1,30.43,24.35,0.173,24.45,0.232,0.0186,0.0135
5295,8,15,1,29.81,24.31,0.237,24.41,0.225,0.0186,0.0135
5296,8,16,1,29.33,24.28,0.291,24.78,0.321,0.0186,0.0135
5297,8,17,1,29.03,21.96,-0.012,21.81,-0.018,0.0186,0.0135
5298,8,18,1,28.93,24.65,0.292,25.0,0.257,0.0186,0.0135
5299,8,19,0,29.03,19.97,-0.159,20.04,-0.198,0.0186,0.0135
5300,8,20,0,29.33,25.37,0.277,25.05,0.285,0.0186,0.0135
5301,8,21,0,29.81,21.45,-0.076,21.6,-0.086,0.0186,0.0135
5302,8,22,0,30.43,23.84,0.13,23.31,0.082,0.0186,0.0135
5303,8,23,0,31.15,22.81,0.177,22.87,0.114,0.0186,0.0135
5304,8,0,0,31.93,24.66,0.217,24.75,0.279,0.0186,0.0135
5305,8,1,0,32.7,23.39,0.115,23.6,0.175,0.0186,0.0135
5306,8,2,0,33.43,21.1,-0.146,20.79,-0.121,0.0186,0.0135
5307,8,3,0,34.05,20.73,-0.082,20.61,-0.17,0.0186,0.0135
5308,8,4,0,34.53,21.74,-0.013,21.77,-0.038,0.0186,0.0135
5309,8,5,0,34.83,23.68,0.225,23.86,0.183,0.0186,0.0135
5310,8,6,0,34.93,21.73,-0.012,21.53,-0.059,0.0186,0.0135
5311,8,7,0,34.83,21.65,-0.07,21.51,-0.043,0.0186,0.0135
5312,8,8,1,34.53,20.38,-0.128,20.47,-0.17,0.0186,0.0135
5313,8,9,1,34.05,25.38,0.26,25.39,0.33,0.0186,0.0135
5314,8,10,1,33.43,22.59,0.047,22.73,0.043,0.0186,0.0135
5315,8,11,1,32.7,20.86,-0.142,20.66,-0.168,0.0186,0.0135
5316,8,12,1,31.93,21.4,0.022,21.6,-0.017,0.0186,0.0135
5317,8,13,1,31.15,24.46,0.288,24.75,0.265,0.0186,0.0135
5318,8,14,1,30.43,22.71,0.06,22.59,0.061,0.0186,0.0135
5319,8,15,1,29.81,23.57,0.149,23.7,0.171,0.0186,0.0135
5320,8,16,1,29.33,23.15,0.039,23.35,0.103,0.0186,0.0135
5321,8,17,1,29.03,24.16,0.195,24.14,0.206,0.0186,0.0135
5322,8,18,1,28.93,22.1,-0.045,22.27,0.028,0.0186,0.0135
5323,8,19,0,29.03,22.87,0.098,22.99,0.114,0.0186,0.0135
5324,8,20,0,29.33,21.64,0.087,21.36,-0.073,0.0186,0.0135
5325,8,21,0,29.81,22.22,0.102,22.43,0.026,0.0186,0.0135
5326,8,22,0,30.43,21.0,-0.02,20.63,-0.168,0.0186,0.0135
5327,8,23,0,31.15,22.46,-0.027,22.17,0.008,0.0186,0.0135
5328,8,0,0,31.93,21.09,0.01,20.89,-0.099,0.0186,0.0135
5329,8,1,0,32.7,23.9,0.185,24.14,0.201,0.0186,0.0135
5330,8,2,0,33.43,22.87,0.059,22.92,0.096,0.0186,0.0135
5331,8,3,0,34.05,21.44,-0.073,21.39,-0.099,0.0186,0.0135
5332,8,4,0,34.53,18.97,-0.212,18.69,-0.34,0.0186,0.0135
5333,8,5,0,34.83,23.66,0.116,23.03,0.062,0.0186,0.0135
5334,8,6,0,34.93,22.2,0.043,22.92,0.143,0.0186,0.0135
5335,8,7,0,34.83,22.12,0.115,22.53,0.049,0.0186,0.0135
5336,8,8,0,34.53,21.69,-0.046,21.3,-0.068,0.0186,0.0135
5337,8,9,0,34.05,25.55,0.358,25.16,0.261,0.0186,0.0135
5338,8,10,0,33.43,21.86,0.012,21.95,0.013,0.0186,0.0135
5339,8,11,0,32.7,23.1,0.112,23.27,0.096,0.0186,0.0135
5340,8,12,0,31.93,19.72,-0.234,19.56,-0.207,0.0186,0.0135
5341,8,13,0,31.15,22.35,0.054,22.29,0.021,0.0186,0.0135
5342,8,14,0,30.43,23.72,0.281,24.31,0.234,0.0186,0.0135
5343,8,15,0,29.81,23.01,0.093,23.48,0.168,0.0186,0.0135
5344,8,16,0,29.33,20.8,-0.062,20.7,-0.151,0.0186,0.0135
5345,8,17,0,29.03,22.31,0.131,21.84,0.021,0.0186,0.0135
5346,8,18,0,28.93,22.78,0.098,22.93,0.135,0.0186,0.0135
5347,8,19,0,29.03,21.72,0.026,21.94,0.031,0.0186,0.0135
5348,8,20,0,29.33,19.11,-0.34,18.93,-0.302,0.0186,0.0135
5349,8,21,0,29.81,19.48,-0.144,18.86,-0.295,0.0186,0.0135
5350,8,22,0,30.43,22.68,0.075,22.79,0.109,0.0186,0.0135
5351,8,23,0,31.15,21.55,-0.033,21.61,-0.071,0.0186,0.0135
5352,8,0,0,31.93,24.42,0.292,24.28,0.232,0.0186,0.0135
5353,8,1,0,32.7,24.95,0.241,24.64,0.237,0.0186,0.0135
5354,8,2,0,33.43,22.7,0.15,23.16,0.047,0.0186,0.0135
5355,8,3,0,34.05,22.87,0.127,21.91,0.025,0.0186,0.0135
5356,8,4,0,34.53,22.44,0.048,22.46,0.023,0.0186,0.0135
5357,8,5,0,34.83,23.15,0.161,23.08,0.104,0.0186,0.0135
5358,8,6,0,34.93,21.21,-0.172,20.75,-0.086,0.0186,0.0135
5359,8,7,0,34.83,21.81,0.07,21.91,-0.025,0.0186,0.0135
5360,8,8,0,34.53,21.56,-0.043,21.52,0.009,0.0186,0.0135
5361,8,9,0,34.05,24.85,0.357,25.03,0.298,0.0186,0.0135
5362,8,10,0,33.43,22.95,0.03,22.86,0.122,0.0186,0.0135
5363,8,11,0,32.7,23.3,0.13,23.3,0.085,0.0186,0.0135
5364,8,12,0,31.93,21.03,-0.123,21.13,-0.093,0.0186,0.0135
5365,8,13,0,31.15,22.34,-0.014,22.14,-0.035,0.0186,0.0135
5366,8,14,0,30.43,22.28,-0.054,22.47,0.046,0.0186,0.0135
5367,8,15,0,29.81,22.92,0.163,22.62,0.051,0.0186,0.0135
5368,8,16,0,29.33,22.35,-0.054,22.3,0.06,0.0186,0.0135
5369,8,17,0,29.03,21.07,-0.063,21.0,-0.057,0.0186,0.0135
5370,8,18,0,28.93,20.88,-0.043,20.75,-0.111,0.0186,0.0135
5371,8,19,0,29.03,23.51,0.132,23.19,0.114,0.0186,0.0135
5372,8,20,0,29.33,21.21,-0.104,20.71,-0.088,0.0186,0.0135
5373,8,21,0,29.81,22.59,0.068,23.0,0.077,0.0186,0.0135
5374,8,22,0,30.43,24.42,0.29,24.48,0.216,0.0186,0.0135
5375,8,23,0,31.15,24.06,0.22,24.38,0.214,0.0186,0.0135
5376,8,0,0,31.93,22.43,0.055,22.61,0.079,0.0186,0.0135
5377,8,1,0,32.7,24.02,0.144,23.82,0.181,0.0186,0.0135
5378,8,2,0,33.43,22.01,-0.053,22.24,0.055,0.0186,0.0135
5379,8,3,0,34.05,24.53,0.256,24.53,0.23,0.0186,0.0135
5380,8,4,0,34.53,21.69,0.041,21.56,-0.046,0.0186,0.0135
5381,8,5,0,34.83,20.52,-0.107,20.59,-0.141,0.0186,0.0135
5382,8,6,0,34.93,24.7,0.218,24.94,0.277,0.0186,0.0135
5383,8,7,0,34.83,22.84,0.101,22.34,-0.019,0.0186,0.0135
5384,8,8,1,34.53,24.04,0.229,24.31,0.21,0.0186,0.0135
5385,8,9,1,34.05,22.76,0.024,22.6,0.05,0.0186,0.0135
5386,8,10,1,33.43,23.55,0.227,23.56,0.179,0.0186,0.0135
5387,8,11,1,32.7,23.49,0.135,23.01,0.069,0.0186,0.0135
5388,8,12,1,31.93,22.23,0.004,22.02,0.034,0.0186,0.0135
5389,8,13,1,31.15,23.21,0.041,23.52,0.153,0.0186,0.0135
5390,8,14,1,30.43,23.95,0.118,24.4,0.23,0.0186,0.0135
5391,8,15,1,29.81,24.05,0.16,23.99,0.153,0.0186,0.0135
5392,8,16,1,29.33,21.08,-0.089,20.57,-0.116,0.0186,0.0135
5393,8,17,1,29.03,20.61,-0.097,20.69,-0.131,0.0186,0.0135
5394,8,18,1,28.93,20.08,-0.194,20.2,-0.185,0.0186,0.0135
5395,8,19,0,29.03,21.68,-0.007,21.71,0.042,0.0186,0.0135
5396,8,20,0,29.33,22.67,0.085,23.12,0.109,0.0186,0.0135
5397,8,21,0,29.81,22.72,0.088,22.36,-0.024,0.0186,0.0135
5398,8,22,0,30.43,21.21,-0.02,21.24,-0.033,0.0186,0.0135
5399,8,23,0,31.15,22.15,0.064,22.19,-0.021,0.0186,0.0135
5400,8,0,0,31.93,23.11,0.102,22.86,0.072,0.0186,0.0135
5401,8,1,0,32.7,23.15,0.16,23.32,0.142,0.0186,0.0135
5402,8,2,0,33.43,22.76,-0.0,23.31,0.182,0.0186,0.0135
5403,8,3,0,34.05,22.07,-0.01,22.24,0.003,0.0186,0.0135
5404,8,4,0,34.53,23.23,0.146,23.54,0.138,0.0186,0.0135
5405,8,5,0,34.83,27.92,0.638,28.28,0.617,0.0186,0.0135
5406,8,6,0,34.93,21.56,0.01,21.48,-0.082,0.0186,0.0135
5407,8,7,0,34.83,20.9,-0.094,21.06,-0.117,0.0186,0.0135
5408,8,8,1,34.53,20.86,-0.096,21.29,-0.111,0.0186,0.0135
5409,8,9,1,34.05,20.56,-0.107,20.45,-0.137,0.0186,0.0135
5410,8,10,1,33.43,24.2,0.231,23.75,0.218,0.0186,0.0135
5411,8,11,1,32.7,24.5,0.367,24.61,0.279,0.0186,0.0135
5412,8,12,1,31.93,24.06,0.167,24.08,0.181,0.0186,0.0135
5413,8,13,1,31.15,22.77,-0.011,22.71,0.04,0.0186,0.0135
5414,8,14,1,30.43,22.02,0.001,22.24,0.022,0.0186,0.0135
5415,8,15,1,29.81,21.02,-0.032,21.03,-0.093,0.0186,0.0135
5416,8,16,1,29.33,20.24,-0.147,19.86,-0.22,0.0186,0.0135
5417,8,17,1,29.03,22.39,0.064,22.2,0.011,0.0186,0.0135
5418,8,18,1,28.93,22.22,0.068,21.96,-0.01,0.0186,0.0135
5419,8,19,0,29.03,23.41,0.228,23.05,0.144,0.0186,0.0135
5420,8,20,0,29.33,19.64,-0.213,19.39,-0.3,0.0186,0.0135
5421,8,21,0,29.81,22.3,0.021,22.43,0.059,0.0186,0.0135
5422,8,22,0,30.43,21.46,-0.005,20.79,-0.092,0.0186,0.0135
5423,8,23,0,31.15,26.26,0.463,25.59,0.3,0.0186,0.0135
5424,8,0,0,31.93,25.13,0.266,25.28,0.352,0.0186,0.0135
5425,8,1,0,32.7,21.67,-0.023,21.76,0.028,0.0186,0.0135
5426,8,2,0,33.43,25.22,0.375,25.04,0.315,0.0186,0.0135
5427,8,3,0,34.05,20.38,-0.045,20.17,-0.172,0.0186,0.0135
5428,8,4,0,34.53,24.0,0.173,23.94,0.194,0.0186,0.0135
5429,8,5,0,34.83,22.1,-0.04,21.65,-0.013,0.0186,0.0135
5430,8,6,0,34.93,21.93,0.005,21.94,0.003,0.0186,0.0135
5431,8,7,0,34.83,24.22,0.25,23.89,0.212,0.0186,0.0135
5432,8,8,1,34.53,23.98,0.211,23.55,0.207,0.0186,0.0135
5433,8,9,1,34.05,22.35,0.074,22.5,0.019,0.0186,0.0135
5434,8,10,1,33.43,25.25,0.351,25.4,0.29,0.0186,0.0135
5435,8,11,1,32.7,23.69,0.25,23.84,0.175,0.0186,0.0135
5436,8,12,1,31.93,21.02,-0.123,20.81,-0.152,0.0186,0.0135
5437,8,13,1,31.15,24.44,0.234,24.83,0.272,0.0186,0.0135
5438,8,14,1,30.43,19.78,-0.14,19.99,-0.221,0.0186,0.0135
5439,8,15,1,29.81,22.32,0.119,22.46,0.052,0.0186,0.0135
5440,8,16,1,29.33,22.79,0.008,22.85,0.041,0.0186,0.0135
5441,8,17,1,29.03,21.29,-0.088,21.59,-0.057,0.0186,0.0135
5442,8,18,1,28.93,21.68,0.053,21.64,-0.041,0.0186,0.0135
5443,8,19,0,29.03,21.32,0.02,21.33,-0.082,0.0186,0.0135
5444,8,20,0,29.33,20.73,-0.121,20.58,-0.122,0.0186,0.0135
5445,8,21,0,29.81,24.01,0.153,23.7,0.16,0.0186,0.0135
5446,8,22,0,30.43,23.53,0.122,23.15,0.097,0.0186,0.0135
5447,8,23,0,31.15,23.91,0.236,24.07,0.247,0.0186,0.0135
5448,8,0,0,31.93,22.04,-0.055,21.69,-0.087,0.0186,0.0135
5449,8,1,0,32.7,21.81,0.021,21.7,-0.03,0.0186,0.0135
5450,8,2,0,33.43,21.76,-0.075,21.73,0.004,0.0186,0.0135
5451,8,3,0,34.05,21.32,-0.027,20.98,-0.085,0.0186,0.0135
5452,8,4,0,34.53,19.91,-0.246,20.17,-0.194,0.0186,0.0135
5453,8,5,0,34.83,22.78,0.1,22.96,0.094,0.0186,0.0135
5454,8,6,0,34.93,21.86,-0.02,21.99,0.053,0.0186,0.0135
5455,8,7,0,34.83,23.38,0.114,23.1,0.112,0.0186,0.0135
5456,8,8,1,34.53,24.45,0.225,24.87,0.259,0.0186,0.0135
5457,8,9,1,34.05,20.91,0.006,20.98,-0.085,0.0186,0.0135
5458,8,10,1,33.43,20.11,-0.22,19.89,-0.236,0.0186,0.0135
5459,8,11,1,32.7,21.92,0.026,22.03,0.036,0.0186,0.0135
5460,8,12,1,31.93,23.29,0.076,22.7,0.065,0.0186,0.0135
5461,8,13,1,31.15,22.72,0.074,22.98,0.099,0.0186,0.0135
5462,8,14,1,30.43,22.86,0.09,22.78,0.112,0.0186,0.0135
5463,8,15,1,29.81,22.37,0.036,22.37,0.075,0.0186,0.0135
5464,8,16,1,29.33,20.84,-0.175,21.37,-0.083,0.0186,0.0135
5465,8,17,1,29.03,23.62,0.092,23.93,0.16,0.0186,0.0135
5466,8,18,1,28.93,22.92,0.154,23.62,0.155,0.0186,0.0135
5467,8,19,0,29.03,18.87,-0.295,18.9,-0.322,0.0186,0.0135
5468,8,20,0,29.33,21.22,-0.125,21.27,-0.017,0.0186,0.0135
5469,8,21,0,29.81,24.78,0.282,24.97,0.277,0.0186,0.0135
5470,8,22,0,30.43,22.47,0.09,22.96,0.102,0.0186,0.0135
5471,8,23,0,31.15,23.89,0.208,24.05,0.234,0.0186,0.0135
5472,8,0,0,31.93,23.28,0.136,23.53,0.146,0.0186,0.0135
5473,8,1,0,32.7,21.68,-0.112,21.48,-0.08,0.0186,0.0135
5474,8,2,0,33.43,21.09,-0.013,20.94,-0.111,0.0186,0.0135
5475,8,3,0,34.05,22.86,0.166,22.94,0.077,0.0186,0.0135
5476,8,4,0,34.53,22.17,0.073,22.13,0.054,0.0186,0.0135
5477,8,5,0,34.83,23.21,0.13,23.58,0.153,0.0186,0.0135
5478,8,6,0,34.93,24.27,0.19,24.41,0.271,0.0186,0.0135
5479,8,7,0,34.83,22.19,0.063,22.09,0.006,0.0186,0.0135
5480,8,8,1,34.53,23.08,0.069,23.28,0.14,0.0186,0.0135
5481,8,9,1,34.05,24.52,0.275,24.24,0.199,0.0186,0.0135
5482,8,10,1,33.43,24.03,0.185,24.34,0.3,0.0186,0.0135
5483,8,11,1,32.7,24.16,0.249,24.37,0.267,0.0186,0.0135
5484,8,12,1,31.93,21.01,-0.08,21.06,-0.106,0.0186,0.0135
5485,8,13,1,31.15,23.2,0.099,23.57,0.155,0.0186,0.0135
5486,8,14,1,30.43,21.27,-0.034,20.73,-0.127,0.0186,0.0135
5487,8,15,1,29.81,22.57,0.048,22.28,0.06,0.0186,0.0135
5488,8,16,1,29.33,22.5,0.06,22.51,0.014,0.0186,0.0135
5489,8,17,1,29.03,23.44,0.097,23.06,0.075,0.0186,0.0135
5490,8,18,1,28.93,22.24,0.024,22.13,-0.014,0.0186,0.0135
5491,8,19,0,29.03,24.01,0.192,24.26,0.211,0.0186,0.0135
5492,8,20,0,29.33,21.63,-0.107,21.54,-0.075,0.0186,0.0135
5493,8,21,0,29.81,23.79,0.261,23.88,0.179,0.0186,0.0135
5494,8,22,0,30.43,21.96,-0.02,21.84,-0.036,0.0186,0.0135
5495,8,23,0,31.15,22.91,0.065,22.92,0.129,0.0186,0.0135
5496,8,0,0,31.93,25.34,0.362,25.69,0.392,0.0186,0.0135
5497,8,1,0,32.7,25.28,0.299,25.51,0.363,0.0186,0.0135
5498,8,2,0,33.43,23.44,0.13,23.14,0.147,0.0186,0.0135
5499,8,3,0,34.05,19.76,-0.232,19.39,-0.25,0.0186,0.0135
5500,8,4,0,34.53,20.46,-0.096,20.43,-0.155,0.0186,0.0135
5501,8,5,0,34.83,23.91,0.15,23.73,0.199,0.0186,0.0135
5502,8,6,0,34.93,23.05,0.065,22.7,0.117,0.0186,0.0135
5503,8,7,0,34.83,21.11,-0.113,21.39,-0.061,0.0186,0.0135
5504,8,8,0,34.53,22.94,0.021,22.31,0.034,0.0186,0.0135
5505,8,9,0,34.05,21.41,-0.139,21.71,-0.012,0.0186,0.0135
5506,8,10,0,33.43,20.44,-0.21,20.33,-0.11,0.0186,0.0135
5507,8,11,0,32.7,20.49,-0.237,20.45,-0.107,0.0186,0.0135
5508,8,12,0,31.93,23.1,0.184,23.14,0.119,0.0186,0.0135
5509,8,13,0,31.15,22.83,0.111,22.87,0.072,0.0186,0.0135
5510,8,14,0,30.43,22.18,0.032,22.42,0.039,0.0186,0.0135
5511,8,15,0,29.81,20.4,-0.193,20.85,-0.086,0.0186,0.0135
5512,8,16,0,29.33,22.76,0.139,22.38,0.045,0.0186,0.0135
5513,8,17,0,29.03,24.5,0.286,24.45,0.192,0.0186,0.0135
5514,8,18,0,28.93,21.75,-0.044,21.37,-0.049,0.0186,0.0135
5515,8,19,0,29.03,21.59,-0.084,21.85,0.012,0.0186,0.0135
5516,8,20,0,29.33,24.46,0.229,24.77,0.213,0.0186,0.0135
5517,8,21,0,29.81,23.37,0.088,23.34,0.117,0.0186,0.0135
5518,8,22,0,30.43,24.65,0.289,24.31,0.238,0.0186,0.0135
5519,8,23,0,31.15,21.96,0.078,22.16,0.007,0.0186,0.0135
5520,8,0,0,31.93,22.14,0.059,22.32,0.028,0.0186,0.0135
5521,8,1,0,32.7,22.04,-0.035,21.38,-0.097,0.0186,0.0135
5522,8,2,0,33.43,23.53,0.139,23.45,0.145,0.0186,0.0135
5523,8,3,0,34.05,21.19,-0.016,21.66,0.015,0.0186,0.0135
5524,8,4,0,34.53,23.53,0.233,23.52,0.131,0.0186,0.0135
5525,8,5,0,34.83,21.19,-0.055,21.01,-0.122,0.0186,0.0135
5526,8,6,0,34.93,22.27,0.051,21.79,-0.067,0.0186,0.0135
5527,8,7,0,34.83,21.1,-0.031,21.47,-0.042,0.0186,0.0135
5528,8,8,0,34.53,22.91,0.053,22.75,0.065,0.0186,0.0135
5529,8,9,0,34.05,20.23,-0.175,20.31,-0.197,0.0186,0.0135
5530,8,10,0,33.43,24.85,0.32,25.04,0.289,0.0186,0.0135
5531,8,11,0,32.7,22.5,0.057,22.69,0.117,0.0186,0.0135
5532,8,12,0,31.93,22.19,0.051,22.04,-0.034,0.0186,0.0135
5533,8,13,0,31.15,23.89,0.221,23.5,0.13,0.0186,0.0135
5534,8,14,0,30.43,23.21,0.129,23.49,0.113,0.0186,0.0135
5535,8,15,0,29.81,21.15,-0.179,20.94,-0.073,0.0186,0.0135
5536,8,16,0,29.33,22.67,0.139,22.32,0.011,0.0186,0.0135
5537,8,17,0,29.03,22.88,-0.013,22.63,0.022,0.0186,0.0135
5538,8,18,0,28.93,21.83,0.0,22.1,0.014,0.0186,0.0135
5539,8,19,0,29.03,19.48,-0.24,19.87,-0.217,0.0186,0.0135
5540,8,20,0,29.33,24.2,0.278,24.57,0.25,0.0186,0.0135
5541,8,21,0,29.81,20.99,-0.169,21.29,-0.012,0.0186,0.0135
5542,8,22,0,30.43,22.54,-0.007,22.22,-0.016,0.0186,0.0135
5543,8,23,0,31.15,22.71,0.009,22.71,0.06,0.0186,0.0135
5544,8,0,0,31.93,20.45,-0.158,20.62,-0.149,0.0186,0.0135
5545,8,1,0,32.7,20.57,-0.164,20.48,-0.143,0.0186,0.0135
5546,8,2,0,33.43,22.75,0.051,22.99,0.043,0.0186,0.0135
5547,8,3,0,34.05,23.99,0.143,23.71,0.169,0.0186,0.0135
5548,8,4,0,34.53,22.95,0.068,22.79,0.068,0.0186,0.0135
5549,8,5,0,34.83,24.62,0.214,24.62,0.234,0.0186,0.0135
5550,8,6,0,34.93,22.12,0.037,22.2,0.023,0.0186,0.0135
5551,8,7,0,34.83,21.24,-0.04,21.11,-0.123,0.0186,0.0135
5552,8,8,1,34.53,21.8,0.024,21.98,-0.008,0.0186,0.0135
5553,8,9,1,34.05,21.88,0.015,21.49,-0.012,0.0186,0.0135
5554,8,10,1,33.43,26.35,0.432,26.46,0.419,0.0186,0.0135
5555,8,11,1,32.7,19.68,-0.114,19.73,-0.188,0.0186,0.0135
5556,8,12,1,31.93,24.17,0.235,24.25,0.152,0.0186,0.0135
5557,8,13,1,31.15,23.64,0.129,23.47,0.137,0.0186,0.0135
5558,8,14,1,30.43,21.96,-0.003,21.75,-0.042,0.0186,0.0135
5559,8,15,1,29.81,22.65,0.054,22.2,-0.012,0.0186,0.0135
5560,8,16,1,29.33,21.54,-0.126,21.58,-0.067,0.0186,0.0135
5561,8,17,1,29.03,23.35,0.224,22.93,0.129,0.0186,0.0135
5562,8,18,1,28.93,21.76,-0.014,21.52,-0.091,0.0186,0.0135
5563,8,19,0,29.03,19.5,-0.257,19.36,-0.261,0.0186,0.0135
5564,8,20,0,29.33,21.58,-0.117,21.96,-0.038,0.0186,0.0135
5565,8,21,0,29.81,23.23,0.063,22.88,0.092,0.0186,0.0135
5566,8,22,0,30.43,20.92,-0.143,20.88,-0.138,0.0186,0.0135
5567,8,23,0,31.15,19.35,-0.328,19.39,-0.266,0.0186,0.0135
5568,8,0,0,31.93,21.73,-0.034,21.67,-0.027,0.0186,0.0135
5569,8,1,0,32.7,21.41,-0.152,21.78,-0.029,0.0186,0.0135
5570,8,2,0,33.43,23.75,0.127,23.9,0.165,0.0186,0.0135
5571,8,3,0,34.05,20.99,-0.138,21.17,-0.075,0.0186,0.0135
5572,8,4,0,34.53,22.9,0.105,23.61,0.136,0.0186,0.0135
5573,8,5,0,34.83,20.31,-0.175,20.23,-0.244,0.0186,0.0135
5574,8,6,0,34.93,21.43,-0.084,21.52,-0.019,0.0186,0.0135
5575,8,7,0,34.83,20.16,-0.138,20.37,-0.135,0.0186,0.0135
5576,8,8,1,34.53,20.15,-0.218,20.25,-0.218,0.0186,0.0135
5577,8,9,1,34.05,21.88,0.034,21.61,-0.024,0.0186,0.0135
5578,8,10,1,33.43,20.77,-0.142,20.55,-0.147,0.0186,0.0135
5579,8,11,1,32.7,24.01,0.204,24.22,0.214,0.0186,0.0135
5580,8,12,1,31.93,19.84,-0.238,20.23,-0.131,0.0186,0.0135
5581,8,13,1,31.15,22.79,0.11,23.4,0.097,0.0186,0.0135
5582,8,14,1,30.43,21.58,-0.086,21.53,-0.059,0.0186,0.0135
5583,8,15,1,29.81,20.45,-0.143,20.45,-0.185,0.0186,0.0135
5584,8,16,1,29.33,25.41,0.3,25.43,0.294,0.0186,0.0135
5585,8,17,1,29.03,22.59,0.098,22.51,0.047,0.0186,0.0135
5586,8,18,1,28.93,20.71,-0.107,21.21,-0.087,0.0186,0.0135
5587,8,19,0,29.03,22.75,0.003,22.89,0.094,0.0186,0.0135
5588,8,20,0,29.33,21.82,-0.055,21.98,-0.02,0.0186,0.0135
5589,8,21,0,29.81,24.99,0.135,25.36,0.371,0.0186,0.0135
5590,8,22,0,30.43,22.39,-0.011,22.18,-0.011,0.0186,0.0135
5591,8,23,0,31.15,21.48,-0.12,21.14,-0.117,0.0186,0.0135
5592,8,0,0,31.93,22.99,0.126,23.0,0.098,0.0186,0.0135
5593,8,1,0,32.7,20.54,-0.196,20.69,-0.112,0.0186,0.0135
5594,8,2,0,33.43,20.75,-0.143,20.54,-0.125,0.0186,0.0135
5595,8,3,0,34.05,22.76,0.171,22.77,0.022,0.0186,0.0135
5596,8,4,0,34.53,20.94,-0.194,20.62,-0.16,0.0186,0.0135
5597,8,5,0,34.83,23.53,0.137,23.35,0.084,0.0186,0.0135
5598,8,6,0,34.93,21.31,-0.037,21.17,-0.134,0.0186,0.0135
5599,8,7,0,34.83,21.82,-0.041,22.14,-0.049,0.0186,0.0135
5600,8,8,1,34.53,24.42,0.285,24.64,0.212,0.0186,0.0135
5601,8,9,1,34.05,24.77,0.251,24.54,0.233,0.0186,0.0135
5602,8,10,1,33.43,23.92,0.216,23.87,0.189,0.0186,0.0135
5603,8,11,1,32.7,22.36,0.126,22.07,-0.037,0.0186,0.0135
5604,8,12,1,31.93,23.12,0.17,23.23,0.165,0.0186,0.0135
5605,8,13,1,31.15,22.29,0.118,22.45,0.043,0.0186,0.0135
5606,8,14,1,30.43,20.9,-0.175,20.79,-0.11,0.0186,0.0135
5607,8,15,1,29.81,24.1,0.129,24.06,0.237,0.0186,0.0135
5608,8,16,1,29.33,19.84,-0.225,19.37,-0.255,0.0186,0.0135
5609,8,17,1,29.03,23.13,0.201,23.11,0.113,0.0186,0.0135
5610,8,18,1,28.93,24.05,0.141,24.29,0.224,0.0186,0.0135
5611,8,19,0,29.03,25.68,0.335,25.53,0.358,0.0186,0.0135
5612,8,20,0,29.33,21.8,-0.044,21.56,-0.001,0.0186,0.0135
5613,8,21,0,29.81,22.3,-0.046,21.9,0.056,0.0186,0.0135
5614,8,22,0,30.43,22.16,-0.022,22.3,0.039,0.0186,0.0135
5615,8,23,0,31.15,24.69,0.292,24.49,0.207,0.0186,0.0135
5616,8,0,0,31.93,25.53,0.333,25.61,0.353,0.0186,0.0135
5617,8,1,0,32.7,21.73,-0.149,21.6,-0.043,0.0186,0.0135
5618,8,2,0,33.43,22.29,0.003,22.44,0.021,0.0186,0.0135
5619,8,3,0,34.05,22.49,0.056,22.0,-0.055,0.0186,0.0135
5620,8,4,0,34.53,24.18,0.172,24.39,0.258,0.0186,0.0135
5621,8,5,0,34.83,22.67,-0.034,22.36,0.046,0.0186,0.0135
5622,8,6,0,34.93,21.31,-0.068,21.64,-0.057,0.0186,0.0135
5623,8,7,0,34.83,25.2,0.137,25.37,0.322,0.0186,0.0135
5624,8,8,1,34.53,20.42,-0.165,20.18,-0.171,0.0186,0.0135
5625,8,9,1,34.05,22.89,0.121,23.22,0.139,0.0186,0.0135
5626,8,10,1,33.43,22.8,0.064,23.19,0.11,0.0186,0.0135
5627,8,11,1,32.7,19.64,-0.24,19.96,-0.116,0.0186,0.0135
5628,8,12,1,31.93,21.89,0.016,21.92,-0.041,0.0186,0.0135
5629,8,13,1,31.15,23.04,0.089,23.05,0.14,0.0186,0.0135
5630,8,14,1,30.43,21.14,-0.013,21.23,-0.099,0.0186,0.0135
5631,8,15,1,29.81,22.05,0.029,22.76,0.061,0.0186,0.0135
5632,8,16,1,29.33,23.7,0.092,23.53,0.195,0.0186,0.0135
5633,8,17,1,29.03,20.85,-0.14,21.58,0.022,0.0186,0.0135
5634,8,18,1,28.93,20.45,-0.13,20.75,-0.099,0.0186,0.0135
5635,8,19,0,29.03,23.95,0.13,23.8,0.179,0.0186,0.0135
5636,8,20,0,29.33,22.83,0.097,22.69,0.079,0.0186,0.0135
5637,8,21,0,29.81,21.13,-0.1,21.25,-0.096,0.0186,0.0135
5638,8,22,0,30.43,23.68,0.145,23.45,0.147,0.0186,0.0135
5639,8,23,0,31.15,24.56,0.283,24.62,0.253,0.0186,0.0135
5640,8,0,0,31.93,22.38,0.053,22.37,0.028,0.0186,0.0135
5641,8,1,0,32.7,24.51,0.166,24.4,0.322,0.0186,0.0135
5642,8,2,0,33.43,22.01,0.071,22.4,0.069,0.0186,0.0135
5643,8,3,0,34.05,22.2,-0.043,22.29,0.089,0.0186,0.0135
5644,8,4,0,34.53,21.22,-0.073,21.15,-0.089,0.0186,0.0135
5645,8,5,0,34.83,21.51,-0.001,21.93,0.003,0.0186,0.0135
5646,8,6,0,34.93,21.9,-0.033,22.22,0.069,0.0186,0.0135
5647,8,7,0,34.83,22.67,0.061,23.04,0.106,0.0186,0.0135
5648,8,8,1,34.53,24.34,0.312,25.0,0.326,0.0186,0.0135
5649,8,9,1,34.05,23.38,0.153,23.23,0.096,0.0186,0.0135
5650,8,10,1,33.43,23.06,0.008,23.2,0.121,0.0186,0.0135
5651,8,11,1,32.7,23.12,0.13,23.1,0.069,0.0186,0.0135
5652,8,12,1,31.93,21.34,-0.066,21.65,-0.025,0.0186,0.0135
5653,8,13,1,31.15,21.68,-0.147,21.69,-0.006,0.0186,0.0135
5654,8,14,1,30.43,25.21,0.274,24.89,0.302,0.0186,0.0135
5655,8,15,1,29.81,24.71,0.21,24.71,0.265,0.0186,0.0135
5656,8,16,1,29.33,20.96,-0.12,20.75,-0.152,0.0186,0.0135
5657,8,17,1,29.03,21.33,-0.056,21.36,-0.107,0.0186,0.0135
5658,8,18,1,28.93,23.09,0.145,22.98,0.121,0.0186,0.0135
5659,8,19,0,29.03,21.68,-0.074,21.87,0.026,0.0186,0.0135
5660,8,20,0,29.33,21.3,-0.079,21.41,-0.09,0.0186,0.0135
5661,8,21,0,29.81,23.85,0.1,23.67,0.08,0.0186,0.0135
5662,8,22,0,30.43,21.19,-0.018,21.6,-0.062,0.0186,0.0135
5663,8,23,0,31.15,21.94,-0.073,21.8,-0.049,0.0186,0.0135
5664,8,0,0,31.93,23.97,0.211,24.12,0.172,0.0186,0.0135
5665,8,1,0,32.7,22.65,0.107,21.96,0.004,0.0186,0.0135
5666,8,2,0,33.43,20.48,-0.242,20.97,-0.087,0.0186,0.0135
5667,8,3,0,34.05,23.33,0.131,22.96,0.047,0.0186,0.0135
5668,8,4,0,34.53,18.23,-0.408,17.91,-0.39,0.0186,0.0135
5669,8,5,0,34.83,22.6,0.009,22.63,0.047,0.0186,0.0135
5670,8,6,0,34.93,21.11,-0.119,20.74,-0.124,0.0186,0.0135
5671,8,7,0,34.83,21.64,-0.001,21.54,-0.061,0.0186,0.0135
5672,8,8,0,34.53,20.5,-0.137,20.67,-0.123,0.0186,0.0135
5673,8,9,0,34.05,23.44,0.145,23.58,0.229,0.0186,0.0135
5674,8,10,0,33.43,20.57,-0.094,20.4,-0.156,0.0186,0.0135
5675,8,11,0,32.7,23.64,0.232,23.69,0.139,0.0186,0.0135
5676,8,12,0,31.93,24.51,0.191,24.86,0.305,0.0186,0.0135
5677,8,13,0,31.15,22.44,-0.051,22.25,-0.005,0.0186,0.0135
5678,8,14,0,30.43,23.56,0.146,23.81,0.205,0.0186,0.0135
5679,8,15,0,29.81,23.92,0.156,23.96,0.21,0.0186,0.0135
5680,8,16,0,29.33,23.23,0.166,23.43,0.102,0.0186,0.0135
5681,8,17,0,29.03,21.74,0.011,21.17,-0.09,0.0186,0.0135
5682,8,18,0,28.93,23.15,0.185,22.7,0.035,0.0186,0.0135
5683,8,19,0,29.03,23.66,0.157,23.7,0.162,0.0186,0.0135
5684,8,20,0,29.33,21.54,-0.045,21.93,-0.045,0.0186,0.0135
5685,8,21,0,29.81,21.92,0.037,21.96,-0.022,0.0186,0.0135
5686,8,22,0,30.43,21.69,0.013,21.7,-0.071,0.0186,0.0135
5687,8,23,0,31.15,23.26,0.11,23.12,0.172,0.0186,0.0135
5688,8,0,0,31.93,22.21,0.056,22.43,0.008,0.0186,0.0135
5689,8,1,0,32.7,19.73,-0.281,19.98,-0.252,0.0186,0.0135
5690,8,2,0,33.43,24.04,0.165,23.73,0.233,0.0186,0.0135
5691,8,3,0,34.05,20.01,-0.222,19.63,-0.244,0.0186,0.0135
5692,8,4,0,34.53,21.16,-0.009,20.81,-0.111,0.0186,0.0135
5693,8,5,0,34.83,23.38,0.152,23.34,0.162,0.0186,0.0135
5694,8,6,0,34.93,21.01,-0.065,21.09,-0.045,0.0186,0.0135
5695,8,7,0,34.83,25.42,0.399,25.44,0.264,0.0186,0.0135
5696,8,8,0,34.53,24.83,0.271,24.61,0.274,0.0186,0.0135
5697,8,9,0,34.05,22.27,0.106,22.33,0.021,0.0186,0.0135
5698,8,10,0,33.43,20.87,-0.087,21.41,-0.001,0.0186,0.0135
5699,8,11,0,32.7,23.8,0.212,23.4,0.11,0.0186,0.0135
5700,8,12,0,31.93,22.51,-0.03,22.49,0.024,0.0186,0.0135
5701,8,13,0,31.15,25.81,0.372,25.88,0.442,0.0186,0.0135
5702,8,14,0,30.43,21.91,0.04,21.88,-0.024,0.0186,0.0135
5703,8,15,0,29.81,21.38,-0.109,20.7,-0.158,0.0186,0.0135
5704,8,16,0,29.33,22.74,0.182,22.55,0.024,0.0186,0.0135
5705,8,17,0,29.03,24.6,0.3,24.67,0.289,0.0186,0.0135
5706,8,18,0,28.93,19.17,-0.296,19.17,-0.317,0.0186,0.0135
5707,8,19,0,29.03,23.19,-0.015,23.7,0.154,0.0186,0.0135
5708,8,20,0,29.33,20.63,-0.153,20.65,-0.153,0.0186,0.0135
5709,8,21,0,29.81,23.53,0.286,24.03,0.18,0.0186,0.0135
5710,8,22,0,30.43,19.77,-0.143,19.94,-0.182,0.0186,0.0135
5711,8,23,0,31.15,24.91,0.26,24.84,0.288,0.0186,0.0135
5712,8,0,0,31.93,22.0,0.049,22.2,0.052,0.0186,0.0135
5713,8,1,0,32.7,23.27,0.166,23.34,0.075,0.0186,0.0135
5714,8,2,0,33.43,22.82,0.092,22.83,0.081,0.0186,0.0135
5715,8,3,0,34.05,23.15,0.171,22.98,0.112,0.0186,0.0135
5716,8,4,0,34.53,22.73,0.113,22.52,0.058,0.0186,0.0135
5717,8,5,0,34.83,21.37,-0.032,21.35,-0.048,0.0186,0.0135
5718,8,6,0,34.93,23.23,0.174,23.26,0.163,0.0186,0.0135
5719,8,7,0,34.83,23.61,0.108,23.43,0.127,0.0186,0.0135
5720,8,8,1,34.53,25.43,0.449,25.51,0.348,0.0186,0.0135
5721,8,9,1,34.05,22.11,0.007,22.09,-0.014,0.0186,0.0135
5722,8,10,1,33.43,20.78,-0.07,20.93,-0.034,0.0186,0.0135
5723,8,11,1,32.7,21.85,-0.054,21.74,0.008,0.0186,0.0135
5724,8,12,1,31.93,23.72,0.127,23.46,0.175,0.0186,0.0135
5725,8,13,1,31.15,23.07,0.063,23.3,0.074,0.0186,0.0135
5726,8,14,1,30.43,21.19,0.024,21.39,-0.073,0.0186,0.0135
5727,8,15,1,29.81,25.91,0.322,26.16,0.423,0.0186,0.0135
5728,8,16,1,29.33,23.8,0.212,23.07,0.142,0.0186,0.0135
5729,8,17,1,29.03,23.1,0.101,23.08,0.101,0.0186,0.0135
5730,8,18,1,28.93,20.74,-0.147,20.53,-0.144,0.0186,0.0135
5731,8,19,0,29.03,21.66,0.004,21.4,-0.048,0.0186,0.0135
5732,8,20,0,29.33,21.69,-0.054,21.84,-0.014,0.0186,0.0135
5733,8,21,0,29.81,23.96,0.138,23.78,0.174,0.0186,0.0135
5734,8,22,0,30.43,20.45,-0.169,20.37,-0.237,0.0186,0.0135
5735,8,23,0,31.15,23.3,0.189,23.24,0.131,0.0186,0.0135
5736,8,0,0,31.93,23.6,0.154,23.96,0.196,0.0186,0.0135
5737,8,1,0,32.7,20.14,-0.193,20.51,-0.179,0.0186,0.0135
5738,8,2,0,33.43,23.61,0.139,22.96,0.123,0.0186,0.0135
5739,8,3,0,34.05,21.84,-0.036,21.63,-0.097,0.0186,0.0135
5740,8,4,0,34.53,23.57,0.144,23.54,0.146,0.0186,0.0135
5741,8,5,0,34.83,22.52,0.05,22.72,0.031,0.0186,0.0135
5742,8,6,0,34.93,23.36,0.147,23.51,0.184,0.0186,0.0135
5743,8,7,0,34.83,22.55,0.125,22.88,0.105,0.0186,0.0135
5744,8,8,1,34.53,21.38,-0.0,21.34,-0.111,0.0186,0.0135
5745,8,9,1,34.05,21.91,-0.052,21.81,0.007,0.0186,0.0135
5746,8,10,1,33.43,23.07,0.137,22.85,0.08,0.0186,0.0135
5747,8,11,1,32.7,21.16,-0.062,20.95,-0.077,0.0186,0.0135
5748,8,12,1,31.93,21.77,0.056,21.93,-0.044,0.0186,0.0135
5749,8,13,1,31.15,23.03,0.099,23.28,0.165,0.0186,0.0135
5750,8,14,1,30.43,25.8,0.368,25.9,0.419,0.0186,0.0135
5751,8,15,1,29.81,23.76,0.176,23.01,0.089,0.0186,0.0135
5752,8,16,1,29.33,23.1,0.105,23.04,0.078,0.0186,0.0135
5753,8,17,1,29.03,23.6,0.118,24.1,0.168,0.0186,0.0135
5754,8,18,1,28.93,22.53,0.112,22.52,0.015,0.0186,0.0135
5755,8,19,0,29.03,21.69,0.038,21.05,-0.088,0.0186,0.0135
5756,8,20,0,29.33,21.8,-0.081,21.41,-0.047,0.0186,0.0135
5757,8,21,0,29.81,20.84,-0.014,20.87,-0.123,0.0186,0.0135
5758,8,22,0,30.43,21.06,-0.156,21.17,-0.031,0.0186,0.0135
5759,8,23,0,31.15,24.61,0.216,24.56,0.243,0.0186,0.0135
5760,8,0,0,31.93,22.06,0.058,22.17,-0.014,0.0186,0.0135
5761,8,1,0,32.7,24.02,0.176,24.2,0.188,0.0186,0.0135
5762,8,2,0,33.43,22.67,0.119,22.36,0.002,0.0186,0.0135
5763,8,3,0,34.05,23.32,0.104,23.3,0.127,0.0186,0.0135
5764,8,4,0,34.53,24.12,0.191,23.76,0.154,0.0186,0.0135
5765,8,5,0,34.83,22.44,-0.044,22.24,-0.008,0.0186,0.0135
5766,8,6,0,34.93,24.96,0.306,25.03,0.295,0.0186,0.0135
5767,8,7,0,34.83,22.42,0.069,22.29,0.032,0.0186,0.0135
5768,8,8,1,34.53,20.74,-0.249,20.82,-0.106,0.0186,0.0135
5769,8,9,1,34.05,20.39,-0.221,20.36,-0.164,0.0186,0.0135
5770,8,10,1,33.43,23.37,0.06,23.82,0.211,0.0186,0.0135
5771,8,11,1,32.7,22.7,0.108,22.56,0.049,0.0186,0.0135
5772,8,12,1,31.93,23.58,0.126,23.28,0.156,0.0186,0.0135
5773,8,13,1,31.15,24.73,0.133,24.72,0.266,0.0186,0.0135
5774,8,14,1,30.43,22.55,0.072,22.48,0.034,0.0186,0.0135
5775,8,15,1,29.81,23.76,0.238,23.41,0.187,0.0186,0.0135
5776,8,16,1,29.33,21.13,-0.066,20.86,-0.15,0.0186,0.0135
5777,8,17,1,29.03,21.76,0.013,22.09,0.069,0.0186,0.0135
5778,8,18,1,28.93,22.76,0.078,22.57,0.053,0.0186,0.0135
5779,8,19,0,29.03,22.3,-0.017,22.29,0.037,0.0186,0.0135
5780,8,20,0,29.33,20.39,-0.167,20.17,-0.251,0.0186,0.0135
5781,8,21,0,29.81,23.65,0.199,23.04,0.065,0.0186,0.0135
5782,8,22,0,30.43,21.89,0.099,22.05,0.008,0.0186,0.0135
5783,8,23,0,31.15,19.53,-0.259,19.81,-0.217,0.0186,0.0135
5784,8,0,0,31.93,23.34,0.134,22.67,0.055,0.0186,0.0135
5785,8,1,0,32.7,24.33,0.152,24.55,0.293,0.0186,0.0135
5786,8,2,0,33.43,23.17,0.12,22.71,0.102,0.0186,0.0135
5787,8,3,0,34.05,20.68,-0.208,21.09,-0.115,0.0186,0.0135
5788,8,4,0,34.53,21.09,-0.116,21.5,-0.085,0.0186,0.0135
5789,8,5,0,34.83,23.17,0.15,23.37,0.128,0.0186,0.0135
5790,8,6,0,34.93,22.88,0.172,22.69,0.103,0.0186,0.0135
5791,8,7,0,34.83,24.12,0.238,24.36,0.199,0.0186,0.0135
5792,8,8,1,34.53,23.45,0.208,23.48,0.173,0.0186,0.0135
5793,8,9,1,34.05,23.33,0.128,22.82,0.065,0.0186,0.0135
5794,8,10,1,33.43,22.88,0.074,22.75,0.089,0.0186,0.0135
5795,8,11,1,32.7,21.85,-0.091,21.89,-0.036,0.0186,0.0135
5796,8,12,1,31.93,23.48,0.211,23.12,0.141,0.0186,0.0135
5797,8,13,1,31.15,22.1,0.072,23.0,0.071,0.0186,0.0135
5798,8,14,1,30.43,23.62,0.123,23.64,0.132,0.0186,0.0135
5799,8,15,1,29.81,23.99,0.194,23.81,0.154,0.0186,0.0135
5800,8,16,1,29.33,21.38,-0.043,21.34,-0.144,0.0186,0.0135
5801,8,17,1,29.03,22.53,0.123,22.3,0.118,0.0186,0.0135
5802,8,18,1,28.93,21.96,0.002,21.44,-0.062,0.0186,0.0135
5803,8,19,0,29.03,25.46,0.389,25.96,0.378,0.0186,0.0135
5804,8,20,0,29.33,23.52,0.164,23.6,0.113,0.0186,0.0135
5805,8,21,0,29.81,24.09,0.204,24.13,0.194,0.0186,0.0135
5806,8,22,0,30.43,21.31,-0.157,21.4,-0.036,0.0186,0.0135
5807,8,23,0,31.15,20.92,-0.017,20.3,-0.196,0.0186,0.0135
5808,8,0,0,31.93,21.42,0.034,21.76,-0.07,0.0186,0.0135
5809,8,1,0,32.7,21.07,-0.047,20.8,-0.071,0.0186,0.0135
5810,8,2,0,33.43,20.88,-0.147,21.3,-0.06,0.0186,0.0135
5811,8,3,0,34.05,20.59,-0.146,20.56,-0.154,0.0186,0.0135
5812,8,4,0,34.53,23.08,0.064,22.78,0.091,0.0186,0.0135
5813,8,5,0,34.83,24.51,0.276,24.51,0.273,0.0186,0.0135
5814,8,6,0,34.93,23.75,0.136,23.46,0.125,0.0186,0.0135
5815,8,7,0,34.83,25.39,0.362,25.55,0.366,0.0186,0.0135
5816,8,8,1,34.53,20.52,-0.124,21.1,-0.068,0.0186,0.0135
5817,8,9,1,34.05,19.85,-0.233,20.09,-0.231,0.0186,0.0135
5818,8,10,1,33.43,21.07,-0.157,20.69,-0.129,0.0186,0.0135
5819,8,11,1,32.7,21.92,0.076,22.02,-0.002,0.0186,0.0135
5820,8,12,1,31.93,19.13,-0.227,19.06,-0.297,0.0186,0.0135
5821,8,13,1,31.15,24.79,0.187,24.93,0.296,0.0186,0.0135
5822,8,14,1,30.43,22.95,0.186,23.27,0.154,0.0186,0.0135
5823,8,15,1,29.81,23.16,0.108,23.36,0.092,0.0186,0.0135
5824,8,16,1,29.33,22.56,-0.004,22.67,0.107,0.0186,0.0135
5825,8,17,1,29.03,24.01,0.269,23.6,0.15,0.0186,0.0135
5826,8,18,1,28.93,21.33,-0.069,21.66,0.023,0.0186,0.0135
5827,8,19,0,29.03,21.22,-0.092,20.7,-0.106,0.0186,0.0135
5828,8,20,0,29.33,21.11,-0.078,20.71,-0.173,0.0186,0.0135
5829,8,21,0,29.81,22.96,0.121,22.86,0.044,0.0186,0.0135
5830,8,22,0,30.43,24.45,0.283,24.39,0.268,0.0186,0.0135
5831,8,23,0,31.15,20.76,-0.195,21.03,-0.138,0.0186,0.0135
5832,9,0,0,33.0,25.45,0.448,25.78,0.367,0.0162,0.0122
5833,9,1,0,33.78,22.65,0.065,22.81,0.059,0.0162,0.0122
5834,9,2,0,34.5,21.16,-0.138,21.22,-0.111,0.0162,0.0122
5835,9,3,0,35.12,23.09,0.156,23.06,0.093,0.0162,0.0122
5836,9,4,0,35.6,21.63,-0.078,21.76,-0.044,0.0162,0.0122
5837,9,5,0,35.9,21.57,0.046,21.51,-0.09,0.0162,0.0122
5838,9,6,0,36.0,24.44,0.323,24.66,0.361,0.0162,0.0122
5839,9,7,0,35.9,24.65,0.199,24.92,0.257,0.0162,0.0122
5840,9,8,0,35.6,23.04,0.135,22.53,-0.011,0.0162,0.0122
5841,9,9,0,35.12,24.23,0.229,24.13,0.191,0.0162,0.0122
5842,9,10,0,34.5,19.65,-0.168,20.02,-0.208,0.0162,0.0122
5843,9,11,0,33.78,23.49,0.164,23.38,0.16,0.0162,0.0122
5844,9,12,0,33.0,23.33,0.159,23.73,0.174,0.0162,0.0122
5845,9,13,0,32.22,21.36,-0.024,21.21,-0.124,0.0162,0.0122
5846,9,14,0,31.5,24.16,0.175,24.07,0.174,0.0162,0.0122
5847,9,15,0,30.88,23.51,0.231,23.51,0.113,0.0162,0.0122
5848,9,16,0,30.4,21.63,-0.074,21.61,-0.039,0.0162,0.0122
5849,9,17,0,30.1,22.98,0.173,23.12,0.073,0.0162,0.0122
5850,9,18,0,30.0,23.01,0.122,22.81,0.094,0.0162,0.0122
5851,9,19,0,30.1,21.02,-0.072,20.75,-0.124,0.0162,0.0122
5852,9,20,0,30.4,22.17,0.054,22.37,0.021,0.0162,0.0122
5853,9,21,0,30.88,21.22,-0.076,20.84,-0.158,0.0162,0.0122
5854,9,22,0,31.5,22.65,0.047,23.01,0.085,0.0162,0.0122
5855,9,23,0,32.22,25.5,0.311,25.95,0.399,0.0162,0.0122
5856,9,0,0,33.0,22.99,0.19,23.05,0.108,0.0162,0.0122
5857,9,1,0,33.78,22.86,0.145,23.06,0.134,0.0162,0.0122
5858,9,2,0,34.5,23.31,0.106,22.84,0.109,0.0162,0.0122
5859,9,3,0,35.12,22.88,0.182,23.12,0.077,0.0162,0.0122
5860,9,4,0,35.6,24.21,0.267,24.11,0.21,0.0162,0.0122
5861,9,5,0,35.9,25.69,0.337,25.73,0.386,0.0162,0.0122
5862,9,6,0,36.0,22.99,0.121,23.33,0.207,0.0162,0.0122
5863,9,7,0,35.9,22.33,0.003,22.3,0.033,0.0162,0.0122
5864,9,8,0,35.6,22.85,0.088,22.93,0.075,0.0162,0.0122
5865,9,9,0,35.12,21.18,-0.025,21.06,-0.053,0.0162,0.0122
5866,9,10,0,34.5,22.38,0.034,22.1,0.073,0.0162,0.0122
5867,9,11,0,33.78,24.0,0.248,24.16,0.263,0.0162,0.0122
5868,9,12,0,33.0,20.77,-0.149,20.65,-0.117,0.0162,0.0122
5869,9,13,0,32.22,22.74,0.049,22.97,0.138,0.0162,0.0122
5870,9,14,0,31.5,22.4,0.099,22.6,0.094,0.0162,0.0122
5871,9,15,0,30.88,23.04,0.191,23.29,0.144,0.0162,0.0122
5872,9,16,0,30.4,21.41,-0.061,21.58,-0.112,0.0162,0.0122
5873,9,17,0,30.1,23.19,0.177,23.23,0.1,0.0162,0.0122
5874,9,18,0,30.0,20.24,-0.157,20.29,-0.168,0.0162,0.0122
5875,9,19,0,30.1,22.53,0.046,22.21,0.011,0.0162,0.0122
5876,9,20,0,30.4,24.11,0.197,24.22,0.274,0.0162,0.0122
5877,9,21,0,30.88,22.1,0.001,22.26,0.075,0.0162,0.0122
5878,9,22,0,31.5,22.63,0.056,22.67,0.072,0.0162,0.0122
5879,9,23,0,32.22,24.3,0.231,24.55,0.306,0.0162,0.0122
5880,9,0,0,33.0,23.81,0.112,23.68,0.155,0.0162,0.0122
5881,9,1,0,33.78,23.12,0.18,23.3,0.097,0.0162,0.0122
5882,9,2,0,34.5,21.84,-0.083,21.49,-0.07,0.0162,0.0122
5883,9,3,0,35.12,23.05,0.058,23.28,0.104,0.0162,0.0122
5884,9,4,0,35.6,19.83,-0.254,19.89,-0.161,0.0162,0.0122
5885,9,5,0,35.9,23.11,0.079,23.06,0.061,0.0162,0.0122
5886,9,6,0,36.0,20.45,-0.19,20.26,-0.204,0.0162,0.0122
5887,9,7,0,35.9,23.07,0.084,23.22,0.18,0.0162,0.0122
5888,9,8,1,35.6,19.88,-0.223,19.9,-0.227,0.0162,0.0122
5889,9,9,1,35.12,21.45,-0.066,21.45,-0.067,0.0162,0.0122
5890,9,10,1,34.5,20.55,-0.159,20.07,-0.205,0.0162,0.0122
5891,9,11,1,33.78,22.2,-0.006,22.17,0.011,0.0162,0.0122
5892,9,12,1,33.0,21.22,-0.118,21.68,-0.043,0.0162,0.0122
5893,9,13,1,32.22,21.41,-0.057,21.19,-0.084,0.0162,0.0122
5894,9,14,1,31.5,21.81,-0.055,21.73,-0.015,0.0162,0.0122
5895,9,15,1,30.88,25.58,0.378,25.32,0.333,0.0162,0.0122
5896,9,16,1,30.4,23.5,0.161,23.71,0.17,0.0162,0.0122
5897,9,17,1,30.1,21.85,-0.02,21.62,-0.077,0.0162,0.0122
5898,9,18,1,30.0,21.61,-0.034,21.94,0.021,0.0162,0.0122
5899,9,19,0,30.1,24.7,0.281,24.65,0.256,0.0162,0.0122
5900,9,20,0,30.4,21.28,-0.03,21.0,-0.094,0.0162,0.0122
5901,9,21,0,30.88,25.27,0.29,25.56,0.381,0.0162,0.0122
5902,9,22,0,31.5,22.04,-0.02,22.41,0.009,0.0162,0.0122
5903,9,23,0,32.22,21.31,-0.111,21.08,-0.109,0.0162,0.0122
5904,9,0,0,33.0,23.79,0.112,24.32,0.27,0.0162,0.0122
5905,9,1,0,33.78,21.78,-0.104,21.89,0.005,0.0162,0.0122
5906,9,2,0,34.5,19.49,-0.238,19.59,-0.236,0.0162,0.0122
5907,9,3,0,35.12,21.4,-0.041,21.56,-0.05,0.0162,0.0122
5908,9,4,0,35.6,23.51,0.177,23.48,0.144,0.0162,0.0122
5909,9,5,0,35.9,22.83,0.063,23.0,0.063,0.0162,0.0122
5910,9,6,0,36.0,22.91,0.106,23.27,0.137,0.0162,0.0122
5911,9,7,0,35.9,22.44,0.034,22.66,0.052,0.0162,0.0122
5912,9,8,1,35.6,24.16,0.26,24.0,0.233,0.0162,0.0122
5913,9,9,1,35.12,23.35,0.136,22.98,0.091,0.0162,0.0122
5914,9,10,1,34.5,21.76,0.014,21.8,-0.034,0.0162,0.0122
5915,9,11,1,33.78,22.24,0.082,22.17,0.009,0.0162,0.0122
5916,9,12,1,33.0,20.65,-0.117,20.18,-0.205,0.0162,0.0122
5917,9,13,1,32.22,23.5,0.123,23.1,0.07,0.0162,0.0122
5918,9,14,1,31.5,23.15,0.132,23.35,0.102,0.0162,0.0122
5919,9,15,1,30.88,21.38,-0.146,21.45,-0.062,0.0162,0.0122
5920,9,16,1,30.4,24.78,0.203,24.72,0.254,0.0162,0.0122
5921,9,17,1,30.1,21.55,0.039,22.2,0.042,0.0162,0.0122
5922,9,18,1,30.0,21.99,-0.058,22.35,0.067,0.0162,0.0122
5923,9,19,0,30.1,23.89,0.246,23.85,0.171,0.0162,0.0122
5924,9,20,0,30.4,20.6,-0.144,20.9,-0.092,0.0162,0.0122
5925,9,21,0,30.88,25.23,0.316,25.01,0.349,0.0162,0.0122
5926,9,22,0,31.5,23.5,0.103,23.29,0.113,0.0162,0.0122
5927,9,23,0,32.22,21.39,-0.057,21.46,-0.045,0.0162,0.0122
5928,9,0,0,33.0,21.24,-0.179,21.22,-0.074,0.0162,0.0122
5929,9,1,0,33.78,24.26,0.25,23.84,0.165,0.0162,0.0122
5930,9,2,0,34.5,23.7,0.191,23.75,0.177,0.0162,0.0122
5931,9,3,0,35.12,24.49,0.214,24.6,0.263,0.0162,0.0122
5932,9,4,0,35.6,21.95,-0.026,22.0,-0.021,0.0162,0.0122
5933,9,5,0,35.9,22.8,0.133,22.82,0.069,0.0162,0.0122
5934,9,6,0,36.0,19.53,-0.328,19.42,-0.246,0.0162,0.0122
5935,9,7,0,35.9,19.99,-0.219,19.69,-0.184,0.0162,0.0122
5936,9,8,1,35.6,20.89,-0.082,20.89,-0.066,0.0162,0.0122
5937,9,9,1,35.12,23.67,0.21,23.99,0.163,0.0162,0.0122
5938,9,10,1,34.5,23.04,0.056,23.29,0.112,0.0162,0.0122
5939,9,11,1,33.78,21.3,-0.074,21.53,-0.057,0.0162,0.0122
5940,9,12,1,33.0,20.58,-0.171,20.56,-0.137,0.0162,0.0122
5941,9,13,1,32.22,20.79,-0.143,20.84,-0.154,0.0162,0.0122
5942,9,14,1,31.5,20.51,-0.159,20.16,-0.181,0.0162,0.0122
5943,9,15,1,30.88,22.9,0.053,23.0,0.131,0.0162,0.0122
5944,9,16,1,30.4,21.84,-0.025,21.97,0.008,0.0162,0.0122
5945,9,17,1,30.1,22.18,0.017,22.3,0.054,0.0162,0.0122
5946,9,18,1,30.0,21.27,-0.121,20.74,-0.094,0.0162,0.0122
5947,9,19,0,30.1,22.27,-0.026,22.3,0.032,0.0162,0.0122
5948,9,20,0,30.4,20.97,-0.124,20.7,-0.116,0.0162,0.0122
5949,9,21,0,30.88,23.33,0.053,23.5,0.15,0.0162,0.0122
5950,9,22,0,31.5,22.2,0.021,21.75,-0.033,0.0162,0.0122
5951,9,23,0,32.22,23.27,0.099,23.29,0.157,0.0162,0.0122
5952,9,0,0,33.0,19.17,-0.371,19.15,-0.312,0.0162,0.0122
5953,9,1,0,33.78,23.29,0.058,22.9,0.162,0.0162,0.0122
5954,9,2,0,34.5,20.46,-0.163,20.96,-0.12,0.0162,0.0122
5955,9,3,0,35.12,23.35,0.078,23.75,0.16,0.0162,0.0122
5956,9,4,0,35.6,23.77,0.232,23.86,0.201,0.0162,0.0122
5957,9,5,0,35.9,25.21,0.332,25.27,0.336,0.0162,0.0122
5958,9,6,0,36.0,22.29,0.04,22.54,0.078,0.0162,0.0122
5959,9,7,0,35.9,23.92,0.217,24.05,0.174,0.0162,0.0122
5960,9,8,1,35.6,21.67,0.039,21.93,-0.065,0.0162,0.0122
5961,9,9,1,35.12,21.65,-0.079,21.66,-0.059,0.0162,0.0122
5962,9,10,1,34.5,23.21,0.02,23.69,0.164,0.0162,0.0122
5963,9,11,1,33.78,23.19,0.135,23.43,0.196,0.0162,0.0122
5964,9,12,1,33.0,22.54,0.022,22.94,0.095,0.0162,0.0122
5965,9,13,1,32.22,20.68,-0.138,20.95,-0.094,0.0162,0.0122
5966,9,14,1,31.5,22.03,0.023,22.21,-0.009,0.0162,0.0122
5967,9,15,1,30.88,21.09,-0.058,21.09,-0.035,0.0162,0.0122
5968,9,16,1,30.4,22.95,0.015,23.26,0.186,0.0162,0.0122
5969,9,17,1,30.1,23.41,0.133,23.39,0.106,0.0162,0.0122
5970,9,18,1,30.0,21.27,-0.123,21.84,-0.046,0.0162,0.0122
5971,9,19,0,30.1,21.45,-0.055,21.09,-0.059,0.0162,0.0122
5972,9,20,0,30.4,21.58,-0.027,21.17,-0.084,0.0162,0.0122
5973,9,21,0,30.88,24.0,0.187,23.87,0.182,0.0162,0.0122
5974,9,22,0,31.5,22.63,0.036,22.52,-0.004,0.0162,0.0122
5975,9,23,0,32.22,21.65,0.008,21.87,-0.027,0.0162,0.0122
5976,9,0,0,33.0,24.45,0.178,24.44,0.194,0.0162,0.0122
5977,9,1,0,33.78,24.33,0.172,24.22,0.154,0.0162,0.0122
5978,9,2,0,34.5,21.91,-0.044,22.03,-0.029,0.0162,0.0122
5979,9,3,0,35.12,21.68,-0.102,22.05,-0.014,0.0162,0.0122
5980,9,4,0,35.6,24.32,0.241,24.46,0.227,0.0162,0.0122
5981,9,5,0,35.9,22.55,0.012,22.38,0.006,0.0162,0.0122
5982,9,6,0,36.0,23.68,0.183,23.66,0.17,0.0162,0.0122
5983,9,7,0,35.9,23.16,0.092,23.08,0.084,0.0162,0.0122
5984,9,8,1,35.6,20.38,-0.18,20.04,-0.244,0.0162,0.0122
5985,9,9,1,35.12,20.43,-0.146,20.74,-0.14,0.0162,0.0122
5986,9,10,1,34.5,25.91,0.44,25.41,0.338,0.0162,0.0122
5987,9,11,1,33.78,23.68,0.074,23.71,0.174,0.0162,0.0122
5988,9,12,1,33.0,23.0,0.198,22.35,0.044,0.0162,0.0122
5989,9,13,1,32.22,23.51,0.185,23.16,0.149,0.0162,0.0122
5990,9,14,1,31.5,22.88,0.043,22.88,0.081,0.0162,0.0122
5991,9,15,1,30.88,21.73,-0.069,21.9,0.007,0.0162,0.0122
5992,9,16,1,30.4,21.24,-0.045,21.16,-0.105,0.0162,0.0122
5993,9,17,1,30.1,23.48,0.134,23.64,0.199,0.0162,0.0122
5994,9,18,1,30.0,22.62,0.151,22.95,0.087,0.0162,0.0122
5995,9,19,0,30.1,23.47,0.095,23.28,0.122,0.0162,0.0122
5996,9,20,0,30.4,20.46,-0.125,20.17,-0.198,0.0162,0.0122
5997,9,21,0,30.88,23.57,0.249,23.66,0.181,0.0162,0.0122
5998,9,22,0,31.5,24.17,0.233,24.29,0.264,0.0162,0.0122
5999,9,23,0,32.22,23.5,0.161,23.57,0.173,0.0162,0.0122
6000,9,0,0,33.0,21.49,0.021,21.28,-0.016,0.0162,0.0122
6001,9,1,0,33.78,21.11,-0.032,20.91,-0.093,0.0162,0.0122
6002,9,2,0,34.5,23.51,0.139,23.78,0.188,0.0162,0.0122
6003,9,3,0,35.12,22.88,0.104,22.62,0.099,0.0162,0.0122
6004,9,4,0,35.6,22.0,0.01,22.04,-0.004,0.0162,0.0122
6005,9,5,0,35.9,23.52,0.218,23.31,0.15,0.0162,0.0122
6006,9,6,0,36.0,21.09,-0.082,21.6,-0.061,0.0162,0.0122
6007,9,7,0,35.9,24.16,0.127,24.31,0.215,0.0162,0.0122
6008,9,8,0,35.6,22.92,0.096,22.27,0.032,0.0162,0.0122
6009,9,9,0,35.12,20.72,-0.127,20.81,-0.155,0.0162,0.0122
6010,9,10,0,34.5,23.88,0.173,24.13,0.207,0.0162,0.0122
6011,9,11,0,33.78,23.59,0.062,23.53,0.168,0.0162,0.0122
6012,9,12,0,33.0,21.28,0.001,21.16,-0.088,0.0162,0.0122
6013,9,13,0,32.22,22.5,0.076,22.66,0.038,0.0162,0.0122
6014,9,14,0,31.5,22.41,0.055,22.42,0.051,0.0162,0.0122
6015,9,15,0,30.88,26.38,0.487,26.03,0.438,0.0162,0.0122
6016,9,16,0,30.4,23.24,0.207,23.04,0.039,0.0162,0.0122
6017,9,17,0,30.1,21.48,-0.071,21.83,0.031,0.0162,0.0122
6018,9,18,0,30.0,20.23,-0.203,19.9,-0.198,0.0162,0.0122
6019,9,19,0,30.1,22.17,0.088,22.02,0.047,0.0162,0.0122
6020,9,20,0,30.4,21.88,-0.12,21.37,-0.056,0.0162,0.0122
6021,9,21,0,30.88,23.48,0.145,23.5,0.126,0.0162,0.0122
6022,9,22,0,31.5,23.48,0.037,23.99,0.196,0.0162,0.0122
6023,9,23,0,32.22,21.04,-0.152,20.6,-0.129,0.0162,0.0122
6024,9,0,0,33.0,23.11,0.111,23.55,0.102,0.0162,0.0122
6025,9,1,0,33.78,22.14,-0.046,21.73,-0.01,0.0162,0.0122
6026,9,2,0,34.5,22.79,0.061,22.97,0.12,0.0162,0.0122
6027,9,3,0,35.12,21.88,0.005,22.21,0.015,0.0162,0.0122
6028,9,4,0,35.6,22.82,0.162,22.81,0.089,0.0162,0.0122
6029,9,5,0,35.9,22.5,0.092,22.43,0.064,0.0162,0.0122
6030,9,6,0,36.0,22.09,-0.036,21.74,-0.031,0.0162,0.0122
6031,9,7,0,35.9,24.52,0.223,24.45,0.192,0.0162,0.0122
6032,9,8,0,35.6,24.77,0.317,24.94,0.323,0.0162,0.0122
6033,9,9,0,35.12,22.25,0.1,22.28,0.033,0.0162,0.0122
6034,9,10,0,34.5,23.38,0.17,23.64,0.16,0.0162,0.0122
6035,9,11,0,33.78,22.45,0.084,22.68,0.103,0.0162,0.0122
6036,9,12,0,33.0,23.33,0.11,23.51,0.133,0.0162,0.0122
6037,9,13,0,32.22,23.67,0.166,23.5,0.191,0.0162,0.0122
6038,9,14,0,31.5,24.33,0.218,24.42,0.238,0.0162,0.0122
6039,9,15,0,30.88,23.8,0.152,23.79,0.216,0.0162,0.0122
6040,9,16,0,30.4,22.77,0.101,22.6,0.089,0.0162,0.0122
6041,9,17,0,30.1,20.99,-0.113,20.93,-0.094,0.0162,0.0122
6042,9,18,0,30.0,23.45,0.07,23.28,0.159,0.0162,0.0122
6043,9,19,0,30.1,20.82,-0.125,20.9,-0.105,0.0162,0.0122
6044,9,20,0,30.4,24.98,0.216,25.89,0.418,0.0162,0.0122
6045,9,21,0,30.88,22.27,0.074,22.58,0.1,0.0162,0.0122
6046,9,22,0,31.5,22.93,0.139,22.66,0.07,0.0162,0.0122
6047,9,23,0,32.22,22.15,0.065,22.01,0.049,0.0162,0.0122
6048,9,0,0,33.0,20.71,-0.148,20.89,-0.155,0.0162,0.0122
6049,9,1,0,33.78,22.72,-0.007,22.47,0.024,0.0162,0.0122
6050,9,2,0,34.5,20.96,-0.17,20.76,-0.135,0.0162,0.0122
6051,9,3,0,35.12,21.43,-0.027,21.54,-0.038,0.0162,0.0122
6052,9,4,0,35.6,22.15,-0.027,22.07,-0.018,0.0162,0.0122
6053,9,5,0,35.9,23.56,0.152,23.03,0.093,0.0162,0.0122
6054,9,6,0,36.0,23.4,0.14,22.97,0.107,0.0162,0.0122
6055,9,7,0,35.9,19.64,-0.24,19.32,-0.253,0.0162,0.0122
6056,9,8,1,35.6,22.77,0.023,22.94,0.047,0.0162,0.0122
6057,9,9,1,35.12,22.63,0.019,22.26,0.054,0.0162,0.0122
6058,9,10,1,34.5,22.78,0.043,22.61,0.08,0.0162,0.0122
6059,9,11,1,33.78,22.82,-0.016,22.45,0.102,0.0162,0.0122
6060,9,12,1,33.0,20.67,-0.058,20.82,-0.113,0.0162,0.0122
6061,9,13,1,32.22,21.6,-0.112,21.17,-0.072,0.0162,0.0122
6062,9,14,1,31.5,24.68,0.24,24.56,0.277,0.0162,0.0122
6063,9,15,1,30.88,21.47,-0.051,21.55,-0.057,0.0162,0.0122
6064,9,16,1,30.4,22.48,0.078,23.01,0.133,0.0162,0.0122
6065,9,17,1,30.1,21.12,-0.056,21.45,-0.1,0.0162,0.0122
6066,9,18,1,30.0,23.31,0.054,23.16,0.119,0.0162,0.0122
6067,9,19,0,30.1,23.31,0.125,23.35,0.125,0.0162,0.0122
6068,9,20,0,30.4,26.2,0.464,25.85,0.385,0.0162,0.0122
6069,9,21,0,30.88,21.22,-0.148,21.2,-0.097,0.0162,0.0122
6070,9,22,0,31.5,22.43,0.068,21.96,-0.032,0.0162,0.0122
6071,9,23,0,32.22,20.32,-0.059,20.0,-0.26,0.0162,0.0122
6072,9,0,0,33.0,23.15,0.098,22.93,0.111,0.0162,0.0122
6073,9,1,0,33.78,23.33,0.065,23.13,0.131,0.0162,0.0122
6074,9,2,0,34.5,23.33,0.155,23.24,0.111,0.0162,0.0122
6075,9,3,0,35.12,21.26,-0.048,21.26,-0.065,0.0162,0.0122
6076,9,4,0,35.6,23.26,0.205,23.04,0.093,0.0162,0.0122
6077,9,5,0,35.9,22.32,0.022,21.93,0.009,0.0162,0.0122
6078,9,6,0,36.0,23.64,0.19,24.11,0.22,0.0162,0.0122
6079,9,7,0,35.9,21.83,0.032,21.63,-0.008,0.0162,0.0122
6080,9,8,1,35.6,20.88,-0.079,21.1,-0.123,0.0162,0.0122
6081,9,9,1,35.12,23.31,0.01,23.0,0.095,0.0162,0.0122
6082,9,10,1,34.5,22.89,0.232,22.85,0.097,0.0162,0.0122
6083,9,11,1,33.78,22.72,0.05,22.85,0.113,0.0162,0.0122
6084,9,12,1,33.0,23.04,0.073,23.14,0.067,0.0162,0.0122
6085,9,13,1,32.22,21.75,-0.047,21.83,-0.008,0.0162,0.0122
6086,9,14,1,31.5,22.15,-0.034,22.28,0.034,0.0162,0.0122
6087,9,15,1,30.88,21.54,-0.054,21.08,-0.046,0.0162,0.0122
6088,9,16,1,30.4,20.31,-0.129,20.35,-0.096,0.0162,0.0122
6089,9,17,1,30.1,21.76,-0.082,21.57,-0.009,0.0162,0.0122
6090,9,18,1,30.0,21.2,-0.173,21.09,-0.065,0.0162,0.0122
6091,9,19,0,30.1,24.24,0.143,24.49,0.267,0.0162,0.0122
6092,9,20,0,30.4,19.99,-0.191,20.01,-0.19,0.0162,0.0122
6093,9,21,0,30.88,23.3,0.032,23.3,0.146,0.0162,0.0122
6094,9,22,0,31.5,22.65,-0.014,22.38,0.084,0.0162,0.0122
6095,9,23,0,32.22,24.35,0.201,24.56,0.18,0.0162,0.0122
6096,9,0,0,33.0,23.65,0.146,23.76,0.209,0.0162,0.0122
6097,9,1,0,33.78,23.77,0.179,23.82,0.184,0.0162,0.0122
6098,9,2,0,34.5,23.52,0.173,23.26,0.099,0.0162,0.0122
6099,9,3,0,35.12,24.5,0.216,24.66,0.269,0.0162,0.0122
6100,9,4,0,35.6,21.22,0.003,21.67,-0.012,0.0162,0.0122
6101,9,5,0,35.9,24.83,0.322,24.88,0.325,0.0162,0.0122
6102,9,6,0,36.0,22.49,0.096,22.51,0.071,0.0162,0.0122
6103,9,7,0,35.9,21.37,-0.072,20.71,-0.192,0.0162,0.0122
6104,9,8,1,35.6,21.01,-0.127,20.75,-0.1,0.0162,0.0122
6105,9,9,1,35.12,24.06,0.237,24.21,0.241,0.0162,0.0122
6106,9,10,1,34.5,18.75,-0.414,18.76,-0.309,0.0162,0.0122
6107,9,11,1,33.78,19.36,-0.237,19.31,-0.303,0.0162,0.0122
6108,9,12,1,33.0,23.94,0.213,24.09,0.23,0.0162,0.0122
6109,9,13,1,32.22,21.96,-0.003,22.01,0.0,0.0162,0.0122
6110,9,14,1,31.5,21.49,-0.068,21.12,-0.1,0.0162,0.0122
6111,9,15,1,30.88,21.39,-0.119,21.65,-0.04,0.0162,0.0122
6112,9,16,1,30.4,24.25,0.286,24.52,0.235,0.0162,0.0122
6113,9,17,1,30.1,23.68,0.154,23.36,0.13,0.0162,0.0122
6114,9,18,1,30.0,21.64,-0.061,21.53,-0.077,0.0162,0.0122
6115,9,19,0,30.1,23.78,0.189,23.73,0.178,0.0162,0.0122
6116,9,20,0,30.4,22.58,0.043,22.61,0.104,0.0162,0.0122
6117,9,21,0,30.88,23.64,0.142,23.65,0.161,0.0162,0.0122
6118,9,22,0,31.5,23.13,0.044,23.58,0.177,0.0162,0.0122
6119,9,23,0,32.22,24.19,0.21,23.74,0.142,0.0162,0.0122
6120,9,0,0,33.0,23.15,0.108,23.04,0.091,0.0162,0.0122
6121,9,1,0,33.78,23.58,0.17,23.65,0.17,0.0162,0.0122
6122,9,2,0,34.5,23.36,0.221,23.28,0.091,0.0162,0.0122
6123,9,3,0,35.12,19.91,-0.313,19.37,-0.243,0.0162,0.0122
6124,9,4,0,35.6,23.33,0.08,23.69,0.191,0.0162,0.0122
6125,9,5,0,35.9,22.59,0.09,22.64,0.041,0.0162,0.0122
6126,9,6,0,36.0,26.38,0.412,26.78,0.445,0.0162,0.0122
6127,9,7,0,35.9,22.37,0.09,22.42,0.007,0.0162,0.0122
6128,9,8,1,35.6,22.93,0.115,22.47,0.044,0.0162,0.0122
6129,9,9,1,35.12,25.41,0.409,24.94,0.243,0.0162,0.0122
6130,9,10,1,34.5,20.51,-0.137,20.01,-0.235,0.0162,0.0122
6131,9,11,1,33.78,20.48,-0.13,20.54,-0.145,0.0162,0.0122
6132,9,12,1,33.0,22.26,0.033,22.81,0.105,0.0162,0.0122
6133,9,13,1,32.22,22.71,0.099,22.39,0.019,0.0162,0.0122
6134,9,14,1,31.5,22.36,-0.061,22.46,-0.003,0.0162,0.0122
6135,9,15,1,30.88,23.86,0.156,23.67,0.171,0.0162,0.0122
6136,9,16,1,30.4,21.92,-0.01,22.05,0.011,0.0162,0.0122
6137,9,17,1,30.1,21.45,-0.0,21.51,-0.067,0.0162,0.0122
6138,9,18,1,30.0,23.87,0.224,23.86,0.19,0.0162,0.0122
6139,9,19,0,30.1,22.45,0.106,22.55,0.063,0.0162,0.0122
6140,9,20,0,30.4,23.22,0.2,23.11,0.13,0.0162,0.0122
6141,9,21,0,30.88,22.62,0.111,22.58,0.04,0.0162,0.0122
6142,9,22,0,31.5,19.83,-0.158,19.85,-0.168,0.0162,0.0122
6143,9,23,0,32.22,22.34,0.06,22.35,0.027,0.0162,0.0122
6144,9,0,0,33.0,23.27,0.178,23.25,0.147,0.0162,0.0122
6145,9,1,0,33.78,23.72,0.268,23.65,0.18,0.0162,0.0122
6146,9,2,0,34.5,22.87,0.082,22.64,0.068,0.0162,0.0122
6147,9,3,0,35.12,21.32,-0.076,21.23,-0.075,0.0162,0.0122
6148,9,4,0,35.6,19.86,-0.233,19.82,-0.219,0.0162,0.0122
6149,9,5,0,35.9,24.05,0.239,24.67,0.23,0.0162,0.0122
6150,9,6,0,36.0,21.98,0.022,22.16,0.046,0.0162,0.0122
6151,9,7,0,35.9,22.35,0.123,22.24,0.026,0.0162,0.0122
6152,9,8,1,35.6,20.97,-0.177,21.42,-0.163,0.0162,0.0122
6153,9,9,1,35.12,23.65,0.186,23.93,0.154,0.0162,0.0122
6154,9,10,1,34.5,22.41,0.014,22.33,0.075,0.0162,0.0122
6155,9,11,1,33.78,20.93,-0.047,21.02,-0.086,0.0162,0.0122
6156,9,12,1,33.0,24.36,0.258,24.53,0.264,0.0162,0.0122
6157,9,13,1,32.22,23.42,0.077,23.3,0.159,0.0162,0.0122
6158,9,14,1,31.5,24.24,0.197,24.32,0.185,0.0162,0.0122
6159,9,15,1,30.88,22.63,-0.012,22.22,0.022,0.0162,0.0122
6160,9,16,1,30.4,21.35,-0.073,21.46,-0.072,0.0162,0.0122
6161,9,17,1,30.1,19.94,-0.247,19.69,-0.268,0.0162,0.0122
6162,9,18,1,30.0,22.01,-0.008,21.66,-0.027,0.0162,0.0122
6163,9,19,0,30.1,21.26,-0.142,21.39,-0.095,0.0162,0.0122
6164,9,20,0,30.4,22.33,0.076,22.54,0.102,0.0162,0.0122
6165,9,21,0,30.88,21.94,-0.058,21.9,-0.048,0.0162,0.0122
6166,9,22,0,31.5,22.84,0.146,22.61,0.017,0.0162,0.0122
6167,9,23,0,32.22,23.23,0.082,22.93,0.109,0.0162,0.0122
6168,9,0,0,33.0,21.49,-0.092,21.33,-0.013,0.0162,0.0122
6169,9,1,0,33.78,21.57,-0.053,21.59,-0.034,0.0162,0.0122
6170,9,2,0,34.5,21.58,-0.023,21.52,-0.074,0.0162,0.0122
6171,9,3,0,35.12,24.13,0.244,24.49,0.251,0.0162,0.0122
6172,9,4,0,35.6,18.01,-0.418,18.14,-0.393,0.0162,0.0122
6173,9,5,0,35.9,19.65,-0.307,19.8,-0.216,0.0162,0.0122
6174,9,6,0,36.0,23.86,0.247,23.72,0.149,0.0162,0.0122
6175,9,7,0,35.9,23.4,0.192,23.01,0.127,0.0162,0.0122
6176,9,8,0,35.6,23.2,0.05,23.08,0.097,0.0162,0.0122
6177,9,9,0,35.12,24.17,0.139,24.2,0.187,0.0162,0.0122
6178,9,10,0,34.5,24.38,0.176,24.53,0.2,0.0162,0.0122
6179,9,11,0,33.78,21.56,-0.052,21.01,-0.026,0.0162,0.0122
6180,9,12,0,33.0,20.1,-0.124,20.05,-0.173,0.0162,0.0122
6181,9,13,0,32.22,22.28,-0.03,22.23,0.015,0.0162,0.0122
6182,9,14,0,31.5,22.87,0.056,23.2,0.114,0.0162,0.0122
6183,9,15,0,30.88,21.08,-0.053,21.14,-0.067,0.0162,0.0122
6184,9,16,0,30.4,20.74,-0.159,20.79,-0.091,0.0162,0.0122
6185,9,17,0,30.1,22.26,0.015,21.8,-0.006,0.0162,0.0122
6186,9,18,0,30.0,22.87,0.057,22.71,0.042,0.0162,0.0122
6187,9,19,0,30.1,21.91,0.039,21.65,-0.062,0.0162,0.0122
6188,9,20,0,30.4,22.68,0.116,22.7,0.103,0.0162,0.0122
6189,9,21,0,30.88,23.54,0.102,23.65,0.133,0.0162,0.0122
6190,9,22,0,31.5,21.23,-0.073,21.46,-0.028,0.0162,0.0122
6191,9,23,0,32.22,24.0,0.202,23.79,0.178,0.0162,0.0122
6192,9,0,0,33.0,22.01,0.06,21.85,-0.014,0.0162,0.0122
6193,9,1,0,33.78,22.52,0.086,22.28,-0.002,0.0162,0.0122
6194,9,2,0,34.5,23.18,0.098,23.33,0.142,0.0162,0.0122
6195,9,3,0,35.12,22.78,0.078,22.77,0.079,0.0162,0.0122
6196,9,4,0,35.6,22.69,0.014,22.71,0.067,0.0162,0.0122
6197,9,5,0,35.9,22.9,0.137,22.93,0.111,0.0162,0.0122
6198,9,6,0,36.0,21.19,-0.096,21.14,-0.086,0.0162,0.0122
6199,9,7,0,35.9,22.5,0.058,22.68,0.105,0.0162,0.0122
6200,9,8,0,35.6,22.86,0.063,22.61,0.079,0.0162,0.0122
6201,9,9,0,35.12,20.08,-0.192,19.67,-0.204,0.0162,0.0122
6202,9,10,0,34.5,24.46,0.299,24.4,0.242,0.0162,0.0122
6203,9,11,0,33.78,20.2,-0.211,20.2,-0.152,0.0162,0.0122
6204,9,12,0,33.0,22.46,-0.029,22.08,0.007,0.0162,0.0122
6205,9,13,0,32.22,18.87,-0.301,18.71,-0.36,0.0162,0.0122
6206,9,14,0,31.5,23.99,0.148,24.35,0.226,0.0162,0.0122
6207,9,15,0,30.88,23.99,0.129,23.99,0.195,0.0162,0.0122
6208,9,16,0,30.4,21.22,-0.048,21.55,-0.054,0.0162,0.0122
6209,9,17,0,30.1,22.71,0.034,22.32,0.079,0.0162,0.0122
6210,9,18,0,30.0,22.58,0.07,22.86,0.125,0.0162,0.0122
6211,9,19,0,30.1,19.5,-0.168,19.45,-0.227,0.0162,0.0122
6212,9,20,0,30.4,24.49,0.222,24.49,0.218,0.0162,0.0122
6213,9,21,0,30.88,20.85,-0.089,21.1,-0.092,0.0162,0.0122
6214,9,22,0,31.5,23.26,0.174,23.31,0.159,0.0162,0.0122
6215,9,23,0,32.22,20.9,-0.193,20.98,-0.098,0.0162,0.0122
6216,9,0,0,33.0,23.41,0.12,23.01,0.102,0.0162,0.0122
6217,9,1,0,33.78,22.85,0.026,22.77,0.075,0.0162,0.0122
6218,9,2,0,34.5,20.02,-0.22,19.95,-0.209,0.0162,0.0122
6219,9,3,0,35.12,21.66,-0.052,21.21,-0.051,0.0162,0.0122
6220,9,4,0,35.6,24.39,0.324,25.12,0.276,0.0162,0.0122
6221,9,5,0,35.9,21.89,-0.016,21.88,-0.01,0.0162,0.0122
6222,9,6,0,36.0,26.11,0.375,25.79,0.428,0.0162,0.0122
6223,9,7,0,35.9,21.58,0.009,21.69,-0.016,0.0162,0.0122
6224,9,8,1,35.6,22.79,0.034,23.07,0.092,0.0162,0.0122
6225,9,9,1,35.12,23.3,0.201,22.68,0.077,0.0162,0.0122
6226,9,10,1,34.5,22.73,0.009,22.24,0.012,0.0162,0.0122
6227,9,11,1,33.78,23.71,0.211,23.09,0.098,0.0162,0.0122
6228,9,12,1,33.0,22.16,0.03,22.24,0.003,0.0162,0.0122
6229,9,13,1,32.22,23.44,0.121,22.74,0.079,0.0162,0.0122
6230,9,14,1,31.5,21.98,0.036,21.43,-0.094,0.0162,0.0122
6231,9,15,1,30.88,22.4,0.041,22.44,0.08,0.0162,0.0122
6232,9,16,1,30.4,22.42,0.039,22.55,0.073,0.0162,0.0122
6233,9,17,1,30.1,24.59,0.298,24.63,0.307,0.0162,0.0122
6234,9,18,1,30.0,24.54,0.305,24.42,0.249,0.0162,0.0122
6235,9,19,0,30.1,24.18,0.231,24.35,0.248,0.0162,0.0122
6236,9,20,0,30.4,22.88,0.08,22.97,0.09,0.0162,0.0122
6237,9,21,0,30.88,25.14,0.286,25.29,0.32,0.0162,0.0122
6238,9,22,0,31.5,24.08,0.134,23.86,0.144,0.0162,0.0122
6239,9,23,0,32.22,19.91,-0.268,19.52,-0.207,0.0162,0.0122
6240,9,0,0,33.0,22.43,-0.029,22.32,0.028,0.0162,0.0122
6241,9,1,0,33.78,19.89,-0.107,19.78,-0.202,0.0162,0.0122
6242,9,2,0,34.5,22.19,-0.008,22.39,0.015,0.0162,0.0122
6243,9,3,0,35.12,25.06,0.288,24.71,0.281,0.0162,0.0122
6244,9,4,0,35.6,21.1,-0.106,21.29,-0.051,0.0162,0.0122
6245,9,5,0,35.9,23.38,0.223,23.31,0.111,0.0162,0.0122
6246,9,6,0,36.0,24.52,0.341,24.88,0.293,0.0162,0.0122
6247,9,7,0,35.9,21.32,-0.085,21.94,-0.03,0.0162,0.0122
6248,9,8,1,35.6,22.22,0.048,21.92,-0.026,0.0162,0.0122
6249,9,9,1,35.12,22.07,0.038,22.36,0.036,0.0162,0.0122
6250,9,10,1,34.5,22.76,0.054,22.76,0.076,0.0162,0.0122
6251,9,11,1,33.78,23.24,0.145,23.2,0.095,0.0162,0.0122
6252,9,12,1,33.0,21.59,-0.069,21.37,-0.024,0.0162,0.0122
6253,9,13,1,32.22,23.59,0.181,23.27,0.115,0.0162,0.0122
6254,9,14,1,31.5,21.48,-0.004,21.03,-0.138,0.0162,0.0122
6255,9,15,1,30.88,22.42,0.081,22.14,0.004,0.0162,0.0122
6256,9,16,1,30.4,22.3,0.045,22.27,0.027,0.0162,0.0122
6257,9,17,1,30.1,22.44,-0.035,22.28,-0.006,0.0162,0.0122
6258,9,18,1,30.0,23.58,0.125,23.49,0.106,0.0162,0.0122
6259,9,19,0,30.1,19.92,-0.164,19.71,-0.246,0.0162,0.0122
6260,9,20,0,30.4,23.1,0.142,22.92,0.081,0.0162,0.0122
6261,9,21,0,30.88,20.65,-0.043,20.57,-0.089,0.0162,0.0122
6262,9,22,0,31.5,23.23,0.138,23.19,0.128,0.0162,0.0122
6263,9,23,0,32.22,22.44,0.054,22.57,0.048,0.0162,0.0122
6264,9,0,0,33.0,20.71,-0.089,20.57,-0.144,0.0162,0.0122
6265,9,1,0,33.78,22.95,0.042,22.87,0.079,0.0162,0.0122
6266,9,2,0,34.5,20.97,-0.043,20.64,-0.149,0.0162,0.0122
6267,9,3,0,35.12,21.39,-0.02,21.87,-0.024,0.0162,0.0122
6268,9,4,0,35.6,23.14,0.08,23.07,0.121,0.0162,0.0122
6269,9,5,0,35.9,22.01,0.052,22.04,0.031,0.0162,0.0122
6270,9,6,0,36.0,21.67,-0.089,21.82,-0.004,0.0162,0.0122
6271,9,7,0,35.9,22.72,0.057,22.84,0.146,0.0162,0.0122
6272,9,8,1,35.6,21.15,-0.137,21.44,-0.041,0.0162,0.0122
6273,9,9,1,35.12,23.36,0.112,23.38,0.142,0.0162,0.0122
6274,9,10,1,34.5,22.9,0.046,23.44,0.127,0.0162,0.0122
6275,9,11,1,33.78,22.93,0.088,22.85,0.117,0.0162,0.0122
6276,9,12,1,33.0,18.27,-0.46,18.09,-0.427,0.0162,0.0122
6277,9,13,1,32.22,26.11,0.458,26.29,0.426,0.0162,0.0122
6278,9,14,1,31.5,23.64,0.216,23.11,0.086,0.0162,0.0122
6279,9,15,1,30.88,21.7,-0.014,21.85,-0.012,0.0162,0.0122
6280,9,16,1,30.4,20.46,-0.106,20.49,-0.167,0.0162,0.0122
6281,9,17,1,30.1,24.47,0.248,24.21,0.267,0.0162,0.0122
6282,9,18,1,30.0,21.48,0.047,21.79,-0.015,0.0162,0.0122
6283,9,19,0,30.1,21.71,0.036,21.48,-0.014,0.0162,0.0122
6284,9,20,0,30.4,24.67,0.319,24.66,0.265,0.0162,0.0122
6285,9,21,0,30.88,21.18,-0.001,21.51,-0.079,0.0162,0.0122
6286,9,22,0,31.5,20.94,-0.058,20.95,-0.139,0.0162,0.0122
6287,9,23,0,32.22,22.84,0.119,22.66,0.042,0.0162,0.0122
6288,9,0,0,33.0,23.66,0.119,23.61,0.163,0.0162,0.0122
6289,9,1,0,33.78,19.59,-0.224,19.43,-0.311,0.0162,0.0122
6290,9,2,0,34.5,18.64,-0.269,17.94,-0.408,0.0162,0.0122
6291,9,3,0,35.12,21.7,-0.05,21.98,0.007,0.0162,0.0122
6292,9,4,0,35.6,22.54,0.069,22.4,0.063,0.0162,0.0122
6293,9,5,0,35.9,22.22,0.005,22.08,-0.06,0.0162,0.0122
6294,9,6,0,36.0,22.92,0.124,22.56,0.053,0.0162,0.0122
6295,9,7,0,35.9,22.66,0.019,22.87,0.098,0.0162,0.0122
6296,9,8,1,35.6,22.9,0.044,22.85,0.102,0.0162,0.0122
6297,9,9,1,35.12,23.56,0.102,23.59,0.143,0.0162,0.0122
6298,9,10,1,34.5,22.41,-0.038,22.62,0.045,0.0162,0.0122
6299,9,11,1,33.78,21.9,-0.075,21.87,-0.019,0.0162,0.0122
6300,9,12,1,33.0,22.03,-0.002,21.72,-0.044,0.0162,0.0122
6301,9,13,1,32.22,23.24,0.129,22.98,0.074,0.0162,0.0122
6302,9,14,1,31.5,21.6,-0.028,21.69,-0.044,0.0162,0.0122
6303,9,15,1,30.88,22.1,0.08,21.66,-0.013,0.0162,0.0122
6304,9,16,1,30.4,23.48,0.118,23.0,0.09,0.0162,0.0122
6305,9,17,1,30.1,19.6,-0.167,19.87,-0.151,0.0162,0.0122
6306,9,18,1,30.0,20.93,-0.041,20.97,-0.111,0.0162,0.0122
6307,9,19,0,30.1,21.65,0.022,21.09,-0.092,0.0162,0.0122
6308,9,20,0,30.4,21.41,-0.052,21.49,-0.046,0.0162,0.0122
6309,9,21,0,30.88,22.17,0.011,22.66,0.115,0.0162,0.0122
6310,9,22,0,31.5,23.35,0.129,23.45,0.174,0.0162,0.0122
6311,9,23,0,32.22,22.67,0.019,22.39,0.052,0.0162,0.0122
6312,9,0,0,33.0,21.14,-0.033,21.12,-0.079,0.0162,0.0122
6313,9,1,0,33.78,21.42,-0.031,21.84,0.015,0.0162,0.0122
6314,9,2,0,34.5,19.1,-0.248,19.2,-0.229,0.0162,0.0122
6315,9,3,0,35.12,20.3,-0.087,20.67,-0.194,0.0162,0.0122
6316,9,4,0,35.6,23.22,0.105,23.4,0.126,0.0162,0.0122
6317,9,5,0,35.9,23.5,0.139,23.32,0.156,0.0162,0.0122
6318,9,6,0,36.0,25.13,0.32,25.29,0.314,0.0162,0.0122
6319,9,7,0,35.9,20.98,-0.109,21.32,-0.034,0.0162,0.0122
6320,9,8,1,35.6,22.01,0.022,21.81,-0.021,0.0162,0.0122
6321,9,9,1,35.12,20.69,-0.162,21.24,-0.048,0.0162,0.0122
6322,9,10,1,34.5,23.76,0.126,23.38,0.129,0.0162,0.0122
6323,9,11,1,33.78,21.2,-0.09,21.72,-0.001,0.0162,0.0122
6324,9,12,1,33.0,23.27,0.129,23.35,0.172,0.0162,0.0122
6325,9,13,1,32.22,21.26,-0.138,21.78,0.001,0.0162,0.0122
6326,9,14,1,31.5,20.39,-0.156,20.3,-0.185,0.0162,0.0122
6327,9,15,1,30.88,22.23,-0.027,21.81,-0.004,0.0162,0.0122
6328,9,16,1,30.4,22.54,0.121,22.34,-0.003,0.0162,0.0122
6329,9,17,1,30.1,21.96,0.027,21.81,-0.018,0.0162,0.0122
6330,9,18,1,30.0,22.34,0.077,21.78,-0.028,0.0162,0.0122
6331,9,19,0,30.1,22.67,0.022,22.45,0.09,0.0162,0.0122
6332,9,20,0,30.4,19.84,-0.142,19.52,-0.228,0.0162,0.0122
6333,9,21,0,30.88,22.01,0.024,22.39,0.046,0.0162,0.0122
6334,9,22,0,31.5,22.84,0.109,22.98,0.164,0.0162,0.0122
6335,9,23,0,32.22,22.21,-0.041,22.16,0.014,0.0162,0.0122
6336,9,0,0,33.0,25.29,0.302,25.59,0.36,0.0162,0.0122
6337,9,1,0,33.78,20.56,-0.137,20.26,-0.188,0.0162,0.0122
6338,9,2,0,34.5,20.93,-0.111,21.08,-0.139,0.0162,0.0122
6339,9,3,0,35.12,19.39,-0.341,19.22,-0.334,0.0162,0.0122
6340,9,4,0,35.6,24.19,0.206,24.16,0.211,0.0162,0.0122
6341,9,5,0,35.9,20.79,-0.127,20.92,-0.131,0.0162,0.0122
6342,9,6,0,36.0,21.59,-0.061,21.22,-0.085,0.0162,0.0122
6343,9,7,0,35.9,21.85,-0.019,21.87,-0.006,0.0162,0.0122
6344,9,8,0,35.6,23.91,0.239,24.09,0.184,0.0162,0.0122
6345,9,9,0,35.12,21.74,0.007,21.93,-0.027,0.0162,0.0122
6346,9,10,0,34.5,23.42,0.166,23.13,0.113,0.0162,0.0122
6347,9,11,0,33.78,20.42,-0.049,20.29,-0.165,0.0162,0.0122
6348,9,12,0,33.0,25.95,0.433,25.52,0.276,0.0162,0.0122
6349,9,13,0,32.22,22.5,0.092,22.69,0.045,0.0162,0.0122
6350,9,14,0,31.5,24.06,0.198,23.9,0.177,0.0162,0.0122
6351,9,15,0,30.88,20.8,-0.118,21.27,-0.041,0.0162,0.0122
6352,9,16,0,30.4,24.07,0.268,23.78,0.193,0.0162,0.0122
6353,9,17,0,30.1,20.94,-0.157,21.07,-0.044,0.0162,0.0122
6354,9,18,0,30.0,23.72,0.235,23.7,0.122,0.0162,0.0122
6355,9,19,0,30.1,21.38,0.049,21.3,-0.102,0.0162,0.0122
6356,9,20,0,30.4,19.94,-0.161,19.51,-0.267,0.0162,0.0122
6357,9,21,0,30.88,22.26,0.018,22.49,0.055,0.0162,0.0122
6358,9,22,0,31.5,23.3,0.122,23.17,0.125,0.0162,0.0122
6359,9,23,0,32.22,23.8,0.029,23.56,0.177,0.0162,0.0122
6360,9,0,0,33.0,23.89,0.203,23.95,0.178,0.0162,0.0122
6361,9,1,0,33.78,23.25,0.128,23.51,0.225,0.0162,0.0122
6362,9,2,0,34.5,20.15,-0.243,20.2,-0.153,0.0162,0.0122
6363,9,3,0,35.12,20.13,-0.219,19.73,-0.219,0.0162,0.0122
6364,9,4,0,35.6,21.61,-0.048,21.43,-0.064,0.0162,0.0122
6365,9,5,0,35.9,24.73,0.257,24.94,0.357,0.0162,0.0122
6366,9,6,0,36.0,23.24,0.137,22.95,0.111,0.0162,0.0122
6367,9,7,0,35.9,21.47,-0.049,21.15,-0.096,0.0162,0.0122
6368,9,8,0,35.6,24.72,0.24,24.94,0.307,0.0162,0.0122
6369,9,9,0,35.12,24.4,0.189,23.98,0.198,0.0162,0.0122
6370,9,10,0,34.5,22.55,0.04,22.54,0.044,0.0162,0.0122
6371,9,11,0,33.78,23.08,0.084,23.42,0.215,0.0162,0.0122
6372,9,12,0,33.0,25.44,0.375,25.84,0.444,0.0162,0.0122
6373,9,13,0,32.22,22.06,-0.02,21.82,-0.049,0.0162,0.0122
6374,9,14,0,31.5,22.68,0.078,22.77,0.077,0.0162,0.0122
6375,9,15,0,30.88,22.7,0.101,23.22,0.15,0.0162,0.0122
6376,9,16,0,30.4,22.79,-0.012,22.3,0.093,0.0162,0.0122
6377,9,17,0,30.1,21.7,-0.017,21.52,-0.032,0.0162,0.0122
6378,9,18,0,30.0,23.52,0.227,24.05,0.18,0.0162,0.0122
6379,9,19,0,30.1,23.95,0.188,23.84,0.151,0.0162,0.0122
6380,9,20,0,30.4,19.96,-0.252,19.95,-0.177,0.0162,0.0122
6381,9,21,0,30.88,22.08,0.076,22.17,-0.027,0.0162,0.0122
6382,9,22,0,31.5,21.41,-0.043,21.47,-0.02,0.0162,0.0122
6383,9,23,0,32.22,23.8,0.195,23.83,0.193,0.0162,0.0122
6384,9,0,0,33.0,20.3,-0.158,20.25,-0.161,0.0162,0.0122
6385,9,1,0,33.78,21.11,-0.1,20.73,-0.068,0.0162,0.0122
6386,9,2,0,34.5,21.27,0.006,21.62,-0.036,0.0162,0.0122
6387,9,3,0,35.12,21.48,-0.042,21.63,-0.062,0.0162,0.0122
6388,9,4,0,35.6,21.51,-0.002,21.65,-0.045,0.0162,0.0122
6389,9,5,0,35.9,22.4,0.031,22.6,0.051,0.0162,0.0122
6390,9,6,0,36.0,21.37,0.07,21.14,-0.092,0.0162,0.0122
6391,9,7,0,35.9,24.55,0.246,25.05,0.316,0.0162,0.0122
6392,9,8,1,35.6,22.65,-0.012,22.17,0.018,0.0162,0.0122
6393,9,9,1,35.12,21.86,-0.026,22.43,0.102,0.0162,0.0122
6394,9,10,1,34.5,21.79,0.004,22.36,0.053,0.0162,0.0122
6395,9,11,1,33.78,21.73,0.058,21.91,-0.014,0.0162,0.0122
6396,9,12,1,33.0,21.99,0.08,21.92,0.017,0.0162,0.0122
6397,9,13,1,32.22,24.67,0.269,24.77,0.289,0.0162,0.0122
6398,9,14,1,31.5,24.11,0.279,24.03,0.214,0.0162,0.0122
6399,9,15,1,30.88,18.89,-0.375,19.16,-0.259,0.0162,0.0122
6400,9,16,1,30.4,23.85,0.212,23.95,0.228,0.0162,0.0122
6401,9,17,1,30.1,21.76,0.034,21.99,0.052,0.0162,0.0122
6402,9,18,1,30.0,20.84,-0.164,20.96,-0.134,0.0162,0.0122
6403,9,19,0,30.1,23.04,0.161,23.06,0.096,0.0162,0.0122
6404,9,20,0,30.4,22.3,-0.013,22.36,0.015,0.0162,0.0122
6405,9,21,0,30.88,24.17,0.277,24.01,0.219,0.0162,0.0122
6406,9,22,0,31.5,20.18,-0.156,20.34,-0.154,0.0162,0.0122
6407,9,23,0,32.22,22.29,0.096,22.01,-0.003,0.0162,0.0122
6408,9,0,0,33.0,21.17,-0.12,21.31,-0.097,0.0162,0.0122
6409,9,1,0,33.78,21.94,-0.052,21.74,-0.002,0.0162,0.0122
6410,9,2,0,34.5,22.33,-0.01,22.7,0.019,0.0162,0.0122
6411,9,3,0,35.12,22.72,0.099,23.28,0.224,0.0162,0.0122
6412,9,4,0,35.6,23.0,-0.008,23.07,0.12,0.0162,0.0122
6413,9,5,0,35.9,22.75,0.068,22.63,0.061,0.0162,0.0122
6414,9,6,0,36.0,22.23,0.004,22.86,0.091,0.0162,0.0122
6415,9,7,0,35.9,21.89,-0.002,22.13,0.005,0.0162,0.0122
6416,9,8,1,35.6,19.61,-0.254,19.68,-0.233,0.0162,0.0122
6417,9,9,1,35.12,20.73,-0.085,21.16,-0.041,0.0162,0.0122
6418,9,10,1,34.5,24.22,0.165,24.4,0.295,0.0162,0.0122
6419,9,11,1,33.78,21.11,-0.054,21.03,-0.075,0.0162,0.0122
6420,9,12,1,33.0,23.36,0.105,23.24,0.2,0.0162,0.0122
6421,9,13,1,32.22,22.44,0.008,22.39,0.047,0.0162,0.0122
6422,9,14,1,31.5,22.8,0.099,22.79,0.132,0.0162,0.0122
6423,9,15,1,30.88,21.61,-0.072,21.62,-0.029,0.0162,0.0122
6424,9,16,1,30.4,21.65,-0.108,21.49,-0.048,0.0162,0.0122
6425,9,17,1,30.1,23.14,0.138,23.7,0.157,0.0162,0.0122
6426,9,18,1,30.0,20.46,-0.219,20.09,-0.134,0.0162,0.0122
6427,9,19,0,30.1,22.93,0.045,22.76,0.05,0.0162,0.0122
6428,9,20,0,30.4,21.59,-0.043,21.98,-0.045,0.0162,0.0122
6429,9,21,0,30.88,25.97,0.367,25.62,0.402,0.0162,0.0122
6430,9,22,0,31.5,23.12,0.051,22.98,0.069,0.0162,0.0122
6431,9,23,0,32.22,21.14,-0.076,21.14,-0.09,0.0162,0.0122
6432,9,0,0,33.0,22.44,0.059,22.13,0.051,0.0162,0.0122
6433,9,1,0,33.78,22.26,0.03,22.2,0.054,0.0162,0.0122
6434,9,2,0,34.5,21.16,-0.063,21.59,-0.04,0.0162,0.0122
6435,9,3,0,35.12,24.32,0.258,23.97,0.209,0.0162,0.0122
6436,9,4,0,35.6,21.1,-0.076,21.24,-0.082,0.0162,0.0122
6437,9,5,0,35.9,23.79,0.193,23.62,0.158,0.0162,0.0122
6438,9,6,0,36.0,21.58,-0.053,21.73,-0.071,0.0162,0.0122
6439,9,7,0,35.9,19.8,-0.281,20.04,-0.188,0.0162,0.0122
6440,9,8,1,35.6,22.58,0.156,22.47,0.053,0.0162,0.0122
6441,9,9,1,35.12,23.63,0.152,23.72,0.171,0.0162,0.0122
6442,9,10,1,34.5,24.69,0.366,25.01,0.308,0.0162,0.0122
6443,9,11,1,33.78,21.18,-0.141,21.05,-0.072,0.0162,0.0122
6444,9,12,1,33.0,21.62,0.085,20.7,-0.147,0.0162,0.0122
6445,9,13,1,32.22,21.64,-0.097,22.14,0.048,0.0162,0.0122
6446,9,14,1,31.5,21.62,0.047,21.22,-0.05,0.0162,0.0122
6447,9,15,1,30.88,23.88,0.218,23.99,0.162,0.0162,0.0122
6448,9,16,1,30.4,22.67,-0.003,22.39,0.051,0.0162,0.0122
6449,9,17,1,30.1,24.24,0.213,24.12,0.178,0.0162,0.0122
6450,9,18,1,30.0,22.51,0.091,22.74,0.09,0.0162,0.0122
6451,9,19,0,30.1,21.57,-0.003,21.38,-0.038,0.0162,0.0122
6452,9,20,0,30.4,22.24,0.083,22.11,0.001,0.0162,0.0122
6453,9,21,0,30.88,23.62,0.11,23.58,0.206,0.0162,0.0122
6454,9,22,0,31.5,22.68,-0.002,22.47,0.008,0.0162,0.0122
6455,9,23,0,32.22,21.94,-0.035,22.52,0.095,0.0162,0.0122
6456,9,0,0,33.0,22.3,0.007,21.95,-0.043,0.0162,0.0122
6457,9,1,0,33.78,21.22,-0.174,20.95,-0.06,0.0162,0.0122
6458,9,2,0,34.5,22.82,0.093,22.61,0.036,0.0162,0.0122
6459,9,3,0,35.12,18.49,-0.341,19.38,-0.28,0.0162,0.0122
6460,9,4,0,35.6,19.6,-0.157,19.15,-0.24,0.0162,0.0122
6461,9,5,0,35.9,23.63,0.238,23.3,0.143,0.0162,0.0122
6462,9,6,0,36.0,23.48,0.073,23.62,0.126,0.0162,0.0122
6463,9,7,0,35.9,21.73,-0.096,21.93,-0.012,0.0162,0.0122
6464,9,8,1,35.6,22.24,0.057,22.47,0.017,0.0162,0.0122
6465,9,9,1,35.12,24.67,0.322,24.32,0.216,0.0162,0.0122
6466,9,10,1,34.5,22.75,0.084,22.81,0.102,0.0162,0.0122
6467,9,11,1,33.78,23.09,0.132,23.32,0.094,0.0162,0.0122
6468,9,12,1,33.0,22.9,0.035,22.74,0.065,0.0162,0.0122
6469,9,13,1,32.22,22.77,0.13,22.85,0.124,0.0162,0.0122
6470,9,14,1,31.5,23.0,0.105,23.16,0.139,0.0162,0.0122
6471,9,15,1,30.88,23.23,0.231,23.21,0.105,0.0162,0.0122
6472,9,16,1,30.4,24.68,0.309,24.28,0.271,0.0162,0.0122
6473,9,17,1,30.1,19.64,-0.2,19.68,-0.224,0.0162,0.0122
6474,9,18,1,30.0,23.07,0.052,23.11,0.182,0.0162,0.0122
6475,9,19,0,30.1,21.74,-0.058,21.87,-0.081,0.0162,0.0122
6476,9,20,0,30.4,21.11,-0.034,20.68,-0.15,0.0162,0.0122
6477,9,21,0,30.88,21.73,-0.022,21.41,-0.081,0.0162,0.0122
6478,9,22,0,31.5,23.99,0.17,24.08,0.233,0.0162,0.0122
6479,9,23,0,32.22,22.51,-0.022,22.52,0.05,0.0162,0.0122
6480,9,0,0,33.0,22.98,0.061,23.38,0.207,0.0162,0.0122
6481,9,1,0,33.78,23.34,0.091,22.88,0.131,0.0162,0.0122
6482,9,2,0,34.5,24.36,0.244,24.37,0.202,0.0162,0.0122
6483,9,3,0,35.12,24.48,0.29,24.19,0.259,0.0162,0.0122
6484,9,4,0,35.6,22.57,0.15,22.86,0.094,0.0162,0.0122
6485,9,5,0,35.9,22.24,-0.013,22.22,-0.001,0.0162,0.0122
6486,9,6,0,36.0,23.16,0.133,23.11,0.067,0.0162,0.0122
6487,9,7,0,35.9,22.36,-0.02,22.67,0.068,0.0162,0.0122
6488,9,8,1,35.6,19.72,-0.188,19.33,-0.277,0.0162,0.0122
6489,9,9,1,35.12,25.23,0.35,25.36,0.304,0.0162,0.0122
6490,9,10,1,34.5,21.92,-0.061,21.7,-0.01,0.0162,0.0122
6491,9,11,1,33.78,23.8,0.138,23.92,0.202,0.0162,0.0122
6492,9,12,1,33.0,19.63,-0.302,20.03,-0.231,0.0162,0.0122
6493,9,13,1,32.22,22.67,0.064,22.73,0.04,0.0162,0.0122
6494,9,14,1,31.5,24.2,0.146,23.69,0.166,0.0162,0.0122
6495,9,15,1,30.88,20.6,-0.199,20.97,-0.056,0.0162,0.0122
6496,9,16,1,30.4,24.05,0.3,24.42,0.245,0.0162,0.0122
6497,9,17,1,30.1,20.98,-0.13,20.95,-0.126,0.0162,0.0122
6498,9,18,1,30.0,22.73,0.035,22.63,0.056,0.0162,0.0122
6499,9,19,0,30.1,23.32,0.052,23.61,0.152,0.0162,0.0122
6500,9,20,0,30.4,22.29,0.023,21.93,-0.002,0.0162,0.0122
6501,9,21,0,30.88,23.28,0.084,23.3,0.191,0.0162,0.0122
6502,9,22,0,31.5,23.74,0.225,23.91,0.198,0.0162,0.0122
6503,9,23,0,32.22,24.43,0.243,24.45,0.264,0.0162,0.0122
6504,9,0,0,33.0,24.86,0.316,25.32,0.347,0.0162,0.0122
6505,9,1,0,33.78,23.54,0.219,23.84,0.177,0.0162,0.0122
6506,9,2,0,34.5,24.48,0.28,24.58,0.299,0.0162,0.0122
6507,9,3,0,35.12,23.62,0.143,23.9,0.234,0.0162,0.0122
6508,9,4,0,35.6,23.54,0.209,23.58,0.236,0.0162,0.0122
6509,9,5,0,35.9,20.75,0.009,20.51,-0.137,0.0162,0.0122
6510,9,6,0,36.0,22.79,0.139,22.75,0.154,0.0162,0.0122
6511,9,7,0,35.9,21.5,-0.067,21.47,-0.031,0.0162,0.0122
6512,9,8,0,35.6,24.33,0.272,24.82,0.358,0.0162,0.0122
6513,9,9,0,35.12,21.64,0.037,21.39,-0.058,0.0162,0.0122
6514,9,10,0,34.5,20.44,-0.144,20.34,-0.185,0.0162,0.0122
6515,9,11,0,33.78,20.98,-0.155,20.92,-0.089,0.0162,0.0122
6516,9,12,0,33.0,19.58,-0.216,19.61,-0.242,0.0162,0.0122
6517,9,13,0,32.22,24.14,0.179,23.73,0.163,0.0162,0.0122
6518,9,14,0,31.5,23.57,0.264,23.63,0.139,0.0162,0.0122
6519,9,15,0,30.88,20.41,-0.231,20.94,-0.085,0.0162,0.0122
6520,9,16,0,30.4,21.03,-0.116,20.41,-0.132,0.0162,0.0122
6521,9,17,0,30.1,20.67,-0.095,20.84,-0.154,0.0162,0.0122
6522,9,18,0,30.0,22.16,0.048,22.63,0.055,0.0162,0.0122
6523,9,19,0,30.1,23.12,0.168,22.92,0.125,0.0162,0.0122
6524,9,20,0,30.4,22.68,0.018,22.75,0.034,0.0162,0.0122
6525,9,21,0,30.88,21.94,0.047,21.91,0.019,0.0162,0.0122
6526,9,22,0,31.5,22.78,0.031,23.13,0.146,0.0162,0.0122
6527,9,23,0,32.22,21.31,-0.069,21.69,-0.091,0.0162,0.0122
6528,9,0,0,33.0,23.6,0.137,23.84,0.173,0.0162,0.0122
6529,9,1,0,33.78,22.26,-0.092,21.68,0.007,0.0162,0.0122
6530,9,2,0,34.5,21.26,-0.005,21.82,0.029,0.0162,0.0122
6531,9,3,0,35.12,21.52,-0.102,21.04,-0.109,0.0162,0.0122
6532,9,4,0,35.6,18.94,-0.316,18.8,-0.359,0.0162,0.0122
6533,9,5,0,35.9,20.94,-0.088,20.87,-0.139,0.0162,0.0122
6534,9,6,0,36.0,22.94,0.096,22.98,0.078,0.0162,0.0122
6535,9,7,0,35.9,20.5,-0.118,21.01,-0.069,0.0162,0.0122
6536,9,8,0,35.6,22.37,0.062,22.33,-0.023,0.0162,0.0122
6537,9,9,0,35.12,20.83,-0.14,20.59,-0.168,0.0162,0.0122
6538,9,10,0,34.5,23.0,0.17,23.02,0.177,0.0162,0.0122
6539,9,11,0,33.78,20.61,-0.132,20.65,-0.135,0.0162,0.0122
6540,9,12,0,33.0,20.87,-0.101,20.6,-0.169,0.0162,0.0122
6541,9,13,0,32.22,22.74,0.081,22.67,0.038,0.0162,0.0122
6542,9,14,0,31.5,22.74,0.082,22.47,0.087,0.0162,0.0122
6543,9,15,0,30.88,22.89,0.13,22.99,0.057,0.0162,0.0122
6544,9,16,0,30.4,25.08,0.352,24.76,0.299,0.0162,0.0122
6545,9,17,0,30.1,21.15,-0.06,21.45,0.002,0.0162,0.0122
6546,9,18,0,30.0,22.79,0.053,22.76,0.023,0.0162,0.0122
6547,9,19,0,30.1,22.02,0.015,21.94,-0.049,0.0162,0.0122
6548,9,20,0,30.4,22.14,0.048,22.31,-0.024,0.0162,0.0122
6549,9,21,0,30.88,23.56,0.147,23.49,0.078,0.0162,0.0122
6550,9,22,0,31.5,24.74,0.197,24.79,0.291,0.0162,0.0122
6551,9,23,0,32.22,23.02,0.086,23.38,0.139,0.0162,0.0122
6552,10,0,0,31.93,21.54,-0.086,21.72,-0.055,0.0131,0.0108
6553,10,1,0,32.7,22.4,0.12,22.03,0.061,0.0131,0.0108
6554,10,2,0,33.43,21.82,-0.001,21.4,-0.074,0.0131,0.0108
6555,10,3,0,34.05,24.26,0.253,24.03,0.206,0.0131,0.0108
6556,10,4,0,34.53,21.49,-0.008,21.56,-0.042,0.0131,0.0108
6557,10,5,0,34.83,22.65,0.122,22.38,0.07,0.0131,0.0108
6558,10,6,0,34.93,21.88,0.059,21.85,-0.049,0.0131,0.0108
6559,10,7,0,34.83,23.41,0.23,23.24,0.126,0.0131,0.0108
6560,10,8,1,34.53,24.39,0.177,24.16,0.209,0.0131,0.0108
6561,10,9,1,34.05,22.89,0.127,22.74,0.068,0.0131,0.0108
6562,10,10,1,33.43,19.38,-0.306,19.54,-0.256,0.0131,0.0108
6563,10,11,1,32.7,24.83,0.254,25.36,0.353,0.0131,0.0108
6564,10,12,1,31.93,21.67,-0.063,21.59,-0.093,0.0131,0.0108
6565,10,13,1,31.15,22.64,0.031,22.73,0.106,0.0131,0.0108
6566,10,14,1,30.43,21.85,0.011,21.65,-0.081,0.0131,0.0108
6567,10,15,1,29.81,23.86,0.235,23.74,0.213,0.0131,0.0108
6568,10,16,1,29.33,23.46,0.083,23.22,0.079,0.0131,0.0108
6569,10,17,1,29.03,24.15,0.185,24.11,0.207,0.0131,0.0108
6570,10,18,1,28.93,24.12,0.234,24.35,0.255,0.0131,0.0108
6571,10,19,0,29.03,22.77,0.088,22.86,0.086,0.0131,0.0108
6572,10,20,0,29.33,23.63,0.119,23.74,0.19,0.0131,0.0108
6573,10,21,0,29.81,22.87,0.082,23.05,0.13,0.0131,0.0108
6574,10,22,0,30.43,22.41,0.018,22.63,0.051,0.0131,0.0108
6575,10,23,0,31.15,23.4,0.251,23.3,0.147,0.0131,0.0108
6576,10,0,0,31.93,22.54,0.03,22.78,0.106,0.0131,0.0108
6577,10,1,0,32.7,23.84,0.162,24.22,0.185,0.0131,0.0108
6578,10,2,0,33.43,21.58,0.042,21.5,0.016,0.0131,0.0108
6579,10,3,0,34.05,23.02,0.084,23.02,0.127,0.0131,0.0108
6580,10,4,0,34.53,25.78,0.435,26.32,0.466,0.0131,0.0108
6581,10,5,0,34.83,23.75,0.138,23.73,0.173,0.0131,0.0108
6582,10,6,0,34.93,23.13,0.106,22.7,0.045,0.0131,0.0108
6583,10,7,0,34.83,24.02,0.218,23.86,0.165,0.0131,0.0108
6584,10,8,1,34.53,24.9,0.313,24.39,0.2,0.0131,0.0108
6585,10,9,1,34.05,21.74,-0.014,21.8,-0.013,0.0131,0.0108
6586,10,10,1,33.43,22.73,0.065,22.54,0.054,0.0131,0.0108
6587,10,11,1,32.7,22.79,0.116,22.77,0.08,0.0131,0.0108
6588,10,12,1,31.93,22.8,0.028,22.69,0.073,0.0131,0.0108
6589,10,13,1,31.15,24.31,0.19,24.44,0.269,0.0131,0.0108
6590,10,14,1,30.43,22.0,-0.019,22.21,0.032,0.0131,0.0108
6591,10,15,1,29.81,21.72,-0.106,21.57,-0.027,0.0131,0.0108
6592,10,16,1,29.33,23.06,0.119,23.18,0.095,0.0131,0.0108
6593,10,17,1,29.03,23.95,0.155,24.25,0.241,0.0131,0.0108
6594,10,18,1,28.93,23.81,0.166,23.67,0.183,0.0131,0.0108
6595,10,19,0,29.03,20.23,-0.226,19.91,-0.263,0.0131,0.0108
6596,10,20,0,29.33,24.13,0.23,23.53,0.177,0.0131,0.0108
6597,10,21,0,29.81,22.06,0.018,21.86,-0.014,0.0131,0.0108
6598,10,22,0,30.43,24.01,0.155,23.22,0.139,0.0131,0.0108
6599,10,23,0,31.15,22.58,0.071,22.8,0.076,0.0131,0.0108
6600,10,0,0,31.93,22.05,0.081,22.74,0.089,0.0131,0.0108
6601,10,1,0,32.7,22.62,0.103,22.78,0.09,0.0131,0.0108
6602,10,2,0,33.43,21.37,-0.05,21.91,0.051,0.0131,0.0108
6603,10,3,0,34.05,22.78,0.147,22.71,0.08,0.0131,0.0108
6604,10,4,0,34.53,22.7,0.103,22.34,0.019,0.0131,0.0108
6605,10,5,0,34.83,21.83,0.005,21.68,-0.078,0.0131,0.0108
6606,10,6,0,34.93,22.18,-0.044,22.48,0.053,0.0131,0.0108
6607,10,7,0,34.83,21.55,0.038,21.43,-0.106,0.0131,0.0108
6608,10,8,1,34.53,23.65,0.138,23.51,0.117,0.0131,0.0108
6609,10,9,1,34.05,23.63,0.147,23.57,0.161,0.0131,0.0108
6610,10,10,1,33.43,22.24,-0.0,21.64,-0.009,0.0131,0.0108
6611,10,11,1,32.7,20.24,-0.197,19.91,-0.23,0.0131,0.0108
6612,10,12,1,31.93,22.46,0.026,22.13,0.012,0.0131,0.0108
6613,10,13,1,31.15,23.47,0.134,23.85,0.241,0.0131,0.0108
6614,10,14,1,30.43,22.22,0.119,22.47,0.051,0.0131,0.0108
6615,10,15,1,29.81,20.44,-0.187,20.47,-0.162,0.0131,0.0108
6616,10,16,1,29.33,25.48,0.363,25.11,0.285,0.0131,0.0108
6617,10,17,1,29.03,22.04,0.02,22.26,0.019,0.0131,0.0108
6618,10,18,1,28.93,21.53,0.038,21.62,-0.065,0.0131,0.0108
6619,10,19,0,29.03,25.37,0.405,25.73,0.382,0.0131,0.0108
6620,10,20,0,29.33,24.26,0.192,23.95,0.218,0.0131,0.0108
6621,10,21,0,29.81,22.94,-0.031,22.9,0.077,0.0131,0.0108
6622,10,22,0,30.43,20.74,-0.136,20.89,-0.13,0.0131,0.0108
6623,10,23,0,31.15,26.46,0.499,26.78,0.544,0.0131,0.0108
6624,10,0,0,31.93,23.7,0.126,23.47,0.176,0.0131,0.0108
6625,10,1,0,32.7,19.41,-0.367,19.39,-0.258,0.0131,0.0108
6626,10,2,0,33.43,23.78,0.225,23.86,0.245,0.0131,0.0108
6627,10,3,0,34.05,22.28,0.039,23.13,0.141,0.0131,0.0108
6628,10,4,0,34.53,21.58,0.01,22.07,0.051,0.0131,0.0108
6629,10,5,0,34.83,22.58,0.081,22.21,-0.03,0.0131,0.0108
6630,10,6,0,34.93,22.0,0.118,22.05,0.015,0.0131,0.0108
6631,10,7,0,34.83,22.71,0.004,22.69,0.072,0.0131,0.0108
6632,10,8,1,34.53,22.65,0.006,22.36,0.022,0.0131,0.0108
6633,10,9,1,34.05,22.6,0.007,22.46,0.055,0.0131,0.0108
6634,10,10,1,33.43,23.31,0.103,23.34,0.152,0.0131,0.0108
6635,10,11,1,32.7,22.21,0.073,21.86,-0.004,0.0131,0.0108
6636,10,12,1,31.93,22.32,-0.005,21.85,0.046,0.0131,0.0108
6637,10,13,1,31.15,20.24,-0.177,20.16,-0.174,0.0131,0.0108
6638,10,14,1,30.43,20.25,-0.259,20.31,-0.166,0.0131,0.0108
6639,10,15,1,29.81,21.52,-0.006,21.26,-0.081,0.0131,0.0108
6640,10,16,1,29.33,23.21,0.185,23.36,0.1,0.0131,0.0108
6641,10,17,1,29.03,23.88,0.169,23.88,0.154,0.0131,0.0108
6642,10,18,1,28.93,23.41,0.167,23.13,0.171,0.0131,0.0108
6643,10,19,0,29.03,23.97,0.161,24.39,0.262,0.0131,0.0108
6644,10,20,0,29.33,20.78,-0.035,20.71,-0.147,0.0131,0.0108
6645,10,21,0,29.81,24.17,0.27,24.47,0.209,0.0131,0.0108
6646,10,22,0,30.43,23.29,0.183,23.24,0.074,0.0131,0.0108
6647,10,23,0,31.15,23.05,0.006,23.12,0.085,0.0131,0.0108
6648,10,0,0,31.93,19.75,-0.197,19.54,-0.24,0.0131,0.0108
6649,10,1,0,32.7,22.75,0.131,22.44,0.044,0.0131,0.0108
6650,10,2,0,33.43,22.55,0.005,22.83,0.09,0.0131,0.0108
6651,10,3,0,34.05,23.14,0.146,22.97,0.111,0.0131,0.0108
6652,10,4,0,34.53,22.35,0.061,22.31,0.055,0.0131,0.0108
6653,10,5,0,34.83,22.59,0.092,22.93,0.039,0.0131,0.0108
6654,10,6,0,34.93,20.39,-0.173,20.75,-0.12,0.0131,0.0108
6655,10,7,0,34.83,24.21,0.223,24.21,0.195,0.0131,0.0108
6656,10,8,1,34.53,23.05,0.077,23.23,0.095,0.0131,0.0108
6657,10,9,1,34.05,26.44,0.41,26.41,0.462,0.0131,0.0108
6658,10,10,1,33.43,22.42,0.067,22.1,-0.016,0.0131,0.0108
6659,10,11,1,32.7,24.86,0.273,25.01,0.305,0.0131,0.0108
6660,10,12,1,31.93,23.85,0.292,23.91,0.225,0.0131,0.0108
6661,10,13,1,31.15,23.23,0.116,22.95,0.109,0.0131,0.0108
6662,10,14,1,30.43,21.27,-0.122,21.65,-0.054,0.0131,0.0108
6663,10,15,1,29.81,21.66,-0.075,21.88,-0.066,0.0131,0.0108
6664,10,16,1,29.33,24.13,0.16,24.0,0.177,0.0131,0.0108
6665,10,17,1,29.03,25.08,0.301,24.88,0.274,0.0131,0.0108
6666,10,18,1,28.93,20.65,-0.2,20.43,-0.129,0.0131,0.0108
6667,10,19,0,29.03,22.65,0.03,23.4,0.114,0.0131,0.0108
6668,10,20,0,29.33,24.8,0.299,25.12,0.278,0.0131,0.0108
6669,10,21,0,29.81,25.12,0.29,25.1,0.344,0.0131,0.0108
6670,10,22,0,30.43,22.47,0.049,22.12,-0.012,0.0131,0.0108
6671,10,23,0,31.15,17.99,-0.428,17.72,-0.463,0.0131,0.0108
6672,10,0,0,31.93,23.36,0.16,23.13,0.076,0.0131,0.0108
6673,10,1,0,32.7,23.86,0.069,23.48,0.185,0.0131,0.0108
6674,10,2,0,33.43,21.22,-0.05,21.74,-0.002,0.0131,0.0108
6675,10,3,0,34.05,24.07,0.213,24.1,0.249,0.0131,0.0108
6676,10,4,0,34.53,22.67,0.096,22.45,-0.019,0.0131,0.0108
6677,10,5,0,34.83,24.48,0.308,24.88,0.323,0.0131,0.0108
6678,10,6,0,34.93,22.37,-0.024,22.34,0.087,0.0131,0.0108
6679,10,7,0,34.83,21.77,-0.01,21.87,-0.053,0.0131,0.0108
6680,10,8,0,34.53,19.88,-0.234,19.88,-0.214,0.0131,0.0108
6681,10,9,0,34.05,24.1,0.248,24.17,0.23,0.0131,0.0108
6682,10,10,0,33.43,22.03,0.016,21.72,-0.025,0.0131,0.0108
6683,10,11,0,32.7,23.87,0.172,23.83,0.176,0.0131,0.0108
6684,10,12,0,31.93,21.12,-0.031,21.56,-0.081,0.0131,0.0108
6685,10,13,0,31.15,23.71,0.22,23.15,0.094,0.0131,0.0108
6686,10,14,0,30.43,23.04,0.044,22.46,0.06,0.0131,0.0108
6687,10,15,0,29.81,21.45,0.015,21.2,-0.014,0.0131,0.0108
6688,10,16,0,29.33,23.91,0.279,23.58,0.111,0.0131,0.0108
6689,10,17,0,29.03,22.04,0.101,22.06,0.033,0.0131,0.0108
6690,10,18,0,28.93,21.8,0.031,21.52,-0.064,0.0131,0.0108
6691,10,19,0,29.03,22.83,0.111,22.41,0.056,0.0131,0.0108
6692,10,20,0,29.33,20.64,-0.109,20.95,-0.083,0.0131,0.0108
6693,10,21,0,29.81,21.93,-0.004,21.99,-0.006,0.0131,0.0108
6694,10,22,0,30.43,22.76,0.129,23.13,0.078,0.0131,0.0108
6695,10,23,0,31.15,23.98,0.19,24.34,0.249,0.0131,0.0108
6696,10,0,0,31.93,23.24,0.105,22.99,0.121,0.0131,0.0108
6697,10,1,0,32.7,21.76,0.041,22.05,0.039,0.0131,0.0108
6698,10,2,0,33.43,25.47,0.356,25.44,0.354,0.0131,0.0108
6699,10,3,0,34.05,22.41,-0.045,22.57,0.063,0.0131,0.0108
6700,10,4,0,34.53,20.43,-0.12,20.15,-0.191,0.0131,0.0108
6701,10,5,0,34.83,23.55,0.21,23.48,0.141,0.0131,0.0108
6702,10,6,0,34.93,19.57,-0.352,19.64,-0.28,0.0131,0.0108
6703,10,7,0,34.83,21.18,-0.11,20.87,-0.144,0.0131,0.0108
6704,10,8,0,34.53,20.39,-0.195,20.85,-0.182,0.0131,0.0108
6705,10,9,0,34.05,21.96,-0.048,21.62,-0.017,0.0131,0.0108
6706,10,10,0,33.43,21.83,0.005,21.48,-0.017,0.0131,0.0108
6707,10,11,0,32.7,23.31,0.075,22.57,0.058,0.0131,0.0108
6708,10,12,0,31.93,22.13,-0.036,22.04,-0.039,0.0131,0.0108
6709,10,13,0,31.15,25.51,0.383,25.52,0.352,0.0131,0.0108
6710,10,14,0,30.43,22.57,0.001,22.55,0.01,0.0131,0.0108
6711,10,15,0,29.81,23.08,0.155,23.14,0.136,0.0131,0.0108
6712,10,16,0,29.33,21.29,-0.033,21.63,-0.017,0.0131,0.0108
6713,10,17,0,29.03,25.87,0.422,26.49,0.466,0.0131,0.0108
6714,10,18,0,28.93,24.12,0.184,23.95,0.215,0.0131,0.0108
6715,10,19,0,29.03,21.22,-0.071,21.39,-0.086,0.0131,0.0108
6716,10,20,0,29.33,22.54,0.058,22.93,0.096,0.0131,0.0108
6717,10,21,0,29.81,22.99,0.083,23.13,0.124,0.0131,0.0108
6718,10,22,0,30.43,20.93,-0.141,20.69,-0.117,0.0131,0.0108
6719,10,23,0,31.15,22.74,0.109,22.7,0.081,0.0131,0.0108
6720,10,0,0,31.93,22.07,-0.034,21.75,-0.069,0.0131,0.0108
6721,10,1,0,32.7,22.71,0.046,22.45,0.041,0.0131,0.0108
6722,10,2,0,33.43,24.07,0.204,24.34,0.272,0.0131,0.0108
6723,10,3,0,34.05,19.48,-0.217,20.04,-0.192,0.0131,0.0108
6724,10,4,0,34.53,21.16,-0.053,21.03,-0.078,0.0131,0.0108
6725,10,5,0,34.83,23.5,0.104,23.28,0.134,0.0131,0.0108
6726,10,6,0,34.93,23.65,0.24,23.66,0.167,0.0131,0.0108
6727,10,7,0,34.83,22.5,0.111,22.7,0.03,0.0131,0.0108
6728,10,8,1,34.53,20.82,0.04,20.73,-0.135,0.0131,0.0108
6729,10,9,1,34.05,22.32,0.081,22.5,0.055,0.0131,0.0108
6730,10,10,1,33.43,24.25,0.186,23.89,0.224,0.0131,0.0108
6731,10,11,1,32.7,22.52,-0.014,22.14,-0.011,0.0131,0.0108
6732,10,12,1,31.93,22.5,0.034,22.64,0.076,0.0131,0.0108
6733,10,13,1,31.15,21.84,0.112,22.21,0.009,0.0131,0.0108
6734,10,14,1,30.43,23.22,0.129,23.34,0.154,0.0131,0.0108
6735,10,15,1,29.81,23.22,0.188,23.08,0.114,0.0131,0.0108
6736,10,16,1,29.33,21.92,-0.014,22.66,0.073,0.0131,0.0108
6737,10,17,1,29.03,22.76,0.099,22.72,0.047,0.0131,0.0108
6738,10,18,1,28.93,23.39,0.075,22.87,0.142,0.0131,0.0108
6739,10,19,0,29.03,20.62,-0.2,20.03,-0.145,0.0131,0.0108
6740,10,20,0,29.33,19.81,-0.292,19.53,-0.256,0.0131,0.0108
6741,10,21,0,29.81,21.85,0.077,21.7,-0.066,0.0131,0.0108
6742,10,22,0,30.43,22.35,-0.014,22.45,0.059,0.0131,0.0108
6743,10,23,0,31.15,21.9,-0.015,22.01,-0.06,0.0131,0.0108
6744,10,0,0,31.93,24.46,0.237,25.08,0.281,0.0131,0.0108
6745,10,1,0,32.7,24.76,0.267,25.33,0.326,0.0131,0.0108
6746,10,2,0,33.43,22.38,0.023,21.88,0.039,0.0131,0.0108
6747,10,3,0,34.05,22.25,0.05,21.93,-0.027,0.0131,0.0108
6748,10,4,0,34.53,22.4,-0.012,22.02,0.024,0.0131,0.0108
6749,10,5,0,34.83,22.67,0.073,22.44,0.026,0.0131,0.0108
6750,10,6,0,34.93,21.32,-0.028,21.67,-0.033,0.0131,0.0108
6751,10,7,0,34.83,22.72,0.096,22.71,0.047,0.0131,0.0108
6752,10,8,1,34.53,23.79,0.166,23.9,0.175,0.0131,0.0108
6753,10,9,1,34.05,23.76,0.141,23.72,0.16,0.0131,0.0108
6754,10,10,1,33.43,23.65,0.148,23.17,0.149,0.0131,0.0108
6755,10,11,1,32.7,22.25,0.079,22.33,0.06,0.0131,0.0108
6756,10,12,1,31.93,21.84,0.029,21.8,0.008,0.0131,0.0108
6757,10,13,1,31.15,22.37,0.05,22.35,0.076,0.0131,0.0108
6758,10,14,1,30.43,24.1,0.156,24.31,0.223,0.0131,0.0108
6759,10,15,1,29.81,22.17,0.005,22.59,0.097,0.0131,0.0108
6760,10,16,1,29.33,21.64,-0.012,21.5,-0.003,0.0131,0.0108
6761,10,17,1,29.03,22.18,-0.06,21.41,-0.05,0.0131,0.0108
6762,10,18,1,28.93,20.29,-0.171,20.03,-0.271,0.0131,0.0108
6763,10,19,0,29.03,21.93,-0.082,21.58,-0.066,0.0131,0.0108
6764,10,20,0,29.33,20.9,-0.051,21.04,-0.107,0.0131,0.0108
6765,10,21,0,29.81,21.61,-0.095,21.48,-0.091,0.0131,0.0108
6766,10,22,0,30.43,20.03,-0.115,19.63,-0.257,0.0131,0.0108
6767,10,23,0,31.15,18.09,-0.471,17.91,-0.407,0.0131,0.0108
6768,10,0,0,31.93,22.43,0.041,22.44,0.033,0.0131,0.0108
6769,10,1,0,32.7,20.32,-0.117,20.29,-0.116,0.0131,0.0108
6770,10,2,0,33.43,22.14,0.039,22.1,0.055,0.0131,0.0108
6771,10,3,0,34.05,21.77,-0.064,21.98,0.008,0.0131,0.0108
6772,10,4,0,34.53,23.96,0.169,23.57,0.186,0.0131,0.0108
6773,10,5,0,34.83,23.42,0.185,23.74,0.163,0.0131,0.0108
6774,10,6,0,34.93,25.8,0.227,25.84,0.376,0.0131,0.0108
6775,10,7,0,34.83,21.8,-0.043,22.03,0.036,0.0131,0.0108
6776,10,8,1,34.53,23.34,0.127,23.04,0.08,0.0131,0.0108
6777,10,9,1,34.05,22.78,0.081,22.54,0.046,0.0131,0.0108
6778,10,10,1,33.43,22.27,0.009,22.89,0.031,0.0131,0.0108
6779,10,11,1,32.7,24.02,0.103,24.33,0.212,0.0131,0.0108
6780,10,12,1,31.93,23.15,0.115,23.31,0.132,0.0131,0.0108
6781,10,13,1,31.15,21.09,0.012,20.37,-0.192,0.0131,0.0108
6782,10,14,1,30.43,22.76,0.121,22.72,0.075,0.0131,0.0108
6783,10,15,1,29.81,22.73,0.031,21.94,0.016,0.0131,0.0108
6784,10,16,1,29.33,23.48,0.069,23.2,0.123,0.0131,0.0108
6785,10,17,1,29.03,18.14,-0.298,17.8,-0.377,0.0131,0.0108
6786,10,18,1,28.93,23.23,0.026,23.32,0.11,0.0131,0.0108
6787,10,19,0,29.03,22.06,-0.012,21.84,0.023,0.0131,0.0108
6788,10,20,0,29.33,21.69,0.006,21.58,-0.084,0.0131,0.0108
6789,10,21,0,29.81,21.24,-0.073,21.02,-0.109,0.0131,0.0108
6790,10,22,0,30.43,22.03,-0.051,21.83,0.001,0.0131,0.0108
6791,10,23,0,31.15,21.99,-0.056,22.18,-0.002,0.0131,0.0108
6792,10,0,0,31.93,22.17,0.055,22.13,0.0,0.0131,0.0108
6793,10,1,0,32.7,23.62,0.157,23.73,0.145,0.0131,0.0108
6794,10,2,0,33.43,23.64,0.162,23.36,0.134,0.0131,0.0108
6795,10,3,0,34.05,22.19,-0.022,22.07,-0.041,0.0131,0.0108
6796,10,4,0,34.53,24.61,0.254,24.46,0.242,0.0131,0.0108
6797,10,5,0,34.83,24.14,0.222,24.72,0.268,0.0131,0.0108
6798,10,6,0,34.93,20.81,-0.207,20.38,-0.186,0.0131,0.0108
6799,10,7,0,34.83,19.36,-0.242,19.69,-0.239,0.0131,0.0108
6800,10,8,1,34.53,24.16,0.175,23.84,0.126,0.0131,0.0108
6801,10,9,1,34.05,23.66,0.167,23.42,0.172,0.0131,0.0108
6802,10,10,1,33.43,24.56,0.275,24.55,0.228,0.0131,0.0108
6803,10,11,1,32.7,25.03,0.307,24.98,0.285,0.0131,0.0108
6804,10,12,1,31.93,24.3,0.268,24.36,0.246,0.0131,0.0108
6805,10,13,1,31.15,22.17,0.034,22.45,0.016,0.0131,0.0108
6806,10,14,1,30.43,21.02,-0.053,21.06,-0.045,0.0131,0.0108
6807,10,15,1,29.81,19.83,-0.192,19.84,-0.207,0.0131,0.0108
6808,10,16,1,29.33,24.01,0.152,24.21,0.191,0.0131,0.0108
6809,10,17,1,29.03,22.97,0.104,23.27,0.079,0.0131,0.0108
6810,10,18,1,28.93,20.93,-0.125,21.14,-0.083,0.0131,0.0108
6811,10,19,0,29.03,24.1,0.189,23.74,0.158,0.0131,0.0108
6812,10,20,0,29.33,23.03,0.029,23.26,0.126,0.0131,0.0108
6813,10,21,0,29.81,23.8,0.177,23.25,0.088,0.0131,0.0108
6814,10,22,0,30.43,21.54,0.023,20.79,-0.132,0.0131,0.0108
6815,10,23,0,31.15,21.29,-0.123,21.39,-0.095,0.0131,0.0108
6816,10,0,0,31.93,24.77,0.247,25.31,0.363,0.0131,0.0108
6817,10,1,0,32.7,23.03,0.057,22.61,0.108,0.0131,0.0108
6818,10,2,0,33.43,20.36,-0.193,21.04,-0.048,0.0131,0.0108
6819,10,3,0,34.05,22.04,0.074,22.28,0.07,0.0131,0.0108
6820,10,4,0,34.53,21.62,-0.042,21.37,-0.102,0.0131,0.0108
6821,10,5,0,34.83,22.86,0.14,22.61,0.044,0.0131,0.0108
6822,10,6,0,34.93,19.89,-0.202,20.31,-0.168,0.0131,0.0108
6823,10,7,0,34.83,24.14,0.176,24.4,0.227,0.0131,0.0108
6824,10,8,1,34.53,20.83,-0.088,20.39,-0.149,0.0131,0.0108
6825,10,9,1,34.05,23.64,0.203,24.03,0.228,0.0131,0.0108
6826,10,10,1,33.43,19.38,-0.213,19.29,-0.306,0.0131,0.0108
6827,10,11,1,32.7,22.64,0.086,22.79,0.09,0.0131,0.0108
6828,10,12,1,31.93,23.4,0.067,23.45,0.16,0.0131,0.0108
6829,10,13,1,31.15,22.93,0.162,22.49,0.065,0.0131,0.0108
6830,10,14,1,30.43,20.43,-0.185,20.18,-0.199,0.0131,0.0108
6831,10,15,1,29.81,22.94,0.15,22.65,0.096,0.0131,0.0108
6832,10,16,1,29.33,23.43,0.19,23.44,0.136,0.0131,0.0108
6833,10,17,1,29.03,21.41,-0.043,21.77,-0.043,0.0131,0.0108
6834,10,18,1,28.93,21.87,0.088,21.65,-0.035,0.0131,0.0108
6835,10,19,0,29.03,22.74,0.013,22.95,0.128,0.0131,0.0108
6836,10,20,0,29.33,21.59,-0.057,22.14,0.045,0.0131,0.0108
6837,10,21,0,29.81,18.75,-0.339,18.4,-0.421,0.0131,0.0108
6838,10,22,0,30.43,23.4,0.091,23.5,0.149,0.0131,0.0108
6839,10,23,0,31.15,23.71,0.107,23.08,0.098,0.0131,0.0108
6840,10,0,0,31.93,22.54,0.098,22.52,0.066,0.0131,0.0108
6841,10,1,0,32.7,23.54,0.162,23.13,0.104,0.0131,0.0108
6842,10,2,0,33.43,24.69,0.236,24.75,0.3,0.0131,0.0108
6843,10,3,0,34.05,23.34,0.117,23.1,0.1,0.0131,0.0108
6844,10,4,0,34.53,24.34,0.27,24.4,0.225,0.0131,0.0108
6845,10,5,0,34.83,23.0,0.082,23.39,0.143,0.0131,0.0108
6846,10,6,0,34.93,20.46,-0.171,20.23,-0.209,0.0131,0.0108
6847,10,7,0,34.83,24.48,0.288,24.23,0.229,0.0131,0.0108
6848,10,8,0,34.53,22.55,-0.058,22.99,0.093,0.0131,0.0108
6849,10,9,0,34.05,20.88,-0.172,20.29,-0.17,0.0131,0.0108
6850,10,10,0,33.43,21.41,-0.069,21.68,-0.042,0.0131,0.0108
6851,10,11,0,32.7,22.02,-0.019,21.99,-0.027,0.0131,0.0108
6852,10,12,0,31.93,23.98,0.179,23.8,0.193,0.0131,0.0108
6853,10,13,0,31.15,22.98,0.136,22.71,0.087,0.0131,0.0108
6854,10,14,0,30.43,22.77,0.056,22.64,0.058,0.0131,0.0108
6855,10,15,0,29.81,20.65,-0.09,20.64,-0.11,0.0131,0.0108
6856,10,16,0,29.33,21.93,0.088,22.25,0.015,0.0131,0.0108
6857,10,17,0,29.03,23.54,0.091,22.86,0.089,0.0131,0.0108
6858,10,18,0,28.93,20.99,-0.071,21.6,-0.011,0.0131,0.0108
6859,10,19,0,29.03,22.46,0.02,22.16,0.023,0.0131,0.0108
6860,10,20,0,29.33,21.54,-0.01,21.74,-0.025,0.0131,0.0108
6861,10,21,0,29.81,19.76,-0.234,20.28,-0.091,0.0131,0.0108
6862,10,22,0,30.43,23.48,0.17,23.42,0.081,0.0131,0.0108
6863,10,23,0,31.15,24.04,0.099,24.81,0.272,0.0131,0.0108
6864,10,0,0,31.93,22.34,0.139,22.6,0.072,0.0131,0.0108
6865,10,1,0,32.7,25.71,0.394,25.76,0.386,0.0131,0.0108
6866,10,2,0,33.43,24.33,0.274,24.2,0.183,0.0131,0.0108
6867,10,3,0,34.05,22.07,0.012,21.88,-0.021,0.0131,0.0108
6868,10,4,0,34.53,24.2,0.133,23.93,0.153,0.0131,0.0108
6869,10,5,0,34.83,23.99,0.219,23.7,0.161,0.0131,0.0108
6870,10,6,0,34.93,23.74,0.312,23.67,0.224,0.0131,0.0108
6871,10,7,0,34.83,22.03,0.159,21.89,-0.043,0.0131,0.0108
6872,10,8,0,34.53,22.42,0.042,22.42,-0.01,0.0131,0.0108
6873,10,9,0,34.05,23.24,0.196,22.95,0.052,0.0131,0.0108
6874,10,10,0,33.43,22.59,-0.049,21.92,-0.033,0.0131,0.0108
6875,10,11,0,32.7,21.45,-0.057,21.89,0.028,0.0131,0.0108
6876,10,12,0,31.93,21.93,-0.043,22.11,-0.013,0.0131,0.0108
6877,10,13,0,31.15,19.77,-0.21,19.87,-0.19,0.0131,0.0108
6878,10,14,0,30.43,22.82,0.091,23.43,0.173,0.0131,0.0108
6879,10,15,0,29.81,22.01,0.037,21.74,-0.029,0.0131,0.0108
6880,10,16,0,29.33,23.75,0.135,23.85,0.218,0.0131,0.0108
6881,10,17,0,29.03,21.19,-0.017,21.38,-0.073,0.0131,0.0108
6882,10,18,0,28.93,24.23,0.266,24.35,0.21,0.0131,0.0108
6883,10,19,0,29.03,22.82,0.168,22.4,-0.021,0.0131,0.0108
6884,10,20,0,29.33,21.97,0.031,21.69,0.027,0.0131,0.0108
6885,10,21,0,29.81,23.48,0.079,24.37,0.198,0.0131,0.0108
6886,10,22,0,30.43,21.16,-0.135,21.2,-0.103,0.0131,0.0108
6887,10,23,0,31.15,23.43,0.086,23.06,0.094,0.0131,0.0108
6888,10,0,0,31.93,22.04,-0.041,22.35,0.013,0.0131,0.0108
6889,10,1,0,32.7,23.37,0.209,23.61,0.175,0.0131,0.0108
6890,10,2,0,33.43,22.7,0.056,22.87,0.079,0.0131,0.0108
6891,10,3,0,34.05,19.84,-0.206,20.11,-0.166,0.0131,0.0108
6892,10,4,0,34.53,18.28,-0.415,18.26,-0.329,0.0131,0.0108
6893,10,5,0,34.83,23.42,0.121,23.49,0.161,0.0131,0.0108
6894,10,6,0,34.93,21.11,-0.118,21.08,-0.024,0.0131,0.0108
6895,10,7,0,34.83,24.7,0.196,25.02,0.328,0.0131,0.0108
6896,10,8,1,34.53,22.78,0.094,23.15,0.115,0.0131,0.0108
6897,10,9,1,34.05,22.85,0.047,22.31,0.042,0.0131,0.0108
6898,10,10,1,33.43,24.21,0.219,24.04,0.156,0.0131,0.0108
6899,10,11,1,32.7,24.69,0.302,25.02,0.315,0.0131,0.0108
6900,10,12,1,31.93,24.83,0.237,24.59,0.291,0.0131,0.0108
6901,10,13,1,31.15,23.99,0.173,23.63,0.214,0.0131,0.0108
6902,10,14,1,30.43,23.12,0.054,23.35,0.155,0.0131,0.0108
6903,10,15,1,29.81,20.37,-0.127,19.78,-0.179,0.0131,0.0108
6904,10,16,1,29.33,22.12,0.097,21.96,-0.01,0.0131,0.0108
6905,10,17,1,29.03,22.4,0.022,22.91,0.071,0.0131,0.0108
6906,10,18,1,28.93,23.72,0.165,23.51,0.111,0.0131,0.0108
6907,10,19,0,29.03,22.78,0.126,22.8,0.106,0.0131,0.0108
6908,10,20,0,29.33,23.33,0.129,23.45,0.163,0.0131,0.0108
6909,10,21,0,29.81,20.83,-0.059,20.13,-0.167,0.0131,0.0108
6910,10,22,0,30.43,22.31,-0.006,22.63,0.042,0.0131,0.0108
6911,10,23,0,31.15,21.23,-0.156,21.4,-0.083,0.0131,0.0108
6912,10,0,0,31.93,22.93,0.06,22.57,-0.009,0.0131,0.0108
6913,10,1,0,32.7,23.41,0.086,23.2,0.081,0.0131,0.0108
6914,10,2,0,33.43,21.87,0.084,21.4,-0.132,0.0131,0.0108
6915,10,3,0,34.05,21.82,-0.056,21.86,-0.008,0.0131,0.0108
6916,10,4,0,34.53,21.3,-0.126,21.76,-0.095,0.0131,0.0108
6917,10,5,0,34.83,20.55,-0.151,20.67,-0.111,0.0131,0.0108
6918,10,6,0,34.93,23.25,0.101,23.06,0.095,0.0131,0.0108
6919,10,7,0,34.83,25.33,0.427,25.53,0.379,0.0131,0.0108
6920,10,8,1,34.53,22.4,0.051,22.1,0.008,0.0131,0.0108
6921,10,9,1,34.05,22.36,-0.067,22.3,0.068,0.0131,0.0108
6922,10,10,1,33.43,22.42,0.067,22.0,-0.026,0.0131,0.0108
6923,10,11,1,32.7,23.34,0.185,23.61,0.156,0.0131,0.0108
6924,10,12,1,31.93,21.88,-0.048,21.69,-0.031,0.0131,0.0108
6925,10,13,1,31.15,22.19,-0.039,21.94,-0.009,0.0131,0.0108
6926,10,14,1,30.43,21.85,0.026,21.51,0.004,0.0131,0.0108
6927,10,15,1,29.81,23.94,0.192,23.73,0.219,0.0131,0.0108
6928,10,16,1,29.33,20.74,-0.198,20.97,-0.052,0.0131,0.0108
6929,10,17,1,29.03,21.85,0.072,22.52,0.049,0.0131,0.0108
6930,10,18,1,28.93,21.42,-0.067,21.48,-0.064,0.0131,0.0108
6931,10,19,0,29.03,20.01,-0.254,19.86,-0.198,0.0131,0.0108
6932,10,20,0,29.33,23.99,0.216,24.21,0.195,0.0131,0.0108
6933,10,21,0,29.81,22.81,0.051,23.05,0.108,0.0131,0.0108
6934,10,22,0,30.43,22.28,0.071,22.78,0.096,0.0131,0.0108
6935,10,23,0,31.15,19.92,-0.215,19.98,-0.207,0.0131,0.0108
6936,10,0,0,31.93,20.15,-0.188,19.83,-0.184,0.0131,0.0108
6937,10,1,0,32.7,21.61,0.05,21.49,-0.059,0.0131,0.0108
6938,10,2,0,33.43,22.31,-0.037,22.27,0.044,0.0131,0.0108
6939,10,3,0,34.05,21.52,-0.026,21.51,0.009,0.0131,0.0108
6940,10,4,0,34.53,20.52,-0.104,20.78,-0.141,0.0131,0.0108
6941,10,5,0,34.83,23.4,0.102,23.89,0.196,0.0131,0.0108
6942,10,6,0,34.93,23.11,0.149,23.27,0.132,0.0131,0.0108
6943,10,7,0,34.83,23.27,0.135,23.0,0.085,0.0131,0.0108
6944,10,8,1,34.53,20.66,-0.121,20.5,-0.137,0.0131,0.0108
6945,10,9,1,34.05,20.6,-0.104,20.32,-0.153,0.0131,0.0108
6946,10,10,1,33.43,23.83,0.21,24.24,0.212,0.0131,0.0108
6947,10,11,1,32.7,22.67,0.205,23.17,0.131,0.0131,0.0108
6948,10,12,1,31.93,23.3,0.132,23.52,0.187,0.0131,0.0108
6949,10,13,1,31.15,24.01,0.185,24.12,0.166,0.0131,0.0108
6950,10,14,1,30.43,23.6,0.123,23.66,0.132,0.0131,0.0108
6951,10,15,1,29.81,23.49,0.164,23.01,0.126,0.0131,0.0108
6952,10,16,1,29.33,23.32,0.07,23.21,0.138,0.0131,0.0108
6953,10,17,1,29.03,24.3,0.255,24.13,0.26,0.0131,0.0108
6954,10,18,1,28.93,23.01,0.153,22.89,0.067,0.0131,0.0108
6955,10,19,0,29.03,20.55,-0.165,20.8,-0.13,0.0131,0.0108
6956,10,20,0,29.33,21.56,0.026,21.42,-0.008,0.0131,0.0108
6957,10,21,0,29.81,25.19,0.343,25.52,0.309,0.0131,0.0108
6958,10,22,0,30.43,22.22,0.0,22.87,0.132,0.0131,0.0108
6959,10,23,0,31.15,22.58,0.09,21.78,0.016,0.0131,0.0108
6960,10,0,0,31.93,22.43,-0.041,22.8,0.038,0.0131,0.0108
6961,10,1,0,32.7,22.81,0.149,22.95,0.114,0.0131,0.0108
6962,10,2,0,33.43,20.71,-0.099,20.77,-0.179,0.0131,0.0108
6963,10,3,0,34.05,22.43,0.011,22.33,0.048,0.0131,0.0108
6964,10,4,0,34.53,20.78,-0.094,20.9,-0.077,0.0131,0.0108
6965,10,5,0,34.83,20.81,-0.105,20.36,-0.172,0.0131,0.0108
6966,10,6,0,34.93,26.85,0.488,26.99,0.494,0.0131,0.0108
6967,10,7,0,34.83,20.67,-0.137,20.84,-0.118,0.0131,0.0108
6968,10,8,1,34.53,22.64,-0.023,22.71,0.096,0.0131,0.0108
6969,10,9,1,34.05,21.23,-0.013,21.19,-0.028,0.0131,0.0108
6970,10,10,1,33.43,19.95,-0.191,19.96,-0.249,0.0131,0.0108
6971,10,11,1,32.7,23.7,0.18,23.74,0.146,0.0131,0.0108
6972,10,12,1,31.93,23.12,0.118,23.37,0.122,0.0131,0.0108
6973,10,13,1,31.15,21.85,-0.013,21.91,0.018,0.0131,0.0108
6974,10,14,1,30.43,21.78,-0.004,21.41,-0.073,0.0131,0.0108
6975,10,15,1,29.81,23.68,0.2,23.68,0.137,0.0131,0.0108
6976,10,16,1,29.33,22.72,0.01,22.51,0.025,0.0131,0.0108
6977,10,17,1,29.03,21.68,-0.06,22.06,-0.032,0.0131,0.0108
6978,10,18,1,28.93,22.7,0.045,22.71,0.066,0.0131,0.0108
6979,10,19,0,29.03,23.96,0.226,24.17,0.181,0.0131,0.0108
6980,10,20,0,29.33,26.83,0.509,27.15,0.48,0.0131,0.0108
6981,10,21,0,29.81,23.92,0.182,23.77,0.127,0.0131,0.0108
6982,10,22,0,30.43,20.64,-0.086,20.77,-0.103,0.0131,0.0108
6983,10,23,0,31.15,23.48,0.127,23.46,0.154,0.0131,0.0108
6984,10,0,0,31.93,23.73,0.234,23.73,0.167,0.0131,0.0108
6985,10,1,0,32.7,21.03,-0.092,21.03,-0.1,0.0131,0.0108
6986,10,2,0,33.43,24.42,0.171,24.66,0.312,0.0131,0.0108
6987,10,3,0,34.05,18.39,-0.376,19.03,-0.302,0.0131,0.0108
6988,10,4,0,34.53,22.41,0.041,22.53,0.049,0.0131,0.0108
6989,10,5,0,34.83,24.46,0.198,24.63,0.286,0.0131,0.0108
6990,10,6,0,34.93,23.29,0.168,23.12,0.108,0.0131,0.0108
6991,10,7,0,34.83,22.17,-0.105,22.09,-0.007,0.0131,0.0108
6992,10,8,1,34.53,23.57,0.093,23.56,0.185,0.0131,0.0108
6993,10,9,1,34.05,22.05,0.116,21.69,-0.063,0.0131,0.0108
6994,10,10,1,33.43,23.82,0.189,23.59,0.132,0.0131,0.0108
6995,10,11,1,32.7,20.64,-0.116,20.8,-0.086,0.0131,0.0108
6996,10,12,1,31.93,22.45,0.058,23.11,0.128,0.0131,0.0108
6997,10,13,1,31.15,20.46,-0.128,20.28,-0.175,0.0131,0.0108
6998,10,14,1,30.43,22.78,0.084,22.54,0.057,0.0131,0.0108
6999,10,15,1,29.81,20.73,-0.212,20.92,-0.102,0.0131,0.0108
7000,10,16,1,29.33,25.15,0.349,25.35,0.308,0.0131,0.0108
7001,10,17,1,29.03,25.15,0.273,25.57,0.342,0.0131,0.0108
7002,10,18,1,28.93,24.38,0.175,24.92,0.262,0.0131,0.0108
7003,10,19,0,29.03,22.28,0.029,21.63,-0.001,0.0131,0.0108
7004,10,20,0,29.33,20.34,-0.195,20.38,-0.113,0.0131,0.0108
7005,10,21,0,29.81,21.65,-0.065,22.1,0.033,0.0131,0.0108
7006,10,22,0,30.43,22.88,0.048,22.84,0.093,0.0131,0.0108
7007,10,23,0,31.15,21.84,0.058,21.63,-0.02,0.0131,0.0108
7008,10,0,0,31.93,23.47,0.137,23.35,0.127,0.0131,0.0108
7009,10,1,0,32.7,23.01,0.099,23.2,0.096,0.0131,0.0108
7010,10,2,0,33.43,23.64,0.092,23.65,0.101,0.0131,0.0108
7011,10,3,0,34.05,22.95,0.116,22.7,0.047,0.0131,0.0108
7012,10,4,0,34.53,22.7,0.158,22.59,0.087,0.0131,0.0108
7013,10,5,0,34.83,24.52,0.293,24.53,0.256,0.0131,0.0108
7014,10,6,0,34.93,24.7,0.201,24.68,0.208,0.0131,0.0108
7015,10,7,0,34.83,25.0,0.327,25.15,0.359,0.0131,0.0108
7016,10,8,0,34.53,20.02,-0.21,19.91,-0.186,0.0131,0.0108
7017,10,9,0,34.05,21.46,-0.114,21.1,-0.055,0.0131,0.0108
7018,10,10,0,33.43,21.39,-0.03,21.22,-0.099,0.0131,0.0108
7019,10,11,0,32.7,19.94,-0.209,19.47,-0.238,0.0131,0.0108
7020,10,12,0,31.93,22.2,-0.061,22.33,-0.014,0.0131,0.0108
7021,10,13,0,31.15,25.88,0.427,26.25,0.405,0.0131,0.0108
7022,10,14,0,30.43,22.14,0.08,22.14,0.026,0.0131,0.0108
7023,10,15,0,29.81,23.29,0.169,23.24,0.133,0.0131,0.0108
7024,10,16,0,29.33,22.57,0.051,22.34,0.002,0.0131,0.0108
7025,10,17,0,29.03,22.44,-0.076,22.47,0.04,0.0131,0.0108
7026,10,18,0,28.93,20.74,-0.095,20.89,-0.124,0.0131,0.0108
7027,10,19,0,29.03,23.32,0.121,23.5,0.196,0.0131,0.0108
7028,10,20,0,29.33,21.41,-0.07,21.85,-0.04,0.0131,0.0108
7029,10,21,0,29.81,21.97,0.036,21.64,-0.084,0.0131,0.0108
7030,10,22,0,30.43,24.58,0.3,24.3,0.231,0.0131,0.0108
7031,10,23,0,31.15,22.91,0.108,22.73,0.077,0.0131,0.0108
7032,10,0,0,31.93,20.31,-0.196,20.02,-0.22,0.0131,0.0108
7033,10,1,0,32.7,24.38,0.199,24.38,0.223,0.0131,0.0108
7034,10,2,0,33.43,21.74,-0.079,21.66,-0.059,0.0131,0.0108
7035,10,3,0,34.05,23.65,0.157,23.71,0.171,0.0131,0.0108
7036,10,4,0,34.53,22.43,0.069,22.37,0.05,0.0131,0.0108
7037,10,5,0,34.83,20.14,-0.261,20.1,-0.171,0.0131,0.0108
7038,10,6,0,34.93,23.65,0.159,23.47,0.083,0.0131,0.0108
7039,10,7,0,34.83,23.96,0.253,24.17,0.262,0.0131,0.0108
7040,10,8,0,34.53,20.66,-0.06,20.93,-0.152,0.0131,0.0108
7041,10,9,0,34.05,22.24,0.067,22.13,-0.058,0.0131,0.0108
7042,10,10,0,33.43,25.22,0.368,25.19,0.317,0.0131,0.0108
7043,10,11,0,32.7,23.24,0.105,22.54,0.08,0.0131,0.0108
7044,10,12,0,31.93,22.93,0.096,22.44,0.02,0.0131,0.0108
7045,10,13,0,31.15,21.14,-0.055,20.69,-0.098,0.0131,0.0108
7046,10,14,0,30.43,25.68,0.406,25.24,0.349,0.0131,0.0108
7047,10,15,0,29.81,21.63,-0.091,21.35,-0.08,0.0131,0.0108
7048,10,16,0,29.33,22.8,0.136,23.21,0.073,0.0131,0.0108
7049,10,17,0,29.03,21.32,-0.105,21.71,-0.031,0.0131,0.0108
7050,10,18,0,28.93,19.94,-0.301,20.29,-0.22,0.0131,0.0108
7051,10,19,0,29.03,24.08,0.193,24.65,0.264,0.0131,0.0108
7052,10,20,0,29.33,23.86,0.168,23.95,0.18,0.0131,0.0108
7053,10,21,0,29.81,20.15,-0.19,20.22,-0.191,0.0131,0.0108
7054,10,22,0,30.43,21.0,-0.069,20.73,-0.101,0.0131,0.0108
7055,10,23,0,31.15,22.01,-0.042,21.88,0.016,0.0131,0.0108
7056,10,0,0,31.93,22.55,0.073,22.66,0.056,0.0131,0.0108
7057,10,1,0,32.7,20.75,-0.068,20.45,-0.176,0.0131,0.0108
7058,10,2,0,33.43,21.88,-0.072,21.54,-0.069,0.0131,0.0108
7059,10,3,0,34.05,25.03,0.277,25.23,0.355,0.0131,0.0108
7060,10,4,0,34.53,22.27,0.138,22.68,0.099,0.0131,0.0108
7061,10,5,0,34.83,22.64,0.065,22.85,0.03,0.0131,0.0108
7062,10,6,0,34.93,21.52,-0.082,21.23,-0.023,0.0131,0.0108
7063,10,7,0,34.83,24.18,0.259,24.32,0.175,0.0131,0.0108
7064,10,8,1,34.53,23.59,0.047,23.87,0.21,0.0131,0.0108
7065,10,9,1,34.05,20.36,-0.097,19.77,-0.253,0.0131,0.0108
7066,10,10,1,33.43,21.43,-0.073,21.72,-0.033,0.0131,0.0108
7067,10,11,1,32.7,22.2,0.008,22.3,0.034,0.0131,0.0108
7068,10,12,1,31.93,21.74,-0.01,21.85,0.042,0.0131,0.0108
7069,10,13,1,31.15,21.93,0.005,21.87,0.016,0.0131,0.0108
7070,10,14,1,30.43,20.86,-0.239,20.89,-0.119,0.0131,0.0108
7071,10,15,1,29.81,24.11,0.22,23.89,0.173,0.0131,0.0108
7072,10,16,1,29.33,21.21,-0.131,21.5,-0.041,0.0131,0.0108
7073,10,17,1,29.03,22.96,0.104,22.71,0.043,0.0131,0.0108
7074,10,18,1,28.93,23.28,0.111,22.89,0.081,0.0131,0.0108
7075,10,19,0,29.03,24.17,0.265,24.21,0.238,0.0131,0.0108
7076,10,20,0,29.33,23.32,0.183,23.22,0.112,0.0131,0.0108
7077,10,21,0,29.81,19.91,-0.187,19.84,-0.264,0.0131,0.0108
7078,10,22,0,30.43,21.17,-0.043,20.8,-0.069,0.0131,0.0108
7079,10,23,0,31.15,22.19,0.044,22.34,0.081,0.0131,0.0108
7080,10,0,0,31.93,21.52,-0.065,21.46,-0.052,0.0131,0.0108
7081,10,1,0,32.7,26.26,0.383,26.27,0.392,0.0131,0.0108
7082,10,2,0,33.43,24.38,0.271,24.12,0.192,0.0131,0.0108
7083,10,3,0,34.05,20.6,-0.172,20.78,-0.109,0.0131,0.0108
7084,10,4,0,34.53,23.25,0.111,23.41,0.162,0.0131,0.0108
7085,10,5,0,34.83,21.12,-0.053,20.38,-0.157,0.0131,0.0108
7086,10,6,0,34.93,21.58,-0.143,21.14,-0.084,0.0131,0.0108
7087,10,7,0,34.83,24.97,0.279,24.93,0.292,0.0131,0.0108
7088,10,8,1,34.53,25.77,0.33,25.99,0.4,0.0131,0.0108
7089,10,9,1,34.05,23.0,0.138,22.68,0.044,0.0131,0.0108
7090,10,10,1,33.43,20.23,-0.181,20.26,-0.174,0.0131,0.0108
7091,10,11,1,32.7,21.35,-0.008,21.17,-0.07,0.0131,0.0108
7092,10,12,1,31.93,21.06,-0.139,20.48,-0.147,0.0131,0.0108
7093,10,13,1,31.15,21.55,-0.074,21.34,-0.068,0.0131,0.0108
7094,10,14,1,30.43,23.68,0.171,23.68,0.161,0.0131,0.0108
7095,10,15,1,29.81,21.75,0.012,22.02,0.063,0.0131,0.0108
7096,10,16,1,29.33,23.42,0.096,23.27,0.155,0.0131,0.0108
7097,10,17,1,29.03,21.28,-0.11,21.52,-0.037,0.0131,0.0108
7098,10,18,1,28.93,20.91,-0.171,21.14,-0.077,0.0131,0.0108
7099,10,19,0,29.03,22.2,0.001,22.23,0.011,0.0131,0.0108
7100,10,20,0,29.33,22.73,0.023,22.43,0.032,0.0131,0.0108
7101,10,21,0,29.81,21.9,0.037,21.6,-0.05,0.0131,0.0108
7102,10,22,0,30.43,22.16,0.12,21.76,0.049,0.0131,0.0108
7103,10,23,0,31.15,21.33,-0.072,21.7,0.018,0.0131,0.0108
7104,10,0,0,31.93,23.0,-0.025,23.03,0.077,0.0131,0.0108
7105,10,1,0,32.7,22.53,-0.008,22.59,0.037,0.0131,0.0108
7106,10,2,0,33.43,23.33,0.14,22.92,0.129,0.0131,0.0108
7107,10,3,0,34.05,23.08,0.007,23.18,0.093,0.0131,0.0108
7108,10,4,0,34.53,25.58,0.421,25.4,0.322,0.0131,0.0108
7109,10,5,0,34.83,22.08,0.013,22.24,0.035,0.0131,0.0108
7110,10,6,0,34.93,21.27,-0.117,20.93,-0.123,0.0131,0.0108
7111,10,7,0,34.83,22.16,0.02,22.47,0.061,0.0131,0.0108
7112,10,8,1,34.53,22.71,0.072,22.38,0.042,0.0131,0.0108
7113,10,9,1,34.05,23.64,0.062,23.32,0.137,0.0131,0.0108
7114,10,10,1,33.43,23.03,0.104,22.98,0.124,0.0131,0.0108
7115,10,11,1,32.7,21.81,-0.015,21.73,-0.064,0.0131,0.0108
7116,10,12,1,31.93,22.27,0.109,22.25,0.016,0.0131,0.0108
7117,10,13,1,31.15,22.8,0.038,23.08,0.149,0.0131,0.0108
7118,10,14,1,30.43,25.15,0.288,25.14,0.363,0.0131,0.0108
7119,10,15,1,29.81,23.69,0.241,23.72,0.211,0.0131,0.0108
7120,10,16,1,29.33,22.0,0.028,22.07,0.008,0.0131,0.0108
7121,10,17,1,29.03,20.41,-0.227,20.13,-0.172,0.0131,0.0108
7122,10,18,1,28.93,20.72,-0.036,20.78,-0.079,0.0131,0.0108
7123,10,19,0,29.03,19.74,-0.264,19.36,-0.299,0.0131,0.0108
7124,10,20,0,29.33,20.02,-0.163,20.02,-0.17,0.0131,0.0108
7125,10,21,0,29.81,21.79,-0.003,21.71,-0.033,0.0131,0.0108
7126,10,22,0,30.43,23.72,0.153,23.85,0.129,0.0131,0.0108
7127,10,23,0,31.15,24.75,0.293,24.54,0.197,0.0131,0.0108
7128,10,0,0,31.93,22.48,0.056,22.51,0.142,0.0131,0.0108
7129,10,1,0,32.7,21.55,-0.019,21.8,-0.04,0.0131,0.0108
7130,10,2,0,33.43,23.71,0.215,23.66,0.225,0.0131,0.0108
7131,10,3,0,34.05,22.73,0.125,22.64,0.106,0.0131,0.0108
7132,10,4,0,34.53,21.18,-0.049,21.04,-0.1,0.0131,0.0108
7133,10,5,0,34.83,21.07,-0.06,21.23,-0.087,0.0131,0.0108
7134,10,6,0,34.93,22.59,0.004,22.42,0.027,0.0131,0.0108
7135,10,7,0,34.83,22.61,0.04,22.17,0.019,0.0131,0.0108
7136,10,8,1,34.53,24.29,0.167,24.2,0.214,0.0131,0.0108
7137,10,9,1,34.05,21.65,-0.052,21.82,-0.1,0.0131,0.0108
7138,10,10,1,33.43,28.04,0.608,28.08,0.562,0.0131,0.0108
7139,10,11,1,32.7,20.3,-0.153,20.28,-0.151,0.0131,0.0108
7140,10,12,1,31.93,22.86,-0.04,22.5,0.047,0.0131,0.0108
7141,10,13,1,31.15,21.7,0.011,21.32,-0.115,0.0131,0.0108
7142,10,14,1,30.43,23.43,0.149,23.0,0.128,0.0131,0.0108
7143,10,15,1,29.81,21.99,0.095,22.5,0.057,0.0131,0.0108
7144,10,16,1,29.33,23.31,0.158,23.63,0.176,0.0131,0.0108
7145,10,17,1,29.03,21.71,-0.098,21.21,-0.008,0.0131,0.0108
7146,10,18,1,28.93,22.98,0.162,22.91,0.069,0.0131,0.0108
7147,10,19,0,29.03,23.37,0.16,23.4,0.13,0.0131,0.0108
7148,10,20,0,29.33,21.05,-0.134,20.81,-0.119,0.0131,0.0108
7149,10,21,0,29.81,20.17,-0.177,19.79,-0.225,0.0131,0.0108
7150,10,22,0,30.43,22.79,0.204,22.77,0.081,0.0131,0.0108
7151,10,23,0,31.15,21.93,0.044,21.96,-0.005,0.0131,0.0108
7152,10,0,0,31.93,23.53,0.138,23.65,0.168,0.0131,0.0108
7153,10,1,0,32.7,24.9,0.241,24.97,0.288,0.0131,0.0108
7154,10,2,0,33.43,19.33,-0.202,19.37,-0.303,0.0131,0.0108
7155,10,3,0,34.05,22.72,0.127,23.02,0.14,0.0131,0.0108
7156,10,4,0,34.53,19.7,-0.306,19.85,-0.245,0.0131,0.0108
7157,10,5,0,34.83,23.73,0.209,23.78,0.15,0.0131,0.0108
7158,10,6,0,34.93,24.71,0.316,24.92,0.259,0.0131,0.0108
7159,10,7,0,34.83,24.26,0.195,24.16,0.235,0.0131,0.0108
7160,10,8,1,34.53,23.37,0.24,23.12,0.167,0.0131,0.0108
7161,10,9,1,34.05,23.41,0.157,23.54,0.107,0.0131,0.0108
7162,10,10,1,33.43,22.67,0.038,22.7,0.061,0.0131,0.0108
7163,10,11,1,32.7,18.93,-0.261,18.6,-0.288,0.0131,0.0108
7164,10,12,1,31.93,21.08,-0.037,21.14,-0.102,0.0131,0.0108
7165,10,13,1,31.15,23.51,0.211,23.5,0.112,0.0131,0.0108
7166,10,14,1,30.43,20.84,-0.111,20.93,-0.109,0.0131,0.0108
7167,10,15,1,29.81,23.36,0.068,23.08,0.093,0.0131,0.0108
7168,10,16,1,29.33,21.92,0.055,21.83,0.006,0.0131,0.0108
7169,10,17,1,29.03,23.3,0.108,23.37,0.111,0.0131,0.0108
7170,10,18,1,28.93,20.7,-0.132,20.5,-0.185,0.0131,0.0108
7171,10,19,0,29.03,22.75,0.056,22.7,0.104,0.0131,0.0108
7172,10,20,0,29.33,18.81,-0.437,18.69,-0.323,0.0131,0.0108
7173,10,21,0,29.81,23.64,0.103,23.24,0.073,0.0131,0.0108
7174,10,22,0,30.43,22.6,0.046,22.49,0.038,0.0131,0.0108
7175,10,23,0,31.15,21.04,-0.082,21.38,-0.098,0.0131,0.0108
7176,10,0,0,31.93,21.45,0.015,21.19,-0.06,0.0131,0.0108
7177,10,1,0,32.7,22.31,0.104,22.82,0.075,0.0131,0.0108
7178,10,2,0,33.43,21.88,-0.059,21.78,0.03,0.0131,0.0108
7179,10,3,0,34.05,20.99,-0.066,21.25,-0.084,0.0131,0.0108
7180,10,4,0,34.53,25.22,0.318,24.75,0.26,0.0131,0.0108
7181,10,5,0,34.83,23.94,0.108,24.05,0.242,0.0131,0.0108
7182,10,6,0,34.93,23.23,0.105,22.92,0.053,0.0131,0.0108
7183,10,7,0,34.83,22.24,0.008,22.29,0.015,0.0131,0.0108
7184,10,8,0,34.53,20.08,-0.288,20.18,-0.181,0.0131,0.0108
7185,10,9,0,34.05,19.8,-0.22,19.82,-0.206,0.0131,0.0108
7186,10,10,0,33.43,23.79,0.099,24.11,0.209,0.0131,0.0108
7187,10,11,0,32.7,25.52,0.31,25.55,0.353,0.0131,0.0108
7188,10,12,0,31.93,21.92,0.036,21.57,-0.025,0.0131,0.0108
7189,10,13,0,31.15,20.5,-0.178,20.47,-0.201,0.0131,0.0108
7190,10,14,0,30.43,20.38,-0.165,20.0,-0.214,0.0131,0.0108
7191,10,15,0,29.81,21.06,-0.057,20.94,-0.095,0.0131,0.0108
7192,10,16,0,29.33,24.0,0.28,23.93,0.204,0.0131,0.0108
7193,10,17,0,29.03,21.77,-0.086,21.79,-0.03,0.0131,0.0108
7194,10,18,0,28.93,23.14,0.094,23.33,0.215,0.0131,0.0108
7195,10,19,0,29.03,22.24,0.085,21.74,-0.008,0.0131,0.0108
7196,10,20,0,29.33,22.85,0.104,22.71,0.119,0.0131,0.0108
7197,10,21,0,29.81,22.8,-0.092,22.36,0.048,0.0131,0.0108
7198,10,22,0,30.43,21.02,-0.138,20.99,-0.127,0.0131,0.0108
7199,10,23,0,31.15,21.35,-0.026,21.15,-0.068,0.0131,0.0108
7200,10,0,0,31.93,20.69,-0.112,20.37,-0.132,0.0131,0.0108
7201,10,1,0,32.7,24.06,0.255,23.75,0.122,0.0131,0.0108
7202,10,2,0,33.43,22.2,-0.084,22.34,0.097,0.0131,0.0108
7203,10,3,0,34.05,24.49,0.201,24.68,0.266,0.0131,0.0108
7204,10,4,0,34.53,23.69,0.16,23.35,0.162,0.0131,0.0108
7205,10,5,0,34.83,20.26,-0.262,20.36,-0.193,0.0131,0.0108
7206,10,6,0,34.93,21.74,-0.061,21.9,-0.007,0.0131,0.0108
7207,10,7,0,34.83,21.47,0.009,21.31,-0.104,0.0131,0.0108
7208,10,8,0,34.53,23.64,0.135,23.64,0.127,0.0131,0.0108
7209,10,9,0,34.05,20.78,-0.129,20.56,-0.126,0.0131,0.0108
7210,10,10,0,33.43,22.05,0.001,21.98,0.012,0.0131,0.0108
7211,10,11,0,32.7,23.47,0.133,23.05,0.142,0.0131,0.0108
7212,10,12,0,31.93,20.53,-0.156,20.55,-0.162,0.0131,0.0108
7213,10,13,0,31.15,24.89,0.364,24.9,0.29,0.0131,0.0108
7214,10,14,0,30.43,23.19,0.091,23.02,0.114,0.0131,0.0108
7215,10,15,0,29.81,23.14,0.133,23.32,0.092,0.0131,0.0108
7216,10,16,0,29.33,21.29,-0.169,21.55,-0.037,0.0131,0.0108
7217,10,17,0,29.03,22.33,0.054,22.59,0.039,0.0131,0.0108
7218,10,18,0,28.93,21.44,-0.027,21.28,-0.141,0.0131,0.0108
7219,10,19,0,29.03,22.74,0.083,22.47,0.057,0.0131,0.0108
7220,10,20,0,29.33,20.01,-0.192,19.94,-0.204,0.0131,0.0108
7221,10,21,0,29.81,22.32,-0.022,21.95,-0.046,0.0131,0.0108
7222,10,22,0,30.43,23.33,0.131,23.3,0.078,0.0131,0.0108
7223,10,23,0,31.15,22.45,-0.047,22.64,0.048,0.0131,0.0108
7224,10,0,0,31.93,20.14,-0.231,20.02,-0.187,0.0131,0.0108
7225,10,1,0,32.7,22.75,0.073,23.14,0.124,0.0131,0.0108
7226,10,2,0,33.43,21.66,0.008,21.33,-0.029,0.0131,0.0108
7227,10,3,0,34.05,23.56,0.107,23.6,0.194,0.0131,0.0108
7228,10,4,0,34.53,23.37,0.079,23.98,0.224,0.0131,0.0108
7229,10,5,0,34.83,23.32,0.201,23.22,0.134,0.0131,0.0108
7230,10,6,0,34.93,21.09,-0.138,21.06,-0.108,0.0131,0.0108
7231,10,7,0,34.83,23.56,0.167,23.85,0.163,0.0131,0.0108
7232,10,8,1,34.53,23.07,0.009,23.29,0.132,0.0131,0.0108
7233,10,9,1,34.05,22.21,0.041,22.5,0.065,0.0131,0.0108
7234,10,10,1,33.43,21.78,0.025,21.78,-0.024,0.0131,0.0108
7235,10,11,1,32.7,22.76,0.073,22.3,-0.03,0.0131,0.0108
7236,10,12,1,31.93,21.73,0.011,21.74,-0.055,0.0131,0.0108
7237,10,13,1,31.15,23.06,0.074,23.5,0.104,0.0131,0.0108
7238,10,14,1,30.43,22.93,0.053,22.58,0.085,0.0131,0.0108
7239,10,15,1,29.81,25.32,0.295,25.02,0.288,0.0131,0.0108
7240,10,16,1,29.33,21.68,-0.059,22.26,0.014,0.0131,0.0108
7241,10,17,1,29.03,24.92,0.342,25.1,0.283,0.0131,0.0108
7242,10,18,1,28.93,21.7,0.011,21.39,-0.024,0.0131,0.0108
7243,10,19,0,29.03,21.6,-0.056,21.49,-0.097,0.0131,0.0108
7244,10,20,0,29.33,21.49,-0.095,21.72,-0.025,0.0131,0.0108
7245,10,21,0,29.81,20.54,-0.174,20.49,-0.187,0.0131,0.0108
7246,10,22,0,30.43,23.69,0.12,23.94,0.187,0.0131,0.0108
7247,10,23,0,31.15,22.57,-0.013,22.02,0.041,0.0131,0.0108
7248,10,0,0,31.93,20.9,-0.177,21.28,-0.052,0.0131,0.0108
7249,10,1,0,32.7,22.03,0.096,21.98,-0.039,0.0131,0.0108
7250,10,2,0,33.43,23.39,0.307,23.56,0.124,0.0131,0.0108
7251,10,3,0,34.05,21.56,-0.054,21.81,-0.033,0.0131,0.0108
7252,10,4,0,34.53,23.94,0.149,23.86,0.207,0.0131,0.0108
7253,10,5,0,34.83,23.06,0.088,22.97,0.069,0.0131,0.0108
7254,10,6,0,34.93,23.59,0.12,23.48,0.109,0.0131,0.0108
7255,10,7,0,34.83,23.09,0.008,22.94,0.057,0.0131,0.0108
7256,10,8,1,34.53,22.15,0.003,22.09,-0.003,0.0131,0.0108
7257,10,9,1,34.05,20.29,-0.112,20.02,-0.167,0.0131,0.0108
7258,10,10,1,33.43,23.37,0.182,23.51,0.118,0.0131,0.0108
7259,10,11,1,32.7,22.55,-0.0,22.21,0.032,0.0131,0.0108
7260,10,12,1,31.93,23.92,0.274,23.86,0.193,0.0131,0.0108
7261,10,13,1,31.15,21.33,-0.016,21.01,-0.095,0.0131,0.0108
7262,10,14,1,30.43,23.51,0.164,22.72,0.056,0.0131,0.0108
7263,10,15,1,29.81,20.41,-0.104,20.39,-0.093,0.0131,0.0108
7264,10,16,1,29.33,22.86,0.048,22.65,0.094,0.0131,0.0108
7265,10,17,1,29.03,21.0,-0.085,21.19,-0.075,0.0131,0.0108
7266,10,18,1,28.93,20.15,-0.258,20.04,-0.214,0.0131,0.0108
7267,10,19,0,29.03,23.88,0.198,24.25,0.207,0.0131,0.0108
7268,10,20,0,29.33,24.88,0.231,24.71,0.292,0.0131,0.0108
7269,10,21,0,29.81,23.19,0.124,23.02,0.116,0.0131,0.0108
7270,10,22,0,30.43,22.81,0.055,22.94,0.11,0.0131,0.0108
7271,10,23,0,31.15,22.53,0.04,22.38,0.036,0.0131,0.0108
7272,10,0,0,31.93,20.33,-0.164,20.14,-0.226,0.0131,0.0108
7273,10,1,0,32.7,21.57,-0.099,22.29,0.017,0.0131,0.0108
7274,10,2,0,33.43,21.25,-0.116,21.21,-0.086,0.0131,0.0108
7275,10,3,0,34.05,21.42,-0.054,21.74,-0.056,0.0131,0.0108
7276,10,4,0,34.53,23.76,0.098,23.47,0.147,0.0131,0.0108
7277,10,5,0,34.83,25.36,0.27,24.81,0.304,0.0131,0.0108
7278,10,6,0,34.93,21.54,-0.088,21.72,-0.024,0.0131,0.0108
7279,10,7,0,34.83,25.12,0.363,24.76,0.296,0.0131,0.0108
7280,10,8,1,34.53,20.27,-0.17,20.43,-0.154,0.0131,0.0108
7281,10,9,1,34.05,23.0,0.104,22.9,0.097,0.0131,0.0108
7282,10,10,1,33.43,23.62,0.226,23.16,0.081,0.0131,0.0108
7283,10,11,1,32.7,23.64,0.1,23.67,0.182,0.0131,0.0108
7284,10,12,1,31.93,21.08,-0.127,21.4,-0.105,0.0131,0.0108
7285,10,13,1,31.15,24.8,0.323,24.86,0.26,0.0131,0.0108
7286,10,14,1,30.43,19.66,-0.234,20.16,-0.169,0.0131,0.0108
7287,10,15,1,29.81,23.48,0.16,23.38,0.186,0.0131,0.0108
7288,10,16,1,29.33,22.45,-0.054,22.73,0.107,0.0131,0.0108
7289,10,17,1,29.03,20.22,-0.159,20.52,-0.151,0.0131,0.0108
7290,10,18,1,28.93,22.35,-0.006,22.27,0.021,0.0131,0.0108
7291,10,19,0,29.03,25.81,0.338,26.2,0.428,0.0131,0.0108
7292,10,20,0,29.33,22.64,0.014,22.6,0.074,0.0131,0.0108
7293,10,21,0,29.81,23.77,0.275,23.52,0.198,0.0131,0.0108
7294,10,22,0,30.43,23.32,0.152,22.95,0.104,0.0131,0.0108
7295,10,23,0,31.15,23.27,0.118,23.75,0.236,0.0131,0.0108
7296,11,0,0,29.0,23.11,0.231,23.02,0.127,0.012,0.0106
7297,11,1,0,29.78,21.82,0.014,21.84,-0.02,0.012,0.0106
7298,11,2,0,30.5,22.7,-0.014,22.46,0.049,0.012,0.0106
7299,11,3,0,31.12,22.71,0.042,22.87,0.047,0.012,0.0106
7300,11,4,0,31.6,21.05,-0.128,21.37,-0.076,0.012,0.0106
7301,11,5,0,31.9,22.03,-0.032,21.85,-0.042,0.012,0.0106
7302,11,6,0,32.0,24.6,0.322,24.81,0.324,0.012,0.0106
7303,11,7,0,31.9,18.98,-0.332,19.08,-0.259,0.012,0.0106
7304,11,8,1,31.6,21.39,-0.133,21.07,-0.102,0.012,0.0106
7305,11,9,1,31.12,23.87,0.127,23.95,0.26,0.012,0.0106
7306,11,10,1,30.5,23.47,0.212,23.71,0.122,0.012,0.0106
7307,11,11,1,29.78,21.13,-0.127,21.38,-0.07,0.012,0.0106
7308,11,12,1,29.0,22.38,0.02,22.0,0.027,0.012,0.0106
7309,11,13,1,28.22,23.59,0.21,23.93,0.205,0.012,0.0106
7310,11,14,1,27.5,22.99,0.068,23.07,0.076,0.012,0.0106
7311,11,15,1,26.88,21.47,-0.086,21.37,-0.051,0.012,0.0106
7312,11,16,1,26.4,22.8,0.098,22.9,0.125,0.012,0.0106
7313,11,17,1,26.1,22.49,0.075,22.79,0.113,0.012,0.0106
7314,11,18,1,26.0,24.92,0.297,25.09,0.312,0.012,0.0106
7315,11,19,0,26.1,21.79,0.025,21.64,-0.065,0.012,0.0106
7316,11,20,0,26.4,24.92,0.435,24.88,0.267,0.012,0.0106
7317,11,21,0,26.88,22.88,0.048,22.77,0.109,0.012,0.0106
7318,11,22,0,27.5,20.84,-0.087,20.64,-0.114,0.012,0.0106
7319,11,23,0,28.22,20.41,-0.152,20.59,-0.169,0.012,0.0106
7320,11,0,0,29.0,21.32,0.018,20.71,-0.099,0.012,0.0106
7321,11,1,0,29.78,20.57,-0.172,20.81,-0.092,0.012,0.0106
7322,11,2,0,30.5,21.76,-0.039,21.65,-0.055,0.012,0.0106
7323,11,3,0,31.12,24.6,0.265,24.87,0.318,0.012,0.0106
7324,11,4,0,31.6,20.06,-0.17,19.69,-0.209,0.012,0.0106
7325,11,5,0,31.9,22.92,0.039,22.35,0.048,0.012,0.0106
7326,11,6,0,32.0,26.14,0.493,26.51,0.461,0.012,0.0106
7327,11,7,0,31.9,23.0,0.147,22.69,0.067,0.012,0.0106
7328,11,8,1,31.6,23.54,0.168,23.55,0.152,0.012,0.0106
7329,11,9,1,31.12,22.84,0.02,23.14,0.069,0.012,0.0106
7330,11,10,1,30.5,23.14,0.199,23.57,0.12,0.012,0.0106
7331,11,11,1,29.78,21.9,-0.038,21.45,-0.021,0.012,0.0106
7332,11,12,1,29.0,22.48,0.075,22.37,0.013,0.012,0.0106
7333,11,13,1,28.22,24.89,0.269,24.89,0.307,0.012,0.0106
7334,11,14,1,27.5,23.91,0.18,24.39,0.271,0.012,0.0106
7335,11,15,1,26.88,22.65,0.026,22.47,0.014,0.012,0.0106
7336,11,16,1,26.4,21.39,-0.026,21.72,-0.065,0.012,0.0106
7337,11,17,1,26.1,19.88,-0.251,19.55,-0.254,0.012,0.0106
7338,11,18,1,26.0,24.26,0.31,24.09,0.159,0.012,0.0106
7339,11,19,0,26.1,21.98,0.04,22.21,0.011,0.012,0.0106
7340,11,20,0,26.4,24.0,0.166,24.25,0.234,0.012,0.0106
7341,11,21,0,26.88,23.56,0.24,23.37,0.112,0.012,0.0106
7342,11,22,0,27.5,22.72,0.077,22.34,0.002,0.012,0.0106
7343,11,23,0,28.22,22.06,0.046,21.58,-0.031,0.012,0.0106
7344,11,0,0,29.0,24.13,0.27,24.03,0.204,0.012,0.0106
7345,11,1,0,29.78,22.67,0.043,23.3,0.167,0.012,0.0106
7346,11,2,0,30.5,23.22,0.056,23.05,0.074,0.012,0.0106
7347,11,3,0,31.12,24.2,0.224,24.72,0.276,0.012,0.0106
7348,11,4,0,31.6,23.66,0.221,23.69,0.177,0.012,0.0106
7349,11,5,0,31.9,22.7,0.023,22.49,-0.045,0.012,0.0106
7350,11,6,0,32.0,24.35,0.215,24.31,0.172,0.012,0.0106
7351,11,7,0,31.9,21.54,-0.086,21.31,-0.059,0.012,0.0106
7352,11,8,0,31.6,22.68,0.003,22.27,-0.011,0.012,0.0106
7353,11,9,0,31.12,25.22,0.279,25.66,0.307,0.012,0.0106
7354,11,10,0,30.5,22.69,0.085,22.71,0.093,0.012,0.0106
7355,11,11,0,29.78,23.18,0.132,22.84,0.11,0.012,0.0106
7356,11,12,0,29.0,21.41,-0.086,21.5,0.01,0.012,0.0106
7357,11,13,0,28.22,20.51,-0.233,20.86,-0.061,0.012,0.0106
7358,11,14,0,27.5,20.79,-0.203,20.84,-0.156,0.012,0.0106
7359,11,15,0,26.88,23.85,0.197,24.16,0.238,0.012,0.0106
7360,11,16,0,26.4,24.07,0.137,23.86,0.186,0.012,0.0106
7361,11,17,0,26.1,21.63,-0.009,21.75,-0.045,0.012,0.0106
7362,11,18,0,26.0,23.56,0.192,23.75,0.163,0.012,0.0106
7363,11,19,0,26.1,23.67,0.199,23.83,0.233,0.012,0.0106
7364,11,20,0,26.4,22.99,0.044,22.81,0.115,0.012,0.0106
7365,11,21,0,26.88,23.04,0.002,23.54,0.181,0.012,0.0106
7366,11,22,0,27.5,22.11,-0.027,22.0,0.027,0.012,0.0106
7367,11,23,0,28.22,23.42,0.15,23.08,0.129,0.012,0.0106
7368,11,0,0,29.0,22.77,0.062,23.1,0.042,0.012,0.0106
7369,11,1,0,29.78,22.78,0.094,22.83,0.117,0.012,0.0106
7370,11,2,0,30.5,19.57,-0.289,19.5,-0.286,0.012,0.0106
7371,11,3,0,31.12,22.39,0.054,22.6,0.04,0.012,0.0106
7372,11,4,0,31.6,22.28,0.062,22.56,0.039,0.012,0.0106
7373,11,5,0,31.9,21.57,-0.064,21.06,-0.146,0.012,0.0106
7374,11,6,0,32.0,25.6,0.416,25.34,0.389,0.012,0.0106
7375,11,7,0,31.9,22.82,0.016,22.79,0.064,0.012,0.0106
7376,11,8,0,31.6,24.91,0.292,25.01,0.34,0.012,0.0106
7377,11,9,0,31.12,23.54,0.165,23.5,0.127,0.012,0.0106
7378,11,10,0,30.5,21.66,-0.006,21.6,-0.078,0.012,0.0106
7379,11,11,0,29.78,22.61,0.016,22.5,0.038,0.012,0.0106
7380,11,12,0,29.0,19.02,-0.353,18.79,-0.329,0.012,0.0106
7381,11,13,0,28.22,19.08,-0.246,19.14,-0.29,0.012,0.0106
7382,11,14,0,27.5,23.25,0.047,23.09,0.109,0.012,0.0106
7383,11,15,0,26.88,23.52,0.129,23.12,0.105,0.012,0.0106
7384,11,16,0,26.4,26.78,0.382,26.84,0.42,0.012,0.0106
7385,11,17,0,26.1,23.6,0.146,24.34,0.224,0.012,0.0106
7386,11,18,0,26.0,23.15,-0.013,22.91,0.122,0.012,0.0106
7387,11,19,0,26.1,21.58,-0.08,21.9,-0.007,0.012,0.0106
7388,11,20,0,26.4,23.78,0.19,24.1,0.216,0.012,0.0106
7389,11,21,0,26.88,23.43,0.078,23.57,0.119,0.012,0.0106
7390,11,22,0,27.5,19.34,-0.286,19.57,-0.219,0.012,0.0106
7391,11,23,0,28.22,23.11,0.105,22.8,0.067,0.012,0.0106
7392,11,0,0,29.0,21.59,0.084,21.86,0.02,0.012,0.0106
7393,11,1,0,29.78,22.46,0.132,22.84,0.042,0.012,0.0106
7394,11,2,0,30.5,24.34,0.293,24.57,0.281,0.012,0.0106
7395,11,3,0,31.12,22.16,0.033,22.77,0.064,0.012,0.0106
7396,11,4,0,31.6,23.26,0.131,23.55,0.167,0.012,0.0106
7397,11,5,0,31.9,22.63,0.022,22.43,0.001,0.012,0.0106
7398,11,6,0,32.0,24.78,0.106,24.71,0.283,0.012,0.0106
7399,11,7,0,31.9,23.06,0.065,22.5,0.024,0.012,0.0106
7400,11,8,1,31.6,21.39,-0.069,21.75,-0.038,0.012,0.0106
7401,11,9,1,31.12,24.18,0.131,24.33,0.215,0.012,0.0106
7402,11,10,1,30.5,22.98,0.2,22.7,0.074,0.012,0.0106
7403,11,11,1,29.78,21.37,-0.017,21.03,-0.116,0.012,0.0106
7404,11,12,1,29.0,23.07,0.11,22.72,0.053,0.012,0.0106
7405,11,13,1,28.22,22.03,0.054,21.79,-0.036,0.012,0.0106
7406,11,14,1,27.5,22.28,0.109,22.26,0.052,0.012,0.0106
7407,11,15,1,26.88,23.69,0.136,23.21,0.157,0.012,0.0106
7408,11,16,1,26.4,20.74,-0.179,20.77,-0.152,0.012,0.0106
7409,11,17,1,26.1,25.02,0.351,25.24,0.347,0.012,0.0106
7410,11,18,1,26.0,22.29,0.009,22.08,0.003,0.012,0.0106
7411,11,19,0,26.1,25.16,0.289,24.76,0.249,0.012,0.0106
7412,11,20,0,26.4,24.08,0.224,24.64,0.276,0.012,0.0106
7413,11,21,0,26.88,22.64,0.102,22.77,0.09,0.012,0.0106
7414,11,22,0,27.5,23.25,0.036,23.48,0.148,0.012,0.0106
7415,11,23,0,28.22,22.96,0.087,23.08,0.113,0.012,0.0106
7416,11,0,0,29.0,21.42,-0.009,20.89,-0.145,0.012,0.0106
7417,11,1,0,29.78,22.26,0.105,22.03,0.001,0.012,0.0106
7418,11,2,0,30.5,22.03,0.111,22.26,0.038,0.012,0.0106
7419,11,3,0,31.12,21.93,-0.085,22.14,0.016,0.012,0.0106
7420,11,4,0,31.6,25.49,0.354,25.54,0.354,0.012,0.0106
7421,11,5,0,31.9,21.91,0.029,22.0,-0.01,0.012,0.0106
7422,11,6,0,32.0,18.76,-0.217,18.9,-0.321,0.012,0.0106
7423,11,7,0,31.9,20.29,-0.083,20.5,-0.134,0.012,0.0106
7424,11,8,1,31.6,25.09,0.344,25.33,0.317,0.012,0.0106
7425,11,9,1,31.12,22.93,0.09,22.92,0.084,0.012,0.0106
7426,11,10,1,30.5,22.84,0.124,22.45,0.019,0.012,0.0106
7427,11,11,1,29.78,22.12,-0.034,22.22,-0.037,0.012,0.0106
7428,11,12,1,29.0,21.93,0.028,21.5,-0.085,0.012,0.0106
7429,11,13,1,28.22,24.73,0.276,24.73,0.213,0.012,0.0106
7430,11,14,1,27.5,22.72,0.007,22.69,0.072,0.012,0.0106
7431,11,15,1,26.88,21.9,-0.008,21.84,-0.03,0.012,0.0106
7432,11,16,1,26.4,22.87,0.111,22.84,0.069,0.012,0.0106
7433,11,17,1,26.1,20.9,-0.038,20.69,-0.102,0.012,0.0106
7434,11,18,1,26.0,24.32,0.209,24.7,0.279,0.012,0.0106
7435,11,19,0,26.1,22.61,0.047,22.81,0.084,0.012,0.0106
7436,11,20,0,26.4,22.61,0.094,22.77,0.08,0.012,0.0106
7437,11,21,0,26.88,22.69,0.151,22.75,0.023,0.012,0.0106
7438,11,22,0,27.5,21.05,-0.082,21.25,-0.067,0.012,0.0106
7439,11,23,0,28.22,23.5,0.122,23.57,0.175,0.012,0.0106
7440,11,0,0,29.0,22.53,0.088,22.4,0.059,0.012,0.0106
7441,11,1,0,29.78,22.82,0.149,23.34,0.164,0.012,0.0106
7442,11,2,0,30.5,26.35,0.412,26.31,0.456,0.012,0.0106
7443,11,3,0,31.12,22.12,-0.037,22.12,0.031,0.012,0.0106
7444,11,4,0,31.6,20.29,-0.171,20.26,-0.187,0.012,0.0106
7445,11,5,0,31.9,19.86,-0.251,19.33,-0.25,0.012,0.0106
7446,11,6,0,32.0,22.93,0.049,22.93,0.103,0.012,0.0106
7447,11,7,0,31.9,19.8,-0.232,19.08,-0.308,0.012,0.0106
7448,11,8,1,31.6,24.02,0.285,24.07,0.19,0.012,0.0106
7449,11,9,1,31.12,23.23,0.192,23.15,0.109,0.012,0.0106
7450,11,10,1,30.5,23.78,0.157,23.46,0.143,0.012,0.0106
7451,11,11,1,29.78,24.4,0.223,23.74,0.163,0.012,0.0106
7452,11,12,1,29.0,19.38,-0.339,19.25,-0.345,0.012,0.0106
7453,11,13,1,28.22,22.11,-0.002,22.02,0.009,0.012,0.0106
7454,11,14,1,27.5,21.18,-0.084,21.72,0.01,0.012,0.0106
7455,11,15,1,26.88,19.98,-0.168,19.73,-0.234,0.012,0.0106
7456,11,16,1,26.4,20.89,-0.074,20.34,-0.147,0.012,0.0106
7457,11,17,1,26.1,22.86,0.031,22.72,0.07,0.012,0.0106
7458,11,18,1,26.0,20.53,-0.084,20.3,-0.225,0.012,0.0106
7459,11,19,0,26.1,23.52,0.192,23.96,0.208,0.012,0.0106
7460,11,20,0,26.4,21.8,-0.132,21.61,-0.038,0.012,0.0106
7461,11,21,0,26.88,21.9,-0.011,21.69,-0.029,0.012,0.0106
7462,11,22,0,27.5,21.55,-0.009,22.03,0.03,0.012,0.0106
7463,11,23,0,28.22,22.35,-0.01,22.5,0.07,0.012,0.0106
7464,11,0,0,29.0,22.19,0.018,21.89,-0.02,0.012,0.0106
7465,11,1,0,29.78,25.98,0.477,26.12,0.445,0.012,0.0106
7466,11,2,0,30.5,22.56,-0.031,22.42,0.016,0.012,0.0106
7467,11,3,0,31.12,23.49,0.168,23.4,0.079,0.012,0.0106
7468,11,4,0,31.6,23.18,0.029,23.51,0.162,0.012,0.0106
7469,11,5,0,31.9,24.52,0.226,25.02,0.325,0.012,0.0106
7470,11,6,0,32.0,24.64,0.329,24.77,0.275,0.012,0.0106
7471,11,7,0,31.9,23.09,0.101,22.9,0.104,0.012,0.0106
7472,11,8,1,31.6,21.46,-0.016,21.39,0.0,0.012,0.0106
7473,11,9,1,31.12,19.43,-0.27,20.02,-0.169,0.012,0.0106
7474,11,10,1,30.5,24.24,0.188,24.71,0.264,0.012,0.0106
7475,11,11,1,29.78,22.42,0.108,22.31,0.029,0.012,0.0106
7476,11,12,1,29.0,20.07,-0.272,19.88,-0.219,0.012,0.0106
7477,11,13,1,28.22,23.51,0.131,23.31,0.123,0.012,0.0106
7478,11,14,1,27.5,22.71,0.111,22.87,0.154,0.012,0.0106
7479,11,15,1,26.88,22.69,-0.011,22.91,0.079,0.012,0.0106
7480,11,16,1,26.4,22.09,-0.017,21.79,-0.024,0.012,0.0106
7481,11,17,1,26.1,21.74,-0.0,22.52,0.112,0.012,0.0106
7482,11,18,1,26.0,24.74,0.276,24.55,0.242,0.012,0.0106
7483,11,19,0,26.1,22.26,0.004,21.96,0.007,0.012,0.0106
7484,11,20,0,26.4,23.0,0.097,23.08,0.133,0.012,0.0106
7485,11,21,0,26.88,22.11,-0.081,22.53,0.073,0.012,0.0106
7486,11,22,0,27.5,23.23,0.105,23.03,0.117,0.012,0.0106
7487,11,23,0,28.22,23.87,0.219,23.35,0.121,0.012,0.0106
7488,11,0,0,29.0,24.19,0.341,23.64,0.137,0.012,0.0106
7489,11,1,0,29.78,24.64,0.224,24.62,0.27,0.012,0.0106
7490,11,2,0,30.5,24.04,0.239,23.58,0.157,0.012,0.0106
7491,11,3,0,31.12,23.37,0.108,23.37,0.103,0.012,0.0106
7492,11,4,0,31.6,23.51,0.184,23.71,0.184,0.012,0.0106
7493,11,5,0,31.9,23.92,0.098,24.34,0.164,0.012,0.0106
7494,11,6,0,32.0,25.08,0.253,24.67,0.259,0.012,0.0106
7495,11,7,0,31.9,20.02,-0.246,19.9,-0.217,0.012,0.0106
7496,11,8,1,31.6,22.92,0.072,22.82,0.089,0.012,0.0106
7497,11,9,1,31.12,24.07,0.196,24.55,0.309,0.012,0.0106
7498,11,10,1,30.5,23.82,0.118,23.45,0.127,0.012,0.0106
7499,11,11,1,29.78,24.67,0.172,24.52,0.245,0.012,0.0106
7500,11,12,1,29.0,19.53,-0.276,19.21,-0.274,0.012,0.0106
7501,11,13,1,28.22,24.04,0.145,24.24,0.213,0.012,0.0106
7502,11,14,1,27.5,22.61,0.048,22.54,0.002,0.012,0.0106
7503,11,15,1,26.88,20.77,-0.278,20.65,-0.116,0.012,0.0106
7504,11,16,1,26.4,20.44,-0.126,20.65,-0.152,0.012,0.0106
7505,11,17,1,26.1,24.0,0.185,24.22,0.21,0.012,0.0106
7506,11,18,1,26.0,24.15,0.267,24.22,0.15,0.012,0.0106
7507,11,19,0,26.1,22.65,0.063,22.17,0.039,0.012,0.0106
7508,11,20,0,26.4,25.11,0.285,24.83,0.28,0.012,0.0106
7509,11,21,0,26.88,21.04,-0.1,21.33,-0.063,0.012,0.0106
7510,11,22,0,27.5,23.43,0.102,23.41,0.139,0.012,0.0106
7511,11,23,0,28.22,21.22,-0.029,21.25,-0.11,0.012,0.0106
7512,11,0,0,29.0,20.2,-0.218,20.22,-0.177,0.012,0.0106
7513,11,1,0,29.78,22.98,0.133,22.34,-0.001,0.012,0.0106
7514,11,2,0,30.5,22.47,0.019,22.27,0.078,0.012,0.0106
7515,11,3,0,31.12,22.98,0.105,23.25,0.144,0.012,0.0106
7516,11,4,0,31.6,23.13,0.168,23.2,0.125,0.012,0.0106
7517,11,5,0,31.9,25.93,0.336,26.22,0.416,0.012,0.0106
7518,11,6,0,32.0,23.1,0.144,23.11,0.135,0.012,0.0106
7519,11,7,0,31.9,20.46,-0.179,20.84,-0.133,0.012,0.0106
7520,11,8,0,31.6,21.6,-0.053,21.84,-0.036,0.012,0.0106
7521,11,9,0,31.12,21.86,-0.056,21.33,-0.105,0.012,0.0106
7522,11,10,0,30.5,22.1,0.037,22.3,0.067,0.012,0.0106
7523,11,11,0,29.78,24.05,0.206,23.89,0.188,0.012,0.0106
7524,11,12,0,29.0,19.27,-0.281,18.91,-0.314,0.012,0.0106
7525,11,13,0,28.22,23.27,0.038,23.41,0.156,0.012,0.0106
7526,11,14,0,27.5,22.77,0.13,22.95,0.091,0.012,0.0106
7527,11,15,0,26.88,24.37,0.19,24.1,0.223,0.012,0.0106
7528,11,16,0,26.4,21.95,0.094,22.03,0.014,0.012,0.0106
7529,11,17,0,26.1,22.82,-0.003,22.56,0.054,0.012,0.0106
7530,11,18,0,26.0,24.1,0.23,24.0,0.243,0.012,0.0106
7531,11,19,0,26.1,24.6,0.269,24.73,0.228,0.012,0.0106
7532,11,20,0,26.4,21.55,-0.087,21.47,-0.045,0.012,0.0106
7533,11,21,0,26.88,25.37,0.349,25.82,0.406,0.012,0.0106
7534,11,22,0,27.5,21.41,-0.137,21.85,0.012,0.012,0.0106
7535,11,23,0,28.22,23.24,0.114,23.02,0.068,0.012,0.0106
7536,11,0,0,29.0,20.86,-0.075,20.39,-0.125,0.012,0.0106
7537,11,1,0,29.78,19.26,-0.275,19.81,-0.21,0.012,0.0106
7538,11,2,0,30.5,20.29,-0.161,20.69,-0.097,0.012,0.0106
7539,11,3,0,31.12,24.33,0.201,24.73,0.267,0.012,0.0106
7540,11,4,0,31.6,21.58,-0.025,21.85,0.017,0.012,0.0106
7541,11,5,0,31.9,24.17,0.284,23.65,0.194,0.012,0.0106
7542,11,6,0,32.0,21.95,-0.012,22.05,0.024,0.012,0.0106
7543,11,7,0,31.9,21.94,-0.002,22.09,-0.004,0.012,0.0106
7544,11,8,0,31.6,22.79,0.044,23.6,0.152,0.012,0.0106
7545,11,9,0,31.12,21.5,-0.009,21.33,-0.046,0.012,0.0106
7546,11,10,0,30.5,22.49,0.089,22.8,0.075,0.012,0.0106
7547,11,11,0,29.78,20.2,-0.172,20.45,-0.155,0.012,0.0106
7548,11,12,0,29.0,21.8,-0.002,22.02,-0.005,0.012,0.0106
7549,11,13,0,28.22,20.66,-0.104,20.98,-0.094,0.012,0.0106
7550,11,14,0,27.5,18.51,-0.361,18.5,-0.368,0.012,0.0106
7551,11,15,0,26.88,23.63,0.185,23.85,0.216,0.012,0.0106
7552,11,16,0,26.4,20.97,-0.1,20.83,-0.136,0.012,0.0106
7553,11,17,0,26.1,23.59,0.224,23.43,0.115,0.012,0.0106
7554,11,18,0,26.0,25.7,0.365,26.31,0.465,0.012,0.0106
7555,11,19,0,26.1,21.9,-0.019,22.2,-0.018,0.012,0.0106
7556,11,20,0,26.4,17.2,-0.466,17.12,-0.448,0.012,0.0106
7557,11,21,0,26.88,22.55,0.033,22.86,0.075,0.012,0.0106
7558,11,22,0,27.5,24.08,0.209,23.34,0.122,0.012,0.0106
7559,11,23,0,28.22,24.54,0.28,24.38,0.266,0.012,0.0106
7560,11,0,0,29.0,20.26,-0.195,20.22,-0.15,0.012,0.0106
7561,11,1,0,29.78,23.51,0.099,23.44,0.175,0.012,0.0106
7562,11,2,0,30.5,22.4,-0.037,21.91,0.004,0.012,0.0106
7563,11,3,0,31.12,20.59,-0.188,21.14,-0.086,0.012,0.0106
7564,11,4,0,31.6,22.74,-0.038,22.52,0.058,0.012,0.0106
7565,11,5,0,31.9,21.37,-0.069,21.41,-0.052,0.012,0.0106
7566,11,6,0,32.0,24.84,0.261,24.68,0.218,0.012,0.0106
7567,11,7,0,31.9,22.21,-0.003,22.33,0.046,0.012,0.0106
7568,11,8,1,31.6,22.23,0.039,21.84,-0.022,0.012,0.0106
7569,11,9,1,31.12,22.68,0.036,22.51,0.056,0.012,0.0106
7570,11,10,1,30.5,22.15,0.055,22.67,0.083,0.012,0.0106
7571,11,11,1,29.78,22.23,-0.017,21.63,-0.057,0.012,0.0106
7572,11,12,1,29.0,22.09,0.042,22.08,0.016,0.012,0.0106
7573,11,13,1,28.22,24.24,0.237,24.15,0.225,0.012,0.0106
7574,11,14,1,27.5,22.87,0.127,23.25,0.086,0.012,0.0106
7575,11,15,1,26.88,22.33,0.14,22.32,0.023,0.012,0.0106
7576,11,16,1,26.4,21.03,-0.073,21.16,-0.086,0.012,0.0106
7577,11,17,1,26.1,22.17,-0.026,22.45,0.035,0.012,0.0106
7578,11,18,1,26.0,21.72,-0.014,22.04,-0.027,0.012,0.0106
7579,11,19,0,26.1,21.05,-0.041,21.62,-0.013,0.012,0.0106
7580,11,20,0,26.4,22.52,-0.003,22.97,0.12,0.012,0.0106
7581,11,21,0,26.88,21.84,0.02,21.76,-0.028,0.012,0.0106
7582,11,22,0,27.5,21.85,-0.115,21.7,-0.007,0.012,0.0106
7583,11,23,0,28.22,20.99,-0.115,21.55,-0.006,0.012,0.0106
7584,11,0,0,29.0,19.79,-0.172,20.01,-0.16,0.012,0.0106
7585,11,1,0,29.78,20.21,-0.15,20.0,-0.196,0.012,0.0106
7586,11,2,0,30.5,22.94,0.172,22.83,0.161,0.012,0.0106
7587,11,3,0,31.12,22.66,0.068,22.79,0.118,0.012,0.0106
7588,11,4,0,31.6,23.74,0.144,23.42,0.112,0.012,0.0106
7589,11,5,0,31.9,26.54,0.424,26.73,0.453,0.012,0.0106
7590,11,6,0,32.0,23.71,0.211,23.98,0.185,0.012,0.0106
7591,11,7,0,31.9,22.96,0.049,22.99,0.071,0.012,0.0106
7592,11,8,1,31.6,23.12,0.139,23.18,0.141,0.012,0.0106
7593,11,9,1,31.12,24.75,0.306,24.52,0.274,0.012,0.0106
7594,11,10,1,30.5,22.03,-0.011,22.07,0.07,0.012,0.0106
7595,11,11,1,29.78,22.66,0.053,22.79,0.065,0.012,0.0106
7596,11,12,1,29.0,20.55,-0.107,20.88,-0.121,0.012,0.0106
7597,11,13,1,28.22,21.15,-0.11,21.2,-0.086,0.012,0.0106
7598,11,14,1,27.5,20.6,-0.128,20.67,-0.1,0.012,0.0106
7599,11,15,1,26.88,22.27,-0.05,22.17,0.05,0.012,0.0106
7600,11,16,1,26.4,23.84,0.117,23.85,0.148,0.012,0.0106
7601,11,17,1,26.1,21.68,-0.018,21.97,-0.048,0.012,0.0106
7602,11,18,1,26.0,23.11,0.085,22.85,0.115,0.012,0.0106
7603,11,19,0,26.1,23.65,0.164,23.98,0.224,0.012,0.0106
7604,11,20,0,26.4,21.62,-0.054,21.54,-0.045,0.012,0.0106
7605,11,21,0,26.88,20.57,-0.07,20.5,-0.182,0.012,0.0106
7606,11,22,0,27.5,20.51,-0.016,20.13,-0.173,0.012,0.0106
7607,11,23,0,28.22,22.09,0.021,22.12,-0.008,0.012,0.0106
7608,11,0,0,29.0,21.72,-0.064,21.68,-0.044,0.012,0.0106
7609,11,1,0,29.78,23.03,0.233,22.73,0.096,0.012,0.0106
7610,11,2,0,30.5,20.59,-0.175,19.85,-0.194,0.012,0.0106
7611,11,3,0,31.12,23.24,0.093,23.2,0.093,0.012,0.0106
7612,11,4,0,31.6,21.9,-0.03,21.59,-0.001,0.012,0.0106
7613,11,5,0,31.9,21.34,-0.028,21.53,-0.08,0.012,0.0106
7614,11,6,0,32.0,21.23,-0.123,21.56,-0.046,0.012,0.0106
7615,11,7,0,31.9,25.56,0.36,25.85,0.411,0.012,0.0106
7616,11,8,1,31.6,22.42,-0.061,22.72,0.068,0.012,0.0106
7617,11,9,1,31.12,19.37,-0.275,19.42,-0.217,0.012,0.0106
7618,11,10,1,30.5,23.57,0.136,23.41,0.152,0.012,0.0106
7619,11,11,1,29.78,21.64,0.03,21.63,-0.062,0.012,0.0106
7620,11,12,1,29.0,21.83,0.141,21.74,-0.008,0.012,0.0106
7621,11,13,1,28.22,24.2,0.262,24.43,0.257,0.012,0.0106
7622,11,14,1,27.5,23.05,0.123,22.61,0.058,0.012,0.0106
7623,11,15,1,26.88,23.32,0.17,23.3,0.158,0.012,0.0106
7624,11,16,1,26.4,18.13,-0.48,18.0,-0.393,0.012,0.0106
7625,11,17,1,26.1,22.05,0.015,22.46,0.031,0.012,0.0106
7626,11,18,1,26.0,23.91,0.166,23.81,0.193,0.012,0.0106
7627,11,19,0,26.1,24.92,0.32,25.18,0.4,0.012,0.0106
7628,11,20,0,26.4,21.4,-0.053,21.17,-0.037,0.012,0.0106
7629,11,21,0,26.88,21.09,-0.163,21.61,-0.042,0.012,0.0106
7630,11,22,0,27.5,22.76,0.045,22.5,0.073,0.012,0.0106
7631,11,23,0,28.22,24.66,0.275,24.03,0.199,0.012,0.0106
7632,11,0,0,29.0,22.66,0.002,22.57,0.103,0.012,0.0106
7633,11,1,0,29.78,24.24,0.199,24.21,0.202,0.012,0.0106
7634,11,2,0,30.5,18.62,-0.299,18.73,-0.323,0.012,0.0106
7635,11,3,0,31.12,22.37,-0.006,22.41,0.026,0.012,0.0106
7636,11,4,0,31.6,22.25,0.094,22.46,0.039,0.012,0.0106
7637,11,5,0,31.9,20.93,-0.006,20.94,-0.134,0.012,0.0106
7638,11,6,0,32.0,23.83,0.165,24.23,0.202,0.012,0.0106
7639,11,7,0,31.9,23.36,0.171,23.47,0.209,0.012,0.0106
7640,11,8,1,31.6,22.75,0.078,22.39,0.047,0.012,0.0106
7641,11,9,1,31.12,24.4,0.22,24.34,0.193,0.012,0.0106
7642,11,10,1,30.5,23.32,0.121,24.33,0.246,0.012,0.0106
7643,11,11,1,29.78,21.68,-0.01,21.29,-0.07,0.012,0.0106
7644,11,12,1,29.0,18.92,-0.287,19.4,-0.257,0.012,0.0106
7645,11,13,1,28.22,21.87,0.009,21.99,0.011,0.012,0.0106
7646,11,14,1,27.5,24.1,0.31,24.49,0.224,0.012,0.0106
7647,11,15,1,26.88,21.64,-0.075,21.75,-0.044,0.012,0.0106
7648,11,16,1,26.4,23.21,0.185,23.48,0.143,0.012,0.0106
7649,11,17,1,26.1,23.19,0.12,23.27,0.102,0.012,0.0106
7650,11,18,1,26.0,21.09,-0.133,21.29,-0.125,0.012,0.0106
7651,11,19,0,26.1,22.45,-0.095,22.89,0.08,0.012,0.0106
7652,11,20,0,26.4,23.51,0.141,22.97,0.062,0.012,0.0106
7653,11,21,0,26.88,20.99,-0.157,20.87,-0.149,0.012,0.0106
7654,11,22,0,27.5,22.41,0.079,23.08,0.138,0.012,0.0106
7655,11,23,0,28.22,23.7,0.185,23.49,0.182,0.012,0.0106
7656,11,0,0,29.0,23.74,0.2,23.8,0.254,0.012,0.0106
7657,11,1,0,29.78,23.76,0.172,23.66,0.135,0.012,0.0106
7658,11,2,0,30.5,26.02,0.406,26.5,0.516,0.012,0.0106
7659,11,3,0,31.12,23.45,0.19,23.32,0.144,0.012,0.0106
7660,11,4,0,31.6,23.76,0.135,23.35,0.179,0.012,0.0106
7661,11,5,0,31.9,25.04,0.415,25.46,0.364,0.012,0.0106
7662,11,6,0,32.0,23.26,0.097,22.99,0.039,0.012,0.0106
7663,11,7,0,31.9,22.02,0.056,21.4,-0.048,0.012,0.0106
7664,11,8,1,31.6,19.46,-0.156,19.4,-0.263,0.012,0.0106
7665,11,9,1,31.12,21.0,-0.188,20.47,-0.137,0.012,0.0106
7666,11,10,1,30.5,21.85,-0.037,21.74,-0.03,0.012,0.0106
7667,11,11,1,29.78,20.66,-0.205,20.75,-0.147,0.012,0.0106
7668,11,12,1,29.0,24.02,0.236,24.13,0.277,0.012,0.0106
7669,11,13,1,28.22,22.41,0.028,22.42,0.028,0.012,0.0106
7670,11,14,1,27.5,20.98,-0.084,21.01,-0.087,0.012,0.0106
7671,11,15,1,26.88,22.6,0.061,22.87,0.075,0.012,0.0106
7672,11,16,1,26.4,21.11,-0.016,20.64,-0.156,0.012,0.0106
7673,11,17,1,26.1,21.11,-0.103,20.99,-0.052,0.012,0.0106
7674,11,18,1,26.0,22.01,0.004,22.8,0.141,0.012,0.0106
7675,11,19,0,26.1,23.84,0.263,23.95,0.229,0.012,0.0106
7676,11,20,0,26.4,23.45,0.12,24.15,0.185,0.012,0.0106
7677,11,21,0,26.88,21.49,0.021,22.01,-0.015,0.012,0.0106
7678,11,22,0,27.5,18.97,-0.354,18.91,-0.324,0.012,0.0106
7679,11,23,0,28.22,20.92,-0.014,20.44,-0.177,0.012,0.0106
7680,11,0,0,29.0,24.62,0.205,24.55,0.271,0.012,0.0106
7681,11,1,0,29.78,21.91,-0.001,21.85,-0.039,0.012,0.0106
7682,11,2,0,30.5,20.07,-0.145,20.05,-0.222,0.012,0.0106
7683,11,3,0,31.12,22.73,0.069,23.18,0.121,0.012,0.0106
7684,11,4,0,31.6,22.58,0.009,22.38,0.008,0.012,0.0106
7685,11,5,0,31.9,23.05,0.145,23.28,0.117,0.012,0.0106
7686,11,6,0,32.0,24.14,0.218,24.23,0.123,0.012,0.0106
7687,11,7,0,31.9,21.27,-0.041,20.82,-0.115,0.012,0.0106
7688,11,8,0,31.6,20.89,-0.182,20.98,-0.133,0.012,0.0106
7689,11,9,0,31.12,21.43,0.013,21.6,-0.058,0.012,0.0106
7690,11,10,0,30.5,24.48,0.26,24.5,0.248,0.012,0.0106
7691,11,11,0,29.78,22.2,0.057,22.34,0.007,0.012,0.0106
7692,11,12,0,29.0,22.22,0.03,22.72,0.08,0.012,0.0106
7693,11,13,0,28.22,24.25,0.223,24.1,0.235,0.012,0.0106
7694,11,14,0,27.5,24.36,0.199,23.65,0.135,0.012,0.0106
7695,11,15,0,26.88,22.31,0.065,22.04,0.009,0.012,0.0106
7696,11,16,0,26.4,23.83,0.217,24.12,0.202,0.012,0.0106
7697,11,17,0,26.1,22.66,-0.003,22.52,0.08,0.012,0.0106
7698,11,18,0,26.0,22.37,0.064,21.92,-0.014,0.012,0.0106
7699,11,19,0,26.1,19.41,-0.294,19.0,-0.294,0.012,0.0106
7700,11,20,0,26.4,23.68,0.198,23.91,0.19,0.012,0.0106
7701,11,21,0,26.88,25.08,0.319,25.29,0.346,0.012,0.0106
7702,11,22,0,27.5,21.9,-0.114,21.88,-0.023,0.012,0.0106
7703,11,23,0,28.22,25.14,0.319,25.18,0.348,0.012,0.0106
7704,11,0,0,29.0,23.04,0.105,22.8,0.046,0.012,0.0106
7705,11,1,0,29.78,22.78,0.124,22.52,0.037,0.012,0.0106
7706,11,2,0,30.5,21.26,-0.055,21.23,-0.113,0.012,0.0106
7707,11,3,0,31.12,21.72,0.039,21.75,-0.101,0.012,0.0106
7708,11,4,0,31.6,23.42,0.118,23.31,0.11,0.012,0.0106
7709,11,5,0,31.9,21.95,-0.031,22.14,0.064,0.012,0.0106
7710,11,6,0,32.0,23.44,0.135,23.5,0.185,0.012,0.0106
7711,11,7,0,31.9,24.5,0.215,24.16,0.235,0.012,0.0106
7712,11,8,0,31.6,23.91,0.153,23.81,0.184,0.012,0.0106
7713,11,9,0,31.12,24.72,0.208,24.73,0.276,0.012,0.0106
7714,11,10,0,30.5,23.67,0.23,23.64,0.19,0.012,0.0106
7715,11,11,0,29.78,22.41,-0.051,22.42,0.078,0.012,0.0106
7716,11,12,0,29.0,22.01,-0.027,21.89,0.002,0.012,0.0106
7717,11,13,0,28.22,20.81,-0.122,20.51,-0.168,0.012,0.0106
7718,11,14,0,27.5,23.0,0.18,22.83,0.103,0.012,0.0106
7719,11,15,0,26.88,23.52,0.272,23.34,0.121,0.012,0.0106
7720,11,16,0,26.4,21.43,-0.047,21.64,-0.06,0.012,0.0106
7721,11,17,0,26.1,25.79,0.38,26.09,0.481,0.012,0.0106
7722,11,18,0,26.0,23.72,0.286,23.71,0.191,0.012,0.0106
7723,11,19,0,26.1,23.42,0.145,23.31,0.118,0.012,0.0106
7724,11,20,0,26.4,24.66,0.334,24.18,0.191,0.012,0.0106
7725,11,21,0,26.88,22.41,0.015,22.32,0.053,0.012,0.0106
7726,11,22,0,27.5,22.49,0.057,22.29,0.008,0.012,0.0106
7727,11,23,0,28.22,21.69,-0.053,21.24,-0.061,0.012,0.0106
7728,11,0,0,29.0,22.56,0.186,23.1,0.096,0.012,0.0106
7729,11,1,0,29.78,21.25,-0.058,21.59,-0.007,0.012,0.0106
7730,11,2,0,30.5,23.1,0.1,23.04,0.117,0.012,0.0106
7731,11,3,0,31.12,22.18,-0.047,22.55,0.091,0.012,0.0106
7732,11,4,0,31.6,19.69,-0.248,19.73,-0.272,0.012,0.0106
7733,11,5,0,31.9,19.41,-0.257,19.08,-0.31,0.012,0.0106
7734,11,6,0,32.0,20.94,-0.168,21.34,-0.045,0.012,0.0106
7735,11,7,0,31.9,21.17,-0.114,20.83,-0.098,0.012,0.0106
7736,11,8,1,31.6,20.44,-0.204,20.53,-0.171,0.012,0.0106
7737,11,9,1,31.12,23.1,0.065,23.75,0.197,0.012,0.0106
7738,11,10,1,30.5,22.03,0.057,21.89,-0.036,0.012,0.0106
7739,11,11,1,29.78,20.77,-0.043,20.91,-0.087,0.012,0.0106
7740,11,12,1,29.0,20.39,-0.112,20.2,-0.132,0.012,0.0106
7741,11,13,1,28.22,22.84,0.167,22.67,0.065,0.012,0.0106
7742,11,14,1,27.5,21.59,-0.101,21.36,0.021,0.012,0.0106
7743,11,15,1,26.88,24.63,0.35,24.43,0.259,0.012,0.0106
7744,11,16,1,26.4,23.21,0.095,23.0,0.098,0.012,0.0106
7745,11,17,1,26.1,19.55,-0.245,19.41,-0.22,0.012,0.0106
7746,11,18,1,26.0,21.58,-0.146,21.82,0.017,0.012,0.0106
7747,11,19,0,26.1,21.15,-0.065,21.19,-0.075,0.012,0.0106
7748,11,20,0,26.4,22.34,-0.01,21.97,0.027,0.012,0.0106
7749,11,21,0,26.88,21.6,-0.114,21.57,-0.017,0.012,0.0106
7750,11,22,0,27.5,20.52,-0.201,20.8,-0.09,0.012,0.0106
7751,11,23,0,28.22,22.52,0.132,22.35,0.033,0.012,0.0106
7752,11,0,0,29.0,21.96,-0.078,22.23,-0.053,0.012,0.0106
7753,11,1,0,29.78,24.24,0.267,23.99,0.2,0.012,0.0106
7754,11,2,0,30.5,20.75,-0.145,20.94,-0.139,0.012,0.0106
7755,11,3,0,31.12,20.92,-0.088,20.4,-0.188,0.012,0.0106
7756,11,4,0,31.6,22.45,-0.002,22.39,-0.006,0.012,0.0106
7757,11,5,0,31.9,26.3,0.521,26.29,0.464,0.012,0.0106
7758,11,6,0,32.0,22.02,0.009,22.07,0.063,0.012,0.0106
7759,11,7,0,31.9,23.74,0.192,23.5,0.174,0.012,0.0106
7760,11,8,1,31.6,20.74,-0.059,20.89,-0.137,0.012,0.0106
7761,11,9,1,31.12,21.42,-0.076,21.77,-0.053,0.012,0.0106
7762,11,10,1,30.5,23.82,0.187,24.0,0.233,0.012,0.0106
7763,11,11,1,29.78,24.29,0.328,24.27,0.274,0.012,0.0106
7764,11,12,1,29.0,19.52,-0.36,19.21,-0.288,0.012,0.0106
7765,11,13,1,28.22,20.68,-0.077,20.44,-0.209,0.012,0.0106
7766,11,14,1,27.5,22.69,0.065,22.73,0.077,0.012,0.0106
7767,11,15,1,26.88,19.15,-0.208,18.91,-0.345,0.012,0.0106
7768,11,16,1,26.4,25.0,0.224,24.58,0.229,0.012,0.0106
7769,11,17,1,26.1,24.19,0.237,24.03,0.205,0.012,0.0106
7770,11,18,1,26.0,22.42,0.08,22.8,0.046,0.012,0.0106
7771,11,19,0,26.1,22.09,0.025,22.61,0.016,0.012,0.0106
7772,11,20,0,26.4,20.34,-0.13,20.61,-0.166,0.012,0.0106
7773,11,21,0,26.88,23.62,0.235,24.1,0.258,0.012,0.0106
7774,11,22,0,27.5,23.33,0.113,23.28,0.127,0.012,0.0106
7775,11,23,0,28.22,21.19,-0.018,21.08,-0.14,0.012,0.0106
7776,11,0,0,29.0,20.19,-0.199,20.44,-0.214,0.012,0.0106
7777,11,1,0,29.78,22.41,0.019,22.35,0.055,0.012,0.0106
7778,11,2,0,30.5,20.5,-0.161,20.5,-0.148,0.012,0.0106
7779,11,3,0,31.12,19.9,-0.209,19.74,-0.209,0.012,0.0106
7780,11,4,0,31.6,25.27,0.35,25.51,0.389,0.012,0.0106
7781,11,5,0,31.9,22.04,0.06,22.51,0.038,0.012,0.0106
7782,11,6,0,32.0,25.39,0.448,25.52,0.361,0.012,0.0106
7783,11,7,0,31.9,21.66,-0.052,21.43,-0.074,0.012,0.0106
7784,11,8,1,31.6,24.41,0.16,24.4,0.246,0.012,0.0106
7785,11,9,1,31.12,22.69,0.082,22.55,0.053,0.012,0.0106
7786,11,10,1,30.5,23.45,0.163,23.62,0.123,0.012,0.0106
7787,11,11,1,29.78,25.68,0.361,25.21,0.288,0.012,0.0106
7788,11,12,1,29.0,23.09,0.101,23.14,0.159,0.012,0.0106
7789,11,13,1,28.22,24.16,0.256,24.06,0.253,0.012,0.0106
7790,11,14,1,27.5,24.15,0.136,24.11,0.221,0.012,0.0106
7791,11,15,1,26.88,23.5,0.151,23.27,0.125,0.012,0.0106
7792,11,16,1,26.4,24.58,0.317,25.14,0.311,0.012,0.0106
7793,11,17,1,26.1,24.22,0.218,24.42,0.304,0.012,0.0106
7794,11,18,1,26.0,21.39,-0.019,21.57,-0.051,0.012,0.0106
7795,11,19,0,26.1,23.34,0.146,23.62,0.176,0.012,0.0106
7796,11,20,0,26.4,22.66,0.054,22.9,0.08,0.012,0.0106
7797,11,21,0,26.88,22.53,-0.034,22.89,0.061,0.012,0.0106
7798,11,22,0,27.5,25.91,0.371,26.0,0.423,0.012,0.0106
7799,11,23,0,28.22,21.32,-0.05,20.69,-0.153,0.012,0.0106
7800,11,0,0,29.0,22.65,0.072,22.75,0.024,0.012,0.0106
7801,11,1,0,29.78,22.54,-0.016,22.67,0.022,0.012,0.0106
7802,11,2,0,30.5,20.9,-0.21,21.12,-0.063,0.012,0.0106
7803,11,3,0,31.12,23.09,0.035,23.01,0.077,0.012,0.0106
7804,11,4,0,31.6,23.67,0.116,24.05,0.239,0.012,0.0106
7805,11,5,0,31.9,23.53,0.116,23.53,0.135,0.012,0.0106
7806,11,6,0,32.0,25.23,0.39,25.29,0.336,0.012,0.0106
7807,11,7,0,31.9,21.82,0.09,22.0,-0.02,0.012,0.0106
7808,11,8,1,31.6,23.87,0.115,23.93,0.149,0.012,0.0106
7809,11,9,1,31.12,21.82,0.026,21.93,-0.055,0.012,0.0106
7810,11,10,1,30.5,23.48,0.148,23.44,0.162,0.012,0.0106
7811,11,11,1,29.78,25.12,0.244,25.21,0.315,0.012,0.0106
7812,11,12,1,29.0,23.78,0.211,24.04,0.189,0.012,0.0106
7813,11,13,1,28.22,20.45,-0.216,20.63,-0.117,0.012,0.0106
7814,11,14,1,27.5,23.54,0.148,23.4,0.146,0.012,0.0106
7815,11,15,1,26.88,21.58,-0.044,21.16,-0.082,0.012,0.0106
7816,11,16,1,26.4,24.54,0.308,24.31,0.196,0.012,0.0106
7817,11,17,1,26.1,20.48,-0.199,20.39,-0.201,0.012,0.0106
7818,11,18,1,26.0,25.42,0.457,25.28,0.298,0.012,0.0106
7819,11,19,0,26.1,19.94,-0.243,20.32,-0.163,0.012,0.0106
7820,11,20,0,26.4,20.47,-0.222,20.46,-0.157,0.012,0.0106
7821,11,21,0,26.88,21.79,0.01,21.86,-0.007,0.012,0.0106
7822,11,22,0,27.5,23.18,0.096,23.14,0.128,0.012,0.0106
7823,11,23,0,28.22,22.33,0.053,22.31,0.0,0.012,0.0106
7824,11,0,0,29.0,24.64,0.271,24.57,0.256,0.012,0.0106
7825,11,1,0,29.78,23.48,0.145,23.58,0.202,0.012,0.0106
7826,11,2,0,30.5,17.69,-0.384,18.07,-0.448,0.012,0.0106
7827,11,3,0,31.12,23.89,0.217,24.21,0.174,0.012,0.0106
7828,11,4,0,31.6,23.52,0.124,23.83,0.196,0.012,0.0106
7829,11,5,0,31.9,21.97,-0.019,22.24,0.006,0.012,0.0106
7830,11,6,0,32.0,22.44,0.037,22.04,0.015,0.012,0.0106
7831,11,7,0,31.9,23.8,0.109,23.88,0.229,0.012,0.0106
7832,11,8,1,31.6,24.65,0.228,24.69,0.253,0.012,0.0106
7833,11,9,1,31.12,22.19,0.004,22.28,0.002,0.012,0.0106
7834,11,10,1,30.5,24.03,0.151,24.11,0.22,0.012,0.0106
7835,11,11,1,29.78,22.74,0.134,22.53,0.057,0.012,0.0106
7836,11,12,1,29.0,22.18,0.04,22.15,0.013,0.012,0.0106
7837,11,13,1,28.22,22.38,-0.033,22.7,0.032,0.012,0.0106
7838,11,14,1,27.5,23.67,0.21,24.39,0.295,0.012,0.0106
7839,11,15,1,26.88,21.85,0.008,21.66,-0.006,0.012,0.0106
7840,11,16,1,26.4,20.53,-0.148,20.47,-0.173,0.012,0.0106
7841,11,17,1,26.1,21.66,-0.011,21.91,0.015,0.012,0.0106
7842,11,18,1,26.0,23.01,0.122,22.74,0.046,0.012,0.0106
7843,11,19,0,26.1,22.03,-0.027,21.72,-0.025,0.012,0.0106
7844,11,20,0,26.4,21.81,0.038,21.55,-0.049,0.012,0.0106
7845,11,21,0,26.88,21.71,-0.123,21.38,-0.068,0.012,0.0106
7846,11,22,0,27.5,20.43,-0.155,20.65,-0.089,0.012,0.0106
7847,11,23,0,28.22,22.83,-0.011,22.62,0.086,0.012,0.0106
7848,11,0,0,29.0,20.55,-0.061,20.43,-0.139,0.012,0.0106
7849,11,1,0,29.78,23.08,0.154,23.37,0.184,0.012,0.0106
7850,11,2,0,30.5,21.6,-0.086,21.48,-0.053,0.012,0.0106
7851,11,3,0,31.12,22.3,-0.003,21.78,0.021,0.012,0.0106
7852,11,4,0,31.6,22.87,0.081,23.08,0.051,0.012,0.0106
7853,11,5,0,31.9,22.31,-0.029,22.62,0.084,0.012,0.0106
7854,11,6,0,32.0,19.95,-0.178,19.95,-0.214,0.012,0.0106
7855,11,7,0,31.9,26.21,0.392,26.06,0.412,0.012,0.0106
7856,11,8,0,31.6,21.37,-0.118,20.94,-0.084,0.012,0.0106
7857,11,9,0,31.12,22.04,-0.018,22.55,0.077,0.012,0.0106
7858,11,10,0,30.5,23.27,0.083,23.13,0.061,0.012,0.0106
7859,11,11,0,29.78,23.33,0.053,23.69,0.158,0.012,0.0106
7860,11,12,0,29.0,21.5,-0.066,21.67,0.006,0.012,0.0106
7861,11,13,0,28.22,21.92,-0.031,21.55,-0.056,0.012,0.0106
7862,11,14,0,27.5,23.29,0.151,23.18,0.094,0.012,0.0106
7863,11,15,0,26.88,22.06,-0.037,21.82,0.02,0.012,0.0106
7864,11,16,0,26.4,21.43,-0.005,21.32,-0.045,0.012,0.0106
7865,11,17,0,26.1,24.96,0.266,25.11,0.372,0.012,0.0106
7866,11,18,0,26.0,23.37,0.14,23.33,0.138,0.012,0.0106
7867,11,19,0,26.1,22.14,0.096,21.73,-0.027,0.012,0.0106
7868,11,20,0,26.4,22.78,0.043,23.4,0.16,0.012,0.0106
7869,11,21,0,26.88,21.31,-0.059,21.41,-0.035,0.012,0.0106
7870,11,22,0,27.5,24.31,0.302,24.14,0.258,0.012,0.0106
7871,11,23,0,28.22,22.13,-0.012,22.12,0.003,0.012,0.0106
7872,11,0,0,29.0,20.69,-0.233,20.93,-0.128,0.012,0.0106
7873,11,1,0,29.78,22.43,0.016,22.82,0.095,0.012,0.0106
7874,11,2,0,30.5,22.38,0.057,22.66,0.091,0.012,0.0106
7875,11,3,0,31.12,21.67,-0.014,21.37,-0.078,0.012,0.0106
7876,11,4,0,31.6,22.55,0.117,22.64,0.088,0.012,0.0106
7877,11,5,0,31.9,21.48,0.033,21.13,-0.134,0.012,0.0106
7878,11,6,0,32.0,21.82,0.064,22.01,-0.004,0.012,0.0106
7879,11,7,0,31.9,22.54,0.06,22.28,-0.007,0.012,0.0106
7880,11,8,0,31.6,21.37,-0.084,21.6,-0.012,0.012,0.0106
7881,11,9,0,31.12,22.27,0.085,21.86,-0.054,0.012,0.0106
7882,11,10,0,30.5,21.6,0.01,21.54,-0.062,0.012,0.0106
7883,11,11,0,29.78,21.11,-0.1,21.16,-0.098,0.012,0.0106
7884,11,12,0,29.0,22.82,-0.004,22.46,0.111,0.012,0.0106
7885,11,13,0,28.22,22.66,0.027,22.71,0.098,0.012,0.0106
7886,11,14,0,27.5,21.7,-0.058,20.86,-0.122,0.012,0.0106
7887,11,15,0,26.88,22.24,-0.008,22.19,-0.004,0.012,0.0106
7888,11,16,0,26.4,22.05,-0.093,21.56,-0.041,0.012,0.0106
7889,11,17,0,26.1,22.67,0.054,22.94,0.058,0.012,0.0106
7890,11,18,0,26.0,19.59,-0.22,19.32,-0.224,0.012,0.0106
7891,11,19,0,26.1,22.58,0.014,22.22,-0.004,0.012,0.0106
7892,11,20,0,26.4,21.89,0.049,22.23,0.018,0.012,0.0106
7893,11,21,0,26.88,22.77,-0.008,22.54,0.107,0.012,0.0106
7894,11,22,0,27.5,19.02,-0.209,18.47,-0.353,0.012,0.0106
7895,11,23,0,28.22,20.81,-0.08,21.02,-0.138,0.012,0.0106
7896,11,0,0,29.0,21.7,-0.071,21.96,0.005,0.012,0.0106
7897,11,1,0,29.78,24.64,0.247,23.92,0.2,0.012,0.0106
7898,11,2,0,30.5,19.81,-0.167,19.65,-0.256,0.012,0.0106
7899,11,3,0,31.12,20.27,-0.15,20.61,-0.141,0.012,0.0106
7900,11,4,0,31.6,22.35,0.05,22.66,0.085,0.012,0.0106
7901,11,5,0,31.9,21.46,-0.023,20.89,-0.078,0.012,0.0106
7902,11,6,0,32.0,22.16,-0.0,22.43,0.04,0.012,0.0106
7903,11,7,0,31.9,25.13,0.295,25.04,0.248,0.012,0.0106
7904,11,8,1,31.6,23.54,0.161,23.32,0.123,0.012,0.0106
7905,11,9,1,31.12,21.83,-0.019,21.8,0.015,0.012,0.0106
7906,11,10,1,30.5,24.78,0.342,24.98,0.323,0.012,0.0106
7907,11,11,1,29.78,23.24,0.059,23.68,0.147,0.012,0.0106
7908,11,12,1,29.0,21.27,-0.039,21.18,-0.116,0.012,0.0106
7909,11,13,1,28.22,23.25,0.108,23.08,0.114,0.012,0.0106
7910,11,14,1,27.5,25.02,0.298,24.81,0.248,0.012,0.0106
7911,11,15,1,26.88,21.42,-0.046,21.09,-0.078,0.012,0.0106
7912,11,16,1,26.4,23.53,0.178,23.3,0.134,0.012,0.0106
7913,11,17,1,26.1,22.41,0.049,22.04,0.01,0.012,0.0106
7914,11,18,1,26.0,22.65,0.1,22.77,0.044,0.012,0.0106
7915,11,19,0,26.1,22.17,0.004,22.33,0.062,0.012,0.0106
7916,11,20,0,26.4,22.64,0.105,22.05,0.001,0.012,0.0106
7917,11,21,0,26.88,19.85,-0.279,19.77,-0.2,0.012,0.0106
7918,11,22,0,27.5,22.45,0.085,22.17,0.031,0.012,0.0106
7919,11,23,0,28.22,22.15,-0.027,21.77,-0.048,0.012,0.0106
7920,11,0,0,29.0,23.62,0.16,23.12,0.104,0.012,0.0106
7921,11,1,0,29.78,24.05,0.232,24.12,0.197,0.012,0.0106
7922,11,2,0,30.5,20.65,-0.096,20.56,-0.121,0.012,0.0106
7923,11,3,0,31.12,21.85,-0.067,21.6,-0.045,0.012,0.0106
7924,11,4,0,31.6,22.7,0.077,23.15,0.133,0.012,0.0106
7925,11,5,0,31.9,21.33,-0.06,21.34,-0.07,0.012,0.0106
7926,11,6,0,32.0,22.47,0.071,22.51,0.086,0.012,0.0106
7927,11,7,0,31.9,19.1,-0.375,19.44,-0.247,0.012,0.0106
7928,11,8,1,31.6,26.03,0.412,26.02,0.393,0.012,0.0106
7929,11,9,1,31.12,23.5,0.116,23.61,0.158,0.012,0.0106
7930,11,10,1,30.5,20.82,-0.139,20.79,-0.117,0.012,0.0106
7931,11,11,1,29.78,21.44,-0.056,21.37,-0.061,0.012,0.0106
7932,11,12,1,29.0,22.91,0.052,22.86,0.088,0.012,0.0106
7933,11,13,1,28.22,22.23,0.081,22.54,0.013,0.012,0.0106
7934,11,14,1,27.5,23.43,0.075,23.67,0.184,0.012,0.0106
7935,11,15,1,26.88,23.84,0.173,23.56,0.161,0.012,0.0106
7936,11,16,1,26.4,23.36,0.193,23.06,0.045,0.012,0.0106
7937,11,17,1,26.1,24.49,0.217,24.65,0.291,0.012,0.0106
7938,11,18,1,26.0,20.93,-0.095,20.96,-0.097,0.012,0.0106
7939,11,19,0,26.1,21.24,-0.07,21.09,-0.113,0.012,0.0106
7940,11,20,0,26.4,22.91,0.141,22.72,0.119,0.012,0.0106
7941,11,21,0,26.88,22.05,-0.005,22.33,0.005,0.012,0.0106
7942,11,22,0,27.5,21.86,-0.103,21.89,0.007,0.012,0.0106
7943,11,23,0,28.22,22.63,0.093,22.93,0.097,0.012,0.0106
7944,11,0,0,29.0,21.97,0.105,22.42,0.032,0.012,0.0106
7945,11,1,0,29.78,24.06,0.177,23.85,0.174,0.012,0.0106
7946,11,2,0,30.5,23.53,0.23,23.2,0.149,0.012,0.0106
7947,11,3,0,31.12,23.49,0.191,23.4,0.053,0.012,0.0106
7948,11,4,0,31.6,23.16,0.022,23.21,0.133,0.012,0.0106
7949,11,5,0,31.9,23.39,0.079,22.83,0.145,0.012,0.0106
7950,11,6,0,32.0,22.22,0.078,22.51,0.063,0.012,0.0106
7951,11,7,0,31.9,24.03,0.191,23.39,0.047,0.012,0.0106
7952,11,8,1,31.6,19.88,-0.245,19.72,-0.227,0.012,0.0106
7953,11,9,1,31.12,22.47,0.056,22.51,0.061,0.012,0.0106
7954,11,10,1,30.5,21.06,-0.096,20.84,-0.116,0.012,0.0106
7955,11,11,1,29.78,20.88,-0.076,21.2,-0.106,0.012,0.0106
7956,11,12,1,29.0,22.19,0.027,22.79,0.091,0.012,0.0106
7957,11,13,1,28.22,21.59,0.034,21.49,-0.047,0.012,0.0106
7958,11,14,1,27.5,22.39,0.167,22.4,0.041,0.012,0.0106
7959,11,15,1,26.88,21.25,-0.035,21.06,-0.137,0.012,0.0106
7960,11,16,1,26.4,23.18,0.025,22.96,0.066,0.012,0.0106
7961,11,17,1,26.1,22.54,0.1,22.96,0.087,0.012,0.0106
7962,11,18,1,26.0,23.96,0.123,23.85,0.186,0.012,0.0106
7963,11,19,0,26.1,20.24,-0.136,20.48,-0.179,0.012,0.0106
7964,11,20,0,26.4,22.72,0.115,22.76,0.039,0.012,0.0106
7965,11,21,0,26.88,23.4,0.179,23.0,0.132,0.012,0.0106
7966,11,22,0,27.5,21.5,-0.129,21.86,0.019,0.012,0.0106
7967,11,23,0,28.22,24.66,0.256,24.76,0.286,0.012,0.0106
7968,11,0,0,29.0,21.59,-0.07,22.38,0.078,0.012,0.0106
7969,11,1,0,29.78,21.39,0.039,21.87,-0.002,0.012,0.0106
7970,11,2,0,30.5,22.93,0.039,22.64,0.073,0.012,0.0106
7971,11,3,0,31.12,24.69,0.379,24.52,0.234,0.012,0.0106
7972,11,4,0,31.6,22.84,0.079,22.91,0.03,0.012,0.0106
7973,11,5,0,31.9,21.57,-0.048,21.63,-0.018,0.012,0.0106
7974,11,6,0,32.0,23.64,0.115,23.56,0.203,0.012,0.0106
7975,11,7,0,31.9,20.47,-0.196,20.29,-0.149,0.012,0.0106
7976,11,8,1,31.6,24.48,0.259,24.42,0.255,0.012,0.0106
7977,11,9,1,31.12,25.21,0.358,24.67,0.279,0.012,0.0106
7978,11,10,1,30.5,21.94,0.031,22.04,0.022,0.012,0.0106
7979,11,11,1,29.78,25.74,0.375,25.78,0.372,0.012,0.0106
7980,11,12,1,29.0,23.33,0.134,23.32,0.133,0.012,0.0106
7981,11,13,1,28.22,22.3,0.051,22.12,0.003,0.012,0.0106
7982,11,14,1,27.5,23.42,0.123,23.45,0.192,0.012,0.0106
7983,11,15,1,26.88,22.35,-0.0,22.53,-0.007,0.012,0.0106
7984,11,16,1,26.4,21.65,-0.047,21.01,-0.055,0.012,0.0106
7985,11,17,1,26.1,21.14,-0.011,20.51,-0.163,0.012,0.0106
7986,11,18,1,26.0,22.48,0.074,22.71,0.094,0.012,0.0106
7987,11,19,0,26.1,23.85,0.114,23.33,0.168,0.012,0.0106
7988,11,20,0,26.4,21.33,-0.13,21.13,-0.1,0.012,0.0106
7989,11,21,0,26.88,21.98,-0.055,21.69,-0.021,0.012,0.0106
7990,11,22,0,27.5,21.29,-0.18,21.11,-0.031,0.012,0.0106
7991,11,23,0,28.22,23.91,0.146,23.76,0.177,0.012,0.0106
7992,11,0,0,29.0,22.48,-0.08,22.09,-0.007,0.012,0.0106
7993,11,1,0,29.78,20.15,-0.176,20.21,-0.209,0.012,0.0106
7994,11,2,0,30.5,21.7,0.009,22.23,0.009,0.012,0.0106
7995,11,3,0,31.12,25.94,0.353,25.58,0.355,0.012,0.0106
7996,11,4,0,31.6,20.2,-0.17,20.74,-0.15,0.012,0.0106
7997,11,5,0,31.9,23.17,0.102,23.22,0.085,0.012,0.0106
7998,11,6,0,32.0,20.35,-0.233,21.0,-0.049,0.012,0.0106
7999,11,7,0,31.9,21.23,-0.053,21.47,-0.033,0.012,0.0106
8000,11,8,1,31.6,23.6,0.126,23.11,0.07,0.012,0.0106
8001,11,9,1,31.12,22.78,-0.021,22.39,0.032,0.012,0.0106
8002,11,10,1,30.5,19.19,-0.344,19.26,-0.299,0.012,0.0106
8003,11,11,1,29.78,19.08,-0.365,19.57,-0.253,0.012,0.0106
8004,11,12,1,29.0,19.81,-0.131,19.56,-0.235,0.012,0.0106
8005,11,13,1,28.22,21.41,-0.087,21.4,-0.062,0.012,0.0106
8006,11,14,1,27.5,23.62,0.173,23.52,0.159,0.012,0.0106
8007,11,15,1,26.88,22.01,-0.025,21.79,-0.0,0.012,0.0106
8008,11,16,1,26.4,23.67,0.154,23.33,0.111,0.012,0.0106
8009,11,17,1,26.1,23.7,0.28,23.56,0.162,0.012,0.0106
8010,11,18,1,26.0,24.27,0.228,23.97,0.215,0.012,0.0106
8011,11,19,0,26.1,20.95,-0.052,20.96,-0.114,0.012,0.0106
8012,11,20,0,26.4,21.22,-0.136,21.76,-0.019,0.012,0.0106
8013,11,21,0,26.88,21.44,-0.019,21.16,-0.091,0.012,0.0106
8014,11,22,0,27.5,23.11,0.136,22.43,0.022,0.012,0.0106
8015,11,23,0,28.22,19.68,-0.202,20.25,-0.168,0.012,0.0106
8016,12,0,0,25.0,24.37,0.197,24.45,0.24,0.0111,0.0098
8017,12,1,0,25.78,21.48,-0.115,21.33,-0.096,0.0111,0.0098
8018,12,2,0,26.5,23.84,0.159,23.94,0.163,0.0111,0.0098
8019,12,3,0,27.12,21.89,-0.004,21.39,-0.033,0.0111,0.0098
8020,12,4,0,27.6,26.05,0.45,25.72,0.351,0.0111,0.0098
8021,12,5,0,27.9,20.81,-0.112,20.47,-0.181,0.0111,0.0098
8022,12,6,0,28.0,21.59,-0.078,21.46,-0.079,0.0111,0.0098
8023,12,7,0,27.9,18.86,-0.311,18.88,-0.336,0.0111,0.0098
8024,12,8,0,27.6,23.04,0.105,23.46,0.186,0.0111,0.0098
8025,12,9,0,27.12,25.86,0.326,26.62,0.426,0.0111,0.0098
8026,12,10,0,26.5,21.83,0.063,21.87,0.006,0.0111,0.0098
8027,12,11,0,25.78,20.7,-0.133,20.51,-0.194,0.0111,0.0098
8028,12,12,0,25.0,22.52,-0.03,22.16,-0.012,0.0111,0.0098
8029,12,13,0,24.22,23.12,0.116,23.24,0.154,0.0111,0.0098
8030,12,14,0,23.5,23.83,0.186,23.89,0.193,0.0111,0.0098
8031,12,15,0,22.88,22.28,0.085,21.63,-0.025,0.0111,0.0098
8032,12,16,0,22.4,20.68,-0.162,21.1,-0.093,0.0111,0.0098
8033,12,17,0,22.1,24.04,0.27,24.1,0.2,0.0111,0.0098
8034,12,18,0,22.0,25.04,0.37,24.8,0.212,0.0111,0.0098
8035,12,19,0,22.1,20.85,-0.135,20.94,-0.108,0.0111,0.0098
8036,12,20,0,22.4,22.56,0.0,22.21,0.027,0.0111,0.0098
8037,12,21,0,22.88,21.5,-0.06,21.9,0.012,0.0111,0.0098
8038,12,22,0,23.5,23.16,0.017,22.98,0.134,0.0111,0.0098
8039,12,23,0,24.22,21.03,-0.104,20.91,-0.11,0.0111,0.0098
8040,12,0,0,25.0,23.94,0.188,23.94,0.225,0.0111,0.0098
8041,12,1,0,25.78,23.4,0.083,23.18,0.093,0.0111,0.0098
8042,12,2,0,26.5,22.43,0.047,22.05,0.001,0.0111,0.0098
8043,12,3,0,27.12,18.69,-0.476,18.26,-0.384,0.0111,0.0098
8044,12,4,0,27.6,24.11,0.145,23.54,0.149,0.0111,0.0098
8045,12,5,0,27.9,20.9,-0.082,20.58,-0.156,0.0111,0.0098
8046,12,6,0,28.0,20.27,-0.063,19.64,-0.202,0.0111,0.0098
8047,12,7,0,27.9,21.82,-0.042,21.85,0.0,0.0111,0.0098
8048,12,8,0,27.6,21.22,-0.055,21.06,-0.051,0.0111,0.0098
8049,12,9,0,27.12,23.61,0.146,23.98,0.18,0.0111,0.0098
8050,12,10,0,26.5,19.59,-0.222,19.61,-0.248,0.0111,0.0098
8051,12,11,0,25.78,21.33,-0.035,21.71,0.01,0.0111,0.0098
8052,12,12,0,25.0,21.07,-0.033,20.86,-0.116,0.0111,0.0098
8053,12,13,0,24.22,21.65,-0.036,21.5,-0.02,0.0111,0.0098
8054,12,14,0,23.5,22.26,0.049,22.5,0.023,0.0111,0.0098
8055,12,15,0,22.88,21.18,-0.149,21.05,-0.111,0.0111,0.0098
8056,12,16,0,22.4,24.77,0.239,24.76,0.334,0.0111,0.0098
8057,12,17,0,22.1,21.1,-0.028,20.82,-0.099,0.0111,0.0098
8058,12,18,0,22.0,22.3,0.046,22.55,0.02,0.0111,0.0098
8059,12,19,0,22.1,18.9,-0.255,18.73,-0.34,0.0111,0.0098
8060,12,20,0,22.4,23.19,0.034,23.25,0.112,0.0111,0.0098
8061,12,21,0,22.88,23.04,0.086,22.8,0.092,0.0111,0.0098
8062,12,22,0,23.5,22.61,0.08,22.92,0.064,0.0111,0.0098
8063,12,23,0,24.22,21.78,0.045,21.79,-0.035,0.0111,0.0098
8064,12,0,0,25.0,19.9,-0.248,20.03,-0.235,0.0111,0.0098
8065,12,1,0,25.78,22.53,0.024,22.82,0.097,0.0111,0.0098
8066,12,2,0,26.5,23.52,0.116,23.76,0.142,0.0111,0.0098
8067,12,3,0,27.12,21.02,-0.064,21.26,-0.103,0.0111,0.0098
8068,12,4,0,27.6,25.7,0.42,25.38,0.383,0.0111,0.0098
8069,12,5,0,27.9,22.66,0.029,22.43,0.036,0.0111,0.0098
8070,12,6,0,28.0,24.12,0.12,23.76,0.187,0.0111,0.0098
8071,12,7,0,27.9,23.37,0.068,23.96,0.192,0.0111,0.0098
8072,12,8,1,27.6,24.24,0.215,24.28,0.252,0.0111,0.0098
8073,12,9,1,27.12,21.6,-0.103,21.86,-0.06,0.0111,0.0098
8074,12,10,1,26.5,22.09,0.013,21.32,-0.12,0.0111,0.0098
8075,12,11,1,25.78,22.92,0.089,22.98,0.111,0.0111,0.0098
8076,12,12,1,25.0,22.81,0.172,22.72,0.084,0.0111,0.0098
8077,12,13,1,24.22,23.66,0.199,23.98,0.26,0.0111,0.0098
8078,12,14,1,23.5,22.75,0.042,22.75,0.067,0.0111,0.0098
8079,12,15,1,22.88,21.4,-0.105,21.61,-0.037,0.0111,0.0098
8080,12,16,1,22.4,23.34,0.089,23.38,0.159,0.0111,0.0098
8081,12,17,1,22.1,22.37,-0.012,21.51,-0.007,0.0111,0.0098
8082,12,18,1,22.0,24.73,0.312,24.88,0.265,0.0111,0.0098
8083,12,19,0,22.1,22.11,0.032,22.48,0.05,0.0111,0.0098
8084,12,20,0,22.4,22.22,0.078,22.57,0.077,0.0111,0.0098
8085,12,21,0,22.88,22.6,0.095,22.49,0.016,0.0111,0.0098
8086,12,22,0,23.5,21.16,-0.022,20.72,-0.149,0.0111,0.0098
8087,12,23,0,24.22,23.11,0.255,23.07,0.12,0.0111,0.0098
8088,12,0,0,25.0,19.71,-0.249,20.06,-0.2,0.0111,0.0098
8089,12,1,0,25.78,21.49,-0.042,21.55,-0.064,0.0111,0.0098
8090,12,2,0,26.5,21.74,-0.143,21.77,-0.066,0.0111,0.0098
8091,12,3,0,27.12,25.0,0.274,25.1,0.259,0.0111,0.0098
8092,12,4,0,27.6,22.42,0.174,22.71,0.128,0.0111,0.0098
8093,12,5,0,27.9,21.17,-0.157,21.02,-0.123,0.0111,0.0098
8094,12,6,0,28.0,22.18,0.121,22.07,-0.032,0.0111,0.0098
8095,12,7,0,27.9,22.43,0.06,21.81,-0.059,0.0111,0.0098
8096,12,8,1,27.6,24.15,0.145,24.07,0.144,0.0111,0.0098
8097,12,9,1,27.12,21.03,-0.076,21.1,-0.105,0.0111,0.0098
8098,12,10,1,26.5,23.89,0.043,23.55,0.163,0.0111,0.0098
8099,12,11,1,25.78,24.44,0.179,24.82,0.266,0.0111,0.0098
8100,12,12,1,25.0,23.59,0.164,23.4,0.118,0.0111,0.0098
8101,12,13,1,24.22,20.87,-0.066,20.6,-0.14,0.0111,0.0098
8102,12,14,1,23.5,24.41,0.321,24.56,0.281,0.0111,0.0098
8103,12,15,1,22.88,23.64,0.314,23.6,0.164,0.0111,0.0098
8104,12,16,1,22.4,19.54,-0.295,19.62,-0.207,0.0111,0.0098
8105,12,17,1,22.1,23.59,0.114,23.53,0.158,0.0111,0.0098
8106,12,18,1,22.0,21.54,-0.018,21.77,0.066,0.0111,0.0098
8107,12,19,0,22.1,21.83,-0.025,21.74,-0.029,0.0111,0.0098
8108,12,20,0,22.4,24.04,0.303,23.96,0.213,0.0111,0.0098
8109,12,21,0,22.88,21.77,0.029,21.55,-0.044,0.0111,0.0098
8110,12,22,0,23.5,22.51,0.048,22.33,0.014,0.0111,0.0098
8111,12,23,0,24.22,24.54,0.246,24.76,0.27,0.0111,0.0098
8112,12,0,0,25.0,22.64,0.016,22.64,0.007,0.0111,0.0098
8113,12,1,0,25.78,21.3,-0.107,21.26,-0.049,0.0111,0.0098
8114,12,2,0,26.5,22.16,-0.012,22.72,0.076,0.0111,0.0098
8115,12,3,0,27.12,22.07,0.06,22.2,0.038,0.0111,0.0098
8116,12,4,0,27.6,19.45,-0.305,19.6,-0.249,0.0111,0.0098
8117,12,5,0,27.9,23.53,0.211,23.2,0.109,0.0111,0.0098
8118,12,6,0,28.0,25.76,0.461,25.78,0.414,0.0111,0.0098
8119,12,7,0,27.9,21.58,-0.036,21.19,-0.098,0.0111,0.0098
8120,12,8,1,27.6,24.87,0.272,24.8,0.238,0.0111,0.0098
8121,12,9,1,27.12,23.13,0.135,22.78,0.095,0.0111,0.0098
8122,12,10,1,26.5,21.38,-0.076,21.66,-0.078,0.0111,0.0098
8123,12,11,1,25.78,24.82,0.307,24.54,0.267,0.0111,0.0098
8124,12,12,1,25.0,23.08,0.06,23.2,0.17,0.0111,0.0098
8125,12,13,1,24.22,23.93,0.127,24.08,0.178,0.0111,0.0098
8126,12,14,1,23.5,23.49,0.166,22.89,0.049,0.0111,0.0098
8127,12,15,1,22.88,21.2,-0.068,20.77,-0.089,0.0111,0.0098
8128,12,16,1,22.4,23.02,0.111,23.16,0.136,0.0111,0.0098
8129,12,17,1,22.1,23.2,0.165,22.39,0.063,0.0111,0.0098
8130,12,18,1,22.0,21.96,0.008,21.36,-0.054,0.0111,0.0098
8131,12,19,0,22.1,21.84,0.038,21.9,0.061,0.0111,0.0098
8132,12,20,0,22.4,22.72,0.031,22.82,0.067,0.0111,0.0098
8133,12,21,0,22.88,22.3,0.071,22.65,0.123,0.0111,0.0098
8134,12,22,0,23.5,20.26,-0.118,19.87,-0.17,0.0111,0.0098
8135,12,23,0,24.22,22.55,0.018,21.21,-0.069,0.0111,0.0098
8136,12,0,0,25.0,21.15,0.01,21.21,-0.037,0.0111,0.0098
8137,12,1,0,25.78,23.71,0.147,23.69,0.192,0.0111,0.0098
8138,12,2,0,26.5,22.54,-0.024,22.56,0.034,0.0111,0.0098
8139,12,3,0,27.12,23.63,0.176,23.3,0.142,0.0111,0.0098
8140,12,4,0,27.6,23.21,0.152,23.37,0.119,0.0111,0.0098
8141,12,5,0,27.9,20.3,-0.134,20.04,-0.232,0.0111,0.0098
8142,12,6,0,28.0,20.94,-0.198,20.63,-0.172,0.0111,0.0098
8143,12,7,0,27.9,24.0,0.113,23.79,0.163,0.0111,0.0098
8144,12,8,1,27.6,23.27,0.174,22.72,0.028,0.0111,0.0098
8145,12,9,1,27.12,21.91,-0.037,21.78,-0.024,0.0111,0.0098
8146,12,10,1,26.5,23.67,0.137,23.66,0.179,0.0111,0.0098
8147,12,11,1,25.78,22.81,0.083,22.61,0.038,0.0111,0.0098
8148,12,12,1,25.0,21.2,-0.058,21.44,-0.033,0.0111,0.0098
8149,12,13,1,24.22,23.45,0.195,23.19,0.11,0.0111,0.0098
8150,12,14,1,23.5,23.89,0.205,23.86,0.196,0.0111,0.0098
8151,12,15,1,22.88,23.72,0.093,23.23,0.143,0.0111,0.0098
8152,12,16,1,22.4,23.03,0.122,22.8,0.038,0.0111,0.0098
8153,12,17,1,22.1,27.4,0.571,27.79,0.581,0.0111,0.0098
8154,12,18,1,22.0,21.57,-0.049,21.18,-0.108,0.0111,0.0098
8155,12,19,0,22.1,21.3,-0.058,20.87,-0.124,0.0111,0.0098
8156,12,20,0,22.4,23.3,0.142,23.44,0.224,0.0111,0.0098
8157,12,21,0,22.88,23.74,0.196,23.36,0.134,0.0111,0.0098
8158,12,22,0,23.5,20.49,-0.129,20.06,-0.173,0.0111,0.0098
8159,12,23,0,24.22,20.93,-0.093,21.22,-0.042,0.0111,0.0098
8160,12,0,0,25.0,24.13,0.295,24.09,0.175,0.0111,0.0098
8161,12,1,0,25.78,26.09,0.406,25.82,0.365,0.0111,0.0098
8162,12,2,0,26.5,21.93,-0.03,22.81,0.107,0.0111,0.0098
8163,12,3,0,27.12,22.15,-0.013,22.43,0.05,0.0111,0.0098
8164,12,4,0,27.6,23.44,0.282,23.23,0.143,0.0111,0.0098
8165,12,5,0,27.9,22.16,0.021,21.95,-0.041,0.0111,0.0098
8166,12,6,0,28.0,25.17,0.313,25.3,0.362,0.0111,0.0098
8167,12,7,0,27.9,21.42,-0.065,21.07,-0.089,0.0111,0.0098
8168,12,8,1,27.6,23.3,0.107,22.85,-0.007,0.0111,0.0098
8169,12,9,1,27.12,20.73,-0.079,20.94,-0.14,0.0111,0.0098
8170,12,10,1,26.5,22.01,0.055,22.02,0.048,0.0111,0.0098
8171,12,11,1,25.78,22.73,0.001,22.65,0.068,0.0111,0.0098
8172,12,12,1,25.0,25.61,0.37,26.0,0.409,0.0111,0.0098
8173,12,13,1,24.22,21.47,-0.046,21.36,-0.059,0.0111,0.0098
8174,12,14,1,23.5,24.02,0.228,24.3,0.201,0.0111,0.0098
8175,12,15,1,22.88,21.06,-0.082,20.79,-0.182,0.0111,0.0098
8176,12,16,1,22.4,22.49,0.082,22.91,0.081,0.0111,0.0098
8177,12,17,1,22.1,21.45,-0.039,21.69,-0.038,0.0111,0.0098
8178,12,18,1,22.0,21.62,-0.054,21.64,-0.013,0.0111,0.0098
8179,12,19,0,22.1,24.36,0.175,23.95,0.236,0.0111,0.0098
8180,12,20,0,22.4,22.75,0.124,22.41,0.051,0.0111,0.0098
8181,12,21,0,22.88,25.8,0.436,25.73,0.33,0.0111,0.0098
8182,12,22,0,23.5,24.59,0.34,24.88,0.321,0.0111,0.0098
8183,12,23,0,24.22,22.35,0.005,22.0,-0.053,0.0111,0.0098
8184,12,0,0,25.0,21.12,-0.091,21.25,-0.082,0.0111,0.0098
8185,12,1,0,25.78,21.31,-0.06,20.78,-0.111,0.0111,0.0098
8186,12,2,0,26.5,21.01,-0.022,20.85,-0.08,0.0111,0.0098
8187,12,3,0,27.12,20.27,-0.1,20.25,-0.182,0.0111,0.0098
8188,12,4,0,27.6,22.1,0.059,22.42,0.07,0.0111,0.0098
8189,12,5,0,27.9,22.11,0.085,22.31,0.029,0.0111,0.0098
8190,12,6,0,28.0,21.89,0.092,22.26,0.09,0.0111,0.0098
8191,12,7,0,27.9,21.94,-0.058,21.86,-0.011,0.0111,0.0098
8192,12,8,0,27.6,20.89,-0.076,20.73,-0.115,0.0111,0.0098
8193,12,9,0,27.12,19.78,-0.276,20.26,-0.203,0.0111,0.0098
8194,12,10,0,26.5,20.64,-0.181,20.44,-0.182,0.0111,0.0098
8195,12,11,0,25.78,18.8,-0.308,18.84,-0.248,0.0111,0.0098
8196,12,12,0,25.0,23.23,0.063,23.08,0.105,0.0111,0.0098
8197,12,13,0,24.22,23.17,0.12,23.02,0.159,0.0111,0.0098
8198,12,14,0,23.5,21.92,0.036,21.36,-0.055,0.0111,0.0098
8199,12,15,0,22.88,19.94,-0.256,20.06,-0.18,0.0111,0.0098
8200,12,16,0,22.4,25.36,0.39,25.31,0.294,0.0111,0.0098
8201,12,17,0,22.1,20.22,-0.163,20.83,-0.098,0.0111,0.0098
8202,12,18,0,22.0,24.23,0.264,24.07,0.227,0.0111,0.0098
8203,12,19,0,22.1,20.56,-0.079,21.01,-0.137,0.0111,0.0098
8204,12,20,0,22.4,22.8,0.151,22.73,0.031,0.0111,0.0098
8205,12,21,0,22.88,27.9,0.627,27.85,0.627,0.0111,0.0098
8206,12,22,0,23.5,22.21,-0.005,22.17,-0.009,0.0111,0.0098
8207,12,23,0,24.22,22.91,0.065,22.87,0.073,0.0111,0.0098
8208,12,0,0,25.0,23.36,0.124,23.13,0.139,0.0111,0.0098
8209,12,1,0,25.78,22.87,0.086,22.56,0.069,0.0111,0.0098
8210,12,2,0,26.5,23.98,0.17,23.76,0.155,0.0111,0.0098
8211,12,3,0,27.12,21.53,-0.017,21.65,-0.003,0.0111,0.0098
8212,12,4,0,27.6,22.36,0.07,21.94,-0.001,0.0111,0.0098
8213,12,5,0,27.9,22.59,0.049,22.2,-0.015,0.0111,0.0098
8214,12,6,0,28.0,23.22,0.096,23.09,0.063,0.0111,0.0098
8215,12,7,0,27.9,24.04,0.208,23.96,0.174,0.0111,0.0098
8216,12,8,0,27.6,20.02,-0.216,19.86,-0.205,0.0111,0.0098
8217,12,9,0,27.12,21.97,-0.078,21.75,-0.023,0.0111,0.0098
8218,12,10,0,26.5,21.31,-0.062,21.7,-0.013,0.0111,0.0098
8219,12,11,0,25.78,22.13,-0.032,22.19,-0.017,0.0111,0.0098
8220,12,12,0,25.0,22.52,-0.045,22.69,0.054,0.0111,0.0098
8221,12,13,0,24.22,25.26,0.403,25.41,0.322,0.0111,0.0098
8222,12,14,0,23.5,21.81,0.012,22.1,0.007,0.0111,0.0098
8223,12,15,0,22.88,20.61,-0.014,20.95,-0.152,0.0111,0.0098
8224,12,16,0,22.4,24.61,0.244,24.46,0.255,0.0111,0.0098
8225,12,17,0,22.1,20.69,-0.211,20.68,-0.118,0.0111,0.0098
8226,12,18,0,22.0,25.85,0.377,25.66,0.362,0.0111,0.0098
8227,12,19,0,22.1,23.98,0.244,24.1,0.195,0.0111,0.0098
8228,12,20,0,22.4,23.15,0.148,22.14,-0.023,0.0111,0.0098
8229,12,21,0,22.88,22.01,-0.076,22.23,0.056,0.0111,0.0098
8230,12,22,0,23.5,22.31,-0.014,22.75,0.021,0.0111,0.0098
8231,12,23,0,24.22,22.46,0.079,22.63,0.029,0.0111,0.0098
8232,12,0,0,25.0,20.06,-0.168,19.97,-0.189,0.0111,0.0098
8233,12,1,0,25.78,24.86,0.194,24.75,0.311,0.0111,0.0098
8234,12,2,0,26.5,22.79,0.118,22.88,0.126,0.0111,0.0098
8235,12,3,0,27.12,22.47,0.074,22.82,0.062,0.0111,0.0098
8236,12,4,0,27.6,22.15,-0.02,22.34,0.06,0.0111,0.0098
8237,12,5,0,27.9,22.74,0.146,22.85,0.096,0.0111,0.0098
8238,12,6,0,28.0,22.61,0.054,22.58,0.068,0.0111,0.0098
8239,12,7,0,27.9,24.54,0.22,24.36,0.275,0.0111,0.0098
8240,12,8,1,27.6,21.65,-0.065,21.72,-0.079,0.0111,0.0098
8241,12,9,1,27.12,22.8,0.077,23.13,0.069,0.0111,0.0098
8242,12,10,1,26.5,22.66,-0.065,22.44,0.041,0.0111,0.0098
8243,12,11,1,25.78,23.28,0.215,23.63,0.183,0.0111,0.0098
8244,12,12,1,25.0,23.9,0.271,23.51,0.19,0.0111,0.0098
8245,12,13,1,24.22,21.95,0.024,22.15,0.059,0.0111,0.0098
8246,12,14,1,23.5,22.27,0.003,22.05,0.032,0.0111,0.0098
8247,12,15,1,22.88,19.62,-0.193,18.72,-0.32,0.0111,0.0098
8248,12,16,1,22.4,22.53,-0.033,22.14,-0.005,0.0111,0.0098
8249,12,17,1,22.1,23.04,0.149,22.87,0.058,0.0111,0.0098
8250,12,18,1,22.0,21.72,-0.047,21.93,-0.017,0.0111,0.0098
8251,12,19,0,22.1,21.53,-0.029,21.29,-0.057,0.0111,0.0098
8252,12,20,0,22.4,22.84,0.074,22.66,0.113,0.0111,0.0098
8253,12,21,0,22.88,20.37,-0.158,20.93,-0.112,0.0111,0.0098
8254,12,22,0,23.5,23.93,0.262,23.31,0.187,0.0111,0.0098
8255,12,23,0,24.22,24.13,0.251,23.5,0.2,0.0111,0.0098
8256,12,0,0,25.0,24.81,0.332,24.39,0.293,0.0111,0.0098
8257,12,1,0,25.78,22.54,0.096,22.11,0.042,0.0111,0.0098
8258,12,2,0,26.5,22.29,0.078,21.93,-0.03,0.0111,0.0098
8259,12,3,0,27.12,23.1,0.027,23.56,0.184,0.0111,0.0098
8260,12,4,0,27.6,22.19,0.045,22.14,-0.01,0.0111,0.0098
8261,12,5,0,27.9,20.74,-0.065,20.2,-0.191,0.0111,0.0098
8262,12,6,0,28.0,23.35,0.077,23.21,0.141,0.0111,0.0098
8263,12,7,0,27.9,22.99,0.114,22.92,0.063,0.0111,0.0098
8264,12,8,1,27.6,24.09,0.247,24.48,0.237,0.0111,0.0098
8265,12,9,1,27.12,22.59,0.123,23.06,0.166,0.0111,0.0098
8266,12,10,1,26.5,21.33,-0.06,21.07,-0.081,0.0111,0.0098
8267,12,11,1,25.78,22.29,0.092,22.17,0.014,0.0111,0.0098
8268,12,12,1,25.0,20.68,-0.12,20.35,-0.075,0.0111,0.0098
8269,12,13,1,24.22,21.04,0.024,20.94,-0.12,0.0111,0.0098
8270,12,14,1,23.5,23.18,0.071,23.75,0.165,0.0111,0.0098
8271,12,15,1,22.88,21.77,0.056,21.32,-0.086,0.0111,0.0098
8272,12,16,1,22.4,21.19,-0.035,21.05,-0.091,0.0111,0.0098
8273,12,17,1,22.1,21.31,-0.028,21.44,-0.057,0.0111,0.0098
8274,12,18,1,22.0,22.15,0.006,22.45,0.094,0.0111,0.0098
8275,12,19,0,22.1,21.36,-0.109,21.13,-0.094,0.0111,0.0098
8276,12,20,0,22.4,22.5,0.055,22.11,0.028,0.0111,0.0098
8277,12,21,0,22.88,20.3,-0.141,20.15,-0.218,0.0111,0.0098
8278,12,22,0,23.5,22.03,0.092,22.35,0.048,0.0111,0.0098
8279,12,23,0,24.22,22.25,0.07,22.1,0.044,0.0111,0.0098
8280,12,0,0,25.0,20.77,-0.154,21.04,-0.122,0.0111,0.0098
8281,12,1,0,25.78,22.27,0.042,22.57,0.065,0.0111,0.0098
8282,12,2,0,26.5,23.03,0.097,23.17,0.136,0.0111,0.0098
8283,12,3,0,27.12,21.51,-0.006,21.71,-0.008,0.0111,0.0098
8284,12,4,0,27.6,23.63,0.221,23.77,0.108,0.0111,0.0098
8285,12,5,0,27.9,23.78,0.147,24.37,0.215,0.0111,0.0098
8286,12,6,0,28.0,24.43,0.21,24.15,0.22,0.0111,0.0098
8287,12,7,0,27.9,21.3,-0.109,21.56,-0.033,0.0111,0.0098
8288,12,8,1,27.6,22.93,0.151,23.43,0.127,0.0111,0.0098
8289,12,9,1,27.12,20.6,-0.172,20.85,-0.125,0.0111,0.0098
8290,12,10,1,26.5,20.91,-0.141,21.11,-0.09,0.0111,0.0098
8291,12,11,1,25.78,22.47,0.08,22.53,0.045,0.0111,0.0098
8292,12,12,1,25.0,21.39,-0.056,20.83,-0.122,0.0111,0.0098
8293,12,13,1,24.22,21.43,-0.014,21.45,-0.021,0.0111,0.0098
8294,12,14,1,23.5,20.2,-0.132,20.09,-0.143,0.0111,0.0098
8295,12,15,1,22.88,21.27,-0.14,21.69,0.003,0.0111,0.0098
8296,12,16,1,22.4,22.08,-0.015,22.55,0.045,0.0111,0.0098
8297,12,17,1,22.1,22.3,-0.058,21.84,-0.001,0.0111,0.0098
8298,12,18,1,22.0,23.98,0.136,24.16,0.231,0.0111,0.0098
8299,12,19,0,22.1,21.01,-0.042,21.14,-0.075,0.0111,0.0098
8300,12,20,0,22.4,24.7,0.259,24.66,0.268,0.0111,0.0098
8301,12,21,0,22.88,20.49,-0.167,20.37,-0.172,0.0111,0.0098
8302,12,22,0,23.5,22.9,0.033,22.46,0.08,0.0111,0.0098
8303,12,23,0,24.22,19.49,-0.27,19.67,-0.228,0.0111,0.0098
8304,12,0,0,25.0,24.84,0.315,24.8,0.282,0.0111,0.0098
8305,12,1,0,25.78,22.34,0.069,22.27,0.005,0.0111,0.0098
8306,12,2,0,26.5,20.8,-0.11,20.82,-0.172,0.0111,0.0098
8307,12,3,0,27.12,22.48,0.08,22.12,-0.042,0.0111,0.0098
8308,12,4,0,27.6,25.39,0.296,25.29,0.32,0.0111,0.0098
8309,12,5,0,27.9,23.33,0.12,23.6,0.117,0.0111,0.0098
8310,12,6,0,28.0,20.68,-0.082,20.77,-0.09,0.0111,0.0098
8311,12,7,0,27.9,22.75,0.171,23.04,0.14,0.0111,0.0098
8312,12,8,1,27.6,23.88,0.236,23.64,0.178,0.0111,0.0098
8313,12,9,1,27.12,23.48,0.166,23.85,0.182,0.0111,0.0098
8314,12,10,1,26.5,20.9,-0.1,20.81,-0.111,0.0111,0.0098
8315,12,11,1,25.78,22.87,0.13,23.15,0.114,0.0111,0.0098
8316,12,12,1,25.0,21.23,0.035,21.34,-0.056,0.0111,0.0098
8317,12,13,1,24.22,22.06,0.035,22.22,0.039,0.0111,0.0098
8318,12,14,1,23.5,24.56,0.322,24.68,0.274,0.0111,0.0098
8319,12,15,1,22.88,24.77,0.323,25.13,0.337,0.0111,0.0098
8320,12,16,1,22.4,25.95,0.353,26.28,0.435,0.0111,0.0098
8321,12,17,1,22.1,22.1,0.073,22.72,0.133,0.0111,0.0098
8322,12,18,1,22.0,21.36,-0.132,21.69,-0.079,0.0111,0.0098
8323,12,19,0,22.1,21.9,-0.059,22.36,0.035,0.0111,0.0098
8324,12,20,0,22.4,24.28,0.339,24.54,0.254,0.0111,0.0098
8325,12,21,0,22.88,21.84,-0.035,21.51,-0.082,0.0111,0.0098
8326,12,22,0,23.5,19.81,-0.217,20.39,-0.083,0.0111,0.0098
8327,12,23,0,24.22,21.24,-0.115,21.11,-0.108,0.0111,0.0098
8328,12,0,0,25.0,23.81,0.225,23.98,0.238,0.0111,0.0098
8329,12,1,0,25.78,24.16,0.19,23.86,0.189,0.0111,0.0098
8330,12,2,0,26.5,28.09,0.615,28.32,0.653,0.0111,0.0098
8331,12,3,0,27.12,21.6,0.007,21.67,-0.033,0.0111,0.0098
8332,12,4,0,27.6,21.37,-0.079,21.34,-0.107,0.0111,0.0098
8333,12,5,0,27.9,21.64,-0.098,21.22,-0.112,0.0111,0.0098
8334,12,6,0,28.0,23.93,0.116,24.38,0.285,0.0111,0.0098
8335,12,7,0,27.9,20.81,-0.106,21.03,-0.078,0.0111,0.0098
8336,12,8,1,27.6,20.75,-0.165,20.21,-0.166,0.0111,0.0098
8337,12,9,1,27.12,25.44,0.339,25.13,0.29,0.0111,0.0098
8338,12,10,1,26.5,22.47,0.122,21.89,-0.01,0.0111,0.0098
8339,12,11,1,25.78,23.88,0.197,23.81,0.214,0.0111,0.0098
8340,12,12,1,25.0,22.7,0.03,22.75,0.059,0.0111,0.0098
8341,12,13,1,24.22,20.98,-0.039,20.76,-0.07,0.0111,0.0098
8342,12,14,1,23.5,20.63,-0.153,20.75,-0.083,0.0111,0.0098
8343,12,15,1,22.88,22.7,0.033,22.7,0.024,0.0111,0.0098
8344,12,16,1,22.4,23.64,0.183,23.75,0.157,0.0111,0.0098
8345,12,17,1,22.1,22.28,0.077,22.52,0.017,0.0111,0.0098
8346,12,18,1,22.0,21.55,-0.035,21.13,-0.06,0.0111,0.0098
8347,12,19,0,22.1,22.08,-0.009,21.88,0.057,0.0111,0.0098
8348,12,20,0,22.4,24.29,0.245,24.51,0.25,0.0111,0.0098
8349,12,21,0,22.88,21.14,-0.114,20.82,-0.146,0.0111,0.0098
8350,12,22,0,23.5,21.59,-0.042,21.56,-0.063,0.0111,0.0098
8351,12,23,0,24.22,23.24,0.135,23.19,0.096,0.0111,0.0098
8352,12,0,0,25.0,23.54,0.234,23.38,0.131,0.0111,0.0098
8353,12,1,0,25.78,22.36,0.076,22.54,0.081,0.0111,0.0098
8354,12,2,0,26.5,25.16,0.313,25.36,0.32,0.0111,0.0098
8355,12,3,0,27.12,22.3,-0.039,22.74,0.05,0.0111,0.0098
8356,12,4,0,27.6,22.17,-0.003,21.92,0.046,0.0111,0.0098
8357,12,5,0,27.9,22.05,-0.078,22.18,-0.015,0.0111,0.0098
8358,12,6,0,28.0,23.9,0.201,24.4,0.231,0.0111,0.0098
8359,12,7,0,27.9,23.24,0.136,22.47,0.015,0.0111,0.0098
8360,12,8,0,27.6,23.69,0.138,23.03,0.102,0.0111,0.0098
8361,12,9,0,27.12,21.36,-0.019,21.24,-0.076,0.0111,0.0098
8362,12,10,0,26.5,21.1,-0.077,21.39,-0.053,0.0111,0.0098
8363,12,11,0,25.78,21.16,-0.129,20.4,-0.191,0.0111,0.0098
8364,12,12,0,25.0,21.58,-0.036,21.33,-0.041,0.0111,0.0098
8365,12,13,0,24.22,24.11,0.167,24.37,0.238,0.0111,0.0098
8366,12,14,0,23.5,24.85,0.352,24.37,0.207,0.0111,0.0098
8367,12,15,0,22.88,22.94,0.104,23.06,0.173,0.0111,0.0098
8368,12,16,0,22.4,22.05,0.023,21.56,-0.049,0.0111,0.0098
8369,12,17,0,22.1,23.33,0.132,23.6,0.173,0.0111,0.0098
8370,12,18,0,22.0,22.72,0.053,23.25,0.105,0.0111,0.0098
8371,12,19,0,22.1,23.82,0.202,23.54,0.149,0.0111,0.0098
8372,12,20,0,22.4,22.35,0.097,23.08,0.139,0.0111,0.0098
8373,12,21,0,22.88,23.3,0.143,23.09,0.126,0.0111,0.0098
8374,12,22,0,23.5,22.8,0.06,22.83,0.091,0.0111,0.0098
8375,12,23,0,24.22,21.71,-0.13,21.92,0.033,0.0111,0.0098
8376,12,0,0,25.0,20.53,-0.126,20.21,-0.163,0.0111,0.0098
8377,12,1,0,25.78,25.62,0.36,25.71,0.376,0.0111,0.0098
8378,12,2,0,26.5,24.89,0.279,25.61,0.378,0.0111,0.0098
8379,12,3,0,27.12,22.39,0.133,22.36,0.008,0.0111,0.0098
8380,12,4,0,27.6,19.0,-0.24,19.09,-0.284,0.0111,0.0098
8381,12,5,0,27.9,23.25,0.131,23.48,0.165,0.0111,0.0098
8382,12,6,0,28.0,23.31,0.137,22.72,0.025,0.0111,0.0098
8383,12,7,0,27.9,22.44,0.096,22.29,0.037,0.0111,0.0098
8384,12,8,0,27.6,23.21,0.174,23.15,0.067,0.0111,0.0098
8385,12,9,0,27.12,21.16,-0.106,21.54,-0.11,0.0111,0.0098
8386,12,10,0,26.5,24.68,0.303,25.0,0.303,0.0111,0.0098
8387,12,11,0,25.78,24.99,0.377,25.37,0.358,0.0111,0.0098
8388,12,12,0,25.0,22.68,0.005,22.56,0.072,0.0111,0.0098
8389,12,13,0,24.22,23.38,0.168,23.27,0.117,0.0111,0.0098
8390,12,14,0,23.5,23.8,0.127,23.54,0.146,0.0111,0.0098
8391,12,15,0,22.88,23.74,0.227,23.4,0.09,0.0111,0.0098
8392,12,16,0,22.4,22.13,-0.118,21.71,-0.018,0.0111,0.0098
8393,12,17,0,22.1,22.23,-0.003,21.81,-0.005,0.0111,0.0098
8394,12,18,0,22.0,21.95,-0.025,21.89,-0.029,0.0111,0.0098
8395,12,19,0,22.1,21.61,-0.077,21.42,-0.089,0.0111,0.0098
8396,12,20,0,22.4,21.93,-0.061,21.74,-0.003,0.0111,0.0098
8397,12,21,0,22.88,24.35,0.238,24.35,0.214,0.0111,0.0098
8398,12,22,0,23.5,24.1,0.202,24.62,0.247,0.0111,0.0098
8399,12,23,0,24.22,23.01,0.076,23.05,0.119,0.0111,0.0098
8400,12,0,0,25.0,23.91,0.318,23.67,0.121,0.0111,0.0098
8401,12,1,0,25.78,21.22,0.035,21.29,-0.088,0.0111,0.0098
8402,12,2,0,26.5,20.9,-0.122,21.07,-0.073,0.0111,0.0098
8403,12,3,0,27.12,22.39,0.157,22.14,-0.075,0.0111,0.0098
8404,12,4,0,27.6,25.23,0.286,25.51,0.407,0.0111,0.0098
8405,12,5,0,27.9,20.44,-0.26,20.75,-0.16,0.0111,0.0098
8406,12,6,0,28.0,20.78,-0.122,20.55,-0.17,0.0111,0.0098
8407,12,7,0,27.9,19.45,-0.253,19.58,-0.229,0.0111,0.0098
8408,12,8,1,27.6,22.76,0.072,23.04,0.135,0.0111,0.0098
8409,12,9,1,27.12,21.34,0.002,21.12,-0.047,0.0111,0.0098
8410,12,10,1,26.5,23.36,0.088,23.09,0.149,0.0111,0.0098
8411,12,11,1,25.78,24.41,0.358,24.39,0.253,0.0111,0.0098
8412,12,12,1,25.0,20.84,-0.116,20.76,-0.122,0.0111,0.0098
8413,12,13,1,24.22,24.38,0.171,24.09,0.227,0.0111,0.0098
8414,12,14,1,23.5,21.74,0.021,22.47,0.031,0.0111,0.0098
8415,12,15,1,22.88,24.32,0.264,24.54,0.25,0.0111,0.0098
8416,12,16,1,22.4,23.13,0.179,22.5,-0.053,0.0111,0.0098
8417,12,17,1,22.1,21.84,-0.041,21.36,-0.066,0.0111,0.0098
8418,12,18,1,22.0,20.7,-0.119,19.87,-0.15,0.0111,0.0098
8419,12,19,0,22.1,21.97,0.073,22.26,-0.031,0.0111,0.0098
8420,12,20,0,22.4,21.81,-0.059,21.43,-0.006,0.0111,0.0098
8421,12,21,0,22.88,22.84,0.081,23.07,0.071,0.0111,0.0098
8422,12,22,0,23.5,23.52,0.168,23.89,0.204,0.0111,0.0098
8423,12,23,0,24.22,20.65,-0.068,20.86,-0.102,0.0111,0.0098
8424,12,0,0,25.0,19.8,-0.267,20.3,-0.159,0.0111,0.0098
8425,12,1,0,25.78,23.93,0.103,24.25,0.229,0.0111,0.0098
8426,12,2,0,26.5,22.58,0.081,23.01,0.144,0.0111,0.0098
8427,12,3,0,27.12,23.31,0.141,23.29,0.174,0.0111,0.0098
8428,12,4,0,27.6,20.55,-0.176,20.83,-0.143,0.0111,0.0098
8429,12,5,0,27.9,24.04,0.222,23.77,0.162,0.0111,0.0098
8430,12,6,0,28.0,18.96,-0.297,19.11,-0.347,0.0111,0.0098
8431,12,7,0,27.9,21.45,-0.018,20.91,-0.067,0.0111,0.0098
8432,12,8,1,27.6,23.77,0.152,24.07,0.224,0.0111,0.0098
8433,12,9,1,27.12,22.49,0.097,22.54,0.089,0.0111,0.0098
8434,12,10,1,26.5,21.92,-0.018,21.49,-0.057,0.0111,0.0098
8435,12,11,1,25.78,22.93,-0.003,23.18,0.098,0.0111,0.0098
8436,12,12,1,25.0,21.05,-0.105,21.43,-0.072,0.0111,0.0098
8437,12,13,1,24.22,23.31,0.13,23.13,0.167,0.0111,0.0098
8438,12,14,1,23.5,25.18,0.309,25.06,0.287,0.0111,0.0098
8439,12,15,1,22.88,19.61,-0.118,19.92,-0.221,0.0111,0.0098
8440,12,16,1,22.4,21.27,-0.068,21.19,-0.115,0.0111,0.0098
8441,12,17,1,22.1,21.81,-0.012,22.12,0.05,0.0111,0.0098
8442,12,18,1,22.0,23.05,0.076,22.72,0.08,0.0111,0.0098
8443,12,19,0,22.1,20.82,-0.178,20.44,-0.14,0.0111,0.0098
8444,12,20,0,22.4,21.95,-0.05,22.31,-0.043,0.0111,0.0098
8445,12,21,0,22.88,22.3,0.032,22.8,0.039,0.0111,0.0098
8446,12,22,0,23.5,20.06,-0.234,20.42,-0.111,0.0111,0.0098
8447,12,23,0,24.22,23.48,0.206,23.25,0.097,0.0111,0.0098
8448,12,0,0,25.0,20.33,-0.129,20.07,-0.159,0.0111,0.0098
8449,12,1,0,25.78,21.91,-0.087,21.35,-0.097,0.0111,0.0098
8450,12,2,0,26.5,20.56,-0.047,20.64,-0.112,0.0111,0.0098
8451,12,3,0,27.12,20.81,-0.144,20.6,-0.128,0.0111,0.0098
8452,12,4,0,27.6,24.86,0.363,24.72,0.335,0.0111,0.0098
8453,12,5,0,27.9,21.98,-0.021,21.86,-0.012,0.0111,0.0098
8454,12,6,0,28.0,21.96,-0.081,22.23,0.007,0.0111,0.0098
8455,12,7,0,27.9,22.99,0.209,23.25,0.087,0.0111,0.0098
8456,12,8,1,27.6,21.52,-0.103,20.84,-0.169,0.0111,0.0098
8457,12,9,1,27.12,21.72,-0.005,21.65,-0.044,0.0111,0.0098
8458,12,10,1,26.5,23.2,0.069,23.24,0.073,0.0111,0.0098
8459,12,11,1,25.78,23.38,0.264,23.87,0.215,0.0111,0.0098
8460,12,12,1,25.0,24.69,0.284,24.82,0.286,0.0111,0.0098
8461,12,13,1,24.22,22.34,0.008,22.52,0.048,0.0111,0.0098
8462,12,14,1,23.5,20.73,-0.175,20.88,-0.111,0.0111,0.0098
8463,12,15,1,22.88,23.25,0.164,23.43,0.136,0.0111,0.0098
8464,12,16,1,22.4,23.23,0.024,23.08,0.124,0.0111,0.0098
8465,12,17,1,22.1,22.95,0.094,23.25,0.077,0.0111,0.0098
8466,12,18,1,22.0,22.36,0.06,22.63,0.058,0.0111,0.0098
8467,12,19,0,22.1,20.0,-0.176,19.7,-0.28,0.0111,0.0098
8468,12,20,0,22.4,22.02,0.06,22.03,0.022,0.0111,0.0098
8469,12,21,0,22.88,23.94,0.152,24.03,0.185,0.0111,0.0098
8470,12,22,0,23.5,21.1,-0.125,21.28,-0.084,0.0111,0.0098
8471,12,23,0,24.22,22.53,0.086,23.03,0.079,0.0111,0.0098
8472,12,0,0,25.0,22.73,0.104,23.22,0.074,0.0111,0.0098
8473,12,1,0,25.78,21.13,-0.015,20.83,-0.079,0.0111,0.0098
8474,12,2,0,26.5,21.56,-0.042,21.37,-0.061,0.0111,0.0098
8475,12,3,0,27.12,21.06,-0.167,20.98,-0.064,0.0111,0.0098
8476,12,4,0,27.6,19.86,-0.192,19.33,-0.304,0.0111,0.0098
8477,12,5,0,27.9,21.75,0.009,21.77,-0.03,0.0111,0.0098
8478,12,6,0,28.0,25.17,0.376,25.17,0.325,0.0111,0.0098
8479,12,7,0,27.9,25.7,0.372,26.01,0.42,0.0111,0.0098
8480,12,8,1,27.6,22.11,-0.054,22.03,-0.021,0.0111,0.0098
8481,12,9,1,27.12,25.59,0.326,25.23,0.32,0.0111,0.0098
8482,12,10,1,26.5,22.41,0.017,22.52,0.066,0.0111,0.0098
8483,12,11,1,25.78,24.21,0.208,24.59,0.278,0.0111,0.0098
8484,12,12,1,25.0,20.78,-0.181,20.56,-0.145,0.0111,0.0098
8485,12,13,1,24.22,21.21,-0.098,20.75,-0.176,0.0111,0.0098
8486,12,14,1,23.5,24.49,0.298,24.32,0.218,0.0111,0.0098
8487,12,15,1,22.88,20.71,-0.125,21.06,-0.037,0.0111,0.0098
8488,12,16,1,22.4,21.8,0.03,21.67,-0.003,0.0111,0.0098
8489,12,17,1,22.1,22.73,0.059,23.73,0.135,0.0111,0.0098
8490,12,18,1,22.0,21.0,-0.024,20.91,-0.114,0.0111,0.0098
8491,12,19,0,22.1,24.85,0.339,24.98,0.31,0.0111,0.0098
8492,12,20,0,22.4,23.07,0.079,23.29,0.113,0.0111,0.0098
8493,12,21,0,22.88,23.02,0.025,23.61,0.1,0.0111,0.0098
8494,12,22,0,23.5,22.1,0.013,22.41,0.006,0.0111,0.0098
8495,12,23,0,24.22,22.62,0.093,22.1,0.001,0.0111,0.0098
8496,12,0,0,25.0,22.38,0.048,22.51,0.034,0.0111,0.0098
8497,12,1,0,25.78,24.05,0.116,24.29,0.222,0.0111,0.0098
8498,12,2,0,26.5,20.88,-0.085,20.5,-0.163,0.0111,0.0098
8499,12,3,0,27.12,22.29,0.047,22.08,0.029,0.0111,0.0098
8500,12,4,0,27.6,25.76,0.303,25.7,0.355,0.0111,0.0098
8501,12,5,0,27.9,23.77,0.103,23.54,0.131,0.0111,0.0098
8502,12,6,0,28.0,21.7,-0.019,21.38,-0.065,0.0111,0.0098
8503,12,7,0,27.9,23.68,0.196,23.55,0.14,0.0111,0.0098
8504,12,8,1,27.6,20.81,-0.2,20.64,-0.082,0.0111,0.0098
8505,12,9,1,27.12,22.71,0.052,22.48,-0.026,0.0111,0.0098
8506,12,10,1,26.5,24.65,0.271,25.05,0.315,0.0111,0.0098
8507,12,11,1,25.78,20.6,-0.225,20.24,-0.181,0.0111,0.0098
8508,12,12,1,25.0,24.09,0.227,23.98,0.227,0.0111,0.0098
8509,12,13,1,24.22,20.06,-0.136,20.62,-0.123,0.0111,0.0098
8510,12,14,1,23.5,23.89,0.203,24.18,0.261,0.0111,0.0098
8511,12,15,1,22.88,21.82,0.048,21.96,-0.085,0.0111,0.0098
8512,12,16,1,22.4,23.16,0.03,23.37,0.146,0.0111,0.0098
8513,12,17,1,22.1,21.31,-0.074,21.43,-0.086,0.0111,0.0098
8514,12,18,1,22.0,24.16,0.23,24.04,0.243,0.0111,0.0098
8515,12,19,0,22.1,21.12,-0.112,21.13,-0.095,0.0111,0.0098
8516,12,20,0,22.4,25.73,0.389,25.87,0.403,0.0111,0.0098
8517,12,21,0,22.88,23.15,0.229,22.6,0.016,0.0111,0.0098
8518,12,22,0,23.5,25.1,0.319,25.28,0.319,0.0111,0.0098
8519,12,23,0,24.22,26.41,0.442,26.59,0.443,0.0111,0.0098
8520,12,0,0,25.0,21.52,-0.095,21.53,-0.026,0.0111,0.0098
8521,12,1,0,25.78,21.53,0.002,21.83,-0.018,0.0111,0.0098
8522,12,2,0,26.5,23.37,0.064,23.56,0.208,0.0111,0.0098
8523,12,3,0,27.12,22.12,0.048,22.33,-0.042,0.0111,0.0098
8524,12,4,0,27.6,21.51,-0.045,21.77,-0.003,0.0111,0.0098
8525,12,5,0,27.9,22.64,0.07,23.01,0.143,0.0111,0.0098
8526,12,6,0,28.0,21.03,-0.127,20.99,-0.089,0.0111,0.0098
8527,12,7,0,27.9,22.08,-0.027,22.01,-0.013,0.0111,0.0098
8528,12,8,0,27.6,22.48,-0.067,21.88,-0.01,0.0111,0.0098
8529,12,9,0,27.12,18.35,-0.384,18.29,-0.355,0.0111,0.0098
8530,12,10,0,26.5,21.49,-0.008,21.96,-0.049,0.0111,0.0098
8531,12,11,0,25.78,22.07,-0.028,22.53,0.052,0.0111,0.0098
8532,12,12,0,25.0,24.61,0.317,24.44,0.217,0.0111,0.0098
8533,12,13,0,24.22,18.17,-0.361,18.54,-0.331,0.0111,0.0098
8534,12,14,0,23.5,20.86,-0.056,20.56,-0.137,0.0111,0.0098
8535,12,15,0,22.88,22.32,0.108,22.39,0.061,0.0111,0.0098
8536,12,16,0,22.4,21.79,0.008,21.37,-0.091,0.0111,0.0098
8537,12,17,0,22.1,20.73,-0.084,21.12,-0.076,0.0111,0.0098
8538,12,18,0,22.0,20.64,-0.084,21.18,-0.091,0.0111,0.0098
8539,12,19,0,22.1,21.73,-0.051,21.75,0.041,0.0111,0.0098
8540,12,20,0,22.4,21.92,0.072,21.6,-0.057,0.0111,0.0098
8541,12,21,0,22.88,23.68,0.165,23.88,0.159,0.0111,0.0098
8542,12,22,0,23.5,22.43,0.042,22.08,0.031,0.0111,0.0098
8543,12,23,0,24.22,25.08,0.295,24.75,0.259,0.0111,0.0098
8544,12,0,0,25.0,22.91,0.045,22.45,-0.005,0.0111,0.0098
8545,12,1,0,25.78,20.34,-0.082,20.14,-0.175,0.0111,0.0098
8546,12,2,0,26.5,22.6,0.079,23.0,0.114,0.0111,0.0098
8547,12,3,0,27.12,21.79,-0.087,21.6,-0.058,0.0111,0.0098
8548,12,4,0,27.6,22.08,0.006,22.18,0.007,0.0111,0.0098
8549,12,5,0,27.9,21.13,-0.112,21.25,-0.064,0.0111,0.0098
8550,12,6,0,28.0,19.63,-0.2,19.73,-0.208,0.0111,0.0098
8551,12,7,0,27.9,22.2,-0.043,22.48,0.045,0.0111,0.0098
8552,12,8,0,27.6,22.21,-0.08,22.52,0.02,0.0111,0.0098
8553,12,9,0,27.12,25.12,0.353,24.39,0.218,0.0111,0.0098
8554,12,10,0,26.5,22.88,0.103,23.31,0.174,0.0111,0.0098
8555,12,11,0,25.78,21.76,0.015,21.65,-0.048,0.0111,0.0098
8556,12,12,0,25.0,23.4,0.183,23.75,0.128,0.0111,0.0098
8557,12,13,0,24.22,21.99,-0.013,22.07,0.01,0.0111,0.0098
8558,12,14,0,23.5,22.94,0.085,22.78,0.043,0.0111,0.0098
8559,12,15,0,22.88,21.78,-0.016,21.33,-0.073,0.0111,0.0098
8560,12,16,0,22.4,21.13,-0.1,21.66,-0.025,0.0111,0.0098
8561,12,17,0,22.1,21.54,-0.03,21.42,-0.068,0.0111,0.0098
8562,12,18,0,22.0,22.5,0.025,22.75,0.035,0.0111,0.0098
8563,12,19,0,22.1,20.21,-0.132,20.64,-0.116,0.0111,0.0098
8564,12,20,0,22.4,21.85,-0.03,21.45,-0.058,0.0111,0.0098
8565,12,21,0,22.88,20.8,-0.206,20.36,-0.144,0.0111,0.0098
8566,12,22,0,23.5,20.69,-0.151,20.78,-0.104,0.0111,0.0098
8567,12,23,0,24.22,23.0,0.107,22.93,0.09,0.0111,0.0098
8568,12,0,0,25.0,21.58,-0.063,21.87,-0.016,0.0111,0.0098
8569,12,1,0,25.78,20.38,-0.193,20.46,-0.168,0.0111,0.0098
8570,12,2,0,26.5,21.24,-0.176,21.2,-0.059,0.0111,0.0098
8571,12,3,0,27.12,22.44,-0.033,22.3,0.043,0.0111,0.0098
8572,12,4,0,27.6,21.55,-0.021,21.94,0.04,0.0111,0.0098
8573,12,5,0,27.9,22.71,0.094,23.03,0.089,0.0111,0.0098
8574,12,6,0,28.0,22.78,0.182,22.53,0.05,0.0111,0.0098
8575,12,7,0,27.9,22.54,-0.0,22.66,0.105,0.0111,0.0098
8576,12,8,1,27.6,20.96,-0.112,20.59,-0.18,0.0111,0.0098
8577,12,9,1,27.12,24.84,0.123,24.77,0.283,0.0111,0.0098
8578,12,10,1,26.5,23.33,0.065,23.2,0.117,0.0111,0.0098
8579,12,11,1,25.78,21.78,-0.075,21.48,-0.047,0.0111,0.0098
8580,12,12,1,25.0,23.85,0.099,23.99,0.218,0.0111,0.0098
8581,12,13,1,24.22,23.66,0.118,24.08,0.206,0.0111,0.0098
8582,12,14,1,23.5,23.35,0.163,23.19,0.119,0.0111,0.0098
8583,12,15,1,22.88,21.23,-0.015,21.0,-0.13,0.0111,0.0098
8584,12,16,1,22.4,20.75,-0.127,20.85,-0.154,0.0111,0.0098
8585,12,17,1,22.1,21.72,-0.06,21.48,0.023,0.0111,0.0098
8586,12,18,1,22.0,22.05,0.106,21.78,0.005,0.0111,0.0098
8587,12,19,0,22.1,23.59,0.218,23.34,0.158,0.0111,0.0098
8588,12,20,0,22.4,22.72,0.071,22.21,0.072,0.0111,0.0098
8589,12,21,0,22.88,22.83,0.072,22.72,0.067,0.0111,0.0098
8590,12,22,0,23.5,21.3,0.002,21.29,-0.031,0.0111,0.0098
8591,12,23,0,24.22,21.37,-0.025,21.75,-0.006,0.0111,0.0098
8592,12,0,0,25.0,23.15,0.095,22.87,0.112,0.0111,0.0098
8593,12,1,0,25.78,20.69,-0.116,20.38,-0.186,0.0111,0.0098
8594,12,2,0,26.5,23.74,0.186,23.51,0.161,0.0111,0.0098
8595,12,3,0,27.12,21.78,-0.056,21.7,-0.03,0.0111,0.0098
8596,12,4,0,27.6,21.06,-0.057,20.99,-0.135,0.0111,0.0098
8597,12,5,0,27.9,21.77,-0.127,21.92,0.048,0.0111,0.0098
8598,12,6,0,28.0,24.07,0.102,23.61,0.162,0.0111,0.0098
8599,12,7,0,27.9,20.82,-0.098,21.11,-0.085,0.0111,0.0098
8600,12,8,1,27.6,21.64,0.002,22.12,0.031,0.0111,0.0098
8601,12,9,1,27.12,24.3,0.294,23.99,0.192,0.0111,0.0098
8602,12,10,1,26.5,23.0,0.006,22.96,0.124,0.0111,0.0098
8603,12,11,1,25.78,19.76,-0.246,19.47,-0.311,0.0111,0.0098
8604,12,12,1,25.0,20.85,-0.132,20.92,-0.116,0.0111,0.0098
8605,12,13,1,24.22,21.13,-0.104,21.14,-0.135,0.0111,0.0098
8606,12,14,1,23.5,22.2,0.065,21.83,-0.029,0.0111,0.0098
8607,12,15,1,22.88,26.28,0.422,26.57,0.475,0.0111,0.0098
8608,12,16,1,22.4,19.37,-0.304,19.65,-0.232,0.0111,0.0098
8609,12,17,1,22.1,21.41,-0.068,21.22,-0.075,0.0111,0.0098
8610,12,18,1,22.0,22.46,-0.035,22.46,0.116,0.0111,0.0098
8611,12,19,0,22.1,22.85,0.068,22.98,0.072,0.0111,0.0098
8612,12,20,0,22.4,22.73,0.138,22.81,0.144,0.0111,0.0098
8613,12,21,0,22.88,24.72,0.249,24.19,0.229,0.0111,0.0098
8614,12,22,0,23.5,21.9,-0.117,21.89,0.016,0.0111,0.0098
8615,12,23,0,24.22,19.69,-0.282,19.22,-0.281,0.0111,0.0098
8616,12,0,0,25.0,20.07,-0.136,19.75,-0.229,0.0111,0.0098
8617,12,1,0,25.78,23.15,0.112,22.78,0.074,0.0111,0.0098
8618,12,2,0,26.5,21.31,-0.164,21.29,-0.058,0.0111,0.0098
8619,12,3,0,27.12,21.9,0.033,21.82,-0.005,0.0111,0.0098
8620,12,4,0,27.6,22.02,0.069,21.69,-0.071,0.0111,0.0098
8621,12,5,0,27.9,23.44,0.19,22.96,0.127,0.0111,0.0098
8622,12,6,0,28.0,19.63,-0.219,19.77,-0.202,0.0111,0.0098
8623,12,7,0,27.9,23.05,0.094,22.76,0.126,0.0111,0.0098
8624,12,8,1,27.6,20.84,-0.059,20.94,-0.136,0.0111,0.0098
8625,12,9,1,27.12,20.37,-0.143,19.99,-0.239,0.0111,0.0098
8626,12,10,1,26.5,22.3,0.027,22.71,0.047,0.0111,0.0098
8627,12,11,1,25.78,22.69,0.091,22.67,0.115,0.0111,0.0098
8628,12,12,1,25.0,23.1,0.132,23.71,0.148,0.0111,0.0098
8629,12,13,1,24.22,25.93,0.341,25.9,0.459,0.0111,0.0098
8630,12,14,1,23.5,21.4,-0.088,21.17,-0.078,0.0111,0.0098
8631,12,15,1,22.88,23.9,0.236,23.1,0.094,0.0111,0.0098
8632,12,16,1,22.4,21.88,-0.001,22.4,0.053,0.0111,0.0098
8633,12,17,1,22.1,22.43,0.124,22.66,-0.009,0.0111,0.0098
8634,12,18,1,22.0,24.13,0.238,24.59,0.239,0.0111,0.0098
8635,12,19,0,22.1,20.77,-0.168,21.48,-0.006,0.0111,0.0098
8636,12,20,0,22.4,23.09,0.093,23.7,0.122,0.0111,0.0098
8637,12,21,0,22.88,22.5,0.184,22.06,0.025,0.0111,0.0098
8638,12,22,0,23.5,23.67,0.132,23.9,0.186,0.0111,0.0098
8639,12,23,0,24.22,22.67,0.009,23.25,0.103,0.0111,0.0098
8640,12,0,0,25.0,21.96,-0.077,21.75,-0.106,0.0111,0.0098
8641,12,1,0,25.78,19.76,-0.224,20.09,-0.166,0.0111,0.0098
8642,12,2,0,26.5,21.63,0.043,21.6,0.006,0.0111,0.0098
8643,12,3,0,27.12,23.91,0.217,23.97,0.208,0.0111,0.0098
8644,12,4,0,27.6,22.25,0.081,22.13,-0.026,0.0111,0.0098
8645,12,5,0,27.9,24.73,0.207,24.65,0.248,0.0111,0.0098
8646,12,6,0,28.0,21.19,-0.111,21.02,-0.117,0.0111,0.0098
8647,12,7,0,27.9,22.04,0.042,22.02,-0.005,0.0111,0.0098
8648,12,8,1,27.6,22.99,0.126,22.99,0.101,0.0111,0.0098
8649,12,9,1,27.12,21.53,-0.037,21.25,-0.036,0.0111,0.0098
8650,12,10,1,26.5,22.16,0.003,21.95,-0.022,0.0111,0.0098
8651,12,11,1,25.78,21.5,-0.062,21.07,-0.086,0.0111,0.0098
8652,12,12,1,25.0,20.88,-0.16,20.61,-0.18,0.0111,0.0098
8653,12,13,1,24.22,21.07,-0.16,21.01,-0.103,0.0111,0.0098
8654,12,14,1,23.5,21.44,-0.037,21.17,-0.103,0.0111,0.0098
8655,12,15,1,22.88,21.79,-0.067,22.18,0.065,0.0111,0.0098
8656,12,16,1,22.4,21.98,-0.03,21.64,-0.034,0.0111,0.0098
8657,12,17,1,22.1,24.38,0.241,24.62,0.3,0.0111,0.0098
8658,12,18,1,22.0,19.68,-0.217,19.75,-0.215,0.0111,0.0098
8659,12,19,0,22.1,20.08,-0.2,19.78,-0.189,0.0111,0.0098
8660,12,20,0,22.4,25.37,0.272,25.17,0.342,0.0111,0.0098
8661,12,21,0,22.88,26.42,0.405,26.75,0.561,0.0111,0.0098
8662,12,22,0,23.5,23.53,0.25,23.29,0.103,0.0111,0.0098
8663,12,23,0,24.22,21.57,-0.044,21.79,-0.02,0.0111,0.0098
8664,12,0,0,25.0,22.56,-0.06,22.89,0.098,0.0111,0.0098
8665,12,1,0,25.78,22.06,-0.031,21.84,-0.095,0.0111,0.0098
8666,12,2,0,26.5,21.3,-0.028,21.69,-0.037,0.0111,0.0098
8667,12,3,0,27.12,20.38,-0.096,20.63,-0.106,0.0111,0.0098
8668,12,4,0,27.6,21.05,-0.013,20.79,-0.158,0.0111,0.0098
8669,12,5,0,27.9,23.22,0.107,22.68,0.086,0.0111,0.0098
8670,12,6,0,28.0,22.46,-0.016,22.61,0.037,0.0111,0.0098
8671,12,7,0,27.9,23.22,0.133,23.43,0.172,0.0111,0.0098
8672,12,8,1,27.6,20.01,-0.107,19.87,-0.174,0.0111,0.0098
8673,12,9,1,27.12,23.45,0.197,23.4,0.153,0.0111,0.0098
8674,12,10,1,26.5,20.22,-0.221,20.52,-0.125,0.0111,0.0098
8675,12,11,1,25.78,20.08,-0.206,20.56,-0.178,0.0111,0.0098
8676,12,12,1,25.0,21.47,-0.054,21.37,-0.024,0.0111,0.0098
8677,12,13,1,24.22,22.61,-0.001,21.95,0.078,0.0111,0.0098
8678,12,14,1,23.5,22.7,0.055,22.99,0.069,0.0111,0.0098
8679,12,15,1,22.88,21.78,-0.045,21.82,0.039,0.0111,0.0098
8680,12,16,1,22.4,21.58,-0.002,21.26,-0.046,0.0111,0.0098
8681,12,17,1,22.1,22.54,-0.041,22.36,0.073,0.0111,0.0098
8682,12,18,1,22.0,23.8,0.183,23.67,0.16,0.0111,0.0098
8683,12,19,0,22.1,24.94,0.263,24.63,0.242,0.0111,0.0098
8684,12,20,0,22.4,22.97,0.107,22.98,0.072,0.0111,0.0098
8685,12,21,0,22.88,24.73,0.332,24.59,0.353,0.0111,0.0098
8686,12,22,0,23.5,21.19,-0.088,21.29,-0.01,0.0111,0.0098
8687,12,23,0,24.22,22.08,0.019,22.15,0.012,0.0111,0.0098
8688,12,0,0,25.0,23.63,0.187,23.66,0.173,0.0111,0.0098
8689,12,1,0,25.78,21.59,-0.013,21.51,-0.032,0.0111,0.0098
8690,12,2,0,26.5,24.37,0.211,24.93,0.297,0.0111,0.0098
8691,12,3,0,27.12,22.21,0.049,21.88,0.011,0.0111,0.0098
8692,12,4,0,27.6,20.88,-0.135,20.77,-0.168,0.0111,0.0098
8693,12,5,0,27.9,22.45,0.052,22.1,0.018,0.0111,0.0098
8694,12,6,0,28.0,23.09,0.186,23.22,0.098,0.0111,0.0098
8695,12,7,0,27.9,21.36,-0.07,21.56,-0.01,0.0111,0.0098
8696,12,8,0,27.6,23.34,0.13,23.92,0.147,0.0111,0.0098
8697,12,9,0,27.12,23.01,0.128,22.99,0.119,0.0111,0.0098
8698,12,10,0,26.5,21.7,-0.037,21.4,-0.132,0.0111,0.0098
8699,12,11,0,25.78,22.62,0.105,22.5,-0.01,0.0111,0.0098
8700,12,12,0,25.0,22.51,0.085,22.98,0.128,0.0111,0.0098
8701,12,13,0,24.22,23.01,0.109,22.51,0.063,0.0111,0.0098
8702,12,14,0,23.5,20.88,-0.257,20.84,-0.126,0.0111,0.0098
8703,12,15,0,22.88,21.85,-0.046,22.27,0.019,0.0111,0.0098
8704,12,16,0,22.4,22.38,0.074,22.2,-0.039,0.0111,0.0098
8705,12,17,0,22.1,24.2,0.286,24.2,0.138,0.0111,0.0098
8706,12,18,0,22.0,18.85,-0.29,18.76,-0.341,0.0111,0.0098
8707,12,19,0,22.1,23.38,0.171,23.67,0.17,0.0111,0.0098
8708,12,20,0,22.4,22.64,0.062,22.46,0.015,0.0111,0.0098
8709,12,21,0,22.88,21.32,-0.091,21.48,-0.074,0.0111,0.0098
8710,12,22,0,23.5,23.17,0.107,23.29,0.124,0.0111,0.0098
8711,12,23,0,24.22,23.12,0.122,23.41,0.106,0.0111,0.0098
8712,12,0,0,25.0,22.17,-0.036,22.05,0.02,0.0111,0.0098
8713,12,1,0,25.78,23.36,0.087,23.58,0.163,0.0111,0.0098
8714,12,2,0,26.5,22.49,0.056,22.58,0.058,0.0111,0.0098
8715,12,3,0,27.12,22.3,-0.013,22.63,0.058,0.0111,0.0098
8716,12,4,0,27.6,24.12,0.174,23.88,0.21,0.0111,0.0098
8717,12,5,0,27.9,20.36,-0.188,20.56,-0.131,0.0111,0.0098
8718,12,6,0,28.0,20.67,-0.194,21.02,-0.076,0.0111,0.0098
8719,12,7,0,27.9,20.74,-0.13,21.28,-0.014,0.0111,0.0098
8720,12,8,0,27.6,21.27,-0.012,21.14,-0.129,0.0111,0.0098
8721,12,9,0,27.12,21.45,-0.106,21.6,-0.024,0.0111,0.0098
8722,12,10,0,26.5,22.76,0.124,22.3,-0.008,0.0111,0.0098
8723,12,11,0,25.78,23.66,0.143,23.7,0.136,0.0111,0.0098
8724,12,12,0,25.0,22.99,0.16,22.73,0.111,0.0111,0.0098
8725,12,13,0,24.22,24.96,0.276,25.05,0.296,0.0111,0.0098
8726,12,14,0,23.5,21.94,0.016,22.02,0.039,0.0111,0.0098
8727,12,15,0,22.88,22.53,0.033,22.11,0.058,0.0111,0.0098
8728,12,16,0,22.4,20.17,-0.203,20.39,-0.188,0.0111,0.0098
8729,12,17,0,22.1,23.09,0.126,23.56,0.148,0.0111,0.0098
8730,12,18,0,22.0,20.56,-0.211,20.53,-0.157,0.0111,0.0098
8731,12,19,0,22.1,22.41,0.11,21.7,-0.067,0.0111,0.0098
8732,12,20,0,22.4,22.22,0.088,22.38,0.014,0.0111,0.0098
8733,12,21,0,22.88,18.74,-0.389,19.06,-0.283,0.0111,0.0098
8734,12,22,0,23.5,23.13,0.032,22.16,0.002,0.0111,0.0098
8735,12,23,0,24.22,18.62,-0.331,18.22,-0.38,0.0111,0.0098
8736,12,0,0,25.0,22.95,0.011,23.09,0.07,0.0111,0.0098
8737,12,1,0,25.78,23.64,0.116,24.1,0.218,0.0111,0.0098
8738,12,2,0,26.5,23.71,0.159,23.78,0.159,0.0111,0.0098
8739,12,3,0,27.12,25.48,0.367,25.51,0.36,0.0111,0.0098
8740,12,4,0,27.6,21.28,-0.088,21.3,-0.081,0.0111,0.0098
8741,12,5,0,27.9,22.98,0.037,22.7,0.085,0.0111,0.0098
8742,12,6,0,28.0,21.7,-0.126,21.6,-0.011,0.0111,0.0098
8743,12,7,0,27.9,23.29,0.148,23.5,0.104,0.0111,0.0098
8744,12,8,1,27.6,22.84,0.036,22.66,0.081,0.0111,0.0098
8745,12,9,1,27.12,24.99,0.33,25.44,0.343,0.0111,0.0098
8746,12,10,1,26.5,22.18,0.004,21.91,0.018,0.0111,0.0098
8747,12,11,1,25.78,25.23,0.224,24.99,0.283,0.0111,0.0098
8748,12,12,1,25.0,23.86,0.251,24.48,0.286,0.0111,0.0098
8749,12,13,1,24.22,21.23,-0.144,20.98,-0.122,0.0111,0.0098
8750,12,14,1,23.5,23.87,0.204,24.36,0.228,0.0111,0.0098
8751,12,15,1,22.88,20.9,-0.1,20.87,-0.157,0.0111,0.0098
8752,12,16,1,22.4,23.88,0.231,23.76,0.175,0.0111,0.0098
8753,12,17,1,22.1,22.95,0.077,22.74,0.093,0.0111,0.0098
8754,12,18,1,22.0,22.3,0.036,21.97,0.009,0.0111,0.0098
8755,12,19,0,22.1,24.56,0.253,24.91,0.274,0.0111,0.0098
8756,12,20,0,22.4,22.16,0.041,22.0,0.031,0.0111,0.0098
8757,12,21,0,22.88,24.36,0.21,24.24,0.211,0.0111,0.0098
8758,12,22,0,23.5,19.6,-0.242,19.24,-0.265,0.0111,0.0098
8759,12,23,0,24.22,23.24,0.099,23.0,0.092,0.0111,0.0098
