sample_id,T_now_C,RH_now_pct,CO2_now_ppm,T_forecast_30min_C,PMV_forecast,comfort_class_now,comfort_class_forecast
0,18.42,39.6,445.0,18.08,-0.457,1,1
1,22.49,68.9,1077.0,22.21,0.18,2,3
2,22.83,41.5,1083.0,23.68,0.245,1,2
3,23.43,32.1,684.0,22.52,0.016,2,4
4,21.7,50.5,604.0,22.35,0.016,0,2
5,18.77,57.0,795.0,19.15,-0.266,3,3
6,25.65,42.4,860.0,26.0,0.407,2,2
7,21.13,45.5,734.0,19.66,-0.286,2,2
8,20.85,42.4,919.0,20.5,0.041,2,2
9,27.75,40.2,997.0,27.58,0.427,3,1
10,24.2,32.7,1079.0,24.12,0.007,2,2
11,20.3,38.2,778.0,19.54,-0.289,3,2
12,21.9,36.1,688.0,20.95,-0.048,2,2
13,21.24,40.9,888.0,21.51,-0.005,2,2
14,25.86,57.3,887.0,25.21,0.209,4,1
15,26.36,67.7,781.0,25.89,0.428,3,2
16,18.87,54.2,1102.0,18.99,-0.361,2,1
17,27.36,67.2,1045.0,26.48,0.254,2,2
18,27.68,37.7,942.0,27.45,0.524,2,2
19,21.94,34.8,921.0,22.81,0.101,2,2
20,21.07,49.6,484.0,20.19,-0.253,2,3
21,20.98,46.6,981.0,22.44,0.034,3,3
22,24.58,40.9,999.0,24.49,0.181,1,1
23,27.65,59.5,670.0,28.01,0.786,4,2
24,19.4,69.1,478.0,19.45,-0.309,0,2
25,18.05,38.6,954.0,17.24,-0.623,2,0
26,25.99,37.8,952.0,26.5,0.461,2,2
27,20.53,58.4,560.0,19.69,-0.401,2,2
28,24.2,49.1,821.0,24.9,0.295,2,2
29,26.06,62.2,1127.0,27.16,0.401,3,2
30,19.89,33.6,1094.0,20.03,-0.22,2,1
31,20.61,34.4,416.0,20.58,-0.051,2,3
32,22.4,60.2,1037.0,23.97,0.173,2,2
33,20.17,66.0,839.0,20.1,-0.08,2,2
34,23.92,70.0,788.0,23.91,0.271,4,2
35,24.43,56.5,448.0,24.84,0.197,2,2
36,26.82,30.4,873.0,27.15,0.485,3,4
37,25.29,34.6,782.0,26.43,0.462,4,2
38,23.64,38.3,1065.0,23.59,0.166,2,3
39,19.65,42.0,1112.0,19.85,-0.291,2,4
40,22.22,65.5,1006.0,21.54,-0.009,2,2
41,25.89,66.0,820.0,25.3,0.236,3,2
42,27.8,38.6,1000.0,28.12,0.467,1,1
43,26.67,34.6,1190.0,27.0,0.507,1,1
44,20.55,61.1,572.0,21.7,-0.009,1,2
45,19.18,60.6,765.0,19.28,-0.1,2,2
46,20.18,66.9,954.0,19.92,-0.104,2,4
47,22.26,42.6,486.0,21.64,0.086,2,0
48,27.52,49.3,1149.0,28.18,0.656,2,3
49,25.88,44.8,619.0,25.74,0.423,2,1
50,22.2,67.5,1176.0,23.55,0.259,2,3
51,21.4,54.3,807.0,21.95,-0.047,2,3
52,19.22,56.0,553.0,18.46,-0.307,3,2
53,20.25,67.9,870.0,20.82,-0.292,2,3
54,25.03,65.0,754.0,25.69,0.32,2,3
55,21.52,52.6,735.0,20.81,-0.128,1,0
56,18.21,59.7,799.0,18.35,-0.398,1,2
57,23.03,48.7,1161.0,23.43,0.037,3,1
58,23.12,33.7,617.0,23.36,0.07,2,1
59,27.39,49.1,546.0,26.91,0.597,2,2
60,19.02,38.4,800.0,19.11,-0.26,2,2
61,23.97,30.5,612.0,24.38,0.008,2,2
62,20.47,32.6,844.0,19.91,-0.335,2,3
63,26.92,53.3,1129.0,28.56,0.606,3,2
64,24.75,41.5,1047.0,24.59,0.356,3,3
65,27.42,68.6,762.0,28.42,0.693,4,1
66,22.13,31.5,439.0,23.49,0.211,4,3
67,25.45,65.4,1190.0,24.87,0.383,2,2
68,19.45,53.0,968.0,20.93,-0.117,2,2
69,27.1,66.0,1128.0,28.36,0.37,2,3
70,20.07,35.5,512.0,20.31,-0.157,3,2
71,23.5,40.3,584.0,23.32,0.195,1,2
72,27.03,48.4,1193.0,27.35,0.412,4,4
73,26.13,35.8,503.0,24.22,0.232,3,0
74,26.16,44.6,1086.0,26.84,0.49,2,2
75,24.06,60.2,965.0,25.23,0.298,2,2
76,23.2,40.7,1142.0,22.62,0.1,1,1
77,25.71,54.9,944.0,26.74,0.343,1,2
78,21.61,34.1,706.0,22.12,-0.052,0,3
79,21.96,34.9,1158.0,22.8,0.073,2,2
80,25.16,62.3,1183.0,25.75,0.202,2,3
81,18.94,33.7,1031.0,19.5,-0.179,2,2
82,26.99,39.8,567.0,26.37,0.295,2,2
83,27.97,52.8,970.0,28.32,0.61,2,2
84,19.38,50.6,975.0,19.75,-0.297,2,2
85,23.35,42.7,452.0,23.66,0.191,2,2
86,26.79,44.8,1180.0,25.76,0.624,2,2
87,24.4,67.9,560.0,24.16,0.248,2,0
88,21.67,40.7,508.0,22.5,0.252,2,2
89,24.59,31.9,908.0,25.46,0.475,1,3
90,21.18,60.7,931.0,20.07,-0.235,2,2
91,26.1,51.1,1010.0,28.02,0.618,0,2
92,19.51,63.7,908.0,19.42,-0.25,1,2
93,21.97,48.8,409.0,22.9,0.133,2,2
94,20.11,50.8,1115.0,19.9,-0.237,2,2
95,26.35,53.7,985.0,25.42,0.402,4,2
96,24.34,57.8,1003.0,24.09,0.216,4,2
97,22.27,54.4,873.0,23.31,0.234,2,2
98,21.13,60.8,505.0,21.6,-0.001,2,2
99,24.11,55.2,586.0,23.02,-0.003,2,2
100,23.05,65.6,1112.0,23.37,0.276,2,2
101,18.82,65.0,710.0,18.69,-0.172,2,2
102,21.35,60.4,1059.0,21.18,-0.095,2,2
103,19.6,35.5,482.0,18.95,-0.222,3,2
104,24.16,67.4,490.0,24.37,0.375,2,2
105,24.36,43.3,645.0,24.89,0.239,3,3
106,25.93,32.1,1172.0,25.88,0.459,2,2
107,18.99,41.0,1080.0,17.65,-0.46,2,3
108,19.96,31.6,846.0,20.39,-0.126,3,2
109,22.88,47.9,744.0,22.34,-0.169,2,1
110,24.02,37.0,1052.0,23.39,0.2,1,1
111,22.14,47.7,900.0,21.65,0.146,2,3
112,19.07,40.7,1135.0,19.12,-0.227,3,2
113,21.13,48.1,529.0,20.48,-0.442,4,2
114,20.73,69.2,1043.0,20.45,-0.115,2,1
115,27.18,31.4,442.0,26.85,0.325,2,3
116,20.8,63.7,926.0,21.28,-0.129,2,1
117,19.56,32.1,1056.0,19.23,-0.283,2,2
118,23.42,54.8,945.0,23.46,0.09,2,4
119,26.03,35.6,713.0,27.39,0.538,2,3
120,23.67,64.8,976.0,22.78,-0.05,4,2
121,23.72,30.9,631.0,24.12,0.135,2,2
122,25.8,38.7,710.0,26.38,0.349,2,2
123,21.36,48.8,899.0,20.97,-0.014,2,2
124,27.7,49.3,917.0,26.88,0.415,2,2
125,21.14,41.1,589.0,20.1,-0.225,2,2
126,26.44,57.3,751.0,27.11,0.63,1,2
127,27.44,33.8,671.0,27.65,0.537,2,2
128,21.65,57.0,938.0,21.87,0.056,1,2
129,22.12,69.1,899.0,21.73,-0.128,2,1
130,24.56,61.1,818.0,25.85,0.397,2,2
131,25.98,56.5,874.0,25.7,0.474,2,3
132,23.78,66.3,1053.0,24.35,0.146,0,2
133,26.1,32.7,1051.0,26.68,0.578,0,3
134,26.5,39.5,1158.0,26.38,0.487,1,2
135,23.1,43.5,1178.0,23.53,0.159,2,4
136,18.02,68.5,572.0,19.09,-0.312,4,2
137,26.79,49.4,800.0,26.97,0.35,2,4
138,21.62,59.2,985.0,21.64,-0.133,2,2
139,19.96,31.1,1186.0,19.27,-0.218,1,2
140,24.19,64.0,732.0,24.31,0.184,1,2
141,27.87,41.6,777.0,28.96,0.834,2,3
142,18.92,46.5,684.0,18.3,-0.299,2,3
143,25.86,46.7,1108.0,26.05,0.274,2,2
144,20.26,42.4,1140.0,20.68,-0.129,2,2
145,19.86,57.8,418.0,20.36,-0.283,0,1
146,18.79,65.4,635.0,20.22,-0.192,1,2
147,25.19,40.4,928.0,26.04,0.207,2,2
148,24.82,38.0,1151.0,24.96,0.394,3,3
149,19.02,47.6,800.0,19.21,-0.267,3,0
150,18.6,67.4,959.0,17.87,-0.418,2,2
151,27.1,34.2,852.0,27.36,0.514,2,2
152,24.62,35.2,653.0,25.22,0.425,2,3
153,26.5,69.3,925.0,25.66,0.268,2,2
154,19.4,63.9,1171.0,20.29,-0.262,1,3
155,23.73,67.9,782.0,25.34,0.25,3,2
156,18.78,58.5,754.0,18.53,-0.455,2,2
157,19.91,64.5,586.0,18.64,-0.154,2,2
158,21.69,39.2,1041.0,21.28,-0.013,2,2
159,25.75,46.9,842.0,25.62,0.461,2,2
160,25.1,42.8,1126.0,25.57,0.239,3,2
161,26.87,67.7,973.0,26.48,0.43,1,2
162,21.05,57.2,787.0,21.23,-0.089,2,2
163,24.42,51.8,804.0,24.14,0.128,2,3
164,24.13,57.0,704.0,23.86,0.113,2,2
165,18.5,35.9,755.0,18.07,-0.512,3,2
166,18.38,36.5,524.0,17.98,-0.351,2,0
167,24.87,65.2,1013.0,24.65,0.249,2,2
168,25.24,70.0,838.0,25.54,0.384,1,1
169,24.36,41.4,694.0,25.84,0.321,2,2
170,26.46,50.8,1062.0,26.79,0.468,0,2
171,26.34,53.5,1090.0,26.1,0.281,2,0
172,26.83,33.9,955.0,26.06,0.293,2,2
173,27.7,33.1,639.0,25.66,0.501,2,1
174,27.5,62.1,439.0,28.32,0.613,2,3
175,19.17,41.2,667.0,19.6,-0.279,3,2
176,20.22,60.8,495.0,18.06,-0.392,1,2
177,26.45,48.5,743.0,26.92,0.459,2,2
178,20.79,68.1,1165.0,20.16,-0.194,2,2
179,18.29,68.5,1016.0,17.97,-0.421,2,2
180,19.41,39.0,606.0,18.74,-0.277,2,2
181,26.29,51.2,966.0,26.4,0.485,4,3
182,25.79,61.9,416.0,25.09,0.255,2,0
183,22.82,43.1,811.0,23.04,0.036,4,2
184,19.94,40.2,1042.0,18.67,-0.255,2,2
185,27.81,36.3,708.0,28.58,0.669,2,2
186,22.87,54.5,1100.0,21.22,0.017,1,2
187,24.6,43.9,825.0,26.35,0.525,2,3
188,20.73,60.9,1100.0,20.96,-0.102,2,1
189,18.31,48.4,492.0,18.21,-0.518,2,2
190,19.13,36.5,972.0,20.46,-0.091,2,2
191,27.94,35.3,634.0,26.51,0.431,2,1
192,26.97,61.1,833.0,26.98,0.491,1,3
193,26.18,39.6,422.0,26.33,0.478,2,2
194,19.05,36.1,797.0,19.3,-0.182,2,2
195,18.69,49.6,586.0,19.09,-0.335,2,2
196,24.85,55.5,480.0,23.13,-0.064,3,2
197,19.55,68.5,1141.0,18.98,-0.453,2,2
198,24.91,31.9,947.0,24.89,0.588,3,3
199,18.36,44.4,766.0,17.67,-0.45,2,2
200,26.94,43.4,887.0,27.0,0.566,2,2
201,24.95,61.0,511.0,23.65,0.184,2,2
202,27.17,46.7,898.0,26.36,0.48,2,2
203,21.1,58.7,836.0,23.08,0.144,2,2
204,20.41,68.4,603.0,19.75,-0.089,3,0
205,27.24,67.4,775.0,27.87,0.565,2,2
206,25.73,48.1,693.0,26.19,0.556,1,3
207,22.9,47.1,1104.0,22.85,0.035,2,2
208,18.85,63.0,798.0,17.11,-0.564,2,1
209,21.59,45.5,1095.0,23.28,0.245,2,1
210,24.67,65.3,1182.0,24.77,0.384,2,3
211,23.14,68.3,1176.0,23.61,0.17,2,2
212,27.35,68.0,526.0,27.31,0.551,0,2
213,25.52,67.0,1174.0,26.19,0.352,2,2
214,27.61,30.6,1003.0,28.59,0.767,2,2
215,23.82,38.0,530.0,22.66,0.139,2,2
216,20.34,50.0,649.0,21.33,0.039,2,2
217,20.85,43.3,1097.0,21.19,-0.119,3,2
218,20.7,60.1,667.0,21.85,0.006,2,2
219,26.47,43.6,1185.0,26.54,0.541,2,0
220,19.79,36.5,1112.0,18.21,-0.457,2,2
221,22.61,59.1,1003.0,23.49,0.066,2,3
222,22.76,54.3,932.0,22.6,0.097,1,2
223,25.58,61.9,673.0,26.16,0.32,2,2
224,22.11,55.9,924.0,22.15,0.108,1,2
225,23.61,48.0,644.0,22.39,0.068,4,1
226,22.12,30.6,500.0,20.31,-0.162,1,2
227,27.78,35.2,1187.0,27.21,0.568,2,3
228,23.25,31.1,432.0,23.24,0.174,1,2
229,24.97,39.9,579.0,24.27,0.256,3,2
230,25.25,50.4,575.0,24.67,0.45,2,2
231,18.3,35.4,563.0,17.22,-0.511,3,1
232,27.75,58.0,725.0,28.97,0.638,2,2
233,26.65,39.0,497.0,27.44,0.594,2,2
234,19.91,63.9,579.0,20.29,-0.118,3,2
235,23.46,58.5,866.0,22.86,0.255,4,3
236,25.07,63.2,441.0,25.8,0.468,2,3
237,18.22,46.2,735.0,19.11,-0.104,2,2
238,19.36,69.8,431.0,18.63,-0.62,2,2
239,19.5,60.6,981.0,19.09,-0.381,2,2
240,25.32,42.0,1165.0,24.48,0.243,1,2
241,18.68,64.9,437.0,19.41,-0.233,0,2
242,25.92,65.9,602.0,25.69,0.486,2,4
243,18.26,43.5,579.0,17.87,-0.423,2,2
244,20.65,58.0,1032.0,21.33,-0.024,2,2
245,25.64,39.7,1126.0,24.69,0.41,2,3
246,18.21,48.1,1091.0,18.95,-0.294,2,1
247,19.89,58.2,977.0,20.13,-0.218,2,2
248,22.77,56.3,610.0,22.81,0.076,2,2
249,22.32,60.3,435.0,21.08,-0.116,2,2
250,19.85,36.4,1095.0,20.11,-0.191,2,3
251,23.7,47.3,820.0,23.5,-0.014,1,2
252,24.55,65.1,538.0,24.98,0.318,2,2
253,23.7,50.2,1144.0,23.83,0.132,2,3
254,25.37,30.5,494.0,25.17,0.326,2,3
255,20.22,62.5,1069.0,20.2,-0.41,0,2
256,26.72,58.8,488.0,27.84,0.451,2,2
257,20.83,32.6,1070.0,21.22,-0.199,2,2
258,25.06,45.3,556.0,25.55,0.417,2,3
259,25.27,66.5,633.0,25.18,0.179,2,3
260,20.27,69.7,663.0,19.52,-0.188,2,2
261,20.37,49.0,871.0,19.16,-0.269,3,2
262,22.77,47.8,722.0,23.3,0.221,0,3
263,21.17,31.4,815.0,21.14,-0.133,2,2
264,21.84,64.9,1034.0,22.05,0.014,2,2
265,18.89,56.8,614.0,18.51,-0.24,3,2
266,27.52,56.0,759.0,27.82,0.439,2,1
267,25.02,46.9,1006.0,24.7,0.134,2,0
268,26.66,50.5,586.0,27.0,0.444,2,2
269,25.81,37.2,955.0,27.65,0.489,0,2
270,20.29,39.4,949.0,19.77,-0.115,3,2
271,18.65,58.0,866.0,17.85,-0.485,1,2
272,26.07,57.4,1009.0,26.11,0.541,3,1
273,20.32,52.3,430.0,21.37,-0.132,1,2
274,22.44,30.8,693.0,22.53,0.046,2,4
275,25.31,30.5,539.0,25.59,0.365,2,2
276,27.79,64.4,658.0,27.49,0.575,2,2
277,27.69,47.7,1065.0,25.91,0.217,2,2
278,27.17,62.4,632.0,27.1,0.514,2,2
279,23.5,51.5,427.0,22.81,0.048,3,2
280,25.91,51.3,980.0,26.67,0.484,3,3
281,24.69,59.8,595.0,24.04,0.096,1,2
282,19.01,42.7,820.0,19.72,-0.43,1,2
283,22.8,33.7,1074.0,22.46,-0.018,2,3
284,25.7,51.9,674.0,26.1,0.288,2,2
285,22.05,38.0,456.0,21.21,-0.041,2,1
286,23.08,60.5,1086.0,24.06,0.373,2,2
287,25.48,47.8,1187.0,25.15,0.356,3,2
288,20.95,43.2,1126.0,20.24,-0.28,1,2
289,25.63,49.8,744.0,26.64,0.347,2,3
290,18.74,38.1,801.0,17.68,-0.497,2,2
291,25.99,68.9,1150.0,26.44,0.537,2,2
292,18.41,57.0,976.0,19.02,-0.235,2,1
293,25.87,48.5,815.0,25.09,0.277,3,2
294,19.13,30.8,914.0,20.07,-0.244,2,1
295,26.43,63.7,654.0,25.58,0.351,2,0
296,18.26,35.6,1160.0,19.18,-0.108,2,2
297,19.39,58.0,1186.0,19.98,0.004,2,3
298,18.91,35.8,537.0,17.51,-0.333,2,2
299,20.97,38.5,1095.0,21.08,-0.128,2,2
300,25.99,50.2,981.0,25.5,0.327,2,1
301,26.54,40.9,493.0,27.45,0.606,1,2
302,21.03,31.6,977.0,21.04,-0.092,2,1
303,20.82,50.0,503.0,21.73,-0.016,2,2
304,26.87,40.8,1084.0,28.18,0.426,2,2
305,23.81,45.7,724.0,23.33,0.009,2,3
306,18.53,66.8,977.0,18.65,-0.553,2,2
307,27.8,66.0,699.0,28.05,0.595,2,1
308,23.79,38.0,857.0,24.18,0.263,2,2
309,23.54,57.4,1173.0,23.56,0.089,2,2
310,24.83,33.3,758.0,24.91,0.327,2,3
311,24.18,65.2,883.0,23.8,0.16,2,2
312,18.88,54.5,428.0,17.34,-0.689,2,2
313,18.37,50.9,789.0,18.24,-0.336,2,2
314,27.53,31.0,660.0,27.9,0.571,2,4
315,25.09,34.7,548.0,24.44,0.256,2,2
316,24.79,48.7,1038.0,24.2,0.235,4,2
317,22.4,51.1,1112.0,22.36,-0.034,2,3
318,26.41,60.7,951.0,28.26,0.604,3,2
319,22.7,69.9,1074.0,20.85,-0.037,2,3
320,23.73,38.4,1125.0,25.73,0.323,2,0
321,20.18,38.8,972.0,21.59,-0.135,2,2
322,25.38,43.1,1046.0,25.34,0.31,2,0
323,23.69,62.6,1184.0,24.29,0.261,2,2
324,20.53,64.7,504.0,21.42,0.085,2,2
325,22.94,67.7,472.0,23.19,0.073,2,2
326,22.77,69.0,435.0,22.34,0.032,0,0
327,20.78,52.3,751.0,20.81,-0.201,2,2
328,21.11,63.4,1140.0,19.8,-0.281,2,2
329,23.76,44.6,851.0,25.1,0.281,2,2
330,24.77,34.4,603.0,25.1,0.175,4,2
331,25.26,43.8,1162.0,24.01,0.018,2,2
332,27.42,32.5,472.0,26.6,0.447,2,2
333,25.39,36.6,709.0,25.24,0.37,2,0
334,20.11,64.0,713.0,19.56,-0.329,3,2
335,20.9,42.0,462.0,20.72,-0.147,2,2
336,26.61,35.6,920.0,25.76,0.39,3,2
337,22.55,43.2,1047.0,23.38,0.262,2,1
338,19.33,46.0,449.0,20.18,-0.355,2,2
339,19.6,57.2,1095.0,19.86,-0.316,3,2
340,25.31,60.8,1027.0,24.6,0.299,3,3
341,22.49,44.9,885.0,21.88,-0.164,2,1
342,19.19,43.3,487.0,17.69,-0.277,2,1
343,23.42,42.9,1136.0,24.42,0.102,3,3
344,22.28,38.0,959.0,22.89,0.014,2,2
345,19.29,61.1,982.0,19.58,-0.352,1,2
346,21.67,31.7,1177.0,20.9,-0.183,2,2
347,18.92,52.2,795.0,18.47,-0.401,4,2
348,19.01,36.2,505.0,18.64,-0.364,3,1
349,22.68,51.0,809.0,23.33,0.204,2,2
350,27.82,42.7,624.0,27.72,0.802,2,2
351,18.9,31.0,1196.0,18.5,-0.385,3,1
352,23.99,36.9,925.0,23.17,0.241,2,2
353,25.27,63.4,510.0,26.98,0.485,1,1
354,23.2,43.0,697.0,23.28,0.141,4,3
355,19.69,47.6,637.0,20.46,-0.323,1,1
356,23.62,61.3,1171.0,23.94,0.251,2,2
357,26.9,40.8,888.0,26.69,0.472,2,2
358,23.93,43.5,679.0,23.48,0.159,3,2
359,21.6,43.4,891.0,22.08,0.012,2,2
360,27.87,53.4,484.0,28.56,0.652,4,2
361,20.21,49.7,688.0,21.18,-0.091,1,2
362,22.85,64.6,1128.0,23.56,0.087,2,3
363,21.95,59.2,812.0,23.4,0.11,1,2
364,24.12,41.9,709.0,25.19,0.267,0,2
365,27.91,38.5,776.0,28.55,0.692,2,2
366,19.7,61.9,891.0,19.62,-0.268,2,2
367,21.76,35.1,959.0,20.93,0.06,2,4
368,19.56,62.3,966.0,19.74,-0.118,2,4
369,18.06,68.9,563.0,18.19,-0.229,2,2
370,24.34,45.5,816.0,23.97,0.25,2,3
371,26.35,43.7,999.0,29.16,0.854,1,2
372,23.51,64.6,987.0,22.06,-0.16,2,2
373,21.72,53.9,886.0,22.43,-0.14,1,2
374,22.15,45.6,951.0,21.42,-0.104,2,2
375,19.77,33.2,591.0,19.42,-0.393,0,2
376,26.12,46.3,544.0,27.24,0.461,2,2
377,26.78,65.2,743.0,26.4,0.366,3,2
378,20.68,66.3,1148.0,21.77,0.015,2,3
379,19.03,34.9,761.0,19.01,-0.311,2,2
380,26.59,40.9,804.0,26.12,0.384,3,2
381,19.08,47.0,1067.0,18.29,-0.242,1,2
382,18.13,34.6,597.0,18.76,-0.117,2,0
383,26.25,45.4,1017.0,25.99,0.395,0,2
384,19.38,49.6,1066.0,19.68,-0.138,2,2
385,26.54,39.3,1005.0,26.51,0.415,0,1
386,25.69,34.9,1143.0,24.02,0.156,2,3
387,24.24,52.1,435.0,23.19,-0.07,2,3
388,26.71,47.4,1168.0,25.6,0.307,2,2
389,24.72,67.3,471.0,24.72,0.201,2,2
390,19.06,43.7,902.0,18.97,-0.302,2,2
391,21.82,41.8,622.0,20.67,-0.013,1,2
392,21.78,49.5,902.0,21.02,-0.154,2,2
393,19.02,35.6,1125.0,18.25,-0.327,2,2
394,24.89,40.6,819.0,23.66,0.182,2,1
395,20.04,69.0,1056.0,19.02,-0.213,3,3
396,27.26,65.4,415.0,28.24,0.527,2,2
397,25.8,32.9,1174.0,26.7,0.442,1,2
398,23.35,66.9,638.0,23.33,0.085,2,1
399,21.17,35.9,572.0,21.67,0.083,3,2
400,27.14,57.4,730.0,27.14,0.376,3,2
401,18.72,41.2,1198.0,18.6,-0.264,1,2
402,20.1,37.1,605.0,20.13,-0.178,3,2
403,24.77,39.3,1100.0,25.95,0.45,2,2
404,25.9,52.8,1112.0,25.5,0.544,2,2
405,22.57,38.2,434.0,23.26,0.055,2,2
406,19.31,33.5,1115.0,18.5,-0.409,0,2
407,20.93,65.1,1164.0,21.31,-0.164,2,3
408,24.16,44.7,1169.0,24.08,0.329,2,3
409,24.51,65.4,529.0,24.67,0.386,2,3
410,26.26,51.7,571.0,25.71,0.514,2,3
411,26.11,39.7,1036.0,26.32,0.472,2,2
412,19.93,69.0,792.0,20.77,-0.138,2,2
413,18.03,47.0,1034.0,17.1,-0.449,3,2
414,21.24,61.9,1149.0,22.39,-0.004,2,1
415,26.72,61.8,1021.0,26.64,0.621,2,2
416,27.98,65.4,931.0,27.88,0.545,2,3
417,19.92,38.6,593.0,21.5,-0.149,2,2
418,21.26,37.2,640.0,21.26,-0.014,2,2
419,22.17,39.5,479.0,21.81,0.031,4,3
420,27.34,31.2,977.0,27.1,0.547,3,2
421,20.24,56.4,645.0,20.17,-0.372,2,1
422,23.73,49.4,502.0,24.22,0.215,1,4
423,23.71,64.1,723.0,24.01,0.088,2,2
424,18.02,59.5,807.0,18.64,-0.361,2,3
425,24.63,42.8,601.0,25.18,0.417,2,2
426,23.71,68.7,918.0,23.74,0.107,2,3
427,22.02,67.8,772.0,22.7,-0.111,2,3
428,19.61,66.4,559.0,21.43,0.074,2,4
429,27.28,51.3,617.0,27.08,0.428,2,2
430,24.76,58.4,497.0,24.99,0.312,2,2
431,18.87,41.7,738.0,18.92,-0.378,2,2
432,26.4,38.7,550.0,26.59,0.515,2,2
433,27.91,64.7,873.0,28.24,0.707,1,1
434,25.89,30.9,668.0,26.55,0.51,2,4
435,21.25,42.9,1044.0,22.6,0.094,2,2
436,20.21,60.8,626.0,20.94,-0.041,3,2
437,26.56,41.4,816.0,27.6,0.555,1,2
438,27.94,49.3,1136.0,27.77,0.483,3,2
439,19.24,63.7,626.0,19.9,-0.117,2,2
440,22.86,30.2,991.0,21.68,-0.109,2,2
441,24.34,34.8,914.0,23.68,0.303,2,2
442,24.97,46.2,641.0,25.52,0.445,4,2
443,23.23,54.6,1160.0,22.8,-0.062,3,2
444,21.03,51.0,897.0,20.25,-0.125,2,2
445,18.38,46.0,1197.0,19.06,-0.225,3,2
446,25.54,35.4,1142.0,24.63,0.291,4,2
447,24.93,46.0,617.0,23.11,0.061,2,2
448,23.55,56.5,596.0,23.65,0.277,4,2
449,25.83,46.5,937.0,26.95,0.406,2,2
450,26.26,51.7,580.0,25.51,0.203,2,2
451,21.18,63.7,685.0,22.31,-0.052,2,2
452,20.28,45.7,805.0,20.42,-0.227,2,2
453,18.01,60.9,913.0,17.64,-0.466,2,1
454,18.15,63.3,505.0,18.75,-0.226,2,2
455,23.2,58.9,1088.0,22.98,0.203,2,3
456,18.6,42.1,933.0,17.66,-0.474,2,2
457,22.71,52.1,769.0,20.92,0.021,2,2
458,24.2,66.5,635.0,25.47,0.181,4,2
459,26.09,66.5,791.0,25.76,0.274,2,3
460,26.01,40.2,490.0,24.48,0.187,3,3
461,21.22,33.3,440.0,21.41,0.019,2,2
462,20.95,36.2,1038.0,21.19,-0.273,2,4
463,23.94,47.8,851.0,25.51,0.227,2,0
464,20.44,54.9,538.0,20.15,-0.185,3,3
465,24.31,68.0,987.0,24.02,0.254,2,2
466,18.11,59.1,1105.0,17.57,-0.342,2,2
467,20.7,31.1,902.0,21.59,0.049,3,4
468,22.83,52.9,1085.0,24.29,0.133,1,2
469,23.64,63.5,961.0,23.58,0.319,2,4
470,19.27,47.4,1064.0,18.91,-0.299,2,2
471,27.34,34.6,507.0,26.89,0.453,1,2
472,25.19,38.9,1137.0,24.99,0.386,2,2
473,24.53,39.1,763.0,25.45,0.557,2,2
474,27.83,35.8,713.0,27.13,0.394,2,2
475,26.94,62.2,1064.0,26.3,0.484,2,1
476,22.94,43.9,1047.0,22.99,0.056,2,1
477,22.83,41.1,425.0,22.85,0.024,1,3
478,18.14,63.5,1074.0,20.08,-0.159,2,4
479,18.5,41.2,1028.0,17.84,-0.463,2,2
480,26.8,67.4,788.0,25.79,0.359,2,3
481,20.19,39.1,456.0,19.7,-0.208,2,2
482,24.27,56.1,1158.0,24.19,0.196,4,2
483,27.59,50.5,668.0,28.15,0.862,2,2
484,20.44,38.0,1060.0,19.18,-0.21,2,3
485,20.4,65.9,1086.0,20.54,-0.201,2,2
486,22.51,37.8,566.0,23.29,0.164,3,2
487,22.33,67.6,696.0,22.16,-0.013,2,2
488,18.51,32.6,761.0,19.26,-0.322,2,3
489,23.92,68.6,1187.0,24.37,0.301,2,2
490,26.72,32.8,938.0,26.29,0.326,3,2
491,22.02,46.8,470.0,21.98,-0.201,2,1
492,26.28,40.2,426.0,26.0,0.268,4,2
493,25.59,62.5,850.0,27.46,0.652,3,2
494,27.49,37.3,466.0,27.78,0.484,1,2
495,19.21,30.1,887.0,19.66,-0.149,2,2
496,23.07,68.9,1186.0,23.52,0.266,4,2
497,27.76,53.9,506.0,28.85,0.605,3,2
498,22.52,68.9,1172.0,21.72,0.099,2,0
499,20.53,66.9,847.0,19.45,-0.286,4,1
500,18.6,33.7,405.0,18.34,-0.357,4,4
501,23.46,50.5,550.0,23.59,0.321,3,3
502,20.56,66.7,463.0,20.71,-0.074,2,2
503,26.99,58.7,1007.0,27.35,0.505,2,3
504,23.15,62.1,1194.0,22.37,0.221,2,2
505,21.0,64.7,1014.0,20.92,-0.106,1,2
506,20.38,39.6,873.0,20.18,-0.217,0,3
507,24.78,30.1,1089.0,22.39,-0.195,2,3
508,21.99,47.8,1146.0,21.7,0.081,2,2
509,20.91,45.5,1041.0,21.01,-0.259,2,2
510,20.43,54.4,571.0,20.53,-0.129,3,2
511,24.18,44.2,487.0,23.14,0.044,2,3
512,21.99,53.7,606.0,22.28,0.017,4,2
513,26.92,50.1,1121.0,27.19,0.413,3,3
514,24.41,40.8,927.0,25.09,0.321,2,2
515,21.83,59.4,404.0,21.16,0.013,1,2
516,26.31,41.9,1026.0,26.68,0.46,2,2
517,21.72,43.3,1181.0,23.49,0.342,2,4
518,20.3,33.1,539.0,20.74,-0.065,2,2
519,21.94,52.7,1072.0,22.48,0.149,2,2
520,18.53,36.0,1014.0,18.87,-0.408,2,3
521,22.18,31.6,519.0,22.73,0.132,2,3
522,24.16,53.5,588.0,24.57,0.113,2,2
523,26.13,31.6,586.0,26.46,0.539,2,1
524,22.69,56.5,1198.0,21.18,-0.028,2,2
525,25.41,38.3,606.0,26.7,0.644,2,1
526,22.03,47.2,435.0,20.66,-0.221,2,2
527,24.29,33.5,638.0,23.62,0.116,2,2
528,19.97,35.4,1143.0,19.63,-0.264,1,4
529,20.19,64.2,938.0,20.8,-0.054,1,2
530,26.1,38.9,888.0,25.89,0.308,2,2
531,22.65,45.2,494.0,24.33,0.349,2,2
532,25.26,35.3,779.0,23.76,0.192,3,2
533,27.11,34.0,666.0,27.62,0.491,2,1
534,23.86,58.0,750.0,22.98,0.032,2,2
535,23.93,67.5,522.0,23.78,0.315,2,3
536,26.08,64.4,1049.0,26.12,0.433,2,2
537,25.33,30.7,822.0,24.38,0.204,2,3
538,20.31,63.8,472.0,19.51,-0.288,2,2
539,23.01,31.2,1119.0,22.96,0.145,1,2
540,27.59,31.3,742.0,28.47,0.749,2,3
541,20.6,63.4,857.0,20.06,-0.205,3,1
542,23.48,56.0,535.0,23.94,0.264,2,2
543,26.1,55.1,665.0,26.44,0.459,2,2
544,18.45,39.6,711.0,18.01,-0.343,3,2
545,18.63,60.4,899.0,17.88,-0.446,2,2
546,25.32,46.6,881.0,25.18,0.382,1,2
547,18.85,30.3,961.0,19.39,-0.418,2,2
548,25.87,66.3,1046.0,25.44,0.206,3,2
549,20.43,37.6,439.0,19.22,-0.13,3,2
550,24.18,50.2,535.0,24.28,0.473,3,4
551,19.23,42.3,412.0,18.51,-0.253,3,2
552,20.13,69.1,695.0,19.63,-0.105,4,2
553,24.64,38.6,923.0,25.0,0.244,1,2
554,24.58,44.1,635.0,24.28,0.166,2,3
555,26.02,50.0,557.0,25.74,0.205,1,2
556,23.39,30.8,1178.0,24.41,0.229,3,2
557,20.64,32.4,512.0,21.66,-0.007,2,2
558,19.97,33.6,585.0,19.84,-0.202,2,2
559,18.55,61.5,446.0,18.26,-0.432,3,2
560,21.43,40.5,820.0,22.54,-0.158,2,2
561,24.29,69.8,940.0,23.33,0.04,2,2
562,20.9,43.4,1107.0,22.34,0.138,3,2
563,25.7,66.8,611.0,25.35,0.249,2,4
564,20.53,62.6,1027.0,20.09,-0.2,2,1
565,25.41,42.4,609.0,26.8,0.423,2,2
566,24.3,36.6,474.0,26.14,0.399,1,2
567,18.91,62.5,1121.0,18.68,-0.156,1,2
568,20.49,57.4,704.0,21.17,-0.133,2,2
569,18.57,66.1,1086.0,17.97,-0.558,4,2
570,27.28,68.4,792.0,26.23,0.513,2,0
571,20.2,69.9,869.0,19.41,-0.249,2,2
572,25.98,65.9,987.0,25.69,0.628,3,3
573,24.65,33.8,568.0,25.78,0.465,4,1
574,18.87,68.3,433.0,18.22,-0.611,4,2
575,26.92,46.9,1111.0,28.22,0.575,3,2
576,24.32,48.8,1014.0,23.88,0.195,3,1
577,21.33,56.8,644.0,20.78,0.013,4,4
578,21.45,33.3,491.0,21.55,-0.172,3,4
579,21.66,45.7,820.0,23.09,0.134,4,3
580,27.67,31.9,1177.0,28.96,0.623,2,3
581,21.18,58.5,523.0,21.14,0.015,2,0
582,18.82,54.3,892.0,18.22,-0.605,2,2
583,24.88,48.4,1180.0,23.96,0.271,2,1
584,24.84,34.4,819.0,25.17,0.232,4,0
585,26.67,59.7,442.0,25.33,0.298,2,2
586,26.32,54.0,479.0,26.65,0.4,2,0
587,20.61,64.3,750.0,22.46,0.138,3,1
588,22.32,30.7,447.0,22.54,0.07,2,2
589,23.74,65.9,597.0,24.0,-0.007,2,2
590,20.5,46.0,445.0,19.94,-0.265,2,2
591,19.76,62.6,479.0,20.33,-0.203,0,3
592,23.61,54.3,1195.0,24.55,0.2,2,2
593,20.12,34.5,778.0,19.38,-0.212,3,3
594,24.6,68.0,1116.0,25.33,0.21,2,2
595,23.67,50.5,627.0,24.79,0.078,3,2
596,25.7,46.1,504.0,25.5,0.249,2,2
597,23.68,41.6,512.0,22.68,0.156,2,2
598,19.18,61.7,723.0,19.96,-0.157,2,1
599,23.03,66.0,685.0,23.43,0.062,1,3
600,20.44,58.1,838.0,20.44,-0.136,2,2
601,20.27,31.2,607.0,19.47,-0.259,1,0
602,20.79,56.6,980.0,20.15,-0.233,3,1
603,18.56,56.2,648.0,19.72,-0.235,2,0
604,19.78,68.5,858.0,19.8,-0.133,3,2
605,23.89,49.6,1067.0,24.07,0.143,4,3
606,24.12,36.6,958.0,23.92,0.312,2,2
607,25.26,47.7,531.0,24.82,0.293,3,2
608,20.48,54.6,597.0,19.62,-0.171,2,2
609,24.65,37.3,1052.0,26.25,0.525,4,2
610,26.77,32.1,1021.0,27.4,0.533,2,2
611,25.27,54.2,1023.0,24.17,0.298,1,2
612,27.21,31.6,867.0,26.19,0.492,0,4
613,21.7,51.1,1133.0,22.43,0.136,1,4
614,18.1,62.0,880.0,17.99,-0.499,2,2
615,26.01,45.3,983.0,26.43,0.562,2,2
616,23.67,57.9,525.0,23.41,0.072,2,2
617,27.15,31.4,692.0,27.49,0.43,2,2
618,23.58,48.0,663.0,24.49,0.184,0,3
619,27.96,66.5,587.0,26.9,0.435,2,1
620,21.56,50.7,1109.0,21.23,-0.216,4,2
621,21.77,31.2,1145.0,21.2,-0.155,0,2
622,20.75,45.4,955.0,20.73,0.017,1,2
623,26.87,65.2,992.0,26.56,0.37,2,4
624,24.47,49.3,757.0,24.92,0.141,2,2
625,18.02,58.3,1034.0,17.84,-0.38,2,2
626,22.99,46.3,732.0,23.55,0.157,3,2
627,25.83,46.4,1129.0,25.24,0.34,2,2
628,21.59,62.1,597.0,22.54,0.133,2,2
629,21.37,46.8,947.0,22.15,0.14,3,2
630,27.2,48.5,703.0,26.66,0.487,2,2
631,27.53,34.0,986.0,28.17,0.738,2,2
632,19.09,34.1,459.0,19.06,-0.206,4,3
633,18.54,39.0,636.0,19.32,-0.246,2,1
634,23.23,40.8,414.0,23.63,0.325,2,2
635,25.91,48.8,881.0,26.38,0.505,1,2
636,27.73,54.2,714.0,28.95,0.647,3,2
637,25.94,65.6,898.0,25.09,0.336,4,2
638,23.47,40.9,905.0,24.58,0.112,2,2
639,20.07,62.6,500.0,19.71,-0.319,1,2
640,18.5,67.8,749.0,17.29,-0.284,2,2
641,21.12,64.0,724.0,21.4,-0.04,2,0
642,26.1,53.5,803.0,27.33,0.46,2,3
643,26.67,46.5,705.0,26.35,0.553,4,2
644,25.24,50.6,444.0,24.97,0.302,2,2
645,20.42,30.6,401.0,20.97,0.044,2,2
646,20.61,46.9,572.0,19.96,0.034,4,2
647,24.16,44.0,1150.0,24.19,0.086,2,3
648,19.04,38.5,863.0,19.24,-0.276,3,2
649,26.26,33.8,1133.0,26.15,0.616,2,2
650,24.06,65.9,1019.0,24.44,0.086,3,3
651,22.18,67.0,712.0,22.02,0.125,0,1
652,19.2,43.8,881.0,20.87,-0.076,2,2
653,22.27,43.7,713.0,22.9,0.214,2,1
654,20.77,67.8,861.0,21.6,0.024,2,3
655,23.29,33.0,1131.0,24.15,0.233,2,2
656,24.77,57.0,872.0,24.75,0.435,1,2
657,26.8,51.3,668.0,28.41,0.584,2,0
658,26.08,42.6,441.0,26.32,0.385,3,2
659,22.09,55.8,1072.0,21.53,-0.034,4,3
660,27.46,56.4,1079.0,28.85,0.723,3,3
661,26.42,59.6,742.0,26.05,0.544,2,4
662,19.49,35.6,816.0,18.41,-0.384,2,2
663,19.67,42.0,1169.0,20.0,-0.14,2,2
664,18.74,33.0,782.0,19.09,-0.078,2,3
665,22.91,59.2,1018.0,22.89,-0.017,1,3
666,26.51,45.0,514.0,25.32,0.226,2,3
667,21.4,44.5,1018.0,22.58,0.046,2,2
668,19.13,67.5,684.0,19.85,-0.2,2,2
669,21.27,69.3,532.0,21.65,-0.134,2,2
670,27.48,34.1,1180.0,24.74,0.337,2,2
671,19.44,43.9,1158.0,19.95,-0.152,1,2
672,22.54,37.2,1058.0,22.66,0.159,0,2
673,25.09,67.7,907.0,25.11,0.15,4,3
674,20.36,69.7,460.0,20.83,-0.127,2,3
675,18.38,66.9,745.0,17.04,-0.419,1,2
676,27.22,65.0,1056.0,26.21,0.161,3,2
677,25.43,60.4,1061.0,24.59,0.263,2,1
678,20.97,54.7,1003.0,21.73,0.049,2,1
679,23.75,52.9,784.0,24.0,0.136,2,2
680,24.81,31.5,598.0,24.94,0.25,2,2
681,18.25,66.0,843.0,17.76,-0.453,3,2
682,23.72,61.9,431.0,24.61,0.184,2,2
683,18.42,45.0,731.0,18.89,-0.461,2,3
684,20.38,32.6,846.0,19.24,-0.329,2,2
685,22.28,56.4,739.0,21.87,0.001,2,1
686,18.53,47.6,1169.0,18.27,-0.506,4,1
687,24.77,47.1,1134.0,24.85,0.301,4,2
688,24.45,56.6,557.0,24.74,0.248,2,2
689,18.06,64.1,879.0,18.08,-0.455,2,2
690,27.8,61.1,785.0,28.3,0.591,1,2
691,19.2,35.3,675.0,19.79,-0.314,3,2
692,27.26,40.1,728.0,27.53,0.426,3,2
693,25.11,41.6,954.0,25.84,0.499,1,1
694,19.11,41.4,728.0,18.86,-0.577,2,1
695,27.55,34.1,947.0,27.39,0.313,3,1
696,20.77,30.7,822.0,21.23,-0.162,2,1
697,20.4,59.8,875.0,20.57,0.092,2,2
698,24.29,53.7,1060.0,25.32,0.332,2,2
699,21.38,51.4,822.0,21.71,-0.026,2,2
700,23.91,64.2,630.0,23.69,0.092,2,2
701,21.05,65.3,1141.0,21.83,0.004,2,2
702,22.23,34.8,554.0,22.59,0.165,2,2
703,20.15,51.6,996.0,20.76,-0.246,0,3
704,27.98,68.5,703.0,26.67,0.562,2,2
705,20.7,61.9,679.0,22.02,-0.129,2,2
706,26.8,42.3,1097.0,28.03,0.586,3,2
707,18.88,34.7,894.0,18.69,-0.307,2,2
708,23.54,37.9,1171.0,24.06,0.406,3,0
709,20.09,40.6,727.0,20.73,-0.237,2,2
710,19.49,33.3,759.0,17.74,-0.352,2,2
711,18.19,58.0,1056.0,17.86,-0.237,2,2
712,18.54,68.0,912.0,19.11,-0.322,2,1
713,24.53,34.9,614.0,23.69,0.295,0,2
714,23.79,41.7,562.0,22.72,0.036,2,2
715,26.11,54.9,807.0,25.96,0.437,2,1
716,22.61,44.2,433.0,22.33,-0.025,0,2
717,25.38,44.9,759.0,25.25,0.287,3,2
718,27.33,43.6,719.0,27.33,0.386,2,2
719,23.91,42.6,1139.0,23.79,-0.05,3,2
720,27.08,61.1,422.0,26.63,0.321,3,2
721,21.96,35.6,1145.0,23.02,0.08,2,2
722,26.85,52.0,853.0,26.91,0.375,3,2
723,21.36,36.8,875.0,20.74,-0.359,2,3
724,24.25,31.6,474.0,24.72,0.219,2,1
725,25.41,69.8,416.0,28.62,0.751,3,2
726,26.06,42.6,1180.0,27.1,0.451,2,2
727,25.92,37.5,1041.0,26.48,0.318,2,3
728,25.41,31.9,653.0,24.66,0.239,2,2
729,25.05,41.5,600.0,25.18,0.486,3,3
730,24.42,66.4,521.0,25.05,0.22,2,2
731,23.97,68.8,737.0,24.48,0.269,2,3
732,18.14,66.3,843.0,16.79,-0.423,2,3
733,24.9,54.8,817.0,24.59,0.273,1,4
734,25.57,37.9,1112.0,24.23,0.176,1,3
735,24.29,33.1,671.0,24.3,0.326,4,1
736,24.71,57.8,1122.0,24.54,0.36,2,3
737,26.96,34.6,699.0,25.84,0.373,2,4
738,27.23,64.3,1014.0,27.23,0.402,2,2
739,22.95,59.9,721.0,21.62,-0.098,2,2
740,27.96,39.1,762.0,28.47,0.619,3,2
741,24.3,32.9,769.0,24.78,0.168,2,1
742,23.73,45.9,750.0,23.5,0.261,2,2
743,19.66,30.7,593.0,20.43,-0.213,2,2
744,22.97,58.0,1124.0,23.58,0.131,0,2
745,26.0,51.2,677.0,26.82,0.569,2,1
746,19.59,51.3,587.0,19.88,-0.082,4,1
747,24.69,59.5,1164.0,24.7,0.307,3,2
748,18.94,65.9,1139.0,19.45,-0.117,2,2
749,25.7,48.8,929.0,26.15,0.559,2,2
750,23.19,66.2,494.0,22.98,0.11,2,2
751,18.36,63.7,646.0,19.09,-0.441,2,1
752,25.03,39.2,675.0,24.39,0.228,2,3
753,19.02,68.3,981.0,18.09,-0.406,2,1
754,27.26,32.0,597.0,28.05,0.581,2,3
755,21.07,65.1,959.0,21.88,-0.006,2,2
756,25.42,50.9,719.0,25.8,0.295,1,1
757,27.81,31.2,888.0,29.92,0.852,1,1
758,21.92,32.4,452.0,22.7,0.115,3,2
759,25.65,65.1,668.0,26.11,0.41,2,2
760,23.88,31.3,860.0,24.45,0.257,2,1
761,26.76,65.4,583.0,24.96,0.276,2,1
762,20.44,64.5,710.0,21.3,-0.11,2,2
763,22.73,31.3,716.0,23.7,0.219,2,4
764,25.71,54.1,862.0,26.43,0.392,2,1
765,23.73,51.8,1008.0,24.79,0.133,2,2
766,18.09,68.6,1083.0,18.14,-0.348,3,1
767,19.03,58.1,909.0,18.73,-0.531,2,2
768,19.75,59.3,1158.0,20.48,-0.142,3,2
769,21.74,67.4,437.0,22.57,-0.077,3,3
770,26.18,66.1,919.0,26.99,0.376,1,1
771,24.54,45.0,1117.0,24.72,0.102,2,1
772,21.25,34.5,969.0,21.44,-0.191,2,2
773,18.55,39.2,943.0,18.79,-0.126,2,2
774,20.49,64.0,463.0,20.21,-0.215,2,3
775,18.53,31.1,1080.0,17.86,-0.466,2,1
776,23.95,67.6,728.0,24.84,0.367,2,2
777,20.43,47.5,1100.0,22.14,0.14,2,2
778,22.04,62.7,1156.0,21.76,-0.109,3,2
779,21.82,61.4,802.0,21.23,-0.052,2,3
780,20.45,66.7,829.0,21.51,-0.034,2,2
781,20.07,49.5,1018.0,20.47,-0.256,0,2
782,25.77,46.8,957.0,24.86,0.103,2,1
783,18.36,30.3,749.0,17.87,-0.327,2,1
784,24.1,38.7,885.0,23.01,0.004,1,1
785,22.41,63.0,842.0,22.74,0.083,1,3
786,18.41,32.1,951.0,20.23,0.014,2,3
787,24.8,46.3,554.0,24.94,0.395,1,1
788,21.35,63.1,907.0,21.12,-0.041,3,2
789,27.56,49.7,854.0,27.45,0.734,2,2
790,20.45,58.0,447.0,22.05,0.089,1,3
791,24.28,31.5,662.0,24.6,0.041,0,1
792,25.62,46.8,843.0,25.52,0.449,2,3
793,20.03,58.9,417.0,19.04,-0.297,3,2
794,23.27,44.9,702.0,24.1,0.136,2,2
795,23.82,43.9,511.0,24.06,-0.048,2,3
796,24.28,49.7,554.0,23.18,0.023,1,2
797,18.94,68.1,982.0,19.59,-0.403,2,2
798,23.15,64.2,999.0,23.74,0.128,3,3
799,22.35,37.7,615.0,22.4,0.01,2,3
800,24.43,41.2,1033.0,23.19,0.228,2,2
801,27.88,69.4,1042.0,28.8,0.739,2,2
802,22.57,54.7,812.0,22.62,0.069,2,2
803,22.93,31.3,470.0,23.14,0.064,3,2
804,27.41,51.9,896.0,26.69,0.398,1,3
805,24.38,66.5,1009.0,24.51,0.284,2,2
806,20.06,60.2,786.0,19.36,-0.335,2,2
807,25.06,33.1,1067.0,24.74,0.218,2,2
808,19.09,59.6,759.0,18.73,-0.484,4,2
809,22.27,52.7,675.0,22.24,-0.017,1,4
810,20.2,49.9,1137.0,19.9,-0.326,2,2
811,24.64,47.0,1126.0,24.54,0.268,3,2
812,22.35,65.6,818.0,22.86,0.159,3,2
813,20.46,61.6,855.0,21.01,0.004,3,3
814,22.34,44.2,868.0,21.75,-0.053,2,0
815,24.95,63.1,976.0,25.95,0.167,3,3
816,21.75,63.2,562.0,21.28,-0.23,2,4
817,25.71,32.5,674.0,25.1,0.346,2,1
818,19.89,48.4,618.0,19.29,-0.318,2,2
819,19.81,40.4,1065.0,20.53,-0.097,1,2
820,20.55,58.8,923.0,20.72,-0.128,1,2
821,19.37,51.2,839.0,20.76,-0.07,2,1
822,25.13,48.9,1149.0,24.21,0.226,1,3
823,21.36,62.5,1159.0,20.56,-0.122,3,1
824,23.88,63.4,478.0,23.94,0.082,3,3
825,18.55,68.8,754.0,18.19,-0.436,2,2
826,26.59,43.9,1005.0,28.14,0.774,2,3
827,18.48,34.7,1090.0,20.36,-0.017,2,2
828,26.67,68.3,972.0,26.0,0.462,2,2
829,21.05,43.5,1126.0,21.76,-0.097,2,1
830,19.46,64.0,1185.0,19.43,-0.345,1,1
831,21.04,32.2,554.0,21.01,-0.152,2,0
832,22.04,50.1,646.0,23.63,0.179,2,2
833,24.65,66.7,900.0,25.9,0.495,2,2
834,22.2,68.5,701.0,20.82,-0.112,2,2
835,24.96,48.0,630.0,25.65,0.452,3,4
836,26.07,35.0,658.0,26.86,0.481,2,3
837,20.73,49.2,813.0,20.88,0.065,2,3
838,24.35,56.3,1033.0,25.4,0.318,3,3
839,20.85,44.9,994.0,20.71,-0.067,2,0
840,26.5,45.6,1166.0,27.68,0.581,2,2
841,27.4,62.0,1169.0,28.9,0.631,2,2
842,18.77,61.8,860.0,18.44,-0.184,0,3
843,25.51,54.9,906.0,25.16,0.449,3,2
844,21.11,44.8,1129.0,21.64,-0.017,2,3
845,26.09,66.4,816.0,25.04,0.291,3,3
846,19.14,64.0,502.0,18.99,-0.387,2,2
847,25.3,31.3,520.0,24.55,0.434,2,2
848,24.39,46.9,435.0,24.59,0.128,2,3
849,18.53,36.9,608.0,17.07,-0.493,2,1
850,18.52,40.6,1125.0,18.39,-0.266,2,4
851,22.99,41.5,818.0,23.12,0.145,1,2
852,21.7,60.6,700.0,21.6,0.028,2,2
853,19.47,68.6,538.0,18.36,-0.335,2,3
854,23.8,35.6,1004.0,23.39,0.183,3,2
855,21.2,66.7,522.0,20.9,0.03,3,4
856,27.62,34.1,800.0,27.99,0.659,2,2
857,18.15,35.1,919.0,18.67,-0.435,1,2
858,20.43,41.9,595.0,20.74,-0.077,2,3
859,21.95,66.7,708.0,22.21,0.194,1,2
860,20.19,54.6,980.0,20.1,-0.305,2,0
861,23.02,40.3,495.0,22.47,0.055,2,2
862,20.8,44.3,777.0,21.52,-0.053,2,2
863,26.24,34.5,610.0,27.96,0.566,1,2
864,18.77,34.1,959.0,17.86,-0.72,3,3
865,20.85,43.3,913.0,20.08,-0.19,2,3
866,25.38,51.1,1000.0,24.82,0.401,2,1
867,20.65,32.9,1177.0,20.75,-0.183,2,2
868,26.71,63.2,1107.0,25.35,0.306,2,0
869,19.46,61.1,718.0,18.9,-0.239,2,2
870,25.39,55.5,1159.0,25.7,0.307,2,2
871,26.4,45.5,1149.0,27.64,0.467,2,2
872,23.8,64.5,1151.0,23.06,0.1,3,3
873,22.21,67.2,580.0,20.71,-0.122,2,3
874,18.81,48.9,900.0,19.43,-0.115,3,2
875,27.22,53.5,1010.0,26.0,0.379,2,2
876,22.38,42.2,639.0,22.04,-0.009,2,3
877,23.42,43.7,809.0,23.75,0.267,2,3
878,26.9,52.2,546.0,26.55,0.415,0,2
879,21.85,52.1,565.0,20.54,-0.246,2,0
880,24.28,32.4,911.0,25.8,0.404,2,1
881,18.09,60.5,601.0,18.53,-0.334,3,3
882,22.04,33.3,866.0,22.02,0.056,2,3
883,26.8,46.7,563.0,25.38,0.223,3,3
884,21.69,55.7,492.0,21.54,0.006,1,2
885,19.22,62.5,407.0,18.53,-0.36,2,4
886,25.64,31.4,627.0,25.72,0.14,2,2
887,27.49,55.4,723.0,28.67,0.564,2,2
888,22.2,58.4,498.0,21.47,-0.063,2,3
889,26.02,30.9,1156.0,25.38,0.391,2,3
890,22.4,57.6,1005.0,21.84,-0.19,2,2
891,25.9,56.6,829.0,26.71,0.476,2,2
892,21.86,58.5,436.0,22.76,0.083,2,2
893,23.56,60.0,639.0,24.47,0.343,2,1
894,23.28,50.5,652.0,23.37,0.282,4,2
895,22.4,64.3,904.0,23.57,0.186,2,3
896,25.99,32.5,1029.0,25.64,0.171,2,2
897,24.76,35.4,741.0,24.54,0.184,2,2
898,19.78,45.0,1159.0,19.8,-0.319,2,0
899,19.02,36.9,543.0,17.46,-0.534,3,2
900,26.75,31.9,717.0,27.18,0.569,2,3
901,20.66,49.1,1000.0,20.06,-0.305,1,3
902,20.19,32.2,472.0,19.96,-0.241,4,2
903,25.26,31.1,817.0,25.23,0.397,3,2
904,22.04,42.8,663.0,22.02,0.017,2,2
905,22.2,46.8,611.0,22.23,0.029,2,3
906,25.2,51.7,667.0,25.2,0.318,2,3
907,25.5,38.5,739.0,24.74,0.399,2,2
908,27.61,38.8,751.0,27.8,0.694,1,2
909,21.4,32.3,453.0,20.7,-0.08,2,2
910,25.58,38.3,1144.0,24.7,0.205,2,1
911,23.1,31.4,957.0,23.66,0.087,2,0
912,26.76,47.2,601.0,26.35,0.569,3,0
913,27.67,44.7,677.0,28.52,0.635,3,0
914,19.23,66.3,1092.0,20.28,-0.038,3,2
915,21.49,51.7,687.0,22.47,0.0,2,2
916,26.15,32.5,1159.0,27.0,0.496,1,2
917,19.18,35.8,639.0,19.26,-0.246,2,2
918,19.46,32.0,1180.0,20.25,-0.125,1,3
919,22.01,36.0,580.0,22.77,0.057,0,0
920,27.14,35.8,1078.0,26.33,0.501,0,3
921,25.01,40.8,740.0,23.6,0.307,2,2
922,22.0,53.8,439.0,22.42,-0.022,1,3
923,23.49,50.4,898.0,23.95,0.175,3,2
924,18.97,49.7,430.0,20.14,0.003,2,4
925,21.88,68.0,485.0,21.59,-0.052,2,1
926,20.71,58.8,938.0,20.76,-0.105,3,2
927,26.64,69.1,1174.0,26.78,0.46,2,2
928,18.04,62.0,453.0,20.02,-0.334,2,2
929,27.91,30.2,872.0,27.38,0.494,2,2
930,22.09,32.5,421.0,21.65,-0.026,2,2
931,27.52,34.6,1021.0,26.64,0.469,3,2
932,26.89,48.5,482.0,26.48,0.516,3,3
933,27.04,62.3,970.0,27.5,0.584,2,2
934,18.33,30.2,898.0,18.73,-0.313,1,2
935,22.16,51.6,1034.0,22.52,0.128,0,2
936,18.72,59.2,1004.0,18.98,-0.376,4,2
937,19.85,35.3,1153.0,20.17,-0.125,2,2
938,19.44,64.8,542.0,19.46,-0.369,2,2
939,18.43,42.6,976.0,18.57,-0.193,2,3
940,25.74,61.6,705.0,26.18,0.448,3,2
941,27.61,50.7,915.0,27.32,0.416,1,3
942,19.11,32.6,602.0,18.56,-0.342,2,2
943,21.22,57.2,879.0,20.84,-0.009,3,2
944,21.59,51.8,1116.0,20.01,-0.084,1,3
945,21.09,51.1,1025.0,20.99,-0.01,2,2
946,18.98,46.4,657.0,19.32,-0.205,2,0
947,24.55,67.5,703.0,26.16,0.42,1,3
948,21.74,37.0,840.0,21.72,-0.112,0,2
949,27.19,65.6,824.0,27.68,0.52,2,2
950,26.39,37.6,1150.0,26.21,0.384,2,1
951,27.23,31.7,1175.0,27.88,0.437,3,2
952,19.48,64.5,443.0,19.47,-0.247,2,3
953,20.88,35.6,490.0,21.25,-0.058,2,2
954,18.46,55.2,606.0,19.1,-0.318,2,3
955,25.68,34.6,736.0,25.28,0.379,2,2
956,20.01,44.5,963.0,19.0,-0.209,1,2
957,25.89,38.3,1102.0,25.09,0.044,2,3
958,19.3,54.7,1052.0,20.28,-0.199,2,2
959,24.78,65.4,1077.0,24.5,0.265,2,2
960,20.52,61.5,745.0,21.04,-0.161,1,2
961,21.25,57.0,1183.0,22.25,0.122,2,3
962,24.52,68.7,689.0,24.3,0.323,3,4
963,24.08,60.1,1054.0,24.04,0.298,3,0
964,20.56,53.6,805.0,21.45,-0.018,3,4
965,18.05,54.0,954.0,18.8,-0.263,2,1
966,18.17,37.2,694.0,17.88,-0.388,1,2
967,22.83,31.3,700.0,22.33,0.197,3,2
968,22.07,68.6,437.0,21.78,-0.083,1,2
969,19.21,35.1,696.0,19.01,-0.189,2,3
970,22.82,41.6,905.0,23.46,0.06,3,3
971,19.14,62.3,679.0,19.55,-0.069,2,2
972,19.62,33.2,1135.0,19.96,-0.024,2,2
973,21.39,45.5,514.0,22.26,0.008,3,1
974,22.33,52.5,1173.0,23.26,0.308,4,3
975,18.1,63.5,677.0,17.83,-0.45,2,2
976,27.0,68.1,844.0,26.32,0.494,2,2
977,21.96,68.5,427.0,20.94,-0.028,3,2
978,22.38,30.9,1055.0,22.99,-0.129,3,2
979,27.38,52.4,724.0,28.03,0.52,1,2
980,27.04,36.5,989.0,25.98,0.501,2,2
981,26.04,62.0,536.0,26.57,0.58,2,1
982,21.86,67.1,504.0,20.94,0.02,1,3
983,23.05,45.0,1074.0,22.32,0.016,2,2
984,22.55,34.0,668.0,21.94,0.099,3,1
985,22.49,37.0,549.0,22.11,0.119,1,2
986,26.69,42.4,1016.0,27.13,0.529,2,3
987,22.74,31.1,733.0,23.19,0.214,1,2
988,24.91,36.8,1176.0,26.82,0.463,1,2
989,22.3,39.1,1152.0,22.81,0.137,1,2
990,22.99,43.9,874.0,23.23,0.022,2,2
991,24.61,49.4,782.0,25.18,0.393,3,2
992,27.97,37.2,961.0,27.52,0.468,3,1
993,23.28,38.1,1155.0,22.76,0.123,2,1
994,18.52,40.9,1150.0,19.19,-0.226,2,4
995,27.72,61.9,653.0,26.61,0.387,3,2
996,24.42,30.6,734.0,23.23,0.173,4,2
997,21.3,60.2,671.0,21.82,-0.017,2,1
998,22.66,32.2,406.0,21.31,0.037,3,2
999,27.37,41.0,1090.0,27.72,0.619,2,2
1000,19.2,55.1,434.0,21.1,-0.136,2,2
1001,22.13,56.5,734.0,23.35,-0.167,2,3
1002,23.31,67.0,656.0,23.41,0.183,2,2
1003,24.34,43.5,855.0,24.46,0.324,2,2
1004,25.91,58.5,1001.0,25.97,0.343,2,3
1005,23.59,41.7,781.0,23.93,0.196,4,1
1006,25.91,46.5,1017.0,25.94,0.426,2,2
1007,26.79,39.0,835.0,27.26,0.652,3,4
1008,21.37,34.1,448.0,22.16,0.046,2,1
1009,25.84,47.9,537.0,24.81,0.206,2,2
1010,23.57,58.7,629.0,23.36,0.113,2,2
1011,20.23,36.7,447.0,21.09,-0.164,3,2
1012,23.62,32.4,1032.0,22.63,0.014,2,2
1013,27.29,33.0,713.0,29.13,0.808,2,2
1014,26.58,37.4,522.0,25.93,0.44,2,0
1015,25.75,41.9,620.0,26.19,0.299,2,2
1016,23.64,43.5,775.0,23.9,0.177,2,3
1017,21.54,37.5,1131.0,22.06,0.185,2,2
1018,18.43,61.3,844.0,18.52,-0.468,1,3
1019,19.82,33.6,955.0,18.99,-0.513,2,2
1020,21.11,49.6,448.0,23.26,0.25,2,1
1021,27.07,42.7,536.0,28.67,0.601,2,2
1022,20.21,63.4,429.0,19.52,-0.169,2,2
1023,24.83,52.0,763.0,25.49,0.452,2,2
1024,19.73,62.2,1142.0,20.53,-0.149,2,2
1025,19.98,52.5,1015.0,17.85,-0.36,1,2
1026,19.7,65.4,1169.0,20.22,-0.264,2,2
1027,21.95,58.1,1192.0,22.46,0.048,2,1
1028,25.47,56.6,1125.0,26.26,0.576,3,2
1029,18.62,53.5,642.0,18.83,-0.331,3,3
1030,19.01,38.0,689.0,17.57,-0.428,2,3
1031,24.05,49.8,1034.0,23.38,0.086,2,2
1032,18.15,35.2,516.0,18.44,-0.432,2,2
1033,23.29,55.3,802.0,22.71,0.037,2,2
1034,26.9,39.0,1111.0,28.11,0.65,1,2
1035,21.45,65.5,742.0,22.33,0.22,2,3
1036,20.79,30.5,572.0,20.12,-0.286,1,2
1037,26.27,60.8,1029.0,25.17,0.233,2,2
1038,18.06,42.5,666.0,18.34,-0.483,0,2
1039,24.45,30.3,946.0,24.96,0.284,2,2
1040,20.65,63.2,545.0,21.07,0.011,2,2
1041,23.18,68.7,502.0,23.52,0.112,2,3
1042,23.69,59.7,510.0,25.27,0.307,2,3
1043,21.79,39.3,500.0,23.29,0.185,4,2
1044,19.66,64.8,1084.0,19.71,-0.278,2,2
1045,18.92,40.5,1193.0,17.97,-0.432,2,2
1046,24.48,62.8,617.0,25.59,0.601,2,2
1047,25.82,69.2,957.0,25.21,0.439,2,2
1048,22.29,44.2,1046.0,21.96,-0.18,2,3
1049,24.73,41.0,644.0,24.11,0.467,2,1
1050,24.6,38.8,617.0,25.08,0.329,2,3
1051,25.13,53.4,1068.0,23.91,0.17,1,1
1052,24.24,49.8,896.0,24.85,0.109,2,2
1053,26.89,39.8,565.0,26.73,0.403,2,1
1054,27.19,56.7,524.0,26.98,0.472,2,0
1055,27.85,41.3,653.0,29.06,0.671,2,2
1056,27.81,62.5,772.0,28.35,0.445,2,2
1057,26.81,46.8,596.0,28.07,0.536,2,2
1058,24.16,57.2,1174.0,24.71,0.319,2,2
1059,19.04,36.4,1126.0,20.0,-0.063,2,2
1060,22.14,43.2,1085.0,22.46,0.057,2,2
1061,19.38,38.5,728.0,18.98,-0.295,1,2
1062,24.74,58.1,765.0,25.05,0.424,2,2
1063,20.15,53.5,1101.0,20.25,-0.21,2,2
1064,27.87,34.6,678.0,26.79,0.47,4,3
1065,25.66,43.6,929.0,26.6,0.536,3,1
1066,24.18,48.6,1187.0,24.59,0.322,2,2
1067,19.59,44.1,979.0,20.59,-0.156,2,2
1068,18.35,37.1,917.0,18.51,-0.306,2,2
1069,23.31,58.9,892.0,22.92,0.181,3,3
1070,24.2,37.8,620.0,23.7,0.256,1,2
1071,24.67,50.5,853.0,25.56,0.391,2,2
1072,24.69,51.0,766.0,23.6,0.174,1,4
1073,18.0,56.8,650.0,19.19,-0.126,3,1
1074,18.24,57.8,1191.0,17.77,-0.336,2,2
1075,27.1,47.1,1088.0,26.11,0.263,2,2
1076,25.71,68.1,611.0,26.08,0.446,1,2
1077,23.06,35.3,484.0,23.55,0.152,3,2
1078,20.45,45.7,848.0,19.67,-0.301,2,2
1079,24.27,67.1,990.0,25.73,0.434,2,2
1080,22.22,67.1,950.0,22.65,0.195,3,2
1081,24.93,46.5,1135.0,25.26,0.293,3,2
1082,24.93,50.3,466.0,23.63,0.28,2,2
1083,19.31,57.1,1030.0,18.05,-0.437,2,2
1084,27.42,30.4,1138.0,27.63,0.403,3,3
1085,26.2,37.6,489.0,26.55,0.546,1,3
1086,21.54,42.8,876.0,22.94,0.094,2,2
1087,23.07,37.0,745.0,22.3,0.022,4,2
1088,20.96,42.4,584.0,22.63,0.176,2,2
1089,21.9,37.2,470.0,21.29,0.065,2,3
1090,26.95,32.7,605.0,26.87,0.633,2,2
1091,19.72,48.9,833.0,18.95,-0.295,3,3
1092,19.85,68.0,900.0,19.17,-0.38,3,2
1093,27.34,60.8,669.0,27.37,0.55,2,2
1094,22.6,63.3,1177.0,23.65,0.083,2,2
1095,26.21,60.0,493.0,26.32,0.307,4,2
1096,23.2,41.3,666.0,22.96,0.103,2,3
1097,26.19,60.0,1177.0,25.87,0.17,2,3
1098,24.64,40.3,933.0,24.6,0.165,1,3
1099,19.72,46.5,815.0,20.97,-0.041,1,2
1100,22.08,68.7,601.0,23.09,0.062,1,2
1101,27.48,68.1,980.0,27.81,0.659,2,3
1102,18.78,42.4,789.0,18.09,-0.602,2,2
1103,18.1,45.9,777.0,17.55,-0.343,2,2
1104,25.43,46.4,650.0,25.69,0.407,2,2
1105,25.88,66.9,704.0,24.91,0.305,0,2
1106,24.38,44.8,687.0,23.9,-0.03,2,3
1107,18.32,47.7,881.0,19.04,-0.387,2,2
1108,24.63,52.5,919.0,23.38,0.284,2,2
1109,26.44,47.7,887.0,24.63,0.295,2,2
1110,23.61,30.7,653.0,23.71,0.157,1,2
1111,19.98,57.4,951.0,20.52,-0.022,1,3
1112,18.38,31.4,520.0,16.94,-0.559,1,2
1113,22.28,57.3,1078.0,21.09,0.06,2,2
1114,26.31,52.3,476.0,25.03,0.51,2,4
1115,24.31,47.9,1122.0,22.92,-0.268,2,2
1116,19.02,57.1,548.0,17.51,-0.495,2,0
1117,24.81,30.7,611.0,24.3,0.22,2,2
1118,25.86,43.5,1114.0,25.3,0.482,2,2
1119,18.62,56.8,612.0,18.1,-0.572,2,2
1120,19.66,67.0,499.0,19.94,-0.328,2,4
1121,27.04,67.1,843.0,27.39,0.463,2,2
1122,19.2,39.8,876.0,17.94,-0.393,3,1
1123,26.83,43.6,770.0,27.97,0.682,1,2
1124,21.98,60.0,800.0,22.4,-0.099,2,2
1125,21.2,40.2,1167.0,20.71,-0.097,1,2
1126,20.06,48.3,511.0,20.19,-0.329,4,0
1127,25.57,58.6,873.0,25.21,0.395,2,3
1128,25.25,47.1,970.0,26.24,0.432,1,3
1129,27.26,60.2,787.0,27.45,0.531,2,3
1130,24.77,61.6,724.0,24.71,0.202,2,2
1131,23.07,40.2,1052.0,24.16,0.114,2,2
1132,22.27,53.6,635.0,22.44,0.002,3,2
1133,24.11,35.0,722.0,23.25,0.045,2,0
1134,26.74,63.6,969.0,26.4,0.485,2,2
1135,26.5,33.2,949.0,26.29,0.424,1,2
1136,21.7,55.5,462.0,22.85,0.069,1,2
1137,19.94,60.1,982.0,18.69,-0.472,2,2
1138,20.95,33.5,435.0,21.38,0.018,2,2
1139,18.67,45.0,598.0,18.75,-0.119,4,2
1140,23.34,37.0,1074.0,22.72,0.24,2,3
1141,23.16,62.4,620.0,23.54,0.188,2,2
1142,27.19,58.5,877.0,28.01,0.468,1,4
1143,25.24,64.5,877.0,23.2,-0.049,2,1
1144,18.94,45.8,680.0,19.68,-0.37,4,3
1145,27.38,40.7,1181.0,27.67,0.739,2,3
1146,18.02,66.1,1098.0,17.72,-0.456,2,2
1147,21.6,62.0,864.0,22.84,0.044,3,2
1148,24.02,36.9,1053.0,23.98,0.236,2,1
1149,18.29,68.8,832.0,17.83,-0.313,2,1
1150,18.33,44.5,474.0,18.94,-0.249,2,2
1151,20.89,58.2,873.0,21.15,-0.105,2,2
1152,20.84,67.6,886.0,20.69,-0.039,1,2
1153,27.81,66.3,1066.0,27.9,0.563,2,2
1154,23.33,57.3,594.0,23.41,0.134,4,3
1155,19.11,48.4,984.0,19.46,-0.277,2,4
1156,21.64,40.5,944.0,21.52,0.068,2,1
1157,25.37,53.0,956.0,26.28,0.438,0,2
1158,25.87,58.0,761.0,26.03,0.506,2,2
1159,26.08,42.9,873.0,26.59,0.381,2,2
1160,18.96,67.7,1047.0,19.47,-0.133,2,2
1161,25.51,50.0,1161.0,25.73,0.431,2,2
1162,26.5,54.9,549.0,25.28,0.415,2,2
1163,22.87,45.7,1130.0,22.23,0.11,0,1
1164,24.74,62.2,800.0,25.38,0.307,2,2
1165,20.26,66.2,1002.0,20.8,-0.155,1,3
1166,20.6,49.3,1063.0,21.03,-0.04,2,2
1167,23.86,55.2,501.0,23.0,0.252,0,4
1168,27.18,69.0,774.0,28.45,0.729,2,2
1169,21.99,41.6,539.0,22.16,-0.13,2,2
1170,18.15,39.2,485.0,19.68,-0.173,2,2
1171,21.93,52.2,839.0,22.27,0.095,2,2
1172,20.12,62.0,713.0,20.19,-0.221,2,1
1173,23.24,48.0,877.0,25.12,0.374,2,2
1174,18.58,50.6,989.0,18.1,-0.519,3,1
1175,25.81,42.8,472.0,25.39,0.417,2,2
1176,20.12,66.7,1181.0,20.51,-0.24,2,3
1177,19.46,40.7,477.0,20.52,-0.059,3,2
1178,18.14,49.0,1022.0,19.13,-0.442,2,1
1179,23.69,62.2,828.0,23.72,0.148,2,3
1180,18.45,69.3,768.0,19.92,-0.11,1,3
1181,18.75,44.5,1159.0,18.66,-0.321,3,2
1182,26.85,35.9,1128.0,26.56,0.571,2,1
1183,22.49,37.9,1010.0,22.03,0.022,2,2
1184,21.96,41.9,648.0,23.16,0.105,3,2
1185,20.05,54.5,1170.0,19.86,-0.289,1,2
1186,24.55,64.0,1109.0,24.77,0.111,2,2
1187,22.52,57.2,728.0,23.47,0.133,0,3
1188,22.39,56.9,648.0,22.7,-0.021,2,3
1189,24.51,69.9,814.0,24.27,0.417,2,2
1190,19.06,64.6,652.0,18.58,-0.376,2,2
1191,19.6,38.2,1095.0,19.49,-0.343,3,2
1192,26.28,31.6,595.0,26.96,0.446,4,3
1193,18.02,57.4,862.0,18.24,-0.38,3,1
1194,26.31,55.9,1054.0,25.19,0.329,2,1
1195,26.84,35.2,940.0,25.74,0.379,2,4
1196,19.8,45.8,884.0,19.44,-0.285,3,1
1197,18.12,32.7,1155.0,18.59,-0.329,2,1
1198,24.78,49.4,889.0,24.8,0.191,3,2
1199,22.39,34.4,1086.0,20.41,-0.233,2,2
1200,20.21,58.0,991.0,21.37,-0.012,2,2
1201,18.6,45.8,1167.0,17.56,-0.401,2,2
1202,27.95,43.8,1001.0,27.94,0.658,2,3
1203,25.86,66.5,445.0,26.15,0.33,2,0
1204,25.63,38.4,751.0,25.5,0.306,2,2
1205,26.94,56.4,539.0,26.51,0.367,2,2
1206,23.72,48.6,539.0,22.9,0.016,2,2
1207,27.64,39.5,889.0,27.45,0.82,2,2
1208,24.68,53.6,1155.0,25.28,0.487,2,2
1209,27.12,52.7,541.0,27.81,0.462,4,3
1210,18.2,64.8,692.0,18.71,-0.405,2,4
1211,21.64,55.7,650.0,21.11,-0.009,2,2
1212,20.4,46.9,1133.0,21.98,0.195,2,2
1213,20.93,32.2,650.0,21.34,-0.069,2,2
1214,27.77,56.3,856.0,27.28,0.546,2,3
1215,26.87,54.6,794.0,27.89,0.56,0,2
1216,19.92,54.3,412.0,21.4,-0.242,2,4
1217,21.86,43.8,831.0,22.86,0.031,2,2
1218,22.06,41.5,703.0,22.87,-0.086,3,2
1219,25.13,33.7,507.0,25.74,0.438,1,2
1220,26.81,33.5,494.0,27.57,0.61,2,2
1221,26.84,31.7,508.0,26.75,0.473,2,2
1222,26.43,36.9,1128.0,26.58,0.465,1,1
1223,18.95,68.8,784.0,17.5,-0.544,2,2
1224,19.23,53.3,827.0,20.41,-0.204,1,4
1225,19.1,48.8,511.0,19.68,-0.32,2,4
1226,23.38,68.2,587.0,24.42,0.385,2,2
1227,22.78,59.5,462.0,24.27,0.23,1,1
1228,27.86,41.2,520.0,28.89,0.473,1,2
1229,20.77,54.0,565.0,22.3,0.104,2,2
1230,27.4,62.5,585.0,26.38,0.405,2,2
1231,18.23,30.1,685.0,17.93,-0.452,1,2
1232,23.59,36.3,1190.0,24.05,0.08,2,2
1233,19.2,63.3,633.0,18.84,-0.13,0,4
1234,21.75,43.2,852.0,20.98,-0.111,3,2
1235,19.21,61.9,1191.0,19.24,-0.338,2,2
1236,18.1,67.3,1195.0,18.13,-0.447,2,2
1237,22.46,38.4,1114.0,21.21,-0.007,3,2
1238,25.83,32.8,421.0,25.88,0.622,1,1
1239,18.74,62.3,727.0,20.49,0.064,3,2
1240,26.72,34.1,1123.0,26.42,0.576,2,3
1241,27.85,52.0,408.0,28.46,0.582,4,1
1242,25.6,52.5,986.0,26.12,0.3,2,2
1243,21.64,68.0,842.0,21.57,0.069,1,3
1244,26.78,51.0,1161.0,26.85,0.436,2,2
1245,22.76,40.2,591.0,22.39,-0.01,2,2
1246,23.25,59.8,449.0,23.79,0.279,2,2
1247,23.32,53.7,860.0,24.32,0.228,2,2
1248,21.66,55.2,714.0,22.05,-0.071,3,2
1249,22.86,69.2,776.0,24.33,0.113,3,4
1250,18.59,59.8,761.0,19.01,-0.387,2,3
1251,21.22,48.1,1027.0,22.09,0.112,2,2
1252,22.81,41.6,856.0,22.51,0.121,2,3
1253,22.91,55.0,404.0,23.31,0.237,0,2
1254,26.66,37.6,735.0,26.07,0.461,0,2
1255,19.05,30.0,1139.0,17.59,-0.529,2,2
1256,19.99,36.7,610.0,19.69,-0.388,0,1
1257,27.96,65.7,1108.0,28.65,0.533,3,2
1258,23.09,47.1,1028.0,23.62,0.172,2,2
1259,23.53,65.2,660.0,22.14,0.123,2,1
1260,20.45,36.4,814.0,20.41,-0.314,2,3
1261,18.68,65.0,635.0,19.3,-0.076,2,2
1262,21.68,54.4,486.0,19.76,-0.156,2,2
1263,26.65,49.3,1128.0,27.23,0.502,2,2
1264,22.22,39.6,1062.0,21.97,0.168,0,2
1265,25.91,55.1,952.0,25.71,0.298,1,2
1266,18.91,39.0,850.0,19.88,-0.31,1,2
1267,24.79,46.7,704.0,24.07,0.134,2,2
1268,20.42,43.9,1160.0,20.91,-0.107,4,2
1269,25.36,31.4,521.0,25.32,0.414,2,2
1270,26.46,39.6,497.0,27.51,0.658,2,2
1271,23.9,39.8,412.0,24.01,0.32,3,2
1272,22.94,39.3,912.0,22.83,0.112,2,2
1273,24.6,39.8,727.0,24.29,0.339,2,2
1274,19.03,69.0,673.0,18.52,-0.118,2,3
1275,24.21,54.3,1006.0,23.84,0.193,2,2
1276,26.99,57.2,1056.0,27.9,0.685,3,2
1277,24.46,58.6,401.0,23.72,0.392,3,3
1278,27.68,46.8,1019.0,27.35,0.571,2,2
1279,19.63,56.4,438.0,20.39,0.01,4,0
1280,19.59,43.1,451.0,19.69,-0.368,2,2
1281,19.83,47.0,578.0,19.76,0.044,2,1
1282,20.69,36.3,1145.0,19.56,-0.21,2,2
1283,23.53,54.3,430.0,24.89,0.33,2,2
1284,23.45,40.3,601.0,24.23,0.147,3,2
1285,21.85,38.4,778.0,20.67,-0.192,2,2
1286,27.96,49.6,726.0,27.8,0.58,2,2
1287,25.79,50.9,873.0,26.91,0.646,1,2
1288,24.76,36.1,878.0,24.64,0.488,3,2
1289,20.12,51.2,942.0,20.13,-0.214,2,2
1290,18.29,32.5,880.0,17.21,-0.517,2,2
1291,25.45,63.6,454.0,24.77,0.184,1,2
1292,19.34,39.2,525.0,20.26,-0.249,2,4
1293,23.09,58.6,1107.0,23.25,0.306,2,1
1294,19.01,53.8,768.0,20.05,-0.05,2,3
1295,23.3,30.3,1122.0,24.11,0.197,2,0
1296,24.82,33.9,536.0,25.56,0.431,2,2
1297,22.68,53.2,611.0,23.39,0.005,2,2
1298,21.2,67.3,1063.0,21.35,-0.388,2,3
1299,27.56,67.6,825.0,26.52,0.351,2,2
1300,26.9,45.1,1200.0,27.82,0.76,1,2
1301,26.64,48.2,401.0,27.57,0.538,2,2
1302,25.86,45.5,1169.0,27.11,0.687,2,2
1303,26.72,32.7,650.0,26.4,0.632,3,2
1304,26.53,42.0,989.0,27.36,0.531,2,4
1305,18.21,47.9,1065.0,18.5,-0.293,4,2
1306,21.19,40.6,472.0,22.52,0.14,2,2
1307,19.92,49.8,906.0,19.11,-0.492,2,2
1308,20.2,65.0,848.0,19.99,-0.203,1,1
1309,27.16,30.8,769.0,27.68,0.632,2,4
1310,22.96,41.1,816.0,24.03,0.289,2,3
1311,24.19,58.2,752.0,23.65,0.099,3,2
1312,19.29,42.8,492.0,20.91,0.069,3,2
1313,19.33,57.4,1106.0,19.41,-0.31,3,1
1314,23.17,52.8,511.0,23.22,-0.045,2,2
1315,21.45,41.1,1106.0,22.04,0.081,2,2
1316,26.02,65.5,953.0,27.28,0.467,2,2
1317,23.72,45.9,794.0,24.16,0.114,2,1
1318,24.83,62.8,1021.0,23.61,0.243,2,3
1319,26.6,34.3,769.0,26.68,0.457,2,3
1320,18.01,51.4,1006.0,19.32,-0.288,3,2
1321,25.14,40.3,510.0,24.5,0.342,0,0
1322,21.81,51.6,1187.0,22.42,0.034,2,2
1323,20.0,36.6,1168.0,20.15,-0.243,2,3
1324,25.81,51.8,769.0,25.86,0.297,2,1
1325,19.09,53.8,1062.0,20.71,-0.112,1,2
1326,20.01,56.1,926.0,20.93,-0.201,2,4
1327,20.17,66.4,545.0,19.56,-0.473,2,3
1328,25.58,32.8,948.0,25.92,0.378,1,3
1329,25.63,38.8,1112.0,25.7,0.249,2,2
1330,23.85,37.2,931.0,25.06,0.364,2,2
1331,18.71,63.9,887.0,16.56,-0.633,2,4
1332,20.24,69.4,1188.0,21.31,-0.041,2,3
1333,20.65,44.2,831.0,20.82,-0.171,3,1
1334,27.41,69.1,783.0,27.14,0.535,3,3
1335,22.65,69.7,1166.0,25.73,0.205,2,3
1336,20.95,56.5,933.0,20.24,-0.098,0,2
1337,21.94,34.3,720.0,21.15,0.057,2,2
1338,26.48,56.9,1170.0,26.52,0.427,3,2
1339,18.4,42.0,1070.0,19.5,-0.286,2,2
1340,24.11,65.6,1049.0,25.37,0.388,1,2
1341,20.35,44.0,1093.0,22.17,0.003,1,3
1342,24.62,60.4,562.0,23.55,0.129,2,2
1343,27.07,45.1,892.0,26.93,0.49,2,2
1344,25.29,38.2,996.0,25.95,0.205,2,2
1345,21.01,49.0,524.0,20.91,-0.099,3,2
1346,20.97,69.1,1148.0,21.88,-0.063,3,3
1347,26.58,67.4,537.0,26.62,0.422,2,2
1348,21.53,58.1,498.0,21.65,-0.14,2,2
1349,26.71,63.0,534.0,25.87,0.259,2,3
1350,21.52,41.7,1130.0,22.69,-0.059,2,2
1351,19.2,36.8,949.0,18.51,-0.4,2,2
1352,18.01,45.9,423.0,18.99,-0.145,0,2
1353,21.38,44.6,921.0,23.42,0.171,4,1
1354,25.91,58.8,544.0,25.06,0.317,2,2
1355,27.15,57.0,573.0,25.59,0.353,3,2
1356,18.05,36.9,477.0,19.0,-0.327,3,2
1357,24.68,68.1,1012.0,23.15,0.185,2,3
1358,21.2,32.0,623.0,20.66,-0.097,2,2
1359,25.0,44.8,727.0,25.46,0.359,4,3
1360,26.03,37.9,965.0,25.62,0.343,2,3
1361,27.22,30.7,455.0,25.96,0.544,3,2
1362,20.11,43.2,477.0,19.96,-0.323,2,3
1363,23.68,33.6,527.0,23.47,-0.025,0,1
1364,21.99,49.5,769.0,21.37,-0.066,2,2
1365,20.2,51.8,796.0,20.16,-0.077,2,2
1366,24.96,45.1,588.0,23.82,0.051,2,2
1367,21.53,67.4,1110.0,21.97,0.134,3,1
1368,20.14,41.7,597.0,19.19,-0.167,3,2
1369,20.45,54.0,682.0,21.28,-0.242,2,2
1370,22.94,63.4,1105.0,23.03,-0.014,2,3
1371,26.51,47.3,742.0,27.0,0.456,3,2
1372,18.36,50.7,1190.0,18.66,-0.264,3,2
1373,20.55,30.3,972.0,19.59,-0.133,4,2
1374,20.7,46.4,980.0,22.05,-0.039,1,3
1375,22.28,68.1,541.0,22.65,-0.003,4,2
1376,19.95,32.3,679.0,19.85,-0.214,4,3
1377,27.28,41.1,1108.0,28.78,0.7,2,2
1378,27.27,39.1,1045.0,26.93,0.601,3,2
1379,27.61,31.0,649.0,28.22,0.571,4,2
1380,20.47,33.6,698.0,19.02,-0.279,2,3
1381,23.12,30.6,808.0,22.54,-0.163,3,2
1382,19.78,65.7,658.0,20.97,-0.101,3,3
1383,18.64,57.6,591.0,19.94,-0.397,2,1
1384,26.19,53.2,923.0,27.16,0.521,1,0
1385,26.82,39.3,991.0,26.77,0.341,3,1
1386,27.7,59.5,759.0,26.74,0.4,2,4
1387,26.77,41.4,1099.0,26.84,0.534,2,1
1388,18.43,55.5,884.0,16.91,-0.536,2,2
1389,22.71,40.1,493.0,23.24,-0.043,2,2
1390,22.11,50.0,467.0,22.3,-0.153,2,4
1391,23.35,57.8,427.0,24.19,0.006,3,2
1392,27.67,31.0,959.0,26.19,0.477,3,1
1393,27.11,35.1,813.0,26.75,0.327,3,3
1394,21.09,31.4,653.0,22.32,0.008,1,3
1395,19.91,62.1,721.0,19.27,-0.32,2,1
1396,20.52,53.6,865.0,19.26,-0.315,2,0
1397,26.81,60.0,666.0,26.48,0.577,4,2
1398,21.88,44.8,1049.0,21.04,-0.007,2,1
1399,18.0,51.9,1086.0,18.44,-0.329,2,3
1400,18.68,67.4,400.0,18.42,-0.282,1,1
1401,21.57,47.4,565.0,22.06,0.085,3,2
1402,19.77,30.2,935.0,20.24,-0.042,1,2
1403,23.12,49.0,1000.0,24.58,0.078,2,1
1404,22.26,67.7,1098.0,21.62,0.093,2,1
1405,25.5,48.7,1085.0,25.03,0.307,2,2
1406,23.21,38.1,568.0,23.48,0.094,2,1
1407,21.49,67.6,1049.0,21.42,-0.087,3,2
1408,25.31,57.2,866.0,24.91,0.431,2,3
1409,19.07,42.2,832.0,18.95,-0.371,2,2
1410,18.1,44.0,1153.0,18.11,-0.223,2,3
1411,21.65,40.6,1000.0,21.06,0.072,3,2
1412,22.62,69.1,1171.0,22.29,0.04,4,1
1413,20.17,35.6,879.0,19.56,-0.254,3,2
1414,26.0,68.7,1094.0,25.13,0.36,1,2
1415,22.59,42.8,1041.0,22.9,0.051,3,2
1416,26.58,59.1,1174.0,26.48,0.382,3,2
1417,21.99,33.7,1129.0,20.78,-0.233,2,0
1418,22.45,61.5,430.0,24.0,0.096,2,2
1419,20.81,50.3,995.0,19.82,-0.272,2,2
1420,24.48,53.8,606.0,24.46,0.321,1,1
1421,22.6,67.0,791.0,22.87,0.065,2,1
1422,23.14,64.3,402.0,23.96,0.396,4,2
1423,25.24,55.3,911.0,26.01,0.346,2,4
1424,23.66,53.3,725.0,24.11,0.125,2,3
1425,18.28,48.1,749.0,19.2,-0.147,2,1
1426,27.03,34.0,736.0,28.05,0.625,2,2
1427,19.37,56.9,931.0,18.57,-0.62,1,2
1428,26.72,46.3,1017.0,27.16,0.479,2,2
1429,18.48,63.6,664.0,18.85,-0.186,2,3
1430,20.19,53.0,739.0,20.25,0.003,2,3
1431,25.86,35.3,487.0,26.35,0.449,2,2
1432,24.82,42.2,662.0,25.83,0.348,2,2
1433,25.43,34.1,794.0,25.14,0.347,2,3
1434,23.19,56.0,641.0,23.33,0.222,0,2
1435,22.03,53.8,555.0,22.61,0.061,2,1
1436,21.39,39.5,560.0,21.96,0.017,2,2
1437,21.12,30.6,1004.0,20.11,-0.123,2,1
1438,21.51,69.3,1021.0,22.22,0.017,2,2
1439,19.82,44.6,766.0,20.99,-0.019,3,4
1440,26.42,38.7,888.0,24.75,0.33,2,2
1441,21.08,68.1,818.0,21.09,0.056,4,2
1442,21.72,35.5,855.0,21.87,-0.087,4,2
1443,21.28,33.4,941.0,21.33,0.012,2,2
1444,27.36,37.7,1165.0,28.18,0.691,2,2
1445,24.03,39.0,864.0,24.88,0.251,2,3
1446,19.42,68.9,472.0,19.45,-0.301,2,2
1447,21.97,33.7,936.0,22.5,-0.035,3,2
1448,19.4,61.5,744.0,19.28,-0.373,2,2
1449,19.25,69.9,469.0,19.29,-0.333,2,0
1450,20.59,36.1,438.0,21.44,-0.223,2,2
1451,18.07,48.0,759.0,18.57,-0.447,1,4
1452,20.29,49.1,908.0,20.7,-0.249,2,3
1453,26.34,55.5,548.0,24.83,0.325,2,2
1454,24.2,40.2,1178.0,22.4,-0.026,4,1
1455,22.84,56.2,1104.0,21.89,0.05,2,0
1456,27.1,69.2,945.0,26.16,0.375,2,3
1457,25.28,33.2,449.0,26.2,0.368,2,2
1458,27.59,62.8,545.0,28.38,0.674,2,3
1459,22.34,60.2,749.0,22.32,-0.049,2,2
1460,25.68,55.6,840.0,24.92,0.159,2,2
1461,19.94,62.6,462.0,21.06,-0.031,2,2
1462,27.05,31.8,495.0,26.65,0.352,2,2
1463,18.62,69.7,1113.0,18.26,-0.24,2,4
1464,18.18,31.7,817.0,16.93,-0.419,3,1
1465,21.7,49.3,405.0,20.93,-0.068,2,2
1466,24.23,38.6,530.0,24.48,0.32,3,2
1467,21.7,52.9,1136.0,21.14,-0.233,2,2
1468,26.99,63.1,1092.0,28.65,0.839,2,2
1469,21.01,50.5,809.0,21.62,-0.116,3,2
1470,19.91,41.5,766.0,18.84,-0.259,3,2
1471,20.61,61.3,975.0,22.32,-0.046,2,2
1472,20.39,38.0,1028.0,19.96,-0.035,2,2
1473,23.97,41.6,657.0,23.64,0.043,2,3
1474,25.01,41.8,460.0,25.83,0.341,1,2
1475,20.71,56.0,1188.0,20.83,-0.145,2,2
1476,19.53,48.1,900.0,19.96,-0.338,2,1
1477,18.51,61.3,1113.0,17.81,-0.333,2,4
1478,20.69,63.8,893.0,20.8,-0.124,2,3
1479,19.74,31.4,899.0,20.04,-0.338,2,3
1480,22.12,46.2,1040.0,21.05,0.063,2,3
1481,18.57,61.7,1038.0,19.37,-0.28,1,2
1482,22.83,41.7,796.0,21.51,-0.08,2,3
1483,21.25,67.0,1127.0,20.33,-0.384,2,3
1484,20.27,64.0,424.0,20.1,-0.102,0,4
1485,26.3,63.6,542.0,26.2,0.461,0,2
1486,26.51,38.6,1083.0,26.34,0.568,2,2
1487,21.62,51.8,1153.0,22.61,0.141,0,2
1488,19.48,60.7,1024.0,18.87,-0.206,2,2
1489,23.04,33.8,1129.0,22.23,0.089,3,1
1490,23.12,31.5,734.0,22.81,0.102,2,2
1491,22.67,32.6,627.0,22.65,0.09,2,1
1492,27.43,55.2,969.0,27.45,0.435,0,0
1493,21.42,56.0,561.0,21.9,-0.063,2,1
1494,22.22,49.6,1003.0,23.0,0.098,2,1
1495,27.31,35.0,711.0,26.75,0.395,2,1
1496,25.28,69.9,440.0,26.03,0.443,2,4
1497,18.68,42.8,1032.0,17.74,-0.59,3,2
1498,19.28,62.9,790.0,19.24,-0.147,2,2
1499,26.03,60.3,592.0,27.08,0.586,3,1
1500,23.95,67.5,416.0,23.32,0.188,2,2
1501,18.97,30.1,699.0,18.38,-0.365,2,2
1502,20.85,30.1,617.0,20.42,-0.191,2,3
1503,25.25,39.4,663.0,24.97,0.326,3,3
1504,21.17,50.6,404.0,22.01,-0.135,1,1
1505,20.41,59.8,747.0,20.49,-0.201,2,3
1506,25.88,45.1,567.0,24.82,0.248,1,2
1507,22.75,57.7,451.0,22.98,0.083,2,3
1508,25.94,55.6,1125.0,26.02,0.384,2,2
1509,22.35,48.2,905.0,22.36,0.203,2,2
1510,24.29,35.4,919.0,24.71,0.312,2,1
1511,27.26,35.5,662.0,26.06,0.475,1,2
1512,18.56,55.9,1166.0,18.0,-0.422,2,3
1513,23.61,34.1,445.0,22.37,0.094,2,4
1514,20.92,32.1,810.0,21.72,-0.029,2,3
1515,27.48,32.0,1184.0,29.05,0.761,2,0
1516,18.62,62.8,1059.0,19.58,-0.526,2,2
1517,22.08,36.7,568.0,22.94,-0.174,2,2
1518,22.9,58.7,659.0,22.31,0.182,2,3
1519,25.21,61.9,410.0,23.61,0.21,2,1
1520,25.01,46.9,544.0,24.84,0.331,2,2
1521,18.29,45.7,1069.0,17.67,-0.458,2,2
1522,23.75,54.1,453.0,23.46,0.16,3,1
1523,22.62,36.3,778.0,23.72,0.213,2,1
1524,25.11,52.7,480.0,24.85,0.269,2,2
1525,18.34,61.2,588.0,17.96,-0.346,3,2
1526,27.34,34.4,1086.0,26.09,0.351,2,4
1527,25.85,48.4,463.0,25.73,0.43,3,2
1528,24.32,66.7,623.0,24.42,0.185,2,2
1529,23.76,44.1,731.0,23.49,0.2,2,2
1530,26.5,39.5,578.0,26.43,0.339,2,3
1531,22.37,38.9,436.0,22.06,0.019,3,0
1532,26.06,43.1,954.0,26.56,0.336,3,2
1533,20.19,54.6,758.0,21.25,-0.004,3,0
1534,18.24,57.2,673.0,17.98,-0.464,3,2
1535,20.69,42.1,515.0,20.67,-0.118,2,2
1536,24.29,63.8,995.0,22.64,0.106,2,3
1537,25.0,67.1,954.0,22.93,0.161,4,2
1538,26.4,51.4,996.0,26.29,0.286,2,2
1539,18.17,64.7,723.0,17.81,-0.528,3,2
1540,22.08,30.4,459.0,21.14,-0.11,2,1
1541,23.71,31.7,1022.0,23.8,0.057,2,2
1542,19.48,37.3,807.0,19.04,-0.204,2,2
1543,26.11,46.6,413.0,25.76,0.31,3,3
1544,27.47,38.9,976.0,26.59,0.25,2,1
1545,20.75,50.4,941.0,21.59,-0.091,2,3
1546,26.67,48.1,537.0,27.3,0.574,1,2
1547,27.26,56.9,842.0,26.59,0.482,2,1
1548,19.7,44.8,548.0,21.2,-0.113,0,4
1549,21.88,58.1,1060.0,22.05,0.059,1,2
1550,23.14,31.8,1154.0,22.87,0.273,2,2
1551,18.23,48.1,724.0,18.27,-0.317,1,2
1552,23.49,68.6,693.0,24.52,0.43,1,3
1553,19.37,67.4,660.0,19.05,-0.199,2,1
1554,19.56,41.5,528.0,20.14,-0.23,2,2
1555,27.82,39.7,705.0,28.16,0.428,2,3
1556,23.05,45.0,677.0,22.59,0.139,3,0
1557,21.82,48.9,1038.0,22.56,0.175,3,2
1558,19.72,54.8,1126.0,20.19,0.029,4,3
1559,27.38,69.3,1113.0,28.52,0.538,3,2
1560,23.25,51.1,980.0,23.27,0.249,3,2
1561,25.42,54.7,660.0,25.63,0.181,2,2
1562,21.7,68.6,1099.0,21.1,-0.053,2,2
1563,18.13,58.7,406.0,17.87,-0.624,3,3
1564,19.89,35.2,499.0,20.49,-0.274,1,2
1565,19.26,46.0,1059.0,20.54,-0.187,2,1
1566,20.64,45.9,785.0,18.71,-0.461,2,3
1567,24.3,47.8,889.0,24.25,0.246,2,2
1568,22.5,35.1,1047.0,22.27,-0.197,4,2
1569,25.83,36.5,628.0,25.28,0.383,2,1
1570,18.52,62.6,934.0,18.0,-0.203,2,2
1571,19.6,47.7,1056.0,21.06,-0.181,2,1
1572,21.69,53.5,731.0,21.07,-0.065,2,2
1573,25.9,45.6,660.0,25.26,0.312,2,2
1574,22.61,65.7,655.0,20.79,-0.237,1,2
1575,24.0,37.6,723.0,24.42,0.27,2,2
1576,20.94,39.7,448.0,21.92,-0.133,1,2
1577,21.95,35.2,471.0,23.51,0.144,2,2
1578,23.72,45.5,436.0,24.74,0.35,2,3
1579,22.25,68.6,1174.0,21.39,0.001,2,2
1580,27.91,32.8,865.0,28.14,0.726,2,2
1581,26.67,43.9,759.0,25.71,0.26,2,2
1582,25.5,36.0,639.0,26.29,0.68,2,2
1583,27.72,61.1,895.0,27.99,0.574,2,2
1584,27.07,52.9,1164.0,27.35,0.425,2,2
1585,26.31,42.5,403.0,26.21,0.448,2,3
1586,24.84,40.3,906.0,24.38,0.356,1,1
1587,19.6,59.0,721.0,20.78,-0.143,2,2
1588,26.5,54.4,1073.0,25.79,0.524,2,1
1589,22.52,48.6,642.0,24.48,0.36,2,2
1590,26.46,41.3,1188.0,26.22,0.536,1,0
1591,19.11,46.1,954.0,19.36,-0.322,2,2
1592,18.63,35.1,651.0,18.88,-0.451,2,3
1593,20.36,41.7,1027.0,19.43,-0.441,0,2
1594,25.84,50.3,901.0,26.39,0.327,2,2
1595,22.34,63.0,936.0,23.29,0.006,2,1
1596,26.06,46.5,678.0,25.03,0.311,2,1
1597,25.97,47.5,524.0,25.66,0.265,2,2
1598,26.66,52.6,704.0,26.35,0.393,2,4
1599,26.24,48.4,656.0,25.53,0.401,2,1
1600,25.06,57.2,769.0,24.13,0.182,2,2
1601,21.02,51.6,881.0,20.06,-0.194,2,3
1602,23.82,51.0,428.0,24.58,0.319,2,1
1603,24.53,37.6,746.0,25.07,0.104,4,1
1604,22.19,53.2,1076.0,21.93,0.269,2,2
1605,22.15,34.6,1075.0,21.8,0.028,3,1
1606,24.14,43.5,1018.0,23.97,0.18,2,2
1607,20.98,56.8,838.0,20.86,-0.11,2,3
1608,20.35,32.0,706.0,18.23,-0.48,4,3
1609,18.21,65.5,1184.0,18.78,-0.206,2,4
1610,21.81,58.4,1021.0,20.74,-0.102,2,2
1611,25.57,43.4,621.0,24.85,0.26,2,2
1612,24.81,66.9,769.0,24.8,0.326,1,2
1613,20.39,65.9,444.0,20.88,-0.26,2,0
1614,21.51,57.2,765.0,21.43,-0.022,4,2
1615,20.27,44.4,498.0,21.52,0.025,2,3
1616,25.81,55.4,505.0,27.26,0.436,3,2
1617,27.69,41.2,463.0,27.36,0.463,2,2
1618,23.08,35.1,613.0,22.61,0.322,2,2
1619,20.44,46.3,1112.0,20.6,-0.303,2,2
1620,22.04,37.6,464.0,23.0,0.063,2,0
1621,26.01,52.9,784.0,24.84,0.089,2,3
1622,22.51,50.6,810.0,21.55,-0.022,3,3
1623,22.42,37.9,732.0,22.7,0.04,2,1
1624,22.11,47.8,558.0,22.36,-0.091,2,4
1625,19.4,57.6,666.0,19.76,-0.257,2,2
1626,19.11,33.9,1164.0,18.98,-0.242,2,3
1627,18.4,33.0,1098.0,18.52,-0.382,2,1
1628,23.97,58.7,636.0,23.42,0.298,2,2
1629,26.54,53.0,683.0,26.35,0.462,1,2
1630,20.19,55.2,470.0,20.19,-0.045,2,1
1631,19.23,40.3,963.0,19.07,-0.464,2,1
1632,20.83,55.0,634.0,22.08,-0.033,3,3
1633,23.18,68.5,912.0,24.08,0.104,2,3
1634,27.63,39.6,716.0,27.37,0.495,3,4
1635,26.96,38.1,409.0,27.47,0.489,3,2
1636,21.16,59.3,1116.0,20.49,-0.164,2,3
1637,19.09,51.2,844.0,19.72,-0.137,2,3
1638,25.34,62.7,994.0,26.08,0.388,2,2
1639,22.02,63.9,1129.0,22.72,0.234,2,2
1640,24.24,30.8,1043.0,24.07,0.291,1,2
1641,26.64,55.8,521.0,25.22,0.439,0,3
1642,23.46,42.9,624.0,23.17,-0.042,1,2
1643,19.27,39.5,411.0,18.26,-0.375,1,3
1644,22.75,54.1,1024.0,22.8,-0.048,2,1
1645,25.5,54.6,785.0,25.17,0.397,1,1
1646,20.3,46.9,631.0,20.44,-0.133,1,1
1647,23.41,38.5,404.0,23.22,0.125,0,4
1648,18.62,46.4,514.0,19.56,-0.368,1,2
1649,27.46,46.3,604.0,26.98,0.4,2,4
1650,24.24,60.4,1170.0,22.74,0.005,3,2
1651,19.66,63.8,869.0,19.46,-0.284,2,2
1652,19.93,49.6,533.0,19.21,-0.271,3,2
1653,20.32,38.9,512.0,20.47,-0.051,0,2
1654,27.0,64.1,1028.0,26.83,0.496,2,3
1655,26.72,42.7,698.0,28.02,0.558,2,1
1656,25.04,44.7,1123.0,25.34,0.32,2,0
1657,21.84,32.0,647.0,22.13,-0.002,1,2
1658,26.38,65.2,871.0,26.36,0.399,2,2
1659,24.76,50.5,775.0,25.29,0.326,2,4
1660,26.59,57.3,1052.0,27.05,0.638,1,3
1661,20.57,39.7,1128.0,20.36,-0.152,2,2
1662,27.81,53.0,923.0,28.26,0.681,2,2
1663,25.07,53.6,962.0,25.39,0.514,2,2
1664,23.26,40.3,1161.0,21.58,-0.026,2,1
1665,18.44,34.4,1105.0,18.98,-0.334,1,4
1666,18.73,64.7,971.0,18.82,-0.276,1,3
1667,27.21,49.9,668.0,26.69,0.506,2,0
1668,25.15,42.7,739.0,25.22,0.185,2,2
1669,23.5,35.1,1106.0,23.34,0.227,2,2
1670,27.03,49.3,810.0,27.55,0.524,2,2
1671,24.99,64.3,609.0,26.56,0.26,2,4
1672,25.3,39.8,528.0,26.19,0.324,3,2
1673,26.82,47.1,444.0,27.21,0.553,2,1
1674,20.38,50.6,1065.0,18.66,-0.37,2,2
1675,24.57,36.4,966.0,25.02,0.307,2,3
1676,23.42,53.3,607.0,23.15,0.203,2,2
1677,19.75,32.5,890.0,19.46,-0.579,2,2
1678,26.04,60.6,589.0,27.95,0.517,2,3
1679,27.72,45.9,1059.0,28.63,0.749,1,2
1680,26.69,32.5,855.0,27.42,0.494,2,1
1681,18.36,48.7,832.0,17.84,-0.382,2,2
1682,26.66,56.5,1064.0,26.46,0.308,2,2
1683,27.87,69.8,505.0,28.26,0.569,3,1
1684,22.36,56.2,1194.0,21.86,0.027,2,3
1685,25.88,59.7,928.0,26.29,0.361,2,1
1686,21.21,37.0,528.0,21.02,-0.123,2,2
1687,19.25,32.8,629.0,19.93,-0.122,2,2
1688,21.72,50.3,969.0,21.88,0.045,2,2
1689,26.31,49.8,1060.0,25.89,0.372,1,4
1690,25.71,62.6,1151.0,25.69,0.37,3,2
1691,18.84,59.8,649.0,18.73,-0.261,2,4
1692,25.77,39.3,1102.0,25.92,0.439,2,2
1693,27.24,49.0,894.0,26.57,0.376,2,2
1694,27.5,68.6,1141.0,27.82,0.625,0,2
1695,22.11,68.6,819.0,21.37,-0.089,1,3
1696,18.55,50.6,613.0,18.63,-0.471,1,2
1697,18.1,45.4,966.0,17.82,-0.537,2,4
1698,20.44,35.7,904.0,20.42,0.003,2,2
1699,19.95,37.5,606.0,19.52,-0.251,2,2
1700,27.97,64.3,823.0,28.77,0.674,2,3
1701,27.45,30.3,1068.0,28.54,0.695,1,0
1702,25.86,43.8,556.0,25.17,0.444,3,2
1703,20.77,40.6,606.0,21.53,-0.012,1,2
1704,18.41,59.4,510.0,17.67,-0.522,2,2
1705,21.22,30.4,719.0,21.01,-0.192,4,0
1706,26.24,32.9,794.0,25.84,0.398,2,0
1707,21.51,68.9,852.0,20.9,-0.045,2,3
1708,18.76,35.9,801.0,18.81,-0.348,3,0
1709,20.38,54.0,1104.0,19.46,-0.141,1,2
1710,22.27,49.3,1174.0,21.39,0.214,2,2
1711,24.8,31.8,829.0,25.12,0.311,0,2
1712,27.97,38.7,893.0,28.93,0.835,3,1
1713,27.4,36.8,1160.0,26.42,0.323,1,4
1714,23.77,50.1,742.0,24.83,0.365,3,2
1715,25.43,39.4,1155.0,26.19,0.468,0,4
1716,25.02,33.3,410.0,24.55,0.115,1,3
1717,25.33,44.0,837.0,23.33,0.083,3,1
1718,25.19,60.4,803.0,24.03,0.285,2,2
1719,18.69,34.1,638.0,19.1,-0.119,2,2
1720,27.11,39.7,436.0,26.74,0.309,2,2
1721,27.8,49.9,1041.0,29.46,0.71,2,1
1722,25.41,39.3,481.0,24.28,0.436,2,3
1723,22.23,62.2,765.0,21.65,-0.126,0,3
1724,26.22,30.6,760.0,26.58,0.692,2,3
1725,18.45,39.6,936.0,19.49,-0.297,4,4
1726,24.76,64.1,463.0,24.79,0.202,3,2
1727,24.46,53.8,421.0,24.92,0.365,2,3
1728,27.15,65.6,412.0,26.21,0.378,2,0
1729,18.85,69.7,795.0,17.57,-0.61,3,2
1730,19.18,46.2,502.0,20.13,-0.237,0,1
1731,25.32,42.2,638.0,25.97,0.418,2,2
1732,19.52,32.5,1141.0,19.03,-0.263,1,2
1733,26.88,39.0,1134.0,28.0,0.556,2,2
1734,18.37,69.9,459.0,20.07,-0.249,2,3
1735,19.44,57.0,529.0,18.35,-0.374,2,2
1736,27.62,61.2,1152.0,26.64,0.425,3,1
1737,22.18,48.4,1020.0,22.41,0.239,3,2
1738,22.24,49.6,722.0,22.51,-0.026,2,2
1739,18.89,69.4,476.0,18.9,-0.383,2,2
1740,27.24,66.9,815.0,27.14,0.265,3,3
1741,21.74,31.3,446.0,21.82,0.071,2,3
1742,18.53,43.2,1037.0,19.17,-0.18,2,2
1743,27.63,68.7,929.0,27.92,0.548,2,2
1744,25.08,39.6,1112.0,26.47,0.667,3,3
1745,20.0,48.6,478.0,20.53,-0.127,2,1
1746,18.09,41.8,806.0,18.15,-0.353,2,2
1747,25.46,48.9,697.0,25.37,0.552,2,2
1748,22.5,64.1,485.0,21.5,0.006,4,2
1749,24.5,52.5,414.0,25.23,0.179,3,2
1750,21.77,39.1,717.0,21.06,0.087,3,2
1751,26.58,47.3,471.0,26.04,0.507,1,3
1752,20.91,37.1,987.0,20.61,-0.342,4,0
1753,23.1,31.2,1008.0,23.56,0.07,3,2
1754,20.26,42.8,858.0,20.28,-0.226,2,2
1755,25.54,43.1,602.0,26.42,0.471,3,2
1756,22.25,48.2,517.0,22.78,0.121,2,2
1757,27.57,40.0,826.0,28.96,0.635,2,2
1758,20.04,61.3,1130.0,18.92,-0.216,0,0
1759,18.23,62.3,1190.0,17.83,-0.389,2,4
1760,19.56,67.4,804.0,19.29,-0.315,3,2
1761,25.79,54.6,763.0,25.5,0.302,2,2
1762,26.08,56.3,595.0,26.39,0.465,1,2
1763,18.72,32.9,541.0,18.21,-0.338,3,2
1764,20.06,55.0,1177.0,19.63,-0.19,1,2
1765,18.81,53.2,955.0,18.46,-0.491,2,1
1766,26.06,37.8,730.0,25.55,0.216,2,2
1767,22.47,32.3,572.0,21.84,-0.12,1,3
1768,25.45,31.2,1029.0,25.31,0.406,2,2
1769,24.71,66.1,819.0,26.24,0.224,2,2
1770,27.42,50.1,883.0,25.97,0.465,2,2
1771,24.86,41.4,913.0,24.63,0.26,0,3
1772,19.33,63.1,783.0,19.91,-0.03,2,2
1773,20.81,46.9,508.0,21.47,-0.102,1,3
1774,27.85,42.3,655.0,28.05,0.629,2,4
1775,23.09,64.8,873.0,23.2,0.154,2,2
1776,21.71,33.8,921.0,22.63,0.105,2,1
1777,26.53,44.6,1055.0,26.53,0.271,2,2
1778,24.07,58.0,718.0,25.06,0.206,2,4
1779,27.4,33.4,755.0,27.44,0.427,3,3
1780,25.57,40.2,846.0,25.58,0.379,2,3
1781,20.83,57.8,463.0,21.51,0.149,2,1
1782,27.28,59.8,600.0,28.28,0.656,2,3
1783,22.48,34.2,996.0,23.77,0.051,2,3
1784,19.28,30.5,672.0,19.96,-0.235,2,2
1785,20.45,44.4,852.0,21.01,0.038,1,2
1786,23.54,46.5,745.0,24.25,0.233,3,2
1787,22.08,34.9,762.0,22.19,0.115,2,2
1788,19.77,62.8,941.0,19.7,-0.16,2,3
1789,21.88,60.7,562.0,22.09,-0.006,2,1
1790,24.46,69.2,1037.0,22.3,0.018,3,2
1791,19.53,51.8,717.0,19.59,-0.222,2,4
1792,27.11,38.3,1008.0,26.41,0.274,1,3
1793,24.43,67.6,850.0,24.58,0.285,2,2
1794,24.9,40.7,442.0,24.84,0.237,3,2
1795,27.18,55.9,410.0,27.28,0.276,1,3
1796,26.89,46.0,421.0,25.82,0.34,2,2
1797,20.28,44.0,1157.0,19.15,-0.384,2,2
1798,22.01,65.3,499.0,21.43,0.003,2,2
1799,21.38,50.7,430.0,22.13,-0.048,2,3
1800,25.63,30.2,1188.0,23.36,0.282,3,3
1801,21.61,65.5,833.0,21.5,-0.181,0,2
1802,23.38,31.2,408.0,24.02,0.123,2,3
1803,21.78,36.5,707.0,21.46,0.0,2,3
1804,22.91,43.6,775.0,21.85,-0.05,2,1
1805,26.87,59.7,809.0,26.81,0.555,2,2
1806,26.13,61.3,633.0,26.13,0.422,2,2
1807,22.05,57.7,932.0,21.55,0.064,2,2
1808,24.99,49.6,684.0,25.71,0.34,2,2
1809,25.7,51.7,1031.0,25.5,0.405,1,1
1810,19.85,42.4,682.0,20.49,-0.283,3,2
1811,24.9,34.7,1161.0,25.52,0.525,2,3
1812,26.98,35.4,700.0,28.13,0.56,2,2
1813,27.07,54.5,1002.0,27.75,0.576,2,2
1814,21.54,35.5,831.0,21.39,0.258,3,1
1815,25.33,34.3,655.0,25.75,0.471,3,1
1816,20.6,49.7,424.0,21.24,0.088,1,2
1817,18.73,51.5,1021.0,18.76,-0.185,2,3
1818,21.1,48.8,444.0,22.27,0.07,2,4
1819,18.72,66.0,613.0,19.95,-0.299,3,1
1820,20.62,68.5,507.0,20.42,-0.298,2,3
1821,26.39,58.5,737.0,27.02,0.415,2,2
1822,26.43,52.1,659.0,26.05,0.284,3,1
1823,20.42,67.8,1161.0,21.11,-0.205,3,2
1824,20.6,46.4,656.0,19.97,-0.281,2,2
1825,18.48,41.2,636.0,18.29,-0.276,4,2
1826,24.56,47.0,861.0,26.14,0.362,2,3
1827,26.4,46.3,723.0,26.18,0.371,0,2
1828,21.74,64.2,867.0,21.42,-0.315,4,2
1829,24.72,59.2,985.0,24.75,0.305,2,3
1830,19.69,36.1,1053.0,19.26,-0.253,2,2
1831,24.85,66.5,897.0,24.99,0.44,3,2
1832,26.22,45.8,1050.0,25.58,0.374,3,2
1833,26.48,57.2,649.0,26.62,0.469,2,2
1834,20.88,57.5,884.0,21.38,-0.01,2,3
1835,21.68,50.8,702.0,21.71,-0.148,2,2
1836,23.88,56.5,1018.0,23.72,0.283,3,2
1837,27.6,38.6,564.0,27.09,0.442,2,3
1838,24.81,44.3,751.0,25.32,0.326,2,3
1839,25.89,69.4,1136.0,26.13,0.211,2,2
1840,18.59,47.1,930.0,18.39,-0.47,3,2
1841,21.51,36.6,790.0,22.02,0.114,1,0
1842,26.14,49.9,1198.0,27.1,0.309,3,4
1843,22.49,49.8,1153.0,23.88,0.128,2,2
1844,23.18,44.6,871.0,23.52,0.137,2,2
1845,20.89,47.2,905.0,20.79,-0.096,0,2
1846,20.51,39.4,624.0,20.77,-0.031,2,2
1847,20.48,41.0,518.0,20.73,-0.171,1,2
1848,18.85,51.0,1063.0,19.18,-0.293,3,1
1849,18.35,57.4,1114.0,18.93,-0.187,2,2
1850,24.39,39.0,868.0,24.95,0.276,2,4
1851,21.47,55.0,543.0,21.91,-0.159,2,2
1852,18.76,45.7,560.0,19.35,-0.288,3,3
1853,19.0,33.3,650.0,19.85,-0.441,4,2
1854,24.7,41.5,432.0,24.75,0.312,4,2
1855,25.34,61.3,451.0,24.88,0.22,0,2
1856,19.01,33.5,1010.0,18.16,-0.421,2,2
1857,20.26,47.2,594.0,19.23,-0.281,2,4
1858,25.96,59.7,1200.0,25.43,0.381,2,1
1859,26.03,64.9,893.0,27.97,0.54,2,3
1860,19.44,39.5,709.0,19.49,-0.256,2,2
1861,25.21,39.4,1085.0,25.46,0.339,3,0
1862,27.72,34.5,1086.0,26.98,0.34,2,2
1863,18.77,68.3,955.0,20.5,-0.263,2,2
1864,18.91,58.6,896.0,18.65,-0.385,2,4
1865,26.91,48.1,1024.0,27.97,0.678,2,2
1866,25.15,56.6,1035.0,25.22,0.305,3,2
1867,18.88,57.1,931.0,19.36,-0.398,0,2
1868,19.95,51.0,985.0,20.31,-0.318,1,2
1869,18.22,44.2,717.0,18.51,-0.331,1,1
1870,23.81,33.0,625.0,24.15,0.274,1,2
1871,18.37,60.0,931.0,18.27,-0.48,2,2
1872,21.15,49.6,1111.0,21.07,-0.108,3,2
1873,26.13,53.4,757.0,26.54,0.569,0,3
1874,21.16,31.4,860.0,22.64,0.181,2,3
1875,20.4,40.7,965.0,20.34,-0.189,2,2
1876,22.03,54.8,503.0,22.07,0.007,4,2
1877,18.45,36.8,920.0,18.3,-0.324,2,2
1878,19.76,33.7,906.0,20.16,-0.221,1,2
1879,20.54,49.3,1115.0,20.43,-0.155,2,2
1880,27.4,69.4,642.0,27.18,0.507,2,3
1881,24.91,53.6,664.0,23.94,0.243,2,2
1882,27.0,68.2,1085.0,26.63,0.419,2,2
1883,25.35,36.0,1174.0,25.76,0.259,2,2
1884,27.51,30.8,1023.0,28.61,0.588,2,2
1885,21.01,53.5,534.0,21.82,0.111,2,2
1886,23.74,32.4,503.0,24.6,0.341,3,0
1887,19.81,51.6,582.0,19.71,-0.317,3,2
1888,23.17,36.0,597.0,22.9,0.001,3,1
1889,18.96,32.5,748.0,18.36,-0.327,2,3
1890,20.25,51.8,1173.0,21.39,-0.106,1,2
1891,22.85,56.7,673.0,23.78,0.197,3,3
1892,21.71,49.0,1077.0,21.16,-0.042,3,0
1893,24.47,62.7,416.0,23.92,0.244,1,2
1894,18.64,40.7,973.0,19.44,-0.208,1,2
1895,18.88,36.2,520.0,19.04,-0.427,2,0
1896,27.08,66.5,620.0,28.41,0.77,2,2
1897,23.78,33.8,835.0,24.26,0.185,2,2
1898,23.29,36.9,667.0,23.12,0.138,4,2
1899,23.47,33.3,557.0,23.19,0.331,4,2
1900,26.27,30.8,1001.0,25.68,0.413,1,2
1901,22.03,55.0,849.0,24.08,0.282,0,2
1902,26.33,53.4,769.0,23.89,0.256,2,2
1903,21.93,36.4,922.0,21.21,-0.089,2,2
1904,18.35,50.6,476.0,18.1,-0.369,2,2
1905,24.12,36.5,576.0,24.94,0.253,2,3
1906,21.35,60.5,589.0,21.43,-0.069,2,2
1907,27.85,45.9,1095.0,28.39,0.506,2,3
1908,18.98,42.4,944.0,19.52,-0.256,1,2
1909,21.94,40.4,1096.0,22.38,0.183,2,2
1910,26.41,53.2,946.0,25.6,0.204,2,0
1911,26.13,67.6,869.0,26.64,0.25,1,2
1912,22.83,58.1,436.0,21.66,0.027,3,4
1913,20.02,40.1,1181.0,20.16,-0.138,3,3
1914,27.25,53.4,598.0,26.24,0.677,0,2
1915,21.07,34.5,737.0,20.33,-0.273,2,1
1916,19.89,47.3,1013.0,19.53,-0.025,2,3
1917,24.5,49.4,420.0,24.9,0.177,3,2
1918,24.17,32.1,819.0,23.11,0.056,2,2
1919,23.36,55.3,1178.0,22.8,0.125,3,2
1920,19.78,50.0,450.0,19.84,-0.188,2,2
1921,27.16,65.9,783.0,26.41,0.524,4,2
1922,22.06,61.7,971.0,22.1,-0.039,2,2
1923,25.07,65.6,413.0,25.13,0.321,1,2
1924,19.09,69.9,1153.0,18.98,-0.337,1,3
1925,27.41,60.6,735.0,27.67,0.692,2,3
1926,18.24,48.4,871.0,18.98,-0.264,4,2
1927,20.17,57.7,863.0,19.88,-0.163,2,2
1928,27.16,62.2,925.0,27.17,0.673,4,2
1929,25.68,37.1,486.0,26.42,0.423,2,1
1930,26.29,69.9,1131.0,26.15,0.362,2,2
1931,27.55,39.4,540.0,28.35,0.619,2,2
1932,26.95,39.3,965.0,27.28,0.608,2,0
1933,21.9,46.6,1105.0,24.06,0.275,2,2
1934,23.5,60.1,1066.0,23.76,0.121,2,2
1935,25.54,57.6,512.0,24.56,0.19,3,3
1936,26.17,30.1,470.0,24.44,0.277,2,2
1937,20.27,50.3,597.0,21.06,-0.218,4,2
1938,20.72,69.4,1084.0,19.33,-0.196,1,2
1939,25.06,42.6,993.0,24.37,0.09,3,4
1940,23.7,61.1,1081.0,25.15,0.149,1,2
1941,24.69,63.7,1025.0,25.52,0.214,2,2
1942,24.57,54.5,844.0,24.64,0.313,3,2
1943,23.17,33.9,876.0,23.12,-0.029,3,2
1944,24.2,65.0,1149.0,23.86,0.09,4,1
1945,18.22,48.8,886.0,18.13,-0.347,2,2
1946,22.38,35.8,915.0,22.11,0.07,4,3
1947,22.67,62.6,631.0,24.18,0.25,3,1
1948,27.41,44.9,830.0,26.8,0.405,2,2
1949,20.3,48.2,648.0,20.11,-0.333,2,2
1950,27.56,44.0,1188.0,26.97,0.552,3,3
1951,22.19,66.8,771.0,21.23,-0.038,2,2
1952,18.67,35.4,659.0,16.26,-0.522,4,2
1953,26.78,39.5,587.0,26.95,0.57,3,2
1954,22.76,55.9,1060.0,23.08,0.168,2,2
1955,26.67,55.6,963.0,25.3,0.283,2,2
1956,24.77,58.4,937.0,24.98,0.493,2,2
1957,25.46,46.4,1054.0,26.02,0.505,2,2
1958,26.41,35.2,580.0,27.09,0.618,4,2
1959,20.62,30.6,602.0,20.8,0.129,1,2
1960,21.11,50.1,968.0,21.49,-0.138,0,2
1961,23.56,37.7,640.0,24.58,0.26,2,4
1962,23.9,46.9,1015.0,23.5,0.144,3,3
1963,20.35,47.1,1184.0,19.51,-0.346,3,2
1964,24.74,57.3,650.0,24.88,0.164,3,3
1965,23.53,46.5,865.0,23.42,-0.05,1,2
1966,27.43,44.6,888.0,27.72,0.7,0,2
1967,19.92,51.0,983.0,21.02,-0.077,2,2
1968,26.8,58.1,706.0,27.65,0.476,2,2
1969,24.1,60.7,642.0,24.68,0.374,2,2
1970,19.01,54.0,1195.0,19.06,-0.224,2,2
1971,18.73,43.7,638.0,18.84,-0.409,2,2
1972,19.47,60.4,1028.0,17.54,-0.508,0,1
1973,23.7,69.9,532.0,25.29,0.302,2,2
1974,22.59,32.1,1158.0,21.47,0.04,2,4
1975,22.68,49.7,952.0,21.63,-0.062,1,1
1976,22.42,30.6,920.0,22.99,-0.145,2,2
1977,26.36,34.6,873.0,26.42,0.344,3,1
1978,27.7,44.5,471.0,27.17,0.571,2,2
1979,27.97,33.1,495.0,27.35,0.324,1,2
1980,26.55,56.6,845.0,25.86,0.309,2,1
1981,18.71,40.0,878.0,19.12,-0.126,2,0
1982,23.3,59.7,468.0,24.22,0.264,2,2
1983,25.33,63.9,1124.0,24.76,0.252,2,0
1984,23.69,49.2,496.0,23.88,0.22,2,2
1985,23.34,40.7,881.0,22.63,0.08,1,2
1986,26.13,36.2,859.0,26.98,0.42,2,3
1987,18.81,38.2,423.0,19.19,-0.319,3,3
1988,22.62,35.2,1131.0,22.86,0.037,1,2
1989,23.59,56.1,434.0,24.27,0.145,2,2
1990,22.45,65.5,467.0,21.8,-0.042,3,2
1991,20.74,69.7,912.0,20.94,-0.002,2,2
1992,27.58,33.9,548.0,28.09,0.564,2,4
1993,23.99,58.9,460.0,24.81,0.333,2,4
1994,27.55,64.0,565.0,26.73,0.47,0,2
1995,22.56,47.4,976.0,21.4,-0.049,1,2
1996,19.07,30.5,1179.0,18.45,-0.422,2,2
1997,19.12,36.7,1174.0,20.34,-0.206,2,2
1998,24.88,42.3,1108.0,23.81,0.163,3,2
1999,23.54,48.9,462.0,23.36,0.143,2,4
2000,26.02,52.9,651.0,25.83,0.304,3,2
2001,20.39,41.3,560.0,19.99,-0.089,3,3
2002,23.61,60.4,842.0,23.68,0.24,0,2
2003,24.47,63.6,530.0,24.12,0.098,1,2
2004,19.19,49.7,472.0,20.32,-0.086,2,2
2005,19.05,55.2,830.0,19.05,-0.189,4,3
2006,25.48,51.0,864.0,26.26,0.485,2,2
2007,24.85,36.7,919.0,23.71,0.098,2,2
2008,24.78,55.8,938.0,25.45,0.253,2,2
2009,24.44,68.6,754.0,25.93,0.359,2,2
2010,18.93,55.2,1012.0,18.62,-0.358,2,3
2011,23.31,42.3,405.0,24.4,0.083,1,2
2012,21.17,31.8,1000.0,21.06,-0.2,2,0
2013,27.06,36.8,1129.0,28.09,0.642,2,2
2014,18.64,35.9,1179.0,19.28,-0.25,2,2
2015,18.17,65.3,533.0,18.72,-0.385,2,2
2016,22.48,57.8,1019.0,21.05,-0.268,4,2
2017,19.74,42.2,640.0,19.8,-0.152,1,2
2018,25.71,53.6,1027.0,25.55,0.33,2,2
2019,27.1,41.0,835.0,27.54,0.64,1,1
2020,25.42,45.6,1174.0,25.89,0.406,2,2
2021,19.9,52.9,436.0,19.39,-0.292,1,3
2022,25.4,46.3,935.0,24.93,0.407,2,2
2023,26.6,39.9,576.0,26.14,0.298,2,2
2024,18.35,63.8,1005.0,17.04,-0.296,2,2
2025,19.12,56.0,1100.0,20.29,-0.147,1,3
2026,19.93,38.9,674.0,19.3,-0.305,2,3
2027,21.69,37.0,1120.0,20.51,-0.123,3,4
2028,20.33,52.1,430.0,20.99,-0.132,2,2
2029,24.46,65.6,948.0,25.01,0.261,2,2
2030,19.66,38.0,514.0,19.37,-0.143,3,2
2031,21.52,45.4,687.0,21.14,0.054,2,2
2032,24.56,38.4,792.0,25.29,0.522,2,4
2033,20.0,30.9,640.0,21.1,-0.141,1,3
2034,18.45,55.2,1144.0,18.16,-0.681,2,2
2035,20.76,32.7,484.0,20.6,-0.04,3,2
2036,20.61,38.8,437.0,21.08,-0.083,2,3
2037,20.23,32.8,1032.0,20.11,-0.27,2,2
2038,18.09,39.9,724.0,19.54,-0.197,3,1
2039,22.33,62.7,1152.0,22.34,-0.023,3,2
2040,25.42,39.5,441.0,24.08,0.225,0,3
2041,22.84,41.4,638.0,22.81,0.014,4,3
2042,20.82,60.5,601.0,21.39,0.011,2,1
2043,20.32,59.6,752.0,19.21,-0.443,1,2
2044,19.48,62.6,782.0,19.9,-0.078,3,4
2045,25.98,32.2,567.0,26.14,0.314,2,4
2046,19.04,53.1,466.0,20.14,-0.053,1,2
2047,25.45,42.2,519.0,27.2,0.554,2,2
2048,20.03,32.0,1095.0,19.71,-0.255,1,3
2049,18.11,62.2,1058.0,18.29,-0.288,3,3
2050,22.02,38.7,893.0,23.28,0.211,2,3
2051,24.78,45.6,835.0,25.41,0.346,2,2
2052,18.1,61.5,871.0,18.05,-0.507,2,2
2053,18.44,51.2,570.0,16.94,-0.602,2,2
2054,18.78,64.5,498.0,19.46,-0.37,4,2
2055,18.79,32.1,688.0,17.67,-0.48,2,2
2056,21.82,38.7,508.0,22.89,0.085,3,2
2057,21.41,43.5,516.0,22.34,-0.043,2,2
2058,19.1,30.5,699.0,19.87,-0.211,2,3
2059,20.22,67.3,1110.0,21.01,-0.128,2,2
2060,23.03,35.3,531.0,23.2,0.208,0,3
2061,21.81,35.0,606.0,21.35,-0.002,2,1
2062,26.9,33.0,589.0,27.28,0.518,3,2
2063,19.57,30.2,688.0,19.91,-0.226,2,3
2064,21.19,44.1,661.0,21.3,0.028,2,3
2065,21.9,35.8,557.0,21.8,-0.04,2,2
2066,22.02,63.3,838.0,21.85,0.001,0,2
2067,18.76,51.4,1090.0,18.5,-0.256,4,2
2068,23.9,46.0,1183.0,23.07,0.374,4,3
2069,25.14,64.1,533.0,24.83,0.201,2,2
2070,25.27,50.7,583.0,26.02,0.31,2,3
2071,20.12,41.4,856.0,19.72,-0.029,2,2
2072,19.77,41.3,709.0,19.73,-0.367,2,2
2073,25.36,44.6,915.0,25.07,0.341,2,2
2074,26.31,42.0,401.0,27.14,0.484,2,2
2075,20.23,45.8,988.0,20.77,-0.171,2,3
2076,25.38,31.2,858.0,24.06,0.156,2,2
2077,25.05,46.4,556.0,25.07,0.326,3,0
2078,20.51,42.3,465.0,21.08,-0.193,3,2
2079,18.77,48.4,901.0,18.88,-0.127,2,3
2080,22.66,32.6,624.0,24.43,0.236,3,3
2081,23.31,55.6,502.0,22.36,0.062,3,2
2082,23.3,60.8,1162.0,21.33,-0.082,3,2
2083,22.76,40.2,596.0,23.24,0.126,3,2
2084,19.47,33.8,460.0,19.99,-0.09,2,2
2085,26.57,30.3,548.0,25.78,0.485,2,4
2086,18.23,33.2,656.0,17.83,-0.333,3,2
2087,18.29,53.5,763.0,19.38,-0.382,2,2
2088,19.92,41.3,683.0,19.69,-0.273,2,2
2089,25.65,62.0,1028.0,24.48,0.367,3,2
2090,27.15,66.1,1142.0,27.04,0.484,2,2
2091,23.09,35.5,690.0,24.56,0.364,0,1
2092,21.98,32.0,1189.0,21.54,0.021,4,2
2093,19.58,52.4,1137.0,20.4,-0.433,2,3
2094,26.7,59.0,869.0,27.32,0.765,2,2
2095,18.31,49.1,704.0,17.93,-0.46,2,2
2096,26.45,45.3,758.0,26.67,0.445,4,0
2097,22.98,56.0,813.0,23.41,0.171,1,2
2098,23.16,55.4,818.0,24.06,0.171,3,4
2099,23.58,58.1,726.0,24.87,0.374,2,2
2100,26.19,59.0,1004.0,25.07,0.221,2,1
2101,27.29,48.5,1197.0,26.66,0.421,2,3
2102,27.05,56.6,475.0,26.8,0.512,3,1
2103,23.64,62.6,758.0,24.8,0.233,2,1
2104,18.27,48.0,953.0,16.74,-0.477,3,2
2105,18.71,49.6,755.0,19.5,-0.142,2,2
2106,24.61,34.6,537.0,25.57,0.298,1,1
2107,25.73,59.6,818.0,25.12,0.278,2,2
2108,19.08,31.3,742.0,19.08,-0.371,2,2
2109,18.79,69.0,1190.0,19.29,-0.096,2,1
2110,19.48,66.2,1017.0,18.34,-0.507,2,2
2111,23.4,37.3,955.0,22.94,0.149,2,2
2112,27.36,69.4,1132.0,27.19,0.569,2,2
2113,22.61,37.4,1116.0,22.37,0.081,2,2
2114,25.16,63.2,980.0,25.2,0.291,2,2
2115,18.11,44.3,587.0,17.43,-0.436,3,2
2116,25.25,56.8,865.0,25.88,0.455,2,1
2117,21.99,42.6,555.0,22.51,0.046,4,2
2118,22.88,35.9,582.0,23.57,0.185,2,2
2119,24.76,57.4,1034.0,24.43,0.302,2,2
2120,27.59,34.0,773.0,27.07,0.488,2,2
2121,21.7,63.3,1142.0,21.91,0.057,2,1
2122,20.27,56.4,984.0,20.66,-0.05,2,1
2123,25.47,46.8,1125.0,25.65,0.296,2,3
2124,19.56,57.0,489.0,19.91,-0.294,3,2
2125,19.26,43.3,1143.0,20.3,-0.234,2,2
2126,22.02,49.0,604.0,22.74,0.276,2,2
2127,23.38,52.6,1025.0,23.19,0.129,2,2
2128,24.67,30.7,726.0,25.58,0.245,2,2
2129,18.26,43.7,1117.0,18.58,-0.318,2,1
2130,19.22,48.4,611.0,19.94,-0.131,2,2
2131,19.37,61.3,524.0,18.18,-0.576,3,0
2132,27.83,51.1,746.0,27.15,0.399,2,2
2133,25.23,59.2,807.0,24.82,0.199,1,2
2134,24.27,52.0,1164.0,25.25,0.253,0,3
2135,19.2,47.8,1117.0,19.37,-0.247,2,2
2136,26.87,46.1,1108.0,27.78,0.658,3,2
2137,25.66,32.6,791.0,26.66,0.371,3,3
2138,19.61,60.3,513.0,19.83,-0.233,2,4
2139,21.8,40.7,705.0,19.72,-0.311,2,2
2140,26.45,31.2,710.0,25.87,0.381,2,3
2141,25.23,58.2,569.0,26.5,0.519,3,1
2142,24.65,69.9,647.0,24.78,0.35,2,2
2143,24.87,61.6,546.0,24.58,0.256,0,2
2144,19.21,45.9,1040.0,18.87,-0.267,2,2
2145,22.55,48.2,1158.0,23.55,0.052,3,3
2146,23.08,67.7,462.0,24.02,0.211,1,1
2147,26.85,56.3,760.0,26.34,0.312,2,3
2148,26.62,57.1,832.0,25.69,0.36,1,1
2149,18.96,44.7,534.0,16.89,-0.553,1,1
2150,18.64,44.6,643.0,18.27,-0.564,3,3
2151,20.9,49.9,725.0,20.58,0.032,2,2
2152,21.0,38.0,717.0,21.42,-0.129,0,1
2153,18.44,61.5,1145.0,19.18,-0.411,4,2
2154,26.31,56.3,589.0,25.69,0.444,2,1
2155,25.91,59.1,1193.0,26.09,0.551,2,3
2156,25.07,32.5,1131.0,24.41,0.309,0,2
2157,25.59,36.2,922.0,25.36,0.222,2,2
2158,19.43,32.3,598.0,19.2,-0.281,2,2
2159,26.55,56.4,763.0,26.93,0.445,2,2
2160,25.56,66.6,1152.0,26.1,0.53,3,2
2161,27.45,41.8,713.0,26.86,0.547,2,3
2162,25.42,33.8,1040.0,26.06,0.387,2,3
2163,18.23,56.2,779.0,19.8,-0.108,2,3
2164,23.48,47.2,966.0,23.24,0.094,2,2
2165,27.41,57.3,735.0,26.39,0.321,2,1
2166,21.08,53.4,525.0,21.59,-0.049,1,2
2167,25.62,55.7,441.0,26.84,0.379,2,1
2168,27.66,66.6,678.0,27.93,0.645,2,2
2169,23.54,42.9,1015.0,24.22,0.211,2,4
2170,18.25,46.7,569.0,19.08,-0.255,0,2
2171,23.31,37.8,760.0,22.76,0.067,2,4
2172,23.24,61.6,1121.0,23.7,-0.006,3,3
2173,18.9,49.8,838.0,18.64,-0.164,2,2
2174,23.75,33.2,1105.0,24.04,0.142,2,2
2175,21.57,31.8,858.0,21.28,-0.012,2,1
2176,20.83,33.4,1130.0,21.44,-0.031,2,2
2177,22.32,57.0,963.0,22.25,-0.11,2,2
2178,25.11,40.3,1026.0,24.33,0.138,2,3
2179,25.46,30.6,577.0,24.29,0.194,2,2
2180,18.63,61.0,719.0,19.08,-0.343,2,2
2181,23.74,43.4,586.0,23.74,0.182,2,2
2182,22.4,56.6,1053.0,21.84,0.032,2,0
2183,18.93,67.0,937.0,19.24,-0.308,1,0
2184,23.06,64.0,506.0,23.13,0.029,2,3
2185,27.23,40.4,746.0,27.65,0.523,2,3
2186,26.51,51.9,872.0,26.46,0.576,2,2
2187,22.57,69.0,744.0,22.99,0.096,2,2
2188,25.04,37.8,891.0,27.09,0.525,3,3
2189,27.38,34.4,1053.0,28.13,0.658,1,2
2190,24.98,59.3,1196.0,25.56,0.292,2,2
2191,21.0,50.9,467.0,20.85,-0.046,1,2
2192,20.44,67.7,699.0,21.35,-0.062,2,2
2193,19.06,66.7,993.0,18.62,-0.341,3,2
2194,21.34,41.3,818.0,22.91,0.213,2,2
2195,18.85,66.4,979.0,19.36,-0.349,2,2
2196,24.17,38.3,1037.0,24.76,0.151,4,1
2197,27.3,33.2,426.0,27.39,0.597,3,2
2198,18.74,34.7,1110.0,18.43,-0.34,2,2
2199,26.26,46.8,814.0,26.37,0.441,3,1
2200,20.39,42.9,765.0,21.12,-0.164,2,1
2201,26.86,58.8,425.0,25.19,0.183,2,2
2202,22.42,52.5,1137.0,22.37,0.156,2,2
2203,24.56,66.0,734.0,24.5,0.222,2,3
2204,19.72,54.1,738.0,19.16,-0.297,2,2
2205,26.16,37.3,416.0,25.64,0.417,2,3
2206,26.1,57.0,1120.0,26.32,0.42,2,2
2207,26.65,38.8,930.0,25.66,0.263,3,3
2208,21.51,63.8,1070.0,22.84,0.021,1,1
2209,27.64,54.5,549.0,26.38,0.319,2,3
2210,22.77,68.7,992.0,22.79,0.057,3,3
2211,25.95,53.1,1156.0,24.71,0.172,1,3
2212,20.26,35.3,659.0,20.09,-0.272,2,1
2213,18.67,51.0,485.0,17.51,-0.37,2,1
2214,19.08,64.8,546.0,18.97,-0.291,2,2
2215,19.81,35.7,1155.0,19.15,-0.449,3,2
2216,23.15,56.5,976.0,22.56,0.111,1,2
2217,18.01,48.5,648.0,20.1,-0.078,2,4
2218,18.82,50.8,1144.0,17.04,-0.593,2,0
2219,22.36,42.4,975.0,22.07,-0.14,2,2
2220,23.11,69.9,1159.0,23.6,0.122,3,2
2221,24.89,54.0,711.0,25.51,0.298,2,2
2222,25.28,39.9,538.0,26.04,0.433,2,2
2223,22.49,57.5,917.0,23.52,0.241,1,2
2224,24.24,55.3,892.0,24.85,0.423,2,3
2225,24.13,58.3,448.0,23.25,0.233,2,1
2226,22.96,40.2,908.0,24.0,0.245,2,3
2227,23.54,46.5,549.0,24.55,0.31,4,2
2228,23.05,38.8,823.0,22.6,-0.053,3,0
2229,25.14,46.0,430.0,27.2,0.483,4,2
2230,27.63,31.9,870.0,27.88,0.531,2,2
2231,23.28,32.1,1054.0,24.45,0.104,3,2
2232,21.05,66.3,729.0,19.86,-0.289,3,3
2233,22.97,58.0,979.0,22.27,-0.018,3,2
2234,21.33,39.8,582.0,20.69,0.106,2,2
2235,23.72,69.2,492.0,22.04,-0.025,1,2
2236,23.87,48.1,475.0,24.49,0.196,2,3
2237,19.27,39.8,845.0,18.38,-0.371,2,2
2238,20.33,63.8,1103.0,19.3,-0.217,2,2
2239,22.72,66.5,780.0,22.74,0.054,2,3
2240,26.52,35.5,511.0,26.77,0.466,2,2
2241,22.78,46.0,1156.0,21.48,-0.058,2,2
2242,20.66,30.8,544.0,18.58,-0.378,4,2
2243,25.94,59.4,725.0,25.51,0.422,1,2
2244,20.95,61.5,757.0,22.67,0.026,3,3
2245,19.85,32.8,1138.0,18.59,-0.274,4,2
2246,18.27,46.6,804.0,17.55,-0.372,2,2
2247,21.41,51.9,467.0,22.36,0.08,2,2
2248,22.53,41.6,1162.0,22.91,0.13,3,2
2249,26.38,31.9,712.0,26.38,0.215,2,2
2250,21.91,68.4,1131.0,22.39,-0.038,2,3
2251,18.11,38.6,1014.0,17.48,-0.279,2,1
2252,20.83,43.9,474.0,21.83,-0.034,2,2
2253,20.93,64.2,627.0,20.4,-0.296,2,2
2254,23.54,39.7,861.0,24.57,0.407,3,2
2255,25.97,56.4,544.0,26.13,0.407,2,4
2256,25.74,63.7,474.0,26.01,0.401,3,2
2257,26.77,45.5,697.0,27.43,0.492,3,3
2258,22.62,51.0,993.0,21.05,-0.177,3,2
2259,18.28,44.4,650.0,17.59,-0.493,3,2
2260,24.54,63.5,608.0,24.1,0.247,3,2
2261,23.17,41.0,1104.0,22.43,-0.036,2,2
2262,27.74,47.2,968.0,27.43,0.551,0,4
2263,26.11,61.1,552.0,25.71,0.357,2,2
2264,18.21,45.7,1178.0,18.46,-0.393,2,2
2265,23.99,52.2,800.0,23.36,0.029,2,2
2266,20.58,64.3,813.0,19.78,-0.17,2,2
2267,26.05,31.6,626.0,26.41,0.464,2,1
2268,20.6,44.8,531.0,19.44,-0.491,2,3
2269,18.38,69.0,899.0,18.31,-0.37,0,2
2270,21.88,61.0,960.0,22.11,0.087,2,2
2271,18.21,32.2,957.0,17.56,-0.422,2,1
2272,21.23,58.1,728.0,20.61,-0.175,2,2
2273,18.94,61.1,1054.0,18.25,-0.353,2,3
2274,25.55,30.4,418.0,27.04,0.593,3,2
2275,19.87,31.7,1020.0,21.54,-0.014,2,2
2276,20.39,44.7,555.0,20.9,-0.435,2,3
2277,27.9,66.3,872.0,26.78,0.426,2,2
2278,23.45,50.6,1042.0,24.27,0.278,2,2
2279,18.15,51.3,674.0,17.53,-0.567,2,1
2280,25.85,69.9,526.0,25.72,0.486,2,1
2281,19.77,56.9,569.0,19.07,-0.307,1,1
2282,26.8,37.4,981.0,26.47,0.416,2,2
2283,24.67,32.1,1162.0,23.8,0.246,2,2
2284,21.95,65.0,757.0,20.8,-0.27,3,2
2285,18.24,36.3,948.0,17.43,-0.544,3,3
2286,21.5,41.6,941.0,21.74,-0.012,2,2
2287,22.29,51.9,1010.0,21.7,-0.068,2,3
2288,19.55,39.3,1055.0,19.93,-0.345,1,2
2289,25.1,62.0,938.0,24.51,0.296,4,1
2290,19.08,33.4,502.0,17.67,-0.581,3,1
2291,20.8,37.1,476.0,20.35,-0.042,2,2
2292,21.81,51.5,1188.0,22.44,0.197,0,2
2293,25.86,57.5,806.0,25.25,0.345,2,2
2294,24.53,40.8,1078.0,23.42,0.319,3,2
2295,27.27,37.7,763.0,26.81,0.506,2,3
2296,25.5,67.8,985.0,25.1,0.202,3,1
2297,24.35,39.4,645.0,24.96,0.292,2,2
2298,22.08,35.0,1011.0,23.69,0.164,3,1
2299,18.56,44.9,1019.0,18.11,-0.507,2,1
2300,24.0,52.0,1173.0,24.4,0.237,2,2
2301,27.91,62.7,553.0,26.35,0.269,1,1
2302,20.19,42.9,649.0,20.41,-0.11,2,2
2303,18.04,57.5,516.0,17.21,-0.492,1,2
2304,25.26,50.3,1155.0,24.16,0.226,1,3
2305,23.74,35.8,720.0,23.43,-0.004,3,2
2306,26.61,41.2,1194.0,25.58,0.412,1,2
2307,21.37,36.8,519.0,21.47,-0.158,2,3
2308,25.15,55.3,561.0,26.81,0.564,2,3
2309,23.9,31.3,1113.0,24.42,0.228,2,2
2310,25.37,69.8,405.0,25.57,0.279,3,2
2311,18.11,30.5,458.0,17.47,-0.573,4,1
2312,27.34,38.0,703.0,28.85,0.902,4,2
2313,25.47,55.1,1039.0,26.42,0.369,2,2
2314,21.96,39.1,1008.0,21.79,0.081,3,2
2315,18.92,66.2,530.0,18.8,-0.337,2,3
2316,23.9,46.5,469.0,24.88,0.322,2,2
2317,22.33,31.8,594.0,21.58,-0.018,2,2
2318,18.67,35.3,491.0,19.14,-0.339,2,2
2319,21.43,66.3,1125.0,21.81,0.182,1,2
2320,23.68,44.6,866.0,24.21,0.123,2,2
2321,21.53,32.5,648.0,20.82,-0.234,3,3
2322,24.2,59.4,891.0,22.62,0.165,3,2
2323,18.62,62.0,975.0,19.86,-0.317,4,2
2324,25.66,48.4,1178.0,25.76,0.308,1,1
2325,22.72,49.5,1182.0,22.41,-0.011,2,2
2326,20.74,52.0,1117.0,20.93,-0.212,4,3
2327,22.01,57.3,1126.0,20.73,-0.007,2,1
2328,18.05,31.3,1060.0,18.59,-0.375,3,2
2329,26.34,64.3,973.0,26.37,0.543,3,3
2330,23.07,65.2,893.0,23.12,0.218,2,3
2331,23.43,35.5,702.0,24.6,0.348,2,3
2332,24.28,45.1,471.0,22.07,-0.071,2,3
2333,27.24,31.3,826.0,27.47,0.557,2,2
2334,24.48,31.4,638.0,23.16,0.101,1,2
2335,20.55,37.9,630.0,19.52,-0.299,3,2
2336,25.8,56.6,1188.0,25.82,0.322,2,4
2337,26.96,43.6,1100.0,26.13,0.364,3,2
2338,22.11,40.9,1026.0,22.02,-0.072,2,2
2339,19.68,64.0,446.0,20.17,-0.207,1,2
2340,19.09,46.5,496.0,18.53,-0.462,1,2
2341,26.0,32.5,638.0,26.42,0.507,3,3
2342,22.66,69.0,1035.0,21.83,-0.133,3,1
2343,20.57,38.2,1136.0,20.64,-0.106,2,2
2344,18.66,37.7,799.0,18.02,-0.319,2,2
2345,26.17,68.2,1030.0,25.04,0.39,3,3
2346,20.83,34.2,1138.0,21.3,-0.044,2,0
2347,27.97,65.6,1160.0,28.68,0.711,2,3
2348,27.43,62.8,525.0,28.37,0.683,2,2
2349,23.67,35.5,523.0,24.02,0.25,2,2
2350,25.43,39.4,644.0,24.37,0.235,2,1
2351,27.62,59.0,1135.0,27.68,0.624,2,3
2352,24.84,61.3,807.0,24.14,0.08,4,2
2353,20.01,53.0,815.0,20.4,-0.223,2,2
2354,19.89,49.1,975.0,19.74,-0.073,2,2
2355,24.77,41.7,1123.0,24.67,0.282,2,1
2356,27.12,32.8,938.0,26.54,0.544,2,3
2357,24.78,47.1,668.0,26.59,0.458,2,1
2358,26.88,66.5,1031.0,25.22,0.15,2,2
2359,18.47,43.1,973.0,19.05,-0.062,2,2
2360,25.95,67.5,935.0,25.6,0.236,2,3
2361,27.59,31.4,420.0,26.48,0.628,2,3
2362,19.98,39.7,926.0,19.6,-0.206,2,3
2363,19.16,49.6,633.0,20.52,-0.081,2,2
2364,27.91,33.7,1124.0,26.58,0.645,3,2
2365,25.79,46.3,650.0,25.69,0.207,2,3
2366,27.36,55.7,634.0,28.19,0.555,2,2
2367,26.04,34.2,1111.0,25.81,0.391,3,3
2368,18.3,51.8,980.0,20.29,-0.11,3,2
2369,26.01,38.1,626.0,25.74,0.382,2,2
2370,19.23,67.5,633.0,17.89,-0.513,3,2
2371,25.98,41.2,440.0,26.67,0.382,2,2
2372,18.87,62.1,749.0,18.65,-0.223,1,3
2373,21.25,69.5,1002.0,20.61,-0.129,2,1
2374,25.57,48.3,1032.0,25.35,0.278,1,3
2375,19.14,34.8,987.0,18.58,-0.335,2,3
2376,26.1,37.3,896.0,25.78,0.388,3,2
2377,27.26,65.6,713.0,26.61,0.292,2,3
2378,25.63,66.5,1020.0,25.82,0.35,2,3
2379,24.78,66.1,974.0,24.74,0.297,0,2
2380,20.42,60.8,1180.0,21.53,-0.257,2,2
2381,26.56,38.9,743.0,26.68,0.413,2,2
2382,23.49,59.9,1111.0,23.48,0.03,2,2
2383,19.69,64.5,529.0,19.48,-0.173,2,2
2384,26.84,63.1,846.0,25.61,0.178,4,3
2385,25.24,44.9,554.0,24.67,0.197,2,2
2386,25.83,31.8,1003.0,25.86,0.455,2,2
2387,26.96,41.5,733.0,26.15,0.475,2,1
2388,23.51,42.2,760.0,23.96,0.267,2,2
2389,19.07,32.2,1053.0,19.45,-0.214,3,2
2390,19.48,47.9,1001.0,20.91,-0.273,2,2
2391,23.01,54.8,1019.0,23.11,-0.047,2,3
2392,21.87,66.6,681.0,22.91,0.043,2,3
2393,18.41,57.9,508.0,18.49,-0.384,2,4
2394,23.15,63.2,1063.0,22.39,-0.074,3,2
2395,19.57,53.2,844.0,19.87,-0.331,2,2
2396,20.65,64.4,819.0,21.24,-0.065,2,1
2397,22.47,44.3,525.0,23.88,0.219,2,2
2398,21.38,55.6,1034.0,22.29,0.091,2,4
2399,20.94,44.0,442.0,21.69,0.014,2,3
2400,21.13,65.6,503.0,20.54,-0.159,0,2
2401,18.11,49.9,1073.0,20.0,-0.328,2,2
2402,18.29,66.0,822.0,17.42,-0.476,2,3
2403,20.6,39.8,548.0,21.87,0.011,3,2
2404,19.6,57.8,885.0,18.49,-0.296,2,2
2405,24.33,63.6,455.0,23.49,0.293,2,2
2406,24.82,50.3,827.0,25.03,0.259,3,2
2407,18.28,40.2,945.0,17.91,-0.586,3,2
2408,25.04,44.3,921.0,24.51,0.382,3,2
2409,24.15,33.2,879.0,22.83,0.23,2,2
2410,23.39,47.1,624.0,21.87,0.073,2,2
2411,19.71,57.9,665.0,20.48,-0.124,3,2
2412,25.48,60.9,1072.0,26.0,0.517,2,2
2413,26.82,49.0,577.0,27.05,0.546,1,2
2414,20.49,59.1,888.0,20.93,-0.232,2,2
2415,19.82,39.9,805.0,19.74,-0.081,3,2
2416,19.47,43.4,417.0,19.17,-0.338,2,2
2417,25.34,50.0,809.0,25.05,0.378,2,2
2418,27.84,44.9,1144.0,27.49,0.623,3,2
2419,24.56,51.9,858.0,25.5,0.237,3,2
2420,18.93,51.5,1115.0,17.85,-0.394,0,2
2421,26.95,47.2,523.0,27.52,0.647,2,2
2422,24.8,61.6,759.0,24.74,0.102,2,3
2423,23.53,36.2,1129.0,22.49,0.215,1,2
2424,25.28,60.7,587.0,24.52,0.281,3,1
2425,26.08,55.3,686.0,27.1,0.5,2,2
2426,24.89,49.2,1161.0,26.92,0.546,2,3
2427,21.45,55.3,965.0,22.33,-0.181,2,2
2428,27.54,43.6,525.0,27.45,0.583,2,0
2429,24.82,34.4,671.0,24.9,0.346,1,2
2430,21.53,64.8,456.0,21.15,-0.164,1,2
2431,22.91,32.1,637.0,23.05,0.302,2,4
2432,25.04,43.6,805.0,25.27,0.288,3,2
2433,25.02,37.7,479.0,25.06,0.23,2,2
2434,19.56,36.8,689.0,19.31,-0.107,3,3
2435,25.02,52.2,642.0,24.83,0.347,2,4
2436,25.95,38.9,928.0,27.45,0.54,1,2
2437,19.31,31.4,429.0,19.35,-0.373,0,1
2438,26.96,65.0,685.0,27.06,0.557,3,2
2439,23.28,44.4,947.0,21.76,0.104,2,2
2440,24.28,46.6,919.0,25.06,0.292,2,4
2441,27.33,50.5,863.0,27.06,0.451,2,2
2442,24.33,61.3,605.0,25.08,0.243,1,2
2443,22.89,56.9,987.0,22.95,-0.135,2,2
2444,23.2,31.8,977.0,22.89,-0.019,4,2
2445,20.58,30.2,709.0,20.97,0.096,2,1
2446,26.9,40.7,1064.0,27.49,0.508,3,3
2447,20.3,60.6,901.0,21.09,0.075,2,4
2448,19.01,33.2,1027.0,17.62,-0.35,3,2
2449,20.89,48.6,1106.0,21.18,-0.138,2,2
2450,20.0,38.3,704.0,20.01,-0.293,2,2
2451,24.52,65.9,439.0,24.05,0.059,3,1
2452,21.26,42.0,509.0,21.12,-0.087,2,1
2453,26.12,62.9,434.0,26.36,0.291,2,2
2454,21.94,68.4,1189.0,21.19,-0.167,2,1
2455,18.82,50.3,425.0,19.75,-0.21,3,2
2456,20.02,50.3,639.0,20.7,-0.144,2,2
2457,23.2,34.3,1009.0,23.94,0.096,2,2
2458,23.56,64.9,418.0,23.47,0.248,2,2
2459,25.88,59.7,648.0,26.15,0.441,2,2
2460,23.77,49.3,799.0,24.56,0.248,1,0
2461,26.62,38.8,1037.0,25.97,0.23,2,2
2462,21.32,60.8,737.0,21.88,0.069,3,1
2463,18.4,44.4,1032.0,18.6,-0.279,2,1
2464,27.75,34.9,643.0,27.49,0.521,2,2
2465,18.07,67.6,1193.0,17.72,-0.421,2,3
2466,19.97,66.1,941.0,20.12,-0.091,2,4
2467,26.69,48.8,456.0,27.15,0.41,2,2
2468,24.75,41.5,1125.0,24.5,0.144,2,2
2469,25.01,51.5,714.0,25.15,0.488,2,3
2470,20.66,36.4,432.0,20.92,-0.165,2,2
2471,26.05,35.3,940.0,25.72,0.317,2,3
2472,27.13,64.7,433.0,27.35,0.648,3,3
2473,19.04,47.5,1057.0,18.48,-0.394,1,2
2474,27.33,53.1,443.0,27.45,0.613,2,1
2475,22.47,67.1,1125.0,23.73,0.174,2,2
2476,27.01,58.5,749.0,26.78,0.373,2,3
2477,18.79,50.4,578.0,17.54,-0.403,3,2
2478,26.48,44.5,969.0,26.98,0.195,3,2
2479,18.92,38.2,1071.0,19.03,-0.503,2,2
2480,24.14,63.6,531.0,23.34,0.272,2,2
2481,27.26,58.3,756.0,27.69,0.506,2,2
2482,23.79,55.5,432.0,23.84,0.127,3,2
2483,27.07,32.0,1181.0,27.16,0.58,2,2
2484,21.71,51.1,947.0,22.63,0.197,2,2
2485,26.32,48.0,485.0,26.24,0.481,4,4
2486,25.71,32.1,573.0,25.62,0.29,2,2
2487,19.88,53.8,417.0,20.38,-0.205,2,1
2488,24.97,58.2,1101.0,25.86,0.284,3,2
2489,24.35,47.8,1108.0,23.83,0.204,2,2
2490,22.11,39.7,534.0,22.68,0.247,2,2
2491,26.24,60.9,1023.0,26.66,0.346,1,2
2492,20.57,54.9,504.0,21.2,-0.229,2,3
2493,20.57,33.1,621.0,20.22,-0.169,2,2
2494,21.97,30.8,594.0,21.73,0.035,2,2
2495,26.2,42.9,511.0,27.96,0.523,1,3
2496,22.99,51.8,787.0,24.22,0.13,2,3
2497,19.79,67.5,542.0,18.71,-0.252,1,2
2498,18.5,65.3,427.0,18.01,-0.398,1,3
2499,27.99,66.7,655.0,27.53,0.447,2,2
2500,21.4,35.7,760.0,21.42,-0.021,3,2
2501,20.47,68.9,866.0,20.08,-0.302,3,2
2502,22.78,30.4,1041.0,21.47,0.007,2,2
2503,20.99,50.3,643.0,20.51,-0.294,2,2
2504,18.29,63.5,876.0,18.6,-0.181,0,3
2505,19.76,33.7,821.0,19.3,-0.285,3,3
2506,23.29,69.5,628.0,23.19,0.287,2,2
2507,23.48,33.8,761.0,22.76,0.045,2,3
2508,20.05,62.8,1050.0,19.3,-0.095,3,4
2509,24.46,35.1,592.0,24.45,0.145,2,1
2510,25.18,65.5,541.0,26.2,0.474,4,2
2511,26.9,63.6,565.0,25.24,0.151,2,3
2512,24.44,56.2,513.0,23.17,0.094,3,3
2513,18.84,50.8,837.0,18.01,-0.334,2,2
2514,26.41,54.1,438.0,26.02,0.394,2,3
2515,18.27,68.9,1094.0,17.91,-0.538,2,4
2516,21.42,44.8,575.0,19.5,-0.045,2,2
2517,23.78,51.7,848.0,23.63,0.109,1,1
2518,24.04,52.7,847.0,23.4,0.008,2,2
2519,21.9,66.1,444.0,22.2,-0.042,2,2
2520,25.37,61.4,896.0,25.38,0.184,0,3
2521,27.45,35.7,639.0,27.43,0.56,2,2
2522,27.44,60.8,1025.0,27.29,0.41,3,2
2523,24.8,31.3,573.0,25.14,0.347,3,3
2524,21.3,40.2,517.0,22.01,0.041,2,2
2525,27.84,51.9,439.0,28.38,0.735,2,1
2526,25.3,46.5,1179.0,24.89,0.385,2,0
2527,19.95,67.2,715.0,20.0,-0.203,1,3
2528,23.85,50.7,1023.0,24.54,0.147,3,2
2529,26.42,43.5,724.0,28.03,0.828,2,2
2530,18.99,36.7,710.0,20.66,-0.157,2,2
2531,25.58,64.9,1013.0,25.27,0.542,2,2
2532,21.3,52.6,963.0,22.31,0.007,2,1
2533,25.1,57.7,487.0,24.99,0.436,0,1
2534,27.95,51.9,697.0,27.38,0.54,2,2
2535,19.13,32.1,953.0,18.99,-0.223,4,2
2536,22.76,50.1,462.0,22.81,-0.012,2,2
2537,22.5,41.0,1123.0,22.43,0.168,2,3
2538,25.11,35.0,1143.0,25.87,0.405,2,2
2539,20.09,45.0,993.0,20.46,-0.163,2,2
2540,20.89,46.1,554.0,22.1,0.039,3,2
2541,20.67,69.4,431.0,20.18,-0.192,2,2
2542,27.26,44.9,1062.0,27.46,0.626,2,3
2543,20.66,52.7,665.0,19.94,-0.208,2,0
2544,21.2,48.7,434.0,20.54,-0.091,0,3
2545,26.54,30.4,1152.0,26.27,0.372,2,2
2546,26.87,64.7,911.0,26.28,0.5,2,2
2547,27.31,30.8,587.0,26.33,0.485,2,2
2548,21.16,52.3,1163.0,22.02,-0.009,2,2
2549,25.23,52.3,1183.0,24.67,0.512,2,4
2550,19.26,41.2,944.0,18.89,-0.207,2,2
2551,18.34,36.7,815.0,17.31,-0.376,1,3
2552,20.87,55.4,537.0,20.37,-0.031,2,2
2553,20.8,31.3,1025.0,19.62,-0.135,2,3
2554,24.21,33.6,854.0,23.19,0.054,2,3
2555,27.11,40.0,660.0,28.13,0.513,2,2
2556,25.81,53.0,688.0,25.58,0.491,2,2
2557,23.91,41.5,567.0,25.51,0.588,2,3
2558,23.93,52.1,792.0,24.56,0.164,1,2
2559,25.85,67.3,1069.0,24.76,0.37,3,4
2560,24.66,42.1,1156.0,24.24,0.195,3,2
2561,23.41,54.4,1151.0,22.9,0.122,3,2
2562,19.26,55.1,717.0,20.37,0.006,3,3
2563,22.14,59.6,1062.0,22.1,-0.003,2,2
2564,24.77,67.3,509.0,25.55,0.35,0,2
2565,22.03,44.7,901.0,21.17,-0.021,2,4
2566,19.3,37.2,1012.0,19.39,-0.354,3,2
2567,24.72,63.4,754.0,23.87,0.341,2,2
2568,19.71,38.6,769.0,19.48,-0.247,2,4
2569,23.89,35.5,1110.0,23.54,0.276,2,3
2570,27.63,55.7,560.0,28.43,0.674,2,2
2571,24.17,49.8,902.0,24.33,0.268,4,2
2572,19.61,50.2,676.0,20.83,-0.142,2,3
2573,21.71,45.9,500.0,21.59,-0.017,3,0
2574,19.19,38.3,947.0,19.1,-0.234,3,2
2575,20.09,69.1,887.0,18.88,-0.456,0,2
2576,19.24,34.4,665.0,18.9,-0.23,1,2
2577,24.66,60.1,1059.0,24.19,0.218,3,3
2578,24.5,69.9,592.0,23.19,-0.017,2,2
2579,21.41,36.3,619.0,20.3,-0.268,2,2
2580,19.37,34.1,403.0,20.24,-0.247,2,3
2581,19.78,69.3,866.0,19.87,-0.315,3,3
2582,27.6,66.0,435.0,28.15,0.691,1,1
2583,23.32,46.8,647.0,23.21,0.123,2,1
2584,22.04,32.0,635.0,21.99,-0.013,2,3
2585,21.12,34.5,1161.0,21.71,0.005,2,2
2586,19.53,63.4,1054.0,19.44,-0.14,2,1
2587,24.93,40.4,623.0,26.64,0.406,2,2
2588,26.0,67.5,1173.0,26.1,0.465,3,1
2589,25.71,44.5,514.0,25.7,0.344,2,2
2590,20.59,47.7,952.0,21.99,-0.205,4,1
2591,23.16,65.9,587.0,22.25,0.077,2,4
2592,27.38,58.2,776.0,28.21,0.549,2,2
2593,21.61,51.0,893.0,22.09,0.124,2,2
2594,22.72,47.7,1174.0,23.8,0.14,3,2
2595,21.38,50.5,825.0,21.74,0.118,2,3
2596,22.85,63.8,905.0,23.09,-0.071,2,1
2597,25.03,33.5,460.0,25.02,0.32,2,2
2598,23.29,46.3,569.0,22.5,0.007,1,2
2599,25.92,45.6,1184.0,25.78,0.46,2,3
2600,26.14,30.8,647.0,26.47,0.625,1,2
2601,26.05,53.3,904.0,26.75,0.544,2,2
2602,19.09,56.1,873.0,19.91,-0.226,2,2
2603,24.7,32.7,612.0,24.26,0.196,2,1
2604,18.35,45.9,761.0,17.44,-0.446,0,2
2605,27.89,67.5,637.0,28.67,0.711,3,1
2606,27.4,45.7,1049.0,27.83,0.443,2,4
2607,19.87,40.7,504.0,17.87,-0.326,4,1
2608,24.38,37.2,856.0,23.34,0.053,2,2
2609,25.63,63.3,441.0,26.93,0.536,1,2
2610,24.68,44.9,1151.0,25.54,0.234,3,3
2611,20.06,55.2,589.0,20.35,-0.163,2,4
2612,27.61,43.5,903.0,27.66,0.527,2,3
2613,23.73,59.4,640.0,23.54,0.199,2,3
2614,20.16,67.1,750.0,20.86,-0.013,0,2
2615,22.47,30.8,747.0,22.37,-0.057,2,2
2616,22.97,46.0,578.0,21.41,-0.217,2,2
2617,25.79,38.3,484.0,26.58,0.467,1,2
2618,21.42,61.5,641.0,21.09,-0.124,2,2
2619,19.5,41.3,825.0,19.58,-0.235,2,2
2620,19.98,30.3,1036.0,20.38,-0.027,3,2
2621,19.03,54.8,936.0,18.39,-0.294,3,2
2622,18.29,60.5,1009.0,18.43,-0.285,2,2
2623,19.46,49.8,1077.0,20.75,-0.003,1,2
2624,26.32,69.2,1077.0,25.66,0.32,1,2
2625,23.89,62.4,970.0,23.8,0.244,2,2
2626,22.84,68.5,941.0,23.94,0.233,2,3
2627,25.08,59.7,619.0,26.44,0.539,2,3
2628,19.9,57.3,1070.0,21.61,-0.049,2,0
2629,19.86,69.8,1189.0,19.59,-0.206,2,1
2630,21.22,54.6,1044.0,22.31,-0.085,2,3
2631,18.58,30.2,1067.0,17.33,-0.443,3,2
2632,18.42,31.0,955.0,18.99,-0.139,2,2
2633,27.74,53.5,728.0,27.79,0.553,2,2
2634,24.46,66.6,549.0,25.01,0.132,1,2
2635,25.68,49.6,453.0,24.9,0.086,3,2
2636,27.17,55.1,576.0,28.61,0.67,2,3
2637,26.92,60.5,444.0,26.16,0.557,2,2
2638,24.52,46.0,932.0,24.3,0.114,2,4
2639,26.79,45.4,1133.0,26.29,0.395,2,2
2640,18.62,63.3,1194.0,17.08,-0.687,2,2
2641,23.78,52.4,1114.0,23.09,0.118,1,2
2642,19.3,59.6,905.0,20.17,0.027,2,2
2643,18.92,68.7,1147.0,18.86,-0.305,1,3
2644,19.49,65.6,424.0,19.06,-0.377,2,2
2645,20.67,46.2,970.0,20.32,-0.12,2,2
2646,26.83,57.1,916.0,26.53,0.428,3,2
2647,24.83,65.7,1196.0,24.69,0.242,1,4
2648,22.84,59.3,549.0,22.38,0.067,2,2
2649,22.61,63.3,725.0,22.97,0.19,3,3
2650,19.44,42.0,674.0,19.8,-0.198,2,2
2651,21.1,50.3,444.0,20.63,-0.173,1,2
2652,20.46,55.0,1190.0,20.64,-0.264,2,1
2653,19.0,50.7,797.0,19.55,-0.28,2,2
2654,21.33,49.4,450.0,20.75,-0.221,2,1
2655,27.33,40.3,822.0,26.15,0.317,2,2
2656,18.51,40.4,930.0,19.31,-0.212,2,1
2657,25.77,52.2,453.0,25.44,0.463,2,2
2658,19.98,43.4,672.0,19.79,-0.336,2,2
2659,20.11,63.7,507.0,20.3,-0.099,2,2
2660,19.73,40.3,543.0,20.19,0.03,3,1
2661,25.53,34.0,754.0,25.94,0.372,2,2
2662,25.01,51.6,500.0,25.5,0.465,3,2
2663,24.11,61.0,451.0,25.32,0.249,2,2
2664,25.39,58.0,697.0,25.98,0.351,2,4
2665,19.81,58.7,1044.0,19.57,-0.194,2,2
2666,26.18,68.1,666.0,26.75,0.345,4,2
2667,26.34,31.9,610.0,25.88,0.404,3,3
2668,22.23,37.3,1187.0,22.24,0.011,1,2
2669,25.42,65.0,1035.0,25.38,0.335,2,4
2670,27.8,62.2,870.0,28.55,0.734,3,3
2671,19.79,36.1,923.0,18.76,-0.32,2,1
2672,22.18,62.1,672.0,22.29,0.057,2,2
2673,18.73,66.5,827.0,18.55,-0.425,3,2
2674,20.21,68.2,650.0,21.51,-0.137,3,3
2675,24.17,61.2,458.0,22.92,0.158,2,2
2676,24.14,64.4,497.0,23.54,0.152,3,3
2677,24.64,45.2,458.0,24.77,0.321,2,2
2678,22.85,65.6,722.0,22.86,0.061,2,2
2679,24.78,30.5,492.0,24.7,0.343,2,2
2680,20.24,58.6,584.0,20.08,-0.25,2,3
2681,23.99,59.6,570.0,24.35,0.397,3,2
2682,18.35,36.2,1064.0,19.13,-0.23,3,0
2683,18.16,47.7,894.0,16.62,-0.493,2,3
2684,23.67,46.5,1064.0,22.63,-0.069,1,2
2685,25.11,43.5,886.0,26.24,0.381,1,2
2686,21.01,58.2,1140.0,20.51,-0.171,4,4
2687,24.51,57.1,1083.0,25.1,0.166,2,2
2688,18.95,59.7,496.0,18.46,-0.493,1,2
2689,19.38,33.0,801.0,20.42,-0.224,2,2
2690,22.21,67.2,807.0,20.4,-0.124,2,2
2691,20.07,36.1,596.0,20.47,-0.022,2,2
2692,23.18,61.3,1046.0,22.83,0.223,1,4
2693,25.18,53.6,563.0,25.59,0.324,3,2
2694,23.85,43.2,858.0,24.36,0.357,2,2
2695,19.5,60.8,695.0,19.61,-0.357,2,2
2696,20.77,54.8,690.0,23.04,0.044,2,2
2697,23.05,55.3,1195.0,24.42,0.094,3,4
2698,25.8,52.6,1079.0,25.79,0.509,2,1
2699,22.45,30.6,661.0,22.73,0.199,3,2
2700,20.74,36.3,821.0,21.91,-0.046,4,1
2701,18.12,64.0,506.0,18.77,-0.345,2,2
2702,26.74,45.3,869.0,29.15,0.716,2,2
2703,19.1,40.2,997.0,18.1,-0.406,2,3
2704,26.44,57.6,1019.0,25.77,0.521,2,2
2705,18.25,39.9,771.0,18.92,-0.301,2,2
2706,23.78,32.5,856.0,23.5,0.175,2,3
2707,22.8,40.5,572.0,22.41,0.077,2,2
2708,22.9,63.0,961.0,23.02,0.103,2,3
2709,19.41,68.2,1031.0,20.34,-0.109,2,1
2710,23.54,32.0,776.0,24.09,0.268,2,3
2711,19.1,55.4,1066.0,20.37,-0.203,3,2
2712,21.5,58.1,480.0,22.51,0.078,2,2
2713,23.65,55.9,679.0,23.27,0.115,2,2
2714,21.72,59.0,460.0,21.45,0.06,0,2
2715,20.68,47.4,433.0,19.39,-0.413,4,2
2716,22.92,37.3,1181.0,21.91,0.073,1,2
2717,20.84,68.3,814.0,21.0,-0.046,1,2
2718,19.51,67.5,1108.0,19.69,-0.109,2,2
2719,20.44,59.4,561.0,19.96,-0.202,4,1
2720,26.31,41.7,630.0,26.06,0.49,3,1
2721,21.35,39.2,482.0,21.13,-0.243,4,4
2722,24.27,36.0,1130.0,24.65,0.138,3,3
2723,19.92,66.6,1176.0,20.07,-0.322,2,2
2724,25.65,62.7,814.0,26.39,0.479,2,2
2725,24.0,48.9,929.0,23.87,0.311,2,2
2726,26.09,65.1,1156.0,26.5,0.453,2,3
2727,21.18,30.4,1123.0,20.29,0.049,3,2
2728,26.75,46.2,888.0,26.23,0.427,2,2
2729,27.15,46.1,1061.0,27.62,0.58,1,2
2730,25.79,56.6,859.0,25.64,0.352,2,2
2731,27.25,56.8,825.0,27.35,0.69,2,0
2732,20.41,33.2,452.0,21.21,-0.201,2,2
2733,21.46,52.4,550.0,20.83,-0.175,2,3
2734,24.76,54.8,950.0,24.45,0.2,2,2
2735,23.52,31.8,698.0,24.78,0.308,2,2
2736,19.78,64.3,598.0,21.06,-0.296,1,2
2737,22.09,39.4,1149.0,21.45,0.064,2,2
2738,18.59,61.3,1107.0,17.33,-0.369,0,2
2739,23.69,67.3,900.0,22.41,0.12,2,1
2740,19.17,33.2,1105.0,19.23,-0.346,2,2
2741,20.06,52.6,1073.0,18.9,-0.415,3,1
2742,21.69,39.1,1020.0,21.75,0.159,2,2
2743,18.8,66.3,636.0,19.58,-0.253,2,2
2744,26.7,61.2,923.0,27.02,0.545,2,2
2745,24.86,43.1,737.0,25.37,0.405,3,2
2746,18.57,31.7,951.0,18.48,-0.2,1,2
2747,27.01,47.0,476.0,27.39,0.562,2,3
2748,24.07,36.2,968.0,24.26,0.179,2,2
2749,27.39,30.6,1144.0,27.16,0.56,2,2
2750,22.96,31.3,634.0,23.49,0.234,2,1
2751,19.81,36.8,1178.0,18.87,-0.173,4,3
2752,23.62,63.9,1134.0,23.7,0.045,1,3
2753,24.72,38.0,419.0,25.02,0.372,2,2
2754,27.84,61.0,751.0,28.08,0.71,2,2
2755,26.68,30.4,1160.0,27.04,0.506,2,2
2756,18.92,45.7,1177.0,19.04,-0.423,0,2
2757,19.41,37.7,445.0,18.86,-0.118,3,2
2758,19.68,35.5,695.0,19.85,-0.158,3,2
2759,19.19,47.4,466.0,18.62,-0.46,3,2
2760,18.28,30.9,890.0,16.93,-0.627,2,2
2761,20.2,39.8,743.0,19.61,-0.189,4,2
2762,19.72,46.8,1119.0,20.1,-0.408,2,2
2763,22.86,67.4,463.0,22.98,0.155,1,2
2764,18.96,37.2,989.0,19.9,-0.239,2,1
2765,21.01,31.4,539.0,20.51,-0.272,3,2
2766,20.11,40.3,1031.0,20.47,-0.168,4,2
2767,18.98,61.0,587.0,18.87,-0.44,3,2
2768,22.37,33.8,924.0,22.85,0.286,2,2
2769,24.06,61.2,741.0,24.33,0.274,2,2
2770,22.46,31.1,621.0,22.49,-0.013,2,1
2771,19.97,64.7,793.0,19.03,-0.2,2,3
2772,19.19,46.5,833.0,19.41,-0.093,3,2
2773,27.71,38.1,564.0,27.72,0.707,2,2
2774,22.83,33.6,565.0,23.13,0.049,2,2
2775,18.64,60.5,584.0,20.16,-0.139,2,2
2776,23.97,68.8,951.0,23.55,0.031,2,2
2777,22.55,41.0,1054.0,22.65,0.107,2,2
2778,20.38,63.2,803.0,19.54,-0.246,2,2
2779,25.39,37.3,713.0,25.07,0.445,2,3
2780,25.62,34.3,522.0,24.64,0.314,2,1
2781,27.25,31.1,936.0,27.66,0.602,3,2
2782,20.07,60.0,1196.0,20.17,-0.384,0,2
2783,21.66,35.5,607.0,20.64,-0.061,3,2
2784,18.19,37.6,727.0,19.21,-0.281,2,2
2785,20.56,30.2,941.0,22.01,-0.096,2,4
2786,26.1,54.1,1098.0,26.37,0.378,2,2
2787,24.51,41.8,1000.0,25.22,0.574,2,0
2788,26.4,34.3,901.0,27.15,0.651,1,2
2789,27.58,35.9,932.0,27.61,0.7,2,3
2790,19.47,59.5,1195.0,19.26,-0.283,3,2
2791,21.24,48.2,453.0,21.57,-0.117,2,1
2792,21.19,44.9,662.0,19.06,-0.377,2,3
2793,23.89,59.3,1123.0,24.92,0.353,4,3
2794,23.53,32.8,790.0,21.94,-0.089,2,3
2795,18.55,30.3,635.0,16.94,-0.415,3,3
2796,20.77,55.0,876.0,19.45,-0.302,2,2
2797,20.1,68.6,511.0,20.36,-0.11,2,2
2798,20.49,56.1,503.0,20.07,-0.294,2,3
2799,20.13,50.8,962.0,20.45,-0.199,2,2
2800,19.39,30.0,1107.0,18.15,-0.334,2,2
2801,26.86,65.2,1018.0,26.64,0.46,2,0
2802,27.57,51.4,936.0,27.97,0.726,2,2
2803,25.05,49.4,1021.0,25.4,0.591,3,4
2804,20.1,57.2,408.0,20.06,-0.165,3,2
2805,21.56,67.2,745.0,22.61,0.224,3,2
2806,23.32,48.7,940.0,22.85,0.011,2,2
2807,21.66,45.5,762.0,22.28,-0.009,2,2
2808,20.05,44.3,993.0,19.06,-0.369,1,2
2809,19.12,68.4,401.0,18.35,-0.281,2,2
2810,21.23,40.8,985.0,21.73,-0.042,2,2
2811,18.75,43.5,1178.0,19.02,-0.198,3,1
2812,23.58,33.1,580.0,24.15,0.149,4,2
2813,24.68,41.2,889.0,23.95,0.13,2,2
2814,25.25,37.6,1042.0,26.64,0.505,2,2
2815,20.3,37.7,469.0,21.52,-0.054,0,2
2816,24.6,59.4,883.0,25.45,0.297,2,1
2817,25.31,55.7,925.0,24.68,0.336,2,3
2818,22.86,30.6,988.0,24.38,0.256,2,2
2819,27.84,50.0,551.0,27.42,0.455,3,2
2820,27.5,52.7,501.0,27.85,0.485,2,3
2821,18.43,30.3,977.0,17.7,-0.438,2,2
2822,18.69,52.7,540.0,18.45,-0.544,2,1
2823,19.19,48.0,452.0,19.24,-0.224,2,2
2824,24.01,31.9,617.0,22.9,0.166,2,2
2825,18.88,43.0,884.0,18.26,-0.412,1,1
2826,23.61,36.0,652.0,24.62,0.31,2,3
2827,20.69,51.2,731.0,21.84,-0.004,2,2
2828,26.77,45.2,957.0,27.7,0.588,0,3
2829,19.53,49.6,768.0,18.61,-0.33,0,2
2830,25.36,34.7,1095.0,25.94,0.276,2,2
2831,20.66,55.8,1085.0,20.07,-0.178,2,2
2832,24.33,65.2,1010.0,23.77,0.175,2,4
2833,18.47,43.1,606.0,18.29,-0.255,2,4
2834,22.07,55.8,512.0,22.43,0.089,2,2
2835,19.77,30.3,931.0,19.39,-0.278,2,1
2836,24.58,68.8,527.0,25.66,0.343,1,2
2837,22.22,65.2,947.0,22.69,0.241,2,1
2838,23.41,47.6,547.0,23.72,0.052,1,2
2839,26.95,40.1,1045.0,27.13,0.672,3,4
2840,22.88,64.1,669.0,22.78,0.089,3,2
2841,25.55,39.2,953.0,24.8,0.395,2,2
2842,18.08,64.5,522.0,16.98,-0.441,2,2
2843,19.83,55.8,1097.0,20.58,-0.02,2,2
2844,21.31,34.2,766.0,22.32,0.036,2,4
2845,19.58,49.4,852.0,19.31,-0.302,2,1
2846,21.41,50.8,1187.0,20.12,-0.125,2,2
2847,23.29,59.7,939.0,24.3,0.129,2,2
2848,20.8,42.4,939.0,21.09,-0.145,2,2
2849,27.12,39.1,738.0,26.79,0.469,2,2
2850,25.4,44.4,640.0,26.33,0.469,2,4
2851,24.54,57.9,898.0,23.99,0.194,2,3
2852,26.79,54.6,938.0,26.6,0.41,4,2
2853,19.02,45.7,709.0,18.12,-0.343,2,3
2854,19.07,48.3,1151.0,19.72,-0.205,2,2
2855,18.64,67.0,1082.0,19.52,-0.423,2,3
2856,27.21,69.7,1039.0,27.54,0.55,2,2
2857,22.51,53.5,808.0,22.54,0.022,2,2
2858,21.12,35.4,1193.0,21.4,-0.177,1,2
2859,18.94,62.5,547.0,19.59,-0.269,3,2
2860,18.34,65.5,840.0,18.13,-0.442,3,2
2861,18.74,48.0,1158.0,19.55,-0.231,3,2
2862,26.51,66.4,939.0,26.72,0.551,3,2
2863,20.65,43.4,592.0,19.74,-0.217,2,1
2864,20.91,49.9,752.0,19.37,-0.327,3,2
2865,22.21,43.6,530.0,22.37,0.107,2,2
2866,20.64,44.9,427.0,21.51,-0.131,2,1
2867,18.01,49.2,473.0,17.01,-0.678,2,3
2868,21.09,62.4,766.0,20.21,-0.132,2,0
2869,27.58,48.1,952.0,27.96,0.645,0,2
2870,19.33,31.3,808.0,19.35,-0.274,2,0
2871,27.74,54.3,588.0,26.08,0.468,0,2
2872,25.93,43.1,1029.0,25.9,0.34,2,2
2873,27.65,60.9,716.0,26.85,0.475,3,2
2874,26.13,42.1,591.0,25.86,0.403,2,3
2875,27.4,35.4,577.0,27.23,0.446,2,4
2876,23.91,51.1,1179.0,25.28,0.218,1,0
2877,23.05,47.8,1029.0,22.3,0.158,3,2
2878,21.27,62.8,959.0,21.78,0.059,2,2
2879,21.09,54.7,651.0,20.74,-0.106,2,2
2880,22.46,38.7,948.0,22.06,-0.132,0,3
2881,21.27,35.5,496.0,21.6,-0.114,2,4
2882,23.16,48.2,957.0,23.33,0.106,2,2
2883,18.99,44.7,503.0,17.37,-0.53,2,2
2884,21.56,66.8,418.0,20.69,-0.122,2,4
2885,18.98,65.3,925.0,18.2,-0.474,2,4
2886,25.37,62.4,1043.0,25.8,0.556,2,2
2887,23.79,56.0,924.0,22.49,0.003,2,3
2888,25.35,36.5,623.0,25.58,0.427,2,2
2889,24.82,39.2,800.0,23.65,0.164,2,2
2890,20.85,58.8,419.0,19.63,-0.308,2,2
2891,18.63,69.7,757.0,18.86,-0.34,3,1
2892,20.44,43.1,1113.0,21.55,-0.111,2,2
2893,26.77,44.4,751.0,26.47,0.253,2,2
2894,27.88,65.1,529.0,27.38,0.496,4,0
2895,22.06,60.9,702.0,20.74,-0.225,2,3
2896,20.77,44.0,1044.0,21.31,-0.182,2,4
2897,22.79,65.5,778.0,21.74,-0.052,2,2
2898,23.42,64.7,994.0,23.4,0.195,2,2
2899,22.43,31.6,513.0,22.76,0.076,1,3
2900,20.33,46.5,1103.0,19.81,-0.247,2,3
2901,19.98,63.5,1173.0,20.26,-0.064,4,1
2902,21.44,61.1,528.0,22.05,-0.063,2,2
2903,24.75,50.4,1164.0,23.68,0.042,2,2
2904,25.29,41.3,804.0,25.38,0.153,0,1
2905,24.92,67.1,1187.0,23.55,0.121,3,1
2906,22.18,37.7,1178.0,21.7,0.209,2,2
2907,19.99,50.4,1189.0,20.0,-0.091,2,2
2908,26.75,43.6,1033.0,28.24,0.616,1,1
2909,26.39,48.6,590.0,25.43,0.296,2,2
2910,26.96,63.6,979.0,26.2,0.232,0,2
2911,21.87,60.5,752.0,22.46,-0.037,2,2
2912,26.04,42.7,1114.0,25.57,0.229,2,2
2913,18.67,47.2,1197.0,17.05,-0.419,3,2
2914,21.18,32.5,1062.0,20.44,-0.065,2,2
2915,25.3,58.6,1033.0,25.45,0.3,2,3
2916,25.31,65.7,660.0,24.15,0.154,2,2
2917,22.05,59.2,1012.0,22.08,0.054,2,0
2918,26.82,40.2,1135.0,26.59,0.48,2,4
2919,23.03,54.1,1042.0,22.14,0.304,3,2
2920,18.59,60.4,528.0,18.9,-0.302,2,3
2921,26.31,50.0,1137.0,25.56,0.355,3,2
2922,27.04,52.0,563.0,26.8,0.545,2,3
2923,19.94,30.7,557.0,21.36,-0.056,0,2
2924,18.33,67.7,743.0,19.86,-0.248,1,2
2925,20.51,54.4,815.0,20.35,-0.139,4,3
2926,20.21,34.7,862.0,20.07,-0.158,2,2
2927,23.11,66.3,644.0,22.98,0.107,1,4
2928,26.29,49.4,526.0,26.12,0.479,2,1
2929,21.62,45.3,497.0,19.87,-0.162,2,3
2930,21.92,68.8,933.0,21.93,-0.1,2,2
2931,20.02,52.2,1109.0,20.81,-0.222,2,3
2932,20.73,46.1,839.0,22.08,0.016,2,1
2933,21.49,32.7,441.0,20.84,-0.083,2,3
2934,20.01,57.0,862.0,18.71,-0.306,0,2
2935,20.1,65.4,751.0,20.38,-0.216,2,2
2936,24.43,57.9,572.0,23.01,0.149,2,1
2937,22.0,42.3,832.0,22.77,0.27,2,1
2938,19.25,65.5,1081.0,18.53,-0.304,2,2
2939,24.46,46.4,464.0,25.6,0.321,3,3
2940,22.81,63.0,973.0,24.02,0.054,3,2
2941,24.01,40.1,1160.0,23.88,0.241,3,1
2942,26.1,36.5,1075.0,25.15,0.339,2,2
2943,27.2,56.8,1002.0,28.94,0.947,2,2
2944,26.57,30.0,710.0,27.03,0.594,2,3
2945,18.23,32.9,658.0,19.08,-0.099,0,2
2946,24.52,36.2,1026.0,22.87,0.121,2,2
2947,18.71,43.9,839.0,19.23,-0.324,3,2
2948,22.55,44.3,824.0,21.93,-0.034,2,2
2949,25.37,55.8,526.0,24.36,0.321,4,4
2950,19.17,36.8,780.0,18.23,-0.375,2,2
2951,23.38,46.6,1092.0,24.18,0.129,0,3
2952,25.16,30.4,855.0,24.66,0.373,2,2
2953,18.09,48.6,550.0,18.32,-0.426,3,3
2954,18.77,42.5,992.0,18.94,-0.219,3,2
2955,25.67,62.0,805.0,25.57,0.293,2,2
2956,20.79,52.6,851.0,20.98,-0.19,3,1
2957,27.1,51.1,878.0,27.22,0.53,1,3
2958,21.33,43.1,685.0,22.3,0.087,2,1
2959,27.48,63.3,809.0,28.51,0.64,2,2
2960,20.07,38.8,1009.0,18.73,-0.298,2,2
2961,18.42,43.1,1111.0,18.56,-0.278,2,2
2962,27.45,32.1,616.0,28.26,0.405,3,2
2963,21.5,32.4,411.0,21.9,-0.028,2,2
2964,18.21,46.8,799.0,17.61,-0.417,2,2
2965,23.62,60.2,1063.0,22.99,0.121,3,2
2966,21.68,49.7,1136.0,21.57,-0.047,4,2
2967,23.18,59.5,682.0,23.33,0.22,2,2
2968,27.5,53.7,1143.0,28.0,0.482,2,2
2969,25.38,62.5,1140.0,24.52,0.345,2,3
2970,22.03,52.7,1129.0,23.26,0.196,2,2
2971,18.58,52.5,813.0,20.61,-0.109,2,3
2972,20.81,50.7,679.0,20.75,-0.281,2,2
2973,20.45,43.3,800.0,20.34,-0.101,2,2
2974,19.07,38.9,474.0,20.16,0.034,2,2
2975,25.72,56.4,1057.0,26.17,0.372,2,1
2976,26.95,51.9,914.0,26.43,0.483,2,2
2977,25.74,66.1,736.0,25.46,0.431,2,2
2978,23.39,39.2,542.0,23.1,0.232,0,2
2979,22.46,35.6,874.0,22.89,-0.028,2,0
2980,23.91,48.6,899.0,24.91,0.317,2,1
2981,20.19,45.5,885.0,19.6,-0.194,3,2
2982,22.97,42.1,1117.0,22.35,0.011,1,4
2983,23.96,59.2,478.0,24.21,0.16,3,1
2984,23.66,66.1,879.0,24.67,0.334,2,2
2985,22.3,43.5,1086.0,22.25,0.127,2,3
2986,25.83,48.5,762.0,25.18,0.315,2,2
2987,26.0,65.0,875.0,27.23,0.544,2,2
2988,26.95,31.4,493.0,27.71,0.63,2,2
2989,20.27,42.4,859.0,20.49,-0.121,2,2
2990,25.89,48.0,1103.0,26.57,0.463,2,1
2991,18.65,53.6,443.0,18.3,-0.367,2,2
2992,20.47,63.5,401.0,19.55,-0.383,2,2
2993,26.39,34.5,901.0,25.36,0.411,2,2
2994,22.22,36.3,434.0,23.54,0.245,3,2
2995,23.89,59.5,659.0,24.93,0.236,2,3
2996,27.91,41.7,412.0,26.73,0.471,1,2
2997,23.53,36.0,1032.0,24.5,0.214,2,3
2998,22.16,54.0,903.0,22.19,0.096,3,3
2999,19.29,40.6,952.0,19.12,-0.561,2,2
3000,27.78,55.3,657.0,28.53,0.721,3,2
3001,20.65,57.1,573.0,19.9,0.003,2,2
3002,23.61,46.4,893.0,23.25,0.18,2,2
3003,19.24,57.1,663.0,20.11,-0.274,1,2
3004,18.43,42.9,775.0,19.91,-0.139,0,2
3005,19.73,39.7,769.0,20.0,-0.249,1,2
3006,22.9,40.7,900.0,22.46,-0.12,2,3
3007,23.37,54.5,485.0,22.85,0.215,2,2
3008,23.41,50.7,1115.0,24.42,0.261,4,3
3009,26.63,50.6,1075.0,29.39,0.812,4,2
3010,24.19,44.1,586.0,23.2,0.159,2,2
3011,26.11,39.3,923.0,25.66,0.22,2,3
3012,27.16,59.3,678.0,28.21,0.605,2,2
3013,19.65,35.1,689.0,19.82,-0.167,2,4
3014,25.3,51.0,745.0,25.31,0.42,2,2
3015,24.54,62.0,1198.0,24.76,0.603,2,2
3016,20.63,48.9,1044.0,19.45,-0.283,2,3
3017,22.48,47.6,710.0,21.23,0.055,2,3
3018,21.27,58.2,580.0,21.52,-0.207,2,3
3019,23.53,66.2,1027.0,23.03,0.202,2,2
3020,19.18,60.6,450.0,19.04,-0.329,3,1
3021,25.87,62.4,1010.0,26.18,0.358,2,2
3022,19.53,48.3,590.0,19.86,-0.301,3,2
3023,27.31,65.6,654.0,28.73,0.638,2,2
3024,23.57,42.4,1039.0,23.87,0.204,2,1
3025,19.23,42.6,569.0,18.4,-0.363,2,3
3026,27.99,54.0,533.0,28.46,0.586,2,2
3027,21.38,35.3,624.0,21.7,-0.183,3,2
3028,26.85,49.6,484.0,28.58,0.602,2,2
3029,21.32,49.5,584.0,21.09,-0.117,1,2
3030,26.62,54.7,809.0,26.88,0.574,3,0
3031,27.44,53.7,705.0,26.11,0.496,1,2
3032,20.75,63.6,500.0,21.1,-0.037,2,2
3033,22.89,51.2,884.0,23.17,0.161,2,2
3034,26.97,34.9,889.0,28.23,0.525,3,2
3035,26.71,31.2,710.0,26.43,0.433,2,2
3036,21.31,41.5,1167.0,20.96,0.091,2,2
3037,19.65,66.2,1105.0,19.67,-0.181,2,3
3038,23.9,41.5,859.0,24.52,0.144,1,3
3039,20.18,35.1,455.0,19.56,-0.277,2,2
3040,18.85,43.3,905.0,19.13,-0.136,1,3
3041,19.81,52.9,652.0,20.68,-0.122,4,3
3042,21.22,59.6,428.0,20.2,-0.292,2,2
3043,21.64,46.7,1007.0,21.74,-0.105,2,2
3044,26.93,40.4,1036.0,26.63,0.518,2,2
3045,19.07,33.4,804.0,20.03,-0.379,2,1
3046,27.97,48.8,1081.0,29.0,0.656,1,1
3047,25.17,44.3,607.0,25.66,0.217,2,2
3048,26.07,58.7,902.0,26.99,0.647,2,3
3049,20.75,32.5,1090.0,20.49,-0.105,4,3
3050,27.3,33.9,494.0,26.65,0.538,2,2
3051,27.02,68.8,1157.0,27.08,0.481,1,0
3052,27.52,33.1,452.0,27.32,0.66,3,3
3053,27.24,56.0,1150.0,27.3,0.543,2,2
3054,18.83,58.3,490.0,19.04,-0.343,2,2
3055,19.08,33.0,1185.0,18.75,-0.247,2,2
3056,24.9,65.5,998.0,24.54,0.19,1,1
3057,26.6,55.7,774.0,26.56,0.573,2,2
3058,25.6,35.8,763.0,24.69,0.209,2,3
3059,18.69,58.2,967.0,18.73,-0.379,2,2
3060,26.56,67.0,879.0,25.91,0.457,3,2
3061,24.4,44.4,825.0,22.21,-0.067,2,3
3062,19.46,69.2,525.0,18.38,-0.459,3,2
3063,20.04,69.5,1178.0,19.57,-0.33,2,3
3064,24.24,47.5,536.0,23.06,0.074,2,2
3065,20.37,64.5,1155.0,20.3,-0.294,2,2
3066,24.22,50.6,840.0,23.75,0.06,2,4
3067,22.4,39.2,829.0,21.99,-0.022,0,2
3068,19.76,40.0,1169.0,19.37,-0.252,2,2
3069,25.25,30.8,1168.0,24.05,0.141,1,0
3070,23.46,67.7,530.0,23.53,0.188,3,1
3071,27.39,46.2,1175.0,26.8,0.635,3,2
3072,21.94,48.8,814.0,21.45,0.007,2,2
3073,23.82,53.2,538.0,25.46,0.338,2,2
3074,24.09,32.6,693.0,23.84,0.264,2,2
3075,22.66,50.5,808.0,21.58,0.049,4,2
3076,18.46,69.4,1163.0,17.97,-0.242,2,1
3077,27.07,52.3,713.0,26.06,0.602,2,2
3078,23.43,55.1,446.0,21.91,0.12,2,3
3079,18.57,69.0,1140.0,20.33,-0.108,2,2
3080,19.7,36.7,708.0,20.63,-0.056,2,2
3081,18.49,66.9,453.0,17.99,-0.424,2,2
3082,26.73,66.0,570.0,25.6,0.392,1,2
3083,24.47,45.8,1072.0,23.67,0.385,1,3
3084,26.51,49.1,1035.0,26.29,0.563,2,2
3085,24.99,44.2,657.0,25.02,0.102,3,1
3086,19.06,38.7,1007.0,20.21,-0.192,2,4
3087,23.89,48.0,435.0,21.56,0.021,3,2
3088,18.84,41.9,907.0,18.05,-0.424,3,2
3089,19.53,46.3,1075.0,18.33,-0.291,2,2
3090,19.0,69.8,414.0,19.03,-0.206,1,1
3091,23.84,34.1,558.0,24.02,0.24,3,2
3092,19.3,51.8,1089.0,19.64,-0.213,2,2
3093,19.14,65.7,1129.0,19.09,-0.406,2,2
3094,21.79,57.0,1111.0,21.73,-0.077,3,2
3095,20.32,43.1,1160.0,20.3,-0.085,2,2
3096,23.57,39.8,956.0,22.51,0.084,2,3
3097,20.66,49.9,934.0,20.45,-0.19,1,3
3098,25.17,53.6,1150.0,25.88,0.2,3,2
3099,22.74,52.7,557.0,22.53,-0.037,3,2
3100,23.76,59.1,970.0,23.75,0.117,1,2
3101,19.15,45.7,515.0,18.99,-0.29,2,1
3102,20.82,55.3,894.0,20.56,-0.211,0,4
3103,23.42,38.1,922.0,24.62,0.346,2,2
3104,18.28,68.1,685.0,17.88,-0.39,3,2
3105,19.01,59.1,1157.0,18.44,-0.34,3,2
3106,22.39,30.4,642.0,23.19,-0.106,2,2
3107,25.24,34.3,557.0,26.14,0.422,3,3
3108,23.51,68.9,784.0,22.68,-0.035,2,2
3109,22.91,48.0,498.0,22.74,0.168,2,3
3110,23.05,32.2,672.0,22.64,-0.121,3,2
3111,21.59,49.1,445.0,21.88,-0.033,1,2
3112,24.17,41.7,431.0,23.88,0.104,2,2
3113,27.89,33.0,1165.0,27.53,0.444,2,2
3114,20.32,64.8,501.0,20.58,-0.162,3,2
3115,23.8,65.3,679.0,21.94,0.006,0,3
3116,25.31,46.9,539.0,24.4,0.347,2,3
3117,19.69,68.9,870.0,20.12,-0.165,2,2
3118,23.64,55.0,987.0,23.91,0.108,2,3
3119,27.2,57.3,1155.0,25.48,0.436,2,1
3120,21.07,61.9,461.0,20.32,0.051,4,2
3121,25.31,56.1,696.0,26.8,0.654,2,1
3122,25.72,52.3,855.0,25.46,0.549,3,1
3123,26.21,31.7,831.0,26.62,0.519,2,2
3124,23.92,30.6,992.0,24.88,0.334,3,3
3125,19.65,55.9,936.0,20.28,-0.108,1,2
3126,22.48,39.9,738.0,22.52,0.114,3,2
3127,23.55,62.8,894.0,22.89,0.155,2,2
3128,19.16,63.4,623.0,19.01,-0.367,2,2
3129,26.82,52.5,490.0,26.89,0.701,1,4
3130,23.59,52.1,1198.0,24.45,0.324,2,2
3131,19.55,35.8,725.0,19.9,-0.245,1,2
3132,19.47,38.9,548.0,19.51,-0.325,2,2
3133,20.12,61.6,569.0,19.38,-0.342,3,2
3134,27.15,40.5,925.0,27.31,0.575,2,2
3135,24.55,40.1,494.0,25.49,0.46,1,2
3136,27.16,58.0,809.0,26.83,0.575,2,3
3137,20.16,56.2,473.0,19.15,-0.386,2,2
3138,20.53,65.5,891.0,20.87,-0.096,3,2
3139,26.6,45.0,1051.0,26.34,0.414,4,2
3140,19.34,51.1,677.0,19.65,-0.28,4,1
3141,24.48,58.5,1172.0,24.97,0.284,3,2
3142,25.12,43.4,921.0,24.9,0.266,3,3
3143,20.61,40.8,909.0,19.94,-0.349,1,2
3144,20.56,68.7,740.0,21.38,0.073,4,2
3145,27.69,46.9,624.0,26.83,0.498,2,3
3146,18.48,38.2,652.0,17.97,-0.576,2,2
3147,22.36,52.4,925.0,22.92,0.146,4,2
3148,19.35,37.0,473.0,19.34,-0.313,3,2
3149,27.77,33.9,844.0,28.24,0.63,2,4
3150,27.12,63.5,504.0,27.46,0.427,3,2
3151,19.05,37.5,876.0,18.0,-0.393,3,3
3152,18.53,65.7,1134.0,18.05,-0.486,1,3
3153,20.42,46.3,830.0,19.87,-0.392,3,3
3154,20.89,65.3,580.0,21.0,-0.02,2,3
3155,20.21,42.0,608.0,19.58,-0.152,2,2
3156,24.22,41.7,743.0,24.89,0.327,1,2
3157,21.62,40.6,1078.0,21.78,0.002,2,2
3158,27.19,50.7,835.0,27.06,0.665,1,3
3159,21.43,32.4,861.0,22.36,-0.183,3,2
3160,19.68,36.8,832.0,20.18,-0.22,2,3
3161,24.78,54.6,475.0,23.51,0.279,2,2
3162,23.33,43.6,653.0,23.36,0.138,2,2
3163,26.86,59.8,799.0,26.91,0.365,3,2
3164,20.55,59.8,1145.0,20.12,-0.092,2,2
3165,20.89,51.6,507.0,21.51,-0.232,1,3
3166,19.32,35.0,992.0,18.57,-0.411,1,3
3167,26.97,30.6,920.0,27.34,0.481,2,1
3168,24.58,33.5,579.0,25.28,0.294,1,2
3169,24.65,35.9,979.0,25.34,0.417,2,0
3170,27.96,37.4,596.0,27.75,0.576,2,2
3171,18.04,50.0,527.0,18.55,-0.184,2,2
3172,19.62,39.3,990.0,19.61,-0.247,2,3
3173,18.3,61.9,562.0,18.69,-0.389,2,4
3174,20.11,65.8,643.0,20.0,-0.02,2,1
3175,18.14,60.7,625.0,18.74,-0.411,2,1
3176,20.89,35.8,473.0,21.94,-0.101,4,2
3177,24.7,43.3,915.0,24.9,0.346,3,2
3178,22.61,33.0,607.0,22.05,0.004,4,4
3179,20.03,34.3,1017.0,20.32,-0.199,2,0
3180,27.33,37.6,1148.0,26.56,0.418,1,2
3181,24.54,61.6,579.0,23.52,0.094,2,2
3182,23.79,30.2,1068.0,22.81,0.04,2,1
3183,22.09,35.1,406.0,22.27,0.116,2,1
3184,20.2,32.9,703.0,18.82,-0.425,0,2
3185,24.05,33.4,581.0,24.55,0.203,2,2
3186,25.85,32.3,686.0,25.09,0.238,3,2
3187,27.96,45.2,416.0,27.48,0.667,3,4
3188,23.75,47.3,928.0,23.97,0.13,2,2
3189,23.17,63.1,896.0,23.17,0.244,2,3
3190,19.15,44.4,701.0,19.51,-0.321,2,2
3191,25.59,59.3,846.0,26.73,0.586,2,2
3192,18.59,59.2,1045.0,18.28,-0.274,4,2
3193,23.51,57.2,1171.0,24.4,0.274,2,2
3194,24.62,44.8,771.0,23.84,0.2,4,2
3195,18.26,33.8,471.0,18.72,-0.411,0,1
3196,23.95,67.6,482.0,23.19,0.003,0,2
3197,19.96,48.3,812.0,19.11,-0.299,2,4
3198,19.36,42.6,1187.0,18.49,-0.28,2,3
3199,26.86,68.1,597.0,25.3,0.245,2,2
3200,27.95,47.6,722.0,29.01,0.873,2,2
3201,27.55,58.5,658.0,25.91,0.536,2,2
3202,19.62,57.9,1070.0,19.45,-0.35,2,2
3203,24.98,45.5,1105.0,24.92,0.35,3,2
3204,20.32,69.4,856.0,18.89,-0.391,1,0
3205,23.88,68.3,995.0,24.52,0.37,1,2
3206,21.49,63.8,706.0,19.92,-0.335,2,2
3207,24.88,56.6,1162.0,25.14,0.25,2,2
3208,24.72,49.9,815.0,24.48,0.218,3,2
3209,20.56,37.5,884.0,19.82,-0.289,2,2
3210,24.95,68.2,604.0,24.23,0.218,2,2
3211,21.27,41.4,893.0,19.44,-0.119,0,2
3212,20.9,43.3,854.0,19.86,-0.143,2,2
3213,20.7,68.6,503.0,20.35,-0.2,2,2
3214,19.52,56.4,1145.0,21.35,-0.06,2,2
3215,27.46,66.0,919.0,28.63,0.784,1,2
3216,23.56,31.7,1074.0,22.53,0.007,4,2
3217,22.58,32.4,665.0,23.0,0.173,3,2
3218,25.24,45.7,513.0,24.16,0.394,2,3
3219,21.36,46.8,1166.0,21.6,-0.249,2,4
3220,20.12,42.4,1055.0,19.91,-0.252,2,3
3221,26.19,63.7,813.0,24.84,0.144,2,4
3222,27.87,31.1,936.0,28.64,0.531,3,2
3223,27.5,69.7,567.0,28.71,0.769,2,2
3224,18.91,46.7,710.0,18.59,-0.224,0,2
3225,26.92,64.5,715.0,27.2,0.564,4,2
3226,25.05,34.5,1054.0,24.65,0.211,3,2
3227,18.08,63.5,560.0,18.41,-0.278,2,2
3228,25.22,51.9,1106.0,24.57,0.253,2,2
3229,20.55,39.9,424.0,20.61,0.015,2,2
3230,18.55,69.4,948.0,18.16,-0.342,4,2
3231,21.17,46.0,1183.0,19.44,-0.346,2,2
3232,25.22,59.7,842.0,25.44,0.302,2,2
3233,24.35,44.2,615.0,23.76,0.01,1,2
3234,27.54,57.0,643.0,28.23,0.689,3,2
3235,26.66,66.6,639.0,26.52,0.555,1,2
3236,19.88,36.0,735.0,20.31,-0.201,0,2
3237,24.31,37.6,730.0,24.34,0.232,1,2
3238,24.29,58.3,910.0,24.28,0.264,3,2
3239,22.46,60.5,879.0,22.43,-0.068,2,1
3240,21.53,66.6,940.0,20.31,-0.229,2,4
3241,23.31,39.1,833.0,23.23,0.173,2,1
3242,25.35,60.4,890.0,26.58,0.517,2,2
3243,25.0,38.5,855.0,25.26,0.329,1,2
3244,20.12,49.3,1110.0,20.46,-0.162,1,3
3245,24.0,42.7,806.0,24.54,0.259,2,2
3246,22.27,43.3,1046.0,22.44,0.139,2,1
3247,20.92,44.3,801.0,19.52,-0.182,2,1
3248,18.03,37.1,1030.0,18.1,-0.278,2,1
3249,23.66,32.7,898.0,22.58,0.137,2,2
3250,23.89,53.3,952.0,23.83,0.2,2,2
3251,25.72,36.6,750.0,26.13,0.302,2,2
3252,26.49,33.5,1193.0,27.62,0.631,2,2
3253,24.21,51.0,665.0,23.96,0.066,3,2
3254,19.05,68.9,901.0,18.29,-0.382,1,2
3255,22.34,45.5,879.0,21.51,0.018,3,3
3256,19.99,48.6,764.0,20.3,-0.279,2,2
3257,27.41,44.3,725.0,26.11,0.547,2,2
3258,24.32,53.9,899.0,24.65,0.338,2,2
3259,18.99,56.5,692.0,17.79,-0.401,1,1
3260,22.65,56.9,999.0,24.97,0.367,1,4
3261,18.04,63.2,917.0,18.83,-0.357,1,3
3262,25.38,49.6,701.0,25.93,0.196,1,1
3263,23.02,32.2,635.0,21.39,-0.089,2,2
3264,25.26,57.8,1130.0,24.39,0.268,1,1
3265,23.18,37.2,1125.0,22.48,-0.274,3,4
3266,20.62,67.9,888.0,21.99,-0.104,2,2
3267,19.7,37.5,1029.0,18.02,-0.359,2,2
3268,27.3,42.8,990.0,28.12,0.653,2,3
3269,22.81,43.8,755.0,23.99,0.093,2,2
3270,27.5,65.5,766.0,25.57,0.409,2,2
3271,27.54,52.4,917.0,26.17,0.313,2,2
3272,19.42,55.1,721.0,20.4,-0.182,2,3
3273,18.08,52.3,541.0,19.22,-0.148,2,0
3274,24.19,66.0,1124.0,24.35,0.312,2,1
3275,22.98,63.6,668.0,22.68,0.273,2,4
3276,18.95,54.1,1055.0,17.99,-0.443,3,2
3277,18.11,56.6,1037.0,17.59,-0.379,2,3
3278,23.57,56.6,999.0,23.86,0.268,1,4
3279,18.02,42.1,1064.0,18.14,-0.291,2,2
3280,20.03,40.0,802.0,20.29,-0.098,3,2
3281,19.14,70.0,922.0,19.74,-0.114,2,2
3282,25.47,56.1,736.0,24.23,0.314,2,2
3283,24.84,40.0,819.0,25.45,0.403,2,2
3284,26.52,37.3,851.0,25.56,0.666,3,3
3285,26.86,45.1,568.0,27.24,0.658,2,3
3286,18.03,59.2,423.0,17.72,-0.408,2,2
3287,19.06,61.6,871.0,19.65,-0.305,1,2
3288,26.28,44.7,1102.0,26.51,0.349,2,4
3289,26.43,41.2,915.0,28.17,0.64,2,1
3290,25.47,62.8,628.0,24.44,0.25,2,4
3291,27.57,63.6,955.0,28.96,0.696,1,2
3292,24.24,50.9,668.0,23.88,0.273,1,1
3293,25.68,51.3,1178.0,25.13,0.017,0,2
3294,18.48,38.7,955.0,19.01,-0.321,3,2
3295,25.86,54.4,951.0,25.15,0.35,1,2
3296,25.47,65.2,837.0,26.27,0.278,2,2
3297,25.61,37.0,691.0,26.01,0.369,2,2
3298,27.24,34.8,776.0,27.19,0.419,1,2
3299,24.27,32.7,546.0,24.91,0.181,4,3
3300,26.73,38.6,576.0,26.37,0.371,3,2
3301,22.62,65.1,1031.0,22.87,-0.057,3,2
3302,21.75,41.0,1149.0,21.45,0.038,3,3
3303,21.09,63.3,1122.0,21.2,-0.081,2,2
3304,18.17,34.9,853.0,18.94,-0.57,3,2
3305,21.74,50.4,482.0,22.1,-0.02,2,2
3306,26.79,55.8,415.0,27.23,0.625,3,2
3307,19.82,44.4,689.0,19.66,-0.307,1,2
3308,19.24,69.9,1002.0,18.96,-0.48,2,2
3309,18.55,41.2,1120.0,19.56,-0.441,1,3
3310,24.19,42.1,810.0,23.2,0.2,3,2
3311,18.73,39.9,745.0,20.74,-0.078,2,2
3312,24.82,58.1,789.0,24.36,0.166,2,1
3313,22.31,55.4,1176.0,22.73,0.172,2,1
3314,23.08,53.2,762.0,24.15,0.294,2,2
3315,18.45,52.1,761.0,18.5,-0.676,3,2
3316,27.73,60.2,884.0,27.05,0.474,2,2
3317,20.4,52.7,442.0,21.08,-0.013,3,3
3318,22.33,67.4,658.0,21.82,-0.034,2,2
3319,26.29,32.3,661.0,25.69,0.457,1,0
3320,20.24,30.5,736.0,20.21,0.017,2,2
3321,21.93,68.0,574.0,20.64,-0.1,1,2
3322,22.36,43.0,472.0,22.27,0.033,2,3
3323,25.73,47.1,1199.0,27.4,0.618,3,2
3324,22.36,55.8,1181.0,23.0,0.026,2,1
3325,25.33,63.2,1040.0,25.49,0.354,2,2
3326,25.47,66.4,597.0,26.03,0.406,2,2
3327,21.56,30.8,512.0,20.8,-0.23,2,3
3328,19.38,53.0,453.0,20.5,-0.313,2,2
3329,18.9,56.6,742.0,20.62,-0.159,2,3
3330,21.14,64.5,790.0,22.71,0.19,2,2
3331,25.78,46.4,1092.0,26.02,0.446,1,4
3332,26.21,45.8,674.0,25.51,0.163,2,3
3333,21.78,30.2,986.0,21.06,-0.013,2,2
3334,26.73,45.0,635.0,27.1,0.473,2,3
3335,19.32,61.9,543.0,18.58,-0.254,2,1
3336,24.82,69.5,1119.0,27.29,0.45,2,2
3337,21.12,32.7,1042.0,21.56,0.061,2,2
3338,18.9,45.2,879.0,20.16,-0.061,3,2
3339,21.5,68.0,1146.0,21.28,-0.282,4,2
3340,22.86,44.3,435.0,22.41,0.066,3,2
3341,18.68,43.6,508.0,18.12,-0.239,2,2
3342,24.98,32.0,441.0,26.22,0.215,0,2
3343,26.36,52.7,1080.0,27.05,0.613,2,2
3344,23.55,39.2,634.0,23.34,0.109,2,2
3345,24.31,52.5,1052.0,25.76,0.402,2,3
3346,25.12,67.1,615.0,25.8,0.471,4,2
3347,24.71,39.2,594.0,25.52,0.277,2,3
3348,23.48,30.9,759.0,24.19,0.22,2,3
3349,20.63,69.1,992.0,20.31,-0.221,2,2
3350,26.42,60.5,830.0,26.09,0.267,2,1
3351,19.89,30.2,922.0,20.5,-0.129,3,2
3352,26.29,57.4,1016.0,25.81,0.088,4,2
3353,18.05,47.2,1002.0,18.18,-0.492,1,4
3354,20.56,52.6,691.0,19.66,-0.05,2,3
3355,19.23,44.6,661.0,18.31,-0.582,2,2
3356,27.69,33.0,855.0,25.66,0.464,2,2
3357,19.65,64.3,588.0,21.19,-0.176,3,2
3358,27.68,33.4,961.0,28.04,0.676,1,2
3359,20.91,68.7,442.0,20.91,-0.173,2,2
3360,21.04,67.4,860.0,21.93,-0.008,2,1
3361,20.72,44.0,1142.0,20.8,-0.148,2,0
3362,27.52,30.3,925.0,28.38,0.662,2,2
3363,19.13,48.5,534.0,20.68,-0.095,1,2
3364,23.1,46.7,694.0,23.24,0.335,4,2
3365,24.95,48.1,446.0,25.14,0.259,1,2
3366,23.72,49.9,526.0,23.22,0.195,2,2
3367,24.17,52.7,403.0,25.69,0.358,1,2
3368,18.86,60.9,790.0,18.72,-0.397,2,2
3369,19.04,31.4,763.0,18.95,-0.173,2,3
3370,24.66,67.6,775.0,24.27,0.124,2,1
3371,23.72,51.9,779.0,23.03,-0.022,3,2
3372,20.05,34.3,708.0,19.19,-0.195,2,2
3373,23.12,64.0,605.0,23.51,0.235,4,2
3374,19.48,55.5,690.0,18.67,-0.241,2,2
3375,23.01,48.7,1089.0,23.81,0.059,4,1
3376,26.49,44.0,688.0,26.73,0.625,2,2
3377,22.11,62.3,566.0,22.28,-0.103,0,2
3378,20.73,56.4,965.0,21.16,-0.068,4,1
3379,19.09,30.7,1170.0,18.94,-0.245,2,3
3380,25.15,43.2,829.0,24.69,0.207,3,3
3381,25.08,52.4,1055.0,25.15,0.281,2,2
3382,22.61,67.9,862.0,21.81,-0.039,3,2
3383,26.01,31.4,927.0,25.05,0.289,1,1
3384,20.26,54.6,793.0,21.81,-0.081,2,3
3385,21.24,49.3,1072.0,22.13,0.059,2,2
3386,20.9,47.8,1095.0,20.22,-0.16,2,2
3387,20.44,34.6,1003.0,21.71,0.081,0,3
3388,22.95,50.6,526.0,23.02,0.152,4,2
3389,20.14,30.5,787.0,21.14,-0.156,2,3
3390,19.47,54.9,966.0,19.81,-0.23,1,3
3391,24.96,40.2,1015.0,24.05,0.207,2,2
3392,23.33,61.1,500.0,23.92,0.308,2,2
3393,21.03,60.2,780.0,21.33,-0.149,2,3
3394,19.6,56.0,785.0,19.81,-0.211,3,2
3395,18.69,38.7,657.0,19.02,-0.267,2,2
3396,23.61,37.3,753.0,23.57,0.08,2,2
3397,23.58,40.1,912.0,23.31,0.14,2,2
3398,22.42,59.8,795.0,21.9,-0.04,2,1
3399,20.53,49.3,565.0,19.96,-0.183,2,2
3400,21.79,33.6,1103.0,19.92,-0.355,3,2
3401,22.2,68.9,796.0,22.96,0.15,2,2
3402,18.31,33.0,939.0,18.38,-0.32,2,2
3403,27.42,40.9,1057.0,28.27,0.67,2,2
3404,23.99,46.0,866.0,22.63,0.029,0,1
3405,20.98,65.1,751.0,21.64,-0.159,2,2
3406,21.22,61.2,1145.0,23.14,0.046,3,2
3407,27.61,42.1,1131.0,27.45,0.358,2,2
3408,19.31,48.7,522.0,20.87,-0.266,2,2
3409,19.59,30.7,976.0,20.63,-0.33,3,2
3410,24.61,50.8,1079.0,24.82,0.238,2,2
3411,25.03,67.4,568.0,25.43,0.257,2,2
3412,19.09,63.6,670.0,18.17,-0.446,2,2
3413,19.74,58.4,602.0,21.59,-0.04,2,3
3414,22.59,49.4,501.0,22.03,0.021,1,3
3415,25.69,59.6,860.0,25.45,0.436,2,2
3416,20.49,55.1,875.0,20.45,-0.127,2,2
3417,24.73,38.0,893.0,25.46,0.565,2,2
3418,21.75,50.4,582.0,20.9,-0.214,2,2
3419,25.17,40.3,1170.0,25.05,0.313,1,2
3420,18.3,49.5,856.0,18.7,-0.441,1,2
3421,20.54,65.4,764.0,20.73,0.029,2,2
3422,24.37,30.8,1032.0,24.45,0.279,2,1
3423,21.9,36.6,981.0,20.81,0.015,2,2
3424,20.47,36.5,1124.0,18.77,-0.328,2,1
3425,23.53,56.4,432.0,24.26,0.181,2,2
3426,22.13,45.4,1116.0,22.17,0.01,3,3
3427,25.45,68.6,465.0,25.84,0.445,3,2
3428,26.34,65.3,1026.0,26.08,0.213,2,2
3429,20.3,64.0,739.0,20.9,-0.174,2,2
3430,18.07,58.8,695.0,17.6,-0.464,2,2
3431,18.18,37.7,1198.0,17.66,-0.337,2,1
3432,25.39,36.0,754.0,26.03,0.351,2,2
3433,18.94,40.6,1067.0,19.11,-0.203,2,2
3434,22.74,44.4,942.0,22.16,0.197,3,3
3435,21.24,55.6,658.0,21.35,-0.187,3,0
3436,18.83,64.7,771.0,17.69,-0.22,4,2
3437,20.83,67.4,1001.0,20.28,-0.021,3,4
3438,18.62,35.7,506.0,18.0,-0.449,3,2
3439,25.49,31.9,704.0,25.03,0.504,3,2
3440,20.0,39.9,843.0,20.23,-0.33,2,2
3441,26.64,59.1,988.0,25.28,0.418,2,2
3442,21.34,58.9,486.0,20.74,-0.069,2,4
3443,18.45,47.8,681.0,17.83,-0.551,3,2
3444,22.93,43.6,537.0,22.47,0.154,2,3
3445,27.64,52.7,787.0,28.34,0.788,2,2
3446,26.48,36.9,730.0,25.66,0.263,2,2
3447,21.8,53.4,979.0,22.57,0.096,2,2
3448,18.57,30.2,450.0,19.27,-0.367,3,0
3449,26.68,63.3,1165.0,28.28,0.669,2,2
3450,26.22,67.1,678.0,26.45,0.561,2,2
3451,25.48,64.5,1094.0,26.06,0.576,1,3
3452,21.9,50.6,848.0,21.51,-0.211,2,1
3453,26.26,69.5,1105.0,25.9,0.355,0,2
3454,24.95,69.8,1052.0,25.22,0.428,4,2
3455,25.21,33.4,745.0,23.78,0.087,1,2
3456,21.07,62.8,1115.0,21.78,-0.133,2,1
3457,24.39,69.4,634.0,25.32,0.346,2,2
3458,26.7,63.8,1197.0,27.63,0.408,2,3
3459,26.95,38.5,1121.0,26.34,0.438,2,2
3460,26.04,46.5,1002.0,24.94,0.177,2,2
3461,27.38,36.3,725.0,26.61,0.43,2,2
3462,26.82,45.2,454.0,25.88,0.553,2,3
3463,24.21,56.0,705.0,22.96,-0.293,1,0
3464,18.05,56.3,725.0,18.67,-0.348,2,2
3465,27.07,61.1,998.0,26.89,0.546,2,2
3466,19.2,65.4,925.0,18.85,-0.365,2,2
3467,24.14,64.3,497.0,23.9,0.184,2,3
3468,23.97,54.6,475.0,23.32,0.084,0,2
3469,26.26,53.6,1028.0,25.06,0.402,3,2
3470,23.49,64.4,801.0,23.72,0.293,3,2
3471,20.5,69.9,885.0,20.27,-0.161,2,2
3472,24.09,46.7,850.0,24.58,0.143,2,2
3473,18.52,58.2,1135.0,18.41,-0.39,4,2
3474,22.62,66.0,733.0,21.74,0.02,3,2
3475,22.64,56.3,808.0,22.46,0.019,1,1
3476,18.96,51.0,1002.0,19.12,-0.422,2,3
3477,22.6,44.2,765.0,22.04,-0.0,2,1
3478,18.78,50.9,727.0,19.0,-0.374,3,2
3479,21.11,32.9,792.0,21.28,-0.103,4,2
3480,23.44,38.7,717.0,22.43,0.082,2,2
3481,26.17,30.9,907.0,25.36,0.317,2,2
3482,24.19,50.3,805.0,24.34,0.246,2,2
3483,23.94,37.7,558.0,24.17,0.161,2,2
3484,25.09,61.6,1019.0,22.81,0.122,2,2
3485,22.36,58.4,1089.0,20.39,-0.262,2,2
3486,26.02,44.1,728.0,26.75,0.481,2,3
3487,25.89,63.3,904.0,25.07,0.25,2,3
3488,18.94,63.2,885.0,18.94,-0.308,1,2
3489,18.93,47.3,1037.0,19.71,-0.097,3,2
3490,24.79,69.3,544.0,24.6,0.105,2,2
3491,23.37,59.8,507.0,22.98,0.119,2,2
3492,22.44,62.7,613.0,20.72,-0.212,3,3
3493,21.91,43.0,1095.0,21.21,-0.016,2,1
3494,23.69,37.5,1197.0,25.82,0.271,3,2
3495,21.53,42.6,873.0,21.92,-0.024,2,2
3496,22.87,51.6,651.0,22.79,0.155,2,2
3497,23.06,45.0,443.0,22.76,-0.061,2,3
3498,27.02,54.1,543.0,28.15,0.63,2,1
3499,20.75,41.2,920.0,21.58,-0.061,2,2
3500,19.03,52.3,1133.0,18.45,-0.184,1,2
3501,20.48,59.8,869.0,20.42,-0.206,0,3
3502,27.22,32.8,1147.0,28.09,0.648,2,2
3503,23.54,69.8,946.0,23.02,0.001,1,2
3504,21.36,69.4,656.0,20.92,0.032,3,0
3505,19.41,33.0,737.0,19.14,-0.184,2,2
3506,18.34,53.6,468.0,18.7,-0.137,2,3
3507,21.07,41.8,1032.0,20.42,-0.257,3,2
3508,25.97,67.7,808.0,26.99,0.315,3,2
3509,24.61,61.7,1044.0,25.05,0.283,2,3
3510,26.79,69.7,497.0,27.42,0.72,1,3
3511,19.77,53.7,700.0,19.15,-0.314,2,2
3512,23.91,65.0,464.0,24.07,0.271,2,2
3513,23.06,45.1,1155.0,23.71,0.205,2,2
3514,27.21,34.0,549.0,27.52,0.752,2,3
3515,25.61,53.2,1123.0,25.84,0.358,3,2
3516,23.01,38.1,909.0,23.37,0.111,1,4
3517,24.25,47.1,1078.0,23.87,0.253,1,1
3518,27.73,63.9,838.0,27.47,0.589,2,2
3519,19.48,58.7,878.0,18.81,-0.008,3,2
3520,26.66,49.2,670.0,27.26,0.612,3,2
3521,24.23,47.3,716.0,24.49,0.156,2,1
3522,20.35,38.0,429.0,19.68,-0.276,3,1
3523,20.94,30.5,830.0,20.59,-0.103,2,2
3524,19.82,56.5,516.0,18.59,-0.232,2,1
3525,24.01,34.0,587.0,24.99,0.299,2,2
3526,19.92,32.5,1071.0,20.32,0.143,3,3
3527,19.83,53.8,1180.0,20.03,-0.195,2,2
3528,18.48,42.5,601.0,17.36,-0.608,2,3
3529,20.51,34.3,1124.0,20.18,-0.26,2,4
3530,21.85,53.9,548.0,23.57,0.053,2,2
3531,20.05,42.5,689.0,20.45,-0.023,2,2
3532,22.19,54.8,846.0,20.54,-0.109,1,2
3533,23.55,69.6,669.0,23.85,0.427,2,2
3534,19.5,47.2,597.0,18.19,-0.278,1,2
3535,20.6,69.8,1197.0,19.18,-0.231,2,3
3536,27.36,69.0,498.0,28.62,0.698,2,3
3537,25.5,45.7,611.0,25.46,0.345,2,1
3538,26.84,61.7,621.0,27.83,0.698,3,2
3539,23.57,46.3,786.0,22.72,-0.001,2,3
3540,20.37,53.9,922.0,21.38,0.009,2,2
3541,20.9,38.4,775.0,21.31,-0.069,2,1
3542,21.45,50.7,896.0,22.79,0.298,1,2
3543,25.07,40.9,868.0,24.32,0.175,3,2
3544,19.11,39.7,587.0,19.24,-0.344,3,1
3545,23.74,65.5,656.0,23.07,0.003,2,2
3546,24.1,49.8,416.0,21.96,0.123,2,2
3547,21.59,43.8,1148.0,22.62,0.102,2,1
3548,24.11,48.2,449.0,23.86,0.139,1,0
3549,19.58,70.0,814.0,20.28,0.037,2,2
3550,27.23,38.9,539.0,27.4,0.4,4,0
3551,26.07,67.0,807.0,27.15,0.507,3,2
3552,26.94,36.5,695.0,27.67,0.525,2,2
3553,18.8,68.8,745.0,19.66,-0.222,2,2
3554,18.51,60.9,1072.0,18.13,-0.401,2,2
3555,27.18,60.7,905.0,27.49,0.38,2,2
3556,23.87,34.8,506.0,23.85,0.133,3,2
3557,25.52,63.7,561.0,25.84,0.53,2,2
3558,18.56,36.6,722.0,19.12,-0.207,2,3
3559,26.45,57.6,575.0,25.38,0.195,1,4
3560,19.21,50.3,747.0,18.99,-0.344,2,2
3561,23.76,49.9,1111.0,24.27,0.34,3,2
3562,25.84,36.6,1155.0,26.31,0.54,2,2
3563,20.51,39.0,917.0,18.89,-0.225,2,1
3564,18.04,46.4,1199.0,17.69,-0.557,2,2
3565,26.85,43.4,885.0,27.25,0.428,2,2
3566,27.11,55.9,994.0,26.67,0.53,3,2
3567,20.83,36.7,891.0,19.62,-0.26,2,2
3568,24.57,50.2,609.0,25.71,0.198,2,1
3569,19.19,39.5,557.0,19.7,-0.27,2,3
3570,26.36,53.7,556.0,26.42,0.473,4,1
3571,24.35,54.7,683.0,25.38,0.396,2,3
3572,27.44,50.9,862.0,28.03,0.452,1,3
3573,26.06,31.6,791.0,24.56,0.265,4,2
3574,19.63,55.4,767.0,19.55,-0.188,4,2
3575,27.11,63.6,562.0,26.87,0.512,2,2
3576,27.03,50.6,580.0,26.71,0.545,2,2
3577,20.69,42.1,600.0,21.83,-0.224,2,3
3578,20.56,42.7,824.0,20.14,-0.342,2,3
3579,20.73,53.8,409.0,20.62,-0.21,2,4
3580,24.96,53.0,1120.0,26.09,0.377,2,2
3581,25.85,56.3,632.0,25.78,0.495,3,2
3582,24.68,60.9,413.0,24.75,0.305,3,1
3583,21.8,57.4,803.0,23.18,0.134,1,2
3584,26.76,49.8,917.0,26.38,0.459,2,2
3585,23.89,42.4,661.0,23.28,0.251,3,3
3586,26.69,50.1,565.0,26.61,0.467,3,2
3587,19.11,60.7,533.0,19.31,-0.164,2,1
3588,21.04,49.9,1159.0,21.38,-0.066,2,2
3589,19.83,65.7,1034.0,19.84,-0.334,2,2
3590,26.17,49.3,428.0,26.64,0.513,2,2
3591,24.74,64.3,1192.0,24.15,0.197,2,2
3592,22.1,31.0,635.0,19.53,-0.217,2,3
3593,23.61,41.8,607.0,24.29,0.219,3,3
3594,23.41,31.6,969.0,25.02,0.378,2,3
3595,26.88,51.4,998.0,26.11,0.148,3,2
3596,22.79,62.1,714.0,23.62,0.165,2,2
3597,27.68,62.9,717.0,27.35,0.487,3,3
3598,21.45,41.4,745.0,21.9,-0.026,2,2
3599,27.18,52.0,981.0,26.05,0.397,0,2
3600,19.78,33.8,409.0,18.73,-0.471,1,2
3601,18.55,50.9,1122.0,18.87,-0.267,2,2
3602,25.93,38.5,1197.0,25.21,0.404,2,2
3603,24.26,40.9,818.0,24.53,0.157,4,0
3604,21.01,53.8,774.0,21.91,0.134,2,3
3605,25.79,58.6,704.0,25.58,0.286,3,2
3606,26.72,41.8,950.0,26.34,0.356,2,1
3607,26.84,56.7,527.0,27.69,0.568,3,2
3608,21.53,35.3,627.0,23.39,0.054,2,2
3609,27.34,50.6,625.0,27.76,0.605,2,2
3610,21.79,58.0,638.0,23.87,0.067,3,2
3611,18.62,51.3,537.0,18.46,-0.291,3,2
3612,26.14,47.4,1195.0,26.54,0.463,2,3
3613,20.59,35.8,724.0,20.45,-0.29,3,2
3614,26.94,50.9,560.0,25.84,0.228,0,2
3615,23.34,66.9,959.0,21.99,0.009,2,3
3616,18.23,60.9,901.0,19.52,-0.321,2,2
3617,19.51,52.7,757.0,18.45,-0.257,2,2
3618,25.89,46.6,1142.0,26.53,0.442,3,2
3619,23.77,40.3,1096.0,24.55,0.388,2,2
3620,24.51,68.1,565.0,23.51,0.235,2,3
3621,18.58,43.8,1185.0,18.38,-0.464,2,2
3622,19.55,41.3,1087.0,19.02,-0.286,2,2
3623,25.66,40.6,797.0,23.72,0.28,2,3
3624,23.41,55.9,974.0,23.49,0.181,1,4
3625,25.07,48.4,593.0,24.51,0.332,2,4
3626,18.73,50.8,835.0,18.19,-0.518,2,1
3627,26.55,35.3,826.0,26.67,0.48,2,2
3628,26.23,32.2,804.0,26.49,0.608,2,2
3629,23.37,40.0,635.0,23.81,0.206,1,2
3630,19.36,39.5,724.0,19.17,-0.224,2,2
3631,20.31,60.4,574.0,20.17,-0.174,2,1
3632,19.74,60.5,1195.0,20.74,-0.351,2,2
3633,26.62,40.9,793.0,27.21,0.48,1,3
3634,18.99,30.3,1118.0,19.79,-0.207,2,2
3635,24.76,63.6,759.0,24.3,0.252,1,2
3636,24.31,58.6,904.0,24.7,0.194,2,4
3637,24.07,48.9,976.0,23.71,0.336,3,2
3638,26.16,63.5,631.0,25.58,0.525,2,3
3639,24.2,69.7,613.0,23.83,0.126,2,2
3640,23.41,55.4,908.0,24.67,0.343,1,1
3641,21.53,35.7,1027.0,21.11,0.109,1,3
3642,27.09,34.6,666.0,27.2,0.685,2,2
3643,27.1,57.8,958.0,28.78,0.715,2,4
3644,20.39,68.8,733.0,19.78,-0.39,2,2
3645,18.68,62.8,778.0,19.14,-0.261,2,2
3646,20.18,48.8,1013.0,19.93,-0.232,1,1
3647,22.26,61.1,989.0,23.26,0.309,1,2
3648,19.69,62.7,996.0,19.44,-0.532,2,2
3649,20.4,37.3,1169.0,19.96,-0.116,2,1
3650,27.21,62.7,638.0,26.87,0.519,2,2
3651,22.23,44.1,459.0,20.64,-0.192,2,2
3652,19.17,60.7,1028.0,18.5,-0.443,3,2
3653,26.92,46.1,597.0,27.68,0.558,3,2
3654,24.41,31.5,591.0,25.65,0.369,2,1
3655,27.41,38.9,809.0,26.82,0.361,2,1
3656,19.31,43.5,1125.0,19.46,-0.138,2,2
3657,24.9,40.2,726.0,25.76,0.498,4,2
3658,23.41,67.8,1133.0,22.99,0.235,2,4
3659,20.81,40.2,938.0,20.72,-0.252,2,1
3660,27.27,60.8,786.0,26.46,0.439,3,2
3661,27.75,63.2,765.0,27.22,0.417,0,2
3662,18.75,45.3,771.0,18.7,-0.332,2,4
3663,26.88,53.4,482.0,26.34,0.424,1,1
3664,23.05,57.3,795.0,23.21,0.113,2,2
3665,25.27,39.6,502.0,24.19,0.138,2,2
3666,21.84,37.6,1020.0,21.66,-0.024,2,3
3667,27.82,66.8,1132.0,28.38,0.721,2,2
3668,19.8,53.9,607.0,19.68,-0.433,2,3
3669,24.0,56.0,501.0,24.81,0.151,3,1
3670,20.99,54.0,1069.0,21.4,-0.134,2,2
3671,20.06,52.5,773.0,20.31,-0.096,2,1
3672,25.51,42.9,1044.0,24.73,0.35,2,1
3673,25.64,38.5,926.0,24.69,0.212,2,2
3674,26.46,33.2,746.0,26.77,0.511,3,2
3675,19.72,32.7,1011.0,20.11,-0.24,2,2
3676,24.86,50.0,455.0,24.88,0.244,3,1
3677,19.45,67.4,541.0,19.68,-0.066,2,2
3678,23.83,40.1,949.0,23.05,0.205,2,3
3679,26.66,48.2,494.0,26.5,0.459,2,1
3680,27.3,52.0,626.0,27.54,0.567,3,3
3681,18.17,61.9,440.0,19.14,-0.336,2,2
3682,21.14,41.3,702.0,21.28,-0.064,4,2
3683,20.03,37.9,893.0,21.41,-0.17,2,1
3684,26.47,44.8,871.0,27.01,0.414,2,2
3685,21.62,56.7,943.0,21.42,0.099,2,3
3686,27.32,59.8,443.0,25.69,0.324,2,2
3687,21.08,68.2,761.0,21.9,0.182,2,1
3688,18.84,53.2,1110.0,17.78,-0.55,2,1
3689,22.12,66.3,443.0,22.4,0.017,2,2
3690,27.85,54.5,971.0,26.64,0.517,2,2
3691,20.75,35.4,1017.0,19.35,-0.23,2,2
3692,23.0,45.4,721.0,23.43,-0.035,4,2
3693,19.23,36.1,759.0,19.41,-0.274,4,3
3694,20.94,63.2,1154.0,21.29,-0.146,2,1
3695,27.89,67.0,1007.0,27.99,0.613,2,2
3696,25.69,59.6,1010.0,24.83,0.204,2,3
3697,19.79,30.8,757.0,20.78,-0.17,3,2
3698,19.15,48.8,447.0,19.56,-0.374,2,2
3699,18.63,38.8,695.0,17.41,-0.491,2,4
3700,27.86,67.7,862.0,28.18,0.643,2,2
3701,27.07,48.3,698.0,28.02,0.497,2,2
3702,23.48,60.3,522.0,24.63,0.474,1,2
3703,21.14,56.7,437.0,21.09,-0.161,1,0
3704,24.52,44.6,1016.0,23.83,0.201,2,1
3705,25.96,50.9,626.0,26.97,0.492,2,2
3706,21.9,47.0,412.0,21.04,-0.096,2,2
3707,18.52,67.5,568.0,18.27,-0.299,2,2
3708,25.33,59.8,505.0,24.38,0.213,1,3
3709,25.18,45.5,1200.0,25.66,0.395,2,2
3710,23.36,47.9,466.0,23.58,0.172,3,2
3711,22.49,59.2,588.0,22.54,0.106,2,2
3712,25.03,61.6,874.0,25.19,0.054,4,3
3713,27.24,41.2,694.0,25.84,0.224,2,2
3714,22.37,45.9,1026.0,21.61,-0.032,2,2
3715,21.3,52.8,904.0,21.94,-0.15,2,2
3716,19.42,61.5,717.0,18.65,-0.241,2,3
3717,24.76,47.0,1106.0,23.46,0.392,2,2
3718,18.53,54.3,750.0,19.32,-0.281,2,2
3719,21.51,38.6,515.0,21.49,-0.225,2,1
3720,25.18,51.9,776.0,23.84,0.238,3,2
3721,27.65,56.2,968.0,27.44,0.549,2,1
3722,19.44,48.7,635.0,18.41,-0.325,2,3
3723,22.36,38.6,1057.0,22.15,-0.197,2,2
3724,27.09,44.8,426.0,28.78,0.789,2,2
3725,24.6,55.9,982.0,23.61,0.102,3,3
3726,27.63,68.5,1152.0,25.89,0.545,2,3
3727,23.04,58.5,993.0,23.29,0.302,1,2
3728,18.78,55.5,1096.0,19.65,-0.155,1,2
3729,26.14,62.6,1060.0,26.56,0.423,2,2
3730,26.56,36.7,475.0,26.98,0.507,1,1
3731,25.09,57.5,1091.0,24.94,0.202,2,4
3732,20.67,63.8,1038.0,19.74,-0.196,2,4
3733,19.48,44.9,1086.0,17.62,-0.632,1,2
3734,22.73,31.8,753.0,23.25,-0.013,1,2
3735,18.94,34.7,994.0,18.81,-0.156,0,1
3736,18.24,63.0,643.0,18.55,-0.339,2,1
3737,24.8,66.8,959.0,25.34,0.306,2,4
3738,25.93,56.0,736.0,25.31,0.45,4,2
3739,18.38,36.0,695.0,16.72,-0.565,1,2
3740,19.71,35.3,582.0,19.81,-0.235,4,3
3741,26.7,63.1,997.0,27.27,0.694,1,3
3742,26.83,48.9,652.0,27.14,0.615,2,2
3743,19.83,50.6,879.0,19.48,-0.306,2,2
3744,23.03,55.0,1031.0,23.39,0.134,3,3
3745,22.65,58.6,1020.0,22.46,-0.053,3,2
3746,26.38,31.2,929.0,26.04,0.341,2,2
3747,25.41,49.9,533.0,24.42,0.302,3,3
3748,20.15,56.7,1102.0,18.68,-0.302,2,2
3749,24.39,38.2,574.0,24.67,0.061,2,2
3750,18.59,59.6,1195.0,19.93,-0.127,2,1
3751,25.0,42.8,1112.0,24.48,0.201,2,2
3752,26.17,42.0,486.0,26.62,0.449,3,2
3753,24.76,64.4,884.0,25.08,0.04,4,2
3754,18.57,65.8,1111.0,18.58,-0.281,4,2
3755,18.54,34.9,1192.0,18.09,-0.292,2,1
3756,23.9,44.1,873.0,23.51,0.369,2,2
3757,22.57,36.4,741.0,21.45,-0.181,1,1
3758,19.31,48.7,732.0,19.47,-0.212,1,2
3759,20.65,32.7,940.0,19.61,-0.25,4,0
3760,25.13,59.6,837.0,25.4,0.27,1,1
3761,23.87,56.2,584.0,23.57,0.105,2,1
3762,24.22,45.6,582.0,23.09,0.029,2,2
3763,27.77,60.2,661.0,27.6,0.409,3,3
3764,19.37,37.1,696.0,19.86,-0.319,2,2
3765,23.06,41.9,1129.0,22.37,-0.009,2,2
3766,22.54,55.0,609.0,23.36,0.079,1,2
3767,20.24,64.7,687.0,20.69,-0.1,2,1
3768,19.36,65.5,439.0,20.2,-0.13,2,1
3769,19.31,60.8,1143.0,21.01,-0.415,2,2
3770,22.9,58.7,577.0,22.16,-0.027,3,2
3771,18.61,43.0,1151.0,17.17,-0.373,1,3
3772,24.63,56.9,883.0,24.27,0.107,2,2
3773,18.92,40.7,1028.0,20.57,-0.276,2,3
3774,19.71,56.1,721.0,19.13,-0.268,2,2
3775,19.44,48.0,841.0,20.47,-0.027,3,4
3776,19.64,57.3,1003.0,18.51,-0.43,2,2
3777,20.56,52.5,1176.0,21.29,-0.101,0,3
3778,23.04,66.0,1142.0,23.56,0.079,3,4
3779,25.55,60.1,1011.0,25.51,0.363,3,1
3780,24.94,38.7,558.0,25.14,0.419,1,2
3781,23.37,38.9,563.0,22.27,0.208,3,2
3782,22.59,63.9,907.0,23.89,0.189,1,3
3783,23.71,69.9,804.0,25.12,0.225,2,3
3784,19.0,52.5,861.0,19.3,-0.335,2,2
3785,23.01,57.3,893.0,22.33,0.286,2,2
3786,23.84,37.9,719.0,25.12,0.213,3,1
3787,24.8,60.7,1065.0,24.34,0.132,1,2
3788,26.85,48.6,458.0,27.91,0.562,2,3
3789,24.91,30.7,449.0,25.0,0.216,2,3
3790,21.2,67.6,599.0,21.95,0.123,2,2
3791,21.35,46.3,862.0,21.42,0.048,3,2
3792,18.2,53.5,1024.0,18.82,-0.323,1,3
3793,20.11,32.5,762.0,18.86,-0.225,2,1
3794,27.41,59.7,662.0,27.73,0.607,2,1
3795,21.05,52.2,912.0,20.11,-0.102,3,2
3796,21.05,42.0,726.0,20.9,-0.114,2,2
3797,18.63,38.3,642.0,18.94,-0.315,3,2
3798,18.27,45.0,1074.0,17.46,-0.444,3,1
3799,23.64,40.6,1193.0,24.89,0.308,4,0
3800,19.74,54.8,741.0,19.52,-0.195,3,2
3801,26.05,53.8,742.0,24.02,0.091,2,1
3802,20.13,35.5,404.0,20.99,-0.196,2,3
3803,21.6,51.4,469.0,22.67,0.161,1,2
3804,27.53,38.3,962.0,26.86,0.459,2,2
3805,26.79,46.3,579.0,27.39,0.681,2,2
3806,25.26,43.0,582.0,24.09,0.178,3,2
3807,27.29,68.0,555.0,26.54,0.491,2,3
3808,23.21,50.8,834.0,23.05,0.061,2,3
3809,27.01,41.0,757.0,27.05,0.624,2,2
3810,27.49,38.8,497.0,27.88,0.552,3,2
3811,19.18,66.2,1179.0,18.67,-0.296,2,1
3812,25.13,38.5,744.0,24.89,0.283,2,2
3813,19.1,44.6,1157.0,19.32,-0.166,2,2
3814,24.94,61.1,1173.0,24.61,0.202,2,2
3815,23.27,66.7,491.0,22.83,-0.082,3,2
3816,18.35,60.1,818.0,18.25,-0.455,2,2
3817,20.86,67.9,1073.0,20.96,-0.156,1,0
3818,23.43,48.0,922.0,23.24,0.064,0,3
3819,21.83,37.2,1119.0,23.92,0.103,2,2
3820,27.0,68.9,995.0,26.91,0.582,2,0
3821,19.4,33.2,765.0,20.45,-0.146,2,3
3822,24.81,37.3,1052.0,25.06,0.328,2,4
3823,21.55,61.2,846.0,21.76,-0.048,2,2
3824,25.45,44.9,660.0,24.87,0.347,2,2
3825,27.66,55.1,695.0,26.66,0.359,1,1
3826,22.61,57.6,1094.0,21.99,-0.084,2,2
3827,27.09,66.8,517.0,26.5,0.596,4,2
3828,18.1,36.5,1048.0,16.96,-0.589,2,2
3829,19.71,44.8,928.0,19.25,-0.291,3,2
3830,24.01,67.2,972.0,25.15,0.329,2,1
3831,18.66,64.0,679.0,18.85,-0.472,2,2
3832,18.06,47.0,972.0,17.3,-0.339,2,2
3833,22.36,33.8,590.0,21.38,-0.026,4,3
3834,21.58,59.1,1063.0,21.27,-0.023,2,4
3835,23.47,58.0,615.0,22.95,0.185,2,1
3836,23.86,36.1,702.0,22.93,0.094,2,0
3837,24.89,64.2,1194.0,25.3,0.104,2,2
3838,25.81,62.2,1174.0,27.08,0.55,3,1
3839,27.95,52.4,402.0,27.75,0.577,4,2
3840,27.65,52.6,1056.0,27.11,0.495,2,2
3841,26.4,67.7,553.0,25.09,0.433,2,2
3842,24.79,59.8,407.0,24.89,0.358,2,2
3843,26.21,55.2,979.0,27.22,0.583,2,2
3844,23.27,55.6,762.0,22.63,-0.063,2,3
3845,22.49,43.4,685.0,21.82,-0.079,2,4
3846,20.19,49.9,946.0,20.0,-0.374,2,2
3847,27.23,54.9,993.0,27.05,0.561,2,2
3848,27.07,54.2,1176.0,27.08,0.427,1,2
3849,22.98,50.8,1130.0,23.39,0.082,2,2
3850,22.51,65.9,971.0,23.21,0.083,2,2
3851,20.15,46.9,1012.0,20.95,-0.181,3,2
3852,23.58,58.6,1009.0,23.81,0.122,2,2
3853,24.1,63.1,855.0,24.39,0.229,2,2
3854,26.78,57.7,507.0,26.06,0.124,1,2
3855,25.25,33.1,1022.0,26.67,0.229,0,2
3856,20.63,54.0,744.0,22.77,0.169,3,2
3857,21.5,35.8,678.0,21.4,-0.05,2,2
3858,18.56,66.7,705.0,18.85,-0.36,2,2
3859,23.27,67.5,1024.0,23.83,0.144,3,2
3860,24.58,35.7,1086.0,23.42,0.209,3,3
3861,22.77,34.8,583.0,23.66,0.168,3,2
3862,19.29,54.1,1014.0,20.39,-0.122,2,2
3863,27.98,67.8,925.0,29.95,0.899,2,2
3864,18.16,47.4,796.0,16.83,-0.44,3,2
3865,27.23,59.5,601.0,26.57,0.418,2,1
3866,21.66,68.4,811.0,20.78,-0.21,2,2
3867,26.29,61.3,749.0,25.89,0.166,3,2
3868,21.95,50.1,574.0,21.33,0.008,2,2
3869,27.6,42.9,557.0,28.04,0.77,2,3
3870,18.23,37.2,1030.0,17.44,-0.547,1,2
3871,18.94,36.0,829.0,18.83,-0.198,2,2
3872,25.66,49.4,478.0,26.02,0.459,2,1
3873,24.95,33.0,956.0,24.33,0.277,4,2
3874,23.45,44.1,774.0,22.99,0.158,3,1
3875,21.24,61.3,1055.0,22.21,-0.03,2,4
3876,22.61,62.7,781.0,19.5,-0.221,3,2
3877,19.69,46.8,827.0,19.2,-0.264,4,2
3878,18.5,67.1,786.0,17.97,-0.43,3,2
3879,26.51,32.1,412.0,27.38,0.606,3,2
3880,21.4,49.0,1125.0,22.84,0.031,2,4
3881,27.11,41.0,582.0,26.22,0.503,3,3
3882,22.3,50.4,1050.0,21.72,-0.071,0,0
3883,22.55,51.5,647.0,22.51,-0.033,2,3
3884,26.06,55.4,682.0,26.59,0.437,2,2
3885,18.81,41.1,704.0,18.85,-0.187,3,2
3886,20.38,39.2,721.0,21.55,-0.041,2,1
3887,18.7,46.7,1087.0,18.38,-0.464,2,3
3888,21.16,56.6,1147.0,21.92,-0.011,2,2
3889,21.68,31.6,420.0,21.26,0.078,2,2
3890,27.78,62.9,1066.0,28.26,0.676,2,1
3891,27.28,65.9,890.0,27.01,0.594,2,1
3892,25.92,55.5,1129.0,24.76,0.411,3,2
3893,25.56,48.1,1143.0,25.49,0.412,2,2
3894,26.68,33.0,1065.0,26.4,0.571,2,2
3895,24.06,30.7,665.0,24.42,0.316,2,4
3896,26.45,64.8,1192.0,26.45,0.35,2,0
3897,22.72,34.1,565.0,21.14,-0.043,4,3
3898,23.07,64.3,658.0,22.27,-0.057,2,4
3899,20.06,69.5,678.0,19.56,-0.25,3,2
3900,27.66,58.3,998.0,28.8,0.681,2,2
3901,21.65,38.0,1042.0,20.79,0.106,3,4
3902,20.51,41.8,629.0,21.32,-0.074,2,2
3903,22.31,47.1,1035.0,23.37,0.107,3,3
3904,19.23,46.8,1193.0,19.82,-0.148,2,2
3905,22.11,34.9,439.0,21.46,-0.077,4,2
3906,23.66,47.6,865.0,23.59,0.149,2,3
3907,27.33,52.7,477.0,27.19,0.477,2,1
3908,25.46,35.9,1132.0,24.8,0.25,1,2
3909,24.35,68.1,1130.0,25.22,0.485,2,2
3910,23.79,66.2,671.0,24.85,0.088,2,3
3911,27.72,36.0,677.0,28.3,0.626,2,2
3912,19.89,49.8,1127.0,19.93,-0.448,2,2
3913,22.97,63.1,1073.0,21.91,-0.188,0,1
3914,27.63,48.5,508.0,26.52,0.37,2,2
3915,27.51,32.2,835.0,27.01,0.554,2,2
3916,19.0,32.8,806.0,18.62,-0.46,2,2
3917,25.52,42.7,664.0,26.36,0.512,2,2
3918,21.03,46.6,607.0,20.5,-0.281,1,2
3919,25.53,69.4,1104.0,25.49,0.519,0,1
3920,24.29,34.9,790.0,23.45,0.109,2,3
3921,27.82,67.6,976.0,28.02,0.627,1,2
3922,26.25,42.6,453.0,26.36,0.406,1,4
3923,22.03,55.5,545.0,22.95,0.186,4,1
3924,26.16,55.9,787.0,26.3,0.381,2,2
3925,19.49,40.9,604.0,19.76,-0.399,0,2
3926,20.39,65.3,1125.0,20.28,-0.084,2,2
3927,26.76,34.0,953.0,25.7,0.461,2,3
3928,26.63,55.1,805.0,27.02,0.48,2,1
3929,26.43,42.3,880.0,26.7,0.364,4,2
3930,19.68,56.1,1084.0,19.36,-0.183,2,1
3931,19.47,42.3,590.0,20.78,0.132,1,2
3932,23.35,41.8,722.0,22.55,0.111,2,2
3933,26.98,44.9,754.0,25.08,0.36,4,2
3934,27.08,32.3,432.0,27.15,0.369,1,2
3935,23.89,36.6,868.0,25.03,0.306,2,2
3936,27.48,36.0,831.0,26.87,0.46,2,2
3937,26.76,31.0,746.0,27.0,0.539,1,2
3938,25.27,36.3,561.0,26.16,0.459,2,2
3939,24.89,46.6,762.0,24.6,0.258,2,1
3940,23.12,33.5,461.0,23.57,0.116,2,2
3941,24.14,60.3,924.0,24.96,0.205,2,2
3942,26.37,51.3,726.0,26.34,0.518,3,2
3943,18.18,46.8,545.0,18.85,-0.187,2,1
3944,25.88,63.3,943.0,25.81,0.433,2,2
3945,19.19,42.9,902.0,18.49,-0.285,1,3
3946,18.08,45.0,947.0,17.74,-0.466,2,2
3947,20.62,52.6,1167.0,20.31,-0.22,3,4
3948,25.73,46.9,791.0,27.88,0.551,2,2
3949,23.44,55.7,721.0,23.34,0.239,3,2
3950,26.56,42.4,814.0,26.73,0.653,2,1
3951,23.2,56.3,638.0,23.74,0.191,2,2
3952,22.63,56.3,402.0,21.57,-0.097,2,2
3953,24.57,59.2,1034.0,24.85,0.306,2,2
3954,23.51,62.9,491.0,23.21,-0.045,1,3
3955,24.64,59.7,800.0,25.38,0.313,2,4
3956,19.23,35.5,871.0,17.82,-0.397,2,2
3957,22.79,36.5,899.0,22.03,-0.151,3,2
3958,23.43,59.8,910.0,23.47,0.123,2,2
3959,24.44,41.4,678.0,24.9,0.308,2,3
3960,23.65,41.5,1058.0,24.55,0.305,2,1
3961,23.77,46.1,510.0,23.42,0.182,2,2
3962,23.01,55.9,824.0,23.63,0.059,2,2
3963,22.25,36.5,922.0,21.84,0.022,2,1
3964,18.03,54.3,843.0,18.75,-0.297,2,4
3965,24.18,58.7,704.0,23.36,0.149,2,2
3966,22.32,58.5,570.0,22.13,-0.116,2,2
3967,21.36,68.4,589.0,20.96,-0.034,0,2
3968,23.13,41.3,1155.0,22.48,-0.067,3,3
3969,27.87,52.2,649.0,25.83,0.422,2,3
3970,21.01,39.7,432.0,20.87,-0.128,2,2
3971,20.55,38.6,552.0,20.33,-0.289,2,2
3972,20.46,36.6,592.0,19.98,-0.234,1,3
3973,25.59,41.3,499.0,25.45,0.403,0,2
3974,22.47,47.9,768.0,23.24,0.198,2,2
3975,20.27,38.5,869.0,19.97,-0.018,3,1
3976,24.26,33.9,1054.0,24.32,0.284,2,2
3977,27.94,39.4,1110.0,28.32,0.737,2,2
3978,21.6,50.2,975.0,21.0,-0.176,2,3
3979,19.33,45.1,1192.0,20.58,-0.24,0,3
3980,21.48,69.4,835.0,21.13,-0.017,2,2
3981,26.9,63.3,1105.0,25.44,0.211,3,2
3982,18.66,46.1,707.0,19.05,-0.302,0,3
3983,25.67,37.9,519.0,26.11,0.433,2,2
3984,27.56,38.9,418.0,27.65,0.558,4,2
3985,27.98,58.4,919.0,28.46,0.554,2,3
3986,25.89,39.0,425.0,25.24,0.321,2,2
3987,19.99,31.6,1074.0,19.99,-0.319,1,3
3988,27.39,38.9,420.0,26.84,0.608,3,2
3989,26.39,30.9,981.0,25.27,0.38,3,2
3990,19.85,68.6,637.0,20.53,-0.054,2,2
3991,25.29,35.1,974.0,26.4,0.483,2,2
3992,24.4,36.3,853.0,24.2,0.219,2,2
3993,22.62,42.9,451.0,21.83,-0.17,1,2
3994,20.14,40.8,627.0,20.57,0.007,1,2
3995,24.42,62.9,1088.0,23.88,0.326,1,3
3996,23.6,38.7,1100.0,22.53,-0.05,1,1
3997,23.87,68.7,684.0,22.23,0.006,2,3
3998,19.5,31.9,550.0,20.12,-0.412,2,2
3999,26.26,69.7,1002.0,27.29,0.419,1,2
4000,27.49,57.4,503.0,26.63,0.404,2,2
4001,18.99,66.1,745.0,19.88,-0.147,2,2
4002,26.4,60.2,1083.0,25.73,0.476,2,1
4003,18.66,59.0,589.0,19.65,-0.246,3,2
4004,20.06,60.8,696.0,20.62,-0.048,3,2
4005,18.75,41.2,825.0,19.51,-0.191,3,2
4006,26.39,32.6,705.0,24.62,0.238,2,2
4007,25.8,31.1,678.0,24.51,0.318,2,2
4008,18.22,43.4,1038.0,19.78,-0.107,3,3
4009,25.73,38.9,760.0,25.84,0.352,2,2
4010,20.43,31.1,613.0,19.77,-0.055,1,2
4011,23.01,41.2,866.0,23.1,0.075,4,2
4012,24.31,43.6,432.0,24.99,0.359,4,0
4013,25.24,58.6,674.0,26.04,0.358,2,2
4014,27.85,41.7,1122.0,28.29,0.352,2,2
4015,20.16,32.5,518.0,19.22,-0.27,2,2
4016,21.33,45.1,631.0,21.78,0.174,3,1
4017,25.97,59.7,854.0,27.97,0.52,2,2
4018,23.98,67.5,693.0,23.82,0.306,2,2
4019,20.85,45.6,1151.0,20.33,-0.248,2,2
4020,23.97,54.7,712.0,23.44,0.186,2,3
4021,22.89,52.2,1191.0,23.11,0.311,1,2
4022,25.95,35.4,991.0,25.92,0.359,1,2
4023,25.46,41.5,853.0,25.85,0.501,3,2
4024,19.12,60.0,605.0,18.65,-0.322,2,2
4025,25.64,49.7,562.0,27.69,0.624,2,1
4026,25.19,41.9,669.0,25.11,0.375,1,3
4027,19.85,40.5,1134.0,18.52,-0.436,2,2
4028,18.72,54.3,852.0,19.23,-0.321,1,1
4029,21.34,62.5,841.0,21.07,0.002,2,2
4030,26.38,31.7,878.0,26.37,0.419,2,1
4031,21.8,37.5,480.0,21.63,-0.081,1,2
4032,20.98,62.5,513.0,21.58,-0.095,2,2
4033,20.84,41.2,481.0,21.25,-0.131,2,1
4034,22.57,30.8,602.0,23.25,0.2,2,2
4035,20.93,66.4,641.0,20.13,-0.26,2,3
4036,27.17,46.9,726.0,27.65,0.355,3,2
4037,18.55,30.4,1159.0,19.49,-0.386,2,2
4038,22.88,58.9,1172.0,22.64,0.062,2,1
4039,21.69,55.7,789.0,20.39,-0.206,2,4
4040,26.28,52.5,598.0,26.42,0.4,3,2
4041,21.97,33.9,1171.0,21.73,-0.151,3,2
4042,22.88,42.2,581.0,22.05,0.072,2,2
4043,25.99,54.7,1027.0,26.69,0.332,2,2
4044,24.76,31.1,862.0,24.42,0.245,2,1
4045,22.72,34.9,440.0,22.43,-0.009,2,4
4046,26.38,61.0,511.0,26.78,0.628,2,2
4047,27.85,49.4,915.0,28.95,0.771,2,3
4048,23.02,66.7,889.0,22.7,0.095,2,1
4049,19.29,57.9,1083.0,20.6,-0.109,2,3
4050,22.99,49.9,616.0,22.82,-0.082,1,2
4051,18.99,64.1,764.0,19.83,-0.194,0,2
4052,21.02,63.8,491.0,20.5,-0.018,2,2
4053,25.81,30.3,1031.0,26.53,0.486,2,2
4054,27.77,53.3,1160.0,28.41,0.731,1,2
4055,23.52,51.9,1139.0,24.44,0.201,3,4
4056,23.18,31.4,805.0,23.99,0.294,4,1
4057,19.6,34.9,412.0,20.0,-0.134,1,3
4058,26.67,36.6,699.0,25.1,0.299,2,2
4059,22.53,40.6,833.0,22.54,0.134,2,0
4060,27.3,69.5,1076.0,27.66,0.473,3,2
4061,27.05,66.7,906.0,27.09,0.56,2,3
4062,25.93,57.9,401.0,27.02,0.609,2,1
4063,25.7,50.7,816.0,25.93,0.297,2,2
4064,21.57,45.8,705.0,21.57,-0.057,2,2
4065,20.99,46.4,669.0,20.26,-0.173,2,2
4066,27.99,32.8,680.0,28.36,0.668,3,3
4067,19.18,32.2,485.0,20.37,-0.093,2,3
4068,25.88,54.4,936.0,26.6,0.369,1,2
4069,23.44,68.7,718.0,24.14,0.19,1,2
4070,26.03,62.2,726.0,26.35,0.431,3,2
4071,27.21,52.1,723.0,27.74,0.706,4,2
4072,20.46,58.0,1155.0,19.61,-0.037,2,0
4073,27.52,46.2,546.0,27.96,0.566,1,0
4074,18.33,46.2,1111.0,18.41,-0.272,2,2
4075,20.31,61.2,1017.0,21.28,-0.082,2,1
4076,23.98,53.9,563.0,23.77,0.228,1,2
4077,18.02,39.9,1043.0,18.58,-0.257,2,2
4078,18.18,63.3,684.0,17.15,-0.382,4,2
4079,25.99,36.6,490.0,25.6,0.609,2,2
4080,26.52,57.4,919.0,25.81,0.239,1,1
4081,23.73,37.8,1029.0,21.26,-0.277,2,1
4082,20.11,64.5,786.0,20.72,-0.131,2,3
4083,21.36,43.7,929.0,20.67,-0.246,3,1
4084,21.12,67.5,1077.0,22.48,-0.043,2,2
4085,20.57,65.5,529.0,20.74,-0.051,2,2
4086,24.86,54.7,606.0,25.29,0.382,3,2
4087,22.51,46.5,735.0,21.89,-0.059,3,2
4088,19.66,42.1,443.0,20.23,-0.175,3,2
4089,23.63,47.1,765.0,24.6,0.156,2,2
4090,23.79,35.6,928.0,23.31,-0.045,2,3
4091,27.82,35.9,445.0,26.56,0.438,2,2
4092,20.01,65.8,912.0,19.13,-0.468,1,1
4093,20.4,47.3,835.0,20.3,-0.105,2,1
4094,23.35,61.6,936.0,23.72,0.13,3,2
4095,26.47,38.0,1098.0,26.91,0.67,0,2
4096,20.9,39.3,507.0,22.38,0.121,2,2
4097,21.79,58.1,440.0,22.52,0.146,2,2
4098,18.8,33.3,936.0,18.81,-0.235,3,1
4099,20.54,35.8,1089.0,21.65,0.22,2,3
4100,19.09,44.1,777.0,19.84,-0.071,2,2
4101,21.03,46.9,736.0,21.49,0.097,2,2
4102,18.85,60.2,680.0,19.83,-0.054,2,2
4103,24.9,49.9,408.0,25.19,0.336,2,1
4104,24.65,33.4,553.0,24.73,0.377,3,2
4105,18.05,37.6,913.0,18.16,-0.357,3,2
4106,19.16,43.3,454.0,18.73,-0.159,2,3
4107,21.54,38.5,892.0,20.35,-0.074,3,2
4108,27.77,67.8,931.0,27.12,0.519,2,2
4109,24.22,54.1,1081.0,24.42,0.276,2,2
4110,21.37,60.2,1017.0,21.25,-0.113,2,2
4111,27.56,59.6,975.0,28.1,0.682,2,3
4112,20.79,65.2,486.0,22.77,0.236,2,1
4113,19.11,52.5,1122.0,19.3,-0.395,2,1
4114,25.31,37.1,1008.0,25.51,0.317,3,3
4115,20.04,50.1,1176.0,20.48,-0.176,1,4
4116,19.99,65.1,976.0,21.14,0.081,2,2
4117,21.42,48.2,962.0,23.19,0.071,2,2
4118,19.66,47.7,858.0,19.09,-0.366,2,2
4119,18.52,61.5,1085.0,19.1,-0.565,3,2
4120,18.57,30.1,1057.0,18.5,-0.274,1,1
4121,23.04,37.1,866.0,22.76,-0.044,2,2
4122,18.78,65.1,800.0,18.61,-0.378,2,3
4123,21.8,39.7,842.0,21.12,-0.096,2,3
4124,22.76,62.3,1042.0,24.39,0.375,2,2
4125,24.06,64.7,970.0,24.22,0.293,3,2
4126,18.14,48.3,426.0,18.08,-0.376,2,2
4127,23.41,56.1,821.0,21.6,-0.185,2,4
4128,22.26,61.7,896.0,22.52,0.173,2,3
4129,22.99,32.3,601.0,24.46,0.311,1,2
4130,23.63,40.6,603.0,24.64,0.103,2,2
4131,22.96,36.5,695.0,22.33,0.056,2,1
4132,19.07,62.1,930.0,18.04,-0.27,2,4
4133,20.71,61.1,1082.0,20.51,-0.287,2,0
4134,25.58,37.6,911.0,24.74,0.157,2,2
4135,20.36,40.0,1102.0,20.51,-0.084,2,2
4136,21.91,63.2,669.0,23.08,0.056,2,2
4137,20.16,31.7,456.0,19.76,-0.148,2,1
4138,21.59,33.9,422.0,20.94,-0.066,1,1
4139,27.31,41.4,1095.0,26.54,0.445,3,3
4140,24.21,40.5,560.0,23.59,0.088,2,0
4141,27.95,67.0,447.0,28.03,0.654,4,2
4142,19.47,41.4,1069.0,19.34,-0.315,2,3
4143,25.43,60.5,582.0,25.97,0.545,4,3
4144,22.67,39.9,728.0,22.72,0.219,1,4
4145,27.52,36.6,901.0,27.43,0.565,3,1
4146,23.71,42.2,829.0,23.18,0.105,2,2
4147,25.73,35.7,589.0,25.39,0.304,3,0
4148,18.31,54.3,1156.0,17.28,-0.486,2,2
4149,25.86,33.6,915.0,26.18,0.297,3,2
4150,21.24,46.6,632.0,19.37,-0.299,2,0
4151,19.72,63.6,695.0,20.14,-0.344,4,0
4152,19.4,62.5,805.0,19.74,-0.129,2,2
4153,27.91,50.6,829.0,26.58,0.459,2,2
4154,24.85,41.2,699.0,24.42,0.215,1,2
4155,26.96,31.9,832.0,26.71,0.483,4,2
4156,18.27,33.2,757.0,17.21,-0.552,3,3
4157,20.34,41.3,469.0,20.45,-0.137,2,2
4158,22.14,41.0,825.0,22.64,0.025,2,2
4159,24.33,35.5,1013.0,24.82,0.134,4,4
4160,27.69,65.5,890.0,27.83,0.462,3,1
4161,27.24,38.7,616.0,27.5,0.298,3,2
4162,21.2,43.6,996.0,20.45,-0.183,3,4
4163,23.19,34.7,409.0,21.57,0.063,1,1
4164,18.01,44.6,887.0,18.54,-0.388,2,3
4165,24.63,42.8,769.0,25.33,0.373,2,4
4166,19.43,35.1,483.0,19.72,-0.264,2,3
4167,22.55,61.0,699.0,20.37,-0.222,0,2
4168,24.49,51.3,820.0,23.57,0.246,3,2
4169,22.95,45.0,1052.0,22.13,-0.113,2,3
4170,27.46,41.0,873.0,27.51,0.478,0,2
4171,24.65,37.6,801.0,24.92,0.294,4,2
4172,26.0,59.9,695.0,25.4,0.545,2,3
4173,26.55,50.3,1135.0,25.97,0.407,1,1
4174,20.23,33.1,616.0,20.97,-0.061,2,2
4175,18.09,45.8,648.0,18.8,-0.357,2,1
4176,22.59,32.6,850.0,23.03,0.067,3,2
4177,25.15,55.0,919.0,24.62,0.305,2,0
4178,19.24,30.8,701.0,20.26,-0.036,2,2
4179,21.01,34.6,666.0,20.4,-0.034,3,2
4180,24.83,47.8,866.0,25.45,0.279,1,2
4181,21.42,52.6,896.0,20.81,-0.184,2,1
4182,20.61,35.7,621.0,21.63,-0.169,4,2
4183,20.65,62.7,710.0,20.25,-0.191,4,1
4184,21.6,58.3,1131.0,20.2,-0.123,1,2
4185,26.26,46.4,963.0,26.69,0.704,3,3
4186,25.59,59.6,718.0,25.6,0.24,2,2
4187,20.41,43.5,896.0,21.53,-0.011,2,3
4188,18.02,38.2,1126.0,16.85,-0.485,2,2
4189,24.28,55.1,816.0,23.73,0.276,2,1
4190,19.44,49.3,1150.0,19.96,0.059,2,0
4191,22.97,62.3,841.0,22.21,-0.094,2,2
4192,19.4,46.8,1022.0,18.72,-0.202,2,4
4193,27.48,40.1,506.0,28.39,0.724,2,2
4194,25.4,58.1,1041.0,24.87,0.39,2,2
4195,19.65,63.7,1145.0,19.87,-0.155,2,2
4196,20.66,40.4,857.0,21.74,-0.163,2,3
4197,19.92,54.9,571.0,19.74,-0.424,3,3
4198,22.3,51.0,732.0,22.49,0.049,2,2
4199,25.32,62.5,497.0,26.38,0.404,2,3
4200,22.33,33.8,754.0,23.87,-0.013,3,2
4201,19.73,35.7,789.0,19.93,-0.256,3,3
4202,22.22,54.7,695.0,23.39,-0.046,2,2
4203,21.45,36.5,1089.0,21.55,0.07,3,3
4204,26.51,35.8,539.0,26.35,0.513,3,3
4205,18.52,36.4,762.0,17.64,-0.31,2,3
4206,20.17,45.7,831.0,21.11,-0.026,3,2
4207,23.1,51.3,698.0,23.86,0.317,3,2
4208,21.44,43.6,571.0,20.95,-0.149,2,4
4209,27.6,41.3,456.0,27.73,0.66,1,2
4210,23.31,32.0,539.0,24.55,0.356,2,2
4211,18.94,62.2,601.0,17.91,-0.441,2,2
4212,18.24,46.8,1008.0,18.45,-0.282,3,1
4213,27.72,35.3,1197.0,27.15,0.446,1,0
4214,18.57,37.5,862.0,17.91,-0.258,2,2
4215,25.34,39.8,562.0,25.83,0.474,3,2
4216,25.72,40.7,559.0,24.15,0.204,2,1
4217,21.08,62.8,1067.0,19.65,-0.274,3,3
4218,22.09,37.9,814.0,21.97,-0.106,2,2
4219,27.22,48.8,1137.0,25.96,0.352,2,4
4220,18.35,39.2,754.0,17.71,-0.391,2,2
4221,25.58,42.1,666.0,26.85,0.328,2,2
4222,27.75,64.6,1197.0,27.68,0.662,2,2
4223,23.85,59.6,980.0,22.9,0.009,0,2
4224,18.19,59.1,505.0,18.71,-0.484,3,1
4225,27.67,69.0,799.0,27.52,0.274,2,2
4226,19.28,54.5,565.0,18.34,-0.267,2,2
4227,26.71,68.8,955.0,25.78,0.387,2,0
4228,23.16,50.1,771.0,23.23,0.344,1,2
4229,24.88,56.0,966.0,24.75,0.441,4,3
4230,21.11,45.0,656.0,20.29,-0.26,3,4
4231,19.09,69.1,929.0,18.06,-0.407,3,2
4232,25.03,60.0,862.0,24.22,0.24,2,3
4233,26.16,63.5,557.0,24.86,0.312,2,2
4234,22.9,44.4,620.0,22.66,0.144,0,1
4235,22.66,34.9,637.0,24.64,0.197,2,1
4236,25.56,57.2,1026.0,24.61,0.137,2,2
4237,20.4,56.7,490.0,20.0,-0.051,4,1
4238,21.84,30.6,421.0,22.42,0.071,1,1
4239,23.69,68.2,1010.0,24.23,0.229,1,2
4240,21.51,53.8,952.0,21.3,0.032,3,0
4241,23.93,53.9,712.0,23.36,0.205,4,2
4242,26.47,46.3,917.0,25.12,0.277,2,1
4243,19.1,40.6,777.0,18.71,-0.248,3,1
4244,22.56,35.3,883.0,21.02,-0.048,2,1
4245,27.27,37.2,1002.0,27.26,0.525,1,2
4246,23.43,66.1,654.0,23.03,0.176,2,1
4247,18.74,54.4,1067.0,18.5,-0.124,3,2
4248,24.93,57.0,1190.0,24.93,0.323,1,2
4249,27.55,30.3,433.0,27.52,0.475,2,1
4250,21.67,32.4,834.0,20.44,-0.073,1,4
4251,18.02,65.5,693.0,18.63,-0.536,3,3
4252,20.93,35.4,803.0,22.74,-0.037,2,2
4253,26.15,61.3,1089.0,26.59,0.444,2,2
4254,19.25,45.3,903.0,18.77,-0.321,2,2
4255,25.34,67.0,422.0,25.82,0.303,1,0
4256,27.44,32.7,823.0,27.97,0.643,4,2
4257,27.26,47.5,448.0,26.9,0.636,2,2
4258,27.11,67.4,715.0,26.06,0.495,4,2
4259,22.58,43.7,872.0,23.82,0.213,2,3
4260,19.78,59.5,475.0,19.03,-0.112,2,2
4261,21.8,44.7,631.0,22.83,0.236,2,2
4262,22.77,63.6,522.0,22.53,-0.067,3,1
4263,23.27,48.3,1132.0,25.15,0.302,3,1
4264,21.27,62.0,654.0,20.98,0.028,2,2
4265,18.79,59.3,994.0,19.03,-0.39,3,2
4266,20.15,68.5,686.0,20.85,0.011,2,2
4267,27.51,34.0,447.0,27.64,0.581,2,1
4268,20.19,31.0,749.0,19.13,-0.34,2,2
4269,23.19,44.6,799.0,22.23,0.036,2,2
4270,25.01,66.8,839.0,25.37,0.149,2,2
4271,25.97,31.0,844.0,25.94,0.468,3,2
4272,22.93,59.3,642.0,22.61,0.056,0,2
4273,25.29,37.5,933.0,26.79,0.577,2,2
4274,20.2,63.8,833.0,20.56,-0.079,3,2
4275,22.79,65.7,714.0,21.92,0.093,2,2
4276,25.75,31.3,798.0,25.09,0.389,3,2
4277,24.35,49.3,1153.0,25.21,0.178,0,2
4278,27.55,49.1,673.0,27.86,0.557,2,3
4279,26.51,35.2,613.0,25.87,0.503,3,3
4280,19.75,47.7,1129.0,19.89,-0.262,0,1
4281,24.01,61.6,1028.0,23.36,-0.124,2,2
4282,19.23,36.6,629.0,18.89,-0.195,1,2
4283,25.73,53.7,915.0,25.02,0.331,4,3
4284,22.62,57.0,874.0,23.82,0.262,4,2
4285,21.0,54.7,825.0,21.02,-0.192,2,2
4286,27.12,56.7,658.0,26.75,0.303,3,3
4287,26.95,40.9,1063.0,26.38,0.341,1,2
4288,21.57,42.9,993.0,20.83,-0.143,3,2
4289,26.9,36.0,416.0,27.56,0.562,2,2
4290,22.01,67.2,668.0,22.42,0.054,2,2
4291,22.87,47.1,455.0,22.49,0.188,2,2
4292,25.01,39.3,759.0,25.02,0.223,1,2
4293,27.86,44.8,841.0,28.06,0.721,2,2
4294,26.03,53.2,1095.0,26.94,0.676,2,4
4295,23.39,38.1,1122.0,24.1,0.316,2,1
4296,23.13,67.2,903.0,22.33,-0.145,3,2
4297,23.07,37.6,796.0,21.42,-0.296,1,1
4298,22.32,48.1,483.0,22.91,0.137,2,2
4299,19.42,61.8,1063.0,18.22,-0.176,2,2
4300,25.59,61.9,1147.0,25.99,0.369,2,0
4301,24.87,43.8,951.0,24.7,0.29,2,1
4302,24.79,63.9,454.0,25.19,0.192,2,2
4303,24.37,59.1,635.0,23.56,0.245,3,1
4304,27.97,41.8,945.0,27.61,0.529,2,4
4305,18.9,57.7,1150.0,18.56,-0.411,2,0
4306,24.6,68.8,732.0,24.71,0.2,2,2
4307,18.97,44.0,989.0,18.57,-0.607,2,2
4308,19.44,31.8,737.0,19.44,-0.253,3,2
4309,18.17,43.4,952.0,17.21,-0.5,2,2
4310,18.1,30.3,729.0,17.21,-0.526,1,2
4311,20.96,42.1,999.0,21.56,0.065,2,1
4312,24.3,41.1,1011.0,22.65,-0.126,2,2
4313,27.55,62.5,829.0,27.27,0.503,3,2
4314,23.02,61.4,410.0,23.26,0.183,3,2
4315,27.09,32.1,777.0,24.86,0.194,2,3
4316,19.84,57.3,551.0,19.21,-0.38,2,2
4317,24.62,50.3,793.0,24.65,0.287,3,1
4318,22.63,62.8,750.0,23.91,0.438,2,2
4319,25.44,54.2,727.0,24.88,0.29,3,1
4320,25.75,34.6,1172.0,26.47,0.366,2,2
4321,24.52,68.5,964.0,26.0,0.571,2,2
4322,23.6,41.6,728.0,24.28,0.159,4,4
4323,24.06,60.9,1189.0,24.55,0.183,3,2
4324,22.77,41.8,1005.0,21.86,0.128,0,0
4325,25.25,49.3,952.0,26.2,0.156,2,2
4326,26.43,33.9,1044.0,27.22,0.577,2,0
4327,19.3,32.6,594.0,19.82,-0.386,2,1
4328,22.05,47.3,702.0,22.64,0.2,2,3
4329,27.9,39.2,617.0,28.04,0.452,2,2
4330,27.08,53.6,474.0,26.09,0.359,2,1
4331,26.95,67.3,691.0,26.51,0.458,2,2
4332,21.53,41.4,1087.0,21.12,0.112,3,3
4333,20.13,47.7,1012.0,19.94,-0.165,3,2
4334,24.37,64.3,1018.0,23.67,0.232,1,1
4335,20.06,49.1,577.0,20.73,-0.129,2,2
4336,26.01,31.5,570.0,24.87,0.242,2,1
4337,25.86,61.1,1128.0,25.06,0.222,3,0
4338,26.17,57.8,976.0,25.69,0.37,2,2
4339,20.65,68.3,893.0,20.49,-0.201,3,2
4340,19.2,41.3,1084.0,18.59,-0.383,3,2
4341,23.09,61.0,792.0,23.94,0.247,1,3
4342,22.52,65.0,516.0,23.18,0.263,3,2
4343,18.03,38.9,542.0,18.37,-0.207,2,2
4344,25.06,58.2,600.0,25.35,0.505,2,2
4345,19.75,53.9,763.0,20.07,-0.016,0,1
4346,19.73,37.4,868.0,19.34,-0.541,3,2
4347,25.44,30.3,593.0,24.26,0.234,2,2
4348,26.05,40.0,456.0,24.58,0.408,2,1
4349,24.44,55.4,545.0,23.41,0.066,1,4
4350,23.88,37.6,777.0,24.07,0.392,2,1
4351,27.59,60.5,486.0,26.69,0.5,1,2
4352,22.85,45.5,466.0,23.01,0.108,4,2
4353,24.45,40.8,510.0,24.26,0.389,2,2
4354,22.0,66.8,1097.0,21.3,-0.083,1,2
4355,26.44,39.3,1128.0,27.64,0.503,2,2
4356,24.75,64.4,406.0,24.95,0.39,2,0
4357,20.47,63.4,1033.0,19.25,-0.111,0,2
4358,27.26,50.8,423.0,26.81,0.481,4,2
4359,22.26,51.0,826.0,21.97,0.05,1,1
4360,26.62,41.9,647.0,26.35,0.602,2,2
4361,27.76,38.9,1123.0,26.88,0.493,3,2
4362,23.99,69.8,1088.0,24.51,0.252,2,2
4363,19.33,56.9,495.0,19.17,-0.161,2,1
4364,25.31,62.9,1043.0,25.09,0.288,2,2
4365,24.17,46.6,763.0,25.74,0.3,2,3
4366,18.4,34.0,591.0,18.66,-0.357,0,2
4367,19.65,65.9,963.0,20.61,-0.14,1,2
4368,18.77,59.9,568.0,19.45,-0.236,2,2
4369,21.46,47.0,889.0,20.5,-0.02,2,2
4370,27.18,68.0,951.0,26.84,0.523,3,2
4371,22.63,52.9,428.0,22.05,-0.077,2,3
4372,22.74,55.3,857.0,22.38,0.028,2,2
4373,20.46,43.9,993.0,21.37,-0.204,0,2
4374,26.36,31.9,540.0,25.84,0.374,2,2
4375,24.47,57.1,796.0,25.67,0.276,2,2
4376,19.55,56.6,887.0,19.73,-0.034,2,4
4377,18.23,61.3,1023.0,17.61,-0.505,0,2
4378,26.21,33.4,492.0,27.25,0.66,2,2
4379,19.03,36.0,973.0,19.7,-0.149,1,2
4380,24.3,62.3,707.0,24.79,0.168,2,3
4381,24.93,55.7,427.0,24.54,0.231,0,2
4382,24.33,54.3,536.0,25.04,0.404,2,3
4383,18.1,59.7,679.0,18.91,-0.316,2,1
4384,18.27,41.9,1022.0,17.92,-0.469,2,2
4385,21.96,66.4,669.0,21.26,-0.13,2,2
4386,23.16,47.3,836.0,23.77,0.2,2,2
4387,26.04,69.9,963.0,26.47,0.417,2,2
4388,23.5,68.5,670.0,23.25,0.187,2,2
4389,27.98,50.5,872.0,29.26,0.714,2,2
4390,19.93,58.4,1188.0,20.03,-0.315,2,2
4391,23.93,62.5,1049.0,23.64,0.253,3,2
4392,23.35,52.9,1190.0,24.16,0.319,1,2
4393,26.93,57.9,1020.0,27.5,0.567,2,1
4394,20.95,32.9,1111.0,19.9,-0.111,2,4
4395,19.23,62.6,1184.0,18.56,-0.371,2,2
4396,25.29,59.0,773.0,25.86,0.27,2,2
4397,27.4,63.4,1168.0,26.29,0.22,2,3
4398,22.97,67.0,1055.0,23.2,0.189,3,2
4399,19.95,32.3,734.0,18.79,-0.538,0,4
4400,24.96,51.2,739.0,26.09,0.449,2,3
4401,26.07,68.3,982.0,26.54,0.547,4,2
4402,23.26,50.8,556.0,23.15,0.154,2,2
4403,22.44,67.4,528.0,22.88,0.222,2,4
4404,27.75,46.3,1007.0,26.03,0.501,2,2
4405,20.53,42.7,748.0,20.83,0.018,2,1
4406,18.14,66.8,472.0,19.69,-0.338,2,2
4407,18.5,43.8,818.0,18.61,-0.405,3,2
4408,26.33,52.9,591.0,25.9,0.332,2,2
4409,19.62,55.2,998.0,20.46,-0.118,2,2
4410,18.56,31.7,486.0,19.27,-0.076,1,2
4411,18.72,40.5,486.0,18.87,-0.329,2,3
4412,24.78,66.3,882.0,24.07,0.227,3,2
4413,26.78,32.2,1130.0,27.4,0.621,2,4
4414,21.94,59.8,933.0,20.05,-0.117,2,2
4415,20.06,36.0,1124.0,20.6,-0.065,2,2
4416,27.59,58.5,1051.0,26.69,0.501,2,4
4417,25.73,68.3,655.0,24.79,0.282,2,3
4418,24.06,53.2,867.0,23.9,0.201,2,3
4419,25.78,66.3,586.0,24.95,0.359,2,4
4420,18.35,56.1,767.0,18.86,-0.251,1,2
4421,27.79,41.2,1005.0,28.16,0.696,2,1
4422,24.8,44.0,996.0,24.34,0.219,2,1
4423,24.37,42.6,891.0,24.84,0.273,2,2
4424,24.45,63.5,1128.0,24.59,0.108,2,4
4425,24.2,31.5,1199.0,24.02,0.011,2,2
4426,22.54,61.9,495.0,23.03,0.128,2,3
4427,27.04,35.2,1195.0,27.62,0.533,4,2
4428,25.4,56.3,1061.0,26.22,0.494,2,2
4429,27.06,38.4,790.0,27.48,0.326,2,4
4430,22.65,63.8,1137.0,23.2,-0.01,4,4
4431,21.15,47.3,811.0,20.64,-0.05,3,2
4432,19.0,63.4,1125.0,18.14,-0.282,2,2
4433,19.46,36.8,1066.0,19.62,-0.354,2,1
4434,26.01,56.2,861.0,27.09,0.604,2,2
4435,25.34,47.8,795.0,24.63,0.182,2,2
4436,20.85,60.8,626.0,20.38,-0.05,2,3
4437,19.47,32.2,694.0,20.71,-0.165,2,3
4438,23.47,61.2,702.0,23.6,0.214,3,3
4439,25.71,57.9,416.0,25.71,0.416,2,2
4440,23.8,67.9,899.0,25.4,0.191,2,1
4441,27.93,49.0,452.0,26.76,0.706,2,2
4442,27.8,38.9,994.0,26.77,0.578,2,2
4443,26.59,69.3,403.0,26.08,0.396,0,2
4444,18.02,30.0,723.0,16.78,-0.523,0,2
4445,25.7,39.6,502.0,25.58,0.427,2,2
4446,19.39,62.5,1193.0,19.72,-0.155,2,2
4447,20.8,66.4,479.0,23.45,0.271,2,2
4448,18.21,37.7,1069.0,18.18,-0.487,2,2
4449,18.35,53.0,1079.0,18.68,-0.455,2,2
4450,23.17,60.8,705.0,22.69,-0.029,2,1
4451,24.24,48.2,504.0,23.12,0.229,2,2
4452,27.66,68.5,836.0,27.5,0.596,2,1
4453,25.54,60.6,820.0,26.08,0.525,2,2
4454,18.25,56.9,610.0,18.67,-0.339,1,2
4455,26.86,51.7,868.0,26.71,0.378,2,3
4456,22.19,66.0,1020.0,21.29,-0.096,3,2
4457,26.53,55.8,977.0,26.37,0.516,3,3
4458,20.78,51.5,1141.0,21.51,-0.06,2,2
4459,18.36,32.5,865.0,17.4,-0.419,2,2
4460,23.04,41.6,899.0,23.73,0.231,2,2
4461,21.97,39.8,1139.0,20.72,-0.087,2,1
4462,27.21,64.8,1127.0,28.15,0.669,3,2
4463,22.76,31.1,985.0,22.37,0.07,2,1
4464,18.76,38.1,655.0,19.48,-0.269,3,3
4465,27.24,55.0,1005.0,26.83,0.491,1,2
4466,25.82,63.3,908.0,26.64,0.584,4,1
4467,23.9,57.1,456.0,24.89,0.315,2,2
4468,19.27,48.6,1144.0,20.01,-0.405,0,3
4469,18.52,56.0,794.0,18.45,-0.455,2,2
4470,18.96,41.4,531.0,20.23,-0.113,2,2
4471,25.83,60.3,1072.0,25.64,0.228,2,1
4472,21.87,53.1,1026.0,22.47,0.087,0,1
4473,22.67,69.2,608.0,23.66,0.207,2,3
4474,19.63,39.6,1177.0,19.58,-0.275,3,2
4475,25.65,62.7,623.0,25.79,0.352,2,2
4476,22.83,61.5,722.0,23.53,0.227,2,2
4477,27.89,62.6,427.0,28.19,0.733,2,3
4478,21.22,60.7,423.0,21.7,0.025,2,2
4479,21.15,36.8,874.0,21.36,-0.083,2,2
4480,23.57,45.9,602.0,24.68,0.215,2,2
4481,22.03,60.8,563.0,21.49,-0.01,2,2
4482,26.47,52.6,664.0,26.92,0.51,3,2
4483,23.06,62.7,512.0,22.19,-0.06,3,2
4484,26.63,52.1,623.0,25.45,0.336,3,2
4485,23.17,45.7,695.0,23.77,0.081,2,2
4486,23.71,57.9,961.0,23.47,0.186,1,3
4487,24.34,56.9,782.0,24.06,0.24,3,2
4488,19.3,61.2,813.0,20.09,-0.119,2,3
4489,20.4,42.3,1048.0,21.24,-0.043,3,2
4490,18.83,68.3,999.0,18.65,-0.379,2,2
4491,24.26,67.7,970.0,23.67,0.252,1,1
4492,27.15,67.1,810.0,26.99,0.393,2,2
4493,18.26,60.2,582.0,18.33,-0.324,4,2
4494,21.89,57.8,1009.0,22.17,-0.001,2,0
4495,22.16,56.1,917.0,22.27,-0.03,3,2
4496,27.21,51.7,408.0,27.88,0.454,2,2
4497,21.55,66.2,1084.0,21.14,-0.055,2,2
4498,27.95,41.8,796.0,28.87,0.751,2,2
4499,21.85,38.2,906.0,21.87,-0.009,2,2
4500,23.11,34.8,505.0,22.64,0.089,4,2
4501,19.3,62.1,994.0,18.87,-0.339,0,4
4502,19.53,38.9,1165.0,19.69,-0.152,2,2
4503,27.92,44.0,640.0,27.98,0.458,2,0
4504,18.94,44.2,467.0,19.66,-0.245,2,3
4505,20.46,35.4,946.0,21.13,-0.101,0,2
4506,21.21,64.1,829.0,20.2,-0.055,2,4
4507,19.16,49.3,835.0,19.5,-0.23,3,1
4508,20.55,43.7,768.0,21.98,0.012,2,4
4509,20.47,54.2,749.0,20.24,-0.324,0,3
4510,20.83,39.7,486.0,17.95,-0.336,2,3
4511,27.66,58.2,674.0,27.46,0.589,2,2
4512,26.61,41.1,1139.0,26.48,0.591,3,1
4513,18.67,53.0,1004.0,19.3,-0.268,2,2
4514,23.49,57.1,891.0,23.34,-0.041,2,2
4515,22.63,34.0,966.0,21.78,0.132,3,2
4516,20.61,62.5,402.0,20.95,0.001,1,2
4517,18.67,65.0,804.0,19.21,-0.168,2,1
4518,21.53,65.5,717.0,22.56,-0.071,2,3
4519,18.4,33.0,539.0,18.89,-0.324,1,3
4520,20.64,47.4,815.0,21.41,-0.195,3,2
4521,27.63,38.0,949.0,28.14,0.549,3,2
4522,24.28,67.3,915.0,25.15,0.412,2,2
4523,20.32,43.4,951.0,20.58,-0.076,2,3
4524,24.92,34.9,881.0,25.44,0.315,1,2
4525,23.46,51.9,554.0,22.94,0.081,2,3
4526,20.74,67.0,565.0,21.29,0.035,2,2
4527,25.96,31.5,462.0,26.06,0.369,1,2
4528,20.15,62.7,1080.0,21.69,0.013,2,2
4529,25.82,41.2,1067.0,25.63,0.312,2,3
4530,25.58,61.4,767.0,26.01,0.488,1,2
4531,23.96,42.5,634.0,23.93,0.223,3,0
4532,19.25,53.6,608.0,20.73,-0.099,2,1
4533,20.28,68.4,420.0,19.96,-0.148,2,2
4534,23.83,45.0,988.0,24.67,0.256,2,2
4535,27.97,46.2,982.0,26.8,0.475,1,2
4536,23.71,43.9,538.0,23.87,0.149,2,2
4537,25.45,44.5,488.0,25.9,0.428,2,2
4538,20.52,41.6,661.0,22.06,-0.064,2,2
4539,24.31,45.9,1152.0,24.65,0.276,3,3
4540,20.06,48.4,757.0,20.75,-0.278,4,2
4541,18.02,38.0,719.0,17.52,-0.588,2,2
4542,24.28,59.3,617.0,23.94,0.088,1,3
4543,25.31,64.9,610.0,24.46,0.286,2,2
4544,24.46,43.5,924.0,23.8,0.163,2,2
4545,21.76,36.8,498.0,20.86,-0.202,2,0
4546,18.84,32.9,551.0,17.09,-0.402,4,2
4547,26.98,59.0,793.0,27.99,0.713,0,1
4548,19.56,55.9,651.0,19.68,-0.182,2,3
4549,21.38,60.8,947.0,22.14,0.032,2,2
4550,24.29,37.3,820.0,22.96,0.163,3,2
4551,26.54,42.6,946.0,27.77,0.503,3,3
4552,21.79,51.2,1051.0,22.51,0.011,3,1
4553,23.61,59.7,812.0,23.11,0.123,0,2
4554,27.1,52.2,668.0,27.29,0.477,2,2
4555,18.3,46.9,485.0,18.3,-0.238,1,2
4556,25.45,49.0,896.0,23.82,0.093,2,1
4557,23.59,57.1,1125.0,23.35,-0.011,3,3
4558,22.53,54.6,742.0,22.2,-0.149,2,3
4559,18.82,36.6,798.0,18.28,-0.55,2,2
4560,19.0,69.5,985.0,17.78,-0.271,4,2
4561,21.87,65.2,628.0,21.54,-0.044,3,2
4562,22.08,42.5,606.0,21.75,-0.102,1,2
4563,19.11,37.4,908.0,20.24,-0.13,2,2
4564,20.89,36.9,1072.0,19.98,-0.23,2,3
4565,25.13,50.9,808.0,24.64,0.279,2,1
4566,26.8,62.1,745.0,26.93,0.499,2,2
4567,25.79,35.2,1079.0,26.46,0.371,2,1
4568,20.96,62.8,863.0,19.8,-0.207,2,2
4569,21.97,37.7,432.0,21.46,0.148,2,3
4570,20.84,57.4,594.0,20.16,-0.266,3,3
4571,27.39,48.5,1015.0,27.71,0.603,2,2
4572,22.49,57.6,789.0,22.17,-0.015,3,0
4573,19.89,52.5,758.0,20.12,-0.101,2,3
4574,22.95,64.4,1043.0,24.52,0.308,2,2
4575,18.49,41.8,1028.0,17.94,-0.495,3,2
4576,22.8,46.7,810.0,21.41,0.116,2,2
4577,21.25,69.8,976.0,22.3,-0.028,1,2
4578,18.56,64.4,475.0,18.54,-0.357,1,4
4579,20.08,45.0,938.0,18.34,-0.216,4,2
4580,24.41,33.1,1191.0,24.39,0.163,1,0
4581,22.32,53.6,526.0,21.43,0.024,2,2
4582,27.47,61.2,652.0,27.71,0.647,0,2
4583,24.05,37.8,562.0,24.68,0.379,1,3
4584,21.52,36.8,643.0,21.01,-0.108,2,1
4585,25.27,62.8,949.0,24.04,0.273,2,3
4586,19.47,39.5,1027.0,19.67,-0.259,2,4
4587,26.16,51.5,910.0,26.0,0.698,3,2
4588,27.0,41.1,548.0,27.09,0.533,2,3
4589,25.88,39.3,694.0,23.83,0.218,2,2
4590,18.04,36.1,1061.0,18.0,-0.199,0,2
4591,23.51,43.8,1168.0,23.12,0.168,2,2
4592,19.46,52.0,1194.0,19.18,-0.354,2,2
4593,24.88,58.0,897.0,25.93,0.425,4,2
4594,23.09,31.8,1069.0,23.29,0.045,4,2
4595,26.23,33.8,600.0,26.12,0.412,2,3
4596,23.02,36.7,583.0,23.66,-0.0,2,0
4597,22.04,55.3,629.0,22.28,0.2,2,2
4598,20.38,68.5,544.0,19.87,-0.187,2,1
4599,18.62,46.2,1111.0,19.46,-0.171,3,2
4600,24.92,69.8,774.0,22.48,0.237,2,2
4601,18.28,62.6,423.0,18.45,-0.286,2,3
4602,19.46,31.3,667.0,19.25,-0.219,3,2
4603,22.94,46.3,1108.0,22.46,0.014,2,1
4604,22.53,47.0,815.0,22.95,0.201,2,3
4605,19.85,38.9,810.0,20.79,-0.084,2,2
4606,18.74,51.0,1163.0,20.08,-0.217,3,4
4607,24.93,55.1,558.0,25.68,0.351,2,3
4608,18.15,39.8,568.0,19.15,-0.244,2,4
4609,18.62,43.0,697.0,17.61,-0.599,2,4
4610,24.53,62.0,1053.0,24.96,0.269,2,2
4611,23.69,32.7,792.0,22.95,0.04,2,4
4612,21.33,58.7,687.0,20.78,-0.251,3,4
4613,19.88,62.8,597.0,19.19,-0.299,2,3
4614,24.08,65.1,512.0,24.52,0.336,2,4
4615,22.05,51.1,581.0,21.76,-0.121,2,2
4616,22.88,38.9,473.0,22.32,0.053,2,2
4617,19.75,48.2,452.0,20.72,-0.083,2,1
4618,22.05,57.1,1107.0,21.78,0.026,2,2
4619,25.05,46.7,1194.0,24.3,0.316,2,3
4620,19.14,63.0,551.0,18.5,-0.36,2,3
4621,22.05,67.9,896.0,21.96,0.097,3,2
4622,19.77,64.9,692.0,19.57,-0.343,2,2
4623,20.77,67.5,1093.0,20.99,-0.169,2,2
4624,23.32,34.0,1031.0,24.32,0.234,1,4
4625,24.34,66.6,550.0,23.8,0.24,2,3
4626,20.78,62.5,594.0,19.04,-0.464,2,4
4627,21.1,33.7,1092.0,21.56,-0.094,1,1
4628,19.8,63.3,1103.0,20.34,-0.461,1,0
4629,27.77,60.1,1187.0,28.13,0.563,2,2
4630,18.28,68.1,1189.0,18.53,-0.419,3,3
4631,25.88,34.3,977.0,26.08,0.573,2,2
4632,24.29,63.6,903.0,23.9,0.161,2,2
4633,18.32,45.4,769.0,19.04,-0.363,2,4
4634,23.43,59.1,488.0,24.04,0.189,2,3
4635,24.81,61.4,980.0,25.98,0.218,2,3
4636,19.23,69.3,793.0,18.68,-0.455,2,0
4637,19.39,58.2,535.0,19.23,-0.251,2,1
4638,18.41,30.5,1136.0,18.88,-0.428,2,3
4639,22.17,58.3,540.0,22.19,0.089,2,2
4640,25.49,52.5,408.0,25.82,0.462,4,3
4641,27.12,69.6,773.0,26.7,0.398,2,2
4642,19.93,57.8,660.0,18.93,-0.25,3,2
4643,22.19,49.4,918.0,22.59,0.09,2,2
4644,26.02,50.1,707.0,25.96,0.198,3,2
4645,25.33,49.9,595.0,24.75,0.191,3,2
4646,23.95,42.4,534.0,23.44,0.197,4,2
4647,23.54,56.1,976.0,22.76,0.022,1,3
4648,23.79,69.4,818.0,24.13,0.219,2,2
4649,26.54,59.0,641.0,26.47,0.545,1,2
4650,20.19,49.7,462.0,19.16,-0.324,1,2
4651,24.5,48.2,557.0,25.72,0.442,2,2
4652,23.04,55.4,548.0,22.48,0.101,2,2
4653,21.06,46.7,1170.0,21.13,-0.005,3,1
4654,20.0,36.9,776.0,18.86,-0.304,2,3
4655,21.95,48.2,1061.0,23.82,0.27,2,2
4656,18.35,54.7,715.0,19.9,-0.06,2,3
4657,24.2,66.5,444.0,24.84,0.377,2,3
4658,24.75,30.8,1099.0,23.46,0.075,3,2
4659,27.4,39.1,565.0,27.79,0.521,2,2
4660,18.35,57.7,412.0,17.91,-0.319,2,2
4661,27.6,41.3,602.0,26.64,0.423,3,2
4662,23.7,64.7,426.0,24.42,0.402,2,3
4663,23.8,35.0,544.0,24.01,0.31,2,2
4664,23.04,51.2,895.0,22.59,-0.054,1,2
4665,23.47,64.3,1029.0,24.07,0.225,3,2
4666,21.37,58.7,414.0,22.32,-0.149,2,3
4667,20.95,44.5,739.0,21.02,-0.057,2,2
4668,27.92,66.9,1004.0,29.13,0.706,2,4
4669,22.48,35.1,1173.0,23.72,0.053,3,3
4670,18.31,38.9,580.0,18.21,-0.328,2,2
4671,26.96,47.3,694.0,27.89,0.586,4,3
4672,19.88,53.6,1155.0,20.36,-0.126,3,3
4673,20.16,61.8,1070.0,20.64,-0.122,2,2
4674,23.79,60.7,899.0,24.24,0.185,0,2
4675,26.36,49.5,520.0,26.22,0.424,2,1
4676,18.8,55.8,888.0,20.14,-0.214,3,2
4677,22.65,47.2,1172.0,22.58,-0.02,3,2
4678,25.21,54.7,1127.0,25.48,0.279,2,2
4679,21.5,31.2,1044.0,21.3,-0.082,2,1
4680,19.58,41.3,927.0,18.41,-0.304,3,2
4681,26.71,50.9,944.0,27.29,0.593,2,0
4682,23.13,42.0,806.0,23.46,-0.051,2,1
4683,27.24,39.4,838.0,27.43,0.586,3,1
4684,18.54,51.7,1199.0,20.19,-0.23,2,2
4685,27.38,36.3,403.0,27.14,0.778,3,2
4686,23.17,67.9,796.0,23.44,0.104,2,3
4687,22.85,47.9,750.0,22.45,-0.059,3,0
4688,24.79,51.5,1098.0,26.33,0.473,0,2
4689,18.21,36.5,771.0,17.84,-0.399,2,0
4690,25.22,32.7,1024.0,24.74,0.412,2,0
4691,23.17,34.6,1062.0,22.82,0.091,2,2
4692,21.72,40.7,704.0,21.51,0.012,2,2
4693,19.38,54.1,704.0,19.83,-0.238,2,2
4694,20.18,43.4,827.0,19.33,-0.359,2,3
4695,26.7,67.0,576.0,27.26,0.597,4,2
4696,18.92,47.0,896.0,17.47,-0.2,3,2
4697,27.0,62.8,763.0,25.93,0.294,2,3
4698,19.22,62.4,478.0,19.83,-0.164,1,2
4699,24.55,60.5,778.0,24.9,0.419,4,3
4700,23.37,65.7,685.0,23.24,0.068,2,2
4701,24.12,54.5,963.0,24.43,0.119,2,3
4702,19.43,63.9,418.0,19.57,-0.17,2,3
4703,21.25,50.2,436.0,20.99,-0.196,2,2
4704,25.85,44.2,805.0,28.65,0.558,3,2
4705,23.82,32.3,424.0,22.83,0.218,3,1
4706,18.8,55.1,504.0,17.73,-0.108,2,2
4707,23.8,41.6,466.0,23.07,-0.013,2,2
4708,26.46,50.0,721.0,26.23,0.377,2,2
4709,22.47,45.1,620.0,22.61,0.111,2,2
4710,24.77,53.9,541.0,24.1,0.155,2,2
4711,18.77,44.6,561.0,18.97,-0.22,3,2
4712,19.38,57.5,1154.0,21.01,-0.018,2,2
4713,22.85,48.9,1126.0,22.7,0.231,2,2
4714,26.96,66.6,403.0,27.38,0.426,2,2
4715,22.62,39.2,519.0,22.7,-0.032,0,2
4716,18.22,57.0,941.0,18.0,-0.193,2,2
4717,21.66,36.0,1068.0,21.17,0.047,3,2
4718,19.77,33.2,1129.0,20.46,-0.233,2,2
4719,23.39,44.9,1196.0,23.69,0.18,2,0
4720,25.23,62.0,922.0,25.05,0.237,2,2
4721,26.77,31.2,419.0,26.91,0.611,4,2
4722,26.98,42.6,681.0,26.53,0.481,2,2
4723,25.48,49.0,744.0,25.09,0.277,2,1
4724,22.11,37.9,640.0,22.68,0.236,0,2
4725,21.21,61.3,470.0,21.88,0.165,2,1
4726,21.34,50.7,1163.0,20.81,-0.066,2,2
4727,26.36,60.7,863.0,26.13,0.293,2,1
4728,20.05,32.4,507.0,20.84,-0.055,2,1
4729,24.35,32.3,1010.0,23.66,0.007,2,2
4730,18.99,65.1,562.0,16.73,-0.323,3,2
4731,27.96,40.1,1020.0,27.83,0.446,2,0
4732,26.09,60.1,787.0,26.81,0.36,3,1
4733,21.34,41.7,935.0,22.27,-0.011,2,3
4734,23.71,35.5,658.0,22.79,0.109,0,2
4735,23.19,57.6,627.0,22.87,-0.038,3,0
4736,18.43,55.8,1153.0,18.03,-0.503,0,2
4737,27.17,56.0,446.0,27.25,0.618,4,2
4738,22.04,65.3,923.0,22.93,0.176,2,2
4739,21.63,41.9,1134.0,21.1,-0.08,0,2
4740,25.8,53.6,796.0,26.3,0.331,2,2
4741,26.24,48.1,807.0,25.09,0.244,4,2
4742,24.12,65.9,1037.0,23.88,0.223,3,2
4743,20.34,31.3,1089.0,20.84,-0.13,2,2
4744,23.93,60.0,792.0,24.43,0.447,2,2
4745,27.12,39.7,657.0,26.69,0.491,4,2
4746,23.14,55.5,880.0,23.68,0.267,2,2
4747,23.71,33.4,1148.0,23.95,0.083,0,2
4748,19.96,66.1,838.0,18.93,-0.14,3,3
4749,18.67,45.8,745.0,18.46,-0.475,2,2
4750,26.24,35.2,737.0,26.86,0.45,3,2
4751,21.94,32.5,626.0,22.48,0.042,3,2
4752,25.54,36.6,812.0,25.74,0.119,3,2
4753,18.53,42.1,954.0,18.2,-0.341,3,1
4754,20.74,46.6,1150.0,20.39,-0.143,4,3
4755,26.26,49.4,495.0,25.94,0.457,4,2
4756,26.61,55.8,836.0,26.4,0.49,2,1
4757,20.07,69.7,1055.0,20.36,-0.108,2,1
4758,24.44,65.8,523.0,24.94,0.413,1,3
4759,20.7,49.2,577.0,21.74,-0.14,1,4
4760,22.13,55.9,827.0,21.09,-0.078,2,2
4761,24.15,30.3,589.0,24.72,0.372,2,2
4762,22.4,46.8,581.0,21.57,-0.157,2,2
4763,23.24,57.3,523.0,21.91,0.108,2,2
4764,20.95,34.6,1067.0,20.57,-0.086,2,2
4765,24.75,54.9,841.0,24.96,0.174,2,2
4766,23.78,66.0,942.0,24.96,0.308,3,2
4767,22.55,61.4,600.0,21.88,-0.003,2,2
4768,19.77,54.3,698.0,19.39,-0.234,3,2
4769,25.06,32.5,1137.0,24.99,0.414,1,1
4770,25.25,43.3,667.0,24.84,0.227,2,3
4771,21.14,46.5,1185.0,20.31,-0.161,2,3
4772,23.01,33.8,409.0,22.23,-0.064,2,2
4773,25.87,54.8,1054.0,25.76,0.185,2,2
4774,24.33,56.8,509.0,23.76,0.068,4,2
4775,27.9,59.0,517.0,27.9,0.484,2,2
4776,24.64,60.6,1120.0,25.69,0.323,2,2
4777,24.97,47.4,603.0,25.19,0.273,2,2
4778,24.3,47.0,843.0,23.71,0.16,0,2
4779,26.33,62.9,592.0,27.51,0.375,1,2
4780,24.44,57.8,631.0,25.07,0.321,1,2
4781,26.17,58.2,1184.0,25.96,0.324,2,3
4782,22.92,45.9,757.0,22.5,0.03,2,2
4783,23.06,56.0,436.0,23.9,0.145,2,2
4784,18.89,44.1,1184.0,18.98,-0.485,3,2
4785,26.69,67.8,548.0,27.67,0.73,2,1
4786,20.07,51.8,659.0,19.74,-0.253,4,0
4787,21.16,50.3,942.0,21.12,-0.032,2,4
4788,22.46,52.4,1045.0,24.01,0.123,2,1
4789,18.76,36.8,1118.0,19.91,-0.38,3,3
4790,21.52,51.3,440.0,22.04,-0.064,3,0
4791,22.61,55.3,421.0,22.51,-0.035,4,2
4792,24.62,47.1,465.0,23.94,0.079,2,1
4793,18.19,57.6,589.0,18.4,-0.151,2,4
4794,25.07,67.9,1167.0,24.87,0.282,4,2
4795,18.12,43.9,1018.0,19.63,-0.161,2,4
4796,25.44,65.6,881.0,25.95,0.485,4,2
4797,26.84,66.2,736.0,25.55,0.464,4,2
4798,26.44,31.6,958.0,26.85,0.633,3,2
4799,21.95,52.9,797.0,22.65,0.164,2,2
4800,21.74,32.6,1145.0,21.69,0.044,2,2
4801,25.56,31.8,842.0,24.99,0.075,1,2
4802,24.34,47.7,780.0,24.46,0.187,1,2
4803,19.88,37.0,747.0,18.95,-0.333,2,2
4804,23.18,31.7,923.0,22.78,0.232,3,2
4805,21.23,50.9,873.0,21.45,-0.085,2,2
4806,27.47,49.3,975.0,26.78,0.564,0,0
4807,22.5,32.2,926.0,21.44,0.026,0,2
4808,24.89,31.9,590.0,24.96,0.306,2,2
4809,22.01,53.1,520.0,21.28,-0.075,2,1
4810,22.12,42.3,1106.0,22.38,-0.002,3,2
4811,27.33,56.5,889.0,28.17,0.727,2,2
4812,27.41,50.7,530.0,27.23,0.456,3,3
4813,18.82,66.2,500.0,18.32,-0.287,2,2
4814,26.73,43.9,415.0,25.78,0.529,2,2
4815,19.53,37.8,641.0,19.26,-0.476,3,2
4816,19.71,45.1,668.0,19.21,-0.274,3,2
4817,19.4,52.6,695.0,20.88,-0.128,2,2
4818,25.55,39.2,509.0,26.12,0.265,3,1
4819,23.49,36.8,457.0,24.66,0.206,2,2
4820,27.84,63.6,1072.0,29.21,0.797,3,2
4821,21.17,42.4,404.0,20.97,-0.006,2,2
4822,19.13,61.7,504.0,18.68,-0.444,3,3
4823,23.41,42.7,669.0,23.49,0.163,2,2
4824,18.84,67.4,754.0,20.5,-0.237,2,2
4825,18.42,30.9,496.0,19.26,-0.343,0,1
4826,20.55,41.9,977.0,19.7,-0.321,2,2
4827,27.56,55.1,414.0,26.29,0.417,1,2
4828,24.65,61.9,601.0,24.89,0.191,1,2
4829,27.99,50.4,961.0,28.61,0.825,2,2
4830,19.77,68.3,1108.0,18.95,-0.102,3,1
4831,20.97,36.1,970.0,19.61,-0.227,3,2
4832,26.59,53.7,616.0,26.9,0.334,2,2
4833,21.56,47.4,579.0,21.98,-0.014,2,2
4834,23.12,58.0,1173.0,22.93,-0.063,3,0
4835,24.9,36.4,834.0,24.26,0.149,2,2
4836,25.27,41.3,789.0,25.37,0.385,2,2
4837,22.02,51.6,931.0,21.49,-0.065,2,1
4838,26.79,60.5,516.0,27.28,0.66,2,3
4839,18.03,30.8,769.0,17.58,-0.433,2,2
4840,19.49,62.4,953.0,20.16,-0.199,2,3
4841,23.77,66.4,463.0,23.01,0.183,2,1
4842,27.61,48.9,1080.0,26.72,0.525,2,2
4843,22.11,49.9,648.0,22.12,0.151,2,4
4844,26.54,31.9,608.0,27.18,0.604,3,3
4845,22.76,38.1,711.0,22.09,0.113,2,2
4846,22.03,55.8,1097.0,22.87,0.024,1,2
4847,27.0,41.1,893.0,27.73,0.556,1,3
4848,25.96,47.9,869.0,25.94,0.366,2,2
4849,18.57,46.4,995.0,18.68,-0.393,2,2
4850,19.71,33.4,639.0,19.6,-0.373,2,2
4851,21.71,56.3,423.0,21.24,-0.01,2,3
4852,22.02,59.5,793.0,22.19,0.055,2,2
4853,20.69,41.2,503.0,21.06,-0.072,0,2
4854,24.4,35.2,903.0,25.2,0.414,3,2
4855,20.05,42.7,682.0,18.16,-0.4,3,3
4856,18.23,67.3,519.0,18.68,-0.149,2,2
4857,20.69,42.1,903.0,22.41,0.103,2,2
4858,19.82,43.6,584.0,20.1,0.003,2,2
4859,22.51,39.6,883.0,22.09,0.026,2,2
4860,18.05,57.4,752.0,18.69,-0.484,2,2
4861,20.2,57.5,663.0,19.14,-0.39,2,0
4862,27.14,48.5,1046.0,27.97,0.506,2,3
4863,26.57,65.6,574.0,26.28,0.389,2,1
4864,27.51,36.9,936.0,27.39,0.526,1,2
4865,18.33,31.6,1032.0,17.84,-0.475,2,2
4866,25.81,34.4,856.0,24.88,0.316,2,2
4867,27.77,44.7,652.0,27.32,0.659,2,3
4868,20.73,65.5,457.0,19.35,-0.364,2,2
4869,24.23,41.6,590.0,24.44,0.338,2,3
4870,20.93,42.5,987.0,20.56,-0.178,2,4
4871,25.76,60.5,510.0,25.23,0.14,2,3
4872,19.52,68.9,665.0,18.98,-0.512,2,1
4873,25.26,42.2,1172.0,25.11,0.194,2,2
4874,19.48,42.9,1129.0,19.73,-0.149,3,2
4875,23.51,30.4,556.0,22.41,0.23,2,2
4876,23.52,50.2,617.0,22.87,0.083,2,3
4877,23.83,64.2,766.0,23.77,0.145,3,2
4878,24.47,45.6,1133.0,25.05,0.279,2,2
4879,23.6,69.6,599.0,24.23,0.148,2,4
4880,24.15,70.0,1045.0,24.96,0.241,2,2
4881,24.84,52.8,799.0,25.19,0.129,2,2
4882,27.33,53.9,742.0,27.9,0.649,2,2
4883,22.75,30.8,1009.0,22.47,-0.009,2,2
4884,21.65,30.6,578.0,21.86,0.168,3,2
4885,18.52,62.0,646.0,20.24,-0.258,2,2
4886,21.89,37.8,628.0,22.37,0.021,3,2
4887,27.79,57.5,872.0,26.6,0.363,2,3
4888,24.31,42.9,1088.0,26.03,0.32,2,4
4889,27.04,45.2,743.0,28.02,0.822,2,2
4890,20.1,69.4,938.0,18.03,-0.52,2,0
4891,18.4,39.2,659.0,16.39,-0.534,3,2
4892,27.42,46.3,674.0,27.59,0.563,2,1
4893,23.51,41.2,1095.0,23.84,0.028,1,1
4894,25.02,69.1,495.0,25.91,0.349,3,2
4895,27.68,62.4,842.0,28.46,0.711,2,2
4896,19.55,30.4,775.0,20.58,-0.305,2,1
4897,24.53,50.7,422.0,23.9,0.13,2,2
4898,20.7,37.4,440.0,21.84,0.066,0,2
4899,24.23,59.5,1124.0,24.58,0.338,2,3
4900,26.16,31.7,544.0,26.19,0.601,2,0
4901,24.81,47.1,1114.0,24.99,0.299,3,2
4902,26.6,41.1,510.0,26.83,0.525,2,3
4903,19.26,69.5,790.0,18.07,-0.473,3,2
4904,21.88,36.7,1175.0,20.85,-0.081,2,2
4905,27.67,55.0,1076.0,27.0,0.445,2,3
4906,26.18,55.0,579.0,26.62,0.613,2,4
4907,23.57,33.5,1158.0,24.44,0.162,2,1
4908,22.82,32.9,798.0,22.39,0.134,2,2
4909,18.17,67.4,1034.0,18.13,-0.264,2,0
4910,18.59,30.5,596.0,19.12,-0.202,3,2
4911,25.92,54.5,992.0,26.11,0.24,4,2
4912,23.62,54.4,1032.0,23.34,0.149,2,2
4913,26.46,57.7,567.0,26.31,0.288,2,3
4914,25.32,49.0,680.0,25.64,0.408,2,2
4915,25.79,30.2,1043.0,25.98,0.453,2,3
4916,20.05,37.4,824.0,21.06,-0.034,3,0
4917,19.69,39.8,1003.0,19.52,-0.358,2,3
4918,18.32,50.9,1101.0,16.58,-0.479,1,2
4919,25.58,57.1,646.0,25.02,0.467,3,2
4920,20.85,52.6,766.0,21.29,-0.117,2,2
4921,19.51,67.0,815.0,19.17,-0.21,2,2
4922,26.94,66.3,603.0,26.31,0.492,2,2
4923,23.27,67.0,754.0,23.87,0.277,3,2
4924,23.02,49.1,1052.0,22.61,0.04,2,1
4925,20.96,37.6,1106.0,20.11,-0.353,2,2
4926,18.89,66.5,642.0,19.31,-0.127,2,2
4927,21.65,35.1,870.0,22.27,0.06,2,3
4928,21.75,69.1,994.0,21.44,0.139,2,1
4929,19.09,33.7,587.0,19.64,-0.145,1,3
4930,27.29,40.9,550.0,26.51,0.448,2,4
4931,25.82,30.5,457.0,25.95,0.288,1,2
4932,19.85,37.1,1117.0,19.41,-0.141,3,2
4933,27.38,47.1,831.0,28.43,0.501,2,3
4934,19.81,42.7,865.0,21.61,0.137,3,2
4935,23.95,50.5,432.0,23.66,0.175,2,2
4936,18.34,49.6,531.0,19.61,-0.373,0,2
4937,20.84,67.1,797.0,19.65,-0.16,2,2
4938,23.34,51.9,635.0,23.14,0.162,1,2
4939,26.32,56.4,911.0,26.83,0.381,2,3
4940,23.72,69.1,679.0,23.29,0.054,2,2
4941,27.99,47.4,1070.0,28.24,0.815,2,1
4942,20.44,49.9,1011.0,19.26,-0.32,2,2
4943,25.9,35.5,993.0,25.53,0.391,2,3
4944,25.49,37.0,804.0,25.9,0.333,2,2
4945,20.98,53.2,916.0,21.24,-0.075,2,2
4946,25.69,41.7,730.0,25.8,0.524,2,2
4947,27.34,47.3,551.0,27.08,0.556,1,2
4948,21.2,38.3,1129.0,20.78,-0.042,2,3
4949,25.73,38.6,981.0,26.44,0.444,3,3
4950,26.29,58.2,1188.0,27.75,0.592,2,0
4951,27.5,63.0,1135.0,29.92,0.791,2,2
4952,19.86,48.8,1122.0,18.49,-0.403,3,2
4953,21.03,61.9,873.0,19.9,-0.256,2,2
4954,18.79,63.9,1116.0,19.18,-0.222,2,2
4955,23.34,43.3,934.0,23.47,0.082,3,2
4956,19.37,59.8,800.0,20.91,-0.017,1,1
4957,19.04,58.7,756.0,19.1,-0.18,2,2
4958,27.07,46.8,740.0,26.92,0.401,2,2
4959,23.42,39.6,1096.0,23.68,0.114,2,2
4960,24.34,48.4,969.0,24.68,0.186,3,2
4961,21.68,52.9,1124.0,20.33,-0.244,1,2
4962,21.26,39.7,429.0,20.68,-0.128,2,0
4963,21.22,53.6,434.0,22.1,-0.1,2,2
4964,24.98,67.6,552.0,24.64,0.204,2,2
4965,22.37,49.1,576.0,22.17,-0.01,2,2
4966,22.01,40.2,915.0,21.81,0.108,4,3
4967,22.91,66.2,515.0,23.11,0.014,2,2
4968,26.94,43.1,580.0,27.14,0.49,2,2
4969,27.48,56.4,788.0,27.17,0.622,2,2
4970,26.09,34.1,1032.0,26.81,0.329,2,1
4971,22.77,39.0,684.0,25.56,0.424,2,2
4972,21.84,56.5,714.0,22.51,-0.089,3,3
4973,25.51,36.6,474.0,25.62,0.238,2,1
4974,24.67,32.4,657.0,25.23,0.351,2,2
4975,22.78,64.5,664.0,22.0,0.005,2,2
4976,19.11,38.9,947.0,18.36,-0.43,2,1
4977,26.01,33.8,663.0,25.86,0.575,4,2
4978,19.89,59.2,722.0,19.14,-0.31,3,2
4979,26.86,37.4,611.0,26.14,0.499,2,1
4980,24.23,64.8,691.0,23.27,0.161,2,1
4981,23.0,49.5,822.0,23.69,0.158,1,2
4982,23.71,62.0,1165.0,25.17,0.329,2,3
4983,24.83,46.9,1096.0,25.41,0.295,2,2
4984,21.04,53.5,984.0,20.46,-0.391,2,3
4985,21.92,58.1,532.0,21.84,-0.079,4,3
4986,20.26,59.4,547.0,19.78,-0.357,1,1
4987,22.75,32.4,812.0,23.47,0.26,2,2
4988,22.15,34.8,693.0,22.67,0.078,0,0
4989,25.85,49.5,555.0,24.59,0.35,1,3
4990,23.24,69.9,922.0,22.26,0.104,2,2
4991,27.19,30.4,619.0,27.12,0.395,4,1
4992,22.38,67.5,588.0,22.84,0.054,2,2
4993,26.24,33.7,488.0,25.44,0.413,2,3
4994,21.48,55.7,931.0,22.74,-0.06,0,2
4995,18.98,45.6,724.0,18.3,-0.455,3,1
4996,27.46,63.0,858.0,27.83,0.52,1,2
4997,25.82,42.4,1169.0,26.13,0.515,2,2
4998,27.58,57.8,585.0,27.7,0.67,1,2
4999,19.57,32.9,523.0,20.32,-0.138,3,2
