timestamp_s,T_drybulb_C,RH_pct,CO2_ppm,illuminance_lux,occupancy,window_open,blind_angle_east,blind_angle_west,hvac_valve_pos,air_velocity_ms,globe_T_C,mean_rad_T_C,operative_T_C,comfort_class
0,23.23,55.4,528.0,465.0,1,1,0.04,0.75,0.35,0.175,23.41,21.82,22.95,2
1,21.94,53.9,631.0,204.0,1,0,0.07,0.41,0.68,0.232,21.77,22.65,21.67,2
2,21.61,41.1,611.0,349.0,1,1,0.34,0.33,0.83,0.221,21.51,21.72,21.5,2
3,21.88,49.8,400.0,216.0,0,1,0.09,0.56,0.85,0.195,22.54,21.45,22.16,2
4,22.74,56.3,685.0,694.0,1,0,0.99,0.59,0.82,0.286,22.15,21.76,23.04,2
5,24.93,40.8,528.0,553.0,1,0,0.73,0.23,0.51,0.313,25.52,25.43,25.17,2
6,24.05,40.1,400.0,539.0,0,1,0.01,0.04,0.16,0.214,24.8,25.83,23.89,3
7,21.22,55.3,411.0,373.0,1,1,0.76,0.61,0.99,0.207,21.74,21.09,21.03,3
8,20.7,42.0,400.0,481.0,0,0,0.98,0.15,0.71,0.147,22.35,20.7,20.66,4
9,24.11,45.7,400.0,375.0,0,1,0.09,0.29,0.12,0.222,24.72,24.73,24.43,2
10,21.17,50.4,400.0,628.0,0,0,0.2,0.66,0.1,0.323,20.65,21.91,21.16,2
11,23.02,45.3,400.0,603.0,0,1,0.2,0.09,0.3,0.348,23.49,24.84,23.5,3
12,22.21,54.5,400.0,203.0,0,0,0.06,0.87,0.39,0.125,22.12,22.84,22.06,2
13,21.23,59.5,400.0,528.0,0,1,0.48,0.3,0.04,0.147,21.58,21.21,20.89,2
14,21.15,42.2,670.0,372.0,1,1,0.94,0.64,0.29,0.266,20.72,20.97,21.31,3
15,24.83,53.3,400.0,563.0,0,0,0.81,0.51,0.14,0.326,24.43,24.96,24.8,2
16,20.36,42.9,525.0,230.0,1,0,0.28,0.37,0.41,0.349,20.43,20.52,20.46,2
17,20.64,53.3,400.0,591.0,0,0,0.87,0.93,0.05,0.295,21.05,20.05,20.66,2
18,23.1,49.0,696.0,384.0,1,1,0.65,0.91,0.76,0.344,23.38,22.72,22.94,3
19,23.19,58.2,400.0,300.0,0,0,0.17,0.71,0.75,0.259,22.78,21.98,23.37,2
20,21.45,43.4,404.0,333.0,1,1,0.54,0.08,0.72,0.278,22.17,20.48,21.52,2
21,24.67,59.3,617.0,530.0,1,1,0.44,0.84,0.94,0.323,25.94,25.37,24.3,2
22,24.31,58.0,400.0,434.0,0,1,0.59,0.72,0.04,0.305,24.79,25.24,24.01,2
23,24.19,40.9,400.0,635.0,0,0,0.85,0.17,0.9,0.227,23.98,24.76,24.05,3
24,21.23,45.7,561.0,366.0,1,0,0.22,0.26,0.35,0.244,20.68,22.55,21.41,3
25,20.93,43.3,400.0,336.0,0,0,0.79,0.32,0.33,0.182,20.96,21.68,20.73,2
26,23.13,55.4,400.0,354.0,0,0,0.02,0.21,0.33,0.345,23.18,22.26,23.33,2
27,25.0,56.2,400.0,528.0,0,1,0.94,0.86,0.45,0.136,24.21,26.79,24.87,2
28,21.13,42.5,699.0,684.0,1,0,0.75,0.75,0.18,0.194,21.77,21.71,21.16,1
29,20.07,45.7,400.0,636.0,0,0,0.58,0.3,0.59,0.263,19.98,20.37,19.9,1
30,23.04,41.3,552.0,504.0,1,1,0.57,0.12,0.22,0.376,23.58,24.61,23.07,2
31,21.06,50.5,400.0,388.0,0,1,0.35,0.24,0.35,0.249,20.26,21.13,20.84,2
32,20.94,46.7,400.0,362.0,0,1,0.39,0.72,0.98,0.266,20.92,21.92,21.11,3
33,24.65,53.6,400.0,344.0,0,1,0.84,0.54,0.89,0.126,25.72,23.39,24.34,3
34,24.41,49.4,400.0,695.0,0,0,0.15,0.82,0.6,0.382,25.57,24.5,24.53,2
35,21.72,42.0,400.0,530.0,0,0,0.17,0.74,0.46,0.118,20.65,22.24,21.38,2
36,23.97,56.7,400.0,628.0,0,1,0.41,0.04,0.14,0.351,24.13,24.04,23.61,2
37,24.01,46.6,425.0,212.0,1,1,0.54,0.69,0.3,0.293,24.09,24.05,24.19,0
38,20.88,52.7,683.0,667.0,1,0,0.1,0.5,0.33,0.266,21.0,19.07,21.24,1
39,20.37,45.3,400.0,570.0,0,0,0.72,0.39,0.97,0.349,20.12,18.69,20.26,2
40,20.01,47.7,578.0,636.0,1,0,0.06,0.78,0.09,0.315,20.0,20.61,19.5,2
41,20.11,48.7,400.0,489.0,0,1,0.09,0.65,0.31,0.246,20.25,20.57,20.17,3
42,20.26,52.4,400.0,560.0,0,0,0.85,0.31,0.18,0.386,20.17,21.22,19.81,2
43,23.0,52.1,440.0,545.0,1,0,0.68,0.86,0.28,0.316,22.08,22.34,22.96,2
44,20.44,43.4,629.0,272.0,1,0,0.9,0.65,0.34,0.285,19.98,20.08,20.8,2
45,24.02,40.7,557.0,511.0,1,0,0.24,0.21,0.15,0.37,23.94,22.82,23.93,1
46,21.53,48.1,610.0,371.0,1,1,0.24,0.53,0.78,0.15,20.45,21.76,21.68,4
47,20.67,56.0,467.0,437.0,1,1,0.54,0.79,0.48,0.157,20.86,20.29,20.84,1
48,20.68,48.1,688.0,480.0,1,1,0.96,0.78,0.42,0.322,21.26,20.36,20.55,3
49,22.89,59.2,400.0,329.0,0,0,0.34,0.66,0.45,0.376,22.74,22.62,22.58,3
50,20.15,43.9,400.0,575.0,0,0,0.58,0.89,0.29,0.191,20.7,20.71,20.08,1
51,21.64,51.6,485.0,323.0,1,1,0.15,0.77,0.82,0.396,21.91,22.4,21.51,2
52,20.35,50.0,542.0,642.0,1,0,0.42,0.43,0.22,0.347,20.59,19.86,20.27,2
53,23.42,55.3,400.0,260.0,0,1,0.53,0.24,0.26,0.208,23.78,23.8,24.06,3
54,20.62,49.4,456.0,237.0,1,1,1.0,0.38,0.17,0.359,20.75,19.57,20.81,2
55,24.6,53.1,663.0,571.0,1,0,0.38,0.64,0.26,0.272,24.54,24.1,24.57,2
56,23.6,44.0,400.0,468.0,0,0,0.83,0.4,0.38,0.233,23.79,24.09,24.04,1
57,23.81,52.7,462.0,650.0,1,0,0.24,0.89,0.73,0.283,24.26,23.26,23.02,1
58,22.41,51.7,613.0,672.0,1,1,0.48,0.75,0.43,0.354,21.83,21.6,22.4,4
59,23.77,45.1,616.0,220.0,1,1,0.57,0.88,0.02,0.103,23.48,24.15,24.6,2
60,21.67,47.7,606.0,264.0,1,0,0.94,0.01,0.74,0.364,21.68,21.59,21.84,1
61,23.78,45.6,400.0,415.0,0,0,0.82,0.49,0.69,0.156,24.19,24.05,23.89,3
62,24.48,40.5,400.0,369.0,0,1,0.13,0.61,0.17,0.347,24.23,22.93,24.39,2
63,22.64,40.6,683.0,492.0,1,1,0.12,0.72,0.75,0.257,23.17,23.43,22.1,2
64,23.52,42.8,400.0,659.0,0,1,0.42,0.1,0.8,0.128,23.25,23.56,23.48,2
65,24.88,49.6,648.0,490.0,1,1,0.6,0.96,0.04,0.296,25.03,24.95,24.59,3
66,23.25,51.2,400.0,305.0,0,0,0.51,0.5,0.83,0.383,22.57,22.99,23.41,2
67,24.76,55.2,400.0,347.0,0,1,0.87,0.9,0.11,0.365,24.46,25.6,25.06,2
68,24.82,47.6,400.0,669.0,0,0,0.53,0.87,0.22,0.285,23.51,25.18,25.22,3
69,22.26,55.8,400.0,519.0,0,1,0.16,0.61,0.85,0.23,21.85,22.36,22.25,3
70,23.45,47.6,639.0,353.0,1,0,1.0,0.42,0.17,0.184,23.46,23.37,23.52,2
71,20.42,55.5,468.0,232.0,1,1,0.5,0.74,0.8,0.257,20.88,19.41,20.71,4
72,24.89,43.3,500.0,313.0,1,1,0.07,0.69,0.99,0.101,25.61,24.79,24.28,3
73,21.03,42.7,694.0,333.0,1,1,0.85,0.4,0.07,0.225,20.72,20.81,21.04,2
74,22.91,43.0,622.0,523.0,1,0,0.45,0.41,0.65,0.385,22.46,23.66,23.27,2
75,24.87,46.9,582.0,249.0,1,1,0.65,0.35,0.94,0.132,24.31,26.24,24.85,2
76,24.48,55.0,400.0,627.0,0,0,0.54,0.71,0.29,0.395,24.99,24.74,24.5,2
77,23.8,58.6,400.0,285.0,0,1,0.23,0.05,0.39,0.363,24.23,24.89,23.9,3
78,22.7,41.2,400.0,275.0,0,0,0.65,1.0,0.22,0.383,22.36,22.65,22.31,3
79,20.81,57.2,650.0,303.0,1,1,0.13,0.1,0.33,0.321,20.58,21.59,20.89,2
80,20.77,49.6,400.0,663.0,0,1,0.41,0.02,0.16,0.209,21.17,21.88,20.65,2
81,21.26,49.9,517.0,211.0,1,0,0.54,0.65,0.68,0.188,21.72,20.53,21.77,3
82,22.1,57.5,400.0,522.0,0,0,0.71,0.33,0.46,0.234,21.84,22.86,21.47,2
83,24.71,57.1,400.0,546.0,0,1,0.24,0.44,0.17,0.399,25.5,25.14,24.5,2
84,24.17,59.2,495.0,523.0,1,0,0.58,0.51,0.16,0.397,23.41,24.27,24.14,2
85,24.45,57.8,697.0,692.0,1,1,0.82,0.24,0.49,0.32,25.09,25.33,24.13,3
86,20.48,50.6,431.0,224.0,1,1,0.19,0.58,0.89,0.348,20.37,19.68,20.43,2
87,20.47,45.4,400.0,345.0,0,0,0.88,0.82,0.72,0.133,20.48,19.87,20.12,2
88,23.3,46.0,571.0,693.0,1,0,0.33,0.65,0.72,0.148,23.55,23.86,22.97,2
89,24.12,47.0,685.0,621.0,1,1,0.14,0.62,0.73,0.183,24.15,24.48,23.94,2
90,21.36,51.8,562.0,581.0,1,1,0.15,0.06,0.34,0.35,20.99,20.68,21.76,2
91,20.9,45.8,628.0,364.0,1,0,0.89,0.76,0.52,0.28,20.99,21.64,20.47,2
92,24.14,59.6,400.0,606.0,0,0,0.16,0.55,0.72,0.324,23.71,24.08,23.71,2
93,24.21,58.5,400.0,317.0,0,1,0.47,0.75,0.32,0.372,23.92,25.75,24.32,2
94,21.32,43.5,400.0,260.0,0,0,0.02,0.25,0.52,0.204,21.38,22.15,21.53,2
95,24.86,49.4,400.0,673.0,0,1,0.37,0.06,0.5,0.13,25.58,25.31,24.64,2
96,20.34,52.9,400.0,627.0,0,0,0.95,0.2,0.79,0.192,19.15,19.51,20.16,2
97,20.84,40.1,635.0,663.0,1,0,0.37,0.37,0.73,0.358,21.31,20.29,20.48,2
98,21.21,54.6,553.0,568.0,1,0,0.47,0.26,0.36,0.157,21.27,21.13,21.67,3
99,23.0,50.1,400.0,219.0,0,0,0.58,0.09,0.44,0.228,22.12,21.23,23.01,2
100,24.11,50.2,614.0,650.0,1,0,0.79,0.88,0.16,0.261,24.26,24.97,23.42,1
101,20.32,50.4,400.0,248.0,0,1,0.6,0.39,0.23,0.21,19.94,21.7,20.71,2
102,22.2,49.8,661.0,208.0,1,0,0.91,0.39,0.62,0.132,22.26,23.82,22.04,2
103,20.48,49.0,400.0,235.0,0,1,0.71,0.09,0.17,0.135,20.56,19.87,20.41,3
104,23.12,58.7,576.0,222.0,1,0,0.53,0.08,0.38,0.358,23.62,22.08,22.85,2
105,23.8,50.5,485.0,690.0,1,1,0.37,0.81,0.73,0.365,24.3,24.08,23.48,3
106,21.64,57.7,400.0,690.0,0,0,0.92,0.65,0.4,0.203,21.52,21.42,21.51,2
107,22.72,56.3,450.0,559.0,1,0,0.16,0.73,0.33,0.145,22.28,23.06,22.98,4
108,21.37,58.4,400.0,506.0,0,1,0.69,0.28,0.84,0.166,20.72,21.24,20.95,2
109,21.59,59.0,400.0,599.0,0,1,0.98,0.18,0.04,0.113,21.4,20.47,22.04,2
110,23.19,58.6,623.0,490.0,1,0,0.46,0.03,0.46,0.323,23.94,22.17,23.25,2
111,22.62,49.4,400.0,654.0,0,0,0.05,0.11,0.9,0.121,21.81,24.05,22.96,2
112,22.98,54.7,400.0,446.0,0,1,0.49,0.82,0.49,0.252,23.43,24.08,23.0,2
113,20.53,59.6,664.0,521.0,1,0,0.01,0.84,0.96,0.323,20.78,22.54,20.29,2
114,22.04,46.7,400.0,552.0,0,0,0.96,0.15,0.05,0.264,22.72,21.74,21.89,3
115,20.23,58.2,598.0,249.0,1,0,0.64,0.55,0.93,0.213,20.55,20.12,20.23,2
116,21.43,54.5,400.0,667.0,0,1,0.26,0.73,0.6,0.236,21.67,22.39,22.05,2
117,22.61,49.0,589.0,262.0,1,0,0.59,0.91,0.96,0.156,22.96,22.51,22.15,3
118,22.98,49.9,400.0,426.0,0,0,0.21,0.89,0.2,0.238,23.11,22.85,22.83,2
119,24.05,59.5,437.0,201.0,1,0,0.59,0.82,0.47,0.113,24.66,25.0,24.2,2
120,23.43,58.0,619.0,317.0,1,0,0.9,0.4,0.11,0.167,24.53,23.5,23.83,2
121,23.06,40.3,650.0,591.0,1,0,0.94,0.61,0.74,0.319,23.71,23.79,23.89,3
122,24.65,50.0,400.0,679.0,0,1,0.35,0.97,0.72,0.235,24.55,25.38,24.73,1
123,20.18,57.4,413.0,291.0,1,1,0.45,0.28,0.79,0.16,20.24,18.58,20.69,2
124,22.91,51.0,550.0,561.0,1,1,0.51,0.43,0.81,0.308,21.73,22.49,22.78,3
125,20.43,40.1,400.0,477.0,0,1,0.19,0.22,0.65,0.231,20.19,19.77,20.31,2
126,20.16,57.8,517.0,291.0,1,0,0.71,0.54,0.61,0.281,20.36,18.84,19.84,2
127,23.94,41.3,400.0,594.0,0,1,0.3,0.04,0.82,0.29,23.46,23.99,23.92,2
128,24.25,49.0,565.0,331.0,1,1,0.27,0.77,0.85,0.336,24.4,24.59,24.09,2
129,21.22,40.9,400.0,481.0,0,1,0.73,0.73,0.4,0.352,20.93,20.22,21.04,2
130,21.2,45.1,479.0,635.0,1,1,0.77,0.14,0.45,0.144,20.65,20.98,21.0,2
131,23.88,41.0,400.0,611.0,0,1,0.09,0.81,0.58,0.229,23.73,21.77,23.85,4
132,22.27,43.7,617.0,405.0,1,1,0.99,0.45,0.17,0.298,22.4,22.1,22.2,1
133,21.38,46.0,400.0,344.0,0,0,0.56,0.06,0.53,0.255,21.44,21.15,21.38,2
134,20.71,44.1,400.0,219.0,0,0,0.25,0.28,0.74,0.342,20.78,20.76,20.68,2
135,22.57,46.9,403.0,516.0,1,1,0.7,0.13,0.05,0.392,22.48,22.14,22.95,2
136,23.62,54.9,400.0,411.0,0,0,0.38,0.46,0.31,0.159,23.86,23.88,23.51,2
137,20.65,49.3,665.0,442.0,1,1,0.79,0.02,0.08,0.392,21.0,21.24,20.54,1
138,21.02,57.1,400.0,395.0,0,0,0.5,0.19,0.72,0.135,21.59,22.19,21.71,2
139,23.35,51.4,400.0,273.0,0,1,0.38,0.76,0.0,0.249,23.06,23.58,23.86,2
140,21.57,55.6,438.0,303.0,1,0,0.82,0.41,0.48,0.288,21.08,21.55,21.81,2
141,21.35,57.7,400.0,590.0,0,0,0.92,0.82,0.71,0.248,21.02,20.65,21.22,1
142,24.85,49.3,530.0,334.0,1,1,0.95,0.2,0.04,0.274,24.36,23.89,24.72,2
143,21.05,57.0,400.0,541.0,0,1,0.17,0.96,0.85,0.373,20.94,22.29,21.01,2
144,22.73,41.1,608.0,507.0,1,0,0.35,0.45,0.42,0.219,23.34,22.71,23.12,3
145,20.96,50.9,400.0,659.0,0,1,0.01,0.82,0.17,0.356,21.05,21.67,21.26,2
146,23.48,44.9,400.0,248.0,0,1,0.12,0.86,0.61,0.124,23.98,23.54,23.55,2
147,22.62,50.1,400.0,427.0,0,0,0.0,0.35,0.72,0.142,22.98,22.05,23.02,2
148,24.7,58.6,400.0,685.0,0,1,0.86,0.52,0.72,0.196,25.06,25.4,24.42,2
149,23.68,43.4,400.0,520.0,0,1,0.43,0.81,0.19,0.255,23.85,24.44,23.56,2
150,22.28,44.6,440.0,546.0,1,1,0.96,0.69,0.96,0.182,21.69,22.58,22.47,3
151,20.31,47.2,400.0,229.0,0,0,0.46,0.03,0.56,0.321,20.52,20.24,19.88,4
152,22.16,46.6,494.0,251.0,1,0,0.48,0.96,0.09,0.351,22.43,22.24,22.56,4
153,23.21,43.3,548.0,413.0,1,1,0.75,0.96,0.12,0.261,23.75,22.37,23.74,1
154,24.04,57.6,413.0,677.0,1,0,0.6,0.25,0.95,0.276,23.87,24.55,23.59,3
155,23.9,49.5,423.0,218.0,1,0,0.48,0.26,0.92,0.17,23.94,23.75,23.53,2
156,23.36,53.8,400.0,560.0,0,0,0.9,0.32,0.15,0.19,24.12,23.61,23.56,2
157,24.39,55.4,400.0,401.0,0,0,0.28,0.07,0.64,0.288,25.31,24.96,24.57,2
158,24.87,55.3,453.0,483.0,1,1,0.55,0.36,0.04,0.345,24.73,23.67,25.0,3
159,24.9,56.7,662.0,298.0,1,0,0.77,0.61,0.43,0.258,25.62,25.16,24.91,2
160,22.43,55.4,555.0,284.0,1,1,0.84,0.91,0.7,0.16,22.34,21.62,22.57,2
161,20.19,48.5,400.0,309.0,0,0,0.83,0.4,0.94,0.342,20.37,19.92,19.89,2
162,21.93,58.7,400.0,554.0,0,0,0.28,0.84,0.4,0.211,21.12,22.24,21.95,1
163,21.88,49.3,400.0,534.0,0,0,0.63,0.94,0.56,0.326,21.59,21.53,21.74,3
164,20.31,57.3,400.0,463.0,0,1,0.82,0.36,0.03,0.161,19.85,20.17,20.26,2
165,22.7,54.2,400.0,672.0,0,1,0.22,0.6,0.26,0.397,22.59,23.12,22.78,2
166,20.29,47.6,400.0,219.0,0,0,0.51,0.95,0.94,0.246,19.5,19.42,20.03,2
167,20.74,57.1,400.0,554.0,0,0,0.14,0.15,0.37,0.323,20.8,20.39,21.26,2
168,21.88,47.9,400.0,442.0,0,0,0.91,0.06,0.68,0.244,21.79,21.05,21.76,2
169,24.48,43.9,400.0,286.0,0,0,0.93,0.49,0.95,0.105,23.59,23.22,23.91,2
170,21.57,45.2,400.0,536.0,0,0,0.27,0.57,0.69,0.251,22.37,22.95,21.4,3
171,23.63,57.6,565.0,354.0,1,1,0.97,0.49,0.31,0.28,24.51,23.06,23.96,2
172,20.88,59.0,400.0,400.0,0,1,0.81,0.04,0.77,0.183,20.61,21.57,21.21,2
173,24.5,43.4,678.0,661.0,1,1,0.82,0.98,0.06,0.334,23.16,25.7,24.24,2
174,21.38,58.9,400.0,472.0,0,0,0.72,0.83,0.65,0.242,21.09,21.13,21.15,3
175,24.72,52.4,400.0,228.0,0,1,0.56,0.36,0.72,0.35,23.5,24.61,25.0,2
176,20.42,57.4,537.0,354.0,1,1,0.81,0.43,0.94,0.198,21.33,21.1,20.45,3
177,23.47,56.6,400.0,228.0,0,1,0.24,0.95,0.73,0.308,23.28,23.91,23.65,0
178,21.06,52.1,400.0,532.0,0,1,0.78,0.05,0.69,0.331,21.13,21.27,20.64,2
179,21.99,41.9,534.0,649.0,1,1,0.7,0.3,0.68,0.338,22.05,21.95,21.9,2
180,20.76,44.7,479.0,393.0,1,1,0.98,0.18,0.03,0.202,20.08,22.63,20.93,2
181,22.1,49.1,400.0,416.0,0,1,0.85,0.16,0.15,0.318,21.83,23.13,22.17,2
182,20.86,58.7,464.0,289.0,1,1,0.85,0.69,0.79,0.196,21.28,21.21,21.14,1
183,23.77,47.2,602.0,322.0,1,0,0.94,0.43,0.46,0.339,23.99,23.09,23.65,2
184,24.19,52.3,400.0,444.0,0,0,0.3,0.59,0.38,0.346,24.12,24.97,23.97,2
185,21.23,54.0,603.0,422.0,1,0,0.87,0.37,0.22,0.288,20.57,21.0,21.52,2
186,20.82,54.0,400.0,292.0,0,1,0.89,0.66,0.56,0.202,21.45,19.09,21.42,2
187,24.4,56.3,400.0,517.0,0,0,0.18,0.44,0.91,0.289,23.89,23.53,24.65,3
188,20.74,59.8,665.0,636.0,1,1,0.59,0.11,0.4,0.258,20.61,20.89,20.62,1
189,21.74,41.8,400.0,571.0,0,0,0.64,0.13,0.42,0.138,20.69,22.26,21.72,2
190,21.51,41.5,400.0,205.0,0,1,0.41,0.45,0.76,0.392,21.15,20.24,21.46,2
191,21.19,55.0,400.0,575.0,0,1,0.84,0.79,0.35,0.244,20.94,20.2,21.65,2
192,23.32,55.6,400.0,559.0,0,0,0.6,0.56,0.89,0.26,22.74,25.0,23.31,1
193,23.82,45.6,556.0,585.0,1,0,0.02,0.0,0.94,0.137,24.55,23.21,23.61,2
194,22.49,59.5,416.0,577.0,1,1,0.78,0.87,0.87,0.321,23.06,22.08,22.83,3
195,22.42,58.0,400.0,477.0,0,1,0.04,0.13,0.22,0.179,21.75,22.16,22.33,2
196,22.88,50.4,400.0,447.0,0,1,0.44,0.66,0.32,0.101,22.33,23.54,22.49,2
197,21.83,53.8,671.0,350.0,1,0,0.63,0.9,0.28,0.123,21.96,20.9,21.93,1
198,21.47,46.8,400.0,635.0,0,1,0.48,0.38,0.03,0.36,20.84,21.87,21.38,3
199,23.64,55.3,400.0,513.0,0,0,0.51,0.09,0.02,0.135,23.9,22.52,23.62,2
200,20.85,45.8,641.0,317.0,1,1,0.47,0.78,0.38,0.142,21.49,21.09,20.68,4
201,22.6,44.3,400.0,333.0,0,1,0.11,0.7,0.23,0.135,22.64,20.55,22.67,3
202,21.22,47.9,605.0,366.0,1,0,0.59,0.56,0.67,0.235,21.0,21.93,20.88,2
203,20.43,46.5,400.0,263.0,0,0,0.21,0.28,0.22,0.117,20.06,21.9,20.43,4
204,23.65,55.4,439.0,297.0,1,0,0.51,0.34,0.52,0.379,24.48,24.57,23.67,4
205,20.69,54.5,400.0,234.0,0,0,0.34,0.21,0.19,0.244,20.43,19.56,20.35,2
206,24.87,50.3,400.0,585.0,0,1,0.78,0.73,0.4,0.119,25.46,25.29,24.89,3
207,22.67,47.2,475.0,473.0,1,1,0.05,0.88,0.43,0.246,21.99,21.96,22.17,3
208,22.58,54.1,484.0,311.0,1,1,0.32,0.8,0.5,0.231,22.83,22.71,22.65,2
209,20.9,41.1,400.0,395.0,0,1,0.93,0.38,0.44,0.173,21.82,20.06,20.35,4
210,24.58,44.6,572.0,457.0,1,0,0.35,0.33,0.97,0.141,24.96,24.4,24.69,0
211,20.57,51.3,414.0,468.0,1,1,0.58,0.29,0.88,0.114,20.84,21.86,21.14,2
212,22.52,59.6,637.0,473.0,1,0,0.49,0.74,0.87,0.21,22.61,22.95,22.39,2
213,21.95,55.6,400.0,609.0,0,0,0.8,0.17,0.04,0.383,21.93,21.23,22.26,2
214,20.82,51.6,400.0,537.0,0,1,0.35,0.4,0.96,0.186,21.2,21.29,20.42,3
215,22.56,50.8,400.0,377.0,0,0,0.09,0.32,0.14,0.391,22.4,22.0,22.94,4
216,22.12,47.2,646.0,679.0,1,0,0.19,0.78,0.56,0.136,22.13,20.62,22.01,3
217,20.39,58.3,408.0,424.0,1,1,0.18,0.84,0.11,0.329,20.57,21.3,20.38,1
218,20.5,42.9,428.0,610.0,1,0,0.4,0.5,0.05,0.114,19.56,20.66,20.86,2
219,21.43,52.8,400.0,532.0,0,1,0.8,0.06,0.22,0.204,21.55,21.75,21.76,2
220,23.22,51.1,400.0,484.0,0,1,0.73,0.97,0.99,0.119,23.44,23.51,23.15,2
221,21.32,42.2,400.0,698.0,0,1,0.46,0.43,0.61,0.388,20.72,21.78,21.22,2
222,20.31,53.0,596.0,597.0,1,0,0.96,0.47,0.81,0.248,20.23,20.2,20.46,2
223,20.2,46.7,598.0,422.0,1,1,0.06,0.78,0.93,0.254,20.11,20.69,20.62,3
224,21.48,55.9,400.0,630.0,0,0,0.88,0.62,0.39,0.314,20.98,20.9,21.75,2
225,22.09,46.8,400.0,234.0,0,1,0.35,0.48,0.53,0.119,21.85,21.78,22.44,2
226,22.24,59.1,400.0,486.0,0,1,0.99,0.35,0.59,0.105,22.46,22.5,21.87,1
227,22.06,52.7,534.0,444.0,1,0,0.53,0.21,0.45,0.239,22.18,21.56,22.11,2
228,24.56,51.8,512.0,415.0,1,1,0.6,0.92,0.02,0.202,24.96,24.09,25.13,2
229,23.33,40.8,550.0,280.0,1,0,0.59,0.66,0.94,0.344,23.02,24.03,22.85,3
230,20.24,58.0,479.0,261.0,1,0,0.0,0.41,0.3,0.118,19.72,19.24,20.38,2
231,24.34,42.4,400.0,461.0,0,1,0.81,0.94,0.02,0.24,24.58,24.38,24.47,2
232,23.97,50.7,400.0,535.0,0,0,0.73,0.31,0.33,0.393,23.99,24.62,24.25,2
233,22.94,41.5,414.0,268.0,1,0,0.21,0.82,0.2,0.323,23.24,23.4,23.0,2
234,22.95,53.9,400.0,348.0,0,0,0.69,0.47,0.62,0.391,23.97,23.33,22.81,0
235,24.06,40.0,598.0,442.0,1,0,0.21,0.76,0.98,0.311,23.6,23.48,24.38,3
236,23.54,52.5,419.0,650.0,1,1,0.87,0.9,0.08,0.35,24.61,23.93,23.78,1
237,24.91,58.5,400.0,690.0,0,1,0.37,0.05,0.72,0.17,25.18,23.78,24.66,3
238,20.04,50.1,400.0,232.0,0,1,0.75,0.21,0.49,0.304,19.49,20.33,19.51,1
239,20.5,55.2,581.0,534.0,1,0,0.36,0.52,0.55,0.399,20.23,21.39,20.3,2
240,21.38,46.0,400.0,655.0,0,0,0.53,0.44,0.84,0.324,21.47,21.36,21.26,3
241,24.06,51.3,641.0,248.0,1,1,0.47,0.29,0.3,0.153,24.72,23.7,24.13,2
242,22.44,41.5,545.0,521.0,1,1,0.28,0.08,0.14,0.169,21.89,22.31,22.52,2
243,22.97,43.7,459.0,590.0,1,1,0.53,0.6,0.15,0.325,22.65,22.96,23.44,2
244,24.33,59.8,427.0,539.0,1,1,0.5,0.17,0.02,0.119,24.87,24.85,24.18,2
245,20.56,57.4,650.0,255.0,1,0,0.7,0.55,0.01,0.195,20.09,22.25,20.63,3
246,24.67,42.3,400.0,567.0,0,0,0.71,0.76,0.26,0.161,24.37,25.19,24.74,3
247,22.5,46.9,483.0,492.0,1,0,0.1,0.58,0.52,0.301,23.29,22.22,22.77,2
248,22.96,50.1,400.0,281.0,0,1,0.21,0.45,0.63,0.287,22.83,21.58,22.32,2
249,22.73,47.6,670.0,663.0,1,1,0.74,0.08,0.05,0.325,23.02,22.63,22.89,3
250,24.47,57.1,676.0,675.0,1,1,0.52,0.96,0.35,0.107,23.99,23.48,24.11,3
251,23.38,41.5,400.0,414.0,0,1,0.6,0.56,0.79,0.309,23.37,23.4,23.19,1
252,24.31,41.3,615.0,595.0,1,0,0.85,0.87,0.82,0.343,24.28,24.32,23.81,2
253,22.98,46.0,400.0,502.0,0,1,0.86,0.41,0.36,0.176,23.27,21.31,23.19,2
254,24.89,49.4,662.0,662.0,1,1,0.25,0.22,0.2,0.375,25.53,23.83,24.69,3
255,24.09,55.9,400.0,534.0,0,1,0.81,0.69,0.49,0.261,23.86,25.3,24.21,2
256,20.58,50.4,400.0,388.0,0,0,0.87,0.73,0.51,0.321,20.46,20.62,20.18,3
257,24.38,54.5,648.0,436.0,1,1,0.33,0.26,0.8,0.306,23.5,24.59,24.03,2
258,24.71,51.9,400.0,544.0,0,1,0.18,0.82,0.78,0.305,24.07,24.56,24.5,3
259,21.27,43.3,400.0,656.0,0,1,0.55,0.76,0.66,0.33,21.6,22.46,21.28,2
260,23.32,55.9,400.0,477.0,0,0,0.92,0.73,0.6,0.37,23.33,23.19,23.59,2
261,23.05,59.2,452.0,467.0,1,0,0.92,0.96,0.55,0.226,23.68,22.22,22.83,2
262,22.52,55.6,400.0,360.0,0,1,0.61,0.93,0.17,0.252,22.44,22.69,23.04,3
263,20.79,43.1,400.0,576.0,0,0,0.51,0.76,0.27,0.325,21.29,21.97,20.44,2
264,22.06,57.7,478.0,590.0,1,1,0.89,0.92,0.64,0.193,21.84,21.66,22.05,3
265,22.16,44.5,400.0,433.0,0,0,0.76,0.93,0.53,0.332,22.53,21.19,22.22,1
266,24.31,54.3,400.0,344.0,0,1,0.31,0.64,0.17,0.377,23.8,23.99,24.22,2
267,23.39,52.4,427.0,285.0,1,0,0.5,0.52,0.88,0.282,23.89,22.71,23.36,2
268,24.45,43.6,400.0,207.0,0,0,0.33,0.98,0.18,0.315,24.24,25.88,24.44,2
269,23.37,41.1,490.0,636.0,1,0,0.41,0.86,0.3,0.275,23.0,23.34,23.42,2
270,22.51,56.2,461.0,497.0,1,1,0.03,0.8,0.56,0.268,22.87,22.26,22.42,3
271,23.82,40.8,546.0,444.0,1,1,0.5,0.33,0.6,0.305,23.88,24.4,23.34,2
272,22.52,41.4,650.0,441.0,1,1,0.59,0.52,0.65,0.28,22.94,23.71,22.54,2
273,22.08,41.0,518.0,695.0,1,0,0.71,0.18,0.35,0.322,22.22,21.02,22.21,3
274,21.68,48.9,547.0,502.0,1,0,0.25,1.0,0.77,0.218,20.95,21.49,21.13,2
275,20.22,46.8,510.0,603.0,1,1,0.94,0.58,0.91,0.122,20.66,20.32,20.29,3
276,23.05,42.5,400.0,224.0,0,0,0.64,0.65,0.55,0.139,22.22,23.31,22.53,3
277,22.57,52.5,501.0,371.0,1,1,0.2,0.2,0.69,0.227,22.86,22.22,22.65,2
278,23.91,51.7,526.0,420.0,1,1,0.13,0.62,0.0,0.199,24.27,24.23,23.53,2
279,20.82,49.7,548.0,294.0,1,0,0.35,0.98,0.19,0.136,20.46,21.27,21.01,1
280,24.09,49.9,400.0,383.0,0,0,0.04,0.49,0.34,0.203,25.16,22.5,23.7,3
281,21.97,53.7,400.0,435.0,0,0,0.15,0.46,0.7,0.202,21.25,22.44,21.76,1
282,22.97,49.8,583.0,457.0,1,1,0.27,0.34,0.27,0.107,22.58,23.46,23.07,2
283,24.75,58.4,545.0,684.0,1,1,0.04,0.59,0.91,0.3,24.31,23.57,24.99,2
284,22.22,59.1,400.0,303.0,0,1,0.84,0.91,0.33,0.153,23.03,22.21,22.26,2
285,24.4,58.4,436.0,590.0,1,1,0.59,0.55,0.17,0.3,23.44,24.51,24.37,2
286,20.44,53.5,406.0,265.0,1,0,0.23,0.84,0.63,0.322,20.09,19.92,20.96,3
287,24.86,47.4,683.0,659.0,1,0,0.43,0.59,0.53,0.36,24.56,25.32,24.57,2
288,21.26,56.7,400.0,691.0,0,1,0.07,0.51,0.6,0.373,20.61,20.72,21.66,2
289,22.84,57.3,400.0,379.0,0,0,0.09,0.08,0.67,0.385,22.91,23.6,23.11,2
290,21.0,46.3,474.0,501.0,1,1,0.88,0.82,0.19,0.174,20.93,21.48,21.0,2
291,22.36,59.5,400.0,280.0,0,1,0.53,0.67,0.55,0.373,21.78,22.36,22.34,2
292,23.96,41.8,517.0,565.0,1,0,0.11,0.65,0.58,0.14,23.68,23.99,24.0,2
293,20.16,40.7,430.0,224.0,1,0,0.16,0.78,0.4,0.302,20.56,19.78,19.6,2
294,23.05,41.4,611.0,230.0,1,0,0.04,0.56,0.28,0.353,22.42,23.36,23.1,2
295,24.65,46.4,440.0,578.0,1,0,0.26,0.11,0.47,0.266,24.45,24.19,24.45,1
296,22.73,48.3,574.0,561.0,1,0,0.66,0.59,0.54,0.251,22.71,21.7,22.8,1
297,22.14,58.8,609.0,393.0,1,1,0.56,0.92,0.69,0.232,22.89,22.97,22.47,3
298,22.93,50.4,400.0,361.0,0,1,0.88,0.72,0.75,0.139,22.78,22.42,23.37,1
299,21.99,46.4,577.0,271.0,1,1,0.73,0.46,0.89,0.323,21.32,21.49,22.18,1
300,21.73,53.6,652.0,274.0,1,1,0.0,0.93,0.28,0.137,22.1,22.5,21.35,2
301,23.51,40.5,663.0,569.0,1,1,0.57,0.7,0.91,0.229,22.68,24.46,23.44,3
302,20.12,45.1,400.0,294.0,0,1,0.42,0.83,0.09,0.189,19.66,20.4,19.95,2
303,24.49,41.6,669.0,680.0,1,1,0.75,0.63,0.29,0.221,25.19,24.56,24.59,1
304,22.11,57.3,400.0,675.0,0,1,0.91,0.09,0.23,0.222,22.56,22.12,22.35,4
305,20.83,48.3,530.0,672.0,1,1,0.92,0.95,0.0,0.104,21.18,20.74,20.81,2
306,23.1,48.9,654.0,375.0,1,0,0.97,0.58,0.83,0.13,23.65,22.21,22.9,2
307,24.58,59.0,400.0,573.0,0,1,0.7,0.08,0.45,0.215,24.76,25.41,24.77,2
308,21.05,43.7,400.0,576.0,0,1,0.82,0.22,0.95,0.121,20.53,20.4,20.89,3
309,20.93,55.5,400.0,246.0,0,1,0.73,0.33,0.8,0.104,20.69,19.8,20.47,2
310,21.64,54.3,597.0,520.0,1,1,0.24,0.65,0.48,0.356,21.47,22.06,21.66,2
311,21.68,54.2,400.0,496.0,0,1,0.57,0.93,0.89,0.362,21.33,21.26,21.25,2
312,20.36,42.6,660.0,256.0,1,0,0.03,0.26,0.8,0.378,19.56,19.85,20.24,3
313,21.67,55.7,449.0,566.0,1,0,0.07,0.43,0.47,0.129,21.7,22.12,21.91,2
314,21.31,42.9,634.0,495.0,1,1,0.94,0.52,0.58,0.367,20.44,20.3,21.41,2
315,23.33,43.3,400.0,585.0,0,0,0.98,0.91,0.64,0.228,23.61,23.82,23.48,2
316,20.87,57.5,516.0,463.0,1,1,0.93,0.34,0.82,0.254,19.86,19.86,20.95,3
317,23.72,49.2,418.0,328.0,1,1,0.88,0.67,0.18,0.206,23.62,23.25,23.46,2
318,20.78,56.4,546.0,614.0,1,1,0.89,0.46,0.44,0.226,20.87,19.87,21.01,0
319,23.31,56.3,400.0,471.0,0,1,0.34,0.11,0.75,0.165,22.56,23.65,23.54,2
320,22.24,59.3,511.0,420.0,1,1,0.26,0.46,0.19,0.314,22.26,23.59,22.17,3
321,24.42,54.3,400.0,572.0,0,0,0.92,0.33,0.21,0.281,24.17,24.68,24.57,3
322,22.21,52.7,400.0,580.0,0,0,0.73,0.39,0.27,0.196,21.83,22.7,22.34,2
323,24.59,58.4,400.0,600.0,0,0,0.19,0.39,0.41,0.25,24.54,24.81,24.83,2
324,20.98,48.6,663.0,597.0,1,0,0.77,0.01,0.93,0.257,20.71,21.4,21.06,2
325,22.7,47.2,505.0,587.0,1,1,0.01,0.91,0.3,0.329,22.66,23.48,22.64,1
326,21.3,50.6,424.0,495.0,1,0,0.44,0.78,0.51,0.135,21.05,22.6,21.34,2
327,24.53,55.7,482.0,475.0,1,1,0.69,0.21,0.63,0.211,24.58,24.54,24.64,2
328,21.59,44.3,400.0,597.0,0,1,0.43,0.66,0.42,0.399,20.88,20.42,21.53,2
329,22.65,50.3,487.0,282.0,1,0,0.15,0.72,0.09,0.175,23.45,21.15,23.25,1
330,22.58,50.1,496.0,247.0,1,0,0.87,0.03,0.39,0.214,22.57,22.58,22.85,2
331,21.15,41.1,515.0,506.0,1,1,0.12,0.73,0.43,0.156,20.4,20.43,21.06,2
332,23.09,55.6,400.0,247.0,0,1,0.02,0.79,0.51,0.378,22.83,22.36,23.19,2
333,21.78,45.4,400.0,477.0,0,1,0.71,0.42,0.47,0.3,22.28,22.28,21.77,2
334,20.35,53.5,496.0,439.0,1,0,0.91,0.32,0.55,0.149,20.41,20.1,20.1,2
335,24.78,48.6,400.0,678.0,0,0,0.84,0.47,0.56,0.192,24.83,26.61,25.04,2
336,23.69,56.9,400.0,445.0,0,0,0.26,0.79,0.93,0.228,24.46,24.44,23.67,2
337,20.27,43.7,400.0,640.0,0,1,0.3,0.92,0.05,0.245,21.05,19.3,20.57,2
338,24.49,42.9,415.0,595.0,1,1,0.55,0.23,0.92,0.132,24.07,26.69,24.45,1
339,22.98,58.5,400.0,608.0,0,1,0.88,0.02,0.82,0.362,23.53,21.93,22.3,2
340,23.14,41.5,400.0,435.0,0,0,0.72,0.4,0.67,0.103,23.74,22.7,23.03,2
341,21.22,50.1,553.0,664.0,1,1,0.12,0.03,0.98,0.311,20.87,20.66,20.94,1
342,22.98,43.4,400.0,231.0,0,1,0.46,0.58,0.4,0.178,22.84,22.58,22.85,2
343,24.25,50.1,400.0,268.0,0,1,0.2,0.95,0.01,0.389,24.28,25.16,24.0,1
344,21.63,52.1,478.0,555.0,1,0,0.83,0.43,0.57,0.347,21.71,22.72,21.18,2
345,20.36,58.9,400.0,666.0,0,0,0.56,0.12,0.01,0.394,21.11,20.39,20.46,3
346,22.21,59.2,400.0,694.0,0,1,0.65,0.73,1.0,0.337,21.72,22.65,22.61,2
347,22.38,55.2,478.0,700.0,1,1,0.44,0.67,0.07,0.195,21.96,22.05,22.16,3
348,24.03,47.9,400.0,624.0,0,1,0.0,0.42,0.5,0.234,24.73,23.39,23.89,2
349,21.99,43.9,558.0,479.0,1,0,0.13,0.47,0.8,0.303,22.01,21.06,22.0,2
350,23.04,50.1,400.0,367.0,0,1,0.52,0.9,0.94,0.109,22.31,22.16,23.46,2
351,20.94,43.7,400.0,234.0,0,0,0.0,0.43,0.46,0.283,21.39,21.39,21.06,3
352,20.78,47.9,648.0,625.0,1,1,0.33,0.92,0.82,0.319,20.51,20.67,20.67,3
353,21.24,54.8,698.0,339.0,1,0,0.81,0.39,0.48,0.152,20.35,20.93,21.41,2
354,20.85,52.5,400.0,483.0,0,1,0.14,0.93,0.55,0.206,20.37,22.02,20.98,1
355,21.82,59.6,498.0,555.0,1,0,0.8,0.37,0.97,0.37,21.51,20.06,21.89,2
356,24.95,47.2,400.0,602.0,0,1,0.28,0.43,0.2,0.368,25.17,25.57,24.79,3
357,22.39,47.3,627.0,662.0,1,1,0.39,0.15,0.11,0.242,22.75,22.93,22.82,2
358,21.65,40.6,490.0,517.0,1,1,0.57,0.33,0.41,0.298,20.47,21.06,21.63,2
359,20.95,58.6,400.0,527.0,0,0,0.18,0.24,0.95,0.33,20.81,21.52,20.63,1
360,23.23,46.5,400.0,428.0,0,0,0.18,0.04,0.49,0.277,24.31,23.46,22.95,3
361,21.4,41.4,407.0,493.0,1,0,0.17,0.36,0.98,0.109,21.22,22.69,21.85,1
362,24.41,48.3,497.0,211.0,1,1,0.7,0.09,0.71,0.298,24.72,24.57,24.07,1
363,23.08,57.3,556.0,224.0,1,0,0.44,0.38,0.04,0.281,24.03,23.03,23.04,2
364,22.58,51.9,502.0,255.0,1,1,0.34,0.05,0.94,0.394,22.5,21.89,22.66,4
365,22.44,44.3,418.0,310.0,1,0,0.35,0.39,0.49,0.292,21.69,21.11,22.29,2
366,24.34,45.6,400.0,293.0,0,1,0.2,0.39,0.56,0.361,24.01,23.07,24.46,2
367,24.5,48.0,400.0,582.0,0,0,0.71,0.01,0.43,0.168,24.12,23.51,24.67,3
368,22.8,41.7,400.0,457.0,0,1,0.23,0.29,1.0,0.304,22.27,22.1,22.7,3
369,20.2,47.2,400.0,497.0,0,1,0.67,0.6,0.72,0.384,20.76,18.57,20.61,1
370,20.41,59.1,628.0,500.0,1,0,0.08,0.66,0.47,0.278,20.31,19.13,20.22,2
371,20.52,42.6,400.0,625.0,0,0,0.01,0.46,0.57,0.204,19.56,21.55,20.56,3
372,22.21,49.7,619.0,489.0,1,0,0.04,0.18,0.5,0.14,22.13,23.04,22.36,2
373,23.5,50.2,400.0,202.0,0,0,0.21,0.6,0.7,0.123,23.04,23.02,23.53,4
374,24.02,57.7,400.0,204.0,0,1,0.18,0.07,0.42,0.385,24.28,24.72,23.66,3
375,20.15,49.1,402.0,465.0,1,1,0.58,0.91,0.82,0.189,20.57,20.74,20.47,4
376,20.72,51.8,400.0,682.0,0,1,0.52,0.03,0.48,0.259,20.41,21.88,20.67,1
377,23.6,52.0,400.0,455.0,0,0,0.64,0.87,0.83,0.264,24.14,23.18,23.42,2
378,21.9,44.0,518.0,549.0,1,1,0.72,0.07,0.92,0.233,22.16,21.83,21.39,3
379,20.13,57.5,498.0,412.0,1,0,0.27,0.22,0.93,0.121,20.22,20.0,20.21,4
380,24.72,47.7,433.0,225.0,1,0,0.71,0.74,0.31,0.302,24.65,24.87,24.77,3
381,24.67,57.8,400.0,272.0,0,0,0.92,0.67,0.62,0.299,24.46,24.28,24.49,2
382,21.06,50.5,400.0,622.0,0,0,0.45,0.56,0.29,0.285,21.27,20.97,21.09,4
383,24.14,59.4,537.0,565.0,1,1,0.43,0.13,0.34,0.277,24.22,24.36,23.86,2
384,21.9,47.4,504.0,249.0,1,1,0.74,0.66,0.27,0.318,22.3,21.98,21.59,2
385,22.83,43.1,466.0,209.0,1,0,0.11,0.63,0.1,0.327,22.27,22.49,22.89,1
386,20.39,46.4,679.0,477.0,1,0,0.13,0.04,0.22,0.212,20.3,21.73,20.93,2
387,23.73,53.1,400.0,324.0,0,1,0.17,0.93,0.79,0.233,23.71,23.21,23.24,2
388,22.4,55.5,400.0,467.0,0,0,0.71,0.96,0.8,0.272,22.96,22.23,23.0,2
389,24.1,48.2,400.0,609.0,0,0,0.77,0.09,0.14,0.348,24.44,24.25,24.98,2
390,24.4,46.6,400.0,684.0,0,0,0.29,0.73,0.99,0.309,24.92,24.54,24.91,2
391,21.2,47.9,400.0,491.0,0,0,0.49,0.05,0.97,0.281,20.76,21.47,21.11,2
392,20.55,57.7,621.0,423.0,1,0,0.63,0.94,0.19,0.207,20.31,20.72,20.91,2
393,22.19,59.6,400.0,398.0,0,1,0.84,0.95,0.01,0.335,21.47,20.59,22.89,2
394,20.63,47.1,658.0,316.0,1,0,0.97,0.59,0.53,0.216,20.38,20.24,20.88,2
395,20.18,42.1,426.0,383.0,1,1,0.87,0.91,0.34,0.28,20.48,21.66,20.13,0
396,23.7,44.5,532.0,687.0,1,0,0.14,0.17,0.85,0.352,23.62,21.39,23.89,2
397,22.18,40.8,658.0,367.0,1,1,0.16,0.24,0.49,0.33,21.94,22.71,22.01,0
398,24.18,53.4,450.0,679.0,1,0,0.15,0.11,0.26,0.319,23.65,24.47,23.66,2
399,24.51,41.3,400.0,371.0,0,0,0.23,0.91,0.19,0.187,24.32,23.34,24.33,4
400,23.18,59.4,691.0,443.0,1,0,0.27,0.31,0.85,0.26,22.46,22.32,23.52,2
401,22.92,49.1,596.0,541.0,1,0,0.84,0.62,0.37,0.104,22.11,24.05,23.17,2
402,23.02,59.7,567.0,637.0,1,0,0.74,0.13,0.07,0.109,23.53,23.54,22.32,3
403,20.89,49.5,400.0,466.0,0,0,0.72,0.93,0.33,0.293,20.67,20.8,20.94,2
404,22.72,51.6,400.0,248.0,0,1,0.7,0.5,0.56,0.309,22.44,23.24,23.6,2
405,23.58,58.3,400.0,649.0,0,0,0.16,0.94,0.84,0.129,23.97,23.62,23.87,2
406,24.53,46.7,419.0,555.0,1,1,0.64,0.35,0.23,0.177,24.06,24.91,24.63,2
407,24.4,55.5,532.0,619.0,1,0,0.77,0.88,0.53,0.263,23.93,23.36,24.54,4
408,22.16,50.6,400.0,554.0,0,0,0.05,0.55,0.76,0.156,21.85,21.97,21.71,2
409,21.78,43.6,400.0,383.0,0,0,0.15,0.93,0.37,0.218,21.45,21.83,21.8,3
410,20.36,41.2,676.0,315.0,1,0,0.44,0.21,0.64,0.125,20.52,21.98,19.87,3
411,24.67,42.0,400.0,496.0,0,1,0.25,0.22,0.5,0.313,25.25,25.27,24.58,2
412,21.7,40.8,400.0,651.0,0,0,0.3,0.43,0.42,0.264,21.53,21.5,22.12,1
413,21.85,57.5,400.0,415.0,0,0,0.29,0.91,0.89,0.183,22.75,22.41,21.86,3
414,21.93,52.9,400.0,514.0,0,0,0.07,0.26,0.41,0.212,22.66,21.85,22.02,3
415,20.7,52.9,400.0,545.0,0,0,0.63,0.65,0.12,0.313,21.46,20.69,20.6,2
416,24.88,40.9,400.0,264.0,0,0,0.45,0.73,0.79,0.3,25.07,23.91,24.85,2
417,22.17,51.6,511.0,285.0,1,1,0.31,0.72,0.98,0.107,21.95,22.32,21.47,2
418,20.14,46.0,400.0,422.0,0,0,0.1,0.87,0.75,0.134,20.64,21.21,19.83,1
419,24.66,57.2,617.0,279.0,1,0,0.95,0.89,0.9,0.117,24.37,25.3,24.81,2
420,22.43,41.9,400.0,456.0,0,1,0.63,0.97,0.57,0.26,21.21,21.73,22.56,3
421,21.4,49.6,678.0,441.0,1,0,0.43,0.89,0.61,0.222,21.36,20.95,21.36,2
422,21.16,57.8,636.0,685.0,1,0,0.88,0.52,0.85,0.192,21.49,20.11,20.65,3
423,21.64,40.7,649.0,495.0,1,1,0.41,0.87,0.56,0.377,21.72,20.85,22.01,1
424,23.49,54.0,430.0,511.0,1,0,0.24,0.46,0.68,0.327,22.77,23.64,23.38,2
425,24.78,54.4,400.0,495.0,0,0,0.08,0.95,0.07,0.381,25.29,24.75,24.92,3
426,21.59,48.0,400.0,356.0,0,0,0.09,0.49,0.33,0.106,20.72,21.85,22.31,2
427,21.02,56.4,481.0,523.0,1,0,0.8,0.33,0.7,0.161,21.47,20.14,21.46,4
428,20.08,57.6,468.0,676.0,1,0,0.47,0.14,0.91,0.25,21.25,19.35,20.25,4
429,23.61,56.9,534.0,573.0,1,0,0.62,0.63,0.69,0.162,23.58,22.36,23.64,2
430,20.53,54.2,400.0,397.0,0,0,0.53,0.19,0.68,0.13,20.9,20.63,20.79,2
431,24.01,59.7,400.0,535.0,0,1,0.09,0.3,0.16,0.359,24.43,24.99,24.11,2
432,23.34,49.5,465.0,231.0,1,1,0.15,0.86,0.74,0.114,22.91,22.97,23.92,2
433,24.99,44.6,406.0,661.0,1,0,0.84,0.16,0.38,0.272,25.05,25.85,25.14,2
434,24.36,58.4,400.0,370.0,0,1,0.73,0.76,0.22,0.358,23.79,23.47,23.93,2
435,23.76,45.2,400.0,493.0,0,1,0.47,0.68,0.22,0.31,23.92,22.93,23.76,2
436,22.68,44.8,400.0,418.0,0,0,0.15,0.69,0.05,0.389,22.39,21.84,22.21,2
437,21.95,47.3,400.0,260.0,0,0,0.37,0.07,0.39,0.33,21.46,21.01,21.29,2
438,20.93,43.1,513.0,626.0,1,0,0.47,0.12,0.55,0.176,21.43,21.97,21.1,2
439,24.47,53.7,642.0,362.0,1,0,0.49,0.31,0.72,0.142,24.27,24.52,24.21,2
440,22.3,47.1,400.0,489.0,0,0,0.53,0.84,0.6,0.165,22.73,22.1,22.19,2
441,24.59,50.4,400.0,451.0,0,1,0.1,0.15,0.83,0.138,24.52,25.23,24.11,0
442,24.58,47.8,400.0,315.0,0,1,0.75,0.34,0.67,0.154,24.48,23.94,24.74,2
443,23.06,41.4,400.0,419.0,0,0,0.41,0.8,0.77,0.123,22.83,22.77,22.87,2
444,23.48,42.0,400.0,244.0,0,0,0.87,0.77,0.28,0.115,23.53,23.06,23.09,1
445,22.6,45.1,400.0,677.0,0,0,0.39,0.93,0.57,0.148,22.68,21.11,22.36,2
446,23.98,56.0,693.0,306.0,1,1,0.22,0.37,0.5,0.385,23.37,24.9,24.06,2
447,20.11,44.1,620.0,488.0,1,1,0.78,0.73,0.62,0.28,20.15,21.07,20.02,2
448,22.17,54.9,400.0,297.0,0,0,0.75,0.95,0.58,0.293,22.76,21.16,22.1,1
449,24.12,49.7,527.0,230.0,1,1,0.57,0.68,0.25,0.372,23.91,24.44,24.13,2
450,24.66,58.6,400.0,627.0,0,1,0.56,0.24,0.76,0.379,25.39,26.38,24.74,2
451,23.62,54.5,584.0,674.0,1,0,0.8,0.97,0.61,0.351,23.63,24.13,23.65,4
452,23.16,52.6,627.0,301.0,1,1,0.5,0.92,0.86,0.149,23.64,23.42,23.56,3
453,24.92,55.2,400.0,362.0,0,0,0.68,0.33,0.84,0.153,24.68,24.08,24.95,1
454,23.79,45.9,400.0,255.0,0,1,0.85,0.76,0.04,0.256,23.92,23.94,24.24,2
455,21.71,46.7,505.0,566.0,1,1,0.88,0.53,0.01,0.275,22.02,20.78,22.11,2
456,21.86,55.3,400.0,504.0,0,1,0.19,0.81,0.91,0.198,22.05,22.7,21.81,2
457,22.46,42.0,400.0,405.0,0,0,0.17,0.07,0.77,0.227,22.33,23.1,22.55,3
458,20.39,41.8,491.0,314.0,1,0,0.66,0.76,0.01,0.22,20.51,20.84,20.38,2
459,24.46,48.4,496.0,273.0,1,0,0.44,0.08,0.83,0.174,24.56,24.73,24.27,2
460,22.81,53.6,400.0,232.0,0,0,0.26,0.61,0.51,0.219,22.9,22.37,23.21,2
461,21.38,47.1,400.0,680.0,0,1,0.71,0.38,0.39,0.228,20.97,19.92,21.07,2
462,22.81,56.0,616.0,304.0,1,0,0.62,0.71,0.46,0.22,22.32,23.8,22.66,2
463,23.48,44.2,400.0,570.0,0,1,0.35,0.88,0.17,0.361,24.32,23.84,23.48,2
464,21.56,56.4,400.0,255.0,0,0,0.8,0.63,0.07,0.282,21.36,20.15,21.4,1
465,22.45,52.6,520.0,385.0,1,0,0.76,0.85,0.38,0.163,22.58,22.57,22.38,2
466,21.32,48.9,400.0,525.0,0,1,0.72,0.1,0.91,0.359,20.92,21.14,21.35,2
467,22.53,52.8,628.0,547.0,1,0,0.99,0.86,0.85,0.215,21.33,21.95,22.55,2
468,20.92,59.6,608.0,381.0,1,0,0.89,0.76,0.57,0.264,21.59,21.12,21.03,2
469,21.89,45.5,400.0,669.0,0,1,0.67,0.55,0.52,0.199,22.21,21.23,21.97,2
470,23.51,57.9,501.0,281.0,1,0,0.87,0.27,0.61,0.275,24.42,23.71,23.46,0
471,23.56,51.7,400.0,454.0,0,1,0.59,0.94,0.98,0.175,24.57,24.05,23.33,0
472,24.42,58.2,541.0,241.0,1,1,0.63,0.52,0.44,0.141,24.28,25.73,24.28,2
473,24.04,45.5,564.0,485.0,1,1,0.92,0.36,0.02,0.168,24.05,23.27,23.85,2
474,24.43,46.2,511.0,302.0,1,0,0.89,0.69,0.47,0.2,24.61,23.79,24.37,0
475,21.54,50.5,400.0,610.0,0,0,0.09,0.21,0.33,0.324,21.99,21.12,21.66,2
476,24.89,43.9,400.0,334.0,0,1,0.28,0.08,0.44,0.114,24.43,24.96,24.93,2
477,24.12,53.0,605.0,433.0,1,0,0.57,0.17,0.64,0.386,24.4,23.81,24.31,4
478,22.39,51.0,612.0,356.0,1,1,0.1,0.85,0.27,0.198,22.33,21.09,22.64,2
479,21.72,54.1,400.0,513.0,0,0,0.87,0.38,0.81,0.255,21.09,21.1,21.27,2
480,22.88,52.4,604.0,442.0,1,0,0.1,0.17,0.33,0.284,22.87,24.29,22.92,4
481,22.58,55.5,400.0,451.0,0,0,0.49,0.54,0.16,0.399,22.48,20.83,22.5,2
482,24.25,56.3,400.0,421.0,0,1,0.03,0.52,0.34,0.329,25.0,24.4,23.62,2
483,20.91,53.2,503.0,289.0,1,0,0.82,0.21,0.9,0.172,20.79,20.26,20.8,0
484,20.88,54.1,400.0,374.0,0,0,0.79,0.38,0.81,0.12,21.61,21.55,20.92,2
485,21.86,44.5,400.0,566.0,0,0,0.35,0.89,0.54,0.255,21.27,21.92,21.75,2
486,23.04,58.5,502.0,298.0,1,0,0.47,0.98,0.99,0.243,22.91,23.3,22.75,3
487,23.5,56.5,400.0,614.0,0,0,0.8,0.04,0.76,0.252,22.73,23.3,22.97,3
488,22.25,59.5,400.0,258.0,0,1,0.51,0.94,0.61,0.318,23.38,21.77,21.93,1
489,21.78,47.9,562.0,627.0,1,1,0.54,0.34,0.01,0.324,21.61,21.91,22.4,3
490,24.15,43.3,400.0,331.0,0,1,0.92,0.21,0.69,0.312,24.1,24.43,23.85,3
491,20.07,53.4,400.0,339.0,0,0,0.94,0.16,0.07,0.207,19.56,19.88,20.3,4
492,23.62,40.8,582.0,337.0,1,0,0.42,0.61,0.83,0.124,24.36,23.01,23.78,2
493,21.96,45.3,400.0,629.0,0,0,0.53,0.81,0.12,0.366,22.59,22.27,21.73,2
494,22.0,48.9,621.0,389.0,1,1,0.88,0.93,0.4,0.344,22.25,22.24,22.2,3
495,22.08,49.7,400.0,549.0,0,1,0.72,0.9,0.8,0.272,22.32,22.23,22.26,3
496,21.07,48.6,400.0,357.0,0,1,0.64,0.5,0.44,0.123,20.74,19.25,21.38,1
497,21.03,47.5,400.0,689.0,0,0,0.88,0.12,0.65,0.315,20.67,20.98,21.04,2
498,21.49,43.9,400.0,267.0,0,0,0.43,0.12,0.63,0.334,20.82,22.99,21.62,2
499,24.55,58.1,683.0,659.0,1,0,0.48,0.09,0.73,0.223,24.77,25.46,24.39,3
500,21.46,45.4,400.0,615.0,0,1,0.96,0.01,0.22,0.24,20.9,20.43,21.24,2
501,24.12,50.3,400.0,290.0,0,1,0.72,0.48,0.24,0.143,24.5,23.67,23.79,2
502,24.7,53.9,552.0,329.0,1,1,0.77,0.82,0.59,0.344,24.8,26.86,24.56,1
503,23.1,47.7,519.0,620.0,1,1,0.89,0.55,0.75,0.324,23.83,22.92,22.89,2
504,24.95,44.3,400.0,681.0,0,1,0.43,0.93,0.6,0.392,24.79,24.51,24.67,2
505,23.71,58.6,400.0,586.0,0,0,0.43,0.75,0.31,0.299,23.82,23.53,23.56,2
506,23.0,51.4,675.0,463.0,1,1,0.45,0.16,0.35,0.298,22.74,23.05,23.22,2
507,21.95,52.0,400.0,552.0,0,1,0.02,0.64,0.87,0.134,22.75,20.06,21.8,3
508,21.18,41.2,400.0,441.0,0,0,0.52,0.73,0.75,0.355,20.28,20.46,21.6,3
509,20.19,53.4,400.0,317.0,0,0,0.95,0.17,0.58,0.287,20.08,21.27,20.37,3
510,20.68,54.3,400.0,371.0,0,1,0.7,0.64,0.73,0.372,20.78,21.77,20.54,2
511,20.32,49.7,569.0,374.0,1,0,0.89,0.7,0.27,0.394,20.13,19.28,20.25,1
512,23.43,43.3,404.0,683.0,1,1,0.06,0.37,0.71,0.21,23.68,22.58,23.47,1
513,20.35,53.2,547.0,364.0,1,1,0.11,0.48,0.83,0.323,21.03,20.8,20.19,3
514,24.41,54.8,465.0,583.0,1,0,0.33,0.44,0.74,0.371,24.07,23.98,24.59,2
515,23.87,42.6,552.0,457.0,1,1,0.01,1.0,0.18,0.302,24.1,25.01,24.08,2
516,22.83,55.4,486.0,317.0,1,0,0.77,0.06,0.05,0.201,22.75,23.99,23.0,2
517,22.14,56.7,400.0,363.0,0,0,0.06,0.48,0.05,0.331,22.75,23.12,21.66,2
518,21.52,57.6,538.0,604.0,1,0,0.52,1.0,0.1,0.252,20.82,20.45,21.12,2
519,22.53,47.9,657.0,376.0,1,0,0.11,0.5,0.84,0.141,21.66,22.91,22.76,2
520,22.79,48.9,496.0,406.0,1,1,0.04,0.94,0.45,0.374,23.52,23.74,22.85,3
521,20.18,57.6,400.0,285.0,0,0,0.66,0.09,0.19,0.115,19.43,19.43,20.26,3
522,22.42,54.2,400.0,533.0,0,0,0.07,0.01,0.85,0.379,22.32,21.18,22.82,2
523,23.2,44.1,542.0,297.0,1,1,0.07,0.09,0.67,0.131,25.05,22.74,22.9,2
524,23.3,52.4,614.0,309.0,1,0,0.3,0.71,0.52,0.26,23.81,22.6,22.72,3
525,21.2,45.8,525.0,653.0,1,0,0.64,0.03,0.04,0.389,20.02,20.98,21.12,3
526,24.42,55.9,400.0,385.0,0,1,0.23,0.23,0.43,0.227,25.29,24.6,24.38,4
527,22.98,49.9,691.0,506.0,1,0,0.37,0.82,0.73,0.135,23.44,22.89,23.36,0
528,23.0,50.3,670.0,429.0,1,0,0.49,0.33,0.17,0.335,24.01,23.15,23.19,1
529,24.89,53.2,400.0,637.0,0,0,0.23,0.92,0.29,0.209,24.73,24.69,24.72,2
530,21.21,58.0,519.0,596.0,1,0,0.19,0.18,0.84,0.152,19.39,21.69,20.89,2
531,22.89,42.9,400.0,679.0,0,0,0.95,0.04,0.3,0.172,23.19,22.96,23.38,4
532,24.84,56.2,400.0,502.0,0,0,0.33,0.59,0.58,0.364,25.3,25.9,25.11,2
533,23.68,52.0,492.0,271.0,1,1,0.85,0.21,0.75,0.381,23.48,23.91,23.48,4
534,20.42,40.1,400.0,382.0,0,1,0.63,0.15,0.76,0.202,19.64,21.7,20.35,2
535,21.96,40.1,400.0,348.0,0,0,0.73,0.83,0.88,0.301,21.85,21.86,21.23,4
536,21.83,59.0,400.0,277.0,0,1,0.88,0.99,0.35,0.135,21.54,20.53,21.93,4
537,20.9,58.6,400.0,435.0,0,1,0.37,0.16,0.59,0.133,20.98,21.95,20.79,2
538,22.05,55.3,645.0,615.0,1,1,0.36,0.38,0.7,0.324,22.55,21.54,22.67,2
539,21.25,53.2,400.0,577.0,0,0,0.45,0.43,0.95,0.136,21.05,22.45,21.25,4
540,20.53,52.8,400.0,571.0,0,0,0.18,0.61,0.57,0.307,20.86,21.76,20.31,2
541,24.37,58.2,400.0,492.0,0,1,0.39,0.01,0.45,0.306,24.73,23.54,24.24,2
542,24.79,43.1,608.0,488.0,1,1,0.88,0.15,0.58,0.365,24.44,25.3,24.84,1
543,22.41,59.4,412.0,238.0,1,1,0.47,0.99,0.7,0.215,21.98,22.18,22.58,1
544,22.54,56.4,400.0,679.0,0,0,0.99,0.91,0.46,0.33,21.24,23.36,22.18,2
545,20.11,59.7,605.0,293.0,1,0,0.8,0.16,0.48,0.321,21.05,19.65,20.02,2
546,22.75,48.2,563.0,302.0,1,1,0.88,0.64,0.73,0.293,22.31,22.54,23.19,2
547,20.14,56.2,400.0,678.0,0,0,0.47,0.87,0.2,0.125,19.35,20.07,20.5,2
548,21.68,51.0,400.0,467.0,0,0,0.62,0.62,0.59,0.206,21.29,22.94,21.22,2
549,24.73,45.4,400.0,458.0,0,0,0.62,0.63,0.73,0.182,24.16,23.9,24.48,3
550,22.43,48.8,400.0,235.0,0,1,0.62,0.22,0.69,0.395,22.22,23.3,22.11,3
551,22.46,49.6,400.0,476.0,0,0,0.22,0.39,0.64,0.132,22.44,22.27,22.89,1
552,20.55,54.6,424.0,515.0,1,0,0.84,0.37,0.91,0.141,19.59,19.64,21.34,2
553,23.12,46.0,560.0,458.0,1,0,0.39,0.1,0.17,0.333,22.57,23.63,22.99,0
554,24.5,44.3,400.0,562.0,0,0,0.5,0.45,0.64,0.109,23.24,23.85,24.74,2
555,21.63,49.9,400.0,511.0,0,1,0.93,0.97,0.14,0.152,21.09,20.22,21.67,3
556,21.3,53.6,400.0,206.0,0,0,0.7,0.67,0.63,0.367,21.5,20.34,20.95,1
557,20.62,43.5,488.0,460.0,1,1,0.55,0.42,0.56,0.244,22.6,20.54,20.8,4
558,22.22,44.7,511.0,214.0,1,0,0.36,0.51,0.87,0.111,21.68,22.35,22.17,2
559,21.84,46.2,411.0,486.0,1,0,0.35,0.05,0.62,0.339,22.13,22.15,21.71,1
560,20.27,48.5,409.0,515.0,1,0,0.09,0.19,0.76,0.244,19.96,20.06,19.8,2
561,20.67,50.3,400.0,362.0,0,1,0.13,0.48,0.98,0.234,20.22,21.09,20.63,2
562,22.27,56.0,584.0,566.0,1,0,0.97,0.73,0.06,0.112,22.23,22.03,22.27,0
563,23.7,49.1,400.0,269.0,0,1,0.47,0.85,0.21,0.272,23.72,23.13,23.73,2
564,24.08,41.2,400.0,294.0,0,0,0.31,0.55,0.49,0.353,23.93,24.68,24.01,2
565,23.9,51.7,400.0,601.0,0,0,0.12,0.79,0.69,0.333,24.32,24.13,23.72,2
566,23.88,47.4,400.0,308.0,0,0,0.01,0.17,0.39,0.199,23.39,24.73,23.66,2
567,22.76,52.7,400.0,487.0,0,1,0.69,0.47,0.54,0.124,23.21,21.33,22.93,2
568,23.87,47.3,485.0,678.0,1,0,0.68,0.29,0.77,0.266,23.34,23.18,23.51,3
569,22.95,55.7,474.0,298.0,1,0,0.35,0.04,0.54,0.116,22.4,24.0,23.33,2
570,20.9,41.6,400.0,392.0,0,1,0.59,0.49,0.6,0.386,21.56,20.42,21.14,2
571,21.88,47.4,400.0,428.0,0,0,0.23,0.96,0.11,0.398,22.0,20.63,21.81,2
572,20.96,54.6,562.0,511.0,1,1,0.26,0.82,0.73,0.369,20.2,20.8,21.07,2
573,22.41,52.5,400.0,472.0,0,0,0.59,0.18,0.07,0.281,22.94,22.96,21.96,2
574,23.03,45.5,451.0,589.0,1,1,0.93,0.82,0.58,0.261,22.6,22.69,23.2,2
575,21.93,57.6,400.0,647.0,0,0,0.26,0.65,0.82,0.359,22.14,21.6,22.02,2
576,20.28,52.7,602.0,687.0,1,0,0.16,0.99,0.45,0.201,20.76,20.51,20.29,2
577,22.08,46.3,400.0,562.0,0,0,0.14,0.77,0.08,0.143,22.36,22.83,22.5,2
578,21.37,50.4,400.0,366.0,0,0,0.18,0.77,0.48,0.221,22.45,21.7,21.72,2
579,20.62,56.1,481.0,663.0,1,1,0.66,0.55,0.31,0.29,20.09,20.29,20.1,2
580,22.84,44.8,400.0,245.0,0,0,0.69,0.28,0.73,0.156,22.2,22.66,23.56,2
581,21.69,48.3,583.0,572.0,1,1,0.61,0.91,0.04,0.125,21.28,22.21,21.38,2
582,20.39,57.9,400.0,574.0,0,0,0.73,0.43,0.91,0.203,19.93,21.02,20.86,2
583,22.02,54.2,500.0,651.0,1,0,0.1,0.56,0.21,0.185,22.64,22.89,22.27,2
584,21.62,51.2,562.0,244.0,1,1,0.1,0.39,0.44,0.197,21.18,21.74,21.62,2
585,20.22,54.8,400.0,622.0,0,0,0.48,0.14,0.87,0.319,20.25,19.95,20.44,0
586,24.29,56.6,400.0,237.0,0,1,0.71,0.5,0.93,0.361,24.02,24.41,24.33,0
587,20.62,49.7,400.0,450.0,0,1,0.85,0.59,0.35,0.161,20.26,19.75,21.2,4
588,20.91,51.7,400.0,263.0,0,0,0.65,0.3,0.88,0.288,20.55,21.03,20.83,3
589,22.75,57.9,400.0,382.0,0,1,0.89,0.11,0.91,0.284,23.72,23.06,23.02,2
590,24.4,55.1,400.0,452.0,0,1,0.99,0.15,0.95,0.203,24.27,24.25,24.55,2
591,22.53,47.8,439.0,427.0,1,1,0.77,0.79,0.64,0.149,22.47,22.78,22.39,3
592,23.7,49.1,400.0,635.0,0,0,0.74,0.16,0.65,0.341,23.2,24.7,23.47,1
593,22.4,54.5,400.0,251.0,0,0,0.85,0.4,0.86,0.247,23.34,22.14,22.5,2
594,23.83,48.2,676.0,607.0,1,0,0.25,0.72,0.0,0.213,23.8,22.18,24.17,1
595,24.84,59.9,400.0,659.0,0,1,0.18,0.61,0.71,0.22,25.33,25.45,24.57,2
596,20.07,50.5,400.0,256.0,0,0,0.54,0.99,0.22,0.339,20.07,19.42,20.21,2
597,22.42,55.1,503.0,610.0,1,1,0.23,0.57,0.95,0.38,22.29,23.12,22.47,3
598,22.44,42.2,400.0,633.0,0,0,0.2,0.19,0.3,0.173,22.28,22.47,23.03,2
599,20.94,43.0,400.0,202.0,0,1,0.89,0.11,0.75,0.257,20.58,21.69,21.24,2
600,22.31,40.3,579.0,294.0,1,1,0.56,0.35,0.79,0.322,22.56,24.4,22.68,1
601,21.04,43.2,400.0,676.0,0,0,0.67,0.11,0.37,0.219,21.83,21.5,21.13,2
602,23.2,58.1,400.0,309.0,0,1,0.68,0.35,0.55,0.393,23.86,24.05,23.29,2
603,21.3,55.1,400.0,343.0,0,0,0.18,0.01,0.81,0.363,20.56,21.8,21.79,2
604,22.09,54.4,612.0,478.0,1,0,0.1,0.34,0.35,0.238,21.85,20.6,21.96,2
605,23.57,57.4,400.0,294.0,0,0,0.85,0.18,0.6,0.388,22.51,22.86,23.92,1
606,24.09,54.1,419.0,331.0,1,1,0.21,0.28,0.38,0.309,24.03,23.92,23.53,2
607,24.75,43.2,400.0,252.0,0,0,0.05,0.92,0.3,0.198,24.28,23.42,24.71,3
608,21.31,57.3,400.0,656.0,0,1,0.99,0.95,0.74,0.236,21.39,22.11,21.2,3
609,24.54,59.6,417.0,358.0,1,0,0.77,0.94,0.27,0.104,24.15,24.06,24.83,1
610,20.77,42.4,400.0,548.0,0,0,0.72,0.71,0.82,0.18,20.63,20.96,20.88,2
611,21.56,58.3,508.0,238.0,1,1,0.33,0.11,0.85,0.363,21.45,21.41,21.32,2
612,22.15,59.3,568.0,671.0,1,0,0.67,0.99,0.98,0.368,22.38,23.54,22.33,3
613,22.83,42.4,486.0,419.0,1,1,0.86,0.02,0.59,0.236,23.17,22.35,22.55,2
614,24.67,54.7,606.0,395.0,1,1,0.52,0.65,0.74,0.142,24.3,23.63,24.57,3
615,24.81,53.6,400.0,295.0,0,0,0.32,0.3,0.34,0.293,24.27,24.84,24.83,1
616,24.79,47.3,418.0,435.0,1,1,0.18,0.87,0.36,0.313,24.69,25.1,25.4,3
617,20.97,52.0,400.0,534.0,0,0,0.22,0.85,0.67,0.342,20.77,20.81,20.68,2
618,23.03,42.3,400.0,505.0,0,1,0.44,0.2,0.31,0.293,23.25,22.98,23.04,3
619,20.2,53.7,675.0,445.0,1,1,0.92,0.22,0.21,0.108,21.26,20.93,20.05,1
620,21.28,56.8,400.0,524.0,0,1,0.23,0.93,0.81,0.346,20.53,20.91,21.02,2
621,20.61,47.3,400.0,256.0,0,0,0.33,0.14,0.06,0.235,20.4,18.53,20.34,2
622,22.71,50.4,400.0,567.0,0,0,0.63,0.96,0.56,0.291,22.61,22.85,22.92,2
623,20.72,47.6,576.0,267.0,1,0,0.56,0.55,0.5,0.388,20.14,21.65,20.63,3
624,24.66,58.9,550.0,201.0,1,1,0.67,0.9,0.21,0.265,25.24,24.65,24.73,2
625,23.38,43.1,400.0,573.0,0,1,0.85,0.05,0.21,0.214,22.89,25.32,23.82,2
626,20.72,42.2,400.0,481.0,0,0,0.26,0.38,0.64,0.294,20.16,20.74,20.66,2
627,24.57,47.0,400.0,353.0,0,1,0.86,0.2,0.9,0.258,23.6,24.18,24.89,3
628,21.56,42.3,400.0,338.0,0,1,0.15,0.96,0.74,0.134,21.06,21.31,21.78,2
629,21.65,55.3,559.0,226.0,1,1,0.29,0.79,0.56,0.325,21.63,20.05,21.46,2
630,24.04,53.8,579.0,639.0,1,0,0.71,0.46,0.91,0.315,25.06,24.57,23.57,2
631,21.39,51.0,400.0,592.0,0,1,0.14,0.5,0.4,0.183,20.83,21.75,21.5,2
632,22.03,53.4,666.0,611.0,1,0,0.02,0.39,0.52,0.392,22.03,22.35,21.86,4
633,21.78,44.5,400.0,377.0,0,0,0.77,0.23,0.06,0.332,21.32,21.87,21.64,2
634,20.64,44.1,400.0,694.0,0,0,0.48,0.02,0.51,0.149,19.91,21.15,20.81,2
635,22.81,52.8,632.0,634.0,1,0,0.07,0.07,0.61,0.318,23.29,23.46,23.15,0
636,23.74,47.2,400.0,654.0,0,1,0.89,0.69,0.92,0.197,23.82,24.56,23.77,2
637,20.1,49.9,534.0,472.0,1,1,0.91,0.77,0.84,0.316,20.81,21.56,20.21,2
638,20.69,42.2,400.0,600.0,0,0,0.78,0.28,0.93,0.121,20.07,20.74,20.36,2
639,22.13,53.7,400.0,299.0,0,1,0.19,0.06,0.35,0.27,21.37,23.86,22.24,2
640,21.37,49.3,568.0,622.0,1,1,0.14,0.64,0.95,0.38,21.01,23.62,21.39,3
641,24.66,56.5,664.0,612.0,1,1,0.74,0.85,0.47,0.25,24.89,24.6,24.53,4
642,24.06,52.3,400.0,698.0,0,0,0.7,0.38,0.59,0.262,24.56,23.49,24.04,2
643,21.95,47.6,400.0,295.0,0,0,0.02,0.32,0.33,0.329,22.39,22.28,22.05,2
644,24.6,56.5,445.0,571.0,1,1,0.76,0.48,0.93,0.312,24.18,25.06,24.21,2
645,20.41,55.5,695.0,476.0,1,1,0.19,0.57,0.5,0.288,20.61,21.43,20.44,2
646,20.02,47.8,644.0,655.0,1,0,0.96,0.98,0.54,0.251,19.91,20.03,19.84,2
647,20.66,44.9,400.0,503.0,0,0,0.37,0.31,0.46,0.342,20.39,21.13,20.56,2
648,21.32,47.6,656.0,478.0,1,1,0.12,0.14,0.44,0.285,22.07,21.79,21.67,2
649,24.47,51.8,677.0,405.0,1,0,0.6,0.12,0.39,0.289,24.76,24.61,24.43,3
650,20.17,42.5,443.0,212.0,1,1,0.7,0.13,0.29,0.215,19.77,18.59,20.29,2
651,22.55,49.0,400.0,336.0,0,1,0.54,0.11,0.88,0.211,22.56,21.84,22.36,2
652,23.7,48.4,400.0,284.0,0,0,0.16,0.54,0.11,0.174,23.42,23.91,23.8,1
653,24.72,60.0,400.0,543.0,0,1,0.22,0.57,0.19,0.17,24.55,24.37,25.07,2
654,21.38,57.5,400.0,597.0,0,1,0.23,0.49,0.48,0.231,21.48,20.96,21.49,2
655,20.82,51.7,473.0,448.0,1,1,0.66,0.93,0.31,0.347,20.55,21.14,20.6,2
656,21.16,46.2,681.0,508.0,1,1,0.84,0.31,0.3,0.154,21.2,20.1,20.79,2
657,21.95,53.7,400.0,637.0,0,0,0.13,0.5,0.84,0.208,21.06,22.63,21.98,2
658,22.78,53.2,614.0,465.0,1,1,0.09,0.97,0.68,0.233,22.66,23.57,22.41,0
659,24.46,50.6,400.0,205.0,0,0,0.99,0.14,0.46,0.259,24.78,25.82,25.02,2
660,24.37,51.6,658.0,282.0,1,0,0.51,0.32,0.89,0.162,23.48,24.98,24.7,3
661,22.32,49.0,400.0,597.0,0,1,0.98,0.46,0.44,0.221,23.68,22.36,22.2,2
662,23.54,41.8,645.0,206.0,1,0,0.92,0.91,0.28,0.178,23.8,23.55,23.42,3
663,21.39,53.8,400.0,241.0,0,0,0.9,0.8,0.92,0.308,20.91,21.51,21.28,2
664,24.52,46.6,492.0,698.0,1,0,0.59,0.23,0.04,0.373,24.89,24.81,24.83,2
665,23.56,55.0,400.0,350.0,0,1,0.98,0.44,0.91,0.144,23.55,24.09,23.27,2
666,24.35,49.9,685.0,574.0,1,0,0.84,0.4,0.02,0.171,24.64,24.84,24.21,2
667,20.46,52.6,496.0,351.0,1,1,0.4,0.22,0.36,0.28,21.03,20.04,20.02,2
668,21.28,58.7,620.0,406.0,1,0,0.52,0.06,0.47,0.28,22.33,21.17,20.84,2
669,23.37,57.0,400.0,558.0,0,1,0.38,0.69,0.99,0.32,24.13,22.6,22.79,0
670,23.28,50.1,400.0,259.0,0,0,0.17,0.59,0.36,0.248,23.9,23.56,23.75,2
671,21.54,44.1,400.0,387.0,0,1,0.29,0.82,0.94,0.213,20.93,21.72,21.39,2
672,24.05,47.6,400.0,504.0,0,1,0.48,0.32,0.83,0.247,23.76,24.41,23.85,1
673,20.3,46.4,400.0,568.0,0,1,0.58,0.04,0.04,0.148,20.56,19.32,20.63,3
674,21.86,47.1,400.0,541.0,0,1,0.99,0.84,0.77,0.211,21.74,22.42,21.86,1
675,21.32,49.7,400.0,206.0,0,1,0.99,0.2,0.35,0.315,20.95,20.31,21.14,2
676,22.02,54.1,400.0,228.0,0,1,0.25,0.75,0.17,0.17,22.54,22.44,21.95,2
677,24.33,55.1,535.0,638.0,1,0,0.09,0.36,0.91,0.124,23.94,24.54,24.04,2
678,21.82,40.3,400.0,208.0,0,1,0.01,0.21,0.14,0.237,22.1,20.35,22.01,4
679,22.09,47.1,400.0,439.0,0,0,0.67,0.34,0.49,0.156,21.61,23.57,22.33,2
680,24.14,56.0,633.0,294.0,1,1,0.02,0.48,0.3,0.244,24.32,24.57,23.63,2
681,21.3,52.5,400.0,657.0,0,1,0.03,0.39,0.82,0.161,20.98,20.32,20.6,3
682,24.85,56.6,400.0,512.0,0,1,0.47,0.29,0.81,0.202,24.02,24.04,24.92,3
683,20.32,44.7,400.0,382.0,0,1,0.84,0.75,0.5,0.205,20.69,19.56,20.38,2
684,22.31,41.9,400.0,523.0,0,1,0.23,0.3,0.9,0.35,22.11,21.28,22.92,2
685,23.74,58.5,400.0,592.0,0,0,0.89,0.32,0.66,0.306,23.54,23.08,23.89,2
686,20.51,54.1,645.0,523.0,1,0,0.23,0.06,0.21,0.291,20.03,19.59,20.48,2
687,22.64,59.5,445.0,203.0,1,1,0.33,0.69,0.31,0.345,21.93,21.92,22.47,2
688,24.64,57.9,457.0,351.0,1,1,0.14,0.36,0.99,0.295,24.2,24.73,24.97,2
689,22.81,40.6,678.0,407.0,1,0,0.44,0.15,0.78,0.146,22.13,22.14,23.2,2
690,22.85,42.1,400.0,323.0,0,1,0.55,0.51,0.94,0.154,22.16,23.02,23.47,0
691,21.29,58.3,494.0,392.0,1,0,0.89,0.35,0.05,0.145,20.55,21.94,21.06,2
692,24.59,44.8,400.0,266.0,0,0,0.46,0.17,0.01,0.103,25.17,24.61,24.07,2
693,20.7,46.6,400.0,333.0,0,1,1.0,0.54,0.1,0.205,20.68,21.54,20.87,3
694,21.32,46.0,400.0,204.0,0,1,0.14,0.06,0.78,0.163,21.03,20.89,21.42,1
695,23.55,56.5,610.0,569.0,1,0,0.73,0.2,0.8,0.315,23.3,23.68,23.53,2
696,24.39,55.6,656.0,229.0,1,0,0.51,0.33,0.5,0.103,24.56,25.06,24.34,0
697,24.84,54.2,400.0,673.0,0,1,0.52,0.21,0.03,0.207,25.74,24.11,25.04,2
698,22.95,48.2,554.0,504.0,1,1,0.09,0.72,0.05,0.258,22.75,22.21,23.37,1
699,20.01,44.5,400.0,538.0,0,0,0.19,0.18,0.51,0.263,20.05,21.0,20.03,2
700,20.34,42.6,400.0,453.0,0,1,0.7,0.45,0.94,0.203,20.38,20.74,20.37,3
701,23.11,46.0,660.0,246.0,1,1,0.63,0.02,0.94,0.335,23.22,22.33,22.82,2
702,20.36,55.1,400.0,624.0,0,1,0.51,0.11,0.56,0.116,20.75,19.78,20.68,2
703,21.63,41.3,400.0,270.0,0,1,0.69,0.44,0.76,0.148,21.38,20.5,21.64,2
704,23.45,46.4,605.0,646.0,1,1,0.57,0.99,0.21,0.172,23.67,24.16,23.73,2
705,24.67,51.8,400.0,600.0,0,0,0.42,0.16,0.68,0.3,24.88,24.49,24.93,3
706,21.15,47.3,400.0,578.0,0,1,0.09,0.96,0.73,0.245,21.09,20.6,21.23,2
707,21.66,49.7,400.0,486.0,0,0,0.65,0.77,0.74,0.257,22.06,21.64,22.0,3
708,21.67,45.7,693.0,271.0,1,1,0.85,0.63,0.25,0.16,20.47,21.64,21.8,2
709,23.99,57.4,400.0,438.0,0,0,0.91,0.83,0.82,0.127,24.16,22.3,24.09,1
710,20.92,52.4,400.0,363.0,0,0,0.71,0.29,1.0,0.362,21.16,21.4,20.4,2
711,22.42,57.4,475.0,292.0,1,0,0.25,0.02,0.34,0.275,22.78,22.04,22.41,0
712,20.79,47.6,534.0,245.0,1,0,0.88,0.77,0.75,0.392,20.82,20.51,20.62,2
713,20.17,53.0,400.0,355.0,0,1,0.64,0.33,0.26,0.364,20.0,19.21,20.1,2
714,21.62,46.9,400.0,442.0,0,1,0.7,0.07,0.56,0.223,21.92,20.95,21.55,2
715,23.5,56.6,513.0,609.0,1,1,0.54,0.59,0.16,0.145,22.35,24.29,23.64,2
716,24.94,45.7,529.0,657.0,1,1,0.45,0.34,0.91,0.377,24.4,23.6,24.77,2
717,20.62,54.9,400.0,549.0,0,0,0.62,0.98,0.95,0.133,20.85,21.28,20.85,2
718,24.17,58.2,562.0,238.0,1,1,0.56,0.04,0.18,0.137,24.06,23.43,24.12,2
719,24.6,48.2,495.0,482.0,1,0,0.45,0.52,0.93,0.227,24.08,24.79,24.31,2
720,21.65,46.8,465.0,294.0,1,0,0.63,0.96,0.24,0.238,21.22,22.0,21.41,2
721,21.88,46.8,476.0,386.0,1,0,0.26,0.23,0.14,0.139,21.34,21.88,21.71,2
722,20.81,42.5,400.0,485.0,0,0,0.23,0.96,0.5,0.345,20.74,21.12,20.74,2
723,22.17,42.8,452.0,232.0,1,0,0.58,0.94,0.08,0.181,21.54,22.29,22.36,2
724,22.51,46.3,400.0,234.0,0,0,0.51,0.09,0.43,0.148,22.62,21.35,22.48,2
725,23.57,47.8,456.0,203.0,1,1,0.99,0.07,0.19,0.306,24.16,23.94,23.63,2
726,24.05,43.9,597.0,492.0,1,0,0.24,0.71,0.91,0.158,24.31,22.46,24.28,2
727,21.1,52.9,400.0,296.0,0,1,0.52,0.16,0.96,0.146,21.35,20.98,21.12,3
728,20.9,54.0,485.0,442.0,1,0,1.0,0.17,0.32,0.366,21.06,21.67,20.93,2
729,23.3,46.9,400.0,625.0,0,1,0.15,0.58,0.06,0.117,22.68,23.18,23.27,2
730,20.02,51.8,548.0,555.0,1,0,0.41,0.35,0.54,0.172,20.55,20.14,20.5,2
731,23.24,57.0,505.0,638.0,1,1,0.14,0.13,0.83,0.391,23.46,21.64,24.03,2
732,20.89,40.6,400.0,538.0,0,0,0.05,0.74,0.33,0.394,19.85,20.74,21.12,3
733,22.31,54.3,400.0,571.0,0,1,0.44,0.78,0.69,0.213,21.89,22.08,22.28,2
734,24.96,55.0,440.0,380.0,1,0,0.87,0.72,0.32,0.156,24.45,26.54,25.19,4
735,24.97,50.6,483.0,341.0,1,1,0.11,0.17,0.9,0.249,24.72,24.91,25.08,2
736,20.93,42.3,665.0,327.0,1,1,0.73,0.59,0.76,0.276,20.59,21.9,20.91,2
737,23.52,41.9,400.0,234.0,0,0,0.47,0.03,0.74,0.127,22.74,24.13,23.11,2
738,21.02,58.5,400.0,250.0,0,1,0.05,0.66,0.99,0.37,20.78,21.39,21.07,2
739,23.46,49.0,605.0,679.0,1,0,0.21,0.94,0.5,0.128,23.88,23.01,23.54,2
740,24.06,47.4,414.0,682.0,1,0,0.98,0.6,0.88,0.182,23.6,24.97,24.14,3
741,21.86,42.4,400.0,570.0,0,1,0.61,0.13,0.81,0.105,21.42,21.49,22.06,2
742,23.07,52.1,427.0,309.0,1,0,0.33,0.4,0.75,0.118,23.0,23.43,23.01,2
743,24.0,42.9,400.0,229.0,0,1,0.46,0.71,0.09,0.391,24.23,25.03,24.02,2
744,20.21,42.8,400.0,660.0,0,1,0.69,0.6,0.62,0.374,20.34,20.79,19.89,0
745,23.25,48.0,470.0,664.0,1,1,0.1,0.5,0.33,0.332,23.05,23.02,22.79,1
746,23.89,48.2,400.0,261.0,0,1,0.34,0.63,0.67,0.232,23.61,23.23,23.81,2
747,24.66,40.5,406.0,459.0,1,0,0.99,0.2,0.45,0.192,23.62,25.78,24.29,2
748,22.37,59.7,537.0,206.0,1,1,0.71,0.04,0.93,0.215,21.29,23.32,22.67,1
749,20.97,50.8,400.0,387.0,0,0,0.79,0.61,0.12,0.245,21.06,21.29,21.36,2
750,23.86,53.0,400.0,617.0,0,1,0.41,0.58,0.77,0.318,25.15,22.36,24.3,2
751,24.4,50.5,614.0,309.0,1,0,0.33,0.14,0.26,0.223,24.64,25.97,25.27,3
752,21.64,59.1,558.0,627.0,1,1,0.13,0.87,0.3,0.172,21.64,22.21,21.16,4
753,22.61,49.9,400.0,595.0,0,0,0.88,0.6,0.54,0.324,22.44,21.22,22.83,2
754,22.17,48.1,500.0,495.0,1,1,0.09,0.0,0.89,0.218,21.98,22.15,22.68,2
755,21.28,52.9,400.0,353.0,0,1,0.82,0.47,0.02,0.273,20.83,21.24,21.26,2
756,23.0,47.8,577.0,604.0,1,0,0.93,0.99,0.86,0.39,23.79,25.5,22.53,1
757,23.28,55.9,531.0,373.0,1,1,0.32,0.03,0.52,0.293,22.85,21.77,23.13,2
758,23.98,52.9,400.0,693.0,0,1,0.79,0.61,0.6,0.39,23.48,21.8,24.28,2
759,22.68,54.1,662.0,593.0,1,1,0.08,0.27,0.45,0.249,22.31,22.57,22.59,2
760,20.25,40.4,400.0,579.0,0,0,0.7,0.08,0.96,0.285,20.27,19.43,20.58,0
761,20.78,45.1,489.0,542.0,1,1,0.42,0.98,0.94,0.3,20.75,21.44,20.57,2
762,22.75,52.6,400.0,296.0,0,0,0.06,0.7,0.22,0.38,22.88,23.47,22.94,2
763,20.75,49.2,400.0,255.0,0,1,0.49,0.35,0.25,0.167,20.13,20.51,20.82,2
764,21.89,55.2,668.0,683.0,1,0,0.78,0.55,0.64,0.164,22.36,22.26,22.07,2
765,23.3,48.5,683.0,509.0,1,1,0.75,0.91,0.36,0.271,22.93,21.91,23.07,2
766,24.23,41.6,661.0,566.0,1,0,0.75,0.98,0.15,0.235,24.65,25.1,24.39,2
767,22.23,56.7,400.0,425.0,0,0,0.52,0.21,0.53,0.312,21.87,23.17,22.41,2
768,21.36,59.0,400.0,395.0,0,1,0.36,0.49,0.81,0.321,21.61,19.19,21.25,2
769,24.99,55.1,572.0,609.0,1,1,0.58,0.78,0.61,0.312,24.06,25.26,24.7,3
770,22.19,45.0,400.0,301.0,0,0,0.39,0.62,0.8,0.359,21.64,20.91,21.76,3
771,20.87,59.7,400.0,399.0,0,0,0.18,0.4,0.94,0.152,20.04,19.65,20.75,2
772,20.63,49.3,453.0,554.0,1,1,0.55,0.48,0.65,0.17,20.19,19.77,20.01,2
773,23.54,45.4,622.0,528.0,1,1,0.83,0.7,0.04,0.358,23.86,23.68,23.14,2
774,21.37,40.3,528.0,488.0,1,0,0.97,0.9,0.45,0.391,21.63,21.18,21.67,0
775,21.76,41.5,435.0,465.0,1,1,0.44,0.06,0.78,0.381,22.2,21.28,21.84,0
776,20.1,58.9,400.0,225.0,0,0,0.44,0.3,0.76,0.39,20.04,19.27,20.2,2
777,21.76,50.9,400.0,631.0,0,0,0.89,0.87,0.27,0.351,21.92,21.41,21.63,2
778,20.49,52.7,400.0,568.0,0,0,0.97,0.13,0.25,0.308,21.46,21.62,21.02,3
779,20.54,53.0,646.0,378.0,1,1,0.2,0.47,0.71,0.283,20.06,21.98,20.27,2
780,21.72,46.8,400.0,256.0,0,1,0.17,0.17,0.01,0.169,21.07,22.21,21.54,2
781,21.74,52.5,400.0,601.0,0,1,0.76,0.45,0.05,0.272,21.71,21.28,21.88,3
782,24.9,46.1,546.0,685.0,1,0,0.69,0.41,0.91,0.235,25.25,25.84,25.44,2
783,24.27,58.7,446.0,205.0,1,1,0.24,0.3,0.95,0.208,24.9,24.02,24.28,3
784,22.13,56.9,400.0,296.0,0,0,0.45,0.43,0.63,0.281,21.36,21.62,22.61,2
785,24.54,49.4,400.0,344.0,0,0,0.53,0.15,0.68,0.296,24.63,22.62,24.71,2
786,21.27,57.0,400.0,363.0,0,0,0.62,0.03,0.44,0.326,21.45,21.63,20.9,2
787,20.48,46.8,400.0,563.0,0,1,0.11,0.85,0.6,0.131,20.77,20.59,20.43,2
788,21.15,45.4,400.0,292.0,0,0,0.07,0.87,0.6,0.196,21.39,19.56,20.88,3
789,24.17,51.8,596.0,594.0,1,0,0.82,0.56,0.47,0.314,24.53,23.64,23.46,3
790,21.8,57.3,634.0,557.0,1,0,0.89,0.55,0.56,0.202,21.74,21.88,21.3,2
791,23.82,43.9,400.0,462.0,0,0,0.02,0.76,0.67,0.241,23.74,22.13,23.8,2
792,22.65,59.1,471.0,319.0,1,1,0.32,0.18,0.53,0.105,22.98,23.46,22.25,3
793,22.49,46.7,670.0,614.0,1,0,0.56,0.88,0.64,0.383,22.19,20.65,22.33,2
794,23.11,48.7,400.0,680.0,0,1,0.55,0.45,0.65,0.37,22.71,23.83,22.97,1
795,24.4,50.8,400.0,503.0,0,0,0.87,0.18,0.3,0.379,24.49,25.41,24.41,1
796,22.05,44.5,400.0,263.0,0,0,0.48,0.64,0.6,0.216,22.36,21.45,21.58,2
797,21.09,53.9,617.0,423.0,1,1,0.71,0.18,0.29,0.368,21.79,20.46,20.87,2
798,20.28,48.3,400.0,598.0,0,1,0.33,0.36,0.94,0.122,21.01,19.22,20.26,2
799,22.6,57.9,644.0,382.0,1,1,0.01,0.31,0.89,0.245,22.48,21.68,22.74,2
800,24.91,47.8,400.0,566.0,0,0,0.35,0.64,0.89,0.33,25.16,26.52,24.93,3
801,22.27,46.7,400.0,604.0,0,1,0.81,0.77,0.79,0.29,22.04,22.08,22.48,0
802,22.63,54.9,526.0,676.0,1,0,0.36,0.53,0.21,0.348,23.29,21.33,22.7,2
803,21.39,46.0,400.0,645.0,0,1,0.57,0.77,0.79,0.386,20.82,21.65,21.42,3
804,20.74,43.2,683.0,469.0,1,0,0.97,0.93,0.38,0.252,20.99,20.72,20.77,2
805,20.13,40.7,400.0,535.0,0,1,0.69,0.57,0.9,0.372,20.84,22.08,19.69,2
806,24.58,42.5,465.0,389.0,1,0,0.55,0.63,0.43,0.104,24.45,24.0,24.43,3
807,21.24,59.9,569.0,258.0,1,1,0.54,0.1,0.13,0.262,21.59,22.57,21.33,2
808,21.37,48.3,400.0,696.0,0,0,0.89,0.57,0.97,0.18,21.42,20.34,21.12,2
809,20.48,59.4,662.0,299.0,1,0,0.41,0.04,0.5,0.152,19.18,20.73,20.75,2
810,20.85,47.1,400.0,474.0,0,1,0.76,0.42,0.12,0.273,20.03,20.7,20.39,2
811,23.21,44.8,400.0,335.0,0,0,0.0,0.16,0.41,0.39,23.56,22.65,23.33,4
812,22.25,50.8,571.0,430.0,1,0,0.94,0.71,0.13,0.185,23.34,20.89,21.79,3
813,24.38,47.8,400.0,589.0,0,1,0.68,0.38,0.19,0.271,25.48,24.6,24.04,2
814,22.8,59.5,687.0,320.0,1,0,0.85,0.23,0.08,0.162,22.34,21.21,23.17,3
815,23.75,54.0,400.0,310.0,0,0,0.28,0.34,0.37,0.292,24.58,22.74,23.43,1
816,20.92,47.0,400.0,414.0,0,1,0.71,0.89,0.04,0.206,21.49,19.38,21.51,2
817,20.03,58.4,400.0,390.0,0,1,0.69,0.88,0.19,0.387,20.06,20.01,19.61,3
818,21.45,52.6,400.0,342.0,0,1,0.51,0.48,0.07,0.353,21.71,21.83,21.55,3
819,24.13,45.9,400.0,691.0,0,0,0.8,0.93,0.02,0.124,23.37,26.57,24.05,2
820,24.29,54.9,400.0,398.0,0,1,0.82,0.87,0.92,0.319,23.76,24.77,24.51,1
821,21.66,47.6,400.0,690.0,0,0,0.89,0.96,0.58,0.16,21.63,22.41,22.09,2
822,21.5,56.8,400.0,400.0,0,1,0.85,0.34,0.96,0.254,20.84,20.01,21.42,3
823,21.33,40.8,400.0,467.0,0,0,0.13,0.76,0.89,0.192,20.99,20.24,21.65,2
824,22.6,45.7,512.0,657.0,1,1,0.47,0.12,0.35,0.368,21.66,23.08,22.42,1
825,22.21,55.5,400.0,380.0,0,1,0.33,0.69,0.7,0.243,23.41,23.62,22.06,2
826,22.34,43.5,607.0,481.0,1,0,0.23,0.23,0.68,0.117,22.18,21.17,22.61,2
827,20.43,48.1,684.0,215.0,1,0,0.31,0.68,0.24,0.373,19.76,19.97,20.1,2
828,20.22,40.5,400.0,599.0,0,1,0.16,0.25,0.27,0.338,20.35,19.45,20.18,1
829,21.43,53.7,400.0,271.0,0,1,0.92,0.95,0.96,0.309,20.56,22.0,21.42,3
830,20.24,49.5,437.0,501.0,1,0,0.25,0.18,0.95,0.167,19.77,21.87,19.97,3
831,22.86,46.2,400.0,574.0,0,0,0.39,0.39,0.45,0.26,22.68,21.58,23.41,2
832,20.01,45.8,400.0,657.0,0,0,0.73,0.48,0.76,0.164,20.08,17.96,20.49,2
833,23.18,46.7,400.0,514.0,0,0,0.06,0.72,0.7,0.276,23.06,22.49,23.03,4
834,22.25,42.2,400.0,619.0,0,1,0.7,0.88,0.7,0.262,22.67,22.97,21.99,3
835,20.66,42.5,400.0,619.0,0,1,0.42,0.07,0.19,0.325,21.03,19.74,20.75,1
836,22.94,50.9,521.0,466.0,1,1,0.27,0.33,0.47,0.331,22.85,24.41,23.07,2
837,24.7,49.3,602.0,395.0,1,1,0.52,0.95,0.01,0.241,25.3,23.98,25.06,2
838,22.32,43.3,433.0,474.0,1,1,0.21,0.96,0.78,0.344,22.84,22.65,22.7,1
839,24.66,41.8,423.0,297.0,1,0,0.96,0.75,0.07,0.237,24.84,23.96,24.62,0
840,23.36,43.3,400.0,407.0,0,1,0.77,0.76,0.54,0.25,23.75,24.0,23.02,4
841,21.21,56.7,400.0,449.0,0,0,0.58,0.72,0.28,0.359,20.75,19.67,20.94,2
842,21.28,46.4,460.0,396.0,1,0,0.17,0.59,0.77,0.146,21.41,21.23,21.02,3
843,20.69,40.6,453.0,403.0,1,1,0.15,0.56,0.7,0.357,20.26,20.45,20.87,3
844,23.28,51.7,400.0,639.0,0,0,0.27,0.94,0.3,0.284,23.54,23.59,23.21,2
845,22.38,52.4,512.0,598.0,1,0,0.77,0.81,0.76,0.154,22.29,22.46,22.75,2
846,24.42,51.5,400.0,622.0,0,0,0.35,0.07,0.53,0.218,24.75,24.52,24.55,4
847,20.81,45.8,563.0,496.0,1,1,0.87,0.55,0.88,0.247,20.16,19.95,20.72,3
848,20.44,48.1,400.0,292.0,0,1,0.33,0.42,0.03,0.346,20.49,20.46,19.98,2
849,24.95,47.2,540.0,504.0,1,0,0.91,0.16,0.61,0.29,25.61,25.31,25.21,1
850,20.14,46.3,400.0,574.0,0,0,0.47,0.05,0.45,0.213,19.88,19.83,20.81,2
851,23.34,52.0,672.0,629.0,1,1,0.2,0.04,0.9,0.181,24.33,23.22,23.01,4
852,23.93,45.7,423.0,506.0,1,1,0.85,0.5,0.86,0.385,23.65,24.97,23.3,1
853,20.2,47.9,400.0,477.0,0,0,0.77,0.47,0.0,0.255,19.99,19.23,20.21,2
854,22.85,57.2,400.0,288.0,0,1,0.6,0.49,0.89,0.3,22.23,21.69,22.72,2
855,22.1,47.2,400.0,424.0,0,1,0.63,0.62,0.4,0.223,21.52,22.9,22.42,2
856,23.21,40.0,616.0,515.0,1,1,0.26,0.95,0.67,0.119,22.67,22.57,23.38,3
857,22.89,53.2,400.0,529.0,0,0,0.07,0.35,0.68,0.262,23.55,22.64,22.99,3
858,21.05,54.0,400.0,475.0,0,0,0.5,0.77,0.17,0.31,20.67,21.77,21.49,1
859,20.5,40.6,400.0,339.0,0,0,0.44,0.39,0.7,0.107,20.68,20.28,20.85,2
860,20.6,50.2,400.0,323.0,0,1,0.97,0.9,0.73,0.165,21.38,21.96,20.42,1
861,20.82,45.4,400.0,476.0,0,0,0.8,0.97,0.25,0.104,19.79,21.31,20.82,0
862,23.13,59.5,400.0,617.0,0,1,0.81,0.36,0.3,0.262,23.04,23.47,22.74,2
863,24.24,51.9,622.0,218.0,1,0,0.57,0.37,0.56,0.276,25.06,24.16,24.29,2
864,23.43,51.4,400.0,440.0,0,1,0.83,0.12,0.04,0.114,24.17,23.26,23.36,1
865,24.33,46.1,455.0,334.0,1,0,0.13,0.28,0.1,0.187,23.71,24.49,24.05,2
866,20.03,54.1,643.0,307.0,1,1,0.99,0.51,0.7,0.367,19.69,19.21,20.02,2
867,23.56,56.3,591.0,271.0,1,0,0.04,0.83,0.26,0.364,23.53,22.71,23.3,1
868,21.2,47.9,476.0,682.0,1,1,0.31,0.51,0.33,0.212,20.6,21.21,21.11,3
869,21.67,43.9,405.0,697.0,1,0,0.67,0.94,0.23,0.154,21.52,21.02,21.28,2
870,20.09,44.5,400.0,599.0,0,1,0.52,0.04,0.87,0.236,20.35,19.85,20.12,4
871,22.16,44.1,612.0,552.0,1,1,0.97,0.45,0.99,0.355,22.15,21.66,21.58,4
872,24.12,53.7,684.0,640.0,1,0,0.85,0.56,0.09,0.118,24.47,22.71,23.87,1
873,23.22,47.3,514.0,648.0,1,1,0.66,0.86,0.73,0.263,23.63,21.99,23.03,2
874,24.65,54.8,642.0,628.0,1,0,0.43,0.76,0.82,0.179,25.38,22.82,24.3,2
875,24.3,46.6,400.0,437.0,0,0,0.22,0.17,0.69,0.355,23.87,25.32,23.61,2
876,20.2,56.8,400.0,597.0,0,0,0.75,0.2,0.32,0.33,20.39,21.46,19.79,3
877,21.74,57.3,571.0,510.0,1,0,0.39,0.45,0.56,0.398,21.94,21.75,21.72,1
878,24.7,47.3,400.0,583.0,0,0,0.2,0.82,0.59,0.254,24.82,23.85,24.87,2
879,21.57,52.1,400.0,563.0,0,0,0.4,0.84,0.86,0.235,21.71,19.25,21.91,2
880,20.88,53.7,400.0,350.0,0,0,0.62,0.97,0.62,0.394,20.74,22.59,20.01,2
881,20.56,40.6,456.0,219.0,1,0,0.7,0.91,0.17,0.188,20.59,19.33,20.47,0
882,24.1,52.4,400.0,652.0,0,0,0.2,0.66,0.78,0.373,23.73,23.8,24.19,2
883,22.33,56.8,617.0,620.0,1,0,0.34,0.26,0.2,0.338,22.34,21.03,22.53,0
884,23.94,44.9,658.0,200.0,1,1,0.76,0.98,0.81,0.153,24.47,22.89,24.31,1
885,24.33,50.0,400.0,417.0,0,0,0.21,0.4,0.11,0.281,24.74,23.37,24.49,1
886,22.87,57.4,699.0,387.0,1,0,0.84,0.91,0.5,0.365,22.56,23.62,22.98,3
887,22.5,56.0,482.0,585.0,1,0,0.27,0.05,0.17,0.311,21.87,20.63,22.53,1
888,23.83,54.2,481.0,473.0,1,0,0.64,0.14,0.99,0.364,24.08,22.68,24.26,2
889,23.61,42.6,652.0,224.0,1,1,0.47,0.67,0.99,0.366,22.87,22.83,23.93,2
890,24.82,54.9,545.0,341.0,1,0,0.03,0.56,0.75,0.12,24.94,25.14,25.08,2
891,21.15,51.3,400.0,547.0,0,1,0.86,0.84,0.09,0.188,21.31,20.42,20.81,0
892,24.37,59.8,497.0,292.0,1,0,0.91,0.48,0.63,0.106,23.99,22.23,24.83,2
893,24.53,41.7,512.0,282.0,1,0,0.35,0.11,0.58,0.261,24.65,25.18,24.35,2
894,24.61,47.7,400.0,420.0,0,1,0.05,0.73,0.73,0.2,24.21,24.71,24.97,2
895,21.02,55.9,400.0,246.0,0,0,0.88,0.73,0.33,0.109,21.52,20.9,21.19,2
896,23.27,44.9,481.0,504.0,1,1,0.09,0.85,0.16,0.309,22.53,22.3,23.51,2
897,21.78,42.8,400.0,432.0,0,0,0.95,0.88,0.65,0.237,22.27,21.95,21.67,3
898,21.98,45.8,531.0,319.0,1,0,0.82,0.83,0.07,0.379,22.01,22.57,22.52,2
899,23.51,53.7,561.0,450.0,1,0,0.61,0.67,0.55,0.268,23.24,21.91,23.43,2
900,21.09,43.6,619.0,559.0,1,0,0.1,0.4,0.9,0.166,21.09,21.72,21.3,2
901,23.41,59.0,428.0,561.0,1,1,0.02,0.26,0.36,0.309,23.51,22.36,23.32,2
902,21.5,47.1,698.0,476.0,1,1,0.9,0.09,0.01,0.317,21.94,21.19,21.23,2
903,24.44,49.4,660.0,386.0,1,1,0.97,0.96,0.81,0.333,23.9,23.6,24.38,2
904,24.52,56.5,461.0,210.0,1,0,0.4,0.78,0.74,0.321,24.82,23.07,24.69,2
905,24.57,56.8,456.0,435.0,1,0,0.6,0.17,0.67,0.322,24.55,24.72,24.58,3
906,21.22,53.3,400.0,638.0,0,0,0.67,0.65,0.44,0.216,22.21,20.9,20.93,3
907,24.22,55.7,654.0,675.0,1,0,0.02,0.58,0.16,0.209,23.65,23.94,24.49,2
908,22.41,46.4,400.0,401.0,0,0,0.94,0.25,0.19,0.238,22.11,21.27,22.45,3
909,20.83,43.0,561.0,549.0,1,0,0.19,0.83,0.69,0.281,20.77,21.3,20.64,3
910,22.12,55.2,400.0,430.0,0,0,0.36,0.8,0.03,0.332,22.16,22.72,22.2,2
911,20.47,42.2,559.0,443.0,1,0,0.42,0.75,0.19,0.198,20.24,19.38,20.36,2
912,24.55,57.8,586.0,319.0,1,0,0.8,0.22,0.76,0.319,24.5,24.68,24.45,2
913,20.16,47.6,400.0,209.0,0,0,0.1,0.44,0.15,0.296,20.73,20.71,19.94,2
914,23.33,48.6,442.0,579.0,1,1,0.56,0.88,0.04,0.174,23.17,22.98,23.16,2
915,22.86,54.0,492.0,217.0,1,1,0.11,0.82,0.48,0.312,22.54,21.74,22.89,3
916,20.91,41.6,557.0,467.0,1,1,0.81,0.94,0.24,0.206,20.76,20.79,21.35,2
917,24.41,49.7,400.0,611.0,0,1,0.1,0.47,0.01,0.381,24.63,23.56,24.4,1
918,23.03,56.2,647.0,643.0,1,0,0.7,0.6,0.93,0.237,22.46,22.99,23.46,2
919,20.08,45.1,676.0,254.0,1,1,0.68,0.4,0.02,0.209,19.83,20.94,20.33,2
920,20.99,55.6,652.0,264.0,1,0,0.97,0.78,0.98,0.366,20.53,22.21,21.39,2
921,20.57,50.8,400.0,583.0,0,1,0.59,0.01,0.54,0.115,21.43,20.61,20.48,2
922,21.07,51.4,631.0,694.0,1,1,0.38,0.73,0.63,0.197,21.14,21.49,20.89,3
923,21.28,56.5,471.0,363.0,1,0,0.52,0.18,0.14,0.394,20.93,22.19,21.21,2
924,23.34,44.5,400.0,437.0,0,0,0.69,0.07,0.12,0.157,22.95,22.28,23.59,4
925,24.84,50.9,400.0,355.0,0,0,0.14,0.14,0.33,0.223,25.42,24.72,25.08,3
926,22.15,51.1,544.0,438.0,1,1,0.62,0.37,0.41,0.273,22.18,21.78,22.05,1
927,22.08,55.8,400.0,365.0,0,0,0.95,0.92,0.08,0.294,22.83,22.43,21.63,2
928,20.17,57.3,544.0,365.0,1,0,0.95,0.71,0.24,0.282,21.23,19.94,20.27,3
929,20.07,48.3,668.0,622.0,1,1,0.82,0.55,0.84,0.37,20.35,19.76,20.08,1
930,21.81,42.0,400.0,371.0,0,0,0.56,0.77,0.36,0.248,21.32,22.55,21.46,3
931,21.18,42.6,400.0,410.0,0,0,0.74,0.93,0.57,0.131,21.65,20.87,21.05,2
932,21.48,55.7,570.0,663.0,1,1,0.62,0.76,0.09,0.275,20.35,21.26,21.5,1
933,20.17,59.4,400.0,564.0,0,1,0.1,0.45,0.04,0.328,19.72,21.67,20.18,1
934,23.55,50.2,400.0,487.0,0,0,0.9,0.7,0.57,0.264,24.35,22.27,23.12,3
935,21.91,44.6,514.0,360.0,1,0,0.65,0.4,0.8,0.123,22.6,23.18,21.43,2
936,20.75,44.5,599.0,639.0,1,0,0.8,0.55,0.78,0.179,20.61,20.32,20.68,2
937,23.12,46.4,400.0,635.0,0,0,0.66,0.8,0.65,0.309,22.84,24.37,23.71,3
938,22.66,47.7,400.0,449.0,0,1,0.28,0.7,0.09,0.283,22.2,22.86,22.37,2
939,23.7,57.9,688.0,638.0,1,1,0.34,0.05,0.46,0.254,23.4,23.62,23.92,2
940,21.28,50.6,400.0,304.0,0,0,0.55,0.29,0.19,0.126,21.44,21.42,21.42,2
941,22.01,52.9,400.0,221.0,0,1,0.71,0.55,0.1,0.246,22.39,22.17,21.9,2
942,21.84,41.0,440.0,491.0,1,0,0.62,0.44,0.46,0.104,22.26,20.95,22.31,2
943,20.41,53.0,498.0,640.0,1,1,0.59,0.53,0.82,0.206,20.65,21.16,20.39,2
944,22.33,50.6,400.0,323.0,0,1,0.88,0.85,0.12,0.392,22.7,21.85,22.53,2
945,24.46,44.1,400.0,689.0,0,1,0.6,0.68,0.0,0.127,24.69,24.38,24.42,1
946,22.47,51.7,631.0,625.0,1,0,0.69,0.87,0.55,0.29,22.8,23.02,22.31,3
947,21.13,55.8,569.0,401.0,1,1,0.28,0.71,0.87,0.399,21.54,20.83,20.84,3
948,21.02,45.7,685.0,405.0,1,1,0.12,0.45,0.26,0.301,21.0,20.64,21.36,3
949,22.25,52.7,400.0,651.0,0,0,0.18,0.3,0.66,0.128,22.6,21.92,22.99,2
950,20.6,53.8,400.0,653.0,0,1,0.54,0.9,0.89,0.115,20.92,20.06,20.9,3
951,23.89,51.6,400.0,287.0,0,0,0.76,0.2,0.27,0.157,23.56,24.15,23.78,2
952,24.87,40.7,400.0,608.0,0,0,0.11,0.63,0.86,0.335,26.21,25.3,24.76,3
953,24.42,46.0,400.0,524.0,0,1,0.91,0.35,0.91,0.1,24.28,23.99,24.03,2
954,24.32,56.8,686.0,378.0,1,0,0.34,0.95,0.5,0.296,24.76,25.71,24.57,2
955,22.08,53.3,400.0,477.0,0,1,0.1,0.65,0.4,0.218,22.21,23.36,21.82,2
956,20.27,47.9,526.0,674.0,1,1,0.35,0.63,0.52,0.249,20.99,19.58,20.63,2
957,21.02,53.7,400.0,505.0,0,0,0.41,0.12,0.89,0.296,20.87,21.35,21.23,4
958,22.28,49.2,400.0,556.0,0,1,0.82,0.03,0.51,0.2,21.52,21.7,22.1,0
959,23.49,49.4,400.0,323.0,0,0,0.15,0.39,0.86,0.188,22.44,22.84,23.53,2
960,23.54,47.9,400.0,388.0,0,0,0.09,0.2,0.75,0.178,23.82,23.02,23.31,2
961,24.83,52.4,603.0,247.0,1,0,0.16,0.53,0.67,0.132,23.75,25.37,24.96,1
962,23.5,42.7,669.0,218.0,1,1,0.52,0.52,0.77,0.225,23.82,22.46,23.47,2
963,21.81,40.3,492.0,650.0,1,0,0.04,0.35,0.24,0.22,22.35,23.21,21.45,4
964,23.16,54.5,400.0,327.0,0,0,0.84,0.4,0.43,0.234,23.49,23.04,23.35,1
965,20.82,40.6,667.0,569.0,1,0,0.94,0.02,0.81,0.2,20.3,20.67,20.59,2
966,22.6,49.2,400.0,525.0,0,1,0.28,0.66,0.17,0.195,22.51,21.01,22.27,4
967,24.9,40.5,615.0,333.0,1,0,0.8,0.68,0.64,0.344,25.59,24.42,24.74,4
968,24.54,49.5,447.0,224.0,1,0,0.61,0.16,0.15,0.305,25.06,24.31,24.17,0
969,21.09,55.9,400.0,272.0,0,1,0.0,0.79,0.36,0.385,20.39,21.38,20.91,2
970,24.51,53.1,535.0,429.0,1,1,0.46,0.99,0.46,0.369,24.94,23.54,24.11,0
971,20.78,41.7,627.0,634.0,1,0,0.63,0.39,0.09,0.107,20.07,21.02,20.87,2
972,24.52,57.9,400.0,657.0,0,0,0.41,0.62,0.27,0.353,24.85,26.09,24.31,2
973,22.57,57.6,620.0,500.0,1,1,0.92,0.93,0.76,0.197,22.69,22.07,23.31,2
974,24.25,52.2,474.0,655.0,1,0,0.9,0.25,0.56,0.127,24.03,23.27,24.93,3
975,20.15,53.8,524.0,581.0,1,0,0.6,0.14,0.1,0.161,20.9,19.34,19.75,2
976,22.57,53.1,434.0,333.0,1,1,0.48,0.75,0.82,0.224,22.67,21.18,23.34,3
977,21.79,56.3,400.0,229.0,0,0,0.91,0.55,0.11,0.256,21.74,23.17,21.86,3
978,20.3,48.1,606.0,306.0,1,1,0.11,0.52,0.94,0.104,20.12,20.67,20.3,3
979,20.73,50.3,400.0,369.0,0,0,0.33,0.62,0.06,0.257,21.11,20.69,20.86,2
980,23.83,47.8,639.0,615.0,1,0,0.15,0.85,0.71,0.151,23.44,22.88,23.84,2
981,23.39,47.3,400.0,688.0,0,1,0.55,0.79,0.6,0.311,23.32,23.2,23.79,2
982,21.43,40.2,400.0,613.0,0,1,0.8,1.0,0.79,0.331,20.29,20.8,21.5,2
983,21.59,49.8,633.0,407.0,1,0,0.1,0.37,0.79,0.198,21.18,20.07,20.97,2
984,23.82,47.4,400.0,518.0,0,1,0.44,0.32,0.05,0.322,23.25,23.63,23.32,2
985,22.72,43.6,690.0,654.0,1,1,0.04,0.58,0.86,0.265,22.01,21.26,22.78,2
986,24.79,55.7,400.0,566.0,0,1,0.7,0.56,0.55,0.288,25.5,23.64,24.84,2
987,22.23,41.6,510.0,416.0,1,1,0.02,0.95,0.67,0.132,23.05,22.22,22.54,2
988,20.35,56.2,400.0,669.0,0,1,0.88,0.77,0.2,0.219,19.62,20.7,20.38,1
989,22.98,47.3,418.0,486.0,1,0,0.62,0.11,0.28,0.248,22.12,21.22,22.69,2
990,20.05,45.0,499.0,366.0,1,1,0.09,0.94,0.62,0.25,19.64,19.36,19.88,2
991,23.42,45.7,627.0,686.0,1,1,0.98,0.36,0.95,0.346,23.31,24.25,23.46,1
992,21.99,43.3,498.0,482.0,1,0,0.17,0.2,0.62,0.4,20.89,23.6,21.97,2
993,22.31,46.7,400.0,631.0,0,0,0.92,0.75,0.63,0.147,21.62,22.22,21.73,1
994,23.83,44.1,522.0,496.0,1,1,0.21,0.28,0.7,0.117,22.73,21.69,23.61,2
995,24.71,57.7,502.0,424.0,1,0,0.47,0.4,0.96,0.309,23.79,25.25,25.03,2
996,21.97,42.8,400.0,623.0,0,1,0.55,0.57,1.0,0.215,22.42,20.72,21.85,2
997,20.2,45.2,400.0,493.0,0,0,0.89,0.08,0.33,0.182,20.28,20.34,19.94,2
998,22.9,49.3,518.0,308.0,1,0,0.45,0.18,0.52,0.283,23.45,23.84,22.96,2
999,22.87,56.9,400.0,267.0,0,1,0.96,0.47,0.74,0.251,21.97,22.6,22.89,2
1000,22.25,44.6,503.0,660.0,1,0,0.04,0.28,0.56,0.198,21.58,22.45,22.8,2
1001,23.29,52.8,682.0,302.0,1,0,0.57,0.67,0.45,0.385,23.55,23.58,22.48,1
1002,22.85,53.1,400.0,618.0,0,1,0.35,0.5,0.35,0.153,23.08,22.96,22.73,1
1003,20.39,47.5,400.0,374.0,0,0,0.87,0.59,0.37,0.201,19.14,21.34,20.36,3
1004,24.01,51.2,400.0,503.0,0,0,0.87,0.17,0.83,0.307,24.28,25.22,24.59,2
1005,24.98,55.9,506.0,434.0,1,1,0.81,0.08,0.38,0.393,24.87,27.52,25.28,1
1006,23.64,46.0,420.0,338.0,1,1,0.12,0.63,0.52,0.234,24.02,22.98,23.73,3
1007,24.31,44.8,636.0,498.0,1,0,0.34,0.14,0.24,0.392,24.33,24.02,24.33,2
1008,22.64,59.6,400.0,656.0,0,1,0.43,0.11,0.69,0.378,22.82,22.58,22.49,2
1009,20.83,42.0,400.0,226.0,0,0,0.88,0.26,0.85,0.342,20.86,19.43,20.46,3
1010,24.89,48.2,400.0,377.0,0,0,0.89,0.8,0.89,0.333,24.59,25.0,24.75,3
1011,24.6,58.9,456.0,229.0,1,0,0.97,0.61,0.37,0.269,24.53,23.81,24.65,2
1012,22.85,53.4,400.0,447.0,0,0,0.26,0.49,0.05,0.375,22.52,21.15,23.03,4
1013,21.07,42.9,400.0,401.0,0,0,0.61,0.17,0.09,0.154,22.49,21.56,21.25,2
1014,23.4,58.0,463.0,458.0,1,1,0.41,0.68,0.71,0.304,23.59,23.49,23.13,2
1015,23.99,46.0,665.0,274.0,1,0,0.06,0.5,0.52,0.326,24.58,24.83,24.42,2
1016,21.42,48.7,461.0,314.0,1,1,0.51,0.12,0.24,0.383,21.75,22.12,20.98,2
1017,22.79,51.3,400.0,527.0,0,0,0.97,0.09,0.82,0.159,22.16,22.79,22.98,2
1018,21.69,58.4,456.0,671.0,1,0,0.9,0.37,0.2,0.23,21.12,22.39,21.41,2
1019,24.97,51.0,400.0,465.0,0,0,0.41,0.61,0.1,0.137,25.23,25.66,24.81,2
1020,21.2,54.8,400.0,475.0,0,1,0.43,0.61,0.45,0.307,21.6,20.69,21.31,3
1021,23.9,52.2,473.0,220.0,1,1,0.8,0.74,0.53,0.211,23.87,23.22,24.27,2
1022,23.88,43.0,400.0,463.0,0,1,0.9,0.4,0.63,0.203,24.76,24.16,23.54,2
1023,23.47,42.6,400.0,307.0,0,0,0.36,0.16,0.04,0.234,23.16,24.11,23.56,3
1024,21.66,46.1,400.0,302.0,0,1,0.18,0.61,0.39,0.128,21.96,22.66,21.51,2
1025,22.84,54.1,400.0,302.0,0,1,0.41,0.13,0.88,0.183,23.27,22.33,23.55,2
1026,24.38,40.8,481.0,218.0,1,1,0.24,0.52,0.14,0.377,24.67,24.92,24.38,3
1027,20.77,41.1,400.0,332.0,0,0,0.42,0.13,0.5,0.222,20.38,21.44,20.3,2
1028,23.11,51.1,400.0,460.0,0,1,0.26,0.57,0.76,0.349,23.05,22.42,23.3,2
1029,20.35,47.3,402.0,315.0,1,0,0.51,0.41,0.37,0.196,20.09,20.59,20.31,2
1030,22.3,41.8,422.0,232.0,1,0,0.38,0.88,0.67,0.265,22.17,22.43,22.09,2
1031,23.07,43.2,400.0,370.0,0,0,0.87,0.37,0.54,0.113,22.38,25.04,23.92,2
1032,24.17,41.5,625.0,230.0,1,1,0.66,0.06,0.45,0.169,23.93,24.44,24.26,2
1033,22.93,50.1,400.0,308.0,0,0,0.54,0.16,0.44,0.114,22.2,23.38,22.61,2
1034,20.81,50.9,400.0,497.0,0,0,0.82,0.54,0.75,0.26,20.16,20.84,20.97,2
1035,20.95,42.6,400.0,377.0,0,1,0.82,0.18,0.02,0.195,20.43,19.92,20.92,1
1036,21.24,57.2,687.0,455.0,1,0,0.56,0.26,0.06,0.202,21.42,20.39,21.33,3
1037,22.02,41.6,404.0,218.0,1,1,0.3,0.16,0.19,0.223,21.8,20.24,21.72,3
1038,23.74,55.3,533.0,275.0,1,0,0.45,0.94,0.53,0.216,23.1,23.05,24.19,2
1039,20.31,42.3,595.0,658.0,1,0,0.0,0.75,0.48,0.246,19.6,19.17,20.33,2
1040,24.13,56.1,400.0,436.0,0,0,0.67,0.73,0.45,0.12,25.12,24.38,24.87,2
1041,20.97,45.2,573.0,454.0,1,1,0.07,0.55,0.41,0.244,19.79,21.67,21.47,2
1042,24.59,59.3,400.0,502.0,0,1,0.21,0.44,0.63,0.309,25.08,23.73,24.49,2
1043,21.28,43.3,595.0,412.0,1,0,0.62,0.13,0.61,0.344,21.95,21.78,21.41,1
1044,23.51,54.2,506.0,491.0,1,0,0.82,0.99,0.6,0.298,22.68,22.74,23.36,2
1045,24.03,52.5,564.0,422.0,1,0,0.28,0.04,0.04,0.324,24.3,24.64,24.5,2
1046,22.53,51.7,400.0,605.0,0,1,0.62,0.23,0.9,0.354,22.48,22.73,22.51,2
1047,20.08,51.1,400.0,577.0,0,0,0.34,0.17,0.67,0.173,19.02,19.12,20.06,4
1048,21.41,55.4,459.0,222.0,1,1,0.83,0.1,0.38,0.17,22.05,22.19,21.03,2
1049,20.55,43.9,400.0,303.0,0,1,0.26,0.18,0.5,0.228,20.98,20.55,21.18,2
1050,24.64,57.1,400.0,300.0,0,0,0.59,0.09,0.92,0.27,25.27,24.36,24.9,0
1051,24.61,54.9,438.0,240.0,1,1,0.99,0.42,0.85,0.178,23.75,25.33,24.5,2
1052,20.18,45.5,590.0,379.0,1,1,0.56,0.32,0.07,0.104,20.56,18.97,20.36,2
1053,22.27,52.7,400.0,641.0,0,0,0.96,0.31,0.26,0.31,21.75,21.58,22.45,2
1054,20.65,56.4,662.0,484.0,1,1,0.67,0.67,0.72,0.32,20.61,20.97,20.26,1
1055,21.12,50.2,439.0,493.0,1,1,0.35,0.75,0.78,0.151,20.78,22.27,21.44,1
1056,24.99,56.6,652.0,372.0,1,0,0.41,0.82,0.36,0.301,24.54,24.72,25.26,3
1057,22.71,47.9,619.0,452.0,1,1,0.07,0.87,0.8,0.354,22.79,22.9,22.84,2
1058,20.14,54.0,400.0,246.0,0,0,0.73,0.74,0.19,0.152,20.07,20.63,20.13,2
1059,23.17,52.2,605.0,264.0,1,0,0.32,0.62,0.49,0.171,23.07,23.4,23.5,2
1060,24.95,48.7,497.0,616.0,1,0,0.7,0.07,0.71,0.238,25.09,25.94,24.68,2
1061,22.46,57.3,424.0,474.0,1,1,0.82,0.58,0.55,0.366,23.06,21.93,22.44,2
1062,20.67,45.5,488.0,656.0,1,0,0.01,0.81,0.11,0.149,20.49,21.08,20.53,2
1063,24.51,49.6,400.0,490.0,0,1,0.55,0.33,0.49,0.121,25.17,26.01,24.02,0
1064,23.29,50.7,400.0,369.0,0,0,0.93,0.13,0.58,0.218,24.22,23.86,23.31,2
1065,23.81,49.1,584.0,449.0,1,1,0.99,0.44,0.3,0.236,23.94,24.49,23.81,2
1066,20.3,50.2,517.0,487.0,1,1,0.06,0.46,0.67,0.135,20.21,21.31,20.0,2
1067,24.34,58.1,400.0,361.0,0,0,0.1,0.06,0.49,0.303,24.97,22.91,24.36,4
1068,23.91,41.6,400.0,329.0,0,0,0.1,0.03,0.41,0.202,24.43,25.39,24.34,2
1069,21.82,43.2,400.0,697.0,0,1,0.02,0.85,0.41,0.363,21.45,21.93,21.81,2
1070,22.78,43.9,400.0,301.0,0,0,0.29,0.36,0.67,0.18,22.19,23.16,22.62,3
1071,23.75,51.9,400.0,282.0,0,0,0.81,0.29,0.63,0.105,23.61,24.18,23.58,2
1072,23.61,48.9,400.0,376.0,0,1,0.89,0.87,0.03,0.327,23.01,22.59,23.3,2
1073,23.46,51.7,433.0,308.0,1,0,0.17,0.8,0.73,0.146,24.29,24.94,22.95,2
1074,21.72,46.9,481.0,370.0,1,1,0.69,0.72,0.18,0.139,21.55,22.41,22.04,1
1075,22.6,51.9,400.0,383.0,0,0,0.36,0.25,0.05,0.354,22.2,23.06,22.57,1
1076,21.79,55.6,595.0,454.0,1,1,0.52,0.15,0.8,0.374,21.87,20.3,22.03,2
1077,22.22,58.4,400.0,368.0,0,0,0.71,0.01,0.73,0.232,22.41,22.56,22.53,2
1078,20.22,46.7,400.0,530.0,0,0,0.16,0.87,0.31,0.188,20.32,20.99,20.02,1
1079,20.48,53.2,425.0,641.0,1,1,0.45,0.91,0.81,0.212,20.02,19.35,21.04,2
1080,23.19,58.2,418.0,305.0,1,0,0.18,0.63,0.91,0.37,23.26,22.0,23.02,2
1081,20.63,46.4,400.0,694.0,1,1,0.75,0.32,0.62,0.352,20.55,20.33,20.18,0
1082,22.43,47.5,400.0,675.0,0,1,0.37,0.83,0.1,0.373,22.81,23.45,22.69,2
1083,23.05,46.0,497.0,218.0,1,1,0.27,0.76,0.31,0.4,23.45,23.33,22.95,2
1084,21.14,46.4,636.0,532.0,1,0,0.44,0.67,0.14,0.284,21.0,21.07,21.12,1
1085,24.0,59.3,642.0,339.0,1,0,0.83,0.77,0.33,0.375,23.64,24.57,23.71,2
1086,23.72,45.9,673.0,663.0,1,1,0.2,0.11,0.1,0.248,23.94,23.87,23.65,3
1087,22.31,53.2,540.0,318.0,1,0,0.0,0.55,0.6,0.275,21.96,22.03,22.21,2
1088,23.03,53.4,400.0,234.0,0,1,0.1,0.88,0.96,0.153,23.26,22.29,23.28,2
1089,24.17,42.6,400.0,350.0,0,0,0.59,0.5,0.88,0.123,24.87,25.49,24.27,2
1090,21.75,52.0,400.0,352.0,0,1,0.08,0.23,0.06,0.395,21.64,21.2,21.43,1
1091,24.83,57.5,625.0,656.0,1,0,0.86,0.93,0.4,0.174,24.33,25.34,24.46,2
1092,21.95,44.6,647.0,300.0,1,1,0.45,0.8,0.34,0.309,21.4,21.49,21.69,2
1093,22.68,43.4,400.0,538.0,0,1,0.98,0.57,0.3,0.124,22.69,22.41,22.67,3
1094,20.94,51.5,400.0,332.0,0,1,0.52,0.39,0.59,0.232,20.7,21.4,20.56,2
1095,23.25,57.3,678.0,275.0,1,1,0.99,0.11,0.62,0.128,22.52,23.04,23.21,2
1096,24.22,55.9,400.0,319.0,0,0,0.69,0.05,0.32,0.177,24.89,25.57,24.16,2
1097,21.26,55.9,424.0,668.0,1,0,0.83,0.76,0.22,0.278,21.6,19.5,21.29,2
1098,21.95,54.3,557.0,381.0,1,1,0.72,0.85,0.8,0.116,21.96,21.47,21.84,2
1099,20.71,40.2,547.0,607.0,1,1,0.45,0.73,0.48,0.288,21.01,21.14,20.85,3
1100,22.62,43.4,400.0,359.0,0,0,0.72,0.31,0.9,0.247,22.56,22.25,22.14,2
1101,20.72,52.0,400.0,324.0,0,1,0.27,0.63,0.15,0.185,20.0,21.9,20.85,1
1102,24.35,57.1,433.0,689.0,1,0,0.83,0.05,0.51,0.193,24.21,23.39,24.04,2
1103,24.3,41.9,485.0,350.0,1,0,0.87,0.04,0.83,0.18,24.45,24.34,24.28,2
1104,24.4,59.7,400.0,673.0,0,0,0.4,0.86,0.0,0.251,24.57,22.56,24.63,3
1105,20.24,46.4,400.0,374.0,0,1,0.95,0.54,0.08,0.127,20.4,20.73,20.34,2
1106,23.26,42.9,641.0,405.0,1,1,0.73,0.44,0.8,0.176,22.63,23.61,23.04,2
1107,23.36,54.5,672.0,257.0,1,1,0.73,0.12,0.59,0.192,23.26,22.96,23.29,2
1108,21.38,59.1,400.0,528.0,0,0,0.62,0.35,0.81,0.319,20.82,20.23,21.2,2
1109,24.42,41.0,400.0,641.0,0,0,0.44,0.41,0.51,0.296,23.94,23.85,24.11,2
1110,24.48,44.0,400.0,545.0,0,1,0.29,0.4,0.83,0.175,24.58,25.17,24.26,3
1111,20.69,44.7,615.0,257.0,1,0,0.29,0.15,0.98,0.268,20.73,21.23,20.49,3
1112,22.36,44.2,607.0,340.0,1,1,0.49,0.44,0.92,0.22,22.73,21.7,22.76,4
1113,24.67,53.0,459.0,263.0,1,1,0.01,0.57,0.62,0.232,24.57,24.18,24.18,2
1114,20.37,46.5,407.0,319.0,1,1,0.29,0.36,0.48,0.189,20.3,18.95,20.78,1
1115,24.99,40.8,443.0,644.0,1,1,0.68,0.76,0.7,0.204,24.57,24.93,24.95,2
1116,24.08,48.7,692.0,695.0,1,0,0.87,0.21,0.05,0.255,24.67,23.83,23.97,2
1117,22.3,44.0,400.0,663.0,0,0,0.18,0.74,0.1,0.313,21.88,23.16,22.82,2
1118,23.42,45.2,469.0,655.0,1,1,0.44,0.02,0.59,0.35,23.26,23.24,24.07,2
1119,20.28,40.7,618.0,321.0,1,0,0.8,0.6,0.8,0.121,20.58,21.66,20.14,2
1120,23.56,53.9,400.0,624.0,0,0,0.4,0.17,0.88,0.222,23.0,25.78,23.76,2
1121,21.89,49.9,585.0,448.0,1,1,0.96,0.27,0.29,0.254,21.67,20.45,21.99,3
1122,23.36,54.4,400.0,613.0,0,0,0.55,0.15,0.46,0.202,22.68,23.42,23.52,2
1123,24.94,49.0,400.0,402.0,0,1,0.58,0.04,0.73,0.267,24.07,24.99,24.75,1
1124,23.42,42.5,400.0,593.0,0,1,0.67,0.18,0.78,0.192,23.71,23.32,23.48,3
1125,21.22,46.8,400.0,470.0,0,0,0.68,0.65,0.51,0.231,20.48,23.29,20.69,4
1126,23.44,54.4,400.0,336.0,0,0,0.5,0.55,0.84,0.146,23.65,24.84,23.75,2
1127,22.75,56.5,400.0,576.0,0,0,0.41,0.89,0.34,0.375,22.69,23.23,22.34,2
1128,20.41,49.3,400.0,270.0,0,1,0.78,0.21,0.14,0.123,20.61,19.53,20.33,1
1129,24.05,57.7,400.0,439.0,0,1,0.06,0.52,0.74,0.111,23.47,24.37,24.27,1
1130,23.71,47.6,605.0,563.0,1,1,0.08,0.65,0.83,0.158,23.24,24.63,23.43,2
1131,23.37,51.1,400.0,309.0,0,1,0.63,0.57,0.51,0.31,23.11,25.0,23.66,0
1132,21.5,46.6,486.0,359.0,1,1,0.13,0.83,0.54,0.325,21.18,20.55,21.13,1
1133,24.9,43.9,400.0,252.0,0,0,0.83,0.23,0.93,0.281,25.74,26.23,24.47,2
1134,20.78,50.1,400.0,664.0,0,0,0.89,0.89,0.27,0.31,21.35,21.44,20.96,3
1135,20.51,50.5,697.0,358.0,1,0,0.1,0.35,0.5,0.323,20.7,20.19,21.21,2
1136,21.76,43.3,400.0,227.0,0,0,0.63,0.97,0.21,0.196,22.36,21.28,21.6,0
1137,23.42,58.1,474.0,256.0,1,1,0.06,0.57,0.91,0.36,22.88,23.91,23.71,2
1138,22.3,46.4,400.0,546.0,0,1,0.82,0.51,0.6,0.339,21.94,21.26,22.25,2
1139,23.3,48.6,691.0,241.0,1,0,0.97,0.7,0.48,0.235,22.78,23.44,23.26,2
1140,24.95,43.7,434.0,388.0,1,1,0.23,0.56,0.27,0.33,24.25,23.89,25.11,2
1141,20.77,59.1,400.0,502.0,0,0,0.13,0.5,0.09,0.205,21.59,21.74,20.97,2
1142,21.43,50.7,400.0,594.0,0,0,0.91,0.62,0.74,0.339,22.48,20.06,21.52,2
1143,21.98,57.7,675.0,325.0,1,1,0.36,0.8,0.25,0.331,23.21,21.97,22.18,2
1144,23.0,45.6,507.0,431.0,1,1,0.69,0.84,0.93,0.143,23.36,22.3,23.1,1
1145,20.71,51.9,400.0,641.0,0,0,0.78,0.72,0.01,0.126,20.6,20.13,20.92,1
1146,22.87,58.9,695.0,334.0,1,0,0.66,0.96,0.57,0.305,23.24,22.23,22.34,4
1147,23.02,56.7,451.0,520.0,1,1,0.95,0.85,0.36,0.284,22.79,23.15,22.4,2
1148,22.61,45.2,462.0,456.0,1,0,0.47,0.96,0.79,0.213,22.03,23.29,22.29,0
1149,23.91,40.8,606.0,568.0,1,0,0.17,0.48,0.72,0.243,24.33,22.87,24.2,2
1150,20.04,42.3,400.0,298.0,0,1,0.25,0.48,0.58,0.179,20.38,20.64,20.17,2
1151,21.35,49.7,641.0,441.0,1,1,0.87,0.02,0.4,0.297,20.87,21.92,20.86,3
1152,21.55,54.4,400.0,603.0,0,1,0.76,0.46,0.69,0.297,21.59,22.91,21.23,2
1153,23.46,50.7,522.0,564.0,1,1,0.64,0.64,0.91,0.106,23.54,22.88,22.76,2
1154,23.17,58.5,400.0,608.0,0,1,0.2,0.57,0.14,0.201,23.61,23.97,22.88,2
1155,24.01,41.2,554.0,342.0,1,0,0.49,0.89,0.43,0.255,22.95,23.14,24.34,2
1156,23.98,55.6,648.0,547.0,1,0,0.21,0.55,0.17,0.293,23.66,24.45,23.5,2
1157,22.48,42.7,491.0,457.0,1,0,0.65,0.64,0.64,0.26,22.77,21.47,22.4,1
1158,22.87,40.6,657.0,565.0,1,1,0.38,0.71,0.23,0.343,22.45,21.52,22.94,2
1159,22.34,60.0,489.0,584.0,1,0,0.42,0.69,0.95,0.364,21.51,22.17,22.33,2
1160,23.48,55.6,400.0,516.0,0,0,0.9,0.55,0.24,0.388,23.06,23.48,23.69,4
1161,23.82,53.1,653.0,232.0,1,0,0.27,0.43,0.19,0.162,23.99,23.44,23.81,0
1162,24.15,49.2,666.0,328.0,1,1,0.14,0.5,0.43,0.121,24.21,23.86,23.82,3
1163,23.69,55.5,504.0,601.0,1,0,0.8,0.42,0.45,0.287,23.82,23.23,23.66,3
1164,20.48,54.8,571.0,200.0,1,1,0.15,0.95,0.98,0.142,20.96,20.75,20.38,2
1165,20.31,53.1,444.0,535.0,1,0,0.68,0.0,0.58,0.31,20.3,21.13,20.06,2
1166,23.65,44.7,400.0,465.0,0,0,0.75,0.07,0.93,0.211,23.72,23.95,23.95,2
1167,24.42,53.8,636.0,495.0,1,0,0.87,0.67,0.06,0.318,24.52,23.99,24.35,2
1168,24.88,59.3,400.0,210.0,0,1,0.66,0.37,0.6,0.361,24.4,25.73,24.96,2
1169,20.14,40.7,497.0,341.0,1,0,0.98,0.29,0.83,0.281,19.72,18.55,19.75,2
1170,23.9,48.5,400.0,391.0,0,0,0.08,0.86,0.21,0.329,24.14,24.15,23.79,2
1171,24.3,46.8,400.0,331.0,0,1,0.63,0.72,0.52,0.277,24.26,22.44,24.18,2
1172,20.15,42.1,641.0,373.0,1,0,0.21,0.76,0.88,0.216,20.69,21.71,20.3,4
1173,22.24,42.4,400.0,503.0,0,1,0.37,0.48,0.61,0.332,22.86,21.49,21.95,2
1174,24.6,48.7,457.0,633.0,1,0,0.82,0.42,0.58,0.122,23.59,24.5,25.25,2
1175,20.93,49.3,400.0,642.0,0,1,0.07,0.13,0.2,0.373,20.84,20.46,21.0,2
1176,21.35,59.4,489.0,220.0,1,0,0.47,0.73,0.97,0.161,21.61,21.07,21.58,2
1177,22.06,49.7,518.0,264.0,1,0,0.87,0.36,0.89,0.156,21.85,22.36,22.3,4
1178,22.84,40.6,607.0,273.0,1,1,0.15,0.81,0.33,0.226,23.06,22.87,22.76,4
1179,24.07,52.9,528.0,334.0,1,1,0.33,0.77,0.47,0.172,24.26,23.84,24.29,2
1180,20.04,55.9,400.0,490.0,0,0,0.66,0.1,0.86,0.351,19.82,20.65,19.93,2
1181,22.89,55.4,465.0,445.0,1,0,0.6,0.16,0.93,0.185,23.27,21.55,22.82,2
1182,22.57,46.6,524.0,331.0,1,1,0.16,0.58,0.05,0.28,21.48,22.1,22.72,2
1183,24.83,43.3,497.0,658.0,1,0,0.18,0.26,0.12,0.289,24.51,25.4,24.79,2
1184,21.65,49.5,400.0,255.0,0,1,0.53,0.73,0.58,0.33,21.78,22.01,21.49,2
1185,20.9,47.8,671.0,498.0,1,1,1.0,0.78,0.76,0.293,21.16,20.35,20.71,2
1186,20.81,55.7,400.0,271.0,0,1,0.03,0.28,0.42,0.164,21.99,19.37,20.38,2
1187,24.25,40.1,574.0,369.0,1,1,0.27,0.1,0.25,0.376,25.86,24.9,23.73,2
1188,22.71,40.9,470.0,579.0,1,0,0.44,0.85,0.36,0.286,21.62,22.97,22.18,2
1189,20.46,52.5,574.0,301.0,1,0,0.8,0.94,0.15,0.35,20.49,19.57,20.66,2
1190,24.13,54.9,651.0,336.0,1,1,0.62,0.54,0.96,0.37,24.54,24.56,24.24,3
1191,23.41,59.0,486.0,639.0,1,1,0.51,0.8,0.31,0.379,23.37,24.27,23.53,0
1192,23.41,57.2,495.0,471.0,1,1,0.11,0.61,0.45,0.391,24.03,22.68,23.55,2
1193,21.82,47.9,621.0,210.0,1,0,0.11,0.02,0.07,0.308,21.54,21.03,22.19,2
1194,20.92,53.8,400.0,568.0,0,1,0.35,0.92,0.64,0.359,21.34,21.76,20.93,2
1195,21.9,50.8,400.0,566.0,0,1,0.22,0.7,0.85,0.283,21.55,22.06,22.34,1
1196,22.42,53.6,459.0,261.0,1,1,0.7,0.92,0.37,0.171,22.99,22.33,22.67,2
1197,24.77,49.8,400.0,642.0,0,1,0.42,0.37,0.95,0.101,25.9,25.91,24.94,3
1198,22.78,57.3,614.0,556.0,1,1,0.91,0.72,0.84,0.369,23.24,21.23,22.82,2
1199,23.83,53.4,419.0,333.0,1,1,0.13,0.29,0.25,0.182,23.39,23.33,23.78,2
1200,22.18,52.8,428.0,589.0,1,0,0.12,0.63,0.74,0.102,22.37,23.09,22.24,2
1201,22.49,47.1,400.0,684.0,0,0,0.63,0.17,0.7,0.296,22.57,22.2,22.48,2
1202,21.88,42.4,400.0,553.0,0,1,0.75,0.31,0.54,0.348,21.34,21.67,21.82,1
1203,21.77,52.2,400.0,221.0,0,1,0.44,0.68,0.97,0.395,22.13,20.85,22.19,2
1204,22.18,58.8,612.0,479.0,1,1,0.84,0.01,0.74,0.154,22.73,21.18,22.36,4
1205,21.4,50.4,400.0,574.0,0,0,0.96,0.55,0.44,0.243,21.8,21.25,21.48,2
1206,23.45,51.1,400.0,481.0,0,1,0.78,0.49,0.83,0.334,23.58,23.13,23.51,2
1207,23.05,53.7,400.0,303.0,0,1,0.43,0.85,0.97,0.394,23.07,20.5,23.16,2
1208,22.16,40.0,400.0,288.0,0,1,0.51,0.9,0.71,0.138,22.57,23.48,22.74,3
1209,23.61,45.3,400.0,585.0,0,1,0.46,0.86,0.15,0.237,23.45,22.36,23.89,1
1210,24.9,50.2,591.0,321.0,1,1,0.45,0.95,0.14,0.157,25.24,27.15,24.64,0
1211,21.76,47.5,563.0,451.0,1,0,0.82,0.16,0.61,0.392,22.8,21.48,21.37,2
1212,23.59,48.6,511.0,256.0,1,1,0.51,0.3,0.78,0.18,23.26,22.92,23.36,2
1213,24.97,42.2,400.0,443.0,0,0,0.1,0.44,0.22,0.299,24.34,24.81,25.46,2
1214,22.88,50.7,400.0,302.0,0,1,0.26,0.75,0.56,0.272,22.79,21.88,23.47,3
1215,23.01,44.9,601.0,523.0,1,1,0.18,0.95,0.7,0.299,22.97,23.02,22.31,3
1216,23.81,47.2,427.0,660.0,1,1,0.58,0.41,0.16,0.226,23.49,23.95,23.83,3
1217,22.76,53.3,533.0,491.0,1,1,0.61,0.03,0.33,0.128,23.22,23.01,22.45,3
1218,20.33,58.7,402.0,458.0,1,1,0.75,0.6,0.95,0.316,20.04,20.37,19.96,2
1219,20.9,48.2,594.0,636.0,1,0,0.3,0.51,0.83,0.221,20.55,20.26,20.31,3
1220,21.74,53.3,400.0,616.0,0,0,0.21,0.58,0.58,0.194,21.76,23.4,21.98,2
1221,22.37,54.3,432.0,688.0,1,0,0.36,0.09,0.3,0.375,21.5,21.98,22.85,2
1222,22.92,49.4,400.0,333.0,0,0,0.88,0.47,0.47,0.133,22.89,22.41,22.58,3
1223,24.41,42.9,406.0,282.0,1,0,0.41,0.07,0.02,0.296,24.47,23.82,24.41,2
1224,23.0,43.8,426.0,608.0,1,1,0.02,0.65,0.97,0.135,23.16,22.57,23.26,1
1225,24.84,41.9,400.0,627.0,0,0,0.34,0.14,0.66,0.152,25.22,25.08,24.96,0
1226,23.62,46.8,659.0,653.0,1,0,0.79,0.02,0.21,0.19,24.27,24.17,24.02,2
1227,22.91,55.4,400.0,403.0,0,0,0.55,0.19,0.34,0.275,22.52,22.67,22.35,2
1228,23.38,59.6,600.0,385.0,1,0,0.68,0.21,0.18,0.39,23.48,23.68,23.39,2
1229,20.62,40.7,400.0,308.0,0,0,0.94,0.19,0.67,0.397,20.23,20.14,20.58,0
1230,21.72,58.8,428.0,524.0,1,1,0.76,0.59,0.1,0.275,21.29,21.96,21.54,2
1231,24.17,43.7,498.0,305.0,1,1,0.75,0.95,0.38,0.375,24.72,24.05,23.89,3
1232,21.26,45.1,400.0,465.0,0,0,0.45,0.24,0.8,0.335,21.77,19.78,21.32,1
1233,23.79,58.7,597.0,656.0,1,1,0.05,0.65,0.87,0.299,23.68,24.12,23.75,2
1234,22.72,49.7,627.0,454.0,1,1,0.19,0.94,0.23,0.387,22.0,22.26,22.59,3
1235,22.79,57.5,602.0,643.0,1,1,0.96,0.71,0.27,0.159,22.82,22.85,22.93,2
1236,23.27,56.4,400.0,440.0,0,0,0.89,0.96,0.23,0.308,24.03,22.81,23.33,3
1237,21.15,41.8,412.0,562.0,1,1,0.77,0.38,0.71,0.275,20.83,20.74,21.49,2
1238,23.26,47.3,400.0,569.0,0,1,0.03,0.36,0.79,0.29,23.22,23.27,23.62,2
1239,21.96,47.6,400.0,330.0,0,0,0.26,0.27,0.57,0.196,21.44,21.81,22.13,2
1240,21.2,57.1,400.0,580.0,0,0,0.41,0.77,0.83,0.34,20.84,20.6,21.69,4
1241,21.35,53.9,515.0,519.0,1,1,0.93,0.03,0.7,0.146,20.65,21.55,21.37,3
1242,24.74,59.1,400.0,351.0,0,1,0.2,0.75,0.71,0.364,24.47,25.11,24.62,1
1243,23.6,53.0,400.0,560.0,0,1,0.28,0.97,0.16,0.138,23.14,23.7,23.03,2
1244,24.07,60.0,400.0,492.0,0,0,0.81,0.43,0.4,0.217,23.96,24.92,24.49,2
1245,23.56,48.3,642.0,560.0,1,0,0.02,0.68,0.34,0.175,24.04,24.3,23.64,3
1246,22.4,57.3,400.0,524.0,0,0,0.02,0.76,0.89,0.173,22.91,21.58,22.5,2
1247,23.9,45.6,620.0,346.0,1,0,0.22,0.54,0.43,0.277,23.93,23.77,23.53,1
1248,20.05,43.9,549.0,400.0,1,0,0.3,0.41,0.63,0.323,20.47,19.83,20.24,3
1249,23.04,53.8,400.0,552.0,0,1,0.59,0.56,0.26,0.182,22.67,22.25,23.15,2
1250,20.98,45.4,400.0,528.0,0,1,0.14,0.56,0.47,0.254,20.54,20.61,21.22,2
1251,22.52,50.4,591.0,563.0,1,1,0.29,0.02,0.94,0.391,22.32,23.05,22.87,3
1252,21.89,46.8,400.0,477.0,0,0,0.12,0.09,0.91,0.281,22.21,22.98,22.22,2
1253,23.8,57.9,400.0,633.0,0,1,0.04,0.09,0.3,0.386,23.85,24.4,23.49,2
1254,20.69,41.7,536.0,665.0,1,0,0.99,0.81,0.9,0.273,20.66,21.98,20.41,2
1255,21.16,57.2,400.0,695.0,0,1,0.43,0.96,0.39,0.334,20.27,20.5,21.69,2
1256,24.58,56.2,568.0,563.0,1,1,0.25,0.43,0.32,0.378,24.51,24.28,24.21,4
1257,20.92,42.1,400.0,213.0,0,1,0.7,0.77,0.09,0.144,20.85,20.01,20.97,2
1258,21.76,52.7,400.0,635.0,0,0,0.58,0.41,0.43,0.23,21.53,21.99,21.71,2
1259,20.51,43.0,400.0,507.0,0,0,0.65,0.02,0.36,0.356,19.3,19.52,19.86,2
1260,23.9,57.8,487.0,663.0,1,0,0.3,0.6,0.84,0.19,23.52,23.09,24.16,3
1261,23.38,41.4,400.0,208.0,0,1,0.33,0.49,0.7,0.195,23.4,22.74,23.19,2
1262,24.29,55.5,400.0,301.0,0,0,0.32,0.86,0.66,0.28,23.5,26.18,24.85,3
1263,21.83,50.0,454.0,406.0,1,0,0.9,0.43,0.48,0.24,22.34,21.17,21.59,4
1264,23.77,41.7,400.0,682.0,0,1,0.85,0.82,0.02,0.386,23.93,23.52,23.89,2
1265,21.79,48.2,400.0,505.0,0,1,0.19,0.59,0.0,0.387,22.22,21.45,21.77,2
1266,24.77,40.9,442.0,671.0,1,0,0.6,0.95,0.73,0.275,25.51,23.97,24.36,2
1267,24.99,40.4,400.0,621.0,0,1,0.41,0.73,0.82,0.199,24.58,24.98,24.78,2
1268,20.96,40.6,573.0,643.0,1,1,0.1,0.86,0.62,0.167,21.33,22.99,21.38,2
1269,23.22,41.0,401.0,627.0,1,1,0.65,0.7,0.71,0.184,23.74,22.87,23.25,1
1270,23.71,48.4,615.0,393.0,1,1,0.48,0.21,0.31,0.385,23.24,22.86,24.23,2
1271,21.64,43.9,400.0,535.0,0,0,0.64,0.45,0.72,0.106,21.57,22.56,22.39,1
1272,24.93,54.7,400.0,319.0,0,1,0.73,0.74,0.31,0.293,24.18,25.24,24.68,2
1273,21.96,52.7,570.0,638.0,1,1,0.78,0.88,0.62,0.363,22.71,22.26,21.69,2
1274,23.37,56.9,400.0,648.0,0,1,0.96,0.36,0.39,0.269,22.79,23.37,23.6,1
1275,21.31,56.7,467.0,523.0,1,1,0.21,0.08,0.74,0.385,21.24,21.66,21.35,2
1276,20.16,54.5,687.0,433.0,1,1,0.46,0.86,0.48,0.298,20.28,19.99,20.18,2
1277,22.16,46.2,400.0,588.0,0,0,0.14,0.66,0.56,0.377,22.15,22.59,22.29,3
1278,22.45,43.0,653.0,532.0,1,1,0.75,0.19,0.91,0.342,21.9,22.12,22.05,4
1279,24.56,51.9,688.0,572.0,1,1,0.54,0.72,0.56,0.292,24.77,24.69,24.4,2
1280,21.13,55.8,639.0,554.0,1,1,0.87,0.66,0.45,0.2,20.69,19.77,21.14,2
1281,21.73,51.0,400.0,643.0,0,1,0.95,0.25,0.84,0.11,21.67,20.95,21.46,1
1282,20.97,43.8,472.0,606.0,1,1,0.82,0.24,0.86,0.359,20.28,21.05,20.83,3
1283,20.06,50.1,400.0,237.0,0,1,0.53,0.82,0.16,0.107,20.07,20.63,20.2,2
1284,22.01,59.1,468.0,617.0,1,0,0.33,0.96,0.53,0.385,22.56,22.44,21.6,2
1285,20.91,55.6,605.0,579.0,1,1,0.18,0.44,1.0,0.365,20.42,19.97,21.09,2
1286,23.21,44.5,400.0,500.0,0,1,0.17,0.81,0.13,0.39,23.23,23.02,23.16,2
1287,23.78,52.3,510.0,373.0,1,1,0.7,0.05,0.8,0.137,25.11,23.77,23.76,2
1288,21.05,59.1,485.0,459.0,1,1,0.59,0.48,0.7,0.305,20.96,21.86,21.16,2
1289,20.36,46.8,400.0,555.0,0,1,0.04,0.88,0.24,0.128,20.1,20.9,19.97,1
1290,23.94,46.1,400.0,221.0,0,0,0.02,0.75,0.26,0.31,23.72,23.41,24.0,2
1291,22.53,57.0,400.0,276.0,0,1,0.81,0.43,0.1,0.172,23.14,22.9,23.21,2
1292,24.81,49.8,571.0,292.0,1,1,0.65,0.78,0.45,0.379,24.17,24.88,24.33,2
1293,21.41,49.8,400.0,223.0,0,0,0.05,0.2,0.55,0.255,20.38,21.08,21.78,2
1294,23.65,45.3,400.0,559.0,0,1,0.61,0.91,0.7,0.391,23.99,23.45,23.36,2
1295,20.47,57.0,400.0,628.0,0,1,0.44,0.78,0.8,0.255,20.98,20.14,20.16,2
1296,23.81,40.9,541.0,666.0,1,0,0.62,0.58,0.88,0.338,24.78,23.63,23.88,3
1297,20.24,46.8,587.0,292.0,1,0,0.08,0.97,0.75,0.398,19.64,20.11,20.06,1
1298,23.05,49.8,400.0,561.0,0,0,0.15,0.13,0.3,0.249,23.26,23.86,23.02,2
1299,22.09,50.7,400.0,502.0,0,1,0.35,0.36,0.12,0.277,22.99,21.18,22.08,1
1300,21.02,42.6,531.0,505.0,1,1,0.21,0.03,0.1,0.2,20.62,21.17,21.54,2
1301,24.38,56.6,400.0,514.0,0,0,0.59,0.27,0.27,0.169,24.44,25.32,24.37,3
1302,22.28,50.6,504.0,623.0,1,0,0.66,0.17,0.35,0.326,21.28,22.14,22.29,1
1303,23.03,55.1,586.0,252.0,1,1,0.11,0.09,0.75,0.293,23.98,23.16,23.64,2
1304,23.5,58.4,485.0,657.0,1,1,0.75,0.67,0.45,0.33,23.43,24.34,23.33,2
1305,21.05,54.0,475.0,250.0,1,0,0.16,0.39,0.22,0.286,21.06,19.89,21.08,1
1306,20.63,49.9,400.0,506.0,0,0,0.37,0.69,0.18,0.366,19.99,20.06,21.1,3
1307,21.43,48.1,400.0,446.0,0,1,0.47,0.02,0.19,0.331,22.19,21.68,21.35,0
1308,21.5,43.9,400.0,622.0,0,0,0.47,0.44,0.43,0.377,21.63,21.59,21.62,4
1309,20.28,41.6,647.0,295.0,1,1,0.41,0.08,0.3,0.331,20.66,21.55,20.33,1
1310,23.0,57.1,636.0,639.0,1,0,0.35,0.64,0.56,0.166,22.93,21.68,23.69,3
1311,24.0,58.7,400.0,224.0,0,1,0.55,0.9,0.61,0.309,24.21,22.78,24.23,3
1312,21.53,47.0,633.0,501.0,1,0,0.64,0.98,0.74,0.28,21.86,21.26,21.35,1
1313,23.58,41.0,511.0,491.0,1,1,0.13,0.96,0.47,0.248,23.77,22.35,23.95,2
1314,23.32,53.6,494.0,620.0,1,1,0.72,0.05,0.17,0.115,23.9,23.33,23.46,2
1315,20.05,42.6,480.0,609.0,1,1,0.3,0.55,0.12,0.256,21.11,19.82,20.18,1
1316,21.19,40.8,400.0,543.0,0,0,0.13,0.76,0.11,0.249,21.16,20.97,20.96,2
1317,21.34,47.0,400.0,682.0,0,1,0.39,0.65,0.87,0.325,21.22,21.86,21.34,2
1318,22.27,53.8,650.0,296.0,1,0,0.01,0.04,0.89,0.108,21.57,21.05,22.29,0
1319,20.92,50.3,400.0,615.0,0,1,0.9,0.4,0.91,0.145,20.4,21.38,20.86,2
1320,24.17,55.1,400.0,422.0,0,0,0.64,0.03,0.14,0.285,24.52,23.99,23.98,3
1321,21.93,57.1,654.0,351.0,1,1,0.44,0.99,0.33,0.279,21.65,22.72,21.91,2
1322,20.24,55.7,418.0,290.0,1,1,0.6,0.82,0.44,0.291,19.7,21.7,19.92,3
1323,22.69,54.6,400.0,573.0,0,0,0.34,0.68,0.6,0.316,23.04,22.4,22.11,1
1324,21.46,55.7,565.0,225.0,1,0,0.97,0.54,0.32,0.309,21.46,21.7,21.24,2
1325,24.07,46.4,569.0,578.0,1,1,0.14,0.62,0.96,0.219,23.87,25.38,24.51,2
1326,23.22,51.4,400.0,590.0,0,0,0.36,0.79,0.71,0.244,22.91,23.68,23.03,3
1327,21.42,42.5,400.0,213.0,0,0,0.9,0.07,0.52,0.306,21.48,21.03,21.63,1
1328,20.13,41.7,657.0,209.0,1,0,0.73,0.32,0.46,0.166,20.41,20.27,20.37,2
1329,24.49,57.4,511.0,598.0,1,0,0.76,0.32,0.86,0.152,24.22,24.78,24.03,2
1330,21.11,42.7,576.0,425.0,1,0,0.77,0.9,0.28,0.313,21.55,21.45,21.06,1
1331,20.65,53.0,400.0,346.0,0,0,0.3,0.95,0.27,0.299,20.73,20.1,20.88,3
1332,21.5,59.6,560.0,542.0,1,1,0.87,0.52,0.33,0.351,23.29,21.36,21.44,2
1333,23.92,59.8,400.0,382.0,0,1,0.2,0.44,0.42,0.293,24.28,24.18,23.96,4
1334,21.59,41.7,400.0,669.0,0,1,0.42,0.67,0.82,0.38,22.1,20.69,21.82,2
1335,24.86,44.6,400.0,237.0,0,0,0.64,0.26,0.53,0.141,25.31,24.98,24.95,2
1336,24.91,44.8,400.0,604.0,0,0,0.0,0.72,0.98,0.275,25.63,26.14,24.64,2
1337,20.52,49.4,588.0,469.0,1,0,0.74,0.76,0.02,0.354,20.08,19.93,20.24,2
1338,23.64,51.2,667.0,351.0,1,0,0.35,0.9,0.83,0.12,24.2,22.89,23.85,2
1339,24.77,50.5,648.0,476.0,1,1,0.01,0.71,0.83,0.104,25.09,24.86,24.22,2
1340,20.74,41.9,400.0,295.0,0,1,0.26,0.89,0.78,0.343,21.47,20.41,20.96,2
1341,22.77,52.7,472.0,430.0,1,1,0.01,0.34,0.09,0.248,23.36,22.2,22.51,2
1342,20.54,53.0,603.0,586.0,1,0,0.38,0.89,0.7,0.124,20.27,20.76,20.24,3
1343,20.03,51.9,400.0,510.0,0,1,0.77,0.95,0.26,0.249,20.44,21.65,20.26,2
1344,22.86,52.2,400.0,660.0,0,0,0.83,0.69,0.69,0.343,22.89,23.47,22.97,2
1345,24.64,58.6,418.0,523.0,1,0,0.29,0.2,0.33,0.223,24.5,25.67,25.61,2
1346,24.78,57.6,400.0,411.0,0,0,0.04,0.23,0.21,0.193,25.44,23.9,24.97,1
1347,24.12,54.5,580.0,377.0,1,1,0.2,0.05,0.99,0.374,24.12,25.33,24.45,2
1348,21.44,41.4,400.0,282.0,0,0,0.49,0.4,0.72,0.26,21.71,20.76,21.84,2
1349,24.88,50.1,410.0,515.0,1,0,0.43,0.35,0.21,0.209,24.59,24.42,24.92,2
1350,22.32,46.2,400.0,650.0,0,1,0.7,0.29,0.65,0.239,21.9,24.08,22.16,2
1351,24.26,44.5,585.0,660.0,1,1,0.7,0.25,0.66,0.27,24.87,25.03,23.92,2
1352,21.31,57.4,400.0,621.0,0,0,0.5,0.56,0.38,0.117,20.99,22.65,21.43,2
1353,22.75,54.2,400.0,612.0,0,0,0.7,0.44,0.26,0.138,22.9,22.67,22.75,2
1354,20.97,45.5,400.0,236.0,0,0,0.18,0.56,0.36,0.136,21.99,20.61,21.5,2
1355,22.69,49.3,400.0,363.0,0,1,0.04,0.14,0.02,0.352,22.6,21.68,22.61,2
1356,20.56,57.4,545.0,402.0,1,0,0.23,0.56,0.25,0.27,20.95,20.16,20.75,3
1357,22.82,55.2,632.0,526.0,1,1,0.58,0.22,0.82,0.14,23.26,22.72,22.57,2
1358,23.51,54.3,583.0,438.0,1,0,0.92,0.33,0.15,0.344,23.03,24.48,24.05,2
1359,20.75,48.0,400.0,203.0,0,1,0.38,0.88,0.72,0.212,21.39,21.43,20.84,2
1360,24.53,46.1,400.0,699.0,0,1,0.28,0.08,0.44,0.28,24.58,24.62,24.6,1
1361,20.05,54.8,400.0,353.0,0,1,0.04,0.84,0.84,0.17,20.03,21.38,20.37,2
1362,20.22,53.3,400.0,383.0,0,1,0.25,0.19,0.0,0.338,21.26,21.94,20.25,2
1363,22.39,54.1,581.0,527.0,1,1,0.2,0.11,0.27,0.24,21.99,22.43,22.44,0
1364,20.04,54.7,519.0,592.0,1,1,0.26,0.61,0.05,0.142,20.76,18.95,19.71,3
1365,24.91,52.3,400.0,311.0,0,0,0.63,0.64,0.21,0.375,25.41,24.93,25.27,4
1366,23.7,44.3,488.0,503.0,1,0,0.22,0.64,0.53,0.105,23.36,23.42,23.23,4
1367,24.96,59.4,400.0,347.0,0,1,0.28,0.81,0.33,0.185,24.63,24.69,25.09,2
1368,21.07,58.1,400.0,450.0,0,0,1.0,0.92,0.23,0.271,21.81,21.39,20.91,2
1369,22.52,46.3,690.0,233.0,1,1,0.03,0.06,0.91,0.122,22.42,21.76,21.69,2
1370,23.94,40.6,400.0,541.0,0,0,0.29,0.5,0.61,0.117,24.13,24.26,24.0,1
1371,20.29,56.1,456.0,533.0,1,0,0.15,0.22,0.37,0.155,19.79,20.67,20.7,4
1372,23.94,49.7,489.0,515.0,1,0,0.81,0.12,0.07,0.347,24.39,23.56,24.22,2
1373,21.82,40.7,400.0,607.0,0,0,0.32,0.82,0.15,0.249,21.42,21.08,21.84,2
1374,22.75,50.2,400.0,523.0,0,0,0.56,0.63,0.97,0.122,22.53,22.8,23.01,2
1375,20.1,56.8,412.0,676.0,1,0,0.35,0.4,0.99,0.378,20.43,19.97,20.21,2
1376,21.09,42.2,552.0,442.0,1,1,0.37,0.84,0.63,0.359,21.26,19.76,21.04,1
1377,24.27,57.8,558.0,630.0,1,1,0.61,0.24,0.18,0.264,24.75,25.27,24.05,2
1378,22.2,44.7,400.0,204.0,0,1,0.22,0.57,0.37,0.293,22.04,23.52,21.77,2
1379,24.04,45.3,400.0,364.0,0,0,0.48,0.72,0.58,0.323,23.88,24.79,24.08,2
1380,24.93,55.0,400.0,445.0,0,0,0.32,0.43,0.18,0.112,24.02,26.69,25.03,2
1381,24.04,47.2,400.0,489.0,0,1,0.03,0.55,0.64,0.315,24.63,24.4,24.1,3
1382,22.24,40.6,440.0,679.0,1,1,0.09,0.22,0.11,0.119,22.21,21.67,21.96,2
1383,20.35,52.9,400.0,667.0,0,1,0.66,0.33,0.47,0.213,21.06,19.27,19.9,2
1384,20.06,41.1,400.0,595.0,0,1,0.47,0.26,0.81,0.309,20.46,20.17,19.68,2
1385,21.31,47.4,400.0,390.0,0,0,0.02,0.88,0.24,0.377,21.62,22.37,21.58,2
1386,21.24,54.7,531.0,609.0,1,0,0.36,0.63,0.99,0.233,21.7,22.62,21.28,2
1387,24.21,41.6,400.0,204.0,0,1,0.07,0.71,0.57,0.161,24.38,25.27,24.09,3
1388,23.7,57.8,686.0,331.0,1,1,0.11,0.42,0.88,0.224,23.6,23.66,23.74,2
1389,21.17,55.2,416.0,414.0,1,1,0.36,0.89,0.08,0.366,21.17,20.75,21.08,1
1390,22.41,45.5,629.0,463.0,1,1,0.36,0.37,0.88,0.242,22.25,23.88,22.61,2
1391,22.2,51.2,546.0,557.0,1,1,0.77,0.4,0.41,0.124,22.12,22.48,22.08,1
1392,20.94,44.4,599.0,435.0,1,1,0.22,0.76,0.69,0.322,20.51,20.51,20.85,1
1393,20.39,50.4,692.0,517.0,1,0,0.31,0.62,0.18,0.268,20.79,20.75,20.38,2
1394,20.91,52.5,498.0,281.0,1,0,0.81,0.51,0.45,0.308,20.8,21.55,20.37,2
1395,23.2,41.8,474.0,540.0,1,1,0.4,0.58,0.15,0.146,22.92,24.63,23.37,2
1396,22.96,45.1,400.0,214.0,0,1,0.73,0.02,0.72,0.128,23.24,23.2,22.78,2
1397,22.1,42.8,622.0,528.0,1,1,0.05,0.74,0.67,0.202,22.13,21.35,22.51,2
1398,21.48,48.3,400.0,509.0,0,1,0.71,0.16,0.82,0.277,20.98,20.43,21.31,2
1399,23.45,40.3,400.0,657.0,0,0,0.88,0.23,0.31,0.342,23.97,24.74,23.17,2
1400,20.4,53.5,666.0,514.0,1,1,0.18,0.81,0.9,0.283,20.5,19.11,20.21,3
1401,23.14,47.0,400.0,606.0,0,1,0.65,0.77,0.55,0.181,22.57,23.68,22.87,2
1402,23.41,42.2,400.0,239.0,0,1,0.47,0.44,0.31,0.252,23.55,22.64,23.57,1
1403,21.96,50.8,580.0,201.0,1,0,0.02,0.03,0.68,0.236,22.38,22.75,22.12,2
1404,21.12,59.1,432.0,238.0,1,0,0.93,0.47,0.25,0.278,21.34,20.93,20.81,1
1405,24.43,47.2,436.0,212.0,1,1,0.75,0.38,0.12,0.353,24.27,25.44,24.73,1
1406,20.85,40.7,400.0,693.0,0,1,0.13,0.66,0.87,0.299,20.21,20.03,20.75,3
1407,22.77,56.6,624.0,508.0,1,0,0.18,0.56,0.58,0.13,23.45,22.12,22.79,2
1408,20.39,53.5,496.0,401.0,1,1,0.58,0.91,0.42,0.367,21.36,19.87,20.27,4
1409,23.26,56.9,613.0,426.0,1,1,0.36,0.7,0.05,0.267,23.46,23.69,22.89,1
1410,20.97,45.0,406.0,547.0,1,0,0.57,0.56,0.92,0.17,21.48,21.89,20.88,2
1411,21.77,40.7,576.0,461.0,1,1,0.59,0.86,0.42,0.272,21.77,21.09,21.87,2
1412,23.74,51.7,425.0,477.0,1,0,0.47,0.18,0.99,0.18,24.81,23.82,23.5,0
1413,20.71,50.8,400.0,407.0,0,1,0.38,0.64,0.38,0.295,21.44,20.93,20.93,2
1414,22.03,40.8,482.0,458.0,1,0,0.85,0.87,0.55,0.334,22.87,23.3,22.62,2
1415,22.16,52.3,519.0,361.0,1,0,0.86,0.05,0.97,0.369,22.72,23.79,22.21,2
1416,22.51,55.7,400.0,367.0,0,1,0.82,0.33,0.52,0.171,23.3,22.97,21.98,2
1417,22.79,48.0,400.0,495.0,0,1,0.25,0.65,0.06,0.336,21.96,22.35,22.37,2
1418,23.36,42.3,400.0,566.0,0,1,0.02,0.54,0.18,0.394,22.97,24.19,23.75,2
1419,20.04,55.4,578.0,353.0,1,0,0.88,0.46,0.11,0.16,21.15,19.44,20.35,3
1420,24.54,40.8,407.0,284.0,1,1,0.87,0.12,0.28,0.324,24.0,24.73,24.85,2
1421,21.54,47.4,476.0,275.0,1,1,0.66,0.2,0.11,0.389,21.6,22.0,21.29,2
1422,20.98,44.6,400.0,423.0,0,1,0.68,0.61,0.22,0.186,19.72,22.08,20.67,4
1423,23.0,40.1,400.0,385.0,0,1,0.07,0.43,0.45,0.251,22.08,23.04,22.75,2
1424,22.61,56.1,404.0,509.0,1,1,0.33,0.65,0.13,0.367,22.58,22.69,22.38,2
1425,22.03,41.8,400.0,581.0,0,1,0.03,0.71,1.0,0.274,21.76,22.71,22.02,2
1426,22.58,44.2,400.0,493.0,0,1,0.01,0.89,0.03,0.281,21.96,22.72,22.91,2
1427,22.45,47.7,527.0,444.0,1,0,0.74,0.86,0.8,0.145,22.39,23.57,23.19,2
1428,20.47,44.9,642.0,501.0,1,0,0.03,0.65,0.37,0.375,20.35,20.68,20.92,1
1429,21.7,42.7,400.0,623.0,0,1,0.57,0.95,0.2,0.255,22.52,21.07,21.61,2
1430,20.19,58.9,548.0,563.0,1,1,0.75,0.68,0.84,0.293,19.37,20.01,20.31,2
1431,20.54,40.1,400.0,350.0,0,0,0.05,0.85,0.63,0.218,20.64,20.38,20.55,3
1432,20.09,44.8,691.0,256.0,1,1,0.89,0.39,0.72,0.283,19.48,21.15,19.63,2
1433,22.3,40.2,612.0,546.0,1,1,0.16,0.44,0.45,0.329,22.02,20.19,22.78,2
1434,22.57,49.1,400.0,303.0,0,1,0.58,0.46,0.4,0.119,22.81,21.93,22.54,2
1435,21.51,43.0,621.0,488.0,1,0,0.86,0.03,0.2,0.235,21.83,20.85,21.4,2
1436,24.89,43.4,400.0,627.0,0,0,0.51,0.98,0.4,0.194,25.12,24.89,24.73,2
1437,20.4,40.6,580.0,355.0,1,1,0.02,0.41,0.48,0.393,20.09,19.8,20.59,2
1438,23.64,43.8,400.0,436.0,0,1,0.25,0.55,0.35,0.275,23.46,23.49,24.12,2
1439,23.48,46.4,400.0,248.0,0,1,0.36,0.76,0.49,0.239,23.92,23.54,23.93,2
1440,21.18,48.2,630.0,645.0,1,1,0.49,0.35,0.18,0.198,21.45,22.55,21.29,1
1441,22.0,44.2,400.0,574.0,0,0,0.7,0.56,0.0,0.223,22.22,23.25,22.17,0
1442,22.44,42.5,697.0,500.0,1,0,0.07,0.56,0.63,0.367,22.72,23.36,22.4,2
1443,23.43,57.0,400.0,607.0,0,0,0.5,0.04,0.81,0.176,22.86,23.63,23.33,2
1444,21.02,50.4,400.0,608.0,0,1,0.45,0.22,0.15,0.207,21.02,21.76,20.66,3
1445,23.46,59.5,400.0,292.0,0,1,0.89,0.73,0.05,0.314,24.05,22.95,23.31,2
1446,20.8,40.2,442.0,698.0,1,0,0.42,0.05,0.59,0.104,20.1,20.68,20.92,3
1447,21.07,41.3,400.0,439.0,0,1,0.68,0.39,0.52,0.299,21.08,21.44,20.88,1
1448,22.08,52.7,477.0,234.0,1,1,0.41,0.71,0.12,0.296,21.68,21.64,22.58,2
1449,23.94,44.7,536.0,540.0,1,0,0.55,0.54,0.74,0.192,24.21,24.68,24.18,1
1450,23.73,47.1,572.0,490.0,1,1,0.0,0.64,0.22,0.339,23.55,22.06,23.46,2
1451,21.5,58.7,494.0,241.0,1,0,0.83,0.31,0.49,0.235,21.7,21.19,21.93,2
1452,24.4,49.4,527.0,425.0,1,1,0.1,0.67,0.92,0.222,24.46,23.19,24.49,2
1453,22.05,55.8,563.0,631.0,1,1,0.83,0.26,0.2,0.199,21.57,22.31,22.21,2
1454,22.26,48.0,400.0,662.0,0,0,0.67,0.35,0.89,0.211,21.97,21.67,22.26,3
1455,21.64,42.8,608.0,618.0,1,1,0.13,0.72,0.13,0.209,22.07,22.18,21.57,2
1456,21.64,47.6,400.0,272.0,0,1,0.1,0.35,0.38,0.231,21.29,21.75,21.58,2
1457,24.31,47.3,498.0,693.0,1,0,0.75,0.25,0.29,0.344,24.89,24.46,24.33,2
1458,23.87,52.9,400.0,582.0,0,0,0.12,0.46,0.85,0.196,24.35,23.79,23.46,2
1459,22.17,57.1,520.0,534.0,1,1,0.65,0.63,0.7,0.209,22.28,20.03,22.15,1
1460,20.08,49.4,629.0,432.0,1,0,0.12,0.82,0.92,0.245,19.88,19.01,20.26,2
1461,20.04,50.3,636.0,299.0,1,0,0.69,0.55,0.08,0.223,20.9,20.34,20.2,2
1462,23.56,46.0,655.0,297.0,1,1,0.75,0.29,0.91,0.382,23.19,23.17,23.72,2
1463,21.63,49.2,400.0,412.0,0,0,0.09,0.18,0.51,0.295,22.03,20.68,21.71,3
1464,24.83,56.7,400.0,414.0,0,0,0.27,0.46,0.25,0.15,24.28,25.18,24.6,3
1465,24.44,57.9,400.0,339.0,0,0,0.6,0.97,0.87,0.24,23.83,24.93,24.9,2
1466,24.68,47.5,418.0,211.0,1,1,0.55,0.64,0.89,0.343,25.25,25.12,25.21,3
1467,21.7,50.2,400.0,552.0,0,1,0.76,0.4,0.6,0.194,22.43,20.56,21.59,1
1468,22.31,53.2,597.0,375.0,1,0,0.36,0.05,0.76,0.179,22.85,22.59,22.02,2
1469,22.62,49.1,554.0,628.0,1,0,0.16,0.52,0.9,0.301,23.2,21.49,23.08,2
1470,22.3,43.7,400.0,515.0,0,1,0.6,0.97,0.53,0.37,21.58,21.66,22.15,2
1471,20.87,47.9,400.0,534.0,0,0,0.47,0.6,0.13,0.359,21.66,20.66,20.39,4
1472,24.58,43.0,482.0,466.0,1,0,0.07,0.64,0.45,0.137,24.04,24.54,24.56,3
1473,24.38,50.9,400.0,219.0,0,1,0.01,0.56,0.38,0.375,24.38,24.63,24.63,3
1474,22.05,58.1,400.0,315.0,0,0,0.9,0.22,0.08,0.305,21.97,21.39,22.17,2
1475,23.21,40.9,400.0,557.0,0,1,0.13,0.66,0.28,0.311,23.33,22.73,22.95,2
1476,24.52,56.1,567.0,209.0,1,1,0.19,0.98,0.28,0.114,24.84,22.89,24.57,2
1477,21.43,41.6,400.0,367.0,0,0,0.34,0.85,0.15,0.344,21.08,21.2,21.31,3
1478,21.34,53.8,400.0,568.0,0,1,0.56,0.38,0.67,0.393,20.15,21.11,21.32,4
1479,21.85,41.4,486.0,379.0,1,0,0.23,0.52,0.6,0.173,21.5,20.99,21.55,2
1480,23.42,54.5,630.0,446.0,1,1,0.71,0.84,0.79,0.287,22.63,21.92,23.66,2
1481,22.93,54.0,400.0,678.0,0,1,0.62,0.71,0.77,0.32,23.07,23.71,22.88,2
1482,20.09,44.3,512.0,663.0,1,1,0.91,0.7,0.81,0.114,20.02,20.88,19.76,2
1483,22.45,53.9,615.0,620.0,1,0,0.13,0.65,0.44,0.201,23.16,23.42,22.39,2
1484,20.29,51.8,400.0,588.0,0,1,0.46,0.41,0.44,0.351,19.87,20.27,20.32,2
1485,20.61,45.9,692.0,337.0,1,1,0.42,0.78,0.76,0.355,21.22,19.41,19.87,3
1486,21.54,42.7,405.0,295.0,1,1,0.04,0.5,0.59,0.144,21.23,21.22,21.6,1
1487,23.48,52.5,400.0,396.0,0,0,0.44,0.44,0.98,0.14,24.49,24.08,23.71,2
1488,22.66,55.3,485.0,378.0,1,1,0.96,0.65,0.97,0.119,23.38,22.65,22.1,2
1489,20.26,49.5,400.0,610.0,0,1,0.62,0.88,0.99,0.273,19.06,20.43,20.54,2
1490,21.25,49.7,400.0,322.0,0,0,0.76,0.21,0.44,0.321,21.35,21.15,20.9,2
1491,20.59,42.1,400.0,615.0,0,1,0.37,0.05,0.29,0.149,21.19,19.88,20.34,1
1492,24.52,45.4,669.0,417.0,1,0,0.02,0.46,0.97,0.259,24.76,24.94,24.93,2
1493,23.2,57.9,400.0,424.0,0,0,0.6,0.33,0.26,0.193,23.08,22.09,23.36,2
1494,24.7,49.9,554.0,561.0,1,1,0.69,0.89,0.37,0.288,23.73,24.38,24.65,2
1495,23.43,41.8,558.0,690.0,1,1,0.23,0.72,0.8,0.205,22.96,22.44,23.43,1
1496,23.69,51.5,411.0,584.0,1,1,0.83,0.13,0.9,0.359,23.8,23.61,23.37,3
1497,22.28,48.5,400.0,491.0,0,0,0.31,0.28,0.3,0.236,21.16,23.3,22.3,2
1498,23.1,40.6,447.0,594.0,1,0,0.98,0.02,0.08,0.239,22.44,22.97,23.39,2
1499,24.43,58.3,581.0,253.0,1,0,0.57,0.11,0.47,0.122,24.62,25.11,24.21,3
1500,21.06,50.6,676.0,541.0,1,0,0.09,0.68,0.15,0.114,20.24,20.27,20.87,2
1501,21.78,40.2,532.0,620.0,1,0,0.84,0.21,0.14,0.146,22.2,20.37,21.44,1
1502,20.28,56.0,400.0,238.0,0,0,0.74,0.38,0.61,0.351,20.07,19.7,20.75,4
1503,21.4,49.3,400.0,522.0,0,0,0.98,0.1,0.59,0.241,20.87,22.57,21.13,2
1504,23.29,40.2,400.0,575.0,0,0,0.0,0.67,0.54,0.308,23.36,23.68,22.91,3
1505,21.03,54.5,400.0,574.0,0,1,0.46,1.0,0.81,0.298,20.82,19.83,21.34,2
1506,23.1,44.7,517.0,315.0,1,0,0.67,0.95,0.41,0.143,23.59,23.2,23.03,2
1507,21.71,59.3,400.0,401.0,0,0,0.43,0.03,0.74,0.312,22.14,20.84,21.81,3
1508,20.25,56.0,570.0,676.0,1,1,0.1,0.34,0.28,0.132,20.05,21.18,19.75,2
1509,24.83,45.4,560.0,432.0,1,0,0.38,0.68,0.93,0.331,24.71,23.57,25.39,4
1510,24.08,53.1,424.0,617.0,1,0,0.8,0.58,0.84,0.218,23.75,24.63,23.88,3
1511,23.12,55.3,400.0,647.0,0,0,0.61,0.91,0.07,0.215,22.18,24.9,22.88,2
1512,22.63,42.3,400.0,314.0,0,0,0.73,0.32,0.4,0.238,23.38,22.16,22.66,0
1513,21.33,52.0,620.0,615.0,1,0,0.74,0.42,0.78,0.257,21.78,22.36,21.56,2
1514,20.79,46.1,465.0,331.0,1,1,0.87,0.81,0.79,0.138,20.45,21.98,20.85,2
1515,23.24,44.4,667.0,562.0,1,1,0.51,0.94,0.03,0.182,22.9,22.41,22.88,2
1516,22.0,48.9,478.0,320.0,1,1,0.44,0.39,0.85,0.179,23.11,21.85,21.67,3
1517,23.24,53.5,649.0,450.0,1,0,0.3,0.34,0.41,0.174,23.05,22.99,23.44,2
1518,20.48,51.5,673.0,306.0,1,0,0.64,0.92,0.31,0.141,20.75,20.65,20.75,2
1519,20.24,56.5,412.0,314.0,1,0,0.12,0.96,0.19,0.3,20.37,20.31,20.33,2
1520,23.09,47.4,629.0,422.0,1,1,0.71,0.37,0.51,0.183,22.58,24.53,22.94,2
1521,21.09,44.7,400.0,601.0,0,0,0.63,0.41,0.67,0.346,21.34,19.41,21.5,4
1522,24.35,52.9,400.0,346.0,0,1,0.69,0.3,0.46,0.392,23.94,23.97,24.4,0
1523,20.7,51.8,400.0,328.0,0,0,0.87,0.81,0.77,0.208,20.44,20.6,20.67,2
1524,23.0,55.4,400.0,390.0,0,1,0.4,0.32,0.38,0.323,24.06,22.15,23.13,2
1525,20.43,55.2,400.0,624.0,0,1,0.44,0.57,0.61,0.128,20.79,19.31,20.43,2
1526,21.12,49.1,482.0,393.0,1,0,0.44,0.88,0.51,0.34,20.89,21.0,21.37,2
1527,24.33,53.9,400.0,544.0,0,0,0.73,0.31,0.85,0.271,24.65,23.45,24.21,3
1528,21.17,47.8,400.0,210.0,0,0,0.65,0.73,0.56,0.224,20.66,21.36,21.28,2
1529,20.72,54.0,668.0,222.0,1,1,0.81,0.25,0.45,0.18,22.05,21.31,20.78,2
1530,22.42,41.7,400.0,587.0,0,0,0.89,0.74,0.75,0.21,23.07,22.63,22.71,2
1531,24.69,56.3,687.0,423.0,1,1,0.66,0.33,0.52,0.116,24.0,23.98,25.04,4
1532,20.27,52.2,539.0,290.0,1,0,0.76,0.6,0.38,0.336,20.09,20.91,20.43,3
1533,20.43,55.3,400.0,260.0,0,1,0.48,0.72,0.13,0.101,21.33,22.1,19.91,2
1534,22.93,56.0,636.0,572.0,1,0,0.37,0.08,0.3,0.149,23.14,23.73,22.93,2
1535,23.63,46.6,400.0,613.0,0,0,0.36,0.51,0.7,0.118,24.11,23.43,23.35,0
1536,21.67,43.0,400.0,443.0,0,1,0.63,0.02,0.67,0.399,21.79,21.19,21.35,3
1537,24.19,48.8,400.0,223.0,0,1,0.02,0.78,0.99,0.298,24.4,24.06,24.18,2
1538,22.52,52.6,569.0,439.0,1,0,0.32,0.47,0.05,0.389,22.19,22.43,23.09,1
1539,20.18,44.2,400.0,297.0,0,0,0.76,0.06,0.43,0.131,20.34,21.37,20.11,1
1540,21.22,51.7,497.0,306.0,1,0,0.96,0.26,0.76,0.361,21.91,19.59,21.87,2
1541,22.47,50.9,400.0,459.0,0,0,0.12,0.01,0.41,0.116,22.28,21.29,22.27,2
1542,20.86,46.3,407.0,332.0,1,1,0.45,0.92,0.37,0.177,20.3,20.42,20.73,2
1543,24.01,55.8,572.0,682.0,1,0,0.98,0.88,0.64,0.175,24.48,24.36,22.98,3
1544,21.25,57.5,400.0,399.0,0,1,0.59,0.43,0.41,0.195,21.54,21.08,21.37,2
1545,23.56,46.1,623.0,234.0,1,0,0.4,0.96,0.43,0.195,23.45,23.77,24.05,2
1546,23.02,52.7,400.0,617.0,0,0,0.05,0.82,0.44,0.355,22.62,23.0,22.87,2
1547,20.57,57.4,595.0,615.0,1,0,0.9,0.62,0.89,0.288,20.13,19.94,20.09,3
1548,22.16,44.1,471.0,624.0,1,0,0.76,0.92,0.8,0.37,22.07,21.52,21.79,1
1549,23.07,52.6,400.0,695.0,0,1,0.67,0.51,0.78,0.33,22.48,24.39,23.29,2
1550,23.34,57.2,535.0,643.0,1,0,0.52,0.26,0.74,0.149,23.11,22.36,23.07,1
1551,23.46,55.1,592.0,297.0,1,0,0.95,0.69,0.65,0.267,23.32,24.08,23.07,2
1552,23.42,52.4,521.0,665.0,1,1,0.87,0.28,0.52,0.35,22.59,23.52,23.09,2
1553,20.54,41.9,688.0,527.0,1,0,0.51,0.95,0.83,0.258,20.92,21.03,20.48,3
1554,21.67,42.6,400.0,364.0,0,0,0.5,0.51,0.72,0.211,21.17,21.09,21.2,2
1555,20.93,60.0,618.0,401.0,1,0,0.5,0.86,0.92,0.266,21.34,21.19,21.19,2
1556,21.56,58.4,400.0,613.0,0,0,0.43,0.59,0.09,0.376,21.44,20.3,21.98,1
1557,24.8,54.9,498.0,664.0,1,1,0.83,0.43,0.16,0.378,24.62,23.1,24.84,2
1558,20.94,46.8,400.0,320.0,0,1,0.9,0.86,0.3,0.245,21.17,20.95,20.77,2
1559,23.22,45.7,433.0,299.0,1,1,0.2,0.4,0.45,0.377,23.15,22.61,23.09,2
1560,20.69,55.2,400.0,210.0,0,0,0.6,0.86,0.64,0.206,20.61,19.4,21.38,1
1561,21.22,53.6,400.0,410.0,0,1,0.69,0.67,0.75,0.146,21.16,20.26,20.83,2
1562,20.19,47.8,400.0,220.0,0,0,0.67,0.08,0.71,0.334,20.49,19.0,20.18,3
1563,24.62,60.0,605.0,362.0,1,0,0.44,0.83,0.51,0.285,24.3,25.24,24.42,3
1564,21.13,55.1,400.0,589.0,0,0,0.05,0.58,0.15,0.314,21.66,21.43,21.25,2
1565,23.14,56.7,680.0,406.0,1,1,0.02,0.41,0.58,0.185,22.74,22.93,23.05,2
1566,23.42,44.0,551.0,268.0,1,0,0.64,0.01,0.25,0.307,23.71,22.25,23.46,2
1567,20.33,46.7,400.0,344.0,0,0,0.94,0.16,0.58,0.211,20.1,20.38,20.16,1
1568,23.92,58.1,432.0,474.0,1,0,0.77,0.23,0.61,0.314,23.97,23.93,24.22,3
1569,20.5,50.6,460.0,699.0,1,1,0.38,0.06,0.38,0.347,20.78,21.39,20.39,2
1570,20.98,40.9,532.0,527.0,1,0,0.05,0.67,0.01,0.301,20.85,22.43,20.96,2
1571,23.17,55.9,411.0,461.0,1,1,0.29,0.32,0.51,0.167,22.71,21.62,22.95,2
1572,20.69,44.4,503.0,691.0,1,1,0.38,0.2,0.56,0.305,20.73,20.72,21.0,2
1573,24.66,50.2,400.0,261.0,0,1,0.94,0.21,0.22,0.352,24.45,24.29,24.28,1
1574,24.29,47.9,680.0,425.0,1,1,0.17,0.1,0.45,0.346,23.79,23.9,24.01,1
1575,22.1,46.1,612.0,695.0,1,0,0.1,0.16,0.64,0.291,21.45,22.75,22.37,3
1576,24.82,49.7,400.0,211.0,0,1,0.2,0.7,0.79,0.261,25.16,24.66,25.08,1
1577,21.25,49.5,593.0,529.0,1,0,0.05,0.16,0.32,0.244,21.57,21.85,21.0,2
1578,24.18,53.5,675.0,208.0,1,0,0.3,0.42,0.57,0.211,24.81,23.63,24.41,1
1579,23.61,44.3,400.0,294.0,0,0,0.39,0.18,0.17,0.241,23.19,23.66,23.82,2
1580,21.34,57.7,400.0,358.0,0,1,0.77,0.77,0.54,0.27,21.14,21.2,21.29,2
1581,21.71,59.1,400.0,562.0,0,1,0.61,0.71,0.24,0.142,21.54,21.76,21.67,4
1582,22.28,56.3,400.0,276.0,0,0,0.64,0.3,0.97,0.286,22.66,22.04,22.57,2
1583,23.2,45.5,400.0,602.0,0,1,0.85,0.55,0.35,0.201,23.14,23.87,23.38,1
1584,23.05,46.6,616.0,328.0,1,1,0.63,0.92,0.97,0.296,23.32,23.03,23.41,4
1585,20.83,45.5,400.0,563.0,0,1,0.41,0.91,0.21,0.276,21.01,20.74,20.04,3
1586,23.56,49.9,400.0,497.0,0,1,0.25,0.03,0.45,0.201,22.84,22.52,23.8,2
1587,20.25,50.1,481.0,257.0,1,1,0.81,0.18,0.04,0.202,19.89,18.94,19.84,2
1588,24.77,41.6,572.0,363.0,1,0,0.11,0.36,0.82,0.243,24.6,25.72,24.92,1
1589,24.04,53.8,400.0,675.0,0,1,0.57,0.88,0.33,0.318,23.72,24.75,23.36,2
1590,22.21,58.0,471.0,281.0,1,0,0.15,0.88,0.73,0.231,22.14,21.7,22.1,2
1591,24.76,43.8,400.0,369.0,0,0,0.62,0.38,0.09,0.193,25.18,24.03,25.16,2
1592,21.36,53.2,664.0,659.0,1,1,0.02,0.32,0.99,0.376,22.31,21.35,20.83,2
1593,24.45,48.5,400.0,442.0,0,1,0.17,0.61,0.04,0.243,23.93,24.74,24.59,1
1594,20.33,50.5,400.0,266.0,0,1,0.72,0.43,0.31,0.221,19.97,19.55,20.1,2
1595,24.03,48.4,400.0,559.0,0,0,0.83,0.97,0.34,0.131,23.33,23.15,23.96,3
1596,21.04,52.9,400.0,368.0,0,0,0.59,0.32,0.22,0.19,21.03,19.74,20.95,2
1597,21.6,49.8,635.0,413.0,1,1,0.71,0.17,0.07,0.114,22.18,20.35,21.94,2
1598,23.02,54.5,400.0,592.0,0,0,0.06,0.67,0.45,0.173,23.68,22.67,23.5,2
1599,24.48,53.1,608.0,335.0,1,1,0.87,0.43,0.27,0.1,24.64,24.44,24.42,4
1600,21.33,59.8,400.0,278.0,0,0,0.42,0.5,0.26,0.142,21.56,21.5,21.49,0
1601,21.9,58.6,400.0,631.0,0,1,0.56,0.35,0.55,0.16,22.27,22.42,21.98,2
1602,22.65,46.4,663.0,376.0,1,0,0.55,0.5,0.82,0.369,22.32,23.52,22.86,3
1603,24.68,58.2,667.0,444.0,1,1,0.99,0.35,0.23,0.268,24.77,24.85,24.56,2
1604,20.01,43.5,670.0,371.0,1,0,0.26,0.09,0.28,0.247,19.62,19.89,20.36,2
1605,22.13,45.8,400.0,681.0,0,1,0.49,0.75,0.14,0.365,21.57,21.95,22.43,3
1606,23.58,49.9,524.0,651.0,1,0,0.97,0.15,0.15,0.324,24.09,23.81,23.85,0
1607,23.14,43.1,400.0,365.0,0,0,0.13,0.74,0.87,0.154,23.68,23.65,23.24,2
1608,20.62,54.3,400.0,545.0,0,1,0.38,0.96,0.31,0.127,20.75,20.79,20.52,2
1609,21.67,58.1,400.0,355.0,0,1,0.39,0.35,0.34,0.209,20.96,22.51,21.36,3
1610,22.33,42.3,400.0,626.0,0,1,0.1,0.26,0.34,0.228,22.51,22.49,21.87,0
1611,22.14,47.2,478.0,397.0,1,1,0.43,0.79,0.87,0.162,21.9,22.42,21.47,2
1612,21.0,41.5,400.0,409.0,0,0,0.34,0.03,0.77,0.101,20.77,19.84,21.2,2
1613,20.8,42.0,400.0,250.0,0,0,0.44,0.95,0.09,0.349,21.86,20.91,21.13,2
1614,23.73,55.8,400.0,484.0,0,1,0.37,0.95,0.73,0.158,23.84,24.78,24.02,0
1615,20.3,44.7,485.0,592.0,1,1,0.2,0.01,0.03,0.361,20.72,19.34,20.18,3
1616,22.78,51.5,495.0,347.0,1,1,0.77,0.28,0.09,0.119,23.37,22.37,22.52,2
1617,23.08,51.4,452.0,434.0,1,1,0.34,0.52,0.52,0.321,22.91,24.13,22.83,0
1618,21.89,58.1,400.0,201.0,0,0,0.96,0.58,0.27,0.211,22.85,21.47,22.37,2
1619,24.2,44.8,400.0,569.0,0,1,0.97,0.83,0.15,0.175,23.92,24.66,24.41,1
1620,22.98,47.3,548.0,642.0,1,1,0.59,0.46,0.44,0.158,22.92,21.73,23.3,1
1621,20.38,53.4,562.0,480.0,1,0,0.66,0.99,0.95,0.15,20.99,18.79,20.03,2
1622,22.0,53.2,697.0,521.0,1,1,0.12,0.38,0.86,0.236,22.36,22.6,22.06,1
1623,21.67,58.5,665.0,406.0,1,1,0.37,0.05,0.05,0.318,22.09,20.04,21.28,3
1624,23.51,44.1,400.0,206.0,0,1,0.22,0.13,0.06,0.391,23.32,24.05,23.49,3
1625,25.0,49.8,567.0,557.0,1,1,0.72,0.73,0.1,0.334,24.75,25.12,25.36,2
1626,22.99,56.9,400.0,566.0,0,0,0.6,0.88,0.54,0.245,22.39,22.76,22.39,2
1627,21.65,53.7,400.0,569.0,0,0,0.38,0.34,0.61,0.165,21.47,22.79,21.29,2
1628,21.71,58.3,400.0,298.0,0,1,0.9,0.01,0.27,0.346,21.57,22.26,21.81,1
1629,23.59,48.1,400.0,304.0,0,1,0.55,0.53,0.42,0.338,23.58,23.36,23.77,4
1630,24.76,59.2,400.0,208.0,0,0,0.94,0.83,0.39,0.272,24.65,23.37,24.5,3
1631,24.9,46.9,400.0,381.0,0,0,0.76,0.35,0.79,0.146,25.44,25.52,24.11,2
1632,24.73,44.8,601.0,334.0,1,1,0.97,0.46,0.11,0.366,25.64,24.19,24.6,2
1633,20.3,59.0,541.0,456.0,1,1,0.69,0.69,0.6,0.226,19.6,20.51,20.01,3
1634,20.28,43.6,421.0,514.0,1,0,0.64,0.93,0.86,0.253,21.09,20.6,20.79,2
1635,24.11,46.8,400.0,417.0,0,0,0.06,0.85,0.53,0.131,24.17,23.57,23.84,2
1636,22.15,59.6,442.0,684.0,1,0,0.1,0.38,0.61,0.231,22.8,21.31,21.79,2
1637,22.06,58.9,575.0,524.0,1,0,0.8,0.58,0.19,0.153,22.08,22.38,21.91,2
1638,23.94,45.5,400.0,352.0,0,1,0.26,0.37,0.8,0.12,24.15,24.32,23.51,2
1639,21.41,54.0,400.0,393.0,0,0,0.72,0.57,0.1,0.376,21.06,21.1,21.52,2
1640,20.45,45.7,400.0,598.0,0,1,0.25,0.05,0.11,0.134,20.71,19.24,20.55,3
1641,24.59,52.3,591.0,668.0,1,0,0.41,0.43,0.01,0.345,24.5,25.56,24.71,2
1642,21.57,43.7,536.0,658.0,1,1,0.66,0.55,0.69,0.207,20.84,21.46,21.34,2
1643,23.05,53.8,400.0,502.0,0,0,0.83,0.79,0.48,0.168,23.41,22.39,23.39,2
1644,21.9,44.2,458.0,470.0,1,0,0.67,0.8,0.25,0.164,22.42,20.02,21.51,3
1645,23.78,43.1,400.0,322.0,0,1,0.18,0.74,0.36,0.328,23.99,24.1,24.09,2
1646,21.2,55.7,400.0,588.0,0,0,0.33,0.29,0.74,0.389,21.15,20.99,21.0,2
1647,24.04,49.4,400.0,633.0,0,1,0.57,0.46,0.65,0.221,22.42,25.6,23.94,3
1648,24.77,53.6,400.0,420.0,0,1,0.27,0.5,0.22,0.149,24.35,24.87,25.01,2
1649,23.6,42.8,509.0,225.0,1,0,0.48,0.24,0.46,0.246,23.5,23.35,24.08,2
1650,22.36,57.2,530.0,512.0,1,0,0.66,0.54,0.85,0.341,21.83,22.03,22.15,1
1651,23.26,58.6,400.0,488.0,0,1,0.62,0.4,0.02,0.228,23.3,23.33,23.02,2
1652,21.73,50.9,400.0,455.0,0,0,0.59,0.68,0.38,0.337,21.68,21.34,21.61,2
1653,24.63,57.3,410.0,271.0,1,0,0.37,0.07,0.57,0.389,24.73,25.14,24.73,1
1654,20.17,44.5,400.0,320.0,0,1,0.33,0.31,0.57,0.359,21.3,20.05,20.43,2
1655,20.6,52.0,523.0,275.0,1,1,0.7,0.05,0.55,0.364,20.56,19.86,20.33,1
1656,24.39,41.7,431.0,430.0,1,1,0.02,0.38,0.77,0.345,23.91,24.91,24.66,2
1657,24.29,58.4,400.0,504.0,0,0,0.46,0.38,0.21,0.18,24.82,23.42,24.33,1
1658,23.99,43.5,400.0,366.0,0,0,0.35,0.43,0.89,0.134,23.46,25.38,23.71,2
1659,22.99,57.1,400.0,623.0,0,1,0.11,0.88,0.94,0.375,22.97,22.18,22.96,2
1660,22.42,51.5,678.0,455.0,1,1,0.41,0.65,0.28,0.323,22.07,23.09,22.29,2
1661,22.32,45.0,414.0,399.0,1,0,0.65,0.05,0.26,0.205,22.38,23.51,22.27,4
1662,21.63,55.2,627.0,506.0,1,0,0.41,0.99,0.06,0.197,20.74,20.76,21.99,2
1663,24.89,57.1,512.0,647.0,1,1,0.12,0.64,0.57,0.294,24.76,24.61,25.2,2
1664,20.49,51.6,400.0,451.0,0,0,0.46,0.32,0.66,0.218,20.05,20.94,20.32,2
1665,22.4,44.3,402.0,541.0,1,0,0.49,0.46,0.6,0.278,23.08,21.43,22.49,2
1666,21.41,51.0,400.0,563.0,0,1,0.83,0.66,0.91,0.134,21.18,22.66,21.27,2
1667,20.66,54.7,400.0,505.0,0,1,0.54,0.54,0.71,0.113,20.96,19.06,20.45,1
1668,21.34,57.7,438.0,606.0,1,1,0.83,0.31,0.44,0.159,21.27,21.67,21.81,3
1669,20.74,40.9,554.0,441.0,1,1,0.06,0.71,0.67,0.185,20.12,20.99,20.3,2
1670,23.12,57.0,400.0,533.0,0,0,0.33,0.97,0.27,0.368,23.33,23.98,22.94,2
1671,24.13,49.1,400.0,286.0,0,0,0.05,0.54,0.43,0.364,24.95,24.82,24.27,0
1672,21.16,59.7,400.0,698.0,0,0,0.83,0.84,0.1,0.318,21.62,21.5,21.26,3
1673,20.39,58.8,448.0,368.0,1,0,0.83,0.42,0.67,0.306,20.3,20.2,20.25,2
1674,23.66,50.1,673.0,452.0,1,0,0.54,0.71,0.61,0.178,22.64,24.35,23.64,2
1675,21.18,41.0,400.0,223.0,0,0,0.98,0.81,0.31,0.261,22.12,20.04,21.28,3
1676,23.87,57.3,470.0,509.0,1,1,0.52,0.4,0.56,0.385,23.84,24.72,23.78,2
1677,23.5,42.5,400.0,246.0,0,0,0.37,0.67,0.29,0.117,22.9,23.47,24.05,4
1678,23.8,54.5,580.0,248.0,1,0,0.02,0.97,0.21,0.398,24.15,23.02,23.25,2
1679,23.64,51.2,543.0,237.0,1,0,0.61,0.77,0.19,0.282,23.62,23.16,24.21,2
1680,21.66,53.6,400.0,468.0,0,1,0.2,0.88,0.06,0.303,22.5,22.25,21.77,3
1681,22.36,47.7,658.0,478.0,1,0,0.39,0.4,0.97,0.358,22.58,22.15,21.9,2
1682,24.69,42.0,596.0,480.0,1,1,0.02,0.89,0.13,0.186,24.6,25.23,24.22,2
1683,24.58,59.7,524.0,526.0,1,1,0.84,0.83,0.56,0.361,24.09,25.2,24.13,1
1684,24.78,47.5,400.0,536.0,0,0,0.88,0.7,0.39,0.191,24.87,25.16,24.65,0
1685,24.34,56.2,400.0,607.0,0,0,0.26,0.95,0.9,0.22,24.56,24.41,24.73,2
1686,24.12,52.2,622.0,579.0,1,0,0.3,0.38,0.1,0.316,24.1,24.28,24.14,3
1687,23.62,46.1,547.0,262.0,1,1,0.07,0.34,0.44,0.218,23.43,23.42,23.93,3
1688,21.39,48.5,456.0,494.0,1,0,0.2,0.47,0.53,0.22,22.04,20.6,21.03,2
1689,22.77,42.7,400.0,697.0,0,1,0.14,0.87,0.74,0.16,23.32,22.37,23.04,3
1690,21.72,41.2,400.0,688.0,0,0,0.78,0.49,0.94,0.167,21.66,21.42,22.47,2
1691,24.13,51.3,625.0,459.0,1,1,0.09,0.15,0.41,0.163,24.6,25.46,24.24,2
1692,23.54,43.0,400.0,458.0,0,1,0.04,0.16,0.59,0.103,24.28,23.32,23.76,2
1693,24.81,52.4,400.0,572.0,0,1,0.35,0.84,0.18,0.357,24.55,25.5,24.62,1
1694,23.52,47.9,450.0,528.0,1,1,0.18,0.99,0.83,0.356,22.88,24.4,23.72,2
1695,23.46,59.4,410.0,532.0,1,0,0.91,0.86,0.6,0.332,23.46,24.62,23.78,1
1696,22.56,45.7,483.0,583.0,1,1,0.78,0.31,0.59,0.31,22.85,22.65,23.05,2
1697,23.48,43.3,400.0,308.0,0,1,0.58,0.66,0.48,0.186,24.33,23.53,23.53,1
1698,20.89,47.7,528.0,527.0,1,0,0.25,0.65,0.22,0.182,21.86,20.66,21.04,3
1699,20.56,57.7,400.0,406.0,0,1,0.07,0.66,0.04,0.218,20.22,20.2,20.46,0
1700,20.27,40.6,400.0,387.0,0,1,0.46,0.27,0.61,0.162,19.9,19.62,20.33,3
1701,21.61,54.7,689.0,246.0,1,0,0.84,0.82,0.51,0.37,21.85,20.72,22.1,2
1702,21.83,55.3,476.0,231.0,1,1,0.69,0.02,0.71,0.14,22.38,21.64,22.23,3
1703,24.55,59.8,491.0,427.0,1,0,0.58,0.52,0.26,0.108,24.51,24.5,24.63,1
1704,23.11,50.2,400.0,539.0,0,1,0.02,0.7,0.82,0.33,23.05,23.53,23.39,2
1705,22.83,53.7,617.0,647.0,1,1,0.19,0.75,0.64,0.27,22.66,23.0,22.9,2
1706,21.74,46.6,400.0,257.0,0,1,0.34,0.21,0.89,0.228,22.81,21.58,21.51,2
1707,20.78,58.7,400.0,655.0,0,1,0.34,0.52,0.21,0.299,20.98,22.38,20.77,2
1708,23.2,49.9,400.0,689.0,0,0,0.76,0.83,0.49,0.345,23.0,22.05,23.15,2
1709,24.78,45.9,461.0,471.0,1,1,0.42,0.79,0.45,0.334,24.78,24.21,24.36,2
1710,22.75,59.5,400.0,318.0,0,1,0.18,0.86,0.92,0.214,23.46,21.6,22.82,2
1711,20.77,52.8,542.0,397.0,1,1,0.43,0.47,0.62,0.257,20.23,19.97,20.21,2
1712,22.65,57.6,400.0,348.0,0,1,0.64,0.77,0.88,0.237,21.93,22.64,22.51,2
1713,24.71,48.3,400.0,238.0,0,1,0.68,0.54,0.85,0.22,24.58,26.48,24.97,2
1714,23.04,42.3,400.0,246.0,0,1,0.57,0.1,0.45,0.253,23.52,22.77,23.26,2
1715,24.1,49.2,489.0,562.0,1,1,0.68,0.02,0.3,0.313,24.28,25.21,24.4,2
1716,21.14,47.8,400.0,664.0,0,0,0.1,0.75,0.31,0.121,21.96,21.92,21.09,2
1717,24.33,48.6,400.0,310.0,0,1,0.24,0.83,0.74,0.35,24.95,24.33,24.51,2
1718,24.59,43.8,400.0,214.0,0,1,0.1,0.77,0.2,0.379,24.76,24.38,24.23,2
1719,20.28,47.2,476.0,656.0,1,0,0.2,0.97,0.05,0.127,20.92,20.95,20.12,2
1720,24.05,53.4,473.0,531.0,1,0,0.19,0.2,0.08,0.397,24.05,23.66,24.16,2
1721,21.88,40.0,400.0,495.0,0,1,0.06,0.48,0.65,0.291,21.24,21.16,21.62,4
1722,24.94,43.7,477.0,234.0,1,0,0.88,0.17,0.1,0.22,25.24,25.35,24.53,2
1723,20.49,54.4,586.0,613.0,1,0,0.38,0.72,0.27,0.282,20.03,20.7,20.07,2
1724,21.81,50.7,607.0,677.0,1,0,0.93,0.28,0.58,0.317,21.45,22.09,21.7,2
1725,22.21,43.6,400.0,460.0,0,0,0.77,0.32,0.56,0.237,21.32,22.1,22.06,2
1726,21.27,44.0,556.0,567.0,1,1,0.79,0.04,0.33,0.194,21.33,21.24,21.42,2
1727,21.29,53.5,400.0,514.0,0,1,0.87,0.42,0.54,0.351,22.54,22.39,21.19,3
1728,21.32,46.0,400.0,352.0,0,1,0.23,0.72,0.52,0.108,20.71,21.19,21.91,3
1729,21.03,48.1,492.0,533.0,1,1,0.21,0.83,0.71,0.109,20.51,20.72,21.54,0
1730,20.17,57.3,400.0,549.0,0,1,0.23,0.4,0.5,0.374,19.77,19.18,20.06,2
1731,20.79,48.8,400.0,475.0,0,0,0.72,0.25,0.69,0.21,21.19,19.99,20.85,1
1732,20.63,45.3,650.0,578.0,1,1,0.66,0.48,0.14,0.363,20.44,21.56,20.73,1
1733,24.31,45.2,400.0,578.0,0,0,0.22,0.3,0.14,0.372,25.01,23.61,24.13,2
1734,22.22,43.1,400.0,279.0,0,1,0.46,0.41,0.47,0.333,23.56,22.06,22.24,2
1735,21.94,50.5,529.0,509.0,1,0,0.96,0.23,0.94,0.176,21.59,23.24,22.02,2
1736,21.14,52.7,402.0,443.0,1,1,0.78,0.88,0.08,0.251,21.2,21.0,21.1,2
1737,22.44,45.2,400.0,678.0,0,1,0.59,0.3,0.07,0.386,22.29,22.83,22.44,2
1738,24.94,54.5,400.0,384.0,0,0,0.89,0.03,0.79,0.288,24.95,25.22,25.37,2
1739,21.4,58.5,400.0,395.0,0,1,0.12,0.29,0.05,0.229,21.11,21.62,21.22,3
1740,23.55,46.8,400.0,452.0,0,0,0.82,0.95,0.33,0.242,23.03,23.01,23.47,2
1741,22.9,50.7,650.0,422.0,1,1,0.84,0.51,0.21,0.376,22.53,21.11,22.75,3
1742,24.27,54.7,400.0,697.0,0,1,0.32,0.5,0.61,0.177,25.19,23.75,24.92,4
1743,20.28,56.1,400.0,551.0,0,0,0.12,0.51,0.32,0.176,19.52,20.11,20.51,1
1744,24.14,56.5,400.0,272.0,0,0,0.97,0.21,0.65,0.324,24.14,23.13,24.17,1
1745,22.88,43.3,517.0,579.0,1,1,0.97,0.57,0.93,0.27,22.31,22.78,23.11,2
1746,24.9,59.4,466.0,658.0,1,1,0.83,0.62,0.39,0.394,25.28,24.42,24.83,2
1747,23.68,59.9,400.0,254.0,0,1,0.97,0.2,0.82,0.253,24.15,24.61,23.55,1
1748,24.23,54.3,486.0,682.0,1,0,0.6,0.91,0.28,0.225,24.13,23.67,24.57,0
1749,20.06,50.3,400.0,413.0,0,0,0.8,0.21,0.59,0.226,19.89,18.28,19.85,2
1750,21.44,42.7,461.0,576.0,1,1,0.13,0.84,0.18,0.219,22.03,21.78,21.52,2
1751,23.57,59.4,400.0,323.0,0,1,0.17,0.32,0.58,0.113,22.96,22.12,23.4,3
1752,20.47,42.2,400.0,390.0,0,1,0.22,0.41,0.81,0.265,19.93,21.73,20.84,2
1753,21.9,52.7,584.0,635.0,1,1,0.52,0.25,0.97,0.316,21.45,22.42,21.43,2
1754,20.77,57.3,400.0,465.0,0,0,0.32,0.77,0.62,0.338,21.3,21.98,20.98,1
1755,24.69,54.9,400.0,260.0,0,0,0.11,0.1,0.3,0.252,23.99,23.39,25.02,2
1756,20.77,45.6,437.0,543.0,1,1,0.48,0.57,0.27,0.154,20.54,21.45,20.14,3
1757,21.66,44.5,400.0,336.0,0,1,0.73,0.58,0.94,0.27,21.18,22.32,21.87,1
1758,22.7,46.2,540.0,326.0,1,0,0.9,0.6,0.12,0.134,23.67,23.05,22.56,1
1759,20.4,46.8,400.0,668.0,0,1,0.14,0.41,0.58,0.158,18.9,20.14,20.67,2
1760,20.28,41.9,400.0,312.0,0,0,0.78,0.22,0.81,0.313,19.83,20.22,20.01,3
1761,24.87,58.6,516.0,605.0,1,0,0.66,0.93,0.9,0.302,24.32,23.95,25.0,2
1762,20.25,56.4,400.0,267.0,0,1,0.65,0.13,0.6,0.223,20.39,18.7,20.26,3
1763,21.2,43.6,534.0,288.0,1,0,0.23,0.29,0.76,0.336,21.88,20.88,21.15,2
1764,21.89,53.6,400.0,276.0,0,1,0.32,0.71,0.97,0.143,22.21,20.49,21.76,0
1765,24.08,46.9,400.0,335.0,0,1,0.62,0.81,0.17,0.351,23.45,25.41,23.9,3
1766,24.45,58.6,575.0,598.0,1,1,0.41,0.33,0.68,0.15,24.39,24.77,24.25,2
1767,22.73,40.8,614.0,363.0,1,0,0.25,0.05,0.6,0.245,22.11,21.23,22.78,1
1768,20.92,41.1,621.0,416.0,1,0,0.74,0.55,0.88,0.337,21.05,20.35,21.01,2
1769,22.88,58.0,400.0,450.0,0,1,0.07,0.85,0.63,0.322,23.23,22.72,22.96,2
1770,23.93,41.2,400.0,545.0,0,1,0.37,0.03,0.73,0.254,24.13,24.06,23.69,2
1771,22.05,51.7,580.0,637.0,1,0,0.78,0.81,1.0,0.305,21.72,21.05,22.25,3
1772,22.56,56.8,630.0,281.0,1,1,0.99,0.87,0.39,0.139,22.93,23.17,22.2,1
1773,21.08,42.9,652.0,670.0,1,1,0.18,0.93,0.04,0.373,21.16,19.74,21.02,2
1774,24.99,47.3,400.0,312.0,0,0,0.26,0.35,0.65,0.35,24.94,26.17,24.81,2
1775,20.05,49.3,400.0,554.0,0,1,0.67,0.82,0.0,0.23,20.97,20.76,19.71,1
1776,20.55,53.6,627.0,327.0,1,0,0.75,0.3,0.19,0.333,20.21,19.64,20.35,0
1777,22.35,56.3,400.0,691.0,0,0,0.06,0.63,0.52,0.381,21.89,21.86,22.55,4
1778,22.87,59.5,400.0,561.0,0,0,0.09,0.79,0.85,0.157,22.77,22.36,23.03,2
1779,21.5,49.8,431.0,214.0,1,1,0.33,0.07,0.1,0.291,21.63,22.51,21.67,2
1780,23.4,55.4,652.0,212.0,1,0,0.04,0.33,0.96,0.4,23.81,23.04,23.38,2
1781,21.71,51.8,511.0,213.0,1,0,0.77,0.52,0.23,0.111,21.4,20.36,21.91,2
1782,23.6,40.9,476.0,558.0,1,1,0.2,0.33,0.67,0.103,22.94,23.63,23.98,2
1783,22.61,48.2,699.0,535.0,1,0,0.83,0.7,0.94,0.127,22.79,22.54,22.36,3
1784,23.19,50.8,400.0,413.0,0,1,0.62,0.26,0.26,0.347,23.61,24.85,23.0,1
1785,24.08,47.5,403.0,402.0,1,0,0.97,0.03,0.64,0.241,22.97,23.99,24.21,3
1786,20.29,48.6,449.0,354.0,1,1,0.91,0.37,0.71,0.338,19.94,21.02,19.78,2
1787,23.72,48.2,664.0,525.0,1,1,0.88,0.43,0.53,0.392,23.56,23.16,23.6,2
1788,23.29,46.0,400.0,700.0,0,0,0.76,0.06,0.99,0.114,23.07,22.78,23.51,2
1789,21.2,47.4,605.0,543.0,1,0,0.29,0.31,0.84,0.344,21.32,21.89,21.72,4
1790,21.11,57.0,631.0,699.0,1,1,0.68,0.51,0.03,0.236,22.25,21.72,21.39,4
1791,22.94,58.8,548.0,680.0,1,1,0.49,0.04,0.78,0.317,22.73,22.83,23.18,2
1792,23.13,51.7,515.0,549.0,1,0,0.53,0.16,0.64,0.328,22.89,22.59,22.86,2
1793,24.0,47.4,647.0,451.0,1,1,0.26,0.02,0.12,0.283,23.54,24.42,23.96,2
1794,20.98,50.7,562.0,521.0,1,0,0.97,0.29,0.03,0.399,21.39,20.24,21.02,0
1795,21.45,52.1,493.0,374.0,1,0,0.35,0.52,0.31,0.135,21.61,21.09,21.44,2
1796,21.79,45.3,400.0,368.0,0,0,0.5,0.37,0.14,0.139,22.01,20.93,22.03,2
1797,21.08,54.7,400.0,667.0,0,1,0.94,0.13,0.96,0.116,20.34,22.16,21.19,2
1798,23.78,54.0,400.0,632.0,0,1,0.76,0.23,0.96,0.298,23.4,23.98,23.6,2
1799,21.37,46.1,526.0,540.0,1,1,0.18,0.76,0.55,0.196,20.83,21.37,21.72,3
1800,22.76,55.0,400.0,299.0,0,0,0.79,0.02,0.56,0.222,22.76,21.97,22.75,2
1801,23.06,58.3,656.0,562.0,1,0,0.02,0.85,0.41,0.394,23.41,24.82,22.9,2
1802,22.85,42.1,400.0,638.0,0,0,0.03,0.22,0.43,0.178,23.09,21.85,23.13,2
1803,22.6,51.0,427.0,678.0,1,0,0.07,0.27,0.01,0.157,22.68,22.73,22.64,3
1804,21.3,51.0,490.0,299.0,1,1,0.38,0.27,0.78,0.146,21.96,21.36,20.97,1
1805,21.57,40.1,400.0,341.0,0,1,0.18,0.93,0.2,0.164,21.38,21.56,21.79,2
1806,20.48,51.2,400.0,538.0,0,0,0.71,0.01,0.4,0.211,20.25,20.27,20.5,2
1807,23.59,47.2,400.0,200.0,0,0,0.82,0.52,0.98,0.108,23.47,25.07,23.59,2
1808,23.01,44.0,400.0,455.0,0,0,0.58,0.45,0.7,0.196,22.51,23.04,22.77,2
1809,23.2,57.1,400.0,596.0,0,1,0.57,0.35,0.62,0.2,23.47,23.97,23.07,1
1810,20.3,48.5,400.0,634.0,0,1,0.69,0.62,0.8,0.3,20.02,20.6,20.32,1
1811,24.05,47.6,400.0,420.0,0,1,0.79,0.3,0.7,0.376,23.86,21.83,23.44,2
1812,24.12,50.6,400.0,680.0,0,1,0.35,0.85,0.74,0.302,24.21,24.71,24.3,2
1813,20.96,59.4,400.0,492.0,0,0,0.45,0.44,0.06,0.204,22.18,22.34,20.75,2
1814,21.88,49.9,489.0,401.0,1,1,0.5,0.48,0.52,0.276,22.19,21.46,21.83,1
1815,22.02,44.4,400.0,439.0,0,0,0.18,0.19,0.35,0.151,21.49,21.39,21.98,2
1816,24.41,40.4,400.0,649.0,0,1,0.56,0.85,0.27,0.239,25.19,25.05,24.49,2
1817,20.98,50.5,400.0,686.0,0,0,0.7,0.26,0.22,0.154,21.04,19.41,21.0,3
1818,23.62,56.0,400.0,365.0,0,0,0.5,0.38,0.97,0.306,23.6,24.96,23.5,2
1819,21.88,52.9,400.0,308.0,0,1,0.68,0.58,0.7,0.291,22.09,22.9,22.11,3
1820,20.38,50.1,400.0,237.0,0,0,0.93,0.79,0.04,0.165,19.95,22.31,20.22,2
1821,20.43,48.1,400.0,341.0,0,1,0.7,0.96,0.36,0.186,19.89,20.84,20.39,3
1822,21.81,54.4,400.0,698.0,0,1,0.3,0.28,0.49,0.336,21.51,19.79,21.95,2
1823,24.08,60.0,469.0,539.0,1,1,0.63,0.31,0.64,0.134,24.38,23.95,24.18,2
1824,20.58,56.3,690.0,551.0,1,1,0.43,0.5,0.09,0.397,20.28,20.66,20.59,1
1825,22.68,49.1,400.0,502.0,0,0,0.46,0.26,0.82,0.289,22.51,22.76,23.16,2
1826,24.05,43.5,611.0,344.0,1,1,0.98,0.21,0.98,0.315,24.13,23.29,24.19,2
1827,21.69,46.3,455.0,465.0,1,1,0.7,0.39,0.82,0.32,22.45,22.96,21.53,0
1828,24.14,40.5,699.0,633.0,1,1,0.84,0.12,0.22,0.157,25.32,24.5,23.84,2
1829,20.4,43.3,607.0,636.0,1,0,0.54,0.45,0.17,0.225,19.43,20.95,20.1,2
1830,21.89,45.1,493.0,280.0,1,0,0.27,0.76,1.0,0.114,21.38,23.27,22.42,2
1831,20.8,48.5,637.0,476.0,1,1,0.82,0.41,0.47,0.143,21.04,21.16,20.84,2
1832,22.26,42.5,592.0,599.0,1,1,0.6,0.21,0.38,0.27,23.03,21.78,22.27,4
1833,24.97,57.4,678.0,218.0,1,1,0.1,0.57,0.68,0.171,24.97,25.82,24.65,2
1834,21.02,54.1,400.0,536.0,0,0,0.47,0.61,0.11,0.122,20.44,21.04,20.78,1
1835,23.46,44.7,630.0,384.0,1,1,0.89,0.99,0.0,0.188,22.91,24.51,23.52,2
1836,24.9,59.2,400.0,274.0,0,1,0.32,0.37,0.92,0.129,25.08,24.61,25.01,2
1837,23.69,43.6,400.0,629.0,0,1,0.41,0.32,0.99,0.302,24.06,23.57,23.29,2
1838,23.36,56.3,400.0,615.0,0,0,0.69,0.14,0.43,0.242,23.17,23.16,23.17,2
1839,21.83,50.3,458.0,641.0,1,1,0.86,0.7,0.33,0.286,21.95,22.12,21.44,1
1840,20.49,48.3,400.0,230.0,0,0,0.31,0.97,0.91,0.369,20.66,20.61,20.69,2
1841,23.56,60.0,516.0,415.0,1,0,0.92,0.81,0.48,0.176,23.27,22.9,23.56,4
1842,20.84,44.1,400.0,310.0,0,0,0.49,0.46,0.45,0.386,21.69,20.97,20.77,2
1843,21.98,59.8,400.0,589.0,0,1,0.55,0.72,0.93,0.391,22.27,21.58,21.68,4
1844,24.98,56.8,533.0,307.0,1,0,0.63,0.78,0.85,0.152,24.76,25.19,24.88,2
1845,21.76,40.9,648.0,416.0,1,0,0.73,0.89,0.79,0.295,22.05,21.04,21.44,2
1846,24.7,52.0,400.0,591.0,0,1,0.23,0.34,0.34,0.114,25.01,23.92,24.62,2
1847,24.29,56.0,407.0,438.0,1,0,0.2,0.85,0.07,0.384,23.42,23.91,24.44,2
1848,23.81,46.5,400.0,562.0,0,1,0.28,0.89,0.58,0.326,23.79,24.02,24.01,2
1849,20.89,44.8,530.0,686.0,1,0,0.68,0.39,0.29,0.194,20.64,20.54,20.5,2
1850,23.71,46.6,400.0,617.0,0,1,0.62,0.85,0.37,0.397,23.42,22.72,23.96,2
1851,21.76,57.1,400.0,645.0,0,0,0.14,0.24,0.16,0.228,21.48,21.64,21.38,2
1852,22.76,48.1,700.0,518.0,1,1,0.8,0.79,0.2,0.22,22.99,22.8,23.52,3
1853,22.06,55.8,681.0,630.0,1,0,0.06,0.36,0.94,0.338,22.84,21.98,21.78,2
1854,20.6,43.9,685.0,681.0,1,1,0.92,0.03,0.01,0.271,20.48,19.94,21.21,2
1855,22.75,46.8,590.0,667.0,1,0,0.25,0.06,0.29,0.367,23.59,24.03,22.53,2
1856,24.41,59.5,400.0,595.0,0,1,0.92,0.67,0.97,0.307,25.08,23.64,24.36,2
1857,21.32,49.8,557.0,475.0,1,1,0.87,0.99,0.15,0.314,21.96,20.86,21.75,2
1858,23.71,59.4,400.0,513.0,0,0,0.91,0.25,0.14,0.221,23.62,22.1,23.33,3
1859,22.64,47.0,400.0,442.0,0,1,0.82,0.15,0.38,0.195,22.51,23.61,22.67,2
1860,20.37,44.4,620.0,432.0,1,1,0.14,0.22,0.19,0.164,19.6,19.93,19.94,2
1861,23.1,41.6,400.0,254.0,0,0,0.95,0.31,0.83,0.104,23.5,22.98,23.49,4
1862,23.56,50.2,400.0,312.0,0,0,0.15,0.48,0.12,0.13,23.5,23.37,23.79,2
1863,24.11,46.0,400.0,377.0,0,0,0.22,0.52,0.92,0.125,24.62,23.79,24.08,2
1864,20.13,59.1,647.0,486.0,1,0,0.19,0.7,0.14,0.385,20.25,20.56,20.02,3
1865,23.83,54.3,400.0,492.0,0,1,0.41,0.81,0.7,0.155,24.46,24.26,23.63,2
1866,24.94,58.5,593.0,271.0,1,0,0.14,0.13,0.27,0.333,24.79,26.03,24.66,2
1867,20.54,57.8,484.0,206.0,1,0,0.34,0.9,0.42,0.155,20.81,20.38,20.52,2
1868,24.07,51.0,491.0,606.0,1,0,0.52,0.06,0.45,0.183,23.34,23.39,24.35,2
1869,21.26,60.0,400.0,394.0,0,0,0.35,0.18,0.7,0.167,20.88,21.97,20.72,2
1870,22.76,48.5,578.0,277.0,1,1,0.13,0.26,0.22,0.376,23.71,22.84,22.82,2
1871,20.22,41.3,400.0,227.0,0,1,0.4,0.89,0.74,0.268,20.7,19.7,20.55,2
1872,24.62,50.3,400.0,417.0,0,1,0.11,0.43,0.61,0.197,24.34,24.93,24.42,2
1873,20.05,59.8,400.0,260.0,0,0,0.03,0.5,0.33,0.156,20.95,20.74,19.87,2
1874,24.99,43.9,400.0,560.0,0,0,0.97,0.39,0.74,0.355,25.81,26.24,25.2,0
1875,24.52,57.1,431.0,304.0,1,1,0.94,0.29,0.47,0.241,24.53,24.35,24.35,1
1876,21.14,57.5,676.0,530.0,1,0,0.36,0.69,0.62,0.103,21.86,22.06,21.25,4
1877,23.95,44.1,402.0,234.0,1,1,0.02,0.35,0.77,0.324,24.0,24.13,24.03,2
1878,20.0,41.0,584.0,582.0,1,1,0.65,0.09,0.8,0.13,20.73,19.84,20.02,2
1879,24.79,54.1,400.0,213.0,0,0,0.08,0.09,0.36,0.34,24.62,22.82,24.96,1
1880,24.07,41.7,400.0,311.0,0,1,0.9,0.39,0.94,0.155,23.72,23.68,23.46,2
1881,22.0,53.1,400.0,662.0,0,1,0.99,0.85,0.08,0.353,20.88,22.11,22.16,0
1882,23.42,51.6,400.0,644.0,0,1,0.46,0.0,0.63,0.25,23.56,22.83,23.38,2
1883,21.89,54.0,533.0,563.0,1,0,0.02,0.21,0.47,0.147,21.94,21.13,21.31,1
1884,21.98,51.5,400.0,311.0,0,0,0.77,0.22,0.86,0.318,21.54,21.71,22.55,2
1885,22.22,51.5,582.0,477.0,1,0,0.99,0.43,0.8,0.336,21.78,21.24,22.06,2
1886,22.5,47.5,400.0,480.0,0,1,0.65,0.01,0.75,0.245,22.04,23.81,23.06,3
1887,21.85,50.9,438.0,554.0,1,1,0.13,0.32,0.27,0.274,21.43,23.11,21.33,2
1888,21.04,45.7,422.0,240.0,1,1,0.73,0.01,0.52,0.244,21.24,21.63,20.77,2
1889,20.64,47.3,424.0,654.0,1,0,0.78,0.38,0.85,0.322,21.02,20.4,20.51,0
1890,21.38,46.1,400.0,257.0,0,1,0.07,0.3,0.97,0.364,21.07,21.89,21.16,3
1891,24.78,40.0,400.0,688.0,0,0,0.36,0.13,0.19,0.177,24.91,23.59,24.67,2
1892,20.51,43.3,552.0,453.0,1,0,0.81,0.52,0.15,0.339,20.62,20.58,20.3,3
1893,23.16,43.0,400.0,564.0,0,1,0.76,0.24,0.35,0.237,22.91,23.93,22.9,3
1894,21.78,48.3,400.0,524.0,0,1,0.55,0.56,0.57,0.381,21.93,20.78,21.57,1
1895,23.94,59.8,690.0,232.0,1,0,0.07,0.95,0.34,0.254,24.42,22.9,24.1,2
1896,21.44,47.1,416.0,418.0,1,1,0.02,0.24,0.72,0.284,21.41,21.57,21.7,1
1897,22.73,43.6,475.0,366.0,1,1,0.04,0.98,0.66,0.333,23.38,22.27,22.87,2
1898,24.9,57.8,400.0,368.0,0,0,0.54,0.2,0.53,0.332,25.01,24.18,24.74,3
1899,21.81,54.5,508.0,305.0,1,1,0.27,0.49,0.84,0.354,22.24,21.87,21.89,2
1900,23.63,57.4,400.0,348.0,0,0,0.8,0.26,0.16,0.25,23.8,23.98,23.52,2
1901,24.65,57.6,400.0,234.0,0,0,0.68,0.8,0.32,0.114,24.35,24.94,24.7,2
1902,24.02,47.6,400.0,397.0,0,0,0.12,0.32,0.96,0.159,23.58,23.5,24.34,2
1903,23.87,56.4,400.0,577.0,0,0,0.12,0.97,0.29,0.183,23.98,22.47,23.77,3
1904,21.5,44.2,552.0,576.0,1,0,0.09,0.69,0.04,0.136,21.92,21.79,21.6,3
1905,21.08,55.6,400.0,279.0,0,1,0.29,0.66,0.51,0.192,20.98,20.61,20.29,2
1906,21.11,50.0,569.0,602.0,1,1,0.57,0.3,0.71,0.267,20.85,21.47,21.11,2
1907,20.8,53.4,471.0,443.0,1,0,0.79,0.22,0.99,0.162,21.12,21.02,20.7,2
1908,24.47,49.0,400.0,597.0,0,1,0.89,0.33,0.54,0.12,24.42,24.4,24.82,4
1909,21.74,51.0,400.0,357.0,0,1,0.64,0.93,0.9,0.163,22.56,21.25,21.58,2
1910,22.58,55.1,400.0,302.0,0,0,0.15,0.64,0.72,0.306,22.8,22.78,23.12,2
1911,24.19,48.8,400.0,626.0,0,0,0.93,0.29,0.35,0.394,24.69,24.2,24.29,2
1912,21.85,42.2,510.0,518.0,1,1,0.24,0.51,0.73,0.202,22.17,21.0,21.27,2
1913,21.77,54.8,400.0,678.0,0,0,0.23,0.15,0.52,0.149,22.41,22.21,21.95,2
1914,23.87,51.8,457.0,308.0,1,0,0.16,0.3,0.55,0.359,23.76,24.12,23.91,2
1915,24.16,52.1,669.0,238.0,1,0,0.93,0.69,0.57,0.103,23.51,22.68,24.22,2
1916,20.13,44.1,400.0,506.0,0,0,0.46,0.17,0.48,0.196,20.01,19.67,20.55,2
1917,20.02,48.2,690.0,557.0,1,1,0.65,0.48,0.2,0.229,20.17,20.15,19.9,0
1918,23.93,40.1,605.0,453.0,1,0,0.42,0.44,0.44,0.279,23.87,23.75,23.69,2
1919,22.77,40.2,400.0,231.0,0,0,0.9,0.23,0.07,0.385,23.28,23.23,23.56,2
1920,21.59,45.7,400.0,373.0,0,1,0.8,0.39,0.84,0.267,21.26,21.68,21.2,2
1921,22.18,43.3,400.0,280.0,0,1,0.57,0.09,0.59,0.387,22.61,22.11,22.47,0
1922,23.95,49.2,562.0,462.0,1,0,0.29,0.35,0.24,0.371,24.48,23.41,23.95,2
1923,22.25,43.8,578.0,604.0,1,1,0.64,0.21,0.4,0.258,22.28,22.5,22.33,2
1924,24.4,55.9,538.0,377.0,1,0,0.89,0.74,0.98,0.205,25.28,23.75,24.58,3
1925,22.31,50.8,400.0,530.0,0,1,0.71,0.6,0.32,0.154,22.76,22.65,22.06,2
1926,23.12,41.4,610.0,695.0,1,0,0.52,0.95,0.11,0.299,22.88,23.97,22.85,2
1927,21.79,58.0,400.0,570.0,0,0,0.6,0.06,0.29,0.3,21.17,20.52,21.68,2
1928,24.09,45.5,631.0,463.0,1,1,0.15,0.54,0.41,0.367,24.61,23.26,24.12,2
1929,21.15,49.8,592.0,303.0,1,1,0.71,0.82,0.2,0.284,21.41,21.74,21.57,2
1930,23.8,44.3,669.0,619.0,1,0,0.75,0.25,0.16,0.319,24.3,23.86,24.13,1
1931,20.15,40.2,525.0,254.0,1,0,0.26,0.97,0.43,0.113,19.61,20.22,19.37,2
1932,22.44,58.1,400.0,518.0,0,0,0.28,0.05,1.0,0.119,22.4,21.83,22.14,3
1933,23.33,59.1,400.0,464.0,0,0,0.92,0.93,0.58,0.191,23.94,23.06,23.06,2
1934,23.48,48.0,450.0,459.0,1,1,0.34,0.69,0.04,0.218,23.59,23.16,23.29,2
1935,23.77,48.5,400.0,225.0,0,1,0.97,0.34,0.2,0.279,23.95,24.67,23.79,4
1936,24.01,51.6,400.0,678.0,0,0,0.33,0.5,0.05,0.156,23.61,23.57,24.1,3
1937,23.25,51.7,400.0,378.0,0,0,0.58,0.51,0.34,0.135,22.98,23.59,23.06,2
1938,21.5,56.0,400.0,296.0,0,1,0.49,0.64,0.79,0.124,22.1,22.11,21.07,2
1939,23.84,40.6,624.0,571.0,1,1,0.78,0.42,0.4,0.363,24.3,23.8,23.38,2
1940,20.72,55.0,400.0,279.0,0,1,0.41,0.22,0.84,0.347,20.32,20.55,21.02,4
1941,24.96,43.3,424.0,283.0,1,1,0.19,0.35,0.34,0.39,25.34,26.11,24.87,3
1942,20.52,40.0,400.0,527.0,0,0,0.36,0.47,0.81,0.391,21.23,19.16,20.13,1
1943,23.33,59.3,400.0,350.0,0,1,0.58,0.14,0.83,0.384,23.68,24.3,22.82,2
1944,20.69,58.0,533.0,691.0,1,1,0.86,0.83,0.17,0.116,20.98,20.79,20.94,2
1945,21.57,55.3,400.0,364.0,0,1,0.17,0.52,0.91,0.376,21.35,22.93,21.06,0
1946,23.13,51.5,619.0,654.0,1,1,0.7,0.63,0.18,0.211,24.02,22.46,23.5,2
1947,23.07,47.9,438.0,400.0,1,1,0.66,0.28,0.16,0.392,23.53,24.31,22.46,2
1948,23.99,58.0,468.0,406.0,1,1,0.5,0.73,0.96,0.111,24.22,24.36,23.4,2
1949,24.75,47.5,400.0,293.0,0,0,0.91,0.64,0.14,0.151,24.08,24.37,23.81,2
1950,22.48,59.0,437.0,489.0,1,1,0.69,0.96,0.32,0.366,22.75,20.99,22.63,3
1951,23.14,58.6,400.0,493.0,0,1,0.97,0.84,0.69,0.359,22.79,23.57,22.54,1
1952,20.56,47.6,400.0,248.0,0,1,0.93,0.72,0.46,0.219,19.99,21.17,20.7,1
1953,20.48,41.5,400.0,366.0,0,0,0.32,0.21,0.07,0.147,20.34,20.41,20.39,2
1954,20.11,46.2,463.0,547.0,1,0,0.72,0.35,0.15,0.112,20.14,19.63,20.23,2
1955,21.7,50.7,579.0,534.0,1,0,0.47,0.99,0.71,0.26,22.29,22.47,21.79,2
1956,22.51,45.2,400.0,610.0,0,1,0.75,0.63,0.3,0.135,21.75,23.29,22.53,2
1957,20.05,50.1,601.0,400.0,1,0,0.29,0.39,0.53,0.364,19.25,20.31,20.33,2
1958,20.15,54.7,691.0,391.0,1,1,0.14,0.24,0.23,0.338,20.25,20.25,20.15,2
1959,23.13,48.8,436.0,505.0,1,1,0.92,0.3,0.41,0.189,23.26,22.61,22.92,1
1960,24.01,60.0,434.0,260.0,1,0,0.9,0.88,0.65,0.101,24.72,23.7,23.92,2
1961,23.15,42.8,400.0,345.0,0,0,0.13,0.75,0.62,0.283,22.51,23.26,23.43,3
1962,24.88,45.4,439.0,450.0,1,0,0.35,0.55,0.12,0.25,25.15,24.28,24.7,3
1963,21.24,42.2,400.0,364.0,0,0,0.45,0.39,0.15,0.102,21.84,21.34,21.44,2
1964,21.41,41.4,400.0,451.0,0,0,0.96,0.23,0.4,0.268,21.49,20.55,21.3,2
1965,23.96,54.9,400.0,567.0,0,0,0.21,0.35,0.24,0.319,24.55,22.16,23.9,3
1966,23.64,52.5,400.0,321.0,0,1,0.36,0.99,0.35,0.301,23.19,24.15,23.38,3
1967,24.99,41.5,400.0,371.0,0,0,0.64,0.73,0.48,0.195,25.2,24.97,25.09,2
1968,20.93,54.8,400.0,224.0,0,0,0.43,0.62,0.63,0.185,20.07,21.27,20.76,1
1969,20.61,44.9,630.0,527.0,1,0,0.54,0.71,0.4,0.318,21.55,21.69,20.69,2
1970,23.64,49.4,502.0,610.0,1,0,0.17,0.85,0.27,0.172,24.02,23.55,23.47,4
1971,24.18,55.7,614.0,341.0,1,0,0.57,0.82,0.02,0.11,23.78,25.23,24.22,2
1972,22.77,47.2,400.0,498.0,0,0,0.14,0.78,0.45,0.113,23.15,23.46,22.49,4
1973,22.92,56.6,626.0,406.0,1,0,0.72,0.11,0.52,0.134,22.83,23.09,23.24,2
1974,22.94,56.5,400.0,350.0,0,1,0.37,0.1,0.58,0.308,23.04,21.09,22.61,2
1975,22.39,41.9,400.0,643.0,0,0,0.47,0.92,0.38,0.345,21.81,23.02,22.33,2
1976,21.5,45.4,665.0,677.0,1,1,0.18,0.35,0.28,0.204,21.33,21.09,21.2,1
1977,24.45,56.7,698.0,668.0,1,1,0.7,0.83,0.05,0.19,24.37,25.08,24.1,1
1978,20.87,41.3,400.0,460.0,0,0,0.45,0.4,0.22,0.362,20.81,20.31,20.39,0
1979,23.95,48.8,400.0,558.0,0,1,0.97,0.88,0.67,0.176,23.75,23.11,24.39,2
1980,20.93,44.9,401.0,409.0,1,0,0.5,0.28,0.73,0.4,21.59,22.21,20.64,4
1981,22.4,56.9,400.0,391.0,0,0,0.5,0.9,0.2,0.326,22.03,23.58,21.93,2
1982,21.49,51.2,400.0,654.0,0,1,0.78,0.94,0.03,0.242,21.31,20.14,21.06,2
1983,24.19,58.1,427.0,416.0,1,1,0.72,0.82,0.96,0.12,23.64,24.75,24.15,3
1984,24.29,42.7,400.0,331.0,0,0,0.63,0.83,0.02,0.277,24.08,23.73,24.42,2
1985,23.51,42.1,400.0,529.0,0,0,0.03,0.54,0.69,0.201,24.03,23.47,24.06,2
1986,23.83,58.2,592.0,692.0,1,0,0.72,0.94,0.38,0.18,23.66,23.49,23.23,0
1987,23.98,45.9,400.0,496.0,0,0,0.21,0.48,0.9,0.275,24.2,22.82,23.86,2
1988,22.2,47.0,528.0,674.0,1,0,0.04,0.56,0.47,0.144,21.84,21.28,21.82,2
1989,24.46,48.5,500.0,243.0,1,1,0.91,0.27,0.82,0.304,24.52,26.54,25.03,2
1990,22.4,47.6,596.0,337.0,1,1,0.41,0.61,0.19,0.126,22.62,21.75,22.44,2
1991,21.14,44.2,400.0,626.0,0,0,0.66,0.38,0.46,0.394,21.81,22.0,21.22,2
1992,22.28,58.8,400.0,244.0,0,0,0.71,0.06,0.85,0.223,22.17,21.94,22.24,2
1993,23.21,57.6,493.0,464.0,1,1,0.21,0.37,0.22,0.287,22.97,23.21,23.54,1
1994,22.13,40.8,674.0,297.0,1,1,0.88,0.22,0.66,0.26,22.35,21.81,22.03,3
1995,22.72,41.0,400.0,395.0,0,1,0.12,0.22,0.63,0.379,22.93,22.8,22.57,4
1996,22.31,51.0,400.0,607.0,0,0,0.37,0.98,0.64,0.216,21.31,22.57,22.76,2
1997,23.01,46.1,539.0,537.0,1,1,0.32,0.51,0.89,0.185,23.49,22.54,22.93,1
1998,23.53,51.6,412.0,645.0,1,0,0.22,0.62,0.22,0.381,23.45,25.29,22.93,2
1999,21.65,45.1,400.0,365.0,0,0,0.36,0.97,0.06,0.396,21.37,22.64,21.19,3
