timestamp_s,T_drybulb_C,RH_pct,CO2_ppm,illuminance_lux,occupancy,window_open,blind_angle_east,blind_angle_west,hvac_valve_pos,air_velocity_ms,globe_T_C,mean_rad_T_C,operative_T_C,comfort_class
0,22.47,40.6,559.0,384.0,1,0,0.4,0.5,0.13,0.324,22.62,22.75,22.31,2
1,21.78,42.5,400.0,227.0,0,0,0.76,0.36,0.52,0.105,21.76,20.69,21.87,3
2,22.96,58.6,597.0,640.0,1,1,0.46,0.01,0.87,0.299,23.2,22.71,22.78,2
3,23.48,55.0,470.0,258.0,1,1,0.01,0.1,0.55,0.336,23.05,24.04,23.71,2
4,21.48,42.6,451.0,279.0,1,0,0.61,0.84,0.77,0.279,21.46,21.97,21.34,0
5,22.95,52.5,400.0,357.0,0,1,0.39,0.24,0.07,0.164,23.17,25.08,23.21,1
6,20.11,56.7,559.0,541.0,1,0,0.09,0.96,0.44,0.283,19.57,19.44,20.23,3
7,24.22,40.7,400.0,314.0,0,1,0.44,0.51,0.87,0.123,24.6,23.07,23.66,2
8,23.28,54.4,400.0,256.0,0,0,0.37,0.41,0.61,0.388,22.42,23.37,23.13,2
9,23.68,41.8,551.0,688.0,1,0,0.01,0.59,0.45,0.196,23.25,22.88,23.55,3
10,22.05,55.5,658.0,327.0,1,1,0.93,0.3,0.11,0.362,21.87,22.21,21.72,3
11,24.86,50.8,496.0,537.0,1,1,0.91,0.45,0.72,0.394,25.87,25.78,24.25,0
12,24.33,41.6,400.0,342.0,0,0,0.81,0.05,0.78,0.186,24.55,23.92,24.21,2
13,20.15,51.0,400.0,319.0,0,0,0.85,0.67,0.19,0.152,20.48,20.43,20.02,2
14,22.69,40.4,400.0,378.0,0,1,0.61,0.51,0.68,0.304,23.0,24.17,22.63,3
15,22.8,44.4,470.0,231.0,1,1,0.87,0.02,0.81,0.233,22.4,22.93,22.1,3
16,22.78,55.1,400.0,627.0,0,0,0.5,0.4,0.82,0.315,22.99,22.04,23.05,2
17,23.6,57.0,542.0,555.0,1,0,0.6,0.12,0.75,0.203,24.5,23.52,24.04,2
18,20.58,49.5,400.0,545.0,0,1,0.49,0.66,0.49,0.312,20.49,20.94,20.35,2
19,24.66,59.3,640.0,657.0,1,1,0.13,0.01,0.47,0.165,25.07,24.83,24.87,3
20,21.54,56.7,590.0,626.0,1,1,0.57,0.62,0.88,0.362,21.31,21.41,21.29,2
21,21.61,43.5,400.0,329.0,0,0,0.16,0.3,0.58,0.176,21.8,23.52,21.47,2
22,23.8,43.6,400.0,476.0,0,1,0.01,0.28,0.88,0.201,24.33,24.05,23.74,0
23,23.2,47.1,400.0,691.0,0,0,0.76,0.21,0.46,0.306,22.36,23.24,23.43,2
24,20.19,45.9,400.0,307.0,0,0,0.19,0.79,0.25,0.297,20.62,19.33,20.2,2
25,20.32,58.6,596.0,555.0,1,0,0.13,0.05,0.3,0.15,20.24,19.68,20.35,3
26,20.63,54.9,514.0,546.0,1,0,0.38,0.8,0.0,0.276,20.06,21.7,21.22,2
27,20.53,51.1,661.0,614.0,1,1,0.47,0.25,0.67,0.308,20.82,20.98,20.0,2
28,24.32,58.9,400.0,640.0,0,0,0.31,0.36,0.06,0.334,23.5,25.92,24.39,2
29,21.96,49.0,400.0,411.0,0,1,0.28,0.43,0.85,0.173,22.71,22.35,22.08,1
30,23.91,42.8,516.0,664.0,1,1,0.65,0.72,0.28,0.197,24.01,23.36,23.89,2
31,22.91,46.3,400.0,694.0,0,1,0.03,0.7,0.75,0.347,22.19,22.65,22.53,2
32,21.53,48.7,599.0,621.0,1,1,0.2,0.57,0.54,0.278,21.9,21.23,21.37,2
33,21.69,59.5,400.0,294.0,0,0,0.47,0.8,0.18,0.346,21.51,22.06,21.5,2
34,20.27,48.0,406.0,232.0,1,1,0.5,0.04,0.14,0.264,18.87,20.45,20.1,2
35,20.36,57.4,400.0,591.0,0,1,0.24,0.7,0.93,0.272,20.3,19.87,21.1,2
36,20.78,46.9,400.0,418.0,0,1,0.48,0.89,0.83,0.187,19.7,21.95,20.17,2
37,20.8,59.9,400.0,626.0,0,1,0.22,0.85,0.76,0.252,21.37,21.06,21.1,2
38,21.52,49.9,400.0,324.0,0,1,0.37,0.84,0.55,0.14,21.84,22.32,21.8,2
39,21.71,55.6,562.0,634.0,1,0,0.49,0.69,0.98,0.292,21.73,21.17,21.9,0
40,22.53,58.0,489.0,268.0,1,0,0.54,0.62,0.71,0.15,22.07,21.96,22.83,2
41,23.39,58.9,400.0,277.0,0,0,0.16,0.22,0.51,0.388,23.02,24.72,23.43,1
42,24.21,45.5,591.0,623.0,1,1,0.4,0.87,0.01,0.135,24.51,23.07,24.37,2
43,20.13,54.4,400.0,524.0,0,0,0.02,0.19,0.23,0.236,20.93,20.39,20.08,4
44,20.16,53.0,400.0,553.0,0,1,0.8,0.01,0.75,0.297,20.26,21.28,19.82,2
45,23.58,58.3,400.0,567.0,0,0,0.64,0.9,0.54,0.245,23.43,23.59,23.6,2
46,24.54,55.3,415.0,332.0,1,1,0.48,0.72,0.78,0.298,24.02,24.04,24.99,3
47,21.91,52.6,400.0,593.0,0,0,0.03,0.46,0.07,0.135,22.47,22.72,21.98,2
48,23.52,52.1,600.0,436.0,1,1,0.35,0.32,0.87,0.115,22.95,22.54,23.14,2
49,20.94,49.3,660.0,286.0,1,1,0.29,0.48,0.7,0.317,20.31,21.94,21.0,4
50,24.18,58.0,400.0,408.0,0,0,0.99,0.89,0.54,0.36,24.13,24.5,23.89,3
51,22.0,56.0,457.0,266.0,1,1,0.34,0.53,0.73,0.357,21.92,21.8,21.83,2
52,22.62,44.4,400.0,389.0,0,0,0.91,0.66,0.76,0.199,22.32,22.41,21.85,2
53,20.73,53.2,400.0,218.0,0,1,0.31,0.09,0.2,0.37,21.26,20.97,20.73,2
54,23.15,41.9,400.0,698.0,0,0,0.27,0.74,0.73,0.192,22.63,22.85,23.25,2
55,20.31,42.1,400.0,432.0,0,1,0.83,0.49,0.11,0.382,19.94,21.27,20.14,2
56,23.77,52.7,695.0,692.0,1,0,0.34,0.56,0.79,0.397,23.04,23.63,23.79,3
57,24.53,41.0,404.0,445.0,1,1,0.8,0.33,0.77,0.287,24.56,23.98,24.44,2
58,23.19,52.8,618.0,613.0,1,1,0.97,0.69,0.73,0.114,23.09,23.31,23.11,3
59,22.42,46.9,400.0,560.0,0,1,0.61,0.93,0.07,0.334,21.97,21.65,22.38,2
60,24.54,47.0,400.0,291.0,0,0,0.36,0.71,0.9,0.157,23.83,24.02,24.12,3
61,22.15,50.1,543.0,279.0,1,0,0.88,0.11,0.8,0.301,22.65,21.57,22.3,2
62,22.96,49.2,536.0,634.0,1,1,0.42,0.58,0.51,0.255,23.13,24.1,23.0,3
63,24.84,58.1,663.0,563.0,1,0,0.26,0.22,0.35,0.325,25.26,24.7,25.1,2
64,22.15,42.3,459.0,511.0,1,1,0.15,0.26,0.12,0.211,22.06,23.12,22.37,2
65,22.81,45.6,400.0,432.0,0,1,0.99,0.24,0.57,0.191,22.54,23.28,22.91,1
66,22.58,41.8,622.0,295.0,1,1,0.88,0.83,0.84,0.196,23.3,21.7,22.37,3
67,23.36,51.0,400.0,232.0,0,0,0.27,0.63,0.56,0.116,22.93,23.11,23.06,2
68,21.6,46.1,400.0,454.0,0,1,1.0,0.03,0.09,0.297,21.46,21.39,22.46,2
69,23.26,57.3,400.0,598.0,0,0,0.54,0.96,0.55,0.377,22.72,22.75,23.62,2
70,24.68,59.4,584.0,384.0,1,1,0.17,0.0,0.94,0.327,24.96,24.53,24.53,2
71,20.05,46.4,503.0,654.0,1,0,0.58,0.74,0.36,0.374,19.88,20.48,20.56,2
72,24.59,43.6,400.0,441.0,0,1,0.39,0.26,0.99,0.396,24.97,25.52,24.62,2
73,20.9,49.9,400.0,605.0,0,0,0.99,0.41,0.93,0.228,21.67,21.26,20.51,1
74,24.99,41.7,400.0,351.0,0,1,0.99,0.01,0.17,0.325,24.93,25.21,25.39,4
75,22.37,59.5,662.0,652.0,1,1,0.91,0.5,0.14,0.276,22.35,23.54,22.55,2
76,22.37,46.1,472.0,483.0,1,1,0.05,0.1,0.75,0.306,21.63,21.49,22.32,0
77,24.56,47.1,604.0,324.0,1,0,0.45,0.58,0.63,0.383,24.61,24.97,24.34,3
78,21.96,58.8,400.0,254.0,0,1,0.36,0.44,0.32,0.318,22.14,22.85,21.93,2
79,23.92,43.2,400.0,257.0,0,0,0.48,0.27,0.17,0.191,23.61,24.19,23.81,2
80,24.9,42.8,400.0,676.0,0,0,0.74,0.64,0.3,0.386,24.99,24.18,24.94,2
81,24.47,40.9,592.0,674.0,1,0,0.61,0.57,0.34,0.184,24.44,25.22,24.48,0
82,24.62,46.4,400.0,390.0,0,1,0.4,0.64,0.16,0.189,25.07,25.02,24.69,2
83,24.25,48.8,431.0,259.0,1,1,0.97,0.79,0.65,0.344,24.32,23.67,24.74,3
84,24.44,42.2,405.0,315.0,1,0,0.87,0.04,0.92,0.256,23.75,24.87,24.76,3
85,23.76,59.2,433.0,292.0,1,1,0.25,0.07,0.29,0.168,23.65,23.82,23.87,2
86,20.42,54.6,629.0,625.0,1,1,0.08,0.09,0.79,0.322,19.99,21.74,20.26,2
87,20.46,42.5,613.0,365.0,1,0,0.38,0.87,0.87,0.246,19.77,20.13,20.57,3
88,20.91,41.1,400.0,488.0,0,0,0.25,0.5,0.2,0.186,20.86,21.07,21.15,2
89,21.64,50.1,400.0,585.0,0,1,0.53,0.31,0.9,0.264,22.03,22.81,21.34,0
90,21.8,52.1,400.0,688.0,0,1,0.64,0.18,0.23,0.158,22.22,21.87,21.44,2
91,23.92,54.5,400.0,333.0,0,0,0.7,0.83,0.78,0.263,24.23,24.06,24.35,2
92,22.85,54.8,400.0,676.0,0,1,0.71,0.55,0.92,0.229,23.57,22.8,22.67,1
93,23.26,50.9,400.0,611.0,0,0,0.58,0.23,0.56,0.254,23.47,22.69,23.33,2
94,22.34,45.4,687.0,442.0,1,1,0.15,0.82,0.16,0.138,22.23,21.33,22.64,2
95,22.54,54.1,400.0,520.0,0,1,0.88,0.7,0.9,0.169,22.76,21.85,22.31,2
96,20.52,51.7,696.0,252.0,1,0,0.35,0.2,0.68,0.313,20.47,20.67,20.56,4
97,20.85,45.1,671.0,259.0,1,0,0.74,0.3,0.16,0.162,20.65,20.96,21.08,2
98,21.03,43.9,400.0,662.0,0,0,0.11,0.13,0.39,0.355,21.08,20.89,21.36,2
99,24.84,53.5,400.0,203.0,0,0,0.42,0.01,0.54,0.28,25.7,24.81,24.74,2
100,21.73,47.7,685.0,296.0,1,0,0.82,0.29,0.13,0.257,22.64,21.62,21.36,2
101,22.27,50.5,469.0,326.0,1,1,0.58,0.95,0.72,0.342,22.02,22.4,22.26,3
102,21.62,58.7,400.0,415.0,0,0,0.03,0.43,0.38,0.219,21.27,22.34,21.56,2
103,22.94,47.7,400.0,658.0,0,0,0.45,0.27,0.77,0.389,23.05,22.73,22.96,2
104,21.0,44.6,400.0,378.0,0,0,0.7,0.34,0.53,0.119,21.77,21.72,21.27,3
105,24.43,49.8,615.0,515.0,1,1,0.68,0.06,0.79,0.303,24.48,24.75,24.46,3
106,21.45,46.9,400.0,642.0,0,0,0.18,0.33,0.76,0.256,21.36,20.96,21.92,2
107,22.89,46.8,400.0,263.0,0,0,0.85,0.96,0.09,0.307,22.78,21.5,23.12,1
108,21.21,43.0,619.0,548.0,1,1,0.9,0.04,0.12,0.339,20.88,21.79,21.41,1
109,21.59,40.8,400.0,308.0,0,0,0.77,0.54,0.67,0.354,21.29,20.82,21.54,2
110,22.28,56.2,400.0,338.0,0,1,0.18,0.77,0.31,0.305,22.83,22.06,21.86,4
111,21.61,52.2,698.0,233.0,1,1,0.24,0.7,0.05,0.121,22.0,21.02,21.61,1
112,22.02,51.6,551.0,413.0,1,1,0.28,0.04,0.25,0.241,22.13,21.17,22.44,4
113,20.37,55.4,597.0,642.0,1,0,0.72,0.3,0.11,0.362,20.74,20.58,19.8,2
114,22.11,48.0,400.0,358.0,0,0,0.37,0.55,0.13,0.263,22.29,21.81,22.4,2
115,23.51,42.0,468.0,493.0,1,1,0.18,0.83,0.97,0.175,23.28,23.95,23.77,3
116,24.15,45.1,428.0,545.0,1,0,0.68,0.9,0.51,0.307,24.52,23.8,24.38,2
117,23.17,50.7,400.0,290.0,0,1,0.74,0.18,0.65,0.183,23.47,22.99,22.78,1
118,24.08,48.7,400.0,443.0,0,1,0.63,0.85,0.95,0.168,23.91,23.49,24.35,4
119,24.34,44.7,400.0,332.0,0,1,0.53,0.42,0.86,0.163,23.81,23.5,23.98,3
120,21.49,58.0,648.0,693.0,1,0,0.63,0.1,0.31,0.285,21.34,22.12,21.39,3
121,20.92,53.3,668.0,669.0,1,0,0.24,0.15,0.23,0.363,21.46,20.59,20.76,2
122,20.56,42.6,611.0,400.0,1,0,0.64,0.35,0.34,0.13,20.4,20.49,20.67,3
123,20.5,57.8,400.0,658.0,0,1,0.22,0.44,0.18,0.151,20.48,21.29,20.11,4
124,24.74,57.9,689.0,499.0,1,1,0.14,0.14,0.7,0.256,25.42,25.0,24.58,2
125,20.67,57.8,400.0,595.0,0,0,0.11,0.69,0.25,0.374,20.06,20.54,20.66,1
126,23.22,43.4,400.0,478.0,0,0,0.83,0.02,0.44,0.142,24.05,22.95,23.05,2
127,20.35,57.2,400.0,233.0,0,1,0.57,0.67,0.42,0.163,19.56,19.92,20.19,2
128,21.28,59.2,400.0,384.0,0,0,0.29,0.61,0.7,0.127,20.96,20.36,20.8,3
129,22.18,41.6,500.0,435.0,1,1,0.12,0.88,0.1,0.18,22.63,21.78,22.04,2
130,23.45,42.6,574.0,534.0,1,1,0.7,0.79,0.47,0.346,23.5,23.1,23.15,2
131,23.72,43.4,414.0,681.0,1,0,0.74,0.96,0.97,0.297,24.5,25.36,23.85,2
132,22.25,48.1,488.0,228.0,1,0,0.7,0.25,0.62,0.205,23.01,22.48,22.43,2
133,20.8,41.4,400.0,526.0,0,0,0.22,0.02,0.1,0.262,20.71,19.79,20.82,2
134,21.12,47.3,487.0,393.0,1,1,0.74,0.68,0.63,0.309,21.46,21.04,20.82,2
135,20.12,46.2,541.0,565.0,1,0,0.98,0.16,0.42,0.17,20.66,19.8,20.49,2
136,21.17,55.9,547.0,529.0,1,1,0.42,0.29,0.99,0.268,19.88,21.9,21.06,1
137,24.09,44.0,400.0,675.0,0,1,0.49,0.75,0.97,0.292,24.22,24.84,24.02,4
138,21.56,57.9,524.0,427.0,1,0,0.21,0.89,0.89,0.289,22.07,20.98,21.76,2
139,21.26,57.9,661.0,582.0,1,0,0.07,0.25,0.47,0.184,20.97,20.56,21.24,1
140,23.22,41.2,429.0,426.0,1,0,0.71,0.89,0.99,0.175,23.0,22.93,23.09,4
141,20.72,52.1,439.0,476.0,1,0,0.34,0.39,1.0,0.306,20.72,21.49,20.32,2
142,22.43,40.1,400.0,248.0,0,0,0.49,0.26,0.24,0.334,22.28,21.57,22.81,2
143,21.93,52.5,400.0,404.0,0,1,0.49,0.65,0.15,0.237,22.14,22.07,22.18,2
144,22.2,56.8,441.0,593.0,1,1,0.42,0.74,0.59,0.283,22.16,23.04,21.91,3
145,24.77,40.8,400.0,365.0,0,0,0.9,0.99,0.29,0.203,24.2,23.92,25.03,1
146,23.38,52.1,504.0,328.0,1,1,0.79,0.1,0.2,0.172,23.68,22.41,23.31,2
147,24.02,53.7,482.0,497.0,1,1,0.65,0.21,0.0,0.336,23.9,23.34,23.67,3
148,22.58,46.9,596.0,500.0,1,1,0.14,0.51,0.36,0.199,23.21,23.59,22.43,2
149,22.42,55.0,400.0,654.0,0,1,0.05,0.24,0.23,0.338,22.77,22.31,22.82,2
150,20.97,49.9,515.0,444.0,1,1,0.4,0.92,0.49,0.265,21.4,20.82,21.18,2
151,22.16,48.8,478.0,574.0,1,0,0.82,0.1,0.85,0.196,22.14,23.27,22.09,3
152,21.27,54.3,587.0,611.0,1,0,0.36,0.1,0.11,0.278,21.02,20.96,21.54,2
153,24.1,59.5,552.0,583.0,1,0,0.42,0.89,0.27,0.306,23.59,24.19,24.24,3
154,20.6,52.7,400.0,578.0,0,1,0.18,0.54,0.92,0.346,19.88,18.51,20.37,2
155,20.7,46.3,651.0,309.0,1,0,0.69,0.8,0.56,0.192,21.37,21.9,21.12,3
156,24.05,42.2,400.0,273.0,0,1,0.22,0.98,0.54,0.395,24.06,22.97,24.07,2
157,23.23,44.8,663.0,577.0,1,1,0.49,0.61,0.32,0.112,24.24,23.12,22.98,2
158,23.66,48.2,400.0,401.0,0,1,0.94,0.8,0.89,0.3,23.93,23.95,23.72,4
159,24.28,42.7,412.0,304.0,1,1,0.82,0.64,0.41,0.321,23.94,23.46,24.67,1
160,24.77,48.7,656.0,597.0,1,1,0.92,0.39,0.05,0.121,23.98,24.73,24.84,1
161,23.14,55.9,400.0,295.0,0,0,0.79,0.35,1.0,0.298,22.31,22.56,23.58,2
162,20.76,58.3,400.0,346.0,0,0,0.77,0.17,0.73,0.253,21.46,19.54,20.64,3
163,22.77,59.8,400.0,558.0,0,1,0.71,0.06,0.07,0.378,22.26,22.27,22.48,2
164,24.16,49.5,605.0,342.0,1,0,0.48,0.36,0.21,0.113,24.14,25.87,23.7,2
165,22.37,42.4,642.0,519.0,1,0,0.54,0.43,0.31,0.308,23.3,22.69,22.39,2
166,22.6,55.3,412.0,212.0,1,0,0.6,0.99,0.95,0.365,22.48,22.72,22.08,2
167,21.94,51.7,400.0,284.0,0,0,0.16,0.27,0.02,0.368,21.62,21.9,22.26,3
168,24.81,51.2,400.0,648.0,0,0,0.19,0.56,0.39,0.103,24.17,25.24,24.92,1
169,20.69,41.2,616.0,314.0,1,1,0.29,0.36,0.25,0.316,21.06,23.5,21.08,4
170,22.48,44.8,400.0,339.0,0,0,0.1,0.53,0.85,0.316,22.33,22.21,22.46,2
171,23.34,43.3,400.0,421.0,0,1,0.33,0.63,0.58,0.239,23.57,23.19,23.28,2
172,24.96,52.7,543.0,262.0,1,0,0.81,0.27,0.93,0.101,24.89,25.32,24.69,2
173,24.68,47.3,432.0,543.0,1,0,0.69,0.47,0.63,0.369,24.96,24.98,24.2,2
174,22.7,58.1,400.0,475.0,0,0,0.06,0.56,0.97,0.242,23.37,23.22,22.86,2
175,21.19,42.0,400.0,212.0,0,1,0.71,0.72,0.08,0.245,21.31,21.73,21.51,4
176,21.92,52.5,400.0,481.0,0,1,0.8,0.31,0.71,0.31,22.72,22.04,21.46,3
177,23.98,48.7,673.0,387.0,1,0,0.4,0.39,0.4,0.371,24.12,23.27,23.95,2
178,21.53,48.8,687.0,499.0,1,0,0.42,0.36,0.42,0.301,22.42,21.14,20.94,2
179,22.12,53.8,400.0,305.0,0,0,0.56,0.15,0.57,0.393,21.87,22.4,21.95,2
180,24.17,45.1,614.0,691.0,1,1,0.79,0.18,0.08,0.22,25.0,24.7,24.08,2
181,24.06,55.2,461.0,608.0,1,0,0.53,0.88,0.65,0.191,24.2,24.91,23.61,2
182,23.74,45.4,550.0,451.0,1,1,0.51,0.51,0.55,0.244,23.06,22.75,23.78,2
183,24.33,55.4,400.0,215.0,0,1,0.69,0.06,0.57,0.353,24.17,24.05,24.0,4
184,24.95,44.1,400.0,249.0,0,0,0.82,0.2,0.33,0.281,24.39,24.92,24.29,2
185,23.01,43.6,400.0,213.0,0,1,0.97,0.59,0.61,0.349,22.99,24.16,23.33,2
186,22.29,54.4,400.0,304.0,0,1,0.72,0.36,0.45,0.152,22.88,23.31,22.36,2
187,21.75,49.3,400.0,308.0,0,0,0.59,0.61,0.83,0.39,22.3,22.18,21.96,3
188,20.79,46.3,530.0,463.0,1,1,0.28,0.02,0.65,0.386,20.41,19.46,20.42,2
189,22.43,47.6,400.0,635.0,0,0,0.2,0.86,0.95,0.283,22.43,22.25,22.43,3
190,23.66,51.6,452.0,251.0,1,0,0.69,0.22,0.58,0.308,23.65,24.15,23.92,3
191,24.75,46.1,400.0,267.0,0,1,0.34,0.22,0.51,0.277,25.27,23.61,24.62,2
192,20.42,44.2,400.0,220.0,0,0,0.3,0.58,0.95,0.213,20.03,19.54,20.71,2
193,22.67,42.2,668.0,243.0,1,0,0.96,0.79,0.83,0.151,22.35,22.05,22.62,2
194,23.03,50.2,646.0,349.0,1,1,0.15,0.83,0.31,0.265,22.15,23.55,23.36,2
195,23.63,44.1,400.0,442.0,0,0,0.16,0.16,0.16,0.253,24.14,23.33,23.0,2
196,20.54,52.8,400.0,631.0,0,0,0.18,0.24,0.26,0.364,20.75,22.88,20.41,2
197,22.77,54.2,524.0,526.0,1,1,0.82,0.72,0.13,0.286,22.83,22.41,22.71,2
198,22.56,58.2,681.0,561.0,1,0,0.54,0.18,0.03,0.257,21.74,21.86,22.9,3
199,21.53,41.4,519.0,402.0,1,0,0.03,0.2,0.77,0.223,22.21,22.2,21.62,1
200,22.37,52.5,640.0,610.0,1,1,0.49,0.06,0.34,0.147,21.95,21.71,21.95,2
201,20.96,57.4,551.0,349.0,1,1,0.3,0.46,0.81,0.147,21.05,20.86,21.11,2
202,24.94,51.2,597.0,248.0,1,0,0.5,0.29,0.93,0.226,24.54,23.47,25.51,2
203,21.79,49.3,400.0,392.0,0,0,0.43,0.79,0.34,0.246,21.3,22.75,21.41,1
204,21.48,44.3,400.0,433.0,0,0,0.65,0.33,0.86,0.307,21.21,20.85,20.84,2
205,24.29,50.2,455.0,348.0,1,1,0.74,0.8,0.03,0.242,24.31,24.54,23.93,2
206,21.55,50.3,400.0,246.0,0,1,0.89,0.91,0.11,0.166,21.01,22.6,21.53,1
207,23.55,49.6,656.0,563.0,1,0,0.67,0.0,0.36,0.27,23.59,23.46,23.71,0
208,22.26,52.9,590.0,463.0,1,0,0.34,0.46,0.51,0.201,21.93,23.11,21.97,2
209,24.36,46.5,400.0,613.0,0,1,0.23,0.46,0.94,0.294,25.11,24.78,25.08,2
210,20.29,44.1,400.0,429.0,0,1,0.96,0.98,0.24,0.163,20.13,19.94,20.67,1
211,20.45,48.0,400.0,534.0,0,0,0.06,0.14,0.46,0.193,20.99,20.33,20.64,2
212,21.47,52.4,515.0,238.0,1,0,0.19,0.26,0.2,0.197,21.46,22.46,21.94,2
213,22.36,42.9,400.0,549.0,0,1,0.75,0.18,0.05,0.124,22.73,22.8,22.27,2
214,23.62,43.6,535.0,555.0,1,0,0.19,0.89,0.44,0.396,24.45,22.67,23.74,2
215,20.43,43.2,682.0,257.0,1,0,0.34,0.74,0.23,0.231,21.09,20.76,20.5,3
216,24.85,45.9,423.0,414.0,1,1,0.82,0.46,0.88,0.174,25.21,25.56,24.65,2
217,20.81,58.1,400.0,581.0,0,0,0.2,0.1,0.3,0.275,21.3,20.59,20.61,1
218,23.07,44.3,403.0,336.0,1,0,0.73,0.07,0.78,0.203,22.03,23.85,23.34,2
219,23.29,44.4,400.0,509.0,0,0,0.71,0.57,0.83,0.193,23.02,21.83,23.23,2
220,21.98,50.3,400.0,524.0,0,0,0.25,0.19,0.5,0.253,22.04,22.61,22.07,2
221,22.11,44.8,672.0,332.0,1,0,0.19,0.07,0.43,0.389,22.59,20.81,22.33,2
222,20.96,50.8,400.0,693.0,0,0,0.98,0.52,0.34,0.228,21.46,20.06,20.82,2
223,22.1,45.5,497.0,242.0,1,0,0.61,0.37,0.53,0.137,22.32,20.8,22.03,2
224,22.16,59.0,463.0,498.0,1,1,0.68,0.85,0.61,0.234,23.15,22.78,22.23,3
225,22.02,52.0,400.0,460.0,0,1,0.93,0.44,0.57,0.249,22.41,21.37,22.57,2
226,22.69,51.2,593.0,389.0,1,0,0.37,0.98,0.62,0.105,22.66,23.24,22.68,2
227,22.71,55.6,419.0,264.0,1,0,0.29,0.35,0.98,0.221,22.66,21.66,22.68,2
228,20.97,49.5,400.0,547.0,0,1,0.85,0.77,0.41,0.34,20.04,21.48,21.29,3
229,23.79,48.3,613.0,687.0,1,0,0.98,0.38,0.51,0.288,23.33,23.25,23.61,3
230,20.92,59.6,400.0,537.0,0,1,0.57,1.0,0.85,0.301,21.38,20.17,20.15,3
231,20.02,41.0,403.0,571.0,1,0,0.93,0.49,0.02,0.31,19.21,20.2,20.12,4
232,21.39,49.8,483.0,246.0,1,0,0.17,1.0,0.63,0.141,21.5,20.75,20.99,3
233,21.78,47.9,400.0,558.0,0,1,0.98,0.8,0.46,0.394,21.34,20.02,21.92,3
234,20.26,55.0,400.0,234.0,0,0,0.66,0.16,0.05,0.21,19.71,20.77,19.81,2
235,23.0,58.5,400.0,487.0,0,0,0.12,0.71,0.51,0.379,22.63,23.89,22.6,2
236,24.7,49.0,546.0,603.0,1,1,0.48,0.55,0.25,0.178,25.71,24.55,24.27,1
237,21.3,49.7,400.0,501.0,0,1,0.92,0.38,0.62,0.334,22.23,22.3,21.23,2
238,25.0,57.2,400.0,253.0,0,1,0.99,0.54,0.75,0.34,25.43,23.07,25.02,2
239,20.52,48.0,518.0,242.0,1,0,0.86,0.91,0.86,0.286,20.85,21.31,20.9,2
240,20.67,40.9,435.0,620.0,1,0,0.49,0.74,0.13,0.12,20.77,21.72,20.79,2
241,24.66,59.6,400.0,394.0,0,0,0.62,0.22,0.09,0.155,25.11,25.12,24.23,2
242,22.72,57.7,522.0,450.0,1,0,0.54,0.79,0.46,0.281,23.49,21.75,23.14,2
243,23.25,40.9,400.0,286.0,0,0,0.24,0.66,0.46,0.353,23.99,23.04,23.49,2
244,24.96,57.6,400.0,475.0,0,1,0.95,0.91,0.14,0.37,24.95,23.88,24.99,2
245,21.56,46.1,555.0,423.0,1,1,0.6,0.53,0.62,0.29,22.06,22.61,21.65,2
246,24.67,45.9,400.0,593.0,0,1,0.09,0.95,0.08,0.335,24.53,24.29,24.54,2
247,20.32,52.1,400.0,252.0,0,1,0.95,0.38,0.77,0.299,20.69,21.12,20.61,2
248,21.95,50.1,400.0,672.0,0,1,0.59,0.11,0.65,0.353,21.99,22.23,21.82,2
249,21.09,58.2,400.0,688.0,0,0,0.37,0.64,0.68,0.252,20.44,21.36,21.02,2
250,20.69,51.1,400.0,613.0,0,0,0.95,0.75,0.88,0.362,20.76,20.62,20.4,2
251,20.24,55.4,638.0,427.0,1,0,0.84,0.34,0.47,0.317,19.79,18.64,20.23,3
252,22.96,56.5,574.0,677.0,1,1,0.71,0.69,0.53,0.347,22.52,23.86,23.37,3
253,20.69,55.7,400.0,254.0,0,0,0.32,0.43,0.95,0.373,20.77,19.84,20.72,2
254,21.42,41.5,577.0,682.0,1,0,0.28,0.35,0.98,0.343,21.21,22.26,21.82,2
255,21.55,49.0,400.0,498.0,0,1,0.93,0.64,0.46,0.353,21.77,21.32,21.86,1
256,21.54,58.0,697.0,394.0,1,1,0.64,0.28,0.21,0.218,21.09,22.13,22.09,3
257,23.8,52.6,654.0,350.0,1,1,0.23,0.42,0.32,0.325,24.43,23.43,23.95,2
258,24.32,45.5,506.0,359.0,1,0,0.18,0.95,0.26,0.374,24.23,23.63,24.95,2
259,24.63,56.7,400.0,530.0,0,1,0.82,0.04,0.44,0.173,24.33,24.05,24.88,1
260,21.91,57.6,582.0,353.0,1,1,0.89,0.95,0.55,0.295,21.75,23.03,22.18,2
261,21.56,53.6,676.0,599.0,1,1,0.49,0.65,0.5,0.163,21.46,22.14,21.02,1
262,20.86,54.6,632.0,533.0,1,1,0.45,0.54,0.61,0.233,21.02,21.37,20.99,2
263,20.24,51.4,400.0,556.0,0,0,0.4,0.57,0.01,0.35,20.17,20.53,20.27,2
264,23.87,51.3,400.0,548.0,0,0,0.36,0.15,0.55,0.237,24.33,24.59,23.71,2
265,23.63,42.2,462.0,537.0,1,1,0.01,0.11,0.43,0.244,23.58,23.26,24.02,2
266,24.22,49.1,400.0,413.0,0,0,0.53,0.25,0.89,0.259,24.49,23.26,24.13,2
267,21.02,50.6,505.0,377.0,1,1,0.38,0.84,0.59,0.344,21.59,20.69,21.55,1
268,20.68,49.7,449.0,601.0,1,0,0.67,0.92,0.01,0.286,21.68,20.34,20.45,2
269,22.68,42.0,650.0,320.0,1,1,0.83,0.55,0.43,0.155,23.54,21.97,22.72,2
270,24.49,51.2,400.0,650.0,0,1,0.09,0.82,0.07,0.362,24.67,23.75,24.44,3
271,20.05,52.8,558.0,336.0,1,0,0.08,0.49,0.26,0.376,19.38,21.71,20.07,3
272,20.31,49.0,400.0,225.0,0,1,0.87,0.2,0.73,0.232,19.69,21.13,20.13,3
273,20.13,54.6,532.0,428.0,1,0,0.29,0.5,0.44,0.306,20.18,19.02,20.26,2
274,23.67,43.0,492.0,269.0,1,0,0.13,0.79,0.75,0.339,24.23,24.05,24.27,2
275,20.07,57.0,400.0,395.0,0,1,0.7,0.86,0.43,0.377,20.53,21.57,20.32,2
276,22.03,49.5,541.0,665.0,1,1,0.42,0.26,0.93,0.18,21.09,22.35,22.13,4
277,23.91,52.6,400.0,503.0,0,1,0.93,0.44,0.05,0.238,23.59,24.24,23.85,2
278,22.57,57.8,400.0,541.0,0,1,0.15,0.75,0.47,0.105,22.47,23.08,22.32,4
279,20.04,51.3,494.0,311.0,1,1,0.81,0.02,0.59,0.201,19.82,19.33,20.41,2
280,24.91,43.7,400.0,319.0,0,1,0.93,0.82,0.8,0.286,24.53,24.46,24.89,1
281,22.68,56.0,400.0,554.0,0,0,0.95,0.71,0.26,0.357,22.78,22.17,22.45,2
282,23.76,46.0,482.0,349.0,1,0,0.3,0.43,0.08,0.174,23.33,24.7,23.87,2
283,21.13,54.3,400.0,649.0,0,0,0.55,0.94,0.6,0.243,21.23,19.8,20.95,2
284,21.64,53.4,573.0,404.0,1,0,0.5,0.82,0.58,0.105,21.66,23.32,21.7,2
285,20.99,52.3,489.0,559.0,1,1,0.94,0.85,0.46,0.317,21.1,19.91,20.96,0
286,21.0,50.7,525.0,397.0,1,1,0.86,0.72,0.42,0.338,20.82,20.58,20.81,2
287,24.64,42.0,410.0,424.0,1,1,0.63,0.17,0.69,0.17,24.82,24.9,24.96,2
288,21.44,43.1,400.0,481.0,0,1,0.57,0.02,0.57,0.278,21.68,20.95,21.45,1
289,21.38,44.0,595.0,429.0,1,1,0.04,0.34,0.55,0.296,21.48,24.22,20.92,2
290,22.43,59.4,400.0,298.0,0,0,0.4,0.85,0.5,0.269,21.49,22.04,22.59,2
291,24.94,58.6,400.0,431.0,0,1,0.37,0.98,0.64,0.236,24.31,25.23,24.62,1
292,23.02,45.1,593.0,452.0,1,1,0.18,0.3,0.89,0.34,23.73,23.9,22.59,3
293,21.3,51.4,553.0,668.0,1,1,0.96,0.81,0.66,0.248,20.74,20.41,21.37,0
294,21.31,57.1,400.0,220.0,0,1,0.16,0.37,0.86,0.113,21.52,22.1,21.72,2
295,24.68,42.2,667.0,330.0,1,0,0.05,0.06,0.58,0.267,24.86,23.56,24.84,2
296,23.39,43.4,400.0,653.0,0,1,0.72,0.82,0.6,0.205,23.38,23.86,23.57,3
297,24.14,47.9,400.0,539.0,0,0,0.66,0.64,0.47,0.191,24.65,24.18,24.17,1
298,22.62,47.6,400.0,580.0,0,0,0.35,0.37,0.89,0.199,22.73,23.11,22.46,0
299,20.08,45.9,533.0,627.0,1,1,0.85,0.71,0.85,0.333,20.2,20.37,20.33,3
300,20.19,52.7,400.0,606.0,0,1,0.85,0.26,0.91,0.163,19.97,19.28,20.15,2
301,22.79,59.2,551.0,491.0,1,0,0.46,0.48,0.09,0.174,22.96,22.86,23.12,2
302,22.02,49.6,610.0,258.0,1,0,0.67,0.63,0.55,0.196,22.26,22.0,22.05,3
303,21.19,55.8,552.0,348.0,1,1,0.55,0.2,0.68,0.244,20.73,20.62,21.0,1
304,24.97,53.8,400.0,434.0,0,1,0.11,0.14,0.22,0.233,24.85,26.64,24.76,2
305,20.73,46.2,561.0,529.0,1,0,0.59,0.37,0.53,0.271,20.72,20.56,20.61,2
306,22.75,58.5,400.0,643.0,0,1,0.01,0.28,0.05,0.115,23.24,20.36,22.68,2
307,22.7,56.7,573.0,599.0,1,1,0.82,0.52,0.92,0.115,22.3,21.54,22.94,2
308,22.31,58.4,400.0,694.0,0,0,0.73,0.26,0.59,0.174,22.7,23.71,22.46,3
309,20.26,58.2,400.0,624.0,0,0,0.91,0.72,0.34,0.349,19.87,21.16,20.11,2
310,20.45,42.8,400.0,671.0,0,0,0.31,0.11,0.74,0.123,21.35,20.86,20.91,2
311,23.57,40.7,497.0,501.0,1,0,0.42,0.93,0.69,0.352,22.75,23.65,23.66,2
312,20.72,49.9,400.0,542.0,0,1,0.86,0.89,0.74,0.192,20.8,20.33,20.87,1
313,21.79,58.4,400.0,576.0,0,1,0.52,0.08,0.83,0.102,21.33,21.34,21.03,2
314,22.38,40.5,626.0,604.0,1,1,0.89,0.3,0.85,0.361,22.14,21.96,22.38,2
315,24.87,49.8,400.0,354.0,0,1,0.78,0.91,0.99,0.301,24.97,26.03,24.25,3
316,24.42,41.4,400.0,329.0,0,0,0.45,0.95,0.76,0.303,24.27,24.74,24.06,2
317,22.94,59.4,666.0,640.0,1,1,0.88,0.68,0.77,0.305,22.17,21.61,23.39,3
318,22.21,49.3,400.0,427.0,0,1,0.06,0.41,0.28,0.4,22.21,20.97,22.32,3
319,22.34,59.1,400.0,607.0,0,1,0.8,0.04,0.13,0.335,21.89,21.23,22.3,2
320,23.31,44.1,558.0,273.0,1,0,0.4,0.52,0.5,0.17,22.65,24.2,23.18,2
321,20.71,57.8,400.0,678.0,0,1,0.54,0.47,0.21,0.283,21.35,20.05,20.36,2
322,20.12,47.8,400.0,231.0,0,0,0.87,0.33,0.21,0.245,20.03,19.15,20.28,2
323,20.63,58.9,400.0,228.0,0,1,0.95,0.47,0.83,0.341,21.46,21.28,20.92,2
324,20.8,58.5,400.0,376.0,0,1,0.28,0.04,0.13,0.362,20.94,21.67,21.14,3
325,22.25,59.7,400.0,340.0,0,0,0.73,0.18,0.07,0.108,22.46,22.87,22.45,2
326,22.09,51.5,554.0,228.0,1,1,0.14,0.86,0.8,0.119,21.6,22.4,21.85,1
327,21.57,50.4,634.0,262.0,1,1,0.61,0.29,0.39,0.325,20.79,20.25,21.46,2
328,20.77,43.4,530.0,255.0,1,1,0.9,0.94,0.95,0.195,20.54,21.81,21.33,2
329,22.14,50.8,500.0,424.0,1,1,0.12,0.87,0.36,0.233,22.06,22.0,21.99,1
330,23.66,44.4,460.0,256.0,1,1,0.35,0.79,0.38,0.274,23.41,23.44,23.57,1
331,21.34,46.2,400.0,519.0,0,1,0.7,0.04,0.55,0.144,21.99,22.05,21.12,3
332,24.19,45.0,660.0,284.0,1,1,0.56,0.2,0.38,0.26,24.41,24.57,23.77,2
333,22.9,49.0,400.0,215.0,0,1,0.87,0.57,0.51,0.313,23.48,23.12,22.51,3
334,21.9,50.4,590.0,258.0,1,0,0.97,0.78,0.47,0.387,21.38,22.74,21.85,2
335,21.12,53.0,428.0,474.0,1,0,0.52,0.67,0.52,0.323,20.12,22.1,20.68,1
336,21.49,58.8,400.0,441.0,0,1,0.56,0.15,0.44,0.305,21.61,21.47,21.27,2
337,21.87,57.2,400.0,306.0,0,0,0.91,0.97,0.05,0.187,22.42,22.51,22.01,2
338,23.15,41.7,478.0,489.0,1,0,0.75,0.04,0.61,0.234,23.32,22.56,23.47,3
339,24.14,42.6,658.0,486.0,1,1,0.72,0.69,0.17,0.138,24.48,23.4,24.38,2
340,20.94,47.3,585.0,666.0,1,1,0.85,0.58,0.61,0.323,20.67,21.78,21.32,3
341,21.45,54.6,400.0,613.0,0,0,0.03,0.56,0.21,0.117,21.18,21.76,21.38,3
342,20.68,54.7,480.0,273.0,1,0,0.09,0.71,0.34,0.195,20.32,20.31,20.34,3
343,20.27,44.6,400.0,423.0,0,0,0.82,0.8,0.41,0.273,20.66,20.17,20.57,2
344,22.29,50.1,698.0,537.0,1,1,0.78,0.54,0.71,0.172,21.9,22.73,22.58,2
345,24.83,42.4,601.0,668.0,1,1,0.14,0.56,0.43,0.19,24.89,25.17,24.62,2
346,22.58,53.0,400.0,686.0,0,1,0.47,0.98,0.11,0.351,22.7,23.23,22.68,2
347,20.7,54.0,535.0,636.0,1,1,0.19,0.85,0.58,0.278,21.34,19.41,20.82,2
348,24.05,43.0,400.0,631.0,0,1,0.66,0.43,0.8,0.134,23.92,23.24,23.74,2
349,21.55,56.8,400.0,230.0,0,1,0.41,0.25,0.21,0.25,21.45,20.27,21.72,1
350,24.3,51.0,515.0,223.0,1,1,0.28,0.97,0.54,0.37,23.93,24.36,24.61,1
351,24.83,57.7,400.0,424.0,0,0,0.8,0.4,0.69,0.127,24.38,23.46,25.11,4
352,20.53,44.5,400.0,315.0,0,1,0.57,0.64,0.99,0.261,21.14,21.07,20.31,2
353,23.03,46.6,653.0,567.0,1,1,0.82,0.56,0.49,0.286,23.81,23.94,23.1,1
354,24.59,40.1,400.0,218.0,0,1,0.23,0.63,0.99,0.14,24.73,25.66,24.21,1
355,21.41,45.6,400.0,585.0,0,0,0.58,0.85,0.96,0.131,22.29,21.04,21.44,4
356,21.72,57.0,400.0,491.0,0,1,0.93,0.28,0.95,0.367,22.22,22.19,21.87,1
357,22.84,49.1,400.0,560.0,0,1,0.68,0.69,0.08,0.214,22.59,22.88,22.79,2
358,21.94,52.5,597.0,531.0,1,1,0.77,0.96,0.31,0.358,21.45,22.27,22.09,2
359,20.85,43.9,550.0,329.0,1,0,0.77,0.73,0.6,0.245,20.95,21.08,20.85,2
360,23.34,41.4,618.0,672.0,1,1,0.83,0.12,0.25,0.335,23.33,22.12,23.17,2
361,20.8,49.3,495.0,347.0,1,0,0.65,0.49,0.84,0.137,21.0,19.69,20.73,2
362,24.14,57.2,400.0,204.0,0,0,0.53,0.5,0.93,0.183,24.06,24.5,23.61,1
363,23.41,46.8,497.0,608.0,1,1,0.69,0.76,0.66,0.342,22.77,23.2,23.61,2
364,21.83,50.1,400.0,650.0,0,0,0.72,0.21,0.82,0.298,22.18,21.53,21.94,2
365,23.17,45.2,574.0,652.0,1,1,0.19,0.17,0.96,0.376,23.14,23.21,23.14,2
366,23.21,49.3,551.0,335.0,1,1,0.81,0.11,0.91,0.22,22.64,23.29,23.54,3
367,22.71,47.9,400.0,431.0,0,1,0.41,0.61,0.82,0.337,22.78,23.84,22.47,2
368,24.49,59.8,400.0,376.0,0,1,0.2,0.06,0.74,0.333,24.51,25.7,25.02,3
369,24.1,48.7,615.0,347.0,1,0,0.74,0.11,0.72,0.341,23.69,23.76,24.15,2
370,20.45,51.3,524.0,537.0,1,0,0.39,0.6,0.04,0.267,20.9,20.5,20.43,2
371,22.43,56.1,400.0,322.0,0,0,0.11,0.38,0.1,0.303,22.19,22.27,22.07,3
372,20.78,55.8,400.0,231.0,0,1,0.1,0.75,0.55,0.399,19.82,22.06,20.65,4
373,22.39,59.0,400.0,542.0,0,0,0.92,0.42,0.77,0.354,23.2,24.74,22.72,2
374,22.24,45.0,400.0,380.0,0,0,0.86,0.13,0.92,0.348,23.03,21.23,22.85,0
375,24.13,49.1,400.0,552.0,0,1,1.0,0.58,0.76,0.191,23.69,24.46,23.92,2
376,23.86,48.8,400.0,594.0,0,0,0.41,0.46,0.77,0.356,23.52,24.21,24.19,2
377,20.5,48.3,400.0,379.0,0,0,0.85,0.09,0.49,0.119,20.15,21.61,20.09,3
378,24.9,54.5,409.0,418.0,1,1,0.29,0.67,0.91,0.318,25.37,24.94,25.0,3
379,23.35,57.5,400.0,657.0,0,0,0.31,0.82,0.51,0.238,23.59,23.33,23.14,2
380,20.74,57.4,400.0,522.0,0,0,0.2,0.63,0.96,0.361,21.19,20.27,21.1,2
381,23.91,59.8,400.0,499.0,0,1,0.9,0.62,0.17,0.224,23.79,23.84,23.74,3
382,20.21,59.0,400.0,700.0,0,1,0.96,0.86,0.66,0.338,19.91,20.29,19.85,1
383,23.75,45.1,400.0,322.0,0,0,0.5,0.72,0.4,0.243,24.68,23.78,23.68,2
384,24.94,40.1,486.0,301.0,1,1,0.36,0.69,0.63,0.159,25.35,25.36,25.07,4
385,20.82,58.0,400.0,487.0,0,1,1.0,0.11,0.7,0.399,21.51,22.09,20.88,2
386,23.75,40.7,400.0,311.0,0,0,0.69,0.43,0.37,0.15,24.31,23.94,23.67,2
387,22.89,59.7,400.0,272.0,0,1,0.79,0.24,0.83,0.376,23.0,21.45,23.12,3
388,23.8,59.3,400.0,605.0,0,1,0.05,0.09,0.97,0.391,22.68,23.33,23.88,2
389,23.37,49.2,469.0,675.0,1,1,0.16,0.15,0.0,0.189,24.1,23.55,23.68,2
390,24.97,51.2,400.0,341.0,0,0,0.84,0.36,0.84,0.354,25.31,24.96,24.2,2
391,22.4,54.5,400.0,628.0,0,1,0.33,0.03,0.01,0.224,22.17,22.79,22.49,2
392,20.19,59.2,400.0,678.0,0,1,0.32,0.73,0.27,0.257,20.84,19.33,19.93,3
393,21.75,50.4,644.0,368.0,1,1,0.51,0.29,0.99,0.227,21.34,22.13,22.66,2
394,24.04,41.7,489.0,291.0,1,0,0.51,0.74,0.89,0.275,24.21,24.57,23.87,2
395,23.31,45.8,400.0,238.0,0,1,0.15,0.69,0.29,0.157,23.72,25.06,23.37,2
396,24.83,47.1,460.0,438.0,1,0,0.25,0.68,0.93,0.122,25.68,24.53,24.87,1
397,24.47,44.5,400.0,377.0,0,0,0.18,0.77,0.81,0.359,24.07,23.93,24.04,2
398,20.66,44.8,418.0,234.0,1,1,0.14,0.57,0.82,0.148,21.3,21.27,20.8,2
399,23.46,59.3,400.0,565.0,0,0,0.6,0.99,0.33,0.2,24.0,22.74,23.83,4
400,22.28,51.1,400.0,443.0,0,1,0.91,0.98,0.09,0.31,22.5,21.6,22.18,2
401,20.96,47.1,658.0,537.0,1,0,0.5,0.8,0.69,0.177,20.76,22.25,20.67,2
402,22.64,58.3,400.0,218.0,0,0,0.79,0.9,0.65,0.181,23.08,22.77,22.36,2
403,20.72,58.1,580.0,572.0,1,0,0.92,0.09,0.37,0.234,20.26,21.83,20.47,2
404,22.93,52.3,400.0,475.0,0,0,1.0,0.9,0.19,0.202,23.31,23.99,23.51,4
405,20.6,54.4,400.0,323.0,0,0,0.58,0.8,0.15,0.376,20.71,20.37,20.69,2
406,23.86,51.1,400.0,308.0,0,0,0.57,0.61,0.09,0.219,23.84,25.26,23.94,3
407,23.06,40.2,400.0,438.0,0,1,0.57,0.4,0.32,0.28,22.64,22.59,22.51,2
408,23.7,42.4,400.0,429.0,0,1,0.51,0.33,0.65,0.394,23.09,24.97,23.65,2
409,23.77,59.0,400.0,496.0,0,0,0.48,0.22,0.21,0.393,23.64,23.64,23.42,2
410,22.49,44.0,473.0,542.0,1,0,0.88,0.09,0.94,0.26,21.36,22.88,22.4,2
411,20.78,45.1,541.0,692.0,1,0,0.16,0.27,1.0,0.236,20.75,21.42,20.77,2
412,20.05,41.3,558.0,285.0,1,0,0.03,0.04,0.9,0.175,20.17,20.16,19.99,2
413,20.32,42.8,400.0,239.0,0,0,0.33,0.48,0.28,0.253,21.08,20.18,20.61,3
414,21.39,52.3,400.0,568.0,0,0,0.5,0.1,0.52,0.315,20.46,20.92,21.06,4
415,22.56,50.8,517.0,274.0,1,1,0.94,0.6,0.9,0.313,22.53,22.65,22.27,2
416,22.4,46.5,400.0,639.0,0,0,0.01,0.87,0.64,0.262,22.04,22.29,22.28,2
417,20.91,41.0,422.0,565.0,1,1,0.48,0.72,0.78,0.284,21.31,21.78,20.9,0
418,22.33,49.7,400.0,248.0,0,0,0.18,0.94,0.09,0.117,23.31,22.7,22.09,3
419,21.3,46.8,400.0,603.0,0,0,0.32,0.57,0.24,0.349,21.51,21.94,21.53,3
420,20.92,51.0,400.0,582.0,0,0,0.23,0.69,0.27,0.398,20.91,21.88,20.89,2
421,22.87,55.5,435.0,653.0,1,0,0.34,0.35,0.48,0.322,23.56,23.05,22.89,2
422,20.29,50.8,455.0,655.0,1,0,0.96,0.87,0.04,0.226,19.91,19.98,20.12,2
423,23.19,58.1,400.0,449.0,0,0,0.7,0.68,0.7,0.229,23.83,22.57,23.36,2
424,23.3,51.8,400.0,654.0,0,1,0.42,0.11,0.96,0.109,24.02,23.67,22.61,3
425,22.58,45.1,400.0,347.0,0,1,0.29,0.19,0.99,0.337,22.61,22.69,23.03,2
426,21.1,41.2,400.0,267.0,0,1,0.62,0.92,0.18,0.344,21.22,21.75,21.55,2
427,24.84,55.2,418.0,443.0,1,0,0.82,0.47,0.01,0.191,25.23,25.33,24.88,2
428,24.3,48.6,473.0,480.0,1,0,0.34,0.25,0.67,0.399,25.21,22.73,24.45,2
429,23.43,55.3,400.0,651.0,0,1,0.93,0.04,0.12,0.203,23.67,24.27,23.04,2
430,21.86,52.7,400.0,649.0,0,0,0.98,0.19,0.61,0.251,22.1,22.92,21.71,4
431,21.46,42.1,610.0,638.0,1,0,0.01,0.13,0.39,0.351,21.05,21.32,21.19,2
432,23.23,48.1,473.0,618.0,1,0,0.09,0.49,0.04,0.29,23.44,23.65,23.53,2
433,22.53,56.3,400.0,624.0,0,1,0.86,0.87,0.6,0.369,21.86,21.75,22.42,0
434,20.25,58.6,645.0,419.0,1,1,0.3,0.52,0.22,0.312,19.78,19.99,20.21,4
435,21.08,52.4,400.0,554.0,0,0,0.14,0.49,0.79,0.167,21.58,20.51,21.67,3
436,21.18,40.0,527.0,308.0,1,0,0.46,0.44,0.46,0.301,21.05,22.14,21.33,2
437,21.79,56.8,667.0,465.0,1,1,0.4,0.83,0.39,0.282,21.83,22.73,21.49,1
438,21.27,40.9,400.0,253.0,0,0,0.29,0.12,0.87,0.37,21.08,21.23,21.43,3
439,20.97,58.5,681.0,610.0,1,0,0.58,0.27,0.72,0.296,21.61,20.11,20.36,3
440,22.4,42.3,561.0,456.0,1,1,0.3,0.14,0.78,0.274,22.97,22.44,22.66,3
441,23.77,44.2,558.0,361.0,1,0,0.52,0.05,0.28,0.39,23.42,23.61,24.38,2
442,20.1,47.2,400.0,367.0,0,0,0.99,0.72,0.8,0.316,20.83,20.78,20.29,4
443,21.11,41.7,400.0,406.0,0,0,0.35,0.97,0.17,0.286,21.0,20.68,21.16,3
444,21.33,43.3,400.0,310.0,0,1,0.66,0.28,0.92,0.212,21.5,20.98,21.64,1
445,23.23,58.6,691.0,685.0,1,0,0.13,0.45,0.09,0.166,23.29,23.87,22.85,2
446,24.24,48.5,444.0,270.0,1,0,0.57,0.05,0.44,0.353,24.1,25.09,23.99,3
447,20.16,42.1,400.0,408.0,0,0,0.21,0.75,0.74,0.293,19.57,19.03,19.95,0
448,22.83,40.8,400.0,535.0,0,1,0.74,0.93,0.94,0.105,22.55,21.89,23.08,4
449,24.82,42.6,400.0,228.0,0,1,0.94,0.26,0.54,0.272,24.99,24.85,25.18,2
450,22.14,46.4,400.0,362.0,0,0,0.95,0.71,0.27,0.177,23.47,22.28,22.31,2
451,20.84,54.8,560.0,641.0,1,1,0.95,0.52,0.18,0.397,20.48,20.47,20.25,2
452,23.21,43.6,400.0,205.0,0,1,0.75,0.51,0.3,0.216,24.27,22.8,22.52,2
453,23.93,45.9,400.0,665.0,0,1,0.7,0.17,0.53,0.127,23.5,24.14,24.24,3
454,24.95,50.3,400.0,673.0,0,0,0.86,0.46,0.42,0.115,24.52,24.57,24.75,3
455,24.14,44.9,608.0,341.0,1,0,0.08,0.04,0.98,0.23,23.79,23.62,24.02,2
456,24.17,55.4,400.0,655.0,0,1,0.52,0.85,0.51,0.319,24.47,23.62,23.73,2
457,24.51,51.6,400.0,617.0,0,0,0.22,0.21,0.17,0.204,25.0,25.54,24.23,2
458,23.13,57.2,400.0,520.0,0,1,0.8,0.61,0.58,0.156,23.37,23.59,23.32,2
459,23.45,54.7,400.0,697.0,0,0,0.95,0.44,0.91,0.396,24.01,22.51,23.31,2
460,23.38,44.8,400.0,449.0,0,0,0.85,0.93,0.0,0.212,23.62,23.5,22.91,3
461,23.85,53.5,615.0,651.0,1,1,0.58,0.05,0.34,0.1,23.35,22.71,24.05,2
462,24.66,40.1,679.0,260.0,1,1,0.9,0.78,0.07,0.378,24.25,24.98,24.79,2
463,23.1,41.5,400.0,513.0,0,1,0.49,0.59,0.88,0.354,23.19,24.02,23.26,2
464,20.88,42.2,400.0,609.0,0,1,0.11,0.26,0.96,0.332,20.62,19.92,21.0,2
465,21.27,59.0,400.0,308.0,0,1,0.41,0.36,0.98,0.349,21.37,22.92,21.1,2
466,21.56,59.2,400.0,384.0,0,0,0.72,0.89,0.76,0.291,22.21,21.36,21.23,2
467,24.62,53.6,400.0,453.0,0,0,0.43,0.47,0.54,0.117,25.31,22.75,24.97,2
468,24.31,48.9,400.0,618.0,0,1,0.18,0.39,0.27,0.329,24.12,24.25,24.34,1
469,20.05,53.9,493.0,596.0,1,1,0.71,0.09,0.26,0.121,20.26,20.86,20.1,3
470,21.87,54.8,400.0,652.0,0,0,0.81,0.13,0.52,0.328,22.26,22.56,21.91,4
471,24.1,52.0,518.0,668.0,1,0,0.76,0.43,0.71,0.331,24.9,25.0,24.53,2
472,24.24,58.8,400.0,445.0,0,1,0.65,0.18,0.65,0.371,24.53,24.2,24.83,2
473,24.6,53.7,400.0,544.0,0,1,0.2,0.2,0.37,0.377,24.83,23.31,24.7,3
474,23.33,45.4,669.0,503.0,1,1,0.75,0.06,0.5,0.117,23.47,22.35,23.31,2
475,24.95,53.8,415.0,512.0,1,0,0.61,0.35,0.47,0.37,24.99,26.5,24.53,2
476,24.26,44.3,400.0,418.0,0,1,0.4,0.85,0.33,0.392,23.53,23.81,23.86,0
477,22.07,41.2,400.0,325.0,0,0,0.83,0.26,0.48,0.222,21.53,22.72,22.37,2
478,20.06,48.4,400.0,495.0,0,1,0.39,0.34,0.69,0.289,20.0,19.72,20.2,0
479,20.16,53.5,400.0,408.0,0,0,0.5,0.27,0.99,0.328,20.03,20.43,20.19,2
480,23.02,59.7,626.0,600.0,1,1,0.34,0.6,0.56,0.109,22.56,22.1,22.91,4
481,22.47,56.1,679.0,333.0,1,0,0.07,0.46,0.94,0.295,23.08,22.66,22.04,3
482,21.55,46.6,602.0,684.0,1,1,0.46,0.57,0.66,0.229,22.01,22.6,21.6,3
483,20.19,53.3,400.0,370.0,0,0,0.26,0.63,0.43,0.325,20.64,21.13,20.31,2
484,21.25,50.3,400.0,541.0,0,0,0.05,0.03,0.28,0.264,21.46,19.8,21.13,1
485,23.37,48.1,400.0,424.0,0,1,0.21,0.49,0.99,0.14,22.57,22.4,23.41,1
486,22.59,49.6,488.0,693.0,1,1,0.48,0.05,0.85,0.305,21.97,21.4,22.29,4
487,22.01,44.6,457.0,454.0,1,1,0.58,0.21,0.74,0.306,22.56,21.11,21.61,2
488,23.86,57.3,400.0,334.0,0,1,0.78,0.92,0.95,0.139,22.86,24.98,24.07,2
489,23.25,56.0,400.0,677.0,0,0,0.02,0.07,0.27,0.358,23.24,22.86,23.33,2
490,22.65,41.5,400.0,660.0,0,1,0.14,0.79,0.49,0.356,22.44,24.68,23.01,2
491,21.46,44.2,400.0,647.0,0,1,0.43,0.34,0.65,0.27,21.77,20.11,21.23,1
492,20.86,59.4,400.0,507.0,0,1,0.27,0.32,0.86,0.145,20.11,20.79,21.05,3
493,23.88,54.1,696.0,208.0,1,0,0.92,0.97,0.78,0.187,23.23,24.46,24.26,2
494,24.75,41.3,400.0,496.0,0,1,0.68,0.76,0.97,0.261,24.14,24.25,24.71,2
495,22.75,54.6,523.0,249.0,1,1,0.99,0.84,0.25,0.352,22.43,23.22,22.77,2
496,24.96,47.6,642.0,209.0,1,0,0.3,0.58,0.63,0.203,24.64,25.33,25.23,2
497,22.79,55.2,400.0,447.0,0,0,0.03,0.14,0.84,0.353,22.73,22.43,22.88,2
498,20.72,49.2,400.0,374.0,0,0,0.3,0.93,0.82,0.387,21.03,19.96,20.54,3
499,20.71,59.2,400.0,555.0,0,1,0.76,0.35,0.66,0.124,21.37,21.08,20.65,2
500,20.45,40.9,400.0,428.0,0,0,0.3,0.58,0.65,0.372,20.13,20.78,20.81,3
501,21.86,47.1,400.0,608.0,0,0,0.73,0.18,0.49,0.363,22.67,21.08,21.65,2
502,24.45,46.0,589.0,474.0,1,0,0.0,0.74,0.9,0.187,24.57,23.76,24.61,2
503,21.49,53.7,400.0,597.0,0,0,0.41,0.17,0.74,0.335,22.15,22.33,21.39,1
504,20.32,43.8,400.0,203.0,0,1,0.18,0.22,0.38,0.4,20.44,20.95,20.35,3
505,24.74,52.7,400.0,699.0,0,1,0.38,0.23,0.71,0.39,25.11,24.52,24.85,2
506,23.6,50.2,400.0,316.0,0,0,0.64,0.43,0.93,0.333,23.98,25.47,23.47,2
507,21.64,57.3,677.0,281.0,1,0,0.19,0.18,0.73,0.107,20.95,21.52,21.67,2
508,20.06,47.8,400.0,620.0,0,0,0.92,0.61,0.26,0.115,19.82,20.23,19.75,2
509,21.93,47.5,437.0,675.0,1,0,0.84,0.47,0.38,0.148,23.19,20.47,21.89,2
510,22.3,54.3,615.0,274.0,1,1,0.07,0.96,0.65,0.287,22.13,22.03,22.51,2
511,22.68,48.3,556.0,514.0,1,0,0.93,0.04,0.27,0.375,23.01,22.56,22.83,2
512,22.0,45.1,400.0,427.0,0,1,0.66,0.82,0.57,0.211,21.15,21.83,21.88,2
513,24.0,40.6,400.0,296.0,0,0,0.02,0.48,0.52,0.247,24.18,25.13,24.01,3
514,22.92,52.0,400.0,575.0,0,1,0.23,0.24,0.03,0.11,22.17,22.9,23.02,2
515,22.94,50.2,694.0,426.0,1,1,0.02,0.97,0.81,0.149,23.08,23.66,22.75,1
516,20.84,47.2,400.0,588.0,0,1,0.03,0.42,0.88,0.303,20.95,20.1,20.91,2
517,21.14,48.9,571.0,640.0,1,0,0.24,0.24,0.98,0.323,20.97,21.14,20.99,2
518,23.16,43.9,682.0,587.0,1,0,0.58,0.41,0.55,0.335,23.23,22.96,23.34,2
519,21.68,49.3,400.0,648.0,0,0,0.12,0.67,0.87,0.281,22.35,23.02,21.87,4
520,21.94,59.0,607.0,387.0,1,0,0.07,0.13,0.1,0.141,22.45,21.69,22.18,3
521,23.5,54.2,400.0,367.0,0,1,0.8,0.16,0.33,0.37,22.82,22.26,23.27,2
522,21.92,48.6,469.0,627.0,1,0,0.52,0.87,0.31,0.356,21.41,21.51,22.14,3
523,22.37,55.3,400.0,539.0,0,1,0.22,0.7,0.44,0.32,22.41,23.01,22.17,1
524,21.72,45.2,512.0,480.0,1,0,0.78,0.51,0.2,0.116,22.13,20.47,21.54,2
525,21.71,51.6,402.0,320.0,1,1,0.8,0.47,0.99,0.327,22.0,20.58,21.89,3
526,20.43,58.7,411.0,234.0,1,0,0.41,0.54,0.72,0.261,20.84,21.18,20.2,2
527,21.11,55.8,459.0,551.0,1,0,0.31,0.04,0.48,0.167,21.26,21.13,20.82,2
528,20.8,53.4,400.0,443.0,0,0,0.06,0.56,0.55,0.373,20.43,18.76,20.55,1
529,24.61,47.4,400.0,580.0,0,1,0.73,0.49,0.43,0.227,24.48,23.85,24.4,2
530,20.54,59.2,591.0,265.0,1,1,0.39,0.81,0.08,0.371,20.59,19.71,21.02,2
531,22.11,55.0,400.0,389.0,0,1,0.79,0.4,0.26,0.171,21.48,23.69,21.86,2
532,22.72,51.3,400.0,368.0,0,0,0.74,0.96,0.05,0.231,22.98,22.96,23.08,2
533,22.14,59.0,592.0,439.0,1,0,0.52,0.09,0.75,0.115,22.47,21.2,21.87,3
534,24.95,50.8,557.0,287.0,1,0,0.75,0.33,0.11,0.381,25.26,26.5,25.32,3
535,23.48,58.0,400.0,698.0,0,1,0.54,0.91,0.51,0.182,23.41,23.88,23.31,2
536,22.59,58.3,400.0,552.0,0,0,0.33,0.46,0.35,0.321,21.72,20.94,22.1,2
537,21.93,56.6,400.0,462.0,0,1,0.4,0.25,0.65,0.377,22.05,21.7,21.61,2
538,20.54,51.0,400.0,625.0,0,1,0.78,0.97,0.61,0.396,20.74,21.32,20.34,2
539,23.44,40.4,400.0,663.0,0,1,0.83,0.88,0.03,0.268,22.51,24.18,23.63,2
540,22.57,55.0,477.0,523.0,1,0,0.7,0.57,0.77,0.284,22.05,22.23,22.23,2
541,24.83,48.3,400.0,455.0,0,0,0.58,0.68,0.64,0.141,24.86,23.34,24.84,1
542,22.05,49.3,400.0,432.0,0,1,0.85,0.23,0.26,0.266,22.51,22.81,21.74,1
543,24.37,58.1,699.0,447.0,1,0,0.93,0.89,0.86,0.267,24.5,26.31,24.13,2
544,20.47,47.3,690.0,378.0,1,0,0.73,0.03,0.56,0.177,19.71,20.29,20.45,2
545,24.58,46.2,400.0,609.0,0,0,0.7,0.69,0.07,0.146,24.79,24.6,24.45,2
546,22.54,49.3,400.0,572.0,0,1,0.71,0.95,0.62,0.344,22.29,21.78,22.81,2
547,24.0,59.9,400.0,375.0,0,0,0.82,0.46,0.85,0.209,23.55,24.88,23.7,2
548,23.71,52.8,522.0,384.0,1,1,0.69,0.78,0.5,0.139,22.9,23.08,23.97,2
549,24.88,58.0,400.0,693.0,0,1,0.24,0.84,0.78,0.106,25.22,25.6,24.54,2
550,24.44,42.1,400.0,294.0,0,0,0.46,0.65,0.55,0.146,24.65,25.24,24.52,3
551,22.96,41.0,400.0,328.0,0,0,0.09,0.48,0.08,0.239,22.99,22.6,23.0,1
552,21.65,42.9,400.0,391.0,0,0,0.32,0.15,0.54,0.24,20.77,21.13,21.83,2
553,24.57,46.6,400.0,607.0,0,1,0.9,0.8,0.93,0.287,25.24,23.94,24.65,2
554,20.1,44.5,572.0,674.0,1,1,0.41,0.46,0.24,0.338,18.94,21.24,19.76,2
555,21.02,48.1,400.0,660.0,0,0,0.52,0.78,0.21,0.25,20.02,20.42,21.19,2
556,23.24,50.7,400.0,575.0,0,0,0.77,0.69,0.55,0.392,23.34,23.27,22.99,2
557,21.1,47.5,511.0,519.0,1,0,0.59,0.07,0.53,0.33,20.95,22.18,21.47,1
558,22.94,59.9,655.0,231.0,1,1,0.38,0.53,0.64,0.208,23.75,21.28,22.97,1
559,22.32,47.9,400.0,632.0,0,1,0.3,0.58,0.73,0.358,22.61,23.04,22.29,2
560,24.56,41.7,400.0,232.0,0,0,0.32,0.2,0.92,0.292,23.91,23.98,24.55,2
561,21.14,40.2,400.0,629.0,0,0,0.01,0.72,0.61,0.11,20.81,21.24,21.42,2
562,24.5,48.6,641.0,507.0,1,0,0.23,0.34,0.12,0.13,24.15,26.17,24.68,2
563,22.31,57.4,400.0,252.0,0,1,0.56,0.62,0.87,0.307,23.37,23.19,22.41,2
564,22.71,44.2,400.0,246.0,0,0,0.18,0.97,0.77,0.263,22.06,23.2,22.78,2
565,21.83,56.3,400.0,263.0,0,0,0.9,0.4,0.83,0.213,22.14,22.37,21.66,2
566,21.04,46.3,400.0,660.0,0,0,0.28,0.51,0.04,0.173,21.83,22.85,20.94,3
567,21.44,47.5,438.0,547.0,1,1,0.58,0.03,0.82,0.2,21.8,21.83,21.31,2
568,24.73,40.3,400.0,687.0,0,1,0.95,0.75,0.46,0.329,24.54,24.67,24.56,2
569,22.19,45.1,400.0,242.0,0,0,0.49,0.89,0.03,0.116,21.67,21.78,21.74,2
570,23.72,59.4,400.0,503.0,0,0,0.33,0.93,0.52,0.29,24.06,24.28,23.34,2
571,24.38,50.5,502.0,536.0,1,0,0.81,0.16,0.33,0.122,23.74,24.72,24.59,2
572,23.36,53.4,400.0,533.0,0,1,0.58,0.06,0.83,0.343,23.08,23.54,23.51,2
573,23.58,58.0,583.0,332.0,1,1,0.17,0.33,0.67,0.195,23.27,23.62,23.59,2
574,23.47,58.0,580.0,213.0,1,1,0.2,0.4,0.47,0.286,23.88,23.51,23.47,2
575,24.61,45.9,467.0,489.0,1,0,0.12,0.18,0.04,0.163,24.25,25.26,24.94,2
576,24.36,41.8,676.0,200.0,1,0,0.98,0.56,0.22,0.166,25.19,24.92,24.86,2
577,21.53,49.2,421.0,610.0,1,1,0.04,0.77,0.89,0.37,21.84,23.08,21.8,2
578,22.78,48.5,400.0,423.0,0,1,0.77,0.39,0.14,0.296,23.32,21.71,22.63,2
579,21.46,58.6,400.0,623.0,0,0,0.66,0.96,0.18,0.133,21.67,21.88,21.48,3
580,22.81,48.7,400.0,556.0,0,1,0.43,0.36,0.41,0.136,23.68,24.53,22.6,2
581,23.62,57.5,400.0,628.0,0,0,0.66,0.34,0.92,0.117,23.5,24.4,23.52,2
582,24.56,50.3,400.0,238.0,0,1,0.71,0.03,0.63,0.334,24.83,23.67,24.65,2
583,24.9,55.1,400.0,322.0,0,0,0.6,0.55,0.12,0.192,24.62,25.3,25.07,2
584,20.21,49.2,469.0,458.0,1,0,0.09,0.45,0.79,0.222,21.13,20.05,20.37,4
585,22.59,47.2,400.0,609.0,0,1,0.57,0.55,0.62,0.1,22.28,23.2,22.3,2
586,23.06,43.3,402.0,269.0,1,1,0.07,0.85,0.16,0.14,22.46,23.86,23.21,1
587,22.34,41.6,400.0,627.0,0,0,0.32,0.82,0.89,0.236,21.83,21.57,22.56,2
588,22.37,43.3,555.0,232.0,1,1,0.09,0.81,0.76,0.32,21.78,22.9,22.41,2
589,20.33,46.5,555.0,584.0,1,1,0.6,0.94,0.57,0.312,19.91,19.17,20.29,2
590,23.57,44.7,672.0,223.0,1,0,0.61,0.91,0.27,0.371,22.95,22.92,23.36,2
591,23.91,57.6,400.0,221.0,0,1,0.86,0.89,0.6,0.227,23.49,23.68,24.23,0
592,21.93,47.2,400.0,358.0,0,0,0.75,0.94,0.41,0.305,21.69,23.86,21.64,2
593,23.62,47.1,400.0,317.0,0,1,0.95,0.03,0.36,0.253,23.82,22.85,23.0,2
594,24.84,42.6,518.0,522.0,1,0,0.49,0.88,0.81,0.217,25.7,24.92,25.44,2
595,23.31,51.5,400.0,662.0,0,0,0.41,0.79,0.3,0.277,22.92,23.27,22.94,2
596,21.8,45.7,400.0,681.0,0,1,0.79,0.28,0.66,0.12,22.44,22.31,21.22,2
597,22.73,53.5,400.0,668.0,0,0,0.07,0.31,0.16,0.199,23.35,22.33,22.57,1
598,20.55,45.4,598.0,356.0,1,0,0.37,0.5,0.64,0.342,21.49,21.05,21.03,2
599,22.4,41.8,400.0,330.0,0,0,0.43,0.67,0.48,0.114,22.67,23.31,22.42,2
600,22.02,53.3,697.0,328.0,1,0,0.19,0.82,0.99,0.193,21.77,22.23,22.33,2
601,24.99,49.9,481.0,487.0,1,0,0.08,0.68,0.14,0.392,24.57,26.27,24.9,2
602,20.32,55.8,423.0,573.0,1,1,0.15,0.69,0.09,0.288,20.35,21.83,20.4,2
603,21.53,48.9,400.0,480.0,0,0,0.61,0.02,0.36,0.277,21.74,22.35,21.01,1
604,20.12,44.6,400.0,537.0,0,0,0.2,0.1,0.08,0.269,20.96,18.69,20.2,2
605,24.08,44.1,400.0,528.0,0,0,0.18,0.74,0.78,0.324,23.83,23.55,23.83,2
606,22.47,51.1,400.0,283.0,0,0,0.35,0.37,0.84,0.254,22.17,22.57,22.38,2
607,22.15,59.0,673.0,344.0,1,0,0.32,0.56,0.39,0.398,21.75,21.56,21.9,2
608,22.76,55.4,518.0,580.0,1,0,0.43,0.49,0.08,0.4,21.61,24.56,22.85,2
609,24.86,48.1,400.0,630.0,0,0,0.41,0.47,0.96,0.373,25.32,24.73,25.0,2
610,23.47,56.7,400.0,459.0,0,1,0.16,0.99,0.01,0.169,23.75,23.25,23.61,2
611,21.16,58.2,667.0,387.0,1,0,0.14,0.66,0.27,0.362,21.03,20.45,20.92,3
612,23.62,41.0,471.0,587.0,1,0,0.42,0.47,0.27,0.204,22.96,24.48,23.47,2
613,24.83,58.5,476.0,568.0,1,1,0.45,0.91,0.77,0.241,24.66,24.65,25.1,2
614,22.92,56.0,400.0,645.0,0,1,0.28,0.57,0.14,0.334,22.79,21.91,23.31,1
615,20.72,46.2,400.0,520.0,0,1,0.54,0.57,0.22,0.227,21.08,21.52,20.68,2
616,21.08,41.0,400.0,456.0,0,1,0.42,0.22,0.06,0.127,20.94,20.31,21.05,2
617,24.78,49.8,473.0,622.0,1,0,0.67,0.61,0.62,0.359,24.59,25.92,24.48,0
618,20.27,54.0,400.0,250.0,0,1,0.23,0.74,0.21,0.187,19.98,18.32,20.31,0
619,24.04,58.2,400.0,605.0,1,1,0.76,0.44,0.72,0.196,24.77,24.7,23.77,2
620,20.18,42.2,432.0,339.0,1,0,1.0,0.01,0.52,0.196,20.12,20.7,20.47,2
621,20.7,57.1,400.0,433.0,0,1,0.51,0.28,0.13,0.115,20.82,20.62,21.31,2
622,22.67,45.9,517.0,590.0,1,1,0.95,0.11,0.47,0.384,22.17,22.47,22.41,2
623,22.43,49.9,400.0,256.0,0,0,0.46,0.33,0.33,0.226,22.15,23.02,23.13,2
624,20.06,59.6,400.0,481.0,0,0,0.7,0.0,0.21,0.331,19.27,19.25,19.68,4
625,23.2,45.2,593.0,679.0,1,0,0.76,0.33,0.65,0.387,23.34,22.89,23.17,2
626,24.84,56.2,659.0,398.0,1,0,0.38,0.6,0.07,0.236,24.42,25.01,24.95,2
627,21.83,58.4,400.0,391.0,0,1,0.97,0.32,0.5,0.164,21.39,21.62,21.86,1
628,24.76,43.8,479.0,597.0,1,0,0.67,0.42,0.7,0.156,25.36,25.89,24.66,2
629,23.44,56.9,433.0,252.0,1,0,0.08,0.48,0.68,0.208,23.31,22.82,23.12,1
630,20.45,52.7,514.0,201.0,1,0,0.71,0.28,0.01,0.24,20.37,21.03,20.76,2
631,24.46,46.8,623.0,506.0,1,0,0.74,0.64,0.37,0.399,25.07,22.92,24.92,2
632,20.45,55.7,538.0,531.0,1,0,0.48,0.15,0.06,0.209,20.84,21.76,20.24,1
633,24.15,56.7,400.0,315.0,0,0,0.76,0.39,0.49,0.311,23.53,24.36,24.43,2
634,20.73,56.7,400.0,262.0,0,0,0.32,0.93,0.26,0.344,19.58,20.41,20.99,2
635,20.43,49.4,499.0,689.0,1,0,0.13,0.55,0.48,0.376,20.25,19.9,20.57,3
636,21.91,53.2,400.0,354.0,0,0,0.6,0.85,0.5,0.226,22.52,21.59,22.28,2
637,23.41,58.1,400.0,348.0,0,1,0.31,0.2,0.43,0.166,22.91,21.71,23.25,2
638,22.07,52.0,400.0,628.0,0,0,0.74,0.36,0.63,0.132,22.76,22.09,22.08,1
639,24.61,44.8,400.0,338.0,0,1,0.37,0.3,0.98,0.353,23.87,24.84,24.83,3
640,22.56,57.7,483.0,655.0,1,1,0.1,0.06,0.21,0.397,23.17,21.56,22.48,3
641,21.58,54.1,490.0,679.0,1,0,0.17,0.1,0.59,0.375,21.08,22.45,21.79,3
642,21.35,54.1,486.0,311.0,1,0,0.4,0.78,0.35,0.338,21.06,20.95,21.13,4
643,23.17,57.9,400.0,511.0,0,0,0.51,0.4,0.84,0.225,22.55,23.65,23.31,2
644,23.33,47.9,400.0,461.0,0,1,1.0,0.07,0.29,0.163,23.67,23.03,23.74,2
645,22.21,54.1,400.0,285.0,0,0,0.3,0.83,0.02,0.227,22.26,22.15,21.82,2
646,23.78,55.9,400.0,630.0,0,1,0.04,0.1,0.1,0.357,23.57,23.43,23.95,2
647,23.27,43.5,448.0,384.0,1,0,0.79,0.83,0.05,0.204,23.85,22.39,23.43,1
648,21.19,58.6,400.0,646.0,0,1,0.15,0.51,0.43,0.377,21.07,21.21,21.08,2
649,22.64,59.2,660.0,303.0,1,1,0.08,0.85,0.11,0.241,23.3,24.06,23.23,2
650,24.53,44.2,400.0,503.0,0,0,0.24,0.83,0.5,0.338,24.12,25.04,24.38,2
651,20.77,41.4,578.0,541.0,1,0,0.15,1.0,0.82,0.163,21.12,20.85,21.26,2
652,23.25,44.2,400.0,427.0,0,1,0.35,0.24,0.66,0.297,23.54,25.46,23.73,2
653,20.1,47.8,420.0,428.0,1,1,0.65,0.25,0.51,0.389,20.39,21.02,19.72,2
654,20.29,44.1,400.0,429.0,0,0,0.63,0.1,0.06,0.218,20.39,19.85,20.28,2
655,21.58,51.4,666.0,468.0,1,0,0.66,0.66,0.3,0.39,21.1,22.47,22.07,2
656,24.71,50.1,644.0,432.0,1,0,0.34,0.82,0.71,0.338,25.06,25.1,24.66,4
657,22.82,52.4,697.0,660.0,1,1,0.73,0.98,0.09,0.111,22.92,22.68,22.58,2
658,24.48,53.9,667.0,363.0,1,0,0.7,0.07,0.94,0.148,24.26,22.94,24.5,1
659,21.94,45.4,400.0,366.0,0,0,0.0,0.74,0.53,0.29,21.76,21.49,22.05,2
660,21.81,59.4,538.0,399.0,1,1,0.36,0.76,0.85,0.362,21.65,24.25,21.14,2
661,22.73,46.0,400.0,434.0,0,1,0.03,0.28,0.51,0.286,23.2,22.8,23.03,2
662,20.42,44.1,565.0,400.0,1,0,0.14,0.57,0.13,0.393,21.6,20.0,20.0,3
663,23.7,51.6,585.0,551.0,1,0,0.61,0.89,0.89,0.377,23.28,23.57,24.06,2
664,23.01,56.8,637.0,391.0,1,0,0.91,0.83,0.35,0.122,22.54,21.42,23.2,2
665,20.97,53.8,400.0,233.0,0,1,0.57,0.92,0.93,0.137,21.78,20.08,20.75,2
666,21.89,45.6,400.0,532.0,0,0,0.91,0.12,0.14,0.344,22.25,21.01,21.26,2
667,22.29,45.0,400.0,209.0,0,0,0.19,0.13,0.05,0.332,22.66,22.98,22.02,3
668,23.45,44.6,400.0,430.0,0,0,0.44,0.93,0.39,0.364,23.62,24.36,23.86,3
669,22.6,52.3,400.0,409.0,0,1,0.35,0.33,0.1,0.344,22.05,21.7,22.25,3
670,24.93,43.5,590.0,551.0,1,1,0.88,0.73,0.64,0.193,25.12,24.56,25.06,4
671,21.76,46.9,400.0,644.0,0,1,0.58,0.53,0.42,0.223,22.07,20.94,21.86,2
672,24.0,43.1,400.0,249.0,0,1,0.27,0.55,0.36,0.342,24.28,25.01,23.7,2
673,22.15,52.0,465.0,452.0,1,0,0.92,0.44,0.32,0.132,21.79,22.5,22.88,2
674,22.36,53.6,400.0,654.0,0,1,0.07,0.04,0.06,0.258,21.86,23.84,22.36,1
675,21.87,53.1,400.0,619.0,0,0,0.55,0.01,0.99,0.328,21.62,23.2,21.7,2
676,20.7,40.3,502.0,534.0,1,1,0.05,0.2,0.64,0.281,20.53,20.71,21.13,1
677,24.74,54.8,400.0,480.0,0,1,0.15,0.04,0.02,0.296,24.98,26.29,24.57,2
678,20.78,42.0,548.0,660.0,1,0,0.96,0.96,0.53,0.111,20.23,21.43,20.73,3
679,23.72,47.4,539.0,591.0,1,0,0.33,0.8,0.15,0.384,23.31,22.94,24.34,3
680,20.93,56.1,639.0,358.0,1,0,0.83,0.62,0.77,0.231,21.06,21.82,20.76,2
681,24.74,58.6,426.0,693.0,1,0,0.99,0.96,0.38,0.264,24.6,24.51,24.47,1
682,23.56,42.5,402.0,490.0,1,1,0.32,0.71,0.31,0.242,23.54,21.78,23.71,4
683,24.24,46.9,451.0,317.0,1,0,0.24,0.88,0.87,0.157,24.04,24.88,24.34,2
684,20.36,55.7,508.0,566.0,1,1,0.98,0.97,0.46,0.322,19.69,22.1,20.03,2
685,24.76,48.6,400.0,553.0,0,0,0.9,0.92,0.75,0.36,24.45,24.21,24.92,2
686,23.85,58.2,596.0,336.0,1,0,0.06,0.09,0.64,0.279,23.61,24.54,23.61,2
687,22.36,51.6,400.0,208.0,0,0,0.72,0.13,0.92,0.112,22.68,21.21,22.27,2
688,24.81,50.1,400.0,237.0,0,1,0.75,0.9,0.96,0.148,24.93,24.65,24.33,2
689,21.38,43.9,549.0,418.0,1,1,0.96,0.47,0.94,0.193,22.0,21.78,21.27,2
690,21.19,43.6,400.0,394.0,0,1,0.64,0.88,0.34,0.135,21.29,20.96,21.27,1
691,23.42,51.0,400.0,530.0,0,1,0.68,0.87,0.5,0.385,23.87,21.98,22.99,1
692,20.33,49.2,528.0,424.0,1,0,0.9,0.3,0.7,0.256,20.33,19.34,20.02,0
693,22.06,57.2,400.0,579.0,0,0,0.64,0.39,0.15,0.212,22.45,21.94,22.03,3
694,20.35,40.4,556.0,473.0,1,1,0.98,0.26,0.19,0.118,20.1,20.0,19.98,2
695,22.31,48.6,593.0,211.0,1,0,0.62,0.5,0.67,0.332,21.71,23.26,21.99,3
696,21.44,50.5,611.0,620.0,1,1,0.33,0.69,0.19,0.22,21.48,21.48,21.61,2
697,20.9,59.5,429.0,235.0,1,1,0.49,0.87,0.32,0.257,20.97,21.11,21.04,3
698,23.57,40.7,604.0,202.0,1,1,0.19,0.55,0.33,0.251,24.02,23.36,23.36,3
699,24.37,46.7,513.0,239.0,1,1,0.85,0.77,0.35,0.204,24.43,25.26,23.91,1
700,22.83,58.1,549.0,249.0,1,0,0.45,0.46,0.5,0.396,22.9,22.7,22.32,2
701,21.17,56.5,400.0,444.0,0,0,0.52,0.95,0.55,0.222,21.27,21.54,21.32,2
702,22.35,44.4,506.0,365.0,1,0,0.34,0.73,0.68,0.218,22.2,22.0,22.59,2
703,23.36,47.3,638.0,430.0,1,1,0.21,0.85,0.52,0.319,24.22,23.09,23.02,3
704,23.92,47.9,479.0,556.0,1,0,0.39,0.98,0.44,0.283,23.02,24.0,23.96,4
705,21.89,45.9,571.0,640.0,1,0,0.88,0.4,0.22,0.358,20.39,20.31,21.7,2
706,24.5,42.3,425.0,326.0,1,1,0.29,0.37,0.73,0.397,24.56,24.76,24.65,3
707,22.08,40.2,422.0,206.0,1,0,0.45,0.01,0.89,0.134,21.17,22.26,22.62,2
708,24.37,45.5,568.0,221.0,1,1,0.85,0.23,0.49,0.27,24.13,25.63,24.6,1
709,21.52,48.4,511.0,221.0,1,1,0.73,0.2,0.88,0.213,22.33,20.91,21.79,2
710,23.06,44.3,400.0,240.0,0,0,0.59,0.2,0.01,0.163,23.35,22.55,23.06,1
711,21.69,44.7,400.0,298.0,0,0,0.46,0.68,1.0,0.312,21.45,20.42,22.07,3
712,21.21,42.9,590.0,668.0,1,0,0.95,0.28,0.31,0.321,21.95,20.01,20.74,2
713,22.4,59.9,400.0,470.0,0,0,0.06,0.69,0.64,0.235,23.02,22.25,22.65,3
714,23.65,57.9,400.0,229.0,0,0,0.83,0.88,0.3,0.354,22.81,22.96,23.17,3
715,24.51,51.3,400.0,509.0,0,1,0.46,0.97,0.64,0.164,24.44,25.28,24.15,2
716,20.27,49.5,400.0,678.0,0,1,0.8,0.26,0.84,0.197,20.48,21.31,20.29,3
717,20.26,57.7,400.0,231.0,0,0,0.39,0.26,0.04,0.257,20.01,20.95,20.34,2
718,20.45,46.9,696.0,534.0,1,0,0.68,0.23,0.71,0.146,21.56,21.06,20.01,4
719,24.68,45.7,400.0,675.0,0,1,0.18,0.45,0.86,0.334,24.49,24.26,24.48,4
720,21.28,47.5,540.0,375.0,1,1,0.82,0.87,0.74,0.339,21.45,20.86,21.65,2
721,21.81,40.9,400.0,366.0,0,0,0.87,0.19,0.34,0.314,21.13,20.54,21.94,2
722,21.78,53.4,532.0,404.0,1,1,0.58,0.76,0.85,0.182,22.59,21.87,22.08,2
723,20.93,57.6,400.0,581.0,0,1,0.03,0.33,0.02,0.1,21.1,19.64,21.28,3
724,21.91,46.2,470.0,214.0,1,1,0.59,0.68,0.76,0.238,22.38,22.42,22.14,2
725,24.34,52.6,400.0,245.0,0,1,0.42,0.91,0.93,0.242,25.39,25.09,24.74,2
726,23.58,51.2,400.0,567.0,0,1,0.56,0.78,0.36,0.147,23.75,24.08,23.43,2
727,21.85,43.2,546.0,547.0,1,0,0.5,0.3,0.74,0.341,21.3,22.07,22.18,2
728,24.52,42.8,400.0,700.0,0,1,0.07,0.71,0.46,0.348,24.92,25.16,24.81,3
729,24.0,51.3,400.0,667.0,0,1,0.46,0.17,0.57,0.386,23.34,23.37,23.92,3
730,21.12,54.2,400.0,661.0,0,0,0.76,0.03,0.13,0.16,22.01,20.11,21.19,2
731,23.72,58.6,400.0,373.0,0,0,0.91,0.44,0.72,0.397,23.13,24.92,23.44,2
732,22.55,51.3,420.0,334.0,1,1,0.77,0.77,0.71,0.249,23.27,22.7,22.74,2
733,21.72,58.5,400.0,454.0,0,0,0.37,0.2,0.91,0.177,21.85,22.54,21.64,2
734,24.28,49.6,650.0,418.0,1,1,0.64,0.24,0.95,0.331,24.05,23.8,24.42,2
735,20.14,52.9,400.0,394.0,0,0,0.78,0.95,0.5,0.15,20.19,19.0,20.1,2
736,24.37,59.3,456.0,248.0,1,1,0.62,0.03,0.75,0.299,24.88,25.05,24.73,2
737,20.82,48.9,400.0,560.0,0,1,0.13,0.47,0.04,0.105,20.21,21.19,20.89,2
738,24.55,50.8,446.0,682.0,1,1,0.89,0.33,0.49,0.231,24.97,25.92,24.11,2
739,21.35,47.8,400.0,603.0,0,0,0.27,0.87,0.63,0.245,19.82,21.95,21.6,2
740,23.53,40.6,400.0,446.0,0,1,0.97,0.86,0.8,0.348,23.73,23.61,23.17,3
741,22.88,58.5,511.0,482.0,1,0,0.8,0.79,0.57,0.199,22.68,23.35,23.1,2
742,23.23,57.4,400.0,520.0,0,1,0.23,0.6,0.46,0.151,22.73,23.64,23.61,2
743,21.77,51.5,643.0,471.0,1,1,0.36,0.05,0.2,0.276,22.35,22.37,21.11,2
744,22.85,47.4,682.0,471.0,1,0,0.22,0.06,0.21,0.238,22.11,23.07,23.12,2
745,24.39,46.9,400.0,474.0,0,1,0.56,0.12,0.24,0.248,24.73,25.7,24.17,2
746,22.45,44.9,400.0,469.0,0,1,0.15,0.73,0.56,0.319,21.83,21.77,22.84,2
747,24.74,59.4,623.0,433.0,1,1,0.12,0.74,0.38,0.392,24.56,24.9,24.55,2
748,23.46,50.5,400.0,688.0,0,0,0.49,0.67,0.79,0.234,23.47,23.69,23.14,3
749,21.86,48.6,400.0,347.0,0,1,0.23,0.05,0.87,0.221,21.68,21.93,21.32,2
750,23.14,49.2,474.0,465.0,1,1,0.51,0.08,0.36,0.345,23.21,23.04,23.46,1
751,22.55,59.4,400.0,207.0,0,0,0.7,0.61,0.83,0.317,21.93,21.17,22.6,2
752,23.46,47.0,426.0,411.0,1,1,0.76,0.06,0.47,0.217,23.26,23.73,23.14,2
753,20.88,53.4,511.0,608.0,1,1,0.86,0.32,0.08,0.291,20.1,20.68,20.37,2
754,24.16,54.8,400.0,617.0,0,0,0.06,0.2,0.59,0.234,24.34,25.37,24.14,2
755,22.4,40.3,423.0,604.0,1,0,0.56,0.03,0.49,0.373,21.6,22.8,22.23,2
756,20.4,56.5,400.0,302.0,0,1,0.93,0.35,0.35,0.304,20.1,21.2,20.57,1
757,22.37,58.0,400.0,232.0,0,0,0.57,0.32,0.66,0.318,22.75,22.87,22.23,0
758,24.65,50.0,613.0,502.0,1,0,0.33,0.37,0.63,0.219,24.05,23.27,25.22,3
759,23.63,46.7,560.0,436.0,1,0,0.37,0.08,0.05,0.32,23.41,24.68,23.24,2
760,23.93,56.5,400.0,456.0,0,1,0.12,0.84,0.36,0.192,23.57,24.23,24.27,2
761,22.48,58.9,400.0,608.0,0,1,0.67,0.18,0.08,0.12,22.51,21.65,22.93,2
762,24.66,46.6,400.0,543.0,0,0,0.41,0.26,0.22,0.143,25.05,24.78,24.49,1
763,23.76,42.6,566.0,352.0,1,0,0.88,0.42,0.92,0.17,23.11,23.19,23.85,2
764,20.77,49.5,492.0,512.0,1,1,0.77,0.99,0.2,0.211,21.71,20.72,20.7,2
765,23.32,55.3,400.0,211.0,0,1,0.42,0.43,0.3,0.295,23.82,23.28,23.56,2
766,22.99,49.9,400.0,423.0,0,0,0.57,0.89,0.93,0.291,23.12,24.16,23.15,2
767,22.42,57.6,400.0,420.0,0,0,0.86,0.1,0.41,0.192,22.34,20.02,22.14,2
768,20.71,41.0,468.0,434.0,1,0,0.03,0.45,0.19,0.217,20.8,20.23,20.61,2
769,22.95,50.5,400.0,572.0,0,1,0.79,0.26,0.64,0.315,22.21,22.02,23.24,2
770,22.04,48.7,400.0,200.0,0,0,0.41,0.06,0.28,0.118,22.5,22.1,22.38,2
771,23.28,44.1,400.0,576.0,0,0,0.73,0.16,0.59,0.288,23.18,23.38,22.96,3
772,22.3,51.4,480.0,477.0,1,0,0.79,0.86,0.6,0.192,22.24,22.98,22.59,2
773,22.85,49.0,400.0,300.0,0,1,0.08,0.15,0.04,0.246,22.96,23.32,22.92,2
774,24.67,59.7,476.0,578.0,1,0,0.04,0.39,0.4,0.263,24.03,23.77,24.14,2
775,22.03,46.0,400.0,544.0,0,0,0.93,0.18,0.72,0.245,21.72,22.16,21.73,2
776,24.94,54.9,436.0,358.0,1,1,0.07,0.36,0.8,0.325,24.26,24.16,25.28,4
777,21.5,43.2,462.0,373.0,1,1,0.19,0.66,0.37,0.149,21.63,21.27,21.37,3
778,21.52,49.3,400.0,596.0,0,0,0.01,0.3,0.53,0.32,21.66,20.84,21.26,2
779,23.69,46.2,400.0,242.0,0,1,0.11,0.24,0.18,0.352,24.19,23.13,23.63,2
780,22.44,43.3,400.0,601.0,0,0,0.54,0.99,0.99,0.399,22.91,22.55,22.54,0
781,20.54,59.1,400.0,521.0,0,1,0.6,0.31,0.62,0.396,20.93,19.36,20.68,2
782,23.1,59.4,572.0,227.0,1,0,0.63,0.38,0.3,0.182,23.59,22.65,23.12,2
783,21.23,55.3,554.0,444.0,1,1,0.04,0.1,0.64,0.14,20.6,20.15,21.51,3
784,24.57,50.3,400.0,600.0,0,0,0.37,0.57,0.5,0.382,24.82,23.78,24.32,2
785,23.41,53.8,400.0,692.0,0,0,0.76,0.39,0.28,0.145,23.15,22.66,23.2,2
786,23.86,54.3,400.0,648.0,0,0,0.0,0.1,0.89,0.167,23.71,23.62,24.35,2
787,24.09,59.7,405.0,469.0,1,1,0.65,0.56,0.59,0.113,23.63,23.59,23.66,2
788,24.66,50.1,519.0,272.0,1,1,0.73,0.22,0.65,0.357,24.1,25.82,24.6,3
789,21.77,52.7,400.0,409.0,0,1,0.62,0.21,0.34,0.13,21.55,21.43,21.89,3
790,22.37,49.3,400.0,379.0,0,1,0.98,0.74,0.75,0.17,22.22,22.52,22.17,2
791,20.8,49.8,400.0,243.0,0,0,0.05,0.39,0.43,0.178,20.64,20.19,20.75,2
792,20.6,53.0,400.0,418.0,0,1,0.49,0.97,0.5,0.218,21.38,19.02,20.9,2
793,23.28,46.5,457.0,490.0,1,0,0.98,0.61,0.39,0.346,23.91,23.84,23.07,2
794,22.1,56.1,541.0,397.0,1,1,0.35,0.31,0.36,0.139,21.71,22.24,22.29,2
795,21.55,42.3,432.0,699.0,1,1,0.2,0.48,0.71,0.227,22.02,20.58,21.08,2
796,20.04,57.5,400.0,277.0,0,0,0.63,0.22,0.39,0.214,20.37,18.38,19.75,4
797,23.08,54.3,400.0,349.0,0,1,0.02,0.15,0.3,0.335,22.72,21.64,23.15,2
798,23.12,54.0,458.0,406.0,1,0,0.88,0.31,0.35,0.135,22.43,22.93,23.15,2
799,24.79,45.9,400.0,394.0,0,0,0.67,0.44,0.01,0.366,24.83,24.57,24.28,2
800,24.91,55.3,664.0,323.0,1,0,0.75,0.42,0.81,0.169,25.47,24.12,24.78,2
801,21.36,50.7,427.0,585.0,1,1,0.85,0.66,0.09,0.15,21.48,21.55,21.32,2
802,21.89,49.8,439.0,521.0,1,1,0.2,0.08,0.73,0.117,22.38,21.68,22.5,2
803,20.48,45.8,417.0,647.0,1,1,0.84,0.28,0.46,0.106,21.25,20.1,20.46,4
804,22.8,45.3,525.0,505.0,1,0,0.1,0.25,0.82,0.269,22.34,22.85,23.2,3
805,23.92,48.3,400.0,665.0,0,0,0.01,0.26,0.09,0.189,24.55,23.95,23.86,2
806,20.7,40.9,696.0,238.0,1,1,0.5,0.61,0.31,0.133,20.62,21.57,20.39,2
807,21.14,54.6,400.0,332.0,0,0,0.61,0.99,0.55,0.231,20.85,18.85,20.89,3
808,24.49,41.0,603.0,651.0,1,1,0.93,0.04,0.82,0.281,24.35,24.64,24.21,2
809,23.57,47.2,400.0,441.0,0,1,0.27,0.86,0.84,0.299,22.9,24.24,23.6,4
810,20.02,49.2,400.0,581.0,0,1,0.97,0.89,0.14,0.194,20.21,21.19,20.13,0
811,23.36,46.9,431.0,212.0,1,1,0.36,0.87,0.68,0.321,23.58,25.51,23.17,2
812,23.51,41.1,400.0,514.0,0,1,0.88,0.61,0.29,0.172,24.07,22.69,24.23,3
813,23.28,52.3,400.0,539.0,0,0,0.83,0.82,0.93,0.122,23.32,23.13,23.53,2
814,22.29,49.2,400.0,602.0,0,1,0.99,0.62,0.02,0.308,22.76,22.3,22.51,2
815,21.09,56.7,668.0,386.0,1,0,0.72,0.16,0.22,0.241,21.53,21.41,21.19,2
816,23.67,40.5,663.0,533.0,1,1,0.93,0.79,0.54,0.285,23.76,23.17,23.68,2
817,24.31,44.5,400.0,254.0,0,0,0.11,0.41,0.22,0.376,23.96,24.57,24.93,2
818,23.77,49.7,506.0,240.0,1,1,0.1,0.99,0.42,0.282,23.89,23.15,24.06,2
819,24.37,48.2,400.0,322.0,0,0,0.93,0.54,0.18,0.379,24.79,25.68,24.93,1
820,22.93,48.0,630.0,321.0,1,1,0.53,0.56,0.82,0.137,23.02,23.53,22.82,0
821,23.59,45.7,635.0,423.0,1,1,0.66,0.99,0.5,0.375,22.97,23.9,23.66,2
822,23.93,40.9,400.0,516.0,0,0,0.02,0.24,0.93,0.256,23.64,24.19,23.9,2
823,24.04,54.4,430.0,562.0,1,1,0.02,0.07,0.46,0.321,23.41,24.03,24.17,0
824,23.39,52.1,400.0,485.0,0,0,0.07,0.51,0.1,0.12,23.55,22.12,23.13,3
825,21.78,56.0,514.0,202.0,1,0,0.93,0.81,0.26,0.289,22.46,22.38,21.44,2
826,23.53,60.0,400.0,582.0,0,0,0.57,0.26,0.11,0.15,23.63,23.58,23.51,0
827,22.89,47.0,531.0,456.0,1,1,0.75,0.97,0.49,0.185,22.53,22.13,22.47,0
828,22.98,59.0,406.0,515.0,1,1,0.96,0.77,0.24,0.194,23.01,22.7,23.13,2
829,22.42,54.8,591.0,556.0,1,1,0.9,0.38,0.65,0.339,21.83,22.0,22.21,3
830,23.4,45.5,547.0,265.0,1,1,0.37,0.5,0.09,0.31,23.67,23.36,23.08,3
831,24.03,47.8,638.0,655.0,1,1,0.04,0.16,0.01,0.321,24.28,24.08,23.9,1
832,24.7,46.7,518.0,332.0,1,1,0.67,0.39,0.01,0.342,24.3,25.47,24.3,3
833,22.01,58.2,410.0,421.0,1,0,0.41,0.91,0.83,0.172,21.47,20.85,21.96,2
834,22.33,55.1,400.0,597.0,0,1,0.4,0.94,0.37,0.148,22.49,22.5,22.13,2
835,24.16,47.8,602.0,546.0,1,1,0.37,0.9,0.64,0.268,24.14,24.27,24.48,2
836,23.85,43.2,500.0,413.0,1,1,0.16,0.59,0.98,0.156,23.48,24.13,23.52,2
837,23.61,43.2,545.0,244.0,1,0,0.4,0.99,0.23,0.243,23.16,24.83,23.88,2
838,20.98,52.3,560.0,660.0,1,1,0.56,0.98,0.67,0.244,20.42,20.34,21.15,3
839,20.19,44.3,400.0,387.0,0,0,0.08,0.74,0.46,0.348,19.57,19.85,20.37,2
840,20.22,52.7,400.0,360.0,0,0,0.17,0.25,0.28,0.318,19.65,19.47,20.46,2
841,24.02,46.3,400.0,207.0,0,1,0.41,0.03,0.59,0.138,24.21,24.08,23.89,4
842,23.02,52.4,593.0,440.0,1,0,0.28,1.0,0.25,0.399,22.49,21.66,22.96,2
843,23.12,43.0,590.0,256.0,1,1,0.39,0.45,0.5,0.281,23.38,23.19,22.61,2
844,23.22,44.7,400.0,539.0,0,1,0.29,0.99,0.08,0.198,23.37,22.99,22.83,2
845,24.54,46.9,507.0,594.0,1,1,0.76,0.34,0.59,0.154,24.86,25.18,24.4,2
846,20.49,52.8,675.0,213.0,1,0,0.17,0.54,0.55,0.193,20.73,19.09,20.22,2
847,22.69,54.8,543.0,587.0,1,1,0.98,0.24,0.48,0.186,22.68,24.11,22.53,3
848,20.56,53.6,400.0,642.0,0,0,0.33,0.8,0.69,0.199,19.66,20.56,19.98,2
849,23.93,58.5,400.0,305.0,0,1,0.42,0.02,0.58,0.32,24.02,23.31,23.99,1
850,20.86,40.6,618.0,285.0,1,1,0.44,0.66,0.25,0.293,20.06,19.11,20.99,2
851,24.77,47.2,400.0,577.0,0,1,0.51,0.67,0.77,0.369,25.09,24.7,25.04,3
852,24.41,50.1,400.0,550.0,0,1,0.4,0.28,0.49,0.189,23.87,25.74,23.9,2
853,21.67,49.0,400.0,213.0,0,1,0.38,0.78,0.53,0.272,22.39,21.22,21.84,2
854,22.04,40.8,685.0,529.0,1,0,0.97,0.2,0.56,0.384,21.73,21.62,21.93,2
855,20.95,49.0,545.0,598.0,1,0,0.69,0.81,0.45,0.329,21.57,20.67,21.32,1
856,23.12,43.5,400.0,402.0,0,1,0.36,0.28,0.6,0.381,22.4,23.46,22.53,2
857,22.88,43.5,400.0,666.0,0,0,0.5,0.69,0.72,0.35,22.19,24.39,23.59,2
858,24.1,51.2,400.0,669.0,0,0,0.3,0.31,0.38,0.279,24.69,24.04,24.68,2
859,23.14,54.5,542.0,406.0,1,1,0.25,0.92,0.69,0.15,23.57,23.99,23.08,2
860,24.15,58.7,556.0,594.0,1,0,0.77,0.77,0.65,0.354,23.89,26.02,24.44,1
861,23.12,41.7,514.0,403.0,1,1,0.16,1.0,0.78,0.103,23.06,23.17,23.23,3
862,20.55,47.7,580.0,449.0,1,1,0.81,0.05,0.54,0.329,20.72,20.82,20.23,2
863,22.04,41.7,436.0,532.0,1,0,0.79,0.32,0.1,0.338,21.91,21.44,22.25,2
864,20.65,45.8,679.0,258.0,1,1,0.6,0.66,0.86,0.175,19.93,20.61,20.73,3
865,20.41,55.7,672.0,211.0,1,1,0.99,0.79,0.93,0.332,20.08,21.24,20.49,2
866,24.5,41.4,400.0,558.0,0,1,0.81,0.18,0.8,0.366,24.88,23.48,24.56,1
867,21.04,51.3,400.0,207.0,0,0,0.05,0.48,0.62,0.131,21.32,21.7,20.79,3
868,23.84,56.2,400.0,401.0,0,0,0.24,0.94,0.81,0.237,23.11,23.18,23.47,2
869,20.19,49.1,408.0,620.0,1,0,0.93,0.63,0.31,0.23,21.12,19.08,20.3,2
870,24.8,43.6,558.0,425.0,1,0,0.64,0.74,0.01,0.101,25.22,23.88,25.26,2
871,21.2,54.6,400.0,624.0,0,1,0.68,0.68,0.37,0.263,22.1,20.2,21.21,2
872,22.13,41.7,400.0,484.0,0,1,0.9,0.05,0.19,0.239,22.66,21.87,21.81,4
873,23.25,54.8,582.0,248.0,1,1,0.65,0.56,0.17,0.19,23.59,22.86,23.42,2
874,20.45,55.2,514.0,616.0,1,0,0.84,0.09,0.28,0.352,20.96,20.75,20.94,1
875,20.67,49.2,400.0,657.0,0,1,0.09,0.49,1.0,0.377,20.34,19.77,20.66,2
876,20.16,55.0,553.0,376.0,1,1,0.66,0.1,0.05,0.178,19.57,19.8,20.04,2
877,22.79,49.8,458.0,572.0,1,0,0.13,0.08,0.58,0.213,23.33,21.86,23.26,3
878,24.28,52.2,400.0,258.0,0,0,0.5,0.57,0.77,0.397,24.24,23.37,24.0,2
879,21.67,59.1,400.0,590.0,0,1,0.61,0.86,0.18,0.313,21.66,20.94,21.88,1
880,23.61,51.3,570.0,233.0,1,1,0.93,0.3,0.38,0.26,23.51,23.86,23.26,4
881,21.11,53.3,597.0,564.0,1,1,0.67,0.87,0.83,0.152,20.98,21.97,20.86,2
882,22.93,47.5,400.0,229.0,0,1,0.77,0.48,0.86,0.159,22.66,24.27,23.48,4
883,21.56,45.9,400.0,532.0,0,1,0.19,0.66,0.03,0.232,21.01,21.62,21.53,2
884,22.62,58.1,400.0,684.0,0,0,0.86,0.09,0.56,0.38,22.42,23.71,22.39,1
885,23.86,48.0,687.0,253.0,1,1,0.23,0.13,0.34,0.379,23.59,25.04,23.31,3
886,23.34,50.5,688.0,688.0,1,1,0.7,0.14,0.5,0.24,23.3,22.66,23.53,2
887,20.61,49.5,400.0,598.0,0,0,0.49,0.26,0.98,0.291,20.25,20.13,20.6,2
888,24.98,50.1,400.0,511.0,0,1,0.54,0.77,0.48,0.228,24.42,24.44,24.89,3
889,20.56,49.0,400.0,287.0,0,0,0.05,0.86,0.42,0.288,21.79,20.67,20.16,2
890,20.25,49.0,400.0,225.0,0,0,0.45,0.47,0.41,0.4,20.22,21.0,20.28,2
891,24.2,40.0,505.0,393.0,1,0,0.51,0.34,0.93,0.278,23.66,23.25,24.09,1
892,24.85,40.5,400.0,444.0,0,1,0.59,0.73,0.19,0.214,24.62,25.27,24.47,2
893,21.63,41.2,674.0,588.0,1,0,0.31,0.83,0.44,0.335,21.47,21.92,22.41,3
894,21.58,59.5,454.0,649.0,1,1,0.23,0.51,0.14,0.354,21.77,21.88,22.01,2
895,23.2,53.4,651.0,340.0,1,0,0.43,0.62,0.49,0.352,22.19,21.83,23.22,2
896,22.18,54.2,400.0,558.0,0,1,0.75,0.62,0.25,0.269,22.86,21.89,22.01,2
897,21.72,58.9,469.0,291.0,1,1,0.03,0.62,0.82,0.345,21.58,21.92,22.29,2
898,21.98,48.3,400.0,599.0,0,1,0.96,0.98,0.57,0.222,21.58,22.37,21.98,2
899,20.05,49.4,400.0,489.0,0,0,0.47,0.65,0.58,0.189,20.69,20.75,20.32,2
900,21.34,43.0,400.0,245.0,0,1,0.54,0.38,0.49,0.23,20.65,20.51,21.48,2
901,22.65,58.8,400.0,498.0,0,1,0.49,0.78,0.06,0.243,22.24,23.38,22.64,0
902,20.16,48.2,400.0,667.0,0,1,0.61,0.41,0.65,0.192,20.13,20.33,20.19,2
903,24.39,46.8,403.0,655.0,1,1,0.29,0.61,0.2,0.241,23.75,23.86,24.5,2
904,20.32,48.2,683.0,313.0,1,1,0.28,0.29,0.63,0.139,19.59,20.6,20.54,2
905,21.75,52.5,400.0,580.0,0,0,0.23,0.64,0.42,0.245,21.48,22.26,21.93,0
906,23.28,48.6,400.0,694.0,0,0,0.37,0.78,0.56,0.143,23.38,22.92,23.41,2
907,22.82,41.9,400.0,675.0,0,0,0.12,0.43,0.41,0.243,22.56,22.28,22.59,3
908,24.56,47.1,660.0,504.0,1,1,0.9,0.92,0.65,0.319,24.81,24.04,24.53,2
909,22.31,46.3,400.0,367.0,0,1,0.57,0.16,0.03,0.117,21.97,20.59,22.34,2
910,24.3,47.7,400.0,407.0,0,0,0.57,0.47,0.24,0.127,24.75,24.57,23.81,2
911,22.67,44.2,511.0,501.0,1,1,0.88,0.84,0.42,0.356,22.6,24.17,23.12,2
912,22.2,57.1,603.0,638.0,1,0,0.77,0.98,0.41,0.28,22.5,22.63,23.17,2
913,21.2,59.8,400.0,644.0,0,1,0.57,0.94,0.07,0.208,21.35,19.35,20.85,3
914,20.9,59.9,468.0,671.0,1,0,0.15,0.49,0.52,0.166,21.3,20.26,21.06,3
915,22.51,47.5,400.0,213.0,0,1,0.58,0.9,0.44,0.336,22.44,23.22,22.84,1
916,22.1,59.4,400.0,383.0,0,0,0.49,0.82,0.14,0.322,21.82,21.17,22.14,3
917,21.35,47.4,537.0,322.0,1,1,0.36,0.24,0.08,0.163,21.68,20.75,21.27,2
918,25.0,46.6,452.0,622.0,1,1,0.33,0.89,0.39,0.259,25.32,25.81,25.01,0
919,24.12,47.2,457.0,250.0,1,0,0.87,0.16,0.08,0.24,24.53,23.24,24.19,3
920,24.76,44.5,400.0,417.0,0,0,0.06,0.83,0.58,0.164,24.69,24.36,24.73,2
921,23.78,41.4,400.0,291.0,0,1,0.96,0.86,0.28,0.3,23.69,23.62,23.32,2
922,21.05,53.3,662.0,232.0,1,1,0.57,0.58,0.82,0.251,20.57,21.11,21.16,1
923,23.39,57.8,577.0,413.0,1,1,0.7,0.63,0.07,0.247,22.79,23.15,23.09,2
924,20.18,45.3,400.0,281.0,0,0,0.47,0.65,0.08,0.215,19.59,20.79,19.87,2
925,24.32,42.4,400.0,404.0,0,0,0.95,0.98,0.06,0.368,23.97,24.01,24.24,2
926,22.31,44.6,400.0,459.0,0,0,0.44,0.06,0.25,0.303,22.32,22.79,22.55,2
927,22.87,59.7,400.0,377.0,0,0,0.67,0.17,0.68,0.105,22.72,24.32,22.72,2
928,23.88,56.3,572.0,283.0,1,1,0.95,0.32,0.13,0.16,23.94,23.92,23.86,1
929,23.45,46.9,467.0,668.0,1,1,0.68,0.57,0.69,0.18,23.7,25.05,23.59,1
930,20.02,43.4,400.0,250.0,0,1,0.2,0.29,0.97,0.351,19.94,20.23,19.39,1
931,20.24,54.5,457.0,655.0,1,1,0.01,0.63,0.75,0.308,19.46,19.76,20.44,3
932,20.38,59.7,655.0,652.0,1,1,0.46,0.42,0.18,0.125,20.35,21.76,20.28,2
933,21.59,59.8,400.0,202.0,0,1,0.48,0.92,0.31,0.25,22.39,21.77,21.09,3
934,24.86,41.7,400.0,215.0,0,0,0.05,0.85,0.11,0.392,24.8,24.11,24.58,2
935,20.45,55.6,400.0,383.0,0,0,0.84,0.97,0.24,0.291,20.36,19.77,20.48,4
936,20.62,44.0,400.0,394.0,0,0,0.46,0.23,0.53,0.117,21.1,20.85,20.97,1
937,20.59,51.9,400.0,497.0,0,0,0.22,0.89,0.31,0.326,20.69,20.85,20.6,2
938,22.83,43.2,400.0,292.0,0,0,0.96,0.14,0.99,0.287,22.93,23.95,23.11,2
939,20.32,57.7,600.0,268.0,1,1,0.17,0.94,0.35,0.366,20.61,19.53,20.64,3
940,21.61,47.3,400.0,275.0,0,0,0.26,0.85,0.04,0.394,21.76,20.86,21.35,2
941,20.03,43.7,479.0,566.0,1,0,0.56,0.01,0.96,0.107,20.4,20.63,20.1,2
942,22.9,47.6,522.0,461.0,1,1,0.7,0.29,0.25,0.395,22.11,23.08,23.34,2
943,24.7,59.1,400.0,590.0,0,0,0.65,0.43,0.5,0.351,25.46,24.37,25.12,2
944,20.35,42.4,444.0,244.0,1,1,0.17,0.43,0.44,0.282,21.3,19.79,20.62,2
945,20.59,52.3,655.0,639.0,1,0,0.74,0.38,0.13,0.2,20.86,21.7,20.63,2
946,22.29,42.7,652.0,252.0,1,1,0.8,0.88,0.32,0.149,22.25,21.67,22.39,1
947,21.11,47.1,400.0,313.0,0,0,0.03,0.77,0.95,0.264,21.52,21.64,20.81,2
948,20.94,50.7,400.0,298.0,0,1,0.77,0.34,0.35,0.197,20.39,21.39,20.73,2
949,22.96,50.6,400.0,435.0,0,0,0.12,0.29,0.2,0.4,23.1,22.75,23.01,2
950,23.79,48.7,452.0,410.0,1,1,0.74,0.77,0.39,0.182,22.57,24.52,23.58,2
951,23.12,58.8,400.0,265.0,0,1,0.63,0.25,0.67,0.212,23.01,24.07,23.03,3
952,21.98,56.4,503.0,609.0,1,1,0.55,0.04,0.75,0.232,22.47,20.84,21.62,4
953,24.59,52.3,532.0,472.0,1,0,0.62,0.34,0.5,0.335,23.96,24.32,24.24,2
954,20.27,50.6,644.0,414.0,1,1,0.53,0.13,0.81,0.119,20.61,20.01,20.17,3
955,24.83,59.2,400.0,229.0,0,1,0.03,0.32,0.85,0.192,25.08,26.4,24.61,2
956,20.06,48.5,516.0,616.0,1,0,0.99,0.07,0.91,0.306,20.27,18.49,20.49,2
957,21.53,44.4,495.0,431.0,1,1,0.22,0.05,0.61,0.385,21.43,21.44,21.21,1
958,24.17,52.3,400.0,406.0,0,0,0.43,0.36,0.17,0.388,24.41,24.08,24.4,2
959,21.46,57.5,400.0,478.0,0,0,0.31,0.54,0.05,0.155,21.1,21.42,22.08,3
960,22.19,49.8,414.0,411.0,1,0,0.61,0.82,0.49,0.328,21.77,22.93,22.48,2
961,21.41,41.1,603.0,370.0,1,1,0.16,0.19,0.27,0.15,21.14,21.74,21.2,1
962,21.88,46.2,578.0,392.0,1,0,0.27,0.3,0.68,0.318,22.14,21.87,21.68,3
963,23.78,53.7,400.0,378.0,0,1,0.48,0.99,0.56,0.271,23.37,24.58,23.54,1
964,24.43,48.8,400.0,247.0,0,0,0.25,0.65,0.77,0.225,24.6,25.26,23.64,1
965,20.99,57.9,607.0,271.0,1,0,0.5,0.71,0.21,0.132,20.42,22.07,21.27,3
966,22.31,59.0,400.0,654.0,0,1,0.21,0.28,0.84,0.194,22.24,23.58,22.56,0
967,22.55,50.4,519.0,222.0,1,1,0.33,0.74,0.55,0.223,22.83,23.46,22.24,1
968,21.91,46.7,410.0,643.0,1,1,0.2,0.59,0.67,0.138,22.32,20.11,22.09,2
969,22.4,43.4,400.0,572.0,0,1,0.09,0.83,0.3,0.315,21.99,23.05,22.25,2
970,24.72,52.6,649.0,552.0,1,0,0.41,0.95,0.46,0.394,24.69,24.01,24.36,2
971,21.9,58.6,509.0,455.0,1,0,0.7,0.43,0.59,0.121,22.08,22.55,21.78,2
972,24.41,56.4,400.0,364.0,0,0,0.9,0.62,0.08,0.153,23.99,24.12,24.38,2
973,23.32,50.8,400.0,510.0,0,0,0.03,0.56,0.35,0.118,23.44,23.2,22.91,2
974,23.48,46.7,416.0,512.0,1,0,0.25,0.93,0.74,0.348,23.47,25.02,23.47,2
975,23.89,51.1,600.0,640.0,1,1,0.67,0.63,0.57,0.246,23.43,24.49,24.2,3
976,23.76,55.6,400.0,563.0,0,1,0.73,0.75,0.38,0.334,23.29,23.31,23.82,3
977,23.5,54.2,400.0,227.0,0,0,0.42,0.37,0.97,0.38,23.33,23.83,23.42,3
978,23.73,59.6,400.0,619.0,0,1,0.6,0.86,0.04,0.349,24.02,23.39,23.18,2
979,24.84,55.6,517.0,545.0,1,0,0.86,0.86,0.18,0.107,25.54,25.29,24.64,2
980,23.75,46.3,400.0,662.0,0,1,0.4,0.18,0.69,0.178,23.92,22.62,23.57,3
981,22.8,44.1,660.0,330.0,1,0,0.95,0.66,0.76,0.182,21.82,22.42,22.85,2
982,22.81,50.7,498.0,633.0,1,0,0.06,0.16,0.3,0.369,22.33,22.28,22.25,3
983,20.34,59.4,400.0,659.0,0,0,0.21,0.9,0.98,0.285,20.59,20.2,20.62,2
984,20.19,49.9,400.0,375.0,0,1,0.24,0.9,0.47,0.388,19.32,20.0,20.47,2
985,20.19,52.5,400.0,477.0,0,0,0.79,0.39,0.25,0.183,20.41,20.43,19.67,2
986,20.37,52.8,400.0,212.0,0,1,0.92,0.1,0.09,0.34,20.34,21.68,20.31,2
987,20.79,46.5,587.0,600.0,1,1,0.43,0.32,0.41,0.329,21.23,20.9,20.72,3
988,20.37,41.1,600.0,483.0,1,1,0.34,0.36,0.95,0.3,20.08,19.29,20.48,2
989,21.99,58.4,591.0,441.0,1,0,0.73,0.69,0.52,0.201,21.44,22.73,21.98,3
990,20.49,45.4,410.0,265.0,1,1,0.28,0.11,0.77,0.157,21.06,19.79,20.41,2
991,21.87,41.0,400.0,264.0,0,1,0.8,0.29,0.45,0.162,21.47,22.39,21.99,2
992,23.26,55.3,689.0,310.0,1,1,0.21,0.98,0.6,0.321,23.51,23.59,23.24,2
993,20.81,48.5,400.0,294.0,0,0,0.56,0.75,0.44,0.279,21.02,20.59,20.79,2
994,21.01,58.2,564.0,645.0,1,0,0.35,0.47,0.52,0.35,21.51,19.6,20.9,2
995,25.0,55.1,585.0,250.0,1,0,0.3,0.81,0.39,0.143,24.81,25.02,25.59,2
996,20.07,40.3,400.0,621.0,0,1,0.34,0.96,0.32,0.183,19.79,20.23,20.29,2
997,24.62,52.6,671.0,379.0,1,0,0.07,0.73,0.58,0.107,25.01,24.84,24.94,2
998,23.97,48.8,400.0,557.0,0,0,0.83,0.6,0.56,0.327,24.11,24.49,23.9,2
999,23.67,48.1,400.0,503.0,0,0,0.38,0.84,0.34,0.365,23.27,23.64,23.77,2
1000,24.38,50.7,400.0,211.0,0,1,0.86,0.09,0.19,0.215,24.84,24.48,24.69,2
1001,23.54,47.8,558.0,550.0,1,0,0.47,0.03,0.67,0.133,24.24,23.95,24.27,3
1002,23.11,48.5,548.0,529.0,1,0,0.54,0.74,0.99,0.252,21.64,22.48,22.93,3
1003,22.68,56.4,471.0,691.0,1,1,0.79,0.78,0.75,0.118,22.83,22.52,22.94,2
1004,21.34,45.0,509.0,491.0,1,1,0.25,0.74,0.02,0.271,21.27,21.07,21.43,2
1005,20.26,59.4,456.0,607.0,1,0,0.82,0.02,0.66,0.204,19.67,20.89,20.4,2
1006,21.07,51.8,484.0,247.0,1,0,0.61,0.26,1.0,0.284,21.5,21.03,21.66,0
1007,20.58,46.8,400.0,641.0,0,1,0.16,0.4,0.34,0.206,20.84,20.84,20.53,2
1008,23.42,59.2,523.0,300.0,1,1,0.9,0.87,0.71,0.125,23.04,22.52,23.5,4
1009,23.58,50.5,400.0,379.0,0,0,0.62,0.9,0.96,0.303,24.71,21.43,24.17,4
1010,20.18,50.4,400.0,370.0,0,0,0.95,0.95,0.13,0.142,20.21,20.25,20.4,3
1011,21.47,52.9,404.0,388.0,1,1,0.06,0.09,0.48,0.266,21.94,21.19,21.14,0
1012,20.74,57.8,560.0,320.0,1,1,0.27,0.2,0.28,0.157,20.16,20.23,20.68,3
1013,24.83,59.7,400.0,692.0,0,0,0.5,0.37,0.28,0.339,25.07,24.55,25.26,2
1014,22.91,50.6,400.0,553.0,0,1,0.44,0.7,0.66,0.163,22.25,21.85,22.96,3
1015,22.88,51.5,620.0,403.0,1,0,0.71,0.63,0.05,0.2,23.56,24.1,23.06,2
1016,24.93,57.7,400.0,202.0,0,1,0.87,0.0,0.32,0.232,25.02,24.78,25.13,3
1017,22.3,55.4,400.0,275.0,0,1,0.46,0.5,0.74,0.103,22.29,23.26,22.06,2
1018,21.96,49.1,400.0,478.0,0,1,0.73,0.95,0.57,0.194,22.05,21.74,21.83,3
1019,21.72,42.5,605.0,301.0,1,0,0.81,0.59,0.73,0.385,21.69,21.62,21.22,3
1020,23.65,52.5,436.0,681.0,1,0,0.46,0.36,0.96,0.147,22.95,24.69,23.92,2
1021,22.74,57.9,400.0,288.0,0,0,0.45,0.49,0.82,0.382,23.19,23.38,22.25,2
1022,24.37,55.9,400.0,277.0,0,0,0.39,0.1,0.64,0.136,24.24,24.37,24.61,2
1023,20.66,45.9,655.0,592.0,1,1,0.41,0.1,0.95,0.292,20.53,20.17,21.2,2
1024,23.22,53.7,422.0,641.0,1,0,0.81,0.48,0.66,0.346,22.6,23.56,23.48,2
1025,23.48,55.3,400.0,430.0,0,0,0.58,0.77,0.19,0.163,22.43,23.18,23.4,1
1026,22.72,44.9,696.0,217.0,1,1,0.46,0.89,0.82,0.201,23.26,23.3,22.64,2
1027,23.75,52.2,400.0,288.0,0,1,0.08,0.44,0.8,0.151,24.48,24.37,24.09,2
1028,24.66,51.0,400.0,352.0,0,0,0.5,0.3,0.09,0.365,24.78,23.84,24.79,0
1029,23.99,41.6,400.0,686.0,0,0,0.45,0.48,0.34,0.213,24.44,25.45,23.52,2
1030,22.55,57.1,540.0,297.0,1,0,0.15,0.45,0.89,0.277,22.76,23.25,22.67,3
1031,24.55,52.3,550.0,339.0,1,0,0.27,0.36,0.48,0.224,25.42,24.82,24.87,2
1032,23.86,45.7,400.0,352.0,0,0,0.84,0.64,0.34,0.391,22.96,24.33,23.89,0
1033,20.3,45.0,400.0,221.0,0,1,0.7,0.95,0.87,0.225,20.82,19.4,19.89,1
1034,22.37,49.2,400.0,242.0,0,1,0.23,0.68,0.89,0.306,22.02,23.31,22.61,0
1035,23.63,43.7,400.0,647.0,0,1,0.46,0.37,0.94,0.203,24.21,22.71,23.51,2
1036,24.64,59.7,400.0,364.0,0,0,0.17,0.23,0.9,0.186,24.43,25.69,24.49,2
1037,24.01,42.1,589.0,563.0,1,0,0.14,0.25,0.69,0.374,24.6,22.48,24.35,2
1038,20.65,43.4,400.0,458.0,0,1,0.38,0.76,0.65,0.374,21.11,19.8,20.65,1
1039,22.35,43.9,400.0,517.0,0,0,0.65,0.68,0.65,0.211,22.69,22.54,22.2,4
1040,22.9,48.7,686.0,665.0,1,1,0.39,0.28,0.8,0.334,22.67,21.51,22.64,2
1041,21.48,48.8,400.0,628.0,0,1,0.4,0.62,0.96,0.137,21.74,22.14,21.3,2
1042,22.77,42.2,464.0,521.0,1,1,0.72,0.62,0.6,0.154,21.97,24.32,22.57,2
1043,22.61,41.7,579.0,398.0,1,1,0.2,0.86,0.82,0.204,22.83,23.29,22.73,1
1044,21.35,43.4,544.0,657.0,1,1,0.58,0.53,0.46,0.218,21.19,21.66,21.63,1
1045,21.23,58.2,506.0,247.0,1,0,0.51,0.24,0.88,0.321,21.16,20.55,21.52,3
1046,24.19,59.4,400.0,553.0,0,1,0.91,0.39,0.67,0.134,24.64,23.75,24.7,0
1047,20.9,48.9,401.0,479.0,1,0,0.31,0.77,0.56,0.206,20.37,21.24,20.65,2
1048,24.65,44.5,400.0,593.0,0,0,0.02,0.17,0.1,0.373,24.89,24.7,24.6,2
1049,21.05,41.5,675.0,295.0,1,0,0.74,0.83,0.53,0.227,22.16,20.6,20.83,2
1050,22.59,56.5,400.0,415.0,0,0,0.82,0.76,0.9,0.289,22.77,22.15,23.04,2
1051,22.73,43.1,676.0,630.0,1,0,0.54,0.75,0.73,0.183,22.63,23.0,22.75,3
1052,23.89,53.1,400.0,380.0,0,1,0.72,0.37,0.08,0.272,23.7,23.42,24.41,2
1053,24.7,41.2,480.0,442.0,1,0,0.74,0.85,0.38,0.266,24.89,25.33,24.95,2
1054,23.41,41.9,433.0,457.0,1,1,0.96,0.65,0.36,0.305,23.57,23.22,23.16,2
1055,24.91,58.2,400.0,478.0,0,0,0.76,0.54,0.66,0.328,24.56,24.66,25.1,2
1056,22.39,50.4,473.0,649.0,1,1,0.15,0.98,0.31,0.293,22.44,22.44,22.5,1
1057,22.18,41.5,400.0,603.0,0,0,0.84,0.95,0.23,0.261,22.15,22.27,22.16,3
1058,23.44,59.8,400.0,201.0,0,1,0.9,0.71,0.57,0.218,23.9,24.12,23.15,1
1059,22.67,44.0,512.0,682.0,1,0,0.7,0.86,0.11,0.15,22.96,23.61,23.15,2
1060,20.17,58.8,400.0,321.0,0,0,0.55,0.89,0.13,0.279,20.13,19.35,20.02,2
1061,20.51,49.4,400.0,243.0,0,0,0.33,0.49,0.53,0.31,20.39,21.44,20.65,2
1062,22.93,54.4,400.0,607.0,0,1,0.21,0.93,0.78,0.353,23.81,22.65,22.9,2
1063,24.17,59.9,400.0,596.0,0,0,0.06,0.25,0.12,0.38,24.28,24.42,23.75,1
1064,24.33,47.5,400.0,398.0,0,1,0.03,0.43,0.08,0.298,24.24,25.34,24.91,3
1065,22.24,42.7,400.0,674.0,0,1,0.99,0.76,0.05,0.38,22.27,22.85,22.45,3
1066,21.76,49.7,426.0,439.0,1,0,0.85,0.91,0.39,0.245,21.49,23.04,22.06,0
1067,20.59,44.8,400.0,579.0,0,1,0.45,0.37,0.71,0.13,20.2,20.34,20.24,1
1068,23.82,51.6,400.0,614.0,0,0,0.28,0.48,0.71,0.211,23.53,23.69,23.53,2
1069,24.0,48.6,400.0,648.0,0,0,0.6,0.02,0.14,0.22,24.92,24.97,24.16,4
1070,24.7,53.8,400.0,449.0,0,0,0.92,0.5,0.38,0.203,23.94,25.31,24.74,2
1071,24.84,40.8,400.0,516.0,0,0,0.46,0.09,0.8,0.306,25.31,24.1,24.87,2
1072,21.35,44.5,659.0,336.0,1,0,0.47,0.95,0.63,0.357,21.84,22.19,21.51,3
1073,21.18,43.4,446.0,651.0,1,0,0.29,0.14,0.61,0.272,21.28,22.38,21.51,2
1074,24.59,41.0,625.0,405.0,1,0,0.38,0.25,0.35,0.379,25.02,26.14,24.78,4
1075,23.45,48.9,400.0,506.0,0,0,0.19,0.91,0.73,0.271,22.95,23.92,23.38,2
1076,22.72,46.2,400.0,697.0,0,0,0.53,0.64,0.71,0.379,22.49,21.77,22.35,2
1077,21.78,48.3,635.0,244.0,1,1,0.6,0.86,0.6,0.311,21.37,21.98,21.85,1
1078,21.46,51.0,400.0,547.0,0,0,0.28,0.55,0.49,0.218,21.15,20.67,21.42,3
1079,20.93,50.2,478.0,284.0,1,1,0.02,0.49,0.73,0.288,21.26,20.94,21.59,2
1080,23.52,55.3,400.0,320.0,0,0,0.99,0.52,0.31,0.199,23.75,24.97,23.34,2
1081,23.0,41.1,400.0,337.0,0,1,0.61,0.97,0.28,0.204,21.92,22.35,22.99,2
1082,21.52,42.0,400.0,541.0,0,0,0.15,0.65,0.88,0.132,22.1,20.76,21.09,0
1083,21.94,45.7,400.0,246.0,0,0,0.05,0.27,1.0,0.314,22.87,21.24,21.15,2
1084,22.37,50.8,595.0,649.0,1,0,0.58,1.0,0.18,0.224,22.42,23.06,22.15,2
1085,23.27,44.0,400.0,398.0,0,0,0.29,0.33,0.78,0.327,23.97,23.09,23.35,3
1086,20.39,46.4,617.0,307.0,1,0,0.82,0.8,0.41,0.193,21.0,21.85,20.43,3
1087,20.56,54.1,574.0,230.0,1,0,0.67,0.83,0.91,0.274,20.77,20.79,20.8,2
1088,23.79,48.7,400.0,406.0,0,0,0.64,0.06,0.06,0.202,23.81,23.69,23.98,3
1089,20.76,41.7,607.0,544.0,1,1,0.42,0.93,0.36,0.23,20.96,20.88,20.81,2
1090,21.11,40.7,400.0,222.0,0,0,0.91,0.22,0.82,0.268,21.24,19.95,20.94,2
1091,21.49,58.3,400.0,610.0,0,1,0.05,0.2,0.6,0.138,21.55,21.34,21.11,2
1092,20.99,57.2,683.0,368.0,1,0,0.02,0.7,0.45,0.245,20.98,21.77,21.03,2
1093,22.29,40.2,400.0,404.0,0,1,0.12,0.14,0.3,0.122,22.3,21.41,22.19,2
1094,20.65,46.5,400.0,681.0,0,0,0.16,0.2,0.19,0.328,20.66,21.28,20.29,2
1095,21.05,40.5,634.0,531.0,1,1,0.39,0.24,0.77,0.39,21.13,21.02,20.87,2
1096,22.52,42.4,426.0,459.0,1,1,0.99,0.57,0.01,0.276,22.73,21.85,22.8,2
1097,23.93,42.8,483.0,597.0,1,0,0.36,0.13,0.32,0.29,24.68,25.02,23.85,1
1098,23.14,45.4,668.0,318.0,1,1,0.3,0.59,0.22,0.4,23.26,23.39,22.73,1
1099,22.32,46.8,400.0,253.0,0,1,0.5,0.38,0.96,0.192,22.33,20.94,22.38,2
1100,21.22,51.1,689.0,304.0,1,0,0.63,0.58,0.15,0.1,21.2,23.12,21.2,2
1101,23.42,55.0,461.0,478.0,1,1,0.4,0.17,0.17,0.129,23.91,22.74,23.61,3
1102,24.07,49.8,400.0,547.0,0,1,0.93,0.82,0.05,0.224,23.86,25.89,24.15,2
1103,22.11,56.4,613.0,508.0,1,0,0.36,0.81,0.68,0.276,21.01,22.23,21.71,2
1104,23.65,40.2,400.0,618.0,0,0,0.92,0.15,0.7,0.265,23.86,22.94,23.32,2
1105,24.51,50.1,483.0,263.0,1,1,0.41,0.58,0.88,0.297,24.34,25.54,24.47,3
1106,20.06,55.5,400.0,488.0,0,1,0.71,0.88,0.88,0.393,20.51,19.87,20.07,2
1107,21.13,52.3,400.0,283.0,0,1,0.66,0.6,0.9,0.272,20.98,21.02,21.43,4
1108,21.21,54.9,400.0,597.0,0,0,0.39,0.61,0.85,0.148,22.26,20.58,20.63,4
1109,23.04,41.1,400.0,393.0,0,1,0.64,0.4,0.13,0.382,22.57,21.42,23.32,2
1110,21.49,46.3,400.0,697.0,0,0,0.83,0.31,0.96,0.158,21.56,21.73,21.49,2
1111,21.55,42.7,415.0,426.0,1,1,0.04,0.2,0.3,0.358,21.67,21.05,21.51,2
1112,21.36,40.8,520.0,373.0,1,1,0.23,0.26,0.37,0.204,21.3,22.12,21.03,2
1113,24.38,40.8,513.0,500.0,1,0,0.4,0.99,0.36,0.121,25.13,23.8,24.95,2
1114,21.44,46.3,400.0,620.0,0,0,0.48,0.59,0.67,0.168,21.7,23.41,21.38,2
1115,24.08,54.2,690.0,680.0,1,1,0.28,0.64,0.15,0.275,23.17,23.54,24.08,2
1116,20.37,49.5,463.0,584.0,1,1,0.68,0.72,0.3,0.352,20.67,19.86,19.63,0
1117,21.16,58.1,400.0,349.0,0,0,0.27,0.75,0.6,0.397,22.17,21.24,21.14,2
1118,24.17,59.5,400.0,680.0,0,0,0.67,0.49,0.73,0.273,24.22,24.5,24.06,2
1119,20.93,47.7,400.0,391.0,0,0,0.22,0.44,0.05,0.103,21.43,21.11,21.16,1
1120,24.05,53.5,590.0,315.0,1,0,0.02,0.97,0.31,0.149,24.42,23.43,23.92,1
1121,23.49,43.2,400.0,283.0,0,0,0.83,0.65,0.65,0.328,24.32,23.66,23.46,2
1122,20.63,42.5,400.0,684.0,0,1,0.35,0.22,0.76,0.226,20.64,21.03,20.46,2
1123,20.87,54.1,400.0,416.0,0,1,0.88,0.94,0.6,0.138,21.83,21.91,21.47,2
1124,22.29,51.8,497.0,457.0,1,1,0.49,0.37,0.67,0.258,23.25,20.7,22.8,2
1125,21.81,48.9,558.0,684.0,1,0,0.56,0.66,0.23,0.194,22.04,21.48,22.11,2
1126,23.0,54.1,400.0,665.0,0,0,0.84,0.87,0.7,0.214,23.64,24.06,22.9,2
1127,23.75,59.8,400.0,370.0,0,0,0.95,0.38,0.81,0.181,24.14,21.97,23.9,2
1128,22.78,56.5,400.0,240.0,0,0,0.21,0.13,0.09,0.261,22.97,24.31,22.76,2
1129,23.73,55.7,457.0,246.0,1,1,0.7,0.41,0.1,0.259,23.78,24.39,24.04,2
1130,20.92,54.0,543.0,651.0,1,1,0.03,0.44,0.41,0.193,21.07,20.86,20.64,2
1131,24.59,45.0,677.0,383.0,1,1,0.9,0.71,0.16,0.244,25.3,25.14,24.55,2
1132,23.68,57.0,400.0,265.0,0,1,0.75,0.17,0.07,0.244,23.93,24.36,23.6,3
1133,21.19,55.2,633.0,541.0,1,0,0.64,0.58,0.73,0.335,21.3,21.34,21.22,2
1134,20.39,47.0,400.0,300.0,0,1,0.85,0.15,0.16,0.123,21.05,21.12,20.09,2
1135,24.1,54.4,400.0,464.0,0,0,0.13,0.13,0.67,0.187,24.08,24.38,24.42,4
1136,20.19,52.2,454.0,335.0,1,0,0.65,0.34,0.94,0.299,19.4,20.0,20.61,2
1137,24.27,43.7,594.0,539.0,1,0,0.52,0.78,0.66,0.284,23.67,23.73,24.32,2
1138,20.19,55.2,400.0,379.0,0,0,0.62,0.35,0.03,0.194,19.84,20.69,20.05,1
1139,24.39,50.4,400.0,616.0,0,0,0.12,0.73,0.23,0.138,24.59,22.22,24.33,3
1140,20.78,51.6,599.0,542.0,1,1,0.58,0.7,0.17,0.12,21.93,21.34,20.59,2
1141,23.2,47.5,648.0,257.0,1,1,0.62,1.0,1.0,0.25,22.81,22.75,23.19,3
1142,23.81,53.3,400.0,509.0,0,0,0.23,0.82,0.23,0.115,23.37,24.5,23.91,3
1143,20.41,42.0,673.0,207.0,1,1,0.59,0.31,0.63,0.296,20.08,19.66,19.98,1
1144,22.89,55.3,400.0,294.0,0,0,0.38,0.94,0.18,0.191,22.56,22.59,22.61,2
1145,23.52,53.4,638.0,633.0,1,1,0.94,0.91,0.63,0.214,23.08,22.6,23.15,0
1146,24.86,43.5,442.0,239.0,1,0,0.37,0.56,0.52,0.146,25.16,24.45,24.63,3
1147,23.2,45.2,400.0,220.0,0,1,0.71,0.34,0.37,0.256,22.42,23.01,23.04,4
1148,23.83,59.5,400.0,328.0,0,0,0.39,0.55,0.54,0.124,23.82,24.49,23.77,2
1149,24.99,55.5,662.0,651.0,1,1,0.24,0.33,0.86,0.14,24.55,24.07,24.78,2
1150,22.07,51.3,400.0,425.0,0,1,0.01,0.94,0.86,0.376,22.12,21.79,22.16,2
1151,22.19,40.9,400.0,211.0,0,1,0.66,0.15,0.23,0.376,22.43,21.56,22.37,2
1152,20.35,59.9,504.0,632.0,1,1,0.03,0.56,0.58,0.225,20.32,21.41,20.24,2
1153,21.21,58.5,511.0,272.0,1,0,0.34,0.47,0.43,0.397,20.72,21.26,21.09,2
1154,21.74,47.7,692.0,573.0,1,1,0.79,0.39,0.42,0.223,21.48,20.78,21.14,3
1155,20.9,50.6,531.0,458.0,1,0,0.72,0.58,0.26,0.363,21.31,21.29,20.86,1
1156,23.33,51.1,553.0,660.0,1,0,0.6,0.12,0.23,0.346,23.45,25.13,23.17,2
1157,24.76,47.5,400.0,578.0,0,0,0.71,0.13,0.48,0.381,24.6,24.3,25.03,2
1158,24.01,40.4,501.0,402.0,1,1,0.26,0.56,0.4,0.279,23.7,24.66,24.2,2
1159,23.71,52.1,400.0,419.0,0,1,0.83,0.83,0.49,0.34,23.17,22.71,24.41,2
1160,21.87,51.6,673.0,336.0,1,1,0.08,0.54,0.81,0.136,21.78,22.47,21.83,2
1161,21.97,51.4,459.0,406.0,1,0,0.09,0.83,0.56,0.334,21.7,22.31,21.98,2
1162,24.99,57.0,448.0,395.0,1,1,0.66,0.8,0.35,0.392,24.54,24.42,25.22,2
1163,24.8,52.5,400.0,491.0,0,0,0.62,0.04,0.46,0.304,24.75,24.21,24.59,2
1164,24.24,52.2,458.0,408.0,1,0,0.21,0.86,0.39,0.14,24.16,24.32,24.21,2
1165,22.35,47.4,400.0,527.0,0,0,0.01,0.72,0.52,0.32,22.38,22.85,22.41,2
1166,22.97,47.0,591.0,456.0,1,1,0.42,0.98,0.39,0.138,22.34,23.6,22.66,2
1167,20.37,43.3,598.0,239.0,1,0,0.48,0.68,0.92,0.211,20.74,20.71,20.82,2
1168,20.59,58.0,418.0,444.0,1,1,0.47,0.8,0.82,0.381,20.46,20.67,20.49,3
1169,21.94,56.5,400.0,555.0,0,1,0.8,0.4,0.76,0.285,22.1,22.09,22.33,3
1170,20.2,53.3,400.0,675.0,0,1,0.85,0.81,0.44,0.132,19.99,20.28,20.22,2
1171,22.81,52.3,648.0,326.0,1,1,0.71,0.8,0.59,0.294,23.27,21.9,23.19,2
1172,21.59,57.8,400.0,307.0,0,0,0.13,0.22,0.82,0.285,21.49,20.7,21.72,3
1173,24.4,41.9,400.0,259.0,0,0,0.89,0.73,0.21,0.137,23.52,26.23,24.89,2
1174,23.65,41.2,400.0,389.0,0,0,0.52,0.47,0.8,0.237,23.22,23.85,23.54,2
1175,21.09,46.3,400.0,518.0,0,0,0.38,0.73,0.65,0.128,20.72,20.09,20.47,2
1176,24.67,45.8,500.0,428.0,1,1,0.96,0.54,0.8,0.303,24.69,24.29,24.27,2
1177,23.2,51.3,646.0,345.0,1,1,0.51,0.04,0.11,0.132,23.19,23.47,23.58,2
1178,23.02,55.5,400.0,612.0,0,0,0.46,0.46,0.19,0.195,23.36,22.61,22.97,2
1179,22.91,41.3,400.0,626.0,0,1,0.36,0.56,0.49,0.319,23.29,23.54,22.9,2
1180,23.14,49.2,508.0,455.0,1,0,0.99,0.25,0.18,0.371,24.13,24.41,23.32,2
1181,24.34,54.2,400.0,512.0,0,0,0.95,0.96,1.0,0.369,24.44,24.31,24.18,2
1182,20.03,59.6,463.0,459.0,1,0,0.6,0.31,0.35,0.275,21.33,20.65,20.16,2
1183,22.77,43.7,436.0,441.0,1,0,0.39,0.89,0.81,0.194,22.6,22.32,22.48,2
1184,20.41,43.2,400.0,471.0,0,1,0.41,0.14,0.73,0.287,20.08,20.74,19.9,3
1185,24.93,49.3,413.0,612.0,1,0,0.61,0.29,0.74,0.293,25.13,24.43,25.01,3
1186,23.98,43.0,400.0,613.0,0,1,0.2,0.08,0.09,0.331,24.78,24.92,23.83,1
1187,24.81,40.1,400.0,414.0,0,0,0.49,0.9,0.94,0.252,25.22,25.75,25.28,2
1188,23.77,57.9,570.0,661.0,1,1,0.83,0.98,0.32,0.308,23.37,24.92,24.14,2
1189,21.95,59.9,400.0,535.0,0,0,0.42,0.21,0.09,0.159,21.24,21.23,22.16,4
1190,23.94,41.5,400.0,533.0,0,0,0.25,0.71,0.87,0.26,23.09,23.54,23.54,2
1191,21.74,57.4,400.0,675.0,0,1,0.67,0.57,0.85,0.335,21.21,22.81,22.21,2
1192,22.57,47.9,651.0,237.0,1,0,0.81,0.89,0.51,0.22,22.52,22.39,22.22,3
1193,22.08,46.8,400.0,662.0,0,1,0.85,0.24,0.13,0.13,21.48,21.58,22.12,0
1194,23.32,49.0,400.0,376.0,0,0,0.34,0.76,0.14,0.102,22.97,23.39,23.01,1
1195,22.8,44.6,400.0,472.0,0,0,0.09,0.45,0.11,0.382,22.54,23.03,22.67,0
1196,20.03,47.8,400.0,373.0,0,1,0.73,0.3,0.22,0.131,20.35,20.73,19.86,1
1197,24.28,51.6,400.0,487.0,0,0,0.29,0.07,0.79,0.168,23.64,24.92,24.33,2
1198,22.87,51.1,400.0,332.0,0,1,0.22,0.83,0.56,0.287,22.55,23.71,23.34,3
1199,22.75,49.3,400.0,468.0,0,0,0.13,0.04,0.4,0.386,22.37,23.67,22.7,2
1200,21.65,58.7,405.0,261.0,1,0,0.63,0.66,0.91,0.207,21.6,21.05,21.8,1
1201,23.71,53.1,400.0,637.0,0,1,0.67,0.62,0.64,0.338,24.12,23.01,24.26,2
1202,21.37,57.0,513.0,529.0,1,0,0.45,0.23,0.09,0.281,22.06,20.35,21.53,4
1203,22.99,45.7,661.0,495.0,1,1,0.32,0.3,0.68,0.132,22.79,22.71,22.59,2
1204,20.15,46.9,618.0,494.0,1,1,0.31,0.52,0.07,0.124,19.49,19.39,19.93,1
1205,23.75,53.0,400.0,307.0,0,0,0.64,0.34,0.37,0.119,23.43,25.98,23.4,3
1206,21.99,44.0,400.0,533.0,0,1,0.89,0.99,0.12,0.375,22.48,23.07,22.25,2
1207,23.26,45.1,400.0,423.0,0,1,0.35,0.99,0.89,0.21,23.07,23.96,22.85,1
1208,23.51,53.3,400.0,529.0,0,1,0.64,0.63,0.52,0.293,23.6,22.85,23.25,4
1209,22.2,40.4,400.0,600.0,0,1,0.17,0.82,0.07,0.233,22.38,22.03,22.18,2
1210,21.05,58.3,659.0,282.0,1,0,0.81,0.39,0.1,0.149,20.86,20.39,20.91,1
1211,22.69,50.1,400.0,460.0,0,1,0.65,0.52,0.36,0.112,23.2,22.51,22.44,2
1212,22.33,48.2,499.0,546.0,1,1,0.52,1.0,0.09,0.294,23.65,22.82,22.25,3
1213,22.78,44.7,549.0,504.0,1,0,0.95,0.94,0.44,0.284,23.1,24.25,22.71,2
1214,24.39,50.8,400.0,366.0,0,1,0.67,0.67,0.28,0.244,24.37,24.62,24.76,2
1215,21.86,56.2,400.0,605.0,0,0,0.17,0.37,0.66,0.309,22.34,23.29,22.14,3
1216,20.97,58.9,477.0,477.0,1,0,0.41,0.14,0.17,0.234,20.76,21.22,21.19,3
1217,24.93,43.7,610.0,210.0,1,1,0.09,0.0,0.77,0.105,25.28,25.04,24.89,2
1218,20.4,52.9,400.0,646.0,0,0,0.27,0.81,0.76,0.169,20.22,21.02,20.51,2
1219,20.38,56.5,400.0,494.0,0,1,0.8,0.45,0.63,0.236,19.63,21.55,20.88,4
1220,24.05,52.6,687.0,546.0,1,1,0.01,0.27,0.03,0.154,23.66,23.61,24.23,2
1221,23.26,57.0,400.0,526.0,0,1,0.53,0.29,0.63,0.24,23.09,22.48,23.46,2
1222,23.82,58.0,400.0,580.0,0,0,0.44,0.67,0.98,0.195,23.88,23.39,24.18,2
1223,23.17,51.5,400.0,429.0,0,1,0.76,0.21,0.27,0.105,22.85,23.44,23.21,1
1224,22.23,49.2,557.0,668.0,1,1,0.55,0.68,0.85,0.2,22.67,21.37,22.33,3
1225,23.92,41.3,475.0,547.0,1,1,0.8,0.66,0.37,0.382,23.97,23.59,24.14,2
1226,23.27,54.9,507.0,654.0,1,1,0.53,0.4,0.23,0.161,23.56,24.59,23.41,4
1227,21.88,54.5,598.0,531.0,1,0,0.59,0.85,0.65,0.293,22.26,20.71,21.93,3
1228,23.01,57.5,469.0,639.0,1,1,0.21,0.95,0.86,0.129,22.83,22.93,23.24,2
1229,24.45,50.6,400.0,346.0,0,1,0.03,0.5,0.61,0.118,23.87,25.28,24.49,2
1230,24.7,55.2,507.0,204.0,1,0,0.46,0.07,0.67,0.129,24.79,25.33,24.78,3
1231,24.87,55.0,400.0,555.0,0,1,0.08,0.5,0.44,0.363,25.47,25.9,25.34,2
1232,23.88,41.9,471.0,454.0,1,1,0.52,0.83,0.43,0.303,24.2,23.84,23.92,2
1233,21.11,54.6,400.0,269.0,0,0,0.16,0.21,0.5,0.111,21.41,21.48,21.0,2
1234,23.15,57.7,456.0,312.0,1,0,0.41,0.84,0.65,0.227,23.78,23.5,22.79,2
1235,23.43,50.8,400.0,590.0,0,1,0.21,0.16,0.15,0.283,23.97,23.35,23.35,3
1236,24.49,46.5,564.0,370.0,1,1,0.08,0.36,0.11,0.373,25.39,25.37,24.91,2
1237,23.45,43.7,400.0,645.0,0,0,0.85,0.03,0.24,0.352,23.65,23.76,23.31,0
1238,24.55,57.5,400.0,381.0,0,0,0.01,0.06,0.95,0.156,23.97,24.14,24.69,2
1239,20.56,41.2,475.0,612.0,1,1,0.83,0.84,0.4,0.335,20.4,19.0,21.01,2
1240,23.95,54.1,482.0,365.0,1,0,0.95,0.47,0.94,0.295,23.54,24.49,23.77,2
1241,22.45,59.9,400.0,546.0,0,0,0.58,0.2,0.41,0.107,23.71,23.42,22.62,2
1242,20.82,41.6,647.0,390.0,1,0,0.05,0.34,0.5,0.166,21.45,19.68,20.78,1
1243,22.72,54.0,626.0,353.0,1,0,0.03,0.9,0.76,0.362,22.6,24.0,22.48,4
1244,22.73,56.8,611.0,575.0,1,1,0.93,0.55,0.0,0.396,22.13,21.26,22.82,2
1245,20.82,41.3,400.0,643.0,0,0,0.08,0.89,0.92,0.158,20.77,22.25,20.76,2
1246,22.3,49.4,622.0,253.0,1,0,0.19,0.44,0.75,0.351,22.13,22.26,22.67,3
1247,24.57,50.6,400.0,587.0,0,0,0.93,0.31,0.67,0.157,24.64,23.16,24.16,3
1248,24.05,45.3,404.0,614.0,1,0,0.45,0.48,0.12,0.126,23.52,24.19,23.7,3
1249,23.37,47.4,400.0,635.0,0,0,0.58,0.85,0.12,0.336,23.32,24.83,23.58,2
1250,20.94,56.6,400.0,411.0,0,1,0.09,0.03,0.45,0.144,20.9,19.3,21.16,2
1251,22.27,50.4,400.0,309.0,0,0,0.26,0.56,0.48,0.38,22.33,22.56,22.01,2
1252,21.99,44.2,591.0,332.0,1,0,0.2,0.21,0.87,0.173,21.88,21.13,21.33,2
1253,24.64,52.5,635.0,320.0,1,1,0.62,0.69,0.67,0.253,24.51,24.06,24.43,3
1254,21.55,49.5,400.0,653.0,0,1,0.14,0.54,0.12,0.336,20.91,21.38,21.52,1
1255,21.07,42.5,400.0,639.0,0,0,0.36,0.2,0.85,0.247,21.85,21.33,21.25,2
1256,24.37,56.8,400.0,308.0,0,0,0.13,0.14,0.79,0.216,24.37,23.66,24.3,2
1257,24.75,58.2,400.0,541.0,0,0,0.26,0.31,0.0,0.336,24.82,24.57,24.95,2
1258,20.66,48.6,641.0,302.0,1,0,0.08,0.4,0.91,0.237,20.74,21.18,21.08,2
1259,23.43,51.0,684.0,368.0,1,1,0.0,0.41,0.68,0.156,23.59,23.04,23.36,1
1260,23.57,49.8,400.0,700.0,0,0,0.49,0.52,0.46,0.352,23.7,21.92,23.84,3
1261,21.92,52.7,426.0,217.0,1,0,0.12,0.38,0.15,0.169,22.89,22.56,21.96,0
1262,23.44,59.4,400.0,608.0,0,1,0.23,0.59,0.72,0.353,22.91,23.51,22.65,1
1263,20.03,58.6,652.0,622.0,1,0,0.35,0.11,0.43,0.371,19.93,19.93,20.05,2
1264,22.23,41.0,400.0,239.0,0,0,0.28,0.81,0.88,0.248,22.37,20.77,22.61,2
1265,23.75,58.1,400.0,451.0,0,0,0.18,0.66,0.14,0.274,24.35,25.41,23.74,0
1266,23.1,50.9,553.0,637.0,1,0,0.36,0.53,0.4,0.281,23.43,21.89,23.11,4
1267,21.46,44.3,400.0,252.0,0,0,0.39,0.03,0.71,0.248,21.05,19.57,21.6,2
1268,21.1,45.8,400.0,571.0,0,0,0.01,0.2,0.01,0.224,21.54,20.29,21.55,1
1269,20.63,43.7,400.0,529.0,0,0,0.8,0.53,0.37,0.295,21.54,21.51,20.45,2
1270,22.18,57.1,400.0,492.0,0,0,0.98,0.35,0.15,0.324,22.96,22.73,22.56,0
1271,22.1,49.5,400.0,698.0,0,0,0.36,0.87,0.45,0.171,23.17,22.08,22.27,2
1272,23.52,40.5,402.0,310.0,1,0,0.74,0.98,0.04,0.36,23.83,24.05,23.8,2
1273,21.75,53.7,400.0,254.0,0,0,0.75,0.72,0.76,0.179,21.34,21.83,21.81,2
1274,22.85,50.0,400.0,574.0,0,0,0.8,0.57,0.64,0.321,22.72,23.74,22.7,3
1275,20.83,48.0,672.0,352.0,1,1,0.38,0.1,0.73,0.225,20.52,20.6,20.46,1
1276,22.06,55.1,400.0,692.0,0,1,0.67,0.69,0.72,0.216,21.47,23.0,22.38,2
1277,20.69,54.4,523.0,437.0,1,0,0.27,0.39,0.15,0.117,21.14,19.51,20.87,1
1278,23.83,58.7,472.0,416.0,1,1,0.07,0.28,0.05,0.251,23.59,24.15,24.52,2
1279,21.96,55.9,400.0,316.0,0,1,0.85,0.86,0.73,0.248,23.22,20.94,22.1,2
1280,22.16,55.0,400.0,377.0,0,0,0.54,0.06,0.53,0.219,21.72,22.72,22.06,2
1281,24.27,56.3,400.0,552.0,0,0,0.29,0.02,0.84,0.37,24.16,24.05,24.76,2
1282,22.41,50.4,400.0,294.0,0,0,0.22,0.4,0.88,0.181,22.46,21.03,22.74,0
1283,22.36,52.0,550.0,622.0,1,0,0.92,0.55,0.96,0.358,22.46,22.76,22.45,1
1284,21.24,51.8,659.0,636.0,1,0,0.9,0.85,0.26,0.286,20.92,21.16,21.79,2
1285,21.4,46.7,400.0,421.0,0,0,0.37,0.79,0.24,0.396,21.33,21.52,21.93,0
1286,20.22,44.1,400.0,201.0,0,0,0.94,0.15,0.87,0.29,20.63,20.73,20.3,2
1287,23.13,41.1,400.0,298.0,0,0,0.03,0.84,0.72,0.292,22.97,22.76,23.15,2
1288,21.34,41.4,400.0,586.0,0,0,0.97,0.4,0.07,0.353,20.22,21.12,21.6,3
1289,21.08,47.4,400.0,267.0,0,1,0.11,0.08,0.75,0.145,20.83,20.89,21.33,2
1290,20.08,49.7,694.0,474.0,1,0,0.56,0.93,0.83,0.13,20.18,20.09,19.76,2
1291,22.01,53.9,400.0,470.0,0,1,0.69,0.32,0.78,0.398,20.84,22.37,22.05,2
1292,22.55,40.1,400.0,279.0,0,1,0.54,0.1,0.92,0.37,22.93,22.49,22.71,2
1293,22.8,57.9,400.0,496.0,0,0,0.24,0.32,0.49,0.311,22.95,23.24,22.9,2
1294,21.71,43.7,400.0,474.0,0,0,0.21,0.26,0.81,0.291,22.38,21.8,21.9,2
1295,20.94,57.5,400.0,500.0,0,0,0.38,0.92,0.86,0.217,21.34,21.0,20.84,4
1296,20.98,56.3,400.0,372.0,0,0,0.85,0.94,0.62,0.246,21.09,20.54,21.09,1
1297,24.25,59.1,553.0,430.0,1,1,0.98,0.52,0.27,0.165,23.89,22.88,23.92,2
1298,20.29,54.6,400.0,381.0,0,0,0.03,0.77,0.82,0.108,21.13,18.07,20.34,1
1299,20.06,55.1,486.0,312.0,1,0,0.74,0.91,0.2,0.369,20.4,20.77,19.91,2
1300,20.08,57.9,400.0,384.0,0,0,0.56,0.88,0.82,0.346,20.14,19.82,19.8,2
1301,20.38,48.0,401.0,246.0,1,0,0.78,0.66,0.66,0.118,20.16,19.16,20.87,2
1302,23.47,49.7,664.0,455.0,1,0,0.94,0.37,0.77,0.148,23.88,24.1,23.39,2
1303,20.0,56.9,503.0,209.0,1,0,0.11,0.04,0.21,0.306,20.81,20.82,19.49,2
1304,22.47,54.1,400.0,209.0,0,0,0.92,0.45,0.76,0.318,23.15,24.26,22.38,2
1305,23.59,54.9,532.0,291.0,1,0,0.19,0.0,0.56,0.364,23.89,24.08,23.78,2
1306,23.34,47.6,400.0,202.0,0,0,0.76,0.23,0.89,0.242,23.57,24.45,23.1,2
1307,21.19,44.1,400.0,377.0,0,0,0.04,0.29,0.43,0.178,22.03,22.5,21.44,1
1308,21.41,51.9,597.0,507.0,1,0,0.02,0.02,0.86,0.239,21.06,22.45,21.65,2
1309,22.75,57.7,400.0,489.0,0,1,0.52,0.87,0.71,0.17,22.9,22.66,22.46,2
1310,22.69,42.9,400.0,685.0,0,0,0.03,0.74,0.56,0.318,22.6,22.99,22.87,3
1311,23.44,53.8,400.0,329.0,0,1,0.84,0.93,0.6,0.275,23.29,22.07,24.05,2
1312,20.63,43.9,400.0,416.0,0,1,0.26,0.08,0.61,0.275,21.49,21.58,20.91,0
1313,22.79,55.6,400.0,362.0,0,0,0.62,0.93,0.85,0.385,22.58,22.26,22.84,3
1314,20.97,40.2,400.0,567.0,0,1,0.14,0.38,0.31,0.139,19.95,21.27,21.47,2
1315,21.88,47.8,447.0,235.0,1,0,0.88,0.05,0.18,0.208,21.45,21.85,21.98,2
1316,22.1,58.0,417.0,435.0,1,1,0.81,0.39,0.94,0.392,21.61,22.58,21.9,3
1317,20.64,54.0,400.0,523.0,0,0,0.88,0.47,0.47,0.316,20.5,20.93,20.81,2
1318,20.27,51.3,400.0,497.0,0,1,0.42,0.73,0.55,0.36,19.49,19.87,20.54,2
1319,20.66,52.1,443.0,321.0,1,0,0.19,0.52,0.07,0.159,20.45,22.11,20.89,2
1320,24.39,51.7,400.0,473.0,0,1,0.43,0.29,0.88,0.242,23.52,24.59,24.71,2
1321,24.33,49.4,400.0,294.0,0,0,0.85,0.92,0.61,0.121,23.79,25.5,24.74,2
1322,23.83,44.6,543.0,405.0,1,0,0.83,0.34,0.44,0.132,22.85,22.06,23.8,2
1323,22.19,47.3,526.0,413.0,1,1,0.6,0.97,0.43,0.15,21.91,22.15,22.6,2
1324,23.78,43.4,552.0,642.0,1,0,0.42,0.17,0.58,0.391,24.36,24.51,23.75,2
1325,21.13,43.7,400.0,508.0,0,1,0.58,0.9,0.77,0.228,20.64,21.53,21.11,3
1326,22.44,59.5,672.0,527.0,1,1,0.2,0.73,0.12,0.138,22.56,23.7,22.28,2
1327,23.25,54.3,400.0,534.0,0,0,0.1,0.8,0.82,0.176,23.52,21.15,23.07,4
1328,20.27,48.8,678.0,339.0,1,0,0.19,0.56,0.52,0.119,20.3,21.36,19.99,2
1329,23.12,51.7,400.0,410.0,0,0,0.99,0.83,0.2,0.207,22.98,23.16,22.74,2
1330,21.0,44.8,410.0,300.0,1,1,0.55,0.67,0.04,0.145,20.55,21.08,20.91,3
1331,24.26,53.6,622.0,559.0,1,0,0.73,0.51,0.59,0.393,23.38,24.47,24.18,2
1332,24.17,47.3,400.0,628.0,0,1,0.19,0.37,0.33,0.369,24.11,23.94,23.78,0
1333,20.07,49.7,400.0,372.0,0,0,0.2,0.75,0.19,0.272,19.63,19.58,19.7,2
1334,24.51,44.7,439.0,430.0,1,0,0.78,0.09,0.25,0.324,25.11,24.18,24.56,2
1335,22.0,45.0,489.0,653.0,1,1,0.33,0.24,0.97,0.289,21.41,23.91,22.14,1
1336,22.16,56.7,461.0,493.0,1,1,0.98,0.26,0.21,0.102,22.31,23.2,23.16,3
1337,20.44,51.1,400.0,593.0,0,1,0.05,0.16,0.94,0.318,20.56,19.96,20.81,2
1338,24.91,55.4,404.0,357.0,1,0,0.74,0.23,0.39,0.236,24.23,24.51,24.48,2
1339,24.76,48.5,400.0,490.0,0,0,0.74,0.09,0.17,0.304,24.05,23.49,24.41,2
1340,23.35,52.4,400.0,390.0,0,0,0.64,0.36,0.76,0.237,23.82,23.14,23.63,2
1341,24.26,44.1,661.0,431.0,1,1,0.33,0.2,0.67,0.181,24.06,23.18,24.04,3
1342,20.51,46.4,678.0,682.0,1,1,0.78,0.43,0.81,0.29,20.25,21.13,21.07,3
1343,21.4,44.3,613.0,514.0,1,1,0.74,0.2,0.34,0.386,21.35,21.43,21.57,4
1344,20.64,41.4,474.0,588.0,1,1,0.2,0.11,0.54,0.126,20.84,21.08,20.52,3
1345,21.12,46.0,400.0,561.0,0,1,0.28,0.88,0.44,0.17,21.01,20.37,21.1,1
1346,21.72,59.4,400.0,622.0,0,0,0.68,0.06,0.5,0.306,21.1,21.17,21.83,2
1347,21.14,42.4,670.0,616.0,1,1,0.18,0.7,0.87,0.341,21.82,20.41,20.97,4
1348,22.06,45.1,400.0,598.0,0,1,0.79,0.7,0.45,0.134,21.92,23.03,21.78,1
1349,21.72,58.3,400.0,637.0,0,0,0.8,0.91,0.31,0.24,21.6,21.48,22.36,2
1350,20.13,49.5,422.0,559.0,1,0,0.0,0.69,0.89,0.284,20.01,20.19,19.36,3
1351,23.24,40.4,400.0,594.0,0,0,0.57,0.99,0.39,0.264,23.07,23.16,23.81,3
1352,23.09,48.1,697.0,435.0,1,1,0.94,0.53,0.22,0.175,22.57,23.32,22.37,2
1353,24.57,56.4,459.0,299.0,1,0,0.67,0.51,0.33,0.247,24.31,23.24,25.07,3
1354,21.8,47.4,400.0,216.0,0,1,0.93,0.4,0.75,0.27,21.32,22.75,21.56,2
1355,20.59,40.1,652.0,688.0,1,0,0.43,0.63,0.7,0.241,20.99,19.82,20.55,4
1356,20.18,57.7,414.0,425.0,1,0,0.89,0.21,0.79,0.162,20.78,20.3,20.13,2
1357,21.19,52.9,570.0,664.0,1,1,0.5,0.05,0.91,0.163,20.55,21.52,21.29,2
1358,21.88,58.3,400.0,317.0,0,1,0.38,0.45,0.72,0.173,20.37,22.83,22.57,2
1359,24.97,59.0,400.0,623.0,0,1,0.87,0.7,0.87,0.146,24.6,26.48,25.06,1
1360,24.36,47.3,400.0,207.0,0,1,0.22,0.44,0.26,0.27,23.19,24.04,24.32,2
1361,22.03,56.5,655.0,257.0,1,1,0.04,0.21,0.08,0.139,22.27,22.16,22.16,0
1362,20.53,50.6,495.0,628.0,1,0,0.71,0.76,0.02,0.261,20.52,20.66,20.05,2
1363,21.48,45.6,400.0,232.0,0,1,0.85,0.21,0.92,0.179,21.25,19.98,22.0,1
1364,24.17,56.2,537.0,554.0,1,0,0.82,0.68,0.7,0.125,24.32,24.42,24.08,2
1365,24.11,55.2,670.0,560.0,1,1,0.75,0.04,0.89,0.34,24.17,22.55,24.08,2
1366,21.79,49.9,407.0,316.0,1,0,0.46,0.18,0.45,0.256,22.09,20.67,21.74,2
1367,24.89,41.4,551.0,606.0,1,1,0.33,0.37,0.52,0.224,23.94,24.84,25.49,2
1368,24.94,42.2,400.0,663.0,0,0,0.38,0.96,0.49,0.329,25.94,25.89,24.84,3
1369,23.35,46.5,400.0,460.0,0,0,0.03,0.66,0.09,0.2,23.5,22.88,23.24,3
1370,24.57,51.9,400.0,257.0,0,0,0.5,0.78,0.94,0.353,23.83,24.94,24.74,2
1371,23.88,41.1,577.0,287.0,1,1,0.23,0.29,0.61,0.174,23.5,23.75,23.89,1
1372,20.22,48.4,447.0,606.0,1,1,0.89,0.37,0.34,0.285,20.51,20.62,20.69,2
1373,21.1,50.0,400.0,218.0,0,1,0.37,0.53,0.6,0.124,21.21,20.87,20.82,1
1374,21.77,53.8,400.0,356.0,0,1,0.07,0.42,0.58,0.268,21.75,21.2,21.29,2
1375,21.15,59.7,441.0,445.0,1,1,0.48,0.71,0.54,0.213,21.8,22.16,21.2,3
1376,21.35,54.6,479.0,553.0,1,1,1.0,0.37,0.92,0.232,21.55,21.43,21.16,2
1377,23.03,57.9,400.0,409.0,0,0,0.61,0.56,0.05,0.316,22.57,22.93,22.9,0
1378,22.61,54.4,413.0,490.0,1,1,0.74,0.76,0.62,0.217,22.39,23.06,22.86,0
1379,21.56,47.4,400.0,461.0,0,1,0.6,0.74,0.91,0.161,21.28,22.41,21.79,2
1380,20.94,45.6,670.0,548.0,1,0,0.55,0.89,0.25,0.325,20.7,21.71,21.67,1
1381,21.43,52.6,542.0,455.0,1,1,0.24,0.23,0.29,0.315,21.33,21.32,21.56,3
1382,24.3,57.7,667.0,455.0,1,0,0.18,0.41,0.71,0.229,24.53,23.28,24.09,2
1383,22.46,43.7,662.0,236.0,1,1,0.3,0.14,0.56,0.192,22.33,23.23,22.01,2
1384,23.03,44.6,400.0,332.0,0,1,0.62,0.7,0.64,0.36,23.78,22.12,23.36,2
1385,21.06,43.2,400.0,539.0,0,0,0.92,0.78,0.22,0.283,21.11,19.55,21.3,1
1386,23.95,40.0,400.0,502.0,0,0,0.95,0.38,0.16,0.333,23.28,24.03,24.24,2
1387,22.89,56.6,532.0,454.0,1,1,0.12,0.91,0.21,0.345,23.49,22.99,22.78,2
1388,24.77,54.1,400.0,400.0,0,0,0.15,0.47,0.48,0.398,24.73,24.39,24.32,2
1389,20.63,57.2,400.0,246.0,0,0,0.98,0.39,0.5,0.221,21.21,19.83,20.94,1
1390,23.21,59.3,552.0,270.0,1,1,0.23,0.59,0.92,0.357,24.01,23.81,22.95,2
1391,23.39,51.6,400.0,620.0,0,0,0.32,0.56,0.19,0.128,22.5,23.49,23.48,2
1392,24.24,51.0,400.0,314.0,0,1,0.27,0.21,0.85,0.296,24.7,24.1,24.1,2
1393,24.85,45.6,400.0,464.0,0,1,0.21,0.42,0.46,0.114,25.59,24.77,25.12,4
1394,20.69,52.0,484.0,385.0,1,1,0.28,0.66,0.5,0.247,20.84,21.55,20.68,2
1395,20.43,42.6,546.0,492.0,1,1,0.49,0.56,0.94,0.388,21.46,21.0,20.79,3
1396,22.4,43.0,422.0,530.0,1,0,0.33,0.83,0.33,0.223,23.35,20.48,22.54,2
1397,23.81,40.4,400.0,256.0,0,0,0.03,0.07,0.1,0.314,24.37,24.22,23.45,2
1398,21.99,59.7,541.0,429.0,1,0,0.43,0.98,0.91,0.259,21.97,21.82,21.74,0
1399,24.15,47.4,625.0,235.0,1,1,0.11,0.1,0.21,0.395,24.1,24.39,24.11,2
1400,22.45,50.1,400.0,313.0,0,0,0.58,0.66,0.83,0.216,22.38,21.26,22.24,2
1401,21.85,47.7,552.0,215.0,1,1,0.72,0.36,0.02,0.35,21.2,21.79,21.94,2
1402,23.88,42.5,400.0,578.0,0,0,0.51,0.81,0.62,0.196,23.51,23.55,24.15,3
1403,23.95,47.9,400.0,278.0,0,1,0.24,0.93,0.11,0.295,24.22,24.01,23.95,2
1404,20.11,49.0,613.0,292.0,1,0,0.66,0.22,0.14,0.38,18.94,19.82,20.21,2
1405,21.39,54.5,400.0,418.0,0,1,0.47,0.75,0.62,0.143,21.47,20.96,21.51,0
1406,20.81,47.9,400.0,464.0,0,1,0.36,0.23,0.31,0.362,21.49,21.55,20.45,2
1407,22.05,45.3,473.0,620.0,1,0,0.73,0.18,0.29,0.364,21.55,23.52,22.69,3
1408,23.43,51.6,400.0,660.0,0,0,0.89,0.34,0.58,0.379,23.05,24.01,23.73,2
1409,22.72,40.2,400.0,621.0,0,1,0.72,0.08,0.72,0.118,22.45,22.64,22.78,3
1410,22.69,40.0,619.0,271.0,1,0,0.74,0.88,0.55,0.323,23.35,22.22,22.58,2
1411,24.76,56.5,400.0,588.0,0,0,0.64,0.07,0.89,0.389,24.98,23.75,24.52,2
1412,21.85,46.7,400.0,276.0,0,1,0.66,0.82,0.75,0.398,22.17,21.87,21.82,2
1413,22.72,57.1,518.0,285.0,1,1,0.07,0.34,0.14,0.333,23.06,22.79,22.65,2
1414,20.28,45.4,633.0,259.0,1,0,0.42,0.53,0.97,0.33,20.4,19.77,20.39,2
1415,21.45,42.5,479.0,328.0,1,1,0.28,0.73,0.43,0.191,21.27,20.73,21.54,2
1416,23.01,55.7,422.0,202.0,1,1,0.41,0.45,0.93,0.392,23.3,22.47,22.72,2
1417,21.82,53.0,456.0,460.0,1,1,0.14,0.32,0.61,0.235,21.79,23.18,21.9,3
1418,23.04,45.8,484.0,457.0,1,1,0.89,0.88,0.04,0.33,22.82,22.04,23.01,2
1419,24.24,55.2,479.0,283.0,1,0,0.88,0.36,0.3,0.162,23.57,24.09,24.3,2
1420,23.27,46.4,400.0,453.0,0,0,0.01,0.78,0.17,0.21,23.89,24.23,23.36,2
1421,20.22,46.2,400.0,614.0,0,1,0.75,0.57,0.65,0.389,20.21,21.89,19.97,2
1422,22.79,41.0,400.0,640.0,0,1,0.06,0.44,0.39,0.243,22.8,23.13,22.85,2
1423,23.26,50.0,476.0,353.0,1,0,0.15,0.9,0.97,0.188,22.98,22.46,23.11,1
1424,23.07,40.2,400.0,446.0,0,1,0.36,0.92,0.46,0.141,22.3,21.84,23.61,2
1425,24.96,43.3,400.0,325.0,0,1,0.27,0.8,0.07,0.133,24.93,23.72,25.56,2
1426,22.8,57.8,400.0,280.0,0,0,0.25,0.26,0.94,0.343,22.81,23.39,22.56,2
1427,20.15,46.4,400.0,262.0,0,1,0.39,0.18,0.21,0.102,20.14,20.28,20.31,2
1428,22.38,55.3,489.0,436.0,1,0,0.23,0.3,0.19,0.105,22.72,22.36,22.54,2
1429,23.9,47.4,400.0,461.0,0,1,0.3,0.65,0.34,0.334,24.57,23.77,23.47,3
1430,22.42,46.6,400.0,685.0,0,1,0.41,0.19,0.73,0.271,23.05,24.24,22.26,1
1431,21.08,54.9,458.0,460.0,1,1,0.74,0.64,0.49,0.304,20.66,20.58,21.27,2
1432,24.18,44.3,437.0,624.0,1,1,0.2,0.89,0.39,0.247,23.62,24.48,24.09,3
1433,21.0,44.5,624.0,606.0,1,1,0.18,0.85,0.6,0.111,20.68,19.68,21.04,2
1434,23.07,58.9,677.0,643.0,1,0,0.5,0.97,0.05,0.162,23.77,25.32,22.89,2
1435,23.2,51.6,400.0,391.0,0,1,0.73,0.18,0.28,0.171,22.78,22.45,22.74,2
1436,24.71,57.4,439.0,400.0,1,1,0.42,0.64,0.22,0.197,25.45,24.54,24.94,0
1437,20.17,58.9,400.0,473.0,0,1,0.93,0.9,0.82,0.395,19.92,19.97,19.95,2
1438,21.76,51.5,400.0,385.0,0,0,0.36,0.97,0.69,0.363,21.1,21.54,22.25,1
1439,21.16,40.7,400.0,673.0,0,0,0.22,0.69,0.49,0.126,21.45,22.27,20.8,2
1440,23.41,52.8,622.0,665.0,1,0,0.82,0.52,0.09,0.343,23.02,23.71,23.21,2
1441,22.25,49.7,400.0,241.0,0,1,0.08,0.87,0.39,0.191,22.03,22.15,22.56,3
1442,20.76,45.7,400.0,412.0,0,1,0.64,0.43,0.12,0.348,20.62,19.5,20.41,2
1443,20.16,45.4,498.0,429.0,1,1,0.61,0.78,0.88,0.259,20.55,20.15,20.29,2
1444,20.64,49.9,400.0,693.0,0,0,0.41,0.65,0.63,0.334,21.01,20.79,20.22,2
1445,20.41,54.5,677.0,377.0,1,1,0.98,0.48,0.05,0.268,20.41,19.47,20.63,2
1446,20.54,48.3,453.0,373.0,1,0,0.38,0.96,0.99,0.292,21.28,22.07,20.66,2
1447,23.05,59.0,400.0,205.0,0,0,0.74,0.41,0.57,0.3,23.05,22.44,22.79,1
1448,21.09,48.8,400.0,662.0,0,0,0.08,0.71,0.82,0.111,21.56,22.11,21.37,2
1449,21.06,46.0,400.0,423.0,0,0,0.21,0.97,0.16,0.174,21.8,22.19,21.21,4
1450,22.18,49.1,400.0,496.0,0,0,0.25,0.6,0.47,0.252,22.24,20.61,22.46,2
1451,23.17,49.0,400.0,284.0,0,0,0.08,0.45,0.47,0.302,23.26,23.38,23.26,2
1452,20.82,41.9,489.0,651.0,1,0,0.83,0.99,0.84,0.229,21.45,20.5,20.97,2
1453,21.77,52.0,400.0,304.0,0,0,0.4,0.48,0.59,0.208,20.94,22.89,22.15,4
1454,23.97,44.0,400.0,300.0,0,0,0.87,0.73,0.31,0.388,23.4,22.81,23.92,2
1455,22.53,52.4,401.0,364.0,1,0,0.68,0.74,0.48,0.393,22.76,22.74,22.62,2
1456,21.97,43.2,400.0,576.0,0,1,0.21,0.71,0.77,0.235,22.71,21.75,21.68,2
1457,20.59,48.4,400.0,581.0,0,0,0.83,0.03,0.09,0.298,20.36,19.46,20.83,2
1458,21.81,45.2,432.0,581.0,1,0,0.95,0.06,0.48,0.314,21.22,21.47,21.13,3
1459,20.59,40.6,661.0,238.0,1,1,0.52,0.4,0.51,0.34,20.88,20.57,20.37,1
1460,22.76,45.0,400.0,255.0,0,0,0.59,0.14,0.75,0.138,23.19,22.34,23.15,2
1461,22.1,48.4,510.0,686.0,1,0,0.5,0.65,0.35,0.262,22.73,22.97,21.92,2
1462,24.44,47.5,573.0,238.0,1,1,0.9,0.96,0.69,0.288,24.55,24.62,24.81,0
1463,20.15,46.5,400.0,403.0,0,1,0.37,0.02,0.7,0.387,19.95,19.17,19.96,3
1464,23.36,44.7,400.0,566.0,0,1,0.97,0.26,0.29,0.208,23.04,23.57,23.64,2
1465,20.5,43.9,541.0,595.0,1,0,0.49,0.28,0.53,0.387,20.34,20.2,20.74,2
1466,22.46,51.6,400.0,555.0,0,1,0.16,0.67,0.02,0.298,22.42,24.44,22.25,2
1467,20.32,46.2,400.0,406.0,0,1,0.15,0.02,0.06,0.181,20.3,20.42,19.91,2
1468,23.7,42.4,606.0,557.0,1,0,0.46,0.24,0.86,0.14,23.24,23.36,24.0,0
1469,22.43,43.7,670.0,304.0,1,1,0.05,0.52,0.04,0.13,21.69,22.23,22.02,2
1470,20.67,55.4,428.0,510.0,1,1,0.66,0.54,0.03,0.3,19.86,20.61,20.62,2
1471,24.27,42.3,400.0,249.0,0,1,0.21,0.1,0.45,0.284,24.17,25.19,23.91,1
1472,24.06,54.8,581.0,374.0,1,0,0.59,0.82,0.75,0.172,23.59,24.06,23.75,2
1473,23.06,59.9,420.0,688.0,1,0,0.26,0.3,0.47,0.364,23.13,22.72,22.79,1
1474,22.17,50.6,400.0,676.0,0,0,0.8,0.18,0.66,0.128,21.3,22.0,21.5,1
1475,20.44,59.9,400.0,368.0,0,1,0.9,0.06,0.87,0.145,21.62,20.09,20.24,1
1476,23.55,59.7,412.0,662.0,1,0,1.0,0.51,0.48,0.19,23.1,24.95,23.86,2
1477,23.29,41.1,608.0,382.0,1,0,0.56,0.95,0.12,0.292,23.72,23.47,23.32,1
1478,20.07,49.9,698.0,449.0,1,1,0.14,0.73,0.98,0.324,20.29,19.81,19.91,3
1479,22.63,57.2,452.0,312.0,1,0,0.76,0.54,0.9,0.187,22.8,23.03,22.66,2
1480,20.11,57.0,400.0,641.0,0,1,0.75,0.26,0.26,0.314,20.52,22.06,20.13,1
1481,23.13,45.8,400.0,577.0,0,1,0.39,0.25,0.0,0.254,22.15,23.43,23.19,2
1482,21.05,44.7,400.0,579.0,0,1,0.55,0.29,0.82,0.254,20.95,19.6,21.04,2
1483,20.25,55.3,408.0,586.0,1,1,0.67,0.03,0.29,0.158,20.72,20.33,20.75,2
1484,23.6,45.3,400.0,290.0,0,0,0.46,0.76,0.73,0.133,23.69,22.78,24.08,2
1485,21.16,47.5,631.0,527.0,1,1,0.02,0.85,0.83,0.179,20.48,21.36,21.14,2
1486,23.52,56.1,400.0,391.0,0,0,0.93,0.29,0.83,0.224,24.03,23.3,23.53,2
1487,20.8,41.9,400.0,383.0,0,0,0.08,0.33,0.11,0.364,21.32,21.02,20.87,4
1488,22.32,45.9,400.0,409.0,0,0,0.33,0.49,0.8,0.12,22.11,22.86,21.96,2
1489,20.87,46.5,633.0,662.0,1,0,0.6,0.48,0.25,0.168,20.96,21.28,20.68,2
1490,24.9,41.5,591.0,466.0,1,0,0.08,0.62,0.62,0.297,25.21,25.52,25.0,2
1491,20.12,56.9,417.0,583.0,1,1,0.55,0.39,0.36,0.216,19.81,19.52,20.55,2
1492,24.0,43.1,419.0,477.0,1,1,0.87,0.99,0.81,0.36,24.34,24.56,23.95,3
1493,21.69,50.7,400.0,222.0,0,0,0.9,0.19,0.86,0.18,21.2,21.24,21.49,2
1494,20.67,55.9,640.0,465.0,1,1,0.89,0.15,0.57,0.268,20.36,20.75,20.66,0
1495,20.06,54.6,400.0,234.0,0,1,0.2,0.87,0.13,0.334,19.95,19.42,20.76,1
1496,22.54,54.1,594.0,371.0,1,1,0.03,0.57,0.44,0.162,22.47,21.79,22.17,2
1497,22.07,58.9,643.0,629.0,1,1,0.39,0.94,0.19,0.366,21.78,22.73,21.63,2
1498,20.68,56.0,400.0,568.0,0,0,0.99,0.54,0.86,0.221,20.85,20.92,20.59,1
1499,22.7,51.0,508.0,692.0,1,0,0.29,0.35,0.07,0.116,22.29,21.49,22.52,4
1500,20.04,40.8,651.0,341.0,1,1,0.02,0.91,0.93,0.153,19.83,18.83,20.7,2
1501,20.68,47.8,400.0,423.0,0,0,0.58,0.15,0.48,0.207,20.48,20.58,20.45,2
1502,24.91,51.1,400.0,654.0,0,1,0.42,0.24,0.06,0.227,25.14,25.31,24.5,2
1503,23.61,53.6,400.0,287.0,0,0,0.04,0.72,0.97,0.287,24.47,23.79,24.14,2
1504,21.56,53.9,400.0,271.0,0,1,0.04,0.43,0.17,0.121,21.43,20.78,21.93,2
1505,23.35,50.4,482.0,502.0,1,1,0.63,0.13,0.86,0.178,23.61,23.34,23.51,2
1506,21.48,57.7,400.0,215.0,0,1,0.15,0.07,0.98,0.259,21.52,22.19,21.52,3
1507,22.36,52.4,400.0,339.0,0,1,0.29,0.37,0.65,0.147,22.4,22.19,22.24,1
1508,24.42,54.5,400.0,589.0,0,0,0.3,0.44,0.61,0.197,24.16,24.96,24.48,3
1509,24.03,52.7,400.0,555.0,0,1,0.51,0.73,0.08,0.275,24.13,22.57,23.82,2
1510,23.31,52.7,691.0,630.0,1,1,0.99,0.36,0.21,0.18,23.59,25.21,23.36,2
1511,23.6,41.7,665.0,475.0,1,1,0.5,0.73,0.99,0.281,24.04,24.16,23.19,0
1512,20.41,50.4,446.0,499.0,1,0,0.99,0.37,0.12,0.305,20.68,20.55,20.35,4
1513,22.74,44.4,400.0,232.0,0,1,0.95,0.63,0.73,0.187,22.94,22.01,23.05,0
1514,21.08,43.3,549.0,681.0,1,0,0.26,0.36,0.11,0.349,21.73,19.15,21.43,2
1515,24.28,57.8,400.0,546.0,0,0,0.2,0.31,0.06,0.217,23.75,24.15,24.24,4
1516,21.64,44.1,400.0,271.0,0,0,0.95,0.45,0.29,0.378,22.59,22.13,21.66,2
1517,20.33,59.2,400.0,379.0,0,0,0.74,0.37,0.6,0.234,19.19,19.99,20.79,2
1518,21.65,52.6,544.0,458.0,1,1,0.87,0.77,0.6,0.209,21.4,21.54,21.75,3
1519,24.84,49.9,400.0,403.0,0,1,0.67,0.92,0.99,0.201,24.52,26.21,24.83,2
1520,24.61,49.3,400.0,575.0,0,0,0.05,0.32,0.19,0.195,24.25,23.29,24.74,2
1521,22.54,45.3,400.0,430.0,0,0,0.72,0.41,0.24,0.204,22.76,22.53,22.46,4
1522,20.84,43.1,667.0,218.0,1,1,0.15,0.98,0.2,0.346,20.52,20.5,20.75,2
1523,22.46,56.2,400.0,327.0,0,0,0.15,0.03,0.44,0.392,23.52,23.46,22.61,2
1524,22.97,48.7,400.0,455.0,0,0,0.8,0.63,0.66,0.113,23.36,22.99,23.07,2
1525,20.97,57.0,548.0,325.0,1,1,0.18,1.0,0.06,0.342,21.09,19.21,21.12,2
1526,20.47,55.7,470.0,546.0,1,1,0.5,0.33,0.5,0.111,21.94,20.29,20.46,2
1527,22.7,55.4,507.0,652.0,1,0,0.13,0.48,0.04,0.395,22.58,21.88,22.92,4
1528,23.35,46.2,400.0,269.0,0,0,0.63,0.33,0.57,0.34,22.08,23.12,23.1,4
1529,21.07,49.6,400.0,203.0,0,1,0.95,0.78,0.48,0.315,21.68,20.98,20.96,2
1530,20.07,46.0,400.0,460.0,0,1,0.53,0.67,0.86,0.189,20.86,18.83,20.04,2
1531,21.63,59.1,400.0,412.0,0,1,0.83,0.99,0.77,0.113,21.76,20.69,21.98,0
1532,20.86,46.6,400.0,209.0,0,1,0.31,0.54,1.0,0.152,20.86,21.72,20.97,1
1533,23.48,40.2,534.0,433.0,1,1,0.17,0.97,0.56,0.212,23.69,24.0,23.48,1
1534,20.84,50.6,631.0,483.0,1,1,0.93,0.25,0.35,0.261,20.58,20.72,20.19,2
1535,23.43,41.9,680.0,365.0,1,0,0.26,0.32,0.7,0.145,22.92,23.2,23.53,2
1536,22.82,52.9,527.0,443.0,1,0,1.0,0.97,0.9,0.125,22.02,22.76,22.19,2
1537,24.58,51.9,400.0,423.0,0,0,0.41,0.38,0.86,0.331,24.68,24.02,24.45,1
1538,20.18,47.6,540.0,426.0,1,1,0.29,0.41,0.25,0.157,21.03,20.26,20.39,3
1539,21.86,54.7,400.0,680.0,0,1,0.41,0.85,0.0,0.184,21.54,22.48,21.99,2
1540,23.99,52.8,400.0,386.0,0,0,0.77,0.86,0.51,0.36,23.77,23.88,23.86,2
1541,23.13,43.4,489.0,424.0,1,1,0.75,0.61,0.4,0.185,23.07,23.42,23.29,1
1542,21.82,54.3,400.0,557.0,0,1,0.93,0.08,0.62,0.341,22.81,21.9,21.55,2
1543,23.69,42.1,620.0,384.0,1,1,0.5,0.83,0.87,0.308,23.41,23.01,23.74,2
1544,23.37,53.8,574.0,680.0,1,1,0.23,0.0,0.36,0.307,22.94,23.07,23.95,4
1545,22.09,44.2,602.0,638.0,1,1,0.76,0.98,0.16,0.161,21.88,22.62,22.04,4
1546,22.06,44.6,487.0,448.0,1,0,0.23,0.73,0.97,0.149,21.59,22.1,21.67,1
1547,23.27,45.1,400.0,397.0,0,0,0.59,0.36,0.21,0.398,22.46,23.66,22.8,2
1548,20.23,45.3,400.0,552.0,0,0,0.64,0.22,0.52,0.19,19.85,19.53,20.72,2
1549,21.46,43.6,400.0,420.0,0,0,0.67,0.73,0.95,0.197,21.51,21.11,21.24,2
1550,21.09,42.0,477.0,231.0,1,1,0.02,0.02,0.68,0.282,20.32,21.26,21.24,2
1551,23.32,46.5,400.0,331.0,0,0,0.05,0.99,0.83,0.212,23.59,23.61,23.87,0
1552,21.1,51.8,400.0,693.0,0,0,0.75,0.01,0.52,0.31,20.96,21.59,21.12,4
1553,21.81,50.5,400.0,614.0,0,0,0.03,0.57,0.24,0.175,21.65,20.79,22.08,3
1554,20.56,40.2,429.0,483.0,1,0,0.35,0.18,0.97,0.2,21.22,21.86,20.78,1
1555,20.02,47.3,655.0,486.0,1,0,0.97,0.83,0.73,0.378,20.6,20.91,20.13,2
1556,21.78,42.7,468.0,548.0,1,0,0.86,0.98,0.61,0.374,22.4,19.87,21.35,4
1557,24.4,56.4,521.0,658.0,1,1,0.07,0.61,0.59,0.28,24.28,23.09,24.28,2
1558,23.52,56.6,624.0,312.0,1,0,0.52,0.14,0.62,0.144,23.3,24.39,23.0,1
1559,22.12,42.8,636.0,398.0,1,1,0.53,0.71,0.59,0.317,21.77,21.63,22.08,1
1560,20.86,52.5,646.0,365.0,1,1,0.89,0.99,0.21,0.193,20.05,20.39,21.32,1
1561,23.61,40.1,400.0,694.0,0,1,0.8,0.45,0.21,0.117,24.34,22.37,23.22,3
1562,22.66,44.6,400.0,223.0,0,0,0.58,0.94,0.24,0.265,22.58,24.1,22.64,2
1563,21.16,49.5,656.0,504.0,1,0,0.22,0.92,0.08,0.205,21.45,19.98,20.31,3
1564,24.96,54.6,519.0,654.0,1,1,0.03,0.59,0.16,0.169,25.16,25.56,24.91,2
1565,20.36,58.5,650.0,262.0,1,0,0.54,0.74,0.19,0.355,20.3,20.91,21.34,2
1566,24.52,42.0,450.0,570.0,1,1,0.47,0.35,0.74,0.199,24.63,24.29,24.0,2
1567,23.23,49.8,476.0,205.0,1,0,0.74,0.91,0.96,0.133,22.99,23.21,23.25,1
1568,24.33,43.7,631.0,436.0,1,1,0.32,0.79,0.65,0.184,23.87,24.34,24.67,3
1569,23.15,46.1,469.0,218.0,1,0,0.67,0.89,0.36,0.125,23.21,23.01,22.79,3
1570,20.85,51.6,404.0,474.0,1,1,0.23,0.28,0.8,0.283,20.01,20.6,20.75,2
1571,20.02,55.1,400.0,677.0,0,1,0.24,0.39,0.49,0.215,19.72,20.23,20.53,2
1572,24.08,43.2,400.0,352.0,0,1,0.11,0.83,0.31,0.394,23.86,24.71,24.15,2
1573,24.01,43.3,400.0,218.0,0,0,0.48,0.46,0.45,0.243,24.32,24.93,23.8,2
1574,24.59,49.7,425.0,426.0,1,1,0.43,0.53,0.46,0.151,23.77,24.66,24.95,2
1575,20.4,58.7,400.0,405.0,0,1,0.95,0.81,0.62,0.159,20.5,19.58,20.52,3
1576,21.83,41.9,583.0,463.0,1,1,0.17,0.64,0.63,0.114,21.23,22.73,21.82,2
1577,21.81,55.8,400.0,210.0,0,1,0.66,0.31,0.19,0.291,21.65,20.93,21.98,1
1578,23.47,56.4,496.0,534.0,1,1,0.44,0.64,0.68,0.117,22.9,23.04,23.9,0
1579,20.85,41.6,400.0,309.0,0,1,0.69,0.29,0.64,0.344,20.79,23.13,20.62,2
1580,21.64,58.7,400.0,618.0,0,1,0.04,0.97,0.69,0.347,22.04,20.86,21.8,2
1581,21.85,54.4,403.0,462.0,1,1,0.11,0.63,0.68,0.373,22.14,22.96,21.52,2
1582,20.09,42.0,400.0,388.0,0,1,0.34,0.83,0.76,0.342,20.14,20.69,19.92,3
1583,24.78,46.0,453.0,206.0,1,1,0.72,0.86,0.8,0.35,23.72,23.92,24.58,2
1584,20.44,49.7,653.0,538.0,1,0,0.34,0.88,0.38,0.107,20.1,20.03,20.25,2
1585,20.67,45.2,567.0,578.0,1,0,0.9,0.0,0.72,0.243,21.54,21.78,20.87,2
1586,21.73,47.9,569.0,688.0,1,0,0.14,0.39,0.77,0.118,21.82,22.53,21.62,2
1587,24.33,51.6,400.0,233.0,0,0,0.53,0.29,0.36,0.35,25.22,24.58,23.6,3
1588,21.17,54.9,517.0,481.0,1,0,0.98,0.79,0.85,0.294,21.47,20.85,21.29,2
1589,22.42,48.3,409.0,249.0,1,0,0.26,0.39,0.55,0.271,22.86,21.6,21.84,3
1590,23.37,43.9,453.0,251.0,1,1,0.32,0.6,0.44,0.27,24.22,22.15,22.98,2
1591,21.92,41.0,695.0,612.0,1,1,0.62,0.44,0.09,0.187,21.74,22.0,21.89,2
1592,24.87,48.3,416.0,297.0,1,0,0.03,0.93,0.44,0.309,24.63,25.52,24.66,3
1593,24.49,42.6,400.0,250.0,0,0,0.42,0.69,0.53,0.327,24.44,23.54,24.17,2
1594,24.1,49.9,542.0,404.0,1,0,0.04,0.87,0.88,0.344,24.45,25.33,24.04,2
1595,24.68,54.2,400.0,690.0,0,0,0.1,0.1,0.11,0.152,23.46,25.86,24.56,1
1596,24.38,58.1,400.0,439.0,0,0,0.63,0.47,0.29,0.131,24.73,24.22,24.29,2
1597,23.0,50.0,400.0,303.0,0,0,0.21,0.24,0.91,0.364,22.68,23.66,23.11,3
1598,24.54,54.2,680.0,650.0,1,0,0.61,0.55,0.4,0.153,24.89,24.67,23.61,2
1599,20.98,49.5,400.0,227.0,0,0,0.97,0.97,0.92,0.322,21.63,21.05,21.25,3
1600,21.29,57.2,531.0,237.0,1,0,0.73,0.59,0.18,0.393,21.4,19.59,21.54,2
1601,20.39,50.0,400.0,681.0,0,1,0.6,0.51,0.3,0.191,20.49,19.6,20.42,2
1602,23.33,55.5,442.0,631.0,1,0,0.29,0.86,0.94,0.229,23.35,22.2,23.05,1
1603,23.34,58.0,596.0,310.0,1,0,0.51,0.11,0.44,0.168,23.44,23.09,23.89,2
1604,21.1,47.0,400.0,385.0,0,0,0.85,0.78,0.45,0.144,20.33,21.98,21.07,3
1605,22.5,52.5,400.0,284.0,0,1,0.84,0.83,0.11,0.393,23.52,22.35,22.94,2
1606,21.17,49.2,501.0,602.0,1,1,0.98,0.74,0.16,0.226,20.62,20.68,20.62,2
1607,23.76,53.0,400.0,522.0,0,0,0.89,0.55,0.65,0.381,24.0,24.18,23.29,2
1608,23.67,45.2,400.0,240.0,0,1,0.58,0.38,0.72,0.31,24.68,24.78,23.83,2
1609,22.3,50.3,420.0,339.0,1,1,0.08,0.07,0.12,0.26,22.79,22.62,22.14,2
1610,24.57,40.7,552.0,281.0,1,1,0.03,0.11,0.78,0.364,24.54,23.88,24.94,3
1611,24.88,49.7,400.0,367.0,0,1,0.48,0.71,0.68,0.396,25.12,25.19,25.27,3
1612,24.1,57.8,461.0,213.0,1,1,0.78,0.17,0.88,0.157,23.89,23.53,23.94,3
1613,22.98,46.4,400.0,512.0,0,1,0.08,0.92,0.36,0.13,22.71,22.72,23.17,2
1614,22.65,44.7,666.0,333.0,1,0,0.34,0.1,0.93,0.23,22.88,22.95,22.8,3
1615,24.82,50.3,400.0,596.0,0,0,0.38,0.39,0.2,0.362,24.85,25.68,25.0,2
1616,22.56,46.0,421.0,210.0,1,1,0.9,0.45,0.13,0.106,22.81,23.46,22.92,0
1617,22.54,54.5,684.0,498.0,1,0,0.71,0.61,0.01,0.29,22.05,23.83,22.23,3
1618,21.01,58.0,400.0,457.0,0,1,0.15,0.4,0.15,0.327,20.91,20.74,21.46,4
1619,20.67,45.0,528.0,697.0,1,0,0.44,0.03,0.22,0.231,20.25,20.97,21.01,2
1620,21.02,52.0,400.0,628.0,0,1,0.17,0.94,0.62,0.183,20.51,21.17,20.44,1
1621,21.98,45.9,518.0,265.0,1,1,0.28,0.33,0.14,0.202,22.03,22.66,22.1,2
1622,23.8,42.3,602.0,240.0,1,0,0.11,0.09,0.79,0.213,23.71,22.81,23.49,2
1623,24.93,58.9,400.0,693.0,0,1,0.86,0.35,0.55,0.176,24.02,25.14,25.44,2
1624,20.42,43.1,400.0,592.0,0,1,0.97,0.27,0.95,0.129,20.43,20.7,19.97,3
1625,23.21,45.9,505.0,440.0,1,1,0.9,0.47,0.28,0.374,22.53,22.63,23.12,2
1626,23.08,58.9,400.0,402.0,0,0,0.26,0.07,0.28,0.236,23.47,22.35,22.77,2
1627,20.97,58.8,400.0,251.0,0,1,0.76,0.29,0.85,0.115,20.48,21.17,20.94,2
1628,23.57,44.5,400.0,236.0,0,1,0.24,0.42,0.7,0.332,23.81,24.57,23.91,2
1629,22.83,46.2,504.0,337.0,1,1,0.86,0.09,0.19,0.304,21.53,22.24,22.98,2
1630,21.25,47.3,400.0,355.0,0,0,0.11,0.67,0.92,0.21,21.41,21.15,20.79,2
1631,24.0,40.4,631.0,281.0,1,0,0.36,0.71,0.78,0.163,23.88,22.86,24.19,3
1632,20.21,53.0,610.0,569.0,1,1,0.55,0.73,0.2,0.311,21.14,19.72,20.7,4
1633,21.6,43.5,400.0,545.0,0,0,0.06,0.78,0.55,0.376,21.12,21.87,21.15,2
1634,23.75,47.5,600.0,673.0,1,1,0.7,0.31,0.99,0.31,23.65,23.78,23.6,2
1635,21.02,43.1,400.0,655.0,0,1,0.06,0.12,0.18,0.233,21.83,22.08,20.83,3
1636,20.2,57.3,590.0,659.0,1,0,0.94,0.49,0.01,0.111,20.02,19.07,20.45,2
1637,22.54,49.1,657.0,219.0,1,1,0.81,0.12,0.91,0.119,22.02,22.0,22.65,2
1638,23.69,41.4,642.0,203.0,1,0,0.43,0.24,0.39,0.242,22.97,21.77,23.62,2
1639,21.82,58.4,400.0,299.0,0,1,0.21,0.11,0.85,0.247,21.99,22.45,22.1,2
1640,20.43,58.9,400.0,662.0,0,0,0.21,0.12,0.18,0.397,19.57,20.56,20.54,2
1641,22.24,45.6,400.0,424.0,0,0,0.63,0.03,0.01,0.37,22.42,22.6,22.07,2
1642,24.37,50.4,400.0,455.0,0,1,0.23,0.42,0.69,0.316,24.22,23.8,24.67,2
1643,20.35,52.9,428.0,606.0,1,0,0.16,0.34,0.27,0.121,20.51,21.13,20.87,2
1644,22.7,58.3,400.0,420.0,0,0,0.24,0.98,0.06,0.222,22.36,21.97,22.59,2
1645,24.87,51.8,558.0,613.0,1,0,0.09,0.87,0.92,0.199,24.59,25.17,24.87,2
1646,22.13,45.9,400.0,414.0,0,1,0.88,0.7,0.43,0.337,22.14,22.4,21.69,2
1647,24.74,41.3,400.0,357.0,0,1,0.31,0.8,0.0,0.127,25.44,23.72,24.82,1
1648,21.56,55.2,482.0,626.0,1,0,0.79,0.2,0.29,0.196,21.54,20.95,21.39,2
1649,22.29,50.1,412.0,306.0,1,0,0.19,0.73,0.53,0.356,22.44,21.25,22.25,2
1650,23.61,47.2,580.0,366.0,1,1,0.73,0.24,0.34,0.367,23.05,23.98,23.5,2
1651,21.88,42.7,400.0,569.0,0,1,0.13,0.62,0.85,0.233,22.13,21.08,22.06,2
1652,20.88,48.3,400.0,580.0,0,1,0.39,0.65,0.34,0.237,19.73,20.45,20.89,1
1653,20.12,46.2,685.0,397.0,1,0,0.57,0.86,0.0,0.119,19.77,20.02,19.87,2
1654,24.57,42.9,400.0,415.0,0,1,0.16,0.08,0.87,0.318,24.6,22.48,24.95,3
1655,21.0,40.4,672.0,489.0,1,0,0.46,0.02,0.58,0.252,20.86,20.98,20.93,2
1656,21.09,48.6,539.0,305.0,1,0,0.51,0.7,0.23,0.291,20.95,21.64,20.75,3
1657,24.09,49.6,653.0,286.0,1,1,0.96,0.52,0.57,0.207,23.76,23.85,24.33,2
1658,22.11,59.5,668.0,426.0,1,1,1.0,0.56,0.04,0.165,21.52,21.65,21.78,3
1659,23.64,55.6,400.0,505.0,0,0,0.04,0.86,0.98,0.338,23.57,23.56,23.67,2
1660,24.63,59.7,602.0,605.0,1,0,0.93,0.97,0.38,0.235,24.27,25.7,24.5,1
1661,22.96,57.8,400.0,537.0,0,0,0.44,0.27,0.3,0.115,23.39,23.61,23.02,2
1662,24.43,47.9,400.0,204.0,0,0,0.32,0.73,0.93,0.222,24.42,24.75,24.94,2
1663,24.91,58.7,400.0,485.0,0,1,0.3,0.54,0.04,0.163,24.63,24.04,25.04,3
1664,20.71,47.3,583.0,679.0,1,0,0.5,0.49,0.63,0.268,20.77,20.25,20.72,2
1665,23.24,45.3,612.0,607.0,1,0,0.35,0.98,0.46,0.174,23.3,23.3,23.22,1
1666,22.38,54.6,400.0,676.0,0,1,0.42,0.63,0.24,0.114,21.87,24.1,22.59,2
1667,22.17,53.0,445.0,665.0,1,1,0.76,0.57,0.69,0.129,22.21,22.31,21.93,2
1668,21.16,51.5,400.0,394.0,0,1,0.89,0.59,0.24,0.264,21.76,21.73,20.77,3
1669,21.7,41.4,635.0,344.0,1,1,0.05,0.89,0.85,0.148,20.8,22.98,21.78,2
1670,20.91,52.4,454.0,232.0,1,1,0.82,0.03,0.21,0.345,20.68,20.7,21.6,2
1671,24.17,43.8,613.0,376.0,1,0,0.09,0.05,0.51,0.232,24.55,23.12,24.45,1
1672,21.92,46.0,554.0,508.0,1,1,0.83,0.48,0.05,0.399,22.13,21.33,22.51,2
1673,21.0,45.3,400.0,466.0,0,0,0.31,0.43,0.1,0.33,21.47,22.87,21.06,2
1674,23.51,56.2,400.0,658.0,0,0,0.27,0.44,0.14,0.237,24.41,22.85,23.36,3
1675,23.07,47.0,400.0,468.0,0,0,0.33,0.65,0.69,0.127,23.15,23.83,23.63,2
1676,22.03,45.2,592.0,215.0,1,1,0.34,0.19,0.23,0.105,22.18,21.77,21.78,2
1677,20.72,47.8,571.0,284.0,1,1,0.05,0.92,0.35,0.105,20.4,20.37,20.28,1
1678,21.3,56.2,668.0,626.0,1,1,0.54,0.18,0.24,0.148,21.51,21.03,21.51,2
1679,24.9,45.9,400.0,410.0,0,1,0.29,0.12,0.08,0.148,25.39,23.76,25.09,0
1680,24.35,52.8,563.0,205.0,1,1,0.38,0.83,0.39,0.368,23.77,24.75,24.11,2
1681,21.86,41.0,447.0,453.0,1,0,0.43,0.23,0.79,0.217,22.14,21.09,22.24,2
1682,20.89,52.9,400.0,349.0,0,0,0.45,0.81,0.96,0.285,21.44,20.41,21.14,3
1683,23.21,59.9,539.0,389.0,1,0,0.92,0.81,0.06,0.166,23.97,23.72,23.32,2
1684,24.17,41.2,466.0,542.0,1,1,0.31,0.42,0.64,0.141,24.63,24.25,23.82,2
1685,22.26,54.3,400.0,612.0,0,0,0.49,0.69,0.71,0.312,22.88,21.98,22.65,4
1686,21.11,50.5,417.0,360.0,1,1,0.3,0.91,0.95,0.363,21.55,21.02,20.96,2
1687,20.39,54.1,400.0,230.0,0,0,0.62,0.92,0.61,0.373,20.74,19.94,20.28,2
1688,22.36,53.2,472.0,356.0,1,1,0.7,0.03,0.82,0.376,21.51,23.81,22.68,2
1689,23.23,58.3,508.0,613.0,1,0,0.56,0.78,0.49,0.149,23.08,23.96,23.02,1
1690,23.66,49.9,400.0,446.0,0,0,0.49,0.17,0.47,0.123,23.76,25.67,23.51,2
1691,21.94,41.3,422.0,487.0,1,0,0.99,0.02,0.21,0.225,21.63,20.47,22.04,2
1692,23.53,49.6,654.0,685.0,1,0,0.16,0.34,0.91,0.163,23.52,24.29,23.84,0
1693,20.55,42.4,674.0,334.0,1,1,0.08,0.36,0.37,0.307,20.49,22.29,20.43,2
1694,21.53,57.4,459.0,212.0,1,1,0.27,0.57,0.26,0.191,21.46,20.37,21.9,4
1695,21.58,48.5,400.0,562.0,0,1,0.12,0.72,0.52,0.165,21.49,21.58,21.59,1
1696,24.32,58.8,538.0,656.0,1,0,0.93,0.79,0.67,0.173,24.38,23.39,24.22,0
1697,24.39,40.3,576.0,261.0,1,1,0.58,0.29,0.84,0.192,24.65,25.83,24.17,1
1698,21.85,54.8,400.0,545.0,0,1,0.02,0.84,0.88,0.369,21.72,22.52,22.48,1
1699,23.15,56.1,664.0,454.0,1,1,0.9,0.6,0.97,0.367,23.47,23.9,23.13,2
1700,20.3,42.3,400.0,349.0,0,1,0.55,0.42,0.58,0.21,20.82,21.15,20.18,1
1701,23.31,41.8,605.0,541.0,1,0,0.4,0.12,0.29,0.24,23.59,23.43,23.55,1
1702,23.45,44.5,581.0,622.0,1,0,0.95,0.62,0.36,0.306,23.61,22.88,23.2,2
1703,22.44,40.2,654.0,693.0,1,0,0.81,0.52,0.09,0.141,22.31,23.05,22.02,2
1704,24.02,54.3,567.0,520.0,1,1,0.2,0.27,0.47,0.214,23.42,23.52,23.75,2
1705,21.4,56.5,400.0,626.0,0,1,0.51,0.32,0.64,0.161,21.38,21.81,21.5,1
1706,21.28,55.3,400.0,259.0,0,0,0.28,0.42,0.35,0.198,22.06,20.0,21.92,2
1707,22.19,48.0,482.0,447.0,1,1,0.87,0.66,0.33,0.34,21.63,20.69,22.42,3
1708,23.5,48.2,400.0,675.0,0,0,0.48,0.5,0.73,0.289,22.76,23.7,22.8,3
1709,22.84,41.8,400.0,477.0,0,1,0.32,0.45,0.5,0.3,22.79,22.53,22.97,2
1710,22.01,54.6,473.0,490.0,1,1,0.57,0.88,0.6,0.139,22.61,23.05,22.13,3
1711,23.64,53.8,573.0,574.0,1,1,0.25,0.2,0.25,0.358,23.01,23.39,23.41,2
1712,22.08,49.6,400.0,221.0,0,0,0.39,0.93,0.12,0.171,23.01,21.72,22.03,1
1713,24.77,44.6,621.0,618.0,1,0,0.97,0.15,0.01,0.364,24.77,25.28,24.46,2
1714,21.19,46.2,400.0,592.0,0,1,0.61,0.51,0.75,0.105,21.0,21.8,21.84,2
1715,23.74,53.3,447.0,243.0,1,0,0.31,0.51,0.92,0.399,22.62,23.04,23.44,3
1716,21.05,45.8,400.0,281.0,0,0,0.13,0.51,0.18,0.315,20.65,20.86,21.3,1
1717,21.3,48.5,400.0,504.0,0,0,0.57,0.14,0.24,0.298,21.13,20.69,20.63,2
1718,20.28,48.3,400.0,650.0,0,0,0.26,0.53,0.52,0.388,20.42,19.82,20.03,2
1719,20.02,41.8,607.0,251.0,1,1,0.18,0.72,0.68,0.211,19.25,19.81,20.21,2
1720,24.34,42.7,438.0,567.0,1,1,0.65,0.6,0.46,0.197,24.88,25.14,24.56,2
1721,24.44,58.1,400.0,674.0,0,1,0.77,0.48,0.91,0.396,23.87,25.99,24.58,4
1722,20.57,43.7,400.0,651.0,0,0,0.35,0.31,0.26,0.205,20.54,19.5,20.7,3
1723,20.1,45.7,400.0,335.0,0,0,0.61,0.07,0.16,0.342,20.68,19.12,20.02,1
1724,22.28,53.3,505.0,589.0,1,1,0.89,0.22,0.03,0.356,21.82,21.06,22.13,2
1725,21.49,43.5,641.0,258.0,1,0,0.89,0.13,0.51,0.217,21.37,21.05,21.29,1
1726,23.9,46.9,504.0,296.0,1,0,0.41,0.24,0.6,0.106,24.74,23.86,23.92,1
1727,21.24,45.7,400.0,273.0,0,0,0.88,0.9,0.53,0.264,20.48,18.76,20.92,2
1728,21.71,46.3,400.0,586.0,0,0,0.66,0.69,0.85,0.292,22.27,21.93,21.32,2
1729,22.32,54.6,401.0,323.0,1,0,0.41,0.29,0.01,0.104,22.2,21.57,22.19,1
1730,20.57,51.8,400.0,398.0,0,1,0.53,0.58,0.21,0.259,20.75,20.65,20.42,0
1731,24.39,51.4,673.0,304.0,1,1,0.7,0.12,0.92,0.354,24.3,25.85,24.32,2
1732,23.9,57.8,400.0,380.0,0,1,0.74,0.65,0.68,0.231,24.1,24.45,23.97,4
1733,23.71,45.2,400.0,383.0,0,0,0.51,0.7,0.66,0.383,22.88,23.77,23.64,2
1734,20.22,59.4,692.0,357.0,1,1,0.65,0.4,0.12,0.261,20.24,20.26,20.4,2
1735,23.26,57.6,400.0,699.0,0,0,0.02,0.9,0.57,0.181,23.28,20.8,22.99,3
1736,20.57,52.0,582.0,327.0,1,0,0.35,0.97,0.24,0.21,20.49,20.34,20.63,2
1737,24.23,45.7,689.0,513.0,1,1,0.73,0.98,0.77,0.31,25.04,24.32,24.02,2
1738,21.43,59.9,400.0,669.0,0,1,0.82,0.13,0.45,0.291,21.71,22.33,21.5,2
1739,24.68,51.4,400.0,329.0,0,1,0.09,0.98,0.63,0.229,24.83,24.34,25.12,2
1740,21.67,40.5,448.0,462.0,1,1,0.66,0.18,0.91,0.115,21.23,22.42,21.55,2
1741,21.26,58.0,400.0,482.0,0,1,0.68,0.8,0.9,0.324,21.54,19.62,21.28,2
1742,22.52,47.5,400.0,643.0,0,1,0.95,0.68,0.63,0.118,22.62,21.2,22.82,2
1743,21.04,43.3,400.0,494.0,0,1,0.25,0.72,0.65,0.204,20.84,21.52,20.95,3
1744,23.3,52.0,658.0,689.0,1,0,0.29,0.36,0.74,0.235,23.42,24.11,23.75,2
1745,20.77,43.3,400.0,280.0,0,0,0.75,0.94,0.27,0.188,20.2,20.5,21.13,2
1746,24.0,59.0,552.0,655.0,1,1,0.87,0.21,0.32,0.142,23.7,21.34,23.98,2
1747,23.81,56.5,502.0,568.0,1,1,0.88,0.07,0.53,0.142,23.61,24.13,23.81,2
1748,24.46,43.4,400.0,231.0,0,1,0.85,0.87,0.85,0.176,24.46,24.64,24.7,4
1749,20.16,40.4,441.0,241.0,1,1,0.03,0.64,0.76,0.104,19.95,18.29,20.42,0
1750,21.65,51.9,494.0,492.0,1,1,0.12,0.77,0.41,0.249,21.31,20.64,21.99,2
1751,23.26,44.1,698.0,267.0,1,1,0.94,0.35,0.06,0.169,23.01,22.13,23.39,1
1752,20.5,54.8,485.0,696.0,1,0,0.27,0.63,0.02,0.172,21.12,21.52,20.06,3
1753,24.26,46.3,607.0,330.0,1,0,0.06,0.36,0.61,0.378,23.63,25.39,24.36,0
1754,21.88,56.6,493.0,274.0,1,0,0.06,0.11,0.55,0.381,22.14,23.2,21.47,2
1755,23.98,44.0,400.0,661.0,0,1,0.81,0.51,0.95,0.243,23.61,24.71,24.27,2
1756,21.34,50.8,443.0,490.0,1,0,0.83,0.98,0.29,0.146,21.66,21.0,21.12,2
1757,23.54,46.2,400.0,316.0,0,1,0.9,0.64,0.51,0.341,24.07,21.89,23.87,3
1758,22.05,40.3,532.0,236.0,1,0,0.39,0.29,0.78,0.159,22.45,21.54,21.78,2
1759,22.83,56.7,400.0,593.0,0,1,0.88,0.91,0.48,0.294,22.53,23.45,22.33,2
1760,20.28,56.4,400.0,580.0,0,0,0.32,0.82,0.08,0.2,20.78,19.73,20.45,2
1761,24.8,44.1,441.0,546.0,1,1,0.74,0.55,0.46,0.106,25.21,25.29,24.54,0
1762,22.05,58.2,530.0,640.0,1,1,0.82,0.72,0.27,0.391,22.62,22.35,21.65,2
1763,24.24,40.9,583.0,426.0,1,1,0.05,0.87,0.75,0.235,24.56,23.28,24.48,1
1764,20.33,54.0,580.0,689.0,1,1,0.69,0.88,0.54,0.387,20.07,19.87,20.54,2
1765,22.98,54.1,400.0,459.0,0,1,1.0,0.6,0.31,0.341,22.47,23.18,22.94,2
1766,24.16,57.2,560.0,390.0,1,1,0.78,0.3,0.56,0.12,23.33,23.68,23.97,1
1767,20.77,56.5,400.0,220.0,0,1,0.47,0.86,0.53,0.18,21.16,21.28,20.96,2
1768,23.84,59.1,400.0,404.0,0,1,0.82,0.07,0.88,0.398,24.49,23.68,23.91,2
1769,22.69,50.6,442.0,429.0,1,1,0.37,0.14,0.37,0.117,22.7,24.25,22.93,3
1770,24.48,51.0,400.0,462.0,0,0,0.32,0.36,0.6,0.273,23.99,23.44,24.18,3
1771,22.24,58.3,400.0,416.0,0,1,0.53,0.51,0.1,0.283,22.2,22.57,22.06,3
1772,21.89,45.3,447.0,519.0,1,1,0.2,0.48,0.72,0.253,21.76,21.45,22.3,2
1773,22.04,54.9,400.0,691.0,0,1,0.33,0.9,0.64,0.395,22.68,21.41,22.01,2
1774,22.99,58.0,400.0,496.0,0,1,0.66,0.37,0.2,0.107,23.93,21.49,23.42,2
1775,20.82,55.4,400.0,481.0,0,1,0.1,0.94,0.93,0.217,20.97,22.07,21.34,2
1776,23.33,53.9,400.0,320.0,0,1,0.28,0.61,0.33,0.378,22.92,22.56,23.42,3
1777,20.47,43.3,536.0,208.0,1,1,0.31,0.67,0.66,0.353,20.12,21.96,20.66,2
1778,23.5,57.9,484.0,633.0,1,1,0.76,0.8,0.4,0.35,23.77,23.39,23.39,1
1779,21.43,49.9,400.0,694.0,0,0,0.49,0.41,0.56,0.24,21.27,22.08,21.11,4
1780,21.79,58.8,572.0,419.0,1,1,0.13,0.84,0.29,0.106,22.27,22.98,21.63,2
1781,24.8,57.8,400.0,417.0,0,1,0.3,0.52,0.56,0.128,24.58,23.73,25.11,2
1782,24.44,58.6,475.0,607.0,1,0,0.05,0.16,0.87,0.305,24.65,22.87,24.67,3
1783,24.87,42.2,400.0,313.0,0,0,0.26,0.8,0.15,0.359,24.3,24.07,24.81,2
1784,20.06,58.0,528.0,509.0,1,0,0.71,0.72,0.92,0.315,19.98,19.33,20.17,2
1785,20.93,49.2,412.0,538.0,1,1,0.28,0.84,0.93,0.239,20.28,20.73,20.9,4
1786,21.14,48.5,458.0,258.0,1,0,0.44,0.56,0.6,0.248,20.49,19.86,21.02,4
1787,23.33,50.6,400.0,529.0,0,0,0.31,0.26,0.22,0.28,22.84,22.78,23.37,3
1788,23.03,55.8,445.0,605.0,1,1,0.77,0.45,0.11,0.178,23.11,23.29,23.2,2
1789,22.93,48.9,636.0,360.0,1,0,0.15,0.97,0.29,0.269,23.4,22.2,22.72,4
1790,22.72,40.5,681.0,266.0,1,0,0.92,0.48,0.49,0.135,23.5,23.35,22.86,2
1791,21.85,48.3,580.0,332.0,1,0,0.93,1.0,0.04,0.219,21.94,21.88,21.87,0
1792,23.66,45.6,435.0,376.0,1,0,0.46,0.98,0.2,0.315,23.18,25.5,23.37,1
1793,21.29,41.5,646.0,622.0,1,1,0.89,0.08,0.72,0.137,21.18,21.2,21.14,2
1794,23.59,49.6,400.0,519.0,0,0,0.89,0.08,0.17,0.333,23.41,22.28,23.13,2
1795,22.18,58.7,471.0,305.0,1,0,0.85,0.07,0.73,0.211,22.57,23.11,21.98,1
1796,20.22,47.2,400.0,426.0,0,0,0.46,0.59,0.29,0.289,20.64,20.56,20.55,2
1797,24.82,53.7,400.0,659.0,0,1,0.04,0.86,0.95,0.19,24.64,24.4,25.19,3
1798,21.15,41.5,663.0,224.0,1,0,0.64,0.55,0.26,0.109,20.31,20.4,21.26,2
1799,23.57,50.9,428.0,513.0,1,1,0.27,0.97,0.48,0.156,23.26,24.01,23.08,0
1800,20.74,41.9,627.0,295.0,1,1,0.85,0.76,0.94,0.298,20.81,20.02,21.04,2
1801,22.61,46.6,486.0,299.0,1,0,0.84,0.88,0.02,0.309,23.09,22.36,22.78,4
1802,22.79,56.0,400.0,420.0,0,1,0.11,0.5,0.35,0.158,21.6,22.61,22.86,4
1803,22.72,41.6,400.0,417.0,0,0,0.13,0.5,0.27,0.116,22.57,22.36,22.58,2
1804,20.46,44.9,400.0,674.0,0,1,0.5,0.74,0.83,0.102,20.4,19.42,20.24,2
1805,24.34,59.2,436.0,290.0,1,0,0.03,0.22,0.96,0.362,24.19,24.22,24.14,1
1806,21.79,52.6,400.0,357.0,0,1,0.13,0.16,0.43,0.317,22.16,22.2,21.71,4
1807,21.74,56.8,400.0,599.0,0,0,0.45,0.4,0.12,0.252,21.76,21.79,21.88,0
1808,21.53,57.1,434.0,361.0,1,1,0.78,0.47,0.94,0.224,21.14,21.12,21.75,2
1809,23.65,40.9,400.0,202.0,0,0,0.71,0.87,0.72,0.15,24.08,23.36,24.18,2
1810,20.5,51.9,560.0,358.0,1,1,0.38,0.72,0.94,0.224,21.05,20.12,20.63,2
1811,21.49,59.2,553.0,334.0,1,0,0.36,0.5,0.89,0.345,21.49,20.5,21.3,3
1812,22.61,59.7,456.0,521.0,1,0,0.16,0.05,0.7,0.11,22.12,23.43,22.58,1
1813,21.73,41.9,627.0,470.0,1,1,0.02,0.5,0.73,0.312,22.53,22.52,21.89,0
1814,24.6,55.8,492.0,507.0,1,0,0.79,0.9,0.03,0.362,24.58,24.17,24.5,0
1815,22.99,45.5,400.0,613.0,0,0,0.54,0.45,0.11,0.293,23.92,24.12,22.97,1
1816,20.85,53.5,639.0,590.0,1,0,0.56,0.38,0.59,0.108,20.29,19.41,21.28,3
1817,23.0,43.0,400.0,604.0,0,1,0.23,0.53,0.37,0.225,22.75,22.98,23.52,0
1818,22.91,50.5,459.0,436.0,1,1,0.36,0.17,0.72,0.173,21.97,22.64,22.73,2
1819,24.23,40.8,400.0,647.0,0,0,0.98,0.77,0.75,0.385,25.25,22.68,24.16,3
1820,21.41,43.9,646.0,368.0,1,0,0.3,0.29,0.5,0.334,21.25,19.98,21.48,3
1821,20.41,56.7,500.0,656.0,1,0,0.67,0.89,0.23,0.165,20.05,21.48,20.4,3
1822,22.97,40.9,402.0,425.0,1,1,0.48,0.9,0.51,0.165,22.99,22.7,22.84,3
1823,23.63,57.3,400.0,327.0,0,0,0.91,0.39,0.37,0.32,22.56,22.96,23.59,2
1824,24.79,54.9,400.0,221.0,0,1,0.16,0.84,0.64,0.352,24.92,23.85,25.09,2
1825,23.09,59.2,400.0,430.0,0,0,0.4,0.97,0.81,0.215,22.52,22.66,23.19,2
1826,23.44,59.9,635.0,526.0,1,1,0.15,0.22,0.81,0.333,22.91,22.75,23.23,1
1827,21.14,44.2,680.0,266.0,1,0,0.64,0.05,0.68,0.248,20.88,21.08,21.23,2
1828,22.23,47.3,400.0,601.0,0,0,0.39,0.4,0.51,0.158,22.57,22.28,22.57,1
1829,20.59,48.5,400.0,428.0,0,1,0.09,0.52,0.76,0.176,21.41,21.26,20.02,2
1830,24.85,56.3,400.0,265.0,0,1,0.13,0.06,0.43,0.269,24.77,24.9,24.98,2
1831,22.2,59.2,400.0,351.0,0,1,0.56,0.46,0.54,0.116,23.31,20.86,22.18,2
1832,20.72,44.2,400.0,677.0,0,1,0.73,0.47,0.73,0.162,21.47,21.32,20.64,3
1833,22.99,45.8,400.0,628.0,0,0,0.93,0.67,0.9,0.174,22.28,23.72,22.64,1
1834,22.3,47.4,400.0,393.0,0,1,0.96,0.64,0.92,0.373,22.89,23.37,22.37,2
1835,21.23,42.5,400.0,325.0,0,1,0.33,0.6,0.57,0.259,21.23,20.11,21.02,4
1836,24.89,53.7,471.0,520.0,1,0,0.76,0.6,0.75,0.254,25.14,24.6,24.99,0
1837,24.33,59.8,400.0,554.0,0,0,0.67,0.55,0.06,0.248,23.78,25.29,24.04,2
1838,24.99,51.8,400.0,418.0,0,1,0.51,0.22,0.02,0.274,25.09,25.07,24.96,2
1839,23.67,41.1,498.0,626.0,1,0,0.17,0.7,0.98,0.201,23.57,22.89,23.55,2
1840,24.93,50.9,400.0,600.0,0,0,0.54,0.76,0.99,0.384,25.53,24.49,24.59,2
1841,21.79,51.6,400.0,478.0,0,0,0.88,0.23,0.51,0.255,21.76,22.46,21.97,2
1842,23.0,45.3,400.0,299.0,0,0,0.2,0.96,0.79,0.272,23.84,24.46,22.88,2
1843,24.99,41.1,400.0,338.0,0,1,0.06,0.75,0.83,0.257,24.2,23.59,24.93,2
1844,20.71,41.5,566.0,317.0,1,0,0.47,0.66,0.33,0.158,20.7,20.12,20.33,3
1845,21.67,50.2,592.0,367.0,1,0,0.62,0.75,0.49,0.105,20.96,22.29,21.42,2
1846,24.77,42.9,658.0,355.0,1,1,0.72,0.2,0.56,0.267,24.17,25.09,25.16,2
1847,24.63,51.7,549.0,220.0,1,1,0.42,0.42,0.62,0.377,24.74,25.25,24.7,3
1848,20.6,48.9,531.0,432.0,1,1,0.07,0.83,0.66,0.143,19.81,20.3,21.16,2
1849,20.76,50.5,482.0,202.0,1,0,0.18,0.12,0.03,0.118,20.63,22.2,20.94,4
1850,23.06,40.6,581.0,317.0,1,1,0.7,0.59,0.18,0.221,22.79,22.83,23.46,2
1851,23.7,47.3,400.0,326.0,0,0,0.47,0.29,0.56,0.364,23.49,23.01,23.77,2
1852,21.49,47.0,400.0,325.0,0,1,0.89,0.05,0.28,0.344,20.15,23.06,21.68,0
1853,21.87,59.6,400.0,210.0,0,0,0.26,0.94,0.23,0.36,22.36,23.19,21.45,2
1854,21.7,56.9,400.0,655.0,0,0,0.21,0.36,0.85,0.127,21.61,22.88,21.5,3
1855,20.2,46.3,400.0,338.0,0,1,0.31,0.67,0.55,0.136,20.09,20.01,20.11,3
1856,24.32,46.4,400.0,317.0,0,1,0.37,0.0,0.53,0.165,24.56,22.7,24.05,3
1857,23.08,52.7,400.0,341.0,0,0,0.38,0.54,0.01,0.107,23.48,24.69,22.73,2
1858,20.98,43.6,400.0,288.0,0,0,0.31,0.87,0.77,0.21,21.06,21.84,20.63,2
1859,21.12,45.3,400.0,302.0,0,0,0.7,0.5,0.04,0.284,21.48,20.53,20.99,2
1860,21.18,46.5,420.0,656.0,1,0,0.21,0.15,0.32,0.148,21.16,22.22,21.37,2
1861,23.33,59.4,400.0,612.0,0,0,0.88,0.96,0.41,0.396,23.88,24.83,23.26,2
1862,22.27,55.1,400.0,399.0,0,1,0.28,0.8,0.22,0.352,22.3,23.58,22.26,0
1863,23.43,45.2,557.0,480.0,1,1,0.47,0.43,0.4,0.238,23.55,24.4,24.01,2
1864,24.91,59.6,472.0,404.0,1,0,0.99,0.37,0.43,0.354,24.68,24.93,24.77,2
1865,22.26,40.1,564.0,277.0,1,1,0.03,0.2,0.16,0.286,21.05,21.82,22.57,2
1866,23.14,46.1,623.0,609.0,1,1,0.79,0.1,0.05,0.297,23.51,24.33,23.53,2
1867,22.41,48.0,635.0,359.0,1,0,0.64,0.92,0.04,0.109,22.75,22.87,22.51,3
1868,20.72,40.1,596.0,564.0,1,0,0.67,0.24,0.91,0.268,20.34,19.61,20.47,2
1869,21.14,43.0,400.0,516.0,0,1,0.92,0.33,0.76,0.329,21.24,21.24,20.84,2
1870,22.03,55.8,458.0,315.0,1,1,0.39,0.29,0.63,0.269,22.22,21.81,22.17,2
1871,23.87,47.7,400.0,697.0,0,1,0.41,0.11,0.62,0.338,23.8,23.95,23.81,2
1872,24.2,58.5,443.0,487.0,1,0,0.19,0.38,0.56,0.199,23.86,24.33,24.36,1
1873,22.49,48.5,400.0,208.0,0,0,0.14,0.6,0.78,0.19,22.92,21.96,22.38,2
1874,21.01,43.5,400.0,503.0,0,1,0.89,0.39,0.55,0.136,21.47,21.5,20.64,2
1875,20.34,59.8,697.0,629.0,1,1,0.22,0.44,0.97,0.131,20.34,19.46,20.35,3
1876,20.83,42.1,481.0,458.0,1,0,0.82,0.09,0.38,0.147,21.22,20.48,21.18,1
1877,22.16,54.0,655.0,277.0,1,0,0.5,0.01,0.35,0.358,21.86,21.76,21.83,2
1878,24.97,50.1,400.0,438.0,0,0,0.75,0.85,0.52,0.399,25.46,24.35,25.15,2
1879,20.89,55.3,400.0,657.0,0,1,0.32,0.18,0.53,0.106,19.64,20.69,21.0,3
1880,23.68,59.6,460.0,435.0,1,0,0.91,0.45,0.66,0.39,23.93,22.75,23.67,3
1881,20.06,49.5,400.0,613.0,0,1,0.14,0.29,0.77,0.115,19.44,21.38,21.03,3
1882,23.19,52.3,400.0,645.0,0,1,0.86,0.19,0.56,0.126,23.16,24.96,23.28,2
1883,20.66,41.6,400.0,611.0,0,1,0.82,0.76,0.34,0.213,20.54,19.55,20.97,1
1884,24.99,54.7,422.0,618.0,1,1,0.07,0.53,0.12,0.168,25.3,26.55,25.07,2
1885,21.83,56.0,400.0,409.0,0,1,0.26,0.27,0.49,0.123,21.05,21.41,21.97,2
1886,20.14,48.1,400.0,695.0,0,0,0.47,0.84,0.46,0.101,19.31,19.41,20.32,3
1887,22.92,50.0,400.0,655.0,0,0,0.79,0.75,0.3,0.353,23.86,24.12,23.07,0
1888,23.1,53.4,400.0,399.0,0,0,0.76,0.33,0.37,0.284,24.04,22.52,23.15,2
1889,24.24,58.2,641.0,538.0,1,0,0.07,0.8,0.4,0.255,24.96,24.09,24.3,2
1890,24.64,43.5,475.0,533.0,1,0,0.89,0.17,0.84,0.114,25.11,24.34,24.48,4
1891,21.38,42.6,400.0,618.0,0,0,0.88,0.78,0.1,0.103,20.16,20.65,21.29,3
1892,20.59,57.0,400.0,600.0,0,1,0.8,0.51,0.96,0.103,20.26,20.45,20.54,2
1893,22.91,53.9,518.0,445.0,1,1,0.89,0.61,0.12,0.183,23.45,21.38,23.02,2
1894,23.38,48.7,497.0,454.0,1,1,0.48,0.1,0.9,0.23,22.72,22.56,23.76,2
1895,23.71,52.1,629.0,251.0,1,0,0.22,0.35,0.35,0.253,24.09,23.47,24.02,3
1896,24.44,55.5,573.0,647.0,1,1,0.52,0.12,0.15,0.2,23.91,25.14,24.62,2
1897,22.47,50.6,400.0,526.0,0,1,0.81,0.96,0.65,0.359,22.96,23.12,22.21,2
1898,22.36,44.7,400.0,565.0,0,0,0.17,0.54,0.28,0.191,22.14,22.64,22.46,2
1899,21.27,41.4,400.0,207.0,0,0,0.02,0.19,0.52,0.29,21.18,20.83,20.85,2
1900,20.05,59.1,602.0,468.0,1,1,0.99,0.69,0.93,0.17,19.77,19.56,19.95,3
1901,24.56,52.5,518.0,294.0,1,0,0.57,0.26,0.84,0.247,25.26,24.28,24.28,4
1902,22.25,54.1,458.0,272.0,1,0,0.32,0.58,0.56,0.158,22.09,21.95,22.26,2
1903,21.69,52.8,400.0,487.0,0,1,0.43,0.44,0.26,0.274,21.94,22.07,21.82,3
1904,20.6,58.9,681.0,384.0,1,0,0.53,0.59,0.32,0.291,20.98,19.55,20.07,3
1905,23.01,55.5,400.0,356.0,0,0,0.65,0.46,0.4,0.165,23.53,24.24,23.01,3
1906,24.94,54.5,501.0,685.0,1,1,0.89,0.53,0.98,0.211,25.25,24.35,25.5,3
1907,21.85,42.2,623.0,546.0,1,1,0.17,0.99,0.51,0.236,21.62,21.12,21.87,2
1908,20.96,54.6,590.0,547.0,1,0,0.9,0.7,0.29,0.12,20.84,21.49,20.59,2
1909,21.07,59.2,502.0,475.0,1,1,0.56,0.91,0.33,0.268,20.46,20.22,21.21,2
1910,24.52,43.8,419.0,495.0,1,0,0.5,0.87,0.12,0.196,25.2,24.02,24.04,3
1911,21.58,57.9,601.0,544.0,1,0,0.26,0.78,0.93,0.368,20.88,21.59,22.0,1
1912,22.82,59.2,689.0,292.0,1,1,1.0,0.81,0.8,0.119,22.37,22.56,23.24,2
1913,24.45,43.8,400.0,454.0,0,0,0.13,0.81,0.47,0.359,23.85,24.56,24.81,2
1914,20.77,49.6,400.0,385.0,0,1,0.99,0.53,0.51,0.152,20.8,21.54,20.82,2
1915,24.59,54.8,400.0,676.0,0,0,0.2,0.21,0.89,0.345,25.0,22.78,24.61,2
1916,21.71,56.4,400.0,665.0,0,1,0.01,0.03,0.15,0.204,21.86,21.37,21.94,3
1917,24.66,53.0,400.0,688.0,0,0,0.17,0.38,0.49,0.155,23.87,24.96,24.61,2
1918,21.19,43.9,469.0,659.0,1,1,0.75,0.88,0.0,0.181,21.26,22.28,21.39,2
1919,22.41,57.9,484.0,334.0,1,0,0.62,0.52,0.03,0.333,22.87,23.11,22.55,2
1920,21.73,52.0,605.0,579.0,1,1,0.96,0.91,0.54,0.157,21.61,21.21,22.04,1
1921,24.61,44.6,400.0,665.0,0,1,0.22,0.05,0.6,0.101,25.29,24.98,24.58,3
1922,22.66,45.7,400.0,341.0,0,1,0.6,0.98,0.36,0.13,22.95,23.19,22.75,2
1923,23.89,53.1,400.0,478.0,0,1,0.07,0.82,0.44,0.345,24.03,23.4,24.03,2
1924,24.1,51.3,432.0,507.0,1,0,0.79,0.02,0.58,0.274,23.93,24.31,24.48,2
1925,23.65,49.6,663.0,610.0,1,1,0.73,0.27,0.68,0.375,23.47,24.39,23.43,4
1926,22.04,51.4,694.0,601.0,1,1,0.04,0.46,0.52,0.157,21.43,20.95,21.06,2
1927,21.42,56.3,559.0,252.0,1,1,0.7,0.74,0.1,0.13,21.78,21.4,21.94,3
1928,24.94,56.2,400.0,462.0,0,0,0.77,0.56,0.83,0.123,25.48,25.85,24.97,2
1929,22.92,41.4,400.0,258.0,0,1,0.76,0.3,0.55,0.387,22.75,23.31,22.64,2
1930,22.66,58.4,400.0,628.0,0,1,0.43,0.67,0.08,0.138,23.6,22.55,22.84,2
1931,24.56,54.0,400.0,282.0,0,1,0.44,0.75,0.45,0.191,24.22,25.13,24.64,3
1932,24.0,40.2,400.0,254.0,0,0,0.83,0.25,0.54,0.173,23.42,23.5,24.32,2
1933,21.89,48.0,579.0,547.0,1,1,0.26,0.65,0.79,0.245,22.11,21.81,21.43,0
1934,24.93,58.1,545.0,236.0,1,0,0.73,0.87,0.53,0.12,23.98,23.4,25.06,2
1935,24.51,42.3,462.0,212.0,1,1,0.98,0.7,0.95,0.218,24.06,25.21,24.45,2
1936,20.68,52.2,511.0,408.0,1,1,0.88,0.79,0.59,0.204,20.03,20.54,20.92,1
1937,21.59,45.3,403.0,463.0,1,1,0.56,0.78,0.8,0.31,21.51,22.77,21.7,3
1938,24.92,43.7,400.0,367.0,0,1,0.23,0.13,0.47,0.398,24.9,24.62,24.82,2
1939,24.44,51.0,400.0,573.0,0,0,0.33,0.9,0.98,0.316,24.53,23.18,24.82,2
1940,23.51,48.6,400.0,415.0,0,0,0.38,0.25,0.55,0.142,23.66,23.68,23.41,2
1941,21.26,58.3,400.0,634.0,0,0,0.35,0.18,0.83,0.164,21.57,20.89,21.36,2
1942,21.56,47.7,400.0,633.0,0,1,0.07,0.99,0.32,0.111,21.09,22.36,21.36,1
1943,21.93,57.0,542.0,220.0,1,0,0.7,0.47,0.66,0.162,21.72,21.36,22.53,2
1944,24.23,40.6,400.0,529.0,0,0,0.44,0.4,0.01,0.133,24.2,24.61,24.32,3
1945,21.29,47.8,614.0,456.0,1,0,0.49,0.8,0.83,0.188,20.63,21.13,21.45,1
1946,22.55,54.5,507.0,492.0,1,1,0.53,0.04,0.87,0.204,22.4,22.28,22.69,2
1947,20.78,50.6,475.0,670.0,1,1,0.36,0.38,0.78,0.348,20.39,21.15,20.12,2
1948,20.13,49.9,516.0,601.0,1,0,0.59,0.38,0.63,0.185,20.0,20.32,20.24,2
1949,24.46,57.5,400.0,470.0,0,0,0.92,0.86,0.61,0.129,24.45,24.94,24.37,2
1950,23.98,42.5,624.0,697.0,1,1,0.51,0.86,0.22,0.102,24.12,24.09,23.1,2
1951,22.24,45.7,412.0,684.0,1,0,0.54,0.43,0.21,0.262,23.14,22.54,21.97,4
1952,20.28,57.5,400.0,578.0,0,1,0.84,0.21,0.64,0.226,20.23,18.66,20.55,4
1953,24.42,52.2,486.0,618.0,1,0,0.86,0.83,0.59,0.277,24.3,23.64,24.44,2
1954,24.72,44.1,631.0,327.0,1,0,0.2,0.78,0.96,0.119,24.44,25.43,24.71,2
1955,22.31,50.3,400.0,263.0,0,1,0.91,0.96,0.58,0.269,22.17,22.59,22.11,2
1956,24.25,51.4,597.0,577.0,1,1,0.15,0.93,0.37,0.264,25.3,24.45,23.38,2
1957,24.37,41.8,505.0,262.0,1,1,0.44,0.63,0.42,0.22,24.26,25.41,24.24,0
1958,21.32,50.3,595.0,419.0,1,0,0.15,0.6,0.01,0.397,20.12,21.16,20.76,2
1959,21.21,47.8,488.0,241.0,1,0,0.03,0.97,0.5,0.113,21.61,21.53,20.82,0
1960,20.21,52.3,521.0,521.0,1,1,0.19,0.06,0.54,0.128,20.92,19.29,20.06,1
1961,22.53,44.9,529.0,350.0,1,0,0.13,0.07,0.91,0.268,22.92,22.3,22.0,2
1962,23.2,55.5,400.0,308.0,0,0,0.43,0.22,0.75,0.276,23.75,22.81,23.22,2
1963,23.66,41.9,400.0,358.0,0,0,0.75,0.18,0.86,0.367,23.34,25.25,23.3,2
1964,21.25,47.2,400.0,494.0,0,0,0.91,0.08,0.48,0.378,20.63,21.08,21.54,2
1965,20.59,55.9,400.0,451.0,0,1,0.33,0.52,0.31,0.139,21.89,20.94,20.6,2
1966,24.05,42.4,400.0,474.0,0,1,0.28,0.45,0.21,0.31,23.61,23.47,24.44,2
1967,20.41,40.4,601.0,430.0,1,0,0.2,0.03,0.95,0.175,21.27,21.42,19.97,2
1968,24.46,42.2,400.0,455.0,0,1,0.29,0.21,0.19,0.249,23.91,23.5,24.36,3
1969,21.79,46.6,581.0,583.0,1,0,0.49,0.75,0.6,0.201,22.33,22.39,22.01,1
1970,20.54,40.6,469.0,442.0,1,0,0.53,0.07,0.98,0.149,20.28,20.03,20.11,2
1971,22.78,49.7,525.0,507.0,1,1,0.58,0.18,0.12,0.111,22.78,22.76,22.75,3
1972,22.52,50.5,400.0,632.0,0,0,0.36,0.06,0.41,0.147,22.66,22.46,22.56,2
1973,23.71,57.0,400.0,463.0,0,1,0.31,0.25,0.22,0.348,23.08,23.5,23.72,2
1974,24.98,55.9,400.0,251.0,0,0,0.6,0.49,0.37,0.119,24.22,26.26,24.74,1
1975,23.66,56.3,613.0,238.0,1,0,0.47,0.64,0.62,0.109,24.21,23.38,23.56,3
1976,22.7,52.7,560.0,354.0,1,0,0.35,0.55,0.94,0.337,22.99,22.57,22.59,2
1977,24.79,41.4,400.0,556.0,0,0,0.7,0.9,0.06,0.169,24.5,25.91,24.98,2
1978,20.03,49.4,400.0,222.0,0,0,0.53,0.95,0.07,0.256,19.21,19.28,20.62,2
1979,24.98,51.2,485.0,516.0,1,1,0.34,0.33,0.08,0.276,25.15,25.23,25.05,2
1980,23.46,49.5,400.0,330.0,0,1,0.26,0.64,0.38,0.324,23.19,22.57,22.95,1
1981,23.63,40.6,650.0,669.0,1,0,0.06,0.4,0.66,0.302,23.16,23.14,23.74,2
1982,22.33,53.9,400.0,603.0,0,0,0.63,0.36,0.94,0.19,21.79,23.42,22.63,3
1983,21.67,42.3,657.0,236.0,1,0,0.49,0.98,0.66,0.267,21.3,21.57,21.72,2
1984,21.5,59.2,561.0,260.0,1,0,0.59,0.61,0.89,0.202,21.67,20.89,21.59,1
1985,23.41,56.3,481.0,356.0,1,0,0.81,0.61,0.36,0.209,22.26,23.31,23.82,4
1986,20.14,56.0,404.0,219.0,1,0,0.39,0.22,0.04,0.187,20.3,19.39,19.52,1
1987,23.14,52.6,521.0,549.0,1,0,0.13,0.81,0.2,0.255,23.45,22.32,22.8,2
1988,24.84,42.6,512.0,361.0,1,0,0.01,0.97,0.41,0.223,24.75,24.3,25.0,2
1989,23.02,49.4,470.0,556.0,1,0,0.22,0.9,0.72,0.213,23.66,23.77,22.51,2
1990,20.05,47.6,462.0,520.0,1,0,0.96,0.85,0.62,0.168,20.06,19.32,20.4,2
1991,22.1,44.1,690.0,499.0,1,1,0.55,0.21,0.15,0.282,22.01,21.95,22.13,2
1992,21.6,44.4,678.0,666.0,1,1,0.07,0.61,0.32,0.123,22.26,20.64,21.8,2
1993,21.97,46.8,518.0,572.0,1,0,0.91,0.16,0.52,0.37,21.1,21.38,21.8,1
1994,22.37,44.9,662.0,301.0,1,0,0.58,0.78,0.57,0.282,22.74,20.99,22.13,2
1995,20.64,51.2,499.0,561.0,1,1,0.0,0.32,0.99,0.209,20.41,19.84,20.72,2
1996,24.79,48.3,493.0,680.0,1,1,0.02,0.74,0.47,0.381,25.0,23.51,24.44,2
1997,22.97,52.5,412.0,502.0,1,1,0.79,0.55,0.39,0.126,23.73,22.3,22.96,1
1998,22.8,45.3,414.0,551.0,1,1,0.21,0.22,0.65,0.381,22.04,24.16,22.95,2
1999,21.86,46.1,669.0,458.0,1,0,0.58,0.31,0.58,0.338,22.05,21.17,21.83,2
