timestamp_s,T_drybulb_C,RH_pct,CO2_ppm,illuminance_lux,occupancy,window_open,blind_angle_east,blind_angle_west,hvac_valve_pos,air_velocity_ms,globe_T_C,mean_rad_T_C,operative_T_C,comfort_class
0,21.52,48.2,400.0,547.0,0,1,0.08,0.29,0.81,0.251,21.29,21.7,21.76,2
1,22.36,45.1,400.0,278.0,0,1,0.13,0.52,0.44,0.351,22.24,21.99,22.68,3
2,22.07,44.2,400.0,216.0,0,0,0.3,0.62,0.52,0.275,20.82,23.12,22.59,2
3,22.88,53.7,577.0,662.0,1,0,0.62,0.08,0.91,0.252,23.05,23.21,22.62,2
4,22.78,43.0,571.0,593.0,1,0,0.61,0.64,0.54,0.298,22.53,23.26,22.6,2
5,22.95,56.2,424.0,216.0,1,1,0.44,0.5,0.64,0.348,23.13,22.48,23.02,3
6,21.05,58.2,469.0,259.0,1,1,0.77,0.86,0.09,0.372,20.81,21.17,21.2,2
7,24.99,57.3,416.0,200.0,1,1,0.65,0.1,0.43,0.326,24.28,26.08,25.32,2
8,20.54,48.2,400.0,375.0,0,0,0.04,0.75,0.49,0.201,20.14,19.34,20.52,2
9,23.3,44.7,400.0,398.0,0,0,0.69,0.71,0.29,0.192,23.25,23.77,23.47,2
10,22.3,59.3,400.0,359.0,0,1,0.48,0.63,0.03,0.37,22.48,21.86,22.32,2
11,20.47,40.4,400.0,281.0,0,1,0.02,0.42,0.63,0.381,21.07,19.17,20.88,2
12,21.78,44.4,575.0,273.0,1,1,0.59,0.74,0.09,0.103,21.07,21.54,22.17,2
13,22.05,53.7,611.0,590.0,1,1,0.44,0.36,0.91,0.138,22.41,22.24,21.75,2
14,23.61,57.2,427.0,511.0,1,0,0.84,0.13,0.02,0.193,23.72,21.22,23.71,2
15,23.72,42.3,400.0,477.0,0,0,0.17,0.89,0.96,0.113,23.85,23.49,23.78,3
16,23.95,56.8,694.0,666.0,1,0,0.24,0.16,0.28,0.19,23.79,24.29,23.79,1
17,23.51,56.6,492.0,340.0,1,0,0.72,0.94,0.27,0.147,24.31,23.34,23.63,3
18,22.62,41.4,676.0,357.0,1,0,0.96,0.11,0.93,0.269,21.75,23.1,23.03,3
19,21.73,52.2,400.0,332.0,0,0,0.74,0.77,0.15,0.281,21.14,20.2,21.69,2
20,23.87,59.8,607.0,552.0,1,1,0.65,0.3,0.0,0.11,23.55,23.84,23.78,2
21,24.57,52.4,400.0,489.0,0,0,0.22,0.85,0.8,0.296,23.79,24.97,24.47,2
22,24.61,59.8,592.0,505.0,1,1,0.69,0.97,0.23,0.202,24.48,24.74,24.56,3
23,22.6,42.3,439.0,327.0,1,1,0.67,0.17,0.58,0.397,21.86,23.12,22.09,3
24,20.02,57.4,594.0,504.0,1,0,0.9,0.81,0.09,0.341,20.08,19.4,19.69,3
25,22.08,58.6,400.0,505.0,0,0,0.56,0.01,0.17,0.27,21.65,22.36,21.61,2
26,20.43,50.9,400.0,342.0,0,1,0.15,0.88,0.28,0.344,20.45,20.67,20.34,3
27,22.85,48.6,400.0,522.0,0,1,0.31,0.33,0.37,0.266,22.45,22.55,22.91,2
28,21.73,52.6,613.0,659.0,1,1,0.24,0.28,0.59,0.152,22.03,21.28,21.34,2
29,20.36,40.0,442.0,309.0,1,0,0.46,0.91,0.4,0.107,20.41,20.76,19.97,2
30,21.21,58.9,400.0,295.0,0,0,0.79,0.2,0.8,0.343,21.02,21.38,21.04,3
31,22.96,56.1,400.0,310.0,0,1,0.11,0.05,0.55,0.14,22.83,24.13,23.03,4
32,22.62,43.9,526.0,456.0,1,0,0.26,0.87,0.01,0.372,22.44,22.26,22.48,2
33,20.79,53.6,400.0,252.0,0,0,0.01,0.43,0.64,0.122,20.43,19.99,20.97,4
34,21.96,44.2,400.0,386.0,0,0,0.41,0.21,0.65,0.273,22.48,23.52,21.45,2
35,24.6,48.2,400.0,565.0,0,0,0.6,0.93,0.29,0.148,24.12,24.33,24.57,2
36,21.23,41.0,400.0,235.0,0,1,0.57,0.81,0.92,0.156,21.95,21.13,21.72,2
37,21.17,45.8,663.0,641.0,1,1,0.57,0.17,0.24,0.368,20.78,20.98,21.2,2
38,22.38,54.7,464.0,378.0,1,0,0.35,0.32,0.5,0.169,22.15,22.02,22.42,2
39,24.91,48.9,400.0,376.0,0,0,0.58,0.46,0.17,0.341,25.35,25.0,24.76,4
40,21.24,54.9,548.0,651.0,1,0,0.87,0.61,0.96,0.179,21.16,21.31,21.98,2
41,21.77,57.0,400.0,598.0,0,0,0.02,0.83,0.51,0.24,21.03,22.76,21.59,0
42,23.91,58.5,409.0,516.0,1,0,0.45,0.58,0.32,0.324,24.7,23.32,23.65,3
43,23.4,58.8,400.0,255.0,0,0,0.82,0.49,0.33,0.21,23.79,23.48,23.48,1
44,23.1,48.9,400.0,584.0,0,1,0.45,0.26,0.59,0.212,22.72,23.66,22.8,2
45,23.11,51.9,440.0,658.0,1,0,0.6,0.31,0.04,0.287,22.45,22.89,23.51,1
46,20.08,52.2,455.0,511.0,1,0,0.99,0.6,0.73,0.286,19.29,19.29,20.33,2
47,23.93,52.0,400.0,466.0,0,0,0.11,0.73,0.73,0.155,24.87,24.06,24.0,1
48,23.3,43.8,692.0,426.0,1,0,0.26,0.89,0.35,0.394,23.44,22.6,23.41,2
49,23.04,52.9,682.0,675.0,1,0,0.73,0.36,0.05,0.237,23.67,23.1,22.77,3
50,20.24,46.9,400.0,631.0,0,0,0.67,0.25,0.03,0.389,20.18,20.37,20.63,0
51,24.53,52.0,573.0,294.0,1,1,0.65,0.19,0.69,0.295,24.57,25.22,24.83,2
52,22.65,50.3,506.0,440.0,1,0,0.15,0.89,0.31,0.22,22.77,23.77,22.6,0
53,22.01,56.7,511.0,627.0,1,0,0.58,0.48,0.93,0.272,22.68,23.29,21.86,2
54,20.51,51.7,528.0,298.0,1,0,0.15,0.2,0.99,0.182,21.03,20.96,20.31,2
55,20.12,40.3,641.0,586.0,1,0,0.32,0.88,0.72,0.358,19.59,19.14,19.94,2
56,20.38,52.5,551.0,680.0,1,1,0.36,0.61,0.12,0.378,20.21,19.89,20.37,2
57,22.71,40.9,580.0,272.0,1,1,0.77,0.0,0.37,0.316,23.81,23.15,22.56,2
58,20.6,54.4,400.0,315.0,0,1,0.74,0.82,0.04,0.254,20.09,22.58,20.63,2
59,21.71,44.2,621.0,368.0,1,1,0.36,0.83,0.2,0.38,21.28,21.11,21.71,3
60,22.51,50.0,631.0,485.0,1,1,0.94,0.18,0.34,0.377,22.18,21.33,22.1,3
61,21.81,51.8,596.0,541.0,1,0,0.49,0.37,0.93,0.281,21.95,19.61,22.11,4
62,20.39,50.4,400.0,439.0,0,0,0.39,0.96,0.25,0.332,20.35,20.91,20.5,2
63,21.13,55.2,400.0,322.0,0,1,0.53,0.22,0.43,0.297,19.9,21.46,21.06,3
64,21.09,46.8,400.0,484.0,0,0,0.39,0.08,0.29,0.342,20.88,20.71,21.11,2
65,20.75,46.7,400.0,262.0,0,1,0.16,0.56,0.12,0.15,20.61,20.3,20.72,2
66,22.12,43.7,400.0,414.0,0,0,0.62,0.61,0.49,0.16,22.53,24.27,21.79,2
67,21.18,43.4,400.0,429.0,0,1,0.55,0.34,0.16,0.392,20.94,21.76,21.36,3
68,24.17,52.9,400.0,592.0,0,0,0.77,0.58,0.51,0.272,24.22,24.95,23.5,2
69,23.89,41.4,570.0,248.0,1,0,0.86,0.07,0.82,0.322,23.42,23.33,23.97,3
70,21.25,52.7,509.0,399.0,1,1,0.1,0.19,0.08,0.393,21.12,20.36,21.21,2
71,24.84,44.1,400.0,671.0,0,1,0.55,0.66,0.74,0.181,24.68,24.61,24.81,3
72,20.14,57.8,400.0,437.0,0,1,0.14,0.24,0.62,0.195,20.85,20.2,20.73,2
73,22.37,52.5,400.0,619.0,0,0,0.26,0.12,0.58,0.327,22.02,22.5,22.36,2
74,20.71,46.0,557.0,601.0,1,1,0.65,0.74,0.38,0.369,20.88,19.59,20.86,2
75,21.42,47.7,436.0,283.0,1,1,0.22,0.92,0.79,0.369,21.41,20.75,21.07,2
76,21.57,56.3,433.0,465.0,1,1,0.26,0.67,0.27,0.249,21.39,19.33,21.09,3
77,24.6,41.7,400.0,375.0,0,1,0.09,0.8,0.28,0.273,24.19,23.26,25.18,3
78,23.89,56.0,635.0,542.0,1,0,0.33,0.84,0.33,0.285,24.93,23.15,24.18,1
79,22.27,48.4,548.0,658.0,1,1,0.24,0.62,0.13,0.219,22.84,21.19,22.62,2
80,21.38,55.5,494.0,655.0,1,0,0.67,0.13,0.79,0.347,20.94,22.71,21.37,3
81,24.15,56.8,608.0,473.0,1,1,0.93,0.41,0.18,0.357,24.21,24.58,24.56,3
82,24.14,54.0,400.0,633.0,0,0,0.26,0.06,0.04,0.18,24.83,24.57,23.73,2
83,24.58,40.6,554.0,477.0,1,0,0.23,0.43,0.71,0.184,23.91,26.42,25.26,3
84,22.66,54.9,400.0,643.0,0,1,0.65,0.95,0.58,0.339,22.83,23.09,22.6,2
85,23.13,56.3,641.0,664.0,1,0,0.52,0.8,0.17,0.201,22.97,21.76,23.19,1
86,21.9,53.2,400.0,622.0,0,0,0.97,0.12,0.97,0.293,22.73,19.53,21.45,2
87,23.79,40.1,400.0,303.0,0,0,0.77,0.24,0.39,0.202,24.14,24.25,24.51,1
88,21.78,54.4,611.0,512.0,1,1,0.27,0.29,0.4,0.367,21.66,20.16,21.87,2
89,20.43,40.5,511.0,477.0,1,0,0.52,0.13,0.82,0.168,20.47,18.72,20.26,2
90,23.95,58.9,400.0,419.0,0,0,0.31,0.26,0.03,0.364,23.91,22.44,24.2,4
91,21.87,59.9,400.0,274.0,0,1,0.75,0.46,0.9,0.316,21.41,22.35,22.1,2
92,24.19,59.1,456.0,226.0,1,0,0.48,0.55,0.92,0.249,24.82,24.34,23.67,3
93,24.4,49.5,672.0,683.0,1,0,0.57,0.81,0.63,0.243,24.46,23.51,23.92,2
94,24.26,46.6,684.0,364.0,1,1,0.42,0.27,0.29,0.284,23.97,24.04,24.41,3
95,23.83,58.5,400.0,227.0,0,0,0.16,0.56,0.58,0.327,23.78,23.81,23.71,3
96,24.5,46.9,505.0,685.0,1,1,0.67,0.81,0.67,0.242,24.2,24.3,24.62,2
97,22.64,53.0,400.0,543.0,0,0,0.92,0.02,0.73,0.3,23.08,22.06,22.5,2
98,20.78,43.6,400.0,550.0,0,1,0.84,0.56,0.04,0.107,20.35,20.17,20.48,3
99,23.3,57.0,400.0,273.0,0,0,0.44,0.01,0.97,0.261,22.85,23.32,23.24,3
100,20.55,58.8,542.0,666.0,1,0,0.39,0.46,0.35,0.181,20.91,19.99,20.5,2
101,22.41,56.1,400.0,603.0,0,0,0.51,0.91,0.98,0.363,22.27,21.35,22.66,3
102,23.28,55.0,400.0,420.0,0,0,0.09,0.91,0.2,0.313,23.63,23.02,23.0,2
103,21.53,41.2,467.0,527.0,1,1,0.59,0.13,0.89,0.346,20.66,20.81,21.21,2
104,23.97,51.6,400.0,627.0,0,1,0.57,0.02,0.36,0.276,24.56,24.39,23.38,2
105,23.04,45.9,416.0,422.0,1,0,0.18,0.19,0.17,0.356,23.11,23.14,23.07,3
106,21.19,50.5,443.0,449.0,1,1,0.74,0.43,0.39,0.353,20.65,20.55,21.74,2
107,20.95,44.5,648.0,310.0,1,0,0.96,0.98,0.53,0.202,20.67,21.15,21.1,2
108,21.65,53.4,400.0,328.0,0,0,0.98,0.62,0.22,0.149,21.26,21.87,21.88,3
109,24.88,49.4,400.0,511.0,0,0,0.2,0.21,0.25,0.393,24.69,25.6,25.06,2
110,21.64,54.5,400.0,214.0,0,0,0.13,0.96,0.2,0.161,21.93,22.17,21.66,2
111,22.5,54.7,400.0,548.0,0,1,0.4,0.79,0.74,0.35,23.19,22.48,22.49,3
112,20.92,54.7,477.0,513.0,1,1,0.1,0.71,0.84,0.39,20.84,21.59,21.31,2
113,21.79,49.4,675.0,253.0,1,0,0.06,0.76,0.66,0.208,21.87,20.84,21.82,1
114,23.92,51.7,400.0,280.0,0,1,0.15,0.43,0.75,0.319,24.52,23.54,24.0,1
115,22.56,57.5,416.0,386.0,1,1,0.16,0.13,0.09,0.255,22.73,21.7,22.21,2
116,20.49,47.8,400.0,661.0,0,1,0.78,0.56,0.11,0.217,20.35,21.05,21.12,1
117,20.92,59.2,691.0,382.0,1,1,0.29,0.88,0.73,0.383,21.29,21.06,21.08,2
118,23.89,56.1,400.0,227.0,0,1,0.34,0.62,0.29,0.168,23.75,23.76,23.4,1
119,20.74,55.9,434.0,254.0,1,0,0.99,0.24,0.59,0.39,20.56,21.14,20.82,2
120,21.75,47.2,400.0,519.0,0,1,0.83,0.66,0.06,0.284,21.72,20.78,21.72,2
121,23.85,54.7,663.0,418.0,1,1,0.86,0.12,0.44,0.111,24.08,23.84,24.19,1
122,21.74,52.0,400.0,302.0,0,1,0.85,0.88,0.78,0.106,21.98,21.12,21.37,3
123,22.72,42.2,400.0,318.0,0,1,0.82,0.43,0.96,0.322,22.79,22.55,22.2,3
124,21.5,59.0,583.0,686.0,1,1,0.77,0.67,0.33,0.104,21.52,21.45,21.45,3
125,23.56,53.7,400.0,495.0,0,1,0.4,0.89,0.82,0.387,23.51,22.92,23.07,2
126,24.19,47.3,539.0,369.0,1,1,0.06,0.57,0.63,0.285,23.49,23.93,24.43,2
127,24.65,58.3,562.0,414.0,1,1,0.77,0.18,0.13,0.3,24.4,24.03,24.27,3
128,21.68,50.0,400.0,431.0,0,1,0.82,0.23,0.69,0.185,22.0,21.11,21.77,0
129,21.94,40.6,400.0,329.0,0,1,0.35,0.1,0.57,0.225,21.99,21.01,21.56,4
130,22.44,52.0,400.0,399.0,0,0,0.81,0.36,0.21,0.3,22.11,23.1,22.47,2
131,21.82,58.1,400.0,201.0,0,1,0.75,0.28,0.48,0.259,22.33,21.64,22.04,1
132,23.41,56.1,595.0,426.0,1,0,0.31,0.21,0.19,0.252,22.84,22.66,23.31,1
133,24.0,53.5,400.0,462.0,0,0,0.58,0.2,0.25,0.225,23.57,24.3,23.58,2
134,24.06,59.8,400.0,695.0,0,0,0.52,0.31,0.71,0.365,23.19,24.6,23.98,2
135,24.45,56.9,561.0,432.0,1,1,0.76,0.79,0.28,0.231,23.29,24.39,24.73,1
136,24.99,47.6,525.0,412.0,1,1,0.75,0.83,0.49,0.229,25.14,25.46,24.65,2
137,22.14,44.7,400.0,599.0,0,0,0.65,0.58,0.36,0.149,22.36,22.75,21.98,2
138,20.98,59.5,427.0,691.0,1,1,0.54,0.79,0.07,0.287,20.33,22.07,21.13,2
139,24.36,49.0,400.0,215.0,0,1,0.72,0.73,0.67,0.138,23.55,25.15,24.48,0
140,23.42,52.7,475.0,577.0,1,0,0.99,0.41,0.15,0.111,23.92,22.66,23.66,1
141,24.34,44.3,678.0,352.0,1,1,0.18,0.31,0.34,0.137,24.5,24.86,24.07,2
142,24.84,40.2,400.0,273.0,0,1,0.26,0.27,0.39,0.146,24.59,25.04,24.4,3
143,20.72,46.3,665.0,373.0,1,1,0.43,0.52,0.91,0.397,20.44,20.37,20.65,2
144,23.29,50.4,412.0,269.0,1,1,0.73,0.35,0.65,0.266,23.96,23.82,23.42,2
145,24.94,54.4,586.0,212.0,1,0,0.19,0.88,0.83,0.195,24.52,25.85,24.99,2
146,20.99,51.9,600.0,655.0,1,0,0.55,0.64,0.08,0.14,21.1,21.81,20.5,3
147,21.51,48.2,400.0,201.0,0,1,0.45,0.49,0.91,0.275,21.99,20.21,21.65,2
148,22.12,47.1,498.0,482.0,1,0,0.9,0.27,0.75,0.341,21.88,23.19,22.14,2
149,21.66,44.5,400.0,590.0,0,1,0.68,0.8,0.01,0.317,22.04,21.2,21.15,3
150,23.85,59.3,400.0,229.0,0,1,0.9,0.31,0.67,0.351,23.74,22.91,24.08,1
151,24.28,56.3,603.0,453.0,1,0,0.37,0.18,0.94,0.258,24.41,24.12,24.74,2
152,21.96,58.6,590.0,292.0,1,1,0.05,0.51,0.21,0.387,21.41,22.3,21.7,2
153,21.18,42.6,400.0,492.0,0,0,0.54,0.28,0.25,0.102,21.35,20.32,21.03,3
154,20.83,49.7,632.0,244.0,1,1,0.62,0.93,0.94,0.121,19.91,20.19,20.77,2
155,23.16,41.9,578.0,290.0,1,1,0.64,0.51,0.76,0.199,23.32,23.5,22.85,4
156,22.5,58.3,400.0,474.0,0,1,0.4,0.56,0.45,0.114,22.67,22.44,22.58,1
157,23.29,55.9,630.0,393.0,1,0,0.34,0.91,0.05,0.102,22.46,23.84,23.48,0
158,22.8,40.6,400.0,617.0,0,0,0.57,0.43,0.37,0.188,23.05,21.78,22.15,3
159,21.1,51.2,682.0,389.0,1,0,0.93,0.76,1.0,0.356,21.19,20.11,20.99,2
160,21.34,41.5,458.0,275.0,1,1,0.02,0.39,0.61,0.398,21.22,22.55,21.21,2
161,23.24,58.7,624.0,630.0,1,1,0.34,0.81,0.03,0.287,24.31,24.12,23.06,2
162,23.11,54.3,400.0,220.0,0,0,0.4,0.81,0.93,0.272,22.86,23.91,23.34,1
163,23.95,52.3,400.0,441.0,0,0,0.62,0.22,0.48,0.176,24.37,23.73,23.74,3
164,22.91,52.3,658.0,637.0,1,1,0.48,0.19,0.66,0.398,22.57,23.09,22.76,2
165,23.44,46.1,400.0,690.0,0,1,0.34,0.0,0.81,0.376,22.77,23.05,23.64,3
166,20.41,54.5,513.0,368.0,1,1,0.94,0.77,0.58,0.251,19.98,20.16,19.91,4
167,21.67,47.1,400.0,648.0,0,1,0.08,0.38,0.07,0.159,21.75,21.49,21.89,2
168,22.03,57.4,400.0,347.0,0,1,0.68,0.05,0.36,0.152,22.17,22.62,22.44,2
169,23.04,53.2,649.0,535.0,1,1,0.07,0.82,0.52,0.321,23.69,24.16,23.17,2
170,24.79,52.5,400.0,464.0,0,0,0.25,0.94,0.28,0.173,24.94,25.27,24.64,3
171,24.13,57.3,400.0,321.0,0,1,0.56,0.73,0.18,0.396,23.54,23.53,23.55,2
172,21.87,47.7,672.0,265.0,1,1,0.81,0.35,0.94,0.309,22.42,21.11,22.12,2
173,21.44,50.2,450.0,278.0,1,1,0.64,0.92,0.82,0.34,21.41,20.7,21.28,2
174,24.06,59.1,580.0,613.0,1,0,0.65,0.9,0.92,0.329,24.83,23.78,24.28,2
175,22.77,51.4,617.0,691.0,1,1,0.93,0.49,0.85,0.205,21.75,23.58,22.75,4
176,22.92,49.0,672.0,278.0,1,0,0.37,0.09,0.25,0.349,22.59,22.81,23.32,2
177,24.93,53.9,659.0,582.0,1,1,0.12,0.3,0.89,0.23,24.4,25.31,24.71,4
178,20.54,51.7,400.0,666.0,0,0,0.62,0.53,0.86,0.115,20.52,20.68,20.62,2
179,22.88,56.4,400.0,387.0,0,1,0.51,0.11,0.37,0.221,22.87,21.71,22.63,2
180,22.75,46.1,400.0,388.0,0,1,0.62,0.35,0.39,0.339,22.1,22.45,23.11,1
181,23.85,44.2,400.0,309.0,0,1,0.47,0.08,0.05,0.255,23.73,24.02,23.82,2
182,22.61,52.4,596.0,439.0,1,1,0.92,0.79,0.9,0.352,22.54,21.77,23.05,1
183,24.94,53.7,400.0,456.0,0,0,0.67,0.01,0.78,0.356,25.62,23.6,24.45,4
184,20.83,41.0,591.0,218.0,1,1,0.34,0.11,0.91,0.175,20.55,21.72,20.5,2
185,20.87,55.7,502.0,455.0,1,0,0.16,0.74,0.26,0.337,22.24,21.47,20.31,2
186,24.46,58.0,561.0,520.0,1,0,0.75,0.14,0.53,0.174,24.13,25.79,24.43,1
187,22.41,47.8,638.0,606.0,1,1,0.64,0.39,0.82,0.388,21.96,22.39,22.89,2
188,20.08,50.2,400.0,350.0,0,1,0.83,0.98,0.98,0.378,21.18,19.42,20.07,2
189,24.05,41.9,400.0,382.0,0,0,0.6,0.8,0.87,0.179,23.73,25.11,24.32,2
190,21.32,49.4,467.0,354.0,1,1,0.56,0.49,0.27,0.142,21.71,22.54,21.44,2
191,23.78,57.6,400.0,582.0,0,0,0.12,0.89,0.41,0.199,24.09,24.24,23.23,2
192,23.4,44.9,557.0,234.0,1,0,0.88,0.66,0.87,0.1,23.43,22.98,24.1,3
193,22.87,46.2,407.0,563.0,1,1,0.53,0.4,0.31,0.147,23.39,24.33,23.04,2
194,23.16,40.0,473.0,444.0,1,0,0.67,0.77,0.23,0.212,23.04,23.97,23.4,2
195,22.59,49.8,640.0,429.0,1,0,0.31,0.9,0.97,0.232,22.62,22.89,22.27,1
196,22.56,41.1,561.0,445.0,1,1,0.13,0.28,0.38,0.219,21.8,22.39,21.97,2
197,20.77,40.4,424.0,636.0,1,1,0.16,0.94,0.87,0.254,20.2,21.8,20.44,2
198,24.01,55.1,400.0,453.0,0,0,0.11,0.15,0.3,0.148,23.76,23.39,24.57,2
199,21.51,58.2,400.0,516.0,0,1,0.04,0.17,0.44,0.343,22.02,20.25,21.43,1
200,21.3,47.3,400.0,584.0,0,1,0.82,0.28,0.25,0.27,21.21,22.54,21.06,3
201,22.72,59.1,604.0,530.0,1,0,0.15,0.59,0.73,0.19,23.08,22.65,22.29,3
202,20.79,56.7,457.0,365.0,1,0,0.53,0.75,0.18,0.226,20.61,21.12,21.06,0
203,20.5,44.9,642.0,445.0,1,0,0.53,0.64,0.46,0.282,20.94,20.9,20.82,2
204,24.8,56.6,640.0,448.0,1,1,0.59,0.13,0.74,0.392,25.05,24.31,24.65,1
205,23.86,50.7,577.0,537.0,1,0,0.65,0.19,0.27,0.139,23.71,23.48,24.18,3
206,20.78,44.7,400.0,649.0,0,1,0.54,0.11,0.99,0.329,20.28,22.12,20.29,2
207,21.49,56.2,446.0,264.0,1,1,0.47,0.91,0.74,0.144,21.29,20.65,21.57,0
208,21.77,42.8,400.0,340.0,0,0,0.91,0.2,0.63,0.33,21.44,21.55,21.81,0
209,22.73,57.8,577.0,666.0,1,1,0.74,0.93,0.38,0.389,22.97,22.99,22.63,2
210,20.22,56.0,449.0,297.0,1,0,0.23,0.81,0.78,0.302,20.0,19.91,20.0,1
211,21.76,44.0,400.0,651.0,0,1,0.53,0.04,0.57,0.272,21.18,21.05,22.18,2
212,22.54,40.7,518.0,449.0,1,0,0.61,0.83,0.91,0.367,23.31,22.3,22.9,2
213,20.75,41.7,593.0,531.0,1,1,0.83,0.74,0.86,0.272,20.92,20.8,20.87,2
214,21.04,49.0,671.0,497.0,1,0,0.57,0.83,0.84,0.304,21.18,20.97,20.77,3
215,23.31,55.3,400.0,584.0,0,1,0.66,0.4,0.57,0.128,23.18,24.78,23.16,2
216,23.44,47.8,485.0,632.0,1,0,0.47,0.36,0.55,0.219,23.88,22.8,23.03,1
217,20.37,49.1,636.0,611.0,1,1,0.85,0.06,0.35,0.332,20.45,20.71,20.71,2
218,22.6,50.0,507.0,341.0,1,0,0.83,0.39,0.59,0.282,22.47,23.57,22.24,3
219,22.4,45.0,571.0,225.0,1,1,0.84,0.15,0.78,0.33,22.69,23.96,22.26,2
220,23.64,50.1,489.0,226.0,1,0,0.1,0.59,0.47,0.342,24.16,22.97,23.66,2
221,20.65,50.1,656.0,414.0,1,1,0.17,0.74,0.67,0.15,20.48,20.66,20.81,2
222,20.46,46.6,400.0,406.0,0,1,0.17,0.31,0.31,0.116,20.43,20.88,20.09,2
223,20.18,52.2,400.0,473.0,0,0,0.42,0.17,0.09,0.341,20.33,20.22,20.34,2
224,22.16,59.7,400.0,392.0,0,1,0.11,0.57,0.39,0.201,21.44,22.19,21.75,2
225,24.66,52.9,568.0,609.0,1,1,0.07,0.62,0.15,0.144,24.97,24.89,24.37,2
226,24.75,51.1,400.0,423.0,0,0,0.55,0.7,0.74,0.117,24.59,24.92,24.94,3
227,23.41,47.0,400.0,420.0,0,0,0.3,0.4,0.7,0.16,23.65,22.73,22.89,3
228,20.37,51.4,400.0,642.0,0,1,0.99,0.4,0.01,0.293,21.57,20.07,20.22,2
229,21.0,55.9,400.0,476.0,0,0,0.46,0.93,0.32,0.173,20.68,20.16,21.32,2
230,21.9,57.2,400.0,442.0,0,1,0.22,0.5,0.2,0.259,21.46,21.61,21.87,2
231,22.89,41.7,587.0,642.0,1,0,0.67,0.35,0.62,0.315,22.31,24.19,22.9,3
232,21.36,44.9,400.0,364.0,0,1,0.6,0.43,0.88,0.25,21.31,20.83,22.17,2
233,20.04,47.4,575.0,661.0,1,0,0.44,0.08,0.48,0.196,19.78,20.85,20.35,2
234,23.92,60.0,426.0,441.0,1,0,0.97,0.1,0.27,0.173,24.55,23.32,23.85,0
235,20.69,40.5,400.0,553.0,0,0,0.23,0.0,0.2,0.148,21.09,21.48,21.19,2
236,24.41,42.7,403.0,227.0,1,0,0.51,0.6,0.19,0.11,24.65,25.14,24.0,3
237,23.43,57.2,400.0,608.0,0,0,0.7,0.83,0.09,0.353,23.38,23.57,23.83,2
238,23.66,48.3,400.0,579.0,0,0,0.13,0.57,0.39,0.213,23.41,23.09,23.87,4
239,23.5,46.8,430.0,700.0,1,1,0.64,0.41,0.47,0.117,23.3,24.35,23.18,3
240,24.49,45.5,400.0,433.0,0,1,0.76,0.94,0.75,0.152,24.6,24.81,24.24,3
241,23.37,47.8,400.0,655.0,0,0,0.06,0.15,0.51,0.346,23.03,22.3,23.79,2
242,21.22,54.3,656.0,227.0,1,0,0.94,0.04,0.07,0.344,20.33,22.36,20.78,4
243,24.86,47.0,400.0,221.0,0,0,0.96,1.0,0.36,0.175,26.13,24.26,24.26,3
244,22.99,59.4,437.0,534.0,1,1,0.55,0.21,0.13,0.176,23.92,23.09,22.61,2
245,22.26,47.8,400.0,309.0,0,1,0.18,0.96,0.23,0.268,21.67,22.58,22.66,3
246,24.17,43.2,561.0,492.0,1,1,0.7,0.18,0.46,0.322,23.32,25.44,23.46,2
247,23.18,50.8,681.0,369.0,1,1,0.93,0.98,1.0,0.346,24.47,22.93,23.22,3
248,21.25,56.8,400.0,672.0,0,0,0.38,0.72,0.46,0.23,21.34,21.88,21.3,2
249,24.09,58.1,400.0,386.0,0,0,0.51,0.35,0.98,0.36,23.49,23.45,24.27,2
250,23.26,40.8,434.0,522.0,1,1,0.02,0.04,0.03,0.133,23.28,23.16,23.23,2
251,24.97,42.9,400.0,686.0,0,0,0.46,0.18,0.81,0.264,25.29,24.98,25.06,2
252,21.29,46.1,400.0,655.0,0,0,0.34,0.71,0.47,0.282,21.0,21.22,21.29,3
253,24.54,44.6,400.0,215.0,0,0,0.47,0.46,0.16,0.197,24.15,24.45,24.22,2
254,24.65,49.2,597.0,534.0,1,1,0.37,0.38,0.8,0.337,24.88,25.92,24.7,2
255,24.95,58.5,400.0,504.0,0,1,0.46,0.52,0.96,0.366,25.03,24.49,25.21,3
256,23.91,47.7,641.0,423.0,1,1,0.63,0.6,0.49,0.332,23.76,24.03,24.24,3
257,21.15,50.8,400.0,484.0,0,1,0.93,0.48,0.48,0.189,20.99,22.58,20.29,3
258,20.69,45.4,400.0,242.0,0,1,0.83,0.56,0.38,0.37,22.07,21.62,20.33,2
259,22.37,55.8,519.0,577.0,1,1,0.13,0.88,0.35,0.197,22.21,21.4,22.33,3
260,24.78,45.2,400.0,558.0,0,0,0.17,0.09,0.6,0.237,23.99,24.63,25.01,1
261,23.21,55.8,573.0,391.0,1,0,0.66,0.59,0.61,0.216,23.39,23.83,23.24,1
262,24.93,41.4,400.0,478.0,0,1,0.46,0.26,1.0,0.305,24.96,25.1,24.72,2
263,23.21,50.2,400.0,622.0,0,1,0.08,0.96,0.02,0.214,23.25,23.86,23.09,2
264,20.81,58.1,400.0,566.0,0,1,0.25,0.29,0.25,0.257,20.49,21.57,20.94,2
265,21.24,50.1,452.0,276.0,1,0,0.29,0.78,0.53,0.312,21.57,21.62,21.71,2
266,23.39,58.8,564.0,610.0,1,0,0.27,0.6,0.59,0.164,22.71,22.71,23.5,2
267,20.8,45.7,567.0,435.0,1,1,0.21,0.57,0.09,0.225,19.1,20.54,20.86,2
268,24.01,43.4,400.0,380.0,0,1,0.12,0.66,0.61,0.284,23.73,24.32,23.94,3
269,23.26,52.1,544.0,310.0,1,0,0.88,0.88,0.45,0.291,23.2,22.49,23.55,2
270,23.65,49.4,496.0,391.0,1,0,0.03,0.37,0.61,0.229,23.1,24.11,24.18,2
271,21.4,42.8,400.0,605.0,0,1,0.8,0.18,0.26,0.252,21.12,19.3,21.32,2
272,23.88,48.9,400.0,611.0,0,1,0.56,0.82,0.31,0.118,23.96,22.79,24.19,2
273,21.48,57.3,582.0,576.0,1,1,0.77,0.47,0.18,0.391,21.76,22.49,21.37,1
274,23.03,55.5,400.0,287.0,0,1,0.55,0.26,0.85,0.278,23.02,22.88,22.15,2
275,23.31,54.4,635.0,662.0,1,0,0.75,0.38,0.09,0.309,23.21,23.71,23.38,3
276,23.44,56.2,638.0,226.0,1,1,0.9,0.95,0.2,0.117,23.86,23.68,23.79,1
277,23.82,54.3,682.0,435.0,1,0,0.84,0.33,0.54,0.13,23.75,24.34,23.93,2
278,23.54,44.7,400.0,491.0,0,1,0.37,0.28,0.94,0.149,22.94,23.03,23.88,2
279,20.24,41.8,400.0,297.0,0,0,0.0,0.36,0.18,0.393,19.91,20.08,20.27,2
280,24.35,40.7,400.0,433.0,0,1,0.91,0.51,0.23,0.206,24.6,24.45,24.19,2
281,22.39,55.7,400.0,667.0,0,1,0.85,0.7,0.94,0.266,21.95,22.92,22.43,3
282,24.99,56.6,400.0,564.0,0,1,0.56,0.68,0.58,0.28,25.1,25.28,24.82,1
283,24.29,40.2,671.0,571.0,1,0,0.35,0.88,0.81,0.182,24.18,25.28,24.61,2
284,24.89,55.8,400.0,467.0,0,1,0.63,0.14,0.51,0.25,24.25,23.76,24.13,4
285,23.47,41.3,586.0,510.0,1,0,0.19,0.79,0.52,0.165,23.21,23.22,23.46,2
286,20.53,45.7,410.0,370.0,1,1,0.8,0.53,0.28,0.17,21.06,20.09,20.7,3
287,22.16,52.9,400.0,316.0,0,1,0.2,0.78,0.43,0.294,21.59,22.67,21.87,1
288,22.03,44.2,613.0,224.0,1,1,0.09,0.94,0.97,0.393,22.21,22.13,22.18,2
289,20.96,44.4,539.0,489.0,1,0,0.88,0.05,0.97,0.337,20.87,19.86,21.03,3
290,23.08,53.9,603.0,210.0,1,0,0.07,0.16,0.31,0.103,22.94,23.52,23.28,2
291,21.53,50.1,650.0,383.0,1,0,0.18,0.37,0.18,0.377,21.97,20.86,21.55,3
292,23.02,52.0,400.0,299.0,0,1,0.61,0.99,0.07,0.175,22.53,23.58,22.72,0
293,20.14,49.3,456.0,625.0,1,1,0.32,0.8,0.58,0.313,20.28,20.84,20.38,2
294,23.85,42.8,690.0,433.0,1,0,0.84,0.86,0.46,0.116,24.01,25.51,23.36,2
295,20.64,50.6,400.0,213.0,0,0,0.43,0.3,0.53,0.119,20.97,19.39,20.38,0
296,22.17,43.7,400.0,470.0,0,0,0.32,0.5,0.89,0.129,22.5,21.34,21.76,1
297,22.27,55.2,607.0,566.0,1,1,0.44,0.55,0.19,0.208,22.59,22.66,22.33,2
298,24.0,55.6,400.0,453.0,0,1,0.77,0.63,0.35,0.151,22.94,23.9,23.91,3
299,23.12,54.0,400.0,524.0,0,0,0.78,0.68,0.1,0.265,23.72,24.56,22.92,4
300,22.86,45.7,465.0,338.0,1,1,0.77,0.37,0.55,0.216,22.83,22.9,23.15,2
301,21.89,41.3,400.0,663.0,0,1,0.78,0.45,0.26,0.214,22.18,22.13,21.8,2
302,20.27,40.9,400.0,391.0,0,0,0.42,0.6,0.71,0.292,20.31,20.75,19.68,1
303,20.93,52.9,400.0,362.0,0,0,0.33,0.11,0.39,0.276,20.62,20.16,20.61,3
304,23.95,54.7,536.0,253.0,1,1,0.49,0.02,0.55,0.103,23.28,24.22,24.05,3
305,22.36,51.3,400.0,382.0,0,1,0.43,0.84,0.74,0.213,22.67,23.22,22.7,2
306,22.6,54.3,400.0,314.0,0,0,0.74,0.78,0.83,0.394,22.55,23.24,22.63,2
307,20.56,55.8,400.0,542.0,0,1,0.83,0.66,0.74,0.216,20.84,21.09,20.42,2
308,22.4,59.7,668.0,458.0,1,1,0.12,0.28,0.87,0.193,22.81,22.7,22.6,2
309,24.27,44.3,665.0,654.0,1,1,0.28,0.98,0.11,0.149,24.64,25.72,24.31,2
310,22.38,51.2,400.0,412.0,0,0,0.46,0.95,0.22,0.271,22.42,23.53,22.53,3
311,21.23,48.6,400.0,345.0,0,1,0.57,0.57,0.04,0.259,21.88,20.52,20.95,1
312,20.29,44.3,459.0,203.0,1,1,0.77,0.06,0.93,0.118,20.19,20.12,20.35,2
313,22.9,57.8,671.0,622.0,1,0,0.06,0.2,0.69,0.277,23.38,22.55,22.6,2
314,24.71,53.9,518.0,482.0,1,0,0.95,0.64,0.17,0.11,24.24,24.92,24.73,2
315,22.11,40.1,631.0,507.0,1,0,0.41,0.24,0.66,0.375,22.36,21.84,21.49,2
316,23.69,47.8,524.0,291.0,1,0,0.92,0.42,0.58,0.107,23.97,23.37,23.65,2
317,20.8,48.2,400.0,641.0,0,0,0.1,0.15,0.81,0.266,20.38,21.84,20.5,2
318,22.3,59.9,400.0,418.0,0,0,0.05,0.69,0.62,0.224,21.6,22.44,21.94,2
319,20.04,43.7,450.0,410.0,1,1,0.81,0.92,0.48,0.254,19.59,20.35,20.26,2
320,23.14,46.2,545.0,657.0,1,1,0.2,0.54,0.81,0.195,23.06,23.64,23.45,1
321,23.59,50.6,491.0,451.0,1,0,0.35,0.96,0.92,0.332,24.04,23.47,23.6,1
322,23.79,58.4,400.0,587.0,0,1,1.0,0.18,0.32,0.356,24.29,24.18,23.48,2
323,23.02,58.8,400.0,469.0,0,0,0.81,0.29,0.53,0.362,23.38,21.91,23.37,3
324,21.41,55.3,400.0,634.0,0,1,0.88,0.34,0.52,0.196,21.1,21.88,21.35,2
325,22.2,58.4,400.0,434.0,0,1,0.75,0.27,0.9,0.223,22.82,21.01,21.73,2
326,20.3,47.1,457.0,247.0,1,0,0.06,0.82,0.86,0.143,20.69,19.55,19.72,2
327,21.98,55.5,512.0,205.0,1,1,0.95,0.93,0.99,0.165,21.83,21.58,22.02,0
328,21.46,49.0,400.0,451.0,0,1,0.4,0.11,0.85,0.261,21.34,20.87,21.85,2
329,24.86,46.2,400.0,654.0,0,0,0.05,1.0,0.48,0.35,24.55,24.56,24.75,3
330,21.79,44.9,400.0,663.0,0,0,0.1,0.55,0.85,0.356,21.74,22.27,21.97,4
331,24.59,52.2,484.0,353.0,1,1,0.71,0.88,0.28,0.145,25.03,23.41,25.06,2
332,23.23,56.9,438.0,457.0,1,1,0.97,0.84,0.32,0.226,22.77,22.81,23.34,2
333,21.84,45.1,400.0,539.0,0,1,0.62,0.7,0.37,0.262,22.02,21.58,21.73,3
334,22.9,45.7,537.0,289.0,1,0,0.44,0.19,0.51,0.308,23.4,22.16,22.93,2
335,20.34,40.3,425.0,575.0,1,1,0.65,0.36,0.14,0.295,20.92,20.35,20.67,3
336,22.65,55.8,400.0,359.0,0,0,0.49,0.14,0.94,0.246,22.43,21.26,22.3,2
337,23.33,52.8,400.0,679.0,0,1,0.42,0.38,0.78,0.193,24.24,23.64,23.53,2
338,21.05,47.9,400.0,357.0,0,1,0.05,0.57,0.12,0.251,20.64,20.79,20.59,2
339,23.99,40.5,400.0,540.0,0,1,0.42,0.49,0.73,0.211,24.23,24.36,23.64,2
340,24.08,45.3,400.0,578.0,0,1,0.83,0.59,0.94,0.292,23.85,23.4,23.78,2
341,20.98,47.6,579.0,203.0,1,0,0.49,0.43,0.18,0.399,20.84,21.74,20.86,2
342,24.52,56.6,400.0,352.0,0,1,0.49,0.51,0.51,0.121,24.96,25.55,24.29,2
343,23.67,42.5,400.0,436.0,0,0,0.62,0.53,0.35,0.316,23.46,24.44,24.46,2
344,21.99,54.2,400.0,424.0,0,0,0.77,0.96,0.96,0.119,21.98,22.27,21.79,3
345,23.87,48.8,473.0,233.0,1,1,0.51,0.84,0.17,0.38,25.01,22.22,23.72,3
346,24.47,50.4,400.0,530.0,0,0,0.91,0.89,0.18,0.343,24.22,24.07,24.54,2
347,22.64,53.3,400.0,635.0,0,1,0.65,0.36,0.43,0.131,23.29,22.88,22.63,2
348,21.27,48.9,420.0,374.0,1,0,0.81,0.51,0.27,0.357,21.53,21.42,21.29,1
349,22.41,46.0,628.0,579.0,1,1,0.02,0.37,0.67,0.272,21.83,21.38,22.59,2
350,23.71,53.7,479.0,283.0,1,0,0.65,0.4,0.4,0.264,24.08,24.0,23.18,3
351,22.71,43.1,423.0,291.0,1,0,0.44,0.88,0.26,0.198,22.93,24.33,22.23,1
352,23.15,49.9,400.0,595.0,0,1,0.22,0.75,0.76,0.18,23.14,22.78,23.45,0
353,22.23,43.6,400.0,518.0,0,1,0.97,0.38,0.9,0.125,22.29,23.09,22.02,4
354,21.16,51.7,506.0,664.0,1,1,0.62,0.42,0.1,0.133,20.46,21.13,20.94,1
355,24.19,43.8,484.0,411.0,1,1,0.15,0.49,0.98,0.24,23.28,23.8,24.09,2
356,20.59,47.0,400.0,576.0,0,0,0.2,0.1,0.68,0.225,20.91,21.54,21.09,2
357,22.72,42.7,400.0,541.0,0,0,0.84,0.5,0.55,0.246,22.38,24.16,22.97,1
358,20.76,55.9,400.0,536.0,0,0,0.51,0.31,0.64,0.277,21.41,21.34,20.39,1
359,20.19,42.0,400.0,253.0,0,0,0.66,0.89,0.05,0.297,20.39,19.49,20.15,2
360,23.98,54.2,400.0,358.0,0,1,0.58,0.2,0.4,0.121,24.72,25.18,23.67,3
361,24.96,57.4,400.0,677.0,0,1,0.81,0.55,0.33,0.363,25.03,25.41,25.05,2
362,23.84,40.5,626.0,367.0,1,1,0.64,0.07,0.45,0.308,24.12,24.88,24.13,1
363,22.8,40.8,530.0,442.0,1,0,0.76,0.27,0.73,0.191,23.37,22.91,22.76,3
364,22.98,49.3,591.0,305.0,1,0,0.56,0.04,0.47,0.252,23.07,22.84,22.69,4
365,21.12,42.1,400.0,545.0,0,1,0.44,0.34,0.91,0.205,20.81,20.25,21.0,2
366,23.22,49.1,512.0,292.0,1,0,0.38,0.98,0.75,0.273,22.99,23.2,23.41,2
367,21.98,42.7,594.0,457.0,1,0,0.34,0.29,0.55,0.13,22.54,21.83,22.28,2
368,23.08,41.7,400.0,362.0,0,0,0.55,0.19,0.43,0.278,23.13,22.91,23.3,2
369,20.97,52.0,558.0,679.0,1,1,0.33,0.13,0.1,0.389,20.39,19.79,20.96,2
370,23.04,43.3,689.0,296.0,1,0,0.23,0.88,0.31,0.224,23.16,23.84,23.46,4
371,24.52,46.9,435.0,463.0,1,1,0.57,0.85,0.31,0.268,23.97,23.7,24.43,0
372,22.84,53.1,400.0,635.0,0,0,0.93,0.35,0.08,0.384,22.16,23.12,22.91,3
373,24.08,43.0,400.0,443.0,0,1,0.58,0.76,0.84,0.237,23.42,25.22,24.37,2
374,21.43,57.1,437.0,629.0,1,0,0.75,0.65,0.05,0.348,21.72,20.99,21.33,2
375,21.2,56.7,609.0,248.0,1,0,0.02,0.96,0.16,0.339,21.22,20.58,21.66,3
376,24.54,51.5,612.0,597.0,1,0,0.91,0.61,0.87,0.285,23.74,25.09,24.77,3
377,20.37,45.7,400.0,503.0,0,0,0.27,0.7,0.51,0.358,19.97,21.03,20.13,4
378,20.43,47.9,442.0,261.0,1,0,0.76,0.1,0.12,0.278,20.83,20.38,20.64,3
379,23.54,55.9,400.0,232.0,0,0,0.61,0.55,0.67,0.192,23.54,22.41,23.18,2
380,24.06,57.1,548.0,683.0,1,1,0.4,0.82,0.84,0.123,24.52,24.83,23.84,1
381,24.97,48.5,612.0,569.0,1,0,0.66,0.12,0.68,0.113,25.43,26.08,24.95,1
382,20.6,57.3,617.0,595.0,1,0,0.65,0.47,0.99,0.344,21.0,20.9,20.64,3
383,24.18,49.9,400.0,431.0,0,0,0.64,0.34,0.89,0.2,23.91,24.54,24.11,3
384,22.63,52.4,694.0,264.0,1,0,0.34,0.65,0.65,0.217,21.63,21.95,22.98,2
385,21.54,59.7,400.0,621.0,0,0,0.94,0.43,0.9,0.263,21.26,20.97,21.57,2
386,22.97,52.1,464.0,460.0,1,1,0.56,0.51,0.99,0.351,22.81,23.15,22.43,0
387,21.26,54.3,400.0,235.0,0,0,0.38,0.98,0.54,0.11,20.84,21.48,21.51,3
388,20.85,44.6,400.0,335.0,0,1,0.73,0.7,0.32,0.378,21.05,20.97,21.16,2
389,23.0,51.5,400.0,436.0,0,1,0.27,0.91,0.47,0.115,23.1,22.52,22.47,2
390,22.92,56.1,644.0,518.0,1,0,0.27,0.26,0.51,0.242,22.32,22.09,23.13,2
391,23.72,47.8,400.0,426.0,0,1,0.85,0.06,0.3,0.118,23.61,22.79,23.24,2
392,22.58,51.4,512.0,299.0,1,1,0.01,0.63,0.86,0.189,22.72,23.44,22.89,2
393,24.09,44.6,503.0,583.0,1,0,0.42,0.51,0.24,0.124,24.5,24.55,23.99,2
394,23.19,49.8,400.0,235.0,0,1,0.91,0.65,0.84,0.138,23.22,22.81,23.14,2
395,22.58,44.5,690.0,340.0,1,1,0.76,0.46,0.65,0.373,22.55,23.67,22.45,2
396,23.11,49.5,400.0,450.0,0,0,0.47,0.24,0.0,0.178,23.78,23.4,22.88,1
397,21.86,41.3,400.0,227.0,0,1,0.91,0.53,0.32,0.379,21.99,21.38,21.42,2
398,20.11,46.8,400.0,301.0,0,0,0.57,0.28,0.16,0.257,20.77,19.84,19.61,2
399,21.91,53.1,418.0,639.0,1,1,0.07,0.89,0.41,0.199,23.04,20.49,21.73,1
400,20.95,51.7,400.0,465.0,0,0,0.16,0.97,0.91,0.23,21.2,20.79,21.16,2
401,24.54,50.8,690.0,485.0,1,0,0.08,0.12,0.99,0.116,25.17,23.05,24.66,2
402,24.82,46.6,540.0,351.0,1,1,0.74,0.88,0.99,0.394,25.27,24.68,24.93,2
403,22.4,49.9,456.0,609.0,1,0,0.69,0.65,0.73,0.226,22.43,22.25,21.94,1
404,20.46,51.8,496.0,467.0,1,0,0.93,0.41,0.55,0.349,19.03,20.81,20.13,3
405,20.26,57.6,659.0,216.0,1,0,0.63,0.59,0.31,0.117,20.49,19.74,20.2,3
406,22.11,59.8,400.0,229.0,0,1,0.41,0.75,0.32,0.252,20.98,20.06,22.71,2
407,24.74,40.6,400.0,478.0,0,1,0.77,0.42,0.87,0.344,24.87,25.83,24.95,2
408,20.82,59.0,499.0,530.0,1,1,0.57,0.47,0.68,0.147,20.45,21.2,21.46,2
409,22.58,50.9,400.0,230.0,0,1,0.35,0.07,0.79,0.233,22.72,21.23,22.81,2
410,24.11,52.1,400.0,501.0,0,1,0.23,0.81,1.0,0.205,24.04,24.05,24.4,4
411,21.37,50.8,400.0,393.0,0,0,0.14,0.23,0.23,0.272,21.33,20.76,21.45,3
412,22.19,51.0,632.0,309.0,1,1,0.07,0.92,0.35,0.132,21.85,21.82,22.32,3
413,24.88,53.5,400.0,467.0,0,0,0.78,0.22,0.46,0.185,25.54,25.68,24.68,2
414,20.3,51.5,400.0,484.0,0,0,0.3,0.9,0.52,0.321,19.77,20.07,20.25,2
415,20.66,53.1,400.0,687.0,0,0,0.67,0.92,0.31,0.282,21.19,20.86,20.63,0
416,21.36,49.7,400.0,689.0,0,1,0.8,0.6,0.1,0.149,20.96,20.35,21.91,3
417,21.8,49.2,400.0,403.0,0,0,0.81,0.03,0.16,0.188,21.42,22.11,22.02,1
418,22.07,58.3,400.0,332.0,0,1,0.09,0.31,0.7,0.16,22.67,21.07,22.31,2
419,20.15,57.4,400.0,558.0,0,0,0.15,0.67,0.68,0.386,19.8,20.79,20.29,3
420,20.33,52.0,667.0,226.0,1,1,0.6,0.74,0.51,0.215,20.48,21.31,20.19,2
421,23.18,59.2,527.0,314.0,1,0,0.69,0.57,0.29,0.2,23.77,23.3,23.87,1
422,24.58,59.4,678.0,460.0,1,0,0.77,0.01,0.63,0.168,24.44,25.05,24.5,3
423,23.03,55.1,400.0,631.0,0,0,0.62,0.51,1.0,0.212,22.15,23.45,23.12,2
424,20.52,53.2,400.0,332.0,0,1,0.15,0.71,0.09,0.169,20.73,19.29,20.8,2
425,24.76,44.4,658.0,382.0,1,1,0.08,0.85,0.47,0.315,25.24,24.47,25.26,2
426,22.85,43.0,507.0,230.0,1,0,0.89,0.36,0.13,0.138,23.15,21.56,22.67,3
427,22.81,42.0,663.0,575.0,1,0,0.57,0.79,0.56,0.28,23.19,22.39,22.62,2
428,24.27,52.6,400.0,215.0,0,1,0.43,0.83,0.56,0.202,24.51,24.31,24.6,2
429,21.91,43.1,400.0,352.0,0,0,0.52,0.12,0.25,0.172,21.83,21.49,21.25,2
430,20.71,51.9,400.0,453.0,0,0,0.31,0.22,0.08,0.372,21.17,19.94,20.7,2
431,22.43,43.4,400.0,699.0,0,0,0.6,0.82,0.7,0.2,22.53,22.62,22.56,2
432,24.1,43.9,400.0,338.0,0,1,0.7,0.01,0.59,0.322,24.13,22.55,24.14,3
433,24.68,49.6,508.0,494.0,1,0,0.79,0.0,0.93,0.301,23.44,25.69,24.89,2
434,21.19,43.3,400.0,502.0,0,1,0.81,0.68,0.36,0.114,22.0,20.56,20.99,3
435,20.03,58.2,420.0,656.0,1,0,0.25,0.8,0.18,0.111,20.1,21.4,20.91,2
436,23.52,52.3,695.0,686.0,1,1,0.54,0.83,0.68,0.112,23.06,23.78,24.19,3
437,20.09,54.4,400.0,398.0,0,1,0.52,0.47,0.84,0.222,20.64,19.66,20.19,2
438,24.17,57.4,408.0,690.0,1,0,0.2,0.38,0.31,0.107,23.88,25.33,23.99,2
439,22.42,49.2,568.0,686.0,1,1,0.57,0.97,0.43,0.159,23.37,21.15,22.22,2
440,23.35,50.4,528.0,562.0,1,1,0.36,0.69,0.99,0.286,23.18,24.64,22.92,2
441,20.39,48.9,400.0,546.0,0,1,0.28,0.32,0.72,0.366,20.64,20.18,20.42,3
442,22.7,55.6,400.0,230.0,0,1,0.21,0.75,0.24,0.306,22.17,22.11,22.94,2
443,21.07,53.9,529.0,576.0,1,1,0.72,0.97,0.22,0.114,21.28,21.71,21.42,2
444,22.52,50.7,400.0,591.0,0,1,0.25,0.0,0.72,0.166,22.48,22.27,22.7,2
445,24.42,45.6,400.0,699.0,0,1,0.58,0.53,0.01,0.228,24.26,25.16,24.35,2
446,22.23,49.6,400.0,393.0,0,1,0.13,0.94,0.08,0.263,21.99,22.55,21.81,2
447,22.73,49.4,400.0,350.0,0,0,0.97,0.49,0.38,0.299,22.63,23.86,22.93,3
448,23.56,42.2,400.0,599.0,0,1,0.71,0.5,0.98,0.22,24.14,23.38,24.3,2
449,20.82,55.6,683.0,680.0,1,0,0.1,0.38,0.08,0.134,20.91,20.54,20.74,4
450,22.8,43.8,613.0,226.0,1,0,0.05,0.82,0.13,0.391,22.72,23.13,22.89,2
451,24.09,56.6,400.0,575.0,0,0,0.58,0.57,0.75,0.213,24.09,24.61,23.9,1
452,20.8,51.5,586.0,463.0,1,0,0.4,0.47,0.41,0.155,21.43,20.63,20.74,1
453,23.33,53.5,638.0,489.0,1,0,0.64,0.33,0.43,0.193,23.39,22.44,23.37,2
454,22.42,44.1,400.0,637.0,0,1,0.25,0.82,0.53,0.139,22.68,23.48,22.39,1
455,21.99,44.8,400.0,477.0,0,0,0.16,0.99,0.18,0.302,22.6,21.67,22.01,1
456,23.47,56.0,459.0,681.0,1,0,0.6,0.44,0.1,0.379,24.19,22.64,23.52,1
457,24.78,51.7,400.0,240.0,0,1,0.41,0.05,0.82,0.388,24.63,26.5,24.9,2
458,20.39,40.7,400.0,278.0,0,0,0.89,0.66,0.06,0.336,20.63,19.48,20.73,2
459,20.7,58.2,694.0,235.0,1,1,0.44,0.84,0.12,0.281,20.44,20.69,20.53,2
460,20.04,57.1,614.0,322.0,1,1,0.62,0.84,0.63,0.395,19.8,18.64,20.52,3
461,22.37,41.4,400.0,575.0,0,1,0.04,0.45,0.21,0.183,22.56,23.06,22.36,3
462,21.96,42.6,659.0,332.0,1,1,0.03,0.1,0.16,0.347,22.63,23.14,21.97,1
463,20.08,52.2,686.0,415.0,1,1,0.01,0.38,0.21,0.264,19.93,20.58,19.95,2
464,20.68,55.1,400.0,636.0,0,0,0.88,0.38,0.67,0.133,19.73,20.21,20.6,3
465,23.47,45.1,400.0,432.0,0,0,0.62,0.79,0.81,0.216,24.54,23.19,23.28,4
466,23.39,56.4,530.0,219.0,1,1,0.34,0.0,0.81,0.242,23.24,22.78,23.57,0
467,24.23,44.8,400.0,625.0,0,0,0.47,0.1,0.14,0.172,24.77,23.59,24.09,1
468,21.68,52.4,400.0,564.0,0,1,0.95,0.16,0.24,0.362,21.98,23.03,21.97,4
469,20.19,42.8,597.0,311.0,1,0,0.51,0.52,0.76,0.137,20.1,20.52,20.2,3
470,22.23,44.7,659.0,450.0,1,1,0.08,0.21,0.87,0.359,21.27,22.66,22.62,2
471,23.02,54.9,631.0,470.0,1,0,0.68,0.63,0.07,0.218,22.94,21.85,23.2,2
472,20.25,51.2,550.0,699.0,1,0,0.71,0.65,0.56,0.208,20.17,19.35,19.89,4
473,20.63,55.7,494.0,534.0,1,0,0.01,0.77,0.87,0.116,20.54,21.07,21.03,4
474,23.03,57.4,651.0,201.0,1,0,0.98,0.83,0.7,0.391,22.7,23.84,22.72,2
475,22.43,56.2,400.0,636.0,0,0,0.16,0.19,0.0,0.372,22.19,21.65,22.4,2
476,21.44,49.9,683.0,584.0,1,1,0.32,0.09,0.98,0.126,21.33,21.32,21.83,2
477,24.49,43.0,400.0,407.0,0,1,0.09,0.41,0.66,0.127,24.1,24.03,23.98,2
478,23.71,53.9,400.0,370.0,0,1,0.89,0.32,0.11,0.228,23.8,23.42,23.59,2
479,23.59,53.1,400.0,635.0,0,0,0.89,0.59,0.04,0.284,24.63,24.55,23.52,4
480,23.61,54.8,400.0,423.0,0,0,0.41,0.68,0.83,0.356,23.4,23.5,23.32,2
481,23.98,41.9,592.0,475.0,1,1,0.41,0.98,0.42,0.275,24.52,23.76,23.76,3
482,21.53,47.2,550.0,350.0,1,1,0.85,0.04,0.77,0.392,22.17,22.77,21.23,2
483,22.4,57.5,400.0,544.0,0,0,0.58,0.38,0.94,0.173,22.37,21.57,22.63,4
484,22.16,58.5,526.0,440.0,1,1,0.29,0.3,0.41,0.378,21.7,21.93,22.08,1
485,24.79,41.9,400.0,246.0,0,1,0.81,0.36,0.98,0.174,25.41,25.54,24.48,3
486,24.82,52.7,400.0,360.0,0,1,0.66,0.12,0.1,0.243,24.87,25.07,24.77,4
487,23.1,55.5,437.0,561.0,1,1,0.09,0.34,0.72,0.176,22.5,23.06,23.17,2
488,20.36,48.5,633.0,405.0,1,0,0.04,0.19,0.37,0.34,19.66,21.39,20.71,2
489,24.4,43.3,400.0,325.0,0,0,0.75,0.39,0.43,0.313,24.4,24.23,24.62,2
490,23.86,44.7,666.0,532.0,1,1,0.72,0.94,0.36,0.311,23.85,23.33,23.7,2
491,24.39,40.8,400.0,700.0,0,0,0.64,0.96,0.59,0.298,23.94,23.03,24.7,2
492,20.67,43.5,587.0,287.0,1,0,0.94,0.65,0.94,0.171,20.45,19.69,21.09,0
493,24.43,48.6,400.0,656.0,0,0,0.79,0.83,0.42,0.148,24.6,24.08,24.18,1
494,24.32,58.3,400.0,213.0,0,1,0.76,0.34,0.18,0.262,25.03,25.15,24.54,2
495,23.39,50.2,560.0,282.0,1,0,0.87,1.0,0.95,0.316,22.26,23.82,23.41,3
496,24.83,59.8,667.0,399.0,1,1,0.31,0.12,0.63,0.276,25.3,24.71,24.4,1
497,21.03,41.6,400.0,383.0,0,0,0.75,0.15,0.49,0.175,21.28,21.82,21.32,4
498,21.39,53.5,400.0,527.0,0,0,0.52,0.18,0.29,0.343,21.55,20.58,21.52,3
499,22.87,56.8,400.0,278.0,0,0,0.6,0.92,0.2,0.364,22.54,23.16,23.06,2
500,24.77,51.3,400.0,229.0,0,0,0.54,0.06,0.38,0.347,24.89,24.25,24.46,3
501,21.99,47.7,400.0,478.0,0,0,0.92,0.32,0.88,0.355,22.09,21.98,21.91,2
502,21.62,54.0,400.0,506.0,0,1,0.42,0.3,0.67,0.285,21.0,21.46,21.02,2
503,22.84,49.7,490.0,585.0,1,1,0.67,0.16,0.11,0.248,23.38,22.9,22.62,2
504,24.95,49.6,553.0,331.0,1,0,0.62,0.98,0.5,0.295,24.88,25.7,24.39,2
505,21.53,45.4,400.0,321.0,0,1,0.9,0.92,0.45,0.299,21.47,21.91,21.2,2
506,20.15,53.2,400.0,380.0,0,1,0.65,0.12,0.33,0.108,20.55,19.35,20.38,1
507,22.99,49.8,400.0,205.0,0,0,0.8,0.6,0.71,0.249,23.69,23.22,22.86,2
508,23.05,52.2,432.0,476.0,1,0,0.58,0.13,0.38,0.384,23.46,22.55,22.61,2
509,22.64,51.3,552.0,478.0,1,1,0.98,0.59,0.55,0.14,22.43,22.65,22.47,2
510,23.27,53.1,400.0,498.0,0,0,0.21,0.37,0.59,0.184,23.65,22.2,23.62,2
511,20.08,40.9,400.0,293.0,0,1,0.57,0.72,0.13,0.102,21.08,20.77,20.66,2
512,23.81,43.1,472.0,332.0,1,1,0.77,0.06,0.03,0.308,23.66,23.78,24.13,2
513,24.34,43.3,400.0,482.0,0,0,0.14,0.79,0.96,0.114,23.29,23.88,24.18,3
514,21.35,56.1,400.0,382.0,0,0,0.59,0.4,0.11,0.141,21.66,20.66,22.02,2
515,20.78,43.9,400.0,414.0,0,1,0.96,0.49,0.58,0.29,20.54,21.42,21.32,1
516,21.99,44.2,400.0,448.0,0,1,0.09,0.22,0.66,0.313,22.39,21.42,22.31,3
517,24.26,59.1,400.0,452.0,0,1,0.37,0.88,0.36,0.371,25.42,24.27,24.6,2
518,21.32,49.5,441.0,587.0,1,0,0.31,0.91,0.75,0.379,21.8,21.12,21.58,2
519,24.7,54.5,400.0,357.0,0,1,0.01,0.25,0.37,0.196,24.9,24.51,24.8,2
520,23.66,43.8,576.0,526.0,1,0,0.85,0.25,0.66,0.297,23.58,25.48,23.64,3
521,23.3,53.3,700.0,203.0,1,1,0.96,0.41,0.53,0.242,23.66,24.01,23.26,4
522,21.5,43.1,406.0,431.0,1,1,0.55,0.47,0.96,0.26,20.97,22.29,21.55,2
523,22.3,59.0,545.0,380.0,1,0,0.31,0.54,0.86,0.385,21.83,21.93,22.48,2
524,22.35,42.7,400.0,530.0,0,1,0.75,0.95,0.76,0.192,23.01,22.96,22.26,2
525,23.84,42.4,646.0,473.0,1,1,0.89,0.49,0.85,0.234,23.94,23.78,23.39,2
526,23.48,58.7,571.0,600.0,1,1,0.24,0.52,0.2,0.256,24.1,23.91,23.58,2
527,23.4,58.8,400.0,691.0,0,1,0.03,1.0,0.2,0.176,24.11,23.97,23.66,2
528,21.99,54.2,400.0,613.0,0,0,0.25,0.23,0.82,0.318,21.82,21.61,21.59,2
529,24.99,52.6,606.0,526.0,1,0,0.4,0.92,0.08,0.231,26.52,25.42,24.7,2
530,22.06,43.0,400.0,511.0,0,1,0.65,0.29,0.72,0.307,21.5,21.3,22.24,2
531,24.85,50.9,521.0,616.0,1,0,0.84,0.1,0.95,0.234,26.02,25.54,24.99,1
532,20.83,46.6,490.0,612.0,1,0,1.0,0.74,0.44,0.239,20.06,20.17,20.77,2
533,21.14,50.9,540.0,402.0,1,0,0.78,0.49,0.72,0.323,20.95,20.97,21.1,3
534,21.29,46.2,422.0,301.0,1,1,0.59,0.3,0.8,0.153,21.34,20.2,21.0,2
535,22.32,47.5,523.0,402.0,1,1,0.59,0.5,0.21,0.35,22.47,22.21,21.73,2
536,24.74,59.1,463.0,480.0,1,0,0.61,0.65,0.35,0.233,24.57,23.57,24.6,2
537,23.61,55.2,400.0,400.0,0,1,0.54,0.4,0.67,0.369,23.31,24.23,23.38,2
538,21.15,47.2,400.0,277.0,0,1,0.34,0.25,0.15,0.122,20.69,21.87,20.76,2
539,24.42,40.3,400.0,635.0,0,1,0.09,0.21,0.54,0.345,24.44,24.73,24.28,2
540,24.66,40.3,640.0,596.0,1,0,0.18,0.41,0.73,0.108,24.73,24.71,25.06,1
541,21.21,53.1,400.0,313.0,0,1,0.21,0.54,0.35,0.289,21.86,20.89,21.45,2
542,22.73,56.9,607.0,567.0,1,0,0.23,0.19,0.55,0.145,22.2,22.01,22.25,2
543,24.66,59.5,469.0,275.0,1,0,0.65,0.41,0.12,0.182,25.01,26.98,24.47,3
544,20.45,48.3,471.0,325.0,1,0,0.86,0.67,0.18,0.294,20.91,20.77,20.47,2
545,22.93,48.7,400.0,659.0,0,1,0.06,0.12,0.58,0.103,23.01,23.72,23.01,2
546,21.47,46.5,400.0,331.0,0,1,0.48,0.06,0.38,0.331,21.83,21.43,21.35,3
547,23.99,42.3,400.0,618.0,0,0,0.65,0.63,0.78,0.116,24.23,24.43,24.17,1
548,23.86,42.9,400.0,415.0,0,1,0.54,0.98,0.62,0.187,23.5,23.52,23.41,2
549,21.15,52.3,400.0,619.0,0,0,0.28,0.58,0.2,0.311,20.27,22.06,21.45,2
550,20.35,40.2,587.0,478.0,1,0,0.28,0.92,0.43,0.272,20.19,19.86,20.1,1
551,22.12,48.3,476.0,608.0,1,0,0.22,0.94,0.32,0.247,21.94,21.4,22.1,2
552,22.19,47.3,519.0,311.0,1,0,0.06,0.12,0.43,0.14,22.33,20.66,22.28,3
553,22.16,50.9,400.0,679.0,0,0,0.01,0.88,0.03,0.331,22.25,23.05,22.1,1
554,24.91,55.5,694.0,669.0,1,0,0.74,0.24,0.57,0.349,25.87,24.44,25.17,3
555,22.58,44.7,400.0,366.0,0,1,0.23,0.84,0.05,0.107,22.61,21.99,22.55,2
556,22.48,44.4,699.0,384.0,1,0,0.95,0.7,0.03,0.272,22.29,23.63,22.6,4
557,20.36,41.3,400.0,273.0,0,0,0.04,0.0,0.27,0.163,19.73,20.26,20.36,1
558,24.62,56.7,483.0,291.0,1,0,0.88,0.6,0.89,0.189,24.34,24.47,24.95,2
559,21.24,55.0,400.0,224.0,0,0,0.19,0.26,0.82,0.339,21.03,20.91,21.41,2
560,23.5,53.6,537.0,571.0,1,1,0.86,0.93,0.34,0.377,23.52,23.56,23.36,1
561,24.4,55.7,400.0,598.0,0,1,0.32,0.2,0.87,0.253,25.33,24.49,24.14,2
562,21.9,54.7,400.0,541.0,0,1,0.86,0.76,0.32,0.377,22.55,22.06,22.22,3
563,23.88,57.0,638.0,475.0,1,1,0.06,0.89,0.1,0.225,23.99,21.71,23.89,2
564,23.76,41.0,400.0,254.0,0,0,0.37,0.55,0.16,0.363,23.89,22.64,24.04,2
565,22.67,54.3,400.0,306.0,0,1,0.87,0.64,0.96,0.33,22.57,22.67,22.72,2
566,23.58,51.9,635.0,669.0,1,1,0.62,0.92,0.79,0.186,23.9,22.7,23.51,2
567,20.72,55.6,400.0,632.0,0,1,0.1,0.98,0.74,0.317,21.22,19.55,20.2,1
568,21.21,59.0,400.0,697.0,0,0,0.55,0.4,0.45,0.31,21.51,22.06,21.41,2
569,23.37,53.3,400.0,381.0,0,1,0.2,0.63,0.99,0.387,23.67,22.63,23.11,2
570,20.55,46.3,400.0,396.0,0,0,0.84,0.77,0.75,0.17,19.78,19.66,20.47,2
571,24.07,51.7,593.0,374.0,1,0,0.8,0.13,0.06,0.241,23.62,24.59,24.07,3
572,23.36,47.5,400.0,288.0,0,0,0.22,0.45,0.44,0.344,22.19,22.54,23.38,3
573,23.77,43.5,495.0,551.0,1,1,0.71,0.67,0.97,0.298,23.81,24.45,23.91,2
574,24.56,49.4,400.0,404.0,0,1,0.21,0.33,0.89,0.235,25.4,24.68,24.63,2
575,23.86,41.6,400.0,563.0,0,0,0.55,0.62,0.33,0.386,23.98,22.61,23.18,2
576,20.65,59.5,609.0,700.0,1,0,0.1,0.67,0.55,0.256,20.56,20.53,20.61,2
577,22.12,42.5,657.0,691.0,1,0,0.38,0.69,0.41,0.342,22.53,21.77,22.03,2
578,22.74,54.2,442.0,225.0,1,0,0.72,0.99,0.34,0.206,22.85,22.33,22.68,2
579,23.1,49.0,400.0,607.0,0,0,0.18,0.13,0.62,0.392,23.13,22.1,23.15,0
580,22.66,42.2,400.0,357.0,0,0,0.35,0.09,0.76,0.333,22.82,21.28,23.11,1
581,22.61,57.5,470.0,384.0,1,0,0.06,0.74,0.34,0.209,22.31,21.96,22.58,2
582,23.38,48.3,404.0,249.0,1,1,0.91,0.39,0.7,0.134,22.5,23.97,23.68,2
583,24.47,55.4,400.0,609.0,0,1,0.9,0.9,0.71,0.295,24.78,25.89,24.22,2
584,23.49,58.2,607.0,240.0,1,0,0.81,0.83,0.08,0.357,23.51,23.3,23.35,2
585,22.34,40.5,400.0,284.0,0,0,0.3,0.14,0.28,0.229,22.33,22.57,22.8,2
586,21.71,50.7,400.0,510.0,0,1,0.37,0.61,0.77,0.169,21.67,23.32,21.74,2
587,21.81,41.8,670.0,273.0,1,0,0.2,0.58,0.69,0.289,20.86,22.22,22.01,1
588,23.78,41.7,400.0,359.0,0,0,0.3,0.36,0.9,0.28,23.23,24.62,23.9,4
589,22.83,40.3,400.0,595.0,0,0,0.24,0.66,0.62,0.289,23.76,23.05,23.01,4
590,24.49,41.7,561.0,454.0,1,1,0.52,0.76,0.59,0.324,25.12,23.85,24.62,0
591,23.36,45.0,400.0,564.0,0,1,0.49,0.33,0.54,0.393,23.44,22.63,23.06,2
592,22.2,41.5,400.0,386.0,0,1,0.64,0.93,0.35,0.335,21.87,22.86,22.19,2
593,23.22,52.2,400.0,235.0,0,1,0.16,0.45,0.79,0.336,23.2,22.53,23.24,2
594,20.81,58.0,400.0,599.0,0,0,0.94,0.44,0.38,0.187,20.53,21.21,21.02,2
595,21.03,54.7,578.0,423.0,1,0,0.4,0.08,0.68,0.185,20.92,20.12,21.31,2
596,23.75,56.8,529.0,633.0,1,1,0.78,0.07,0.94,0.383,24.18,23.98,23.49,3
597,20.45,42.9,400.0,690.0,0,0,0.24,0.56,0.33,0.27,20.08,21.08,20.57,3
598,20.71,48.5,400.0,476.0,0,1,0.26,0.44,0.86,0.259,22.09,22.27,21.24,1
599,22.98,46.2,607.0,661.0,1,1,0.47,0.75,0.83,0.39,22.3,22.3,23.0,3
600,23.87,54.8,400.0,271.0,0,0,0.97,0.64,0.07,0.132,23.73,24.54,23.38,4
601,24.29,47.4,400.0,259.0,0,1,0.58,0.05,0.12,0.271,24.68,24.46,24.41,4
602,20.35,41.0,400.0,382.0,0,1,0.27,0.22,0.34,0.148,20.42,19.82,20.13,1
603,22.57,51.2,400.0,263.0,0,0,0.8,0.67,0.45,0.177,22.45,23.02,22.63,2
604,24.05,54.4,400.0,472.0,0,1,0.58,0.51,0.79,0.297,23.9,25.64,24.15,3
605,20.65,47.1,400.0,548.0,0,0,0.42,0.11,0.07,0.265,20.5,20.31,20.7,2
606,23.51,49.9,529.0,399.0,1,1,0.88,0.73,0.28,0.147,23.38,23.63,23.34,0
607,24.69,48.1,400.0,284.0,0,0,0.65,0.09,0.26,0.142,24.75,25.98,24.26,2
608,21.44,53.9,675.0,633.0,1,0,0.22,0.2,0.16,0.238,21.59,21.95,21.24,3
609,20.85,42.5,400.0,437.0,0,1,0.35,0.62,0.64,0.149,20.47,19.85,20.97,2
610,20.08,44.6,400.0,664.0,0,1,0.59,0.44,0.77,0.353,19.94,20.12,19.3,2
611,21.6,44.3,479.0,663.0,1,1,0.6,0.56,0.46,0.139,21.79,20.49,21.96,1
612,24.01,49.5,535.0,231.0,1,0,0.66,0.87,0.85,0.39,24.77,23.72,24.04,4
613,22.48,54.9,402.0,682.0,1,0,0.15,0.31,0.3,0.239,22.65,24.56,22.12,3
614,24.24,55.6,596.0,622.0,1,1,0.33,0.79,0.67,0.16,24.57,23.73,23.87,3
615,24.63,47.8,400.0,371.0,0,1,0.47,0.65,0.14,0.256,25.3,25.36,24.82,2
616,20.14,48.6,512.0,446.0,1,0,0.22,0.02,0.3,0.373,19.62,19.48,20.1,1
617,20.1,42.6,400.0,383.0,0,0,0.87,0.24,0.04,0.184,19.96,20.55,20.39,1
618,24.9,51.9,592.0,426.0,1,0,0.2,0.24,0.26,0.34,25.4,24.89,24.84,2
619,21.67,46.7,490.0,651.0,1,1,0.13,0.8,0.87,0.207,22.21,20.47,21.7,4
620,22.49,50.8,400.0,316.0,0,0,0.09,0.55,0.66,0.225,22.82,23.1,22.44,2
621,22.94,55.5,553.0,393.0,1,0,0.85,0.52,0.76,0.226,22.13,23.2,22.92,3
622,24.59,51.8,506.0,605.0,1,1,0.03,0.67,0.06,0.135,24.62,25.52,24.54,2
623,24.19,47.0,400.0,517.0,0,0,0.78,0.99,0.11,0.153,24.11,23.34,24.65,4
624,23.35,42.3,542.0,223.0,1,0,0.35,0.93,0.89,0.284,23.98,24.42,23.5,2
625,21.16,54.2,472.0,615.0,1,1,0.47,0.17,0.78,0.126,21.38,21.86,20.67,4
626,23.45,59.5,400.0,438.0,0,0,0.05,0.77,0.71,0.255,21.98,22.49,23.38,2
627,24.49,52.3,490.0,520.0,1,0,0.69,0.11,0.83,0.333,25.09,22.63,24.74,3
628,24.12,59.7,400.0,354.0,0,1,0.9,0.31,0.03,0.274,23.2,24.17,24.02,2
629,24.99,46.5,400.0,393.0,0,0,0.07,0.09,0.4,0.146,25.02,25.86,24.87,2
630,21.65,57.2,532.0,382.0,1,0,0.36,0.91,0.49,0.101,21.84,20.6,21.62,1
631,21.2,45.5,400.0,476.0,0,1,0.94,0.55,0.03,0.322,20.14,21.35,21.34,2
632,24.22,43.0,592.0,626.0,1,1,0.5,0.33,0.88,0.134,23.29,25.22,23.7,2
633,22.5,50.5,543.0,531.0,1,0,0.64,0.72,0.27,0.341,21.56,21.89,21.96,2
634,23.84,56.8,505.0,325.0,1,1,0.6,0.09,0.19,0.274,24.27,23.81,23.93,2
635,20.4,46.0,434.0,242.0,1,1,0.46,0.04,0.08,0.275,20.83,19.45,20.3,2
636,22.49,56.8,400.0,485.0,0,1,0.28,0.15,0.45,0.101,21.57,22.81,22.34,3
637,21.53,52.6,400.0,312.0,0,0,0.54,0.95,0.65,0.157,21.34,22.73,20.83,3
638,21.68,41.3,400.0,620.0,0,0,0.74,0.09,0.74,0.153,21.62,21.74,21.81,3
639,21.61,40.2,400.0,286.0,0,1,0.12,0.28,0.37,0.27,22.04,23.17,21.63,2
640,21.45,47.8,630.0,280.0,1,0,0.31,0.4,0.21,0.285,21.09,23.02,21.44,2
641,23.55,48.1,594.0,643.0,1,1,0.12,0.43,0.15,0.169,22.58,24.67,23.89,2
642,22.76,59.8,693.0,415.0,1,1,0.6,0.42,0.22,0.256,22.16,22.11,23.07,2
643,21.68,59.1,652.0,242.0,1,0,0.31,0.75,0.08,0.229,21.67,22.57,21.9,3
644,23.13,58.6,400.0,488.0,0,0,0.95,0.27,0.92,0.36,22.67,22.55,23.0,0
645,21.88,44.2,590.0,250.0,1,0,0.51,0.89,0.89,0.39,22.11,21.43,21.91,3
646,20.62,51.4,400.0,689.0,0,1,0.05,0.28,0.51,0.191,20.36,20.95,20.51,2
647,21.33,54.2,400.0,637.0,0,0,0.96,0.5,0.66,0.376,20.57,22.16,21.22,2
648,24.26,41.0,613.0,586.0,1,1,0.22,0.76,0.97,0.268,23.85,26.14,23.91,2
649,20.93,52.7,400.0,478.0,0,0,0.36,0.09,0.25,0.162,21.67,19.88,21.08,3
650,24.7,46.5,400.0,695.0,0,1,0.67,0.99,0.31,0.154,24.74,24.62,24.81,2
651,24.43,56.0,529.0,297.0,1,1,0.38,0.14,0.37,0.314,24.11,24.77,24.27,2
652,21.77,49.7,549.0,348.0,1,0,0.4,0.72,0.52,0.238,22.16,21.43,21.86,1
653,23.33,41.8,467.0,339.0,1,0,0.25,0.72,0.93,0.115,22.88,23.22,23.65,2
654,20.94,44.8,400.0,537.0,0,1,0.22,0.04,0.14,0.302,21.05,21.07,21.14,2
655,22.05,57.1,604.0,246.0,1,0,0.19,0.65,0.84,0.197,22.16,21.73,22.19,2
656,24.3,59.4,600.0,339.0,1,0,0.5,0.59,0.23,0.124,24.47,24.75,23.78,2
657,20.49,55.6,400.0,468.0,0,1,0.66,0.32,0.82,0.312,20.91,21.04,20.41,2
658,20.01,57.7,400.0,324.0,0,0,0.7,0.3,0.25,0.188,20.32,19.47,20.56,3
659,21.41,46.5,400.0,473.0,0,0,0.15,0.27,0.18,0.388,21.57,22.43,21.19,2
660,21.78,50.5,400.0,322.0,0,0,0.41,0.77,0.42,0.206,21.51,21.16,22.34,2
661,20.38,58.7,400.0,216.0,0,0,0.6,0.57,0.61,0.142,20.4,20.12,20.86,2
662,21.84,56.4,416.0,647.0,1,0,0.19,0.32,0.37,0.336,21.96,22.76,21.89,2
663,23.44,54.8,400.0,670.0,0,1,0.16,0.01,0.92,0.193,23.14,24.27,23.57,2
664,20.9,44.2,400.0,414.0,0,1,0.62,0.91,0.04,0.294,21.4,20.57,20.88,3
665,20.52,55.0,400.0,433.0,0,1,0.34,0.67,0.79,0.168,20.36,20.21,20.35,2
666,22.3,40.5,400.0,214.0,0,1,0.43,0.65,0.55,0.134,22.4,22.82,21.58,3
667,21.43,44.6,400.0,241.0,0,1,0.21,0.43,0.59,0.297,21.84,22.22,21.04,1
668,22.16,47.9,591.0,522.0,1,0,0.5,0.71,0.09,0.112,21.9,22.4,22.46,2
669,24.25,47.4,595.0,544.0,1,0,0.32,0.03,0.57,0.253,23.59,23.64,24.35,2
670,24.53,57.2,400.0,208.0,0,1,0.44,0.31,0.59,0.107,24.37,25.16,24.95,2
671,24.59,45.9,685.0,589.0,1,1,0.25,0.18,0.46,0.397,25.04,24.04,24.02,2
672,23.67,48.3,400.0,648.0,0,0,0.61,0.95,0.15,0.151,23.47,23.17,23.76,2
673,23.51,54.9,400.0,266.0,0,1,0.81,0.54,0.73,0.21,23.96,23.57,23.26,2
674,20.25,41.5,400.0,505.0,0,1,0.71,0.42,0.92,0.123,20.48,20.25,20.13,0
675,21.98,46.5,400.0,526.0,0,1,0.76,0.51,0.37,0.139,21.43,21.91,22.11,1
676,24.56,41.2,400.0,320.0,0,0,0.6,0.37,0.85,0.187,25.06,24.02,24.48,2
677,24.05,41.1,533.0,597.0,1,0,0.02,0.25,0.65,0.195,24.73,23.85,23.75,2
678,23.31,58.3,689.0,602.0,1,1,0.28,0.89,0.39,0.291,23.6,22.93,22.78,1
679,22.66,52.1,566.0,265.0,1,0,0.83,0.24,0.45,0.199,22.87,21.51,23.19,1
680,24.36,48.7,400.0,683.0,0,1,0.7,0.39,0.02,0.292,24.21,23.31,24.05,4
681,21.94,47.1,402.0,291.0,1,0,0.49,0.1,0.54,0.3,21.77,22.4,21.26,3
682,23.07,52.8,403.0,657.0,1,1,0.42,0.06,0.88,0.367,22.54,23.4,22.66,2
683,23.66,57.5,400.0,256.0,0,0,0.34,0.73,0.46,0.307,23.72,24.36,23.52,2
684,23.8,59.4,524.0,434.0,1,0,0.57,0.57,0.19,0.341,23.28,24.73,23.85,2
685,24.83,41.2,521.0,535.0,1,1,0.34,0.35,0.91,0.275,25.06,24.05,24.97,2
686,23.93,52.5,596.0,574.0,1,1,0.72,0.22,0.98,0.234,24.25,22.73,23.86,2
687,21.49,51.9,450.0,561.0,1,1,0.61,0.79,0.08,0.273,21.16,21.01,21.45,3
688,21.41,53.5,597.0,262.0,1,0,0.07,0.89,0.24,0.343,21.76,22.85,21.81,3
689,24.13,40.4,424.0,389.0,1,1,0.32,0.78,0.1,0.299,23.87,24.39,24.06,2
690,24.15,40.7,612.0,586.0,1,1,0.05,0.21,0.47,0.187,23.15,24.0,23.4,1
691,22.82,40.2,400.0,260.0,0,1,0.66,0.83,0.67,0.129,22.18,23.83,23.11,3
692,21.51,56.8,400.0,250.0,0,1,0.38,0.07,0.41,0.233,21.49,22.66,21.56,3
693,24.72,53.6,666.0,398.0,1,1,0.54,0.89,0.82,0.249,25.0,24.59,24.78,2
694,22.82,43.1,400.0,567.0,0,1,0.19,0.63,0.07,0.24,23.5,21.96,22.7,1
695,20.89,53.4,696.0,530.0,1,0,0.05,0.07,0.42,0.187,20.84,20.48,20.87,0
696,23.54,47.9,400.0,512.0,0,1,0.63,0.12,0.76,0.348,23.25,23.7,24.26,1
697,24.79,54.0,400.0,618.0,0,1,0.38,0.5,0.74,0.328,25.03,25.09,25.08,2
698,21.36,43.4,400.0,656.0,0,1,0.21,0.54,0.34,0.221,21.4,21.56,21.52,2
699,20.67,55.1,488.0,494.0,1,0,0.72,0.44,0.42,0.39,20.83,19.61,20.35,2
700,21.94,43.3,626.0,314.0,1,1,0.58,0.9,0.2,0.272,21.75,21.27,21.85,3
701,21.08,46.8,400.0,423.0,0,1,0.62,0.41,0.52,0.243,20.95,22.11,21.18,2
702,23.81,51.4,530.0,267.0,1,1,0.93,0.54,0.53,0.277,23.54,23.01,24.09,4
703,20.97,56.1,429.0,317.0,1,1,0.45,0.63,0.18,0.379,20.66,21.23,20.98,3
704,20.1,41.9,400.0,495.0,0,1,0.81,0.43,0.15,0.276,19.88,19.4,20.21,2
705,23.76,43.7,400.0,354.0,0,1,0.55,0.79,0.52,0.344,24.09,24.3,24.18,2
706,22.2,48.6,518.0,692.0,1,1,0.44,0.11,0.21,0.366,22.05,23.63,22.19,1
707,22.82,50.1,400.0,688.0,0,0,0.01,0.38,0.68,0.398,22.86,22.58,22.94,2
708,20.81,49.2,511.0,407.0,1,0,0.62,0.47,0.48,0.383,20.16,19.0,20.59,2
709,22.77,59.6,400.0,282.0,0,1,0.33,0.32,0.53,0.372,22.43,23.01,22.4,2
710,22.45,46.6,400.0,408.0,0,0,0.22,0.62,0.98,0.176,23.49,22.31,22.46,2
711,20.18,42.7,472.0,606.0,1,1,0.96,0.72,0.27,0.152,20.32,19.23,20.23,3
712,24.36,44.2,423.0,309.0,1,0,0.69,0.9,0.99,0.32,24.3,23.27,24.41,1
713,23.04,42.7,508.0,695.0,1,0,0.96,0.94,0.15,0.221,22.8,24.76,23.02,2
714,22.76,49.0,513.0,568.0,1,0,0.15,0.52,0.74,0.271,22.55,21.96,23.01,4
715,20.31,48.6,416.0,629.0,1,0,0.79,0.74,0.87,0.317,19.6,21.05,20.6,2
716,23.9,42.3,400.0,218.0,0,1,0.98,0.3,0.95,0.284,24.35,24.63,23.81,3
717,20.31,55.6,400.0,380.0,0,1,0.92,0.09,0.37,0.228,20.07,20.66,20.51,2
718,24.36,41.6,400.0,205.0,0,0,0.81,0.81,0.1,0.184,24.33,23.36,23.99,2
719,24.0,42.9,400.0,249.0,0,1,0.4,0.48,0.81,0.325,23.7,23.89,23.87,2
720,22.84,55.4,400.0,434.0,0,1,0.21,0.49,0.62,0.377,22.69,22.14,22.56,3
721,23.41,49.3,400.0,210.0,0,1,0.25,0.17,0.11,0.261,23.49,24.69,23.67,2
722,23.72,43.2,476.0,407.0,1,0,0.63,0.16,0.28,0.386,23.8,22.66,23.64,2
723,22.88,56.7,538.0,543.0,1,1,0.04,0.88,0.09,0.259,23.31,23.64,22.92,2
724,22.9,43.9,608.0,574.0,1,0,0.7,0.19,0.32,0.397,23.53,22.65,23.28,3
725,21.49,50.3,591.0,651.0,1,1,0.49,0.88,0.78,0.16,21.46,21.81,20.83,0
726,21.05,52.9,573.0,243.0,1,0,0.23,0.47,0.13,0.332,20.82,20.61,21.09,3
727,21.98,45.6,400.0,619.0,0,0,0.38,0.07,0.94,0.331,22.81,22.3,22.1,2
728,23.08,46.2,463.0,275.0,1,0,0.41,0.89,0.52,0.365,23.65,24.89,22.79,2
729,23.79,51.8,673.0,661.0,1,0,0.77,0.82,0.84,0.117,23.72,23.53,23.41,2
730,22.23,45.4,400.0,623.0,0,0,0.21,0.97,0.68,0.121,22.19,22.06,22.78,2
731,22.66,55.1,400.0,579.0,0,0,0.84,0.55,0.38,0.319,23.69,22.99,22.91,2
732,20.25,58.1,508.0,675.0,1,1,0.84,0.05,0.49,0.356,20.89,20.07,20.18,2
733,20.21,42.6,512.0,261.0,1,0,0.88,0.24,0.95,0.134,20.53,17.62,20.12,2
734,22.44,53.5,445.0,545.0,1,0,0.3,0.25,0.18,0.222,22.28,21.07,22.88,3
735,23.31,45.5,653.0,205.0,1,0,0.13,0.51,0.59,0.303,23.92,23.51,23.38,2
736,21.96,46.0,584.0,477.0,1,0,0.28,0.44,0.84,0.208,21.15,21.5,22.13,2
737,22.08,43.4,400.0,211.0,0,1,0.07,0.59,0.19,0.372,21.91,21.25,22.21,2
738,20.88,52.7,579.0,298.0,1,1,0.25,0.14,0.57,0.105,21.28,20.51,20.58,2
739,20.56,51.9,400.0,366.0,0,0,0.59,0.27,0.04,0.227,20.31,19.43,20.25,2
740,21.4,48.5,591.0,530.0,1,0,0.42,0.5,0.87,0.177,21.44,21.42,21.62,2
741,21.28,50.0,400.0,314.0,0,0,0.52,0.22,0.45,0.358,21.42,21.15,21.38,2
742,20.52,46.8,400.0,371.0,0,0,0.17,0.56,0.75,0.125,20.68,20.56,20.41,3
743,22.44,44.4,400.0,514.0,0,0,0.7,0.13,0.82,0.131,22.85,22.45,22.37,2
744,21.26,52.2,400.0,477.0,0,1,0.31,0.58,1.0,0.169,21.68,20.21,21.16,2
745,22.88,57.1,639.0,435.0,1,0,0.39,0.45,0.44,0.133,23.25,23.74,23.53,2
746,24.89,57.0,631.0,276.0,1,0,0.1,0.34,0.7,0.224,24.8,25.48,24.99,2
747,22.89,58.8,677.0,608.0,1,0,0.58,0.14,0.03,0.197,22.86,23.46,23.09,2
748,22.77,58.2,400.0,567.0,0,1,0.75,0.24,0.49,0.163,23.78,22.81,22.49,2
749,21.75,57.5,400.0,660.0,0,0,0.97,0.35,0.19,0.231,21.73,22.27,21.88,2
750,20.4,46.7,617.0,565.0,1,0,0.46,0.14,0.29,0.298,20.75,18.84,20.61,2
751,23.92,44.0,421.0,400.0,1,0,0.95,0.76,0.36,0.38,23.75,24.35,23.78,2
752,22.56,58.9,400.0,433.0,0,1,0.98,0.34,0.44,0.385,22.78,23.35,22.52,0
753,23.96,41.3,400.0,261.0,0,0,0.98,0.5,0.17,0.299,24.35,24.06,23.9,2
754,24.39,43.8,400.0,230.0,0,0,0.14,0.98,0.26,0.258,23.68,24.09,24.56,4
755,23.58,52.0,690.0,556.0,1,0,0.72,0.72,0.64,0.291,23.65,21.03,23.43,2
756,20.14,56.5,400.0,465.0,0,0,0.57,0.38,0.85,0.1,20.31,20.0,20.32,2
757,23.16,48.5,400.0,576.0,0,0,0.28,0.34,0.19,0.394,23.75,22.18,23.66,2
758,20.24,56.9,533.0,342.0,1,1,0.71,0.46,0.05,0.362,20.64,21.2,20.56,0
759,24.06,46.2,664.0,497.0,1,1,0.92,0.86,0.23,0.381,24.12,22.5,23.89,1
760,21.02,53.3,595.0,332.0,1,1,0.12,0.89,0.6,0.237,21.13,20.03,21.26,1
761,22.58,40.1,403.0,471.0,1,0,0.07,0.34,0.92,0.19,22.32,22.28,22.18,1
762,22.41,58.6,400.0,341.0,0,1,0.2,0.41,0.23,0.363,21.61,21.55,22.66,3
763,21.73,41.3,400.0,558.0,0,1,0.01,0.54,0.67,0.17,22.49,20.54,22.07,2
764,23.37,59.5,400.0,612.0,0,0,0.37,0.95,0.62,0.18,23.71,22.55,22.9,3
765,21.15,42.9,583.0,453.0,1,1,0.96,0.14,0.95,0.23,20.77,20.09,21.14,2
766,22.21,42.2,660.0,651.0,1,0,0.33,0.61,0.13,0.236,22.67,21.65,22.32,2
767,20.04,40.6,400.0,349.0,0,0,0.09,0.81,0.48,0.172,19.56,19.84,20.46,2
768,20.72,41.8,400.0,470.0,0,1,0.78,0.89,0.59,0.373,21.28,20.57,20.73,2
769,21.97,54.6,400.0,284.0,0,1,0.98,0.26,0.53,0.312,21.94,24.85,21.47,1
770,20.85,57.4,501.0,428.0,1,1,0.92,0.48,0.9,0.173,21.03,19.87,20.11,2
771,23.38,59.5,400.0,583.0,0,1,0.3,0.92,0.13,0.196,23.19,23.48,24.3,2
772,23.3,42.1,400.0,330.0,0,0,0.68,0.73,0.55,0.384,23.88,23.19,23.51,2
773,23.15,57.8,400.0,479.0,0,0,0.25,0.91,0.97,0.388,22.83,23.32,22.72,0
774,24.77,40.0,400.0,439.0,0,1,0.42,0.12,0.3,0.123,25.02,24.71,24.46,2
775,24.32,41.1,400.0,499.0,0,1,0.07,0.95,0.96,0.192,24.95,24.3,24.49,2
776,23.13,41.3,540.0,508.0,1,1,0.62,0.82,0.74,0.363,23.46,23.86,23.4,2
777,21.58,45.0,400.0,439.0,0,0,0.4,0.41,0.79,0.25,22.15,20.62,21.84,2
778,24.91,55.9,526.0,202.0,1,1,0.44,0.14,0.11,0.243,24.64,24.69,25.17,3
779,23.31,42.9,627.0,494.0,1,0,0.75,0.82,0.5,0.4,23.34,23.91,23.0,1
780,24.46,52.2,693.0,594.0,1,1,0.89,0.21,0.64,0.181,24.61,24.06,24.29,3
781,22.78,42.3,400.0,390.0,0,0,0.63,0.18,0.7,0.308,22.58,21.02,22.3,1
782,22.11,43.0,400.0,665.0,0,1,0.74,0.92,0.44,0.159,21.68,20.8,22.29,2
783,24.27,51.8,400.0,329.0,0,1,0.92,0.96,0.23,0.296,23.45,24.7,23.93,4
784,21.5,56.9,555.0,596.0,1,1,0.87,0.78,0.48,0.114,21.49,20.67,21.08,3
785,20.81,43.6,455.0,244.0,1,1,0.14,0.36,0.11,0.231,20.84,21.11,20.79,2
786,21.62,50.2,500.0,360.0,1,1,0.9,0.86,0.82,0.162,21.88,21.51,21.6,2
787,23.16,42.9,400.0,387.0,0,1,0.84,0.56,0.89,0.192,23.02,22.44,23.62,2
788,23.15,57.9,568.0,588.0,1,0,0.14,0.46,0.18,0.349,23.03,23.24,23.23,1
789,20.15,50.5,442.0,329.0,1,0,0.64,0.65,0.07,0.23,20.03,19.37,20.05,2
790,20.43,48.2,400.0,228.0,0,1,0.23,0.85,0.09,0.152,20.29,20.21,20.51,2
791,24.56,52.8,562.0,594.0,1,0,0.02,0.95,0.23,0.266,25.29,24.25,24.17,2
792,24.01,42.6,444.0,270.0,1,0,0.8,0.65,0.4,0.378,25.0,24.24,23.81,3
793,20.83,55.9,429.0,421.0,1,1,0.1,0.7,0.75,0.366,20.47,21.94,20.29,2
794,20.77,48.4,400.0,268.0,0,1,0.91,0.59,0.72,0.345,20.98,20.35,20.88,0
795,21.29,55.0,400.0,401.0,0,0,0.37,0.32,0.01,0.227,22.26,22.17,21.38,4
796,20.59,56.0,400.0,400.0,0,1,0.45,0.54,0.69,0.247,19.8,21.21,20.44,2
797,23.61,57.6,400.0,223.0,0,1,0.85,0.02,0.95,0.212,23.92,24.88,23.72,0
798,21.91,51.0,602.0,246.0,1,1,0.93,0.14,0.55,0.116,22.44,22.53,22.17,1
799,21.08,42.7,400.0,301.0,0,1,0.65,0.08,0.2,0.382,21.31,22.51,21.2,2
800,21.73,47.9,624.0,282.0,1,1,0.58,0.31,0.82,0.352,21.58,21.25,21.87,2
801,23.73,40.1,475.0,531.0,1,1,0.25,0.37,0.03,0.339,24.23,23.07,23.6,3
802,24.68,46.1,400.0,517.0,0,1,0.27,0.15,0.55,0.38,24.47,25.36,24.78,1
803,24.85,43.8,400.0,508.0,0,0,0.47,0.35,0.22,0.251,24.78,24.4,25.05,0
804,24.14,47.1,404.0,292.0,1,0,0.32,0.75,0.85,0.374,23.89,24.29,23.88,4
805,23.8,51.7,400.0,454.0,0,0,0.69,0.51,0.79,0.133,23.59,23.63,23.49,4
806,24.59,50.8,649.0,252.0,1,0,0.73,0.97,0.78,0.271,24.89,25.17,24.76,2
807,20.28,44.1,496.0,455.0,1,0,0.97,0.65,0.52,0.205,20.2,20.31,20.52,2
808,22.74,55.1,646.0,358.0,1,0,0.04,0.12,0.79,0.318,22.43,22.96,22.67,2
809,21.77,48.9,439.0,656.0,1,1,0.25,0.87,0.73,0.237,21.44,21.77,21.94,2
810,20.94,40.2,421.0,274.0,1,0,0.07,0.16,0.89,0.335,21.47,21.4,21.13,2
811,20.63,54.2,496.0,230.0,1,0,0.51,0.9,0.63,0.148,21.89,21.76,20.78,2
812,20.17,54.1,400.0,567.0,0,0,0.49,0.64,0.8,0.31,20.58,21.84,19.9,2
813,22.65,51.7,519.0,270.0,1,1,0.95,0.32,0.19,0.193,22.39,22.8,22.91,2
814,20.86,58.8,400.0,668.0,0,1,0.6,0.77,0.38,0.225,20.63,20.21,20.48,2
815,21.44,49.6,489.0,246.0,1,1,0.75,0.89,0.79,0.252,21.02,21.65,21.31,2
816,24.99,54.3,400.0,300.0,0,1,0.64,0.94,0.83,0.322,24.28,24.06,25.1,3
817,20.44,46.2,508.0,690.0,1,0,0.36,0.65,0.02,0.386,20.57,20.26,21.38,2
818,24.49,55.9,497.0,670.0,1,0,0.1,0.63,0.21,0.21,23.88,26.04,24.83,4
819,20.38,52.3,541.0,413.0,1,0,0.27,0.13,0.94,0.143,21.24,20.54,20.29,2
820,21.28,46.7,635.0,357.0,1,0,0.36,0.81,0.29,0.384,20.64,20.96,21.24,2
821,24.55,49.7,440.0,518.0,1,1,0.78,0.23,0.22,0.371,23.93,23.61,24.5,2
822,20.21,56.0,513.0,372.0,1,1,0.53,0.75,0.74,0.264,20.97,19.78,20.35,1
823,24.03,56.5,575.0,351.0,1,0,0.98,0.03,0.55,0.111,24.23,24.87,24.1,2
824,23.91,54.8,638.0,321.0,1,1,0.87,0.44,0.13,0.333,23.96,22.93,24.18,2
825,22.6,40.9,400.0,372.0,0,1,0.41,0.61,0.0,0.269,22.78,23.3,22.51,3
826,23.43,43.9,512.0,700.0,1,1,0.13,0.6,0.3,0.279,23.55,23.11,23.4,2
827,24.72,47.7,400.0,619.0,0,1,0.18,0.96,0.16,0.273,25.03,24.22,24.4,1
828,23.78,42.6,551.0,536.0,1,1,0.35,0.66,0.33,0.225,23.1,22.88,23.71,2
829,21.37,53.7,400.0,442.0,0,0,0.52,0.75,0.14,0.186,21.36,21.96,21.68,2
830,23.64,48.8,464.0,696.0,1,0,0.45,0.18,0.88,0.291,23.83,23.44,23.6,2
831,23.02,56.8,400.0,317.0,0,0,0.99,0.26,0.57,0.149,23.36,24.6,23.04,2
832,23.91,52.7,551.0,645.0,1,0,0.85,0.55,0.72,0.376,24.09,23.58,23.3,3
833,24.26,40.0,500.0,432.0,1,1,0.86,0.05,0.08,0.357,24.84,24.1,23.88,2
834,20.18,43.4,400.0,525.0,0,0,0.27,0.72,0.49,0.239,19.79,21.21,20.23,2
835,23.33,40.9,400.0,265.0,0,0,0.73,0.65,0.76,0.212,22.46,23.77,23.42,2
836,22.67,48.3,622.0,425.0,1,1,0.64,0.37,0.36,0.249,23.33,22.63,23.19,2
837,23.91,54.7,517.0,402.0,1,1,0.72,0.58,0.12,0.22,23.37,22.74,23.99,0
838,24.43,51.4,400.0,610.0,0,1,0.65,0.81,0.63,0.114,23.68,24.56,24.42,2
839,24.54,44.4,478.0,447.0,1,0,0.71,0.13,0.21,0.154,24.68,25.84,25.28,2
840,24.63,55.2,688.0,464.0,1,1,0.17,0.38,0.31,0.101,24.17,24.08,24.76,3
841,21.23,58.1,598.0,434.0,1,1,0.55,0.53,0.64,0.136,21.42,21.52,21.4,2
842,24.93,40.2,400.0,475.0,0,0,0.13,0.98,0.87,0.346,24.73,22.99,24.51,3
843,22.32,50.9,400.0,550.0,0,1,0.47,0.57,0.86,0.149,22.85,22.79,22.42,2
844,24.24,56.9,650.0,515.0,1,0,0.1,0.39,0.35,0.13,23.4,25.24,24.22,2
845,22.83,52.7,605.0,203.0,1,0,0.26,0.68,0.11,0.261,22.93,22.65,22.47,2
846,23.25,42.4,620.0,215.0,1,0,0.46,0.2,0.96,0.252,23.35,22.13,23.2,4
847,24.5,41.0,400.0,481.0,0,1,0.27,0.97,0.13,0.393,24.21,24.87,24.8,1
848,23.51,46.8,497.0,473.0,1,0,0.28,0.45,0.23,0.318,24.48,23.89,23.06,2
849,20.31,57.8,658.0,658.0,1,1,0.53,0.5,0.47,0.315,20.39,20.37,20.19,2
850,22.07,45.9,573.0,285.0,1,0,0.41,0.03,0.2,0.15,21.17,21.91,22.09,0
851,23.57,47.0,576.0,422.0,1,1,0.08,0.4,0.95,0.234,23.5,24.32,23.64,2
852,23.9,46.1,400.0,524.0,0,0,0.68,0.5,0.75,0.248,23.89,23.43,23.91,0
853,20.11,47.5,400.0,668.0,0,1,0.94,0.0,0.68,0.249,20.21,20.25,20.13,2
854,23.13,46.0,409.0,587.0,1,0,0.9,0.52,0.59,0.319,22.0,23.8,23.13,3
855,20.18,59.6,400.0,393.0,0,1,0.25,0.09,0.09,0.158,19.52,19.32,19.52,2
856,20.01,47.4,400.0,650.0,0,1,0.16,0.51,0.09,0.324,19.42,20.64,19.54,0
857,21.61,54.1,548.0,366.0,1,0,0.29,0.86,0.67,0.354,21.85,21.08,21.84,2
858,24.82,49.9,400.0,340.0,0,1,0.61,0.98,0.52,0.29,25.17,24.73,24.77,1
859,23.32,55.8,525.0,436.0,1,1,1.0,0.17,0.12,0.385,22.54,23.24,22.88,2
860,22.8,57.2,530.0,535.0,1,1,0.65,0.89,0.16,0.193,22.35,22.37,22.62,4
861,24.45,54.6,407.0,650.0,1,0,0.07,0.97,0.9,0.253,23.18,25.1,24.1,2
862,20.79,56.9,563.0,484.0,1,0,0.17,0.1,0.22,0.321,20.55,20.13,20.5,2
863,21.93,56.2,506.0,493.0,1,1,0.97,0.06,0.55,0.149,22.02,23.08,21.7,2
864,23.32,48.7,530.0,316.0,1,0,0.45,0.4,0.11,0.325,24.46,23.72,23.04,1
865,23.24,50.8,400.0,440.0,0,0,0.94,0.57,0.18,0.231,22.95,23.58,22.85,2
866,20.42,53.7,480.0,542.0,1,1,0.4,0.64,0.73,0.375,20.73,20.7,20.28,3
867,22.27,56.4,400.0,242.0,0,0,0.35,0.64,0.34,0.396,22.17,22.59,22.08,2
868,24.41,53.0,407.0,372.0,1,1,0.68,0.49,0.87,0.235,23.9,22.85,24.31,2
869,21.68,46.8,613.0,648.0,1,0,0.28,0.81,0.76,0.367,21.73,20.91,21.6,2
870,24.31,47.7,636.0,214.0,1,0,0.02,0.74,0.2,0.349,24.47,23.76,24.63,3
871,22.7,49.6,400.0,604.0,0,1,0.55,0.11,0.51,0.391,23.11,22.61,23.02,1
872,20.33,53.1,400.0,284.0,0,1,0.27,0.69,0.75,0.239,20.35,21.33,20.55,2
873,22.56,54.7,400.0,425.0,0,0,0.79,0.05,0.16,0.128,22.07,21.32,22.71,1
874,21.96,49.0,642.0,335.0,1,1,0.13,0.26,0.66,0.363,21.85,21.42,21.75,2
875,24.52,46.1,641.0,525.0,1,1,0.14,0.55,0.16,0.373,24.49,23.72,24.51,1
876,22.15,46.4,400.0,246.0,0,0,0.18,0.29,0.23,0.394,22.37,22.67,22.12,2
877,21.99,49.1,695.0,569.0,1,1,0.3,0.09,0.78,0.137,21.25,21.65,21.73,2
878,23.43,43.1,400.0,339.0,0,1,0.42,0.73,0.44,0.224,23.26,22.85,23.52,2
879,21.35,57.6,526.0,500.0,1,0,0.75,0.16,0.73,0.126,21.97,20.77,21.54,3
880,24.63,49.0,450.0,444.0,1,0,0.26,0.21,0.77,0.243,24.59,24.7,25.02,3
881,24.14,53.6,674.0,380.0,1,1,0.87,0.53,0.76,0.169,24.88,24.18,24.34,4
882,23.26,51.8,400.0,569.0,0,0,0.06,0.13,0.25,0.226,22.91,23.2,23.17,3
883,23.41,42.6,400.0,482.0,0,0,0.63,0.52,0.04,0.281,23.2,23.54,23.37,2
884,20.04,41.5,400.0,650.0,0,0,0.8,0.43,0.54,0.37,20.84,20.16,19.3,2
885,21.51,52.6,445.0,309.0,1,0,0.28,0.94,0.79,0.338,20.75,21.72,20.96,2
886,21.45,51.2,400.0,289.0,0,0,0.03,0.93,0.94,0.36,22.38,21.72,21.23,2
887,20.31,45.7,400.0,354.0,0,1,0.04,0.3,0.07,0.163,20.16,21.05,20.5,2
888,22.64,44.9,400.0,265.0,0,0,0.28,0.72,0.32,0.374,22.87,22.21,22.3,4
889,23.65,40.2,400.0,281.0,0,0,0.03,0.85,0.87,0.329,23.62,22.84,23.29,1
890,21.34,57.1,400.0,506.0,0,1,0.83,0.59,0.32,0.212,21.29,22.52,21.3,2
891,20.13,45.4,416.0,589.0,1,1,0.16,0.72,0.37,0.12,20.9,19.31,20.52,2
892,21.49,59.4,400.0,436.0,0,0,0.44,0.11,0.8,0.166,21.81,21.81,21.09,2
893,22.77,50.7,435.0,409.0,1,1,0.22,0.91,0.03,0.35,22.36,22.4,22.49,3
894,23.15,59.3,400.0,329.0,0,0,0.09,0.01,0.95,0.312,23.44,22.38,23.03,3
895,21.52,45.4,400.0,547.0,0,0,0.43,0.86,0.63,0.223,21.51,22.31,21.73,2
896,24.34,44.8,655.0,681.0,1,0,0.82,0.87,0.98,0.33,24.6,24.36,24.67,3
897,20.26,46.8,400.0,529.0,0,1,0.64,0.67,0.67,0.129,21.47,21.74,20.64,2
898,21.36,48.1,400.0,257.0,0,0,0.65,0.94,0.61,0.255,21.27,21.97,20.43,1
899,21.9,53.3,427.0,558.0,1,0,0.61,0.34,0.82,0.383,21.8,22.26,21.78,4
900,23.16,58.2,400.0,530.0,0,0,0.37,0.74,0.33,0.131,23.58,22.59,22.9,2
901,24.89,51.3,408.0,673.0,1,0,0.6,0.99,0.71,0.339,24.91,26.59,24.91,1
902,20.15,42.2,400.0,690.0,0,0,0.96,0.11,0.6,0.212,20.51,19.43,19.82,0
903,23.06,53.9,400.0,589.0,0,1,0.75,0.65,0.55,0.289,22.69,21.79,23.25,2
904,23.38,45.1,486.0,447.0,1,0,0.71,0.03,0.84,0.362,23.93,22.51,23.34,2
905,20.18,45.6,400.0,551.0,0,0,0.83,0.98,0.56,0.184,20.69,20.36,20.37,2
906,20.62,46.7,474.0,534.0,1,0,0.86,0.09,0.75,0.14,19.24,20.65,20.45,2
907,22.51,45.6,400.0,592.0,0,0,0.15,0.93,0.89,0.344,22.73,23.26,22.84,2
908,21.21,56.7,400.0,223.0,0,1,0.18,0.94,0.95,0.328,21.09,22.51,21.53,2
909,21.32,51.7,400.0,456.0,0,0,0.16,0.24,0.59,0.154,21.95,21.05,21.26,2
910,24.47,40.5,400.0,558.0,0,0,0.16,0.56,0.79,0.112,24.74,24.45,24.52,2
911,21.41,56.3,445.0,668.0,1,1,0.95,0.45,0.25,0.138,20.94,21.83,21.42,1
912,21.38,49.4,563.0,582.0,1,0,0.72,0.75,0.23,0.115,21.48,21.61,21.57,2
913,24.57,49.4,685.0,599.0,1,0,0.71,0.59,0.69,0.215,24.61,24.08,25.19,2
914,20.71,40.8,472.0,469.0,1,1,0.65,0.59,0.54,0.16,20.55,19.53,20.99,2
915,21.89,54.4,662.0,610.0,1,0,0.65,0.12,0.22,0.151,22.59,22.47,21.78,2
916,20.27,41.6,524.0,410.0,1,1,0.13,0.8,0.56,0.266,20.49,18.97,20.11,2
917,22.14,53.4,473.0,613.0,1,0,0.29,0.66,0.59,0.135,21.29,23.78,22.12,2
918,23.22,53.4,412.0,664.0,1,0,0.52,0.92,0.9,0.351,22.98,24.98,23.14,0
919,24.57,45.8,400.0,513.0,0,0,0.1,0.39,0.89,0.239,23.77,24.17,24.57,2
920,20.58,46.2,474.0,277.0,1,0,0.13,0.78,0.25,0.227,21.19,20.77,20.41,2
921,20.33,42.8,400.0,637.0,0,0,0.82,0.43,0.17,0.352,20.25,18.29,20.88,1
922,23.59,56.5,601.0,569.0,1,0,0.88,0.93,0.53,0.164,23.97,23.33,23.59,2
923,21.01,55.9,452.0,467.0,1,1,0.32,0.39,0.33,0.135,20.86,20.72,20.86,0
924,22.09,43.3,400.0,646.0,0,0,0.84,0.69,0.23,0.291,22.24,20.8,21.92,2
925,20.72,42.5,531.0,347.0,1,0,0.12,0.77,0.81,0.343,21.61,20.62,20.65,1
926,23.16,53.6,468.0,566.0,1,0,0.65,0.04,0.43,0.228,22.69,22.3,23.15,1
927,24.84,40.6,444.0,460.0,1,0,0.68,0.92,0.61,0.172,25.24,24.82,23.96,2
928,21.46,42.6,431.0,624.0,1,1,0.39,0.59,0.1,0.163,20.99,21.38,21.48,2
929,20.29,40.5,423.0,451.0,1,0,0.6,0.73,0.45,0.309,19.51,19.35,20.05,2
930,21.51,45.3,428.0,578.0,1,1,0.45,0.36,0.75,0.294,21.53,21.72,21.66,2
931,20.39,45.6,400.0,482.0,0,0,0.48,0.06,0.69,0.167,19.89,22.29,20.19,2
932,23.22,53.4,400.0,213.0,0,1,0.8,0.74,0.57,0.377,23.15,23.73,23.34,1
933,20.93,50.3,497.0,223.0,1,0,0.75,0.1,0.28,0.231,21.92,20.37,21.14,1
934,22.56,49.3,653.0,698.0,1,0,0.44,0.44,0.09,0.244,22.2,23.2,22.93,2
935,22.61,52.9,400.0,428.0,0,0,0.86,0.35,0.31,0.386,23.42,23.63,22.52,3
936,21.7,59.2,598.0,553.0,1,0,0.15,0.06,0.27,0.388,21.81,21.23,21.88,2
937,20.29,51.2,400.0,498.0,0,1,0.67,0.67,0.32,0.197,20.28,21.12,20.53,2
938,24.83,56.6,400.0,363.0,0,0,0.33,0.7,0.71,0.147,24.78,24.55,25.83,3
939,21.65,40.9,692.0,437.0,1,0,0.45,0.65,0.75,0.372,21.51,21.24,21.43,2
940,22.39,55.3,400.0,613.0,0,0,0.9,0.74,0.75,0.353,22.39,22.74,22.6,2
941,21.19,59.7,542.0,435.0,1,0,0.61,0.95,0.41,0.221,20.43,20.92,20.84,3
942,23.32,55.3,505.0,621.0,1,1,0.74,0.97,0.96,0.298,23.81,22.75,23.15,4
943,22.86,41.3,601.0,335.0,1,1,0.93,0.2,0.72,0.234,22.49,22.91,23.09,2
944,22.2,42.8,400.0,503.0,0,0,0.31,0.06,0.4,0.257,21.54,23.21,22.42,2
945,22.63,58.8,400.0,340.0,0,0,0.39,0.21,0.23,0.323,22.32,22.12,22.71,2
946,21.06,56.8,650.0,512.0,1,1,0.45,0.59,0.34,0.217,21.64,21.92,21.19,3
947,22.92,57.3,400.0,288.0,0,1,0.85,0.18,0.79,0.147,22.58,23.72,22.01,3
948,22.56,54.8,480.0,489.0,1,0,0.5,0.07,0.98,0.326,22.33,21.77,22.41,3
949,23.81,58.1,427.0,655.0,1,0,0.05,0.7,0.28,0.108,24.19,22.78,23.71,1
950,21.43,54.3,526.0,561.0,1,1,0.5,0.79,0.38,0.371,21.35,19.69,21.51,4
951,21.32,41.8,585.0,576.0,1,1,1.0,0.94,0.87,0.272,21.76,22.66,21.25,2
952,21.05,48.9,602.0,367.0,1,1,0.89,0.95,0.97,0.231,21.36,19.35,20.94,2
953,20.49,58.9,400.0,300.0,0,1,0.26,0.58,0.88,0.341,21.16,21.7,20.62,2
954,20.75,45.3,400.0,430.0,0,1,0.88,0.04,0.06,0.136,20.76,20.58,20.73,3
955,20.5,44.3,638.0,594.0,1,0,0.57,0.85,0.12,0.289,20.52,21.2,21.01,2
956,21.59,41.5,672.0,536.0,1,0,0.71,0.36,0.24,0.169,21.35,23.18,21.93,2
957,20.63,53.3,400.0,666.0,0,0,0.53,0.25,0.39,0.281,20.23,21.05,20.43,3
958,21.62,49.0,477.0,568.0,1,1,0.53,0.48,0.3,0.232,21.55,19.98,21.71,1
959,24.24,59.0,409.0,592.0,1,1,0.49,0.98,0.27,0.124,23.74,23.21,24.78,2
960,22.67,42.6,546.0,680.0,1,0,0.17,0.38,0.1,0.142,21.43,22.82,22.56,3
961,23.03,51.8,514.0,485.0,1,0,0.24,0.7,0.31,0.174,22.8,23.5,22.76,2
962,20.19,45.2,400.0,283.0,0,1,0.77,0.47,0.83,0.303,19.69,19.92,20.4,2
963,20.74,41.4,400.0,611.0,0,1,0.22,0.0,0.82,0.375,21.19,20.59,20.16,2
964,22.35,49.9,629.0,608.0,1,0,0.14,0.92,0.14,0.394,21.9,22.67,21.77,2
965,22.19,46.7,400.0,660.0,0,0,0.1,0.76,0.33,0.152,22.16,22.55,22.47,2
966,20.25,52.4,400.0,251.0,0,0,0.4,0.07,0.91,0.202,19.79,19.29,20.26,3
967,21.4,48.3,400.0,613.0,0,0,0.57,0.34,0.04,0.309,22.01,20.91,21.68,3
968,24.04,43.6,619.0,463.0,1,1,0.99,0.41,0.14,0.181,23.59,24.05,24.32,2
969,23.59,57.5,400.0,664.0,0,0,0.23,0.17,0.2,0.298,23.61,22.12,23.15,2
970,20.74,42.5,400.0,271.0,0,0,0.7,0.26,0.54,0.306,20.2,20.69,20.25,2
971,20.86,44.8,560.0,301.0,1,1,0.57,0.59,0.88,0.249,20.67,21.34,20.92,2
972,20.32,51.4,400.0,392.0,0,1,0.45,0.03,0.1,0.137,21.0,21.2,20.11,2
973,22.64,52.6,400.0,523.0,0,0,0.31,0.76,0.12,0.2,23.14,22.83,23.02,2
974,23.46,58.7,591.0,227.0,1,0,0.0,0.28,0.13,0.143,23.77,23.79,23.36,2
975,20.86,47.7,400.0,213.0,0,0,0.48,0.76,0.8,0.221,21.0,20.58,20.56,2
976,20.73,59.1,424.0,272.0,1,0,1.0,0.13,0.25,0.398,19.86,20.96,20.7,2
977,22.33,56.1,400.0,441.0,0,1,0.43,0.92,0.15,0.244,22.39,23.11,22.07,2
978,24.06,56.5,663.0,387.0,1,0,0.6,0.03,0.52,0.144,23.65,25.02,24.13,1
979,21.37,52.6,646.0,695.0,1,1,0.24,0.49,0.37,0.184,21.3,21.39,21.17,0
980,23.43,49.4,400.0,394.0,0,0,0.7,0.72,0.5,0.359,23.69,23.14,23.07,0
981,23.91,53.8,400.0,695.0,0,1,0.08,0.33,0.29,0.135,24.83,24.97,23.82,3
982,24.12,41.8,400.0,482.0,0,1,1.0,0.62,0.16,0.222,24.13,24.05,24.17,2
983,22.38,45.0,420.0,544.0,1,0,0.6,0.6,0.36,0.333,22.67,22.09,22.76,2
984,20.64,55.0,454.0,627.0,1,1,0.13,0.63,0.68,0.385,20.41,21.01,20.8,2
985,21.0,43.0,465.0,494.0,1,1,0.42,0.63,0.24,0.252,21.0,21.19,20.76,0
986,22.28,43.8,400.0,395.0,0,0,0.81,0.86,0.64,0.289,22.65,22.12,22.33,2
987,21.67,54.0,608.0,449.0,1,1,0.69,0.65,0.25,0.328,21.85,22.1,21.43,2
988,23.45,44.5,400.0,376.0,0,0,0.72,0.86,0.86,0.315,23.61,23.74,23.52,4
989,22.27,56.7,529.0,491.0,1,1,0.49,0.2,0.83,0.315,22.07,21.65,22.12,2
990,22.37,41.9,400.0,408.0,0,0,0.35,0.22,0.18,0.386,23.07,21.59,22.39,2
991,22.51,55.0,630.0,266.0,1,0,0.88,0.9,0.8,0.332,22.37,22.7,22.35,1
992,24.54,44.4,400.0,436.0,0,0,0.03,0.01,0.71,0.296,23.98,24.82,24.69,3
993,24.79,54.0,577.0,538.0,1,1,0.67,0.48,0.26,0.352,24.72,26.19,24.89,2
994,21.4,53.6,400.0,431.0,0,0,0.61,0.96,0.64,0.182,21.59,21.2,21.2,2
995,22.74,56.2,473.0,451.0,1,0,0.75,0.35,0.62,0.15,22.84,23.2,22.66,2
996,21.69,41.3,649.0,336.0,1,1,0.16,0.79,0.28,0.173,22.52,21.97,21.81,2
997,20.22,41.3,400.0,518.0,0,0,0.38,0.26,0.17,0.339,21.22,21.22,20.49,2
998,23.74,41.2,552.0,659.0,1,1,0.38,0.03,0.45,0.229,23.79,23.54,23.97,2
999,22.82,42.4,458.0,541.0,1,0,0.29,0.08,0.53,0.326,22.71,22.76,23.09,2
1000,20.88,57.9,556.0,224.0,1,1,0.32,0.27,0.2,0.206,20.23,21.85,20.77,2
1001,20.99,40.5,421.0,265.0,1,0,0.22,0.54,0.32,0.252,20.39,21.34,21.31,2
1002,23.5,45.3,589.0,372.0,1,0,0.74,1.0,0.34,0.395,23.33,24.03,23.65,2
1003,21.58,50.0,578.0,231.0,1,0,0.71,0.78,0.63,0.222,22.37,21.78,21.7,2
1004,21.15,52.8,400.0,375.0,0,0,0.71,0.53,0.21,0.156,20.99,21.8,21.14,2
1005,21.69,59.4,426.0,449.0,1,1,0.37,0.84,0.03,0.386,21.51,20.03,21.62,3
1006,23.44,58.0,513.0,233.0,1,1,0.52,0.14,0.96,0.215,24.15,24.06,23.21,2
1007,22.08,56.9,493.0,287.0,1,1,0.24,0.98,0.26,0.121,23.09,21.97,22.08,2
1008,24.18,49.3,400.0,406.0,0,0,0.31,0.12,0.43,0.249,23.75,23.71,24.23,2
1009,20.98,42.9,400.0,442.0,0,0,0.37,0.96,0.79,0.252,21.24,19.88,20.95,2
1010,23.86,42.8,418.0,323.0,1,1,0.46,0.22,0.93,0.362,23.78,24.06,23.33,2
1011,23.97,56.8,579.0,600.0,1,0,0.15,0.6,0.26,0.318,24.63,24.65,23.65,2
1012,22.9,52.3,692.0,543.0,1,0,0.62,0.0,0.97,0.373,23.14,21.95,22.91,2
1013,24.34,54.1,453.0,327.0,1,0,0.77,0.95,0.83,0.188,24.12,23.02,24.26,2
1014,21.52,50.1,400.0,364.0,0,0,0.43,0.64,0.5,0.369,21.33,21.71,21.71,1
1015,20.4,49.0,475.0,266.0,1,1,0.21,0.24,0.43,0.311,20.55,21.78,20.77,2
1016,21.57,48.4,400.0,565.0,0,1,0.16,0.67,0.13,0.104,21.95,21.28,21.71,2
1017,23.36,57.9,400.0,566.0,0,0,0.23,0.88,0.14,0.128,22.76,24.3,23.73,2
1018,22.8,49.7,620.0,327.0,1,0,0.16,0.66,0.02,0.262,22.9,23.17,23.11,3
1019,20.43,48.7,400.0,343.0,0,0,0.53,0.68,0.32,0.284,20.88,20.4,20.38,2
1020,20.48,46.1,400.0,611.0,0,0,0.88,0.18,0.31,0.153,20.17,20.63,20.8,2
1021,22.68,51.2,400.0,414.0,0,1,0.31,0.34,0.17,0.122,22.38,21.46,22.5,1
1022,22.39,58.0,400.0,479.0,0,1,0.94,0.32,0.27,0.174,22.04,22.1,22.54,1
1023,22.38,56.4,400.0,686.0,0,1,0.64,0.95,0.58,0.102,23.0,21.52,21.85,2
1024,20.75,52.8,400.0,363.0,0,1,0.49,0.63,0.9,0.316,20.55,20.2,20.66,2
1025,21.54,53.4,400.0,658.0,0,0,0.75,0.78,0.89,0.102,21.84,22.24,22.03,3
1026,20.19,49.4,558.0,639.0,1,1,0.9,0.03,0.71,0.175,20.54,20.63,20.14,2
1027,22.13,46.0,400.0,555.0,0,1,0.44,0.88,0.47,0.142,22.14,24.04,21.98,2
1028,24.25,44.3,564.0,257.0,1,0,0.94,0.74,0.56,0.376,23.23,22.98,24.59,2
1029,20.78,41.4,400.0,394.0,0,0,0.05,0.66,0.53,0.338,20.56,21.98,20.6,2
1030,20.91,54.2,441.0,369.0,1,1,0.13,0.24,0.16,0.213,20.64,19.8,20.92,2
1031,23.71,45.7,400.0,472.0,0,0,0.24,0.55,0.93,0.351,23.16,22.71,23.75,2
1032,24.71,57.5,652.0,665.0,1,0,0.56,0.62,0.68,0.381,24.53,24.65,25.28,2
1033,21.16,50.4,400.0,406.0,0,0,0.33,0.18,0.38,0.307,22.04,20.04,20.48,2
1034,23.6,53.0,400.0,241.0,0,0,0.3,0.97,0.39,0.274,24.49,23.9,23.67,2
1035,24.98,58.9,400.0,499.0,0,1,0.78,0.5,0.28,0.375,24.65,24.4,24.74,2
1036,24.7,45.6,452.0,464.0,1,1,0.75,0.49,0.68,0.244,24.29,24.55,24.94,2
1037,20.67,49.1,400.0,423.0,0,0,0.59,0.79,0.47,0.183,20.43,21.15,20.81,2
1038,21.23,44.6,400.0,412.0,0,0,0.06,0.95,0.49,0.181,21.87,20.51,21.08,2
1039,24.27,57.9,588.0,421.0,1,1,0.31,0.27,0.64,0.139,23.83,23.73,24.58,1
1040,21.81,56.5,433.0,597.0,1,1,0.65,0.06,0.75,0.303,21.35,21.08,22.05,1
1041,22.89,51.1,400.0,307.0,0,0,0.6,0.1,0.43,0.231,22.42,23.12,22.58,2
1042,20.7,50.8,400.0,682.0,0,0,0.06,0.8,0.51,0.163,20.07,20.86,20.42,2
1043,20.73,48.5,400.0,376.0,0,1,0.45,0.84,0.59,0.284,20.8,20.67,20.57,2
1044,23.39,44.6,623.0,325.0,1,0,0.92,0.22,0.73,0.33,24.49,23.25,23.62,2
1045,23.73,46.0,692.0,252.0,1,1,0.75,0.18,0.48,0.375,23.2,23.64,23.86,2
1046,23.39,42.3,536.0,385.0,1,0,0.41,0.65,0.23,0.224,22.63,23.12,23.33,2
1047,24.19,44.3,572.0,690.0,1,1,0.04,0.25,0.14,0.283,25.03,25.0,24.29,3
1048,22.42,49.1,425.0,247.0,1,0,0.68,0.89,0.63,0.253,22.03,21.64,22.58,3
1049,20.69,57.6,400.0,694.0,0,0,0.64,0.7,0.6,0.111,20.17,20.23,20.78,4
1050,22.5,58.5,628.0,346.0,1,0,0.33,0.68,0.66,0.231,23.01,22.38,22.31,1
1051,20.73,58.9,532.0,607.0,1,1,0.15,0.71,0.78,0.265,20.37,20.32,20.61,2
1052,23.14,44.0,400.0,597.0,0,1,0.72,0.97,0.58,0.319,22.71,22.72,23.17,1
1053,22.5,50.4,650.0,482.0,1,0,0.73,0.88,0.54,0.124,21.85,22.39,22.63,3
1054,24.4,44.7,400.0,353.0,0,1,0.55,0.27,0.73,0.189,24.16,24.94,24.55,2
1055,22.59,47.8,471.0,370.0,1,1,0.85,0.24,0.99,0.238,22.49,23.38,22.66,2
1056,23.07,53.7,594.0,455.0,1,0,0.86,0.62,0.26,0.153,22.26,23.36,23.47,2
1057,23.88,46.7,530.0,315.0,1,0,0.54,0.2,0.19,0.291,23.83,23.46,24.07,3
1058,24.23,59.6,400.0,457.0,0,0,0.94,0.11,0.27,0.366,23.45,23.64,23.72,0
1059,22.7,58.7,427.0,665.0,1,0,0.68,0.76,0.75,0.152,22.82,23.59,23.25,1
1060,21.2,40.3,400.0,399.0,0,1,0.47,0.59,0.05,0.257,20.21,20.36,20.7,2
1061,21.06,56.1,400.0,281.0,0,0,0.49,0.54,0.57,0.136,21.35,22.66,20.88,2
1062,20.85,45.8,663.0,457.0,1,1,0.67,0.27,0.68,0.314,20.2,20.49,20.59,2
1063,21.33,50.6,639.0,486.0,1,0,0.27,0.27,0.94,0.228,21.38,20.35,21.32,2
1064,21.92,48.0,400.0,228.0,0,1,0.29,0.1,0.82,0.223,21.63,22.35,22.48,0
1065,23.42,40.2,400.0,515.0,0,1,0.14,0.78,0.36,0.114,23.8,23.55,23.53,3
1066,24.88,40.5,617.0,456.0,1,0,0.06,0.2,0.61,0.129,24.63,24.61,25.23,2
1067,21.92,54.6,551.0,309.0,1,0,0.91,0.39,0.83,0.116,22.2,21.6,22.01,3
1068,23.28,48.8,527.0,321.0,1,1,0.27,0.8,0.96,0.196,22.89,22.55,23.64,2
1069,24.2,51.3,400.0,436.0,0,0,0.76,0.18,0.55,0.307,24.22,25.48,24.46,2
1070,21.31,40.9,615.0,485.0,1,1,0.67,0.68,0.73,0.102,20.64,20.99,21.06,2
1071,20.75,41.5,640.0,510.0,1,1,0.25,0.1,0.56,0.273,20.35,20.84,20.98,2
1072,21.35,46.0,400.0,383.0,0,1,0.29,0.27,0.88,0.361,21.79,20.81,21.4,1
1073,20.75,57.3,460.0,657.0,1,1,0.81,0.13,0.13,0.382,21.05,19.97,20.93,2
1074,23.4,45.5,400.0,216.0,0,0,0.79,0.41,0.18,0.147,23.51,23.61,23.62,3
1075,22.43,54.5,400.0,302.0,0,1,0.78,0.34,0.19,0.27,22.78,22.66,22.2,2
1076,20.39,43.1,489.0,270.0,1,1,0.57,0.18,0.85,0.168,19.33,19.66,20.7,3
1077,20.93,53.4,400.0,205.0,0,1,0.1,0.72,0.28,0.393,20.92,19.33,20.7,2
1078,21.46,52.5,412.0,529.0,1,1,0.77,0.35,0.9,0.356,21.29,22.2,21.47,3
1079,23.36,41.4,400.0,333.0,0,0,0.81,0.86,0.03,0.182,23.4,22.41,23.23,1
1080,24.36,42.6,593.0,263.0,1,0,0.61,0.5,0.81,0.207,24.08,23.76,23.74,3
1081,23.1,55.2,522.0,361.0,1,1,0.27,0.86,0.84,0.156,23.27,21.86,23.05,2
1082,20.7,56.0,654.0,364.0,1,0,0.31,0.92,0.45,0.22,20.88,21.93,20.92,2
1083,20.82,46.8,400.0,226.0,0,0,0.46,0.12,0.05,0.189,20.7,20.85,20.29,1
1084,21.1,51.2,501.0,692.0,1,1,0.58,0.69,0.16,0.179,21.7,22.03,21.19,2
1085,21.91,55.3,400.0,356.0,0,0,0.23,0.18,0.42,0.186,20.96,22.39,21.5,2
1086,24.46,51.0,696.0,576.0,1,1,0.19,0.46,0.77,0.177,24.63,26.14,23.95,2
1087,24.68,54.5,400.0,229.0,0,0,0.38,0.31,0.29,0.383,24.23,24.9,24.89,2
1088,22.38,45.5,400.0,260.0,0,1,0.66,0.64,0.87,0.333,22.72,22.7,22.52,2
1089,20.46,42.2,400.0,544.0,0,1,0.03,0.18,0.62,0.249,20.24,21.48,20.75,2
1090,22.19,49.9,400.0,643.0,0,1,0.71,0.54,0.69,0.217,23.49,22.15,21.77,2
1091,20.49,44.6,400.0,655.0,0,1,0.47,0.19,0.87,0.274,20.17,21.73,20.98,3
1092,21.61,43.8,400.0,667.0,0,0,0.12,0.34,0.12,0.12,21.6,21.78,21.32,3
1093,23.17,52.2,435.0,626.0,1,1,0.78,0.58,0.35,0.128,23.89,22.82,22.73,3
1094,21.34,43.0,480.0,605.0,1,0,0.23,0.55,0.92,0.306,21.31,23.28,21.23,2
1095,20.96,52.8,400.0,456.0,0,0,0.04,0.16,0.01,0.278,20.75,21.88,20.79,1
1096,20.7,53.0,400.0,427.0,0,1,0.45,0.8,0.01,0.232,20.39,20.18,21.26,2
1097,22.66,58.6,400.0,502.0,0,1,0.43,0.76,0.68,0.297,23.12,21.89,22.29,3
1098,20.57,54.0,400.0,484.0,0,1,0.71,0.51,0.75,0.279,20.95,20.69,20.76,3
1099,23.97,57.1,400.0,426.0,0,1,0.25,0.17,0.6,0.298,24.07,25.53,24.0,2
1100,22.56,42.4,654.0,257.0,1,1,0.72,0.7,0.63,0.311,21.57,23.06,22.71,3
1101,21.66,56.5,400.0,321.0,0,1,0.51,0.09,0.44,0.366,21.6,20.67,21.73,2
1102,21.56,40.8,505.0,412.0,1,1,0.12,0.48,0.1,0.252,21.56,22.71,21.5,2
1103,22.36,53.3,410.0,668.0,1,1,0.59,0.54,0.4,0.367,21.67,22.96,21.69,1
1104,20.06,56.8,421.0,558.0,1,1,0.97,0.01,0.85,0.158,20.15,20.72,19.95,2
1105,22.22,43.6,696.0,591.0,1,1,0.55,0.56,0.02,0.159,22.36,22.06,22.49,2
1106,21.05,53.7,400.0,592.0,0,1,0.21,0.61,0.7,0.384,21.16,22.3,20.68,2
1107,20.88,43.3,616.0,365.0,1,1,0.54,0.79,0.21,0.159,21.12,21.66,20.88,2
1108,22.94,40.4,631.0,572.0,1,0,0.09,0.0,0.05,0.104,22.95,22.59,22.94,2
1109,22.57,41.6,400.0,369.0,0,1,0.15,0.69,0.08,0.371,21.94,22.84,22.29,2
1110,25.0,57.5,612.0,565.0,1,0,0.47,0.38,0.84,0.37,24.75,25.54,25.44,3
1111,20.96,53.1,400.0,633.0,0,1,0.45,0.2,0.28,0.243,21.66,21.12,21.25,2
1112,20.09,42.9,681.0,475.0,1,0,0.46,0.82,0.83,0.202,20.67,19.43,20.21,2
1113,22.22,44.9,400.0,393.0,0,0,0.04,0.46,0.41,0.345,22.19,23.91,22.65,2
1114,23.95,51.7,621.0,285.0,1,0,0.38,0.65,0.01,0.318,24.15,24.19,23.4,2
1115,23.65,59.0,400.0,347.0,0,1,0.71,0.82,0.42,0.271,23.65,23.97,24.37,2
1116,20.48,44.6,682.0,584.0,1,1,0.22,0.7,0.52,0.278,21.01,21.43,20.86,1
1117,23.13,53.8,506.0,646.0,1,0,0.77,0.25,0.68,0.14,23.85,24.96,23.18,1
1118,24.08,54.1,400.0,302.0,0,1,0.26,0.81,0.02,0.381,24.15,23.98,23.94,2
1119,24.82,41.9,400.0,641.0,0,0,0.79,0.83,0.75,0.264,25.44,25.72,25.37,2
1120,21.26,47.7,558.0,545.0,1,1,0.84,0.62,0.76,0.393,20.82,22.91,21.42,3
1121,23.72,40.2,400.0,230.0,0,0,0.3,0.66,0.91,0.363,23.24,24.34,23.38,3
1122,22.82,47.5,502.0,238.0,1,0,0.75,0.06,0.18,0.171,22.49,22.06,22.75,4
1123,20.34,53.2,400.0,296.0,0,0,0.39,0.74,0.58,0.383,20.32,19.51,20.48,2
1124,23.85,57.6,400.0,589.0,0,1,0.14,0.34,0.86,0.369,23.9,23.12,23.7,2
1125,22.73,41.1,400.0,390.0,0,1,0.82,0.89,0.71,0.171,21.92,22.05,22.66,2
1126,21.86,40.1,464.0,257.0,1,0,0.07,0.69,0.67,0.375,21.97,21.85,21.83,2
1127,21.58,49.8,400.0,633.0,0,1,0.12,0.58,0.23,0.365,21.97,22.07,20.9,2
1128,21.96,50.3,400.0,443.0,0,1,0.3,0.08,0.43,0.245,21.42,21.57,22.39,2
1129,20.61,50.5,400.0,561.0,0,0,0.16,0.12,0.8,0.129,20.11,21.42,20.62,2
1130,22.84,47.3,400.0,643.0,0,0,0.87,0.07,0.49,0.13,22.27,24.67,22.87,1
1131,22.19,47.1,439.0,465.0,1,0,0.32,0.68,0.98,0.235,23.22,22.75,22.39,3
1132,20.17,50.8,547.0,237.0,1,0,0.9,0.05,0.21,0.368,20.07,19.66,19.95,2
1133,21.36,51.6,470.0,416.0,1,0,0.96,0.13,0.31,0.109,21.09,20.34,21.09,2
1134,21.21,44.5,425.0,500.0,1,1,0.98,0.94,0.71,0.158,21.8,21.42,21.24,2
1135,21.53,48.0,400.0,453.0,0,1,0.68,0.56,0.4,0.162,21.04,21.73,21.36,3
1136,20.51,41.7,589.0,434.0,1,0,0.76,0.51,0.78,0.224,20.9,21.03,20.65,2
1137,21.54,58.9,400.0,417.0,0,1,0.08,0.69,0.68,0.318,21.56,21.11,21.64,2
1138,24.29,42.9,400.0,217.0,0,0,0.29,0.3,0.71,0.253,24.58,24.19,24.65,2
1139,24.83,50.1,670.0,267.0,1,1,0.02,0.11,0.75,0.344,24.96,24.15,24.73,3
1140,23.55,52.7,400.0,302.0,0,0,0.18,0.21,0.16,0.155,23.25,23.59,23.36,3
1141,23.11,59.0,663.0,554.0,1,0,0.95,0.22,0.04,0.335,22.94,22.98,23.19,2
1142,24.32,50.7,493.0,239.0,1,0,0.84,0.61,0.36,0.208,24.44,24.82,24.46,2
1143,21.02,49.1,400.0,350.0,0,0,0.17,0.92,0.89,0.148,21.32,20.88,21.49,2
1144,21.32,58.4,400.0,468.0,0,0,0.55,0.67,0.42,0.211,21.29,22.61,20.76,2
1145,22.96,53.2,400.0,310.0,0,1,0.7,0.94,0.54,0.199,23.47,23.43,23.03,2
1146,20.9,50.7,619.0,318.0,1,1,0.04,0.3,0.2,0.187,20.52,20.85,21.43,4
1147,22.48,53.0,400.0,492.0,0,1,0.31,0.36,0.29,0.356,22.45,22.58,22.29,2
1148,20.4,53.1,400.0,601.0,0,1,0.46,0.39,0.33,0.155,20.52,20.19,20.19,2
1149,21.62,47.3,495.0,405.0,1,0,0.38,0.04,0.6,0.369,21.62,21.53,21.94,2
1150,21.07,44.1,594.0,247.0,1,0,0.97,0.13,0.33,0.332,21.7,19.47,20.86,2
1151,24.33,56.9,648.0,532.0,1,1,0.09,0.21,0.27,0.27,24.37,23.5,24.13,2
1152,21.5,59.4,516.0,388.0,1,0,0.12,0.45,0.82,0.18,22.55,21.95,21.48,2
1153,21.67,52.0,481.0,457.0,1,0,0.14,0.11,0.41,0.124,22.04,22.2,21.65,3
1154,22.92,40.2,400.0,568.0,0,1,0.95,0.42,0.92,0.119,22.73,22.59,22.96,4
1155,22.9,51.6,400.0,221.0,0,1,0.95,0.01,0.13,0.391,22.63,23.4,23.17,2
1156,24.78,43.5,562.0,496.0,1,1,0.86,0.43,0.79,0.387,25.29,25.06,24.57,4
1157,24.57,56.9,680.0,601.0,1,1,0.49,0.88,0.07,0.143,25.1,24.85,24.46,2
1158,20.44,46.2,400.0,481.0,0,1,0.23,0.12,0.51,0.13,20.43,19.41,20.16,3
1159,21.12,55.1,400.0,496.0,0,1,0.48,0.08,0.97,0.24,21.61,20.43,21.07,2
1160,22.07,54.9,400.0,325.0,0,1,0.98,0.44,0.31,0.11,22.48,21.25,21.74,3
1161,23.54,51.6,496.0,368.0,1,0,0.59,0.4,0.24,0.353,22.99,23.96,23.63,4
1162,24.59,53.1,496.0,483.0,1,0,0.26,0.17,0.12,0.235,25.25,24.72,23.67,1
1163,21.61,56.1,400.0,518.0,0,0,0.71,0.31,0.53,0.105,22.33,21.37,21.92,2
1164,20.09,41.4,537.0,579.0,1,0,0.55,0.76,0.27,0.121,18.73,19.16,19.89,2
1165,24.35,40.8,400.0,352.0,0,1,0.74,0.96,0.85,0.225,24.54,25.41,24.16,3
1166,21.46,47.3,400.0,418.0,0,1,0.22,0.15,0.59,0.368,22.26,20.74,21.09,2
1167,20.44,58.6,640.0,269.0,1,1,0.07,0.59,0.49,0.116,21.33,21.23,20.68,3
1168,20.5,47.0,539.0,415.0,1,1,0.24,0.94,0.88,0.207,20.07,20.39,20.83,2
1169,21.86,41.7,418.0,230.0,1,1,0.69,0.31,0.11,0.251,20.78,21.42,22.12,3
1170,22.94,56.5,407.0,658.0,1,1,0.33,0.18,0.5,0.285,21.95,22.6,23.22,4
1171,23.24,48.6,471.0,299.0,1,0,0.66,0.49,0.65,0.283,23.23,22.34,23.3,2
1172,22.21,48.8,400.0,398.0,0,0,0.22,0.39,0.03,0.369,21.92,21.69,22.86,3
1173,22.2,50.1,525.0,623.0,1,0,0.74,0.7,0.36,0.305,21.48,21.11,22.42,2
1174,21.05,41.4,404.0,285.0,1,0,0.09,0.08,0.29,0.256,21.64,22.66,21.07,2
1175,21.04,44.9,429.0,393.0,1,1,0.98,0.78,0.11,0.4,19.55,20.36,21.18,3
1176,21.16,53.5,400.0,376.0,0,0,0.61,0.58,0.44,0.116,21.29,22.85,21.33,2
1177,22.89,58.6,447.0,698.0,1,1,0.75,0.11,0.1,0.107,22.88,21.96,23.38,2
1178,23.98,57.5,400.0,498.0,0,0,0.62,0.34,0.08,0.299,23.84,24.05,24.15,3
1179,23.82,46.4,400.0,219.0,0,1,0.72,0.52,0.23,0.192,23.37,23.9,24.07,2
1180,22.73,47.1,505.0,460.0,1,1,0.35,0.8,0.89,0.186,23.26,21.7,22.01,2
1181,21.01,45.8,600.0,395.0,1,0,0.73,0.22,0.79,0.398,21.31,20.59,21.37,2
1182,23.97,49.0,400.0,611.0,0,1,0.86,0.63,0.92,0.289,24.32,24.91,24.33,3
1183,21.5,40.1,636.0,219.0,1,0,0.58,0.5,0.64,0.398,21.71,21.27,21.31,2
1184,22.02,48.8,647.0,617.0,1,0,0.9,0.75,0.2,0.108,22.8,21.98,21.93,2
1185,22.34,40.9,400.0,560.0,0,1,0.33,0.21,0.85,0.286,22.73,23.21,22.27,2
1186,20.42,43.7,400.0,561.0,0,1,0.3,0.87,0.35,0.16,20.64,20.8,19.89,2
1187,22.19,46.0,427.0,441.0,1,1,0.21,0.87,0.66,0.141,22.38,22.51,22.58,2
1188,24.11,46.9,491.0,263.0,1,0,0.74,0.06,0.27,0.238,24.42,22.98,24.56,4
1189,20.11,57.0,400.0,352.0,0,1,0.06,0.08,0.09,0.222,18.81,20.02,20.7,2
1190,20.96,57.5,400.0,586.0,0,1,0.27,0.68,0.53,0.294,20.48,22.26,21.01,3
1191,23.35,41.7,400.0,531.0,0,1,0.26,0.06,0.41,0.317,23.54,24.51,23.36,2
1192,20.47,52.7,520.0,233.0,1,0,0.03,0.92,0.92,0.399,20.49,19.28,20.08,2
1193,22.07,42.8,649.0,491.0,1,1,0.93,0.49,0.8,0.118,22.92,22.36,22.13,2
1194,23.55,42.4,670.0,374.0,1,1,0.07,0.78,0.39,0.36,23.54,23.3,23.69,1
1195,24.73,58.9,666.0,670.0,1,1,0.35,0.01,0.78,0.248,25.08,24.6,24.91,0
1196,23.2,54.0,656.0,239.0,1,1,0.63,0.07,0.57,0.219,23.37,21.75,23.22,2
1197,21.19,45.2,400.0,552.0,0,0,0.63,0.58,0.95,0.379,20.92,21.51,20.87,3
1198,20.17,46.7,400.0,296.0,0,0,0.1,0.11,0.01,0.122,20.08,20.19,19.98,2
1199,23.31,40.5,400.0,696.0,0,0,0.92,0.94,0.79,0.234,23.73,24.17,22.78,0
1200,20.28,57.9,400.0,622.0,0,1,0.96,0.3,0.66,0.252,20.37,20.73,20.15,2
1201,21.91,43.5,400.0,557.0,0,0,0.25,0.15,0.8,0.232,22.66,23.33,22.38,4
1202,24.36,51.5,563.0,342.0,1,1,0.71,0.12,0.34,0.39,24.79,24.82,24.24,1
1203,24.82,50.5,400.0,407.0,0,1,0.09,0.81,0.64,0.115,24.67,25.11,24.4,2
1204,24.83,43.9,499.0,676.0,1,1,0.03,0.66,0.14,0.188,24.82,24.69,24.27,3
1205,20.03,49.8,442.0,273.0,1,1,0.75,0.24,0.36,0.232,19.75,19.51,19.67,2
1206,23.31,43.7,415.0,446.0,1,1,0.31,0.84,0.71,0.268,24.16,22.82,23.3,4
1207,22.88,53.1,612.0,594.0,1,0,0.95,0.93,0.06,0.1,23.35,22.97,22.68,2
1208,22.12,59.8,590.0,402.0,1,0,0.88,0.73,0.03,0.196,22.32,23.91,22.13,2
1209,23.39,55.6,400.0,543.0,0,0,0.55,0.03,0.6,0.161,23.55,23.23,23.71,2
1210,22.83,59.0,400.0,581.0,0,0,0.56,0.12,0.34,0.137,22.57,22.81,23.07,2
1211,22.16,56.8,661.0,452.0,1,1,0.91,1.0,0.2,0.151,22.01,21.36,22.31,1
1212,23.2,53.9,462.0,316.0,1,0,0.54,0.25,0.86,0.262,23.13,24.06,23.33,2
1213,21.44,55.3,400.0,449.0,0,0,0.58,0.7,0.16,0.335,20.75,20.73,21.05,2
1214,20.11,41.3,400.0,603.0,0,1,0.77,0.25,0.37,0.266,20.33,20.01,20.03,2
1215,24.28,46.3,458.0,419.0,1,1,0.13,0.07,0.93,0.124,23.55,25.57,24.26,3
1216,23.64,53.3,400.0,546.0,0,0,0.63,0.25,0.45,0.2,22.64,23.81,23.6,2
1217,21.27,46.5,400.0,302.0,0,1,0.61,0.58,0.31,0.144,21.39,21.71,21.76,2
1218,22.12,44.4,400.0,417.0,0,0,0.21,0.71,1.0,0.165,22.61,22.34,22.62,1
1219,20.45,44.6,515.0,464.0,1,0,0.25,0.78,0.47,0.316,19.99,20.87,20.18,2
1220,23.48,59.6,400.0,275.0,0,1,0.58,0.69,0.88,0.338,24.39,23.71,23.63,2
1221,24.72,46.4,599.0,317.0,1,0,0.08,0.62,0.46,0.302,25.39,25.5,24.55,2
1222,22.66,59.7,400.0,216.0,0,1,0.76,0.37,0.53,0.228,22.8,23.72,22.49,2
1223,21.72,48.1,436.0,531.0,1,1,0.6,0.24,0.7,0.128,22.72,21.89,21.9,3
1224,23.62,50.4,400.0,316.0,0,0,0.5,0.06,0.52,0.392,23.25,24.17,23.22,0
1225,24.23,55.5,400.0,504.0,0,1,0.73,0.09,0.08,0.158,24.5,23.99,24.32,3
1226,21.17,55.0,550.0,455.0,1,0,0.36,0.24,0.68,0.226,21.24,21.43,21.59,4
1227,24.86,57.6,400.0,611.0,0,1,0.84,0.17,0.41,0.115,24.73,24.27,25.25,3
1228,22.53,44.7,626.0,201.0,1,1,0.87,0.48,0.89,0.326,21.37,22.56,22.7,2
1229,20.87,40.4,400.0,464.0,0,1,0.33,0.45,0.2,0.174,21.22,20.7,20.19,1
1230,22.96,54.9,686.0,340.0,1,0,0.96,0.18,0.14,0.297,22.58,23.46,22.83,2
1231,24.01,48.1,400.0,546.0,0,1,0.6,0.85,0.3,0.191,23.3,23.78,23.95,2
1232,20.86,53.9,515.0,499.0,1,1,0.13,0.72,0.22,0.391,20.98,21.67,21.12,3
1233,24.94,42.4,549.0,507.0,1,0,0.99,0.82,0.02,0.112,25.59,25.12,25.42,2
1234,22.83,46.6,616.0,611.0,1,1,0.28,0.91,0.43,0.291,23.38,21.57,22.82,2
1235,24.02,44.1,400.0,574.0,0,1,0.17,0.27,0.78,0.11,23.35,23.27,23.57,2
1236,22.03,40.5,400.0,690.0,0,1,0.23,0.33,0.96,0.354,22.23,22.34,22.18,2
1237,24.15,47.0,400.0,517.0,0,0,0.91,0.72,0.57,0.142,25.24,24.06,23.94,2
1238,20.33,50.1,453.0,333.0,1,1,0.3,0.17,0.67,0.339,20.21,20.29,20.18,2
1239,23.87,41.0,402.0,655.0,1,1,0.83,0.25,0.83,0.13,23.79,22.57,23.97,0
1240,24.99,56.3,589.0,556.0,1,1,0.57,0.62,0.16,0.386,24.72,25.73,25.07,0
1241,20.53,49.6,400.0,206.0,0,1,0.64,0.45,0.7,0.388,21.49,21.23,20.31,0
1242,23.84,50.0,400.0,674.0,0,0,0.76,0.31,0.17,0.156,24.39,24.37,23.96,3
1243,24.04,41.5,400.0,203.0,0,1,0.5,0.63,0.27,0.301,23.62,24.65,24.17,3
1244,21.13,44.2,677.0,494.0,1,0,0.56,0.23,0.33,0.258,20.81,21.27,21.12,3
1245,20.71,42.3,419.0,629.0,1,0,0.38,0.43,0.71,0.314,20.02,20.3,20.46,1
1246,22.28,47.2,529.0,223.0,1,1,0.99,0.58,0.82,0.145,21.75,22.46,22.16,2
1247,22.59,56.4,400.0,428.0,0,1,0.25,0.36,0.58,0.11,22.75,23.56,22.45,2
1248,21.02,54.5,400.0,490.0,0,1,0.67,0.9,0.46,0.332,21.15,22.23,20.8,2
1249,21.75,43.6,586.0,524.0,1,1,0.96,0.29,0.67,0.258,21.76,21.54,21.88,4
1250,24.05,59.8,671.0,252.0,1,1,0.39,0.19,0.26,0.222,24.41,23.59,24.04,1
1251,22.92,47.9,400.0,207.0,0,0,0.04,0.93,0.11,0.145,22.33,22.48,23.24,2
1252,20.29,41.7,400.0,523.0,0,0,0.91,0.96,0.61,0.299,21.1,20.51,19.94,2
1253,24.41,41.9,617.0,216.0,1,0,0.06,0.45,0.96,0.177,24.72,25.78,24.59,2
1254,20.8,50.5,400.0,607.0,0,0,0.17,0.47,0.69,0.186,20.72,19.35,20.86,3
1255,23.97,49.2,400.0,537.0,0,0,0.39,0.2,0.64,0.304,23.75,24.11,24.43,0
1256,21.18,58.6,400.0,643.0,0,0,0.43,0.74,0.31,0.124,21.42,21.43,21.01,3
1257,21.01,58.5,400.0,445.0,0,1,0.39,0.77,0.26,0.307,20.2,20.49,21.0,2
1258,24.91,43.5,400.0,635.0,0,0,0.32,0.11,0.94,0.289,24.8,24.69,25.21,2
1259,21.05,54.5,400.0,291.0,0,0,0.32,0.02,0.34,0.209,21.45,21.83,21.09,2
1260,22.87,41.7,400.0,677.0,0,0,0.6,0.37,0.99,0.321,22.76,22.62,23.11,2
1261,20.12,59.0,666.0,486.0,1,1,0.29,0.01,0.63,0.337,19.93,21.35,19.94,3
1262,20.79,47.6,484.0,310.0,1,1,0.64,0.57,0.02,0.146,20.97,19.69,20.61,2
1263,20.68,43.1,400.0,334.0,0,1,0.24,0.12,0.63,0.215,20.99,20.91,20.74,1
1264,21.83,55.4,483.0,467.0,1,1,0.01,0.24,0.15,0.314,21.91,21.28,22.0,4
1265,23.3,55.8,647.0,272.0,1,1,0.06,0.57,0.67,0.399,22.99,23.27,23.59,3
1266,21.36,42.9,609.0,564.0,1,0,0.9,0.74,0.21,0.289,22.05,21.27,21.19,2
1267,22.49,50.8,583.0,265.0,1,0,0.71,0.89,0.26,0.351,22.8,22.65,22.32,4
1268,21.59,50.0,400.0,355.0,0,0,0.04,0.19,0.83,0.137,22.08,20.9,21.84,2
1269,20.68,51.6,400.0,271.0,0,0,0.68,0.82,0.05,0.17,19.9,21.91,20.68,1
1270,23.94,44.8,581.0,223.0,1,1,0.38,0.08,0.95,0.303,23.66,25.84,24.16,2
1271,22.81,51.0,400.0,649.0,0,1,0.16,0.48,0.14,0.151,22.83,22.56,22.53,3
1272,20.81,42.9,400.0,674.0,0,0,0.02,0.2,0.75,0.31,21.56,20.32,20.55,3
1273,23.98,43.7,400.0,606.0,0,1,0.21,0.6,0.75,0.15,22.96,23.87,24.02,2
1274,24.13,57.8,400.0,491.0,0,1,0.22,0.28,0.1,0.339,24.54,23.71,23.98,3
1275,23.1,51.2,594.0,549.0,1,1,0.41,0.31,0.82,0.203,22.98,23.69,23.29,1
1276,21.87,47.9,532.0,453.0,1,0,0.38,0.84,0.17,0.231,21.04,22.85,21.74,1
1277,20.48,55.6,400.0,470.0,0,1,0.36,0.81,0.09,0.196,20.48,19.44,20.74,0
1278,22.15,53.9,532.0,220.0,1,0,1.0,0.94,0.23,0.384,22.15,20.97,22.33,2
1279,22.45,45.6,662.0,247.0,1,0,0.41,0.9,0.08,0.197,22.97,23.89,22.67,3
1280,20.89,49.4,400.0,362.0,0,0,0.17,0.95,0.57,0.219,21.84,21.47,19.83,2
1281,21.96,42.3,483.0,618.0,1,1,0.77,0.72,0.73,0.313,21.37,22.95,21.7,3
1282,21.91,51.7,400.0,627.0,0,0,0.99,0.58,0.68,0.317,21.12,21.32,21.85,3
1283,20.03,46.8,623.0,656.0,1,1,0.58,0.01,0.48,0.202,20.75,19.9,19.89,2
1284,21.03,47.6,653.0,690.0,1,1,0.18,0.98,0.07,0.345,21.1,20.81,21.2,2
1285,22.66,48.0,509.0,641.0,1,0,0.02,0.42,0.67,0.173,22.83,23.01,22.37,1
1286,24.29,49.6,400.0,468.0,0,0,0.04,0.95,0.92,0.386,24.26,25.15,24.34,3
1287,21.4,49.2,400.0,648.0,0,1,0.66,0.31,0.16,0.366,21.37,20.99,21.87,2
1288,24.68,45.3,400.0,528.0,0,1,0.06,0.44,0.33,0.363,25.62,24.24,23.84,2
1289,24.25,43.5,529.0,423.0,1,0,0.06,0.32,0.34,0.129,24.06,23.86,24.54,3
1290,20.04,42.3,696.0,501.0,1,1,0.4,0.01,0.76,0.252,20.99,20.91,20.31,2
1291,24.5,57.6,538.0,594.0,1,0,0.11,0.17,0.49,0.114,24.55,25.41,24.96,2
1292,24.94,59.6,472.0,317.0,1,1,0.1,0.54,0.72,0.141,24.63,25.87,25.21,4
1293,21.32,45.2,400.0,385.0,0,0,0.38,0.75,0.17,0.334,21.16,21.69,21.63,1
1294,22.45,47.8,451.0,274.0,1,1,0.51,0.04,0.24,0.308,23.15,22.96,22.45,2
1295,22.26,57.2,400.0,287.0,0,1,0.96,0.73,0.77,0.215,22.77,23.58,22.28,2
1296,22.75,54.9,677.0,571.0,1,0,0.35,0.96,0.15,0.359,23.17,23.18,22.67,2
1297,21.81,46.6,400.0,383.0,0,1,0.78,0.07,0.22,0.283,22.29,22.14,22.05,2
1298,23.89,41.7,552.0,517.0,1,0,0.21,0.95,0.15,0.147,23.57,24.31,24.13,2
1299,20.44,57.9,586.0,518.0,1,0,0.49,0.37,0.6,0.31,20.6,20.52,20.59,2
1300,21.74,55.6,400.0,451.0,0,0,0.37,0.74,0.44,0.347,21.5,21.84,21.45,3
1301,24.08,50.6,400.0,380.0,0,1,0.56,0.96,0.7,0.357,24.16,25.57,24.26,4
1302,20.28,45.6,411.0,609.0,1,0,0.84,0.56,0.01,0.103,20.16,20.14,20.38,1
1303,24.62,47.1,635.0,508.0,1,0,0.03,0.44,0.66,0.367,24.53,25.37,24.16,2
1304,23.6,52.3,609.0,699.0,1,1,0.35,0.79,0.7,0.163,23.54,22.38,23.5,2
1305,21.55,49.5,537.0,259.0,1,1,0.36,0.84,0.46,0.24,21.38,20.56,21.89,2
1306,22.25,57.4,400.0,576.0,0,0,0.09,0.58,0.87,0.313,22.99,22.6,22.08,2
1307,21.83,56.8,400.0,314.0,0,1,0.14,0.17,0.47,0.175,21.6,22.27,21.99,2
1308,21.85,57.8,400.0,424.0,0,1,0.58,0.61,0.33,0.257,21.85,22.54,22.09,2
1309,21.4,48.5,400.0,488.0,0,1,0.89,0.83,0.03,0.223,21.33,20.4,21.27,2
1310,22.37,51.0,652.0,384.0,1,1,0.9,0.3,0.03,0.155,22.07,22.98,21.96,1
1311,23.55,44.7,698.0,590.0,1,0,0.16,0.03,0.95,0.131,24.37,24.27,23.31,1
1312,23.21,56.0,400.0,215.0,0,0,0.2,0.9,0.95,0.292,23.58,23.74,23.31,2
1313,21.43,45.0,400.0,495.0,0,0,0.53,0.96,0.95,0.114,21.58,20.3,21.66,2
1314,21.43,44.7,400.0,581.0,0,1,0.78,0.82,0.54,0.157,20.9,21.96,21.57,2
1315,20.47,55.5,400.0,208.0,0,1,0.08,0.0,0.68,0.21,19.99,20.52,20.04,3
1316,20.05,51.7,624.0,338.0,1,1,0.93,0.68,0.58,0.265,19.88,19.36,20.32,3
1317,22.69,44.5,400.0,405.0,0,1,0.58,0.58,0.8,0.373,22.47,21.96,22.73,2
1318,24.2,56.0,400.0,645.0,0,0,0.59,0.98,0.73,0.263,24.03,24.18,24.4,2
1319,23.38,53.0,400.0,471.0,0,1,0.29,0.67,0.75,0.102,23.28,23.45,23.45,2
1320,20.65,52.9,400.0,505.0,0,0,0.75,0.53,0.07,0.246,20.21,20.98,20.15,1
1321,20.02,56.8,400.0,414.0,0,0,0.71,0.8,0.93,0.228,18.99,20.91,19.77,2
1322,23.51,41.6,400.0,532.0,0,1,0.71,0.77,0.35,0.25,22.83,23.22,23.74,4
1323,24.01,52.1,400.0,452.0,0,1,0.48,0.21,0.29,0.317,23.3,24.99,24.01,2
1324,20.15,47.1,400.0,628.0,0,1,0.82,0.05,0.51,0.16,20.58,19.5,20.21,2
1325,23.9,42.4,400.0,249.0,0,1,0.42,0.6,0.01,0.313,24.9,23.9,23.68,0
1326,23.12,52.2,612.0,554.0,1,0,0.46,0.76,0.46,0.276,23.39,22.7,22.99,2
1327,22.88,50.6,489.0,592.0,1,0,0.03,0.85,0.05,0.236,22.45,22.46,22.79,1
1328,20.46,40.2,400.0,650.0,0,0,0.34,0.4,0.92,0.278,20.16,21.44,20.87,2
1329,21.96,40.6,606.0,236.0,1,0,0.04,0.54,0.5,0.116,21.61,23.27,21.78,2
1330,21.99,59.1,400.0,459.0,0,0,0.17,0.53,0.39,0.226,22.37,22.86,22.26,2
1331,21.56,40.8,400.0,448.0,0,0,0.99,0.65,0.96,0.359,20.87,20.74,21.87,2
1332,20.05,40.1,400.0,652.0,0,0,0.13,0.02,0.5,0.101,20.21,19.72,19.84,2
1333,22.88,52.7,400.0,440.0,0,0,0.14,0.95,0.8,0.2,22.57,23.52,22.68,2
1334,21.91,58.8,400.0,217.0,0,1,0.26,0.72,0.5,0.302,22.22,21.52,22.09,2
1335,23.59,49.3,627.0,387.0,1,0,0.1,0.4,0.12,0.388,23.82,22.71,23.45,2
1336,23.65,51.8,575.0,320.0,1,1,0.08,0.27,0.5,0.283,24.27,25.92,23.63,3
1337,21.54,45.7,400.0,344.0,0,1,0.01,0.56,0.35,0.265,22.45,20.71,21.61,4
1338,23.72,52.5,538.0,244.0,1,0,0.1,0.43,0.17,0.349,23.73,24.98,23.77,3
1339,24.44,44.5,528.0,546.0,1,1,0.36,0.96,0.65,0.272,24.16,25.39,24.69,2
1340,24.35,48.0,400.0,537.0,0,0,0.69,0.61,0.82,0.106,24.25,23.6,23.76,2
1341,22.88,43.3,519.0,400.0,1,0,0.07,0.95,0.08,0.2,23.29,21.67,22.6,2
1342,24.19,58.0,400.0,619.0,0,0,0.2,0.55,0.94,0.375,24.53,24.24,24.62,2
1343,20.76,57.4,400.0,523.0,0,0,0.29,0.96,0.19,0.349,20.53,20.5,20.83,1
1344,20.31,42.2,400.0,380.0,0,0,0.29,0.68,0.32,0.337,19.67,20.31,20.58,3
1345,22.24,50.8,400.0,406.0,0,0,0.25,0.5,0.01,0.362,21.46,21.57,21.75,2
1346,21.05,51.5,400.0,351.0,0,0,0.81,0.73,0.28,0.165,21.41,20.95,20.91,3
1347,20.33,52.4,601.0,242.0,1,0,0.55,0.11,0.73,0.159,19.92,21.16,20.49,2
1348,21.63,47.1,522.0,575.0,1,1,0.56,0.75,0.08,0.25,20.93,21.44,21.45,2
1349,22.74,54.8,400.0,538.0,0,1,0.73,0.16,0.58,0.336,22.64,22.48,23.2,2
1350,20.28,51.2,603.0,511.0,1,1,0.88,0.67,0.01,0.269,20.0,18.94,20.4,2
1351,23.0,50.7,400.0,681.0,0,0,0.18,0.03,0.37,0.143,22.6,23.81,23.57,3
1352,24.98,40.1,400.0,522.0,0,0,0.75,0.97,0.11,0.364,24.54,23.78,25.05,2
1353,22.9,48.2,692.0,630.0,1,0,0.81,0.36,0.92,0.391,23.41,23.31,23.07,4
1354,23.96,44.4,400.0,464.0,0,1,0.05,0.67,0.1,0.282,24.63,23.57,23.94,3
1355,22.17,43.7,468.0,524.0,1,0,0.01,0.61,0.41,0.151,22.44,22.98,22.19,1
1356,20.8,57.3,498.0,460.0,1,0,0.08,0.46,0.47,0.171,20.74,20.75,20.64,2
1357,24.43,40.5,400.0,369.0,0,1,0.19,0.8,0.53,0.205,24.12,24.87,24.52,1
1358,21.7,47.4,476.0,398.0,1,1,0.13,0.11,0.65,0.137,21.58,21.24,21.78,2
1359,21.63,46.6,507.0,255.0,1,1,0.13,0.1,0.18,0.272,21.86,21.54,21.64,2
1360,24.91,55.9,400.0,351.0,0,1,0.91,0.06,0.74,0.397,24.82,25.64,24.48,0
1361,23.47,50.2,400.0,281.0,0,1,0.39,0.18,0.89,0.292,23.93,22.8,23.6,2
1362,23.87,55.1,442.0,565.0,1,0,0.09,0.54,0.23,0.117,22.57,23.9,24.36,2
1363,20.14,42.2,400.0,307.0,0,0,0.85,0.7,0.73,0.123,19.66,19.72,20.25,2
1364,23.56,51.8,400.0,270.0,0,0,0.92,0.66,0.14,0.156,23.93,23.2,23.73,2
1365,23.66,56.5,484.0,356.0,1,0,0.59,0.39,0.4,0.228,24.22,22.96,23.44,2
1366,22.81,40.6,488.0,200.0,1,0,0.99,0.21,0.48,0.354,22.35,23.83,22.91,3
1367,22.25,41.0,506.0,337.0,1,0,0.07,0.67,0.96,0.192,21.71,22.41,22.27,2
1368,23.06,56.9,491.0,684.0,1,0,0.44,0.52,0.11,0.181,22.86,21.72,22.82,0
1369,22.98,58.3,607.0,596.0,1,1,0.54,0.75,0.97,0.319,23.23,23.42,22.79,4
1370,24.15,55.3,484.0,615.0,1,1,0.64,0.77,0.33,0.395,24.01,25.1,24.07,2
1371,23.72,45.3,575.0,386.0,1,0,0.23,0.52,0.03,0.371,23.16,24.03,23.91,2
1372,24.94,56.6,400.0,419.0,0,1,0.78,0.25,0.53,0.234,25.51,25.72,24.68,3
1373,20.08,54.1,400.0,221.0,0,1,0.46,0.2,0.44,0.338,19.94,19.61,19.74,1
1374,23.83,48.1,433.0,375.0,1,0,0.46,0.2,0.21,0.231,23.49,23.91,23.81,2
1375,20.25,54.9,400.0,639.0,0,0,0.89,0.84,0.54,0.175,19.81,20.41,20.34,3
1376,20.02,47.9,694.0,517.0,1,1,0.15,0.26,0.24,0.144,19.4,19.48,20.24,2
1377,20.24,55.6,544.0,546.0,1,0,0.59,0.55,0.33,0.123,20.24,20.64,20.17,2
1378,24.09,43.6,524.0,390.0,1,1,0.3,0.54,0.96,0.317,24.55,24.61,23.81,1
1379,24.92,52.6,616.0,492.0,1,0,0.06,0.3,0.05,0.138,25.38,23.28,24.73,2
1380,24.66,45.8,400.0,647.0,0,1,0.68,0.76,0.06,0.278,24.69,23.6,24.33,2
1381,20.42,56.3,639.0,690.0,1,0,0.72,0.62,0.34,0.172,21.48,21.38,20.19,2
1382,24.02,46.8,433.0,261.0,1,1,0.92,0.05,0.77,0.28,24.56,23.32,24.14,2
1383,20.08,44.7,592.0,358.0,1,1,0.01,0.47,0.51,0.328,19.67,20.23,20.18,3
1384,23.46,54.0,691.0,572.0,1,0,0.48,0.97,0.75,0.129,23.54,22.97,23.66,2
1385,20.85,44.5,400.0,610.0,0,1,0.72,0.55,0.76,0.141,21.59,21.48,20.88,2
1386,21.63,42.3,400.0,563.0,0,0,0.64,0.55,0.36,0.276,21.0,21.28,21.75,3
1387,24.47,57.7,400.0,700.0,0,1,0.32,0.16,0.63,0.25,24.52,24.28,24.21,2
1388,23.16,48.9,400.0,343.0,0,1,0.16,0.13,0.5,0.216,24.01,23.99,23.18,1
1389,23.43,51.2,400.0,543.0,0,0,0.43,0.96,0.82,0.34,22.87,22.45,24.08,2
1390,24.8,40.3,691.0,490.0,1,1,0.25,0.17,0.93,0.325,23.65,25.7,25.59,2
1391,22.34,44.2,616.0,554.0,1,1,0.05,0.03,0.51,0.363,22.39,21.92,22.21,2
1392,24.72,41.5,400.0,373.0,0,1,0.71,0.82,0.58,0.336,25.16,26.59,24.87,2
1393,23.76,45.4,597.0,258.0,1,0,0.34,0.14,0.98,0.319,23.91,23.73,23.34,4
1394,21.64,57.7,403.0,246.0,1,0,0.76,0.27,0.24,0.256,21.59,21.58,22.08,2
1395,24.21,50.5,477.0,243.0,1,0,0.91,0.22,0.63,0.328,23.77,24.01,23.94,2
1396,20.5,46.9,400.0,590.0,0,0,0.92,0.5,0.49,0.161,20.43,19.73,20.46,2
1397,23.33,47.1,400.0,274.0,0,1,0.41,0.57,0.26,0.109,22.82,22.85,23.35,2
1398,23.01,42.6,510.0,515.0,1,1,0.73,0.9,0.93,0.199,22.63,22.72,23.21,2
1399,22.49,50.7,400.0,375.0,0,1,0.3,0.99,0.61,0.145,22.86,22.87,22.62,4
1400,23.11,47.1,400.0,539.0,0,1,0.95,0.19,0.05,0.341,22.37,23.9,23.3,2
1401,23.71,52.7,530.0,470.0,1,0,0.49,0.41,0.58,0.145,23.14,24.21,23.05,3
1402,22.08,42.8,570.0,657.0,1,0,0.34,0.25,0.44,0.388,23.01,21.84,21.77,2
1403,23.98,51.9,400.0,398.0,0,1,0.16,0.64,0.6,0.316,23.55,24.24,23.9,2
1404,23.47,51.0,634.0,611.0,1,1,0.05,0.47,0.99,0.335,23.55,21.11,23.4,2
1405,23.93,51.1,400.0,324.0,0,1,0.01,0.57,0.57,0.318,23.32,25.09,23.97,2
1406,21.82,49.1,400.0,569.0,0,0,0.71,0.01,0.9,0.319,22.14,22.47,21.87,2
1407,20.11,48.2,654.0,358.0,1,1,0.35,0.62,0.81,0.141,20.13,20.01,20.12,2
1408,20.66,59.2,400.0,450.0,0,1,0.63,0.83,0.47,0.106,21.2,21.9,20.68,2
1409,22.17,50.1,400.0,351.0,0,1,0.72,0.45,0.32,0.348,22.25,22.98,21.97,2
1410,23.32,52.0,400.0,620.0,0,1,0.49,0.34,0.71,0.228,23.14,22.9,23.55,3
1411,22.04,56.9,457.0,292.0,1,0,0.01,0.69,0.48,0.292,21.72,21.14,21.46,3
1412,24.13,45.4,520.0,272.0,1,0,0.24,0.15,0.51,0.363,23.8,23.94,24.36,3
1413,21.19,49.8,695.0,698.0,1,1,0.42,0.02,0.87,0.349,20.77,21.34,20.84,2
1414,22.24,56.7,540.0,517.0,1,1,0.19,0.21,0.92,0.221,22.21,21.73,21.81,3
1415,21.41,58.6,655.0,478.0,1,1,0.62,0.53,0.55,0.296,21.56,22.46,20.82,1
1416,20.24,55.6,610.0,356.0,1,1,0.11,0.37,0.12,0.231,20.36,19.41,19.96,3
1417,23.96,57.9,400.0,218.0,0,1,0.55,0.97,0.32,0.139,23.71,23.03,23.96,0
1418,23.73,53.3,417.0,661.0,1,1,0.5,0.16,0.73,0.325,22.9,24.52,23.39,2
1419,24.65,56.8,632.0,655.0,1,1,0.23,0.54,0.15,0.167,24.74,24.5,24.91,4
1420,23.79,41.4,618.0,612.0,1,1,0.29,0.49,0.72,0.181,24.9,23.96,23.84,2
1421,23.27,41.0,400.0,502.0,0,0,0.54,0.25,0.85,0.346,23.49,22.98,22.99,2
1422,24.37,55.8,569.0,626.0,1,1,0.21,0.5,0.26,0.337,24.65,25.73,24.09,1
1423,21.55,59.5,400.0,591.0,0,0,0.68,0.5,0.22,0.175,21.5,21.69,21.47,1
1424,24.07,40.4,400.0,216.0,0,1,0.81,0.69,0.14,0.194,24.2,24.37,24.06,1
1425,20.38,42.6,538.0,231.0,1,1,0.24,0.8,0.44,0.212,20.24,21.47,20.34,1
1426,21.74,52.3,400.0,541.0,0,0,0.42,0.59,0.34,0.144,21.69,21.45,20.83,2
1427,22.75,50.1,400.0,560.0,0,0,0.59,0.74,0.07,0.365,22.45,23.04,22.97,2
1428,22.55,40.8,600.0,620.0,1,1,0.75,0.63,0.59,0.11,22.59,22.41,22.67,2
1429,22.2,44.2,507.0,406.0,1,0,0.67,0.34,0.32,0.286,22.0,22.3,22.0,2
1430,20.1,53.9,400.0,615.0,0,1,0.14,0.52,0.37,0.38,20.87,20.86,20.22,3
1431,23.85,54.5,543.0,674.0,1,0,0.44,0.81,0.71,0.124,24.05,23.46,24.16,2
1432,22.35,46.4,471.0,482.0,1,1,0.55,0.33,0.05,0.109,22.53,23.18,22.09,4
1433,20.33,48.5,662.0,688.0,1,1,0.34,0.04,0.47,0.267,20.03,19.73,20.0,2
1434,23.57,48.3,400.0,267.0,0,1,0.65,0.82,0.13,0.15,23.77,23.66,23.34,2
1435,22.51,52.6,400.0,463.0,0,1,0.07,0.66,0.84,0.383,22.27,23.95,22.68,0
1436,24.18,56.9,400.0,601.0,0,0,0.19,0.92,0.93,0.267,24.02,23.96,24.21,1
1437,21.17,41.5,400.0,287.0,0,0,0.1,0.15,0.03,0.156,20.55,21.42,21.67,2
1438,20.32,56.3,400.0,439.0,0,0,0.61,0.19,1.0,0.129,19.89,21.09,20.51,3
1439,20.23,56.3,690.0,209.0,1,0,0.67,0.31,0.64,0.107,20.34,19.94,20.74,2
1440,21.48,56.9,511.0,526.0,1,1,0.12,0.97,0.79,0.297,21.46,21.51,21.28,2
1441,20.92,45.2,400.0,303.0,0,0,0.28,0.74,0.7,0.37,21.06,21.74,20.99,0
1442,24.27,49.1,400.0,456.0,0,0,0.4,0.33,0.61,0.243,23.67,24.83,23.91,3
1443,23.95,59.4,400.0,232.0,0,0,0.97,0.6,0.79,0.398,24.15,25.24,24.16,3
1444,21.67,50.3,400.0,417.0,0,0,0.01,0.45,0.22,0.105,21.6,21.88,21.82,2
1445,20.62,55.8,671.0,303.0,1,1,0.95,0.13,0.99,0.396,20.88,21.56,20.28,1
1446,24.83,47.6,586.0,454.0,1,0,0.29,0.55,0.23,0.115,24.82,25.8,24.92,2
1447,20.89,51.0,400.0,503.0,0,1,0.57,0.02,0.96,0.33,21.37,20.21,20.74,2
1448,20.27,41.7,403.0,327.0,1,0,0.35,0.17,0.3,0.307,20.37,19.75,20.56,1
1449,20.61,48.4,454.0,221.0,1,1,0.05,0.89,0.87,0.384,21.22,21.1,21.07,2
1450,20.87,40.3,400.0,694.0,0,1,0.9,0.41,0.74,0.287,20.84,19.87,20.66,2
1451,24.18,46.9,614.0,325.0,1,1,0.6,0.34,0.04,0.107,24.14,23.66,24.04,2
1452,23.46,49.0,400.0,290.0,0,0,0.53,0.64,0.49,0.382,23.69,23.98,23.12,2
1453,23.38,51.3,454.0,212.0,1,1,0.35,0.75,0.4,0.19,23.64,25.19,23.08,3
1454,20.37,47.2,417.0,529.0,1,1,0.63,0.48,0.08,0.269,20.11,19.11,20.49,2
1455,20.48,41.6,404.0,214.0,1,1,0.02,0.38,0.42,0.167,19.58,21.31,20.51,3
1456,23.46,50.3,400.0,401.0,0,0,0.88,0.34,0.32,0.371,23.16,24.83,23.29,4
1457,20.87,55.0,484.0,257.0,1,0,0.07,0.27,0.45,0.377,21.01,19.8,21.02,3
1458,23.41,47.6,400.0,643.0,0,0,0.77,0.95,0.47,0.378,23.32,24.51,23.59,2
1459,21.77,58.7,501.0,633.0,1,1,0.04,0.51,0.95,0.35,21.88,22.31,21.81,2
1460,21.59,49.6,512.0,510.0,1,1,0.48,0.54,0.55,0.174,20.81,22.44,21.68,1
1461,22.11,44.3,400.0,540.0,0,0,0.54,0.8,0.97,0.145,22.34,23.03,21.96,3
1462,22.39,47.2,400.0,334.0,0,0,0.04,0.04,0.14,0.197,22.24,21.64,22.13,0
1463,20.87,51.6,475.0,363.0,1,0,0.19,0.65,0.49,0.331,21.46,22.71,21.06,0
1464,21.15,43.4,400.0,203.0,0,0,0.05,0.46,0.97,0.26,20.55,20.88,21.44,2
1465,24.76,50.7,491.0,524.0,1,0,0.83,0.01,0.25,0.144,24.73,23.25,24.11,2
1466,23.81,46.7,457.0,342.0,1,1,0.51,0.55,0.1,0.342,24.41,23.64,24.4,3
1467,22.13,53.8,492.0,251.0,1,0,0.81,0.92,0.78,0.378,22.58,21.71,22.34,3
1468,23.14,44.2,400.0,400.0,0,0,0.72,0.96,0.68,0.343,23.55,21.9,23.17,4
1469,23.31,47.0,400.0,696.0,0,1,0.63,0.87,0.09,0.143,22.71,24.09,23.53,2
1470,24.37,58.6,450.0,379.0,1,0,0.13,0.82,0.46,0.12,23.44,24.41,24.54,2
1471,23.84,59.9,400.0,229.0,0,0,0.43,0.14,0.82,0.264,23.83,23.14,24.01,0
1472,24.73,43.3,400.0,540.0,0,0,0.54,0.07,0.5,0.194,24.66,25.38,24.5,3
1473,21.94,49.4,545.0,291.0,1,0,0.44,0.6,0.43,0.122,22.47,21.24,21.86,2
1474,24.37,46.1,400.0,528.0,0,0,0.07,0.67,0.79,0.267,24.26,25.11,24.57,3
1475,21.57,57.5,694.0,660.0,1,0,0.39,0.05,0.01,0.169,21.86,21.43,21.54,0
1476,24.67,47.8,400.0,634.0,0,1,0.77,0.94,0.53,0.299,25.18,26.11,24.99,2
1477,24.41,54.5,625.0,416.0,1,0,0.52,0.77,0.91,0.318,24.93,24.66,24.12,3
1478,23.75,58.3,604.0,399.0,1,1,0.79,0.36,0.18,0.284,24.1,23.83,23.93,0
1479,20.65,51.5,400.0,597.0,0,1,0.69,0.78,0.21,0.367,20.51,20.58,20.89,2
1480,23.16,40.3,400.0,334.0,0,0,0.47,0.96,0.67,0.265,23.81,24.14,22.82,3
1481,24.44,56.6,457.0,559.0,1,1,0.6,0.6,0.28,0.214,24.36,23.19,25.0,3
1482,22.19,43.7,400.0,636.0,0,1,0.08,0.96,0.58,0.116,22.59,22.26,22.46,2
1483,24.25,51.3,400.0,305.0,0,0,0.18,0.79,0.97,0.102,24.6,23.37,24.34,1
1484,24.92,46.2,682.0,365.0,1,1,0.81,0.51,0.26,0.286,25.64,24.64,24.13,2
1485,21.44,58.1,420.0,309.0,1,0,0.44,0.0,0.79,0.153,21.43,20.49,21.21,1
1486,21.77,50.0,433.0,676.0,1,0,0.28,0.96,0.49,0.164,20.99,21.26,21.88,4
1487,23.91,45.1,500.0,341.0,1,0,0.62,0.45,0.88,0.39,24.15,23.86,23.43,2
1488,24.9,55.3,645.0,620.0,1,0,0.21,0.95,0.17,0.201,24.45,26.77,24.92,2
1489,22.15,57.1,559.0,475.0,1,1,0.12,0.39,0.73,0.206,23.08,23.9,22.21,2
1490,23.74,57.4,400.0,434.0,0,0,0.42,0.3,0.14,0.309,23.56,24.21,23.69,4
1491,22.92,48.5,694.0,393.0,1,0,0.18,0.98,0.47,0.208,22.4,23.37,22.78,2
1492,20.4,55.1,400.0,434.0,0,0,0.15,0.75,0.96,0.205,20.69,20.61,20.67,2
1493,22.97,52.4,400.0,204.0,0,0,0.45,0.04,0.73,0.116,22.38,22.5,23.06,2
1494,21.24,58.6,400.0,222.0,0,0,0.11,0.15,0.72,0.129,22.04,22.06,20.91,2
1495,21.45,41.3,400.0,645.0,0,1,0.24,0.37,0.26,0.262,21.88,20.54,21.1,0
1496,23.93,53.6,653.0,456.0,1,1,0.82,0.43,0.95,0.257,24.87,23.55,23.9,2
1497,21.34,52.2,400.0,349.0,0,1,0.81,0.2,0.5,0.322,20.65,19.39,21.05,2
1498,23.42,40.9,400.0,633.0,0,0,0.81,0.16,0.79,0.325,24.12,23.21,24.01,2
1499,24.05,49.5,633.0,577.0,1,1,0.87,0.16,0.98,0.13,23.77,23.39,24.28,2
1500,23.45,49.3,523.0,304.0,1,1,0.24,0.19,0.36,0.208,23.5,25.09,22.9,2
1501,23.77,56.0,400.0,335.0,0,0,0.87,0.84,0.86,0.351,24.14,25.33,23.56,0
1502,20.47,50.3,400.0,379.0,0,0,0.2,0.18,0.24,0.21,20.62,20.92,20.52,2
1503,21.93,56.3,400.0,470.0,0,0,0.82,0.94,0.59,0.355,22.0,21.88,21.97,2
1504,20.39,43.4,478.0,426.0,1,0,0.6,0.85,0.03,0.21,19.54,19.49,20.38,0
1505,22.27,59.8,400.0,418.0,0,0,0.8,0.32,1.0,0.12,22.79,23.83,22.5,0
1506,23.24,45.7,400.0,680.0,0,0,0.53,0.72,0.25,0.344,22.87,23.45,23.62,3
1507,23.42,52.2,400.0,516.0,0,1,0.54,0.23,0.46,0.357,23.96,23.74,23.3,2
1508,20.66,54.9,400.0,212.0,0,1,0.12,0.79,0.75,0.131,20.16,20.3,20.51,0
1509,23.75,50.3,400.0,528.0,0,0,0.07,0.15,0.63,0.323,23.73,23.01,23.99,4
1510,24.53,46.4,544.0,662.0,1,0,0.35,0.83,0.86,0.271,24.61,24.02,24.7,2
1511,23.63,48.3,579.0,416.0,1,0,0.5,0.51,0.1,0.244,23.96,24.29,23.77,2
1512,20.51,52.3,400.0,509.0,0,1,0.47,0.99,0.4,0.315,21.34,19.66,20.26,2
1513,21.96,48.9,627.0,425.0,1,1,0.63,0.99,0.67,0.18,21.17,21.37,21.96,3
1514,23.0,57.8,604.0,391.0,1,1,0.92,0.83,0.9,0.21,23.53,22.99,23.09,2
1515,22.16,49.7,587.0,596.0,1,1,0.3,0.43,0.68,0.145,22.22,21.12,22.3,2
1516,23.37,47.6,400.0,531.0,0,1,0.3,0.4,0.29,0.152,23.57,24.22,23.15,2
1517,21.11,55.1,681.0,434.0,1,0,0.26,0.82,0.99,0.37,20.87,21.01,21.39,2
1518,23.68,47.7,567.0,672.0,1,1,0.78,0.64,0.47,0.372,24.17,23.02,23.95,2
1519,20.71,46.1,627.0,420.0,1,1,0.95,1.0,0.16,0.379,21.02,22.35,21.16,4
1520,24.06,50.1,667.0,310.0,1,1,0.0,0.92,0.72,0.16,24.24,24.71,24.32,2
1521,24.96,53.3,400.0,696.0,0,1,0.38,0.99,0.92,0.337,24.24,23.52,24.86,2
1522,21.57,56.8,465.0,428.0,1,1,0.5,0.98,0.71,0.174,21.18,22.35,21.35,4
1523,20.28,47.3,400.0,638.0,0,1,0.12,0.39,0.75,0.109,21.06,19.74,20.31,2
1524,21.61,49.3,438.0,233.0,1,1,0.79,0.59,0.94,0.155,21.97,20.74,21.88,2
1525,21.16,50.3,400.0,230.0,0,0,0.38,0.16,0.03,0.159,21.34,20.87,21.22,2
1526,24.26,41.1,636.0,445.0,1,0,0.2,0.53,0.87,0.384,24.05,24.32,23.98,2
1527,22.72,40.1,400.0,531.0,0,0,0.28,0.27,0.31,0.308,23.18,22.47,22.5,2
1528,21.82,44.9,613.0,244.0,1,0,0.58,0.33,0.49,0.122,20.22,22.74,21.33,3
1529,22.52,57.3,537.0,518.0,1,0,0.97,0.34,0.4,0.298,22.84,20.31,22.36,2
1530,22.29,53.9,451.0,477.0,1,1,0.99,0.77,0.53,0.304,22.35,22.22,22.61,2
1531,21.2,53.0,539.0,431.0,1,0,0.13,0.01,0.62,0.3,21.41,20.6,21.17,2
1532,24.57,54.1,400.0,245.0,0,0,0.32,0.73,0.01,0.339,24.32,24.24,24.4,1
1533,24.32,55.3,400.0,332.0,0,1,0.98,0.88,0.58,0.389,23.99,24.18,24.67,0
1534,20.66,56.4,400.0,274.0,0,0,0.44,0.87,0.29,0.108,19.31,20.03,20.91,2
1535,24.29,49.1,400.0,302.0,0,0,0.97,0.83,0.47,0.186,23.19,24.7,24.54,3
1536,22.92,58.7,571.0,266.0,1,0,0.01,0.46,0.04,0.134,22.95,22.65,22.77,2
1537,23.65,59.0,400.0,231.0,0,0,0.14,0.57,0.63,0.15,24.13,23.61,23.55,2
1538,20.91,51.1,400.0,348.0,0,0,0.99,0.77,0.86,0.176,20.92,20.83,20.47,2
1539,22.62,46.9,400.0,423.0,0,1,0.54,0.56,0.95,0.119,22.98,21.47,22.43,2
1540,24.92,42.0,678.0,608.0,1,1,0.24,0.02,0.92,0.335,24.4,25.08,24.74,2
1541,21.88,50.6,400.0,521.0,0,0,0.77,0.12,0.34,0.205,21.33,21.81,22.35,2
1542,22.02,52.2,541.0,572.0,1,0,0.15,0.97,0.29,0.181,22.03,21.91,22.25,2
1543,20.44,50.9,400.0,352.0,0,0,0.42,0.2,0.29,0.279,20.17,19.9,20.24,3
1544,21.73,49.8,503.0,237.0,1,0,0.54,0.25,0.71,0.239,20.35,23.16,21.49,2
1545,21.34,45.0,630.0,645.0,1,1,0.56,0.81,0.11,0.134,21.46,22.64,21.08,2
1546,22.91,52.2,400.0,633.0,0,0,0.88,0.57,0.5,0.351,22.8,24.35,22.88,2
1547,24.25,42.6,400.0,307.0,0,1,0.53,0.86,0.49,0.101,24.15,24.9,24.59,2
1548,21.93,44.7,556.0,503.0,1,0,0.3,0.1,0.44,0.261,21.36,20.66,22.05,2
1549,24.54,57.6,400.0,272.0,0,0,0.04,0.79,0.86,0.328,24.98,24.38,24.82,2
1550,23.79,47.1,400.0,544.0,0,1,0.21,0.96,0.56,0.103,23.99,24.41,23.35,2
1551,23.21,47.8,400.0,618.0,0,0,0.59,0.21,0.21,0.317,23.0,23.09,23.32,2
1552,20.54,48.1,693.0,446.0,1,0,0.24,0.78,0.66,0.271,20.51,19.19,20.53,2
1553,22.88,41.6,400.0,498.0,0,0,0.04,0.32,0.6,0.254,22.84,21.55,23.5,2
1554,20.8,43.9,663.0,580.0,1,0,0.09,0.63,0.75,0.273,20.8,21.34,21.07,2
1555,20.3,45.6,699.0,632.0,1,1,0.84,0.5,0.48,0.395,20.24,20.11,19.93,3
1556,24.1,58.4,400.0,438.0,0,0,0.1,0.33,0.28,0.244,24.11,25.41,23.74,2
1557,21.81,51.2,400.0,388.0,0,1,0.8,0.5,0.62,0.299,22.21,23.38,21.78,2
1558,24.19,49.3,694.0,247.0,1,1,0.56,0.28,0.39,0.325,24.28,22.79,24.23,2
1559,24.15,46.2,479.0,605.0,1,1,0.35,0.06,0.38,0.135,24.43,23.44,24.3,2
1560,21.92,42.9,684.0,675.0,1,1,0.49,0.34,0.24,0.232,21.75,20.37,22.31,1
1561,24.25,41.5,462.0,399.0,1,1,0.61,0.18,0.24,0.112,23.96,23.59,24.27,2
1562,21.71,49.1,700.0,553.0,1,0,0.49,0.29,0.62,0.281,21.07,20.85,21.11,2
1563,21.72,44.6,516.0,689.0,1,0,0.25,1.0,0.58,0.306,21.77,21.61,21.89,2
1564,20.34,44.6,405.0,339.0,1,1,0.31,0.81,0.76,0.275,20.55,20.26,20.65,3
1565,24.29,48.7,620.0,608.0,1,1,0.97,0.58,0.72,0.266,25.33,24.82,23.74,3
1566,23.22,51.2,646.0,323.0,1,1,0.9,0.62,0.56,0.275,23.25,23.86,23.79,2
1567,24.58,47.2,400.0,377.0,0,0,0.38,0.75,0.81,0.102,24.95,23.84,24.5,3
1568,22.34,52.3,603.0,601.0,1,0,0.93,0.0,0.12,0.36,22.39,20.35,22.55,2
1569,23.99,45.8,571.0,446.0,1,1,0.45,0.07,0.03,0.309,24.04,24.54,24.3,2
1570,24.36,59.1,400.0,543.0,0,0,0.23,0.26,0.37,0.186,24.04,24.19,24.51,2
1571,24.99,54.4,400.0,328.0,0,1,0.87,0.5,0.29,0.31,24.88,25.0,24.92,0
1572,21.91,42.9,400.0,436.0,0,1,0.13,0.73,0.7,0.336,21.95,21.86,22.2,2
1573,23.29,58.2,400.0,204.0,0,0,0.01,0.68,0.09,0.102,21.99,24.08,23.11,2
1574,21.48,59.2,692.0,649.0,1,0,0.29,0.6,0.99,0.215,21.1,20.42,21.29,2
1575,24.17,43.8,443.0,401.0,1,1,0.66,0.59,0.29,0.357,24.35,24.22,24.31,2
1576,20.29,54.1,400.0,606.0,0,1,0.36,0.35,0.38,0.306,20.07,19.59,20.17,1
1577,22.97,52.0,414.0,526.0,1,0,0.43,0.97,0.97,0.377,23.04,22.51,23.21,4
1578,24.24,50.5,400.0,587.0,0,0,0.74,0.57,0.11,0.286,24.19,25.06,24.38,2
1579,22.93,51.8,479.0,690.0,1,1,0.07,0.22,0.18,0.222,23.93,23.62,23.14,3
1580,23.06,43.2,400.0,540.0,0,0,0.23,0.76,0.79,0.138,22.53,22.68,23.0,3
1581,21.6,48.3,507.0,397.0,1,0,0.64,0.05,0.67,0.168,21.34,22.29,21.86,3
1582,22.19,42.1,400.0,502.0,0,1,0.81,0.13,0.16,0.308,21.54,22.03,22.27,3
1583,21.83,50.4,400.0,268.0,0,1,0.49,0.81,0.22,0.167,21.0,21.12,21.71,2
1584,20.14,52.3,400.0,252.0,0,1,0.22,0.05,0.83,0.278,19.7,21.03,20.2,2
1585,23.43,51.0,480.0,335.0,1,1,0.85,0.72,0.44,0.131,23.87,23.83,23.39,2
1586,23.95,41.5,640.0,545.0,1,1,0.75,0.95,0.18,0.251,24.14,24.02,23.58,2
1587,23.82,41.4,417.0,593.0,1,1,0.21,0.54,0.44,0.308,23.82,25.96,23.67,2
1588,22.74,43.7,601.0,584.0,1,1,0.19,0.32,0.96,0.111,22.37,23.28,23.03,2
1589,20.2,44.6,637.0,364.0,1,1,0.3,0.88,0.47,0.376,19.7,21.13,19.77,2
1590,23.49,44.0,400.0,501.0,0,1,0.46,0.0,0.31,0.397,24.17,22.74,23.51,2
1591,20.52,58.8,400.0,275.0,0,1,0.6,0.45,0.58,0.354,21.23,20.94,20.32,4
1592,20.21,49.7,400.0,386.0,0,0,0.86,0.37,0.7,0.106,20.2,19.53,19.9,2
1593,21.33,51.4,400.0,482.0,0,0,0.86,0.21,0.66,0.151,21.15,21.04,21.16,2
1594,20.43,50.8,400.0,528.0,0,1,0.07,0.24,0.96,0.272,21.03,20.71,20.88,1
1595,20.13,55.3,400.0,421.0,0,1,0.72,0.04,0.57,0.121,20.96,20.85,19.55,2
1596,22.03,45.3,683.0,532.0,1,1,0.23,0.06,0.04,0.286,21.29,21.89,22.18,1
1597,23.39,57.4,421.0,483.0,1,0,0.83,0.45,0.04,0.179,22.87,23.43,23.22,2
1598,23.37,59.5,599.0,393.0,1,1,0.25,0.17,0.99,0.198,23.85,22.9,23.1,4
1599,22.51,57.1,442.0,594.0,1,1,0.81,0.28,0.45,0.283,22.62,22.32,23.09,4
1600,24.83,50.7,400.0,382.0,0,0,0.05,0.09,0.75,0.119,25.16,24.81,24.78,1
1601,21.9,56.5,400.0,438.0,0,0,0.43,0.14,0.44,0.316,21.56,21.7,21.71,2
1602,24.81,58.0,455.0,495.0,1,1,0.09,0.4,0.99,0.224,24.06,24.92,25.1,2
1603,24.45,44.1,400.0,342.0,0,0,0.18,0.21,0.34,0.269,23.96,25.11,24.19,2
1604,23.98,52.1,400.0,699.0,0,0,0.93,0.59,0.59,0.21,23.95,22.83,24.24,3
1605,23.6,54.5,455.0,301.0,1,0,0.1,0.24,0.24,0.355,24.41,23.55,23.88,0
1606,22.5,55.2,400.0,636.0,0,0,0.92,0.6,0.61,0.241,22.16,21.85,22.28,2
1607,22.76,45.5,650.0,485.0,1,0,0.55,0.52,0.88,0.228,23.03,23.21,22.4,1
1608,23.96,43.4,418.0,504.0,1,1,0.82,0.75,0.45,0.242,24.25,24.68,23.58,3
1609,24.63,46.9,562.0,250.0,1,0,0.87,0.54,0.9,0.178,25.72,23.6,24.65,2
1610,23.3,59.9,400.0,205.0,0,1,0.27,0.82,0.18,0.237,22.24,23.62,23.21,2
1611,20.41,44.0,400.0,653.0,0,1,0.99,0.59,0.06,0.262,20.16,20.37,20.43,2
1612,24.58,53.9,400.0,549.0,0,0,0.23,0.91,0.23,0.208,24.32,23.64,24.39,2
1613,20.79,57.8,400.0,633.0,0,0,0.64,0.73,0.37,0.15,19.86,22.3,20.42,2
1614,21.44,57.7,400.0,591.0,0,1,0.33,0.78,0.12,0.348,22.11,22.01,21.12,1
1615,20.43,49.8,400.0,687.0,0,0,0.87,0.36,0.24,0.157,20.11,20.89,20.26,2
1616,24.25,45.0,400.0,233.0,0,1,0.59,0.43,0.62,0.282,24.14,25.04,24.84,2
1617,20.98,41.4,512.0,209.0,1,1,0.17,0.54,0.47,0.181,21.34,20.8,21.13,2
1618,24.18,42.4,400.0,551.0,0,1,0.15,0.52,0.91,0.344,23.98,24.07,24.37,2
1619,24.64,46.3,418.0,293.0,1,1,0.26,0.3,0.26,0.218,24.89,24.45,24.59,2
1620,20.97,49.4,499.0,567.0,1,0,0.05,0.32,0.95,0.192,20.45,20.04,20.9,2
1621,20.49,59.9,400.0,415.0,0,1,0.27,0.74,0.44,0.222,19.29,21.72,20.79,2
1622,22.59,56.4,400.0,548.0,0,1,0.1,0.62,0.88,0.143,22.29,21.16,22.55,1
1623,22.56,49.2,400.0,616.0,0,1,0.65,0.18,0.34,0.178,22.46,22.95,22.84,1
1624,20.79,45.0,400.0,507.0,0,0,0.17,0.53,0.87,0.185,21.39,20.44,20.76,2
1625,20.58,49.6,400.0,343.0,0,0,0.84,0.56,0.53,0.1,20.19,20.83,20.28,2
1626,24.31,53.2,560.0,514.0,1,1,0.76,0.62,0.3,0.276,23.71,24.32,24.65,3
1627,21.99,45.9,668.0,260.0,1,1,0.07,0.64,0.12,0.362,21.94,23.27,22.01,1
1628,22.87,45.9,400.0,536.0,0,1,0.94,0.75,0.44,0.342,22.74,21.78,23.32,2
1629,21.28,59.3,400.0,646.0,0,1,0.21,0.1,0.94,0.294,22.13,20.95,21.71,0
1630,22.98,54.1,647.0,645.0,1,1,0.74,0.96,0.76,0.286,22.42,22.32,23.32,3
1631,20.79,58.4,400.0,457.0,0,0,0.83,0.25,0.62,0.193,20.5,21.03,21.18,3
1632,22.99,47.9,489.0,293.0,1,0,0.96,0.03,0.17,0.218,23.47,21.95,23.34,2
1633,20.26,58.6,400.0,365.0,0,1,0.47,0.99,0.31,0.374,20.98,20.72,20.11,2
1634,24.17,47.8,400.0,536.0,0,0,0.89,0.67,0.3,0.366,24.9,24.58,24.74,3
1635,20.86,54.8,553.0,269.0,1,0,0.46,0.84,0.89,0.345,20.94,21.02,20.71,2
1636,22.77,57.7,400.0,646.0,0,1,0.91,0.94,0.33,0.357,23.59,23.06,22.8,3
1637,22.97,41.0,542.0,227.0,1,0,0.3,0.76,0.82,0.375,22.79,22.83,23.03,0
1638,22.15,52.8,543.0,343.0,1,1,0.83,0.39,0.92,0.341,22.46,22.45,22.72,4
1639,23.62,49.4,400.0,324.0,0,1,0.42,0.98,0.0,0.343,23.74,22.91,23.46,2
1640,21.87,42.5,400.0,417.0,0,0,0.47,0.45,0.25,0.234,22.33,22.98,22.07,2
1641,20.07,57.6,532.0,230.0,1,1,0.7,0.52,0.21,0.31,20.04,20.8,20.42,2
1642,22.78,59.7,400.0,453.0,0,1,0.09,0.78,0.17,0.352,23.98,23.15,22.3,3
1643,23.8,55.4,400.0,486.0,0,1,0.65,0.58,0.57,0.291,23.96,24.51,24.09,2
1644,22.37,42.1,400.0,524.0,0,1,0.33,0.65,0.14,0.237,21.99,21.76,22.6,2
1645,24.33,49.5,400.0,662.0,0,0,0.66,0.93,0.75,0.153,22.96,23.4,24.81,2
1646,20.47,55.5,400.0,696.0,0,0,0.99,0.79,0.75,0.182,21.06,20.66,20.47,1
1647,20.25,40.5,400.0,672.0,0,1,0.32,0.07,0.63,0.188,19.72,21.1,20.05,1
1648,20.47,41.7,543.0,585.0,1,1,0.94,0.95,1.0,0.227,20.13,21.11,21.06,1
1649,21.79,40.2,400.0,367.0,0,1,0.85,0.42,0.01,0.211,21.7,22.48,22.16,2
1650,24.59,44.9,536.0,545.0,1,1,0.97,0.05,0.73,0.399,23.57,23.99,24.57,1
1651,20.51,46.3,622.0,359.0,1,1,0.73,0.93,0.55,0.203,21.14,19.46,19.78,2
1652,23.84,41.7,459.0,665.0,1,1,0.64,0.72,0.35,0.232,22.97,23.56,23.89,2
1653,24.41,50.6,688.0,679.0,1,0,0.96,0.41,0.7,0.216,24.25,24.31,24.46,3
1654,21.2,55.8,400.0,657.0,0,1,0.46,0.85,0.18,0.379,21.53,21.81,21.15,1
1655,20.03,50.5,437.0,654.0,1,1,0.38,0.34,0.18,0.357,20.3,19.47,19.83,1
1656,24.0,48.6,400.0,311.0,0,0,0.29,0.9,0.62,0.202,24.42,24.0,23.91,1
1657,23.98,54.2,491.0,226.0,1,1,0.78,0.63,0.97,0.122,24.3,23.1,23.73,1
1658,21.89,58.5,431.0,670.0,1,1,0.89,0.74,0.54,0.278,21.2,23.83,21.86,2
1659,24.91,48.2,626.0,688.0,1,0,0.89,0.05,0.51,0.151,25.44,24.05,25.06,2
1660,24.76,46.9,516.0,391.0,1,0,0.15,0.11,0.38,0.149,25.57,25.69,24.9,2
1661,22.39,57.7,400.0,277.0,0,1,0.11,0.73,0.0,0.213,23.18,22.32,22.05,3
1662,20.7,42.1,681.0,467.0,1,1,0.15,0.96,0.61,0.176,20.58,21.64,20.34,3
1663,20.46,42.0,593.0,480.0,1,1,0.46,0.03,0.45,0.302,20.35,20.66,20.16,2
1664,21.16,51.1,400.0,279.0,0,0,0.25,0.66,0.77,0.21,21.44,22.37,20.34,2
1665,24.25,44.1,659.0,657.0,1,0,0.67,0.39,0.22,0.347,24.19,24.67,24.49,2
1666,23.79,43.9,570.0,581.0,1,0,0.83,0.6,0.3,0.267,23.23,23.84,23.48,1
1667,21.11,46.4,627.0,642.0,1,0,0.19,0.59,0.49,0.347,22.24,20.74,21.13,2
1668,22.32,40.7,555.0,506.0,1,1,0.63,0.96,0.28,0.327,22.15,20.28,22.79,2
1669,20.17,44.4,408.0,327.0,1,0,0.5,0.42,0.11,0.343,20.14,21.3,20.27,2
1670,21.06,43.9,614.0,456.0,1,0,0.96,0.9,0.93,0.367,21.82,20.28,21.07,2
1671,20.6,53.8,400.0,630.0,0,0,0.96,0.75,0.7,0.285,20.01,20.4,20.35,4
1672,23.43,41.2,400.0,508.0,0,0,0.31,0.02,0.05,0.273,23.68,23.38,23.85,2
1673,20.28,55.6,400.0,566.0,0,0,0.84,0.72,0.41,0.182,20.12,21.35,20.8,4
1674,23.05,46.0,400.0,547.0,0,1,0.64,0.82,0.06,0.127,23.03,21.91,23.15,2
1675,22.61,44.0,400.0,645.0,0,1,0.15,0.36,0.7,0.306,23.34,23.62,22.77,1
1676,24.95,48.9,400.0,236.0,0,1,0.16,0.86,0.62,0.108,24.94,25.55,24.65,2
1677,24.59,57.8,436.0,440.0,1,1,0.24,0.51,0.64,0.205,25.38,23.71,24.16,2
1678,22.74,43.2,557.0,664.0,1,1,0.35,0.64,0.05,0.257,21.78,22.94,21.95,3
1679,24.11,58.1,400.0,672.0,0,0,0.81,0.39,0.11,0.331,24.48,24.08,23.6,2
1680,23.11,54.6,475.0,346.0,1,0,0.95,0.64,0.24,0.355,23.23,23.12,22.95,2
1681,24.96,57.6,505.0,445.0,1,0,0.69,0.03,0.78,0.263,24.71,24.73,24.72,3
1682,20.37,44.6,400.0,511.0,0,1,0.03,0.79,0.41,0.129,20.21,19.19,20.77,2
1683,21.49,44.3,400.0,340.0,0,1,0.45,0.87,0.09,0.144,21.15,20.85,21.51,2
1684,21.26,55.9,400.0,607.0,0,0,0.6,0.54,0.09,0.17,21.82,20.87,21.19,1
1685,20.72,52.1,663.0,444.0,1,0,0.42,0.03,0.28,0.307,20.69,21.15,20.51,2
1686,20.22,40.0,400.0,593.0,0,0,0.14,0.73,0.04,0.288,19.61,20.37,20.58,2
1687,23.69,57.8,400.0,261.0,0,0,0.91,0.45,0.92,0.316,22.35,22.21,23.56,2
1688,24.46,57.7,529.0,634.0,1,0,0.15,0.82,0.55,0.322,24.45,24.78,24.7,3
1689,21.95,49.5,400.0,427.0,0,0,0.87,0.02,0.6,0.139,22.65,21.25,21.86,3
1690,20.65,58.8,571.0,316.0,1,0,0.57,0.78,0.77,0.379,20.82,21.21,20.32,3
1691,20.46,55.1,694.0,676.0,1,1,0.88,0.75,0.64,0.387,19.4,19.99,20.73,2
1692,23.91,50.9,400.0,235.0,0,0,0.9,0.12,0.64,0.357,23.54,25.01,23.24,3
1693,24.05,46.6,400.0,218.0,0,0,0.87,0.17,0.79,0.232,24.31,24.36,23.7,2
1694,24.38,42.0,400.0,587.0,0,1,0.74,0.44,0.47,0.386,24.18,25.75,24.65,3
1695,23.65,45.9,505.0,455.0,1,1,0.88,0.29,0.94,0.255,22.59,23.73,22.99,2
1696,24.44,56.3,400.0,664.0,0,0,0.45,0.81,0.42,0.124,24.96,24.04,24.52,1
1697,20.04,54.8,400.0,484.0,0,1,0.56,0.41,0.12,0.398,21.36,18.81,20.16,2
1698,23.82,48.7,470.0,553.0,1,1,0.78,0.05,0.01,0.283,24.0,23.6,23.79,2
1699,21.72,54.7,410.0,636.0,1,0,0.85,0.12,0.09,0.399,21.62,22.38,21.49,3
1700,22.4,56.1,400.0,686.0,0,0,0.33,0.22,0.68,0.348,22.05,22.94,22.13,3
1701,22.62,50.9,400.0,672.0,0,0,0.41,0.62,0.32,0.209,22.31,23.38,23.2,2
1702,22.59,41.5,468.0,373.0,1,1,0.08,0.97,0.09,0.328,22.62,21.3,22.94,2
1703,23.72,51.5,648.0,419.0,1,0,0.48,0.45,0.92,0.337,23.28,23.05,24.01,1
1704,21.4,41.5,400.0,661.0,0,1,0.08,0.55,0.78,0.322,21.42,22.12,21.45,1
1705,22.72,40.3,400.0,442.0,0,1,0.28,0.66,0.74,0.368,22.37,20.93,23.07,2
1706,24.4,47.8,412.0,322.0,1,1,0.55,0.64,0.14,0.342,24.21,24.58,23.9,4
1707,23.63,59.6,400.0,556.0,0,0,0.19,0.55,0.17,0.227,24.0,23.19,22.92,3
1708,24.26,58.5,400.0,306.0,0,1,0.93,0.31,0.2,0.349,24.75,23.22,23.84,0
1709,23.48,51.9,400.0,347.0,0,1,0.16,0.0,0.18,0.268,23.52,22.55,23.5,2
1710,20.03,47.8,400.0,498.0,0,1,0.23,0.75,0.02,0.233,20.39,19.94,20.31,2
1711,23.23,48.1,400.0,668.0,0,1,0.09,0.11,0.43,0.141,23.38,23.11,23.31,2
1712,23.63,50.5,543.0,371.0,1,0,0.67,0.61,0.68,0.195,23.73,23.81,23.29,2
1713,22.47,48.8,400.0,474.0,0,1,0.31,0.19,0.38,0.179,22.8,22.03,22.67,2
1714,21.36,42.2,400.0,573.0,0,1,0.72,0.13,0.34,0.337,21.17,20.99,21.05,2
1715,23.17,49.2,432.0,579.0,1,1,0.52,0.51,0.73,0.154,23.66,23.41,23.29,2
1716,22.91,52.2,544.0,419.0,1,0,0.03,0.13,0.87,0.347,23.01,24.05,22.97,1
1717,22.19,59.4,699.0,604.0,1,1,0.02,0.66,0.74,0.136,22.86,23.08,22.34,4
1718,22.43,44.1,400.0,446.0,0,1,0.86,0.03,0.78,0.331,22.18,23.93,21.95,1
1719,21.24,51.3,652.0,395.0,1,0,0.26,0.71,0.07,0.112,21.55,19.59,20.92,1
1720,23.95,56.8,687.0,631.0,1,0,0.11,0.49,0.91,0.16,23.95,23.79,24.33,4
1721,24.19,44.8,417.0,244.0,1,0,0.49,0.24,0.59,0.285,23.72,23.8,24.5,0
1722,24.23,55.7,400.0,413.0,1,1,0.56,0.64,0.49,0.313,23.78,24.36,24.35,2
1723,22.24,44.0,400.0,576.0,0,1,0.11,0.89,0.35,0.311,22.13,22.59,22.22,2
1724,23.23,59.4,550.0,367.0,1,1,0.67,0.08,0.62,0.189,22.9,23.06,23.0,2
1725,21.96,53.1,480.0,412.0,1,1,0.76,0.89,0.1,0.202,22.48,21.01,21.73,3
1726,23.57,50.3,521.0,451.0,1,0,0.05,0.21,0.1,0.362,23.71,22.31,23.51,2
1727,23.46,56.9,495.0,601.0,1,0,0.38,0.14,0.38,0.152,22.24,24.38,23.25,2
1728,20.53,41.5,671.0,467.0,1,0,0.67,0.92,0.94,0.215,21.42,20.91,20.42,2
1729,22.61,50.5,621.0,275.0,1,0,0.8,0.4,0.97,0.168,22.67,20.99,23.0,2
1730,22.44,53.6,400.0,481.0,0,0,0.11,0.73,0.05,0.152,22.17,22.32,22.55,2
1731,21.56,46.7,400.0,469.0,0,1,0.06,0.53,0.12,0.174,21.33,21.48,21.53,2
1732,21.84,45.8,685.0,470.0,1,0,0.37,0.96,0.88,0.246,21.17,22.33,22.29,2
1733,20.72,46.4,400.0,328.0,0,1,0.17,0.44,0.49,0.29,20.68,20.96,20.78,2
1734,24.79,40.2,437.0,510.0,1,1,0.63,0.71,0.57,0.258,25.84,26.14,24.95,2
1735,23.46,43.5,400.0,586.0,0,0,0.88,0.65,0.3,0.117,23.2,23.28,23.26,2
1736,23.01,58.8,512.0,628.0,1,0,0.26,0.89,0.47,0.317,21.54,23.08,23.11,3
1737,23.26,55.0,400.0,691.0,0,0,0.2,0.08,0.86,0.238,23.04,23.84,22.98,2
1738,23.05,44.9,490.0,423.0,1,1,0.03,0.33,0.37,0.231,22.45,23.14,23.64,2
1739,23.87,47.0,677.0,365.0,1,0,0.09,0.37,0.99,0.331,23.93,23.94,23.89,2
1740,20.01,45.6,400.0,607.0,0,1,0.99,0.83,0.96,0.305,19.97,19.58,20.14,3
1741,23.01,51.0,402.0,367.0,1,0,0.83,0.66,0.67,0.127,23.18,22.44,22.47,2
1742,22.6,49.2,400.0,277.0,0,0,0.53,0.12,0.38,0.344,22.36,23.79,22.6,1
1743,21.35,46.2,400.0,686.0,0,1,0.3,0.44,0.28,0.295,21.09,20.2,21.71,3
1744,21.26,41.0,400.0,440.0,0,0,0.4,0.64,0.16,0.285,21.86,22.55,21.61,2
1745,20.0,48.6,400.0,662.0,0,1,0.67,0.64,0.38,0.132,19.32,20.97,19.88,2
1746,20.44,57.6,400.0,220.0,0,1,0.94,0.34,0.31,0.163,20.65,20.83,20.67,3
1747,23.21,57.7,605.0,398.0,1,1,0.69,0.05,0.39,0.137,22.93,23.58,23.69,2
1748,23.86,49.1,635.0,621.0,1,1,0.53,0.55,0.07,0.314,24.19,23.94,23.66,2
1749,24.45,54.5,695.0,529.0,1,1,0.93,0.62,0.55,0.219,24.42,26.4,24.27,1
1750,23.33,52.8,400.0,436.0,0,0,0.1,0.02,0.03,0.184,23.24,24.4,23.69,0
1751,21.24,52.3,400.0,636.0,0,1,0.69,0.33,0.31,0.335,21.95,20.92,21.53,3
1752,21.11,56.3,660.0,210.0,1,1,0.74,0.94,0.35,0.346,20.55,21.26,21.0,0
1753,23.9,52.2,400.0,477.0,0,1,0.98,0.44,0.18,0.118,23.88,22.91,23.57,2
1754,24.25,42.2,400.0,678.0,0,0,0.15,0.02,0.22,0.233,23.66,23.93,24.47,1
1755,21.47,49.5,506.0,378.0,1,1,0.79,0.18,0.65,0.227,21.86,21.65,21.54,0
1756,23.45,55.7,400.0,212.0,0,0,0.5,0.04,0.85,0.373,23.58,24.33,23.44,3
1757,23.98,49.6,637.0,558.0,1,1,0.55,0.53,0.63,0.255,24.64,24.43,24.03,2
1758,21.41,54.5,400.0,265.0,0,0,0.4,0.39,0.9,0.386,21.25,21.65,21.12,2
1759,23.75,40.2,436.0,363.0,1,1,0.13,0.49,0.39,0.242,23.38,22.89,24.17,3
1760,23.0,42.0,613.0,299.0,1,1,0.13,0.59,0.32,0.317,22.93,22.51,22.73,2
1761,23.21,52.3,557.0,650.0,1,0,0.79,0.29,0.28,0.292,22.84,23.56,23.34,3
1762,21.9,41.5,632.0,262.0,1,1,0.36,0.58,0.43,0.374,22.34,22.66,22.4,2
1763,24.01,59.7,539.0,274.0,1,0,0.24,0.08,0.76,0.217,23.88,24.63,23.8,2
1764,21.99,44.4,682.0,246.0,1,0,0.88,0.07,0.42,0.103,20.98,22.5,21.48,2
1765,21.84,53.7,400.0,350.0,0,1,0.64,0.31,0.44,0.139,21.66,23.27,21.58,4
1766,22.27,50.2,521.0,427.0,1,1,0.74,0.9,0.26,0.235,22.74,21.9,22.12,1
1767,23.51,58.4,400.0,653.0,0,1,0.34,0.51,0.02,0.131,23.41,21.95,23.7,2
1768,21.63,49.3,572.0,669.0,1,1,0.01,0.33,0.9,0.381,21.61,20.78,22.19,2
1769,24.88,56.1,656.0,441.0,1,1,0.05,0.84,0.9,0.264,24.12,24.49,24.33,2
1770,21.07,59.9,400.0,279.0,0,1,0.38,0.38,0.47,0.175,21.41,20.13,20.84,3
1771,22.59,40.8,400.0,370.0,0,0,0.46,0.8,0.62,0.239,22.91,22.05,22.68,2
1772,20.16,58.0,400.0,217.0,0,0,0.29,0.07,0.39,0.105,21.04,20.66,19.81,2
1773,20.45,50.7,400.0,388.0,0,1,0.08,0.98,0.47,0.288,21.06,20.58,20.8,2
1774,21.45,58.4,617.0,640.0,1,0,0.13,0.21,0.98,0.295,21.44,22.35,21.16,0
1775,22.25,52.4,400.0,658.0,0,0,0.1,0.04,0.06,0.232,22.18,21.09,22.48,3
1776,20.63,50.0,602.0,570.0,1,0,0.24,0.2,0.08,0.268,20.87,21.49,20.49,3
1777,22.26,59.4,632.0,276.0,1,1,0.86,0.17,0.05,0.181,22.82,22.98,22.34,3
1778,21.27,53.7,400.0,349.0,0,1,0.4,0.72,0.84,0.147,21.6,21.0,21.14,2
1779,22.23,46.9,400.0,630.0,0,1,0.71,0.2,0.73,0.151,22.47,22.0,22.66,2
1780,24.54,43.0,435.0,613.0,1,1,0.88,0.97,0.64,0.132,23.59,24.51,24.74,2
1781,24.17,46.3,576.0,207.0,1,0,0.47,0.6,0.84,0.242,23.88,22.86,24.1,3
1782,22.33,55.6,573.0,387.0,1,0,0.9,0.0,0.07,0.223,22.52,21.67,22.43,1
1783,21.0,58.7,400.0,624.0,0,0,0.11,0.77,0.74,0.38,21.22,21.25,20.7,1
1784,22.55,46.0,649.0,590.0,1,0,0.4,0.14,0.79,0.203,22.28,21.67,22.2,3
1785,22.05,42.0,400.0,408.0,0,1,0.81,0.9,0.67,0.379,22.3,21.81,21.84,2
1786,23.09,45.3,621.0,629.0,1,1,0.84,0.53,0.96,0.173,22.98,23.03,22.98,1
1787,23.65,51.8,657.0,351.0,1,1,0.45,0.55,0.57,0.174,23.46,25.13,23.95,2
1788,24.78,55.5,400.0,536.0,0,0,0.2,0.7,0.68,0.34,25.82,26.43,25.07,3
1789,22.84,54.0,431.0,523.0,1,0,0.1,0.27,0.36,0.185,22.55,22.49,23.03,3
1790,21.3,58.9,400.0,489.0,0,1,0.57,0.93,0.27,0.34,20.46,20.41,21.49,2
1791,20.88,56.4,489.0,660.0,1,1,0.09,0.87,0.73,0.311,20.27,20.8,21.8,0
1792,22.19,45.0,695.0,651.0,1,0,0.61,0.34,0.41,0.343,21.8,22.14,21.81,3
1793,23.79,52.6,400.0,338.0,0,0,0.25,0.99,0.94,0.274,23.68,22.39,23.48,2
1794,21.28,53.4,400.0,534.0,0,1,0.68,0.52,0.49,0.125,20.99,21.98,20.93,1
1795,23.04,59.3,608.0,318.0,1,1,0.52,0.5,0.1,0.293,23.23,23.12,23.18,1
1796,21.64,59.3,635.0,225.0,1,0,0.54,0.51,0.39,0.397,21.18,23.13,21.37,2
1797,20.13,54.9,400.0,288.0,0,0,0.96,0.29,0.53,0.277,20.52,20.51,21.12,1
1798,22.97,42.5,400.0,549.0,0,0,0.27,0.83,0.41,0.301,23.24,22.86,23.17,2
1799,21.8,56.7,400.0,270.0,0,1,0.32,0.7,0.85,0.313,21.56,21.07,21.81,2
1800,21.73,47.3,655.0,528.0,1,1,0.9,0.36,0.76,0.235,22.09,21.75,21.9,2
1801,20.82,50.7,400.0,350.0,0,0,0.72,0.47,0.86,0.18,20.58,19.71,20.82,2
1802,24.02,44.6,400.0,641.0,0,0,0.76,0.52,0.05,0.113,24.2,24.24,24.35,2
1803,20.97,53.3,641.0,344.0,1,1,0.75,0.34,0.57,0.137,20.83,20.32,21.1,2
1804,21.87,54.6,400.0,691.0,0,0,0.97,0.21,0.82,0.105,22.39,21.66,22.16,4
1805,24.01,41.5,400.0,205.0,0,1,0.55,0.74,0.71,0.375,24.5,24.76,24.36,4
1806,21.74,57.5,465.0,305.0,1,1,0.62,0.02,0.53,0.19,21.27,20.35,21.72,2
1807,23.18,44.7,400.0,674.0,0,0,0.57,0.84,0.7,0.31,22.91,23.66,23.22,1
1808,22.84,57.8,486.0,238.0,1,0,0.65,0.38,0.97,0.273,23.24,23.06,22.27,2
1809,20.36,42.5,400.0,318.0,0,0,0.31,0.79,0.4,0.294,19.53,20.37,20.6,2
1810,24.09,54.1,400.0,649.0,0,1,0.68,0.76,0.49,0.261,24.67,23.83,24.04,2
1811,22.9,50.1,400.0,443.0,0,1,0.5,0.35,0.95,0.341,21.94,22.68,22.92,2
1812,21.27,44.5,400.0,540.0,0,1,0.89,0.42,0.33,0.299,21.41,21.81,21.12,3
1813,24.3,58.7,400.0,401.0,0,1,0.79,0.46,0.4,0.36,24.52,25.27,24.15,3
1814,23.98,50.3,595.0,279.0,1,0,0.39,0.96,0.63,0.136,24.17,24.67,24.29,2
1815,22.83,44.7,427.0,422.0,1,1,0.14,0.16,0.75,0.237,22.68,22.85,22.55,2
1816,24.99,44.7,599.0,359.0,1,0,0.85,0.02,0.28,0.293,24.25,25.34,24.49,2
1817,20.52,46.8,400.0,690.0,0,1,0.08,0.02,0.35,0.342,20.19,20.21,21.04,3
1818,22.09,47.9,400.0,444.0,0,1,0.79,0.75,0.13,0.336,22.07,22.39,21.7,4
1819,22.6,51.6,400.0,489.0,0,0,0.51,0.65,0.93,0.365,22.66,21.04,22.67,2
1820,23.95,43.7,400.0,487.0,0,1,0.11,0.33,0.46,0.127,23.76,23.65,23.88,3
1821,23.15,51.5,400.0,315.0,0,0,0.93,0.25,0.92,0.303,23.48,23.49,22.72,1
1822,24.67,57.5,400.0,241.0,0,1,0.4,0.74,0.81,0.394,23.68,24.59,24.53,1
1823,23.41,41.5,529.0,538.0,1,0,0.99,0.16,0.21,0.233,23.24,23.65,23.28,0
1824,21.0,43.0,494.0,593.0,1,1,0.02,0.86,0.58,0.372,20.85,20.79,20.64,2
1825,24.07,40.8,400.0,467.0,0,0,0.46,0.22,0.33,0.159,24.33,23.69,24.11,2
1826,21.21,52.9,592.0,675.0,1,1,0.97,0.77,0.27,0.351,21.38,22.03,21.13,2
1827,24.61,46.6,400.0,676.0,0,0,0.61,0.19,0.26,0.187,24.26,26.65,24.72,1
1828,22.12,59.4,649.0,559.0,1,0,0.53,0.15,0.83,0.371,21.58,22.69,22.22,2
1829,24.72,54.2,656.0,544.0,1,1,0.98,0.5,0.9,0.194,24.38,24.06,24.6,1
1830,22.57,55.0,400.0,436.0,0,0,0.13,0.48,0.96,0.304,22.67,22.64,22.55,2
1831,21.73,56.3,400.0,371.0,0,0,0.93,0.18,0.16,0.298,21.08,21.91,21.47,1
1832,22.93,50.0,524.0,208.0,1,1,0.41,0.61,0.76,0.151,22.43,21.95,22.58,4
1833,24.92,46.2,600.0,236.0,1,1,0.04,0.36,0.4,0.102,25.45,25.04,24.47,2
1834,24.33,57.6,469.0,207.0,1,0,0.5,0.46,0.26,0.108,24.15,24.67,24.26,2
1835,21.54,54.5,400.0,382.0,0,0,0.96,0.81,0.87,0.391,21.99,20.94,21.94,1
1836,23.02,47.1,400.0,642.0,0,1,0.94,0.5,0.0,0.117,22.29,23.0,22.43,3
1837,20.46,43.3,400.0,409.0,0,1,0.92,0.85,0.17,0.188,20.32,20.86,20.28,3
1838,23.08,46.0,400.0,265.0,0,1,0.17,0.83,0.23,0.138,23.09,23.1,22.4,2
1839,20.72,52.5,466.0,502.0,1,0,0.98,0.29,0.19,0.394,21.08,20.76,20.26,1
1840,24.87,42.1,400.0,643.0,0,1,0.73,0.65,0.18,0.17,24.89,25.02,25.77,1
1841,21.49,51.3,678.0,433.0,1,1,0.85,0.19,0.32,0.304,21.89,22.19,21.26,2
1842,23.36,52.5,676.0,279.0,1,0,0.2,0.96,0.49,0.273,23.12,23.53,23.04,2
1843,21.85,45.8,400.0,411.0,0,0,0.03,0.34,0.27,0.369,21.73,22.31,21.55,2
1844,24.05,52.2,400.0,510.0,0,1,0.64,0.87,0.87,0.255,23.22,24.23,23.96,1
1845,22.78,50.6,400.0,203.0,0,0,0.23,0.93,0.79,0.269,23.49,23.21,22.84,1
1846,20.27,46.8,457.0,287.0,1,1,0.65,0.57,0.58,0.304,20.23,20.12,20.2,2
1847,23.25,55.7,400.0,616.0,0,0,0.93,0.08,0.61,0.332,22.93,23.03,23.7,2
1848,24.28,47.9,400.0,273.0,0,0,0.53,0.97,0.98,0.346,24.68,24.37,24.17,3
1849,24.12,42.1,400.0,525.0,0,1,0.42,0.25,0.73,0.111,24.16,23.74,24.43,1
1850,20.06,55.2,486.0,515.0,1,0,0.97,0.35,0.9,0.11,20.15,19.79,19.78,3
1851,20.59,47.3,400.0,630.0,0,0,0.65,0.7,0.61,0.228,20.76,21.15,20.51,2
1852,22.36,58.9,554.0,527.0,1,1,0.92,0.03,0.25,0.317,23.78,23.07,22.57,2
1853,24.83,54.1,542.0,641.0,1,1,0.8,0.6,0.53,0.215,24.6,25.21,24.68,2
1854,20.84,40.8,614.0,384.0,1,1,0.6,0.9,0.99,0.24,20.84,20.54,20.88,1
1855,20.79,54.4,593.0,500.0,1,1,0.06,0.3,0.54,0.361,21.12,20.29,21.17,2
1856,21.99,43.0,400.0,612.0,0,0,0.09,0.7,0.1,0.179,22.51,23.45,22.45,2
1857,23.75,59.2,400.0,683.0,0,0,0.01,0.64,0.77,0.155,23.74,23.56,23.82,1
1858,21.03,46.7,439.0,253.0,1,0,0.72,0.18,0.2,0.185,20.2,21.51,21.55,2
1859,22.58,56.1,450.0,472.0,1,0,0.03,0.19,0.68,0.136,23.16,21.51,22.44,3
1860,22.5,40.5,400.0,568.0,0,1,0.2,0.01,0.05,0.337,22.28,23.89,22.16,2
1861,23.23,49.4,400.0,573.0,0,0,0.41,0.55,0.72,0.182,22.97,23.96,23.06,2
1862,23.34,54.7,400.0,554.0,0,1,0.54,0.58,0.89,0.387,23.14,23.77,22.88,2
1863,21.91,45.8,400.0,539.0,0,0,0.39,0.33,0.43,0.241,22.06,22.03,22.11,2
1864,24.88,44.2,400.0,579.0,0,1,0.3,0.34,0.67,0.335,24.22,25.82,24.77,2
1865,22.72,50.4,669.0,445.0,1,0,0.53,0.23,0.92,0.354,22.76,21.93,22.69,2
1866,24.76,50.6,525.0,334.0,1,0,0.53,0.89,0.69,0.283,24.45,25.21,25.32,3
1867,22.14,43.2,400.0,401.0,0,1,0.03,0.46,0.45,0.334,21.88,21.45,21.94,3
1868,24.08,59.6,400.0,360.0,0,0,0.45,0.03,0.67,0.216,23.5,24.19,23.76,1
1869,22.88,54.0,684.0,323.0,1,0,0.86,0.94,0.91,0.361,23.07,22.9,22.72,2
1870,23.27,51.7,426.0,539.0,1,1,0.39,0.02,0.08,0.215,23.76,23.1,23.36,1
1871,24.51,52.2,400.0,478.0,0,1,0.57,0.09,0.68,0.103,24.31,24.34,24.43,2
1872,24.53,43.8,400.0,615.0,0,1,0.37,0.9,0.13,0.384,24.81,25.28,24.53,2
1873,24.28,44.0,585.0,432.0,1,1,0.03,0.49,0.94,0.205,24.06,24.73,24.16,2
1874,22.67,47.8,400.0,652.0,0,1,0.36,0.63,0.19,0.208,22.36,22.4,22.24,2
1875,24.95,45.0,400.0,599.0,0,1,0.27,0.47,0.03,0.387,25.5,25.06,24.77,2
1876,24.2,43.5,400.0,512.0,0,0,0.06,0.09,0.26,0.11,24.65,23.11,23.75,2
1877,23.51,41.2,625.0,663.0,1,1,0.31,0.07,0.12,0.3,22.81,24.73,23.71,4
1878,24.62,41.1,400.0,346.0,0,1,0.72,0.32,0.58,0.183,25.13,25.41,25.02,2
1879,21.66,45.1,400.0,426.0,0,0,0.79,0.06,0.85,0.194,20.83,20.37,21.43,2
1880,21.28,53.6,484.0,493.0,1,1,0.91,0.91,0.07,0.224,21.39,21.68,21.34,4
1881,24.29,41.4,584.0,560.0,1,1,0.06,0.85,0.42,0.165,24.42,25.14,23.93,3
1882,23.66,45.9,498.0,618.0,1,1,0.52,0.49,0.09,0.337,23.1,23.41,23.74,2
1883,22.01,42.9,495.0,403.0,1,0,0.01,0.6,0.51,0.313,21.6,20.78,21.94,2
1884,20.29,59.9,400.0,278.0,0,0,0.16,0.81,0.88,0.159,19.65,21.08,20.09,2
1885,24.32,52.1,400.0,353.0,0,0,0.48,0.25,0.63,0.119,24.04,24.61,23.9,3
1886,23.79,49.1,640.0,265.0,1,0,0.54,0.19,0.91,0.369,24.56,23.14,23.65,2
1887,24.01,57.5,400.0,678.0,0,0,0.39,0.4,0.68,0.322,23.33,23.71,23.91,3
1888,24.22,46.0,576.0,619.0,1,0,0.36,0.95,0.6,0.242,23.81,24.18,24.5,3
1889,21.08,57.7,530.0,267.0,1,0,0.82,0.7,0.16,0.231,20.71,21.47,21.09,2
1890,20.4,52.1,613.0,421.0,1,0,0.58,0.33,0.26,0.103,19.89,21.65,19.76,1
1891,23.38,49.1,421.0,296.0,1,0,0.37,0.94,0.26,0.382,22.66,24.49,22.95,2
1892,22.13,42.7,609.0,582.0,1,1,0.15,0.2,0.88,0.315,22.26,22.5,22.27,2
1893,21.29,47.2,608.0,387.0,1,1,0.02,0.83,0.09,0.386,21.19,22.77,21.18,3
1894,20.04,50.7,400.0,400.0,0,0,0.15,0.21,0.49,0.178,20.47,20.1,20.32,2
1895,21.34,46.2,518.0,558.0,1,1,0.67,0.58,0.06,0.324,21.13,22.52,20.82,2
1896,21.08,54.7,573.0,302.0,1,1,0.77,0.43,0.82,0.176,20.66,20.19,20.87,2
1897,23.03,45.5,592.0,467.0,1,1,0.93,0.36,0.66,0.26,22.39,23.0,23.26,2
1898,24.94,45.7,411.0,589.0,1,1,0.71,0.9,0.75,0.133,23.92,25.51,25.03,2
1899,21.94,40.0,505.0,683.0,1,1,0.47,0.69,0.55,0.262,21.58,22.5,21.81,3
1900,20.97,52.8,671.0,628.0,1,1,0.46,0.06,0.04,0.101,21.49,21.63,20.3,2
1901,20.08,57.0,400.0,453.0,0,1,0.7,0.29,0.32,0.379,20.39,18.85,20.01,2
1902,22.73,54.6,677.0,469.0,1,1,0.58,0.25,0.05,0.165,23.48,22.16,22.8,2
1903,20.03,52.5,400.0,407.0,0,1,0.5,0.49,0.18,0.364,20.28,18.53,19.76,2
1904,21.48,58.3,400.0,453.0,0,0,0.66,0.93,0.06,0.119,21.65,19.64,21.4,2
1905,21.68,54.8,400.0,550.0,0,0,0.78,0.98,0.51,0.281,21.77,21.01,22.17,2
1906,21.84,40.3,681.0,376.0,1,0,0.26,0.84,0.96,0.262,22.72,22.31,21.7,2
1907,20.39,56.0,646.0,468.0,1,0,0.17,0.49,0.35,0.102,20.81,20.24,19.76,2
1908,21.02,44.5,612.0,319.0,1,0,0.94,0.86,0.11,0.324,22.09,22.67,20.93,2
1909,23.59,55.3,527.0,438.0,1,1,0.43,0.24,0.35,0.226,22.62,23.4,23.53,3
1910,24.57,45.8,449.0,638.0,1,1,0.29,0.45,0.05,0.133,24.26,24.49,24.9,2
1911,22.0,44.7,600.0,334.0,1,0,0.57,0.82,0.66,0.214,21.86,22.31,21.52,2
1912,24.54,48.6,513.0,314.0,1,0,0.58,0.8,0.93,0.227,24.06,24.44,24.34,2
1913,23.29,52.1,400.0,455.0,0,0,0.48,0.35,0.56,0.193,24.12,22.32,23.2,2
1914,22.49,57.4,652.0,515.0,1,0,0.42,0.09,0.82,0.179,21.75,22.18,22.8,2
1915,21.18,43.4,400.0,517.0,0,1,0.89,0.45,0.62,0.174,21.09,23.02,21.17,3
1916,22.03,58.0,497.0,637.0,1,0,0.3,0.92,0.82,0.279,22.37,22.24,22.16,4
1917,20.18,50.5,400.0,494.0,0,1,0.1,0.12,0.86,0.217,20.42,20.87,20.22,0
1918,24.86,57.9,422.0,345.0,1,1,0.68,0.13,0.48,0.16,24.99,24.3,24.62,2
1919,23.36,51.0,400.0,276.0,0,1,0.92,0.03,0.48,0.279,23.53,23.96,23.15,2
1920,24.24,45.6,400.0,212.0,0,1,0.65,0.51,0.86,0.192,23.77,23.37,23.8,2
1921,21.43,51.0,400.0,518.0,0,0,0.42,0.7,0.67,0.333,20.54,19.23,21.19,2
1922,20.65,41.5,400.0,289.0,0,0,0.67,0.89,0.34,0.212,20.77,20.91,20.66,3
1923,21.85,53.6,680.0,245.0,1,1,0.62,0.87,0.24,0.11,22.42,22.06,22.12,4
1924,22.94,51.8,549.0,314.0,1,1,0.59,0.68,0.76,0.235,22.74,22.12,23.15,3
1925,23.96,58.7,457.0,523.0,1,0,0.36,0.68,0.43,0.155,23.98,23.53,24.06,1
1926,20.77,44.7,400.0,470.0,0,1,0.63,0.4,0.14,0.263,20.57,20.88,19.89,4
1927,20.04,49.0,561.0,643.0,1,1,0.97,0.4,0.24,0.263,20.07,19.82,20.45,2
1928,24.31,58.1,400.0,529.0,0,0,0.52,0.2,0.18,0.388,24.0,24.83,24.31,2
1929,24.23,43.7,526.0,459.0,1,0,0.94,0.47,0.59,0.281,25.23,23.61,24.15,1
1930,21.85,48.9,400.0,625.0,0,1,0.4,0.42,0.68,0.338,21.74,21.86,22.2,2
1931,20.46,42.2,680.0,608.0,1,0,0.83,0.31,0.64,0.313,20.0,20.05,19.99,2
1932,20.14,51.0,400.0,382.0,0,0,0.72,0.71,0.21,0.125,20.35,19.89,20.36,3
1933,20.78,43.4,644.0,676.0,1,1,0.3,0.13,0.14,0.372,20.25,20.34,20.61,2
1934,21.72,50.5,400.0,485.0,0,0,0.43,0.77,0.37,0.324,21.71,21.08,21.44,2
1935,22.55,58.1,400.0,616.0,0,1,0.88,0.58,0.48,0.159,23.21,22.09,22.41,2
1936,22.37,46.3,544.0,310.0,1,1,0.19,0.3,0.31,0.312,22.63,23.02,22.36,2
1937,22.72,50.6,671.0,523.0,1,0,0.19,0.09,0.36,0.301,21.94,23.12,22.98,0
1938,23.7,53.5,547.0,341.0,1,1,0.62,0.72,0.02,0.302,24.47,22.9,23.14,2
1939,24.69,42.4,400.0,288.0,0,0,0.65,0.26,0.4,0.358,25.17,24.51,24.6,3
1940,23.66,45.5,400.0,387.0,0,1,0.21,0.11,0.15,0.299,23.57,22.89,23.83,2
1941,22.49,42.4,409.0,293.0,1,1,0.58,0.99,0.38,0.249,22.31,22.69,22.41,1
1942,21.03,45.1,400.0,614.0,0,0,0.45,0.78,0.97,0.103,21.05,19.93,21.23,1
1943,22.4,57.7,400.0,439.0,0,0,0.82,0.03,0.15,0.174,22.33,20.24,22.48,3
1944,21.6,59.5,618.0,237.0,1,0,0.17,0.97,0.67,0.293,21.83,23.52,21.37,2
1945,21.25,40.2,650.0,281.0,1,0,0.56,0.69,0.63,0.372,21.08,20.89,21.26,1
1946,22.97,47.3,465.0,440.0,1,0,0.46,0.4,0.77,0.215,22.87,22.99,22.94,2
1947,23.53,58.4,400.0,304.0,0,0,0.02,0.36,0.19,0.157,23.54,23.76,22.85,3
1948,21.21,58.4,400.0,585.0,0,0,0.72,0.1,0.17,0.289,21.82,20.1,20.7,2
1949,22.99,53.6,644.0,342.0,1,0,0.39,0.52,0.39,0.117,23.23,21.27,23.06,2
1950,22.17,49.5,475.0,501.0,1,1,0.27,0.39,0.81,0.338,21.84,23.03,22.48,1
1951,21.94,50.0,400.0,512.0,0,1,0.84,0.49,0.25,0.112,21.96,23.84,21.33,2
1952,22.04,47.4,400.0,645.0,0,0,0.93,0.03,0.81,0.372,21.2,21.65,21.69,1
1953,23.52,53.8,608.0,233.0,1,1,0.8,0.5,0.8,0.341,23.75,22.26,23.68,2
1954,24.66,56.7,620.0,514.0,1,1,0.27,0.26,0.97,0.114,24.35,24.93,23.93,2
1955,24.07,45.2,436.0,308.0,1,0,0.4,0.29,0.74,0.309,23.03,24.39,24.21,2
1956,22.89,56.6,400.0,572.0,0,0,0.93,0.72,0.29,0.176,23.06,22.34,22.9,2
1957,23.62,44.5,400.0,672.0,0,0,0.84,0.08,0.13,0.344,23.75,22.21,23.56,4
1958,22.17,59.5,400.0,516.0,0,0,0.93,0.35,0.02,0.244,22.08,21.04,22.81,2
1959,24.71,56.6,400.0,281.0,0,1,0.82,0.51,0.41,0.1,25.21,25.47,24.25,2
1960,20.46,51.0,428.0,467.0,1,0,0.72,0.73,0.2,0.128,20.8,21.03,20.27,3
1961,21.09,51.0,400.0,638.0,0,0,0.11,0.48,0.79,0.193,20.63,22.46,21.37,2
1962,20.87,40.8,628.0,457.0,1,1,0.53,0.46,0.87,0.17,22.28,20.96,20.76,2
1963,20.33,56.6,662.0,257.0,1,0,0.61,0.64,0.84,0.265,20.39,21.24,20.18,2
1964,21.87,55.3,400.0,696.0,0,0,0.34,0.58,0.11,0.385,22.66,23.08,21.36,3
1965,21.38,56.7,464.0,323.0,1,1,0.67,0.77,0.37,0.338,20.55,21.32,21.2,2
1966,20.32,40.0,427.0,354.0,1,1,0.58,0.44,0.32,0.28,20.13,19.91,20.49,1
1967,20.7,51.5,400.0,271.0,0,0,0.35,0.62,0.3,0.243,21.13,21.4,20.78,3
1968,23.89,57.3,507.0,523.0,1,0,0.65,0.44,0.54,0.32,22.43,24.64,23.81,2
1969,22.8,51.6,400.0,673.0,0,1,0.97,0.19,0.71,0.2,22.98,21.6,22.47,2
1970,21.86,52.5,400.0,383.0,0,0,0.7,0.41,0.39,0.374,21.44,22.81,21.73,3
1971,20.51,56.3,400.0,301.0,0,0,0.57,0.76,0.89,0.381,20.97,20.28,20.92,4
1972,21.57,46.3,617.0,202.0,1,0,0.07,0.49,0.66,0.372,21.84,22.58,21.37,3
1973,20.45,53.1,400.0,525.0,0,1,0.87,0.82,0.45,0.199,21.14,20.18,20.77,2
1974,22.65,46.4,400.0,502.0,0,0,0.65,0.84,0.86,0.183,22.35,23.35,22.18,3
1975,23.8,59.0,527.0,335.0,1,0,0.29,0.57,0.19,0.386,24.14,24.12,23.87,2
1976,20.31,57.0,400.0,247.0,0,1,1.0,0.66,0.16,0.108,21.17,20.07,20.15,1
1977,21.89,49.3,400.0,572.0,0,1,0.44,0.07,0.34,0.167,21.78,21.64,21.69,1
1978,24.17,55.1,400.0,456.0,0,1,0.35,0.52,0.96,0.261,25.07,23.85,23.95,2
1979,23.88,57.6,677.0,600.0,1,0,0.4,0.13,0.51,0.207,22.87,23.31,23.69,2
1980,23.76,50.9,685.0,350.0,1,0,0.84,0.57,0.67,0.332,23.69,22.95,23.98,2
1981,21.8,59.5,400.0,607.0,0,0,0.26,0.47,0.01,0.254,21.6,21.7,21.31,2
1982,22.66,49.9,400.0,657.0,0,1,0.53,0.52,0.23,0.121,22.39,19.57,22.8,2
1983,20.46,58.3,545.0,269.0,1,0,0.81,0.85,0.34,0.194,19.05,20.58,20.76,2
1984,22.67,43.9,400.0,580.0,0,0,0.88,0.91,0.35,0.22,22.81,22.71,23.1,1
1985,22.27,42.1,400.0,684.0,0,0,0.38,0.52,0.34,0.386,22.15,22.77,22.29,3
1986,20.65,46.9,400.0,343.0,0,0,0.62,0.01,0.65,0.273,20.82,19.07,20.85,2
1987,22.6,51.5,544.0,324.0,1,0,0.19,0.93,0.71,0.319,22.83,22.33,22.66,3
1988,23.38,45.5,400.0,439.0,0,0,0.29,0.66,0.52,0.25,23.82,24.08,23.06,2
1989,22.05,59.5,680.0,399.0,1,1,0.4,0.92,0.11,0.378,22.15,22.0,21.59,2
1990,24.2,54.9,664.0,424.0,1,0,0.98,0.99,0.14,0.393,23.94,25.93,23.8,2
1991,22.53,54.6,407.0,560.0,1,0,0.69,0.17,0.91,0.264,22.88,23.41,22.69,2
1992,22.73,56.7,400.0,263.0,0,1,0.09,0.92,0.84,0.304,22.46,22.85,23.56,1
1993,23.91,43.7,620.0,430.0,1,1,0.48,0.77,0.14,0.232,23.74,23.85,23.98,0
1994,20.41,58.0,400.0,539.0,0,0,0.93,0.23,0.38,0.17,20.49,20.99,20.59,1
1995,21.84,51.2,400.0,687.0,0,1,0.17,0.26,0.32,0.113,22.36,21.39,22.08,2
1996,20.24,57.1,400.0,679.0,0,0,0.0,0.18,0.18,0.122,19.91,20.67,20.21,2
1997,20.58,58.9,400.0,596.0,0,0,0.73,0.48,0.94,0.197,21.21,20.09,20.8,2
1998,21.69,45.7,625.0,526.0,1,1,0.72,0.11,0.17,0.265,22.28,21.19,21.99,2
1999,23.96,49.2,400.0,457.0,0,0,0.97,0.89,0.45,0.205,24.74,24.16,23.74,3
