timestamp_s,T_drybulb_C,RH_pct,CO2_ppm,illuminance_lux,occupancy,window_open,blind_angle_east,blind_angle_west,hvac_valve_pos,air_velocity_ms,globe_T_C,mean_rad_T_C,operative_T_C,comfort_class_int,comfort_class_str
0,18.4,61.9,400.0,20,0,1,0.13,0.81,0.19,0.319,18.9,19.94,17.86,2,Neutral
1,18.8,61.7,400.0,20,0,0,0.45,0.9,0.06,0.304,17.98,18.47,18.82,0,Cold
2,19.53,57.8,400.0,20,0,1,0.49,0.51,0.96,0.128,19.84,19.45,19.62,2,Neutral
3,27.06,34.0,569.0,578.0,1,0,0.28,0.19,0.36,0.391,27.17,26.25,27.3,0,Cold
4,25.93,57.6,400.0,20,0,0,0.7,0.13,0.49,0.092,25.54,26.12,25.52,2,Neutral
5,22.69,47.1,708.0,621.0,1,0,0.11,0.41,0.25,0.312,23.0,22.76,22.26,0,Cold
6,26.17,39.1,500.0,427.0,1,0,0.27,0.2,0.42,0.178,27.06,26.69,26.41,3,Warm
7,22.32,57.5,495.0,286.0,1,0,0.97,1.0,0.95,0.381,22.8,21.61,22.82,2,Neutral
8,22.82,49.2,611.0,358.0,1,0,0.79,0.08,0.1,0.386,22.09,24.1,22.69,2,Neutral
9,22.22,33.3,400.0,20,0,1,0.33,0.97,0.92,0.326,22.54,22.52,22.1,2,Neutral
10,27.18,59.0,753.0,217.0,1,1,0.29,0.76,0.24,0.261,27.45,27.66,27.21,2,Neutral
11,19.3,45.7,400.0,20,0,0,0.24,0.88,0.12,0.196,19.33,18.36,19.87,2,Neutral
12,19.2,30.5,549.0,561.0,1,1,0.41,0.91,0.27,0.221,18.86,19.02,19.29,2,Neutral
13,26.25,41.7,720.0,521.0,1,0,0.05,0.73,0.84,0.1,26.5,24.97,26.39,3,Warm
14,18.76,31.2,400.0,20,0,0,0.19,0.82,0.36,0.127,19.4,18.12,18.96,1,Cool
15,24.0,42.1,400.0,20,0,0,0.97,0.07,0.25,0.432,24.35,24.08,23.77,2,Neutral
16,25.12,49.2,747.0,274.0,1,0,0.73,0.03,0.76,0.358,24.78,25.91,25.61,2,Neutral
17,18.05,41.9,400.0,20,0,1,0.2,0.44,0.5,0.054,17.2,17.53,18.3,1,Cool
18,23.01,69.5,400.0,20,0,0,0.39,1.0,0.05,0.392,22.89,22.3,23.09,3,Warm
19,23.34,58.5,400.0,20,0,0,0.35,0.61,0.13,0.414,23.33,23.67,22.89,2,Neutral
20,26.76,47.1,701.0,112.0,1,0,0.59,0.98,0.02,0.366,26.3,26.51,26.96,1,Cool
21,18.61,33.0,400.0,20,0,0,0.32,0.09,0.88,0.375,18.36,18.73,18.81,1,Cool
22,25.37,62.5,603.0,418.0,1,1,0.54,0.97,0.26,0.073,25.89,24.18,25.18,2,Neutral
23,23.82,45.3,708.0,440.0,1,0,0.46,0.05,0.33,0.352,23.93,24.5,24.49,2,Neutral
24,18.79,62.5,400.0,20,0,0,0.24,0.94,0.87,0.357,18.47,18.79,18.5,0,Cold
25,23.82,63.8,607.0,141.0,1,1,0.15,0.21,0.38,0.098,23.6,25.51,23.56,3,Warm
26,26.55,34.2,400.0,20,0,0,0.65,0.69,0.64,0.222,27.18,26.52,26.25,2,Neutral
27,24.62,39.0,400.0,20,0,0,0.08,0.94,0.17,0.189,25.58,25.08,24.72,2,Neutral
28,24.46,66.6,760.0,187.0,1,1,0.43,0.01,0.0,0.42,24.24,25.33,24.34,3,Warm
29,20.95,48.3,746.0,648.0,1,1,0.98,0.93,0.62,0.262,21.14,21.68,20.97,1,Cool
30,26.73,33.5,414.0,654.0,1,1,0.1,0.74,0.28,0.435,26.66,26.82,26.88,2,Neutral
31,27.03,63.9,400.0,20,0,1,0.49,0.83,0.95,0.262,26.39,28.96,27.23,3,Warm
32,23.6,51.1,513.0,302.0,1,1,0.76,0.53,0.25,0.08,24.31,24.76,23.31,2,Neutral
33,19.59,49.2,400.0,20,0,0,0.82,0.37,0.64,0.106,19.79,19.98,19.21,1,Cool
34,24.91,61.3,400.0,20,0,0,0.27,0.33,0.32,0.112,24.67,23.77,24.85,3,Warm
35,25.34,42.1,400.0,20,0,0,0.19,0.78,0.22,0.175,26.31,26.2,25.27,2,Neutral
36,26.64,52.3,527.0,595.0,1,0,0.86,0.3,0.52,0.348,25.4,26.99,26.89,2,Neutral
37,21.41,37.0,445.0,601.0,1,1,0.59,0.23,0.58,0.396,22.19,21.07,21.27,2,Neutral
38,22.91,45.8,400.0,20,0,0,0.07,0.31,0.12,0.394,23.31,22.2,23.2,1,Cool
39,20.98,42.2,400.0,20,0,0,0.88,0.73,0.77,0.102,21.14,21.21,20.9,2,Neutral
40,21.0,35.2,757.0,626.0,1,0,0.73,0.69,0.44,0.159,21.16,20.7,21.21,2,Neutral
41,18.25,43.4,400.0,20,0,1,0.83,0.24,0.78,0.272,18.41,19.55,18.75,2,Neutral
42,18.48,58.2,400.0,20,0,0,0.47,0.88,0.31,0.227,18.53,18.1,18.92,3,Warm
43,23.72,59.0,482.0,182.0,1,0,0.44,0.39,0.95,0.094,22.99,23.98,23.39,1,Cool
44,20.43,70.0,400.0,20,0,0,0.73,0.67,0.08,0.18,20.61,19.76,20.53,2,Neutral
45,27.9,33.5,793.0,175.0,1,1,0.77,0.03,0.56,0.435,27.0,28.67,27.88,3,Warm
46,20.13,58.1,400.0,20,0,1,0.7,0.12,0.64,0.405,19.49,19.43,20.4,2,Neutral
47,18.74,65.1,722.0,585.0,1,1,0.27,0.12,0.63,0.377,18.78,20.49,18.67,1,Cool
48,23.62,58.7,650.0,532.0,1,0,0.22,0.92,0.42,0.072,23.82,23.4,23.9,2,Neutral
49,23.36,30.1,400.0,20,0,1,0.27,0.15,0.45,0.171,23.43,23.89,22.95,1,Cool
50,27.46,68.4,733.0,385.0,1,1,0.81,0.39,0.57,0.445,27.22,26.74,26.74,1,Cool
51,27.29,47.5,427.0,527.0,1,0,0.91,0.75,0.63,0.067,27.22,26.92,26.79,2,Neutral
52,25.77,35.6,764.0,190.0,1,0,0.66,0.27,0.47,0.313,25.67,26.03,25.46,2,Neutral
53,19.92,34.1,779.0,683.0,1,1,0.04,0.56,0.21,0.129,19.73,18.99,20.21,2,Neutral
54,24.86,34.1,400.0,20,0,1,0.22,0.14,0.81,0.118,24.57,24.8,24.77,3,Warm
55,24.92,60.8,639.0,379.0,1,0,0.9,0.42,0.01,0.251,24.79,26.38,25.48,2,Neutral
56,27.35,47.1,454.0,327.0,1,1,0.7,0.59,0.51,0.194,26.65,27.93,28.28,4,Hot
57,28.0,53.2,400.0,20,0,0,0.59,0.93,0.04,0.36,27.91,26.99,28.56,2,Neutral
58,25.47,52.6,792.0,546.0,1,1,0.72,0.95,0.75,0.224,24.95,25.7,24.71,2,Neutral
59,24.89,69.1,578.0,570.0,1,0,0.78,0.15,0.34,0.378,24.0,25.48,24.94,2,Neutral
60,24.28,42.7,631.0,228.0,1,0,0.21,0.52,0.1,0.34,23.68,23.68,24.15,3,Warm
61,19.85,50.1,400.0,20,0,1,0.05,0.84,0.76,0.239,20.62,19.5,19.91,2,Neutral
62,25.09,38.5,530.0,123.0,1,1,0.05,0.12,0.23,0.292,25.84,24.43,24.91,2,Neutral
63,20.52,47.7,400.0,20,0,0,0.47,0.81,0.01,0.226,20.46,20.66,20.69,2,Neutral
64,27.9,46.0,424.0,102.0,1,0,0.25,0.75,0.84,0.399,28.0,28.23,27.37,2,Neutral
65,19.04,66.0,431.0,455.0,1,1,0.65,0.12,0.39,0.196,18.82,18.12,20.01,2,Neutral
66,19.26,49.9,582.0,304.0,1,0,0.0,1.0,0.53,0.247,19.78,18.45,19.72,3,Warm
67,27.2,51.3,661.0,313.0,1,0,0.9,0.64,0.56,0.075,27.45,25.42,26.58,2,Neutral
68,26.8,55.0,419.0,267.0,1,1,0.49,0.59,0.02,0.056,26.53,24.13,27.04,3,Warm
69,24.5,61.8,400.0,20,0,1,0.02,0.88,0.63,0.063,24.31,25.03,24.97,2,Neutral
70,27.55,40.5,546.0,583.0,1,0,0.32,0.27,0.61,0.355,28.07,26.74,28.11,2,Neutral
71,23.99,62.0,400.0,20,0,1,0.69,0.4,0.01,0.282,23.33,25.5,24.12,2,Neutral
72,18.77,47.1,782.0,654.0,1,0,0.83,0.43,0.73,0.262,18.05,18.77,18.93,4,Hot
73,21.84,41.2,400.0,20,0,1,0.4,0.35,0.03,0.237,22.41,21.76,21.47,2,Neutral
74,22.09,54.1,530.0,493.0,1,0,0.37,0.57,0.4,0.182,22.0,21.88,22.42,2,Neutral
75,18.39,43.4,636.0,639.0,1,0,0.35,0.9,0.08,0.212,18.51,17.6,17.9,2,Neutral
76,25.39,57.0,653.0,442.0,1,1,0.53,0.55,0.71,0.244,24.75,25.87,25.11,2,Neutral
77,23.43,59.5,400.0,20,0,1,0.33,0.32,0.86,0.208,23.48,23.33,23.27,2,Neutral
78,18.61,31.5,673.0,390.0,1,0,0.96,0.05,0.32,0.165,18.77,18.33,19.22,2,Neutral
79,20.9,57.5,400.0,20,0,0,0.8,0.97,0.38,0.232,19.77,19.73,20.88,3,Warm
80,25.31,59.3,738.0,143.0,1,0,0.58,0.61,0.76,0.395,24.51,25.79,25.39,2,Neutral
81,20.41,52.0,551.0,548.0,1,1,0.81,0.71,0.93,0.229,20.58,20.66,19.7,1,Cool
82,21.97,59.0,400.0,20,0,1,0.44,0.63,0.86,0.24,22.09,22.8,22.2,2,Neutral
83,19.94,41.6,757.0,527.0,1,1,0.14,0.2,0.92,0.106,20.36,19.99,20.4,2,Neutral
84,19.69,45.1,400.0,20,0,1,0.17,0.45,0.72,0.326,20.39,19.76,19.75,2,Neutral
85,21.32,69.4,400.0,20,0,1,0.26,0.12,0.09,0.215,21.53,20.32,21.5,1,Cool
86,23.54,48.8,400.0,20,0,1,0.06,0.63,1.0,0.079,24.46,23.97,23.86,2,Neutral
87,20.33,36.2,400.0,20,0,1,0.69,0.81,0.36,0.267,19.75,20.6,20.48,3,Warm
88,23.25,54.7,454.0,284.0,1,0,0.22,0.86,0.54,0.082,22.8,21.67,23.17,2,Neutral
89,20.23,39.1,583.0,472.0,1,0,0.84,0.9,0.27,0.336,19.6,20.11,20.08,2,Neutral
90,20.31,65.2,400.0,20,0,1,0.85,0.58,0.12,0.081,20.58,20.23,20.18,1,Cool
91,27.89,54.9,463.0,478.0,1,0,0.61,0.11,0.93,0.069,26.04,27.66,27.79,2,Neutral
92,26.18,54.7,474.0,678.0,1,0,0.04,0.19,0.64,0.353,25.03,27.35,25.82,4,Hot
93,27.07,47.0,438.0,633.0,1,1,0.05,0.82,0.17,0.374,26.27,26.59,27.37,2,Neutral
94,27.95,50.5,400.0,20,0,1,0.14,0.82,0.79,0.063,28.61,28.57,28.65,2,Neutral
95,18.15,59.5,400.0,20,0,0,0.67,0.63,0.71,0.191,16.6,18.2,17.7,2,Neutral
96,20.11,41.0,684.0,381.0,1,0,0.38,0.7,0.56,0.165,20.55,20.16,20.05,3,Warm
97,26.77,32.6,400.0,20,0,0,0.96,0.68,0.13,0.156,26.27,26.66,27.02,2,Neutral
98,26.0,38.6,564.0,583.0,1,0,0.89,0.15,0.28,0.445,26.55,27.52,26.22,2,Neutral
99,24.66,58.4,400.0,20,0,1,0.28,0.25,0.4,0.168,23.2,25.73,24.17,2,Neutral
100,24.45,50.8,400.0,20,0,0,0.59,0.48,0.21,0.424,23.9,24.01,24.41,3,Warm
101,24.89,41.8,400.0,20,0,1,0.49,0.24,0.91,0.171,25.97,24.99,25.3,2,Neutral
102,21.35,53.0,400.0,20,0,1,0.05,0.58,0.73,0.083,22.94,21.97,21.51,2,Neutral
103,24.11,59.8,733.0,453.0,1,1,0.29,0.86,0.25,0.373,24.14,23.96,24.32,2,Neutral
104,27.29,42.4,646.0,309.0,1,1,0.87,0.09,0.06,0.388,27.18,26.12,27.53,2,Neutral
105,18.66,58.8,680.0,475.0,1,0,0.76,0.21,0.71,0.32,19.49,20.09,18.99,2,Neutral
106,21.74,39.4,400.0,20,0,1,0.54,0.78,0.76,0.338,20.67,21.18,22.03,2,Neutral
107,18.36,41.7,400.0,20,0,1,0.0,0.75,0.57,0.394,18.11,17.68,18.17,3,Warm
108,22.64,48.0,400.0,20,0,1,0.79,0.25,0.53,0.382,22.86,22.75,22.56,1,Cool
109,23.38,65.6,400.0,20,0,0,0.49,0.49,0.83,0.215,23.94,23.65,22.98,2,Neutral
110,18.96,64.8,506.0,303.0,1,1,0.03,0.55,0.65,0.202,18.79,18.17,19.14,3,Warm
111,19.37,32.6,596.0,498.0,1,0,0.45,0.21,0.82,0.057,19.25,18.19,18.82,2,Neutral
112,25.37,59.1,400.0,20,0,0,0.55,0.42,0.77,0.244,24.78,26.39,25.41,4,Hot
113,19.99,58.5,755.0,275.0,1,0,0.1,0.06,0.89,0.13,21.02,19.76,20.41,2,Neutral
114,23.13,37.2,400.0,20,0,1,0.22,0.23,0.76,0.174,22.56,24.1,23.51,2,Neutral
115,20.01,56.5,400.0,20,0,0,0.68,0.15,0.24,0.411,19.17,20.69,19.53,2,Neutral
116,19.25,64.3,400.0,20,0,0,0.34,0.94,0.55,0.298,19.44,18.92,19.0,2,Neutral
117,21.45,48.6,546.0,605.0,1,1,0.38,0.25,0.65,0.395,20.45,21.93,21.7,1,Cool
118,27.69,41.7,400.0,20,0,0,0.34,0.24,0.83,0.101,27.46,27.39,27.92,3,Warm
119,18.57,49.2,400.0,20,0,0,0.36,0.85,0.47,0.078,18.73,18.47,18.44,2,Neutral
120,20.58,33.5,400.0,20,0,0,0.42,0.59,0.73,0.302,21.41,20.48,20.53,0,Cold
121,19.06,58.8,400.0,20,0,1,0.0,0.99,0.3,0.081,18.3,19.48,18.84,3,Warm
122,26.53,56.8,552.0,587.0,1,1,0.46,0.72,0.28,0.123,26.71,27.47,26.54,2,Neutral
123,26.33,41.4,400.0,20,0,0,0.25,0.02,0.2,0.349,26.15,26.12,26.05,2,Neutral
124,19.23,43.2,400.0,20,0,0,0.4,0.17,0.68,0.266,18.61,17.95,19.72,4,Hot
125,24.54,66.0,400.0,20,0,1,0.07,0.02,0.58,0.107,24.76,25.06,24.96,3,Warm
126,22.5,48.6,642.0,112.0,1,1,0.55,0.16,0.46,0.339,20.86,23.24,22.48,3,Warm
127,23.96,43.5,711.0,424.0,1,0,0.01,0.46,0.09,0.259,23.25,22.67,24.35,3,Warm
128,27.19,49.3,537.0,625.0,1,1,0.76,0.05,0.76,0.121,27.21,27.29,26.95,2,Neutral
129,21.23,32.2,675.0,453.0,1,0,0.25,0.29,0.98,0.278,21.17,22.06,21.06,2,Neutral
130,19.73,32.9,400.0,20,0,0,0.65,0.47,0.36,0.135,20.05,20.33,19.81,2,Neutral
131,19.82,50.0,443.0,120.0,1,1,0.12,0.31,0.37,0.26,20.38,21.08,19.56,2,Neutral
132,19.88,48.9,656.0,277.0,1,1,0.45,0.38,0.55,0.354,19.38,19.73,19.83,3,Warm
133,24.64,46.3,722.0,127.0,1,1,0.14,0.96,0.25,0.187,24.02,25.53,24.59,2,Neutral
134,21.32,63.9,400.0,20,0,0,0.19,0.49,0.18,0.169,21.33,20.69,21.01,2,Neutral
135,26.55,47.3,540.0,354.0,1,1,0.64,0.56,0.71,0.241,26.31,25.71,26.38,2,Neutral
136,18.51,41.2,400.0,20,0,0,0.89,0.94,1.0,0.333,18.48,18.51,18.61,2,Neutral
137,26.44,48.8,550.0,319.0,1,0,0.39,0.06,0.2,0.378,26.54,27.55,26.44,1,Cool
138,23.55,35.3,654.0,388.0,1,1,0.04,0.72,0.39,0.418,23.21,22.88,23.23,3,Warm
139,20.61,46.8,400.0,20,0,1,0.35,0.68,0.4,0.406,19.47,21.99,20.58,3,Warm
140,21.71,53.0,526.0,232.0,1,0,0.02,0.84,0.37,0.107,21.66,22.59,22.02,2,Neutral
141,24.79,53.5,400.0,20,0,0,0.23,0.92,0.38,0.322,25.37,25.33,25.25,2,Neutral
142,24.83,55.5,400.0,20,0,1,0.98,0.2,0.89,0.4,25.11,25.3,25.19,3,Warm
143,19.38,59.5,400.0,20,0,1,0.03,0.7,0.33,0.117,18.32,19.46,19.39,2,Neutral
144,27.36,57.4,436.0,588.0,1,1,0.88,0.0,0.7,0.191,26.28,26.91,27.37,2,Neutral
145,25.36,57.4,400.0,20,0,1,0.14,0.15,0.89,0.288,25.84,24.43,25.12,1,Cool
146,20.57,31.1,753.0,522.0,1,1,0.22,0.21,0.0,0.327,20.02,19.45,20.83,2,Neutral
147,24.2,33.6,566.0,138.0,1,0,0.42,0.32,0.8,0.114,24.42,24.44,24.32,1,Cool
148,24.14,53.1,531.0,676.0,1,0,0.97,0.04,0.3,0.274,25.37,23.87,24.19,2,Neutral
149,24.52,33.7,400.0,20,0,1,0.25,0.26,0.95,0.372,23.98,24.12,24.44,2,Neutral
150,24.3,44.5,644.0,217.0,1,1,0.38,0.84,0.38,0.318,24.0,23.23,24.36,2,Neutral
151,27.33,60.8,565.0,267.0,1,1,0.71,0.84,0.72,0.251,27.81,28.06,27.21,2,Neutral
152,22.58,39.2,711.0,384.0,1,0,0.57,0.52,0.52,0.131,21.62,23.08,22.23,2,Neutral
153,22.4,53.1,400.0,20,0,1,0.21,0.4,0.11,0.158,22.04,23.18,22.73,2,Neutral
154,26.63,33.3,775.0,534.0,1,1,0.81,0.01,0.21,0.405,26.3,26.69,27.32,1,Cool
155,23.88,62.4,400.0,20,0,1,0.73,0.17,0.92,0.071,23.9,24.33,23.53,3,Warm
156,19.64,37.9,461.0,611.0,1,1,0.97,0.55,0.59,0.293,19.7,19.15,19.89,2,Neutral
157,24.4,38.5,400.0,20,0,0,0.77,0.58,0.41,0.425,23.76,24.01,24.28,2,Neutral
158,23.88,68.6,400.0,20,0,0,0.17,0.94,0.02,0.051,23.82,24.15,24.24,2,Neutral
159,25.88,49.7,400.0,20,0,1,0.61,0.0,0.65,0.207,25.52,26.46,26.17,2,Neutral
160,24.47,65.2,400.0,20,0,0,0.24,0.07,0.28,0.445,25.19,24.11,24.23,1,Cool
161,22.86,40.9,694.0,138.0,1,1,0.98,0.19,0.86,0.255,23.7,24.62,22.32,2,Neutral
162,23.76,45.3,632.0,573.0,1,0,0.32,0.15,0.28,0.19,24.31,22.35,23.84,3,Warm
163,27.69,33.2,435.0,681.0,1,0,0.49,0.15,0.67,0.438,27.77,27.81,27.49,1,Cool
164,19.34,63.6,400.0,20,0,1,0.52,0.93,0.75,0.424,19.63,21.19,19.36,2,Neutral
165,18.1,56.3,462.0,103.0,1,0,0.51,0.02,0.29,0.366,17.81,17.0,17.4,1,Cool
166,21.2,59.8,489.0,583.0,1,1,0.64,0.55,0.76,0.218,20.71,21.3,21.27,2,Neutral
167,27.12,64.9,694.0,154.0,1,1,0.85,0.57,0.33,0.359,27.2,26.99,26.66,1,Cool
168,19.4,49.3,400.0,20,0,1,0.81,0.18,0.22,0.154,19.27,18.01,18.95,1,Cool
169,26.2,58.0,606.0,388.0,1,0,0.48,0.8,0.61,0.399,24.8,25.49,25.92,0,Cold
170,24.21,47.6,748.0,352.0,1,1,0.24,0.96,0.02,0.364,24.27,23.24,23.81,2,Neutral
171,26.37,35.5,400.0,20,0,1,0.82,0.94,0.14,0.292,25.14,26.72,26.43,4,Hot
172,23.76,51.9,610.0,620.0,1,0,0.57,0.73,0.41,0.41,24.97,25.11,23.57,2,Neutral
173,18.3,59.9,400.0,20,0,0,0.43,1.0,0.11,0.29,18.64,16.59,18.23,4,Hot
174,21.32,42.1,448.0,166.0,1,0,0.51,0.4,0.72,0.422,22.46,22.43,21.17,1,Cool
175,19.92,40.0,509.0,685.0,1,0,0.98,0.65,0.81,0.234,20.0,20.81,19.28,2,Neutral
176,27.02,61.6,400.0,20,0,0,0.15,0.64,0.12,0.06,26.68,27.68,26.65,2,Neutral
177,24.78,41.9,400.0,20,0,1,0.17,0.99,0.78,0.385,24.76,25.18,24.17,2,Neutral
178,24.77,42.0,587.0,101.0,1,1,0.08,0.75,0.4,0.376,24.53,25.23,24.61,4,Hot
179,27.15,31.2,558.0,542.0,1,1,0.54,0.96,0.39,0.142,27.57,26.33,27.23,2,Neutral
180,27.72,63.1,400.0,20,0,0,0.31,0.24,0.7,0.224,26.76,28.6,27.9,1,Cool
181,18.05,60.9,400.0,20,0,1,0.94,0.28,0.8,0.216,18.72,18.8,17.94,1,Cool
182,24.12,53.5,400.0,20,0,0,0.82,0.36,0.81,0.112,25.1,25.91,23.91,2,Neutral
183,26.12,68.0,723.0,167.0,1,0,0.63,0.43,0.69,0.294,27.03,26.36,26.09,1,Cool
184,18.97,56.1,400.0,20,0,0,0.28,0.14,0.27,0.238,18.02,18.33,19.04,2,Neutral
185,27.04,54.3,733.0,616.0,1,1,0.53,0.16,0.74,0.157,26.83,26.47,26.87,2,Neutral
186,22.23,47.7,400.0,20,0,1,0.46,0.34,0.61,0.349,21.67,21.1,22.14,2,Neutral
187,19.79,38.4,400.0,20,0,1,0.19,0.69,0.76,0.31,20.21,21.04,19.75,2,Neutral
188,23.61,44.0,580.0,634.0,1,1,0.07,0.12,0.97,0.38,23.35,23.91,23.61,3,Warm
189,27.56,65.4,495.0,590.0,1,1,0.85,0.32,0.0,0.282,27.46,28.83,27.64,2,Neutral
190,26.94,67.5,552.0,322.0,1,0,0.01,0.42,0.93,0.126,27.12,26.95,27.16,2,Neutral
191,22.72,33.4,412.0,579.0,1,0,0.06,0.93,0.25,0.428,22.44,22.08,22.6,2,Neutral
192,23.83,61.9,575.0,347.0,1,0,0.08,0.75,0.26,0.426,23.12,23.99,23.76,2,Neutral
193,21.66,45.9,400.0,20,0,1,0.82,0.41,0.26,0.407,22.02,22.63,21.48,2,Neutral
194,23.04,32.0,400.0,20,0,0,0.93,0.7,0.75,0.337,23.98,21.21,23.22,3,Warm
195,27.1,65.5,400.0,20,0,0,0.15,0.15,0.51,0.118,28.0,26.89,27.02,2,Neutral
196,22.55,60.8,400.0,20,0,0,0.38,0.87,0.89,0.446,23.16,23.42,22.22,3,Warm
197,23.33,36.0,400.0,20,0,0,0.17,0.66,0.55,0.406,23.28,22.58,23.67,2,Neutral
198,24.72,38.6,400.0,20,0,1,0.09,0.01,0.57,0.203,24.57,24.57,24.42,4,Hot
199,18.31,47.0,400.0,20,0,1,0.16,0.55,0.7,0.281,18.3,18.75,17.9,3,Warm
200,27.83,67.4,400.0,20,0,0,0.55,0.65,0.07,0.302,27.77,28.19,27.76,2,Neutral
201,19.87,48.1,400.0,20,0,0,0.45,0.23,0.52,0.443,20.5,20.41,20.0,2,Neutral
202,21.81,68.6,612.0,160.0,1,1,0.48,0.57,0.83,0.153,21.33,22.73,21.74,2,Neutral
203,27.27,49.7,544.0,106.0,1,1,0.95,0.2,0.42,0.163,27.49,25.94,27.25,2,Neutral
204,20.63,42.0,400.0,20,0,1,0.58,0.41,0.44,0.274,19.61,19.33,20.3,2,Neutral
205,19.28,33.2,400.0,20,0,1,0.78,0.81,0.97,0.367,19.24,19.58,19.51,2,Neutral
206,20.54,44.4,400.0,20,0,0,0.96,0.95,0.73,0.108,20.08,21.33,20.77,2,Neutral
207,21.47,42.0,400.0,20,0,0,0.31,0.92,0.08,0.247,20.99,20.08,20.94,1,Cool
208,22.38,36.1,633.0,464.0,1,1,0.79,0.0,0.65,0.441,21.77,22.34,21.86,1,Cool
209,20.44,65.6,400.0,20,0,1,0.87,0.88,0.62,0.346,20.08,19.94,20.61,2,Neutral
210,23.0,56.1,400.0,20,0,1,0.92,0.15,0.82,0.239,23.86,22.92,23.4,2,Neutral
211,19.0,55.4,421.0,384.0,1,0,0.47,0.73,0.01,0.401,19.53,18.94,18.58,1,Cool
212,24.91,31.0,400.0,20,0,1,0.81,0.66,0.71,0.367,25.03,25.18,24.95,3,Warm
213,18.7,49.4,738.0,362.0,1,0,0.77,0.63,0.3,0.207,19.35,18.71,18.8,2,Neutral
214,18.6,58.9,400.0,20,0,1,0.24,0.09,0.56,0.406,20.41,17.7,18.59,4,Hot
215,22.34,60.4,400.0,20,0,1,0.83,0.34,0.0,0.186,22.54,23.6,22.72,2,Neutral
216,19.63,65.6,400.0,20,0,1,0.56,0.46,0.9,0.14,19.04,18.99,19.4,2,Neutral
217,24.64,32.8,400.0,20,0,0,0.44,0.32,0.49,0.111,24.14,24.75,23.92,3,Warm
218,25.67,54.0,533.0,562.0,1,0,0.1,0.3,0.96,0.092,26.76,26.02,25.55,2,Neutral
219,24.08,66.5,415.0,407.0,1,0,0.42,0.02,0.5,0.413,24.55,22.87,23.84,2,Neutral
220,26.18,31.0,400.0,20,0,0,0.17,0.79,0.19,0.222,26.22,25.8,26.12,3,Warm
221,21.72,59.6,686.0,537.0,1,0,0.75,0.26,0.76,0.249,21.97,21.59,21.22,2,Neutral
222,20.28,32.4,400.0,20,0,1,0.25,0.81,0.56,0.166,20.46,22.06,19.81,2,Neutral
223,24.24,41.6,400.0,20,0,1,0.74,0.02,0.0,0.14,24.46,24.04,24.15,3,Warm
224,26.3,44.6,400.0,20,0,1,0.95,0.62,0.6,0.44,26.1,26.76,26.55,2,Neutral
225,20.62,68.4,697.0,542.0,1,0,0.4,0.33,0.75,0.23,19.96,19.98,20.23,1,Cool
226,26.51,30.8,400.0,20,0,0,0.28,0.46,0.78,0.193,26.1,26.07,26.82,2,Neutral
227,23.13,30.8,729.0,391.0,1,0,0.41,0.82,0.9,0.228,22.1,23.64,23.54,2,Neutral
228,22.76,61.9,469.0,538.0,1,0,0.42,0.24,0.98,0.318,23.32,24.49,22.23,2,Neutral
229,27.34,51.5,400.0,20,0,0,0.87,0.07,0.84,0.298,27.49,25.99,27.28,4,Hot
230,25.37,37.8,512.0,223.0,1,0,0.59,0.06,0.31,0.16,25.3,26.92,25.79,2,Neutral
231,18.09,52.0,400.0,20,0,1,0.97,1.0,0.71,0.051,18.77,18.33,18.3,2,Neutral
232,27.62,47.3,400.0,20,0,0,0.14,0.68,0.5,0.432,27.7,28.72,27.72,1,Cool
233,24.43,62.0,400.0,20,0,0,0.31,0.66,0.98,0.149,24.27,25.36,24.07,2,Neutral
234,21.05,61.6,400.0,20,0,1,0.62,0.13,0.91,0.403,21.03,22.51,20.71,2,Neutral
235,18.32,33.9,454.0,230.0,1,0,0.93,0.1,0.13,0.14,18.66,17.71,18.15,2,Neutral
236,19.1,46.4,777.0,186.0,1,0,0.78,0.51,0.08,0.347,19.6,17.07,19.17,2,Neutral
237,23.24,45.5,526.0,137.0,1,0,0.01,0.79,0.4,0.134,22.54,23.85,23.13,2,Neutral
238,24.83,54.8,400.0,20,0,1,0.6,0.65,0.31,0.299,24.49,24.1,25.45,3,Warm
239,26.01,45.9,400.0,20,0,1,0.48,0.81,0.17,0.328,26.46,25.28,25.6,1,Cool
240,26.23,62.2,400.0,20,0,0,0.72,0.84,0.38,0.143,26.86,25.17,26.5,2,Neutral
241,22.91,30.9,489.0,293.0,1,0,0.9,0.4,0.24,0.324,22.46,22.31,22.45,2,Neutral
242,23.11,62.1,400.0,20,0,0,0.79,0.97,0.39,0.405,22.43,23.26,23.25,2,Neutral
243,25.9,42.8,400.0,20,0,0,0.12,0.38,0.77,0.239,25.68,26.15,25.34,2,Neutral
244,18.4,38.1,400.0,20,0,0,0.82,0.37,0.01,0.319,17.23,19.9,18.9,2,Neutral
245,21.75,30.9,400.0,20,0,1,0.73,0.98,0.23,0.312,22.11,22.46,21.32,3,Warm
246,21.39,68.0,400.0,20,0,0,0.96,0.37,0.74,0.182,22.46,21.1,21.59,1,Cool
247,27.4,51.8,711.0,327.0,1,0,0.13,0.7,0.57,0.198,26.67,29.38,27.25,3,Warm
248,23.84,61.3,400.0,20,0,1,0.83,0.63,0.48,0.362,24.68,24.86,23.69,2,Neutral
249,21.43,57.4,400.0,20,0,1,0.02,0.8,0.3,0.159,21.41,21.16,21.63,1,Cool
250,18.31,50.8,411.0,171.0,1,1,0.68,0.15,0.59,0.136,19.55,19.83,18.29,1,Cool
251,22.91,46.0,452.0,585.0,1,1,0.64,0.6,0.18,0.304,23.72,24.3,22.59,2,Neutral
252,26.32,59.1,568.0,242.0,1,0,0.95,0.64,0.23,0.299,25.51,27.87,26.08,1,Cool
253,18.65,56.6,400.0,20,0,1,0.19,0.65,0.41,0.275,18.75,18.99,19.03,2,Neutral
254,27.03,52.0,400.0,20,0,1,0.97,0.55,0.01,0.208,27.04,25.52,26.41,2,Neutral
255,19.14,46.7,400.0,20,0,0,0.25,0.61,0.14,0.247,18.98,20.0,19.78,2,Neutral
256,23.32,35.9,638.0,433.0,1,1,0.6,0.98,0.56,0.071,23.24,22.08,23.25,2,Neutral
257,23.43,63.7,400.0,20,0,0,0.42,0.31,0.28,0.418,23.57,22.41,22.82,1,Cool
258,18.58,62.4,429.0,364.0,1,0,0.59,0.76,0.03,0.211,19.25,18.57,18.54,2,Neutral
259,19.81,38.3,400.0,20,0,1,0.33,0.32,0.27,0.428,19.5,19.63,20.01,2,Neutral
260,21.81,36.6,725.0,136.0,1,0,0.28,0.33,0.51,0.211,22.0,20.9,21.95,2,Neutral
261,18.44,33.0,534.0,451.0,1,0,0.54,0.15,0.7,0.362,18.14,19.02,19.14,3,Warm
262,25.52,55.6,660.0,460.0,1,1,0.57,0.34,0.46,0.147,24.5,25.58,24.81,2,Neutral
263,19.22,39.0,400.0,20,0,0,0.09,0.27,0.56,0.311,19.89,20.06,19.42,2,Neutral
264,19.71,39.7,629.0,128.0,1,0,0.66,0.95,0.92,0.181,20.17,20.93,19.43,3,Warm
265,23.14,58.6,400.0,20,0,0,0.43,0.76,0.15,0.349,23.26,22.76,23.22,2,Neutral
266,23.58,31.0,400.0,20,0,0,0.83,0.73,0.8,0.077,23.39,23.92,23.99,2,Neutral
267,23.98,56.7,645.0,161.0,1,0,0.88,0.01,0.64,0.37,23.65,23.48,24.05,4,Hot
268,21.63,42.6,400.0,20,0,1,0.32,0.01,0.58,0.255,20.85,22.43,21.61,2,Neutral
269,27.64,51.2,586.0,565.0,1,0,0.2,0.97,0.24,0.176,27.42,29.26,27.5,1,Cool
270,18.07,58.9,400.0,20,0,0,0.1,0.5,0.76,0.163,18.58,16.1,18.53,2,Neutral
271,25.68,50.4,663.0,320.0,1,1,0.28,0.96,0.73,0.108,25.05,25.91,25.4,2,Neutral
272,24.47,30.5,400.0,20,0,0,0.82,0.55,0.09,0.222,23.27,23.03,24.83,2,Neutral
273,20.22,65.4,627.0,301.0,1,1,0.45,0.12,0.81,0.056,20.63,19.54,19.48,2,Neutral
274,21.0,62.1,400.0,20,0,0,0.55,0.16,0.82,0.055,22.17,22.01,20.95,4,Hot
275,26.76,33.3,400.0,20,0,0,0.62,0.03,0.73,0.131,26.83,27.1,27.54,3,Warm
276,22.98,63.1,416.0,310.0,1,0,0.96,0.54,0.65,0.343,22.71,22.42,22.83,2,Neutral
277,21.56,58.1,643.0,189.0,1,0,0.18,0.35,0.44,0.444,20.74,24.16,21.35,2,Neutral
278,22.41,35.0,655.0,565.0,1,1,0.74,0.56,0.07,0.054,21.52,22.46,22.48,1,Cool
279,27.35,64.8,754.0,628.0,1,0,0.6,0.36,0.19,0.234,27.23,27.03,27.52,2,Neutral
280,22.29,67.6,400.0,20,0,1,0.53,0.73,0.64,0.323,22.11,22.97,22.17,2,Neutral
281,27.81,35.2,745.0,179.0,1,0,0.56,0.9,0.13,0.171,27.9,28.49,27.75,2,Neutral
282,20.92,52.2,646.0,305.0,1,0,0.45,0.25,0.12,0.259,20.73,20.85,20.83,1,Cool
283,26.02,42.2,528.0,210.0,1,1,0.91,0.61,0.43,0.267,27.53,26.42,26.24,3,Warm
284,23.61,69.7,430.0,365.0,1,1,0.5,0.22,0.91,0.094,22.3,22.43,23.6,2,Neutral
285,21.69,50.1,400.0,20,0,0,0.09,0.76,0.11,0.092,22.73,22.52,21.58,2,Neutral
286,20.97,59.0,400.0,20,0,0,0.37,0.45,0.29,0.115,20.26,20.3,21.48,2,Neutral
287,18.3,68.8,669.0,466.0,1,0,0.07,0.39,0.04,0.433,18.98,19.24,17.9,2,Neutral
288,22.73,41.5,400.0,20,0,1,0.29,0.88,0.59,0.121,22.36,24.42,23.2,2,Neutral
289,20.66,58.3,447.0,576.0,1,1,0.78,0.81,0.64,0.416,21.55,22.3,20.39,2,Neutral
290,20.48,32.6,486.0,447.0,1,1,0.43,0.92,0.53,0.448,21.03,20.83,20.73,1,Cool
291,27.38,57.3,789.0,607.0,1,1,0.38,0.37,0.73,0.062,27.69,26.03,27.17,2,Neutral
292,23.69,39.8,400.0,20,0,0,0.64,0.83,0.13,0.443,24.2,24.57,23.58,4,Hot
293,26.45,51.5,400.0,20,0,0,0.78,0.71,0.95,0.217,26.23,25.58,26.19,4,Hot
294,27.87,46.6,706.0,347.0,1,1,0.68,0.13,0.59,0.296,27.94,29.11,28.42,3,Warm
295,27.71,67.4,403.0,581.0,1,1,0.15,0.68,0.88,0.172,26.25,26.82,27.75,0,Cold
296,20.53,36.1,474.0,360.0,1,1,0.37,0.18,0.54,0.282,20.54,20.53,20.54,3,Warm
297,26.97,52.5,799.0,376.0,1,0,0.11,0.7,0.78,0.447,27.58,26.9,26.56,2,Neutral
298,25.45,66.1,400.0,20,0,1,0.13,0.88,0.32,0.449,24.83,24.82,25.4,4,Hot
299,24.46,30.5,400.0,20,0,0,0.34,0.29,0.96,0.142,23.88,25.25,24.48,0,Cold
300,20.32,38.8,482.0,511.0,1,0,0.88,0.13,0.53,0.349,20.13,23.09,20.48,2,Neutral
301,20.11,52.3,400.0,20,0,0,0.68,0.94,0.36,0.095,20.11,20.68,20.59,1,Cool
302,20.19,53.7,400.0,20,0,1,0.39,0.26,0.47,0.297,20.4,20.08,19.63,2,Neutral
303,22.0,59.1,400.0,20,0,1,0.18,0.61,0.51,0.065,22.55,21.56,21.93,2,Neutral
304,26.09,60.1,400.0,20,0,0,0.87,0.38,0.09,0.09,26.73,24.66,26.1,3,Warm
305,26.94,69.4,400.0,20,0,0,1.0,0.81,0.82,0.252,26.31,25.23,27.22,4,Hot
306,22.0,44.1,411.0,502.0,1,1,0.16,0.01,0.74,0.261,22.55,22.66,21.88,2,Neutral
307,24.68,46.9,400.0,20,0,1,0.94,0.03,0.88,0.296,23.29,25.78,24.63,2,Neutral
308,25.21,62.3,522.0,522.0,1,1,0.73,0.21,0.09,0.227,25.15,25.47,25.29,3,Warm
309,27.99,48.2,766.0,305.0,1,0,0.77,0.9,0.33,0.377,28.2,29.23,27.06,2,Neutral
310,19.51,60.3,400.0,20,0,0,0.75,0.81,0.02,0.084,19.56,18.85,19.87,2,Neutral
311,22.38,41.9,400.0,20,0,0,0.11,0.73,0.16,0.244,22.69,22.26,22.6,3,Warm
312,22.79,49.8,400.0,20,0,1,0.22,0.61,0.27,0.104,22.51,23.37,22.63,3,Warm
313,25.2,54.6,437.0,658.0,1,0,0.63,0.64,0.95,0.359,24.72,25.43,24.82,4,Hot
314,22.56,52.3,400.0,20,0,1,0.83,0.59,0.24,0.261,23.27,23.87,23.44,2,Neutral
315,18.81,49.3,400.0,20,0,1,0.37,0.65,0.97,0.085,19.52,18.46,18.8,2,Neutral
316,23.31,57.8,400.0,20,0,1,0.77,0.7,0.82,0.267,24.36,23.62,23.17,4,Hot
317,26.18,60.4,400.0,20,0,0,0.5,0.84,0.47,0.441,26.04,25.59,26.61,3,Warm
318,24.57,58.6,487.0,550.0,1,1,0.3,0.92,0.98,0.128,24.84,24.9,25.2,2,Neutral
319,21.01,67.7,400.0,20,0,1,0.1,0.79,0.3,0.119,21.67,20.91,21.36,3,Warm
320,19.16,46.8,400.0,20,0,1,0.69,0.02,0.52,0.237,18.59,18.85,18.51,2,Neutral
321,24.71,42.3,793.0,206.0,1,0,0.04,0.76,0.65,0.136,24.96,24.44,24.53,2,Neutral
322,21.64,61.9,400.0,20,0,0,0.45,0.61,0.63,0.348,21.83,21.79,21.14,4,Hot
323,24.83,44.9,400.0,20,0,0,0.4,0.06,0.6,0.277,24.72,23.78,25.57,2,Neutral
324,20.92,67.0,669.0,493.0,1,1,0.39,0.09,0.15,0.173,20.78,17.91,21.3,4,Hot
325,26.11,30.9,400.0,20,0,0,0.27,0.9,0.82,0.14,25.99,24.89,26.18,2,Neutral
326,23.38,37.5,681.0,557.0,1,1,0.86,0.9,0.3,0.266,23.39,23.05,23.43,1,Cool
327,25.41,43.8,400.0,20,0,0,0.02,0.12,0.32,0.325,24.52,24.87,25.22,2,Neutral
328,25.4,42.2,400.0,20,0,1,0.44,0.61,0.3,0.193,25.59,26.49,25.67,2,Neutral
329,22.11,68.5,487.0,222.0,1,1,0.98,0.6,0.13,0.074,22.84,23.83,22.05,2,Neutral
330,21.96,33.6,400.0,20,0,0,0.36,0.13,0.85,0.363,21.64,19.78,22.31,2,Neutral
331,26.69,35.9,400.0,20,0,1,0.79,0.96,0.14,0.398,27.21,27.15,26.53,2,Neutral
332,23.99,53.7,400.0,20,0,0,0.55,0.8,0.42,0.389,23.13,24.97,23.95,2,Neutral
333,19.68,68.6,400.0,20,0,0,0.25,0.03,0.62,0.168,20.51,18.83,19.95,3,Warm
334,24.62,48.4,498.0,607.0,1,0,0.22,0.29,0.48,0.24,24.23,24.75,24.7,2,Neutral
335,26.69,48.0,400.0,20,0,0,0.54,0.97,0.41,0.102,26.61,26.66,26.85,3,Warm
336,26.72,38.4,400.0,20,0,0,0.83,0.31,0.28,0.408,26.6,27.52,26.96,2,Neutral
337,21.66,39.0,400.0,20,0,1,0.1,0.99,0.24,0.171,21.92,22.5,21.47,1,Cool
338,20.01,49.3,400.0,20,0,0,0.83,0.18,0.51,0.111,20.64,18.03,19.51,2,Neutral
339,20.94,57.4,400.0,20,0,1,0.16,0.2,0.51,0.387,20.77,20.81,20.96,2,Neutral
340,22.21,68.5,637.0,623.0,1,1,0.77,0.91,0.97,0.316,21.65,21.84,21.84,2,Neutral
341,27.15,43.3,755.0,634.0,1,0,0.91,0.1,0.67,0.334,26.52,27.7,26.87,0,Cold
342,24.25,39.5,400.0,20,0,1,0.12,0.5,0.38,0.336,24.47,23.98,24.13,2,Neutral
343,23.25,41.0,400.0,20,0,0,0.26,0.21,0.3,0.086,22.59,22.58,23.76,2,Neutral
344,25.22,45.0,400.0,20,0,1,0.03,0.21,0.04,0.209,24.46,25.87,24.53,2,Neutral
345,27.44,60.1,580.0,215.0,1,0,0.64,0.3,0.24,0.331,27.44,27.33,27.35,0,Cold
346,20.89,49.9,400.0,20,0,0,0.11,0.73,0.15,0.337,21.71,22.22,20.68,2,Neutral
347,26.53,40.4,758.0,332.0,1,0,0.95,0.44,0.51,0.242,25.8,26.33,26.25,3,Warm
348,26.7,66.6,790.0,415.0,1,1,0.41,0.7,0.38,0.336,25.76,25.57,26.03,3,Warm
349,23.29,67.4,400.0,20,0,1,0.52,0.9,0.01,0.083,23.98,22.32,23.76,3,Warm
350,22.07,59.6,653.0,582.0,1,0,0.18,0.0,0.1,0.401,21.61,22.92,22.5,2,Neutral
351,24.39,46.3,400.0,20,0,1,0.7,0.04,0.95,0.304,24.08,25.32,24.96,4,Hot
352,25.2,55.8,400.0,20,0,0,0.41,0.46,0.58,0.288,24.88,24.06,25.58,3,Warm
353,26.43,66.6,759.0,162.0,1,0,0.39,0.31,0.77,0.342,26.27,26.47,26.27,1,Cool
354,24.84,63.3,400.0,20,0,0,0.25,0.59,0.96,0.114,24.99,24.22,25.54,2,Neutral
355,26.9,65.3,487.0,589.0,1,1,0.16,0.25,0.78,0.188,28.14,27.49,26.67,2,Neutral
356,23.24,47.5,656.0,576.0,1,1,0.25,0.04,0.44,0.22,23.41,26.45,22.93,2,Neutral
357,20.42,46.1,400.0,20,0,0,0.37,0.55,0.93,0.393,19.41,19.1,20.14,2,Neutral
358,23.51,56.3,400.0,20,0,0,0.62,0.28,0.78,0.315,23.43,23.47,23.19,2,Neutral
359,23.76,36.4,700.0,253.0,1,1,0.51,0.74,0.08,0.371,23.5,23.63,23.89,2,Neutral
360,25.67,70.0,400.0,20,0,0,0.26,0.39,0.41,0.334,25.64,24.93,25.38,1,Cool
361,22.57,48.9,782.0,616.0,1,0,0.67,0.32,0.43,0.126,22.78,23.52,22.32,3,Warm
362,27.41,40.6,400.0,20,0,1,0.51,0.44,0.1,0.085,28.37,26.62,27.09,2,Neutral
363,18.47,55.2,400.0,20,0,1,0.75,0.77,0.34,0.27,18.53,18.69,18.58,1,Cool
364,19.56,34.6,729.0,466.0,1,0,0.32,0.42,0.43,0.364,19.53,19.63,19.66,2,Neutral
365,23.47,55.9,400.0,20,0,1,0.27,0.45,0.1,0.335,23.73,22.09,23.76,2,Neutral
366,24.9,46.3,400.0,20,0,0,0.65,0.83,0.4,0.14,25.33,25.42,25.46,3,Warm
367,18.32,59.7,407.0,693.0,1,0,0.03,0.42,0.75,0.191,18.69,16.88,18.61,2,Neutral
368,25.32,51.8,427.0,503.0,1,0,0.73,0.98,0.13,0.302,25.7,25.18,25.37,3,Warm
369,24.64,56.1,400.0,20,0,1,0.07,0.69,0.95,0.261,24.46,25.32,24.8,2,Neutral
370,20.02,38.9,400.0,20,0,1,0.07,0.29,0.03,0.408,19.73,20.86,20.07,2,Neutral
371,20.89,56.8,400.0,20,0,0,0.68,0.67,0.2,0.074,20.62,21.36,21.07,2,Neutral
372,19.86,58.0,541.0,300.0,1,0,0.14,0.16,0.28,0.374,20.36,20.64,19.97,1,Cool
373,21.41,62.5,400.0,20,0,0,0.13,0.18,0.09,0.183,21.03,21.36,21.14,2,Neutral
374,23.49,41.6,714.0,222.0,1,0,0.58,0.67,0.94,0.202,23.32,23.65,22.97,2,Neutral
375,23.91,65.3,650.0,225.0,1,1,0.01,0.49,0.73,0.355,23.74,25.58,23.73,3,Warm
376,18.93,39.5,400.0,20,0,0,0.2,1.0,0.91,0.289,18.87,18.97,19.01,2,Neutral
377,18.87,49.7,400.0,20,0,1,0.58,0.5,0.84,0.278,19.3,18.55,18.54,2,Neutral
378,25.75,40.3,628.0,580.0,1,0,0.55,0.33,0.03,0.359,26.52,24.5,25.35,2,Neutral
379,21.29,61.4,400.0,20,0,0,0.07,0.94,0.39,0.116,21.19,19.73,21.25,2,Neutral
380,20.44,32.6,591.0,333.0,1,0,0.01,0.97,0.12,0.249,19.71,20.27,20.25,2,Neutral
381,21.26,62.6,637.0,186.0,1,0,0.37,0.13,0.61,0.324,20.74,20.94,20.86,1,Cool
382,18.16,44.2,608.0,173.0,1,0,0.97,0.64,0.13,0.126,18.78,18.15,18.14,2,Neutral
383,23.75,60.6,734.0,320.0,1,0,0.54,0.53,0.35,0.241,24.22,23.38,23.56,3,Warm
384,21.9,39.9,688.0,371.0,1,1,0.26,0.98,0.58,0.269,21.62,21.84,22.4,2,Neutral
385,25.55,46.7,599.0,672.0,1,1,0.0,0.39,0.18,0.371,25.62,26.33,25.13,2,Neutral
386,22.82,58.8,419.0,176.0,1,1,0.4,0.6,0.87,0.157,22.95,22.46,23.07,2,Neutral
387,20.16,39.6,437.0,248.0,1,0,0.86,0.36,0.42,0.153,20.62,19.71,19.81,3,Warm
388,26.92,66.9,400.0,20,0,0,0.98,0.56,0.85,0.386,27.1,27.36,26.34,1,Cool
389,23.35,64.9,500.0,377.0,1,0,0.63,0.41,0.85,0.241,22.21,23.86,22.98,4,Hot
390,25.62,66.5,400.0,20,0,0,0.54,0.54,0.67,0.125,25.77,25.33,25.99,2,Neutral
391,22.48,43.3,703.0,161.0,1,0,0.95,0.53,0.32,0.427,22.01,23.41,22.29,1,Cool
392,22.67,63.0,410.0,673.0,1,1,0.0,0.36,0.25,0.379,22.7,20.89,22.68,2,Neutral
393,25.37,44.7,688.0,604.0,1,0,0.36,0.46,0.09,0.269,25.36,24.4,26.26,1,Cool
394,27.65,34.1,781.0,485.0,1,0,0.63,0.63,0.36,0.327,28.09,27.21,28.03,2,Neutral
395,26.17,45.3,629.0,309.0,1,0,0.04,0.54,0.32,0.329,25.57,25.18,25.96,2,Neutral
396,22.64,42.9,437.0,427.0,1,0,0.91,0.74,0.82,0.127,23.3,22.41,22.48,4,Hot
397,20.11,51.3,400.0,20,0,0,0.4,0.69,0.62,0.072,20.95,21.3,20.43,3,Warm
398,18.68,40.4,400.0,20,0,1,0.52,0.1,0.4,0.171,18.04,18.83,18.81,2,Neutral
399,20.74,46.9,730.0,623.0,1,0,0.51,0.12,0.7,0.134,20.9,20.0,20.46,2,Neutral
400,23.03,69.0,400.0,20,0,0,0.47,0.34,0.55,0.166,22.8,21.9,23.61,2,Neutral
401,21.05,60.1,400.0,20,0,1,0.23,0.26,0.57,0.26,20.86,20.18,21.1,2,Neutral
402,21.45,33.5,762.0,130.0,1,1,0.18,0.43,0.89,0.109,21.64,20.45,22.21,1,Cool
403,26.16,56.6,623.0,294.0,1,1,0.26,0.32,0.29,0.381,25.83,25.05,25.79,2,Neutral
404,25.81,64.8,400.0,20,0,0,0.03,0.73,0.38,0.235,26.14,26.11,26.73,0,Cold
405,27.05,66.7,400.0,20,0,0,0.55,0.6,0.54,0.254,27.47,27.21,26.75,2,Neutral
406,20.25,45.7,400.0,20,0,0,0.02,0.25,0.05,0.428,21.11,20.67,19.76,2,Neutral
407,27.05,54.1,400.0,20,0,1,0.22,0.62,0.11,0.33,28.33,25.85,26.66,2,Neutral
408,18.02,66.7,400.0,20,0,0,0.43,0.79,0.72,0.376,17.7,16.83,17.71,2,Neutral
409,20.14,67.8,400.0,20,0,0,0.1,0.82,0.3,0.28,20.66,20.11,20.19,2,Neutral
410,25.77,52.5,400.0,20,0,0,0.89,0.8,0.56,0.241,26.12,26.36,25.31,2,Neutral
411,22.81,37.5,400.0,20,0,1,0.36,0.1,0.13,0.22,24.33,22.5,22.89,2,Neutral
412,24.89,58.5,400.0,20,0,0,0.18,0.89,0.85,0.376,25.3,26.24,25.37,2,Neutral
413,19.29,60.6,400.0,20,0,1,0.73,0.83,0.7,0.199,19.28,20.17,19.84,1,Cool
414,21.43,32.9,603.0,440.0,1,0,0.98,0.57,0.11,0.262,21.99,21.92,21.1,2,Neutral
415,20.91,65.3,689.0,232.0,1,0,0.9,0.57,0.14,0.105,20.95,20.36,21.03,2,Neutral
416,25.52,61.3,679.0,252.0,1,0,0.91,0.97,0.68,0.23,26.14,24.91,25.34,2,Neutral
417,23.02,66.5,400.0,20,0,1,0.35,0.9,0.32,0.289,23.73,24.05,22.77,1,Cool
418,18.27,42.9,636.0,389.0,1,1,0.8,0.36,0.82,0.387,18.34,19.11,18.38,4,Hot
419,24.59,55.4,419.0,369.0,1,1,0.83,0.69,0.08,0.377,25.85,22.92,24.39,2,Neutral
420,23.68,32.4,400.0,20,0,1,0.43,0.82,0.26,0.164,23.68,22.46,23.3,2,Neutral
421,24.51,66.2,400.0,20,0,0,0.14,0.62,0.61,0.25,25.48,24.56,24.88,0,Cold
422,18.66,52.4,557.0,225.0,1,0,0.75,0.08,0.63,0.116,18.15,18.58,18.42,3,Warm
423,27.21,54.6,400.0,20,0,0,0.02,0.0,0.09,0.081,27.28,27.83,27.4,2,Neutral
424,21.62,51.5,507.0,274.0,1,1,0.58,0.99,0.7,0.304,21.81,22.56,21.09,2,Neutral
425,25.45,61.6,764.0,193.0,1,0,0.16,0.49,0.29,0.203,25.17,24.53,25.08,1,Cool
426,19.15,47.9,400.0,20,0,1,0.34,0.81,0.14,0.356,18.08,19.35,19.85,1,Cool
427,25.36,34.0,559.0,428.0,1,1,0.99,0.69,0.67,0.442,24.7,23.92,25.12,2,Neutral
428,21.35,69.4,400.0,20,0,1,0.83,0.92,0.03,0.265,21.55,22.31,20.72,2,Neutral
429,23.85,49.1,400.0,20,0,1,0.72,0.22,0.08,0.233,24.32,21.94,23.23,2,Neutral
430,25.88,31.5,400.0,20,0,1,0.16,0.86,0.88,0.169,25.77,25.66,26.35,2,Neutral
431,21.51,60.4,400.0,20,0,0,0.24,0.43,0.52,0.321,21.33,22.08,21.62,4,Hot
432,20.09,66.8,506.0,450.0,1,1,0.16,0.84,0.54,0.113,19.93,21.16,20.44,2,Neutral
433,22.49,54.7,400.0,20,0,1,0.95,0.08,0.1,0.219,22.31,23.36,21.98,2,Neutral
434,19.87,38.3,400.0,20,0,0,0.05,0.85,0.06,0.328,20.48,21.21,19.9,2,Neutral
435,19.29,36.2,400.0,20,0,0,0.63,0.79,0.82,0.254,18.5,19.73,19.86,2,Neutral
436,23.72,44.3,486.0,619.0,1,0,0.79,0.16,0.88,0.268,23.55,23.66,23.45,3,Warm
437,24.88,63.6,686.0,432.0,1,0,0.33,0.46,0.6,0.285,25.48,25.49,24.86,3,Warm
438,26.11,58.5,421.0,519.0,1,1,0.42,0.39,0.6,0.231,26.0,25.77,26.15,1,Cool
439,24.42,49.7,400.0,20,0,0,0.43,0.2,0.73,0.218,24.79,25.67,24.55,2,Neutral
440,23.38,50.6,400.0,20,0,1,0.84,0.59,0.31,0.446,22.62,23.89,24.06,3,Warm
441,21.15,53.8,400.0,20,0,0,0.9,0.78,0.91,0.26,20.49,21.88,21.65,2,Neutral
442,26.29,54.2,509.0,641.0,1,1,0.09,0.77,0.25,0.229,26.22,26.15,25.73,2,Neutral
443,23.27,43.0,512.0,482.0,1,0,0.78,0.31,0.82,0.273,22.11,24.05,22.75,3,Warm
444,27.07,32.4,776.0,546.0,1,1,0.21,0.95,0.94,0.276,27.73,27.31,26.25,2,Neutral
445,20.89,45.1,669.0,565.0,1,0,0.85,0.65,0.07,0.373,21.19,21.2,21.42,3,Warm
446,21.72,52.6,636.0,287.0,1,0,0.92,0.04,0.91,0.165,21.09,22.48,22.1,2,Neutral
447,23.5,34.1,400.0,20,0,1,0.08,0.19,0.86,0.288,24.87,23.5,23.14,2,Neutral
448,22.33,63.7,756.0,584.0,1,0,0.89,0.89,0.73,0.321,22.68,21.58,21.76,2,Neutral
449,19.19,34.3,610.0,668.0,1,0,0.85,0.15,0.38,0.273,19.05,20.47,19.27,1,Cool
450,24.52,57.5,400.0,20,0,0,0.15,0.96,0.07,0.439,24.91,22.34,23.87,4,Hot
451,22.26,68.7,791.0,461.0,1,0,0.85,0.45,0.31,0.105,22.15,23.07,22.51,2,Neutral
452,22.35,58.7,524.0,658.0,1,1,0.05,0.13,0.28,0.433,22.1,21.59,21.67,2,Neutral
453,25.52,62.5,400.0,20,0,0,0.64,0.31,0.56,0.362,25.47,25.19,24.77,2,Neutral
454,22.4,39.4,400.0,20,0,1,0.82,0.52,0.39,0.406,22.97,21.5,22.55,3,Warm
455,26.31,45.6,400.0,20,0,0,0.85,0.96,0.12,0.319,26.34,29.3,25.66,2,Neutral
456,18.24,42.5,400.0,20,0,1,0.97,0.77,0.91,0.262,17.77,17.71,18.11,3,Warm
457,22.8,56.9,400.0,20,0,0,0.37,0.79,0.88,0.135,23.18,25.21,22.67,3,Warm
458,20.49,33.8,400.0,20,0,0,0.9,0.5,0.84,0.092,20.08,19.43,20.53,1,Cool
459,21.12,53.8,400.0,20,0,0,0.85,0.44,0.32,0.281,21.54,21.05,20.99,3,Warm
460,22.58,66.2,400.0,20,0,1,0.22,0.66,0.34,0.058,22.85,20.96,22.76,2,Neutral
461,26.4,67.8,400.0,20,0,1,0.46,0.72,0.6,0.253,26.25,26.03,26.65,2,Neutral
462,26.34,52.2,400.0,20,0,1,0.09,0.57,0.73,0.134,26.55,25.97,26.46,2,Neutral
463,22.41,49.1,435.0,377.0,1,1,0.82,0.24,0.77,0.443,21.99,22.47,22.4,2,Neutral
464,18.58,54.7,400.0,20,0,1,0.22,0.6,0.79,0.256,18.9,18.69,19.06,2,Neutral
465,18.89,63.8,400.0,20,0,1,0.76,0.01,0.09,0.353,18.69,20.41,18.52,2,Neutral
466,18.75,33.5,422.0,231.0,1,1,0.03,0.47,0.24,0.274,19.01,16.82,18.67,2,Neutral
467,21.34,49.7,400.0,20,0,1,0.02,0.1,0.95,0.068,21.82,23.45,21.13,1,Cool
468,23.22,59.5,400.0,20,0,1,0.1,0.21,0.94,0.436,22.46,23.67,23.14,3,Warm
469,24.7,64.9,400.0,20,0,0,0.02,1.0,0.17,0.05,24.18,24.04,24.48,2,Neutral
470,26.25,65.3,400.0,20,0,0,0.97,0.3,0.38,0.062,26.31,26.26,26.67,2,Neutral
471,23.07,61.9,400.0,20,0,0,0.17,0.95,0.49,0.303,23.48,23.7,22.89,2,Neutral
472,26.22,38.5,725.0,207.0,1,0,0.97,0.36,0.3,0.45,25.83,27.86,26.68,3,Warm
473,23.59,53.0,400.0,20,0,1,0.89,0.7,0.3,0.442,22.89,24.74,23.65,2,Neutral
474,25.49,69.9,400.0,20,0,0,0.01,0.19,0.38,0.366,25.53,25.51,25.72,2,Neutral
475,18.85,66.5,400.0,20,0,1,0.35,0.33,0.52,0.258,18.63,20.13,18.54,2,Neutral
476,20.41,67.5,691.0,331.0,1,0,0.82,0.26,0.88,0.447,21.39,20.66,20.44,2,Neutral
477,27.58,59.0,553.0,540.0,1,1,0.32,0.62,0.88,0.19,27.47,29.14,27.35,3,Warm
478,18.3,64.4,770.0,658.0,1,0,0.73,0.38,0.51,0.389,17.78,17.81,18.08,1,Cool
479,18.56,65.8,400.0,20,0,1,0.0,0.07,0.45,0.266,17.84,18.22,18.6,2,Neutral
480,23.31,36.3,400.0,20,0,0,0.49,0.85,0.88,0.242,23.25,23.05,22.99,2,Neutral
481,26.47,32.9,518.0,674.0,1,0,0.57,0.22,0.96,0.14,27.16,25.31,26.25,2,Neutral
482,19.38,49.0,400.0,20,0,0,0.84,0.35,0.61,0.063,18.49,19.17,18.86,3,Warm
483,27.68,32.5,792.0,464.0,1,1,0.97,0.75,0.4,0.124,28.06,26.18,27.23,3,Warm
484,19.69,63.5,400.0,20,0,1,0.53,0.47,0.76,0.099,19.4,18.46,20.37,1,Cool
485,23.91,62.4,400.0,20,0,0,0.93,0.43,0.09,0.404,23.92,23.42,23.88,2,Neutral
486,25.92,59.2,400.0,20,0,0,0.52,0.68,0.94,0.071,26.32,25.36,26.52,4,Hot
487,21.45,47.0,400.0,20,0,0,0.97,0.09,0.84,0.116,21.26,20.98,21.27,3,Warm
488,18.53,46.5,739.0,294.0,1,0,0.75,0.86,0.4,0.256,18.34,17.04,18.02,2,Neutral
489,27.84,53.4,400.0,20,0,0,0.1,0.34,0.41,0.255,28.78,27.36,26.74,3,Warm
490,20.29,37.3,415.0,441.0,1,1,0.55,0.77,0.02,0.269,19.65,20.29,19.82,1,Cool
491,24.47,45.0,400.0,20,0,1,0.56,0.65,0.76,0.399,24.19,24.59,23.95,2,Neutral
492,19.98,53.6,405.0,651.0,1,0,0.6,0.7,0.71,0.113,19.62,19.43,19.98,0,Cold
493,25.59,64.0,659.0,281.0,1,1,0.28,0.43,0.99,0.111,26.2,24.49,25.71,2,Neutral
494,23.19,59.7,400.0,20,0,1,0.41,0.34,0.5,0.423,23.77,22.87,23.79,2,Neutral
495,25.45,42.7,400.0,20,0,0,0.6,0.68,0.32,0.184,25.55,25.09,25.33,2,Neutral
496,25.22,46.8,400.0,20,0,1,0.44,0.17,0.29,0.185,25.98,24.56,25.52,1,Cool
497,25.71,52.1,400.0,20,0,1,0.79,0.22,0.73,0.376,25.33,25.74,26.11,2,Neutral
498,19.95,68.2,656.0,272.0,1,1,0.94,0.29,0.82,0.3,20.46,20.07,19.37,2,Neutral
499,24.22,42.8,653.0,153.0,1,0,0.1,0.52,0.48,0.086,23.39,22.85,24.02,2,Neutral
500,26.74,59.9,400.0,20,0,0,0.03,0.73,0.06,0.057,27.5,26.54,26.28,3,Warm
501,20.52,52.0,400.0,20,0,1,0.54,0.91,0.2,0.207,21.7,19.65,20.48,3,Warm
502,19.3,46.4,400.0,20,0,0,0.9,0.09,0.76,0.434,18.88,19.5,19.4,3,Warm
503,19.12,69.7,400.0,20,0,0,0.84,0.57,0.24,0.238,18.0,19.29,19.48,3,Warm
504,22.09,65.3,400.0,20,0,0,0.28,0.41,0.31,0.447,23.17,21.51,22.14,2,Neutral
505,23.2,43.3,400.0,20,0,1,0.96,0.52,0.8,0.231,23.89,24.32,22.65,2,Neutral
506,26.78,62.4,400.0,20,0,1,0.63,0.25,0.41,0.369,26.43,25.68,26.71,3,Warm
507,27.48,34.8,400.0,20,0,0,0.22,0.46,0.79,0.116,27.68,26.94,27.47,4,Hot
508,27.19,48.0,429.0,170.0,1,1,0.42,0.95,0.28,0.27,26.83,26.04,27.55,2,Neutral
509,24.08,60.0,666.0,619.0,1,0,0.78,0.76,0.43,0.08,23.3,24.73,23.95,2,Neutral
510,19.16,34.4,400.0,20,0,0,0.35,0.88,0.7,0.253,19.28,18.95,18.99,3,Warm
511,19.71,65.8,636.0,325.0,1,1,0.7,0.04,0.57,0.159,19.82,18.94,19.42,1,Cool
512,27.41,33.3,400.0,20,0,0,0.74,0.85,0.2,0.362,27.41,27.07,27.54,4,Hot
513,26.51,44.1,661.0,417.0,1,0,0.66,0.15,0.25,0.341,26.78,27.52,26.28,1,Cool
514,21.99,61.3,400.0,20,0,1,0.88,0.18,0.53,0.104,22.32,22.66,22.58,2,Neutral
515,24.78,48.2,662.0,210.0,1,0,0.81,0.0,0.42,0.376,25.15,23.82,24.13,2,Neutral
516,20.14,41.1,400.0,20,0,0,0.02,0.87,0.4,0.434,19.73,20.03,19.61,2,Neutral
517,19.96,40.2,400.0,20,0,0,0.22,0.37,0.62,0.237,20.02,17.81,19.93,2,Neutral
518,26.75,43.3,400.0,20,0,1,0.71,0.05,0.06,0.066,26.64,27.57,26.11,2,Neutral
519,21.26,68.8,400.0,20,0,0,0.91,0.09,0.82,0.066,22.19,21.09,21.42,2,Neutral
520,18.78,43.1,622.0,622.0,1,0,0.29,0.43,0.54,0.32,20.13,19.22,18.92,2,Neutral
521,18.14,34.5,544.0,614.0,1,0,0.88,0.79,0.39,0.422,17.87,18.5,17.5,1,Cool
522,18.84,53.4,400.0,20,0,0,0.65,0.84,0.75,0.217,18.52,19.18,18.91,2,Neutral
523,27.08,35.8,411.0,480.0,1,0,0.9,0.29,0.46,0.25,27.14,27.09,27.36,3,Warm
524,26.63,60.3,400.0,20,0,1,0.77,1.0,0.9,0.323,26.36,27.02,26.48,2,Neutral
525,22.93,65.9,400.0,20,0,0,0.52,0.55,0.98,0.376,22.79,22.72,23.4,2,Neutral
526,20.41,31.0,756.0,144.0,1,1,0.26,0.22,0.54,0.396,21.02,20.0,20.74,2,Neutral
527,24.6,67.8,400.0,20,0,1,0.27,0.15,0.83,0.381,25.42,25.22,24.84,1,Cool
528,27.84,65.9,442.0,683.0,1,1,0.33,0.96,0.58,0.136,27.89,27.55,27.85,3,Warm
529,20.57,58.3,400.0,20,0,1,0.85,0.2,0.64,0.08,20.47,19.66,20.86,2,Neutral
530,24.14,62.3,708.0,687.0,1,0,0.43,0.58,0.18,0.45,22.75,23.3,24.69,2,Neutral
531,22.14,65.9,400.0,20,0,1,0.25,0.96,0.13,0.109,21.72,20.52,22.51,2,Neutral
532,20.81,53.6,400.0,20,0,0,0.34,0.42,0.73,0.364,20.76,19.05,20.51,2,Neutral
533,26.03,59.3,700.0,230.0,1,0,0.73,0.78,0.04,0.294,27.03,25.29,26.27,2,Neutral
534,19.97,32.9,686.0,575.0,1,1,0.99,0.6,0.21,0.098,19.86,19.71,19.66,1,Cool
535,26.63,54.6,400.0,20,0,0,0.47,0.7,0.89,0.092,26.35,27.17,26.66,2,Neutral
536,22.35,40.6,400.0,20,0,0,0.35,0.69,0.3,0.169,23.22,22.08,22.23,3,Warm
537,24.21,68.2,594.0,612.0,1,1,0.09,0.22,0.57,0.336,24.36,23.43,23.58,4,Hot
538,19.21,67.0,554.0,654.0,1,1,0.07,0.97,0.57,0.232,19.37,18.53,18.98,4,Hot
539,18.18,31.2,400.0,20,0,0,0.84,0.02,0.53,0.251,17.96,19.17,18.65,1,Cool
540,21.51,54.3,400.0,20,0,1,0.99,0.8,0.06,0.399,22.18,21.53,21.75,2,Neutral
541,21.03,43.2,748.0,426.0,1,1,0.26,0.25,0.67,0.086,20.91,19.43,21.54,1,Cool
542,21.23,47.1,400.0,20,0,0,0.96,0.23,0.77,0.136,20.97,21.25,20.88,2,Neutral
543,21.46,54.6,764.0,292.0,1,0,0.76,0.89,0.05,0.303,20.79,20.08,21.71,2,Neutral
544,23.05,59.2,442.0,453.0,1,0,0.02,0.27,0.97,0.351,22.54,23.75,23.15,2,Neutral
545,19.66,41.2,769.0,547.0,1,1,0.24,0.12,0.94,0.343,18.86,18.33,19.29,3,Warm
546,26.27,47.0,400.0,20,0,0,0.26,0.09,0.83,0.347,26.02,26.38,26.68,2,Neutral
547,26.72,61.2,496.0,128.0,1,1,0.25,0.24,0.55,0.28,26.54,28.39,26.09,1,Cool
548,26.13,64.0,532.0,489.0,1,1,0.88,0.91,0.09,0.218,25.08,26.77,25.81,3,Warm
549,24.77,49.7,728.0,634.0,1,1,0.24,0.97,0.8,0.387,25.77,26.16,24.28,2,Neutral
550,20.22,45.1,400.0,20,0,1,0.54,0.49,0.12,0.235,19.95,19.57,20.0,3,Warm
551,27.47,46.2,400.0,20,0,0,0.76,0.59,0.79,0.126,26.72,27.84,27.65,2,Neutral
552,18.28,48.2,400.0,20,0,1,0.13,0.89,0.73,0.204,18.34,20.28,17.95,1,Cool
553,18.32,57.1,400.0,20,0,0,0.32,0.49,0.79,0.096,17.95,17.79,17.62,2,Neutral
554,24.35,52.5,400.0,20,0,1,0.92,0.8,0.42,0.332,23.42,22.29,24.23,2,Neutral
555,27.2,34.5,534.0,235.0,1,0,0.55,0.22,0.12,0.113,28.07,27.74,26.8,2,Neutral
556,27.09,59.0,400.0,20,0,0,0.33,0.15,0.05,0.089,27.89,26.49,26.23,2,Neutral
557,22.55,52.7,487.0,530.0,1,0,0.98,0.38,0.43,0.222,22.07,20.14,22.4,2,Neutral
558,18.74,33.3,501.0,144.0,1,1,0.89,0.51,0.39,0.392,18.4,17.52,18.97,2,Neutral
559,23.07,58.1,610.0,547.0,1,1,0.18,0.03,0.87,0.103,23.4,23.56,23.04,1,Cool
560,22.62,47.2,400.0,20,0,1,0.26,0.02,0.78,0.445,22.66,24.66,23.24,2,Neutral
561,20.9,34.6,400.0,20,0,0,0.44,0.95,0.09,0.228,20.63,19.26,21.57,3,Warm
562,27.75,66.6,400.0,20,0,1,0.28,0.16,0.83,0.17,27.94,27.23,27.93,2,Neutral
563,20.23,63.6,732.0,227.0,1,0,0.74,0.73,0.92,0.333,20.2,18.75,19.82,4,Hot
564,25.81,54.2,762.0,359.0,1,0,0.85,0.26,0.66,0.259,26.83,28.16,26.2,2,Neutral
565,24.59,47.5,400.0,20,0,1,0.08,0.71,0.79,0.326,24.32,24.03,24.53,1,Cool
566,19.08,58.0,400.0,20,0,1,0.68,0.22,0.55,0.228,19.46,19.03,18.83,2,Neutral
567,20.4,36.9,768.0,536.0,1,0,0.25,0.89,0.66,0.121,20.91,20.05,20.49,3,Warm
568,19.04,46.2,600.0,287.0,1,1,0.18,0.01,0.93,0.142,18.74,17.56,19.35,2,Neutral
569,23.88,42.7,400.0,20,0,1,0.73,0.91,1.0,0.194,24.16,23.86,23.78,0,Cold
570,20.86,65.7,400.0,20,0,1,0.86,0.3,0.17,0.144,20.4,20.75,20.62,2,Neutral
571,20.92,58.6,642.0,615.0,1,0,0.82,0.56,0.18,0.143,20.67,20.15,20.85,2,Neutral
572,24.77,33.2,518.0,322.0,1,0,0.36,0.43,0.31,0.116,25.85,23.84,24.8,2,Neutral
573,27.66,46.8,400.0,20,0,0,0.79,0.55,0.47,0.297,27.34,26.75,27.23,4,Hot
574,19.39,65.4,469.0,382.0,1,1,0.92,0.55,0.13,0.213,19.12,20.34,19.37,0,Cold
575,20.32,33.6,716.0,347.0,1,1,0.01,0.12,0.53,0.096,20.63,22.16,20.2,2,Neutral
576,22.04,63.9,447.0,509.0,1,1,0.34,0.32,0.99,0.188,21.19,20.55,22.38,2,Neutral
577,24.14,48.4,400.0,20,0,1,0.96,0.59,0.4,0.145,23.53,22.82,24.66,4,Hot
578,27.79,35.1,419.0,672.0,1,0,0.51,0.98,0.71,0.387,27.74,28.24,27.65,4,Hot
579,22.56,62.2,400.0,20,0,1,0.08,0.58,0.47,0.123,22.5,23.03,22.53,2,Neutral
580,20.44,54.3,400.0,20,0,0,0.91,0.77,0.61,0.133,20.07,20.96,20.42,2,Neutral
581,23.28,54.6,477.0,631.0,1,1,0.59,0.37,0.27,0.254,23.48,25.22,23.0,0,Cold
582,26.01,43.8,689.0,401.0,1,1,0.34,0.18,0.95,0.358,26.17,25.76,26.3,2,Neutral
583,18.31,41.7,685.0,406.0,1,0,0.82,0.73,0.14,0.332,18.24,18.0,17.93,2,Neutral
584,22.21,46.7,400.0,20,0,1,0.05,0.23,0.29,0.139,22.62,21.51,22.12,2,Neutral
585,27.98,45.4,516.0,149.0,1,0,0.26,0.61,0.76,0.145,29.55,26.77,27.82,2,Neutral
586,23.6,39.5,577.0,612.0,1,0,0.77,0.49,0.13,0.378,23.83,24.12,23.35,2,Neutral
587,25.99,69.6,537.0,401.0,1,1,0.63,0.67,0.87,0.345,25.32,25.11,25.49,1,Cool
588,18.03,60.3,400.0,20,0,1,0.69,0.4,0.53,0.231,18.34,16.9,18.25,2,Neutral
589,27.3,63.4,400.0,20,0,0,0.1,0.2,0.71,0.328,27.12,27.22,27.31,3,Warm
590,24.91,62.3,534.0,224.0,1,1,0.85,0.69,0.06,0.272,24.86,24.48,24.87,2,Neutral
591,24.87,45.7,400.0,20,0,1,0.32,0.73,0.3,0.206,25.17,23.06,24.25,3,Warm
592,20.43,32.0,662.0,651.0,1,0,0.48,0.08,0.66,0.29,20.36,19.87,20.97,2,Neutral
593,26.4,52.8,560.0,469.0,1,1,0.93,0.84,0.44,0.154,27.0,26.23,26.29,3,Warm
594,19.07,36.5,400.0,20,0,1,0.23,0.19,0.33,0.136,19.09,18.48,19.03,2,Neutral
595,19.72,43.1,400.0,20,0,1,0.47,0.75,0.54,0.111,19.24,18.66,19.93,3,Warm
596,25.29,30.8,400.0,20,0,1,0.73,0.5,0.8,0.386,25.39,24.13,25.47,0,Cold
597,22.03,55.6,400.0,20,0,1,0.25,0.95,0.7,0.116,21.69,22.45,22.09,2,Neutral
598,22.19,55.3,400.0,20,0,1,0.52,0.55,0.92,0.357,22.09,22.2,22.28,2,Neutral
599,20.62,52.4,779.0,677.0,1,1,0.11,0.41,0.76,0.291,21.07,22.17,20.64,2,Neutral
600,26.02,56.3,400.0,20,0,1,0.01,0.64,0.47,0.168,26.09,26.89,25.57,2,Neutral
601,22.8,66.4,400.0,20,0,1,0.22,0.1,0.61,0.059,23.24,23.96,22.76,2,Neutral
602,22.39,37.8,400.0,20,0,1,0.03,0.96,0.96,0.172,22.16,22.86,21.82,1,Cool
603,21.44,52.4,720.0,161.0,1,0,0.59,0.84,0.99,0.247,21.48,21.34,21.91,2,Neutral
604,26.14,49.2,400.0,20,0,1,0.48,0.31,0.14,0.394,25.53,26.34,26.57,0,Cold
605,20.56,38.7,665.0,214.0,1,1,0.26,0.5,0.08,0.397,20.38,20.91,20.99,2,Neutral
606,25.09,56.7,400.0,20,0,0,0.53,1.0,0.73,0.118,25.39,25.42,25.74,4,Hot
607,23.22,58.6,461.0,341.0,1,1,0.25,0.9,0.94,0.426,21.8,22.87,23.42,2,Neutral
608,18.04,60.1,706.0,379.0,1,1,0.2,0.58,0.02,0.361,16.72,16.66,17.78,3,Warm
609,24.97,63.9,400.0,20,0,0,0.0,0.92,0.13,0.179,25.17,25.57,25.05,2,Neutral
610,26.41,54.4,483.0,203.0,1,0,0.2,0.74,0.34,0.089,25.7,26.72,26.54,2,Neutral
611,27.59,56.2,689.0,367.0,1,1,0.2,0.35,0.03,0.172,27.74,26.47,27.72,1,Cool
612,21.19,43.7,687.0,699.0,1,1,0.07,0.07,0.46,0.398,20.17,21.14,21.51,2,Neutral
613,27.11,41.6,665.0,319.0,1,1,0.47,0.0,0.78,0.242,28.76,27.9,26.98,3,Warm
614,21.94,69.2,443.0,539.0,1,0,0.92,0.3,0.58,0.169,21.2,21.13,21.81,3,Warm
615,21.26,62.3,400.0,20,0,1,0.99,0.46,0.2,0.236,20.93,21.9,21.46,2,Neutral
616,21.61,32.6,435.0,483.0,1,0,0.79,0.03,0.32,0.057,22.43,21.09,21.59,3,Warm
617,20.66,48.1,400.0,20,0,1,0.16,0.03,0.81,0.294,20.55,21.53,20.42,2,Neutral
618,25.18,66.5,564.0,390.0,1,0,0.16,0.18,0.34,0.417,25.5,26.3,25.21,3,Warm
619,19.89,46.4,400.0,20,0,1,0.86,0.33,0.36,0.153,19.79,20.67,19.03,1,Cool
620,22.78,68.1,642.0,350.0,1,0,0.54,0.78,0.29,0.324,23.14,22.44,22.94,3,Warm
621,25.22,59.2,673.0,143.0,1,0,0.36,0.54,0.99,0.39,25.15,26.3,25.59,3,Warm
622,21.09,31.2,517.0,249.0,1,0,0.62,0.18,0.7,0.24,21.17,21.42,21.25,4,Hot
623,21.47,63.8,400.0,20,0,1,0.14,0.35,0.74,0.386,22.43,21.16,21.46,3,Warm
624,19.37,45.1,656.0,538.0,1,1,0.29,0.6,0.1,0.096,19.38,18.49,19.43,4,Hot
625,26.05,41.3,400.0,20,0,1,0.41,0.6,0.79,0.437,25.99,26.82,25.87,2,Neutral
626,20.38,57.0,400.0,20,0,0,0.86,0.31,0.35,0.43,19.68,19.79,20.5,3,Warm
627,22.78,63.7,400.0,20,0,0,0.37,0.38,0.28,0.423,22.56,23.96,23.03,2,Neutral
628,23.92,43.2,693.0,580.0,1,1,0.75,0.14,0.36,0.203,23.88,24.75,23.38,2,Neutral
629,26.95,39.9,400.0,20,0,1,0.35,0.71,0.64,0.051,26.73,27.04,27.3,2,Neutral
630,23.7,55.2,436.0,439.0,1,0,0.0,0.41,0.25,0.067,23.94,23.46,23.37,2,Neutral
631,21.41,44.6,400.0,20,0,1,0.81,0.32,0.63,0.097,21.38,22.59,20.79,2,Neutral
632,24.8,67.4,400.0,20,0,0,0.43,0.39,0.71,0.109,25.23,24.37,24.7,2,Neutral
633,24.7,69.9,737.0,281.0,1,1,0.7,0.37,0.82,0.434,24.68,25.8,24.98,3,Warm
634,23.2,46.2,798.0,121.0,1,0,0.92,0.55,0.52,0.311,23.65,21.84,23.18,2,Neutral
635,26.85,48.4,400.0,20,0,1,0.75,0.93,0.2,0.444,27.62,26.54,27.03,1,Cool
636,18.23,69.4,400.0,20,0,0,0.38,0.91,0.07,0.196,18.43,17.89,18.22,2,Neutral
637,23.45,31.8,400.0,20,0,0,0.61,0.98,0.08,0.162,22.89,23.69,22.96,2,Neutral
638,21.33,45.1,400.0,20,0,1,0.84,0.35,0.02,0.232,21.42,20.64,21.75,3,Warm
639,20.54,44.0,677.0,181.0,1,1,0.64,0.05,0.16,0.282,20.07,20.58,20.4,1,Cool
640,18.77,56.2,600.0,427.0,1,1,0.64,0.51,0.88,0.25,20.03,18.69,18.87,2,Neutral
641,18.63,66.8,410.0,276.0,1,0,0.72,0.75,0.04,0.053,17.72,20.11,18.94,2,Neutral
642,26.98,64.9,400.0,20,0,0,0.03,0.44,0.95,0.36,27.05,27.7,27.06,1,Cool
643,20.3,31.6,479.0,154.0,1,0,0.23,0.16,0.42,0.082,20.12,19.94,20.71,2,Neutral
644,26.35,65.3,565.0,414.0,1,0,0.14,0.63,0.97,0.367,25.67,24.5,26.67,2,Neutral
645,25.06,50.2,561.0,693.0,1,0,0.82,0.18,0.24,0.398,24.18,25.13,25.08,2,Neutral
646,27.73,37.0,400.0,20,0,0,0.7,0.39,0.38,0.431,27.26,28.8,28.02,2,Neutral
647,22.94,66.5,704.0,258.0,1,0,0.51,0.47,0.04,0.29,22.75,22.91,22.89,2,Neutral
648,23.24,43.0,400.0,20,0,0,0.45,0.29,0.43,0.113,23.75,24.49,23.27,2,Neutral
649,27.13,51.0,400.0,20,0,0,0.19,0.37,0.07,0.219,28.75,26.39,27.11,2,Neutral
650,26.17,58.0,672.0,313.0,1,1,0.61,0.39,0.49,0.342,26.56,24.98,26.27,2,Neutral
651,26.77,68.8,404.0,601.0,1,1,0.5,0.67,0.24,0.131,26.54,27.15,26.36,1,Cool
652,19.3,61.3,735.0,464.0,1,1,0.8,0.3,0.93,0.448,18.69,18.97,19.49,2,Neutral
653,21.77,32.4,483.0,490.0,1,0,0.74,0.4,0.31,0.434,22.26,21.48,21.97,2,Neutral
654,27.45,67.9,400.0,20,0,0,0.71,0.9,0.83,0.416,26.34,26.52,27.65,2,Neutral
655,21.67,46.3,400.0,20,0,0,0.27,0.37,0.1,0.099,20.7,21.39,21.35,3,Warm
656,20.39,40.0,713.0,381.0,1,0,0.8,0.74,0.32,0.262,19.88,21.26,20.76,2,Neutral
657,27.83,37.9,400.0,20,0,0,0.58,0.3,0.79,0.299,27.1,25.7,28.15,3,Warm
658,22.38,63.6,400.0,20,0,0,0.74,0.64,0.19,0.425,21.77,24.16,22.86,4,Hot
659,23.86,68.9,400.0,20,0,0,0.33,0.57,0.56,0.086,24.62,24.39,24.17,3,Warm
660,25.36,49.1,494.0,587.0,1,0,0.57,0.57,0.61,0.213,25.25,24.95,25.28,3,Warm
661,23.67,34.3,681.0,308.0,1,0,0.55,0.52,0.63,0.209,23.86,23.95,23.96,0,Cold
662,21.08,50.3,400.0,20,0,0,0.36,0.14,0.8,0.321,23.4,21.12,20.51,2,Neutral
663,19.86,68.1,452.0,654.0,1,0,0.55,0.42,0.96,0.22,20.39,19.94,20.12,1,Cool
664,23.42,32.2,593.0,548.0,1,1,0.83,0.15,0.23,0.116,22.82,23.57,23.71,3,Warm
665,24.24,66.5,721.0,591.0,1,1,0.46,0.79,0.68,0.389,25.29,25.33,23.5,4,Hot
666,24.08,57.2,400.0,20,0,1,0.5,0.33,0.96,0.157,24.19,23.48,23.72,3,Warm
667,24.81,31.8,656.0,471.0,1,1,0.51,0.85,0.53,0.408,24.84,26.34,25.22,2,Neutral
668,23.88,36.5,509.0,449.0,1,1,0.43,0.99,0.34,0.286,24.47,22.68,24.0,1,Cool
669,26.42,68.3,400.0,20,0,0,0.18,0.28,0.89,0.203,27.29,26.1,25.66,2,Neutral
670,18.4,51.5,400.0,20,0,1,0.93,0.27,0.69,0.213,18.95,18.2,18.43,1,Cool
671,23.86,37.2,541.0,564.0,1,1,0.37,0.51,0.8,0.447,24.41,24.36,23.85,2,Neutral
672,25.52,63.4,578.0,628.0,1,0,0.21,0.77,0.27,0.154,26.29,24.63,25.8,2,Neutral
673,26.97,48.6,481.0,593.0,1,1,0.58,0.82,0.25,0.118,27.49,26.99,27.05,2,Neutral
674,22.2,45.1,400.0,20,0,0,0.52,0.84,0.67,0.09,22.72,22.63,22.18,3,Warm
675,24.42,47.8,626.0,340.0,1,0,0.12,0.27,0.56,0.227,24.46,25.29,24.68,2,Neutral
676,26.62,33.1,467.0,578.0,1,0,0.45,0.39,0.71,0.1,26.44,27.13,27.09,2,Neutral
677,24.74,61.5,400.0,20,0,0,0.81,0.43,0.62,0.44,25.27,27.12,25.16,2,Neutral
678,18.91,40.9,475.0,458.0,1,0,0.92,0.61,0.5,0.17,18.45,19.89,19.3,2,Neutral
679,24.51,68.0,400.0,20,0,1,0.27,0.8,0.2,0.059,24.13,22.38,24.89,3,Warm
680,19.43,42.7,400.0,20,0,0,0.6,0.86,0.92,0.062,18.6,19.03,19.57,2,Neutral
681,24.17,36.0,692.0,358.0,1,0,0.37,0.36,0.04,0.393,24.06,26.09,24.29,2,Neutral
682,26.98,53.6,400.0,20,0,1,0.16,0.94,0.14,0.148,27.16,26.21,27.27,2,Neutral
683,20.93,40.5,737.0,365.0,1,0,0.31,0.79,0.98,0.373,21.12,20.0,20.96,3,Warm
684,22.49,49.2,400.0,20,0,1,0.27,0.78,0.2,0.387,22.69,21.86,22.24,2,Neutral
685,26.47,54.2,405.0,286.0,1,1,0.01,0.03,0.49,0.183,25.74,25.78,26.44,2,Neutral
686,18.95,55.2,516.0,517.0,1,1,0.03,0.58,0.41,0.428,19.34,18.16,19.15,3,Warm
687,24.29,34.3,400.0,20,0,0,0.96,0.61,0.16,0.378,23.24,22.98,24.72,2,Neutral
688,23.26,40.0,457.0,160.0,1,1,0.26,0.38,0.13,0.429,25.0,22.5,22.85,1,Cool
689,24.05,56.7,400.0,20,0,1,0.69,0.93,0.49,0.09,24.21,23.22,23.93,3,Warm
690,19.1,49.8,738.0,383.0,1,1,0.1,0.13,0.29,0.107,18.35,19.24,18.85,0,Cold
691,23.28,55.1,400.0,20,0,0,0.98,0.38,0.59,0.25,23.19,23.59,23.26,2,Neutral
692,26.81,51.8,400.0,20,0,1,0.93,0.36,0.32,0.105,26.97,26.52,27.23,4,Hot
693,26.21,56.9,760.0,531.0,1,0,0.67,0.83,0.18,0.306,25.87,27.31,26.07,2,Neutral
694,21.01,30.4,400.0,20,0,0,0.87,0.95,0.91,0.296,20.21,20.38,20.98,3,Warm
695,23.0,33.9,681.0,241.0,1,1,0.13,0.67,0.71,0.216,23.5,23.81,22.92,2,Neutral
696,18.55,48.6,400.0,20,0,0,0.07,0.48,0.74,0.11,18.94,18.38,18.22,2,Neutral
697,21.18,47.3,400.0,20,0,0,1.0,0.21,0.93,0.127,21.13,20.14,21.02,2,Neutral
698,25.11,69.6,651.0,298.0,1,1,0.16,0.37,0.14,0.266,26.45,22.26,25.18,4,Hot
699,24.06,43.0,400.0,20,0,0,0.67,0.67,0.33,0.34,22.93,20.8,24.37,2,Neutral
700,27.59,64.3,584.0,381.0,1,1,0.44,0.92,0.17,0.07,26.99,28.81,27.78,2,Neutral
701,23.03,43.3,400.0,20,0,1,0.33,0.78,0.16,0.376,21.99,23.12,23.76,3,Warm
702,21.66,54.7,620.0,328.0,1,0,0.65,0.44,0.15,0.418,21.09,22.14,21.87,2,Neutral
703,21.76,39.5,591.0,667.0,1,0,0.29,0.85,0.18,0.288,22.46,22.84,21.42,3,Warm
704,21.11,45.6,400.0,20,0,0,0.01,0.86,0.66,0.105,20.79,21.74,21.09,2,Neutral
705,19.89,49.7,516.0,265.0,1,0,0.28,0.2,0.74,0.055,20.16,19.82,19.91,2,Neutral
706,24.41,47.9,400.0,20,0,1,0.69,0.73,0.62,0.149,24.26,24.09,24.59,2,Neutral
707,19.45,43.7,521.0,230.0,1,0,0.14,0.8,0.26,0.093,20.02,18.82,19.47,2,Neutral
708,21.94,34.4,514.0,521.0,1,0,0.77,0.37,0.62,0.342,22.19,21.78,22.57,2,Neutral
709,18.16,56.6,416.0,620.0,1,1,0.96,0.09,0.53,0.373,18.4,17.03,18.49,3,Warm
710,20.19,55.4,400.0,20,0,0,0.37,0.09,0.18,0.097,20.05,20.32,20.47,3,Warm
711,20.7,56.9,400.0,20,0,0,0.14,0.16,0.25,0.33,20.03,19.4,20.92,0,Cold
712,21.68,57.1,447.0,223.0,1,1,0.29,0.05,0.4,0.184,21.89,20.79,21.69,3,Warm
713,21.2,51.3,493.0,115.0,1,1,0.87,0.76,0.32,0.087,21.23,20.67,20.37,0,Cold
714,21.55,56.9,525.0,589.0,1,0,0.52,0.4,0.31,0.249,21.57,21.7,21.99,3,Warm
715,21.98,58.0,400.0,20,0,1,0.59,0.82,0.24,0.192,22.11,21.56,21.49,1,Cool
716,18.58,55.9,562.0,369.0,1,0,0.44,0.63,0.55,0.303,18.25,19.1,18.95,3,Warm
717,20.5,30.1,400.0,20,0,0,0.92,0.64,0.29,0.129,20.32,20.56,19.86,4,Hot
718,26.28,59.9,687.0,593.0,1,1,0.3,0.47,0.44,0.319,26.8,25.69,26.53,2,Neutral
719,24.86,58.1,722.0,127.0,1,0,0.03,0.36,0.91,0.293,25.09,25.37,25.07,4,Hot
720,19.18,31.7,591.0,258.0,1,1,0.84,0.1,0.57,0.138,18.64,17.86,19.6,2,Neutral
721,25.87,62.1,639.0,409.0,1,0,0.37,0.86,0.62,0.369,26.33,25.72,25.52,2,Neutral
722,22.77,60.8,400.0,20,0,1,0.88,0.01,0.83,0.233,22.18,22.89,22.64,2,Neutral
723,25.21,66.5,400.0,20,0,0,0.22,0.81,0.63,0.408,24.17,25.82,25.33,2,Neutral
724,19.35,69.5,400.0,20,0,1,0.97,0.58,0.73,0.276,18.83,19.33,19.62,2,Neutral
725,22.41,43.2,400.0,20,0,1,0.94,0.26,0.62,0.293,21.45,23.47,22.95,1,Cool
726,25.02,36.4,504.0,481.0,1,1,0.41,0.3,0.78,0.105,24.99,25.92,24.99,2,Neutral
727,22.18,32.5,400.0,20,0,1,0.79,0.6,0.05,0.112,21.96,22.53,22.12,2,Neutral
728,26.14,53.3,677.0,348.0,1,1,0.88,0.61,0.31,0.076,25.53,25.8,25.7,3,Warm
729,24.6,35.2,400.0,20,0,1,0.38,0.0,0.72,0.121,24.85,26.45,24.74,2,Neutral
730,27.05,35.1,400.0,20,0,0,0.12,0.64,0.84,0.234,27.84,24.9,27.54,2,Neutral
731,24.06,45.8,400.0,20,0,1,0.53,0.98,0.04,0.193,24.83,25.97,24.3,3,Warm
732,25.49,46.5,400.0,20,0,0,0.89,0.71,0.62,0.406,25.74,25.09,25.22,2,Neutral
733,26.15,50.7,400.0,20,0,1,0.62,0.98,0.6,0.07,25.82,24.89,26.6,2,Neutral
734,26.05,57.6,799.0,268.0,1,0,0.33,0.47,0.22,0.239,26.9,26.9,25.8,3,Warm
735,26.84,31.8,400.0,20,0,1,0.3,0.43,0.41,0.224,25.72,26.96,26.54,2,Neutral
736,27.23,59.2,501.0,424.0,1,0,0.48,0.27,0.88,0.365,27.71,26.89,27.28,1,Cool
737,23.73,67.0,578.0,671.0,1,1,0.78,0.63,0.94,0.173,24.89,24.54,23.97,2,Neutral
738,25.31,37.7,414.0,211.0,1,0,0.13,0.02,0.39,0.154,25.86,24.84,24.49,2,Neutral
739,21.3,69.4,400.0,20,0,0,0.04,0.35,0.32,0.224,21.96,19.72,20.84,2,Neutral
740,20.27,31.2,627.0,108.0,1,0,0.78,0.72,0.73,0.365,19.3,19.99,19.34,1,Cool
741,27.83,33.1,400.0,20,0,1,0.62,0.05,0.77,0.279,28.59,28.32,27.9,2,Neutral
742,22.5,50.6,618.0,443.0,1,0,0.37,0.6,0.71,0.258,22.11,22.86,22.66,1,Cool
743,25.17,43.4,768.0,525.0,1,1,0.16,0.8,0.96,0.38,24.78,25.6,25.26,2,Neutral
744,19.89,50.4,694.0,525.0,1,0,0.12,0.33,0.79,0.136,19.45,19.63,18.98,3,Warm
745,24.8,53.0,400.0,20,0,0,0.13,0.27,0.79,0.423,25.21,25.35,24.43,2,Neutral
746,19.97,34.7,400.0,20,0,0,0.03,0.81,0.49,0.227,20.56,20.71,19.69,0,Cold
747,22.98,36.5,745.0,298.0,1,1,0.54,0.21,0.56,0.057,22.89,23.82,22.99,2,Neutral
748,25.98,59.2,400.0,20,0,0,0.74,0.31,0.76,0.239,26.61,25.87,26.36,2,Neutral
749,27.7,58.2,400.0,20,0,1,0.28,0.53,0.6,0.386,26.92,27.54,28.2,2,Neutral
750,23.7,51.4,400.0,20,0,0,0.06,0.03,0.23,0.157,23.17,23.97,23.99,3,Warm
751,25.18,45.7,636.0,357.0,1,1,0.11,0.16,0.67,0.093,24.47,24.31,25.29,2,Neutral
752,27.53,61.7,400.0,20,0,0,0.75,0.57,0.99,0.127,28.1,27.76,27.24,2,Neutral
753,26.61,42.5,554.0,515.0,1,1,0.6,0.29,0.15,0.192,26.99,25.33,27.11,2,Neutral
754,20.3,54.2,400.0,20,0,1,0.36,0.37,0.65,0.326,20.41,20.01,20.45,2,Neutral
755,20.21,66.7,576.0,130.0,1,0,0.63,0.08,0.35,0.086,20.19,20.0,20.27,2,Neutral
756,19.82,46.3,400.0,20,0,0,0.63,0.55,0.86,0.098,20.07,18.93,20.49,1,Cool
757,18.51,57.4,400.0,20,0,0,0.99,0.01,0.65,0.141,19.14,19.14,18.47,2,Neutral
758,23.5,64.8,761.0,323.0,1,1,0.37,0.65,0.6,0.154,23.55,22.89,23.66,2,Neutral
759,20.54,51.1,706.0,371.0,1,1,0.38,0.94,0.55,0.307,21.38,20.54,20.15,3,Warm
760,24.52,60.0,400.0,20,0,1,0.48,0.58,0.8,0.394,24.6,25.01,23.78,2,Neutral
761,22.5,57.7,623.0,306.0,1,0,0.57,0.22,0.52,0.205,22.39,22.39,22.44,2,Neutral
762,26.77,36.0,400.0,20,0,1,0.49,0.94,0.7,0.216,25.77,27.11,26.28,2,Neutral
763,27.84,49.6,595.0,518.0,1,1,0.88,0.49,0.84,0.443,28.64,27.92,27.45,3,Warm
764,22.68,57.1,445.0,178.0,1,1,0.36,0.51,0.94,0.133,22.3,22.38,22.68,2,Neutral
765,21.51,62.7,400.0,20,0,0,0.73,0.34,0.01,0.055,22.01,20.92,21.15,2,Neutral
766,27.3,42.5,400.0,20,0,0,0.7,0.48,0.09,0.286,27.09,27.21,26.83,2,Neutral
767,18.02,40.6,400.0,20,0,1,0.1,0.99,0.29,0.261,18.09,19.25,18.1,2,Neutral
768,25.5,38.6,400.0,20,0,1,0.54,0.14,0.65,0.181,25.01,27.2,25.7,3,Warm
769,21.47,38.8,400.0,20,0,1,0.51,0.3,0.67,0.185,21.22,20.66,21.5,2,Neutral
770,22.72,55.6,400.0,20,0,1,0.02,0.53,0.9,0.334,21.69,22.97,23.13,1,Cool
771,23.32,67.7,759.0,359.0,1,1,1.0,0.06,0.3,0.273,24.02,23.14,23.32,2,Neutral
772,27.56,35.1,736.0,175.0,1,0,0.01,0.35,0.3,0.324,27.62,27.73,27.13,2,Neutral
773,19.62,42.5,569.0,156.0,1,1,0.38,0.23,0.51,0.205,20.27,19.89,19.69,1,Cool
774,18.9,52.8,400.0,20,0,0,0.19,0.69,0.34,0.261,18.79,18.39,18.67,4,Hot
775,22.32,68.1,690.0,507.0,1,0,0.81,0.78,0.88,0.336,22.06,23.2,22.42,2,Neutral
776,21.69,46.3,724.0,441.0,1,0,0.53,0.43,0.89,0.127,22.36,21.93,21.82,3,Warm
777,23.7,38.5,792.0,242.0,1,0,0.32,0.35,0.42,0.373,24.17,24.85,23.59,3,Warm
778,25.22,45.1,400.0,20,0,0,0.51,0.34,0.65,0.094,25.31,24.59,25.45,3,Warm
779,25.13,41.9,400.0,20,0,1,0.73,0.96,0.03,0.324,25.62,26.13,25.33,2,Neutral
780,20.42,50.1,580.0,219.0,1,0,0.18,0.49,0.94,0.132,20.41,22.23,20.48,2,Neutral
781,27.86,42.6,407.0,472.0,1,1,0.56,0.71,0.72,0.334,26.79,28.78,27.81,3,Warm
782,21.32,30.1,770.0,248.0,1,0,0.45,0.9,0.64,0.341,21.68,21.06,21.24,3,Warm
783,25.62,69.7,673.0,211.0,1,0,0.76,0.13,0.28,0.058,26.16,24.35,25.56,3,Warm
784,22.86,69.6,530.0,242.0,1,1,0.83,0.18,0.48,0.241,23.87,22.13,22.74,3,Warm
785,27.13,46.2,598.0,559.0,1,1,0.78,0.95,0.15,0.342,28.28,27.61,26.84,2,Neutral
786,23.15,55.8,429.0,294.0,1,0,0.23,0.58,0.2,0.297,23.71,21.94,22.84,2,Neutral
787,22.04,64.7,400.0,20,0,0,0.28,0.43,0.17,0.41,21.1,21.58,22.19,3,Warm
788,18.72,33.9,642.0,604.0,1,0,0.18,0.08,0.77,0.066,19.8,18.39,18.51,2,Neutral
789,26.67,45.1,774.0,477.0,1,1,0.69,0.38,0.49,0.159,26.27,25.65,26.54,3,Warm
790,20.21,44.2,400.0,20,0,1,0.17,0.11,0.82,0.296,21.13,19.55,20.62,4,Hot
791,22.74,52.2,400.0,20,0,0,0.64,0.39,0.06,0.415,22.66,22.37,22.75,2,Neutral
792,21.75,51.4,400.0,20,0,0,0.49,0.83,0.68,0.407,22.58,22.0,21.63,2,Neutral
793,23.89,47.7,400.0,20,0,1,0.49,0.3,0.21,0.39,23.54,24.3,23.53,2,Neutral
794,26.28,69.2,789.0,505.0,1,0,0.9,0.11,0.92,0.353,26.14,25.02,26.49,4,Hot
795,22.88,46.7,400.0,20,0,0,0.18,0.81,0.71,0.103,22.62,24.72,22.82,3,Warm
796,22.05,59.6,400.0,20,0,1,0.17,0.42,0.91,0.134,22.11,21.34,22.32,2,Neutral
797,27.75,49.2,400.0,20,0,0,0.3,0.75,0.46,0.25,29.42,29.56,27.84,4,Hot
798,25.5,52.5,602.0,689.0,1,0,0.4,0.47,0.62,0.051,24.78,24.95,25.52,4,Hot
799,23.63,69.0,429.0,330.0,1,0,0.92,0.82,0.16,0.288,23.68,21.95,24.22,2,Neutral
800,21.1,58.6,661.0,423.0,1,0,0.43,0.37,0.93,0.253,19.97,22.91,21.13,2,Neutral
801,24.5,40.1,400.0,20,0,1,0.94,0.01,0.67,0.241,25.05,25.95,23.55,4,Hot
802,27.92,35.3,494.0,233.0,1,0,0.46,0.83,0.93,0.06,27.26,26.51,27.31,2,Neutral
803,20.37,65.8,755.0,457.0,1,0,0.08,0.69,0.63,0.441,20.27,20.78,20.0,2,Neutral
804,25.78,58.2,721.0,490.0,1,0,0.92,0.35,0.1,0.234,25.04,25.8,26.09,2,Neutral
805,24.35,68.3,400.0,20,0,0,0.4,0.36,0.34,0.268,23.64,24.94,24.4,2,Neutral
806,25.5,36.9,400.0,20,0,0,0.94,0.26,0.06,0.307,26.23,25.03,25.15,0,Cold
807,26.24,48.9,444.0,201.0,1,1,0.27,0.7,0.83,0.362,26.7,26.13,26.22,2,Neutral
808,23.42,69.2,611.0,276.0,1,1,0.48,0.8,0.28,0.063,23.6,23.1,23.37,2,Neutral
809,21.97,35.2,402.0,554.0,1,0,0.69,0.85,0.38,0.348,22.11,21.22,22.12,2,Neutral
810,19.54,40.2,400.0,20,0,0,0.56,0.2,0.06,0.389,19.88,19.28,20.3,0,Cold
811,25.76,60.4,400.0,20,0,1,0.34,0.89,0.99,0.418,27.04,28.14,25.76,3,Warm
812,26.41,64.3,759.0,557.0,1,1,0.35,0.33,0.19,0.357,26.9,24.44,27.0,2,Neutral
813,18.17,64.4,703.0,224.0,1,1,0.21,0.62,0.11,0.25,18.96,17.7,17.68,2,Neutral
814,22.39,55.1,400.0,20,0,0,0.14,0.78,0.99,0.105,23.23,19.84,22.36,2,Neutral
815,19.9,43.7,400.0,20,0,1,0.43,0.35,0.8,0.221,20.62,21.14,19.66,2,Neutral
816,20.85,64.0,400.0,20,0,1,0.24,0.88,0.13,0.152,21.94,21.16,21.51,2,Neutral
817,22.59,43.7,452.0,158.0,1,1,0.26,0.98,0.6,0.292,22.44,24.19,22.46,3,Warm
818,18.97,48.2,400.0,20,0,1,0.97,0.86,0.57,0.082,19.03,18.69,19.2,2,Neutral
819,26.13,57.4,400.0,20,0,0,0.54,0.38,0.13,0.42,26.08,24.37,26.14,2,Neutral
820,18.93,57.8,400.0,20,0,1,0.42,0.59,0.4,0.29,18.84,18.87,18.82,2,Neutral
821,19.83,45.7,400.0,20,0,0,0.53,0.17,0.81,0.39,19.35,21.41,20.12,1,Cool
822,20.11,42.9,400.0,20,0,0,0.21,0.59,0.68,0.258,20.63,20.97,19.74,2,Neutral
823,21.23,57.4,478.0,368.0,1,0,0.53,0.25,0.46,0.1,20.52,22.08,20.28,3,Warm
824,27.35,46.7,400.0,20,0,1,0.31,0.97,0.56,0.402,26.81,28.68,27.19,2,Neutral
825,20.24,56.7,400.0,20,0,1,0.45,0.24,0.79,0.324,18.97,19.77,19.77,2,Neutral
826,26.2,57.1,400.0,20,0,1,0.43,0.8,0.96,0.297,25.49,25.97,25.89,2,Neutral
827,26.84,48.8,477.0,694.0,1,0,0.24,0.12,0.33,0.176,25.86,28.2,27.03,2,Neutral
828,23.35,31.3,766.0,101.0,1,0,0.59,0.38,0.16,0.366,22.32,24.39,22.82,1,Cool
829,19.8,55.4,642.0,437.0,1,1,0.85,0.75,0.1,0.389,19.61,18.45,19.57,4,Hot
830,25.22,38.7,400.0,20,0,0,0.72,0.59,0.41,0.17,24.56,24.95,25.62,2,Neutral
831,27.7,44.5,400.0,20,0,0,0.42,0.34,0.9,0.161,27.05,27.32,27.68,3,Warm
832,21.59,66.4,739.0,551.0,1,1,0.92,0.19,0.41,0.277,22.2,22.18,21.55,2,Neutral
833,26.13,44.6,405.0,433.0,1,0,0.91,0.28,0.85,0.253,24.99,26.52,25.51,2,Neutral
834,25.98,38.1,730.0,467.0,1,0,0.88,0.3,0.79,0.116,25.63,26.79,26.21,1,Cool
835,25.46,67.2,638.0,659.0,1,1,0.77,0.78,0.71,0.255,25.1,25.91,25.36,2,Neutral
836,20.09,32.6,400.0,20,0,0,0.97,0.64,0.89,0.435,19.72,20.65,20.37,3,Warm
837,26.07,54.9,400.0,20,0,0,0.98,0.2,0.08,0.235,26.62,26.17,26.38,1,Cool
838,22.65,63.7,775.0,122.0,1,0,0.1,0.52,0.46,0.256,22.58,21.82,22.51,2,Neutral
839,22.02,42.4,400.0,20,0,1,0.6,0.22,0.19,0.177,22.22,21.51,21.9,2,Neutral
840,26.55,63.0,400.0,20,0,1,0.13,0.67,0.05,0.128,27.37,27.54,26.46,4,Hot
841,20.5,55.4,400.0,20,0,0,0.21,0.63,0.59,0.089,19.99,21.11,20.64,2,Neutral
842,20.51,36.8,400.0,20,0,1,0.43,0.79,0.85,0.217,21.58,19.95,20.45,2,Neutral
843,25.64,53.2,400.0,20,0,0,0.71,0.42,0.8,0.332,25.38,27.19,25.51,1,Cool
844,25.46,41.3,400.0,20,0,0,0.93,0.8,0.03,0.138,23.8,25.99,25.44,2,Neutral
845,22.43,38.9,400.0,20,0,0,0.78,0.23,0.26,0.287,23.31,21.15,22.16,3,Warm
846,19.24,31.0,416.0,197.0,1,1,0.51,0.44,0.54,0.373,19.43,18.85,19.04,3,Warm
847,19.96,45.5,400.0,20,0,0,0.14,0.11,0.92,0.078,19.59,19.65,20.21,2,Neutral
848,22.16,43.5,400.0,20,0,1,0.44,0.32,0.57,0.124,22.27,22.82,21.93,4,Hot
849,23.0,39.8,739.0,614.0,1,0,0.21,0.05,0.63,0.402,22.26,23.83,23.88,3,Warm
850,27.85,58.7,400.0,20,0,0,0.77,0.63,0.1,0.137,27.44,28.3,27.56,2,Neutral
851,20.07,44.6,400.0,20,0,0,0.96,0.4,0.55,0.247,19.72,19.72,19.66,1,Cool
852,24.72,67.6,508.0,169.0,1,0,0.28,0.92,0.83,0.286,24.57,25.73,24.38,0,Cold
853,20.41,47.6,400.0,20,0,0,0.38,0.39,0.71,0.371,20.53,19.96,19.79,2,Neutral
854,19.03,60.6,706.0,133.0,1,0,0.9,0.07,0.78,0.053,18.98,19.25,18.91,3,Warm
855,21.95,46.9,558.0,336.0,1,1,0.07,0.55,0.56,0.129,20.85,22.03,21.88,2,Neutral
856,24.2,31.1,400.0,20,0,1,0.53,0.9,0.18,0.433,23.71,24.91,23.53,2,Neutral
857,21.59,56.7,400.0,20,0,0,0.42,0.07,0.1,0.075,22.24,20.41,21.78,2,Neutral
858,19.36,64.3,400.0,20,0,0,0.16,0.53,0.44,0.313,18.82,19.98,19.2,0,Cold
859,26.12,33.2,400.0,20,0,0,0.65,0.87,0.52,0.19,26.13,25.74,26.08,2,Neutral
860,20.53,32.7,400.0,20,0,1,0.28,0.41,0.6,0.318,20.95,19.82,20.43,3,Warm
861,26.46,52.6,557.0,664.0,1,1,0.33,0.71,0.98,0.364,25.85,26.27,26.48,2,Neutral
862,26.77,35.3,616.0,369.0,1,0,0.04,0.49,0.64,0.389,26.71,25.69,27.43,2,Neutral
863,26.98,34.8,400.0,20,0,0,0.24,0.85,0.78,0.187,27.39,27.3,26.81,3,Warm
864,23.89,31.2,400.0,20,0,1,0.68,0.54,0.31,0.175,23.08,24.04,23.76,2,Neutral
865,24.94,41.5,453.0,695.0,1,0,0.52,0.05,0.05,0.291,24.67,24.87,24.86,0,Cold
866,22.64,33.6,400.0,20,0,1,0.2,0.75,0.24,0.204,22.7,23.25,22.51,3,Warm
867,22.87,37.3,525.0,296.0,1,1,0.65,0.87,0.45,0.35,21.68,22.08,23.07,2,Neutral
868,26.83,31.5,640.0,481.0,1,0,0.19,0.51,0.83,0.078,27.13,26.78,27.03,2,Neutral
869,23.28,47.6,400.0,20,0,0,0.31,0.14,0.9,0.121,22.78,22.33,22.9,2,Neutral
870,26.49,53.1,580.0,384.0,1,0,0.23,0.16,0.01,0.373,26.71,26.04,26.17,2,Neutral
871,21.29,51.8,423.0,387.0,1,0,0.36,0.03,0.75,0.196,20.64,19.93,21.27,2,Neutral
872,21.3,40.4,400.0,20,0,0,0.96,0.83,0.6,0.155,22.52,22.6,21.05,2,Neutral
873,22.72,41.5,400.0,20,0,0,0.16,0.96,0.51,0.439,23.52,21.57,22.11,2,Neutral
874,18.13,61.3,783.0,388.0,1,0,0.56,0.87,0.3,0.349,17.48,18.5,18.17,2,Neutral
875,27.37,59.9,400.0,20,0,0,0.18,0.91,0.07,0.402,28.04,26.4,27.61,2,Neutral
876,19.41,64.1,538.0,126.0,1,1,0.82,0.9,0.34,0.375,19.47,19.23,19.26,3,Warm
877,18.02,57.5,502.0,448.0,1,0,0.18,0.05,0.91,0.142,18.2,18.55,18.23,2,Neutral
878,23.61,68.9,400.0,20,0,0,0.17,0.79,0.78,0.312,23.44,24.7,24.02,2,Neutral
879,18.36,63.3,675.0,645.0,1,0,0.48,0.6,0.44,0.375,18.8,19.52,18.1,2,Neutral
880,25.64,66.1,400.0,20,0,1,0.09,0.45,0.22,0.097,25.43,26.07,25.89,2,Neutral
881,18.63,30.7,449.0,687.0,1,1,0.73,0.92,0.03,0.316,17.97,19.24,18.48,1,Cool
882,21.62,52.7,792.0,310.0,1,1,0.2,0.17,0.92,0.201,21.37,21.35,21.94,2,Neutral
883,22.4,63.8,430.0,430.0,1,0,0.98,0.35,0.24,0.24,23.35,22.41,22.61,3,Warm
884,19.42,63.2,400.0,20,0,1,0.51,0.91,0.82,0.401,19.48,19.57,19.37,2,Neutral
885,22.73,39.8,400.0,20,0,1,0.31,0.27,0.48,0.283,22.71,24.07,22.53,2,Neutral
886,25.14,38.6,400.0,20,0,1,0.03,0.95,0.25,0.333,25.09,24.8,24.83,2,Neutral
887,22.78,38.6,400.0,20,0,0,0.68,0.73,0.1,0.08,23.19,23.99,22.64,4,Hot
888,25.6,47.3,410.0,259.0,1,1,0.25,0.9,0.37,0.385,25.36,27.58,25.61,2,Neutral
889,20.13,58.4,400.0,20,0,1,0.8,0.8,0.45,0.271,20.33,20.85,19.93,1,Cool
890,25.8,51.9,400.0,20,0,0,0.38,0.06,0.49,0.19,26.74,26.29,25.12,2,Neutral
891,18.61,59.9,400.0,20,0,1,0.05,0.45,0.75,0.087,19.98,18.6,19.03,3,Warm
892,27.26,50.1,400.0,20,0,0,0.65,0.79,0.16,0.154,28.04,26.55,27.52,2,Neutral
893,27.62,55.5,400.0,20,0,1,0.5,0.68,0.04,0.171,28.25,27.86,27.48,2,Neutral
894,18.16,53.8,524.0,670.0,1,1,0.85,0.13,0.2,0.375,18.7,17.92,18.09,2,Neutral
895,24.78,51.7,400.0,20,0,1,0.17,0.18,0.17,0.252,23.53,24.42,24.93,2,Neutral
896,24.1,31.0,400.0,20,0,0,0.48,0.89,0.72,0.112,23.31,24.57,23.97,0,Cold
897,27.94,32.1,564.0,656.0,1,0,0.93,0.9,0.61,0.227,28.36,26.83,27.96,2,Neutral
898,27.35,40.8,637.0,624.0,1,0,0.64,0.74,0.73,0.346,27.75,28.68,27.12,2,Neutral
899,19.66,59.8,753.0,581.0,1,1,0.76,0.82,0.23,0.274,19.69,19.64,19.03,2,Neutral
900,25.43,40.6,400.0,20,0,1,0.56,0.89,0.35,0.226,25.95,24.9,25.39,2,Neutral
901,25.57,43.5,400.0,20,0,1,0.41,0.45,0.76,0.325,25.17,24.93,25.06,2,Neutral
902,23.4,45.0,400.0,20,0,0,0.25,0.57,0.21,0.312,23.4,23.96,22.58,2,Neutral
903,23.21,38.3,400.0,20,0,0,0.85,0.69,0.67,0.289,22.36,22.93,22.97,2,Neutral
904,23.0,46.9,745.0,450.0,1,0,0.7,0.91,0.13,0.143,22.11,22.21,22.28,2,Neutral
905,20.19,69.3,749.0,437.0,1,0,0.71,0.82,0.67,0.198,20.25,19.94,20.08,2,Neutral
906,25.7,51.0,438.0,406.0,1,1,0.84,0.92,0.95,0.18,26.86,25.64,26.06,2,Neutral
907,25.55,49.7,532.0,273.0,1,1,0.3,0.83,0.57,0.222,25.95,24.74,25.62,2,Neutral
908,27.17,34.7,551.0,350.0,1,0,0.6,0.6,0.65,0.186,27.85,27.98,26.83,3,Warm
909,19.12,65.9,400.0,20,0,0,0.26,0.95,0.14,0.104,17.95,19.76,18.94,2,Neutral
910,23.23,49.6,400.0,20,0,0,0.54,0.16,0.39,0.429,24.54,24.38,23.85,2,Neutral
911,26.33,69.8,400.0,20,0,1,0.5,0.31,0.63,0.203,26.67,24.36,26.68,2,Neutral
912,18.38,60.4,737.0,641.0,1,1,0.2,0.44,0.98,0.072,17.9,19.33,18.52,2,Neutral
913,19.46,52.2,400.0,20,0,1,0.29,0.97,0.31,0.4,19.66,19.16,19.17,3,Warm
914,25.77,44.0,707.0,142.0,1,0,0.48,0.17,0.14,0.155,25.33,25.13,26.34,2,Neutral
915,19.74,51.7,745.0,549.0,1,0,0.18,0.49,0.86,0.131,19.88,17.98,19.97,0,Cold
916,18.68,53.2,400.0,20,0,1,0.8,0.8,0.03,0.444,19.72,17.29,18.86,2,Neutral
917,26.16,60.2,587.0,166.0,1,0,0.97,0.28,0.41,0.153,26.83,26.38,26.32,3,Warm
918,20.02,43.5,400.0,20,0,0,0.17,0.88,0.24,0.332,19.16,19.76,20.24,1,Cool
919,25.11,45.7,400.0,20,0,0,0.2,0.27,0.76,0.115,25.11,25.16,25.38,2,Neutral
920,25.86,40.7,699.0,591.0,1,0,0.5,0.71,0.78,0.069,26.09,24.71,26.1,2,Neutral
921,27.32,52.2,400.0,20,0,1,0.76,0.32,0.15,0.251,27.03,26.3,27.55,2,Neutral
922,21.0,64.2,537.0,579.0,1,0,0.78,0.41,0.49,0.239,21.62,22.25,21.0,3,Warm
923,23.98,35.3,716.0,373.0,1,0,0.25,0.83,0.23,0.119,23.02,24.4,22.88,1,Cool
924,19.83,46.0,697.0,314.0,1,1,0.66,0.34,0.84,0.445,19.39,20.67,19.42,2,Neutral
925,24.05,52.2,400.0,20,0,0,0.59,0.26,0.41,0.301,22.87,25.4,24.33,3,Warm
926,24.58,39.7,400.0,20,0,0,0.81,0.02,0.49,0.085,24.19,24.94,24.73,3,Warm
927,19.0,35.8,400.0,20,0,0,0.95,0.79,0.73,0.23,19.43,17.92,18.83,2,Neutral
928,20.33,61.2,551.0,381.0,1,0,0.19,0.57,0.0,0.265,20.38,21.13,19.98,2,Neutral
929,20.51,52.1,775.0,140.0,1,1,0.78,0.83,0.86,0.35,20.51,19.44,20.48,4,Hot
930,25.43,50.8,573.0,358.0,1,0,0.5,0.38,0.72,0.058,25.7,24.45,25.28,2,Neutral
931,20.49,44.0,400.0,20,0,1,0.35,0.97,0.87,0.189,21.11,22.13,20.7,4,Hot
932,25.49,53.4,715.0,590.0,1,1,0.63,0.83,0.82,0.433,24.13,27.37,25.9,2,Neutral
933,27.79,40.8,400.0,20,0,1,0.18,0.29,0.33,0.088,28.31,28.27,28.26,3,Warm
934,27.8,48.9,746.0,174.0,1,0,0.46,0.36,0.11,0.065,27.33,26.82,28.24,2,Neutral
935,25.3,61.8,400.0,20,0,1,0.31,0.79,0.19,0.422,25.11,25.32,24.63,0,Cold
936,27.83,34.7,701.0,421.0,1,0,0.59,0.35,0.79,0.154,28.53,29.21,27.57,2,Neutral
937,25.17,61.5,416.0,223.0,1,0,0.13,0.34,0.59,0.241,25.48,25.87,25.18,2,Neutral
938,25.32,67.3,400.0,20,0,0,0.19,0.29,0.98,0.131,25.08,23.15,25.39,1,Cool
939,25.19,49.9,424.0,290.0,1,0,0.63,0.44,0.57,0.351,25.81,25.49,24.86,2,Neutral
940,22.39,62.8,680.0,568.0,1,0,0.16,0.54,0.06,0.058,22.03,24.57,22.5,3,Warm
941,20.11,46.7,582.0,508.0,1,0,0.06,0.52,0.65,0.146,20.68,18.35,20.4,0,Cold
942,19.9,34.5,624.0,496.0,1,1,0.93,0.19,0.55,0.401,19.81,19.46,20.21,1,Cool
943,20.49,57.6,400.0,20,0,0,0.77,0.06,0.19,0.339,20.49,20.55,20.58,2,Neutral
944,23.7,30.2,674.0,454.0,1,0,0.94,0.35,0.58,0.223,24.17,23.33,23.79,2,Neutral
945,26.88,42.2,400.0,20,0,0,0.56,0.38,0.66,0.415,27.34,25.43,27.24,2,Neutral
946,20.21,50.1,699.0,210.0,1,0,0.74,0.32,0.7,0.283,20.34,21.2,20.52,2,Neutral
947,18.36,47.7,709.0,186.0,1,1,0.46,0.07,0.44,0.057,17.09,18.13,18.27,0,Cold
948,24.84,60.8,468.0,434.0,1,1,0.15,0.91,0.22,0.254,25.78,25.64,24.53,2,Neutral
949,25.66,53.9,715.0,334.0,1,1,0.25,0.46,0.02,0.238,26.63,26.36,25.85,1,Cool
950,22.26,52.1,400.0,20,0,0,0.91,0.1,0.11,0.206,22.05,21.24,22.35,0,Cold
951,19.12,69.6,400.0,20,0,1,0.54,0.7,0.77,0.33,18.91,19.5,19.11,4,Hot
952,18.44,67.8,400.0,20,0,0,0.63,0.74,0.33,0.444,17.72,18.67,18.91,2,Neutral
953,27.58,58.7,449.0,227.0,1,1,0.26,0.9,0.43,0.205,27.06,27.67,27.44,2,Neutral
954,21.7,36.0,400.0,20,0,0,0.83,0.02,0.66,0.132,22.28,22.4,21.5,2,Neutral
955,27.28,38.6,477.0,508.0,1,1,0.25,0.84,0.83,0.105,26.92,27.83,27.43,2,Neutral
956,19.48,43.3,400.0,20,0,0,0.55,0.21,0.5,0.059,20.1,20.64,19.35,3,Warm
957,21.14,58.9,400.0,20,0,1,0.58,0.4,0.22,0.39,20.96,20.17,21.65,2,Neutral
958,25.35,63.4,669.0,255.0,1,0,0.99,0.39,0.26,0.389,26.11,25.22,25.41,2,Neutral
959,25.08,46.6,578.0,412.0,1,1,0.58,0.63,0.12,0.065,25.14,24.24,25.05,1,Cool
960,26.4,43.3,400.0,20,0,1,0.02,0.21,0.03,0.43,26.14,25.77,26.37,2,Neutral
961,24.64,34.0,400.0,20,0,0,0.89,0.15,0.14,0.335,24.38,24.27,24.52,2,Neutral
962,23.58,51.2,464.0,641.0,1,0,0.31,0.14,0.98,0.132,23.71,24.28,22.85,2,Neutral
963,26.74,41.5,451.0,118.0,1,1,0.75,0.69,0.38,0.205,25.51,26.32,26.3,2,Neutral
964,19.22,67.5,400.0,20,0,0,0.14,0.15,0.45,0.181,18.72,18.93,18.99,2,Neutral
965,27.23,34.0,710.0,662.0,1,0,0.01,0.15,0.44,0.133,28.4,27.0,27.7,2,Neutral
966,24.06,50.4,400.0,20,0,1,0.26,0.94,0.28,0.1,25.08,22.68,23.98,2,Neutral
967,24.54,63.7,400.0,20,0,1,0.59,0.38,0.41,0.356,24.5,23.84,24.83,2,Neutral
968,25.16,53.1,793.0,574.0,1,0,0.41,0.33,0.74,0.374,26.09,25.13,25.48,0,Cold
969,22.5,62.1,627.0,226.0,1,1,0.06,0.67,0.58,0.266,22.14,22.74,22.3,4,Hot
970,25.38,68.7,457.0,687.0,1,1,0.72,0.65,0.37,0.173,26.02,25.81,24.89,2,Neutral
971,18.39,37.8,400.0,20,0,0,0.97,0.39,0.54,0.264,18.89,16.42,18.55,4,Hot
972,24.87,33.9,419.0,651.0,1,1,0.31,0.84,0.59,0.26,24.27,24.79,25.26,4,Hot
973,19.31,59.9,400.0,20,0,1,0.33,0.45,0.01,0.078,19.6,19.5,19.6,4,Hot
974,24.29,43.9,400.0,20,0,0,0.35,0.29,0.99,0.128,24.6,24.53,24.34,2,Neutral
975,26.07,65.4,400.0,20,0,1,0.77,0.46,0.7,0.405,26.5,25.43,26.42,3,Warm
976,19.12,32.2,474.0,266.0,1,0,0.84,0.71,0.77,0.077,19.06,20.91,19.46,3,Warm
977,27.03,52.1,473.0,473.0,1,0,0.28,0.94,0.57,0.143,26.72,26.84,26.94,2,Neutral
978,20.06,56.9,400.0,20,0,0,0.76,0.08,0.34,0.23,19.54,20.96,20.04,2,Neutral
979,23.82,30.8,696.0,301.0,1,0,0.79,0.14,0.68,0.313,24.18,22.62,23.97,2,Neutral
980,23.03,46.7,682.0,376.0,1,1,0.96,0.18,0.7,0.338,22.39,22.17,22.95,2,Neutral
981,20.74,58.3,725.0,384.0,1,0,0.99,0.46,0.19,0.371,20.44,20.16,21.11,3,Warm
982,22.99,60.2,400.0,20,0,0,0.77,0.31,0.79,0.265,22.43,24.72,22.71,2,Neutral
983,25.82,58.2,563.0,376.0,1,1,0.62,1.0,1.0,0.188,26.65,27.53,26.09,2,Neutral
984,22.98,33.6,400.0,20,0,0,0.56,0.64,0.57,0.251,23.5,23.35,23.15,3,Warm
985,18.93,50.5,400.0,20,0,1,0.03,0.01,0.66,0.212,18.99,18.45,19.32,2,Neutral
986,20.64,68.7,725.0,649.0,1,1,0.09,0.54,0.48,0.351,20.59,19.93,20.41,2,Neutral
987,27.37,57.1,400.0,20,0,0,0.96,0.03,0.57,0.405,26.87,27.19,27.66,2,Neutral
988,22.1,55.2,400.0,20,0,1,0.47,0.43,0.47,0.102,21.82,22.29,22.26,2,Neutral
989,20.79,45.6,404.0,524.0,1,0,0.95,0.44,0.88,0.33,21.34,21.37,20.72,2,Neutral
990,25.8,53.4,400.0,20,0,0,0.32,0.25,0.83,0.339,25.69,25.22,25.63,3,Warm
991,18.93,44.2,400.0,20,0,0,0.1,0.02,0.2,0.128,19.17,19.67,19.33,3,Warm
992,19.25,31.8,648.0,341.0,1,1,0.49,0.45,0.82,0.353,19.3,20.7,19.45,2,Neutral
993,25.94,70.0,645.0,619.0,1,0,0.3,0.13,0.81,0.423,25.96,27.59,25.96,2,Neutral
994,27.01,31.8,549.0,325.0,1,0,0.07,0.57,0.32,0.214,27.28,25.99,26.66,2,Neutral
995,25.96,69.7,782.0,559.0,1,1,0.33,0.48,0.17,0.412,26.55,23.95,26.12,2,Neutral
996,21.35,51.5,400.0,20,0,0,0.33,0.21,0.57,0.217,20.84,21.68,21.49,2,Neutral
997,25.9,44.7,472.0,676.0,1,1,0.22,0.99,0.82,0.42,26.25,25.86,26.36,2,Neutral
998,23.13,32.8,400.0,20,0,0,0.02,0.89,0.5,0.174,22.37,21.81,23.65,3,Warm
999,24.8,63.6,400.0,20,0,1,0.59,0.68,0.88,0.105,24.05,24.99,25.38,2,Neutral
1000,21.94,30.0,400.0,20,0,1,0.1,0.04,0.08,0.105,21.11,21.7,22.03,2,Neutral
1001,23.6,39.8,459.0,180.0,1,1,0.28,0.58,0.46,0.278,23.97,24.82,23.48,3,Warm
1002,23.81,31.9,547.0,419.0,1,0,0.88,0.3,0.04,0.311,24.88,24.14,24.14,2,Neutral
1003,24.02,39.8,675.0,682.0,1,0,0.8,0.94,0.52,0.075,24.44,24.39,24.16,3,Warm
1004,19.57,35.0,400.0,20,0,0,0.33,0.39,0.44,0.199,20.2,18.88,20.2,2,Neutral
1005,21.91,45.9,400.0,20,0,0,0.59,0.66,0.35,0.056,21.48,21.41,21.6,2,Neutral
1006,25.82,63.5,400.0,20,0,1,0.26,0.07,0.68,0.237,25.25,26.12,25.67,3,Warm
1007,20.78,33.9,400.0,20,0,0,0.17,0.71,0.91,0.179,21.53,21.1,20.85,1,Cool
1008,27.76,54.7,621.0,499.0,1,0,0.46,0.65,0.81,0.449,27.35,28.6,27.23,2,Neutral
1009,18.88,69.6,775.0,257.0,1,0,0.03,0.95,0.44,0.217,17.99,17.73,19.22,2,Neutral
1010,22.23,59.1,595.0,333.0,1,1,0.4,0.69,0.81,0.16,22.07,23.36,22.05,1,Cool
1011,22.59,37.8,400.0,20,0,1,0.7,0.55,0.59,0.122,22.51,22.8,21.83,3,Warm
1012,27.89,67.1,400.0,20,0,0,0.35,0.48,0.11,0.182,28.15,27.45,27.95,2,Neutral
1013,25.75,53.1,400.0,20,0,0,0.87,0.28,0.96,0.398,25.66,25.91,25.52,3,Warm
1014,27.33,53.2,523.0,436.0,1,0,0.27,0.64,0.16,0.363,27.34,27.29,27.24,3,Warm
1015,27.96,50.2,426.0,399.0,1,1,0.2,0.09,0.73,0.201,27.26,28.44,27.54,2,Neutral
1016,22.48,66.2,400.0,20,0,0,0.1,0.61,0.82,0.201,22.15,21.66,22.71,3,Warm
1017,24.07,63.8,400.0,20,0,1,0.86,0.52,0.24,0.255,23.59,22.7,24.12,3,Warm
1018,18.65,48.9,400.0,20,0,0,0.85,0.39,0.99,0.294,18.17,17.18,18.55,2,Neutral
1019,23.45,37.7,400.0,20,0,0,0.81,0.18,0.06,0.277,24.0,23.67,22.93,2,Neutral
1020,26.19,61.3,453.0,174.0,1,0,0.73,0.24,0.62,0.237,25.8,26.24,25.94,4,Hot
1021,18.81,36.5,400.0,20,0,0,0.73,0.26,0.45,0.101,19.48,19.17,18.8,2,Neutral
1022,18.46,31.7,400.0,20,0,0,0.66,0.2,0.08,0.45,17.81,18.63,18.27,2,Neutral
1023,24.35,47.2,400.0,20,0,0,0.56,0.97,0.94,0.31,24.29,23.75,24.15,2,Neutral
1024,27.87,53.9,400.0,20,0,0,0.24,0.18,0.22,0.156,27.4,27.84,27.44,1,Cool
1025,24.96,31.4,548.0,288.0,1,0,0.94,0.43,0.77,0.359,25.0,26.33,24.8,1,Cool
1026,21.32,32.8,708.0,668.0,1,1,0.78,0.29,0.5,0.238,20.78,19.92,21.69,2,Neutral
1027,18.33,65.5,443.0,421.0,1,0,0.36,0.58,0.82,0.084,18.05,18.03,18.74,2,Neutral
1028,23.01,31.1,400.0,20,0,0,0.58,0.09,0.71,0.161,23.23,22.56,22.89,0,Cold
1029,19.95,56.4,400.0,20,0,1,0.01,0.3,0.51,0.395,20.32,21.05,19.96,2,Neutral
1030,26.47,62.7,400.0,20,0,1,0.34,0.83,0.18,0.367,26.85,27.44,26.2,2,Neutral
1031,18.44,46.9,433.0,122.0,1,1,0.03,0.19,0.14,0.278,18.36,19.77,17.89,2,Neutral
1032,22.86,30.4,400.0,20,0,1,0.9,0.57,0.65,0.341,22.93,23.55,23.16,3,Warm
1033,18.04,48.5,509.0,508.0,1,1,0.1,0.31,0.95,0.337,19.24,17.52,18.23,2,Neutral
1034,21.02,66.1,513.0,647.0,1,1,0.99,0.05,0.79,0.269,21.93,21.28,20.98,1,Cool
1035,27.7,39.2,700.0,370.0,1,0,0.67,0.67,0.65,0.405,27.58,28.31,28.02,2,Neutral
1036,27.98,64.0,400.0,20,0,1,0.56,0.09,0.62,0.375,27.98,28.95,27.85,2,Neutral
1037,21.19,39.2,733.0,640.0,1,1,0.05,0.14,0.12,0.137,20.33,21.2,20.5,2,Neutral
1038,18.37,54.5,627.0,106.0,1,0,0.64,0.63,0.82,0.254,18.34,19.6,18.41,1,Cool
1039,24.87,66.2,400.0,20,0,1,0.22,0.84,0.83,0.221,24.86,24.24,25.08,3,Warm
1040,26.85,64.4,400.0,20,0,0,0.23,0.16,0.77,0.24,26.27,26.9,27.13,2,Neutral
1041,22.07,63.7,400.0,20,0,1,0.04,0.41,0.41,0.31,21.68,21.44,22.42,4,Hot
1042,21.52,30.7,400.0,20,0,0,0.31,0.55,0.8,0.077,22.53,21.32,21.35,2,Neutral
1043,19.45,60.6,459.0,194.0,1,0,0.16,0.99,0.57,0.365,19.37,20.95,19.24,3,Warm
1044,23.53,39.9,459.0,230.0,1,0,0.49,0.4,0.5,0.333,23.76,24.06,23.74,2,Neutral
1045,18.7,31.6,400.0,20,0,1,0.36,0.61,0.28,0.39,19.32,18.45,18.69,2,Neutral
1046,27.23,38.9,557.0,191.0,1,0,0.01,0.5,0.94,0.18,26.6,26.07,27.52,3,Warm
1047,24.79,62.1,400.0,20,0,0,0.92,0.69,0.89,0.449,25.3,24.64,24.84,2,Neutral
1048,23.97,60.6,400.0,20,0,0,0.8,0.48,0.55,0.263,24.77,23.69,23.72,1,Cool
1049,18.43,51.4,400.0,20,0,0,0.29,0.81,0.5,0.358,18.1,18.93,18.41,1,Cool
1050,23.34,54.9,691.0,106.0,1,0,0.32,0.4,0.41,0.253,23.37,24.49,23.82,2,Neutral
1051,24.36,68.2,400.0,20,0,0,0.9,0.71,0.31,0.177,24.77,22.8,24.24,2,Neutral
1052,20.46,59.1,778.0,474.0,1,0,0.05,1.0,0.64,0.404,21.17,20.0,20.86,2,Neutral
1053,20.55,47.0,420.0,573.0,1,0,0.66,0.98,0.55,0.323,21.04,21.89,20.8,2,Neutral
1054,27.68,41.4,400.0,20,0,0,0.51,0.41,0.47,0.167,27.43,27.06,28.12,2,Neutral
1055,23.62,53.2,400.0,20,0,0,0.93,0.44,0.74,0.385,23.47,24.35,23.37,3,Warm
1056,24.28,52.4,633.0,191.0,1,1,0.15,0.66,0.48,0.147,23.9,24.03,23.65,0,Cold
1057,21.22,54.8,545.0,626.0,1,1,0.32,0.99,0.9,0.323,21.62,20.47,21.43,2,Neutral
1058,20.21,37.6,596.0,224.0,1,0,0.13,0.36,0.42,0.07,20.44,21.26,20.19,2,Neutral
1059,25.67,65.3,400.0,20,0,0,0.95,0.55,0.46,0.325,25.08,27.8,25.54,1,Cool
1060,26.31,30.8,400.0,20,0,1,0.73,0.55,0.15,0.059,26.14,24.28,26.27,1,Cool
1061,26.8,65.2,586.0,548.0,1,0,0.19,0.98,0.22,0.27,26.43,24.98,26.77,3,Warm
1062,24.86,60.5,400.0,20,0,1,0.72,0.38,0.72,0.284,24.88,24.63,24.01,2,Neutral
1063,19.77,46.4,572.0,305.0,1,0,0.57,0.94,0.43,0.269,20.33,19.58,19.88,2,Neutral
1064,22.4,42.9,498.0,695.0,1,0,0.51,0.82,0.58,0.343,23.36,22.33,22.43,2,Neutral
1065,20.28,52.4,400.0,20,0,1,0.95,0.6,0.31,0.25,19.16,20.03,20.22,4,Hot
1066,24.56,48.6,400.0,20,0,1,0.4,0.69,0.17,0.364,24.84,23.78,24.33,2,Neutral
1067,20.96,54.9,403.0,673.0,1,1,0.55,0.09,0.46,0.418,20.29,21.15,21.12,2,Neutral
1068,19.94,68.5,692.0,224.0,1,1,0.45,0.24,0.39,0.37,20.26,21.43,19.63,4,Hot
1069,22.64,36.5,552.0,328.0,1,1,0.41,0.42,0.03,0.301,21.67,22.91,23.24,1,Cool
1070,18.21,50.5,400.0,20,0,1,0.06,0.75,0.76,0.227,18.63,19.52,17.87,2,Neutral
1071,19.57,39.9,664.0,332.0,1,1,0.06,0.32,0.36,0.116,19.52,19.88,19.26,2,Neutral
1072,21.39,48.2,400.0,20,0,1,0.48,0.83,0.05,0.216,21.41,21.01,21.31,2,Neutral
1073,22.74,39.2,400.0,20,0,1,0.44,0.38,0.37,0.324,22.64,23.17,22.38,3,Warm
1074,20.49,47.5,456.0,536.0,1,1,0.69,0.46,0.84,0.193,21.38,20.37,20.51,2,Neutral
1075,20.37,46.0,789.0,451.0,1,1,0.42,0.42,0.63,0.149,19.89,19.57,20.67,2,Neutral
1076,20.33,67.0,478.0,293.0,1,1,0.01,0.02,0.36,0.348,20.66,20.34,20.24,3,Warm
1077,26.24,54.8,616.0,241.0,1,0,0.07,0.96,0.73,0.055,26.0,26.19,25.98,2,Neutral
1078,18.63,40.6,400.0,20,0,0,0.99,0.08,0.64,0.378,18.72,20.18,18.6,1,Cool
1079,26.59,67.8,524.0,148.0,1,1,0.44,0.73,0.49,0.208,25.49,25.8,26.2,2,Neutral
1080,27.63,45.4,400.0,20,0,0,0.53,0.61,0.48,0.149,26.69,26.59,27.36,0,Cold
1081,21.28,68.1,520.0,407.0,1,1,0.56,0.67,0.57,0.223,21.0,22.04,21.48,2,Neutral
1082,23.85,69.3,400.0,20,0,1,0.05,0.78,0.06,0.349,22.98,22.87,23.87,3,Warm
1083,22.99,62.7,404.0,651.0,1,0,0.01,0.3,0.12,0.338,22.69,22.05,23.44,1,Cool
1084,24.62,35.1,568.0,190.0,1,1,0.27,0.74,0.13,0.313,23.41,23.59,24.68,2,Neutral
1085,21.1,67.5,400.0,20,0,1,0.02,0.36,0.55,0.192,20.5,23.31,21.45,2,Neutral
1086,24.74,30.6,571.0,154.0,1,1,0.59,0.74,0.82,0.106,23.7,25.11,24.68,2,Neutral
1087,27.13,45.1,400.0,20,0,1,0.85,0.94,0.86,0.371,27.18,28.54,27.49,2,Neutral
1088,18.97,64.1,400.0,20,0,1,0.16,0.71,0.89,0.138,18.97,18.83,19.42,1,Cool
1089,20.96,60.0,587.0,447.0,1,0,0.21,0.09,0.14,0.1,20.07,20.34,21.13,2,Neutral
1090,23.57,37.2,475.0,620.0,1,1,0.01,0.39,0.94,0.242,23.4,23.96,23.64,4,Hot
1091,24.24,61.1,400.0,20,0,0,0.16,0.09,0.7,0.116,23.27,26.67,24.62,3,Warm
1092,19.92,57.0,651.0,244.0,1,0,0.2,0.37,0.45,0.233,19.04,21.23,19.82,3,Warm
1093,22.53,61.9,794.0,435.0,1,0,0.69,0.22,0.91,0.327,22.39,21.76,22.69,1,Cool
1094,19.41,38.4,765.0,486.0,1,1,0.97,0.71,0.95,0.417,18.94,19.28,19.58,3,Warm
1095,19.29,36.3,413.0,343.0,1,1,0.39,0.2,0.33,0.193,19.03,18.07,18.55,3,Warm
1096,26.03,30.9,400.0,20,0,1,0.61,0.48,0.41,0.317,25.42,24.92,25.98,4,Hot
1097,21.22,46.4,400.0,20,0,1,0.43,0.77,0.93,0.155,20.58,20.06,21.0,2,Neutral
1098,22.5,62.4,400.0,20,0,0,0.54,0.09,0.87,0.139,20.82,21.54,22.87,2,Neutral
1099,24.68,48.9,400.0,20,0,1,0.77,0.01,0.64,0.298,23.65,25.06,24.88,3,Warm
1100,25.05,45.8,520.0,322.0,1,0,0.24,0.89,0.91,0.357,24.28,25.07,25.06,2,Neutral
1101,21.76,31.9,400.0,20,0,1,0.06,0.41,1.0,0.388,21.1,21.16,21.67,1,Cool
1102,18.7,60.9,400.0,20,0,1,0.63,0.33,0.43,0.255,17.77,18.5,19.2,3,Warm
1103,25.33,47.9,519.0,332.0,1,0,0.74,0.06,0.07,0.286,23.81,25.58,25.2,2,Neutral
1104,21.41,53.9,400.0,20,0,1,0.17,0.82,0.04,0.417,21.08,21.09,21.34,2,Neutral
1105,22.91,69.5,637.0,236.0,1,1,0.0,0.35,0.86,0.218,23.83,22.67,22.65,2,Neutral
1106,26.7,37.0,534.0,449.0,1,1,0.86,0.86,0.11,0.295,26.85,28.1,26.75,3,Warm
1107,19.77,55.1,400.0,20,0,0,0.87,0.62,0.7,0.443,19.46,19.58,20.25,3,Warm
1108,26.62,54.0,400.0,20,0,1,0.79,0.82,0.73,0.11,26.93,27.61,26.37,1,Cool
1109,27.38,56.7,400.0,20,0,0,0.96,0.34,0.66,0.215,27.88,27.36,27.0,2,Neutral
1110,25.95,59.2,400.0,20,0,1,0.86,0.12,0.63,0.093,26.13,26.34,26.21,2,Neutral
1111,18.86,48.2,425.0,311.0,1,0,0.64,0.1,0.52,0.411,18.67,19.73,19.19,2,Neutral
1112,20.91,44.6,400.0,20,0,1,0.28,0.5,0.83,0.391,20.36,19.8,21.71,2,Neutral
1113,18.49,30.3,400.0,20,0,1,0.32,0.49,0.26,0.287,18.87,17.84,18.26,2,Neutral
1114,26.62,62.6,477.0,179.0,1,1,0.63,0.63,0.84,0.119,26.3,26.71,26.72,2,Neutral
1115,20.24,62.9,527.0,179.0,1,0,0.59,0.83,0.36,0.13,20.22,20.21,19.86,3,Warm
1116,26.85,58.9,400.0,20,0,0,0.85,0.89,0.79,0.438,27.11,26.87,26.91,2,Neutral
1117,27.81,33.1,539.0,555.0,1,0,0.71,0.31,0.1,0.187,27.27,27.66,27.17,2,Neutral
1118,27.5,47.3,561.0,517.0,1,1,0.07,0.27,0.34,0.396,26.86,26.64,27.58,2,Neutral
1119,22.07,38.8,624.0,588.0,1,0,0.15,0.36,0.31,0.326,22.75,20.37,21.87,2,Neutral
1120,19.34,42.4,400.0,20,0,1,0.76,0.26,0.31,0.417,19.06,18.33,19.44,1,Cool
1121,22.4,40.0,400.0,20,0,1,0.96,0.46,0.21,0.224,22.62,22.38,21.69,2,Neutral
1122,20.19,68.0,746.0,162.0,1,0,0.1,0.49,0.99,0.181,20.16,20.86,20.09,2,Neutral
1123,23.62,47.3,588.0,487.0,1,0,0.38,0.35,0.96,0.395,23.67,23.29,23.8,1,Cool
1124,22.34,51.0,576.0,693.0,1,1,0.98,0.33,0.1,0.131,22.93,21.85,22.74,2,Neutral
1125,26.3,38.6,718.0,528.0,1,1,0.45,0.53,0.53,0.386,26.1,26.04,25.87,1,Cool
1126,19.01,45.6,685.0,507.0,1,1,0.27,0.95,0.1,0.329,19.59,19.38,18.99,1,Cool
1127,22.58,39.2,606.0,231.0,1,1,0.73,0.78,0.59,0.242,22.62,22.89,22.65,0,Cold
1128,21.75,52.7,607.0,387.0,1,0,0.64,0.41,0.79,0.38,22.48,20.24,21.64,2,Neutral
1129,23.82,30.4,446.0,129.0,1,0,0.29,0.41,0.01,0.274,24.31,25.01,23.9,1,Cool
1130,19.52,36.9,400.0,20,0,0,0.11,0.55,0.8,0.084,20.21,20.02,19.37,2,Neutral
1131,20.95,34.9,530.0,501.0,1,1,0.09,0.92,0.95,0.199,20.69,23.2,20.57,2,Neutral
1132,24.27,53.4,400.0,20,0,1,0.75,0.81,0.95,0.282,23.21,24.17,24.3,2,Neutral
1133,18.01,59.4,400.0,20,0,1,0.08,0.89,0.13,0.201,17.46,17.18,17.87,4,Hot
1134,18.87,48.3,400.0,20,0,0,0.44,0.18,0.41,0.385,17.98,18.07,19.17,2,Neutral
1135,27.39,55.2,650.0,611.0,1,0,0.86,0.0,0.88,0.356,27.5,26.73,27.11,2,Neutral
1136,27.0,57.4,708.0,117.0,1,0,0.14,0.07,0.39,0.409,27.71,25.91,26.79,1,Cool
1137,24.84,32.0,400.0,20,0,0,0.56,0.55,0.72,0.234,24.79,24.82,24.99,2,Neutral
1138,24.92,43.7,400.0,20,0,1,0.55,0.71,0.79,0.407,25.09,26.07,24.55,3,Warm
1139,24.55,62.8,400.0,20,0,1,0.22,0.26,0.3,0.264,24.85,26.59,24.11,2,Neutral
1140,24.68,60.9,706.0,369.0,1,0,0.54,0.22,0.41,0.256,24.35,26.57,24.75,2,Neutral
1141,20.85,53.0,400.0,20,0,1,0.04,0.71,0.26,0.229,19.89,21.64,20.87,2,Neutral
1142,23.79,34.7,400.0,20,0,0,0.2,0.46,0.08,0.237,24.13,24.24,23.98,2,Neutral
1143,21.79,31.2,400.0,20,0,1,0.71,0.48,0.29,0.06,22.56,22.89,22.0,2,Neutral
1144,23.99,65.5,400.0,20,0,0,0.31,0.17,0.99,0.057,24.26,23.58,23.95,3,Warm
1145,22.98,65.1,603.0,341.0,1,1,0.15,0.8,0.9,0.287,22.69,22.29,22.21,2,Neutral
1146,23.43,30.9,723.0,534.0,1,1,0.7,0.72,0.87,0.283,23.67,22.22,23.42,3,Warm
1147,19.76,48.9,400.0,20,0,1,0.51,0.29,0.49,0.329,20.82,17.75,19.65,2,Neutral
1148,26.22,50.7,650.0,164.0,1,1,0.15,0.17,0.88,0.375,26.1,25.38,26.36,2,Neutral
1149,22.05,49.5,791.0,231.0,1,0,0.26,0.91,0.32,0.412,22.84,21.94,21.56,0,Cold
1150,18.58,61.8,400.0,20,0,1,0.55,0.61,0.99,0.304,18.85,17.85,18.22,2,Neutral
1151,25.1,63.0,626.0,473.0,1,0,0.75,0.25,0.56,0.328,25.04,25.23,24.91,2,Neutral
1152,20.46,39.1,400.0,20,0,0,0.87,0.08,0.77,0.365,20.1,20.97,20.77,2,Neutral
1153,22.71,37.9,400.0,20,0,1,0.39,0.39,0.27,0.419,22.73,23.21,22.35,2,Neutral
1154,20.18,40.7,400.0,20,0,0,0.11,0.79,0.47,0.435,18.84,19.8,20.56,1,Cool
1155,22.73,54.2,718.0,148.0,1,1,0.68,0.28,0.63,0.236,23.59,24.44,22.71,2,Neutral
1156,25.02,57.1,428.0,221.0,1,1,0.88,0.25,0.07,0.127,24.38,25.38,25.31,1,Cool
1157,24.2,52.5,500.0,553.0,1,1,0.54,0.94,0.64,0.083,25.36,24.84,23.61,3,Warm
1158,19.0,53.7,555.0,169.0,1,1,0.41,0.25,0.45,0.311,17.94,20.02,18.68,2,Neutral
1159,20.32,52.4,400.0,20,0,1,0.16,0.19,0.1,0.3,21.54,22.26,20.1,2,Neutral
1160,26.49,63.9,535.0,479.0,1,1,0.27,0.49,0.54,0.208,26.33,26.29,26.31,2,Neutral
1161,21.26,44.3,695.0,484.0,1,0,0.74,0.17,0.73,0.28,21.97,21.32,21.0,4,Hot
1162,20.79,41.4,400.0,20,0,1,0.67,0.04,0.35,0.231,20.6,21.63,20.64,2,Neutral
1163,26.95,68.2,400.0,20,0,1,0.57,0.07,0.26,0.414,26.62,26.72,26.44,2,Neutral
1164,23.2,47.4,490.0,607.0,1,1,0.13,0.27,0.4,0.112,23.33,23.63,23.36,0,Cold
1165,27.98,48.0,689.0,488.0,1,0,0.65,0.24,0.57,0.194,28.8,27.57,27.84,2,Neutral
1166,18.27,32.0,691.0,570.0,1,0,0.23,0.85,0.7,0.117,18.0,18.75,18.02,2,Neutral
1167,21.65,38.9,640.0,607.0,1,1,0.51,0.67,0.9,0.395,22.62,20.89,21.85,2,Neutral
1168,25.52,64.7,400.0,20,0,1,0.52,0.05,0.33,0.113,24.41,23.72,25.31,2,Neutral
1169,19.15,54.5,400.0,20,0,1,0.36,0.14,0.01,0.08,19.95,18.99,19.49,2,Neutral
1170,27.55,65.1,400.0,20,0,1,0.35,0.5,0.72,0.111,27.91,27.69,26.72,4,Hot
1171,23.04,59.9,400.0,20,0,1,0.7,0.67,0.95,0.295,23.25,24.97,22.89,2,Neutral
1172,20.56,55.1,400.0,20,0,0,0.24,0.89,0.74,0.144,20.94,18.48,20.75,2,Neutral
1173,20.09,51.6,496.0,448.0,1,0,0.59,0.22,0.6,0.384,21.09,20.16,20.19,2,Neutral
1174,18.72,65.4,764.0,230.0,1,0,0.4,0.82,0.69,0.157,18.14,19.25,18.69,2,Neutral
1175,21.98,40.9,400.0,20,0,1,0.87,0.67,0.29,0.421,22.53,20.81,22.05,4,Hot
1176,25.69,49.6,410.0,578.0,1,1,0.71,0.89,0.99,0.259,26.58,26.24,25.72,3,Warm
1177,22.98,58.9,400.0,20,0,0,0.84,0.37,0.56,0.139,22.85,22.79,23.5,2,Neutral
1178,25.44,66.7,400.0,20,0,1,0.96,0.27,0.14,0.167,26.1,24.32,25.09,2,Neutral
1179,23.11,67.7,400.0,20,0,1,0.22,0.98,0.51,0.307,22.74,24.09,22.13,0,Cold
1180,20.51,46.5,400.0,20,0,0,0.57,0.38,0.68,0.369,20.74,21.32,20.7,3,Warm
1181,25.53,59.8,676.0,185.0,1,1,0.7,0.0,0.97,0.098,24.72,25.71,25.63,4,Hot
1182,25.91,58.7,400.0,20,0,0,0.26,0.87,0.59,0.061,26.22,26.4,25.84,2,Neutral
1183,23.69,34.5,512.0,645.0,1,0,0.57,0.89,0.57,0.103,23.89,24.68,23.36,2,Neutral
1184,18.45,67.3,400.0,20,0,1,0.28,0.31,0.59,0.352,18.89,18.37,18.09,2,Neutral
1185,27.64,60.7,624.0,395.0,1,0,0.92,0.87,0.1,0.164,27.63,27.32,28.38,4,Hot
1186,26.62,61.1,591.0,148.0,1,0,0.66,0.97,0.17,0.107,26.69,26.0,26.88,2,Neutral
1187,20.07,67.8,761.0,477.0,1,1,0.58,0.35,0.64,0.125,19.5,20.34,19.59,2,Neutral
1188,21.86,50.0,400.0,20,0,1,0.21,0.19,0.77,0.254,21.29,24.18,21.74,3,Warm
1189,23.53,67.2,675.0,108.0,1,1,0.51,0.26,0.2,0.395,22.81,22.64,23.86,2,Neutral
1190,20.78,41.5,685.0,634.0,1,1,0.6,0.26,0.08,0.237,21.01,19.56,20.23,4,Hot
1191,27.52,41.3,531.0,260.0,1,1,0.8,0.86,0.57,0.261,27.0,28.43,27.35,2,Neutral
1192,21.49,63.9,400.0,20,0,0,0.1,0.69,0.48,0.068,20.89,19.56,21.17,2,Neutral
1193,19.94,62.2,771.0,290.0,1,0,0.72,0.13,0.09,0.245,19.66,19.49,20.27,2,Neutral
1194,26.36,39.5,676.0,244.0,1,1,0.81,0.24,0.43,0.416,25.59,27.5,26.04,2,Neutral
1195,21.76,68.6,400.0,20,0,0,0.4,0.06,0.12,0.311,20.84,21.74,21.72,2,Neutral
1196,24.06,44.3,400.0,20,0,1,0.55,0.04,0.52,0.097,24.1,25.67,24.46,3,Warm
1197,27.14,56.9,400.0,20,0,1,0.31,0.78,0.27,0.163,27.35,26.51,26.45,3,Warm
1198,21.59,59.8,400.0,20,0,0,0.49,0.93,0.54,0.402,21.5,20.63,21.53,1,Cool
1199,23.27,42.7,400.0,20,0,0,0.6,0.55,0.87,0.209,24.21,25.38,23.07,2,Neutral
1200,25.36,37.5,444.0,588.0,1,1,0.15,0.42,0.34,0.218,25.44,24.81,25.35,3,Warm
1201,20.33,30.2,743.0,230.0,1,1,0.6,0.77,0.54,0.227,20.34,17.64,20.84,2,Neutral
1202,21.17,47.4,767.0,559.0,1,0,0.08,0.26,0.18,0.386,20.61,19.87,20.7,2,Neutral
1203,27.99,34.8,400.0,20,0,1,0.31,0.47,0.56,0.367,28.44,28.56,29.11,2,Neutral
1204,18.04,60.5,782.0,204.0,1,1,0.43,0.43,0.42,0.122,17.74,16.72,17.76,2,Neutral
1205,25.23,56.4,400.0,20,0,1,0.31,0.64,0.77,0.069,25.74,23.63,25.26,0,Cold
1206,22.55,63.3,517.0,302.0,1,1,0.66,0.33,0.27,0.344,22.65,22.82,22.66,2,Neutral
1207,20.34,48.0,400.0,20,0,1,0.32,0.61,0.36,0.092,20.77,19.3,20.06,2,Neutral
1208,20.67,59.4,400.0,20,0,1,0.2,0.25,0.29,0.425,20.29,19.87,20.8,3,Warm
1209,25.75,39.1,470.0,449.0,1,0,0.36,0.29,0.17,0.286,26.3,25.42,26.01,2,Neutral
1210,22.48,45.6,400.0,20,0,1,0.97,0.35,0.39,0.094,22.11,21.98,22.5,0,Cold
1211,27.87,38.1,400.0,20,0,0,0.5,0.66,0.32,0.172,27.26,26.29,27.62,2,Neutral
1212,18.8,42.8,599.0,267.0,1,0,0.57,0.2,0.94,0.429,19.13,17.45,18.86,2,Neutral
1213,22.86,55.4,400.0,20,0,0,0.4,0.93,0.81,0.296,22.73,22.73,23.28,2,Neutral
1214,26.61,46.6,557.0,371.0,1,1,0.57,0.24,0.36,0.156,27.49,27.44,26.11,4,Hot
1215,22.39,66.0,400.0,20,0,1,0.86,0.71,0.28,0.183,22.47,22.66,22.82,2,Neutral
1216,27.41,30.3,424.0,326.0,1,1,0.46,0.3,0.62,0.247,27.97,27.2,27.05,2,Neutral
1217,19.21,65.8,400.0,20,0,1,0.01,0.58,0.24,0.385,19.13,19.12,20.11,2,Neutral
1218,25.94,44.7,759.0,200.0,1,0,0.38,0.89,0.61,0.29,27.05,26.58,25.56,2,Neutral
1219,18.62,51.9,400.0,20,0,0,0.96,0.32,0.54,0.302,18.05,18.01,19.16,2,Neutral
1220,24.0,32.0,774.0,420.0,1,1,0.6,0.7,0.21,0.446,24.07,22.67,23.9,2,Neutral
1221,27.99,54.9,752.0,288.0,1,1,0.63,0.36,0.16,0.245,26.85,27.46,27.62,2,Neutral
1222,18.7,30.9,400.0,20,0,1,0.07,0.93,0.75,0.339,19.46,16.8,19.24,1,Cool
1223,18.66,60.5,761.0,167.0,1,0,0.96,0.94,0.58,0.274,19.66,18.7,18.13,3,Warm
1224,27.76,39.6,400.0,20,0,0,0.13,0.8,0.49,0.141,28.08,27.76,27.63,3,Warm
1225,24.58,63.6,400.0,20,0,0,0.57,0.08,1.0,0.38,24.2,24.63,24.57,4,Hot
1226,25.98,38.4,400.0,20,0,0,0.4,0.86,0.78,0.237,25.18,24.94,26.48,2,Neutral
1227,24.45,33.8,400.0,20,0,1,0.53,0.28,0.91,0.232,23.87,23.87,24.12,2,Neutral
1228,21.91,30.8,400.0,20,0,1,0.29,0.76,0.25,0.116,21.04,23.0,21.69,2,Neutral
1229,27.21,53.2,541.0,210.0,1,1,0.22,0.54,0.7,0.198,27.17,27.07,27.45,1,Cool
1230,20.5,52.1,741.0,350.0,1,1,0.81,0.06,0.66,0.434,19.84,18.58,19.92,2,Neutral
1231,18.88,64.5,512.0,510.0,1,1,0.51,0.68,0.3,0.09,18.55,19.62,18.25,0,Cold
1232,25.89,33.4,400.0,20,0,1,0.06,0.59,0.59,0.127,25.54,25.75,25.34,1,Cool
1233,21.62,45.7,400.0,20,0,0,0.42,0.94,0.67,0.196,21.5,20.03,21.75,3,Warm
1234,22.72,35.2,400.0,20,0,0,0.86,0.2,0.68,0.209,22.19,22.97,22.98,2,Neutral
1235,27.27,67.8,606.0,413.0,1,1,0.83,0.03,0.94,0.305,25.8,27.22,27.15,2,Neutral
1236,24.18,53.9,400.0,20,0,0,0.41,0.58,0.78,0.104,24.53,25.05,24.24,3,Warm
1237,18.98,61.3,577.0,381.0,1,0,0.41,0.22,0.86,0.327,18.92,18.71,19.06,2,Neutral
1238,27.7,54.2,400.0,20,0,1,0.61,0.03,0.9,0.407,28.38,28.86,28.42,2,Neutral
1239,27.7,67.9,425.0,231.0,1,0,0.92,0.28,0.84,0.305,29.84,27.01,27.69,0,Cold
1240,26.04,52.8,653.0,203.0,1,1,0.76,0.02,0.48,0.34,26.3,27.22,25.47,2,Neutral
1241,19.24,45.9,400.0,20,0,1,0.12,0.53,0.69,0.208,19.92,19.16,19.16,0,Cold
1242,26.43,49.4,400.0,20,0,0,0.37,0.69,0.65,0.189,26.35,25.84,26.1,2,Neutral
1243,23.8,44.5,400.0,20,0,0,0.48,0.98,0.09,0.149,24.3,23.26,23.75,2,Neutral
1244,26.18,57.3,490.0,410.0,1,0,0.9,0.08,0.87,0.106,26.26,26.32,26.37,2,Neutral
1245,18.9,41.2,680.0,270.0,1,0,0.38,0.93,0.93,0.144,19.3,19.67,18.9,2,Neutral
1246,23.85,52.5,548.0,306.0,1,0,0.62,0.77,0.88,0.426,23.47,23.67,24.0,2,Neutral
1247,18.27,64.4,612.0,222.0,1,1,0.26,0.74,0.65,0.334,19.06,17.81,18.59,2,Neutral
1248,23.91,39.9,467.0,266.0,1,0,0.27,0.91,0.83,0.08,23.28,25.58,23.03,2,Neutral
1249,20.32,35.4,400.0,20,0,0,0.43,0.49,0.55,0.112,21.27,19.55,20.65,2,Neutral
1250,18.84,32.3,738.0,292.0,1,0,0.95,0.65,0.6,0.337,19.09,20.75,18.93,2,Neutral
1251,26.9,49.7,638.0,607.0,1,1,0.73,0.52,0.28,0.372,26.18,27.86,26.91,2,Neutral
1252,24.89,53.2,761.0,640.0,1,1,0.46,0.22,0.04,0.375,24.02,24.84,24.71,1,Cool
1253,24.71,32.8,400.0,20,0,1,0.7,0.5,0.34,0.169,23.96,24.17,24.38,2,Neutral
1254,19.98,64.8,416.0,165.0,1,1,0.27,0.9,0.86,0.12,19.76,20.79,19.17,3,Warm
1255,19.88,49.0,400.0,20,0,0,0.94,0.47,0.29,0.248,19.08,18.7,20.06,2,Neutral
1256,21.1,33.1,400.0,20,0,1,0.08,0.85,0.34,0.235,20.87,21.3,21.02,2,Neutral
1257,21.74,67.4,400.0,20,0,1,0.96,0.25,0.02,0.148,23.0,22.8,21.14,1,Cool
1258,18.84,34.9,400.0,20,0,1,0.68,0.93,0.55,0.424,18.66,19.25,18.78,3,Warm
1259,19.07,60.6,483.0,523.0,1,1,0.86,0.86,0.93,0.376,19.71,20.57,18.77,4,Hot
1260,25.34,64.5,495.0,152.0,1,1,0.63,0.64,0.29,0.398,25.24,25.6,25.57,2,Neutral
1261,20.62,33.6,570.0,464.0,1,1,0.13,0.97,0.97,0.348,19.48,20.76,20.88,2,Neutral
1262,23.13,35.3,594.0,212.0,1,1,0.38,0.47,0.08,0.186,24.07,22.77,23.42,3,Warm
1263,25.56,58.7,531.0,565.0,1,0,0.5,0.88,0.56,0.138,25.29,27.88,26.32,2,Neutral
1264,18.88,59.0,480.0,604.0,1,0,0.49,0.63,0.83,0.241,19.58,18.5,18.83,3,Warm
1265,27.13,31.9,536.0,384.0,1,0,0.18,0.83,0.72,0.438,26.86,27.6,27.5,2,Neutral
1266,20.59,64.2,410.0,558.0,1,1,0.22,0.09,0.73,0.325,19.17,20.26,20.47,2,Neutral
1267,20.67,61.2,400.0,20,0,0,0.73,0.61,0.64,0.119,21.49,20.46,20.87,2,Neutral
1268,25.51,30.4,499.0,608.0,1,0,0.66,0.86,0.01,0.063,25.42,24.48,25.7,1,Cool
1269,20.02,35.5,400.0,20,0,1,0.62,0.55,0.97,0.445,19.38,20.27,19.91,2,Neutral
1270,20.65,49.9,747.0,248.0,1,0,0.88,0.38,0.79,0.052,21.56,20.94,20.46,2,Neutral
1271,25.15,50.7,400.0,20,0,0,0.88,0.49,0.49,0.311,24.5,25.01,25.14,3,Warm
1272,21.58,59.9,655.0,127.0,1,1,0.15,0.25,0.44,0.174,21.98,21.18,21.25,2,Neutral
1273,20.25,54.2,525.0,351.0,1,1,0.94,0.25,0.27,0.054,19.88,20.73,19.92,0,Cold
1274,27.1,64.7,400.0,20,0,1,0.33,0.49,0.22,0.283,27.39,26.21,27.3,2,Neutral
1275,24.86,62.3,400.0,20,0,0,0.17,0.58,0.73,0.175,25.61,23.39,25.17,2,Neutral
1276,24.76,36.8,722.0,690.0,1,0,0.17,0.96,0.05,0.432,25.5,24.49,24.63,2,Neutral
1277,22.28,46.6,436.0,694.0,1,1,0.05,0.11,0.67,0.103,23.02,21.89,22.14,3,Warm
1278,22.07,52.5,616.0,679.0,1,0,0.37,0.98,0.79,0.319,20.99,22.53,21.88,2,Neutral
1279,26.23,50.2,400.0,20,0,0,0.24,0.54,0.96,0.426,26.76,25.54,26.23,1,Cool
1280,21.04,69.6,478.0,172.0,1,1,0.36,0.99,0.31,0.32,22.0,19.9,21.03,2,Neutral
1281,25.27,61.6,400.0,20,0,0,0.81,0.89,1.0,0.353,25.61,24.19,25.49,2,Neutral
1282,18.33,51.9,510.0,400.0,1,0,0.06,0.63,0.67,0.407,17.71,18.82,18.74,0,Cold
1283,25.16,58.3,740.0,679.0,1,1,0.29,0.2,0.19,0.149,25.09,25.47,25.23,2,Neutral
1284,25.98,64.4,400.0,20,0,1,0.94,0.53,0.94,0.287,25.78,26.37,25.25,2,Neutral
1285,23.12,37.8,739.0,678.0,1,1,0.46,0.96,0.05,0.228,23.55,22.55,23.21,3,Warm
1286,18.44,38.6,400.0,20,0,1,0.99,0.09,0.43,0.133,18.61,19.7,18.29,2,Neutral
1287,21.87,47.2,798.0,164.0,1,1,0.89,0.62,0.71,0.381,21.93,21.31,22.09,1,Cool
1288,21.39,61.3,777.0,639.0,1,1,0.5,0.46,0.48,0.305,21.78,21.09,21.63,0,Cold
1289,23.44,30.5,768.0,647.0,1,0,0.71,0.52,0.29,0.131,22.23,22.87,23.86,3,Warm
1290,20.49,50.8,588.0,583.0,1,0,0.04,0.95,0.87,0.054,21.63,20.97,20.33,2,Neutral
1291,21.58,32.2,586.0,549.0,1,1,0.91,0.3,0.28,0.402,21.19,20.85,21.13,2,Neutral
1292,22.44,43.8,615.0,352.0,1,1,0.49,0.69,0.04,0.186,23.19,23.66,22.9,2,Neutral
1293,23.61,52.1,737.0,208.0,1,1,0.63,0.27,0.61,0.152,23.93,24.53,23.74,2,Neutral
1294,25.02,41.5,400.0,20,0,0,0.78,1.0,0.5,0.276,24.99,25.99,25.42,2,Neutral
1295,21.31,36.9,738.0,557.0,1,1,0.22,0.14,0.8,0.366,21.73,22.85,21.59,2,Neutral
1296,22.91,44.8,400.0,20,0,1,0.63,0.8,0.99,0.422,23.16,24.08,23.24,2,Neutral
1297,25.26,65.2,604.0,290.0,1,1,0.91,0.62,0.69,0.223,25.58,25.6,25.29,1,Cool
1298,25.35,69.1,400.0,20,0,1,0.73,0.64,0.28,0.256,24.81,25.98,24.6,2,Neutral
1299,18.79,35.4,579.0,320.0,1,1,0.33,0.49,0.86,0.103,18.6,18.64,19.64,2,Neutral
1300,20.18,31.9,400.0,20,0,0,0.95,0.17,0.94,0.193,20.41,19.72,20.3,1,Cool
1301,21.6,49.1,587.0,569.0,1,0,0.2,0.48,0.04,0.373,21.68,21.31,21.59,2,Neutral
1302,18.89,54.8,400.0,20,0,1,0.78,0.15,0.68,0.433,18.18,19.45,19.48,2,Neutral
1303,19.28,66.9,571.0,319.0,1,1,0.08,0.15,0.49,0.251,20.61,18.74,19.43,2,Neutral
1304,23.64,66.6,417.0,506.0,1,0,0.93,0.54,0.17,0.35,23.46,24.24,24.52,1,Cool
1305,19.33,48.3,400.0,20,0,1,0.86,0.02,0.23,0.111,19.88,18.3,18.72,3,Warm
1306,19.47,60.9,400.0,20,0,0,0.67,0.87,0.51,0.202,19.33,19.82,19.74,2,Neutral
1307,19.52,62.9,400.0,20,0,0,0.41,0.37,0.72,0.116,19.74,18.22,19.61,2,Neutral
1308,18.7,66.0,637.0,252.0,1,0,0.72,0.63,0.26,0.152,18.27,18.18,18.95,4,Hot
1309,26.68,68.1,675.0,272.0,1,1,0.55,0.59,0.51,0.086,26.6,27.4,26.39,3,Warm
1310,18.86,38.2,465.0,479.0,1,1,0.52,0.25,0.56,0.094,18.4,18.71,18.56,2,Neutral
1311,19.92,36.3,400.0,20,0,1,0.18,0.39,0.17,0.411,20.03,19.66,19.44,2,Neutral
1312,22.87,34.4,400.0,20,0,1,0.84,0.12,0.61,0.098,22.48,22.55,22.21,2,Neutral
1313,20.93,59.0,400.0,20,0,0,0.38,0.64,0.91,0.441,20.99,20.65,20.92,2,Neutral
1314,20.32,39.9,749.0,284.0,1,1,0.48,0.15,0.86,0.154,20.36,19.86,19.45,4,Hot
1315,25.94,69.6,400.0,20,0,0,0.76,0.46,0.57,0.186,25.95,28.06,25.98,2,Neutral
1316,27.77,56.7,679.0,239.0,1,0,0.95,0.65,0.37,0.389,27.99,26.53,28.7,1,Cool
1317,20.08,41.1,552.0,117.0,1,1,0.61,0.59,0.92,0.206,20.65,21.4,19.92,2,Neutral
1318,26.1,32.3,400.0,20,0,0,0.3,0.9,0.8,0.44,25.97,25.55,25.75,0,Cold
1319,21.93,66.2,587.0,403.0,1,1,0.58,0.81,0.55,0.382,21.18,21.45,21.75,2,Neutral
1320,22.99,53.4,400.0,20,0,1,0.11,0.28,0.33,0.384,22.55,21.78,23.26,2,Neutral
1321,19.6,50.7,436.0,247.0,1,0,0.58,0.94,0.09,0.358,18.55,18.6,19.85,3,Warm
1322,19.33,60.8,546.0,322.0,1,1,0.8,0.65,0.72,0.27,19.74,21.09,18.88,2,Neutral
1323,19.2,49.8,400.0,20,0,0,0.38,0.8,0.05,0.117,18.74,19.54,19.16,2,Neutral
1324,21.76,65.8,400.0,20,0,0,0.45,0.78,0.68,0.245,21.93,21.9,21.66,2,Neutral
1325,20.85,68.3,722.0,589.0,1,0,0.7,0.46,0.61,0.108,20.16,20.34,21.16,2,Neutral
1326,18.89,59.2,400.0,20,0,1,0.08,0.6,0.74,0.162,17.85,17.51,18.95,4,Hot
1327,24.41,35.1,400.0,20,0,0,0.42,0.84,0.96,0.141,24.24,24.3,24.18,2,Neutral
1328,21.64,62.5,400.0,20,0,0,0.74,0.19,0.83,0.229,22.74,21.14,20.96,2,Neutral
1329,22.34,60.5,400.0,20,0,1,0.14,0.81,0.69,0.358,21.26,20.24,22.58,1,Cool
1330,18.03,47.7,400.0,20,0,1,0.71,0.21,0.25,0.203,17.48,18.07,18.09,3,Warm
1331,20.45,33.7,680.0,380.0,1,1,0.82,0.24,0.4,0.429,20.97,20.31,20.31,3,Warm
1332,19.23,31.7,631.0,516.0,1,1,0.63,0.62,0.93,0.385,18.76,19.82,19.24,2,Neutral
1333,22.04,68.4,400.0,20,0,0,0.28,0.61,0.91,0.204,21.49,22.03,21.65,3,Warm
1334,18.9,42.0,400.0,20,0,1,0.34,0.35,0.28,0.22,18.1,17.76,18.67,1,Cool
1335,23.63,63.8,400.0,20,0,1,0.59,0.5,0.99,0.185,22.87,24.76,23.77,2,Neutral
1336,21.03,42.3,533.0,540.0,1,1,0.2,0.51,0.04,0.369,21.33,20.83,20.69,4,Hot
1337,19.09,45.1,400.0,20,0,0,0.71,0.2,0.02,0.123,18.27,18.32,18.94,2,Neutral
1338,19.33,59.7,643.0,416.0,1,1,0.67,0.74,0.17,0.441,19.04,20.36,18.73,2,Neutral
1339,25.08,34.1,461.0,360.0,1,0,0.4,0.63,0.01,0.408,25.08,24.14,25.25,3,Warm
1340,23.52,40.1,736.0,123.0,1,0,0.12,0.67,0.21,0.228,23.03,23.89,23.39,3,Warm
1341,22.74,51.2,400.0,20,0,0,0.52,0.33,0.68,0.438,22.24,20.86,22.78,3,Warm
1342,23.18,49.9,400.0,20,0,0,0.03,0.55,0.33,0.063,23.29,20.68,23.5,3,Warm
1343,21.21,43.9,400.0,20,0,0,0.68,0.86,0.7,0.148,20.6,20.5,21.19,2,Neutral
1344,18.33,41.6,501.0,313.0,1,1,0.36,0.13,0.47,0.159,18.84,17.32,18.36,1,Cool
1345,27.19,42.0,400.0,20,0,1,0.79,0.91,0.28,0.08,27.98,29.17,27.41,2,Neutral
1346,25.8,38.8,400.0,20,0,1,0.76,0.18,0.65,0.335,26.38,25.12,26.45,2,Neutral
1347,24.71,61.2,528.0,462.0,1,0,0.58,0.22,0.49,0.398,24.63,25.46,24.24,2,Neutral
1348,26.53,54.5,430.0,306.0,1,1,0.37,0.59,0.05,0.278,28.04,27.75,26.61,2,Neutral
1349,23.25,43.4,400.0,20,0,0,0.58,0.8,0.61,0.302,22.34,23.27,23.28,2,Neutral
1350,27.52,55.9,400.0,20,0,1,0.57,0.25,0.14,0.333,25.84,28.72,28.0,4,Hot
1351,18.96,39.2,400.0,20,0,0,0.42,0.19,0.11,0.054,19.57,18.52,18.92,2,Neutral
1352,26.9,34.2,400.0,20,0,0,0.3,0.03,0.56,0.423,26.72,27.68,27.26,2,Neutral
1353,19.47,54.7,400.0,20,0,0,0.54,0.0,0.33,0.344,19.78,18.17,19.19,2,Neutral
1354,24.3,64.7,459.0,643.0,1,0,0.61,0.04,0.48,0.133,24.41,25.53,25.12,2,Neutral
1355,19.42,47.7,400.0,20,0,1,0.12,0.45,0.98,0.396,18.76,20.42,19.4,2,Neutral
1356,24.83,34.4,476.0,162.0,1,0,0.32,0.6,0.13,0.153,24.38,23.79,25.55,2,Neutral
1357,20.85,64.9,473.0,313.0,1,0,0.53,0.26,0.67,0.179,20.59,22.54,21.44,2,Neutral
1358,23.52,50.9,400.0,20,0,0,0.14,0.11,0.44,0.395,23.67,22.29,23.12,2,Neutral
1359,27.01,48.5,400.0,20,0,1,0.58,0.54,0.54,0.297,25.73,27.85,26.92,2,Neutral
1360,24.6,52.3,400.0,20,0,0,0.52,0.66,0.07,0.354,24.45,24.59,24.34,3,Warm
1361,24.8,51.7,400.0,20,0,0,0.36,0.78,0.8,0.39,24.88,25.25,24.49,2,Neutral
1362,21.99,46.5,400.0,20,0,1,0.29,0.77,0.73,0.398,21.39,21.59,21.76,2,Neutral
1363,24.34,33.9,517.0,286.0,1,0,0.18,0.28,0.69,0.203,25.38,25.9,24.31,2,Neutral
1364,27.09,55.2,794.0,427.0,1,1,0.51,0.47,0.01,0.318,26.28,27.94,27.25,3,Warm
1365,27.22,57.4,400.0,20,0,1,0.02,0.59,0.18,0.186,28.32,27.41,27.13,3,Warm
1366,24.39,45.8,400.0,20,0,1,0.72,0.31,0.24,0.234,23.68,24.21,23.93,2,Neutral
1367,18.43,65.7,400.0,20,0,1,0.39,0.18,0.35,0.298,17.68,19.66,18.2,4,Hot
1368,20.57,62.7,400.0,20,0,1,0.55,0.73,0.06,0.159,20.69,21.18,20.39,2,Neutral
1369,21.0,42.5,529.0,383.0,1,1,0.81,0.92,0.74,0.326,21.74,21.57,21.13,2,Neutral
1370,19.36,44.9,400.0,20,0,0,0.46,0.47,0.86,0.113,19.78,19.99,18.92,1,Cool
1371,22.56,47.8,590.0,407.0,1,1,0.07,0.73,0.69,0.255,23.42,22.41,22.5,2,Neutral
1372,24.57,63.0,400.0,20,0,0,0.43,0.03,0.81,0.203,23.66,24.58,24.47,0,Cold
1373,20.21,66.0,400.0,20,0,0,0.41,0.44,0.43,0.179,20.4,20.11,20.44,2,Neutral
1374,27.17,61.3,725.0,216.0,1,0,0.03,0.66,0.76,0.068,26.74,26.74,27.33,2,Neutral
1375,20.26,38.4,454.0,204.0,1,0,0.61,0.16,0.07,0.391,20.25,19.15,20.63,2,Neutral
1376,27.2,62.6,400.0,20,0,0,0.03,0.72,0.84,0.152,26.63,27.71,26.79,2,Neutral
1377,21.88,44.6,411.0,483.0,1,0,0.4,0.69,0.94,0.107,21.84,21.13,21.39,1,Cool
1378,25.65,49.7,400.0,20,0,0,0.98,0.86,0.38,0.236,25.79,25.14,25.83,2,Neutral
1379,21.86,59.6,569.0,260.0,1,0,0.2,0.66,0.78,0.308,22.28,20.14,22.42,2,Neutral
1380,22.42,51.2,400.0,20,0,1,0.15,0.4,0.76,0.127,23.42,21.93,22.36,3,Warm
1381,26.1,62.3,400.0,20,0,1,0.18,0.17,0.08,0.175,25.54,26.79,25.9,4,Hot
1382,24.75,55.8,581.0,220.0,1,0,0.19,0.54,0.5,0.259,25.24,24.18,24.72,2,Neutral
1383,25.46,54.3,457.0,281.0,1,1,0.57,0.56,0.57,0.283,25.68,24.43,24.93,2,Neutral
1384,20.65,45.2,543.0,487.0,1,0,0.55,0.82,0.39,0.059,20.76,19.48,20.34,1,Cool
1385,27.61,58.5,549.0,257.0,1,0,0.31,0.4,0.69,0.438,28.55,26.92,27.51,3,Warm
1386,20.21,55.5,400.0,20,0,0,0.56,0.3,0.49,0.343,20.8,21.02,19.77,3,Warm
1387,21.51,37.4,400.0,20,0,1,0.72,0.53,0.99,0.26,21.22,19.44,21.91,0,Cold
1388,18.28,61.2,400.0,20,0,0,0.93,0.66,0.21,0.182,18.3,17.47,18.3,2,Neutral
1389,26.09,58.2,437.0,347.0,1,0,0.04,0.95,0.7,0.445,26.59,26.43,26.12,2,Neutral
1390,23.05,61.5,749.0,351.0,1,1,0.56,0.17,0.56,0.2,23.45,22.05,23.63,2,Neutral
1391,26.14,68.2,400.0,20,0,0,0.57,0.05,0.74,0.359,26.97,24.49,26.01,2,Neutral
1392,22.59,61.0,400.0,20,0,1,0.03,0.68,0.45,0.322,22.85,20.7,22.7,2,Neutral
1393,25.64,40.8,646.0,143.0,1,1,0.39,0.37,0.53,0.366,26.23,24.35,24.91,2,Neutral
1394,25.05,52.6,400.0,20,0,1,0.32,0.73,0.84,0.326,24.82,24.96,25.17,2,Neutral
1395,22.67,48.4,531.0,363.0,1,1,0.01,0.65,0.43,0.083,23.52,22.76,22.77,2,Neutral
1396,22.34,41.7,400.0,20,0,0,0.35,0.37,0.78,0.387,21.8,22.44,22.58,2,Neutral
1397,26.37,49.4,400.0,20,0,1,0.46,0.82,0.05,0.146,25.91,25.87,26.06,2,Neutral
1398,21.08,45.8,400.0,20,0,1,0.74,0.96,0.41,0.33,20.78,21.53,20.96,2,Neutral
1399,21.85,33.0,435.0,489.0,1,0,0.28,0.41,0.26,0.358,22.81,22.28,22.63,4,Hot
1400,20.29,55.0,601.0,435.0,1,1,0.41,0.02,0.69,0.188,20.03,20.49,20.56,2,Neutral
1401,23.75,62.7,434.0,328.0,1,0,0.62,0.39,0.38,0.356,23.29,23.85,23.6,0,Cold
1402,20.27,48.4,744.0,256.0,1,0,0.17,0.45,0.29,0.262,19.89,19.49,19.83,2,Neutral
1403,26.0,34.9,581.0,389.0,1,1,0.27,0.34,0.53,0.07,27.54,25.4,26.0,1,Cool
1404,24.98,52.1,400.0,20,0,0,0.91,0.61,0.98,0.248,25.56,24.22,24.47,2,Neutral
1405,23.88,65.7,442.0,306.0,1,1,0.83,0.91,0.92,0.367,24.36,24.6,24.47,3,Warm
1406,18.96,54.6,743.0,430.0,1,1,0.55,0.2,0.07,0.285,19.64,20.02,17.93,2,Neutral
1407,22.39,46.2,400.0,20,0,0,0.14,0.11,0.1,0.281,23.37,23.35,21.94,2,Neutral
1408,21.72,43.9,482.0,508.0,1,0,0.79,0.47,0.94,0.292,21.87,21.66,22.12,2,Neutral
1409,18.51,39.1,752.0,198.0,1,1,0.44,0.76,0.38,0.172,17.53,19.81,18.25,3,Warm
1410,22.25,55.4,582.0,659.0,1,0,0.43,0.93,0.37,0.335,22.6,23.33,22.08,1,Cool
1411,26.2,60.7,636.0,113.0,1,0,0.1,0.81,0.05,0.157,27.74,26.58,25.72,2,Neutral
1412,25.19,46.8,616.0,438.0,1,0,0.32,0.13,0.16,0.065,25.26,26.18,25.26,2,Neutral
1413,23.27,40.5,400.0,20,0,1,0.8,0.94,0.39,0.059,23.08,23.03,23.51,2,Neutral
1414,21.83,66.0,400.0,20,0,0,0.36,0.45,0.67,0.438,21.12,21.18,21.45,1,Cool
1415,25.58,68.0,400.0,20,0,1,0.0,0.06,0.08,0.194,24.08,25.34,24.94,1,Cool
1416,21.76,46.6,747.0,360.0,1,0,0.79,0.48,0.14,0.218,21.44,21.28,21.7,3,Warm
1417,27.47,61.2,400.0,20,0,1,0.35,0.78,0.34,0.379,27.13,26.34,26.84,2,Neutral
1418,19.01,35.9,400.0,20,0,0,0.37,0.77,0.58,0.273,18.21,18.49,19.43,2,Neutral
1419,26.25,68.4,703.0,474.0,1,1,0.18,0.89,0.8,0.108,26.04,25.2,26.38,2,Neutral
1420,19.33,60.4,400.0,20,0,0,0.65,0.74,0.46,0.251,18.86,18.72,19.42,2,Neutral
1421,21.16,53.4,400.0,20,0,1,0.24,0.56,0.79,0.303,21.01,22.36,21.41,2,Neutral
1422,22.88,67.7,400.0,20,0,1,0.73,0.59,0.83,0.333,23.47,23.44,22.14,1,Cool
1423,19.59,47.8,692.0,173.0,1,0,0.5,0.08,0.41,0.241,19.52,18.18,19.85,2,Neutral
1424,26.06,66.6,496.0,150.0,1,1,0.93,0.29,0.36,0.183,26.2,25.76,25.77,2,Neutral
1425,21.92,61.6,605.0,682.0,1,0,0.49,0.07,0.02,0.407,22.04,21.04,22.16,3,Warm
1426,22.45,57.2,400.0,20,0,0,0.11,0.1,0.2,0.369,22.49,23.52,21.9,3,Warm
1427,27.44,50.9,400.0,20,0,1,0.45,0.29,0.01,0.376,27.2,26.61,27.46,3,Warm
1428,23.3,49.9,476.0,177.0,1,1,0.87,0.76,0.48,0.293,22.04,21.7,23.9,2,Neutral
1429,18.67,31.5,618.0,574.0,1,0,0.4,0.41,0.7,0.09,19.35,20.08,18.67,2,Neutral
1430,20.79,46.9,400.0,20,0,0,0.8,0.88,0.43,0.438,20.46,19.74,21.18,2,Neutral
1431,25.61,33.4,784.0,280.0,1,1,0.71,0.38,0.35,0.228,25.34,26.46,25.54,2,Neutral
1432,24.82,66.4,458.0,110.0,1,1,0.59,0.89,0.25,0.325,24.36,23.71,24.65,2,Neutral
1433,22.47,53.7,688.0,264.0,1,0,0.57,0.28,0.46,0.359,21.78,22.08,22.02,2,Neutral
1434,23.63,50.4,747.0,223.0,1,1,0.21,0.17,0.57,0.124,23.06,24.83,23.32,2,Neutral
1435,27.37,53.9,613.0,336.0,1,1,0.09,0.27,0.74,0.38,27.9,28.47,27.65,1,Cool
1436,18.85,31.3,458.0,355.0,1,0,0.36,0.13,0.38,0.075,19.02,18.28,18.69,3,Warm
1437,24.18,45.4,652.0,113.0,1,1,0.44,0.0,0.51,0.133,24.65,23.39,24.11,2,Neutral
1438,23.92,69.2,597.0,393.0,1,0,0.03,0.23,0.32,0.269,24.25,24.22,24.62,2,Neutral
1439,26.32,57.3,400.0,20,0,0,0.52,0.44,0.75,0.111,26.78,25.22,26.88,2,Neutral
1440,21.56,45.4,770.0,481.0,1,0,0.92,0.78,0.89,0.252,21.79,21.57,21.15,2,Neutral
1441,23.17,42.2,400.0,20,0,1,0.54,0.48,0.36,0.231,23.21,23.16,22.67,2,Neutral
1442,24.01,30.9,502.0,369.0,1,1,0.86,0.28,0.85,0.056,23.98,23.09,24.31,3,Warm
1443,18.66,57.5,400.0,20,0,1,0.99,0.37,0.29,0.136,18.89,19.28,18.45,3,Warm
1444,22.23,33.5,400.0,20,0,0,0.16,0.86,0.07,0.327,22.76,21.01,22.18,2,Neutral
1445,19.42,44.0,581.0,428.0,1,1,0.51,0.93,0.42,0.09,18.32,19.92,19.64,1,Cool
1446,22.46,65.5,545.0,650.0,1,1,0.62,0.85,0.36,0.165,22.94,23.31,22.66,2,Neutral
1447,26.33,67.9,400.0,20,0,0,0.11,0.58,0.37,0.45,27.19,26.34,26.26,2,Neutral
1448,22.2,55.3,795.0,106.0,1,1,0.59,0.89,0.5,0.159,21.23,21.36,21.69,2,Neutral
1449,25.97,58.4,400.0,20,0,1,0.76,0.6,0.76,0.354,25.75,26.77,25.91,2,Neutral
1450,22.27,45.3,400.0,20,0,0,0.71,0.77,0.65,0.263,22.15,21.31,22.28,3,Warm
1451,20.05,55.4,400.0,20,0,0,0.91,0.15,0.01,0.11,20.0,19.46,20.05,3,Warm
1452,18.41,31.3,592.0,283.0,1,0,0.21,0.57,0.08,0.171,18.7,18.36,18.15,2,Neutral
1453,19.42,52.3,400.0,20,0,0,0.79,0.19,0.71,0.277,19.61,19.7,19.42,2,Neutral
1454,23.63,48.2,400.0,20,0,1,0.79,0.05,0.33,0.327,23.4,24.83,23.97,2,Neutral
1455,18.51,54.1,400.0,20,0,1,0.65,0.41,0.97,0.339,17.91,17.34,19.13,2,Neutral
1456,22.16,51.7,697.0,237.0,1,1,0.61,0.31,0.15,0.248,22.65,21.61,21.68,3,Warm
1457,22.1,33.5,410.0,418.0,1,1,0.78,0.5,0.76,0.448,21.97,21.06,22.24,2,Neutral
1458,19.03,69.4,400.0,20,0,0,0.0,0.11,0.31,0.333,18.39,17.67,18.83,2,Neutral
1459,26.22,53.5,438.0,412.0,1,0,0.3,0.78,0.46,0.419,26.42,26.05,26.43,2,Neutral
1460,20.49,62.5,400.0,20,0,1,0.19,0.51,0.89,0.32,19.67,20.1,20.63,2,Neutral
1461,25.44,62.3,563.0,405.0,1,0,0.5,0.01,0.09,0.118,24.24,23.5,25.66,2,Neutral
1462,19.32,64.9,400.0,20,0,0,0.21,0.85,0.13,0.391,18.42,19.14,19.42,3,Warm
1463,18.17,54.1,671.0,166.0,1,1,0.69,0.95,0.37,0.306,17.85,17.35,18.15,2,Neutral
1464,23.4,64.2,556.0,231.0,1,0,0.12,0.57,0.57,0.162,23.82,22.8,23.61,2,Neutral
1465,20.22,63.9,751.0,695.0,1,1,0.89,0.91,0.18,0.074,20.41,21.33,19.89,3,Warm
1466,24.01,31.6,400.0,20,0,1,0.69,0.08,0.21,0.426,23.52,23.41,23.57,2,Neutral
1467,19.77,52.2,400.0,20,0,1,0.37,0.19,0.2,0.291,19.24,18.44,19.78,2,Neutral
1468,18.88,69.0,766.0,635.0,1,1,0.36,0.73,0.68,0.318,18.86,18.88,18.96,2,Neutral
1469,26.27,40.4,508.0,267.0,1,0,0.5,0.62,0.12,0.279,25.68,26.99,26.67,1,Cool
1470,24.49,67.0,611.0,477.0,1,0,0.48,0.72,0.57,0.098,24.11,24.58,24.78,1,Cool
1471,25.35,34.2,560.0,668.0,1,0,0.47,0.6,0.8,0.304,26.04,25.84,25.56,1,Cool
1472,19.75,66.7,400.0,20,0,1,0.98,0.45,0.03,0.12,21.16,20.15,19.41,0,Cold
1473,20.25,37.5,699.0,204.0,1,0,0.57,0.87,0.26,0.352,20.92,20.74,20.76,2,Neutral
1474,18.62,50.6,400.0,20,0,0,0.83,0.09,0.17,0.406,20.21,18.46,18.41,0,Cold
1475,19.95,60.4,400.0,20,0,1,0.32,0.92,0.27,0.197,19.41,20.38,21.0,2,Neutral
1476,22.21,37.0,760.0,455.0,1,1,0.05,0.86,0.2,0.228,22.22,22.39,22.35,2,Neutral
1477,24.59,37.6,400.0,20,0,1,0.22,0.47,0.45,0.143,24.89,22.82,24.62,2,Neutral
1478,22.22,31.3,400.0,20,0,1,0.07,0.33,0.03,0.326,21.79,21.87,21.73,2,Neutral
1479,19.69,40.9,444.0,344.0,1,0,0.57,0.09,0.28,0.346,18.93,20.03,20.21,2,Neutral
1480,27.58,50.5,400.0,20,0,0,0.89,0.04,0.98,0.343,27.18,29.22,27.76,2,Neutral
1481,25.5,38.7,506.0,327.0,1,0,0.7,0.88,0.14,0.341,26.02,25.12,25.4,2,Neutral
1482,22.45,36.8,400.0,20,0,0,0.82,0.94,0.69,0.214,22.18,22.64,22.44,2,Neutral
1483,18.58,61.7,400.0,20,0,1,0.27,0.0,0.83,0.192,19.73,17.56,18.42,4,Hot
1484,19.08,41.4,400.0,20,0,0,0.29,0.74,0.24,0.423,18.35,20.0,18.66,2,Neutral
1485,26.58,61.2,400.0,20,0,0,0.38,0.96,0.38,0.264,26.49,26.12,25.99,2,Neutral
1486,22.51,41.5,675.0,546.0,1,0,0.09,0.43,0.75,0.235,23.28,22.4,22.07,2,Neutral
1487,21.89,53.2,400.0,20,0,0,0.2,0.48,0.26,0.325,21.19,20.61,21.74,2,Neutral
1488,21.42,53.5,400.0,20,0,1,0.87,0.86,0.65,0.31,22.21,21.18,21.11,2,Neutral
1489,27.26,54.7,400.0,20,0,0,0.79,0.7,0.98,0.378,28.45,27.99,27.8,1,Cool
1490,23.39,69.3,400.0,20,0,1,0.91,0.49,0.53,0.218,23.87,23.68,23.23,2,Neutral
1491,22.29,34.4,400.0,20,0,0,0.85,0.95,0.58,0.13,23.03,22.29,22.15,2,Neutral
1492,21.58,48.2,757.0,602.0,1,1,0.78,0.08,0.58,0.222,21.68,22.92,21.2,3,Warm
1493,23.04,65.5,400.0,20,0,1,1.0,0.4,0.32,0.225,22.53,23.58,23.42,2,Neutral
1494,18.57,38.9,661.0,456.0,1,1,0.04,0.01,0.97,0.249,18.52,18.64,18.47,2,Neutral
1495,22.74,59.5,739.0,468.0,1,0,0.48,0.39,0.27,0.233,22.59,23.64,22.85,2,Neutral
1496,25.26,39.3,605.0,140.0,1,0,0.12,0.01,0.85,0.39,26.07,24.56,24.91,2,Neutral
1497,25.9,45.6,749.0,534.0,1,1,0.65,0.82,0.89,0.054,25.51,26.56,25.8,2,Neutral
1498,27.72,65.5,400.0,20,0,1,0.62,0.47,0.58,0.33,26.89,26.51,27.6,3,Warm
1499,27.56,33.9,400.0,20,0,1,0.9,0.63,0.48,0.265,27.67,29.4,27.41,2,Neutral
1500,22.26,30.9,400.0,20,0,0,0.68,0.9,0.72,0.102,22.7,22.53,21.9,2,Neutral
1501,25.66,44.4,400.0,20,0,1,0.44,0.08,0.22,0.438,24.77,25.98,25.1,2,Neutral
1502,26.0,30.9,400.0,20,0,1,0.52,0.96,0.6,0.161,25.73,26.39,25.15,2,Neutral
1503,26.01,37.9,400.0,20,0,1,0.34,0.83,0.65,0.359,25.76,28.09,26.16,3,Warm
1504,24.99,55.0,435.0,328.0,1,1,0.01,0.78,0.36,0.084,25.53,24.88,25.37,2,Neutral
1505,19.81,69.2,553.0,499.0,1,1,0.27,0.27,0.97,0.33,19.67,17.7,20.08,2,Neutral
1506,20.35,62.1,457.0,340.0,1,0,0.86,0.55,0.49,0.317,20.48,20.62,20.3,2,Neutral
1507,21.65,68.3,580.0,171.0,1,0,0.5,0.12,0.4,0.448,20.83,23.41,21.99,2,Neutral
1508,23.88,31.7,400.0,20,0,0,0.99,0.74,0.91,0.195,22.54,22.78,24.17,2,Neutral
1509,21.39,68.6,400.0,20,0,0,0.63,0.24,0.33,0.212,21.43,21.97,21.45,2,Neutral
1510,19.61,61.6,589.0,106.0,1,0,0.19,0.06,0.48,0.233,19.75,20.45,19.84,2,Neutral
1511,21.04,44.3,400.0,20,0,0,0.14,0.37,0.5,0.416,20.6,20.97,20.53,2,Neutral
1512,27.26,57.5,774.0,334.0,1,0,0.63,0.54,0.17,0.323,26.66,28.4,27.02,1,Cool
1513,25.46,43.9,648.0,489.0,1,0,0.52,0.85,0.7,0.29,25.51,24.18,25.71,2,Neutral
1514,26.11,32.3,400.0,20,0,1,0.9,0.68,0.33,0.217,26.08,26.11,25.97,1,Cool
1515,19.73,44.9,418.0,484.0,1,0,0.3,0.47,0.53,0.321,19.54,20.79,19.64,2,Neutral
1516,25.73,61.2,400.0,20,0,0,0.2,0.43,0.48,0.094,26.01,25.57,25.65,2,Neutral
1517,22.98,30.3,755.0,319.0,1,1,0.48,0.83,0.63,0.41,23.28,22.89,22.42,1,Cool
1518,22.9,59.1,553.0,353.0,1,1,0.82,0.51,0.68,0.427,23.24,23.83,22.55,2,Neutral
1519,21.15,49.5,734.0,283.0,1,0,0.92,0.26,0.06,0.185,21.27,22.02,21.31,2,Neutral
1520,27.75,51.8,400.0,20,0,1,0.23,0.39,0.41,0.372,28.22,27.21,27.63,2,Neutral
1521,23.66,57.5,484.0,150.0,1,1,0.98,0.73,0.98,0.393,23.6,22.81,23.88,2,Neutral
1522,22.36,68.1,765.0,336.0,1,0,0.43,0.19,0.45,0.06,23.06,22.62,22.55,2,Neutral
1523,27.63,37.3,702.0,411.0,1,1,0.38,0.16,0.17,0.417,28.27,28.5,27.37,1,Cool
1524,22.98,61.0,763.0,518.0,1,1,0.69,0.68,0.21,0.288,22.43,22.44,23.7,2,Neutral
1525,18.64,40.3,400.0,20,0,0,0.65,0.07,0.73,0.203,18.87,18.04,19.39,3,Warm
1526,23.17,58.9,691.0,412.0,1,1,0.12,0.06,0.31,0.274,22.76,23.6,22.77,2,Neutral
1527,21.48,35.5,400.0,20,0,0,0.58,0.12,0.37,0.187,21.88,22.21,21.23,2,Neutral
1528,18.67,53.5,668.0,327.0,1,0,0.79,0.47,0.45,0.193,18.9,18.26,18.25,2,Neutral
1529,19.71,30.3,688.0,574.0,1,1,0.9,0.9,0.26,0.084,18.91,21.17,19.77,2,Neutral
1530,20.4,62.7,400.0,20,0,0,0.82,0.41,0.84,0.216,21.06,20.87,20.78,2,Neutral
1531,21.46,42.3,400.0,20,0,0,0.64,0.27,0.46,0.325,20.63,22.33,21.26,3,Warm
1532,22.43,36.9,764.0,679.0,1,0,0.32,0.41,0.17,0.172,22.55,22.01,22.58,3,Warm
1533,25.84,48.8,400.0,20,0,1,0.17,0.37,0.67,0.208,25.93,26.11,26.17,2,Neutral
1534,19.95,33.8,400.0,20,0,0,0.41,0.04,0.18,0.362,21.08,19.72,19.98,4,Hot
1535,20.25,30.3,497.0,173.0,1,1,0.98,0.44,0.76,0.261,18.79,19.29,19.75,2,Neutral
1536,26.46,68.3,539.0,118.0,1,1,0.07,0.23,0.44,0.185,25.61,25.42,25.52,2,Neutral
1537,23.98,53.8,400.0,20,0,0,0.33,0.43,0.95,0.305,24.69,22.9,24.46,1,Cool
1538,21.52,62.6,400.0,20,0,0,0.94,0.14,0.11,0.183,20.78,20.44,21.97,2,Neutral
1539,27.07,49.1,400.0,20,0,0,0.24,0.82,0.73,0.184,26.98,29.42,26.7,2,Neutral
1540,26.42,41.4,432.0,603.0,1,0,0.76,0.97,0.57,0.186,27.06,27.41,26.09,0,Cold
1541,18.27,41.3,492.0,350.0,1,0,0.45,0.66,0.85,0.409,18.26,18.39,18.04,2,Neutral
1542,23.69,64.8,574.0,265.0,1,0,0.72,0.78,0.94,0.446,23.14,22.39,23.56,2,Neutral
1543,22.38,41.6,425.0,668.0,1,0,0.37,0.31,0.43,0.434,21.91,21.42,22.36,2,Neutral
1544,18.12,41.5,400.0,20,0,1,0.73,0.29,0.64,0.094,18.49,17.96,17.99,2,Neutral
1545,24.21,66.7,744.0,217.0,1,1,0.65,0.6,0.97,0.102,23.68,24.94,24.77,3,Warm
1546,18.29,38.9,749.0,671.0,1,1,0.91,0.68,0.87,0.282,17.61,16.75,17.89,2,Neutral
1547,26.5,54.5,414.0,116.0,1,0,0.99,0.5,0.5,0.153,26.66,27.54,26.47,1,Cool
1548,20.59,68.3,400.0,20,0,1,0.51,0.72,0.74,0.125,21.4,19.97,20.34,1,Cool
1549,27.08,35.4,613.0,624.0,1,0,0.42,0.68,0.33,0.428,26.49,27.19,27.29,2,Neutral
1550,24.41,42.4,706.0,472.0,1,0,0.91,0.44,0.93,0.391,25.0,24.64,24.45,2,Neutral
1551,27.91,43.7,400.0,20,0,0,0.5,0.14,0.15,0.074,28.38,29.06,27.78,2,Neutral
1552,22.41,63.8,499.0,299.0,1,0,0.52,0.62,0.16,0.266,22.05,21.35,22.74,2,Neutral
1553,20.37,44.6,400.0,20,0,1,0.88,0.14,0.34,0.316,19.75,19.51,20.45,2,Neutral
1554,21.29,33.3,745.0,642.0,1,1,0.32,0.64,0.14,0.345,21.44,20.76,20.79,1,Cool
1555,27.64,69.3,643.0,130.0,1,1,0.89,0.78,0.63,0.147,26.71,27.09,27.5,2,Neutral
1556,27.49,60.0,412.0,619.0,1,1,0.33,0.91,0.36,0.435,27.82,26.92,27.64,2,Neutral
1557,20.38,31.7,400.0,20,0,1,0.58,0.54,0.05,0.191,19.98,20.22,20.68,2,Neutral
1558,24.57,51.9,400.0,20,0,0,0.2,0.59,0.39,0.299,24.01,24.12,24.69,2,Neutral
1559,27.85,43.2,400.0,20,0,1,0.01,0.62,0.58,0.339,27.53,26.62,28.09,3,Warm
1560,25.68,65.7,400.0,20,0,0,0.81,0.9,0.95,0.404,25.35,26.83,25.35,3,Warm
1561,18.06,60.4,400.0,20,0,1,0.11,0.95,0.98,0.248,17.43,18.16,18.44,2,Neutral
1562,27.29,56.3,400.0,20,0,1,0.23,0.44,0.22,0.377,27.88,27.72,27.47,2,Neutral
1563,24.09,49.6,400.0,20,0,0,0.78,0.82,0.24,0.356,24.41,24.86,24.3,2,Neutral
1564,24.29,64.1,614.0,115.0,1,1,0.64,0.32,0.12,0.104,24.33,23.5,24.25,2,Neutral
1565,27.33,69.7,400.0,20,0,1,0.69,0.23,0.8,0.172,26.74,26.4,27.44,3,Warm
1566,22.88,68.9,532.0,424.0,1,0,0.05,0.6,0.98,0.05,23.4,22.67,22.79,2,Neutral
1567,21.14,39.0,661.0,295.0,1,1,0.51,0.4,0.65,0.161,22.41,20.11,21.55,1,Cool
1568,21.99,44.0,685.0,234.0,1,0,0.79,0.8,0.42,0.103,22.16,21.74,22.03,3,Warm
1569,26.5,66.6,531.0,337.0,1,0,0.3,0.98,0.78,0.302,26.23,26.06,26.88,2,Neutral
1570,20.84,30.3,400.0,20,0,0,0.6,0.0,0.64,0.061,20.34,19.88,20.59,2,Neutral
1571,25.53,39.4,548.0,414.0,1,1,0.6,0.6,0.44,0.379,25.31,26.55,25.34,2,Neutral
1572,24.81,38.9,779.0,558.0,1,0,0.97,0.63,0.88,0.141,26.21,24.38,25.29,3,Warm
1573,22.11,58.0,400.0,20,0,1,0.32,0.09,0.05,0.446,21.67,20.34,21.71,2,Neutral
1574,25.98,66.7,550.0,669.0,1,1,0.33,0.07,0.15,0.41,24.84,27.25,25.83,2,Neutral
1575,19.46,56.8,623.0,652.0,1,1,0.55,0.85,0.5,0.334,19.0,19.97,19.49,1,Cool
1576,20.84,63.2,400.0,20,0,1,0.48,0.26,0.52,0.31,20.93,20.88,20.82,2,Neutral
1577,24.58,51.6,612.0,266.0,1,0,0.17,0.18,0.31,0.333,24.79,22.28,24.4,2,Neutral
1578,24.92,50.3,442.0,345.0,1,0,0.77,0.1,0.93,0.214,25.68,25.08,24.67,2,Neutral
1579,21.6,41.5,564.0,588.0,1,1,0.87,0.57,0.78,0.15,21.34,22.25,21.59,3,Warm
1580,22.56,61.4,400.0,20,0,0,0.91,0.04,0.63,0.228,22.75,23.05,23.04,2,Neutral
1581,23.28,35.8,535.0,694.0,1,1,0.87,0.94,0.15,0.198,23.6,23.17,23.56,1,Cool
1582,25.98,33.0,568.0,395.0,1,1,0.66,0.75,0.79,0.142,26.11,25.66,25.82,4,Hot
1583,23.77,36.4,551.0,617.0,1,0,0.93,0.94,0.69,0.053,22.77,23.51,23.85,2,Neutral
1584,21.46,66.0,400.0,20,0,1,0.48,0.16,0.07,0.411,20.73,22.56,21.44,1,Cool
1585,27.13,40.9,400.0,20,0,0,0.24,0.56,0.55,0.107,26.32,27.88,26.72,3,Warm
1586,24.04,53.9,400.0,20,0,1,0.32,0.16,0.28,0.427,24.16,25.03,23.95,2,Neutral
1587,18.24,32.1,414.0,601.0,1,0,0.13,0.07,0.59,0.34,17.78,18.65,18.23,2,Neutral
1588,26.91,51.4,400.0,20,0,1,0.88,0.93,0.2,0.062,28.22,26.14,26.35,2,Neutral
1589,21.48,63.6,400.0,20,0,1,0.06,0.74,0.62,0.189,21.24,20.7,21.7,2,Neutral
1590,23.19,38.5,400.0,20,0,1,0.88,0.91,0.65,0.109,21.36,22.69,23.57,2,Neutral
1591,22.74,47.6,752.0,435.0,1,0,0.73,0.13,0.94,0.443,24.23,22.68,22.4,2,Neutral
1592,26.11,50.7,628.0,413.0,1,0,0.75,0.63,0.25,0.145,25.96,26.43,25.86,2,Neutral
1593,18.36,43.5,400.0,20,0,1,0.66,0.58,0.88,0.21,19.19,17.95,17.43,4,Hot
1594,23.09,36.1,488.0,692.0,1,0,0.77,0.54,0.89,0.443,22.74,23.13,23.07,2,Neutral
1595,20.61,65.6,523.0,230.0,1,1,0.32,0.71,0.59,0.414,20.44,20.18,21.53,2,Neutral
1596,19.78,57.7,570.0,267.0,1,1,0.95,0.45,0.07,0.362,18.84,19.74,19.18,2,Neutral
1597,27.22,54.9,400.0,20,0,0,0.09,0.41,0.85,0.341,28.62,27.38,27.15,4,Hot
1598,26.66,44.2,400.0,20,0,0,0.18,0.46,0.82,0.338,27.12,26.51,26.63,1,Cool
1599,22.85,65.2,400.0,20,0,0,0.35,0.93,0.32,0.23,23.45,23.16,22.89,2,Neutral
1600,20.29,33.5,400.0,20,0,0,0.39,0.06,0.38,0.406,21.81,20.73,20.57,0,Cold
1601,21.84,34.0,400.0,20,0,1,0.63,0.42,0.16,0.131,21.93,22.11,22.28,2,Neutral
1602,19.31,40.4,400.0,20,0,0,0.79,0.48,0.93,0.428,19.57,19.99,19.06,2,Neutral
1603,24.52,43.2,400.0,20,0,0,0.05,0.66,0.85,0.065,23.94,26.58,23.86,3,Warm
1604,21.08,49.7,400.0,20,0,1,0.3,0.08,0.68,0.435,20.25,20.97,20.57,3,Warm
1605,20.1,58.7,691.0,296.0,1,1,0.28,0.4,0.81,0.306,19.99,19.45,19.78,2,Neutral
1606,19.1,36.8,400.0,20,0,1,0.62,0.91,0.77,0.15,19.24,19.68,19.03,1,Cool
1607,19.83,41.3,579.0,139.0,1,0,0.06,0.12,0.16,0.099,19.05,19.77,19.73,1,Cool
1608,19.24,34.5,528.0,427.0,1,1,0.71,0.24,0.54,0.362,19.52,18.13,19.72,3,Warm
1609,19.41,31.9,451.0,322.0,1,1,0.82,0.55,0.01,0.063,19.29,19.09,19.04,2,Neutral
1610,19.19,56.9,400.0,20,0,1,0.78,0.14,0.83,0.116,18.62,16.86,18.72,2,Neutral
1611,20.13,35.9,400.0,20,0,1,0.47,0.29,0.19,0.362,20.59,20.18,19.9,2,Neutral
1612,26.73,31.9,510.0,330.0,1,1,0.42,0.21,0.33,0.165,26.84,25.06,26.51,2,Neutral
1613,22.22,60.5,608.0,140.0,1,1,0.61,0.74,0.81,0.241,22.49,20.99,22.95,4,Hot
1614,20.44,32.3,617.0,645.0,1,0,0.28,0.34,0.89,0.132,19.98,20.02,20.59,2,Neutral
1615,26.09,47.8,400.0,20,0,0,0.62,0.31,0.31,0.109,26.94,26.6,26.47,3,Warm
1616,23.53,57.3,559.0,345.0,1,0,0.01,0.21,0.98,0.141,23.59,22.73,23.8,3,Warm
1617,22.6,35.7,406.0,642.0,1,0,0.16,0.23,0.09,0.421,23.96,23.03,22.35,2,Neutral
1618,24.42,69.9,676.0,408.0,1,1,0.91,0.86,0.49,0.364,25.46,25.39,24.07,3,Warm
1619,24.16,46.7,451.0,305.0,1,0,0.74,0.29,0.44,0.329,23.08,22.28,23.79,2,Neutral
1620,25.67,50.6,400.0,20,0,1,0.94,0.7,0.24,0.141,26.99,25.37,25.74,2,Neutral
1621,27.64,49.4,400.0,20,0,0,0.9,0.06,0.01,0.17,28.48,27.49,27.29,2,Neutral
1622,26.36,33.4,400.0,20,0,0,0.43,0.42,0.8,0.233,26.7,26.03,26.07,2,Neutral
1623,27.74,44.0,719.0,193.0,1,0,0.21,0.94,0.45,0.409,27.55,25.93,28.22,2,Neutral
1624,23.96,43.9,400.0,20,0,1,0.53,0.97,0.17,0.222,24.66,22.76,24.32,1,Cool
1625,25.67,64.8,702.0,116.0,1,0,0.98,0.97,0.77,0.154,25.81,26.84,25.97,3,Warm
1626,21.14,52.6,400.0,20,0,1,0.68,0.9,0.76,0.333,21.33,22.58,20.21,1,Cool
1627,27.27,44.2,781.0,323.0,1,1,0.4,0.99,0.26,0.058,26.44,26.2,26.46,3,Warm
1628,18.77,49.3,400.0,20,0,1,0.33,0.67,0.15,0.125,18.63,20.71,18.8,1,Cool
1629,22.72,47.1,706.0,156.0,1,1,0.51,0.99,0.08,0.3,23.07,22.33,23.09,1,Cool
1630,23.48,32.7,400.0,20,0,0,0.28,0.01,0.34,0.129,22.91,25.22,23.65,2,Neutral
1631,22.07,55.3,400.0,20,0,0,0.81,0.73,0.46,0.128,20.9,22.28,22.06,1,Cool
1632,26.28,65.4,507.0,368.0,1,0,0.51,0.36,0.72,0.119,26.39,25.78,26.34,2,Neutral
1633,23.83,63.0,454.0,570.0,1,0,0.15,0.1,0.04,0.281,24.16,24.66,23.56,4,Hot
1634,23.26,33.8,400.0,20,0,0,0.31,0.49,0.63,0.356,23.61,23.19,23.07,0,Cold
1635,24.46,62.4,799.0,406.0,1,1,0.62,0.71,0.22,0.106,24.52,23.74,24.29,2,Neutral
1636,24.68,46.8,400.0,20,0,0,0.1,0.14,0.05,0.255,25.04,25.16,25.22,3,Warm
1637,27.6,62.8,400.0,20,0,0,0.58,0.29,0.94,0.106,27.23,27.78,27.12,1,Cool
1638,20.72,35.8,640.0,271.0,1,0,0.06,0.42,0.52,0.199,21.04,19.97,20.81,3,Warm
1639,26.09,40.1,493.0,359.0,1,0,0.6,0.31,0.46,0.147,26.32,27.12,27.06,3,Warm
1640,21.42,42.5,400.0,20,0,1,0.68,0.04,0.07,0.261,21.27,21.32,21.33,2,Neutral
1641,21.38,55.5,400.0,20,0,0,0.96,0.45,0.75,0.108,21.7,21.64,21.33,2,Neutral
1642,25.23,49.1,400.0,20,0,0,0.11,0.03,0.04,0.378,26.33,26.91,25.23,3,Warm
1643,21.24,43.1,400.0,20,0,1,0.58,0.29,0.71,0.097,20.52,21.97,21.58,2,Neutral
1644,23.47,58.9,400.0,20,0,1,0.85,0.66,0.71,0.403,23.6,23.12,23.56,2,Neutral
1645,18.2,62.7,670.0,418.0,1,0,0.78,0.46,0.83,0.311,18.28,18.48,18.46,2,Neutral
1646,20.07,54.6,737.0,605.0,1,0,0.03,0.43,0.37,0.127,21.09,21.31,20.48,3,Warm
1647,20.68,69.6,738.0,674.0,1,0,0.14,0.56,0.84,0.417,20.95,20.57,20.19,2,Neutral
1648,27.68,37.1,400.0,20,0,0,0.84,0.21,0.79,0.197,28.01,26.7,27.95,2,Neutral
1649,19.85,45.8,400.0,20,0,1,0.68,0.94,0.04,0.268,19.46,18.8,19.87,2,Neutral
1650,23.82,49.6,588.0,463.0,1,1,0.15,0.51,0.18,0.09,23.81,22.96,23.97,3,Warm
1651,19.3,52.9,400.0,20,0,1,0.38,0.47,0.22,0.404,19.47,19.89,18.99,2,Neutral
1652,23.92,62.3,405.0,407.0,1,1,0.69,0.89,0.25,0.402,23.25,24.97,24.09,2,Neutral
1653,26.24,46.1,638.0,472.0,1,0,0.12,0.31,0.9,0.143,25.97,28.48,26.06,1,Cool
1654,27.8,31.1,760.0,328.0,1,1,0.03,0.77,0.89,0.338,26.95,27.09,26.93,2,Neutral
1655,25.32,63.7,480.0,120.0,1,1,0.43,0.36,0.79,0.44,25.19,25.18,25.54,1,Cool
1656,23.76,67.2,400.0,20,0,0,0.83,0.55,0.35,0.156,23.12,23.63,23.9,1,Cool
1657,26.95,56.3,644.0,610.0,1,0,0.4,0.03,0.04,0.119,27.18,25.96,26.42,2,Neutral
1658,19.6,31.8,485.0,626.0,1,1,0.43,0.4,0.2,0.273,20.29,19.1,19.69,2,Neutral
1659,24.06,57.4,596.0,423.0,1,1,0.67,0.16,0.75,0.093,22.56,22.82,24.03,2,Neutral
1660,19.88,44.6,400.0,20,0,0,0.76,0.81,0.81,0.078,20.84,19.31,19.96,2,Neutral
1661,23.25,53.4,640.0,544.0,1,0,0.86,0.54,0.63,0.417,22.85,24.29,22.9,2,Neutral
1662,26.15,32.4,400.0,20,0,0,0.43,0.69,0.59,0.168,25.76,26.9,26.33,2,Neutral
1663,26.23,46.0,727.0,200.0,1,1,0.9,0.84,0.61,0.302,25.78,25.25,26.0,2,Neutral
1664,24.84,40.1,614.0,241.0,1,0,0.33,1.0,0.31,0.14,25.88,23.04,24.53,3,Warm
1665,24.18,38.1,400.0,20,0,1,0.22,0.66,0.55,0.183,23.64,25.02,24.29,2,Neutral
1666,22.81,43.0,400.0,20,0,1,0.96,0.44,0.71,0.291,23.57,23.55,22.35,2,Neutral
1667,19.32,45.7,425.0,686.0,1,0,0.52,0.21,0.45,0.258,19.59,18.64,19.05,2,Neutral
1668,21.3,65.4,400.0,20,0,1,0.56,0.12,0.29,0.259,20.21,22.06,21.51,2,Neutral
1669,18.1,62.4,744.0,394.0,1,0,0.35,0.24,0.69,0.14,19.12,18.33,17.91,2,Neutral
1670,25.82,37.3,400.0,20,0,1,0.59,0.15,0.4,0.373,26.14,25.39,25.87,2,Neutral
1671,19.89,41.1,761.0,421.0,1,1,0.83,0.04,0.67,0.337,19.95,19.62,20.03,1,Cool
1672,22.8,33.5,646.0,193.0,1,1,0.17,0.51,0.7,0.202,22.48,22.1,22.47,2,Neutral
1673,24.16,40.5,400.0,20,0,0,0.88,0.54,0.79,0.198,24.24,25.05,24.46,2,Neutral
1674,22.27,45.8,707.0,198.0,1,1,0.34,0.13,0.5,0.279,22.1,23.07,22.66,2,Neutral
1675,27.58,48.4,539.0,480.0,1,1,0.42,0.1,0.17,0.434,26.67,26.89,27.88,0,Cold
1676,26.42,38.8,710.0,323.0,1,0,0.27,0.96,0.23,0.261,25.86,25.78,25.93,2,Neutral
1677,18.86,44.3,400.0,20,0,0,0.77,0.72,0.38,0.367,18.23,18.95,18.39,2,Neutral
1678,26.35,59.4,513.0,300.0,1,1,0.36,0.32,0.25,0.098,25.81,24.95,26.86,3,Warm
1679,23.54,43.2,400.0,20,0,1,0.03,0.81,0.02,0.224,23.65,22.46,23.23,2,Neutral
1680,21.97,52.8,400.0,20,0,1,0.28,0.66,0.14,0.159,22.2,22.38,22.26,2,Neutral
1681,18.9,60.8,777.0,138.0,1,0,0.86,0.23,0.74,0.223,18.51,18.7,19.06,2,Neutral
1682,20.9,39.8,400.0,20,0,0,0.71,0.38,0.03,0.442,20.77,21.01,20.1,3,Warm
1683,18.43,30.5,683.0,614.0,1,0,0.18,0.8,0.49,0.443,18.35,18.79,18.29,2,Neutral
1684,20.0,66.3,699.0,180.0,1,0,0.06,0.24,0.31,0.287,20.02,20.28,20.12,3,Warm
1685,20.86,52.8,791.0,624.0,1,1,0.57,0.03,0.72,0.116,20.81,19.75,21.32,2,Neutral
1686,25.59,68.1,400.0,20,0,1,0.71,0.57,0.75,0.1,26.06,26.16,24.99,2,Neutral
1687,27.2,67.9,646.0,498.0,1,0,0.85,0.52,0.49,0.321,26.87,26.99,26.9,2,Neutral
1688,26.31,46.0,400.0,20,0,1,0.99,0.42,0.79,0.362,27.12,25.71,26.52,2,Neutral
1689,21.69,47.7,400.0,20,0,1,0.45,0.55,0.69,0.207,21.61,22.2,21.52,2,Neutral
1690,24.21,50.4,400.0,20,0,0,0.5,0.56,0.45,0.108,24.0,23.73,24.62,0,Cold
1691,26.05,46.6,400.0,20,0,1,0.47,0.67,0.97,0.118,25.45,24.75,26.12,2,Neutral
1692,23.19,59.6,733.0,377.0,1,0,0.92,0.26,0.15,0.091,23.86,23.93,23.1,1,Cool
1693,19.81,36.9,553.0,323.0,1,0,0.37,0.74,0.8,0.218,20.01,19.83,19.52,2,Neutral
1694,25.37,31.6,575.0,166.0,1,0,0.68,0.41,0.03,0.34,24.92,26.48,26.03,2,Neutral
1695,19.1,30.5,680.0,402.0,1,1,0.08,0.62,0.44,0.261,19.19,17.78,19.15,0,Cold
1696,26.02,34.0,671.0,157.0,1,1,0.94,0.82,0.7,0.127,25.91,26.09,25.49,2,Neutral
1697,18.98,62.3,400.0,20,0,1,0.28,0.33,0.06,0.272,19.0,20.05,19.05,3,Warm
1698,19.49,61.2,535.0,384.0,1,1,0.41,0.81,0.06,0.102,19.87,20.03,19.81,1,Cool
1699,22.25,40.6,763.0,268.0,1,0,0.77,0.44,0.06,0.293,20.81,22.78,22.11,2,Neutral
1700,23.21,32.6,416.0,124.0,1,0,0.52,0.5,0.56,0.127,23.78,22.81,22.88,2,Neutral
1701,23.66,40.7,400.0,20,0,0,0.4,0.88,0.06,0.32,23.16,22.39,23.52,3,Warm
1702,21.86,55.4,400.0,20,0,1,0.89,0.32,0.73,0.197,22.0,20.14,22.4,2,Neutral
1703,27.84,63.6,403.0,622.0,1,0,0.4,0.35,0.46,0.42,28.21,28.68,27.3,1,Cool
1704,27.91,53.8,400.0,20,0,0,0.25,0.59,0.99,0.329,26.32,28.68,27.89,2,Neutral
1705,20.61,57.6,400.0,20,0,1,0.94,0.69,0.54,0.442,20.31,20.88,20.85,3,Warm
1706,18.32,48.7,400.0,20,0,0,0.62,0.01,0.97,0.107,17.81,18.1,18.76,2,Neutral
1707,18.18,47.8,400.0,20,0,1,0.47,0.26,0.55,0.125,17.59,17.7,18.68,2,Neutral
1708,22.88,52.3,400.0,20,0,1,0.16,0.86,0.34,0.419,23.2,23.44,22.53,2,Neutral
1709,23.5,43.6,400.0,20,0,0,0.96,0.31,0.28,0.298,23.46,24.89,23.41,0,Cold
1710,18.74,36.8,799.0,107.0,1,1,0.67,0.04,0.95,0.129,19.38,17.92,18.86,0,Cold
1711,20.23,33.3,725.0,591.0,1,1,0.43,0.37,0.27,0.288,20.63,20.43,20.59,2,Neutral
1712,23.21,57.1,400.0,20,0,1,0.5,0.88,0.64,0.157,22.4,22.13,23.02,3,Warm
1713,19.73,38.6,400.0,20,0,1,0.08,0.29,0.66,0.282,19.64,19.69,19.53,3,Warm
1714,22.42,35.3,400.0,20,0,0,0.06,0.81,0.85,0.124,21.77,23.85,22.29,2,Neutral
1715,25.89,31.7,420.0,630.0,1,1,0.82,0.77,0.72,0.295,25.33,24.48,26.22,2,Neutral
1716,25.98,52.8,442.0,110.0,1,0,0.07,0.9,0.3,0.078,26.21,25.25,25.55,2,Neutral
1717,20.96,60.0,741.0,374.0,1,1,0.03,0.39,0.81,0.074,20.99,21.06,20.99,2,Neutral
1718,26.9,66.2,652.0,371.0,1,1,0.53,0.58,0.33,0.138,26.32,25.54,26.74,2,Neutral
1719,25.99,67.3,437.0,404.0,1,1,0.45,0.44,0.03,0.108,25.44,28.0,25.82,2,Neutral
1720,19.28,45.3,456.0,128.0,1,1,0.2,0.25,0.09,0.215,18.96,20.19,18.94,2,Neutral
1721,26.18,39.7,400.0,20,0,0,0.85,0.17,0.99,0.401,25.9,25.82,26.83,2,Neutral
1722,24.11,58.3,600.0,540.0,1,1,0.38,0.22,0.69,0.057,23.87,24.96,23.82,3,Warm
1723,19.82,37.1,588.0,545.0,1,1,0.24,0.11,0.47,0.291,19.59,19.7,19.64,1,Cool
1724,26.37,36.6,416.0,199.0,1,1,0.83,0.86,0.86,0.289,26.9,26.63,26.16,2,Neutral
1725,24.45,42.6,431.0,230.0,1,1,0.05,0.02,0.29,0.382,26.02,25.29,24.4,0,Cold
1726,20.62,37.1,400.0,20,0,1,0.02,0.8,0.18,0.09,20.81,20.07,20.29,2,Neutral
1727,23.32,51.1,400.0,20,0,1,0.33,0.64,0.26,0.127,23.39,23.1,22.94,3,Warm
1728,18.96,47.5,400.0,20,0,0,0.57,0.14,0.84,0.374,18.99,19.34,18.88,2,Neutral
1729,20.38,52.5,400.0,20,0,1,0.79,0.7,0.21,0.134,20.45,19.48,20.79,3,Warm
1730,22.78,42.5,676.0,600.0,1,0,0.18,0.36,0.36,0.34,21.44,24.59,22.51,2,Neutral
1731,21.92,42.5,587.0,163.0,1,1,0.32,0.1,0.99,0.276,21.58,22.73,21.87,2,Neutral
1732,20.64,53.8,400.0,20,0,0,0.44,0.38,0.97,0.299,21.25,19.92,20.6,2,Neutral
1733,25.93,58.0,400.0,20,0,1,0.71,0.5,0.81,0.086,26.41,26.69,26.78,2,Neutral
1734,27.97,48.3,738.0,195.0,1,0,0.22,0.72,1.0,0.27,27.68,26.47,28.4,4,Hot
1735,21.79,52.2,400.0,20,0,1,0.53,0.74,0.66,0.227,22.3,22.17,21.5,0,Cold
1736,22.56,37.3,733.0,176.0,1,0,0.06,0.15,0.77,0.421,23.06,23.38,21.94,2,Neutral
1737,19.8,46.5,418.0,416.0,1,0,0.64,0.93,0.12,0.072,19.25,18.05,19.43,2,Neutral
1738,23.24,31.0,703.0,194.0,1,1,0.53,0.67,0.1,0.111,23.9,24.24,23.28,2,Neutral
1739,26.71,41.7,442.0,469.0,1,1,0.88,0.53,0.07,0.226,27.21,24.63,27.16,2,Neutral
1740,27.37,67.9,575.0,689.0,1,0,0.55,0.01,0.89,0.131,27.23,26.61,27.12,2,Neutral
1741,20.66,38.3,400.0,20,0,0,0.05,0.54,0.89,0.103,20.77,21.48,20.83,2,Neutral
1742,24.2,59.5,400.0,20,0,0,0.25,0.97,0.92,0.067,23.98,24.31,23.74,2,Neutral
1743,27.88,32.7,433.0,624.0,1,0,0.58,0.89,0.4,0.248,28.03,28.26,27.84,3,Warm
1744,22.37,52.4,642.0,444.0,1,1,0.66,0.86,0.12,0.171,22.21,21.98,21.87,2,Neutral
1745,27.82,44.8,400.0,20,0,0,0.12,0.78,0.29,0.182,27.75,27.88,28.35,4,Hot
1746,27.11,54.3,400.0,20,0,1,0.78,0.39,0.99,0.44,26.34,27.26,26.81,2,Neutral
1747,25.31,66.0,400.0,20,0,1,0.39,0.33,0.55,0.375,24.87,26.0,25.91,2,Neutral
1748,24.33,51.8,400.0,20,0,0,0.88,0.18,0.35,0.169,24.54,23.55,24.02,2,Neutral
1749,22.24,39.0,502.0,229.0,1,0,0.25,0.62,0.3,0.34,22.5,21.55,22.07,1,Cool
1750,18.83,42.8,400.0,20,0,1,0.13,0.82,0.36,0.24,18.7,19.58,19.46,2,Neutral
1751,21.91,62.7,663.0,282.0,1,1,0.28,0.8,0.11,0.151,21.0,22.65,21.62,2,Neutral
1752,19.27,55.2,400.0,20,0,1,0.58,0.34,0.66,0.305,19.86,18.72,19.67,3,Warm
1753,26.55,63.0,749.0,541.0,1,1,0.51,0.3,0.93,0.307,26.36,27.7,26.62,1,Cool
1754,25.33,65.8,774.0,507.0,1,1,0.23,0.05,0.83,0.384,25.15,26.14,25.24,1,Cool
1755,26.47,53.7,590.0,155.0,1,0,0.87,0.28,0.48,0.344,26.98,26.32,26.81,2,Neutral
1756,22.82,31.3,587.0,689.0,1,0,0.25,0.19,0.99,0.161,22.28,22.76,22.9,2,Neutral
1757,25.24,59.3,699.0,278.0,1,1,0.91,0.77,0.04,0.251,25.25,23.75,24.71,2,Neutral
1758,22.65,65.5,400.0,20,0,0,0.42,0.92,0.61,0.371,22.97,20.8,22.05,3,Warm
1759,23.18,44.2,423.0,514.0,1,0,0.04,0.32,0.58,0.213,22.89,21.91,22.7,0,Cold
1760,22.44,52.7,400.0,20,0,0,0.9,0.26,0.58,0.29,22.0,21.2,22.51,3,Warm
1761,23.75,53.2,400.0,20,0,0,0.62,0.11,0.74,0.055,23.58,24.08,23.4,3,Warm
1762,19.4,62.6,400.0,20,0,0,0.95,0.42,0.71,0.257,19.39,19.94,19.8,3,Warm
1763,25.4,45.6,400.0,20,0,1,0.32,0.53,0.63,0.088,25.09,25.95,25.63,2,Neutral
1764,20.57,31.3,515.0,157.0,1,1,0.93,0.98,0.2,0.317,21.26,21.26,20.98,2,Neutral
1765,20.04,46.8,400.0,20,0,1,0.55,0.93,0.31,0.119,20.04,20.01,20.12,2,Neutral
1766,19.35,45.6,547.0,189.0,1,1,0.67,0.8,0.42,0.202,19.38,20.07,19.09,3,Warm
1767,22.49,57.7,400.0,20,0,0,0.59,0.13,0.3,0.426,22.95,23.2,22.28,2,Neutral
1768,25.08,57.4,537.0,220.0,1,0,0.63,0.57,0.49,0.326,25.28,25.24,25.26,2,Neutral
1769,24.38,38.5,578.0,109.0,1,0,0.82,0.62,0.35,0.24,24.81,26.59,24.21,2,Neutral
1770,27.48,37.6,549.0,118.0,1,1,0.93,0.29,0.41,0.071,27.45,28.39,27.76,0,Cold
1771,25.93,44.1,400.0,20,0,1,0.28,0.64,0.63,0.437,25.87,25.44,26.07,2,Neutral
1772,25.51,45.6,400.0,20,0,0,0.64,0.93,0.27,0.086,26.24,26.74,25.27,2,Neutral
1773,26.36,69.7,631.0,446.0,1,0,0.52,0.06,0.22,0.196,26.79,26.35,26.63,2,Neutral
1774,18.6,42.6,400.0,20,0,1,0.15,0.78,0.93,0.376,19.81,20.24,18.56,2,Neutral
1775,26.79,31.0,557.0,490.0,1,0,0.59,0.01,0.5,0.155,27.39,26.94,26.61,2,Neutral
1776,26.37,36.6,758.0,483.0,1,0,0.6,0.11,0.24,0.376,25.79,27.01,26.35,2,Neutral
1777,24.89,69.2,522.0,106.0,1,0,0.36,0.06,0.42,0.314,24.97,24.85,24.44,2,Neutral
1778,26.98,36.6,400.0,20,0,1,0.02,0.33,0.59,0.402,26.8,27.08,26.78,2,Neutral
1779,18.61,56.1,476.0,183.0,1,0,0.91,0.36,0.16,0.131,18.65,18.13,18.47,1,Cool
1780,25.08,50.4,609.0,590.0,1,1,0.24,0.33,0.15,0.273,25.31,25.0,25.33,2,Neutral
1781,23.0,68.1,627.0,455.0,1,1,0.04,0.02,0.93,0.431,23.02,23.82,23.03,1,Cool
1782,25.19,33.1,452.0,424.0,1,0,0.45,0.75,0.69,0.446,24.38,24.82,25.57,1,Cool
1783,21.29,40.3,400.0,20,0,1,0.67,0.73,0.24,0.194,21.16,20.86,21.04,2,Neutral
1784,26.37,60.8,779.0,255.0,1,1,0.71,0.63,0.05,0.289,26.68,25.79,26.71,2,Neutral
1785,18.26,54.5,436.0,191.0,1,0,0.6,0.58,0.68,0.119,18.81,16.86,18.46,1,Cool
1786,20.73,35.1,400.0,20,0,1,0.19,0.79,0.72,0.316,20.03,20.91,20.2,2,Neutral
1787,26.95,69.6,400.0,20,0,1,0.47,0.41,0.46,0.321,26.79,26.57,26.35,2,Neutral
1788,24.07,47.8,579.0,628.0,1,1,0.34,0.6,0.14,0.201,24.05,25.86,24.51,3,Warm
1789,22.18,33.2,605.0,256.0,1,1,0.59,0.41,0.17,0.101,22.55,21.83,21.62,2,Neutral
1790,27.41,51.1,723.0,657.0,1,0,0.23,0.7,0.06,0.405,27.89,25.77,27.26,2,Neutral
1791,22.39,61.1,423.0,156.0,1,1,0.88,0.62,1.0,0.312,22.76,21.07,23.01,2,Neutral
1792,27.49,64.7,656.0,642.0,1,0,0.11,0.27,0.52,0.091,26.52,27.99,27.54,2,Neutral
1793,20.79,67.7,400.0,20,0,1,0.56,0.85,1.0,0.244,19.67,22.03,21.27,2,Neutral
1794,26.57,55.8,471.0,130.0,1,0,0.26,0.45,0.0,0.358,26.77,27.76,26.03,2,Neutral
1795,23.05,66.3,400.0,20,0,0,0.9,0.92,0.81,0.228,23.04,22.43,22.97,1,Cool
1796,23.8,51.6,400.0,20,0,1,0.57,0.19,0.4,0.186,23.68,23.21,23.44,2,Neutral
1797,21.98,43.2,400.0,20,0,0,0.82,0.52,0.59,0.088,23.17,21.1,21.88,2,Neutral
1798,27.02,40.7,736.0,292.0,1,1,0.95,0.82,0.81,0.425,26.14,25.99,27.53,2,Neutral
1799,25.91,54.4,400.0,20,0,1,0.82,0.89,0.81,0.114,26.96,25.26,26.06,2,Neutral
1800,23.53,32.0,400.0,20,0,1,0.96,0.19,0.95,0.184,22.82,21.28,23.69,3,Warm
1801,22.17,64.9,689.0,666.0,1,1,0.78,0.61,0.57,0.253,22.13,23.0,21.44,3,Warm
1802,20.41,66.0,537.0,331.0,1,1,0.89,0.66,0.97,0.085,20.52,21.15,19.82,2,Neutral
1803,22.96,41.3,641.0,443.0,1,1,0.16,0.46,0.61,0.235,23.56,23.64,23.28,2,Neutral
1804,23.03,39.0,400.0,20,0,0,0.35,0.25,0.43,0.238,23.61,23.23,22.85,2,Neutral
1805,22.58,49.6,745.0,491.0,1,0,0.09,0.36,0.51,0.085,23.02,22.76,22.55,0,Cold
1806,21.07,52.4,400.0,20,0,1,0.6,0.15,0.22,0.374,20.05,19.42,21.23,4,Hot
1807,20.02,61.9,400.0,20,0,0,0.99,0.83,0.93,0.305,20.47,20.15,20.03,2,Neutral
1808,20.19,66.8,400.0,20,0,1,0.99,0.55,0.8,0.061,20.65,19.82,20.18,2,Neutral
1809,22.85,51.8,704.0,317.0,1,1,0.83,0.27,0.8,0.334,22.46,22.94,22.94,2,Neutral
1810,27.88,32.3,400.0,20,0,0,0.65,0.9,0.59,0.229,27.88,27.5,28.11,0,Cold
1811,22.24,54.0,400.0,20,0,1,0.96,0.28,0.66,0.235,22.23,23.33,21.81,2,Neutral
1812,18.9,52.8,400.0,20,0,1,0.77,0.8,0.07,0.168,19.32,18.91,18.46,0,Cold
1813,24.93,36.1,486.0,116.0,1,0,0.15,0.86,0.57,0.055,25.96,24.77,25.55,2,Neutral
1814,19.66,46.0,744.0,335.0,1,0,0.76,0.75,0.7,0.326,20.21,18.48,19.48,2,Neutral
1815,22.68,70.0,400.0,20,0,0,0.65,0.28,0.25,0.235,22.17,22.05,22.82,2,Neutral
1816,24.48,30.9,548.0,547.0,1,1,0.26,0.21,0.26,0.065,25.09,25.14,24.65,1,Cool
1817,25.8,46.6,707.0,529.0,1,0,0.65,0.88,0.68,0.231,25.58,25.79,25.19,3,Warm
1818,24.81,50.8,400.0,20,0,1,0.59,0.72,0.4,0.401,24.59,25.91,24.77,2,Neutral
1819,19.42,66.2,754.0,642.0,1,1,0.49,0.86,0.34,0.331,19.3,18.91,19.33,0,Cold
1820,24.69,41.4,400.0,20,0,0,0.08,0.16,0.93,0.355,25.34,25.08,24.36,2,Neutral
1821,22.96,52.8,618.0,203.0,1,1,0.11,0.88,0.42,0.376,23.13,24.62,23.13,2,Neutral
1822,20.84,58.3,400.0,20,0,1,0.66,0.19,0.41,0.331,19.95,21.89,20.93,2,Neutral
1823,18.47,49.2,400.0,20,0,1,0.36,0.17,0.27,0.146,18.86,17.62,19.2,1,Cool
1824,18.44,31.9,638.0,129.0,1,0,0.16,0.14,0.18,0.156,18.09,17.73,17.85,2,Neutral
1825,18.48,38.9,750.0,660.0,1,1,0.94,0.84,0.49,0.389,18.98,18.68,18.3,2,Neutral
1826,21.03,39.4,715.0,548.0,1,1,0.96,0.17,0.4,0.199,21.29,19.08,21.01,2,Neutral
1827,20.47,35.0,400.0,20,0,1,0.22,0.78,0.54,0.303,20.57,19.95,20.64,3,Warm
1828,22.56,64.6,400.0,20,0,1,0.62,0.01,0.12,0.447,22.49,22.87,22.52,3,Warm
1829,21.93,33.0,481.0,355.0,1,0,0.55,0.57,0.22,0.173,21.56,22.73,22.42,2,Neutral
1830,23.19,40.9,400.0,20,0,0,0.87,0.69,0.7,0.118,23.02,21.74,23.28,2,Neutral
1831,26.68,45.9,400.0,20,0,0,0.3,0.72,0.78,0.109,26.14,26.54,26.62,2,Neutral
1832,26.49,51.7,400.0,20,0,0,0.81,0.3,0.18,0.081,26.37,25.7,26.45,1,Cool
1833,23.42,46.4,786.0,395.0,1,1,0.42,0.49,0.65,0.227,23.9,23.49,22.75,0,Cold
1834,25.29,52.4,705.0,160.0,1,1,0.49,0.26,0.87,0.231,24.03,24.83,25.58,2,Neutral
1835,25.57,42.1,400.0,20,0,1,0.55,0.65,0.11,0.286,25.03,26.11,25.92,1,Cool
1836,23.35,56.4,499.0,130.0,1,1,0.69,0.14,0.12,0.322,23.86,21.85,23.58,2,Neutral
1837,27.17,35.1,400.0,20,0,1,0.26,0.61,0.58,0.253,27.2,27.19,26.92,3,Warm
1838,23.56,56.5,766.0,325.0,1,0,0.66,0.78,0.74,0.095,23.05,23.57,23.18,2,Neutral
1839,19.99,68.9,400.0,20,0,0,0.51,0.15,0.79,0.358,19.8,20.06,19.96,2,Neutral
1840,27.49,42.0,400.0,20,0,1,0.77,0.67,0.49,0.4,27.13,28.14,27.17,2,Neutral
1841,26.63,42.6,731.0,345.0,1,1,0.56,0.27,0.54,0.15,26.01,28.24,26.89,2,Neutral
1842,24.16,40.6,400.0,20,0,1,0.77,0.49,0.06,0.328,25.1,25.09,24.22,2,Neutral
1843,19.85,32.9,400.0,20,0,1,0.8,0.98,0.34,0.349,19.81,19.64,20.13,3,Warm
1844,18.05,32.1,400.0,20,0,0,0.03,0.76,0.47,0.133,17.01,18.28,18.2,2,Neutral
1845,18.17,68.8,528.0,349.0,1,1,0.17,0.75,0.86,0.121,18.7,18.58,18.53,2,Neutral
1846,23.45,56.5,477.0,664.0,1,1,0.18,0.2,0.53,0.384,23.4,25.43,23.27,2,Neutral
1847,23.98,37.5,400.0,20,0,0,0.43,0.5,0.13,0.272,24.37,23.62,24.21,3,Warm
1848,23.58,31.1,400.0,20,0,0,0.45,0.47,0.56,0.371,22.92,23.17,23.44,1,Cool
1849,24.23,55.5,444.0,137.0,1,0,0.64,0.18,0.56,0.291,24.56,22.24,23.59,2,Neutral
1850,22.18,58.2,742.0,580.0,1,1,0.57,0.02,0.66,0.329,22.76,22.37,22.44,3,Warm
1851,27.55,60.2,400.0,20,0,0,0.24,0.69,0.96,0.441,27.44,25.95,27.97,2,Neutral
1852,26.73,63.2,619.0,275.0,1,0,0.77,0.96,0.5,0.335,25.6,26.62,26.2,2,Neutral
1853,22.43,58.4,756.0,325.0,1,1,0.17,0.8,0.99,0.394,22.71,21.62,22.34,2,Neutral
1854,25.2,56.9,400.0,20,0,1,0.42,0.34,0.9,0.295,24.43,25.91,25.8,3,Warm
1855,21.49,51.7,629.0,512.0,1,0,0.57,0.5,0.97,0.368,22.35,20.65,21.46,1,Cool
1856,19.57,52.1,400.0,20,0,1,0.64,0.93,0.62,0.274,19.01,18.62,19.12,2,Neutral
1857,23.17,67.8,400.0,20,0,1,0.97,0.25,0.62,0.093,23.16,22.17,22.65,2,Neutral
1858,22.97,50.6,400.0,20,0,0,0.13,0.17,0.26,0.321,22.7,22.97,23.01,2,Neutral
1859,25.94,58.6,400.0,20,0,0,0.94,0.32,0.02,0.449,25.78,26.33,25.55,2,Neutral
1860,21.14,69.3,400.0,20,0,1,0.11,0.81,0.0,0.19,20.77,20.52,21.53,2,Neutral
1861,20.79,63.9,400.0,20,0,0,0.95,0.56,0.44,0.123,21.39,20.5,21.42,2,Neutral
1862,19.66,60.3,750.0,152.0,1,0,0.32,0.12,0.95,0.067,19.74,17.97,20.48,2,Neutral
1863,19.13,32.1,400.0,20,0,0,0.57,0.03,0.88,0.158,19.27,18.78,18.89,2,Neutral
1864,21.61,47.8,729.0,280.0,1,1,0.67,0.07,0.35,0.306,22.15,21.71,21.39,2,Neutral
1865,22.25,42.1,586.0,474.0,1,0,0.63,0.64,0.18,0.396,22.52,23.17,21.98,2,Neutral
1866,25.3,51.5,400.0,20,0,1,0.13,0.9,0.56,0.267,24.42,25.28,24.99,2,Neutral
1867,24.55,56.3,719.0,413.0,1,1,0.13,0.88,0.12,0.395,23.52,24.57,23.63,2,Neutral
1868,21.86,52.0,400.0,20,0,1,0.87,0.68,0.26,0.118,20.98,21.5,21.67,3,Warm
1869,24.13,65.1,400.0,20,0,1,0.41,0.21,0.06,0.174,23.95,23.54,24.17,3,Warm
1870,26.47,61.2,400.0,20,0,0,0.63,0.16,0.6,0.257,26.2,26.98,26.6,3,Warm
1871,19.45,39.5,400.0,20,0,1,0.13,0.27,0.93,0.445,19.85,20.01,19.5,2,Neutral
1872,21.46,35.8,454.0,572.0,1,1,0.75,0.64,0.59,0.413,21.93,22.11,21.73,2,Neutral
1873,20.72,54.4,605.0,309.0,1,1,0.29,0.27,1.0,0.412,20.49,21.52,20.51,2,Neutral
1874,23.24,49.5,439.0,602.0,1,0,0.61,0.32,0.94,0.407,24.63,23.4,23.04,3,Warm
1875,20.99,62.2,400.0,20,0,1,0.37,0.18,0.81,0.244,22.39,21.42,20.69,2,Neutral
1876,18.01,56.4,481.0,252.0,1,1,0.01,0.93,0.79,0.118,18.79,18.72,18.22,2,Neutral
1877,24.08,48.2,441.0,602.0,1,1,0.15,0.43,0.86,0.169,23.06,24.81,24.28,1,Cool
1878,23.11,41.6,400.0,20,0,1,0.96,0.04,0.17,0.126,22.88,23.81,23.3,2,Neutral
1879,26.77,43.2,647.0,382.0,1,1,0.38,0.58,0.39,0.215,26.16,26.13,26.44,3,Warm
1880,23.02,43.1,400.0,20,0,1,0.15,0.08,0.47,0.076,23.13,23.23,22.65,2,Neutral
1881,24.13,30.3,602.0,302.0,1,0,0.43,0.09,0.79,0.309,23.37,24.44,24.06,2,Neutral
1882,21.02,48.5,422.0,217.0,1,1,0.57,0.73,0.5,0.331,20.43,21.06,21.31,2,Neutral
1883,23.28,61.8,538.0,136.0,1,1,0.49,0.33,0.6,0.148,22.7,24.33,23.18,2,Neutral
1884,19.44,56.9,400.0,20,0,1,0.6,0.18,0.85,0.433,20.24,19.77,19.1,1,Cool
1885,25.75,68.6,400.0,20,0,0,0.64,0.55,0.76,0.434,24.95,26.16,25.65,0,Cold
1886,25.35,55.3,400.0,20,0,1,0.39,0.81,0.92,0.345,25.63,26.17,25.67,3,Warm
1887,19.89,53.5,516.0,465.0,1,0,0.78,1.0,0.34,0.226,19.29,20.73,19.64,3,Warm
1888,18.95,39.1,400.0,20,0,0,0.47,0.12,0.76,0.281,18.6,18.33,18.49,2,Neutral
1889,22.21,65.7,400.0,20,0,1,0.96,0.48,0.65,0.142,22.13,22.88,22.25,3,Warm
1890,18.49,68.0,400.0,20,0,1,0.51,0.15,0.28,0.335,18.31,18.53,18.81,2,Neutral
1891,19.83,56.2,452.0,697.0,1,1,0.42,0.87,0.35,0.42,19.89,19.85,19.4,2,Neutral
1892,25.32,43.7,400.0,20,0,0,0.58,0.38,0.4,0.06,25.97,25.72,25.46,1,Cool
1893,26.83,65.8,400.0,20,0,0,0.14,0.3,0.74,0.179,27.42,27.1,26.3,3,Warm
1894,27.44,36.3,562.0,248.0,1,0,0.65,0.08,0.87,0.096,27.92,28.45,27.02,0,Cold
1895,18.39,54.0,400.0,20,0,1,0.9,0.93,0.4,0.366,17.08,18.41,18.64,2,Neutral
1896,19.6,69.0,767.0,490.0,1,1,0.26,0.08,0.59,0.275,19.36,20.56,20.03,2,Neutral
1897,21.7,46.2,400.0,20,0,1,0.66,0.68,0.87,0.323,20.53,21.33,21.87,2,Neutral
1898,24.24,43.4,400.0,20,0,0,0.82,0.7,0.75,0.099,23.34,24.24,24.47,2,Neutral
1899,21.03,31.3,400.0,20,0,0,0.13,0.07,0.67,0.098,19.9,21.51,21.44,2,Neutral
1900,27.12,46.2,732.0,340.0,1,1,0.56,0.92,0.31,0.107,25.67,25.64,27.29,2,Neutral
1901,24.83,37.6,726.0,565.0,1,0,0.93,0.02,0.57,0.418,24.66,26.03,24.44,3,Warm
1902,19.98,60.0,400.0,20,0,0,0.59,0.2,0.52,0.331,19.13,20.88,19.34,2,Neutral
1903,27.37,51.3,400.0,20,0,1,0.36,0.62,0.11,0.157,27.4,28.1,27.62,3,Warm
1904,18.76,57.6,400.0,20,0,0,0.39,0.61,0.4,0.088,17.97,19.6,18.9,2,Neutral
1905,20.21,44.7,400.0,20,0,1,0.15,0.7,0.44,0.311,21.4,18.55,19.79,2,Neutral
1906,18.1,62.4,400.0,20,0,1,0.69,0.37,0.1,0.351,17.38,18.82,17.89,1,Cool
1907,18.12,45.6,418.0,555.0,1,1,0.26,0.45,0.99,0.329,18.58,17.32,17.99,0,Cold
1908,22.79,65.9,715.0,103.0,1,0,0.04,0.11,0.17,0.431,22.2,21.26,22.58,2,Neutral
1909,22.66,33.5,535.0,345.0,1,1,1.0,0.22,0.72,0.243,22.63,20.91,23.28,3,Warm
1910,22.43,56.9,732.0,482.0,1,1,0.19,0.53,0.26,0.137,21.3,22.01,22.22,2,Neutral
1911,22.98,59.3,485.0,623.0,1,0,0.68,0.47,0.84,0.131,22.89,22.41,22.77,2,Neutral
1912,23.53,53.2,400.0,20,0,1,0.14,0.58,0.59,0.27,23.93,24.24,23.64,2,Neutral
1913,20.19,68.4,436.0,469.0,1,1,0.2,0.76,0.42,0.11,20.43,21.24,20.69,2,Neutral
1914,21.28,51.9,400.0,20,0,0,0.14,0.88,0.58,0.147,20.69,21.09,21.2,1,Cool
1915,21.61,57.7,400.0,20,0,1,0.92,0.45,0.77,0.069,22.38,21.35,21.56,4,Hot
1916,25.36,52.2,458.0,187.0,1,0,0.4,0.43,0.29,0.445,25.21,23.93,24.74,2,Neutral
1917,19.93,61.8,400.0,20,0,1,0.43,0.58,0.8,0.082,20.25,19.59,21.09,3,Warm
1918,18.1,52.8,400.0,20,0,0,0.59,0.43,0.31,0.39,17.53,19.02,18.41,2,Neutral
1919,21.8,49.6,400.0,20,0,1,0.67,0.03,0.17,0.176,21.76,21.67,21.22,3,Warm
1920,21.56,52.6,506.0,683.0,1,1,0.6,0.61,0.08,0.286,21.29,21.69,21.53,1,Cool
1921,25.82,55.2,428.0,184.0,1,0,0.87,0.31,0.78,0.328,25.7,25.21,25.89,2,Neutral
1922,20.66,49.8,565.0,208.0,1,1,0.45,0.96,0.85,0.334,20.71,20.09,20.66,2,Neutral
1923,25.41,45.8,423.0,440.0,1,0,0.42,0.18,0.89,0.338,23.61,25.55,25.54,2,Neutral
1924,24.48,55.7,400.0,20,0,1,0.26,0.81,0.0,0.311,24.97,24.18,24.74,3,Warm
1925,19.2,53.1,649.0,219.0,1,0,0.85,0.98,0.38,0.362,19.81,18.97,18.92,2,Neutral
1926,24.32,53.5,646.0,323.0,1,0,0.88,0.87,0.69,0.296,24.34,24.08,24.58,1,Cool
1927,25.89,38.6,400.0,20,0,0,0.13,0.0,0.81,0.177,25.74,26.73,25.81,3,Warm
1928,23.97,64.2,630.0,145.0,1,0,0.76,0.05,0.27,0.287,24.35,23.3,24.38,4,Hot
1929,27.69,57.5,400.0,20,0,1,0.76,0.56,0.74,0.268,27.13,28.57,27.71,3,Warm
1930,27.95,47.9,478.0,549.0,1,0,0.28,0.67,0.15,0.28,28.94,27.97,27.9,3,Warm
1931,26.78,61.3,400.0,20,0,0,0.24,0.9,0.08,0.191,25.34,27.98,27.28,2,Neutral
1932,23.92,34.0,685.0,115.0,1,0,0.65,0.75,0.34,0.208,23.1,26.13,23.65,2,Neutral
1933,27.43,37.0,400.0,20,0,0,0.61,0.27,0.56,0.247,27.06,28.87,27.29,2,Neutral
1934,26.01,64.6,400.0,20,0,1,0.87,0.84,0.63,0.378,26.9,25.87,25.77,2,Neutral
1935,19.8,58.9,400.0,20,0,0,0.32,0.06,0.3,0.093,19.37,19.25,19.5,2,Neutral
1936,22.23,52.7,400.0,20,0,1,0.01,0.4,0.75,0.366,22.8,22.01,22.53,1,Cool
1937,25.47,33.6,633.0,537.0,1,1,0.41,0.69,0.96,0.428,24.41,24.5,25.63,3,Warm
1938,22.11,62.2,454.0,119.0,1,1,0.55,0.44,0.56,0.342,21.96,21.87,22.37,2,Neutral
1939,18.64,64.1,400.0,20,0,1,0.59,0.98,0.31,0.24,19.53,18.93,18.51,0,Cold
1940,19.59,44.0,400.0,20,0,0,0.63,0.91,0.82,0.242,19.24,19.27,19.89,2,Neutral
1941,21.69,58.3,400.0,20,0,1,0.15,0.91,0.4,0.276,23.13,21.19,21.83,2,Neutral
1942,25.68,31.5,513.0,616.0,1,1,0.79,0.47,0.11,0.361,25.45,26.32,25.42,2,Neutral
1943,18.67,49.8,647.0,553.0,1,1,1.0,0.13,0.86,0.16,18.62,18.55,18.78,1,Cool
1944,20.68,68.6,400.0,20,0,1,0.6,0.21,0.87,0.148,20.52,20.92,20.4,1,Cool
1945,19.91,38.9,400.0,20,0,0,0.01,0.65,0.35,0.276,19.57,18.85,20.41,2,Neutral
1946,21.76,51.9,628.0,443.0,1,1,0.04,0.52,0.44,0.42,21.05,20.9,21.94,2,Neutral
1947,19.0,54.0,400.0,20,0,0,0.41,0.66,0.14,0.207,19.27,20.28,19.17,2,Neutral
1948,20.22,38.8,400.0,20,0,0,0.29,0.15,0.17,0.406,19.95,19.93,20.7,2,Neutral
1949,22.1,51.5,400.0,20,0,1,0.81,0.11,0.87,0.42,21.79,21.94,22.22,2,Neutral
1950,26.11,32.4,400.0,20,0,0,0.5,0.85,0.5,0.39,25.73,26.76,26.47,2,Neutral
1951,27.95,59.2,400.0,20,0,0,0.36,0.59,0.75,0.336,28.58,28.62,27.6,2,Neutral
1952,22.09,37.3,632.0,522.0,1,0,0.38,0.42,0.69,0.219,21.65,21.47,21.96,2,Neutral
1953,21.27,66.9,400.0,20,0,1,0.87,0.91,0.8,0.435,21.98,22.55,21.88,2,Neutral
1954,21.6,62.7,798.0,145.0,1,0,0.91,0.28,0.16,0.386,21.24,21.83,21.35,3,Warm
1955,25.84,68.0,758.0,171.0,1,0,0.07,0.56,0.41,0.254,25.71,25.69,25.92,3,Warm
1956,27.99,67.6,548.0,699.0,1,1,0.42,0.55,0.88,0.362,27.48,27.83,27.84,1,Cool
1957,24.39,38.1,796.0,384.0,1,1,0.75,0.48,0.51,0.341,24.44,23.37,24.58,2,Neutral
1958,20.74,65.0,667.0,506.0,1,1,0.3,0.07,0.54,0.279,20.35,20.79,20.7,2,Neutral
1959,27.23,53.5,400.0,20,0,1,0.59,0.51,0.73,0.267,27.02,26.95,27.05,1,Cool
1960,27.03,34.8,767.0,684.0,1,1,0.43,0.06,0.43,0.244,27.26,26.61,27.73,2,Neutral
1961,22.55,65.8,758.0,596.0,1,1,0.04,0.83,0.54,0.351,21.66,22.01,22.82,2,Neutral
1962,27.42,52.1,461.0,183.0,1,0,0.23,0.2,0.11,0.061,26.84,27.94,27.29,2,Neutral
1963,26.11,69.0,728.0,671.0,1,1,0.49,0.24,0.41,0.401,26.65,27.23,26.77,2,Neutral
1964,18.24,42.9,558.0,558.0,1,1,0.89,0.66,0.96,0.413,18.29,16.79,17.68,2,Neutral
1965,21.1,68.4,400.0,20,0,0,0.07,0.47,0.36,0.232,21.09,19.25,20.76,2,Neutral
1966,20.25,60.1,697.0,120.0,1,0,0.42,0.8,0.74,0.299,20.49,18.35,19.97,2,Neutral
1967,19.86,33.4,592.0,254.0,1,0,0.25,0.2,0.74,0.366,20.0,21.92,19.38,2,Neutral
1968,27.14,44.1,400.0,20,0,0,0.2,0.93,0.12,0.071,26.97,27.34,27.29,2,Neutral
1969,23.05,39.6,482.0,261.0,1,1,0.67,0.07,0.5,0.098,22.65,23.95,23.82,2,Neutral
1970,20.53,68.1,400.0,20,0,1,0.6,0.16,0.96,0.442,20.96,20.24,20.87,0,Cold
1971,24.96,34.5,400.0,20,0,1,0.96,0.57,0.29,0.078,24.25,23.85,24.77,4,Hot
1972,22.62,57.2,400.0,20,0,1,0.73,0.46,0.81,0.267,22.95,22.52,22.35,2,Neutral
1973,18.58,58.2,400.0,20,0,0,0.3,0.28,0.71,0.421,18.03,18.95,18.0,2,Neutral
1974,19.51,50.3,727.0,315.0,1,1,0.6,0.88,0.83,0.294,19.0,20.1,18.38,1,Cool
1975,24.06,48.0,400.0,20,0,1,0.93,0.97,0.99,0.212,23.72,22.24,24.15,2,Neutral
1976,20.31,59.6,400.0,20,0,0,0.01,0.92,0.93,0.316,20.61,20.91,20.62,2,Neutral
1977,19.76,36.5,541.0,266.0,1,0,0.12,0.64,0.21,0.408,19.22,20.58,19.62,3,Warm
1978,20.05,40.0,641.0,581.0,1,0,0.07,0.03,0.74,0.065,19.64,19.66,19.62,4,Hot
1979,24.15,40.8,400.0,20,0,1,0.88,0.26,0.05,0.264,24.11,23.73,24.61,2,Neutral
1980,18.78,50.5,665.0,191.0,1,1,0.03,0.92,0.69,0.202,19.36,18.36,18.79,2,Neutral
1981,21.06,56.6,400.0,20,0,0,0.31,0.14,0.88,0.157,21.14,21.74,20.9,2,Neutral
1982,27.52,54.6,400.0,20,0,1,0.6,0.32,0.93,0.205,27.27,26.85,27.56,2,Neutral
1983,24.94,46.5,440.0,147.0,1,1,0.8,0.36,0.93,0.343,24.62,26.41,24.52,3,Warm
1984,24.73,67.3,400.0,20,0,0,0.32,0.6,0.81,0.155,25.08,24.57,24.54,3,Warm
1985,26.3,33.5,480.0,159.0,1,0,0.01,0.51,0.32,0.347,25.8,25.94,26.09,3,Warm
1986,27.34,34.2,506.0,540.0,1,1,0.42,0.2,0.62,0.354,27.39,27.58,28.0,2,Neutral
1987,26.14,58.2,400.0,20,0,1,0.11,0.19,0.82,0.385,26.42,25.41,25.89,0,Cold
1988,22.63,32.2,576.0,419.0,1,0,0.46,0.49,0.4,0.394,22.65,23.35,22.58,2,Neutral
1989,18.29,42.4,400.0,20,0,1,0.08,0.64,0.18,0.296,18.45,16.48,19.05,2,Neutral
1990,20.03,53.1,552.0,236.0,1,1,0.7,0.37,0.3,0.228,20.28,20.14,19.8,2,Neutral
1991,18.73,61.3,400.0,20,0,1,0.63,0.49,0.22,0.181,18.63,19.77,18.62,2,Neutral
1992,19.53,52.3,678.0,372.0,1,0,0.17,0.29,0.89,0.301,18.28,19.08,19.36,4,Hot
1993,20.62,66.0,477.0,475.0,1,0,0.21,0.16,0.73,0.267,20.44,21.02,20.88,1,Cool
1994,24.57,55.3,536.0,538.0,1,0,0.87,0.74,0.44,0.421,24.17,24.19,24.23,2,Neutral
1995,24.37,64.5,507.0,115.0,1,0,0.88,0.69,0.42,0.143,23.51,23.49,24.09,2,Neutral
1996,26.25,64.9,552.0,569.0,1,1,0.54,0.5,0.53,0.212,27.02,28.28,26.17,1,Cool
1997,22.75,41.1,400.0,20,0,1,0.39,0.11,0.28,0.197,22.58,21.73,22.79,3,Warm
1998,24.95,38.5,508.0,311.0,1,0,0.3,0.37,0.81,0.356,24.43,25.26,24.93,3,Warm
1999,27.68,47.7,400.0,20,0,1,0.38,0.92,0.31,0.161,27.48,28.22,27.29,2,Neutral
2000,21.4,43.9,619.0,441.0,1,1,0.41,0.4,0.35,0.321,21.25,21.61,21.41,4,Hot
2001,24.71,50.0,417.0,362.0,1,1,0.34,0.91,0.84,0.365,24.28,24.49,25.09,2,Neutral
2002,19.51,38.7,400.0,20,0,1,0.49,0.13,0.68,0.388,19.48,20.04,19.54,2,Neutral
2003,25.01,49.9,654.0,280.0,1,0,0.12,0.78,0.75,0.214,23.93,26.25,24.75,2,Neutral
2004,21.09,35.8,413.0,196.0,1,1,0.28,0.44,0.95,0.371,21.18,20.76,21.06,2,Neutral
2005,24.06,58.2,400.0,20,0,1,0.48,0.72,0.91,0.376,23.88,25.92,23.68,0,Cold
2006,19.55,54.3,400.0,20,0,1,0.83,0.71,0.48,0.114,19.61,20.54,19.96,3,Warm
2007,21.64,47.8,567.0,687.0,1,1,0.46,0.31,0.59,0.224,20.92,22.21,21.96,2,Neutral
2008,18.01,67.2,456.0,234.0,1,0,0.35,0.07,0.54,0.135,17.87,17.1,18.25,2,Neutral
2009,21.7,43.4,400.0,20,0,1,0.55,0.26,0.89,0.239,21.56,20.53,21.45,2,Neutral
2010,18.4,66.3,619.0,579.0,1,1,0.83,0.85,0.59,0.258,18.27,18.91,18.03,2,Neutral
2011,21.53,55.7,400.0,20,0,1,0.26,0.99,0.3,0.357,21.57,21.72,21.72,3,Warm
2012,26.89,37.9,594.0,318.0,1,0,0.18,0.72,0.87,0.408,25.71,28.19,26.68,2,Neutral
2013,22.03,51.1,400.0,20,0,0,0.93,0.38,0.54,0.106,21.94,21.3,21.7,1,Cool
2014,19.5,33.3,503.0,344.0,1,0,0.09,0.39,0.21,0.316,19.29,19.43,19.19,2,Neutral
2015,27.59,30.2,668.0,109.0,1,1,0.33,0.85,0.09,0.4,27.69,26.99,27.47,2,Neutral
2016,22.86,31.5,400.0,20,0,1,0.47,0.68,0.3,0.164,23.42,23.51,22.69,2,Neutral
2017,19.42,52.4,488.0,116.0,1,1,0.13,0.48,0.56,0.265,19.17,18.76,19.77,4,Hot
2018,26.84,46.7,400.0,20,0,0,0.08,0.29,0.06,0.397,26.77,27.51,27.31,2,Neutral
2019,22.53,52.9,578.0,689.0,1,1,0.81,0.19,0.8,0.316,22.3,22.54,22.07,2,Neutral
2020,21.89,66.0,623.0,610.0,1,0,0.48,0.48,0.28,0.36,23.02,23.14,21.67,2,Neutral
2021,20.02,58.4,400.0,20,0,1,0.72,0.66,0.37,0.405,20.07,20.79,19.15,2,Neutral
2022,22.86,54.2,400.0,20,0,1,0.5,0.45,0.24,0.415,22.44,22.07,22.67,2,Neutral
2023,26.27,45.9,633.0,384.0,1,1,0.58,0.73,0.92,0.349,25.93,25.69,26.41,3,Warm
2024,22.23,49.3,543.0,626.0,1,1,0.98,0.58,0.66,0.423,22.34,22.57,22.17,2,Neutral
2025,20.14,44.0,400.0,20,0,0,0.83,0.31,0.2,0.06,19.9,18.86,19.56,4,Hot
2026,18.44,59.8,647.0,443.0,1,1,0.93,0.92,0.95,0.068,18.87,17.29,18.24,3,Warm
2027,19.72,68.2,476.0,274.0,1,1,0.61,0.89,0.69,0.399,19.75,19.94,20.26,3,Warm
2028,27.07,55.3,652.0,159.0,1,0,0.15,0.66,0.35,0.333,27.07,26.6,27.04,4,Hot
2029,19.3,69.1,400.0,20,0,0,0.83,0.08,0.3,0.401,19.96,19.71,19.55,3,Warm
2030,19.4,62.6,692.0,479.0,1,1,0.53,0.56,0.34,0.336,19.62,21.3,19.72,2,Neutral
2031,23.3,56.9,572.0,205.0,1,1,0.23,0.42,0.46,0.281,21.64,22.26,23.36,2,Neutral
2032,20.97,64.8,471.0,659.0,1,0,0.03,0.82,0.81,0.234,20.65,20.05,20.8,2,Neutral
2033,18.82,65.7,415.0,512.0,1,1,0.23,0.77,0.21,0.287,18.97,19.1,19.02,2,Neutral
2034,20.95,67.6,679.0,373.0,1,1,0.88,0.13,0.61,0.41,21.02,20.46,21.04,3,Warm
2035,19.79,40.2,400.0,20,0,0,0.87,0.61,0.31,0.362,18.9,19.47,20.07,2,Neutral
2036,25.85,33.7,736.0,361.0,1,1,0.38,0.74,0.21,0.211,26.12,26.08,25.49,1,Cool
2037,22.15,30.4,763.0,159.0,1,1,0.83,0.66,0.6,0.278,22.38,21.76,21.84,2,Neutral
2038,26.26,36.5,400.0,20,0,0,0.2,0.79,0.01,0.448,26.18,25.32,26.44,2,Neutral
2039,19.76,64.7,400.0,20,0,0,0.67,0.13,0.3,0.203,19.51,19.91,20.14,2,Neutral
2040,25.94,41.8,400.0,20,0,0,0.37,0.46,0.48,0.256,26.24,27.71,26.8,2,Neutral
2041,25.18,67.9,400.0,20,0,1,0.25,0.05,0.2,0.29,25.43,25.4,25.95,3,Warm
2042,23.52,38.8,410.0,387.0,1,1,0.04,0.48,0.87,0.279,22.84,24.35,23.43,3,Warm
2043,23.61,48.4,400.0,20,0,0,0.48,0.82,0.26,0.09,24.18,24.12,23.73,2,Neutral
2044,24.59,30.9,761.0,126.0,1,1,0.4,0.06,0.41,0.345,24.14,25.47,24.38,1,Cool
2045,27.15,55.0,679.0,537.0,1,1,0.89,0.2,0.99,0.373,27.17,27.75,27.47,2,Neutral
2046,27.41,52.6,617.0,550.0,1,0,0.71,0.99,0.48,0.171,27.61,26.74,26.94,1,Cool
2047,21.83,41.9,793.0,670.0,1,0,0.89,0.93,0.74,0.424,21.15,21.59,21.72,3,Warm
2048,24.13,62.0,400.0,20,0,1,0.7,0.74,0.95,0.345,24.35,24.26,24.01,2,Neutral
2049,19.35,42.2,795.0,491.0,1,1,0.13,0.05,0.84,0.334,18.98,19.39,18.74,1,Cool
2050,21.7,59.7,494.0,300.0,1,0,0.14,0.71,0.49,0.41,21.88,23.22,21.53,4,Hot
2051,19.83,44.7,400.0,20,0,0,0.53,0.82,0.52,0.297,19.25,18.86,19.41,1,Cool
2052,23.49,41.0,400.0,20,0,0,0.93,0.18,0.9,0.069,23.09,22.89,23.91,2,Neutral
2053,23.99,69.1,400.0,20,0,1,0.67,0.04,0.59,0.198,25.07,23.88,24.15,2,Neutral
2054,20.21,62.0,400.0,20,0,1,0.71,0.69,0.11,0.176,20.58,19.43,20.19,2,Neutral
2055,20.37,44.5,400.0,20,0,0,0.75,0.34,0.85,0.144,20.53,20.64,20.31,3,Warm
2056,25.47,56.3,400.0,20,0,0,0.45,0.11,0.75,0.163,26.31,25.3,25.27,2,Neutral
2057,18.77,39.4,450.0,605.0,1,0,0.9,0.45,0.88,0.147,18.82,18.37,18.34,2,Neutral
2058,22.78,40.3,400.0,20,0,1,0.73,0.17,0.13,0.41,22.86,24.09,22.55,1,Cool
2059,20.74,62.9,662.0,476.0,1,0,0.12,0.46,0.59,0.28,20.8,20.95,20.25,2,Neutral
2060,24.45,41.1,783.0,249.0,1,0,0.63,0.74,0.58,0.327,24.04,24.41,24.67,2,Neutral
2061,18.5,60.5,420.0,700.0,1,0,0.52,0.19,0.0,0.232,18.37,18.69,18.46,2,Neutral
2062,20.98,51.7,400.0,20,0,0,0.61,0.95,0.01,0.171,20.87,21.89,21.3,3,Warm
2063,21.47,43.3,459.0,250.0,1,1,0.97,0.3,0.44,0.405,21.69,21.52,21.41,1,Cool
2064,20.74,30.1,629.0,228.0,1,0,0.32,0.06,0.95,0.258,21.09,21.17,20.44,2,Neutral
2065,18.34,31.8,400.0,20,0,1,0.98,0.2,0.37,0.145,18.8,18.94,18.69,2,Neutral
2066,27.95,31.4,666.0,622.0,1,1,0.67,0.25,0.86,0.114,27.94,29.0,27.89,2,Neutral
2067,27.85,57.9,400.0,20,0,0,0.49,0.91,0.8,0.19,27.3,26.5,27.7,2,Neutral
2068,24.7,63.0,400.0,20,0,0,0.34,0.11,0.95,0.138,25.14,23.94,24.32,2,Neutral
2069,22.07,41.4,400.0,20,0,0,0.29,0.52,0.23,0.084,23.42,23.73,22.17,3,Warm
2070,23.09,45.5,614.0,569.0,1,0,0.82,0.94,0.15,0.226,22.88,23.18,22.98,2,Neutral
2071,25.5,50.5,641.0,121.0,1,1,0.41,0.49,0.41,0.244,25.29,27.04,25.46,2,Neutral
2072,19.16,51.7,631.0,206.0,1,0,0.46,0.3,0.52,0.158,19.11,18.49,19.46,3,Warm
2073,18.12,54.4,400.0,20,0,1,0.08,0.72,0.43,0.404,18.57,18.4,17.98,3,Warm
2074,18.74,47.9,797.0,184.0,1,1,0.87,0.39,0.19,0.196,18.62,18.49,19.14,2,Neutral
2075,19.46,63.6,400.0,20,0,0,0.69,0.68,0.22,0.127,18.92,16.2,20.12,2,Neutral
2076,25.17,45.0,448.0,503.0,1,0,0.32,0.43,0.34,0.294,24.87,25.76,25.18,1,Cool
2077,21.32,56.2,604.0,539.0,1,0,0.69,0.03,0.21,0.11,20.76,22.43,21.16,2,Neutral
2078,24.46,33.0,400.0,20,0,0,0.66,0.44,0.24,0.08,24.55,25.44,24.62,1,Cool
2079,27.91,68.7,628.0,481.0,1,1,0.93,0.49,0.23,0.19,27.41,28.64,28.65,2,Neutral
2080,19.73,45.6,400.0,20,0,1,0.73,0.71,0.64,0.422,19.1,20.0,20.22,3,Warm
2081,24.17,67.5,512.0,651.0,1,1,0.36,0.39,0.4,0.321,24.74,23.14,23.78,2,Neutral
2082,19.9,60.6,597.0,633.0,1,0,0.18,0.93,0.23,0.056,18.97,19.75,20.17,2,Neutral
2083,22.75,52.8,400.0,20,0,0,0.08,0.59,0.94,0.368,22.8,21.33,23.09,1,Cool
2084,25.79,43.2,636.0,571.0,1,0,0.78,0.53,0.8,0.262,26.09,26.39,26.12,2,Neutral
2085,26.44,49.9,493.0,479.0,1,0,0.45,0.49,0.33,0.347,26.99,26.9,25.99,2,Neutral
2086,20.6,33.4,400.0,20,0,0,0.89,0.07,0.27,0.228,21.58,20.66,20.5,2,Neutral
2087,23.4,51.5,400.0,20,0,0,0.01,0.73,0.58,0.207,23.04,22.71,23.27,3,Warm
2088,22.39,58.3,400.0,20,0,0,0.26,0.72,0.09,0.361,21.58,22.57,22.58,2,Neutral
2089,26.06,53.9,400.0,20,0,0,0.48,0.17,0.73,0.412,25.57,25.63,25.57,2,Neutral
2090,27.41,67.2,400.0,20,0,0,0.63,0.53,0.52,0.103,28.1,26.79,27.02,1,Cool
2091,25.47,43.6,578.0,578.0,1,1,0.42,0.67,0.84,0.335,25.6,26.83,25.69,1,Cool
2092,24.86,39.0,690.0,147.0,1,1,0.31,0.01,0.25,0.423,25.77,26.29,25.12,2,Neutral
2093,26.52,36.8,549.0,675.0,1,0,0.64,0.27,0.02,0.385,25.37,25.83,26.01,2,Neutral
2094,26.43,33.8,613.0,573.0,1,0,0.45,0.56,0.94,0.128,26.6,26.29,26.55,2,Neutral
2095,19.55,39.5,400.0,20,0,1,0.87,0.94,0.23,0.183,18.8,20.16,19.15,2,Neutral
2096,19.92,61.1,590.0,107.0,1,0,0.67,0.9,0.27,0.379,19.8,20.11,19.34,2,Neutral
2097,24.77,65.0,575.0,579.0,1,0,0.48,0.39,0.14,0.419,24.98,26.89,24.54,2,Neutral
2098,25.44,63.1,400.0,20,0,1,0.98,0.47,0.71,0.123,24.89,23.43,25.63,2,Neutral
2099,26.0,64.0,583.0,409.0,1,0,0.3,0.74,0.79,0.247,26.3,27.06,25.95,2,Neutral
2100,22.53,63.4,506.0,686.0,1,1,0.54,0.95,0.92,0.218,22.29,22.39,22.77,2,Neutral
2101,27.85,66.3,683.0,660.0,1,1,0.38,0.67,0.75,0.401,27.46,30.27,27.72,2,Neutral
2102,27.75,46.2,664.0,300.0,1,1,0.83,0.47,0.68,0.182,26.8,26.55,27.65,2,Neutral
2103,18.79,33.7,615.0,212.0,1,1,0.82,0.97,0.99,0.438,19.16,19.24,18.57,3,Warm
2104,23.19,55.0,400.0,20,0,1,0.05,0.51,0.37,0.425,22.97,22.19,22.91,1,Cool
2105,21.05,63.1,420.0,689.0,1,1,0.88,0.54,0.29,0.095,21.25,20.47,20.88,1,Cool
2106,27.24,39.6,735.0,224.0,1,0,0.61,0.97,0.98,0.172,27.96,26.59,26.92,1,Cool
2107,18.79,44.9,400.0,20,0,1,0.42,0.73,0.02,0.084,19.55,18.43,19.22,2,Neutral
2108,20.9,51.4,475.0,696.0,1,0,0.25,0.77,0.7,0.336,20.35,21.68,20.38,2,Neutral
2109,18.36,46.4,649.0,184.0,1,1,0.38,0.26,0.5,0.441,18.23,18.59,18.2,2,Neutral
2110,20.48,68.2,400.0,20,0,1,0.89,0.11,0.37,0.215,20.18,20.32,20.42,2,Neutral
2111,20.79,46.2,400.0,20,0,0,0.07,0.05,0.56,0.368,21.06,19.23,21.19,4,Hot
2112,27.35,53.6,400.0,20,0,0,0.62,0.6,0.21,0.216,27.14,28.9,26.86,1,Cool
2113,19.95,39.0,543.0,535.0,1,1,0.48,0.69,0.57,0.44,19.53,20.49,20.06,2,Neutral
2114,18.01,58.7,614.0,446.0,1,0,0.88,0.59,0.57,0.363,18.73,19.22,17.96,3,Warm
2115,18.01,56.4,537.0,184.0,1,1,0.39,0.23,0.13,0.141,17.68,18.45,17.95,2,Neutral
2116,19.15,64.1,400.0,20,0,1,0.16,0.06,0.32,0.051,19.25,19.18,19.29,2,Neutral
2117,23.78,47.1,400.0,20,0,0,0.22,0.74,0.46,0.184,23.97,24.22,23.42,4,Hot
2118,23.47,46.2,671.0,321.0,1,0,0.06,0.73,0.28,0.262,23.93,23.6,22.79,1,Cool
2119,26.87,54.5,400.0,20,0,0,0.53,0.27,0.58,0.33,27.87,26.75,27.03,2,Neutral
2120,23.42,36.3,400.0,20,0,1,0.31,0.35,0.65,0.433,22.38,22.99,23.38,1,Cool
2121,19.83,39.3,400.0,20,0,1,0.76,0.25,0.37,0.364,20.47,20.66,19.65,2,Neutral
2122,22.22,52.1,751.0,662.0,1,1,0.86,0.78,0.15,0.241,21.6,23.48,22.07,2,Neutral
2123,24.74,65.8,466.0,189.0,1,1,0.73,0.76,0.47,0.286,24.47,23.84,24.86,1,Cool
2124,26.97,59.0,587.0,523.0,1,1,0.27,0.52,0.45,0.411,25.42,25.51,26.98,2,Neutral
2125,27.45,38.0,767.0,109.0,1,0,0.22,0.44,0.89,0.146,27.3,26.34,27.63,3,Warm
2126,25.95,57.7,499.0,299.0,1,0,0.87,0.6,0.23,0.387,26.0,26.38,25.86,3,Warm
2127,21.73,68.3,400.0,20,0,1,0.93,0.08,0.86,0.212,21.85,21.44,21.94,2,Neutral
2128,19.31,50.5,405.0,371.0,1,0,0.28,0.77,0.52,0.206,18.97,20.2,19.37,2,Neutral
2129,20.34,54.0,782.0,141.0,1,0,0.92,0.31,0.11,0.132,20.27,21.37,20.21,2,Neutral
2130,18.52,53.9,400.0,20,0,0,0.16,0.97,0.14,0.353,18.35,18.18,17.87,2,Neutral
2131,20.24,37.2,702.0,395.0,1,1,0.98,0.47,0.43,0.178,20.41,21.42,19.57,2,Neutral
2132,22.48,55.4,625.0,657.0,1,0,0.44,0.06,0.74,0.186,21.83,20.93,22.13,2,Neutral
2133,23.23,63.2,400.0,20,0,0,0.0,0.57,0.0,0.21,23.12,23.33,23.31,2,Neutral
2134,26.99,38.7,753.0,663.0,1,0,0.79,0.65,0.37,0.311,26.62,26.58,26.88,2,Neutral
2135,18.06,54.3,485.0,568.0,1,0,0.87,0.17,0.08,0.248,18.93,18.24,18.04,2,Neutral
2136,19.15,40.0,400.0,20,0,0,0.32,0.1,0.83,0.278,18.45,20.55,19.29,4,Hot
2137,19.59,56.7,522.0,318.0,1,0,0.49,0.46,0.53,0.427,20.47,20.12,20.22,2,Neutral
2138,24.6,56.7,453.0,494.0,1,1,0.72,0.37,0.58,0.38,23.54,24.76,24.89,3,Warm
2139,19.32,46.9,400.0,20,0,1,0.88,0.3,0.8,0.179,19.97,21.1,19.26,2,Neutral
2140,25.16,38.3,787.0,235.0,1,1,0.92,0.13,0.67,0.268,25.02,26.26,25.1,1,Cool
2141,26.16,48.9,695.0,539.0,1,1,0.59,0.3,0.64,0.399,26.49,25.7,26.02,3,Warm
2142,26.98,36.4,559.0,694.0,1,0,0.28,0.87,0.83,0.15,26.62,26.48,26.76,3,Warm
2143,18.24,31.7,771.0,243.0,1,0,0.28,0.4,0.13,0.213,18.19,19.01,18.18,3,Warm
2144,25.95,45.0,470.0,209.0,1,0,0.54,0.86,0.74,0.095,26.53,25.69,26.24,2,Neutral
2145,22.38,30.3,512.0,207.0,1,1,0.89,0.66,0.74,0.296,22.43,22.83,22.38,2,Neutral
2146,21.34,30.3,400.0,20,0,0,0.83,0.68,0.28,0.088,21.83,21.3,21.28,2,Neutral
2147,24.82,69.3,400.0,20,0,0,0.13,0.89,0.89,0.095,24.16,25.35,24.72,2,Neutral
2148,22.99,39.7,506.0,109.0,1,1,0.85,0.88,0.12,0.126,22.11,21.92,22.81,2,Neutral
2149,22.85,41.5,669.0,498.0,1,0,0.78,0.33,0.48,0.223,23.45,21.3,23.24,2,Neutral
2150,25.63,64.8,400.0,20,0,1,0.63,0.58,0.49,0.268,25.42,24.37,25.7,2,Neutral
2151,27.04,32.3,400.0,20,0,1,0.86,0.41,0.75,0.321,26.93,27.48,26.99,3,Warm
2152,23.82,65.1,400.0,20,0,1,0.16,0.05,0.81,0.214,23.33,23.72,23.56,2,Neutral
2153,20.34,52.6,451.0,243.0,1,0,0.16,0.62,0.98,0.24,20.87,21.86,20.89,2,Neutral
2154,24.15,63.2,690.0,475.0,1,0,0.76,0.57,0.25,0.258,24.33,24.23,23.79,3,Warm
2155,27.94,70.0,400.0,20,0,0,0.2,0.33,0.89,0.322,27.77,28.17,28.02,2,Neutral
2156,24.15,57.9,771.0,395.0,1,1,0.09,0.01,0.54,0.14,24.21,25.48,23.96,2,Neutral
2157,25.33,30.3,400.0,20,0,0,0.12,0.79,0.44,0.349,25.16,24.86,25.37,3,Warm
2158,24.39,57.8,400.0,20,0,0,0.74,0.97,0.39,0.448,25.3,23.98,24.62,2,Neutral
2159,26.64,51.4,575.0,623.0,1,0,0.5,0.37,0.39,0.094,26.38,26.08,25.9,2,Neutral
2160,20.37,37.2,400.0,20,0,1,0.01,0.18,0.24,0.226,21.14,19.13,20.38,2,Neutral
2161,22.22,46.2,400.0,20,0,1,0.16,0.57,0.99,0.345,21.96,21.77,21.8,2,Neutral
2162,21.95,55.9,409.0,690.0,1,1,0.53,0.58,0.36,0.423,22.22,22.62,22.11,3,Warm
2163,18.92,59.9,400.0,20,0,0,0.34,0.37,0.42,0.157,19.21,17.97,19.11,2,Neutral
2164,21.79,51.6,492.0,185.0,1,1,0.68,0.12,0.51,0.134,20.9,21.42,21.41,3,Warm
2165,22.88,43.2,407.0,660.0,1,1,0.21,0.25,0.17,0.264,21.65,22.54,22.98,1,Cool
2166,23.02,41.4,639.0,299.0,1,0,0.08,0.61,0.69,0.301,23.15,23.56,22.64,2,Neutral
2167,19.24,56.0,400.0,20,0,1,0.61,0.78,0.34,0.39,20.36,17.75,18.18,2,Neutral
2168,24.4,59.9,400.0,20,0,0,0.39,0.59,0.71,0.392,24.43,23.75,24.04,2,Neutral
2169,18.89,63.8,518.0,592.0,1,0,0.19,0.35,0.73,0.381,19.47,18.07,18.75,2,Neutral
2170,27.79,62.6,584.0,696.0,1,1,0.33,0.39,0.68,0.447,27.16,28.97,27.64,2,Neutral
2171,26.69,33.5,720.0,536.0,1,1,0.29,0.9,0.37,0.201,26.97,27.03,26.52,2,Neutral
2172,24.16,36.6,400.0,20,0,0,0.88,0.63,0.54,0.422,24.7,23.17,23.98,1,Cool
2173,24.39,31.6,530.0,641.0,1,1,0.19,0.24,0.06,0.394,23.1,24.61,24.63,2,Neutral
2174,27.19,36.9,737.0,436.0,1,1,0.05,0.64,0.09,0.433,26.67,27.32,27.12,2,Neutral
2175,23.95,69.3,733.0,529.0,1,0,0.66,0.92,0.44,0.067,24.48,23.15,24.14,0,Cold
2176,21.68,60.2,540.0,483.0,1,0,0.39,0.71,0.22,0.321,21.87,20.99,21.11,2,Neutral
2177,24.37,40.8,400.0,20,0,1,0.33,0.96,0.18,0.423,24.02,22.61,24.03,4,Hot
2178,18.75,50.2,667.0,373.0,1,0,0.01,0.71,0.09,0.262,18.78,19.0,18.79,3,Warm
2179,21.89,61.7,788.0,588.0,1,0,0.11,0.9,0.98,0.139,21.96,21.31,21.62,3,Warm
2180,27.37,68.3,527.0,463.0,1,1,0.76,0.59,0.77,0.393,27.65,27.01,27.22,2,Neutral
2181,26.38,33.0,400.0,20,0,0,1.0,0.98,0.92,0.351,26.09,24.52,26.61,0,Cold
2182,18.15,43.9,682.0,350.0,1,0,0.26,0.75,0.32,0.416,18.86,16.74,18.16,3,Warm
2183,18.64,32.9,793.0,205.0,1,1,0.61,0.16,0.24,0.164,19.74,20.02,18.41,2,Neutral
2184,18.93,42.3,441.0,668.0,1,1,0.42,0.65,0.44,0.102,19.32,18.57,18.78,1,Cool
2185,20.26,35.3,418.0,301.0,1,1,0.64,0.67,0.67,0.289,21.42,20.88,20.72,1,Cool
2186,26.3,59.9,400.0,20,0,1,0.39,0.17,0.55,0.36,26.57,26.65,25.79,2,Neutral
2187,21.42,56.3,632.0,158.0,1,0,0.74,0.25,0.14,0.201,21.22,22.48,21.53,2,Neutral
2188,19.46,49.7,400.0,20,0,1,0.59,0.8,0.43,0.106,19.26,19.31,19.15,2,Neutral
2189,27.22,70.0,400.0,20,0,0,1.0,0.58,0.46,0.096,27.45,27.32,26.99,3,Warm
2190,19.96,58.2,400.0,20,0,1,0.78,0.32,0.88,0.424,19.21,20.22,20.75,4,Hot
2191,21.71,37.7,400.0,20,0,0,0.87,0.74,0.26,0.055,21.35,20.76,21.28,2,Neutral
2192,20.55,61.6,480.0,345.0,1,0,0.22,0.65,0.13,0.449,20.36,22.18,20.47,2,Neutral
2193,19.9,35.7,400.0,20,0,1,0.5,0.94,0.49,0.3,19.15,20.3,20.2,3,Warm
2194,23.2,43.4,586.0,129.0,1,0,0.5,0.62,0.79,0.168,23.94,23.45,22.71,2,Neutral
2195,21.88,66.6,400.0,20,0,0,0.29,0.71,0.68,0.324,22.1,22.58,22.05,2,Neutral
2196,19.72,63.2,400.0,20,0,0,0.9,0.51,0.9,0.159,20.64,20.61,19.43,2,Neutral
2197,18.13,38.1,400.0,20,0,1,0.27,0.13,0.71,0.444,17.76,18.68,18.12,2,Neutral
2198,20.31,30.1,400.0,20,0,0,0.75,0.48,0.22,0.115,20.02,19.89,20.29,3,Warm
2199,20.46,34.4,523.0,698.0,1,1,0.47,0.1,0.75,0.165,20.37,19.85,20.77,2,Neutral
2200,26.8,55.5,545.0,592.0,1,1,0.04,0.03,0.19,0.388,26.61,26.95,26.42,3,Warm
2201,26.96,69.7,698.0,141.0,1,1,0.36,0.22,0.23,0.091,27.03,28.95,26.52,2,Neutral
2202,22.71,44.0,400.0,20,0,0,0.2,0.23,0.34,0.108,22.66,22.87,22.98,2,Neutral
2203,27.41,57.3,418.0,369.0,1,0,0.53,0.04,0.5,0.355,26.85,26.81,26.93,3,Warm
2204,18.51,36.6,400.0,20,0,0,0.79,1.0,0.87,0.168,20.28,19.63,18.61,2,Neutral
2205,19.8,51.8,735.0,459.0,1,0,0.72,0.05,0.97,0.444,19.75,19.45,19.35,3,Warm
2206,27.59,50.1,641.0,255.0,1,0,0.9,0.73,0.67,0.18,27.34,28.1,27.99,2,Neutral
2207,24.35,47.4,400.0,20,0,1,0.3,0.09,0.48,0.391,24.38,24.18,24.24,2,Neutral
2208,26.79,50.5,638.0,138.0,1,0,0.33,0.19,0.74,0.42,27.61,27.55,26.65,2,Neutral
2209,27.19,53.0,400.0,20,0,0,0.88,0.16,0.81,0.055,27.51,26.35,27.19,3,Warm
2210,26.13,35.2,400.0,20,0,0,0.18,0.81,0.89,0.23,26.79,26.97,26.26,2,Neutral
2211,27.18,47.7,658.0,543.0,1,0,0.81,0.47,0.87,0.384,27.87,26.63,27.44,2,Neutral
2212,26.96,54.4,592.0,486.0,1,1,0.28,0.76,0.13,0.179,28.15,27.72,26.99,1,Cool
2213,18.52,40.0,400.0,20,0,1,0.55,0.36,0.85,0.156,18.54,17.68,18.44,2,Neutral
2214,20.62,37.1,632.0,425.0,1,1,0.54,0.21,0.61,0.358,20.29,20.35,20.34,2,Neutral
2215,27.99,40.9,400.0,20,0,0,0.49,0.38,0.68,0.374,27.92,29.28,27.69,2,Neutral
2216,19.18,36.2,713.0,370.0,1,0,0.38,0.53,0.37,0.376,19.24,19.01,19.0,3,Warm
2217,18.67,45.9,575.0,488.0,1,1,0.57,0.98,0.1,0.06,18.25,18.1,18.28,1,Cool
2218,19.23,55.4,400.0,20,0,1,0.45,0.62,0.66,0.238,18.54,18.95,19.63,2,Neutral
2219,26.22,50.7,400.0,20,0,1,0.7,0.25,0.14,0.061,26.11,25.39,25.98,1,Cool
2220,18.84,45.8,400.0,20,0,1,0.41,0.93,0.74,0.329,19.03,19.24,19.15,2,Neutral
2221,19.12,30.6,526.0,509.0,1,1,0.73,0.69,0.63,0.257,18.87,19.56,18.94,2,Neutral
2222,19.72,46.3,400.0,20,0,0,0.23,0.44,0.64,0.095,18.72,19.56,19.7,4,Hot
2223,22.11,50.4,568.0,287.0,1,0,0.88,0.16,0.25,0.374,22.93,22.09,22.2,2,Neutral
2224,20.85,61.4,438.0,273.0,1,0,0.77,0.98,0.54,0.404,20.45,21.41,21.11,3,Warm
2225,20.14,67.3,508.0,339.0,1,1,0.73,0.94,0.72,0.168,20.39,19.84,20.36,0,Cold
2226,19.81,62.2,400.0,20,0,1,0.38,0.91,0.54,0.324,20.25,18.95,19.35,2,Neutral
2227,19.28,69.5,678.0,605.0,1,0,0.51,0.12,0.88,0.155,19.46,18.05,19.44,2,Neutral
2228,27.41,48.9,594.0,264.0,1,1,0.84,0.33,0.54,0.281,27.14,26.79,27.81,2,Neutral
2229,19.62,44.6,400.0,20,0,0,0.39,0.72,0.95,0.084,19.43,21.08,19.89,2,Neutral
2230,22.63,42.0,758.0,465.0,1,1,0.9,0.81,0.65,0.299,22.72,22.92,22.73,2,Neutral
2231,21.44,43.8,400.0,20,0,1,0.46,0.18,0.24,0.205,21.87,21.89,21.0,1,Cool
2232,20.32,57.3,549.0,212.0,1,0,0.33,0.75,0.56,0.178,21.66,21.1,20.42,2,Neutral
2233,19.47,48.7,400.0,20,0,0,0.66,0.11,0.08,0.141,20.1,17.72,19.54,2,Neutral
2234,19.27,54.4,478.0,268.0,1,0,0.87,0.16,0.93,0.06,20.0,19.01,19.6,2,Neutral
2235,24.92,35.0,400.0,20,0,0,0.55,0.97,0.81,0.31,25.7,25.64,25.09,4,Hot
2236,18.14,50.3,400.0,20,0,1,0.51,0.81,0.09,0.125,18.39,17.97,18.56,2,Neutral
2237,25.56,56.4,697.0,686.0,1,0,0.14,0.36,0.21,0.062,26.23,26.54,25.45,1,Cool
2238,27.17,50.3,400.0,20,0,0,0.27,0.04,0.59,0.106,27.35,28.36,27.48,2,Neutral
2239,22.55,64.9,403.0,245.0,1,1,0.54,0.76,0.76,0.409,23.44,22.05,22.37,1,Cool
2240,26.94,53.1,400.0,20,0,0,0.78,0.0,0.33,0.273,28.19,27.53,26.7,2,Neutral
2241,21.89,63.4,400.0,20,0,1,0.16,0.57,0.62,0.059,22.3,21.6,21.74,4,Hot
2242,21.17,69.0,716.0,112.0,1,1,0.95,0.48,0.84,0.164,21.77,20.48,21.53,2,Neutral
2243,26.29,58.3,400.0,20,0,1,0.96,0.45,0.08,0.082,25.55,25.56,26.51,2,Neutral
2244,19.82,41.2,400.0,20,0,0,0.74,0.4,0.4,0.338,19.16,20.38,19.77,2,Neutral
2245,22.68,63.3,623.0,307.0,1,1,0.63,0.0,0.68,0.193,21.88,23.43,23.16,1,Cool
2246,20.68,67.1,400.0,20,0,0,0.35,0.41,0.02,0.286,21.45,20.68,20.37,1,Cool
2247,27.38,55.5,531.0,587.0,1,1,0.95,0.73,0.67,0.173,26.66,27.54,27.57,1,Cool
2248,23.22,62.1,493.0,402.0,1,1,0.94,0.43,0.49,0.435,23.12,23.49,23.52,1,Cool
2249,20.09,38.5,400.0,20,0,1,1.0,0.87,0.82,0.072,19.7,20.49,20.53,2,Neutral
2250,24.54,30.2,400.0,20,0,1,0.21,0.6,0.82,0.202,24.92,23.96,24.54,4,Hot
2251,24.02,62.3,799.0,698.0,1,1,0.33,0.88,0.24,0.24,22.46,23.65,24.49,3,Warm
2252,21.2,53.9,518.0,112.0,1,1,0.86,0.25,0.66,0.42,20.52,20.81,21.2,4,Hot
2253,18.54,46.4,767.0,546.0,1,1,0.02,0.17,0.26,0.249,18.08,18.26,19.04,2,Neutral
2254,26.5,50.5,400.0,20,0,1,0.22,0.16,0.65,0.225,26.02,26.65,27.0,3,Warm
2255,21.63,53.6,522.0,157.0,1,0,0.5,0.5,0.53,0.34,21.88,21.84,21.65,3,Warm
2256,24.64,55.7,400.0,20,0,0,0.33,0.57,0.76,0.305,23.89,24.37,24.73,2,Neutral
2257,24.03,63.7,400.0,20,0,1,0.77,0.23,0.62,0.28,23.08,25.43,24.32,2,Neutral
2258,23.95,55.7,400.0,20,0,1,0.82,0.82,0.74,0.088,23.48,24.47,23.92,3,Warm
2259,22.54,39.6,400.0,20,0,1,0.86,0.85,0.67,0.186,22.12,22.26,22.18,2,Neutral
2260,20.44,66.8,400.0,20,0,0,0.11,0.67,0.86,0.438,21.49,20.96,21.03,2,Neutral
2261,20.84,53.8,400.0,20,0,1,0.6,0.58,0.86,0.347,20.44,20.73,20.5,2,Neutral
2262,25.8,39.4,707.0,365.0,1,0,0.41,0.04,0.94,0.424,25.98,26.38,25.65,2,Neutral
2263,26.52,63.5,400.0,20,0,0,0.9,0.1,0.57,0.07,27.18,26.49,27.27,3,Warm
2264,18.4,44.7,503.0,398.0,1,1,0.61,0.61,0.78,0.274,18.78,18.37,18.21,3,Warm
2265,21.32,35.6,506.0,424.0,1,1,0.92,0.32,0.33,0.412,20.82,20.69,21.54,2,Neutral
2266,26.22,62.5,400.0,20,0,0,0.2,0.94,0.52,0.213,26.43,26.09,25.94,2,Neutral
2267,18.36,47.7,400.0,20,0,0,0.32,0.61,0.16,0.434,17.21,18.83,18.32,1,Cool
2268,26.38,41.1,400.0,20,0,1,0.98,0.99,0.15,0.18,27.5,25.74,26.71,1,Cool
2269,24.65,56.6,400.0,20,0,0,0.52,0.14,0.25,0.444,24.14,25.34,24.81,2,Neutral
2270,24.7,37.5,400.0,20,0,1,0.06,0.03,0.81,0.372,23.9,24.07,24.55,2,Neutral
2271,18.17,31.9,421.0,136.0,1,1,0.98,0.39,0.99,0.196,17.7,19.16,18.27,1,Cool
2272,20.95,58.9,518.0,340.0,1,0,0.53,0.17,0.32,0.423,20.92,21.43,20.82,2,Neutral
2273,18.94,55.7,566.0,487.0,1,1,0.36,0.68,0.84,0.249,18.78,18.27,19.21,0,Cold
2274,18.68,41.1,617.0,246.0,1,0,0.95,0.49,0.12,0.172,18.06,19.95,18.79,2,Neutral
2275,18.56,35.4,409.0,427.0,1,0,0.46,0.12,0.74,0.404,18.67,18.02,18.6,2,Neutral
2276,27.63,53.1,400.0,20,0,0,0.88,0.54,0.2,0.254,28.19,25.39,27.86,2,Neutral
2277,22.35,68.3,550.0,235.0,1,0,0.15,0.24,0.46,0.193,22.97,23.58,22.81,0,Cold
2278,20.69,34.7,754.0,173.0,1,1,0.84,0.63,0.38,0.144,20.87,21.21,21.27,2,Neutral
2279,26.42,58.2,561.0,237.0,1,1,0.2,0.78,0.29,0.276,26.8,25.43,26.26,2,Neutral
2280,27.89,69.8,400.0,20,0,1,0.77,0.28,0.16,0.056,28.79,28.92,27.91,3,Warm
2281,24.15,40.4,467.0,463.0,1,1,0.92,0.42,0.92,0.328,23.78,22.46,23.86,2,Neutral
2282,23.9,59.6,400.0,20,0,0,0.7,0.8,0.87,0.071,23.32,24.64,23.38,2,Neutral
2283,24.11,31.5,706.0,329.0,1,1,0.23,0.73,0.43,0.395,24.22,24.21,24.33,2,Neutral
2284,26.47,30.7,633.0,499.0,1,0,0.6,0.1,0.23,0.381,26.51,26.52,26.59,1,Cool
2285,22.52,67.8,689.0,468.0,1,0,0.38,0.33,0.56,0.093,21.73,21.74,22.83,1,Cool
2286,24.15,32.9,549.0,348.0,1,0,0.06,0.99,0.28,0.379,23.68,24.53,24.43,2,Neutral
2287,19.5,31.7,447.0,555.0,1,0,0.06,0.53,0.46,0.345,19.52,21.65,19.75,2,Neutral
2288,24.16,55.9,400.0,20,0,0,0.78,0.11,0.02,0.423,24.39,23.04,24.28,4,Hot
2289,24.21,38.2,619.0,449.0,1,0,0.46,0.14,0.79,0.337,24.07,24.37,24.33,3,Warm
2290,24.03,58.1,508.0,195.0,1,1,0.73,0.37,0.32,0.305,23.79,24.65,24.4,1,Cool
2291,24.83,61.7,675.0,112.0,1,0,0.02,0.79,0.95,0.264,25.47,23.81,24.35,2,Neutral
2292,27.3,56.0,790.0,598.0,1,1,0.53,0.59,0.61,0.231,27.36,26.91,28.02,1,Cool
2293,25.27,43.1,400.0,20,0,1,0.07,0.97,0.1,0.207,25.28,25.31,25.54,2,Neutral
2294,27.62,42.2,739.0,548.0,1,0,0.92,0.6,0.61,0.344,27.59,27.04,27.68,2,Neutral
2295,27.13,64.8,667.0,230.0,1,0,0.96,0.93,0.34,0.177,27.25,25.96,27.05,2,Neutral
2296,19.18,57.4,442.0,132.0,1,1,0.68,0.27,0.15,0.418,18.75,19.62,18.94,3,Warm
2297,22.83,33.6,400.0,20,0,0,0.83,0.18,0.88,0.21,22.17,21.86,22.59,1,Cool
2298,27.79,40.0,550.0,641.0,1,0,0.37,0.2,0.32,0.108,27.24,26.7,28.02,1,Cool
2299,22.14,40.7,400.0,20,0,1,0.86,0.88,0.15,0.081,21.22,22.37,22.19,2,Neutral
2300,23.3,32.9,400.0,20,0,0,0.68,0.86,0.52,0.18,22.54,23.28,24.11,2,Neutral
2301,20.74,46.6,400.0,20,0,1,0.82,0.35,0.3,0.333,20.31,19.16,20.81,2,Neutral
2302,19.4,49.0,547.0,244.0,1,1,0.31,0.84,0.51,0.268,18.89,19.95,19.46,3,Warm
2303,26.57,55.8,400.0,20,0,0,0.18,0.83,0.91,0.294,26.74,25.45,26.35,1,Cool
2304,24.01,32.7,400.0,20,0,0,0.93,0.19,0.72,0.357,23.92,24.57,24.08,2,Neutral
2305,19.65,46.9,600.0,250.0,1,1,0.82,0.18,0.04,0.263,19.45,21.37,19.93,2,Neutral
2306,26.63,32.3,400.0,20,0,0,0.36,0.43,0.54,0.423,26.75,27.41,26.75,1,Cool
2307,25.74,62.8,579.0,487.0,1,0,0.96,0.56,1.0,0.071,25.66,27.3,25.48,2,Neutral
2308,20.2,40.6,729.0,584.0,1,1,0.68,0.2,0.89,0.186,20.2,19.29,20.2,2,Neutral
2309,20.47,46.2,400.0,20,0,1,0.56,0.17,0.98,0.073,19.86,19.62,20.9,2,Neutral
2310,24.74,32.0,793.0,414.0,1,0,0.63,0.92,0.98,0.223,24.77,23.9,24.26,2,Neutral
2311,22.95,55.0,400.0,20,0,0,0.95,0.28,0.84,0.436,23.17,21.76,23.39,2,Neutral
2312,22.54,62.1,435.0,635.0,1,1,0.16,0.95,0.49,0.378,22.38,22.88,22.55,2,Neutral
2313,27.54,38.4,400.0,20,0,0,0.3,0.36,0.68,0.137,26.87,27.85,28.16,3,Warm
2314,23.18,59.7,400.0,20,0,1,0.71,1.0,0.96,0.364,23.84,22.92,23.61,1,Cool
2315,21.08,64.4,691.0,621.0,1,0,0.41,0.91,0.99,0.114,19.99,22.61,21.15,2,Neutral
2316,23.81,68.6,506.0,123.0,1,0,0.07,0.64,0.63,0.249,23.28,24.65,23.77,2,Neutral
2317,27.53,36.5,639.0,681.0,1,1,0.8,0.57,0.01,0.09,28.0,26.7,27.17,2,Neutral
2318,24.83,33.4,400.0,20,0,1,0.75,0.84,0.34,0.449,24.17,26.02,25.53,2,Neutral
2319,19.45,56.8,598.0,556.0,1,1,0.6,0.18,0.06,0.327,18.9,18.14,19.24,4,Hot
2320,25.94,58.1,400.0,20,0,1,0.12,0.36,0.43,0.434,25.69,26.0,25.98,1,Cool
2321,19.49,63.2,400.0,20,0,1,0.52,0.05,0.38,0.353,19.7,20.0,19.92,2,Neutral
2322,19.68,38.0,400.0,20,0,1,0.36,0.17,0.76,0.402,19.2,19.48,19.26,1,Cool
2323,22.7,44.3,727.0,613.0,1,1,0.96,0.34,0.59,0.39,23.08,22.62,22.62,2,Neutral
2324,25.27,40.1,400.0,20,0,0,0.78,0.43,0.92,0.156,24.41,25.18,25.25,2,Neutral
2325,25.92,65.9,486.0,447.0,1,1,0.81,0.36,0.24,0.178,25.01,27.04,26.23,3,Warm
2326,20.27,53.4,426.0,117.0,1,1,0.14,0.45,0.53,0.216,19.95,22.16,20.47,2,Neutral
2327,22.9,64.3,400.0,20,0,1,0.62,0.02,0.13,0.372,22.98,22.87,23.11,2,Neutral
2328,21.02,53.9,533.0,473.0,1,0,0.34,0.71,0.93,0.086,21.66,22.16,21.22,3,Warm
2329,22.22,40.0,635.0,236.0,1,0,0.85,0.71,0.99,0.094,22.0,21.71,21.91,2,Neutral
2330,20.94,52.2,400.0,20,0,1,0.13,0.27,0.37,0.257,20.99,21.63,20.66,3,Warm
2331,18.79,53.1,766.0,294.0,1,1,0.63,0.97,0.62,0.075,19.28,18.97,18.5,2,Neutral
2332,21.59,49.4,499.0,313.0,1,0,0.02,0.44,0.45,0.329,21.47,21.1,21.28,4,Hot
2333,24.4,35.5,567.0,669.0,1,0,0.1,0.83,0.34,0.448,24.79,23.58,24.34,2,Neutral
2334,24.66,43.7,400.0,20,0,0,0.69,0.88,0.2,0.348,25.22,24.94,24.47,2,Neutral
2335,27.22,57.0,400.0,20,0,1,0.88,0.92,0.59,0.065,27.4,28.07,26.82,2,Neutral
2336,24.32,62.9,400.0,20,0,1,0.34,0.57,0.31,0.064,23.87,25.38,24.19,4,Hot
2337,23.83,37.1,400.0,20,0,0,0.03,0.69,0.99,0.302,23.57,23.59,24.09,1,Cool
2338,25.44,56.9,478.0,379.0,1,1,0.39,0.15,0.26,0.128,24.97,25.39,26.21,2,Neutral
2339,22.7,42.6,400.0,20,0,0,0.03,0.72,0.33,0.194,22.99,24.69,22.99,3,Warm
2340,23.9,56.1,463.0,146.0,1,1,0.93,0.43,0.98,0.082,23.54,23.31,24.01,2,Neutral
2341,18.9,69.1,400.0,20,0,0,0.64,0.37,0.37,0.249,19.83,19.08,19.33,2,Neutral
2342,19.69,30.3,400.0,20,0,0,0.19,0.89,0.81,0.393,19.28,19.93,19.33,2,Neutral
2343,20.93,44.8,400.0,20,0,1,0.39,0.58,0.86,0.166,20.69,22.45,21.1,2,Neutral
2344,25.28,65.1,579.0,355.0,1,1,0.27,0.35,0.02,0.153,24.8,26.49,24.9,2,Neutral
2345,18.06,59.2,400.0,20,0,0,0.78,0.84,0.3,0.19,18.48,19.54,17.84,1,Cool
2346,21.7,69.0,400.0,20,0,1,0.23,0.27,0.04,0.083,21.52,22.08,22.45,2,Neutral
2347,25.83,64.7,400.0,20,0,0,0.91,0.12,0.88,0.268,26.33,25.21,26.43,2,Neutral
2348,22.06,69.7,485.0,580.0,1,1,0.29,0.59,0.39,0.258,22.97,23.3,21.68,2,Neutral
2349,27.01,30.9,400.0,20,0,0,0.81,0.52,0.57,0.442,26.9,26.94,26.92,1,Cool
2350,25.53,49.1,761.0,162.0,1,0,0.75,0.66,0.75,0.302,25.45,25.22,25.54,2,Neutral
2351,23.14,67.9,400.0,20,0,0,0.83,0.74,0.49,0.129,23.52,22.06,23.8,2,Neutral
2352,23.81,50.1,400.0,20,0,0,0.03,0.02,0.18,0.448,24.0,22.99,24.01,3,Warm
2353,22.77,56.2,400.0,20,0,0,0.23,0.85,0.74,0.174,22.92,24.13,21.82,2,Neutral
2354,25.79,51.9,416.0,281.0,1,0,0.28,0.03,0.5,0.416,25.04,24.88,26.07,2,Neutral
2355,23.6,33.2,400.0,20,0,0,0.13,0.85,0.96,0.387,23.86,22.84,23.12,3,Warm
2356,18.1,60.3,478.0,675.0,1,1,0.28,0.84,0.32,0.198,17.85,17.58,18.08,2,Neutral
2357,20.09,56.1,549.0,552.0,1,0,0.92,0.23,0.5,0.133,19.86,20.81,19.7,3,Warm
2358,23.33,43.6,410.0,294.0,1,0,0.07,0.34,0.5,0.307,24.22,23.61,23.03,2,Neutral
2359,21.72,62.6,671.0,591.0,1,1,0.78,0.62,0.08,0.398,21.73,22.11,21.7,2,Neutral
2360,19.61,44.9,760.0,157.0,1,0,0.82,0.13,0.76,0.225,19.42,20.86,19.35,2,Neutral
2361,25.96,54.5,400.0,20,0,0,0.43,0.37,0.05,0.061,25.54,27.25,26.01,1,Cool
2362,21.45,44.7,400.0,20,0,1,0.32,0.57,0.0,0.404,20.87,21.85,21.84,2,Neutral
2363,21.08,63.2,400.0,20,0,1,0.3,0.4,0.51,0.356,20.56,22.9,20.67,2,Neutral
2364,25.45,31.9,400.0,20,0,0,0.58,0.13,0.21,0.092,25.17,25.17,25.64,2,Neutral
2365,18.47,54.4,584.0,133.0,1,1,0.35,0.01,0.57,0.345,17.23,17.5,18.36,2,Neutral
2366,27.1,46.3,470.0,434.0,1,0,0.61,0.9,0.46,0.324,28.05,26.31,27.02,2,Neutral
2367,23.34,53.4,505.0,386.0,1,0,0.5,0.23,0.42,0.128,23.7,22.49,23.13,4,Hot
2368,24.9,67.7,407.0,350.0,1,1,0.89,0.53,0.08,0.268,25.52,25.52,24.53,2,Neutral
2369,23.96,58.3,400.0,20,0,1,0.84,0.76,0.71,0.221,22.69,24.74,23.97,2,Neutral
2370,28.0,47.5,400.0,20,0,0,0.19,0.79,0.08,0.101,27.68,28.33,28.07,2,Neutral
2371,22.67,32.6,400.0,20,0,1,0.67,0.08,0.7,0.31,22.78,22.01,22.03,3,Warm
2372,19.67,62.7,400.0,20,0,1,0.79,0.08,0.6,0.077,20.36,19.04,20.06,2,Neutral
2373,20.42,57.0,400.0,20,0,0,0.31,0.67,0.74,0.198,20.11,20.16,20.79,2,Neutral
2374,18.84,52.8,632.0,438.0,1,0,0.63,0.4,0.69,0.159,19.06,17.57,19.03,1,Cool
2375,20.22,49.0,437.0,485.0,1,0,0.2,0.5,0.79,0.083,20.37,21.57,20.18,3,Warm
2376,22.98,38.2,400.0,20,0,1,0.3,0.61,0.6,0.318,23.09,22.93,23.13,1,Cool
2377,21.57,63.0,645.0,499.0,1,1,0.84,0.5,0.1,0.179,21.05,22.58,21.38,2,Neutral
2378,20.93,47.4,539.0,417.0,1,0,0.57,0.76,0.96,0.148,20.44,21.44,21.02,2,Neutral
2379,23.91,65.0,636.0,348.0,1,0,0.55,0.63,0.71,0.296,23.74,22.57,23.87,2,Neutral
2380,26.05,45.9,400.0,20,0,1,0.35,0.15,0.94,0.262,25.97,25.81,26.39,2,Neutral
2381,21.24,68.6,400.0,20,0,1,0.79,0.82,0.74,0.319,21.56,21.1,21.01,2,Neutral
2382,23.3,38.8,400.0,20,0,0,0.84,0.01,0.74,0.079,22.53,23.19,23.59,2,Neutral
2383,22.03,49.8,456.0,235.0,1,1,0.3,0.0,0.35,0.145,21.53,21.17,22.45,2,Neutral
2384,20.78,35.9,752.0,607.0,1,1,0.38,0.44,0.54,0.344,20.7,22.31,20.68,2,Neutral
2385,19.09,57.6,400.0,20,0,0,0.07,0.2,0.99,0.103,19.51,18.21,18.97,2,Neutral
2386,21.59,37.3,400.0,20,0,1,0.3,0.23,0.92,0.348,22.59,20.76,22.34,3,Warm
2387,18.55,55.1,752.0,660.0,1,1,0.75,0.51,0.68,0.095,18.88,18.31,18.69,2,Neutral
2388,24.56,43.6,400.0,20,0,1,0.63,0.83,0.48,0.329,25.3,26.98,25.36,1,Cool
2389,20.91,68.2,663.0,290.0,1,0,0.47,0.92,0.03,0.354,21.3,20.83,21.03,2,Neutral
2390,19.36,68.5,400.0,20,0,0,0.66,0.38,0.48,0.081,19.55,20.48,19.41,3,Warm
2391,19.42,47.4,663.0,468.0,1,0,0.16,0.4,0.25,0.056,19.53,18.67,20.27,0,Cold
2392,22.28,42.1,400.0,20,0,1,0.73,0.05,0.15,0.106,20.96,23.12,22.96,2,Neutral
2393,24.08,39.3,797.0,427.0,1,0,0.31,0.62,0.65,0.2,24.07,21.94,23.4,3,Warm
2394,18.49,43.3,400.0,20,0,1,0.92,0.16,0.74,0.22,17.84,18.66,18.26,3,Warm
2395,22.8,54.9,400.0,20,0,0,0.51,0.96,0.2,0.292,23.22,24.02,22.94,3,Warm
2396,24.77,40.7,400.0,20,0,0,0.52,0.02,0.54,0.104,25.36,26.13,24.97,2,Neutral
2397,18.26,54.2,400.0,20,0,0,0.94,0.27,0.48,0.38,16.72,18.61,18.98,2,Neutral
2398,25.68,48.6,400.0,20,0,1,0.32,0.75,0.62,0.322,25.22,26.34,26.07,2,Neutral
2399,20.66,49.0,642.0,591.0,1,0,0.66,0.56,0.44,0.444,21.48,20.36,20.68,2,Neutral
2400,21.36,62.0,400.0,20,0,1,0.1,0.6,0.66,0.096,22.26,21.86,21.0,2,Neutral
2401,21.86,69.8,734.0,575.0,1,1,0.39,0.61,0.08,0.199,21.41,22.5,21.84,0,Cold
2402,21.5,60.7,602.0,163.0,1,0,0.35,0.31,0.71,0.268,20.71,21.1,21.12,2,Neutral
2403,24.98,33.5,653.0,600.0,1,0,0.44,0.68,0.79,0.117,24.26,23.99,24.61,1,Cool
2404,26.56,54.1,400.0,20,0,0,0.78,0.64,0.95,0.222,27.12,26.42,26.23,2,Neutral
2405,27.23,35.6,400.0,20,0,1,0.96,0.68,0.52,0.33,26.81,27.72,27.49,2,Neutral
2406,27.37,46.8,445.0,141.0,1,0,0.81,0.2,0.01,0.078,27.39,27.58,26.89,2,Neutral
2407,26.97,43.7,400.0,20,0,1,0.42,0.18,0.89,0.076,27.11,28.16,26.52,2,Neutral
2408,20.86,43.9,400.0,20,0,1,0.03,0.52,0.28,0.212,19.37,19.44,20.93,3,Warm
2409,22.71,38.1,400.0,20,0,0,0.42,0.56,0.65,0.307,22.99,22.42,22.95,3,Warm
2410,20.35,36.8,400.0,20,0,0,0.77,0.11,0.02,0.436,19.85,18.95,20.49,3,Warm
2411,23.84,64.6,400.0,20,0,1,0.82,0.52,0.38,0.274,24.19,23.85,23.54,2,Neutral
2412,18.77,63.6,705.0,583.0,1,0,0.57,0.84,0.81,0.34,18.62,18.85,18.62,2,Neutral
2413,26.73,47.3,400.0,20,0,0,0.72,0.52,0.61,0.375,26.73,27.13,26.15,2,Neutral
2414,20.15,63.6,759.0,227.0,1,0,0.12,0.22,0.05,0.425,20.89,19.69,19.81,2,Neutral
2415,22.41,53.8,400.0,20,0,1,0.83,0.42,0.02,0.339,22.09,21.62,22.49,3,Warm
2416,26.52,64.5,436.0,287.0,1,1,0.51,0.4,0.69,0.308,26.39,26.0,26.71,2,Neutral
2417,25.51,67.2,709.0,263.0,1,0,0.45,0.97,0.99,0.079,26.08,26.37,25.12,2,Neutral
2418,22.88,42.3,615.0,533.0,1,0,0.28,0.8,0.79,0.302,23.62,23.2,22.66,2,Neutral
2419,21.99,30.3,400.0,20,0,1,0.03,0.92,0.55,0.181,21.23,21.42,21.85,2,Neutral
2420,25.31,61.5,553.0,519.0,1,0,0.67,1.0,0.39,0.425,26.18,25.69,25.0,2,Neutral
2421,21.94,46.3,400.0,20,0,1,0.17,0.41,0.23,0.107,22.3,21.55,21.55,2,Neutral
2422,25.85,65.1,683.0,596.0,1,1,0.48,0.02,0.81,0.054,25.77,25.23,25.78,2,Neutral
2423,23.68,42.6,400.0,20,0,0,0.58,0.25,0.37,0.221,24.24,21.48,23.65,1,Cool
2424,26.45,55.7,474.0,286.0,1,1,0.14,0.38,0.06,0.108,25.5,24.62,26.3,2,Neutral
2425,24.09,63.3,654.0,260.0,1,1,0.65,0.37,0.83,0.421,24.18,22.49,24.56,1,Cool
2426,24.68,52.0,400.0,20,0,1,0.6,0.43,0.59,0.319,23.96,25.66,24.46,1,Cool
2427,21.15,61.2,400.0,20,0,0,0.89,0.72,0.9,0.383,20.73,20.01,21.29,2,Neutral
2428,25.42,49.8,400.0,20,0,0,0.99,0.23,0.52,0.062,25.18,25.45,25.4,2,Neutral
2429,27.35,63.8,400.0,20,0,1,0.96,0.73,0.04,0.196,27.9,27.63,27.92,1,Cool
2430,19.28,57.8,400.0,20,0,0,0.25,0.69,0.07,0.28,19.17,19.41,19.08,2,Neutral
2431,25.73,30.1,400.0,20,0,0,0.35,0.74,0.02,0.063,25.56,26.45,26.14,2,Neutral
2432,27.2,56.0,400.0,20,0,1,0.39,0.03,0.16,0.099,26.31,28.96,26.93,2,Neutral
2433,22.23,64.4,414.0,519.0,1,1,0.02,0.77,0.99,0.201,22.96,21.46,22.02,2,Neutral
2434,24.19,61.6,400.0,20,0,0,0.32,0.0,0.74,0.268,23.23,23.91,24.19,2,Neutral
2435,19.15,49.0,747.0,650.0,1,1,0.36,0.25,0.97,0.318,17.32,20.46,18.86,2,Neutral
2436,20.87,48.8,400.0,20,0,0,0.8,0.22,0.29,0.051,19.76,20.9,21.35,2,Neutral
2437,21.5,63.0,496.0,673.0,1,1,0.79,0.98,0.51,0.184,22.03,21.27,21.06,2,Neutral
2438,24.52,38.7,637.0,481.0,1,1,0.67,0.52,0.23,0.315,24.32,26.6,24.99,2,Neutral
2439,22.48,63.2,400.0,20,0,0,0.73,0.92,0.58,0.331,21.77,22.14,22.24,1,Cool
2440,19.62,67.7,400.0,20,0,1,0.86,0.23,0.2,0.217,19.29,20.08,19.23,4,Hot
2441,24.89,49.6,400.0,20,0,1,0.97,0.06,0.06,0.183,25.03,23.95,24.53,2,Neutral
2442,24.45,38.5,400.0,20,0,0,0.36,1.0,0.47,0.402,25.04,23.88,24.75,2,Neutral
2443,27.89,37.0,400.0,20,0,1,0.59,0.56,0.73,0.384,28.59,28.57,27.23,4,Hot
2444,20.38,61.4,798.0,661.0,1,0,0.35,0.61,0.94,0.106,20.21,19.56,20.83,0,Cold
2445,21.45,51.3,647.0,646.0,1,0,0.19,0.7,0.98,0.318,21.92,21.01,21.84,2,Neutral
2446,23.7,62.5,668.0,254.0,1,0,0.84,0.37,0.79,0.364,24.3,23.85,23.09,1,Cool
2447,24.85,31.8,491.0,174.0,1,0,0.25,0.01,0.82,0.283,26.52,24.63,24.87,2,Neutral
2448,26.18,48.9,527.0,342.0,1,1,0.44,0.94,0.94,0.065,25.14,26.12,26.03,3,Warm
2449,25.8,70.0,400.0,20,0,1,0.88,0.24,0.75,0.402,24.96,25.68,25.85,2,Neutral
2450,24.66,37.4,667.0,214.0,1,0,0.21,0.49,0.86,0.153,25.79,24.59,24.64,2,Neutral
2451,24.87,60.1,400.0,20,0,1,0.91,0.32,0.06,0.341,24.6,25.92,24.87,2,Neutral
2452,26.97,30.1,400.0,20,0,0,0.71,0.08,0.78,0.392,27.99,27.99,26.83,2,Neutral
2453,18.32,31.1,400.0,20,0,0,0.62,0.32,0.46,0.2,18.3,18.28,18.54,2,Neutral
2454,21.55,51.2,400.0,20,0,1,0.54,0.2,0.3,0.342,21.46,19.13,21.38,2,Neutral
2455,20.36,42.2,400.0,20,0,0,0.6,0.34,0.04,0.201,19.85,19.27,20.58,0,Cold
2456,27.76,43.2,629.0,162.0,1,1,0.16,0.25,0.69,0.385,27.85,27.12,27.66,2,Neutral
2457,21.43,49.2,585.0,296.0,1,0,0.02,0.48,0.45,0.051,21.86,21.63,21.01,2,Neutral
2458,20.23,47.0,478.0,533.0,1,0,0.91,0.5,0.61,0.222,21.31,21.78,19.76,2,Neutral
2459,22.14,38.7,400.0,20,0,0,0.02,0.4,0.13,0.35,22.57,23.79,21.92,2,Neutral
2460,26.5,51.5,668.0,199.0,1,1,0.51,0.91,0.26,0.304,26.24,25.98,25.75,0,Cold
2461,20.7,64.3,400.0,20,0,0,0.32,0.43,0.02,0.405,20.22,21.63,20.68,1,Cool
2462,23.19,67.2,776.0,113.0,1,1,0.51,0.44,0.44,0.434,22.35,21.63,23.42,3,Warm
2463,20.28,51.4,400.0,20,0,1,0.95,0.69,0.4,0.356,19.47,21.35,21.05,2,Neutral
2464,20.63,30.4,400.0,20,0,0,0.43,0.77,0.34,0.266,20.9,21.06,20.26,3,Warm
2465,23.92,53.8,400.0,20,0,0,0.19,0.58,0.77,0.231,23.51,26.45,24.1,2,Neutral
2466,22.95,37.1,400.0,20,0,0,0.2,0.8,0.66,0.312,22.9,21.92,23.3,2,Neutral
2467,21.05,67.3,750.0,560.0,1,0,0.04,0.3,0.36,0.405,20.73,20.52,21.22,2,Neutral
2468,27.14,69.5,400.0,20,0,1,0.77,0.94,0.73,0.207,26.31,27.69,26.97,4,Hot
2469,27.76,54.3,649.0,313.0,1,1,0.78,0.85,0.61,0.271,28.38,27.6,27.67,0,Cold
2470,23.92,34.4,400.0,20,0,0,0.55,0.02,0.35,0.275,23.61,22.31,24.77,2,Neutral
2471,18.93,39.2,400.0,20,0,0,0.7,0.23,0.88,0.227,19.72,18.81,18.68,1,Cool
2472,18.68,32.3,400.0,20,0,0,0.44,0.25,0.49,0.059,18.09,18.58,19.03,2,Neutral
2473,26.5,35.6,400.0,20,0,1,0.87,0.73,0.55,0.361,26.86,27.87,26.78,2,Neutral
2474,18.44,36.8,400.0,20,0,0,0.01,0.55,0.01,0.218,18.87,19.3,18.34,2,Neutral
2475,22.73,63.5,400.0,20,0,0,0.76,0.22,0.97,0.168,22.56,22.4,23.26,3,Warm
2476,22.73,54.7,622.0,677.0,1,1,0.8,0.16,0.9,0.38,23.08,23.89,22.7,2,Neutral
2477,22.32,53.2,400.0,20,0,1,0.78,0.62,0.49,0.351,21.83,21.72,23.15,2,Neutral
2478,21.93,59.3,400.0,20,0,1,0.77,0.15,0.18,0.447,22.19,19.77,21.78,3,Warm
2479,27.56,36.7,400.0,20,0,0,0.81,0.13,0.98,0.371,28.81,26.68,27.7,2,Neutral
2480,18.2,40.8,400.0,20,0,1,0.43,0.51,0.59,0.33,17.5,18.15,18.46,2,Neutral
2481,27.38,49.7,400.0,20,0,1,0.25,0.48,0.44,0.441,27.8,27.92,27.11,2,Neutral
2482,25.01,64.1,400.0,20,0,1,0.35,0.16,0.9,0.063,24.82,25.33,25.38,2,Neutral
2483,24.32,43.7,400.0,20,0,1,0.09,0.77,0.9,0.341,24.82,25.29,24.58,2,Neutral
2484,22.37,45.7,429.0,204.0,1,0,0.19,0.48,0.72,0.329,22.39,21.96,22.75,2,Neutral
2485,19.44,45.2,443.0,674.0,1,1,1.0,0.99,0.34,0.391,19.21,20.89,19.25,2,Neutral
2486,23.44,40.0,400.0,20,0,1,0.38,0.14,0.83,0.187,23.47,23.77,23.12,2,Neutral
2487,27.81,56.8,472.0,688.0,1,0,0.82,0.23,0.74,0.144,26.57,27.96,27.9,3,Warm
2488,20.11,30.4,757.0,109.0,1,0,0.14,0.59,0.08,0.185,19.72,21.45,19.48,2,Neutral
2489,21.21,48.8,400.0,20,0,1,0.19,0.38,0.29,0.258,22.09,21.9,21.16,2,Neutral
2490,21.56,37.6,400.0,20,0,0,0.84,0.95,0.7,0.236,22.03,21.43,21.29,2,Neutral
2491,23.76,69.7,705.0,632.0,1,1,0.29,0.25,0.7,0.261,23.62,25.06,23.7,1,Cool
2492,18.02,36.3,400.0,20,0,1,0.06,0.63,0.79,0.148,17.76,18.38,17.99,3,Warm
2493,26.59,59.9,400.0,20,0,0,0.36,0.16,0.65,0.092,26.29,27.05,26.62,2,Neutral
2494,24.71,53.7,400.0,20,0,1,0.42,0.08,1.0,0.334,24.63,24.38,24.45,3,Warm
2495,27.09,53.7,400.0,20,0,0,0.46,0.17,0.96,0.14,26.89,26.26,27.21,1,Cool
2496,26.48,33.9,400.0,20,0,1,0.48,0.64,0.18,0.425,26.39,25.03,26.52,2,Neutral
2497,26.25,42.4,400.0,20,0,0,0.74,0.67,0.07,0.298,26.22,26.52,26.57,1,Cool
2498,20.59,58.1,400.0,20,0,1,0.61,0.06,0.75,0.222,22.01,21.01,20.86,2,Neutral
2499,22.46,34.6,502.0,679.0,1,1,0.62,0.35,0.68,0.403,21.55,21.86,22.38,3,Warm
2500,23.98,37.5,723.0,418.0,1,0,0.11,0.82,0.57,0.217,22.19,24.18,23.9,3,Warm
2501,20.4,40.4,759.0,160.0,1,1,0.8,0.65,0.04,0.357,20.44,21.67,20.51,2,Neutral
2502,18.94,64.3,400.0,20,0,1,0.93,0.73,0.52,0.061,18.64,19.01,19.25,1,Cool
2503,18.81,36.1,400.0,20,0,0,0.65,0.84,0.41,0.235,18.9,19.84,18.84,2,Neutral
2504,25.88,46.1,565.0,692.0,1,1,0.5,0.69,0.86,0.236,26.03,27.62,25.56,2,Neutral
2505,24.43,62.5,531.0,434.0,1,0,0.93,0.4,0.5,0.179,25.07,24.98,24.29,3,Warm
2506,23.92,62.6,400.0,20,0,0,0.27,0.18,0.13,0.153,23.75,21.76,23.96,2,Neutral
2507,23.02,49.3,400.0,20,0,1,0.13,0.16,0.1,0.05,22.9,22.75,23.7,2,Neutral
2508,26.84,43.3,400.0,20,0,1,0.42,0.54,0.3,0.296,26.55,26.95,27.09,0,Cold
2509,26.95,63.4,458.0,497.0,1,1,0.45,0.7,0.46,0.331,27.26,27.08,26.51,2,Neutral
2510,19.3,69.2,400.0,20,0,0,0.65,0.73,0.43,0.409,19.58,19.86,18.67,3,Warm
2511,23.8,66.7,435.0,103.0,1,1,0.57,0.56,0.17,0.126,23.59,23.52,23.76,2,Neutral
2512,27.77,65.5,608.0,427.0,1,0,0.99,0.44,0.49,0.125,27.18,29.05,27.46,2,Neutral
2513,19.0,67.1,769.0,541.0,1,1,0.67,0.07,0.7,0.37,19.0,17.45,19.01,1,Cool
2514,19.49,62.7,400.0,20,0,0,0.03,0.34,0.77,0.377,20.98,18.67,19.47,4,Hot
2515,21.72,43.0,792.0,440.0,1,0,0.91,0.05,0.19,0.182,21.71,21.44,22.11,1,Cool
2516,26.43,48.5,400.0,20,0,0,0.95,0.3,0.64,0.381,25.87,26.34,26.26,2,Neutral
2517,25.22,48.0,585.0,690.0,1,1,0.68,0.68,0.26,0.221,25.29,24.62,25.03,2,Neutral
2518,24.61,41.0,400.0,20,0,0,0.83,0.17,0.3,0.397,23.93,24.41,25.01,0,Cold
2519,23.1,47.6,681.0,658.0,1,1,0.87,0.14,0.94,0.098,22.96,24.16,23.24,0,Cold
2520,27.57,50.2,749.0,109.0,1,0,0.66,0.93,0.86,0.23,27.5,28.32,26.99,2,Neutral
2521,26.33,33.2,643.0,653.0,1,1,0.7,0.8,0.91,0.313,26.46,26.28,26.28,0,Cold
2522,24.69,54.2,653.0,693.0,1,0,0.81,0.7,0.33,0.313,24.95,25.94,24.64,2,Neutral
2523,19.83,36.9,736.0,347.0,1,1,0.53,0.96,0.46,0.322,19.62,20.77,19.71,2,Neutral
2524,18.69,48.0,506.0,330.0,1,0,0.23,0.28,0.6,0.401,18.79,18.03,18.76,2,Neutral
2525,19.73,46.4,753.0,475.0,1,1,0.86,0.99,0.14,0.058,19.85,19.48,19.61,2,Neutral
2526,26.78,35.0,400.0,20,0,0,0.88,0.79,0.83,0.192,26.54,27.23,27.25,3,Warm
2527,19.72,52.2,632.0,632.0,1,1,0.09,0.57,0.87,0.087,19.07,20.21,18.97,2,Neutral
2528,21.72,51.6,519.0,584.0,1,1,0.02,0.36,0.65,0.186,21.27,21.69,21.39,2,Neutral
2529,20.36,52.3,434.0,125.0,1,1,0.13,0.06,0.44,0.12,20.5,19.59,20.38,4,Hot
2530,27.19,30.9,599.0,372.0,1,0,0.33,0.7,0.12,0.304,26.88,26.89,27.64,3,Warm
2531,18.56,67.0,548.0,248.0,1,0,0.81,0.3,0.25,0.163,18.98,18.55,18.02,2,Neutral
2532,20.65,42.5,400.0,20,0,0,0.51,0.02,0.66,0.445,21.24,19.89,20.75,3,Warm
2533,26.24,48.1,491.0,118.0,1,0,0.74,0.32,0.02,0.074,25.82,27.71,26.74,2,Neutral
2534,19.77,43.8,436.0,428.0,1,1,0.22,0.46,0.09,0.097,19.53,19.92,20.11,2,Neutral
2535,25.85,37.1,524.0,501.0,1,1,0.96,0.31,0.64,0.253,26.44,26.36,25.98,2,Neutral
2536,27.99,33.3,521.0,485.0,1,0,0.95,0.49,0.27,0.081,28.36,28.55,27.86,1,Cool
2537,25.87,36.2,541.0,576.0,1,1,0.32,0.18,0.22,0.057,24.22,25.12,25.8,2,Neutral
2538,19.82,68.6,715.0,328.0,1,1,0.58,0.35,0.75,0.147,20.41,20.51,19.58,2,Neutral
2539,19.21,56.0,400.0,20,0,1,0.34,0.69,0.41,0.265,18.83,18.16,19.65,2,Neutral
2540,22.15,43.8,400.0,20,0,0,0.52,0.38,0.45,0.064,22.43,23.61,21.72,3,Warm
2541,23.42,33.2,400.0,20,0,1,0.72,0.55,0.55,0.256,23.71,23.48,23.65,3,Warm
2542,20.29,68.5,796.0,416.0,1,1,0.4,0.02,0.15,0.287,19.7,21.14,20.33,2,Neutral
2543,20.27,34.8,725.0,551.0,1,1,0.14,0.89,0.22,0.41,21.41,20.31,20.69,3,Warm
2544,25.81,44.8,400.0,20,0,1,0.54,0.16,0.22,0.336,25.63,27.58,25.7,2,Neutral
2545,19.78,53.0,400.0,20,0,0,0.27,0.46,0.63,0.366,19.77,20.22,19.88,2,Neutral
2546,25.82,53.3,400.0,20,0,1,0.86,0.17,0.6,0.44,25.61,25.08,25.79,2,Neutral
2547,22.97,51.0,400.0,20,0,1,0.61,0.25,0.07,0.14,22.39,21.71,22.4,1,Cool
2548,26.17,45.9,585.0,340.0,1,1,0.2,0.83,0.51,0.191,25.76,25.99,25.84,2,Neutral
2549,19.09,63.7,400.0,20,0,0,0.2,0.65,0.77,0.292,18.2,19.47,19.04,2,Neutral
2550,26.64,67.6,729.0,385.0,1,0,0.14,0.33,0.09,0.095,26.87,26.21,27.2,2,Neutral
2551,20.4,50.6,574.0,395.0,1,1,0.6,0.22,0.78,0.359,20.52,19.46,20.28,2,Neutral
2552,26.61,37.9,400.0,20,0,0,0.82,0.9,0.92,0.367,25.57,26.4,26.03,2,Neutral
2553,24.02,61.3,400.0,20,0,0,0.72,0.45,0.85,0.221,24.45,25.42,23.99,2,Neutral
2554,24.97,51.2,400.0,20,0,0,0.47,0.52,0.78,0.431,24.53,24.91,24.96,3,Warm
2555,27.9,46.6,736.0,537.0,1,1,0.53,0.2,0.39,0.178,27.56,27.63,28.22,2,Neutral
2556,21.15,51.2,780.0,535.0,1,1,0.31,0.02,0.49,0.201,20.59,21.85,20.77,1,Cool
2557,22.2,58.9,464.0,312.0,1,0,0.87,0.62,0.38,0.148,22.94,22.62,22.62,1,Cool
2558,23.29,49.8,490.0,297.0,1,0,0.49,0.8,0.59,0.397,23.12,23.76,24.07,4,Hot
2559,27.37,57.3,400.0,20,0,0,0.13,0.94,0.17,0.236,27.8,26.54,27.59,2,Neutral
2560,24.95,64.7,404.0,603.0,1,1,0.05,0.38,0.91,0.06,25.99,23.23,24.79,1,Cool
2561,22.54,52.9,400.0,20,0,1,0.04,0.96,0.27,0.29,21.94,23.4,21.94,1,Cool
2562,26.49,31.5,676.0,247.0,1,0,0.3,0.8,0.99,0.08,26.9,27.65,26.71,2,Neutral
2563,22.65,65.7,400.0,20,0,0,0.74,0.87,0.97,0.104,22.45,24.39,23.14,3,Warm
2564,22.89,47.4,486.0,270.0,1,1,0.05,0.12,0.89,0.371,22.69,22.21,23.33,0,Cold
2565,19.07,47.4,400.0,20,0,1,0.32,0.07,0.16,0.14,18.67,18.65,18.98,2,Neutral
2566,19.18,38.4,736.0,181.0,1,0,0.6,0.58,0.18,0.058,20.42,18.31,19.14,2,Neutral
2567,23.84,33.8,437.0,360.0,1,0,0.36,0.82,0.78,0.207,24.68,23.95,23.72,1,Cool
2568,27.53,67.6,527.0,579.0,1,1,0.55,0.03,0.92,0.408,27.66,27.49,27.81,2,Neutral
2569,27.64,33.9,772.0,685.0,1,0,0.34,0.59,0.44,0.407,27.12,28.09,27.93,1,Cool
2570,25.29,39.5,400.0,20,0,1,0.74,0.33,0.83,0.423,25.95,24.18,24.77,2,Neutral
2571,26.04,53.3,562.0,634.0,1,1,0.34,0.44,0.38,0.431,25.41,25.73,25.81,2,Neutral
2572,18.8,62.0,400.0,20,0,1,0.92,0.07,0.59,0.062,19.08,19.19,18.47,2,Neutral
2573,22.85,59.3,400.0,20,0,1,0.85,0.74,0.26,0.119,23.27,22.79,22.71,2,Neutral
2574,19.16,64.2,400.0,20,0,0,0.56,0.02,0.13,0.123,19.31,18.96,19.03,3,Warm
2575,22.49,49.4,400.0,20,0,0,0.96,0.34,0.01,0.054,21.51,22.47,22.68,2,Neutral
2576,21.9,39.6,400.0,20,0,1,0.93,0.1,0.58,0.438,21.29,23.17,22.46,2,Neutral
2577,24.33,47.1,530.0,588.0,1,0,0.56,0.39,0.6,0.139,24.13,26.46,24.76,2,Neutral
2578,20.3,35.8,400.0,20,0,1,0.35,0.23,0.24,0.196,20.58,20.14,19.92,3,Warm
2579,26.65,64.2,624.0,660.0,1,0,0.68,0.92,0.34,0.076,26.04,27.75,26.73,2,Neutral
2580,23.1,37.9,400.0,20,0,0,0.97,0.83,0.61,0.128,23.39,22.05,22.7,2,Neutral
2581,26.07,46.4,400.0,20,0,0,0.08,0.6,0.59,0.209,24.72,26.0,26.31,1,Cool
2582,22.11,54.9,400.0,20,0,1,0.11,0.13,0.46,0.08,22.03,22.25,22.15,2,Neutral
2583,24.44,33.2,400.0,20,0,0,0.22,0.2,0.03,0.093,24.73,24.64,24.56,2,Neutral
2584,25.64,51.7,440.0,324.0,1,1,0.54,0.7,0.53,0.134,24.94,26.99,26.01,3,Warm
2585,19.05,52.1,660.0,137.0,1,1,0.36,0.41,0.95,0.207,18.77,20.1,19.07,1,Cool
2586,23.49,36.7,595.0,161.0,1,0,1.0,0.52,0.24,0.135,23.36,23.16,23.18,2,Neutral
2587,20.84,50.0,431.0,519.0,1,1,0.32,0.2,0.19,0.353,20.85,20.87,21.34,2,Neutral
2588,22.87,62.3,400.0,20,0,1,0.34,0.95,0.06,0.087,22.9,21.7,23.36,1,Cool
2589,19.02,44.2,400.0,20,0,0,0.35,0.64,0.6,0.223,18.73,19.9,19.22,2,Neutral
2590,23.66,38.6,641.0,567.0,1,0,0.41,0.92,0.23,0.326,24.43,24.8,23.19,2,Neutral
2591,18.57,65.2,602.0,640.0,1,1,0.18,0.92,0.77,0.43,17.96,19.59,18.45,3,Warm
2592,18.08,67.3,485.0,482.0,1,1,0.54,0.74,0.27,0.241,17.6,17.35,17.66,2,Neutral
2593,21.44,34.2,400.0,20,0,0,0.58,0.01,0.22,0.423,21.44,22.05,21.67,2,Neutral
2594,20.39,43.0,783.0,171.0,1,1,0.69,0.38,0.98,0.212,20.58,20.75,20.06,2,Neutral
2595,20.05,49.7,541.0,426.0,1,1,0.91,0.4,0.04,0.185,19.59,19.61,20.26,2,Neutral
2596,22.57,40.9,400.0,20,0,0,0.53,0.78,0.95,0.318,21.65,22.61,23.12,3,Warm
2597,27.37,42.4,406.0,240.0,1,0,0.25,0.36,0.67,0.132,27.08,26.9,27.07,3,Warm
2598,21.47,61.6,402.0,470.0,1,1,0.52,0.88,0.63,0.344,21.42,21.67,21.46,2,Neutral
2599,19.28,39.8,691.0,584.0,1,1,0.62,0.15,0.15,0.058,18.43,18.94,19.14,1,Cool
2600,22.84,69.4,400.0,20,0,0,0.29,0.38,0.22,0.245,23.01,22.38,23.29,2,Neutral
2601,22.56,33.7,674.0,336.0,1,1,0.01,0.18,0.47,0.328,21.88,23.28,22.53,3,Warm
2602,20.75,48.9,400.0,20,0,0,0.34,0.35,0.84,0.438,20.7,22.43,20.69,3,Warm
2603,20.71,50.8,400.0,20,0,1,0.31,0.22,0.32,0.177,20.42,20.76,20.88,3,Warm
2604,24.93,61.9,797.0,415.0,1,1,0.24,0.65,0.21,0.314,24.81,25.33,24.7,3,Warm
2605,19.33,44.7,615.0,112.0,1,1,0.73,0.31,0.67,0.303,19.82,20.31,19.32,2,Neutral
2606,27.04,52.7,480.0,252.0,1,0,0.14,0.87,0.99,0.186,27.23,27.01,27.35,3,Warm
2607,25.92,45.4,400.0,20,0,1,0.84,0.39,0.72,0.363,26.76,26.56,26.48,2,Neutral
2608,21.75,61.6,400.0,20,0,0,0.04,0.28,0.9,0.203,21.06,21.23,22.35,2,Neutral
2609,25.11,52.0,400.0,20,0,1,0.25,0.91,0.08,0.305,25.22,26.26,25.68,2,Neutral
2610,19.8,42.9,400.0,20,0,0,0.09,0.83,0.84,0.196,18.93,19.97,19.24,1,Cool
2611,20.07,68.9,482.0,415.0,1,1,0.28,0.83,0.17,0.266,20.46,19.58,20.21,3,Warm
2612,25.21,64.0,400.0,20,0,0,0.39,0.0,0.94,0.19,25.86,26.72,25.31,2,Neutral
2613,23.85,40.4,635.0,502.0,1,1,0.46,0.96,0.41,0.44,24.74,23.64,23.8,1,Cool
2614,26.63,31.2,497.0,255.0,1,1,0.71,0.77,0.41,0.339,25.34,26.12,27.44,3,Warm
2615,25.25,38.7,760.0,485.0,1,1,0.99,0.01,0.71,0.403,25.44,25.73,25.07,2,Neutral
2616,21.58,61.8,700.0,192.0,1,0,0.68,0.96,0.34,0.33,21.25,21.65,20.72,2,Neutral
2617,22.93,60.9,440.0,607.0,1,1,0.58,0.1,0.35,0.129,22.84,22.26,22.35,4,Hot
2618,22.4,53.1,587.0,492.0,1,0,0.62,0.83,0.57,0.168,22.74,23.03,22.61,2,Neutral
2619,18.23,60.4,400.0,20,0,1,0.25,0.86,0.38,0.319,17.39,17.45,18.65,4,Hot
2620,21.93,39.5,591.0,538.0,1,0,0.88,0.97,0.09,0.423,21.58,21.9,21.96,2,Neutral
2621,25.94,44.2,437.0,397.0,1,0,0.1,0.42,0.42,0.298,26.36,25.78,25.97,2,Neutral
2622,19.98,60.3,588.0,447.0,1,0,0.33,0.4,0.48,0.416,19.41,21.21,19.79,2,Neutral
2623,26.51,37.5,400.0,20,0,1,0.41,0.93,0.3,0.403,27.88,27.71,25.9,2,Neutral
2624,18.96,32.1,439.0,592.0,1,1,0.76,0.76,0.19,0.322,19.29,21.05,19.04,2,Neutral
2625,21.61,56.5,400.0,20,0,0,0.58,0.6,0.53,0.233,21.4,23.12,20.77,2,Neutral
2626,20.9,58.9,400.0,20,0,0,0.01,0.05,0.31,0.33,20.28,20.68,21.14,2,Neutral
2627,27.39,63.4,400.0,20,0,1,0.62,0.22,0.64,0.341,27.53,25.81,28.19,3,Warm
2628,25.1,55.4,560.0,441.0,1,1,0.84,0.42,0.07,0.419,25.16,24.23,25.11,2,Neutral
2629,20.16,68.7,400.0,20,0,1,0.97,0.69,0.0,0.42,20.49,20.59,20.3,3,Warm
2630,26.18,41.5,635.0,547.0,1,1,0.3,0.16,0.04,0.18,26.54,25.08,26.03,2,Neutral
2631,26.52,30.2,616.0,244.0,1,0,0.21,0.15,0.29,0.221,26.49,26.15,25.63,1,Cool
2632,21.51,37.9,400.0,20,0,1,0.45,0.19,0.93,0.132,21.56,20.36,21.43,3,Warm
2633,20.74,38.7,464.0,404.0,1,1,1.0,0.91,0.47,0.34,20.75,21.31,20.61,3,Warm
2634,27.4,44.7,696.0,201.0,1,1,0.56,0.01,0.34,0.129,26.22,27.53,27.49,4,Hot
2635,19.75,68.0,400.0,20,0,0,0.18,0.88,0.68,0.433,19.4,21.0,20.03,0,Cold
2636,19.53,55.0,724.0,365.0,1,0,0.49,0.83,0.44,0.142,19.93,19.81,20.25,3,Warm
2637,21.57,61.9,725.0,413.0,1,1,0.33,0.32,0.33,0.398,21.23,21.06,21.29,2,Neutral
2638,21.54,50.0,505.0,386.0,1,1,0.77,0.51,0.51,0.417,21.64,20.72,21.81,2,Neutral
2639,20.28,39.4,508.0,156.0,1,1,0.33,0.22,0.97,0.363,19.75,19.79,20.49,3,Warm
2640,24.61,33.9,404.0,299.0,1,1,0.23,0.18,0.15,0.38,24.36,25.26,24.67,2,Neutral
2641,24.45,69.6,400.0,20,0,1,0.12,0.44,0.68,0.169,24.34,25.61,24.91,0,Cold
2642,27.72,65.0,400.0,20,0,1,0.46,0.2,0.8,0.157,28.34,27.31,27.64,2,Neutral
2643,27.8,60.6,568.0,441.0,1,1,0.92,0.71,0.68,0.141,28.22,27.97,27.79,2,Neutral
2644,24.36,49.4,400.0,20,0,0,0.11,0.32,0.73,0.157,25.03,24.1,24.46,2,Neutral
2645,19.64,30.9,574.0,404.0,1,0,0.28,0.9,0.06,0.18,19.69,19.44,19.73,2,Neutral
2646,26.16,63.2,581.0,213.0,1,1,0.79,0.53,0.79,0.316,26.36,26.31,26.53,2,Neutral
2647,23.88,34.3,400.0,20,0,1,0.56,0.02,0.82,0.369,23.32,22.14,23.28,2,Neutral
2648,21.62,53.0,764.0,455.0,1,0,0.78,0.6,0.98,0.136,22.21,22.07,21.89,2,Neutral
2649,23.13,64.0,400.0,20,0,1,0.88,0.91,0.54,0.298,22.46,23.4,23.16,4,Hot
2650,19.64,38.9,400.0,20,0,1,0.22,0.56,0.98,0.431,19.2,19.11,19.4,2,Neutral
2651,21.48,35.5,797.0,370.0,1,0,0.17,0.51,0.2,0.143,20.94,19.79,20.98,2,Neutral
2652,20.56,61.8,652.0,548.0,1,0,0.16,0.56,0.32,0.199,20.19,19.8,19.99,3,Warm
2653,25.9,45.2,400.0,20,0,1,0.06,0.17,0.88,0.189,25.01,24.76,24.99,2,Neutral
2654,27.2,48.0,661.0,160.0,1,0,0.27,0.5,0.01,0.276,28.42,28.4,27.17,2,Neutral
2655,20.41,40.4,486.0,430.0,1,0,0.92,0.37,0.64,0.402,20.98,20.99,21.02,1,Cool
2656,23.16,36.4,400.0,20,0,0,0.17,0.79,0.85,0.226,22.84,23.84,23.51,2,Neutral
2657,19.84,65.8,400.0,20,0,1,0.53,0.56,0.04,0.376,19.51,20.69,19.52,2,Neutral
2658,23.74,43.9,418.0,290.0,1,0,0.82,0.26,0.49,0.439,23.34,23.74,23.66,2,Neutral
2659,26.91,44.1,400.0,20,0,0,0.71,0.33,0.52,0.345,26.41,27.59,27.01,2,Neutral
2660,27.91,66.9,400.0,20,0,1,0.17,0.09,0.89,0.12,28.52,27.81,27.53,0,Cold
2661,23.74,53.2,400.0,20,0,0,0.09,0.96,0.2,0.112,23.94,24.28,23.5,3,Warm
2662,24.94,67.5,400.0,20,0,0,0.94,0.28,0.04,0.057,25.92,24.15,24.76,3,Warm
2663,26.45,46.8,574.0,269.0,1,1,0.12,0.1,0.91,0.304,25.57,28.05,26.69,2,Neutral
2664,23.98,34.5,400.0,20,0,1,0.09,0.39,0.34,0.334,24.18,23.51,23.87,2,Neutral
2665,20.66,39.1,400.0,20,0,1,0.66,0.43,0.51,0.319,19.8,20.37,20.83,2,Neutral
2666,27.2,63.5,400.0,20,0,1,0.16,0.25,0.86,0.251,27.53,25.99,27.51,2,Neutral
2667,23.09,52.6,400.0,20,0,0,0.15,0.15,0.7,0.37,23.21,21.42,22.59,1,Cool
2668,22.3,41.6,400.0,20,0,0,0.77,0.32,0.38,0.264,22.12,21.72,22.0,2,Neutral
2669,19.1,43.2,400.0,20,0,1,0.38,0.42,0.54,0.255,19.12,19.91,18.61,2,Neutral
2670,23.64,58.7,400.0,20,0,0,0.78,0.03,0.91,0.43,23.75,24.03,23.68,2,Neutral
2671,23.32,30.9,400.0,20,0,0,0.3,0.54,0.14,0.333,24.13,24.63,23.5,2,Neutral
2672,25.08,50.0,400.0,20,0,0,0.95,0.25,0.97,0.287,24.72,25.46,25.18,2,Neutral
2673,22.85,48.5,423.0,130.0,1,0,0.31,0.28,0.03,0.109,22.25,22.99,22.54,4,Hot
2674,23.2,65.2,653.0,621.0,1,1,0.74,0.73,0.9,0.421,23.2,24.45,23.11,4,Hot
2675,22.21,50.1,578.0,686.0,1,0,0.66,0.96,0.4,0.257,22.12,23.19,22.53,2,Neutral
2676,27.05,36.2,646.0,273.0,1,1,0.51,0.93,0.02,0.388,26.81,28.23,26.96,2,Neutral
2677,24.84,43.2,400.0,20,0,0,0.75,0.45,0.88,0.241,24.93,25.7,24.54,3,Warm
2678,23.3,31.4,400.0,20,0,1,0.76,0.13,0.84,0.17,23.5,21.82,22.68,2,Neutral
2679,20.01,36.2,400.0,20,0,1,0.96,0.83,0.05,0.321,20.39,17.63,19.43,0,Cold
2680,27.42,36.1,400.0,20,0,1,0.04,0.95,0.52,0.247,26.67,27.29,27.73,4,Hot
2681,24.6,35.6,420.0,332.0,1,0,0.56,0.07,0.44,0.247,25.37,23.68,24.08,2,Neutral
2682,19.53,46.1,400.0,20,0,1,0.35,0.47,0.43,0.068,20.13,20.11,19.39,2,Neutral
2683,23.32,31.8,723.0,556.0,1,1,0.6,0.59,0.41,0.128,23.89,23.91,22.91,2,Neutral
2684,18.31,53.7,400.0,20,0,1,0.12,0.39,0.4,0.327,18.1,16.73,17.91,2,Neutral
2685,23.02,47.5,400.0,20,0,1,0.25,0.03,0.54,0.122,24.13,22.52,23.15,0,Cold
2686,19.12,44.2,548.0,373.0,1,1,0.29,0.93,0.37,0.406,19.35,19.48,18.42,1,Cool
2687,26.3,69.1,733.0,471.0,1,0,0.71,0.79,0.08,0.38,26.21,26.18,26.55,2,Neutral
2688,24.75,42.5,400.0,20,0,0,0.07,0.8,0.12,0.424,25.15,26.26,24.64,2,Neutral
2689,18.0,42.1,567.0,252.0,1,0,0.63,0.95,0.21,0.317,18.97,18.25,18.61,2,Neutral
2690,24.69,54.7,583.0,540.0,1,0,0.59,0.86,0.75,0.244,24.99,22.85,24.86,0,Cold
2691,18.77,65.6,400.0,20,0,0,0.13,0.01,0.44,0.276,19.43,18.19,19.59,2,Neutral
2692,20.04,50.6,400.0,20,0,0,0.36,0.83,0.01,0.348,19.72,21.05,20.01,2,Neutral
2693,27.14,56.1,514.0,410.0,1,1,0.88,0.71,0.0,0.347,26.12,26.45,27.79,2,Neutral
2694,21.76,31.0,400.0,20,0,1,0.44,0.14,0.41,0.121,22.19,23.14,21.95,1,Cool
2695,20.11,62.6,470.0,512.0,1,1,0.98,0.85,0.48,0.166,20.83,20.9,20.31,3,Warm
2696,27.0,30.9,400.0,20,0,0,0.42,0.58,0.18,0.29,27.37,27.4,26.76,3,Warm
2697,21.3,55.9,400.0,20,0,0,0.29,0.23,0.05,0.299,21.93,22.21,21.58,2,Neutral
2698,25.64,31.5,494.0,414.0,1,1,0.59,0.53,0.28,0.251,24.86,26.65,26.31,2,Neutral
2699,22.72,69.6,750.0,173.0,1,0,0.91,0.6,0.13,0.107,22.86,22.15,22.28,2,Neutral
2700,23.35,45.9,400.0,20,0,0,0.04,0.42,0.37,0.43,22.87,23.42,22.94,2,Neutral
2701,21.97,33.4,489.0,191.0,1,1,0.83,0.86,0.79,0.316,21.81,20.72,22.13,3,Warm
2702,18.48,62.3,564.0,172.0,1,0,0.83,0.29,0.26,0.255,18.76,19.03,18.29,2,Neutral
2703,25.57,36.7,400.0,20,0,0,0.07,0.22,0.27,0.35,24.58,26.58,25.35,2,Neutral
2704,25.67,57.3,753.0,556.0,1,0,0.01,0.74,0.68,0.083,25.91,24.36,26.04,3,Warm
2705,26.63,68.1,491.0,285.0,1,0,0.43,0.28,0.62,0.215,26.5,25.99,26.81,2,Neutral
2706,19.72,62.9,501.0,693.0,1,0,0.53,0.59,0.59,0.147,19.46,19.24,19.16,0,Cold
2707,20.66,45.3,400.0,20,0,0,0.76,0.35,0.7,0.219,20.03,20.03,20.37,1,Cool
2708,23.95,45.1,400.0,20,0,1,0.15,0.82,0.82,0.2,24.38,25.23,23.56,2,Neutral
2709,22.87,68.7,544.0,121.0,1,1,0.96,0.22,0.79,0.073,21.87,22.31,22.7,2,Neutral
2710,23.64,66.7,437.0,679.0,1,0,0.63,0.63,0.72,0.236,24.45,23.25,23.01,3,Warm
2711,22.0,39.2,400.0,20,0,1,0.05,0.29,0.27,0.341,21.24,20.9,22.51,2,Neutral
2712,26.02,42.0,400.0,20,0,0,0.38,0.35,0.12,0.143,25.76,25.34,26.01,2,Neutral
2713,26.65,46.3,773.0,396.0,1,0,0.99,0.81,0.73,0.32,26.4,27.09,26.3,2,Neutral
2714,19.22,38.5,524.0,386.0,1,0,0.02,0.21,0.47,0.321,19.68,19.14,18.96,2,Neutral
2715,26.78,39.5,400.0,20,0,0,0.51,0.15,0.32,0.087,26.94,26.46,26.82,1,Cool
2716,18.51,45.3,642.0,698.0,1,0,0.92,0.87,0.4,0.26,18.52,18.58,18.45,2,Neutral
2717,24.51,67.7,400.0,20,0,0,0.17,0.56,0.22,0.332,24.89,26.31,24.57,1,Cool
2718,18.35,43.2,400.0,20,0,0,0.96,0.26,0.66,0.426,18.19,19.38,18.78,2,Neutral
2719,27.59,35.1,400.0,20,0,1,0.4,0.95,0.37,0.199,26.55,28.28,27.21,1,Cool
2720,18.03,53.7,741.0,170.0,1,1,0.4,0.9,0.24,0.174,17.62,17.93,18.43,2,Neutral
2721,21.18,37.8,633.0,138.0,1,0,0.55,0.98,0.26,0.442,20.65,21.56,20.94,3,Warm
2722,18.95,48.1,606.0,508.0,1,0,0.05,0.89,0.98,0.165,19.99,17.92,19.15,2,Neutral
2723,27.38,33.9,520.0,423.0,1,0,0.85,0.01,0.09,0.154,26.95,26.63,27.1,2,Neutral
2724,24.03,69.9,400.0,20,0,0,0.36,0.4,0.12,0.226,24.29,23.98,24.23,2,Neutral
2725,18.83,68.9,606.0,213.0,1,1,0.65,0.12,0.71,0.291,19.63,17.25,19.1,2,Neutral
2726,18.22,38.8,498.0,405.0,1,0,0.07,0.83,0.19,0.341,18.22,16.48,18.59,2,Neutral
2727,23.99,59.9,400.0,20,0,0,0.83,0.03,0.87,0.118,24.32,22.54,24.68,4,Hot
2728,21.6,41.6,400.0,20,0,0,0.46,0.24,0.21,0.054,21.67,22.07,21.15,2,Neutral
2729,27.86,55.0,533.0,294.0,1,0,0.09,0.72,0.0,0.254,28.44,28.37,27.76,2,Neutral
2730,24.71,67.8,472.0,156.0,1,0,0.14,0.79,0.77,0.215,23.8,26.38,24.84,2,Neutral
2731,20.89,33.1,400.0,20,0,0,0.29,0.83,0.85,0.319,21.73,21.29,21.03,4,Hot
2732,26.77,52.8,400.0,20,0,0,0.28,0.88,0.54,0.426,26.99,25.4,26.94,3,Warm
2733,20.2,39.2,400.0,20,0,1,0.31,0.34,0.13,0.144,20.21,19.21,20.05,2,Neutral
2734,20.48,45.1,400.0,20,0,1,0.4,0.53,0.03,0.36,21.13,19.88,20.69,2,Neutral
2735,21.78,63.9,400.0,20,0,0,0.56,0.71,0.48,0.094,22.7,24.07,21.73,3,Warm
2736,21.26,49.4,400.0,20,0,1,0.87,0.93,0.5,0.118,21.6,23.02,21.58,4,Hot
2737,27.59,68.4,439.0,213.0,1,0,0.9,0.88,0.59,0.258,26.94,27.8,27.02,2,Neutral
2738,25.14,42.3,620.0,693.0,1,0,0.96,0.62,0.07,0.42,24.95,23.06,25.05,2,Neutral
2739,27.87,57.1,400.0,20,0,0,0.37,0.21,0.78,0.259,27.43,26.0,27.76,3,Warm
2740,26.79,65.0,400.0,20,0,1,0.18,0.8,0.09,0.149,26.63,27.51,27.1,1,Cool
2741,19.09,65.4,593.0,516.0,1,0,0.51,0.7,0.25,0.295,19.83,20.18,18.92,2,Neutral
2742,23.39,39.7,703.0,323.0,1,1,0.5,0.22,0.41,0.143,23.42,23.43,23.55,3,Warm
2743,20.69,42.8,704.0,168.0,1,0,0.26,0.66,0.08,0.385,20.62,22.53,20.91,2,Neutral
2744,27.36,58.5,400.0,20,0,0,0.63,0.2,0.18,0.094,26.52,27.89,27.5,2,Neutral
2745,22.91,49.4,400.0,20,0,1,0.23,0.87,0.58,0.197,23.68,22.16,23.2,3,Warm
2746,26.49,39.7,600.0,145.0,1,0,0.92,0.86,0.32,0.315,25.21,25.85,26.86,4,Hot
2747,22.88,57.6,482.0,595.0,1,0,0.92,0.63,0.72,0.428,21.7,23.03,22.95,2,Neutral
2748,18.5,43.4,400.0,20,0,0,0.72,0.5,0.27,0.17,19.48,18.43,18.44,1,Cool
2749,20.13,43.8,400.0,20,0,1,0.54,0.67,0.59,0.358,19.77,21.08,19.86,2,Neutral
2750,18.37,64.7,744.0,315.0,1,1,0.31,0.11,1.0,0.157,18.32,18.92,18.44,2,Neutral
2751,26.85,64.3,400.0,20,0,1,0.9,0.47,0.23,0.284,27.34,25.08,27.23,2,Neutral
2752,20.36,38.8,400.0,20,0,0,0.6,0.37,0.91,0.1,19.92,19.51,20.57,2,Neutral
2753,18.42,51.8,400.0,20,0,1,0.62,0.97,0.8,0.085,18.22,20.49,18.25,2,Neutral
2754,21.3,49.8,400.0,20,0,1,0.26,0.81,0.93,0.283,20.76,21.77,21.15,2,Neutral
2755,27.45,39.3,400.0,20,0,0,0.78,0.91,0.56,0.226,27.72,28.08,27.0,3,Warm
2756,18.35,32.5,737.0,413.0,1,0,0.53,0.48,0.75,0.17,18.21,17.47,18.47,2,Neutral
2757,22.71,39.0,400.0,20,0,1,0.03,0.09,0.73,0.256,22.5,22.17,22.19,3,Warm
2758,22.14,67.1,400.0,20,0,1,0.5,0.91,0.54,0.104,21.81,22.58,21.54,2,Neutral
2759,20.42,39.8,660.0,468.0,1,1,0.72,0.34,0.92,0.366,21.43,18.88,20.74,2,Neutral
2760,21.35,54.0,725.0,322.0,1,1,0.57,0.85,0.08,0.361,22.29,22.08,21.08,2,Neutral
2761,19.13,58.4,585.0,502.0,1,0,0.56,0.99,0.74,0.096,18.43,18.89,19.46,2,Neutral
2762,19.26,43.3,400.0,20,0,1,0.64,1.0,0.88,0.113,20.14,18.97,19.26,2,Neutral
2763,18.74,47.4,493.0,166.0,1,1,0.61,0.95,0.88,0.148,18.35,19.96,19.3,2,Neutral
2764,21.66,65.6,400.0,20,0,0,0.7,0.25,0.33,0.397,22.17,22.09,20.98,3,Warm
2765,25.74,36.5,530.0,277.0,1,1,0.7,0.93,0.01,0.351,25.36,23.6,26.17,2,Neutral
2766,20.4,57.8,400.0,20,0,1,0.61,0.85,0.33,0.079,19.2,20.84,20.25,3,Warm
2767,25.89,44.4,400.0,20,0,0,0.58,0.34,0.32,0.382,24.57,26.45,26.64,4,Hot
2768,18.8,30.6,400.0,20,0,1,0.85,0.61,0.43,0.139,19.68,19.87,17.63,3,Warm
2769,22.67,69.9,400.0,20,0,0,0.92,0.18,0.32,0.22,22.3,23.15,22.53,2,Neutral
2770,22.18,30.8,791.0,530.0,1,0,0.39,0.09,0.43,0.322,22.43,23.38,22.39,4,Hot
2771,19.54,67.5,400.0,20,0,0,0.65,0.93,0.77,0.17,19.93,19.27,19.91,2,Neutral
2772,26.33,65.4,545.0,411.0,1,1,0.54,0.63,0.19,0.314,25.09,25.8,26.47,2,Neutral
2773,27.42,52.5,514.0,279.0,1,0,0.51,0.73,0.46,0.271,25.8,26.53,27.42,3,Warm
2774,26.21,41.1,400.0,20,0,1,0.47,0.82,0.26,0.1,26.21,26.98,25.66,2,Neutral
2775,23.94,49.8,607.0,174.0,1,1,0.92,0.21,0.44,0.098,24.24,24.69,23.93,2,Neutral
2776,20.55,46.8,400.0,20,0,1,0.24,0.95,0.21,0.33,20.78,20.62,20.74,2,Neutral
2777,27.66,43.4,421.0,146.0,1,1,0.41,0.11,0.26,0.424,28.72,27.48,27.61,2,Neutral
2778,26.51,47.6,400.0,20,0,1,0.8,0.12,0.22,0.143,26.12,26.87,27.11,3,Warm
2779,25.74,64.9,432.0,523.0,1,1,0.16,0.03,0.82,0.299,24.97,26.05,25.8,2,Neutral
2780,24.86,38.0,400.0,20,0,1,0.71,0.34,0.99,0.052,24.4,23.92,24.68,2,Neutral
2781,22.66,30.7,400.0,20,0,1,0.17,0.4,0.03,0.089,22.59,22.76,21.8,2,Neutral
2782,25.27,58.3,400.0,20,0,1,0.61,0.23,0.76,0.222,25.29,26.41,25.59,2,Neutral
2783,23.48,69.2,606.0,357.0,1,0,0.49,0.72,0.34,0.238,24.12,22.85,22.97,2,Neutral
2784,27.78,42.4,400.0,20,0,0,0.76,0.86,0.59,0.295,27.12,26.46,27.76,2,Neutral
2785,25.98,35.9,433.0,165.0,1,0,0.98,0.05,0.68,0.096,26.31,25.43,26.37,2,Neutral
2786,26.14,31.3,400.0,20,0,0,0.12,0.2,0.59,0.169,26.14,25.93,26.1,2,Neutral
2787,19.5,45.1,483.0,231.0,1,0,0.97,0.27,0.96,0.051,19.32,20.42,19.87,1,Cool
2788,22.23,68.0,400.0,20,0,0,0.68,0.44,0.91,0.198,22.7,22.94,22.26,2,Neutral
2789,26.62,57.4,400.0,20,0,0,0.3,0.37,0.92,0.386,26.16,27.31,26.41,3,Warm
2790,23.09,62.4,400.0,20,0,1,0.12,0.86,0.72,0.395,22.91,23.91,22.93,0,Cold
2791,20.85,49.0,400.0,20,0,1,0.93,0.71,0.24,0.42,21.1,21.88,21.15,2,Neutral
2792,27.81,39.8,463.0,633.0,1,0,0.97,0.35,0.81,0.21,27.89,27.84,27.68,2,Neutral
2793,21.59,55.3,400.0,20,0,0,0.88,0.03,0.8,0.432,21.58,20.63,21.75,3,Warm
2794,26.36,30.8,400.0,20,0,0,0.9,0.32,0.19,0.19,26.31,26.57,26.41,2,Neutral
2795,27.69,59.8,583.0,145.0,1,1,0.74,0.5,0.53,0.292,28.4,27.59,27.44,2,Neutral
2796,22.8,45.3,799.0,192.0,1,0,0.32,0.87,0.1,0.334,23.65,23.29,23.23,2,Neutral
2797,25.42,54.6,514.0,305.0,1,1,0.11,0.16,0.89,0.318,24.26,25.34,26.71,0,Cold
2798,23.82,34.2,776.0,582.0,1,1,0.27,0.01,0.21,0.166,24.32,24.7,23.44,2,Neutral
2799,19.57,41.5,411.0,405.0,1,1,0.43,0.24,0.69,0.398,20.76,18.46,19.95,2,Neutral
2800,27.44,59.1,780.0,443.0,1,1,0.3,0.3,0.54,0.066,27.99,27.5,27.24,2,Neutral
2801,24.9,37.9,735.0,666.0,1,1,0.08,0.2,0.62,0.092,24.6,24.29,25.25,1,Cool
2802,20.85,35.0,484.0,622.0,1,1,0.83,0.88,0.88,0.319,20.21,21.61,20.44,2,Neutral
2803,23.93,50.4,784.0,422.0,1,1,0.24,0.49,0.2,0.141,24.21,23.96,23.64,2,Neutral
2804,22.48,67.3,565.0,325.0,1,1,0.2,0.26,0.17,0.333,22.25,22.98,22.58,2,Neutral
2805,27.96,34.2,400.0,20,0,0,0.55,0.06,0.96,0.33,28.35,27.92,28.41,3,Warm
2806,24.41,36.4,725.0,301.0,1,0,0.13,0.98,0.33,0.116,25.75,24.93,24.56,2,Neutral
2807,21.24,31.4,400.0,20,0,1,0.72,0.37,0.44,0.407,20.81,20.81,21.28,2,Neutral
2808,20.59,67.3,400.0,20,0,0,0.08,0.16,0.57,0.13,19.96,19.24,20.84,4,Hot
2809,24.37,62.5,416.0,317.0,1,1,0.14,0.19,0.71,0.124,23.31,24.08,24.52,2,Neutral
2810,23.26,63.8,400.0,20,0,1,0.3,0.9,0.65,0.439,22.95,23.62,22.88,4,Hot
2811,22.21,58.7,497.0,367.0,1,1,0.31,0.5,0.6,0.323,22.34,21.95,21.49,3,Warm
2812,21.37,41.1,744.0,275.0,1,1,0.95,0.04,0.32,0.306,22.49,23.84,21.22,4,Hot
2813,19.74,57.9,780.0,694.0,1,1,0.43,0.34,0.12,0.056,20.6,18.31,19.86,2,Neutral
2814,21.86,57.0,620.0,157.0,1,1,0.65,0.04,0.12,0.372,22.25,21.8,21.86,2,Neutral
2815,27.98,53.0,693.0,308.0,1,0,0.81,0.11,0.07,0.268,27.09,28.29,28.12,2,Neutral
2816,23.49,57.7,402.0,107.0,1,0,0.13,0.23,0.1,0.443,22.96,23.21,23.27,2,Neutral
2817,25.01,34.3,752.0,558.0,1,1,0.58,0.58,0.32,0.087,25.82,24.58,24.58,3,Warm
2818,21.2,67.9,558.0,633.0,1,0,1.0,0.44,0.18,0.14,22.02,22.61,21.07,1,Cool
2819,27.12,44.3,572.0,676.0,1,0,0.16,0.08,0.19,0.246,28.22,27.56,27.7,1,Cool
2820,18.43,55.3,400.0,20,0,1,0.34,0.47,0.73,0.242,17.28,18.66,18.59,2,Neutral
2821,19.93,69.0,400.0,20,0,0,0.54,0.51,0.21,0.445,19.24,19.51,20.37,1,Cool
2822,23.09,48.6,400.0,20,0,1,0.9,0.2,0.52,0.311,23.64,22.11,23.28,1,Cool
2823,22.02,49.5,400.0,20,0,0,0.11,0.56,0.16,0.211,21.95,23.21,21.92,2,Neutral
2824,26.58,33.3,426.0,620.0,1,0,0.21,0.19,0.44,0.426,26.61,26.45,26.26,2,Neutral
2825,27.59,66.2,483.0,365.0,1,1,0.72,0.94,0.05,0.311,27.52,28.81,27.97,2,Neutral
2826,21.95,56.0,699.0,141.0,1,0,0.22,0.56,0.01,0.065,22.27,21.16,22.14,2,Neutral
2827,25.16,48.6,483.0,133.0,1,0,0.1,0.19,0.15,0.146,25.0,24.15,24.97,3,Warm
2828,20.35,54.3,612.0,665.0,1,0,0.49,0.85,0.69,0.17,19.58,20.09,20.43,2,Neutral
2829,18.9,68.2,400.0,20,0,0,0.21,0.64,0.76,0.398,19.29,18.39,18.7,2,Neutral
2830,27.59,49.4,400.0,20,0,0,0.57,0.65,0.88,0.065,28.52,27.61,28.42,2,Neutral
2831,27.69,35.4,787.0,286.0,1,0,0.47,0.27,0.72,0.224,27.86,27.82,28.12,2,Neutral
2832,25.94,69.8,400.0,20,0,1,0.75,0.86,0.81,0.114,27.2,26.19,25.97,2,Neutral
2833,26.28,30.2,750.0,240.0,1,0,0.77,0.64,0.47,0.368,26.18,27.23,26.26,2,Neutral
2834,26.2,68.6,400.0,20,0,0,0.38,0.6,0.41,0.384,25.89,27.34,26.02,2,Neutral
2835,19.91,47.1,400.0,20,0,0,0.75,0.03,0.8,0.192,20.26,19.79,20.35,2,Neutral
2836,27.7,53.8,400.0,20,0,0,0.69,0.94,0.26,0.301,28.13,27.3,27.72,2,Neutral
2837,18.99,30.6,400.0,20,0,1,0.79,0.66,0.42,0.286,19.36,18.84,19.41,4,Hot
2838,22.07,47.6,534.0,453.0,1,1,0.13,0.64,0.84,0.4,22.06,20.34,22.09,2,Neutral
2839,20.58,68.1,645.0,180.0,1,1,0.87,0.17,0.38,0.351,20.13,20.28,20.45,2,Neutral
2840,26.47,38.3,767.0,432.0,1,1,0.65,0.28,0.31,0.273,26.16,26.07,26.42,2,Neutral
2841,27.02,56.9,608.0,120.0,1,1,0.25,0.66,0.69,0.166,27.48,27.01,27.3,1,Cool
2842,25.58,57.2,522.0,336.0,1,0,0.2,0.52,0.3,0.132,25.62,26.28,25.62,2,Neutral
2843,21.59,49.0,400.0,20,0,0,0.2,0.88,0.75,0.269,20.73,21.53,21.76,3,Warm
2844,18.96,49.5,400.0,20,0,1,0.97,0.72,0.97,0.304,19.19,19.35,19.11,2,Neutral
2845,23.7,44.8,400.0,20,0,1,0.58,0.05,0.71,0.443,23.95,24.32,23.52,0,Cold
2846,22.74,54.9,400.0,20,0,1,0.38,0.41,0.67,0.241,23.51,23.02,23.2,2,Neutral
2847,23.32,58.7,400.0,20,0,0,0.74,0.11,0.68,0.173,22.19,23.22,23.17,2,Neutral
2848,20.81,59.8,688.0,538.0,1,0,0.85,0.33,0.34,0.238,20.41,20.51,21.05,2,Neutral
2849,26.53,33.2,435.0,120.0,1,1,0.26,0.4,0.08,0.052,26.66,24.86,26.18,1,Cool
2850,27.24,41.3,400.0,20,0,1,0.88,0.89,0.61,0.44,27.12,26.93,27.35,1,Cool
2851,27.33,34.0,696.0,482.0,1,0,0.87,0.51,0.09,0.091,28.16,27.67,26.86,3,Warm
2852,18.57,48.6,532.0,507.0,1,0,0.86,0.14,0.3,0.213,17.69,17.89,18.52,2,Neutral
2853,19.75,54.2,705.0,313.0,1,1,0.01,0.75,0.55,0.224,19.34,19.36,19.56,2,Neutral
2854,26.91,35.5,400.0,20,0,1,0.87,0.3,0.56,0.431,27.34,26.84,26.46,3,Warm
2855,19.59,59.3,400.0,20,0,0,0.61,0.26,0.05,0.206,19.09,20.6,19.66,2,Neutral
2856,19.2,45.8,541.0,352.0,1,1,0.37,0.48,0.64,0.444,19.45,19.44,19.57,2,Neutral
2857,24.48,44.6,400.0,20,0,0,0.39,0.46,0.31,0.195,24.03,24.85,23.9,3,Warm
2858,20.87,41.4,400.0,20,0,1,0.46,0.54,0.99,0.28,20.33,22.24,20.8,2,Neutral
2859,25.12,30.7,400.0,20,0,1,0.7,0.2,0.65,0.254,25.34,26.19,24.92,1,Cool
2860,23.48,30.6,513.0,194.0,1,1,0.1,0.61,0.66,0.32,23.89,22.83,23.81,2,Neutral
2861,26.19,51.6,614.0,126.0,1,0,0.1,0.55,0.94,0.099,26.64,26.25,26.3,2,Neutral
2862,23.78,63.4,683.0,234.0,1,0,0.49,0.51,0.97,0.277,23.34,25.52,23.72,0,Cold
2863,26.1,58.0,615.0,543.0,1,0,0.06,0.62,0.0,0.078,26.31,26.56,26.43,2,Neutral
2864,23.08,37.9,461.0,270.0,1,1,0.62,0.14,0.33,0.184,23.04,23.55,23.48,2,Neutral
2865,22.89,33.6,702.0,352.0,1,1,0.05,0.9,0.53,0.192,22.94,22.82,22.61,2,Neutral
2866,23.71,61.7,400.0,20,0,0,0.42,0.06,0.28,0.195,22.89,25.31,23.23,2,Neutral
2867,23.03,68.6,611.0,670.0,1,1,0.39,0.81,0.22,0.09,23.7,23.04,22.58,2,Neutral
2868,21.58,58.0,747.0,428.0,1,0,0.08,0.54,0.05,0.196,21.45,22.33,21.31,1,Cool
2869,25.4,61.6,435.0,632.0,1,1,0.26,0.59,0.99,0.333,24.28,23.54,25.47,2,Neutral
2870,19.33,42.5,489.0,449.0,1,0,0.15,0.79,0.3,0.118,18.47,19.08,19.12,2,Neutral
2871,18.7,33.2,400.0,20,0,1,0.84,0.43,0.72,0.129,18.6,18.34,19.39,2,Neutral
2872,24.5,34.6,400.0,20,0,1,0.43,0.27,0.67,0.19,24.7,24.24,24.26,1,Cool
2873,19.86,67.3,530.0,517.0,1,0,1.0,0.32,0.92,0.119,19.1,20.6,19.48,2,Neutral
2874,19.75,58.8,457.0,326.0,1,0,0.68,0.85,0.95,0.206,18.96,21.23,19.24,2,Neutral
2875,24.64,61.4,772.0,136.0,1,0,0.25,0.2,0.7,0.276,25.43,24.24,24.92,2,Neutral
2876,21.15,64.5,400.0,20,0,1,0.33,0.91,0.27,0.258,21.77,20.35,21.71,2,Neutral
2877,19.33,42.5,755.0,610.0,1,1,0.91,0.48,0.84,0.349,18.64,19.16,18.57,2,Neutral
2878,25.92,60.5,400.0,20,0,1,0.86,0.92,0.71,0.101,26.39,26.18,25.52,2,Neutral
2879,20.41,34.9,400.0,20,0,0,0.38,0.27,0.58,0.151,20.22,20.36,20.67,2,Neutral
2880,18.38,36.9,728.0,383.0,1,0,0.56,0.65,0.73,0.435,18.01,17.81,18.58,2,Neutral
2881,25.89,31.7,400.0,20,0,1,0.77,0.09,0.5,0.307,26.26,27.19,25.79,1,Cool
2882,20.77,51.3,454.0,186.0,1,0,0.79,0.76,0.75,0.349,21.49,21.21,20.78,2,Neutral
2883,23.57,34.9,400.0,20,0,0,0.8,0.92,0.38,0.416,24.0,23.22,23.12,3,Warm
2884,22.81,54.8,580.0,388.0,1,0,0.7,0.62,0.46,0.171,21.88,23.75,22.97,2,Neutral
2885,25.46,43.4,400.0,20,0,0,0.49,0.97,0.48,0.219,24.55,24.74,25.49,2,Neutral
2886,21.03,45.5,664.0,551.0,1,1,0.23,0.54,0.04,0.34,21.04,22.25,20.87,3,Warm
2887,18.05,32.1,459.0,280.0,1,0,0.53,0.41,0.89,0.105,17.68,18.29,17.68,2,Neutral
2888,27.95,36.7,638.0,603.0,1,0,0.47,0.46,0.19,0.176,28.17,27.28,27.99,2,Neutral
2889,21.12,46.8,725.0,363.0,1,0,0.23,0.97,0.71,0.062,21.0,20.91,21.01,3,Warm
2890,23.35,66.7,400.0,20,0,0,0.63,0.47,0.06,0.246,23.35,22.93,22.75,2,Neutral
2891,24.95,31.2,522.0,334.0,1,1,0.61,0.04,0.28,0.281,25.43,26.24,24.82,2,Neutral
2892,23.2,36.1,651.0,185.0,1,0,0.62,0.81,0.39,0.166,22.74,23.12,22.9,2,Neutral
2893,27.97,63.7,781.0,258.0,1,0,0.08,0.73,0.34,0.305,27.79,27.13,28.09,3,Warm
2894,21.73,67.4,400.0,20,0,0,0.92,0.31,0.73,0.063,22.25,20.64,21.46,3,Warm
2895,18.08,38.3,509.0,626.0,1,0,0.91,0.41,0.68,0.158,18.36,17.03,18.02,2,Neutral
2896,25.63,38.0,400.0,20,0,0,0.75,0.32,0.65,0.139,25.48,26.09,24.89,2,Neutral
2897,24.02,61.3,400.0,20,0,0,0.11,0.66,0.74,0.132,24.24,23.59,24.11,3,Warm
2898,20.08,60.4,400.0,20,0,1,0.47,0.21,0.6,0.114,20.17,21.07,20.32,2,Neutral
2899,27.66,43.7,427.0,202.0,1,1,0.49,0.31,0.94,0.059,28.33,27.01,27.66,1,Cool
2900,19.77,54.8,515.0,115.0,1,0,0.43,0.5,0.65,0.417,19.61,19.83,20.0,2,Neutral
2901,24.75,50.0,400.0,20,0,1,0.92,0.3,0.15,0.264,25.69,22.76,24.3,2,Neutral
2902,20.21,67.9,400.0,20,0,1,0.51,0.62,0.97,0.147,20.9,19.02,20.01,2,Neutral
2903,20.82,51.7,426.0,641.0,1,0,0.63,0.4,0.04,0.236,20.9,21.47,20.96,2,Neutral
2904,20.2,68.1,400.0,20,0,0,0.73,0.19,0.74,0.325,19.33,20.87,20.49,1,Cool
2905,23.87,38.9,719.0,439.0,1,1,0.55,0.8,0.16,0.273,24.5,24.6,24.1,2,Neutral
2906,21.37,40.7,695.0,502.0,1,0,0.11,0.9,0.05,0.159,21.62,22.07,21.18,3,Warm
2907,23.6,51.3,400.0,20,0,0,0.5,0.22,0.16,0.373,23.64,23.65,23.85,2,Neutral
2908,21.22,32.4,736.0,652.0,1,1,0.53,0.1,0.64,0.065,19.92,21.23,21.86,3,Warm
2909,21.25,38.0,538.0,326.0,1,0,0.96,0.67,0.93,0.328,21.19,21.27,21.22,1,Cool
2910,27.51,36.6,400.0,20,0,1,0.09,0.37,0.19,0.275,28.03,28.29,27.13,0,Cold
2911,21.34,65.0,400.0,20,0,1,0.77,0.97,0.03,0.242,20.93,20.81,20.72,3,Warm
2912,27.31,38.8,400.0,20,0,1,0.46,0.61,0.96,0.355,26.58,30.6,27.1,3,Warm
2913,20.57,67.2,400.0,20,0,1,0.52,0.65,0.42,0.057,20.5,20.87,20.13,0,Cold
2914,25.43,47.6,400.0,20,0,1,0.51,0.91,0.96,0.437,26.45,24.95,25.24,2,Neutral
2915,18.82,31.8,428.0,263.0,1,0,0.55,0.0,0.41,0.395,17.78,19.21,18.92,2,Neutral
2916,27.51,50.4,400.0,20,0,0,0.08,0.26,0.58,0.428,27.55,26.56,27.53,0,Cold
2917,23.41,69.4,400.0,20,0,1,0.78,0.98,0.39,0.291,23.27,24.44,23.61,3,Warm
2918,21.1,44.1,400.0,20,0,1,0.27,0.69,0.1,0.216,21.65,21.74,21.15,2,Neutral
2919,19.5,69.8,502.0,228.0,1,1,0.73,0.78,0.93,0.377,19.14,17.77,19.38,3,Warm
2920,19.15,30.7,400.0,20,0,0,0.18,0.03,0.2,0.416,19.26,18.4,18.96,0,Cold
2921,18.31,43.5,400.0,20,0,0,0.63,0.98,0.74,0.32,18.18,20.19,18.1,2,Neutral
2922,20.74,46.2,625.0,167.0,1,0,0.25,0.55,0.63,0.083,20.32,20.26,20.69,2,Neutral
2923,19.33,41.6,400.0,20,0,0,0.87,0.31,0.84,0.141,20.1,18.3,19.26,2,Neutral
2924,24.09,65.3,400.0,20,0,0,0.07,0.87,0.13,0.348,24.01,23.05,24.22,1,Cool
2925,23.27,51.7,628.0,591.0,1,1,0.37,0.95,0.0,0.427,23.23,23.95,22.65,2,Neutral
2926,23.17,38.9,400.0,20,0,0,0.41,0.13,0.49,0.221,23.01,22.4,23.14,1,Cool
2927,24.11,34.8,400.0,20,0,0,0.95,0.48,0.71,0.3,23.73,23.83,24.5,2,Neutral
2928,21.88,34.3,400.0,20,0,0,0.24,0.32,0.94,0.225,22.91,23.47,22.25,1,Cool
2929,21.33,61.9,440.0,458.0,1,1,0.47,0.98,0.73,0.331,21.39,21.97,21.25,2,Neutral
2930,18.7,34.8,400.0,20,0,0,0.12,0.74,0.24,0.286,18.67,17.85,18.86,2,Neutral
2931,18.16,68.5,640.0,147.0,1,1,0.92,1.0,0.8,0.365,17.77,18.93,18.41,2,Neutral
2932,21.12,55.6,650.0,127.0,1,0,0.6,0.95,0.45,0.056,21.56,20.98,21.27,1,Cool
2933,25.08,53.4,400.0,20,0,1,0.27,0.89,0.75,0.302,25.72,23.75,24.95,2,Neutral
2934,20.45,38.5,780.0,513.0,1,1,0.43,0.11,0.76,0.237,20.42,20.03,19.97,2,Neutral
2935,23.34,65.7,400.0,20,0,1,0.79,0.55,0.3,0.305,22.82,21.73,23.85,2,Neutral
2936,22.52,40.0,400.0,20,0,0,0.02,0.85,0.95,0.224,22.96,21.95,22.35,4,Hot
2937,24.68,56.8,572.0,447.0,1,0,0.9,0.59,0.5,0.436,23.77,25.72,24.9,2,Neutral
2938,24.13,48.1,681.0,681.0,1,0,0.59,0.67,0.42,0.205,24.14,24.33,23.78,2,Neutral
2939,20.06,44.3,400.0,20,0,0,0.73,0.17,0.59,0.229,19.33,20.67,20.01,2,Neutral
2940,19.17,37.2,721.0,642.0,1,1,0.07,0.06,0.3,0.066,19.23,20.14,18.97,2,Neutral
2941,21.0,37.4,400.0,20,0,1,0.63,0.48,0.24,0.064,21.01,20.85,20.93,1,Cool
2942,26.8,44.1,400.0,20,0,0,0.31,0.18,0.53,0.245,26.17,27.19,26.73,2,Neutral
2943,24.87,40.1,737.0,690.0,1,1,0.29,0.98,0.45,0.346,24.37,24.94,24.81,1,Cool
2944,27.72,57.9,400.0,20,0,0,0.52,0.77,0.32,0.307,28.19,26.67,27.85,2,Neutral
2945,19.16,51.7,552.0,415.0,1,1,0.82,0.02,0.5,0.371,19.02,17.97,18.25,2,Neutral
2946,19.29,30.3,400.0,20,0,1,0.27,0.58,0.3,0.421,20.09,20.15,19.41,1,Cool
2947,21.88,31.7,589.0,600.0,1,1,0.64,0.52,0.08,0.278,21.4,21.2,22.35,1,Cool
2948,26.63,64.8,666.0,264.0,1,1,0.44,0.4,0.47,0.158,26.18,25.59,26.74,3,Warm
2949,25.8,66.3,406.0,135.0,1,1,0.11,0.93,0.63,0.431,26.39,25.53,25.79,2,Neutral
2950,22.3,31.5,400.0,20,0,1,0.6,0.17,0.4,0.221,21.64,21.45,21.76,1,Cool
2951,18.32,69.0,770.0,416.0,1,1,0.04,0.17,0.03,0.221,17.52,18.43,17.98,2,Neutral
2952,24.22,57.6,400.0,20,0,1,0.07,0.57,0.57,0.065,24.02,24.51,24.1,3,Warm
2953,18.1,65.2,537.0,119.0,1,1,0.07,0.17,0.56,0.087,19.09,18.64,18.86,1,Cool
2954,18.28,61.9,764.0,392.0,1,1,0.28,0.71,0.88,0.315,18.24,19.87,18.94,3,Warm
2955,23.66,62.9,400.0,20,0,0,0.28,0.05,0.97,0.175,23.16,23.26,23.98,1,Cool
2956,18.24,30.5,659.0,517.0,1,0,0.38,0.29,0.09,0.416,17.77,17.85,18.28,4,Hot
2957,23.2,65.3,400.0,20,0,0,0.85,0.21,0.57,0.236,22.84,22.51,23.0,2,Neutral
2958,18.72,39.8,561.0,205.0,1,1,0.44,0.31,0.46,0.322,17.84,18.72,19.0,2,Neutral
2959,22.86,44.3,400.0,20,0,1,0.45,0.22,0.71,0.259,22.44,24.4,22.63,2,Neutral
2960,18.49,31.2,400.0,20,0,1,0.09,0.92,1.0,0.091,18.42,17.31,18.73,2,Neutral
2961,24.06,36.5,661.0,459.0,1,1,0.5,0.45,0.6,0.229,23.59,22.27,23.9,3,Warm
2962,20.1,57.6,400.0,20,0,0,0.53,0.42,0.55,0.396,20.38,19.03,20.33,3,Warm
2963,20.61,63.0,472.0,221.0,1,1,0.54,0.38,0.1,0.054,20.89,22.14,20.34,2,Neutral
2964,24.27,62.8,400.0,20,0,1,0.95,0.44,0.85,0.072,23.5,22.91,23.61,3,Warm
2965,23.19,46.2,525.0,214.0,1,0,0.1,0.6,0.25,0.293,23.3,23.13,22.74,2,Neutral
2966,19.4,50.9,464.0,492.0,1,1,0.28,0.93,0.19,0.051,19.33,20.09,19.42,1,Cool
2967,18.71,50.4,795.0,543.0,1,1,0.7,0.05,0.33,0.083,18.28,19.41,18.74,0,Cold
2968,25.43,33.4,756.0,607.0,1,0,0.28,0.6,0.51,0.232,25.13,24.31,25.28,2,Neutral
2969,24.72,39.6,400.0,20,0,0,0.63,0.09,0.14,0.292,25.67,24.86,24.14,0,Cold
2970,25.85,60.9,462.0,452.0,1,1,0.12,0.98,0.72,0.347,26.24,25.26,25.35,2,Neutral
2971,20.63,31.4,545.0,222.0,1,0,0.57,0.87,0.67,0.328,20.79,21.2,20.65,0,Cold
2972,21.15,69.0,546.0,388.0,1,1,0.84,0.01,0.68,0.385,21.48,21.74,21.2,2,Neutral
2973,27.82,40.3,400.0,20,0,1,0.47,0.33,0.76,0.181,27.65,27.79,27.21,2,Neutral
2974,26.23,50.9,558.0,690.0,1,0,0.78,0.51,0.46,0.164,25.55,25.9,26.37,3,Warm
2975,25.65,47.9,529.0,595.0,1,0,0.56,0.6,0.22,0.416,25.75,24.79,25.95,3,Warm
2976,24.79,43.7,519.0,405.0,1,0,0.96,0.83,0.25,0.242,24.39,25.68,24.53,2,Neutral
2977,21.45,53.7,441.0,315.0,1,0,0.96,0.63,0.1,0.307,20.42,22.14,21.72,2,Neutral
2978,24.41,46.8,400.0,20,0,1,0.55,0.71,0.65,0.417,24.83,23.8,24.89,2,Neutral
2979,24.98,48.0,727.0,316.0,1,1,0.92,0.15,0.34,0.134,24.93,25.17,25.03,1,Cool
2980,25.16,47.4,715.0,422.0,1,0,0.35,0.31,0.64,0.426,24.34,23.55,25.84,2,Neutral
2981,23.29,60.8,400.0,20,0,0,0.04,0.06,0.9,0.179,23.83,23.33,23.27,1,Cool
2982,19.32,65.0,749.0,235.0,1,0,0.36,0.12,0.99,0.301,19.35,19.18,19.12,3,Warm
2983,18.27,42.6,400.0,20,0,1,0.76,1.0,0.65,0.245,18.45,17.27,18.51,2,Neutral
2984,20.9,30.3,400.0,20,0,0,0.91,0.87,0.44,0.446,20.81,19.2,20.56,2,Neutral
2985,21.86,32.6,400.0,20,0,1,0.01,0.44,0.87,0.378,22.32,22.15,21.93,3,Warm
2986,25.95,44.7,400.0,20,0,1,0.68,0.6,0.77,0.159,26.72,25.68,26.18,2,Neutral
2987,25.48,36.3,400.0,20,0,0,0.46,0.28,0.92,0.073,25.41,26.78,25.23,2,Neutral
2988,18.26,43.8,782.0,495.0,1,0,0.84,0.06,0.19,0.323,17.73,17.51,18.21,1,Cool
2989,24.03,66.2,400.0,20,0,0,0.91,0.01,0.46,0.299,24.03,24.04,24.43,2,Neutral
2990,24.95,62.0,764.0,658.0,1,0,0.49,0.57,0.5,0.05,24.43,24.53,24.9,1,Cool
2991,24.77,52.0,542.0,660.0,1,1,0.13,0.5,0.17,0.448,25.05,24.08,24.81,2,Neutral
2992,26.57,47.9,729.0,290.0,1,0,0.32,0.67,0.42,0.332,25.92,25.06,26.78,4,Hot
2993,24.21,32.5,400.0,20,0,0,0.63,0.44,0.05,0.137,24.06,23.69,23.8,2,Neutral
2994,25.2,35.6,400.0,20,0,1,0.62,0.46,0.73,0.319,24.9,26.2,24.88,2,Neutral
2995,26.96,37.3,488.0,161.0,1,1,0.54,0.84,0.97,0.217,26.29,27.96,26.96,0,Cold
2996,18.67,40.5,788.0,394.0,1,1,0.9,0.29,0.3,0.352,18.3,18.64,17.72,2,Neutral
2997,18.55,32.2,417.0,694.0,1,1,0.45,0.72,0.4,0.362,18.09,19.31,18.72,2,Neutral
2998,20.39,39.6,600.0,230.0,1,1,0.6,0.76,0.98,0.246,20.35,20.19,21.04,2,Neutral
2999,27.42,62.8,747.0,415.0,1,1,1.0,0.52,0.29,0.063,28.14,25.39,27.78,2,Neutral
3000,24.03,38.7,492.0,306.0,1,0,0.19,0.02,0.49,0.112,24.39,24.53,23.95,2,Neutral
3001,28.0,53.1,756.0,401.0,1,0,0.71,0.21,0.29,0.131,27.66,26.62,27.86,2,Neutral
3002,23.4,56.2,400.0,20,0,1,0.05,0.9,0.3,0.25,24.11,25.12,23.56,2,Neutral
3003,18.99,34.5,553.0,151.0,1,0,0.06,0.05,0.97,0.155,18.79,17.79,18.64,2,Neutral
3004,22.35,65.2,400.0,20,0,1,0.7,0.08,0.05,0.284,23.17,22.37,22.66,2,Neutral
3005,25.46,30.5,400.0,20,0,1,0.34,0.6,0.68,0.127,24.96,26.6,25.76,2,Neutral
3006,18.26,43.8,581.0,557.0,1,0,0.01,0.16,0.71,0.186,18.75,17.38,18.1,2,Neutral
3007,22.14,43.1,400.0,20,0,0,0.95,0.48,0.65,0.334,21.75,23.06,22.46,2,Neutral
3008,22.16,40.0,726.0,186.0,1,0,0.45,0.39,0.61,0.076,22.21,21.62,22.38,3,Warm
3009,24.39,32.8,400.0,20,0,1,0.26,1.0,0.12,0.169,23.53,25.22,24.78,2,Neutral
3010,19.49,65.5,400.0,20,0,1,0.28,0.43,0.22,0.328,20.22,20.14,19.78,4,Hot
3011,24.66,46.5,581.0,628.0,1,1,0.14,0.98,0.75,0.388,23.46,24.9,25.05,3,Warm
3012,26.54,37.9,436.0,206.0,1,0,0.96,0.85,0.46,0.396,26.71,26.2,26.13,2,Neutral
3013,26.03,32.7,400.0,20,0,0,0.44,0.32,0.47,0.055,26.0,26.31,25.61,2,Neutral
3014,27.28,48.2,602.0,320.0,1,0,0.86,0.47,0.96,0.114,26.84,28.55,26.73,2,Neutral
3015,24.4,55.9,400.0,20,0,1,0.78,0.82,0.4,0.325,24.55,24.11,24.59,2,Neutral
3016,26.54,65.3,749.0,180.0,1,1,0.05,0.77,0.62,0.428,26.61,26.1,27.15,2,Neutral
3017,18.4,38.2,426.0,262.0,1,1,0.43,0.69,0.63,0.298,18.01,18.2,18.39,2,Neutral
3018,23.44,45.7,598.0,339.0,1,0,0.37,0.56,0.18,0.146,22.39,24.38,23.69,2,Neutral
3019,18.48,47.2,400.0,20,0,0,0.84,0.28,0.59,0.27,18.33,17.75,18.48,2,Neutral
3020,24.08,32.8,400.0,20,0,0,0.75,0.65,0.21,0.348,23.68,23.54,24.62,2,Neutral
3021,27.57,36.3,400.0,20,0,0,0.1,0.51,0.77,0.151,28.13,27.36,27.39,1,Cool
3022,20.14,38.4,417.0,530.0,1,1,0.34,0.04,0.2,0.314,19.87,20.48,20.11,2,Neutral
3023,22.59,41.1,400.0,20,0,1,0.1,0.91,0.18,0.365,22.51,20.76,22.05,3,Warm
3024,22.94,43.4,400.0,20,0,1,0.72,0.37,0.94,0.208,23.74,22.81,22.39,2,Neutral
3025,24.92,65.8,538.0,129.0,1,1,0.71,0.14,0.45,0.118,25.47,23.75,24.82,2,Neutral
3026,27.06,34.2,760.0,267.0,1,1,0.53,0.43,0.98,0.211,27.47,27.25,27.11,2,Neutral
3027,27.67,45.9,677.0,110.0,1,1,0.31,0.45,0.2,0.385,26.71,26.46,27.57,3,Warm
3028,26.76,65.0,467.0,124.0,1,0,0.5,0.45,0.69,0.405,27.03,26.44,26.39,2,Neutral
3029,25.95,39.3,704.0,444.0,1,0,0.1,0.04,0.64,0.275,26.94,26.58,26.26,0,Cold
3030,26.64,53.9,600.0,213.0,1,1,0.94,0.47,0.91,0.189,27.27,27.02,26.35,2,Neutral
3031,27.37,33.1,684.0,249.0,1,0,0.78,0.24,0.59,0.095,27.16,26.91,27.62,2,Neutral
3032,19.14,52.9,400.0,20,0,1,0.16,0.75,0.59,0.095,19.08,18.45,18.93,2,Neutral
3033,22.56,45.2,788.0,132.0,1,1,0.42,0.27,0.73,0.294,22.63,22.41,23.63,2,Neutral
3034,22.54,58.2,762.0,295.0,1,0,0.86,0.58,0.4,0.398,22.22,22.96,22.71,1,Cool
3035,22.85,67.5,400.0,20,0,0,0.11,0.2,0.65,0.192,22.92,22.48,23.04,3,Warm
3036,24.19,64.1,400.0,20,0,0,0.22,0.09,0.93,0.221,24.36,23.4,24.05,2,Neutral
3037,23.68,35.4,702.0,450.0,1,1,0.7,0.09,0.67,0.152,25.09,22.43,23.86,2,Neutral
3038,19.98,56.9,400.0,20,0,1,0.45,0.4,0.89,0.109,20.07,19.85,20.35,2,Neutral
3039,23.66,62.2,400.0,20,0,0,0.01,0.22,0.91,0.163,23.32,22.28,23.48,2,Neutral
3040,26.45,69.8,557.0,164.0,1,0,0.89,0.22,0.89,0.227,26.72,26.79,26.79,2,Neutral
3041,19.23,68.4,400.0,20,0,0,0.62,0.34,0.61,0.402,17.9,19.37,18.65,2,Neutral
3042,20.69,61.7,691.0,160.0,1,0,0.78,0.28,0.13,0.32,20.84,20.81,20.48,2,Neutral
3043,26.73,32.0,400.0,20,0,1,0.6,0.98,0.32,0.384,26.42,27.25,27.06,2,Neutral
3044,23.52,34.2,550.0,545.0,1,0,0.87,0.01,0.07,0.088,22.62,25.81,24.06,2,Neutral
3045,23.87,51.4,400.0,20,0,0,0.4,0.01,0.76,0.288,23.82,23.55,24.11,2,Neutral
3046,18.06,45.3,400.0,20,0,0,0.96,0.9,0.3,0.217,17.77,17.85,17.72,2,Neutral
3047,24.53,31.5,727.0,104.0,1,0,0.08,0.25,0.96,0.05,24.41,24.16,24.37,2,Neutral
3048,24.72,45.5,702.0,139.0,1,1,0.13,0.36,0.38,0.23,24.27,25.01,24.56,1,Cool
3049,20.02,42.6,400.0,20,0,1,0.61,0.35,0.14,0.307,20.32,21.17,19.62,2,Neutral
3050,23.62,34.4,432.0,570.0,1,1,0.73,0.6,0.68,0.177,23.13,24.21,24.29,2,Neutral
3051,20.22,53.9,733.0,294.0,1,0,0.44,0.98,0.37,0.274,20.68,20.78,20.03,3,Warm
3052,26.69,50.1,565.0,225.0,1,0,0.28,0.71,0.67,0.07,26.07,28.96,26.24,3,Warm
3053,19.51,68.9,669.0,535.0,1,0,0.16,0.18,0.63,0.373,20.15,19.62,20.12,3,Warm
3054,26.28,60.6,561.0,558.0,1,1,0.25,0.26,0.42,0.272,24.81,25.86,26.17,2,Neutral
3055,24.09,61.5,400.0,20,0,1,0.91,0.1,0.31,0.42,24.08,23.16,23.79,2,Neutral
3056,26.49,50.9,488.0,158.0,1,1,0.98,0.15,0.09,0.133,26.7,27.14,26.47,2,Neutral
3057,23.91,56.3,400.0,20,0,1,0.79,0.1,0.64,0.126,24.95,24.71,23.98,0,Cold
3058,19.33,36.9,766.0,318.0,1,0,0.45,0.12,0.74,0.099,19.86,20.8,19.37,4,Hot
3059,27.67,67.4,400.0,20,0,1,0.16,0.57,0.94,0.098,28.11,27.81,27.99,1,Cool
3060,22.71,49.2,400.0,20,0,0,0.29,0.05,0.98,0.366,22.94,23.37,22.25,3,Warm
3061,21.82,63.9,400.0,20,0,0,0.56,0.11,0.59,0.391,21.66,22.81,21.93,2,Neutral
3062,23.64,40.8,400.0,20,0,0,0.56,0.46,0.25,0.25,24.43,23.36,23.89,2,Neutral
3063,26.66,32.6,400.0,20,0,1,0.68,0.99,0.61,0.35,27.06,24.94,26.8,2,Neutral
3064,26.98,37.9,400.0,20,0,0,0.41,0.68,0.95,0.286,27.41,27.42,27.09,2,Neutral
3065,18.8,47.3,400.0,20,0,1,0.36,0.59,0.61,0.379,18.91,18.23,19.16,3,Warm
3066,24.26,49.3,400.0,20,0,1,0.12,0.32,0.31,0.421,23.12,24.22,23.91,2,Neutral
3067,18.12,42.7,568.0,494.0,1,0,0.7,0.44,0.03,0.271,16.92,18.34,18.3,4,Hot
3068,23.06,46.9,489.0,429.0,1,0,0.15,0.47,0.95,0.317,23.37,21.36,23.52,2,Neutral
3069,18.27,57.3,473.0,359.0,1,1,0.71,0.06,0.63,0.263,18.01,17.8,18.33,2,Neutral
3070,22.88,43.9,574.0,393.0,1,1,0.45,0.24,0.99,0.449,23.84,24.19,23.44,2,Neutral
3071,23.03,33.8,400.0,20,0,1,0.07,0.25,0.0,0.334,22.67,23.73,23.31,0,Cold
3072,24.07,38.3,400.0,20,0,0,0.46,0.58,0.2,0.112,22.75,24.56,24.68,4,Hot
3073,22.64,65.6,754.0,592.0,1,1,0.02,0.61,0.36,0.131,23.11,22.43,23.09,2,Neutral
3074,22.65,49.0,400.0,20,0,0,0.69,0.39,0.14,0.257,22.01,21.29,22.69,2,Neutral
3075,20.18,51.0,596.0,386.0,1,0,0.74,0.72,0.43,0.261,20.97,19.52,20.42,2,Neutral
3076,25.75,64.2,556.0,205.0,1,1,0.36,0.54,0.03,0.209,25.43,26.05,25.47,2,Neutral
3077,18.74,45.3,400.0,20,0,0,0.83,0.12,0.63,0.406,19.36,18.54,18.76,3,Warm
3078,24.34,49.9,400.0,20,0,1,0.09,0.61,0.63,0.088,23.57,23.42,24.79,2,Neutral
3079,18.25,63.8,400.0,20,0,1,0.87,0.6,0.85,0.11,17.74,18.16,18.39,2,Neutral
3080,22.13,54.0,436.0,664.0,1,1,0.76,0.62,0.48,0.296,21.89,22.35,21.85,1,Cool
3081,18.47,61.7,400.0,20,0,0,0.6,0.17,0.28,0.277,18.84,19.11,18.31,2,Neutral
3082,27.06,61.3,468.0,347.0,1,0,0.67,0.4,0.56,0.139,26.11,27.28,27.53,3,Warm
3083,25.03,60.8,451.0,252.0,1,1,0.25,0.0,0.88,0.131,24.72,25.35,24.7,4,Hot
3084,24.48,52.8,400.0,20,0,1,0.94,0.34,0.49,0.355,24.13,24.07,24.03,1,Cool
3085,26.58,46.2,429.0,370.0,1,1,0.28,0.61,0.3,0.348,27.21,26.68,25.99,2,Neutral
3086,20.05,59.9,400.0,20,0,0,0.24,0.35,0.51,0.372,20.63,19.74,19.89,1,Cool
3087,27.78,40.5,478.0,152.0,1,1,0.73,0.5,0.98,0.094,27.7,28.54,27.92,3,Warm
3088,21.6,64.3,400.0,20,0,1,0.81,0.26,0.02,0.307,21.9,21.07,21.97,2,Neutral
3089,18.75,69.7,437.0,170.0,1,1,0.77,0.16,0.04,0.349,17.81,17.57,18.57,0,Cold
3090,23.6,68.1,726.0,299.0,1,1,0.44,0.41,0.06,0.319,24.22,23.87,24.07,2,Neutral
3091,20.04,57.0,400.0,20,0,1,0.56,0.46,0.82,0.135,20.32,18.55,19.71,2,Neutral
3092,20.73,53.7,400.0,20,0,0,0.82,0.66,0.82,0.347,20.58,19.66,21.36,2,Neutral
3093,20.57,37.9,697.0,517.0,1,1,0.22,0.39,0.57,0.341,20.28,21.25,20.68,2,Neutral
3094,27.63,31.2,499.0,124.0,1,0,0.47,0.91,0.91,0.282,27.92,29.22,27.92,2,Neutral
3095,21.01,53.9,766.0,584.0,1,1,0.8,0.49,0.38,0.431,20.9,21.53,20.85,1,Cool
3096,26.58,50.0,400.0,20,0,0,0.53,0.65,0.11,0.211,26.95,28.2,27.05,1,Cool
3097,22.74,40.6,719.0,128.0,1,0,0.47,0.64,0.18,0.134,21.09,22.11,23.15,2,Neutral
3098,21.81,57.7,400.0,20,0,1,0.73,0.72,0.46,0.163,22.36,21.32,21.66,2,Neutral
3099,27.72,58.8,642.0,440.0,1,0,0.52,0.29,0.92,0.254,27.34,27.88,27.6,0,Cold
3100,19.53,39.4,400.0,20,0,1,0.06,0.96,0.96,0.104,18.36,17.86,19.74,2,Neutral
3101,19.33,47.2,400.0,20,0,0,0.84,0.65,0.97,0.337,19.14,19.16,19.17,2,Neutral
3102,23.2,54.8,418.0,496.0,1,0,0.15,0.65,0.83,0.066,22.1,23.88,23.12,2,Neutral
3103,22.94,49.6,400.0,20,0,1,0.13,0.57,0.92,0.206,23.83,22.27,22.77,2,Neutral
3104,21.48,57.3,400.0,20,0,0,0.15,0.72,0.21,0.332,20.57,22.78,21.07,1,Cool
3105,22.37,61.2,478.0,280.0,1,0,0.22,0.14,0.13,0.145,23.73,23.74,22.55,3,Warm
3106,22.1,67.3,400.0,20,0,0,0.06,0.34,0.74,0.287,22.02,21.35,22.11,2,Neutral
3107,27.41,30.7,519.0,686.0,1,0,0.95,0.37,0.19,0.263,28.46,27.66,27.91,2,Neutral
3108,24.72,51.7,400.0,20,0,0,0.89,0.18,0.22,0.174,25.46,24.19,24.34,2,Neutral
3109,24.18,57.8,400.0,20,0,1,0.47,0.2,0.24,0.282,25.16,23.68,24.79,2,Neutral
3110,21.63,36.8,400.0,20,0,0,0.51,0.67,0.17,0.196,22.25,21.48,21.37,3,Warm
3111,18.99,40.6,416.0,241.0,1,0,0.81,0.18,0.85,0.246,18.27,18.87,18.89,2,Neutral
3112,27.26,54.0,797.0,678.0,1,0,0.91,0.74,0.11,0.078,28.14,26.57,27.07,2,Neutral
3113,19.65,69.5,400.0,20,0,1,0.46,0.47,0.96,0.308,18.53,20.23,20.14,2,Neutral
3114,23.79,41.5,400.0,20,0,0,0.84,0.15,0.32,0.212,24.03,24.62,23.63,2,Neutral
3115,21.53,51.9,400.0,20,0,1,0.06,0.7,0.07,0.278,22.56,21.95,21.55,2,Neutral
3116,23.57,55.3,400.0,20,0,0,0.98,0.45,0.0,0.106,24.38,22.66,23.17,2,Neutral
3117,26.33,54.3,540.0,489.0,1,1,0.6,0.02,0.79,0.152,27.79,25.98,26.06,2,Neutral
3118,25.07,30.3,434.0,201.0,1,0,0.71,0.16,0.91,0.341,24.81,22.74,24.83,2,Neutral
3119,24.49,65.4,759.0,298.0,1,1,0.93,0.24,0.46,0.26,24.93,25.39,24.5,2,Neutral
3120,22.48,49.4,400.0,20,0,0,0.43,0.37,0.9,0.404,21.81,21.96,23.13,2,Neutral
3121,23.84,39.9,400.0,20,0,0,0.75,0.05,0.94,0.076,24.07,23.12,23.68,2,Neutral
3122,27.89,30.3,400.0,20,0,1,0.87,0.95,0.11,0.104,27.07,28.38,27.74,2,Neutral
3123,22.63,47.2,400.0,20,0,1,0.69,1.0,0.63,0.183,22.16,23.67,22.17,2,Neutral
3124,24.34,58.8,400.0,20,0,0,0.23,0.68,0.75,0.262,24.51,24.56,24.55,2,Neutral
3125,20.89,48.3,632.0,392.0,1,1,0.98,0.46,0.85,0.125,21.52,22.03,21.01,4,Hot
3126,18.09,44.6,400.0,20,0,0,0.9,0.64,0.22,0.308,18.89,19.22,18.19,1,Cool
3127,20.05,35.6,614.0,411.0,1,1,0.68,0.6,0.58,0.094,19.06,19.39,20.77,1,Cool
3128,24.48,35.1,400.0,20,0,1,0.8,0.36,0.87,0.189,24.51,25.59,24.52,2,Neutral
3129,25.46,45.9,400.0,20,0,1,0.19,0.3,0.41,0.438,26.05,25.37,25.07,2,Neutral
3130,22.79,47.6,400.0,20,0,0,0.52,0.12,0.6,0.319,23.32,21.41,22.81,2,Neutral
3131,19.6,43.7,442.0,415.0,1,0,0.69,0.62,0.04,0.338,18.79,19.73,19.65,2,Neutral
3132,24.65,66.1,643.0,243.0,1,0,0.5,0.27,0.89,0.097,24.53,25.08,24.33,0,Cold
3133,18.31,53.7,658.0,439.0,1,0,0.2,0.05,0.56,0.437,18.78,20.22,18.41,4,Hot
3134,24.03,46.4,549.0,200.0,1,1,0.03,0.08,0.03,0.373,22.91,24.98,24.19,3,Warm
3135,22.68,41.3,512.0,154.0,1,1,0.23,0.94,0.45,0.319,22.4,23.0,22.51,2,Neutral
3136,21.16,32.6,400.0,20,0,1,0.28,0.03,0.92,0.285,21.11,21.78,21.28,3,Warm
3137,21.79,46.4,400.0,20,0,1,0.51,0.1,0.91,0.438,21.87,21.82,21.62,2,Neutral
3138,27.6,35.2,484.0,390.0,1,1,0.68,0.6,0.21,0.085,27.45,27.47,27.93,2,Neutral
3139,22.64,31.6,400.0,20,0,1,0.45,0.88,0.05,0.066,22.47,20.39,22.8,2,Neutral
3140,23.86,48.9,400.0,20,0,0,0.75,0.09,0.41,0.297,23.98,24.66,23.76,1,Cool
3141,23.34,38.3,400.0,20,0,0,0.48,0.36,0.47,0.322,23.74,23.53,22.95,0,Cold
3142,20.68,38.2,400.0,20,0,0,0.65,0.2,0.55,0.119,19.46,20.64,21.17,4,Hot
3143,19.28,42.0,400.0,20,0,1,0.84,0.34,0.53,0.166,19.62,18.36,18.72,2,Neutral
3144,20.61,37.9,454.0,371.0,1,0,0.75,0.59,0.19,0.227,21.98,22.82,20.69,2,Neutral
3145,19.79,56.2,788.0,103.0,1,0,0.11,0.48,0.07,0.142,19.1,19.92,19.97,2,Neutral
3146,25.56,53.8,792.0,232.0,1,0,0.89,0.93,0.05,0.151,24.19,25.7,26.04,3,Warm
3147,26.75,37.8,514.0,662.0,1,0,0.05,0.79,0.75,0.193,27.15,26.26,26.73,2,Neutral
3148,24.92,57.7,400.0,20,0,1,0.05,0.85,0.31,0.076,24.63,25.21,25.35,4,Hot
3149,19.46,63.4,712.0,611.0,1,1,0.49,0.48,0.94,0.299,19.18,21.5,19.7,1,Cool
3150,20.68,49.7,665.0,139.0,1,1,0.46,0.93,0.25,0.369,21.3,21.16,20.77,2,Neutral
3151,25.78,39.0,400.0,20,0,1,0.66,0.24,0.01,0.414,24.93,26.43,26.21,2,Neutral
3152,24.25,68.6,586.0,320.0,1,1,0.0,0.82,0.68,0.263,25.16,24.51,23.83,1,Cool
3153,25.01,68.0,400.0,20,0,0,0.6,0.18,0.76,0.205,25.51,23.33,25.2,2,Neutral
3154,18.04,43.7,400.0,20,0,1,0.49,0.58,0.13,0.192,18.03,15.55,18.23,2,Neutral
3155,22.52,56.2,631.0,422.0,1,0,0.18,0.73,0.93,0.233,21.75,22.67,23.23,2,Neutral
3156,21.53,33.3,450.0,616.0,1,1,0.64,0.17,0.15,0.095,21.67,20.73,21.14,2,Neutral
3157,18.71,50.4,400.0,20,0,1,0.8,0.37,0.86,0.352,18.99,18.68,18.55,2,Neutral
3158,23.01,42.0,400.0,20,0,0,0.69,0.49,0.03,0.189,23.42,21.27,23.41,2,Neutral
3159,25.58,69.2,400.0,20,0,0,0.23,0.16,0.57,0.347,24.88,26.04,25.31,2,Neutral
3160,27.16,34.9,400.0,20,0,1,0.87,0.63,0.8,0.126,25.29,26.76,26.4,2,Neutral
3161,18.06,33.6,400.0,20,0,0,0.37,0.26,0.45,0.287,18.37,17.62,18.49,2,Neutral
3162,21.19,49.3,400.0,20,0,1,0.26,0.94,0.69,0.112,22.34,20.44,21.66,3,Warm
3163,19.96,65.6,483.0,699.0,1,0,0.41,0.05,0.41,0.238,19.83,19.76,20.36,2,Neutral
3164,25.35,30.2,633.0,330.0,1,0,0.12,0.87,0.69,0.186,24.64,26.52,25.22,1,Cool
3165,24.93,67.4,400.0,20,0,0,0.55,0.53,0.81,0.351,24.77,25.72,25.06,2,Neutral
3166,21.09,31.1,400.0,20,0,0,0.49,0.43,0.29,0.245,21.91,21.42,21.6,2,Neutral
3167,20.17,63.3,400.0,20,0,1,0.96,0.89,0.39,0.325,20.38,18.56,20.37,2,Neutral
3168,18.16,50.6,400.0,20,0,0,0.77,0.3,0.06,0.181,17.48,18.9,18.2,2,Neutral
3169,22.55,48.0,400.0,20,0,1,0.43,0.13,0.71,0.327,22.57,22.62,22.39,2,Neutral
3170,20.15,44.5,605.0,633.0,1,0,0.06,0.88,0.23,0.099,21.02,20.39,20.25,2,Neutral
3171,27.57,51.3,400.0,20,0,1,0.48,0.15,0.45,0.103,27.82,26.08,27.37,3,Warm
3172,27.46,55.1,537.0,345.0,1,0,0.66,0.76,0.5,0.407,26.45,27.82,27.08,2,Neutral
3173,23.86,48.0,400.0,20,0,1,0.38,0.5,0.64,0.209,24.0,23.64,24.04,2,Neutral
3174,25.34,40.2,400.0,20,0,1,0.99,0.45,0.24,0.08,26.7,25.77,25.18,2,Neutral
3175,26.47,63.5,400.0,20,0,0,0.44,0.8,0.91,0.381,26.54,25.58,25.86,3,Warm
3176,18.85,66.2,582.0,607.0,1,0,0.95,0.65,0.94,0.099,18.76,18.78,18.17,0,Cold
3177,27.21,48.0,455.0,583.0,1,0,0.53,0.6,0.45,0.331,27.77,27.11,27.34,2,Neutral
3178,19.3,40.6,716.0,145.0,1,1,0.26,0.95,0.49,0.434,19.31,19.22,18.68,2,Neutral
3179,21.46,43.1,400.0,20,0,1,0.99,0.93,0.49,0.189,20.9,19.89,21.44,2,Neutral
3180,21.23,51.4,400.0,20,0,0,0.35,0.81,0.55,0.396,22.05,22.09,20.96,3,Warm
3181,26.69,57.2,400.0,20,0,0,0.37,0.22,0.73,0.27,26.53,26.29,26.65,2,Neutral
3182,23.0,35.7,400.0,20,0,1,0.77,0.97,0.91,0.319,22.78,22.5,23.47,2,Neutral
3183,25.73,67.7,400.0,20,0,1,0.38,0.25,0.88,0.098,25.27,27.24,25.38,2,Neutral
3184,19.31,39.5,400.0,20,0,0,0.87,0.46,0.46,0.403,19.8,18.92,19.37,1,Cool
3185,18.45,68.6,400.0,20,0,1,0.36,0.49,0.91,0.283,19.07,19.71,18.35,2,Neutral
3186,18.23,68.2,400.0,20,0,0,0.35,0.77,0.82,0.347,17.15,19.83,18.36,0,Cold
3187,25.69,57.7,400.0,20,0,1,0.3,0.26,0.24,0.36,25.82,25.68,25.99,0,Cold
3188,27.29,55.3,575.0,237.0,1,1,0.64,0.67,0.63,0.231,26.48,26.65,27.31,4,Hot
3189,24.72,52.0,713.0,185.0,1,1,0.39,1.0,0.31,0.28,24.41,25.27,25.21,2,Neutral
3190,23.26,62.1,693.0,665.0,1,0,0.52,0.39,0.41,0.319,23.46,22.67,23.51,2,Neutral
3191,21.25,45.0,563.0,554.0,1,1,0.11,0.25,0.85,0.386,21.11,21.26,21.26,2,Neutral
3192,20.88,36.6,400.0,20,0,0,0.25,0.49,0.24,0.163,20.97,21.02,20.62,2,Neutral
3193,21.04,69.5,490.0,652.0,1,1,0.51,0.01,0.79,0.168,19.9,19.83,21.21,3,Warm
3194,18.89,41.0,657.0,317.0,1,0,0.24,0.12,0.77,0.306,18.02,19.83,18.46,2,Neutral
3195,25.79,56.1,622.0,414.0,1,1,0.31,0.16,0.88,0.171,25.41,24.82,25.97,4,Hot
3196,20.47,34.2,400.0,20,0,1,0.69,0.72,0.47,0.127,20.77,19.5,20.16,2,Neutral
3197,24.07,51.6,652.0,394.0,1,1,0.8,0.83,0.81,0.263,23.92,23.69,24.24,2,Neutral
3198,19.78,56.7,608.0,144.0,1,1,0.32,0.16,0.3,0.117,18.53,19.82,19.72,2,Neutral
3199,23.05,60.3,400.0,20,0,0,0.56,0.07,0.04,0.257,23.77,24.5,22.94,0,Cold
3200,19.14,42.3,400.0,20,0,1,0.21,0.09,0.14,0.245,18.78,17.55,19.79,3,Warm
3201,22.98,50.8,400.0,20,0,0,0.25,0.55,0.34,0.263,22.68,23.05,22.72,1,Cool
3202,25.04,33.0,400.0,20,0,1,0.43,0.99,0.46,0.144,25.17,25.29,24.8,2,Neutral
3203,19.36,35.6,400.0,20,0,0,0.66,0.44,0.51,0.256,19.87,19.74,19.59,2,Neutral
3204,27.48,35.3,707.0,325.0,1,0,0.04,0.71,0.95,0.181,27.88,27.57,27.92,2,Neutral
3205,27.64,31.8,400.0,20,0,0,0.7,0.96,0.67,0.206,27.52,27.55,27.11,2,Neutral
3206,20.14,68.5,400.0,20,0,1,0.33,0.27,0.86,0.298,19.15,18.18,19.92,2,Neutral
3207,20.13,46.5,400.0,20,0,1,0.9,0.41,0.11,0.211,21.33,20.12,20.6,2,Neutral
3208,27.44,33.9,629.0,283.0,1,1,0.95,0.38,0.17,0.105,27.82,28.74,27.65,2,Neutral
3209,21.4,63.0,416.0,149.0,1,1,0.2,0.18,0.73,0.086,20.8,21.24,21.59,2,Neutral
3210,25.66,53.4,400.0,20,0,1,0.19,0.7,0.91,0.436,25.99,25.43,25.82,2,Neutral
3211,19.47,67.0,652.0,611.0,1,0,0.34,0.86,0.61,0.13,19.8,18.92,19.54,1,Cool
3212,23.94,40.4,400.0,20,0,1,0.64,0.13,1.0,0.219,23.95,24.61,23.96,2,Neutral
3213,21.12,49.2,400.0,20,0,1,0.24,0.81,0.7,0.247,21.28,20.97,20.61,2,Neutral
3214,20.23,50.0,400.0,20,0,1,0.76,0.42,0.33,0.262,20.01,20.3,19.7,0,Cold
3215,24.43,51.2,400.0,20,0,1,0.51,0.63,0.75,0.185,24.57,24.68,24.42,2,Neutral
3216,22.35,56.4,785.0,572.0,1,0,0.63,0.05,0.57,0.308,22.59,22.08,22.57,2,Neutral
3217,21.58,59.6,400.0,20,0,0,0.37,0.52,0.38,0.17,20.72,21.42,21.44,4,Hot
3218,23.1,46.4,400.0,20,0,1,0.2,0.67,0.89,0.29,23.39,22.41,22.46,2,Neutral
3219,21.17,66.2,400.0,20,0,0,0.19,0.5,0.1,0.317,21.0,19.74,20.97,3,Warm
3220,25.44,55.5,514.0,317.0,1,1,0.21,0.84,0.75,0.18,25.55,25.37,25.38,2,Neutral
3221,22.63,67.3,400.0,20,0,0,0.05,0.17,0.75,0.21,21.79,23.07,22.79,2,Neutral
3222,20.71,62.6,400.0,20,0,0,0.33,0.97,0.51,0.293,20.31,20.96,21.09,2,Neutral
3223,21.35,44.2,671.0,601.0,1,1,0.61,0.04,0.67,0.443,21.07,22.86,21.59,2,Neutral
3224,23.89,65.5,559.0,596.0,1,1,0.86,0.18,0.48,0.256,24.96,23.74,24.12,2,Neutral
3225,20.79,42.0,400.0,20,0,0,0.33,0.62,0.68,0.373,21.66,19.19,20.88,2,Neutral
3226,26.8,62.5,400.0,20,0,1,0.53,0.97,0.43,0.256,27.25,25.47,27.04,2,Neutral
3227,26.74,57.0,644.0,645.0,1,0,0.71,0.79,0.72,0.108,26.42,25.61,26.83,1,Cool
3228,23.78,42.4,437.0,640.0,1,0,0.15,0.41,0.36,0.073,23.88,23.31,23.45,2,Neutral
3229,20.7,38.7,632.0,333.0,1,1,0.04,0.01,0.54,0.261,20.15,20.77,20.31,2,Neutral
3230,18.21,47.9,400.0,20,0,1,0.99,0.76,0.74,0.27,17.88,17.59,18.06,3,Warm
3231,24.24,41.8,400.0,20,0,1,0.36,0.47,0.55,0.196,23.26,23.92,25.07,3,Warm
3232,25.11,48.8,680.0,560.0,1,0,0.22,0.37,0.82,0.39,25.17,24.64,24.98,2,Neutral
3233,24.3,63.6,439.0,236.0,1,0,0.07,0.11,0.92,0.211,25.49,24.43,24.64,1,Cool
3234,22.81,57.5,400.0,20,0,1,0.62,0.84,0.01,0.413,22.7,22.75,22.43,4,Hot
3235,26.73,69.0,400.0,20,0,1,0.76,0.07,0.04,0.129,27.25,27.75,26.6,3,Warm
3236,26.12,36.0,400.0,20,0,1,0.05,0.61,0.81,0.154,26.24,26.8,26.58,3,Warm
3237,24.63,64.1,759.0,225.0,1,1,0.8,0.23,0.47,0.444,24.54,25.55,24.89,0,Cold
3238,20.43,63.9,400.0,20,0,1,0.96,0.72,0.82,0.192,20.49,18.04,20.48,2,Neutral
3239,23.66,33.0,400.0,20,0,1,0.0,0.06,0.09,0.372,23.47,22.92,23.26,2,Neutral
3240,26.16,67.2,400.0,20,0,1,0.67,0.73,0.74,0.198,27.38,25.33,26.17,2,Neutral
3241,18.62,45.5,444.0,252.0,1,0,0.23,0.69,0.61,0.149,18.68,17.42,18.84,2,Neutral
3242,24.8,54.7,792.0,509.0,1,0,0.82,0.37,0.74,0.225,24.08,25.27,24.39,2,Neutral
3243,25.09,61.4,400.0,20,0,0,0.0,0.05,0.47,0.232,24.83,25.92,24.79,0,Cold
3244,22.94,59.8,742.0,649.0,1,0,0.2,0.43,0.75,0.074,22.83,22.63,23.49,2,Neutral
3245,21.68,32.6,400.0,20,0,1,0.04,0.81,0.85,0.226,22.24,22.5,21.02,2,Neutral
3246,18.7,53.1,753.0,658.0,1,0,0.88,0.93,0.63,0.112,18.23,19.27,18.64,2,Neutral
3247,26.9,33.7,561.0,250.0,1,1,0.4,0.23,0.54,0.307,26.91,26.38,26.56,2,Neutral
3248,19.85,54.4,655.0,165.0,1,0,0.87,0.2,0.45,0.113,20.41,19.57,19.41,1,Cool
3249,20.97,40.7,400.0,20,0,1,0.99,0.33,0.5,0.136,20.26,21.49,21.12,1,Cool
3250,18.79,32.8,661.0,425.0,1,1,0.38,0.32,0.54,0.386,19.18,18.99,18.92,2,Neutral
3251,26.63,40.4,400.0,20,0,1,0.86,0.32,0.12,0.414,26.69,27.22,26.77,1,Cool
3252,24.18,51.6,471.0,310.0,1,0,0.73,0.34,0.83,0.061,24.66,24.0,23.69,2,Neutral
3253,27.93,48.6,400.0,20,0,1,0.9,0.22,0.69,0.396,28.5,29.08,28.07,0,Cold
3254,24.77,52.1,400.0,20,0,0,0.87,0.01,0.93,0.409,24.67,24.94,24.81,2,Neutral
3255,21.08,48.5,508.0,593.0,1,1,0.89,0.24,0.56,0.186,20.31,20.01,20.76,3,Warm
3256,21.81,55.2,400.0,20,0,0,0.89,0.16,0.09,0.34,21.77,22.35,21.8,2,Neutral
3257,21.69,52.6,513.0,171.0,1,1,0.95,0.36,0.63,0.386,21.57,21.4,21.67,0,Cold
3258,22.15,39.0,573.0,401.0,1,1,0.23,0.69,0.67,0.353,22.12,23.53,21.64,1,Cool
3259,24.2,66.9,400.0,20,0,0,0.52,0.05,0.31,0.263,25.16,24.07,23.54,2,Neutral
3260,22.86,46.6,511.0,299.0,1,1,0.06,0.55,0.31,0.393,22.93,22.13,22.94,2,Neutral
3261,19.45,55.6,480.0,420.0,1,0,0.4,0.08,0.52,0.263,18.26,20.73,19.23,2,Neutral
3262,25.13,69.4,645.0,682.0,1,0,0.38,0.8,0.68,0.442,25.73,26.28,25.07,3,Warm
3263,22.14,31.4,402.0,430.0,1,0,0.0,0.17,0.02,0.394,21.94,22.21,22.24,2,Neutral
3264,19.94,35.4,735.0,466.0,1,1,0.78,1.0,0.09,0.327,20.14,19.39,20.37,1,Cool
3265,23.37,45.2,400.0,20,0,1,0.53,0.39,0.92,0.298,22.14,23.44,23.73,2,Neutral
3266,27.27,37.6,400.0,20,0,0,0.3,0.51,0.29,0.37,28.51,25.94,27.05,2,Neutral
3267,24.36,43.9,400.0,20,0,1,0.35,0.5,0.37,0.16,23.89,24.67,24.33,1,Cool
3268,26.5,55.5,400.0,20,0,0,0.15,0.63,0.12,0.134,26.98,26.52,26.58,3,Warm
3269,19.14,34.1,745.0,401.0,1,0,0.54,0.09,0.31,0.358,18.6,19.56,19.47,2,Neutral
3270,26.47,56.1,400.0,20,0,0,0.25,0.46,0.81,0.149,25.92,28.31,26.38,2,Neutral
3271,20.9,60.1,485.0,374.0,1,0,0.82,0.72,0.91,0.111,21.15,20.36,20.35,1,Cool
3272,22.17,58.6,448.0,183.0,1,1,0.11,0.15,0.9,0.073,23.0,24.21,22.06,4,Hot
3273,22.53,57.9,715.0,562.0,1,0,0.96,0.72,0.57,0.279,22.77,22.58,22.17,2,Neutral
3274,20.78,67.9,400.0,20,0,1,0.54,0.94,0.15,0.25,20.59,18.41,20.71,2,Neutral
3275,22.47,60.5,400.0,20,0,0,0.87,0.32,0.54,0.246,22.24,21.0,21.97,2,Neutral
3276,26.56,30.1,400.0,20,0,0,0.74,0.23,0.33,0.155,26.92,27.18,26.48,1,Cool
3277,21.09,59.2,400.0,20,0,0,0.68,0.08,0.6,0.125,20.9,21.54,21.19,2,Neutral
3278,26.13,48.1,400.0,20,0,1,0.26,0.59,0.94,0.163,25.11,25.04,26.88,1,Cool
3279,19.78,54.3,400.0,20,0,1,0.39,0.04,0.66,0.439,21.0,19.52,19.51,3,Warm
3280,22.31,39.0,400.0,20,0,1,0.49,0.83,0.94,0.073,22.2,22.96,22.29,4,Hot
3281,23.91,68.3,400.0,20,0,0,0.46,0.53,0.24,0.213,23.82,23.99,24.55,2,Neutral
3282,25.39,50.1,400.0,20,0,0,0.2,0.39,0.53,0.425,25.35,26.44,25.5,2,Neutral
3283,25.14,30.2,400.0,20,0,0,0.21,0.2,0.01,0.08,25.02,26.28,25.46,4,Hot
3284,27.68,36.1,400.0,20,0,0,0.35,0.15,0.81,0.346,28.49,27.31,28.27,2,Neutral
3285,20.05,45.1,517.0,669.0,1,0,0.36,0.82,0.13,0.366,18.77,20.83,19.87,2,Neutral
3286,21.33,32.1,502.0,438.0,1,1,0.76,0.41,0.11,0.132,21.47,20.16,21.19,2,Neutral
3287,26.17,51.5,606.0,426.0,1,1,0.29,0.26,0.99,0.316,26.65,25.68,25.94,2,Neutral
3288,27.78,49.5,400.0,20,0,0,0.62,0.92,0.36,0.112,28.94,26.33,27.75,1,Cool
3289,26.38,64.2,469.0,190.0,1,1,0.53,0.29,0.17,0.303,26.25,26.67,26.19,2,Neutral
3290,27.86,69.1,786.0,541.0,1,0,0.04,0.12,0.86,0.128,28.42,28.08,28.0,1,Cool
3291,25.63,34.2,779.0,163.0,1,1,0.18,0.35,0.36,0.185,26.08,24.55,26.07,3,Warm
3292,19.14,30.5,400.0,20,0,0,0.74,0.33,0.34,0.378,19.57,21.08,19.19,0,Cold
3293,18.5,56.3,771.0,413.0,1,1,0.72,0.51,0.12,0.142,18.36,18.59,17.9,4,Hot
3294,24.34,35.4,400.0,20,0,1,0.1,0.81,0.09,0.247,24.22,24.59,24.03,2,Neutral
3295,19.64,49.6,400.0,20,0,1,0.88,0.94,0.44,0.235,18.63,17.64,19.22,2,Neutral
3296,19.91,49.0,400.0,20,0,0,0.63,0.54,0.34,0.292,20.17,20.22,20.01,2,Neutral
3297,19.73,42.2,422.0,237.0,1,1,0.59,0.26,0.14,0.122,20.63,21.28,19.02,2,Neutral
3298,19.34,52.3,400.0,20,0,0,0.37,0.97,0.74,0.425,18.82,19.31,19.2,1,Cool
3299,22.03,60.7,400.0,20,0,1,0.04,0.33,0.74,0.057,22.08,20.66,22.31,2,Neutral
3300,27.84,63.4,400.0,20,0,0,0.96,0.09,0.2,0.394,27.09,27.67,27.72,2,Neutral
3301,23.65,69.9,680.0,378.0,1,1,0.55,0.81,0.69,0.093,23.29,23.04,23.42,1,Cool
3302,22.39,37.3,400.0,20,0,0,0.61,0.02,0.16,0.394,21.99,23.33,22.0,2,Neutral
3303,20.31,65.5,542.0,414.0,1,0,0.46,0.24,0.55,0.194,19.78,21.43,20.35,3,Warm
3304,25.65,52.5,400.0,20,0,1,0.95,0.37,0.35,0.223,25.64,26.08,26.13,2,Neutral
3305,20.33,67.5,400.0,20,0,0,0.56,0.57,0.81,0.344,21.31,20.61,19.81,2,Neutral
3306,21.94,51.0,400.0,20,0,0,0.37,0.18,0.56,0.127,22.57,21.68,22.14,2,Neutral
3307,20.58,54.8,427.0,159.0,1,1,0.21,0.38,0.74,0.236,20.58,19.67,20.34,3,Warm
3308,23.96,60.7,551.0,682.0,1,1,0.7,0.35,0.23,0.406,24.31,26.74,24.48,2,Neutral
3309,18.5,43.9,746.0,156.0,1,0,0.36,0.47,0.07,0.171,17.8,18.98,18.42,4,Hot
3310,23.64,50.1,733.0,397.0,1,1,0.65,0.74,0.71,0.171,23.98,22.61,23.33,2,Neutral
3311,22.89,69.9,400.0,20,0,1,0.66,0.66,0.38,0.392,22.18,23.14,22.56,1,Cool
3312,21.86,50.7,646.0,112.0,1,1,0.32,0.45,0.03,0.113,21.69,21.53,21.87,3,Warm
3313,26.13,62.4,400.0,20,0,0,0.13,0.4,0.24,0.208,26.0,26.9,25.72,0,Cold
3314,21.53,44.0,400.0,20,0,0,0.2,0.81,0.95,0.3,21.62,20.35,21.88,2,Neutral
3315,19.45,61.5,400.0,20,0,1,0.12,0.55,0.8,0.242,18.65,19.92,19.36,2,Neutral
3316,24.99,47.8,400.0,20,0,1,0.2,0.04,0.61,0.334,24.9,24.47,25.17,2,Neutral
3317,20.39,62.6,579.0,343.0,1,1,0.37,0.43,0.06,0.321,19.66,20.1,20.35,2,Neutral
3318,25.62,59.8,427.0,333.0,1,0,0.4,0.72,0.9,0.35,25.17,26.33,25.57,2,Neutral
3319,21.92,62.7,584.0,120.0,1,0,0.1,0.42,0.61,0.449,21.75,23.08,22.24,3,Warm
3320,21.82,40.3,400.0,20,0,1,0.26,0.2,0.05,0.206,21.8,21.99,22.09,2,Neutral
3321,26.33,37.0,400.0,20,0,1,0.64,0.15,0.07,0.079,25.35,26.34,26.2,2,Neutral
3322,24.25,32.4,400.0,20,0,1,0.86,0.03,0.33,0.42,24.69,24.3,24.15,4,Hot
3323,23.87,66.0,682.0,335.0,1,1,0.57,0.14,0.88,0.372,23.36,23.7,24.18,3,Warm
3324,20.26,34.9,653.0,186.0,1,0,0.03,0.74,0.94,0.31,20.7,18.69,20.43,2,Neutral
3325,27.56,41.6,691.0,344.0,1,1,0.25,0.12,0.41,0.196,27.9,27.71,27.89,4,Hot
3326,22.75,45.8,525.0,211.0,1,1,0.92,0.07,0.64,0.283,22.78,21.76,22.56,2,Neutral
3327,22.45,50.3,400.0,20,0,0,0.78,0.9,0.77,0.234,23.27,22.68,22.47,1,Cool
3328,23.28,32.9,400.0,20,0,0,0.49,0.36,0.0,0.129,23.99,22.31,23.23,2,Neutral
3329,26.29,67.7,744.0,285.0,1,1,0.5,0.68,0.71,0.404,25.72,26.81,26.5,0,Cold
3330,21.62,56.2,587.0,300.0,1,1,0.78,0.67,0.17,0.072,21.27,22.51,21.77,2,Neutral
3331,27.7,45.2,400.0,20,0,1,0.26,0.29,0.42,0.344,27.94,27.4,28.33,0,Cold
3332,27.85,46.7,761.0,207.0,1,1,0.02,0.91,0.64,0.305,27.92,27.81,27.73,2,Neutral
3333,21.26,69.6,447.0,472.0,1,1,0.26,0.34,0.04,0.372,21.41,21.35,21.22,1,Cool
3334,22.25,64.6,400.0,20,0,0,0.19,0.72,0.39,0.376,22.21,22.97,21.84,3,Warm
3335,24.09,34.0,443.0,130.0,1,0,0.67,0.99,0.88,0.186,24.42,24.55,23.55,2,Neutral
3336,27.07,55.4,484.0,278.0,1,0,0.43,0.66,0.14,0.219,27.12,27.22,26.91,1,Cool
3337,21.22,53.1,400.0,20,0,1,0.67,0.55,0.76,0.239,21.01,18.82,21.58,2,Neutral
3338,26.78,35.3,679.0,109.0,1,0,0.3,0.35,0.92,0.218,26.08,26.46,26.53,4,Hot
3339,18.22,49.6,460.0,646.0,1,1,0.99,0.98,0.41,0.39,19.19,19.01,18.73,1,Cool
3340,26.65,58.3,400.0,20,0,1,0.4,0.79,0.88,0.09,26.87,26.48,26.92,0,Cold
3341,26.49,53.8,400.0,20,0,1,0.08,0.63,0.44,0.051,26.6,27.27,25.75,2,Neutral
3342,21.72,48.9,400.0,20,0,1,0.96,0.11,0.33,0.372,21.95,21.75,21.46,2,Neutral
3343,24.66,52.6,616.0,681.0,1,0,0.62,0.76,0.74,0.306,24.92,23.17,24.72,1,Cool
3344,27.76,66.5,517.0,619.0,1,1,0.17,0.11,0.45,0.334,28.07,26.71,28.28,2,Neutral
3345,22.58,58.3,731.0,136.0,1,0,0.85,0.41,0.29,0.286,22.75,23.22,23.22,2,Neutral
3346,19.83,69.1,400.0,20,0,0,0.35,0.66,0.12,0.431,19.7,19.17,19.12,2,Neutral
3347,25.91,65.3,400.0,20,0,1,0.6,0.15,0.19,0.25,25.4,24.08,25.07,0,Cold
3348,27.31,38.8,487.0,373.0,1,1,0.98,0.63,0.33,0.143,28.12,26.63,26.69,2,Neutral
3349,19.32,41.9,400.0,20,0,0,0.08,0.07,0.96,0.103,18.68,20.5,19.08,2,Neutral
3350,26.79,56.0,400.0,20,0,0,0.03,0.68,0.35,0.119,26.41,26.84,26.84,1,Cool
3351,21.34,59.0,744.0,696.0,1,1,0.68,0.88,0.94,0.23,20.8,21.3,21.16,3,Warm
3352,21.64,41.4,400.0,20,0,0,0.65,0.59,0.04,0.238,21.42,20.03,21.79,2,Neutral
3353,21.88,39.7,400.0,20,0,0,0.67,0.13,0.71,0.32,20.59,20.3,21.99,2,Neutral
3354,24.73,66.7,400.0,20,0,0,0.44,0.88,0.19,0.309,24.29,24.45,24.47,2,Neutral
3355,23.45,69.3,764.0,259.0,1,1,0.93,0.5,0.63,0.423,23.39,22.76,23.24,2,Neutral
3356,26.04,54.7,516.0,522.0,1,0,0.82,0.11,0.13,0.217,26.28,27.38,25.94,2,Neutral
3357,24.93,58.0,400.0,20,0,1,0.04,0.19,0.47,0.066,25.3,23.49,24.75,4,Hot
3358,18.48,39.6,400.0,20,0,1,0.18,0.16,0.65,0.101,18.37,17.96,18.29,2,Neutral
3359,18.91,36.0,400.0,20,0,1,0.73,0.48,0.47,0.325,19.6,19.16,18.79,1,Cool
3360,18.02,37.2,400.0,20,0,0,0.5,0.73,0.14,0.138,17.64,17.2,17.56,2,Neutral
3361,22.33,31.3,547.0,642.0,1,0,0.99,0.45,0.57,0.069,21.52,21.48,22.23,2,Neutral
3362,25.58,69.9,495.0,661.0,1,1,0.62,0.67,0.68,0.416,24.38,24.33,25.69,1,Cool
3363,24.63,58.2,742.0,368.0,1,0,0.91,0.4,0.48,0.31,24.64,23.39,25.21,2,Neutral
3364,23.0,61.8,400.0,20,0,1,0.49,0.53,0.13,0.187,23.2,23.38,22.88,3,Warm
3365,21.73,36.2,400.0,20,0,1,0.73,0.92,0.77,0.085,22.49,21.66,22.18,2,Neutral
3366,27.04,34.3,400.0,20,0,0,0.19,0.75,0.68,0.365,26.5,27.18,26.97,0,Cold
3367,26.03,40.2,700.0,593.0,1,1,0.87,0.26,0.08,0.412,26.45,25.82,26.21,2,Neutral
3368,19.54,45.9,578.0,367.0,1,0,0.25,0.71,0.78,0.427,19.39,19.65,19.61,3,Warm
3369,23.36,47.5,627.0,384.0,1,0,0.82,0.5,0.21,0.164,22.8,23.38,23.47,3,Warm
3370,24.19,34.2,400.0,20,0,0,0.77,0.85,0.57,0.256,24.13,24.07,23.97,1,Cool
3371,23.92,57.0,400.0,20,0,1,0.93,0.27,0.44,0.06,24.73,23.05,24.37,2,Neutral
3372,26.27,61.2,400.0,20,0,1,0.65,0.83,0.74,0.361,26.3,26.64,25.83,4,Hot
3373,19.37,61.8,400.0,20,0,0,0.65,0.25,0.17,0.427,19.59,19.07,19.26,2,Neutral
3374,25.59,65.3,521.0,487.0,1,1,0.08,0.37,0.58,0.101,25.94,24.43,25.34,1,Cool
3375,23.86,35.7,400.0,20,0,0,0.96,0.68,0.44,0.447,24.25,23.58,23.75,2,Neutral
3376,19.34,32.1,400.0,20,0,0,0.57,0.51,0.58,0.348,19.08,20.22,18.98,3,Warm
3377,25.5,42.2,617.0,304.0,1,0,0.79,0.78,0.19,0.346,24.42,25.36,25.6,3,Warm
3378,27.22,35.9,411.0,367.0,1,0,0.39,0.86,0.7,0.44,26.37,28.31,27.34,2,Neutral
3379,25.52,53.1,400.0,20,0,1,0.7,0.32,0.15,0.195,25.77,24.18,25.1,3,Warm
3380,20.57,34.2,400.0,20,0,1,0.94,0.71,0.28,0.201,20.86,19.62,19.83,2,Neutral
3381,24.19,59.1,671.0,478.0,1,0,0.65,0.5,0.18,0.4,23.47,24.51,24.41,0,Cold
3382,25.02,49.0,400.0,20,0,1,0.78,0.33,0.63,0.329,24.52,24.16,24.21,2,Neutral
3383,25.41,49.2,400.0,20,0,1,0.15,0.54,0.46,0.054,26.05,24.6,25.49,1,Cool
3384,22.13,48.2,681.0,606.0,1,0,0.44,0.53,0.87,0.269,21.68,20.68,22.53,2,Neutral
3385,23.17,52.0,714.0,406.0,1,0,0.05,0.97,0.04,0.343,23.28,22.49,22.87,2,Neutral
3386,19.49,57.7,400.0,20,0,0,0.96,0.79,0.38,0.272,20.02,20.32,19.41,2,Neutral
3387,22.25,60.1,400.0,20,0,0,0.49,0.64,0.5,0.3,23.29,22.2,22.02,3,Warm
3388,22.18,65.5,648.0,686.0,1,0,0.64,0.77,0.65,0.394,21.59,23.11,21.91,3,Warm
3389,25.93,41.5,400.0,20,0,1,0.77,0.91,0.41,0.233,26.86,25.81,25.75,2,Neutral
3390,22.89,43.7,400.0,20,0,1,0.83,0.23,0.83,0.343,21.81,22.57,22.63,2,Neutral
3391,18.73,35.4,588.0,579.0,1,0,0.49,0.04,0.22,0.095,19.06,18.09,18.62,2,Neutral
3392,19.34,33.5,433.0,286.0,1,1,0.84,0.92,0.06,0.236,18.82,18.99,19.62,2,Neutral
3393,24.21,50.7,400.0,20,0,1,0.31,0.33,0.36,0.395,24.08,23.78,23.61,3,Warm
3394,18.08,52.7,626.0,372.0,1,0,0.3,0.79,0.15,0.21,17.06,18.85,17.92,2,Neutral
3395,20.09,41.4,666.0,570.0,1,0,0.22,0.23,0.97,0.428,20.64,20.81,19.84,2,Neutral
3396,24.83,56.9,515.0,213.0,1,0,0.79,0.36,0.08,0.071,25.78,23.72,24.82,4,Hot
3397,24.06,40.5,400.0,20,0,0,0.98,0.33,0.39,0.078,24.68,23.24,24.29,2,Neutral
3398,21.56,34.7,400.0,20,0,0,0.1,0.3,0.63,0.14,20.56,24.37,21.77,1,Cool
3399,19.57,35.9,400.0,20,0,0,0.62,0.02,0.85,0.073,20.36,19.97,19.31,1,Cool
3400,26.47,34.7,627.0,130.0,1,0,0.23,0.51,0.88,0.422,26.32,27.28,26.55,2,Neutral
3401,23.49,44.0,400.0,20,0,0,0.23,0.35,0.76,0.436,23.29,23.32,23.5,2,Neutral
3402,23.76,44.7,400.0,20,0,0,0.08,0.96,0.13,0.311,22.34,23.72,23.42,0,Cold
3403,25.93,51.1,512.0,264.0,1,0,0.8,0.86,0.16,0.302,25.93,25.16,26.02,2,Neutral
3404,19.4,43.7,400.0,20,0,1,0.46,0.88,0.73,0.076,18.68,18.73,19.34,2,Neutral
3405,27.09,49.8,400.0,20,0,0,0.19,0.95,0.11,0.24,27.33,26.75,27.55,2,Neutral
3406,23.93,45.1,786.0,164.0,1,0,0.1,0.58,0.99,0.13,24.18,24.79,24.47,2,Neutral
3407,20.7,47.1,400.0,20,0,0,0.95,0.81,0.18,0.251,21.1,20.24,20.35,2,Neutral
3408,25.22,43.4,611.0,609.0,1,0,0.67,0.36,0.51,0.197,25.06,23.58,25.13,3,Warm
3409,21.41,45.4,564.0,137.0,1,0,0.04,0.15,0.61,0.201,21.95,19.29,20.91,2,Neutral
3410,25.13,39.9,516.0,631.0,1,0,0.07,0.06,0.7,0.11,24.97,23.42,24.72,2,Neutral
3411,24.14,68.0,400.0,20,0,0,0.84,0.78,0.05,0.257,24.09,23.64,24.11,2,Neutral
3412,19.47,46.5,400.0,20,0,0,0.88,0.34,0.46,0.23,19.42,18.94,18.74,3,Warm
3413,24.86,65.9,400.0,20,0,0,0.04,0.53,0.49,0.42,24.75,23.6,24.51,3,Warm
3414,25.22,46.3,400.0,20,0,1,0.31,0.03,0.61,0.261,24.88,24.19,25.59,4,Hot
3415,22.98,39.5,400.0,20,0,1,0.28,0.53,0.22,0.419,22.96,22.34,22.7,2,Neutral
3416,21.37,59.0,743.0,447.0,1,1,0.11,0.65,0.64,0.08,21.76,21.13,21.29,2,Neutral
3417,20.28,58.1,400.0,20,0,0,0.9,0.29,0.28,0.355,19.75,19.73,20.57,2,Neutral
3418,24.22,37.6,400.0,20,0,0,0.7,0.04,0.99,0.232,24.44,23.48,24.12,2,Neutral
3419,21.88,35.5,555.0,686.0,1,1,0.03,0.89,0.77,0.056,20.59,22.26,21.78,3,Warm
3420,22.55,43.1,501.0,559.0,1,0,0.99,0.96,0.32,0.233,22.39,21.57,22.98,4,Hot
3421,23.27,52.9,400.0,20,0,1,0.76,0.93,0.58,0.352,23.22,24.17,23.3,2,Neutral
3422,24.19,37.8,400.0,20,0,1,0.63,0.26,0.62,0.378,24.61,24.76,24.3,2,Neutral
3423,21.06,61.4,690.0,406.0,1,1,0.79,0.09,0.96,0.395,20.05,20.84,21.46,2,Neutral
3424,19.07,36.2,400.0,20,0,0,0.65,0.53,0.92,0.246,18.64,18.68,19.2,1,Cool
3425,18.57,49.8,400.0,20,0,0,0.63,0.24,0.06,0.427,19.49,18.09,18.3,1,Cool
3426,18.64,39.6,776.0,402.0,1,1,0.32,0.52,0.63,0.397,19.26,17.45,19.18,2,Neutral
3427,25.08,48.2,400.0,20,0,0,0.13,0.51,0.76,0.373,25.03,25.31,25.62,1,Cool
3428,19.79,62.2,400.0,20,0,0,0.97,0.39,0.04,0.413,20.07,19.86,19.84,2,Neutral
3429,25.68,42.9,400.0,20,0,1,0.0,0.29,0.96,0.133,24.9,25.44,25.56,2,Neutral
3430,25.68,40.1,400.0,20,0,1,0.96,0.36,0.83,0.187,25.34,26.71,25.62,4,Hot
3431,27.98,31.6,707.0,190.0,1,1,0.11,0.05,0.96,0.313,28.51,26.99,27.84,2,Neutral
3432,22.83,39.3,505.0,636.0,1,0,0.4,0.54,0.58,0.23,22.45,23.03,22.73,2,Neutral
3433,27.66,55.2,400.0,20,0,0,0.88,0.22,0.7,0.365,27.73,27.76,28.61,2,Neutral
3434,19.2,41.6,400.0,20,0,1,0.79,0.91,0.27,0.309,18.9,18.83,18.75,2,Neutral
3435,22.24,44.1,400.0,20,0,0,0.15,0.33,0.66,0.11,23.35,21.51,22.07,2,Neutral
3436,19.8,52.6,440.0,697.0,1,0,0.44,0.73,0.02,0.052,19.5,20.93,19.67,2,Neutral
3437,23.58,51.6,453.0,411.0,1,0,0.67,0.67,0.5,0.404,22.09,23.99,23.28,2,Neutral
3438,24.69,52.7,662.0,148.0,1,0,0.3,0.33,0.65,0.417,24.05,24.04,24.85,2,Neutral
3439,25.93,37.9,400.0,20,0,1,0.24,0.04,0.1,0.129,26.01,25.59,25.82,2,Neutral
3440,18.87,65.5,726.0,155.0,1,0,0.53,0.42,0.57,0.071,19.15,18.43,18.6,3,Warm
3441,22.91,33.1,400.0,20,0,1,0.42,0.69,0.87,0.221,22.94,23.66,22.48,2,Neutral
3442,21.93,54.0,679.0,295.0,1,1,0.85,0.92,0.3,0.292,21.18,21.08,22.48,2,Neutral
3443,27.92,44.6,522.0,221.0,1,0,0.92,0.42,0.62,0.076,28.48,27.07,27.56,2,Neutral
3444,18.2,37.6,400.0,547.0,1,0,0.89,0.2,0.01,0.249,18.44,16.75,18.16,2,Neutral
3445,23.49,42.0,400.0,20,0,1,0.34,0.34,0.35,0.153,23.92,22.93,23.08,0,Cold
3446,27.52,31.7,698.0,675.0,1,1,0.59,0.1,0.02,0.174,26.56,26.78,27.94,2,Neutral
3447,26.47,60.5,788.0,689.0,1,0,0.47,0.16,0.14,0.085,26.89,26.26,26.14,4,Hot
3448,22.48,51.4,610.0,338.0,1,0,0.44,0.58,0.12,0.351,22.32,22.01,22.61,2,Neutral
3449,25.36,43.2,487.0,166.0,1,1,0.15,0.3,0.7,0.193,25.07,23.65,25.1,3,Warm
3450,19.48,35.5,753.0,571.0,1,0,0.63,0.89,0.82,0.209,19.1,19.26,19.5,0,Cold
3451,19.43,33.7,400.0,20,0,0,0.97,0.5,0.6,0.128,18.49,18.09,19.94,2,Neutral
3452,26.85,56.5,400.0,20,0,0,0.39,0.18,0.56,0.292,27.55,26.96,27.1,2,Neutral
3453,25.42,56.4,400.0,20,0,1,0.78,0.69,0.94,0.3,25.9,26.08,25.2,2,Neutral
3454,21.33,54.7,421.0,352.0,1,1,0.7,0.54,0.43,0.227,21.2,21.51,21.55,2,Neutral
3455,22.63,41.7,400.0,20,0,1,0.96,0.33,0.07,0.231,23.16,22.09,22.27,2,Neutral
3456,27.79,44.5,651.0,183.0,1,0,0.9,0.53,0.96,0.365,26.53,27.18,28.02,3,Warm
3457,27.03,41.4,400.0,20,0,0,0.85,0.19,0.4,0.064,27.45,26.48,27.34,2,Neutral
3458,26.27,62.9,581.0,620.0,1,1,0.88,0.73,0.39,0.142,27.09,26.71,26.52,3,Warm
3459,20.02,40.4,400.0,20,0,0,0.12,0.64,0.45,0.06,19.41,21.06,20.04,2,Neutral
3460,19.82,65.2,400.0,20,0,1,0.09,0.81,0.72,0.343,19.53,19.45,20.28,3,Warm
3461,20.09,66.8,400.0,20,0,0,0.28,0.56,0.78,0.28,20.4,20.45,20.74,2,Neutral
3462,19.62,60.0,420.0,628.0,1,1,0.96,0.31,0.69,0.377,19.84,20.67,19.81,3,Warm
3463,24.46,49.0,400.0,20,0,1,0.83,0.81,0.88,0.366,24.19,22.61,24.2,2,Neutral
3464,23.74,59.9,560.0,545.0,1,0,0.94,0.13,0.64,0.255,23.51,23.76,23.85,2,Neutral
3465,20.47,68.6,703.0,305.0,1,1,0.87,0.42,0.73,0.203,20.37,19.61,20.81,3,Warm
3466,22.58,40.3,768.0,598.0,1,0,0.29,0.21,0.06,0.16,22.4,21.06,22.13,3,Warm
3467,26.31,63.8,400.0,20,0,1,0.34,0.28,0.93,0.275,27.75,26.49,25.98,1,Cool
3468,27.02,59.7,560.0,510.0,1,1,0.47,0.25,0.74,0.247,27.63,26.73,26.98,2,Neutral
3469,25.59,41.6,429.0,613.0,1,1,0.75,0.28,0.14,0.395,25.41,25.26,24.86,2,Neutral
3470,22.92,38.3,602.0,498.0,1,1,0.12,0.01,0.97,0.197,22.71,22.64,23.33,2,Neutral
3471,27.82,32.1,400.0,20,0,0,0.03,0.32,0.7,0.191,27.59,27.79,27.75,2,Neutral
3472,20.0,62.8,636.0,446.0,1,1,0.76,0.28,0.36,0.245,20.54,20.16,20.92,2,Neutral
3473,26.91,33.3,400.0,20,0,1,0.52,0.05,0.14,0.255,26.16,26.65,26.72,1,Cool
3474,24.8,31.1,533.0,205.0,1,1,0.2,0.49,0.59,0.156,24.97,24.92,25.03,1,Cool
3475,21.83,50.6,676.0,667.0,1,1,0.31,0.65,0.52,0.219,22.32,21.98,21.31,2,Neutral
3476,18.56,47.3,552.0,566.0,1,0,0.61,0.2,0.05,0.167,19.71,18.0,18.63,2,Neutral
3477,20.21,36.3,608.0,498.0,1,1,0.74,0.12,0.42,0.383,19.13,19.42,20.67,1,Cool
3478,27.16,62.9,439.0,352.0,1,0,0.8,0.27,0.13,0.092,28.04,26.21,27.3,2,Neutral
3479,18.37,49.5,400.0,20,0,1,0.85,0.24,0.12,0.398,18.58,18.57,18.32,2,Neutral
3480,27.09,31.4,400.0,20,0,1,0.14,0.73,0.74,0.318,26.18,27.2,27.16,2,Neutral
3481,23.97,55.7,400.0,20,0,1,0.02,0.26,0.32,0.303,24.38,22.62,24.16,2,Neutral
3482,26.86,57.7,400.0,20,0,0,0.55,0.76,0.53,0.302,27.43,27.33,27.39,2,Neutral
3483,19.0,60.5,400.0,20,0,0,0.1,0.18,0.66,0.113,18.86,19.62,19.17,2,Neutral
3484,18.23,40.9,716.0,381.0,1,0,0.36,0.06,0.22,0.266,18.82,15.52,17.91,3,Warm
3485,25.73,48.4,400.0,20,0,0,0.6,0.67,0.98,0.274,26.25,26.61,25.73,0,Cold
3486,20.62,57.9,400.0,20,0,1,0.82,0.64,0.58,0.389,21.29,20.05,21.15,2,Neutral
3487,27.41,40.7,767.0,511.0,1,1,0.14,0.61,0.3,0.102,28.13,26.89,27.53,2,Neutral
3488,25.82,36.0,400.0,20,0,0,0.6,0.13,0.68,0.187,26.07,26.79,25.27,2,Neutral
3489,27.17,32.9,716.0,630.0,1,0,0.54,0.54,0.13,0.443,27.81,28.41,26.96,2,Neutral
3490,24.06,66.8,400.0,20,0,0,0.25,0.27,0.2,0.266,23.55,25.11,24.48,2,Neutral
3491,18.8,37.5,400.0,20,0,1,0.27,0.32,0.7,0.335,19.41,19.46,18.75,2,Neutral
3492,18.08,46.1,758.0,135.0,1,1,0.53,0.07,0.9,0.387,17.82,17.25,18.5,3,Warm
3493,27.89,46.3,400.0,20,0,0,0.28,1.0,0.32,0.447,28.48,28.82,28.04,4,Hot
3494,21.17,57.0,401.0,510.0,1,1,0.74,0.25,0.41,0.084,21.32,20.7,21.37,2,Neutral
3495,21.88,53.8,400.0,20,0,0,0.2,0.89,0.35,0.343,22.08,21.39,22.22,0,Cold
3496,20.07,57.2,400.0,20,0,1,0.57,0.48,0.4,0.346,20.0,19.45,20.31,4,Hot
3497,26.41,64.4,466.0,576.0,1,0,0.2,0.91,0.54,0.22,25.68,25.97,26.09,3,Warm
3498,25.44,51.0,575.0,643.0,1,1,0.84,0.32,0.39,0.329,24.9,25.3,25.17,2,Neutral
3499,20.79,37.2,603.0,318.0,1,1,0.83,0.35,0.8,0.188,20.53,20.81,21.17,3,Warm
3500,23.38,49.9,461.0,456.0,1,0,0.93,0.84,0.37,0.43,23.2,23.43,22.57,2,Neutral
3501,24.08,65.3,400.0,20,0,1,0.31,0.57,0.08,0.226,23.14,23.65,25.23,2,Neutral
3502,23.55,36.1,400.0,20,0,1,0.72,0.41,0.69,0.101,22.75,22.89,23.51,2,Neutral
3503,26.64,52.5,445.0,190.0,1,1,0.29,0.76,0.85,0.215,27.56,25.26,26.09,2,Neutral
3504,20.53,58.2,592.0,341.0,1,1,0.94,0.78,0.74,0.323,19.95,22.29,20.67,3,Warm
3505,23.32,30.7,400.0,20,0,1,0.29,0.84,0.98,0.329,22.8,23.81,23.07,2,Neutral
3506,19.34,63.0,400.0,20,0,1,0.27,0.93,0.77,0.05,19.78,17.26,19.32,1,Cool
3507,27.55,57.4,774.0,646.0,1,0,0.77,0.13,0.69,0.073,26.3,26.61,27.71,3,Warm
3508,22.56,44.4,626.0,129.0,1,0,0.35,0.54,0.14,0.052,22.43,21.52,21.98,2,Neutral
3509,27.01,48.0,400.0,20,0,1,0.62,0.39,0.02,0.441,26.93,28.23,27.51,0,Cold
3510,19.15,68.1,409.0,663.0,1,1,0.02,0.07,0.66,0.222,18.72,19.66,19.19,3,Warm
3511,22.36,61.0,400.0,20,0,0,0.86,0.58,0.04,0.442,23.28,22.99,22.4,2,Neutral
3512,27.77,59.9,400.0,20,0,0,0.34,0.04,0.32,0.219,27.55,26.92,28.25,2,Neutral
3513,23.51,41.8,400.0,20,0,0,0.71,0.93,0.46,0.068,22.78,23.58,23.77,2,Neutral
3514,20.65,60.0,400.0,20,0,1,0.88,0.78,0.21,0.11,21.38,21.04,20.63,2,Neutral
3515,23.27,35.2,400.0,20,0,1,0.61,0.08,0.71,0.391,23.08,24.37,23.29,2,Neutral
3516,26.69,51.8,400.0,20,0,0,0.0,0.11,0.73,0.189,26.69,26.14,27.07,4,Hot
3517,22.62,69.5,400.0,20,0,1,0.78,0.08,0.24,0.348,21.14,21.36,22.69,3,Warm
3518,23.67,57.8,542.0,328.0,1,1,0.65,0.33,0.74,0.284,24.13,25.04,23.84,3,Warm
3519,26.22,43.0,400.0,20,0,1,0.61,0.88,0.61,0.05,26.27,26.04,25.53,3,Warm
3520,21.45,52.3,400.0,20,0,1,0.56,0.55,0.24,0.085,21.36,21.88,20.76,4,Hot
3521,27.35,31.2,590.0,133.0,1,0,0.01,0.21,0.9,0.301,26.87,28.08,27.13,2,Neutral
3522,26.27,31.1,482.0,486.0,1,0,0.67,0.84,0.04,0.24,26.65,26.33,26.64,2,Neutral
3523,18.8,49.6,780.0,372.0,1,0,0.56,0.96,0.53,0.438,19.85,19.41,19.19,1,Cool
3524,25.47,67.2,728.0,394.0,1,0,0.19,0.46,0.83,0.31,26.31,24.77,25.11,1,Cool
3525,27.53,47.3,400.0,20,0,1,0.29,0.1,0.65,0.261,26.74,27.66,27.83,3,Warm
3526,23.66,68.9,548.0,609.0,1,1,0.67,0.87,0.18,0.398,23.05,23.27,23.5,2,Neutral
3527,25.56,31.6,400.0,20,0,1,0.32,0.49,0.8,0.279,25.18,25.06,25.64,0,Cold
3528,26.72,65.5,742.0,187.0,1,1,0.82,0.47,0.37,0.275,26.86,27.51,26.94,2,Neutral
3529,23.26,37.3,400.0,20,0,1,0.48,0.93,0.07,0.156,23.07,22.98,23.16,0,Cold
3530,23.59,38.4,400.0,20,0,1,0.23,0.87,0.83,0.435,23.7,23.81,23.74,2,Neutral
3531,23.99,49.8,470.0,446.0,1,1,0.54,0.73,0.05,0.11,22.77,22.67,23.64,2,Neutral
3532,22.99,52.1,735.0,234.0,1,1,0.93,0.57,0.2,0.053,23.67,23.45,23.0,2,Neutral
3533,25.78,38.7,733.0,362.0,1,0,0.68,0.59,0.81,0.383,26.34,25.65,25.68,2,Neutral
3534,20.32,43.6,441.0,625.0,1,1,0.66,0.93,0.69,0.144,21.42,21.55,19.75,2,Neutral
3535,25.69,34.4,400.0,20,0,1,0.87,0.09,0.55,0.159,25.48,24.56,25.81,2,Neutral
3536,18.01,53.7,400.0,20,0,1,0.77,0.05,0.96,0.116,18.22,17.38,18.27,2,Neutral
3537,20.25,46.9,400.0,20,0,0,0.76,0.19,0.6,0.322,20.23,20.18,20.03,2,Neutral
3538,25.78,66.7,400.0,20,0,1,0.16,0.53,0.81,0.15,26.62,26.12,25.9,1,Cool
3539,18.1,60.5,783.0,290.0,1,1,0.95,0.93,0.29,0.092,18.76,18.53,17.9,2,Neutral
3540,27.36,38.0,734.0,457.0,1,1,0.53,0.49,0.76,0.321,27.34,26.46,27.55,3,Warm
3541,22.87,60.8,400.0,20,0,0,0.07,0.75,0.67,0.087,22.5,23.23,22.48,0,Cold
3542,23.22,49.2,488.0,176.0,1,1,0.87,0.43,0.01,0.254,23.21,24.28,23.0,3,Warm
3543,27.81,53.7,400.0,20,0,1,0.45,0.89,0.52,0.117,27.08,28.41,27.41,2,Neutral
3544,20.3,52.2,737.0,667.0,1,1,0.41,0.66,0.24,0.397,20.23,18.52,20.48,4,Hot
3545,27.79,30.2,400.0,20,0,1,0.11,0.25,0.23,0.374,28.25,28.31,28.25,2,Neutral
3546,20.82,36.3,556.0,603.0,1,0,0.75,0.8,0.87,0.149,21.59,20.72,20.49,0,Cold
3547,19.8,51.7,496.0,597.0,1,1,0.28,0.83,0.62,0.098,19.14,19.65,19.5,3,Warm
3548,21.01,55.8,673.0,515.0,1,1,0.44,0.78,0.5,0.2,20.05,19.98,21.35,1,Cool
3549,18.74,45.4,465.0,547.0,1,1,0.89,0.68,0.61,0.256,19.45,17.3,18.91,2,Neutral
3550,21.09,56.8,478.0,562.0,1,0,0.26,0.95,0.67,0.207,20.94,20.49,21.18,3,Warm
3551,25.7,58.7,400.0,20,0,1,0.29,0.31,0.18,0.184,26.07,24.67,25.74,2,Neutral
3552,18.4,32.4,768.0,280.0,1,0,0.94,0.84,0.2,0.371,17.96,18.29,17.72,3,Warm
3553,21.4,47.8,585.0,366.0,1,0,0.58,0.12,0.34,0.233,21.82,21.74,21.04,2,Neutral
3554,19.72,50.7,618.0,225.0,1,1,0.81,0.17,0.81,0.332,19.89,19.15,19.97,4,Hot
3555,26.93,36.3,400.0,20,0,0,0.95,0.05,1.0,0.245,26.92,27.76,26.06,2,Neutral
3556,25.35,64.6,467.0,679.0,1,0,0.23,0.85,0.78,0.353,26.04,26.42,25.66,2,Neutral
3557,25.3,55.6,418.0,105.0,1,0,0.26,0.91,0.35,0.32,25.52,25.17,25.36,3,Warm
3558,25.08,65.4,544.0,230.0,1,1,0.07,0.9,0.05,0.324,24.47,23.94,24.37,3,Warm
3559,23.97,58.1,490.0,203.0,1,0,0.6,0.69,0.14,0.42,23.99,23.66,24.06,0,Cold
3560,26.34,32.7,400.0,20,0,1,0.09,0.23,0.46,0.15,26.42,26.35,26.81,2,Neutral
3561,22.07,66.4,400.0,20,0,0,0.05,0.86,0.88,0.423,22.52,22.12,22.0,4,Hot
3562,27.45,34.4,400.0,20,0,1,0.66,0.25,0.22,0.183,25.73,27.87,27.98,2,Neutral
3563,27.94,34.7,400.0,20,0,1,0.66,0.13,0.35,0.338,28.34,28.93,28.01,3,Warm
3564,27.95,68.4,720.0,366.0,1,1,0.01,0.44,0.25,0.273,28.35,28.6,27.81,2,Neutral
3565,25.85,65.6,520.0,533.0,1,1,0.95,0.92,0.45,0.243,26.49,26.28,26.05,3,Warm
3566,26.92,68.6,400.0,20,0,0,0.64,0.49,0.06,0.119,26.85,26.81,26.73,3,Warm
3567,22.48,62.1,400.0,20,0,0,0.23,0.19,0.36,0.338,23.6,22.96,22.79,2,Neutral
3568,24.03,46.0,713.0,405.0,1,0,0.54,0.79,0.23,0.384,23.92,25.07,23.92,3,Warm
3569,18.59,47.9,400.0,20,0,1,0.02,0.18,0.63,0.218,18.14,19.75,18.86,2,Neutral
3570,22.32,65.8,400.0,20,0,0,0.96,0.38,0.03,0.4,23.59,21.76,22.24,2,Neutral
3571,26.45,49.6,559.0,444.0,1,1,0.91,0.1,0.58,0.133,26.52,26.22,26.06,2,Neutral
3572,26.55,62.4,470.0,553.0,1,1,0.08,0.95,0.55,0.306,26.23,26.83,25.75,1,Cool
3573,22.54,34.6,713.0,332.0,1,1,0.25,0.84,0.4,0.298,22.66,23.43,22.15,3,Warm
3574,25.79,67.4,741.0,132.0,1,1,0.35,0.51,0.13,0.269,26.37,24.29,25.77,2,Neutral
3575,18.99,42.0,400.0,20,0,1,0.81,0.51,0.28,0.052,19.27,18.3,19.1,2,Neutral
3576,27.18,65.9,400.0,20,0,0,0.41,0.96,0.49,0.198,27.64,27.58,27.38,0,Cold
3577,24.02,54.3,594.0,517.0,1,0,0.1,0.37,0.33,0.42,24.79,23.63,23.41,2,Neutral
3578,20.99,30.3,744.0,309.0,1,0,0.98,0.4,0.25,0.236,20.44,21.37,20.55,2,Neutral
3579,24.82,33.6,699.0,687.0,1,0,0.32,0.79,0.85,0.124,24.37,25.81,24.3,2,Neutral
3580,27.41,42.2,667.0,249.0,1,1,0.25,0.24,0.31,0.159,27.83,26.98,27.26,2,Neutral
3581,27.63,69.8,701.0,567.0,1,1,0.13,0.16,0.73,0.295,28.05,27.33,27.91,2,Neutral
3582,27.54,61.1,601.0,601.0,1,1,0.58,0.89,1.0,0.179,27.83,26.51,27.94,2,Neutral
3583,23.3,52.4,400.0,20,0,1,0.87,0.65,0.08,0.32,22.71,21.72,23.11,2,Neutral
3584,22.67,59.8,400.0,20,0,1,0.46,0.81,0.0,0.063,23.53,22.07,21.83,2,Neutral
3585,18.1,43.7,400.0,20,0,0,0.64,0.18,0.86,0.074,18.04,17.52,17.86,2,Neutral
3586,18.56,62.9,400.0,20,0,1,0.13,0.23,0.89,0.417,18.57,17.88,18.75,2,Neutral
3587,24.75,35.2,661.0,221.0,1,1,0.05,0.34,0.84,0.053,25.13,25.99,24.47,0,Cold
3588,24.63,50.7,400.0,20,0,0,0.59,0.69,0.91,0.095,24.27,25.07,24.07,2,Neutral
3589,25.53,66.5,758.0,637.0,1,1,0.78,0.04,0.2,0.155,25.26,24.39,25.98,3,Warm
3590,18.83,64.1,400.0,20,0,1,0.16,0.98,0.61,0.272,18.82,17.65,18.99,2,Neutral
3591,21.94,39.2,400.0,20,0,0,0.49,0.45,0.66,0.07,21.68,21.23,22.03,0,Cold
3592,22.05,66.8,549.0,665.0,1,0,0.36,0.34,0.14,0.423,22.76,21.75,22.41,0,Cold
3593,22.49,54.2,400.0,20,0,1,0.85,0.48,0.59,0.358,23.0,21.64,22.55,2,Neutral
3594,27.21,64.4,602.0,424.0,1,1,0.1,0.39,0.81,0.271,27.66,27.13,26.57,2,Neutral
3595,25.41,35.3,700.0,420.0,1,1,0.32,0.05,0.1,0.369,26.19,26.15,25.72,2,Neutral
3596,20.33,33.9,591.0,296.0,1,0,0.4,0.05,0.34,0.146,20.29,20.25,20.11,2,Neutral
3597,19.13,34.7,400.0,20,0,0,0.17,0.95,0.8,0.175,18.06,19.08,19.13,2,Neutral
3598,26.81,37.8,400.0,20,0,0,0.06,0.29,0.15,0.273,25.84,26.07,27.29,2,Neutral
3599,27.96,39.1,400.0,20,0,0,0.31,0.36,0.14,0.235,28.14,28.8,27.88,0,Cold
3600,25.6,57.1,400.0,20,0,1,0.35,0.27,0.57,0.444,25.72,25.33,25.68,2,Neutral
3601,24.15,50.7,686.0,388.0,1,1,0.39,0.04,0.97,0.238,23.22,24.85,24.2,2,Neutral
3602,20.44,34.0,400.0,20,0,1,0.65,0.81,0.08,0.29,20.82,20.91,20.64,2,Neutral
3603,25.83,43.7,700.0,260.0,1,1,0.01,0.45,0.04,0.085,26.69,27.08,25.6,3,Warm
3604,18.56,57.0,462.0,680.0,1,0,0.66,0.69,0.69,0.225,19.11,19.09,17.82,2,Neutral
3605,25.09,69.5,400.0,20,0,0,0.17,0.43,0.34,0.172,25.75,24.66,25.17,3,Warm
3606,20.25,57.2,400.0,20,0,1,0.12,0.89,0.48,0.366,19.95,19.87,20.37,4,Hot
3607,24.36,44.6,559.0,285.0,1,0,0.59,0.08,0.22,0.105,25.13,25.55,24.48,1,Cool
3608,21.74,54.1,406.0,344.0,1,0,0.83,0.22,0.34,0.417,21.69,20.76,21.51,2,Neutral
3609,21.13,44.7,400.0,20,0,0,0.78,0.08,0.45,0.252,21.62,20.93,21.15,2,Neutral
3610,18.56,49.9,400.0,20,0,1,0.04,0.22,0.51,0.155,19.0,19.24,19.09,3,Warm
3611,24.7,56.8,449.0,566.0,1,0,0.24,0.23,0.6,0.098,24.52,24.34,24.68,1,Cool
3612,18.34,52.3,400.0,20,0,0,0.52,0.88,0.17,0.315,18.32,17.92,18.12,4,Hot
3613,27.93,32.9,400.0,20,0,0,0.28,0.61,0.4,0.434,26.91,28.92,27.87,2,Neutral
3614,20.29,51.7,400.0,20,0,0,0.1,0.04,0.31,0.091,20.61,18.71,19.75,0,Cold
3615,26.54,37.3,726.0,395.0,1,1,0.51,0.68,0.39,0.367,26.18,24.68,26.93,2,Neutral
3616,25.23,53.2,561.0,274.0,1,0,0.47,0.26,0.26,0.292,25.7,24.35,25.36,2,Neutral
3617,20.24,61.4,400.0,20,0,1,0.22,0.23,0.99,0.307,20.67,19.38,20.12,2,Neutral
3618,19.78,40.0,400.0,20,0,0,0.5,0.84,0.25,0.149,19.99,19.0,19.03,1,Cool
3619,24.11,46.0,400.0,20,0,1,0.45,0.76,0.7,0.089,23.68,21.46,24.11,4,Hot
3620,19.25,54.3,551.0,365.0,1,1,0.27,0.29,0.42,0.102,18.8,18.09,18.93,4,Hot
3621,20.82,47.2,400.0,20,0,0,0.48,0.63,0.14,0.155,20.47,22.19,20.93,2,Neutral
3622,19.06,50.7,417.0,525.0,1,1,0.58,0.01,0.95,0.119,18.71,21.31,18.95,2,Neutral
3623,26.58,34.2,754.0,457.0,1,1,0.36,0.82,0.45,0.201,26.99,26.48,26.22,2,Neutral
3624,18.37,36.8,400.0,20,0,1,0.9,0.39,0.12,0.421,18.27,17.69,17.92,2,Neutral
3625,21.47,41.2,400.0,20,0,0,0.21,0.17,0.12,0.224,22.17,21.13,21.57,1,Cool
3626,24.01,45.4,400.0,20,0,1,0.57,0.78,0.27,0.343,23.45,24.96,23.32,0,Cold
3627,21.43,57.5,609.0,591.0,1,1,0.3,0.7,0.32,0.338,21.47,21.18,21.47,1,Cool
3628,27.61,35.2,400.0,20,0,0,0.04,0.85,0.67,0.449,26.46,27.92,27.38,2,Neutral
3629,22.32,66.0,579.0,240.0,1,0,0.17,0.66,0.56,0.351,22.01,21.23,21.96,4,Hot
3630,22.09,41.9,400.0,20,0,1,0.54,0.87,0.89,0.187,21.34,23.14,21.51,2,Neutral
3631,21.74,68.7,400.0,20,0,0,0.9,0.3,0.7,0.392,21.88,20.43,21.65,2,Neutral
3632,22.49,33.8,623.0,368.0,1,0,0.71,0.38,0.53,0.165,22.17,20.79,22.82,1,Cool
3633,18.55,54.1,400.0,20,0,0,0.12,0.64,0.52,0.408,18.99,17.65,18.29,1,Cool
3634,20.39,60.0,607.0,134.0,1,1,0.53,0.6,0.66,0.442,20.73,19.29,21.2,2,Neutral
3635,20.95,34.9,699.0,571.0,1,0,0.23,0.24,0.48,0.132,20.31,21.6,20.62,2,Neutral
3636,24.91,34.9,400.0,20,0,1,0.3,0.37,0.88,0.08,24.53,23.55,24.66,2,Neutral
3637,27.85,52.2,400.0,20,0,1,0.75,0.03,0.78,0.301,27.7,27.76,28.05,2,Neutral
3638,20.22,65.3,414.0,486.0,1,1,0.31,0.21,0.2,0.071,19.72,20.61,19.9,2,Neutral
3639,27.91,42.6,400.0,20,0,1,0.4,0.6,0.81,0.315,27.9,26.49,28.1,2,Neutral
3640,21.38,31.9,484.0,692.0,1,0,0.35,0.19,0.08,0.2,20.87,21.1,21.55,2,Neutral
3641,25.72,60.7,400.0,20,0,0,0.75,0.72,0.79,0.162,25.39,26.55,25.81,3,Warm
3642,21.73,62.4,400.0,20,0,0,0.77,0.13,0.85,0.171,21.78,21.33,21.75,3,Warm
3643,19.53,49.6,400.0,20,0,0,0.73,0.89,0.72,0.315,19.51,18.51,19.94,2,Neutral
3644,21.95,68.2,400.0,20,0,0,0.02,0.08,0.73,0.115,22.34,22.61,22.32,1,Cool
3645,23.32,66.7,400.0,20,0,1,0.17,0.63,0.75,0.339,24.03,23.16,23.28,2,Neutral
3646,19.63,58.6,400.0,20,0,1,0.66,0.2,0.47,0.414,19.59,20.22,19.66,2,Neutral
3647,23.82,55.1,592.0,177.0,1,1,0.15,0.29,0.56,0.404,23.59,25.18,23.85,2,Neutral
3648,23.64,62.1,696.0,326.0,1,0,0.94,0.08,0.12,0.109,22.45,24.76,23.16,2,Neutral
3649,22.27,43.7,651.0,284.0,1,1,0.22,0.64,0.19,0.171,22.86,22.91,22.65,2,Neutral
3650,24.15,62.1,729.0,265.0,1,0,0.7,0.67,0.23,0.268,23.86,23.43,23.18,2,Neutral
3651,24.32,44.1,400.0,20,0,0,0.99,0.4,0.96,0.317,25.19,24.47,23.82,3,Warm
3652,21.28,38.1,558.0,597.0,1,1,0.93,0.19,0.04,0.072,21.75,20.63,21.74,1,Cool
3653,19.5,66.1,511.0,328.0,1,1,0.86,0.14,0.25,0.419,19.21,20.28,19.78,2,Neutral
3654,22.05,37.7,400.0,20,0,1,0.47,0.23,0.86,0.365,22.41,21.72,22.48,2,Neutral
3655,26.19,44.5,704.0,586.0,1,0,0.19,0.8,0.36,0.29,25.64,27.84,26.04,1,Cool
3656,24.23,42.6,400.0,20,0,1,0.78,0.77,0.54,0.369,23.87,23.75,24.08,2,Neutral
3657,25.11,31.4,775.0,392.0,1,1,0.61,0.33,0.68,0.153,26.08,23.75,25.53,1,Cool
3658,25.16,41.8,400.0,20,0,1,0.11,0.59,0.68,0.354,24.83,24.21,25.52,2,Neutral
3659,26.56,36.5,400.0,20,0,1,0.37,0.26,0.65,0.403,26.33,26.31,26.82,2,Neutral
3660,27.61,67.7,400.0,20,0,0,0.02,0.33,0.08,0.293,26.85,27.03,28.07,2,Neutral
3661,27.32,69.7,566.0,284.0,1,1,0.74,0.42,0.42,0.099,27.78,27.5,27.62,1,Cool
3662,24.65,48.7,400.0,20,0,0,0.41,0.36,0.41,0.333,25.54,24.11,24.21,3,Warm
3663,24.3,61.8,400.0,20,0,1,0.51,0.06,0.99,0.248,24.48,23.73,24.06,2,Neutral
3664,20.87,56.5,400.0,20,0,0,0.17,0.55,0.26,0.184,22.25,20.03,20.39,1,Cool
3665,27.59,35.3,741.0,364.0,1,0,0.62,0.38,0.69,0.415,27.82,27.64,27.86,1,Cool
3666,27.97,47.4,400.0,20,0,0,0.49,0.5,0.68,0.409,28.69,27.51,28.06,3,Warm
3667,21.81,42.8,721.0,218.0,1,0,0.77,0.67,0.08,0.354,22.09,20.04,21.25,1,Cool
3668,22.13,69.9,400.0,20,0,0,0.98,0.54,0.55,0.416,21.73,23.11,21.87,0,Cold
3669,18.83,35.0,400.0,20,0,1,0.35,0.43,0.71,0.279,18.97,19.01,19.11,4,Hot
3670,26.64,57.1,400.0,20,0,1,0.48,0.3,0.98,0.279,26.23,27.64,26.77,2,Neutral
3671,18.71,38.7,400.0,20,0,1,0.33,0.89,0.88,0.098,19.35,19.52,18.47,2,Neutral
3672,27.15,32.7,400.0,20,0,0,0.1,0.41,0.6,0.375,27.72,26.87,27.04,3,Warm
3673,20.98,53.1,400.0,20,0,1,0.58,0.25,0.49,0.389,21.22,22.3,20.6,4,Hot
3674,20.17,68.6,578.0,104.0,1,1,0.13,0.17,0.85,0.262,19.93,19.41,19.79,2,Neutral
3675,23.91,40.3,400.0,20,0,0,0.46,0.82,0.96,0.391,24.17,24.0,24.33,3,Warm
3676,25.79,43.9,400.0,20,0,1,0.17,0.87,0.73,0.116,26.08,26.64,25.85,2,Neutral
3677,26.05,66.2,520.0,659.0,1,1,0.66,0.93,0.27,0.365,25.3,26.18,25.46,3,Warm
3678,19.4,60.3,775.0,655.0,1,1,0.38,0.63,0.43,0.084,19.61,19.44,19.01,2,Neutral
3679,23.32,41.9,562.0,333.0,1,0,0.64,0.06,0.36,0.234,22.91,24.84,23.52,2,Neutral
3680,21.94,49.6,414.0,400.0,1,0,0.12,0.29,0.07,0.165,21.57,24.14,22.48,3,Warm
3681,20.39,46.7,400.0,20,0,1,0.73,0.56,0.29,0.385,20.63,19.89,21.24,2,Neutral
3682,25.87,58.4,409.0,350.0,1,1,0.45,0.39,0.82,0.368,25.27,26.74,25.37,3,Warm
3683,24.1,55.7,400.0,20,0,1,0.34,0.67,0.13,0.059,24.12,24.66,24.2,2,Neutral
3684,22.99,43.3,699.0,361.0,1,1,0.01,0.92,0.48,0.156,23.35,22.84,22.1,2,Neutral
3685,23.1,61.8,564.0,416.0,1,1,0.15,0.48,0.43,0.251,23.36,23.56,23.27,2,Neutral
3686,18.08,48.8,400.0,20,0,1,0.75,0.04,0.5,0.331,16.72,18.35,18.83,1,Cool
3687,25.87,61.5,400.0,20,0,1,0.82,0.15,0.22,0.147,24.95,25.31,25.82,2,Neutral
3688,18.86,68.8,400.0,20,0,0,0.68,0.25,0.75,0.216,18.87,16.78,18.54,4,Hot
3689,25.02,63.4,669.0,510.0,1,0,0.63,0.08,0.74,0.284,25.38,25.55,25.06,2,Neutral
3690,19.8,49.2,425.0,678.0,1,0,0.07,0.6,0.19,0.245,19.37,19.91,19.5,2,Neutral
3691,19.94,38.8,769.0,539.0,1,1,0.93,0.69,0.37,0.083,20.53,20.42,19.93,2,Neutral
3692,26.75,54.4,434.0,184.0,1,1,0.34,0.14,0.02,0.386,26.26,24.76,26.78,3,Warm
3693,26.03,67.0,400.0,20,0,0,0.33,0.95,0.56,0.1,26.07,26.17,25.95,3,Warm
3694,27.49,69.4,678.0,143.0,1,0,0.14,0.58,0.94,0.296,28.12,28.0,27.65,3,Warm
3695,21.94,53.9,437.0,344.0,1,0,0.36,0.15,0.69,0.361,21.63,21.55,21.98,2,Neutral
3696,25.34,59.4,400.0,20,0,0,0.52,0.13,0.64,0.196,25.96,25.33,26.24,2,Neutral
3697,24.74,56.8,400.0,20,0,1,0.6,0.04,0.68,0.416,25.65,24.43,25.92,2,Neutral
3698,26.55,56.1,742.0,608.0,1,0,0.93,0.26,0.93,0.408,26.73,25.36,26.6,1,Cool
3699,27.97,59.2,400.0,20,0,1,0.16,0.95,0.16,0.297,28.79,26.38,27.87,1,Cool
3700,26.97,40.9,400.0,20,0,0,0.35,0.79,0.15,0.084,26.71,26.36,27.16,3,Warm
3701,26.2,57.2,400.0,20,0,0,0.54,0.35,0.9,0.196,25.79,24.51,25.8,2,Neutral
3702,25.0,55.1,400.0,20,0,0,0.02,0.81,0.08,0.274,24.0,24.55,25.23,2,Neutral
3703,22.42,46.4,400.0,20,0,0,0.21,0.8,0.41,0.443,21.87,22.79,22.4,2,Neutral
3704,23.29,41.7,708.0,240.0,1,0,0.69,1.0,0.3,0.298,23.77,22.21,23.57,2,Neutral
3705,18.13,46.8,493.0,558.0,1,0,0.69,0.24,0.31,0.245,18.03,17.85,17.95,2,Neutral
3706,26.82,33.2,430.0,206.0,1,0,0.59,0.2,0.58,0.249,26.89,24.81,26.85,2,Neutral
3707,25.62,50.0,400.0,20,0,1,0.84,0.21,0.67,0.215,25.78,25.97,25.32,3,Warm
3708,21.93,30.1,400.0,20,0,1,0.55,0.35,0.73,0.277,21.94,20.8,21.38,1,Cool
3709,20.38,34.8,743.0,329.0,1,1,0.72,1.0,0.17,0.418,20.68,21.07,19.99,1,Cool
3710,25.02,40.9,615.0,601.0,1,0,0.36,0.22,0.33,0.288,24.33,26.78,24.66,2,Neutral
3711,19.11,55.8,400.0,20,0,0,0.96,0.8,0.09,0.206,19.55,17.79,19.68,4,Hot
3712,26.1,33.6,400.0,20,0,1,0.81,0.24,0.33,0.38,24.96,26.21,26.22,1,Cool
3713,26.7,60.0,400.0,20,0,1,0.35,0.53,0.19,0.328,26.43,27.43,26.41,0,Cold
3714,26.13,52.7,526.0,367.0,1,0,0.68,0.32,0.87,0.274,27.38,25.68,26.21,2,Neutral
3715,24.06,42.6,400.0,20,0,0,0.22,0.93,0.88,0.441,23.28,24.24,24.23,2,Neutral
3716,18.68,59.8,400.0,20,0,1,0.22,0.03,0.06,0.185,19.0,19.51,18.1,2,Neutral
3717,21.31,64.1,657.0,287.0,1,1,0.25,0.5,0.86,0.177,21.63,20.65,21.42,2,Neutral
3718,20.45,39.8,770.0,471.0,1,1,0.32,0.37,0.77,0.348,19.59,21.48,20.75,2,Neutral
3719,19.6,65.2,637.0,180.0,1,0,0.33,0.09,0.67,0.438,19.4,21.34,19.09,3,Warm
3720,25.11,40.4,400.0,20,0,0,0.7,0.62,0.15,0.129,25.13,25.72,25.7,2,Neutral
3721,25.17,60.5,481.0,662.0,1,0,0.7,0.62,0.33,0.351,24.63,24.25,25.16,2,Neutral
3722,24.67,48.5,665.0,539.0,1,0,0.61,0.61,0.12,0.353,24.89,27.32,25.52,2,Neutral
3723,19.02,43.3,400.0,20,0,1,0.65,0.91,0.31,0.128,19.12,17.02,19.08,4,Hot
3724,23.82,49.0,660.0,542.0,1,1,0.88,0.84,0.03,0.448,23.56,24.1,23.88,1,Cool
3725,20.89,35.6,484.0,569.0,1,0,0.98,0.82,0.76,0.314,21.3,21.27,20.39,2,Neutral
3726,20.24,54.4,457.0,457.0,1,1,0.7,0.91,0.77,0.34,20.29,20.47,19.5,1,Cool
3727,20.49,31.2,702.0,655.0,1,0,0.64,0.87,0.94,0.431,21.5,21.35,20.45,2,Neutral
3728,21.43,53.8,400.0,20,0,0,0.71,0.78,0.68,0.099,21.86,20.7,21.21,2,Neutral
3729,18.35,32.6,400.0,20,0,0,0.28,0.5,0.85,0.223,17.74,18.41,18.52,2,Neutral
3730,20.97,31.0,612.0,392.0,1,1,0.88,0.26,0.77,0.238,20.92,20.51,21.54,2,Neutral
3731,24.13,60.7,400.0,20,0,0,0.47,0.18,0.97,0.44,25.55,25.1,24.17,2,Neutral
3732,18.22,30.4,400.0,20,0,0,0.44,0.98,0.14,0.065,18.24,18.15,18.41,2,Neutral
3733,27.72,32.0,570.0,373.0,1,0,0.47,0.71,0.98,0.14,27.81,27.53,27.52,1,Cool
3734,22.0,63.0,670.0,435.0,1,0,0.97,0.97,0.29,0.087,22.06,23.22,21.88,3,Warm
3735,23.72,61.4,400.0,20,0,1,0.93,0.93,0.54,0.056,24.53,24.03,24.57,2,Neutral
3736,23.72,42.2,400.0,20,0,1,0.07,0.59,0.88,0.374,23.66,24.15,24.16,4,Hot
3737,22.31,45.9,400.0,20,0,0,0.99,0.57,0.12,0.254,21.83,22.78,23.13,2,Neutral
3738,26.33,58.7,420.0,177.0,1,1,0.57,0.18,0.25,0.326,27.53,25.8,26.53,2,Neutral
3739,26.26,32.7,465.0,495.0,1,0,0.42,0.33,0.25,0.266,25.07,26.08,25.86,2,Neutral
3740,26.58,52.4,514.0,340.0,1,1,0.46,0.87,0.33,0.415,26.29,26.45,26.34,1,Cool
3741,23.2,36.7,613.0,516.0,1,1,0.95,0.32,0.47,0.147,22.87,22.98,22.84,2,Neutral
3742,21.05,63.3,463.0,238.0,1,0,0.58,0.89,0.6,0.224,20.15,20.77,21.27,2,Neutral
3743,18.13,59.8,400.0,20,0,1,0.91,0.49,0.78,0.057,17.66,18.46,18.07,4,Hot
3744,18.54,57.8,400.0,20,0,1,0.37,0.24,0.24,0.307,17.96,20.62,18.64,2,Neutral
3745,18.29,43.2,400.0,20,0,0,0.95,0.48,0.89,0.256,18.44,17.97,18.24,2,Neutral
3746,18.3,45.0,527.0,512.0,1,0,0.35,0.22,0.3,0.311,17.97,17.46,18.4,1,Cool
3747,26.29,55.8,400.0,20,0,0,0.9,0.37,0.53,0.057,26.48,26.55,26.55,3,Warm
3748,25.38,62.8,634.0,297.0,1,1,0.78,0.36,0.05,0.415,25.01,25.22,25.0,2,Neutral
3749,23.52,53.5,400.0,20,0,1,0.31,0.82,0.02,0.133,23.1,23.31,23.18,3,Warm
3750,26.47,32.4,400.0,20,0,0,0.32,0.67,0.14,0.29,26.82,25.84,26.74,2,Neutral
3751,19.62,48.9,400.0,20,0,0,0.12,0.96,0.85,0.416,19.36,19.51,19.17,2,Neutral
3752,25.3,58.4,631.0,507.0,1,0,0.72,0.0,0.79,0.082,25.17,25.55,25.03,2,Neutral
3753,20.74,58.9,534.0,528.0,1,1,0.63,0.49,0.54,0.222,21.55,19.36,20.83,0,Cold
3754,21.92,66.9,400.0,20,0,0,0.08,0.35,0.04,0.266,21.36,21.15,21.89,2,Neutral
3755,22.22,64.9,652.0,371.0,1,0,0.59,0.88,0.95,0.058,21.91,22.67,21.88,3,Warm
3756,22.42,35.2,400.0,20,0,0,0.36,0.31,0.7,0.291,21.97,21.22,22.32,3,Warm
3757,18.77,50.5,400.0,20,0,0,0.88,0.15,0.47,0.258,18.99,19.15,18.76,2,Neutral
3758,25.1,58.0,400.0,20,0,0,0.84,0.81,0.87,0.389,24.67,25.76,25.24,2,Neutral
3759,18.08,58.3,553.0,426.0,1,1,0.27,0.06,0.12,0.34,18.0,17.45,18.3,2,Neutral
3760,24.11,40.1,546.0,242.0,1,0,0.44,0.26,0.8,0.251,23.69,24.05,23.54,2,Neutral
3761,27.82,43.2,439.0,254.0,1,0,0.66,0.11,0.1,0.221,28.38,27.58,27.98,3,Warm
3762,19.07,49.0,488.0,578.0,1,0,0.34,0.72,0.38,0.076,18.94,19.23,18.56,2,Neutral
3763,20.95,50.0,400.0,20,0,1,0.42,0.26,0.76,0.071,20.34,22.02,20.75,2,Neutral
3764,25.15,51.1,585.0,117.0,1,0,0.24,0.25,0.5,0.09,24.73,25.26,24.93,3,Warm
3765,25.3,33.7,746.0,132.0,1,0,0.83,0.2,0.92,0.229,25.58,26.42,25.38,2,Neutral
3766,27.4,47.7,691.0,488.0,1,0,0.67,0.51,0.42,0.366,27.69,27.03,27.55,2,Neutral
3767,23.99,39.5,400.0,20,0,0,0.99,0.5,0.18,0.106,23.5,23.86,23.92,3,Warm
3768,18.18,44.7,581.0,274.0,1,1,0.62,0.94,0.45,0.226,18.01,17.37,18.49,3,Warm
3769,23.85,36.5,538.0,156.0,1,1,0.07,0.98,0.17,0.061,24.36,24.57,23.42,2,Neutral
3770,23.88,40.0,400.0,20,0,1,0.07,0.44,0.22,0.122,24.15,24.57,24.22,2,Neutral
3771,27.31,51.9,400.0,20,0,0,0.46,0.56,0.73,0.272,27.27,27.67,26.7,1,Cool
3772,18.34,47.7,581.0,271.0,1,1,0.97,0.96,0.68,0.091,19.15,16.5,18.58,2,Neutral
3773,21.63,53.2,400.0,20,0,1,0.57,0.9,0.92,0.098,21.32,22.02,21.17,2,Neutral
3774,23.86,47.6,665.0,158.0,1,0,0.05,0.9,0.51,0.345,24.82,24.04,24.42,2,Neutral
3775,25.44,59.1,400.0,20,0,0,0.62,0.45,0.91,0.104,25.56,26.26,25.37,2,Neutral
3776,27.1,63.1,594.0,686.0,1,1,0.66,0.23,0.05,0.3,27.66,27.07,27.04,2,Neutral
3777,21.79,39.3,666.0,392.0,1,0,0.5,0.88,0.04,0.284,21.42,20.82,22.1,1,Cool
3778,18.22,55.0,408.0,574.0,1,0,0.15,0.84,0.02,0.403,19.06,19.45,18.4,2,Neutral
3779,20.13,65.3,607.0,263.0,1,1,0.19,0.58,0.11,0.221,19.56,22.17,20.05,4,Hot
3780,18.15,48.5,400.0,20,0,1,0.98,0.06,0.96,0.415,18.11,16.87,18.76,2,Neutral
3781,18.44,69.4,400.0,20,0,0,0.68,0.24,0.98,0.342,18.17,19.85,18.43,1,Cool
3782,26.66,54.7,770.0,268.0,1,0,0.53,0.48,0.87,0.248,27.06,27.95,26.92,2,Neutral
3783,22.73,66.7,634.0,116.0,1,0,0.64,1.0,0.89,0.331,23.09,22.14,22.79,2,Neutral
3784,22.8,53.8,400.0,20,0,0,0.07,0.35,0.86,0.167,22.74,21.63,22.43,2,Neutral
3785,18.11,39.1,516.0,575.0,1,0,0.1,0.85,0.83,0.32,18.73,16.66,18.0,0,Cold
3786,19.98,45.5,400.0,20,0,0,0.43,0.46,0.54,0.262,19.33,19.69,19.75,3,Warm
3787,23.21,57.6,400.0,20,0,1,0.71,1.0,0.3,0.387,22.7,25.06,22.56,2,Neutral
3788,24.36,65.2,400.0,20,0,1,0.72,0.17,0.03,0.265,24.62,21.85,24.8,0,Cold
3789,23.81,51.9,781.0,471.0,1,1,0.79,0.92,0.28,0.222,22.67,22.41,24.09,2,Neutral
3790,20.54,35.1,772.0,547.0,1,1,0.34,0.2,0.39,0.123,20.96,19.58,20.97,2,Neutral
3791,19.92,38.2,400.0,20,0,0,0.24,0.99,0.32,0.369,20.38,21.91,19.77,1,Cool
3792,26.8,39.3,400.0,20,0,1,0.01,0.91,0.3,0.176,26.4,26.63,26.19,2,Neutral
3793,27.38,59.1,400.0,20,0,1,0.62,0.49,0.18,0.372,26.74,28.43,27.47,2,Neutral
3794,24.56,51.1,695.0,100.0,1,0,0.68,0.64,0.75,0.231,23.79,24.9,24.96,2,Neutral
3795,24.14,62.6,400.0,20,0,0,0.09,0.77,0.6,0.407,24.12,23.56,24.98,2,Neutral
3796,22.66,53.0,555.0,277.0,1,1,0.04,0.93,0.09,0.273,22.38,23.56,22.76,2,Neutral
3797,23.87,51.7,400.0,20,0,0,0.49,0.33,0.31,0.199,23.83,24.6,23.46,2,Neutral
3798,23.22,50.7,507.0,283.0,1,0,0.29,0.66,0.31,0.204,22.47,23.18,22.99,3,Warm
3799,25.66,45.0,687.0,609.0,1,1,0.38,0.85,0.8,0.438,25.83,25.82,25.56,2,Neutral
3800,26.88,47.8,400.0,20,0,1,0.06,0.01,0.61,0.134,25.94,27.26,26.69,2,Neutral
3801,21.95,34.8,673.0,651.0,1,1,0.46,0.68,0.73,0.217,21.73,21.21,22.06,2,Neutral
3802,27.54,44.7,400.0,20,0,0,0.36,0.39,0.41,0.272,27.84,25.74,27.97,2,Neutral
3803,18.69,61.4,413.0,314.0,1,1,0.58,0.01,0.42,0.069,19.14,18.69,18.26,2,Neutral
3804,18.02,59.9,400.0,20,0,0,0.46,0.01,0.52,0.224,17.11,18.21,18.04,2,Neutral
3805,26.73,65.1,400.0,20,0,1,0.77,0.78,0.97,0.282,26.98,27.04,26.8,3,Warm
3806,20.94,40.2,741.0,130.0,1,0,0.21,0.16,0.49,0.056,21.6,20.98,20.37,2,Neutral
3807,19.17,55.6,786.0,525.0,1,1,0.96,0.88,0.19,0.088,19.43,19.3,19.19,2,Neutral
3808,22.6,52.0,695.0,167.0,1,1,0.43,0.61,0.99,0.432,23.21,23.45,21.9,2,Neutral
3809,22.19,63.1,660.0,454.0,1,1,0.48,0.5,0.87,0.439,21.81,22.3,22.32,2,Neutral
3810,25.73,62.1,678.0,319.0,1,1,0.69,0.86,0.27,0.201,24.71,25.87,24.98,4,Hot
3811,22.61,57.4,426.0,615.0,1,0,0.62,0.22,0.1,0.133,22.3,23.96,22.75,2,Neutral
3812,20.45,59.6,737.0,353.0,1,1,0.92,0.93,0.23,0.183,19.42,20.98,20.74,2,Neutral
3813,27.85,40.4,400.0,20,0,1,0.11,0.24,0.25,0.314,27.65,28.07,27.53,2,Neutral
3814,25.96,39.5,400.0,20,0,0,0.45,0.89,0.61,0.297,26.26,24.13,26.5,2,Neutral
3815,24.13,44.9,670.0,176.0,1,0,0.08,1.0,0.53,0.239,24.48,25.28,24.28,2,Neutral
3816,20.83,65.5,400.0,20,0,1,0.09,0.74,0.38,0.155,21.18,22.02,20.39,0,Cold
3817,27.89,66.6,400.0,20,0,0,0.22,0.3,0.34,0.065,27.61,28.25,27.77,2,Neutral
3818,18.79,45.4,400.0,20,0,0,0.79,0.67,0.75,0.083,19.02,20.46,19.56,4,Hot
3819,21.16,65.3,687.0,299.0,1,0,0.02,0.79,0.55,0.131,21.08,22.44,21.79,2,Neutral
3820,19.52,51.2,400.0,20,0,0,0.47,0.64,0.77,0.137,19.36,18.28,19.23,2,Neutral
3821,26.46,57.6,792.0,590.0,1,0,0.13,0.78,0.34,0.444,26.5,25.7,26.34,3,Warm
3822,26.14,58.8,539.0,416.0,1,0,0.85,0.57,0.69,0.275,26.81,24.87,26.4,2,Neutral
3823,21.12,44.2,400.0,20,0,1,0.48,0.7,0.12,0.138,20.55,20.69,20.8,2,Neutral
3824,18.01,59.9,775.0,504.0,1,0,0.96,0.3,0.89,0.402,16.46,16.97,18.63,2,Neutral
3825,26.8,56.6,400.0,20,0,1,0.66,0.23,0.97,0.208,26.07,25.86,26.57,2,Neutral
3826,18.75,62.5,640.0,687.0,1,1,0.35,0.31,0.13,0.343,19.13,18.36,19.06,2,Neutral
3827,22.17,47.4,421.0,204.0,1,1,0.11,0.74,0.96,0.441,22.11,22.16,21.87,2,Neutral
3828,22.66,56.9,799.0,312.0,1,1,0.4,0.64,0.66,0.269,22.24,24.93,22.65,2,Neutral
3829,27.64,32.3,400.0,20,0,0,0.13,0.54,0.54,0.138,27.4,26.58,27.54,2,Neutral
3830,21.49,42.2,501.0,480.0,1,1,0.08,0.93,0.98,0.069,20.34,21.62,21.23,2,Neutral
3831,25.5,35.1,400.0,20,0,1,0.51,0.89,0.57,0.333,25.67,26.32,25.37,3,Warm
3832,24.84,51.6,629.0,103.0,1,1,0.12,0.46,0.42,0.261,25.67,24.58,24.49,2,Neutral
3833,20.61,37.9,400.0,20,0,0,0.88,0.12,0.23,0.301,19.84,21.25,20.53,2,Neutral
3834,24.13,68.4,400.0,20,0,0,0.79,0.21,0.19,0.294,24.96,23.8,24.64,1,Cool
3835,26.31,42.8,400.0,20,0,1,0.51,0.92,0.73,0.323,25.84,25.93,26.3,4,Hot
3836,20.23,33.2,400.0,20,0,1,0.13,0.11,0.5,0.434,20.26,20.34,20.19,4,Hot
3837,27.18,67.3,400.0,20,0,0,0.48,0.61,0.92,0.411,26.68,27.24,27.47,4,Hot
3838,23.11,52.8,400.0,20,0,0,0.95,0.79,0.14,0.329,23.78,24.99,22.8,1,Cool
3839,21.07,63.6,722.0,454.0,1,1,0.28,0.77,0.55,0.051,21.42,21.61,21.19,0,Cold
3840,21.31,61.9,400.0,20,0,1,0.72,0.26,0.49,0.428,21.27,21.71,21.53,2,Neutral
3841,25.54,51.2,400.0,20,0,1,0.31,0.81,0.1,0.158,25.07,26.54,25.74,3,Warm
3842,22.26,68.0,400.0,20,0,1,0.86,0.92,0.42,0.295,22.53,21.57,21.84,0,Cold
3843,25.11,38.7,400.0,20,0,1,0.38,0.81,0.31,0.11,25.46,23.95,24.2,3,Warm
3844,18.71,62.6,555.0,168.0,1,1,0.76,0.96,0.29,0.411,17.97,18.51,18.33,2,Neutral
3845,26.91,47.4,659.0,395.0,1,1,0.78,0.14,0.12,0.389,27.2,27.5,26.82,2,Neutral
3846,25.53,66.2,756.0,557.0,1,1,0.5,0.93,0.67,0.245,25.96,25.45,25.55,2,Neutral
3847,23.94,36.7,443.0,398.0,1,1,0.83,0.12,0.65,0.273,24.13,23.29,24.26,2,Neutral
3848,27.41,50.8,400.0,20,0,1,0.91,0.3,0.89,0.078,27.69,28.37,27.14,3,Warm
3849,20.22,60.7,631.0,306.0,1,1,0.02,0.95,1.0,0.099,20.85,19.97,20.02,2,Neutral
3850,20.73,43.7,400.0,20,0,0,0.33,0.49,0.08,0.055,19.51,20.92,20.96,2,Neutral
3851,18.32,67.1,400.0,20,0,1,0.68,0.93,0.24,0.217,18.44,17.84,18.41,4,Hot
3852,22.37,67.4,762.0,277.0,1,1,0.91,0.14,0.4,0.443,22.89,23.17,22.92,2,Neutral
3853,24.65,55.3,400.0,20,0,1,0.42,0.12,0.17,0.068,24.99,24.46,24.3,2,Neutral
3854,24.84,33.4,400.0,20,0,1,0.75,0.34,0.3,0.435,25.85,24.34,24.59,0,Cold
3855,27.48,30.1,400.0,20,0,1,0.75,0.12,0.03,0.178,27.4,26.0,27.69,2,Neutral
3856,19.6,43.0,400.0,20,0,0,0.56,0.23,0.5,0.167,19.92,17.86,19.5,2,Neutral
3857,26.13,35.4,400.0,20,0,0,0.27,0.46,0.88,0.272,26.48,25.45,26.21,3,Warm
3858,22.57,32.2,418.0,572.0,1,1,0.25,0.38,0.66,0.191,22.25,23.46,22.63,2,Neutral
3859,20.04,32.1,732.0,565.0,1,1,0.8,0.63,0.65,0.147,20.24,19.0,20.58,2,Neutral
3860,20.57,38.9,400.0,20,0,0,0.59,0.41,0.85,0.328,20.99,21.28,20.48,3,Warm
3861,18.95,48.2,400.0,20,0,0,0.86,0.6,0.29,0.269,18.51,19.27,18.14,2,Neutral
3862,27.59,56.2,400.0,20,0,1,0.01,0.85,0.3,0.384,27.67,27.79,27.75,2,Neutral
3863,21.13,55.7,546.0,148.0,1,1,0.61,0.66,0.64,0.24,21.78,22.41,21.98,3,Warm
3864,24.8,59.1,400.0,20,0,1,0.41,0.17,0.69,0.186,25.33,25.96,25.2,3,Warm
3865,23.36,56.5,628.0,548.0,1,0,0.14,0.24,0.32,0.202,24.79,24.92,23.03,0,Cold
3866,18.19,60.0,575.0,652.0,1,0,0.77,0.55,0.55,0.349,18.81,18.54,17.92,2,Neutral
3867,23.28,68.6,400.0,20,0,0,0.89,0.51,0.51,0.29,23.93,22.83,22.64,2,Neutral
3868,18.0,58.0,719.0,610.0,1,1,0.3,0.26,0.36,0.061,17.6,17.06,18.05,1,Cool
3869,19.8,41.1,400.0,20,0,0,0.62,0.98,0.34,0.398,20.66,21.44,19.64,2,Neutral
3870,26.86,37.1,400.0,20,0,0,0.09,0.37,0.63,0.276,26.86,26.26,26.83,3,Warm
3871,25.49,52.4,642.0,672.0,1,1,0.17,0.24,0.28,0.371,25.3,25.88,24.94,2,Neutral
3872,26.98,44.2,400.0,20,0,0,0.59,0.47,0.28,0.255,26.93,28.36,27.28,1,Cool
3873,27.03,57.4,400.0,20,0,0,0.41,0.52,0.08,0.362,26.9,26.14,26.05,2,Neutral
3874,21.05,43.8,400.0,20,0,1,0.23,0.09,0.83,0.373,21.56,19.96,21.0,2,Neutral
3875,20.49,32.9,773.0,435.0,1,1,0.08,0.13,0.86,0.183,20.88,20.02,20.0,3,Warm
3876,23.64,65.6,400.0,20,0,1,0.63,0.65,0.05,0.192,23.09,22.14,23.36,2,Neutral
3877,20.82,52.9,400.0,20,0,1,0.24,0.39,0.27,0.071,21.3,21.06,20.81,3,Warm
3878,27.28,65.6,400.0,20,0,0,0.71,0.95,0.72,0.339,26.51,27.89,27.06,2,Neutral
3879,21.38,51.1,400.0,20,0,0,0.1,0.32,0.8,0.34,21.55,21.5,21.48,1,Cool
3880,23.79,68.2,702.0,585.0,1,1,0.34,0.04,0.07,0.34,24.19,24.91,23.62,3,Warm
3881,25.78,34.7,699.0,599.0,1,0,0.96,0.68,0.77,0.446,26.21,25.43,25.35,2,Neutral
3882,26.02,60.0,400.0,20,0,1,0.57,0.86,0.32,0.291,25.61,25.95,25.93,2,Neutral
3883,20.1,53.3,628.0,618.0,1,1,0.99,0.05,0.08,0.107,20.16,21.67,20.12,3,Warm
3884,22.94,68.0,417.0,286.0,1,1,0.06,0.47,0.06,0.401,22.43,23.03,23.13,2,Neutral
3885,21.44,56.2,787.0,589.0,1,0,0.48,0.1,0.2,0.28,22.38,21.83,21.48,0,Cold
3886,26.64,52.2,800.0,372.0,1,1,0.34,0.19,0.47,0.18,26.12,26.77,26.44,3,Warm
3887,22.59,61.4,595.0,274.0,1,0,0.63,0.08,0.42,0.166,22.19,22.13,23.08,2,Neutral
3888,23.34,65.5,400.0,20,0,1,0.72,0.92,0.41,0.127,22.13,22.66,22.61,2,Neutral
3889,21.96,61.6,400.0,20,0,0,0.83,0.97,0.76,0.059,22.4,22.79,21.62,2,Neutral
3890,21.84,67.7,512.0,306.0,1,0,0.15,0.24,0.03,0.379,21.75,22.5,21.47,2,Neutral
3891,26.66,66.8,515.0,688.0,1,1,0.75,0.79,0.6,0.257,26.3,26.75,26.88,1,Cool
3892,20.61,45.1,611.0,226.0,1,0,0.47,0.94,0.11,0.354,21.63,20.84,20.48,2,Neutral
3893,18.41,41.0,520.0,200.0,1,0,0.52,0.14,0.45,0.321,18.07,17.36,18.25,2,Neutral
3894,20.38,42.3,422.0,650.0,1,1,0.28,0.0,0.17,0.286,20.42,20.69,20.03,3,Warm
3895,23.9,44.1,400.0,20,0,1,0.57,0.42,0.06,0.394,22.85,22.95,23.41,2,Neutral
3896,18.7,39.2,400.0,20,0,1,0.28,0.56,0.15,0.42,19.37,16.95,18.95,3,Warm
3897,21.44,37.7,442.0,654.0,1,1,0.91,0.63,0.8,0.227,21.49,20.72,20.96,2,Neutral
3898,26.44,59.6,528.0,198.0,1,1,0.81,0.03,0.94,0.245,26.57,25.87,26.58,3,Warm
3899,23.69,35.5,400.0,20,0,1,0.5,0.74,0.81,0.28,22.83,24.44,23.76,1,Cool
3900,20.66,37.1,513.0,475.0,1,0,0.54,0.47,0.61,0.408,19.98,21.22,21.0,2,Neutral
3901,25.06,61.8,400.0,20,0,1,0.46,0.09,0.51,0.33,24.65,26.59,25.0,2,Neutral
3902,19.51,60.7,400.0,20,0,0,0.07,0.94,0.93,0.09,19.24,20.12,19.34,2,Neutral
3903,23.3,62.9,445.0,106.0,1,1,0.03,0.96,0.02,0.304,22.74,24.07,22.88,2,Neutral
3904,23.52,40.7,400.0,20,0,0,0.96,0.48,0.54,0.214,23.66,23.71,23.49,2,Neutral
3905,27.1,34.4,400.0,20,0,0,0.14,0.33,0.81,0.287,27.51,27.55,27.4,2,Neutral
3906,23.01,51.0,400.0,20,0,1,0.64,0.46,0.47,0.186,22.84,20.88,23.05,2,Neutral
3907,26.23,64.0,712.0,466.0,1,0,0.33,0.48,0.83,0.379,25.01,26.33,26.51,2,Neutral
3908,18.56,51.2,400.0,20,0,0,0.54,0.14,0.04,0.222,18.63,18.29,17.95,1,Cool
3909,22.39,56.5,400.0,20,0,0,0.25,0.03,0.96,0.175,22.11,21.94,22.08,2,Neutral
3910,21.49,54.0,400.0,20,0,1,0.17,0.54,0.46,0.336,21.03,22.0,21.62,2,Neutral
3911,24.31,34.9,600.0,698.0,1,1,0.27,0.19,0.27,0.118,23.86,24.17,24.02,3,Warm
3912,20.48,40.9,572.0,122.0,1,0,0.94,0.62,0.9,0.097,19.88,21.44,20.52,2,Neutral
3913,27.57,37.8,401.0,280.0,1,0,0.2,0.65,0.24,0.276,26.7,27.76,27.55,2,Neutral
3914,18.46,44.3,400.0,20,0,0,0.39,0.47,0.39,0.266,18.02,17.89,18.13,3,Warm
3915,20.72,68.9,400.0,20,0,1,0.59,0.8,0.54,0.397,20.59,21.45,21.32,3,Warm
3916,27.97,32.6,400.0,20,0,1,0.36,0.74,0.3,0.251,28.18,28.4,28.28,2,Neutral
3917,25.06,44.9,400.0,20,0,1,0.84,0.65,0.73,0.255,25.18,24.71,25.63,2,Neutral
3918,18.27,61.2,658.0,464.0,1,0,0.06,0.16,0.85,0.089,18.7,18.3,18.09,2,Neutral
3919,27.58,34.2,443.0,549.0,1,0,0.4,0.45,0.85,0.195,27.72,26.08,27.26,2,Neutral
3920,19.84,37.3,400.0,20,0,1,0.9,0.95,0.07,0.425,19.82,20.01,20.05,2,Neutral
3921,21.56,53.8,492.0,457.0,1,0,0.06,0.51,0.22,0.181,22.13,20.79,21.67,3,Warm
3922,22.72,40.8,579.0,495.0,1,0,0.39,0.71,0.75,0.158,22.43,21.33,23.62,1,Cool
3923,18.77,47.3,594.0,682.0,1,1,0.41,0.82,0.51,0.293,18.45,18.75,19.06,2,Neutral
3924,24.69,59.0,400.0,20,0,1,0.59,0.6,0.27,0.404,25.38,25.74,24.65,1,Cool
3925,20.94,60.2,400.0,20,0,0,0.62,0.16,0.25,0.413,20.67,21.36,21.01,4,Hot
3926,18.38,39.9,400.0,20,0,1,0.21,0.12,0.85,0.323,19.34,17.97,18.3,1,Cool
3927,24.66,35.8,632.0,626.0,1,1,0.51,0.35,0.88,0.152,24.31,24.47,24.42,2,Neutral
3928,18.39,42.0,400.0,20,0,0,0.53,0.98,0.19,0.306,17.21,18.6,18.48,3,Warm
3929,22.66,58.6,701.0,679.0,1,0,0.17,0.96,0.52,0.087,22.6,22.3,22.47,2,Neutral
3930,26.24,65.0,490.0,141.0,1,1,0.79,0.26,0.93,0.139,26.36,25.74,25.59,2,Neutral
3931,20.3,68.6,400.0,20,0,1,0.07,0.25,0.19,0.305,21.6,19.24,20.66,1,Cool
3932,19.77,60.7,400.0,20,0,1,0.32,0.1,0.49,0.32,19.44,18.63,19.6,1,Cool
3933,20.38,60.3,441.0,459.0,1,0,0.91,0.55,0.19,0.369,21.18,19.11,20.05,2,Neutral
3934,18.95,64.6,400.0,20,0,0,0.64,0.72,0.75,0.223,18.22,18.47,19.24,2,Neutral
3935,21.17,44.0,400.0,20,0,0,0.64,0.68,0.8,0.101,21.97,21.55,20.83,2,Neutral
3936,25.21,64.7,446.0,561.0,1,1,0.84,0.1,0.28,0.141,26.71,25.41,25.41,2,Neutral
3937,19.24,65.7,529.0,185.0,1,1,0.45,0.54,0.08,0.11,20.21,19.38,19.71,4,Hot
3938,20.31,52.9,672.0,693.0,1,1,0.46,0.36,0.66,0.308,19.24,19.42,19.96,3,Warm
3939,22.42,44.8,400.0,20,0,0,0.4,0.7,0.79,0.349,23.75,21.28,22.52,2,Neutral
3940,24.56,49.1,400.0,20,0,0,0.53,0.76,0.76,0.091,25.47,24.82,24.55,2,Neutral
3941,20.14,51.3,645.0,207.0,1,0,0.29,0.2,0.85,0.357,20.56,19.5,20.1,3,Warm
3942,25.63,68.7,651.0,568.0,1,0,0.37,0.34,0.51,0.187,25.57,24.32,24.98,2,Neutral
3943,18.3,56.8,400.0,20,0,0,0.36,0.19,0.29,0.385,18.96,18.99,18.7,3,Warm
3944,27.87,31.1,411.0,326.0,1,1,0.09,0.81,0.62,0.124,27.81,28.76,27.34,3,Warm
3945,23.86,30.1,400.0,20,0,0,0.71,0.52,0.97,0.08,23.97,24.27,23.39,2,Neutral
3946,24.78,55.1,620.0,599.0,1,1,0.69,0.59,0.24,0.171,24.83,25.53,25.09,2,Neutral
3947,20.83,56.1,400.0,20,0,1,0.38,0.61,0.32,0.282,21.1,21.08,20.75,2,Neutral
3948,19.31,42.4,408.0,320.0,1,1,0.89,0.1,0.46,0.083,19.17,16.9,19.5,2,Neutral
3949,19.37,70.0,642.0,194.0,1,1,0.06,0.25,0.26,0.137,19.91,19.38,18.77,2,Neutral
3950,27.97,63.4,499.0,106.0,1,1,0.15,0.83,0.47,0.343,27.71,28.44,27.87,1,Cool
3951,25.8,41.2,652.0,152.0,1,0,0.64,0.47,0.13,0.163,25.8,27.14,25.13,2,Neutral
3952,22.45,36.2,621.0,135.0,1,1,0.94,0.31,0.18,0.311,23.06,23.66,22.33,1,Cool
3953,19.13,67.5,400.0,20,0,0,0.89,0.48,0.83,0.117,19.09,19.42,19.29,3,Warm
3954,26.48,30.3,780.0,686.0,1,0,0.3,1.0,0.66,0.297,26.32,28.11,26.29,2,Neutral
3955,25.56,53.0,400.0,20,0,1,0.37,0.66,0.83,0.244,24.88,23.81,25.96,2,Neutral
3956,19.85,34.6,724.0,596.0,1,1,0.98,0.51,0.77,0.278,19.81,20.39,20.02,2,Neutral
3957,19.72,45.7,449.0,665.0,1,1,0.41,0.21,0.14,0.167,20.46,19.57,19.49,2,Neutral
3958,23.08,40.1,400.0,20,0,0,0.02,0.03,0.97,0.153,23.19,23.11,22.87,2,Neutral
3959,24.46,52.2,538.0,145.0,1,1,0.8,0.09,0.54,0.327,25.17,23.36,24.57,2,Neutral
3960,19.34,34.4,786.0,698.0,1,1,0.35,0.11,0.77,0.409,19.19,18.94,19.82,1,Cool
3961,24.3,64.6,400.0,20,0,1,0.3,0.36,0.14,0.365,23.76,23.13,24.45,2,Neutral
3962,26.78,33.6,400.0,20,0,1,0.1,0.69,0.22,0.348,26.77,26.99,26.64,3,Warm
3963,24.41,32.7,720.0,216.0,1,1,0.88,0.69,0.49,0.3,24.94,24.67,24.6,2,Neutral
3964,27.61,55.3,620.0,438.0,1,1,0.61,0.63,0.67,0.279,27.0,26.98,27.33,0,Cold
3965,18.48,56.9,623.0,113.0,1,1,0.59,0.35,0.6,0.164,18.92,18.42,19.12,2,Neutral
3966,22.65,49.5,400.0,20,0,0,0.3,0.53,0.51,0.106,23.03,24.53,22.77,2,Neutral
3967,18.09,45.7,659.0,182.0,1,0,0.85,0.36,0.4,0.278,17.0,17.62,18.31,2,Neutral
3968,27.17,40.3,400.0,20,0,0,0.71,0.91,0.28,0.302,27.53,25.94,27.02,2,Neutral
3969,20.85,52.4,400.0,20,0,1,0.15,0.85,0.37,0.362,21.1,19.38,21.54,2,Neutral
3970,27.56,64.8,400.0,20,0,0,0.73,0.79,0.44,0.283,27.0,28.55,27.66,3,Warm
3971,19.77,39.5,522.0,174.0,1,0,0.14,0.25,0.61,0.233,19.22,20.41,20.05,2,Neutral
3972,22.67,49.9,402.0,518.0,1,1,0.86,0.67,0.55,0.202,23.46,22.47,23.21,1,Cool
3973,19.07,32.2,770.0,221.0,1,0,0.67,0.01,0.68,0.401,18.95,17.82,19.09,2,Neutral
3974,20.9,57.7,547.0,604.0,1,1,0.5,0.77,0.1,0.232,21.01,20.35,21.38,2,Neutral
3975,19.75,69.9,400.0,20,0,1,0.3,0.83,0.69,0.141,19.42,19.74,19.92,2,Neutral
3976,20.01,61.1,400.0,20,0,1,0.49,0.67,0.61,0.198,20.36,20.68,20.17,1,Cool
3977,21.29,34.0,737.0,202.0,1,0,0.14,0.85,0.05,0.176,22.11,21.8,20.98,2,Neutral
3978,19.33,33.7,400.0,20,0,1,0.77,0.44,0.47,0.446,20.08,18.36,19.58,2,Neutral
3979,27.42,31.4,400.0,20,0,1,0.19,0.36,0.23,0.21,27.59,28.45,27.59,2,Neutral
3980,22.06,58.7,400.0,20,0,1,0.83,0.78,0.51,0.204,22.69,20.95,21.66,3,Warm
3981,22.24,44.7,400.0,20,0,0,0.59,0.91,0.6,0.421,21.92,22.83,21.98,2,Neutral
3982,27.9,61.3,535.0,603.0,1,0,0.73,0.46,0.19,0.115,28.08,26.8,27.72,3,Warm
3983,19.36,59.2,622.0,187.0,1,1,0.08,0.94,0.68,0.198,20.06,20.74,19.48,3,Warm
3984,18.58,36.3,743.0,627.0,1,0,0.43,0.54,0.33,0.24,17.98,19.12,18.85,2,Neutral
3985,22.85,48.4,400.0,20,0,1,0.29,0.51,0.45,0.113,22.95,22.75,22.68,1,Cool
3986,19.64,51.4,559.0,233.0,1,1,0.84,0.03,0.95,0.108,19.11,19.6,19.64,2,Neutral
3987,26.97,57.7,400.0,20,0,0,0.25,0.11,0.47,0.43,27.28,26.64,26.52,0,Cold
3988,20.44,67.0,757.0,475.0,1,1,0.55,0.23,0.91,0.071,19.9,19.97,20.32,2,Neutral
3989,27.34,31.0,400.0,20,0,0,0.82,0.79,0.21,0.123,26.86,27.88,27.48,3,Warm
3990,26.6,44.1,523.0,105.0,1,1,0.03,0.14,0.79,0.385,26.05,27.22,26.74,2,Neutral
3991,27.63,51.5,400.0,20,0,1,0.51,0.38,0.06,0.091,27.33,28.81,28.2,2,Neutral
3992,26.0,59.7,681.0,294.0,1,0,0.74,0.36,0.47,0.3,26.12,24.17,26.32,2,Neutral
3993,19.71,32.4,400.0,20,0,1,0.71,0.78,0.07,0.366,20.17,19.16,19.02,2,Neutral
3994,24.41,35.3,400.0,20,0,0,0.93,0.97,0.03,0.29,23.67,24.44,24.72,2,Neutral
3995,23.95,47.5,555.0,513.0,1,1,0.91,0.52,0.43,0.089,24.07,24.14,24.14,1,Cool
3996,23.59,40.5,400.0,20,0,1,0.6,0.67,0.24,0.199,23.04,23.2,23.79,4,Hot
3997,22.29,42.9,416.0,433.0,1,1,0.96,0.98,0.92,0.136,23.01,22.46,22.11,2,Neutral
3998,22.85,41.6,400.0,20,0,1,0.77,0.74,0.18,0.087,22.91,21.19,23.05,1,Cool
3999,19.77,38.5,400.0,20,0,0,0.85,0.68,0.18,0.202,20.0,18.81,20.17,2,Neutral
