hour,zone,T_outdoor_C,T_zone_C,PMV_NA,PPD_NA_pct,kWh_m2_NA,supply_temp_C,blind_angle
0,1,29.25,20.42,-0.199,16.6,0.00159,17.0,0.7
0,2,29.25,20.03,-0.194,16.1,0.00201,16.5,0.74
0,3,29.25,22.24,0.008,5.0,0.00233,17.0,0.78
0,4,29.25,20.99,-0.114,9.0,0.0021,18.4,0.34
0,5,29.25,20.2,-0.208,17.6,0.00253,23.1,0.84
0,6,29.25,21.28,-0.09,7.5,0.00245,19.2,0.57
0,7,29.25,22.0,0.02,5.1,0.0023,21.7,0.83
0,8,29.25,21.72,-0.048,5.7,0.00265,22.1,0.48
1,1,29.78,21.62,-0.031,5.3,0.00191,16.3,0.92
1,2,29.78,20.22,-0.171,13.8,0.00233,20.3,0.07
1,3,29.78,22.47,0.031,5.3,0.00241,21.3,0.99
1,4,29.78,21.87,0.023,5.2,0.00199,21.1,0.12
1,5,29.78,22.39,0.074,6.7,0.00229,20.8,0.63
1,6,29.78,21.86,-0.025,5.2,0.00248,16.1,0.28
1,7,29.78,21.05,-0.098,8.0,0.00236,22.4,0.45
1,8,29.78,22.64,0.08,7.0,0.00173,20.0,0.49
2,1,30.4,20.64,-0.17,13.7,0.00257,16.5,0.27
2,2,30.4,21.39,0.009,5.0,0.0019,19.4,0.35
2,3,30.4,20.73,-0.126,9.8,0.00236,18.7,0.89
2,4,30.4,21.11,-0.057,6.0,0.00159,17.4,0.74
2,5,30.4,20.62,-0.13,10.2,0.0017,23.1,0.49
2,6,30.4,21.77,0.048,5.7,0.0023,19.3,0.45
2,7,30.4,20.93,-0.112,8.8,0.00189,22.6,0.48
2,8,30.4,22.97,0.079,6.9,0.00237,23.2,0.4
3,1,32.02,22.03,-0.012,5.0,0.00238,22.0,0.94
3,2,32.02,22.62,0.125,9.8,0.00245,16.5,0.43
3,3,32.02,20.24,-0.148,11.6,0.00201,21.2,0.01
3,4,32.02,21.53,-0.103,8.2,0.00182,20.8,0.9
3,5,32.02,22.29,0.007,5.0,0.00271,16.9,0.06
3,6,32.02,22.12,0.035,5.4,0.00249,16.8,0.95
3,7,32.02,21.37,-0.031,5.3,0.00144,23.8,0.38
3,8,32.02,20.87,-0.114,9.0,0.00277,21.4,0.92
4,1,30.99,21.44,0.03,5.3,0.00213,22.9,0.27
4,2,30.99,21.7,-0.036,5.4,0.00254,22.6,0.41
4,3,30.99,20.79,-0.053,5.9,0.002,19.6,0.86
4,4,30.99,21.42,-0.039,5.5,0.00223,17.9,0.86
4,5,30.99,22.67,0.11,8.7,0.0023,21.4,0.04
4,6,30.99,22.85,0.123,9.6,0.00268,18.4,0.59
4,7,30.99,21.63,-0.023,5.2,0.00231,19.3,0.62
4,8,30.99,19.28,-0.259,23.9,0.00253,22.3,0.28
5,1,30.74,17.41,-0.451,51.4,0.00173,18.6,0.14
5,2,30.74,20.72,-0.107,8.5,0.0014,19.2,0.89
5,3,30.74,21.26,-0.065,6.3,0.00138,18.1,0.99
5,4,30.74,22.22,0.034,5.4,0.00156,19.9,0.79
5,5,30.74,21.51,-0.066,6.3,0.00132,19.2,0.57
5,6,30.74,22.67,0.092,7.6,0.00191,17.1,0.79
5,7,30.74,18.98,-0.247,22.4,0.00208,22.5,0.61
5,8,30.74,19.64,-0.25,22.7,0.00277,22.8,0.46
6,1,30.87,22.38,0.014,5.1,0.00168,18.1,0.18
6,2,30.87,20.98,-0.099,8.0,0.00249,19.9,0.23
6,3,30.87,22.63,0.079,6.9,0.00173,18.0,0.94
6,4,30.87,23.87,0.19,15.7,0.00268,18.4,0.56
6,5,30.87,21.02,-0.075,6.7,0.00269,23.7,0.55
6,6,30.87,22.15,-0.043,5.6,0.00264,21.2,0.63
6,7,30.87,20.83,-0.152,12.0,0.00153,22.6,0.7
6,8,30.87,20.32,-0.199,16.6,0.00271,17.7,0.54
7,1,31.38,19.48,-0.235,20.8,0.00156,19.8,0.8
7,2,31.38,18.41,-0.331,33.9,0.00248,18.0,0.8
7,3,31.38,22.48,-0.01,5.0,0.00256,20.7,0.27
7,4,31.38,20.14,-0.207,17.5,0.0019,18.8,0.42
7,5,31.38,20.02,-0.237,21.1,0.00146,19.3,0.35
7,6,31.38,21.68,0.007,5.0,0.00132,21.2,0.68
7,7,31.38,21.3,-0.027,5.2,0.00233,17.5,0.13
7,8,31.38,20.92,-0.107,8.5,0.00212,17.2,0.17
8,1,31.43,19.26,-0.315,31.5,0.00266,20.9,0.75
8,2,31.43,21.07,-0.128,10.0,0.00218,17.0,0.98
8,3,31.43,21.79,-0.03,5.3,0.00131,23.1,0.97
8,4,31.43,20.97,-0.102,8.2,0.00266,18.4,0.55
8,5,31.43,21.02,-0.111,8.8,0.0014,16.1,0.04
8,6,31.43,21.37,-0.037,5.4,0.00245,16.8,0.06
8,7,31.43,23.66,0.144,11.3,0.00151,20.0,0.66
8,8,31.43,21.13,-0.075,6.7,0.00191,19.3,0.05
9,1,30.9,19.42,-0.228,20.0,0.00143,22.1,0.0
9,2,30.9,18.51,-0.28,26.6,0.00252,16.3,0.79
9,3,30.9,22.77,0.085,7.2,0.00262,19.8,0.52
9,4,30.9,21.79,0.024,5.2,0.00157,21.1,0.37
9,5,30.9,20.28,-0.195,16.2,0.00277,18.1,0.88
9,6,30.9,22.8,0.038,5.5,0.002,18.3,0.82
9,7,30.9,20.16,-0.156,12.3,0.0013,19.1,0.96
9,8,30.9,20.16,-0.154,12.2,0.0025,20.2,0.09
10,1,31.74,23.17,0.109,8.7,0.00269,16.1,0.97
10,2,31.74,23.37,0.081,7.0,0.00164,16.4,0.92
10,3,31.74,19.21,-0.255,23.4,0.00142,19.4,0.89
10,4,31.74,20.74,-0.136,10.6,0.00228,19.0,0.31
10,5,31.74,21.4,-0.098,7.9,0.002,17.0,0.46
10,6,31.74,22.21,0.008,5.0,0.00238,18.7,0.99
10,7,31.74,19.64,-0.199,16.6,0.00158,16.8,0.74
10,8,31.74,22.33,0.048,5.7,0.00239,20.5,0.71
11,1,30.83,20.54,-0.124,9.7,0.00143,16.2,0.69
11,2,30.83,20.99,-0.132,10.3,0.0014,16.7,0.53
11,3,30.83,21.15,-0.084,7.2,0.00171,22.0,0.0
11,4,30.83,21.1,-0.107,8.5,0.00162,18.5,0.9
11,5,30.83,20.8,-0.105,8.4,0.00132,22.0,0.74
11,6,30.83,21.31,-0.085,7.3,0.0016,18.5,0.23
11,7,30.83,23.23,0.117,9.2,0.00162,18.1,0.94
11,8,30.83,22.85,0.091,7.6,0.00179,17.7,0.52
12,1,28.52,21.71,-0.001,5.0,0.00259,18.6,0.33
12,2,28.52,21.15,-0.098,8.0,0.00191,18.3,0.42
12,3,28.52,20.38,-0.131,10.2,0.00167,16.3,0.24
12,4,28.52,21.72,-0.013,5.1,0.00193,23.3,0.39
12,5,28.52,20.66,-0.163,13.0,0.00229,19.3,0.33
12,6,28.52,21.98,0.006,5.0,0.00216,17.2,0.82
12,7,28.52,20.7,-0.096,7.8,0.00239,16.7,0.08
12,8,28.52,21.57,-0.088,7.4,0.00167,17.1,0.47
13,1,30.81,20.61,-0.158,12.5,0.00139,21.3,0.28
13,2,30.81,19.71,-0.224,19.5,0.00161,21.8,0.51
13,3,30.81,20.2,-0.24,21.5,0.0015,22.9,0.81
13,4,30.81,21.87,0.027,5.2,0.00159,20.7,0.23
13,5,30.81,22.3,0.044,5.6,0.00128,23.8,0.98
13,6,30.81,21.79,-0.058,6.0,0.00187,20.3,0.48
13,7,30.81,22.0,-0.012,5.0,0.00132,17.5,0.84
13,8,30.81,21.27,-0.097,7.9,0.00221,16.2,0.29
14,1,28.55,21.63,-0.046,5.7,0.00271,20.7,0.51
14,2,28.55,23.23,0.126,9.8,0.00226,22.5,0.51
14,3,28.55,20.76,-0.139,10.9,0.00142,16.2,0.05
14,4,28.55,22.64,0.084,7.2,0.00222,21.5,0.38
14,5,28.55,19.93,-0.211,18.0,0.00188,23.5,0.19
14,6,28.55,21.39,-0.089,7.4,0.00201,20.3,0.9
14,7,28.55,21.35,-0.063,6.3,0.00246,16.2,0.02
14,8,28.55,19.34,-0.258,23.7,0.00208,18.5,0.0
15,1,29.92,21.55,-0.032,5.3,0.00242,19.1,0.51
15,2,29.92,22.83,0.081,7.1,0.00259,21.7,0.43
15,3,29.92,21.67,-0.055,6.0,0.00216,16.3,0.55
15,4,29.92,20.68,-0.142,11.1,0.00181,23.9,0.05
15,5,29.92,20.62,-0.139,10.9,0.00157,19.9,0.81
15,6,29.92,22.73,0.055,6.0,0.00187,20.6,0.63
15,7,29.92,21.34,-0.066,6.4,0.00148,16.1,0.54
15,8,29.92,20.55,-0.144,11.3,0.00205,18.9,0.09
16,1,28.92,20.74,-0.121,9.5,0.00212,23.2,0.71
16,2,28.92,21.79,-0.023,5.2,0.00227,18.6,0.97
16,3,28.92,21.54,-0.062,6.2,0.00233,21.6,0.84
16,4,28.92,20.02,-0.191,15.8,0.00148,16.1,0.1
16,5,28.92,21.5,-0.047,5.7,0.00197,18.1,0.83
16,6,28.92,22.4,0.01,5.0,0.00179,22.6,0.16
16,7,28.92,23.79,0.167,13.4,0.00269,20.4,0.79
16,8,28.92,21.22,-0.018,5.1,0.00184,16.7,0.75
17,1,27.96,23.08,0.14,11.0,0.00245,19.8,0.26
17,2,27.96,21.73,-0.053,5.9,0.00258,16.2,0.13
17,3,27.96,20.03,-0.204,17.2,0.00142,23.2,0.11
17,4,27.96,22.14,0.058,6.1,0.00128,22.5,0.65
17,5,27.96,24.01,0.227,19.9,0.00205,16.2,0.08
17,6,27.96,22.84,0.068,6.4,0.00171,23.6,0.04
17,7,27.96,20.78,-0.103,8.3,0.00243,23.9,0.14
17,8,27.96,21.89,-0.059,6.1,0.00253,19.1,0.52
18,1,27.01,22.02,0.039,5.5,0.00207,23.6,0.7
18,2,27.01,21.97,-0.041,5.5,0.00272,23.2,0.73
18,3,27.01,20.83,-0.119,9.3,0.00233,17.4,0.88
18,4,27.01,23.74,0.212,18.1,0.00251,23.8,0.13
18,5,27.01,21.27,-0.079,6.9,0.00235,19.6,0.09
18,6,27.01,21.65,-0.034,5.4,0.00206,16.5,0.2
18,7,27.01,21.33,-0.091,7.6,0.00131,22.1,0.15
18,8,27.01,21.54,0.006,5.0,0.00225,20.8,0.66
19,1,27.1,22.87,0.071,6.6,0.00134,23.7,0.22
19,2,27.1,21.08,-0.095,7.8,0.0024,20.2,0.83
19,3,27.1,19.56,-0.198,16.6,0.00221,19.8,0.02
19,4,27.1,22.08,0.015,5.1,0.00176,22.0,0.44
19,5,27.1,22.86,0.051,5.8,0.0021,17.7,0.71
19,6,27.1,20.23,-0.198,16.5,0.00192,20.5,0.3
19,7,27.1,22.71,0.111,8.8,0.0017,23.3,0.91
19,8,27.1,21.43,-0.07,6.5,0.0024,23.8,0.78
20,1,27.44,21.78,-0.01,5.0,0.00257,16.1,0.42
20,2,27.44,20.33,-0.187,15.4,0.00128,16.8,0.7
20,3,27.44,20.6,-0.11,8.7,0.00249,19.1,0.7
20,4,27.44,22.05,0.034,5.4,0.00216,22.8,0.29
20,5,27.44,22.68,0.06,6.1,0.00204,20.1,0.28
20,6,27.44,20.86,-0.134,10.4,0.00129,19.2,0.09
20,7,27.44,21.18,-0.107,8.5,0.00176,21.3,0.7
20,8,27.44,22.71,0.04,5.5,0.00148,17.7,0.1
21,1,26.42,22.09,0.041,5.5,0.00196,19.8,0.68
21,2,26.42,19.73,-0.213,18.3,0.00229,18.0,0.09
21,3,26.42,21.04,-0.112,8.8,0.0023,17.2,0.93
21,4,26.42,20.39,-0.209,17.8,0.00175,23.1,0.99
21,5,26.42,20.77,-0.102,8.2,0.0022,18.5,0.8
21,6,26.42,19.75,-0.2,16.7,0.0013,23.3,0.31
21,7,26.42,22.66,0.007,5.0,0.00158,21.1,0.1
21,8,26.42,20.02,-0.203,17.1,0.00242,20.1,0.55
22,1,29.13,23.39,0.112,8.9,0.00196,17.0,0.88
22,2,29.13,20.4,-0.201,16.9,0.00256,21.6,0.09
22,3,29.13,21.51,0.004,5.0,0.00272,21.4,0.98
22,4,29.13,20.49,-0.099,8.0,0.00149,17.3,0.94
22,5,29.13,21.05,-0.094,7.7,0.00147,20.1,0.93
22,6,29.13,22.47,0.018,5.1,0.00128,22.2,0.19
22,7,29.13,21.2,-0.083,7.1,0.00186,17.4,0.97
22,8,29.13,21.09,-0.09,7.5,0.00178,19.5,0.44
23,1,28.23,22.66,-0.001,5.0,0.00159,17.6,0.37
23,2,28.23,18.18,-0.362,38.3,0.00191,20.5,0.88
23,3,28.23,22.47,0.05,5.8,0.00244,17.7,0.98
23,4,28.23,21.76,-0.06,6.1,0.00207,23.8,0.65
23,5,28.23,21.46,-0.068,6.4,0.00219,20.1,0.1
23,6,28.23,20.51,-0.097,7.9,0.00141,19.9,0.48
23,7,28.23,20.8,-0.151,11.9,0.00263,23.0,0.47
23,8,28.23,21.96,0.022,5.2,0.00238,16.1,0.14
24,1,29.12,23.93,0.216,18.6,0.00167,19.4,0.77
24,2,29.12,22.37,0.03,5.3,0.00129,16.3,0.33
24,3,29.12,23.09,0.1,8.1,0.00226,23.4,0.93
24,4,29.12,21.77,-0.041,5.5,0.00155,16.9,0.39
24,5,29.12,21.59,-0.047,5.7,0.00161,16.1,0.78
24,6,29.12,19.36,-0.254,23.3,0.00213,22.1,0.44
24,7,29.12,20.98,-0.12,9.4,0.00154,19.4,0.78
24,8,29.12,20.61,-0.161,12.8,0.00132,21.2,0.23
25,1,30.74,23.44,0.131,10.3,0.00191,21.4,0.99
25,2,30.74,21.82,0.044,5.6,0.0019,24.0,0.02
25,3,30.74,22.93,0.125,9.8,0.00219,16.2,0.53
25,4,30.74,21.16,-0.055,5.9,0.00169,17.4,0.52
25,5,30.74,23.26,0.133,10.4,0.00268,16.9,0.46
25,6,30.74,20.05,-0.217,18.6,0.00219,20.0,0.46
25,7,30.74,21.64,-0.038,5.5,0.00261,19.2,0.43
25,8,30.74,21.4,-0.062,6.2,0.00208,18.0,0.21
26,1,29.69,23.31,0.07,6.5,0.00256,16.9,0.26
26,2,29.69,22.41,0.043,5.6,0.00249,16.8,0.29
26,3,29.69,21.36,-0.069,6.5,0.00166,18.9,0.01
26,4,29.69,22.58,0.089,7.4,0.00243,19.1,0.59
26,5,29.69,20.35,-0.187,15.4,0.00225,19.9,0.95
26,6,29.69,21.82,-0.023,5.2,0.00154,16.7,0.31
26,7,29.69,20.83,-0.107,8.5,0.00247,16.2,0.97
26,8,29.69,20.97,-0.141,11.0,0.00155,18.9,0.05
27,1,31.76,20.62,-0.122,9.6,0.0025,17.2,0.41
27,2,31.76,20.27,-0.249,22.6,0.00253,20.5,0.68
27,3,31.76,20.74,-0.164,13.1,0.00207,22.6,0.15
27,4,31.76,19.34,-0.285,27.3,0.00231,20.9,0.37
27,5,31.76,21.35,-0.094,7.7,0.00234,18.4,0.43
27,6,31.76,21.47,-0.027,5.2,0.00157,18.0,0.58
27,7,31.76,21.26,-0.085,7.2,0.00245,22.7,0.64
27,8,31.76,22.69,0.103,8.3,0.00185,16.9,0.1
28,1,30.85,22.1,0.023,5.2,0.0026,18.6,0.34
28,2,30.85,24.16,0.205,17.3,0.00147,23.4,0.94
28,3,30.85,18.81,-0.292,28.4,0.00243,17.9,0.33
28,4,30.85,21.7,-0.054,5.9,0.00236,17.7,0.7
28,5,30.85,21.48,-0.049,5.8,0.00146,16.1,0.24
28,6,30.85,21.89,0.025,5.2,0.00207,22.6,0.07
28,7,30.85,23.17,0.126,9.8,0.00143,19.8,0.95
28,8,30.85,21.71,-0.039,5.5,0.00192,23.9,0.29
29,1,30.27,22.02,0.041,5.5,0.00224,21.7,0.84
29,2,30.27,20.24,-0.202,16.9,0.00235,17.2,0.47
29,3,30.27,21.95,0.003,5.0,0.00245,21.2,0.69
29,4,30.27,21.11,-0.109,8.7,0.00216,20.8,0.46
29,5,30.27,23.86,0.187,15.4,0.00197,17.6,0.57
29,6,30.27,21.88,-0.04,5.5,0.0019,21.2,0.32
29,7,30.27,21.92,0.013,5.1,0.00161,19.4,0.59
29,8,30.27,21.7,0.01,5.0,0.00216,22.5,0.03
30,1,30.42,19.76,-0.257,23.6,0.00139,20.0,0.2
30,2,30.42,23.47,0.177,14.3,0.00186,18.5,0.38
30,3,30.42,20.64,-0.162,12.9,0.0019,23.6,0.45
30,4,30.42,21.02,-0.12,9.4,0.00239,22.4,0.91
30,5,30.42,21.46,-0.046,5.7,0.00196,23.8,0.04
30,6,30.42,22.13,0.018,5.1,0.00137,17.4,0.99
30,7,30.42,20.12,-0.175,14.1,0.00244,20.0,0.43
30,8,30.42,21.11,-0.083,7.1,0.00148,18.6,0.75
31,1,31.18,21.58,0.016,5.1,0.00206,20.8,0.1
31,2,31.18,21.77,-0.004,5.0,0.00239,21.8,0.66
31,3,31.18,19.43,-0.251,22.9,0.00193,21.3,0.37
31,4,31.18,21.49,-0.027,5.2,0.00188,20.4,0.87
31,5,31.18,21.42,-0.081,7.0,0.00129,20.2,0.52
31,6,31.18,22.81,0.097,7.9,0.00191,23.8,0.95
31,7,31.18,21.79,-0.049,5.8,0.0027,19.2,0.27
31,8,31.18,22.41,0.067,6.4,0.00224,19.5,0.55
32,1,30.42,20.32,-0.148,11.7,0.00203,16.9,0.28
32,2,30.42,21.46,-0.105,8.4,0.00192,20.1,0.23
32,3,30.42,20.65,-0.154,12.1,0.00216,18.7,0.19
32,4,30.42,21.03,-0.108,8.6,0.00209,20.9,0.53
32,5,30.42,21.23,-0.076,6.8,0.00259,18.6,0.04
32,6,30.42,22.8,0.111,8.8,0.0024,17.0,0.4
32,7,30.42,20.99,-0.122,9.6,0.00206,18.7,0.67
32,8,30.42,22.33,0.041,5.5,0.00222,23.4,0.79
33,1,31.19,22.9,0.082,7.1,0.0014,17.9,0.96
33,2,31.19,20.52,-0.14,10.9,0.00224,17.9,0.79
33,3,31.19,21.62,-0.069,6.5,0.00273,16.3,0.49
33,4,31.19,20.11,-0.168,13.4,0.00173,22.1,0.86
33,5,31.19,23.13,0.149,11.7,0.00201,18.1,0.71
33,6,31.19,21.71,-0.04,5.5,0.00133,23.0,0.58
33,7,31.19,22.0,0.051,5.8,0.0025,17.4,0.46
33,8,31.19,22.01,-0.011,5.0,0.00144,22.0,0.73
34,1,29.5,21.91,0.046,5.7,0.00248,21.0,0.38
34,2,29.5,21.58,-0.074,6.7,0.00134,17.6,0.39
34,3,29.5,18.87,-0.299,29.3,0.00166,19.6,0.34
34,4,29.5,23.64,0.213,18.2,0.00165,23.1,0.02
34,5,29.5,21.22,-0.086,7.3,0.00184,18.7,0.58
34,6,29.5,21.71,-0.029,5.3,0.00149,22.2,0.36
34,7,29.5,20.76,-0.104,8.4,0.00133,23.9,0.7
34,8,29.5,18.74,-0.336,34.6,0.00269,16.6,0.18
35,1,28.11,22.29,0.029,5.3,0.00227,21.5,0.64
35,2,28.11,20.78,-0.101,8.1,0.00174,23.9,0.92
35,3,28.11,21.51,-0.063,6.3,0.00221,21.6,0.8
35,4,28.11,22.31,-0.008,5.0,0.00134,17.5,0.85
35,5,28.11,22.01,-0.024,5.2,0.00149,18.7,0.02
35,6,28.11,22.52,0.045,5.6,0.00196,21.2,0.17
35,7,28.11,18.5,-0.328,33.3,0.00174,16.6,0.09
35,8,28.11,21.94,-0.062,6.2,0.00231,16.9,0.52
36,1,28.25,21.16,-0.129,10.0,0.00131,18.6,0.77
36,2,28.25,20.46,-0.155,12.3,0.00185,19.5,0.34
36,3,28.25,21.69,-0.021,5.1,0.00161,21.8,0.08
36,4,28.25,22.78,0.074,6.7,0.00265,20.4,0.2
36,5,28.25,20.58,-0.168,13.4,0.00132,17.7,0.38
36,6,28.25,21.36,-0.079,7.0,0.00205,16.5,0.71
36,7,28.25,20.12,-0.2,16.7,0.00258,23.9,0.11
36,8,28.25,19.79,-0.229,20.1,0.00142,21.5,0.32
37,1,28.83,22.83,0.111,8.8,0.00198,22.9,0.15
37,2,28.83,22.32,0.048,5.7,0.00141,19.9,0.28
37,3,28.83,22.8,0.099,8.0,0.00236,19.6,0.97
37,4,28.83,21.73,-0.022,5.2,0.00219,22.8,0.57
37,5,28.83,23.21,0.159,12.6,0.00181,23.1,0.97
37,6,28.83,21.62,-0.028,5.2,0.00139,21.6,0.15
37,7,28.83,22.46,0.023,5.2,0.0014,18.5,0.14
37,8,28.83,22.62,0.07,6.5,0.00226,23.4,0.44
38,1,27.3,20.34,-0.173,13.9,0.00256,20.7,0.18
38,2,27.3,22.4,0.008,5.0,0.00189,16.1,0.77
38,3,27.3,20.8,-0.111,8.8,0.00168,22.5,0.6
38,4,27.3,20.01,-0.139,10.8,0.00245,22.3,0.53
38,5,27.3,22.09,-0.005,5.0,0.00246,21.8,0.14
38,6,27.3,22.75,0.05,5.8,0.00246,16.0,0.13
38,7,27.3,21.92,0.045,5.6,0.00167,18.3,0.3
38,8,27.3,20.48,-0.187,15.3,0.00273,18.8,0.97
39,1,26.48,20.93,-0.094,7.7,0.002,18.5,0.04
39,2,26.48,20.31,-0.115,9.1,0.00202,20.2,0.66
39,3,26.48,22.05,0.007,5.0,0.00173,23.5,0.71
39,4,26.48,23.15,0.11,8.7,0.00252,16.8,0.56
39,5,26.48,20.91,-0.117,9.2,0.00135,16.7,0.39
39,6,26.48,20.33,-0.179,14.5,0.00177,22.7,0.14
39,7,26.48,21.15,-0.111,8.8,0.00266,22.9,0.28
39,8,26.48,20.56,-0.167,13.4,0.00159,21.7,0.7
40,1,27.59,24.02,0.158,12.5,0.00177,21.8,0.58
40,2,27.59,21.5,-0.005,5.0,0.00199,18.7,0.97
40,3,27.59,20.14,-0.208,17.6,0.00129,18.2,0.96
40,4,27.59,21.47,-0.052,5.8,0.00257,20.8,0.36
40,5,27.59,21.09,-0.08,7.0,0.00205,17.2,0.17
40,6,27.59,20.78,-0.103,8.3,0.00223,22.4,0.72
40,7,27.59,21.64,-0.05,5.8,0.00266,23.8,0.93
40,8,27.59,21.07,-0.054,5.9,0.00182,20.8,0.46
41,1,24.08,19.9,-0.234,20.7,0.00277,22.3,0.83
41,2,24.08,21.8,-0.05,5.8,0.0015,23.5,0.55
41,3,24.08,19.45,-0.226,19.8,0.00218,20.2,0.91
41,4,24.08,22.35,0.054,5.9,0.00174,19.3,0.82
41,5,24.08,22.43,0.033,5.3,0.00158,16.7,0.04
41,6,24.08,23.16,0.067,6.4,0.00157,19.1,0.88
41,7,24.08,21.64,-0.019,5.1,0.00173,17.3,0.01
41,8,24.08,21.33,-0.084,7.2,0.00257,20.1,0.29
42,1,27.85,22.68,0.07,6.5,0.00184,19.4,0.46
42,2,27.85,21.25,-0.077,6.8,0.00196,20.7,0.11
42,3,27.85,23.33,0.087,7.3,0.00211,16.2,0.74
42,4,27.85,23.06,0.096,7.9,0.00161,23.9,0.95
42,5,27.85,21.0,-0.047,5.7,0.00174,16.8,0.65
42,6,27.85,22.26,0.037,5.4,0.00137,23.8,0.96
42,7,27.85,21.48,-0.068,6.4,0.00162,20.9,0.16
42,8,27.85,21.98,-0.005,5.0,0.00256,22.9,0.75
43,1,27.65,21.27,-0.1,8.1,0.00251,19.3,0.43
43,2,27.65,21.95,-0.021,5.1,0.00128,19.6,0.34
43,3,27.65,21.87,-0.022,5.2,0.00194,19.0,0.27
43,4,27.65,21.79,0.023,5.2,0.00247,22.8,0.21
43,5,27.65,21.4,-0.034,5.4,0.00177,20.0,0.98
43,6,27.65,22.4,0.045,5.6,0.00149,16.4,0.99
43,7,27.65,19.85,-0.177,14.3,0.00129,19.1,0.42
43,8,27.65,21.45,0.004,5.0,0.00196,19.7,0.26
44,1,26.41,20.75,-0.209,17.7,0.0022,20.2,0.29
44,2,26.41,21.71,-0.083,7.1,0.00263,16.5,0.56
44,3,26.41,19.55,-0.211,18.0,0.00133,23.7,0.27
44,4,26.41,21.4,-0.072,6.6,0.00152,19.7,0.36
44,5,26.41,22.54,0.018,5.1,0.00233,18.5,0.31
44,6,26.41,21.99,0.016,5.1,0.00153,16.8,0.64
44,7,26.41,21.27,-0.054,5.9,0.00137,23.9,0.56
44,8,26.41,21.46,-0.068,6.4,0.00207,21.2,0.56
45,1,28.32,20.4,-0.155,12.3,0.0024,18.7,0.39
45,2,28.32,20.87,-0.086,7.3,0.00179,16.2,0.87
45,3,28.32,21.38,0.002,5.0,0.00273,19.8,0.71
45,4,28.32,21.41,-0.045,5.6,0.00141,20.2,0.03
45,5,28.32,21.39,-0.059,6.1,0.00249,23.9,0.32
45,6,28.32,18.61,-0.314,31.3,0.00242,17.6,0.57
45,7,28.32,22.22,0.024,5.2,0.00206,19.9,0.92
45,8,28.32,19.68,-0.256,23.5,0.0026,22.3,0.94
46,1,26.71,21.59,-0.083,7.1,0.00256,19.8,0.85
46,2,26.71,20.4,-0.185,15.2,0.00274,16.8,0.59
46,3,26.71,22.5,0.061,6.2,0.00215,20.6,0.96
46,4,26.71,19.71,-0.221,19.2,0.00245,20.6,0.19
46,5,26.71,21.02,-0.07,6.5,0.00219,21.4,0.76
46,6,26.71,20.72,-0.095,7.8,0.00149,17.1,0.08
46,7,26.71,20.68,-0.126,9.8,0.00205,22.4,0.45
46,8,26.71,20.72,-0.1,8.1,0.00196,19.8,0.92
47,1,29.31,20.87,-0.169,13.6,0.00191,17.5,0.7
47,2,29.31,21.7,-0.042,5.6,0.00261,18.7,0.39
47,3,29.31,21.0,-0.084,7.2,0.00231,18.3,0.02
47,4,29.31,23.31,0.124,9.7,0.00219,22.1,0.72
47,5,29.31,22.87,0.088,7.4,0.0026,23.3,0.51
47,6,29.31,21.5,-0.107,8.5,0.00216,16.3,0.87
47,7,29.31,20.0,-0.219,18.9,0.00264,20.3,0.91
47,8,29.31,20.19,-0.177,14.3,0.00245,16.4,0.79
48,1,27.83,21.6,0.019,5.1,0.00229,22.1,0.13
48,2,27.83,20.93,-0.089,7.4,0.00204,21.8,0.74
48,3,27.83,21.88,0.031,5.3,0.00194,20.4,0.22
48,4,27.83,21.49,0.036,5.4,0.00135,17.5,0.91
48,5,27.83,22.87,0.119,9.3,0.00131,22.8,0.33
48,6,27.83,21.85,-0.031,5.3,0.00138,17.2,0.81
48,7,27.83,21.77,0.009,5.0,0.00179,17.4,0.17
48,8,27.83,22.07,0.069,6.5,0.00248,20.1,0.17
49,1,28.78,19.31,-0.3,29.5,0.00235,21.0,0.76
49,2,28.78,24.03,0.224,19.5,0.00218,19.4,0.08
49,3,28.78,21.65,-0.049,5.7,0.00266,21.8,0.03
49,4,28.78,23.48,0.108,8.6,0.00219,17.5,0.89
49,5,28.78,22.08,-0.025,5.2,0.00243,18.7,0.92
49,6,28.78,22.15,0.014,5.1,0.00134,22.9,0.13
49,7,28.78,22.33,0.021,5.1,0.00132,18.4,0.69
49,8,28.78,21.13,-0.057,6.0,0.00192,16.7,0.63
50,1,29.39,19.31,-0.256,23.5,0.00216,16.8,0.31
50,2,29.39,22.74,0.036,5.4,0.00174,18.1,0.91
50,3,29.39,21.12,-0.094,7.8,0.0025,20.4,0.08
50,4,29.39,20.82,-0.157,12.4,0.0023,21.0,0.19
50,5,29.39,21.4,-0.061,6.2,0.00166,19.3,0.67
50,6,29.39,20.07,-0.228,20.0,0.00176,17.5,0.21
50,7,29.39,22.85,0.021,5.1,0.00209,21.0,0.97
50,8,29.39,20.95,-0.105,8.4,0.00267,22.3,0.21
51,1,30.14,21.16,-0.104,8.3,0.00185,23.2,0.37
51,2,30.14,21.52,-0.043,5.6,0.00259,20.4,0.14
51,3,30.14,21.92,-0.012,5.0,0.00205,19.8,0.31
51,4,30.14,22.51,0.086,7.3,0.00179,22.3,0.54
51,5,30.14,22.11,-0.035,5.4,0.00212,19.3,0.52
51,6,30.14,21.89,0.008,5.0,0.00207,22.9,0.39
51,7,30.14,23.92,0.198,16.5,0.00161,23.6,0.66
51,8,30.14,21.47,-0.104,8.3,0.00179,22.2,0.08
52,1,31.2,21.81,-0.011,5.0,0.00184,17.6,0.55
52,2,31.2,20.74,-0.144,11.3,0.00236,21.2,0.51
52,3,31.2,21.36,-0.052,5.8,0.00241,19.2,0.84
52,4,31.2,21.86,0.025,5.2,0.00238,21.4,0.72
52,5,31.2,21.82,-0.022,5.2,0.00215,17.9,0.43
52,6,31.2,22.43,0.016,5.1,0.00247,21.0,0.32
52,7,31.2,20.98,-0.105,8.4,0.00189,20.8,0.07
52,8,31.2,21.66,-0.027,5.2,0.00165,17.6,0.14
53,1,32.18,21.81,-0.036,5.4,0.00204,20.0,0.86
53,2,32.18,20.75,-0.178,14.4,0.00242,23.5,0.91
53,3,32.18,22.43,0.059,6.1,0.00276,19.9,0.38
53,4,32.18,22.2,-0.035,5.4,0.00168,17.1,0.55
53,5,32.18,23.08,0.074,6.7,0.00234,21.5,0.45
53,6,32.18,23.38,0.151,11.9,0.0022,21.2,0.08
53,7,32.18,20.47,-0.159,12.6,0.00129,23.0,0.78
53,8,32.18,17.89,-0.447,50.9,0.00162,21.0,0.33
54,1,30.93,21.77,-0.071,6.6,0.00204,16.9,0.18
54,2,30.93,21.44,-0.074,6.7,0.00273,20.6,0.31
54,3,30.93,21.94,-0.013,5.1,0.00226,22.2,0.18
54,4,30.93,22.07,0.021,5.1,0.0027,23.6,0.34
54,5,30.93,21.75,-0.012,5.0,0.00137,21.0,0.31
54,6,30.93,22.97,0.031,5.3,0.00263,20.3,0.02
54,7,30.93,20.72,-0.113,9.0,0.00216,21.9,0.39
54,8,30.93,22.62,0.046,5.7,0.00245,22.2,0.28
55,1,31.79,21.63,-0.08,7.0,0.00205,19.7,0.2
55,2,31.79,21.42,-0.036,5.4,0.0015,21.2,0.54
55,3,31.79,24.09,0.212,18.1,0.00184,23.6,0.54
55,4,31.79,21.16,-0.062,6.2,0.00236,18.7,0.51
55,5,31.79,18.72,-0.321,32.3,0.00253,23.1,0.15
55,6,31.79,22.21,-0.003,5.0,0.00168,19.1,0.41
55,7,31.79,21.45,-0.071,6.6,0.00198,22.0,0.5
55,8,31.79,20.67,-0.103,8.3,0.00158,17.9,0.92
56,1,30.41,22.06,-0.003,5.0,0.00178,22.4,0.38
56,2,30.41,19.28,-0.256,23.5,0.00204,20.4,0.47
56,3,30.41,22.53,0.046,5.7,0.00175,22.6,0.0
56,4,30.41,20.08,-0.263,24.4,0.00235,23.1,0.77
56,5,30.41,23.46,0.144,11.2,0.0027,20.2,0.5
56,6,30.41,23.44,0.213,18.2,0.00198,22.5,0.23
56,7,30.41,21.15,-0.086,7.3,0.00172,19.6,0.7
56,8,30.41,19.21,-0.327,33.3,0.00155,23.2,0.75
57,1,30.97,20.54,-0.155,12.3,0.00247,17.6,0.11
57,2,30.97,22.79,0.119,9.4,0.00276,16.9,0.09
57,3,30.97,22.82,0.13,10.2,0.00148,22.1,0.65
57,4,30.97,22.18,-0.038,5.5,0.00265,21.5,0.01
57,5,30.97,22.38,0.041,5.5,0.00145,18.9,0.06
57,6,30.97,22.46,0.035,5.4,0.00272,22.7,0.78
57,7,30.97,21.46,-0.034,5.4,0.00274,18.5,0.85
57,8,30.97,21.56,0.01,5.0,0.00145,16.2,0.14
58,1,31.09,20.68,-0.146,11.4,0.00128,19.7,0.32
58,2,31.09,21.45,-0.08,7.0,0.00193,21.6,0.64
58,3,31.09,21.47,-0.07,6.5,0.00165,16.6,0.98
58,4,31.09,22.66,0.06,6.1,0.00198,22.9,0.09
58,5,31.09,23.46,0.124,9.7,0.00174,17.6,0.58
58,6,31.09,22.32,0.016,5.1,0.00261,16.1,0.85
58,7,31.09,20.53,-0.21,17.9,0.00233,17.6,0.22
58,8,31.09,23.59,0.144,11.3,0.00226,21.5,0.78
59,1,30.19,21.02,-0.07,6.5,0.0022,19.2,0.97
59,2,30.19,21.05,-0.089,7.5,0.00218,21.6,0.53
59,3,30.19,22.68,0.068,6.4,0.00241,22.6,0.74
59,4,30.19,21.76,-0.046,5.7,0.00148,19.4,0.08
59,5,30.19,23.34,0.147,11.5,0.00167,21.6,0.67
59,6,30.19,23.2,0.177,14.3,0.00273,22.9,0.23
59,7,30.19,20.76,-0.096,7.8,0.00146,19.1,0.55
59,8,30.19,20.13,-0.183,14.9,0.00271,23.9,0.2
60,1,28.37,21.41,-0.018,5.1,0.00158,16.4,0.57
60,2,28.37,17.64,-0.396,43.3,0.00245,22.2,0.77
60,3,28.37,23.11,0.123,9.7,0.00187,20.4,0.98
60,4,28.37,21.07,-0.101,8.1,0.00177,21.5,0.32
60,5,28.37,22.53,0.046,5.7,0.00253,18.9,0.81
60,6,28.37,21.3,-0.112,8.8,0.00204,17.1,0.29
60,7,28.37,21.34,-0.076,6.8,0.00256,21.5,0.56
60,8,28.37,20.56,-0.128,10.0,0.00228,18.7,0.87
61,1,27.34,21.63,-0.035,5.4,0.0019,17.4,0.61
61,2,27.34,23.48,0.152,11.9,0.0022,16.2,0.75
61,3,27.34,20.8,-0.13,10.2,0.00198,18.6,0.68
61,4,27.34,22.34,-0.008,5.0,0.00127,20.6,0.93
61,5,27.34,19.35,-0.265,24.7,0.00235,23.5,0.09
61,6,27.34,21.46,-0.104,8.3,0.00273,19.7,0.08
61,7,27.34,21.1,-0.097,7.9,0.00247,19.5,0.72
61,8,27.34,22.96,0.102,8.2,0.00268,17.6,0.38
62,1,26.25,22.22,0.034,5.4,0.00211,22.5,0.04
62,2,26.25,21.78,0.006,5.0,0.00159,21.9,0.48
62,3,26.25,19.91,-0.174,14.0,0.00277,20.8,0.39
62,4,26.25,18.66,-0.324,32.8,0.00258,17.1,0.74
62,5,26.25,22.74,0.076,6.8,0.00249,22.4,0.4
62,6,26.25,19.18,-0.314,31.4,0.0019,19.7,0.42
62,7,26.25,22.32,0.036,5.4,0.00135,17.2,0.56
62,8,26.25,22.18,0.005,5.0,0.00206,23.4,0.54
63,1,27.76,22.54,0.064,6.3,0.00226,22.6,0.16
63,2,27.76,21.4,-0.073,6.7,0.0019,18.7,0.2
63,3,27.76,22.37,0.089,7.5,0.00271,17.6,0.3
63,4,27.76,18.28,-0.385,41.8,0.00277,20.0,0.14
63,5,27.76,21.7,-0.087,7.3,0.00145,23.6,0.16
63,6,27.76,20.07,-0.171,13.8,0.00164,22.3,0.41
63,7,27.76,23.18,0.122,9.6,0.00231,23.3,0.39
63,8,27.76,21.29,-0.037,5.4,0.00209,23.3,0.93
64,1,28.12,21.57,-0.032,5.3,0.00188,16.3,0.04
64,2,28.12,20.16,-0.192,15.9,0.0021,20.0,0.88
64,3,28.12,22.41,0.077,6.8,0.00151,17.0,0.56
64,4,28.12,22.83,0.076,6.8,0.00228,21.3,0.76
64,5,28.12,24.08,0.203,17.1,0.00272,18.8,0.33
64,6,28.12,21.82,-0.01,5.0,0.00231,20.5,0.95
64,7,28.12,21.42,-0.059,6.1,0.00135,22.7,0.57
64,8,28.12,20.66,-0.139,10.8,0.0014,17.1,0.55
65,1,28.51,20.2,-0.114,9.0,0.0021,18.0,0.41
65,2,28.51,22.03,0.053,5.9,0.0024,20.7,0.49
65,3,28.51,20.83,-0.116,9.1,0.00171,16.4,0.95
65,4,28.51,22.31,0.029,5.3,0.00146,17.1,0.94
65,5,28.51,21.09,-0.073,6.7,0.00154,18.4,0.78
65,6,28.51,21.96,0.038,5.5,0.00206,19.2,0.1
65,7,28.51,21.79,-0.026,5.2,0.00273,17.2,0.23
65,8,28.51,19.67,-0.239,21.3,0.00142,22.9,0.86
66,1,26.17,23.01,0.121,9.5,0.00242,22.5,0.96
66,2,26.17,22.61,0.077,6.9,0.00233,18.0,0.22
66,3,26.17,20.68,-0.166,13.3,0.00203,16.0,0.16
66,4,26.17,20.73,-0.119,9.3,0.00219,21.2,0.62
66,5,26.17,20.96,-0.049,5.7,0.00154,23.1,0.35
66,6,26.17,22.88,0.034,5.4,0.00215,22.3,0.88
66,7,26.17,21.38,-0.048,5.7,0.00144,23.3,0.0
66,8,26.17,22.9,0.123,9.6,0.00142,20.4,0.25
67,1,27.03,22.66,0.047,5.7,0.00131,19.1,0.33
67,2,27.03,18.58,-0.326,33.1,0.00271,19.0,0.72
67,3,27.03,21.85,-0.024,5.2,0.00272,17.8,0.41
67,4,27.03,21.54,-0.088,7.4,0.00128,20.6,0.15
67,5,27.03,22.51,0.109,8.7,0.00209,18.9,0.7
67,6,27.03,19.02,-0.316,31.7,0.00227,22.9,0.06
67,7,27.03,20.54,-0.126,9.8,0.0022,23.0,0.35
67,8,27.03,22.6,0.049,5.8,0.0019,23.2,0.44
68,1,27.29,22.11,0.026,5.2,0.00218,19.1,0.92
68,2,27.29,19.54,-0.222,19.3,0.0021,18.1,0.01
68,3,27.29,20.18,-0.188,15.4,0.002,19.6,0.09
68,4,27.29,20.87,-0.117,9.2,0.00227,16.7,0.65
68,5,27.29,23.23,0.11,8.7,0.00146,21.5,0.25
68,6,27.29,20.1,-0.143,11.2,0.00128,19.0,0.49
68,7,27.29,21.81,-0.09,7.5,0.00267,19.1,0.75
68,8,27.29,21.7,-0.008,5.0,0.00196,18.2,0.76
69,1,28.53,22.14,0.02,5.1,0.00159,19.6,0.26
69,2,28.53,22.41,0.029,5.3,0.0021,19.6,0.55
69,3,28.53,21.21,-0.027,5.2,0.00143,19.3,0.07
69,4,28.53,23.27,0.157,12.4,0.00177,23.9,0.21
69,5,28.53,21.7,-0.045,5.6,0.00176,19.3,0.76
69,6,28.53,19.26,-0.273,25.7,0.0024,21.9,0.11
69,7,28.53,21.12,-0.1,8.1,0.00248,23.3,0.4
69,8,28.53,18.67,-0.333,34.2,0.00181,20.2,0.02
70,1,27.75,23.63,0.153,12.1,0.00227,16.1,0.9
70,2,27.75,22.25,0.045,5.6,0.00174,21.3,0.66
70,3,27.75,22.58,0.13,10.1,0.00212,17.9,0.91
70,4,27.75,20.36,-0.132,10.3,0.00163,21.4,0.68
70,5,27.75,20.43,-0.154,12.2,0.00197,22.0,0.26
70,6,27.75,20.44,-0.146,11.4,0.00186,19.6,0.33
70,7,27.75,24.31,0.231,20.4,0.00251,20.1,0.15
70,8,27.75,21.04,-0.1,8.1,0.00234,22.3,0.05
71,1,28.45,22.71,0.045,5.6,0.00232,21.2,0.8
71,2,28.45,21.32,-0.097,7.9,0.00213,21.7,0.48
71,3,28.45,20.53,-0.172,13.8,0.00135,21.1,0.63
71,4,28.45,20.74,-0.188,15.4,0.00224,22.2,0.73
71,5,28.45,21.18,-0.067,6.4,0.00201,17.8,0.37
71,6,28.45,19.7,-0.245,22.0,0.00251,22.6,0.28
71,7,28.45,22.05,-0.032,5.3,0.00218,23.6,0.57
71,8,28.45,22.74,0.045,5.6,0.00272,16.4,0.43
72,1,28.96,20.85,-0.153,12.1,0.00199,18.5,0.9
72,2,28.96,20.24,-0.22,19.0,0.00225,22.6,0.81
72,3,28.96,21.6,-0.028,5.2,0.00132,18.5,0.84
72,4,28.96,21.03,-0.104,8.4,0.00248,17.1,0.64
72,5,28.96,21.56,-0.006,5.0,0.00183,20.0,0.33
72,6,28.96,22.47,0.052,5.8,0.00138,18.3,0.21
72,7,28.96,20.46,-0.156,12.3,0.00194,23.9,0.7
72,8,28.96,20.97,-0.091,7.5,0.0027,22.3,0.2
73,1,30.04,21.26,-0.11,8.7,0.00236,17.1,0.35
73,2,30.04,20.68,-0.122,9.5,0.00154,20.0,0.0
73,3,30.04,20.95,-0.101,8.1,0.00255,22.7,0.37
73,4,30.04,19.85,-0.194,16.0,0.002,22.0,0.47
73,5,30.04,21.05,-0.132,10.3,0.00201,20.8,0.29
73,6,30.04,21.71,-0.035,5.4,0.0016,17.9,0.47
73,7,30.04,21.48,-0.029,5.3,0.0016,23.0,0.96
73,8,30.04,21.78,-0.084,7.2,0.00191,22.3,0.08
74,1,31.33,21.53,-0.012,5.0,0.00177,16.6,0.62
74,2,31.33,24.06,0.176,14.3,0.00261,21.3,0.23
74,3,31.33,22.3,0.085,7.3,0.00138,20.1,0.18
74,4,31.33,21.71,-0.03,5.3,0.00159,17.0,0.99
74,5,31.33,21.08,-0.063,6.2,0.00149,16.1,0.67
74,6,31.33,22.31,0.039,5.5,0.00161,22.3,0.01
74,7,31.33,21.23,-0.062,6.2,0.00229,22.7,0.5
74,8,31.33,20.08,-0.142,11.1,0.00273,18.0,0.53
75,1,30.87,22.73,0.047,5.7,0.00208,16.1,0.82
75,2,30.87,19.38,-0.262,24.3,0.00155,23.6,0.43
75,3,30.87,22.33,0.064,6.3,0.0026,23.0,0.93
75,4,30.87,22.93,0.135,10.6,0.0015,19.9,0.49
75,5,30.87,20.31,-0.115,9.0,0.00141,20.6,0.44
75,6,30.87,20.55,-0.157,12.4,0.00208,16.6,0.28
75,7,30.87,21.89,-0.01,5.0,0.00237,17.5,0.7
75,8,30.87,20.84,-0.117,9.2,0.00246,23.4,0.25
76,1,29.48,19.59,-0.256,23.4,0.00251,19.9,0.52
76,2,29.48,21.51,-0.067,6.4,0.00261,16.1,0.8
76,3,29.48,21.18,-0.069,6.5,0.00181,16.9,0.41
76,4,29.48,22.99,0.083,7.1,0.00238,22.6,0.97
76,5,29.48,20.52,-0.176,14.2,0.00213,18.0,0.26
76,6,29.48,19.4,-0.249,22.6,0.00241,18.9,0.51
76,7,29.48,20.29,-0.16,12.7,0.00247,16.9,0.46
76,8,29.48,19.97,-0.218,18.7,0.0013,17.4,0.91
77,1,31.92,22.25,0.056,6.0,0.00212,22.1,0.15
77,2,31.92,21.53,-0.125,9.8,0.00263,18.5,0.88
77,3,31.92,22.34,0.03,5.3,0.00189,20.1,0.49
77,4,31.92,19.97,-0.205,17.3,0.00163,19.5,0.18
77,5,31.92,22.92,0.082,7.1,0.00177,20.9,0.3
77,6,31.92,22.54,0.074,6.7,0.00185,22.7,0.41
77,7,31.92,19.89,-0.212,18.0,0.00263,16.3,0.19
77,8,31.92,24.09,0.218,18.8,0.00224,21.5,0.99
78,1,32.0,21.98,-0.011,5.0,0.0027,19.2,0.31
78,2,32.0,22.56,0.043,5.6,0.00138,19.5,0.15
78,3,32.0,21.6,0.007,5.0,0.00205,16.7,0.01
78,4,32.0,22.0,-0.035,5.4,0.00251,22.1,0.5
78,5,32.0,22.16,0.007,5.0,0.00222,16.7,0.18
78,6,32.0,22.07,-0.005,5.0,0.00213,20.2,0.31
78,7,32.0,20.26,-0.182,14.8,0.00247,20.7,0.75
78,8,32.0,24.09,0.226,19.7,0.00235,19.2,0.85
79,1,30.7,22.03,-0.014,5.1,0.00216,21.2,0.55
79,2,30.7,21.18,-0.056,6.0,0.00253,16.7,0.03
79,3,30.7,22.45,0.054,5.9,0.00177,20.4,0.6
79,4,30.7,20.98,-0.149,11.7,0.00269,20.9,0.53
79,5,30.7,20.44,-0.149,11.8,0.00165,16.7,0.35
79,6,30.7,21.84,0.024,5.2,0.0019,16.9,0.35
79,7,30.7,20.15,-0.194,16.1,0.00191,18.4,0.86
79,8,30.7,21.7,-0.052,5.8,0.00256,23.8,0.01
80,1,31.64,22.85,0.039,5.5,0.00242,23.3,0.26
80,2,31.64,23.92,0.188,15.5,0.00241,16.5,0.98
80,3,31.64,24.67,0.243,21.8,0.00193,16.5,0.45
80,4,31.64,19.91,-0.24,21.5,0.00203,18.4,0.23
80,5,31.64,21.8,0.009,5.0,0.00247,21.5,0.49
80,6,31.64,22.02,-0.026,5.2,0.00205,19.0,0.12
80,7,31.64,21.98,-0.045,5.6,0.00251,18.1,0.08
80,8,31.64,19.11,-0.313,31.3,0.00242,23.2,0.63
81,1,30.05,20.17,-0.211,17.9,0.00187,19.7,0.0
81,2,30.05,23.28,0.111,8.8,0.00224,20.6,0.83
81,3,30.05,21.92,-0.009,5.0,0.00272,23.1,0.92
81,4,30.05,22.76,0.065,6.3,0.00216,18.9,0.8
81,5,30.05,22.83,0.113,8.9,0.0018,16.2,0.45
81,6,30.05,19.62,-0.241,21.5,0.00154,16.6,0.72
81,7,30.05,20.55,-0.147,11.5,0.00229,23.2,0.43
81,8,30.05,22.24,0.008,5.0,0.00268,22.8,0.25
82,1,31.2,21.91,-0.022,5.1,0.00194,19.9,0.12
82,2,31.2,22.55,0.134,10.5,0.00267,18.7,0.31
82,3,31.2,23.59,0.168,13.5,0.00275,23.8,0.87
82,4,31.2,20.35,-0.197,16.4,0.00243,17.8,0.73
82,5,31.2,22.18,0.034,5.4,0.00153,16.4,0.2
82,6,31.2,22.23,0.008,5.0,0.00133,16.9,0.87
82,7,31.2,23.95,0.144,11.3,0.00198,17.8,0.3
82,8,31.2,22.19,-0.025,5.2,0.00144,17.1,0.76
83,1,29.74,21.56,-0.079,7.0,0.00141,20.0,0.15
83,2,29.74,17.99,-0.398,43.7,0.00131,23.9,0.76
83,3,29.74,21.31,-0.06,6.1,0.00141,22.8,0.06
83,4,29.74,21.85,-0.091,7.6,0.00191,21.2,0.08
83,5,29.74,21.84,-0.009,5.0,0.00248,18.6,0.77
83,6,29.74,20.01,-0.2,16.8,0.00184,16.8,0.15
83,7,29.74,20.83,-0.147,11.5,0.00158,19.3,0.4
83,8,29.74,20.11,-0.234,20.7,0.00251,16.3,0.84
84,1,30.36,21.9,-0.009,5.0,0.00167,18.6,0.06
84,2,30.36,24.22,0.18,14.7,0.00241,17.2,0.88
84,3,30.36,19.52,-0.284,27.2,0.0016,22.0,0.23
84,4,30.36,19.17,-0.261,24.1,0.00232,19.3,0.66
84,5,30.36,21.05,-0.077,6.8,0.00184,23.3,0.17
84,6,30.36,21.16,-0.087,7.3,0.00211,19.1,0.71
84,7,30.36,21.68,-0.045,5.6,0.00205,22.2,0.57
84,8,30.36,21.77,-0.051,5.8,0.00232,20.1,0.11
85,1,27.78,23.1,0.106,8.5,0.00273,23.3,0.36
85,2,27.78,21.76,-0.055,5.9,0.00138,21.6,0.28
85,3,27.78,23.0,0.123,9.6,0.00175,19.6,0.97
85,4,27.78,22.84,0.033,5.3,0.00207,19.9,0.31
85,5,27.78,22.26,0.054,5.9,0.00174,17.3,0.8
85,6,27.78,21.86,0.035,5.4,0.00242,17.6,0.51
85,7,27.78,23.26,0.13,10.2,0.00207,22.8,0.39
85,8,27.78,21.58,-0.06,6.1,0.00274,19.9,0.53
86,1,28.48,20.24,-0.155,12.3,0.00189,18.8,0.07
86,2,28.48,21.99,-0.064,6.3,0.00192,21.5,0.47
86,3,28.48,21.52,-0.027,5.2,0.00153,17.0,0.51
86,4,28.48,19.48,-0.219,18.9,0.00136,16.4,0.51
86,5,28.48,22.76,0.101,8.2,0.00248,19.2,0.31
86,6,28.48,22.92,0.071,6.6,0.00271,22.3,0.91
86,7,28.48,21.18,-0.113,8.9,0.00182,18.6,0.48
86,8,28.48,22.1,0.035,5.4,0.00184,21.9,0.41
87,1,27.47,21.82,0.068,6.4,0.00212,23.0,0.23
87,2,27.47,22.45,0.051,5.8,0.00215,21.6,0.38
87,3,27.47,18.95,-0.372,39.9,0.00218,21.9,0.53
87,4,27.47,24.02,0.17,13.7,0.00253,18.4,0.67
87,5,27.47,20.52,-0.139,10.9,0.0016,23.2,0.96
87,6,27.47,23.0,0.118,9.2,0.00213,17.5,0.67
87,7,27.47,20.4,-0.189,15.5,0.00244,17.5,0.01
87,8,27.47,21.04,-0.084,7.2,0.00278,20.7,0.25
88,1,28.3,20.22,-0.202,17.0,0.00166,17.5,0.6
88,2,28.3,22.06,-0.007,5.0,0.00168,21.6,0.18
88,3,28.3,21.79,0.005,5.0,0.00134,18.7,0.65
88,4,28.3,21.39,-0.064,6.3,0.00239,23.5,0.49
88,5,28.3,23.6,0.169,13.6,0.00275,20.5,0.66
88,6,28.3,21.09,-0.135,10.5,0.00153,19.2,0.71
88,7,28.3,19.44,-0.242,21.7,0.00139,17.7,0.17
88,8,28.3,24.19,0.197,16.4,0.00143,18.2,0.04
89,1,26.39,21.5,-0.047,5.7,0.00225,19.4,0.29
89,2,26.39,20.0,-0.205,17.3,0.0019,23.2,0.31
89,3,26.39,21.52,-0.073,6.7,0.00132,19.7,0.68
89,4,26.39,22.22,0.031,5.3,0.00185,20.3,0.01
89,5,26.39,20.9,-0.121,9.5,0.00146,23.4,0.4
89,6,26.39,20.68,-0.124,9.7,0.00259,20.6,0.99
89,7,26.39,22.26,0.023,5.2,0.00222,20.3,0.22
89,8,26.39,23.14,0.084,7.2,0.00226,17.3,0.7
90,1,26.62,21.85,-0.066,6.4,0.0023,20.7,0.21
90,2,26.62,22.45,0.063,6.2,0.00265,16.7,0.23
90,3,26.62,21.12,-0.116,9.1,0.0021,21.5,0.1
90,4,26.62,21.57,-0.054,5.9,0.00136,18.6,0.08
90,5,26.62,22.65,0.074,6.7,0.00174,23.6,0.0
90,6,26.62,21.01,-0.128,10.0,0.00223,20.3,0.97
90,7,26.62,21.18,-0.11,8.7,0.00264,18.1,0.34
90,8,26.62,22.39,0.097,7.9,0.00233,17.3,0.47
91,1,26.91,22.24,0.014,5.1,0.00227,21.1,0.08
91,2,26.91,18.38,-0.386,41.9,0.00255,24.0,0.25
91,3,26.91,21.39,-0.006,5.0,0.00126,20.5,0.57
91,4,26.91,21.63,-0.085,7.3,0.00194,23.1,0.5
91,5,26.91,18.89,-0.287,27.6,0.00175,16.5,0.52
91,6,26.91,23.32,0.119,9.3,0.00247,20.1,0.4
91,7,26.91,18.72,-0.284,27.2,0.00198,18.4,0.91
91,8,26.91,20.77,-0.151,11.9,0.00215,19.3,0.02
92,1,25.37,18.99,-0.328,33.4,0.00238,22.7,0.07
92,2,25.37,22.88,0.194,16.1,0.00275,20.5,0.62
92,3,25.37,20.81,-0.113,8.9,0.00236,22.8,0.83
92,4,25.37,22.09,0.007,5.0,0.00188,16.4,0.17
92,5,25.37,20.76,-0.094,7.7,0.0017,19.9,0.94
92,6,25.37,22.3,0.0,5.0,0.00196,16.7,0.07
92,7,25.37,20.36,-0.2,16.7,0.00268,20.5,0.78
92,8,25.37,21.46,-0.043,5.6,0.00154,21.8,0.16
93,1,28.44,20.38,-0.172,13.9,0.00176,23.4,0.32
93,2,28.44,21.04,-0.1,8.1,0.00257,23.2,0.59
93,3,28.44,22.94,0.104,8.3,0.00222,18.1,0.96
93,4,28.44,22.03,-0.01,5.0,0.00138,20.9,0.78
93,5,28.44,21.03,-0.086,7.3,0.00277,23.6,0.05
93,6,28.44,21.03,-0.086,7.3,0.00165,17.4,0.45
93,7,28.44,20.92,-0.094,7.7,0.00129,17.9,0.68
93,8,28.44,21.58,-0.01,5.0,0.0024,18.4,0.01
94,1,27.69,22.89,0.123,9.6,0.00263,20.3,0.17
94,2,27.69,21.43,-0.054,5.9,0.00268,22.8,0.52
94,3,27.69,20.78,-0.117,9.2,0.00204,16.1,0.88
94,4,27.69,22.96,0.09,7.5,0.00235,23.3,0.86
94,5,27.69,22.22,-0.017,5.1,0.00251,16.0,0.99
94,6,27.69,21.74,-0.031,5.3,0.00144,18.0,0.65
94,7,27.69,20.54,-0.116,9.1,0.00218,16.9,0.86
94,8,27.69,24.0,0.171,13.7,0.00177,18.5,0.75
95,1,28.21,22.18,-0.026,5.2,0.00228,16.7,0.72
95,2,28.21,19.88,-0.173,13.9,0.00168,23.4,0.05
95,3,28.21,21.98,0.02,5.1,0.00241,17.9,0.06
95,4,28.21,20.97,-0.067,6.4,0.00268,20.5,0.83
95,5,28.21,22.11,0.01,5.0,0.00186,17.5,0.08
95,6,28.21,21.98,0.05,5.8,0.00229,21.5,0.6
95,7,28.21,21.25,-0.091,7.6,0.00217,19.9,0.05
95,8,28.21,19.88,-0.201,16.9,0.00239,19.9,0.88
96,1,29.15,21.36,-0.071,6.6,0.00132,22.0,0.74
96,2,29.15,21.59,-0.052,5.8,0.00171,22.7,0.93
96,3,29.15,23.63,0.167,13.4,0.00161,21.9,1.0
96,4,29.15,21.36,-0.049,5.7,0.00158,19.1,0.55
96,5,29.15,21.81,-0.021,5.1,0.00214,23.1,0.26
96,6,29.15,22.89,0.103,8.3,0.00207,16.8,0.82
96,7,29.15,23.72,0.18,14.6,0.00227,21.9,0.08
96,8,29.15,23.29,0.144,11.3,0.00249,18.0,0.74
97,1,29.28,21.45,-0.091,7.6,0.00269,19.9,0.28
97,2,29.28,23.85,0.209,17.7,0.00198,21.9,0.61
97,3,29.28,22.71,0.069,6.5,0.00144,22.2,0.39
97,4,29.28,21.0,-0.053,5.9,0.00192,20.5,0.58
97,5,29.28,23.31,0.133,10.4,0.00244,22.4,0.97
97,6,29.28,21.84,0.016,5.1,0.00227,22.5,0.93
97,7,29.28,21.86,-0.04,5.5,0.00197,19.6,0.97
97,8,29.28,21.9,-0.043,5.6,0.00159,18.9,0.28
98,1,31.16,20.75,-0.127,9.9,0.00145,18.6,0.95
98,2,31.16,20.9,-0.119,9.3,0.00129,17.8,0.1
98,3,31.16,21.26,-0.103,8.3,0.00201,23.7,0.55
98,4,31.16,19.59,-0.33,33.6,0.0025,16.9,0.62
98,5,31.16,21.32,-0.067,6.4,0.0024,18.1,0.93
98,6,31.16,20.62,-0.19,15.7,0.0024,18.9,0.7
98,7,31.16,21.86,-0.052,5.8,0.00157,17.1,0.36
98,8,31.16,22.7,0.066,6.3,0.00159,21.4,0.66
99,1,31.58,21.73,-0.008,5.0,0.00156,21.1,0.21
99,2,31.58,20.58,-0.125,9.8,0.00216,22.5,0.63
99,3,31.58,21.1,-0.057,6.0,0.00245,23.6,0.86
99,4,31.58,20.68,-0.067,6.4,0.00141,20.7,0.03
99,5,31.58,18.75,-0.251,22.8,0.00274,18.0,0.46
99,6,31.58,21.15,-0.059,6.1,0.00165,22.2,0.55
99,7,31.58,21.1,-0.114,9.0,0.00218,17.0,0.94
99,8,31.58,20.5,-0.153,12.0,0.00185,22.2,0.53
100,1,32.08,20.17,-0.208,17.7,0.00198,23.3,1.0
100,2,32.08,22.36,0.034,5.4,0.00155,19.6,0.37
100,3,32.08,22.55,-0.004,5.0,0.00231,17.2,0.77
100,4,32.08,23.52,0.132,10.3,0.00248,18.3,0.26
100,5,32.08,21.62,-0.053,5.9,0.00246,16.5,0.77
100,6,32.08,21.7,-0.011,5.0,0.00139,17.0,0.05
100,7,32.08,22.09,-0.022,5.2,0.00237,18.4,0.44
100,8,32.08,19.8,-0.273,25.7,0.00245,23.0,0.01
101,1,32.12,23.23,0.113,8.9,0.00187,22.5,0.32
101,2,32.12,20.89,-0.127,9.9,0.00222,17.8,0.92
101,3,32.12,20.02,-0.24,21.5,0.0027,16.9,0.2
101,4,32.12,22.19,0.052,5.8,0.00206,16.8,0.06
101,5,32.12,22.62,0.095,7.8,0.00235,18.7,0.79
101,6,32.12,23.43,0.122,9.6,0.00204,22.4,0.14
101,7,32.12,22.92,0.042,5.6,0.0017,17.1,0.49
101,8,32.12,23.33,0.136,10.6,0.00139,23.5,0.91
102,1,29.88,21.8,-0.026,5.2,0.00221,18.9,0.95
102,2,29.88,22.14,0.047,5.7,0.00202,20.3,0.08
102,3,29.88,21.54,-0.036,5.4,0.00204,17.4,0.61
102,4,29.88,21.37,-0.085,7.2,0.00149,18.4,0.98
102,5,29.88,19.96,-0.199,16.6,0.00159,23.7,0.64
102,6,29.88,20.52,-0.15,11.8,0.00181,21.2,0.18
102,7,29.88,19.06,-0.32,32.2,0.00172,17.7,0.89
102,8,29.88,23.96,0.204,17.2,0.0015,22.1,0.82
103,1,32.83,21.49,-0.055,5.9,0.00131,18.5,0.35
103,2,32.83,22.49,0.078,6.9,0.00137,21.1,0.19
103,3,32.83,19.76,-0.177,14.4,0.00245,18.3,0.95
103,4,32.83,24.19,0.233,20.6,0.00169,17.9,0.25
103,5,32.83,21.53,-0.105,8.4,0.00221,21.7,0.74
103,6,32.83,24.18,0.176,14.3,0.00142,23.3,0.23
103,7,32.83,21.75,-0.026,5.2,0.0014,19.1,0.7
103,8,32.83,22.03,0.001,5.0,0.00242,21.1,0.52
104,1,29.14,19.93,-0.24,21.4,0.00222,20.9,0.5
104,2,29.14,21.31,-0.093,7.7,0.00189,22.6,0.45
104,3,29.14,21.66,-0.007,5.0,0.00234,22.0,0.66
104,4,29.14,22.28,0.03,5.3,0.00141,23.8,0.34
104,5,29.14,20.26,-0.153,12.1,0.00164,16.5,0.36
104,6,29.14,21.19,-0.047,5.7,0.00226,17.2,0.58
104,7,29.14,23.48,0.204,17.2,0.00164,22.9,0.62
104,8,29.14,22.91,0.081,7.0,0.00155,23.1,0.35
105,1,29.92,22.21,0.008,5.0,0.00229,22.2,0.56
105,2,29.92,23.95,0.173,13.9,0.00236,16.9,0.45
105,3,29.92,21.95,-0.037,5.4,0.00253,20.7,0.99
105,4,29.92,22.01,0.03,5.3,0.00222,16.1,0.8
105,5,29.92,21.0,-0.134,10.5,0.00231,16.2,0.96
105,6,29.92,21.81,-0.031,5.3,0.00191,21.7,0.21
105,7,29.92,20.07,-0.208,17.6,0.00151,22.2,0.34
105,8,29.92,21.37,-0.075,6.7,0.00243,18.9,0.27
106,1,28.17,19.57,-0.253,23.1,0.0027,21.5,0.22
106,2,28.17,21.72,-0.055,5.9,0.00189,21.7,0.9
106,3,28.17,22.61,0.012,5.0,0.00186,17.1,0.74
106,4,28.17,20.55,-0.174,14.0,0.002,16.2,0.09
106,5,28.17,21.55,-0.041,5.5,0.00152,19.1,0.98
106,6,28.17,21.02,-0.166,13.3,0.00246,23.9,0.35
106,7,28.17,20.47,-0.123,9.7,0.00199,17.7,0.35
106,8,28.17,18.91,-0.365,38.8,0.00162,17.6,0.85
107,1,28.28,22.23,0.016,5.1,0.00261,19.1,0.62
107,2,28.28,21.22,-0.051,5.8,0.00201,22.7,0.75
107,3,28.28,20.49,-0.163,13.0,0.00248,16.3,0.1
107,4,28.28,22.08,0.002,5.0,0.00188,17.7,0.73
107,5,28.28,20.87,-0.073,6.7,0.00223,19.8,0.99
107,6,28.28,20.63,-0.117,9.2,0.00244,18.8,0.01
107,7,28.28,24.14,0.219,18.9,0.00217,17.2,0.84
107,8,28.28,20.32,-0.154,12.2,0.00265,19.2,0.68
108,1,28.64,18.94,-0.295,28.8,0.00166,22.6,0.01
108,2,28.64,21.25,-0.02,5.1,0.00159,16.1,0.26
108,3,28.64,21.39,-0.03,5.3,0.00199,19.9,0.12
108,4,28.64,18.76,-0.339,35.0,0.00185,21.5,0.3
108,5,28.64,21.12,-0.097,7.9,0.00235,20.7,0.43
108,6,28.64,20.79,-0.116,9.2,0.00157,16.6,0.1
108,7,28.64,21.13,-0.162,12.9,0.00241,22.6,0.13
108,8,28.64,22.75,0.055,5.9,0.00247,21.3,0.88
109,1,29.01,22.06,0.026,5.2,0.00132,20.2,0.15
109,2,29.01,22.29,0.039,5.5,0.00218,16.4,0.94
109,3,29.01,21.76,-0.038,5.4,0.00261,18.1,0.56
109,4,29.01,21.91,0.029,5.3,0.00265,23.4,0.33
109,5,29.01,21.13,-0.084,7.2,0.00238,23.6,0.22
109,6,29.01,21.7,-0.041,5.5,0.00205,16.7,0.42
109,7,29.01,21.99,-0.04,5.5,0.00158,21.2,0.64
109,8,29.01,19.66,-0.233,20.5,0.00193,17.1,0.12
110,1,27.9,21.81,-0.028,5.2,0.00214,16.9,0.7
110,2,27.9,23.68,0.162,12.8,0.00145,20.7,0.25
110,3,27.9,22.23,0.037,5.4,0.00219,16.2,0.9
110,4,27.9,21.35,-0.107,8.5,0.00134,20.2,0.85
110,5,27.9,21.7,-0.077,6.8,0.00153,18.3,0.98
110,6,27.9,21.56,-0.048,5.7,0.00265,20.6,0.05
110,7,27.9,19.99,-0.188,15.5,0.00156,16.5,0.07
110,8,27.9,18.37,-0.329,33.5,0.00158,23.4,0.24
111,1,27.91,19.37,-0.289,27.9,0.00218,23.8,0.49
111,2,27.91,23.74,0.148,11.6,0.00138,19.6,0.68
111,3,27.91,21.66,-0.012,5.0,0.00176,20.8,1.0
111,4,27.91,22.98,0.095,7.8,0.0017,16.6,0.21
111,5,27.91,21.67,-0.015,5.1,0.00186,21.0,0.61
111,6,27.91,23.47,0.146,11.4,0.00154,19.7,0.36
111,7,27.91,22.63,0.036,5.4,0.00144,16.2,0.22
111,8,27.91,22.79,0.072,6.6,0.00167,23.9,0.37
112,1,26.12,21.59,-0.008,5.0,0.00271,17.1,0.57
112,2,26.12,21.07,-0.105,8.4,0.0023,21.5,0.43
112,3,26.12,23.92,0.16,12.7,0.00181,22.5,0.17
112,4,26.12,19.89,-0.208,17.6,0.00189,23.5,0.43
112,5,26.12,21.68,-0.038,5.4,0.00268,18.0,0.66
112,6,26.12,21.59,-0.064,6.3,0.00133,18.1,0.84
112,7,26.12,21.41,-0.059,6.1,0.00226,19.5,0.26
112,8,26.12,19.02,-0.339,35.0,0.00169,19.1,0.92
113,1,27.31,19.75,-0.2,16.8,0.00199,23.3,0.96
113,2,27.31,20.76,-0.124,9.7,0.00166,18.3,0.18
113,3,27.31,18.94,-0.307,30.4,0.00196,17.3,0.5
113,4,27.31,23.44,0.166,13.3,0.0014,18.9,0.62
113,5,27.31,22.61,0.125,9.8,0.00263,23.0,0.1
113,6,27.31,21.15,-0.1,8.1,0.00213,19.0,0.85
113,7,27.31,20.59,-0.186,15.2,0.00165,19.6,0.33
113,8,27.31,22.31,0.046,5.7,0.00172,21.5,0.0
114,1,28.15,21.77,0.023,5.2,0.00258,21.1,0.06
114,2,28.15,20.24,-0.142,11.1,0.00217,18.7,0.95
114,3,28.15,22.58,0.075,6.7,0.00218,20.4,0.1
114,4,28.15,20.91,-0.111,8.8,0.00217,21.9,0.36
114,5,28.15,21.63,-0.067,6.4,0.00133,22.7,0.08
114,6,28.15,20.66,-0.16,12.7,0.00198,23.9,0.77
114,7,28.15,22.36,0.076,6.8,0.0024,19.9,0.89
114,8,28.15,21.17,-0.105,8.4,0.00211,18.1,0.01
115,1,26.61,20.88,-0.154,12.2,0.00139,17.1,0.63
115,2,26.61,22.81,0.087,7.4,0.00265,22.5,0.59
115,3,26.61,24.94,0.276,26.1,0.00162,21.0,0.88
115,4,26.61,20.35,-0.168,13.4,0.00266,17.1,0.56
115,5,26.61,20.01,-0.213,18.2,0.00189,23.0,0.47
115,6,26.61,20.57,-0.169,13.5,0.00206,23.6,0.83
115,7,26.61,19.6,-0.213,18.2,0.00251,23.7,0.66
115,8,26.61,21.09,-0.083,7.1,0.00152,21.1,0.93
116,1,28.46,21.42,-0.058,6.1,0.00186,19.1,0.36
116,2,28.46,20.6,-0.101,8.2,0.0026,21.0,0.5
116,3,28.46,21.67,-0.014,5.1,0.00156,19.2,0.06
116,4,28.46,19.29,-0.272,25.5,0.0026,20.7,0.51
116,5,28.46,22.88,0.101,8.1,0.0026,17.7,0.99
116,6,28.46,23.55,0.191,15.8,0.00216,23.8,0.94
116,7,28.46,22.88,0.082,7.1,0.00249,17.1,0.37
116,8,28.46,20.97,-0.079,6.9,0.00142,20.1,0.16
117,1,27.33,22.26,0.002,5.0,0.00197,18.0,0.77
117,2,27.33,20.94,-0.159,12.6,0.00263,16.6,0.46
117,3,27.33,21.17,-0.089,7.4,0.00259,17.1,0.09
117,4,27.33,21.51,-0.031,5.3,0.00131,17.6,0.2
117,5,27.33,21.31,-0.084,7.2,0.00237,17.0,0.48
117,6,27.33,21.92,-0.026,5.2,0.00272,22.3,0.72
117,7,27.33,22.83,0.037,5.4,0.00258,19.6,0.6
117,8,27.33,21.81,-0.014,5.1,0.00191,19.7,0.47
118,1,29.93,22.87,0.074,6.7,0.00167,20.8,0.26
118,2,29.93,21.34,-0.062,6.2,0.00172,17.0,0.72
118,3,29.93,21.28,-0.054,5.9,0.00274,19.4,0.03
118,4,29.93,22.34,0.001,5.0,0.00165,19.9,0.24
118,5,29.93,21.99,-0.062,6.2,0.0021,17.1,0.41
118,6,29.93,20.0,-0.21,17.9,0.00138,22.1,0.57
118,7,29.93,19.57,-0.259,23.8,0.00152,22.6,0.66
118,8,29.93,20.3,-0.145,11.4,0.00273,21.8,0.42
119,1,28.15,21.56,-0.131,10.2,0.00181,19.5,0.3
119,2,28.15,18.61,-0.352,36.9,0.00274,17.0,0.2
119,3,28.15,19.41,-0.303,29.9,0.00202,19.9,0.11
119,4,28.15,21.87,0.016,5.1,0.00208,22.5,0.22
119,5,28.15,22.61,0.075,6.8,0.00156,20.5,0.61
119,6,28.15,21.51,-0.063,6.2,0.00264,20.7,0.54
119,7,28.15,22.93,0.123,9.6,0.00156,17.4,0.08
119,8,28.15,21.0,-0.11,8.7,0.00253,17.1,0.55
120,1,29.43,23.4,0.168,13.4,0.00148,21.2,0.31
120,2,29.43,20.67,-0.11,8.7,0.00199,18.3,0.23
120,3,29.43,20.76,-0.106,8.5,0.00206,16.2,0.2
120,4,29.43,21.03,-0.141,11.0,0.00216,22.2,0.11
120,5,29.43,21.99,-0.05,5.8,0.00208,21.6,0.11
120,6,29.43,22.79,0.063,6.2,0.00273,23.1,0.91
120,7,29.43,20.52,-0.164,13.0,0.0024,21.2,0.72
120,8,29.43,20.11,-0.114,9.0,0.00227,22.8,0.64
121,1,29.72,21.54,-0.08,7.0,0.0013,19.8,0.93
121,2,29.72,22.67,0.062,6.2,0.00257,23.8,0.88
121,3,29.72,20.56,-0.129,10.1,0.00153,20.8,0.85
121,4,29.72,22.83,0.113,8.9,0.00187,21.0,0.01
121,5,29.72,20.95,-0.13,10.2,0.00238,19.5,0.48
121,6,29.72,21.3,-0.084,7.2,0.00218,23.0,0.75
121,7,29.72,22.98,0.11,8.7,0.00134,19.4,0.4
121,8,29.72,21.17,-0.062,6.2,0.00135,21.7,0.35
122,1,30.82,22.43,0.021,5.1,0.00229,17.4,0.69
122,2,30.82,24.25,0.208,17.6,0.00213,21.6,0.2
122,3,30.82,21.76,-0.059,6.1,0.00218,21.5,0.78
122,4,30.82,21.83,-0.044,5.6,0.00244,21.8,0.8
122,5,30.82,20.63,-0.129,10.1,0.00128,18.4,0.31
122,6,30.82,20.66,-0.142,11.1,0.00223,17.7,0.7
122,7,30.82,22.32,0.02,5.1,0.0027,23.2,0.35
122,8,30.82,22.14,0.013,5.1,0.00169,20.6,0.6
123,1,30.76,20.82,-0.086,7.3,0.00213,16.9,0.17
123,2,30.76,20.87,-0.135,10.6,0.00276,19.6,0.35
123,3,30.76,21.8,-0.016,5.1,0.00196,20.7,0.54
123,4,30.76,20.81,-0.078,6.9,0.00263,22.0,0.83
123,5,30.76,21.91,-0.002,5.0,0.00188,17.5,0.15
123,6,30.76,21.26,-0.081,7.1,0.00167,19.1,0.21
123,7,30.76,22.03,0.008,5.0,0.00276,21.4,0.15
123,8,30.76,21.64,-0.023,5.2,0.00273,18.8,0.47
124,1,30.84,22.18,0.049,5.7,0.00159,18.9,0.07
124,2,30.84,21.13,-0.1,8.1,0.00135,21.1,0.55
124,3,30.84,22.03,0.026,5.2,0.00184,19.2,0.13
124,4,30.84,19.29,-0.261,24.1,0.00183,17.0,0.06
124,5,30.84,22.91,0.041,5.5,0.00175,16.1,0.55
124,6,30.84,18.11,-0.377,40.6,0.00276,17.1,0.46
124,7,30.84,20.63,-0.161,12.8,0.00219,20.3,0.25
124,8,30.84,21.7,-0.047,5.7,0.00157,17.7,0.51
125,1,32.09,20.31,-0.201,16.8,0.00194,23.8,0.49
125,2,32.09,22.27,0.052,5.8,0.00133,19.5,0.54
125,3,32.09,21.63,-0.063,6.2,0.0026,18.3,0.79
125,4,32.09,20.33,-0.152,12.0,0.00221,22.8,0.69
125,5,32.09,21.85,-0.005,5.0,0.00231,21.4,0.71
125,6,32.09,21.12,-0.095,7.8,0.00173,23.9,0.49
125,7,32.09,21.7,-0.056,6.0,0.0021,22.0,0.24
125,8,32.09,20.45,-0.177,14.3,0.00224,16.6,0.56
126,1,29.61,21.61,-0.088,7.4,0.00164,22.9,0.16
126,2,29.61,22.94,0.097,7.9,0.00131,18.8,0.92
126,3,29.61,21.55,-0.035,5.4,0.00192,17.1,0.06
126,4,29.61,21.6,-0.038,5.4,0.00235,23.2,0.68
126,5,29.61,19.78,-0.263,24.3,0.00254,16.9,0.23
126,6,29.61,22.9,0.056,6.0,0.00248,17.1,0.91
126,7,29.61,21.0,-0.094,7.7,0.00213,17.7,0.73
126,8,29.61,21.16,-0.051,5.8,0.0025,22.2,0.4
127,1,31.42,19.86,-0.195,16.2,0.00172,16.1,0.28
127,2,31.42,22.01,0.027,5.2,0.0014,18.7,0.59
127,3,31.42,19.98,-0.222,19.3,0.00222,24.0,0.95
127,4,31.42,20.54,-0.18,14.6,0.00183,16.4,0.27
127,5,31.42,20.18,-0.164,13.1,0.00171,23.9,0.61
127,6,31.42,19.18,-0.264,24.5,0.00189,22.5,0.0
127,7,31.42,23.02,0.134,10.5,0.00214,21.8,0.15
127,8,31.42,22.11,0.035,5.4,0.00213,16.7,0.57
128,1,31.09,22.12,0.059,6.1,0.00136,23.2,0.05
128,2,31.09,21.76,-0.018,5.1,0.00202,23.7,0.78
128,3,31.09,21.64,-0.011,5.0,0.00251,20.1,0.36
128,4,31.09,22.77,0.12,9.4,0.00225,16.3,0.0
128,5,31.09,21.21,-0.074,6.7,0.00231,16.4,0.93
128,6,31.09,22.57,0.057,6.0,0.00155,18.2,0.57
128,7,31.09,23.24,0.056,6.0,0.0027,21.1,0.72
128,8,31.09,20.52,-0.156,12.3,0.00146,18.9,0.27
129,1,29.68,22.52,0.117,9.2,0.00183,23.5,0.07
129,2,29.68,21.29,-0.129,10.1,0.00153,18.5,0.91
129,3,29.68,22.62,0.099,8.0,0.00229,19.9,0.21
129,4,29.68,20.49,-0.173,13.9,0.00267,17.2,0.04
129,5,29.68,22.25,0.014,5.1,0.00218,16.4,0.94
129,6,29.68,21.34,-0.044,5.6,0.00198,23.0,0.68
129,7,29.68,18.92,-0.34,35.2,0.00198,17.5,0.77
129,8,29.68,18.31,-0.393,43.0,0.00259,22.0,0.09
130,1,30.92,21.04,-0.092,7.6,0.00243,16.9,0.04
130,2,30.92,22.11,-0.007,5.0,0.00162,22.5,0.91
130,3,30.92,20.39,-0.163,13.0,0.00193,21.2,0.41
130,4,30.92,21.45,-0.114,9.0,0.00167,17.4,0.99
130,5,30.92,19.93,-0.203,17.1,0.00185,20.4,0.3
130,6,30.92,20.34,-0.166,13.2,0.00267,22.1,0.19
130,7,30.92,22.69,0.114,9.0,0.00191,20.0,0.11
130,8,30.92,22.63,0.085,7.3,0.00127,17.0,0.65
131,1,28.95,22.54,0.033,5.3,0.00245,23.5,0.36
131,2,28.95,22.72,0.059,6.1,0.00193,22.1,0.15
131,3,28.95,19.02,-0.307,30.5,0.00153,18.8,0.2
131,4,28.95,21.35,-0.026,5.2,0.00194,18.7,0.05
131,5,28.95,21.32,-0.066,6.3,0.00163,19.1,0.84
131,6,28.95,20.47,-0.192,15.8,0.00217,23.2,0.43
131,7,28.95,22.99,0.087,7.3,0.00249,16.2,0.81
131,8,28.95,19.47,-0.244,22.0,0.00194,19.2,0.13
132,1,28.23,22.81,0.016,5.1,0.00243,19.2,0.72
132,2,28.23,21.63,-0.101,8.1,0.00193,20.5,0.39
132,3,28.23,21.45,-0.054,5.9,0.00222,20.4,0.98
132,4,28.23,20.0,-0.204,17.2,0.00254,19.4,0.32
132,5,28.23,21.5,0.0,5.0,0.00136,16.5,0.0
132,6,28.23,22.02,0.052,5.8,0.00257,19.3,0.31
132,7,28.23,21.67,0.008,5.0,0.00268,20.7,1.0
132,8,28.23,22.13,-0.01,5.0,0.00184,19.3,0.48
133,1,28.68,20.75,-0.158,12.5,0.00222,23.6,0.54
133,2,28.68,19.33,-0.266,24.8,0.00269,20.1,0.75
133,3,28.68,22.41,0.051,5.8,0.00185,23.4,0.06
133,4,28.68,21.49,-0.042,5.6,0.00204,16.2,0.69
133,5,28.68,22.2,-0.002,5.0,0.0026,16.7,0.58
133,6,28.68,20.23,-0.117,9.2,0.0025,21.4,0.53
133,7,28.68,22.84,0.074,6.7,0.00264,18.1,0.61
133,8,28.68,20.27,-0.117,9.2,0.00153,17.4,0.68
134,1,29.34,23.29,0.128,10.0,0.00178,22.7,0.29
134,2,29.34,22.9,0.095,7.8,0.00149,18.4,0.31
134,3,29.34,22.29,0.023,5.2,0.00248,23.1,0.33
134,4,29.34,24.18,0.217,18.7,0.00144,20.7,0.71
134,5,29.34,19.83,-0.173,14.0,0.00264,19.8,0.96
134,6,29.34,20.58,-0.154,12.2,0.00156,20.3,0.97
134,7,29.34,21.97,-0.022,5.1,0.00183,21.8,0.79
134,8,29.34,22.84,0.112,8.9,0.00275,22.9,0.36
135,1,28.72,22.0,0.054,5.9,0.00235,21.1,0.73
135,2,28.72,21.58,-0.021,5.1,0.0026,21.4,0.52
135,3,28.72,20.05,-0.222,19.2,0.00231,18.7,0.23
135,4,28.72,22.56,0.043,5.6,0.0018,21.1,0.06
135,5,28.72,18.39,-0.403,44.4,0.0022,23.9,0.83
135,6,28.72,21.45,-0.06,6.1,0.00169,16.5,0.59
135,7,28.72,20.76,-0.139,10.9,0.00261,18.7,0.06
135,8,28.72,21.51,-0.047,5.7,0.00246,16.5,0.68
136,1,26.53,22.53,0.065,6.3,0.00179,16.1,0.22
136,2,26.53,20.51,-0.146,11.4,0.0024,17.3,0.08
136,3,26.53,22.46,0.079,6.9,0.00156,20.2,0.31
136,4,26.53,21.27,-0.048,5.7,0.0025,19.8,0.72
136,5,26.53,21.93,0.026,5.2,0.00241,20.8,0.88
136,6,26.53,21.6,-0.113,8.9,0.00237,16.3,0.43
136,7,26.53,20.1,-0.215,18.5,0.00275,22.5,0.69
136,8,26.53,20.31,-0.275,26.0,0.00261,19.8,0.9
137,1,25.58,21.79,-0.027,5.2,0.0026,20.7,0.75
137,2,25.58,22.27,0.038,5.4,0.00232,17.6,0.6
137,3,25.58,22.8,0.123,9.7,0.00142,18.5,0.2
137,4,25.58,22.06,-0.049,5.8,0.00192,21.9,0.27
137,5,25.58,19.94,-0.221,19.1,0.00173,16.5,0.58
137,6,25.58,20.54,-0.158,12.5,0.00257,16.3,0.99
137,7,25.58,23.33,0.128,10.0,0.00261,17.8,0.8
137,8,25.58,20.03,-0.199,16.6,0.00164,18.1,0.39
138,1,29.13,22.29,0.065,6.3,0.00231,17.2,0.45
138,2,29.13,22.47,0.046,5.6,0.00208,22.4,0.36
138,3,29.13,23.34,0.176,14.3,0.00264,17.5,0.47
138,4,29.13,20.89,-0.156,12.3,0.00258,16.1,0.58
138,5,29.13,20.24,-0.158,12.5,0.00187,18.0,0.51
138,6,29.13,21.35,-0.03,5.3,0.00243,21.0,0.2
138,7,29.13,24.16,0.201,16.8,0.00232,20.0,0.36
138,8,29.13,22.2,0.033,5.4,0.00185,17.5,0.55
139,1,26.18,21.0,-0.119,9.4,0.00163,19.3,0.16
139,2,26.18,21.48,-0.049,5.8,0.00276,19.4,0.62
139,3,26.18,21.94,0.01,5.0,0.00251,23.0,0.45
139,4,26.18,20.13,-0.172,13.9,0.00252,16.9,0.98
139,5,26.18,21.49,-0.091,7.6,0.00264,20.7,0.1
139,6,26.18,21.86,-0.047,5.7,0.00258,20.1,0.02
139,7,26.18,20.78,-0.109,8.7,0.00147,22.5,0.17
139,8,26.18,20.33,-0.151,11.9,0.00246,20.8,0.14
140,1,26.44,21.32,-0.051,5.8,0.00254,20.7,0.59
140,2,26.44,21.72,-0.002,5.0,0.00204,22.2,0.58
140,3,26.44,22.52,0.056,6.0,0.00251,17.8,0.4
140,4,26.44,20.23,-0.203,17.1,0.00263,23.2,0.73
140,5,26.44,22.25,0.031,5.3,0.00219,18.7,0.18
140,6,26.44,21.09,-0.041,5.5,0.00234,17.2,0.48
140,7,26.44,22.13,-0.069,6.5,0.0013,20.5,0.31
140,8,26.44,21.43,-0.05,5.8,0.0025,16.8,0.41
141,1,28.5,20.58,-0.152,12.0,0.00144,19.2,0.31
141,2,28.5,24.58,0.239,21.3,0.00202,16.0,0.52
141,3,28.5,20.87,-0.155,12.2,0.00227,16.4,0.76
141,4,28.5,23.31,0.158,12.5,0.00208,16.2,0.03
141,5,28.5,19.26,-0.279,26.6,0.00257,20.8,0.7
141,6,28.5,20.41,-0.128,10.0,0.00165,21.2,0.42
141,7,28.5,21.32,-0.056,6.0,0.00241,19.4,0.48
141,8,28.5,21.71,0.046,5.6,0.0024,16.6,0.28
142,1,26.48,20.52,-0.122,9.6,0.00184,20.0,0.26
142,2,26.48,20.23,-0.183,15.0,0.00196,19.4,0.3
142,3,26.48,22.13,-0.01,5.0,0.00137,23.5,0.85
142,4,26.48,19.49,-0.32,32.3,0.00202,16.8,0.56
142,5,26.48,20.54,-0.177,14.3,0.00139,19.0,0.87
142,6,26.48,24.36,0.254,23.2,0.00154,22.7,0.33
142,7,26.48,23.61,0.148,11.6,0.00219,21.4,0.89
142,8,26.48,22.49,0.033,5.3,0.00184,23.1,0.89
143,1,28.89,20.82,-0.094,7.7,0.00263,21.2,0.47
143,2,28.89,23.04,0.104,8.3,0.00267,23.9,0.81
143,3,28.89,22.79,0.126,9.8,0.00206,21.2,0.28
143,4,28.89,22.73,0.075,6.8,0.0024,20.4,0.87
143,5,28.89,21.84,-0.002,5.0,0.00228,18.5,0.09
143,6,28.89,21.39,-0.086,7.3,0.00246,17.3,0.23
143,7,28.89,21.43,-0.05,5.8,0.00142,19.0,0.89
143,8,28.89,21.75,-0.02,5.1,0.00205,20.5,0.99
144,1,28.95,20.46,-0.115,9.1,0.00218,18.7,0.78
144,2,28.95,21.45,-0.074,6.7,0.00209,17.5,0.43
144,3,28.95,19.79,-0.202,17.0,0.0027,21.2,0.55
144,4,28.95,19.67,-0.256,23.5,0.00188,17.8,0.64
144,5,28.95,21.59,-0.057,6.0,0.00162,22.9,0.42
144,6,28.95,22.04,0.006,5.0,0.00262,19.5,0.93
144,7,28.95,19.8,-0.197,16.4,0.00168,19.8,0.83
144,8,28.95,21.45,-0.058,6.0,0.00166,20.7,0.9
145,1,29.94,19.56,-0.279,26.6,0.00241,19.3,0.92
145,2,29.94,23.29,0.135,10.5,0.00215,21.7,0.03
145,3,29.94,23.03,0.1,8.1,0.00179,20.4,0.0
145,4,29.94,20.76,-0.097,7.9,0.0024,20.1,0.13
145,5,29.94,22.78,0.073,6.7,0.00248,20.8,0.79
145,6,29.94,22.47,0.044,5.6,0.00158,19.7,0.45
145,7,29.94,23.42,0.151,11.9,0.00215,17.3,0.85
145,8,29.94,20.86,-0.09,7.5,0.00229,22.9,0.04
146,1,29.08,20.41,-0.139,10.9,0.00153,16.0,0.66
146,2,29.08,21.25,-0.102,8.2,0.00143,20.2,0.54
146,3,29.08,23.1,0.147,11.5,0.00135,23.2,0.94
146,4,29.08,20.98,-0.045,5.6,0.00249,17.0,0.67
146,5,29.08,21.62,-0.077,6.8,0.00266,20.3,0.75
146,6,29.08,19.31,-0.27,25.3,0.002,18.0,0.35
146,7,29.08,23.12,0.136,10.6,0.00249,18.5,0.36
146,8,29.08,22.25,0.025,5.2,0.00167,22.1,0.16
147,1,32.19,22.56,0.067,6.4,0.0016,18.1,0.04
147,2,32.19,22.01,0.028,5.2,0.00153,16.7,0.51
147,3,32.19,22.89,0.143,11.2,0.00212,23.7,0.27
147,4,32.19,21.12,-0.04,5.5,0.00237,21.8,0.65
147,5,32.19,21.47,-0.044,5.6,0.00242,19.1,0.47
147,6,32.19,21.42,-0.025,5.2,0.00214,20.3,0.85
147,7,32.19,21.65,-0.057,6.0,0.00191,20.0,0.56
147,8,32.19,20.55,-0.204,17.2,0.00248,16.2,0.42
148,1,30.51,21.29,-0.033,5.3,0.00251,21.0,0.06
148,2,30.51,23.72,0.185,15.2,0.00159,18.1,0.69
148,3,30.51,23.47,0.127,9.9,0.00161,22.2,0.91
148,4,30.51,20.11,-0.194,16.1,0.00179,17.6,0.72
148,5,30.51,20.36,-0.164,13.1,0.00145,17.2,0.88
148,6,30.51,19.61,-0.265,24.6,0.00172,19.2,0.25
148,7,30.51,20.53,-0.169,13.6,0.00134,20.1,0.17
148,8,30.51,20.77,-0.057,6.0,0.00177,16.6,0.26
149,1,31.8,22.91,0.08,7.0,0.00169,18.5,0.24
149,2,31.8,23.52,0.154,12.1,0.00277,16.2,0.68
149,3,31.8,22.05,0.042,5.5,0.00171,23.6,0.32
149,4,31.8,20.63,-0.131,10.2,0.00147,16.8,0.28
149,5,31.8,22.77,0.147,11.5,0.00149,17.2,0.16
149,6,31.8,23.62,0.187,15.3,0.0021,17.8,0.48
149,7,31.8,22.78,0.06,6.1,0.00139,17.6,0.08
149,8,31.8,20.46,-0.15,11.8,0.00177,16.3,0.71
150,1,30.18,20.59,-0.177,14.3,0.00183,18.0,0.23
150,2,30.18,19.16,-0.307,30.3,0.00143,20.6,0.02
150,3,30.18,20.48,-0.188,15.5,0.00131,20.0,0.64
150,4,30.18,20.51,-0.139,10.9,0.00131,21.2,0.3
150,5,30.18,20.78,-0.133,10.4,0.00269,21.5,0.54
150,6,30.18,21.26,-0.079,6.9,0.00203,17.3,0.47
150,7,30.18,20.64,-0.17,13.7,0.00262,22.2,0.54
150,8,30.18,21.82,-0.033,5.3,0.00192,18.5,0.45
151,1,30.79,21.58,0.039,5.5,0.00174,17.0,0.16
151,2,30.79,22.83,0.055,5.9,0.00257,22.8,0.1
151,3,30.79,22.34,0.067,6.4,0.00139,21.8,0.26
151,4,30.79,21.2,-0.07,6.5,0.00191,20.8,0.42
151,5,30.79,19.87,-0.204,17.2,0.00267,16.1,0.04
151,6,30.79,20.6,-0.136,10.7,0.00257,23.3,0.2
151,7,30.79,18.29,-0.414,46.0,0.00192,20.0,0.56
151,8,30.79,21.67,-0.105,8.4,0.00225,19.1,0.93
152,1,31.09,22.67,0.075,6.7,0.00157,16.9,0.8
152,2,31.09,19.34,-0.261,24.1,0.00161,23.4,0.29
152,3,31.09,20.48,-0.165,13.2,0.00181,20.4,0.66
152,4,31.09,21.58,-0.031,5.3,0.00166,23.8,0.37
152,5,31.09,21.17,-0.046,5.7,0.00224,17.4,0.27
152,6,31.09,22.85,0.092,7.6,0.00228,17.9,0.64
152,7,31.09,19.63,-0.276,26.2,0.00127,21.1,0.84
152,8,31.09,21.91,0.004,5.0,0.00198,16.2,0.76
153,1,32.11,22.73,0.047,5.7,0.0017,20.4,0.19
153,2,32.11,19.68,-0.294,28.6,0.00162,18.2,0.76
153,3,32.11,18.83,-0.347,36.2,0.00147,20.6,0.91
153,4,32.11,20.78,-0.159,12.6,0.00145,21.3,0.15
153,5,32.11,18.52,-0.325,33.0,0.0013,18.5,0.54
153,6,32.11,20.66,-0.161,12.8,0.00267,22.5,0.12
153,7,32.11,20.36,-0.131,10.2,0.00276,17.3,0.57
153,8,32.11,19.89,-0.165,13.2,0.00195,21.2,0.04
154,1,29.82,22.8,0.045,5.6,0.0021,17.6,0.87
154,2,29.82,22.04,0.005,5.0,0.0025,17.3,0.41
154,3,29.82,19.63,-0.23,20.3,0.00262,23.3,0.55
154,4,29.82,21.79,-0.098,8.0,0.00238,20.8,0.73
154,5,29.82,20.24,-0.195,16.2,0.00201,20.1,0.25
154,6,29.82,20.73,-0.145,11.4,0.00254,22.8,0.83
154,7,29.82,23.36,0.126,9.9,0.00241,22.7,0.99
154,8,29.82,21.66,-0.002,5.0,0.00178,17.0,0.77
155,1,28.84,21.52,-0.017,5.1,0.00128,21.6,0.84
155,2,28.84,22.23,-0.004,5.0,0.00275,22.1,0.46
155,3,28.84,21.59,-0.025,5.2,0.00201,20.2,0.53
155,4,28.84,22.55,0.044,5.6,0.00269,20.0,0.8
155,5,28.84,24.53,0.274,25.8,0.00211,18.3,0.73
155,6,28.84,23.09,0.111,8.8,0.00242,19.8,0.53
155,7,28.84,21.11,-0.163,13.0,0.00213,23.8,0.12
155,8,28.84,21.04,-0.084,7.2,0.00195,18.5,0.33
156,1,28.42,20.53,-0.138,10.8,0.00196,23.3,0.03
156,2,28.42,20.36,-0.199,16.6,0.00226,20.2,0.21
156,3,28.42,22.1,0.032,5.3,0.00276,20.8,0.29
156,4,28.42,20.62,-0.187,15.3,0.00208,17.1,0.36
156,5,28.42,22.46,0.042,5.5,0.00142,20.5,0.62
156,6,28.42,21.02,-0.069,6.5,0.00192,21.4,0.45
156,7,28.42,21.2,0.002,5.0,0.00154,21.4,0.39
156,8,28.42,21.76,-0.073,6.6,0.00157,17.5,0.7
157,1,28.41,22.14,-0.026,5.2,0.00223,16.1,0.91
157,2,28.41,21.9,0.034,5.4,0.00179,22.4,0.66
157,3,28.41,23.46,0.11,8.7,0.00206,16.6,0.94
157,4,28.41,21.77,-0.019,5.1,0.0025,18.7,0.62
157,5,28.41,20.41,-0.13,10.2,0.0014,22.5,0.58
157,6,28.41,23.65,0.172,13.8,0.00232,21.4,0.72
157,7,28.41,21.9,-0.015,5.1,0.00251,17.0,0.56
157,8,28.41,20.4,-0.151,11.9,0.00274,22.6,0.95
158,1,27.56,22.58,0.033,5.3,0.00238,17.4,0.07
158,2,27.56,21.97,-0.027,5.2,0.00239,22.4,0.33
158,3,27.56,20.18,-0.15,11.8,0.00226,22.7,0.39
158,4,27.56,20.61,-0.149,11.7,0.00271,17.0,0.4
158,5,27.56,24.34,0.315,31.5,0.00199,20.4,0.59
158,6,27.56,22.6,0.049,5.8,0.00221,17.1,0.99
158,7,27.56,23.05,0.159,12.6,0.00259,18.8,0.91
158,8,27.56,21.64,-0.016,5.1,0.00265,22.5,0.5
159,1,27.99,20.69,-0.139,10.9,0.00237,17.9,0.94
159,2,27.99,22.03,0.028,5.2,0.00191,22.9,0.69
159,3,27.99,22.06,-0.032,5.3,0.00254,17.3,0.39
159,4,27.99,21.95,-0.006,5.0,0.00178,19.1,0.51
159,5,27.99,21.94,0.024,5.2,0.00188,22.5,0.45
159,6,27.99,21.81,-0.019,5.1,0.00225,22.4,0.09
159,7,27.99,19.84,-0.183,14.9,0.00226,22.9,0.46
159,8,27.99,20.58,-0.114,9.0,0.00214,19.0,0.04
160,1,28.05,23.7,0.162,12.9,0.00127,23.8,0.64
160,2,28.05,19.38,-0.272,25.5,0.00245,23.9,0.14
160,3,28.05,19.64,-0.229,20.1,0.00277,18.6,0.01
160,4,28.05,20.15,-0.165,13.2,0.00203,22.0,0.95
160,5,28.05,22.47,0.049,5.7,0.00155,23.8,0.53
160,6,28.05,21.4,-0.027,5.2,0.00255,23.6,0.38
160,7,28.05,21.14,-0.112,8.9,0.00162,19.4,0.5
160,8,28.05,20.96,-0.1,8.1,0.00196,19.6,0.14
161,1,26.29,20.32,-0.119,9.4,0.00201,23.2,0.92
161,2,26.29,21.16,-0.061,6.1,0.00221,17.2,0.19
161,3,26.29,20.41,-0.153,12.0,0.00177,23.5,0.47
161,4,26.29,24.3,0.209,17.7,0.0015,22.5,0.87
161,5,26.29,20.65,-0.14,11.0,0.00175,19.0,0.62
161,6,26.29,24.24,0.23,20.3,0.00233,19.5,0.41
161,7,26.29,22.21,0.056,6.0,0.00184,18.6,0.59
161,8,26.29,23.59,0.115,9.1,0.00237,18.1,0.21
162,1,27.34,21.54,-0.086,7.3,0.00133,20.6,0.14
162,2,27.34,21.38,-0.059,6.1,0.00135,21.4,0.85
162,3,27.34,20.9,-0.074,6.7,0.00169,17.7,0.14
162,4,27.34,23.28,0.153,12.0,0.00163,23.3,0.05
162,5,27.34,21.6,-0.046,5.7,0.00134,23.6,0.04
162,6,27.34,19.91,-0.237,21.1,0.00155,17.5,0.34
162,7,27.34,20.95,-0.083,7.1,0.00139,23.4,0.97
162,8,27.34,21.7,-0.085,7.2,0.00156,18.8,0.09
163,1,26.74,19.64,-0.2,16.7,0.00263,16.3,0.46
163,2,26.74,22.2,0.026,5.2,0.00221,19.9,0.17
163,3,26.74,19.35,-0.222,19.2,0.00277,24.0,0.81
163,4,26.74,21.36,-0.067,6.4,0.00175,17.7,0.2
163,5,26.74,20.43,-0.114,9.0,0.0025,16.5,0.99
163,6,26.74,21.6,-0.051,5.8,0.00178,16.1,0.87
163,7,26.74,24.21,0.221,19.2,0.00211,17.0,0.67
163,8,26.74,21.89,-0.055,6.0,0.00201,19.2,0.03
164,1,28.64,21.12,-0.063,6.2,0.0013,19.0,0.6
164,2,28.64,20.95,-0.1,8.1,0.00171,19.5,0.4
164,3,28.64,20.81,-0.165,13.1,0.0025,21.9,0.68
164,4,28.64,20.06,-0.13,10.1,0.0014,21.6,0.6
164,5,28.64,22.33,-0.026,5.2,0.00277,16.6,0.41
164,6,28.64,22.68,0.051,5.8,0.0018,16.9,0.83
164,7,28.64,22.87,0.137,10.7,0.00147,21.5,0.35
164,8,28.64,18.89,-0.289,27.8,0.00242,22.1,0.07
165,1,26.11,20.91,-0.074,6.7,0.00169,18.8,0.13
165,2,26.11,18.56,-0.307,30.3,0.0022,21.8,0.35
165,3,26.11,20.51,-0.13,10.2,0.00165,16.7,0.13
165,4,26.11,21.65,-0.083,7.2,0.00202,16.9,0.72
165,5,26.11,21.76,-0.005,5.0,0.00185,21.4,0.23
165,6,26.11,22.31,0.076,6.8,0.00268,18.7,0.8
165,7,26.11,20.96,-0.09,7.5,0.00142,22.7,0.35
165,8,26.11,21.03,-0.126,9.9,0.00139,22.2,0.98
166,1,29.26,23.5,0.236,20.9,0.00156,24.0,0.32
166,2,29.26,22.01,0.006,5.0,0.00263,21.3,0.61
166,3,29.26,21.67,-0.043,5.6,0.00242,18.4,0.54
166,4,29.26,20.24,-0.143,11.2,0.00259,19.7,0.71
166,5,29.26,22.77,0.081,7.0,0.00246,21.2,0.65
166,6,29.26,23.23,0.086,7.3,0.00198,21.0,0.81
166,7,29.26,21.1,-0.046,5.7,0.00128,20.3,0.71
166,8,29.26,20.72,-0.156,12.3,0.00216,20.4,0.08
167,1,28.02,21.77,-0.052,5.8,0.00275,20.8,0.52
167,2,28.02,19.41,-0.266,24.8,0.00142,17.5,0.49
167,3,28.02,20.6,-0.096,7.9,0.00158,20.6,0.93
167,4,28.02,20.53,-0.127,9.9,0.00177,22.4,0.32
167,5,28.02,22.02,0.018,5.1,0.00223,20.9,0.55
167,6,28.02,21.63,-0.035,5.4,0.00153,21.7,0.09
167,7,28.02,20.92,-0.067,6.4,0.00217,17.4,0.2
167,8,28.02,21.65,-0.025,5.2,0.00182,16.0,0.2
168,1,28.49,21.44,-0.04,5.5,0.00248,20.5,0.34
168,2,28.49,22.12,-0.021,5.1,0.00149,20.5,0.58
168,3,28.49,23.03,0.113,8.9,0.00256,19.8,0.47
168,4,28.49,23.15,0.126,9.8,0.00252,22.0,0.5
168,5,28.49,22.7,-0.009,5.0,0.00184,21.0,0.88
168,6,28.49,20.92,-0.053,5.9,0.00186,19.3,0.12
168,7,28.49,20.52,-0.187,15.3,0.00184,18.2,0.52
168,8,28.49,21.92,0.015,5.1,0.00216,18.1,0.69
169,1,30.14,20.99,-0.125,9.8,0.00222,23.4,0.55
169,2,30.14,23.12,0.097,7.9,0.00136,21.3,0.8
169,3,30.14,20.61,-0.152,12.0,0.00221,19.0,0.58
169,4,30.14,21.53,-0.103,8.3,0.00154,18.9,0.57
169,5,30.14,23.86,0.17,13.6,0.0022,19.2,0.84
169,6,30.14,20.98,-0.063,6.2,0.00231,21.5,0.36
169,7,30.14,22.67,0.039,5.5,0.00225,22.0,0.33
169,8,30.14,20.69,-0.121,9.5,0.00146,18.6,0.15
170,1,31.08,20.54,-0.156,12.3,0.00233,23.6,0.29
170,2,31.08,21.88,0.057,6.0,0.00196,23.0,0.8
170,3,31.08,20.09,-0.198,16.6,0.00265,17.4,0.67
170,4,31.08,20.44,-0.14,11.0,0.00171,23.4,0.1
170,5,31.08,18.76,-0.324,32.8,0.00175,19.2,0.23
170,6,31.08,22.54,0.048,5.7,0.00206,21.9,0.48
170,7,31.08,21.14,-0.018,5.1,0.00192,20.8,0.95
170,8,31.08,21.69,-0.043,5.6,0.00197,19.3,0.87
171,1,30.85,21.62,-0.068,6.4,0.00189,19.9,0.89
171,2,30.85,24.09,0.236,20.9,0.00164,21.0,0.74
171,3,30.85,24.21,0.237,21.0,0.00189,21.8,0.77
171,4,30.85,21.52,-0.019,5.1,0.00129,16.9,0.13
171,5,30.85,21.31,-0.087,7.3,0.00266,19.1,0.46
171,6,30.85,22.22,0.041,5.5,0.00269,22.1,0.57
171,7,30.85,21.42,-0.014,5.1,0.00149,19.4,0.15
171,8,30.85,20.77,-0.094,7.7,0.00146,21.2,0.67
172,1,31.17,20.53,-0.138,10.8,0.00228,18.4,0.82
172,2,31.17,20.54,-0.125,9.8,0.00131,22.6,0.24
172,3,31.17,22.05,-0.026,5.2,0.00164,20.0,0.04
172,4,31.17,20.26,-0.134,10.5,0.00243,19.2,0.21
172,5,31.17,21.22,-0.058,6.1,0.00236,21.7,0.97
172,6,31.17,21.39,-0.058,6.0,0.00184,22.7,0.41
172,7,31.17,23.66,0.174,14.1,0.00237,22.7,0.06
172,8,31.17,22.08,-0.006,5.0,0.00172,22.1,0.94
173,1,30.66,19.78,-0.233,20.6,0.00223,23.5,0.86
173,2,30.66,22.45,0.041,5.5,0.00272,19.4,0.59
173,3,30.66,21.93,0.023,5.2,0.00233,17.7,0.89
173,4,30.66,22.04,0.007,5.0,0.00191,21.4,0.97
173,5,30.66,23.24,0.127,9.9,0.00201,16.1,0.14
173,6,30.66,21.01,-0.077,6.8,0.00162,23.4,0.64
173,7,30.66,23.73,0.161,12.8,0.00147,23.7,0.6
173,8,30.66,22.58,0.036,5.4,0.00146,18.9,0.65
174,1,30.8,22.14,0.018,5.1,0.00225,19.8,0.72
174,2,30.8,21.06,-0.105,8.4,0.00169,20.7,0.88
174,3,30.8,19.81,-0.214,18.3,0.00261,20.2,0.98
174,4,30.8,21.73,-0.013,5.1,0.00233,22.7,0.29
174,5,30.8,19.88,-0.169,13.6,0.00248,18.6,0.99
174,6,30.8,19.7,-0.222,19.2,0.00191,17.0,0.2
174,7,30.8,20.37,-0.173,14.0,0.00152,16.2,0.53
174,8,30.8,22.52,0.049,5.8,0.00156,19.7,0.74
175,1,29.69,20.67,-0.096,7.8,0.0017,20.9,0.78
175,2,29.69,20.92,-0.107,8.5,0.00212,16.5,0.82
175,3,29.69,21.26,-0.061,6.2,0.00193,22.3,0.57
175,4,29.69,19.78,-0.212,18.1,0.00278,18.4,0.42
175,5,29.69,22.74,0.063,6.2,0.00131,19.0,0.46
175,6,29.69,21.59,-0.048,5.7,0.00142,17.8,0.24
175,7,29.69,21.55,-0.009,5.0,0.00255,16.4,0.83
175,8,29.69,22.18,-0.007,5.0,0.00129,22.4,0.79
176,1,30.87,22.56,0.026,5.2,0.00257,17.1,0.88
176,2,30.87,20.97,-0.118,9.3,0.00199,16.5,0.34
176,3,30.87,21.72,-0.072,6.6,0.00245,23.2,0.42
176,4,30.87,22.46,0.063,6.3,0.00188,17.7,0.6
176,5,30.87,20.48,-0.11,8.7,0.00266,17.0,0.74
176,6,30.87,22.19,0.014,5.1,0.00246,16.8,0.83
176,7,30.87,22.51,0.028,5.2,0.00218,17.9,0.76
176,8,30.87,18.99,-0.277,26.2,0.00173,20.5,0.05
177,1,30.67,21.17,-0.089,7.5,0.00195,17.0,0.31
177,2,30.67,20.06,-0.211,18.0,0.00147,16.8,0.66
177,3,30.67,23.96,0.184,15.1,0.00188,20.6,0.5
177,4,30.67,19.64,-0.208,17.6,0.00267,21.1,0.33
177,5,30.67,21.61,-0.004,5.0,0.00209,22.0,0.78
177,6,30.67,20.98,-0.048,5.7,0.00208,20.4,0.57
177,7,30.67,20.5,-0.138,10.8,0.00161,21.3,0.16
177,8,30.67,22.01,0.027,5.2,0.00231,20.0,0.68
178,1,28.78,22.34,0.076,6.8,0.00167,18.0,0.5
178,2,28.78,22.03,0.024,5.2,0.0021,19.2,0.72
178,3,28.78,21.3,-0.046,5.7,0.00187,17.7,0.51
178,4,28.78,19.2,-0.308,30.6,0.0014,22.7,0.02
178,5,28.78,22.0,-0.016,5.1,0.00233,22.1,0.97
178,6,28.78,23.28,0.155,12.2,0.00128,21.4,0.96
178,7,28.78,21.38,-0.12,9.4,0.00191,18.2,0.8
178,8,28.78,21.41,-0.013,5.1,0.00135,16.6,0.84
179,1,30.06,21.45,-0.034,5.4,0.00131,23.4,0.27
179,2,30.06,22.1,-0.031,5.3,0.00168,22.3,0.75
179,3,30.06,22.69,0.081,7.0,0.00252,17.8,0.83
179,4,30.06,22.73,0.043,5.6,0.00154,21.6,0.84
179,5,30.06,21.96,0.002,5.0,0.00161,18.7,0.85
179,6,30.06,21.1,-0.085,7.2,0.00156,23.6,0.77
179,7,30.06,20.31,-0.169,13.5,0.00253,16.2,0.03
179,8,30.06,21.24,-0.049,5.8,0.00176,21.9,0.84
180,1,29.97,19.86,-0.21,17.8,0.00201,19.7,0.09
180,2,29.97,20.29,-0.175,14.2,0.00153,22.9,0.52
180,3,29.97,21.07,-0.114,9.0,0.00179,23.5,0.36
180,4,29.97,23.97,0.188,15.4,0.00253,23.0,0.4
180,5,29.97,21.51,-0.05,5.8,0.00217,23.1,0.54
180,6,29.97,19.33,-0.311,31.0,0.00238,23.2,0.89
180,7,29.97,22.14,-0.008,5.0,0.00252,16.2,0.33
180,8,29.97,22.17,0.079,6.9,0.00215,23.9,0.22
181,1,28.22,20.49,-0.152,12.0,0.0027,20.1,0.28
181,2,28.22,22.96,0.113,8.9,0.00207,22.0,0.12
181,3,28.22,21.14,-0.056,6.0,0.00193,22.9,0.45
181,4,28.22,21.23,-0.081,7.0,0.00223,21.6,0.37
181,5,28.22,22.62,0.056,6.0,0.00226,22.4,0.78
181,6,28.22,22.61,0.051,5.8,0.00228,21.3,0.83
181,7,28.22,21.63,0.004,5.0,0.00235,22.3,0.93
181,8,28.22,20.61,-0.176,14.3,0.00277,23.6,0.71
182,1,28.38,20.75,-0.057,6.0,0.00203,17.1,0.55
182,2,28.38,23.29,0.148,11.6,0.00195,17.7,0.06
182,3,28.38,22.15,-0.012,5.0,0.00203,19.6,0.55
182,4,28.38,24.02,0.157,12.4,0.00227,22.3,0.66
182,5,28.38,21.74,-0.027,5.2,0.00241,21.8,0.75
182,6,28.38,20.13,-0.165,13.2,0.00197,18.6,0.14
182,7,28.38,21.98,-0.006,5.0,0.00275,22.9,0.82
182,8,28.38,20.46,-0.167,13.3,0.00255,18.2,0.32
183,1,28.05,21.15,-0.115,9.1,0.00274,20.3,0.68
183,2,28.05,22.79,0.071,6.6,0.00187,19.1,0.46
183,3,28.05,19.86,-0.189,15.5,0.00266,18.0,0.57
183,4,28.05,22.1,0.072,6.6,0.0018,19.2,0.86
183,5,28.05,21.57,-0.047,5.7,0.00143,19.2,0.08
183,6,28.05,20.8,-0.15,11.8,0.00165,23.8,0.46
183,7,28.05,21.81,0.01,5.0,0.00225,19.4,0.66
183,8,28.05,20.24,-0.153,12.0,0.00209,22.6,0.55
184,1,26.88,21.3,-0.042,5.5,0.00276,18.1,0.81
184,2,26.88,22.47,0.015,5.1,0.00213,18.5,0.35
184,3,26.88,21.36,-0.074,6.7,0.00134,20.5,0.49
184,4,26.88,20.58,-0.134,10.4,0.00212,19.3,0.52
184,5,26.88,21.87,0.034,5.4,0.00155,18.0,0.25
184,6,26.88,21.19,-0.056,6.0,0.00278,16.4,0.67
184,7,26.88,20.32,-0.101,8.1,0.0019,19.0,0.02
184,8,26.88,24.98,0.249,22.6,0.00249,23.2,0.52
185,1,26.41,23.65,0.154,12.2,0.00276,16.7,0.43
185,2,26.41,20.56,-0.119,9.3,0.00194,23.8,0.8
185,3,26.41,21.16,-0.116,9.2,0.00221,17.2,0.2
185,4,26.41,21.71,-0.092,7.6,0.00164,22.2,0.69
185,5,26.41,21.63,-0.043,5.6,0.0016,21.8,0.33
185,6,26.41,21.95,-0.004,5.0,0.00225,19.0,0.93
185,7,26.41,21.54,-0.118,9.3,0.0017,21.3,0.2
185,8,26.41,21.62,-0.028,5.2,0.00275,19.6,0.53
186,1,28.45,23.02,0.114,9.0,0.00263,17.2,0.69
186,2,28.45,23.79,0.198,16.6,0.00199,22.8,0.59
186,3,28.45,22.09,0.097,7.9,0.00254,23.2,0.95
186,4,28.45,19.96,-0.187,15.4,0.00267,16.6,0.83
186,5,28.45,24.13,0.25,22.7,0.00128,22.2,0.51
186,6,28.45,21.77,0.017,5.1,0.00169,20.8,0.11
186,7,28.45,20.17,-0.16,12.7,0.00234,16.7,0.12
186,8,28.45,20.81,-0.095,7.8,0.00157,17.5,0.32
187,1,27.34,22.46,0.052,5.8,0.00221,19.7,0.39
187,2,27.34,20.43,-0.106,8.5,0.00252,20.7,0.16
187,3,27.34,20.61,-0.154,12.2,0.00169,19.1,0.51
187,4,27.34,23.37,0.155,12.3,0.00164,21.2,0.01
187,5,27.34,22.59,0.064,6.3,0.00272,19.9,0.53
187,6,27.34,20.45,-0.172,13.8,0.0027,22.1,0.14
187,7,27.34,22.05,-0.051,5.8,0.00248,20.0,0.53
187,8,27.34,22.8,0.14,11.0,0.00261,18.7,0.95
188,1,26.5,22.59,0.067,6.4,0.00211,18.1,0.28
188,2,26.5,21.85,-0.019,5.1,0.00143,19.0,0.05
188,3,26.5,20.69,-0.13,10.2,0.00173,22.9,0.67
188,4,26.5,21.98,0.028,5.3,0.00202,23.8,0.06
188,5,26.5,23.15,0.084,7.2,0.00178,16.5,0.7
188,6,26.5,20.81,-0.108,8.6,0.00173,23.7,0.23
188,7,26.5,20.39,-0.17,13.6,0.00226,19.7,0.04
188,8,26.5,23.12,0.1,8.1,0.00184,20.7,0.97
189,1,27.76,21.7,-0.038,5.4,0.00239,22.0,0.43
189,2,27.76,22.66,0.039,5.5,0.00158,19.0,0.52
189,3,27.76,23.25,0.083,7.1,0.00261,20.0,0.11
189,4,27.76,21.07,-0.102,8.2,0.00139,19.0,0.21
189,5,27.76,21.76,-0.029,5.3,0.00237,20.1,0.32
189,6,27.76,20.81,-0.168,13.4,0.00199,18.0,0.91
189,7,27.76,24.87,0.269,25.1,0.00127,20.3,0.03
189,8,27.76,22.32,-0.028,5.2,0.00218,17.5,0.28
190,1,28.58,21.0,-0.115,9.0,0.00182,21.1,0.57
190,2,28.58,20.45,-0.168,13.4,0.00128,23.6,0.93
190,3,28.58,23.66,0.181,14.7,0.00203,20.4,0.3
190,4,28.58,19.54,-0.258,23.8,0.00259,23.7,0.25
190,5,28.58,21.9,0.011,5.0,0.00258,21.0,0.23
190,6,28.58,20.64,-0.173,13.9,0.00142,18.8,0.31
190,7,28.58,21.98,0.005,5.0,0.00222,23.1,0.76
190,8,28.58,22.1,0.018,5.1,0.00186,16.0,0.86
191,1,27.63,19.57,-0.22,19.1,0.00253,23.9,0.46
191,2,27.63,21.57,0.016,5.1,0.00205,19.4,0.51
191,3,27.63,22.22,0.039,5.5,0.0017,20.9,0.72
191,4,27.63,21.67,-0.017,5.1,0.00256,20.3,0.33
191,5,27.63,21.99,-0.016,5.1,0.00273,19.5,0.53
191,6,27.63,22.14,0.041,5.5,0.0013,23.0,0.98
191,7,27.63,20.87,-0.146,11.4,0.0021,23.3,0.49
191,8,27.63,19.95,-0.195,16.2,0.00263,17.2,0.8
192,1,28.98,20.13,-0.121,9.4,0.00164,18.0,0.01
192,2,28.98,22.55,0.057,6.0,0.0015,21.1,0.34
192,3,28.98,24.53,0.261,24.1,0.00166,21.6,0.31
192,4,28.98,23.83,0.212,18.1,0.00218,17.3,0.54
192,5,28.98,22.41,0.057,6.0,0.00179,18.6,0.01
192,6,28.98,20.23,-0.176,14.2,0.00199,21.9,0.65
192,7,28.98,20.23,-0.2,16.8,0.00167,22.2,0.02
192,8,28.98,22.86,0.102,8.2,0.0017,19.5,1.0
193,1,31.44,20.34,-0.184,15.0,0.00183,19.6,0.84
193,2,31.44,21.32,-0.05,5.8,0.00272,17.8,0.69
193,3,31.44,21.31,-0.08,7.0,0.00267,18.3,0.99
193,4,31.44,19.68,-0.229,20.1,0.00169,23.3,0.91
193,5,31.44,22.38,-0.009,5.0,0.00196,16.6,1.0
193,6,31.44,22.89,0.076,6.8,0.00243,21.2,0.84
193,7,31.44,20.92,-0.127,9.9,0.00222,20.2,0.28
193,8,31.44,21.0,-0.049,5.7,0.00234,21.3,0.76
194,1,29.15,20.76,-0.102,8.2,0.0024,22.0,0.05
194,2,29.15,21.49,-0.047,5.7,0.00254,19.4,0.99
194,3,29.15,20.17,-0.199,16.7,0.00251,20.0,0.9
194,4,29.15,21.95,-0.018,5.1,0.00128,18.5,0.64
194,5,29.15,22.52,0.057,6.0,0.0019,20.0,0.49
194,6,29.15,23.05,0.094,7.7,0.002,18.8,0.32
194,7,29.15,23.65,0.17,13.6,0.00186,19.0,0.33
194,8,29.15,22.13,0.019,5.1,0.00139,21.2,0.53
195,1,30.59,20.66,-0.095,7.8,0.00268,21.0,0.31
195,2,30.59,22.73,0.037,5.4,0.00135,18.6,0.88
195,3,30.59,21.4,-0.046,5.7,0.00191,22.7,0.36
195,4,30.59,19.64,-0.226,19.7,0.00265,22.5,0.96
195,5,30.59,23.15,0.147,11.5,0.00254,22.1,0.17
195,6,30.59,20.2,-0.179,14.6,0.00221,18.9,0.79
195,7,30.59,22.0,-0.018,5.1,0.00159,18.4,0.41
195,8,30.59,22.52,0.043,5.6,0.00143,18.0,0.95
196,1,31.75,22.16,-0.005,5.0,0.00212,21.8,0.98
196,2,31.75,22.54,0.055,5.9,0.00223,17.0,0.17
196,3,31.75,21.62,-0.079,6.9,0.00218,16.4,0.43
196,4,31.75,21.93,-0.018,5.1,0.00144,21.0,0.29
196,5,31.75,22.3,0.018,5.1,0.00163,21.5,0.92
196,6,31.75,20.51,-0.143,11.2,0.00235,16.8,0.75
196,7,31.75,21.08,-0.082,7.1,0.00202,22.7,0.85
196,8,31.75,21.48,-0.055,6.0,0.00185,17.7,0.81
197,1,29.78,19.78,-0.185,15.2,0.00144,19.2,0.78
197,2,29.78,23.65,0.209,17.8,0.00259,19.6,0.39
197,3,29.78,23.09,0.155,12.2,0.00229,21.6,0.82
197,4,29.78,21.42,-0.062,6.2,0.00224,17.5,0.19
197,5,29.78,22.9,0.102,8.2,0.00209,16.9,0.53
197,6,29.78,23.29,0.106,8.5,0.00156,20.0,1.0
197,7,29.78,22.25,-0.023,5.2,0.0025,20.4,0.88
197,8,29.78,22.61,0.054,5.9,0.00166,18.4,0.56
198,1,32.98,18.72,-0.366,39.0,0.0025,17.1,0.34
198,2,32.98,20.65,-0.122,9.5,0.00225,21.7,0.37
198,3,32.98,24.42,0.246,22.1,0.00198,20.2,0.82
198,4,32.98,22.09,-0.04,5.5,0.00257,22.4,0.05
198,5,32.98,20.17,-0.193,16.0,0.00224,23.8,0.88
198,6,32.98,21.59,-0.116,9.1,0.00196,16.1,0.53
198,7,32.98,21.63,-0.079,6.9,0.00156,23.2,0.15
198,8,32.98,24.09,0.236,20.9,0.00168,20.6,0.3
199,1,31.41,22.26,0.073,6.7,0.00133,22.2,0.09
199,2,31.41,21.16,-0.113,8.9,0.00223,23.8,0.49
199,3,31.41,21.07,-0.094,7.7,0.00213,22.3,0.74
199,4,31.41,21.2,-0.092,7.6,0.00269,20.8,0.2
199,5,31.41,19.73,-0.225,19.6,0.00206,17.9,0.5
199,6,31.41,20.98,-0.091,7.5,0.00188,16.2,0.59
199,7,31.41,22.82,0.031,5.3,0.00208,16.7,0.07
199,8,31.41,20.37,-0.157,12.4,0.00234,23.3,0.02
200,1,31.01,22.08,-0.003,5.0,0.00188,23.2,0.39
200,2,31.01,19.13,-0.267,24.9,0.00177,20.3,0.61
200,3,31.01,21.61,-0.061,6.1,0.00185,19.9,0.46
200,4,31.01,20.19,-0.201,16.9,0.00197,17.6,0.42
200,5,31.01,20.8,-0.128,10.0,0.00127,18.0,0.74
200,6,31.01,20.26,-0.153,12.0,0.00161,22.4,0.26
200,7,31.01,21.58,-0.05,5.8,0.00237,21.0,0.44
200,8,31.01,20.94,-0.163,13.0,0.00141,19.0,0.37
201,1,30.21,19.94,-0.198,16.5,0.00164,20.8,0.94
201,2,30.21,20.8,-0.096,7.8,0.00246,16.0,0.16
201,3,30.21,22.8,0.132,10.3,0.00223,21.5,0.12
201,4,30.21,20.59,-0.119,9.4,0.0015,22.2,0.32
201,5,30.21,20.58,-0.182,14.8,0.0018,19.3,0.45
201,6,30.21,20.64,-0.193,16.0,0.00273,17.5,0.71
201,7,30.21,23.1,0.158,12.5,0.00177,23.3,0.69
201,8,30.21,20.29,-0.152,12.0,0.0014,23.7,0.9
202,1,29.31,23.89,0.186,15.3,0.00175,21.0,0.13
202,2,29.31,22.02,-0.034,5.4,0.00147,20.1,0.71
202,3,29.31,20.41,-0.14,11.0,0.00214,19.6,0.22
202,4,29.31,21.83,-0.021,5.1,0.00134,23.3,0.53
202,5,29.31,21.81,0.044,5.6,0.00278,23.1,0.34
202,6,29.31,19.99,-0.177,14.4,0.00165,19.5,0.07
202,7,29.31,20.55,-0.144,11.2,0.00183,17.2,0.62
202,8,29.31,22.42,0.045,5.6,0.00258,16.9,0.96
203,1,28.29,21.92,0.025,5.2,0.00154,22.1,0.18
203,2,28.29,20.9,-0.098,8.0,0.00199,19.0,0.62
203,3,28.29,23.15,0.12,9.4,0.00133,18.0,0.29
203,4,28.29,22.74,0.133,10.4,0.00137,18.3,0.68
203,5,28.29,23.38,0.121,9.5,0.00157,17.8,0.74
203,6,28.29,23.43,0.127,9.9,0.00212,23.1,0.33
203,7,28.29,23.23,0.095,7.8,0.00236,20.1,0.07
203,8,28.29,21.76,-0.038,5.4,0.00183,16.7,0.95
204,1,26.78,21.06,-0.04,5.5,0.00259,23.1,0.5
204,2,26.78,22.43,0.025,5.2,0.00128,16.4,0.19
204,3,26.78,22.71,0.101,8.1,0.00271,16.1,0.56
204,4,26.78,21.83,-0.011,5.0,0.00213,20.5,0.34
204,5,26.78,20.03,-0.2,16.8,0.0025,21.8,0.45
204,6,26.78,21.97,0.034,5.4,0.00139,16.6,0.88
204,7,26.78,21.94,-0.036,5.4,0.00182,17.5,0.18
204,8,26.78,21.56,-0.05,5.8,0.00167,17.5,0.6
205,1,28.14,21.32,-0.044,5.6,0.00228,20.2,0.86
205,2,28.14,21.97,0.019,5.1,0.00239,23.6,0.41
205,3,28.14,21.52,-0.082,7.1,0.00229,21.8,0.13
205,4,28.14,21.42,-0.057,6.0,0.00202,19.1,0.55
205,5,28.14,23.2,0.12,9.4,0.00152,22.4,0.74
205,6,28.14,21.52,-0.025,5.2,0.00218,17.7,0.98
205,7,28.14,22.51,0.087,7.3,0.00252,22.8,0.39
205,8,28.14,21.76,-0.005,5.0,0.00203,16.5,0.58
206,1,28.79,22.51,0.052,5.8,0.00261,19.3,0.29
206,2,28.79,23.2,0.137,10.7,0.00155,17.3,0.24
206,3,28.79,22.86,0.067,6.4,0.00207,20.5,0.81
206,4,28.79,21.8,-0.069,6.5,0.00186,21.0,0.9
206,5,28.79,21.89,0.039,5.5,0.00164,18.2,0.92
206,6,28.79,19.41,-0.241,21.6,0.00262,18.0,0.48
206,7,28.79,22.06,-0.003,5.0,0.00219,20.9,0.39
206,8,28.79,22.77,0.017,5.1,0.00176,23.4,0.89
207,1,30.01,22.84,0.06,6.1,0.00222,17.4,0.93
207,2,30.01,21.39,-0.062,6.2,0.00174,19.4,0.71
207,3,30.01,22.57,0.084,7.2,0.00247,17.2,0.13
207,4,30.01,22.0,-0.033,5.3,0.00262,20.3,0.14
207,5,30.01,21.86,-0.04,5.5,0.00198,23.1,0.98
207,6,30.01,20.01,-0.225,19.6,0.00277,18.8,0.86
207,7,30.01,22.24,0.025,5.2,0.0014,19.1,0.8
207,8,30.01,21.57,-0.05,5.8,0.00268,20.0,0.3
208,1,26.72,21.46,-0.076,6.8,0.00199,20.9,0.68
208,2,26.72,22.61,0.075,6.7,0.00157,18.3,0.93
208,3,26.72,20.42,-0.102,8.2,0.00252,23.1,0.31
208,4,26.72,21.57,-0.073,6.6,0.00139,21.1,0.97
208,5,26.72,20.87,-0.117,9.2,0.00277,21.1,0.69
208,6,26.72,20.92,-0.116,9.1,0.00144,23.0,0.51
208,7,26.72,20.82,-0.108,8.6,0.00261,23.9,0.57
208,8,26.72,21.54,-0.073,6.7,0.00226,19.0,0.5
209,1,27.47,20.08,-0.203,17.0,0.00169,23.4,0.48
209,2,27.47,21.54,-0.047,5.7,0.00272,21.2,0.82
209,3,27.47,23.11,0.101,8.2,0.00278,22.6,0.04
209,4,27.47,20.94,-0.068,6.4,0.00134,21.3,0.53
209,5,27.47,21.97,-0.001,5.0,0.00196,21.9,0.78
209,6,27.47,20.88,-0.141,11.0,0.00134,18.5,0.08
209,7,27.47,18.89,-0.272,25.5,0.00245,22.7,0.58
209,8,27.47,20.34,-0.157,12.4,0.00265,19.8,0.26
210,1,25.74,22.44,0.002,5.0,0.00274,16.6,0.3
210,2,25.74,19.14,-0.263,24.4,0.00276,18.4,0.22
210,3,25.74,23.16,0.086,7.3,0.00221,18.8,0.22
210,4,25.74,23.81,0.153,12.1,0.00179,23.7,0.74
210,5,25.74,22.6,0.104,8.3,0.00237,22.8,0.72
210,6,25.74,22.63,0.035,5.4,0.00179,18.8,0.31
210,7,25.74,19.42,-0.199,16.6,0.00139,18.1,0.72
210,8,25.74,23.42,0.149,11.7,0.00264,21.8,0.64
211,1,27.88,22.07,-0.041,5.5,0.0014,18.0,0.24
211,2,27.88,22.79,0.016,5.1,0.00134,22.8,0.51
211,3,27.88,21.4,-0.102,8.2,0.00202,16.1,0.7
211,4,27.88,22.84,0.081,7.0,0.00192,17.4,0.44
211,5,27.88,22.01,-0.016,5.1,0.00161,19.5,0.35
211,6,27.88,22.08,0.017,5.1,0.00263,18.3,0.37
211,7,27.88,20.15,-0.183,15.0,0.00136,17.5,0.99
211,8,27.88,22.34,0.118,9.3,0.00213,16.6,0.39
212,1,28.42,19.9,-0.245,22.1,0.00164,17.6,0.39
212,2,28.42,21.52,-0.053,5.9,0.00144,24.0,0.4
212,3,28.42,19.56,-0.222,19.2,0.00231,21.6,0.89
212,4,28.42,21.29,-0.077,6.8,0.00221,18.2,0.38
212,5,28.42,20.75,-0.09,7.5,0.0019,21.2,0.79
212,6,28.42,21.27,-0.111,8.8,0.00209,22.4,0.65
212,7,28.42,22.29,0.019,5.1,0.00139,16.0,0.96
212,8,28.42,23.39,0.184,15.1,0.00278,23.7,0.94
213,1,29.13,21.01,-0.117,9.2,0.00197,23.4,0.39
213,2,29.13,22.68,0.016,5.1,0.00259,18.8,0.75
213,3,29.13,20.03,-0.188,15.5,0.00189,23.6,0.19
213,4,29.13,22.88,0.105,8.4,0.00137,17.6,0.74
213,5,29.13,24.01,0.178,14.4,0.00207,16.5,0.96
213,6,29.13,21.88,0.016,5.1,0.00147,21.8,0.67
213,7,29.13,22.55,-0.008,5.0,0.00167,17.5,0.39
213,8,29.13,19.76,-0.211,17.9,0.00238,22.7,0.23
214,1,25.98,22.32,0.003,5.0,0.00208,22.7,0.79
214,2,25.98,22.17,0.028,5.2,0.0021,23.5,0.71
214,3,25.98,22.64,0.136,10.6,0.0014,17.9,0.47
214,4,25.98,23.45,0.116,9.1,0.00133,20.6,0.24
214,5,25.98,19.98,-0.202,17.0,0.00275,17.5,0.08
214,6,25.98,21.12,-0.131,10.2,0.00238,18.6,0.64
214,7,25.98,22.2,0.033,5.3,0.00134,17.0,0.84
214,8,25.98,22.37,0.069,6.5,0.00191,20.7,0.35
215,1,28.82,23.47,0.109,8.6,0.0015,17.6,0.51
215,2,28.82,22.48,0.057,6.0,0.00267,23.1,0.16
215,3,28.82,22.04,-0.02,5.1,0.00222,19.0,0.82
215,4,28.82,23.32,0.134,10.5,0.00136,19.5,0.11
215,5,28.82,19.67,-0.183,14.9,0.00144,21.9,0.72
215,6,28.82,21.87,-0.049,5.8,0.00135,19.8,0.57
215,7,28.82,20.21,-0.194,16.1,0.00181,21.0,0.62
215,8,28.82,21.77,-0.002,5.0,0.00247,20.9,0.32
216,1,30.23,21.13,-0.06,6.1,0.00215,20.9,0.59
216,2,30.23,20.43,-0.161,12.8,0.00266,20.2,0.87
216,3,30.23,22.54,0.086,7.3,0.00207,18.2,0.84
216,4,30.23,22.11,-0.004,5.0,0.00185,21.2,0.74
216,5,30.23,21.67,-0.109,8.7,0.00238,16.2,0.73
216,6,30.23,21.1,-0.061,6.1,0.00226,16.3,0.23
216,7,30.23,22.7,0.071,6.6,0.00256,22.1,0.64
216,8,30.23,21.3,-0.097,7.9,0.00191,20.2,0.68
217,1,29.14,23.85,0.218,18.8,0.00151,23.1,0.16
217,2,29.14,22.19,-0.006,5.0,0.00247,17.6,0.62
217,3,29.14,22.14,-0.006,5.0,0.00143,17.6,0.73
217,4,29.14,21.26,-0.061,6.2,0.00267,23.5,0.72
217,5,29.14,23.07,0.118,9.3,0.00208,23.6,0.52
217,6,29.14,20.47,-0.161,12.8,0.00242,23.5,0.1
217,7,29.14,22.43,0.054,5.9,0.00251,18.9,0.84
217,8,29.14,20.94,-0.1,8.1,0.00264,18.2,0.39
218,1,31.26,20.71,-0.096,7.8,0.00172,20.7,0.8
218,2,31.26,21.22,-0.099,8.0,0.00226,21.6,0.17
218,3,31.26,19.77,-0.238,21.2,0.00232,19.7,0.27
218,4,31.26,19.92,-0.284,27.2,0.00133,17.4,0.56
218,5,31.26,21.01,-0.125,9.8,0.00196,16.8,0.38
218,6,31.26,21.6,-0.088,7.4,0.00172,20.0,0.12
218,7,31.26,21.28,-0.046,5.7,0.00243,18.0,0.14
218,8,31.26,21.5,-0.028,5.2,0.00244,16.5,0.95
219,1,30.51,20.01,-0.188,15.5,0.00145,21.1,0.8
219,2,30.51,19.91,-0.21,17.8,0.0027,22.9,0.84
219,3,30.51,22.06,-0.01,5.0,0.00135,23.3,0.91
219,4,30.51,21.39,-0.056,6.0,0.00153,23.7,0.46
219,5,30.51,21.31,-0.064,6.3,0.00217,16.3,0.29
219,6,30.51,20.98,-0.116,9.1,0.00225,16.6,0.76
219,7,30.51,22.19,-0.026,5.2,0.00175,19.7,0.01
219,8,30.51,20.3,-0.144,11.3,0.00148,23.2,0.63
220,1,29.82,20.27,-0.204,17.2,0.00169,19.1,0.74
220,2,29.82,20.45,-0.16,12.7,0.0025,20.8,0.01
220,3,29.82,22.25,0.022,5.1,0.00241,21.4,0.55
220,4,29.82,23.85,0.201,16.9,0.00195,19.3,0.26
220,5,29.82,20.61,-0.124,9.7,0.0021,19.6,0.31
220,6,29.82,19.76,-0.238,21.2,0.00126,21.5,0.04
220,7,29.82,19.29,-0.252,23.0,0.00139,19.6,0.65
220,8,29.82,20.39,-0.171,13.7,0.00229,16.8,0.23
221,1,32.73,19.85,-0.233,20.5,0.00246,18.5,0.94
221,2,32.73,21.23,-0.074,6.7,0.00274,20.6,0.32
221,3,32.73,22.76,0.103,8.3,0.00245,20.8,0.99
221,4,32.73,21.61,-0.024,5.2,0.00149,21.5,0.78
221,5,32.73,22.72,0.088,7.4,0.00165,20.9,0.54
221,6,32.73,20.79,-0.143,11.2,0.00217,21.6,0.27
221,7,32.73,21.67,-0.049,5.8,0.00191,22.9,0.33
221,8,32.73,21.84,-0.024,5.2,0.00254,16.9,0.35
222,1,30.9,23.26,0.131,10.2,0.0019,18.4,0.3
222,2,30.9,23.32,0.138,10.8,0.00194,22.8,0.0
222,3,30.9,19.59,-0.273,25.7,0.00146,23.5,0.51
222,4,30.9,21.82,-0.016,5.1,0.00127,19.3,0.73
222,5,30.9,18.28,-0.39,42.5,0.00184,18.3,0.72
222,6,30.9,21.33,-0.049,5.8,0.00273,16.6,0.98
222,7,30.9,20.12,-0.175,14.1,0.00178,18.8,0.82
222,8,30.9,21.53,0.001,5.0,0.00187,16.1,0.22
223,1,31.34,21.94,0.018,5.1,0.00208,22.6,0.56
223,2,31.34,22.6,0.047,5.7,0.00145,19.9,0.53
223,3,31.34,21.24,-0.144,11.3,0.00236,17.7,0.62
223,4,31.34,21.86,0.019,5.1,0.00134,19.7,0.49
223,5,31.34,22.8,0.058,6.0,0.00139,16.7,0.58
223,6,31.34,21.83,-0.031,5.3,0.00274,16.2,0.43
223,7,31.34,21.17,-0.063,6.3,0.00166,19.7,0.57
223,8,31.34,21.58,-0.082,7.1,0.00262,16.4,0.59
224,1,30.18,21.36,-0.059,6.1,0.00172,19.2,0.99
224,2,30.18,23.42,0.129,10.0,0.00146,19.1,0.25
224,3,30.18,22.28,0.012,5.0,0.0021,19.1,0.9
224,4,30.18,21.64,-0.056,6.0,0.00146,18.3,0.35
224,5,30.18,21.57,-0.089,7.5,0.00191,22.8,0.23
224,6,30.18,22.28,0.053,5.9,0.00215,23.7,0.86
224,7,30.18,23.15,0.132,10.3,0.00131,19.1,0.13
224,8,30.18,22.78,0.089,7.5,0.00243,22.0,0.83
225,1,31.01,21.88,-0.033,5.3,0.0014,20.0,0.59
225,2,31.01,20.32,-0.187,15.4,0.00133,18.6,0.75
225,3,31.01,22.12,0.027,5.2,0.00174,20.8,0.25
225,4,31.01,23.74,0.175,14.1,0.00231,20.0,0.15
225,5,31.01,20.76,-0.133,10.4,0.00266,19.7,0.1
225,6,31.01,22.37,0.064,6.3,0.00227,16.6,0.47
225,7,31.01,20.57,-0.166,13.3,0.0018,20.8,0.6
225,8,31.01,20.14,-0.174,14.0,0.00278,17.9,0.09
226,1,32.93,19.86,-0.271,25.4,0.00234,22.6,0.26
226,2,32.93,22.21,0.03,5.3,0.00216,18.3,0.51
226,3,32.93,20.79,-0.197,16.4,0.00246,22.1,0.48
226,4,32.93,21.06,-0.106,8.5,0.00163,16.4,0.8
226,5,32.93,20.56,-0.11,8.7,0.00209,17.1,0.23
226,6,32.93,22.52,0.05,5.8,0.00265,23.6,0.13
226,7,32.93,24.31,0.186,15.2,0.00166,16.7,0.68
226,8,32.93,20.73,-0.17,13.7,0.00253,18.0,0.14
227,1,30.33,20.66,-0.151,11.9,0.00151,23.7,0.71
227,2,30.33,23.39,0.157,12.4,0.00248,22.1,0.17
227,3,30.33,22.25,0.031,5.3,0.00251,18.7,0.07
227,4,30.33,22.97,0.079,6.9,0.00242,19.7,0.04
227,5,30.33,21.6,-0.036,5.4,0.00216,22.4,0.5
227,6,30.33,23.63,0.146,11.5,0.00199,20.6,0.54
227,7,30.33,21.65,-0.027,5.2,0.00189,19.6,0.75
227,8,30.33,20.16,-0.182,14.8,0.00182,17.5,0.71
228,1,27.88,21.38,-0.073,6.7,0.00196,16.8,0.55
228,2,27.88,22.58,0.095,7.8,0.0016,17.0,0.16
228,3,27.88,18.27,-0.368,39.2,0.00236,17.2,0.07
228,4,27.88,22.07,0.019,5.1,0.00175,17.6,0.56
228,5,27.88,22.07,-0.012,5.0,0.00208,18.3,0.33
228,6,27.88,19.98,-0.225,19.6,0.00195,21.0,0.43
228,7,27.88,21.26,-0.064,6.3,0.0023,20.8,0.07
228,8,27.88,20.74,-0.108,8.6,0.00201,21.6,0.9
229,1,29.26,22.08,-0.012,5.0,0.00206,22.5,0.65
229,2,29.26,22.44,0.074,6.7,0.0025,16.2,0.88
229,3,29.26,20.11,-0.147,11.5,0.00269,19.0,0.27
229,4,29.26,23.37,0.149,11.7,0.00263,17.1,0.02
229,5,29.26,23.24,0.099,8.0,0.00259,21.2,0.16
229,6,29.26,24.05,0.218,18.8,0.00245,18.5,0.11
229,7,29.26,21.29,-0.038,5.5,0.00232,16.2,0.63
229,8,29.26,21.24,-0.04,5.5,0.00251,17.3,0.28
230,1,27.01,21.25,-0.057,6.0,0.00229,21.6,0.39
230,2,27.01,20.4,-0.192,15.9,0.00216,16.4,0.68
230,3,27.01,19.56,-0.252,22.9,0.00231,20.2,0.05
230,4,27.01,21.78,-0.026,5.2,0.00167,16.8,0.5
230,5,27.01,21.88,-0.023,5.2,0.00147,21.2,0.64
230,6,27.01,21.91,0.017,5.1,0.00146,16.1,0.1
230,7,27.01,22.26,0.013,5.1,0.00241,18.6,0.49
230,8,27.01,23.83,0.153,12.0,0.0021,20.0,0.06
231,1,29.21,23.1,0.095,7.8,0.00127,21.2,0.91
231,2,29.21,23.03,0.098,8.0,0.00194,21.4,0.4
231,3,29.21,22.34,0.063,6.2,0.00159,21.8,0.44
231,4,29.21,23.5,0.137,10.7,0.00252,18.8,0.89
231,5,29.21,20.92,-0.155,12.3,0.00256,19.6,0.76
231,6,29.21,21.04,-0.08,7.0,0.00222,19.5,0.65
231,7,29.21,20.45,-0.136,10.6,0.00158,18.4,0.36
231,8,29.21,19.89,-0.273,25.7,0.0017,19.6,0.05
232,1,26.73,22.64,0.1,8.1,0.00131,19.4,0.94
232,2,26.73,20.38,-0.11,8.7,0.00235,17.0,0.93
232,3,26.73,23.06,0.095,7.8,0.00188,19.5,0.7
232,4,26.73,21.19,-0.035,5.4,0.00276,21.0,0.56
232,5,26.73,21.31,-0.064,6.3,0.0013,17.0,0.45
232,6,26.73,20.51,-0.119,9.3,0.00177,23.0,0.22
232,7,26.73,20.49,-0.177,14.3,0.00145,17.2,0.88
232,8,26.73,20.48,-0.149,11.7,0.00219,16.9,0.72
233,1,26.8,21.31,-0.074,6.7,0.00219,18.5,0.25
233,2,26.8,19.41,-0.281,26.7,0.00243,19.6,0.92
233,3,26.8,21.92,0.018,5.1,0.00207,18.1,0.89
233,4,26.8,22.0,-0.007,5.0,0.00168,18.5,0.78
233,5,26.8,21.2,-0.045,5.6,0.00255,21.9,0.28
233,6,26.8,21.66,-0.065,6.3,0.00146,18.4,0.02
233,7,26.8,22.81,0.068,6.5,0.00265,21.5,0.99
233,8,26.8,20.94,-0.122,9.6,0.00259,19.1,0.47
234,1,26.06,21.45,-0.071,6.6,0.00136,23.3,0.03
234,2,26.06,21.34,-0.04,5.5,0.0024,17.8,0.34
234,3,26.06,20.44,-0.17,13.6,0.00202,22.3,0.37
234,4,26.06,20.94,-0.101,8.1,0.00162,17.4,0.46
234,5,26.06,19.82,-0.254,23.2,0.00147,17.6,0.24
234,6,26.06,20.5,-0.114,9.0,0.00183,20.4,0.3
234,7,26.06,22.57,-0.009,5.0,0.00233,17.2,0.85
234,8,26.06,22.08,0.048,5.7,0.00145,22.7,0.62
235,1,29.47,22.35,0.068,6.4,0.00269,18.1,0.5
235,2,29.47,20.97,-0.043,5.6,0.00216,23.1,0.31
235,3,29.47,21.65,-0.024,5.2,0.00152,17.5,0.02
235,4,29.47,20.33,-0.151,11.9,0.00136,17.3,0.7
235,5,29.47,20.35,-0.157,12.5,0.00145,20.9,0.24
235,6,29.47,23.94,0.24,21.5,0.00238,22.6,0.83
235,7,29.47,23.88,0.179,14.5,0.00151,19.2,0.86
235,8,29.47,23.28,0.129,10.1,0.00135,23.6,0.3
236,1,27.22,21.59,-0.041,5.5,0.0014,22.0,0.18
236,2,27.22,21.8,-0.003,5.0,0.00212,18.3,0.86
236,3,27.22,22.11,-0.014,5.1,0.00266,23.2,0.87
236,4,27.22,18.45,-0.337,34.7,0.00179,22.9,0.97
236,5,27.22,21.68,-0.049,5.7,0.00251,19.4,0.81
236,6,27.22,21.15,-0.039,5.5,0.00131,22.1,0.9
236,7,27.22,20.38,-0.164,13.1,0.00224,21.8,0.01
236,8,27.22,22.41,0.043,5.6,0.00137,21.0,0.32
237,1,27.21,22.07,-0.001,5.0,0.00156,18.5,0.13
237,2,27.21,20.87,-0.126,9.9,0.00209,16.8,0.5
237,3,27.21,21.54,-0.047,5.7,0.00211,22.3,0.17
237,4,27.21,20.5,-0.169,13.6,0.00135,16.8,0.07
237,5,27.21,23.13,0.155,12.2,0.00271,20.6,0.36
237,6,27.21,20.13,-0.213,18.2,0.00232,18.7,0.16
237,7,27.21,21.38,-0.073,6.6,0.00222,20.5,0.51
237,8,27.21,23.79,0.186,15.2,0.00276,18.1,0.51
238,1,26.82,19.48,-0.276,26.1,0.00273,23.9,0.45
238,2,26.82,20.67,-0.121,9.5,0.00155,19.6,0.99
238,3,26.82,21.83,-0.043,5.6,0.00188,19.4,0.32
238,4,26.82,20.96,-0.075,6.8,0.0013,21.9,0.07
238,5,26.82,20.8,-0.053,5.9,0.00217,17.3,0.91
238,6,26.82,19.8,-0.228,19.9,0.00261,19.2,0.66
238,7,26.82,20.45,-0.148,11.6,0.00192,17.7,0.61
238,8,26.82,22.41,0.01,5.0,0.00275,23.3,0.74
239,1,27.61,22.83,0.105,8.4,0.00131,16.5,0.88
239,2,27.61,21.98,-0.002,5.0,0.00152,18.4,0.51
239,3,27.61,18.98,-0.34,35.1,0.00248,16.8,0.77
239,4,27.61,22.17,0.006,5.0,0.00136,21.5,0.81
239,5,27.61,21.2,-0.106,8.5,0.00211,23.3,0.22
239,6,27.61,22.95,0.107,8.5,0.00221,21.7,0.35
239,7,27.61,24.65,0.197,16.4,0.00257,17.6,0.21
239,8,27.61,21.2,-0.033,5.3,0.00253,23.1,0.35
240,1,30.75,21.62,-0.066,6.4,0.00147,21.3,0.84
240,2,30.75,23.32,0.12,9.4,0.00262,20.0,0.49
240,3,30.75,22.44,0.027,5.2,0.00199,17.1,0.95
240,4,30.75,22.71,0.054,5.9,0.0021,21.6,0.02
240,5,30.75,23.34,0.098,7.9,0.00197,16.8,0.52
240,6,30.75,20.95,-0.092,7.6,0.00268,22.6,0.22
240,7,30.75,19.29,-0.26,23.9,0.00236,16.1,0.69
240,8,30.75,22.11,-0.009,5.0,0.00193,19.3,0.46
241,1,29.85,22.0,-0.027,5.2,0.0015,21.8,0.03
241,2,29.85,22.45,0.038,5.5,0.00231,22.0,0.27
241,3,29.85,22.21,0.093,7.7,0.00133,21.2,0.37
241,4,29.85,21.79,-0.055,6.0,0.00157,18.9,0.44
241,5,29.85,22.06,0.043,5.6,0.00173,23.9,0.72
241,6,29.85,22.43,0.036,5.4,0.00155,18.2,0.88
241,7,29.85,23.21,0.078,6.9,0.00232,23.2,0.0
241,8,29.85,21.75,0.02,5.1,0.00152,17.3,0.72
242,1,31.52,22.62,0.061,6.2,0.00177,18.8,0.73
242,2,31.52,19.52,-0.249,22.6,0.00174,17.3,0.39
242,3,31.52,22.41,0.046,5.7,0.00198,23.1,0.46
242,4,31.52,18.84,-0.298,29.2,0.0019,22.5,0.83
242,5,31.52,19.07,-0.28,26.6,0.00255,16.4,0.69
242,6,31.52,22.23,0.036,5.4,0.00185,17.5,0.17
242,7,31.52,20.71,-0.152,12.0,0.00211,17.4,0.02
242,8,31.52,21.13,-0.064,6.3,0.00201,21.1,0.09
243,1,29.81,20.65,-0.176,14.2,0.00185,20.7,0.78
243,2,29.81,21.47,-0.073,6.7,0.00181,17.1,0.18
243,3,29.81,20.85,-0.111,8.8,0.00273,17.3,0.35
243,4,29.81,22.82,0.067,6.4,0.00265,20.9,0.95
243,5,29.81,22.19,0.03,5.3,0.00166,22.6,0.31
243,6,29.81,21.25,-0.059,6.1,0.00255,21.7,0.7
243,7,29.81,21.56,-0.04,5.5,0.00277,20.3,0.06
243,8,29.81,21.23,-0.13,10.1,0.00139,17.9,0.18
244,1,30.35,21.33,-0.066,6.3,0.00163,20.2,0.12
244,2,30.35,20.5,-0.141,11.0,0.00234,22.0,0.96
244,3,30.35,21.2,-0.15,11.8,0.00271,17.5,0.75
244,4,30.35,23.2,0.102,8.2,0.0017,20.8,0.51
244,5,30.35,21.84,-0.024,5.2,0.00258,19.8,0.78
244,6,30.35,21.98,0.009,5.0,0.00215,18.2,0.76
244,7,30.35,19.71,-0.299,29.3,0.00274,18.2,0.3
244,8,30.35,21.21,-0.096,7.8,0.00267,18.1,0.4
245,1,30.85,22.8,0.096,7.8,0.0027,21.2,0.79
245,2,30.85,22.02,0.021,5.1,0.00155,19.7,0.66
245,3,30.85,21.62,-0.025,5.2,0.00141,18.1,0.5
245,4,30.85,21.94,-0.012,5.0,0.00161,17.7,0.86
245,5,30.85,21.47,-0.09,7.5,0.00216,19.6,0.38
245,6,30.85,22.75,0.042,5.6,0.00172,20.8,0.45
245,7,30.85,21.08,-0.041,5.5,0.0015,22.1,0.95
245,8,30.85,21.53,0.003,5.0,0.00243,21.4,0.83
246,1,32.16,18.24,-0.354,37.2,0.00193,22.3,0.86
246,2,32.16,19.96,-0.154,12.2,0.00205,20.3,0.17
246,3,32.16,20.58,-0.177,14.3,0.00224,21.8,0.72
246,4,32.16,20.34,-0.117,9.2,0.00183,23.9,0.89
246,5,32.16,24.56,0.282,27.0,0.00168,19.3,0.15
246,6,32.16,20.22,-0.179,14.5,0.00217,20.1,0.53
246,7,32.16,20.74,-0.135,10.5,0.00146,19.6,0.35
246,8,32.16,20.47,-0.134,10.5,0.00239,23.4,0.23
247,1,30.17,21.71,-0.004,5.0,0.00241,21.7,0.86
247,2,30.17,21.89,-0.022,5.1,0.0023,18.6,0.21
247,3,30.17,22.37,0.026,5.2,0.00134,18.5,0.19
247,4,30.17,20.7,-0.182,14.8,0.00203,19.1,0.37
247,5,30.17,19.51,-0.251,22.8,0.00251,19.7,0.06
247,6,30.17,21.6,-0.069,6.5,0.0016,20.8,0.87
247,7,30.17,20.4,-0.173,13.9,0.00148,21.2,0.09
247,8,30.17,23.16,0.082,7.1,0.00143,20.5,0.31
248,1,31.31,21.51,-0.04,5.5,0.00254,22.1,0.27
248,2,31.31,21.69,-0.016,5.1,0.00267,17.6,0.61
248,3,31.31,22.2,0.013,5.1,0.00255,18.7,0.74
248,4,31.31,20.87,-0.187,15.4,0.0024,19.3,0.35
248,5,31.31,22.72,0.07,6.5,0.00219,22.7,0.26
248,6,31.31,21.6,-0.013,5.1,0.00134,20.5,0.21
248,7,31.31,21.08,-0.134,10.5,0.00143,21.7,0.86
248,8,31.31,20.4,-0.147,11.5,0.00213,18.1,0.59
249,1,30.28,19.97,-0.186,15.2,0.00211,16.9,0.64
249,2,30.28,20.49,-0.148,11.6,0.00221,17.4,0.61
249,3,30.28,19.47,-0.25,22.7,0.00159,23.0,0.67
249,4,30.28,22.5,0.129,10.1,0.0025,22.5,0.05
249,5,30.28,23.09,0.091,7.6,0.00208,16.6,0.96
249,6,30.28,21.17,-0.089,7.4,0.00147,18.8,0.98
249,7,30.28,20.2,-0.164,13.0,0.00272,16.8,0.01
249,8,30.28,22.57,0.089,7.4,0.00148,20.5,0.89
250,1,30.57,21.8,-0.092,7.6,0.00144,17.7,0.04
250,2,30.57,24.64,0.258,23.8,0.0014,23.8,0.19
250,3,30.57,21.53,0.001,5.0,0.00159,16.7,0.23
250,4,30.57,21.28,-0.135,10.6,0.00234,19.9,0.57
250,5,30.57,20.63,-0.142,11.1,0.00217,22.8,0.89
250,6,30.57,22.26,0.057,6.0,0.00205,17.7,0.99
250,7,30.57,20.9,-0.112,8.9,0.00238,17.0,0.48
250,8,30.57,21.72,-0.064,6.3,0.00227,16.3,0.15
251,1,27.59,19.85,-0.212,18.1,0.00269,20.0,0.19
251,2,27.59,19.96,-0.182,14.9,0.0014,22.2,0.05
251,3,27.59,20.38,-0.099,8.0,0.00259,18.5,0.93
251,4,27.59,21.31,-0.069,6.5,0.00185,16.2,0.45
251,5,27.59,20.54,-0.109,8.6,0.00196,18.5,0.25
251,6,27.59,21.74,-0.04,5.5,0.00199,24.0,0.3
251,7,27.59,22.02,0.008,5.0,0.00188,17.6,0.33
251,8,27.59,23.58,0.187,15.3,0.00178,20.8,0.32
252,1,28.49,21.9,-0.003,5.0,0.00174,19.6,0.15
252,2,28.49,23.3,0.133,10.4,0.00202,21.5,0.99
252,3,28.49,22.68,0.123,9.6,0.00276,16.5,0.54
252,4,28.49,19.99,-0.171,13.8,0.00143,21.8,0.9
252,5,28.49,21.15,-0.091,7.6,0.0018,20.9,0.38
252,6,28.49,20.99,-0.114,9.0,0.00223,23.1,0.17
252,7,28.49,21.14,-0.083,7.1,0.00251,22.4,0.83
252,8,28.49,21.61,-0.039,5.5,0.00175,20.1,0.87
253,1,28.26,22.75,0.063,6.2,0.00255,23.1,0.59
253,2,28.26,22.51,0.059,6.1,0.00256,16.1,0.21
253,3,28.26,22.98,0.093,7.7,0.00142,22.9,0.77
253,4,28.26,21.2,-0.085,7.3,0.00237,22.2,0.74
253,5,28.26,21.25,-0.077,6.8,0.0013,20.0,0.48
253,6,28.26,20.25,-0.159,12.6,0.00275,20.5,0.41
253,7,28.26,22.16,0.072,6.6,0.00236,23.2,0.82
253,8,28.26,22.24,0.028,5.2,0.00247,18.7,0.25
254,1,27.85,19.09,-0.312,31.1,0.00132,23.9,0.29
254,2,27.85,21.2,-0.089,7.4,0.00212,18.5,0.29
254,3,27.85,23.34,0.134,10.5,0.00194,20.4,0.25
254,4,27.85,20.76,-0.099,8.0,0.00166,21.9,0.85
254,5,27.85,22.05,0.014,5.1,0.00169,22.7,0.66
254,6,27.85,19.44,-0.255,23.3,0.00266,18.3,0.94
254,7,27.85,21.68,-0.028,5.2,0.00199,23.7,0.42
254,8,27.85,20.82,-0.077,6.8,0.00155,18.3,0.16
255,1,28.54,22.04,0.008,5.0,0.00193,21.2,0.44
255,2,28.54,22.49,0.082,7.1,0.00239,16.2,0.35
255,3,28.54,18.98,-0.305,30.1,0.00138,18.7,0.11
255,4,28.54,20.66,-0.169,13.5,0.00144,22.1,0.6
255,5,28.54,23.1,0.106,8.5,0.00128,23.6,0.17
255,6,28.54,23.7,0.19,15.7,0.00242,16.1,0.01
255,7,28.54,21.33,-0.07,6.5,0.00177,19.8,0.06
255,8,28.54,21.1,-0.058,6.1,0.00159,23.6,0.61
256,1,26.39,20.86,-0.097,7.9,0.00234,23.3,0.22
256,2,26.39,19.84,-0.216,18.5,0.00192,20.1,0.94
256,3,26.39,22.67,-0.021,5.1,0.00127,17.9,0.82
256,4,26.39,20.77,-0.077,6.8,0.00175,22.7,0.18
256,5,26.39,20.64,-0.12,9.4,0.00265,20.4,1.0
256,6,26.39,21.52,-0.075,6.7,0.00196,22.6,0.97
256,7,26.39,20.61,-0.18,14.6,0.0025,19.3,0.1
256,8,26.39,21.56,-0.012,5.0,0.00238,17.5,0.85
257,1,27.28,21.92,0.004,5.0,0.00164,21.1,0.91
257,2,27.28,23.28,0.059,6.1,0.00273,21.5,0.15
257,3,27.28,22.01,0.019,5.1,0.00137,18.0,0.03
257,4,27.28,20.7,-0.127,9.9,0.00162,19.3,0.82
257,5,27.28,21.12,-0.099,8.0,0.0021,23.0,0.76
257,6,27.28,21.29,-0.058,6.0,0.0014,23.4,0.35
257,7,27.28,21.84,0.012,5.0,0.00233,19.2,0.05
257,8,27.28,22.67,0.092,7.6,0.00238,16.0,0.82
258,1,26.61,23.34,0.121,9.5,0.00192,17.1,0.21
258,2,26.61,20.53,-0.194,16.1,0.00225,23.3,0.63
258,3,26.61,22.82,0.076,6.8,0.00154,24.0,0.38
258,4,26.61,20.35,-0.181,14.8,0.00158,23.8,0.71
258,5,26.61,20.16,-0.166,13.2,0.00127,20.7,0.39
258,6,26.61,21.17,-0.109,8.6,0.00199,19.6,0.66
258,7,26.61,22.15,0.059,6.1,0.00216,23.4,0.03
258,8,26.61,21.11,-0.062,6.2,0.00212,22.2,0.96
259,1,26.74,21.86,-0.011,5.0,0.00185,21.6,0.54
259,2,26.74,20.56,-0.167,13.4,0.00225,22.4,0.47
259,3,26.74,21.52,-0.04,5.5,0.00202,23.9,0.18
259,4,26.74,21.79,-0.007,5.0,0.00127,20.7,0.63
259,5,26.74,18.48,-0.407,45.1,0.00212,22.1,0.29
259,6,26.74,20.79,-0.104,8.3,0.00256,21.0,0.23
259,7,26.74,22.61,0.076,6.8,0.00257,18.0,0.03
259,8,26.74,22.27,0.076,6.8,0.00172,21.0,0.72
260,1,28.28,22.73,0.02,5.1,0.00247,19.2,0.55
260,2,28.28,21.67,-0.012,5.0,0.00222,19.0,0.6
260,3,28.28,20.92,-0.106,8.4,0.00228,22.0,0.53
260,4,28.28,19.84,-0.203,17.1,0.00263,20.8,0.5
260,5,28.28,21.72,-0.057,6.0,0.00139,20.9,0.86
260,6,28.28,21.7,-0.01,5.0,0.00147,17.6,0.44
260,7,28.28,22.51,0.111,8.8,0.00177,17.5,0.57
260,8,28.28,23.3,0.16,12.7,0.00278,22.6,0.17
261,1,27.93,20.75,-0.13,10.2,0.0024,21.4,0.58
261,2,27.93,22.36,0.016,5.1,0.00245,20.6,0.45
261,3,27.93,24.25,0.322,32.5,0.00148,18.7,0.56
261,4,27.93,19.91,-0.24,21.5,0.00135,17.0,0.29
261,5,27.93,21.37,-0.074,6.7,0.00266,19.9,0.05
261,6,27.93,20.96,-0.093,7.7,0.00226,18.6,0.35
261,7,27.93,21.9,0.057,6.0,0.00167,22.1,0.53
261,8,27.93,22.33,0.03,5.3,0.00133,17.2,0.12
262,1,28.38,23.01,0.17,13.7,0.00249,19.3,0.43
262,2,28.38,23.19,0.119,9.4,0.00147,20.4,0.49
262,3,28.38,22.44,0.004,5.0,0.0021,22.2,0.76
262,4,28.38,21.91,-0.022,5.2,0.00267,18.5,0.98
262,5,28.38,22.05,-0.008,5.0,0.00181,16.1,0.83
262,6,28.38,23.41,0.106,8.5,0.00166,17.8,0.65
262,7,28.38,22.63,0.045,5.6,0.00206,21.3,0.99
262,8,28.38,21.8,0.006,5.0,0.0018,20.9,0.86
263,1,28.34,21.75,-0.013,5.0,0.0025,23.6,0.6
263,2,28.34,21.01,-0.081,7.0,0.00247,22.1,0.9
263,3,28.34,22.21,-0.04,5.5,0.00237,16.2,0.8
263,4,28.34,18.72,-0.369,39.3,0.00163,22.8,0.72
263,5,28.34,20.46,-0.139,10.8,0.00239,22.0,0.68
263,6,28.34,22.19,0.044,5.6,0.00191,21.1,0.87
263,7,28.34,22.54,0.042,5.5,0.00215,21.3,0.41
263,8,28.34,22.11,0.004,5.0,0.00216,21.8,0.84
264,1,28.54,22.08,-0.038,5.5,0.00163,19.5,0.41
264,2,28.54,20.93,-0.138,10.8,0.00268,22.0,0.57
264,3,28.54,19.62,-0.253,23.1,0.00218,17.8,0.29
264,4,28.54,21.11,-0.061,6.1,0.00183,16.9,0.14
264,5,28.54,22.58,0.031,5.3,0.00148,20.8,0.91
264,6,28.54,23.61,0.122,9.5,0.0023,22.6,0.08
264,7,28.54,22.44,0.022,5.1,0.00157,16.0,0.26
264,8,28.54,20.21,-0.18,14.7,0.00146,18.4,0.25
265,1,29.73,20.3,-0.213,18.2,0.00237,19.5,0.03
265,2,29.73,22.62,0.09,7.5,0.00199,18.6,0.58
265,3,29.73,19.89,-0.224,19.5,0.00169,19.5,0.53
265,4,29.73,21.54,-0.071,6.6,0.00159,21.2,0.69
265,5,29.73,20.87,-0.089,7.4,0.00181,18.3,0.12
265,6,29.73,22.11,-0.005,5.0,0.00275,20.6,0.62
265,7,29.73,21.19,-0.084,7.2,0.00273,22.3,0.24
265,8,29.73,20.6,-0.129,10.0,0.00176,17.9,0.81
266,1,29.46,20.64,-0.116,9.1,0.00274,19.0,0.24
266,2,29.46,21.44,-0.098,8.0,0.00244,21.3,0.01
266,3,29.46,20.5,-0.097,7.9,0.00194,23.3,0.61
266,4,29.46,20.4,-0.166,13.2,0.00222,21.8,0.86
266,5,29.46,21.08,-0.145,11.4,0.00191,18.4,0.52
266,6,29.46,21.33,-0.11,8.7,0.00146,22.9,0.88
266,7,29.46,20.72,-0.157,12.4,0.00177,19.9,0.66
266,8,29.46,21.0,-0.115,9.1,0.00158,22.5,0.38
267,1,29.97,19.87,-0.235,20.8,0.00247,16.9,0.39
267,2,29.97,20.24,-0.196,16.3,0.00144,16.7,0.16
267,3,29.97,20.05,-0.248,22.4,0.00213,22.2,0.81
267,4,29.97,20.99,-0.121,9.5,0.00233,21.2,0.89
267,5,29.97,21.58,-0.07,6.5,0.00188,19.8,0.21
267,6,29.97,22.64,0.088,7.4,0.00171,16.6,0.6
267,7,29.97,23.09,0.117,9.2,0.00176,17.0,0.8
267,8,29.97,20.95,-0.058,6.1,0.00129,22.7,0.26
268,1,31.34,21.52,-0.102,8.2,0.00191,17.8,0.94
268,2,31.34,23.12,0.059,6.1,0.00227,18.5,0.14
268,3,31.34,22.36,0.027,5.2,0.00156,20.7,0.4
268,4,31.34,23.69,0.111,8.8,0.00189,20.9,1.0
268,5,31.34,21.72,-0.034,5.4,0.00213,19.2,0.41
268,6,31.34,20.37,-0.137,10.7,0.0014,17.1,0.31
268,7,31.34,22.51,0.062,6.2,0.00209,21.0,0.62
268,8,31.34,20.58,-0.105,8.4,0.00173,16.4,0.05
269,1,30.46,22.03,-0.045,5.6,0.00247,17.5,0.62
269,2,30.46,19.25,-0.271,25.5,0.00236,18.4,0.83
269,3,30.46,18.87,-0.305,30.1,0.00198,18.8,0.33
269,4,30.46,22.9,0.101,8.1,0.00179,21.0,0.18
269,5,30.46,21.14,-0.009,5.0,0.00145,21.7,0.4
269,6,30.46,21.04,-0.104,8.3,0.0025,23.9,0.24
269,7,30.46,22.72,0.088,7.4,0.00134,16.4,0.09
269,8,30.46,22.42,0.018,5.1,0.00243,20.8,0.35
270,1,32.33,20.35,-0.142,11.1,0.0025,17.7,0.92
270,2,32.33,24.11,0.236,21.0,0.00166,20.2,0.28
270,3,32.33,21.07,-0.037,5.4,0.00178,21.8,0.61
270,4,32.33,22.43,0.019,5.1,0.002,18.2,0.78
270,5,32.33,20.79,-0.082,7.1,0.00255,21.5,0.82
270,6,32.33,22.24,0.035,5.4,0.00232,21.9,0.58
270,7,32.33,21.01,-0.142,11.2,0.00145,23.0,0.77
270,8,32.33,19.55,-0.179,14.5,0.00234,22.8,0.18
271,1,32.36,23.73,0.192,15.9,0.00145,20.4,0.12
271,2,32.36,20.29,-0.157,12.4,0.0015,18.4,0.77
271,3,32.36,21.22,-0.123,9.6,0.00212,19.0,0.72
271,4,32.36,22.43,0.049,5.7,0.00165,19.6,0.74
271,5,32.36,21.34,-0.062,6.2,0.00141,17.1,0.97
271,6,32.36,20.75,-0.119,9.3,0.00199,23.4,0.8
271,7,32.36,20.58,-0.091,7.6,0.00161,23.3,0.71
271,8,32.36,21.86,-0.045,5.6,0.00261,23.8,0.12
272,1,30.75,22.85,0.083,7.1,0.00248,22.9,0.09
272,2,30.75,20.7,-0.119,9.3,0.0016,22.9,0.74
272,3,30.75,23.88,0.209,17.7,0.00248,21.3,0.03
272,4,30.75,21.99,-0.004,5.0,0.00239,19.5,0.79
272,5,30.75,18.96,-0.298,29.1,0.00149,21.4,0.21
272,6,30.75,20.61,-0.177,14.3,0.00143,22.3,0.84
272,7,30.75,20.8,-0.149,11.7,0.00241,20.0,0.92
272,8,30.75,21.3,-0.064,6.3,0.00203,16.6,0.47
273,1,30.39,20.27,-0.132,10.3,0.00272,23.4,0.56
273,2,30.39,22.02,-0.014,5.1,0.00229,23.2,0.38
273,3,30.39,23.16,0.111,8.8,0.00203,22.6,0.51
273,4,30.39,19.6,-0.288,27.8,0.00216,21.1,0.67
273,5,30.39,21.41,-0.059,6.1,0.00227,23.6,0.89
273,6,30.39,22.26,0.001,5.0,0.00152,16.9,0.65
273,7,30.39,22.42,0.101,8.1,0.00245,16.8,0.34
273,8,30.39,20.74,-0.11,8.7,0.00156,19.4,0.8
274,1,28.35,19.82,-0.239,21.4,0.00134,20.9,0.24
274,2,28.35,20.51,-0.107,8.5,0.00215,19.2,0.55
274,3,28.35,21.88,-0.0,5.0,0.00151,19.0,0.23
274,4,28.35,21.24,-0.102,8.2,0.00225,19.9,0.11
274,5,28.35,22.49,0.096,7.8,0.00152,17.8,0.24
274,6,28.35,22.46,0.04,5.5,0.00174,23.0,0.78
274,7,28.35,20.66,-0.175,14.1,0.00175,20.9,0.51
274,8,28.35,21.62,-0.066,6.3,0.0025,20.2,0.31
275,1,28.26,20.85,-0.125,9.7,0.00263,16.7,0.18
275,2,28.26,23.83,0.171,13.7,0.00248,17.4,0.51
275,3,28.26,21.26,-0.078,6.9,0.00248,20.5,0.91
275,4,28.26,23.88,0.203,17.1,0.0023,16.7,0.29
275,5,28.26,20.57,-0.156,12.3,0.00157,18.6,0.29
275,6,28.26,21.51,-0.038,5.5,0.00154,21.9,0.82
275,7,28.26,20.72,-0.116,9.1,0.00213,20.8,0.18
275,8,28.26,22.18,0.017,5.1,0.00234,17.1,0.85
276,1,27.71,22.37,-0.016,5.1,0.00202,24.0,0.11
276,2,27.71,19.36,-0.266,24.8,0.00246,21.8,0.4
276,3,27.71,23.7,0.181,14.7,0.00156,20.6,0.43
276,4,27.71,22.61,0.029,5.3,0.00253,20.9,0.69
276,5,27.71,21.24,-0.094,7.7,0.00252,16.7,0.27
276,6,27.71,20.32,-0.12,9.4,0.00143,17.4,0.04
276,7,27.71,21.11,-0.106,8.5,0.00144,18.9,0.59
276,8,27.71,22.43,0.034,5.4,0.00136,22.0,0.12
277,1,29.2,20.47,-0.197,16.5,0.00138,20.4,0.27
277,2,29.2,21.33,-0.093,7.7,0.0021,16.4,0.28
277,3,29.2,21.65,0.01,5.0,0.0027,16.2,0.47
277,4,29.2,22.21,0.051,5.8,0.00171,17.0,0.91
277,5,29.2,21.07,-0.097,7.9,0.00157,21.0,0.2
277,6,29.2,22.25,0.04,5.5,0.00261,16.1,0.78
277,7,29.2,23.67,0.157,12.4,0.00202,23.0,0.9
277,8,29.2,21.82,-0.049,5.8,0.00228,20.8,0.34
278,1,29.02,21.89,-0.028,5.2,0.00211,17.3,0.03
278,2,29.02,22.46,0.048,5.7,0.00231,18.5,0.31
278,3,29.02,20.49,-0.118,9.3,0.00252,20.5,0.17
278,4,29.02,20.37,-0.118,9.3,0.00176,19.7,0.44
278,5,29.02,22.38,0.064,6.3,0.00259,21.0,0.08
278,6,29.02,19.1,-0.321,32.4,0.0024,16.2,0.42
278,7,29.02,21.17,-0.103,8.3,0.00141,22.2,0.32
278,8,29.02,21.73,-0.019,5.1,0.00211,19.5,0.23
279,1,26.2,20.86,-0.116,9.1,0.00195,16.9,0.72
279,2,26.2,22.51,0.083,7.1,0.00195,21.0,0.67
279,3,26.2,21.19,-0.062,6.2,0.00161,23.7,0.14
279,4,26.2,23.2,0.107,8.5,0.00199,20.0,0.33
279,5,26.2,20.54,-0.123,9.6,0.0017,17.5,0.15
279,6,26.2,22.44,0.014,5.1,0.0026,20.5,0.33
279,7,26.2,19.84,-0.203,17.1,0.00256,21.5,0.13
279,8,26.2,19.4,-0.31,30.9,0.00182,16.5,0.47
280,1,27.91,19.8,-0.206,17.4,0.00146,23.4,0.65
280,2,27.91,22.44,-0.0,5.0,0.00225,20.4,0.4
280,3,27.91,21.79,-0.07,6.5,0.00217,18.8,0.23
280,4,27.91,21.63,-0.041,5.5,0.0023,22.7,0.97
280,5,27.91,23.05,0.111,8.8,0.00143,22.3,0.34
280,6,27.91,20.38,-0.114,9.0,0.00199,17.7,0.04
280,7,27.91,20.96,-0.069,6.5,0.00252,18.6,0.86
280,8,27.91,21.63,0.025,5.2,0.00136,20.5,0.78
281,1,27.65,23.26,0.092,7.6,0.00227,16.3,0.8
281,2,27.65,21.94,-0.023,5.2,0.00196,24.0,0.32
281,3,27.65,20.35,-0.139,10.9,0.0019,22.7,0.02
281,4,27.65,25.27,0.358,37.8,0.00128,22.1,0.52
281,5,27.65,23.68,0.215,18.4,0.00205,21.1,0.73
281,6,27.65,21.04,-0.118,9.3,0.00143,17.5,0.24
281,7,27.65,23.04,0.122,9.5,0.00256,20.9,0.41
281,8,27.65,20.43,-0.192,15.9,0.00176,16.0,0.15
282,1,26.86,22.66,0.113,8.9,0.00218,22.8,0.73
282,2,26.86,21.57,0.036,5.4,0.00129,23.1,0.14
282,3,26.86,19.68,-0.184,15.1,0.00246,23.4,0.77
282,4,26.86,20.14,-0.153,12.1,0.0026,20.5,0.38
282,5,26.86,21.05,-0.102,8.2,0.0014,21.3,0.62
282,6,26.86,20.78,-0.143,11.2,0.00263,18.5,0.86
282,7,26.86,20.97,-0.114,9.0,0.0015,20.3,0.48
282,8,26.86,20.72,-0.151,11.9,0.00272,20.2,0.37
283,1,27.76,20.9,-0.096,7.9,0.00131,17.7,0.42
283,2,27.76,21.45,-0.021,5.1,0.00171,19.8,0.86
283,3,27.76,21.84,-0.062,6.2,0.00225,17.1,0.51
283,4,27.76,19.37,-0.242,21.7,0.00194,21.7,0.01
283,5,27.76,17.88,-0.402,44.3,0.0017,23.0,0.5
283,6,27.76,21.27,-0.077,6.8,0.00139,18.1,0.19
283,7,27.76,22.07,-0.012,5.0,0.00228,22.3,0.85
283,8,27.76,22.72,0.084,7.2,0.00196,17.7,0.01
284,1,26.86,21.41,-0.09,7.5,0.00237,17.4,0.81
284,2,26.86,21.99,0.006,5.0,0.0025,19.7,0.87
284,3,26.86,20.24,-0.148,11.6,0.00268,16.6,0.58
284,4,26.86,23.19,0.128,10.0,0.00147,23.7,0.51
284,5,26.86,22.53,0.077,6.8,0.0013,22.8,0.99
284,6,26.86,22.18,0.057,6.0,0.00275,16.7,0.95
284,7,26.86,20.6,-0.105,8.4,0.00273,23.2,0.26
284,8,26.86,22.42,-0.016,5.1,0.00273,22.9,0.98
285,1,28.3,23.84,0.25,22.7,0.0017,19.9,0.6
285,2,28.3,22.33,0.052,5.8,0.0024,19.1,0.41
285,3,28.3,21.49,-0.038,5.5,0.0016,23.7,0.01
285,4,28.3,22.56,0.084,7.2,0.00251,16.7,0.58
285,5,28.3,21.33,-0.039,5.5,0.00194,18.0,0.67
285,6,28.3,21.28,-0.048,5.7,0.0027,20.4,0.97
285,7,28.3,23.27,0.091,7.5,0.00197,17.8,0.54
285,8,28.3,20.54,-0.117,9.2,0.00204,21.2,0.67
286,1,27.02,23.98,0.197,16.5,0.00246,16.5,0.26
286,2,27.02,21.44,-0.074,6.7,0.00184,19.6,0.9
286,3,27.02,20.1,-0.215,18.5,0.0021,17.5,0.77
286,4,27.02,23.06,0.12,9.4,0.00163,17.2,0.66
286,5,27.02,23.74,0.205,17.2,0.00245,18.1,0.66
286,6,27.02,21.0,-0.134,10.5,0.00224,21.9,0.93
286,7,27.02,21.74,-0.028,5.2,0.00266,19.1,0.41
286,8,27.02,20.46,-0.133,10.4,0.00228,16.5,0.56
287,1,28.77,20.07,-0.23,20.2,0.00131,23.2,0.42
287,2,28.77,20.53,-0.177,14.3,0.00197,20.9,0.17
287,3,28.77,22.27,0.031,5.3,0.00233,23.6,0.72
287,4,28.77,22.95,0.082,7.1,0.00245,23.9,0.01
287,5,28.77,19.51,-0.249,22.6,0.00238,19.5,0.72
287,6,28.77,19.91,-0.217,18.7,0.00274,16.7,0.7
287,7,28.77,21.64,-0.045,5.6,0.00148,22.8,0.51
287,8,28.77,19.33,-0.28,26.7,0.00255,23.0,0.96
288,1,27.63,21.13,-0.127,9.9,0.00274,20.2,0.49
288,2,27.63,20.48,-0.078,6.9,0.00221,19.6,0.01
288,3,27.63,22.11,-0.048,5.7,0.00167,22.6,0.95
288,4,27.63,21.49,-0.024,5.2,0.00249,18.7,0.13
288,5,27.63,21.94,0.068,6.4,0.00233,21.0,0.3
288,6,27.63,19.58,-0.193,16.0,0.00247,20.9,0.35
288,7,27.63,22.39,0.04,5.5,0.00132,19.4,0.18
288,8,27.63,22.97,0.168,13.5,0.00155,18.2,0.16
289,1,27.84,21.08,-0.076,6.8,0.00183,21.4,0.69
289,2,27.84,23.44,0.14,11.0,0.00183,16.2,0.8
289,3,27.84,23.22,0.105,8.4,0.00255,18.6,0.63
289,4,27.84,21.41,-0.073,6.6,0.00138,18.7,0.36
289,5,27.84,19.4,-0.323,32.6,0.00151,22.4,0.98
289,6,27.84,21.59,0.002,5.0,0.00266,20.6,0.24
289,7,27.84,21.23,-0.101,8.1,0.00226,22.5,0.53
289,8,27.84,21.77,0.019,5.1,0.00129,17.9,0.54
290,1,28.7,21.37,-0.079,6.9,0.00187,18.4,0.24
290,2,28.7,22.37,0.05,5.8,0.00214,20.1,0.64
290,3,28.7,21.04,-0.086,7.3,0.00219,23.8,0.63
290,4,28.7,21.35,-0.08,7.0,0.00247,19.9,0.97
290,5,28.7,19.92,-0.138,10.8,0.00221,18.0,0.13
290,6,28.7,20.84,-0.114,9.0,0.0026,19.6,0.25
290,7,28.7,23.5,0.146,11.4,0.00172,23.4,0.25
290,8,28.7,21.59,-0.032,5.3,0.0024,21.1,0.58
291,1,30.94,20.44,-0.151,11.9,0.00204,23.8,0.19
291,2,30.94,20.03,-0.205,17.3,0.00274,21.3,0.75
291,3,30.94,20.82,-0.151,11.9,0.00152,20.0,0.3
291,4,30.94,21.09,-0.096,7.8,0.0025,17.6,0.8
291,5,30.94,22.99,0.053,5.9,0.00203,23.0,0.68
291,6,30.94,22.16,-0.013,5.1,0.00128,18.4,0.08
291,7,30.94,20.57,-0.092,7.6,0.0014,16.9,0.05
291,8,30.94,21.91,-0.059,6.1,0.00223,19.8,0.28
292,1,28.86,20.3,-0.159,12.6,0.00219,20.8,0.06
292,2,28.86,21.24,-0.111,8.8,0.00158,16.9,0.16
292,3,28.86,20.53,-0.115,9.0,0.00168,17.8,0.78
292,4,28.86,19.98,-0.198,16.5,0.00182,22.3,0.45
292,5,28.86,22.53,0.068,6.4,0.00263,20.9,0.07
292,6,28.86,20.51,-0.178,14.4,0.00181,19.1,0.08
292,7,28.86,23.11,0.088,7.4,0.00196,20.7,0.87
292,8,28.86,23.87,0.179,14.6,0.00137,16.4,0.69
293,1,30.03,22.35,0.008,5.0,0.00238,16.7,0.45
293,2,30.03,22.37,0.014,5.1,0.00258,20.8,0.71
293,3,30.03,21.7,0.002,5.0,0.00183,17.4,0.74
293,4,30.03,21.84,-0.055,6.0,0.00262,23.8,0.76
293,5,30.03,22.01,-0.005,5.0,0.00197,18.3,0.81
293,6,30.03,21.62,-0.072,6.6,0.00145,22.4,0.1
293,7,30.03,19.78,-0.217,18.6,0.00197,16.1,0.11
293,8,30.03,22.87,0.065,6.3,0.00151,17.6,0.33
294,1,31.77,22.48,0.014,5.1,0.00255,17.7,0.1
294,2,31.77,21.05,-0.066,6.4,0.0021,20.0,0.95
294,3,31.77,22.41,-0.004,5.0,0.00268,22.9,0.5
294,4,31.77,23.44,0.148,11.6,0.0017,16.4,0.48
294,5,31.77,21.07,-0.109,8.7,0.00177,16.8,0.33
294,6,31.77,20.72,-0.129,10.0,0.00143,18.1,0.54
294,7,31.77,21.92,-0.048,5.7,0.00166,22.9,0.14
294,8,31.77,20.74,-0.084,7.2,0.00199,23.7,0.75
295,1,32.15,21.31,-0.063,6.2,0.00228,23.9,0.16
295,2,32.15,21.3,-0.025,5.2,0.00271,22.2,0.08
295,3,32.15,22.1,0.053,5.9,0.00242,22.4,0.91
295,4,32.15,21.28,-0.1,8.1,0.00141,16.9,0.08
295,5,32.15,21.78,-0.012,5.0,0.00165,20.6,0.62
295,6,32.15,20.78,-0.147,11.6,0.00212,23.1,0.02
295,7,32.15,21.2,-0.107,8.5,0.00216,16.4,0.27
295,8,32.15,18.64,-0.302,29.7,0.00128,18.9,0.19
296,1,29.2,21.66,-0.013,5.1,0.00258,22.9,0.91
296,2,29.2,21.54,-0.062,6.2,0.00227,21.3,0.58
296,3,29.2,21.55,-0.085,7.2,0.00254,19.2,0.68
296,4,29.2,21.05,-0.062,6.2,0.00225,22.6,0.36
296,5,29.2,22.18,0.023,5.2,0.00265,22.0,0.9
296,6,29.2,21.81,-0.041,5.5,0.00185,21.5,0.19
296,7,29.2,20.83,-0.112,8.9,0.00254,18.1,0.6
296,8,29.2,21.19,-0.062,6.2,0.00226,23.7,0.47
297,1,30.24,19.64,-0.207,17.5,0.00181,18.7,0.58
297,2,30.24,18.78,-0.291,28.1,0.00199,17.0,0.15
297,3,30.24,20.55,-0.115,9.1,0.00235,17.8,0.02
297,4,30.24,22.22,0.03,5.3,0.00247,22.3,0.51
297,5,30.24,21.64,-0.068,6.4,0.0024,18.3,0.35
297,6,30.24,22.04,0.007,5.0,0.00264,21.2,0.9
297,7,30.24,21.13,-0.074,6.7,0.00239,21.1,0.36
297,8,30.24,23.34,0.156,12.3,0.00173,20.5,0.27
298,1,29.46,20.36,-0.187,15.4,0.00188,19.7,0.68
298,2,29.46,20.73,-0.146,11.5,0.00254,19.8,0.32
298,3,29.46,18.47,-0.301,29.6,0.00221,17.0,0.56
298,4,29.46,22.57,0.069,6.5,0.00257,22.1,0.75
298,5,29.46,22.66,0.023,5.2,0.00129,19.1,0.78
298,6,29.46,19.06,-0.247,22.3,0.00134,18.5,0.19
298,7,29.46,19.06,-0.34,35.1,0.00212,18.0,0.9
298,8,29.46,21.42,-0.072,6.6,0.00175,20.2,0.39
299,1,31.08,20.72,-0.09,7.5,0.00249,22.9,0.37
299,2,31.08,21.14,-0.086,7.3,0.00166,16.2,0.38
299,3,31.08,19.96,-0.19,15.6,0.00217,18.0,0.78
299,4,31.08,19.91,-0.161,12.8,0.00132,23.4,0.45
299,5,31.08,20.5,-0.168,13.5,0.00151,16.5,0.81
299,6,31.08,22.87,0.097,7.9,0.0024,16.7,0.08
299,7,31.08,24.65,0.234,20.7,0.0016,20.5,0.07
299,8,31.08,20.19,-0.198,16.6,0.00147,22.9,0.24
300,1,30.49,21.64,-0.064,6.3,0.00131,16.1,0.55
300,2,30.49,21.04,-0.122,9.5,0.00263,20.7,0.45
300,3,30.49,22.66,0.02,5.1,0.00201,16.8,0.03
300,4,30.49,22.87,0.049,5.8,0.00246,22.8,0.48
300,5,30.49,21.16,-0.082,7.1,0.0025,17.7,1.0
300,6,30.49,21.75,-0.028,5.3,0.00203,23.4,0.18
300,7,30.49,21.73,-0.061,6.2,0.0024,22.8,0.18
300,8,30.49,22.0,0.049,5.7,0.00186,22.7,0.5
301,1,29.52,18.55,-0.349,36.5,0.00197,18.7,0.97
301,2,29.52,23.54,0.149,11.7,0.0016,20.4,0.02
301,3,29.52,22.52,0.083,7.1,0.00184,19.0,0.47
301,4,29.52,18.79,-0.337,34.6,0.00262,22.0,0.4
301,5,29.52,21.01,-0.068,6.4,0.00156,19.2,0.28
301,6,29.52,21.7,-0.004,5.0,0.00276,17.9,0.93
301,7,29.52,22.48,0.046,5.7,0.00231,19.4,0.67
301,8,29.52,20.27,-0.165,13.2,0.0027,23.8,0.54
302,1,28.07,21.36,-0.082,7.1,0.00208,23.2,0.48
302,2,28.07,21.94,-0.052,5.8,0.00149,17.3,0.06
302,3,28.07,21.39,-0.091,7.6,0.00229,21.0,0.2
302,4,28.07,22.86,0.11,8.7,0.00236,22.9,0.32
302,5,28.07,22.3,0.028,5.2,0.00222,16.0,0.07
302,6,28.07,22.58,0.077,6.8,0.00203,22.0,0.33
302,7,28.07,20.28,-0.155,12.2,0.0025,19.7,0.35
302,8,28.07,22.6,0.054,5.9,0.00231,17.1,0.98
303,1,27.23,21.44,-0.06,6.1,0.00194,22.7,0.3
303,2,27.23,21.48,-0.058,6.1,0.00267,16.7,0.88
303,3,27.23,23.19,0.101,8.2,0.00243,19.5,0.97
303,4,27.23,22.63,0.062,6.2,0.0027,21.5,0.37
303,5,27.23,20.42,-0.166,13.2,0.00184,17.7,0.0
303,6,27.23,23.19,0.129,10.1,0.0025,23.8,0.44
303,7,27.23,23.26,0.123,9.6,0.00136,22.5,0.14
303,8,27.23,21.17,-0.083,7.2,0.00129,21.7,0.43
304,1,26.94,24.45,0.25,22.7,0.00212,21.8,0.3
304,2,26.94,20.94,-0.088,7.4,0.00228,17.1,0.76
304,3,26.94,22.72,0.08,7.0,0.00251,19.2,0.0
304,4,26.94,21.5,-0.017,5.1,0.0018,21.4,0.82
304,5,26.94,23.21,0.099,8.0,0.00176,19.7,0.4
304,6,26.94,22.18,0.007,5.0,0.0013,17.5,0.04
304,7,26.94,21.77,-0.069,6.5,0.00152,18.7,0.39
304,8,26.94,22.87,0.054,5.9,0.00182,22.6,0.4
305,1,27.3,20.08,-0.143,11.2,0.00211,19.6,0.07
305,2,27.3,20.91,-0.152,11.9,0.00187,20.5,0.87
305,3,27.3,20.6,-0.173,13.9,0.00196,20.4,0.74
305,4,27.3,20.3,-0.232,20.5,0.00192,21.1,0.87
305,5,27.3,20.88,-0.149,11.7,0.00207,20.1,0.3
305,6,27.3,21.83,-0.07,6.5,0.00148,16.9,0.07
305,7,27.3,21.34,-0.027,5.2,0.00135,21.6,0.18
305,8,27.3,20.36,-0.144,11.3,0.00247,17.1,0.36
306,1,27.4,22.22,0.06,6.1,0.00216,19.7,0.07
306,2,27.4,20.8,-0.115,9.0,0.00183,20.4,0.71
306,3,27.4,21.84,-0.054,5.9,0.00161,18.3,0.45
306,4,27.4,21.62,-0.05,5.8,0.00252,17.2,0.13
306,5,27.4,20.2,-0.16,12.7,0.00137,17.1,0.47
306,6,27.4,21.38,-0.102,8.2,0.00154,18.4,0.0
306,7,27.4,19.05,-0.301,29.6,0.00161,18.8,0.97
306,8,27.4,20.84,-0.072,6.6,0.00206,17.0,0.56
307,1,25.6,21.59,-0.05,5.8,0.00184,16.1,0.9
307,2,25.6,21.35,-0.073,6.7,0.00192,23.1,0.84
307,3,25.6,20.33,-0.225,19.6,0.00276,18.3,0.44
307,4,25.6,21.05,-0.025,5.2,0.00137,20.1,0.58
307,5,25.6,23.31,0.146,11.5,0.0013,18.2,0.38
307,6,25.6,22.82,0.09,7.5,0.00173,16.9,0.47
307,7,25.6,21.81,-0.035,5.4,0.00127,20.8,0.97
307,8,25.6,22.0,0.058,6.1,0.0023,17.2,0.54
308,1,27.31,21.31,-0.086,7.3,0.0013,22.0,0.83
308,2,27.31,22.62,0.068,6.4,0.00263,22.6,0.71
308,3,27.31,21.45,-0.05,5.8,0.00147,21.6,0.22
308,4,27.31,22.53,0.057,6.0,0.00182,23.2,0.68
308,5,27.31,21.32,-0.095,7.8,0.00134,17.7,0.82
308,6,27.31,21.41,-0.04,5.5,0.00147,19.0,0.87
308,7,27.31,18.42,-0.336,34.5,0.00139,20.5,0.46
308,8,27.31,23.39,0.136,10.7,0.00254,23.8,0.14
309,1,27.29,21.71,-0.034,5.4,0.00155,16.8,0.48
309,2,27.29,22.42,0.099,8.0,0.0016,20.6,0.04
309,3,27.29,23.36,0.152,12.0,0.00269,17.5,0.11
309,4,27.29,22.18,0.002,5.0,0.00217,17.0,0.91
309,5,27.29,22.27,0.043,5.6,0.00168,19.7,0.8
309,6,27.29,23.27,0.12,9.4,0.00156,18.2,0.52
309,7,27.29,22.29,-0.004,5.0,0.00243,18.7,0.48
309,8,27.29,21.11,-0.081,7.0,0.00198,20.5,0.18
310,1,29.59,22.98,0.104,8.3,0.00169,18.2,0.79
310,2,29.59,20.81,-0.133,10.4,0.00214,16.8,0.81
310,3,29.59,21.24,-0.067,6.4,0.00212,18.5,0.47
310,4,29.59,18.51,-0.384,41.6,0.00257,22.5,0.87
310,5,29.59,21.71,-0.058,6.1,0.00216,22.7,0.91
310,6,29.59,23.51,0.165,13.1,0.00137,21.9,0.43
310,7,29.59,21.04,-0.106,8.5,0.00235,19.7,0.85
310,8,29.59,21.41,-0.038,5.4,0.00236,23.6,0.31
311,1,27.9,19.07,-0.327,33.2,0.00206,22.5,0.35
311,2,27.9,20.07,-0.225,19.6,0.00151,21.4,0.93
311,3,27.9,22.19,0.002,5.0,0.00197,19.8,0.05
311,4,27.9,20.63,-0.151,11.9,0.00232,19.5,0.27
311,5,27.9,22.91,0.124,9.7,0.00157,17.0,0.69
311,6,27.9,23.52,0.13,10.1,0.0026,18.5,0.43
311,7,27.9,23.38,0.116,9.1,0.0026,20.3,0.73
311,8,27.9,21.78,-0.036,5.4,0.00164,22.8,0.64
312,1,28.81,20.87,-0.136,10.6,0.00198,17.2,0.09
312,2,28.81,21.94,0.015,5.1,0.0015,23.3,0.9
312,3,28.81,21.94,-0.024,5.2,0.00136,18.0,0.56
312,4,28.81,20.47,-0.126,9.8,0.00191,21.0,0.61
312,5,28.81,20.34,-0.171,13.7,0.00174,20.5,0.71
312,6,28.81,22.42,0.068,6.4,0.00209,21.9,0.58
312,7,28.81,22.4,0.029,5.3,0.00202,22.6,0.91
312,8,28.81,20.09,-0.259,23.9,0.00208,16.6,0.47
313,1,29.67,22.12,0.037,5.4,0.0015,18.2,0.73
313,2,29.67,21.8,-0.048,5.7,0.00156,20.4,0.9
313,3,29.67,21.72,-0.04,5.5,0.00247,21.8,0.72
313,4,29.67,22.38,0.045,5.6,0.00172,21.0,0.6
313,5,29.67,21.39,-0.031,5.3,0.00185,17.9,0.05
313,6,29.67,22.09,0.038,5.5,0.00213,18.7,0.75
313,7,29.67,22.06,0.032,5.3,0.00265,17.6,0.79
313,8,29.67,21.06,-0.107,8.5,0.00144,22.3,0.81
314,1,29.84,20.81,-0.077,6.8,0.00224,22.3,0.1
314,2,29.84,22.58,0.058,6.1,0.00216,21.9,0.52
314,3,29.84,21.16,-0.116,9.1,0.00194,22.0,0.33
314,4,29.84,23.34,0.145,11.4,0.00203,20.5,0.81
314,5,29.84,20.26,-0.197,16.4,0.00259,17.9,0.15
314,6,29.84,21.65,0.015,5.1,0.00142,22.4,0.89
314,7,29.84,22.27,0.042,5.6,0.00256,23.0,0.71
314,8,29.84,23.37,0.132,10.3,0.002,22.2,0.28
315,1,30.88,23.66,0.155,12.2,0.00144,17.9,0.68
315,2,30.88,20.12,-0.189,15.5,0.00211,23.1,0.58
315,3,30.88,21.33,-0.08,7.0,0.00153,16.3,0.28
315,4,30.88,20.5,-0.117,9.2,0.00143,16.2,0.75
315,5,30.88,22.23,-0.002,5.0,0.00201,16.4,0.74
315,6,30.88,20.43,-0.154,12.2,0.00196,22.1,0.81
315,7,30.88,22.9,0.13,10.2,0.00267,22.0,1.0
315,8,30.88,22.32,-0.055,5.9,0.0018,19.1,0.39
316,1,30.34,21.61,-0.059,6.1,0.0017,18.5,0.21
316,2,30.34,21.38,-0.122,9.6,0.0013,18.2,0.67
316,3,30.34,22.34,0.046,5.7,0.00155,20.9,0.92
316,4,30.34,21.3,-0.114,9.0,0.00141,21.7,0.59
316,5,30.34,21.49,-0.065,6.3,0.00229,18.5,0.53
316,6,30.34,20.11,-0.203,17.0,0.00134,16.5,0.25
316,7,30.34,20.99,-0.067,6.4,0.00198,18.1,0.43
316,8,30.34,19.78,-0.21,17.8,0.00149,22.8,0.86
317,1,30.43,23.75,0.156,12.4,0.00128,21.5,0.76
317,2,30.43,21.53,-0.046,5.7,0.00194,18.9,0.53
317,3,30.43,19.86,-0.221,19.2,0.00172,21.7,0.7
317,4,30.43,21.46,-0.027,5.2,0.00214,19.1,0.6
317,5,30.43,22.05,-0.001,5.0,0.00217,22.0,0.83
317,6,30.43,23.95,0.196,16.4,0.00272,21.1,0.82
317,7,30.43,21.29,-0.073,6.6,0.00134,19.3,0.64
317,8,30.43,23.52,0.162,12.9,0.00193,21.0,0.39
318,1,29.03,22.64,0.102,8.2,0.0021,17.8,0.51
318,2,29.03,21.13,-0.062,6.2,0.00137,21.5,0.39
318,3,29.03,21.5,-0.061,6.2,0.00256,16.5,0.44
318,4,29.03,20.59,-0.168,13.4,0.00268,23.4,0.21
318,5,29.03,21.17,-0.103,8.2,0.00224,20.1,0.68
318,6,29.03,22.29,0.03,5.3,0.00257,16.6,0.97
318,7,29.03,22.89,0.069,6.5,0.00188,20.3,0.59
318,8,29.03,25.24,0.298,29.2,0.00216,23.7,0.03
319,1,31.11,20.36,-0.224,19.5,0.0021,21.2,0.69
319,2,31.11,21.21,-0.037,5.4,0.00235,16.7,0.14
319,3,31.11,18.16,-0.347,36.2,0.00238,24.0,0.4
319,4,31.11,20.46,-0.182,14.9,0.0016,16.3,1.0
319,5,31.11,22.11,0.031,5.3,0.0027,19.5,0.13
319,6,31.11,21.68,0.026,5.2,0.00134,21.9,0.7
319,7,31.11,21.3,-0.06,6.1,0.00193,16.8,0.55
319,8,31.11,22.92,0.074,6.7,0.00147,22.2,0.38
320,1,31.57,20.78,-0.095,7.8,0.00236,23.4,0.58
320,2,31.57,20.86,-0.095,7.8,0.00193,23.5,0.65
320,3,31.57,22.2,0.046,5.6,0.00262,19.5,0.36
320,4,31.57,18.68,-0.347,36.2,0.00129,22.0,0.7
320,5,31.57,24.16,0.302,29.6,0.00148,18.5,0.55
320,6,31.57,21.87,0.005,5.0,0.00259,21.7,0.81
320,7,31.57,21.21,-0.074,6.7,0.00162,23.2,0.71
320,8,31.57,20.8,-0.129,10.1,0.00149,22.1,0.9
321,1,30.21,21.46,-0.016,5.1,0.00214,21.0,0.72
321,2,30.21,23.56,0.193,16.0,0.00206,21.4,0.14
321,3,30.21,20.54,-0.172,13.8,0.00225,20.1,0.72
321,4,30.21,21.58,-0.024,5.2,0.00168,17.0,0.75
321,5,30.21,21.93,-0.025,5.2,0.00186,23.1,0.44
321,6,30.21,22.84,0.127,9.9,0.00257,17.4,0.71
321,7,30.21,21.55,0.002,5.0,0.00172,19.2,0.64
321,8,30.21,20.9,-0.105,8.4,0.00201,22.6,0.42
322,1,30.27,21.01,-0.098,7.9,0.00141,18.7,0.35
322,2,30.27,20.7,-0.16,12.7,0.00148,17.2,0.79
322,3,30.27,21.7,0.006,5.0,0.00237,20.9,0.23
322,4,30.27,20.93,-0.096,7.8,0.00222,20.4,0.16
322,5,30.27,19.55,-0.268,25.1,0.00162,16.9,0.85
322,6,30.27,21.9,-0.041,5.5,0.00218,16.4,0.28
322,7,30.27,20.86,-0.062,6.2,0.00213,18.6,0.82
322,8,30.27,22.7,0.037,5.4,0.00143,21.9,0.4
323,1,30.63,20.18,-0.196,16.3,0.00248,20.0,0.33
323,2,30.63,21.96,-0.014,5.1,0.00173,20.2,0.62
323,3,30.63,20.63,-0.178,14.5,0.0017,23.2,0.4
323,4,30.63,21.21,-0.143,11.2,0.00142,20.3,0.06
323,5,30.63,19.82,-0.242,21.7,0.00271,21.8,0.55
323,6,30.63,20.75,-0.212,18.1,0.00218,16.8,0.15
323,7,30.63,21.03,-0.075,6.8,0.00173,18.8,0.41
323,8,30.63,21.03,-0.065,6.3,0.00246,19.1,0.85
324,1,29.5,20.37,-0.155,12.2,0.00191,17.3,0.03
324,2,29.5,22.17,0.002,5.0,0.00182,23.7,0.19
324,3,29.5,20.88,-0.116,9.1,0.00155,23.9,0.57
324,4,29.5,22.35,0.061,6.1,0.00146,20.3,0.54
324,5,29.5,20.84,-0.107,8.5,0.00245,21.4,0.56
324,6,29.5,21.76,-0.019,5.1,0.00272,20.9,0.53
324,7,29.5,23.99,0.247,22.3,0.00152,19.7,0.7
324,8,29.5,23.04,0.073,6.7,0.00275,20.8,0.78
325,1,28.85,20.54,-0.116,9.1,0.00214,23.8,0.04
325,2,28.85,19.73,-0.241,21.6,0.00164,19.4,0.02
325,3,28.85,19.49,-0.261,24.1,0.00199,19.8,0.92
325,4,28.85,20.72,-0.126,9.9,0.00248,22.6,0.07
325,5,28.85,21.41,-0.085,7.2,0.00239,18.6,0.7
325,6,28.85,23.28,0.086,7.3,0.00229,16.7,0.27
325,7,28.85,20.63,-0.13,10.2,0.00137,23.6,0.75
325,8,28.85,22.07,0.07,6.5,0.00209,23.9,0.64
326,1,28.53,20.53,-0.189,15.6,0.00266,23.0,0.33
326,2,28.53,23.5,0.124,9.7,0.00169,23.3,0.08
326,3,28.53,21.41,-0.025,5.2,0.00158,19.4,0.25
326,4,28.53,22.47,0.023,5.2,0.00259,18.7,0.8
326,5,28.53,19.42,-0.269,25.2,0.00272,22.9,0.58
326,6,28.53,20.96,-0.102,8.2,0.00207,17.8,0.3
326,7,28.53,21.85,-0.027,5.2,0.00215,23.2,0.59
326,8,28.53,22.68,0.029,5.3,0.00163,16.3,0.82
327,1,27.28,21.88,-0.01,5.0,0.00258,20.4,0.12
327,2,27.28,20.56,-0.169,13.5,0.0022,21.0,0.72
327,3,27.28,21.39,-0.072,6.6,0.00168,17.5,0.18
327,4,27.28,20.91,-0.089,7.5,0.00126,17.8,0.34
327,5,27.28,22.5,0.039,5.5,0.00276,16.4,0.59
327,6,27.28,22.29,0.043,5.6,0.00184,17.4,0.5
327,7,27.28,20.89,-0.139,10.9,0.00196,16.5,0.78
327,8,27.28,19.79,-0.264,24.5,0.00209,18.7,0.95
328,1,28.52,23.11,0.095,7.8,0.00218,22.3,0.83
328,2,28.52,22.32,0.081,7.1,0.00176,17.6,0.95
328,3,28.52,22.0,-0.056,6.0,0.00251,19.3,0.35
328,4,28.52,20.27,-0.192,15.8,0.00197,18.4,0.57
328,5,28.52,22.06,0.04,5.5,0.00141,23.1,0.69
328,6,28.52,22.43,0.008,5.0,0.00258,21.0,0.55
328,7,28.52,22.05,-0.059,6.1,0.00153,23.2,0.05
328,8,28.52,22.77,0.072,6.6,0.00252,21.9,0.19
329,1,27.43,20.36,-0.14,11.0,0.00133,20.8,0.83
329,2,27.43,21.47,-0.05,5.8,0.00268,23.0,0.54
329,3,27.43,22.46,0.026,5.2,0.00128,22.0,0.65
329,4,27.43,19.43,-0.245,22.1,0.00257,21.8,0.07
329,5,27.43,19.61,-0.248,22.5,0.0027,17.2,1.0
329,6,27.43,22.8,0.11,8.7,0.00161,17.8,0.38
329,7,27.43,21.8,-0.032,5.3,0.00134,16.1,0.67
329,8,27.43,19.96,-0.225,19.6,0.00218,23.3,0.63
330,1,27.68,21.29,-0.077,6.9,0.00277,18.8,0.6
330,2,27.68,21.02,-0.058,6.0,0.00151,23.3,0.73
330,3,27.68,18.06,-0.411,45.6,0.00212,22.2,0.65
330,4,27.68,20.71,-0.146,11.5,0.00266,20.4,0.63
330,5,27.68,21.9,-0.001,5.0,0.00139,22.6,0.36
330,6,27.68,22.04,0.062,6.2,0.00135,18.4,0.85
330,7,27.68,22.2,0.042,5.5,0.0021,17.3,0.57
330,8,27.68,22.39,0.101,8.2,0.00146,18.2,0.93
331,1,26.9,23.32,0.103,8.3,0.00239,16.1,0.29
331,2,26.9,20.91,-0.115,9.1,0.00266,17.3,0.98
331,3,26.9,21.73,-0.028,5.2,0.00263,22.6,0.51
331,4,26.9,21.23,-0.086,7.3,0.00262,21.7,0.74
331,5,26.9,20.05,-0.143,11.2,0.00176,17.6,0.37
331,6,26.9,20.77,-0.105,8.4,0.00206,22.9,0.63
331,7,26.9,20.1,-0.269,25.1,0.0023,23.9,0.74
331,8,26.9,20.38,-0.143,11.2,0.00227,20.9,0.8
332,1,28.24,20.21,-0.232,20.5,0.00231,19.9,0.65
332,2,28.24,22.86,0.03,5.3,0.00245,19.8,0.2
332,3,28.24,21.09,-0.087,7.3,0.00265,16.6,0.46
332,4,28.24,21.45,-0.068,6.5,0.00258,20.0,0.44
332,5,28.24,21.54,0.006,5.0,0.00128,21.1,0.47
332,6,28.24,20.2,-0.093,7.7,0.00208,17.1,0.49
332,7,28.24,22.01,-0.027,5.2,0.00248,20.2,0.5
332,8,28.24,21.92,0.019,5.1,0.00203,18.5,0.45
333,1,27.36,19.66,-0.179,14.5,0.00242,19.1,0.04
333,2,27.36,20.84,-0.134,10.5,0.00158,20.0,0.69
333,3,27.36,21.51,-0.054,5.9,0.0015,21.1,0.85
333,4,27.36,22.32,0.033,5.3,0.00254,23.9,0.4
333,5,27.36,21.65,-0.039,5.5,0.00162,23.8,0.14
333,6,27.36,21.88,-0.02,5.1,0.00213,18.1,0.41
333,7,27.36,21.73,-0.049,5.8,0.00248,23.0,0.26
333,8,27.36,22.52,0.072,6.6,0.00193,23.2,0.87
334,1,28.29,23.32,0.178,14.5,0.00254,19.4,0.73
334,2,28.29,20.82,-0.117,9.2,0.00137,21.6,0.19
334,3,28.29,20.29,-0.155,12.2,0.00232,19.2,0.52
334,4,28.29,21.49,-0.089,7.5,0.00251,22.5,0.1
334,5,28.29,21.13,-0.144,11.3,0.00253,21.7,0.48
334,6,28.29,22.72,0.086,7.3,0.00146,17.5,0.65
334,7,28.29,22.78,0.104,8.3,0.00216,17.5,0.41
334,8,28.29,19.74,-0.197,16.4,0.00189,16.9,0.17
335,1,29.47,20.5,-0.127,9.9,0.00236,17.0,0.36
335,2,29.47,21.71,-0.056,6.0,0.00246,17.6,0.17
335,3,29.47,21.82,-0.043,5.6,0.00155,20.9,0.32
335,4,29.47,21.49,-0.044,5.6,0.00209,23.1,0.26
335,5,29.47,20.18,-0.118,9.3,0.00133,18.0,0.99
335,6,29.47,22.94,0.092,7.6,0.00224,21.1,0.29
335,7,29.47,21.79,-0.033,5.3,0.00139,20.7,0.92
335,8,29.47,20.97,-0.134,10.4,0.00145,17.7,0.89
336,1,28.92,21.58,-0.031,5.3,0.00203,17.3,0.81
336,2,28.92,21.89,-0.057,6.0,0.00138,17.8,0.08
336,3,28.92,23.27,0.114,9.0,0.00188,21.5,0.14
336,4,28.92,19.34,-0.267,24.9,0.00128,21.8,0.69
336,5,28.92,20.81,-0.083,7.1,0.00262,20.0,0.47
336,6,28.92,22.52,-0.001,5.0,0.00198,20.5,0.74
336,7,28.92,18.58,-0.368,39.2,0.00161,17.3,0.98
336,8,28.92,20.92,-0.061,6.2,0.00252,23.0,0.25
337,1,29.08,22.13,0.004,5.0,0.00264,22.1,0.39
337,2,29.08,20.89,-0.079,6.9,0.00143,19.7,0.75
337,3,29.08,20.96,-0.135,10.5,0.00272,20.4,0.24
337,4,29.08,22.45,0.024,5.2,0.00167,16.2,0.25
337,5,29.08,19.46,-0.289,27.9,0.00183,20.3,0.6
337,6,29.08,23.53,0.156,12.3,0.00176,23.8,0.26
337,7,29.08,21.82,-0.021,5.1,0.00179,18.9,0.81
337,8,29.08,22.21,0.009,5.0,0.00262,21.1,0.89
338,1,30.27,20.52,-0.14,10.9,0.00211,23.1,1.0
338,2,30.27,22.16,0.028,5.2,0.00139,20.0,0.77
338,3,30.27,21.42,-0.061,6.1,0.00257,20.9,0.97
338,4,30.27,22.64,0.091,7.5,0.00236,21.1,0.46
338,5,30.27,20.32,-0.157,12.4,0.00179,20.6,0.4
338,6,30.27,22.5,0.044,5.6,0.0021,23.0,0.25
338,7,30.27,20.51,-0.163,13.0,0.00149,16.9,0.59
338,8,30.27,23.33,0.143,11.2,0.00165,17.9,0.36
339,1,31.34,23.06,0.13,10.2,0.00182,16.4,0.96
339,2,31.34,22.84,0.136,10.6,0.00179,20.0,0.13
339,3,31.34,21.68,-0.007,5.0,0.00175,17.1,0.97
339,4,31.34,21.1,-0.061,6.2,0.00249,16.9,0.5
339,5,31.34,21.71,-0.017,5.1,0.00172,16.2,0.92
339,6,31.34,18.34,-0.408,45.1,0.00144,18.4,0.57
339,7,31.34,22.4,0.06,6.1,0.00188,17.1,0.1
339,8,31.34,21.36,-0.038,5.4,0.00127,23.2,0.79
340,1,31.17,20.82,-0.065,6.3,0.0026,21.8,0.5
340,2,31.17,20.3,-0.175,14.2,0.00222,16.9,0.27
340,3,31.17,22.55,0.072,6.6,0.00248,19.4,0.84
340,4,31.17,20.34,-0.164,13.1,0.00156,18.6,0.43
340,5,31.17,20.14,-0.166,13.2,0.00192,22.4,0.13
340,6,31.17,20.95,-0.129,10.1,0.00194,22.6,0.95
340,7,31.17,19.75,-0.262,24.2,0.00147,18.3,0.74
340,8,31.17,22.27,0.023,5.2,0.00137,22.3,0.42
341,1,30.77,22.2,-0.011,5.0,0.0013,20.4,0.62
341,2,30.77,22.29,0.034,5.4,0.00254,20.9,0.85
341,3,30.77,21.55,-0.025,5.2,0.00217,21.8,0.28
341,4,30.77,21.46,-0.032,5.3,0.00227,19.5,0.26
341,5,30.77,21.94,0.011,5.0,0.00133,23.5,0.29
341,6,30.77,24.27,0.199,16.6,0.0026,17.5,0.22
341,7,30.77,20.42,-0.104,8.3,0.00276,22.9,0.7
341,8,30.77,20.6,-0.184,15.0,0.00195,17.8,0.26
342,1,29.73,22.28,-0.004,5.0,0.00243,24.0,0.21
342,2,29.73,22.1,0.011,5.0,0.00249,17.3,0.77
342,3,29.73,22.69,0.037,5.4,0.00266,22.4,0.94
342,4,29.73,21.49,-0.084,7.2,0.00167,23.1,0.4
342,5,29.73,20.7,-0.123,9.6,0.00175,20.5,0.08
342,6,29.73,21.14,-0.072,6.6,0.0016,19.7,0.8
342,7,29.73,21.12,-0.06,6.1,0.00197,18.8,0.57
342,8,29.73,19.55,-0.184,15.0,0.00194,24.0,0.4
343,1,29.88,23.22,0.172,13.9,0.00255,21.3,0.62
343,2,29.88,19.92,-0.251,22.8,0.00169,23.7,0.55
343,3,29.88,21.05,-0.091,7.6,0.00145,19.4,0.63
343,4,29.88,20.31,-0.11,8.7,0.00163,20.5,0.03
343,5,29.88,20.53,-0.169,13.5,0.00134,17.3,0.56
343,6,29.88,19.87,-0.215,18.5,0.00221,21.6,0.74
343,7,29.88,18.64,-0.319,32.1,0.00211,21.0,0.26
343,8,29.88,19.22,-0.273,25.7,0.00244,21.0,0.47
344,1,31.1,21.14,-0.101,8.1,0.00253,20.3,0.09
344,2,31.1,21.28,-0.055,5.9,0.0025,16.3,0.73
344,3,31.1,19.91,-0.241,21.5,0.00237,21.5,0.52
344,4,31.1,21.52,0.002,5.0,0.00209,21.6,0.31
344,5,31.1,22.61,0.058,6.1,0.0021,17.1,0.68
344,6,31.1,22.1,0.013,5.1,0.00169,19.2,0.37
344,7,31.1,22.18,0.039,5.5,0.00264,23.4,0.02
344,8,31.1,20.87,-0.116,9.1,0.00243,19.2,0.35
345,1,30.87,20.84,-0.081,7.0,0.00209,21.6,0.31
345,2,30.87,22.99,0.117,9.2,0.00178,21.7,0.25
345,3,30.87,22.4,0.02,5.1,0.00262,17.6,0.74
345,4,30.87,20.03,-0.215,18.5,0.00216,22.8,0.37
345,5,30.87,20.61,-0.154,12.1,0.00205,23.1,0.97
345,6,30.87,23.49,0.091,7.5,0.00157,22.6,0.69
345,7,30.87,23.0,0.095,7.8,0.00205,19.5,0.56
345,8,30.87,21.36,-0.095,7.8,0.00197,24.0,0.09
346,1,30.58,21.53,0.005,5.0,0.00272,23.9,0.24
346,2,30.58,20.77,-0.098,7.9,0.00166,20.1,0.39
346,3,30.58,22.78,0.081,7.0,0.00134,16.3,0.67
346,4,30.58,20.8,-0.106,8.4,0.00226,16.7,0.8
346,5,30.58,22.83,0.097,7.9,0.0019,22.2,0.49
346,6,30.58,21.55,-0.007,5.0,0.00192,23.4,0.87
346,7,30.58,19.0,-0.265,24.7,0.00199,19.3,0.98
346,8,30.58,21.68,-0.098,7.9,0.00167,21.1,0.74
347,1,30.13,18.07,-0.403,44.4,0.00203,19.7,0.0
347,2,30.13,22.48,-0.026,5.2,0.0027,24.0,0.37
347,3,30.13,20.12,-0.154,12.2,0.00236,16.7,0.71
347,4,30.13,22.23,0.033,5.4,0.0027,17.7,0.62
347,5,30.13,22.9,0.096,7.8,0.00235,20.4,0.04
347,6,30.13,21.49,-0.039,5.5,0.00175,23.9,0.15
347,7,30.13,22.82,0.079,7.0,0.00133,16.6,0.76
347,8,30.13,21.63,-0.033,5.3,0.00258,22.7,0.37
348,1,29.45,18.34,-0.368,39.3,0.00261,17.3,0.24
348,2,29.45,20.58,-0.103,8.3,0.00194,22.3,0.95
348,3,29.45,20.72,-0.113,8.9,0.00267,21.3,0.53
348,4,29.45,23.08,0.066,6.3,0.00266,20.8,0.6
348,5,29.45,21.64,-0.066,6.4,0.00222,16.6,0.06
348,6,29.45,21.81,-0.014,5.1,0.00235,22.4,0.73
348,7,29.45,19.82,-0.238,21.2,0.0023,16.8,0.45
348,8,29.45,23.65,0.22,19.0,0.0014,18.6,0.1
349,1,27.88,21.24,-0.069,6.5,0.00185,23.2,0.73
349,2,27.88,20.78,-0.105,8.4,0.0023,22.4,0.05
349,3,27.88,21.35,-0.017,5.1,0.00132,21.6,0.29
349,4,27.88,21.0,-0.093,7.7,0.00277,21.9,0.01
349,5,27.88,22.37,0.031,5.3,0.00265,18.4,0.23
349,6,27.88,19.32,-0.303,29.8,0.00274,16.1,0.87
349,7,27.88,21.23,-0.092,7.6,0.00212,19.8,0.72
349,8,27.88,21.26,-0.126,9.8,0.00169,22.5,0.38
350,1,27.45,20.55,-0.157,12.5,0.00145,18.1,0.67
350,2,27.45,21.2,-0.057,6.0,0.00133,17.0,0.54
350,3,27.45,22.59,0.046,5.7,0.00231,18.4,0.78
350,4,27.45,22.32,0.052,5.9,0.00229,18.1,0.88
350,5,27.45,23.94,0.215,18.5,0.00209,23.8,0.15
350,6,27.45,22.09,-0.003,5.0,0.00149,23.3,0.35
350,7,27.45,19.95,-0.183,14.9,0.00172,23.4,0.71
350,8,27.45,20.89,-0.103,8.3,0.00175,16.1,0.16
351,1,28.57,20.94,-0.108,8.6,0.00234,16.9,0.75
351,2,28.57,21.26,-0.045,5.6,0.00153,20.4,0.87
351,3,28.57,20.24,-0.158,12.6,0.00182,22.7,0.67
351,4,28.57,20.89,-0.147,11.5,0.00253,18.7,0.75
351,5,28.57,20.96,-0.129,10.1,0.00127,22.0,0.08
351,6,28.57,22.16,0.028,5.2,0.0019,18.6,0.34
351,7,28.57,20.44,-0.142,11.1,0.0015,17.5,0.58
351,8,28.57,20.37,-0.213,18.2,0.00192,16.5,0.13
352,1,26.85,23.21,0.152,12.0,0.0018,16.6,0.23
352,2,26.85,20.05,-0.245,22.0,0.00163,19.0,0.21
352,3,26.85,19.88,-0.202,17.0,0.00153,19.2,0.18
352,4,26.85,19.74,-0.227,19.8,0.00136,22.2,0.8
352,5,26.85,20.79,-0.106,8.5,0.00154,23.0,0.22
352,6,26.85,24.75,0.326,33.1,0.00243,19.3,0.1
352,7,26.85,23.47,0.213,18.2,0.00159,16.1,0.47
352,8,26.85,21.12,-0.099,8.0,0.00146,21.4,0.18
353,1,26.22,22.06,-0.021,5.1,0.00214,20.4,0.89
353,2,26.22,18.64,-0.35,36.6,0.00251,17.7,0.39
353,3,26.22,21.58,0.002,5.0,0.00162,19.9,0.24
353,4,26.22,23.33,0.126,9.9,0.00158,22.7,0.81
353,5,26.22,20.02,-0.195,16.2,0.00195,21.6,0.84
353,6,26.22,21.77,-0.017,5.1,0.00172,22.4,0.77
353,7,26.22,21.12,-0.079,7.0,0.0018,19.5,0.33
353,8,26.22,20.91,-0.103,8.3,0.00174,22.5,0.76
354,1,26.64,22.28,0.031,5.3,0.00154,21.8,0.06
354,2,26.64,22.23,0.021,5.1,0.00226,22.0,0.07
354,3,26.64,21.69,-0.009,5.0,0.00204,18.2,0.14
354,4,26.64,20.13,-0.187,15.4,0.00269,17.1,0.93
354,5,26.64,22.62,0.048,5.7,0.00251,20.9,0.03
354,6,26.64,21.57,-0.092,7.6,0.00173,21.0,0.28
354,7,26.64,22.0,0.028,5.2,0.00208,17.7,0.4
354,8,26.64,20.87,-0.068,6.5,0.0025,16.1,0.25
355,1,27.79,20.5,-0.124,9.7,0.00264,20.3,0.56
355,2,27.79,20.93,-0.123,9.6,0.00193,16.1,0.7
355,3,27.79,21.84,-0.078,6.9,0.00158,21.5,0.94
355,4,27.79,21.03,-0.127,9.9,0.00273,16.0,0.66
355,5,27.79,20.21,-0.193,16.0,0.00203,18.6,0.28
355,6,27.79,20.61,-0.131,10.2,0.0022,20.8,0.02
355,7,27.79,21.97,0.014,5.1,0.00127,18.2,0.48
355,8,27.79,18.99,-0.326,33.1,0.00223,16.7,0.21
356,1,27.08,21.16,-0.15,11.8,0.00161,19.1,0.01
356,2,27.08,21.17,-0.042,5.5,0.00247,16.1,0.87
356,3,27.08,22.44,0.095,7.8,0.00248,17.3,0.42
356,4,27.08,20.55,-0.113,8.9,0.00275,18.0,0.15
356,5,27.08,22.71,0.026,5.2,0.00137,17.6,0.75
356,6,27.08,20.69,-0.121,9.5,0.00159,19.4,0.55
356,7,27.08,22.17,0.072,6.6,0.00231,18.9,0.59
356,8,27.08,21.81,-0.009,5.0,0.00185,18.5,0.32
357,1,28.55,22.93,0.074,6.7,0.00188,21.2,0.43
357,2,28.55,20.11,-0.219,18.9,0.00148,21.7,0.24
357,3,28.55,22.5,0.034,5.4,0.00195,17.6,0.35
357,4,28.55,23.17,0.116,9.1,0.00242,17.7,0.06
357,5,28.55,21.78,-0.023,5.2,0.00187,22.3,0.21
357,6,28.55,20.02,-0.187,15.4,0.00184,20.1,0.83
357,7,28.55,21.13,-0.076,6.8,0.00155,22.5,0.8
357,8,28.55,21.51,-0.055,5.9,0.00225,22.9,0.06
358,1,29.36,22.66,0.081,7.0,0.00235,23.4,0.75
358,2,29.36,20.64,-0.153,12.1,0.00258,21.4,0.61
358,3,29.36,21.44,-0.0,5.0,0.00189,22.1,0.79
358,4,29.36,23.1,0.077,6.9,0.00182,18.7,0.06
358,5,29.36,20.87,-0.084,7.2,0.00143,23.8,0.61
358,6,29.36,21.64,0.029,5.3,0.00183,16.7,0.4
358,7,29.36,22.01,0.031,5.3,0.00168,16.9,0.03
358,8,29.36,21.51,-0.012,5.0,0.00258,16.4,0.23
359,1,28.97,20.8,-0.144,11.3,0.00265,18.2,0.34
359,2,28.97,24.13,0.258,23.8,0.00138,19.3,0.14
359,3,28.97,21.2,-0.087,7.3,0.00197,22.0,0.82
359,4,28.97,20.98,-0.108,8.6,0.00269,17.8,0.92
359,5,28.97,20.29,-0.209,17.7,0.0021,16.3,0.39
359,6,28.97,23.81,0.165,13.1,0.0014,16.4,0.19
359,7,28.97,22.67,0.064,6.3,0.00175,17.6,0.09
359,8,28.97,22.98,0.131,10.2,0.00133,23.4,0.94
360,1,28.51,20.17,-0.165,13.2,0.00209,18.3,0.01
360,2,28.51,20.24,-0.236,21.0,0.00171,20.4,0.46
360,3,28.51,21.76,-0.016,5.1,0.0026,17.4,0.1
360,4,28.51,21.74,-0.0,5.0,0.00274,22.7,0.29
360,5,28.51,21.55,-0.102,8.2,0.00203,20.7,0.74
360,6,28.51,21.73,-0.065,6.3,0.00151,20.7,0.83
360,7,28.51,21.48,-0.038,5.4,0.00152,19.7,0.1
360,8,28.51,20.11,-0.207,17.5,0.00219,19.7,0.2
361,1,28.85,20.69,-0.149,11.7,0.00168,17.0,0.41
361,2,28.85,21.89,0.039,5.5,0.00165,23.7,0.48
361,3,28.85,20.6,-0.121,9.5,0.00227,22.0,0.37
361,4,28.85,21.85,-0.016,5.1,0.0013,22.6,0.58
361,5,28.85,21.78,-0.022,5.1,0.00172,19.9,0.43
361,6,28.85,20.51,-0.121,9.5,0.00263,21.4,0.48
361,7,28.85,21.65,-0.065,6.3,0.0025,21.0,0.41
361,8,28.85,20.92,-0.107,8.5,0.0026,18.9,0.71
362,1,30.98,20.92,-0.067,6.4,0.00168,22.1,0.19
362,2,30.98,22.37,0.037,5.4,0.0023,17.5,0.72
362,3,30.98,20.9,-0.163,13.0,0.00145,20.8,0.03
362,4,30.98,20.59,-0.116,9.1,0.00213,18.0,0.1
362,5,30.98,23.77,0.237,21.1,0.0025,22.9,0.49
362,6,30.98,22.59,-0.03,5.3,0.00154,23.0,0.11
362,7,30.98,20.83,-0.12,9.4,0.00219,18.8,0.33
362,8,30.98,22.51,0.08,7.0,0.00199,17.7,0.21
363,1,30.8,21.9,-0.026,5.2,0.00198,22.4,0.13
363,2,30.8,21.56,-0.071,6.6,0.00134,18.3,0.1
363,3,30.8,22.43,0.059,6.1,0.00169,22.0,0.04
363,4,30.8,23.06,0.084,7.2,0.00227,16.5,0.13
363,5,30.8,22.27,-0.032,5.3,0.00277,21.1,0.64
363,6,30.8,19.86,-0.231,20.3,0.00177,22.0,0.93
363,7,30.8,22.24,-0.004,5.0,0.00209,19.7,0.73
363,8,30.8,21.08,-0.096,7.8,0.00257,20.8,0.82
364,1,29.89,20.11,-0.204,17.2,0.00175,19.4,0.29
364,2,29.89,22.62,0.096,7.9,0.00184,16.2,0.57
364,3,29.89,22.92,0.066,6.4,0.00205,19.9,0.16
364,4,29.89,22.93,0.077,6.8,0.00218,23.7,0.41
364,5,29.89,21.54,-0.04,5.5,0.00248,20.9,0.73
364,6,29.89,21.82,0.038,5.5,0.00258,16.2,0.06
364,7,29.89,18.75,-0.327,33.2,0.00183,21.4,0.11
364,8,29.89,20.03,-0.209,17.7,0.00266,17.0,0.07
365,1,31.33,20.88,-0.089,7.5,0.00261,22.5,0.54
365,2,31.33,21.51,-0.087,7.4,0.00258,21.4,0.64
365,3,31.33,23.33,0.099,8.0,0.00274,22.6,0.18
365,4,31.33,20.69,-0.151,11.9,0.00127,16.2,0.56
365,5,31.33,22.23,-0.018,5.1,0.00169,20.4,0.4
365,6,31.33,21.46,-0.028,5.2,0.00215,16.8,0.84
365,7,31.33,22.71,0.072,6.6,0.00217,22.4,0.26
365,8,31.33,20.48,-0.088,7.4,0.00145,22.4,0.08
366,1,31.01,21.17,-0.082,7.1,0.0025,18.9,0.98
366,2,31.01,21.01,-0.117,9.2,0.00228,19.5,0.94
366,3,31.01,21.9,-0.002,5.0,0.0018,18.9,0.17
366,4,31.01,21.68,-0.024,5.2,0.00228,21.0,0.66
366,5,31.01,20.52,-0.127,10.0,0.00188,18.0,0.03
366,6,31.01,21.69,-0.061,6.1,0.00212,17.1,0.37
366,7,31.01,22.82,0.075,6.7,0.00239,22.3,0.61
366,8,31.01,20.39,-0.137,10.7,0.0017,19.5,0.54
367,1,30.72,21.27,-0.039,5.5,0.0024,16.7,0.79
367,2,30.72,20.68,-0.07,6.5,0.00243,17.8,0.02
367,3,30.72,21.41,-0.05,5.8,0.0013,21.2,0.25
367,4,30.72,20.07,-0.17,13.6,0.00208,16.2,0.26
367,5,30.72,21.66,-0.048,5.7,0.0023,18.8,0.12
367,6,30.72,21.94,-0.063,6.2,0.00234,21.4,0.58
367,7,30.72,20.94,-0.101,8.2,0.00256,21.2,0.37
367,8,30.72,22.37,0.035,5.4,0.00186,19.2,0.2
368,1,30.95,20.7,-0.161,12.8,0.00267,20.2,0.25
368,2,30.95,20.86,-0.102,8.2,0.00173,16.7,0.25
368,3,30.95,21.19,-0.058,6.1,0.00147,17.8,0.53
368,4,30.95,21.2,-0.063,6.2,0.0018,21.7,0.54
368,5,30.95,24.39,0.299,29.2,0.00273,17.9,0.61
368,6,30.95,22.55,0.066,6.4,0.00237,20.6,0.45
368,7,30.95,21.61,-0.034,5.4,0.00232,21.8,0.82
368,8,30.95,22.31,-0.028,5.2,0.00182,20.3,0.5
369,1,30.27,20.23,-0.216,18.6,0.0024,23.8,0.22
369,2,30.27,22.35,-0.013,5.1,0.00224,21.9,0.8
369,3,30.27,21.24,-0.078,6.9,0.00154,17.2,0.53
369,4,30.27,23.23,0.125,9.8,0.00128,17.0,0.58
369,5,30.27,21.22,-0.076,6.8,0.00128,22.3,0.01
369,6,30.27,20.66,-0.119,9.4,0.00145,23.6,0.7
369,7,30.27,21.12,-0.114,9.0,0.00218,21.9,0.25
369,8,30.27,22.48,0.001,5.0,0.00213,21.5,0.91
370,1,29.19,24.32,0.192,15.9,0.00243,21.6,0.07
370,2,29.19,21.73,-0.053,5.9,0.00267,22.4,0.59
370,3,29.19,20.31,-0.139,10.9,0.00137,20.9,0.94
370,4,29.19,22.78,0.12,9.4,0.00173,17.8,0.48
370,5,29.19,21.68,-0.022,5.2,0.00225,21.5,0.71
370,6,29.19,19.85,-0.236,20.9,0.00274,22.8,0.73
370,7,29.19,21.45,-0.127,9.9,0.00133,21.7,0.79
370,8,29.19,23.02,0.1,8.1,0.00216,21.9,0.18
371,1,29.4,21.42,-0.085,7.3,0.00234,18.9,0.22
371,2,29.4,22.61,0.047,5.7,0.00262,21.8,0.67
371,3,29.4,20.96,-0.077,6.8,0.00197,22.7,0.83
371,4,29.4,22.25,0.029,5.3,0.00132,20.7,0.22
371,5,29.4,22.72,0.057,6.0,0.00181,22.7,0.61
371,6,29.4,21.77,-0.035,5.4,0.00148,18.6,0.95
371,7,29.4,22.34,0.003,5.0,0.00214,19.4,0.05
371,8,29.4,21.09,-0.107,8.5,0.00272,19.1,0.67
372,1,31.72,20.1,-0.16,12.7,0.0021,23.5,0.38
372,2,31.72,22.28,0.027,5.2,0.0016,16.8,0.44
372,3,31.72,23.61,0.151,11.9,0.00185,17.5,0.1
372,4,31.72,22.85,0.069,6.5,0.00221,16.9,0.35
372,5,31.72,22.01,-0.028,5.2,0.00277,23.0,0.06
372,6,31.72,22.51,0.043,5.6,0.00193,21.4,0.11
372,7,31.72,20.72,-0.122,9.6,0.00225,19.8,0.09
372,8,31.72,21.13,-0.111,8.8,0.00247,21.8,0.23
373,1,26.57,21.88,-0.007,5.0,0.00234,18.0,0.42
373,2,26.57,23.73,0.184,15.0,0.00147,19.8,0.85
373,3,26.57,20.92,-0.146,11.5,0.00133,22.8,0.34
373,4,26.57,22.7,0.118,9.3,0.00254,18.7,0.54
373,5,26.57,19.0,-0.256,23.4,0.00174,16.1,0.27
373,6,26.57,23.52,0.194,16.1,0.00171,22.3,0.69
373,7,26.57,21.74,-0.017,5.1,0.00249,21.1,0.6
373,8,26.57,22.93,0.08,7.0,0.00141,18.3,0.58
374,1,26.95,24.04,0.202,16.9,0.00257,18.5,0.25
374,2,26.95,23.68,0.161,12.8,0.00266,19.0,0.33
374,3,26.95,20.0,-0.159,12.6,0.00135,20.3,0.68
374,4,26.95,19.45,-0.258,23.7,0.00228,21.1,0.44
374,5,26.95,20.98,-0.066,6.3,0.00184,17.9,0.74
374,6,26.95,21.95,0.01,5.0,0.0027,21.4,0.65
374,7,26.95,22.74,0.051,5.8,0.00254,23.5,0.06
374,8,26.95,20.62,-0.087,7.3,0.0025,16.3,0.09
375,1,24.89,21.53,-0.054,5.9,0.00219,18.5,0.58
375,2,24.89,22.17,-0.002,5.0,0.00152,20.1,0.52
375,3,24.89,20.67,-0.203,17.1,0.00216,23.4,0.21
375,4,24.89,20.45,-0.155,12.3,0.00135,21.1,0.73
375,5,24.89,21.34,-0.076,6.8,0.00196,20.1,0.42
375,6,24.89,21.71,0.043,5.6,0.00187,22.4,0.04
375,7,24.89,23.16,0.145,11.4,0.00134,21.1,0.17
375,8,24.89,20.08,-0.258,23.7,0.00207,23.8,0.87
376,1,26.0,20.08,-0.165,13.1,0.0026,18.2,0.41
376,2,26.0,23.5,0.141,11.0,0.00269,22.9,0.49
376,3,26.0,22.5,0.071,6.6,0.00177,18.2,0.59
376,4,26.0,19.86,-0.23,20.2,0.00221,22.5,0.79
376,5,26.0,21.22,-0.117,9.2,0.00165,21.2,0.59
376,6,26.0,22.15,0.008,5.0,0.00182,18.8,0.22
376,7,26.0,20.5,-0.158,12.5,0.0023,17.4,0.73
376,8,26.0,20.35,-0.178,14.4,0.00189,20.7,0.84
377,1,28.06,20.16,-0.132,10.3,0.00274,20.4,0.69
377,2,28.06,22.83,0.078,6.9,0.00134,19.2,0.91
377,3,28.06,23.26,0.111,8.8,0.00171,23.0,0.86
377,4,28.06,21.17,-0.078,6.9,0.00129,19.7,0.73
377,5,28.06,22.16,0.014,5.1,0.00179,21.4,0.34
377,6,28.06,19.71,-0.224,19.6,0.00246,19.0,0.38
377,7,28.06,23.38,0.151,11.9,0.00252,22.3,0.77
377,8,28.06,21.97,0.046,5.7,0.00145,18.6,0.67
378,1,28.4,22.23,0.065,6.3,0.00195,17.2,0.58
378,2,28.4,21.57,-0.025,5.2,0.00217,23.0,0.98
378,3,28.4,22.21,0.056,6.0,0.00228,16.4,0.03
378,4,28.4,19.54,-0.238,21.2,0.00157,19.3,0.46
378,5,28.4,21.48,-0.006,5.0,0.00268,23.8,0.84
378,6,28.4,19.99,-0.2,16.7,0.00199,23.9,0.84
378,7,28.4,22.71,0.073,6.6,0.00131,21.2,0.51
378,8,28.4,21.46,-0.087,7.4,0.00194,18.4,0.82
379,1,27.13,21.27,-0.042,5.5,0.00178,18.9,0.86
379,2,27.13,19.81,-0.173,13.9,0.00212,18.0,0.24
379,3,27.13,21.36,-0.026,5.2,0.00248,19.9,0.43
379,4,27.13,22.03,-0.027,5.2,0.00164,23.5,0.81
379,5,27.13,21.73,-0.007,5.0,0.00224,22.1,0.52
379,6,27.13,20.15,-0.169,13.5,0.00186,16.6,0.22
379,7,27.13,22.46,0.074,6.7,0.00278,16.4,0.35
379,8,27.13,21.81,-0.044,5.6,0.00148,20.4,0.8
380,1,26.45,19.23,-0.307,30.4,0.00142,19.0,0.67
380,2,26.45,22.39,0.045,5.6,0.00187,21.4,0.56
380,3,26.45,21.79,-0.039,5.5,0.00177,21.1,0.77
380,4,26.45,22.28,0.069,6.5,0.0022,17.7,0.17
380,5,26.45,19.42,-0.268,25.1,0.00236,23.8,0.75
380,6,26.45,18.98,-0.274,25.9,0.00271,21.5,0.65
380,7,26.45,20.69,-0.17,13.7,0.00214,19.8,0.2
380,8,26.45,21.34,-0.044,5.6,0.00209,16.3,0.35
381,1,25.99,21.22,-0.059,6.1,0.00151,19.9,0.86
381,2,25.99,19.67,-0.233,20.5,0.00225,22.6,0.66
381,3,25.99,21.05,-0.095,7.8,0.00142,16.3,0.95
381,4,25.99,21.15,-0.083,7.1,0.00166,17.9,0.88
381,5,25.99,21.01,-0.091,7.6,0.00146,23.6,0.23
381,6,25.99,23.86,0.259,23.8,0.00249,19.0,0.77
381,7,25.99,20.47,-0.122,9.5,0.00251,17.9,0.21
381,8,25.99,21.68,-0.016,5.1,0.00266,18.1,0.12
382,1,28.5,20.83,-0.12,9.4,0.00207,19.7,0.77
382,2,28.5,21.53,-0.059,6.1,0.00139,18.5,0.25
382,3,28.5,21.03,-0.14,11.0,0.00209,18.0,0.1
382,4,28.5,20.96,-0.116,9.1,0.00237,17.3,0.54
382,5,28.5,23.92,0.192,15.9,0.00155,18.3,0.08
382,6,28.5,21.26,-0.062,6.2,0.0018,19.0,0.1
382,7,28.5,23.38,0.075,6.8,0.00193,20.8,0.5
382,8,28.5,21.51,-0.063,6.3,0.00184,22.2,0.39
383,1,28.97,22.28,0.07,6.5,0.00247,17.9,0.98
383,2,28.97,22.99,0.075,6.8,0.00139,20.0,0.04
383,3,28.97,21.22,-0.155,12.2,0.0023,21.4,0.07
383,4,28.97,20.23,-0.192,15.8,0.00271,23.7,0.02
383,5,28.97,22.85,0.086,7.3,0.00225,16.9,0.56
383,6,28.97,21.65,-0.045,5.6,0.00164,19.6,0.92
383,7,28.97,22.25,0.028,5.2,0.00223,20.7,0.63
383,8,28.97,21.15,-0.105,8.4,0.00272,19.6,0.55
384,1,31.27,21.37,-0.09,7.5,0.00222,16.4,0.64
384,2,31.27,20.02,-0.194,16.1,0.00149,23.5,0.37
384,3,31.27,22.17,0.035,5.4,0.00246,19.3,0.13
384,4,31.27,19.39,-0.238,21.2,0.00276,16.3,0.21
384,5,31.27,21.31,-0.062,6.2,0.00199,18.4,0.32
384,6,31.27,22.03,-0.009,5.0,0.00211,18.3,0.51
384,7,31.27,21.36,-0.077,6.8,0.00153,23.4,0.25
384,8,31.27,23.37,0.121,9.5,0.00195,22.2,0.79
385,1,30.24,22.04,0.046,5.7,0.00262,21.2,0.33
385,2,30.24,22.86,0.101,8.1,0.00202,23.3,0.06
385,3,30.24,22.99,0.145,11.3,0.0015,17.3,0.88
385,4,30.24,23.22,0.145,11.4,0.00252,18.1,0.25
385,5,30.24,19.1,-0.322,32.5,0.00156,18.4,0.56
385,6,30.24,24.46,0.231,20.3,0.00265,18.2,0.65
385,7,30.24,21.43,-0.013,5.1,0.00253,17.0,0.48
385,8,30.24,20.4,-0.138,10.8,0.00178,23.8,0.42
386,1,28.88,21.3,-0.126,9.9,0.00182,18.1,0.81
386,2,28.88,21.03,-0.103,8.3,0.00213,22.5,0.93
386,3,28.88,19.81,-0.171,13.7,0.00208,16.6,0.25
386,4,28.88,20.18,-0.195,16.2,0.00206,22.8,0.09
386,5,28.88,22.37,-0.009,5.0,0.00242,22.6,0.84
386,6,28.88,22.14,-0.026,5.2,0.00229,18.3,0.04
386,7,28.88,18.96,-0.274,25.8,0.002,23.6,0.76
386,8,28.88,23.71,0.115,9.1,0.00152,23.6,0.07
387,1,31.26,22.69,0.032,5.3,0.00253,16.1,0.56
387,2,31.26,24.52,0.221,19.2,0.00237,20.7,0.24
387,3,31.26,22.1,0.059,6.1,0.00242,17.9,0.75
387,4,31.26,21.91,0.047,5.7,0.00224,17.0,0.97
387,5,31.26,21.85,0.011,5.0,0.00215,17.1,0.41
387,6,31.26,19.38,-0.305,30.1,0.00256,18.3,0.06
387,7,31.26,22.99,0.076,6.8,0.00162,23.5,0.24
387,8,31.26,21.78,-0.005,5.0,0.00241,19.2,0.33
388,1,30.51,21.03,-0.077,6.8,0.00239,19.0,0.43
388,2,30.51,21.98,-0.064,6.3,0.0027,23.7,0.75
388,3,30.51,20.66,-0.167,13.4,0.00249,20.3,0.18
388,4,30.51,21.41,-0.008,5.0,0.00132,19.3,0.58
388,5,30.51,20.63,-0.098,8.0,0.00138,19.2,0.92
388,6,30.51,19.09,-0.285,27.3,0.00267,19.7,0.7
388,7,30.51,23.65,0.181,14.8,0.00256,21.0,0.81
388,8,30.51,18.38,-0.338,34.8,0.00217,16.1,0.57
389,1,31.41,22.35,0.077,6.9,0.0025,20.6,0.74
389,2,31.41,22.0,-0.021,5.1,0.00147,23.6,0.37
389,3,31.41,21.25,-0.066,6.4,0.00224,19.0,0.48
389,4,31.41,20.9,-0.116,9.2,0.00132,18.9,0.45
389,5,31.41,22.9,0.079,6.9,0.00226,17.8,0.84
389,6,31.41,19.89,-0.194,16.1,0.00268,17.4,0.21
389,7,31.41,20.87,-0.076,6.8,0.00135,19.9,0.27
389,8,31.41,21.33,-0.082,7.1,0.00145,16.4,0.76
390,1,31.71,20.78,-0.096,7.9,0.00155,21.6,0.39
390,2,31.71,21.92,-0.027,5.2,0.00143,17.6,0.41
390,3,31.71,21.75,0.006,5.0,0.00133,23.4,0.74
390,4,31.71,21.55,-0.079,6.9,0.00208,17.6,0.76
390,5,31.71,22.16,0.021,5.1,0.00154,18.3,0.07
390,6,31.71,17.47,-0.42,46.9,0.00198,20.5,0.39
390,7,31.71,22.85,0.079,6.9,0.00142,22.4,0.87
390,8,31.71,21.29,-0.095,7.8,0.00167,20.2,0.07
391,1,29.04,20.3,-0.159,12.6,0.00272,18.9,0.47
391,2,29.04,21.82,-0.021,5.1,0.00228,22.1,0.2
391,3,29.04,22.62,0.123,9.7,0.00218,23.9,0.03
391,4,29.04,21.97,0.019,5.1,0.00276,24.0,0.94
391,5,29.04,21.34,-0.077,6.9,0.00254,17.4,0.64
391,6,29.04,21.46,-0.077,6.9,0.0026,23.4,0.89
391,7,29.04,22.68,0.073,6.7,0.00254,19.2,0.03
391,8,29.04,22.23,-0.035,5.4,0.00148,17.4,0.76
392,1,29.28,22.14,-0.022,5.1,0.00237,21.3,0.15
392,2,29.28,21.94,0.007,5.0,0.00253,19.1,0.93
392,3,29.28,21.42,-0.04,5.5,0.00178,22.5,0.34
392,4,29.28,21.63,-0.026,5.2,0.00156,20.1,0.42
392,5,29.28,21.78,-0.042,5.6,0.0021,19.5,0.45
392,6,29.28,23.41,0.147,11.6,0.00151,20.5,0.18
392,7,29.28,22.04,0.047,5.7,0.00191,19.3,0.87
392,8,29.28,21.45,-0.065,6.3,0.00164,21.2,0.72
393,1,29.9,19.85,-0.223,19.4,0.00177,21.9,0.26
393,2,29.9,20.83,-0.103,8.2,0.00266,22.9,0.23
393,3,29.9,22.41,0.088,7.4,0.00142,22.9,0.69
393,4,29.9,22.17,-0.02,5.1,0.00254,23.6,0.72
393,5,29.9,20.33,-0.174,14.0,0.00191,20.7,0.77
393,6,29.9,22.47,0.014,5.1,0.00164,23.4,0.75
393,7,29.9,21.0,-0.134,10.4,0.00249,16.4,0.32
393,8,29.9,20.76,-0.123,9.6,0.00178,21.9,0.78
394,1,29.44,22.07,0.074,6.7,0.00256,18.6,0.09
394,2,29.44,23.3,0.147,11.5,0.00127,16.9,0.8
394,3,29.44,21.78,-0.012,5.0,0.00144,16.2,0.94
394,4,29.44,21.9,0.038,5.5,0.00195,16.8,0.15
394,5,29.44,21.04,-0.062,6.2,0.00201,19.2,0.79
394,6,29.44,22.34,0.023,5.2,0.00143,21.7,0.79
394,7,29.44,20.98,-0.107,8.6,0.00232,23.6,0.73
394,8,29.44,22.1,-0.014,5.1,0.00242,22.2,0.86
395,1,29.63,21.5,-0.048,5.7,0.00222,22.3,0.34
395,2,29.63,22.59,0.077,6.8,0.00148,20.9,0.05
395,3,29.63,22.07,-0.082,7.1,0.0016,20.1,0.16
395,4,29.63,20.26,-0.153,12.1,0.00227,20.2,0.81
395,5,29.63,21.03,-0.099,8.1,0.00156,19.1,0.19
395,6,29.63,20.86,-0.091,7.6,0.00199,16.8,0.96
395,7,29.63,20.25,-0.152,11.9,0.00129,20.8,0.13
395,8,29.63,21.08,-0.098,8.0,0.00254,23.3,0.01
396,1,29.17,21.53,-0.019,5.1,0.00222,18.0,0.61
396,2,29.17,22.76,0.096,7.8,0.00226,17.7,0.37
396,3,29.17,20.45,-0.125,9.8,0.00223,21.5,0.12
396,4,29.17,20.59,-0.144,11.3,0.00148,18.0,0.23
396,5,29.17,21.74,0.004,5.0,0.00176,22.4,0.64
396,6,29.17,21.98,-0.016,5.1,0.00175,18.3,0.42
396,7,29.17,23.41,0.141,11.1,0.00132,17.1,0.57
396,8,29.17,21.47,-0.053,5.9,0.00203,16.8,0.8
397,1,29.19,21.81,-0.083,7.1,0.00239,22.8,0.4
397,2,29.19,21.37,-0.062,6.2,0.00143,18.8,0.14
397,3,29.19,20.99,-0.122,9.5,0.00143,19.4,0.69
397,4,29.19,22.52,0.059,6.1,0.00128,23.0,0.34
397,5,29.19,19.08,-0.289,27.8,0.00245,16.7,0.93
397,6,29.19,22.38,0.004,5.0,0.00208,22.2,0.33
397,7,29.19,20.23,-0.171,13.8,0.00181,24.0,0.53
397,8,29.19,22.49,0.014,5.1,0.00197,24.0,0.88
398,1,28.58,18.94,-0.319,32.1,0.00222,17.9,0.17
398,2,28.58,22.68,0.09,7.5,0.00158,19.8,0.45
398,3,28.58,20.51,-0.178,14.5,0.0017,16.1,0.75
398,4,28.58,19.93,-0.211,17.9,0.00138,19.9,0.17
398,5,28.58,24.99,0.267,25.0,0.00164,17.9,0.45
398,6,28.58,21.08,-0.07,6.5,0.00163,23.8,0.29
398,7,28.58,21.42,-0.06,6.1,0.00206,20.1,0.48
398,8,28.58,21.35,-0.02,5.1,0.00148,17.3,0.24
399,1,26.77,21.55,-0.054,5.9,0.00191,21.1,0.21
399,2,26.77,20.95,-0.054,5.9,0.00146,18.6,0.56
399,3,26.77,21.1,-0.089,7.4,0.00218,17.6,0.39
399,4,26.77,20.54,-0.156,12.3,0.00246,18.2,0.86
399,5,26.77,21.96,-0.018,5.1,0.00258,19.4,0.36
399,6,26.77,21.54,-0.052,5.8,0.00135,23.4,0.83
399,7,26.77,21.6,-0.007,5.0,0.00138,22.7,0.98
399,8,26.77,20.71,-0.136,10.6,0.00177,19.7,0.9
400,1,26.21,21.29,-0.074,6.7,0.0017,21.0,0.64
400,2,26.21,22.96,0.102,8.2,0.00181,17.0,0.27
400,3,26.21,21.22,-0.06,6.1,0.00244,23.2,0.57
400,4,26.21,21.13,-0.118,9.3,0.0025,16.3,0.46
400,5,26.21,22.01,-0.05,5.8,0.00239,21.5,0.54
400,6,26.21,22.24,0.036,5.4,0.00259,20.9,0.32
400,7,26.21,22.92,0.098,8.0,0.0025,22.3,0.72
400,8,26.21,20.8,-0.127,9.9,0.00179,18.0,0.33
401,1,25.88,22.01,0.025,5.2,0.00261,22.6,0.48
401,2,25.88,22.09,0.043,5.6,0.00134,16.3,0.55
401,3,25.88,21.88,-0.0,5.0,0.00199,16.8,0.79
401,4,25.88,21.27,-0.085,7.3,0.00145,16.5,0.92
401,5,25.88,21.9,-0.014,5.1,0.00129,17.3,0.58
401,6,25.88,23.0,0.09,7.5,0.00252,18.0,0.48
401,7,25.88,22.12,0.013,5.1,0.00154,23.4,0.49
401,8,25.88,22.41,0.014,5.1,0.00263,19.3,0.88
402,1,26.5,21.8,0.021,5.1,0.00206,21.0,0.75
402,2,26.5,21.71,-0.117,9.2,0.0021,22.1,0.77
402,3,26.5,21.8,-0.014,5.1,0.00271,17.2,0.45
402,4,26.5,21.42,-0.091,7.6,0.002,20.0,0.1
402,5,26.5,22.42,0.05,5.8,0.00142,22.0,0.87
402,6,26.5,21.89,-0.007,5.0,0.00219,23.0,0.31
402,7,26.5,20.56,-0.125,9.8,0.0017,21.5,0.56
402,8,26.5,22.63,0.072,6.6,0.00267,17.2,0.47
403,1,27.27,24.38,0.23,20.3,0.00169,22.6,0.1
403,2,27.27,20.85,-0.143,11.2,0.00185,18.1,0.38
403,3,27.27,21.98,-0.005,5.0,0.00207,19.8,0.84
403,4,27.27,21.19,-0.006,5.0,0.00215,17.2,0.55
403,5,27.27,24.6,0.278,26.3,0.00148,16.5,0.69
403,6,27.27,20.38,-0.2,16.8,0.00244,20.0,0.91
403,7,27.27,22.52,0.05,5.8,0.00154,20.4,0.6
403,8,27.27,21.87,-0.053,5.9,0.00254,17.3,0.35
404,1,26.85,21.22,-0.073,6.7,0.00173,18.8,0.92
404,2,26.85,21.3,-0.047,5.7,0.0025,19.4,0.88
404,3,26.85,21.97,-0.019,5.1,0.00184,18.4,0.93
404,4,26.85,20.61,-0.127,9.9,0.00263,20.7,0.95
404,5,26.85,18.21,-0.325,32.9,0.00169,16.8,0.39
404,6,26.85,21.12,-0.12,9.4,0.00194,16.5,0.41
404,7,26.85,20.95,-0.133,10.4,0.0021,17.7,0.25
404,8,26.85,21.36,-0.015,5.1,0.00242,17.9,0.05
405,1,27.87,20.11,-0.181,14.7,0.0017,23.2,0.07
405,2,27.87,21.73,-0.049,5.8,0.00196,22.7,0.89
405,3,27.87,21.72,-0.055,5.9,0.00186,23.0,0.82
405,4,27.87,21.76,-0.032,5.3,0.00202,16.8,0.08
405,5,27.87,21.93,-0.006,5.0,0.00253,23.4,0.17
405,6,27.87,21.94,-0.033,5.3,0.00204,17.3,0.89
405,7,27.87,23.92,0.145,11.4,0.00217,17.8,0.96
405,8,27.87,22.42,0.008,5.0,0.00185,16.2,0.83
406,1,26.61,22.99,0.108,8.6,0.00207,22.2,0.18
406,2,26.61,21.83,-0.062,6.2,0.00271,22.2,0.29
406,3,26.61,22.18,0.015,5.1,0.00235,16.3,0.05
406,4,26.61,19.95,-0.181,14.8,0.00215,22.9,0.52
406,5,26.61,21.46,-0.006,5.0,0.00257,21.3,0.21
406,6,26.61,21.87,-0.07,6.5,0.00132,20.4,0.49
406,7,26.61,21.4,-0.06,6.1,0.00135,16.7,0.34
406,8,26.61,22.05,-0.046,5.7,0.0016,17.8,0.75
407,1,29.42,20.71,-0.089,7.4,0.00275,16.3,0.99
407,2,29.42,19.55,-0.241,21.6,0.00277,20.5,0.53
407,3,29.42,21.56,0.033,5.3,0.00128,19.7,0.8
407,4,29.42,21.03,-0.153,12.0,0.00195,18.5,0.16
407,5,29.42,20.24,-0.2,16.8,0.00214,19.8,0.25
407,6,29.42,22.32,-0.017,5.1,0.00127,20.2,0.66
407,7,29.42,21.38,-0.087,7.3,0.00145,23.0,0.94
407,8,29.42,20.19,-0.226,19.8,0.00173,21.8,0.76
408,1,29.77,22.01,0.017,5.1,0.00232,16.7,0.33
408,2,29.77,21.7,-0.049,5.7,0.00158,23.8,0.1
408,3,29.77,21.02,-0.17,13.6,0.0022,18.1,0.57
408,4,29.77,20.21,-0.185,15.1,0.00155,19.0,0.26
408,5,29.77,22.52,0.033,5.3,0.00204,22.5,1.0
408,6,29.77,22.65,0.059,6.1,0.00277,22.1,0.16
408,7,29.77,20.01,-0.177,14.3,0.00178,18.3,0.49
408,8,29.77,22.76,0.094,7.7,0.00258,16.4,0.4
409,1,31.09,22.81,0.028,5.3,0.00184,19.1,0.96
409,2,31.09,20.34,-0.14,11.0,0.00143,18.2,0.54
409,3,31.09,21.29,-0.069,6.5,0.00174,18.6,0.66
409,4,31.09,22.22,0.004,5.0,0.00241,21.9,0.82
409,5,31.09,22.83,0.091,7.6,0.00202,19.6,0.94
409,6,31.09,20.33,-0.161,12.8,0.00216,22.4,0.35
409,7,31.09,20.97,-0.095,7.8,0.00131,17.4,0.12
409,8,31.09,21.57,-0.069,6.5,0.00243,18.4,0.98
410,1,31.55,22.04,-0.004,5.0,0.00245,22.2,0.48
410,2,31.55,21.15,-0.075,6.8,0.0015,20.9,0.66
410,3,31.55,21.69,-0.014,5.1,0.00161,23.9,0.01
410,4,31.55,19.34,-0.309,30.7,0.00145,17.5,0.81
410,5,31.55,23.48,0.143,11.2,0.00278,16.7,0.36
410,6,31.55,22.01,-0.021,5.1,0.00129,22.4,0.89
410,7,31.55,23.62,0.176,14.2,0.0023,19.6,0.62
410,8,31.55,22.79,0.029,5.3,0.00277,16.7,0.5
411,1,29.84,22.55,0.043,5.6,0.00142,17.1,0.81
411,2,29.84,20.81,-0.138,10.8,0.00185,17.0,0.78
411,3,29.84,22.29,0.066,6.3,0.00135,23.5,0.69
411,4,29.84,23.53,0.167,13.3,0.00178,20.0,0.82
411,5,29.84,20.65,-0.141,11.0,0.00206,18.0,0.21
411,6,29.84,20.39,-0.178,14.4,0.0023,21.4,0.41
411,7,29.84,22.16,-0.006,5.0,0.00168,16.5,0.9
411,8,29.84,21.24,-0.071,6.6,0.00274,18.0,0.32
412,1,31.73,22.86,0.152,12.0,0.00203,19.3,0.29
412,2,31.73,18.65,-0.355,37.4,0.0025,23.3,0.48
412,3,31.73,18.58,-0.396,43.3,0.00226,20.0,0.17
412,4,31.73,20.48,-0.153,12.1,0.00272,17.9,0.3
412,5,31.73,21.87,-0.006,5.0,0.00232,22.7,0.63
412,6,31.73,23.13,0.082,7.1,0.00229,22.1,0.42
412,7,31.73,23.05,0.112,8.8,0.00189,20.1,0.29
412,8,31.73,21.57,-0.106,8.4,0.00237,19.8,0.78
413,1,30.64,20.02,-0.201,16.9,0.00228,16.5,0.03
413,2,30.64,20.92,-0.02,5.1,0.00232,21.4,0.07
413,3,30.64,23.56,0.179,14.6,0.00151,19.0,0.9
413,4,30.64,20.47,-0.098,7.9,0.00129,17.1,0.87
413,5,30.64,20.58,-0.164,13.1,0.0014,18.0,0.86
413,6,30.64,19.47,-0.256,23.4,0.00236,23.2,0.04
413,7,30.64,21.6,0.029,5.3,0.0023,18.8,0.67
413,8,30.64,20.44,-0.128,10.0,0.00213,19.4,0.47
414,1,31.69,23.51,0.108,8.6,0.00135,22.9,0.71
414,2,31.69,22.56,0.016,5.1,0.0022,23.5,0.02
414,3,31.69,20.79,-0.171,13.7,0.00174,19.7,0.12
414,4,31.69,21.71,-0.008,5.0,0.00261,17.3,0.69
414,5,31.69,20.21,-0.225,19.7,0.00218,16.3,0.64
414,6,31.69,20.74,-0.083,7.2,0.00181,23.2,0.62
414,7,31.69,20.95,-0.08,7.0,0.0024,17.8,0.12
414,8,31.69,21.29,-0.1,8.1,0.00174,20.3,0.2
415,1,31.79,20.89,-0.1,8.1,0.00171,18.3,0.18
415,2,31.79,20.62,-0.129,10.1,0.00248,20.5,0.63
415,3,31.79,21.68,-0.042,5.6,0.00208,22.2,0.71
415,4,31.79,20.0,-0.114,9.0,0.00173,21.6,0.48
415,5,31.79,20.19,-0.227,19.8,0.00173,19.6,0.76
415,6,31.79,22.66,0.032,5.3,0.00252,19.5,0.14
415,7,31.79,21.79,-0.006,5.0,0.00155,19.5,0.38
415,8,31.79,22.4,0.044,5.6,0.00192,16.8,0.6
416,1,30.88,23.77,0.136,10.6,0.00174,23.2,0.46
416,2,30.88,21.67,-0.028,5.2,0.00241,21.0,0.37
416,3,30.88,20.83,-0.096,7.8,0.00262,22.6,0.2
416,4,30.88,20.84,-0.078,6.9,0.00274,23.5,0.42
416,5,30.88,23.77,0.128,10.0,0.00195,18.5,0.95
416,6,30.88,22.71,0.104,8.3,0.00273,19.5,0.08
416,7,30.88,22.85,0.059,6.1,0.00147,21.8,0.1
416,8,30.88,18.2,-0.409,45.3,0.00157,20.7,0.02
417,1,30.68,23.0,0.116,9.1,0.00276,19.4,0.25
417,2,30.68,20.87,-0.092,7.6,0.00146,21.5,0.25
417,3,30.68,21.46,-0.063,6.2,0.00268,22.9,0.9
417,4,30.68,21.14,-0.048,5.7,0.00204,16.9,0.88
417,5,30.68,21.66,-0.036,5.4,0.00169,19.4,0.75
417,6,30.68,20.76,-0.12,9.4,0.0025,22.0,0.0
417,7,30.68,22.55,0.041,5.5,0.00257,17.7,0.8
417,8,30.68,21.42,-0.047,5.7,0.00277,20.7,0.98
418,1,29.29,21.58,-0.048,5.7,0.00194,19.5,0.2
418,2,29.29,21.01,-0.161,12.8,0.00243,19.1,0.74
418,3,29.29,21.03,-0.162,12.9,0.0023,19.3,0.09
418,4,29.29,23.04,0.101,8.1,0.00205,21.6,0.18
418,5,29.29,23.41,0.125,9.7,0.00197,18.7,0.44
418,6,29.29,21.58,-0.074,6.7,0.00144,17.0,0.12
418,7,29.29,18.47,-0.336,34.6,0.00265,23.8,0.88
418,8,29.29,20.26,-0.147,11.5,0.00187,17.1,0.89
419,1,30.23,21.68,-0.098,7.9,0.00222,19.2,0.55
419,2,30.23,20.88,-0.121,9.5,0.00129,18.9,0.25
419,3,30.23,22.29,0.04,5.5,0.00247,20.1,0.72
419,4,30.23,19.64,-0.202,17.0,0.00234,18.3,0.96
419,5,30.23,23.08,0.076,6.8,0.00139,24.0,0.1
419,6,30.23,19.22,-0.317,31.8,0.00226,19.9,0.2
419,7,30.23,20.87,-0.076,6.8,0.00167,17.7,0.23
419,8,30.23,23.14,0.082,7.1,0.00174,19.7,0.38
420,1,28.77,22.75,0.086,7.3,0.00158,16.8,0.95
420,2,28.77,20.2,-0.175,14.2,0.00248,16.1,0.8
420,3,28.77,21.39,-0.036,5.4,0.00193,20.3,0.22
420,4,28.77,22.4,0.0,5.0,0.00197,22.5,0.86
420,5,28.77,22.85,0.108,8.6,0.00129,23.7,0.72
420,6,28.77,19.9,-0.206,17.4,0.00204,21.2,0.89
420,7,28.77,20.36,-0.129,10.1,0.00144,23.0,0.23
420,8,28.77,20.99,-0.137,10.7,0.00241,22.5,0.58
421,1,28.51,23.08,0.108,8.6,0.00188,22.8,0.71
421,2,28.51,22.19,0.039,5.5,0.00175,19.2,0.77
421,3,28.51,21.13,-0.083,7.1,0.0025,21.5,0.42
421,4,28.51,21.17,-0.069,6.5,0.00229,23.7,0.35
421,5,28.51,20.87,-0.149,11.8,0.00239,20.9,0.74
421,6,28.51,21.38,-0.086,7.3,0.00135,20.3,0.74
421,7,28.51,20.64,-0.155,12.2,0.0021,16.6,0.08
421,8,28.51,19.43,-0.33,33.7,0.00136,21.4,0.59
422,1,26.22,22.24,-0.008,5.0,0.00232,23.0,0.96
422,2,26.22,23.18,0.116,9.1,0.00158,23.2,0.23
422,3,26.22,22.82,0.09,7.5,0.00172,22.8,0.59
422,4,26.22,21.63,0.023,5.2,0.00259,16.3,0.36
422,5,26.22,22.0,-0.023,5.2,0.00184,18.3,0.14
422,6,26.22,22.68,0.023,5.2,0.0019,20.0,0.39
422,7,26.22,19.14,-0.303,29.8,0.00231,20.2,0.74
422,8,26.22,22.33,0.03,5.3,0.00144,21.1,0.31
423,1,26.85,22.34,0.033,5.3,0.00152,23.7,0.46
423,2,26.85,22.28,0.041,5.5,0.00195,16.9,0.36
423,3,26.85,20.02,-0.226,19.8,0.00229,22.8,0.04
423,4,26.85,20.4,-0.171,13.7,0.0018,18.9,0.21
423,5,26.85,22.62,0.082,7.1,0.00165,18.1,0.83
423,6,26.85,21.99,-0.038,5.5,0.00126,17.9,0.6
423,7,26.85,21.07,-0.044,5.6,0.00163,20.7,0.12
423,8,26.85,21.64,0.011,5.0,0.00187,20.1,0.49
424,1,26.7,21.6,-0.038,5.5,0.00275,20.7,0.91
424,2,26.7,21.57,-0.061,6.2,0.0016,20.6,0.26
424,3,26.7,21.8,-0.01,5.0,0.00236,18.9,0.98
424,4,26.7,20.74,-0.118,9.3,0.00215,22.4,0.22
424,5,26.7,20.32,-0.195,16.3,0.00244,21.9,0.24
424,6,26.7,21.92,-0.02,5.1,0.00133,20.4,0.62
424,7,26.7,21.02,-0.124,9.7,0.00179,18.5,0.66
424,8,26.7,21.19,-0.082,7.1,0.00137,20.6,0.03
425,1,27.99,25.02,0.239,21.4,0.00167,20.2,0.46
425,2,27.99,20.38,-0.186,15.2,0.0019,20.6,0.7
425,3,27.99,21.43,-0.047,5.7,0.00143,22.1,0.23
425,4,27.99,21.34,-0.036,5.4,0.00225,23.6,0.08
425,5,27.99,20.69,-0.097,7.9,0.00271,18.9,0.47
425,6,27.99,21.96,0.023,5.2,0.00207,22.8,0.05
425,7,27.99,20.39,-0.153,12.1,0.00218,16.4,0.28
425,8,27.99,19.28,-0.281,26.8,0.00185,20.7,0.42
426,1,28.13,24.3,0.231,20.4,0.00235,23.1,0.56
426,2,28.13,21.41,-0.087,7.4,0.00252,22.2,0.13
426,3,28.13,21.25,-0.095,7.8,0.00188,20.5,0.51
426,4,28.13,21.72,-0.025,5.2,0.00134,20.4,0.22
426,5,28.13,21.64,0.004,5.0,0.00198,21.8,0.55
426,6,28.13,19.97,-0.224,19.5,0.00273,21.1,0.94
426,7,28.13,20.19,-0.121,9.5,0.00205,20.4,0.39
426,8,28.13,22.92,0.103,8.3,0.00269,23.1,0.44
427,1,26.11,21.59,-0.033,5.3,0.00176,23.4,0.64
427,2,26.11,22.29,0.086,7.3,0.00177,21.8,0.27
427,3,26.11,19.36,-0.273,25.7,0.00213,20.8,0.63
427,4,26.11,22.27,0.01,5.0,0.00178,21.5,0.85
427,5,26.11,22.18,0.015,5.1,0.00191,18.7,0.31
427,6,26.11,21.35,-0.063,6.2,0.00141,22.3,0.55
427,7,26.11,20.92,-0.124,9.7,0.002,24.0,0.59
427,8,26.11,21.86,-0.077,6.8,0.00251,17.6,0.78
428,1,27.13,21.76,-0.06,6.1,0.00169,21.8,0.85
428,2,27.13,20.05,-0.193,16.0,0.00217,23.3,0.99
428,3,27.13,21.67,-0.034,5.4,0.00172,23.7,0.97
428,4,27.13,20.06,-0.21,17.9,0.00148,16.5,0.93
428,5,27.13,18.24,-0.38,41.0,0.00212,19.9,0.27
428,6,27.13,20.09,-0.148,11.6,0.00138,19.9,0.07
428,7,27.13,19.74,-0.189,15.5,0.00154,23.7,0.38
428,8,27.13,21.06,-0.082,7.1,0.00179,23.0,0.07
429,1,26.04,19.92,-0.213,18.2,0.00248,18.0,0.44
429,2,26.04,22.78,0.05,5.8,0.00234,17.6,0.19
429,3,26.04,22.43,-0.014,5.1,0.00268,18.6,0.1
429,4,26.04,23.18,0.121,9.5,0.00267,21.6,0.8
429,5,26.04,22.99,0.123,9.7,0.00231,19.4,0.17
429,6,26.04,19.89,-0.197,16.5,0.00141,18.3,0.76
429,7,26.04,22.76,0.119,9.3,0.00257,21.9,0.96
429,8,26.04,22.31,-0.03,5.3,0.00163,16.3,0.38
430,1,29.06,22.07,0.007,5.0,0.00237,16.6,0.54
430,2,29.06,21.81,-0.014,5.1,0.00149,21.9,0.73
430,3,29.06,22.07,0.031,5.3,0.00201,23.8,0.06
430,4,29.06,20.69,-0.1,8.1,0.00146,22.7,0.87
430,5,29.06,22.87,0.098,7.9,0.00243,19.3,0.18
430,6,29.06,22.42,0.013,5.1,0.00136,22.6,0.52
430,7,29.06,20.12,-0.167,13.4,0.0026,16.6,0.3
430,8,29.06,21.38,-0.089,7.5,0.00258,19.3,0.62
431,1,28.35,22.27,0.044,5.6,0.00274,21.8,0.61
431,2,28.35,21.28,-0.134,10.5,0.00215,19.8,0.69
431,3,28.35,21.17,-0.092,7.6,0.00194,16.5,0.44
431,4,28.35,19.69,-0.272,25.6,0.00243,17.1,0.08
431,5,28.35,21.67,-0.07,6.5,0.00142,18.2,0.04
431,6,28.35,22.12,-0.007,5.0,0.00146,22.1,0.79
431,7,28.35,22.9,0.109,8.6,0.00176,17.1,0.52
431,8,28.35,22.16,-0.025,5.2,0.00219,21.5,0.75
432,1,30.1,22.29,0.01,5.0,0.00268,18.7,0.42
432,2,30.1,20.53,-0.141,11.0,0.00176,22.7,0.05
432,3,30.1,21.15,-0.089,7.5,0.00199,17.1,0.54
432,4,30.1,22.14,-0.007,5.0,0.00157,18.5,0.78
432,5,30.1,20.6,-0.122,9.6,0.00132,21.1,0.87
432,6,30.1,21.15,-0.102,8.2,0.00188,18.8,0.71
432,7,30.1,19.89,-0.241,21.5,0.0019,16.3,0.18
432,8,30.1,21.53,-0.073,6.6,0.0022,17.6,0.65
433,1,28.89,20.82,-0.095,7.8,0.00127,22.0,0.31
433,2,28.89,20.0,-0.179,14.5,0.00252,19.8,0.42
433,3,28.89,22.55,0.056,6.0,0.00217,16.7,0.49
433,4,28.89,20.11,-0.166,13.3,0.00183,23.2,0.44
433,5,28.89,19.81,-0.299,29.2,0.00209,21.6,0.7
433,6,28.89,21.73,-0.034,5.4,0.00231,23.4,0.77
433,7,28.89,18.45,-0.355,37.3,0.00258,17.9,0.17
433,8,28.89,21.45,-0.044,5.6,0.00276,22.2,0.37
434,1,29.25,20.59,-0.159,12.6,0.00142,16.3,0.11
434,2,29.25,21.33,-0.068,6.4,0.00178,16.3,0.87
434,3,29.25,22.7,0.066,6.3,0.00247,20.8,0.34
434,4,29.25,21.51,-0.03,5.3,0.00155,16.7,0.64
434,5,29.25,22.96,0.072,6.6,0.00253,21.5,0.26
434,6,29.25,20.74,-0.12,9.4,0.00183,20.7,0.61
434,7,29.25,22.43,0.096,7.8,0.00251,22.9,0.74
434,8,29.25,19.42,-0.253,23.0,0.00186,21.7,0.53
435,1,30.95,21.62,-0.055,5.9,0.00135,22.6,0.6
435,2,30.95,23.6,0.148,11.6,0.00256,20.9,0.47
435,3,30.95,22.56,0.049,5.7,0.0013,20.4,0.81
435,4,30.95,21.29,-0.051,5.8,0.00151,21.8,0.04
435,5,30.95,22.26,0.029,5.3,0.00266,17.2,0.52
435,6,30.95,21.53,-0.026,5.2,0.0019,16.8,0.99
435,7,30.95,21.84,-0.041,5.5,0.00147,18.0,0.35
435,8,30.95,20.1,-0.138,10.8,0.00243,21.0,0.9
436,1,31.04,19.53,-0.234,20.7,0.00146,17.7,0.85
436,2,31.04,23.7,0.193,16.0,0.002,23.8,0.94
436,3,31.04,21.09,-0.101,8.1,0.00227,23.0,0.05
436,4,31.04,21.19,-0.082,7.1,0.00178,18.8,0.26
436,5,31.04,20.66,-0.147,11.6,0.00203,16.2,0.19
436,6,31.04,22.19,0.043,5.6,0.00201,17.0,0.13
436,7,31.04,21.72,-0.011,5.0,0.00264,21.9,0.37
436,8,31.04,20.84,-0.133,10.4,0.00141,19.3,0.46
437,1,30.38,22.02,0.016,5.1,0.0025,20.1,0.77
437,2,30.38,19.35,-0.255,23.3,0.00167,20.2,0.23
437,3,30.38,22.4,0.036,5.4,0.00136,16.9,0.58
437,4,30.38,20.67,-0.148,11.7,0.00142,23.2,0.38
437,5,30.38,19.48,-0.259,23.9,0.00222,20.0,0.35
437,6,30.38,21.8,-0.013,5.1,0.00182,23.1,0.34
437,7,30.38,21.66,-0.03,5.3,0.00232,17.8,0.26
437,8,30.38,22.87,0.11,8.7,0.00138,22.1,0.14
438,1,30.03,20.13,-0.173,14.0,0.00173,23.7,0.0
438,2,30.03,24.28,0.231,20.4,0.00193,19.2,0.78
438,3,30.03,20.19,-0.186,15.3,0.00257,19.4,0.97
438,4,30.03,20.89,-0.133,10.4,0.00128,19.5,0.48
438,5,30.03,22.08,-0.001,5.0,0.00206,22.7,0.38
438,6,30.03,20.57,-0.098,8.0,0.00191,23.0,0.49
438,7,30.03,21.17,-0.103,8.2,0.00241,19.6,0.36
438,8,30.03,22.0,-0.029,5.3,0.00254,19.3,0.82
439,1,31.86,21.49,0.001,5.0,0.00188,16.5,0.8
439,2,31.86,20.84,-0.143,11.2,0.00166,21.5,0.3
439,3,31.86,23.4,0.098,8.0,0.00213,16.6,0.92
439,4,31.86,22.63,0.051,5.8,0.00257,23.1,0.2
439,5,31.86,22.39,0.027,5.2,0.00134,22.7,0.28
439,6,31.86,20.18,-0.2,16.8,0.00216,22.6,0.03
439,7,31.86,19.39,-0.267,24.9,0.00165,21.7,0.81
439,8,31.86,20.68,-0.074,6.7,0.0022,21.7,0.47
440,1,31.29,21.59,-0.083,7.2,0.00171,16.2,0.77
440,2,31.29,21.89,-0.036,5.4,0.00253,17.6,0.16
440,3,31.29,21.62,0.038,5.4,0.00261,21.9,0.37
440,4,31.29,19.57,-0.261,24.1,0.0013,20.0,0.77
440,5,31.29,20.92,-0.16,12.7,0.00136,23.7,0.28
440,6,31.29,22.68,0.073,6.6,0.00246,19.8,0.32
440,7,31.29,19.22,-0.231,20.3,0.00269,17.3,0.18
440,8,31.29,20.23,-0.203,17.0,0.0014,20.4,0.27
441,1,28.86,20.83,-0.109,8.7,0.00162,16.7,0.25
441,2,28.86,22.01,-0.024,5.2,0.00178,17.9,0.41
441,3,28.86,22.03,0.025,5.2,0.00246,19.7,0.69
441,4,28.86,21.73,-0.037,5.4,0.00253,22.6,0.7
441,5,28.86,21.4,-0.041,5.5,0.00172,23.1,0.09
441,6,28.86,22.49,0.075,6.7,0.00138,18.6,0.34
441,7,28.86,20.66,-0.092,7.6,0.00203,18.9,0.72
441,8,28.86,22.31,-0.004,5.0,0.0016,22.7,0.65
442,1,30.35,21.01,-0.152,12.0,0.00172,20.2,0.36
442,2,30.35,21.12,-0.095,7.8,0.00206,22.9,0.42
442,3,30.35,19.04,-0.349,36.4,0.00274,23.5,0.75
442,4,30.35,20.53,-0.131,10.2,0.00231,23.7,0.21
442,5,30.35,21.99,-0.001,5.0,0.00156,19.8,0.65
442,6,30.35,19.88,-0.19,15.6,0.00137,22.4,0.72
442,7,30.35,22.59,-0.001,5.0,0.0022,18.7,0.06
442,8,30.35,20.63,-0.096,7.9,0.00157,18.9,0.81
443,1,28.6,22.75,0.065,6.3,0.00211,18.7,0.8
443,2,28.6,20.82,-0.146,11.5,0.00232,19.8,0.66
443,3,28.6,21.87,-0.027,5.2,0.00137,23.3,0.79
443,4,28.6,21.79,-0.069,6.5,0.00273,16.8,0.95
443,5,28.6,21.44,-0.037,5.4,0.00246,23.1,0.14
443,6,28.6,22.57,0.051,5.8,0.00182,22.2,0.6
443,7,28.6,21.03,-0.123,9.6,0.0022,20.4,0.07
443,8,28.6,22.45,0.071,6.6,0.00202,16.6,0.77
444,1,29.94,22.22,0.044,5.6,0.00251,22.8,0.07
444,2,29.94,22.21,-0.03,5.3,0.0022,23.2,0.35
444,3,29.94,22.91,0.116,9.2,0.00223,19.5,0.67
444,4,29.94,21.09,-0.092,7.6,0.00207,18.1,0.08
444,5,29.94,22.3,0.005,5.0,0.00143,20.7,0.6
444,6,29.94,21.58,0.011,5.0,0.00181,17.6,0.81
444,7,29.94,20.84,-0.15,11.8,0.00189,23.5,0.72
444,8,29.94,19.72,-0.214,18.3,0.00204,22.0,0.92
445,1,28.85,19.7,-0.26,24.0,0.00222,22.9,0.99
445,2,28.85,20.07,-0.185,15.1,0.00198,18.3,0.87
445,3,28.85,22.17,-0.036,5.4,0.00207,22.9,0.9
445,4,28.85,21.7,-0.034,5.4,0.00158,16.2,0.16
445,5,28.85,23.13,0.077,6.8,0.00186,22.3,0.78
445,6,28.85,22.82,0.124,9.7,0.00259,18.1,0.49
445,7,28.85,23.31,0.068,6.4,0.00252,23.7,0.11
445,8,28.85,20.08,-0.193,16.0,0.00269,19.7,0.45
446,1,26.9,20.19,-0.204,17.1,0.00266,22.2,0.38
446,2,26.9,19.85,-0.229,20.1,0.00216,22.7,0.26
446,3,26.9,20.49,-0.085,7.2,0.00257,20.9,0.89
446,4,26.9,22.49,0.027,5.2,0.00157,18.5,0.97
446,5,26.9,24.13,0.232,20.4,0.00277,23.6,0.46
446,6,26.9,21.13,-0.084,7.2,0.00145,16.7,0.31
446,7,26.9,22.47,0.035,5.4,0.00149,17.8,0.74
446,8,26.9,18.79,-0.353,37.1,0.0021,16.3,0.13
447,1,27.08,22.15,0.048,5.7,0.00246,17.1,0.63
447,2,27.08,22.12,0.001,5.0,0.00134,24.0,0.46
447,3,27.08,23.01,0.169,13.6,0.00183,23.4,0.67
447,4,27.08,19.16,-0.285,27.3,0.00254,22.6,0.09
447,5,27.08,19.33,-0.277,26.3,0.00181,18.5,0.97
447,6,27.08,22.27,0.036,5.4,0.00215,21.0,0.34
447,7,27.08,22.4,0.12,9.4,0.00232,16.3,0.82
447,8,27.08,21.28,-0.045,5.6,0.00161,17.0,0.11
448,1,26.94,20.21,-0.193,16.0,0.0024,19.7,0.43
448,2,26.94,21.77,0.002,5.0,0.00151,22.0,0.06
448,3,26.94,21.27,-0.087,7.3,0.00257,19.7,0.44
448,4,26.94,22.89,0.057,6.0,0.00246,16.7,0.16
448,5,26.94,22.71,0.086,7.3,0.00228,22.0,0.61
448,6,26.94,19.64,-0.241,21.6,0.00206,22.8,0.26
448,7,26.94,23.17,0.125,9.7,0.00246,18.3,0.75
448,8,26.94,21.71,-0.01,5.0,0.00162,18.1,0.22
449,1,25.6,22.61,0.107,8.5,0.00221,18.7,0.31
449,2,25.6,20.84,-0.146,11.4,0.00274,17.9,0.05
449,3,25.6,20.54,-0.186,15.2,0.00254,17.5,0.66
449,4,25.6,22.69,0.052,5.9,0.00167,20.0,0.23
449,5,25.6,21.47,-0.011,5.0,0.00164,18.0,0.92
449,6,25.6,21.97,0.024,5.2,0.00184,22.7,0.15
449,7,25.6,21.57,-0.069,6.5,0.00176,21.6,0.78
449,8,25.6,23.34,0.141,11.0,0.00167,19.0,0.84
450,1,27.12,22.6,0.063,6.2,0.00248,16.1,0.29
450,2,27.12,20.86,-0.201,16.8,0.00179,17.6,0.47
450,3,27.12,21.35,-0.037,5.4,0.00168,16.0,0.02
450,4,27.12,21.49,-0.028,5.2,0.00256,17.0,0.57
450,5,27.12,20.17,-0.208,17.7,0.00205,23.2,0.62
450,6,27.12,22.63,0.06,6.1,0.00243,20.2,0.15
450,7,27.12,20.39,-0.156,12.4,0.00176,23.0,0.19
450,8,27.12,20.12,-0.169,13.6,0.00251,21.5,0.85
451,1,25.82,21.46,-0.094,7.7,0.00206,17.1,0.87
451,2,25.82,22.85,0.135,10.5,0.00147,23.4,0.4
451,3,25.82,21.51,-0.075,6.7,0.00206,17.6,0.15
451,4,25.82,22.42,0.087,7.4,0.00207,22.3,0.27
451,5,25.82,18.32,-0.347,36.1,0.00144,16.8,0.08
451,6,25.82,21.04,-0.08,7.0,0.00155,21.5,0.7
451,7,25.82,22.73,0.046,5.7,0.00227,22.0,0.51
451,8,25.82,23.15,0.084,7.2,0.00128,20.4,0.73
452,1,27.56,20.84,-0.135,10.5,0.00149,20.0,0.51
452,2,27.56,18.73,-0.317,31.8,0.00226,17.0,0.09
452,3,27.56,23.78,0.172,13.9,0.00177,22.3,0.1
452,4,27.56,20.35,-0.121,9.5,0.00148,22.3,0.5
452,5,27.56,19.57,-0.23,20.2,0.00191,20.6,0.31
452,6,27.56,22.43,0.02,5.1,0.00135,18.2,0.52
452,7,27.56,23.99,0.184,15.0,0.00147,17.4,0.14
452,8,27.56,20.83,-0.148,11.6,0.00196,23.9,0.54
453,1,27.56,20.4,-0.163,12.9,0.00131,20.3,0.71
453,2,27.56,23.37,0.151,11.9,0.00225,16.5,0.28
453,3,27.56,21.9,-0.069,6.5,0.00186,16.0,0.92
453,4,27.56,21.25,-0.089,7.4,0.00252,21.6,0.56
453,5,27.56,21.83,-0.017,5.1,0.00223,20.1,0.2
453,6,27.56,21.71,-0.057,6.0,0.00217,16.6,0.02
453,7,27.56,21.66,-0.031,5.3,0.00247,21.9,0.81
453,8,27.56,22.8,0.063,6.3,0.00134,19.5,0.15
454,1,27.51,19.42,-0.309,30.6,0.00245,20.2,0.13
454,2,27.51,21.27,-0.105,8.4,0.00143,16.5,0.88
454,3,27.51,18.98,-0.278,26.3,0.0015,19.6,0.91
454,4,27.51,22.47,0.069,6.5,0.00176,20.0,0.0
454,5,27.51,23.82,0.149,11.7,0.0023,16.5,0.19
454,6,27.51,20.15,-0.208,17.7,0.00212,19.9,0.27
454,7,27.51,24.88,0.301,29.5,0.00128,21.4,0.77
454,8,27.51,21.95,0.005,5.0,0.00137,16.8,0.16
455,1,27.84,21.27,-0.087,7.4,0.00153,19.1,0.24
455,2,27.84,22.78,0.022,5.1,0.00196,17.4,0.12
455,3,27.84,19.88,-0.244,22.0,0.00137,16.7,0.97
455,4,27.84,22.68,0.079,6.9,0.00268,16.6,0.67
455,5,27.84,19.33,-0.23,20.2,0.00149,20.5,0.39
455,6,27.84,22.97,0.106,8.4,0.00223,18.0,0.37
455,7,27.84,21.47,-0.083,7.1,0.0025,17.0,0.05
455,8,27.84,21.98,0.011,5.0,0.00253,19.6,0.84
456,1,27.62,19.14,-0.247,22.3,0.00201,18.9,0.8
456,2,27.62,24.0,0.223,19.3,0.00272,19.2,0.97
456,3,27.62,18.1,-0.39,42.5,0.00154,16.0,0.76
456,4,27.62,21.08,-0.123,9.6,0.00129,23.7,0.18
456,5,27.62,21.08,-0.112,8.9,0.00196,16.7,0.33
456,6,27.62,22.78,0.056,6.0,0.00181,20.0,0.73
456,7,27.62,20.95,-0.108,8.6,0.00272,16.6,0.58
456,8,27.62,21.07,-0.046,5.7,0.00278,19.1,0.4
457,1,30.06,21.82,-0.019,5.1,0.00255,17.0,0.49
457,2,30.06,21.7,-0.076,6.8,0.00234,20.7,0.76
457,3,30.06,20.95,-0.104,8.3,0.002,21.1,0.98
457,4,30.06,21.86,-0.024,5.2,0.00181,18.1,0.77
457,5,30.06,21.55,-0.017,5.1,0.00219,23.0,0.37
457,6,30.06,20.96,-0.132,10.3,0.00268,23.7,0.46
457,7,30.06,21.08,-0.052,5.8,0.00138,18.4,0.01
457,8,30.06,21.65,-0.019,5.1,0.0021,16.7,0.8
458,1,29.37,20.08,-0.225,19.6,0.00229,20.8,0.99
458,2,29.37,20.95,-0.11,8.7,0.00194,21.3,0.8
458,3,29.37,20.03,-0.203,17.1,0.00251,19.4,0.69
458,4,29.37,20.37,-0.222,19.3,0.00189,17.1,0.89
458,5,29.37,20.78,-0.102,8.2,0.00233,18.7,0.61
458,6,29.37,22.25,0.007,5.0,0.00193,18.5,0.97
458,7,29.37,20.44,-0.158,12.5,0.00277,19.8,0.77
458,8,29.37,21.96,-0.062,6.2,0.00179,19.1,0.4
459,1,30.73,22.05,-0.002,5.0,0.00227,19.0,0.76
459,2,30.73,21.33,-0.027,5.2,0.00237,16.3,0.76
459,3,30.73,22.52,0.035,5.4,0.00274,21.8,0.96
459,4,30.73,22.25,-0.009,5.0,0.00186,19.4,0.21
459,5,30.73,21.81,-0.027,5.2,0.00156,21.7,0.6
459,6,30.73,20.87,-0.141,11.0,0.00204,17.6,0.05
459,7,30.73,21.86,-0.041,5.5,0.00155,19.6,0.05
459,8,30.73,22.57,0.083,7.1,0.00164,16.8,0.47
460,1,29.96,22.08,0.029,5.3,0.00159,19.1,0.29
460,2,29.96,19.11,-0.326,33.1,0.00198,17.9,0.21
460,3,29.96,21.35,-0.023,5.2,0.00206,16.6,0.92
460,4,29.96,21.35,-0.058,6.0,0.00173,18.3,0.44
460,5,29.96,21.34,-0.018,5.1,0.00212,16.7,0.94
460,6,29.96,22.65,0.1,8.1,0.0026,23.9,0.93
460,7,29.96,22.73,0.074,6.7,0.00208,17.2,0.83
460,8,29.96,21.65,-0.003,5.0,0.00127,17.3,0.92
461,1,32.04,21.96,-0.031,5.3,0.00233,17.5,0.16
461,2,32.04,22.2,-0.005,5.0,0.00149,22.6,0.12
461,3,32.04,20.46,-0.176,14.3,0.00145,24.0,0.57
461,4,32.04,21.52,-0.044,5.6,0.0024,21.1,0.25
461,5,32.04,21.41,-0.054,5.9,0.00252,16.8,1.0
461,6,32.04,21.33,-0.064,6.3,0.00268,19.8,0.86
461,7,32.04,20.58,-0.136,10.6,0.0026,22.5,0.82
461,8,32.04,20.05,-0.179,14.5,0.0021,20.8,1.0
462,1,30.55,21.01,-0.046,5.7,0.00274,16.9,0.02
462,2,30.55,20.81,-0.043,5.6,0.00226,18.4,0.97
462,3,30.55,24.72,0.294,28.6,0.00204,23.7,0.03
462,4,30.55,21.97,-0.058,6.1,0.00149,23.4,0.6
462,5,30.55,21.12,-0.09,7.5,0.00232,21.9,0.8
462,6,30.55,22.71,0.079,6.9,0.00239,23.0,0.1
462,7,30.55,21.33,-0.059,6.1,0.0025,20.6,0.9
462,8,30.55,22.21,-0.013,5.1,0.00144,21.5,0.4
463,1,31.62,20.98,-0.052,5.8,0.00164,22.6,0.16
463,2,31.62,19.84,-0.213,18.3,0.00239,19.2,0.43
463,3,31.62,21.32,-0.084,7.2,0.00241,19.4,0.29
463,4,31.62,22.1,0.039,5.5,0.00196,22.0,0.93
463,5,31.62,24.57,0.215,18.5,0.00129,23.4,0.44
463,6,31.62,22.6,0.019,5.1,0.00276,17.8,0.61
463,7,31.62,22.44,0.085,7.3,0.00162,19.0,0.22
463,8,31.62,20.54,-0.102,8.2,0.00267,18.6,0.89
464,1,30.56,21.88,-0.022,5.2,0.00165,22.3,0.23
464,2,30.56,23.36,0.086,7.3,0.00229,23.0,0.59
464,3,30.56,20.11,-0.186,15.2,0.00152,16.9,0.94
464,4,30.56,21.97,0.003,5.0,0.00169,23.9,0.07
464,5,30.56,21.85,-0.08,7.0,0.00259,20.6,0.11
464,6,30.56,22.93,0.131,10.2,0.00217,19.4,0.11
464,7,30.56,18.93,-0.336,34.5,0.00165,16.7,0.17
464,8,30.56,20.55,-0.144,11.3,0.00243,23.7,0.18
465,1,30.0,22.19,0.005,5.0,0.00153,18.9,0.59
465,2,30.0,21.24,-0.085,7.2,0.00139,17.6,0.95
465,3,30.0,21.4,-0.088,7.4,0.00265,23.6,0.32
465,4,30.0,21.26,-0.094,7.7,0.00163,16.5,0.27
465,5,30.0,21.41,-0.092,7.6,0.0016,18.4,0.09
465,6,30.0,21.44,-0.074,6.7,0.00168,18.3,0.53
465,7,30.0,21.19,-0.112,8.8,0.00132,23.3,0.22
465,8,30.0,20.26,-0.207,17.5,0.00257,21.8,0.13
466,1,29.74,19.98,-0.235,20.8,0.00172,23.1,0.38
466,2,29.74,21.6,-0.112,8.9,0.0016,16.1,0.32
466,3,29.74,20.06,-0.2,16.7,0.00186,23.5,0.91
466,4,29.74,21.94,0.03,5.3,0.0013,21.3,0.96
466,5,29.74,22.73,0.099,8.0,0.00264,23.0,0.84
466,6,29.74,21.12,-0.089,7.5,0.00139,20.0,0.73
466,7,29.74,18.93,-0.281,26.7,0.00212,22.0,0.25
466,8,29.74,22.96,0.039,5.5,0.002,20.4,0.58
467,1,28.0,22.29,-0.007,5.0,0.00138,18.8,0.87
467,2,28.0,22.34,0.018,5.1,0.00146,18.5,0.8
467,3,28.0,21.47,-0.059,6.1,0.00195,23.9,0.16
467,4,28.0,20.94,-0.156,12.3,0.00213,20.8,0.69
467,5,28.0,21.96,-0.022,5.2,0.00181,17.4,0.48
467,6,28.0,21.37,-0.078,6.9,0.00191,16.4,0.83
467,7,28.0,19.35,-0.271,25.4,0.0021,17.2,0.49
467,8,28.0,21.94,-0.029,5.3,0.0016,23.8,0.18
468,1,29.4,21.95,0.063,6.2,0.00154,19.0,0.3
468,2,29.4,22.73,0.104,8.3,0.00134,23.4,0.98
468,3,29.4,19.1,-0.308,30.5,0.00176,21.0,0.11
468,4,29.4,20.43,-0.135,10.6,0.00132,17.8,0.42
468,5,29.4,21.26,-0.063,6.2,0.00276,23.1,0.62
468,6,29.4,24.27,0.213,18.3,0.00265,16.4,0.83
468,7,29.4,19.27,-0.298,29.2,0.00275,16.2,0.1
468,8,29.4,22.27,0.033,5.3,0.00182,22.2,0.39
469,1,28.31,22.01,-0.022,5.2,0.00263,21.5,0.29
469,2,28.31,23.25,0.115,9.0,0.00235,17.8,0.24
469,3,28.31,21.55,-0.047,5.7,0.00146,16.0,0.85
469,4,28.31,21.76,-0.033,5.3,0.00252,17.6,0.59
469,5,28.31,21.84,-0.028,5.3,0.00183,19.5,0.36
469,6,28.31,20.77,-0.111,8.8,0.00166,16.1,0.03
469,7,28.31,19.36,-0.216,18.6,0.00269,17.0,0.53
469,8,28.31,19.85,-0.242,21.8,0.00234,18.4,0.75
470,1,27.92,19.99,-0.186,15.3,0.0015,20.0,0.62
470,2,27.92,21.53,-0.063,6.2,0.00254,23.5,0.71
470,3,27.92,20.44,-0.097,7.9,0.00227,20.9,0.01
470,4,27.92,20.74,-0.115,9.1,0.00239,19.5,0.99
470,5,27.92,22.37,0.06,6.1,0.00269,23.9,0.67
470,6,27.92,19.0,-0.303,29.9,0.00173,21.7,0.22
470,7,27.92,21.14,-0.131,10.2,0.00217,19.9,0.32
470,8,27.92,22.11,-0.004,5.0,0.0013,17.5,0.99
471,1,27.86,22.13,0.037,5.4,0.00226,23.2,0.6
471,2,27.86,22.84,0.023,5.2,0.00218,16.4,0.94
471,3,27.86,22.55,0.034,5.4,0.00274,18.1,0.99
471,4,27.86,18.62,-0.285,27.4,0.00239,20.7,0.76
471,5,27.86,20.95,-0.097,7.9,0.00243,16.8,0.56
471,6,27.86,22.2,0.041,5.5,0.00178,19.0,0.59
471,7,27.86,20.59,-0.099,8.0,0.00273,18.9,0.88
471,8,27.86,22.14,0.028,5.2,0.00231,20.7,0.42
472,1,25.65,23.25,0.142,11.1,0.0024,20.2,0.18
472,2,25.65,22.01,0.028,5.2,0.00153,21.9,0.29
472,3,25.65,20.54,-0.138,10.8,0.00146,18.9,0.65
472,4,25.65,20.51,-0.138,10.8,0.00257,19.8,0.42
472,5,25.65,22.65,0.118,9.3,0.00163,18.3,0.09
472,6,25.65,21.81,-0.001,5.0,0.00144,17.2,0.56
472,7,25.65,21.87,-0.001,5.0,0.00179,21.5,0.85
472,8,25.65,25.91,0.36,38.1,0.00228,16.5,0.34
473,1,29.26,19.49,-0.275,26.0,0.0026,18.9,0.54
473,2,29.26,19.66,-0.243,21.9,0.00273,21.6,0.34
473,3,29.26,21.34,-0.115,9.1,0.00198,16.1,0.95
473,4,29.26,20.66,-0.054,5.9,0.00271,17.6,0.32
473,5,29.26,20.7,-0.146,11.4,0.00135,21.2,0.8
473,6,29.26,22.8,0.01,5.0,0.00192,18.7,0.58
473,7,29.26,21.46,-0.103,8.2,0.00141,18.4,0.96
473,8,29.26,18.57,-0.379,40.8,0.00233,16.9,0.37
474,1,26.14,21.56,-0.08,7.0,0.00166,17.2,0.95
474,2,26.14,20.07,-0.195,16.2,0.00204,19.9,0.09
474,3,26.14,21.8,-0.037,5.4,0.0013,23.3,0.84
474,4,26.14,21.6,-0.089,7.5,0.0018,16.6,0.54
474,5,26.14,21.22,-0.024,5.2,0.00236,21.6,0.07
474,6,26.14,22.02,-0.017,5.1,0.00184,20.1,0.81
474,7,26.14,22.73,0.073,6.7,0.00139,23.8,0.64
474,8,26.14,22.16,-0.014,5.1,0.00186,21.0,0.37
475,1,27.43,21.16,-0.042,5.6,0.00275,16.7,0.66
475,2,27.43,21.7,-0.039,5.5,0.00146,16.0,0.62
475,3,27.43,22.48,-0.0,5.0,0.00202,18.2,0.75
475,4,27.43,22.63,0.042,5.6,0.00208,21.7,0.92
475,5,27.43,21.27,-0.115,9.1,0.0025,16.0,0.52
475,6,27.43,20.19,-0.23,20.2,0.00193,23.4,0.64
475,7,27.43,20.78,-0.125,9.8,0.00257,18.8,0.93
475,8,27.43,21.44,-0.057,6.0,0.00146,23.8,0.96
476,1,28.02,22.1,0.013,5.1,0.00262,18.7,0.36
476,2,28.02,20.17,-0.223,19.4,0.00232,16.3,0.75
476,3,28.02,18.91,-0.337,34.7,0.00202,21.8,0.75
476,4,28.02,20.28,-0.175,14.1,0.00161,18.1,0.33
476,5,28.02,21.71,-0.01,5.0,0.00264,17.7,0.79
476,6,28.02,21.81,-0.009,5.0,0.00209,21.7,0.69
476,7,28.02,22.24,-0.017,5.1,0.00274,20.2,0.02
476,8,28.02,21.91,0.019,5.1,0.00161,17.3,0.23
477,1,28.76,20.98,-0.06,6.1,0.00216,17.0,0.55
477,2,28.76,22.95,0.095,7.8,0.00184,18.8,0.17
477,3,28.76,23.59,0.103,8.2,0.00184,23.9,0.5
477,4,28.76,21.4,0.012,5.0,0.00208,22.9,0.55
477,5,28.76,19.98,-0.213,18.2,0.00271,19.9,0.22
477,6,28.76,21.07,-0.088,7.4,0.00141,20.5,0.32
477,7,28.76,19.47,-0.255,23.4,0.00129,24.0,0.14
477,8,28.76,21.61,-0.073,6.6,0.0015,16.4,0.46
478,1,27.9,20.13,-0.185,15.1,0.0026,16.8,0.93
478,2,27.9,21.52,-0.015,5.1,0.00257,19.4,0.74
478,3,27.9,22.69,0.038,5.5,0.00271,17.0,0.81
478,4,27.9,20.59,-0.152,12.0,0.00164,21.6,0.05
478,5,27.9,22.84,0.119,9.4,0.0024,20.5,0.58
478,6,27.9,21.45,-0.023,5.2,0.00163,24.0,0.72
478,7,27.9,21.58,-0.028,5.2,0.00156,18.1,0.74
478,8,27.9,21.32,-0.087,7.4,0.00207,18.0,0.16
479,1,28.93,22.02,0.071,6.6,0.00192,16.0,0.09
479,2,28.93,20.63,-0.132,10.3,0.00205,21.6,0.12
479,3,28.93,22.24,0.043,5.6,0.00177,19.3,0.71
479,4,28.93,24.64,0.246,22.2,0.00222,18.4,0.82
479,5,28.93,22.73,0.074,6.7,0.00165,22.4,0.59
479,6,28.93,21.59,-0.04,5.5,0.00201,16.6,0.15
479,7,28.93,22.25,-0.016,5.1,0.00129,19.5,0.87
479,8,28.93,22.09,-0.018,5.1,0.00249,22.6,0.91
480,1,29.14,18.63,-0.34,35.2,0.00174,21.2,0.35
480,2,29.14,18.78,-0.335,34.4,0.00181,20.3,0.64
480,3,29.14,23.5,0.167,13.4,0.00246,22.6,0.56
480,4,29.14,21.71,-0.013,5.1,0.00255,21.9,0.34
480,5,29.14,20.94,-0.126,9.8,0.00274,23.2,0.23
480,6,29.14,20.52,-0.115,9.0,0.00135,23.8,0.36
480,7,29.14,20.94,-0.122,9.6,0.00192,20.3,0.78
480,8,29.14,20.44,-0.165,13.2,0.00258,19.5,0.41
481,1,28.85,24.26,0.279,26.5,0.00182,21.7,0.62
481,2,28.85,21.59,-0.043,5.6,0.00265,20.3,0.65
481,3,28.85,21.41,-0.056,6.0,0.00178,17.7,0.54
481,4,28.85,22.88,0.046,5.7,0.00135,18.1,0.65
481,5,28.85,19.69,-0.221,19.1,0.00196,16.5,0.67
481,6,28.85,22.28,0.025,5.2,0.00192,19.5,0.64
481,7,28.85,22.25,0.045,5.6,0.00261,22.6,0.61
481,8,28.85,20.81,-0.124,9.7,0.00181,23.4,0.45
482,1,29.63,21.81,-0.004,5.0,0.00175,19.2,0.31
482,2,29.63,21.48,-0.057,6.0,0.00253,22.8,0.56
482,3,29.63,22.18,0.046,5.7,0.00175,19.4,0.67
482,4,29.63,21.26,-0.053,5.9,0.00237,22.6,0.76
482,5,29.63,21.94,-0.014,5.1,0.00155,23.1,0.67
482,6,29.63,23.03,0.11,8.7,0.00159,16.7,0.62
482,7,29.63,23.1,0.128,10.0,0.00165,23.2,0.31
482,8,29.63,21.31,-0.046,5.7,0.00261,18.4,0.16
483,1,29.45,20.06,-0.231,20.4,0.00249,18.2,0.94
483,2,29.45,21.0,-0.111,8.8,0.00198,21.2,0.68
483,3,29.45,23.27,0.135,10.5,0.00183,20.7,0.74
483,4,29.45,21.6,-0.019,5.1,0.0017,18.8,0.46
483,5,29.45,21.01,-0.118,9.2,0.00251,22.0,0.12
483,6,29.45,22.07,0.051,5.8,0.00161,19.2,0.53
483,7,29.45,21.56,-0.004,5.0,0.0017,18.6,0.62
483,8,29.45,21.74,-0.052,5.9,0.00162,20.7,0.39
484,1,30.88,21.38,-0.075,6.8,0.00168,18.5,0.04
484,2,30.88,21.4,-0.031,5.3,0.00179,23.3,0.83
484,3,30.88,24.91,0.216,18.6,0.00218,17.6,0.52
484,4,30.88,23.33,0.137,10.7,0.00145,21.2,0.31
484,5,30.88,19.86,-0.19,15.7,0.00176,23.5,0.87
484,6,30.88,22.38,0.048,5.7,0.00217,22.3,0.61
484,7,30.88,21.62,-0.064,6.3,0.00171,23.6,0.88
484,8,30.88,21.94,0.044,5.6,0.0026,18.7,0.75
485,1,29.24,21.76,0.033,5.3,0.00235,21.3,0.37
485,2,29.24,21.46,-0.037,5.4,0.00255,22.6,0.25
485,3,29.24,22.73,0.046,5.7,0.00136,23.5,0.58
485,4,29.24,22.46,-0.003,5.0,0.00181,17.1,0.95
485,5,29.24,23.49,0.187,15.4,0.0026,21.9,0.08
485,6,29.24,22.45,0.088,7.4,0.00152,19.7,0.27
485,7,29.24,23.13,0.135,10.5,0.0016,20.1,0.42
485,8,29.24,18.96,-0.33,33.7,0.00168,23.9,0.87
486,1,31.4,20.75,-0.105,8.4,0.00194,16.8,0.15
486,2,31.4,21.38,-0.001,5.0,0.0025,17.7,0.55
486,3,31.4,23.89,0.173,13.9,0.00278,21.2,0.66
486,4,31.4,21.93,-0.019,5.1,0.00197,22.8,0.36
486,5,31.4,20.98,-0.117,9.2,0.0024,19.0,0.66
486,6,31.4,20.48,-0.206,17.4,0.00192,18.1,0.08
486,7,31.4,20.52,-0.169,13.5,0.00163,21.5,0.69
486,8,31.4,21.05,-0.091,7.6,0.00234,21.9,0.32
487,1,31.24,20.72,-0.159,12.6,0.00136,23.3,0.47
487,2,31.24,21.38,-0.075,6.7,0.00257,21.8,0.24
487,3,31.24,21.98,0.006,5.0,0.00132,23.5,0.3
487,4,31.24,23.11,0.103,8.3,0.00202,17.5,0.11
487,5,31.24,21.43,-0.128,10.0,0.00239,22.4,0.19
487,6,31.24,21.15,-0.042,5.5,0.00203,23.5,0.98
487,7,31.24,24.38,0.273,25.7,0.00274,19.5,0.09
487,8,31.24,21.44,-0.103,8.3,0.00246,21.0,0.62
488,1,29.52,20.54,-0.156,12.3,0.00201,19.7,0.25
488,2,29.52,22.94,0.15,11.8,0.00179,23.3,0.9
488,3,29.52,21.31,-0.131,10.2,0.00239,22.2,0.39
488,4,29.52,22.71,0.039,5.5,0.00187,18.2,0.35
488,5,29.52,21.71,0.011,5.0,0.00135,22.8,0.42
488,6,29.52,20.27,-0.17,13.6,0.00161,18.4,0.47
488,7,29.52,21.38,-0.06,6.1,0.00179,20.8,0.55
488,8,29.52,22.88,0.037,5.4,0.00147,18.5,0.1
489,1,31.58,21.2,-0.074,6.7,0.0016,21.1,0.14
489,2,31.58,20.37,-0.197,16.5,0.00222,18.7,0.52
489,3,31.58,21.68,-0.042,5.6,0.00164,17.5,0.44
489,4,31.58,20.34,-0.234,20.7,0.002,19.6,0.47
489,5,31.58,23.16,0.086,7.3,0.00244,18.5,0.21
489,6,31.58,17.97,-0.429,48.2,0.00274,21.7,0.64
489,7,31.58,23.15,0.123,9.6,0.00192,22.7,0.53
489,8,31.58,21.86,-0.004,5.0,0.00245,21.1,0.6
490,1,30.52,20.77,-0.156,12.3,0.00221,21.7,0.94
490,2,30.52,19.95,-0.173,13.9,0.00205,19.2,0.28
490,3,30.52,20.05,-0.255,23.4,0.00248,20.4,0.91
490,4,30.52,20.02,-0.193,16.0,0.00168,21.3,0.86
490,5,30.52,20.88,-0.098,8.0,0.00174,21.9,0.94
490,6,30.52,21.99,-0.024,5.2,0.00229,23.5,0.27
490,7,30.52,22.62,0.094,7.7,0.00228,21.0,0.93
490,8,30.52,19.2,-0.258,23.7,0.00199,16.8,0.9
491,1,29.32,20.86,-0.062,6.2,0.00266,18.4,0.45
491,2,29.32,22.16,-0.058,6.0,0.00166,16.6,0.64
491,3,29.32,20.37,-0.159,12.6,0.00247,22.3,0.5
491,4,29.32,22.76,0.063,6.2,0.00157,16.3,0.24
491,5,29.32,20.72,-0.103,8.3,0.00255,16.4,0.24
491,6,29.32,21.12,-0.064,6.3,0.00151,23.3,0.16
491,7,29.32,22.79,0.087,7.3,0.00143,22.3,0.9
491,8,29.32,22.16,0.009,5.0,0.00273,22.5,0.08
492,1,29.38,22.62,0.083,7.1,0.00232,23.6,0.61
492,2,29.38,23.34,0.195,16.2,0.00176,21.4,0.69
492,3,29.38,22.55,0.12,9.4,0.0026,20.8,0.35
492,4,29.38,22.11,-0.032,5.3,0.0026,19.7,0.52
492,5,29.38,20.31,-0.146,11.4,0.00204,16.5,0.07
492,6,29.38,22.64,0.127,9.9,0.00151,22.4,0.08
492,7,29.38,21.71,-0.017,5.1,0.00164,18.6,0.49
492,8,29.38,21.09,-0.097,7.9,0.00164,17.4,0.18
493,1,27.85,22.29,0.053,5.9,0.00175,22.3,0.38
493,2,27.85,22.85,0.095,7.8,0.00161,17.9,0.67
493,3,27.85,21.24,-0.071,6.6,0.0022,22.2,0.24
493,4,27.85,23.55,0.179,14.5,0.00198,21.8,1.0
493,5,27.85,19.01,-0.278,26.3,0.00241,21.6,0.4
493,6,27.85,21.18,-0.126,9.9,0.00227,19.6,0.67
493,7,27.85,20.02,-0.179,14.5,0.00273,22.1,0.56
493,8,27.85,22.72,0.071,6.6,0.00152,22.8,0.57
494,1,27.29,20.56,-0.144,11.3,0.00175,20.7,0.7
494,2,27.29,19.8,-0.229,20.1,0.00162,21.7,0.72
494,3,27.29,20.93,-0.148,11.6,0.00188,23.2,0.55
494,4,27.29,19.08,-0.25,22.7,0.00176,22.2,0.66
494,5,27.29,22.43,0.07,6.5,0.00205,22.1,0.58
494,6,27.29,21.39,-0.015,5.1,0.00229,17.2,0.19
494,7,27.29,22.99,0.097,7.9,0.00233,18.0,0.09
494,8,27.29,23.73,0.211,18.0,0.00198,16.1,0.45
495,1,28.97,22.51,-0.015,5.1,0.0024,23.0,0.51
495,2,28.97,23.18,0.118,9.3,0.00193,17.9,0.73
495,3,28.97,21.33,-0.049,5.7,0.0027,17.7,0.08
495,4,28.97,23.19,0.136,10.6,0.00269,18.0,0.56
495,5,28.97,20.73,-0.084,7.2,0.00248,22.8,0.39
495,6,28.97,20.04,-0.254,23.2,0.00141,20.5,0.7
495,7,28.97,21.93,0.019,5.1,0.0017,19.7,0.38
495,8,28.97,20.63,-0.161,12.8,0.00141,18.2,0.91
496,1,28.11,23.29,0.145,11.4,0.00216,16.9,0.11
496,2,28.11,20.61,-0.161,12.8,0.00259,22.6,0.85
496,3,28.11,22.23,0.006,5.0,0.00274,23.5,0.32
496,4,28.11,18.43,-0.338,34.8,0.00149,21.6,0.6
496,5,28.11,24.76,0.255,23.3,0.00272,19.2,0.16
496,6,28.11,20.68,-0.166,13.3,0.00273,17.3,0.65
496,7,28.11,20.45,-0.113,8.9,0.00192,16.6,0.21
496,8,28.11,19.73,-0.21,17.9,0.00242,17.1,0.04
497,1,27.05,21.68,-0.05,5.8,0.00209,22.0,0.04
497,2,27.05,20.06,-0.221,19.1,0.0017,17.3,0.7
497,3,27.05,21.03,-0.085,7.2,0.0022,22.7,0.27
497,4,27.05,21.54,-0.036,5.4,0.00135,18.4,0.97
497,5,27.05,23.44,0.187,15.3,0.00206,21.4,0.47
497,6,27.05,22.37,-0.017,5.1,0.00258,22.9,0.08
497,7,27.05,21.73,-0.063,6.2,0.00167,18.4,0.85
497,8,27.05,21.57,-0.025,5.2,0.00239,16.6,0.2
498,1,28.14,21.66,-0.05,5.8,0.00131,22.0,0.29
498,2,28.14,23.5,0.149,11.7,0.00139,17.5,0.31
498,3,28.14,22.58,0.033,5.3,0.00166,19.5,0.21
498,4,28.14,22.02,0.022,5.1,0.00252,16.3,0.6
498,5,28.14,23.46,0.122,9.6,0.00256,16.2,0.34
498,6,28.14,20.38,-0.157,12.4,0.00143,20.0,0.61
498,7,28.14,20.36,-0.185,15.1,0.00234,16.2,0.56
498,8,28.14,22.96,0.085,7.2,0.00215,23.8,0.23
499,1,27.12,21.58,-0.014,5.1,0.00219,19.2,0.78
499,2,27.12,22.52,0.082,7.1,0.00133,18.6,0.86
499,3,27.12,21.38,-0.113,8.9,0.00151,23.0,0.79
499,4,27.12,24.83,0.282,27.0,0.00161,22.8,0.98
499,5,27.12,21.64,-0.008,5.0,0.00241,19.5,0.36
499,6,27.12,22.2,-0.006,5.0,0.0023,21.1,0.79
499,7,27.12,21.7,-0.033,5.3,0.00263,22.4,0.51
499,8,27.12,20.28,-0.154,12.2,0.00231,18.3,0.21
500,1,26.61,22.15,0.031,5.3,0.00251,23.2,0.07
500,2,26.61,20.79,-0.127,9.9,0.00184,23.2,0.28
500,3,26.61,20.93,-0.124,9.7,0.00248,18.7,0.08
500,4,26.61,21.64,-0.03,5.3,0.00147,16.5,0.03
500,5,26.61,22.19,0.03,5.3,0.00162,17.3,0.32
500,6,26.61,22.07,0.008,5.0,0.00139,22.3,0.4
500,7,26.61,20.58,-0.139,10.9,0.00138,20.7,0.1
500,8,26.61,21.48,-0.028,5.2,0.0016,22.2,0.54
501,1,26.91,20.59,-0.146,11.4,0.00185,23.9,0.5
501,2,26.91,23.24,0.11,8.7,0.00138,22.0,0.29
501,3,26.91,22.62,0.106,8.5,0.00143,23.7,0.06
501,4,26.91,22.61,0.052,5.9,0.0017,20.0,0.82
501,5,26.91,23.06,0.05,5.8,0.00128,18.9,0.38
501,6,26.91,19.15,-0.289,27.9,0.00134,16.2,0.28
501,7,26.91,22.34,0.048,5.7,0.00137,17.9,0.19
501,8,26.91,22.16,-0.017,5.1,0.00155,19.7,0.52
502,1,26.67,22.55,0.045,5.6,0.0019,20.3,0.98
502,2,26.67,21.43,-0.059,6.1,0.00161,18.5,0.83
502,3,26.67,19.65,-0.245,22.1,0.00158,22.5,0.83
502,4,26.67,21.51,-0.067,6.4,0.00254,23.6,0.65
502,5,26.67,20.72,-0.146,11.4,0.00255,16.6,0.21
502,6,26.67,22.76,0.093,7.7,0.0023,19.8,0.77
502,7,26.67,23.34,0.154,12.1,0.00155,18.3,0.23
502,8,26.67,22.84,0.049,5.8,0.00274,23.9,0.78
503,1,28.54,20.65,-0.108,8.6,0.00187,17.9,0.9
503,2,28.54,21.87,0.027,5.2,0.00212,20.8,0.38
503,3,28.54,21.64,-0.049,5.8,0.00276,22.2,0.71
503,4,28.54,18.75,-0.326,33.1,0.00177,18.5,0.17
503,5,28.54,20.95,-0.118,9.3,0.00263,23.4,0.82
503,6,28.54,21.56,-0.024,5.2,0.00221,21.3,0.3
503,7,28.54,19.48,-0.302,29.7,0.00225,17.0,0.72
503,8,28.54,21.74,-0.055,5.9,0.00132,20.1,0.31
504,1,29.52,23.18,0.149,11.7,0.00264,16.4,0.04
504,2,29.52,22.56,0.02,5.1,0.00219,21.5,0.18
504,3,29.52,22.87,0.094,7.7,0.00183,19.6,0.53
504,4,29.52,18.22,-0.435,49.2,0.00227,16.1,0.74
504,5,29.52,22.68,0.055,5.9,0.0022,16.9,0.15
504,6,29.52,22.9,0.055,6.0,0.0017,22.8,0.19
504,7,29.52,22.69,0.063,6.2,0.00248,19.2,0.25
504,8,29.52,20.78,-0.11,8.7,0.00217,19.5,0.59
505,1,29.1,21.31,-0.097,7.9,0.00196,21.7,0.17
505,2,29.1,20.54,-0.178,14.5,0.0014,19.1,0.33
505,3,29.1,23.61,0.144,11.2,0.00248,21.6,0.97
505,4,29.1,22.84,0.061,6.2,0.00221,20.1,0.39
505,5,29.1,20.77,-0.078,6.9,0.00244,16.5,0.97
505,6,29.1,20.68,-0.163,13.0,0.00181,18.7,0.36
505,7,29.1,20.13,-0.173,14.0,0.00159,17.8,0.62
505,8,29.1,22.31,-0.011,5.0,0.00261,20.1,0.19
506,1,30.12,24.1,0.13,10.2,0.00255,23.2,0.41
506,2,30.12,23.94,0.155,12.2,0.00136,21.2,0.08
506,3,30.12,21.07,-0.114,9.0,0.00235,22.2,0.46
506,4,30.12,21.92,0.028,5.2,0.0015,16.1,0.03
506,5,30.12,22.25,0.056,6.0,0.00239,16.4,0.38
506,6,30.12,21.64,-0.058,6.1,0.00241,21.2,0.47
506,7,30.12,20.9,-0.183,15.0,0.00155,21.3,0.42
506,8,30.12,22.8,0.085,7.2,0.00244,23.0,0.75
507,1,30.71,19.43,-0.245,22.1,0.00144,17.5,0.99
507,2,30.71,21.44,-0.026,5.2,0.00273,20.6,0.87
507,3,30.71,19.91,-0.168,13.4,0.00204,18.4,0.25
507,4,30.71,21.31,-0.053,5.9,0.00257,21.2,0.16
507,5,30.71,21.24,-0.02,5.1,0.0015,22.7,0.08
507,6,30.71,21.51,-0.055,5.9,0.00156,23.5,0.58
507,7,30.71,21.5,-0.048,5.7,0.00269,16.6,0.08
507,8,30.71,20.06,-0.242,21.7,0.00207,22.7,0.82
508,1,31.36,21.04,-0.071,6.6,0.00246,17.1,0.62
508,2,31.36,21.03,-0.099,8.0,0.00138,19.3,0.95
508,3,31.36,22.3,0.048,5.7,0.00273,19.1,0.78
508,4,31.36,19.64,-0.238,21.2,0.00143,18.4,0.74
508,5,31.36,20.39,-0.131,10.2,0.00143,20.9,0.64
508,6,31.36,20.82,-0.149,11.7,0.00203,22.8,0.66
508,7,31.36,22.28,0.038,5.4,0.00187,17.9,0.27
508,8,31.36,22.31,0.008,5.0,0.00167,22.8,0.47
509,1,29.24,20.79,-0.125,9.8,0.00258,19.1,0.62
509,2,29.24,22.54,-0.012,5.0,0.0014,21.9,0.65
509,3,29.24,23.04,0.121,9.5,0.00136,21.0,0.92
509,4,29.24,20.32,-0.16,12.7,0.00196,18.9,0.57
509,5,29.24,19.19,-0.261,24.1,0.00157,16.6,0.53
509,6,29.24,22.1,0.004,5.0,0.00147,23.8,0.95
509,7,29.24,19.52,-0.228,20.0,0.00207,19.9,0.1
509,8,29.24,20.93,-0.153,12.1,0.0019,16.2,0.26
510,1,31.11,19.18,-0.263,24.3,0.00265,23.2,0.79
510,2,31.11,22.91,0.055,5.9,0.00166,19.6,0.4
510,3,31.11,21.92,0.049,5.7,0.00152,23.3,0.37
510,4,31.11,21.1,-0.111,8.8,0.00244,22.9,0.4
510,5,31.11,20.11,-0.239,21.3,0.00154,21.9,0.94
510,6,31.11,21.41,-0.018,5.1,0.00167,16.8,0.92
510,7,31.11,22.52,0.072,6.6,0.00213,22.3,0.99
510,8,31.11,23.55,0.171,13.8,0.00229,16.8,0.31
511,1,30.46,21.18,-0.088,7.4,0.00212,19.5,0.08
511,2,30.46,20.43,-0.156,12.3,0.00196,19.5,0.14
511,3,30.46,21.91,-0.041,5.5,0.00152,18.9,0.02
511,4,30.46,20.71,-0.125,9.8,0.00133,16.2,0.54
511,5,30.46,24.18,0.188,15.5,0.00222,23.1,0.55
511,6,30.46,20.53,-0.158,12.5,0.00138,17.0,0.32
511,7,30.46,21.01,-0.076,6.8,0.00147,17.1,0.63
511,8,30.46,22.46,-0.013,5.1,0.00202,17.7,0.28
512,1,31.67,21.26,-0.057,6.0,0.00202,19.1,0.11
512,2,31.67,21.88,-0.031,5.3,0.00154,20.5,0.74
512,3,31.67,20.88,-0.087,7.4,0.0024,20.0,0.73
512,4,31.67,20.15,-0.144,11.3,0.00158,23.8,0.9
512,5,31.67,21.97,0.002,5.0,0.00168,19.7,0.72
512,6,31.67,20.75,-0.085,7.2,0.0014,20.2,0.84
512,7,31.67,21.08,-0.091,7.6,0.00277,18.8,0.58
512,8,31.67,20.59,-0.136,10.7,0.00188,18.8,0.96
513,1,29.91,21.81,-0.003,5.0,0.0026,21.6,0.89
513,2,29.91,20.63,-0.147,11.5,0.00146,20.7,0.58
513,3,29.91,21.1,-0.071,6.6,0.00221,19.3,0.02
513,4,29.91,20.45,-0.124,9.7,0.00137,23.2,0.73
513,5,29.91,22.64,0.073,6.7,0.00264,17.3,0.99
513,6,29.91,22.64,0.108,8.6,0.00145,17.7,0.73
513,7,29.91,22.8,0.14,10.9,0.00253,23.6,0.8
513,8,29.91,20.94,-0.06,6.1,0.00241,18.5,0.03
514,1,28.97,22.75,0.077,6.8,0.00217,18.2,0.09
514,2,28.97,22.63,0.057,6.0,0.00214,21.8,0.57
514,3,28.97,22.19,-0.003,5.0,0.00137,22.2,0.67
514,4,28.97,24.15,0.234,20.8,0.00163,20.8,0.85
514,5,28.97,21.81,-0.016,5.1,0.00197,22.7,0.28
514,6,28.97,23.51,0.143,11.2,0.00203,16.9,0.43
514,7,28.97,22.31,0.035,5.4,0.00189,22.0,0.21
514,8,28.97,21.68,-0.05,5.8,0.00205,20.5,0.38
515,1,28.47,21.39,-0.016,5.1,0.0018,21.8,0.75
515,2,28.47,21.21,-0.126,9.8,0.00271,20.6,0.75
515,3,28.47,21.81,0.023,5.2,0.00257,23.6,0.55
515,4,28.47,22.54,0.065,6.3,0.00189,21.9,0.41
515,5,28.47,21.0,-0.062,6.2,0.00179,16.3,0.77
515,6,28.47,20.92,-0.096,7.9,0.00189,16.9,0.62
515,7,28.47,21.03,-0.094,7.7,0.00146,23.2,0.04
515,8,28.47,21.58,-0.102,8.2,0.00215,20.0,0.64
516,1,29.15,21.71,-0.048,5.7,0.00131,21.5,0.56
516,2,29.15,22.46,0.043,5.6,0.00173,19.7,0.67
516,3,29.15,22.72,0.123,9.6,0.00191,21.3,0.14
516,4,29.15,21.01,-0.139,10.9,0.0016,19.8,0.91
516,5,29.15,18.07,-0.402,44.2,0.00231,21.5,0.41
516,6,29.15,21.67,-0.035,5.4,0.00142,19.0,0.93
516,7,29.15,21.75,-0.051,5.8,0.00238,22.1,0.04
516,8,29.15,22.6,0.061,6.2,0.00236,19.4,0.14
517,1,27.85,22.28,0.071,6.6,0.0018,18.3,0.72
517,2,27.85,23.52,0.135,10.5,0.00259,22.3,0.02
517,3,27.85,21.59,0.049,5.8,0.00174,21.8,0.17
517,4,27.85,22.71,0.07,6.5,0.00262,17.9,0.98
517,5,27.85,21.0,-0.101,8.2,0.00132,19.5,0.39
517,6,27.85,22.99,0.107,8.5,0.00135,16.1,0.82
517,7,27.85,21.53,-0.145,11.4,0.00135,16.4,0.05
517,8,27.85,21.48,-0.061,6.2,0.0018,22.3,0.42
518,1,27.02,22.96,0.036,5.4,0.00238,21.7,0.61
518,2,27.02,21.06,-0.104,8.4,0.00141,17.0,0.77
518,3,27.02,21.99,-0.038,5.5,0.00145,19.2,0.14
518,4,27.02,22.5,0.077,6.9,0.00153,18.4,0.43
518,5,27.02,21.48,-0.034,5.4,0.00259,21.8,0.13
518,6,27.02,21.64,-0.053,5.9,0.0026,19.3,0.15
518,7,27.02,19.37,-0.224,19.5,0.00251,18.3,0.5
518,8,27.02,20.29,-0.212,18.1,0.00224,18.8,0.8
519,1,29.05,22.27,0.015,5.1,0.00202,18.5,0.33
519,2,29.05,21.05,-0.078,6.9,0.00255,23.8,0.88
519,3,29.05,22.28,0.047,5.7,0.00247,20.6,0.67
519,4,29.05,21.59,-0.107,8.5,0.0018,21.9,0.23
519,5,29.05,21.21,-0.086,7.3,0.00222,17.8,0.36
519,6,29.05,23.11,0.105,8.4,0.00149,20.7,0.69
519,7,29.05,21.28,-0.08,7.0,0.00262,21.8,0.86
519,8,29.05,20.9,-0.133,10.4,0.00129,23.9,0.41
520,1,28.58,20.34,-0.118,9.3,0.00207,21.1,0.65
520,2,28.58,21.22,-0.029,5.3,0.00219,16.6,0.9
520,3,28.58,20.17,-0.172,13.8,0.00185,22.6,0.64
520,4,28.58,20.88,-0.099,8.0,0.00131,23.8,0.63
520,5,28.58,22.77,0.036,5.4,0.00151,21.2,0.39
520,6,28.58,20.55,-0.147,11.5,0.00188,18.5,0.02
520,7,28.58,21.74,-0.013,5.1,0.0027,20.9,0.97
520,8,28.58,21.43,0.047,5.7,0.00227,21.0,0.3
521,1,27.34,20.65,-0.123,9.6,0.0023,17.0,0.97
521,2,27.34,22.39,-0.008,5.0,0.0017,23.7,0.79
521,3,27.34,20.01,-0.236,21.0,0.0015,21.3,0.39
521,4,27.34,19.97,-0.179,14.6,0.00265,17.4,0.18
521,5,27.34,20.26,-0.174,14.0,0.00248,16.3,0.07
521,6,27.34,20.89,-0.097,7.9,0.00233,16.7,0.27
521,7,27.34,22.57,0.074,6.7,0.00232,23.1,0.75
521,8,27.34,22.62,0.041,5.5,0.00234,17.3,0.44
522,1,27.21,20.78,-0.153,12.1,0.00193,22.6,0.49
522,2,27.21,22.33,0.038,5.5,0.00198,20.2,0.04
522,3,27.21,21.12,-0.071,6.6,0.00133,23.9,0.97
522,4,27.21,20.52,-0.161,12.8,0.00131,22.8,0.07
522,5,27.21,21.22,-0.035,5.4,0.00205,16.4,0.51
522,6,27.21,23.41,0.162,12.9,0.00203,22.3,0.32
522,7,27.21,22.93,0.113,8.9,0.00239,19.0,0.95
522,8,27.21,21.0,-0.08,7.0,0.00194,23.0,0.84
523,1,27.09,23.66,0.16,12.7,0.00225,19.6,0.91
523,2,27.09,19.81,-0.252,22.9,0.00162,17.3,0.56
523,3,27.09,20.71,-0.066,6.3,0.00255,19.4,0.42
523,4,27.09,19.6,-0.227,19.9,0.00184,20.5,0.79
523,5,27.09,20.41,-0.222,19.2,0.00244,16.5,0.6
523,6,27.09,22.17,-0.011,5.0,0.00179,21.4,0.54
523,7,27.09,21.33,-0.057,6.0,0.00165,17.9,0.85
523,8,27.09,23.0,0.085,7.2,0.00146,17.8,0.01
524,1,27.8,20.36,-0.149,11.7,0.00253,20.9,0.37
524,2,27.8,21.55,-0.049,5.7,0.00261,16.9,0.33
524,3,27.8,21.91,0.012,5.0,0.00179,19.9,0.16
524,4,27.8,21.97,-0.025,5.2,0.00208,19.5,0.66
524,5,27.8,20.59,-0.149,11.7,0.00208,18.7,0.45
524,6,27.8,20.33,-0.162,12.8,0.0021,17.1,0.45
524,7,27.8,22.8,0.097,7.9,0.00219,17.1,0.42
524,8,27.8,20.86,-0.086,7.3,0.00179,20.8,0.9
525,1,27.69,22.41,0.012,5.0,0.00165,21.6,0.54
525,2,27.69,22.01,0.008,5.0,0.0025,23.0,0.1
525,3,27.69,21.54,0.011,5.0,0.00222,18.2,0.79
525,4,27.69,23.62,0.14,10.9,0.00276,22.2,0.67
525,5,27.69,21.3,-0.147,11.5,0.00145,16.5,0.36
525,6,27.69,22.55,0.025,5.2,0.00229,23.9,0.79
525,7,27.69,21.73,-0.035,5.4,0.00162,22.0,0.04
525,8,27.69,21.07,-0.118,9.3,0.00258,17.6,0.75
526,1,29.46,21.63,0.006,5.0,0.0023,22.6,0.18
526,2,29.46,19.23,-0.259,23.9,0.00156,22.7,0.25
526,3,29.46,19.88,-0.181,14.7,0.00209,16.1,0.73
526,4,29.46,22.58,0.009,5.0,0.00214,20.0,0.44
526,5,29.46,22.18,0.036,5.4,0.00213,16.7,0.38
526,6,29.46,22.28,0.036,5.4,0.0022,21.4,0.54
526,7,29.46,21.08,-0.05,5.8,0.00176,18.9,0.53
526,8,29.46,19.9,-0.209,17.8,0.00221,17.7,0.2
527,1,29.28,19.56,-0.341,35.2,0.00247,19.6,0.33
527,2,29.28,21.72,-0.012,5.0,0.00167,21.7,0.4
527,3,29.28,22.4,0.05,5.8,0.0023,20.8,0.9
527,4,29.28,23.42,0.141,11.1,0.00192,17.5,0.28
527,5,29.28,21.25,-0.046,5.6,0.00269,23.7,0.61
527,6,29.28,22.86,0.133,10.4,0.00157,20.8,0.21
527,7,29.28,19.67,-0.291,28.1,0.00132,22.7,0.74
527,8,29.28,21.84,-0.056,6.0,0.00268,17.5,0.61
528,1,30.07,21.24,-0.1,8.1,0.00275,19.0,0.86
528,2,30.07,21.8,0.032,5.3,0.00178,23.0,0.2
528,3,30.07,23.3,0.067,6.4,0.00214,19.0,0.01
528,4,30.07,22.98,0.061,6.2,0.0025,19.3,0.9
528,5,30.07,20.85,-0.103,8.3,0.00217,22.1,0.44
528,6,30.07,22.06,0.003,5.0,0.00242,17.6,0.0
528,7,30.07,20.96,-0.086,7.3,0.00264,22.0,0.59
528,8,30.07,19.29,-0.31,30.8,0.00163,23.9,0.47
529,1,30.7,20.25,-0.187,15.4,0.00262,17.6,0.89
529,2,30.7,19.08,-0.358,37.8,0.00167,21.5,0.66
529,3,30.7,20.36,-0.169,13.6,0.00277,22.3,0.11
529,4,30.7,21.39,-0.085,7.2,0.0015,17.7,0.57
529,5,30.7,23.54,0.184,15.0,0.00185,17.6,0.06
529,6,30.7,20.1,-0.167,13.4,0.0027,21.8,0.13
529,7,30.7,21.81,0.022,5.2,0.00239,17.2,0.74
529,8,30.7,22.49,0.033,5.3,0.00189,22.2,0.22
530,1,31.1,22.59,0.043,5.6,0.00179,23.0,0.71
530,2,31.1,20.1,-0.154,12.2,0.00226,19.2,0.12
530,3,31.1,20.68,-0.153,12.0,0.00263,19.4,0.68
530,4,31.1,22.69,0.058,6.1,0.00231,19.7,0.93
530,5,31.1,21.44,-0.054,5.9,0.00243,17.1,0.62
530,6,31.1,20.05,-0.22,19.0,0.00268,20.9,0.2
530,7,31.1,21.23,-0.064,6.3,0.00183,22.6,0.18
530,8,31.1,20.95,-0.084,7.2,0.00251,21.9,0.31
531,1,28.51,22.54,0.138,10.8,0.00153,19.8,0.07
531,2,28.51,20.7,-0.167,13.3,0.00204,23.6,0.61
531,3,28.51,21.98,0.008,5.0,0.00255,17.0,0.82
531,4,28.51,22.71,0.019,5.1,0.00251,21.5,0.67
531,5,28.51,22.97,0.123,9.6,0.00199,22.4,0.9
531,6,28.51,23.16,0.167,13.3,0.00235,18.9,0.88
531,7,28.51,19.66,-0.252,22.9,0.00155,18.4,0.07
531,8,28.51,22.19,0.002,5.0,0.0019,20.0,0.32
532,1,32.41,21.38,-0.093,7.7,0.00181,20.1,0.85
532,2,32.41,22.09,-0.041,5.5,0.00171,22.7,0.19
532,3,32.41,22.1,-0.018,5.1,0.00183,16.4,0.34
532,4,32.41,20.69,-0.151,11.9,0.00199,19.1,0.05
532,5,32.41,22.64,0.086,7.3,0.00138,19.4,0.54
532,6,32.41,20.99,-0.055,5.9,0.00182,22.5,0.91
532,7,32.41,20.17,-0.239,21.3,0.00162,23.3,0.9
532,8,32.41,21.8,-0.026,5.2,0.00202,19.8,0.55
533,1,29.27,21.89,0.016,5.1,0.00205,18.3,0.68
533,2,29.27,19.56,-0.25,22.7,0.00217,16.8,0.31
533,3,29.27,21.85,0.026,5.2,0.00266,23.4,0.86
533,4,29.27,19.56,-0.23,20.2,0.00143,17.4,0.36
533,5,29.27,22.67,0.118,9.3,0.00177,17.9,0.12
533,6,29.27,21.98,-0.024,5.2,0.00185,23.9,0.92
533,7,29.27,21.4,-0.044,5.6,0.00217,22.7,0.35
533,8,29.27,20.99,-0.087,7.3,0.00198,18.2,0.66
534,1,31.66,22.0,-0.012,5.0,0.00137,16.0,0.49
534,2,31.66,21.82,-0.033,5.3,0.00171,19.4,0.63
534,3,31.66,21.76,-0.032,5.3,0.00257,20.4,0.78
534,4,31.66,21.75,-0.042,5.6,0.00177,21.2,0.55
534,5,31.66,20.52,-0.158,12.5,0.00247,22.1,0.65
534,6,31.66,19.03,-0.285,27.3,0.00184,23.4,0.19
534,7,31.66,21.32,-0.049,5.7,0.00247,20.7,0.98
534,8,31.66,20.94,-0.057,6.0,0.00223,22.8,0.3
535,1,29.42,23.08,0.149,11.7,0.00169,23.4,0.53
535,2,29.42,21.38,-0.065,6.3,0.00266,16.6,0.37
535,3,29.42,20.01,-0.153,12.1,0.00249,21.1,0.51
535,4,29.42,22.7,0.02,5.1,0.00237,16.6,0.38
535,5,29.42,22.58,0.059,6.1,0.00136,22.1,0.98
535,6,29.42,21.51,-0.054,5.9,0.00132,17.5,0.58
535,7,29.42,23.17,0.123,9.6,0.0025,18.3,0.96
535,8,29.42,21.59,-0.045,5.6,0.00241,20.5,0.39
536,1,30.43,21.17,-0.108,8.6,0.00227,18.2,0.86
536,2,30.43,22.34,-0.002,5.0,0.00271,17.5,0.31
536,3,30.43,22.09,0.018,5.1,0.00137,16.7,0.61
536,4,30.43,21.76,-0.101,8.1,0.00157,18.9,0.16
536,5,30.43,23.23,0.176,14.3,0.00137,19.6,0.83
536,6,30.43,22.52,0.064,6.3,0.00236,23.1,0.93
536,7,30.43,21.31,-0.073,6.7,0.00153,19.1,0.32
536,8,30.43,21.7,-0.072,6.6,0.00207,18.7,0.97
537,1,31.05,25.14,0.312,31.2,0.00207,20.1,0.02
537,2,31.05,22.07,-0.026,5.2,0.00275,22.2,0.24
537,3,31.05,21.49,-0.063,6.2,0.0022,21.0,0.02
537,4,31.05,23.36,0.128,10.0,0.00168,19.1,0.21
537,5,31.05,20.24,-0.207,17.5,0.00157,16.8,0.94
537,6,31.05,20.86,-0.138,10.8,0.00269,20.4,0.97
537,7,31.05,18.67,-0.388,42.2,0.00253,16.3,0.91
537,8,31.05,21.75,-0.023,5.2,0.00127,19.0,0.7
538,1,30.0,22.25,0.053,5.9,0.00141,23.9,0.66
538,2,30.0,21.9,-0.031,5.3,0.00272,16.2,0.56
538,3,30.0,24.02,0.186,15.3,0.00276,19.1,0.2
538,4,30.0,22.38,0.016,5.1,0.00173,21.2,0.5
538,5,30.0,22.38,0.043,5.6,0.00131,20.6,0.32
538,6,30.0,21.36,-0.09,7.5,0.00237,21.5,0.16
538,7,30.0,19.67,-0.216,18.6,0.00253,16.2,0.74
538,8,30.0,22.32,0.057,6.0,0.00136,16.9,0.12
539,1,29.19,21.39,-0.028,5.2,0.00253,16.3,0.47
539,2,29.19,23.13,0.14,10.9,0.00137,17.0,0.14
539,3,29.19,21.38,-0.023,5.2,0.00228,22.6,0.59
539,4,29.19,19.5,-0.233,20.6,0.00202,18.9,0.47
539,5,29.19,22.33,0.002,5.0,0.0027,19.7,0.0
539,6,29.19,20.37,-0.214,18.3,0.00128,16.6,0.05
539,7,29.19,20.94,-0.125,9.8,0.00141,18.8,0.84
539,8,29.19,22.73,0.069,6.5,0.00224,20.0,0.71
540,1,27.97,20.99,-0.061,6.2,0.00269,23.3,0.55
540,2,27.97,22.25,0.01,5.0,0.00187,21.3,0.26
540,3,27.97,20.8,-0.142,11.1,0.00277,21.1,0.11
540,4,27.97,21.85,0.012,5.0,0.00154,23.4,0.32
540,5,27.97,23.42,0.155,12.2,0.00211,21.9,0.72
540,6,27.97,20.79,-0.121,9.5,0.00221,17.3,0.35
540,7,27.97,20.25,-0.229,20.1,0.00254,19.9,0.15
540,8,27.97,21.79,-0.051,5.8,0.00193,21.5,0.71
541,1,28.35,19.69,-0.162,12.8,0.00225,16.3,0.69
541,2,28.35,22.91,0.107,8.5,0.00196,20.3,0.63
541,3,28.35,22.81,0.089,7.5,0.0021,21.6,0.46
541,4,28.35,23.39,0.19,15.7,0.00203,22.9,0.79
541,5,28.35,22.52,0.03,5.3,0.00211,23.2,0.49
541,6,28.35,19.93,-0.205,17.3,0.00251,18.7,1.0
541,7,28.35,22.53,0.072,6.6,0.00177,21.1,0.02
541,8,28.35,22.52,0.081,7.0,0.00205,20.7,0.23
542,1,28.17,20.17,-0.195,16.2,0.00132,17.0,0.37
542,2,28.17,20.63,-0.091,7.6,0.00218,23.8,0.76
542,3,28.17,21.58,-0.062,6.2,0.00218,16.0,0.07
542,4,28.17,20.29,-0.159,12.6,0.00205,22.1,0.53
542,5,28.17,20.47,-0.126,9.8,0.00164,23.7,0.47
542,6,28.17,20.12,-0.138,10.8,0.00172,21.4,0.27
542,7,28.17,22.01,-0.033,5.3,0.00151,17.7,0.22
542,8,28.17,20.94,-0.105,8.4,0.00206,22.6,0.97
543,1,29.08,23.19,0.129,10.1,0.00218,20.9,0.36
543,2,29.08,22.57,0.047,5.7,0.00211,22.0,0.69
543,3,29.08,21.43,-0.039,5.5,0.0024,18.4,0.06
543,4,29.08,21.92,-0.003,5.0,0.00243,16.8,0.63
543,5,29.08,21.38,0.024,5.2,0.00155,16.4,0.62
543,6,29.08,22.03,0.016,5.1,0.00159,19.6,0.16
543,7,29.08,21.79,-0.048,5.7,0.00165,24.0,0.54
543,8,29.08,21.82,0.004,5.0,0.00214,20.0,0.94
544,1,26.91,20.64,-0.091,7.6,0.00188,21.5,0.29
544,2,26.91,22.73,0.089,7.5,0.00274,18.7,0.2
544,3,26.91,22.67,0.057,6.0,0.00223,22.4,0.58
544,4,26.91,19.5,-0.21,17.8,0.00215,19.4,0.05
544,5,26.91,20.96,-0.148,11.6,0.00254,20.0,0.18
544,6,26.91,21.35,0.0,5.0,0.00265,22.8,0.83
544,7,26.91,22.99,0.026,5.2,0.00158,17.1,0.6
544,8,26.91,19.97,-0.225,19.7,0.00223,20.1,0.47
545,1,27.0,23.61,0.177,14.3,0.00274,21.4,0.45
545,2,27.0,20.79,-0.111,8.8,0.00208,19.9,0.71
545,3,27.0,20.61,-0.108,8.6,0.00182,18.0,0.76
545,4,27.0,23.21,0.144,11.3,0.0026,19.7,0.84
545,5,27.0,20.24,-0.183,14.9,0.00179,19.8,0.66
545,6,27.0,17.55,-0.493,57.3,0.00215,18.9,0.35
545,7,27.0,20.74,-0.076,6.8,0.00259,22.1,0.36
545,8,27.0,20.35,-0.173,14.0,0.0025,22.8,0.5
546,1,27.16,21.78,-0.022,5.2,0.0019,23.3,0.23
546,2,27.16,23.16,0.113,8.9,0.00201,21.8,0.29
546,3,27.16,22.15,0.016,5.1,0.00143,17.1,0.37
546,4,27.16,20.48,-0.167,13.3,0.00198,21.0,0.4
546,5,27.16,23.96,0.196,16.3,0.00137,17.2,0.63
546,6,27.16,21.61,-0.043,5.6,0.0017,19.7,0.77
546,7,27.16,22.52,0.031,5.3,0.00263,21.1,0.08
546,8,27.16,22.35,0.029,5.3,0.002,23.7,0.76
547,1,28.6,21.36,0.002,5.0,0.00239,20.6,0.61
547,2,28.6,20.86,-0.078,6.9,0.0025,18.4,0.99
547,3,28.6,23.23,0.136,10.6,0.00133,16.2,0.56
547,4,28.6,20.91,-0.088,7.4,0.00259,23.9,0.51
547,5,28.6,21.65,-0.103,8.3,0.00225,20.0,0.23
547,6,28.6,20.94,-0.133,10.4,0.00176,19.5,0.86
547,7,28.6,23.36,0.149,11.7,0.00266,20.7,0.35
547,8,28.6,22.12,0.048,5.7,0.00153,21.2,0.19
548,1,28.48,22.7,0.095,7.8,0.00243,22.8,0.17
548,2,28.48,21.44,0.002,5.0,0.00209,21.1,0.44
548,3,28.48,20.85,-0.148,11.6,0.0014,22.7,0.39
548,4,28.48,20.75,-0.202,17.0,0.00145,19.0,0.82
548,5,28.48,21.43,-0.065,6.3,0.0023,22.9,0.09
548,6,28.48,24.17,0.26,24.0,0.00227,18.8,0.89
548,7,28.48,19.86,-0.218,18.7,0.00277,17.0,0.08
548,8,28.48,20.44,-0.125,9.7,0.00141,16.3,0.2
549,1,27.96,20.13,-0.192,15.9,0.00168,19.7,0.32
549,2,27.96,20.73,-0.149,11.7,0.00143,21.8,0.48
549,3,27.96,19.11,-0.256,23.5,0.00202,16.3,0.09
549,4,27.96,20.4,-0.155,12.2,0.00208,18.2,0.71
549,5,27.96,21.46,-0.055,6.0,0.00177,16.1,0.06
549,6,27.96,21.29,-0.069,6.5,0.00127,19.8,0.41
549,7,27.96,21.43,-0.028,5.2,0.00167,17.7,0.16
549,8,27.96,21.9,0.026,5.2,0.00225,23.7,0.49
550,1,28.17,21.49,-0.114,9.0,0.0014,21.0,0.61
550,2,28.17,21.7,-0.029,5.3,0.00188,19.0,0.23
550,3,28.17,24.02,0.209,17.7,0.00148,16.9,0.16
550,4,28.17,20.33,-0.143,11.2,0.00197,18.7,0.61
550,5,28.17,22.15,0.031,5.3,0.00236,20.8,0.56
550,6,28.17,20.4,-0.188,15.4,0.00152,23.6,0.2
550,7,28.17,19.21,-0.263,24.4,0.0014,23.7,0.8
550,8,28.17,22.38,0.009,5.0,0.00145,18.7,0.71
551,1,27.5,22.5,0.042,5.5,0.0015,18.7,0.39
551,2,27.5,21.3,-0.055,5.9,0.00199,18.2,0.76
551,3,27.5,20.38,-0.161,12.8,0.00128,21.5,0.88
551,4,27.5,21.59,-0.024,5.2,0.00176,18.4,0.63
551,5,27.5,21.14,-0.077,6.9,0.00213,23.8,0.96
551,6,27.5,21.83,-0.015,5.1,0.00236,22.0,0.88
551,7,27.5,21.0,-0.12,9.4,0.00147,20.4,0.68
551,8,27.5,22.78,0.112,8.8,0.00235,18.6,0.58
552,1,29.89,23.98,0.157,12.4,0.00181,21.4,0.54
552,2,29.89,21.71,-0.051,5.8,0.00201,21.7,0.49
552,3,29.89,22.92,0.107,8.5,0.00132,17.2,0.19
552,4,29.89,22.07,0.008,5.0,0.00203,16.7,0.03
552,5,29.89,22.05,-0.025,5.2,0.00207,16.1,0.76
552,6,29.89,20.17,-0.184,15.0,0.00253,23.0,0.7
552,7,29.89,21.11,-0.06,6.1,0.00157,21.3,0.98
552,8,29.89,19.95,-0.232,20.5,0.00268,21.9,0.98
553,1,29.63,21.02,-0.079,7.0,0.00212,19.4,0.19
553,2,29.63,19.43,-0.268,25.0,0.00203,16.2,1.0
553,3,29.63,21.88,0.02,5.1,0.00162,16.3,0.92
553,4,29.63,22.26,-0.021,5.1,0.00217,16.8,0.36
553,5,29.63,20.81,-0.105,8.4,0.00184,16.6,0.04
553,6,29.63,20.96,-0.139,10.8,0.00224,20.4,0.73
553,7,29.63,21.28,-0.098,8.0,0.0014,20.7,0.1
553,8,29.63,22.4,0.015,5.1,0.0022,22.2,0.76
554,1,29.05,21.0,-0.128,10.0,0.00171,21.6,0.34
554,2,29.05,21.61,-0.04,5.5,0.00186,17.3,0.25
554,3,29.05,22.03,-0.012,5.0,0.00163,20.7,0.15
554,4,29.05,21.12,-0.022,5.1,0.00256,20.6,0.56
554,5,29.05,20.92,-0.119,9.4,0.00201,19.4,0.13
554,6,29.05,22.97,0.058,6.0,0.00246,22.0,0.51
554,7,29.05,23.72,0.174,14.1,0.00136,22.4,0.12
554,8,29.05,20.67,-0.119,9.4,0.00276,19.1,0.26
555,1,29.23,21.2,-0.099,8.0,0.0026,18.9,0.05
555,2,29.23,21.21,-0.107,8.5,0.00201,16.7,0.43
555,3,29.23,21.7,0.025,5.2,0.00252,17.1,0.01
555,4,29.23,23.74,0.224,19.5,0.00142,17.9,0.39
555,5,29.23,22.91,0.052,5.9,0.0021,16.7,0.31
555,6,29.23,21.04,-0.051,5.8,0.00172,17.6,0.77
555,7,29.23,21.5,-0.062,6.2,0.00145,19.9,0.42
555,8,29.23,20.28,-0.136,10.6,0.00231,18.0,0.64
556,1,31.81,22.78,0.048,5.7,0.00246,23.9,0.97
556,2,31.81,20.97,-0.117,9.2,0.00178,18.4,0.49
556,3,31.81,20.53,-0.142,11.1,0.00161,16.8,0.13
556,4,31.81,20.08,-0.161,12.8,0.00186,20.7,0.7
556,5,31.81,20.94,-0.091,7.6,0.00273,23.5,0.71
556,6,31.81,21.48,-0.077,6.8,0.00191,18.9,0.76
556,7,31.81,22.41,0.0,5.0,0.00258,17.8,0.26
556,8,31.81,21.4,-0.023,5.2,0.00165,21.1,0.23
557,1,29.58,22.82,0.067,6.4,0.00264,21.2,0.01
557,2,29.58,21.81,0.023,5.2,0.00243,24.0,0.82
557,3,29.58,23.41,0.177,14.3,0.00188,21.4,0.82
557,4,29.58,20.76,-0.129,10.1,0.00226,22.1,0.69
557,5,29.58,22.39,0.019,5.1,0.00253,19.0,0.81
557,6,29.58,19.52,-0.231,20.3,0.00151,18.1,0.03
557,7,29.58,21.28,-0.091,7.6,0.00136,22.4,0.4
557,8,29.58,21.52,-0.022,5.1,0.00274,22.7,0.71
558,1,29.57,20.78,-0.115,9.1,0.00271,21.8,0.75
558,2,29.57,20.8,-0.107,8.5,0.00194,23.2,0.6
558,3,29.57,21.88,-0.041,5.5,0.00207,21.0,0.24
558,4,29.57,23.76,0.181,14.8,0.00267,17.2,0.72
558,5,29.57,21.63,-0.003,5.0,0.00216,23.4,0.61
558,6,29.57,20.21,-0.219,18.9,0.00239,17.6,0.02
558,7,29.57,22.28,0.052,5.8,0.00268,19.1,0.25
558,8,29.57,22.36,0.08,7.0,0.00182,19.0,0.98
559,1,31.27,21.78,0.006,5.0,0.00149,21.6,0.0
559,2,31.27,21.65,-0.06,6.1,0.00157,19.0,0.78
559,3,31.27,20.85,-0.114,9.0,0.00136,20.4,0.55
559,4,31.27,21.72,-0.098,8.0,0.00272,20.9,0.84
559,5,31.27,22.09,0.046,5.7,0.00226,22.4,0.42
559,6,31.27,20.7,-0.146,11.4,0.00235,22.6,0.18
559,7,31.27,24.22,0.187,15.4,0.00145,20.0,0.99
559,8,31.27,20.38,-0.129,10.1,0.00214,16.9,0.71
560,1,31.41,23.31,0.096,7.9,0.00268,18.6,0.54
560,2,31.41,22.47,0.052,5.8,0.00223,22.3,0.43
560,3,31.41,23.11,0.118,9.3,0.00269,16.2,0.67
560,4,31.41,22.05,-0.024,5.2,0.00135,19.6,0.49
560,5,31.41,21.68,-0.01,5.0,0.00226,23.6,0.76
560,6,31.41,20.35,-0.151,11.8,0.00146,21.1,0.95
560,7,31.41,21.49,-0.079,7.0,0.00198,22.5,0.64
560,8,31.41,23.52,0.148,11.6,0.00246,21.4,0.3
561,1,29.93,22.44,0.023,5.2,0.00266,18.9,0.75
561,2,29.93,21.15,-0.047,5.7,0.0026,18.7,0.03
561,3,29.93,21.17,-0.062,6.2,0.00159,19.0,0.16
561,4,29.93,21.31,-0.063,6.2,0.00186,16.9,0.95
561,5,29.93,20.71,-0.141,11.0,0.00136,23.0,0.72
561,6,29.93,19.91,-0.202,16.9,0.00169,23.0,0.34
561,7,29.93,21.98,-0.055,5.9,0.00132,18.5,0.44
561,8,29.93,21.86,-0.036,5.4,0.00277,16.0,0.75
562,1,29.65,19.59,-0.2,16.8,0.00249,16.5,0.12
562,2,29.65,20.53,-0.166,13.2,0.00268,22.7,0.13
562,3,29.65,20.92,-0.124,9.7,0.00234,21.3,0.5
562,4,29.65,19.67,-0.23,20.2,0.00244,20.1,0.27
562,5,29.65,21.72,-0.044,5.6,0.00264,18.4,0.3
562,6,29.65,22.16,-0.012,5.0,0.00174,20.9,0.44
562,7,29.65,21.26,-0.082,7.1,0.00167,22.8,0.96
562,8,29.65,21.3,-0.088,7.4,0.00172,22.4,0.73
563,1,28.99,21.73,0.003,5.0,0.00266,17.6,0.6
563,2,28.99,18.68,-0.336,34.6,0.00173,22.1,0.99
563,3,28.99,21.79,-0.033,5.3,0.00189,23.4,0.32
563,4,28.99,21.57,-0.068,6.5,0.00137,19.7,0.4
563,5,28.99,23.18,0.121,9.5,0.00138,20.5,0.48
563,6,28.99,21.76,-0.036,5.4,0.00241,19.5,0.3
563,7,28.99,24.65,0.232,20.4,0.00145,23.0,0.4
563,8,28.99,21.14,-0.131,10.2,0.00237,17.9,0.93
564,1,26.71,21.18,-0.068,6.5,0.00223,17.2,0.16
564,2,26.71,19.58,-0.227,19.9,0.00158,23.5,0.17
564,3,26.71,23.48,0.131,10.2,0.00177,16.8,0.82
564,4,26.71,19.92,-0.218,18.8,0.00276,21.3,0.34
564,5,26.71,24.26,0.185,15.2,0.00162,22.3,0.76
564,6,26.71,22.36,0.077,6.8,0.00202,20.7,0.86
564,7,26.71,19.4,-0.248,22.4,0.00253,22.3,0.85
564,8,26.71,22.57,0.009,5.0,0.00255,20.3,0.42
565,1,29.45,20.47,-0.172,13.8,0.00272,22.4,0.22
565,2,29.45,22.5,0.027,5.2,0.00273,16.6,0.95
565,3,29.45,22.02,-0.01,5.0,0.0027,16.2,0.59
565,4,29.45,21.07,-0.117,9.2,0.0025,19.7,0.78
565,5,29.45,20.51,-0.173,14.0,0.00244,20.3,0.21
565,6,29.45,22.21,0.012,5.0,0.00134,16.9,0.55
565,7,29.45,21.46,-0.056,6.0,0.00233,16.2,0.1
565,8,29.45,21.94,0.01,5.0,0.00136,16.2,0.64
566,1,28.51,21.35,-0.084,7.2,0.00244,23.9,0.99
566,2,28.51,22.48,0.025,5.2,0.00256,22.8,0.2
566,3,28.51,24.15,0.22,19.1,0.00231,24.0,0.75
566,4,28.51,20.1,-0.229,20.1,0.00139,22.1,0.95
566,5,28.51,21.43,-0.027,5.2,0.00266,16.2,0.45
566,6,28.51,21.94,0.004,5.0,0.00127,16.9,0.16
566,7,28.51,23.59,0.15,11.8,0.00231,22.3,0.1
566,8,28.51,21.26,-0.052,5.8,0.00143,18.4,0.24
567,1,27.86,21.54,-0.022,5.1,0.00208,21.0,0.09
567,2,27.86,21.16,-0.07,6.5,0.00135,23.1,0.04
567,3,27.86,22.42,0.01,5.0,0.00205,19.0,0.12
567,4,27.86,21.13,-0.08,7.0,0.00255,22.9,0.69
567,5,27.86,21.45,-0.017,5.1,0.00251,18.9,0.31
567,6,27.86,22.03,-0.027,5.2,0.00211,19.7,0.94
567,7,27.86,19.44,-0.265,24.6,0.00243,21.9,0.82
567,8,27.86,21.97,0.017,5.1,0.00172,22.7,0.11
568,1,28.47,21.35,-0.057,6.0,0.00148,18.2,0.38
568,2,28.47,23.82,0.163,13.0,0.00178,22.4,0.05
568,3,28.47,21.87,0.005,5.0,0.0024,18.0,0.65
568,4,28.47,21.63,-0.038,5.4,0.00141,17.3,0.14
568,5,28.47,21.34,-0.116,9.1,0.00226,23.3,0.64
568,6,28.47,22.89,0.058,6.1,0.00255,21.1,0.04
568,7,28.47,21.61,-0.041,5.5,0.00224,22.7,0.33
568,8,28.47,22.25,0.098,7.9,0.00146,18.5,0.28
569,1,25.87,20.78,-0.1,8.1,0.00187,22.0,0.25
569,2,25.87,22.88,0.119,9.4,0.00196,22.8,0.54
569,3,25.87,23.52,0.179,14.6,0.00202,21.3,0.73
569,4,25.87,20.55,-0.158,12.5,0.00255,20.3,0.49
569,5,25.87,21.49,-0.033,5.3,0.00191,19.3,0.2
569,6,25.87,22.88,0.126,9.9,0.0016,18.6,0.02
569,7,25.87,22.48,0.072,6.6,0.00134,18.2,0.44
569,8,25.87,22.16,0.022,5.1,0.00238,22.6,0.63
570,1,26.52,22.65,0.081,7.0,0.00198,18.1,0.3
570,2,26.52,22.75,0.076,6.8,0.00185,16.8,0.54
570,3,26.52,21.89,0.002,5.0,0.00163,21.7,0.38
570,4,26.52,19.78,-0.218,18.8,0.00185,18.5,0.27
570,5,26.52,20.18,-0.253,23.1,0.00211,22.9,0.82
570,6,26.52,22.06,-0.054,5.9,0.00208,23.4,0.91
570,7,26.52,21.36,-0.066,6.4,0.00185,17.0,0.74
570,8,26.52,21.58,-0.01,5.0,0.00177,17.6,0.92
571,1,25.22,21.1,-0.073,6.7,0.00217,18.6,0.56
571,2,25.22,21.95,-0.036,5.4,0.00239,23.8,0.76
571,3,25.22,19.12,-0.238,21.2,0.00277,23.9,0.69
571,4,25.22,22.21,0.034,5.4,0.00233,18.9,0.45
571,5,25.22,22.3,-0.014,5.1,0.0024,19.5,0.92
571,6,25.22,20.72,-0.164,13.1,0.00188,22.9,0.88
571,7,25.22,23.11,0.128,10.0,0.00255,20.3,0.86
571,8,25.22,21.64,-0.043,5.6,0.00211,21.2,0.96
572,1,26.56,23.0,0.096,7.9,0.00162,18.0,0.44
572,2,26.56,21.24,-0.134,10.5,0.00146,22.0,0.59
572,3,26.56,22.17,-0.012,5.0,0.00184,17.0,0.61
572,4,26.56,21.51,-0.058,6.1,0.00242,20.8,0.82
572,5,26.56,19.83,-0.14,11.0,0.00217,16.4,0.85
572,6,26.56,20.32,-0.147,11.6,0.00206,20.8,0.25
572,7,26.56,20.75,-0.167,13.4,0.00202,17.7,0.06
572,8,26.56,19.8,-0.222,19.2,0.00253,16.1,0.21
573,1,26.92,20.36,-0.155,12.2,0.00223,19.5,0.23
573,2,26.92,20.24,-0.135,10.6,0.0018,21.4,0.27
573,3,26.92,21.64,-0.044,5.6,0.00269,17.9,0.16
573,4,26.92,19.3,-0.249,22.6,0.00227,23.4,0.24
573,5,26.92,23.41,0.182,14.8,0.00272,18.1,0.54
573,6,26.92,20.69,-0.15,11.8,0.00165,21.5,0.26
573,7,26.92,21.3,-0.092,7.6,0.00177,16.9,0.97
573,8,26.92,21.39,-0.047,5.7,0.00198,19.3,0.61
574,1,27.42,20.59,-0.139,10.9,0.00203,17.6,0.84
574,2,27.42,20.04,-0.206,17.4,0.00163,17.7,0.8
574,3,27.42,22.37,0.019,5.1,0.00216,20.5,0.79
574,4,27.42,22.12,0.024,5.2,0.00188,19.6,0.08
574,5,27.42,19.61,-0.253,23.0,0.00147,18.7,0.06
574,6,27.42,22.81,0.085,7.3,0.00169,19.9,0.89
574,7,27.42,21.05,-0.135,10.6,0.00258,17.9,0.04
574,8,27.42,22.56,0.084,7.2,0.00258,21.9,0.88
575,1,27.29,20.78,-0.113,8.9,0.00269,18.0,0.6
575,2,27.29,21.09,-0.052,5.9,0.00232,16.7,0.54
575,3,27.29,23.28,0.146,11.5,0.00195,21.7,0.67
575,4,27.29,20.32,-0.137,10.7,0.00181,22.8,0.32
575,5,27.29,22.29,0.0,5.0,0.00161,21.0,0.31
575,6,27.29,18.76,-0.295,28.7,0.00156,16.0,0.43
575,7,27.29,22.92,0.082,7.1,0.00214,22.0,0.34
575,8,27.29,22.79,0.128,10.0,0.00224,19.7,0.61
576,1,30.64,20.4,-0.169,13.5,0.00145,16.3,0.91
576,2,30.64,20.37,-0.163,13.0,0.0026,21.5,0.99
576,3,30.64,22.23,0.032,5.3,0.00263,19.3,0.37
576,4,30.64,22.44,0.07,6.5,0.00241,17.0,0.63
576,5,30.64,20.5,-0.097,7.9,0.00241,19.3,0.46
576,6,30.64,22.5,-0.022,5.1,0.00183,21.9,0.7
576,7,30.64,23.52,0.149,11.7,0.00128,23.9,0.33
576,8,30.64,21.56,-0.004,5.0,0.00204,23.0,0.37
577,1,29.8,20.93,-0.086,7.3,0.00232,16.8,0.71
577,2,29.8,20.04,-0.203,17.0,0.0013,21.2,0.42
577,3,29.8,21.57,-0.027,5.2,0.00242,16.0,0.21
577,4,29.8,21.34,-0.041,5.5,0.00217,23.6,0.26
577,5,29.8,21.34,-0.087,7.4,0.00141,20.6,0.61
577,6,29.8,23.08,0.167,13.3,0.00251,17.1,0.56
577,7,29.8,21.31,-0.085,7.2,0.00196,22.9,0.32
577,8,29.8,20.97,-0.155,12.2,0.0017,17.2,0.07
578,1,29.89,21.95,-0.028,5.2,0.00178,18.3,0.23
578,2,29.89,20.91,-0.122,9.6,0.00127,23.4,0.58
578,3,29.89,22.78,0.114,9.0,0.00179,17.7,0.01
578,4,29.89,23.06,0.117,9.2,0.00201,22.0,0.57
578,5,29.89,21.06,-0.077,6.9,0.00275,23.4,0.32
578,6,29.89,21.95,0.035,5.4,0.00198,17.2,0.2
578,7,29.89,22.97,0.097,7.9,0.00232,22.2,0.3
578,8,29.89,19.24,-0.304,30.0,0.00222,16.3,0.62
579,1,28.06,21.56,0.004,5.0,0.00229,20.9,0.54
579,2,28.06,22.78,0.128,10.0,0.0016,23.8,0.89
579,3,28.06,21.69,-0.065,6.3,0.00134,19.0,0.49
579,4,28.06,22.07,0.026,5.2,0.0023,23.1,0.71
579,5,28.06,19.33,-0.253,23.1,0.00215,18.7,0.13
579,6,28.06,24.14,0.248,22.4,0.00183,17.8,0.02
579,7,28.06,21.17,-0.062,6.2,0.00239,17.8,0.1
579,8,28.06,20.49,-0.165,13.2,0.00153,20.9,0.51
580,1,32.18,22.65,0.03,5.3,0.00224,23.9,0.01
580,2,32.18,20.32,-0.19,15.7,0.00262,23.0,0.66
580,3,32.18,19.56,-0.276,26.2,0.00194,21.8,0.52
580,4,32.18,21.22,-0.052,5.8,0.00247,17.2,0.12
580,5,32.18,20.37,-0.168,13.4,0.00138,22.7,0.77
580,6,32.18,20.16,-0.199,16.6,0.00154,17.7,0.06
580,7,32.18,22.5,0.061,6.2,0.00268,17.2,0.98
580,8,32.18,20.39,-0.159,12.6,0.0021,20.5,0.63
581,1,31.09,19.2,-0.293,28.5,0.00192,17.8,0.26
581,2,31.09,20.48,-0.104,8.3,0.00272,18.9,0.07
581,3,31.09,21.68,-0.037,5.4,0.00265,23.7,0.3
581,4,31.09,19.4,-0.24,21.5,0.00164,19.1,0.71
581,5,31.09,20.41,-0.155,12.2,0.00161,19.0,0.84
581,6,31.09,20.18,-0.217,18.7,0.0019,19.1,0.79
581,7,31.09,22.08,-0.044,5.6,0.00253,22.0,0.77
581,8,31.09,20.38,-0.231,20.3,0.00229,19.0,0.16
582,1,30.85,24.32,0.237,21.1,0.00267,17.9,0.7
582,2,30.85,21.39,-0.086,7.3,0.00152,20.9,0.53
582,3,30.85,20.68,-0.116,9.1,0.00207,21.7,0.88
582,4,30.85,22.24,0.032,5.3,0.00193,17.5,0.93
582,5,30.85,21.7,-0.039,5.5,0.00258,21.6,0.17
582,6,30.85,22.31,0.068,6.4,0.00275,21.2,0.43
582,7,30.85,21.34,-0.082,7.1,0.00217,19.0,0.05
582,8,30.85,22.49,0.068,6.4,0.00216,23.5,0.43
583,1,31.43,21.7,-0.036,5.4,0.0015,17.9,0.47
583,2,31.43,21.35,-0.082,7.1,0.00147,16.3,0.13
583,3,31.43,20.36,-0.131,10.2,0.00197,21.1,0.15
583,4,31.43,22.9,0.061,6.2,0.00271,22.1,0.44
583,5,31.43,19.29,-0.271,25.4,0.0021,21.7,0.63
583,6,31.43,20.64,-0.119,9.3,0.0018,20.8,0.13
583,7,31.43,21.77,-0.019,5.1,0.00271,22.7,0.93
583,8,31.43,21.86,0.007,5.0,0.00205,19.3,0.03
584,1,31.95,24.09,0.247,22.3,0.00177,17.1,0.1
584,2,31.95,22.35,0.046,5.7,0.00138,20.4,0.52
584,3,31.95,22.12,-0.022,5.1,0.00212,23.7,0.06
584,4,31.95,22.54,0.057,6.0,0.0013,16.3,0.54
584,5,31.95,21.11,-0.026,5.2,0.0017,21.5,0.08
584,6,31.95,21.13,-0.117,9.2,0.00164,20.0,0.82
584,7,31.95,22.93,0.16,12.7,0.00154,18.3,0.04
584,8,31.95,21.86,-0.007,5.0,0.00257,16.6,0.42
585,1,31.77,21.53,-0.092,7.6,0.00275,19.2,0.83
585,2,31.77,22.65,0.075,6.7,0.0018,19.3,0.99
585,3,31.77,21.32,-0.058,6.0,0.00206,21.2,0.58
585,4,31.77,22.47,0.05,5.8,0.00178,17.7,0.75
585,5,31.77,20.84,-0.126,9.9,0.0017,18.2,0.06
585,6,31.77,22.21,0.025,5.2,0.00152,16.0,0.22
585,7,31.77,20.47,-0.131,10.2,0.00244,20.8,0.96
585,8,31.77,21.01,-0.123,9.6,0.00176,20.6,0.35
586,1,29.97,22.5,0.019,5.1,0.00212,21.1,0.69
586,2,29.97,20.86,-0.159,12.6,0.00227,22.6,0.59
586,3,29.97,20.93,-0.112,8.8,0.00209,16.1,0.46
586,4,29.97,20.48,-0.113,8.9,0.00154,21.7,0.11
586,5,29.97,22.31,-0.006,5.0,0.00241,21.2,0.65
586,6,29.97,19.05,-0.277,26.2,0.00269,19.9,0.21
586,7,29.97,22.08,-0.017,5.1,0.00152,18.7,0.11
586,8,29.97,22.12,0.006,5.0,0.00135,16.5,0.66
587,1,29.23,23.47,0.182,14.8,0.00229,18.3,0.78
587,2,29.23,20.48,-0.124,9.7,0.0024,23.8,0.07
587,3,29.23,23.83,0.142,11.1,0.00143,21.1,0.42
587,4,29.23,21.01,-0.089,7.5,0.00242,18.4,0.68
587,5,29.23,23.85,0.196,16.3,0.00246,23.5,0.98
587,6,29.23,21.13,-0.052,5.9,0.00218,16.4,0.9
587,7,29.23,22.47,0.026,5.2,0.0018,22.4,0.59
587,8,29.23,20.99,-0.086,7.3,0.00152,18.1,0.25
588,1,30.43,21.14,-0.088,7.4,0.00181,17.1,0.57
588,2,30.43,20.72,-0.1,8.1,0.0017,23.9,0.39
588,3,30.43,20.98,-0.127,9.9,0.00153,17.8,0.9
588,4,30.43,23.29,0.127,9.9,0.00224,17.8,0.78
588,5,30.43,20.61,-0.129,10.1,0.00263,18.5,0.82
588,6,30.43,22.1,0.058,6.1,0.00262,16.2,0.26
588,7,30.43,20.73,-0.171,13.7,0.00204,19.5,0.36
588,8,30.43,21.85,0.007,5.0,0.00158,17.4,0.81
589,1,29.02,21.15,-0.098,7.9,0.00249,16.2,0.23
589,2,29.02,20.78,-0.12,9.4,0.0022,22.7,0.39
589,3,29.02,20.88,-0.096,7.8,0.00273,19.6,0.82
589,4,29.02,23.48,0.141,11.1,0.00265,19.8,0.52
589,5,29.02,22.78,0.015,5.1,0.00205,19.0,0.67
589,6,29.02,21.85,-0.016,5.1,0.00173,21.4,0.94
589,7,29.02,20.89,-0.082,7.1,0.002,23.7,0.37
589,8,29.02,22.36,0.05,5.8,0.00189,17.0,0.69
590,1,26.19,21.14,-0.125,9.8,0.00272,16.5,0.61
590,2,26.19,22.27,0.01,5.0,0.00171,20.9,0.43
590,3,26.19,23.43,0.094,7.7,0.00278,23.7,0.65
590,4,26.19,20.56,-0.164,13.1,0.00215,20.8,0.97
590,5,26.19,22.3,0.077,6.8,0.00263,20.1,0.33
590,6,26.19,23.14,0.173,13.9,0.00266,18.0,0.28
590,7,26.19,20.73,-0.102,8.2,0.00216,19.2,0.16
590,8,26.19,20.56,-0.135,10.6,0.00127,22.0,0.39
591,1,26.37,20.09,-0.126,9.8,0.00162,19.5,0.09
591,2,26.37,21.93,-0.007,5.0,0.00263,19.9,0.91
591,3,26.37,23.04,0.119,9.3,0.0023,16.1,0.64
591,4,26.37,19.23,-0.294,28.6,0.00183,21.2,0.51
591,5,26.37,22.28,0.026,5.2,0.00141,18.6,0.15
591,6,26.37,19.67,-0.259,23.9,0.00244,17.2,0.17
591,7,26.37,20.16,-0.131,10.2,0.00274,17.0,0.28
591,8,26.37,20.96,-0.148,11.6,0.00223,20.6,0.54
592,1,27.19,20.99,-0.127,9.9,0.00264,18.0,0.26
592,2,27.19,22.74,0.074,6.7,0.00236,20.3,0.09
592,3,27.19,22.56,0.05,5.8,0.00149,23.7,0.41
592,4,27.19,23.67,0.16,12.7,0.00193,18.6,0.35
592,5,27.19,18.31,-0.384,41.6,0.00212,23.8,0.34
592,6,27.19,20.91,-0.108,8.6,0.00154,16.2,0.72
592,7,27.19,21.89,-0.039,5.5,0.002,18.0,0.84
592,8,27.19,21.22,-0.091,7.6,0.00231,17.0,0.93
593,1,28.68,21.92,-0.035,5.4,0.00249,22.4,0.74
593,2,28.68,21.18,-0.132,10.3,0.00248,17.9,0.87
593,3,28.68,21.75,-0.025,5.2,0.0018,21.2,0.24
593,4,28.68,21.97,0.039,5.5,0.00265,17.1,0.54
593,5,28.68,20.98,-0.113,8.9,0.00201,21.5,0.21
593,6,28.68,22.97,0.059,6.1,0.0019,17.7,0.28
593,7,28.68,23.37,0.114,9.0,0.00129,16.2,0.56
593,8,28.68,19.84,-0.249,22.5,0.00245,21.1,0.82
594,1,29.56,24.86,0.294,28.6,0.00205,19.7,0.29
594,2,29.56,22.11,0.057,6.0,0.00175,19.1,0.59
594,3,29.56,19.59,-0.258,23.7,0.00202,23.0,0.57
594,4,29.56,21.83,0.003,5.0,0.00208,23.7,0.84
594,5,29.56,20.77,-0.169,13.6,0.00131,18.3,0.36
594,6,29.56,21.6,-0.069,6.5,0.00136,20.8,0.38
594,7,29.56,21.5,-0.014,5.1,0.00207,17.2,0.77
594,8,29.56,22.75,0.036,5.4,0.00253,17.2,0.46
595,1,28.46,21.67,-0.075,6.7,0.0026,22.8,1.0
595,2,28.46,19.59,-0.208,17.7,0.00133,21.6,0.44
595,3,28.46,21.53,-0.083,7.1,0.00153,22.2,0.71
595,4,28.46,20.64,-0.137,10.7,0.00244,20.5,0.39
595,5,28.46,21.39,-0.054,5.9,0.00278,22.0,0.33
595,6,28.46,22.63,0.064,6.3,0.00214,22.8,0.2
595,7,28.46,20.4,-0.166,13.3,0.00244,16.6,0.25
595,8,28.46,23.34,0.167,13.3,0.00139,16.8,0.26
596,1,27.36,22.69,0.098,8.0,0.0014,17.0,0.61
596,2,27.36,20.44,-0.16,12.7,0.0027,23.1,0.62
596,3,27.36,19.1,-0.263,24.4,0.00253,17.2,0.22
596,4,27.36,21.5,-0.081,7.0,0.0027,21.5,0.41
596,5,27.36,22.63,0.075,6.8,0.00179,19.9,0.87
596,6,27.36,20.45,-0.178,14.4,0.00172,22.8,0.34
596,7,27.36,24.39,0.238,21.2,0.00263,22.2,0.49
596,8,27.36,23.19,0.094,7.7,0.00211,22.6,0.97
597,1,27.52,22.42,0.047,5.7,0.00132,23.3,0.03
597,2,27.52,20.4,-0.197,16.4,0.0022,17.5,0.07
597,3,27.52,20.66,-0.176,14.2,0.0023,22.0,0.89
597,4,27.52,20.3,-0.152,11.9,0.0017,18.2,0.8
597,5,27.52,20.49,-0.188,15.4,0.00254,19.7,0.92
597,6,27.52,22.37,-0.032,5.3,0.0027,19.1,0.54
597,7,27.52,22.64,0.032,5.3,0.00275,19.5,0.8
597,8,27.52,20.85,-0.124,9.7,0.00149,23.0,0.42
598,1,28.84,21.77,0.003,5.0,0.00203,19.7,0.15
598,2,28.84,23.6,0.195,16.2,0.00148,22.1,0.03
598,3,28.84,20.71,-0.131,10.3,0.00212,20.0,0.22
598,4,28.84,21.69,-0.067,6.4,0.00231,16.2,0.73
598,5,28.84,21.09,-0.093,7.7,0.0022,22.5,0.85
598,6,28.84,23.41,0.174,14.0,0.00266,16.4,0.81
598,7,28.84,21.75,-0.05,5.8,0.00217,21.5,0.42
598,8,28.84,20.69,-0.135,10.5,0.00248,21.4,0.19
599,1,29.87,20.86,-0.11,8.7,0.00209,23.1,0.11
599,2,29.87,22.34,0.019,5.1,0.00171,20.2,0.42
599,3,29.87,20.95,-0.144,11.2,0.00273,19.5,0.97
599,4,29.87,21.68,-0.054,5.9,0.00254,18.9,0.0
599,5,29.87,22.57,0.098,8.0,0.00222,19.4,0.76
599,6,29.87,18.44,-0.353,37.0,0.00246,18.9,0.3
599,7,29.87,22.86,0.08,7.0,0.00153,21.8,0.81
599,8,29.87,19.74,-0.167,13.4,0.00224,19.9,0.56
600,1,29.54,19.72,-0.215,18.5,0.0019,18.0,0.4
600,2,29.54,23.58,0.1,8.1,0.00152,22.4,0.1
600,3,29.54,21.35,-0.015,5.1,0.00248,21.5,0.48
600,4,29.54,21.75,-0.068,6.4,0.00156,17.4,0.44
600,5,29.54,22.3,0.034,5.4,0.00231,21.1,0.08
600,6,29.54,19.85,-0.213,18.2,0.00246,19.4,0.33
600,7,29.54,23.68,0.198,16.5,0.00263,21.7,0.81
600,8,29.54,23.2,0.137,10.7,0.0013,20.6,0.96
601,1,30.22,22.24,0.011,5.0,0.00151,16.4,0.01
601,2,30.22,22.94,0.143,11.2,0.00175,23.9,0.01
601,3,30.22,21.85,0.022,5.1,0.00176,22.1,0.09
601,4,30.22,23.46,0.113,8.9,0.00154,19.0,0.89
601,5,30.22,20.35,-0.154,12.2,0.00238,19.6,0.5
601,6,30.22,21.45,-0.081,7.0,0.00186,23.1,0.33
601,7,30.22,21.71,-0.03,5.3,0.00193,21.8,0.67
601,8,30.22,21.59,-0.053,5.9,0.00173,19.7,0.95
602,1,27.84,21.33,-0.062,6.2,0.00148,16.1,0.4
602,2,27.84,21.55,-0.052,5.8,0.00175,23.8,0.16
602,3,27.84,19.33,-0.272,25.6,0.00164,16.1,0.29
602,4,27.84,21.57,-0.029,5.3,0.0014,22.5,0.18
602,5,27.84,22.1,0.024,5.2,0.00274,21.6,0.4
602,6,27.84,20.59,-0.135,10.5,0.00157,17.8,0.11
602,7,27.84,22.17,0.018,5.1,0.00173,18.2,0.3
602,8,27.84,20.7,-0.094,7.7,0.00202,21.3,0.98
603,1,30.31,20.23,-0.097,7.9,0.00225,18.2,0.39
603,2,30.31,21.75,-0.004,5.0,0.00214,16.7,0.26
603,3,30.31,23.06,0.072,6.6,0.00245,23.0,0.88
603,4,30.31,23.09,0.097,7.9,0.00218,19.0,0.24
603,5,30.31,19.5,-0.202,16.9,0.0021,18.5,0.7
603,6,30.31,19.12,-0.309,30.7,0.00229,17.1,0.34
603,7,30.31,20.32,-0.181,14.8,0.00176,17.1,0.99
603,8,30.31,21.28,-0.102,8.2,0.00202,17.5,0.9
604,1,30.23,22.11,-0.029,5.3,0.00156,19.6,0.39
604,2,30.23,21.3,-0.065,6.3,0.00267,19.7,0.42
604,3,30.23,22.48,0.048,5.7,0.00251,19.2,0.41
604,4,30.23,21.66,-0.017,5.1,0.00189,17.2,0.32
604,5,30.23,22.51,0.048,5.7,0.00171,21.5,0.74
604,6,30.23,20.95,-0.161,12.8,0.00173,21.0,0.28
604,7,30.23,23.52,0.165,13.2,0.00211,22.6,0.03
604,8,30.23,22.67,0.066,6.4,0.00188,16.1,0.91
605,1,31.36,21.92,-0.054,5.9,0.00261,23.0,0.3
605,2,31.36,21.29,-0.092,7.6,0.00256,19.6,0.99
605,3,31.36,21.24,-0.078,6.9,0.00229,17.3,0.97
605,4,31.36,22.21,0.044,5.6,0.0023,19.3,0.56
605,5,31.36,21.06,-0.087,7.3,0.00164,16.5,0.17
605,6,31.36,19.46,-0.263,24.4,0.00267,16.3,0.19
605,7,31.36,21.23,-0.064,6.3,0.00191,20.6,0.93
605,8,31.36,22.91,0.135,10.6,0.00272,19.7,0.79
606,1,30.31,21.18,-0.099,8.0,0.00201,16.9,0.8
606,2,30.31,21.06,-0.073,6.6,0.00242,21.8,0.92
606,3,30.31,21.9,-0.02,5.1,0.00232,18.9,0.11
606,4,30.31,22.81,0.099,8.0,0.00238,16.0,0.98
606,5,30.31,23.1,0.133,10.4,0.00139,18.8,0.71
606,6,30.31,22.61,0.109,8.6,0.00133,23.7,0.48
606,7,30.31,21.99,0.058,6.1,0.0017,20.3,0.66
606,8,30.31,22.89,0.081,7.0,0.00257,16.7,0.93
607,1,31.4,22.37,0.055,5.9,0.00257,19.0,0.84
607,2,31.4,20.1,-0.229,20.1,0.00221,19.0,0.76
607,3,31.4,22.61,0.11,8.7,0.00182,16.4,0.8
607,4,31.4,22.18,0.017,5.1,0.00242,23.7,0.42
607,5,31.4,20.21,-0.219,18.9,0.00251,18.3,0.94
607,6,31.4,21.81,0.019,5.1,0.00189,16.6,0.91
607,7,31.4,21.87,-0.042,5.5,0.00165,20.5,0.49
607,8,31.4,22.47,0.033,5.3,0.00178,16.1,0.46
608,1,30.84,22.33,0.023,5.2,0.00157,16.7,0.57
608,2,30.84,21.38,-0.1,8.1,0.00236,17.6,0.99
608,3,30.84,19.33,-0.213,18.2,0.00227,20.8,0.37
608,4,30.84,21.86,-0.003,5.0,0.00148,21.7,0.44
608,5,30.84,20.96,-0.129,10.1,0.00254,17.4,0.94
608,6,30.84,20.44,-0.14,10.9,0.00174,16.4,0.38
608,7,30.84,22.03,-0.019,5.1,0.00151,16.5,0.22
608,8,30.84,20.02,-0.21,17.9,0.00134,20.5,0.65
609,1,29.67,21.72,0.004,5.0,0.00201,18.5,0.93
609,2,29.67,21.83,0.014,5.1,0.00226,21.6,0.12
609,3,29.67,23.57,0.215,18.4,0.00214,18.6,0.07
609,4,29.67,21.13,-0.04,5.5,0.00134,18.7,0.18
609,5,29.67,20.7,-0.124,9.7,0.00161,23.9,0.97
609,6,29.67,20.26,-0.187,15.4,0.00192,17.2,0.39
609,7,29.67,21.09,-0.074,6.7,0.00132,23.3,0.25
609,8,29.67,20.57,-0.121,9.5,0.00206,21.8,0.72
610,1,30.3,22.43,0.015,5.1,0.0017,17.1,0.63
610,2,30.3,21.91,-0.007,5.0,0.00154,18.7,0.65
610,3,30.3,20.59,-0.114,9.0,0.00127,20.4,0.79
610,4,30.3,21.6,-0.003,5.0,0.00265,17.9,0.7
610,5,30.3,20.09,-0.214,18.3,0.00146,18.2,0.64
610,6,30.3,19.32,-0.258,23.7,0.00264,20.1,0.38
610,7,30.3,20.17,-0.157,12.4,0.00225,18.4,0.62
610,8,30.3,21.98,-0.043,5.6,0.00267,17.6,0.27
611,1,29.87,19.94,-0.202,16.9,0.00141,19.7,0.18
611,2,29.87,20.53,-0.117,9.2,0.0015,23.4,0.09
611,3,29.87,20.99,-0.118,9.2,0.00157,17.0,0.81
611,4,29.87,21.65,-0.072,6.6,0.00252,18.5,0.7
611,5,29.87,20.86,-0.07,6.5,0.00211,23.7,0.87
611,6,29.87,21.08,-0.093,7.7,0.00154,20.4,0.27
611,7,29.87,21.11,-0.093,7.7,0.0018,19.6,0.53
611,8,29.87,21.93,0.006,5.0,0.00167,18.9,0.42
612,1,28.18,22.13,-0.043,5.6,0.00136,18.4,0.13
612,2,28.18,22.34,0.064,6.3,0.00202,22.0,0.68
612,3,28.18,21.24,-0.113,8.9,0.0014,20.5,0.56
612,4,28.18,19.46,-0.312,31.0,0.00172,22.8,0.74
612,5,28.18,20.22,-0.181,14.8,0.00155,16.8,0.81
612,6,28.18,20.84,-0.114,9.0,0.00133,23.4,0.81
612,7,28.18,21.78,-0.017,5.1,0.0022,22.8,0.87
612,8,28.18,20.56,-0.086,7.3,0.00193,21.5,0.24
613,1,27.86,21.04,-0.095,7.8,0.00252,22.9,0.42
613,2,27.86,20.59,-0.136,10.6,0.00169,21.4,0.9
613,3,27.86,21.55,-0.016,5.1,0.00268,19.2,0.6
613,4,27.86,19.78,-0.235,20.8,0.0015,19.1,0.01
613,5,27.86,19.93,-0.175,14.2,0.00226,19.3,0.32
613,6,27.86,23.35,0.115,9.1,0.00264,16.4,0.89
613,7,27.86,23.47,0.096,7.9,0.00253,19.1,0.84
613,8,27.86,20.84,-0.127,10.0,0.00189,18.0,0.02
614,1,28.28,22.27,0.061,6.2,0.00209,23.5,0.14
614,2,28.28,20.43,-0.16,12.7,0.00208,19.8,0.24
614,3,28.28,19.72,-0.22,19.0,0.00175,19.7,0.15
614,4,28.28,22.36,0.093,7.7,0.00278,22.7,0.32
614,5,28.28,20.26,-0.194,16.1,0.00145,21.0,0.0
614,6,28.28,20.36,-0.219,18.9,0.00228,23.7,1.0
614,7,28.28,21.67,0.002,5.0,0.00246,23.8,0.44
614,8,28.28,21.77,-0.058,6.1,0.00159,22.4,0.41
615,1,27.31,21.24,-0.034,5.4,0.00232,18.5,0.12
615,2,27.31,23.81,0.131,10.2,0.0014,16.4,0.69
615,3,27.31,23.02,0.098,8.0,0.00265,16.0,0.22
615,4,27.31,21.28,-0.115,9.1,0.00246,23.7,0.33
615,5,27.31,21.62,-0.027,5.2,0.00133,23.8,0.86
615,6,27.31,21.09,-0.119,9.3,0.00178,16.2,0.28
615,7,27.31,20.79,-0.103,8.3,0.00128,22.6,0.25
615,8,27.31,23.66,0.147,11.5,0.00217,19.3,0.0
616,1,27.03,20.92,-0.111,8.8,0.00224,23.3,0.08
616,2,27.03,20.29,-0.126,9.8,0.00143,16.6,0.21
616,3,27.03,20.08,-0.251,22.8,0.00178,17.4,0.45
616,4,27.03,21.3,-0.088,7.4,0.00208,18.7,0.33
616,5,27.03,22.94,0.079,6.9,0.00145,16.5,0.97
616,6,27.03,22.9,0.062,6.2,0.002,17.2,0.04
616,7,27.03,21.11,-0.088,7.4,0.00214,21.8,0.31
616,8,27.03,23.43,0.176,14.2,0.00131,21.8,0.2
617,1,26.71,22.41,-0.01,5.0,0.0026,23.9,0.34
617,2,26.71,20.32,-0.135,10.5,0.00266,22.0,0.18
617,3,26.71,20.74,-0.131,10.2,0.00144,19.5,0.49
617,4,26.71,18.01,-0.419,46.7,0.00187,22.6,0.85
617,5,26.71,21.78,-0.011,5.0,0.00154,23.7,0.43
617,6,26.71,21.95,0.014,5.1,0.00156,20.5,0.14
617,7,26.71,20.8,-0.119,9.3,0.00176,19.3,0.13
617,8,26.71,21.95,0.01,5.0,0.00223,22.1,0.84
618,1,26.38,20.57,-0.154,12.1,0.00263,23.5,0.56
618,2,26.38,21.67,-0.041,5.5,0.00268,21.5,0.83
618,3,26.38,22.67,0.045,5.6,0.00188,18.7,0.21
618,4,26.38,20.41,-0.171,13.7,0.00162,19.4,0.07
618,5,26.38,19.35,-0.308,30.6,0.00258,23.8,0.61
618,6,26.38,21.8,-0.047,5.7,0.00161,19.4,0.67
618,7,26.38,21.52,-0.062,6.2,0.00274,16.9,0.04
618,8,26.38,19.48,-0.237,21.1,0.00237,23.5,0.32
619,1,27.27,20.98,-0.11,8.7,0.00239,16.9,0.56
619,2,27.27,22.23,0.09,7.5,0.00265,19.5,0.9
619,3,27.27,20.02,-0.186,15.2,0.00152,17.1,0.02
619,4,27.27,21.03,-0.105,8.4,0.00191,17.0,0.33
619,5,27.27,20.37,-0.169,13.5,0.00184,16.3,0.57
619,6,27.27,21.56,-0.028,5.2,0.00185,23.2,0.93
619,7,27.27,20.31,-0.15,11.8,0.00204,20.1,0.66
619,8,27.27,20.49,-0.144,11.3,0.00139,19.6,0.63
620,1,28.06,21.89,0.015,5.1,0.00133,17.6,0.61
620,2,28.06,19.82,-0.258,23.7,0.00274,18.0,0.35
620,3,28.06,19.46,-0.272,25.6,0.00164,21.7,0.49
620,4,28.06,20.72,-0.154,12.1,0.00176,21.7,0.2
620,5,28.06,21.84,-0.011,5.0,0.00159,21.2,0.27
620,6,28.06,21.52,-0.05,5.8,0.00192,17.9,0.27
620,7,28.06,19.18,-0.256,23.5,0.00196,23.7,0.99
620,8,28.06,22.71,0.089,7.5,0.00213,17.5,0.46
621,1,27.89,20.87,-0.043,5.6,0.00186,18.1,0.11
621,2,27.89,20.86,-0.189,15.6,0.00157,18.1,0.74
621,3,27.89,24.34,0.266,24.8,0.00202,16.1,0.75
621,4,27.89,21.33,-0.06,6.1,0.00213,17.4,0.64
621,5,27.89,20.07,-0.203,17.1,0.00197,22.4,0.41
621,6,27.89,21.36,-0.109,8.6,0.00223,22.5,0.7
621,7,27.89,21.5,-0.077,6.8,0.00141,20.0,0.8
621,8,27.89,21.63,-0.063,6.2,0.00266,20.0,0.22
622,1,28.41,19.84,-0.218,18.7,0.00166,21.1,0.21
622,2,28.41,20.59,-0.14,10.9,0.00271,20.7,0.59
622,3,28.41,20.91,-0.122,9.5,0.00266,20.6,0.02
622,4,28.41,20.38,-0.137,10.7,0.00145,17.7,0.48
622,5,28.41,21.95,0.037,5.4,0.00249,21.8,0.92
622,6,28.41,22.37,0.08,7.0,0.00157,23.5,0.18
622,7,28.41,22.31,0.001,5.0,0.00231,23.1,0.94
622,8,28.41,20.38,-0.135,10.5,0.00165,17.5,0.08
623,1,29.14,22.24,0.023,5.2,0.00142,23.2,0.49
623,2,29.14,22.83,0.073,6.7,0.00263,20.9,0.3
623,3,29.14,20.47,-0.144,11.3,0.00135,19.8,0.67
623,4,29.14,22.82,0.047,5.7,0.00243,17.8,0.63
623,5,29.14,21.78,-0.019,5.1,0.0018,19.9,0.83
623,6,29.14,22.73,0.09,7.5,0.00182,19.9,0.18
623,7,29.14,21.32,-0.059,6.1,0.00152,23.6,0.3
623,8,29.14,21.66,-0.025,5.2,0.00277,22.1,0.99
624,1,31.71,22.03,-0.007,5.0,0.00235,20.0,0.39
624,2,31.71,22.55,0.06,6.1,0.00164,21.4,0.47
624,3,31.71,20.39,-0.108,8.6,0.00194,16.4,0.87
624,4,31.71,21.79,-0.067,6.4,0.00175,18.4,0.79
624,5,31.71,23.01,0.119,9.4,0.00138,22.4,0.68
624,6,31.71,20.16,-0.193,16.0,0.00221,17.9,0.74
624,7,31.71,19.53,-0.235,20.8,0.00233,17.0,0.4
624,8,31.71,20.61,-0.12,9.4,0.00252,20.4,0.76
625,1,29.82,22.06,-0.028,5.2,0.00264,16.6,0.72
625,2,29.82,22.28,0.041,5.5,0.00197,19.9,0.14
625,3,29.82,21.92,-0.009,5.0,0.0014,23.6,0.89
625,4,29.82,20.78,-0.136,10.6,0.00156,18.6,0.96
625,5,29.82,21.76,-0.04,5.5,0.00166,19.6,0.95
625,6,29.82,20.92,-0.065,6.3,0.00277,23.0,0.53
625,7,29.82,24.1,0.267,25.0,0.00274,17.8,0.0
625,8,29.82,21.69,-0.015,5.1,0.00215,21.7,0.02
626,1,29.67,21.01,-0.08,7.0,0.00195,20.5,0.82
626,2,29.67,24.19,0.226,19.8,0.00134,20.4,0.37
626,3,29.67,19.21,-0.322,32.5,0.00185,24.0,0.95
626,4,29.67,21.4,-0.054,5.9,0.00144,21.2,0.34
626,5,29.67,20.7,-0.083,7.1,0.00199,17.9,0.65
626,6,29.67,22.3,0.057,6.0,0.00129,16.4,0.93
626,7,29.67,23.63,0.157,12.4,0.00252,23.4,0.21
626,8,29.67,22.5,0.065,6.3,0.00245,23.8,0.04
627,1,30.87,21.93,-0.003,5.0,0.00143,21.5,0.64
627,2,30.87,21.08,-0.07,6.5,0.00253,23.0,0.37
627,3,30.87,24.51,0.278,26.5,0.0017,23.5,0.5
627,4,30.87,18.96,-0.323,32.6,0.00272,21.4,0.08
627,5,30.87,22.11,0.01,5.0,0.00198,19.7,0.35
627,6,30.87,21.97,0.042,5.6,0.00222,21.5,0.03
627,7,30.87,21.58,-0.056,6.0,0.00209,17.6,0.17
627,8,30.87,21.71,-0.034,5.4,0.00214,20.7,0.94
628,1,31.05,20.2,-0.156,12.3,0.00267,16.3,0.92
628,2,31.05,21.6,-0.103,8.3,0.00161,18.4,0.25
628,3,31.05,19.72,-0.209,17.8,0.00272,19.3,0.57
628,4,31.05,22.23,0.003,5.0,0.00131,23.8,0.87
628,5,31.05,24.03,0.236,20.9,0.00263,22.4,0.66
628,6,31.05,21.9,0.005,5.0,0.00252,18.1,0.69
628,7,31.05,23.35,0.152,12.0,0.00138,20.4,0.51
628,8,31.05,22.9,0.055,5.9,0.00136,23.0,0.74
629,1,30.83,20.78,-0.089,7.5,0.00177,18.1,0.81
629,2,30.83,23.35,0.114,9.0,0.00246,20.7,0.14
629,3,30.83,22.11,0.02,5.1,0.00219,23.7,0.17
629,4,30.83,20.12,-0.14,10.9,0.00255,20.7,0.71
629,5,30.83,21.71,-0.059,6.1,0.00133,16.4,0.83
629,6,30.83,20.95,-0.097,7.9,0.00229,23.0,0.92
629,7,30.83,20.96,-0.09,7.5,0.00203,22.9,0.0
629,8,30.83,21.49,-0.044,5.6,0.00157,16.7,0.13
630,1,30.63,20.36,-0.118,9.2,0.00189,17.0,0.75
630,2,30.63,22.25,0.012,5.0,0.00137,17.1,0.91
630,3,30.63,20.64,-0.165,13.2,0.00244,20.8,0.31
630,4,30.63,24.66,0.251,22.8,0.00249,22.1,0.6
630,5,30.63,20.11,-0.146,11.5,0.00174,18.4,0.86
630,6,30.63,21.21,-0.086,7.3,0.00272,16.8,0.65
630,7,30.63,21.08,-0.084,7.2,0.00271,21.0,0.59
630,8,30.63,20.56,-0.104,8.3,0.00153,18.4,0.56
631,1,30.01,19.5,-0.246,22.2,0.00254,23.3,0.35
631,2,30.01,23.14,0.122,9.5,0.00231,19.6,0.22
631,3,30.01,22.02,0.034,5.4,0.00247,21.2,0.65
631,4,30.01,22.61,0.057,6.0,0.00174,17.6,0.33
631,5,30.01,20.33,-0.144,11.3,0.00155,17.7,0.56
631,6,30.01,22.42,0.075,6.7,0.00185,23.3,0.15
631,7,30.01,22.29,0.052,5.8,0.00247,21.5,0.19
631,8,30.01,20.92,-0.119,9.3,0.00225,20.4,0.19
632,1,30.66,21.72,-0.008,5.0,0.00277,19.4,0.99
632,2,30.66,22.04,0.044,5.6,0.00234,17.5,0.18
632,3,30.66,19.2,-0.314,31.5,0.00225,17.0,0.52
632,4,30.66,22.08,-0.002,5.0,0.00185,19.4,0.04
632,5,30.66,23.13,0.123,9.6,0.00151,23.1,0.7
632,6,30.66,21.31,-0.081,7.1,0.00227,19.9,0.09
632,7,30.66,21.08,-0.121,9.5,0.00128,23.1,0.26
632,8,30.66,21.94,-0.033,5.3,0.00274,21.0,0.49
633,1,29.76,21.2,-0.072,6.6,0.00146,22.2,0.99
633,2,29.76,22.7,0.055,5.9,0.00163,20.2,0.13
633,3,29.76,21.0,-0.061,6.2,0.00263,18.5,0.06
633,4,29.76,21.84,-0.016,5.1,0.00198,23.3,0.67
633,5,29.76,22.87,0.072,6.6,0.00189,17.7,0.39
633,6,29.76,21.34,-0.054,5.9,0.00191,20.8,0.09
633,7,29.76,22.31,0.031,5.3,0.00217,22.0,0.29
633,8,29.76,22.27,0.017,5.1,0.00195,21.5,0.03
634,1,29.74,20.21,-0.195,16.2,0.00253,19.1,0.29
634,2,29.74,20.63,-0.188,15.5,0.00133,16.9,0.6
634,3,29.74,21.43,-0.059,6.1,0.00191,16.4,0.34
634,4,29.74,19.51,-0.243,21.8,0.00181,22.2,0.2
634,5,29.74,20.4,-0.218,18.8,0.00274,19.7,0.48
634,6,29.74,19.56,-0.298,29.1,0.00223,22.6,0.79
634,7,29.74,22.05,0.041,5.5,0.00246,20.3,0.43
634,8,29.74,22.35,0.0,5.0,0.00153,21.2,0.92
635,1,28.15,20.3,-0.198,16.6,0.00268,22.0,0.56
635,2,28.15,23.53,0.154,12.2,0.00236,19.2,0.76
635,3,28.15,20.09,-0.168,13.5,0.0023,21.3,0.15
635,4,28.15,20.63,-0.111,8.8,0.00245,18.9,0.15
635,5,28.15,23.08,0.114,9.0,0.00226,24.0,0.82
635,6,28.15,21.61,-0.067,6.4,0.00221,23.2,0.09
635,7,28.15,20.94,-0.056,6.0,0.0024,19.7,0.83
635,8,28.15,19.79,-0.184,15.1,0.00187,19.6,0.38
636,1,28.42,21.67,-0.004,5.0,0.00131,18.9,0.27
636,2,28.42,21.63,-0.067,6.4,0.00194,19.5,0.14
636,3,28.42,23.63,0.145,11.4,0.00242,19.2,0.63
636,4,28.42,19.8,-0.189,15.5,0.00133,17.5,0.3
636,5,28.42,23.35,0.123,9.6,0.00204,23.4,0.03
636,6,28.42,21.72,-0.005,5.0,0.00267,18.0,0.61
636,7,28.42,20.5,-0.194,16.1,0.00141,20.8,0.1
636,8,28.42,21.91,0.013,5.1,0.00169,17.6,0.15
637,1,28.44,20.73,-0.137,10.7,0.00127,19.4,0.61
637,2,28.44,22.08,0.053,5.9,0.00229,23.7,0.32
637,3,28.44,20.86,-0.095,7.8,0.00143,17.2,0.91
637,4,28.44,21.78,0.046,5.7,0.00275,17.6,0.13
637,5,28.44,21.48,-0.004,5.0,0.00209,20.0,0.76
637,6,28.44,21.22,-0.084,7.2,0.00278,19.5,0.73
637,7,28.44,21.67,0.023,5.2,0.00204,20.9,0.68
637,8,28.44,20.32,-0.213,18.2,0.00174,22.6,0.65
638,1,28.41,23.51,0.155,12.2,0.00245,17.3,0.14
638,2,28.41,22.88,0.112,8.9,0.0017,18.6,0.54
638,3,28.41,22.44,0.038,5.4,0.00212,23.4,0.03
638,4,28.41,21.79,-0.015,5.1,0.00226,16.6,0.53
638,5,28.41,22.11,0.006,5.0,0.00217,23.3,0.63
638,6,28.41,20.48,-0.124,9.7,0.00265,18.6,0.09
638,7,28.41,21.27,-0.078,6.9,0.00171,16.0,0.78
638,8,28.41,21.46,-0.042,5.5,0.00181,23.0,0.92
639,1,26.51,22.29,0.032,5.3,0.00158,19.7,0.01
639,2,26.51,22.18,-0.024,5.2,0.00169,19.3,0.13
639,3,26.51,19.94,-0.175,14.1,0.0019,22.6,0.74
639,4,26.51,21.92,0.008,5.0,0.00142,23.2,0.49
639,5,26.51,20.43,-0.064,6.3,0.00178,19.9,0.13
639,6,26.51,21.03,-0.106,8.4,0.00269,16.3,0.96
639,7,26.51,22.79,0.087,7.4,0.0026,23.1,0.12
639,8,26.51,21.97,0.0,5.0,0.0027,23.0,0.89
640,1,28.31,21.1,-0.048,5.7,0.00164,16.7,0.58
640,2,28.31,18.67,-0.39,42.4,0.00179,20.4,0.48
640,3,28.31,20.09,-0.196,16.4,0.00164,18.6,0.49
640,4,28.31,20.5,-0.129,10.1,0.00182,20.2,0.9
640,5,28.31,21.93,-0.056,6.0,0.002,23.4,0.72
640,6,28.31,22.59,0.03,5.3,0.00269,23.4,0.22
640,7,28.31,19.26,-0.213,18.2,0.00154,16.6,0.22
640,8,28.31,22.56,-0.006,5.0,0.0016,16.0,0.67
641,1,27.02,21.96,-0.016,5.1,0.00226,22.0,0.73
641,2,27.02,20.41,-0.161,12.8,0.00188,23.5,0.9
641,3,27.02,21.62,-0.103,8.3,0.00232,17.8,0.7
641,4,27.02,22.04,0.018,5.1,0.00246,22.6,0.12
641,5,27.02,22.06,0.051,5.8,0.00249,18.4,0.24
641,6,27.02,20.8,-0.132,10.3,0.00182,20.4,0.65
641,7,27.02,21.53,-0.047,5.7,0.00179,18.4,0.59
641,8,27.02,20.08,-0.164,13.1,0.00235,17.5,0.66
642,1,26.16,22.49,0.085,7.2,0.0025,20.9,0.98
642,2,26.16,22.37,0.023,5.2,0.00188,23.1,0.6
642,3,26.16,23.0,0.09,7.5,0.00243,17.4,0.58
642,4,26.16,21.68,-0.032,5.3,0.00132,20.7,0.44
642,5,26.16,22.31,-0.011,5.0,0.0021,23.5,0.14
642,6,26.16,22.46,0.057,6.0,0.00175,19.2,0.77
642,7,26.16,21.37,-0.091,7.6,0.0014,23.8,0.16
642,8,26.16,21.34,-0.067,6.4,0.00129,18.7,0.18
643,1,26.98,20.65,-0.126,9.8,0.00276,19.8,0.8
643,2,26.98,23.46,0.146,11.4,0.00269,18.3,0.44
643,3,26.98,21.58,-0.063,6.2,0.00174,17.1,0.69
643,4,26.98,22.33,0.045,5.6,0.00254,20.5,0.24
643,5,26.98,21.63,-0.036,5.4,0.00269,17.1,0.29
643,6,26.98,22.52,0.086,7.3,0.00222,22.7,0.89
643,7,26.98,19.52,-0.25,22.7,0.00256,16.7,0.36
643,8,26.98,20.35,-0.157,12.4,0.00246,16.1,0.72
644,1,27.37,21.42,-0.061,6.2,0.00228,22.4,0.01
644,2,27.37,22.18,0.032,5.3,0.0016,19.5,0.26
644,3,27.37,21.38,-0.097,7.9,0.00185,22.6,0.34
644,4,27.37,21.41,-0.054,5.9,0.00176,16.3,0.81
644,5,27.37,20.78,-0.148,11.7,0.00226,17.5,0.78
644,6,27.37,23.09,0.083,7.1,0.00202,21.4,0.33
644,7,27.37,21.96,0.009,5.0,0.00132,20.5,0.73
644,8,27.37,21.17,-0.058,6.1,0.00201,18.1,0.31
645,1,27.25,21.28,-0.049,5.7,0.0022,22.6,0.52
645,2,27.25,19.0,-0.259,23.9,0.00225,17.6,0.31
645,3,27.25,23.07,0.093,7.7,0.00255,22.6,0.71
645,4,27.25,20.51,-0.148,11.6,0.00224,18.6,0.67
645,5,27.25,22.79,0.087,7.4,0.00157,19.0,0.55
645,6,27.25,23.46,0.123,9.6,0.00157,22.4,0.6
645,7,27.25,19.58,-0.273,25.7,0.00151,17.8,0.18
645,8,27.25,20.62,-0.134,10.5,0.00218,18.1,0.12
646,1,27.74,21.32,-0.07,6.5,0.00218,22.0,0.86
646,2,27.74,21.51,-0.067,6.4,0.00178,21.6,0.7
646,3,27.74,22.53,0.039,5.5,0.00143,21.2,0.15
646,4,27.74,21.1,-0.156,12.3,0.00276,21.6,0.59
646,5,27.74,22.67,0.066,6.4,0.00211,20.2,0.68
646,6,27.74,22.19,-0.012,5.0,0.00232,21.8,0.18
646,7,27.74,24.37,0.248,22.5,0.00154,18.6,0.8
646,8,27.74,22.5,0.028,5.2,0.0022,18.7,0.08
647,1,28.39,21.25,-0.121,9.5,0.00254,20.8,0.36
647,2,28.39,21.96,0.022,5.1,0.00276,19.3,0.68
647,3,28.39,20.96,-0.164,13.0,0.00144,20.2,0.57
647,4,28.39,23.77,0.18,14.6,0.00274,18.4,0.96
647,5,28.39,23.85,0.134,10.5,0.0022,23.1,0.36
647,6,28.39,21.06,-0.032,5.3,0.00242,20.2,0.52
647,7,28.39,19.8,-0.248,22.5,0.00132,18.9,0.54
647,8,28.39,21.54,-0.069,6.5,0.00159,23.9,0.49
648,1,28.62,22.49,0.021,5.1,0.00199,22.5,0.72
648,2,28.62,23.51,0.14,10.9,0.00214,16.1,0.79
648,3,28.62,20.33,-0.11,8.7,0.00154,16.8,0.55
648,4,28.62,19.2,-0.267,25.0,0.00189,21.4,0.78
648,5,28.62,21.03,-0.058,6.0,0.00252,22.9,0.95
648,6,28.62,23.44,0.162,12.9,0.00169,19.4,0.15
648,7,28.62,21.32,-0.054,5.9,0.00168,16.4,0.24
648,8,28.62,20.63,-0.081,7.0,0.00223,19.5,0.01
649,1,30.1,24.19,0.234,20.6,0.00248,22.8,0.65
649,2,30.1,21.17,-0.121,9.5,0.00177,17.9,0.17
649,3,30.1,22.2,0.007,5.0,0.00132,17.7,0.83
649,4,30.1,20.75,-0.113,8.9,0.00267,20.2,0.54
649,5,30.1,22.43,0.026,5.2,0.00163,23.3,0.07
649,6,30.1,21.61,-0.081,7.1,0.00226,22.2,0.06
649,7,30.1,20.8,-0.116,9.1,0.00151,19.8,0.84
649,8,30.1,19.8,-0.252,23.0,0.00143,18.0,0.4
650,1,30.4,22.66,0.059,6.1,0.00221,19.7,0.08
650,2,30.4,21.22,-0.061,6.2,0.00154,18.8,0.93
650,3,30.4,20.96,-0.119,9.3,0.00239,21.1,0.72
650,4,30.4,19.52,-0.187,15.3,0.00191,23.8,0.51
650,5,30.4,20.83,-0.137,10.7,0.0023,22.0,0.43
650,6,30.4,21.8,-0.031,5.3,0.00271,22.4,0.75
650,7,30.4,20.38,-0.193,16.0,0.0022,20.1,0.54
650,8,30.4,18.49,-0.354,37.1,0.00237,21.2,0.42
651,1,31.57,20.93,-0.097,7.9,0.00149,17.9,0.61
651,2,31.57,21.94,-0.03,5.3,0.00161,17.2,0.54
651,3,31.57,19.91,-0.229,20.1,0.00173,19.2,0.85
651,4,31.57,19.6,-0.213,18.3,0.00139,21.6,0.88
651,5,31.57,22.25,0.025,5.2,0.00164,22.1,0.92
651,6,31.57,22.7,0.093,7.7,0.00164,21.2,0.71
651,7,31.57,19.06,-0.31,30.8,0.00265,23.4,0.88
651,8,31.57,21.68,-0.012,5.0,0.00129,17.9,0.21
652,1,31.94,23.19,0.171,13.7,0.00174,20.4,0.85
652,2,31.94,24.27,0.233,20.6,0.00197,17.9,0.76
652,3,31.94,21.09,-0.091,7.6,0.0014,22.0,0.57
652,4,31.94,20.05,-0.228,20.0,0.00163,21.4,0.33
652,5,31.94,21.19,-0.087,7.4,0.00158,20.1,0.25
652,6,31.94,21.95,0.013,5.1,0.00219,20.2,0.28
652,7,31.94,24.22,0.216,18.6,0.0013,18.3,0.68
652,8,31.94,20.42,-0.138,10.8,0.00134,21.6,0.45
653,1,32.91,20.73,-0.129,10.1,0.00143,19.0,0.73
653,2,32.91,19.73,-0.218,18.8,0.00136,16.5,0.05
653,3,32.91,24.08,0.181,14.7,0.00194,17.8,0.55
653,4,32.91,22.74,0.128,10.0,0.00133,18.9,0.76
653,5,32.91,21.13,-0.044,5.6,0.00238,20.8,0.91
653,6,32.91,22.04,-0.045,5.6,0.00225,18.9,0.14
653,7,32.91,24.25,0.213,18.3,0.00265,19.3,0.47
653,8,32.91,20.5,-0.176,14.3,0.00159,16.9,0.5
654,1,29.98,21.96,0.019,5.1,0.00134,22.1,0.35
654,2,29.98,20.41,-0.139,10.9,0.00145,21.4,0.8
654,3,29.98,20.84,-0.131,10.2,0.00175,22.5,0.57
654,4,29.98,19.04,-0.346,36.0,0.00144,18.4,0.91
654,5,29.98,19.71,-0.187,15.3,0.00135,20.2,0.51
654,6,29.98,22.66,0.118,9.3,0.00237,17.1,0.8
654,7,29.98,24.6,0.3,29.3,0.00261,21.8,0.56
654,8,29.98,20.46,-0.151,11.9,0.00212,17.7,0.06
655,1,30.55,22.06,0.014,5.1,0.00199,21.6,0.27
655,2,30.55,23.18,0.089,7.5,0.00162,22.2,0.48
655,3,30.55,21.36,-0.067,6.4,0.00195,18.8,0.83
655,4,30.55,22.09,0.012,5.0,0.00139,21.6,0.37
655,5,30.55,21.81,0.01,5.0,0.00272,17.4,0.23
655,6,30.55,18.81,-0.363,38.5,0.00219,16.3,0.22
655,7,30.55,20.17,-0.181,14.8,0.00193,21.7,0.89
655,8,30.55,23.86,0.206,17.4,0.00144,18.1,0.02
656,1,29.66,21.75,-0.061,6.2,0.00273,18.0,0.7
656,2,29.66,23.32,0.153,12.0,0.00132,23.3,0.7
656,3,29.66,20.59,-0.102,8.2,0.00257,17.0,0.34
656,4,29.66,21.95,-0.065,6.3,0.00277,22.4,0.49
656,5,29.66,22.92,0.146,11.4,0.00221,19.0,1.0
656,6,29.66,22.36,0.026,5.2,0.00128,20.7,0.68
656,7,29.66,23.85,0.218,18.8,0.00234,16.9,0.29
656,8,29.66,21.2,-0.061,6.1,0.00258,17.8,0.82
657,1,30.34,20.61,-0.158,12.5,0.0026,16.2,0.22
657,2,30.34,22.31,0.014,5.1,0.00143,18.5,0.65
657,3,30.34,22.74,0.072,6.6,0.0019,19.8,0.26
657,4,30.34,23.6,0.169,13.5,0.00143,18.4,0.4
657,5,30.34,22.72,0.07,6.5,0.00229,23.4,0.51
657,6,30.34,21.44,-0.042,5.5,0.00259,20.2,0.43
657,7,30.34,19.61,-0.191,15.8,0.00274,23.7,0.92
657,8,30.34,21.03,-0.045,5.6,0.00158,20.4,0.09
658,1,27.87,19.92,-0.173,13.9,0.00207,16.8,0.15
658,2,27.87,20.32,-0.147,11.5,0.00275,17.1,0.07
658,3,27.87,21.4,-0.073,6.6,0.00141,23.8,0.41
658,4,27.87,22.65,0.024,5.2,0.0027,17.4,0.02
658,5,27.87,21.06,-0.136,10.6,0.0018,17.2,0.24
658,6,27.87,22.38,0.045,5.6,0.00253,16.3,0.21
658,7,27.87,21.26,-0.131,10.3,0.00238,20.8,0.2
658,8,27.87,21.92,-0.014,5.1,0.00151,21.2,0.01
659,1,28.76,20.35,-0.149,11.7,0.00273,19.3,0.94
659,2,28.76,21.67,-0.07,6.5,0.00142,18.3,0.51
659,3,28.76,20.06,-0.198,16.5,0.00139,19.4,0.84
659,4,28.76,21.94,0.052,5.8,0.00141,17.5,0.64
659,5,28.76,21.9,-0.002,5.0,0.00181,22.0,0.21
659,6,28.76,19.89,-0.186,15.2,0.00195,18.5,0.09
659,7,28.76,20.2,-0.132,10.3,0.0023,18.8,0.99
659,8,28.76,22.37,0.073,6.6,0.0013,22.5,0.05
660,1,29.39,21.52,-0.016,5.1,0.00244,20.7,0.61
660,2,29.39,22.5,0.011,5.0,0.00166,17.0,0.83
660,3,29.39,22.27,-0.016,5.1,0.00242,16.5,0.42
660,4,29.39,22.35,-0.018,5.1,0.00265,17.1,0.82
660,5,29.39,22.58,0.078,6.9,0.00158,19.9,0.01
660,6,29.39,21.95,0.001,5.0,0.00233,16.5,0.33
660,7,29.39,24.59,0.265,24.6,0.00171,22.6,0.93
660,8,29.39,23.84,0.218,18.8,0.00146,18.0,0.67
661,1,29.46,21.3,-0.028,5.3,0.00136,23.2,0.19
661,2,29.46,19.28,-0.274,25.9,0.00134,16.7,0.81
661,3,29.46,21.71,-0.028,5.3,0.00128,22.8,0.49
661,4,29.46,21.45,-0.027,5.2,0.00205,23.3,0.17
661,5,29.46,21.18,-0.057,6.0,0.0025,17.7,0.89
661,6,29.46,19.88,-0.19,15.7,0.00273,20.2,0.5
661,7,29.46,22.42,0.002,5.0,0.00265,17.9,0.26
661,8,29.46,21.33,-0.042,5.6,0.00202,18.8,0.51
662,1,27.92,21.41,-0.015,5.1,0.00155,21.6,0.89
662,2,27.92,21.85,0.009,5.0,0.00154,17.8,0.91
662,3,27.92,21.59,-0.095,7.8,0.00267,18.7,0.51
662,4,27.92,21.89,0.005,5.0,0.00192,19.9,0.01
662,5,27.92,20.99,-0.109,8.7,0.00234,16.5,0.0
662,6,27.92,21.86,-0.016,5.1,0.00205,17.5,0.19
662,7,27.92,22.38,-0.016,5.1,0.00136,20.6,0.61
662,8,27.92,21.13,-0.084,7.2,0.00181,23.5,0.03
663,1,27.49,23.97,0.132,10.3,0.00276,17.9,0.56
663,2,27.49,19.58,-0.279,26.5,0.00263,22.7,0.84
663,3,27.49,21.68,0.004,5.0,0.00173,22.2,0.49
663,4,27.49,21.31,-0.039,5.5,0.00143,21.1,0.0
663,5,27.49,21.89,0.019,5.1,0.00168,22.8,0.58
663,6,27.49,23.09,0.093,7.7,0.00194,23.9,0.85
663,7,27.49,22.32,0.007,5.0,0.00176,17.2,0.11
663,8,27.49,21.05,-0.127,9.9,0.00236,20.1,0.01
664,1,28.94,21.61,-0.026,5.2,0.00209,21.1,0.2
664,2,28.94,22.19,0.013,5.1,0.00149,20.5,0.85
664,3,28.94,20.88,-0.129,10.1,0.00207,20.6,0.79
664,4,28.94,23.37,0.126,9.8,0.00218,22.4,0.35
664,5,28.94,22.99,0.126,9.9,0.00235,18.3,0.07
664,6,28.94,19.54,-0.275,26.0,0.00239,22.1,0.83
664,7,28.94,22.05,-0.002,5.0,0.0026,21.6,0.6
664,8,28.94,21.01,-0.106,8.4,0.00232,18.4,0.2
665,1,28.33,21.59,-0.03,5.3,0.00203,17.0,0.98
665,2,28.33,20.78,-0.145,11.3,0.00229,18.2,0.63
665,3,28.33,19.69,-0.225,19.6,0.00147,20.1,0.5
665,4,28.33,21.16,-0.054,5.9,0.00217,22.1,0.33
665,5,28.33,22.22,-0.015,5.1,0.00239,19.6,0.29
665,6,28.33,22.25,0.028,5.2,0.00252,23.2,0.16
665,7,28.33,23.74,0.171,13.8,0.00276,16.8,0.0
665,8,28.33,22.44,0.012,5.0,0.00263,21.2,0.03
666,1,26.17,22.83,0.104,8.3,0.00248,18.6,0.6
666,2,26.17,23.04,0.129,10.1,0.00226,18.5,0.58
666,3,26.17,22.52,0.012,5.0,0.00252,17.2,0.82
666,4,26.17,22.71,0.106,8.4,0.00146,17.9,0.21
666,5,26.17,21.41,-0.044,5.6,0.00277,19.0,0.23
666,6,26.17,23.04,0.073,6.7,0.00172,19.1,0.85
666,7,26.17,20.43,-0.147,11.6,0.00186,22.6,0.31
666,8,26.17,22.81,0.028,5.3,0.00219,23.0,0.2
667,1,28.6,21.4,-0.031,5.3,0.00176,20.4,0.43
667,2,28.6,21.3,-0.126,9.8,0.00155,23.9,0.32
667,3,28.6,20.72,-0.125,9.8,0.00146,22.5,0.7
667,4,28.6,22.82,0.058,6.0,0.00133,16.1,0.4
667,5,28.6,22.8,0.11,8.7,0.00187,22.0,0.69
667,6,28.6,20.7,-0.143,11.2,0.00181,21.3,0.04
667,7,28.6,22.1,-0.031,5.3,0.00268,23.6,0.71
667,8,28.6,21.73,-0.038,5.4,0.00146,23.4,0.46
668,1,26.35,21.2,-0.118,9.3,0.00263,20.3,0.42
668,2,26.35,21.39,-0.065,6.3,0.00154,16.6,0.62
668,3,26.35,19.08,-0.333,34.0,0.00161,22.4,0.51
668,4,26.35,21.76,0.045,5.6,0.00227,22.3,0.97
668,5,26.35,22.81,0.092,7.6,0.00139,18.4,0.59
668,6,26.35,22.69,0.064,6.3,0.00134,23.1,0.18
668,7,26.35,19.87,-0.247,22.4,0.00247,20.7,0.52
668,8,26.35,23.33,0.154,12.2,0.00188,21.5,0.94
669,1,27.73,21.4,-0.072,6.6,0.0017,18.5,0.44
669,2,27.73,20.35,-0.173,14.0,0.00142,22.6,0.86
669,3,27.73,23.11,0.138,10.8,0.00169,20.7,0.58
669,4,27.73,21.63,-0.058,6.1,0.00235,21.4,0.84
669,5,27.73,22.95,0.078,6.9,0.00253,19.2,0.82
669,6,27.73,21.75,-0.013,5.1,0.002,19.6,0.66
669,7,27.73,19.82,-0.285,27.3,0.00221,20.1,0.45
669,8,27.73,22.69,0.061,6.2,0.0026,19.0,0.47
670,1,29.21,23.67,0.177,14.3,0.00222,19.8,0.87
670,2,29.21,22.26,0.061,6.1,0.00148,18.5,0.68
670,3,29.21,22.24,0.033,5.3,0.00147,18.7,0.94
670,4,29.21,22.66,0.039,5.5,0.00265,17.2,0.39
670,5,29.21,22.42,0.038,5.4,0.00222,18.2,0.02
670,6,29.21,22.31,0.067,6.4,0.00136,17.5,0.69
670,7,29.21,22.3,0.018,5.1,0.00265,22.8,0.86
670,8,29.21,20.88,-0.103,8.3,0.00223,18.9,0.94
671,1,28.29,21.48,-0.043,5.6,0.00185,21.1,0.69
671,2,28.29,22.21,0.052,5.9,0.0026,19.3,0.07
671,3,28.29,22.57,0.062,6.2,0.00183,18.6,0.59
671,4,28.29,21.72,0.013,5.1,0.00199,22.5,0.69
671,5,28.29,20.92,-0.137,10.7,0.00165,19.1,0.76
671,6,28.29,20.57,-0.137,10.7,0.0019,22.0,0.13
671,7,28.29,20.69,-0.144,11.3,0.00258,18.9,0.69
671,8,28.29,21.07,-0.117,9.2,0.00176,18.8,0.23
672,1,28.78,20.46,-0.203,17.1,0.00215,21.8,0.37
672,2,28.78,21.88,-0.061,6.2,0.00208,20.0,0.66
672,3,28.78,22.75,0.119,9.3,0.00135,20.1,0.04
672,4,28.78,19.66,-0.256,23.5,0.00194,17.9,0.75
672,5,28.78,20.77,-0.111,8.8,0.00199,19.8,0.82
672,6,28.78,21.52,-0.045,5.6,0.00176,16.2,0.77
672,7,28.78,21.59,-0.058,6.0,0.00212,16.3,0.32
672,8,28.78,22.24,0.001,5.0,0.00202,19.7,0.62
673,1,28.29,20.84,-0.12,9.4,0.00192,23.1,0.7
673,2,28.29,22.86,0.105,8.4,0.00176,17.2,0.83
673,3,28.29,20.23,-0.205,17.4,0.00256,16.6,0.83
673,4,28.29,20.7,-0.144,11.3,0.00264,16.7,0.88
673,5,28.29,22.3,0.065,6.3,0.00202,17.7,0.88
673,6,28.29,22.39,0.026,5.2,0.00136,20.6,0.87
673,7,28.29,22.5,0.067,6.4,0.00152,21.5,0.24
673,8,28.29,21.66,0.01,5.0,0.00261,18.5,0.46
674,1,29.81,22.18,0.049,5.7,0.00156,20.6,0.72
674,2,29.81,21.92,-0.022,5.2,0.00209,18.8,0.27
674,3,29.81,22.99,0.087,7.3,0.00175,16.8,0.37
674,4,29.81,22.35,0.027,5.2,0.00254,19.6,0.05
674,5,29.81,19.32,-0.238,21.2,0.00262,18.1,0.82
674,6,29.81,23.11,0.121,9.5,0.00218,21.3,0.18
674,7,29.81,19.54,-0.301,29.5,0.00155,16.4,0.0
674,8,29.81,22.04,-0.001,5.0,0.0016,16.5,0.38
675,1,31.05,22.9,0.097,7.9,0.00206,17.4,0.78
675,2,31.05,21.05,-0.104,8.3,0.00133,20.1,0.16
675,3,31.05,22.01,0.014,5.1,0.0022,19.0,0.92
675,4,31.05,19.42,-0.311,31.0,0.00135,18.0,0.97
675,5,31.05,21.57,-0.083,7.1,0.00159,16.1,0.08
675,6,31.05,21.47,-0.054,5.9,0.00201,23.2,0.21
675,7,31.05,19.84,-0.246,22.2,0.00175,24.0,0.5
675,8,31.05,20.81,-0.061,6.2,0.00171,16.6,0.1
676,1,30.29,20.95,-0.095,7.8,0.00177,20.9,0.7
676,2,30.29,18.5,-0.339,35.0,0.00233,22.7,0.09
676,3,30.29,21.59,-0.096,7.8,0.00206,18.3,0.46
676,4,30.29,21.57,-0.019,5.1,0.00213,22.5,0.04
676,5,30.29,24.38,0.203,17.1,0.00203,16.4,0.87
676,6,30.29,21.15,-0.014,5.1,0.00249,18.6,0.65
676,7,30.29,22.38,0.055,5.9,0.00168,23.5,0.43
676,8,30.29,23.6,0.103,8.3,0.00252,16.7,0.46
677,1,31.29,20.84,-0.152,12.0,0.0017,21.5,0.63
677,2,31.29,21.05,-0.062,6.2,0.00215,18.1,0.57
677,3,31.29,21.57,0.012,5.0,0.00218,21.2,0.85
677,4,31.29,20.63,-0.103,8.3,0.00268,16.5,0.62
677,5,31.29,23.01,0.061,6.1,0.00129,22.3,0.53
677,6,31.29,22.47,-0.003,5.0,0.00167,22.3,0.86
677,7,31.29,20.42,-0.209,17.8,0.00261,21.7,0.05
677,8,31.29,22.2,0.015,5.1,0.00166,17.8,0.83
678,1,31.92,21.87,-0.032,5.3,0.00197,16.7,0.59
678,2,31.92,20.12,-0.202,17.0,0.00171,16.7,0.54
678,3,31.92,21.6,-0.0,5.0,0.00138,17.7,0.67
678,4,31.92,19.9,-0.254,23.2,0.00162,21.0,0.0
678,5,31.92,23.57,0.169,13.6,0.0018,18.3,0.62
678,6,31.92,20.19,-0.135,10.5,0.00185,16.3,0.6
678,7,31.92,21.51,-0.042,5.6,0.00257,18.1,0.72
678,8,31.92,20.71,-0.17,13.7,0.00278,23.5,0.83
679,1,30.88,19.47,-0.279,26.6,0.00244,19.7,0.98
679,2,30.88,19.27,-0.288,27.8,0.00247,19.6,0.35
679,3,30.88,20.94,-0.156,12.4,0.00221,19.1,0.07
679,4,30.88,20.58,-0.193,16.0,0.00139,23.3,0.3
679,5,30.88,21.85,-0.054,5.9,0.00274,19.8,0.98
679,6,30.88,22.31,0.017,5.1,0.00238,20.7,0.64
679,7,30.88,20.95,-0.1,8.1,0.00214,19.7,0.67
679,8,30.88,21.5,-0.069,6.5,0.00259,23.2,0.73
680,1,30.22,18.59,-0.33,33.7,0.0023,21.5,0.79
680,2,30.22,21.1,-0.038,5.4,0.00133,21.2,0.52
680,3,30.22,21.78,-0.058,6.0,0.00231,16.2,0.1
680,4,30.22,21.56,-0.036,5.4,0.00138,23.4,0.9
680,5,30.22,21.35,-0.044,5.6,0.00194,21.7,0.32
680,6,30.22,22.48,0.04,5.5,0.0018,21.4,0.29
680,7,30.22,20.08,-0.176,14.2,0.00243,17.5,0.68
680,8,30.22,21.77,-0.006,5.0,0.00202,21.1,0.09
681,1,30.39,21.63,-0.092,7.6,0.00214,16.9,0.47
681,2,30.39,19.94,-0.213,18.2,0.00252,23.8,0.89
681,3,30.39,20.0,-0.195,16.3,0.00226,16.6,0.64
681,4,30.39,19.05,-0.297,28.9,0.00233,21.3,0.07
681,5,30.39,21.89,0.005,5.0,0.00172,17.6,0.64
681,6,30.39,23.16,0.132,10.3,0.00227,16.1,0.09
681,7,30.39,21.63,-0.098,8.0,0.00195,17.0,0.74
681,8,30.39,20.1,-0.211,17.9,0.00155,18.7,0.1
682,1,29.08,21.03,-0.094,7.7,0.00167,19.1,0.37
682,2,29.08,21.23,-0.021,5.1,0.00221,17.4,0.38
682,3,29.08,21.98,-0.03,5.3,0.00201,23.2,0.59
682,4,29.08,22.09,-0.024,5.2,0.00167,17.0,0.44
682,5,29.08,22.94,0.088,7.4,0.0018,20.8,0.72
682,6,29.08,20.69,-0.159,12.6,0.00128,18.4,0.08
682,7,29.08,20.77,-0.168,13.4,0.0019,19.2,0.17
682,8,29.08,21.92,-0.018,5.1,0.00278,19.5,0.79
683,1,30.76,19.19,-0.303,29.9,0.00146,22.7,0.69
683,2,30.76,22.6,0.067,6.4,0.00252,21.4,0.83
683,3,30.76,22.44,-0.005,5.0,0.00269,16.3,0.43
683,4,30.76,23.28,0.117,9.2,0.00135,23.3,0.64
683,5,30.76,22.92,0.066,6.4,0.00178,21.7,0.43
683,6,30.76,21.34,-0.059,6.1,0.00263,23.8,0.49
683,7,30.76,22.98,0.136,10.6,0.00228,20.5,0.43
683,8,30.76,21.92,-0.007,5.0,0.00237,24.0,0.78
684,1,27.58,20.95,-0.061,6.1,0.00268,19.6,0.08
684,2,27.58,20.9,-0.134,10.4,0.00197,17.2,0.11
684,3,27.58,20.98,-0.142,11.1,0.00241,22.0,0.36
684,4,27.58,21.68,0.072,6.6,0.00169,18.2,0.09
684,5,27.58,19.93,-0.2,16.8,0.00195,20.1,0.33
684,6,27.58,20.9,-0.178,14.5,0.00241,19.8,0.11
684,7,27.58,19.52,-0.273,25.8,0.0019,23.6,0.42
684,8,27.58,21.22,-0.136,10.6,0.00202,23.8,0.98
685,1,27.34,22.44,0.018,5.1,0.00146,22.4,0.77
685,2,27.34,21.76,-0.007,5.0,0.00217,22.1,0.23
685,3,27.34,21.68,-0.037,5.4,0.00193,23.8,0.01
685,4,27.34,22.24,0.018,5.1,0.00258,21.6,0.18
685,5,27.34,24.19,0.23,20.2,0.00272,17.5,0.96
685,6,27.34,23.43,0.095,7.8,0.00191,20.0,0.52
685,7,27.34,22.05,-0.028,5.3,0.00209,17.5,0.55
685,8,27.34,20.76,-0.144,11.3,0.0013,18.1,0.76
686,1,30.64,22.97,0.044,5.6,0.00271,20.4,0.71
686,2,30.64,22.06,-0.016,5.1,0.00159,21.4,0.65
686,3,30.64,21.45,-0.092,7.6,0.00247,16.9,0.86
686,4,30.64,21.81,-0.005,5.0,0.00231,16.8,0.45
686,5,30.64,22.02,-0.033,5.3,0.00227,17.7,0.97
686,6,30.64,22.05,0.017,5.1,0.00226,19.0,0.82
686,7,30.64,20.99,-0.144,11.2,0.00189,18.0,0.32
686,8,30.64,20.4,-0.126,9.9,0.00178,23.8,0.06
687,1,28.53,20.51,-0.119,9.3,0.00222,16.2,0.63
687,2,28.53,21.6,-0.035,5.4,0.00266,16.2,0.68
687,3,28.53,20.76,-0.131,10.2,0.00271,20.9,0.93
687,4,28.53,21.49,-0.035,5.4,0.00258,20.6,0.27
687,5,28.53,22.57,0.105,8.4,0.00206,18.8,0.55
687,6,28.53,18.91,-0.285,27.4,0.00142,24.0,0.19
687,7,28.53,22.89,0.072,6.6,0.00204,20.7,0.93
687,8,28.53,19.92,-0.252,23.0,0.00232,22.9,0.76
688,1,27.01,22.32,0.016,5.1,0.00152,16.6,0.96
688,2,27.01,22.23,0.001,5.0,0.00231,16.6,0.73
688,3,27.01,23.42,0.16,12.7,0.00238,18.2,0.07
688,4,27.01,23.01,0.133,10.4,0.00157,18.9,0.16
688,5,27.01,24.69,0.279,26.5,0.00171,18.5,0.26
688,6,27.01,22.27,-0.016,5.1,0.00142,21.7,0.39
688,7,27.01,21.93,0.023,5.2,0.00136,16.9,0.82
688,8,27.01,21.63,-0.045,5.6,0.00232,23.9,0.22
689,1,27.94,20.98,-0.111,8.8,0.00142,20.5,0.56
689,2,27.94,20.93,-0.098,8.0,0.00197,20.8,0.2
689,3,27.94,20.19,-0.228,19.9,0.00201,22.2,0.97
689,4,27.94,24.93,0.265,24.7,0.00229,23.7,0.32
689,5,27.94,21.86,-0.049,5.7,0.00219,21.7,0.97
689,6,27.94,22.06,0.034,5.4,0.00212,19.5,0.2
689,7,27.94,21.67,-0.078,6.9,0.00189,20.7,0.25
689,8,27.94,21.16,-0.087,7.3,0.00136,18.0,0.76
690,1,26.76,23.22,0.128,10.0,0.00271,18.8,0.48
690,2,26.76,19.55,-0.215,18.5,0.00268,21.1,0.51
690,3,26.76,20.38,-0.151,11.9,0.00261,16.6,0.58
690,4,26.76,19.92,-0.236,21.0,0.00171,16.2,0.25
690,5,26.76,22.27,-0.002,5.0,0.00267,23.1,0.4
690,6,26.76,21.09,-0.049,5.7,0.00178,21.6,0.31
690,7,26.76,21.54,-0.055,5.9,0.00227,22.7,0.94
690,8,26.76,21.86,0.012,5.0,0.00216,22.7,0.04
691,1,25.77,20.06,-0.208,17.6,0.002,20.6,0.14
691,2,25.77,22.64,0.056,6.0,0.00152,17.3,0.99
691,3,25.77,23.01,0.096,7.8,0.00143,20.1,0.75
691,4,25.77,21.67,-0.056,6.0,0.00174,22.1,0.37
691,5,25.77,21.49,-0.009,5.0,0.00248,22.5,0.33
691,6,25.77,19.97,-0.197,16.5,0.00248,19.6,0.62
691,7,25.77,20.81,-0.146,11.4,0.00179,23.3,0.18
691,8,25.77,19.32,-0.265,24.6,0.00153,17.6,0.48
692,1,26.85,21.93,0.003,5.0,0.00223,19.3,0.97
692,2,26.85,21.34,0.004,5.0,0.00229,16.8,0.5
692,3,26.85,21.81,-0.067,6.4,0.00181,17.5,0.64
692,4,26.85,21.81,-0.085,7.2,0.00195,19.2,0.76
692,5,26.85,23.21,0.165,13.2,0.00161,16.0,0.79
692,6,26.85,22.21,0.045,5.6,0.00251,21.8,0.62
692,7,26.85,20.35,-0.142,11.1,0.00215,20.8,0.8
692,8,26.85,20.95,-0.139,10.9,0.00216,16.4,0.99
693,1,26.98,22.21,0.093,7.7,0.0023,17.3,0.13
693,2,26.98,21.03,-0.145,11.4,0.00127,18.4,0.71
693,3,26.98,22.99,0.098,8.0,0.00242,21.3,0.28
693,4,26.98,21.38,-0.051,5.8,0.00164,18.6,0.91
693,5,26.98,21.54,-0.078,6.9,0.00183,19.7,0.35
693,6,26.98,21.92,-0.031,5.3,0.00262,21.7,0.05
693,7,26.98,19.9,-0.203,17.1,0.00167,18.1,0.21
693,8,26.98,23.42,0.119,9.3,0.002,18.9,0.04
694,1,27.94,22.41,0.067,6.4,0.00158,21.8,0.5
694,2,27.94,20.15,-0.176,14.2,0.00216,18.7,0.17
694,3,27.94,21.32,-0.133,10.4,0.00219,22.7,0.69
694,4,27.94,22.1,-0.031,5.3,0.0026,20.5,0.38
694,5,27.94,22.49,0.01,5.0,0.00266,23.5,0.94
694,6,27.94,20.71,-0.093,7.7,0.00218,19.5,0.58
694,7,27.94,21.32,-0.063,6.2,0.00246,19.2,0.55
694,8,27.94,22.68,0.069,6.5,0.00264,19.4,0.28
695,1,28.11,22.72,0.064,6.3,0.0016,19.4,0.84
695,2,28.11,20.24,-0.167,13.4,0.00134,22.5,0.79
695,3,28.11,22.36,-0.006,5.0,0.00245,17.4,1.0
695,4,28.11,22.11,0.057,6.0,0.00239,16.6,0.52
695,5,28.11,20.74,-0.158,12.5,0.00165,23.3,0.46
695,6,28.11,21.79,-0.003,5.0,0.00175,20.5,0.14
695,7,28.11,20.38,-0.15,11.8,0.00267,17.6,0.75
695,8,28.11,21.42,-0.067,6.4,0.00155,17.7,0.84
696,1,27.87,20.81,-0.104,8.3,0.00147,22.6,0.66
696,2,27.87,20.24,-0.198,16.5,0.00273,20.6,0.09
696,3,27.87,21.89,-0.016,5.1,0.00184,23.2,0.2
696,4,27.87,22.02,0.035,5.4,0.00194,21.6,0.99
696,5,27.87,21.01,-0.107,8.5,0.00162,21.5,0.83
696,6,27.87,22.33,0.08,7.0,0.00237,20.0,0.56
696,7,27.87,20.66,-0.116,9.1,0.00141,20.8,0.58
696,8,27.87,23.16,0.101,8.2,0.00255,17.6,0.57
697,1,30.85,21.34,-0.062,6.2,0.00134,18.0,0.48
697,2,30.85,21.93,-0.019,5.1,0.00147,18.2,0.34
697,3,30.85,20.68,-0.108,8.6,0.00267,16.2,0.66
697,4,30.85,21.5,-0.084,7.2,0.00257,19.7,0.51
697,5,30.85,20.67,-0.141,11.0,0.00145,18.6,0.81
697,6,30.85,23.22,0.089,7.4,0.00169,21.3,0.34
697,7,30.85,23.09,0.091,7.5,0.00133,17.2,0.42
697,8,30.85,22.34,0.07,6.5,0.00188,20.8,0.41
698,1,29.06,21.49,-0.034,5.4,0.00185,16.5,0.86
698,2,29.06,22.33,0.058,6.1,0.00137,23.5,0.36
698,3,29.06,20.83,-0.132,10.3,0.00169,19.6,0.09
698,4,29.06,21.03,-0.084,7.2,0.00159,20.6,0.53
698,5,29.06,21.04,-0.185,15.2,0.00149,18.2,0.8
698,6,29.06,21.09,-0.053,5.9,0.00146,17.4,0.85
698,7,29.06,21.31,-0.104,8.3,0.00201,16.1,0.37
698,8,29.06,22.38,0.008,5.0,0.00139,16.9,0.1
699,1,30.78,22.32,0.049,5.7,0.00127,21.8,0.22
699,2,30.78,19.41,-0.275,25.9,0.00128,20.0,0.37
699,3,30.78,22.02,-0.003,5.0,0.00141,22.5,0.3
699,4,30.78,19.78,-0.21,17.8,0.00142,17.3,0.77
699,5,30.78,21.46,-0.049,5.7,0.00259,23.5,0.35
699,6,30.78,19.5,-0.245,22.1,0.00132,16.6,0.02
699,7,30.78,22.97,0.055,6.0,0.00231,21.3,0.55
699,8,30.78,21.53,-0.025,5.2,0.0013,21.4,0.73
700,1,31.1,22.33,0.037,5.4,0.00171,22.1,0.26
700,2,31.1,23.83,0.176,14.2,0.00196,21.6,0.51
700,3,31.1,21.75,0.03,5.3,0.00149,18.7,0.27
700,4,31.1,21.99,0.007,5.0,0.00221,22.2,0.33
700,5,31.1,22.61,0.062,6.2,0.00159,17.9,0.79
700,6,31.1,22.05,0.006,5.0,0.0025,19.9,0.7
700,7,31.1,22.23,0.036,5.4,0.00192,23.8,0.37
700,8,31.1,22.28,-0.004,5.0,0.00211,16.2,0.84
701,1,29.9,20.42,-0.182,14.8,0.00257,21.2,0.18
701,2,29.9,21.9,-0.01,5.0,0.00214,22.8,0.86
701,3,29.9,22.34,-0.019,5.1,0.00135,21.3,0.98
701,4,29.9,21.05,-0.079,6.9,0.00177,18.0,0.21
701,5,29.9,22.46,0.034,5.4,0.00213,17.0,0.39
701,6,29.9,18.23,-0.375,40.2,0.00141,21.7,0.9
701,7,29.9,23.33,0.127,9.9,0.00261,17.5,0.76
701,8,29.9,21.89,-0.009,5.0,0.002,19.8,0.04
702,1,30.32,22.49,-0.0,5.0,0.0025,20.3,0.07
702,2,30.32,22.55,0.072,6.6,0.00265,19.3,0.19
702,3,30.32,21.16,0.014,5.1,0.00166,17.8,0.34
702,4,30.32,20.91,-0.076,6.8,0.00149,16.6,0.79
702,5,30.32,20.94,-0.107,8.5,0.00276,19.3,0.24
702,6,30.32,23.65,0.147,11.5,0.00238,23.5,1.0
702,7,30.32,22.34,0.026,5.2,0.00246,17.1,0.12
702,8,30.32,20.09,-0.202,17.0,0.00156,20.3,0.09
703,1,29.3,21.88,0.014,5.1,0.0024,18.8,0.69
703,2,29.3,21.44,-0.08,7.0,0.00137,20.1,0.76
703,3,29.3,22.03,0.014,5.1,0.00257,19.4,0.8
703,4,29.3,20.08,-0.181,14.7,0.0019,23.6,0.75
703,5,29.3,21.8,-0.05,5.8,0.00264,21.1,0.83
703,6,29.3,21.33,-0.051,5.8,0.00273,17.5,0.38
703,7,29.3,22.08,-0.008,5.0,0.00232,18.7,0.18
703,8,29.3,23.75,0.153,12.0,0.00261,21.8,0.38
704,1,31.8,20.88,-0.109,8.7,0.00259,19.7,0.54
704,2,31.8,21.54,-0.031,5.3,0.0021,21.2,0.46
704,3,31.8,21.71,-0.025,5.2,0.00235,16.9,0.98
704,4,31.8,22.27,0.032,5.3,0.00223,16.7,0.67
704,5,31.8,19.91,-0.201,16.9,0.00214,20.2,0.22
704,6,31.8,20.89,-0.072,6.6,0.00162,17.4,0.98
704,7,31.8,21.6,-0.04,5.5,0.00216,17.1,0.17
704,8,31.8,19.45,-0.244,21.9,0.00229,18.1,0.01
705,1,30.25,20.87,-0.072,6.6,0.00159,24.0,0.1
705,2,30.25,23.23,0.148,11.6,0.00251,20.8,0.97
705,3,30.25,21.49,-0.051,5.8,0.00267,22.4,0.33
705,4,30.25,22.38,-0.036,5.4,0.00273,23.0,0.36
705,5,30.25,24.03,0.172,13.8,0.00244,16.5,0.48
705,6,30.25,20.86,-0.092,7.6,0.00203,23.3,0.91
705,7,30.25,21.03,-0.074,6.7,0.00214,18.8,0.13
705,8,30.25,22.52,0.085,7.3,0.0025,17.1,1.0
706,1,31.21,23.36,0.151,11.9,0.00132,23.8,0.33
706,2,31.21,22.56,0.017,5.1,0.00176,18.5,0.59
706,3,31.21,21.74,-0.048,5.7,0.00161,17.7,0.04
706,4,31.21,21.78,0.009,5.0,0.00219,16.3,0.12
706,5,31.21,24.11,0.194,16.1,0.00164,18.1,0.22
706,6,31.21,21.94,-0.015,5.1,0.00256,21.6,0.07
706,7,31.21,20.73,-0.092,7.6,0.00138,22.7,0.02
706,8,31.21,21.97,-0.003,5.0,0.00203,18.6,0.88
707,1,28.74,21.71,-0.017,5.1,0.00183,19.4,0.37
707,2,28.74,20.91,-0.114,9.0,0.00216,17.3,0.35
707,3,28.74,19.44,-0.282,27.0,0.00261,23.4,0.62
707,4,28.74,21.38,-0.017,5.1,0.00163,19.2,0.21
707,5,28.74,20.54,-0.198,16.5,0.00142,23.4,0.88
707,6,28.74,20.05,-0.167,13.4,0.00187,18.3,0.69
707,7,28.74,22.79,0.061,6.2,0.00247,23.2,0.27
707,8,28.74,22.3,0.043,5.6,0.00166,17.9,0.52
708,1,28.39,22.91,0.09,7.5,0.00209,16.7,0.84
708,2,28.39,22.16,0.038,5.4,0.00246,23.3,0.8
708,3,28.39,20.38,-0.206,17.5,0.00139,16.3,0.68
708,4,28.39,20.47,-0.152,11.9,0.00256,18.2,0.78
708,5,28.39,21.12,-0.112,8.8,0.00153,21.4,0.68
708,6,28.39,22.32,0.002,5.0,0.00265,16.4,0.39
708,7,28.39,21.75,-0.0,5.0,0.00172,16.2,0.5
708,8,28.39,21.19,-0.107,8.5,0.00242,18.7,0.66
709,1,28.36,24.23,0.181,14.7,0.0014,23.6,0.77
709,2,28.36,22.22,0.052,5.8,0.00241,17.7,0.27
709,3,28.36,22.48,0.034,5.4,0.00245,18.4,0.08
709,4,28.36,21.45,0.0,5.0,0.0021,19.3,0.97
709,5,28.36,22.35,0.064,6.3,0.00174,22.6,0.88
709,6,28.36,22.08,-0.003,5.0,0.00226,23.3,0.85
709,7,28.36,21.93,-0.009,5.0,0.00154,19.4,0.87
709,8,28.36,23.27,0.162,12.9,0.00157,17.0,0.71
710,1,29.5,23.29,0.135,10.5,0.00217,20.0,0.02
710,2,29.5,22.49,0.085,7.3,0.00142,20.5,0.01
710,3,29.5,22.02,0.0,5.0,0.00143,21.0,0.44
710,4,29.5,19.75,-0.253,23.0,0.00154,22.1,0.72
710,5,29.5,22.18,0.025,5.2,0.00196,21.4,0.26
710,6,29.5,21.05,-0.101,8.2,0.00151,17.0,0.05
710,7,29.5,22.1,-0.001,5.0,0.00184,21.7,0.94
710,8,29.5,22.28,-0.024,5.2,0.00152,22.3,0.55
711,1,29.52,21.81,0.005,5.0,0.00145,18.5,0.47
711,2,29.52,20.25,-0.166,13.3,0.00245,21.8,0.07
711,3,29.52,21.36,-0.051,5.8,0.00234,17.7,0.34
711,4,29.52,18.76,-0.349,36.4,0.00251,21.8,0.84
711,5,29.52,21.69,-0.02,5.1,0.0016,16.4,0.42
711,6,29.52,21.89,-0.001,5.0,0.00156,16.9,0.47
711,7,29.52,21.16,-0.105,8.4,0.00246,23.0,0.22
711,8,29.52,22.04,0.044,5.6,0.00193,23.0,0.68
712,1,26.51,20.95,-0.117,9.2,0.00187,17.9,0.08
712,2,26.51,17.86,-0.449,51.1,0.00171,21.9,0.64
712,3,26.51,20.35,-0.182,14.8,0.00132,22.0,0.71
712,4,26.51,21.09,-0.089,7.4,0.00261,18.1,0.99
712,5,26.51,22.72,0.062,6.2,0.00274,23.7,0.1
712,6,26.51,22.38,0.001,5.0,0.002,21.5,0.69
712,7,26.51,19.6,-0.223,19.4,0.00165,19.1,0.35
712,8,26.51,22.78,0.018,5.1,0.00133,16.9,0.6
713,1,28.55,22.12,-0.037,5.4,0.00254,21.4,0.77
713,2,28.55,22.42,0.066,6.4,0.00184,18.1,0.87
713,3,28.55,19.98,-0.211,18.0,0.00161,20.1,0.35
713,4,28.55,22.75,0.11,8.7,0.00254,17.1,0.73
713,5,28.55,21.06,-0.027,5.2,0.00197,23.8,0.94
713,6,28.55,21.64,-0.006,5.0,0.0023,17.0,0.43
713,7,28.55,21.1,-0.119,9.4,0.00261,16.3,0.62
713,8,28.55,22.32,-0.026,5.2,0.00255,16.7,0.78
714,1,27.56,20.05,-0.245,22.1,0.00152,21.5,0.24
714,2,27.56,21.26,-0.019,5.1,0.00199,22.6,0.33
714,3,27.56,22.03,0.024,5.2,0.00179,20.0,0.42
714,4,27.56,23.26,0.154,12.2,0.00178,16.1,0.38
714,5,27.56,21.4,-0.078,6.9,0.00178,22.2,0.16
714,6,27.56,22.61,0.066,6.4,0.00221,22.7,0.64
714,7,27.56,21.87,-0.017,5.1,0.00145,21.0,0.27
714,8,27.56,22.86,0.068,6.4,0.00164,16.3,0.46
715,1,28.48,22.36,0.081,7.0,0.00205,18.6,0.47
715,2,28.48,23.03,0.139,10.9,0.00163,20.3,0.84
715,3,28.48,22.36,-0.015,5.1,0.00255,20.5,0.61
715,4,28.48,22.78,0.116,9.1,0.00269,23.3,0.08
715,5,28.48,21.83,-0.018,5.1,0.00214,23.7,0.52
715,6,28.48,20.96,-0.018,5.1,0.00236,23.9,0.45
715,7,28.48,21.2,-0.027,5.2,0.00227,22.5,0.46
715,8,28.48,21.61,-0.063,6.2,0.00161,20.4,0.07
716,1,26.09,22.0,0.024,5.2,0.0019,19.4,0.48
716,2,26.09,23.38,0.143,11.2,0.00223,17.3,0.85
716,3,26.09,22.1,0.009,5.0,0.00134,22.3,0.83
716,4,26.09,22.62,0.053,5.9,0.00258,17.0,0.08
716,5,26.09,21.58,-0.06,6.1,0.00225,23.4,0.3
716,6,26.09,21.8,-0.009,5.0,0.002,22.5,0.62
716,7,26.09,21.24,-0.043,5.6,0.00166,17.6,0.48
716,8,26.09,20.01,-0.211,18.0,0.00213,21.1,0.45
717,1,26.98,21.02,-0.134,10.5,0.00153,23.7,0.08
717,2,26.98,20.82,-0.099,8.0,0.00215,22.0,0.53
717,3,26.98,19.19,-0.288,27.7,0.00264,21.9,0.23
717,4,26.98,20.5,-0.167,13.3,0.00184,20.8,0.66
717,5,26.98,22.36,0.007,5.0,0.00276,21.8,0.49
717,6,26.98,21.29,-0.089,7.5,0.00254,20.8,0.14
717,7,26.98,22.33,0.068,6.5,0.00203,17.8,0.91
717,8,26.98,20.47,-0.145,11.3,0.00235,17.8,0.78
718,1,27.16,22.04,-0.022,5.1,0.0017,16.1,0.44
718,2,27.16,22.05,0.026,5.2,0.00267,23.0,0.56
718,3,27.16,23.23,0.081,7.0,0.00244,18.1,0.63
718,4,27.16,22.73,0.073,6.7,0.00174,22.1,0.3
718,5,27.16,19.24,-0.257,23.6,0.00188,22.0,0.32
718,6,27.16,26.05,0.427,48.0,0.00229,18.6,0.21
718,7,27.16,22.19,0.067,6.4,0.00255,22.1,0.18
718,8,27.16,20.88,-0.113,8.9,0.00138,19.8,0.59
719,1,28.34,20.84,-0.122,9.6,0.0027,20.3,0.62
719,2,28.34,20.18,-0.14,11.0,0.00175,18.5,0.1
719,3,28.34,23.46,0.13,10.2,0.00214,19.9,0.23
719,4,28.34,19.56,-0.277,26.2,0.00175,20.1,0.56
719,5,28.34,22.7,0.082,7.1,0.00187,21.4,0.08
719,6,28.34,23.72,0.131,10.2,0.00223,18.3,0.28
719,7,28.34,20.19,-0.19,15.6,0.00182,20.7,0.28
719,8,28.34,20.65,-0.126,9.8,0.00232,20.6,0.45
